section_no	chapter_name	dict_code	dict_name	val_code	val_name	remark
3.1	人口学及社会经济学特征	CV02.01.101	身份证件类别代码	01	居民身份证	
3.1	人口学及社会经济学特征	CV02.01.101	身份证件类别代码	02	居民户口簿	
3.1	人口学及社会经济学特征	CV02.01.101	身份证件类别代码	03	护照	
3.1	人口学及社会经济学特征	CV02.01.101	身份证件类别代码	04	军官证（士兵证）	
3.1	人口学及社会经济学特征	CV02.01.101	身份证件类别代码	05	驾驶证	
3.1	人口学及社会经济学特征	CV02.01.101	身份证件类别代码	06	港澳居民来往内地通行证	
3.1	人口学及社会经济学特征	CV02.01.101	身份证件类别代码	07	台湾居民来往内地通行证	
3.1	人口学及社会经济学特征	CV02.01.101	身份证件类别代码	08	居民健康卡	根据需要新增
3.1	人口学及社会经济学特征	CV02.01.101	身份证件类别代码	99	其他法定有效证件	
3.2	人口学及社会经济学特征	CV02.01.104	患者归属地代码	1	本县区	
3.2	人口学及社会经济学特征	CV02.01.104	患者归属地代码	2	本市其他县区	
3.2	人口学及社会经济学特征	CV02.01.104	患者归属地代码	3	本省其他地市	
3.2	人口学及社会经济学特征	CV02.01.104	患者归属地代码	4	外省	
3.2	人口学及社会经济学特征	CV02.01.104	患者归属地代码	5	港澳台	
3.2	人口学及社会经济学特征	CV02.01.104	患者归属地代码	6	外籍	
3.3	人口学及社会经济学特征	CV02.01.205	地址类别代码	01	户籍住址	
3.3	人口学及社会经济学特征	CV02.01.205	地址类别代码	02	工作场所住址	
3.3	人口学及社会经济学特征	CV02.01.205	地址类别代码	03	家庭常住住址	
3.3	人口学及社会经济学特征	CV02.01.205	地址类别代码	04	通讯地址	
3.3	人口学及社会经济学特征	CV02.01.205	地址类别代码	05	暂住地址	
3.3	人口学及社会经济学特征	CV02.01.205	地址类别代码	06	出生地址	
3.3	人口学及社会经济学特征	CV02.01.205	地址类别代码	07	产后修养地址	
3.3	人口学及社会经济学特征	CV02.01.205	地址类别代码	08	变迁地址	
3.3	人口学及社会经济学特征	CV02.01.205	地址类别代码	09	现住址	
3.3	人口学及社会经济学特征	CV02.01.205	地址类别代码	99	其他地址	
3.4	人口学及社会经济学特征	GB/T 2261.1-2003	人的性别代码	0	未知的性别	
3.4	人口学及社会经济学特征	GB/T 2261.1-2003	人的性别代码	1	男性	
3.4	人口学及社会经济学特征	GB/T 2261.1-2003	人的性别代码	2	女性	
3.4	人口学及社会经济学特征	GB/T 2261.1-2003	人的性别代码	9	未说明的性别	
3.5	人口学及社会经济学特征	GB/T 2261.2-2003	婚姻状况代码	10	未婚	
3.5	人口学及社会经济学特征	GB/T 2261.2-2003	婚姻状况代码	20	已婚	
3.5	人口学及社会经济学特征	GB/T 2261.2-2003	婚姻状况代码	21	初婚	
3.5	人口学及社会经济学特征	GB/T 2261.2-2003	婚姻状况代码	22	再婚	
3.5	人口学及社会经济学特征	GB/T 2261.2-2003	婚姻状况代码	23	复婚	
3.5	人口学及社会经济学特征	GB/T 2261.2-2003	婚姻状况代码	30	丧偶	
3.5	人口学及社会经济学特征	GB/T 2261.2-2003	婚姻状况代码	40	离婚	
3.5	人口学及社会经济学特征	GB/T 2261.2-2003	婚姻状况代码	90	未说明的婚姻状况	
3.8	人口学及社会经济学特征	CV02.01.202	传染病患者职业代码	01	幼托儿童	
3.8	人口学及社会经济学特征	CV02.01.202	传染病患者职业代码	02	散居儿童	
3.8	人口学及社会经济学特征	CV02.01.202	传染病患者职业代码	03	学生（大中小学）	
3.8	人口学及社会经济学特征	CV02.01.202	传染病患者职业代码	04	教师	
3.8	人口学及社会经济学特征	CV02.01.202	传染病患者职业代码	05	保育员及保姆	
3.8	人口学及社会经济学特征	CV02.01.202	传染病患者职业代码	06	餐饮食品业	
3.8	人口学及社会经济学特征	CV02.01.202	传染病患者职业代码	07	商业服务	
3.8	人口学及社会经济学特征	CV02.01.202	传染病患者职业代码	08	医务人员	
3.8	人口学及社会经济学特征	CV02.01.202	传染病患者职业代码	09	工人	
3.8	人口学及社会经济学特征	CV02.01.202	传染病患者职业代码	10	民工	
3.8	人口学及社会经济学特征	CV02.01.202	传染病患者职业代码	11	农民	
3.8	人口学及社会经济学特征	CV02.01.202	传染病患者职业代码	12	牧民	
3.8	人口学及社会经济学特征	CV02.01.202	传染病患者职业代码	13	渔（船）民	
3.8	人口学及社会经济学特征	CV02.01.202	传染病患者职业代码	14	干部职员	
3.8	人口学及社会经济学特征	CV02.01.202	传染病患者职业代码	15	离退人员	
3.8	人口学及社会经济学特征	CV02.01.202	传染病患者职业代码	16	家务及待业	
3.8	人口学及社会经济学特征	CV02.01.202	传染病患者职业代码	17	不详	
3.8	人口学及社会经济学特征	CV02.01.202	传染病患者职业代码	21	疾控人员	新冠补充
3.8	人口学及社会经济学特征	CV02.01.202	传染病患者职业代码	22	快递员	新冠补充
3.8	人口学及社会经济学特征	CV02.01.202	传染病患者职业代码	23	外卖配送员	新冠补充
3.8	人口学及社会经济学特征	CV02.01.202	传染病患者职业代码	24	保安	新冠补充
3.8	人口学及社会经济学特征	CV02.01.202	传染病患者职业代码	25	民警	新冠补充
3.8	人口学及社会经济学特征	CV02.01.202	传染病患者职业代码	26	出租车司机	新冠补充
3.8	人口学及社会经济学特征	CV02.01.202	传染病患者职业代码	27	保洁人员	新冠补充
3.8	人口学及社会经济学特征	CV02.01.202	传染病患者职业代码	28	社区工作者	新冠补充
3.8	人口学及社会经济学特征	CV02.01.202	传染病患者职业代码	99	其他	
3.9	人口学及社会经济学特征	GB/T 4658-2006	学历代码	10	研究生教育	
3.9	人口学及社会经济学特征	GB/T 4658-2006	学历代码	11	博士研究生毕业	
3.9	人口学及社会经济学特征	GB/T 4658-2006	学历代码	12	博士研究生结业	
3.9	人口学及社会经济学特征	GB/T 4658-2006	学历代码	13	博士研究生肄业	
3.9	人口学及社会经济学特征	GB/T 4658-2006	学历代码	14	硕士研究生毕业	
3.9	人口学及社会经济学特征	GB/T 4658-2006	学历代码	15	硕士研究生结业	
3.9	人口学及社会经济学特征	GB/T 4658-2006	学历代码	16	硕士研究生肄业	
3.9	人口学及社会经济学特征	GB/T 4658-2006	学历代码	17	研究生毕业班	研究生班：我国研究生教育中属于硕士生层次的一种非导师制的方式。其招生和入学条件与硕士生相似；学制两年或一年半。完成全部学习项目并经考试合格者，发给研究生班毕业证书（研究生课程班不在此列）
3.9	人口学及社会经济学特征	GB/T 4658-2006	学历代码	18	研究生班结业	研究生班：我国研究生教育中属于硕士生层次的一种非导师制的方式。其招生和入学条件与硕士生相似；学制两年或一年半。完成全部学习项目并经考试合格者，发给研究生班毕业证书（研究生课程班不在此列）
3.9	人口学及社会经济学特征	GB/T 4658-2006	学历代码	19	研究生班肄业	研究生班：我国研究生教育中属于硕士生层次的一种非导师制的方式。其招生和入学条件与硕士生相似；学制两年或一年半。完成全部学习项目并经考试合格者，发给研究生班毕业证书（研究生课程班不在此列）
3.9	人口学及社会经济学特征	GB/T 4658-2006	学历代码	20	大学本科	
3.9	人口学及社会经济学特征	GB/T 4658-2006	学历代码	21	大学本科毕业	
3.9	人口学及社会经济学特征	GB/T 4658-2006	学历代码	22	大学本科结业	
3.9	人口学及社会经济学特征	GB/T 4658-2006	学历代码	23	大学本科肄业	
3.9	人口学及社会经济学特征	GB/T 4658-2006	学历代码	28	大学普通班毕业	是指1970年至1976年进入普通高校学习的毕业生
3.9	人口学及社会经济学特征	GB/T 4658-2006	学历代码	30	专科教育	
3.9	人口学及社会经济学特征	GB/T 4658-2006	学历代码	31	大学专科毕业	包括高等专科、高等职业教育
3.9	人口学及社会经济学特征	GB/T 4658-2006	学历代码	32	大学专科结业	
3.9	人口学及社会经济学特征	GB/T 4658-2006	学历代码	33	大学专科肄业	
3.9	人口学及社会经济学特征	GB/T 4658-2006	学历代码	40	中等职业教育	包括中等师范学校教育
3.9	人口学及社会经济学特征	GB/T 4658-2006	学历代码	41	中等专科毕业	
3.9	人口学及社会经济学特征	GB/T 4658-2006	学历代码	42	中等专科结业	
3.9	人口学及社会经济学特征	GB/T 4658-2006	学历代码	43	中等专科肄业	
3.9	人口学及社会经济学特征	GB/T 4658-2006	学历代码	44	职业高中毕业	
3.9	人口学及社会经济学特征	GB/T 4658-2006	学历代码	45	职业高中结业	
3.9	人口学及社会经济学特征	GB/T 4658-2006	学历代码	46	职业高中肄业	
3.9	人口学及社会经济学特征	GB/T 4658-2006	学历代码	47	技工学校毕业	
3.9	人口学及社会经济学特征	GB/T 4658-2006	学历代码	48	技工学校结业	
3.9	人口学及社会经济学特征	GB/T 4658-2006	学历代码	49	技工学校肄业	
3.9	人口学及社会经济学特征	GB/T 4658-2006	学历代码	60	普通高级中学教育	
3.9	人口学及社会经济学特征	GB/T 4658-2006	学历代码	61	普通高中毕业	
3.9	人口学及社会经济学特征	GB/T 4658-2006	学历代码	62	普通高中结业	
3.9	人口学及社会经济学特征	GB/T 4658-2006	学历代码	63	普通高中肄业	
3.9	人口学及社会经济学特征	GB/T 4658-2006	学历代码	70	初级中学教育	
3.9	人口学及社会经济学特征	GB/T 4658-2006	学历代码	71	初中毕业	
3.9	人口学及社会经济学特征	GB/T 4658-2006	学历代码	73	初中肄业	
3.9	人口学及社会经济学特征	GB/T 4658-2006	学历代码	80	小学教育	
3.9	人口学及社会经济学特征	GB/T 4658-2006	学历代码	81	小学毕业	
3.9	人口学及社会经济学特征	GB/T 4658-2006	学历代码	83	小学肄业	
3.9	人口学及社会经济学特征	GB/T 4658-2006	学历代码	90	其他	
3.9	人口学及社会经济学特征	GB/T 4658-2006	学历代码	99	文盲/半文盲	按需增加
3.10	人口学及社会经济学特征	GB 3304-1991	民族代码	01	汉族	
3.10	人口学及社会经济学特征	GB 3304-1991	民族代码	02	蒙古族	
3.10	人口学及社会经济学特征	GB 3304-1991	民族代码	03	回族	
3.10	人口学及社会经济学特征	GB 3304-1991	民族代码	04	藏族	
3.10	人口学及社会经济学特征	GB 3304-1991	民族代码	05	维吾尔族	
3.10	人口学及社会经济学特征	GB 3304-1991	民族代码	06	苗族	
3.10	人口学及社会经济学特征	GB 3304-1991	民族代码	07	彝族	
3.10	人口学及社会经济学特征	GB 3304-1991	民族代码	08	壮族	
3.10	人口学及社会经济学特征	GB 3304-1991	民族代码	09	布依族	
3.10	人口学及社会经济学特征	GB 3304-1991	民族代码	10	朝鲜族	
3.10	人口学及社会经济学特征	GB 3304-1991	民族代码	11	满族	
3.10	人口学及社会经济学特征	GB 3304-1991	民族代码	12	侗族	
3.10	人口学及社会经济学特征	GB 3304-1991	民族代码	13	瑶族	
3.10	人口学及社会经济学特征	GB 3304-1991	民族代码	14	白族	
3.10	人口学及社会经济学特征	GB 3304-1991	民族代码	15	土家族	
3.10	人口学及社会经济学特征	GB 3304-1991	民族代码	16	哈尼族	
3.10	人口学及社会经济学特征	GB 3304-1991	民族代码	17	哈萨克族	
3.10	人口学及社会经济学特征	GB 3304-1991	民族代码	18	傣族	
3.10	人口学及社会经济学特征	GB 3304-1991	民族代码	19	黎族	
3.10	人口学及社会经济学特征	GB 3304-1991	民族代码	20	傈僳族	
3.10	人口学及社会经济学特征	GB 3304-1991	民族代码	21	佤族	
3.10	人口学及社会经济学特征	GB 3304-1991	民族代码	22	畲族	
3.10	人口学及社会经济学特征	GB 3304-1991	民族代码	23	高山族	
3.10	人口学及社会经济学特征	GB 3304-1991	民族代码	24	拉祜族	
3.10	人口学及社会经济学特征	GB 3304-1991	民族代码	25	水族	
3.10	人口学及社会经济学特征	GB 3304-1991	民族代码	26	东乡族	
3.10	人口学及社会经济学特征	GB 3304-1991	民族代码	27	纳西族	
3.10	人口学及社会经济学特征	GB 3304-1991	民族代码	28	景颇族	
3.10	人口学及社会经济学特征	GB 3304-1991	民族代码	29	柯尔克孜族	
3.10	人口学及社会经济学特征	GB 3304-1991	民族代码	30	土族	
3.10	人口学及社会经济学特征	GB 3304-1991	民族代码	31	达斡尔族	
3.10	人口学及社会经济学特征	GB 3304-1991	民族代码	32	松佬族	
3.10	人口学及社会经济学特征	GB 3304-1991	民族代码	33	羌族	
3.10	人口学及社会经济学特征	GB 3304-1991	民族代码	34	布朗族	
3.10	人口学及社会经济学特征	GB 3304-1991	民族代码	35	撤拉族	
3.10	人口学及社会经济学特征	GB 3304-1991	民族代码	36	毛南族	
3.10	人口学及社会经济学特征	GB 3304-1991	民族代码	37	讫佬族	
3.10	人口学及社会经济学特征	GB 3304-1991	民族代码	38	锡伯族	
3.10	人口学及社会经济学特征	GB 3304-1991	民族代码	39	阿昌族	
3.10	人口学及社会经济学特征	GB 3304-1991	民族代码	40	普米族	
3.10	人口学及社会经济学特征	GB 3304-1991	民族代码	41	塔吉克族	
3.10	人口学及社会经济学特征	GB 3304-1991	民族代码	42	怒族	
3.10	人口学及社会经济学特征	GB 3304-1991	民族代码	43	乌孜别克族	
3.10	人口学及社会经济学特征	GB 3304-1991	民族代码	44	俄罗斯族	
3.10	人口学及社会经济学特征	GB 3304-1991	民族代码	45	鄂温克族	
3.10	人口学及社会经济学特征	GB 3304-1991	民族代码	46	德昂族	
3.10	人口学及社会经济学特征	GB 3304-1991	民族代码	47	保安族	
3.10	人口学及社会经济学特征	GB 3304-1991	民族代码	48	裕固族	
3.10	人口学及社会经济学特征	GB 3304-1991	民族代码	49	京族	
3.10	人口学及社会经济学特征	GB 3304-1991	民族代码	50	塔塔尔族	
3.10	人口学及社会经济学特征	GB 3304-1991	民族代码	51	独龙族	
3.10	人口学及社会经济学特征	GB 3304-1991	民族代码	52	鄂伦春族	
3.10	人口学及社会经济学特征	GB 3304-1991	民族代码	53	赫哲族	
3.10	人口学及社会经济学特征	GB 3304-1991	民族代码	54	门巴族	
3.10	人口学及社会经济学特征	GB 3304-1991	民族代码	55	路巴族	
3.10	人口学及社会经济学特征	GB 3304-1991	民族代码	56	基诺族	
3.10	人口学及社会经济学特征	GB 3304-1991	民族代码	99	其它民族或外国人	
3.11	人口学及社会经济学特征	GB/T 4761-2008	家庭关系代码	0	本人或户主	
3.11	人口学及社会经济学特征	GB/T 4761-2008	家庭关系代码	01	本人	
3.11	人口学及社会经济学特征	GB/T 4761-2008	家庭关系代码	02	户主	
3.11	人口学及社会经济学特征	GB/T 4761-2008	家庭关系代码	1	配偶	
3.11	人口学及社会经济学特征	GB/T 4761-2008	家庭关系代码	11	夫	
3.11	人口学及社会经济学特征	GB/T 4761-2008	家庭关系代码	12	妻	
3.11	人口学及社会经济学特征	GB/T 4761-2008	家庭关系代码	2	子	
3.11	人口学及社会经济学特征	GB/T 4761-2008	家庭关系代码	21	独生子	
3.11	人口学及社会经济学特征	GB/T 4761-2008	家庭关系代码	22	长子	
3.11	人口学及社会经济学特征	GB/T 4761-2008	家庭关系代码	23	次子	
3.11	人口学及社会经济学特征	GB/T 4761-2008	家庭关系代码	24	三子	
3.11	人口学及社会经济学特征	GB/T 4761-2008	家庭关系代码	25	四子	
3.11	人口学及社会经济学特征	GB/T 4761-2008	家庭关系代码	26	五子	
3.11	人口学及社会经济学特征	GB/T 4761-2008	家庭关系代码	27	养子或继子	
3.11	人口学及社会经济学特征	GB/T 4761-2008	家庭关系代码	28	女婿	
3.11	人口学及社会经济学特征	GB/T 4761-2008	家庭关系代码	29	其他儿子	
3.11	人口学及社会经济学特征	GB/T 4761-2008	家庭关系代码	3	女	
3.11	人口学及社会经济学特征	GB/T 4761-2008	家庭关系代码	31	独生女	
3.11	人口学及社会经济学特征	GB/T 4761-2008	家庭关系代码	32	长女	
3.11	人口学及社会经济学特征	GB/T 4761-2008	家庭关系代码	33	次女	
3.11	人口学及社会经济学特征	GB/T 4761-2008	家庭关系代码	34	三女	
3.11	人口学及社会经济学特征	GB/T 4761-2008	家庭关系代码	35	四女	
3.11	人口学及社会经济学特征	GB/T 4761-2008	家庭关系代码	36	五女	
3.11	人口学及社会经济学特征	GB/T 4761-2008	家庭关系代码	37	养女或继女	
3.11	人口学及社会经济学特征	GB/T 4761-2008	家庭关系代码	38	儿媳	
3.11	人口学及社会经济学特征	GB/T 4761-2008	家庭关系代码	39	其他女儿	
3.11	人口学及社会经济学特征	GB/T 4761-2008	家庭关系代码	4	孙子、孙女或外孙子、外孙女	
3.11	人口学及社会经济学特征	GB/T 4761-2008	家庭关系代码	41	孙子	
3.11	人口学及社会经济学特征	GB/T 4761-2008	家庭关系代码	42	孙女	
3.11	人口学及社会经济学特征	GB/T 4761-2008	家庭关系代码	43	外孙子	
3.11	人口学及社会经济学特征	GB/T 4761-2008	家庭关系代码	44	外孙女	
3.11	人口学及社会经济学特征	GB/T 4761-2008	家庭关系代码	45	孙媳妇	包括外孙媳妇
3.11	人口学及社会经济学特征	GB/T 4761-2008	家庭关系代码	46	孙女婿	包括外孙女婿
3.11	人口学及社会经济学特征	GB/T 4761-2008	家庭关系代码	47	曾孙子	包括外曾孙子
3.11	人口学及社会经济学特征	GB/T 4761-2008	家庭关系代码	48	曾孙女	包括外曾孙女
3.11	人口学及社会经济学特征	GB/T 4761-2008	家庭关系代码	49	其他孙子、孙女或外孙子、外孙女	
3.11	人口学及社会经济学特征	GB/T 4761-2008	家庭关系代码	5	父母	
3.11	人口学及社会经济学特征	GB/T 4761-2008	家庭关系代码	51	父亲	
3.11	人口学及社会经济学特征	GB/T 4761-2008	家庭关系代码	52	母亲	
3.11	人口学及社会经济学特征	GB/T 4761-2008	家庭关系代码	53	公公	
3.11	人口学及社会经济学特征	GB/T 4761-2008	家庭关系代码	54	婆婆	
3.11	人口学及社会经济学特征	GB/T 4761-2008	家庭关系代码	55	岳父	
3.11	人口学及社会经济学特征	GB/T 4761-2008	家庭关系代码	56	岳母	
3.11	人口学及社会经济学特征	GB/T 4761-2008	家庭关系代码	57	继父或养父	
3.11	人口学及社会经济学特征	GB/T 4761-2008	家庭关系代码	58	继母或养母	
3.11	人口学及社会经济学特征	GB/T 4761-2008	家庭关系代码	59	其他父母关系	
3.11	人口学及社会经济学特征	GB/T 4761-2008	家庭关系代码	6	祖父母或外祖父母	
3.11	人口学及社会经济学特征	GB/T 4761-2008	家庭关系代码	61	祖父	
3.11	人口学及社会经济学特征	GB/T 4761-2008	家庭关系代码	62	祖母	
3.11	人口学及社会经济学特征	GB/T 4761-2008	家庭关系代码	63	外祖父	
3.11	人口学及社会经济学特征	GB/T 4761-2008	家庭关系代码	64	外祖母	
3.11	人口学及社会经济学特征	GB/T 4761-2008	家庭关系代码	65	配偶的祖父母	
3.11	人口学及社会经济学特征	GB/T 4761-2008	家庭关系代码	66	曾祖父	
3.11	人口学及社会经济学特征	GB/T 4761-2008	家庭关系代码	67	曾祖母	
3.11	人口学及社会经济学特征	GB/T 4761-2008	家庭关系代码	68	配偶的曾祖父母或外曾祖父母	
3.11	人口学及社会经济学特征	GB/T 4761-2008	家庭关系代码	69	其他祖父母或外祖父母关系	包括外祖父母
3.11	人口学及社会经济学特征	GB/T 4761-2008	家庭关系代码	7	兄、弟、姐、妹	
3.11	人口学及社会经济学特征	GB/T 4761-2008	家庭关系代码	71	兄	
3.11	人口学及社会经济学特征	GB/T 4761-2008	家庭关系代码	72	嫂	
3.11	人口学及社会经济学特征	GB/T 4761-2008	家庭关系代码	73	弟	
3.11	人口学及社会经济学特征	GB/T 4761-2008	家庭关系代码	74	弟媳	
3.11	人口学及社会经济学特征	GB/T 4761-2008	家庭关系代码	75	姐姐	
3.11	人口学及社会经济学特征	GB/T 4761-2008	家庭关系代码	76	姐夫	
3.11	人口学及社会经济学特征	GB/T 4761-2008	家庭关系代码	77	妹妹	
3.11	人口学及社会经济学特征	GB/T 4761-2008	家庭关系代码	78	妹夫	
3.11	人口学及社会经济学特征	GB/T 4761-2008	家庭关系代码	79	其他兄弟姐妹	
3.11	人口学及社会经济学特征	GB/T 4761-2008	家庭关系代码	9	其他	
3.11	人口学及社会经济学特征	GB/T 4761-2008	家庭关系代码	91	伯父	
3.11	人口学及社会经济学特征	GB/T 4761-2008	家庭关系代码	92	伯母	
3.11	人口学及社会经济学特征	GB/T 4761-2008	家庭关系代码	93	叔父	
3.11	人口学及社会经济学特征	GB/T 4761-2008	家庭关系代码	94	婶母	
3.11	人口学及社会经济学特征	GB/T 4761-2008	家庭关系代码	95	舅父	
3.11	人口学及社会经济学特征	GB/T 4761-2008	家庭关系代码	96	舅母	
3.11	人口学及社会经济学特征	GB/T 4761-2008	家庭关系代码	97	姨父	
3.11	人口学及社会经济学特征	GB/T 4761-2008	家庭关系代码	98	姨母	
3.11	人口学及社会经济学特征	GB/T 4761-2008	家庭关系代码	9A	姑父	
3.11	人口学及社会经济学特征	GB/T 4761-2008	家庭关系代码	9B	姑母	
3.11	人口学及社会经济学特征	GB/T 4761-2008	家庭关系代码	9C	堂兄弟	包括堂姐妹
3.11	人口学及社会经济学特征	GB/T 4761-2008	家庭关系代码	9D	表兄弟	包括表姐妹
3.11	人口学及社会经济学特征	GB/T 4761-2008	家庭关系代码	9E	侄子	
3.11	人口学及社会经济学特征	GB/T 4761-2008	家庭关系代码	9F	侄女	
3.11	人口学及社会经济学特征	GB/T 4761-2008	家庭关系代码	9G	外甥	
3.11	人口学及社会经济学特征	GB/T 4761-2008	家庭关系代码	9H	外甥女	
3.11	人口学及社会经济学特征	GB/T 4761-2008	家庭关系代码	9J	其他亲属	
3.11	人口学及社会经济学特征	GB/T 4761-2008	家庭关系代码	9K	保姆	
3.11	人口学及社会经济学特征	GB/T 4761-2008	家庭关系代码	99	非亲属	
3.12	人口学及社会经济学特征	GB/T 16835-1997	专业大类代码	01	哲学	
3.12	人口学及社会经济学特征	GB/T 16835-1997	专业大类代码	02	经济学	
3.12	人口学及社会经济学特征	GB/T 16835-1997	专业大类代码	03	法学	
3.12	人口学及社会经济学特征	GB/T 16835-1997	专业大类代码	04	教育学	
3.12	人口学及社会经济学特征	GB/T 16835-1997	专业大类代码	05	文学	
3.12	人口学及社会经济学特征	GB/T 16835-1997	专业大类代码	06	历史学	
3.12	人口学及社会经济学特征	GB/T 16835-1997	专业大类代码	07	理学	
3.12	人口学及社会经济学特征	GB/T 16835-1997	专业大类代码	08	工学	
3.12	人口学及社会经济学特征	GB/T 16835-1997	专业大类代码	09	农学	
3.12	人口学及社会经济学特征	GB/T 16835-1997	专业大类代码	10	医学	
3.12	人口学及社会经济学特征	GB/T 16835-1997	专业大类代码	1001	基础医学类	
3.12	人口学及社会经济学特征	GB/T 16835-1997	专业大类代码	1002	预防医学类	
3.12	人口学及社会经济学特征	GB/T 16835-1997	专业大类代码	1003	临床医学与医学技术类	
3.12	人口学及社会经济学特征	GB/T 16835-1997	专业大类代码	100301	临床医学	
3.12	人口学及社会经济学特征	GB/T 16835-1997	专业大类代码	100302	麻醉学	
3.12	人口学及社会经济学特征	GB/T 16835-1997	专业大类代码	100303	医学影像学	
3.12	人口学及社会经济学特征	GB/T 16835-1997	专业大类代码	100304	医学检验	
3.12	人口学及社会经济学特征	GB/T 16835-1997	专业大类代码	100399	其他医学技术专业	
3.12	人口学及社会经济学特征	GB/T 16835-1997	专业大类代码	1004	口腔医学	
3.12	人口学及社会经济学特征	GB/T 16835-1997	专业大类代码	1005	中医学类	
3.12	人口学及社会经济学特征	GB/T 16835-1997	专业大类代码	100501	中医学	
3.12	人口学及社会经济学特征	GB/T 16835-1997	专业大类代码	100502	针灸推拿学	
3.12	人口学及社会经济学特征	GB/T 16835-1997	专业大类代码	100599	中医学类其他专业	
3.12	人口学及社会经济学特征	GB/T 16835-1997	专业大类代码	1006	法医学	
3.12	人口学及社会经济学特征	GB/T 16835-1997	专业大类代码	1007	护理学	
3.12	人口学及社会经济学特征	GB/T 16835-1997	专业大类代码	1008	药学类	
3.12	人口学及社会经济学特征	GB/T 16835-1997	专业大类代码	100801	药学	
3.12	人口学及社会经济学特征	GB/T 16835-1997	专业大类代码	100802	中药学	
3.12	人口学及社会经济学特征	GB/T 16835-1997	专业大类代码	100899	其他药学专业	
3.12	人口学及社会经济学特征	GB/T 16835-1997	专业大类代码	11	管理类	
3.14	人口学及社会经济学特征	GB/T 6864-2003	学位代码	1	博士	
3.14	人口学及社会经济学特征	GB/T 6864-2003	学位代码	2	硕士	
3.14	人口学及社会经济学特征	GB/T 6864-2003	学位代码	3	学士	
3.15	人口学及社会经济学特征	GB/T4762-1984	政治面貌代码	01	中共党员	
3.15	人口学及社会经济学特征	GB/T4762-1984	政治面貌代码	02	中共预备党员	
3.15	人口学及社会经济学特征	GB/T4762-1984	政治面貌代码	03	共青团员	
3.15	人口学及社会经济学特征	GB/T4762-1984	政治面貌代码	04	民革党员	
3.15	人口学及社会经济学特征	GB/T4762-1984	政治面貌代码	05	民盟盟员	
3.15	人口学及社会经济学特征	GB/T4762-1984	政治面貌代码	06	民建会员	
3.15	人口学及社会经济学特征	GB/T4762-1984	政治面貌代码	07	民进会员	
3.15	人口学及社会经济学特征	GB/T4762-1984	政治面貌代码	08	农工党党员	
3.15	人口学及社会经济学特征	GB/T4762-1984	政治面貌代码	09	致公党党员	
3.15	人口学及社会经济学特征	GB/T4762-1984	政治面貌代码	10	九三学社社员	
3.15	人口学及社会经济学特征	GB/T4762-1984	政治面貌代码	11	台盟盟员	
3.15	人口学及社会经济学特征	GB/T4762-1984	政治面貌代码	12	无党派人士	
3.15	人口学及社会经济学特征	GB/T4762-1984	政治面貌代码	13	群众	
4.1	健康史	GB/T2261.3-2003	健康状况	1	健康或良好	
4.1	健康史	GB/T2261.3-2003	健康状况	2	一般或较弱	
4.1	健康史	GB/T2261.3-2003	健康状况	3	有慢性病	
4.1	健康史	GB/T2261.3-2003	健康状况	6	残疾	
5.1	体格检查	HBCV04.10.015	胎盘分级代码	1	I级	
5.1	体格检查	HBCV04.10.015	胎盘分级代码	2	II级	
5.1	体格检查	HBCV04.10.015	胎盘分级代码	3	III级	
5.2	体格检查	HBCV04.10.016	孕育胎儿数量代码	1	单胎	
5.2	体格检查	HBCV04.10.016	孕育胎儿数量代码	2	双胎	
5.2	体格检查	HBCV04.10.016	孕育胎儿数量代码	3	多胎	
6.1	临床辅助检查	HBCV04.30.010	B超检查结果代码	1	有	
6.1	临床辅助检查	HBCV04.30.010	B超检查结果代码	2	无	
6.1	临床辅助检查	HBCV04.30.010	B超检查结果代码	9	未见	
6.2	临床辅助检查	HBCV04.30.011	阴阳性检查结果代码	1	阴性	
6.2	临床辅助检查	HBCV04.30.011	阴阳性检查结果代码	2	阳性	
6.2	临床辅助检查	HBCV04.30.011	阴阳性检查结果代码	9	未定型	
6.3	临床辅助检查	CV04.30.005-1	检查部位代码	头部	头部	SKULL
6.3	临床辅助检查	CV04.30.005-1	检查部位代码	颈椎	颈椎	CSPINE
6.3	临床辅助检查	CV04.30.005-1	检查部位代码	胸椎	胸椎	TSPINE
6.3	临床辅助检查	CV04.30.005-1	检查部位代码	腰椎	腰椎	LSPINE
6.3	临床辅助检查	CV04.30.005-1	检查部位代码	骶椎	骶椎	SSPINE
6.3	临床辅助检查	CV04.30.005-1	检查部位代码	尾椎	尾椎	COCCYX
6.3	临床辅助检查	CV04.30.005-1	检查部位代码	胸部	胸部	CHEST
6.3	临床辅助检查	CV04.30.005-1	检查部位代码	锁骨	锁骨	CLAVICLE
6.3	临床辅助检查	CV04.30.005-1	检查部位代码	乳房	乳房	BREAST
6.3	临床辅助检查	CV04.30.005-1	检查部位代码	腹部	腹部	ABDOMEN
6.3	临床辅助检查	CV04.30.005-1	检查部位代码	骨盆	骨盆	PELVIS
6.3	临床辅助检查	CV04.30.005-1	检查部位代码	髋	髋	HIP
6.3	临床辅助检查	CV04.30.005-1	检查部位代码	肩部	肩部	SHOULDER
6.3	临床辅助检查	CV04.30.005-1	检查部位代码	肘	肘	ELBOW
6.3	临床辅助检查	CV04.30.005-1	检查部位代码	膝	膝	KNEE
6.3	临床辅助检查	CV04.30.005-1	检查部位代码	脚踝	脚踝	ANKLE
6.3	临床辅助检查	CV04.30.005-1	检查部位代码	手	手	HAND
6.3	临床辅助检查	CV04.30.005-1	检查部位代码	足	足	FOOT
6.3	临床辅助检查	CV04.30.005-1	检查部位代码	下肢	下肢	EXTREMITY
6.3	临床辅助检查	CV04.30.005-1	检查部位代码	头	头	HEAD
6.3	临床辅助检查	CV04.30.005-1	检查部位代码	心脏	心脏	HEART
6.3	临床辅助检查	CV04.30.005-1	检查部位代码	颈部	颈部	NECK
6.3	临床辅助检查	CV04.30.005-1	检查部位代码	腿	腿	LEG
6.3	临床辅助检查	CV04.30.005-1	检查部位代码	胳臂	胳臂	ARM
6.3	临床辅助检查	CV04.30.005-1	检查部位代码	颌	颌	JAW
6.3	临床辅助检查	CV04.30.005-1	检查部位代码	肾脏	肾脏	Kidney
6.3	临床辅助检查	CV04.30.005-1	检查部位代码	肾上腺	肾上腺	Adrenal
6.3	临床辅助检查	CV04.30.005-1	检查部位代码	垂体	垂体	Sella
6.3	临床辅助检查	CV04.30.005-1	检查部位代码	鼻咽部	鼻咽部	Nasopharynx
6.3	临床辅助检查	CV04.30.005-1	检查部位代码	眼眶	眼眶	Orbits
6.3	临床辅助检查	CV04.30.005-1	检查部位代码	内听道	内听道	InnerEar
6.3	临床辅助检查	CV04.30.005-1	检查部位代码	乳突	乳突	Mastoid
6.3	临床辅助检查	CV04.30.005-1	检查部位代码	蝶鞍	蝶鞍	Sella
6.3	临床辅助检查	CV04.30.005-1	检查部位代码	鼻窦	鼻窦	Sinus
6.3	临床辅助检查	CV04.30.005-1	检查部位代码	鼻咽	鼻咽	Nasopharynx
6.3	临床辅助检查	CV04.30.005-1	检查部位代码	腮腺	腮腺	Parotid
6.3	临床辅助检查	CV04.30.005-1	检查部位代码	喉	喉	Larynx
6.3	临床辅助检查	CV04.30.005-1	检查部位代码	甲状腺	甲状腺	Hypothyroid
7.1	实验室检查	CV04.50.005	ABO血型代码	1	A型	
7.1	实验室检查	CV04.50.005	ABO血型代码	2	B型	
7.1	实验室检查	CV04.50.005	ABO血型代码	3	O型	
7.1	实验室检查	CV04.50.005	ABO血型代码	4	AB型	
7.1	实验室检查	CV04.50.005	ABO血型代码	5	不详	
7.1	实验室检查	CV04.50.005	ABO血型代码	9	未查	
7.2	实验室检查	CV04.50.013	药敏试验结果代码	1	耐药	
7.2	实验室检查	CV04.50.013	药敏试验结果代码	2	敏感	
7.2	实验室检查	CV04.50.013	药敏试验结果代码	3	污染	
7.2	实验室检查	CV04.50.013	药敏试验结果代码	9	未做	
7.3	实验室检查	D	Rh血型代码☆（CV04.50.020）	1	阴性	
7.3	实验室检查	D	Rh血型代码☆（CV04.50.020）	2	阳性	
7.3	实验室检查	D	Rh血型代码☆（CV04.50.020）	3	不详	
7.3	实验室检查	D	Rh血型代码☆（CV04.50.020）	4	未查	
7.4	实验室检查	CV04.50.021	输血品种代码	1	红细胞	
7.4	实验室检查	CV04.50.021	输血品种代码	11	浓缩红细胞	
7.4	实验室检查	CV04.50.021	输血品种代码	12	滤白红细胞	
7.4	实验室检查	CV04.50.021	输血品种代码	13	红细胞悬液	
7.4	实验室检查	CV04.50.021	输血品种代码	14	洗涤红细胞	
7.4	实验室检查	CV04.50.021	输血品种代码	15	冰冻红细胞	
7.4	实验室检查	CV04.50.021	输血品种代码	16	冰冻解冻去甘油红细胞	
7.4	实验室检查	CV04.50.021	输血品种代码	17	Rh阴性悬浮红细胞	
7.4	实验室检查	CV04.50.021	输血品种代码	2	全血	
7.4	实验室检查	CV04.50.021	输血品种代码	21	滤白全血	
7.4	实验室检查	CV04.50.021	输血品种代码	22	重组全血	
7.4	实验室检查	CV04.50.021	输血品种代码	23	Rh阴性全血	
7.4	实验室检查	CV04.50.021	输血品种代码	3	血小板	
7.4	实验室检查	CV04.50.021	输血品种代码	31	手工分离浓缩血小板	
7.4	实验室检查	CV04.50.021	输血品种代码	32	机采血小板	
7.4	实验室检查	CV04.50.021	输血品种代码	33	滤白机采血小板	
7.4	实验室检查	CV04.50.021	输血品种代码	34	冷冻机采血小板	
7.4	实验室检查	CV04.50.021	输血品种代码	4	血浆	
7.4	实验室检查	CV04.50.021	输血品种代码	41	新鲜液体血浆	
7.4	实验室检查	CV04.50.021	输血品种代码	42	新鲜冰冻血浆	
7.4	实验室检查	CV04.50.021	输血品种代码	43	普通冰冻血浆	
7.4	实验室检查	CV04.50.021	输血品种代码	44	滤白病毒灭活冰冻血浆	
7.4	实验室检查	CV04.50.021	输血品种代码	45	滤白新鲜冰冻血浆	
7.4	实验室检查	CV04.50.021	输血品种代码	46	滤白普通冰冻血浆	
7.4	实验室检查	CV04.50.021	输血品种代码	5	冷沉淀	
7.4	实验室检查	CV04.50.021	输血品种代码	51	滤白冷沉淀	
7.4	实验室检查	CV04.50.021	输血品种代码	6	机采浓缩白细胞悬液	
7.4	实验室检查	CV04.50.021	输血品种代码	9	其他	
7.5	实验室检查	HBCV04.50.010	检查/检验结果代码	1	正常	
7.5	实验室检查	HBCV04.50.010	检查/检验结果代码	2	异常	
7.5	实验室检查	HBCV04.50.010	检查/检验结果代码	3	不确定	
7.5	实验室检查	HBCV04.50.010	检查/检验结果代码	4	已查	
7.5	实验室检查	HBCV04.50.010	检查/检验结果代码	5	未查	
7.7	实验室检查	CT05.01.008	分化程度代码	1	高分化	
7.7	实验室检查	CT05.01.008	分化程度代码	2	中分化	
7.7	实验室检查	CT05.01.008	分化程度代码	3	低分化	
7.7	实验室检查	CT05.01.008	分化程度代码	4	未分化	
7.7	实验室检查	CT05.01.008	分化程度代码	5	T细胞	
7.7	实验室检查	CT05.01.008	分化程度代码	6	B细胞	
7.7	实验室检查	CT05.01.008	分化程度代码	7	非T-非B	
7.7	实验室检查	CT05.01.008	分化程度代码	8	NK(自然杀伤)细胞	
7.7	实验室检查	CT05.01.008	分化程度代码	9	未确定	
7.8	实验室检查	CV5199.01	检验检查类别代码	1	问询	
7.8	实验室检查	CV5199.01	检验检查类别代码	2	物理	
7.8	实验室检查	CV5199.01	检验检查类别代码	201	计算机X线断层摄影	
7.8	实验室检查	CV5199.01	检验检查类别代码	202	核磁共振成像	
7.8	实验室检查	CV5199.01	检验检查类别代码	203	数字减影血管造影	
7.8	实验室检查	CV5199.01	检验检查类别代码	204	普通X光摄影	
7.8	实验室检查	CV5199.01	检验检查类别代码	205	特殊X光摄影	
7.8	实验室检查	CV5199.01	检验检查类别代码	206	超声检查	
7.8	实验室检查	CV5199.01	检验检查类别代码	207	病理检查	
7.8	实验室检查	CV5199.01	检验检查类别代码	208	内镜检查	
7.8	实验室检查	CV5199.01	检验检查类别代码	209	核医学检查	
7.8	实验室检查	CV5199.01	检验检查类别代码	299	其他检查项目	
7.8	实验室检查	CV5199.01	检验检查类别代码	3	实验室	
7.8	实验室检查	CV5199.01	检验检查类别代码	301	临检项目	
7.8	实验室检查	CV5199.01	检验检查类别代码	302	血生化项目	
7.8	实验室检查	CV5199.01	检验检查类别代码	303	免疫项目	
7.8	实验室检查	CV5199.01	检验检查类别代码	304	微生物项目	
7.8	实验室检查	CV5199.01	检验检查类别代码	30401	细菌检测	基于国标《检查/检验类别代码》新增
7.8	实验室检查	CV5199.01	检验检查类别代码	30402	表型药敏试验	基于国标《检查/检验类别代码》新增
7.8	实验室检查	CV5199.01	检验检查类别代码	30403	临床寄生虫学检验	基于国标《检查/检验类别代码》新增
7.8	实验室检查	CV5199.01	检验检查类别代码	305	血液学项目	
7.8	实验室检查	CV5199.01	检验检查类别代码	306	分子生物学检验	基于国标《检查/检验类别代码》新增
7.8	实验室检查	CV5199.01	检验检查类别代码	30601	分子生物学药敏试验	基于国标《检查/检验类别代码》新增
7.8	实验室检查	CV5199.01	检验检查类别代码	399	其他检验项目	
7.8	实验室检查	CV5199.01	检验检查类别代码	4	心电	
7.8	实验室检查	CV5199.01	检验检查类别代码	401	12导同步心电检查	
7.8	实验室检查	CV5199.01	检验检查类别代码	9	影像	
7.9	实验室检查	CT01.00.026	血液学检查结果代码	0	未做	
7.9	实验室检查	CT01.00.026	血液学检查结果代码	1	阴性	
7.9	实验室检查	CT01.00.026	血液学检查结果代码	2	阳性	
7.10	实验室检查	HBCV04.50.028	标本保存状态代码	01	好	
7.10	实验室检查	HBCV04.50.028	标本保存状态代码	02	差	
7.11	实验室检查	HBCV04.50.033	病原学检验送检标本代码	1	静脉血清	
7.11	实验室检查	HBCV04.50.033	病原学检验送检标本代码	10	溶血液	
7.11	实验室检查	HBCV04.50.033	病原学检验送检标本代码	11	血液抽提液	
7.11	实验室检查	HBCV04.50.033	病原学检验送检标本代码	12	白细胞	
7.11	实验室检查	HBCV04.50.033	病原学检验送检标本代码	13	血小板	
7.11	实验室检查	HBCV04.50.033	病原学检验送检标本代码	2	静脉全血	
7.11	实验室检查	HBCV04.50.033	病原学检验送检标本代码	21	尿液	
7.11	实验室检查	HBCV04.50.033	病原学检验送检标本代码	22	新鲜尿	
7.11	实验室检查	HBCV04.50.033	病原学检验送检标本代码	23	定时尿	
7.11	实验室检查	HBCV04.50.033	病原学检验送检标本代码	24	中段尿	
7.11	实验室检查	HBCV04.50.033	病原学检验送检标本代码	25	晨尿	
7.11	实验室检查	HBCV04.50.033	病原学检验送检标本代码	26	分杯尿	
7.11	实验室检查	HBCV04.50.033	病原学检验送检标本代码	27	膀胱穿刺尿	
7.11	实验室检查	HBCV04.50.033	病原学检验送检标本代码	3	静脉血浆	
7.11	实验室检查	HBCV04.50.033	病原学检验送检标本代码	30	粪便	
7.11	实验室检查	HBCV04.50.033	病原学检验送检标本代码	31	痰液	
7.11	实验室检查	HBCV04.50.033	病原学检验送检标本代码	32	上呼吸道标本	
7.11	实验室检查	HBCV04.50.033	病原学检验送检标本代码	33	下呼吸道标本	
7.11	实验室检查	HBCV04.50.033	病原学检验送检标本代码	34	穿刺液	
7.11	实验室检查	HBCV04.50.033	病原学检验送检标本代码	35	骨髓液	
7.11	实验室检查	HBCV04.50.033	病原学检验送检标本代码	36	胸水	
7.11	实验室检查	HBCV04.50.033	病原学检验送检标本代码	37	腹水	
7.11	实验室检查	HBCV04.50.033	病原学检验送检标本代码	38	心包液	
7.11	实验室检查	HBCV04.50.033	病原学检验送检标本代码	39	胃液	
7.11	实验室检查	HBCV04.50.033	病原学检验送检标本代码	4	末梢全血	
7.11	实验室检查	HBCV04.50.033	病原学检验送检标本代码	40	十二指肠液	
7.11	实验室检查	HBCV04.50.033	病原学检验送检标本代码	41	胆汁	
7.11	实验室检查	HBCV04.50.033	病原学检验送检标本代码	42	唾液	
7.11	实验室检查	HBCV04.50.033	病原学检验送检标本代码	43	口腔及咽喉分泌物	
7.11	实验室检查	HBCV04.50.033	病原学检验送检标本代码	44	呕吐物	
7.11	实验室检查	HBCV04.50.033	病原学检验送检标本代码	45	眼分泌物	
7.11	实验室检查	HBCV04.50.033	病原学检验送检标本代码	46	关节液	
7.11	实验室检查	HBCV04.50.033	病原学检验送检标本代码	47	精液	
7.11	实验室检查	HBCV04.50.033	病原学检验送检标本代码	48	前列腺液	
7.11	实验室检查	HBCV04.50.033	病原学检验送检标本代码	49	乳汁	
7.11	实验室检查	HBCV04.50.033	病原学检验送检标本代码	5	末梢血浆	
7.11	实验室检查	HBCV04.50.033	病原学检验送检标本代码	50	羊水	
7.11	实验室检查	HBCV04.50.033	病原学检验送检标本代码	51	阴道、子宫颈分泌物	
7.11	实验室检查	HBCV04.50.033	病原学检验送检标本代码	52	子宫内膜	
7.11	实验室检查	HBCV04.50.033	病原学检验送检标本代码	53	汗液	
7.11	实验室检查	HBCV04.50.033	病原学检验送检标本代码	54	脓液及创伤感染分泌物	
7.11	实验室检查	HBCV04.50.033	病原学检验送检标本代码	55	浸出液	
7.11	实验室检查	HBCV04.50.033	病原学检验送检标本代码	6	末梢血清	
7.11	实验室检查	HBCV04.50.033	病原学检验送检标本代码	7	动脉血	
7.11	实验室检查	HBCV04.50.033	病原学检验送检标本代码	8	红细胞	
7.11	实验室检查	HBCV04.50.033	病原学检验送检标本代码	9	脐带血	
7.11	实验室检查	HBCV04.50.033	病原学检验送检标本代码	9999	其他	
7.12	实验室检查	HBCV04.50.019	检验方法代码		显微镜检测	病原学检测 传染病通用（不包含肠道传染病）
7.12	实验室检查	HBCV04.50.019	检验方法代码		病毒分离	病原学检测 麻疹、风疹
7.12	实验室检查	HBCV04.50.019	检验方法代码		细菌培养分离	病原学检测 传染病通用
7.12	实验室检查	HBCV04.50.019	检验方法代码		基因测序	分子生物学检测 传染病通用
7.12	实验室检查	HBCV04.50.019	检验方法代码		恒温扩增PCR	分子生物学检测 传染病通用、新冠
7.12	实验室检查	HBCV04.50.019	检验方法代码		实时荧光定量多聚核苷酸链式反应（QuantitativeReal-timePCR）	分子生物学检测 传染病通用、新冠
7.12	实验室检查	HBCV04.50.019	检验方法代码		逆转录-聚合酶链反应（RT-PCR）	病原学检测 麻疹、风疹
7.12	实验室检查	HBCV04.50.019	检验方法代码		巢氏PCR	分子生物学检测 疟疾
7.12	实验室检查	HBCV04.50.019	检验方法代码		疟原虫快速诊断试纸(RDT)	疟疾
7.12	实验室检查	HBCV04.50.019	检验方法代码		胶体金免疫层析试验（IgM抗体）	免疫学检测 传染病通用、新冠
7.12	实验室检查	HBCV04.50.019	检验方法代码		胶体金免疫层析试验（IgG抗体）	免疫学检测 传染病通用、新冠
7.12	实验室检查	HBCV04.50.019	检验方法代码		胶体金免疫层析试验检测NS1抗原	免疫学检测 传染病通用
7.12	实验室检查	HBCV04.50.019	检验方法代码		免疫荧光试验检测（抗原）	免疫学检测 传染病通用
7.12	实验室检查	HBCV04.50.019	检验方法代码		免疫荧光试验检测（抗体）	免疫学检测 传染病通用
7.12	实验室检查	HBCV04.50.019	检验方法代码		虎红平板凝集试验	免疫学检测 传染病通用
7.12	实验室检查	HBCV04.50.019	检验方法代码		试管凝集试验	免疫学检测 传染病通用
7.12	实验室检查	HBCV04.50.019	检验方法代码		抗人球蛋白试验（Coomb’s试验）	免疫学检测 传染病通用
7.12	实验室检查	HBCV04.50.019	检验方法代码		补体结合试验	免疫学检测 传染病通用
7.12	实验室检查	HBCV04.50.019	检验方法代码		半胱氨酸凝集试验	传染病通用
7.12	实验室检查	HBCV04.50.019	检验方法代码		荧光偏振试验	传染病通用
7.12	实验室检查	HBCV04.50.019	检验方法代码		显微镜凝集试验(MAT)	免疫学检测 钩端螺旋体病
7.12	实验室检查	HBCV04.50.019	检验方法代码		Dri-dot快诊试验	传染病通用
7.12	实验室检查	HBCV04.50.019	检验方法代码		直接免疫荧光法DFAT	免疫学检测 传染病通用
7.12	实验室检查	HBCV04.50.019	检验方法代码		免疫组化检测	免疫学检测 传染病通用
7.12	实验室检查	HBCV04.50.019	检验方法代码		快速免疫荧光抑制实验RFFIT	免疫学检测 传染病通用
7.12	实验室检查	HBCV04.50.019	检验方法代码		荧光抗体病毒中和实验	免疫学检测 传染病通用
7.12	实验室检查	HBCV04.50.019	检验方法代码		固定化的免疫层析快速检测	免疫学检测 传染病通用
7.12	实验室检查	HBCV04.50.019	检验方法代码		间接血凝试验（IHA）	病原学检测，适用于寄生虫血清学检测 血吸虫病
7.12	实验室检查	HBCV04.50.019	检验方法代码		酶联免疫吸附试验（ELISA）通用方法	病原学检测，适用于寄生虫血清学检测 血吸虫病、包虫病、黑热病、新冠
7.12	实验室检查	HBCV04.50.019	检验方法代码		胶体染料试纸条(DDIA)	病原学检测，适用于寄生虫血清学检测 血吸虫病
7.12	实验室检查	HBCV04.50.019	检验方法代码		环卵沉淀试验(COPT)	病原学检测，适用于寄生虫血清学检测 血吸虫病
7.12	实验室检查	HBCV04.50.019	检验方法代码		斑点金免疫渗滤试验(DIGFA)	病原学检测，适用于寄生虫血清学检测 血吸虫病
7.12	实验室检查	HBCV04.50.019	检验方法代码		In-house方法（实验室自建）	分子生物学检测，适用于HIV耐药检测 艾滋病
7.12	实验室检查	HBCV04.50.019	检验方法代码		TRUEGENETM方法（西门子）	分子生物学检测，适用于HIV耐药检测 艾滋病
7.12	实验室检查	HBCV04.50.019	检验方法代码		ViroSeqTM方法(雅培)	分子生物学检测，适用于HIV耐药检测 艾滋病
7.12	实验室检查	HBCV04.50.019	检验方法代码		SentasaSQ基因分型	分子生物学检测，适用于HIV耐药检测 艾滋病
7.12	实验室检查	HBCV04.50.019	检验方法代码		结核分枝杆菌涂片检测	病原学检测，适用于结核检测 结核病
7.12	实验室检查	HBCV04.50.019	检验方法代码		结核分枝菌核酸检测	结核病
7.12	实验室检查	HBCV04.50.019	检验方法代码		分枝杆菌菌种鉴定	病原学检测 结核病
7.12	实验室检查	HBCV04.50.019	检验方法代码		传统表型药敏实验	病原学检测 通用检测方法
7.12	实验室检查	HBCV04.50.019	检验方法代码		耐药分子生物学检测	分子生物学检测 结核病
7.12	实验室检查	HBCV04.50.019	检验方法代码		改良加藤法	适用于血吸虫检测 血吸虫病
7.12	实验室检查	HBCV04.50.019	检验方法代码		尼龙绢集卵孵化法	血吸虫病
7.12	实验室检查	HBCV04.50.019	检验方法代码		粪便直接涂片法	病原学检测 血吸虫病
7.12	实验室检查	HBCV04.50.019	检验方法代码		活组织镜检法	病原学检测？ 血吸虫病
7.12	实验室检查	HBCV04.50.019	检验方法代码		尿液沉渣镜检	病原学检测？ 血吸虫病（限于埃及血吸虫病）
7.12	实验室检查	HBCV04.50.019	检验方法代码		血清杀菌力试验(SBA)	免疫学检测 流脑
7.12	实验室检查	HBCV04.50.019	检验方法代码		乳胶凝集试验	免疫学检测 流脑
7.12	实验室检查	HBCV04.50.019	检验方法代码		酶联免疫吸附试验（IgM）	血清学检测 麻疹、风疹
7.12	实验室检查	HBCV04.50.019	检验方法代码		酶联免疫吸附试验（IgG）	血清学检测 麻疹、风疹
7.12	实验室检查	HBCV04.50.019	检验方法代码		血凝抑制试验	免疫学检测 乙脑
7.12	实验室检查	HBCV04.50.019	检验方法代码		反向血凝抑制试验	免疫学检测 乙脑
7.12	实验室检查	HBCV04.50.019	检验方法代码		间接荧光试验	免疫学检测 乙脑
7.12	实验室检查	HBCV04.50.019	检验方法代码		抗体中和试验	免疫学检测 乙脑
7.12	实验室检查	HBCV04.50.019	检验方法代码		寄生虫（细胞或组织）分离培养	病原学检测 结核病、黑热病
7.12	实验室检查	HBCV04.50.019	检验方法代码		脉冲场凝胶电泳（PFGE）	重点监测的传染病及其病原菌：包括肠道传染病中的霍乱弧菌、副溶血弧菌、伤寒副伤寒沙门菌、非伤寒沙门菌、志贺菌、产毒性大肠埃希菌，空肠弯曲菌；呼吸道传染病中的脑膜炎奈瑟菌、百日咳鲍特菌、A组溶血性链球菌（猩红热）。 院感相关病原细菌：包括耐药的肺炎克雷伯菌、金黄色葡萄球菌、鲍曼不动杆菌和艰难梭菌。 肠道传染病
7.12	实验室检查	HBCV04.50.019	检验方法代码		多位点串联重复序列（MLVA）	自然疫源性传染病中的鼠疫耶尔森菌、布鲁氏菌、炭疽芽孢杆菌。 肠道传染病
7.12	实验室检查	HBCV04.50.019	检验方法代码		全基因组测序分析	自然疫源性传染病中的鼠疫耶尔森菌、布鲁氏菌、炭疽芽孢杆菌、猪链球菌。 肠道传染病
7.12	实验室检查	HBCV04.50.019	检验方法代码		磁微粒化学发光法	新冠
7.12	实验室检查	HBCV04.50.019	检验方法代码		联合探针锚定聚合测序法	新冠
7.12	实验室检查	HBCV04.50.019	检验方法代码		恒温扩增芯片法	新冠
7.12	实验室检查	HBCV04.50.019	检验方法代码		杂交捕获免疫荧光法	新冠
7.12	实验室检查	HBCV04.50.019	检验方法代码		RNA捕获探针法	新冠
7.12	实验室检查	HBCV04.50.019	检验方法代码		双扩增法	新冠
8.1	医学诊断	CV05.01.001	入院时情况代码	1	危急	病情复杂危及生命者
8.1	医学诊断	CV05.01.001	入院时情况代码	2	严重	
8.1	医学诊断	CV05.01.001	入院时情况代码	3	一般	病情稳定者
8.1	医学诊断	CV05.01.001	入院时情况代码	4	不适用	
8.1	医学诊断	CV05.01.001	入院时情况代码	9	其他	入院病情的其他情况
8.2	医学诊断	CV05.01.007	胎方位代码	01	左枕前（LOA）	
8.2	医学诊断	CV05.01.007	胎方位代码	02	右枕前（ROA）	
8.2	医学诊断	CV05.01.007	胎方位代码	03	左枕后（LOP）	
8.2	医学诊断	CV05.01.007	胎方位代码	04	右枕后（ROP）	
8.2	医学诊断	CV05.01.007	胎方位代码	05	左枕横（LOT）	
8.2	医学诊断	CV05.01.007	胎方位代码	06	右枕横（ROT）	
8.2	医学诊断	CV05.01.007	胎方位代码	07	左颏前（LMA）	
8.2	医学诊断	CV05.01.007	胎方位代码	08	右颏前（RMA）	
8.2	医学诊断	CV05.01.007	胎方位代码	09	左颏后（LMP）	
8.2	医学诊断	CV05.01.007	胎方位代码	10	右颏后（RMP）	
8.2	医学诊断	CV05.01.007	胎方位代码	11	左颏横（LMT）	
8.2	医学诊断	CV05.01.007	胎方位代码	12	右颏横（RMT）	
8.2	医学诊断	CV05.01.007	胎方位代码	13	左骶前（LSA）	
8.2	医学诊断	CV05.01.007	胎方位代码	14	右骶前（RSA）	
8.2	医学诊断	CV05.01.007	胎方位代码	15	左骶后（LSP）	
8.2	医学诊断	CV05.01.007	胎方位代码	16	右骶后（RSP）	
8.2	医学诊断	CV05.01.007	胎方位代码	17	左骶横（LST）	
8.2	医学诊断	CV05.01.007	胎方位代码	18	左骶横（RST）	
8.2	医学诊断	CV05.01.007	胎方位代码	19	左肩前（LScA）	
8.2	医学诊断	CV05.01.007	胎方位代码	20	右肩前（RScA）	
8.2	医学诊断	CV05.01.007	胎方位代码	21	左肩后（LScP）	
8.2	医学诊断	CV05.01.007	胎方位代码	22	右肩后（RScP）	
8.2	医学诊断	CV05.01.007	胎方位代码	99	不详	
8.3	医学诊断	CV05.01.037*	死亡最高诊断依据类别代码	01	尸检	医疗机构的尸体解剖及公安部门的尸解/尸检
8.3	医学诊断	CV05.01.037*	死亡最高诊断依据类别代码	02	病理	包括活体脱落细胞学检查及组织检查等病理检查
8.3	医学诊断	CV05.01.037*	死亡最高诊断依据类别代码	03	手术	以手术为诊断依据而未进行理化检查
8.3	医学诊断	CV05.01.037*	死亡最高诊断依据类别代码	04	临床+理化	包括B超、X光、心电图等特殊检查
8.3	医学诊断	CV05.01.037*	死亡最高诊断依据类别代码	05	临床	以临床检查为诊断依据而未进行理化检查
8.3	医学诊断	CV05.01.037*	死亡最高诊断依据类别代码	06	死后推断	生前无任何疾病诊断，根据调查后推断死因
8.3	医学诊断	CV05.01.037*	死亡最高诊断依据类别代码	07	生化	
8.3	医学诊断	CV05.01.037*	死亡最高诊断依据类别代码	09	不详	
8.4	医学诊断	CV05.01.038	过敏源代码	1	药物	指可能导致人体发生过敏反应的药物
8.4	医学诊断	CV05.01.038	过敏源代码	101	青霉素类抗生素	
8.4	医学诊断	CV05.01.038	过敏源代码	102	磺胺类抗生素	
8.4	医学诊断	CV05.01.038	过敏源代码	103	头孢类抗生素	
8.4	医学诊断	CV05.01.038	过敏源代码	104	含碘药品	
8.4	医学诊断	CV05.01.038	过敏源代码	105	酒精	
8.4	医学诊断	CV05.01.038	过敏源代码	106	镇静麻醉剂	
8.4	医学诊断	CV05.01.038	过敏源代码	199	其他药物过敏源	
8.4	医学诊断	CV05.01.038	过敏源代码	2	食物	指可能导致人体发生过敏反应的食物
8.4	医学诊断	CV05.01.038	过敏源代码	201	猪肉	
8.4	医学诊断	CV05.01.038	过敏源代码	202	羊肉	
8.4	医学诊断	CV05.01.038	过敏源代码	203	牛肉	
8.4	医学诊断	CV05.01.038	过敏源代码	204	牛奶	
8.4	医学诊断	CV05.01.038	过敏源代码	205	蛋及蛋制品	
8.4	医学诊断	CV05.01.038	过敏源代码	206	鸡、鸭等禽类食品	
8.4	医学诊断	CV05.01.038	过敏源代码	207	鱼、虾等水产类食品	
8.4	医学诊断	CV05.01.038	过敏源代码	208	水果（包括带壳的果仁）	
8.4	医学诊断	CV05.01.038	过敏源代码	299	其他食物过敏源	
8.4	医学诊断	CV05.01.038	过敏源代码	3	环境	指环境中存在的、可通过呼吸道吸人或皮肤、黏膜接触导致人体发生过敏反应的物质
8.4	医学诊断	CV05.01.038	过敏源代码	301	植物花粉	
8.4	医学诊断	CV05.01.038	过敏源代码	302	动物毛发	
8.4	医学诊断	CV05.01.038	过敏源代码	303	空气粉尘	
8.4	医学诊断	CV05.01.038	过敏源代码	399	其他环境过敏源	
8.4	医学诊断	CV05.01.038	过敏源代码	4	混合性过敏源	
8.4	医学诊断	CV05.01.038	过敏源代码	9	其他过敏源	
8.5	医学诊断	CV05.01.040	输血反应类型	1	发热	
8.5	医学诊断	CV05.01.040	输血反应类型	2	过敏	
8.5	医学诊断	CV05.01.040	输血反应类型	3	溶血	
8.5	医学诊断	CV05.01.040	输血反应类型	9	其他	
8.6	医学诊断	CV05.01.101	疾病诊断类别代码	01	出院诊断	住院期间所发现并明确的一切疾病诊断及伤残名称。
8.6	医学诊断	CV05.01.101	疾病诊断类别代码	02	门诊诊断	在门诊、急诊所下诊断，含疗养的接诊诊断
8.6	医学诊断	CV05.01.101	疾病诊断类别代码	03	入院初步诊断	入院后首次诊断
8.6	医学诊断	CV05.01.101	疾病诊断类别代码	04	术前诊断	
8.6	医学诊断	CV05.01.101	疾病诊断类别代码	05	术后诊断	
8.6	医学诊断	CV05.01.101	疾病诊断类别代码	06	尸检诊断	死亡患者的尸检诊断
8.6	医学诊断	CV05.01.101	疾病诊断类别代码	07	放射诊断	放射线检查明确的诊断
8.6	医学诊断	CV05.01.101	疾病诊断类别代码	08	超声诊断	超声波检查明确的诊断
8.6	医学诊断	CV05.01.101	疾病诊断类别代码	09	病理诊断	病理组织学检查明确的诊断
8.6	医学诊断	CV05.01.101	疾病诊断类别代码	10	并发症诊断	在已患疾病的基础上发生的病症
8.6	医学诊断	CV05.01.101	疾病诊断类别代码	11	院内感染诊断	入院48小时以上，由于病原体侵入而发生的各种病症
8.6	医学诊断	CV05.01.101	疾病诊断类别代码	12	主要诊断	一次就医或住院的主要原因
8.6	医学诊断	CV05.01.101	疾病诊断类别代码	13	次要诊断	一次就医或住院伴随主要诊断的疾病
8.6	医学诊断	CV05.01.101	疾病诊断类别代码	99	其他	无法按上述类别归类
8.7	医学诊断	CV05.10.100	诊断符合情况代码	0	未做	
8.7	医学诊断	CV05.10.100	诊断符合情况代码	1	符合	
8.7	医学诊断	CV05.10.100	诊断符合情况代码	2	不符合	
8.7	医学诊断	CV05.10.100	诊断符合情况代码	X	诊断符合情况扩充内容	
8.7	医学诊断	CV05.10.100	诊断符合情况代码	9	无对照	
8.8	医学诊断	HBCV05.01.010	初诊标志代码	1	初诊	
8.8	医学诊断	HBCV05.01.010	初诊标志代码	2	复诊	
8.9	医学诊断	CT05.10.004*	挂号类别代码	1	普通门诊	
8.9	医学诊断	CT05.10.004*	挂号类别代码	11	西医	
8.9	医学诊断	CT05.10.004*	挂号类别代码	12	中医	
8.9	医学诊断	CT05.10.004*	挂号类别代码	2	急诊	
8.9	医学诊断	CT05.10.004*	挂号类别代码	21	西医急诊	
8.9	医学诊断	CT05.10.004*	挂号类别代码	22	中医急诊	
8.9	医学诊断	CT05.10.004*	挂号类别代码	3	健康咨询	
8.9	医学诊断	CT05.10.004*	挂号类别代码	31	体检	
8.9	医学诊断	CT05.10.004*	挂号类别代码	32	预防体检	
8.9	医学诊断	CT05.10.004*	挂号类别代码	33	孕产保健	
8.9	医学诊断	CT05.10.004*	挂号类别代码	4	专科门诊	
8.9	医学诊断	CT05.10.004*	挂号类别代码	5	特需门诊	
8.9	医学诊断	CT05.10.004*	挂号类别代码	6	专病门诊	
8.9	医学诊断	CT05.10.004*	挂号类别代码	7	预约挂号	
8.9	医学诊断	CT05.10.004*	挂号类别代码	8	感染门诊	
8.9	医学诊断	CT05.10.004*	挂号类别代码	9	发热门诊	
8.9	医学诊断	CT05.10.004*	挂号类别代码	99	其他	
8.10	医学诊断	HBCV05.01.011	住院就诊类型标志代码	300	急诊观察	
8.10	医学诊断	HBCV05.01.011	住院就诊类型标志代码	400	普通住院	
8.10	医学诊断	HBCV05.01.011	住院就诊类型标志代码	401	特需住院	
8.10	医学诊断	HBCV05.01.011	住院就诊类型标志代码	500	家床	
8.10	医学诊断	HBCV05.01.011	住院就诊类型标志代码	999	其他	
8.11	医学诊断	HBCV05.01.014	门诊就诊类型代码	100	普通门诊	
8.11	医学诊断	HBCV05.01.014	门诊就诊类型代码	101	专科门诊	
8.11	医学诊断	HBCV05.01.014	门诊就诊类型代码	102	专家门诊	
8.11	医学诊断	HBCV05.01.014	门诊就诊类型代码	103	特需门诊	
8.11	医学诊断	HBCV05.01.014	门诊就诊类型代码	104	专病门诊	
8.11	医学诊断	HBCV05.01.014	门诊就诊类型代码	200	急诊	
8.11	医学诊断	HBCV05.01.014	门诊就诊类型代码	600	体检	
8.11	医学诊断	HBCV05.01.014	门诊就诊类型代码	999	其他	
8.12	医学诊断	CT05.10.005	挂号方式代码	1	现场	
8.12	医学诊断	CT05.10.005	挂号方式代码	2	预约	
8.12	医学诊断	CT05.10.005	挂号方式代码	3	特诊	
8.12	医学诊断	CT05.10.005	挂号方式代码	9	其他	
8.13	医学诊断	CT05.01.001	诊断依据代码	1	临床诊断	
8.13	医学诊断	CT05.01.001	诊断依据代码	2	病理诊断	
8.14	医学诊断	CV5502.21	中医疾病诊断类别代码	1	门诊中医诊断病名	指患者在门诊或急诊确定的中医诊断病名
8.14	医学诊断	CV5502.21	中医疾病诊断类别代码	2	入院中医诊断病名	指患者在住院后第一次确定的中医诊断病名
8.14	医学诊断	CV5502.21	中医疾病诊断类别代码	3	出院中医诊断病名	指患者在住院期间经治医师确定的最后中医诊断病名
8.14	医学诊断	CV5502.21	中医疾病诊断类别代码	4	门诊中医诊断证候	指患者在门诊或急诊确定的中医诊断证候
8.14	医学诊断	CV5502.21	中医疾病诊断类别代码	5	入院中医诊断证候	指患者在住院后第一次确定的中医诊断证候
8.14	医学诊断	CV5502.21	中医疾病诊断类别代码	6	出院中医诊断证候	指患者在住院期间经治医师确定的最后中医诊断证候
8.15	医学诊断	T/CIATCM003—2019CV05.01.535	中医辨证方法代码	1	八纲辩证	
8.15	医学诊断	T/CIATCM003—2019CV05.01.535	中医辨证方法代码	2	病因辩证	
8.15	医学诊断	T/CIATCM003—2019CV05.01.535	中医辨证方法代码	3	气血金液痰辩证	
8.15	医学诊断	T/CIATCM003—2019CV05.01.535	中医辨证方法代码	4	脏腑经络辩证	
8.15	医学诊断	T/CIATCM003—2019CV05.01.535	中医辨证方法代码	5	六经辩证	
8.15	医学诊断	T/CIATCM003—2019CV05.01.535	中医辨证方法代码	6	卫生营血辩证	
8.15	医学诊断	T/CIATCM003—2019CV05.01.535	中医辨证方法代码	7	三焦辩证	
8.15	医学诊断	T/CIATCM003—2019CV05.01.535	中医辨证方法代码	9	其他辩证方法	
8.16	医学诊断	HBCV05.01.032	特需标志代码	0	非特需	
8.16	医学诊断	HBCV05.01.032	特需标志代码	1	特需	
8.16	医学诊断	HBCV05.01.032	特需标志代码	2	日间手术	
8.21	医学诊断	HBCV05.01.049	急诊分级代码	0	急诊未分级	
8.21	医学诊断	HBCV05.01.049	急诊分级代码	1	急诊1级	
8.21	医学诊断	HBCV05.01.049	急诊分级代码	2	急诊2级	
8.21	医学诊断	HBCV05.01.049	急诊分级代码	3	急诊3级	
8.21	医学诊断	HBCV05.01.049	急诊分级代码	4	急诊4级	
8.21	医学诊断	HBCV05.01.049	急诊分级代码	5	急诊5级	
9.1	医学评估	CV05.10.001	残疾情况代码	01	无残疾	
9.1	医学评估	CV05.10.001	残疾情况代码	02	视力残疾	
9.1	医学评估	CV05.10.001	残疾情况代码	03	听力残疾	
9.1	医学评估	CV05.10.001	残疾情况代码	04	言语残疾	
9.1	医学评估	CV05.10.001	残疾情况代码	05	肢体残疾	
9.1	医学评估	CV05.10.001	残疾情况代码	06	智力残疾	
9.1	医学评估	CV05.10.001	残疾情况代码	07	精神残疾	
9.1	医学评估	CV05.10.001	残疾情况代码	99	其他残疾	
9.2	医学评估	CV05.10.010	病情转归代码	1	治愈	达到治愈标准或症状消失、功能恢复、创口愈合
9.2	医学评估	CV05.10.010	病情转归代码	2	好转	达到好转标准或症状减轻、功能部分恢复、体征改善
9.2	医学评估	CV05.10.010	病情转归代码	3	稳定	病情无明显变化或加重
9.2	医学评估	CV05.10.010	病情转归代码	4	恶化	病情加重
9.2	医学评估	CV05.10.010	病情转归代码	5	死亡	患者死亡
9.2	医学评估	CV05.10.010	病情转归代码	9	其他	通常指非伤病而又需医学处置的情况
9.3	医学评估	CV05.10.019	入院病情代码	1	有	对应本出院诊断在入院时就已明确
9.3	医学评估	CV05.10.019	入院病情代码	2	临床未确定	对应本出院诊断在入院时临床未确定，或入院时该诊断为可疑诊断
9.3	医学评估	CV05.10.019	入院病情代码	3	情况不明	对应本出院诊断在入院时情况不明
9.3	医学评估	CV05.10.019	入院病情代码	4	无	在住院期间新发生的，入院时明确无对应本出院诊断的诊断条目
9.4	医学评估	CV05.10.024	手术级别代码	1	一级手术	指风险较低、过程简单、技术难度低的普通手术
9.4	医学评估	CV05.10.024	手术级别代码	2	二级手术	指有一定风险、过程复杂程度一般、有一定技术难度的手术
9.4	医学评估	CV05.10.024	手术级别代码	3	三级手术	指风险较高、过程较复杂、难度较大的手术
9.4	医学评估	CV05.10.024	手术级别代码	4	四级手术	指风险高、过程复杂、难度大的重大手术
9.4	医学评估	CV05.10.024	手术级别代码	5	其他等级	
9.5	医学评估	CV05.10.022	手术切口类别代码	1	0类切口	有手术，但体表无切口或腔镜手术切口
9.5	医学评估	CV05.10.022	手术切口类别代码	2	Ⅰ类切口	无菌切口
9.5	医学评估	CV05.10.022	手术切口类别代码	3	Ⅱ类切口	沾染切口
9.5	医学评估	CV05.10.022	手术切口类别代码	4	Ⅲ类切口	感染切口
9.6	医学评估	CV05.10.023	手术切口愈合等级代码	0	0类切口	
9.6	医学评估	CV05.10.023	手术切口愈合等级代码	1	切口等级Ⅰ/愈合类型甲	
9.6	医学评估	CV05.10.023	手术切口愈合等级代码	2	切口等级Ⅰ/愈合类型乙	
9.6	医学评估	CV05.10.023	手术切口愈合等级代码	3	切口等级Ⅰ/愈合类型丙	
9.6	医学评估	CV05.10.023	手术切口愈合等级代码	4	切口等级Ⅱ/愈合类型甲	
9.6	医学评估	CV05.10.023	手术切口愈合等级代码	5	切口等级Ⅱ/愈合类型乙	
9.6	医学评估	CV05.10.023	手术切口愈合等级代码	6	切口等级Ⅱ/愈合类型丙	
9.6	医学评估	CV05.10.023	手术切口愈合等级代码	7	切口等级Ⅲ/愈合类型甲	
9.6	医学评估	CV05.10.023	手术切口愈合等级代码	8	切口等级Ⅲ/愈合类型乙	
9.6	医学评估	CV05.10.023	手术切口愈合等级代码	9	切口等级Ⅲ/愈合类型丙	
9.6	医学评估	CV05.10.023	手术切口愈合等级代码	10	切口等级Ⅰ/其他	
9.6	医学评估	CV05.10.023	手术切口愈合等级代码	11	切口等级Ⅱ/其他	
9.6	医学评估	CV05.10.023	手术切口愈合等级代码	12	切口等级Ⅲ/其他	
9.6	医学评估	CV05.10.023	手术切口愈合等级代码	99	其他切口类型	
9.7	医学评估	CT05.10.012	麻醉分级代码	1	正常的患者	
9.7	医学评估	CT05.10.012	麻醉分级代码	2	患者有轻微的临床症状	
9.7	医学评估	CT05.10.012	麻醉分级代码	3	患者有明显的系统临床症状	
9.7	医学评估	CT05.10.012	麻醉分级代码	4	患者有明显的系统临床症状，且危及生命	
9.7	医学评估	CT05.10.012	麻醉分级代码	5	如果不手术患者将不能存活	
9.7	医学评估	CT05.10.012	麻醉分级代码	6	脑死亡的患者	
10.1	计划与干预	CV06.00.102	用药途径代码	1	口服	经口吞服药物
10.1	计划与干预	CV06.00.102	用药途径代码	2	直肠用药	将药物经肛门塞人或注人直肠
10.1	计划与干预	CV06.00.102	用药途径代码	3	舌下用药	将药物置于舌下/颊部的给药方法
10.1	计划与干预	CV06.00.102	用药途径代码	4	注射用药	将药物经过表皮注人体内
10.1	计划与干预	CV06.00.102	用药途径代码	401	皮下注射	将药物注射于皮下组织
10.1	计划与干预	CV06.00.102	用药途径代码	402	皮内注射	将药物注射于皮内组织
10.1	计划与干预	CV06.00.102	用药途径代码	403	肌肉注射	将药物注射于肌肉组织内
10.1	计划与干预	CV06.00.102	用药途径代码	404	静脉注射或静脉滴注	将药物注人静脉血管内
10.1	计划与干预	CV06.00.102	用药途径代码	405	鞘内注射	基于国标《CV06.00.102用药途径代码》新增
10.1	计划与干预	CV06.00.102	用药途径代码	5	吸人用药	将药物化为气雾状而后由呼吸道吸人
10.1	计划与干预	CV06.00.102	用药途径代码	6	局部用药	主要发挥局部作用的给药方法
10.1	计划与干预	CV06.00.102	用药途径代码	601	椎管内用药	将药物注人椎管内
10.1	计划与干预	CV06.00.102	用药途径代码	602	关节腔内用药	将药物注人关节腔内
10.1	计划与干预	CV06.00.102	用药途径代码	603	胸膜腔用药	将药物注人胸膜腔内
10.1	计划与干预	CV06.00.102	用药途径代码	604	腹腔用药将药物注人腹腔内	腹腔用药将药物注人腹腔内
10.1	计划与干预	CV06.00.102	用药途径代码	605	阴道用药	将药物置于阴道中
10.1	计划与干预	CV06.00.102	用药途径代码	606	气管内用药	将药物注人气管内
10.1	计划与干预	CV06.00.102	用药途径代码	607	滴眼	将药物经眼滴入
10.1	计划与干预	CV06.00.102	用药途径代码	608	滴鼻	将药物经鼻滴入
10.1	计划与干预	CV06.00.102	用药途径代码	609	喷喉	将药物喷于喉部黏膜表面
10.1	计划与干预	CV06.00.102	用药途径代码	610	含化	将药物置于口腔内含化
10.1	计划与干预	CV06.00.102	用药途径代码	611	敷伤口	将药物直接敷于伤口表面
10.1	计划与干预	CV06.00.102	用药途径代码	612	擦皮肤	用药物擦拭皮肤
10.1	计划与干预	CV06.00.102	用药途径代码	699	其他局部用药途径	其他局部用药途径
10.1	计划与干预	CV06.00.102	用药途径代码	6XX	局部用药扩充内容	
10.1	计划与干预	CV06.00.102	用药途径代码	7	经皮用药	基于国标《CV06.00.102用药途径代码》新增
10.1	计划与干预	CV06.00.102	用药途径代码	9	其他用药途径	增补的用药途径内容
10.2	计划与干预	CV06.00.103	麻醉方法代码	1	全身麻醉	用麻醉剂使全身处于麻醉状态
10.2	计划与干预	CV06.00.103	麻醉方法代码	11	吸人麻醉	用吸人麻醉剂的方法使全身处于麻醉状态
10.2	计划与干预	CV06.00.103	麻醉方法代码	12	静脉麻醉	经静脉注人麻醉剂使全身处于麻醉状态
10.2	计划与干预	CV06.00.103	麻醉方法代码	13	基础麻醉	麻醉前先使患者神志消失的方法
10.2	计划与干预	CV06.00.103	麻醉方法代码	2	椎管内麻醉	将麻醉药注人椎管内达到局部麻醉效果的方法
10.2	计划与干预	CV06.00.103	麻醉方法代码	21	蛛网膜下腔阻滞麻醉法	将麻醉药注人蛛网膜下腔达到局部麻醉效果的方法
10.2	计划与干预	CV06.00.103	麻醉方法代码	22	硬脊膜外腔阻滞麻醉	将麻醉药注人硬脊膜外腔产生局部麻醉效果的方法
10.2	计划与干预	CV06.00.103	麻醉方法代码	3	局部麻醉	将麻醉药直接注人施行手术的组织内或手术部位周围的麻醉方法
10.2	计划与干预	CV06.00.103	麻醉方法代码	31	神经丛阻滞麻醉	将局部麻醉药注射于神经丛附近，使通过神经丛的神经及其所分布的区域产生局部麻醉的方法
10.2	计划与干预	CV06.00.103	麻醉方法代码	32	神经节阻滞麻醉	将局部麻醉药注射于神经节附近，使通过神经节的神经及其所分布的区域产生局部麻醉的方法
10.2	计划与干预	CV06.00.103	麻醉方法代码	33	神经阻滞麻醉	将局麻药物注射于神经干的周围，使该神经分布的区域产生麻醉作用的方法
10.2	计划与干预	CV06.00.103	麻醉方法代码	34	区域阻滞麻醉	使通往手术野以及由手术野传出的神经末梢皆受到阻滞的局部麻醉方法
10.2	计划与干预	CV06.00.103	麻醉方法代码	35	局部浸润麻醉	将局麻药沿手术切口线分层注人组织内，以阻滞组织中的神经末梢的麻醉方法
10.2	计划与干预	CV06.00.103	麻醉方法代码	36	表面麻醉	将麻醉药直接与黏膜或皮肤接触，使支配该部分黏膜或皮肤内的神经末梢被阻滞的麻醉方法
10.2	计划与干预	CV06.00.103	麻醉方法代码	4	复合麻醉	用一种以上药物或采用多种麻醉方法以增强麻醉效果
10.2	计划与干预	CV06.00.103	麻醉方法代码	41	静吸复合全麻	静脉麻醉和吸人麻醉共同作用产生麻醉效果
10.2	计划与干预	CV06.00.103	麻醉方法代码	42	针药复合麻醉	针刺麻醉和药物麻醉共同作用产生麻醉效果
10.2	计划与干预	CV06.00.103	麻醉方法代码	43	神经丛与硬膜外阻滞复合麻醉	神经丛阻滞麻醉和硬脊膜外腔阻滞麻醉共同作用产生麻醉效果
10.2	计划与干预	CV06.00.103	麻醉方法代码	44	全麻复合全身降温	在全身麻醉的同时主动降低患者体温
10.2	计划与干预	CV06.00.103	麻醉方法代码	45	全麻复合控制性降压	在全身麻醉的同时降低患者的血压
10.2	计划与干预	CV06.00.103	麻醉方法代码	9	其他麻醉方法	以上未提及的其他麻醉方法
10.3	计划与干预	CV06.00.220	护理等级代码	1	特级护理	
10.3	计划与干预	CV06.00.220	护理等级代码	2	一级护理	
10.3	计划与干预	CV06.00.220	护理等级代码	3	二级护理	
10.3	计划与干预	CV06.00.220	护理等级代码	4	三级护理	
10.4	计划与干预	CV06.00.221	护理类型代码	1	基础护理	
10.4	计划与干预	CV06.00.221	护理类型代码	2	特殊护理	
10.4	计划与干预	CV06.00.221	护理类型代码	3	辩证施护	
10.4	计划与干预	CV06.00.221	护理类型代码	9	其他	
10.5	计划与干预	CV06.00.226	离院方式代码	1	医嘱离院	指患者本次治疗结束后，按照医嘱要求出院，回到住地进一步康复等情况
10.5	计划与干预	CV06.00.226	离院方式代码	2	医嘱转院	拟接收医疗机构名称（指医疗机构根据诊疗需要，将患者转往相应医疗机构进一步诊治，用于统计“双向转诊”开展情况。如果接收患者的医疗机构明确，需要填写转入医疗机构的名称）
10.5	计划与干预	CV06.00.226	离院方式代码	3	医嘱转社区卫生服务机构/乡镇卫生院	指医疗机构根据患者诊疗情况，将患者转往相应社区卫生服务机构进一步诊疗、康复，用于统计“双向诊疗”开展情况。如果接收患者的社区卫生服务机构明确，需要填写社区卫生服务机构/乡镇卫生院名称
10.5	计划与干预	CV06.00.226	离院方式代码	4	非医嘱离院	指患者未按照医嘱要求而自动离院，如：患者疾病需要住院治疗，但患者出于个人原因要求出院。此种出院并非由医务人员根据患者病情决定，属于非医嘱出院
10.5	计划与干预	CV06.00.226	离院方式代码	5	死亡	指患者在住院期间死亡
10.5	计划与干预	CV06.00.226	离院方式代码	9	其他	指除上述5种出院去向之外的其他情况
10.6	计划与干预	CV06.00.227	操作部位代码	01	双侧鼻孔	
10.6	计划与干预	CV06.00.227	操作部位代码	02	臀部	
10.6	计划与干预	CV06.00.227	操作部位代码	03	左臂	
10.6	计划与干预	CV06.00.227	操作部位代码	04	左前胸	
10.6	计划与干预	CV06.00.227	操作部位代码	05	左肘前窝	
10.6	计划与干预	CV06.00.227	操作部位代码	06	左三角肌	
10.6	计划与干预	CV06.00.227	操作部位代码	07	左耳	
10.6	计划与干预	CV06.00.227	操作部位代码	08	左外颈	
10.6	计划与干预	CV06.00.227	操作部位代码	09	左足	
10.6	计划与干预	CV06.00.227	操作部位代码	10	左臀中肌	
10.6	计划与干预	CV06.00.227	操作部位代码	11	左手	
10.6	计划与干预	CV06.00.227	操作部位代码	12	左内颈	
10.6	计划与干预	CV06.00.227	操作部位代码	13	左下腹	
10.6	计划与干预	CV06.00.227	操作部位代码	14	左下臂	
10.6	计划与干预	CV06.00.227	操作部位代码	15	左中臂	
10.6	计划与干预	CV06.00.227	操作部位代码	16	左侧鼻孔	
10.6	计划与干预	CV06.00.227	操作部位代码	17	左后胸	
10.6	计划与干预	CV06.00.227	操作部位代码	18	左锁骨下	
10.6	计划与干预	CV06.00.227	操作部位代码	19	左大腿	
10.6	计划与干预	CV06.00.227	操作部位代码	20	左上臂	
10.6	计划与干预	CV06.00.227	操作部位代码	21	左上腹	
10.6	计划与干预	CV06.00.227	操作部位代码	22	左腹侧臂肌	
10.6	计划与干预	CV06.00.227	操作部位代码	23	左股外肌	
10.6	计划与干预	CV06.00.227	操作部位代码	24	右眼	
10.6	计划与干预	CV06.00.227	操作部位代码	25	左眼	
10.6	计划与干预	CV06.00.227	操作部位代码	26	双眼	
10.6	计划与干预	CV06.00.227	操作部位代码	27	肛门	
10.6	计划与干预	CV06.00.227	操作部位代码	28	会阴	
10.6	计划与干预	CV06.00.227	操作部位代码	29	右臂	
10.6	计划与干预	CV06.00.227	操作部位代码	30	右前胸	
10.6	计划与干预	CV06.00.227	操作部位代码	31	右肘前窝	
10.6	计划与干预	CV06.00.227	操作部位代码	32	右侧三角肌	
10.6	计划与干预	CV06.00.227	操作部位代码	33	右耳	
10.6	计划与干预	CV06.00.227	操作部位代码	34	右外颈	
10.6	计划与干预	CV06.00.227	操作部位代码	35	右足	
10.6	计划与干预	CV06.00.227	操作部位代码	36	右臂中肌	
10.6	计划与干预	CV06.00.227	操作部位代码	37	右手	
10.6	计划与干预	CV06.00.227	操作部位代码	38	右内颈	
10.6	计划与干预	CV06.00.227	操作部位代码	39	右下腹	
10.6	计划与干预	CV06.00.227	操作部位代码	40	右下臂	
10.6	计划与干预	CV06.00.227	操作部位代码	41	右中臂	
10.6	计划与干预	CV06.00.227	操作部位代码	42	右后胸	
10.6	计划与干预	CV06.00.227	操作部位代码	43	右锁骨下	
10.6	计划与干预	CV06.00.227	操作部位代码	44	右大腿	
10.6	计划与干预	CV06.00.227	操作部位代码	45	右上臂	
10.6	计划与干预	CV06.00.227	操作部位代码	46	右上腹	
10.6	计划与干预	CV06.00.227	操作部位代码	47	右腹侧臂肌	
10.6	计划与干预	CV06.00.227	操作部位代码	48	右股外侧肌	
10.6	计划与干预	CV06.00.227	操作部位代码	99	其他	
10.7	计划与干预	CV06.00.228	药物使用频次代码	01	bid	2次/d
10.7	计划与干预	CV06.00.228	药物使用频次代码	02	biw	2次/周
10.7	计划与干预	CV06.00.228	药物使用频次代码	03	Hs	睡前服用
10.7	计划与干预	CV06.00.228	药物使用频次代码	04	q12h	1次/12h
10.7	计划与干预	CV06.00.228	药物使用频次代码	05	q1h	1次/h
10.7	计划与干预	CV06.00.228	药物使用频次代码	06	q3h	1次/3h
10.7	计划与干预	CV06.00.228	药物使用频次代码	07	q6h	1次/6h
10.7	计划与干预	CV06.00.228	药物使用频次代码	08	q8h	1次/8h
10.7	计划与干预	CV06.00.228	药物使用频次代码	09	qd	1次/d
10.7	计划与干预	CV06.00.228	药物使用频次代码	10	qid	4次/d
10.7	计划与干预	CV06.00.228	药物使用频次代码	11	qod	隔天1次
10.7	计划与干预	CV06.00.228	药物使用频次代码	12	qw	1次/周
10.7	计划与干预	CV06.00.228	药物使用频次代码	13	st	立即服用
10.7	计划与干预	CV06.00.228	药物使用频次代码	15	tid	3次/d
10.7	计划与干预	CV06.00.228	药物使用频次代码	16	cxx	持续性
10.7	计划与干预	CV06.00.228	药物使用频次代码	99	其他	
10.8	计划与干预	CV06.00.229	医嘱项目类型代码	11	西药	
10.8	计划与干预	CV06.00.229	医嘱项目类型代码	12	中成药	
10.8	计划与干预	CV06.00.229	医嘱项目类型代码	13	中草药	
10.8	计划与干预	CV06.00.229	医嘱项目类型代码	21	治疗	
10.8	计划与干预	CV06.00.229	医嘱项目类型代码	22	检验	
10.8	计划与干预	CV06.00.229	医嘱项目类型代码	23	检查	
10.8	计划与干预	CV06.00.229	医嘱项目类型代码	24	手术	
10.8	计划与干预	CV06.00.229	医嘱项目类型代码	25	麻醉	
10.8	计划与干预	CV06.00.229	医嘱项目类型代码	26	护理	
10.8	计划与干预	CV06.00.229	医嘱项目类型代码	27	膳食	
10.8	计划与干预	CV06.00.229	医嘱项目类型代码	28	输血	
10.8	计划与干预	CV06.00.229	医嘱项目类型代码	29	输氧	
10.8	计划与干预	CV06.00.229	医嘱项目类型代码	31	其他	
10.8	计划与干预	CV06.00.229	医嘱项目类型代码	32	转科	
10.8	计划与干预	CV06.00.229	医嘱项目类型代码	33	术后	
10.8	计划与干预	CV06.00.229	医嘱项目类型代码	34	出院	
10.8	计划与干预	CV06.00.229	医嘱项目类型代码	35	转院	
10.8	计划与干预	CV06.00.229	医嘱项目类型代码	36	死亡	
10.8	计划与干预	CV06.00.229	医嘱项目类型代码	37	产后	
10.9	计划与干预	CT05.10.013	医嘱类别代码	01	长期（在院）	
10.9	计划与干预	CT05.10.013	医嘱类别代码	02	临时（在院）	
10.9	计划与干预	CT05.10.013	医嘱类别代码	03	出院带药	
10.9	计划与干预	CT05.10.013	医嘱类别代码	09	其他	
10.10	计划与干预	HBCV06.00.011	留观标志代码	0	住院	
10.10	计划与干预	HBCV06.00.011	留观标志代码	1	留院观察	
10.11	计划与干预	CT01.00.006	检验/检查结果异常标志代码	1	正常	
10.11	计划与干预	CT01.00.006	检验/检查结果异常标志代码	2	异常	
10.11	计划与干预	CT01.00.006	检验/检查结果异常标志代码	21	异常偏高	
10.11	计划与干预	CT01.00.006	检验/检查结果异常标志代码	22	异常偏低	
10.11	计划与干预	CT01.00.006	检验/检查结果异常标志代码	23	无法识别的异常	
10.12	计划与干预	HBCV06.00.014	医保项目类型代码	1	药品	
10.12	计划与干预	HBCV06.00.014	医保项目类型代码	2	检验项目	
10.12	计划与干预	HBCV06.00.014	医保项目类型代码	3	检查项目	
10.12	计划与干预	HBCV06.00.014	医保项目类型代码	4	一次性耗材	
10.12	计划与干预	HBCV06.00.014	医保项目类型代码	5	其它耗材	
10.12	计划与干预	HBCV06.00.014	医保项目类型代码	9	其他	
10.13	计划与干预	HBCV06.00.044	医嘱执行操作分类代码	01	处方审核	
10.13	计划与干预	HBCV06.00.044	医嘱执行操作分类代码	02	处方调配	
10.13	计划与干预	HBCV06.00.044	医嘱执行操作分类代码	03	处方发药	
10.13	计划与干预	HBCV06.00.044	医嘱执行操作分类代码	04	登记预约	
10.13	计划与干预	HBCV06.00.044	医嘱执行操作分类代码	05	签到等候	
10.13	计划与干预	HBCV06.00.044	医嘱执行操作分类代码	06	标本采集	
10.13	计划与干预	HBCV06.00.044	医嘱执行操作分类代码	07	标本接收	
10.13	计划与干预	HBCV06.00.044	医嘱执行操作分类代码	08	标本上机	
10.13	计划与干预	HBCV06.00.044	医嘱执行操作分类代码	09	开始处置	备注：检查、治疗、输液等
10.13	计划与干预	HBCV06.00.044	医嘱执行操作分类代码	10	完成处置	备注：检查、治疗、输液等
10.13	计划与干预	HBCV06.00.044	医嘱执行操作分类代码	11	中止处置	
10.13	计划与干预	HBCV06.00.044	医嘱执行操作分类代码	12	报告审核发布	
10.13	计划与干预	HBCV06.00.044	医嘱执行操作分类代码	13	巡视观察	
10.13	计划与干预	HBCV06.00.044	医嘱执行操作分类代码	14	皮试	
10.13	计划与干预	HBCV06.00.044	医嘱执行操作分类代码	99	其他	
10.14	计划与干预	HBCV06.00.045	患者去向代码	01	回家	
10.14	计划与干预	HBCV06.00.045	患者去向代码	02	转普通门诊	
10.14	计划与干预	HBCV06.00.045	患者去向代码	03	建议入本院	
10.14	计划与干预	HBCV06.00.045	患者去向代码	04	建议转院	
10.14	计划与干预	HBCV06.00.045	患者去向代码	05	死亡	
10.14	计划与干预	HBCV06.00.045	患者去向代码	07	隔离	
10.14	计划与干预	HBCV06.00.045	患者去向代码	08	本院留观	
10.14	计划与干预	HBCV06.00.045	患者去向代码	09	康复驿站	
10.14	计划与干预	HBCV06.00.045	患者去向代码	10	转定点医院	
10.14	计划与干预	HBCV06.00.045	患者去向代码	11	转方舱医院	
10.14	计划与干预	HBCV06.00.045	患者去向代码	99	其他	
10.15	计划与干预	HBCV06.00.055	用药目的	1	预防	
10.15	计划与干预	HBCV06.00.055	用药目的	2	应急	
10.15	计划与干预	HBCV06.00.055	用药目的	3	治疗	
10.15	计划与干预	HBCV06.00.055	用药目的	9	其他	
10.16	计划与干预	CV06.00.225	治疗类别代码	1	中医及民族医	
10.16	计划与干预	CV06.00.225	治疗类别代码	11	中医	
10.16	计划与干预	CV06.00.225	治疗类别代码	12	民族医	
10.16	计划与干预	CV06.00.225	治疗类别代码	2	中西医	
10.16	计划与干预	CV06.00.225	治疗类别代码	3	西医	
10.17	计划与干预	CV06.00.223	手术体位代码	1	仰卧位	
10.17	计划与干预	CV06.00.223	手术体位代码	2	俯卧位	
10.17	计划与干预	CV06.00.223	手术体位代码	3	左侧卧位	
10.17	计划与干预	CV06.00.223	手术体位代码	4	右侧卧位	
10.17	计划与干预	CV06.00.223	手术体位代码	5	截石位	
10.17	计划与干预	CV06.00.223	手术体位代码	6	屈氏位	
10.17	计划与干预	CV06.00.223	手术体位代码	9	其他	
11.1	卫生费用	CV07.10.003	医疗费用来源类别代码	01	城镇职工基本医疗保险	
11.1	卫生费用	CV07.10.003	医疗费用来源类别代码	02	城镇居民基本医疗保险	
11.1	卫生费用	CV07.10.003	医疗费用来源类别代码	03	新型农村合作医疗	
11.1	卫生费用	CV07.10.003	医疗费用来源类别代码	04	贫困救助	
11.1	卫生费用	CV07.10.003	医疗费用来源类别代码	05	商业医疗保险	
11.1	卫生费用	CV07.10.003	医疗费用来源类别代码	06	全公费	
11.1	卫生费用	CV07.10.003	医疗费用来源类别代码	07	全自费	
11.1	卫生费用	CV07.10.003	医疗费用来源类别代码	08	其他社会保险	
11.1	卫生费用	CV07.10.003	医疗费用来源类别代码	09	省内医保	
11.1	卫生费用	CV07.10.003	医疗费用来源类别代码	10	省外医保	
11.1	卫生费用	CV07.10.003	医疗费用来源类别代码	11	统筹	
11.1	卫生费用	CV07.10.003	医疗费用来源类别代码	12	绿色通道	
11.1	卫生费用	CV07.10.003	医疗费用来源类别代码	90	城乡居民医疗保险	
11.1	卫生费用	CV07.10.003	医疗费用来源类别代码	99	其他	
11.2	卫生费用	CT07.00.001	住院费用项目类别代码	1	药品	
11.2	卫生费用	CT07.00.001	住院费用项目类别代码	11	西药费	
11.2	卫生费用	CT07.00.001	住院费用项目类别代码	12	中成药费	
11.2	卫生费用	CT07.00.001	住院费用项目类别代码	13	中草药费	
11.2	卫生费用	CT07.00.001	住院费用项目类别代码	2	诊疗项目	
11.2	卫生费用	CT07.00.001	住院费用项目类别代码	21	床位费	
11.2	卫生费用	CT07.00.001	住院费用项目类别代码	22	诊疗费	
11.2	卫生费用	CT07.00.001	住院费用项目类别代码	23	检查费	
11.2	卫生费用	CT07.00.001	住院费用项目类别代码	24	化验费	
11.2	卫生费用	CT07.00.001	住院费用项目类别代码	25	治疗费	
11.2	卫生费用	CT07.00.001	住院费用项目类别代码	26	手术费	
11.2	卫生费用	CT07.00.001	住院费用项目类别代码	27	护理费	
11.2	卫生费用	CT07.00.001	住院费用项目类别代码	28	药事服务费	
11.2	卫生费用	CT07.00.001	住院费用项目类别代码	29	一般诊疗费	
11.2	卫生费用	CT07.00.001	住院费用项目类别代码	3	卫生材料	
11.2	卫生费用	CT07.00.001	住院费用项目类别代码	31	卫生材料费	
11.2	卫生费用	CT07.00.001	住院费用项目类别代码	9	其他	
11.2	卫生费用	CT07.00.001	住院费用项目类别代码	91	其他收费	
11.3	卫生费用	HBCV07.10.002	个人支付资金来源代码	1	现金	
11.3	卫生费用	HBCV07.10.002	个人支付资金来源代码	2	银行卡	
11.3	卫生费用	HBCV07.10.002	个人支付资金来源代码	3	院内储值卡	
11.3	卫生费用	HBCV07.10.002	个人支付资金来源代码	4	社保卡	
11.3	卫生费用	HBCV07.10.002	个人支付资金来源代码	5	支付宝	
11.3	卫生费用	HBCV07.10.002	个人支付资金来源代码	6	微信	
11.3	卫生费用	HBCV07.10.002	个人支付资金来源代码	7	混合	
11.4	卫生费用	HBCV07.10.003	减免原因代码	1	老年人优惠	年龄达到政策要求
11.4	卫生费用	HBCV07.10.003	减免原因代码	2	障碍人士优惠	通过数据核验
11.4	卫生费用	HBCV07.10.003	减免原因代码	3	离退荣誉证优惠	通过数据核验
11.4	卫生费用	HBCV07.10.003	减免原因代码	4	计生特殊家庭	通过数据核验
11.4	卫生费用	HBCV07.10.003	减免原因代码	99	院内政策减免	
11.5	卫生费用	HBCV07.10.004	出纳服务方式	1	床边	
11.5	卫生费用	HBCV07.10.004	出纳服务方式	2	窗口	
11.5	卫生费用	HBCV07.10.004	出纳服务方式	3	自助机	
11.5	卫生费用	HBCV07.10.004	出纳服务方式	4	微信公众号	
11.5	卫生费用	HBCV07.10.004	出纳服务方式	5	移动APP	
11.5	卫生费用	HBCV07.10.004	出纳服务方式	9	其他	
11.6	卫生费用	HBCV07.10.007	出纳服务渠道代码	1	院方	
11.6	卫生费用	HBCV07.10.007	出纳服务渠道代码	2	健康武汉	
11.6	卫生费用	HBCV07.10.007	出纳服务渠道代码	9	其他服务商	
11.8	卫生费用	HBCV07.10.018	核算项目分类代码	R0101	西药费	XYF
11.8	卫生费用	HBCV07.10.018	核算项目分类代码	R0102	开发制剂	KFZJ
11.8	卫生费用	HBCV07.10.018	核算项目分类代码	R0201	中草药费	ZCYF
11.8	卫生费用	HBCV07.10.018	核算项目分类代码	R0301	化验费	HYF
11.8	卫生费用	HBCV07.10.018	核算项目分类代码	R0401	一般检查费	YBJCF
11.8	卫生费用	HBCV07.10.018	核算项目分类代码	R0402	超声检查费	CSJCF
11.8	卫生费用	HBCV07.10.018	核算项目分类代码	R04021	超声治疗费	CSZLF
11.8	卫生费用	HBCV07.10.018	核算项目分类代码	R0403	内窥镜检查费	NKJJCF
11.8	卫生费用	HBCV07.10.018	核算项目分类代码	R04031	内窥镜治疗费	NKJZLF
11.8	卫生费用	HBCV07.10.018	核算项目分类代码	R0404	心脑肺肌电图检查	XNFJDTJC
11.8	卫生费用	HBCV07.10.018	核算项目分类代码	R0405	普通X线检查费	PTXXJCF
11.8	卫生费用	HBCV07.10.018	核算项目分类代码	R0406	CT检查费	CTJCF
11.8	卫生费用	HBCV07.10.018	核算项目分类代码	R0407	MRI检查费	MRIJCF
11.8	卫生费用	HBCV07.10.018	核算项目分类代码	R0408	核医学诊疗费	HYXZLF
11.8	卫生费用	HBCV07.10.018	核算项目分类代码	R0409	PET检查费	PETJCF
11.8	卫生费用	HBCV07.10.018	核算项目分类代码	R0501	一般治疗费	YBZLF
11.8	卫生费用	HBCV07.10.018	核算项目分类代码	R0502	血管介入检查费	XGJRZLF
11.8	卫生费用	HBCV07.10.018	核算项目分类代码	R05021	血管介入治疗费	XGJRZLF
11.8	卫生费用	HBCV07.10.018	核算项目分类代码	R0503	放射治疗费	FSZLF
11.8	卫生费用	HBCV07.10.018	核算项目分类代码	R0504	激光治疗费	JGZLF
11.8	卫生费用	HBCV07.10.018	核算项目分类代码	R0505	血液透析费	XYTXF
11.8	卫生费用	HBCV07.10.018	核算项目分类代码	R0601	手术费	SSF
11.8	卫生费用	HBCV07.10.018	核算项目分类代码	R0602	麻醉费	MZF
11.8	卫生费用	HBCV07.10.018	核算项目分类代码	R0701	输血费	SXF
11.8	卫生费用	HBCV07.10.018	核算项目分类代码	R0801	一般材料费	YBCLF
11.8	卫生费用	HBCV07.10.018	核算项目分类代码	R0802	手术材料费	SSCLF
11.8	卫生费用	HBCV07.10.018	核算项目分类代码	R0803	麻醉材料费	MZCLF
11.8	卫生费用	HBCV07.10.018	核算项目分类代码	R0804	输血材料费	SXCLF
11.8	卫生费用	HBCV07.10.018	核算项目分类代码	R0805	介入材料费	JRCLF
11.8	卫生费用	HBCV07.10.018	核算项目分类代码	R0806	内窥镜材料费	NKJCLF
11.8	卫生费用	HBCV07.10.018	核算项目分类代码	R0807	超声材料费	CSCLF
11.8	卫生费用	HBCV07.10.018	核算项目分类代码	R0808	透析材料费	TXCLF
11.8	卫生费用	HBCV07.10.018	核算项目分类代码	R0809	医用气体费	YYQTF
11.8	卫生费用	HBCV07.10.018	核算项目分类代码	R0901	床位费	CWF
11.8	卫生费用	HBCV07.10.018	核算项目分类代码	R1001	护理费	HLF
11.8	卫生费用	HBCV07.10.018	核算项目分类代码	R1101	普通挂号费	PTGHF
11.8	卫生费用	HBCV07.10.018	核算项目分类代码	R1102	专家挂号费	ZJGHF
11.8	卫生费用	HBCV07.10.018	核算项目分类代码	R1201	诊察费	ZCF
11.8	卫生费用	HBCV07.10.018	核算项目分类代码	R1301	其他费	QTF
11.8	卫生费用	HBCV07.10.018	核算项目分类代码	S01	伙食费	HSF
11.8	卫生费用	HBCV07.10.018	核算项目分类代码	R0811	心脏监测材料	XZJCCL
11.8	卫生费用	HBCV07.10.018	核算项目分类代码	R1502	取脏器费	QZQF
11.8	卫生费用	HBCV07.10.018	核算项目分类代码	R02011	中成药费	ZCYF
11.8	卫生费用	HBCV07.10.018	核算项目分类代码	R05011	专科治疗费	ZKZLF
11.8	卫生费用	HBCV07.10.018	核算项目分类代码	R04011	会诊费	HZF
11.8	卫生费用	HBCV07.10.018	核算项目分类代码	R04012	DC治疗	JCSDCZL
11.8	卫生费用	HBCV07.10.018	核算项目分类代码	R0501	配方颗粒	PFKL
11.8	卫生费用	HBCV07.10.018	核算项目分类代码	R0502	免煎	MJ
11.8	卫生费用	HBCV07.10.018	核算项目分类代码	R0503	煎药费	JYF
12.2	卫生机构	T/CIATCM005—2019 CV08.10.A09	设置/主办单位代码	1	卫生行政部门	包括高等院校附属医院，已移交卫生行政部门的红十字会医院按“1”编码
12.2	卫生机构	T/CIATCM005—2019 CV08.10.A09	设置/主办单位代码	2	其他行政部门	指公安、民政、司法等行政部门
12.2	卫生机构	T/CIATCM005—2019 CV08.10.A09	设置/主办单位代码	3	企业	包括国有、集体、联营、私有、台港澳投资、国外投资等经济类型企业
12.2	卫生机构	T/CIATCM005—2019 CV08.10.A09	设置/主办单位代码	4	事业单位	
12.2	卫生机构	T/CIATCM005—2019 CV08.10.A09	设置/主办单位代码	5	社会团体	
12.2	卫生机构	T/CIATCM005—2019 CV08.10.A09	设置/主办单位代码	6	其他社会组织	包括联营、股份合作制、股份制、港澳台商和外商投资等卫生机构
12.2	卫生机构	T/CIATCM005—2019 CV08.10.A09	设置/主办单位代码	7	个人	不包括私有企业所办医疗机构
12.3	卫生机构	T/CIATCM006—2019CV08.10.B96	政府办医疗卫生机构隶属关系代码	1	中央属	即委属（委管）
12.3	卫生机构	T/CIATCM006—2019CV08.10.B96	政府办医疗卫生机构隶属关系代码	2	省、自治区、直辖市属	
12.3	卫生机构	T/CIATCM006—2019CV08.10.B96	政府办医疗卫生机构隶属关系代码	3	省辖市（地区、州、盟、直辖市区）属	省辖市即地级市
12.3	卫生机构	T/CIATCM006—2019CV08.10.B96	政府办医疗卫生机构隶属关系代码	4	县级市（省辖市区）属	包括地（州、盟）辖市
12.3	卫生机构	T/CIATCM006—2019CV08.10.B96	政府办医疗卫生机构隶属关系代码	5	县（旗）属	包括自治县
12.3	卫生机构	T/CIATCM006—2019CV08.10.B96	政府办医疗卫生机构隶属关系代码	6	街道属	
12.3	卫生机构	T/CIATCM006—2019CV08.10.B96	政府办医疗卫生机构隶属关系代码	7	镇属	
12.3	卫生机构	T/CIATCM006—2019CV08.10.B96	政府办医疗卫生机构隶属关系代码	8	乡属	
12.5	卫生机构	HBCV08.10.008	资质类别代码	01	国家级资质认定	
12.5	卫生机构	HBCV08.10.008	资质类别代码	02	省级资质认定	
12.5	卫生机构	HBCV08.10.008	资质类别代码	03	认可	
12.5	卫生机构	HBCV08.10.008	资质类别代码	04	重点实验室	
12.5	卫生机构	HBCV08.10.008	资质类别代码	05	参比实验室	
12.5	卫生机构	HBCV08.10.008	资质类别代码	06	网络实验室	
12.5	卫生机构	HBCV08.10.008	资质类别代码	99	其他	
12.6	卫生机构	HBCV08.10.039	应急机构的主办单位代码	1	政府办	
12.6	卫生机构	HBCV08.10.039	应急机构的主办单位代码	2	社会办	
12.6	卫生机构	HBCV08.10.039	应急机构的主办单位代码	3	个人办	
12.7	卫生机构	HBCV08.10.040	科室特殊服务类型	0	门诊科室	
12.7	卫生机构	HBCV08.10.040	科室特殊服务类型	1	普通病区	
12.7	卫生机构	HBCV08.10.040	科室特殊服务类型	2	手术室	
12.7	卫生机构	HBCV08.10.040	科室特殊服务类型	3	消毒供应室	
12.7	卫生机构	HBCV08.10.040	科室特殊服务类型	4	静脉输液配制中心(PIVAS)	
12.7	卫生机构	HBCV08.10.040	科室特殊服务类型	5	重症监护室	
12.7	卫生机构	HBCV08.10.040	科室特殊服务类型	6	日间手术病区	
12.7	卫生机构	HBCV08.10.040	科室特殊服务类型	9	其他	
12.8	卫生机构	CT08.00.002	医疗卫生机构业务科室分类与代码	A01	预防保健科	
12.8	卫生机构	CT08.00.002	医疗卫生机构业务科室分类与代码	A02	全科医疗科	
12.8	卫生机构	CT08.00.002	医疗卫生机构业务科室分类与代码	A03	内科	
12.8	卫生机构	CT08.00.002	医疗卫生机构业务科室分类与代码	A03.01	呼吸内科专业	
12.8	卫生机构	CT08.00.002	医疗卫生机构业务科室分类与代码	A03.02	消化内科专业	
12.8	卫生机构	CT08.00.002	医疗卫生机构业务科室分类与代码	A03.03	神经内科专业	
12.8	卫生机构	CT08.00.002	医疗卫生机构业务科室分类与代码	A03.04	心血管内科专业	
12.8	卫生机构	CT08.00.002	医疗卫生机构业务科室分类与代码	A03.05	血液内科专业	
12.8	卫生机构	CT08.00.002	医疗卫生机构业务科室分类与代码	A03.06	肾病学专业	
12.8	卫生机构	CT08.00.002	医疗卫生机构业务科室分类与代码	A03.07	内分泌专业	
12.8	卫生机构	CT08.00.002	医疗卫生机构业务科室分类与代码	A03.08	免疫学专业	
12.8	卫生机构	CT08.00.002	医疗卫生机构业务科室分类与代码	A03.09	变态反应专业	
12.8	卫生机构	CT08.00.002	医疗卫生机构业务科室分类与代码	A03.10	老年病专业	
12.8	卫生机构	CT08.00.002	医疗卫生机构业务科室分类与代码	A03.11	其他	
12.8	卫生机构	CT08.00.002	医疗卫生机构业务科室分类与代码	A04	外科	
12.8	卫生机构	CT08.00.002	医疗卫生机构业务科室分类与代码	A04.01	普通外科专业	
12.8	卫生机构	CT08.00.002	医疗卫生机构业务科室分类与代码	A04.01.01	肝脏移植项目	
12.8	卫生机构	CT08.00.002	医疗卫生机构业务科室分类与代码	A04.01.02	胰腺移植项目	
12.8	卫生机构	CT08.00.002	医疗卫生机构业务科室分类与代码	A04.01.03	小肠移植项目	
12.8	卫生机构	CT08.00.002	医疗卫生机构业务科室分类与代码	A04.02	神经外科专业	
12.8	卫生机构	CT08.00.002	医疗卫生机构业务科室分类与代码	A04.03	骨科专业	
12.8	卫生机构	CT08.00.002	医疗卫生机构业务科室分类与代码	A04.04	泌尿外科专业	
12.8	卫生机构	CT08.00.002	医疗卫生机构业务科室分类与代码	A04.04.01	肾脏移植项目	
12.8	卫生机构	CT08.00.002	医疗卫生机构业务科室分类与代码	A04.05	胸外科专业	
12.8	卫生机构	CT08.00.002	医疗卫生机构业务科室分类与代码	A04.05.01	肺脏移植项目	
12.8	卫生机构	CT08.00.002	医疗卫生机构业务科室分类与代码	A04.06	心脏大血管外科专业	
12.8	卫生机构	CT08.00.002	医疗卫生机构业务科室分类与代码	A04.06.01	心脏移植项目	
12.8	卫生机构	CT08.00.002	医疗卫生机构业务科室分类与代码	A04.07	烧伤科专业	
12.8	卫生机构	CT08.00.002	医疗卫生机构业务科室分类与代码	A04.08	整形外科专业	
12.8	卫生机构	CT08.00.002	医疗卫生机构业务科室分类与代码	A04.09	其他	
12.8	卫生机构	CT08.00.002	医疗卫生机构业务科室分类与代码	A05	妇产科	
12.8	卫生机构	CT08.00.002	医疗卫生机构业务科室分类与代码	A05.01	妇科专业	
12.8	卫生机构	CT08.00.002	医疗卫生机构业务科室分类与代码	A05.02	产科专业	
12.8	卫生机构	CT08.00.002	医疗卫生机构业务科室分类与代码	A05.03	计划生育专业	
12.8	卫生机构	CT08.00.002	医疗卫生机构业务科室分类与代码	A05.04	优生学专业	
12.8	卫生机构	CT08.00.002	医疗卫生机构业务科室分类与代码	A05.05	生殖健康与不孕症专业	
12.8	卫生机构	CT08.00.002	医疗卫生机构业务科室分类与代码	A05.06	其他	
12.8	卫生机构	CT08.00.002	医疗卫生机构业务科室分类与代码	A06	妇女保健科	
12.8	卫生机构	CT08.00.002	医疗卫生机构业务科室分类与代码	A06.01	青春期保健专业	
12.8	卫生机构	CT08.00.002	医疗卫生机构业务科室分类与代码	A06.02	围产期保健专业	
12.8	卫生机构	CT08.00.002	医疗卫生机构业务科室分类与代码	A06.03	更年期保健专业	
12.8	卫生机构	CT08.00.002	医疗卫生机构业务科室分类与代码	A06.04	妇女心理卫生专业	
12.8	卫生机构	CT08.00.002	医疗卫生机构业务科室分类与代码	A06.05	妇女营养专业	
12.8	卫生机构	CT08.00.002	医疗卫生机构业务科室分类与代码	A06.06	其他	
12.8	卫生机构	CT08.00.002	医疗卫生机构业务科室分类与代码	A07	儿科	
12.8	卫生机构	CT08.00.002	医疗卫生机构业务科室分类与代码	A07.01	新生儿专业	
12.8	卫生机构	CT08.00.002	医疗卫生机构业务科室分类与代码	A07.02	小儿传染病专业	
12.8	卫生机构	CT08.00.002	医疗卫生机构业务科室分类与代码	A07.03	小儿消化专业	
12.8	卫生机构	CT08.00.002	医疗卫生机构业务科室分类与代码	A07.04	小儿呼吸专业	
12.8	卫生机构	CT08.00.002	医疗卫生机构业务科室分类与代码	A07.05	小儿心脏病专业	
12.8	卫生机构	CT08.00.002	医疗卫生机构业务科室分类与代码	A07.06	小儿肾病专业	
12.8	卫生机构	CT08.00.002	医疗卫生机构业务科室分类与代码	A07.07	小儿血液病专业	
12.8	卫生机构	CT08.00.002	医疗卫生机构业务科室分类与代码	A07.08	小儿神经病学专业	
12.8	卫生机构	CT08.00.002	医疗卫生机构业务科室分类与代码	A07.09	小儿内分泌专业	
12.8	卫生机构	CT08.00.002	医疗卫生机构业务科室分类与代码	A07.10	小儿遗传病专业	
12.8	卫生机构	CT08.00.002	医疗卫生机构业务科室分类与代码	A07.11	小儿免疫专业	
12.8	卫生机构	CT08.00.002	医疗卫生机构业务科室分类与代码	A07.12	其他	
12.8	卫生机构	CT08.00.002	医疗卫生机构业务科室分类与代码	A08	小儿外科	
12.8	卫生机构	CT08.00.002	医疗卫生机构业务科室分类与代码	A08.01	小儿普通外科专业	
12.8	卫生机构	CT08.00.002	医疗卫生机构业务科室分类与代码	A08.02	小儿骨科专业	
12.8	卫生机构	CT08.00.002	医疗卫生机构业务科室分类与代码	A08.03	小儿泌尿外科专业	
12.8	卫生机构	CT08.00.002	医疗卫生机构业务科室分类与代码	A08.04	小儿胸心外科专业	
12.8	卫生机构	CT08.00.002	医疗卫生机构业务科室分类与代码	A08.05	小儿神经外科专业	
12.8	卫生机构	CT08.00.002	医疗卫生机构业务科室分类与代码	A08.06	其他	
12.8	卫生机构	CT08.00.002	医疗卫生机构业务科室分类与代码	A09	儿童保健科	
12.8	卫生机构	CT08.00.002	医疗卫生机构业务科室分类与代码	A09.01	儿童生长发育专业	
12.8	卫生机构	CT08.00.002	医疗卫生机构业务科室分类与代码	A09.02	儿童营养专业	
12.8	卫生机构	CT08.00.002	医疗卫生机构业务科室分类与代码	A09.03	儿童心理卫生专业	
12.8	卫生机构	CT08.00.002	医疗卫生机构业务科室分类与代码	A09.04	儿童五官保健专业	
12.8	卫生机构	CT08.00.002	医疗卫生机构业务科室分类与代码	A09.05	儿童康复专业	
12.8	卫生机构	CT08.00.002	医疗卫生机构业务科室分类与代码	A09.06	其他	
12.8	卫生机构	CT08.00.002	医疗卫生机构业务科室分类与代码	A10	眼科	
12.8	卫生机构	CT08.00.002	医疗卫生机构业务科室分类与代码	A11	耳鼻咽喉科	
12.8	卫生机构	CT08.00.002	医疗卫生机构业务科室分类与代码	A11.01	耳科专业	
12.8	卫生机构	CT08.00.002	医疗卫生机构业务科室分类与代码	A11.02	鼻科专业	
12.8	卫生机构	CT08.00.002	医疗卫生机构业务科室分类与代码	A11.03	咽喉科专业	
12.8	卫生机构	CT08.00.002	医疗卫生机构业务科室分类与代码	A11.04	其他	
12.8	卫生机构	CT08.00.002	医疗卫生机构业务科室分类与代码	A12	口腔科	
12.8	卫生机构	CT08.00.002	医疗卫生机构业务科室分类与代码	A12.01	牙体牙髓病专业	
12.8	卫生机构	CT08.00.002	医疗卫生机构业务科室分类与代码	A12.02	牙周病专业	
12.8	卫生机构	CT08.00.002	医疗卫生机构业务科室分类与代码	A12.03	口腔黏膜病专业	
12.8	卫生机构	CT08.00.002	医疗卫生机构业务科室分类与代码	A12.04	儿童口腔专业	
12.8	卫生机构	CT08.00.002	医疗卫生机构业务科室分类与代码	A12.05	口腔颌骨外科专业	
12.8	卫生机构	CT08.00.002	医疗卫生机构业务科室分类与代码	A12.06	口腔修复专业	
12.8	卫生机构	CT08.00.002	医疗卫生机构业务科室分类与代码	A12.07	口腔正畸专业	
12.8	卫生机构	CT08.00.002	医疗卫生机构业务科室分类与代码	A12.08	口腔种植专业	
12.8	卫生机构	CT08.00.002	医疗卫生机构业务科室分类与代码	A12.09	口腔麻醉专业	
12.8	卫生机构	CT08.00.002	医疗卫生机构业务科室分类与代码	A12.10	口腔颌面医学影像专业	
12.8	卫生机构	CT08.00.002	医疗卫生机构业务科室分类与代码	A13	皮肤科	
12.8	卫生机构	CT08.00.002	医疗卫生机构业务科室分类与代码	A13.01	皮肤病专业	
12.8	卫生机构	CT08.00.002	医疗卫生机构业务科室分类与代码	A13.02	性传播疾病专业	
12.8	卫生机构	CT08.00.002	医疗卫生机构业务科室分类与代码	A13.03	其他	
12.8	卫生机构	CT08.00.002	医疗卫生机构业务科室分类与代码	A14	医疗美容科	
12.8	卫生机构	CT08.00.002	医疗卫生机构业务科室分类与代码	A15	精神科	
12.8	卫生机构	CT08.00.002	医疗卫生机构业务科室分类与代码	A15.01	精神病专业	
12.8	卫生机构	CT08.00.002	医疗卫生机构业务科室分类与代码	A15.02	精神卫生专业	
12.8	卫生机构	CT08.00.002	医疗卫生机构业务科室分类与代码	A15.03	药物依赖专业	
12.8	卫生机构	CT08.00.002	医疗卫生机构业务科室分类与代码	A15.04	精神康复专业	
12.8	卫生机构	CT08.00.002	医疗卫生机构业务科室分类与代码	A15.05	社区防治专业	
12.8	卫生机构	CT08.00.002	医疗卫生机构业务科室分类与代码	A15.06	临床心理专业	
12.8	卫生机构	CT08.00.002	医疗卫生机构业务科室分类与代码	A15.07	司法精神专业	
12.8	卫生机构	CT08.00.002	医疗卫生机构业务科室分类与代码	A15.08	其他	
12.8	卫生机构	CT08.00.002	医疗卫生机构业务科室分类与代码	A16	传染科	
12.8	卫生机构	CT08.00.002	医疗卫生机构业务科室分类与代码	A16.01	肠道传染病专业	
12.8	卫生机构	CT08.00.002	医疗卫生机构业务科室分类与代码	A16.02	呼吸道传染病专业	
12.8	卫生机构	CT08.00.002	医疗卫生机构业务科室分类与代码	A16.03	肝炎专业	
12.8	卫生机构	CT08.00.002	医疗卫生机构业务科室分类与代码	A16.04	虫媒传染病专业	
12.8	卫生机构	CT08.00.002	医疗卫生机构业务科室分类与代码	A16.05	动物源性传染病专业	
12.8	卫生机构	CT08.00.002	医疗卫生机构业务科室分类与代码	A16.06	蠕虫病专业	
12.8	卫生机构	CT08.00.002	医疗卫生机构业务科室分类与代码	A16.07	其它	
12.8	卫生机构	CT08.00.002	医疗卫生机构业务科室分类与代码	A17	结核病科	
12.8	卫生机构	CT08.00.002	医疗卫生机构业务科室分类与代码	A18	地方病科	
12.8	卫生机构	CT08.00.002	医疗卫生机构业务科室分类与代码	A19	肿瘤科	
12.8	卫生机构	CT08.00.002	医疗卫生机构业务科室分类与代码	A20	急诊医学科	
12.8	卫生机构	CT08.00.002	医疗卫生机构业务科室分类与代码	A21	康复医学科	
12.8	卫生机构	CT08.00.002	医疗卫生机构业务科室分类与代码	A22	运动医学科	
12.8	卫生机构	CT08.00.002	医疗卫生机构业务科室分类与代码	A23	职业病科	
12.8	卫生机构	CT08.00.002	医疗卫生机构业务科室分类与代码	A23.01	职业中毒专业	
12.8	卫生机构	CT08.00.002	医疗卫生机构业务科室分类与代码	A23.02	尘肺专业	
12.8	卫生机构	CT08.00.002	医疗卫生机构业务科室分类与代码	A23.03	放射病专业	
12.8	卫生机构	CT08.00.002	医疗卫生机构业务科室分类与代码	A23.04	物理因素损伤专业	
12.8	卫生机构	CT08.00.002	医疗卫生机构业务科室分类与代码	A23.05	职业健康监护专业	
12.8	卫生机构	CT08.00.002	医疗卫生机构业务科室分类与代码	A23.06	其他	
12.8	卫生机构	CT08.00.002	医疗卫生机构业务科室分类与代码	A24	临终关怀科	
12.8	卫生机构	CT08.00.002	医疗卫生机构业务科室分类与代码	A25	特种医学与军事医学科	
12.8	卫生机构	CT08.00.002	医疗卫生机构业务科室分类与代码	A26	麻醉科	
12.8	卫生机构	CT08.00.002	医疗卫生机构业务科室分类与代码	A27	疼痛科	
12.8	卫生机构	CT08.00.002	医疗卫生机构业务科室分类与代码	A28	重症医学科	
12.8	卫生机构	CT08.00.002	医疗卫生机构业务科室分类与代码	A30	医学检验科	
12.8	卫生机构	CT08.00.002	医疗卫生机构业务科室分类与代码	A30.01	临床体液、血液专业	
12.8	卫生机构	CT08.00.002	医疗卫生机构业务科室分类与代码	A30.02	临床微生物学专业	
12.8	卫生机构	CT08.00.002	医疗卫生机构业务科室分类与代码	A30.03	临床生化检验专业	
12.8	卫生机构	CT08.00.002	医疗卫生机构业务科室分类与代码	A30.04	临床免疫、血清学专业	
12.8	卫生机构	CT08.00.002	医疗卫生机构业务科室分类与代码	A30.05	临床细胞分子遗传学专业	
12.8	卫生机构	CT08.00.002	医疗卫生机构业务科室分类与代码	A30.06	其他	
12.8	卫生机构	CT08.00.002	医疗卫生机构业务科室分类与代码	A31	病理科	
12.8	卫生机构	CT08.00.002	医疗卫生机构业务科室分类与代码	A32	医学影像科	
12.8	卫生机构	CT08.00.002	医疗卫生机构业务科室分类与代码	A32.01	X线诊断专业	
12.8	卫生机构	CT08.00.002	医疗卫生机构业务科室分类与代码	A32.02	CT诊断专业	
12.8	卫生机构	CT08.00.002	医疗卫生机构业务科室分类与代码	A32.03	磁共振成像诊断专业	
12.8	卫生机构	CT08.00.002	医疗卫生机构业务科室分类与代码	A32.04	核医学专业	
12.8	卫生机构	CT08.00.002	医疗卫生机构业务科室分类与代码	A32.05	超声诊断专业	
12.8	卫生机构	CT08.00.002	医疗卫生机构业务科室分类与代码	A32.06	心电诊断专业	
12.8	卫生机构	CT08.00.002	医疗卫生机构业务科室分类与代码	A32.07	脑电及脑血流图诊断专业	
12.8	卫生机构	CT08.00.002	医疗卫生机构业务科室分类与代码	A32.08	神经肌肉电图专业	
12.8	卫生机构	CT08.00.002	医疗卫生机构业务科室分类与代码	A32.09	介入放射学专业	
12.8	卫生机构	CT08.00.002	医疗卫生机构业务科室分类与代码	A32.10	放射治疗专业	
12.8	卫生机构	CT08.00.002	医疗卫生机构业务科室分类与代码	A32.11	其他	
12.8	卫生机构	CT08.00.002	医疗卫生机构业务科室分类与代码	A50	中医科	
12.8	卫生机构	CT08.00.002	医疗卫生机构业务科室分类与代码	A50.01	内科专业	
12.8	卫生机构	CT08.00.002	医疗卫生机构业务科室分类与代码	A50.02	外科专业	
12.8	卫生机构	CT08.00.002	医疗卫生机构业务科室分类与代码	A50.03	妇产科专业	
12.8	卫生机构	CT08.00.002	医疗卫生机构业务科室分类与代码	A50.04	儿科专业	
12.8	卫生机构	CT08.00.002	医疗卫生机构业务科室分类与代码	A50.05	皮肤科专业	
12.8	卫生机构	CT08.00.002	医疗卫生机构业务科室分类与代码	A50.06	眼科专业	
12.8	卫生机构	CT08.00.002	医疗卫生机构业务科室分类与代码	A50.07	耳鼻咽喉科专业	
12.8	卫生机构	CT08.00.002	医疗卫生机构业务科室分类与代码	A50.08	口腔科专业	
12.8	卫生机构	CT08.00.002	医疗卫生机构业务科室分类与代码	A50.09	肿瘤科专业	
12.8	卫生机构	CT08.00.002	医疗卫生机构业务科室分类与代码	A50.10	骨伤科专业	
12.8	卫生机构	CT08.00.002	医疗卫生机构业务科室分类与代码	A50.11	肛肠科专业	
12.8	卫生机构	CT08.00.002	医疗卫生机构业务科室分类与代码	A50.12	老年病科专业	
12.8	卫生机构	CT08.00.002	医疗卫生机构业务科室分类与代码	A50.13	针灸科专业	
12.8	卫生机构	CT08.00.002	医疗卫生机构业务科室分类与代码	A50.14	推拿科专业	
12.8	卫生机构	CT08.00.002	医疗卫生机构业务科室分类与代码	A50.15	康复医学专业	
12.8	卫生机构	CT08.00.002	医疗卫生机构业务科室分类与代码	A50.16	急诊科专业	
12.8	卫生机构	CT08.00.002	医疗卫生机构业务科室分类与代码	A50.17	预防保健科专业	
12.8	卫生机构	CT08.00.002	医疗卫生机构业务科室分类与代码	A50.18	其他	
12.8	卫生机构	CT08.00.002	医疗卫生机构业务科室分类与代码	A51	民族医学科	
12.8	卫生机构	CT08.00.002	医疗卫生机构业务科室分类与代码	A51.01	维吾尔医学	
12.8	卫生机构	CT08.00.002	医疗卫生机构业务科室分类与代码	A51.02	藏医学	
12.8	卫生机构	CT08.00.002	医疗卫生机构业务科室分类与代码	A51.03	蒙医学	
12.8	卫生机构	CT08.00.002	医疗卫生机构业务科室分类与代码	A51.04	彝医学	
12.8	卫生机构	CT08.00.002	医疗卫生机构业务科室分类与代码	A51.05	傣医学	
12.8	卫生机构	CT08.00.002	医疗卫生机构业务科室分类与代码	A51.06	其他	
12.8	卫生机构	CT08.00.002	医疗卫生机构业务科室分类与代码	A52	中西医结合科	
12.8	卫生机构	CT08.00.002	医疗卫生机构业务科室分类与代码	A69	其他业务科室	
12.8	卫生机构	CT08.00.002	医疗卫生机构业务科室分类与代码	B01	传染病预防控制科(中心)	
12.8	卫生机构	CT08.00.002	医疗卫生机构业务科室分类与代码	B02	性病艾滋病预防控制科(中心)	
12.8	卫生机构	CT08.00.002	医疗卫生机构业务科室分类与代码	B03	结核病预防控制科(中心)	
12.8	卫生机构	CT08.00.002	医疗卫生机构业务科室分类与代码	B04	血吸虫预防控制科(中心)	
12.8	卫生机构	CT08.00.002	医疗卫生机构业务科室分类与代码	B05	慢性非传染性疾病预防控制科(中心)	
12.8	卫生机构	CT08.00.002	医疗卫生机构业务科室分类与代码	B06	寄生虫病预防控制科(中心)	
12.8	卫生机构	CT08.00.002	医疗卫生机构业务科室分类与代码	B07	地方病控制科(中心)	
12.8	卫生机构	CT08.00.002	医疗卫生机构业务科室分类与代码	B08	精神卫生科(中心)	
12.8	卫生机构	CT08.00.002	医疗卫生机构业务科室分类与代码	B09	妇幼保健科	
12.8	卫生机构	CT08.00.002	医疗卫生机构业务科室分类与代码	B10	免疫规划科(中心)	
12.8	卫生机构	CT08.00.002	医疗卫生机构业务科室分类与代码	B11	农村改水技术指导科(中心)	
12.8	卫生机构	CT08.00.002	医疗卫生机构业务科室分类与代码	B12	疾病控制与应急处理办公室	
12.8	卫生机构	CT08.00.002	医疗卫生机构业务科室分类与代码	B13	食品卫生科	
12.8	卫生机构	CT08.00.002	医疗卫生机构业务科室分类与代码	B14	环境卫生所	
12.8	卫生机构	CT08.00.002	医疗卫生机构业务科室分类与代码	B15	职业卫生科	
12.8	卫生机构	CT08.00.002	医疗卫生机构业务科室分类与代码	B16	放射卫生科	
12.8	卫生机构	CT08.00.002	医疗卫生机构业务科室分类与代码	B17	学校卫生科	
12.8	卫生机构	CT08.00.002	医疗卫生机构业务科室分类与代码	B18	健康教育科(中心)	
12.8	卫生机构	CT08.00.002	医疗卫生机构业务科室分类与代码	B19	预防医学门诊	
12.8	卫生机构	CT08.00.002	医疗卫生机构业务科室分类与代码	B69	其他业务科室	
12.8	卫生机构	CT08.00.002	医疗卫生机构业务科室分类与代码	C01	综合卫生监督科	
12.8	卫生机构	CT08.00.002	医疗卫生机构业务科室分类与代码	C02	产品卫生监督科	
12.8	卫生机构	CT08.00.002	医疗卫生机构业务科室分类与代码	C03	职业卫生监督科	
12.8	卫生机构	CT08.00.002	医疗卫生机构业务科室分类与代码	C04	环境卫生监督科	
12.8	卫生机构	CT08.00.002	医疗卫生机构业务科室分类与代码	C05	传染病执法监督科	
12.8	卫生机构	CT08.00.002	医疗卫生机构业务科室分类与代码	C06	医疗服务监督科	
12.8	卫生机构	CT08.00.002	医疗卫生机构业务科室分类与代码	C07	稽查科(大队)	
12.8	卫生机构	CT08.00.002	医疗卫生机构业务科室分类与代码	C08	许可受理科	
12.8	卫生机构	CT08.00.002	医疗卫生机构业务科室分类与代码	C09	放射卫生监督科	
12.8	卫生机构	CT08.00.002	医疗卫生机构业务科室分类与代码	C10	学校卫生监督科	
12.8	卫生机构	CT08.00.002	医疗卫生机构业务科室分类与代码	C11	食品安全监督科	
12.8	卫生机构	CT08.00.002	医疗卫生机构业务科室分类与代码	C69	其他	
12.8	卫生机构	CT08.00.002	医疗卫生机构业务科室分类与代码	D71	护理部	
12.8	卫生机构	CT08.00.002	医疗卫生机构业务科室分类与代码	D72	药剂科(药房)	
12.8	卫生机构	CT08.00.002	医疗卫生机构业务科室分类与代码	D73	感染科	
12.8	卫生机构	CT08.00.002	医疗卫生机构业务科室分类与代码	D74	输血科(血库)	
12.8	卫生机构	CT08.00.002	医疗卫生机构业务科室分类与代码	D81	办公室	
12.8	卫生机构	CT08.00.002	医疗卫生机构业务科室分类与代码	D82	人事科	
12.8	卫生机构	CT08.00.002	医疗卫生机构业务科室分类与代码	D83	财务科	
12.8	卫生机构	CT08.00.002	医疗卫生机构业务科室分类与代码	D84	设备科	
12.8	卫生机构	CT08.00.002	医疗卫生机构业务科室分类与代码	D85	信息科(中心)	
12.8	卫生机构	CT08.00.002	医疗卫生机构业务科室分类与代码	D86	医政科	
12.8	卫生机构	CT08.00.002	医疗卫生机构业务科室分类与代码	D87	教育培训科	
12.8	卫生机构	CT08.00.002	医疗卫生机构业务科室分类与代码	D88	总务科	
12.8	卫生机构	CT08.00.002	医疗卫生机构业务科室分类与代码	D89	医保管理办公室	
12.8	卫生机构	CT08.00.002	医疗卫生机构业务科室分类与代码	D99	其他科室	
13.1	卫生人员	CV08.30.005	专业技术职务类别代码	1	正高	
13.1	卫生人员	CV08.30.005	专业技术职务类别代码	2	副高	
13.1	卫生人员	CV08.30.005	专业技术职务类别代码	3	中级	
13.1	卫生人员	CV08.30.005	专业技术职务类别代码	4	师级/助理	
13.1	卫生人员	CV08.30.005	专业技术职务类别代码	5	士级	
13.1	卫生人员	CV08.30.005	专业技术职务类别代码	6	待聘	
14.1	药品、设备与材料	CT05.10.007	处方类别代码	0	非药品	
14.1	药品、设备与材料	CT05.10.007	处方类别代码	1	门诊西药	
14.1	药品、设备与材料	CT05.10.007	处方类别代码	2	门诊中草药	
14.1	药品、设备与材料	CT05.10.007	处方类别代码	3	急诊西药	
14.1	药品、设备与材料	CT05.10.007	处方类别代码	4	急诊中草药	
14.1	药品、设备与材料	CT05.10.007	处方类别代码	5	儿科西药	
14.1	药品、设备与材料	CT05.10.007	处方类别代码	6	儿科中草药	
14.1	药品、设备与材料	CT05.10.007	处方类别代码	7	麻、精一	
14.1	药品、设备与材料	CT05.10.007	处方类别代码	8	精二	
14.1	药品、设备与材料	CT05.10.007	处方类别代码	9	中药饮片	
14.1	药品、设备与材料	CT05.10.007	处方类别代码	10	中成药	
14.2	药品、设备与材料	CV5301.06	药品类型代码	0100	抗生素类抗感染药物	
14.2	药品、设备与材料	CV5301.06	药品类型代码	0101	青霉素类抗生素	
14.2	药品、设备与材料	CV5301.06	药品类型代码	0102	头孢菌素类抗生素	
14.2	药品、设备与材料	CV5301.06	药品类型代码	0103	氨基糖苷类抗生素	
14.2	药品、设备与材料	CV5301.06	药品类型代码	0104	酰胺醇类抗生素	
14.2	药品、设备与材料	CV5301.06	药品类型代码	0105	四环素类抗生素	
14.2	药品、设备与材料	CV5301.06	药品类型代码	0106	大环内酯类抗生素	
14.2	药品、设备与材料	CV5301.06	药品类型代码	0107	多肽类抗生素	
14.2	药品、设备与材料	CV5301.06	药品类型代码	0108	β-内酰胺酶抑制剂	
14.2	药品、设备与材料	CV5301.06	药品类型代码	0109	林可胺类抗生素	
14.2	药品、设备与材料	CV5301.06	药品类型代码	0110	利福霉素类抗生素	
14.2	药品、设备与材料	CV5301.06	药品类型代码	0111	多烯类抗生素	
14.2	药品、设备与材料	CV5301.06	药品类型代码	0199	其它抗生素类抗感染药	
14.2	药品、设备与材料	CV5301.06	药品类型代码	0200	非抗生素类抗感染药物	
14.2	药品、设备与材料	CV5301.06	药品类型代码	0201	磺胺类药及增效剂	
14.2	药品、设备与材料	CV5301.06	药品类型代码	0202	喹诺酮类抗感染药	
14.2	药品、设备与材料	CV5301.06	药品类型代码	0203	抗结核麻风分枝杆菌类药	
14.2	药品、设备与材料	CV5301.06	药品类型代码	0204	抗真菌类药	
14.2	药品、设备与材料	CV5301.06	药品类型代码	0205	抗病毒类药	
14.2	药品、设备与材料	CV5301.06	药品类型代码	0206	抗螺旋体类药	
14.2	药品、设备与材料	CV5301.06	药品类型代码	0207	天然来源抗感染药	
14.2	药品、设备与材料	CV5301.06	药品类型代码	0208	硝基呋喃类抗感染药	
14.2	药品、设备与材料	CV5301.06	药品类型代码	0209	消毒防腐药	
14.2	药品、设备与材料	CV5301.06	药品类型代码	0299	其它非抗生素类抗感染药	
14.2	药品、设备与材料	CV5301.06	药品类型代码	0300	抗寄生虫病药物	
14.2	药品、设备与材料	CV5301.06	药品类型代码	0301	抗吸虫病药	
14.2	药品、设备与材料	CV5301.06	药品类型代码	0302	抗疟药	
14.2	药品、设备与材料	CV5301.06	药品类型代码	0303	驱肠虫药	
14.2	药品、设备与材料	CV5301.06	药品类型代码	0304	抗丝虫病及抗黑热病药	
14.2	药品、设备与材料	CV5301.06	药品类型代码	0305	抗阿米巴及抗滴虫病药	
14.2	药品、设备与材料	CV5301.06	药品类型代码	0399	其它抗寄生虫病药	
14.2	药品、设备与材料	CV5301.06	药品类型代码	0400	解热镇痛药物	
14.2	药品、设备与材料	CV5301.06	药品类型代码	0401	解热镇痛药	
14.2	药品、设备与材料	CV5301.06	药品类型代码	0402	非成瘾性镇痛药	
14.2	药品、设备与材料	CV5301.06	药品类型代码	0403	抗炎镇痛药	
14.2	药品、设备与材料	CV5301.06	药品类型代码	0404	抗痛风药	
14.2	药品、设备与材料	CV5301.06	药品类型代码	0405	抗偏头痛药	
14.2	药品、设备与材料	CV5301.06	药品类型代码	0499	其它解热镇痛药	
14.2	药品、设备与材料	CV5301.06	药品类型代码	0500	麻醉用药物	
14.2	药品、设备与材料	CV5301.06	药品类型代码	0501	全身麻醉药	
14.2	药品、设备与材料	CV5301.06	药品类型代码	0502	局部麻醉药	
14.2	药品、设备与材料	CV5301.06	药品类型代码	0503	麻醉辅助药	
14.2	药品、设备与材料	CV5301.06	药品类型代码	0599	其它麻醉用药	
14.2	药品、设备与材料	CV5301.06	药品类型代码	0600	维生素类与矿物质类药物	
14.2	药品、设备与材料	CV5301.06	药品类型代码	0601	维生素AD属	
14.2	药品、设备与材料	CV5301.06	药品类型代码	0602	维生素B属	
14.2	药品、设备与材料	CV5301.06	药品类型代码	0603	维生素C属及其它属	
14.2	药品、设备与材料	CV5301.06	药品类型代码	0604	复合维生素类	
14.2	药品、设备与材料	CV5301.06	药品类型代码	0605	微量元素与矿物质	
14.2	药品、设备与材料	CV5301.06	药品类型代码	0606	滋补营养药	
14.2	药品、设备与材料	CV5301.06	药品类型代码	0699	其它营养类药	
14.2	药品、设备与材料	CV5301.06	药品类型代码	0700	酶类及其它生化药物	
14.2	药品、设备与材料	CV5301.06	药品类型代码	0701	酶及辅酶类药	
14.2	药品、设备与材料	CV5301.06	药品类型代码	0702	氨基酸及蛋白质类药	
14.2	药品、设备与材料	CV5301.06	药品类型代码	0703	复方氨基酸类药	
14.2	药品、设备与材料	CV5301.06	药品类型代码	0704	多糖及脂类药	
14.2	药品、设备与材料	CV5301.06	药品类型代码	0705	核酸类药	
14.2	药品、设备与材料	CV5301.06	药品类型代码	0799	其他生化药	
14.2	药品、设备与材料	CV5301.06	药品类型代码	0800	激素及调节内分泌功能类药物	
14.2	药品、设备与材料	CV5301.06	药品类型代码	0801	肾上腺皮质激素类药	
14.2	药品、设备与材料	CV5301.06	药品类型代码	0802	促肾上腺皮质激素类药	
14.2	药品、设备与材料	CV5301.06	药品类型代码	0803	雄激素及同化激素类药	
14.2	药品、设备与材料	CV5301.06	药品类型代码	0804	雌激素及孕激素类药	
14.2	药品、设备与材料	CV5301.06	药品类型代码	0805	促性激素类药	
14.2	药品、设备与材料	CV5301.06	药品类型代码	0806	避孕药	
14.2	药品、设备与材料	CV5301.06	药品类型代码	0807	子宫收缩药及抗生育药	
14.2	药品、设备与材料	CV5301.06	药品类型代码	0808	胰腺激素及其它调节血糖药	
14.2	药品、设备与材料	CV5301.06	药品类型代码	0809	甲状腺激素及抗甲状腺药	
14.2	药品、设备与材料	CV5301.06	药品类型代码	0810	前列腺素类药	
14.2	药品、设备与材料	CV5301.06	药品类型代码	0899	其它激素及调节内分泌功能类药	
14.2	药品、设备与材料	CV5301.06	药品类型代码	0900	调节免疫功能药物	
14.2	药品、设备与材料	CV5301.06	药品类型代码	0901	免疫抑制剂	
14.2	药品、设备与材料	CV5301.06	药品类型代码	0902	生物反应调节剂	
14.2	药品、设备与材料	CV5301.06	药品类型代码	0999	其它调节免疫功能药	
14.2	药品、设备与材料	CV5301.06	药品类型代码	1000	抗肿瘤药物	
14.2	药品、设备与材料	CV5301.06	药品类型代码	1001	烷化剂类抗肿瘤药	
14.2	药品、设备与材料	CV5301.06	药品类型代码	1002	抗代谢类抗肿瘤药物	
14.2	药品、设备与材料	CV5301.06	药品类型代码	1003	抗生素类抗肿瘤药	
14.2	药品、设备与材料	CV5301.06	药品类型代码	1004	天然来源类抗肿瘤药	
14.2	药品、设备与材料	CV5301.06	药品类型代码	1005	激素类抗肿瘤药	
14.2	药品、设备与材料	CV5301.06	药品类型代码	1099	其它抗肿瘤药	
14.2	药品、设备与材料	CV5301.06	药品类型代码	1100	抗变态反应药物	
14.2	药品、设备与材料	CV5301.06	药品类型代码	1101	抗组织胺药	
14.2	药品、设备与材料	CV5301.06	药品类型代码	1102	过敏反应介质阻滞剂	
14.2	药品、设备与材料	CV5301.06	药品类型代码	1199	其它抗变态反应药	
14.2	药品、设备与材料	CV5301.06	药品类型代码	1200	神经系统用药物	
14.2	药品、设备与材料	CV5301.06	药品类型代码	1201	中枢兴奋药	
14.2	药品、设备与材料	CV5301.06	药品类型代码	1202	镇静催眠药	
14.2	药品、设备与材料	CV5301.06	药品类型代码	1203	抗精神病药	
14.2	药品、设备与材料	CV5301.06	药品类型代码	1204	抗抑郁躁狂药	
14.2	药品、设备与材料	CV5301.06	药品类型代码	1205	抗焦虑药	
14.2	药品、设备与材料	CV5301.06	药品类型代码	1206	抗癫痫及抗惊厥药	
14.2	药品、设备与材料	CV5301.06	药品类型代码	1207	抗震颤麻痹药	
14.2	药品、设备与材料	CV5301.06	药品类型代码	1209	作用于植物神经系统药	
14.2	药品、设备与材料	CV5301.06	药品类型代码	1299	其它神经系统用药	
14.2	药品、设备与材料	CV5301.06	药品类型代码	1300	呼吸系统用药物	
14.2	药品、设备与材料	CV5301.06	药品类型代码	1301	祛痰药	
14.2	药品、设备与材料	CV5301.06	药品类型代码	1302	镇咳药	
14.2	药品、设备与材料	CV5301.06	药品类型代码	1303	平喘药	
14.2	药品、设备与材料	CV5301.06	药品类型代码	1399	其它呼吸系统用药	
14.2	药品、设备与材料	CV5301.06	药品类型代码	1400	消化系统用药物	
14.2	药品、设备与材料	CV5301.06	药品类型代码	1401	抗酸及治溃疡病药	
14.2	药品、设备与材料	CV5301.06	药品类型代码	1402	健胃助消化药	
14.2	药品、设备与材料	CV5301.06	药品类型代码	1403	胃肠解痉药	
14.2	药品、设备与材料	CV5301.06	药品类型代码	1404	止吐催吐药	
14.2	药品、设备与材料	CV5301.06	药品类型代码	1405	泻药止泻药	
14.2	药品、设备与材料	CV5301.06	药品类型代码	1406	食欲抑制药及其它减肥药	
14.2	药品、设备与材料	CV5301.06	药品类型代码	1407	肝病辅助药	
14.2	药品、设备与材料	CV5301.06	药品类型代码	1408	利胆药	
14.2	药品、设备与材料	CV5301.06	药品类型代码	1409	治痔药	
14.2	药品、设备与材料	CV5301.06	药品类型代码	1499	其它消化系统用药	
14.2	药品、设备与材料	CV5301.06	药品类型代码	1500	循环系统用药物	
14.2	药品、设备与材料	CV5301.06	药品类型代码	1501	强心药	
14.2	药品、设备与材料	CV5301.06	药品类型代码	1502	抗心律失常药	
14.2	药品、设备与材料	CV5301.06	药品类型代码	1503	防治心绞痛药	
14.2	药品、设备与材料	CV5301.06	药品类型代码	1504	抗高血压病药	
14.2	药品、设备与材料	CV5301.06	药品类型代码	1505	抗休克血管活性药	
14.2	药品、设备与材料	CV5301.06	药品类型代码	1506	周围血管扩张药	
14.2	药品、设备与材料	CV5301.06	药品类型代码	1507	调节血脂药	
14.2	药品、设备与材料	CV5301.06	药品类型代码	1599	其它循环系统用药	
14.2	药品、设备与材料	CV5301.06	药品类型代码	1600	泌尿系统用药物	
14.2	药品、设备与材料	CV5301.06	药品类型代码	1601	利尿药	
14.2	药品、设备与材料	CV5301.06	药品类型代码	1602	脱水药	
14.2	药品、设备与材料	CV5301.06	药品类型代码	1603	尿崩症用药	
14.2	药品、设备与材料	CV5301.06	药品类型代码	1699	其它泌尿系统用药	
14.2	药品、设备与材料	CV5301.06	药品类型代码	1700	血液系统用药物	
14.2	药品、设备与材料	CV5301.06	药品类型代码	1701	止血药	
14.2	药品、设备与材料	CV5301.06	药品类型代码	1702	血浆及血容量扩充制	
14.2	药品、设备与材料	CV5301.06	药品类型代码	1703	抗贫血药	
14.2	药品、设备与材料	CV5301.06	药品类型代码	1704	促白细胞增生药	
14.2	药品、设备与材料	CV5301.06	药品类型代码	1705	促血小板增生药	
14.2	药品、设备与材料	CV5301.06	药品类型代码	1799	其它血液系统用药	
14.2	药品、设备与材料	CV5301.06	药品类型代码	1800	水\电解质及酸碱平衡调节药物	
14.2	药品、设备与材料	CV5301.06	药品类型代码	1801	葡萄糖类药	
14.2	药品、设备与材料	CV5301.06	药品类型代码	1802	电解质平衡调节药	
14.2	药品、设备与材料	CV5301.06	药品类型代码	1803	酸硷平衡调节药	
14.2	药品、设备与材料	CV5301.06	药品类型代码	1899	其它水\电解质及酸碱平衡调节药	
14.2	药品、设备与材料	CV5301.06	药品类型代码	1900	专科用药物	
14.2	药品、设备与材料	CV5301.06	药品类型代码	1901	外科用药	
14.2	药品、设备与材料	CV5301.06	药品类型代码	1902	皮肤科用药	
14.2	药品、设备与材料	CV5301.06	药品类型代码	1903	眼科用药	
14.2	药品、设备与材料	CV5301.06	药品类型代码	1904	耳鼻喉科用药	
14.2	药品、设备与材料	CV5301.06	药品类型代码	1905	口腔科用药	
14.2	药品、设备与材料	CV5301.06	药品类型代码	1906	妇产科用药	
14.2	药品、设备与材料	CV5301.06	药品类型代码	1907	解毒药	
14.2	药品、设备与材料	CV5301.06	药品类型代码	1908	放射性同位素药	
14.2	药品、设备与材料	CV5301.06	药品类型代码	1999	其它专科用药	
14.2	药品、设备与材料	CV5301.06	药品类型代码	2000	诊断用药物	
14.2	药品、设备与材料	CV5301.06	药品类型代码	2001	X线造影剂	
14.2	药品、设备与材料	CV5301.06	药品类型代码	2002	器官功能检查剂	
14.2	药品、设备与材料	CV5301.06	药品类型代码	2099	其它诊断用药	
14.2	药品、设备与材料	CV5301.06	药品类型代码	2100	生物制品	
14.2	药品、设备与材料	CV5301.06	药品类型代码	2101	菌苗	
14.2	药品、设备与材料	CV5301.06	药品类型代码	2102	疫苗	
14.2	药品、设备与材料	CV5301.06	药品类型代码	2103	毒素	
14.2	药品、设备与材料	CV5301.06	药品类型代码	2104	类毒素	
14.2	药品、设备与材料	CV5301.06	药品类型代码	2105	抗毒素	
14.2	药品、设备与材料	CV5301.06	药品类型代码	2106	抗血清	
14.2	药品、设备与材料	CV5301.06	药品类型代码	2107	血液制品	
14.2	药品、设备与材料	CV5301.06	药品类型代码	2108	细胞因子	
14.2	药品、设备与材料	CV5301.06	药品类型代码	2109	体内诊断用生物制品	
14.2	药品、设备与材料	CV5301.06	药品类型代码	2110	细菌类体外诊断用生物制品	
14.2	药品、设备与材料	CV5301.06	药品类型代码	2111	病毒类体外诊断用生物制品	
14.2	药品、设备与材料	CV5301.06	药品类型代码	2112	立克次代本类体外诊断用生物制品	
14.2	药品、设备与材料	CV5301.06	药品类型代码	2113	血液\免疫类体外诊断用生物制品	
14.2	药品、设备与材料	CV5301.06	药品类型代码	2114	其它类体外诊断用生物制品	
14.2	药品、设备与材料	CV5301.06	药品类型代码	2199	其它生物制品	
14.2	药品、设备与材料	CV5301.06	药品类型代码	2200	制剂辅料	
14.2	药品、设备与材料	CV5301.06	药品类型代码	2201	制剂稳定性辅料	
14.2	药品、设备与材料	CV5301.06	药品类型代码	2202	固体制剂辅料	
14.2	药品、设备与材料	CV5301.06	药品类型代码	2203	半固体制剂辅料	
14.2	药品、设备与材料	CV5301.06	药品类型代码	2204	液体制剂辅料	
14.2	药品、设备与材料	CV5301.06	药品类型代码	2299	其它制剂辅料	
14.2	药品、设备与材料	CV5301.06	药品类型代码	2300	特殊管理药物	
14.2	药品、设备与材料	CV5301.06	药品类型代码	2301	麻醉药品	
14.2	药品、设备与材料	CV5301.06	药品类型代码	2302	精神药品第一类	
14.2	药品、设备与材料	CV5301.06	药品类型代码	2303	精神药品第二类	
14.2	药品、设备与材料	CV5301.06	药品类型代码	2399	其它特殊管理药品	
14.2	药品、设备与材料	CV5301.06	药品类型代码	9900	其它化学药物	
14.2	药品、设备与材料	CV5301.06	药品类型代码	9901	三防特殊用药	
14.2	药品、设备与材料	CV5301.06	药品类型代码	9902	卫生防疫用药	
14.2	药品、设备与材料	CV5301.06	药品类型代码	9999	其它化学药	
14.3	药品、设备与材料	CT08.50.003	剂型分类及剂型代码字典	00	原料	否
14.3	药品、设备与材料	CT08.50.003	剂型分类及剂型代码字典	0000	原料	是
14.3	药品、设备与材料	CT08.50.003	剂型分类及剂型代码字典	01	口服常释普通片剂	否
14.3	药品、设备与材料	CT08.50.003	剂型分类及剂型代码字典	0101	片剂	是 含素片、糖衣片、薄膜衣片
14.3	药品、设备与材料	CT08.50.003	剂型分类及剂型代码字典	0102	肠溶片	是
14.3	药品、设备与材料	CT08.50.003	剂型分类及剂型代码字典	0103	分散片	是
14.3	药品、设备与材料	CT08.50.003	剂型分类及剂型代码字典	0104	咀嚼片	是
14.3	药品、设备与材料	CT08.50.003	剂型分类及剂型代码字典	0105	口腔崩解片	是
14.3	药品、设备与材料	CT08.50.003	剂型分类及剂型代码字典	0106	浸膏片	是 含半浸膏片
14.3	药品、设备与材料	CT08.50.003	剂型分类及剂型代码字典	0107	泡腾片	是
14.3	药品、设备与材料	CT08.50.003	剂型分类及剂型代码字典	0199	其他口服常释普通片剂	是 含双层片、多层片、异型片、划痕片、压制片、糖胶片等
14.3	药品、设备与材料	CT08.50.003	剂型分类及剂型代码字典	02	口服普通胶囊剂	否
14.3	药品、设备与材料	CT08.50.003	剂型分类及剂型代码字典	0201	胶囊剂	是
14.3	药品、设备与材料	CT08.50.003	剂型分类及剂型代码字典	0202	肠溶胶囊剂	是
14.3	药品、设备与材料	CT08.50.003	剂型分类及剂型代码字典	0203	软胶囊剂	是 含软胶丸、胶丸
14.3	药品、设备与材料	CT08.50.003	剂型分类及剂型代码字典	0204	肠溶软胶囊剂	是 含肠溶胶丸
14.3	药品、设备与材料	CT08.50.003	剂型分类及剂型代码字典	0299	其他口服普通胶囊剂	是 含结肠溶胶囊、微丸胶囊、微囊胶囊
14.3	药品、设备与材料	CT08.50.003	剂型分类及剂型代码字典	03	口服缓控释制剂	否
14.3	药品、设备与材料	CT08.50.003	剂型分类及剂型代码字典	0301	缓释片	是
14.3	药品、设备与材料	CT08.50.003	剂型分类及剂型代码字典	0302	肠溶缓释片	是
14.3	药品、设备与材料	CT08.50.003	剂型分类及剂型代码字典	0303	缓释胶囊	是
14.3	药品、设备与材料	CT08.50.003	剂型分类及剂型代码字典	0304	肠溶缓释胶囊	是
14.3	药品、设备与材料	CT08.50.003	剂型分类及剂型代码字典	0305	控释片	是
14.3	药品、设备与材料	CT08.50.003	剂型分类及剂型代码字典	0306	控释胶囊	是
14.3	药品、设备与材料	CT08.50.003	剂型分类及剂型代码字典	0399	其他口服缓控释制剂	是 含速释片、长效片、双释放肠溶胶囊、速释胶囊、缓释混悬剂
14.3	药品、设备与材料	CT08.50.003	剂型分类及剂型代码字典	04	颗粒剂	否
14.3	药品、设备与材料	CT08.50.003	剂型分类及剂型代码字典	0401	颗粒剂	是 含无糖、低糖、含糖型颗粒剂
14.3	药品、设备与材料	CT08.50.003	剂型分类及剂型代码字典	0402	混悬颗粒剂	是
14.3	药品、设备与材料	CT08.50.003	剂型分类及剂型代码字典	0403	泡腾颗粒剂	是
14.3	药品、设备与材料	CT08.50.003	剂型分类及剂型代码字典	0404	肠溶颗粒剂	是
14.3	药品、设备与材料	CT08.50.003	剂型分类及剂型代码字典	0405	缓释颗粒剂	是
14.3	药品、设备与材料	CT08.50.003	剂型分类及剂型代码字典	0406	控释颗粒剂	是
14.3	药品、设备与材料	CT08.50.003	剂型分类及剂型代码字典	0499	其他颗粒剂	是 含细粒剂、胶体颗粒、速释颗粒药等
14.3	药品、设备与材料	CT08.50.003	剂型分类及剂型代码字典	05	丸剂	否
14.3	药品、设备与材料	CT08.50.003	剂型分类及剂型代码字典	0501	丸剂	是 含小丸、薄膜衣丸、糖衣丸、包衣小丸
14.3	药品、设备与材料	CT08.50.003	剂型分类及剂型代码字典	0502	滴丸	是 含薄膜衣滴丸、糖衣滴丸
14.3	药品、设备与材料	CT08.50.003	剂型分类及剂型代码字典	0503	糖丸	是
14.3	药品、设备与材料	CT08.50.003	剂型分类及剂型代码字典	0504	水丸	是
14.3	药品、设备与材料	CT08.50.003	剂型分类及剂型代码字典	0505	蜜丸	是 含大蜜丸、小蜜丸
14.3	药品、设备与材料	CT08.50.003	剂型分类及剂型代码字典	0506	水蜜丸	是
14.3	药品、设备与材料	CT08.50.003	剂型分类及剂型代码字典	0507	浓缩丸	是 含浓缩蜜丸、浓缩水丸、炭衣浓缩水丸、浓缩水蜜丸、浓缩微丸
14.3	药品、设备与材料	CT08.50.003	剂型分类及剂型代码字典	0508	糊丸	是
14.3	药品、设备与材料	CT08.50.003	剂型分类及剂型代码字典	0509	蜡丸	是
14.3	药品、设备与材料	CT08.50.003	剂型分类及剂型代码字典	0510	微丸	是 包含微丸、包衣微丸
14.3	药品、设备与材料	CT08.50.003	剂型分类及剂型代码字典	0599	其他丸剂	是 包含调释丸
14.3	药品、设备与材料	CT08.50.003	剂型分类及剂型代码字典	06	口服散剂、粉剂	否
14.3	药品、设备与材料	CT08.50.003	剂型分类及剂型代码字典	0601	散剂	是
14.3	药品、设备与材料	CT08.50.003	剂型分类及剂型代码字典	0602	粉剂	是 含冻干粉、干粉剂、乳干粉、口服溶液用粉
14.3	药品、设备与材料	CT08.50.003	剂型分类及剂型代码字典	0699	其他口服散剂、粉剂	是
14.3	药品、设备与材料	CT08.50.003	剂型分类及剂型代码字典	07	口服液体剂	否
14.3	药品、设备与材料	CT08.50.003	剂型分类及剂型代码字典	0701	口服溶液剂	是 含口服液、有糖型口服液、有糖型溶液剂、无糖（低糖）型口服液、无糖（低糖）型溶液剂
14.3	药品、设备与材料	CT08.50.003	剂型分类及剂型代码字典	0702	口服混悬剂	是 含干混悬剂
14.3	药品、设备与材料	CT08.50.003	剂型分类及剂型代码字典	0703	口服乳剂	是 含乳液、干悬乳剂
14.3	药品、设备与材料	CT08.50.003	剂型分类及剂型代码字典	0704	滴剂	是 含溶液滴剂、混悬滴剂、乳剂滴剂、胶囊型滴剂
14.3	药品、设备与材料	CT08.50.003	剂型分类及剂型代码字典	0705	糖浆剂	是 含蜜浆剂
14.3	药品、设备与材料	CT08.50.003	剂型分类及剂型代码字典	0706	合剂	是
14.3	药品、设备与材料	CT08.50.003	剂型分类及剂型代码字典	0707	酒剂	是
14.3	药品、设备与材料	CT08.50.003	剂型分类及剂型代码字典	0708	露剂	是
14.3	药品、设备与材料	CT08.50.003	剂型分类及剂型代码字典	0709	口服酊剂	是
14.3	药品、设备与材料	CT08.50.003	剂型分类及剂型代码字典	0710	口服醑剂	是
14.3	药品、设备与材料	CT08.50.003	剂型分类及剂型代码字典	0711	酏剂	是
14.3	药品、设备与材料	CT08.50.003	剂型分类及剂型代码字典	0799	其他口服液体剂	是
14.3	药品、设备与材料	CT08.50.003	剂型分类及剂型代码字典	08	口服膏剂、口服凝胶剂	否
14.3	药品、设备与材料	CT08.50.003	剂型分类及剂型代码字典	0801	煎膏剂	是 即膏滋、膏方
14.3	药品、设备与材料	CT08.50.003	剂型分类及剂型代码字典	0802	浸膏剂	是
14.3	药品、设备与材料	CT08.50.003	剂型分类及剂型代码字典	0803	流浸膏剂	是
14.3	药品、设备与材料	CT08.50.003	剂型分类及剂型代码字典	0804	口服凝胶剂	是 含混悬凝胶剂
14.3	药品、设备与材料	CT08.50.003	剂型分类及剂型代码字典	0899	其他口服膏剂、口服凝胶剂	是
14.3	药品、设备与材料	CT08.50.003	剂型分类及剂型代码字典	09	胶剂、锭剂、茶剂、曲剂	否
14.3	药品、设备与材料	CT08.50.003	剂型分类及剂型代码字典	0901	胶剂	是
14.3	药品、设备与材料	CT08.50.003	剂型分类及剂型代码字典	0902	锭剂	是 含糖锭
14.3	药品、设备与材料	CT08.50.003	剂型分类及剂型代码字典	0903	茶剂	是 含袋泡剂
14.3	药品、设备与材料	CT08.50.003	剂型分类及剂型代码字典	0904	曲剂	是
14.3	药品、设备与材料	CT08.50.003	剂型分类及剂型代码字典	0999	其他胶剂、锭剂、茶剂、曲剂	是
14.3	药品、设备与材料	CT08.50.003	剂型分类及剂型代码字典	10	口腔片剂、舌下片剂、喉用片剂	否
14.3	药品、设备与材料	CT08.50.003	剂型分类及剂型代码字典	1001	口腔贴片	是
14.3	药品、设备与材料	CT08.50.003	剂型分类及剂型代码字典	1002	含片	是 含口含片
14.3	药品、设备与材料	CT08.50.003	剂型分类及剂型代码字典	1003	舌下片	是
14.3	药品、设备与材料	CT08.50.003	剂型分类及剂型代码字典	1004	口颊片	是 含控释口颊片
14.3	药品、设备与材料	CT08.50.003	剂型分类及剂型代码字典	1005	喉片	是
14.3	药品、设备与材料	CT08.50.003	剂型分类及剂型代码字典	1099	其他口腔用片剂、舌下片剂及喉用片剂	是 含可溶片、水溶片、漱口片、口腔粘附片、口胶剂等
14.3	药品、设备与材料	CT08.50.003	剂型分类及剂型代码字典	11	熨剂、炙剂	否
14.3	药品、设备与材料	CT08.50.003	剂型分类及剂型代码字典	1101	熨剂	是
14.3	药品、设备与材料	CT08.50.003	剂型分类及剂型代码字典	1102	炙剂	是
14.3	药品、设备与材料	CT08.50.003	剂型分类及剂型代码字典	12	鼻用制剂	否
14.3	药品、设备与材料	CT08.50.003	剂型分类及剂型代码字典	1201	鼻用液体制剂	是 含吸入剂、滴鼻剂、洗鼻剂；不含吸入喷雾剂
14.3	药品、设备与材料	CT08.50.003	剂型分类及剂型代码字典	1202	鼻用半固体制剂	是 含鼻用软膏、鼻用乳膏、鼻用凝胶
14.3	药品、设备与材料	CT08.50.003	剂型分类及剂型代码字典	1203	鼻用固体制剂	是 含鼻用溶液片、鼻用散剂、鼻用粉雾剂、鼻用棒剂
14.3	药品、设备与材料	CT08.50.003	剂型分类及剂型代码字典	1204	鼻用气体制剂	是 不含吸入气雾剂
14.3	药品、设备与材料	CT08.50.003	剂型分类及剂型代码字典	1299	其他鼻用制剂	是
14.3	药品、设备与材料	CT08.50.003	剂型分类及剂型代码字典	13	耳用制剂	否
14.3	药品、设备与材料	CT08.50.003	剂型分类及剂型代码字典	1301	耳用液体制剂	是 含滴耳剂、洗耳剂、耳用喷雾剂
14.3	药品、设备与材料	CT08.50.003	剂型分类及剂型代码字典	1302	耳用半固体制剂	是 含耳用软膏、耳用乳膏、耳用凝胶、耳塞
14.3	药品、设备与材料	CT08.50.003	剂型分类及剂型代码字典	1303	耳用固体制剂	是 含耳用散剂、耳用丸剂
14.3	药品、设备与材料	CT08.50.003	剂型分类及剂型代码字典	1399	其他耳用制剂	是
14.3	药品、设备与材料	CT08.50.003	剂型分类及剂型代码字典	14	眼用制剂	否
14.3	药品、设备与材料	CT08.50.003	剂型分类及剂型代码字典	1401	眼用液体制剂	是 含滴眼剂、洗眼剂、眼内注射溶液
14.3	药品、设备与材料	CT08.50.003	剂型分类及剂型代码字典	1402	眼用半固体制剂	是 含眼膏、眼用乳膏、眼用凝胶
14.3	药品、设备与材料	CT08.50.003	剂型分类及剂型代码字典	1403	眼用固体制剂	是 含眼药水片、粉剂眼药、眼膜剂、眼丸剂、眼内插入剂
14.3	药品、设备与材料	CT08.50.003	剂型分类及剂型代码字典	1499	其他眼用制剂	是
14.3	药品、设备与材料	CT08.50.003	剂型分类及剂型代码字典	15	外用片剂、凝胶剂、乳胶剂、软膏剂、乳膏剂	否
14.3	药品、设备与材料	CT08.50.003	剂型分类及剂型代码字典	1501	外用片	是 含外用环形片、坐药片、异型片、纸片、膜片、贴脐片
14.3	药品、设备与材料	CT08.50.003	剂型分类及剂型代码字典	1502	凝胶剂	是 含胶浆剂
14.3	药品、设备与材料	CT08.50.003	剂型分类及剂型代码字典	1503	乳胶剂	是
14.3	药品、设备与材料	CT08.50.003	剂型分类及剂型代码字典	1504	乳膏剂	是 含霜剂
14.3	药品、设备与材料	CT08.50.003	剂型分类及剂型代码字典	1505	软膏剂	是 含水膏剂、油膏剂
14.3	药品、设备与材料	CT08.50.003	剂型分类及剂型代码字典	1506	糊剂	是
14.3	药品、设备与材料	CT08.50.003	剂型分类及剂型代码字典	1599	其他外用剂型	是
14.3	药品、设备与材料	CT08.50.003	剂型分类及剂型代码字典	16	贴膏剂、膏药	否
14.3	药品、设备与材料	CT08.50.003	剂型分类及剂型代码字典	1601	贴剂	是 含贴片、透皮贴剂、缓控释透皮贴剂
14.3	药品、设备与材料	CT08.50.003	剂型分类及剂型代码字典	1603	橡皮膏剂	是 含橡胶膏剂
14.3	药品、设备与材料	CT08.50.003	剂型分类及剂型代码字典	1604	凝胶膏剂	是 即巴布膏剂
14.3	药品、设备与材料	CT08.50.003	剂型分类及剂型代码字典	1605	膏药剂	是 含湿敷剂、贴敷剂
14.3	药品、设备与材料	CT08.50.003	剂型分类及剂型代码字典	1699	其他贴膏剂、膏药	是
14.3	药品、设备与材料	CT08.50.003	剂型分类及剂型代码字典	17	膜剂、海绵剂	否
14.3	药品、设备与材料	CT08.50.003	剂型分类及剂型代码字典	1701	口服膜剂	是
14.3	药品、设备与材料	CT08.50.003	剂型分类及剂型代码字典	1702	口腔膜剂	是
14.3	药品、设备与材料	CT08.50.003	剂型分类及剂型代码字典	1703	牙用缓释膜剂	是
14.3	药品、设备与材料	CT08.50.003	剂型分类及剂型代码字典	1704	阴道膜剂	是
14.3	药品、设备与材料	CT08.50.003	剂型分类及剂型代码字典	1705	外用膜剂	是
14.3	药品、设备与材料	CT08.50.003	剂型分类及剂型代码字典	1706	海绵剂	是
14.3	药品、设备与材料	CT08.50.003	剂型分类及剂型代码字典	1799	其他膜剂	是
14.3	药品、设备与材料	CT08.50.003	剂型分类及剂型代码字典	18	栓剂	否
14.3	药品、设备与材料	CT08.50.003	剂型分类及剂型代码字典	1801	阴道栓	是 含棉栓
14.3	药品、设备与材料	CT08.50.003	剂型分类及剂型代码字典	1802	肛门栓	是 含直肠栓、痔疮栓
14.3	药品、设备与材料	CT08.50.003	剂型分类及剂型代码字典	1803	尿道栓	是
14.3	药品、设备与材料	CT08.50.003	剂型分类及剂型代码字典	1899	其他栓剂	是
14.3	药品、设备与材料	CT08.50.003	剂型分类及剂型代码字典	19	阴道用片剂、胶囊剂、凝胶剂	否
14.3	药品、设备与材料	CT08.50.003	剂型分类及剂型代码字典	1901	阴道片	是
14.3	药品、设备与材料	CT08.50.003	剂型分类及剂型代码字典	1902	阴道泡腾片	是
14.3	药品、设备与材料	CT08.50.003	剂型分类及剂型代码字典	1903	阴道异型片	是
14.3	药品、设备与材料	CT08.50.003	剂型分类及剂型代码字典	1904	阴道胶囊	是
14.3	药品、设备与材料	CT08.50.003	剂型分类及剂型代码字典	1905	阴道软胶囊	是
14.3	药品、设备与材料	CT08.50.003	剂型分类及剂型代码字典	1906	阴道泡腾胶囊	是
14.3	药品、设备与材料	CT08.50.003	剂型分类及剂型代码字典	1907	阴道凝胶剂	是
14.3	药品、设备与材料	CT08.50.003	剂型分类及剂型代码字典	1999	其他阴道制剂	是
14.3	药品、设备与材料	CT08.50.003	剂型分类及剂型代码字典	20	棒剂	否
14.3	药品、设备与材料	CT08.50.003	剂型分类及剂型代码字典	2001	药棒	是
14.3	药品、设备与材料	CT08.50.003	剂型分类及剂型代码字典	2002	蜡棒	是
14.3	药品、设备与材料	CT08.50.003	剂型分类及剂型代码字典	2099	其他棒剂	是
14.3	药品、设备与材料	CT08.50.003	剂型分类及剂型代码字典	21	外用散剂、粉剂	否
14.3	药品、设备与材料	CT08.50.003	剂型分类及剂型代码字典	2101	散剂	是
14.3	药品、设备与材料	CT08.50.003	剂型分类及剂型代码字典	2102	粉剂	是 含干粉剂、冻干粉、口服溶液用粉、撒布粉
14.3	药品、设备与材料	CT08.50.003	剂型分类及剂型代码字典	2199	其他外用散剂、粉剂	是
14.3	药品、设备与材料	CT08.50.003	剂型分类及剂型代码字典	22	外用液体剂	否
14.3	药品、设备与材料	CT08.50.003	剂型分类及剂型代码字典	2201	外用溶液剂	是
14.3	药品、设备与材料	CT08.50.003	剂型分类及剂型代码字典	2202	外用混悬液	是
14.3	药品、设备与材料	CT08.50.003	剂型分类及剂型代码字典	2203	含漱液	是
14.3	药品、设备与材料	CT08.50.003	剂型分类及剂型代码字典	2204	冲洗液	是
14.3	药品、设备与材料	CT08.50.003	剂型分类及剂型代码字典	2205	酊剂	是
14.3	药品、设备与材料	CT08.50.003	剂型分类及剂型代码字典	2206	醑剂	是
14.3	药品、设备与材料	CT08.50.003	剂型分类及剂型代码字典	2207	甘油剂	是
14.3	药品、设备与材料	CT08.50.003	剂型分类及剂型代码字典	2208	灌肠剂	是
14.3	药品、设备与材料	CT08.50.003	剂型分类及剂型代码字典	2209	灌注液	是
14.3	药品、设备与材料	CT08.50.003	剂型分类及剂型代码字典	2210	洗剂	是
14.3	药品、设备与材料	CT08.50.003	剂型分类及剂型代码字典	2211	油剂	是
14.3	药品、设备与材料	CT08.50.003	剂型分类及剂型代码字典	2212	涂膜剂	是
14.3	药品、设备与材料	CT08.50.003	剂型分类及剂型代码字典	2213	涂剂	是 含涂布剂
14.3	药品、设备与材料	CT08.50.003	剂型分类及剂型代码字典	2214	搽剂	是
14.3	药品、设备与材料	CT08.50.003	剂型分类及剂型代码字典	2215	擦剂	是
14.3	药品、设备与材料	CT08.50.003	剂型分类及剂型代码字典	2299	其他外用液体剂	是
14.3	药品、设备与材料	CT08.50.003	剂型分类及剂型代码字典	23	气雾剂（含抛射剂）	否
14.3	药品、设备与材料	CT08.50.003	剂型分类及剂型代码字典	2301	吸入气雾剂	是 含溶液、乳状液、混悬液
14.3	药品、设备与材料	CT08.50.003	剂型分类及剂型代码字典	2302	非吸入气雾剂	是 含溶液、乳状液、混悬液
14.3	药品、设备与材料	CT08.50.003	剂型分类及剂型代码字典	2303	外用气雾剂	是 含溶液、乳状液、混悬液
14.3	药品、设备与材料	CT08.50.003	剂型分类及剂型代码字典	2399	其他气雾剂	是
14.3	药品、设备与材料	CT08.50.003	剂型分类及剂型代码字典	24	粉雾剂	否
14.3	药品、设备与材料	CT08.50.003	剂型分类及剂型代码字典	2401	吸入粉雾剂	是 含胶囊型、泡囊型、多剂量贮库
14.3	药品、设备与材料	CT08.50.003	剂型分类及剂型代码字典	2402	非吸入粉雾剂	是 指舌下、咽喉、口内等部位粉雾剂。含胶囊型、泡囊型、多剂量贮库
14.3	药品、设备与材料	CT08.50.003	剂型分类及剂型代码字典	2403	外用粉雾剂	是 含胶囊型、泡囊型、多剂量贮库
14.3	药品、设备与材料	CT08.50.003	剂型分类及剂型代码字典	2499	其他粉雾剂	是
14.3	药品、设备与材料	CT08.50.003	剂型分类及剂型代码字典	25	喷雾剂	否
14.3	药品、设备与材料	CT08.50.003	剂型分类及剂型代码字典	2501	吸入喷雾剂	是 含溶液、乳状液、混悬液
14.3	药品、设备与材料	CT08.50.003	剂型分类及剂型代码字典	2502	非吸入喷雾剂	是 指舌下、咽喉、口内等部位喷雾剂。含溶液、乳状液、混悬液
14.3	药品、设备与材料	CT08.50.003	剂型分类及剂型代码字典	2503	外用喷雾剂	是 含溶液、乳状液、混悬液
14.3	药品、设备与材料	CT08.50.003	剂型分类及剂型代码字典	2599	其他喷雾剂	是
14.3	药品、设备与材料	CT08.50.003	剂型分类及剂型代码字典	26	注射剂	否
14.3	药品、设备与材料	CT08.50.003	剂型分类及剂型代码字典	2601	注射液	是 含水针、油针、注射用混悬剂、注射用乳剂、脂质体注射液
14.3	药品、设备与材料	CT08.50.003	剂型分类及剂型代码字典	2602	注射用无菌粉末	是 含注射用干乳剂、粉针剂、冻干粉针、溶媒结晶粉针、注射用脂质体
14.3	药品、设备与材料	CT08.50.003	剂型分类及剂型代码字典	2603	注射用无菌粉末（带溶媒或装置）	是 含注射用干乳剂、粉针剂、冻干粉针、溶媒结晶粉针、注射用脂质体
14.3	药品、设备与材料	CT08.50.003	剂型分类及剂型代码字典	2604	注射溶媒	是
14.3	药品、设备与材料	CT08.50.003	剂型分类及剂型代码字典	2699	其他注射剂	是
14.3	药品、设备与材料	CT08.50.003	剂型分类及剂型代码字典	27	宫内节育系统、植入剂、缓释植入剂	否
14.3	药品、设备与材料	CT08.50.003	剂型分类及剂型代码字典	2701	宫内节育系统	是
14.3	药品、设备与材料	CT08.50.003	剂型分类及剂型代码字典	2702	缓释植入剂	是
14.3	药品、设备与材料	CT08.50.003	剂型分类及剂型代码字典	2703	植入剂	是
14.3	药品、设备与材料	CT08.50.003	剂型分类及剂型代码字典	2799	其他植入剂	是
14.3	药品、设备与材料	CT08.50.003	剂型分类及剂型代码字典	28	棉胶剂（火棉胶剂）	是 基于国标《CV08.50.002药物剂型代码表》新增
14.3	药品、设备与材料	CT08.50.003	剂型分类及剂型代码字典	29	涂布剂	是 基于国标《CV08.50.002药物剂型代码表》新增
14.3	药品、设备与材料	CT08.50.003	剂型分类及剂型代码字典	30	混悬雾剂，（水、气、粉三相）	是 基于国标《CV08.50.002药物剂型代码表》新增
14.3	药品、设备与材料	CT08.50.003	剂型分类及剂型代码字典	31	珠链（泥珠链）	是 基于国标《CV08.50.002药物剂型代码表》新增
14.3	药品、设备与材料	CT08.50.003	剂型分类及剂型代码字典	90	试剂盒（诊断用试剂）、药盒	否
14.3	药品、设备与材料	CT08.50.003	剂型分类及剂型代码字典	9001	试剂盒	是
14.3	药品、设备与材料	CT08.50.003	剂型分类及剂型代码字典	9002	药盒	是
14.3	药品、设备与材料	CT08.50.003	剂型分类及剂型代码字典	9099	其他试剂盒、药盒	是
14.3	药品、设备与材料	CT08.50.003	剂型分类及剂型代码字典	99	其他剂型	否
14.3	药品、设备与材料	CT08.50.003	剂型分类及剂型代码字典	9999	其他剂型	是 含泡沫剂、湿巾等剂型
14.4	药品、设备与材料	CT98.00.016	设备代码字典	A01	800mA及以上数字减影血管造影X线机	DSA
14.4	药品、设备与材料	CT98.00.016	设备代码字典	A02	800mA及以上医用X线诊断机(不含DSA)	
14.4	药品、设备与材料	CT98.00.016	设备代码字典	A03	500-800mA医用X线诊断机	不含800mA
14.4	药品、设备与材料	CT98.00.016	设备代码字典	A04	移动式X线诊断机	
14.4	药品、设备与材料	CT98.00.016	设备代码字典	A05	X线电子计算机断层扫描装置	CT
14.4	药品、设备与材料	CT98.00.016	设备代码字典	A06	X线-正电子发射计算机断层扫描仪	PET-CT,包括PET
14.4	药品、设备与材料	CT98.00.016	设备代码字典	A07	单光子发射型电子计算机断层描断仪	SPECT
14.4	药品、设备与材料	CT98.00.016	设备代码字典	A08	医用电子直线加速器	LA
14.4	药品、设备与材料	CT98.00.016	设备代码字典	A09	医用电子回旋加速治疗系统	MM50
14.4	药品、设备与材料	CT98.00.016	设备代码字典	A10	质子治疗系统	
14.4	药品、设备与材料	CT98.00.016	设备代码字典	A11	伽玛射线立体定位治疗系统	γ-刀
14.4	药品、设备与材料	CT98.00.016	设备代码字典	A12	钴60治疗机	
14.4	药品、设备与材料	CT98.00.016	设备代码字典	A13	医用磁共振成像设备(核磁)	MRI
14.4	药品、设备与材料	CT98.00.016	设备代码字典	A14	彩色脉冲多普勒超声诊断仪	
14.4	药品、设备与材料	CT98.00.016	设备代码字典	A15	B型超声诊断仪	
14.4	药品、设备与材料	CT98.00.016	设备代码字典	A16	医学图像存档传输系统	PACS
14.4	药品、设备与材料	CT98.00.016	设备代码字典	A17	危重病人监护系统	ICU(成套填报)
14.4	药品、设备与材料	CT98.00.016	设备代码字典	A18	有创呼吸机	
14.4	药品、设备与材料	CT98.00.016	设备代码字典	A19	无创呼吸机	
14.4	药品、设备与材料	CT98.00.016	设备代码字典	A20	高压氧仓	
14.4	药品、设备与材料	CT98.00.016	设备代码字典	A21	人工肾透析装置	
14.4	药品、设备与材料	CT98.00.016	设备代码字典	A22	牙科综合治疗台	
14.4	药品、设备与材料	CT98.00.016	设备代码字典	A23	全自动生化分析仪	
14.4	药品、设备与材料	CT98.00.016	设备代码字典	A24	血液酸碱气体分析仪	血气分析仪
14.4	药品、设备与材料	CT98.00.016	设备代码字典	A25	急救车	
14.4	药品、设备与材料	CT98.00.016	设备代码字典	A99	其他单价在500万元以上的医用设备	
14.5	药品、设备与材料	HBCV08.50.029	抗菌药物等级代码	0	非抗菌药物	
14.5	药品、设备与材料	HBCV08.50.029	抗菌药物等级代码	11	一级	
14.5	药品、设备与材料	HBCV08.50.029	抗菌药物等级代码	12	二级	
14.5	药品、设备与材料	HBCV08.50.029	抗菌药物等级代码	13	三级	
14.6	药品、设备与材料	HBCV08.50.031	抗菌药标志代码	1	是	
14.6	药品、设备与材料	HBCV08.50.031	抗菌药标志代码	2	否	
14.6	药品、设备与材料	HBCV08.50.031	抗菌药标志代码	9	未知	
14.7	药品、设备与材料	HBCV08.50.045	抗生素级别代码	1	非限制级	
14.7	药品、设备与材料	HBCV08.50.045	抗生素级别代码	2	限制级	
14.7	药品、设备与材料	HBCV08.50.045	抗生素级别代码	3	特殊使用级	
14.8	药品、设备与材料	HBCV08.50.032	特殊药品类别代码	1	麻醉	
14.8	药品、设备与材料	HBCV08.50.032	特殊药品类别代码	2	精神	
14.8	药品、设备与材料	HBCV08.50.032	特殊药品类别代码	3	贵重	
14.8	药品、设备与材料	HBCV08.50.032	特殊药品类别代码	4	毒性	
14.8	药品、设备与材料	HBCV08.50.032	特殊药品类别代码	5	放射	
14.8	药品、设备与材料	HBCV08.50.032	特殊药品类别代码	6	一般	
14.8	药品、设备与材料	HBCV08.50.032	特殊药品类别代码	9	其他	
14.9	药品、设备与材料	HBCV08.50.030	疫情物资管理品种代码	9999	未纳入管控	
14.9	药品、设备与材料	HBCV08.50.030	疫情物资管理品种代码	F001	医用防护服	启用|耗材|套
14.9	药品、设备与材料	HBCV08.50.030	疫情物资管理品种代码	F002	医用N95口罩	启用|耗材|只
14.9	药品、设备与材料	HBCV08.50.030	疫情物资管理品种代码	F003	隔离衣	启用|耗材|件
14.9	药品、设备与材料	HBCV08.50.030	疫情物资管理品种代码	F004	护目镜/面罩	禁用|耗材|个
14.9	药品、设备与材料	HBCV08.50.030	疫情物资管理品种代码	F005	经鼻高流量呼吸治疗仪	禁用|医疗设备|台
14.9	药品、设备与材料	HBCV08.50.030	疫情物资管理品种代码	F006	一次性医用防护手套（含乳胶手套）	禁用|耗材|双
14.9	药品、设备与材料	HBCV08.50.030	疫情物资管理品种代码	F007	一次性医用鞋（靴）套	禁用|耗材|双
14.9	药品、设备与材料	HBCV08.50.030	疫情物资管理品种代码	F008	一次性医用工作防护帽	禁用|耗材|个
14.9	药品、设备与材料	HBCV08.50.030	疫情物资管理品种代码	F009	负压救护车	启用|医疗设备及耗材|辆
14.9	药品、设备与材料	HBCV08.50.030	疫情物资管理品种代码	F010	ECMO	启用|医疗设备及耗材|台
14.9	药品、设备与材料	HBCV08.50.030	疫情物资管理品种代码	F011	空气消毒机	禁用|医疗设备|台
14.9	药品、设备与材料	HBCV08.50.030	疫情物资管理品种代码	F012	3%过氧化氢	禁用|消毒用品|升
14.9	药品、设备与材料	HBCV08.50.030	疫情物资管理品种代码	F013	75%酒精	启用|消杀产品|升
14.9	药品、设备与材料	HBCV08.50.030	疫情物资管理品种代码	F014	84消毒液	启用|消杀产品|升
14.9	药品、设备与材料	HBCV08.50.030	疫情物资管理品种代码	F015	84泡腾片	禁用|消毒用品|公斤
14.9	药品、设备与材料	HBCV08.50.030	疫情物资管理品种代码	F016	手消毒液	禁用|消毒用品|升
14.9	药品、设备与材料	HBCV08.50.030	疫情物资管理品种代码	F017	洗手液	禁用|消毒用品|升
14.9	药品、设备与材料	HBCV08.50.030	疫情物资管理品种代码	F018	邻苯二甲醛	禁用|消毒用品|升
14.9	药品、设备与材料	HBCV08.50.030	疫情物资管理品种代码	F019	活力碘	禁用|消毒用品|升
14.9	药品、设备与材料	HBCV08.50.030	疫情物资管理品种代码	F020	呼吸机（无创机械通气）	禁用|医疗设备|台
14.9	药品、设备与材料	HBCV08.50.030	疫情物资管理品种代码	F021	呼吸机（有创机械通气）	禁用|医疗设备|台
14.9	药品、设备与材料	HBCV08.50.030	疫情物资管理品种代码	F022	呼吸机（高流量氧疗）	禁用|医疗设备|台
14.9	药品、设备与材料	HBCV08.50.030	疫情物资管理品种代码	F023	（120）转运呼吸机	禁用|医疗设备|台
14.9	药品、设备与材料	HBCV08.50.030	疫情物资管理品种代码	F024	除颤仪	启用|医疗设备及耗材|台
14.9	药品、设备与材料	HBCV08.50.030	疫情物资管理品种代码	F025	氧枕	禁用|医疗设备|台
14.9	药品、设备与材料	HBCV08.50.030	疫情物资管理品种代码	F026	正压头套	禁用|医疗设备|台
14.9	药品、设备与材料	HBCV08.50.030	疫情物资管理品种代码	F027	正压头套管道配件	禁用|耗材|箱
14.9	药品、设备与材料	HBCV08.50.030	疫情物资管理品种代码	F028	心电图机	禁用|医疗设备|台
14.9	药品、设备与材料	HBCV08.50.030	疫情物资管理品种代码	F029	氧气瓶	禁用|医疗设备|台
14.9	药品、设备与材料	HBCV08.50.030	疫情物资管理品种代码	F030	手提式充电超低容量喷雾机	禁用|消毒用品|台
14.9	药品、设备与材料	HBCV08.50.030	疫情物资管理品种代码	F031	背负式充电超低容量喷雾机	禁用|消毒用品|台
14.9	药品、设备与材料	HBCV08.50.030	疫情物资管理品种代码	F032	静注人血球蛋白	禁用|血制品|mg
14.9	药品、设备与材料	HBCV08.50.030	疫情物资管理品种代码	F033	医用外科口罩	启用|防护用品|只
14.9	药品、设备与材料	HBCV08.50.030	疫情物资管理品种代码	F034	非医用口罩	禁用|耗材|只
14.9	药品、设备与材料	HBCV08.50.030	疫情物资管理品种代码	F035	床旁血滤机CRRT	禁用|医疗设备|台
14.9	药品、设备与材料	HBCV08.50.030	疫情物资管理品种代码	F036	呼吸回路	禁用|耗材|个
14.9	药品、设备与材料	HBCV08.50.030	疫情物资管理品种代码	F037	呼吸过滤器	禁用|耗材|个
14.9	药品、设备与材料	HBCV08.50.030	疫情物资管理品种代码	F038	延长管	禁用|耗材|个
14.9	药品、设备与材料	HBCV08.50.030	疫情物资管理品种代码	F039	全自动红外测温仪	禁用|耗材|台
14.9	药品、设备与材料	HBCV08.50.030	疫情物资管理品种代码	F040	次氯酸消毒剂	禁用|消毒用品|升
14.9	药品、设备与材料	HBCV08.50.030	疫情物资管理品种代码	F041	过碳酸钠消毒剂	禁用|消毒用品|升
14.9	药品、设备与材料	HBCV08.50.030	疫情物资管理品种代码	F042	酚类消毒剂	禁用|消毒用品|升
14.9	药品、设备与材料	HBCV08.50.030	疫情物资管理品种代码	F043	含漠消毒剂	禁用|消毒用品|升
14.9	药品、设备与材料	HBCV08.50.030	疫情物资管理品种代码	F044	季铁盐类消毒剂	禁用|消毒用品|升
14.9	药品、设备与材料	HBCV08.50.030	疫情物资管理品种代码	F045	二氧化氯消毒剂	禁用|消毒用品|升
14.9	药品、设备与材料	HBCV08.50.030	疫情物资管理品种代码	F046	血气分析仪	禁用|医疗设备|台
14.9	药品、设备与材料	HBCV08.50.030	疫情物资管理品种代码	F047	彩超	禁用|医疗设备|台
14.9	药品、设备与材料	HBCV08.50.030	疫情物资管理品种代码	F048	CT	禁用|医疗设备|台
14.9	药品、设备与材料	HBCV08.50.030	疫情物资管理品种代码	F049	手持式红外测温仪	禁用|其他|台
14.9	药品、设备与材料	HBCV08.50.030	疫情物资管理品种代码	F050	96孔基因扩增仪	启用|医疗设备及耗材|台
14.9	药品、设备与材料	HBCV08.50.030	疫情物资管理品种代码	F051	96孔核酸提取仪	启用|医疗设备及耗材|台
14.9	药品、设备与材料	HBCV08.50.030	疫情物资管理品种代码	F052	核酸检测试剂	启用|核酸检测用品|人份
14.9	药品、设备与材料	HBCV08.50.030	疫情物资管理品种代码	F053	一次性手术衣	启用|防护用品|件
14.9	药品、设备与材料	HBCV08.50.030	疫情物资管理品种代码	F054	护目镜	启用|防护用品|副
14.9	药品、设备与材料	HBCV08.50.030	疫情物资管理品种代码	F055	面罩	启用|防护用品|个
14.9	药品、设备与材料	HBCV08.50.030	疫情物资管理品种代码	F056	一次性乳胶手套	启用|防护用品|双
14.9	药品、设备与材料	HBCV08.50.030	疫情物资管理品种代码	F057	一次性丁腈手套	启用|防护用品|双
14.9	药品、设备与材料	HBCV08.50.030	疫情物资管理品种代码	F058	一次性薄膜手套	启用|防护用品|双
14.9	药品、设备与材料	HBCV08.50.030	疫情物资管理品种代码	F059	一次性隔离鞋套	启用|防护用品|双
14.9	药品、设备与材料	HBCV08.50.030	疫情物资管理品种代码	F060	一次性防护帽	启用|防护用品|个
14.9	药品、设备与材料	HBCV08.50.030	疫情物资管理品种代码	F061	水银体温计	启用|防护用品|支
14.9	药品、设备与材料	HBCV08.50.030	疫情物资管理品种代码	F062	额温枪	启用|防护用品|把
14.9	药品、设备与材料	HBCV08.50.030	疫情物资管理品种代码	F063	红外体温计	启用|防护用品|台
14.9	药品、设备与材料	HBCV08.50.030	疫情物资管理品种代码	F064	核酸提取液	启用|核酸检测用品|人份
14.9	药品、设备与材料	HBCV08.50.030	疫情物资管理品种代码	F065	咽拭子采样套装	启用|核酸检测用品|份
14.9	药品、设备与材料	HBCV08.50.030	疫情物资管理品种代码	F066	咽拭子	启用|核酸检测用品|支
14.9	药品、设备与材料	HBCV08.50.030	疫情物资管理品种代码	F067	新冠病毒抗体检测试剂	启用|核酸检测用品|人份
14.9	药品、设备与材料	HBCV08.50.030	疫情物资管理品种代码	F068	免洗手消毒液	启用|消杀产品|升
14.9	药品、设备与材料	HBCV08.50.030	疫情物资管理品种代码	F069	呼吸机	启用|医疗设备及耗材|台
14.9	药品、设备与材料	HBCV08.50.030	疫情物资管理品种代码	F070	心肺复苏机	启用|医疗设备及耗材|台
14.9	药品、设备与材料	HBCV08.50.030	疫情物资管理品种代码	F071	床旁彩超	启用|医疗设备及耗材|台
14.9	药品、设备与材料	HBCV08.50.030	疫情物资管理品种代码	F072	床旁血气分析仪	启用|医疗设备及耗材|台
14.9	药品、设备与材料	HBCV08.50.030	疫情物资管理品种代码	F073	床旁血滤机	启用|医疗设备及耗材|台
14.9	药品、设备与材料	HBCV08.50.030	疫情物资管理品种代码	F074	监护仪	启用|医疗设备及耗材|台
14.9	药品、设备与材料	HBCV08.50.030	疫情物资管理品种代码	F075	车载CT	启用|医疗设备及耗材|台
14.9	药品、设备与材料	HBCV08.50.030	疫情物资管理品种代码	F076	方舱CT	启用|医疗设备及耗材|台
14.9	药品、设备与材料	HBCV08.50.030	疫情物资管理品种代码	F077	移动DR	启用|医疗设备及耗材|台
14.9	药品、设备与材料	HBCV08.50.030	疫情物资管理品种代码	F078	POCT（床旁快速检测设备）	启用|医疗设备及耗材|台
14.9	药品、设备与材料	HBCV08.50.030	疫情物资管理品种代码	F079	消杀车和采样车	启用|医疗设备及耗材|辆
14.9	药品、设备与材料	HBCV08.50.030	疫情物资管理品种代码	F080	生物安全运输箱	启用|医疗设备及耗材|个
14.9	药品、设备与材料	HBCV08.50.030	疫情物资管理品种代码	F081	普通口罩	启用|防护用品|只
14.9	药品、设备与材料	HBCV08.50.030	疫情物资管理品种代码	F082	一次性医用口罩	启用|防护用品|只
14.9	药品、设备与材料	HBCV08.50.030	疫情物资管理品种代码	F088	移动核酸检测实验室	启用|医疗设备及耗材|个
14.9	药品、设备与材料	HBCV08.50.030	疫情物资管理品种代码	F089	高速全自动核酸提取仪	启用|医疗设备及耗材|台
14.9	药品、设备与材料	HBCV08.50.030	疫情物资管理品种代码	F090	实时荧光定量PCR仪	启用|医疗设备及耗材|台
14.9	药品、设备与材料	HBCV08.50.030	疫情物资管理品种代码	F091	生物安全柜	启用|医疗设备及耗材|台
14.9	药品、设备与材料	HBCV08.50.030	疫情物资管理品种代码	F092	立式压力蒸汽灭菌器	启用|医疗设备及耗材|个
14.9	药品、设备与材料	HBCV08.50.030	疫情物资管理品种代码	F093	基因测序仪	启用|医疗设备及耗材|台
14.9	药品、设备与材料	HBCV08.50.030	疫情物资管理品种代码	F094	α-干扰素	启用|治疗药品|支
14.9	药品、设备与材料	HBCV08.50.030	疫情物资管理品种代码	F095	利巴韦林	启用|治疗药品|盒
14.9	药品、设备与材料	HBCV08.50.030	疫情物资管理品种代码	F096	阿比多尔	启用|治疗药品|盒
14.9	药品、设备与材料	HBCV08.50.030	疫情物资管理品种代码	F097	托珠单抗	启用|治疗药品|支
14.9	药品、设备与材料	HBCV08.50.030	疫情物资管理品种代码	F098	磷酸氯喹片	启用|治疗药品|盒
14.9	药品、设备与材料	HBCV08.50.030	疫情物资管理品种代码	F099	甲泼尼龙	启用|治疗药品|支
14.9	药品、设备与材料	HBCV08.50.030	疫情物资管理品种代码	F100	洛匹那韦/利托那韦	启用|治疗药品|盒
14.10	药品、设备与材料	CT98.00.019	医疗设备项目分类字典	0101	X线正电子发射型电子计算机断层扫描仪（PET-CT，包括正电子发射型断层仪即PET）	01甲类
14.10	药品、设备与材料	CT98.00.019	医疗设备项目分类字典	0102	伽玛射线立体定位治疗系统（γ刀）	01甲类
14.10	药品、设备与材料	CT98.00.019	医疗设备项目分类字典	0103	医用电子回旋加速治疗系统（MM50）	01甲类
14.10	药品、设备与材料	CT98.00.019	医疗设备项目分类字典	0104	质子治疗系统。	01甲类
14.10	药品、设备与材料	CT98.00.019	医疗设备项目分类字典	0105	其它单价在500万元及以上的大型医用设备	01甲类
14.10	药品、设备与材料	CT98.00.019	医疗设备项目分类字典	0201	X线电子计算机断层扫描装置（CT）	02乙类
14.10	药品、设备与材料	CT98.00.019	医疗设备项目分类字典	0202	医用核磁共振成像设备（MRI）	02乙类
14.10	药品、设备与材料	CT98.00.019	医疗设备项目分类字典	0203	数字减影血管造影X线机（DSA）	02乙类
14.10	药品、设备与材料	CT98.00.019	医疗设备项目分类字典	0204	医用电子直线加速器（LA）	02乙类
14.10	药品、设备与材料	CT98.00.019	医疗设备项目分类字典	0205	单光子发射型电子计算机断层扫描装置（SPECT）	02乙类
14.11	药品、设备与材料	CT98.00.020	医疗设备产地字典	01	进口	
14.11	药品、设备与材料	CT98.00.020	医疗设备产地字典	02	国产	
14.11	药品、设备与材料	CT98.00.020	医疗设备产地字典	03	合资	
14.12	药品、设备与材料	CT98.00.021	医疗设备使用情况代码	01	启用	
14.12	药品、设备与材料	CT98.00.021	医疗设备使用情况代码	02	未启用	
14.12	药品、设备与材料	CT98.00.021	医疗设备使用情况代码	03	报废	
15.1	卫生管理	CV09.00.403	入院途径代码	1	门诊	
15.1	卫生管理	CV09.00.403	入院途径代码	2	急诊	
15.1	卫生管理	CV09.00.403	入院途径代码	3	其他医疗机构转入	
15.1	卫生管理	CV09.00.403	入院途径代码	4	基层转入	
15.1	卫生管理	CV09.00.403	入院途径代码	5	本院出生	
15.1	卫生管理	CV09.00.403	入院途径代码	7	隔离	
15.1	卫生管理	CV09.00.403	入院途径代码	9	其他	
15.2	卫生管理	CV09.00.404	患者类型代码	1	门诊	
15.2	卫生管理	CV09.00.404	患者类型代码	2	急诊	
15.2	卫生管理	CV09.00.404	患者类型代码	3	住院	
15.2	卫生管理	CV09.00.404	患者类型代码	9	其他	
15.3	卫生管理	CV5501.15	住院病例病案质量代码	1	甲	
15.3	卫生管理	CV5501.15	住院病例病案质量代码	2	乙	
15.3	卫生管理	CV5501.15	住院病例病案质量代码	3	丙	
15.4	卫生管理	HBCV09.00.001	结算卡类型代码	1	社保卡	
15.4	卫生管理	HBCV09.00.001	结算卡类型代码	2	统一自费卡	
15.4	卫生管理	HBCV09.00.001	结算卡类型代码	3	非统一自费卡	
15.4	卫生管理	HBCV09.00.001	结算卡类型代码	4	健康卡	
15.4	卫生管理	HBCV09.00.001	结算卡类型代码	5	市民卡	
15.4	卫生管理	HBCV09.00.001	结算卡类型代码	9	其他卡	对于市管干部、在编军人，这里的卡号、卡类型请填写“TS”。
15.5	卫生管理	HBCV09.00.065	修改标志代码	1	正常	
15.5	卫生管理	HBCV09.00.065	修改标志代码	2	修改	
15.5	卫生管理	HBCV09.00.065	修改标志代码	3	撤销	
15.6	卫生管理	HBCV09.00.066	身份认证级别代码	1	非实名认证	
15.6	卫生管理	HBCV09.00.066	身份认证级别代码	2	无密实名认证（含机读身份证）	
15.6	卫生管理	HBCV09.00.066	身份认证级别代码	3	有密实名认证(如社保卡)	
15.6	卫生管理	HBCV09.00.066	身份认证级别代码	4	生物识别认证(人脸识别)	
15.7	卫生管理	HBCV09.00.067	病历类型代码	1	西医	
15.7	卫生管理	HBCV09.00.067	病历类型代码	2	中医	
15.8	卫生管理	HBCV09.00.068	挂号财务类别代码	100	普通门诊	
15.8	卫生管理	HBCV09.00.068	挂号财务类别代码	101	主治号	
15.8	卫生管理	HBCV09.00.068	挂号财务类别代码	102	副主任号	
15.8	卫生管理	HBCV09.00.068	挂号财务类别代码	103	特需门诊	
15.8	卫生管理	HBCV09.00.068	挂号财务类别代码	103	主任号	
15.8	卫生管理	HBCV09.00.068	挂号财务类别代码	200	急诊	
15.8	卫生管理	HBCV09.00.068	挂号财务类别代码	999	其他	
15.9	卫生管理	HBCV09.00.069	挂号服务方代码	1	院方自营	
15.9	卫生管理	HBCV09.00.069	挂号服务方代码	2	官方区域平台(如健康武汉)	
15.9	卫生管理	HBCV09.00.069	挂号服务方代码	9	其他服务商	
15.10	卫生管理	CT05.10.006	预约途径代码	1	现场预约	
15.10	卫生管理	CT05.10.006	预约途径代码	2	电话预约	
15.10	卫生管理	CT05.10.006	预约途径代码	3	短信预约	
15.10	卫生管理	CT05.10.006	预约途径代码	4	网上预约	
15.10	卫生管理	CT05.10.006	预约途径代码	5	APP预约	
15.10	卫生管理	CT05.10.006	预约途径代码	9	其他	
15.11	卫生管理	CT01.00.001	医疗业务活动类别代码	01	门诊	
15.11	卫生管理	CT01.00.001	医疗业务活动类别代码	02	急诊	
15.11	卫生管理	CT01.00.001	医疗业务活动类别代码	03	住院	
15.11	卫生管理	CT01.00.001	医疗业务活动类别代码	04	体检	
15.11	卫生管理	CT01.00.001	医疗业务活动类别代码	05	运营	
15.11	卫生管理	CT01.00.001	医疗业务活动类别代码	06	互联网门诊	
15.11	卫生管理	CT01.00.001	医疗业务活动类别代码	09	其他	
15.12	卫生管理	HBCV09.00.245	业务系统分类代码	1	医疗	
15.12	卫生管理	HBCV09.00.245	业务系统分类代码	101	HIS	
15.12	卫生管理	HBCV09.00.245	业务系统分类代码	102	LIS	
15.12	卫生管理	HBCV09.00.245	业务系统分类代码	103	PACS	
15.12	卫生管理	HBCV09.00.245	业务系统分类代码	104	体检	
15.12	卫生管理	HBCV09.00.245	业务系统分类代码	2	公卫	
15.12	卫生管理	HBCV09.00.245	业务系统分类代码	3	妇幼	
15.12	卫生管理	HBCV09.00.245	业务系统分类代码	4	疾控	
15.12	卫生管理	HBCV09.00.245	业务系统分类代码	5	全员	
15.12	卫生管理	HBCV09.00.245	业务系统分类代码	6	公安	
15.12	卫生管理	HBCV09.00.245	业务系统分类代码	7	民政	
15.12	卫生管理	HBCV09.00.245	业务系统分类代码	8	保险	
15.12	卫生管理	HBCV09.00.245	业务系统分类代码	9	APP	
15.12	卫生管理	HBCV09.00.245	业务系统分类代码	10	家医	
15.13	卫生管理	HBCV09.00.246	质控规则代码	1000	正确	
15.13	卫生管理	HBCV09.00.246	质控规则代码	2021	字典错误（值域、代码），字典按最大999	
15.13	卫生管理	HBCV09.00.246	质控规则代码	3000	表间依赖	
15.13	卫生管理	HBCV09.00.246	质控规则代码	4001	非空错误	
15.13	卫生管理	HBCV09.00.246	质控规则代码	4002	数据类型错误	
15.13	卫生管理	HBCV09.00.246	质控规则代码	4003	数据长度错误	
15.13	卫生管理	HBCV09.00.246	质控规则代码	4004	待扩展……	
15.13	卫生管理	HBCV09.00.246	质控规则代码	5000	身份证错误	
15.14	卫生管理	CV09.00.109	职业性健康监护体检类别代码	1	上岗前体检	
15.14	卫生管理	CV09.00.109	职业性健康监护体检类别代码	2	在岗期间体检	
15.14	卫生管理	CV09.00.109	职业性健康监护体检类别代码	3	离岗时体检	
15.14	卫生管理	CV09.00.109	职业性健康监护体检类别代码	4	应急体检	
15.14	卫生管理	CV09.00.109	职业性健康监护体检类别代码	9	其他	
15.15	卫生管理	HBCV04.10.017	体检套餐类型代码	01	少年儿童健康体检	
15.15	卫生管理	HBCV04.10.017	体检套餐类型代码	02	企退人员健康体检	
15.15	卫生管理	HBCV04.10.017	体检套餐类型代码	03	老年人健康体检	
15.15	卫生管理	HBCV04.10.017	体检套餐类型代码	04	其他城镇居民医疗保险参保人员健康体检(学校体检)	
15.15	卫生管理	HBCV04.10.017	体检套餐类型代码	05	妇女健康促进工程	
15.15	卫生管理	HBCV04.10.017	体检套餐类型代码	06	农民健康体检	
15.15	卫生管理	HBCV04.10.017	体检套餐类型代码	99	其他	
15.16	卫生管理	CV5101.27	症状代码	01	通用	
15.16	卫生管理	CV5101.27	症状代码	0101	头痛	
15.16	卫生管理	CV5101.27	症状代码	0102	头晕	
15.16	卫生管理	CV5101.27	症状代码	0103	心悸	
15.16	卫生管理	CV5101.27	症状代码	0104	胸闷	
15.16	卫生管理	CV5101.27	症状代码	0105	胸痛	
15.16	卫生管理	CV5101.27	症状代码	0106	咳嗽	
15.16	卫生管理	CV5101.27	症状代码	0107	咳痰	
15.16	卫生管理	CV5101.27	症状代码	0108	呼吸困难	
15.16	卫生管理	CV5101.27	症状代码	0109	多饮	
15.16	卫生管理	CV5101.27	症状代码	0110	多尿	
15.16	卫生管理	CV5101.27	症状代码	0111	体重下降	
15.16	卫生管理	CV5101.27	症状代码	0112	乏力	
15.16	卫生管理	CV5101.27	症状代码	0113	关节肿痛	
15.16	卫生管理	CV5101.27	症状代码	0114	视力模糊	
15.16	卫生管理	CV5101.27	症状代码	0115	四肢麻木	
15.16	卫生管理	CV5101.27	症状代码	0116	消瘦	
15.16	卫生管理	CV5101.27	症状代码	0117	尿痛	
15.16	卫生管理	CV5101.27	症状代码	0118	便秘	
15.16	卫生管理	CV5101.27	症状代码	0119	腹泻	
15.16	卫生管理	CV5101.27	症状代码	0120	恶心呕吐	
15.16	卫生管理	CV5101.27	症状代码	0121	眼花	
15.16	卫生管理	CV5101.27	症状代码	0122	耳鸣	
15.16	卫生管理	CV5101.27	症状代码	0123	发热	
15.16	卫生管理	CV5101.27	症状代码	0124	鼻衄	
15.16	卫生管理	CV5101.27	症状代码	0125	浮肿	
15.16	卫生管理	CV5101.27	症状代码	0126	多食	
15.16	卫生管理	CV5101.27	症状代码	0127	皮疹	
15.16	卫生管理	CV5101.27	症状代码	0199	其他	
15.16	卫生管理	CV5101.27	症状代码	02	高血压	
15.16	卫生管理	CV5101.27	症状代码	0201	无症状	
15.16	卫生管理	CV5101.27	症状代码	0202	头痛头晕	
15.16	卫生管理	CV5101.27	症状代码	0203	恶心呕吐	
15.16	卫生管理	CV5101.27	症状代码	0204	眼花耳鸣	
15.16	卫生管理	CV5101.27	症状代码	0205	呼吸困难	
15.16	卫生管理	CV5101.27	症状代码	0206	心悸胸闷	
15.16	卫生管理	CV5101.27	症状代码	0207	鼻衄出血不止	
15.16	卫生管理	CV5101.27	症状代码	0208	四肢发麻	
15.16	卫生管理	CV5101.27	症状代码	0209	下肢水肿	
15.16	卫生管理	CV5101.27	症状代码	03	糖尿病	
15.16	卫生管理	CV5101.27	症状代码	0301	无症状	
15.16	卫生管理	CV5101.27	症状代码	0302	多饮	
15.16	卫生管理	CV5101.27	症状代码	0303	多食	
15.16	卫生管理	CV5101.27	症状代码	0304	多尿	
15.16	卫生管理	CV5101.27	症状代码	0305	视力模糊	
15.16	卫生管理	CV5101.27	症状代码	0306	感染	
15.16	卫生管理	CV5101.27	症状代码	0307	手脚麻木	
15.16	卫生管理	CV5101.27	症状代码	0308	下肢浮肿	
15.16	卫生管理	CV5101.27	症状代码	0309	体重明显下降	
15.16	卫生管理	CV5101.27	症状代码	04	健康体检	
15.16	卫生管理	CV5101.27	症状代码	0401	无症状	
15.16	卫生管理	CV5101.27	症状代码	0402	头痛_	
15.16	卫生管理	CV5101.27	症状代码	0403	头晕	
15.16	卫生管理	CV5101.27	症状代码	0404	心悸	
15.16	卫生管理	CV5101.27	症状代码	0405	胸闷	
15.16	卫生管理	CV5101.27	症状代码	0406	胸痛	
15.16	卫生管理	CV5101.27	症状代码	0407	慢性咳嗽	
15.16	卫生管理	CV5101.27	症状代码	0408	咳痰	
15.16	卫生管理	CV5101.27	症状代码	0409	呼吸困难	
15.16	卫生管理	CV5101.27	症状代码	0410	多饮	
15.16	卫生管理	CV5101.27	症状代码	0411	多尿	
15.16	卫生管理	CV5101.27	症状代码	0412	体重下降	
15.16	卫生管理	CV5101.27	症状代码	0413	乏力	
15.16	卫生管理	CV5101.27	症状代码	0414	关节肿痛	
15.16	卫生管理	CV5101.27	症状代码	0415	视力模糊	
15.16	卫生管理	CV5101.27	症状代码	0416	手脚麻	
15.16	卫生管理	CV5101.27	症状代码	0417	尿急	
15.16	卫生管理	CV5101.27	症状代码	0418	尿痛	
15.16	卫生管理	CV5101.27	症状代码	0419	便秘	
15.16	卫生管理	CV5101.27	症状代码	0420	腹泻	
15.16	卫生管理	CV5101.27	症状代码	0421	恶心呕	
15.16	卫生管理	CV5101.27	症状代码	0422	眼花	
15.16	卫生管理	CV5101.27	症状代码	0423	耳鸣	
15.16	卫生管理	CV5101.27	症状代码	0424	乳房肿	
15.16	卫生管理	CV5101.27	症状代码	0425	其他	
15.17	卫生管理	HBCV04.10.011	体检项目代码	01	血常规	血红蛋白 Hb
15.17	卫生管理	HBCV04.10.011	体检项目代码	01	血常规	白细胞 WBC
15.17	卫生管理	HBCV04.10.011	体检项目代码	01	血常规	血小板 PLT
15.17	卫生管理	HBCV04.10.011	体检项目代码	01	血常规	红细胞比积 HCT
15.17	卫生管理	HBCV04.10.011	体检项目代码	01	血常规	平均红细胞体积 MCV
15.17	卫生管理	HBCV04.10.011	体检项目代码	01	血常规	平均红细胞血红蛋白量 MCH
15.17	卫生管理	HBCV04.10.011	体检项目代码	01	血常规	平均红细胞血红蛋白浓度 MCHC
15.17	卫生管理	HBCV04.10.011	体检项目代码	01	血常规	淋巴细胞比值 LYMPH%
15.17	卫生管理	HBCV04.10.011	体检项目代码	01	血常规	单核细胞比值 MONO%
15.17	卫生管理	HBCV04.10.011	体检项目代码	01	血常规	中性粒细胞比值 NEUT%
15.17	卫生管理	HBCV04.10.011	体检项目代码	01	血常规	嗜酸性粒细胞比值 EO%
15.17	卫生管理	HBCV04.10.011	体检项目代码	01	血常规	嗜碱性粒细胞比值 BASO%
15.17	卫生管理	HBCV04.10.011	体检项目代码	01	血常规	淋巴细胞数 LYMPH#
15.17	卫生管理	HBCV04.10.011	体检项目代码	01	血常规	单核细胞数 MO#
15.17	卫生管理	HBCV04.10.011	体检项目代码	01	血常规	中性粒细胞数 NEUT#
15.17	卫生管理	HBCV04.10.011	体检项目代码	01	血常规	嗜酸性粒细胞数 EO#
15.17	卫生管理	HBCV04.10.011	体检项目代码	01	血常规	嗜碱性粒细胞数 BASO#
15.17	卫生管理	HBCV04.10.011	体检项目代码	01	血常规	红细胞体积分布宽度 RDW-CV
15.17	卫生管理	HBCV04.10.011	体检项目代码	01	血常规	血小板体积分布宽度 PDW
15.17	卫生管理	HBCV04.10.011	体检项目代码	01	血常规	平均血小板体积 MPV
15.17	卫生管理	HBCV04.10.011	体检项目代码	01	血常规	血小板大细胞率 P-LCR
15.17	卫生管理	HBCV04.10.011	体检项目代码	01	血常规	单核细胞数 MO#
15.17	卫生管理	HBCV04.10.011	体检项目代码	02	尿常规	尿蛋白 U-PRO
15.17	卫生管理	HBCV04.10.011	体检项目代码	02	尿常规	尿糖 U-GLU
15.17	卫生管理	HBCV04.10.011	体检项目代码	02	尿常规	尿酮体 U-KET
15.17	卫生管理	HBCV04.10.011	体检项目代码	02	尿常规	尿潜血 U-OB
15.17	卫生管理	HBCV04.10.011	体检项目代码	02	尿常规	尿液酸碱度 U-PH
15.17	卫生管理	HBCV04.10.011	体检项目代码	02	尿常规	尿比重 U-SG
15.17	卫生管理	HBCV04.10.011	体检项目代码	02	尿常规	尿胆红素 U-BIL
15.17	卫生管理	HBCV04.10.011	体检项目代码	02	尿常规	尿维生素C VC
15.17	卫生管理	HBCV04.10.011	体检项目代码	02	尿常规	尿亚硝酸盐 U-NIT
15.17	卫生管理	HBCV04.10.011	体检项目代码	02	尿常规	尿胆原 URO
15.17	卫生管理	HBCV04.10.011	体检项目代码	03	血糖	空腹血糖 Glu
15.17	卫生管理	HBCV04.10.011	体检项目代码	03	血糖	餐后2小时血糖值 Glu1
15.17	卫生管理	HBCV04.10.011	体检项目代码	03	血糖	随机血糖值 Glu2
15.17	卫生管理	HBCV04.10.011	体检项目代码	04	尿微量白蛋白	尿微量白蛋白 MA
15.17	卫生管理	HBCV04.10.011	体检项目代码	05	大便潜血	大便潜血 OB
15.17	卫生管理	HBCV04.10.011	体检项目代码	06	糖化血红蛋白	糖化血红蛋白 GHb
15.17	卫生管理	HBCV04.10.011	体检项目代码	07	乙型五项	乙型肝炎表面抗原 HBsAg
15.17	卫生管理	HBCV04.10.011	体检项目代码	07	乙型五项	乙型肝炎病毒表面抗体 HBSAb
15.17	卫生管理	HBCV04.10.011	体检项目代码	07	乙型五项	乙型肝炎病毒e抗原 HBeAg
15.17	卫生管理	HBCV04.10.011	体检项目代码	07	乙型五项	乙型肝炎病毒e抗体 HBeAb
15.17	卫生管理	HBCV04.10.011	体检项目代码	07	乙型五项	乙型肝炎病毒核心抗体 HBcAb
15.17	卫生管理	HBCV04.10.011	体检项目代码	08	肝功能	血清谷丙转氨酶 ALT
15.17	卫生管理	HBCV04.10.011	体检项目代码	08	肝功能	血清谷草转氨酶 AST
15.17	卫生管理	HBCV04.10.011	体检项目代码	08	肝功能	白蛋白 ALB
15.17	卫生管理	HBCV04.10.011	体检项目代码	08	肝功能	总胆红素 TBIL
15.17	卫生管理	HBCV04.10.011	体检项目代码	08	肝功能	结合胆红素 CB
15.17	卫生管理	HBCV04.10.011	体检项目代码	08	肝功能	总蛋白 TP
15.17	卫生管理	HBCV04.10.011	体检项目代码	08	肝功能	球蛋白 GLB
15.17	卫生管理	HBCV04.10.011	体检项目代码	08	肝功能	白球比例 A/G
15.17	卫生管理	HBCV04.10.011	体检项目代码	08	肝功能	直接胆红素 DBIL
15.17	卫生管理	HBCV04.10.011	体检项目代码	08	肝功能	间接胆红素 IBIL
15.17	卫生管理	HBCV04.10.011	体检项目代码	09	肾功能	血清肌酐 Cr
15.17	卫生管理	HBCV04.10.011	体检项目代码	09	肾功能	血尿素氮 BUN
15.17	卫生管理	HBCV04.10.011	体检项目代码	09	肾功能	血钾浓度（干化学法） K
15.17	卫生管理	HBCV04.10.011	体检项目代码	09	肾功能	血钠浓度（干化学法） Na
15.17	卫生管理	HBCV04.10.011	体检项目代码	10	血脂	总胆固醇 CHO
15.17	卫生管理	HBCV04.10.011	体检项目代码	10	血脂	甘油三酯 TG
15.17	卫生管理	HBCV04.10.011	体检项目代码	10	血脂	血清低密度脂蛋白胆固醇 LDL
15.17	卫生管理	HBCV04.10.011	体检项目代码	10	血脂	血清高密度脂蛋白胆固醇 HDL
15.17	卫生管理	HBCV04.10.011	体检项目代码	10	血脂	载脂蛋白A apoA
15.17	卫生管理	HBCV04.10.011	体检项目代码	10	血脂	载脂蛋白B apoB
15.17	卫生管理	HBCV04.10.011	体检项目代码	11	常见肿瘤筛查	癌胚抗原浓度值 CEA
15.17	卫生管理	HBCV04.10.011	体检项目代码	11	常见肿瘤筛查	甲胎蛋白 AFP
15.17	卫生管理	HBCV04.10.011	体检项目代码	11	常见肿瘤筛查	肿瘤抗原CA199 CA199
15.17	卫生管理	HBCV04.10.011	体检项目代码	12	心肌酶	谷氨酰转移酶 GGT
15.17	卫生管理	HBCV04.10.011	体检项目代码	12	心肌酶	乳酸脱氢酶 LDH
15.17	卫生管理	HBCV04.10.011	体检项目代码	12	心肌酶	肌酸激酶 CK
15.17	卫生管理	HBCV04.10.011	体检项目代码	12	心肌酶	肌酸激酶同工酶 CKMB
15.17	卫生管理	HBCV04.10.011	体检项目代码	12	心肌酶	a-羟丁酸 HBDH
15.17	卫生管理	HBCV04.10.011	体检项目代码	13	电解质	钾 K
15.17	卫生管理	HBCV04.10.011	体检项目代码	13	电解质	钠 Na
15.17	卫生管理	HBCV04.10.011	体检项目代码	13	电解质	氯 CL
15.17	卫生管理	HBCV04.10.011	体检项目代码	14	凝血功能	凝血酶原时间 PT
15.17	卫生管理	HBCV04.10.011	体检项目代码	14	凝血功能	活化部分凝血活酶时间 APTT
15.17	卫生管理	HBCV04.10.011	体检项目代码	14	凝血功能	凝血酶时间 TT
15.17	卫生管理	HBCV04.10.011	体检项目代码	14	凝血功能	纤维蛋白原 FIB
15.17	卫生管理	HBCV04.10.011	体检项目代码	15	一般检查	体温 TEMPERATURE
15.17	卫生管理	HBCV04.10.011	体检项目代码	15	一般检查	脉率 ML
15.17	卫生管理	HBCV04.10.011	体检项目代码	15	一般检查	呼吸频率 HXPL
15.17	卫生管理	HBCV04.10.011	体检项目代码	15	一般检查	血压左舒张压(mmHg) LEFT_DBP
15.17	卫生管理	HBCV04.10.011	体检项目代码	15	一般检查	血压左收缩压(mmHg) LEFT_SBP
15.17	卫生管理	HBCV04.10.011	体检项目代码	15	一般检查	血压右舒张压(mmHg) RIGHT_DBP
15.17	卫生管理	HBCV04.10.011	体检项目代码	15	一般检查	血压右收缩压(mmHg) RIGHT_SBP
15.17	卫生管理	HBCV04.10.011	体检项目代码	15	一般检查	身高 HEIGHT
15.17	卫生管理	HBCV04.10.011	体检项目代码	15	一般检查	体重 WEIGHT
15.17	卫生管理	HBCV04.10.011	体检项目代码	15	一般检查	体质指数 BMI
15.17	卫生管理	HBCV04.10.011	体检项目代码	15	一般检查	腰围 WAISTLINE
15.17	卫生管理	HBCV04.10.011	体检项目代码	15	一般检查	臀围 HIPS
15.17	卫生管理	HBCV04.10.011	体检项目代码	15	一般检查	腰臀围比值 WHR
15.17	卫生管理	HBCV04.10.011	体检项目代码	16	生活习惯	老年人认识功能代码 LNRRSGNDM
15.17	卫生管理	HBCV04.10.011	体检项目代码	16	生活习惯	老年人认识功能名称 LNRRSGNMC
15.17	卫生管理	HBCV04.10.011	体检项目代码	16	生活习惯	老年人认知功能评分 LNRRZPF
15.17	卫生管理	HBCV04.10.011	体检项目代码	16	生活习惯	智力状态检查总分 ZLZTJCZF
15.17	卫生管理	HBCV04.10.011	体检项目代码	16	生活习惯	老年人健康状态自我评估代码 LNRJKZWPGDM
15.17	卫生管理	HBCV04.10.011	体检项目代码	16	生活习惯	老年人健康状态自我评估名称 LNRJKZWPGMC
15.17	卫生管理	HBCV04.10.011	体检项目代码	16	生活习惯	老年人自理能力自我评估代码 LNRZLNLPGDM
15.17	卫生管理	HBCV04.10.011	体检项目代码	16	生活习惯	老年人自理能力自我评估名称 LNRZLNLPGMC
15.17	卫生管理	HBCV04.10.011	体检项目代码	16	生活习惯	老年人情感状态代码 LNRQGZTDM
15.17	卫生管理	HBCV04.10.011	体检项目代码	16	生活习惯	老年人情感状态名称 LNRQGZTMC
15.17	卫生管理	HBCV04.10.011	体检项目代码	16	生活习惯	老年人抑郁评分检查总分 YYPFJCZF
15.17	卫生管理	HBCV04.10.011	体检项目代码	16	生活习惯	锻炼频率代码 DLPLDM
15.17	卫生管理	HBCV04.10.011	体检项目代码	16	生活习惯	锻炼频率名称 DLPLMC
15.17	卫生管理	HBCV04.10.011	体检项目代码	16	生活习惯	每次锻炼时间 MCDLSJ
15.17	卫生管理	HBCV04.10.011	体检项目代码	16	生活习惯	坚持锻炼时间 JCDLSJ
15.17	卫生管理	HBCV04.10.011	体检项目代码	16	生活习惯	锻炼方式说明 DLFS
15.17	卫生管理	HBCV04.10.011	体检项目代码	16	生活习惯	运动功能状态代码 HDNLDM
15.17	卫生管理	HBCV04.10.011	体检项目代码	16	生活习惯	运动功能状态名称 HDNLMC
15.17	卫生管理	HBCV04.10.011	体检项目代码	16	生活习惯	饮食习惯代码 YSXGDM
15.17	卫生管理	HBCV04.10.011	体检项目代码	16	生活习惯	饮食习惯名称 YSXGMC
15.17	卫生管理	HBCV04.10.011	体检项目代码	16	生活习惯	吸烟状况代码 XYZKDM
15.17	卫生管理	HBCV04.10.011	体检项目代码	16	生活习惯	吸烟状况名称 XYZKMC
15.17	卫生管理	HBCV04.10.011	体检项目代码	16	生活习惯	日吸烟量 RXYL
15.17	卫生管理	HBCV04.10.011	体检项目代码	16	生活习惯	开始吸烟年龄 KSXYNL
15.17	卫生管理	HBCV04.10.011	体检项目代码	16	生活习惯	戒烟年龄 JYNL
15.17	卫生管理	HBCV04.10.011	体检项目代码	16	生活习惯	饮酒频率代码 YJPLDM
15.17	卫生管理	HBCV04.10.011	体检项目代码	16	生活习惯	饮酒频率名称 YJPLMC
15.17	卫生管理	HBCV04.10.011	体检项目代码	16	生活习惯	日饮酒量 RYJL
15.17	卫生管理	HBCV04.10.011	体检项目代码	16	生活习惯	是否戒酒 SFJJ
15.17	卫生管理	HBCV04.10.011	体检项目代码	16	生活习惯	戒酒年龄 JJNL
15.17	卫生管理	HBCV04.10.011	体检项目代码	16	生活习惯	开始饮酒年龄 KSYJNL
15.17	卫生管理	HBCV04.10.011	体检项目代码	16	生活习惯	近一年是否有醉酒 SFZJ
15.17	卫生管理	HBCV04.10.011	体检项目代码	16	生活习惯	饮酒种类代码 YJZLDM
15.17	卫生管理	HBCV04.10.011	体检项目代码	16	生活习惯	饮酒种类名称 YJZLMC
15.17	卫生管理	HBCV04.10.011	体检项目代码	17	口腔科	口腔口唇外观代码 KQKCDM
15.17	卫生管理	HBCV04.10.011	体检项目代码	17	口腔科	口腔口唇外观名称 KQKCMC
15.17	卫生管理	HBCV04.10.011	体检项目代码	17	口腔科	口腔齿列类别代码 KQCLDM
15.17	卫生管理	HBCV04.10.011	体检项目代码	17	口腔科	口腔齿列类别名称 KQCLMC
15.17	卫生管理	HBCV04.10.011	体检项目代码	17	口腔科	口腔齿列位置 KQCLWZ
15.17	卫生管理	HBCV04.10.011	体检项目代码	17	口腔科	口腔齿列描述 KQCLMS
15.17	卫生管理	HBCV04.10.011	体检项目代码	17	口腔科	口腔咽部检查结果代码 KQYBDM
15.17	卫生管理	HBCV04.10.011	体检项目代码	17	口腔科	口腔咽部检查结果名称 KQYBMC
15.17	卫生管理	HBCV04.10.011	体检项目代码	18	眼科	裸眼视力左眼 SLZY
15.17	卫生管理	HBCV04.10.011	体检项目代码	18	眼科	裸眼视力右眼 SLYY
15.17	卫生管理	HBCV04.10.011	体检项目代码	18	眼科	矫正视力左眼 JZSLZY
15.17	卫生管理	HBCV04.10.011	体检项目代码	18	眼科	矫正视力右眼 JZSLYY
15.17	卫生管理	HBCV04.10.011	体检项目代码	18	眼科	左眼视力代码 SLZYDM
15.17	卫生管理	HBCV04.10.011	体检项目代码	18	眼科	右眼视力代码 SLYYDM
15.17	卫生管理	HBCV04.10.011	体检项目代码	18	眼科	眼底异常标志 YDYCBZ
15.17	卫生管理	HBCV04.10.011	体检项目代码	18	眼科	眼底异常描述 YDYCMS
15.17	卫生管理	HBCV04.10.011	体检项目代码	18	眼科	眼部疾病代码 YBJBDM
15.17	卫生管理	HBCV04.10.011	体检项目代码	18	眼科	眼部疾病名称 YBJBMC
15.17	卫生管理	HBCV04.10.011	体检项目代码	19	耳科	听力检测结果代码 TLDM
15.17	卫生管理	HBCV04.10.011	体检项目代码	19	耳科	听力检测结果名称 TLMC
15.17	卫生管理	HBCV04.10.011	体检项目代码	20	皮肤科	皮肤检查结果代码 PFDM
15.17	卫生管理	HBCV04.10.011	体检项目代码	20	皮肤科	皮肤检查结果名称 PFMC
15.17	卫生管理	HBCV04.10.011	体检项目代码	21	内科	巩膜检查结果代码 GMDM
15.17	卫生管理	HBCV04.10.011	体检项目代码	21	内科	巩膜检查结果名称 GMMC
15.17	卫生管理	HBCV04.10.011	体检项目代码	21	内科	淋巴结检查结果代码 LBJDM
15.17	卫生管理	HBCV04.10.011	体检项目代码	21	内科	淋巴结检查结果名称 LBJMC
15.17	卫生管理	HBCV04.10.011	体检项目代码	21	内科	肺桶状胸标志 FTZXBZ
15.17	卫生管理	HBCV04.10.011	体检项目代码	21	内科	肺呼吸音标志 FHXYBZ
15.17	卫生管理	HBCV04.10.011	体检项目代码	21	内科	肺呼吸音异常描述 FHXYYCMS
15.17	卫生管理	HBCV04.10.011	体检项目代码	21	内科	肺罗音代码 FLYDM
15.17	卫生管理	HBCV04.10.011	体检项目代码	21	内科	肺罗音名称 FLYMC
15.17	卫生管理	HBCV04.10.011	体检项目代码	21	内科	心脏心率 XTPL
15.17	卫生管理	HBCV04.10.011	体检项目代码	21	内科	心脏心律类别代码 XLDM
15.17	卫生管理	HBCV04.10.011	体检项目代码	21	内科	心脏心律类别名称 XLMC
15.17	卫生管理	HBCV04.10.011	体检项目代码	21	内科	心脏杂音标志 XZZYDM
15.17	卫生管理	HBCV04.10.011	体检项目代码	21	内科	心脏杂音描述 XZZYMS
15.17	卫生管理	HBCV04.10.011	体检项目代码	21	内科	腹部压痛标志 FBYTDM
15.17	卫生管理	HBCV04.10.011	体检项目代码	21	内科	腹部压痛描述 FBYTMS
15.17	卫生管理	HBCV04.10.011	体检项目代码	21	内科	腹部包块标志 FBBKDM
15.17	卫生管理	HBCV04.10.011	体检项目代码	21	内科	腹部包块描述 FBBKMS
15.17	卫生管理	HBCV04.10.011	体检项目代码	21	内科	腹部肝大标志 FBGDDM
15.17	卫生管理	HBCV04.10.011	体检项目代码	21	内科	腹部肝大描述 FBGDMS
15.17	卫生管理	HBCV04.10.011	体检项目代码	21	内科	腹部脾大标志 FBPDDM
15.17	卫生管理	HBCV04.10.011	体检项目代码	21	内科	腹部脾大描述 FBPDMS
15.17	卫生管理	HBCV04.10.011	体检项目代码	21	内科	腹部移动性浊音标志 FBYDXZYDM
15.17	卫生管理	HBCV04.10.011	体检项目代码	21	内科	腹部移动性浊音描述 FBYDXZYMS
15.17	卫生管理	HBCV04.10.011	体检项目代码	21	内科	脑血管疾病代码 NXGJBDM
15.17	卫生管理	HBCV04.10.011	体检项目代码	21	内科	脑血管疾病名称 NXGJBMC
15.17	卫生管理	HBCV04.10.011	体检项目代码	21	内科	肾脏疾病代码 SZJBDM
15.17	卫生管理	HBCV04.10.011	体检项目代码	21	内科	肾脏疾病名称 SZJBMC
15.17	卫生管理	HBCV04.10.011	体检项目代码	21	内科	心脏疾病代码 XZJBDM
15.17	卫生管理	HBCV04.10.011	体检项目代码	21	内科	心脏疾病名称 XZJBMC
15.17	卫生管理	HBCV04.10.011	体检项目代码	21	内科	血管疾病代码 XGJBDM
15.17	卫生管理	HBCV04.10.011	体检项目代码	21	内科	血管疾病名称 XGJBMC
15.17	卫生管理	HBCV04.10.011	体检项目代码	22	外科	下肢水肿代码 XZSZDM
15.17	卫生管理	HBCV04.10.011	体检项目代码	22	外科	下肢水肿名称 XZSZMC
15.17	卫生管理	HBCV04.10.011	体检项目代码	22	外科	足背动脉博动代码 ZBDMBDDM
15.17	卫生管理	HBCV04.10.011	体检项目代码	22	外科	足背动脉博动名称 ZBDMBDMC
15.17	卫生管理	HBCV04.10.011	体检项目代码	22	外科	肛门指诊代码 GMZZDM
15.17	卫生管理	HBCV04.10.011	体检项目代码	22	外科	肛门指诊名称 GMZZMC
15.17	卫生管理	HBCV04.10.011	体检项目代码	22	外科	乳腺检查结果代码 RXDM
15.17	卫生管理	HBCV04.10.011	体检项目代码	22	外科	乳腺检查结果名称 RXMC
15.17	卫生管理	HBCV04.10.011	体检项目代码	23	妇科	妇科外阴异常标志 FKWYDM
15.17	卫生管理	HBCV04.10.011	体检项目代码	23	妇科	妇科外阴描述 FKWYMS
15.17	卫生管理	HBCV04.10.011	体检项目代码	23	妇科	妇科阴道异常标志 FKYDDM
15.17	卫生管理	HBCV04.10.011	体检项目代码	23	妇科	妇科阴道描述 FKYDMS
15.17	卫生管理	HBCV04.10.011	体检项目代码	23	妇科	妇科宫颈异常标志 FKGJDM
15.17	卫生管理	HBCV04.10.011	体检项目代码	23	妇科	妇科宫颈描述 FKGJMS
15.17	卫生管理	HBCV04.10.011	体检项目代码	23	妇科	妇科宫体异常标志 FKGTDM
15.17	卫生管理	HBCV04.10.011	体检项目代码	23	妇科	妇科宫体描述 FKGTMS
15.17	卫生管理	HBCV04.10.011	体检项目代码	23	妇科	妇科附件异常标志 FKFJDM
15.17	卫生管理	HBCV04.10.011	体检项目代码	23	妇科	妇科附件异常描述 FKFJMS
15.17	卫生管理	HBCV04.10.011	体检项目代码	23	妇科	宫颈涂片异常标志 GJTPBZ
15.17	卫生管理	HBCV04.10.011	体检项目代码	23	妇科	宫颈涂片异常描述 GJTPYC
15.17	卫生管理	HBCV04.10.011	体检项目代码	24	心电图	心电图异常标志 XDTBZ
15.17	卫生管理	HBCV04.10.011	体检项目代码	24	心电图	心电图异常描述 XDTYC
15.17	卫生管理	HBCV04.10.011	体检项目代码	25	放射	胸部X线片异常标志 XBXXPBZ
15.17	卫生管理	HBCV04.10.011	体检项目代码	25	放射	胸部X线片异常描述 XBXXPYC
15.17	卫生管理	HBCV04.10.011	体检项目代码	26	彩超	B超异常标志 BCBZ
15.17	卫生管理	HBCV04.10.011	体检项目代码	26	彩超	B超异常描述 BCYC
15.17	卫生管理	HBCV04.10.011	体检项目代码	27	神经科	神经系统疾病标志 SJXTJBBZ
15.17	卫生管理	HBCV04.10.011	体检项目代码	27	神经科	神经系统疾病描述 SJXTJBQTMS
15.17	卫生管理	HBCV04.10.011	体检项目代码	28	体检建议	健康指导代码 JKZDDM
15.17	卫生管理	HBCV04.10.011	体检项目代码	28	体检建议	危险因素控制建议代码 WXYSKZJYDM
15.17	卫生管理	HBCV04.10.011	体检项目代码	28	体检建议	减体重目标 JTZMB
15.17	卫生管理	HBCV04.10.011	体检项目代码	28	体检建议	建议接种疫苗代码 JYJZYMDM
15.17	卫生管理	HBCV04.10.011	体检项目代码	99	其他	其他系统疾病 QTXTJBDM
15.17	卫生管理	HBCV04.10.011	体检项目代码	99	其他	其他系统疾病描述 QTXTJBQTMS
15.17	卫生管理	HBCV04.10.011	体检项目代码	99	其他	健康评价异常标志 JKPJ
15.17	卫生管理	HBCV04.10.011	体检项目代码	99	其他	健康评价异常描述 JKPJYCQTMS
15.18	卫生管理	HBCV09.00.032	设备单位代码	01	套	
15.18	卫生管理	HBCV09.00.032	设备单位代码	02	把	
15.18	卫生管理	HBCV09.00.032	设备单位代码	03	部	
15.18	卫生管理	HBCV09.00.032	设备单位代码	04	副	
15.18	卫生管理	HBCV09.00.032	设备单位代码	05	个	
15.18	卫生管理	HBCV09.00.032	设备单位代码	06	件	
15.18	卫生管理	HBCV09.00.032	设备单位代码	07	辆	
15.18	卫生管理	HBCV09.00.032	设备单位代码	08	台	
15.18	卫生管理	HBCV09.00.032	设备单位代码	09	箱	
15.18	卫生管理	HBCV09.00.032	设备单位代码	10	张	
15.18	卫生管理	HBCV09.00.032	设备单位代码	99	其他	
16.1	补充值域	HBCV99.00.001	是否标志代码	0	否	
16.1	补充值域	HBCV99.00.001	是否标志代码	1	是	
16.2	补充值域	HBCV99.00.002	诊断编码类型代码	1	西医	
16.2	补充值域	HBCV99.00.002	诊断编码类型代码	2	中医	
16.3	补充值域	HBCV99.00.003	机构状态代码	0	已注销	
16.3	补充值域	HBCV99.00.003	机构状态代码	1	存续	
16.4	补充值域	HBCV99.00.005	计入挂号人次标志代码	0	不计入挂号人次	
16.4	补充值域	HBCV99.00.005	计入挂号人次标志代码	1	计入挂号人次	
16.5	补充值域	HBCV99.00.006	退号标志代码	0	挂号	
16.5	补充值域	HBCV99.00.006	退号标志代码	1	退号	
16.6	补充值域	HBCV99.00.008	出院标志代码	1	出院	
16.6	补充值域	HBCV99.00.008	出院标志代码	2	退院	
16.7	补充值域	HBCV99.00.009	退费标志代码	1	收费	
16.7	补充值域	HBCV99.00.009	退费标志代码	2	退费	
16.8	补充值域	HBCV99.00.010	结算类型代码	1	在院	
16.8	补充值域	HBCV99.00.010	结算类型代码	2	出院	
16.9	补充值域	HBCV99.00.011	就诊来源代码	1	自行就诊	
16.9	补充值域	HBCV99.00.011	就诊来源代码	2	社区陪同	
17.2	病原监测字典表		样本来源代码表	01	人体样本	
17.2	病原监测字典表		样本来源代码表	02	动物样本	
17.2	病原监测字典表		样本来源代码表	03	环境样本	
17.2	病原监测字典表		样本来源代码表	04	食物样本	
17.2	病原监测字典表		样本来源代码表	99	其他	
17.3	病原监测字典表	HBCV04.50.033	样本类型	1	静脉血清	
17.3	病原监测字典表	HBCV04.50.033	样本类型	10	溶血液	
17.3	病原监测字典表	HBCV04.50.033	样本类型	11	血液抽提液	
17.3	病原监测字典表	HBCV04.50.033	样本类型	12	白细胞	
17.3	病原监测字典表	HBCV04.50.033	样本类型	13	血小板	
17.3	病原监测字典表	HBCV04.50.033	样本类型	2	静脉全血	
17.3	病原监测字典表	HBCV04.50.033	样本类型	21	尿液	
17.3	病原监测字典表	HBCV04.50.033	样本类型	22	新鲜尿	
17.3	病原监测字典表	HBCV04.50.033	样本类型	23	定时尿	
17.3	病原监测字典表	HBCV04.50.033	样本类型	24	中段尿	
17.3	病原监测字典表	HBCV04.50.033	样本类型	25	晨尿	
17.3	病原监测字典表	HBCV04.50.033	样本类型	26	分杯尿	
17.3	病原监测字典表	HBCV04.50.033	样本类型	27	膀胱穿刺尿	
17.3	病原监测字典表	HBCV04.50.033	样本类型	3	静脉血浆	
17.3	病原监测字典表	HBCV04.50.033	样本类型	30	粪便	
17.3	病原监测字典表	HBCV04.50.033	样本类型	31	痰液	
17.3	病原监测字典表	HBCV04.50.033	样本类型	32	上呼吸道标本	
17.3	病原监测字典表	HBCV04.50.033	样本类型	33	下呼吸道标本	
17.3	病原监测字典表	HBCV04.50.033	样本类型	34	穿刺液	
17.3	病原监测字典表	HBCV04.50.033	样本类型	35	骨髓液	
17.3	病原监测字典表	HBCV04.50.033	样本类型	36	胸水	
17.3	病原监测字典表	HBCV04.50.033	样本类型	37	腹水	
17.3	病原监测字典表	HBCV04.50.033	样本类型	38	心包液	
17.3	病原监测字典表	HBCV04.50.033	样本类型	39	胃液	
17.3	病原监测字典表	HBCV04.50.033	样本类型	4	末梢全血	
17.3	病原监测字典表	HBCV04.50.033	样本类型	40	十二指肠液	
17.3	病原监测字典表	HBCV04.50.033	样本类型	41	胆汁	
17.3	病原监测字典表	HBCV04.50.033	样本类型	42	唾液	
17.3	病原监测字典表	HBCV04.50.033	样本类型	43	口腔及咽喉分泌物	
17.3	病原监测字典表	HBCV04.50.033	样本类型	44	呕吐物	
17.3	病原监测字典表	HBCV04.50.033	样本类型	45	眼分泌物	
17.3	病原监测字典表	HBCV04.50.033	样本类型	46	关节液	
17.3	病原监测字典表	HBCV04.50.033	样本类型	47	精液	
17.3	病原监测字典表	HBCV04.50.033	样本类型	48	前列腺液	
17.3	病原监测字典表	HBCV04.50.033	样本类型	49	乳汁	
17.3	病原监测字典表	HBCV04.50.033	样本类型	5	末梢血浆	
17.3	病原监测字典表	HBCV04.50.033	样本类型	50	羊水	
17.3	病原监测字典表	HBCV04.50.033	样本类型	51	阴道、子宫颈分泌物	
17.3	病原监测字典表	HBCV04.50.033	样本类型	52	子宫内膜	
17.3	病原监测字典表	HBCV04.50.033	样本类型	53	汗液	
17.3	病原监测字典表	HBCV04.50.033	样本类型	54	脓液及创伤感染分泌物	
17.3	病原监测字典表	HBCV04.50.033	样本类型	55	浸出液	
17.3	病原监测字典表	HBCV04.50.033	样本类型	6	末梢血清	
17.3	病原监测字典表	HBCV04.50.033	样本类型	7	动脉血	
17.3	病原监测字典表	HBCV04.50.033	样本类型	8	红细胞	
17.3	病原监测字典表	HBCV04.50.033	样本类型	9	脐带血	
17.3	病原监测字典表	HBCV04.50.033	样本类型	9999	其他	
17.4	病原监测字典表	区	湖北省县代码表（HBCV02.01.011）	420102	江岸区	
17.4	病原监测字典表	区	湖北省县代码表（HBCV02.01.011）	420103	江汉区	
17.4	病原监测字典表	区	湖北省县代码表（HBCV02.01.011）	420104	硚口区	
17.4	病原监测字典表	区	湖北省县代码表（HBCV02.01.011）	420105	汉阳区	
17.4	病原监测字典表	区	湖北省县代码表（HBCV02.01.011）	420106	武昌区	
17.4	病原监测字典表	区	湖北省县代码表（HBCV02.01.011）	420107	青山区	
17.4	病原监测字典表	区	湖北省县代码表（HBCV02.01.011）	420111	洪山区	
17.4	病原监测字典表	区	湖北省县代码表（HBCV02.01.011）	420112	东西湖区	
17.4	病原监测字典表	区	湖北省县代码表（HBCV02.01.011）	420113	汉南区	
17.4	病原监测字典表	区	湖北省县代码表（HBCV02.01.011）	420114	蔡甸区	
17.4	病原监测字典表	区	湖北省县代码表（HBCV02.01.011）	420115	江夏区	
17.4	病原监测字典表	区	湖北省县代码表（HBCV02.01.011）	420116	黄陂区	
17.4	病原监测字典表	区	湖北省县代码表（HBCV02.01.011）	420117	新洲区	
17.4	病原监测字典表	区	湖北省县代码表（HBCV02.01.011）	420202	黄石港区	
17.4	病原监测字典表	区	湖北省县代码表（HBCV02.01.011）	420203	西塞山区	
17.4	病原监测字典表	区	湖北省县代码表（HBCV02.01.011）	420204	下陆区	
17.4	病原监测字典表	区	湖北省县代码表（HBCV02.01.011）	420205	铁山区	
17.4	病原监测字典表	区	湖北省县代码表（HBCV02.01.011）	420222	阳新县	
17.4	病原监测字典表	区	湖北省县代码表（HBCV02.01.011）	420281	大冶市	
17.4	病原监测字典表	区	湖北省县代码表（HBCV02.01.011）	420301	武当山特区(虚拟)	
17.4	病原监测字典表	区	湖北省县代码表（HBCV02.01.011）	420302	茅箭区	
17.4	病原监测字典表	区	湖北省县代码表（HBCV02.01.011）	420303	张湾区	
17.4	病原监测字典表	区	湖北省县代码表（HBCV02.01.011）	420321	郧县	
17.4	病原监测字典表	区	湖北省县代码表（HBCV02.01.011）	420322	郧西县	
17.4	病原监测字典表	区	湖北省县代码表（HBCV02.01.011）	420323	竹山县	
17.4	病原监测字典表	区	湖北省县代码表（HBCV02.01.011）	420324	竹溪县	
17.4	病原监测字典表	区	湖北省县代码表（HBCV02.01.011）	420325	房县	
17.4	病原监测字典表	区	湖北省县代码表（HBCV02.01.011）	420381	丹江口市	
17.4	病原监测字典表	区	湖北省县代码表（HBCV02.01.011）	420502	西陵区	
17.4	病原监测字典表	区	湖北省县代码表（HBCV02.01.011）	420503	伍家岗区	
17.4	病原监测字典表	区	湖北省县代码表（HBCV02.01.011）	420504	点军区	
17.4	病原监测字典表	区	湖北省县代码表（HBCV02.01.011）	420505	猇亭区	
17.4	病原监测字典表	区	湖北省县代码表（HBCV02.01.011）	420506	夷陵区	
17.4	病原监测字典表	区	湖北省县代码表（HBCV02.01.011）	420525	远安县	
17.4	病原监测字典表	区	湖北省县代码表（HBCV02.01.011）	420526	兴山县	
17.4	病原监测字典表	区	湖北省县代码表（HBCV02.01.011）	420527	秭归县	
17.4	病原监测字典表	区	湖北省县代码表（HBCV02.01.011）	420528	长阳土家族自治县	
17.4	病原监测字典表	区	湖北省县代码表（HBCV02.01.011）	420529	五峰土家族自治县	
17.4	病原监测字典表	区	湖北省县代码表（HBCV02.01.011）	420581	宜都市	
17.4	病原监测字典表	区	湖北省县代码表（HBCV02.01.011）	420582	当阳市	
17.4	病原监测字典表	区	湖北省县代码表（HBCV02.01.011）	420583	枝江市	
17.4	病原监测字典表	区	湖北省县代码表（HBCV02.01.011）	420602	襄城区	
17.4	病原监测字典表	区	湖北省县代码表（HBCV02.01.011）	420606	樊城区	
17.4	病原监测字典表	区	湖北省县代码表（HBCV02.01.011）	420607	襄阳区	
17.4	病原监测字典表	区	湖北省县代码表（HBCV02.01.011）	420624	南漳县	
17.4	病原监测字典表	区	湖北省县代码表（HBCV02.01.011）	420625	谷城县	
17.4	病原监测字典表	区	湖北省县代码表（HBCV02.01.011）	420626	保康县	
17.4	病原监测字典表	区	湖北省县代码表（HBCV02.01.011）	420682	老河口市	
17.4	病原监测字典表	区	湖北省县代码表（HBCV02.01.011）	420683	枣阳市	
17.4	病原监测字典表	区	湖北省县代码表（HBCV02.01.011）	420684	宜城市	
17.4	病原监测字典表	区	湖北省县代码表（HBCV02.01.011）	420702	梁子湖区	
17.4	病原监测字典表	区	湖北省县代码表（HBCV02.01.011）	420703	华容区	
17.4	病原监测字典表	区	湖北省县代码表（HBCV02.01.011）	420704	鄂城区	
17.4	病原监测字典表	区	湖北省县代码表（HBCV02.01.011）	420802	东宝区	
17.4	病原监测字典表	区	湖北省县代码表（HBCV02.01.011）	420804	掇刀区	
17.4	病原监测字典表	区	湖北省县代码表（HBCV02.01.011）	420821	京山县	
17.4	病原监测字典表	区	湖北省县代码表（HBCV02.01.011）	420822	沙洋县	
17.4	病原监测字典表	区	湖北省县代码表（HBCV02.01.011）	420881	钟祥市	
17.4	病原监测字典表	区	湖北省县代码表（HBCV02.01.011）	420902	孝南区	
17.4	病原监测字典表	区	湖北省县代码表（HBCV02.01.011）	420921	孝昌县	
17.4	病原监测字典表	区	湖北省县代码表（HBCV02.01.011）	420922	大悟县	
17.4	病原监测字典表	区	湖北省县代码表（HBCV02.01.011）	420923	云梦县	
17.4	病原监测字典表	区	湖北省县代码表（HBCV02.01.011）	420981	应城市	
17.4	病原监测字典表	区	湖北省县代码表（HBCV02.01.011）	420982	安陆市	
17.4	病原监测字典表	区	湖北省县代码表（HBCV02.01.011）	420984	汉川市	
17.4	病原监测字典表	区	湖北省县代码表（HBCV02.01.011）	421002	沙市区	
17.4	病原监测字典表	区	湖北省县代码表（HBCV02.01.011）	421003	荆州区	
17.4	病原监测字典表	区	湖北省县代码表（HBCV02.01.011）	421022	公安县	
17.4	病原监测字典表	区	湖北省县代码表（HBCV02.01.011）	421023	监利县	
17.4	病原监测字典表	区	湖北省县代码表（HBCV02.01.011）	421024	江陵县	
17.4	病原监测字典表	区	湖北省县代码表（HBCV02.01.011）	421081	石首市	
17.4	病原监测字典表	区	湖北省县代码表（HBCV02.01.011）	421083	洪湖市	
17.4	病原监测字典表	区	湖北省县代码表（HBCV02.01.011）	421087	松滋市	
17.4	病原监测字典表	区	湖北省县代码表（HBCV02.01.011）	421102	黄州区	
17.4	病原监测字典表	区	湖北省县代码表（HBCV02.01.011）	421121	团风县	
17.4	病原监测字典表	区	湖北省县代码表（HBCV02.01.011）	421122	红安县	
17.4	病原监测字典表	区	湖北省县代码表（HBCV02.01.011）	421123	罗田县	
17.4	病原监测字典表	区	湖北省县代码表（HBCV02.01.011）	421124	英山县	
17.4	病原监测字典表	区	湖北省县代码表（HBCV02.01.011）	421125	浠水县	
17.4	病原监测字典表	区	湖北省县代码表（HBCV02.01.011）	421126	蕲春县	
17.4	病原监测字典表	区	湖北省县代码表（HBCV02.01.011）	421127	黄梅县	
17.4	病原监测字典表	区	湖北省县代码表（HBCV02.01.011）	421181	麻城市	
17.4	病原监测字典表	区	湖北省县代码表（HBCV02.01.011）	421182	武穴市	
17.4	病原监测字典表	区	湖北省县代码表（HBCV02.01.011）	421202	咸安区	
17.4	病原监测字典表	区	湖北省县代码表（HBCV02.01.011）	421221	嘉鱼县	
17.4	病原监测字典表	区	湖北省县代码表（HBCV02.01.011）	421222	通城县	
17.4	病原监测字典表	区	湖北省县代码表（HBCV02.01.011）	421223	崇阳县	
17.4	病原监测字典表	区	湖北省县代码表（HBCV02.01.011）	421224	通山县	
17.4	病原监测字典表	区	湖北省县代码表（HBCV02.01.011）	421281	赤壁市	
17.4	病原监测字典表	区	湖北省县代码表（HBCV02.01.011）	421303	曾都区	
17.4	病原监测字典表	区	湖北省县代码表（HBCV02.01.011）	421321	随县	
17.4	病原监测字典表	区	湖北省县代码表（HBCV02.01.011）	421381	广水市	
17.4	病原监测字典表	区	湖北省县代码表（HBCV02.01.011）	422801	恩施市	
17.4	病原监测字典表	区	湖北省县代码表（HBCV02.01.011）	422802	利川市	
17.4	病原监测字典表	区	湖北省县代码表（HBCV02.01.011）	422822	建始县	
17.4	病原监测字典表	区	湖北省县代码表（HBCV02.01.011）	422823	巴东县	
17.4	病原监测字典表	区	湖北省县代码表（HBCV02.01.011）	422825	宣恩县	
17.4	病原监测字典表	区	湖北省县代码表（HBCV02.01.011）	422826	咸丰县	
17.4	病原监测字典表	区	湖北省县代码表（HBCV02.01.011）	422827	来凤县	
17.4	病原监测字典表	区	湖北省县代码表（HBCV02.01.011）	422828	鹤峰县	
17.4	病原监测字典表	区	湖北省县代码表（HBCV02.01.011）	429004	仙桃市	
17.4	病原监测字典表	区	湖北省县代码表（HBCV02.01.011）	429005	潜江市	
17.4	病原监测字典表	区	湖北省县代码表（HBCV02.01.011）	429006	天门市	
17.4	病原监测字典表	区	湖北省县代码表（HBCV02.01.011）	429021	神农架林区	
17.5	病原监测字典表	HBCV02.01.016	感染地点代码	01	本土感染	麻疹、血吸虫病、疟疾、包虫病、黑热病、登革热、流脑、H7N9、手足口、伤寒\副伤寒、痢疾、急性出血性结膜炎、霍乱、新冠
17.5	病原监测字典表	HBCV02.01.016	感染地点代码	02	境外输入	麻疹、血吸虫病、疟疾、包虫病、黑热病、登革热、流脑、手足口、伤寒\副伤寒、痢疾、急性出血性结膜炎、霍乱、新冠
17.5	病原监测字典表	HBCV02.01.016	感染地点代码	03	境外输入相关	麻疹、血吸虫病、疟疾、黑热病、登革热、流脑
17.5	病原监测字典表	HBCV02.01.016	感染地点代码	04	不详	麻疹、血吸虫病、疟疾、黑热病、登革热、流脑、手足口、伤寒\副伤寒、痢疾、急性出血性结膜炎、霍乱
17.5	病原监测字典表	HBCV02.01.016	感染地点代码	05	外省市输入	包虫病、血吸虫病、黑热病、登革热、流脑、H7N9、手足口、伤寒\副伤寒、痢疾、急性出血性结膜炎、霍乱、麻疹
17.5	病原监测字典表	HBCV02.01.016	感染地点代码	06	感染地不明	包虫病、血吸虫病、疟疾、黑热病、登革热、流脑、H7N9、手足口、伤寒\副伤寒、痢疾、急性出血性结膜炎、霍乱
17.6	病原监测字典表	CT08.00.002	医疗机构诊疗科室代码	A01	预防保健科	
17.6	病原监测字典表	CT08.00.002	医疗机构诊疗科室代码	A02	全科医疗科	
17.6	病原监测字典表	CT08.00.002	医疗机构诊疗科室代码	A03	内科	
17.6	病原监测字典表	CT08.00.002	医疗机构诊疗科室代码	A03.01	呼吸内科专业	
17.6	病原监测字典表	CT08.00.002	医疗机构诊疗科室代码	A03.02	消化内科专业	
17.6	病原监测字典表	CT08.00.002	医疗机构诊疗科室代码	A03.03	神经内科专业	
17.6	病原监测字典表	CT08.00.002	医疗机构诊疗科室代码	A03.04	心血管内科专业	
17.6	病原监测字典表	CT08.00.002	医疗机构诊疗科室代码	A03.05	血液内科专业	
17.6	病原监测字典表	CT08.00.002	医疗机构诊疗科室代码	A03.06	肾病学专业	
17.6	病原监测字典表	CT08.00.002	医疗机构诊疗科室代码	A03.07	内分泌专业	
17.6	病原监测字典表	CT08.00.002	医疗机构诊疗科室代码	A03.08	免疫学专业	
17.6	病原监测字典表	CT08.00.002	医疗机构诊疗科室代码	A03.09	变态反应专业	
17.6	病原监测字典表	CT08.00.002	医疗机构诊疗科室代码	A03.10	老年病专业	
17.6	病原监测字典表	CT08.00.002	医疗机构诊疗科室代码	A03.11	其他	
17.6	病原监测字典表	CT08.00.002	医疗机构诊疗科室代码	A04	外科	
17.6	病原监测字典表	CT08.00.002	医疗机构诊疗科室代码	A04.01	普通外科专业	
17.6	病原监测字典表	CT08.00.002	医疗机构诊疗科室代码	A04.01.01	肝脏移植项目	
17.6	病原监测字典表	CT08.00.002	医疗机构诊疗科室代码	A04.01.02	胰腺移植项目	
17.6	病原监测字典表	CT08.00.002	医疗机构诊疗科室代码	A04.01.03	小肠移植项目	
17.6	病原监测字典表	CT08.00.002	医疗机构诊疗科室代码	A04.02	神经外科专业	
17.6	病原监测字典表	CT08.00.002	医疗机构诊疗科室代码	A04.03	骨科专业	
17.6	病原监测字典表	CT08.00.002	医疗机构诊疗科室代码	A04.04	泌尿外科专业	
17.6	病原监测字典表	CT08.00.002	医疗机构诊疗科室代码	A04.04.01	肾脏移植项目	
17.6	病原监测字典表	CT08.00.002	医疗机构诊疗科室代码	A04.05	胸外科专业	
17.6	病原监测字典表	CT08.00.002	医疗机构诊疗科室代码	A04.05.01	肺脏移植项目	
17.6	病原监测字典表	CT08.00.002	医疗机构诊疗科室代码	A04.06	心脏大血管外科专业	
17.6	病原监测字典表	CT08.00.002	医疗机构诊疗科室代码	A04.06.01	心脏移植项目	
17.6	病原监测字典表	CT08.00.002	医疗机构诊疗科室代码	A04.07	烧伤科专业	
17.6	病原监测字典表	CT08.00.002	医疗机构诊疗科室代码	A04.08	整形外科专业	
17.6	病原监测字典表	CT08.00.002	医疗机构诊疗科室代码	A04.09	其他	
17.6	病原监测字典表	CT08.00.002	医疗机构诊疗科室代码	A05	妇产科	
17.6	病原监测字典表	CT08.00.002	医疗机构诊疗科室代码	A05.01	妇科专业	
17.6	病原监测字典表	CT08.00.002	医疗机构诊疗科室代码	A05.02	产科专业	
17.6	病原监测字典表	CT08.00.002	医疗机构诊疗科室代码	A05.03	计划生育专业	
17.6	病原监测字典表	CT08.00.002	医疗机构诊疗科室代码	A05.04	优生学专业	
17.6	病原监测字典表	CT08.00.002	医疗机构诊疗科室代码	A05.05	生殖健康与不孕症专业	
17.6	病原监测字典表	CT08.00.002	医疗机构诊疗科室代码	A05.06	其他	
17.6	病原监测字典表	CT08.00.002	医疗机构诊疗科室代码	A06	妇女保健科	
17.6	病原监测字典表	CT08.00.002	医疗机构诊疗科室代码	A06.01	青春期保健专业	
17.6	病原监测字典表	CT08.00.002	医疗机构诊疗科室代码	A06.02	围产期保健专业	
17.6	病原监测字典表	CT08.00.002	医疗机构诊疗科室代码	A06.03	更年期保健专业	
17.6	病原监测字典表	CT08.00.002	医疗机构诊疗科室代码	A06.04	妇女心理卫生专业	
17.6	病原监测字典表	CT08.00.002	医疗机构诊疗科室代码	A06.05	妇女营养专业	
17.6	病原监测字典表	CT08.00.002	医疗机构诊疗科室代码	A06.06	其他	
17.6	病原监测字典表	CT08.00.002	医疗机构诊疗科室代码	A07	儿科	
17.6	病原监测字典表	CT08.00.002	医疗机构诊疗科室代码	A07.01	新生儿专业	
17.6	病原监测字典表	CT08.00.002	医疗机构诊疗科室代码	A07.02	小儿传染病专业	
17.6	病原监测字典表	CT08.00.002	医疗机构诊疗科室代码	A07.03	小儿消化专业	
17.6	病原监测字典表	CT08.00.002	医疗机构诊疗科室代码	A07.04	小儿呼吸专业	
17.6	病原监测字典表	CT08.00.002	医疗机构诊疗科室代码	A07.05	小儿心脏病专业	
17.6	病原监测字典表	CT08.00.002	医疗机构诊疗科室代码	A07.06	小儿肾病专业	
17.6	病原监测字典表	CT08.00.002	医疗机构诊疗科室代码	A07.07	小儿血液病专业	
17.6	病原监测字典表	CT08.00.002	医疗机构诊疗科室代码	A07.08	小儿神经病学专业	
17.6	病原监测字典表	CT08.00.002	医疗机构诊疗科室代码	A07.09	小儿内分泌专业	
17.6	病原监测字典表	CT08.00.002	医疗机构诊疗科室代码	A07.10	小儿遗传病专业	
17.6	病原监测字典表	CT08.00.002	医疗机构诊疗科室代码	A07.11	小儿免疫专业	
17.6	病原监测字典表	CT08.00.002	医疗机构诊疗科室代码	A07.12	其他	
17.6	病原监测字典表	CT08.00.002	医疗机构诊疗科室代码	A08	小儿外科	
17.6	病原监测字典表	CT08.00.002	医疗机构诊疗科室代码	A08.01	小儿普通外科专业	
17.6	病原监测字典表	CT08.00.002	医疗机构诊疗科室代码	A08.02	小儿骨科专业	
17.6	病原监测字典表	CT08.00.002	医疗机构诊疗科室代码	A08.03	小儿泌尿外科专业	
17.6	病原监测字典表	CT08.00.002	医疗机构诊疗科室代码	A08.04	小儿胸心外科专业	
17.6	病原监测字典表	CT08.00.002	医疗机构诊疗科室代码	A08.05	小儿神经外科专业	
17.6	病原监测字典表	CT08.00.002	医疗机构诊疗科室代码	A08.06	其他	
17.6	病原监测字典表	CT08.00.002	医疗机构诊疗科室代码	A09	儿童保健科	
17.6	病原监测字典表	CT08.00.002	医疗机构诊疗科室代码	A09.01	儿童生长发育专业	
17.6	病原监测字典表	CT08.00.002	医疗机构诊疗科室代码	A09.02	儿童营养专业	
17.6	病原监测字典表	CT08.00.002	医疗机构诊疗科室代码	A09.03	儿童心理卫生专业	
17.6	病原监测字典表	CT08.00.002	医疗机构诊疗科室代码	A09.04	儿童五官保健专业	
17.6	病原监测字典表	CT08.00.002	医疗机构诊疗科室代码	A09.05	儿童康复专业	
17.6	病原监测字典表	CT08.00.002	医疗机构诊疗科室代码	A09.06	其他	
17.6	病原监测字典表	CT08.00.002	医疗机构诊疗科室代码	A10	眼科	
17.6	病原监测字典表	CT08.00.002	医疗机构诊疗科室代码	A11	耳鼻咽喉科	
17.6	病原监测字典表	CT08.00.002	医疗机构诊疗科室代码	A11.01	耳科专业	
17.6	病原监测字典表	CT08.00.002	医疗机构诊疗科室代码	A11.02	鼻科专业	
17.6	病原监测字典表	CT08.00.002	医疗机构诊疗科室代码	A11.03	咽喉科专业	
17.6	病原监测字典表	CT08.00.002	医疗机构诊疗科室代码	A11.04	其他	
17.6	病原监测字典表	CT08.00.002	医疗机构诊疗科室代码	A12	口腔科	
17.6	病原监测字典表	CT08.00.002	医疗机构诊疗科室代码	A12.01	牙体牙髓病专业	
17.6	病原监测字典表	CT08.00.002	医疗机构诊疗科室代码	A12.02	牙周病专业	
17.6	病原监测字典表	CT08.00.002	医疗机构诊疗科室代码	A12.03	口腔黏膜病专业	
17.6	病原监测字典表	CT08.00.002	医疗机构诊疗科室代码	A12.04	儿童口腔专业	
17.6	病原监测字典表	CT08.00.002	医疗机构诊疗科室代码	A12.05	口腔颌骨外科专业	
17.6	病原监测字典表	CT08.00.002	医疗机构诊疗科室代码	A12.06	口腔修复专业	
17.6	病原监测字典表	CT08.00.002	医疗机构诊疗科室代码	A12.07	口腔正畸专业	
17.6	病原监测字典表	CT08.00.002	医疗机构诊疗科室代码	A12.08	口腔种植专业	
17.6	病原监测字典表	CT08.00.002	医疗机构诊疗科室代码	A12.09	口腔麻醉专业	
17.6	病原监测字典表	CT08.00.002	医疗机构诊疗科室代码	A12.10	口腔颌面医学影像专业	
17.6	病原监测字典表	CT08.00.002	医疗机构诊疗科室代码	A13	皮肤科	
17.6	病原监测字典表	CT08.00.002	医疗机构诊疗科室代码	A13.01	皮肤病专业	
17.6	病原监测字典表	CT08.00.002	医疗机构诊疗科室代码	A13.02	性传播疾病专业	
17.6	病原监测字典表	CT08.00.002	医疗机构诊疗科室代码	A13.03	其他	
17.6	病原监测字典表	CT08.00.002	医疗机构诊疗科室代码	A14	医疗美容科	
17.6	病原监测字典表	CT08.00.002	医疗机构诊疗科室代码	A15	精神科	
17.6	病原监测字典表	CT08.00.002	医疗机构诊疗科室代码	A15.01	精神病专业	
17.6	病原监测字典表	CT08.00.002	医疗机构诊疗科室代码	A15.02	精神卫生专业	
17.6	病原监测字典表	CT08.00.002	医疗机构诊疗科室代码	A15.03	药物依赖专业	
17.6	病原监测字典表	CT08.00.002	医疗机构诊疗科室代码	A15.04	精神康复专业	
17.6	病原监测字典表	CT08.00.002	医疗机构诊疗科室代码	A15.05	社区防治专业	
17.6	病原监测字典表	CT08.00.002	医疗机构诊疗科室代码	A15.06	临床心理专业	
17.6	病原监测字典表	CT08.00.002	医疗机构诊疗科室代码	A15.07	司法精神专业	
17.6	病原监测字典表	CT08.00.002	医疗机构诊疗科室代码	A15.08	其他	
17.6	病原监测字典表	CT08.00.002	医疗机构诊疗科室代码	A16	传染科	
17.6	病原监测字典表	CT08.00.002	医疗机构诊疗科室代码	A16.01	肠道传染病专业	
17.6	病原监测字典表	CT08.00.002	医疗机构诊疗科室代码	A16.02	呼吸道传染病专业	
17.6	病原监测字典表	CT08.00.002	医疗机构诊疗科室代码	A16.03	肝炎专业	
17.6	病原监测字典表	CT08.00.002	医疗机构诊疗科室代码	A16.04	虫媒传染病专业	
17.6	病原监测字典表	CT08.00.002	医疗机构诊疗科室代码	A16.05	动物源性传染病专业	
17.6	病原监测字典表	CT08.00.002	医疗机构诊疗科室代码	A16.06	蠕虫病专业	
17.6	病原监测字典表	CT08.00.002	医疗机构诊疗科室代码	A16.07	其它	
17.6	病原监测字典表	CT08.00.002	医疗机构诊疗科室代码	A17	结核病科	
17.6	病原监测字典表	CT08.00.002	医疗机构诊疗科室代码	A18	地方病科	
17.6	病原监测字典表	CT08.00.002	医疗机构诊疗科室代码	A19	肿瘤科	
17.6	病原监测字典表	CT08.00.002	医疗机构诊疗科室代码	A20	急诊医学科	
17.6	病原监测字典表	CT08.00.002	医疗机构诊疗科室代码	A21	康复医学科	
17.6	病原监测字典表	CT08.00.002	医疗机构诊疗科室代码	A22	运动医学科	
17.6	病原监测字典表	CT08.00.002	医疗机构诊疗科室代码	A23	职业病科	
17.6	病原监测字典表	CT08.00.002	医疗机构诊疗科室代码	A23.01	职业中毒专业	
17.6	病原监测字典表	CT08.00.002	医疗机构诊疗科室代码	A23.02	尘肺专业	
17.6	病原监测字典表	CT08.00.002	医疗机构诊疗科室代码	A23.03	放射病专业	
17.6	病原监测字典表	CT08.00.002	医疗机构诊疗科室代码	A23.04	物理因素损伤专业	
17.6	病原监测字典表	CT08.00.002	医疗机构诊疗科室代码	A23.05	职业健康监护专业	
17.6	病原监测字典表	CT08.00.002	医疗机构诊疗科室代码	A23.06	其他	
17.6	病原监测字典表	CT08.00.002	医疗机构诊疗科室代码	A24	临终关怀科	
17.6	病原监测字典表	CT08.00.002	医疗机构诊疗科室代码	A25	特种医学与军事医学科	
17.6	病原监测字典表	CT08.00.002	医疗机构诊疗科室代码	A26	麻醉科	
17.6	病原监测字典表	CT08.00.002	医疗机构诊疗科室代码	A27	疼痛科	
17.6	病原监测字典表	CT08.00.002	医疗机构诊疗科室代码	A28	重症医学科	
17.6	病原监测字典表	CT08.00.002	医疗机构诊疗科室代码	A30	医学检验科	
17.6	病原监测字典表	CT08.00.002	医疗机构诊疗科室代码	A30.01	临床体液、血液专业	
17.6	病原监测字典表	CT08.00.002	医疗机构诊疗科室代码	A30.02	临床微生物学专业	
17.6	病原监测字典表	CT08.00.002	医疗机构诊疗科室代码	A30.03	临床生化检验专业	
17.6	病原监测字典表	CT08.00.002	医疗机构诊疗科室代码	A30.04	临床免疫、血清学专业	
17.6	病原监测字典表	CT08.00.002	医疗机构诊疗科室代码	A30.05	临床细胞分子遗传学专业	
17.6	病原监测字典表	CT08.00.002	医疗机构诊疗科室代码	A30.06	其他	
17.6	病原监测字典表	CT08.00.002	医疗机构诊疗科室代码	A31	病理科	
17.6	病原监测字典表	CT08.00.002	医疗机构诊疗科室代码	A32	医学影像科	
17.6	病原监测字典表	CT08.00.002	医疗机构诊疗科室代码	A32.01	X线诊断专业	
17.6	病原监测字典表	CT08.00.002	医疗机构诊疗科室代码	A32.02	CT诊断专业	
17.6	病原监测字典表	CT08.00.002	医疗机构诊疗科室代码	A32.03	磁共振成像诊断专业	
17.6	病原监测字典表	CT08.00.002	医疗机构诊疗科室代码	A32.04	核医学专业	
17.6	病原监测字典表	CT08.00.002	医疗机构诊疗科室代码	A32.05	超声诊断专业	
17.6	病原监测字典表	CT08.00.002	医疗机构诊疗科室代码	A32.06	心电诊断专业	
17.6	病原监测字典表	CT08.00.002	医疗机构诊疗科室代码	A32.07	脑电及脑血流图诊断专业	
17.6	病原监测字典表	CT08.00.002	医疗机构诊疗科室代码	A32.08	神经肌肉电图专业	
17.6	病原监测字典表	CT08.00.002	医疗机构诊疗科室代码	A32.09	介入放射学专业	
17.6	病原监测字典表	CT08.00.002	医疗机构诊疗科室代码	A32.10	放射治疗专业	
17.6	病原监测字典表	CT08.00.002	医疗机构诊疗科室代码	A32.11	其他	
17.6	病原监测字典表	CT08.00.002	医疗机构诊疗科室代码	A50	中医科	
17.6	病原监测字典表	CT08.00.002	医疗机构诊疗科室代码	A50.01	内科专业	
17.6	病原监测字典表	CT08.00.002	医疗机构诊疗科室代码	A50.02	外科专业	
17.6	病原监测字典表	CT08.00.002	医疗机构诊疗科室代码	A50.03	妇产科专业	
17.6	病原监测字典表	CT08.00.002	医疗机构诊疗科室代码	A50.04	儿科专业	
17.6	病原监测字典表	CT08.00.002	医疗机构诊疗科室代码	A50.05	皮肤科专业	
17.6	病原监测字典表	CT08.00.002	医疗机构诊疗科室代码	A50.06	眼科专业	
17.6	病原监测字典表	CT08.00.002	医疗机构诊疗科室代码	A50.07	耳鼻咽喉科专业	
17.6	病原监测字典表	CT08.00.002	医疗机构诊疗科室代码	A50.08	口腔科专业	
17.6	病原监测字典表	CT08.00.002	医疗机构诊疗科室代码	A50.09	肿瘤科专业	
17.6	病原监测字典表	CT08.00.002	医疗机构诊疗科室代码	A50.10	骨伤科专业	
17.6	病原监测字典表	CT08.00.002	医疗机构诊疗科室代码	A50.11	肛肠科专业	
17.6	病原监测字典表	CT08.00.002	医疗机构诊疗科室代码	A50.12	老年病科专业	
17.6	病原监测字典表	CT08.00.002	医疗机构诊疗科室代码	A50.13	针灸科专业	
17.6	病原监测字典表	CT08.00.002	医疗机构诊疗科室代码	A50.14	推拿科专业	
17.6	病原监测字典表	CT08.00.002	医疗机构诊疗科室代码	A50.15	康复医学专业	
17.6	病原监测字典表	CT08.00.002	医疗机构诊疗科室代码	A50.16	急诊科专业	
17.6	病原监测字典表	CT08.00.002	医疗机构诊疗科室代码	A50.17	预防保健科专业	
17.6	病原监测字典表	CT08.00.002	医疗机构诊疗科室代码	A50.18	其他	
17.6	病原监测字典表	CT08.00.002	医疗机构诊疗科室代码	A51	民族医学科	
17.6	病原监测字典表	CT08.00.002	医疗机构诊疗科室代码	A51.01	维吾尔医学	
17.6	病原监测字典表	CT08.00.002	医疗机构诊疗科室代码	A51.02	藏医学	
17.6	病原监测字典表	CT08.00.002	医疗机构诊疗科室代码	A51.03	蒙医学	
17.6	病原监测字典表	CT08.00.002	医疗机构诊疗科室代码	A51.04	彝医学	
17.6	病原监测字典表	CT08.00.002	医疗机构诊疗科室代码	A51.05	傣医学	
17.6	病原监测字典表	CT08.00.002	医疗机构诊疗科室代码	A51.06	其他	
17.6	病原监测字典表	CT08.00.002	医疗机构诊疗科室代码	A52	中西医结合科	
17.6	病原监测字典表	CT08.00.002	医疗机构诊疗科室代码	A69	其他业务科室	
17.6	病原监测字典表	CT08.00.002	医疗机构诊疗科室代码	B01	传染病预防控制科(中心)	
17.6	病原监测字典表	CT08.00.002	医疗机构诊疗科室代码	B02	性病艾滋病预防控制科(中心)	
17.6	病原监测字典表	CT08.00.002	医疗机构诊疗科室代码	B03	结核病预防控制科(中心)	
17.6	病原监测字典表	CT08.00.002	医疗机构诊疗科室代码	B04	血吸虫预防控制科(中心)	
17.6	病原监测字典表	CT08.00.002	医疗机构诊疗科室代码	B05	慢性非传染性疾病预防控制科(中心)	
17.6	病原监测字典表	CT08.00.002	医疗机构诊疗科室代码	B06	寄生虫病预防控制科(中心)	
17.6	病原监测字典表	CT08.00.002	医疗机构诊疗科室代码	B07	地方病控制科(中心)	
17.6	病原监测字典表	CT08.00.002	医疗机构诊疗科室代码	B08	精神卫生科(中心)	
17.6	病原监测字典表	CT08.00.002	医疗机构诊疗科室代码	B09	妇幼保健科	
17.6	病原监测字典表	CT08.00.002	医疗机构诊疗科室代码	B10	免疫规划科(中心)	
17.6	病原监测字典表	CT08.00.002	医疗机构诊疗科室代码	B11	农村改水技术指导科(中心)	
17.6	病原监测字典表	CT08.00.002	医疗机构诊疗科室代码	B12	疾病控制与应急处理办公室	
17.6	病原监测字典表	CT08.00.002	医疗机构诊疗科室代码	B13	食品卫生科	
17.6	病原监测字典表	CT08.00.002	医疗机构诊疗科室代码	B14	环境卫生所	
17.6	病原监测字典表	CT08.00.002	医疗机构诊疗科室代码	B15	职业卫生科	
17.6	病原监测字典表	CT08.00.002	医疗机构诊疗科室代码	B16	放射卫生科	
17.6	病原监测字典表	CT08.00.002	医疗机构诊疗科室代码	B17	学校卫生科	
17.6	病原监测字典表	CT08.00.002	医疗机构诊疗科室代码	B18	健康教育科(中心)	
17.6	病原监测字典表	CT08.00.002	医疗机构诊疗科室代码	B19	预防医学门诊	
17.6	病原监测字典表	CT08.00.002	医疗机构诊疗科室代码	B69	其他业务科室	
17.6	病原监测字典表	CT08.00.002	医疗机构诊疗科室代码	C01	综合卫生监督科	
17.6	病原监测字典表	CT08.00.002	医疗机构诊疗科室代码	C02	产品卫生监督科	
17.6	病原监测字典表	CT08.00.002	医疗机构诊疗科室代码	C03	职业卫生监督科	
17.6	病原监测字典表	CT08.00.002	医疗机构诊疗科室代码	C04	环境卫生监督科	
17.6	病原监测字典表	CT08.00.002	医疗机构诊疗科室代码	C05	传染病执法监督科	
17.6	病原监测字典表	CT08.00.002	医疗机构诊疗科室代码	C06	医疗服务监督科	
17.6	病原监测字典表	CT08.00.002	医疗机构诊疗科室代码	C07	稽查科(大队)	
17.6	病原监测字典表	CT08.00.002	医疗机构诊疗科室代码	C08	许可受理科	
17.6	病原监测字典表	CT08.00.002	医疗机构诊疗科室代码	C09	放射卫生监督科	
17.6	病原监测字典表	CT08.00.002	医疗机构诊疗科室代码	C10	学校卫生监督科	
17.6	病原监测字典表	CT08.00.002	医疗机构诊疗科室代码	C11	食品安全监督科	
17.6	病原监测字典表	CT08.00.002	医疗机构诊疗科室代码	C69	其他	
17.6	病原监测字典表	CT08.00.002	医疗机构诊疗科室代码	D71	护理部	
17.6	病原监测字典表	CT08.00.002	医疗机构诊疗科室代码	D72	药剂科(药房)	
17.6	病原监测字典表	CT08.00.002	医疗机构诊疗科室代码	D73	感染科	
17.6	病原监测字典表	CT08.00.002	医疗机构诊疗科室代码	D74	输血科(血库)	
17.6	病原监测字典表	CT08.00.002	医疗机构诊疗科室代码	D81	办公室	
17.6	病原监测字典表	CT08.00.002	医疗机构诊疗科室代码	D82	人事科	
17.6	病原监测字典表	CT08.00.002	医疗机构诊疗科室代码	D83	财务科	
17.6	病原监测字典表	CT08.00.002	医疗机构诊疗科室代码	D84	设备科	
17.6	病原监测字典表	CT08.00.002	医疗机构诊疗科室代码	D85	信息科(中心)	
17.6	病原监测字典表	CT08.00.002	医疗机构诊疗科室代码	D86	医政科	
17.6	病原监测字典表	CT08.00.002	医疗机构诊疗科室代码	D87	教育培训科	
17.6	病原监测字典表	CT08.00.002	医疗机构诊疗科室代码	D88	总务科	
17.6	病原监测字典表	CT08.00.002	医疗机构诊疗科室代码	D89	医保管理办公室	
17.6	病原监测字典表	CT08.00.002	医疗机构诊疗科室代码	D99	其他科室	
17.7	病原监测字典表	CV02.01.101	身份证件代码	01	居民身份证	
17.7	病原监测字典表	CV02.01.101	身份证件代码	02	居民户口簿	
17.7	病原监测字典表	CV02.01.101	身份证件代码	03	护照	
17.7	病原监测字典表	CV02.01.101	身份证件代码	04	军官证（士兵证）	
17.7	病原监测字典表	CV02.01.101	身份证件代码	05	驾驶证	
17.7	病原监测字典表	CV02.01.101	身份证件代码	06	港澳居民来往内地通行证	
17.7	病原监测字典表	CV02.01.101	身份证件代码	07	台湾居民来往内地通行证	
17.7	病原监测字典表	CV02.01.101	身份证件代码	08	居民健康卡	根据需要新增
17.7	病原监测字典表	CV02.01.101	身份证件代码	99	其他法定有效证件	
17.8	病原监测字典表	GB/T 2261.1-2003	性别代码	0	未知的性别	
17.8	病原监测字典表	GB/T 2261.1-2003	性别代码	1	男性	
17.8	病原监测字典表	GB/T 2261.1-2003	性别代码	2	女性	
17.8	病原监测字典表	GB/T 2261.1-2003	性别代码	9	未说明的性别	
17.9	病原监测字典表	CV02.01.202	传染病患者职业代码	01	幼托儿童	
17.9	病原监测字典表	CV02.01.202	传染病患者职业代码	02	散居儿童	
17.9	病原监测字典表	CV02.01.202	传染病患者职业代码	03	学生（大中小学）	
17.9	病原监测字典表	CV02.01.202	传染病患者职业代码	04	教师	
17.9	病原监测字典表	CV02.01.202	传染病患者职业代码	05	保育员及保姆	
17.9	病原监测字典表	CV02.01.202	传染病患者职业代码	06	餐饮食品业	
17.9	病原监测字典表	CV02.01.202	传染病患者职业代码	07	商业服务	
17.9	病原监测字典表	CV02.01.202	传染病患者职业代码	08	医务人员	
17.9	病原监测字典表	CV02.01.202	传染病患者职业代码	09	工人	
17.9	病原监测字典表	CV02.01.202	传染病患者职业代码	10	民工	
17.9	病原监测字典表	CV02.01.202	传染病患者职业代码	11	农民	
17.9	病原监测字典表	CV02.01.202	传染病患者职业代码	12	牧民	
17.9	病原监测字典表	CV02.01.202	传染病患者职业代码	13	渔（船）民	
17.9	病原监测字典表	CV02.01.202	传染病患者职业代码	14	干部职员	
17.9	病原监测字典表	CV02.01.202	传染病患者职业代码	15	离退人员	
17.9	病原监测字典表	CV02.01.202	传染病患者职业代码	16	家务及待业	
17.9	病原监测字典表	CV02.01.202	传染病患者职业代码	17	不详	
17.9	病原监测字典表	CV02.01.202	传染病患者职业代码	21	疾控人员	新冠补充
17.9	病原监测字典表	CV02.01.202	传染病患者职业代码	22	快递员	新冠补充
17.9	病原监测字典表	CV02.01.202	传染病患者职业代码	23	外卖配送员	新冠补充
17.9	病原监测字典表	CV02.01.202	传染病患者职业代码	24	保安	新冠补充
17.9	病原监测字典表	CV02.01.202	传染病患者职业代码	25	民警	新冠补充
17.9	病原监测字典表	CV02.01.202	传染病患者职业代码	26	出租车司机	新冠补充
17.9	病原监测字典表	CV02.01.202	传染病患者职业代码	27	保洁人员	新冠补充
17.9	病原监测字典表	CV02.01.202	传染病患者职业代码	28	社区工作者	新冠补充
17.9	病原监测字典表	CV02.01.202	传染病患者职业代码	99	其他	
17.10	病原监测字典表	CV05.01.002	诊断状态代码	1	疑似病例	临床表现符合或基本符合原卫生部制订的《〈中华人民共和国传染病防治法〉管理的传染病诊断标准（试行）》中“疑似病例”条件或者《传染性非典型肺炎临床诊断标准（试行）》中“疑似诊断标准”需要进一步明确诊断的患者
17.10	病原监测字典表	CV05.01.002	诊断状态代码	2	临床诊断病例	临床表现符合或基本符合原卫生部制订的《〈中华人民共和国传染病防治法〉管理的传染病诊断标准（试行）》中“临床床诊断病例”条件或者《传染性非典型肺炎临床诊断标准（试行）》中“临床诊断标准”，需要进一步明确诊断的患者
17.10	病原监测字典表	CV05.01.002	诊断状态代码	3	实验室确诊病例	临床表现符合或基本符合原卫生部制订的《〈中华人民共和国传染病防治法〉管理的传染病诊断标准（试行）》中“实验室确诊病例”条件或者《传染性非典型肺炎临床诊断标准（试行）》中“实验室确诊标准”的患者
17.10	病原监测字典表	CV05.01.002	诊断状态代码	4	病原携带者	受到细菌、病毒等病原体感染后无明显症状与体征，但能排出病原体的人
17.10	病原监测字典表	CV05.01.002	诊断状态代码	01	确诊病例	新型冠状病毒适用
17.10	病原监测字典表	CV05.01.002	诊断状态代码	02	临床诊断	新型冠状病毒适用
17.10	病原监测字典表	CV05.01.002	诊断状态代码	03	无症状感染	新型冠状病毒适用
17.10	病原监测字典表	CV05.01.002	诊断状态代码	05	带虫者	疟疾适用
17.11	病原监测字典表	HBCV09.00.072	发现方式	01	基层推介	结核病、血吸虫病、炭疽、狂犬病、钩端螺旋体病、登革热、布鲁氏菌病、流行性出血热、黑热病、包虫病、流脑
17.11	病原监测字典表	HBCV09.00.072	发现方式	02	因症就诊	结核病、血吸虫病、炭疽、狂犬病、钩端螺旋体病、登革热、布鲁氏菌病、流行性出血热、黑热病、包虫病、流脑、麻疹、手足口、伤寒\副伤寒、痢疾、急性出血性结膜炎、霍乱
17.11	病原监测字典表	HBCV09.00.072	发现方式	03	转诊追踪	结核病、血吸虫病、炭疽、狂犬病、钩端螺旋体病、登革热、布鲁氏菌病、流行性出血热、黑热病、流脑、
17.11	病原监测字典表	HBCV09.00.072	发现方式	04	术前检测	艾滋病、血吸虫病、黑热病、
17.11	病原监测字典表	HBCV09.00.072	发现方式	05	受血(制品)前检测	艾滋病、麻疹
17.11	病原监测字典表	HBCV09.00.072	发现方式	06	性病门诊	艾滋病、麻疹
17.11	病原监测字典表	HBCV09.00.072	发现方式	07	其他就诊者检测	艾滋病、血吸虫病、黑热病、麻疹
17.11	病原监测字典表	HBCV09.00.072	发现方式	08	婚前检查(含涉外婚姻)	艾滋病、麻疹
17.11	病原监测字典表	HBCV09.00.072	发现方式	09	孕产期检查	艾滋病、麻疹
17.11	病原监测字典表	HBCV09.00.072	发现方式	10	检测咨询	艾滋病、血吸虫病、黑热病、麻疹
17.11	病原监测字典表	HBCV09.00.072	发现方式	11	阳性者配偶或性伴检测	艾滋病、麻疹
17.11	病原监测字典表	HBCV09.00.072	发现方式	12	女性阳性者子女检测	艾滋病、麻疹
17.11	病原监测字典表	HBCV09.00.072	发现方式	13	职业暴露检测	艾滋病、血吸虫病、炭疽、狂犬病、钩端螺旋体病、登革热、布鲁氏菌病、流行性出血热、黑热病、麻疹
17.11	病原监测字典表	HBCV09.00.072	发现方式	14	娱乐场所人员体检	艾滋病、麻疹
17.11	病原监测字典表	HBCV09.00.072	发现方式	15	有偿供血(浆)人员检测	艾滋病
17.11	病原监测字典表	HBCV09.00.072	发现方式	16	无偿献血人员检测	艾滋病
17.11	病原监测字典表	HBCV09.00.072	发现方式	17	出入境人员体检	艾滋病、血吸虫病、炭疽、狂犬病、钩端螺旋体病、登革热、布鲁氏菌病、流行性出血热、黑热病、新冠
17.11	病原监测字典表	HBCV09.00.072	发现方式	18	新兵体检	艾滋病、血吸虫病、黑热病
17.11	病原监测字典表	HBCV09.00.072	发现方式	19	强制/劳教戒毒人员检测	艾滋病
17.11	病原监测字典表	HBCV09.00.072	发现方式	20	妇教所/女劳收教人员检测	艾滋病
17.11	病原监测字典表	HBCV09.00.072	发现方式	21	其他羁押人员体检	艾滋病
17.11	病原监测字典表	HBCV09.00.072	发现方式	22	专题调查	艾滋病、血吸虫病、炭疽、狂犬病、钩端螺旋体病、登革热、布鲁氏菌病、流行性出血热、黑热病、麻疹、手足口、伤寒\副伤寒、痢疾、急性出血性结膜炎、霍乱
17.11	病原监测字典表	HBCV09.00.072	发现方式	24	接触者筛查	H7N9、血吸虫病、麻疹、新冠
17.11	病原监测字典表	HBCV09.00.072	发现方式	25	流感样病例监测（ILI）	H7N9、麻疹、新冠
17.11	病原监测字典表	HBCV09.00.072	发现方式	26	不明原因肺炎监测(PUE)	H7N9
17.11	病原监测字典表	HBCV09.00.072	发现方式	27	急性重症呼吸道疾病监测（SARI）	H7N9、麻疹
17.11	病原监测字典表	HBCV09.00.072	发现方式	28	主动筛查	结核病、麻疹、包虫病、
17.11	病原监测字典表	HBCV09.00.072	发现方式	29	健康体检	结核病、麻疹、包虫病、
17.11	病原监测字典表	HBCV09.00.072	发现方式	30	主动监测	血吸虫病、麻疹、包虫病、
17.11	病原监测字典表	HBCV09.00.072	发现方式	31	被动监测	血吸虫病、麻疹、包虫病、手足口、伤寒\副伤寒、痢疾、急性出血性结膜炎、霍乱
17.11	病原监测字典表	HBCV09.00.072	发现方式	32	患者就医	疟疾、黑热病、麻疹、包虫病、新冠
17.11	病原监测字典表	HBCV09.00.072	发现方式	33	主动病例侦查	疟疾、黑热病、麻疹、包虫病、
17.11	病原监测字典表	HBCV09.00.072	发现方式	99	其他	艾滋病、H7N9、炭疽、狂犬病、钩端螺旋体病、登革热、布鲁氏菌病、流行性出血热、黑热病、麻疹、包虫病、新冠
17.12	病原监测字典表		传染病代码表	鼠疫	A20	
17.12	病原监测字典表		传染病代码表	霍乱	A00	
17.12	病原监测字典表		传染病代码表	甲肝	B15.0、B15.900、B15.901、B15.903、B15.905	
17.12	病原监测字典表		传染病代码表	乙肝	B16、B17.0、B18.0、B18.1	
17.12	病原监测字典表		传染病代码表	丙肝	B17.1、B18.2	
17.12	病原监测字典表		传染病代码表	丁肝	B17.8、B18.8、B18.9	
17.12	病原监测字典表		传染病代码表	戊肝	B17.2	
17.12	病原监测字典表		传染病代码表	肝炎（未分型）	B19	
17.12	病原监测字典表		传染病代码表	细菌性痢疾	A03	
17.12	病原监测字典表		传染病代码表	阿米巴性痢疾	A06.0	
17.12	病原监测字典表		传染病代码表	伤 寒	A01.0	
17.12	病原监测字典表		传染病代码表	副伤寒	A01.1、A01.2、A01.3、A01.4	
17.12	病原监测字典表		传染病代码表	艾滋病	B24	
17.12	病原监测字典表		传染病代码表	HIV	B20、B21、B22、B23	
17.12	病原监测字典表		传染病代码表	淋病	A54	
17.12	病原监测字典表		传染病代码表	Ⅰ期梅毒	A51.0、A51.1、A51.2、A51.5、A51.9	
17.12	病原监测字典表		传染病代码表	Ⅱ期梅毒	A51.3、A51.4	
17.12	病原监测字典表		传染病代码表	III期梅毒	A52	
17.12	病原监测字典表		传染病代码表	胎传梅毒	A50	
17.12	病原监测字典表		传染病代码表	隐性梅毒	A53.0	
17.12	病原监测字典表		传染病代码表	脊灰	A80	
17.12	病原监测字典表		传染病代码表	麻疹	B05	
17.12	病原监测字典表		传染病代码表	百日咳	A37	
17.12	病原监测字典表		传染病代码表	白喉	A36	
17.12	病原监测字典表		传染病代码表	流脑	A39.0	
17.12	病原监测字典表		传染病代码表	猩红热	A38	
17.12	病原监测字典表		传染病代码表	出血热	A98.5	
17.12	病原监测字典表		传染病代码表	狂犬病	A82	
17.12	病原监测字典表		传染病代码表	钩体病	A27	
17.12	病原监测字典表		传染病代码表	布病	A23	
17.12	病原监测字典表		传染病代码表	肺炭疽	A22.1	
17.12	病原监测字典表		传染病代码表	皮肤炭疽	A22.0	
17.12	病原监测字典表		传染病代码表	炭疽（未分型）	A22.2、A22.3、A22.4、A22.5、A22.6、A22.7、A22.8、A22.9	
17.12	病原监测字典表		传染病代码表	斑疹伤寒	A75.0、A75.1、A75.2、A75.9	
17.12	病原监测字典表		传染病代码表	乙脑	A83.0	
17.12	病原监测字典表		传染病代码表	黑热病	B55.0	
17.12	病原监测字典表		传染病代码表	间日疟	B51	
17.12	病原监测字典表		传染病代码表	恶性疟	B50	
17.12	病原监测字典表		传染病代码表	疟疾（未分型）	B53、B54	
17.12	病原监测字典表		传染病代码表	登革热	A90	
17.12	病原监测字典表		传染病代码表	新生儿破伤风	A33	
17.12	病原监测字典表		传染病代码表	传染性非典	U04	
17.12	病原监测字典表		传染病代码表	血吸虫病	B65.2	
17.12	病原监测字典表		传染病代码表	丝虫病	B74	
17.12	病原监测字典表		传染病代码表	包虫病	B67	
17.12	病原监测字典表		传染病代码表	麻风病	A30	
17.12	病原监测字典表		传染病代码表	流行性感冒	J10、J11	
17.12	病原监测字典表		传染病代码表	流行性腮腺炎	B26	
17.12	病原监测字典表		传染病代码表	风疹	B06	
17.12	病原监测字典表		传染病代码表	急性出血性结膜炎	B30.3	
17.12	病原监测字典表		传染病代码表	其它感染性腹泻病	A09.0	
17.12	病原监测字典表		传染病代码表	手足口病	B08.4	
17.12	病原监测字典表		传染病代码表	猴痘	B04	
17.12	病原监测字典表		传染病代码表	人感染高致病性禽流感	J09.x01	
17.12	病原监测字典表		传染病代码表	人感染H7N9禽流感	J09.x02	
17.12	病原监测字典表		传染病代码表	新型冠状病毒感染	U07.10	
17.12	病原监测字典表		传染病代码表	非淋菌性尿道炎	N34.10	
17.12	病原监测字典表		传染病代码表	尖锐湿疣	A63.0	
17.12	病原监测字典表		传染病代码表	生殖器疱疹	A60.0 A60.9	
17.12	病原监测字典表		传染病代码表	不明原因肺炎	U09	
17.12	病原监测字典表		传染病代码表	不明原因	U99	
17.12	病原监测字典表		传染病代码表	水痘	B01.00+、B01.10+、B01.20+、B01.80、B01.90	
17.12	病原监测字典表		传染病代码表	森林脑炎	A84.0	
17.12	病原监测字典表		传染病代码表	人感染猪链球菌	A28.80	
17.12	病原监测字典表		传染病代码表	生殖道沙眼衣原体感染	A56.00	
17.12	病原监测字典表		传染病代码表	肝吸虫病	B66.10	
17.12	病原监测字典表		传染病代码表	恙虫病	A75.3	
17.12	病原监测字典表		传染病代码表	人粒细胞无形体病	A92.0	
17.12	病原监测字典表		传染病代码表	发热伴血小板减少综合征	A92.4	
17.12	病原监测字典表		传染病代码表	其它	D49.9、H95.9、L99.9、R94.9	
17.12	病原监测字典表		传染病代码表	其它疾病	B99、B99.0+	
17.12	病原监测字典表		传染病代码表	AFP	A80.9、G81.0、G82.0、G82.3	
17.12	病原监测字典表		传染病代码表	儿童不明原因急性肝炎	B15.902	
17.12	病原监测字典表		传染病代码表	人感染动物源性流感-H3N8	J09.A38	
17.12	病原监测字典表		传染病代码表	人感染动物源性流感-H5N6	J09.A56	
17.12	病原监测字典表		传染病代码表	人感染动物源性流感-H5N8	J09.A58	
17.12	病原监测字典表		传染病代码表	人感染动物源性流感-H7N4	J09.A74	
17.12	病原监测字典表		传染病代码表	人感染动物源性流感-H9N2	J09.A92	
17.12	病原监测字典表		传染病代码表	人感染动物源性流感-H10N3	J09.A103	
17.12	病原监测字典表		传染病代码表	人感染动物源性流感-H10N8	J09.A108	
17.12	病原监测字典表		传染病代码表	人感染动物源性流感-欧亚类禽H1N1	J09.SA11	
17.12	病原监测字典表		传染病代码表	人感染动物源性流感-其他亚型	J09.x03、J09.x04、J09.x05	
17.12	病原监测字典表		传染病代码表	人呼吸道合胞病毒感染	J12.1、J20.5、J21.0、B97.4	
17.12	病原监测字典表		传染病代码表	猴痘（乙管前）	B04	
17.12	病原监测字典表		传染病代码表	中东呼吸综合征（MERS）	B34.2	
17.12	病原监测字典表		传染病代码表	埃博拉出血热	A98.4	
17.12	病原监测字典表		传染病代码表	寨卡病毒病	A92.5	
17.12	病原监测字典表		传染病代码表	肺结核-继发	A15.0、A15.1、A15.2、 A15.3、 A16.0 、A16.1 、A16.2 、A15.4、 A16.3	
17.12	病原监测字典表		传染病代码表	肺结核-原发	A15.7 、A16.7	
17.12	病原监测字典表		传染病代码表	肺结核-气管支气管	A15.501、 A15.504、 A16.403	
17.12	病原监测字典表		传染病代码表	肺结核-结核性胸膜炎	A15.6 、A16.5	
17.12	病原监测字典表		传染病代码表	肺结核-血行播散	A19	
17.12	病原监测字典表		传染病代码表	其他呼吸系统结核	A15.8、 A15.9、 A16.8 、A16.9、 A15.502 、A15.503、 A16.401、 A16.402、 A16.404	
17.12	病原监测字典表		传染病代码表	运动系统结核	A18.0 、A18.802、 A18.825、 A18.827、 A18.828、 A18.829 、A18.831、 A18.832 、A18.833	
17.12	病原监测字典表		传染病代码表	消化系统结核	A18.3 、A18.813+、A18.814+、A18.817+、 A18.821+	
17.12	病原监测字典表		传染病代码表	泌尿生殖系统结核	A18.1	
17.12	病原监测字典表		传染病代码表	内分泌系统结核	A18.7 、A18.801、 A18.804+、A18.805+	
17.12	病原监测字典表		传染病代码表	淋巴系统结核	A18.2	
17.12	病原监测字典表		传染病代码表	神经系统结核	A17	
17.12	病原监测字典表		传染病代码表	循环系统结核	A18.807+、A18.808+、A18.809+、A18.810+、A18.812+	
17.12	病原监测字典表		传染病代码表	皮肤结核	A18.4	
17.12	病原监测字典表		传染病代码表	眼结核	A18.5	
17.12	病原监测字典表		传染病代码表	耳结核	A18.6	
17.12	病原监测字典表		传染病代码表	口腔结核	A18.818+、A18.819+、A18.822+	
17.12	病原监测字典表		传染病代码表	结缔组织结核	A18.824+	
17.13	病原监测字典表		病原微生物代码表	001	鼠疫杆菌	鼠疫
17.13	病原监测字典表		病原微生物代码表	002	霍乱弧菌	霍乱
17.13	病原监测字典表		病原微生物代码表	003	肝炎病毒	病毒性肝炎
17.13	病原监测字典表		病原微生物代码表	00301	甲型肝炎病毒(HAV)	病毒性肝炎
17.13	病原监测字典表		病原微生物代码表	00302	乙型肝炎病毒(HBV)	病毒性肝炎
17.13	病原监测字典表		病原微生物代码表	00303	丙型肝炎病毒(HCV)	病毒性肝炎
17.13	病原监测字典表		病原微生物代码表	00304	丁型肝炎病毒(HDV)	病毒性肝炎
17.13	病原监测字典表		病原微生物代码表	00305	戊型肝炎病毒(HEV)	病毒性肝炎
17.13	病原监测字典表		病原微生物代码表	004	痢疾	痢疾
17.13	病原监测字典表		病原微生物代码表	00401	志贺菌病	痢疾
17.13	病原监测字典表		病原微生物代码表	00402	痢疾阿米巴	痢疾
17.13	病原监测字典表		病原微生物代码表	005	伤寒和副伤寒杆菌	伤寒和副伤寒
17.13	病原监测字典表		病原微生物代码表	00501	伤寒杆菌	伤寒和副伤寒
17.13	病原监测字典表		病原微生物代码表	00502	副伤寒杆菌	伤寒和副伤寒
17.13	病原监测字典表		病原微生物代码表	006	HIV病毒	艾滋病
17.13	病原监测字典表		病原微生物代码表	007	淋病奈瑟菌	淋病
17.13	病原监测字典表		病原微生物代码表	008	苍白(梅毒)螺旋体	梅毒
17.13	病原监测字典表		病原微生物代码表	009	脊髓灰质炎病毒	脊髓灰质炎
17.13	病原监测字典表		病原微生物代码表	010	麻疹病毒	麻疹
17.13	病原监测字典表		病原微生物代码表	011	百日咳杆菌	百日咳
17.13	病原监测字典表		病原微生物代码表	012	白喉杆菌	白喉
17.13	病原监测字典表		病原微生物代码表	013	脑膜炎双球菌	流行性脑脊髓膜炎
17.13	病原监测字典表		病原微生物代码表	014	A组链球菌	猩红热
17.13	病原监测字典表		病原微生物代码表	015	流行性出血热病毒(汉坦病毒)	流行性出血热
17.13	病原监测字典表		病原微生物代码表	016	狂犬病毒	狂犬病
17.13	病原监测字典表		病原微生物代码表	017	致病性钩端螺旋体	钩端螺旋体病
17.13	病原监测字典表		病原微生物代码表	018	布鲁氏菌	布鲁氏菌病
17.13	病原监测字典表		病原微生物代码表	019	炭疽杆菌	炭疽
17.13	病原监测字典表		病原微生物代码表	020	流行性乙型脑炎	流行性乙型脑炎
17.13	病原监测字典表		病原微生物代码表	021	疟原虫	疟疾
17.13	病原监测字典表		病原微生物代码表	022	登革病毒	登革热
17.13	病原监测字典表		病原微生物代码表	023	破伤风梭状杆菌	新生儿破伤风
17.13	病原监测字典表		病原微生物代码表	024	结核分枝杆菌	肺结核
17.13	病原监测字典表		病原微生物代码表	025	SARS冠状病毒	传染性非典型肺炎(非典、SARS)
17.13	病原监测字典表		病原微生物代码表	026	裂体吸虫属血吸虫	血吸虫病
17.13	病原监测字典表		病原微生物代码表	027	猴痘病毒	猴痘
17.13	病原监测字典表		病原微生物代码表	028	禽流感病毒	人感染高致病性离流感
17.13	病原监测字典表		病原微生物代码表	02801	H5N1	人感染高致病性离流感
17.13	病原监测字典表		病原微生物代码表	02802	H7N1	人感染高致病性离流感
17.13	病原监测字典表		病原微生物代码表	02803	H7N2	人感染高致病性离流感
17.13	病原监测字典表		病原微生物代码表	02804	H7N3	人感染高致病性离流感
17.13	病原监测字典表		病原微生物代码表	02805	H7N7	人感染高致病性离流感
17.13	病原监测字典表		病原微生物代码表	02806	H9N2	人感染高致病性离流感
17.13	病原监测字典表		病原微生物代码表	02807	H7N9亚型	人感染高致病性离流感
17.13	病原监测字典表		病原微生物代码表	029	H7N9禽流感病毒	人感染H7N9禽流感
17.13	病原监测字典表		病原微生物代码表	030	新冠病毒	新冠病毒感染
17.13	病原监测字典表		病原微生物代码表	031	普氏立克次体	流行性和地方性斑疹伤寒
17.13	病原监测字典表		病原微生物代码表	032	杜氏利什曼原虫(黑热病原虫)	黑热病
17.13	病原监测字典表		病原微生物代码表	033	丝虫	丝虫病
17.13	病原监测字典表		病原微生物代码表	034	细粒棘球绦虫	包虫病
17.13	病原监测字典表		病原微生物代码表	035	麻风杆菌	麻风病
17.13	病原监测字典表		病原微生物代码表	036	流感病毒(甲乙流)	流行性感冒
17.13	病原监测字典表		病原微生物代码表	037	腮腺炎病毒	流行性腮腺炎
17.13	病原监测字典表		病原微生物代码表	038	风疹病毒	风疹
17.13	病原监测字典表		病原微生物代码表	039	急性出血性结膜炎	急性出血性结膜炎
17.13	病原监测字典表		病原微生物代码表	03901	肠道病毒70型	急性出血性结膜炎
17.13	病原监测字典表		病原微生物代码表	03902	柯萨奇病毒A24型变种	急性出血性结膜炎
17.13	病原监测字典表		病原微生物代码表	040	病毒、细菌、真菌、原虫等	其他感染性腹泻病
17.13	病原监测字典表		病原微生物代码表	041	手足口病	手足口病
17.13	病原监测字典表		病原微生物代码表	04101	柯萨奇病毒A16型(Cox16)	手足口病
17.13	病原监测字典表		病原微生物代码表	04102	肠道病毒71型(EV 71)	手足口病
17.13	病原监测字典表		病原微生物代码表	04103	其他肠道病毒	手足口病
17.13	病原监测字典表		病原微生物代码表	101	寨卡病毒	寨卡病毒病
17.13	病原监测字典表		病原微生物代码表	102	革兰阴性鼻疽假单孢菌	鼻疽和类鼻疽
17.13	病原监测字典表		病原微生物代码表	103	细菌、病毒和寄生虫引起	人兽共患病
17.13	病原监测字典表		病原微生物代码表	104	基孔肯雅病毒	基孔肯亚热
17.13	病原监测字典表		病原微生物代码表	105	广州管圆线虫幼虫	广州管圆线虫病
17.13	病原监测字典表		病原微生物代码表	106	猪链球菌	人猪重症链球菌感染
17.13	病原监测字典表		病原微生物代码表	107	肠出血性大肠杆菌O104:H4（EHECO104:H4）	德国肠出血性大肠杆菌O104感染
17.13	病原监测字典表		病原微生物代码表	108	克氏锥虫	美洲锥虫病
17.13	病原监测字典表		病原微生物代码表	109	人诺如病毒	诺如病毒急性胃肠炎
17.13	病原监测字典表		病原微生物代码表	110	颚口线虫	颚口线虫病
17.13	病原监测字典表		病原微生物代码表	111	西尼罗病毒	西尼罗病毒
17.13	病原监测字典表		病原微生物代码表	112	马尔堡病毒	马尔堡出血热
17.13	病原监测字典表		病原微生物代码表	113	拉沙病毒	拉沙热
17.13	病原监测字典表		病原微生物代码表	114	黄热病毒	黄热病
17.13	病原监测字典表		病原微生物代码表	115	裂谷热病毒	裂谷热
17.13	病原监测字典表		病原微生物代码表	116	埃博拉病毒	埃博拉出血热
17.13	病原监测字典表		病原微生物代码表	117	中东呼吸综合征冠状病毒	中东呼吸综合征(MERS)
17.13	病原监测字典表		病原微生物代码表	118	埃可病毒11型	埃可病毒11型
17.13	病原监测字典表		病原微生物代码表	119	沙眼衣原体和支原体	非淋菌性尿道炎
17.13	病原监测字典表		病原微生物代码表	120	人乳头瘤病毒（HPV）	尖锐湿疣
17.13	病原监测字典表		病原微生物代码表	121	单纯疱疹病毒（HSV）	生殖器疱疹
17.13	病原监测字典表		病原微生物代码表	122	沙眼衣原体	生殖道沙眼衣原体感染
17.13	病原监测字典表		病原微生物代码表	123	水痘-带状疱疹病毒	水痘
17.13	病原监测字典表		病原微生物代码表	124	蜱传脑炎病毒	森林脑炎
17.13	病原监测字典表		病原微生物代码表	125	华支睾吸虫	肝吸虫病
17.13	病原监测字典表		病原微生物代码表	126	恙虫病东方体	恙虫病
17.13	病原监测字典表		病原微生物代码表	127	嗜吞噬细胞无形体	人粒细胞无形体病
17.13	病原监测字典表		病原微生物代码表	128	新型布尼亚病毒	发热伴血小板减少综合征
17.13	病原监测字典表		病原微生物代码表	129	急性弛缓性麻痹(AFP)	急性弛缓性麻痹(AFP)
17.13	病原监测字典表		病原微生物代码表	130	不明原因肺炎病毒	不明原因肺炎
17.13	病原监测字典表		病原微生物代码表	999	不明原因	不明原因
17.13	病原监测字典表		病原微生物代码表	132	鹦鹉热衣原体	鹦鹉热衣原体感染
17.13	病原监测字典表		病原微生物代码表	133	疏螺旋体	莱姆病
17.13	病原监测字典表		病原微生物代码表	134	基孔肯雅病毒（CHIKV）	基孔肯雅热
17.13	病原监测字典表		病原微生物代码表	999	不明原因	不明原因
17.14	病原监测字典表		检测项目代码表	001_01	鼠疫耶尔森菌分离、鉴定	鼠疫
17.14	病原监测字典表		检测项目代码表	001_02	鼠疫耶尔森菌血清抗体测定	鼠疫
17.14	病原监测字典表		检测项目代码表	001_03	鼠疫耶尔森菌分子生物学检测	鼠疫
17.14	病原监测字典表		检测项目代码表	002_01	霍乱弧菌分离、鉴定	霍乱
17.14	病原监测字典表		检测项目代码表	002_02	霍乱弧菌肠毒素基因检测	霍乱
17.14	病原监测字典表		检测项目代码表	002_03	霍乱弧菌血清学分型鉴定	霍乱
17.14	病原监测字典表		检测项目代码表	00301_01	甲型肝炎病毒抗体IgG(HAV-IgG)	甲型肝炎
17.14	病原监测字典表		检测项目代码表	00301_02	甲型肝炎抗体(抗－HCV)	甲型肝炎
17.14	病原监测字典表		检测项目代码表	00301_03	甲型肝炎病毒IgM抗体	甲型肝炎
17.14	病原监测字典表		检测项目代码表	00301_04	甲型肝炎抗体(抗－HCV)	甲型肝炎
17.14	病原监测字典表		检测项目代码表	00301_05	丙氨酸氨基转移酶(ALT)测定	甲型肝炎;乙型肝炎;丙型肝炎;戊型肝炎
17.14	病原监测字典表		检测项目代码表	00302_01	天门冬氨酸氨基转移酶(AST)测定	乙型肝炎;丙型肝炎
17.14	病原监测字典表		检测项目代码表	00302_02	乙型肝炎表面抗原定性(HBsAg)测定	乙型肝炎
17.14	病原监测字典表		检测项目代码表	00302_03	乙型肝炎表面抗原定量(HBsAg)测定	乙型肝炎
17.14	病原监测字典表		检测项目代码表	00302_04	乙型肝炎表面抗体定性(抗HBs)测定	乙型肝炎
17.14	病原监测字典表		检测项目代码表	00302_05	乙型肝炎表面抗体定量(抗HBs)测定	乙型肝炎
17.14	病原监测字典表		检测项目代码表	00302_06	乙型肝炎e抗原定性(HBeAg)测定	乙型肝炎
17.14	病原监测字典表		检测项目代码表	00302_07	乙型肝炎e抗原定量(HBeAg)测定	乙型肝炎
17.14	病原监测字典表		检测项目代码表	00302_08	乙型肝炎e抗体(HBeAb)测定	乙型肝炎
17.14	病原监测字典表		检测项目代码表	00302_09	乙型肝炎核心抗原(HBcAg)测定	乙型肝炎
17.14	病原监测字典表		检测项目代码表	00302_10	乙型肝炎核心抗原定量(HBcAg)测定	乙型肝炎
17.14	病原监测字典表		检测项目代码表	00302_11	乙型肝炎核心抗体(抗HBc)测定	乙型肝炎
17.14	病原监测字典表		检测项目代码表	00302_12	乙型肝炎病毒外膜蛋白前S1抗原测定	乙型肝炎
17.14	病原监测字典表		检测项目代码表	00302_13	乙型肝炎病毒外膜蛋白前S1抗体测定	乙型肝炎
17.14	病原监测字典表		检测项目代码表	00302_14	乙型肝炎病毒外膜蛋白前S2抗原测定	乙型肝炎
17.14	病原监测字典表		检测项目代码表	00302_15	乙型肝炎病毒外膜蛋白前S2抗体测定	乙型肝炎
17.14	病原监测字典表		检测项目代码表	00302_16	直接胆红素(D-Bil)测定	乙型肝炎
17.14	病原监测字典表		检测项目代码表	00302_17	间接胆红素(I-Bil)测定	乙型肝炎
17.14	病原监测字典表		检测项目代码表	00303_01	丙型肝炎抗体(抗HCV)测定	丙型肝炎
17.14	病原监测字典表		检测项目代码表	00303_02	丙型肝炎病毒基因分型检测	丙型肝炎
17.14	病原监测字典表		检测项目代码表	00304_01	丁型肝炎抗体(抗HDV)测定	丁型肝炎
17.14	病原监测字典表		检测项目代码表	00304_02	血清HDAg	丁型肝炎
17.14	病原监测字典表		检测项目代码表	00304_03	血清HDV RNA	丁型肝炎
17.14	病原监测字典表		检测项目代码表	00304_04	血清抗-HDV	丁型肝炎
17.14	病原监测字典表		检测项目代码表	00304_05	血清抗-HDV IgM	丁型肝炎
17.14	病原监测字典表		检测项目代码表	00304_06	肝组织HDAg	丁型肝炎
17.14	病原监测字典表		检测项目代码表	00304_07	肝组织HDV RNA	丁型肝炎
17.14	病原监测字典表		检测项目代码表	00304_08	VZV-IgM	丁型肝炎
17.14	病原监测字典表		检测项目代码表	00304_09	VZV-IgG	丁型肝炎
17.14	病原监测字典表		检测项目代码表	00305_01	戊型肝炎病毒抗体IgM(HEV-IgM)	戊型肝炎
17.14	病原监测字典表		检测项目代码表	00305_02	戊型肝炎病毒抗体IgG(HEV-IgG)	戊型肝炎
17.14	病原监测字典表		检测项目代码表	00305_03	戊型肝炎抗体(抗HEV)测定	戊型肝炎
17.14	病原监测字典表		检测项目代码表	00401_01	痢疾志贺菌	细菌性痢疾
17.14	病原监测字典表		检测项目代码表	00401_02	痢疾杆菌	细菌性痢疾
17.14	病原监测字典表		检测项目代码表	00401_03	夏科雷登结晶	细菌性痢疾
17.14	病原监测字典表		检测项目代码表	00402_01	阿米巴滋养体和（或）包襄	阿米巴性痢疾
17.14	病原监测字典表		检测项目代码表	00402_02	尿红细胞形态检查	阿米巴性痢疾
17.14	病原监测字典表		检测项目代码表	00501_01	伤寒O凝集价	伤寒
17.14	病原监测字典表		检测项目代码表	00501_02	伤寒H凝集价	伤寒
17.14	病原监测字典表		检测项目代码表	00501_03	伤寒沙门菌	伤寒
17.14	病原监测字典表		检测项目代码表	00501_04	嗜酸性粒细胞直接计数	伤寒;副伤寒;血吸虫病
17.14	病原监测字典表		检测项目代码表	00502_01	甲型副伤寒沙门菌血清型	副伤寒
17.14	病原监测字典表		检测项目代码表	00502_02	乙型副伤寒沙门菌血清型	副伤寒
17.14	病原监测字典表		检测项目代码表	00502_03	丙型副伤寒沙门菌血清型	副伤寒
17.14	病原监测字典表		检测项目代码表	006_01	人免疫缺陷病毒抗体(抗HIV)测定	艾滋病
17.14	病原监测字典表		检测项目代码表	006_02	HIV核酸定性检测	艾滋病
17.14	病原监测字典表		检测项目代码表	006_03	HIV核酸定量检测	艾滋病
17.14	病原监测字典表		检测项目代码表	006_04	艾滋病联合试验(HIVcombin)	艾滋病
17.14	病原监测字典表		检测项目代码表	006_05	CD4	艾滋病
17.14	病原监测字典表		检测项目代码表	006_06	CD8	艾滋病
17.14	病原监测字典表		检测项目代码表	006_07	CD4%	艾滋病
17.14	病原监测字典表		检测项目代码表	006_08	HIV病毒载量	艾滋病
17.14	病原监测字典表		检测项目代码表	006_09	白细胞计数	艾滋病;不明原因肺炎;人感染高致病性禽流感;伤寒和副伤寒;伤寒;副伤寒;流行性乙型脑炎;流行性出血热;流行性感冒;流行性脑脊髓膜炎;猩红热;登革热;百日咳;细菌性痢疾;脊髓灰质炎;鼠疫
17.14	病原监测字典表		检测项目代码表	006_10	血红蛋白(HGB)	艾滋病
17.14	病原监测字典表		检测项目代码表	006_11	血小板计数	艾滋病;人感染高致病性禽流感;登革热;流行性出血热
17.14	病原监测字典表		检测项目代码表	006_12	肌酐(Cr)测定	艾滋病;流行性出血热
17.14	病原监测字典表		检测项目代码表	006_13	甘油三酯	艾滋病
17.14	病原监测字典表		检测项目代码表	006_14	总胆固醇	艾滋病
17.14	病原监测字典表		检测项目代码表	006_15	血糖	艾滋病
17.14	病原监测字典表		检测项目代码表	006_16	总胆红素(T-Bil)测定	艾滋病;甲型肝炎;乙型肝炎
17.14	病原监测字典表		检测项目代码表	006_17	谷丙转氨酶	艾滋病
17.14	病原监测字典表		检测项目代码表	006_18	谷草转氨酶	艾滋病
17.14	病原监测字典表		检测项目代码表	006_19	乙型肝炎表面抗原(HBsAg)	艾滋病
17.14	病原监测字典表		检测项目代码表	006_20	乙型肝炎病毒脱氧核糖核酸（HBV-DNA）定量	艾滋病;乙型肝炎
17.14	病原监测字典表		检测项目代码表	006_21	Anti-HCV 定性检测	艾滋病
17.14	病原监测字典表		检测项目代码表	006_22	Anti-HCV 定量检测	艾滋病
17.14	病原监测字典表		检测项目代码表	006_23	HCV亚型	艾滋病
17.14	病原监测字典表		检测项目代码表	006_24	梅毒血清特异性抗体	艾滋病;梅毒
17.14	病原监测字典表		检测项目代码表	006_25	梅毒螺旋体抗体(抗TP)测定	艾滋病;梅毒
17.14	病原监测字典表		检测项目代码表	007_01	淋病奈瑟菌检测	淋病
17.14	病原监测字典表		检测项目代码表	007_02	淋病奈瑟菌培养+鉴定	淋病
17.14	病原监测字典表		检测项目代码表	007_03	淋病奈瑟菌药敏试验	淋病
17.14	病原监测字典表		检测项目代码表	007_04	特殊细菌涂片检查	淋病
17.14	病原监测字典表		检测项目代码表	008_01	梅毒血清特异性抗体测定	梅毒
17.14	病原监测字典表		检测项目代码表	008_02	非梅毒螺旋体血清学试验	梅毒
17.14	病原监测字典表		检测项目代码表	008_03	梅毒甲苯胺红不加热血清实验	梅毒
17.14	病原监测字典表		检测项目代码表	008_04	梅毒螺旋体抗体(抗TP)测定	梅毒
17.14	病原监测字典表		检测项目代码表	008_05	非梅毒螺旋体抗原试验（滴度）	梅毒
17.14	病原监测字典表		检测项目代码表	008_06	梅毒螺旋体抗体试验（初筛）	梅毒
17.14	病原监测字典表		检测项目代码表	008_07	梅毒螺旋体暗视野镜检	梅毒
17.14	病原监测字典表		检测项目代码表	009_01	脊髓灰质炎病毒抗体测定	脊髓灰质炎
17.14	病原监测字典表		检测项目代码表	009_02	脊髓灰质炎野病毒检测	脊髓灰质炎
17.14	病原监测字典表		检测项目代码表	010_01	麻疹病毒抗体测定	麻疹
17.14	病原监测字典表		检测项目代码表	010_02	麻疹病毒核酸	麻疹
17.14	病原监测字典表		检测项目代码表	010_03	麻疹IgG抗体滴度	麻疹
17.14	病原监测字典表		检测项目代码表	011_01	百日咳博德特菌	百日咳
17.14	病原监测字典表		检测项目代码表	011_02	副百日咳博德特菌	百日咳
17.14	病原监测字典表		检测项目代码表	011_03	单份血清PT-IgG抗体浓度	百日咳
17.14	病原监测字典表		检测项目代码表	011_04	双份血清PT-IgG抗体浓度	百日咳
17.14	病原监测字典表		检测项目代码表	012_01	白喉棒杆菌缓和亚种	白喉
17.14	病原监测字典表		检测项目代码表	012_02	白喉棒杆菌缓和/贝尔亚种	白喉
17.14	病原监测字典表		检测项目代码表	012_03	白喉棒杆菌	白喉
17.14	病原监测字典表		检测项目代码表	012_04	白喉棒杆菌重生物型	白喉
17.14	病原监测字典表		检测项目代码表	012_05	白喉棒杆菌贝尔生物型	白喉
17.14	病原监测字典表		检测项目代码表	012_06	假白喉棒杆菌	白喉
17.14	病原监测字典表		检测项目代码表	012_07	白喉棒杆菌中间生物型	白喉
17.14	病原监测字典表		检测项目代码表	013_01	抗中性粒细胞胞浆抗体谱六项测定	流行性脑脊髓膜炎;猩红热
17.14	病原监测字典表		检测项目代码表	013_02	魏氏奈瑟菌	流行性脑脊髓膜炎
17.14	病原监测字典表		检测项目代码表	013_03	脑膜炎奈瑟菌特异性核酸检测	流行性脑脊髓膜炎
17.14	病原监测字典表		检测项目代码表	013_04	脑膜炎奈瑟菌特异性多糖抗原检测	流行性脑脊髓膜炎
17.14	病原监测字典表		检测项目代码表	013_05	脑脊液(CSF)常规细胞计数检查	流行性脑脊髓膜炎
17.14	病原监测字典表		检测项目代码表	013_06	脑脊液糖定性测定	流行性脑脊髓膜炎
17.14	病原监测字典表		检测项目代码表	013_07	脑脊液蛋白定性测定	流行性脑脊髓膜炎
17.14	病原监测字典表		检测项目代码表	013_08	脑脊液细胞学检查	流行性脑脊髓膜炎
17.14	病原监测字典表		检测项目代码表	014_01	A族链球菌（GAS）培养	猩红热
17.14	病原监测字典表		检测项目代码表	014_02	GAS核酸检测	猩红热
17.14	病原监测字典表		检测项目代码表	014_03	GAS 抗原检测	猩红热
17.14	病原监测字典表		检测项目代码表	015_01	出血热抗体	流行性出血热;埃博拉出血热
17.14	病原监测字典表		检测项目代码表	015_02	出血热IgM抗体	流行性出血热;埃博拉出血热
17.14	病原监测字典表		检测项目代码表	015_03	尿蛋白定量	流行性出血热
17.14	病原监测字典表		检测项目代码表	016_01	狂犬病病毒核酸检测	狂犬病
17.14	病原监测字典表		检测项目代码表	016_02	狂犬病病毒抗体检测	狂犬病
17.14	病原监测字典表		检测项目代码表	017_01	钩端螺旋体病免疫学测定	钩端螺旋体病
17.14	病原监测字典表		检测项目代码表	017_02	抗钩端螺旋体IgM抗体检测	钩端螺旋体病
17.14	病原监测字典表		检测项目代码表	018_01	布氏杆菌测定	布鲁氏菌病
17.14	病原监测字典表		检测项目代码表	018_02	虎红平板凝集试验（RBT）	布鲁氏菌病
17.14	病原监测字典表		检测项目代码表	018_03	胶体金免疫层析试验（GICA）	布鲁氏菌病
17.14	病原监测字典表		检测项目代码表	018_04	酶联免疫吸附试验（ELISA）	布鲁氏菌病;包虫病;丝虫病;恙虫病;黑热病;其他感染性腹泻病
17.14	病原监测字典表		检测项目代码表	018_05	试管凝集试验（SAT）滴度	布鲁氏菌病
17.14	病原监测字典表		检测项目代码表	018_06	补体结合试验（CFT）滴度	布鲁氏菌病
17.14	病原监测字典表		检测项目代码表	018_07	抗人免疫球蛋白试验（Coomb’s）滴度	布鲁氏菌病
17.14	病原监测字典表		检测项目代码表	019_01	炭疽芽孢杆菌	炭疽
17.14	病原监测字典表		检测项目代码表	019_02	血清抗炭疽特异性抗体	炭疽
17.14	病原监测字典表		检测项目代码表	020_01	乙脑病毒IgG抗体	流行性乙型脑炎
17.14	病原监测字典表		检测项目代码表	021_01	血液疟原虫检查	疟疾
17.14	病原监测字典表		检测项目代码表	023_01	破伤风梭菌	新生儿破伤风
17.14	病原监测字典表		检测项目代码表	02401_01	利福平耐药检测	肺结核-利福平耐药
17.14	病原监测字典表		检测项目代码表	02402_01	结核分枝杆菌特异性细胞免疫反应	肺结核-病原学阳性
17.14	病原监测字典表		检测项目代码表	02402_02	结核分枝杆菌γ-干扰素释放试验（T-N）	肺结核-病原学阳性
17.14	病原监测字典表		检测项目代码表	02402_03	结核分枝杆菌阳性对照管反应（P-N）	肺结核-病原学阳性
17.14	病原监测字典表		检测项目代码表	02402_04	结核分枝杆菌IgG抗体	肺结核-病原学阳性
17.14	病原监测字典表		检测项目代码表	024_01	干扰素-α抗体测定	肺结核
17.14	病原监测字典表		检测项目代码表	024_02	结核/非结核分枝杆菌核酸检测	肺结核
17.14	病原监测字典表		检测项目代码表	025_01	CD3+	传染性非典型肺炎(非典、SARS)
17.14	病原监测字典表		检测项目代码表	025_02	CD4+	传染性非典型肺炎(非典、SARS)
17.14	病原监测字典表		检测项目代码表	025_03	CD8+	传染性非典型肺炎(非典、SARS)
17.14	病原监测字典表		检测项目代码表	025_04	SARS-CoV特异性抗原N蛋白检测	传染性非典型肺炎(非典、SARS)
17.14	病原监测字典表		检测项目代码表	025_05	SARS-CoV特异性抗体平行检测	传染性非典型肺炎(非典、SARS)
17.14	病原监测字典表		检测项目代码表	026_01	血吸虫虫卵检测	血吸虫病
17.14	病原监测字典表		检测项目代码表	027_01	猴痘病毒核酸检测	猴痘
17.14	病原监测字典表		检测项目代码表	028_01	H5N1亚型流感病毒特异性的核酸检测	人感染高致病性禽流感
17.14	病原监测字典表		检测项目代码表	029_01	H7N9亚型流感病毒特异性的核酸检测	人感染H7N9禽流感
17.14	病原监测字典表		检测项目代码表	030_01	新型冠状病毒核酸检测	新冠病毒感染
17.14	病原监测字典表		检测项目代码表	030_02	新型冠状病毒血清抗体测定	新冠病毒感染
17.14	病原监测字典表		检测项目代码表	030_03	新增新型冠状病毒基因测序分析	新冠病毒感染
17.14	病原监测字典表		检测项目代码表	030_04	新型冠状病毒ORF1ab基因	新冠病毒感染
17.14	病原监测字典表		检测项目代码表	030_05	新型冠状病毒N基因	新冠病毒感染
17.14	病原监测字典表		检测项目代码表	030_06	新型冠状病毒核酸检测结论	新冠病毒感染
17.14	病原监测字典表		检测项目代码表	030_07	新型冠状病毒ORF1ab基因(CT)	新冠病毒感染
17.14	病原监测字典表		检测项目代码表	030_08	新型冠状病毒N基因(CT)	新冠病毒感染
17.14	病原监测字典表		检测项目代码表	031_01	立克次体免疫学试验	流行性和地方性斑疹伤寒
17.14	病原监测字典表		检测项目代码表	032_01	血液黑热病利-杜氏体检查	黑热病
17.14	病原监测字典表		检测项目代码表	033_01	快速免疫色谱试验(ICT)检测班氏丝虫抗原	丝虫病
17.14	病原监测字典表		检测项目代码表	033_02	血液微丝蚴检查	丝虫病
17.14	病原监测字典表		检测项目代码表	034_01	rk39免疫层析试条法(ICT)	包虫病;黑热病
17.14	病原监测字典表		检测项目代码表	035_01	抗酸杆菌（AFB）检查	麻风病
17.14	病原监测字典表		检测项目代码表	036_01	甲型流感病毒抗原检测	流行性感冒
17.14	病原监测字典表		检测项目代码表	036_02	乙型流感病毒抗体测定	流行性感冒
17.14	病原监测字典表		检测项目代码表	037_01	流行性腮腺炎病毒抗体测定	流行性腮腺炎
17.14	病原监测字典表		检测项目代码表	038_01	风疹病毒抗体(IgM)	风疹
17.14	病原监测字典表		检测项目代码表	038_02	风疹病毒IgG抗体(RV-IgG)	风疹
17.14	病原监测字典表		检测项目代码表	038_03	风疹病毒抗体	风疹
17.14	病原监测字典表		检测项目代码表	038_04	风疹病毒-IgG	风疹
17.14	病原监测字典表		检测项目代码表	038_05	风疹病毒-IgM	风疹
17.14	病原监测字典表		检测项目代码表	040_01	间接荧光抗体试验（IFAT）	其他感染性腹泻病;恙虫病;包虫病;黑热病
17.14	病原监测字典表		检测项目代码表	040_02	病原体特异性核酸检测	其他感染性腹泻病
17.14	病原监测字典表		检测项目代码表	041_01	柯萨奇病毒抗体测定	手足口病
17.14	病原监测字典表		检测项目代码表	041_02	埃可病毒抗体测定	手足口病
17.14	病原监测字典表		检测项目代码表	106_01	猪链球菌种特异性基因16SrRNA基因检测	人猪重症链球菌感染
17.14	病原监测字典表		检测项目代码表	117_01	MERS-CoV抗体检测	中东呼吸综合征(MERS)
17.14	病原监测字典表		检测项目代码表	121_01	单纯疱疹病毒（HSV-2或HSV-1）核酸检测	生殖器疱疹
17.14	病原监测字典表		检测项目代码表	121_02	单纯疱疹病毒（HSV-2或HSV-1）抗原检测	生殖器疱疹
17.14	病原监测字典表		检测项目代码表	121_03	单纯疱疹病毒（HSV-2或HSV-1）细胞培养	生殖器疱疹
17.14	病原监测字典表		检测项目代码表	122_01	沙眼衣原体抗原检测	生殖道沙眼衣原体感染
17.14	病原监测字典表		检测项目代码表	122_02	沙眼衣原体(D-K型)核酸检测	生殖道沙眼衣原体感染
17.14	病原监测字典表		检测项目代码表	122_03	沙眼衣原体(D-K型)细胞培养	生殖道沙眼衣原体感染
17.14	病原监测字典表		检测项目代码表	123_01	水痘-带状疱疹病毒抗体测定	水痘
17.14	病原监测字典表		检测项目代码表	124_01	森林脑炎血清特异性抗体IgM	森林脑炎
17.14	病原监测字典表		检测项目代码表	124_02	森林脑炎血清特异性抗体IgG	森林脑炎
17.14	病原监测字典表		检测项目代码表	126_01	外斐氏试验	恙虫病
17.14	病原监测字典表		检测项目代码表	127_01	嗜吞噬细胞无形体IgM抗体检测	人粒细胞无形体病
17.14	病原监测字典表		检测项目代码表	127_02	嗜吞噬细胞无形体IgG抗体检测	人粒细胞无形体病
17.14	病原监测字典表		检测项目代码表	135_01	H10N3亚型流感病毒检测	人感染动物源性流感
17.14	病原监测字典表		检测项目代码表	135_02	H10N8亚型流感病毒检测	人感染动物源性流感
17.14	病原监测字典表		检测项目代码表	135_03	H3N8亚型流感病毒检测	人感染动物源性流感
17.14	病原监测字典表		检测项目代码表	135_04	H5N6亚型流感病毒检测	人感染动物源性流感
17.14	病原监测字典表		检测项目代码表	135_05	H5N8亚型流感病毒	人感染动物源性流感
17.14	病原监测字典表		检测项目代码表	135_06	H7N4亚型流感病毒	人感染动物源性流感
17.14	病原监测字典表		检测项目代码表	135_07	H9N2亚型流感病毒	人感染动物源性流感
17.14	病原监测字典表		检测项目代码表	135_08	欧亚类禽H1N1亚型流感病毒特异性核酸检测	人感染动物源性流感
17.15	病原监测字典表		检测环节代码表	01	样本初筛	启用
17.15	病原监测字典表		检测环节代码表	02	样本确证	启用
17.15	病原监测字典表		检测环节代码表	03	样本复核	启用
17.15	病原监测字典表		检测环节代码表	04	样本检测	启用
17.16	病原监测字典表		检测定性结果代码表	01	阳性	定性结果
17.16	病原监测字典表		检测定性结果代码表	02	阴性	定性结果
17.16	病原监测字典表		检测定性结果代码表	03	污染	定性结果
17.16	病原监测字典表		检测定性结果代码表	04	强阳性	定性结果
17.16	病原监测字典表		检测定性结果代码表	05	弱阳性	定性结果
17.16	病原监测字典表		检测定性结果代码表	06	检出	定性结果
17.16	病原监测字典表		检测定性结果代码表	07	未检出	定性结果
17.16	病原监测字典表		检测定性结果代码表	08	未发现耐药	定性结果。适用于艾滋病耐药检测结果
17.16	病原监测字典表		检测定性结果代码表	09	P潜在耐药	定性结果。适用于艾滋病耐药检测结果
17.16	病原监测字典表		检测定性结果代码表	10	L低度耐药	定性结果。适用于艾滋病耐药检测结果
17.16	病原监测字典表		检测定性结果代码表	11	I中度耐药	定性结果。适用于艾滋病耐药检测结果
17.16	病原监测字典表		检测定性结果代码表	12	H高度耐药	定性结果。适用于艾滋病耐药检测结果
17.16	病原监测字典表		检测定性结果代码表	13	I可能耐药	定性结果。适用于艾滋病耐药检测结果
17.16	病原监测字典表		检测定性结果代码表	14	R显示耐药	定性结果。适用于艾滋病耐药检测结果
17.16	病原监测字典表		检测定性结果代码表	15	敏感	定性结果。适用于结核分枝杆菌药敏试验结果
17.16	病原监测字典表		检测定性结果代码表	16	耐药	定性结果。适用于结核分枝杆菌药敏试验结果
17.16	病原监测字典表		检测定性结果代码表	17	结核分枝杆菌	定性结果。适用于分枝杆菌菌种鉴定结果
17.16	病原监测字典表		检测定性结果代码表	18	非结核分枝杆菌	定性结果。适用于分枝杆菌菌种鉴定结果
17.16	病原监测字典表		检测定性结果代码表	19	未检测到分枝杆菌	定性结果。适用于分枝杆菌菌种鉴定结果
17.16	病原监测字典表		检测定性结果代码表	20	未获得试验结果	定性结果。适用于分枝杆菌菌种鉴定结果
17.17	病原监测字典表	HBCV04.50.026	检测结果计量单位代码表	01	细胞数(正常值0~15/μl)	细胞数(正常值0~15/μl)
17.17	病原监测字典表	HBCV04.50.026	检测结果计量单位代码表	02	蛋白(正常值<0.45g/l)	蛋白(正常值<0.45g/l)
17.17	病原监测字典表	HBCV04.50.026	检测结果计量单位代码表	03	mmol/L	糖(mmol/L)或氯化物(mmol/L)
17.17	病原监测字典表	HBCV04.50.026	检测结果计量单位代码表	04	×10^9/L	白细胞计数
17.17	病原监测字典表	HBCV04.50.026	检测结果计量单位代码表	05	C/mL	
17.17	病原监测字典表	HBCV04.50.026	检测结果计量单位代码表	06	U/L	
17.17	病原监测字典表	HBCV04.50.026	检测结果计量单位代码表	07	g/L	
17.17	病原监测字典表	HBCV04.50.026	检测结果计量单位代码表	08	μmol	
17.17	病原监测字典表	HBCV04.50.026	检测结果计量单位代码表	09	个/μL	
18.1	传染病监测字典表（适用于国标20个数据集）		身份证件类别代码	01	居民身份证	
18.1	传染病监测字典表（适用于国标20个数据集）		身份证件类别代码	02	居民户口簿	传染病报告卡不可使用
18.1	传染病监测字典表（适用于国标20个数据集）		身份证件类别代码	03	护照	
18.1	传染病监测字典表（适用于国标20个数据集）		身份证件类别代码	04	军官证	
18.1	传染病监测字典表（适用于国标20个数据集）		身份证件类别代码	05	驾驶证	传染病报告卡不可使用
18.1	传染病监测字典表（适用于国标20个数据集）		身份证件类别代码	06	港澳居民来往内地通行证	
18.1	传染病监测字典表（适用于国标20个数据集）		身份证件类别代码	07	台湾居民来往内地通行证	
18.1	传染病监测字典表（适用于国标20个数据集）		身份证件类别代码	08	临时居民身份证	传染病报告卡不可使用
18.1	传染病监测字典表（适用于国标20个数据集）		身份证件类别代码	09	武装警察身份证件	传染病报告卡不可使用
18.1	传染病监测字典表（适用于国标20个数据集）		身份证件类别代码	10	中华人民共和国港澳居民居住证	传染病报告卡不可使用
18.1	传染病监测字典表（适用于国标20个数据集）		身份证件类别代码	11	中华人民共和国台湾居民居住证	传染病报告卡不可使用
18.1	传染病监测字典表（适用于国标20个数据集）		身份证件类别代码	12	社会保障卡	传染病报告卡不可使用
18.1	传染病监测字典表（适用于国标20个数据集）		身份证件类别代码	99	其他法定有效证件	
18.2	传染病监测字典表（适用于国标20个数据集）		性别代码	0	未知的性别	传染病报告卡不可使用
18.2	传染病监测字典表（适用于国标20个数据集）		性别代码	1	男	
18.2	传染病监测字典表（适用于国标20个数据集）		性别代码	2	女	
18.2	传染病监测字典表（适用于国标20个数据集）		性别代码	9	未说明的性别	传染病报告卡不可使用
18.3	传染病监测字典表（适用于国标20个数据集）		民族代码	01	汉族	
18.3	传染病监测字典表（适用于国标20个数据集）		民族代码	02	蒙古族	
18.3	传染病监测字典表（适用于国标20个数据集）		民族代码	03	回族	
18.3	传染病监测字典表（适用于国标20个数据集）		民族代码	04	藏族	
18.3	传染病监测字典表（适用于国标20个数据集）		民族代码	05	维吾尔族	
18.3	传染病监测字典表（适用于国标20个数据集）		民族代码	06	苗族	
18.3	传染病监测字典表（适用于国标20个数据集）		民族代码	07	彝族	
18.3	传染病监测字典表（适用于国标20个数据集）		民族代码	08	壮族	
18.3	传染病监测字典表（适用于国标20个数据集）		民族代码	09	布依族	
18.3	传染病监测字典表（适用于国标20个数据集）		民族代码	10	朝鲜族	
18.3	传染病监测字典表（适用于国标20个数据集）		民族代码	11	满族	
18.3	传染病监测字典表（适用于国标20个数据集）		民族代码	12	侗族	
18.3	传染病监测字典表（适用于国标20个数据集）		民族代码	13	瑶族	
18.3	传染病监测字典表（适用于国标20个数据集）		民族代码	14	白族	
18.3	传染病监测字典表（适用于国标20个数据集）		民族代码	15	土家族	
18.3	传染病监测字典表（适用于国标20个数据集）		民族代码	16	哈尼族	
18.3	传染病监测字典表（适用于国标20个数据集）		民族代码	17	哈萨克族	
18.3	传染病监测字典表（适用于国标20个数据集）		民族代码	18	傣族	
18.3	传染病监测字典表（适用于国标20个数据集）		民族代码	19	黎族	
18.3	传染病监测字典表（适用于国标20个数据集）		民族代码	20	傈僳族	
18.3	传染病监测字典表（适用于国标20个数据集）		民族代码	21	佤族	
18.3	传染病监测字典表（适用于国标20个数据集）		民族代码	22	畲族	
18.3	传染病监测字典表（适用于国标20个数据集）		民族代码	23	高山族	
18.3	传染病监测字典表（适用于国标20个数据集）		民族代码	24	拉祜族	
18.3	传染病监测字典表（适用于国标20个数据集）		民族代码	25	水族	
18.3	传染病监测字典表（适用于国标20个数据集）		民族代码	26	东乡族	
18.3	传染病监测字典表（适用于国标20个数据集）		民族代码	27	纳西族	
18.3	传染病监测字典表（适用于国标20个数据集）		民族代码	28	景颇族	
18.3	传染病监测字典表（适用于国标20个数据集）		民族代码	29	柯尔克孜族	
18.3	传染病监测字典表（适用于国标20个数据集）		民族代码	30	土族	
18.3	传染病监测字典表（适用于国标20个数据集）		民族代码	31	达斡尔族	
18.3	传染病监测字典表（适用于国标20个数据集）		民族代码	32	仫佬族	
18.3	传染病监测字典表（适用于国标20个数据集）		民族代码	33	羌族	
18.3	传染病监测字典表（适用于国标20个数据集）		民族代码	34	布朗族	
18.3	传染病监测字典表（适用于国标20个数据集）		民族代码	35	撒拉族	
18.3	传染病监测字典表（适用于国标20个数据集）		民族代码	36	毛南族	
18.3	传染病监测字典表（适用于国标20个数据集）		民族代码	37	仡佬族	
18.3	传染病监测字典表（适用于国标20个数据集）		民族代码	38	锡伯族	
18.3	传染病监测字典表（适用于国标20个数据集）		民族代码	39	阿昌族	
18.3	传染病监测字典表（适用于国标20个数据集）		民族代码	40	普米族	
18.3	传染病监测字典表（适用于国标20个数据集）		民族代码	41	塔吉克族	
18.3	传染病监测字典表（适用于国标20个数据集）		民族代码	42	怒族	
18.3	传染病监测字典表（适用于国标20个数据集）		民族代码	43	乌孜别克族	
18.3	传染病监测字典表（适用于国标20个数据集）		民族代码	44	俄罗斯族	
18.3	传染病监测字典表（适用于国标20个数据集）		民族代码	45	鄂温克族	
18.3	传染病监测字典表（适用于国标20个数据集）		民族代码	46	德昂族	
18.3	传染病监测字典表（适用于国标20个数据集）		民族代码	47	保安族	
18.3	传染病监测字典表（适用于国标20个数据集）		民族代码	48	裕固族	
18.3	传染病监测字典表（适用于国标20个数据集）		民族代码	49	京族	
18.3	传染病监测字典表（适用于国标20个数据集）		民族代码	50	塔塔尔族	
18.3	传染病监测字典表（适用于国标20个数据集）		民族代码	51	独龙族	
18.3	传染病监测字典表（适用于国标20个数据集）		民族代码	52	鄂伦春族	
18.3	传染病监测字典表（适用于国标20个数据集）		民族代码	53	赫哲族	
18.3	传染病监测字典表（适用于国标20个数据集）		民族代码	54	门巴族	
18.3	传染病监测字典表（适用于国标20个数据集）		民族代码	55	珞巴族	
18.3	传染病监测字典表（适用于国标20个数据集）		民族代码	56	基诺族	
18.3	传染病监测字典表（适用于国标20个数据集）		民族代码	97	其他	
18.3	传染病监测字典表（适用于国标20个数据集）		民族代码	98	外国血统中国籍人士	传染病报告卡不可使用
18.4	传染病监测字典表（适用于国标20个数据集）		婚姻状况代码	1	未婚	
18.4	传染病监测字典表（适用于国标20个数据集）		婚姻状况代码	2	已婚或有配偶	
18.4	传染病监测字典表（适用于国标20个数据集）		婚姻状况代码	3	离异或丧偶	
18.4	传染病监测字典表（适用于国标20个数据集）		婚姻状况代码	4	不详	
18.6	传染病监测字典表（适用于国标20个数据集）		药品代码	001	阿司匹林	退烧药
18.6	传染病监测字典表（适用于国标20个数据集）		药品代码	004	氯吡格雷阿司匹林	抗生素
18.6	传染病监测字典表（适用于国标20个数据集）		药品代码	005	阿昔洛韦	抗生素
18.6	传染病监测字典表（适用于国标20个数据集）		药品代码	007	喷昔洛韦	抗生素
18.6	传染病监测字典表（适用于国标20个数据集）		药品代码	012	诺氟沙星	抗生素
18.6	传染病监测字典表（适用于国标20个数据集）		药品代码	013	硼酸	抗生素
18.6	传染病监测字典表（适用于国标20个数据集）		药品代码	015	依沙吖啶	抗生素
18.6	传染病监测字典表（适用于国标20个数据集）		药品代码	017	甲硝唑	抗生素
18.6	传染病监测字典表（适用于国标20个数据集）		药品代码	019	克霉唑	抗生素
18.6	传染病监测字典表（适用于国标20个数据集）		药品代码	021	咪康唑	抗生素
18.6	传染病监测字典表（适用于国标20个数据集）		药品代码	025	制霉素	抗生素
18.6	传染病监测字典表（适用于国标20个数据集）		药品代码	027	复方莪术油	抗生素
18.6	传染病监测字典表（适用于国标20个数据集）		药品代码	029	聚甲酚磺醛	抗生素
18.6	传染病监测字典表（适用于国标20个数据集）		药品代码	031	替硝唑	抗生素
18.6	传染病监测字典表（适用于国标20个数据集）		药品代码	033	硝呋太尔	抗生素
18.6	传染病监测字典表（适用于国标20个数据集）		药品代码	035	硝呋太尔制霉素	抗生素
18.6	传染病监测字典表（适用于国标20个数据集）		药品代码	036	硝呋太尔-制霉菌素	抗生素
18.6	传染病监测字典表（适用于国标20个数据集）		药品代码	037	氯喹那多普罗雌烯	抗生素
18.6	传染病监测字典表（适用于国标20个数据集）		药品代码	038	酮康唑	抗生素
18.6	传染病监测字典表（适用于国标20个数据集）		药品代码	039	多西环素	抗生素
18.6	传染病监测字典表（适用于国标20个数据集）		药品代码	041	米诺环素	抗生素
18.6	传染病监测字典表（适用于国标20个数据集）		药品代码	042	替加环素	抗生素
18.6	传染病监测字典表（适用于国标20个数据集）		药品代码	043	氯霉素	抗生素
18.6	传染病监测字典表（适用于国标20个数据集）		药品代码	044	阿莫西林	抗生素
18.6	传染病监测字典表（适用于国标20个数据集）		药品代码	047	氨苄西林	抗生素
18.6	传染病监测字典表（适用于国标20个数据集）		药品代码	048	哌拉西林	抗生素
18.6	传染病监测字典表（适用于国标20个数据集）		药品代码	049	阿洛西林	抗生素
18.6	传染病监测字典表（适用于国标20个数据集）		药品代码	050	美洛西林	抗生素
18.6	传染病监测字典表（适用于国标20个数据集）		药品代码	051	苄星青霉素	抗生素
18.6	传染病监测字典表（适用于国标20个数据集）		药品代码	052	青霉素	抗生素
18.6	传染病监测字典表（适用于国标20个数据集）		药品代码	053	青霉素V	抗生素
18.6	传染病监测字典表（适用于国标20个数据集）		药品代码	055	普鲁卡因青霉素	抗生素
18.6	传染病监测字典表（适用于国标20个数据集）		药品代码	056	苯唑西林	抗生素
18.6	传染病监测字典表（适用于国标20个数据集）		药品代码	058	氯唑西林	抗生素
18.6	传染病监测字典表（适用于国标20个数据集）		药品代码	059	舒巴坦	抗生素
18.6	传染病监测字典表（适用于国标20个数据集）		药品代码	060	阿莫西林克拉维酸	抗生素
18.6	传染病监测字典表（适用于国标20个数据集）		药品代码	064	氨苄西林舒巴坦	抗生素
18.6	传染病监测字典表（适用于国标20个数据集）		药品代码	065	哌拉西林舒巴坦	抗生素
18.6	传染病监测字典表（适用于国标20个数据集）		药品代码	066	哌拉西林他唑巴坦	抗生素
18.6	传染病监测字典表（适用于国标20个数据集）		药品代码	067	替卡西林克拉维酸	抗生素
18.6	传染病监测字典表（适用于国标20个数据集）		药品代码	068	头孢氨苄	抗生素
18.6	传染病监测字典表（适用于国标20个数据集）		药品代码	071	头孢唑林	抗生素
18.6	传染病监测字典表（适用于国标20个数据集）		药品代码	072	头孢拉定	抗生素
18.6	传染病监测字典表（适用于国标20个数据集）		药品代码	075	头孢硫脒	抗生素
18.6	传染病监测字典表（适用于国标20个数据集）		药品代码	076	头孢羟氨苄	抗生素
18.6	传染病监测字典表（适用于国标20个数据集）		药品代码	078	头孢呋辛	抗生素
18.6	传染病监测字典表（适用于国标20个数据集）		药品代码	079	头孢呋辛酯	抗生素
18.6	传染病监测字典表（适用于国标20个数据集）		药品代码	080	头孢丙烯	抗生素
18.6	传染病监测字典表（适用于国标20个数据集）		药品代码	085	头孢克洛	抗生素
18.6	传染病监测字典表（适用于国标20个数据集）		药品代码	089	头孢替安	抗生素
18.6	传染病监测字典表（适用于国标20个数据集）		药品代码	090	头孢美唑	抗生素
18.6	传染病监测字典表（适用于国标20个数据集）		药品代码	091	头孢西丁	抗生素
18.6	传染病监测字典表（适用于国标20个数据集）		药品代码	092	注射用头孢西丁钠	抗生素
18.6	传染病监测字典表（适用于国标20个数据集）		药品代码	093	头孢米诺	抗生素
18.6	传染病监测字典表（适用于国标20个数据集）		药品代码	094	注射用头孢美唑钠	抗生素
18.6	传染病监测字典表（适用于国标20个数据集）		药品代码	095	头孢曲松	抗生素
18.6	传染病监测字典表（适用于国标20个数据集）		药品代码	096	头孢噻肟	抗生素
18.6	传染病监测字典表（适用于国标20个数据集）		药品代码	097	拉氧头孢	抗生素
18.6	传染病监测字典表（适用于国标20个数据集）		药品代码	098	头孢地尼	抗生素
18.6	传染病监测字典表（适用于国标20个数据集）		药品代码	099	头孢克肟	抗生素
18.6	传染病监测字典表（适用于国标20个数据集）		药品代码	102	头孢哌酮舒巴坦	抗生素
18.6	传染病监测字典表（适用于国标20个数据集）		药品代码	103	头孢他啶	抗生素
18.6	传染病监测字典表（适用于国标20个数据集）		药品代码	104	头孢唑肟	抗生素
18.6	传染病监测字典表（适用于国标20个数据集）		药品代码	105	头孢吡肟	抗生素
18.6	传染病监测字典表（适用于国标20个数据集）		药品代码	106	头孢匹罗	抗生素
18.6	传染病监测字典表（适用于国标20个数据集）		药品代码	107	氨曲南	抗生素
18.6	传染病监测字典表（适用于国标20个数据集）		药品代码	108	厄他培南	抗生素
18.6	传染病监测字典表（适用于国标20个数据集）		药品代码	109	比阿培南	抗生素
18.6	传染病监测字典表（适用于国标20个数据集）		药品代码	110	美罗培南	抗生素
18.6	传染病监测字典表（适用于国标20个数据集）		药品代码	111	亚胺培南西司他丁	抗生素
18.6	传染病监测字典表（适用于国标20个数据集）		药品代码	112	法罗培南	抗生素
18.6	传染病监测字典表（适用于国标20个数据集）		药品代码	114	甲氧苄啶	抗生素
18.6	传染病监测字典表（适用于国标20个数据集）		药品代码	115	磺胺嘧啶	抗生素
18.6	传染病监测字典表（适用于国标20个数据集）		药品代码	118	磺胺多辛	抗生素
18.6	传染病监测字典表（适用于国标20个数据集）		药品代码	119	复方磺胺甲噁唑	抗生素
18.6	传染病监测字典表（适用于国标20个数据集）		药品代码	120	小儿复方磺胺甲噁唑	抗生素
18.6	传染病监测字典表（适用于国标20个数据集）		药品代码	122	联磺甲氧苄啶	抗生素
18.6	传染病监测字典表（适用于国标20个数据集）		药品代码	125	阿奇霉素	抗生素
18.6	传染病监测字典表（适用于国标20个数据集）		药品代码	127	红霉素	抗生素
18.6	传染病监测字典表（适用于国标20个数据集）		药品代码	131	琥乙红霉素	抗生素
18.6	传染病监测字典表（适用于国标20个数据集）		药品代码	133	环酯红霉素	抗生素
18.6	传染病监测字典表（适用于国标20个数据集）		药品代码	134	克拉霉素	抗生素
18.6	传染病监测字典表（适用于国标20个数据集）		药品代码	136	罗红霉素	抗生素
18.6	传染病监测字典表（适用于国标20个数据集）		药品代码	138	克林霉素	抗生素
18.6	传染病监测字典表（适用于国标20个数据集）		药品代码	139	克林霉素磷酸酯	抗生素
18.6	传染病监测字典表（适用于国标20个数据集）		药品代码	142	克林霉素棕榈酸酯	抗生素
18.6	传染病监测字典表（适用于国标20个数据集）		药品代码	143	林可霉素	抗生素
18.6	传染病监测字典表（适用于国标20个数据集）		药品代码	147	链霉素	抗生素
18.6	传染病监测字典表（适用于国标20个数据集）		药品代码	148	阿米卡星	抗生素
18.6	传染病监测字典表（适用于国标20个数据集）		药品代码	149	庆大霉素	抗生素
18.6	传染病监测字典表（适用于国标20个数据集）		药品代码	150	奈替米星	抗生素
18.6	传染病监测字典表（适用于国标20个数据集）		药品代码	152	妥布霉素	抗生素
18.6	传染病监测字典表（适用于国标20个数据集）		药品代码	153	依替米星	抗生素
18.6	传染病监测字典表（适用于国标20个数据集）		药品代码	154	异帕米星	抗生素
18.6	传染病监测字典表（适用于国标20个数据集）		药品代码	155	环丙沙星	抗生素
18.6	传染病监测字典表（适用于国标20个数据集）		药品代码	158	左氧氟沙星	抗生素
18.6	传染病监测字典表（适用于国标20个数据集）		药品代码	159	氧氟沙星	
18.6	传染病监测字典表（适用于国标20个数据集）		药品代码	160	环丙沙星葡萄糖	抗生素
18.6	传染病监测字典表（适用于国标20个数据集）		药品代码	161	环丙沙星氯化钠	抗生素
18.6	传染病监测字典表（适用于国标20个数据集）		药品代码	162	吉米沙星	抗生素
18.6	传染病监测字典表（适用于国标20个数据集）		药品代码	163	莫西沙星	抗生素
18.6	传染病监测字典表（适用于国标20个数据集）		药品代码	165	莫西沙星氯化钠	抗生素
18.6	传染病监测字典表（适用于国标20个数据集）		药品代码	166	左氧氟沙星葡萄糖	抗生素
18.6	传染病监测字典表（适用于国标20个数据集）		药品代码	167	左氧氟沙星氯化钠	抗生素
18.6	传染病监测字典表（适用于国标20个数据集）		药品代码	168	吡哌酸	抗生素
18.6	传染病监测字典表（适用于国标20个数据集）		药品代码	169	西他沙星	抗生素
18.6	传染病监测字典表（适用于国标20个数据集）		药品代码	170	苹果酸奈诺沙星	抗生素
18.6	传染病监测字典表（适用于国标20个数据集）		药品代码	171	去甲万古霉素	抗生素
18.6	传染病监测字典表（适用于国标20个数据集）		药品代码	172	替考拉宁	抗生素
18.6	传染病监测字典表（适用于国标20个数据集）		药品代码	173	万古霉素	抗生素
18.6	传染病监测字典表（适用于国标20个数据集）		药品代码	174	多粘菌素B(多粘菌素)	抗生素
18.6	传染病监测字典表（适用于国标20个数据集）		药品代码	175	夫西地酸	抗生素
18.6	传染病监测字典表（适用于国标20个数据集）		药品代码	179	奥硝唑	抗生素
18.6	传染病监测字典表（适用于国标20个数据集）		药品代码	181	奥硝唑氯化钠	抗生素
18.6	传染病监测字典表（适用于国标20个数据集）		药品代码	182	奥硝唑葡萄糖	抗生素
18.6	传染病监测字典表（适用于国标20个数据集）		药品代码	183	甲硝唑氯化钠	抗生素
18.6	传染病监测字典表（适用于国标20个数据集）		药品代码	184	甲硝唑葡萄糖	抗生素
18.6	传染病监测字典表（适用于国标20个数据集）		药品代码	186	替硝唑氯化钠	抗生素
18.6	传染病监测字典表（适用于国标20个数据集）		药品代码	187	替硝唑葡萄糖	抗生素
18.6	传染病监测字典表（适用于国标20个数据集）		药品代码	188	左奥硝唑氯化钠	抗生素
18.6	传染病监测字典表（适用于国标20个数据集）		药品代码	189	吗啉硝唑氯化钠	抗生素
18.6	传染病监测字典表（适用于国标20个数据集）		药品代码	190	呋喃妥因	抗生素
18.6	传染病监测字典表（适用于国标20个数据集）		药品代码	191	呋喃唑酮	抗生素
18.6	传染病监测字典表（适用于国标20个数据集）		药品代码	192	磷霉素	抗生素
18.6	传染病监测字典表（适用于国标20个数据集）		药品代码	193	鱼腥草素	抗生素
18.6	传染病监测字典表（适用于国标20个数据集）		药品代码	194	达托霉素	抗生素
18.6	传染病监测字典表（适用于国标20个数据集）		药品代码	195	大观霉素	抗生素
18.6	传染病监测字典表（适用于国标20个数据集）		药品代码	196	大蒜素	抗生素
18.6	传染病监测字典表（适用于国标20个数据集）		药品代码	198	硫酸黏菌素	抗生素
18.6	传染病监测字典表（适用于国标20个数据集）		药品代码	199	利奈唑胺	抗生素
18.6	传染病监测字典表（适用于国标20个数据集）		药品代码	200	利奈唑胺葡萄糖	抗生素
18.6	传染病监测字典表（适用于国标20个数据集）		药品代码	202	磷霉素氨丁三醇	抗生素
18.6	传染病监测字典表（适用于国标20个数据集）		药品代码	204	黏菌素	抗生素
18.6	传染病监测字典表（适用于国标20个数据集）		药品代码	205	青霉素皮试剂	抗生素
18.6	传染病监测字典表（适用于国标20个数据集）		药品代码	206	注射用磷酸特地唑胺	抗生素
18.6	传染病监测字典表（适用于国标20个数据集）		药品代码	207	对氨基水杨酸钠	抗生素
18.6	传染病监测字典表（适用于国标20个数据集）		药品代码	209	利福喷丁	抗生素
18.6	传染病监测字典表（适用于国标20个数据集）		药品代码	210	利福平	抗生素
18.6	传染病监测字典表（适用于国标20个数据集）		药品代码	211	利福平Ⅱ	抗生素
18.6	传染病监测字典表（适用于国标20个数据集）		药品代码	212	环丝氨酸	抗生素
18.6	传染病监测字典表（适用于国标20个数据集）		药品代码	213	卷曲霉素	抗生素
18.6	传染病监测字典表（适用于国标20个数据集）		药品代码	214	利福布汀	抗生素
18.6	传染病监测字典表（适用于国标20个数据集）		药品代码	215	利福霉素	抗生素
18.6	传染病监测字典表（适用于国标20个数据集）		药品代码	216	异烟肼	抗生素
18.6	传染病监测字典表（适用于国标20个数据集）		药品代码	218	帕司烟肼(对氨基水杨酸异烟肼)	抗生素
18.6	传染病监测字典表（适用于国标20个数据集）		药品代码	219	丙硫异烟胺	抗生素
18.6	传染病监测字典表（适用于国标20个数据集）		药品代码	220	吡嗪酰胺	抗生素
18.6	传染病监测字典表（适用于国标20个数据集）		药品代码	221	乙胺丁醇	抗生素
18.6	传染病监测字典表（适用于国标20个数据集）		药品代码	222	富马酸贝达喹啉	抗生素
18.6	传染病监测字典表（适用于国标20个数据集）		药品代码	223	德拉马尼	抗生素
18.6	传染病监测字典表（适用于国标20个数据集）		药品代码	224	乙胺吡嗪利福异烟 乙胺吡嗪利福异烟Ⅱ	抗生素
18.6	传染病监测字典表（适用于国标20个数据集）		药品代码	225	乙胺利福异烟	抗生素
18.6	传染病监测字典表（适用于国标20个数据集）		药品代码	226	异福(利福平异烟肼)	抗生素
18.6	传染病监测字典表（适用于国标20个数据集）		药品代码	227	异福酰胺	抗生素
18.6	传染病监测字典表（适用于国标20个数据集）		药品代码	228	氨苯砜	抗生素
18.6	传染病监测字典表（适用于国标20个数据集）		药品代码	229	氯法齐明	抗生素
18.6	传染病监测字典表（适用于国标20个数据集）		药品代码	231	利巴韦林	抗病毒
18.6	传染病监测字典表（适用于国标20个数据集）		药品代码	235	伐昔洛韦	抗病毒
18.6	传染病监测字典表（适用于国标20个数据集）		药品代码	236	泛昔洛韦	抗病毒
18.6	传染病监测字典表（适用于国标20个数据集）		药品代码	237	更昔洛韦	抗病毒
18.6	传染病监测字典表（适用于国标20个数据集）		药品代码	239	金刚乙胺	抗病毒
18.6	传染病监测字典表（适用于国标20个数据集）		药品代码	242	膦甲酸钠	抗病毒
18.6	传染病监测字典表（适用于国标20个数据集）		药品代码	243	膦甲酸钠氯化钠	抗病毒
18.6	传染病监测字典表（适用于国标20个数据集）		药品代码	244	膦甲酸钠葡萄糖	抗病毒
18.6	传染病监测字典表（适用于国标20个数据集）		药品代码	245	阿德福韦酯	抗病毒
18.6	传染病监测字典表（适用于国标20个数据集）		药品代码	246	恩曲他滨	抗病毒
18.6	传染病监测字典表（适用于国标20个数据集）		药品代码	247	恩曲他滨替诺福韦	抗病毒
18.6	传染病监测字典表（适用于国标20个数据集）		药品代码	248	恩替卡韦	抗病毒
18.6	传染病监测字典表（适用于国标20个数据集）		药品代码	249	拉米夫定	抗病毒
18.6	传染病监测字典表（适用于国标20个数据集）		药品代码	250	齐多夫定	抗病毒
18.6	传染病监测字典表（适用于国标20个数据集）		药品代码	252	替比夫定	抗病毒
18.6	传染病监测字典表（适用于国标20个数据集）		药品代码	253	替诺福韦二吡呋酯	抗病毒
18.6	传染病监测字典表（适用于国标20个数据集）		药品代码	254	丙酚替诺福韦	抗病毒
18.6	传染病监测字典表（适用于国标20个数据集）		药品代码	255	恩替卡韦	抗病毒
18.6	传染病监测字典表（适用于国标20个数据集）		药品代码	256	利匹韦林	抗病毒
18.6	传染病监测字典表（适用于国标20个数据集）		药品代码	257	奥司他韦	抗病毒
18.6	传染病监测字典表（适用于国标20个数据集）		药品代码	259	磷酸奥司他韦	抗病毒
18.6	传染病监测字典表（适用于国标20个数据集）		药品代码	260	帕拉米韦氯化钠	抗病毒
18.6	传染病监测字典表（适用于国标20个数据集）		药品代码	261	利托那韦	抗病毒
18.6	传染病监测字典表（适用于国标20个数据集）		药品代码	262	齐多拉米双夫定	抗病毒
18.6	传染病监测字典表（适用于国标20个数据集）		药品代码	263	洛匹那韦	抗病毒
18.6	传染病监测字典表（适用于国标20个数据集）		药品代码	264	阿比多尔	抗病毒
18.6	传染病监测字典表（适用于国标20个数据集）		药品代码	265	重组细胞因子基因衍生蛋白	抗病毒
18.6	传染病监测字典表（适用于国标20个数据集）		药品代码	266	法维拉韦 (又称 :法匹拉韦片)	抗病毒
18.6	传染病监测字典表（适用于国标20个数据集）		药品代码	267	玛巴洛沙韦	抗病毒
18.6	传染病监测字典表（适用于国标20个数据集）		药品代码	268	吲哚美辛	退烧药
18.6	传染病监测字典表（适用于国标20个数据集）		药品代码	271	布洛芬	退烧药
18.6	传染病监测字典表（适用于国标20个数据集）		药品代码	272	小儿布洛芬	退烧药
18.6	传染病监测字典表（适用于国标20个数据集）		药品代码	278	精氨酸布洛芬	退烧药
18.6	传染病监测字典表（适用于国标20个数据集）		药品代码	279	右旋布洛芬	退烧药
18.6	传染病监测字典表（适用于国标20个数据集）		药品代码	280	尼美舒利	退烧药
18.6	传染病监测字典表（适用于国标20个数据集）		药品代码	281	复方阿司匹林	退烧药
18.6	传染病监测字典表（适用于国标20个数据集）		药品代码	282	小儿复方阿司匹林	退烧药
18.6	传染病监测字典表（适用于国标20个数据集）		药品代码	283	赖氨匹林	退烧药
18.6	传染病监测字典表（适用于国标20个数据集）		药品代码	284	安乃近	退烧药
18.6	传染病监测字典表（适用于国标20个数据集）		药品代码	285	对乙酰氨基酚	退烧药
18.6	传染病监测字典表（适用于国标20个数据集）		药品代码	287	小儿对乙酰氨基酚	退烧药
18.6	传染病监测字典表（适用于国标20个数据集）		药品代码	291	复方对乙酰氨基酚	退烧药
18.6	传染病监测字典表（适用于国标20个数据集）		药品代码	292	金刚烷胺	抗生素
18.6	传染病监测字典表（适用于国标20个数据集）		药品代码	293	蒿甲醚	专病用药
18.6	传染病监测字典表（适用于国标20个数据集）		药品代码	294	青蒿素	专病用药
18.6	传染病监测字典表（适用于国标20个数据集）		药品代码	295	吡喹酮	专病用药
18.6	传染病监测字典表（适用于国标20个数据集）		药品代码	296	复方甘草	咳嗽药
18.6	传染病监测字典表（适用于国标20个数据集）		药品代码	298		咳嗽药
18.6	传染病监测字典表（适用于国标20个数据集）		药品代码	303	正柴胡饮颗粒	退烧药
18.6	传染病监测字典表（适用于国标20个数据集）		药品代码	304	正柴胡饮胶囊(合剂)	退烧药
18.6	传染病监测字典表（适用于国标20个数据集）		药品代码	305	柴胡注射液	退烧药
18.6	传染病监测字典表（适用于国标20个数据集）		药品代码	306	通宣理肺丸(片、胶囊、颗粒)	咳嗽药
18.6	传染病监测字典表（适用于国标20个数据集）		药品代码	307	小青龙胶囊(颗粒)	咳嗽药
18.6	传染病监测字典表（适用于国标20个数据集）		药品代码	308	保宁半夏颗粒	咳嗽药
18.6	传染病监测字典表（适用于国标20个数据集）		药品代码	309	二陈丸	咳嗽药
18.6	传染病监测字典表（适用于国标20个数据集）		药品代码	310	橘红痰咳颗粒(煎膏、液)	咳嗽药
18.6	传染病监测字典表（适用于国标20个数据集）		药品代码	311	通宣理肺口服液	咳嗽药
18.6	传染病监测字典表（适用于国标20个数据集）		药品代码	312	杏苏止咳颗粒(糖浆、 口服液)	咳嗽药
18.6	传染病监测字典表（适用于国标20个数据集）		药品代码	313	镇咳宁胶囊(颗粒、 口服液、糖浆)	咳嗽药
18.6	传染病监测字典表（适用于国标20个数据集）		药品代码	314	白百抗痨颗粒	咳嗽药
18.6	传染病监测字典表（适用于国标20个数据集）		药品代码	315	利肺片	咳嗽药
18.6	传染病监测字典表（适用于国标20个数据集）		药品代码	316	杏贝止咳颗粒	咳嗽药
18.6	传染病监测字典表（适用于国标20个数据集）		药品代码	317	祛痰止咳颗粒	咳嗽药
18.6	传染病监测字典表（适用于国标20个数据集）		药品代码	318	蛇胆陈皮散(片、胶囊)	咳嗽药
18.6	传染病监测字典表（适用于国标20个数据集）		药品代码	319	消咳喘片(胶囊、颗粒)	咳嗽药
18.6	传染病监测字典表（适用于国标20个数据集）		药品代码	320	强力枇杷膏(蜜炼)	咳嗽药
18.6	传染病监测字典表（适用于国标20个数据集）		药品代码	321	强力枇杷露(胶囊、颗粒)	咳嗽药
18.6	传染病监测字典表（适用于国标20个数据集）		药品代码	322	金荞麦片(胶囊)	咳嗽药
18.6	传染病监测字典表（适用于国标20个数据集）		药品代码	323	克咳片(胶囊)	咳嗽药
18.6	传染病监测字典表（适用于国标20个数据集）		药品代码	324	祛痰灵口服液	咳嗽药
18.6	传染病监测字典表（适用于国标20个数据集）		药品代码	325	祛痰止咳胶囊	咳嗽药
18.6	传染病监测字典表（适用于国标20个数据集）		药品代码	326	蛇胆陈皮液(口服液)	咳嗽药
18.6	传染病监测字典表（适用于国标20个数据集）		药品代码	327	消咳喘糖浆	咳嗽药
18.6	传染病监测字典表（适用于国标20个数据集）		药品代码	328	宣肺止嗽合剂	咳嗽药
18.6	传染病监测字典表（适用于国标20个数据集）		药品代码	329	止咳丸(片、胶囊)	咳嗽药
18.6	传染病监测字典表（适用于国标20个数据集）		药品代码	330	治咳川贝枇杷露(滴丸)	咳嗽药
18.6	传染病监测字典表（适用于国标20个数据集）		药品代码	331	标准桃金娘油肠溶胶囊	咳嗽药
18.6	传染病监测字典表（适用于国标20个数据集）		药品代码	332	小儿咳喘颗粒	咳嗽药
18.6	传染病监测字典表（适用于国标20个数据集）		药品代码	333	清宣止咳颗粒	咳嗽药
18.6	传染病监测字典表（适用于国标20个数据集）		药品代码	334	急支颗粒	咳嗽药
18.6	传染病监测字典表（适用于国标20个数据集）		药品代码	335	急支糖浆	咳嗽药
18.6	传染病监测字典表（适用于国标20个数据集）		药品代码	336	苏黄止咳胶囊	咳嗽药
18.6	传染病监测字典表（适用于国标20个数据集）		药品代码	337	小儿宣肺止咳颗粒	咳嗽药
18.6	传染病监测字典表（适用于国标20个数据集）		药品代码	338	肺力咳胶囊(合剂)	咳嗽药
18.6	传染病监测字典表（适用于国标20个数据集）		药品代码	339	橘红丸(片、胶囊、颗粒)	咳嗽药
18.6	传染病监测字典表（适用于国标20个数据集）		药品代码	340	蛇胆川贝液	咳嗽药
18.6	传染病监测字典表（适用于国标20个数据集）		药品代码	341	矽肺宁片	咳嗽药
18.6	传染病监测字典表（适用于国标20个数据集）		药品代码	342	百蕊颗粒	咳嗽药
18.6	传染病监测字典表（适用于国标20个数据集）		药品代码	343	川贝枇杷膏(片、胶囊、颗粒、糖浆)	咳嗽药
18.6	传染病监测字典表（适用于国标20个数据集）		药品代码	344	复方鲜竹沥液	咳嗽药
18.6	传染病监测字典表（适用于国标20个数据集）		药品代码	345	金振口服液	咳嗽药
18.6	传染病监测字典表（适用于国标20个数据集）		药品代码	346	牛黄蛇胆川贝液(片、胶囊、散、滴丸)	咳嗽药
18.6	传染病监测字典表（适用于国标20个数据集）		药品代码	347	枇杷止咳胶囊(颗粒、软胶囊)	咳嗽药
18.6	传染病监测字典表（适用于国标20个数据集）		药品代码	348	芩暴红止咳颗粒(口服液)	咳嗽药
18.6	传染病监测字典表（适用于国标20个数据集）		药品代码	349	清肺消炎丸	咳嗽药
18.6	传染病监测字典表（适用于国标20个数据集）		药品代码	350	清气化痰丸	咳嗽药
18.6	传染病监测字典表（适用于国标20个数据集）		药品代码	351	蛇胆川贝枇杷膏	咳嗽药
18.6	传染病监测字典表（适用于国标20个数据集）		药品代码	352	蛇胆川贝散(胶囊、软胶囊)	咳嗽药
18.6	传染病监测字典表（适用于国标20个数据集）		药品代码	353	石椒草咳喘颗粒	咳嗽药
18.6	传染病监测字典表（适用于国标20个数据集）		药品代码	354	小儿肺热清颗粒	咳嗽药
18.6	传染病监测字典表（适用于国标20个数据集）		药品代码	355	小儿咳喘灵颗粒(口服液、合剂)	咳嗽药
18.6	传染病监测字典表（适用于国标20个数据集）		药品代码	356	止咳橘红丸(胶囊、颗粒)	咳嗽药
18.6	传染病监测字典表（适用于国标20个数据集）		药品代码	357	小儿咳嗽宁糖浆	咳嗽药
18.6	传染病监测字典表（适用于国标20个数据集）		药品代码	358	小儿清热宣肺贴膏	咳嗽药
18.6	传染病监测字典表（适用于国标20个数据集）		药品代码	359	麻芩消咳颗粒	咳嗽药
18.6	传染病监测字典表（适用于国标20个数据集）		药品代码	360	射麻口服液	咳嗽药
18.6	传染病监测字典表（适用于国标20个数据集）		药品代码	361	清咳平喘颗粒	咳嗽药
18.6	传染病监测字典表（适用于国标20个数据集）		药品代码	362	小儿肺热咳喘颗粒(口服液)	咳嗽药
18.6	传染病监测字典表（适用于国标20个数据集）		药品代码	363	小儿热咳口服液	咳嗽药
18.6	传染病监测字典表（适用于国标20个数据集）		药品代码	364	止嗽化痰丸(胶囊、颗粒)	咳嗽药
18.6	传染病监测字典表（适用于国标20个数据集）		药品代码	365	麻杏宣肺颗粒	咳嗽药
18.6	传染病监测字典表（适用于国标20个数据集）		药品代码	366	小儿麻甘颗粒	咳嗽药
18.6	传染病监测字典表（适用于国标20个数据集）		药品代码	367	小儿金丹(小儿金丹片)	咳嗽药
18.6	传染病监测字典表（适用于国标20个数据集）		药品代码	368	二母宁嗽丸(片、颗粒)	咳嗽药
18.6	传染病监测字典表（适用于国标20个数据集）		药品代码	369	养阴清肺丸(膏、颗粒、 口服液、糖浆)	咳嗽药
18.6	传染病监测字典表（适用于国标20个数据集）		药品代码	370	润肺膏	咳嗽药
18.6	传染病监测字典表（适用于国标20个数据集）		药品代码	371	蜜炼川贝枇杷膏	咳嗽药
18.6	传染病监测字典表（适用于国标20个数据集）		药品代码	372	小儿清热止咳口服液(合剂、糖浆)	咳嗽药
18.6	传染病监测字典表（适用于国标20个数据集）		药品代码	373	桂龙咳喘宁片(胶囊)	咳嗽药
18.6	传染病监测字典表（适用于国标20个数据集）		药品代码	374	蛤蚧定喘丸	咳嗽药
18.6	传染病监测字典表（适用于国标20个数据集）		药品代码	375	海珠喘息定片	咳嗽药
18.6	传染病监测字典表（适用于国标20个数据集）		药品代码	376	喘可治注射液	咳嗽药
18.6	传染病监测字典表（适用于国标20个数据集）		药品代码	377	丹葶肺心颗粒	咳嗽药
18.6	传染病监测字典表（适用于国标20个数据集）		药品代码	378	定喘膏	咳嗽药
18.6	传染病监测字典表（适用于国标20个数据集）		药品代码	379	复方川贝精片(胶囊)	咳嗽药
18.6	传染病监测字典表（适用于国标20个数据集）		药品代码	380	固本咳喘片(胶囊、颗粒)	咳嗽药
18.6	传染病监测字典表（适用于国标20个数据集）		药品代码	381	固肾定喘丸	咳嗽药
18.6	传染病监测字典表（适用于国标20个数据集）		药品代码	382	桂龙咳喘宁颗粒	咳嗽药
18.6	传染病监测字典表（适用于国标20个数据集）		药品代码	383	蛤蚧定喘胶囊	咳嗽药
18.6	传染病监测字典表（适用于国标20个数据集）		药品代码	384	黑锡丹	咳嗽药
18.6	传染病监测字典表（适用于国标20个数据集）		药品代码	385	咳喘宁、咳喘宁片(胶囊、颗粒、合剂、 口服液)	咳嗽药
18.6	传染病监测字典表（适用于国标20个数据集）		药品代码	386	咳喘顺丸	咳嗽药
18.6	传染病监测字典表（适用于国标20个数据集）		药品代码	387	苓桂咳喘宁胶囊	咳嗽药
18.6	传染病监测字典表（适用于国标20个数据集）		药品代码	388	三拗片	咳嗽药
18.6	传染病监测字典表（适用于国标20个数据集）		药品代码	389	苏子降气丸	咳嗽药
18.6	传染病监测字典表（适用于国标20个数据集）		药品代码	390	小儿定喘口服液	咳嗽药
18.6	传染病监测字典表（适用于国标20个数据集）		药品代码	391	小儿肺咳颗粒	咳嗽药
18.6	传染病监测字典表（适用于国标20个数据集）		药品代码	392	哮喘丸	咳嗽药
18.6	传染病监测字典表（适用于国标20个数据集）		药品代码	393	止喘灵口服液	咳嗽药
18.6	传染病监测字典表（适用于国标20个数据集）		药品代码	394	止喘灵注射液	咳嗽药
18.6	传染病监测字典表（适用于国标20个数据集）		药品代码	395	丹龙口服液	咳嗽药
18.6	传染病监测字典表（适用于国标20个数据集）		药品代码	396	小儿消积止咳口服液	咳嗽药
18.6	传染病监测字典表（适用于国标20个数据集）		药品代码	397	小儿消积止咳颗粒	咳嗽药
18.6	传染病监测字典表（适用于国标20个数据集）		药品代码	398	半夏和胃颗粒	止咳
18.6	传染病监测字典表（适用于国标20个数据集）		药品代码	399	半夏天麻丸	咳嗽药
18.6	传染病监测字典表（适用于国标20个数据集）		药品代码	400	来迪派韦索磷布韦片	抗病毒
18.6	传染病监测字典表（适用于国标20个数据集）		药品代码	401	索磷布韦维帕他韦片	抗病毒
18.6	传染病监测字典表（适用于国标20个数据集）		药品代码	402	索磷维伏片	抗病毒
18.6	传染病监测字典表（适用于国标20个数据集）		药品代码	403	盐酸可洛派韦胶囊	抗病毒
18.6	传染病监测字典表（适用于国标20个数据集）		药品代码	404	达诺瑞韦钠片	抗病毒
18.6	传染病监测字典表（适用于国标20个数据集）		药品代码	405	盐酸拉维达韦片	抗病毒
18.6	传染病监测字典表（适用于国标20个数据集）		药品代码	406	磷酸依米他韦胶囊	抗病毒
18.6	传染病监测字典表（适用于国标20个数据集）		药品代码	407	奥磷布韦片	抗病毒
18.6	传染病监测字典表（适用于国标20个数据集）		药品代码	408	替诺福韦酯	抗病毒
18.6	传染病监测字典表（适用于国标20个数据集）		药品代码	409	艾米替诺福韦	抗病毒
18.6	传染病监测字典表（适用于国标20个数据集）		药品代码	410	艾尔巴韦格拉瑞韦	抗病毒
18.6	传染病监测字典表（适用于国标20个数据集）		药品代码	411	可洛派韦	抗病毒
18.6	传染病监测字典表（适用于国标20个数据集）		药品代码	412	索磷布韦	抗病毒
18.6	传染病监测字典表（适用于国标20个数据集）		药品代码	413	拉维达韦	抗病毒
18.6	传染病监测字典表（适用于国标20个数据集）		药品代码	414	依米他韦	抗病毒
18.6	传染病监测字典表（适用于国标20个数据集）		药品代码	415	格卡瑞韦哌仑他韦	抗病毒
18.6	传染病监测字典表（适用于国标20个数据集）		药品代码	416	达拉他韦	抗病毒
18.6	传染病监测字典表（适用于国标20个数据集）		药品代码	417	索磷布韦维帕他韦伏西瑞韦	抗病毒
18.6	传染病监测字典表（适用于国标20个数据集）		药品代码	418	阿舒瑞韦	抗病毒
18.6	传染病监测字典表（适用于国标20个数据集）		药品代码	419	奥比帕利	抗病毒
18.6	传染病监测字典表（适用于国标20个数据集）		药品代码	420	达塞布韦	抗病毒
18.6	传染病监测字典表（适用于国标20个数据集）		药品代码	421	聚乙二醇干扰素α乙二醇	抗病毒
18.6	传染病监测字典表（适用于国标20个数据集）		药品代码	422	聚乙二醇干扰素α乙二醇	抗病毒
18.6	传染病监测字典表（适用于国标20个数据集）		药品代码	423	人干扰素α2a[重组人干扰素α-2a(酵母)]	抗病毒
18.6	传染病监测字典表（适用于国标20个数据集）		药品代码	424	人干扰素α2b[重组人干扰素α-2b(酵母)]	抗病毒
18.6	传染病监测字典表（适用于国标20个数据集）		药品代码	500	卡那霉素	抗生素
18.6	传染病监测字典表（适用于国标20个数据集）		药品代码	501	普瑞马尼	抗生素
18.6	传染病监测字典表（适用于国标20个数据集）		药品代码	600	阿巴卡韦ABC	抗病毒
18.6	传染病监测字典表（适用于国标20个数据集）		药品代码	602	艾可宁/艾博卫泰	抗病毒
18.6	传染病监测字典表（适用于国标20个数据集）		药品代码	603	阿扎那韦ATV	抗病毒
18.6	传染病监测字典表（适用于国标20个数据集）		药品代码	604	双汰芝/双夫定（AZT/3TC）	抗病毒
18.6	传染病监测字典表（适用于国标20个数据集）		药品代码	605	三协唯Trizivir（AZT/3TC/ABC）	抗病毒
18.6	传染病监测字典表（适用于国标20个数据集）		药品代码	606	必妥维/比克恩丙诺（BIC/FTC/TAF）	抗病毒
18.6	传染病监测字典表（适用于国标20个数据集）		药品代码	607	司他夫定D4T	抗病毒
18.6	传染病监测字典表（适用于国标20个数据集）		药品代码	608	司他夫定D4T-	抗病毒
18.6	传染病监测字典表（适用于国标20个数据集）		药品代码	609	去羟肌苷DDI	抗病毒
18.6	传染病监测字典表（适用于国标20个数据集）		药品代码	610	地拉韦定DLV	抗病毒
18.6	传染病监测字典表（适用于国标20个数据集）		药品代码	611	达芦那韦DRV	抗病毒
18.6	传染病监测字典表（适用于国标20个数据集）		药品代码	612	地瑞那韦DRV	抗病毒
18.6	传染病监测字典表（适用于国标20个数据集）		药品代码	613	普泽力（DRV/c）	抗病毒
18.6	传染病监测字典表（适用于国标20个数据集）		药品代码	614	多替拉韦DTG	抗病毒
18.6	传染病监测字典表（适用于国标20个数据集）		药品代码	615	Viropil韦润普/替拉多（DTG/3TC/TDF）	抗病毒
18.6	传染病监测字典表（适用于国标20个数据集）		药品代码	616	绥美凯/多替阿巴拉米（DTG/ABC/3TC）	抗病毒
18.6	传染病监测字典表（适用于国标20个数据集）		药品代码	617	依非韦伦EFV	抗病毒
18.6	传染病监测字典表（适用于国标20个数据集）		药品代码	618	Atripla（EFV/FTC/TDF）	抗病毒
18.6	传染病监测字典表（适用于国标20个数据集）		药品代码	619	捷扶康/艾考恩丙替片（EVG/c/FTC/TAF）	抗病毒
18.6	传染病监测字典表（适用于国标20个数据集）		药品代码	620	福沙那韦FPV-	抗病毒
18.6	传染病监测字典表（适用于国标20个数据集）		药品代码	621	福沙那韦FPV	抗病毒
18.6	传染病监测字典表（适用于国标20个数据集）		药品代码	622	达可挥（FTC/TAF）	抗病毒
18.6	传染病监测字典表（适用于国标20个数据集）		药品代码	623	Truvada舒发泰（FTC/TDF）	抗病毒
18.6	传染病监测字典表（适用于国标20个数据集）		药品代码	624	茚地那韦IDV	抗病毒
18.6	传染病监测字典表（适用于国标20个数据集）		药品代码	625	马拉韦罗MVC	抗病毒
18.6	传染病监测字典表（适用于国标20个数据集）		药品代码	626	奈非那韦NFV	抗病毒
18.6	传染病监测字典表（适用于国标20个数据集）		药品代码	627	奈韦拉平NVP	抗病毒
18.6	传染病监测字典表（适用于国标20个数据集）		药品代码	629	拉替拉韦RAL	抗病毒
18.6	传染病监测字典表（适用于国标20个数据集）		药品代码	630	Odefsey（RPV/FTC/TAF）	抗病毒
18.6	传染病监测字典表（适用于国标20个数据集）		药品代码	631	沙奎那韦SQV	抗病毒
18.6	传染病监测字典表（适用于国标20个数据集）		药品代码	632	替诺福韦艾拉酚胺TAF	抗病毒
18.6	传染病监测字典表（适用于国标20个数据集）		药品代码	633	克西他夫/斯佩格（DTG/FTC/TAF）	抗病毒
18.6	传染病监测字典表（适用于国标20个数据集）		药品代码	634	替诺福韦TDF-	抗病毒
18.6	传染病监测字典表（适用于国标20个数据集）		药品代码	635	Stribild(TDF/FTC/EVG/cobi)	抗病毒
18.6	传染病监测字典表（适用于国标20个数据集）		药品代码	636	克力芝(LPV/r)	抗病毒
18.7	传染病监测字典表（适用于国标20个数据集）		检查类别代码	10	影像学检查	
18.7	传染病监测字典表（适用于国标20个数据集）		检查类别代码	11	病理学检查	
18.7	传染病监测字典表（适用于国标20个数据集）		检查类别代码	99	其它	
18.8	传染病监测字典表（适用于国标20个数据集）		检查项目代码	1001	磁共振	
18.8	传染病监测字典表（适用于国标20个数据集）		检查项目代码	1002	B超扫描	
18.8	传染病监测字典表（适用于国标20个数据集）		检查项目代码	1003	X线检查	
18.8	传染病监测字典表（适用于国标20个数据集）		检查项目代码	1004	胸片	
18.8	传染病监测字典表（适用于国标20个数据集）		检查项目代码	1005	计算机断层扫描（CT）	
18.8	传染病监测字典表（适用于国标20个数据集）		检查项目代码	1006	胸透	
18.8	传染病监测字典表（适用于国标20个数据集）		检查项目代码	1099	其它	
18.9	传染病监测字典表（适用于国标20个数据集）		检查结果代码	01	未见异常	
18.9	传染病监测字典表（适用于国标20个数据集）		检查结果代码	02	异常	
18.9	传染病监测字典表（适用于国标20个数据集）		检查结果代码	03	不确定	
18.10	传染病监测字典表（适用于国标20个数据集）		检验结果代码	01	阳性	定性结果
18.10	传染病监测字典表（适用于国标20个数据集）		检验结果代码	02	阴性	定性结果
18.10	传染病监测字典表（适用于国标20个数据集）		检验结果代码	03	污染	定性结果
18.10	传染病监测字典表（适用于国标20个数据集）		检验结果代码	04	强阳性	定性结果
18.10	传染病监测字典表（适用于国标20个数据集）		检验结果代码	05	弱阳性	定性结果
18.10	传染病监测字典表（适用于国标20个数据集）		检验结果代码	06	检出	定性结果
18.10	传染病监测字典表（适用于国标20个数据集）		检验结果代码	07	未检出	定性结果
18.10	传染病监测字典表（适用于国标20个数据集）		检验结果代码	08	未发现耐药	定性结果。适用于艾滋病耐药检测结果
18.10	传染病监测字典表（适用于国标20个数据集）		检验结果代码	09	P潜在耐药	定性结果。适用于艾滋病耐药检测结果
18.10	传染病监测字典表（适用于国标20个数据集）		检验结果代码	10	L低度耐药	定性结果。适用于艾滋病耐药检测结果
18.10	传染病监测字典表（适用于国标20个数据集）		检验结果代码	11	I中度耐药	定性结果。适用于艾滋病耐药检测结果
18.10	传染病监测字典表（适用于国标20个数据集）		检验结果代码	12	H高度耐药	定性结果。适用于艾滋病耐药检测结果
18.10	传染病监测字典表（适用于国标20个数据集）		检验结果代码	13	I可能耐药	定性结果。适用于艾滋病耐药检测结果
18.10	传染病监测字典表（适用于国标20个数据集）		检验结果代码	14	R显示耐药	定性结果。适用于艾滋病耐药检测结果
18.10	传染病监测字典表（适用于国标20个数据集）		检验结果代码	15	敏感	定性结果。适用于结核分枝杆菌药敏试验结果
18.10	传染病监测字典表（适用于国标20个数据集）		检验结果代码	16	耐药	定性结果。适用于结核分枝杆菌药敏试验结果
18.10	传染病监测字典表（适用于国标20个数据集）		检验结果代码	17	结核分枝杆菌	定性结果。适用于分枝杆菌菌种鉴定结果
18.10	传染病监测字典表（适用于国标20个数据集）		检验结果代码	18	非结核分枝杆菌	定性结果。适用于分枝杆菌菌种鉴定结果
18.10	传染病监测字典表（适用于国标20个数据集）		检验结果代码	19	未检测到分枝杆菌	定性结果。适用于分枝杆菌菌种鉴定结果
18.10	传染病监测字典表（适用于国标20个数据集）		检验结果代码	20	未获得试验结果	定性结果。适用于分枝杆菌菌种鉴定结果
18.11	传染病监测字典表（适用于国标20个数据集）		传染病诊断ICD10代码	鼠疫	A20	
18.11	传染病监测字典表（适用于国标20个数据集）		传染病诊断ICD10代码	霍乱	A00	
18.11	传染病监测字典表（适用于国标20个数据集）		传染病诊断ICD10代码	甲肝	B15.0、B15.900、B15.901、B15.903、B15.905	
18.11	传染病监测字典表（适用于国标20个数据集）		传染病诊断ICD10代码	乙肝	B16、B17.0、B18.0、B18.1	
18.11	传染病监测字典表（适用于国标20个数据集）		传染病诊断ICD10代码	丙肝	B17.1、B18.2	
18.11	传染病监测字典表（适用于国标20个数据集）		传染病诊断ICD10代码	丁肝	B17.8、B18.8、B18.9	
18.11	传染病监测字典表（适用于国标20个数据集）		传染病诊断ICD10代码	戊肝	B17.2	
18.11	传染病监测字典表（适用于国标20个数据集）		传染病诊断ICD10代码	肝炎（未分型）	B19	
18.11	传染病监测字典表（适用于国标20个数据集）		传染病诊断ICD10代码	细菌性痢疾	A03	
18.11	传染病监测字典表（适用于国标20个数据集）		传染病诊断ICD10代码	阿米巴性痢疾	A06.0	
18.11	传染病监测字典表（适用于国标20个数据集）		传染病诊断ICD10代码	伤 寒	A01.0	
18.11	传染病监测字典表（适用于国标20个数据集）		传染病诊断ICD10代码	副伤寒	A01.1、A01.2、A01.3、A01.4	
18.11	传染病监测字典表（适用于国标20个数据集）		传染病诊断ICD10代码	艾滋病	B24	
18.11	传染病监测字典表（适用于国标20个数据集）		传染病诊断ICD10代码	HIV	B20、B21、B22、B23	
18.11	传染病监测字典表（适用于国标20个数据集）		传染病诊断ICD10代码	淋病	A54	
18.11	传染病监测字典表（适用于国标20个数据集）		传染病诊断ICD10代码	Ⅰ期梅毒	A51.0、A51.1、A51.2、A51.5、A51.9	
18.11	传染病监测字典表（适用于国标20个数据集）		传染病诊断ICD10代码	Ⅱ期梅毒	A51.3、A51.4	
18.11	传染病监测字典表（适用于国标20个数据集）		传染病诊断ICD10代码	III期梅毒	A52	
18.11	传染病监测字典表（适用于国标20个数据集）		传染病诊断ICD10代码	胎传梅毒	A50	
18.11	传染病监测字典表（适用于国标20个数据集）		传染病诊断ICD10代码	隐性梅毒	A53.0	
18.11	传染病监测字典表（适用于国标20个数据集）		传染病诊断ICD10代码	脊灰	A80	
18.11	传染病监测字典表（适用于国标20个数据集）		传染病诊断ICD10代码	麻疹	B05	
18.11	传染病监测字典表（适用于国标20个数据集）		传染病诊断ICD10代码	百日咳	A37	
18.11	传染病监测字典表（适用于国标20个数据集）		传染病诊断ICD10代码	白喉	A36	
18.11	传染病监测字典表（适用于国标20个数据集）		传染病诊断ICD10代码	流脑	A39.0	
18.11	传染病监测字典表（适用于国标20个数据集）		传染病诊断ICD10代码	猩红热	A38	
18.11	传染病监测字典表（适用于国标20个数据集）		传染病诊断ICD10代码	出血热	A98.5	
18.11	传染病监测字典表（适用于国标20个数据集）		传染病诊断ICD10代码	狂犬病	A82	
18.11	传染病监测字典表（适用于国标20个数据集）		传染病诊断ICD10代码	钩体病	A27	
18.11	传染病监测字典表（适用于国标20个数据集）		传染病诊断ICD10代码	布病	A23	
18.11	传染病监测字典表（适用于国标20个数据集）		传染病诊断ICD10代码	肺炭疽	A22.1	
18.11	传染病监测字典表（适用于国标20个数据集）		传染病诊断ICD10代码	皮肤炭疽	A22.0	
18.11	传染病监测字典表（适用于国标20个数据集）		传染病诊断ICD10代码	炭疽（未分型）	A22.2、A22.3、A22.4、A22.5、A22.6、A22.7、A22.8、A22.9	
18.11	传染病监测字典表（适用于国标20个数据集）		传染病诊断ICD10代码	斑疹伤寒	A75.0、A75.1、A75.2、A75.9	
18.11	传染病监测字典表（适用于国标20个数据集）		传染病诊断ICD10代码	乙脑	A83.0	
18.11	传染病监测字典表（适用于国标20个数据集）		传染病诊断ICD10代码	黑热病	B55.0	
18.11	传染病监测字典表（适用于国标20个数据集）		传染病诊断ICD10代码	间日疟	B51	
18.11	传染病监测字典表（适用于国标20个数据集）		传染病诊断ICD10代码	恶性疟	B50	
18.11	传染病监测字典表（适用于国标20个数据集）		传染病诊断ICD10代码	疟疾（未分型）	B53、B54	
18.11	传染病监测字典表（适用于国标20个数据集）		传染病诊断ICD10代码	登革热	A90	
18.11	传染病监测字典表（适用于国标20个数据集）		传染病诊断ICD10代码	新生儿破伤风	A33	
18.11	传染病监测字典表（适用于国标20个数据集）		传染病诊断ICD10代码	传染性非典	U04	
18.11	传染病监测字典表（适用于国标20个数据集）		传染病诊断ICD10代码	血吸虫病	B65.2	
18.11	传染病监测字典表（适用于国标20个数据集）		传染病诊断ICD10代码	丝虫病	B74	
18.11	传染病监测字典表（适用于国标20个数据集）		传染病诊断ICD10代码	包虫病	B67	
18.11	传染病监测字典表（适用于国标20个数据集）		传染病诊断ICD10代码	麻风病	A30	
18.11	传染病监测字典表（适用于国标20个数据集）		传染病诊断ICD10代码	流行性感冒	J10、J11	
18.11	传染病监测字典表（适用于国标20个数据集）		传染病诊断ICD10代码	流行性腮腺炎	B26	
18.11	传染病监测字典表（适用于国标20个数据集）		传染病诊断ICD10代码	风疹	B06	
18.11	传染病监测字典表（适用于国标20个数据集）		传染病诊断ICD10代码	急性出血性结膜炎	B30.3	
18.11	传染病监测字典表（适用于国标20个数据集）		传染病诊断ICD10代码	其它感染性腹泻病	A09.0	
18.11	传染病监测字典表（适用于国标20个数据集）		传染病诊断ICD10代码	手足口病	B08.4	
18.11	传染病监测字典表（适用于国标20个数据集）		传染病诊断ICD10代码	猴痘	B04	
18.11	传染病监测字典表（适用于国标20个数据集）		传染病诊断ICD10代码	人感染高致病性禽流感	J09.x01	
18.11	传染病监测字典表（适用于国标20个数据集）		传染病诊断ICD10代码	人感染H7N9禽流感	J09.x02	
18.11	传染病监测字典表（适用于国标20个数据集）		传染病诊断ICD10代码	新型冠状病毒感染	U07.10	
18.11	传染病监测字典表（适用于国标20个数据集）		传染病诊断ICD10代码	非淋菌性尿道炎	N34.10	
18.11	传染病监测字典表（适用于国标20个数据集）		传染病诊断ICD10代码	尖锐湿疣	A63.0	
18.11	传染病监测字典表（适用于国标20个数据集）		传染病诊断ICD10代码	生殖器疱疹	A60.0 A60.9	
18.11	传染病监测字典表（适用于国标20个数据集）		传染病诊断ICD10代码	不明原因肺炎	U09	
18.11	传染病监测字典表（适用于国标20个数据集）		传染病诊断ICD10代码	不明原因	U99	
18.11	传染病监测字典表（适用于国标20个数据集）		传染病诊断ICD10代码	水痘	B01.00+、B01.10+、B01.20+、B01.80、B01.90	
18.11	传染病监测字典表（适用于国标20个数据集）		传染病诊断ICD10代码	森林脑炎	A84.0	
18.11	传染病监测字典表（适用于国标20个数据集）		传染病诊断ICD10代码	人感染猪链球菌	A28.80	
18.11	传染病监测字典表（适用于国标20个数据集）		传染病诊断ICD10代码	生殖道沙眼衣原体感染	A56.00	
18.11	传染病监测字典表（适用于国标20个数据集）		传染病诊断ICD10代码	肝吸虫病	B66.10	
18.11	传染病监测字典表（适用于国标20个数据集）		传染病诊断ICD10代码	恙虫病	A75.3	
18.11	传染病监测字典表（适用于国标20个数据集）		传染病诊断ICD10代码	人粒细胞无形体病	A92.0	
18.11	传染病监测字典表（适用于国标20个数据集）		传染病诊断ICD10代码	发热伴血小板减少综合征	A92.4	
18.11	传染病监测字典表（适用于国标20个数据集）		传染病诊断ICD10代码	其它	D49.9、H95.9、L99.9、R94.9	
18.11	传染病监测字典表（适用于国标20个数据集）		传染病诊断ICD10代码	其它疾病	B99、B99.0+	
18.11	传染病监测字典表（适用于国标20个数据集）		传染病诊断ICD10代码	AFP	A80.9、G81.0、G82.0、G82.3	
18.11	传染病监测字典表（适用于国标20个数据集）		传染病诊断ICD10代码	儿童不明原因急性肝炎	B15.902	
18.11	传染病监测字典表（适用于国标20个数据集）		传染病诊断ICD10代码	人感染动物源性流感-H3N8	J09.A38	
18.11	传染病监测字典表（适用于国标20个数据集）		传染病诊断ICD10代码	人感染动物源性流感-H5N6	J09.A56	
18.11	传染病监测字典表（适用于国标20个数据集）		传染病诊断ICD10代码	人感染动物源性流感-H5N8	J09.A58	
18.11	传染病监测字典表（适用于国标20个数据集）		传染病诊断ICD10代码	人感染动物源性流感-H7N4	J09.A74	
18.11	传染病监测字典表（适用于国标20个数据集）		传染病诊断ICD10代码	人感染动物源性流感-H9N2	J09.A92	
18.11	传染病监测字典表（适用于国标20个数据集）		传染病诊断ICD10代码	人感染动物源性流感-H10N3	J09.A103	
18.11	传染病监测字典表（适用于国标20个数据集）		传染病诊断ICD10代码	人感染动物源性流感-H10N8	J09.A108	
18.11	传染病监测字典表（适用于国标20个数据集）		传染病诊断ICD10代码	人感染动物源性流感-欧亚类禽H1N1	J09.SA11	
18.11	传染病监测字典表（适用于国标20个数据集）		传染病诊断ICD10代码	人感染动物源性流感-其他亚型	J09.x03、J09.x04、J09.x05	
18.11	传染病监测字典表（适用于国标20个数据集）		传染病诊断ICD10代码	人呼吸道合胞病毒感染	J12.1、J20.5、J21.0、B97.4	
18.11	传染病监测字典表（适用于国标20个数据集）		传染病诊断ICD10代码	猴痘（乙管前）	B04	
18.11	传染病监测字典表（适用于国标20个数据集）		传染病诊断ICD10代码	中东呼吸综合征（MERS）	B34.2	
18.11	传染病监测字典表（适用于国标20个数据集）		传染病诊断ICD10代码	埃博拉出血热	A98.4	
18.11	传染病监测字典表（适用于国标20个数据集）		传染病诊断ICD10代码	寨卡病毒病	A92.5	
18.11	传染病监测字典表（适用于国标20个数据集）		传染病诊断ICD10代码	肺结核-继发	A15.0、A15.1、A15.2、 A15.3、 A16.0 、A16.1 、A16.2 、A15.4、 A16.3	
18.11	传染病监测字典表（适用于国标20个数据集）		传染病诊断ICD10代码	肺结核-原发	A15.7 、A16.7	
18.11	传染病监测字典表（适用于国标20个数据集）		传染病诊断ICD10代码	肺结核-气管支气管	A15.501、 A15.504、 A16.403	
18.11	传染病监测字典表（适用于国标20个数据集）		传染病诊断ICD10代码	肺结核-结核性胸膜炎	A15.6 、A16.5	
18.11	传染病监测字典表（适用于国标20个数据集）		传染病诊断ICD10代码	肺结核-血行播散	A19	
18.11	传染病监测字典表（适用于国标20个数据集）		传染病诊断ICD10代码	其他呼吸系统结核	A15.8、 A15.9、 A16.8 、A16.9、 A15.502 、A15.503、 A16.401、 A16.402、 A16.404	
18.11	传染病监测字典表（适用于国标20个数据集）		传染病诊断ICD10代码	运动系统结核	A18.0 、A18.802、 A18.825、 A18.827、 A18.828、 A18.829 、A18.831、 A18.832 、A18.833	
18.11	传染病监测字典表（适用于国标20个数据集）		传染病诊断ICD10代码	消化系统结核	A18.3 、A18.813+、A18.814+、A18.817+、 A18.821+	
18.11	传染病监测字典表（适用于国标20个数据集）		传染病诊断ICD10代码	泌尿生殖系统结核	A18.1	
18.11	传染病监测字典表（适用于国标20个数据集）		传染病诊断ICD10代码	内分泌系统结核	A18.7 、A18.801、 A18.804+、A18.805+	
18.11	传染病监测字典表（适用于国标20个数据集）		传染病诊断ICD10代码	淋巴系统结核	A18.2	
18.11	传染病监测字典表（适用于国标20个数据集）		传染病诊断ICD10代码	神经系统结核	A17	
18.11	传染病监测字典表（适用于国标20个数据集）		传染病诊断ICD10代码	循环系统结核	A18.807+、A18.808+、A18.809+、A18.810+、A18.812+	
18.11	传染病监测字典表（适用于国标20个数据集）		传染病诊断ICD10代码	皮肤结核	A18.4	
18.11	传染病监测字典表（适用于国标20个数据集）		传染病诊断ICD10代码	眼结核	A18.5	
18.11	传染病监测字典表（适用于国标20个数据集）		传染病诊断ICD10代码	耳结核	A18.6	
18.11	传染病监测字典表（适用于国标20个数据集）		传染病诊断ICD10代码	口腔结核	A18.818+、A18.819+、A18.822+	
18.11	传染病监测字典表（适用于国标20个数据集）		传染病诊断ICD10代码	结缔组织结核	A18.824+	
18.12	传染病监测字典表（适用于国标20个数据集）		国籍代码	004	阿富汗	
18.12	传染病监测字典表（适用于国标20个数据集）		国籍代码	008	阿尔巴尼亚	
18.12	传染病监测字典表（适用于国标20个数据集）		国籍代码	010	南极洲	
18.12	传染病监测字典表（适用于国标20个数据集）		国籍代码	012	阿尔及利亚	
18.12	传染病监测字典表（适用于国标20个数据集）		国籍代码	016	美属萨摩亚	
18.12	传染病监测字典表（适用于国标20个数据集）		国籍代码	020	安道尔	
18.12	传染病监测字典表（适用于国标20个数据集）		国籍代码	024	安哥拉	
18.12	传染病监测字典表（适用于国标20个数据集）		国籍代码	028	安提瓜和巴布达	
18.12	传染病监测字典表（适用于国标20个数据集）		国籍代码	031	阿塞拜疆	
18.12	传染病监测字典表（适用于国标20个数据集）		国籍代码	032	阿根廷	
18.12	传染病监测字典表（适用于国标20个数据集）		国籍代码	036	澳大利亚	
18.12	传染病监测字典表（适用于国标20个数据集）		国籍代码	040	奥地利	
18.12	传染病监测字典表（适用于国标20个数据集）		国籍代码	044	巴哈马	
18.12	传染病监测字典表（适用于国标20个数据集）		国籍代码	048	巴林	
18.12	传染病监测字典表（适用于国标20个数据集）		国籍代码	050	孟加拉国	
18.12	传染病监测字典表（适用于国标20个数据集）		国籍代码	051	亚美尼亚	
18.12	传染病监测字典表（适用于国标20个数据集）		国籍代码	052	巴巴多斯	
18.12	传染病监测字典表（适用于国标20个数据集）		国籍代码	056	比利时	
18.12	传染病监测字典表（适用于国标20个数据集）		国籍代码	060	百慕大	
18.12	传染病监测字典表（适用于国标20个数据集）		国籍代码	064	不丹	
18.12	传染病监测字典表（适用于国标20个数据集）		国籍代码	068	玻利维亚	
18.12	传染病监测字典表（适用于国标20个数据集）		国籍代码	070	波斯尼亚和黑塞哥维那	较《GB/T 2659-2000国籍代码》值含义变化
18.12	传染病监测字典表（适用于国标20个数据集）		国籍代码	072	博茨瓦纳	
18.12	传染病监测字典表（适用于国标20个数据集）		国籍代码	074	布韦岛	较《GB/T 2659-2000国籍代码》值含义变化
18.12	传染病监测字典表（适用于国标20个数据集）		国籍代码	076	巴西	
18.12	传染病监测字典表（适用于国标20个数据集）		国籍代码	084	伯利兹	
18.12	传染病监测字典表（适用于国标20个数据集）		国籍代码	086	英属印度洋领地	
18.12	传染病监测字典表（适用于国标20个数据集）		国籍代码	090	所罗门群岛	
18.12	传染病监测字典表（适用于国标20个数据集）		国籍代码	092	英属维尔京群岛	
18.12	传染病监测字典表（适用于国标20个数据集）		国籍代码	096	文莱	
18.12	传染病监测字典表（适用于国标20个数据集）		国籍代码	100	保加利亚	
18.12	传染病监测字典表（适用于国标20个数据集）		国籍代码	104	缅甸	
18.12	传染病监测字典表（适用于国标20个数据集）		国籍代码	108	布隆迪	
18.12	传染病监测字典表（适用于国标20个数据集）		国籍代码	112	白俄罗斯	
18.12	传染病监测字典表（适用于国标20个数据集）		国籍代码	116	柬埔寨	
18.12	传染病监测字典表（适用于国标20个数据集）		国籍代码	120	喀麦隆	
18.12	传染病监测字典表（适用于国标20个数据集）		国籍代码	124	加拿大	
18.12	传染病监测字典表（适用于国标20个数据集）		国籍代码	132	佛得角	
18.12	传染病监测字典表（适用于国标20个数据集）		国籍代码	136	开曼群岛	
18.12	传染病监测字典表（适用于国标20个数据集）		国籍代码	140	中非共和国	较《GB/T 2659-2000国籍代码》值含义变化
18.12	传染病监测字典表（适用于国标20个数据集）		国籍代码	144	斯里兰卡	
18.12	传染病监测字典表（适用于国标20个数据集）		国籍代码	148	乍得	
18.12	传染病监测字典表（适用于国标20个数据集）		国籍代码	152	智利	
18.12	传染病监测字典表（适用于国标20个数据集）		国籍代码	156	中国	随传染病报告卡输入来源地字段上报时，不可使用
18.12	传染病监测字典表（适用于国标20个数据集）		国籍代码	158	中国台湾	
18.12	传染病监测字典表（适用于国标20个数据集）		国籍代码	162	圣诞岛	
18.12	传染病监测字典表（适用于国标20个数据集）		国籍代码	166	科科斯（基灵）群岛	较《GB/T 2659-2000国籍代码》值含义变化
18.12	传染病监测字典表（适用于国标20个数据集）		国籍代码	170	哥伦比亚	
18.12	传染病监测字典表（适用于国标20个数据集）		国籍代码	174	科摩罗	
18.12	传染病监测字典表（适用于国标20个数据集）		国籍代码	175	马约特	
18.12	传染病监测字典表（适用于国标20个数据集）		国籍代码	178	刚果（布）	
18.12	传染病监测字典表（适用于国标20个数据集）		国籍代码	180	刚果（金）	
18.12	传染病监测字典表（适用于国标20个数据集）		国籍代码	184	库克群岛	
18.12	传染病监测字典表（适用于国标20个数据集）		国籍代码	188	哥斯达黎加	
18.12	传染病监测字典表（适用于国标20个数据集）		国籍代码	191	克罗地亚	
18.12	传染病监测字典表（适用于国标20个数据集）		国籍代码	192	古巴	
18.12	传染病监测字典表（适用于国标20个数据集）		国籍代码	196	塞浦路斯	
18.12	传染病监测字典表（适用于国标20个数据集）		国籍代码	203	捷克	
18.12	传染病监测字典表（适用于国标20个数据集）		国籍代码	204	贝宁	
18.12	传染病监测字典表（适用于国标20个数据集）		国籍代码	208	丹麦	
18.12	传染病监测字典表（适用于国标20个数据集）		国籍代码	212	多米尼克	
18.12	传染病监测字典表（适用于国标20个数据集）		国籍代码	214	多米尼加	
18.12	传染病监测字典表（适用于国标20个数据集）		国籍代码	218	厄瓜多尔	
18.12	传染病监测字典表（适用于国标20个数据集）		国籍代码	222	萨尔瓦多	
18.12	传染病监测字典表（适用于国标20个数据集）		国籍代码	226	赤道几内亚	
18.12	传染病监测字典表（适用于国标20个数据集）		国籍代码	231	埃塞俄比亚	
18.12	传染病监测字典表（适用于国标20个数据集）		国籍代码	232	厄立特里亚	
18.12	传染病监测字典表（适用于国标20个数据集）		国籍代码	233	爱沙尼亚	
18.12	传染病监测字典表（适用于国标20个数据集）		国籍代码	234	法罗群岛	
18.12	传染病监测字典表（适用于国标20个数据集）		国籍代码	238	福克兰群岛（又称马尔维纳斯群岛）	较《GB/T 2659-2000国籍代码》值含义变化
18.12	传染病监测字典表（适用于国标20个数据集）		国籍代码	239	南乔治亚岛和南桑威奇群岛	较《GB/T 2659-2000国籍代码》值含义变化
18.12	传染病监测字典表（适用于国标20个数据集）		国籍代码	242	斐济	
18.12	传染病监测字典表（适用于国标20个数据集）		国籍代码	246	芬兰	
18.12	传染病监测字典表（适用于国标20个数据集）		国籍代码	248	奥兰群岛（芬兰自治省）	较《GB/T 2659-2000国籍代码》新增
18.12	传染病监测字典表（适用于国标20个数据集）		国籍代码	250	法国	
18.12	传染病监测字典表（适用于国标20个数据集）		国籍代码	254	法属圭亚那	
18.12	传染病监测字典表（适用于国标20个数据集）		国籍代码	258	法属波利尼西亚	
18.12	传染病监测字典表（适用于国标20个数据集）		国籍代码	260	法属南部领地	
18.12	传染病监测字典表（适用于国标20个数据集）		国籍代码	262	吉布提	
18.12	传染病监测字典表（适用于国标20个数据集）		国籍代码	266	加蓬	
18.12	传染病监测字典表（适用于国标20个数据集）		国籍代码	268	格鲁吉亚	
18.12	传染病监测字典表（适用于国标20个数据集）		国籍代码	270	冈比亚	
18.12	传染病监测字典表（适用于国标20个数据集）		国籍代码	275	巴勒斯坦国	较《GB/T 2659-2000国籍代码》值含义变化
18.12	传染病监测字典表（适用于国标20个数据集）		国籍代码	276	德国	
18.12	传染病监测字典表（适用于国标20个数据集）		国籍代码	288	加纳	
18.12	传染病监测字典表（适用于国标20个数据集）		国籍代码	292	直布罗陀	
18.12	传染病监测字典表（适用于国标20个数据集）		国籍代码	296	基里巴斯	
18.12	传染病监测字典表（适用于国标20个数据集）		国籍代码	300	希腊	
18.12	传染病监测字典表（适用于国标20个数据集）		国籍代码	304	格陵兰	
18.12	传染病监测字典表（适用于国标20个数据集）		国籍代码	308	格林纳达	
18.12	传染病监测字典表（适用于国标20个数据集）		国籍代码	312	瓜德罗普	
18.12	传染病监测字典表（适用于国标20个数据集）		国籍代码	316	关岛	
18.12	传染病监测字典表（适用于国标20个数据集）		国籍代码	320	危地马拉	
18.12	传染病监测字典表（适用于国标20个数据集）		国籍代码	324	几内亚	
18.12	传染病监测字典表（适用于国标20个数据集）		国籍代码	328	圭亚那	
18.12	传染病监测字典表（适用于国标20个数据集）		国籍代码	332	海地	
18.12	传染病监测字典表（适用于国标20个数据集）		国籍代码	334	赫德岛和麦克唐纳群岛	较《GB/T 2659-2000国籍代码》值含义变化
18.12	传染病监测字典表（适用于国标20个数据集）		国籍代码	336	梵蒂冈	
18.12	传染病监测字典表（适用于国标20个数据集）		国籍代码	340	洪都拉斯	
18.12	传染病监测字典表（适用于国标20个数据集）		国籍代码	344	香港（中国特别行政区）	较《GB/T 2659-2000国籍代码》值含义变化
18.12	传染病监测字典表（适用于国标20个数据集）		国籍代码	348	匈牙利	
18.12	传染病监测字典表（适用于国标20个数据集）		国籍代码	352	冰岛	
18.12	传染病监测字典表（适用于国标20个数据集）		国籍代码	356	印度	
18.12	传染病监测字典表（适用于国标20个数据集）		国籍代码	360	印度尼西亚	
18.12	传染病监测字典表（适用于国标20个数据集）		国籍代码	364	伊朗	
18.12	传染病监测字典表（适用于国标20个数据集）		国籍代码	368	伊拉克	
18.12	传染病监测字典表（适用于国标20个数据集）		国籍代码	372	爱尔兰	
18.12	传染病监测字典表（适用于国标20个数据集）		国籍代码	376	以色列	
18.12	传染病监测字典表（适用于国标20个数据集）		国籍代码	380	意大利	
18.12	传染病监测字典表（适用于国标20个数据集）		国籍代码	384	科特迪瓦	
18.12	传染病监测字典表（适用于国标20个数据集）		国籍代码	388	牙买加	
18.12	传染病监测字典表（适用于国标20个数据集）		国籍代码	392	日本	
18.12	传染病监测字典表（适用于国标20个数据集）		国籍代码	398	哈萨克斯坦	
18.12	传染病监测字典表（适用于国标20个数据集）		国籍代码	400	约旦	
18.12	传染病监测字典表（适用于国标20个数据集）		国籍代码	404	肯尼亚	
18.12	传染病监测字典表（适用于国标20个数据集）		国籍代码	408	朝鲜	
18.12	传染病监测字典表（适用于国标20个数据集）		国籍代码	410	韩国	
18.12	传染病监测字典表（适用于国标20个数据集）		国籍代码	414	科威特	
18.12	传染病监测字典表（适用于国标20个数据集）		国籍代码	417	吉尔吉斯斯坦	
18.12	传染病监测字典表（适用于国标20个数据集）		国籍代码	418	老挝	
18.12	传染病监测字典表（适用于国标20个数据集）		国籍代码	422	黎巴嫩	
18.12	传染病监测字典表（适用于国标20个数据集）		国籍代码	426	莱索托	
18.12	传染病监测字典表（适用于国标20个数据集）		国籍代码	428	拉脱维亚	
18.12	传染病监测字典表（适用于国标20个数据集）		国籍代码	430	利比里亚	
18.12	传染病监测字典表（适用于国标20个数据集）		国籍代码	434	利比亚	
18.12	传染病监测字典表（适用于国标20个数据集）		国籍代码	438	列支敦士登	
18.12	传染病监测字典表（适用于国标20个数据集）		国籍代码	440	立陶宛	
18.12	传染病监测字典表（适用于国标20个数据集）		国籍代码	442	卢森堡	
18.12	传染病监测字典表（适用于国标20个数据集）		国籍代码	446	澳门（中国特别行政区）	较《GB/T 2659-2000国籍代码》值含义变化
18.12	传染病监测字典表（适用于国标20个数据集）		国籍代码	450	马达加斯加	
18.12	传染病监测字典表（适用于国标20个数据集）		国籍代码	454	马拉维	
18.12	传染病监测字典表（适用于国标20个数据集）		国籍代码	458	马来西亚	
18.12	传染病监测字典表（适用于国标20个数据集）		国籍代码	462	马尔代夫	
18.12	传染病监测字典表（适用于国标20个数据集）		国籍代码	466	马里	
18.12	传染病监测字典表（适用于国标20个数据集）		国籍代码	470	马耳他	
18.12	传染病监测字典表（适用于国标20个数据集）		国籍代码	474	马提尼克	
18.12	传染病监测字典表（适用于国标20个数据集）		国籍代码	478	毛里塔尼亚	
18.12	传染病监测字典表（适用于国标20个数据集）		国籍代码	480	毛里求斯	
18.12	传染病监测字典表（适用于国标20个数据集）		国籍代码	484	墨西哥	
18.12	传染病监测字典表（适用于国标20个数据集）		国籍代码	492	摩纳哥	
18.12	传染病监测字典表（适用于国标20个数据集）		国籍代码	496	蒙古国	
18.12	传染病监测字典表（适用于国标20个数据集）		国籍代码	498	摩尔多瓦	
18.12	传染病监测字典表（适用于国标20个数据集）		国籍代码	499	黑山	较《GB/T 2659-2000国籍代码》值含义变化
18.12	传染病监测字典表（适用于国标20个数据集）		国籍代码	500	蒙特塞拉特	
18.12	传染病监测字典表（适用于国标20个数据集）		国籍代码	504	摩洛哥	
18.12	传染病监测字典表（适用于国标20个数据集）		国籍代码	508	莫桑比克	
18.12	传染病监测字典表（适用于国标20个数据集）		国籍代码	512	阿曼	
18.12	传染病监测字典表（适用于国标20个数据集）		国籍代码	516	纳米比亚	
18.12	传染病监测字典表（适用于国标20个数据集）		国籍代码	520	瑙鲁	
18.12	传染病监测字典表（适用于国标20个数据集）		国籍代码	524	尼泊尔	
18.12	传染病监测字典表（适用于国标20个数据集）		国籍代码	528	荷兰	
18.12	传染病监测字典表（适用于国标20个数据集）		国籍代码	530	荷属安的列斯	
18.12	传染病监测字典表（适用于国标20个数据集）		国籍代码	533	阿鲁巴（荷属）	较《GB/T 2659-2000国籍代码》值含义变化
18.12	传染病监测字典表（适用于国标20个数据集）		国籍代码	540	新喀里多尼亚	
18.12	传染病监测字典表（适用于国标20个数据集）		国籍代码	548	瓦努阿图	
18.12	传染病监测字典表（适用于国标20个数据集）		国籍代码	554	新西兰	
18.12	传染病监测字典表（适用于国标20个数据集）		国籍代码	558	尼加拉瓜	
18.12	传染病监测字典表（适用于国标20个数据集）		国籍代码	562	尼日尔	
18.12	传染病监测字典表（适用于国标20个数据集）		国籍代码	566	尼日利亚	
18.12	传染病监测字典表（适用于国标20个数据集）		国籍代码	570	纽埃	
18.12	传染病监测字典表（适用于国标20个数据集）		国籍代码	574	诺福克岛	
18.12	传染病监测字典表（适用于国标20个数据集）		国籍代码	578	挪威	
18.12	传染病监测字典表（适用于国标20个数据集）		国籍代码	580	北马里亚纳群岛	较《GB/T 2659-2000国籍代码》值含义变化
18.12	传染病监测字典表（适用于国标20个数据集）		国籍代码	581	美国本土外小岛屿	
18.12	传染病监测字典表（适用于国标20个数据集）		国籍代码	583	密克罗尼西亚	较《GB/T 2659-2000国籍代码》值含义变化
18.12	传染病监测字典表（适用于国标20个数据集）		国籍代码	584	马绍尔群岛	
18.12	传染病监测字典表（适用于国标20个数据集）		国籍代码	585	帕劳	
18.12	传染病监测字典表（适用于国标20个数据集）		国籍代码	586	巴基斯坦	
18.12	传染病监测字典表（适用于国标20个数据集）		国籍代码	591	巴拿马	
18.12	传染病监测字典表（适用于国标20个数据集）		国籍代码	598	巴布亚新几内亚	
18.12	传染病监测字典表（适用于国标20个数据集）		国籍代码	600	巴拉圭	
18.12	传染病监测字典表（适用于国标20个数据集）		国籍代码	604	秘鲁	
18.12	传染病监测字典表（适用于国标20个数据集）		国籍代码	608	菲律宾	
18.12	传染病监测字典表（适用于国标20个数据集）		国籍代码	612	皮特凯恩岛	较《GB/T 2659-2000国籍代码》值含义变化
18.12	传染病监测字典表（适用于国标20个数据集）		国籍代码	616	波兰	
18.12	传染病监测字典表（适用于国标20个数据集）		国籍代码	620	葡萄牙	
18.12	传染病监测字典表（适用于国标20个数据集）		国籍代码	624	几内亚比绍	
18.12	传染病监测字典表（适用于国标20个数据集）		国籍代码	626	东帝汶	
18.12	传染病监测字典表（适用于国标20个数据集）		国籍代码	630	波多黎各	
18.12	传染病监测字典表（适用于国标20个数据集）		国籍代码	634	卡塔尔	
18.12	传染病监测字典表（适用于国标20个数据集）		国籍代码	638	留尼汪	
18.12	传染病监测字典表（适用于国标20个数据集）		国籍代码	642	罗马尼亚	
18.12	传染病监测字典表（适用于国标20个数据集）		国籍代码	643	俄罗斯	较《GB/T 2659-2000国籍代码》值含义变化
18.12	传染病监测字典表（适用于国标20个数据集）		国籍代码	646	卢旺达	
18.12	传染病监测字典表（适用于国标20个数据集）		国籍代码	652	圣巴泰勒米	较《GB/T 2659-2000国籍代码》新增
18.12	传染病监测字典表（适用于国标20个数据集）		国籍代码	654	圣赫勒拿-阿森松-特里斯坦-达库尼亚	较《GB/T 2659-2000国籍代码》值含义变化
18.12	传染病监测字典表（适用于国标20个数据集）		国籍代码	659	圣基茨和尼维斯	
18.12	传染病监测字典表（适用于国标20个数据集）		国籍代码	660	安圭拉岛（英）	较《GB/T 2659-2000国籍代码》值含义变化
18.12	传染病监测字典表（适用于国标20个数据集）		国籍代码	662	圣卢西亚	
18.12	传染病监测字典表（适用于国标20个数据集）		国籍代码	663	圣马丁（法属）	较《GB/T 2659-2000国籍代码》新增
18.12	传染病监测字典表（适用于国标20个数据集）		国籍代码	666	圣皮埃尔和密克隆	
18.12	传染病监测字典表（适用于国标20个数据集）		国籍代码	670	圣文森特和格林纳丁斯	
18.12	传染病监测字典表（适用于国标20个数据集）		国籍代码	674	圣马力诺	
18.12	传染病监测字典表（适用于国标20个数据集）		国籍代码	678	圣多美和普林西比	
18.12	传染病监测字典表（适用于国标20个数据集）		国籍代码	682	沙特阿拉伯	
18.12	传染病监测字典表（适用于国标20个数据集）		国籍代码	686	塞内加尔	
18.12	传染病监测字典表（适用于国标20个数据集）		国籍代码	688	塞尔维亚	
18.12	传染病监测字典表（适用于国标20个数据集）		国籍代码	690	塞舌尔	
18.12	传染病监测字典表（适用于国标20个数据集）		国籍代码	694	塞拉利昂	
18.12	传染病监测字典表（适用于国标20个数据集）		国籍代码	702	新加坡	
18.12	传染病监测字典表（适用于国标20个数据集）		国籍代码	703	斯洛伐克	
18.12	传染病监测字典表（适用于国标20个数据集）		国籍代码	704	越南	
18.12	传染病监测字典表（适用于国标20个数据集）		国籍代码	705	斯洛文尼亚	
18.12	传染病监测字典表（适用于国标20个数据集）		国籍代码	706	索马里	
18.12	传染病监测字典表（适用于国标20个数据集）		国籍代码	710	南非	
18.12	传染病监测字典表（适用于国标20个数据集）		国籍代码	716	津巴布韦	
18.12	传染病监测字典表（适用于国标20个数据集）		国籍代码	724	西班牙	
18.12	传染病监测字典表（适用于国标20个数据集）		国籍代码	728	南苏丹	
18.12	传染病监测字典表（适用于国标20个数据集）		国籍代码	729	苏丹	较《GB/T 2659-2000国籍代码》值变化
18.12	传染病监测字典表（适用于国标20个数据集）		国籍代码	732	西撒哈拉	
18.12	传染病监测字典表（适用于国标20个数据集）		国籍代码	740	苏里南	
18.12	传染病监测字典表（适用于国标20个数据集）		国籍代码	744	斯瓦尔巴岛和扬马延岛	
18.12	传染病监测字典表（适用于国标20个数据集）		国籍代码	748	斯威士兰	
18.12	传染病监测字典表（适用于国标20个数据集）		国籍代码	752	瑞典	
18.12	传染病监测字典表（适用于国标20个数据集）		国籍代码	756	瑞士	
18.12	传染病监测字典表（适用于国标20个数据集）		国籍代码	760	叙利亚	
18.12	传染病监测字典表（适用于国标20个数据集）		国籍代码	762	塔吉克斯坦	
18.12	传染病监测字典表（适用于国标20个数据集）		国籍代码	764	泰国	
18.12	传染病监测字典表（适用于国标20个数据集）		国籍代码	768	多哥	
18.12	传染病监测字典表（适用于国标20个数据集）		国籍代码	772	托克劳	
18.12	传染病监测字典表（适用于国标20个数据集）		国籍代码	776	汤加	
18.12	传染病监测字典表（适用于国标20个数据集）		国籍代码	780	特立尼达和多巴哥	较《GB/T 2659-2000国籍代码》值含义变化
18.12	传染病监测字典表（适用于国标20个数据集）		国籍代码	784	阿联酋	
18.12	传染病监测字典表（适用于国标20个数据集）		国籍代码	788	突尼斯	
18.12	传染病监测字典表（适用于国标20个数据集）		国籍代码	792	土耳其	
18.12	传染病监测字典表（适用于国标20个数据集）		国籍代码	795	土库曼斯坦	
18.12	传染病监测字典表（适用于国标20个数据集）		国籍代码	796	特克斯和凯科斯群岛	
18.12	传染病监测字典表（适用于国标20个数据集）		国籍代码	798	图瓦卢	
18.12	传染病监测字典表（适用于国标20个数据集）		国籍代码	800	乌干达	
18.12	传染病监测字典表（适用于国标20个数据集）		国籍代码	804	乌克兰	
18.12	传染病监测字典表（适用于国标20个数据集）		国籍代码	807	北马其顿	较《GB/T 2659-2000国籍代码》值含义变化
18.12	传染病监测字典表（适用于国标20个数据集）		国籍代码	818	埃及	
18.12	传染病监测字典表（适用于国标20个数据集）		国籍代码	826	英国	
18.12	传染病监测字典表（适用于国标20个数据集）		国籍代码	831	根西岛（英）	较《GB/T 2659-2000国籍代码》新增
18.12	传染病监测字典表（适用于国标20个数据集）		国籍代码	833	马恩岛	较《GB/T 2659-2000国籍代码》新增
18.12	传染病监测字典表（适用于国标20个数据集）		国籍代码	834	坦桑尼亚	
18.12	传染病监测字典表（适用于国标20个数据集）		国籍代码	840	美国	
18.12	传染病监测字典表（适用于国标20个数据集）		国籍代码	850	美属维尔京群岛	
18.12	传染病监测字典表（适用于国标20个数据集）		国籍代码	854	布基纳法索	
18.12	传染病监测字典表（适用于国标20个数据集）		国籍代码	858	乌拉圭	
18.12	传染病监测字典表（适用于国标20个数据集）		国籍代码	860	乌兹别克斯坦	
18.12	传染病监测字典表（适用于国标20个数据集）		国籍代码	862	委内瑞拉玻利瓦尔共和国	较《GB/T 2659-2000国籍代码》值含义变化
18.12	传染病监测字典表（适用于国标20个数据集）		国籍代码	876	瓦利斯和富图纳	
18.12	传染病监测字典表（适用于国标20个数据集）		国籍代码	882	萨摩亚	
18.12	传染病监测字典表（适用于国标20个数据集）		国籍代码	887	也门	
18.12	传染病监测字典表（适用于国标20个数据集）		国籍代码	891	南斯拉夫	
18.12	传染病监测字典表（适用于国标20个数据集）		国籍代码	894	赞比亚	
18.13	传染病监测字典表（适用于国标20个数据集）		文化程度代码	1	文盲	
18.13	传染病监测字典表（适用于国标20个数据集）		文化程度代码	2	小学	
18.13	传染病监测字典表（适用于国标20个数据集）		文化程度代码	3	初中	
18.13	传染病监测字典表（适用于国标20个数据集）		文化程度代码	4	高中或中专	
18.13	传染病监测字典表（适用于国标20个数据集）		文化程度代码	5	大专及以上	
18.14	传染病监测字典表（适用于国标20个数据集）		户籍地址类别代码	01	本县区	
18.14	传染病监测字典表（适用于国标20个数据集）		户籍地址类别代码	02	本市其它县区	
18.14	传染病监测字典表（适用于国标20个数据集）		户籍地址类别代码	03	本省其它地市	
18.14	传染病监测字典表（适用于国标20个数据集）		户籍地址类别代码	04	外省	传染病报告卡值含义为“其他省”
18.14	传染病监测字典表（适用于国标20个数据集）		户籍地址类别代码	05	港澳台	
18.14	传染病监测字典表（适用于国标20个数据集）		户籍地址类别代码	06	外籍	传染病报告卡不可使用
18.15	传染病监测字典表（适用于国标20个数据集）		现住址类别代码	01	本县区	
18.15	传染病监测字典表（适用于国标20个数据集）		现住址类别代码	02	本市其它县区	
18.15	传染病监测字典表（适用于国标20个数据集）		现住址类别代码	03	本省其它地市	
18.15	传染病监测字典表（适用于国标20个数据集）		现住址类别代码	04	外省	传染病报告卡值含义为“其他省”
18.15	传染病监测字典表（适用于国标20个数据集）		现住址类别代码	05	港澳台	
18.15	传染病监测字典表（适用于国标20个数据集）		现住址类别代码	06	外籍	
18.16	传染病监测字典表（适用于国标20个数据集）		人群分类代码	01	幼托儿童	
18.16	传染病监测字典表（适用于国标20个数据集）		人群分类代码	02	散居儿童	
18.16	传染病监测字典表（适用于国标20个数据集）		人群分类代码	03	学生	
18.16	传染病监测字典表（适用于国标20个数据集）		人群分类代码	04	教师	
18.16	传染病监测字典表（适用于国标20个数据集）		人群分类代码	05	保育员及保姆	
18.16	传染病监测字典表（适用于国标20个数据集）		人群分类代码	06	餐饮食品业	
18.16	传染病监测字典表（适用于国标20个数据集）		人群分类代码	07	公共场所服务员	
18.16	传染病监测字典表（适用于国标20个数据集）		人群分类代码	08	商业服务	
18.16	传染病监测字典表（适用于国标20个数据集）		人群分类代码	09	医务人员	
18.16	传染病监测字典表（适用于国标20个数据集）		人群分类代码	10	工人	
18.16	传染病监测字典表（适用于国标20个数据集）		人群分类代码	11	民工	
18.16	传染病监测字典表（适用于国标20个数据集）		人群分类代码	12	农民	
18.16	传染病监测字典表（适用于国标20个数据集）		人群分类代码	13	牧民	
18.16	传染病监测字典表（适用于国标20个数据集）		人群分类代码	14	渔(船)民	
18.16	传染病监测字典表（适用于国标20个数据集）		人群分类代码	15	海员及长途驾驶员	
18.16	传染病监测字典表（适用于国标20个数据集）		人群分类代码	16	干部职员	
18.16	传染病监测字典表（适用于国标20个数据集）		人群分类代码	17	离退人员	
18.16	传染病监测字典表（适用于国标20个数据集）		人群分类代码	18	家务及待业	
18.16	传染病监测字典表（适用于国标20个数据集）		人群分类代码	19	羁押人员	传染病报告卡不可使用
18.16	传染病监测字典表（适用于国标20个数据集）		人群分类代码	20	不详	
18.16	传染病监测字典表（适用于国标20个数据集）		人群分类代码	99	其他	
18.17	传染病监测字典表（适用于国标20个数据集）		病例分类代码	1	临床诊断病例	WS/T 364.10-2023 CV05.01.002诊断状态
18.17	传染病监测字典表（适用于国标20个数据集）		病例分类代码	2	确诊病例	WS/T 364.10-2023 CV05.01.002诊断状态
18.17	传染病监测字典表（适用于国标20个数据集）		病例分类代码	3	疑似病例	WS/T 364.10-2023 CV05.01.002诊断状态
18.17	传染病监测字典表（适用于国标20个数据集）		病例分类代码	4	病原携带者	WS/T 364.10-2023 CV05.01.002诊断状态
18.17	传染病监测字典表（适用于国标20个数据集）		病例分类代码	5	阳性检测	传染病报告卡
18.17	传染病监测字典表（适用于国标20个数据集）		病例分类代码	6	埃博拉留观病例	传染病报告卡
18.18	传染病监测字典表（适用于国标20个数据集）		诊断状态代码	1	急性	乙肝、丙肝或血吸虫病适用
18.18	传染病监测字典表（适用于国标20个数据集）		诊断状态代码	2	慢性	乙肝、丙肝或血吸虫病适用
18.18	传染病监测字典表（适用于国标20个数据集）		诊断状态代码	3	未分型	传染病通用
18.19	传染病监测字典表（适用于国标20个数据集）		传染病报告卡-血源及性传播/感染途径代码	01	注射毒品	
18.19	传染病监测字典表（适用于国标20个数据集）		传染病报告卡-血源及性传播/感染途径代码	02	同性传播	
18.19	传染病监测字典表（适用于国标20个数据集）		传染病报告卡-血源及性传播/感染途径代码	03	性接触+注射毒品	
18.19	传染病监测字典表（适用于国标20个数据集）		传染病报告卡-血源及性传播/感染途径代码	04	采血(浆)	
18.19	传染病监测字典表（适用于国标20个数据集）		传染病报告卡-血源及性传播/感染途径代码	05	输血/血制品	
18.19	传染病监测字典表（适用于国标20个数据集）		传染病报告卡-血源及性传播/感染途径代码	06	母婴传播	
18.19	传染病监测字典表（适用于国标20个数据集）		传染病报告卡-血源及性传播/感染途径代码	07	职业暴露	
18.19	传染病监测字典表（适用于国标20个数据集）		传染病报告卡-血源及性传播/感染途径代码	08	异性传播	
18.19	传染病监测字典表（适用于国标20个数据集）		传染病报告卡-血源及性传播/感染途径代码	99	不详	
18.20	传染病监测字典表（适用于国标20个数据集）		传染病报告卡-直接死亡诊断代码	1	急性脑血管疾病	
18.20	传染病监测字典表（适用于国标20个数据集）		传染病报告卡-直接死亡诊断代码	2	糖尿病（酮症、乳酸酸中毒、高渗性昏迷等）	
18.20	传染病监测字典表（适用于国标20个数据集）		传染病报告卡-直接死亡诊断代码	3	恶性肿瘤	
18.20	传染病监测字典表（适用于国标20个数据集）		传染病报告卡-直接死亡诊断代码	4	慢性肾衰、维持性透析	
18.20	传染病监测字典表（适用于国标20个数据集）		传染病报告卡-直接死亡诊断代码	5	慢性阻塞性肺炎急性加重期（AECOPD）	
18.20	传染病监测字典表（适用于国标20个数据集）		传染病报告卡-直接死亡诊断代码	6	急性或慢性呼吸衰竭（非新冠重型或危重型）	
18.20	传染病监测字典表（适用于国标20个数据集）		传染病报告卡-直接死亡诊断代码	7	急性冠脉综合征（ACS）	
18.20	传染病监测字典表（适用于国标20个数据集）		传染病报告卡-直接死亡诊断代码	8	急性、慢性心衰	
18.20	传染病监测字典表（适用于国标20个数据集）		传染病报告卡-直接死亡诊断代码	9	恶性心律失常	
18.20	传染病监测字典表（适用于国标20个数据集）		传染病报告卡-直接死亡诊断代码	10	脓毒症（Sepsis）	
18.20	传染病监测字典表（适用于国标20个数据集）		传染病报告卡-直接死亡诊断代码	11	感染性休克	
18.20	传染病监测字典表（适用于国标20个数据集）		传染病报告卡-直接死亡诊断代码	12	医院获得性肺炎	
18.20	传染病监测字典表（适用于国标20个数据集）		传染病报告卡-直接死亡诊断代码	13	社区获得性肺炎（非新冠）	
18.20	传染病监测字典表（适用于国标20个数据集）		传染病报告卡-直接死亡诊断代码	14	消化道出血	
18.20	传染病监测字典表（适用于国标20个数据集）		传染病报告卡-直接死亡诊断代码	15	严重电解质紊乱	
18.20	传染病监测字典表（适用于国标20个数据集）		传染病报告卡-直接死亡诊断代码	16	血流感染	
18.20	传染病监测字典表（适用于国标20个数据集）		传染病报告卡-直接死亡诊断代码	17	急腹症	
18.20	传染病监测字典表（适用于国标20个数据集）		传染病报告卡-直接死亡诊断代码	18	哮喘持续状态	
18.20	传染病监测字典表（适用于国标20个数据集）		传染病报告卡-直接死亡诊断代码	19	夹层动脉瘤	
18.20	传染病监测字典表（适用于国标20个数据集）		传染病报告卡-直接死亡诊断代码	20	肝硬化（失代偿）	
18.20	传染病监测字典表（适用于国标20个数据集）		传染病报告卡-直接死亡诊断代码	21	急性肺栓塞	
18.20	传染病监测字典表（适用于国标20个数据集）		传染病报告卡-直接死亡诊断代码	22	猝死	
18.20	传染病监测字典表（适用于国标20个数据集）		传染病报告卡-直接死亡诊断代码	23	其他	
18.21	传染病监测字典表（适用于国标20个数据集）		传染病报告卡-发现方式代码	01	基层推介	传染病报告卡不可使用
18.21	传染病监测字典表（适用于国标20个数据集）		传染病报告卡-发现方式代码	02	因症就诊	传染病报告卡不可使用
18.21	传染病监测字典表（适用于国标20个数据集）		传染病报告卡-发现方式代码	03	转诊追踪	传染病报告卡不可使用
18.21	传染病监测字典表（适用于国标20个数据集）		传染病报告卡-发现方式代码	04	术前检测	
18.21	传染病监测字典表（适用于国标20个数据集）		传染病报告卡-发现方式代码	05	受血(制品)前检测	
18.21	传染病监测字典表（适用于国标20个数据集）		传染病报告卡-发现方式代码	06	性病门诊	
18.21	传染病监测字典表（适用于国标20个数据集）		传染病报告卡-发现方式代码	07	其他就诊者检测	
18.21	传染病监测字典表（适用于国标20个数据集）		传染病报告卡-发现方式代码	08	婚前检查(含涉外婚姻)	
18.21	传染病监测字典表（适用于国标20个数据集）		传染病报告卡-发现方式代码	09	孕产期检查	
18.21	传染病监测字典表（适用于国标20个数据集）		传染病报告卡-发现方式代码	10	检测咨询	
18.21	传染病监测字典表（适用于国标20个数据集）		传染病报告卡-发现方式代码	11	阳性者配偶或性伴检测	
18.21	传染病监测字典表（适用于国标20个数据集）		传染病报告卡-发现方式代码	12	女性阳性者子女检测	
18.21	传染病监测字典表（适用于国标20个数据集）		传染病报告卡-发现方式代码	13	职业暴露检测	
18.21	传染病监测字典表（适用于国标20个数据集）		传染病报告卡-发现方式代码	14	娱乐场所人员体检	
18.21	传染病监测字典表（适用于国标20个数据集）		传染病报告卡-发现方式代码	15	有偿供血(浆)人员检测	
18.21	传染病监测字典表（适用于国标20个数据集）		传染病报告卡-发现方式代码	16	无偿献血人员检测	
18.21	传染病监测字典表（适用于国标20个数据集）		传染病报告卡-发现方式代码	17	出入境人员体检	
18.21	传染病监测字典表（适用于国标20个数据集）		传染病报告卡-发现方式代码	18	新兵体检	
18.21	传染病监测字典表（适用于国标20个数据集）		传染病报告卡-发现方式代码	19	强制/劳教戒毒人员检测	
18.21	传染病监测字典表（适用于国标20个数据集）		传染病报告卡-发现方式代码	20	妇教所/女劳收教人员检测	
18.21	传染病监测字典表（适用于国标20个数据集）		传染病报告卡-发现方式代码	21	其他羁押人员体检	
18.21	传染病监测字典表（适用于国标20个数据集）		传染病报告卡-发现方式代码	22	专题调查	
18.21	传染病监测字典表（适用于国标20个数据集）		传染病报告卡-发现方式代码	24	接触者筛查	
18.21	传染病监测字典表（适用于国标20个数据集）		传染病报告卡-发现方式代码	25	样病例监测（ILI）	
18.21	传染病监测字典表（适用于国标20个数据集）		传染病报告卡-发现方式代码	26	不明原因肺炎监测(PUE)	
18.21	传染病监测字典表（适用于国标20个数据集）		传染病报告卡-发现方式代码	27	急性重症呼吸道疾病监测（SARI）	
18.21	传染病监测字典表（适用于国标20个数据集）		传染病报告卡-发现方式代码	28	主动筛查	传染病报告卡不可使用
18.21	传染病监测字典表（适用于国标20个数据集）		传染病报告卡-发现方式代码	29	健康体检	传染病报告卡不可使用
18.21	传染病监测字典表（适用于国标20个数据集）		传染病报告卡-发现方式代码	30	主动监测	传染病报告卡不可使用
18.21	传染病监测字典表（适用于国标20个数据集）		传染病报告卡-发现方式代码	31	被动监测	传染病报告卡不可使用
18.21	传染病监测字典表（适用于国标20个数据集）		传染病报告卡-发现方式代码	32	患者就医	传染病报告卡不可使用
18.21	传染病监测字典表（适用于国标20个数据集）		传染病报告卡-发现方式代码	33	主动病例侦查	传染病报告卡不可使用
18.21	传染病监测字典表（适用于国标20个数据集）		传染病报告卡-发现方式代码	99	其他	
18.22	传染病监测字典表（适用于国标20个数据集）		传染病报告卡-接触方式代码	1	注射毒品史	
18.22	传染病监测字典表（适用于国标20个数据集）		传染病报告卡-接触方式代码	2	非婚异性性接触史	
18.22	传染病监测字典表（适用于国标20个数据集）		传染病报告卡-接触方式代码	3	配偶/固定性伴阳性	
18.22	传染病监测字典表（适用于国标20个数据集）		传染病报告卡-接触方式代码	4	男男性行为史	
18.22	传染病监测字典表（适用于国标20个数据集）		传染病报告卡-接触方式代码	5	献血（浆）史	
18.22	传染病监测字典表（适用于国标20个数据集）		传染病报告卡-接触方式代码	6	输血/血制品史	
18.22	传染病监测字典表（适用于国标20个数据集）		传染病报告卡-接触方式代码	7	母亲阳性	
18.22	传染病监测字典表（适用于国标20个数据集）		传染病报告卡-接触方式代码	8	职业暴露史	
18.22	传染病监测字典表（适用于国标20个数据集）		传染病报告卡-接触方式代码	9	手术史	
18.22	传染病监测字典表（适用于国标20个数据集）		传染病报告卡-接触方式代码	10	不详	
18.22	传染病监测字典表（适用于国标20个数据集）		传染病报告卡-接触方式代码	11	其他	
18.22	传染病监测字典表（适用于国标20个数据集）		传染病报告卡-接触方式代码	12	非婚非商业异性性接触史	
18.22	传染病监测字典表（适用于国标20个数据集）		传染病报告卡-接触方式代码	13	非婚商业异性性接触史	
18.23	传染病监测字典表（适用于国标20个数据集）		传染病报告卡-新冠临床严重程度代码	2	轻型	
18.23	传染病监测字典表（适用于国标20个数据集）		传染病报告卡-新冠临床严重程度代码	3	重型	
18.23	传染病监测字典表（适用于国标20个数据集）		传染病报告卡-新冠临床严重程度代码	4	危重型	
18.23	传染病监测字典表（适用于国标20个数据集）		传染病报告卡-新冠临床严重程度代码	5	无症状感染者	
18.23	传染病监测字典表（适用于国标20个数据集）		传染病报告卡-新冠临床严重程度代码	6	中型	
18.24	传染病监测字典表（适用于国标20个数据集）		科室代码表	A01	预防保健科	
18.24	传染病监测字典表（适用于国标20个数据集）		科室代码表	A02	全科医疗科	
18.24	传染病监测字典表（适用于国标20个数据集）		科室代码表	A03	内科	
18.24	传染病监测字典表（适用于国标20个数据集）		科室代码表	A03.01	呼吸内科专业	
18.24	传染病监测字典表（适用于国标20个数据集）		科室代码表	A03.02	消化内科专业	
18.24	传染病监测字典表（适用于国标20个数据集）		科室代码表	A03.03	神经内科专业	
18.24	传染病监测字典表（适用于国标20个数据集）		科室代码表	A03.04	心血管内科专业	
18.24	传染病监测字典表（适用于国标20个数据集）		科室代码表	A03.05	血液内科专业	
18.24	传染病监测字典表（适用于国标20个数据集）		科室代码表	A03.06	肾病学专业	
18.24	传染病监测字典表（适用于国标20个数据集）		科室代码表	A03.07	内分泌专业	
18.24	传染病监测字典表（适用于国标20个数据集）		科室代码表	A03.08	免疫学专业	
18.24	传染病监测字典表（适用于国标20个数据集）		科室代码表	A03.09	变态反应专业	
18.24	传染病监测字典表（适用于国标20个数据集）		科室代码表	A03.10	老年病专业	
18.24	传染病监测字典表（适用于国标20个数据集）		科室代码表	A03.11	其他	
18.24	传染病监测字典表（适用于国标20个数据集）		科室代码表	A04	外科	
18.24	传染病监测字典表（适用于国标20个数据集）		科室代码表	A04.01	普通外科专业	
18.24	传染病监测字典表（适用于国标20个数据集）		科室代码表	A04.01.01	肝脏移植项目	
18.24	传染病监测字典表（适用于国标20个数据集）		科室代码表	A04.01.02	胰腺移植项目	
18.24	传染病监测字典表（适用于国标20个数据集）		科室代码表	A04.01.03	小肠移植项目	
18.24	传染病监测字典表（适用于国标20个数据集）		科室代码表	A04.02	神经外科专业	
18.24	传染病监测字典表（适用于国标20个数据集）		科室代码表	A04.03	骨科专业	
18.24	传染病监测字典表（适用于国标20个数据集）		科室代码表	A04.04	泌尿外科专业	
18.24	传染病监测字典表（适用于国标20个数据集）		科室代码表	A04.04.01	肾脏移植项目	
18.24	传染病监测字典表（适用于国标20个数据集）		科室代码表	A04.05	胸外科专业	
18.24	传染病监测字典表（适用于国标20个数据集）		科室代码表	A04.05.01	肺脏移植项目	
18.24	传染病监测字典表（适用于国标20个数据集）		科室代码表	A04.06	心脏大血管外科专业	
18.24	传染病监测字典表（适用于国标20个数据集）		科室代码表	A04.06.01	心脏移植项目	
18.24	传染病监测字典表（适用于国标20个数据集）		科室代码表	A04.07	烧伤科专业	
18.24	传染病监测字典表（适用于国标20个数据集）		科室代码表	A04.08	整形外科专业	
18.24	传染病监测字典表（适用于国标20个数据集）		科室代码表	A04.09	其他	
18.24	传染病监测字典表（适用于国标20个数据集）		科室代码表	A05	妇产科	
18.24	传染病监测字典表（适用于国标20个数据集）		科室代码表	A05.01	妇科专业	
18.24	传染病监测字典表（适用于国标20个数据集）		科室代码表	A05.02	产科专业	
18.24	传染病监测字典表（适用于国标20个数据集）		科室代码表	A05.03	计划生育专业	
18.24	传染病监测字典表（适用于国标20个数据集）		科室代码表	A05.04	优生学专业	
18.24	传染病监测字典表（适用于国标20个数据集）		科室代码表	A05.05	生殖健康与不孕症专业	
18.24	传染病监测字典表（适用于国标20个数据集）		科室代码表	A05.06	其他	
18.24	传染病监测字典表（适用于国标20个数据集）		科室代码表	A06	妇女保健科	
18.24	传染病监测字典表（适用于国标20个数据集）		科室代码表	A06.01	青春期保健专业	
18.24	传染病监测字典表（适用于国标20个数据集）		科室代码表	A06.02	围产期保健专业	
18.24	传染病监测字典表（适用于国标20个数据集）		科室代码表	A06.03	更年期保健专业	
18.24	传染病监测字典表（适用于国标20个数据集）		科室代码表	A06.04	妇女心理卫生专业	
18.24	传染病监测字典表（适用于国标20个数据集）		科室代码表	A06.05	妇女营养专业	
18.24	传染病监测字典表（适用于国标20个数据集）		科室代码表	A06.06	其他	
18.24	传染病监测字典表（适用于国标20个数据集）		科室代码表	A07	儿科	
18.24	传染病监测字典表（适用于国标20个数据集）		科室代码表	A07.01	新生儿专业	
18.24	传染病监测字典表（适用于国标20个数据集）		科室代码表	A07.02	小儿传染病专业	
18.24	传染病监测字典表（适用于国标20个数据集）		科室代码表	A07.03	小儿消化专业	
18.24	传染病监测字典表（适用于国标20个数据集）		科室代码表	A07.04	小儿呼吸专业	
18.24	传染病监测字典表（适用于国标20个数据集）		科室代码表	A07.05	小儿心脏病专业	
18.24	传染病监测字典表（适用于国标20个数据集）		科室代码表	A07.06	小儿肾病专业	
18.24	传染病监测字典表（适用于国标20个数据集）		科室代码表	A07.07	小儿血液病专业	
18.24	传染病监测字典表（适用于国标20个数据集）		科室代码表	A07.08	小儿神经病学专业	
18.24	传染病监测字典表（适用于国标20个数据集）		科室代码表	A07.09	小儿内分泌专业	
18.24	传染病监测字典表（适用于国标20个数据集）		科室代码表	A07.10	小儿遗传病专业	
18.24	传染病监测字典表（适用于国标20个数据集）		科室代码表	A07.11	小儿免疫专业	
18.24	传染病监测字典表（适用于国标20个数据集）		科室代码表	A07.12	其他	
18.24	传染病监测字典表（适用于国标20个数据集）		科室代码表	A08	小儿外科	
18.24	传染病监测字典表（适用于国标20个数据集）		科室代码表	A08.01	小儿普通外科专业	
18.24	传染病监测字典表（适用于国标20个数据集）		科室代码表	A08.02	小儿骨科专业	
18.24	传染病监测字典表（适用于国标20个数据集）		科室代码表	A08.03	小儿泌尿外科专业	
18.24	传染病监测字典表（适用于国标20个数据集）		科室代码表	A08.04	小儿胸心外科专业	
18.24	传染病监测字典表（适用于国标20个数据集）		科室代码表	A08.05	小儿神经外科专业	
18.24	传染病监测字典表（适用于国标20个数据集）		科室代码表	A08.06	其他	
18.24	传染病监测字典表（适用于国标20个数据集）		科室代码表	A09	儿童保健科	
18.24	传染病监测字典表（适用于国标20个数据集）		科室代码表	A09.01	儿童生长发育专业	
18.24	传染病监测字典表（适用于国标20个数据集）		科室代码表	A09.02	儿童营养专业	
18.24	传染病监测字典表（适用于国标20个数据集）		科室代码表	A09.03	儿童心理卫生专业	
18.24	传染病监测字典表（适用于国标20个数据集）		科室代码表	A09.04	儿童五官保健专业	
18.24	传染病监测字典表（适用于国标20个数据集）		科室代码表	A09.05	儿童康复专业	
18.24	传染病监测字典表（适用于国标20个数据集）		科室代码表	A09.06	其他	
18.24	传染病监测字典表（适用于国标20个数据集）		科室代码表	A10	眼科	
18.24	传染病监测字典表（适用于国标20个数据集）		科室代码表	A11	耳鼻咽喉科	
18.24	传染病监测字典表（适用于国标20个数据集）		科室代码表	A11.01	耳科专业	
18.24	传染病监测字典表（适用于国标20个数据集）		科室代码表	A11.02	鼻科专业	
18.24	传染病监测字典表（适用于国标20个数据集）		科室代码表	A11.03	咽喉科专业	
18.24	传染病监测字典表（适用于国标20个数据集）		科室代码表	A11.04	其他	
18.24	传染病监测字典表（适用于国标20个数据集）		科室代码表	A12	口腔科	
18.24	传染病监测字典表（适用于国标20个数据集）		科室代码表	A12.01	牙体牙髓病专业	
18.24	传染病监测字典表（适用于国标20个数据集）		科室代码表	A12.02	牙周病专业	
18.24	传染病监测字典表（适用于国标20个数据集）		科室代码表	A12.03	口腔黏膜病专业	
18.24	传染病监测字典表（适用于国标20个数据集）		科室代码表	A12.04	儿童口腔专业	
18.24	传染病监测字典表（适用于国标20个数据集）		科室代码表	A12.05	口腔颌骨外科专业	
18.24	传染病监测字典表（适用于国标20个数据集）		科室代码表	A12.06	口腔修复专业	
18.24	传染病监测字典表（适用于国标20个数据集）		科室代码表	A12.07	口腔正畸专业	
18.24	传染病监测字典表（适用于国标20个数据集）		科室代码表	A12.08	口腔种植专业	
18.24	传染病监测字典表（适用于国标20个数据集）		科室代码表	A12.09	口腔麻醉专业	
18.24	传染病监测字典表（适用于国标20个数据集）		科室代码表	A12.10	口腔颌面医学影像专业	
18.24	传染病监测字典表（适用于国标20个数据集）		科室代码表	A13	皮肤科	
18.24	传染病监测字典表（适用于国标20个数据集）		科室代码表	A13.01	皮肤病专业	
18.24	传染病监测字典表（适用于国标20个数据集）		科室代码表	A13.02	性传播疾病专业	
18.24	传染病监测字典表（适用于国标20个数据集）		科室代码表	A13.03	其他	
18.24	传染病监测字典表（适用于国标20个数据集）		科室代码表	A14	医疗美容科	
18.24	传染病监测字典表（适用于国标20个数据集）		科室代码表	A15	精神科	
18.24	传染病监测字典表（适用于国标20个数据集）		科室代码表	A15.01	精神病专业	
18.24	传染病监测字典表（适用于国标20个数据集）		科室代码表	A15.02	精神卫生专业	
18.24	传染病监测字典表（适用于国标20个数据集）		科室代码表	A15.03	药物依赖专业	
18.24	传染病监测字典表（适用于国标20个数据集）		科室代码表	A15.04	精神康复专业	
18.24	传染病监测字典表（适用于国标20个数据集）		科室代码表	A15.05	社区防治专业	
18.24	传染病监测字典表（适用于国标20个数据集）		科室代码表	A15.06	临床心理专业	
18.24	传染病监测字典表（适用于国标20个数据集）		科室代码表	A15.07	司法精神专业	
18.24	传染病监测字典表（适用于国标20个数据集）		科室代码表	A15.08	其他	
18.24	传染病监测字典表（适用于国标20个数据集）		科室代码表	A16	传染科	
18.24	传染病监测字典表（适用于国标20个数据集）		科室代码表	A16.01	肠道传染病专业	
18.24	传染病监测字典表（适用于国标20个数据集）		科室代码表	A16.02	呼吸道传染病专业	
18.24	传染病监测字典表（适用于国标20个数据集）		科室代码表	A16.03	肝炎专业	
18.24	传染病监测字典表（适用于国标20个数据集）		科室代码表	A16.04	虫媒传染病专业	
18.24	传染病监测字典表（适用于国标20个数据集）		科室代码表	A16.05	动物源性传染病专业	
18.24	传染病监测字典表（适用于国标20个数据集）		科室代码表	A16.06	蠕虫病专业	
18.24	传染病监测字典表（适用于国标20个数据集）		科室代码表	A16.07	其它	
18.24	传染病监测字典表（适用于国标20个数据集）		科室代码表	A17	结核病科	
18.24	传染病监测字典表（适用于国标20个数据集）		科室代码表	A18	地方病科	
18.24	传染病监测字典表（适用于国标20个数据集）		科室代码表	A19	肿瘤科	
18.24	传染病监测字典表（适用于国标20个数据集）		科室代码表	A20	急诊医学科	
18.24	传染病监测字典表（适用于国标20个数据集）		科室代码表	A21	康复医学科	
18.24	传染病监测字典表（适用于国标20个数据集）		科室代码表	A22	运动医学科	
18.24	传染病监测字典表（适用于国标20个数据集）		科室代码表	A23	职业病科	
18.24	传染病监测字典表（适用于国标20个数据集）		科室代码表	A23.01	职业中毒专业	
18.24	传染病监测字典表（适用于国标20个数据集）		科室代码表	A23.02	尘肺专业	
18.24	传染病监测字典表（适用于国标20个数据集）		科室代码表	A23.03	放射病专业	
18.24	传染病监测字典表（适用于国标20个数据集）		科室代码表	A23.04	物理因素损伤专业	
18.24	传染病监测字典表（适用于国标20个数据集）		科室代码表	A23.05	职业健康监护专业	
18.24	传染病监测字典表（适用于国标20个数据集）		科室代码表	A23.06	其他	
18.24	传染病监测字典表（适用于国标20个数据集）		科室代码表	A24	临终关怀科	
18.24	传染病监测字典表（适用于国标20个数据集）		科室代码表	A25	特种医学与军事医学科	
18.24	传染病监测字典表（适用于国标20个数据集）		科室代码表	A26	麻醉科	
18.24	传染病监测字典表（适用于国标20个数据集）		科室代码表	A27	疼痛科	
18.24	传染病监测字典表（适用于国标20个数据集）		科室代码表	A28	重症医学科	
18.24	传染病监测字典表（适用于国标20个数据集）		科室代码表	A30	医学检验科	
18.24	传染病监测字典表（适用于国标20个数据集）		科室代码表	A30.01	临床体液、血液专业	
18.24	传染病监测字典表（适用于国标20个数据集）		科室代码表	A30.02	临床微生物学专业	
18.24	传染病监测字典表（适用于国标20个数据集）		科室代码表	A30.03	临床生化检验专业	
18.24	传染病监测字典表（适用于国标20个数据集）		科室代码表	A30.04	临床免疫、血清学专业	
18.24	传染病监测字典表（适用于国标20个数据集）		科室代码表	A30.05	临床细胞分子遗传学专业	
18.24	传染病监测字典表（适用于国标20个数据集）		科室代码表	A30.06	其他	
18.24	传染病监测字典表（适用于国标20个数据集）		科室代码表	A31	病理科	
18.24	传染病监测字典表（适用于国标20个数据集）		科室代码表	A32	医学影像科	
18.24	传染病监测字典表（适用于国标20个数据集）		科室代码表	A32.01	X 线诊断专业	
18.24	传染病监测字典表（适用于国标20个数据集）		科室代码表	A32.02	CT 诊断专业	
18.24	传染病监测字典表（适用于国标20个数据集）		科室代码表	A32.03	磁共振成像诊断专业	
18.24	传染病监测字典表（适用于国标20个数据集）		科室代码表	A32.04	核医学专业	
18.24	传染病监测字典表（适用于国标20个数据集）		科室代码表	A32.05	超声诊断专业	
18.24	传染病监测字典表（适用于国标20个数据集）		科室代码表	A32.06	心电诊断专业	
18.24	传染病监测字典表（适用于国标20个数据集）		科室代码表	A32.07	脑电及脑血流图诊断专业	
18.24	传染病监测字典表（适用于国标20个数据集）		科室代码表	A32.08	神经肌肉电图专业	
18.24	传染病监测字典表（适用于国标20个数据集）		科室代码表	A32.09	介入放射学专业	
18.24	传染病监测字典表（适用于国标20个数据集）		科室代码表	A32.10	放射治疗专业	
18.24	传染病监测字典表（适用于国标20个数据集）		科室代码表	A32.11	其他	
18.24	传染病监测字典表（适用于国标20个数据集）		科室代码表	A50	中医科	
18.24	传染病监测字典表（适用于国标20个数据集）		科室代码表	A50.01	内科专业	
18.24	传染病监测字典表（适用于国标20个数据集）		科室代码表	A50.02	外科专业	
18.24	传染病监测字典表（适用于国标20个数据集）		科室代码表	A50.03	妇产科专业	
18.24	传染病监测字典表（适用于国标20个数据集）		科室代码表	A50.04	儿科专业	
18.24	传染病监测字典表（适用于国标20个数据集）		科室代码表	A50.05	皮肤科专业	
18.24	传染病监测字典表（适用于国标20个数据集）		科室代码表	A50.06	眼科专业	
18.24	传染病监测字典表（适用于国标20个数据集）		科室代码表	A50.07	耳鼻咽喉科专业	
18.24	传染病监测字典表（适用于国标20个数据集）		科室代码表	A50.08	口腔科专业	
18.24	传染病监测字典表（适用于国标20个数据集）		科室代码表	A50.09	肿瘤科专业	
18.24	传染病监测字典表（适用于国标20个数据集）		科室代码表	A50.10	骨伤科专业	
18.24	传染病监测字典表（适用于国标20个数据集）		科室代码表	A50.11	肛肠科专业	
18.24	传染病监测字典表（适用于国标20个数据集）		科室代码表	A50.12	老年病科专业	
18.24	传染病监测字典表（适用于国标20个数据集）		科室代码表	A50.13	针灸科专业	
18.24	传染病监测字典表（适用于国标20个数据集）		科室代码表	A50.14	推拿科专业	
18.24	传染病监测字典表（适用于国标20个数据集）		科室代码表	A50.15	康复医学专业	
18.24	传染病监测字典表（适用于国标20个数据集）		科室代码表	A50.16	急诊科专业	
18.24	传染病监测字典表（适用于国标20个数据集）		科室代码表	A50.17	预防保健科专业	
18.24	传染病监测字典表（适用于国标20个数据集）		科室代码表	A50.18	其他	
18.24	传染病监测字典表（适用于国标20个数据集）		科室代码表	A51	民族医学科	
18.24	传染病监测字典表（适用于国标20个数据集）		科室代码表	A51.01	维吾尔医学	
18.24	传染病监测字典表（适用于国标20个数据集）		科室代码表	A51.02	藏医学	
18.24	传染病监测字典表（适用于国标20个数据集）		科室代码表	A51.03	蒙医学	
18.24	传染病监测字典表（适用于国标20个数据集）		科室代码表	A51.04	彝医学	
18.24	传染病监测字典表（适用于国标20个数据集）		科室代码表	A51.05	傣医学	
18.24	传染病监测字典表（适用于国标20个数据集）		科室代码表	A51.06	其他	
18.24	传染病监测字典表（适用于国标20个数据集）		科室代码表	A52	中西医结合科	
18.24	传染病监测字典表（适用于国标20个数据集）		科室代码表	A53	发热门诊（诊室）	
18.24	传染病监测字典表（适用于国标20个数据集）		科室代码表	A69	其他业务科室	
18.24	传染病监测字典表（适用于国标20个数据集）		科室代码表	B01	传染病预防控制科(中心)	
18.24	传染病监测字典表（适用于国标20个数据集）		科室代码表	B02	性病艾滋病预防控制科(中心)	
18.24	传染病监测字典表（适用于国标20个数据集）		科室代码表	B03	结核病预防控制科(中心)	
18.24	传染病监测字典表（适用于国标20个数据集）		科室代码表	B04	血吸虫预防控制科(中心)	
18.24	传染病监测字典表（适用于国标20个数据集）		科室代码表	B05	慢性非传染性疾病预防控制科(中心)	
18.24	传染病监测字典表（适用于国标20个数据集）		科室代码表	B06	寄生虫病预防控制科(中心)	
18.24	传染病监测字典表（适用于国标20个数据集）		科室代码表	B07	地方病控制科(中心)	
18.24	传染病监测字典表（适用于国标20个数据集）		科室代码表	B08	精神卫生科(中心)	
18.24	传染病监测字典表（适用于国标20个数据集）		科室代码表	B09	妇幼保健科	
18.24	传染病监测字典表（适用于国标20个数据集）		科室代码表	B10	免疫规划科(中心)	
18.24	传染病监测字典表（适用于国标20个数据集）		科室代码表	B11	农村改水技术指导科(中心)	
18.24	传染病监测字典表（适用于国标20个数据集）		科室代码表	B12	疾病控制与应急处理办公室	
18.24	传染病监测字典表（适用于国标20个数据集）		科室代码表	B13	食品卫生科	
18.24	传染病监测字典表（适用于国标20个数据集）		科室代码表	B14	环境卫生所	
18.24	传染病监测字典表（适用于国标20个数据集）		科室代码表	B15	职业卫生科	
18.24	传染病监测字典表（适用于国标20个数据集）		科室代码表	B16	放射卫生科	
18.24	传染病监测字典表（适用于国标20个数据集）		科室代码表	B17	学校卫生科	
18.24	传染病监测字典表（适用于国标20个数据集）		科室代码表	B18	健康教育科(中心)	
18.24	传染病监测字典表（适用于国标20个数据集）		科室代码表	B19	预防医学门诊	
18.24	传染病监测字典表（适用于国标20个数据集）		科室代码表	B69	其他业务科室	
18.24	传染病监测字典表（适用于国标20个数据集）		科室代码表	C01	综合卫生监督科	
18.24	传染病监测字典表（适用于国标20个数据集）		科室代码表	C02	产品卫生监督科	
18.24	传染病监测字典表（适用于国标20个数据集）		科室代码表	C03	职业卫生监督科	
18.24	传染病监测字典表（适用于国标20个数据集）		科室代码表	C04	环境卫生监督科	
18.24	传染病监测字典表（适用于国标20个数据集）		科室代码表	C05	传染病执法监督科	
18.24	传染病监测字典表（适用于国标20个数据集）		科室代码表	C06	医疗服务监督科	
18.24	传染病监测字典表（适用于国标20个数据集）		科室代码表	C07	稽查科(大队)	
18.24	传染病监测字典表（适用于国标20个数据集）		科室代码表	C08	许可受理科	
18.24	传染病监测字典表（适用于国标20个数据集）		科室代码表	C09	放射卫生监督科	
18.24	传染病监测字典表（适用于国标20个数据集）		科室代码表	C10	学校卫生监督科	
18.24	传染病监测字典表（适用于国标20个数据集）		科室代码表	C11	食品安全监督科	
18.24	传染病监测字典表（适用于国标20个数据集）		科室代码表	C69	其他	
18.24	传染病监测字典表（适用于国标20个数据集）		科室代码表	D71	护理部	
18.24	传染病监测字典表（适用于国标20个数据集）		科室代码表	D72	药剂科(药房)	
18.24	传染病监测字典表（适用于国标20个数据集）		科室代码表	D73	感染科	
18.24	传染病监测字典表（适用于国标20个数据集）		科室代码表	D74	输血科(血库)	
18.24	传染病监测字典表（适用于国标20个数据集）		科室代码表	D81	办公室	
18.24	传染病监测字典表（适用于国标20个数据集）		科室代码表	D82	人事科	
18.24	传染病监测字典表（适用于国标20个数据集）		科室代码表	D83	财务科	
18.24	传染病监测字典表（适用于国标20个数据集）		科室代码表	D84	设备科	
18.24	传染病监测字典表（适用于国标20个数据集）		科室代码表	D85	信息科(中心)	
18.24	传染病监测字典表（适用于国标20个数据集）		科室代码表	D86	医政科	
18.24	传染病监测字典表（适用于国标20个数据集）		科室代码表	D87	教育培训科	
18.24	传染病监测字典表（适用于国标20个数据集）		科室代码表	D88	总务科	
18.24	传染病监测字典表（适用于国标20个数据集）		科室代码表	D89	新农合管理办公室	
18.24	传染病监测字典表（适用于国标20个数据集）		科室代码表	D99	其他科室	
18.25	传染病监测字典表（适用于国标20个数据集）		诊疗活动类型代码	1	门诊	
18.25	传染病监测字典表（适用于国标20个数据集）		诊疗活动类型代码	2	急诊	
18.25	传染病监测字典表（适用于国标20个数据集）		诊疗活动类型代码	3	留观入观	
18.25	传染病监测字典表（适用于国标20个数据集）		诊疗活动类型代码	4	留观出观	
18.25	传染病监测字典表（适用于国标20个数据集）		诊疗活动类型代码	5	入院	
18.25	传染病监测字典表（适用于国标20个数据集）		诊疗活动类型代码	6	住院	
18.25	传染病监测字典表（适用于国标20个数据集）		诊疗活动类型代码	7	首次病程	
18.25	传染病监测字典表（适用于国标20个数据集）		诊疗活动类型代码	8	日常病程	
18.25	传染病监测字典表（适用于国标20个数据集）		诊疗活动类型代码	9	出院	
18.28	传染病监测字典表（适用于国标20个数据集）	GB/T 4761-2008	家庭关系代码	0	本人或户主	
18.28	传染病监测字典表（适用于国标20个数据集）	GB/T 4761-2008	家庭关系代码	1	配偶	
18.28	传染病监测字典表（适用于国标20个数据集）	GB/T 4761-2008	家庭关系代码	2	子	
18.28	传染病监测字典表（适用于国标20个数据集）	GB/T 4761-2008	家庭关系代码	3	女	
18.28	传染病监测字典表（适用于国标20个数据集）	GB/T 4761-2008	家庭关系代码	4	孙子、孙女，或外孙子、外孙女	
18.28	传染病监测字典表（适用于国标20个数据集）	GB/T 4761-2008	家庭关系代码	5	父母	
18.28	传染病监测字典表（适用于国标20个数据集）	GB/T 4761-2008	家庭关系代码	6	祖父母或外祖父母	
18.28	传染病监测字典表（适用于国标20个数据集）	GB/T 4761-2008	家庭关系代码	7	兄、弟、姐、妹	
18.28	传染病监测字典表（适用于国标20个数据集）	GB/T 4761-2008	家庭关系代码	8	其他	
18.29	传染病监测字典表（适用于国标20个数据集）		医疗付费方式代码	01	城镇职工基本医疗保险	
18.29	传染病监测字典表（适用于国标20个数据集）		医疗付费方式代码	02	城乡居民基本医疗保险	
18.29	传染病监测字典表（适用于国标20个数据集）		医疗付费方式代码	03	新型农村合作医疗	
18.29	传染病监测字典表（适用于国标20个数据集）		医疗付费方式代码	04	贫困救助	
18.29	传染病监测字典表（适用于国标20个数据集）		医疗付费方式代码	05	商业医疗保险	
18.29	传染病监测字典表（适用于国标20个数据集）		医疗付费方式代码	06	公费医疗	
18.29	传染病监测字典表（适用于国标20个数据集）		医疗付费方式代码	07	全自费	
18.29	传染病监测字典表（适用于国标20个数据集）		医疗付费方式代码	08	国家免费	
18.29	传染病监测字典表（适用于国标20个数据集）		医疗付费方式代码	09	其他社会保险	
18.29	传染病监测字典表（适用于国标20个数据集）		医疗付费方式代码	99	其他	
18.29	传染病监测字典表（适用于国标20个数据集）		医疗付费方式代码	10	中央转移支付专项经费	
18.29	传染病监测字典表（适用于国标20个数据集）		医疗付费方式代码	11	部分免费	
18.29	传染病监测字典表（适用于国标20个数据集）		医疗付费方式代码	12	公共卫生服务地方病防治项目	
18.29	传染病监测字典表（适用于国标20个数据集）		医疗付费方式代码	13	国家补助或其它	
18.30	传染病监测字典表（适用于国标20个数据集）		标本类别代码	01	血液	
18.30	传染病监测字典表（适用于国标20个数据集）		标本类别代码	02	血管内导管	
18.30	传染病监测字典表（适用于国标20个数据集）		标本类别代码	03	血管内导管尖端	
18.30	传染病监测字典表（适用于国标20个数据集）		标本类别代码	04	脑脊液	
18.30	传染病监测字典表（适用于国标20个数据集）		标本类别代码	05	脑组织	
18.30	传染病监测字典表（适用于国标20个数据集）		标本类别代码	06	痰	
18.30	传染病监测字典表（适用于国标20个数据集）		标本类别代码	07	肺泡灌洗液	
18.30	传染病监测字典表（适用于国标20个数据集）		标本类别代码	08	经支气管镜防污染保护毛刷获得标本	
18.30	传染病监测字典表（适用于国标20个数据集）		标本类别代码	09	气管抽吸物	
18.30	传染病监测字典表（适用于国标20个数据集）		标本类别代码	10	上呼吸道拭子	
18.30	传染病监测字典表（适用于国标20个数据集）		标本类别代码	11	鼻拭子	
18.30	传染病监测字典表（适用于国标20个数据集）		标本类别代码	12	鼻咽拭子	
18.30	传染病监测字典表（适用于国标20个数据集）		标本类别代码	13	鼻咽部抽吸液	
18.30	传染病监测字典表（适用于国标20个数据集）		标本类别代码	14	鼻咽部洗液	
18.30	传染病监测字典表（适用于国标20个数据集）		标本类别代码	15	喉拭子	
18.30	传染病监测字典表（适用于国标20个数据集）		标本类别代码	16	口腔拭子	
18.30	传染病监测字典表（适用于国标20个数据集）		标本类别代码	17	咽拭子	
18.30	传染病监测字典表（适用于国标20个数据集）		标本类别代码	18	中段尿	
18.30	传染病监测字典表（适用于国标20个数据集）		标本类别代码	19	尿道拭子	
18.30	传染病监测字典表（适用于国标20个数据集）		标本类别代码	20	女性羊膜	
18.30	传染病监测字典表（适用于国标20个数据集）		标本类别代码	21	羊水	
18.30	传染病监测字典表（适用于国标20个数据集）		标本类别代码	22	妊娠产物	
18.30	传染病监测字典表（适用于国标20个数据集）		标本类别代码	23	宫颈拭子	
18.30	传染病监测字典表（适用于国标20个数据集）		标本类别代码	24	后穹窿抽吸液	
18.30	传染病监测字典表（适用于国标20个数据集）		标本类别代码	25	子宫内膜	
18.30	传染病监测字典表（适用于国标20个数据集）		标本类别代码	26	阴道分泌物	
18.30	传染病监测字典表（适用于国标20个数据集）		标本类别代码	27	生殖道损伤	
18.30	传染病监测字典表（适用于国标20个数据集）		标本类别代码	28	前列腺	
18.30	传染病监测字典表（适用于国标20个数据集）		标本类别代码	29	导尿管	
18.30	传染病监测字典表（适用于国标20个数据集）		标本类别代码	30	粪便	
18.30	传染病监测字典表（适用于国标20个数据集）		标本类别代码	31	直肠拭子	
18.30	传染病监测字典表（适用于国标20个数据集）		标本类别代码	32	肛拭子	
18.30	传染病监测字典表（适用于国标20个数据集）		标本类别代码	33	瘘管	
18.30	传染病监测字典表（适用于国标20个数据集）		标本类别代码	34	内镜下活检	
18.30	传染病监测字典表（适用于国标20个数据集）		标本类别代码	35	胃镜下活检	
18.30	传染病监测字典表（适用于国标20个数据集）		标本类别代码	36	脓肿	
18.30	传染病监测字典表（适用于国标20个数据集）		标本类别代码	37	脓肿组织	
18.30	传染病监测字典表（适用于国标20个数据集）		标本类别代码	38	脓肿液体	
18.30	传染病监测字典表（适用于国标20个数据集）		标本类别代码	39	脓肿拭子	
18.30	传染病监测字典表（适用于国标20个数据集）		标本类别代码	40	咬伤	
18.30	传染病监测字典表（适用于国标20个数据集）		标本类别代码	41	咬伤伤口组织	
18.30	传染病监测字典表（适用于国标20个数据集）		标本类别代码	42	咬伤伤口液体	
18.30	传染病监测字典表（适用于国标20个数据集）		标本类别代码	43	咬伤伤口拭子	
18.30	传染病监测字典表（适用于国标20个数据集）		标本类别代码	44	伤口	
18.30	传染病监测字典表（适用于国标20个数据集）		标本类别代码	45	伤口分泌物	
18.30	传染病监测字典表（适用于国标20个数据集）		标本类别代码	46	伤口组织	
18.30	传染病监测字典表（适用于国标20个数据集）		标本类别代码	47	骨髓	
18.30	传染病监测字典表（适用于国标20个数据集）		标本类别代码	48	骨骼	
18.30	传染病监测字典表（适用于国标20个数据集）		标本类别代码	49	皮肤	
18.30	传染病监测字典表（适用于国标20个数据集）		标本类别代码	50	皮肤-烧伤疮面	
18.30	传染病监测字典表（适用于国标20个数据集）		标本类别代码	51	皮肤-烧伤疮面拭子	
18.30	传染病监测字典表（适用于国标20个数据集）		标本类别代码	52	压疮溃疡	
18.30	传染病监测字典表（适用于国标20个数据集）		标本类别代码	53	牙龈	
18.30	传染病监测字典表（适用于国标20个数据集）		标本类别代码	54	牙周	
18.30	传染病监测字典表（适用于国标20个数据集）		标本类别代码	55	根尖周	
18.30	传染病监测字典表（适用于国标20个数据集）		标本类别代码	56	内耳标本	
18.30	传染病监测字典表（适用于国标20个数据集）		标本类别代码	57	外耳拭子	
18.30	传染病监测字典表（适用于国标20个数据集）		标本类别代码	58	结膜拭子	
18.30	传染病监测字典表（适用于国标20个数据集）		标本类别代码	59	角膜刮擦	
18.30	传染病监测字典表（适用于国标20个数据集）		标本类别代码	60	前房水	
18.30	传染病监测字典表（适用于国标20个数据集）		标本类别代码	61	玻璃体	
18.30	传染病监测字典表（适用于国标20个数据集）		标本类别代码	62	胸水	
18.30	传染病监测字典表（适用于国标20个数据集）		标本类别代码	63	腹水	
18.30	传染病监测字典表（适用于国标20个数据集）		标本类别代码	64	心包液	
18.30	传染病监测字典表（适用于国标20个数据集）		标本类别代码	65	关节液	
18.30	传染病监测字典表（适用于国标20个数据集）		标本类别代码	66	胆汁	
18.30	传染病监测字典表（适用于国标20个数据集）		标本类别代码	67	坏疽组织	
18.30	传染病监测字典表（适用于国标20个数据集）		标本类别代码	68	头发	
18.30	传染病监测字典表（适用于国标20个数据集）		标本类别代码	69	指甲	
18.30	传染病监测字典表（适用于国标20个数据集）		标本类别代码	70	活体组织	
18.30	传染病监测字典表（适用于国标20个数据集）		标本类别代码	99	其他	
18.31	传染病监测字典表（适用于国标20个数据集）		药物剂量单位代码	01	克（g）	
18.31	传染病监测字典表（适用于国标20个数据集）		药物剂量单位代码	02	毫克（mg）	
18.31	传染病监测字典表（适用于国标20个数据集）		药物剂量单位代码	03	微克（μg）	
18.31	传染病监测字典表（适用于国标20个数据集）		药物剂量单位代码	04	纳克（ng）	
18.31	传染病监测字典表（适用于国标20个数据集）		药物剂量单位代码	05	升（L）	
18.31	传染病监测字典表（适用于国标20个数据集）		药物剂量单位代码	06	毫升（ml）	
18.31	传染病监测字典表（适用于国标20个数据集）		药物剂量单位代码	07	国际单位（IU）	
18.31	传染病监测字典表（适用于国标20个数据集）		药物剂量单位代码	08	单位（U）	
18.31	传染病监测字典表（适用于国标20个数据集）		药物剂量单位代码	99	其他	
18.32	传染病监测字典表（适用于国标20个数据集）		病情转归代码表	1	治愈	达到治愈标准或症状消失、功能恢复、创口愈合
18.32	传染病监测字典表（适用于国标20个数据集）		病情转归代码表	2	好转	达到好转标准或症状减轻、功能部分恢复、体征改善
18.32	传染病监测字典表（适用于国标20个数据集）		病情转归代码表	3	稳定	病情无明显变化或加重
18.32	传染病监测字典表（适用于国标20个数据集）		病情转归代码表	4	恶化	病情加重
18.32	传染病监测字典表（适用于国标20个数据集）		病情转归代码表	5	死亡	患者死亡
18.32	传染病监测字典表（适用于国标20个数据集）		病情转归代码表	9	其他	通常指非伤病而又需医学处置的情况
18.33	传染病监测字典表（适用于国标20个数据集）		实验室病原体检验采集范围	A001	类天花病毒	
18.33	传染病监测字典表（适用于国标20个数据集）		实验室病原体检验采集范围	A002	天花病毒	
18.33	传染病监测字典表（适用于国标20个数据集）		实验室病原体检验采集范围	A003	猴痘病毒g	
18.33	传染病监测字典表（适用于国标20个数据集）		实验室病原体检验采集范围	A004	亨德拉病毒	
18.33	传染病监测字典表（适用于国标20个数据集）		实验室病原体检验采集范围	A005	尼帕病毒	
18.33	传染病监测字典表（适用于国标20个数据集）		实验室病原体检验采集范围	A006	希普尔病毒	
18.33	传染病监测字典表（适用于国标20个数据集）		实验室病原体检验采集范围	A007	库姆灵厄病毒	
18.33	传染病监测字典表（适用于国标20个数据集）		实验室病原体检验采集范围	A008	卡萨诺尔森林病病毒	
18.33	传染病监测字典表（适用于国标20个数据集）		实验室病原体检验采集范围	A009	跳跃病病毒	
18.33	传染病监测字典表（适用于国标20个数据集）		实验室病原体检验采集范围	A010	汉扎罗瓦病毒	
18.33	传染病监测字典表（适用于国标20个数据集）		实验室病原体检验采集范围	A011	鄂木斯克出血热病毒	
18.33	传染病监测字典表（适用于国标20个数据集）		实验室病原体检验采集范围	A012	圣路易斯脑炎病毒	
18.33	传染病监测字典表（适用于国标20个数据集）		实验室病原体检验采集范围	A013	蜱传脑炎病毒h	
18.33	传染病监测字典表（适用于国标20个数据集）		实验室病原体检验采集范围	A014	黄热病毒	
18.33	传染病监测字典表（适用于国标20个数据集）		实验室病原体检验采集范围	A015	克里米亚—刚果出血热病毒（新疆出血热病毒）	
18.33	传染病监测字典表（适用于国标20个数据集）		实验室病原体检验采集范围	A016	猴疱疹病毒	
18.33	传染病监测字典表（适用于国标20个数据集）		实验室病原体检验采集范围	A017	东方马脑炎病毒	
18.33	传染病监测字典表（适用于国标20个数据集）		实验室病原体检验采集范围	A018	委内瑞拉马脑炎病毒	
18.33	传染病监测字典表（适用于国标20个数据集）		实验室病原体检验采集范围	A019	西方马脑炎病毒	
18.33	传染病监测字典表（适用于国标20个数据集）		实验室病原体检验采集范围	A020	弗莱克索尔病毒	
18.33	传染病监测字典表（适用于国标20个数据集）		实验室病原体检验采集范围	A021	鸠宁病毒	
18.33	传染病监测字典表（适用于国标20个数据集）		实验室病原体检验采集范围	A022	瓜纳瑞托病毒	
18.33	传染病监测字典表（适用于国标20个数据集）		实验室病原体检验采集范围	A023	拉沙热病毒	
18.33	传染病监测字典表（适用于国标20个数据集）		实验室病原体检验采集范围	A024	马秋波病毒	
18.33	传染病监测字典表（适用于国标20个数据集）		实验室病原体检验采集范围	A025	莫佩亚病毒（和其他塔卡里伯病毒）	
18.33	传染病监测字典表（适用于国标20个数据集）		实验室病原体检验采集范围	A026	萨比亚病毒	
18.33	传染病监测字典表（适用于国标20个数据集）		实验室病原体检验采集范围	A027	塔卡里伯病毒	
18.33	传染病监测字典表（适用于国标20个数据集）		实验室病原体检验采集范围	A028	埃博拉病毒	
18.33	传染病监测字典表（适用于国标20个数据集）		实验室病原体检验采集范围	A029	马尔堡病毒	
18.33	传染病监测字典表（适用于国标20个数据集）		实验室病原体检验采集范围	A030	大别班达病毒（发热伴血小板减少综合征病毒）	
18.33	传染病监测字典表（适用于国标20个数据集）		实验室病原体检验采集范围	A031	戈尔迪病毒	
18.33	传染病监测字典表（适用于国标20个数据集）		实验室病原体检验采集范围	A032	哈特兰病毒	
18.33	传染病监测字典表（适用于国标20个数据集）		实验室病原体检验采集范围	A033	伊泰图巴病毒	
18.33	传染病监测字典表（适用于国标20个数据集）		实验室病原体检验采集范围	A034	哈桑病毒	
18.33	传染病监测字典表（适用于国标20个数据集）		实验室病原体检验采集范围	A035	拉兹丹病毒	
18.33	传染病监测字典表（适用于国标20个数据集）		实验室病原体检验采集范围	A036	裂谷热病毒	
18.33	传染病监测字典表（适用于国标20个数据集）		实验室病原体检验采集范围	A037	加尔巴病毒	
18.33	传染病监测字典表（适用于国标20个数据集）		实验室病原体检验采集范围	A038	狂犬病病毒（街毒）	
18.33	传染病监测字典表（适用于国标20个数据集）		实验室病原体检验采集范围	A039	罗尚博病毒	
18.33	传染病监测字典表（适用于国标20个数据集）		实验室病原体检验采集范围	A040	伊年加皮病毒	
18.33	传染病监测字典表（适用于国标20个数据集）		实验室病原体检验采集范围	A041	中东呼吸综合征冠状病毒（MERS冠状病毒）	
18.33	传染病监测字典表（适用于国标20个数据集）		实验室病原体检验采集范围	A042	严重急性呼吸综合征冠状病毒（SARS冠状病毒）	
18.33	传染病监测字典表（适用于国标20个数据集）		实验室病原体检验采集范围	A043	新型冠状病毒i	
18.33	传染病监测字典表（适用于国标20个数据集）		实验室病原体检验采集范围	A044	引起肺综合征的汉坦病毒	
18.33	传染病监测字典表（适用于国标20个数据集）		实验室病原体检验采集范围	A045	引起肾综合征出血热的汉坦病毒	
18.33	传染病监测字典表（适用于国标20个数据集）		实验室病原体检验采集范围	A046	乙型脑炎病毒（日本脑炎病毒）	
18.33	传染病监测字典表（适用于国标20个数据集）		实验室病原体检验采集范围	A047	墨累谷脑炎病毒	
18.33	传染病监测字典表（适用于国标20个数据集）		实验室病原体检验采集范围	A048	根岸病毒	
18.33	传染病监测字典表（适用于国标20个数据集）		实验室病原体检验采集范围	A049	波瓦森病毒	
18.33	传染病监测字典表（适用于国标20个数据集）		实验室病原体检验采集范围	A050	罗西奥病毒	
18.33	传染病监测字典表（适用于国标20个数据集）		实验室病原体检验采集范围	A051	塞皮克病毒	
18.33	传染病监测字典表（适用于国标20个数据集）		实验室病原体检验采集范围	A052	西尼罗病毒	
18.33	传染病监测字典表（适用于国标20个数据集）		实验室病原体检验采集范围	A053	伊塞克病毒	
18.33	传染病监测字典表（适用于国标20个数据集）		实验室病原体检验采集范围	A054	内罗毕绵羊病病毒	
18.33	传染病监测字典表（适用于国标20个数据集）		实验室病原体检验采集范围	A055	萨哈林病毒（幌筵岛病毒）	
18.33	传染病监测字典表（适用于国标20个数据集）		实验室病原体检验采集范围	A056	塔姆德病毒	
18.33	传染病监测字典表（适用于国标20个数据集）		实验室病原体检验采集范围	A057	人免疫缺陷病毒（Ⅰ型和Ⅱ型）j	
18.33	传染病监测字典表（适用于国标20个数据集）		实验室病原体检验采集范围	A058	猴免疫缺陷病毒	
18.33	传染病监测字典表（适用于国标20个数据集）		实验室病原体检验采集范围	A059	基孔肯雅病毒	
18.33	传染病监测字典表（适用于国标20个数据集）		实验室病原体检验采集范围	A060	埃弗格莱兹病毒	
18.33	传染病监测字典表（适用于国标20个数据集）		实验室病原体检验采集范围	A061	库孜拉加奇病毒	
18.33	传染病监测字典表（适用于国标20个数据集）		实验室病原体检验采集范围	A062	马亚罗病毒	
18.33	传染病监测字典表（适用于国标20个数据集）		实验室病原体检验采集范围	A063	米德尔堡病毒	
18.33	传染病监测字典表（适用于国标20个数据集）		实验室病原体检验采集范围	A064	穆坎布病毒	
18.33	传染病监测字典表（适用于国标20个数据集）		实验室病原体检验采集范围	A065	恩杜姆病毒	
18.33	传染病监测字典表（适用于国标20个数据集）		实验室病原体检验采集范围	A066	鹭山病毒	
18.33	传染病监测字典表（适用于国标20个数据集）		实验室病原体检验采集范围	A067	淋巴细胞脉络丛脑膜炎（嗜神经性的）病毒	
18.33	传染病监测字典表（适用于国标20个数据集）		实验室病原体检验采集范围	A068	脊髓灰质炎病毒k	
18.33	传染病监测字典表（适用于国标20个数据集）		实验室病原体检验采集范围	A069	多里病毒	
18.33	传染病监测字典表（适用于国标20个数据集）		实验室病原体检验采集范围	A070	高致病性禽流感病毒	
18.33	传染病监测字典表（适用于国标20个数据集）		实验室病原体检验采集范围	A071	加利福尼亚脑炎病毒	
18.33	传染病监测字典表（适用于国标20个数据集）		实验室病原体检验采集范围	A072	格米斯顿病毒	
18.33	传染病监测字典表（适用于国标20个数据集）		实验室病原体检验采集范围	A073	伊尼尼病毒（辛布正布尼亚病毒）	
18.33	传染病监测字典表（适用于国标20个数据集）		实验室病原体检验采集范围	A074	奥罗普切病毒	
18.33	传染病监测字典表（适用于国标20个数据集）		实验室病原体检验采集范围	A075	白蛉热病毒	
18.33	传染病监测字典表（适用于国标20个数据集）		实验室病原体检验采集范围	A076	诺如病毒	
18.33	传染病监测字典表（适用于国标20个数据集）		实验室病原体检验采集范围	A077	札如病毒	
18.33	传染病监测字典表（适用于国标20个数据集）		实验室病原体检验采集范围	A078	费兰杜病毒	
18.33	传染病监测字典表（适用于国标20个数据集）		实验室病原体检验采集范围	A079	哈特帕克病毒	
18.33	传染病监测字典表（适用于国标20个数据集）		实验室病原体检验采集范围	A080	狂犬病病毒（固定毒）	
18.33	传染病监测字典表（适用于国标20个数据集）		实验室病原体检验采集范围	A081	水疱性口炎病毒	
18.33	传染病监测字典表（适用于国标20个数据集）		实验室病原体检验采集范围	A082	水牛痘病毒	
18.33	传染病监测字典表（适用于国标20个数据集）		实验室病原体检验采集范围	A083	骆驼痘病毒	
18.33	传染病监测字典表（适用于国标20个数据集）		实验室病原体检验采集范围	A084	牛痘病毒	
18.33	传染病监测字典表（适用于国标20个数据集）		实验室病原体检验采集范围	A085	传染性软疣病毒	
18.33	传染病监测字典表（适用于国标20个数据集）		实验室病原体检验采集范围	A086	口疮病毒	
18.33	传染病监测字典表（适用于国标20个数据集）		实验室病原体检验采集范围	A087	假牛痘病毒（挤奶工结节病毒）	
18.33	传染病监测字典表（适用于国标20个数据集）		实验室病原体检验采集范围	A088	兔痘病毒	
18.33	传染病监测字典表（适用于国标20个数据集）		实验室病原体检验采集范围	A089	塔那痘病毒	
18.33	传染病监测字典表（适用于国标20个数据集）		实验室病原体检验采集范围	A090	痘苗病毒	
18.33	传染病监测字典表（适用于国标20个数据集）		实验室病原体检验采集范围	A091	多瘤病毒	
18.33	传染病监测字典表（适用于国标20个数据集）		实验室病原体检验采集范围	A092	猴病毒40	
18.33	传染病监测字典表（适用于国标20个数据集）		实验室病原体检验采集范围	A093	偏肺病毒	
18.33	传染病监测字典表（适用于国标20个数据集）		实验室病原体检验采集范围	A094	呼吸道合胞病毒	
18.33	传染病监测字典表（适用于国标20个数据集）		实验室病原体检验采集范围	A095	风疹病毒	
18.33	传染病监测字典表（适用于国标20个数据集）		实验室病原体检验采集范围	A096	麻疹病毒	
18.33	传染病监测字典表（适用于国标20个数据集）		实验室病原体检验采集范围	A097	流行性腮腺炎病毒	
18.33	传染病监测字典表（适用于国标20个数据集）		实验室病原体检验采集范围	A098	副流感病毒	
18.33	传染病监测字典表（适用于国标20个数据集）		实验室病原体检验采集范围	A099	仙台病毒（鼠副流感病毒1型）	
18.33	传染病监测字典表（适用于国标20个数据集）		实验室病原体检验采集范围	A100	冠状病毒（低致病性）	
18.33	传染病监测字典表（适用于国标20个数据集）		实验室病原体检验采集范围	A101	柯尔替病毒	
18.33	传染病监测字典表（适用于国标20个数据集）		实验室病原体检验采集范围	A102	轮状病毒	
18.33	传染病监测字典表（适用于国标20个数据集）		实验室病原体检验采集范围	A103	登革病毒	
18.33	传染病监测字典表（适用于国标20个数据集）		实验室病原体检验采集范围	A104	黄病毒（非高致病性）	
18.33	传染病监测字典表（适用于国标20个数据集）		实验室病原体检验采集范围	A105	丙型肝炎病毒	
18.33	传染病监测字典表（适用于国标20个数据集）		实验室病原体检验采集范围	A106	昆津病毒	
18.33	传染病监测字典表（适用于国标20个数据集）		实验室病原体检验采集范围	A107	兰加特病毒	
18.33	传染病监测字典表（适用于国标20个数据集）		实验室病原体检验采集范围	A108	索马里兹礁病毒	
18.33	传染病监测字典表（适用于国标20个数据集）		实验室病原体检验采集范围	A109	黄热病毒（疫苗株，17D）	
18.33	传染病监测字典表（适用于国标20个数据集）		实验室病原体检验采集范围	A110	寨卡病毒	
18.33	传染病监测字典表（适用于国标20个数据集）		实验室病原体检验采集范围	A111	哈扎拉病毒	
18.33	传染病监测字典表（适用于国标20个数据集）		实验室病原体检验采集范围	A112	人T细胞白血病病毒	
18.33	传染病监测字典表（适用于国标20个数据集）		实验室病原体检验采集范围	A113	慢病毒（非高致病性）	
18.33	传染病监测字典表（适用于国标20个数据集）		实验室病原体检验采集范围	A114	巨细胞病毒	
18.33	传染病监测字典表（适用于国标20个数据集）		实验室病原体检验采集范围	A115	EB病毒	
18.33	传染病监测字典表（适用于国标20个数据集）		实验室病原体检验采集范围	A116	单纯疱疹病毒	
18.33	传染病监测字典表（适用于国标20个数据集）		实验室病原体检验采集范围	A117	松鼠猴疱疹病毒	
18.33	传染病监测字典表（适用于国标20个数据集）		实验室病原体检验采集范围	A118	人疱疹病毒6型	
18.33	传染病监测字典表（适用于国标20个数据集）		实验室病原体检验采集范围	A119	人疱疹病毒7型	
18.33	传染病监测字典表（适用于国标20个数据集）		实验室病原体检验采集范围	A120	人疱疹病毒8型	
18.33	传染病监测字典表（适用于国标20个数据集）		实验室病原体检验采集范围	A121	水痘－带状疱疹病毒	
18.33	传染病监测字典表（适用于国标20个数据集）		实验室病原体检验采集范围	A122	甲病毒（非高致病性）	
18.33	传染病监测字典表（适用于国标20个数据集）		实验室病原体检验采集范围	A123	巴尔马森林病毒	
18.33	传染病监测字典表（适用于国标20个数据集）		实验室病原体检验采集范围	A124	比巴鲁病毒	
18.33	传染病监测字典表（适用于国标20个数据集）		实验室病原体检验采集范围	A125	盖塔病毒	
18.33	传染病监测字典表（适用于国标20个数据集）		实验室病原体检验采集范围	A126	阿尼昂-尼昂病毒	
18.33	传染病监测字典表（适用于国标20个数据集）		实验室病原体检验采集范围	A127	罗斯河病毒	
18.33	传染病监测字典表（适用于国标20个数据集）		实验室病原体检验采集范围	A128	塞姆利基森林病毒	
18.33	传染病监测字典表（适用于国标20个数据集）		实验室病原体检验采集范围	A129	辛德毕斯病毒	
18.33	传染病监测字典表（适用于国标20个数据集）		实验室病原体检验采集范围	A130	人乳头瘤病毒	
18.33	传染病监测字典表（适用于国标20个数据集）		实验室病原体检验采集范围	A131	淋巴细胞性脉络丛脑膜炎病毒（亲内脏型）	
18.33	传染病监测字典表（适用于国标20个数据集）		实验室病原体检验采集范围	A132	乙型肝炎病毒	
18.33	传染病监测字典表（适用于国标20个数据集）		实验室病原体检验采集范围	A133	丁型肝炎病毒	
18.33	传染病监测字典表（适用于国标20个数据集）		实验室病原体检验采集范围	A134	戊型肝炎病毒	
18.33	传染病监测字典表（适用于国标20个数据集）		实验室病原体检验采集范围	A135	腺病毒伴随病毒	
18.33	传染病监测字典表（适用于国标20个数据集）		实验室病原体检验采集范围	A136	博卡病毒	
18.33	传染病监测字典表（适用于国标20个数据集）		实验室病原体检验采集范围	A137	细小病毒B19	
18.33	传染病监测字典表（适用于国标20个数据集）		实验室病原体检验采集范围	A138	腺病毒	
18.33	传染病监测字典表（适用于国标20个数据集）		实验室病原体检验采集范围	A139	心病毒l	
18.33	传染病监测字典表（适用于国标20个数据集）		实验室病原体检验采集范围	A140	柯萨奇病毒	
18.33	传染病监测字典表（适用于国标20个数据集）		实验室病原体检验采集范围	A141	埃可病毒	
18.33	传染病监测字典表（适用于国标20个数据集）		实验室病原体检验采集范围	A142	肠道病毒l	
18.33	传染病监测字典表（适用于国标20个数据集）		实验室病原体检验采集范围	A143	肠道病毒A71型	
18.33	传染病监测字典表（适用于国标20个数据集）		实验室病原体检验采集范围	A144	甲型肝炎病毒	
18.33	传染病监测字典表（适用于国标20个数据集）		实验室病原体检验采集范围	A145	库赛病毒l	
18.33	传染病监测字典表（适用于国标20个数据集）		实验室病原体检验采集范围	A146	嵴病毒l	
18.33	传染病监测字典表（适用于国标20个数据集）		实验室病原体检验采集范围	A147	副肠孤病毒	
18.33	传染病监测字典表（适用于国标20个数据集）		实验室病原体检验采集范围	A148	鼻病毒	
18.33	传染病监测字典表（适用于国标20个数据集）		实验室病原体检验采集范围	A149	星状病毒	
18.33	传染病监测字典表（适用于国标20个数据集）		实验室病原体检验采集范围	A150	甲型H3N2流感病毒	
18.33	传染病监测字典表（适用于国标20个数据集）		实验室病原体检验采集范围	A151	甲型H1N1流感病毒	
18.33	传染病监测字典表（适用于国标20个数据集）		实验室病原体检验采集范围	A152	瓜纳图巴病毒	
18.33	传染病监测字典表（适用于国标20个数据集）		实验室病原体检验采集范围	A153	拉克罗斯病毒	
18.33	传染病监测字典表（适用于国标20个数据集）		实验室病原体检验采集范围	A154	塔黑纳病毒	
18.33	传染病监测字典表（适用于国标20个数据集）		实验室病原体检验采集范围	A155	滕索病毒	
18.33	传染病监测字典表（适用于国标20个数据集）		实验室病原体检验采集范围	A156	特洛克病毒	
18.33	传染病监测字典表（适用于国标20个数据集）		实验室病原体检验采集范围	A157	金黄地鼠白血病病毒	
18.33	传染病监测字典表（适用于国标20个数据集）		实验室病原体检验采集范围	A158	小鼠白血病病毒	
18.33	传染病监测字典表（适用于国标20个数据集）		实验室病原体检验采集范围	A159	小鼠乳腺瘤病毒	
18.33	传染病监测字典表（适用于国标20个数据集）		实验室病原体检验采集范围	A160	豚鼠疱疹病毒	
18.33	传染病监测字典表（适用于国标20个数据集）		实验室病原体检验采集范围	A161	嗜吞噬细胞无形体	
18.33	传染病监测字典表（适用于国标20个数据集）		实验室病原体检验采集范围	A162	炭疽芽孢杆菌	
18.33	传染病监测字典表（适用于国标20个数据集）		实验室病原体检验采集范围	A163	布鲁氏菌属	
18.33	传染病监测字典表（适用于国标20个数据集）		实验室病原体检验采集范围	A164	鼻疽伯克霍尔德菌	
18.33	传染病监测字典表（适用于国标20个数据集）		实验室病原体检验采集范围	A165	类鼻疽伯克霍尔德菌	
18.33	传染病监测字典表（适用于国标20个数据集）		实验室病原体检验采集范围	A166	伯氏考克斯氏体	
18.33	传染病监测字典表（适用于国标20个数据集）		实验室病原体检验采集范围	A167	土拉弗朗西斯菌	
18.33	传染病监测字典表（适用于国标20个数据集）		实验室病原体检验采集范围	A168	牛分枝杆菌	
18.33	传染病监测字典表（适用于国标20个数据集）		实验室病原体检验采集范围	A169	结核分枝杆菌	
18.33	传染病监测字典表（适用于国标20个数据集）		实验室病原体检验采集范围	A170	立克次体属斑疹热群	
18.33	传染病监测字典表（适用于国标20个数据集）		实验室病原体检验采集范围	A171	莫氏立克次体	
18.33	传染病监测字典表（适用于国标20个数据集）		实验室病原体检验采集范围	A172	普氏立克次体	
18.33	传染病监测字典表（适用于国标20个数据集）		实验室病原体检验采集范围	A173	恙虫病东方体	
18.33	传染病监测字典表（适用于国标20个数据集）		实验室病原体检验采集范围	A174	卢氏立克次体	
18.33	传染病监测字典表（适用于国标20个数据集）		实验室病原体检验采集范围	A175	西伯利亚立克次体	
18.33	传染病监测字典表（适用于国标20个数据集）		实验室病原体检验采集范围	A176	塔拉萨维奇立克次体	
18.33	传染病监测字典表（适用于国标20个数据集）		实验室病原体检验采集范围	A177	山羊无形体	
18.33	传染病监测字典表（适用于国标20个数据集）		实验室病原体检验采集范围	A178	霍乱弧菌	
18.33	传染病监测字典表（适用于国标20个数据集）		实验室病原体检验采集范围	A179	鼠疫耶尔森菌	
18.33	传染病监测字典表（适用于国标20个数据集）		实验室病原体检验采集范围	A180	鲍氏不动杆菌	
18.33	传染病监测字典表（适用于国标20个数据集）		实验室病原体检验采集范围	A181	鲁氏不动杆菌	
18.33	传染病监测字典表（适用于国标20个数据集）		实验室病原体检验采集范围	A182	马杜拉放线菌	
18.33	传染病监测字典表（适用于国标20个数据集）		实验室病原体检验采集范围	A183	白乐杰马杜拉放线菌	
18.33	传染病监测字典表（适用于国标20个数据集）		实验室病原体检验采集范围	A184	牛型放线菌	
18.33	传染病监测字典表（适用于国标20个数据集）		实验室病原体检验采集范围	A185	戈氏放线菌	
18.33	传染病监测字典表（适用于国标20个数据集）		实验室病原体检验采集范围	A186	衣氏放线菌	
18.33	传染病监测字典表（适用于国标20个数据集）		实验室病原体检验采集范围	A187	内氏放线菌	
18.33	传染病监测字典表（适用于国标20个数据集）		实验室病原体检验采集范围	A188	放线菌属其他种	
18.33	传染病监测字典表（适用于国标20个数据集）		实验室病原体检验采集范围	A189	嗜水气单胞菌	
18.33	传染病监测字典表（适用于国标20个数据集）		实验室病原体检验采集范围	A190	斑点气单胞菌	
18.33	传染病监测字典表（适用于国标20个数据集）		实验室病原体检验采集范围	A191	气单胞菌属其他种	
18.33	传染病监测字典表（适用于国标20个数据集）		实验室病原体检验采集范围	A192	阿菲波菌属	
18.33	传染病监测字典表（适用于国标20个数据集）		实验室病原体检验采集范围	A193	伴放线菌团聚杆菌	
18.33	传染病监测字典表（适用于国标20个数据集）		实验室病原体检验采集范围	A194	丙酸蛛菌	
18.33	传染病监测字典表（适用于国标20个数据集）		实验室病原体检验采集范围	A195	马隐秘杆菌	
18.33	传染病监测字典表（适用于国标20个数据集）		实验室病原体检验采集范围	A196	溶血隐秘杆菌	
18.33	传染病监测字典表（适用于国标20个数据集）		实验室病原体检验采集范围	A197	蜡样芽孢杆菌	
18.33	传染病监测字典表（适用于国标20个数据集）		实验室病原体检验采集范围	A198	脆弱拟杆菌	
18.33	传染病监测字典表（适用于国标20个数据集）		实验室病原体检验采集范围	A199	杆状样巴尔通氏体	
18.33	传染病监测字典表（适用于国标20个数据集）		实验室病原体检验采集范围	A200	克氏巴尔通氏体	
18.33	传染病监测字典表（适用于国标20个数据集）		实验室病原体检验采集范围	A201	多氏巴尔通氏体	
18.33	传染病监测字典表（适用于国标20个数据集）		实验室病原体检验采集范围	A202	依利莎白巴尔通氏体	
18.33	传染病监测字典表（适用于国标20个数据集）		实验室病原体检验采集范围	A203	格氏巴尔通氏体	
18.33	传染病监测字典表（适用于国标20个数据集）		实验室病原体检验采集范围	A204	汉氏巴尔通氏体	
18.33	传染病监测字典表（适用于国标20个数据集）		实验室病原体检验采集范围	A205	科氏巴尔通氏体	
18.33	传染病监测字典表（适用于国标20个数据集）		实验室病原体检验采集范围	A206	五日热巴尔通氏体	
18.33	传染病监测字典表（适用于国标20个数据集）		实验室病原体检验采集范围	A207	部落巴尔通氏体	
18.33	传染病监测字典表（适用于国标20个数据集）		实验室病原体检验采集范围	A208	文氏巴尔通氏体文氏亚种	
18.33	传染病监测字典表（适用于国标20个数据集）		实验室病原体检验采集范围	A209	支气管炎鲍特氏菌	
18.33	传染病监测字典表（适用于国标20个数据集）		实验室病原体检验采集范围	A210	副百日咳鲍特氏菌	
18.33	传染病监测字典表（适用于国标20个数据集）		实验室病原体检验采集范围	A211	百日咳鲍特氏菌	
18.33	传染病监测字典表（适用于国标20个数据集）		实验室病原体检验采集范围	A212	布氏疏螺旋体	
18.33	传染病监测字典表（适用于国标20个数据集）		实验室病原体检验采集范围	A213	达氏疏螺旋体	
18.33	传染病监测字典表（适用于国标20个数据集）		实验室病原体检验采集范围	A214	回归热疏螺旋体	
18.33	传染病监测字典表（适用于国标20个数据集）		实验室病原体检验采集范围	A215	奋森疏螺旋体	
18.33	传染病监测字典表（适用于国标20个数据集）		实验室病原体检验采集范围	A216	短螺菌属	
18.33	传染病监测字典表（适用于国标20个数据集）		实验室病原体检验采集范围	A217	肉芽肿鞘杆菌	
18.33	传染病监测字典表（适用于国标20个数据集）		实验室病原体检验采集范围	A218	结肠弯曲杆菌	
18.33	传染病监测字典表（适用于国标20个数据集）		实验室病原体检验采集范围	A219	胎儿弯曲杆菌	
18.33	传染病监测字典表（适用于国标20个数据集）		实验室病原体检验采集范围	A220	空肠弯曲杆菌	
18.33	传染病监测字典表（适用于国标20个数据集）		实验室病原体检验采集范围	A221	唾液弯曲杆菌	
18.33	传染病监测字典表（适用于国标20个数据集）		实验室病原体检验采集范围	A222	弯曲杆菌属其他种	
18.33	传染病监测字典表（适用于国标20个数据集）		实验室病原体检验采集范围	A223	肺炎衣原体	
18.33	传染病监测字典表（适用于国标20个数据集）		实验室病原体检验采集范围	A224	鹦鹉衣原体	
18.33	传染病监测字典表（适用于国标20个数据集）		实验室病原体检验采集范围	A225	沙眼衣原体	
18.33	传染病监测字典表（适用于国标20个数据集）		实验室病原体检验采集范围	A226	肉毒梭菌	
18.33	传染病监测字典表（适用于国标20个数据集）		实验室病原体检验采集范围	A227	艰难拟梭菌	
18.33	传染病监测字典表（适用于国标20个数据集）		实验室病原体检验采集范围	A228	马梭菌	
18.33	传染病监测字典表（适用于国标20个数据集）		实验室病原体检验采集范围	A229	溶血梭菌	
18.33	传染病监测字典表（适用于国标20个数据集）		实验室病原体检验采集范围	A230	诺氏梭菌	
18.33	传染病监测字典表（适用于国标20个数据集）		实验室病原体检验采集范围	A231	产气荚膜梭菌	
18.33	传染病监测字典表（适用于国标20个数据集）		实验室病原体检验采集范围	A232	破伤风梭菌	
18.33	传染病监测字典表（适用于国标20个数据集）		实验室病原体检验采集范围	A233	牛棒杆菌	
18.33	传染病监测字典表（适用于国标20个数据集）		实验室病原体检验采集范围	A234	白喉棒杆菌	
18.33	传染病监测字典表（适用于国标20个数据集）		实验室病原体检验采集范围	A235	极小棒杆菌	
18.33	传染病监测字典表（适用于国标20个数据集）		实验室病原体检验采集范围	A236	假结核棒杆菌	
18.33	传染病监测字典表（适用于国标20个数据集）		实验室病原体检验采集范围	A237	纹带棒杆菌	
18.33	传染病监测字典表（适用于国标20个数据集）		实验室病原体检验采集范围	A238	溃疡棒杆菌	
18.33	传染病监测字典表（适用于国标20个数据集）		实验室病原体检验采集范围	A239	刚果嗜皮菌	
18.33	传染病监测字典表（适用于国标20个数据集）		实验室病原体检验采集范围	A240	迟钝爱德华氏菌	
18.33	传染病监测字典表（适用于国标20个数据集）		实验室病原体检验采集范围	A241	怡菲埃里希氏体	
18.33	传染病监测字典表（适用于国标20个数据集）		实验室病原体检验采集范围	A242	啮蚀艾肯氏菌	
18.33	传染病监测字典表（适用于国标20个数据集）		实验室病原体检验采集范围	A243	产气肠杆菌	
18.33	传染病监测字典表（适用于国标20个数据集）		实验室病原体检验采集范围	A244	阴沟肠杆菌	
18.33	传染病监测字典表（适用于国标20个数据集）		实验室病原体检验采集范围	A245	肠杆菌属其他种	
18.33	传染病监测字典表（适用于国标20个数据集）		实验室病原体检验采集范围	A246	腺热新立克次体	
18.33	传染病监测字典表（适用于国标20个数据集）		实验室病原体检验采集范围	A247	猪红斑丹毒丝菌	
18.33	传染病监测字典表（适用于国标20个数据集）		实验室病原体检验采集范围	A248	丹毒丝菌属	
18.33	传染病监测字典表（适用于国标20个数据集）		实验室病原体检验采集范围	A249	脑膜脓毒依金氏菌	
18.33	传染病监测字典表（适用于国标20个数据集）		实验室病原体检验采集范围	A250	博兹曼氏军团菌	
18.33	传染病监测字典表（适用于国标20个数据集）		实验室病原体检验采集范围	A251	土拉弗朗西斯菌新凶手亚种	
18.33	传染病监测字典表（适用于国标20个数据集）		实验室病原体检验采集范围	A252	坏死梭杆菌	
18.33	传染病监测字典表（适用于国标20个数据集）		实验室病原体检验采集范围	A253	阴道加德纳氏菌	
18.33	传染病监测字典表（适用于国标20个数据集）		实验室病原体检验采集范围	A254	杜氏嗜血杆菌	
18.33	传染病监测字典表（适用于国标20个数据集）		实验室病原体检验采集范围	A255	流感嗜血杆菌	
18.33	传染病监测字典表（适用于国标20个数据集）		实验室病原体检验采集范围	A256	溶组织哈撒韦氏菌	
18.33	传染病监测字典表（适用于国标20个数据集）		实验室病原体检验采集范围	A257	幽门螺杆菌	
18.33	传染病监测字典表（适用于国标20个数据集）		实验室病原体检验采集范围	A258	金氏金氏菌	
18.33	传染病监测字典表（适用于国标20个数据集）		实验室病原体检验采集范围	A259	产酸克雷伯氏菌	
18.33	传染病监测字典表（适用于国标20个数据集）		实验室病原体检验采集范围	A260	肺炎克雷伯氏菌	
18.33	传染病监测字典表（适用于国标20个数据集）		实验室病原体检验采集范围	A261	嗜肺军团菌	
18.33	传染病监测字典表（适用于国标20个数据集）		实验室病原体检验采集范围	A262	问号钩端螺旋体	
18.33	传染病监测字典表（适用于国标20个数据集）		实验室病原体检验采集范围	A263	伊氏李斯特氏菌	
18.33	传染病监测字典表（适用于国标20个数据集）		实验室病原体检验采集范围	A264	单核增生李斯特氏菌	
18.33	传染病监测字典表（适用于国标20个数据集）		实验室病原体检验采集范围	A265	多态小小菌	
18.33	传染病监测字典表（适用于国标20个数据集）		实验室病原体检验采集范围	A266	摩氏摩根氏菌	
18.33	传染病监测字典表（适用于国标20个数据集）		实验室病原体检验采集范围	A267	非洲分枝杆菌	
18.33	传染病监测字典表（适用于国标20个数据集）		实验室病原体检验采集范围	A268	山羊分枝杆菌	
18.33	传染病监测字典表（适用于国标20个数据集）		实验室病原体检验采集范围	A269	田鼠分枝杆菌	
18.33	传染病监测字典表（适用于国标20个数据集）		实验室病原体检验采集范围	A270	亚洲分枝杆菌	
18.33	传染病监测字典表（适用于国标20个数据集）		实验室病原体检验采集范围	A271	鸟分枝杆菌	
18.33	传染病监测字典表（适用于国标20个数据集）		实验室病原体检验采集范围	A272	龟分枝杆菌	
18.33	传染病监测字典表（适用于国标20个数据集）		实验室病原体检验采集范围	A273	偶发分枝杆菌	
18.33	传染病监测字典表（适用于国标20个数据集）		实验室病原体检验采集范围	A274	堪萨斯分枝杆菌	
18.33	传染病监测字典表（适用于国标20个数据集）		实验室病原体检验采集范围	A275	麻风分枝杆菌	
18.33	传染病监测字典表（适用于国标20个数据集）		实验室病原体检验采集范围	A276	玛尔摩分枝杆菌	
18.33	传染病监测字典表（适用于国标20个数据集）		实验室病原体检验采集范围	A277	鸟分枝杆菌副结核亚种	
18.33	传染病监测字典表（适用于国标20个数据集）		实验室病原体检验采集范围	A278	瘰疬分枝杆菌	
18.33	传染病监测字典表（适用于国标20个数据集）		实验室病原体检验采集范围	A279	猿分枝杆菌	
18.33	传染病监测字典表（适用于国标20个数据集）		实验室病原体检验采集范围	A280	斯氏分枝杆菌	
18.33	传染病监测字典表（适用于国标20个数据集）		实验室病原体检验采集范围	A281	溃疡分枝杆菌	
18.33	传染病监测字典表（适用于国标20个数据集）		实验室病原体检验采集范围	A282	蟾分枝杆菌	
18.33	传染病监测字典表（适用于国标20个数据集）		实验室病原体检验采集范围	A283	分枝杆菌属其他种	
18.33	传染病监测字典表（适用于国标20个数据集）		实验室病原体检验采集范围	A284	肺炎支原体	
18.33	传染病监测字典表（适用于国标20个数据集）		实验室病原体检验采集范围	A285	淋病奈瑟氏球菌	
18.33	传染病监测字典表（适用于国标20个数据集）		实验室病原体检验采集范围	A286	脑膜炎奈瑟氏球菌	
18.33	传染病监测字典表（适用于国标20个数据集）		实验室病原体检验采集范围	A287	星状诺卡氏菌	
18.33	传染病监测字典表（适用于国标20个数据集）		实验室病原体检验采集范围	A288	巴西诺卡氏菌	
18.33	传染病监测字典表（适用于国标20个数据集）		实验室病原体检验采集范围	A289	肉色诺卡氏菌	
18.33	传染病监测字典表（适用于国标20个数据集）		实验室病原体检验采集范围	A290	皮疽诺卡氏菌	
18.33	传染病监测字典表（适用于国标20个数据集）		实验室病原体检验采集范围	A291	新诺卡氏菌	
18.33	传染病监测字典表（适用于国标20个数据集）		实验室病原体检验采集范围	A292	豚鼠耳炎诺卡氏菌	
18.33	传染病监测字典表（适用于国标20个数据集）		实验室病原体检验采集范围	A293	德兰士瓦诺卡氏菌	
18.33	传染病监测字典表（适用于国标20个数据集）		实验室病原体检验采集范围	A294	索氏类梭菌	
18.33	传染病监测字典表（适用于国标20个数据集）		实验室病原体检验采集范围	A295	多杀巴斯德氏菌	
18.33	传染病监测字典表（适用于国标20个数据集）		实验室病原体检验采集范围	A296	侵肺啮齿杆菌	
18.33	传染病监测字典表（适用于国标20个数据集）		实验室病原体检验采集范围	A297	致病性大肠埃希菌	
18.33	传染病监测字典表（适用于国标20个数据集）		实验室病原体检验采集范围	A298	其他致病性埃希菌属	
18.33	传染病监测字典表（适用于国标20个数据集）		实验室病原体检验采集范围	A299	厌氧消化链球菌	
18.33	传染病监测字典表（适用于国标20个数据集）		实验室病原体检验采集范围	A300	类志贺邻单胞菌	
18.33	传染病监测字典表（适用于国标20个数据集）		实验室病原体检验采集范围	A301	普雷沃氏菌属	
18.33	传染病监测字典表（适用于国标20个数据集）		实验室病原体检验采集范围	A302	奇异变形杆菌	
18.33	传染病监测字典表（适用于国标20个数据集）		实验室病原体检验采集范围	A303	彭氏变形杆菌	
18.33	传染病监测字典表（适用于国标20个数据集）		实验室病原体检验采集范围	A304	普通变形杆菌	
18.33	传染病监测字典表（适用于国标20个数据集）		实验室病原体检验采集范围	A305	产碱普罗威登斯菌	
18.33	传染病监测字典表（适用于国标20个数据集）		实验室病原体检验采集范围	A306	雷氏普罗威登斯菌	
18.33	传染病监测字典表（适用于国标20个数据集）		实验室病原体检验采集范围	A307	铜绿假单胞菌	
18.33	传染病监测字典表（适用于国标20个数据集）		实验室病原体检验采集范围	A308	自养假诺卡氏菌	
18.33	传染病监测字典表（适用于国标20个数据集）		实验室病原体检验采集范围	A309	马红球菌	
18.33	传染病监测字典表（适用于国标20个数据集）		实验室病原体检验采集范围	A310	肠沙门氏菌	
18.33	传染病监测字典表（适用于国标20个数据集）		实验室病原体检验采集范围	A311	邦戈尔沙门氏菌	
18.33	传染病监测字典表（适用于国标20个数据集）		实验室病原体检验采集范围	A312	液化沙雷氏菌	
18.33	传染病监测字典表（适用于国标20个数据集）		实验室病原体检验采集范围	A313	褪色沙雷氏菌	
18.33	传染病监测字典表（适用于国标20个数据集）		实验室病原体检验采集范围	A314	痢疾志贺氏菌	
18.33	传染病监测字典表（适用于国标20个数据集）		实验室病原体检验采集范围	A315	弗氏志贺氏菌	
18.33	传染病监测字典表（适用于国标20个数据集）		实验室病原体检验采集范围	A316	鲍氏志贺氏菌	
18.33	传染病监测字典表（适用于国标20个数据集）		实验室病原体检验采集范围	A317	宋内氏志贺氏菌	
18.33	传染病监测字典表（适用于国标20个数据集）		实验室病原体检验采集范围	A318	金黄色葡萄球菌	
18.33	传染病监测字典表（适用于国标20个数据集）		实验室病原体检验采集范围	A319	表皮葡萄球菌	
18.33	传染病监测字典表（适用于国标20个数据集）		实验室病原体检验采集范围	A320	念珠状链杆菌	
18.33	传染病监测字典表（适用于国标20个数据集）		实验室病原体检验采集范围	A321	肺炎链球菌	
18.33	传染病监测字典表（适用于国标20个数据集）		实验室病原体检验采集范围	A322	酿脓链球菌	
18.33	传染病监测字典表（适用于国标20个数据集）		实验室病原体检验采集范围	A323	链球菌属	
18.33	传染病监测字典表（适用于国标20个数据集）		实验室病原体检验采集范围	A324	猪链球菌	
18.33	传染病监测字典表（适用于国标20个数据集）		实验室病原体检验采集范围	A325	斑点病密螺旋体	
18.33	传染病监测字典表（适用于国标20个数据集）		实验室病原体检验采集范围	A326	苍白（梅毒）密螺旋体	
18.33	传染病监测字典表（适用于国标20个数据集）		实验室病原体检验采集范围	A327	极细密螺旋体	
18.33	传染病监测字典表（适用于国标20个数据集）		实验室病原体检验采集范围	A328	文氏密螺旋体	
18.33	传染病监测字典表（适用于国标20个数据集）		实验室病原体检验采集范围	A329	酿脓特吕佩尔氏菌	
18.33	传染病监测字典表（适用于国标20个数据集）		实验室病原体检验采集范围	A330	解脲脲支原体	
18.33	传染病监测字典表（适用于国标20个数据集）		实验室病原体检验采集范围	A331	创伤弧菌	
18.33	传染病监测字典表（适用于国标20个数据集）		实验室病原体检验采集范围	A332	副溶血弧菌	
18.33	传染病监测字典表（适用于国标20个数据集）		实验室病原体检验采集范围	A333	河流弧菌	
18.33	传染病监测字典表（适用于国标20个数据集）		实验室病原体检验采集范围	A334	弗尼斯弧菌	
18.33	传染病监测字典表（适用于国标20个数据集）		实验室病原体检验采集范围	A335	溶藻弧菌	
18.33	传染病监测字典表（适用于国标20个数据集）		实验室病原体检验采集范围	A336	拟态弧菌	
18.33	传染病监测字典表（适用于国标20个数据集）		实验室病原体检验采集范围	A337	弧菌属其他种	
18.33	传染病监测字典表（适用于国标20个数据集）		实验室病原体检验采集范围	A338	小肠结肠炎耶尔森菌	
18.33	传染病监测字典表（适用于国标20个数据集）		实验室病原体检验采集范围	A339	假结核耶尔森菌	
18.33	传染病监测字典表（适用于国标20个数据集）		实验室病原体检验采集范围	A340	生殖道支原体	
18.33	传染病监测字典表（适用于国标20个数据集）		实验室病原体检验采集范围	A341	克罗诺杆菌属	
18.33	传染病监测字典表（适用于国标20个数据集）		实验室病原体检验采集范围	A342	柠檬酸杆菌属	
18.33	传染病监测字典表（适用于国标20个数据集）		实验室病原体检验采集范围	A343	美人鱼发光杆菌	
18.33	传染病监测字典表（适用于国标20个数据集）		实验室病原体检验采集范围	A344	施万菌属	
18.33	传染病监测字典表（适用于国标20个数据集）		实验室病原体检验采集范围	A345	海鲜变形菌	
18.33	传染病监测字典表（适用于国标20个数据集）		实验室病原体检验采集范围	A346	缺陷乏养菌	
18.33	传染病监测字典表（适用于国标20个数据集）		实验室病原体检验采集范围	A347	二氧化碳噬纤维菌属	
18.33	传染病监测字典表（适用于国标20个数据集）		实验室病原体检验采集范围	A348	色杆菌属	
18.33	传染病监测字典表（适用于国标20个数据集）		实验室病原体检验采集范围	A349	金黄杆菌属	
18.33	传染病监测字典表（适用于国标20个数据集）		实验室病原体检验采集范围	A350	短链小球菌属	
18.33	传染病监测字典表（适用于国标20个数据集）		实验室病原体检验采集范围	A351	皮炎芽生菌	
18.33	传染病监测字典表（适用于国标20个数据集）		实验室病原体检验采集范围	A352	粗球孢子菌	
18.33	传染病监测字典表（适用于国标20个数据集）		实验室病原体检验采集范围	A353	波萨达斯球孢子菌	
18.33	传染病监测字典表（适用于国标20个数据集）		实验室病原体检验采集范围	A354	荚膜组织胞浆菌	
18.33	传染病监测字典表（适用于国标20个数据集）		实验室病原体检验采集范围	A355	组织胞浆菌属其他致病种	
18.33	传染病监测字典表（适用于国标20个数据集）		实验室病原体检验采集范围	A356	巴西副球孢子菌	
18.33	传染病监测字典表（适用于国标20个数据集）		实验室病原体检验采集范围	A357	副球孢子菌属其他致病种	
18.33	传染病监测字典表（适用于国标20个数据集）		实验室病原体检验采集范围	A358	枝顶孢霉属	
18.33	传染病监测字典表（适用于国标20个数据集）		实验室病原体检验采集范围	A359	端梗霉属	
18.33	传染病监测字典表（适用于国标20个数据集）		实验室病原体检验采集范围	A360	互格链格孢	
18.33	传染病监测字典表（适用于国标20个数据集）		实验室病原体检验采集范围	A361	侵染链格孢	
18.33	传染病监测字典表（适用于国标20个数据集）		实验室病原体检验采集范围	A362	链格孢属其他致病种	
18.33	传染病监测字典表（适用于国标20个数据集）		实验室病原体检验采集范围	A363	鳞质霉属	
18.33	传染病监测字典表（适用于国标20个数据集）		实验室病原体检验采集范围	A364	节菱孢霉属	
18.33	传染病监测字典表（适用于国标20个数据集）		实验室病原体检验采集范围	A365	节纹菌属	
18.33	传染病监测字典表（适用于国标20个数据集）		实验室病原体检验采集范围	A366	黄曲霉复合群	
18.33	传染病监测字典表（适用于国标20个数据集）		实验室病原体检验采集范围	A367	烟曲霉复合群	
18.33	传染病监测字典表（适用于国标20个数据集）		实验室病原体检验采集范围	A368	土曲霉	
18.33	传染病监测字典表（适用于国标20个数据集）		实验室病原体检验采集范围	A369	短梗霉属	
18.33	传染病监测字典表（适用于国标20个数据集）		实验室病原体检验采集范围	A370	固孢蛙粪霉	
18.33	传染病监测字典表（适用于国标20个数据集）		实验室病原体检验采集范围	A371	蛙粪霉属其他致病种	
18.33	传染病监测字典表（适用于国标20个数据集）		实验室病原体检验采集范围	A372	白僵菌属	
18.33	传染病监测字典表（适用于国标20个数据集）		实验室病原体检验采集范围	A373	白念珠菌	
18.33	传染病监测字典表（适用于国标20个数据集）		实验室病原体检验采集范围	A374	都柏林念珠菌	
18.33	传染病监测字典表（适用于国标20个数据集）		实验室病原体检验采集范围	A375	光滑念珠菌复合群	
18.33	传染病监测字典表（适用于国标20个数据集）		实验室病原体检验采集范围	A376	季也蒙念珠菌复合群	
18.33	传染病监测字典表（适用于国标20个数据集）		实验室病原体检验采集范围	A377	希木龙念珠菌复合群	
18.33	传染病监测字典表（适用于国标20个数据集）		实验室病原体检验采集范围	A378	克柔念珠菌	
18.33	传染病监测字典表（适用于国标20个数据集）		实验室病原体检验采集范围	A379	近平滑念珠菌复合群	
18.33	传染病监测字典表（适用于国标20个数据集）		实验室病原体检验采集范围	A380	热带念珠菌	
18.33	传染病监测字典表（适用于国标20个数据集）		实验室病原体检验采集范围	A381	耳念珠菌	
18.33	传染病监测字典表（适用于国标20个数据集）		实验室病原体检验采集范围	A382	念珠菌属其他致病种	
18.33	传染病监测字典表（适用于国标20个数据集）		实验室病原体检验采集范围	A383	头孢霉属	
18.33	传染病监测字典表（适用于国标20个数据集）		实验室病原体检验采集范围	A384	毛壳菌属	
18.33	传染病监测字典表（适用于国标20个数据集）		实验室病原体检验采集范围	A385	金孢子菌属	
18.33	传染病监测字典表（适用于国标20个数据集）		实验室病原体检验采集范围	A386	卷霉属	
18.33	传染病监测字典表（适用于国标20个数据集）		实验室病原体检验采集范围	A387	斑替枝孢瓶霉	
18.33	传染病监测字典表（适用于国标20个数据集）		实验室病原体检验采集范围	A388	卡氏枝孢瓶霉	
18.33	传染病监测字典表（适用于国标20个数据集）		实验室病原体检验采集范围	A389	枝孢瓶霉属其他致病种	
18.33	传染病监测字典表（适用于国标20个数据集）		实验室病原体检验采集范围	A390	枝孢霉属	
18.33	传染病监测字典表（适用于国标20个数据集）		实验室病原体检验采集范围	A391	棒孢酵母属	
18.33	传染病监测字典表（适用于国标20个数据集）		实验室病原体检验采集范围	A392	毛盘孢霉属	
18.33	传染病监测字典表（适用于国标20个数据集）		实验室病原体检验采集范围	A393	冠状耳霉	
18.33	传染病监测字典表（适用于国标20个数据集）		实验室病原体检验采集范围	A394	异孢耳霉	
18.33	传染病监测字典表（适用于国标20个数据集）		实验室病原体检验采集范围	A395	耳霉属其他致病种	
18.33	传染病监测字典表（适用于国标20个数据集）		实验室病原体检验采集范围	A396	假黑粉霉属	
18.33	传染病监测字典表（适用于国标20个数据集）		实验室病原体检验采集范围	A397	喀什可乐棒孢霉	
18.33	传染病监测字典表（适用于国标20个数据集）		实验室病原体检验采集范围	A398	棒孢霉属其他致病种	
18.33	传染病监测字典表（适用于国标20个数据集）		实验室病原体检验采集范围	A399	格特隐球菌复合群	
18.33	传染病监测字典表（适用于国标20个数据集）		实验室病原体检验采集范围	A400	新生隐球菌复合群	
18.33	传染病监测字典表（适用于国标20个数据集）		实验室病原体检验采集范围	A401	隐球菌属其他致病种	
18.33	传染病监测字典表（适用于国标20个数据集）		实验室病原体检验采集范围	A402	灰色小克银汉霉	
18.33	传染病监测字典表（适用于国标20个数据集）		实验室病原体检验采集范围	A403	小克银汉霉属其他致病种	
18.33	传染病监测字典表（适用于国标20个数据集）		实验室病原体检验采集范围	A404	皮肤毛孢子菌属	
18.33	传染病监测字典表（适用于国标20个数据集）		实验室病原体检验采集范围	A405	夏威夷弯孢	
18.33	传染病监测字典表（适用于国标20个数据集）		实验室病原体检验采集范围	A406	巴贲多夫弯孢	
18.33	传染病监测字典表（适用于国标20个数据集）		实验室病原体检验采集范围	A407	穗状弯孢	
18.33	传染病监测字典表（适用于国标20个数据集）		实验室病原体检验采集范围	A408	弯孢霉属	
18.33	传染病监测字典表（适用于国标20个数据集）		实验室病原体检验采集范围	A409	柱孢霉属	
18.33	传染病监测字典表（适用于国标20个数据集）		实验室病原体检验采集范围	A410	间座壳属	
18.33	传染病监测字典表（适用于国标20个数据集）		实验室病原体检验采集范围	A411	双孢腔菌属	
18.33	传染病监测字典表（适用于国标20个数据集）		实验室病原体检验采集范围	A412	伊蒙菌属	
18.33	传染病监测字典表（适用于国标20个数据集）		实验室病原体检验采集范围	A413	絮状表皮癣菌	
18.33	传染病监测字典表（适用于国标20个数据集）		实验室病原体检验采集范围	A414	皮炎外瓶霉	
18.33	传染病监测字典表（适用于国标20个数据集）		实验室病原体检验采集范围	A415	甄氏外瓶霉复合群	
18.33	传染病监测字典表（适用于国标20个数据集）		实验室病原体检验采集范围	A416	棘状外瓶霉	
18.33	传染病监测字典表（适用于国标20个数据集）		实验室病原体检验采集范围	A417	外瓶霉属其他致病种	
18.33	传染病监测字典表（适用于国标20个数据集）		实验室病原体检验采集范围	A418	麦格尼明脐霉	
18.33	传染病监测字典表（适用于国标20个数据集）		实验室病原体检验采集范围	A419	喙明脐霉	
18.33	传染病监测字典表（适用于国标20个数据集）		实验室病原体检验采集范围	A420	莫诺弗着色霉	
18.33	传染病监测字典表（适用于国标20个数据集）		实验室病原体检验采集范围	A421	裴氏着色霉	
18.33	传染病监测字典表（适用于国标20个数据集）		实验室病原体检验采集范围	A422	努比卡着色霉	
18.33	传染病监测字典表（适用于国标20个数据集）		实验室病原体检验采集范围	A423	着色霉属其他致病种	
18.33	传染病监测字典表（适用于国标20个数据集）		实验室病原体检验采集范围	A424	尖孢镰刀菌复合群	
18.33	传染病监测字典表（适用于国标20个数据集）		实验室病原体检验采集范围	A425	茄病镰刀菌复合群	
18.33	传染病监测字典表（适用于国标20个数据集）		实验室病原体检验采集范围	A426	镰刀菌属其他致病种	
18.33	传染病监测字典表（适用于国标20个数据集）		实验室病原体检验采集范围	A427	地霉属	
18.33	传染病监测字典表（适用于国标20个数据集）		实验室病原体检验采集范围	A428	粘束孢属	
18.33	传染病监测字典表（适用于国标20个数据集）		实验室病原体检验采集范围	A429	威尼克何德菌	
18.33	传染病监测字典表（适用于国标20个数据集）		实验室病原体检验采集范围	A430	对半新柱顶孢	
18.33	传染病监测字典表（适用于国标20个数据集）		实验室病原体检验采集范围	A431	可可毛色二孢	
18.33	传染病监测字典表（适用于国标20个数据集）		实验室病原体检验采集范围	A432	伞枝横梗霉	
18.33	传染病监测字典表（适用于国标20个数据集）		实验室病原体检验采集范围	A433	多枝横梗霉	
18.33	传染病监测字典表（适用于国标20个数据集）		实验室病原体检验采集范围	A434	横梗霉属其他致病种	
18.33	传染病监测字典表（适用于国标20个数据集）		实验室病原体检验采集范围	A435	多育节荚孢	
18.33	传染病监测字典表（适用于国标20个数据集）		实验室病原体检验采集范围	A436	灰马杜拉菌	
18.33	传染病监测字典表（适用于国标20个数据集）		实验室病原体检验采集范围	A437	足菌肿马杜拉菌	
18.33	传染病监测字典表（适用于国标20个数据集）		实验室病原体检验采集范围	A438	马杜拉菌其他致病种	
18.33	传染病监测字典表（适用于国标20个数据集）		实验室病原体检验采集范围	A439	糠秕马拉色菌	
18.33	传染病监测字典表（适用于国标20个数据集）		实验室病原体检验采集范围	A440	球形马拉色菌	
18.33	传染病监测字典表（适用于国标20个数据集）		实验室病原体检验采集范围	A441	马拉色菌属其他致病种	
18.33	传染病监测字典表（适用于国标20个数据集）		实验室病原体检验采集范围	A442	犬小孢子菌	
18.33	传染病监测字典表（适用于国标20个数据集）		实验室病原体检验采集范围	A443	铁锈色小孢子菌	
18.33	传染病监测字典表（适用于国标20个数据集）		实验室病原体检验采集范围	A444	小孢子菌属其他致病种	
18.33	传染病监测字典表（适用于国标20个数据集）		实验室病原体检验采集范围	A445	被孢霉属	
18.33	传染病监测字典表（适用于国标20个数据集）		实验室病原体检验采集范围	A446	卷枝毛霉复合群	
18.33	传染病监测字典表（适用于国标20个数据集）		实验室病原体检验采集范围	A447	不规则毛霉	
18.33	传染病监测字典表（适用于国标20个数据集）		实验室病原体检验采集范围	A448	总状毛霉	
18.33	传染病监测字典表（适用于国标20个数据集）		实验室病原体检验采集范围	A449	毛霉属其他致病种	
18.33	传染病监测字典表（适用于国标20个数据集）		实验室病原体检验采集范围	A450	石膏奈尼兹菌	
18.33	传染病监测字典表（适用于国标20个数据集）		实验室病原体检验采集范围	A451	新萨托菌属	
18.33	传染病监测字典表（适用于国标20个数据集）		实验室病原体检验采集范围	A452	新龟甲形菌属	
18.33	传染病监测字典表（适用于国标20个数据集）		实验室病原体检验采集范围	A453	黑孢子菌属	
18.33	传染病监测字典表（适用于国标20个数据集）		实验室病原体检验采集范围	A454	赭霉属	
18.33	传染病监测字典表（适用于国标20个数据集）		实验室病原体检验采集范围	A455	绪方酵母属	
18.33	传染病监测字典表（适用于国标20个数据集）		实验室病原体检验采集范围	A456	壳孢霉属	
18.33	传染病监测字典表（适用于国标20个数据集）		实验室病原体检验采集范围	A457	淡紫紫孢霉	
18.33	传染病监测字典表（适用于国标20个数据集）		实验室病原体检验采集范围	A458	宛氏拟青霉	
18.33	传染病监测字典表（适用于国标20个数据集）		实验室病原体检验采集范围	A459	暗色枝顶孢霉属	
18.33	传染病监测字典表（适用于国标20个数据集）		实验室病原体检验采集范围	A460	暗色环痕孢霉属	
18.33	传染病监测字典表（适用于国标20个数据集）		实验室病原体检验采集范围	A461	平革菌属	
18.33	传染病监测字典表（适用于国标20个数据集）		实验室病原体检验采集范围	A462	单孢瓶霉属	
18.33	传染病监测字典表（适用于国标20个数据集）		实验室病原体检验采集范围	A463	美洲瓶霉	
18.33	传染病监测字典表（适用于国标20个数据集）		实验室病原体检验采集范围	A464	疣状瓶霉	
18.33	传染病监测字典表（适用于国标20个数据集）		实验室病原体检验采集范围	A465	瓶霉属其他致病种	
18.33	传染病监测字典表（适用于国标20个数据集）		实验室病原体检验采集范围	A466	茎点霉属	
18.33	传染病监测字典表（适用于国标20个数据集）		实验室病原体检验采集范围	A467	何德毛结节菌	
18.33	传染病监测字典表（适用于国标20个数据集）		实验室病原体检验采集范围	A468	歪嘴座壳属	
18.33	传染病监测字典表（适用于国标20个数据集）		实验室病原体检验采集范围	A469	威克汉姆无绿藻	
18.33	传染病监测字典表（适用于国标20个数据集）		实验室病原体检验采集范围	A470	祖菲无绿藻	
18.33	传染病监测字典表（适用于国标20个数据集）		实验室病原体检验采集范围	A471	无绿藻属其他致病种	
18.33	传染病监测字典表（适用于国标20个数据集）		实验室病原体检验采集范围	A472	喙枝孢霉属	
18.33	传染病监测字典表（适用于国标20个数据集）		实验室病原体检验采集范围	A473	根毛霉属	
18.33	传染病监测字典表（适用于国标20个数据集）		实验室病原体检验采集范围	A474	小孢根霉	
18.33	传染病监测字典表（适用于国标20个数据集）		实验室病原体检验采集范围	A475	少根根霉	
18.33	传染病监测字典表（适用于国标20个数据集）		实验室病原体检验采集范围	A476	根霉属其他致病种	
18.33	传染病监测字典表（适用于国标20个数据集）		实验室病原体检验采集范围	A477	红酵母属	
18.33	传染病监测字典表（适用于国标20个数据集）		实验室病原体检验采集范围	A478	帚枝霉属	
18.33	传染病监测字典表（适用于国标20个数据集）		实验室病原体检验采集范围	A479	尖端赛多孢霉	
18.33	传染病监测字典表（适用于国标20个数据集）		实验室病原体检验采集范围	A480	赛多孢霉属其他致病种	
18.33	传染病监测字典表（适用于国标20个数据集）		实验室病原体检验采集范围	A481	裂褶菌属	
18.33	传染病监测字典表（适用于国标20个数据集）		实验室病原体检验采集范围	A482	短帚霉	
18.33	传染病监测字典表（适用于国标20个数据集）		实验室病原体检验采集范围	A483	帚霉属其他致病种	
18.33	传染病监测字典表（适用于国标20个数据集）		实验室病原体检验采集范围	A484	柱顶孢霉属	
18.33	传染病监测字典表（适用于国标20个数据集）		实验室病原体检验采集范围	A485	球形孢子丝菌	
18.33	传染病监测字典表（适用于国标20个数据集）		实验室病原体检验采集范围	A486	申克孢子丝菌	
18.33	传染病监测字典表（适用于国标20个数据集）		实验室病原体检验采集范围	A487	孢子丝菌属其他致病种	
18.33	传染病监测字典表（适用于国标20个数据集）		实验室病原体检验采集范围	A488	共头霉属	
18.33	传染病监测字典表（适用于国标20个数据集）		实验室病原体检验采集范围	A489	马尔尼菲篮状菌	
18.33	传染病监测字典表（适用于国标20个数据集）		实验室病原体检验采集范围	A490	须癣毛癣菌复合群	
18.33	传染病监测字典表（适用于国标20个数据集）		实验室病原体检验采集范围	A491	红色毛癣菌复合群	
18.33	传染病监测字典表（适用于国标20个数据集）		实验室病原体检验采集范围	A492	许兰氏毛癣菌	
18.33	传染病监测字典表（适用于国标20个数据集）		实验室病原体检验采集范围	A493	断发毛癣菌	
18.33	传染病监测字典表（适用于国标20个数据集）		实验室病原体检验采集范围	A494	紫色毛癣菌	
18.33	传染病监测字典表（适用于国标20个数据集）		实验室病原体检验采集范围	A495	毛癣菌属其他致病种	
18.33	传染病监测字典表（适用于国标20个数据集）		实验室病原体检验采集范围	A496	阿萨希毛孢子菌	
18.33	传染病监测字典表（适用于国标20个数据集）		实验室病原体检验采集范围	A497	毛孢子菌属其他致病种	
18.33	传染病监测字典表（适用于国标20个数据集）		实验室病原体检验采集范围	A498	麦轴霉属	
18.33	传染病监测字典表（适用于国标20个数据集）		实验室病原体检验采集范围	A499	单格孢霉属	
18.33	传染病监测字典表（适用于国标20个数据集）		实验室病原体检验采集范围	A500	维朗那霉属	
18.33	传染病监测字典表（适用于国标20个数据集）		实验室病原体检验采集范围	A501	疣孢霉属	
18.33	传染病监测字典表（适用于国标20个数据集）		实验室病原体检验采集范围	A502	疟原虫	
18.33	传染病监测字典表（适用于国标20个数据集）		实验室病原体检验采集范围	A503	伤寒沙门氏菌	
18.33	传染病监测字典表（适用于国标20个数据集）		实验室病原体检验采集范围	A504	副伤寒沙门菌	
18.33	传染病监测字典表（适用于国标20个数据集）		实验室病原体检验采集范围	A505	血吸虫虫卵	
18.33	传染病监测字典表（适用于国标20个数据集）		实验室病原体检验采集范围	A506	阿米巴原虫	
18.33	传染病监测字典表（适用于国标20个数据集）		实验室病原体检验采集范围	A507	丝虫	
18.33	传染病监测字典表（适用于国标20个数据集）		实验室病原体检验采集范围	A508	杜氏利什曼原虫	
18.33	传染病监测字典表（适用于国标20个数据集）		实验室病原体检验采集范围	A509	华支睾吸虫虫卵	
18.33	传染病监测字典表（适用于国标20个数据集）		实验室病原体检验采集范围	A510	新布尼亚病毒	
18.33	传染病监测字典表（适用于国标20个数据集）		实验室病原体检验采集范围	A511	棘球绦虫卵	
18.33	传染病监测字典表（适用于国标20个数据集）		实验室病原体检验采集范围	A512	B(Y)流感病毒	
18.33	传染病监测字典表（适用于国标20个数据集）		实验室病原体检验采集范围	A513	B(V)流感病毒	
18.33	传染病监测字典表（适用于国标20个数据集）		实验室病原体检验采集范围	A514	巴尔通氏体	
18.33	传染病监测字典表（适用于国标20个数据集）		实验室病原体检验采集范围	A515	不动杆菌属细菌	
18.33	传染病监测字典表（适用于国标20个数据集）		实验室病原体检验采集范围	A516	肺吸虫(并殖吸虫)	
18.33	传染病监测字典表（适用于国标20个数据集）		实验室病原体检验采集范围	A517	莫拉菌	
18.33	传染病监测字典表（适用于国标20个数据集）		实验室病原体检验采集范围	A518	弓形虫	
18.33	传染病监测字典表（适用于国标20个数据集）		实验室病原体检验采集范围	A519	疥螨成螨及虫卵	
18.33	传染病监测字典表（适用于国标20个数据集）		实验室病原体检验采集范围	A520	蓝氏贾第鞭毛虫	
18.33	传染病监测字典表（适用于国标20个数据集）		实验室病原体检验采集范围	A521	朊病毒	
18.33	传染病监测字典表（适用于国标20个数据集）		实验室病原体检验采集范围	A522	无形体	
18.33	传染病监测字典表（适用于国标20个数据集）		实验室病原体检验采集范围	A999	其它	
18.34	传染病监测字典表（适用于国标20个数据集）		实验室临床生化检验采集范围	C001	CD4	所有医疗机构
18.34	传染病监测字典表（适用于国标20个数据集）		实验室临床生化检验采集范围	C002	CD8	所有医疗机构
18.34	传染病监测字典表（适用于国标20个数据集）		实验室临床生化检验采集范围	C003	CD4%	所有医疗机构
18.34	传染病监测字典表（适用于国标20个数据集）		实验室临床生化检验采集范围	C004	HIV病毒载量	艾滋病定点医疗机构
18.34	传染病监测字典表（适用于国标20个数据集）		实验室临床生化检验采集范围	C005	白细胞计数	所有医疗机构
18.34	传染病监测字典表（适用于国标20个数据集）		实验室临床生化检验采集范围	C006	血红蛋白(HGB)	所有医疗机构
18.34	传染病监测字典表（适用于国标20个数据集）		实验室临床生化检验采集范围	C007	血小板计数	所有医疗机构
18.34	传染病监测字典表（适用于国标20个数据集）		实验室临床生化检验采集范围	C008	肌酐(Cr)测定	艾滋病定点医疗机构
18.34	传染病监测字典表（适用于国标20个数据集）		实验室临床生化检验采集范围	C009	甘油三酯	艾滋病定点医疗机构
18.34	传染病监测字典表（适用于国标20个数据集）		实验室临床生化检验采集范围	C010	总胆固醇	艾滋病定点医疗机构
18.34	传染病监测字典表（适用于国标20个数据集）		实验室临床生化检验采集范围	C011	血糖	艾滋病定点医疗机构、肝炎定点医疗机构
18.34	传染病监测字典表（适用于国标20个数据集）		实验室临床生化检验采集范围	C012	总胆红素(T-Bil)测定	艾滋病定点医疗机构、肝炎定点医疗机构
18.34	传染病监测字典表（适用于国标20个数据集）		实验室临床生化检验采集范围	C013	谷丙转氨酶（ALT）	艾滋病定点医疗机构、肝炎定点医疗机构
18.34	传染病监测字典表（适用于国标20个数据集）		实验室临床生化检验采集范围	C014	谷草转氨酶（AST）	艾滋病定点医疗机构、肝炎定点医疗机构
18.34	传染病监测字典表（适用于国标20个数据集）		实验室临床生化检验采集范围	C015	直接胆红素(D-Bil)测定	肝炎定点医疗机构
18.34	传染病监测字典表（适用于国标20个数据集）		实验室临床生化检验采集范围	C016	间接胆红素(I-Bil)测定	肝炎定点医疗机构
18.34	传染病监测字典表（适用于国标20个数据集）		实验室临床生化检验采集范围	C017	白蛋白（ALB）	肝炎定点医疗机构
18.34	传染病监测字典表（适用于国标20个数据集）		实验室临床生化检验采集范围	C018	甲胎蛋白（AFP）	肝炎定点医疗机构
18.34	传染病监测字典表（适用于国标20个数据集）		实验室临床生化检验采集范围	C019	嗜酸性粒细胞直接计数	所有医疗机构
18.34	传染病监测字典表（适用于国标20个数据集）		实验室临床生化检验采集范围	C020	嗜酸性粒细胞相对值	所有医疗机构
18.34	传染病监测字典表（适用于国标20个数据集）		实验室临床生化检验采集范围	C021	红细胞计数	所有医疗机构
18.34	传染病监测字典表（适用于国标20个数据集）		实验室临床生化检验采集范围	C022	红细胞平均体积	所有医疗机构
18.34	传染病监测字典表（适用于国标20个数据集）		实验室临床生化检验采集范围	C023	红细胞压积	所有医疗机构
18.34	传染病监测字典表（适用于国标20个数据集）		实验室临床生化检验采集范围	C024	红细胞平均血红蛋白量	所有医疗机构
18.34	传染病监测字典表（适用于国标20个数据集）		实验室临床生化检验采集范围	C025	红细胞平均血红蛋白浓度	所有医疗机构
18.34	传染病监测字典表（适用于国标20个数据集）		实验室临床生化检验采集范围	C026	红细胞分布宽度变异系数	所有医疗机构
18.34	传染病监测字典表（适用于国标20个数据集）		实验室临床生化检验采集范围	C027	中性粒细胞相对值	所有医疗机构
18.34	传染病监测字典表（适用于国标20个数据集）		实验室临床生化检验采集范围	C028	中性粒细胞绝对值	所有医疗机构
18.34	传染病监测字典表（适用于国标20个数据集）		实验室临床生化检验采集范围	C029	淋巴细胞绝对值	所有医疗机构
18.34	传染病监测字典表（适用于国标20个数据集）		实验室临床生化检验采集范围	C030	淋巴细胞相对值	所有医疗机构
18.34	传染病监测字典表（适用于国标20个数据集）		实验室临床生化检验采集范围	C031	嗜碱性粒细胞绝对值	所有医疗机构
18.34	传染病监测字典表（适用于国标20个数据集）		实验室临床生化检验采集范围	C032	嗜碱性粒细胞相对值	所有医疗机构
18.34	传染病监测字典表（适用于国标20个数据集）		实验室临床生化检验采集范围	C033	单核细胞相对值	所有医疗机构
18.34	传染病监测字典表（适用于国标20个数据集）		实验室临床生化检验采集范围	C034	单核细胞绝对值	所有医疗机构
18.34	传染病监测字典表（适用于国标20个数据集）		实验室临床生化检验采集范围	C035	平均血小板体积	所有医疗机构
18.34	传染病监测字典表（适用于国标20个数据集）		实验室临床生化检验采集范围	C036	血小板分布宽度	所有医疗机构
18.34	传染病监测字典表（适用于国标20个数据集）		实验室临床生化检验采集范围	C037	血小板压积	所有医疗机构
18.34	传染病监测字典表（适用于国标20个数据集）		实验室临床生化检验采集范围	C038	尿胆红素	所有医疗机构
18.34	传染病监测字典表（适用于国标20个数据集）		实验室临床生化检验采集范围	C039	CD3	所有医疗机构
18.34	传染病监测字典表（适用于国标20个数据集）		实验室临床生化检验采集范围	C040	降钙素原	所有医疗机构
18.34	传染病监测字典表（适用于国标20个数据集）		实验室临床生化检验采集范围	C041	C-反应蛋白	所有医疗机构
18.35	传染病监测字典表（适用于国标20个数据集）		实验室药敏检验采集范围	D001	拉米夫定（3TC）	艾滋病定点医疗机构
18.35	传染病监测字典表（适用于国标20个数据集）		实验室药敏检验采集范围	D002	阿巴卡韦（ABC）	艾滋病定点医疗机构
18.35	传染病监测字典表（适用于国标20个数据集）		实验室药敏检验采集范围	D003	齐多夫定（AZT）	艾滋病定点医疗机构
18.35	传染病监测字典表（适用于国标20个数据集）		实验室药敏检验采集范围	D004	司他夫定（D4T）	艾滋病定点医疗机构
18.35	传染病监测字典表（适用于国标20个数据集）		实验室药敏检验采集范围	D005	去羟肌苷（DDI）	艾滋病定点医疗机构
18.35	传染病监测字典表（适用于国标20个数据集）		实验室药敏检验采集范围	D006	恩曲他滨（FTC）	艾滋病定点医疗机构
18.35	传染病监测字典表（适用于国标20个数据集）		实验室药敏检验采集范围	D007	替诺福韦（TDF）	艾滋病定点医疗机构
18.35	传染病监测字典表（适用于国标20个数据集）		实验室药敏检验采集范围	D008	依非韦伦（EFV）	艾滋病定点医疗机构
18.35	传染病监测字典表（适用于国标20个数据集）		实验室药敏检验采集范围	D009	依曲韦林（ETR）	艾滋病定点医疗机构
18.35	传染病监测字典表（适用于国标20个数据集）		实验室药敏检验采集范围	D010	奈韦拉平（NVP）	艾滋病定点医疗机构
18.35	传染病监测字典表（适用于国标20个数据集）		实验室药敏检验采集范围	D011	利匹韦林（RPV）	艾滋病定点医疗机构
18.35	传染病监测字典表（适用于国标20个数据集）		实验室药敏检验采集范围	D012	非核苷类反转录酶抑制剂	艾滋病定点医疗机构
18.35	传染病监测字典表（适用于国标20个数据集）		实验室药敏检验采集范围	D013	阿扎那韦+利托那韦（ATV/r）	艾滋病定点医疗机构
18.35	传染病监测字典表（适用于国标20个数据集）		实验室药敏检验采集范围	D014	达芦那韦+利托那韦（DRV/r）	艾滋病定点医疗机构
18.35	传染病监测字典表（适用于国标20个数据集）		实验室药敏检验采集范围	D015	福沙那韦+利托那韦（FPV/r）	艾滋病定点医疗机构
18.35	传染病监测字典表（适用于国标20个数据集）		实验室药敏检验采集范围	D016	茚地那韦+利托那韦（IDV/r）	艾滋病定点医疗机构
18.35	传染病监测字典表（适用于国标20个数据集）		实验室药敏检验采集范围	D017	洛匹那韦+利托那韦（LPV/r）	艾滋病定点医疗机构
18.35	传染病监测字典表（适用于国标20个数据集）		实验室药敏检验采集范围	D018	奈非那韦（NFV）	艾滋病定点医疗机构
18.35	传染病监测字典表（适用于国标20个数据集）		实验室药敏检验采集范围	D019	沙奎那韦+利托那韦（SQV/r）	艾滋病定点医疗机构
18.35	传染病监测字典表（适用于国标20个数据集）		实验室药敏检验采集范围	D020	Tipranavir+利托那韦（TPV/r）	艾滋病定点医疗机构
18.35	传染病监测字典表（适用于国标20个数据集）		实验室药敏检验采集范围	D021	蛋白酶类抑制剂相关耐药位点	艾滋病定点医疗机构
18.35	传染病监测字典表（适用于国标20个数据集）		实验室药敏检验采集范围	D022	Bictegravir（BIC）	艾滋病定点医疗机构
18.35	传染病监测字典表（适用于国标20个数据集）		实验室药敏检验采集范围	D023	多替拉韦（DTG）	艾滋病定点医疗机构
18.35	传染病监测字典表（适用于国标20个数据集）		实验室药敏检验采集范围	D024	艾维雷伟（EVG）	艾滋病定点医疗机构
18.35	传染病监测字典表（适用于国标20个数据集）		实验室药敏检验采集范围	D025	拉替拉韦（RAL）	艾滋病定点医疗机构
18.35	传染病监测字典表（适用于国标20个数据集）		实验室药敏检验采集范围	D026	整合酶抑制剂相关耐药位点	艾滋病定点医疗机构
18.35	传染病监测字典表（适用于国标20个数据集）		实验室药敏检验采集范围	D027	恩夫韦地（T20）	艾滋病定点医疗机构
18.35	传染病监测字典表（适用于国标20个数据集）		实验室药敏检验采集范围	D028	艾博卫泰	艾滋病定点医疗机构
18.35	传染病监测字典表（适用于国标20个数据集）		实验室药敏检验采集范围	D029	核苷酸类HIV逆转录酶抑制剂	艾滋病定点医疗机构
18.35	传染病监测字典表（适用于国标20个数据集）		实验室药敏检验采集范围	D030	非核苷类逆转录酶抑制剂	艾滋病定点医疗机构
18.35	传染病监测字典表（适用于国标20个数据集）		实验室药敏检验采集范围	D031	蛋白酶抑制剂	艾滋病定点医疗机构
18.35	传染病监测字典表（适用于国标20个数据集）		实验室药敏检验采集范围	D032	整合酶抑制剂	艾滋病定点医疗机构
18.35	传染病监测字典表（适用于国标20个数据集）		实验室药敏检验采集范围	D033	融合抑制剂	艾滋病定点医疗机构
18.35	传染病监测字典表（适用于国标20个数据集）		实验室药敏检验采集范围	D034	CCR5拮抗剂	艾滋病定点医疗机构
18.35	传染病监测字典表（适用于国标20个数据集）		实验室药敏检验采集范围	D035	卡那霉素（Km）	结核病定点医疗机构
18.35	传染病监测字典表（适用于国标20个数据集）		实验室药敏检验采集范围	D036	德拉马尼（Dlm）	结核病定点医疗机构
18.35	传染病监测字典表（适用于国标20个数据集）		实验室药敏检验采集范围	D037	利福平	结核病定点医疗机构
18.35	传染病监测字典表（适用于国标20个数据集）		实验室药敏检验采集范围	D038	异烟肼	结核病定点医疗机构
18.35	传染病监测字典表（适用于国标20个数据集）		实验室药敏检验采集范围	D039	链霉素	结核病定点医疗机构
18.35	传染病监测字典表（适用于国标20个数据集）		实验室药敏检验采集范围	D040	乙胺丁醇	结核病定点医疗机构
18.35	传染病监测字典表（适用于国标20个数据集）		实验室药敏检验采集范围	D041	对氨基水杨酸钠	结核病定点医疗机构
18.35	传染病监测字典表（适用于国标20个数据集）		实验室药敏检验采集范围	D042	氨硫脲	结核病定点医疗机构
18.35	传染病监测字典表（适用于国标20个数据集）		实验室药敏检验采集范围	D043	左氧氟沙星	结核病定点医疗机构
18.35	传染病监测字典表（适用于国标20个数据集）		实验室药敏检验采集范围	D044	莫西沙星	结核病定点医疗机构
18.35	传染病监测字典表（适用于国标20个数据集）		实验室药敏检验采集范围	D045	卡拉霉素	结核病定点医疗机构
