dict_code	dict_name	val_code	val_name
acct_used_flag	个人账户使用标志	0	不使用
acct_used_flag	个人账户使用标志	1	使用
adm_cond_type	入院病情类型	1	有
adm_cond_type	入院病情类型	2	临床未确定
adm_cond_type	入院病情类型	3	情况不明
adm_cond_type	入院病情类型	4	无
adm_way	入院途径	1	急诊
adm_way	入院途径	2	门诊
adm_way	入院途径	3	其他医疗机构转入
adm_way	入院途径	9	其他
adm_way	入院途径	0	新入院
agnter_rlts	代办人关系	1	配偶
agnter_rlts	代办人关系	2	子女
agnter_rlts	代办人关系	4	孙子、孙女，或外孙子、外孙女
agnter_rlts	代办人关系	5	父母
agnter_rlts	代办人关系	6	祖父母或外祖父母
agnter_rlts	代办人关系	7	兄、弟、姐、妹
agnter_rlts	代办人关系	8	其他亲属
agnter_rlts	代办人关系	9	非亲属
agnter_rlts	代办人关系	901	单位经办人
AGN_EVAL_REA	再次评估原因	01	定期评估
AGN_EVAL_REA	再次评估原因	02	临时评估
AGN_EVAL_REA	再次评估原因	03	期末评估
AGN_EVAL_REA	再次评估原因	04	失能状态变更评估
AGN_EVAL_REA	再次评估原因	05	经办机构临时评估
AGN_EVAL_REA	再次评估原因	06	参保人失能状态发生变化
AGN_EVAL_REA	再次评估原因	07	参保人对评估结论有异议
AGN_EVAL_REA	再次评估原因	08	失能评估结论即将到期
AGN_EVAL_REA	再次评估原因	99	其他
APPL_FLAG	申诉标志	0	不申诉
APPL_FLAG	申诉标志	1	申诉
APPY_EVT_TYPE	待遇申请事件类型	1	新增
APPY_EVT_TYPE	待遇申请事件类型	2	受理
APPY_EVT_TYPE	待遇申请事件类型	3	审核
APPY_EVT_TYPE	待遇申请事件类型	4	终止
ars_year_ipt_flag	跨年度住院标志	0	否
ars_year_ipt_flag	跨年度住院标志	1	是
ASST_DEV_FLAG	需要辅具标志	0	否
ASST_DEV_FLAG	需要辅具标志	1	是
ASST_PROD_TYPE	辅具产品类别	1	护理类
ASST_PROD_TYPE	辅具产品类别	2	助行类
ASST_PROD_TYPE	辅具产品类别	3	医疗类
ASST_PROD_TYPE	辅具产品类别	99	其他类
ASST_TYPE	辅具类别	1	租赁类
ASST_TYPE	辅具类别	2	销售类
ATT_TYPE	附件类型	1	身份证附件
ATT_TYPE	附件类型	2	病例附件
ATT_TYPE	附件类型	3	申请表附件
ATT_TYPE	附件类型	4	代理人身份证附件
ATT_TYPE	附件类型	5	参保人免冠照
ATT_TYPE	附件类型	6	证明材料
ATT_TYPE	附件类型	7	量表题目内容
ATT_TYPE	附件类型	8	量表答案内容
ATT_TYPE	附件类型	9	评估照片
ATT_TYPE	附件类型	10	签名附件
ATT_TYPE	附件类型	11	参保人面部信息
ATT_TYPE	附件类型	12	护理机构协议
ATT_TYPE	附件类型	13	评估机构协议
ATT_TYPE	附件类型	14	协议
ATT_TYPE	附件类型	15	护理附件
ATT_TYPE	附件类型	99	其他附件
ATT_TYPE	附件类型	17	结算表
ATT_TYPE	附件类型	18	情况说明
bas_medn_flag	基本药物标志	0	否
bas_medn_flag	基本药物标志	1	是
birctrl_type	计划生育手术类别	1	放置宫内节育器
birctrl_type	计划生育手术类别	10	皮下埋植术
birctrl_type	计划生育手术类别	11	皮下取出术
birctrl_type	计划生育手术类别	2	取出宫内节育器
birctrl_type	计划生育手术类别	3	流产术
birctrl_type	计划生育手术类别	301	药物流产(住院)
birctrl_type	计划生育手术类别	302	药物流产(门诊)
birctrl_type	计划生育手术类别	303	人工流产门诊(小于4个月)
birctrl_type	计划生育手术类别	304	人工流产住院(小于4个月)
birctrl_type	计划生育手术类别	305	人工流产门诊(大于4个月)
birctrl_type	计划生育手术类别	306	人工流产住院(大于4个月)
birctrl_type	计划生育手术类别	307	怀孕四个月以下流产的
birctrl_type	计划生育手术类别	308	人流(含药流)(8周以下)
birctrl_type	计划生育手术类别	309	人流(含药流)(8周以上)
birctrl_type	计划生育手术类别	310	自然流产
birctrl_type	计划生育手术类别	311	药物流产
birctrl_type	计划生育手术类别	312	人工流产
birctrl_type	计划生育手术类别	313	高危因素仅药物流产
birctrl_type	计划生育手术类别	4	引产术
birctrl_type	计划生育手术类别	401	中期引产(5至6个月)
birctrl_type	计划生育手术类别	402	中期引产(门诊)
birctrl_type	计划生育手术类别	403	中期引产(住院)
birctrl_type	计划生育手术类别	404	怀孕四个月以上不满七个月引产的
birctrl_type	计划生育手术类别	405	怀孕7个月以上引产的
birctrl_type	计划生育手术类别	406	中期引产(14-28周)
birctrl_type	计划生育手术类别	407	晚期引产(28周以上)
birctrl_type	计划生育手术类别	5	绝育手术
birctrl_type	计划生育手术类别	51C02	取出并放置宫内节育器（门诊）
birctrl_type	计划生育手术类别	51C03	放置宫内节育器（门诊）
birctrl_type	计划生育手术类别	51C05	输精管复通术（门诊）
birctrl_type	计划生育手术类别	51C06	输精管结扎术（门诊）
birctrl_type	计划生育手术类别	51C07	输卵管复通术（门诊）
birctrl_type	计划生育手术类别	51C08	输卵管结扎术（门诊）
birctrl_type	计划生育手术类别	51C09	为皮下埋植术（门诊）
birctrl_type	计划生育手术类别	51C10	怀孕未满16周终止妊娠（门诊）
birctrl_type	计划生育手术类别	52C12	输精管复通术
birctrl_type	计划生育手术类别	52C14	输卵管复通术
birctrl_type	计划生育手术类别	52C17	怀孕满16周以上28周以下终止妊娠
birctrl_type	计划生育手术类别	52C18	怀孕满28周以上终止妊娠（含死胎接生或剖宫产）
birctrl_type	计划生育手术类别	52C19	怀孕未满16周终止妊娠
birctrl_type	计划生育手术类别	6	绝育复通手术
birctrl_type	计划生育手术类别	7	绝育手术（输精管）
birctrl_type	计划生育手术类别	8	绝育复通手术（输精管）
birctrl_type	计划生育手术类别	9	其他
birctrl_type	计划生育手术类别	901	宫外孕
birctrl_type	计划生育手术类别	903	流产术同时放置节育器
birctrl_type	计划生育手术类别	904	流产术同时输卵管结扎
birctrl_type	计划生育手术类别	905	皮下埋植(取出)术
birctrl_type	计划生育手术类别	906	输精管结扎术
birctrl_type	计划生育手术类别	907	输卵管结扎术
birctrl_type	计划生育手术类别	908	怀孕不满六个月终止妊娠
birctrl_type	计划生育手术类别	909	上环取环及实施节育术
birctrl_type	计划生育手术类别	91	流产术+取出宫内节育器
birctrl_type	计划生育手术类别	910	人工流产术(负压吸宫)
birctrl_type	计划生育手术类别	911	人工流产术(钳刮术)
birctrl_type	计划生育手术类别	914	宫腔内节育器嵌顿行宫腔镜取出
birctrl_type	计划生育手术类别	915	宫腔内节育器情况检查
birctrl_type	计划生育手术类别	917	节育相关检查
birctrl_type	计划生育手术类别	918	终止妊娠门诊检查
birctrl_type	计划生育手术类别	919	孕情(环情)检查
birctrl_type	计划生育手术类别	92	流产术+放置宫内节育器
birctrl_type	计划生育手术类别	923	计划生育手术并发症
birctrl_type	计划生育手术类别	927	门诊终止妊娠术
birctrl_type	计划生育手术类别	929	住院取环
birctrl_type	计划生育手术类别	93	流产术+绝育手术
birctrl_type	计划生育手术类别	930	住院剖宫取环
birctrl_type	计划生育手术类别	931	宫腔镜取环
birctrl_type	计划生育手术类别	932	因母婴原因住院终止妊娠术
birctrl_type	计划生育手术类别	933	避孕药皮下埋置
birctrl_type	计划生育手术类别	934	长期避孕针
birctrl_type	计划生育手术类别	935	输卵管复通
birctrl_type	计划生育手术类别	936	环情监测(环透)
birctrl_type	计划生育手术类别	937	剖宫产计划生育合并输卵管结扎
birctrl_type	计划生育手术类别	94	高危人工流产
birctrl_type	计划生育手术类别	945	流产同时取环后上环
birctrl_type	计划生育手术类别	946	流产同时取环
birctrl_type	计划生育手术类别	947	取环同时上环
birctrl_type	计划生育手术类别	95	单纯输卵管结扎
birctrl_type	计划生育手术类别	96	产后输卵管结扎
birctrl_type	计划生育手术类别	9901	产钳助产
birctrl_type	计划生育手术类别	9902	门诊产前检查补助
birctrl_type	计划生育手术类别	9904	门诊放置宫内节育器
birctrl_type	计划生育手术类别	9905	门诊绝育复通手术
birctrl_type	计划生育手术类别	9906	门诊绝育手术
birctrl_type	计划生育手术类别	9907	门诊取出宫内节育器
birctrl_type	计划生育手术类别	9908	门诊人工流产术
birctrl_type	计划生育手术类别	9909	门诊人流并放置宫内节育器
birctrl_type	计划生育手术类别	9910	门诊人流并取出宫内节育器
birctrl_type	计划生育手术类别	9911	门诊药物流产术
birctrl_type	计划生育手术类别	9912	住院流产术
birctrl_type	计划生育手术类别	9913	住院剖宫产
birctrl_type	计划生育手术类别	9914	住院人工干预分娩
birctrl_type	计划生育手术类别	9915	住院胎膜早破（足月）经阴道分娩
birctrl_type	计划生育手术类别	9916	住院引产术
birctrl_type	计划生育手术类别	9917	住院自然临产阴道分娩
birctrl_type	计划生育手术类别	9920	嵌顿取环
birctrl_type	计划生育手术类别	9921	避孕药皮下埋植术
birctrl_type	计划生育手术类别	9922	避孕药皮下取出术
birctrl_type	计划生育手术类别	9923	宫外孕保守治疗
birctrl_type	计划生育手术类别	9924	宫外孕手术治疗
birctrl_type	计划生育手术类别	9002	取出加放置节育器
birctrl_type	计划生育手术类别	9003	双侧输卵管结扎或复通
birctrl_type	计划生育手术类别	9004	双侧输精管结扎或复通
birctrl_type	计划生育手术类别	9005	妊娠28周以下引产
birctrl_type	计划生育手术类别	9006	妊娠28周以下引产并放置（取出）节育器
birctrl_type	计划生育手术类别	9007	妊娠28周以下引产并放置加取出节育器
birctrl_type	计划生育手术类别	961	取环合并放环
birctrl_type	计划生育手术类别	962	取环合并人流合并上环
birctrl_type	计划生育手术类别	963	人流合并上环
birctrl_type	计划生育手术类别	964	取环合并人流
birctrl_type	计划生育手术类别	965	人流合并上环（8周以上）
birctrl_type	计划生育手术类别	966	取环合并人流（8周以上）
birctrl_type	计划生育手术类别	967	取环合并人流合并上环（8周以上）
birctrl_type	计划生育手术类别	601	绝育或复通
birctrl_type	计划生育手术类别	408	顺产引产(28周以上)
birctrl_type	计划生育手术类别	409	难产引产(28周以上)
birctrl_type	计划生育手术类别	410	剖宫产引产(28周以上)
birctrl_type	计划生育手术类别	101	皮下埋置并取出避孕器
birctrl_type	计划生育手术类别	321	流产（小于16周）并双侧输卵管绝育（复通）
birctrl_type	计划生育手术类别	322	引（流）产（16周至28周含16周）并双侧输卵管绝育（复通）
birctrl_type	计划生育手术类别	323	流产（小于16周）并放置取出宫内节育器
birctrl_type	计划生育手术类别	324	引（流）产（16周至28周含16周）并放置取出宫内节育器
birctrl_type	计划生育手术类别	902	输卵管妊娠
birctrl_type	计划生育手术类别	97	先兆临产
birctrl_type	计划生育手术类别	314	药物流产(怀孕未满4个月)
birctrl_type	计划生育手术类别	315	药物流产(怀孕满4个月)
birctrl_type	计划生育手术类别	411	引产术(怀孕未满4个月)
birctrl_type	计划生育手术类别	412	引产术(怀孕满4个月)
birctrl_type	计划生育手术类别	9931	怀孕满7个月（含7个人）以上流产终止妊娠（顺产）
birctrl_type	计划生育手术类别	9932	怀孕满7个月（含7个人）以上流产终止妊娠（难产）
birctrl_type	计划生育手术类别	9933	怀孕满7个月（含7个人）以上流产终止妊娠（剖宫产）
birctrl_type	计划生育手术类别	9925	妊娠不满12周流产
birctrl_type	计划生育手术类别	9926	妊娠满12周不满28周流产
birctrl_type	计划生育手术类别	9927	妊娠满12周不满28周引产
birctrl_type	计划生育手术类别	9928	妊娠满28周（含28周）以上引产
birctrl_type	计划生育手术类别	9935	生育或流产非医疗事故死亡
birctrl_type	计划生育手术类别	413	早期妊娠住院流产（未满14周）
birctrl_type	计划生育手术类别	9936	开腹取环术
birctrl_type	计划生育手术类别	9937	药物性引产处置术
birctrl_type	计划生育手术类别	9938	刮宫术
birctrl_type	计划生育手术类别	9939	数字化X线子宫输卵管碘油造影
birctrl_type	计划生育手术类别	9940	子宫输卵管通液术
birctrl_type	计划生育手术类别	9941	妇科检查
birctrl_type	计划生育手术类别	9942	人工破膜术
birctrl_type	计划生育手术类别	D310101_TRE110101	普通门诊年度累计
birctrl_type	计划生育手术类别	D610101_BIZ28	日间手术医疗救助基金
birctrl_type	计划生育手术类别	D999998_BIZ28_POLGB01	日间手术公务员补助一档自付
birctrl_type	计划生育手术类别	D999998_BIZ28_POLGB02	日间手术公务员补助二档自付
birctrl_type	计划生育手术类别	TQ320101_BIZ28	日间手术公务员医疗补助起付线
birctrl_type	计划生育手术类别	TS320101_BIZ28	日间手术公务员医疗补助合规费用
birctrl_type	计划生育手术类别	TQ610101_BIZ28	日间手术医疗救助起付线
birctrl_type	计划生育手术类别	TS610101_BIZ28	日间手术医疗救助合规费用
birctrl_type	计划生育手术类别	52C15	输卵管结扎手术（住院）
birctrl_type	计划生育手术类别	52C13	输精管结扎手术（住院）
birctrl_type	计划生育手术类别	9826	住院-终止妊娠
birctrl_type	计划生育手术类别	9820	门诊-计划生育手术
birctrl_type	计划生育手术类别	9821	住院-计划生育手术
birctrl_type	计划生育手术类别	9823	未满4个月流产术(压吸宫)
birctrl_type	计划生育手术类别	9824	未满4个月流产术(钳刮术)
birctrl_type	计划生育手术类别	9825	职工生育-特殊情形(实报实销)
birctrl_type	计划生育手术类别	98	满7个月终止妊娠（综合）
birctrl_type	计划生育手术类别	52C21	妊娠3个月以上引产
birctrl_type	计划生育手术类别	9903	怀孕未满4个月终止妊娠15天+取出宫内节育器1天
birctrl_type	计划生育手术类别	9151	流产12周以下（流产术+取出宫内节育器）
birctrl_type	计划生育手术类别	9152	流产12周以上（流产术+取出宫内节育器）
birctrl_type	计划生育手术类别	9251	流产12周以下（流产术+放置宫内节育器）
birctrl_type	计划生育手术类别	9252	流产12周以上（流产术+放置宫内节育器）
birctrl_type	计划生育手术类别	9351	流产12周以下（流产术+绝育手术）
birctrl_type	计划生育手术类别	9352	流产12周以上（流产术+绝育手术）
birctrl_type	计划生育手术类别	9315	93-流产术+绝育手术15天
birctrl_type	计划生育手术类别	9316	93-流产术+绝育手术16天
birctrl_type	计划生育手术类别	9317	93-流产术+绝育手术17天
birctrl_type	计划生育手术类别	9318	93-流产术+绝育手术18天
birctrl_type	计划生育手术类别	9319	93-流产术+绝育手术19天
birctrl_type	计划生育手术类别	9320	93-流产术+绝育手术20天
birctrl_type	计划生育手术类别	9321	93-流产术+绝育手术21天
birctrl_type	计划生育手术类别	9322	93-流产术+绝育手术22天
birctrl_type	计划生育手术类别	9323	93-流产术+绝育手术23天
birctrl_type	计划生育手术类别	9324	93-流产术+绝育手术24天
birctrl_type	计划生育手术类别	9325	93-流产术+绝育手术25天
birctrl_type	计划生育手术类别	9326	93-流产术+绝育手术26天
birctrl_type	计划生育手术类别	9327	93-流产术+绝育手术27天
birctrl_type	计划生育手术类别	9328	93-流产术+绝育手术28天
birctrl_type	计划生育手术类别	9329	93-流产术+绝育手术29天
birctrl_type	计划生育手术类别	9330	93-流产术+绝育手术30天
birctrl_type	计划生育手术类别	9215	92-流产术+放置宫内节育器15天
birctrl_type	计划生育手术类别	9216	92-流产术+放置宫内节育器16天
birctrl_type	计划生育手术类别	9217	92-流产术+放置宫内节育器17天
birctrl_type	计划生育手术类别	9218	92-流产术+放置宫内节育器18天
birctrl_type	计划生育手术类别	9219	92-流产术+放置宫内节育器19天
birctrl_type	计划生育手术类别	9220	92-流产术+放置宫内节育器20天
birctrl_type	计划生育手术类别	9221	92-流产术+放置宫内节育器21天
birctrl_type	计划生育手术类别	9222	92-流产术+放置宫内节育器22天
birctrl_type	计划生育手术类别	9223	92-流产术+放置宫内节育器23天
birctrl_type	计划生育手术类别	9224	92-流产术+放置宫内节育器24天
birctrl_type	计划生育手术类别	9225	92-流产术+放置宫内节育器25天
birctrl_type	计划生育手术类别	9226	92-流产术+放置宫内节育器26天
birctrl_type	计划生育手术类别	9227	92-流产术+放置宫内节育器27天
birctrl_type	计划生育手术类别	9228	92-流产术+放置宫内节育器28天
birctrl_type	计划生育手术类别	9229	92-流产术+放置宫内节育器29天
birctrl_type	计划生育手术类别	9230	92-流产术+放置宫内节育器30天
birctrl_type	计划生育手术类别	9115	91-流产术+取出宫内节育器15天
birctrl_type	计划生育手术类别	9116	91-流产术+取出宫内节育器16天
birctrl_type	计划生育手术类别	9117	91-流产术+取出宫内节育器17天
birctrl_type	计划生育手术类别	9118	91-流产术+取出宫内节育器18天
birctrl_type	计划生育手术类别	9119	91-流产术+取出宫内节育器19天
birctrl_type	计划生育手术类别	9120	91-流产术+取出宫内节育器20天
birctrl_type	计划生育手术类别	9121	91-流产术+取出宫内节育器21天
birctrl_type	计划生育手术类别	9122	91-流产术+取出宫内节育器22天
birctrl_type	计划生育手术类别	9123	91-流产术+取出宫内节育器23天
birctrl_type	计划生育手术类别	9124	91-流产术+取出宫内节育器24天
birctrl_type	计划生育手术类别	9125	91-流产术+取出宫内节育器25天
birctrl_type	计划生育手术类别	9126	91-流产术+取出宫内节育器26天
birctrl_type	计划生育手术类别	9127	91-流产术+取出宫内节育器27天
birctrl_type	计划生育手术类别	9128	91-流产术+取出宫内节育器28天
birctrl_type	计划生育手术类别	9129	91-流产术+取出宫内节育器29天
birctrl_type	计划生育手术类别	9130	91-流产术+取出宫内节育器30天
birctrl_type	计划生育手术类别	9803	怀孕未满4个月人工流产+节育手术
birctrl_type	计划生育手术类别	9804	怀孕4个月以上7个月以下人工流产+节育手术
birctrl_type	计划生育手术类别	9805	怀孕7个月人工流产+节育手术
birctrl_type	计划生育手术类别	9806	怀孕未满4个月人工流产+放置宫内节育器
birctrl_type	计划生育手术类别	9807	怀孕4个月以上7个月以下人工流产+放置宫内节育器
birctrl_type	计划生育手术类别	9808	怀孕7个月人工流产+放置宫内节育器
birctrl_type	计划生育手术类别	9809	取出+放置宫内节育器
birctrl_type	计划生育手术类别	9501	流产术15天
birctrl_type	计划生育手术类别	9502	流产术16天
birctrl_type	计划生育手术类别	9503	流产术17天
birctrl_type	计划生育手术类别	9504	流产术18天
birctrl_type	计划生育手术类别	9505	流产术19天
birctrl_type	计划生育手术类别	9506	流产术20天
birctrl_type	计划生育手术类别	9507	流产术21天
birctrl_type	计划生育手术类别	9508	流产术22天
birctrl_type	计划生育手术类别	9509	流产术23天
birctrl_type	计划生育手术类别	9510	流产术24天
birctrl_type	计划生育手术类别	9511	流产术25天
birctrl_type	计划生育手术类别	9512	流产术26天
birctrl_type	计划生育手术类别	9513	流产术27天
birctrl_type	计划生育手术类别	9514	流产术28天
birctrl_type	计划生育手术类别	9515	流产术29天
birctrl_type	计划生育手术类别	9516	流产术30天
birctrl_type	计划生育手术类别	9517	引产术15天
birctrl_type	计划生育手术类别	9518	引产术16天
birctrl_type	计划生育手术类别	9519	引产术17天
birctrl_type	计划生育手术类别	9520	引产术18天
birctrl_type	计划生育手术类别	9521	引产术19天
birctrl_type	计划生育手术类别	9522	引产术20天
birctrl_type	计划生育手术类别	9523	引产术21天
birctrl_type	计划生育手术类别	9524	引产术22天
birctrl_type	计划生育手术类别	9525	引产术23天
birctrl_type	计划生育手术类别	9526	引产术24天
birctrl_type	计划生育手术类别	9527	引产术25天
birctrl_type	计划生育手术类别	9528	引产术26天
birctrl_type	计划生育手术类别	9529	引产术27天
birctrl_type	计划生育手术类别	9530	引产术28天
birctrl_type	计划生育手术类别	9531	引产术29天
birctrl_type	计划生育手术类别	9532	引产术30天
birctrl_type	计划生育手术类别	9533	终止妊娠
birctrl_type	计划生育手术类别	9534	终止妊娠15天
birctrl_type	计划生育手术类别	9535	终止妊娠16天
birctrl_type	计划生育手术类别	9536	终止妊娠17天
birctrl_type	计划生育手术类别	9537	终止妊娠18天
birctrl_type	计划生育手术类别	9538	终止妊娠19天
birctrl_type	计划生育手术类别	9539	终止妊娠20天
birctrl_type	计划生育手术类别	9540	终止妊娠21天
birctrl_type	计划生育手术类别	9541	终止妊娠22天
birctrl_type	计划生育手术类别	9542	终止妊娠23天
birctrl_type	计划生育手术类别	9543	终止妊娠24天
birctrl_type	计划生育手术类别	9544	终止妊娠25天
birctrl_type	计划生育手术类别	9545	终止妊娠26天
birctrl_type	计划生育手术类别	9546	终止妊娠27天
birctrl_type	计划生育手术类别	9547	终止妊娠28天
birctrl_type	计划生育手术类别	9548	终止妊娠29天
birctrl_type	计划生育手术类别	9549	终止妊娠30天
birctrl_type	计划生育手术类别	9810	怀孕未满4个月人工流产+取出官内节育器
birctrl_type	计划生育手术类别	9811	怀孕4个月以上7个月以下人工流产+取出宫内节育器
birctrl_type	计划生育手术类别	9812	怀孕7个月人工流产+取出宫内节育器
biz_appy_type	业务申请类型	1	门慢门特登记
biz_appy_type	业务申请类型	2	意外伤害登记
biz_appy_type	业务申请类型	3	就医定点医疗机构登记
biz_appy_type	业务申请类型	4	家庭病床登记
biz_appy_type	业务申请类型	5	家庭医生签约登记
biz_appy_type	业务申请类型	6	转诊转院登记
biz_appy_type	业务申请类型	7	异地急诊住院登记
biz_appy_type	业务申请类型	8	异地安置登记
biz_appy_type	业务申请类型	9	特检特治登记
biz_appy_type	业务申请类型	10	特殊药品登记
biz_appy_type	业务申请类型	11	长期带药登记
biz_appy_type	业务申请类型	12	代购药品登记
biz_appy_type	业务申请类型	13	生育备案登记
biz_appy_type	业务申请类型	14	账户备案登记
biz_appy_type	业务申请类型	15	临时医疗救助人员资格认定
biz_appy_type	业务申请类型	16	年度救助备案登记
biz_appy_type	业务申请类型	17	按病种结算登记
biz_appy_type	业务申请类型	18	无医保凭证结算备案登记
biz_appy_type	业务申请类型	19	退费备案登记
biz_appy_type	业务申请类型	20	外检外购登记
biz_appy_type	业务申请类型	88	非差异化登记
biz_appy_type	业务申请类型	96	两病三师选点
biz_appy_type	业务申请类型	97	产前检查选点
biz_appy_type	业务申请类型	99	其他
biz_appy_type	业务申请类型	990105	重特大疾病登记
biz_appy_type	业务申请类型	9906	医保个人账户结转
biz_appy_type	业务申请类型	9907	医保个人账户取消结转
biz_appy_type	业务申请类型	991	门诊两病登记
biz_appy_type	业务申请类型	9911	住院跨县域审批
biz_appy_type	业务申请类型	991101	居民门诊两病
biz_appy_type	业务申请类型	9912	生育跨县域审批
biz_appy_type	业务申请类型	9913	门诊手术跨县域审批
biz_appy_type	业务申请类型	991301	转省外就医
biz_appy_type	业务申请类型	9914	住院登记审批
biz_appy_type	业务申请类型	9915	隔次退票审批
biz_appy_type	业务申请类型	9916	门诊统筹审批
biz_appy_type	业务申请类型	991701	城乡两病认定
biz_appy_type	业务申请类型	991801	交叉住院
biz_appy_type	业务申请类型	992	居民门诊定点登记
biz_appy_type	业务申请类型	9926	离休备案定点
biz_appy_type	业务申请类型	992701	取消结算审批
biz_appy_type	业务申请类型	992801	门诊重症病
biz_appy_type	业务申请类型	992901	本地住院登记审批
biz_appy_type	业务申请类型	993	离休人员门诊定点登记
biz_appy_type	业务申请类型	993001	起付线审批
biz_appy_type	业务申请类型	993101	中心报销不按结算次序退票
biz_appy_type	业务申请类型	993201	离休人员不能使用账户备案
biz_appy_type	业务申请类型	994	择日住院备案
biz_appy_type	业务申请类型	995	重大疾病登记
biz_appy_type	业务申请类型	996	延时就医审批
biz_appy_type	业务申请类型	101	门慢登记
biz_appy_type	业务申请类型	102	门特登记
biz_appy_type	业务申请类型	997	中医适宜技术
biz_appy_type	业务申请类型	998	中药饮片抗肿瘤
biz_appy_type	业务申请类型	9519	交叉住院审批
biz_appy_type	业务申请类型	9504	异地临时性住院审批
biz_appy_type	业务申请类型	602	离休人员转院审批（州外）
biz_appy_type	业务申请类型	603	转院审批(统筹内)
biz_appy_type	业务申请类型	9525	精神病住院审批
biz_appy_type	业务申请类型	604	临时性转院审批(统筹外)
biz_appy_type	业务申请类型	605	慢性病门诊转诊审批
biz_appy_type	业务申请类型	606	（统筹区内）上级医院转下级医院审批
biz_appy_type	业务申请类型	607	转诊审批
biz_appy_type	业务申请类型	608	特慢病转诊审批
biz_appy_type	业务申请类型	609	临时性转院审批(统筹内)
biz_appy_type	业务申请类型	610	离休人员转院审批（州内）
biz_appy_type	业务申请类型	801	长期驻外和异地安置审批(统筹内)
biz_appy_type	业务申请类型	802	长期驻外和异地安置审批(统筹外)
biz_appy_type	业务申请类型	9501	一次性卫生器材审批
biz_appy_type	业务申请类型	9502	补充保险结算联系函审批
biz_appy_type	业务申请类型	9503	异地普通门诊审批
biz_appy_type	业务申请类型	9526	住院延期审批
biz_appy_type	业务申请类型	9505	据实结算审批
biz_appy_type	业务申请类型	9506	居民门诊统筹审批
biz_appy_type	业务申请类型	9507	居民尿毒症与重性精神病审批
biz_appy_type	业务申请类型	9508	重性精神病审批
biz_appy_type	业务申请类型	9509	离休人员特殊审批
biz_appy_type	业务申请类型	9510	特殊材料审批
biz_appy_type	业务申请类型	9511	跨省异地住院审批
biz_appy_type	业务申请类型	9512	工伤医疗辅助器械审批
biz_appy_type	业务申请类型	9513	院内转科(不收起付金)
biz_appy_type	业务申请类型	9514	两病普通门诊用药保障对象
biz_appy_type	业务申请类型	9515	谈判药品审批
biz_appy_type	业务申请类型	9516	生育定额补助审批
biz_appy_type	业务申请类型	9517	急诊抢救审批
biz_appy_type	业务申请类型	9518	日间手术审批
biz_appy_type	业务申请类型	9520	血液制品审批
biz_appy_type	业务申请类型	9521	新生儿审批
biz_appy_type	业务申请类型	9522	新型冠状病毒肺炎审批
biz_appy_type	业务申请类型	9523	工伤医疗转院审批
biz_appy_type	业务申请类型	9524	特殊药品补助审批
biz_appy_type	业务申请类型	5101	一类慢特病定点登记
biz_appy_type	业务申请类型	5102	二类慢特病定点登记
biz_appy_type	业务申请类型	5103	精神病定点登记
biz_appy_type	业务申请类型	5104	肝炎定点登记
biz_appy_type	业务申请类型	5105	结核病定点登记
biz_appy_type	业务申请类型	5106	器官移植术后治疗定点登记
biz_appy_type	业务申请类型	5107	青光眼定点登记
biz_appy_type	业务申请类型	9527	康复登记
biz_appy_type	业务申请类型	9528	门特专项治疗待遇登记
biz_appy_type	业务申请类型	1001	双通道抗肿瘤药品登记
biz_appy_type	业务申请类型	1002	双通道单独支付药品登记
biz_appy_type	业务申请类型	9529	门诊精神病登记
biz_appy_type	业务申请类型	9530	门诊艾滋病登记
biz_appy_type	业务申请类型	21	居家护理备案登记
biz_appy_type	业务申请类型	999	罕见病备案
biz_appy_type	业务申请类型	1003	专项用药登记备案
biz_appy_type	业务申请类型	9801	计生手术登记备案
biz_appy_type	业务申请类型	9802	妊娠前期检查（小卡）登记备案
biz_appy_type	业务申请类型	9803	妊娠后期检查（大卡）登记备案
biz_appy_type	业务申请类型	9804	分娩登记备案
biz_appy_type	业务申请类型	9805	生育转院登记备案
biz_appy_type	业务申请类型	103	门慢丙肝干扰素登记备案
biz_appy_type	业务申请类型	9901	职工门统登记
biz_appy_type	业务申请类型	9902	儿童统筹登记
biz_appy_type	业务申请类型	9903	居民定点变变更登记
biz_appy_type	业务申请类型	9904	住院康复有一项情况的
biz_appy_type	业务申请类型	9905	老年护理登记
biz_appy_type	业务申请类型	99061	住院康复有一项并伴有二三四五中任何一项或多项情况的
biz_appy_type	业务申请类型	99071	住院康复有二三四五项中任何一项或多项情况的
biz_appy_type	业务申请类型	9908	住院康复合并器官切开的
biz_appy_type	业务申请类型	9909	住院康复骨关节功能障碍
biz_appy_type	业务申请类型	9910	门慢转诊登记
biz_appy_type	业务申请类型	23	门诊重大疾病外出异地备案
biz_appy_type	业务申请类型	9531	双通道备案
BLD_CAT_CODE	输血品种	1	红细胞
BLD_CAT_CODE	输血品种	11	浓缩红细胞
BLD_CAT_CODE	输血品种	12	滤白红细胞
BLD_CAT_CODE	输血品种	13	红细胞悬液
BLD_CAT_CODE	输血品种	14	洗涤红细胞
BLD_CAT_CODE	输血品种	15	冰冻红细胞
BLD_CAT_CODE	输血品种	16	冰冻解冻去甘油红细胞
BLD_CAT_CODE	输血品种	17	Rh阴性悬浮红细胞
BLD_CAT_CODE	输血品种	2	全血
BLD_CAT_CODE	输血品种	21	滤白全血
BLD_CAT_CODE	输血品种	22	重组全血
BLD_CAT_CODE	输血品种	23	Rh阴性全血
BLD_CAT_CODE	输血品种	3	血小板
BLD_CAT_CODE	输血品种	31	手工分离浓缩血小板
BLD_CAT_CODE	输血品种	32	机采血小板
BLD_CAT_CODE	输血品种	33	滤白机采血小板
BLD_CAT_CODE	输血品种	34	冷冻机采血小板
BLD_CAT_CODE	输血品种	4	血浆
BLD_CAT_CODE	输血品种	41	新鲜液体血浆
BLD_CAT_CODE	输血品种	42	新鲜冰冻血浆
BLD_CAT_CODE	输血品种	43	普通冰冻血浆
BLD_CAT_CODE	输血品种	44	滤白病毒灭活冰冻血浆
BLD_CAT_CODE	输血品种	45	滤白新鲜冰冻血浆
BLD_CAT_CODE	输血品种	46	滤白普通冰冻血浆
BLD_CAT_CODE	输血品种	5	冷沉淀
BLD_CAT_CODE	输血品种	51	滤白冷沉淀
BLD_CAT_CODE	输血品种	6	机采浓缩白细胞悬液
BLD_CAT_CODE	输血品种	9	其他
caty	科别	A01	预防保健科
caty	科别	A02	全科医疗科
caty	科别	A03	内科
caty	科别	A03.01	呼吸内科专业
caty	科别	A03.02	消化内科专业
caty	科别	A03.03	神经内科专业
caty	科别	A03.04	心血管内科专业
caty	科别	A03.05	血液内科专业
caty	科别	A03.06	肾病学专业
caty	科别	A03.07	内分泌专业
caty	科别	A03.08	免疫学专业
caty	科别	A03.09	变态反应专业
caty	科别	A03.10	老年病专业
caty	科别	A03.11	其他
caty	科别	A04	外科
caty	科别	A04.01	普通外科专业
caty	科别	A04.01.01	肝脏移植项目
caty	科别	A04.01.02	胰腺移植项目
caty	科别	A04.01.03	小肠移植项目
caty	科别	A04.02	神经外科专业
caty	科别	A04.03	骨科专业
caty	科别	A04.04	泌尿外科专业
caty	科别	A04.04.01	肾脏移植项目
caty	科别	A04.05	胸外科专业
caty	科别	A04.05.01	肺脏移植项目
caty	科别	A04.06	心脏大血管外科专业
caty	科别	A04.06.01	心脏移植项目
caty	科别	A04.07	烧伤科专业
caty	科别	A04.08	整形外科专业
caty	科别	A04.09	其他
caty	科别	A05	妇产科
caty	科别	A05.01	妇科专业
caty	科别	A05.02	产科专业
caty	科别	A05.03	计划生育专业
caty	科别	A05.04	优生学专业
caty	科别	A05.05	生殖健康与不孕症专业
caty	科别	A05.06	其他
caty	科别	A06	妇女保健科
caty	科别	A06.01	青春期保健专业
caty	科别	A06.02	围产期保健专业
caty	科别	A06.03	更年期保健专业
caty	科别	A06.04	妇女心理卫生专业
caty	科别	A06.05	妇女营养专业
caty	科别	A06.06	其他
caty	科别	A07	儿科
caty	科别	A07.01	新生儿专业
caty	科别	A07.02	小儿传染病专业
caty	科别	A07.03	小儿消化专业
caty	科别	A07.04	小儿呼吸专业
caty	科别	A07.05	小儿心脏病专业
caty	科别	A07.06	小儿肾病专业
caty	科别	A07.07	小儿血液病专业
caty	科别	A07.08	小儿神经病学专业
caty	科别	A07.09	小儿内分泌专业
caty	科别	A07.10	小儿遗传病专业
caty	科别	A07.11	小儿免疫专业
caty	科别	A07.12	其他
caty	科别	A08	小儿外科
caty	科别	A08.01	小儿普通外科专业
caty	科别	A08.02	小儿骨科专业
caty	科别	A08.03	小儿泌尿外科专业
caty	科别	A08.04	小儿胸心外科专业
caty	科别	A08.05	小儿神经外科专业
caty	科别	A08.06	其他
caty	科别	A09	儿童保健科
caty	科别	A09.01	儿童生长发育专业
caty	科别	A09.02	儿童营养专业
caty	科别	A09.03	儿童心理卫生专业
caty	科别	A09.04	儿童五官保健专业
caty	科别	A09.05	儿童康复专业
caty	科别	A09.06	其他
caty	科别	A10	眼科
caty	科别	A11	耳鼻咽喉科
caty	科别	A11.01	耳科专业
caty	科别	A11.02	鼻科专业
caty	科别	A11.03	咽喉科专业
caty	科别	A11.04	其他
caty	科别	A12	口腔科
caty	科别	A12.01	牙体牙髓病专业
caty	科别	A12.02	牙周病专业
caty	科别	A12.03	口腔黏膜病专业
caty	科别	A12.04	儿童口腔专业
caty	科别	A12.05	口腔颌骨外科专业
caty	科别	A12.06	口腔修复专业
caty	科别	A12.07	口腔正畸专业
caty	科别	A12.08	口腔种植专业
caty	科别	A12.09	口腔麻醉专业
caty	科别	A12.10	口腔颌面医学影像专业
caty	科别	A13	皮肤科
caty	科别	A13.01	皮肤病专业
caty	科别	A13.02	性传播疾病专业
caty	科别	A13.03	其他
caty	科别	A14	医疗美容科
caty	科别	A15	精神科
caty	科别	A15.01	精神病专业
caty	科别	A15.02	精神卫生专业
caty	科别	A15.03	药物依赖专业
caty	科别	A15.04	精神康复专业
caty	科别	A15.05	社区防治专业
caty	科别	A15.06	临床心理专业
caty	科别	A15.07	司法精神专业
caty	科别	A15.08	其他
caty	科别	A16	传染科
caty	科别	A16.01	肠道传染病专业
caty	科别	A16.02	呼吸道传染病专业
caty	科别	A16.03	肝炎专业
caty	科别	A16.04	虫媒传染病专业
caty	科别	A16.05	动物源性传染病专业
caty	科别	A16.06	蠕虫病专业
caty	科别	A16.07	其它
caty	科别	A17	结核病科
caty	科别	A18	地方病科
caty	科别	A19	肿瘤科
caty	科别	A20	急诊医学科
caty	科别	A21	康复医学科
caty	科别	A22	运动医学科
caty	科别	A23	职业病科
caty	科别	A23.01	职业中毒专业
caty	科别	A23.02	尘肺专业
caty	科别	A23.03	放射病专业
caty	科别	A23.04	物理因素损伤专业
caty	科别	A23.05	职业健康监护专业
caty	科别	A23.06	其他
caty	科别	A24	临终关怀科
caty	科别	A25	特种医学与军事医学科
caty	科别	A26	麻醉科
caty	科别	A27	疼痛科
caty	科别	A28	重症医学科
caty	科别	A30	医学检验科
caty	科别	A30.01	临床体液、血液专业
caty	科别	A30.02	临床微生物学专业
caty	科别	A30.03	临床生化检验专业
caty	科别	A30.04	临床免疫、血清学专业
caty	科别	A30.05	临床细胞分子遗传学专业
caty	科别	A30.06	其他
caty	科别	A31	病理科
caty	科别	A32	医学影像科
caty	科别	A32.01X	线诊断专业
caty	科别	A32.02CT	诊断专业
caty	科别	A32.03	磁共振成像诊断专业
caty	科别	A32.04	核医学专业
caty	科别	A32.05	超声诊断专业
caty	科别	A32.06	心电诊断专业
caty	科别	A32.07	脑电及脑血流图诊断专业
caty	科别	A32.08	神经肌肉电图专业
caty	科别	A32.09	介入放射学专业
caty	科别	A32.10	放射治疗专业
caty	科别	A32.11	其他
caty	科别	A50	中医科
caty	科别	A50.01	内科专业
caty	科别	A50.02	外科专业
caty	科别	A50.03	妇产科专业
caty	科别	A50.04	儿科专业
caty	科别	A50.05	皮肤科专业
caty	科别	A50.06	眼科专业
caty	科别	A50.07	耳鼻咽喉科专业
caty	科别	A50.08	口腔科专业
caty	科别	A50.09	肿瘤科专业
caty	科别	A50.10	骨伤科专业
caty	科别	A50.11	肛肠科专业
caty	科别	A50.12	老年病科专业
caty	科别	A50.13	针灸科专业
caty	科别	A50.14	推拿科专业
caty	科别	A50.15	康复医学专业
caty	科别	A50.16	急诊科专业
caty	科别	A50.17	预防保健科专业
caty	科别	A50.18	其他
caty	科别	A51	民族医学科
caty	科别	A51.01	维吾尔医学
caty	科别	A51.02	藏医学
caty	科别	A51.03	蒙医学
caty	科别	A51.04	彝医学
caty	科别	A51.05	傣医学
caty	科别	A51.06	其他
caty	科别	A52	中西医结合科
caty	科别	A69	其他业务科室
caty	科别	B01	传染病预防控制科(中心)
caty	科别	B02	性病艾滋病预防控制科(中心)
caty	科别	B03	结核病预防控制科(中心)
caty	科别	B04	血吸虫预防控制科(中心)
caty	科别	B05	慢性非传染性疾病预防控制科(中心)
caty	科别	B06	寄生虫病预防控制科(中心)
caty	科别	B07	地方病控制科(中心)
caty	科别	B08	精神卫生科(中心)
caty	科别	B09	妇幼保健科
caty	科别	B10	免疫规划科(中心)
caty	科别	B11	农村改水技术指导科(中心)
caty	科别	B12	疾病控制与应急处理办公室
caty	科别	B13	食品卫生科
caty	科别	B14	环境卫生所
caty	科别	B15	职业卫生科
caty	科别	B16	放射卫生科
caty	科别	B17	学校卫生科
caty	科别	B18	健康教育科(中心)
caty	科别	B19	预防医学门诊
caty	科别	B69	其他业务科室
caty	科别	C01	综合卫生监督科
caty	科别	C02	产品卫生监督科
caty	科别	C03	职业卫生监督科
caty	科别	C04	环境卫生监督科
caty	科别	C05	传染病执法监督科
caty	科别	C06	医疗服务监督科
caty	科别	C07	稽查科(大队)
caty	科别	C08	许可受理科
caty	科别	C09	放射卫生监督科
caty	科别	C10	学校卫生监督科
caty	科别	C11	食品安全监督科
caty	科别	C69	其他
caty	科别	D71	护理部
caty	科别	D72	药剂科(药房)
caty	科别	D73	感染科
caty	科别	D74	输血科(血库)
caty	科别	D81	办公室
caty	科别	D82	人事科
caty	科别	D83	财务科
caty	科别	D84	设备科
caty	科别	D85	信息科(中心)
caty	科别	D86	医政科
caty	科别	D87	教育培训科
caty	科别	D88	总务科
caty	科别	D89	新农合管理办公室
caty	科别	D99	其他科室
caty	科别	E64	村卫生室(所)
caty	科别	E65	社区卫生服务站
CHK_DEL_FLAG	审核删除标志	1	初审删除
CHK_DEL_FLAG	审核删除标志	2	复审删除
chk_pay_flag	审核支付标志	1	可予支付
chk_pay_flag	审核支付标志	2	不予支付
CHK_PROCRSLT	合议结果	1	通过
CHK_PROCRSLT	合议结果	2	不通过
CHK_PROCRSLT	合议结果	3	违规
CHK_PROCRSLT	合议结果	4	不违规
CHK_PROCRSLT	合议结果	5	申诉
CHK_PROCRSLT	合议结果	6	不申诉
CHK_PROCRSLT	合议结果	7	合议
CHK_PROCRSLT	合议结果	8	不合议
CHK_PROCRSLT	合议结果	9	撤销
chld_medc_flag	儿童用药标志	0	否
chld_medc_flag	儿童用药标志	1	是
chld_medc_flag	儿童用药标志	2	儿童专用药
chld_medc_flag	儿童用药标志	3	儿童适用药
chrgitm_lv	收费项目等级	1	甲类
chrgitm_lv	收费项目等级	2	乙类
chrgitm_lv	收费项目等级	3	丙类
chrgitm_lv	收费项目等级	4	可报丙类
clr_type	清算类别	11	门诊
clr_type	清算类别	12	门诊挂号
clr_type	清算类别	14	门诊慢特病
clr_type	清算类别	15	两病门诊
clr_type	清算类别	18	特药购药
clr_type	清算类别	21	住院
clr_type	清算类别	27	单病种住院
clr_type	清算类别	28	日间手术
clr_type	清算类别	41	药店购药
clr_type	清算类别	51	暂缓结算
clr_type	清算类别	53	生育门诊
clr_type	清算类别	99	其他
clr_type	清算类别	9907	总控
clr_type	清算类别	9908	非总控
clr_type	清算类别	9909	域内异地
clr_type	清算类别	9914	签约服务费
clr_type	清算类别	9925	生育并发症
clr_type	清算类别	9949	病种付费
clr_type	清算类别	9950	职工药店购药清算
clr_type	清算类别	9972	门特鉴定
clr_type	清算类别	9974	域外异地药店购药
clr_type	清算类别	9975	域内异地门慢门特
clr_type	清算类别	9977	产前检查
clr_type	清算类别	9978	普通生育住院
clr_type	清算类别	9985	终止妊娠
clr_type	清算类别	9986	计生手术
clr_type	清算类别	9987	域外异地门慢门特
clr_type	清算类别	99914	人头付费
clr_type	清算类别	99915	职工门诊清算
clr_type	清算类别	99922	职工门诊慢特病清算
clr_type	清算类别	99923	单病种
clr_type	清算类别	99927	职工住院清算
clr_type	清算类别	99928	精神病住院
clr_type	清算类别	99933	职工生育住院清算
clr_type	清算类别	99934	日间病床
clr_type	清算类别	99938	总控管理
clr_type	清算类别	99939	城乡门诊统筹清算
clr_type	清算类别	99940	生育住院
clr_type	清算类别	99943	糖尿病人头付费(药店取药)
clr_type	清算类别	99945	城乡门诊慢特病清算
clr_type	清算类别	99946	新丙肝人头付费
clr_type	清算类别	99948	城乡住院清算
clr_type	清算类别	99949	生育定额住院
clr_type	清算类别	99950	腹膜透析人头付费
clr_type	清算类别	99952	异地医疗费用清算
clr_type	清算类别	99953	计划生育手术
clr_type	清算类别	99958	国家谈判药品支付
clr_type	清算类别	99959	医疗费用清算
clr_type	清算类别	99960	门诊两病
clr_type	清算类别	99961	糖尿病人头付费药店
clr_type	清算类别	99962	门诊癌症筛查
clr_type	清算类别	99963	域外异地门诊
clr_type	清算类别	99967	糖尿病人头付费药店项目付费
clr_type	清算类别	99968	域外异地住院
clr_type	清算类别	99970	职工医疗费用清算
clr_type	清算类别	99971	居民医疗费用清算
clr_type	清算类别	99972	离休医疗费用清算
clr_type	清算类别	9901	省内异地职工门诊
clr_type	清算类别	9902	省内异地职工住院
clr_type	清算类别	9904	省内异地药店购药
clr_type	清算类别	9910	省内异地居民门诊
clr_type	清算类别	9911	省内异地居民住院
clr_type	清算类别	9912	省内异地离休门诊
clr_type	清算类别	9913	省内异地离休住院
clr_type	清算类别	9916	省内异地职工门慢门特
clr_type	清算类别	9917	省内异地居民门慢门特
clr_type	清算类别	9918	跨省异地职工门诊
clr_type	清算类别	9919	跨省异地药店购药
clr_type	清算类别	9920	省内异地职工门诊
clr_type	清算类别	9921	跨省异地居民门诊
clr_type	清算类别	9922	跨省异地居民住院
clr_type	清算类别	9923	跨省异地离休门诊
clr_type	清算类别	9924	跨省异地离休住院
clr_type	清算类别	9926	跨省异地职工门慢门特
clr_type	清算类别	9927	跨省异地居民门慢门特
clr_type	清算类别	99973	居民药店购药
clr_type	清算类别	99974	DRG支付
clr_type	清算类别	9952	离休药店购药清算
clr_type	清算类别	99975	区内居民医院费用清算
clr_type	清算类别	99976	区内离休医院费用清算
clr_type	清算类别	99977	区内职工药店费用清算
clr_type	清算类别	99978	区内居民药店费用清算
clr_type	清算类别	99979	区内离休药店费用清算
clr_type	清算类别	99980	区外职工医院费用清算
clr_type	清算类别	99981	区外居民医院费用清算
clr_type	清算类别	99982	职工生育清算
clr_type	清算类别	99983	区内职工医院费用清算
clr_type	清算类别	99984	意外伤害清算
clr_type	清算类别	99985	城乡居民生育清算
clr_type	清算类别	99986	职工特殊购药清算
clr_type	清算类别	99987	城乡特殊购药清算
clr_type	清算类别	99992	职工DRGS医疗费用清算
clr_type	清算类别	99993	居民DRGS医疗费用清算
clr_type	清算类别	99988	长护待遇机构清算
clr_type	清算类别	99989	长护待遇个人清算
clr_type	清算类别	99990	职工长护评估费用清算
clr_type	清算类别	99991	居民长护评估费用清算
clr_type	清算类别	9994	省内异地门诊
clr_type	清算类别	9995	省内异地住院
clr_type	清算类别	99951	血液透析人头付费
clr_type	清算类别	4101	外配购药
clr_type	清算类别	991	单开项目结算（出血热、艾滋病、结核病）
clr_type	清算类别	992	新冠结算
clr_type	清算类别	994	按定额结算（二倍定额）
clr_type	清算类别	996	按专科定额结算
clr_type	清算类别	997	按专科定额结算（二倍定额）
clr_type	清算类别	999	按专科无定额结算
clr_type	清算类别	99588	儿童白血病住院清算
clr_type	清算类别	99589	儿童先心病住院清算
clr_type	清算类别	99994	罕见病清算
clr_type	清算类别	1401	门诊慢病
clr_type	清算类别	1402	门诊特病
clr_type	清算类别	999391	居民村卫门诊清算
clr_type	清算类别	530202	计划生育住院清算
clr_type	清算类别	530102	计划生育门诊清算
clr_type	清算类别	3401	离休门诊清算
clr_type	清算类别	3402	离休住院清算
clr_type	清算类别	16	中医特色门诊
clr_type	清算类别	9988	省内异地职工特药购药清算
clr_type	清算类别	9989	省内异地居民特药购药清算
clr_type	清算类别	9990	省内异地职工特药门诊清算
clr_type	清算类别	9991	省内异地居民特药门诊清算
clr_type	清算类别	99995	职工中医适宜技术清算
clr_type	清算类别	99996	居民中医适宜技术清算
clr_type	清算类别	99997	职工精神类住院清算
clr_type	清算类别	99998	居民精神类住院清算
clr_type	清算类别	9903	跨市异地门诊清算（省内）
clr_type	清算类别	9905	跨市异地门诊清算（跨省）
clr_type	清算类别	9906	生育综合（合并业务）
clr_type	清算类别	9928	新冠门诊
clr_type	清算类别	9929	新冠住院
clr_type	清算类别	999841	职工意外伤害清算
clr_type	清算类别	999842	居民意外伤害清算
clr_type	清算类别	99931	居民门诊清算
clr_type	清算类别	9953	离休特殊购药清算
clr_type	清算类别	4102	省内异地特殊药品清算（单行）
clr_type	清算类别	4103	省内异地特殊药品清算（高值）
clr_type	清算类别	910303	门特双通道外购药
clr_type	清算类别	910302	住院双通道外购药
CLR_TYPE_LV2	二级清算类别	3101	职工药店购药清算
CLR_TYPE_LV2	二级清算类别	3102	职工门诊清算
CLR_TYPE_LV2	二级清算类别	3103	职工门诊慢特病清算
CLR_TYPE_LV2	二级清算类别	3104	职工住院清算
CLR_TYPE_LV2	二级清算类别	3105	职工门诊统筹清算
CLR_TYPE_LV2	二级清算类别	3106	职工特殊购药清算
CLR_TYPE_LV2	二级清算类别	3401	离休门诊清算
CLR_TYPE_LV2	二级清算类别	3402	离休住院清算
CLR_TYPE_LV2	二级清算类别	3403	离休药店购药清算
CLR_TYPE_LV2	二级清算类别	3901	城乡门诊清算
CLR_TYPE_LV2	二级清算类别	3902	城乡门诊慢特病清算
CLR_TYPE_LV2	二级清算类别	3903	城乡住院清算
CLR_TYPE_LV2	二级清算类别	3904	城乡门诊统筹清算
CLR_TYPE_LV2	二级清算类别	3905	城乡特殊购药清算
CLR_TYPE_LV2	二级清算类别	5101	职工生育门诊清算
CLR_TYPE_LV2	二级清算类别	5102	职工生育住院清算
CLR_TYPE_LV2	二级清算类别	9901	暂缓结算
CLR_TYPE_LV2	二级清算类别	9999	其他
CLR_TYPE_LV2	二级清算类别	999901	职工门诊婚检清算
CLR_TYPE_LV2	二级清算类别	999902	居民门诊婚检清算
CLR_TYPE_LV2	二级清算类别	999903	职工核酸检测清算
CLR_TYPE_LV2	二级清算类别	999904	居民核酸检测清算
CLR_TYPE_LV2	二级清算类别	999905	职工新冠CT筛查
CLR_TYPE_LV2	二级清算类别	999992	离休非总控
CLR_TYPE_LV2	二级清算类别	999906	居民新冠CT筛查
CLR_TYPE_LV2	二级清算类别	999907	职工新冠清算
CLR_TYPE_LV2	二级清算类别	999908	居民新冠清算
CLR_TYPE_LV2	二级清算类别	999909	综合医疗保险
CLR_TYPE_LV2	二级清算类别	999910	住院医疗保险
CLR_TYPE_LV2	二级清算类别	999911	职工未逐级转院住院清算
CLR_TYPE_LV2	二级清算类别	999912	城乡居民未逐级转院住院清算
CLR_TYPE_LV2	二级清算类别	999913	跨省居民门诊
CLR_TYPE_LV2	二级清算类别	999914	跨省居民住院
CLR_TYPE_LV2	二级清算类别	999915	跨省居民门慢门特清算
CLR_TYPE_LV2	二级清算类别	999916	跨省职工门诊
CLR_TYPE_LV2	二级清算类别	999917	跨省职工住院
CLR_TYPE_LV2	二级清算类别	999918	跨省职工门慢门特清算
CLR_TYPE_LV2	二级清算类别	999919	跨省药店购药清算
CLR_TYPE_LV2	二级清算类别	999920	跨省离休门诊
CLR_TYPE_LV2	二级清算类别	999921	跨省离休住院
CLR_TYPE_LV2	二级清算类别	999922	重大疾病住院清算
CLR_TYPE_LV2	二级清算类别	999923	居民总控
CLR_TYPE_LV2	二级清算类别	999924	优抚门诊
CLR_TYPE_LV2	二级清算类别	999925	职工医疗费用清算
CLR_TYPE_LV2	二级清算类别	999926	经办机构月结
CLR_TYPE_LV2	二级清算类别	999927	职工特药门诊清算
CLR_TYPE_LV2	二级清算类别	999929	职工总控
CLR_TYPE_LV2	二级清算类别	999930	医疗费用清算
CLR_TYPE_LV2	二级清算类别	999931	优抚住院
CLR_TYPE_LV2	二级清算类别	999932	职工Drgs费用清算
CLR_TYPE_LV2	二级清算类别	999934	城乡特药门诊清算
CLR_TYPE_LV2	二级清算类别	999936	居民非总控
CLR_TYPE_LV2	二级清算类别	999937	家庭签约医生清算
CLR_TYPE_LV2	二级清算类别	999938	离休二乙费用清算
CLR_TYPE_LV2	二级清算类别	999940	市级干部费用清算
CLR_TYPE_LV2	二级清算类别	999942	职工非总控
CLR_TYPE_LV2	二级清算类别	999943	职工特药门诊
CLR_TYPE_LV2	二级清算类别	999944	机关生育费用清算
CLR_TYPE_LV2	二级清算类别	999946	低自付中心结算
CLR_TYPE_LV2	二级清算类别	999952	居民特药门诊
CLR_TYPE_LV2	二级清算类别	999953	企业生育费用清算
CLR_TYPE_LV2	二级清算类别	999956	居民域内异地
CLR_TYPE_LV2	二级清算类别	999961	城乡居民生育清算
CLR_TYPE_LV2	二级清算类别	999962	城乡医疗费用清算
CLR_TYPE_LV2	二级清算类别	999963	医联体月结
CLR_TYPE_LV2	二级清算类别	999971	职工域内异地
CLR_TYPE_LV2	二级清算类别	999972	灵活就业生育住院
CLR_TYPE_LV2	二级清算类别	999973	城乡Drgs费用清算
CLR_TYPE_LV2	二级清算类别	999981	离休域内异地
CLR_TYPE_LV2	二级清算类别	999982	新冠疫苗清算
CLR_TYPE_LV2	二级清算类别	999983	异地医疗费用清算
CLR_TYPE_LV2	二级清算类别	999991	健康体检清算
CLR_TYPE_LV2	二级清算类别	6101	职工工伤门诊清算
CLR_TYPE_LV2	二级清算类别	6102	职工工伤住院清算
CLR_TYPE_LV2	二级清算类别	999974	居民药店购药清算
CLR_TYPE_LV2	二级清算类别	3906	城乡药店购药清算
CLR_TYPE_LV2	二级清算类别	999964	区内职工门诊清算
CLR_TYPE_LV2	二级清算类别	999965	区内职工住院清算
CLR_TYPE_LV2	二级清算类别	999966	区内职工门慢清算
CLR_TYPE_LV2	二级清算类别	999967	区内居民门诊清算
CLR_TYPE_LV2	二级清算类别	999968	区内居民住院清算
CLR_TYPE_LV2	二级清算类别	999969	区内居民门慢清算
CLR_TYPE_LV2	二级清算类别	999970	区内离休门诊清算
CLR_TYPE_LV2	二级清算类别	999975	区内离休住院清算
CLR_TYPE_LV2	二级清算类别	999976	区内离休门慢清算
CLR_TYPE_LV2	二级清算类别	999977	区内职工药店费用清算
CLR_TYPE_LV2	二级清算类别	999978	区内居民药店费用清算
CLR_TYPE_LV2	二级清算类别	999979	区内离休药店费用清算
CLR_TYPE_LV2	二级清算类别	999957	区外职工门诊清算
CLR_TYPE_LV2	二级清算类别	999958	区外职工住院清算
CLR_TYPE_LV2	二级清算类别	999959	区外职工门慢清算
CLR_TYPE_LV2	二级清算类别	999984	区外居民门诊清算
CLR_TYPE_LV2	二级清算类别	999985	区外居民住院清算
CLR_TYPE_LV2	二级清算类别	999986	区外居民门慢清算
CLR_TYPE_LV2	二级清算类别	99984	职工意外伤害清算
CLR_TYPE_LV2	二级清算类别	995101	大学生门诊清算
CLR_TYPE_LV2	二级清算类别	995102	大学生外伤门诊清算
CLR_TYPE_LV2	二级清算类别	995103	城乡居民两病门诊清算
CLR_TYPE_LV2	二级清算类别	995104	城乡居民血液透析清算
CLR_TYPE_LV2	二级清算类别	995105	脑瘫康复门诊清算
CLR_TYPE_LV2	二级清算类别	995106	城乡居民造口袋门诊清算
CLR_TYPE_LV2	二级清算类别	995107	城乡居民单病种住院
CLR_TYPE_LV2	二级清算类别	995108	儿童白血病住院清算
CLR_TYPE_LV2	二级清算类别	995109	儿童先心病住院清算
CLR_TYPE_LV2	二级清算类别	995110	城乡居民肝移植住院清算
CLR_TYPE_LV2	二级清算类别	995111	城乡居民精神病阳光救助清算
CLR_TYPE_LV2	二级清算类别	995112	城乡居民精神病住院清算
CLR_TYPE_LV2	二级清算类别	995113	城乡居民慢性病住院清算
CLR_TYPE_LV2	二级清算类别	995114	职工血液透析清算
CLR_TYPE_LV2	二级清算类别	995115	职工造口袋门诊清算
CLR_TYPE_LV2	二级清算类别	995116	职工单病种住院
CLR_TYPE_LV2	二级清算类别	995117	职工肝移植住院清算
CLR_TYPE_LV2	二级清算类别	995118	职工精神病阳光救助住院
CLR_TYPE_LV2	二级清算类别	995119	职工精神病住院
CLR_TYPE_LV2	二级清算类别	995120	职工慢性病住院
CLR_TYPE_LV2	二级清算类别	995121	企业离休门诊清算
CLR_TYPE_LV2	二级清算类别	995122	企业离休住院清算
CLR_TYPE_LV2	二级清算类别	3107	职工急诊清算
CLR_TYPE_LV2	二级清算类别	3108	城乡急诊清算
CLR_TYPE_LV2	二级清算类别	3109	职工精神病清算
CLR_TYPE_LV2	二级清算类别	3110	城乡精神病清算
CLR_TYPE_LV2	二级清算类别	3501	职工日间手术及治疗清算
CLR_TYPE_LV2	二级清算类别	3502	居民日间手术及治疗清算
CLR_TYPE_LV2	二级清算类别	3503	职工签约服务费清算
CLR_TYPE_LV2	二级清算类别	3504	居民签约服务费清算
CLR_TYPE_LV2	二级清算类别	4102	省内异地药店购药清算
CLR_TYPE_LV2	二级清算类别	5103	职工生育清算
CLR_TYPE_LV2	二级清算类别	5104	职工节育清算
CLR_TYPE_LV2	二级清算类别	999801	职工日间手术
CLR_TYPE_LV2	二级清算类别	999802	居民日间手术
CLR_TYPE_LV2	二级清算类别	310101	职工中央公务员药店购药清算
CLR_TYPE_LV2	二级清算类别	310201	职工中央公务员门诊清算
CLR_TYPE_LV2	二级清算类别	310301	职工中央公务员门诊慢特病清算
CLR_TYPE_LV2	二级清算类别	310401	职工中央公务员住院清算
CLR_TYPE_LV2	二级清算类别	310601	职工中央公务员特殊购药清算
CLR_TYPE_LV2	二级清算类别	310102	职工市级公务员药店购药清算
CLR_TYPE_LV2	二级清算类别	310202	职工市级公务员门诊清算
CLR_TYPE_LV2	二级清算类别	310302	职工市级公务员门诊慢特病清算
CLR_TYPE_LV2	二级清算类别	310402	职工市级公务员住院清算
CLR_TYPE_LV2	二级清算类别	310602	职工市级公务员特殊购药清算
CLR_TYPE_LV2	二级清算类别	310103	职工区级公务员药店购药清算
CLR_TYPE_LV2	二级清算类别	310203	职工区级公务员门诊清算
CLR_TYPE_LV2	二级清算类别	310303	职工区级公务员门诊慢特病清算
CLR_TYPE_LV2	二级清算类别	310403	职工区级公务员住院清算
CLR_TYPE_LV2	二级清算类别	310603	职工区级公务员特殊购药清算
CLR_TYPE_LV2	二级清算类别	888801	住院结算
CLR_TYPE_LV2	二级清算类别	888802	单病种结算
CLR_TYPE_LV2	二级清算类别	888805	精神病种结算
CLR_TYPE_LV2	二级清算类别	888807	新单病种
CLR_TYPE_LV2	二级清算类别	888808	门诊大病
CLR_TYPE_LV2	二级清算类别	888809	社区门诊大病
CLR_TYPE_LV2	二级清算类别	888813	社区门诊
CLR_TYPE_LV2	二级清算类别	888817	特药特材救助
CLR_TYPE_LV2	二级清算类别	888818	日间病房
CLR_TYPE_LV2	二级清算类别	888822	日间手术中心
CLR_TYPE_LV2	二级清算类别	888828	日间化疗
CLR_TYPE_LV2	二级清算类别	888829	康复住院
CLR_TYPE_LV2	二级清算类别	888831	急诊留观
CLR_TYPE_LV2	二级清算类别	888832	儿童日间康复
CLR_TYPE_LV2	二级清算类别	888833	新社区门诊
CLR_TYPE_LV2	二级清算类别	888834	门急诊外伤
CLR_TYPE_LV2	二级清算类别	888835	生育门诊
CLR_TYPE_LV2	二级清算类别	888836	生育住院
CLR_TYPE_LV2	二级清算类别	888837	新冠住院
CLR_TYPE_LV2	二级清算类别	888838	新冠门诊
CLR_TYPE_LV2	二级清算类别	4103	居民省内异地药店购药清算
CLR_TYPE_LV2	二级清算类别	3907	居民跨省异地药店购药清算
CLR_TYPE_LV2	二级清算类别	999988	职工长护费用清算
CLR_TYPE_LV2	二级清算类别	999993	居民长护费用清算
CLR_TYPE_LV2	二级清算类别	310304	职工门诊慢病清算
CLR_TYPE_LV2	二级清算类别	390201	居民门诊慢病清算
CLR_TYPE_LV2	二级清算类别	311101	职工腹膜透析人头付费
CLR_TYPE_LV2	二级清算类别	311102	居民腹膜透析人头付费
CLR_TYPE_LV2	二级清算类别	311201	职工器官移植清算
CLR_TYPE_LV2	二级清算类别	311202	居民器官移植清算
CLR_TYPE_LV2	二级清算类别	310305	职工门诊特病清算
CLR_TYPE_LV2	二级清算类别	390202	居民门诊特病清算
CLR_TYPE_LV2	二级清算类别	310104	职工中央公务员外配购药清算
CLR_TYPE_LV2	二级清算类别	310105	职工市级公务员外配购药清算
CLR_TYPE_LV2	二级清算类别	310106	职工区级公务员外配购药清算
CLR_TYPE_LV2	二级清算类别	390601	居民外配购药清算
CLR_TYPE_LV2	二级清算类别	340301	离休外配购药清算
CLR_TYPE_LV2	二级清算类别	710101	超转市级药店购药清算
CLR_TYPE_LV2	二级清算类别	710102	超转市级门诊清算
CLR_TYPE_LV2	二级清算类别	710103	超转市级门诊慢特病清算
CLR_TYPE_LV2	二级清算类别	710104	超转市级住院清算
CLR_TYPE_LV2	二级清算类别	710105	超转市级特殊购药清算
CLR_TYPE_LV2	二级清算类别	710106	超转市级外配购药清算
CLR_TYPE_LV2	二级清算类别	710201	超转区级药店购药清算
CLR_TYPE_LV2	二级清算类别	710202	超转区级门诊清算
CLR_TYPE_LV2	二级清算类别	710203	超转区级门诊慢特病清算
CLR_TYPE_LV2	二级清算类别	710204	超转区级住院清算
CLR_TYPE_LV2	二级清算类别	710205	超转区级特殊购药清算
CLR_TYPE_LV2	二级清算类别	710206	超转区级外配购药清算
CLR_TYPE_LV2	二级清算类别	999994	职工人均次住院清算
CLR_TYPE_LV2	二级清算类别	995126	企业离休特药单行支付清算
CLR_TYPE_LV2	二级清算类别	995127	机关离休特药单行支付清算
CLR_TYPE_LV2	二级清算类别	995128	企业离休特殊高值药品清算
CLR_TYPE_LV2	二级清算类别	995129	机关离休特殊高值药品清算
CLR_TYPE_LV2	二级清算类别	999999	职工罕见病清算
CLR_TYPE_LV2	二级清算类别	999996	城乡罕见病清算
CLR_TYPE_LV2	二级清算类别	999997	离休罕见病清算
CLR_TYPE_LV2	二级清算类别	999998	子女统筹罕见病清算
CLR_TYPE_LV2	二级清算类别	310409	离休配偶住院清算
CLR_TYPE_LV2	二级清算类别	3405	离休门慢清算
CLR_TYPE_LV2	二级清算类别	3406	离休门特清算
CLR_TYPE_LV2	二级清算类别	3911	子女统筹门诊清算
CLR_TYPE_LV2	二级清算类别	3913	子女统筹住院清算
CLR_TYPE_LV2	二级清算类别	3914	子女统筹药店清算
CLR_TYPE_LV2	二级清算类别	7131	职工家庭病床清算
CLR_TYPE_LV2	二级清算类别	7134	离休家庭病床清算
CLR_TYPE_LV2	二级清算类别	7139	城乡家庭病床清算
CLR_TYPE_LV2	二级清算类别	993101	职工苯丙酮尿症清算
CLR_TYPE_LV2	二级清算类别	993102	城乡苯丙酮尿症清算
CLR_TYPE_LV2	二级清算类别	993601	职工大病特药
CLR_TYPE_LV2	二级清算类别	993602	城乡大病特药
CLR_TYPE_LV2	二级清算类别	995131	职工保健干部门诊清算
CLR_TYPE_LV2	二级清算类别	995132	职工保健干部住院清算
CLR_TYPE_LV2	二级清算类别	995133	职工保健干部门诊慢病清算
CLR_TYPE_LV2	二级清算类别	995138	职工保健干部家庭病床清算
CLR_TYPE_LV2	二级清算类别	995134	职工保健干部门诊特病清算
CLR_TYPE_LV2	二级清算类别	995135	职工保健干部药店购药清算
CLR_TYPE_LV2	二级清算类别	995136	职工保健干部血液透析清算
CLR_TYPE_LV2	二级清算类别	995137	职工保健干部保健腹膜透析人头付费
CLR_TYPE_LV2	二级清算类别	312102	职工重大疾病住院清算
CLR_TYPE_LV2	二级清算类别	312101	职工结核病住院清算
CLR_TYPE_LV2	二级清算类别	392102	居民重大疾病住院清算
CLR_TYPE_LV2	二级清算类别	392101	居民结核病住院清算
CLR_TYPE_LV2	二级清算类别	999391	村卫门诊清算
CLR_TYPE_LV2	二级清算类别	530102	职工计划生育门诊清算
CLR_TYPE_LV2	二级清算类别	530202	职工计划生育住院清算
CLR_TYPE_LV2	二级清算类别	310991	职工传染病清算
CLR_TYPE_LV2	二级清算类别	390991	居民传染病清算
CLR_TYPE_LV2	二级清算类别	310990	职工特殊病住院清算
CLR_TYPE_LV2	二级清算类别	390990	居民特殊病住院清算
CLR_TYPE_LV2	二级清算类别	311203	职工尿毒症清算
CLR_TYPE_LV2	二级清算类别	311204	职工结核病清算
CLR_TYPE_LV2	二级清算类别	995130	城乡取消药品加成清算
CLR_TYPE_LV2	二级清算类别	888839	中医优势病种按病种收费
CLR_TYPE_LV2	二级清算类别	888840	择日住院
CLR_TYPE_LV2	二级清算类别	995139	离休医疗专护清算
CLR_TYPE_LV2	二级清算类别	995140	职工医疗专护清算
CLR_TYPE_LV2	二级清算类别	995141	城乡医疗专护清算
CLR_TYPE_LV2	二级清算类别	995100	居民外伤住院清算
CLR_TYPE_LV2	二级清算类别	888841	中医日间病房
CLR_TYPE_LV2	二级清算类别	99985	居民意外伤害清算
CLR_TYPE_LV2	二级清算类别	99901	意外伤害门诊清算
CLR_TYPE_LV2	二级清算类别	99902	意外伤害住院清算
CLR_TYPE_LV2	二级清算类别	999804	居民人工耳蜗清算
CLR_TYPE_LV2	二级清算类别	999805	职工人工耳蜗清算
CLR_TYPE_LV2	二级清算类别	999806	居民结核病清算
CLR_TYPE_LV2	二级清算类别	999808	儿童重疾清算
CLR_TYPE_LV2	二级清算类别	310411	职工定额住院清算
CLR_TYPE_LV2	二级清算类别	390301	居民定额住院清算
CLR_TYPE_LV2	二级清算类别	310412	职工按床日清算
CLR_TYPE_LV2	二级清算类别	390302	居民按床日清算
CLR_TYPE_LV2	二级清算类别	312801	职工日间化疗
CLR_TYPE_LV2	二级清算类别	312802	职工日间高值药
CLR_TYPE_LV2	二级清算类别	392801	居民日间化疗
CLR_TYPE_LV2	二级清算类别	392802	居民日间高值药
CLR_TYPE_LV2	二级清算类别	990101	医联体定额月结
CLR_TYPE_LV2	二级清算类别	990102	医联结算按人头
CLR_TYPE_LV2	二级清算类别	990103	医联体结算按项目
CLR_TYPE_LV2	二级清算类别	990104	医联体结算日间病床
CLR_TYPE_LV2	二级清算类别	990105	医联体结算单病种
CLR_TYPE_LV2	二级清算类别	399051	二乙门诊清算
CLR_TYPE_LV2	二级清算类别	399052	二乙住院清算
CLR_TYPE_LV2	二级清算类别	399053	二乙药店购药清算
CLR_TYPE_LV2	二级清算类别	993903	城乡医用耗材带量采购清算
CLR_TYPE_LV2	二级清算类别	993103	职工医用耗材带量采购清算
CLR_TYPE_LV2	二级清算类别	993904	职工医保药品带量采购清算
CLR_TYPE_LV2	二级清算类别	993104	城乡医保药品带量采购清算
CLR_TYPE_LV2	二级清算类别	9988	省内异地职工特药购药清算
CLR_TYPE_LV2	二级清算类别	9989	省内异地居民特药购药清算
CLR_TYPE_LV2	二级清算类别	9990	省内异地职工特药门诊清算
CLR_TYPE_LV2	二级清算类别	9991	省内异地居民特药门诊清算
CLR_TYPE_LV2	二级清算类别	310306	职工中医适宜技术清算
CLR_TYPE_LV2	二级清算类别	390203	居民中医适宜技术清算
CLR_TYPE_LV2	二级清算类别	888842	医院门诊
CLR_TYPE_LV2	二级清算类别	888843	处方门诊
CLR_TYPE_LV2	二级清算类别	993905	居民生育住院清算(其他病种)
CLR_TYPE_LV2	二级清算类别	993906	居民生育门诊清算(计划生育)
CLR_TYPE_LV2	二级清算类别	993907	居民生育住院清算(计划生育)
CLR_TYPE_LV2	二级清算类别	993105	职工双通道门诊清算
CLR_TYPE_LV2	二级清算类别	993106	职工双通道特诊清算
CLR_TYPE_LV2	二级清算类别	993908	居民双通道门诊清算
CLR_TYPE_LV2	二级清算类别	993909	居民双通道特诊清算
CLR_TYPE_LV2	二级清算类别	999803	异地计生住院清算
CLR_TYPE_LV2	二级清算类别	999933	居民家庭病床清算
CLR_TYPE_LV2	二级清算类别	999935	职工住院清算(透析治疗)
CLR_TYPE_LV2	二级清算类别	999945	居民门诊诊查费清算
CLR_TYPE_LV2	二级清算类别	999947	居民一般诊疗费清算
CLR_TYPE_LV2	二级清算类别	999955	居民急诊清算
CLR_TYPE_LV2	二级清算类别	999960	居民新冠住院清算
CLR_TYPE_LV2	二级清算类别	999980	城乡门诊清算(按单病种)
CLR_TYPE_LV2	二级清算类别	999987	职工门诊慢特病清算(按次均定额)
CLR_TYPE_LV2	二级清算类别	999941	职工门诊慢特病清算(按项目)
CLR_TYPE_LV2	二级清算类别	999989	职工门诊清算(诊金减免)
CLR_TYPE_LV2	二级清算类别	999990	城乡门诊清算(诊金减免)
CLR_TYPE_LV2	二级清算类别	9992	公费人员门诊清算
CLR_TYPE_LV2	二级清算类别	999954	职工腹透
CLR_TYPE_LV2	二级清算类别	999928	职工住院清算(住院医疗)
CLR_TYPE_LV2	二级清算类别	999939	居民住院清算(残疾儿童康复治疗)
CLR_TYPE_LV2	二级清算类别	999948	职工大规模核酸检测清算
CLR_TYPE_LV2	二级清算类别	999949	居民大规模核酸检测清算
CLR_TYPE_LV2	二级清算类别	999950	职工家庭医生清算
CLR_TYPE_LV2	二级清算类别	999951	居民家庭医生清算
CLR_TYPE_LV2	二级清算类别	99950	城乡居民门诊共济清算
CLR_TYPE_LV2	二级清算类别	999501	职工Dip费用清算
CLR_TYPE_LV2	二级清算类别	999502	城乡Dip费用清算
CLR_TYPE_LV2	二级清算类别	888844	职工康复住院清算
CLR_TYPE_LV2	二级清算类别	888845	居民康复住院清算
CLR_TYPE_LV2	二级清算类别	99960	职工药店门诊统筹清算
clr_way	清算方式	1	按项目
clr_way	清算方式	2	单病种
clr_way	清算方式	3	按床日
clr_way	清算方式	4	按人头
clr_way	清算方式	40	Drg支付方式
clr_way	清算方式	50	Dip支付方式
clr_way	清算方式	9	其他
clr_way	清算方式	902	日间病床结算
clr_way	清算方式	903	总额预付结算
clr_way	清算方式	904	定额后付结算
clr_way	清算方式	905	预付结算
clr_way	清算方式	915	次均定额结算
clr_way	清算方式	906	按总额控制
clr_way	清算方式	10	家庭医生结算
clr_way	清算方式	12	特病门诊结算
clr_way	清算方式	13	门诊手术结算
clr_way	清算方式	14	居民门规人均结算
clr_way	清算方式	15	家庭病床床日结算
clr_way	清算方式	17	精神病床日结算床
clr_way	清算方式	18	月床日定额
clr_way	清算方式	19	生育病种定额
clr_way	清算方式	90501	预付结算按项目
clr_way	清算方式	90502	预付结算单病种
clr_way	清算方式	90503	预付结算按床日
clr_way	清算方式	90504	预付结算按人头
clr_way	清算方式	90505	预付结算次均定额
clr_way	清算方式	90506	预付结算日间病床
clr_way	清算方式	921	血透低自付按定额结算
clr_way	清算方式	922	血透低自付按定额结算
clr_way	清算方式	923	血透非低自付按项目结算
clr_way	清算方式	924	血透非低自付按定额结算
clr_way	清算方式	101	成居生育结算
clr_way	清算方式	102	儿童三类疾病结算
clr_way	清算方式	103	居民两病结算
clr_way	清算方式	104	国家谈判药结算
clr_way	清算方式	105	新型冠状病毒核酸检测结算
clr_way	清算方式	106	意外伤害结算
clr_way	清算方式	107	小儿推拿和针灸
clr_way	清算方式	108	最高限价
clr_way	清算方式	109	早诊早治
clr_way	清算方式	110	免费用药
clr_way	清算方式	111	门诊乙类慢性病
clr_way	清算方式	5	中医优势病种
clr_way	清算方式	201	多肿瘤标志物检测
clr_way	清算方式	202	脑瘫孤独症
clr_way	清算方式	203	日间手术
clr_way	清算方式	204	尿毒症血液透析和组织器官移植
clr_way	清算方式	901	康复病组清算
clr_way	清算方式	991	单开项目结算（出血热、艾滋病、结核病）
clr_way	清算方式	992	新冠结算
clr_way	清算方式	994	按定额结算（二倍定额）
clr_way	清算方式	996	按专科定额结算
clr_way	清算方式	997	按专科定额结算（二倍定额）
clr_way	清算方式	999	按专科无定额结算
clr_way	清算方式	16	门诊APG
clr_way	清算方式	60	APG支付方式
clr_way	清算方式	301	癌症舒缓床日定额
clr_way	清算方式	907	限额支付结算
clr_way	清算方式	908	按病种分值
clr_way	清算方式	6	按次均限额结算
clr_way	清算方式	909	按期间定额
clr_way	清算方式	912	个帐共济清算
cop_flag	伴有并发症标志	0	否
cop_flag	伴有并发症标志	1	是
cplt_flag	完成标志	0	未完成
cplt_flag	完成标志	1	已完成
cum_type_code	累计类别代码	D310101M05300	慢性阻塞性肺疾病基本医疗统筹基金累计（职工）
cum_type_code	累计类别代码	D390101M05300	慢性阻塞性肺疾病基本医疗统筹基金累计（居民）
cum_type_code	累计类别代码	D310101M04901	肢体动脉硬化性闭塞症伴坏疽基本医疗统筹基金累计（职工）
cum_type_code	累计类别代码	D390101M04803	脑血管病后遗症基本医疗统筹基金累计（居民）
cum_type_code	累计类别代码	D310101M04803	脑血管病后遗症基本医疗统筹基金累计（职工）
cum_type_code	累计类别代码	D390101M06501	炎症性肠病基本医疗统筹基金累计（居民）
cum_type_code	累计类别代码	D390101M06700	银屑病基本医疗统筹基金累计（居民）
cum_type_code	累计类别代码	D390101M06200	肝硬化（失代偿期）基本医疗统筹基金累计（居民）
cum_type_code	累计类别代码	D390101M05400	支气管哮喘基本医疗统筹基金累计（居民）
cum_type_code	累计类别代码	D310101M06200	肝硬化基本医疗统筹基金累计（职工）
cum_type_code	累计类别代码	D390101M03902	高血压3级（极高危）基本医疗统筹基金累计（居民）
cum_type_code	累计类别代码	D310101M03902	高血压3级基本医疗统筹基金累计（职工）
cum_type_code	累计类别代码	D310101M03600	青光眼基本医疗统筹基金累计（职工）
cum_type_code	累计类别代码	D310101M03200	重症肌无力基本医疗统筹基金累计（职工）
cum_type_code	累计类别代码	D390101M03200	重症肌无力基本医疗统筹基金累计（居民）
cum_type_code	累计类别代码	D310101M04600	冠心病基本医疗统筹基金累计（职工）
cum_type_code	累计类别代码	D390101M04600	冠心病基本医疗统筹基金累计（居民）
cum_type_code	累计类别代码	D310101M04500	心脏瓣膜病（器质性）基本医疗统筹基金累计（职工）
cum_type_code	累计类别代码	D390101M04301	慢性心力衰竭基本医疗统筹基金累计（居民）
cum_type_code	累计类别代码	D390101M04500	心脏瓣膜病（器质性）基本医疗统筹基金累计（居民）
cum_type_code	累计类别代码	D390101M07700	肾病综合征（原发性）基本医疗统筹基金累计（居民）
cum_type_code	累计类别代码	D390101M07800	慢性肾功能不全基本医疗统筹基金累计（居民）
cum_type_code	累计类别代码	D390101M07401	股骨头坏死基本医疗统筹基金累计（居民）
cum_type_code	累计类别代码	D310101M07401	股骨骨坏死基本医疗统筹基金累计（职工）
cum_type_code	累计类别代码	D390101M07300	慢性骨髓炎（化脓性）基本医疗统筹基金累计（居民）
cum_type_code	累计类别代码	D390101M10500	白癜风基本医疗统筹基金累计（居民）
cum_type_code	累计类别代码	D390101M11700	氟骨病基本医疗统筹基金累计（居民）
cum_type_code	累计类别代码	D390101M09000	膝关节骨性关节炎基本医疗统筹基金累计（居民）
cum_type_code	累计类别代码	D310101M07800	慢性肾功能衰竭基本医疗统筹基金累计（职工）
cum_type_code	累计类别代码	D390101M08800	大骨节病基本医疗统筹基金累计（居民）
cum_type_code	累计类别代码	D390101M07101	系统性红斑狼疮基本医疗统筹基金累计（居民）
cum_type_code	累计类别代码	D310101M07101	系统性红斑狼疮基本医疗统筹基金累计（职工）
cum_type_code	累计类别代码	D390101M07105	系统性硬化症基本医疗统筹基金累计（居民）
cum_type_code	累计类别代码	D390101M06900	类风湿性关节炎基本医疗统筹基金累计（居民）
cum_type_code	累计类别代码	D310101M07200	强直性脊柱炎基本医疗统筹基金累计（职工）
cum_type_code	累计类别代码	D390101M07200	强直性脊柱炎基本医疗统筹基金累计（居民）
cum_type_code	累计类别代码	D390101M07108	脉管炎基本医疗统筹基金累计（居民）
cum_type_code	累计类别代码	D310101M07106	干燥综合征[舍格伦]基本医疗统筹基金累计（职工）
cum_type_code	累计类别代码	D390101M07106	干燥综合征[舍格伦]基本医疗统筹基金累计（居民）
cum_type_code	累计类别代码	D390101M03000	中枢神经系统脱髓鞘疾病基本医疗统筹基金累计（居民）
cum_type_code	累计类别代码	D310101M01607	糖尿病合并心脏损害基本医疗统筹基金累计（职工）
cum_type_code	累计类别代码	D310101M01605	糖尿病性肾病基本医疗统筹基金累计（职工）
cum_type_code	累计类别代码	D390101M01603	糖尿病（合并严重并发症）基本医疗统筹基金累计（居民）
cum_type_code	累计类别代码	D310101M01609	糖尿病伴眼并发症基本医疗统筹基金累计（职工）
cum_type_code	累计类别代码	D310101M01701	甲状腺功能减退症基本医疗统筹基金累计（职工）
cum_type_code	累计类别代码	D390101M01701	甲状腺功能减退症基本医疗统筹基金累计（居民）
cum_type_code	累计类别代码	D310101M01610	糖尿病合并下肢感染基本医疗统筹基金累计（职工）
cum_type_code	累计类别代码	D390101M00200	病毒性肝炎（慢性）基本医疗统筹基金累计（居民）
cum_type_code	累计类别代码	D310101M00200	病毒性肝炎基本医疗统筹基金累计（职工）
cum_type_code	累计类别代码	D310101M00100	结核基本医疗统筹基金累计（职工）
cum_type_code	累计类别代码	D390101M00100	结核（活动性）基本医疗统筹基金累计（居民）
cum_type_code	累计类别代码	D390101M01501	免疫性血小板减少症（原发性）基本医疗统筹基金累计（居民）
cum_type_code	累计类别代码	D390101M01102	再生障碍性贫血（慢性）基本医疗统筹基金累计（居民）
cum_type_code	累计类别代码	D310101M01102	再生障碍性贫血基本医疗统筹基金累计（职工）
cum_type_code	累计类别代码	D390101M01702	甲状腺功能亢进症基本医疗统筹基金累计（居民）
cum_type_code	累计类别代码	D310101M02101	精神分裂症基本医疗统筹基金累计（职工）
cum_type_code	累计类别代码	D310101M02100	重症精神症基本医疗统筹基金累计（职工）
cum_type_code	累计类别代码	D390101M02400	阿尔茨海默病基本医疗统筹基金累计（居民）
cum_type_code	累计类别代码	D390101M02300	帕金森病基本医疗统筹基金累计（居民）
cum_type_code	累计类别代码	D390101M01900	克山病基本医疗统筹基金累计（居民）
cum_type_code	累计类别代码	D310101M01702	甲状腺功能亢进症基本医疗统筹基金累计（职工）
cum_type_code	累计类别代码	D310101M02500	癫痫基本医疗统筹基金累计（职工）
cum_type_code	累计类别代码	D390101M02500	癫痫基本医疗统筹基金累计（居民）
cum_type_code	累计类别代码	D330101M05300	慢性阻塞性肺疾病大额医疗保险统筹基金累计（职工）
cum_type_code	累计类别代码	D390201M05300	慢性阻塞性肺疾病大病医疗保险统筹基金累计（居民）
cum_type_code	累计类别代码	D330101M04901	肢体动脉硬化性闭塞症伴坏疽大额医疗保险统筹基金累计（职工）
cum_type_code	累计类别代码	D390201M04803	脑血管病后遗症大病医疗保险统筹基金累计（居民）
cum_type_code	累计类别代码	D330101M04803	脑血管病后遗症大额医疗保险统筹基金累计（职工）
cum_type_code	累计类别代码	D390201M06501	炎症性肠病大病医疗保险统筹基金累计（居民）
cum_type_code	累计类别代码	D390201M06700	银屑病大病医疗保险统筹基金累计（居民）
cum_type_code	累计类别代码	D390201M06200	肝硬化（失代偿期）大病医疗保险统筹基金累计（居民）
cum_type_code	累计类别代码	D390201M05400	支气管哮喘大病医疗保险统筹基金累计（居民）
cum_type_code	累计类别代码	D330101M06200	肝硬化大额医疗保险统筹基金累计（职工）
cum_type_code	累计类别代码	D390201M03902	高血压3级（极高危）大病医疗保险统筹基金累计（居民）
cum_type_code	累计类别代码	D330101M03902	高血压3级大额医疗保险统筹基金累计（职工）
cum_type_code	累计类别代码	D330101M03600	青光眼大额医疗保险统筹基金累计（职工）
cum_type_code	累计类别代码	D330101M03200	重症肌无力大额医疗保险统筹基金累计（职工）
cum_type_code	累计类别代码	D390201M03200	重症肌无力大病医疗保险统筹基金累计（居民）
cum_type_code	累计类别代码	D330101M04600	冠心病大额医疗保险统筹基金累计（职工）
cum_type_code	累计类别代码	D390201M04600	冠心病大病医疗保险统筹基金累计（居民）
cum_type_code	累计类别代码	D330101M04500	心脏瓣膜病（器质性）大额医疗保险统筹基金累计（职工）
cum_type_code	累计类别代码	D390201M04301	慢性心力衰竭大病医疗保险统筹基金累计（居民）
cum_type_code	累计类别代码	D390201M04500	心脏瓣膜病（器质性）大病医疗保险统筹基金累计（居民）
cum_type_code	累计类别代码	D390201M07700	肾病综合征（原发性）大病医疗保险统筹基金累计（居民）
cum_type_code	累计类别代码	D390201M07800	慢性肾功能不全大病医疗保险统筹基金累计（居民）
cum_type_code	累计类别代码	D390201M07401	股骨头坏死大病医疗保险统筹基金累计（居民）
cum_type_code	累计类别代码	D330101M07401	股骨骨坏死大额医疗保险统筹基金累计（职工）
cum_type_code	累计类别代码	D390201M07300	慢性骨髓炎（化脓性）大病医疗保险统筹基金累计（居民）
cum_type_code	累计类别代码	D390201M10500	白癜风大病医疗保险统筹基金累计（居民）
cum_type_code	累计类别代码	D390201M11700	氟骨病大病医疗保险统筹基金累计（居民）
cum_type_code	累计类别代码	D390201M09000	膝关节骨性关节炎大病医疗保险统筹基金累计（居民）
cum_type_code	累计类别代码	D330101M07800	慢性肾功能衰竭大额医疗保险统筹基金累计（职工）
cum_type_code	累计类别代码	D390201M08800	大骨节病大病医疗保险统筹基金累计（居民）
cum_type_code	累计类别代码	D390201M07101	系统性红斑狼疮大病医疗保险统筹基金累计（居民）
cum_type_code	累计类别代码	D330101M07101	系统性红斑狼疮大额医疗保险统筹基金累计（职工）
cum_type_code	累计类别代码	D390201M07105	系统性硬化症大病医疗保险统筹基金累计（居民）
cum_type_code	累计类别代码	D390201M06900	类风湿性关节炎大病医疗保险统筹基金累计（居民）
cum_type_code	累计类别代码	D330101M06900	类风湿性关节炎大额医疗保险统筹基金累计（职工）
cum_type_code	累计类别代码	D330101M07200	强直性脊柱炎大额医疗保险统筹基金累计（职工）
cum_type_code	累计类别代码	D390201M07200	强直性脊柱炎大病医疗保险统筹基金累计（居民）
cum_type_code	累计类别代码	D390201M07108	脉管炎大病医疗保险统筹基金累计（居民）
cum_type_code	累计类别代码	D330101M07106	干燥综合征[舍格伦]大额医疗保险统筹基金累计（职工）
cum_type_code	累计类别代码	D390201M07106	干燥综合征[舍格伦]大病医疗保险统筹基金累计（居民）
cum_type_code	累计类别代码	D390201M03000	中枢神经系统脱髓鞘疾病大病医疗保险统筹基金累计（居民）
cum_type_code	累计类别代码	D330101M01607	糖尿病合并心脏损害大额医疗保险统筹基金累计（职工）
cum_type_code	累计类别代码	D330101M01605	糖尿病性肾病大额医疗保险统筹基金累计（职工）
cum_type_code	累计类别代码	D390201M01603	糖尿病（合并严重并发症）大病医疗保险统筹基金累计（居民）
cum_type_code	累计类别代码	D330101M01609	糖尿病伴眼并发症大额医疗保险统筹基金累计（职工）
cum_type_code	累计类别代码	D330101M01701	甲状腺功能减退症大额医疗保险统筹基金累计（职工）
cum_type_code	累计类别代码	D390201M01701	甲状腺功能减退症大病医疗保险统筹基金累计（居民）
cum_type_code	累计类别代码	D330101M01610	糖尿病合并下肢感染大额医疗保险统筹基金累计（职工）
cum_type_code	累计类别代码	D390201M00200	病毒性肝炎（慢性）大病医疗保险统筹基金累计（居民）
cum_type_code	累计类别代码	D330101M00200	病毒性肝炎大额医疗保险统筹基金累计（职工）
cum_type_code	累计类别代码	D330101M00100	结核大额医疗保险统筹基金累计（职工）
cum_type_code	累计类别代码	D390201M00100	结核（活动性）大病医疗保险统筹基金累计（居民）
cum_type_code	累计类别代码	D390201M01501	免疫性血小板减少症（原发性）大病医疗保险统筹基金累计（居民）
cum_type_code	累计类别代码	D390201M01102	再生障碍性贫血（慢性）大病医疗保险统筹基金累计（居民）
cum_type_code	累计类别代码	D330101M01102	再生障碍性贫血大额医疗保险统筹基金累计（职工）
cum_type_code	累计类别代码	D390201M01702	甲状腺功能亢进症大病医疗保险统筹基金累计（居民）
cum_type_code	累计类别代码	D330101M02101	精神分裂症大额医疗保险统筹基金累计（职工）
cum_type_code	累计类别代码	D330101M02100	重症精神症大额医疗保险统筹基金累计（职工）
cum_type_code	累计类别代码	D390201M02400	阿尔茨海默病大病医疗保险统筹基金累计（居民）
cum_type_code	累计类别代码	D390201M02300	帕金森病大病医疗保险统筹基金累计（居民）
cum_type_code	累计类别代码	D330101M02300	帕金森病大额医疗保险统筹基金累计（职工）
cum_type_code	累计类别代码	D390201M01900	克山病大病医疗保险统筹基金累计（居民）
cum_type_code	累计类别代码	D330101M01702	甲状腺功能亢进症大额医疗保险统筹基金累计（职工）
cum_type_code	累计类别代码	D330101M02500	癫痫大额医疗保险统筹基金累计（职工）
cum_type_code	累计类别代码	D390201M02500	癫痫大病医疗保险统筹基金累计（居民）
cum_type_code	累计类别代码	DM00903	原发性血小板增多症基本医疗统筹基金累计
cum_type_code	累计类别代码	DM00904	原发性骨髓纤维化基本医疗统筹基金累计
cum_type_code	累计类别代码	DM01501	免疫性血小板减少基本医疗统筹基金累计
cum_type_code	累计类别代码	DM02400	阿尔茨海默病基本医疗统筹基金累计
cum_type_code	累计类别代码	DM03000	中枢神经系统脱髓鞘疾病基本医疗统筹基金累计
cum_type_code	累计类别代码	DM03902	高血压3级基本医疗统筹基金累计
cum_type_code	累计类别代码	DM04500	心脏瓣膜病基本医疗统筹基金累计
cum_type_code	累计类别代码	DM07106	干燥综合征[舍格伦]基本医疗统筹基金累计
cum_type_code	累计类别代码	DM07300	慢性骨髓炎基本医疗统筹基金累计
cum_type_code	累计类别代码	DM07700	肾病综合征基本医疗统筹基金累计
cum_type_code	累计类别代码	DM08800	大骨节病基本医疗统筹基金累计
cum_type_code	累计类别代码	DM10500	白癜风基本医疗统筹基金累计
cum_type_code	累计类别代码	DM11700	氟骨病基本医疗统筹基金累计
cum_type_code	累计类别代码	BIRCNT	生育次数累计
cum_type_code	累计类别代码	C0000	医疗业务总次数累计
cum_type_code	累计类别代码	C0000BIZ2101	普通住院业务次数累计
cum_type_code	累计类别代码	C0000BIZ2103	分级诊疗住院业务次数累计
cum_type_code	累计类别代码	C0000BIZ2104	重大疾病住院业务次数累计
cum_type_code	累计类别代码	C0000BIZ2105	家庭病床业务次数累计
cum_type_code	累计类别代码	C0000BIZ22	外伤住院业务次数累计
cum_type_code	累计类别代码	C1100	门诊业务次数累计
cum_type_code	累计类别代码	C1101	居民门诊统筹次数累计
cum_type_code	累计类别代码	C1102	职工门诊统筹次数累计
cum_type_code	累计类别代码	C1400	门诊慢特病业务次数累计
cum_type_code	累计类别代码	C1401	门诊慢病业务次数累计
cum_type_code	累计类别代码	C1402	门诊特病业务次数累计
cum_type_code	累计类别代码	C1403	门诊两病业务次数累计
cum_type_code	累计类别代码	C2100	住院业务次数累计
cum_type_code	累计类别代码	C21001	住院起付线可减免次数累计
cum_type_code	累计类别代码	C21002	单病种住院业务次数累计
cum_type_code	累计类别代码	C21003	首次住院次数累计
cum_type_code	累计类别代码	C22001	重特大疾病住院业务次数累计
cum_type_code	累计类别代码	C2700	自主就医业务次数累计
cum_type_code	累计类别代码	C2800	日间病床就医业务次数累计
cum_type_code	累计类别代码	C5100	生育门诊业务次数累计
cum_type_code	累计类别代码	C5200	生育住院业务次数累计
cum_type_code	累计类别代码	C9107	年度体检次数累计
cum_type_code	累计类别代码	C9911	特药业务次数累计
cum_type_code	累计类别代码	C9912	床日住院天数
cum_type_code	累计类别代码	C9913	床日第一阶段天数累计(0-30)
cum_type_code	累计类别代码	C9914	床日第二阶段天数累计(31-999)
cum_type_code	累计类别代码	C999704	意外伤害门诊次数累计
cum_type_code	累计类别代码	CBA15003	继发性肺结核（复治）住院业务次数累计
cum_type_code	累计类别代码	CBA15005	继发性肺结核（单耐药）住院业务次数累计
cum_type_code	累计类别代码	CBA15007	继发性肺结核（多耐药）住院业务次数累计
cum_type_code	累计类别代码	CBA16210	单病种耐多药肺结核住院业务次数累计
cum_type_code	累计类别代码	CBA16211	活动性肺结核（初治）住院业务次数累计
cum_type_code	累计类别代码	CBA16500	结核性胸膜炎住院业务次数累计
cum_type_code	累计类别代码	cnvlAsyCum	门诊特病常规化验费用累计
cum_type_code	累计类别代码	CONVERT_USED_SILL	起付线累计汇总值
cum_type_code	累计类别代码	CONVERT_USED_TS610101	医疗救助合规费用累计汇总值
cum_type_code	累计类别代码	CZTDZY001	儿童急性淋巴细胞白血病-标危组住院业务次数累计
cum_type_code	累计类别代码	CZTDZY002	儿童急性淋巴细胞白血病-中危组住院业务次数累计
cum_type_code	累计类别代码	CZTDZY003	儿童急性早幼粒细胞白血病住院业务次数累计
cum_type_code	累计类别代码	CZTDZY004	儿童先天性房间隔缺损(手术治疗)住院业务次数累计
cum_type_code	累计类别代码	CZTDZY005	儿童先天性房间隔缺损(介入治疗)住院业务次数累计
cum_type_code	累计类别代码	CZTDZY006	儿童先天性室间隔缺损(1-14岁手术治疗)住院业务次数累计
cum_type_code	累计类别代码	CZTDZY007	儿童先天性室间隔缺损(1岁以下手术治疗)住院业务次数累计
cum_type_code	累计类别代码	CZTDZY008	儿童先天性室间隔缺损(14岁以下介入治疗)住院业务次数累计
cum_type_code	累计类别代码	CZTDZY009	儿童先天性动脉导管未闭（手术治疗）住院业务次数累计
cum_type_code	累计类别代码	CZTDZY010	儿童先天性动脉导管未闭（介入治疗）住院业务次数累计
cum_type_code	累计类别代码	CZTDZY011	儿童先天性肺动脉瓣狭窄（手术治疗）住院业务次数累计
cum_type_code	累计类别代码	CZTDZY012	儿童先天性肺动脉瓣狭窄（介入治疗）住院业务次数累计
cum_type_code	累计类别代码	CZTDZY013	完全型心内膜垫缺损住院业务次数累计
cum_type_code	累计类别代码	CZTDZY014	部分型心内膜垫缺损住院业务次数累计
cum_type_code	累计类别代码	CZTDZY015	主动脉缩窄住院业务次数累计
cum_type_code	累计类别代码	CZTDZY016	法乐氏四联症（1岁以下）住院业务次数累计
cum_type_code	累计类别代码	CZTDZY017	法乐氏四联症（1-14岁）住院业务次数累计
cum_type_code	累计类别代码	CZTDZY018	房间隔缺损合并室间隔缺损（1岁以下）住院业务次数累计
cum_type_code	累计类别代码	CZTDZY019	房间隔缺损合并室间隔缺损（1-14岁）住院业务次数累计
cum_type_code	累计类别代码	CZTDZY020	室间隔缺损合并右室流出道狭窄（1岁以下）住院业务次数累计
cum_type_code	累计类别代码	CZTDZY021	室间隔缺损合并右室流出道狭窄（1-14岁）住院业务次数累计
cum_type_code	累计类别代码	CZTDZY022	室间隔缺损合并动脉导管未闭（1岁以下）住院业务次数累计
cum_type_code	累计类别代码	CZTDZY023	室间隔缺损合并动脉导管未闭（1-14岁）住院业务次数累计
cum_type_code	累计类别代码	CZTDZY024	室间隔缺损、动脉导管未闭并肺动脉瓣狭窄（1岁以下）住院业务次数累计
cum_type_code	累计类别代码	CZTDZY025	室间隔缺损、动脉导管未闭并肺动脉瓣狭窄（1-14岁）住院业务次数累计
cum_type_code	累计类别代码	CZTDZY026	房、室间隔缺损合并动脉导管未闭（1岁以下）住院业务次数累计
cum_type_code	累计类别代码	CZTDZY027	房、室间隔缺损合并动脉导管未闭（1-14岁）住院业务次数累计
cum_type_code	累计类别代码	CZTDZY028	唇裂住院业务次数累计
cum_type_code	累计类别代码	CZTDZY029	腭裂住院业务次数累计
cum_type_code	累计类别代码	CZTDZY030	乳腺癌住院业务次数累计
cum_type_code	累计类别代码	CZTDZY031	宫颈癌住院业务次数累计
cum_type_code	累计类别代码	CZTDZY032	肺癌住院业务次数累计
cum_type_code	累计类别代码	CZTDZY033	食管癌住院业务次数累计
cum_type_code	累计类别代码	CZTDZY034	胃癌住院业务次数累计
cum_type_code	累计类别代码	CZTDZY035	结肠癌住院业务次数累计
cum_type_code	累计类别代码	CZTDZY036	直肠癌住院业务次数累计
cum_type_code	累计类别代码	CZTDZY037	急性心肌梗塞（冠状动脉溶栓治疗）住院业务次数累计
cum_type_code	累计类别代码	CZTDZY038	急性心肌梗塞（冠状动脉介入治疗（1个冠脉支架））住院业务次数累计
cum_type_code	累计类别代码	CZTDZY039	急性心肌梗塞（冠状动脉介入治疗（2个冠脉支架））住院业务次数累计
cum_type_code	累计类别代码	CZTDZY040	急性心肌梗塞（冠状动脉介入治疗（3个及以上冠脉支架））住院业务次数累计
cum_type_code	累计类别代码	CZTDZY041	慢性粒细胞性白血病（造血干细胞移植（亲缘相合））住院业务次数累计
cum_type_code	累计类别代码	CZTDZY042	慢性粒细胞性白血病（造血干细胞移植（非亲缘、亲缘不合））住院业务次数累计
cum_type_code	累计类别代码	CZTDZY044	耐多药肺结核住院业务次数累计
cum_type_code	累计类别代码	CZTDZY046	尿道下裂（阴茎直伸术和尿道下裂尿道成形术）住院业务次数累计
cum_type_code	累计类别代码	CZTDZY047	尿道下裂（尿瘘修补术/尿道狭窄切开术）住院业务次数累计
cum_type_code	累计类别代码	CZTDZY048	先天性幽门肥厚性狭窄住院业务次数累计
cum_type_code	累计类别代码	CZTDZY049	发育性髋脱位住院业务次数累计
cum_type_code	累计类别代码	CZTDZY050	脊髓栓系综合征/脊髓脊膜膨出住院业务次数累计
cum_type_code	累计类别代码	D310101	城职基本医疗统筹基金累计
cum_type_code	累计类别代码	D3101011	城职基本医疗统筹基金累计（门诊）
cum_type_code	累计类别代码	D3101012	城职门诊特检特治统筹基金支付累计
cum_type_code	累计类别代码	D3101013	城职门诊慢性病统筹基金支付累计
cum_type_code	累计类别代码	D3101014	城职门诊慢性病统筹基金支付累计20000
cum_type_code	累计类别代码	D3101015	城职按病种付费统筹基金支付累计
cum_type_code	累计类别代码	D3101016	城职普通住院统筹基金支付累计
cum_type_code	累计类别代码	D3101017	城职家庭病床统筹基金支付累计
cum_type_code	累计类别代码	D3101018	城职急诊留观统筹基金支付累计
cum_type_code	累计类别代码	D3101019	城职按床日付费统筹基金支付累计
cum_type_code	累计类别代码	D310101BIZ1301	急诊抢救统筹基金支付
cum_type_code	累计类别代码	D310101BIZ1401	城职门慢基本医疗统筹基金累计
cum_type_code	累计类别代码	D310101BIZ1402	城职门特基本医疗统筹基金累计
cum_type_code	累计类别代码	D310101BIZ21	城职住院基本医疗统筹基金累计
cum_type_code	累计类别代码	D310101BIZ2101	普通住院统筹基金支付
cum_type_code	累计类别代码	D310101BIZ2102	单病种统筹基金支付
cum_type_code	累计类别代码	D310101BIZ2103	精神病住院统筹基金支付
cum_type_code	累计类别代码	D310101BIZ2104	日间病床统筹基金支付
cum_type_code	累计类别代码	D310101BIZ2105	异地就医统筹基金支付
cum_type_code	累计类别代码	D310101BIZ23	转外诊治住院统筹基金支付
cum_type_code	累计类别代码	D310101BIZ7711	城职高值支付基金累计
cum_type_code	累计类别代码	D310101BIZ8811	城职单行支付基金累计
cum_type_code	累计类别代码	D310101BIZ9911	城职特药基本医疗统筹基金累计
cum_type_code	累计类别代码	D310101M00000	门诊慢特病基本医疗统筹基金累计
cum_type_code	累计类别代码	D310101M00001	中药饮片抗肿瘤基本医疗统筹基金累计
cum_type_code	累计类别代码	D310101M02300	帕金森病基本医疗统筹基金累计
cum_type_code	累计类别代码	D310101M06900	类风湿关节炎基本医疗统筹基金累计
cum_type_code	累计类别代码	D310101M07700	原发性肾病综合征基本医疗统筹基金累计
cum_type_code	累计类别代码	D310101M08402	冠心病冠脉支架术后基本医疗统筹基金累计
cum_type_code	累计类别代码	D310101SM0080101	基本医疗统筹白血病基金累计（城职）
cum_type_code	累计类别代码	D310101TRE14M002	基本特定门诊（职工基本医疗年度报销累计）
cum_type_code	累计类别代码	D310101TRE14M004	精神病类特定门诊（职工基本医疗年度报销累计）
cum_type_code	累计类别代码	D310101TRE14M005	过渡病种特定门诊（职工基本医疗年度报销累计）
cum_type_code	累计类别代码	D310101TRE14M047PRDL	职工黄斑病变统筹支付
cum_type_code	累计类别代码	D310101TRE14M048	职工肺动脉高压统筹支付
cum_type_code	累计类别代码	D310101TRE14M049PRDL	职工黄斑病变(双眼)统筹支付
cum_type_code	累计类别代码	D310101ZY0001	颈椎病基本医疗统筹基金累计
cum_type_code	累计类别代码	D310101ZY0002	腰椎间盘突出症基本医疗统筹基金累计
cum_type_code	累计类别代码	D310101ZY0003	骨性关节炎基本医疗统筹基金累计
cum_type_code	累计类别代码	D310101ZY0004	腰痛基本医疗统筹基金累计
cum_type_code	累计类别代码	D310101ZY0005	肩周炎基本医疗统筹基金累计
cum_type_code	累计类别代码	D310101ZY0006	脑梗恢复期基本医疗统筹基金累计
cum_type_code	累计类别代码	D310101ZY0007	脑出血恢复期基本医疗统筹基金累计
cum_type_code	累计类别代码	D310101ZY0008	前庭性旺晕基本医疗统筹基金累计
cum_type_code	累计类别代码	D310101ZY0009	后循环缺血基本医疗统筹基金累计
cum_type_code	累计类别代码	D310101ZY0010	椎基底动脉供血不足基本医疗统筹基
cum_type_code	累计类别代码		金累计
cum_type_code	累计类别代码	D310101ZY0011	短督性脑缺血基本医疗统筹基金累计
cum_type_code	累计类别代码	D310101ZY0012	面神经炎基本医疗统筹基金累计
cum_type_code	累计类别代码	D310101ZY0013	紧张性头痛基本医疗统筹基金累计
cum_type_code	累计类别代码	D310101ZY0014	睡眠障碍基本医疗统筹基金累计
cum_type_code	累计类别代码	D310101ZY0016	神经性耳聋基本医疗统筹基金累计
cum_type_code	累计类别代码	D310101ZY0017	过敏性鼻炎基本医疗统筹基金累计
cum_type_code	累计类别代码	D310101ZY0018	荨麻疹基本医疗统筹基金累计
cum_type_code	累计类别代码	D310101ZY0020	月经不规则基本医疗统筹基金累计
cum_type_code	累计类别代码	D310101_TRE141	职工门诊慢性病基本统筹支出累计
cum_type_code	累计类别代码	D310102	职工门诊统筹基金
cum_type_code	累计类别代码	D310103	职工生育基金
cum_type_code	累计类别代码	D310103BIZ51	城职门诊职工生育基金
cum_type_code	累计类别代码	D310103BIZ5101	产前检查生育基金支付
cum_type_code	累计类别代码	D310103BIZ52	城职住院职工生育基金
cum_type_code	累计类别代码	D310103BIZ5201	生育定额住院生育基金支付
cum_type_code	累计类别代码	D310103BIZ5202	生育普通住院生育基金支付
cum_type_code	累计类别代码	D310103BIZ5203	生育保胎生育基金支付
cum_type_code	累计类别代码	D310103BIZ53	计划生育手术生育基金支付
cum_type_code	累计类别代码	D310103_TRE510101_PRDB	生育产前检查累计
cum_type_code	累计类别代码	D310104	城职职工生育基金
cum_type_code	累计类别代码	D310301	职工大病补充保险基金累计
cum_type_code	累计类别代码	D320101	公务员医疗补助基金累计
cum_type_code	累计类别代码	D3201011	公务员医疗补助基金基本分段支付累计
cum_type_code	累计类别代码	D3201012	公务员医疗补助基金大额分段支付累计
cum_type_code	累计类别代码	D3201013	公务员医疗补助基金门诊支付累计
cum_type_code	累计类别代码	D32010131	厅级干部二次报销门诊累计
cum_type_code	累计类别代码	D3201014	公务员医疗补助基金住院支付累计
cum_type_code	累计类别代码	D32010141	厅级干部二次报销住院累计
cum_type_code	累计类别代码	D320101MT01	公务员医疗补助基金累计（门特一类）
cum_type_code	累计类别代码	D320101MT02	公务员医疗补助基金累计（门特二类）
cum_type_code	累计类别代码	D320101TRE11M007	公务员体检年度已报销金额
cum_type_code	累计类别代码	D320101TRE14M002	基本特定门诊（医疗补助年度报销累计）
cum_type_code	累计类别代码	D320101TRE14M003	补充特定门诊（医疗补助年度报销累计）
cum_type_code	累计类别代码	D320101TRE14M004	精神病类特定门诊（医疗补助年度报销累计）
cum_type_code	累计类别代码	D320101TRE14M005	过渡病种特定门诊（医疗补助年度报销累计）
cum_type_code	累计类别代码	D320102	门诊慢特病公务员基金累计
cum_type_code	累计类别代码	D330101	城职大额医疗补助基金累计
cum_type_code	累计类别代码	D3301011	城职大额医疗救助基金累计
cum_type_code	累计类别代码	D330101M00000	门诊慢特病城职大额医疗补助基金累计
cum_type_code	累计类别代码	D330101POLL001	职工超基本统筹封顶大额段大额补助基金支付
cum_type_code	累计类别代码	D330101POLPL01	职工大额一段大额补助基金支付
cum_type_code	累计类别代码	D330101POLPL02	职工大额二段大额补助基金支付
cum_type_code	累计类别代码	D330101POLPL03	职工大额三段大额补助基金支付
cum_type_code	累计类别代码	D330101POLPL04	职工大额四段大额补助基金支付
cum_type_code	累计类别代码	D330101POLPL05	职工大额五段大额补助基金支付
cum_type_code	累计类别代码	D330201	职工基本医疗意外伤害统筹基金年度累计
cum_type_code	累计类别代码	D340101	离休医疗保障基金累计
cum_type_code	累计类别代码	D3401011	特殊人员医疗保障金累计
cum_type_code	累计类别代码	D3401012	特殊人员医疗（托管）保障金累计
cum_type_code	累计类别代码	D3401013	离休账户支出累计
cum_type_code	累计类别代码	D3401014	铁路离休基金累计
cum_type_code	累计类别代码	D3401015	铁路离休账户支出累计
cum_type_code	累计类别代码	D340102	离休人员优惠金累计
cum_type_code	累计类别代码	D350101	一至六级残疾军人补助基金累计
cum_type_code	累计类别代码	D350102	一至六级伤残军人门诊累计
cum_type_code	累计类别代码	D360201	保健基金支出累计
cum_type_code	累计类别代码	D360301	保健预支基金支出累计
cum_type_code	累计类别代码	D370101	企业补充医疗保险基金累计
cum_type_code	累计类别代码	D370101TRE14M003	补充特定门诊（职工补充医疗年度报销累计）
cum_type_code	累计类别代码	D390101	城居基本医疗统筹基金累计
cum_type_code	累计类别代码	D3901011	城居基本医疗统筹基金累计（门诊）
cum_type_code	累计类别代码	D39010110	城居按床日付费统筹基金支付累计
cum_type_code	累计类别代码	D39010111	城居建档立卡二次报销(不计入统筹)
cum_type_code	累计类别代码	D3901012	城基本医疗统筹基金累计(两病门诊)
cum_type_code	累计类别代码	D3901013	城居基本医疗门诊统筹支付累计
cum_type_code	累计类别代码	D3901014	城居基本医疗门诊慢性病支付累计
cum_type_code	累计类别代码	D3901015	城居基本医疗住院医疗（含生育）支付累计
cum_type_code	累计类别代码	D3901016	城居基本医疗急诊留观支付累计
cum_type_code	累计类别代码	D3901017	城居基本医疗学生意外伤害门诊支付累计
cum_type_code	累计类别代码	D3901018	城居基本医疗家庭病床支付累计
cum_type_code	累计类别代码	D3901019	城居按病种付费统筹基金支付累计
cum_type_code	累计类别代码	D390101BIZ11	城居普通门诊基本医疗统筹基金累计
cum_type_code	累计类别代码	D390101BIZ1301LAB001	急诊抢救居民统筹基金支付住院中药提高部分
cum_type_code	累计类别代码	D390101BIZ1401	城居门慢基本医疗统筹基金累计
cum_type_code	累计类别代码	D390101BIZ1402	城居门特基本医疗统筹基金累计
cum_type_code	累计类别代码	D390101BIZ1403	城居两病基本医疗统筹基金累计
cum_type_code	累计类别代码	D390101BIZ21	城居住院基本医疗统筹基金累计
cum_type_code	累计类别代码	D390101BIZ2101LAB001	普通住院居民统筹基金支付住院中药提高部分
cum_type_code	累计类别代码	D390101BIZ2102LAB001	单病种居民统筹基金支付住院中药提高部分
cum_type_code	累计类别代码	D390101BIZ2103LAB001	精神病住院居民统筹基金支付住院中药提高部分
cum_type_code	累计类别代码	D390101BIZ2104LAB001	日间病床居民统筹基金支付住院中药提高部分
cum_type_code	累计类别代码	D390101BIZ2105LAB001	异地就医居民统筹基金支付住院中药提高部分
cum_type_code	累计类别代码	D390101BIZ23LAB001	转外诊治住院居民统筹基金支付住院中药提高部分
cum_type_code	累计类别代码	D390101BIZ5201LAB001	生育定额住院居民统筹基金支付住院中药提高部分
cum_type_code	累计类别代码	D390101BIZ5202LAB001	生育普通住院居民统筹基金支付住院中药提高部分
cum_type_code	累计类别代码	D390101BIZ5203LAB001	生育保胎居民统筹基金支付住院中药提高部分
cum_type_code	累计类别代码	D390101BIZ7711	城居高值支付基金累计
cum_type_code	累计类别代码	D390101BIZ8811	城居单行支付基金累计
cum_type_code	累计类别代码	D390101BIZ9911	城居特药基本医疗统筹基金累计
cum_type_code	累计类别代码	D390101M00000	门诊慢特病城乡居民基本医疗统筹基金累计
cum_type_code	累计类别代码	D390101M01600	糖尿病城乡居民基本医疗统筹基金累计
cum_type_code	累计类别代码	D390101M01601	1型糖尿病城乡居民基本医疗统筹基金累计
cum_type_code	累计类别代码	D390101M03900	高血压城乡居民基本医疗统筹基金累计
cum_type_code	累计类别代码	D390101POLMX01	一般诊疗费基金支付
cum_type_code	累计类别代码	D390101SM0080102	基本医疗统筹白血病基金累计（城乡）
cum_type_code	累计类别代码	D390101TRE110101	普通门诊居民统筹基金
cum_type_code	累计类别代码	D390101TRE110201	门诊两病（高血压）居民统筹基金
cum_type_code	累计类别代码	D390101TRE110202	门诊两病（糖尿病）居民统筹基金
cum_type_code	累计类别代码	D390101TRE110203	门诊两病（高血压、糖尿病）居民统筹基金
cum_type_code	累计类别代码	D390101TRE110301	癌症筛查居民统筹基金
cum_type_code	累计类别代码	D390101TRE14M047PRDL	居民黄斑病变统筹支付
cum_type_code	累计类别代码	D390101TRE14M048	居民肺动脉高压统筹支付
cum_type_code	累计类别代码	D390101TRE14M049PRDL	居民黄斑病变(双眼)统筹支付
cum_type_code	累计类别代码	D390101_TRE110	居民普通门诊统筹基金累计
cum_type_code	累计类别代码	D390101_TRE141	居民门诊慢病基本统筹累计
cum_type_code	累计类别代码	D390101_TRENMLB101	居民两病高血压基本统筹累计
cum_type_code	累计类别代码	D390101_TRENMLB201	居民两病糖尿病基本统筹累计
cum_type_code	累计类别代码	D390102	城居门诊基本医疗统筹基金累计
cum_type_code	累计类别代码	D390201	城居大病医疗保险基金累计
cum_type_code	累计类别代码	D39020102	城居大病医疗保险基金累计(市内)
cum_type_code	累计类别代码	D39020103	城居大病医疗保险基金累计(市外省内)
cum_type_code	累计类别代码	D39020108	城居大病医疗保险基金累计(省外)
cum_type_code	累计类别代码	D39020120	城居大病医疗保险基金累计特药购药
cum_type_code	累计类别代码	D390201M00000	门诊慢特病城乡居民大病医疗保险基金累计
cum_type_code	累计类别代码	D390201M01800	苯丙酮尿症城乡居民大病医疗保险基金累计
cum_type_code	累计类别代码	D390201POLPL01	居民大病一段大病补助基金支付
cum_type_code	累计类别代码	D390201POLPL02	居民大病二段大病补助基金支付
cum_type_code	累计类别代码	D390201POLPL03	居民大病三段大病补助基金支付
cum_type_code	累计类别代码	D390201POLPL04	居民大病四段大病补助基金支付
cum_type_code	累计类别代码	D390201POLPL05	居民大病五段大病补助基金支付
cum_type_code	累计类别代码	D390201POLPL06	居民大病六段大病补助基金支付
cum_type_code	累计类别代码	D390201POLPL07	居民大病七段大病补助基金支付
cum_type_code	累计类别代码	D390301	大病补充保险基金年度累计
cum_type_code	累计类别代码	D390302	困难群众大病补充基金累计
cum_type_code	累计类别代码	D390401_TRE220	居民无责意外伤害住院统筹累计
cum_type_code	累计类别代码	D390401_TRE9901	居民无责意外伤害门诊统筹累计
cum_type_code	累计类别代码	D510101	生育基金累计
cum_type_code	累计类别代码	D610101	医疗救助基金累计
cum_type_code	累计类别代码	D6101011	医疗救助基金累计（门诊）
cum_type_code	累计类别代码	D6101012	医疗救助基金累计（住院）
cum_type_code	累计类别代码	D6101014	医疗救助基金累计（特殊门诊）
cum_type_code	累计类别代码	D610101BIZ1101	普通门诊医疗救助基金
cum_type_code	累计类别代码	D610101BIZ1102	门诊两病医疗救助基金
cum_type_code	累计类别代码	D610101BIZ1103	癌症筛查医疗救助基金
cum_type_code	累计类别代码	D610101BIZ1301	急诊抢救医疗救助基金
cum_type_code	累计类别代码	D610101BIZ14	门特慢医疗救助基金
cum_type_code	累计类别代码	D610101BIZ1401	门诊慢病医疗救助基金累计
cum_type_code	累计类别代码	D610101BIZ2101	普通住院医疗救助基金
cum_type_code	累计类别代码	D610101BIZ2102	单病种医疗救助基金
cum_type_code	累计类别代码	D610101BIZ2103	精神病住院医疗救助基金
cum_type_code	累计类别代码	D610101BIZ2104	日间病床医疗救助基金
cum_type_code	累计类别代码	D610101BIZ2105	异地就医医疗救助基金
cum_type_code	累计类别代码	D610101BIZ23	转外诊治住院医疗救助基金
cum_type_code	累计类别代码	D610101BIZ5201	生育定额住院医疗救助基金
cum_type_code	累计类别代码	D610101BIZ5202	生育普通住院医疗救助基金
cum_type_code	累计类别代码	D610101BIZ5203	生育保胎医疗救助基金
cum_type_code	累计类别代码	D610101POLYB01	医疗救助一段医疗救助基金支付
cum_type_code	累计类别代码	D610101POLYB02	医疗救助二段医疗救助基金支付
cum_type_code	累计类别代码	D610101TREPOLYB01	医疗救助第一段基金累计
cum_type_code	累计类别代码	D610101TREPOLYB02	医疗救助第二段基金累计
cum_type_code	累计类别代码	D610101TREPOLYB03	医疗救助第三段基金累计
cum_type_code	累计类别代码	D610101_BIZ1101	普通门诊医疗救助基金年度累计
cum_type_code	累计类别代码	D610101_BIZ1102	门诊两病医疗救助基金支付累计
cum_type_code	累计类别代码	D610101_BIZ1103	癌症筛查医疗救助基金支付累计
cum_type_code	累计类别代码	D610101_BIZ1301	急诊抢救医疗救助基金年度累计
cum_type_code	累计类别代码	D610101_BIZ14	门特医疗救助基金累计
cum_type_code	累计类别代码	D610101_BIZ2101	住院医疗救助基金累计
cum_type_code	累计类别代码	D610101_BIZ2102	单病种住院医疗救助基金支付累计
cum_type_code	累计类别代码	D610101_BIZ2103	精神病住院医疗救助基金支付累计
cum_type_code	累计类别代码	D610101_BIZ5202	居民生育住院医疗救助基金年度累计
cum_type_code	累计类别代码	D610101_TRE141_390	居民门诊贫困（含重点救助、患重特大疾病、低收入、因病致贫）医疗救助基金支出累计
cum_type_code	累计类别代码	D610101_TRE210_390	居民住院贫困（含重点救助、患重特大疾病、低收入、因病致贫）医疗救助基金支出累计
cum_type_code	累计类别代码	D610102	医疗救助基金
cum_type_code	累计类别代码	D610103	医疗救助重特大疾病基金累计
cum_type_code	累计类别代码	D610201	基金支付-优抚对象医疗补助基金
cum_type_code	累计类别代码	D620101	商业补充保险基金
cum_type_code	累计类别代码	D620101POLTH01	商保一段商保补助基金支付
cum_type_code	累计类别代码	D620101POLTH02	商保二段商保补助基金支付
cum_type_code	累计类别代码	D620101POLTH03	商保三段商保补助基金支付
cum_type_code	累计类别代码	D620101POLTH04	商保四段商保补助基金支付
cum_type_code	累计类别代码	D620101POLTH05	商保五段商保补助基金支付
cum_type_code	累计类别代码	D620101POLTH06	商保六段商保补助基金支付
cum_type_code	累计类别代码	D620101POLTH07	商保七段商保补助基金支付
cum_type_code	累计类别代码	D640101	政府兜底基金
cum_type_code	累计类别代码	D9101	建国前老党员补充保障基金累计
cum_type_code	累计类别代码	D9102	特优群体补充保障基金累计
cum_type_code	累计类别代码	D9107	年度体检基金累计
cum_type_code	累计类别代码	D9201	特药购药补充基金累计
cum_type_code	累计类别代码	D999101	职工双保险统筹基金支付累计
cum_type_code	累计类别代码	D999109	农村低收入人口医疗补充保险基金累计
cum_type_code	累计类别代码	D999701	城居基本医疗统筹基金累计（门诊统
cum_type_code	累计类别代码		筹）
cum_type_code	累计类别代码	D999703	城镇职工意外伤害基金
cum_type_code	累计类别代码	D999704	城乡居民意外伤害基金
cum_type_code	累计类别代码	D9997041	城乡居民意外伤害基金（门诊意外伤害）
cum_type_code	累计类别代码	D999996	医院垫付累计
cum_type_code	累计类别代码	D99999731	医保扶贫基金累计金额
cum_type_code	累计类别代码	D99999732	医疗扶助基金累计金额
cum_type_code	累计类别代码	D999998	现金
cum_type_code	累计类别代码	D999998BIZ1101	门诊业务现金支出金额
cum_type_code	累计类别代码	D999998BIZ1301	急诊抢救现金支出金额
cum_type_code	累计类别代码	D999998BIZ1301POLGB01	急诊抢救公务员补助一档自付
cum_type_code	累计类别代码	D999998BIZ1301POLGB02	急诊抢救公务员补助二档自付
cum_type_code	累计类别代码	D999998BIZ14POLGB01	门特慢公务员补助一档自付
cum_type_code	累计类别代码	D999998BIZ14POLGB02	门特慢公务员补助二档自付
cum_type_code	累计类别代码	D999998BIZ15	门特慢现金支出金额
cum_type_code	累计类别代码	D999998BIZ2101	普通住院个人自付金额累计
cum_type_code	累计类别代码	D999998BIZ2101POLGB01	普通住院公务员补助一档自付
cum_type_code	累计类别代码	D999998BIZ2101POLGB02	普通住院公务员补助二档自付
cum_type_code	累计类别代码	D999998BIZ2102	单病种住院个人自付金额累计
cum_type_code	累计类别代码	D999998BIZ2102PO	单病种公务员补助一档自付
cum_type_code	累计类别代码	LGB01	
cum_type_code	累计类别代码	D999998BIZ2102POLGB02	单病种公务员补助二档自付
cum_type_code	累计类别代码	D999998BIZ2103	分级诊疗住院个人自付金额累计
cum_type_code	累计类别代码	D999998BIZ2103POLGB01	精神病住院公务员补助一档自付
cum_type_code	累计类别代码	D999998BIZ2103POLGB02	精神病住院公务员补助二档自付
cum_type_code	累计类别代码	D999998BIZ2104	重大疾病住院个人自付金额累计
cum_type_code	累计类别代码	D999998BIZ2104POLGB01	日间病床公务员补助一档自付
cum_type_code	累计类别代码	D999998BIZ2104POLGB02	日间病床公务员补助二档自付
cum_type_code	累计类别代码	D999998BIZ2105	家庭病床个人自付金额累计
cum_type_code	累计类别代码	D999998BIZ2105POLGB01	异地就医公务员补助一档自付
cum_type_code	累计类别代码	D999998BIZ2105POLGB02	异地就医公务员补助二档自付
cum_type_code	累计类别代码	D999998BIZ2106	普通住院现金支出金额
cum_type_code	累计类别代码	D999998BIZ2107	单病种现金支出金额
cum_type_code	累计类别代码	D999998BIZ2108	精神病住院现金支出金额
cum_type_code	累计类别代码	D999998BIZ2109	日间病床现金支出金额
cum_type_code	累计类别代码	D999998BIZ2110	异地就医现金支出金额
cum_type_code	累计类别代码	D999998BIZ22	外伤住院个人自付金额累计
cum_type_code	累计类别代码	D999998BIZ23	转外诊治住院现金支出金额
cum_type_code	累计类别代码	D999998BIZ23POLGB01	转外诊治住院公务员补助一档自付
cum_type_code	累计类别代码	D999998BIZ23POLGB02	转外诊治住院公务员补助二档自付
cum_type_code	累计类别代码	D999998BIZ5201	生育定额住院现金支出金额
cum_type_code	累计类别代码	D999998BIZ5201POLGB01	生育定额住院公务员补助一档自付
cum_type_code	累计类别代码	D999998BIZ5201POLGB02	生育定额住院公务员补助二档自付
cum_type_code	累计类别代码	D999998BIZ5202	生育普通住院现金支出金额
cum_type_code	累计类别代码	D999998BIZ5202POLGB01	生育普通住院公务员补助一档自付
cum_type_code	累计类别代码	D999998BIZ5202POLGB02	生育普通住院公务员补助二档自付
cum_type_code	累计类别代码	D999998BIZ5203	生育保胎现金支出金额
cum_type_code	累计类别代码	D999998BIZ5203POLGB01	生育保胎公务员补助一档自付
cum_type_code	累计类别代码	D999998BIZ5203POLGB02	生育保胎公务员补助二档自付
cum_type_code	累计类别代码	D999998POLGB01	公务员补助一档自付
cum_type_code	累计类别代码	D999998POLGB02	公务员补助二档自付
cum_type_code	累计类别代码	D999998POLMX01	一般诊疗费个人支付
cum_type_code	累计类别代码	D999999	现金支付年度累计
cum_type_code	累计类别代码	DBA15003	继发性肺结核（复治）基本医疗统筹基金累计
cum_type_code	累计类别代码	DBA15005	继发性肺结核（单耐药）基本医疗统筹基金累计
cum_type_code	累计类别代码	DBA15007	继发性肺结核（多耐药）基本医疗统筹基金累计
cum_type_code	累计类别代码	DBA16210	单病种耐多药肺结核基本医疗统筹基金累计
cum_type_code	累计类别代码	DBA16211	活动性肺结核（初治）基本医疗统筹基金累计
cum_type_code	累计类别代码	DBA16500	结核性胸膜炎基本医疗统筹基金累计
cum_type_code	累计类别代码	DCBMM051	恶性肿瘤镇痛治疗基本医疗统筹基金累计
cum_type_code	累计类别代码	DLZ5105JDLKMT01	建档立卡人员门诊慢性病报销累计
cum_type_code	累计类别代码	DLZ5105JDLKMZ02	建档立卡人员普通门诊报销累计(县级以下)
cum_type_code	累计类别代码	DLZ5105JDLKMZ03	建档立卡人员普通门诊报销累计(县级及以上)
cum_type_code	累计类别代码	DLZ5105JDLKYLJZ01	建档立卡人员医疗救助
cum_type_code	累计类别代码	DLZ5105MT01	普拉德-威利综合征统筹基金累计
cum_type_code	累计类别代码	DLZ5105MT02	原发性生长激素缺乏症统筹基金累计
cum_type_code	累计类别代码	DLZ5105ZTDJBYLJZ01	医疗救助重特大疾病补充符合范围费用累计（肾透析）
cum_type_code	累计类别代码	DLZ5105ZTDJBYLJZ02	医疗救助重特大疾病补充符合范围费用累计（非肾透析）
cum_type_code	累计类别代码	DM000001	C型尼曼匹克病基本医疗统筹基金累计
cum_type_code	累计类别代码	DM000002	肾性贫血基本医疗统筹基金累计
cum_type_code	累计类别代码	DM000003	上皮性卵巢癌基本医疗统筹基金累计
cum_type_code	累计类别代码	DM000004	原发性腹膜癌基本医疗统筹基金累计
cum_type_code	累计类别代码	DM000005	过敏性哮喘基本医疗统筹基金累计
cum_type_code	累计类别代码	DM000006	特应性皮炎基本医疗统筹基金累计
cum_type_code	累计类别代码	DM000007	慢性髓性白血病基本医疗统筹基金累计
cum_type_code	累计类别代码	DM000009	骨巨细胞瘤基本医疗统筹基金累计
cum_type_code	累计类别代码	DM000011	亨廷顿有关的舞蹈病基本医疗统筹基金累计
cum_type_code	累计类别代码	DM000012	经典型霍奇金淋巴瘤尿路上皮癌基本医疗统筹基金累计
cum_type_code	累计类别代码	DM000013	视网膜静脉阻塞的黄斑水肿基本医疗统筹基金累计
cum_type_code	累计类别代码	DM000014	经典型霍奇金淋巴瘤基本医疗统筹基金累计
cum_type_code	累计类别代码	DM000015	特药非小细胞肺癌基本医疗统筹基金累计
cum_type_code	累计类别代码	DM000016	非瓣膜性房颤深静脉血栓基本医疗统筹基金累计
cum_type_code	累计类别代码	DM000017	实体瘤化疗所致严重血小板减少症特发性血小板减少性紫癜基本医疗统筹基金累计
cum_type_code	累计类别代码	DM000018	侵袭性曲霉菌基本医疗统筹基金累计
cum_type_code	累计类别代码	DM000019	接合菌纲类感染基本医疗统筹基金累计
cum_type_code	累计类别代码	DM000020	原发性免疫球蛋白缺乏症基本医疗统筹基金累计
cum_type_code	累计类别代码	DM000021	胰腺神经内分泌瘤基本医疗统筹基金累计
cum_type_code	累计类别代码	DM000022	多发性硬化基本医疗统筹基金累计
cum_type_code	累计类别代码	DM000023	肌萎缩侧索硬化症基本医疗统筹基金累计
cum_type_code	累计类别代码	DM000024	地中海贫血基本医疗统筹基金累计
cum_type_code	累计类别代码	DM000025	慢性丙型肝炎基本医疗统筹基金累计
cum_type_code	累计类别代码	DM000026	小淋巴细胞淋巴瘤基本医疗统筹基金累计
cum_type_code	累计类别代码	DM000027	食管鳞癌基本医疗统筹基金累计
cum_type_code	累计类别代码	DM000028	成人迟发性运动障碍基本医疗统筹基金累计
cum_type_code	累计类别代码	DM000029	子宫内膜异位症基本医疗统筹基金累计
cum_type_code	累计类别代码	DM000030	念球菌感染口咽念珠菌病基本医疗统筹基金累计
cum_type_code	累计类别代码	DM000031	特发性肺纤维化基本医疗统筹基金累计
cum_type_code	累计类别代码	DM000032	骨髓纤维化基本医疗统筹基金累计
cum_type_code	累计类别代码	DM000033	系统性硬化病基本医疗统筹基金累计
cum_type_code	累计类别代码	DM000034	相关间质性肺疾病基本医疗统筹基金累计
cum_type_code	累计类别代码	DM000035	慢性心力衰竭基本医疗统筹基金累计
cum_type_code	累计类别代码	DM00100	结核基本医疗统筹基金累计
cum_type_code	累计类别代码	DM00101	重特大门诊耐多药肺结核基本医疗统筹基金累计
cum_type_code	累计类别代码	DM00105	肺结核基本医疗统筹基金累计
cum_type_code	累计类别代码	DM00200	病毒性肝炎基本医疗统筹基金累计
cum_type_code	累计类别代码	DM00202	丙型肝炎（抗病毒治疗）年度基金累计
cum_type_code	累计类别代码	DM00205	慢性活动性肝炎基本医疗统筹基金累计
cum_type_code	累计类别代码	DM00500	恶性肿瘤门诊治疗基本医疗统筹基金累计
cum_type_code	累计类别代码	DM00501	恶性肿瘤（放化疗）基本医疗统筹基金累计
cum_type_code	累计类别代码	DM00505	恶性肿瘤门诊治疗年度基金累计
cum_type_code	累计类别代码	DM00509	恶性肿瘤镇痛依赖性治疗基本医疗统筹基金累计
cum_type_code	累计类别代码	DM00510	乳腺癌基本医疗统筹基金累计
cum_type_code	累计类别代码	DM00520	前列腺癌基本医疗统筹基金累计
cum_type_code	累计类别代码	DM00530	淋巴瘤基本医疗统筹基金累计
cum_type_code	累计类别代码	DM00540	胃肠道间质瘤基本医疗统筹基金累计
cum_type_code	累计类别代码	DM00541	胃癌基本医疗统筹基金累计
cum_type_code	累计类别代码	DM00542	结肠癌基本医疗统筹基金累计
cum_type_code	累计类别代码	DM00543	直肠癌基本医疗统筹基金累计
cum_type_code	累计类别代码	DM00545	肝癌基本医疗统筹基金累计
cum_type_code	累计类别代码	DM00551	鼻咽癌基本医疗统筹基金累计
cum_type_code	累计类别代码	DM00560	甲状腺癌基本医疗统筹基金累计
cum_type_code	累计类别代码	DM00570	恶性黑色素瘤基本医疗统筹基金累计
cum_type_code	累计类别代码	DM00580	肾癌基本医疗统筹基金累计
cum_type_code	累计类别代码	DM00700	骨髓瘤门诊治疗基本医疗统筹基金累计
cum_type_code	累计类别代码	DM00800	急性淋巴细胞白血病基本医疗统筹基金累计
cum_type_code	累计类别代码	DM00901	真性红细胞增多症基本医疗统筹基金累计
cum_type_code	累计类别代码	DM00902	交界性肿瘤门诊治疗基本医疗统筹基金累计
cum_type_code	累计类别代码	DM01101	溶血性贫血基本医疗统筹基金累计
cum_type_code	累计类别代码	DM01102	再生障碍性贫血基本医疗统筹基金累计
cum_type_code	累计类别代码	DM01200	血友病基本医疗统筹基金累计
cum_type_code	累计类别代码	DM01301	特发性血小板减少性紫癜基本医疗统筹基金累计
cum_type_code	累计类别代码	DM01401	免疫系统疾病基本医疗统筹基金累计
cum_type_code	累计类别代码	DM01600	糖尿病基本医疗统筹基金累计
cum_type_code	累计类别代码	DM01601	I型糖尿病基本医疗统筹基金累计
cum_type_code	累计类别代码	DM01603	糖尿病伴有并发症基本医疗统筹基金累计
cum_type_code	累计类别代码	DM01617	糖尿病（非胰岛素治疗）基本医疗统筹基金累计
cum_type_code	累计类别代码	DM01701	甲状腺功能减退症基本医疗统筹基金累计
cum_type_code	累计类别代码	DM01702	甲状腺功能亢进症基本医疗统筹基金累计
cum_type_code	累计类别代码	DM01800	苯丙酮尿症-经典型苯丙酮尿症基本医
cum_type_code	累计类别代码		疗统筹基金累计
cum_type_code	累计类别代码	DM01802	苯丙酮尿症-四氢生物蝶呤缺乏症基本医疗统筹基金累计
cum_type_code	累计类别代码	DM01900	高血脂症基本医疗统筹基金累计
cum_type_code	累计类别代码	DM01907	原发性肾上腺皮质功能减退症本医疗统筹基金累计
cum_type_code	累计类别代码	DM01908	肢端肥大症基本医疗统筹基金累计
cum_type_code	累计类别代码	DM01909	其他内分泌代谢疾病本医疗统筹基金累计
cum_type_code	累计类别代码	DM01912	高脂血症基本医疗统筹基金累计
cum_type_code	累计类别代码	DM02000	精神病基本医疗统筹基金累计
cum_type_code	累计类别代码	DM02100	重症精神症基本医疗统筹基金累计
cum_type_code	累计类别代码	DM02101	精神分裂症基本医疗统筹基金累计
cum_type_code	累计类别代码	DM02301	帕金森综合症基本医疗统筹基金累计
cum_type_code	累计类别代码	DM02500	癫痫基本医疗统筹基金累计
cum_type_code	累计类别代码	DM03113	脑供血不足基本医疗统筹基金累计
cum_type_code	累计类别代码	DM03200	重症肌无力基本医疗统筹基金累计
cum_type_code	累计类别代码	DM03600	青光眼基本医疗统筹基金累计
cum_type_code	累计类别代码	DM03701	黄斑变性(康柏西普)基本医疗统筹基金累计
cum_type_code	累计类别代码	DM03702	黄斑变性(雷珠单抗)基本医疗统筹基金累计
cum_type_code	累计类别代码	DM03802	风湿性心脏病基本医疗统筹基金累计
cum_type_code	累计类别代码	DM03900	高血压基本医疗统筹基金累计
cum_type_code	累计类别代码	DM03904	高血压并发症基本医疗统筹基金累计
cum_type_code	累计类别代码	DM03908	高血压Ⅱ期基本医疗统筹基金累计
cum_type_code	累计类别代码	DM03909	高血压2,3级基本医疗统筹基金累计
cum_type_code	累计类别代码	DM03912	高血压Ⅱ期及以上基本医疗统筹基金累计
cum_type_code	累计类别代码	DM04000	肺动脉高压基本医疗统筹基金累计
cum_type_code	累计类别代码	DM04100	肺源性心脏病基本医疗统筹基金累计
cum_type_code	累计类别代码	DM04102	肺源性心脏病合并心衰基本医疗统筹基金累计
cum_type_code	累计类别代码	DM04200	心肌病基本医疗统筹基金累计
cum_type_code	累计类别代码	DM04204	病毒性心肌炎基本医疗统筹基金累计
cum_type_code	累计类别代码	DM04301	心功能不全基本医疗统筹基金累计
cum_type_code	累计类别代码	DM04400	心律失常基本医疗统筹基金累计
cum_type_code	累计类别代码	DM04401	心律失常基本医疗统筹基金累计
cum_type_code	累计类别代码	DM04600	冠心病基本医疗统筹基金累计
cum_type_code	累计类别代码	DM04700	慢性缺血性心脏病基金累计
cum_type_code	累计类别代码	DM04800	脑血管疾病基本医疗统筹基金累计
cum_type_code	累计类别代码	DM04802	脑梗塞(恢复期)基金累计
cum_type_code	累计类别代码	DM04803	脑血管病后遗症基本医疗统筹基金累计
cum_type_code	累计类别代码	DM04811	脑卒中基本医疗统筹基金累计
cum_type_code	累计类别代码	DM04816	动脉硬化性脑梗塞后遗症基本医疗统
cum_type_code	累计类别代码		筹基金累计
cum_type_code	累计类别代码	DM04901	动脉瘤基本医疗统筹基金累计
cum_type_code	累计类别代码	DM05100	慢性支气管炎基本医疗统筹基金累计
cum_type_code	累计类别代码	DM05200	阻塞性肺气肿基本医疗统筹基金累计
cum_type_code	累计类别代码	DM05300	慢性阻塞性肺病基本医疗统筹基金累计
cum_type_code	累计类别代码	DM05400	支气管哮喘基本医疗统筹基金累计
cum_type_code	累计类别代码	DM05601	肺间质病基本医疗统筹基金累计
cum_type_code	累计类别代码	DM05800	胃溃疡基金累计
cum_type_code	累计类别代码	DM05900	慢性胃炎基本医疗统筹基金累计
cum_type_code	累计类别代码	DM06000	克罗恩病基本医疗统筹基金累计
cum_type_code	累计类别代码	DM06200	肝硬化基本医疗统筹基金累计
cum_type_code	累计类别代码	DM06201	肝硬化失代偿期基本医疗统筹基金累计
cum_type_code	累计类别代码	DM06300	慢性胆囊炎基本医疗统筹基金累计
cum_type_code	累计类别代码	DM06400	慢性胰腺炎基金累计
cum_type_code	累计类别代码	DM06500	慢性腹泻基本医疗统筹基金累计
cum_type_code	累计类别代码	DM06501	溃疡性结肠炎基本医疗统筹基金累计
cum_type_code	累计类别代码	DM06503	慢性腹泻基金累计
cum_type_code	累计类别代码	DM06506	慢性结肠炎基本医疗统筹基金累计
cum_type_code	累计类别代码	DM06700	银屑病基本医疗统筹基金累计
cum_type_code	累计类别代码	DM06900	类风湿性关节炎基本医疗统筹基金累计
cum_type_code	累计类别代码	DM07000	痛风基本医疗统筹基金累计
cum_type_code	累计类别代码	DM07101	系统性红斑狼疮基本医疗统筹基金累计
cum_type_code	累计类别代码	DM07103	多肌炎本医疗统筹基金累计
cum_type_code	累计类别代码	DM07104	皮肌炎本医疗统筹基金累计
cum_type_code	累计类别代码	DM07105	系统性硬化症本医疗统筹基金累计
cum_type_code	累计类别代码	DM07108	多脉管炎本医疗统筹基金累计
cum_type_code	累计类别代码	DM07200	强直性脊柱炎基本医疗统筹基金累计
cum_type_code	累计类别代码	DM07401	股骨头坏死基本医疗统筹基金累计
cum_type_code	累计类别代码	DM07600	慢性肾小球肾炎基本医疗统筹基金累计
cum_type_code	累计类别代码	DM07601	慢性肾盂肾炎基本医疗统筹基金累计
cum_type_code	累计类别代码	DM07603	慢性肾小球肾炎基金累计
cum_type_code	累计类别代码	DM07800	慢性肾功能衰竭基本医疗统筹基金累计
cum_type_code	累计类别代码	DM07801	透析基本医疗统筹基金累计
cum_type_code	累计类别代码	DM07803	终末期肾病(血液透析)基本医疗统筹基金累计
cum_type_code	累计类别代码	DM07804	终末期肾病(腹膜透析)基本医疗统筹基金累计
cum_type_code	累计类别代码	DM07900	前列腺增生基本医疗统筹基金累计
cum_type_code	累计类别代码	DM07901	前列腺炎基本医疗统筹基金累计
cum_type_code	累计类别代码	DM08001	女性生殖道炎基本医疗统筹基金累计
cum_type_code	累计类别代码	DM08101	女性生殖道非炎性疾患年度基金累计
cum_type_code	累计类别代码	DM08209	特纳氏综合症基本医疗统筹基金累计
cum_type_code	累计类别代码	DM08300	器官移植抗排异治疗基本医疗统筹基金累计
cum_type_code	累计类别代码	DM08400	抗凝治疗基本医疗统筹基金累计
cum_type_code	累计类别代码	DM08401	冠状动脉支架植入后状态基本医疗统筹基金累计
cum_type_code	累计类别代码	DM08402	冠状动脉支架置入术后状态基本医疗统筹基金累计
cum_type_code	累计类别代码	DM08403	抗凝治疗（血管支架植入术后状态）基本医疗统筹基金累计
cum_type_code	累计类别代码	DM08405	具有其他心脏瓣膜置换基本医疗统筹基金累计
cum_type_code	累计类别代码	DM09000	关节病基本医疗统筹基金累计
cum_type_code	累计类别代码	DM09103	脊柱退行性疾病基金累计
cum_type_code	累计类别代码	DM09105	脊椎病基本医疗统筹基金累计
cum_type_code	累计类别代码	DM09300	肺栓塞基本医疗统筹基金累计
cum_type_code	累计类别代码	DM09600	脑动脉硬化基本医疗统筹基金累计
cum_type_code	累计类别代码	DM09900	胃食管反流病基本医疗统筹基金累计
cum_type_code	累计类别代码	DM10200	心内膜炎基本医疗统筹基金累计
cum_type_code	累计类别代码	DM10600	肾输尿管结石基本医疗统筹基金累计
cum_type_code	累计类别代码	DM11600	慢性鼻(咽)炎基本医疗统筹基金累计
cum_type_code	累计类别代码	DM12801	中耳炎基本医疗统筹基金累计
cum_type_code	累计类别代码	DM12802	耳的疾病基本医疗统筹基金累计
cum_type_code	累计类别代码	DZTDZY001	儿童急性淋巴细胞白血病-标危组基本医疗统筹基金累计
cum_type_code	累计类别代码	DZTDZY002	儿童急性淋巴细胞白血病-中危组基本医疗统筹基金累计
cum_type_code	累计类别代码	DZTDZY003	儿童急性早幼粒细胞白血病基本医疗统筹基金累计
cum_type_code	累计类别代码	DZTDZY004	儿童先天性房间隔缺损(手术治疗)基本医疗统筹基金累计
cum_type_code	累计类别代码	DZTDZY005	儿童先天性房间隔缺损(介入治疗)基本医疗统筹基金累计
cum_type_code	累计类别代码	DZTDZY006	儿童先天性室间隔缺损(1-14岁手术治疗)基本医疗统筹基金累计
cum_type_code	累计类别代码	DZTDZY007	儿童先天性室间隔缺损(1岁以下手术治疗)基本医疗统筹基金累计
cum_type_code	累计类别代码	DZTDZY008	儿童先天性室间隔缺损(14岁以下介入治疗)基本医疗统筹基金累计
cum_type_code	累计类别代码	DZTDZY009	儿童先天性动脉导管未闭（手术治疗）基本医疗统筹基金累计
cum_type_code	累计类别代码	DZTDZY010	儿童先天性动脉导管未闭（介入治疗）基本医疗统筹基金累计
cum_type_code	累计类别代码	DZTDZY011	儿童先天性肺动脉瓣狭窄（手术治疗）基本医疗统筹基金累计
cum_type_code	累计类别代码	DZTDZY012	儿童先天性肺动脉瓣狭窄（介入治疗）基本医疗统筹基金累计
cum_type_code	累计类别代码	DZTDZY013	完全型心内膜垫缺损基本医疗统筹基金累计
cum_type_code	累计类别代码	DZTDZY014	部分型心内膜垫缺损基本医疗统筹基金累计
cum_type_code	累计类别代码	DZTDZY015	主动脉缩窄基本医疗统筹基金累计
cum_type_code	累计类别代码	DZTDZY016	法乐氏四联症（1岁以下）基本医疗统筹基金累计
cum_type_code	累计类别代码	DZTDZY017	法乐氏四联症（1-14岁）基本医疗统筹基金累计
cum_type_code	累计类别代码	DZTDZY018	房间隔缺损合并室间隔缺损（1岁以下）基本医疗统筹基金累计
cum_type_code	累计类别代码	DZTDZY019	房间隔缺损合并室间隔缺损（1-14岁）基本医疗统筹基金累计
cum_type_code	累计类别代码	DZTDZY020	室间隔缺损合并右室流出道狭窄（1岁以下）基本医疗统筹基金累计
cum_type_code	累计类别代码	DZTDZY021	室间隔缺损合并右室流出道狭窄（1-14岁）基本医疗统筹基金累计
cum_type_code	累计类别代码	DZTDZY022	室间隔缺损合并动脉导管未闭（1岁以下）基本医疗统筹基金累计
cum_type_code	累计类别代码	DZTDZY023	室间隔缺损合并动脉导管未闭（1-14岁）基本医疗统筹基金累计
cum_type_code	累计类别代码	DZTDZY024	室间隔缺损、动脉导管未闭并肺动脉瓣狭窄（1岁以下）基本医疗统筹基金累计
cum_type_code	累计类别代码	DZTDZY025	室间隔缺损、动脉导管未闭并肺动脉瓣狭窄（1-14岁）基本医疗统筹基金累计
cum_type_code	累计类别代码	DZTDZY026	房、室间隔缺损合并动脉导管未闭（1岁以下）基本医疗统筹基金累计
cum_type_code	累计类别代码	DZTDZY027	房、室间隔缺损合并动脉导管未闭（1-14岁）基本医疗统筹基金累计
cum_type_code	累计类别代码	DZTDZY028	唇裂基本医疗统筹基金累计
cum_type_code	累计类别代码	DZTDZY029	腭裂基本医疗统筹基金累计
cum_type_code	累计类别代码	DZTDZY030	重特大住院乳腺癌基本医疗统筹基金累计
cum_type_code	累计类别代码	DZTDZY031	宫颈癌基本医疗统筹基金累计
cum_type_code	累计类别代码	DZTDZY032	肺癌基本医疗统筹基金累计
cum_type_code	累计类别代码	DZTDZY033	食管癌基本医疗统筹基金累计
cum_type_code	累计类别代码	DZTDZY034	重特大住院胃癌基本医疗统筹基金累计
cum_type_code	累计类别代码	DZTDZY035	重特大住院结肠癌基本医疗统筹基金累计
cum_type_code	累计类别代码	DZTDZY036	重特大住院直肠癌基本医疗统筹基金累计
cum_type_code	累计类别代码	DZTDZY037	急性心肌梗塞（冠状动脉溶栓治疗）基本医疗统筹基金累计
cum_type_code	累计类别代码	DZTDZY038	急性心肌梗塞（冠状动脉介入治疗（1个冠脉支架））基本医疗统筹基金累计
cum_type_code	累计类别代码	DZTDZY039	急性心肌梗塞（冠状动脉介入治疗（2个冠脉支架））基本医疗统筹基金累计
cum_type_code	累计类别代码	DZTDZY040	急性心肌梗塞（冠状动脉介入治疗（3个及以上冠脉支架））基本医疗统筹基金累计
cum_type_code	累计类别代码	DZTDZY041	慢性粒细胞性白血病（造血干细胞移植（亲缘相合））基本医疗统筹基金累计
cum_type_code	累计类别代码	DZTDZY042	慢性粒细胞性白血病（造血干细胞移植（非亲缘、亲缘不合））基本医疗统筹基金累计
cum_type_code	累计类别代码	DZTDZY044	耐多药肺结核基本医疗统筹基金累计
cum_type_code	累计类别代码	DZTDZY046	尿道下裂（阴茎直伸术和尿道下裂尿道成形术）基本医疗统筹基金累计
cum_type_code	累计类别代码	DZTDZY047	尿道下裂（尿瘘修补术/尿道狭窄切开术）基本医疗统筹基金累计
cum_type_code	累计类别代码	DZTDZY048	先天性幽门肥厚性狭窄基本医疗统筹基金累计
cum_type_code	累计类别代码	DZTDZY049	发育性髋脱位基本医疗统筹基金累计
cum_type_code	累计类别代码	DZTDZY050	脊髓栓系综合征/脊髓脊膜膨出基本医疗统筹基金累计
cum_type_code	累计类别代码	F0000	医疗业务总费用累计
cum_type_code	累计类别代码	F0000BIZ2101	普通住院医疗费用累计
cum_type_code	累计类别代码	F0000BIZ2102	单病种住院医疗费用累计
cum_type_code	累计类别代码	F0000BIZ2103	分级诊疗住院医疗费用累计
cum_type_code	累计类别代码	F0000BIZ2104	重大疾病住院医疗费用累计
cum_type_code	累计类别代码	F0000BIZ2105	家庭病床医疗费用累计
cum_type_code	累计类别代码	F0000BIZ22	外伤住院医疗费用累计
cum_type_code	累计类别代码	F0000SC1001	乙类先行自付累计
cum_type_code	累计类别代码	F0001	医疗费用累计
cum_type_code	累计类别代码	F1100	门诊医疗费用累计
cum_type_code	累计类别代码	F1400	门诊慢特病医疗费用累计
cum_type_code	累计类别代码	F1401	门诊慢病医疗费用累计
cum_type_code	累计类别代码	F1402	门诊特病医疗费用累计
cum_type_code	累计类别代码	F1403	门诊两病医疗费用累计
cum_type_code	累计类别代码	F2100	住院医疗费用累计
cum_type_code	累计类别代码	F2700	自主就医医疗费用累计
cum_type_code	累计类别代码	F2800	日间病床医疗费用累计
cum_type_code	累计类别代码	F5100	生育门诊医疗费用累计
cum_type_code	累计类别代码	F5200	生育住院医疗费用累计
cum_type_code	累计类别代码	F9911	特药医疗费用累计
cum_type_code	累计类别代码	FD0000101	城乡特殊门诊一类门特一类病种封顶线累计
cum_type_code	累计类别代码	FD0000102	城乡特殊门诊一类门特二类病种封顶线累计
cum_type_code	累计类别代码	FD0000103	城乡特殊门诊一类门特三类病种封顶线累计
cum_type_code	累计类别代码	G1100	门诊个人共付段金额累计
cum_type_code	累计类别代码	G1400	门诊慢特病个人共付段金额累计
cum_type_code	累计类别代码	G1401	门诊慢病个人共付段金额累计
cum_type_code	累计类别代码	G1402	门诊特病个人共付段金额累计
cum_type_code	累计类别代码	G1403	门诊两病个人共付段金额累计
cum_type_code	累计类别代码	G2100	住院个人共付段金额累计
cum_type_code	累计类别代码	G9911	特药个人共付段金额累计
cum_type_code	累计类别代码	H1100	门诊符合范围金额累计
cum_type_code	累计类别代码	H1101	学生意外伤害门诊符合范围累计
cum_type_code	累计类别代码	H1401	门诊慢病符合范围金额累计
cum_type_code	累计类别代码	H1402	门诊特病符合范围金额累计
cum_type_code	累计类别代码	H1403	门诊两病符合范围金额累计
cum_type_code	累计类别代码	H1404	公务员慢病符合范围金额累计
cum_type_code	累计类别代码	H2100	住院符合范围金额累计
cum_type_code	累计类别代码	H2101	职工双保险符合范围累计
cum_type_code	累计类别代码	H2700	自主就医符合范围金额累计
cum_type_code	累计类别代码	H2800	日间病床符合范围金额累计
cum_type_code	累计类别代码	H5100	生育门诊符合范围金额累计
cum_type_code	累计类别代码	H5200	生育住院符合范围金额累计
cum_type_code	累计类别代码	H9911	特药符合范围金额累计
cum_type_code	累计类别代码	H9914	大病统筹符合范围累计
cum_type_code	累计类别代码	H991402	大病统筹符合范围累计(市内)
cum_type_code	累计类别代码	H991403	大病统筹符合范围累计(市外省内)
cum_type_code	累计类别代码	H991408	大病统筹符合范围累计(省外)
cum_type_code	累计类别代码	H991411	大病统筹符合范围累计第一段
cum_type_code	累计类别代码	H991412	大病统筹符合范围累计第二段
cum_type_code	累计类别代码	H991413	大病统筹符合范围累计第三段
cum_type_code	累计类别代码	H991414	大病统筹符合范围累计第四段
cum_type_code	累计类别代码	L0000BIZ2101	普通住院起付次数累计
cum_type_code	累计类别代码	L0000BIZ2102	单病种住院起付次数累计
cum_type_code	累计类别代码	L0000BIZ2103	分级诊疗住院起付次数累计
cum_type_code	累计类别代码	L0000BIZ2104	重大疾病住院起付次数累计
cum_type_code	累计类别代码	L0000BIZ2105	家庭病床起付次数累计
cum_type_code	累计类别代码	L0000BIZ22	外伤住院起付次数累计
cum_type_code	累计类别代码	L0000BIZ9918	公务员年度体检次数
cum_type_code	累计类别代码	L0000_TRE210_310	职工住院次数累计
cum_type_code	累计类别代码	L0000_TRE210_310_2	职工二级以及以下医院住院次数累计
cum_type_code	累计类别代码	L0000_TRE210_310_3	职工三级医院住院次数累计
cum_type_code	累计类别代码	L0000_TRE210_390	居民住院次数累计
cum_type_code	累计类别代码	L1100	门诊起付次数累计
cum_type_code	累计类别代码	L1400	门诊慢特病起付次数累计
cum_type_code	累计类别代码	L1401	门诊慢病起付次数累计
cum_type_code	累计类别代码	L1402	门诊特病起付次数累计
cum_type_code	累计类别代码	L1403	门诊两病起付次数累计
cum_type_code	累计类别代码	L2100	住院起付次数累计
cum_type_code	累计类别代码	L9911	特药起付次数累计
cum_type_code	累计类别代码	M00500	恶性肿瘤门诊治疗累计
cum_type_code	累计类别代码	M00800	白血病门诊治疗累计
cum_type_code	累计类别代码	M01603	糖尿病伴有并发症累计
cum_type_code	累计类别代码	M02000	病毒性肝炎累计
cum_type_code	累计类别代码	M02300	帕金森病累计
cum_type_code	累计类别代码	M03901	高血压累计
cum_type_code	累计类别代码	M04100	肺源性心脏病累计
cum_type_code	累计类别代码	M04600	冠心病累计
cum_type_code	累计类别代码	M04801	脑内出血累计
cum_type_code	累计类别代码	M04802	脑梗死累计
cum_type_code	累计类别代码	M05100	慢性支气管炎累计
cum_type_code	累计类别代码	M06900	类风湿性关节炎累计
cum_type_code	累计类别代码	M07600	慢性肾炎累计
cum_type_code	累计类别代码	M07801	透析累计
cum_type_code	累计类别代码	MZAVALIMIT	门诊节余
cum_type_code	累计类别代码	opDedcM00100	结核起付线累计金额
cum_type_code	累计类别代码	opDedcM00205	慢性活动性肝炎起付线累计金额
cum_type_code	累计类别代码	opDedcM00500	恶性肿瘤门诊治疗起付线累计金额
cum_type_code	累计类别代码	opDedcM00509	恶性肿瘤（镇痛治疗）起付线累计金额
cum_type_code	累计类别代码	opDedcM01102	再生障碍性贫血起付线累计金额
cum_type_code	累计类别代码	opDedcM01301	血小板减少性紫癜起付线累计金额
cum_type_code	累计类别代码	opDedcM01600	糖尿病起付线累计金额
cum_type_code	累计类别代码	opDedcM01603	糖尿病伴有并发症起付线累计金额
cum_type_code	累计类别代码	opDedcM01701	甲状腺功能减退症起付线累计金额
cum_type_code	累计类别代码	opDedcM01702	甲状腺功能亢进症起付线累计金额
cum_type_code	累计类别代码	opDedcM01900	其他内分泌代谢疾病起付线累计金额
cum_type_code	累计类别代码	opDedcM01912	高脂血症起付线累计金额
cum_type_code	累计类别代码	opDedcM02101	精神分裂症起付线累计金额
cum_type_code	累计类别代码	opDedcM02301	帕金森氏综合征起付线累计金额
cum_type_code	累计类别代码	opDedcM02500	癫痫起付线累计金额
cum_type_code	累计类别代码	opDedcM03107	舞蹈病起付线累计金额
cum_type_code	累计类别代码	opDedcM03113	脑供血不足起付线累计金额
cum_type_code	累计类别代码	opDedcM03200	重症肌无力起付线累计金额
cum_type_code	累计类别代码	opDedcM03802	风湿性心脏病起付线累计金额
cum_type_code	累计类别代码	opDedcM03900	高血压起付线累计金额
cum_type_code	累计类别代码	opDedcM03904	高血压并发症起付线累计金额
cum_type_code	累计类别代码	opDedcM03909	高血压Ⅲ期起付线累计金额
cum_type_code	累计类别代码	opDedcM04100	肺源性心脏病起付线累计金额
cum_type_code	累计类别代码	opDedcM04102	肺源性心脏病合并心衰起付线累计金额
cum_type_code	累计类别代码	opDedcM04200	心肌病起付线累计金额
cum_type_code	累计类别代码	opDedcM04301	慢性心力衰竭起付线累计金额
cum_type_code	累计类别代码	opDedcM04400	心律失常起付线累计金额
cum_type_code	累计类别代码	opDedcM04401	心房颤动起付线累计金额
cum_type_code	累计类别代码	opDedcM04600	冠心病起付线累计金额
cum_type_code	累计类别代码	opDedcM04700	缺血性心脏病起付线累计金额
cum_type_code	累计类别代码	opDedcM04801	脑内出血起付线累计金额
cum_type_code	累计类别代码	opDedcM04802	脑梗死起付线累计金额
cum_type_code	累计类别代码	opDedcM04803	脑血管病后遗症起付线累计金额
cum_type_code	累计类别代码	opDedcM05100	慢性支气管炎起付线累计金额
cum_type_code	累计类别代码	opDedcM05300	慢性阻塞性肺疾病起付线累计金额
cum_type_code	累计类别代码	opDedcM05400	支气管哮喘起付线累计金额
cum_type_code	累计类别代码	opDedcM05600	肺间质病起付线累计金额
cum_type_code	累计类别代码	opDedcM05601	特发性肺间质纤维化起付线累计金额
cum_type_code	累计类别代码	opDedcM05800	消化性溃疡起付线累计金额
cum_type_code	累计类别代码	opDedcM05900	慢性胃炎起付线累计金额
cum_type_code	累计类别代码	opDedcM06000	克罗恩病起付线累计金额
cum_type_code	累计类别代码	opDedcM06100	非病毒性肝炎起付线累计金额
cum_type_code	累计类别代码	opDedcM06200	肝硬化起付线累计金额
cum_type_code	累计类别代码	opDedcM06300	慢性胆囊炎起付线累计金额
cum_type_code	累计类别代码	opDedcM06400	慢性胰腺炎起付线累计金额
cum_type_code	累计类别代码	opDedcM06500	慢性结肠炎起付线累计金额
cum_type_code	累计类别代码	opDedcM06501	溃疡性结肠炎起付线累计金额
cum_type_code	累计类别代码	opDedcM06503	直肠炎起付线累计金额
cum_type_code	累计类别代码	opDedcM06700	银屑病起付线累计金额
cum_type_code	累计类别代码	opDedcM06800	硬皮病[硬斑病]起付线累计金额
cum_type_code	累计类别代码	opDedcM07000	痛风起付线累计金额
cum_type_code	累计类别代码	opDedcM07101	系统性红斑狼疮起付线累计金额
cum_type_code	累计类别代码	opDedcM07107	白塞氏病起付线累计金额
cum_type_code	累计类别代码	opDedcM07200	强直性脊柱炎起付线累计金额
cum_type_code	累计类别代码	opDedcM07600	慢性肾炎起付线累计金额
cum_type_code	累计类别代码	opDedcM07601	慢性肾盂肾炎起付线累计金额
cum_type_code	累计类别代码	opDedcM07603	慢性肾小球肾炎起付线累计金额
cum_type_code	累计类别代码	opDedcM07807	慢性肾脏病起付线累计金额
cum_type_code	累计类别代码	opDedcM08101	子宫内膜异位症起付线累计金额
cum_type_code	累计类别代码	opDedcM08401	冠状动脉搭桥术后状态起付线累计金额
cum_type_code	累计类别代码	opDedcM08402	冠状动脉支架置入术后状态起付线累计金额
cum_type_code	累计类别代码	opDedcM08405	具有其他心脏瓣膜置换起付线累计金额
cum_type_code	累计类别代码	opDedcM09103	其他脊椎病起付线累计金额
cum_type_code	累计类别代码	opDedcM10200	心内膜炎起付线累计金额
cum_type_code	累计类别代码	opDedcM11600	鼻炎及鼻窦炎起付线累计金额
cum_type_code	累计类别代码	opDedcM12801	耳聋起付线累计金额
cum_type_code	累计类别代码	P1100	门诊个人自付金额累计
cum_type_code	累计类别代码	P1400	门诊慢特病个人自付金额累计
cum_type_code	累计类别代码	P1401	门诊慢病个人自付金额累计
cum_type_code	累计类别代码	P1402	门诊特病个人自付金额累计
cum_type_code	累计类别代码	P1403	门诊两病个人自付金额累计
cum_type_code	累计类别代码	P2100	住院个人自付金额累计
cum_type_code	累计类别代码	P21001	住院个人自付累计
cum_type_code	累计类别代码	P2700	自主就医个人自付金额累计
cum_type_code	累计类别代码	P2800	日间病床个人自付金额累计
cum_type_code	累计类别代码	P390201	居民个人自付金额累计
cum_type_code	累计类别代码	P390301	居民大病补充个人自付累计金额
cum_type_code	累计类别代码	P5100	生育门诊个人自付金额累计
cum_type_code	累计类别代码	P5200	生育住院个人自付金额累计
cum_type_code	累计类别代码	P9911	特药个人自付金额累计
cum_type_code	累计类别代码	Q0000	起付标准累计
cum_type_code	累计类别代码	Q0000BIZ1101	普通门诊起付线
cum_type_code	累计类别代码	Q0000BIZ1301	急诊抢救起付线
cum_type_code	累计类别代码	Q0000BIZ15	门特慢起付线
cum_type_code	累计类别代码	Q0000BIZ2101	普通住院起付金额累计
cum_type_code	累计类别代码	Q0000BIZ2102	单病种住院起付金额累计
cum_type_code	累计类别代码	Q0000BIZ2103	分级诊疗住院起付金额累计
cum_type_code	累计类别代码	Q0000BIZ2104	重大疾病住院起付金额累计
cum_type_code	累计类别代码	Q0000BIZ2105	家庭病床起付金额累计
cum_type_code	累计类别代码	Q0000BIZ2106	普通住院起付线
cum_type_code	累计类别代码	Q0000BIZ2107	单病种起付线
cum_type_code	累计类别代码	Q0000BIZ2108	精神病住院起付线
cum_type_code	累计类别代码	Q0000BIZ2109	日间病床起付线
cum_type_code	累计类别代码	Q0000BIZ2110	异地就医起付线
cum_type_code	累计类别代码	Q0000BIZ22	外伤住院起付金额累计
cum_type_code	累计类别代码	Q0000BIZ23	转外诊治住院起付线
cum_type_code	累计类别代码	Q0000BIZ5201	生育定额住院起付线
cum_type_code	累计类别代码	Q0000BIZ5202	生育普通住院起付线
cum_type_code	累计类别代码	Q0000BIZ5203	生育保胎起付线
cum_type_code	累计类别代码	Q0000_BIZ1101	门诊起付线累计
cum_type_code	累计类别代码	Q0000_BIZ1301	急诊抢救起付线累计
cum_type_code	累计类别代码	Q0000_BIZ14	门特起付线累计
cum_type_code	累计类别代码	Q0000_BIZ2101	住院起付线累计
cum_type_code	累计类别代码	Q0000_BIZ2102	单病种住院起付线累计
cum_type_code	累计类别代码	Q0000_BIZ2103	精神病住院起付线累计
cum_type_code	累计类别代码	Q0000_BIZ2104	日间病床起付线累计
cum_type_code	累计类别代码	Q0000_BIZ2105	异地就医起付线累计
cum_type_code	累计类别代码	Q0000_BIZ23	转外诊治住院起付线累计
cum_type_code	累计类别代码	Q0000_BIZ5202	居民生育住院起付线累计
cum_type_code	累计类别代码	Q0000_TRE141_310	职工门诊慢特病基本段起付标准累计
cum_type_code	累计类别代码	Q0000_TRE141_390	居民门诊慢特病基本段起付标准累计
cum_type_code	累计类别代码	Q0000_TRE142_390	居民特殊病起付线年度累计
cum_type_code	累计类别代码	Q0000_TRE9902_390	居民门诊手术起付线年度累计
cum_type_code	累计类别代码	Q0000_TRE9903_390	居民门诊特殊用药起付线年度累计
cum_type_code	累计类别代码	Q0001	大病补充起付金额累计
cum_type_code	累计类别代码	Q00011	大病起付金额累计（居民）
cum_type_code	累计类别代码	Q1100	门诊起付金额累计
cum_type_code	累计类别代码	Q11001	门诊起付金额累计（门诊意外伤害）
cum_type_code	累计类别代码	Q1400	门诊慢特病起付金额累计
cum_type_code	累计类别代码	Q1401	门诊慢病起付金额累计
cum_type_code	累计类别代码	Q1402	门诊特病起付金额累计
cum_type_code	累计类别代码	Q1402SM00105	肺结核门诊治疗累计（城职）
cum_type_code	累计类别代码	Q1402SM0010501	耐多药门诊治疗累计（城职）
cum_type_code	累计类别代码	Q1402SM0010502	耐多药门诊治疗累计（城乡）
cum_type_code	累计类别代码	Q1402SM0050101	恶性肿瘤放化疗起付金累计（城职）
cum_type_code	累计类别代码	Q1402SM0050102	恶性肿瘤放化疗起付金累计（城乡）
cum_type_code	累计类别代码	Q1402SM0054001	基本医疗统筹胃肠间质瘤基金累计（城职）
cum_type_code	累计类别代码	Q1402SM0054002	基本医疗统筹胃肠间质瘤基金累计（城乡）
cum_type_code	累计类别代码	Q1402SM0110202	基本医疗基金再生贫血起付金累计（城乡）
cum_type_code	累计类别代码	Q1402SM0110402	地中海贫血病起付金累计（城乡）
cum_type_code	累计类别代码	Q1402SM0120002	血友病起付金累计（城乡）
cum_type_code	累计类别代码	Q1402SM0780001	肾功能衰竭血液透析起付金累计（城职）
cum_type_code	累计类别代码	Q1402SM0780002	肾功能衰竭血液透析起付金累计（城乡）
cum_type_code	累计类别代码	Q1403	门诊两病起付金额累计
cum_type_code	累计类别代码	Q1404	职工慢性病起付线累计(按月)
cum_type_code	累计类别代码	Q1405	居民慢性病起付线累计(按月)
cum_type_code	累计类别代码	Q1406	职工慢性病起付线累计(按年)
cum_type_code	累计类别代码	Q1407	居民慢性病起付线累计(按年)
cum_type_code	累计类别代码	Q2100	住院起付金额累计
cum_type_code	累计类别代码	Q2101	职工住院大额补助起付累计
cum_type_code	累计类别代码	Q2700	自主就医起付金额累计
cum_type_code	累计类别代码	Q2800	日间病床起付金额累计
cum_type_code	累计类别代码	Q3101	低自付住院起付线累计
cum_type_code	累计类别代码	Q3102	低自付门诊起付线累计
cum_type_code	累计类别代码	Q310301	职工大病医疗起付金额累计
cum_type_code	累计类别代码	Q3200	公务员合规费用累计
cum_type_code	累计类别代码	Q3700	企业补充起付金额累计
cum_type_code	累计类别代码	Q390201	城居大病医疗起付金额累计
cum_type_code	累计类别代码	Q610101	医疗救助起付累计
cum_type_code	累计类别代码	Q9911	特药起付金额累计
cum_type_code	累计类别代码	S0000	基本医疗费用累计
cum_type_code	累计类别代码	S0000BIZ15	门特慢合规费用
cum_type_code	累计类别代码	S0000_BIZ21_310	职工住院基本医疗申报费用累计
cum_type_code	累计类别代码	S0000_BIZ21_390	居民住院基本医疗申报费用累计
cum_type_code	累计类别代码	S1100	门诊合规费用累计
cum_type_code	累计类别代码	S1101	村卫生室普通门诊进入费用累计
cum_type_code	累计类别代码	S1102	普通门诊诊察费合规费用累计
cum_type_code	累计类别代码	S1400	门诊慢特病合规费用累计
cum_type_code	累计类别代码	S1400M01600	申报费用累计（糖尿病）
cum_type_code	累计类别代码	S1400M01601	申报费用累计（1型糖尿病）
cum_type_code	累计类别代码	S1400M03900	申报费用累计（高血压）
cum_type_code	累计类别代码	S1400M10010	申报费用累计（两病）
cum_type_code	累计类别代码	S1401	门诊慢病合规费用累计
cum_type_code	累计类别代码	S1402	门诊特病合规费用累计
cum_type_code	累计类别代码	S140201TREPOLC001	门诊特病一段进入费用累计
cum_type_code	累计类别代码	S140201TREPOLC002	门诊特病二段进入费用累计
cum_type_code	累计类别代码	S140201TREPOLC003	门诊特病三段进入费用累计
cum_type_code	累计类别代码	S1403	门诊两病合规费用累计
cum_type_code	累计类别代码	S1600	中医特色门诊费用累计
cum_type_code	累计类别代码	S2100	住院合规费用累计
cum_type_code	累计类别代码	S21001	年度合规费用内个人自付累计
cum_type_code	累计类别代码	S21002	职工二次补助合规费用累计
cum_type_code	累计类别代码	S21003	铁路企业二次补助合规费用累计
cum_type_code	累计类别代码	S2100TREPOLC001	统筹一段进入费用累计
cum_type_code	累计类别代码	S2100TREPOLC002	统筹二段进入费用累计
cum_type_code	累计类别代码	S2100TREPOLC003	统筹三段进入费用累计
cum_type_code	累计类别代码	S2700	自主就医进入费用累计
cum_type_code	累计类别代码	S2700TREPOLC001	自主就医一段进入费用累计
cum_type_code	累计类别代码	S2700TREPOLC002	自主就医二段进入费用累计
cum_type_code	累计类别代码	S2700TREPOLC003	自主就医三段进入费用累计
cum_type_code	累计类别代码	S2800	日间病床进入费用累计
cum_type_code	累计类别代码	S2800TREPOLC001	日间病床一段进入费用累计
cum_type_code	累计类别代码	S2800TREPOLC002	日间病床二段进入费用累计
cum_type_code	累计类别代码	S2800TREPOLC003	日间病床三段进入费用累计
cum_type_code	累计类别代码	S310301	职工大病医疗合规费用累计
cum_type_code	累计类别代码	S310301TREPOLPL01	职工大病医疗第一段合规费用累计
cum_type_code	累计类别代码	S310301TREPOLPL02	职工大病医疗第二段合规费用累计
cum_type_code	累计类别代码	S310301TREPOLPL03	职工大病医疗第三段合规费用累计
cum_type_code	累计类别代码	S310301TREPOLPL04	职工大病医疗第四段合规费用累计
cum_type_code	累计类别代码	S320101TREPOLGB01	公务员门诊一段合规费用累计
cum_type_code	累计类别代码	S320101TREPOLGB02	公务员门诊二段合规费用累计
cum_type_code	累计类别代码	S320101TREPOLGB03	公务员门诊三段合规费用累计
cum_type_code	累计类别代码	S320101TREPOLGB04	公务员门诊四段合规费用累计
cum_type_code	累计类别代码	S330101	大额医疗合规费用累计
cum_type_code	累计类别代码	S330101TREPOLL001	大额医疗第一段合规费用累计
cum_type_code	累计类别代码	S330101TREPOLL002	大额医疗第二段合规费用累计
cum_type_code	累计类别代码	S330101TREPOLL003	大额医疗第三段合规费用累计
cum_type_code	累计类别代码	S330101TREPOLL004	大额医疗第四段合规费用累计
cum_type_code	累计类别代码	S390201	城居大病医疗合规费用累计
cum_type_code	累计类别代码	S390201TREPOLPL01	城居大病医疗第一段合规费用累计
cum_type_code	累计类别代码	S390201TREPOLPL02	城居大病医疗第二段合规费用累计
cum_type_code	累计类别代码	S390201TREPOLPL03	城居大病医疗第三段合规费用累计
cum_type_code	累计类别代码	S5200	生育住院进入费用累计
cum_type_code	累计类别代码	S610101	医疗救助进入费用累计
cum_type_code	累计类别代码	S610101TREPOLYB01	医疗救助第一段进入费用累计
cum_type_code	累计类别代码	S610101TREPOLYB02	医疗救助第二段进入费用累计
cum_type_code	累计类别代码	S610101TREPOLYB03	医疗救助第三段进入费用累计
cum_type_code	累计类别代码	S9911	特药合规费用累计
cum_type_code	累计类别代码	S9911TREPOLC001	特药一段进入费用累计
cum_type_code	累计类别代码	S9911TREPOLC002	特药二段进入费用累计
cum_type_code	累计类别代码	S9911TREPOLC003	特药三段进入费用累计
cum_type_code	累计类别代码	SBA15003	继发性肺结核（复治）合规费用累计
cum_type_code	累计类别代码	SBA15005	继发性肺结核（单耐药）合规费用累计
cum_type_code	累计类别代码	SBA15007	继发性肺结核（多耐药）合规费用累计
cum_type_code	累计类别代码	SBA16210	单病种耐多药肺结核合规费用累计
cum_type_code	累计类别代码	SBA16211	活动性肺结核（初治）合规费用累计
cum_type_code	累计类别代码	SBA16500	结核性胸膜炎合规费用累计
cum_type_code	累计类别代码	SM000002	肾性贫血合规费用累计
cum_type_code	累计类别代码	SM000003	上皮性卵巢癌合规费用累计
cum_type_code	累计类别代码	SM000004	原发性腹膜癌合规费用累计
cum_type_code	累计类别代码	SM000013	视网膜静脉阻塞的黄斑水肿合规费用累计
cum_type_code	累计类别代码	SM00100	结核合规费用累计
cum_type_code	累计类别代码	SM00101	特药耐多药肺结核合规费用累计
cum_type_code	累计类别代码	SM00105	肺结核合规费用累计
cum_type_code	累计类别代码	SM00200	病毒性肝炎合规费用累计
cum_type_code	累计类别代码	SM00205	慢性活动性肝炎合规费用累计
cum_type_code	累计类别代码	SM00500	恶性肿瘤门诊治疗合规费用累计
cum_type_code	累计类别代码	SM00501	恶性肿瘤（放化疗）合规费用累计
cum_type_code	累计类别代码	SM00510	特药乳腺癌合规费用累计
cum_type_code	累计类别代码	SM00901	真性红细胞增多症合规费用累计
cum_type_code	累计类别代码	SM01102	再生障碍性贫血合规费用累计
cum_type_code	累计类别代码	SM01200	血友病合规费用累计
cum_type_code	累计类别代码	SM01600	糖尿病合规费用累计
cum_type_code	累计类别代码	SM01601	I型糖尿病合规费用累计
cum_type_code	累计类别代码	SM01603	糖尿病伴有并发症合规费用累计
cum_type_code	累计类别代码	SM01702	甲状腺机能亢进合规费用累计
cum_type_code	累计类别代码	SM01800	苯丙酮尿症-经典型苯丙酮尿症合规费用累计
cum_type_code	累计类别代码	SM01802	苯丙酮尿症-四氢生物蝶呤缺乏症合规费用累计
cum_type_code	累计类别代码	SM02100	重症精神症合规费用累计
cum_type_code	累计类别代码	SM02500	癫痫合规费用累计
cum_type_code	累计类别代码	SM03200	重症肌无力合规费用累计
cum_type_code	累计类别代码	SM03701	黄斑变性(康柏西普)合规费用累计
cum_type_code	累计类别代码	SM03702	黄斑变性(雷珠单抗)合规费用累计
cum_type_code	累计类别代码	SM03904	高血压并发症合规费用累计
cum_type_code	累计类别代码	SM03908	高血压Ⅱ期合规费用累计
cum_type_code	累计类别代码	SM04000	肺动脉高压合规费用累计
cum_type_code	累计类别代码	SM04100	肺源性心脏病合规费用累计
cum_type_code	累计类别代码	SM04600	冠心病合规费用累计
cum_type_code	累计类别代码	SM04803	脑血管病后遗症合规费用累计
cum_type_code	累计类别代码	SM05200	阻塞性肺气肿合规费用累计
cum_type_code	累计类别代码	SM05900	慢性胃炎合规费用累计
cum_type_code	累计类别代码	SM06200	肝硬化合规费用累计
cum_type_code	累计类别代码	SM06201	肝硬化失代偿期合规费用累计
cum_type_code	累计类别代码	SM06900	类风湿性关节炎合规费用累计
cum_type_code	累计类别代码	SM07101	系统性红斑狼疮合规费用累计
cum_type_code	累计类别代码	SM07200	强直性脊柱炎合规费用累计
cum_type_code	累计类别代码	SM07401	股骨头坏死合规费用累计
cum_type_code	累计类别代码	SM07801	透析合规费用累计
cum_type_code	累计类别代码	SM07803	终末期肾病(血液透析)合规费用累计
cum_type_code	累计类别代码	SM07804	终末期肾病(腹膜透析)合规费用累计
cum_type_code	累计类别代码	SM08209	特纳氏综合症合规费用累计
cum_type_code	累计类别代码	SM08300	器官移植抗排异治疗合规费用累计
cum_type_code	累计类别代码	SM08400	抗凝治疗合规费用累计
cum_type_code	累计类别代码	spFundPayCum	职工苯丙酮病种基金支付累计
cum_type_code	累计类别代码	SPSTBE14301	糖尿病伴有眼的并发症起付线累计
cum_type_code	累计类别代码	SPSTBJ31002	慢性鼻炎起付线累计
cum_type_code	累计类别代码	SPSTBJ34211	鼻中隔偏曲起付线累计
cum_type_code	累计类别代码	SPSTBJ34304	鼻甲肥大起付线累计
cum_type_code	累计类别代码	SPSTBJ35006	慢性扁桃体炎起付线累计
cum_type_code	累计类别代码	SPSTBJ35205	腺样体肥大起付线累计
cum_type_code	累计类别代码	SPSTBK31716	胃息肉起付线累计
cum_type_code	累计类别代码	SPSTBK62113	直肠息肉/结肠息肉起付线累计
cum_type_code	累计类别代码	SPSTBN20904	泌尿系结石起付线累计
cum_type_code	累计类别代码	SPSTBR06507	鼾症起付线累计
cum_type_code	累计类别代码	SZTDZY001	儿童急性淋巴细胞白血病-标危组合规费用累计
cum_type_code	累计类别代码	SZTDZY002	儿童急性淋巴细胞白血病-中危组合规费用累计
cum_type_code	累计类别代码	SZTDZY003	儿童急性早幼粒细胞白血病合规费用累计
cum_type_code	累计类别代码	SZTDZY004	儿童先天性房间隔缺损(手术治疗)合规费用累计
cum_type_code	累计类别代码	SZTDZY005	儿童先天性房间隔缺损(介入治疗)合规费用累计
cum_type_code	累计类别代码	SZTDZY006	儿童先天性室间隔缺损(1-14岁手术治疗)合规费用累计
cum_type_code	累计类别代码	SZTDZY007	儿童先天性室间隔缺损(1岁以下手术治疗)合规费用累计
cum_type_code	累计类别代码	SZTDZY008	儿童先天性室间隔缺损(14岁以下介入治疗)合规费用累计
cum_type_code	累计类别代码	SZTDZY009	儿童先天性动脉导管未闭（手术治疗）合规费用累计
cum_type_code	累计类别代码	SZTDZY010	儿童先天性动脉导管未闭（介入治疗）合规费用累计
cum_type_code	累计类别代码	SZTDZY011	儿童先天性肺动脉瓣狭窄（手术治疗）合规费用累计
cum_type_code	累计类别代码	SZTDZY012	儿童先天性肺动脉瓣狭窄（介入治疗）合规费用累计
cum_type_code	累计类别代码	SZTDZY013	完全型心内膜垫缺损合规费用累计
cum_type_code	累计类别代码	SZTDZY014	部分型心内膜垫缺损合规费用累计
cum_type_code	累计类别代码	SZTDZY015	主动脉缩窄合规费用累计
cum_type_code	累计类别代码	SZTDZY016	法乐氏四联症（1岁以下）合规费用累计
cum_type_code	累计类别代码	SZTDZY017	法乐氏四联症（1-14岁）合规费用累计
cum_type_code	累计类别代码	SZTDZY018	房间隔缺损合并室间隔缺损（1岁以下）合规费用累计
cum_type_code	累计类别代码	SZTDZY019	房间隔缺损合并室间隔缺损（1-14岁）合规费用累计
cum_type_code	累计类别代码	SZTDZY020	室间隔缺损合并右室流出道狭窄（1岁以下）合规费用累计
cum_type_code	累计类别代码	SZTDZY021	室间隔缺损合并右室流出道狭窄（1-14岁）合规费用累计
cum_type_code	累计类别代码	SZTDZY022	室间隔缺损合并动脉导管未闭（1岁以下）合规费用累计
cum_type_code	累计类别代码	SZTDZY023	室间隔缺损合并动脉导管未闭（1-14岁）合规费用累计
cum_type_code	累计类别代码	SZTDZY024	室间隔缺损、动脉导管未闭并肺动脉瓣狭窄（1岁以下）合规费用累计
cum_type_code	累计类别代码	SZTDZY025	室间隔缺损、动脉导管未闭并肺动脉瓣狭窄（1-14岁）合规费用累计
cum_type_code	累计类别代码	SZTDZY026	房、室间隔缺损合并动脉导管未闭（1岁以下）合规费用累计
cum_type_code	累计类别代码	SZTDZY027	房、室间隔缺损合并动脉导管未闭（1-14岁）合规费用累计
cum_type_code	累计类别代码	SZTDZY028	唇裂合规费用累计
cum_type_code	累计类别代码	SZTDZY029	腭裂合规费用累计
cum_type_code	累计类别代码	SZTDZY030	乳腺癌合规费用累计
cum_type_code	累计类别代码	SZTDZY031	宫颈癌合规费用累计
cum_type_code	累计类别代码	SZTDZY032	肺癌合规费用累计
cum_type_code	累计类别代码	SZTDZY033	食管癌合规费用累计
cum_type_code	累计类别代码	SZTDZY034	胃癌合规费用累计
cum_type_code	累计类别代码	SZTDZY035	结肠癌合规费用累计
cum_type_code	累计类别代码	SZTDZY036	直肠癌合规费用累计
cum_type_code	累计类别代码	SZTDZY037	急性心肌梗塞（冠状动脉溶栓治疗）合规费用累计
cum_type_code	累计类别代码	SZTDZY038	急性心肌梗塞（冠状动脉介入治疗（1个冠脉支架））合规费用累计
cum_type_code	累计类别代码	SZTDZY039	急性心肌梗塞（冠状动脉介入治疗（2个冠脉支架））合规费用累计
cum_type_code	累计类别代码	SZTDZY040	急性心肌梗塞（冠状动脉介入治疗（3个及以上冠脉支架））合规费用累计
cum_type_code	累计类别代码	SZTDZY041	慢性粒细胞性白血病（造血干细胞移植（亲缘相合））合规费用累计
cum_type_code	累计类别代码	SZTDZY042	慢性粒细胞性白血病（造血干细胞移植（非亲缘、亲缘不合））合规费用累计
cum_type_code	累计类别代码	SZTDZY044	重特大住院耐多药肺结核合规费用累计
cum_type_code	累计类别代码	SZTDZY046	尿道下裂（阴茎直伸术和尿道下裂尿道成形术）合规费用累计
cum_type_code	累计类别代码	SZTDZY047	尿道下裂（尿瘘修补术/尿道狭窄切开术）合规费用累计
cum_type_code	累计类别代码	SZTDZY048	先天性幽门肥厚性狭窄合规费用累计
cum_type_code	累计类别代码	SZTDZY049	发育性髋脱位合规费用累计
cum_type_code	累计类别代码	SZTDZY050	脊髓栓系综合征/脊髓脊膜膨出合规费用累计
cum_type_code	累计类别代码	T0000	特殊项目使用次数累计
cum_type_code	累计类别代码	T0001	地塞米松使用支数累计
cum_type_code	累计类别代码	T0002	康柏西普阿柏西普雷珠单抗使用支数累计
cum_type_code	累计类别代码	TQ310301	大病起付线年度累计
cum_type_code	累计类别代码	TQ310301_TRE210	普通职工大病起付线累计
cum_type_code	累计类别代码	TQ320101	公务员补助起付线
cum_type_code	累计类别代码	TQ320101BIZ1301	急诊抢救公务员医疗补助起付线
cum_type_code	累计类别代码	TQ320101BIZ14	门特慢公务员医疗补助起付线
cum_type_code	累计类别代码	TQ320101BIZ2101	普通住院公务员医疗补助起付线
cum_type_code	累计类别代码	TQ320101BIZ2102	单病种公务员医疗补助起付线
cum_type_code	累计类别代码	TQ320101BIZ2103	精神病住院公务员医疗补助起付线
cum_type_code	累计类别代码	TQ320101BIZ2104	日间病床公务员医疗补助起付线
cum_type_code	累计类别代码	TQ320101BIZ2105	异地就医公务员医疗补助起付线
cum_type_code	累计类别代码	TQ320101BIZ23	转外诊治住院公务员医疗补助起付线
cum_type_code	累计类别代码	TQ320101BIZ5201	生育定额住院公务员医疗补助起付线
cum_type_code	累计类别代码	TQ320101BIZ5202	生育普通住院公务员医疗补助起付线
cum_type_code	累计类别代码	TQ320101BIZ5203	生育保胎公务员医疗补助起付线
cum_type_code	累计类别代码	TQ320101_BIZ14	公务员补助（门特）起付线累计
cum_type_code	累计类别代码	TQ320101_BIZ2101	公务员补助（住院）起付线累计
cum_type_code	累计类别代码	TQ320101_BIZ2102	公务员补助（单病种住院）起付线累计
cum_type_code	累计类别代码	TQ320101_BIZ2103	公务员补助（精神病住院）起付线累计
cum_type_code	累计类别代码	TQ320101_BIZ2104	公务员补助（日间病床）起付线累计
cum_type_code	累计类别代码	TQ320101_BIZ71	公务员补助（家庭病床）起付线累计
cum_type_code	累计类别代码	TQ320101_TRE210	公务员大病起付线累计
cum_type_code	累计类别代码	TQ330101	职工大额医疗段起付线费用累计
cum_type_code	累计类别代码	TQ330102	职工大额起付线
cum_type_code	累计类别代码	TQ390201	特殊补助起付线-城乡居民大病医疗保险基金
cum_type_code	累计类别代码	TQ390202	大病起付线累计
cum_type_code	累计类别代码	TQ390203	居民大病起付线
cum_type_code	累计类别代码	TQ390301	大病补充保险基金年度累计起付线
cum_type_code	累计类别代码	TQ610101BIZ1101	普通门诊医疗救助起付线
cum_type_code	累计类别代码	TQ610101BIZ1102	门诊两病医疗救助起付线
cum_type_code	累计类别代码	TQ610101BIZ1103	癌症筛查医疗救助起付线
cum_type_code	累计类别代码	TQ610101BIZ12	门诊挂号医疗救助起付线
cum_type_code	累计类别代码	TQ610101BIZ1301	急诊抢救医疗救助起付线
cum_type_code	累计类别代码	TQ610101BIZ14	门特慢医疗救助起付线
cum_type_code	累计类别代码	TQ610101BIZ2101	普通住院医疗救助起付线
cum_type_code	累计类别代码	TQ610101BIZ2102	单病种医疗救助起付线
cum_type_code	累计类别代码	TQ610101BIZ2103	精神病住院医疗救助起付线
cum_type_code	累计类别代码	TQ610101BIZ2104	日间病床医疗救助起付线
cum_type_code	累计类别代码	TQ610101BIZ2105	异地就医医疗救助起付线
cum_type_code	累计类别代码	TQ610101BIZ23	转外诊治住院医疗救助起付线
cum_type_code	累计类别代码	TQ610101BIZ5101	产前检查医疗救助起付线
cum_type_code	累计类别代码	TQ610101BIZ5201	生育定额住院医疗救助起付线
cum_type_code	累计类别代码	TQ610101BIZ5202	生育普通住院医疗救助起付线
cum_type_code	累计类别代码	TQ610101BIZ5203	生育保胎医疗救助起付线
cum_type_code	累计类别代码	TQ610101BIZ53	计划生育手术医疗救助起付线
cum_type_code	累计类别代码	TQ610101_BIZ14	门特医疗救助起付线累计
cum_type_code	累计类别代码	TQ610101_BIZ2101	住院医疗救助起付线累计
cum_type_code	累计类别代码	TQ610101_BIZ2102	单病种住院医疗救助起付线累计
cum_type_code	累计类别代码	TQ610101_BIZ2103	精神病住院医疗救助起付线累计
cum_type_code	累计类别代码	TQ610101_BIZ2104	日间病床医疗救助起付线累计
cum_type_code	累计类别代码	TQ620101	商业补充医疗保险起付线
cum_type_code	累计类别代码	TS310101	特殊补助合规费用（职工基本医疗住院年度费用累计）
cum_type_code	累计类别代码	TS310301	职工补充大病费用累计
cum_type_code	累计类别代码	TS320101BIZ1301	急诊抢救公务员医疗补助合规费用
cum_type_code	累计类别代码	TS320101BIZ14	门特慢公务员医疗补助合规费用
cum_type_code	累计类别代码	TS320101BIZ2101	普通住院公务员医疗补助合规费用
cum_type_code	累计类别代码	TS320101BIZ2102	单病种公务员医疗补助合规费用
cum_type_code	累计类别代码	TS320101BIZ2103	精神病住院公务员医疗补助合规费用
cum_type_code	累计类别代码	TS320101BIZ2104	日间病床公务员医疗补助合规费用
cum_type_code	累计类别代码	TS320101BIZ2105	异地就医公务员医疗补助合规费用
cum_type_code	累计类别代码	TS320101BIZ23	转外诊治住院公务员医疗补助合规费用
cum_type_code	累计类别代码	TS320101BIZ5201	生育定额住院公务员医疗补助合规费用
cum_type_code	累计类别代码	TS320101BIZ5202	生育普通住院公务员医疗补助合规费用
cum_type_code	累计类别代码	TS320101BIZ5203	生育保胎公务员医疗补助合规费用
cum_type_code	累计类别代码	TS320101_BIZ14	公务员补助（门特）合规费用累计
cum_type_code	累计类别代码	TS320101_BIZ2101	公务员补助（住院）合规费用累计
cum_type_code	累计类别代码	TS320101_BIZ2102	公务员补助（单病种住院）合规费用累计
cum_type_code	累计类别代码	TS320101_BIZ2103	公务员补助（精神病住院）合规费用累计
cum_type_code	累计类别代码	TS320101_BIZ2104	公务员补助（日间病床）合规费用累计
cum_type_code	累计类别代码	TS330101	大额分段合规费用
cum_type_code	累计类别代码	TS330101POLL001	职工超基本统筹封顶大额段合规费用
cum_type_code	累计类别代码	TS330101POLPL01	职工大额一段合规费用
cum_type_code	累计类别代码	TS330101POLPL02	职工大额二段合规费用
cum_type_code	累计类别代码	TS330101POLPL03	职工大额三段合规费用
cum_type_code	累计类别代码	TS330101POLPL04	职工大额四段合规费用
cum_type_code	累计类别代码	TS330101POLPL05	职工大额五段合规费用
cum_type_code	累计类别代码	TS330201	特殊补助合规费用（职工基本医疗住院年度费用累计_意外伤害）
cum_type_code	累计类别代码	TS370101	特殊补助合规费用（职工补充医疗年度费用累计）
cum_type_code	累计类别代码	TS390201	居民大病合规费用
cum_type_code	累计类别代码	TS390201POLPL01	居民大病一段合规费用
cum_type_code	累计类别代码	TS390201POLPL02	居民大病二段合规费用
cum_type_code	累计类别代码	TS390201POLPL03	居民大病三段合规费用
cum_type_code	累计类别代码	TS390201POLPL04	居民大病四段合规费用
cum_type_code	累计类别代码	TS390201POLPL05	居民大病五段合规费用
cum_type_code	累计类别代码	TS390201POLPL06	居民大病六段合规费用
cum_type_code	累计类别代码	TS390201POLPL07	居民大病七段合规费用
cum_type_code	累计类别代码	TS390301	大病补充保险基金年度合规费用累计
cum_type_code	累计类别代码	TS610101	医疗救助合规费用累计
cum_type_code	累计类别代码	TS610101BIZ1102	门诊两病医疗救助合规费用
cum_type_code	累计类别代码	TS610101BIZ12	门诊挂号医疗救助合规费用
cum_type_code	累计类别代码	TS610101BIZ1301	急诊抢救医疗救助合规费用
cum_type_code	累计类别代码	TS610101BIZ14	门特慢医疗救助合规费用
cum_type_code	累计类别代码	TS610101BIZ2101	普通住院医疗救助合规费用
cum_type_code	累计类别代码	TS610101BIZ2102	单病种医疗救助合规费用
cum_type_code	累计类别代码	TS610101BIZ2103	精神病住院医疗救助合规费用
cum_type_code	累计类别代码	TS610101BIZ2104	日间病床医疗救助合规费用
cum_type_code	累计类别代码	TS610101BIZ2105	异地就医医疗救助合规费用
cum_type_code	累计类别代码	TS610101BIZ23	转外诊治住院医疗救助合规费用
cum_type_code	累计类别代码	TS610101BIZ5101	产前检查医疗救助合规费用
cum_type_code	累计类别代码	TS610101BIZ5201	生育定额住院医疗救助合规费用
cum_type_code	累计类别代码	TS610101BIZ5202	生育普通住院医疗救助合规费用
cum_type_code	累计类别代码	TS610101BIZ5203	生育保胎医疗救助合规费用
cum_type_code	累计类别代码	TS610101BIZ53	计划生育手术医疗救助合规费用
cum_type_code	累计类别代码	TS610101POLYB01	医疗救助一段合规费用
cum_type_code	累计类别代码	TS610101POLYB02	医疗救助二段合规费用
cum_type_code	累计类别代码	TS610101TRE110101	普通门诊医疗救助合规费用
cum_type_code	累计类别代码	TS610101TRE110201	门诊两病（高血压）医疗救助合规费用
cum_type_code	累计类别代码	TS610101TRE110202	门诊两病（糖尿病）医疗救助合规费用
cum_type_code	累计类别代码	TS610101TRE110203	门诊两病（高血压、糖尿病）医疗救助合规费用
cum_type_code	累计类别代码	TS610101TRE110301	癌症筛查医疗救助合规费用
cum_type_code	累计类别代码	TS610101_BIZ1301	急诊抢救医疗救助合规费用累计
cum_type_code	累计类别代码	TS610101_BIZ14	门特医疗救助合规费用累计
cum_type_code	累计类别代码	TS610101_BIZ2101	住院医疗救助合规费用累计
cum_type_code	累计类别代码	TS610101_BIZ2102	单病种住院医疗救助合规费用累计
cum_type_code	累计类别代码	TS610101_BIZ2103	精神病住院医疗救助合规费用累计
cum_type_code	累计类别代码	TS610101_BIZ2104	日间病床医疗救助合规费用累计
cum_type_code	累计类别代码	TS610101_BIZ5202	居民生育住院医疗救助合规费用累计
cum_type_code	累计类别代码	TS610101_TRE110101	普通门诊医疗救助合规费用累计
cum_type_code	累计类别代码	TS610102	医疗救助再救助合规累计
cum_type_code	累计类别代码	TS610103	医疗救助重特大疾病费用累计
cum_type_code	累计类别代码	TS620101	商业补充医疗保险合规费用
cum_type_code	累计类别代码	TS620101POLTH01	商保一段合规费用
cum_type_code	累计类别代码	TS620101POLTH02	商保二段合规费用
cum_type_code	累计类别代码	TS620101POLTH03	商保三段合规费用
cum_type_code	累计类别代码	TS620101POLTH04	商保四段合规费用
cum_type_code	累计类别代码	TS620101POLTH05	商保五段合规费用
cum_type_code	累计类别代码	TS620101POLTH06	商保六段合规费用
cum_type_code	累计类别代码	TS620101POLTH07	商保七段合规费用
cum_type_code	累计类别代码	TS9101	建国前老党员补充保障费用累计
cum_type_code	累计类别代码	TS9102	特优群体补充保障费用累计
cum_type_code	累计类别代码	TS9201	特药购药费用补充累计
cum_type_code	累计类别代码	TS9202	罕见病费用累计
cum_type_code	累计类别代码	TS999704	意外伤害进入费用累计
cum_type_code	累计类别代码	Z0000	个人负担累计
cum_type_code	累计类别代码	Z0000_TRE110_390	居民门诊医疗救助起付线年度累计
cum_type_code	累计类别代码	Z0000_TRE210_390	居民住院医疗救助起付线年度累计
cum_type_code	累计类别代码	Z9999	其他累计类别代码
cum_type_code	累计类别代码	Z9999001	三级医院住院次数累计
cum_type_code	累计类别代码	Z9999002	二级医院住院次数累计
cum_type_code	累计类别代码	Z9999003	一级医院住院次数累计
cum_type_code	累计类别代码	Z9999004	一级以下住院次数累计
cum_type_code	累计类别代码	Z9999005	乡（镇）卫生院
cum_type_code	累计类别代码	Z9999006	村卫生室住院次数累计
cum_type_code	累计类别代码	Z9999007	起付线累计
cum_type_code	累计类别代码	Z9999008	三级医院住院起付线累计
cum_type_code	累计类别代码	Z9999009	二级医院住院起付线累计
cum_type_code	累计类别代码	Z999901	住院次数累计
cum_type_code	累计类别代码	Z9999010	一级医院住院起付线累计
cum_type_code	累计类别代码	Z9999011	乡（镇）卫生院起付线累计
cum_type_code	累计类别代码	Z9999012	职工统筹基金符合范围累计
cum_type_code	累计类别代码	Z9999013	大额符合范围金额累计
cum_type_code	累计类别代码	Z9999014	城乡居民基本医疗保险基金符合范围累计
cum_type_code	累计类别代码	Z9999015	职工共付慢性病符合范围金额累计
cum_type_code	累计类别代码	Z9999016	职工门诊透析符合范围累计
cum_type_code	累计类别代码	Z9999017	居民一类慢病累计
cum_type_code	累计类别代码	Z9999018	居民二类慢病累计
cum_type_code	累计类别代码	Z99990181	城居三类门诊慢特病累计
cum_type_code	累计类别代码	Z9999019	居民门诊透析符合范围累计
cum_type_code	累计类别代码	Z999902	统筹基金年度累计
cum_type_code	累计类别代码	Z9999020	三级医院住院首次起付累计
cum_type_code	累计类别代码	Z9999021	二级医院住院首次起付累计
cum_type_code	累计类别代码	Z9999022	一级医院住院首次起付累计
cum_type_code	累计类别代码	Z9999023	乡（镇）卫生院住院首次起付累计
cum_type_code	累计类别代码	Z9999024	公务员年度首次起付线补助累计
cum_type_code	累计类别代码	Z9999025	大额基金支付金额累计
cum_type_code	累计类别代码	Z9999026	职工大病保险补充合规医疗费累计
cum_type_code	累计类别代码	Z9999027	大病起付线累计
cum_type_code	累计类别代码	Z9999028	职工大病医疗保险累计
cum_type_code	累计类别代码	Z9999029	公务员起付线累计
cum_type_code	累计类别代码	Z999903	门诊统筹金支付累计
cum_type_code	累计类别代码	Z9999030	职工基本医疗统筹基金支付累计
cum_type_code	累计类别代码	Z9999031	居民基本医疗统筹基金支付累计
cum_type_code	累计类别代码	Z9999032	居民门诊统筹金额累计
cum_type_code	累计类别代码	Z9999033	职工门诊统筹金额累计
cum_type_code	累计类别代码	Z9999034	回沪人员基本医疗累计
cum_type_code	累计类别代码	Z9999035	医疗救助-普通住院(累计类别)
cum_type_code	累计类别代码	Z9999036	医疗救助-重大疾病住院(累计类别)
cum_type_code	累计类别代码	Z9999037	医疗救助-普通门诊(累计类别)
cum_type_code	累计类别代码	Z9999038	医疗救助-普通门诊重大疾病(累计类别)
cum_type_code	累计类别代码	Z9999039	医疗救助-低收入与因病致贫累计（起付线）
cum_type_code	累计类别代码	Z999904	高额补充基金年度累计
cum_type_code	累计类别代码	Z9999040	医疗救助-（低收入、因病致贫人）普通住院大病共同累计
cum_type_code	累计类别代码	Z9999041	医疗救助-补充累计
cum_type_code	累计类别代码	Z9999042	医疗救助-（低收入、因病致贫人员，门诊大病住院大病共同累计
cum_type_code	累计类别代码	Z9999043	城乡居民意外伤害住院累计
cum_type_code	累计类别代码	Z9999044	居民生育住院累计
cum_type_code	累计类别代码	Z9999045	城乡居民低保重大疾病累计
cum_type_code	累计类别代码	Z9999046	城乡居民建档立卡重大疾病累计
cum_type_code	累计类别代码	Z9999047	城乡居民医疗救助住院累计
cum_type_code	累计类别代码	Z9999048	城乡居民重大疾病累计
cum_type_code	累计类别代码	Z9999049	药店购药累计
cum_type_code	累计类别代码	Z999905	民政救助基金年度累计
cum_type_code	累计类别代码	Z9999050	门诊企补累计
cum_type_code	累计类别代码	Z9999051	慢性病门诊企补累计
cum_type_code	累计类别代码	Z9999052	住院企补累计
cum_type_code	累计类别代码	Z9999053	大病多病人员企补累计
cum_type_code	累计类别代码	Z9999054	七至十级优抚基金累计
cum_type_code	累计类别代码	Z9999055	糖尿病门诊累计
cum_type_code	累计类别代码	Z9999056	高血压门诊累计
cum_type_code	累计类别代码	Z9999057	苯丙酮尿症门诊累计
cum_type_code	累计类别代码	Z9999058	离休周转金累计
cum_type_code	累计类别代码	Z9999059	居民门慢统筹累计
cum_type_code	累计类别代码	Z999906	民政救助支付累计(门诊)
cum_type_code	累计类别代码	Z9999060	居民大病统筹累计
cum_type_code	累计类别代码	Z9999061	居民门诊两病统计
cum_type_code	累计类别代码	Z9999062	工会统筹次数累计
cum_type_code	累计类别代码	Z9999063	工会大额次数累计
cum_type_code	累计类别代码	Z9999064	非限额类慢病企补累计
cum_type_code	累计类别代码	Z9999065	企补特殊门诊起付线累计
cum_type_code	累计类别代码	Z9999066	企补特殊门诊医疗费累计
cum_type_code	累计类别代码	Z9999067	企补特殊门诊基金累计
cum_type_code	累计类别代码	Z9999068	外埠三级医院住院业务次数累计
cum_type_code	累计类别代码	Z9999069	职工非限额慢病累计
cum_type_code	累计类别代码	Z999907	民政救助支付累计(住院)
cum_type_code	累计类别代码	Z9999070	统筹起付线累计
cum_type_code	累计类别代码	Z999908	公务员补助基金累计
cum_type_code	累计类别代码	Z999909	医疗救助第一段基金
cum_type_code	累计类别代码	Z999910	二次医疗救助
cum_type_code	累计类别代码	Z9999108	特惠保基金累计
cum_type_code	累计类别代码	Z9999109	一次意外多次住院累计
cum_type_code	累计类别代码	Z999911	医疗再救助基金累计
cum_type_code	累计类别代码	Z9999119	财政兜底最高起付标准
cum_type_code	累计类别代码	Z999912	居民月基本统筹基金累计
cum_type_code	累计类别代码	Z9999129	居民门诊统筹统起付金额累计
cum_type_code	累计类别代码	Z999913	居民门诊日统筹基金累计
cum_type_code	累计类别代码	Z9999139	居民门诊统筹统筹基金支付累计
cum_type_code	累计类别代码	Z999914	大额门诊统筹基金支付累计
cum_type_code	累计类别代码	Z9999149	城乡居民重大疾病特殊门诊累计
cum_type_code	累计类别代码	Z999915	罕见病统筹基金支付累计
cum_type_code	累计类别代码	Z999916	公务员困难补助起付金额累计
cum_type_code	累计类别代码	Z999917	药店公务员困难补助累计
cum_type_code	累计类别代码	Z999918	门诊慢病大额医疗补助基金支付
cum_type_code	累计类别代码	Z999919	进入民政救助费用累计
cum_type_code	累计类别代码	Z999920	进入优抚对象医疗补助累计
cum_type_code	累计类别代码	Z999921	优抚对象医疗补助基金支付累计
cum_type_code	累计类别代码	Z999963	职工大病合规费用累计
cum_type_code	累计类别代码	Z999964	肾透析次数
cum_type_code	累计类别代码	Z999965	大病合规费用累计(非定点)
cum_type_code	累计类别代码	Z999967	职工大额补充医疗申报费累计
cum_type_code	累计类别代码	Z999973	职工医疗保险二次补偿申报费累计
cum_type_code	累计类别代码	Z999974	居民大病合规费用累计
cum_type_code	累计类别代码	Z999976	一般医疗救助基金支付累计
cum_type_code	累计类别代码	Z999981	门慢起付标准累计
cum_type_code	累计类别代码	Z999985	补充医疗合规费用累计
cum_type_code	累计类别代码	Z999987	特惠保合规费用累计
cum_type_code	累计类别代码	Z999988	医疗再救助合规费用累计
cum_type_code	累计类别代码	Z999989	职工大病补助基金累计
cum_type_code	累计类别代码	Z999991	基本统筹合规费用累计
cum_type_code	累计类别代码	Z999992	门慢统筹基金累计
cum_type_code	累计类别代码	Z999993	公务员二次报销起付线累计
cum_type_code	累计类别代码	Z999994	两病门诊年度累计
cum_type_code	累计类别代码	Z999995	居民特殊情况门诊年度累计
cum_type_code	累计类别代码	Z999996	城居基本医疗大病基金累计
cum_type_code	累计类别代码	Z999997	居民进入大病累计
cum_type_code	累计类别代码	Z999998	351财政兜底起付标准自付累计
cum_type_code	累计类别代码	Z999999	医疗救助起付标准自付累计
cum_type_code	累计类别代码	S0000_310	职工医保费用累计
cum_type_code	累计类别代码	D3101020	职工基本医疗统筹段个人自付累计
cum_type_code	累计类别代码	S0000_BIZ11_310	职工普通门诊统筹医保费用累计
cum_type_code	累计类别代码	D310101_BIZ11_310	职工普通门诊统筹基金累计
cum_type_code	累计类别代码	Q0000_BIZ11_310	职工普通门诊起付标准累计
cum_type_code	累计类别代码	S0000_BIZ11_DL_310	职工单列门诊统筹医保费用累计
cum_type_code	累计类别代码	S0000_BIZ11_DL1_310	职工普通门诊单列医保个人费用累计
cum_type_code	累计类别代码	S0000_BIZ11_DL2_310	职工普通门诊单列非医保费用累计
cum_type_code	累计类别代码	Q0000_BIZ14_310	职工门诊慢特病起付标准累计
cum_type_code	累计类别代码	TS330101_310	职工大额补助费用累计
cum_type_code	累计类别代码	D330101_310	职工大额补助基金累计
cum_type_code	累计类别代码	D320101_SEC	公务员二次补助基金累计
cum_type_code	累计类别代码	D99999722_01	保健财政补助基金累计
cum_type_code	累计类别代码	S0000_390	居民医保费用累计
cum_type_code	累计类别代码	D330101_390	居民大额补助基金累计
cum_type_code	累计类别代码	TS330101_390	居民大额保险费用累计
cum_type_code	累计类别代码	S0000_BIZ11_390	居民普通门诊统筹医保费用累计
cum_type_code	累计类别代码	S0000_BIZ11_DL_390	居民单列门诊统筹医保费用累计
cum_type_code	累计类别代码	S0000_BIZ11_DL1_390	居民普通门诊单列医保个人费用累计
cum_type_code	累计类别代码	S0000_BIZ11_DL2_390	居民普通门诊单列非医保费用累计
cum_type_code	累计类别代码	D390101_BIZZ11_YBZL	居民一般诊疗统筹基金累计
cum_type_code	累计类别代码	Q0000_BIZ14_390	居民门诊慢特病起付标准累计
cum_type_code	累计类别代码	D99999723_01	省级第一道精准扶贫基金累计
cum_type_code	累计类别代码	D99999724_01	省级第二道精准扶贫基金补助医保费用累计
cum_type_code	累计类别代码	D99999724_02	省级第二道精准扶贫基金补助非医保费用累计
cum_type_code	累计类别代码	D99999725_01	市级精准扶贫基金补助医保费用累计
cum_type_code	累计类别代码	D99999725_02	市级精准扶贫基金补助非医保费用累计
cum_type_code	累计类别代码	D99999725_03	市级精准扶贫基金补助门诊费用累计
cum_type_code	累计类别代码	D99999755_01	市级精准扶贫基金补助重特大疾病医保费用累计
cum_type_code	累计类别代码	D99999755_02	市级精准扶贫基金补助重特大疾病非医保费用累计
cum_type_code	累计类别代码	D99999727_01	出生缺陷基金补助累计
cum_type_code	累计类别代码	D99999727_02	出生缺陷检查费用累计
cum_type_code	累计类别代码	D99999762_01	强制精神病住院补助基金累计
cum_type_code	累计类别代码	D99999763_01	民政一次性补助基金累计
cum_type_code	累计类别代码	D99999764_01	无创DNA检查补助基金累计
cum_type_code	累计类别代码	D310201	个人账户支付累计
cum_type_code	累计类别代码	l_S0000_390_BIZ14_M00804	居民非医保费用累计_门诊慢特病_慢性髓细胞白血病
cum_type_code	累计类别代码	S0000_310_BIZ14_M00100	职工医保费用累计_门诊慢特病_结核
cum_type_code	累计类别代码	S0000_310_BIZ14_M00200	职工医保费用累计_门诊慢特病_病毒性肝炎
cum_type_code	累计类别代码	S0000_310_BIZ14_M00500	职工医保费用累计_门诊慢特病_恶性肿瘤门诊治疗
cum_type_code	累计类别代码	S0000_310_BIZ14_M00804	职工医保费用累计_门诊慢特病_慢性髓细胞性白血病
cum_type_code	累计类别代码	S0000_310_BIZ14_M01100	职工医保费用累计_门诊慢特病_贫血
cum_type_code	累计类别代码	S0000_310_BIZ14_M01102	职工医保费用累计_门诊慢特病_再生障碍性贫血
cum_type_code	累计类别代码	S0000_310_BIZ14_M01200	职工医保费用累计_门诊慢特病_血友病
cum_type_code	累计类别代码	S0000_310_BIZ14_M01600	职工医保费用累计_门诊慢特病_糖尿病
cum_type_code	累计类别代码	S0000_310_BIZ14_M01702	职工医保费用累计_门诊慢特病_甲状腺功能亢进症
cum_type_code	累计类别代码	S0000_310_BIZ14_M01800	职工医保费用累计_门诊慢特病_苯丙酮尿症
cum_type_code	累计类别代码	S0000_310_BIZ14_M02100	职工医保费用累计_门诊慢特病_重症精神症
cum_type_code	累计类别代码	S0000_310_BIZ14_M02300	职工医保费用累计_门诊慢特病_帕金森病
cum_type_code	累计类别代码	S0000_310_BIZ14_M02500	职工医保费用累计_门诊慢特病_癫痫
cum_type_code	累计类别代码	S0000_310_BIZ14_M02601	职工医保费用累计_门诊慢特病_脑瘫
cum_type_code	累计类别代码	S0000_310_BIZ14_M03200	职工医保费用累计_门诊慢特病_重症肌无力
cum_type_code	累计类别代码	S0000_310_BIZ14_M03500	职工医保费用累计_门诊慢特病_白内障
cum_type_code	累计类别代码	S0000_310_BIZ14_M03900	职工医保费用累计_门诊慢特病_高血压
cum_type_code	累计类别代码	S0000_310_BIZ14_M04301	职工医保费用累计_门诊慢特病_慢性心力衰竭
cum_type_code	累计类别代码	S0000_310_BIZ14_M04600	职工医保费用累计_门诊慢特病_冠心病
cum_type_code	累计类别代码	S0000_310_BIZ14_M04803	职工医保费用累计_门诊慢特病_脑血管病后遗症
cum_type_code	累计类别代码	S0000_310_BIZ14_M05300	职工医保费用累计_门诊慢特病_慢性阻塞性肺疾病
cum_type_code	累计类别代码	S0000_310_BIZ14_M05400	职工医保费用累计_门诊慢特病_支气管哮喘
cum_type_code	累计类别代码	S0000_310_BIZ14_M06200	职工医保费用累计_门诊慢特病_肝硬化
cum_type_code	累计类别代码	S0000_310_BIZ14_M06900	职工医保费用累计_门诊慢特病_类风湿性关节炎
cum_type_code	累计类别代码	S0000_310_BIZ14_M07101	职工医保费用累计_门诊慢特病_系统性红斑狼疮
cum_type_code	累计类别代码	S0000_310_BIZ14_M07200	职工医保费用累计_门诊慢特病_强直性脊柱炎
cum_type_code	累计类别代码	S0000_310_BIZ14_M07600	职工医保费用累计_门诊慢特病_慢性肾炎
cum_type_code	累计类别代码	S0000_310_BIZ14_M07801	职工医保费用累计_门诊慢特病_透析
cum_type_code	累计类别代码	S0000_310_BIZ14_M07803	职工医保费用累计_门诊慢特病_血液透析
cum_type_code	累计类别代码	S0000_310_BIZ14_M08200	职工医保费用累计_门诊慢特病_先天性疾病
cum_type_code	累计类别代码	S0000_310_BIZ14_M08300	职工医保费用累计_门诊慢特病_器官移植抗排异治疗
cum_type_code	累计类别代码	S0000_310_BIZ14_M08500	职工医保费用累计_门诊慢特病_儿童听力障碍
cum_type_code	累计类别代码	S0000_310_BIZ14_M12100	职工医保费用累计_门诊慢特病_新冠肺炎康复治疗
cum_type_code	累计类别代码	S0000_310_BIZ14_M12900	职工医保费用累计_门诊慢特病_危重症抢救
cum_type_code	累计类别代码	S0000_310_BIZ14_M01602	职工医保费用累计_门诊慢特病_2型糖尿病
cum_type_code	累计类别代码	S0000_310_BIZ14_M01701	职工医保费用累计_门诊慢特病_甲状腺功能减退症
cum_type_code	累计类别代码	S0000_310_BIZ14_M05200	职工医保费用累计_门诊慢特病_阻塞性肺气肿
cum_type_code	累计类别代码	S0000_310_BIZ14_M06201	职工医保费用累计_门诊慢特病_肝硬化失代偿期
cum_type_code	累计类别代码	S0000_310_BIZ14_M08201	职工医保费用累计_门诊慢特病_心腔和心连接的先天性畸形
cum_type_code	累计类别代码	S0000_310_BIZ14_M08301	职工医保费用累计_门诊慢特病_肾移植抗排异治疗
cum_type_code	累计类别代码	S0000_310_BIZ14_M08302	职工医保费用累计_门诊慢特病_骨髓移植抗排异治疗
cum_type_code	累计类别代码	S0000_310_BIZ14_M08303	职工医保费用累计_门诊慢特病_心移植抗排异治疗
cum_type_code	累计类别代码	S0000_310_BIZ14_M08304	职工医保费用累计_门诊慢特病_肝移植抗排异治疗
cum_type_code	累计类别代码	S0000_310_BIZ14_M08305	职工医保费用累计_门诊慢特病_肺移植抗排异治疗
cum_type_code	累计类别代码	S0000_310_BIZ14_M08306	职工医保费用累计_门诊慢特病_肝肾移植抗排异治疗
cum_type_code	累计类别代码	S0000_310_BIZ14_M08403	职工医保费用累计_门诊慢特病_血管支架植入术后状态
cum_type_code	累计类别代码	S0000_310_BIZ14_M08404	职工医保费用累计_门诊慢特病_具有假体心脏瓣膜
cum_type_code	累计类别代码	S0000_310_BIZ14_M12511	职工医保费用累计_门诊慢特病_听力障碍的康复治疗
cum_type_code	累计类别代码	S0000_310_BIZ14_M02207	职工医保费用累计_门诊慢特病_儿童孤独症
cum_type_code	累计类别代码	S0000_310_BIZ14_M02209	职工医保费用累计_门诊慢特病_焦虑症
cum_type_code	累计类别代码	S0000_310_BIZ14_M02400	职工医保费用累计_门诊慢特病_阿尔茨海默病
cum_type_code	累计类别代码	S0000_310_BIZ14_M04300	职工医保费用累计_门诊慢特病_心功能不全
cum_type_code	累计类别代码	S0000_310_BIZ14_M05800	职工医保费用累计_门诊慢特病_消化性溃疡
cum_type_code	累计类别代码	S0000_310_BIZ14_M11801	职工医保费用累计_门诊慢特病_特应性皮炎
cum_type_code	累计类别代码	S0000_310_BIZ14_M12500	职工医保费用累计_门诊慢特病_康复治疗
cum_type_code	累计类别代码	S0000_310_BIZ14_M12510	职工医保费用累计_门诊慢特病_残疾的康复治疗
cum_type_code	累计类别代码	S0000_310_BIZ14_M12513	职工医保费用累计_门诊慢特病_智力康复
cum_type_code	累计类别代码	S0000_310_BIZ14_M90400	职工医保费用累计_门诊慢特病_意外伤害
cum_type_code	累计类别代码	S0000_390_BIZ14_M00100	居民医保费用累计_门诊慢特病_结核
cum_type_code	累计类别代码	S0000_390_BIZ14_M00200	居民医保费用累计_门诊慢特病_病毒性肝炎
cum_type_code	累计类别代码	S0000_390_BIZ14_M00500	居民医保费用累计_门诊慢特病_恶性肿瘤门诊治疗
cum_type_code	累计类别代码	S0000_390_BIZ14_M00804	居民医保费用累计_门诊慢特病_慢性髓细胞性白血病
cum_type_code	累计类别代码	S0000_390_BIZ14_M01100	居民医保费用累计_门诊慢特病_贫血
cum_type_code	累计类别代码	S0000_390_BIZ14_M01102	居民医保费用累计_门诊慢特病_再生障碍性贫血
cum_type_code	累计类别代码	S0000_390_BIZ14_M01200	居民医保费用累计_门诊慢特病_血友病
cum_type_code	累计类别代码	S0000_390_BIZ14_M01600	居民医保费用累计_门诊慢特病_糖尿病
cum_type_code	累计类别代码	S0000_390_BIZ14_M01702	居民医保费用累计_门诊慢特病_甲状腺功能亢进症
cum_type_code	累计类别代码	S0000_390_BIZ14_M01800	居民医保费用累计_门诊慢特病_苯丙酮尿症
cum_type_code	累计类别代码	S0000_390_BIZ14_M02100	居民医保费用累计_门诊慢特病_重症精神症
cum_type_code	累计类别代码	S0000_390_BIZ14_M02300	居民医保费用累计_门诊慢特病_帕金森病
cum_type_code	累计类别代码	S0000_390_BIZ14_M02500	居民医保费用累计_门诊慢特病_癫痫
cum_type_code	累计类别代码	S0000_390_BIZ14_M02601	居民医保费用累计_门诊慢特病_脑瘫
cum_type_code	累计类别代码	S0000_390_BIZ14_M03200	居民医保费用累计_门诊慢特病_重症肌无力
cum_type_code	累计类别代码	S0000_390_BIZ14_M03500	居民医保费用累计_门诊慢特病_白内障
cum_type_code	累计类别代码	S0000_390_BIZ14_M03900	居民医保费用累计_门诊慢特病_高血压
cum_type_code	累计类别代码	S0000_390_BIZ14_M04301	居民医保费用累计_门诊慢特病_慢性心力衰竭
cum_type_code	累计类别代码	S0000_390_BIZ14_M04600	居民医保费用累计_门诊慢特病_冠心病
cum_type_code	累计类别代码	S0000_390_BIZ14_M04803	居民医保费用累计_门诊慢特病_脑血管病后遗症
cum_type_code	累计类别代码	S0000_390_BIZ14_M05300	居民医保费用累计_门诊慢特病_慢性阻塞性肺疾病
cum_type_code	累计类别代码	S0000_390_BIZ14_M05400	居民医保费用累计_门诊慢特病_支气管哮喘
cum_type_code	累计类别代码	S0000_390_BIZ14_M06200	居民医保费用累计_门诊慢特病_肝硬化
cum_type_code	累计类别代码	S0000_390_BIZ14_M06900	居民医保费用累计_门诊慢特病_类风湿性关节炎
cum_type_code	累计类别代码	S0000_390_BIZ14_M07101	居民医保费用累计_门诊慢特病_系统性红斑狼疮
cum_type_code	累计类别代码	S0000_390_BIZ14_M07200	居民医保费用累计_门诊慢特病_强直性脊柱炎
cum_type_code	累计类别代码	S0000_390_BIZ14_M07600	居民医保费用累计_门诊慢特病_慢性肾炎
cum_type_code	累计类别代码	S0000_390_BIZ14_M07801	居民医保费用累计_门诊慢特病_透析
cum_type_code	累计类别代码	S0000_390_BIZ14_M07803	居民医保费用累计_门诊慢特病_血液透析
cum_type_code	累计类别代码	S0000_390_BIZ14_M08200	居民医保费用累计_门诊慢特病_先天性疾病
cum_type_code	累计类别代码	S0000_390_BIZ14_M08300	居民医保费用累计_门诊慢特病_器官移植抗排异治疗
cum_type_code	累计类别代码	S0000_390_BIZ14_M08500	居民医保费用累计_门诊慢特病_儿童听力障碍
cum_type_code	累计类别代码	S0000_390_BIZ14_M12100	居民医保费用累计_门诊慢特病_新冠肺炎康复治疗
cum_type_code	累计类别代码	S0000_390_BIZ14_M12900	居民医保费用累计_门诊慢特病_危重症抢救
cum_type_code	累计类别代码	S0000_390_BIZ14_M01602	居民医保费用累计_门诊慢特病_2型糖尿病
cum_type_code	累计类别代码	S0000_390_BIZ14_M01701	居民医保费用累计_门诊慢特病_甲状腺功能减退症
cum_type_code	累计类别代码	S0000_390_BIZ14_M05200	居民医保费用累计_门诊慢特病_阻塞性肺气肿
cum_type_code	累计类别代码	S0000_390_BIZ14_M06201	居民医保费用累计_门诊慢特病_肝硬化失代偿期
cum_type_code	累计类别代码	S0000_390_BIZ14_M08201	居民医保费用累计_门诊慢特病_心腔和心连接的先天性畸形
cum_type_code	累计类别代码	S0000_390_BIZ14_M08301	居民医保费用累计_门诊慢特病_肾移植抗排异治疗
cum_type_code	累计类别代码	S0000_390_BIZ14_M08302	居民医保费用累计_门诊慢特病_骨髓移植抗排异治疗
cum_type_code	累计类别代码	S0000_390_BIZ14_M08303	居民医保费用累计_门诊慢特病_心移植抗排异治疗
cum_type_code	累计类别代码	S0000_390_BIZ14_M08304	居民医保费用累计_门诊慢特病_肝移植抗排异治疗
cum_type_code	累计类别代码	S0000_390_BIZ14_M08305	居民医保费用累计_门诊慢特病_肺移植抗排异治疗
cum_type_code	累计类别代码	S0000_390_BIZ14_M08306	居民医保费用累计_门诊慢特病_肝肾移植抗排异治疗
cum_type_code	累计类别代码	S0000_390_BIZ14_M08403	居民医保费用累计_门诊慢特病_血管支架植入术后状态
cum_type_code	累计类别代码	S0000_390_BIZ14_M08404	居民医保费用累计_门诊慢特病_具有假体心脏瓣膜
cum_type_code	累计类别代码	S0000_390_BIZ14_M12511	居民医保费用累计_门诊慢特病_听力障碍的康复治疗
cum_type_code	累计类别代码	S0000_390_BIZ14_M02207	居民医保费用累计_门诊慢特病_儿童孤独症
cum_type_code	累计类别代码	S0000_390_BIZ14_M02209	居民医保费用累计_门诊慢特病_焦虑症
cum_type_code	累计类别代码	S0000_390_BIZ14_M02400	居民医保费用累计_门诊慢特病_阿尔茨海默病
cum_type_code	累计类别代码	S0000_390_BIZ14_M04300	居民医保费用累计_门诊慢特病_心功能不全
cum_type_code	累计类别代码	S0000_390_BIZ14_M05800	居民医保费用累计_门诊慢特病_消化性溃疡
cum_type_code	累计类别代码	S0000_390_BIZ14_M11801	居民医保费用累计_门诊慢特病_特应性皮炎
cum_type_code	累计类别代码	S0000_390_BIZ14_M12500	居民医保费用累计_门诊慢特病_康复治疗
cum_type_code	累计类别代码	S0000_390_BIZ14_M12510	居民医保费用累计_门诊慢特病_残疾的康复治疗
cum_type_code	累计类别代码	S0000_390_BIZ14_M12513	居民医保费用累计_门诊慢特病_智力康复
cum_type_code	累计类别代码	S0000_390_BIZ14_M90400	居民医保费用累计_门诊慢特病_意外伤害
cum_type_code	累计类别代码	D310101_BIZ14_M00100	职工基金支付累计_门诊慢特病_结核
cum_type_code	累计类别代码	D310101_BIZ14_M00200	职工基金支付累计_门诊慢特病_病毒性肝炎
cum_type_code	累计类别代码	D310101_BIZ14_M00500	职工基金支付累计_门诊慢特病_恶性肿瘤门诊治疗
cum_type_code	累计类别代码	D310101_BIZ14_M00804	职工基金支付累计_门诊慢特病_慢性髓细胞性白血病
cum_type_code	累计类别代码	D310101_BIZ14_M01100	职工基金支付累计_门诊慢特病_贫血
cum_type_code	累计类别代码	D310101_BIZ14_M01102	职工基金支付累计_门诊慢特病_再生障碍性贫血
cum_type_code	累计类别代码	D310101_BIZ14_M01200	职工基金支付累计_门诊慢特病_血友病
cum_type_code	累计类别代码	D310101_BIZ14_M01600	职工基金支付累计_门诊慢特病_糖尿病
cum_type_code	累计类别代码	D310101_BIZ14_M01702	职工基金支付累计_门诊慢特病_甲状腺功能亢进症
cum_type_code	累计类别代码	D310101_BIZ14_M01800	职工基金支付累计_门诊慢特病_苯丙酮尿症
cum_type_code	累计类别代码	D310101_BIZ14_M02100	职工基金支付累计_门诊慢特病_重症精神症
cum_type_code	累计类别代码	D310101_BIZ14_M02300	职工基金支付累计_门诊慢特病_帕金森病
cum_type_code	累计类别代码	D310101_BIZ14_M02500	职工基金支付累计_门诊慢特病_癫痫
cum_type_code	累计类别代码	D310101_BIZ14_M02601	职工基金支付累计_门诊慢特病_脑瘫
cum_type_code	累计类别代码	D310101_BIZ14_M03200	职工基金支付累计_门诊慢特病_重症肌无力
cum_type_code	累计类别代码	D310101_BIZ14_M03500	职工基金支付累计_门诊慢特病_白内障
cum_type_code	累计类别代码	D310101_BIZ14_M03900	职工基金支付累计_门诊慢特病_高血压
cum_type_code	累计类别代码	D310101_BIZ14_M04301	职工基金支付累计_门诊慢特病_慢性心力衰竭
cum_type_code	累计类别代码	D310101_BIZ14_M04600	职工基金支付累计_门诊慢特病_冠心病
cum_type_code	累计类别代码	D310101_BIZ14_M04803	职工基金支付累计_门诊慢特病_脑血管病后遗症
cum_type_code	累计类别代码	D310101_BIZ14_M05300	职工基金支付累计_门诊慢特病_慢性阻塞性肺疾病
cum_type_code	累计类别代码	D310101_BIZ14_M05400	职工基金支付累计_门诊慢特病_支气管哮喘
cum_type_code	累计类别代码	D310101_BIZ14_M06200	职工基金支付累计_门诊慢特病_肝硬化
cum_type_code	累计类别代码	D310101_BIZ14_M06900	职工基金支付累计_门诊慢特病_类风湿性关节炎
cum_type_code	累计类别代码	D310101_BIZ14_M07101	职工基金支付累计_门诊慢特病_系统性红斑狼疮
cum_type_code	累计类别代码	D310101_BIZ14_M07200	职工基金支付累计_门诊慢特病_强直性脊柱炎
cum_type_code	累计类别代码	D310101_BIZ14_M07600	职工基金支付累计_门诊慢特病_慢性肾炎
cum_type_code	累计类别代码	D310101_BIZ14_M07801	职工基金支付累计_门诊慢特病_透析
cum_type_code	累计类别代码	D310101_BIZ14_M07803	职工基金支付累计_门诊慢特病_血液透析
cum_type_code	累计类别代码	D310101_BIZ14_M08200	职工基金支付累计_门诊慢特病_先天性疾病
cum_type_code	累计类别代码	D310101_BIZ14_M08300	职工基金支付累计_门诊慢特病_器官移植抗排异治疗
cum_type_code	累计类别代码	D310101_BIZ14_M08500	职工基金支付累计_门诊慢特病_儿童听力障碍
cum_type_code	累计类别代码	D310101_BIZ14_M12100	职工基金支付累计_门诊慢特病_新冠肺炎康复治疗
cum_type_code	累计类别代码	D310101_BIZ14_M12900	职工基金支付累计_门诊慢特病_危重症抢救
cum_type_code	累计类别代码	D310101_BIZ14_M01602	职工基金支付累计_门诊慢特病_2型糖尿病
cum_type_code	累计类别代码	D310101_BIZ14_M01701	职工基金支付累计_门诊慢特病_甲状腺功能减退症
cum_type_code	累计类别代码	D310101_BIZ14_M05200	职工基金支付累计_门诊慢特病_阻塞性肺气肿
cum_type_code	累计类别代码	D310101_BIZ14_M06201	职工基金支付累计_门诊慢特病_肝硬化失代偿期
cum_type_code	累计类别代码	D310101_BIZ14_M08201	职工基金支付累计_门诊慢特病_心腔和心连接的先天性畸形
cum_type_code	累计类别代码	D310101_BIZ14_M08301	职工基金支付累计_门诊慢特病_肾移植抗排异治疗
cum_type_code	累计类别代码	D310101_BIZ14_M08302	职工基金支付累计_门诊慢特病_骨髓移植抗排异治疗
cum_type_code	累计类别代码	D310101_BIZ14_M08303	职工基金支付累计_门诊慢特病_心移植抗排异治疗
cum_type_code	累计类别代码	D310101_BIZ14_M08304	职工基金支付累计_门诊慢特病_肝移植抗排异治疗
cum_type_code	累计类别代码	D310101_BIZ14_M08305	职工基金支付累计_门诊慢特病_肺移植抗排异治疗
cum_type_code	累计类别代码	D310101_BIZ14_M08306	职工基金支付累计_门诊慢特病_肝肾移植抗排异治疗
cum_type_code	累计类别代码	D310101_BIZ14_M08403	职工基金支付累计_门诊慢特病_血管支架植入术后状态
cum_type_code	累计类别代码	D310101_BIZ14_M08404	职工基金支付累计_门诊慢特病_具有假体心脏瓣膜
cum_type_code	累计类别代码	D310101_BIZ14_M12511	职工基金支付累计_门诊慢特病_听力障碍的康复治疗
cum_type_code	累计类别代码	D310101_BIZ14_M02207	职工基金支付累计_门诊慢特病_儿童孤独症
cum_type_code	累计类别代码	D310101_BIZ14_M02209	职工基金支付累计_门诊慢特病_焦虑症
cum_type_code	累计类别代码	D310101_BIZ14_M02400	职工基金支付累计_门诊慢特病_阿尔茨海默病
cum_type_code	累计类别代码	D310101_BIZ14_M04300	职工基金支付累计_门诊慢特病_心功能不全
cum_type_code	累计类别代码	D310101_BIZ14_M05800	职工基金支付累计_门诊慢特病_消化性溃疡
cum_type_code	累计类别代码	D310101_BIZ14_M11801	职工基金支付累计_门诊慢特病_特应性皮炎
cum_type_code	累计类别代码	D310101_BIZ14_M12500	职工基金支付累计_门诊慢特病_康复治疗
cum_type_code	累计类别代码	D310101_BIZ14_M12510	职工基金支付累计_门诊慢特病_残疾的康复治疗
cum_type_code	累计类别代码	D310101_BIZ14_M12513	职工基金支付累计_门诊慢特病_智力康复
cum_type_code	累计类别代码	D310101_BIZ14_M90400	职工基金支付累计_门诊慢特病_意外伤害
cum_type_code	累计类别代码	D390101_BIZ14_M00100	职工基金支付累计_门诊慢特病_结核
cum_type_code	累计类别代码	D390101_BIZ14_M00200	职工基金支付累计_门诊慢特病_病毒性肝炎
cum_type_code	累计类别代码	D390101_BIZ14_M00500	职工基金支付累计_门诊慢特病_恶性肿瘤门诊治疗
cum_type_code	累计类别代码	D390101_BIZ14_M00804	职工基金支付累计_门诊慢特病_慢性髓细胞性白血病
cum_type_code	累计类别代码	D390101_BIZ14_M01100	职工基金支付累计_门诊慢特病_贫血
cum_type_code	累计类别代码	D390101_BIZ14_M01102	职工基金支付累计_门诊慢特病_再生障碍性贫血
cum_type_code	累计类别代码	D390101_BIZ14_M01200	职工基金支付累计_门诊慢特病_血友病
cum_type_code	累计类别代码	D390101_BIZ14_M01600	职工基金支付累计_门诊慢特病_糖尿病
cum_type_code	累计类别代码	D390101_BIZ14_M01702	职工基金支付累计_门诊慢特病_甲状腺功能亢进症
cum_type_code	累计类别代码	D390101_BIZ14_M01800	职工基金支付累计_门诊慢特病_苯丙酮尿症
cum_type_code	累计类别代码	D390101_BIZ14_M02100	职工基金支付累计_门诊慢特病_重症精神症
cum_type_code	累计类别代码	D390101_BIZ14_M02300	职工基金支付累计_门诊慢特病_帕金森病
cum_type_code	累计类别代码	D390101_BIZ14_M02500	职工基金支付累计_门诊慢特病_癫痫
cum_type_code	累计类别代码	D390101_BIZ14_M02601	职工基金支付累计_门诊慢特病_脑瘫
cum_type_code	累计类别代码	D390101_BIZ14_M03200	职工基金支付累计_门诊慢特病_重症肌无力
cum_type_code	累计类别代码	D390101_BIZ14_M03500	职工基金支付累计_门诊慢特病_白内障
cum_type_code	累计类别代码	D390101_BIZ14_M03900	职工基金支付累计_门诊慢特病_高血压
cum_type_code	累计类别代码	D390101_BIZ14_M04301	职工基金支付累计_门诊慢特病_慢性心力衰竭
cum_type_code	累计类别代码	D390101_BIZ14_M04600	职工基金支付累计_门诊慢特病_冠心病
cum_type_code	累计类别代码	D390101_BIZ14_M04803	职工基金支付累计_门诊慢特病_脑血管病后遗症
cum_type_code	累计类别代码	D390101_BIZ14_M05300	职工基金支付累计_门诊慢特病_慢性阻塞性肺疾病
cum_type_code	累计类别代码	D390101_BIZ14_M05400	职工基金支付累计_门诊慢特病_支气管哮喘
cum_type_code	累计类别代码	D390101_BIZ14_M06200	职工基金支付累计_门诊慢特病_肝硬化
cum_type_code	累计类别代码	D390101_BIZ14_M06900	职工基金支付累计_门诊慢特病_类风湿性关节炎
cum_type_code	累计类别代码	D390101_BIZ14_M07101	职工基金支付累计_门诊慢特病_系统性红斑狼疮
cum_type_code	累计类别代码	D390101_BIZ14_M07200	职工基金支付累计_门诊慢特病_强直性脊柱炎
cum_type_code	累计类别代码	D390101_BIZ14_M07600	职工基金支付累计_门诊慢特病_慢性肾炎
cum_type_code	累计类别代码	D390101_BIZ14_M07801	职工基金支付累计_门诊慢特病_透析
cum_type_code	累计类别代码	D390101_BIZ14_M07803	职工基金支付累计_门诊慢特病_血液透析
cum_type_code	累计类别代码	D390101_BIZ14_M08200	职工基金支付累计_门诊慢特病_先天性疾病
cum_type_code	累计类别代码	D390101_BIZ14_M08300	职工基金支付累计_门诊慢特病_器官移植抗排异治疗
cum_type_code	累计类别代码	D390101_BIZ14_M08500	职工基金支付累计_门诊慢特病_儿童听力障碍
cum_type_code	累计类别代码	D390101_BIZ14_M12100	职工基金支付累计_门诊慢特病_新冠肺炎康复治疗
cum_type_code	累计类别代码	D390101_BIZ14_M12900	职工基金支付累计_门诊慢特病_危重症抢救
cum_type_code	累计类别代码	D390101_BIZ14_M01602	职工基金支付累计_门诊慢特病_2型糖尿病
cum_type_code	累计类别代码	D390101_BIZ14_M01701	职工基金支付累计_门诊慢特病_甲状腺功能减退症
cum_type_code	累计类别代码	D390101_BIZ14_M05200	职工基金支付累计_门诊慢特病_阻塞性肺气肿
cum_type_code	累计类别代码	D390101_BIZ14_M06201	职工基金支付累计_门诊慢特病_肝硬化失代偿期
cum_type_code	累计类别代码	D390101_BIZ14_M08201	职工基金支付累计_门诊慢特病_心腔和心连接的先天性畸形
cum_type_code	累计类别代码	D390101_BIZ14_M08301	职工基金支付累计_门诊慢特病_肾移植抗排异治疗
cum_type_code	累计类别代码	D390101_BIZ14_M08302	职工基金支付累计_门诊慢特病_骨髓移植抗排异治疗
cum_type_code	累计类别代码	D390101_BIZ14_M08303	职工基金支付累计_门诊慢特病_心移植抗排异治疗
cum_type_code	累计类别代码	D390101_BIZ14_M08304	职工基金支付累计_门诊慢特病_肝移植抗排异治疗
cum_type_code	累计类别代码	D390101_BIZ14_M08305	职工基金支付累计_门诊慢特病_肺移植抗排异治疗
cum_type_code	累计类别代码	D390101_BIZ14_M08306	职工基金支付累计_门诊慢特病_肝肾移植抗排异治疗
cum_type_code	累计类别代码	D390101_BIZ14_M08403	职工基金支付累计_门诊慢特病_血管支架植入术后状态
cum_type_code	累计类别代码	D390101_BIZ14_M08404	职工基金支付累计_门诊慢特病_具有假体心脏瓣膜
cum_type_code	累计类别代码	D390101_BIZ14_M12511	职工基金支付累计_门诊慢特病_听力障碍的康复治疗
cum_type_code	累计类别代码	D390101_BIZ14_M02207	职工基金支付累计_门诊慢特病_儿童孤独症
cum_type_code	累计类别代码	D390101_BIZ14_M02209	职工基金支付累计_门诊慢特病_焦虑症
cum_type_code	累计类别代码	D390101_BIZ14_M02400	职工基金支付累计_门诊慢特病_阿尔茨海默病
cum_type_code	累计类别代码	D390101_BIZ14_M04300	职工基金支付累计_门诊慢特病_心功能不全
cum_type_code	累计类别代码	D390101_BIZ14_M05800	职工基金支付累计_门诊慢特病_消化性溃疡
cum_type_code	累计类别代码	D390101_BIZ14_M11801	职工基金支付累计_门诊慢特病_特应性皮炎
cum_type_code	累计类别代码	D390101_BIZ14_M12500	职工基金支付累计_门诊慢特病_康复治疗
cum_type_code	累计类别代码	D390101_BIZ14_M12510	职工基金支付累计_门诊慢特病_残疾的康复治疗
cum_type_code	累计类别代码	D390101_BIZ14_M12513	职工基金支付累计_门诊慢特病_智力康复
cum_type_code	累计类别代码	D390101_BIZ14_M90400	职工基金支付累计_门诊慢特病_意外伤害
cum_type_code	累计类别代码	DM00599	恶性肿瘤伴转移年度基金累计
cum_type_code	累计类别代码	D6101041	精准脱贫基金累计（门诊）
cum_type_code	累计类别代码	D6101042	精准脱贫基金累计（住院）
cum_type_code	累计类别代码	D310202	职工个人自付金额累计
cum_type_code	累计类别代码	D310101_BIZZ11_YBZL	职工一般诊疗统筹基金累计
cum_type_code	累计类别代码	S0000_BIZ11_310_1	职工普通门诊统筹个人费用累计
cum_type_code	累计类别代码	D310201_BIZ41_PRDQ	药店购药账户季度累计
cum_type_code	累计类别代码	D310201_BIZ11_PRDM	门诊账户月度累计
cum_type_code	累计类别代码	D310101_BIZ21	住院统筹基金支付累计
cum_type_code	累计类别代码	TQ320101_FWN	公务员范围内补助起付标准累计
cum_type_code	累计类别代码	TQ320101_FWW	公务员范围外起付标准累计
cum_type_code	累计类别代码	D320101_FWN	公务员范围内补助累计
cum_type_code	累计类别代码	D320101_FWW	公务员范围外补助累计
cum_type_code	累计类别代码	D320101_YBGRFY	公务员医保个人费用补助累计
cum_type_code	累计类别代码	D320101_SBGRZF	公务员商保个人自付费用补助累计
cum_type_code	累计类别代码	C0000_WZBGWY	危重病公务员补助次数累计
cum_type_code	累计类别代码	Z0000_BIZ14_310	职工医保个人负担累计_门诊慢特病
cum_type_code	累计类别代码	D320101_BIZ9107_PRDL	公务员体检补助_非自然年度累计
cum_type_code	累计类别代码	D510101_BIZ51	生育门诊基金累计
cum_type_code	累计类别代码	F0000_310	职工总费用累计
cum_type_code	累计类别代码	S0000_BIZ11_DL3_310	职工普通门诊单列总费用累计
cum_type_code	累计类别代码	S0000_BIZ11_DL4_310	职工普通门诊单列统筹基金累计
cum_type_code	累计类别代码	S0000_BIZ14_DL1_	职工特殊门诊单列总费用累计
cum_type_code	累计类别代码	310	
cum_type_code	累计类别代码	S0000_BIZ14_DL2_310	职工特殊门诊单列医保费用累计
cum_type_code	累计类别代码	S0000_BIZ14_DL3_310	职工特殊门诊单列统筹基金累计
cum_type_code	累计类别代码	F0000_390	城乡居民总费用累计
cum_type_code	累计类别代码	S0000_BIZ11_DL3_390	城乡普通门诊单列总费用累计
cum_type_code	累计类别代码	S0000_BIZ11_DL4_390	城乡普通门诊单列统筹基金累计
cum_type_code	累计类别代码	S0000_BIZ14_DL1_390	城乡特殊门诊单列总费用累计
cum_type_code	累计类别代码	S0000_BIZ14_DL2_390	城乡特殊门诊单列医保费用累计
cum_type_code	累计类别代码	S0000_BIZ14_DL3_390	城乡特殊门诊单列统筹基金累计
cum_type_code	累计类别代码	D99999724	省级第二道精准扶贫基金累计
cum_type_code	累计类别代码	D99999765_01	慈善救助基金累计
cum_type_code	累计类别代码	D99999766_01	个人负担补助基金累计
cum_type_code	累计类别代码	TS99999766_FWN	个人负担补助范围内费用累计
cum_type_code	累计类别代码	TS99999766_FWW	个人负担补助范围外费用累计
cum_type_code	累计类别代码	D99999767_01	职工医疗救助基金累计
cum_type_code	累计类别代码	TS99999767_FWN	职工医疗救助范围内累计
cum_type_code	累计类别代码	TS99999767_FWW	职工医疗救助范围外累计
cum_type_code	累计类别代码	Q0000_BIZ14_310_M12900	职工门诊慢特病危重病抢救起付标准累计
cum_type_code	累计类别代码	D99999768_FWN	副高及以上人员范围内基金补助累计
cum_type_code	累计类别代码	D99999768_FWW	副高及以上人员范围外基金补助累计
cum_type_code	累计类别代码	D99999769_FWN	离休人员范围内费用基金补助累计
cum_type_code	累计类别代码	D99999769_FWW	离休人员范围外费用基金补助累计
cum_type_code	累计类别代码	Q0000BIZ2112	恶性肿瘤住院起付线
cum_type_code	累计类别代码	Q0000BIZ2113	系统性红斑狼疮住院起付线
cum_type_code	累计类别代码	D640101BIZ11	政府兜底基金门诊支付累计
cum_type_code	累计类别代码	Z9999901	职工一类慢病累计
cum_type_code	累计类别代码	Z9999902	职工二类慢病累计
cum_type_code	累计类别代码	D310101DAM11	城职基本医疗统筹基金累计（伤残军人门诊）
cum_type_code	累计类别代码	D310101DAM21	城职基本医疗统筹基金累计（伤残军人住院）
cum_type_code	累计类别代码	D350101DAM11	一至六级残疾军人补助基金累计（门诊）
cum_type_code	累计类别代码	D350101DAM21	一至六级残疾军人补助基金累计（住院）
cum_type_code	累计类别代码	D39010112	村卫生室门诊统筹基金累计
cum_type_code	累计类别代码	D310101M02000	精神病统筹基金累计(职工)
cum_type_code	累计类别代码	D310101M03900	高血压统筹基金累计(职工)
cum_type_code	累计类别代码	D310101M01600	糖尿病统筹基金累计(职工)
cum_type_code	累计类别代码	D310101M03802	风湿统筹基金累计(职工)
cum_type_code	累计类别代码	D310101M03905	高血压统筹基金累计(职工)
cum_type_code	累计类别代码	D310101M04100	肺源性心脏病统筹基金累计(职工)
cum_type_code	累计类别代码	D310101M06800	硬皮病[硬斑病]统筹基金累计(职工)
cum_type_code	累计类别代码	D310101M01103	贫血统筹基金累计(职工)
cum_type_code	累计类别代码	D310101M00210	病毒性肝炎统筹基金累计(职工)
cum_type_code	累计类别代码	D310101M00500	恶性肿瘤门诊治疗统筹基金累计(职工)
cum_type_code	累计类别代码	D310101M00801	白血病门诊治疗统筹基金累计(职工)
cum_type_code	累计类别代码	D310101M08301	器官移植抗排异治疗统筹基金累计(职工)
cum_type_code	累计类别代码	D310101M08304	器官移植抗排异治疗统筹基金累计(职工)
cum_type_code	累计类别代码	D310101M08305	器官移植抗排异治疗统筹基金累计(职工)
cum_type_code	累计类别代码	D310101M00902	交界性肿瘤门诊治疗统筹基金累计(职工)
cum_type_code	累计类别代码	D310101M07801	慢性肾功能衰竭统筹基金累计(职工)
cum_type_code	累计类别代码	D310101M01200	血友病统筹基金累计(职工)
cum_type_code	累计类别代码	D310101M01904	其他内分泌代谢疾病统筹基金累计(职工)
cum_type_code	累计类别代码	D310101M08202	先天性疾病统筹基金累计(职工)
cum_type_code	累计类别代码	D310101M01902	其他内分泌代谢疾病统筹基金累计(职工)
cum_type_code	累计类别代码	D370101M02000	精神病补充医疗基金累计(职工)
cum_type_code	累计类别代码	D370101M03900	高血压补充医疗基金累计(职工)
cum_type_code	累计类别代码	D370101M01600	糖尿病补充医疗基金累计(职工)
cum_type_code	累计类别代码	D370101M03802	风湿补充医疗基金累计(职工)
cum_type_code	累计类别代码	D370101M03905	高血压补充医疗基金累计(职工)
cum_type_code	累计类别代码	D370101M04600	冠心病补充医疗基金累计(职工)
cum_type_code	累计类别代码	D370101M04100	肺源性心脏病补充医疗基金累计(职工)
cum_type_code	累计类别代码	D370101M04803	脑卒中补充医疗基金累计(职工)
cum_type_code	累计类别代码	D370101M06200	肝硬化补充医疗基金累计(职工)
cum_type_code	累计类别代码	D370101M02300	帕金森氏病补充医疗基金累计(职工)
cum_type_code	累计类别代码	D370101M06800	硬皮病[硬斑病]补充医疗基金累计(职工)
cum_type_code	累计类别代码	D370101M01103	贫血补充医疗基金累计(职工)
cum_type_code	累计类别代码	D370101M07106	结缔组织病补充医疗基金累计(职工)
cum_type_code	累计类别代码	D370101M03200	重症肌无力补充医疗基金累计(职工)
cum_type_code	累计类别代码	D370101M06900	类风湿性关节炎补充医疗基金累计(职工)
cum_type_code	累计类别代码	D370101M00100	结核补充医疗基金累计(职工)
cum_type_code	累计类别代码	D370101M00210	病毒性肝炎补充医疗基金累计(职工)
cum_type_code	累计类别代码	D370101M01702	甲状腺功能异常补充医疗基金累计(职工)
cum_type_code	累计类别代码	D370101M01701	甲状腺功能异常补充医疗基金累计(职工)
cum_type_code	累计类别代码	D370101M05300	慢性阻塞性肺疾病补充医疗基金累计(职工)
cum_type_code	累计类别代码	D370101M03600	青光眼补充医疗基金累计(职工)
cum_type_code	累计类别代码	D370101M00500	恶性肿瘤门诊治疗补充医疗基金累计
cum_type_code	累计类别代码		(职工)
cum_type_code	累计类别代码	D370101M00801	白血病门诊治疗补充医疗基金累计(职工)
cum_type_code	累计类别代码	D370101M08301	器官移植抗排异治疗补充医疗基金累计(职工)
cum_type_code	累计类别代码	D370101M08304	器官移植抗排异治疗补充医疗基金累计(职工)
cum_type_code	累计类别代码	D370101M08305	器官移植抗排异治疗补充医疗基金累计(职工)
cum_type_code	累计类别代码	D370101M01102	贫血补充医疗基金累计(职工)
cum_type_code	累计类别代码	D370101M00902	交界性肿瘤门诊治疗补充医疗基金累计(职工)
cum_type_code	累计类别代码	D370101M07101	结缔组织病补充医疗基金累计(职工)
cum_type_code	累计类别代码	D370101M07700	肾病综合征补充医疗基金累计(职工)
cum_type_code	累计类别代码	D370101M07801	慢性肾功能衰竭补充医疗基金累计(职工)
cum_type_code	累计类别代码	D370101M01200	血友病补充医疗基金累计(职工)
cum_type_code	累计类别代码	D370101M01904	其他内分泌代谢疾病补充医疗基金累计(职工)
cum_type_code	累计类别代码	D370101M08202	先天性疾病补充医疗基金累计(职工)
cum_type_code	累计类别代码	D370101M01902	其他内分泌代谢疾病补充医疗基金累计(职工)
cum_type_code	累计类别代码	D370101M07800	慢性肾功能衰竭补充医疗基金累计(职工)
cum_type_code	累计类别代码	D320101M02000	精神病公务员基金累计(职工)
cum_type_code	累计类别代码	D320101M03900	高血压公务员基金累计(职工)
cum_type_code	累计类别代码	D320101M01600	糖尿病公务员基金累计(职工)
cum_type_code	累计类别代码	D320101M03802	风湿公务员基金累计(职工)
cum_type_code	累计类别代码	D320101M03905	高血压公务员基金累计(职工)
cum_type_code	累计类别代码	D320101M04600	冠心病公务员基金累计(职工)
cum_type_code	累计类别代码	D320101M04100	肺源性心脏病公务员基金累计(职工)
cum_type_code	累计类别代码	D320101M04803	脑卒中公务员基金累计(职工)
cum_type_code	累计类别代码	D320101M06200	肝硬化公务员基金累计(职工)
cum_type_code	累计类别代码	D320101M02300	帕金森氏病公务员基金累计(职工)
cum_type_code	累计类别代码	D320101M06800	硬皮病[硬斑病]公务员基金累计(职工)
cum_type_code	累计类别代码	D320101M01103	贫血公务员基金累计(职工)
cum_type_code	累计类别代码	D320101M07106	结缔组织病公务员基金累计(职工)
cum_type_code	累计类别代码	D320101M03200	重症肌无力公务员基金累计(职工)
cum_type_code	累计类别代码	D320101M06900	类风湿性关节炎公务员基金累计(职工)
cum_type_code	累计类别代码	D320101M00100	结核公务员基金累计(职工)
cum_type_code	累计类别代码	D320101M00210	病毒性肝炎公务员基金累计(职工)
cum_type_code	累计类别代码	D320101M01702	甲状腺功能异常公务员基金累计(职工)
cum_type_code	累计类别代码	D320101M01701	甲状腺功能异常公务员基金累计(职工)
cum_type_code	累计类别代码	D320101M05300	慢性阻塞性肺疾病公务员基金累计(职工)
cum_type_code	累计类别代码	D320101M03600	青光眼公务员基金累计(职工)
cum_type_code	累计类别代码	D320101M00500	恶性肿瘤门诊治疗公务员基金累计(职工)
cum_type_code	累计类别代码	D320101M00801	白血病门诊治疗公务员基金累计(职工)
cum_type_code	累计类别代码	D320101M08301	器官移植抗排异治疗公务员基金累计(职工)
cum_type_code	累计类别代码	D320101M08304	器官移植抗排异治疗公务员基金累计(职工)
cum_type_code	累计类别代码	D320101M08305	器官移植抗排异治疗公务员基金累计(职工)
cum_type_code	累计类别代码	D320101M01102	贫血公务员基金累计(职工)
cum_type_code	累计类别代码	D320101M00902	交界性肿瘤门诊治疗公务员基金累计(职工)
cum_type_code	累计类别代码	D320101M07101	结缔组织病公务员基金累计(职工)
cum_type_code	累计类别代码	D320101M07700	肾病综合征公务员基金累计(职工)
cum_type_code	累计类别代码	D320101M07801	慢性肾功能衰竭公务员基金累计(职工)
cum_type_code	累计类别代码	D320101M01200	血友病公务员基金累计(职工)
cum_type_code	累计类别代码	D320101M01904	其他内分泌代谢疾病公务员基金累计(职工)
cum_type_code	累计类别代码	D320101M08202	先天性疾病公务员基金累计(职工)
cum_type_code	累计类别代码	D320101M01902	其他内分泌代谢疾病公务员基金累计(职工)
cum_type_code	累计类别代码	D320101M07800	慢性肾功能衰竭公务员基金累计(职工)
cum_type_code	累计类别代码	D310210_TRE110	门急诊本年个人账户累计
cum_type_code	累计类别代码	D310220_TRE110	门急诊历年个人账户累计
cum_type_code	累计类别代码	D999998_TRE110_POLS001	门急诊自负段现金累计
cum_type_code	累计类别代码	D999998_TRE110_POLL001	门急诊附加段现金累计
cum_type_code	累计类别代码	D310801_TRE110	门急诊附加基金累计
cum_type_code	累计类别代码	D310101_TRE110	门急诊统筹基金累计
cum_type_code	累计类别代码	D310220_TRE210_POLS001	住院起付段历年账户累计
cum_type_code	累计类别代码	D999998_TRE210_POLS001	住院起付段现金累计
cum_type_code	累计类别代码	D310220_TRE210_POLC001	住院统筹段历年账户累计
cum_type_code	累计类别代码	D999998_TRE210_POLC001	住院统筹段现金累计
cum_type_code	累计类别代码	D310220_TRE210_POLL001	住院附加段历年账户累计
cum_type_code	累计类别代码	D999998_TRE210_POLL001	住院附加段现金累计
cum_type_code	累计类别代码	D310801_TRE210	住院附加基金累计
cum_type_code	累计类别代码	D310220_TRE240_POLS001	急观起付段历年账户累计
cum_type_code	累计类别代码	D999998_TRE240_POLS001	急观起付段现金累计
cum_type_code	累计类别代码	D310220_TRE240_P	急观统筹段历年账户累计
cum_type_code	累计类别代码	OLC001	
cum_type_code	累计类别代码	D999998_TRE240_POLC001	急观统筹段现金累计
cum_type_code	累计类别代码	D310101_TRE240	急观统筹基金累计
cum_type_code	累计类别代码	D310220_TRE240_POLL001	急观附加段历年账户累计
cum_type_code	累计类别代码	D999998_TRE240_POLL001	急观附加段现金累计
cum_type_code	累计类别代码	D310801_TRE240	急观附加基金累计
cum_type_code	累计类别代码	D310220_TRE14M101_POLC001	大病统筹段历年账户累计
cum_type_code	累计类别代码	D999998_TRE14M101_POLC001	大病统筹段现金累计
cum_type_code	累计类别代码	D310101_TRE14M101	大病统筹基金累计
cum_type_code	累计类别代码	D310220_TRE14M101_POLL001	大病附加段现金累计
cum_type_code	累计类别代码	D999998_TRE14M101_POLL001	大病附加段历年账户累计
cum_type_code	累计类别代码	D310801_TRE14M101	大病附加基金累计
cum_type_code	累计类别代码	D310220_TRE710_POLS001	家床起付段历年账户累计
cum_type_code	累计类别代码	D999998_TRE710_POLS001	家床起付段现金累计
cum_type_code	累计类别代码	D310220_TRE710_POLC001	家床统筹段历年账户累计
cum_type_code	累计类别代码	D999998_TRE710_P	家床统筹段现金累计
cum_type_code	累计类别代码	D310101_TRE710	家床统筹基金累计
cum_type_code	累计类别代码	D310220_TRE710_POLL001	家床附加段历年账户累计
cum_type_code	累计类别代码	D999998_TRE710_POLL001	家床附加段现金累计
cum_type_code	累计类别代码	D310801_TRE710	家床附加基金累计
cum_type_code	累计类别代码	D310210_TRE410	药店当年账户累计
cum_type_code	累计类别代码	D310220_TRE410	药店历年账户累计
cum_type_code	累计类别代码	D310210	当年账户累计
cum_type_code	累计类别代码	D310220	历年账户累计
cum_type_code	累计类别代码	D310801	附加基金累计
cum_type_code	累计类别代码	S0000_POLC001	统筹段所有金额的累计
cum_type_code	累计类别代码	D310220_TRE110_POLS001	门急诊自负段历年账户累计
cum_type_code	累计类别代码	D310220_TRE110_POLL001	门急诊附加段历年账户累计
cum_type_code	累计类别代码	D99999755_02	重特大疾病救助
cum_type_code	累计类别代码	S0000_BIZ11_39001	居民普通门诊统筹医保费用累计(县级医院)
cum_type_code	累计类别代码	S0000_BIZ11_39002	居民普通门诊统筹医保费用累计(乡镇卫生院)
cum_type_code	累计类别代码	S0000_BIZ11_39003	居民普通门诊统筹医保费用累计(村卫生所)
cum_type_code	累计类别代码	D390101_TRE111	居民普通门诊统筹基金累计(县级医院)
cum_type_code	累计类别代码	D390101_TRE112	居民普通门诊统筹基金累计(乡镇卫生院)
cum_type_code	累计类别代码	D390101_TRE113	居民普通门诊统筹基金累计(村卫生所)
cum_type_code	累计类别代码	D310101_BIZ14	职工特殊门诊基金累计
cum_type_code	累计类别代码	D310103BIZ5204	生育流产生育基金支付
cum_type_code	累计类别代码	D310201_BIZ41_PRDM	药店个人账户支付累计
cum_type_code	累计类别代码	D99999725	市级扶贫补助基金累计
cum_type_code	累计类别代码	D99999728	处级干部补助基金累计
cum_type_code	累计类别代码	D99999728_BIZ41_PRDM	药店处级干部补助基金累计
cum_type_code	累计类别代码	D999998_TRE110_POLC001	门急诊统筹段现金累计
cum_type_code	累计类别代码	D390101_BIZ1101	门急诊城乡居民统筹基金累计
cum_type_code	累计类别代码	D390101_TRE240	急观城乡居民统筹基金累计
cum_type_code	累计类别代码	D390101_TRE710	家床城乡居民统筹基金累计
cum_type_code	累计类别代码	D999998_TRE110_LAB102	门急诊先行自付金额累计
cum_type_code	累计类别代码	D999998_TRE14M101_LAB102	大病先行自付金额累计
cum_type_code	累计类别代码	D999998_TRE710_LAB102	家床先行自付金额累计
cum_type_code	累计类别代码	D999998_TRE240_LAB102	急观先行自付金额累计
cum_type_code	累计类别代码	D999998_TRE210_LAB102	住院先行自付金额累计
cum_type_code	累计类别代码	D999998_TRE410_LAB102	购药先行自付金额累计
cum_type_code	累计类别代码	D310210_TRE110_CAT99031	高价药门急诊当年账户累计
cum_type_code	累计类别代码	D310220_TRE110_CAT99031	高价药门急诊历年账户累计
cum_type_code	累计类别代码	D999998_TRE110_PLCS001_CAT9903	高价药门急诊自负段现金累计
cum_type_code	累计类别代码	D310220_TRE110_PLCS001_CAT9903	高价药门急诊自负段历年账户累计
cum_type_code	累计类别代码	D999998_TRE110_PLCC001_CAT9903	高价药门急诊统筹段现金累计
cum_type_code	累计类别代码	D999998_TRE110_PLCL001_CAT9903	高价药门急诊附加段现金累计
cum_type_code	累计类别代码	D310220_TRE110_PLCL001_CAT9903	高价药门急诊附加段历年账户累计
cum_type_code	累计类别代码	D310801_TRE110_CAT99031	高价药门急诊附加基金累计
cum_type_code	累计类别代码	D310101_TRE110_CAT99031	高价药门急诊基本医疗统筹基金累计
cum_type_code	累计类别代码	D390101_TRE110_CAT99031	高价药门急诊城乡居民统筹基金累计
cum_type_code	累计类别代码	D310220_TRE210_PLCS001_CAT9903	高价药住院起付段历年账户累计
cum_type_code	累计类别代码	D999998_TRE210_PLCS001_CAT9903	高价药住院起付段现金累计
cum_type_code	累计类别代码	D310220_TRE210_PLCC001_CAT9903	高价药住院统筹段历年账户累计
cum_type_code	累计类别代码	D999998_TRE210_PLCC001_CAT9903	高价药住院统筹段现金累计
cum_type_code	累计类别代码	D310220_TRE210_PLCL001_CAT9903	高价药住院附加段历年账户累计
cum_type_code	累计类别代码	D999998_TRE210_PLCL001_CAT9903	高价药住院附加段现金累计
cum_type_code	累计类别代码	D310101_TRE210_CAT99031	高价药住院基本医疗统筹基金累计
cum_type_code	累计类别代码	D390101_TRE210_CAT99031	高价药住院城乡居民统筹基金累计
cum_type_code	累计类别代码	D310801_TRE210_CAT99031	高价药住院附加基金累计
cum_type_code	累计类别代码	D310210_TRE110_CAT99032	高价药定额支付门急诊当年账户累计
cum_type_code	累计类别代码	D999998_TRE110_PLCS001_CAT9903	高价药定额支付门急诊自负段现金累计
cum_type_code	累计类别代码	D310220_TRE110_PLCS001_CAT9903	高价药定额支付门急诊自负段历年账户累计
cum_type_code	累计类别代码	D999998_TRE110_PLCC001_CAT9903	高价药定额支付门急诊统筹段现金累计
cum_type_code	累计类别代码	D999998_TRE110_PLCL001_CAT9903	高价药定额支付门急诊附加段现金累计
cum_type_code	累计类别代码	D310220_TRE110_PLCL001_CAT9903	高价药定额支付门急诊附加段历年账户累计
cum_type_code	累计类别代码	D310220_TRE110_CAT99032	高价药定额支付门急诊历年账户累计
cum_type_code	累计类别代码	D310801_TRE110_CAT99032	高价药定额支付门急诊附加基金累计
cum_type_code	累计类别代码	D310101_TRE110_CAT99032	高价药定额支付门急诊基本医疗统筹基金基金累计
cum_type_code	累计类别代码	D390101_TRE110_CAT99032	高价药定额支付门急诊城乡居民统筹基金基金累计
cum_type_code	累计类别代码	D999998_TRE210_PLCS001_CAT9903	高价药定额支付住院起付段现金累计
cum_type_code	累计类别代码	D310220_TRE210_PLCS001_CAT9903	高价药定额支付住院起付段历年账户累计
cum_type_code	累计类别代码	D999998_TRE210_PLCC001_CAT9903	高价药定额支付住院统筹段现金累计
cum_type_code	累计类别代码	D310220_TRE210_PLCC001_CAT9903	高价药定额支付住院统筹段历年账户累计
cum_type_code	累计类别代码	D999998_TRE210_PLCL001_CAT9903	高价药定额支付住院附加段现金累计
cum_type_code	累计类别代码	D310220_TRE210_PLCL001_CAT9903	高价药定额支付住院附加段历年账户累计
cum_type_code	累计类别代码	D310101_TRE210_CAT99032	高价药定额支付住院基本医疗统筹基金累计
cum_type_code	累计类别代码	D390101_TRE210_CAT99032	高价药定额支付住院城乡居民统筹基金累计
cum_type_code	累计类别代码	D310801_TRE210_CAT99032	高价药定额支付住院附加基金累计
cum_type_code	累计类别代码	S0000_TRE21031	医院住院减负累计
cum_type_code	累计类别代码	S0000_TRE24031_POLC001	急观统筹段减负累计
cum_type_code	累计类别代码	S0000_TRE24031_POLL001	急观附加段减负累计
cum_type_code	累计类别代码	S0000_TRE24031_P	急观起付段减负累计
cum_type_code	累计类别代码	OLS001	
cum_type_code	累计类别代码	S0000_TRE14M10131	医院大病减负累计
cum_type_code	累计类别代码	S0000_TRE14M10131_POLC001	大病统筹段减负累计
cum_type_code	累计类别代码	S0000_TRE14M10131_POLL001	大病附加段减负累计
cum_type_code	累计类别代码	S0000_TRE21031_POLC001	住院统筹段减负累计
cum_type_code	累计类别代码	S0000_TRE21031_POLL001	住院附加段减负累计
cum_type_code	累计类别代码	S0000_TRE21031_POLS001	住院起付段减负累计
cum_type_code	累计类别代码	S0000_CAT99M131	造口袋交易费用累计
cum_type_code	累计类别代码	C0000CAT99M131	造口袋次数
cum_type_code	累计类别代码	C0000BIZ2401	急观次数
cum_type_code	累计类别代码	C0000BIZ1101	门急诊次数
cum_type_code	累计类别代码	DM00504	恶性肿瘤（非放化疗）基本医疗统筹基金累计
cum_type_code	累计类别代码	DM04808	脑血管病恢复期基本医疗统筹基金累计
cum_type_code	累计类别代码	DM00906	骨髓增生性疾病基本医疗统筹基金累计
cum_type_code	累计类别代码	DM06800	硬皮病[硬斑病]基本医疗统筹基金累计
cum_type_code	累计类别代码	DM08501	具有心脏起搏器基本医疗统筹基金累计
cum_type_code	累计类别代码	DM10800	骨质疏松基本医疗统筹基金累计
cum_type_code	累计类别代码	DM09400	下肢深静脉栓塞基本医疗统筹基金累计
cum_type_code	累计类别代码	DM06100	非病毒性肝炎基本医疗统筹基金累计
cum_type_code	累计类别代码	DM10700	原发性硬化性胆管炎基本医疗统筹基金累计
cum_type_code	累计类别代码	opDedcM02900	多发性硬化起付线累计金额
cum_type_code	累计类别代码	opDedcM10700	原发性硬化性胆管炎起付线累计金额
cum_type_code	累计类别代码	opDedcM00501	恶性肿瘤（放化疗）起付线累计金额
cum_type_code	累计类别代码	opDedcM07801	透析起付线累计金额
cum_type_code	累计类别代码	opDedcM08300	器官移植抗排异治疗起付线累计金额
cum_type_code	累计类别代码	opDedcM00504	恶性肿瘤（非放化疗）起付线累计金额
cum_type_code	累计类别代码	opDedcM07800	慢性肾功能衰竭起付线累计金额
cum_type_code	累计类别代码	opDedcM02300	帕金森病起付线累计金额
cum_type_code	累计类别代码	opDedcM04808	脑血管病恢复期起付线累计金额
cum_type_code	累计类别代码	opDedcM00906	骨髓增生性疾病起付线累计金额
cum_type_code	累计类别代码	opDedcM00200	病毒性肝炎起付线累计金额
cum_type_code	累计类别代码	opDedcM02000	精神病起付线累计金额
cum_type_code	累计类别代码	opDedcM06900	类风湿性关节炎起付线累计金额
cum_type_code	累计类别代码	opDedcM08501	具有心脏起搏器起付线累计金额
cum_type_code	累计类别代码	opDedcM08403	血管支架植入术后状态起付线累计金额
cum_type_code	累计类别代码	opDedcM02400	阿尔茨海默病起付线累计金额
cum_type_code	累计类别代码	opDedcM07106	干燥综合征[舍格伦]起付线累计金额
cum_type_code	累计类别代码	opDedcM07700	肾病综合征起付线累计金额
cum_type_code	累计类别代码	opDedcM07103	多肌炎起付线累计金额
cum_type_code	累计类别代码	opDedcM10800	骨质疏松起付线累计金额
cum_type_code	累计类别代码	opDedcM01200	血友病起付线累计金额
cum_type_code	累计类别代码	opDedcM09400	下肢深静脉栓塞起付线累计金额
cum_type_code	累计类别代码	opDedcM07104	皮肌炎起付线累计金额
cum_type_code	累计类别代码	opDedcM04000	肺动脉高压起付线累计金额
cum_type_code	累计类别代码	DM07807	慢性肾脏病基本医疗统筹基金累计
cum_type_code	累计类别代码	D310101_BIZ41	职工互联网+社会药房统筹基金累计
cum_type_code	累计类别代码	D320101_BIZ14_POLGB01	公务员补助一段门诊大病基金累计
cum_type_code	累计类别代码	D320101_BIZ14_POLGB02	公务员补助二段门诊大病基金累计
cum_type_code	累计类别代码	D320101_BIZ21_POLGB01	公务员一段住院基金累计
cum_type_code	累计类别代码	D320101_BIZ21_POLGB02	公务员二段住院基金累计
cum_type_code	累计类别代码	TQ320101_BIZ21	公务员二段住院起付标准累计
cum_type_code	累计类别代码	D310101_TRE1102	职工生育门诊基金累计
cum_type_code	累计类别代码	D310101_TRE2103	职工生育住院基金累计
cum_type_code	累计类别代码	D390101_TRE2103	城乡居民生育住院基金累计
cum_type_code	累计类别代码	Z0000_BIZ21	兜底保障（精准扶贫）个人负担累计
cum_type_code	累计类别代码	D610101_BIZ21_POLYZ01	兜底保障（精准扶贫）医疗救助基金累计
cum_type_code	累计类别代码	D610101_BIZ21_POLYZ03	重度精神病患者全额兜底保障医疗救助基金累计
cum_type_code	累计类别代码	D610101_BIZ14_POLYB03	门诊肾透析医疗救助基金累计
cum_type_code	累计类别代码	D610101_BIZ41	特困供养人员普门购药医疗救助基金累计
cum_type_code	累计类别代码	D610101_M01800	苯丙酮尿症医疗救助基金累计
cum_type_code	累计类别代码	D310101_BIZ21_POLS002	职工单病种住院结余奖励统筹基金累计
cum_type_code	累计类别代码	D390101_BIZ21_POLS002	居民单病种住院结余奖励统筹基金累计
cum_type_code	累计类别代码	D999998_BIZ1101_LAB102	居民门急诊先行自付金额累计
cum_type_code	累计类别代码	D999998_BIZ2401_LAB102	居民急观先行自付金额累计
cum_type_code	累计类别代码	D999998_BIZ2101_LAB102	居民住院先行自付金额累计
cum_type_code	累计类别代码	D999998_TRE110_POLS002	居民门急诊自负段现金累计
cum_type_code	累计类别代码	D999998_TRE110_POLC002	居民门急诊统筹段现金累计
cum_type_code	累计类别代码	D999998_TRE210_POLS002	居民住院起付段现金累计
cum_type_code	累计类别代码	D999998_TRE210_POLC002	居民住院统筹段现金累计
cum_type_code	累计类别代码	D999998_TRE240_POLS002	居民急观起付段现金累计
cum_type_code	累计类别代码	D999998_TRE240_POLC002	居民急观统筹段现金累计
cum_type_code	累计类别代码	D310401	军转干部医疗补助基金累计
cum_type_code	累计类别代码	DM08302	造血干细胞移植排异治疗基本医疗统筹基金累计
cum_type_code	累计类别代码	DM02300	帕金森氏病基本医疗统筹基金累计
cum_type_code	累计类别代码	DM05600	肺间质纤维化基本医疗统筹基金累计
cum_type_code	累计类别代码	DM03700	视网膜静脉阻塞基本医疗统筹基金累计
cum_type_code	累计类别代码	DM02208	血管性痴呆基本医疗统筹基金累计
cum_type_code	累计类别代码	DM02202	抑郁症（中、重度）基本医疗统筹基金累计
cum_type_code	累计类别代码	DM06502	炎症性肠病（慢性溃疡性结肠炎、克罗恩病）基本医疗统筹基金累计
cum_type_code	累计类别代码	DM02104	分裂情感性障碍基本医疗统筹基金累计
cum_type_code	累计类别代码	DM02103	持久的妄想性障碍（偏执性精神病）基本医疗统筹基金累计
cum_type_code	累计类别代码	DM02102	双相（情感）障碍基本医疗统筹基金累计
cum_type_code	累计类别代码	DM02105	癫痫所致精神障碍基本医疗统筹基金累计
cum_type_code	累计类别代码	DM02106	精神发育迟滞伴发精神障碍基本医疗统筹基金累计
cum_type_code	累计类别代码	DM01801	苯丙酮尿症-四氢生物蝶呤缺乏症基本医疗统筹基金累计
cum_type_code	累计类别代码	DM00117	肺结核（耐多药）基本医疗统筹基金累计
cum_type_code	累计类别代码	DM00102	结核性胸膜炎基本医疗统筹基金累计
cum_type_code	累计类别代码	DM00103	肺结核（复治）基本医疗统筹基金累计
cum_type_code	累计类别代码	DM00104	单耐药结核基本医疗统筹基金累计
cum_type_code	累计类别代码	D310401M00500	恶性肿瘤门诊治疗军转干部医疗补助基金累计
cum_type_code	累计类别代码	D310401M08300	器官移植抗排异治疗军转干部医疗补助基金累计
cum_type_code	累计类别代码	D310401M08302	造血干细胞移植排异治疗军转干部医疗补助基金累计
cum_type_code	累计类别代码	D310401M01603	糖尿病伴有并发症军转干部医疗补助基金累计
cum_type_code	累计类别代码	D310401M06200	肝硬化军转干部医疗补助基金累计
cum_type_code	累计类别代码	D310401M07101	系统性红斑狼疮军转干部医疗补助基金累计
cum_type_code	累计类别代码	D310401M07200	强直性脊柱炎军转干部医疗补助基金累计
cum_type_code	累计类别代码	D310401M02300	帕金森氏病军转干部医疗补助基金累计
cum_type_code	累计类别代码	D310401M04803	脑血管病后遗症军转干部医疗补助基金累计
cum_type_code	累计类别代码	D310401M04600	冠心病军转干部医疗补助基金累计
cum_type_code	累计类别代码	D310401M03904	高血压并发症军转干部医疗补助基金累计
cum_type_code	累计类别代码	D310401M06900	类风湿性关节炎军转干部医疗补助基
cum_type_code	累计类别代码	D310401M05300	慢性阻塞性肺病军转干部医疗补助基金累计
cum_type_code	累计类别代码	D310401M04100	肺源性心脏病军转干部医疗补助基金累计
cum_type_code	累计类别代码	D310401M00100	结核军转干部医疗补助基金累计
cum_type_code	累计类别代码	D310401M05600	肺间质纤维化军转干部医疗补助基金累计
cum_type_code	累计类别代码	D310401M04301	心功能不全军转干部医疗补助基金累计
cum_type_code	累计类别代码	D310401M00202	丙型肝炎（抗病毒治疗）军转干部医疗补助基金累计
cum_type_code	累计类别代码	D310401M00902	交界性肿瘤门诊治疗军转干部医疗补助基金累计
cum_type_code	累计类别代码	D310401M03700	视网膜静脉阻塞军转干部医疗补助基金累计
cum_type_code	累计类别代码	D310401DM01912	高脂血症军转干部医疗补助基金累计
cum_type_code	累计类别代码	D310401DM07900	前列腺增生军转干部医疗补助基金累计
cum_type_code	累计类别代码	D310401M02208	血管性痴呆军转干部医疗补助基金累计
cum_type_code	累计类别代码	D310401M07700	肾病综合征军转干部医疗补助基金累计
cum_type_code	累计类别代码	D310401M02202	抑郁症（中、重度）军转干部医疗补助基金累计
cum_type_code	累计类别代码	D310401M06502	炎症性肠病（慢性溃疡性结肠炎、克罗恩病）军转干部医疗补助基金累计
cum_type_code	累计类别代码	D310401M02101	精神分裂症军转干部医疗补助基金累计
cum_type_code	累计类别代码	D310401M02104	分裂情感性障碍军转干部医疗补助基金累计
cum_type_code	累计类别代码	D310401M02103	持久的妄想性障碍（偏执性精神病）军转干部医疗补助基金累计
cum_type_code	累计类别代码	D310401M02102	双相（情感）障碍军转干部医疗补助基金累计
cum_type_code	累计类别代码	D310401M02105	癫痫所致精神障碍军转干部医疗补助基金累计
cum_type_code	累计类别代码	D310401M02106	精神发育迟滞伴发精神障碍军转干部医疗补助基金累计
cum_type_code	累计类别代码	D310401M07803	终末期肾病(血液透析)军转干部医疗补助基金累计
cum_type_code	累计类别代码	D310401M07804	终末期肾病(腹膜透析)军转干部医疗补助基金累计
cum_type_code	累计类别代码	D310401M01601	I型糖尿病军转干部医疗补助基金累计
cum_type_code	累计类别代码	D310401M01702	甲状腺功能亢进症军转干部医疗补助基金累计
cum_type_code	累计类别代码	D310401M01800	苯丙酮尿症-经典型苯丙酮尿症军转干部医疗补助基金累计
cum_type_code	累计类别代码	D310401M01801	苯丙酮尿症-四氢生物蝶呤缺乏症军转干部医疗补助基金累计
cum_type_code	累计类别代码	D310401M00101	重特大门诊耐多药肺结核军转干部医疗补助基金累计
cum_type_code	累计类别代码	D310401M01102	再生障碍性贫血军转干部医疗补助基金累计
cum_type_code	累计类别代码	D310401M00117	肺结核（耐多药）军转干部医疗补助基金累计
cum_type_code	累计类别代码	D310401M00102	结核性胸膜炎军转干部医疗补助基金累计
cum_type_code	累计类别代码	D310401M00103	肺结核（复治）军转干部医疗补助基金累计
cum_type_code	累计类别代码	D310401M00104	单耐药结核军转干部医疗补助基金累计
cum_type_code	累计类别代码	D310401M00105	肺结核军转干部医疗补助基金累计
cum_type_code	累计类别代码	SM00117	肺结核（耐多药）合规费用累计
cum_type_code	累计类别代码	SM00102	结核性胸膜炎合规费用累计
cum_type_code	累计类别代码	SM00103	肺结核（复治）合规费用累计
cum_type_code	累计类别代码	SM00104	单耐药结核合规费用累计
cum_type_code	累计类别代码	D390101_BIZ14_M00100	居民基金支付累计_门诊慢特病_结核
cum_type_code	累计类别代码	D390101_BIZ14_M00200	居民基金支付累计_门诊慢特病_病毒性肝炎
cum_type_code	累计类别代码	D390101_BIZ14_M00500	居民基金支付累计_门诊慢特病_恶性肿瘤门诊治疗
cum_type_code	累计类别代码	D390101_BIZ14_M00804	居民基金支付累计_门诊慢特病_慢性髓细胞性白血病
cum_type_code	累计类别代码	D390101_BIZ14_M01100	居民基金支付累计_门诊慢特病_贫血
cum_type_code	累计类别代码	D390101_BIZ14_M01102	居民基金支付累计_门诊慢特病_再生障碍性贫血
cum_type_code	累计类别代码	D390101_BIZ14_M01200	居民基金支付累计_门诊慢特病_血友病
cum_type_code	累计类别代码	D390101_BIZ14_M01600	居民基金支付累计_门诊慢特病_糖尿病
cum_type_code	累计类别代码	D390101_BIZ14_M01702	居民基金支付累计_门诊慢特病_甲状腺功能亢进症
cum_type_code	累计类别代码	D390101_BIZ14_M01800	居民基金支付累计_门诊慢特病_苯丙酮尿症
cum_type_code	累计类别代码	D390101_BIZ14_M02100	居民基金支付累计_门诊慢特病_重症精神症
cum_type_code	累计类别代码	D390101_BIZ14_M02300	居民基金支付累计_门诊慢特病_帕金森病
cum_type_code	累计类别代码	D390101_BIZ14_M02500	居民基金支付累计_门诊慢特病_癫痫
cum_type_code	累计类别代码	D390101_BIZ14_M02601	居民基金支付累计_门诊慢特病_脑瘫
cum_type_code	累计类别代码	D390101_BIZ14_M03200	居民基金支付累计_门诊慢特病_重症肌无力
cum_type_code	累计类别代码	D390101_BIZ14_M03500	居民基金支付累计_门诊慢特病_白内障
cum_type_code	累计类别代码	D390101_BIZ14_M03900	居民基金支付累计_门诊慢特病_高血压
cum_type_code	累计类别代码	D390101_BIZ14_M04301	居民基金支付累计_门诊慢特病_慢性心力衰竭
cum_type_code	累计类别代码	D390101_BIZ14_M04600	居民基金支付累计_门诊慢特病_冠心病
cum_type_code	累计类别代码	D390101_BIZ14_M04803	居民基金支付累计_门诊慢特病_脑血管病后遗症
cum_type_code	累计类别代码	D390101_BIZ14_M05300	居民基金支付累计_门诊慢特病_慢性阻塞性肺疾病
cum_type_code	累计类别代码	D390101_BIZ14_M05400	居民基金支付累计_门诊慢特病_支气管哮喘
cum_type_code	累计类别代码	D390101_BIZ14_M06200	居民基金支付累计_门诊慢特病_肝硬化
cum_type_code	累计类别代码	D390101_BIZ14_M06900	居民基金支付累计_门诊慢特病_类风湿性关节炎
cum_type_code	累计类别代码	D390101_BIZ14_M07101	居民基金支付累计_门诊慢特病_系统性红斑狼疮
cum_type_code	累计类别代码	D390101_BIZ14_M07200	居民基金支付累计_门诊慢特病_强直性脊柱炎
cum_type_code	累计类别代码	D390101_BIZ14_M07600	居民基金支付累计_门诊慢特病_慢性肾炎
cum_type_code	累计类别代码	D390101_BIZ14_M07801	居民基金支付累计_门诊慢特病_透析
cum_type_code	累计类别代码	D390101_BIZ14_M07803	居民基金支付累计_门诊慢特病_血液透析
cum_type_code	累计类别代码	D390101_BIZ14_M08200	居民基金支付累计_门诊慢特病_先天性疾病
cum_type_code	累计类别代码	D390101_BIZ14_M08300	居民基金支付累计_门诊慢特病_器官移植抗排异治疗
cum_type_code	累计类别代码	D390101_BIZ14_M08500	居民基金支付累计_门诊慢特病_儿童听力障碍
cum_type_code	累计类别代码	D390101_BIZ14_M12100	居民基金支付累计_门诊慢特病_新冠肺炎康复治疗
cum_type_code	累计类别代码	D390101_BIZ14_M12900	居民基金支付累计_门诊慢特病_危重症抢救
cum_type_code	累计类别代码	D390101_BIZ14_M01602	居民基金支付累计_门诊慢特病_2型糖尿病
cum_type_code	累计类别代码	D390101_BIZ14_M01701	居民基金支付累计_门诊慢特病_甲状腺功能减退症
cum_type_code	累计类别代码	D390101_BIZ14_M05200	居民基金支付累计_门诊慢特病_阻塞性肺气肿
cum_type_code	累计类别代码	D390101_BIZ14_M06201	居民基金支付累计_门诊慢特病_肝硬化失代偿期
cum_type_code	累计类别代码	D390101_BIZ14_M08201	居民基金支付累计_门诊慢特病_心腔和心连接的先天性畸形
cum_type_code	累计类别代码	D390101_BIZ14_M08301	居民基金支付累计_门诊慢特病_肾移植抗排异治疗
cum_type_code	累计类别代码	D390101_BIZ14_M08302	居民基金支付累计_门诊慢特病_骨髓移植抗排异治疗
cum_type_code	累计类别代码	D390101_BIZ14_M08303	居民基金支付累计_门诊慢特病_心移植抗排异治疗
cum_type_code	累计类别代码	D390101_BIZ14_M08304	居民基金支付累计_门诊慢特病_肝移植抗排异治疗
cum_type_code	累计类别代码	D390101_BIZ14_M08305	居民基金支付累计_门诊慢特病_肺移植抗排异治疗
cum_type_code	累计类别代码	D390101_BIZ14_M08306	居民基金支付累计_门诊慢特病_肝肾移植抗排异治疗
cum_type_code	累计类别代码	D390101_BIZ14_M08403	居民基金支付累计_门诊慢特病_血管支架植入术后状态
cum_type_code	累计类别代码	D390101_BIZ14_M08404	居民基金支付累计_门诊慢特病_具有假体心脏瓣膜
cum_type_code	累计类别代码	D390101_BIZ14_M12511	居民基金支付累计_门诊慢特病_听力障碍的康复治疗
cum_type_code	累计类别代码	D390101_BIZ14_M02207	居民基金支付累计_门诊慢特病_儿童孤独症
cum_type_code	累计类别代码	D390101_BIZ14_M02209	居民基金支付累计_门诊慢特病_焦虑症
cum_type_code	累计类别代码	D390101_BIZ14_M02400	居民基金支付累计_门诊慢特病_阿尔茨海默病
cum_type_code	累计类别代码	D390101_BIZ14_M04300	居民基金支付累计_门诊慢特病_心功能不全
cum_type_code	累计类别代码	D390101_BIZ14_M05800	居民基金支付累计_门诊慢特病_消化性溃疡
cum_type_code	累计类别代码	D390101_BIZ14_M11801	居民基金支付累计_门诊慢特病_特应性皮炎
cum_type_code	累计类别代码	D390101_BIZ14_M12500	居民基金支付累计_门诊慢特病_康复治疗
cum_type_code	累计类别代码	D390101_BIZ14_M12510	居民基金支付累计_门诊慢特病_残疾的康复治疗
cum_type_code	累计类别代码	D390101_BIZ14_M12513	居民基金支付累计_门诊慢特病_智力康复
cum_type_code	累计类别代码	D390101_BIZ14_M90400	居民基金支付累计_门诊慢特病_意外伤害
cum_type_code	累计类别代码	S310101BIZ1401POLC001	职工门慢统筹一段基本医疗统筹合规费用累计
cum_type_code	累计类别代码	S310101BIZ11POLC001	职工普通门诊统筹一段基本医疗统筹合规费用累计
cum_type_code	累计类别代码	S310101BIZ21POLC001	职工住院统筹一段基本医疗统筹合规费用累计
cum_type_code	累计类别代码	S310101BIZ1402POLC001	职工门特统筹一段基本医疗统筹合规费用累计
cum_type_code	累计类别代码	S310101BIZ1401POLC002	职工门慢统筹二段基本医疗统筹合规费用累计
cum_type_code	累计类别代码	S310101BIZ11POLC002	职工普通门诊统筹二段基本医疗统筹合规费用累计
cum_type_code	累计类别代码	S310101BIZ21POLC002	职工住院统筹二段基本医疗统筹合规费用累计
cum_type_code	累计类别代码	S310101BIZ1402POLC002	职工门特统筹二段基本医疗统筹合规费用累计
cum_type_code	累计类别代码	D390101BIZ11POLC001	居民普通门诊统筹一段基本医疗统筹基金累计
cum_type_code	累计类别代码	D390101BIZ1401POLC001	居民门慢统筹一段基本医疗统筹基金累计
cum_type_code	累计类别代码	S390101BIZ21POLC001	居民住院统筹一段基本医疗统筹合规费用累计
cum_type_code	累计类别代码	S390101BIZ1402POLC001	居民门特统筹一段基本医疗统筹合规费用累计
cum_type_code	累计类别代码	D390101BIZ11POLC002	居民普通门诊统筹二段基本医疗统筹基金累计
cum_type_code	累计类别代码	D390101BIZ1401POLC002	居民门慢统筹二段基本医疗统筹基金累计
cum_type_code	累计类别代码	S390101BIZ11POLC001	居民普通门诊统筹一段基本医疗统筹合规费用累计
cum_type_code	累计类别代码	S390101BIZ1401POLC001	居民门慢统筹一段基本医疗统筹合规费用累计
cum_type_code	累计类别代码	S390101BIZ11POLC002	居民普通门诊统筹二段基本医疗统筹合规费用累计
cum_type_code	累计类别代码	S390101BIZ1401POLC002	居民门慢统筹二段基本医疗统筹合规费用累计
cum_type_code	累计类别代码	TQ320101BIZ1401	门慢公务员补助起付线累计
cum_type_code	累计类别代码	TQ320101BIZ11	普通门诊公务员补助起付线累计
cum_type_code	累计类别代码	TQ620101TH03	商保三段起付线累计
cum_type_code	累计类别代码	TQ620101TH04	商保四段起付线累计
cum_type_code	累计类别代码	S390101BIZ14	居民门慢救助累计纳入
cum_type_code	累计类别代码	D999719	工会补助基金支出累计
cum_type_code	累计类别代码	TS999719	工会互助符合范围金额累计
cum_type_code	累计类别代码	D340301	离休人员备用金累计支付金额
cum_type_code	累计类别代码	TQ610110	残联合规费用累计
cum_type_code	累计类别代码	TQ99999701	二乙补助起付金额累计
cum_type_code	累计类别代码	TQ99999781	卫健合规费用累计
cum_type_code	累计类别代码	TQ620101TH01	商保一段起付线累计
cum_type_code	累计类别代码	TQ99999783	医疗援助累计
cum_type_code	累计类别代码	D320101_SEC	公务员二次报销基金累计
cum_type_code	累计类别代码	Q3200_SEC	公务员二次报销合规费用累计
cum_type_code	累计类别代码	TQ330101_SEC	二次报销起付线累计
cum_type_code	累计类别代码	D330101_SEC	二次报销基金累计
cum_type_code	累计类别代码	S330101_SEC	二次报销合规费用累计
cum_type_code	累计类别代码	D370301	人保健康企业补充基金累计
cum_type_code	累计类别代码	S310101BIZ21POLC003	职工住院统筹三段基本医疗统筹合规费用累计
cum_type_code	累计类别代码	S390101BIZ21POLC002	居民住院统筹二段基本医疗统筹合规费用累计
cum_type_code	累计类别代码	D6102011	优抚对象医疗补助基金（门诊）
cum_type_code	累计类别代码	D6102012	优抚对象医疗补助基金（住院）
cum_type_code	累计类别代码	S310S12BIZ11JJZF001	职工省12慢病门诊统筹一段基本医疗统筹基金支付累计
cum_type_code	累计类别代码	S310101BIZ11JJZF001	职工普通门诊统筹一段基本医疗统筹基金支付累计
cum_type_code	累计类别代码	Z9999151	罕见病商保基金支付累计
cum_type_code	累计类别代码	S620101_DEDC	商保起付线合规费用累计
cum_type_code	累计类别代码	TQ620101TH02	商保二段起付线累计
cum_type_code	累计类别代码	Q1100_RED	普通门诊起付线减免累计
cum_type_code	累计类别代码	Q1401_RED	门诊慢性病起付线减免累计
cum_type_code	累计类别代码	TQ320101BIZ1402	门特公务员补助起付线累计
cum_type_code	累计类别代码	TQ320101BIZ21	住院公务员补助起付线累计
cum_type_code	累计类别代码	D31040201	精防医疗补助基金累计
cum_type_code	累计类别代码	D31040200	财政补充基金累计
cum_type_code	累计类别代码	D31040199	免缴补充基金累计
cum_type_code	累计类别代码	Q2100_BIZ_01	住院起付金额累计(一级医院)
cum_type_code	累计类别代码	Q2100_BIZ_02	住院起付金额累计(二级医院)
cum_type_code	累计类别代码	Q2100_BIZ_03	住院起付金额累计(三级医院)
cum_type_code	累计类别代码	Z99999701	优抚补助起付金额累计
cum_type_code	累计类别代码	Q2100_BIZ_310	职工住院起付线累计
cum_type_code	累计类别代码	Q2100_BIZ_390	居民住院起付线累计
cum_type_code	累计类别代码	S310101BIZ1402POLC003	职工门特统筹三段基本医疗统筹合规费用累计
cum_type_code	累计类别代码	Q999719	工会起付线金额累计
cum_type_code	累计类别代码	D999719_BIZ21	工会住院津贴支出累计
cum_type_code	累计类别代码	D3990101	劳模基金支出累计
cum_type_code	累计类别代码	C1400M0780101	血液透析次数
cum_type_code	累计类别代码	C1400M0780102	血液透析滤过次数
cum_type_code	累计类别代码	C1400M0780103	血液灌流次数
cum_type_code	累计类别代码	TQ620101TH05	商保五段起付线累计
cum_type_code	累计类别代码	D310101TRE110201	门诊两病（高血压）职工统筹基金
cum_type_code	累计类别代码	D310101TRE110202	门诊两病（糖尿病）职工统筹基金
cum_type_code	累计类别代码	D610101BIZ1104	门诊两病（高血压）医疗救助基金
cum_type_code	累计类别代码	D610101BIZ1105	门诊两病（糖尿病）医疗救助基金
cum_type_code	累计类别代码	DM0780101	尿毒症透析其它费用基金累计
cum_type_code	累计类别代码	DM0780102	腹膜透析费用基金累计
cum_type_code	累计类别代码	D390101M00904	原发性骨髓纤维化城乡居民基本医疗保险基金累计（居民）
cum_type_code	累计类别代码	D390101M00901	真性红细胞增多症城乡居民基本医疗保险基金累计（居民）
cum_type_code	累计类别代码	D390101M00903	原发性血小板增多症城乡居民基本医疗保险基金累计（居民）
cum_type_code	累计类别代码	D390101M00500	恶性肿瘤门诊治疗城乡居民基本医疗保险基金累计（居民）
cum_type_code	累计类别代码	D390101M08300	器官移植抗排异治疗城乡居民基本医疗保险基金累计（居民）
cum_type_code	累计类别代码	D390101M01200	血友病城乡居民基本医疗保险基金累计（居民）
cum_type_code	累计类别代码	D390101M07801	尿毒症透析城乡居民基本医疗保险基金累计（居民）
cum_type_code	累计类别代码	D390210M00904	原发性骨髓纤维化城乡居民大病医疗保险基金累计（居民）
cum_type_code	累计类别代码	D390210M00901	真性红细胞增多症城乡居民大病医疗保险基金累计（居民）
cum_type_code	累计类别代码	D390210M00903	原发性血小板增多症城乡居民大病医疗保险基金累计（居民）
cum_type_code	累计类别代码	D390210M00500	恶性肿瘤门诊治疗城乡居民大病医疗保险基金累计（居民）
cum_type_code	累计类别代码	D390210M08300	器官移植抗排异治疗城乡居民大病医疗保险基金累计（居民）
cum_type_code	累计类别代码	D390210M01200	血友病城乡居民大病医疗保险基金累计（居民）
cum_type_code	累计类别代码	D390201M07801	尿毒症透析城乡居民大病医疗保险基金累计（居民）
cum_type_code	累计类别代码	D390201M01801	四氢生物蝶呤缺乏症城乡居民大病医疗保险基金累计
cum_type_code	累计类别代码	D390201M01803	苯丙酮尿症合并智力低下城乡居民大病医疗保险基金累计
cum_type_code	累计类别代码	D330101M01800	苯丙酮尿症经典型城镇职工大额医疗保险基金累计
cum_type_code	累计类别代码	D330101M01801	四氢生物蝶呤缺乏症城镇职工大额医疗保险基金累计
cum_type_code	累计类别代码	D330101M01803	苯丙酮尿症合并智力低下城镇职工大额医疗保险基金累计
cum_type_code	累计类别代码	D320101M11700	甲状腺功能减退症公务员基金累计(职工)
cum_type_code	累计类别代码	D320101M07401	股骨头坏死公务员基金累计(职工)
cum_type_code	累计类别代码	D320101M02500	癫痫公务员基金累计(职工)
cum_type_code	累计类别代码	D310101M04301	慢性心力衰竭基本医疗统筹基金累计
cum_type_code	累计类别代码		（职工）
cum_type_code	累计类别代码	D320101M04301	慢性心力衰竭公务员基金累计(职工)
cum_type_code	累计类别代码	D330101M04301	慢性心力衰竭大额医疗保险统筹基金累计（职工）
cum_type_code	累计类别代码	D310101M05400	支气管哮喘基本医疗统筹基金累计（职工）
cum_type_code	累计类别代码	D320101M05400	支气管哮喘公务员基金累计(职工)
cum_type_code	累计类别代码	D330101M05400	支气管哮喘大额医疗保险统筹基金累计（职工）
cum_type_code	累计类别代码	D310101M09000	膝关节骨性关节炎基本医疗统筹基金累计（职工）
cum_type_code	累计类别代码	D320101M09000	膝关节骨性关节炎公务员基金累计(职工)
cum_type_code	累计类别代码	D330101M09000	膝关节骨性关节炎大额医疗保险统筹基金累计（职工）
cum_type_code	累计类别代码	D310101M07300	慢性骨髓炎（化脓性）基本医疗统筹基金累计（职工）
cum_type_code	累计类别代码	D320101M07300	慢性骨髓炎（化脓性）公务员基金累计(职工)
cum_type_code	累计类别代码	D330101M07300	慢性骨髓炎（化脓性）大额医疗保险统筹基金累计（职工）
cum_type_code	累计类别代码	D320101M07200	强直性脊柱炎公务员基金累计(职工)
cum_type_code	累计类别代码	D310101M10500	白癜风基本医疗统筹基金累计（职工）
cum_type_code	累计类别代码	D320101M10500	白癜风公务员基金累计(职工)
cum_type_code	累计类别代码	D330101M10500	白癜风大额医疗保险统筹基金累计（职工）
cum_type_code	累计类别代码	D310101M06700	银屑病基本医疗统筹基金累计（职工）
cum_type_code	累计类别代码	D320101M06700	银屑病公务员基金累计(职工)
cum_type_code	累计类别代码	D330101M06700	银屑病大额医疗保险统筹基金累计（职工）
cum_type_code	累计类别代码	D310101M07108	脉管炎基本医疗统筹基金累计（职工）
cum_type_code	累计类别代码	D320101M07108	脉管炎公务员基金累计(职工)
cum_type_code	累计类别代码	D330101M07108	脉管炎大额医疗保险统筹基金累计（职工）
cum_type_code	累计类别代码	D310101M02400	阿尔茨海默病基本医疗统筹基金累计（职工）
cum_type_code	累计类别代码	D320101M02400	阿尔茨海默病公务员基金累计(职工)
cum_type_code	累计类别代码	D330101M02400	阿尔茨海默病大额医疗保险统筹基金累计（职工）
cum_type_code	累计类别代码	D310101M07105	系统性硬化症基本医疗统筹基金累计（职工）
cum_type_code	累计类别代码	D320101M07105	系统性硬化症公务员基金累计(职工)
cum_type_code	累计类别代码	D330101M07105	系统性硬化症大额医疗保险统筹基金累计（职工）
cum_type_code	累计类别代码	D310101M06502	炎症性肠病基本医疗统筹基金累计（职工）
cum_type_code	累计类别代码	D320101M06502	炎症性肠病公务员基金累计(职工)
cum_type_code	累计类别代码	D330101M06502	炎症性肠病大额医疗保险统筹基金累计（职工）
cum_type_code	累计类别代码	D310101M01501	免疫性血小板减少症（原发性）基本医疗统筹基金累计（职工）
cum_type_code	累计类别代码	D320101M01501	免疫性血小板减少症（原发性）公务员基金累计(职工)
cum_type_code	累计类别代码	D330101M01501	免疫性血小板减少症（原发性）大额医疗保险统筹基金累计（职工）
cum_type_code	累计类别代码	D320101M04500	心脏瓣膜病（器质性）公务员基金累计(职工)
cum_type_code	累计类别代码	D310101M03000	中枢神经系统脱髓鞘疾病基本医疗统筹基金累计（职工）
cum_type_code	累计类别代码	D320101M03000	中枢神经系统脱髓鞘疾病公务员基金累计(职工)
cum_type_code	累计类别代码	D330101M03000	中枢神经系统脱髓鞘疾病大额医疗保险统筹基金累计（职工）
cum_type_code	累计类别代码	D310101M08800	大骨节病基本医疗统筹基金累计（职工）
cum_type_code	累计类别代码	D320101M08800	大骨节病公务员基金累计(职工)
cum_type_code	累计类别代码	D330101M08800	大骨节病大额医疗保险统筹基金累计（职工）
cum_type_code	累计类别代码	D310101M01913	克山病基本医疗统筹基金累计（职工）
cum_type_code	累计类别代码	D320101M01913	克山病公务员基金累计(职工)
cum_type_code	累计类别代码	D330101M01913	克山病大额医疗保险统筹基金累计（职工）
cum_type_code	累计类别代码	D310101M06201	肝硬化（失代偿期）基本医疗统筹基金累计（职工）
cum_type_code	累计类别代码	D320101M06201	肝硬化（失代偿期）公务员基金累计(职工)
cum_type_code	累计类别代码	D330101M06201	肝硬化（失代偿期）大额医疗保险统筹基金累计（职工）
cum_type_code	累计类别代码	D99999701	二乙基金累计支付
cum_type_code	累计类别代码	D310201	城镇职工基本医疗保险个人账户基金
cum_type_code	累计类别代码	D310203	城镇职工基本医疗保险个人账户基金支付累计
cum_type_code	累计类别代码	D370201	公益补充保险基金
cum_type_code	累计类别代码	D610105	健康扶贫基金
cum_type_code	累计类别代码	D610107	医疗救助再救助基金支付累计
cum_type_code	累计类别代码	D650101	职工大病保险基金自费大病支付累计
cum_type_code	累计类别代码	D650102	城乡居民大病医疗保险自费基金支付累计
cum_type_code	累计类别代码	D99999602	医院承担
cum_type_code	累计类别代码	D99999703	地方补充医疗保险基金支付累计
cum_type_code	累计类别代码	D99999748	长期护理保险基金支付累计
cum_type_code	累计类别代码	D99999751	个人历年账户基金支付
cum_type_code	累计类别代码	D99999754	公务员补助账户支付累计
cum_type_code	累计类别代码	D99999758	公费医疗照顾基金支付累计
cum_type_code	累计类别代码	D99999791	劳模医疗保障基金
cum_type_code	累计类别代码	L0000	起付次数且所有业务的累计
cum_type_code	累计类别代码	Q0002	城乡居民大病保险起付标准累计
cum_type_code	累计类别代码	S0001	符合费用累计
cum_type_code	累计类别代码	S0002	基本医疗大额段符合费用的年度累计
cum_type_code	累计类别代码	TD610101	市外医疗机构居民社会救助基金累计
cum_type_code	累计类别代码	TQ610101	救助起付线累计
cum_type_code	累计类别代码	TS650101	职工大病保险合规自费累计
cum_type_code	累计类别代码	DM07815	透析门诊用药基本医疗统筹基金累计
cum_type_code	累计类别代码	DM00588	恶性肿瘤（药物灌注）基本医疗统筹基金累计
cum_type_code	累计类别代码	D610101_BIZ210901	儿童白血病医疗救助基金支付累计
cum_type_code	累计类别代码	TS610101_BIZ210901	儿童白血病医疗救助合规费用累计
cum_type_code	累计类别代码	C0000_BIZ110201	门诊放化疗次数累计项
cum_type_code	累计类别代码	D310101_BIZ28	职工门诊手术统筹基金累计项
cum_type_code	累计类别代码	D320101_BIZ14	门慢公务员累计
cum_type_code	累计类别代码	D390101_BIZ11	居民普通门诊基本统筹基金累计项
cum_type_code	累计类别代码	D390101_BIZ14	居民门诊慢特病基本统筹基金累计项
cum_type_code	累计类别代码	D390101_BIZ9901	居民门诊两病基本统筹基金累计项
cum_type_code	累计类别代码	D390101_TRE110_1	居民一级普通门诊统筹基金累计
cum_type_code	累计类别代码	D390101_TRE210101006	居民重特大疾病苯丙酮尿症基本统筹基金累计项
cum_type_code	累计类别代码	D390401	居民意外伤害基金累计项
cum_type_code	累计类别代码	D610101_BIZ11	普通门诊医疗救助基金累计项
cum_type_code	累计类别代码	D610101_TRE141_310	职工慢性病医疗救助基金累计支出
cum_type_code	累计类别代码	Q0000_BIZ21	普通住院业务起付线累计项
cum_type_code	累计类别代码	Q0000_BIZ21_ILLU85x02	恶性肿瘤住院起付线单独累计
cum_type_code	累计类别代码	Q0000_BIZ28	门诊手术起付标准累计项
cum_type_code	累计类别代码	Q0000_TRE110_390_1	居民普通门诊一级机构起付线累计
cum_type_code	累计类别代码	Q0000_TRE110_390_2	居民普通门诊二级机构起付线累计
cum_type_code	累计类别代码	Q0000_TRE110_390_3	居民普通门诊三级机构起付线累计
cum_type_code	累计类别代码	Q0000_TRE990502_310	职工特殊情况门诊起付线
cum_type_code	累计类别代码	Q0000_TRE9933_310	职工肾透析门诊统筹起付线累计
cum_type_code	累计类别代码	S0000_declar390	居民统筹符合范围累计
cum_type_code	累计类别代码	Z310990502	职工特殊情况门诊年度累计费用
cum_type_code	累计类别代码	fundPaySumamt	基金支付总额
cum_type_code	累计类别代码	mafPay	医疗救助基金支出
cum_type_code	累计类别代码	othPay	其它基金支付
cum_type_code	累计类别代码	payLineAllFund	本次起付线
cum_type_code	累计类别代码	D310101ZY0015	慢性胃炎基本医疗统筹基金累计(职工)
cum_type_code	累计类别代码	D310101ZY0019	哮喘基本医疗统筹基金累计(职工)
cum_type_code	累计类别代码	D320101ZY0001	颈椎病公务员基金累计(职工)
cum_type_code	累计类别代码	D320101ZY0002	腰椎间盘突出症公务员基金累计(职工)
cum_type_code	累计类别代码	D320101ZY0003	骨性关节炎公务员基金累计(职工)
cum_type_code	累计类别代码	D320101ZY0004	腰痛公务员基金累计(职工)
cum_type_code	累计类别代码	D320101ZY0005	肩周炎公务员基金累计(职工)
cum_type_code	累计类别代码	D320101ZY0006	脑梗恢复期公务员基金累计(职工)
cum_type_code	累计类别代码	D320101ZY0007	脑出血恢复期公务员基金累计(职工)
cum_type_code	累计类别代码	D320101ZY0008	前庭性旺晕公务员基金累计(职工)
cum_type_code	累计类别代码	D320101ZY0009	后循环缺血公务员基金累计(职工)
cum_type_code	累计类别代码	D320101ZY0010	椎基底动脉供血不足公务员基金累计(职工)
cum_type_code	累计类别代码	D320101ZY0011	短督性脑缺血公务员基金累计(职工)
cum_type_code	累计类别代码	D320101ZY0012	面神经炎公务员基金累计(职工)
cum_type_code	累计类别代码	D320101ZY0013	紧张性头痛公务员基金累计(职工)
cum_type_code	累计类别代码	D320101ZY0014	睡眠障碍公务员基金累计(职工)
cum_type_code	累计类别代码	D320101ZY0015	慢性胃炎公务员基金累计(职工)
cum_type_code	累计类别代码	D320101ZY0016	神经性耳聋公务员基金累计(职工)
cum_type_code	累计类别代码	D320101ZY0017	过敏性鼻炎公务员基金累计(职工)
cum_type_code	累计类别代码	D320101ZY0018	荨麻疹公务员基金累计(职工)
cum_type_code	累计类别代码	D320101ZY0019	哮喘公务员基金累计(职工)
cum_type_code	累计类别代码	D320101ZY0020	月经不规则公务员基金累计(职工)
cum_type_code	累计类别代码	D330101ZY0001	颈椎病大额医疗保险统筹基金累计（职工）
cum_type_code	累计类别代码	D330101ZY0002	腰椎间盘突出症大额医疗保险统筹基金累计（职工）
cum_type_code	累计类别代码	D330101ZY0003	骨性关节炎大额医疗保险统筹基金累计（职工）
cum_type_code	累计类别代码	D330101ZY0004	腰痛大额医疗保险统筹基金累计（职工）
cum_type_code	累计类别代码	D330101ZY0005	肩周炎大额医疗保险统筹基金累计（职工）
cum_type_code	累计类别代码	D330101ZY0006	脑梗恢复期大额医疗保险统筹基金累计（职工）
cum_type_code	累计类别代码	D330101ZY0007	脑出血恢复期大额医疗保险统筹基金累计（职工）
cum_type_code	累计类别代码	D330101ZY0008	前庭性旺晕大额医疗保险统筹基金累计（职工）
cum_type_code	累计类别代码	D330101ZY0009	后循环缺血大额医疗保险统筹基金累计（职工）
cum_type_code	累计类别代码	D330101ZY0010	椎基底动脉供血不足大额医疗保险统筹基金累计（职工）
cum_type_code	累计类别代码	D330101ZY0011	短督性脑缺血大额医疗保险统筹基金累计（职工）
cum_type_code	累计类别代码	D330101ZY0012	面神经炎大额医疗保险统筹基金累计（职工）
cum_type_code	累计类别代码	D330101ZY0013	紧张性头痛大额医疗保险统筹基金累计（职工）
cum_type_code	累计类别代码	D330101ZY0014	睡眠障碍大额医疗保险统筹基金累计（职工）
cum_type_code	累计类别代码	D330101ZY0015	慢性胃炎大额医疗保险统筹基金累计（职工）
cum_type_code	累计类别代码	D330101ZY0016	神经性耳聋大额医疗保险统筹基金累计（职工）
cum_type_code	累计类别代码	D330101ZY0017	过敏性鼻炎大额医疗保险统筹基金累计（职工）
cum_type_code	累计类别代码	D330101ZY0018	荨麻疹大额医疗保险统筹基金累计（职工）
cum_type_code	累计类别代码	D330101ZY0019	哮喘大额医疗保险统筹基金累计（职工）
cum_type_code	累计类别代码	D330101ZY0020	月经不规则大额医疗保险统筹基金累计（职工）
cum_type_code	累计类别代码	D390101ZY0001	颈椎病基本医疗统筹基金累计（居民）
cum_type_code	累计类别代码	D390101ZY0002	腰椎间盘突出症基本医疗统筹基金累计（居民）
cum_type_code	累计类别代码	D390101ZY0003	骨性关节炎基本医疗统筹基金累计（居民）
cum_type_code	累计类别代码	D390101ZY0004	腰痛基本医疗统筹基金累计（居民）
cum_type_code	累计类别代码	D390101ZY0005	肩周炎基本医疗统筹基金累计（居民）
cum_type_code	累计类别代码	D390101ZY0006	脑梗恢复期基本医疗统筹基金累计（居民）
cum_type_code	累计类别代码	D390101ZY0007	脑出血恢复期基本医疗统筹基金累计（居民）
cum_type_code	累计类别代码	D390101ZY0008	前庭性旺晕基本医疗统筹基金累计（居民）
cum_type_code	累计类别代码	D390101ZY0009	后循环缺血基本医疗统筹基金累计（居民）
cum_type_code	累计类别代码	D390101ZY0010	椎基底动脉供血不足基本医疗统筹基金累计（居民）
cum_type_code	累计类别代码	D390101ZY0011	短督性脑缺血基本医疗统筹基金累计（居民）
cum_type_code	累计类别代码	D390101ZY0012	面神经炎基本医疗统筹基金累计（居民）
cum_type_code	累计类别代码	D390101ZY0013	紧张性头痛基本医疗统筹基金累计（居民）
cum_type_code	累计类别代码	D390101ZY0014	睡眠障碍基本医疗统筹基金累计（居民）
cum_type_code	累计类别代码	D390101ZY0015	慢性胃炎基本医疗统筹基金累计（居民）
cum_type_code	累计类别代码	D390101ZY0016	神经性耳聋基本医疗统筹基金累计（居民）
cum_type_code	累计类别代码	D390101ZY0017	过敏性鼻炎基本医疗统筹基金累计（居民）
cum_type_code	累计类别代码	D390101ZY0018	荨麻疹基本医疗统筹基金累计（居民）
cum_type_code	累计类别代码	D390101ZY0019	哮喘基本医疗统筹基金累计（居民）
cum_type_code	累计类别代码	D390101ZY0020	月经不规则基本医疗统筹基金累计（居民）
cum_type_code	累计类别代码	D390201ZY0001	颈椎病大病医疗保险统筹基金累计（居民）
cum_type_code	累计类别代码	D390201ZY0002	腰椎间盘突出症大病医疗保险统筹基金累计（居民）
cum_type_code	累计类别代码	D390201ZY0003	骨性关节炎大病医疗保险统筹基金累计（居民）
cum_type_code	累计类别代码	D390201ZY0004	腰痛大病医疗保险统筹基金累计（居民）
cum_type_code	累计类别代码	D390201ZY0005	肩周炎大病医疗保险统筹基金累计（居民）
cum_type_code	累计类别代码	D390201ZY0006	脑梗恢复期大病医疗保险统筹基金累计（居民）
cum_type_code	累计类别代码	D390201ZY0007	脑出血恢复期大病医疗保险统筹基金累计（居民）
cum_type_code	累计类别代码	D390201ZY0008	前庭性旺晕大病医疗保险统筹基金累计（居民）
cum_type_code	累计类别代码	D390201ZY0009	后循环缺血大病医疗保险统筹基金累
cum_type_code	累计类别代码		计（居民）
cum_type_code	累计类别代码	D390201ZY0010	椎基底动脉供血不足大病医疗保险统筹基金累计（居民）
cum_type_code	累计类别代码	D390201ZY0011	短督性脑缺血大病医疗保险统筹基金累计（居民）
cum_type_code	累计类别代码	D390201ZY0012	面神经炎大病医疗保险统筹基金累计（居民）
cum_type_code	累计类别代码	D390201ZY0013	紧张性头痛大病医疗保险统筹基金累计（居民）
cum_type_code	累计类别代码	D390201ZY0014	睡眠障碍大病医疗保险统筹基金累计（居民）
cum_type_code	累计类别代码	D390201ZY0015	慢性胃炎大病医疗保险统筹基金累计（居民）
cum_type_code	累计类别代码	D390201ZY0016	神经性耳聋大病医疗保险统筹基金累计（居民）
cum_type_code	累计类别代码	D390201ZY0017	过敏性鼻炎大病医疗保险统筹基金累计（居民）
cum_type_code	累计类别代码	D390201ZY0018	荨麻疹大病医疗保险统筹基金累计（居民）
cum_type_code	累计类别代码	D390201ZY0019	哮喘大病医疗保险统筹基金累计（居民）
cum_type_code	累计类别代码	D390201ZY0020	月经不规则大病医疗保险统筹基金累计（居民）
cum_type_code	累计类别代码	D390101_TRE110_meng	蒙中医普通门诊统筹基金累计
cum_type_code	累计类别代码	D610101_TRE210_310	住院职工医疗救助基金支出累计
cum_type_code	累计类别代码	D310230_TRE110	门急诊共济账户累计
cum_type_code	累计类别代码	D310230_TRE410	职工药店共济账户累计
cum_type_code	累计类别代码	D310230	共济账户累计
cum_type_code	累计类别代码	D310230_AUTHER	共济账户支出
cum_type_code	累计类别代码	D310230_TRE110_POLS001	门急诊自负段共济账户累计
cum_type_code	累计类别代码	D310230_TRE110_POLL001	门急诊附加段共济账户累计
cum_type_code	累计类别代码	D310230_TRE210_POLS001	住院起付段共济账户累计
cum_type_code	累计类别代码	D310230_TRE210_POLC001	住院统筹段共济账户累计
cum_type_code	累计类别代码	D310230_TRE210_POLL001	住院附加段共济账户累计
cum_type_code	累计类别代码	D310230_TRE240_POLS001	急观起付段共济账户累计
cum_type_code	累计类别代码	D310230_TRE240_POLC001	急观统筹段共济账户累计
cum_type_code	累计类别代码	D310230_TRE240_POLL001	急观附加段共济账户累计
cum_type_code	累计类别代码	D310230_TRE14M101_POLC001	大病统筹段共济账户累计
cum_type_code	累计类别代码	D310230_TRE14M101_POLL001	大病附加段共济账户累计
cum_type_code	累计类别代码	D310230_TRE710_POLC001	家床统筹段共济账户累计
cum_type_code	累计类别代码	D310230_TRE710_POLL001	家床附加段共济账户累计
cum_type_code	累计类别代码	D310230_TRE110_POLS002	居民门急诊自负段共济账户累计
cum_type_code	累计类别代码	D310230_TRE110_POLC002	居民门急诊统筹段共济账户累计
cum_type_code	累计类别代码	D310230_TRE210_POLS002	居民住院起付段共济账户累计
cum_type_code	累计类别代码	D310230_TRE210_POLC002	居民住院统筹段共济账户累计
cum_type_code	累计类别代码	D310230_TRE240_POLS002	居民急观起付段共济账户累计
cum_type_code	累计类别代码	D310230_TRE240_POLC002	居民急观统筹段共济账户累计
cum_type_code	累计类别代码	D310230_BIZ4101	居民药店共济账户累计
cum_type_code	累计类别代码	D310230_TRE110_CAT99031	高价药门急诊共济账户累计
cum_type_code	累计类别代码	D310230_TRE110_PLCS001_CAT9903	高价药门急诊自负段共济账户累计
cum_type_code	累计类别代码	D310230_TRE110_PLCC001_CAT9903	高价药门急诊统筹段共济账户累计
cum_type_code	累计类别代码	D310230_TRE110_PLCL001_CAT9903	高价药门急诊附加段共济账户累计
cum_type_code	累计类别代码	D310230_TRE210_PLCS001_CAT9903	高价药住院起付段共济账户累计
cum_type_code	累计类别代码	D310230_TRE210_PLCC001_CAT9903	高价药住院统筹段共济账户累计
cum_type_code	累计类别代码	D310230_TRE210_PLCL001_CAT9903	高价药住院附加段共济账户累计
cum_type_code	累计类别代码	D310230_TRE110_CAT99032	高价药定额自负门急诊共济账户累计
cum_type_code	累计类别代码	D310230_TRE110_PLCS001_CAT9903	高价药定额自负门急诊自负段共济账户累计
cum_type_code	累计类别代码	D310230_TRE110_PLCC001_CAT9903	高价药定额自负门急诊统筹段共济账户累计
cum_type_code	累计类别代码	D310230_TRE110_PLCL001_CAT9903	高价药定额自负门急诊附加段共济账户累计
cum_type_code	累计类别代码	D310230_TRE210_PLCS001_CAT9903	高价药定额自负住院起付段共济账户累计
cum_type_code	累计类别代码	D310230_TRE210_PLCC001_CAT9903	高价药定额自负住院统筹段共济账户累计
cum_type_code	累计类别代码	D310230_TRE210_PLCL001_CAT9903	高价药定额自负住院附加段共济账户累计
cum_type_code	累计类别代码	Q2114	舒缓疗护住院起付线累计
cum_type_code	累计类别代码	D390101_BIZ1401_POOR	脱贫人口门慢病种统筹基金累计
cum_type_code	累计类别代码	S1401_POOR	脱贫人口门慢病种合规费用累计
cum_type_code	累计类别代码	prDayM00101	耐多药肺结核起付线天数累计
cum_type_code	累计类别代码	prDayM00111	结核（活动期）起付线天数累计
cum_type_code	累计类别代码	prDayM00210	慢性肝炎治疗巩固期起付线天数累计
cum_type_code	累计类别代码	prDayM00300	艾滋病起付线天数累计
cum_type_code	累计类别代码	prDayM00500	恶性肿瘤门诊治疗起付线天数累计
cum_type_code	累计类别代码	prDayM01102	再生障碍性贫血起付线天数累计
cum_type_code	累计类别代码	prDayM01103	重型和中间型地中海贫血起付线天数累计
cum_type_code	累计类别代码	prDayM01200	血友病起付线天数累计
cum_type_code	累计类别代码	prDayM01501	原发性免疫性血小板减少症起付线天数累计
cum_type_code	累计类别代码	prDayM01600	糖尿病起付线天数累计
cum_type_code	累计类别代码	prDayM01701	甲状腺功能减退症起付线天数累计
cum_type_code	累计类别代码	prDayM01702	甲状腺功能亢进症起付线天数累计
cum_type_code	累计类别代码	prDayM02109	严重精神障碍起付线天数累计
cum_type_code	累计类别代码	prDayM02202	抑郁症（限重度）起付线天数累计
cum_type_code	累计类别代码	prDayM02301	帕金森氏综合征起付线天数累计
cum_type_code	累计类别代码	prDayM02400	阿尔茨海默病起付线天数累计
cum_type_code	累计类别代码	prDayM02500	癫痫起付线天数累计
cum_type_code	累计类别代码	prDayM02601	脑瘫起付线天数累计
cum_type_code	累计类别代码	prDayM03200	重症肌无力起付线天数累计
cum_type_code	累计类别代码	prDayM03802	风湿性心脏病起付线天数累计
cum_type_code	累计类别代码	prDayM03900	高血压（高危组）起付线天数累计
cum_type_code	累计类别代码	prDayM03913	高血压病（非高危）起付线天数累计
cum_type_code	累计类别代码	prDayM04000	肺动脉高压起付线天数累计
cum_type_code	累计类别代码	prDayM04100	肺源性心脏病起付线天数累计
cum_type_code	累计类别代码	prDayM04300	慢性充血性心衰起付线天数累计
cum_type_code	累计类别代码	prDayM04401	心房颤动起付线天数累计
cum_type_code	累计类别代码	prDayM04600	冠心病起付线天数累计
cum_type_code	累计类别代码	prDayM04803	脑血管病后遗症期起付线天数累计
cum_type_code	累计类别代码	prDayM05300	慢性阻塞性肺疾病起付线天数累计
cum_type_code	累计类别代码	prDayM05400	支气管哮喘（限中度及以上）起付线天数累计
cum_type_code	累计类别代码	prDayM06200	肝硬化起付线天数累计
cum_type_code	累计类别代码	prDayM06700	银屑病起付线天数累计
cum_type_code	累计类别代码	prDayM06900	类风湿关节炎起付线天数累计
cum_type_code	累计类别代码	prDayM07101	系统性红斑狼疮起付线天数累计
cum_type_code	累计类别代码	prDayM07200	强直性脊柱炎起付线天数累计
cum_type_code	累计类别代码	prDayM07700	肾病综合征起付线天数累计
cum_type_code	累计类别代码	prDayM07800	慢性肾功能不全（非肾透析）起付线天数累计
cum_type_code	累计类别代码	prDayM07801	肾透析起付线天数累计
cum_type_code	累计类别代码	prDayM08300	器官移植抗排异治疗起付线天数累计
cum_type_code	累计类别代码	D630101	医院减免金的累计
cum_type_code	累计类别代码	D390501	居民家庭账户金的累计
cum_type_code	累计类别代码	TQ390501	合规费用起付标准为居民家庭账户金的累计
cum_type_code	累计类别代码	TQ630101	合规费用起付标准为医院减免金的累计
cum_type_code	累计类别代码	TQ640101	合规费用起付标准为政府兜底基金的累计
cum_type_code	累计类别代码	TS390501	合规费用为居民家庭账户金的累计
cum_type_code	累计类别代码	TS630101	合规费用为医院减免金的累计
cum_type_code	累计类别代码	TS640101	合规费用为政府兜底基金的累计
cum_type_code	累计类别代码	D6101011_QXZC	门诊倾斜救助支出累计
cum_type_code	累计类别代码	D6101012_QXZC	住院倾斜救助支出累计
cum_type_code	累计类别代码	D390101BIZ52	城居生育住院基本医疗统筹基金累计
cum_type_code	累计类别代码	Q340101	离休人员医疗起付金额累计
cum_type_code	累计类别代码	S340101	离休人员医疗合规费用累计
cum_type_code	累计类别代码	Q350101	一至六级残疾军人医疗起付金额累计
cum_type_code	累计类别代码	D310220_TRE110_POLC001	门诊统筹段历年账户金额累计
cum_type_code	累计类别代码	D310230_TRE110_POLC001	门诊统筹段共济账户金额累计
cum_type_code	累计类别代码	D310220_TRE110_PLCC001_CAT9903	高价药门急诊统筹段历年账户累计
cum_type_code	累计类别代码	D310220_TRE110_PLCC001_CAT9903	高价药定额支付门急诊统筹段历年账户累计
cum_type_code	累计类别代码	M00200	病毒性肝炎统筹基金累计
cum_type_code	累计类别代码	Z9999083	医疗救助门慢累计
cum_type_code	累计类别代码	Z9999086	住院和门慢救助累计
cum_type_code	累计类别代码	Z9999087	职工门慢一类起付线累计
cum_type_code	累计类别代码	Z9999089	职工限额类慢性病统筹累计
cum_type_code	累计类别代码	Z9999090	职工门慢限额类大额累计
cum_type_code	累计类别代码	ZB03.01	22类(重)血友病（A、B）累计
cum_type_code	累计类别代码	ZB05.01	22类(重)急性心肌梗塞累计
cum_type_code	累计类别代码	ZB05.02	22类(重)急性心肌梗塞合并心源性休克累计
cum_type_code	累计类别代码	ZB06.01	22类(重)急性脑梗死累计
cum_type_code	累计类别代码	ZB07.01	22类(重)Ⅰ型糖尿病累计
cum_type_code	累计类别代码	ZB08.01	22类(重)甲状腺功能亢进累计
cum_type_code	累计类别代码	ZB09.01	22类(重)乳腺原位癌累计
cum_type_code	累计类别代码	ZB09.05	22类(重)宫颈癌Ⅰ期-Ⅳ期累计
cum_type_code	累计类别代码	ZB09.06	22类(重)乳腺癌(放化疗)累计
cum_type_code	累计类别代码	ZB11.01	22类(重)食道癌Ⅰ期-Ⅳ期累计
cum_type_code	累计类别代码	ZB13.01	22类(重)结肠癌Ⅰ-Ⅳ期累计
cum_type_code	累计类别代码	ZB14.01	22类(重)直肠癌Ⅰ-Ⅳ期累计
cum_type_code	累计类别代码	ZB16.01	22类(重)阴茎、冠状沟型累计
cum_type_code	累计类别代码	DM00208	中（重）度病毒性肝炎基本医疗统筹基金累计
cum_type_code	累计类别代码	DM01307	原发性血小板减少性紫癜基本医疗统筹基金累计
cum_type_code	累计类别代码	DM01602	2型糖尿病基本医疗统筹基金累计
cum_type_code	累计类别代码	DM04202	扩张型心肌病基本医疗统筹基金累计
cum_type_code	累计类别代码	DM04205	肥厚型心肌病基本医疗统筹基金累计
cum_type_code	累计类别代码	DM04801	脑内出血基本医疗统筹基金累计
cum_type_code	累计类别代码	DM04804	脑梗死后遗症基本医疗统筹基金累计
cum_type_code	累计类别代码	DM04907	主动脉夹层基本医疗统筹基金累计
cum_type_code	累计类别代码	DM07808	肾功能不全基本医疗统筹基金累计
cum_type_code	累计类别代码	DM08416	冠心病支架或搭桥术后基本医疗统筹基金累计
cum_type_code	累计类别代码	DM00111	结核（活动期）基本医疗统筹基金累计
cum_type_code	累计类别代码	DM00401	布鲁氏菌病基本医疗统筹基金累计
cum_type_code	累计类别代码	D3701021	二次补充医疗保险基金门诊支付累计
cum_type_code	累计类别代码	D370102	二次补充医疗保险基金付累计
cum_type_code	累计类别代码	S0000_BIZ1102_310	职工新冠门诊医保费用累计
cum_type_code	累计类别代码	S0000_BIZ1102_390	居民新冠门诊医保费用累计
cum_type_code	累计类别代码	D310101_BIZ1102_310	职工新冠门诊统筹基金累计
cum_type_code	累计类别代码	D390101_BIZ1102_390	居民新冠门诊统筹基金累计
cum_type_code	累计类别代码	DM01611	糖尿病胰岛素治疗基本医疗统筹基金累计
cum_type_code	累计类别代码	DM07120	系统性红斑狼疮（免疫）基本医疗统筹基金累计
cum_type_code	累计类别代码	DM01107	重型再生障碍性贫血基本医疗统筹基金累计
cum_type_code	累计类别代码	DM00116	肺结核（活动期）基本医疗统筹基金累计
cum_type_code	累计类别代码	Q620100BIZIN	惠民保目录内起付线累计
cum_type_code	累计类别代码	Q620100BIZOUT	惠民保目录外起付线累计
cum_type_code	累计类别代码	D620100BIZIN	惠民保目录内基金支付累计
cum_type_code	累计类别代码	D620100BIZOUT	惠民保目录外基金支付累计
cum_type_code	累计类别代码	CM07803	尿毒症（血液滤过）累计次数
cum_type_code	累计类别代码	CM07804	尿毒症（腹膜透析）累计次数
cum_type_code	累计类别代码	CM07809	尿毒症（血液灌流）累计次数
cum_type_code	累计类别代码	CM07811	尿毒症（高通量血液透析）累计次数
cum_type_code	累计类别代码	CM07812	尿毒症（低通量血液透析）累计次数
cum_type_code	累计类别代码	CM07816	尿毒症（血液透析滤过）累计次数
cum_type_code	累计类别代码	C991201	职工床日住院天数
cum_type_code	累计类别代码	C991202	居民床日住院天数
cum_type_code	累计类别代码	D610101_YBGRFY	医疗救助医保个人费用累计
cum_type_code	累计类别代码	D320101_YGMLCE	公务员阳光目录差额费用补助累计
cum_type_code	累计类别代码	D310101_ZCF	职工统筹基金补助诊察费累计
cum_type_code	累计类别代码	D390101_ZCF	居民统筹基金补助诊察费累计
cum_type_code	累计类别代码	D310101_ZYYP	职工统筹基金补助中药饮片费用累计
cum_type_code	累计类别代码	D390101_ZYYP	居民统筹基金补助中药饮片费用累计
cum_type_code	累计类别代码	D310202_01	职工统筹段个人自付金额累计
cum_type_code	累计类别代码	P390201_01	居民统筹段个人自付金额累计
cum_type_code	累计类别代码	S0000_31001	职工统筹段医保费用累计
cum_type_code	累计类别代码	S0000_39001	居民统筹段医保费用累计
cum_type_code	累计类别代码	DM02110	重性精神病人药物维持治疗基本医疗统筹基金累计
cum_type_code	累计类别代码	D370101BIZ11	普通门诊企业补充医疗保险基金累计
cum_type_code	累计类别代码	D320101BIZ11	普通门诊公务员医疗补助基金累计
cum_type_code	累计类别代码	Q1501	职工药品单独支付起付线累计
cum_type_code	累计类别代码	Q1502	居民药品单独支付起付线累计
cum_type_code	累计类别代码	C2801	日间手术三级医院住院次数累计
cum_type_code	累计类别代码	C2802	日间手术二级医院住院次数累计
cum_type_code	累计类别代码	C2803	日间手术一级医院住院次数累计
cum_type_code	累计类别代码	C1103	家庭医生签约服务费次数
cum_type_code	累计类别代码	D390101_BIZ1101_	家庭医生签约服务费基金累计
cum_type_code	累计类别代码	1	
cvlserv_flag	公务员标志	0	否
cvlserv_flag	公务员标志	1	是
dcla_souc	申报来源	1	定点医药机构
dcla_souc	申报来源	2	中心经办系统
dcla_souc	申报来源	3	网上经办系统
dcla_souc	申报来源	4	APP
dcla_souc	申报来源	5	一体机
dcla_souc	申报来源	98	医保微信公众号
dcla_souc	申报来源	99	其他
dcla_souc	申报来源	991	微信公众号
dcla_souc	申报来源	9919	省局用药保障平台
dcla_souc	申报来源	9912	国家医保局
dcla_souc	申报来源	301	单位网上经办系统
dcla_souc	申报来源	302	个人网上经办系统
dcla_souc	申报来源	414	中期妊娠住院引产（满14周未满16周）
dcla_souc	申报来源	303	基层网上经办系统
dedc_hosp_lv	起付线医院等级	102	一甲医院
dedc_hosp_lv	起付线医院等级	103	一乙医院
dedc_hosp_lv	起付线医院等级	0	一级以下
dedc_hosp_lv	起付线医院等级	1	卫生室
dedc_hosp_lv	起付线医院等级	2	卫生院
dedc_hosp_lv	起付线医院等级	1	一级及以下
dedc_hosp_lv	起付线医院等级	2	二级
dedc_hosp_lv	起付线医院等级	3	三级
dedc_hosp_lv	起付线医院等级	4	其他
dedc_hosp_lv	起付线医院等级	401	二级市级
dedc_hosp_lv	起付线医院等级	402	三级省级
dedc_hosp_lv	起付线医院等级	404	乡镇卫生院(社区服务中心)
dedc_hosp_lv	起付线医院等级	9	未定级
dedc_hosp_lv	起付线医院等级	901	外埠三级医院
dedc_hosp_lv	起付线医院等级	902	药店
dedc_hosp_lv	起付线医院等级	201	二甲医院
dedc_hosp_lv	起付线医院等级	202	二乙医院
dedc_hosp_lv	起付线医院等级	301	三甲医院
dedc_hosp_lv	起付线医院等级	302	三乙医院
dedc_hosp_lv	起付线医院等级	101	一级医院
dedc_hosp_lv	起付线医院等级	405	社区卫生服务中心
dedc_hosp_lv	起付线医院等级	410	校内
dedc_hosp_lv	起付线医院等级	500	内设医疗机构
def_flag	默认标志	0	否
def_flag	默认标志	1	是
DELV_WAY	送达方式	1	APP
DELV_WAY	送达方式	2	电话通知
DELV_WAY	送达方式	3	邮件
DELV_WAY	送达方式	4	短信
DELV_WAY	送达方式	5	邮寄
DET_FLAG	扣款标志	0	待扣款
DET_FLAG	扣款标志	1	已扣款
DFR_SOUC	拨付来源	101	个人零星报销
DFR_SOUC	拨付来源	102	生育现金报销支付
DFR_SOUC	拨付来源	103	生育津贴支付
DFR_SOUC	拨付来源	104	医疗救助报销支付
DFR_SOUC	拨付来源	105	灵活报销支付
DFR_SOUC	拨付来源	106	零星补差报销支付
DFR_SOUC	拨付来源	107	年度内二次报销支付
DFR_SOUC	拨付来源	201	清算支付
DFR_SOUC	拨付来源	202	年中调整拨付
DFR_SOUC	拨付来源	203	预留保证金拨付
DFR_SOUC	拨付来源	204	年终清算拨付
DFR_SOUC	拨付来源	205	超定额拨付
DFR_SOUC	拨付来源	206	门诊统筹包干拨付
DFR_SOUC	拨付来源	207	预付金拨付
DFR_SOUC	拨付来源	301	个人账户返还
DFR_SOUC	拨付来源	302	特殊奖励金拨付
DFR_SOUC	拨付来源	303	个人账户清退
DFR_SOUC	拨付来源	304	个人账户做实支付
DFR_SOUC	拨付来源	999	其他来源
DFR_SOUC	拨付来源	99902	居民退款
DFR_SOUC	拨付来源	99903	医院散单月结算
DFR_SOUC	拨付来源	99904	生育联网月结算住院
DFR_SOUC	拨付来源	99905	生育联网月结算门诊
DFR_SOUC	拨付来源	99906	本地参保人异地就医支付
DFR_SOUC	拨付来源	99907	外地参保人本地就医支付
DFR_SOUC	拨付来源	99908	本地参保人异地就医周转金支付
DFR_SOUC	拨付来源	99909	本地参保人异地就医实际基金支付
DFR_SOUC	拨付来源	99910	本地参保人跨省就医清算基金支付
DFR_SOUC	拨付来源	99911	居民DRG月度预付支付
DFR_SOUC	拨付来源	99912	职工DRG月度预付支付
DFR_SOUC	拨付来源	99913	退费
DFR_SOUC	拨付来源	99914	退往年费用
DFR_SOUC	拨付来源	99915	职工月结算预付支付
DFR_SOUC	拨付来源	99916	离休月结算预付支付
DFR_SOUC	拨付来源	99917	居民月结算预付支付
DFR_SOUC	拨付来源	99918	职工集采药预付支付
DFR_SOUC	拨付来源	99919	生育保证金单据
DFR_SOUC	拨付来源	99920	生育医保医院结算单据
DFR_SOUC	拨付来源	99921	省内异地就医医疗费付款通知书
DFR_SOUC	拨付来源	99922	居家护理报销单据
DFR_SOUC	拨付来源	99923	医保间保证金拨付单据
DFR_SOUC	拨付来源	99924	个人特殊报销单据
DFR_SOUC	拨付来源	99925	暂缓报销单据
DFR_SOUC	拨付来源	99926	新冠疫苗拨付
DFR_SOUC	拨付来源	99927	手工重付
DFR_SOUC	拨付来源	99928	单位报销单据
DFR_SOUC	拨付来源	99929	计划生育津贴
DFR_SOUC	拨付来源	99930	手工划拨
DFR_SOUC	拨付来源	99931	银行划账回传冲账单据
DFR_SOUC	拨付来源	99932	产前检查支付
DFR_SOUC	拨付来源	99933	居民大病支付
DFR_SOUC	拨付来源	99934	集采药预付支付
DFR_SOUC	拨付来源	99935	职工退款
DFR_SOUC	拨付来源	99936	医保间偿付单据
DFR_SOUC	拨付来源	99937	转出账户拨付
DFR_SOUC	拨付来源	99938	基金账户划款
DFR_SOUC	拨付来源	99939	欠费再报销
DFR_SOUC	拨付来源	99901	A类人员划拨
DFR_SOUC	拨付来源	99940	工伤补差报销
DFR_SOUC	拨付来源	99941	个人账户冲红
DFR_SOUC	拨付来源	99942	结算基金追回
DFR_SOUC	拨付来源	99944	医疗保险费返还
DFR_SOUC	拨付来源	99945	职工零星报销
DFR_SOUC	拨付来源	99946	居民零星报销
DFR_SOUC	拨付来源	99947	职工生育零星报销
DFR_SOUC	拨付来源	99948	居民生育零星报销
DFR_SOUC	拨付来源	99949	男职工未就业配偶生育报销
DFR_SOUC	拨付来源	99950	个人账户转出清退
DFR_SOUC	拨付来源	99951	职工医疗保险费返还
DFR_SOUC	拨付来源	99952	居民医疗保险费返还
DFR_SOUC	拨付来源	99953	返外地人员医疗费拨付
DFR_SOUC	拨付来源	99954	商业补充医疗保险
DFR_SOUC	拨付来源	99801	结余留用支付
DFR_SOUC	拨付来源	99802	家庭医生签约费用预付支付
DFR_SOUC	拨付来源	99955	医联体拨付
DFR_SOUC	拨付来源	99956	招采预付拨付
DFR_SOUC	拨付来源	99957	DRG预付拨付
DFR_SOUC	拨付来源	99958	DRG年终清算拨付
DFR_SOUC	拨付来源	99959	DRG季度清算拨付
DFR_SOUC	拨付来源	99963	大病月清算收款
DFR_SOUC	拨付来源	99964	返外地人员划账
DFR_SOUC	拨付来源	99968	长护险经办服务费拨付
DFR_SOUC	拨付来源	99965	基本医疗保险转出账户拨付
DFR_SOUC	拨付来源	99966	灵活就业退费
DFR_SOUC	拨付来源	99970	待转金清退
DFR_SOUC	拨付来源	99960	区县备用金申请
DFR_SOUC	拨付来源	401	长护待遇机构支付
DFR_SOUC	拨付来源	402	长护待遇个人支付
DFR_SOUC	拨付来源	403	职工长护评估费用支付
DFR_SOUC	拨付来源	404	居民长护评估费用支付
DFR_SOUC	拨付来源	9996	省内异地清算支付
DFR_SOUC	拨付来源	99961	大病季度预付
DFR_SOUC	拨付来源	99962	大病月清算付款
DFR_SOUC	拨付来源	99971	长护险月结算费用拨付
DFR_SOUC	拨付来源	99972	长护险失能评估费用返还拨付
DFR_SOUC	拨付来源	99973	稽核扣款追回
DFR_SOUC	拨付来源	99974	周转金拨付
DFR_SOUC	拨付来源	99975	周转金返还
DFR_SOUC	拨付来源	99976	新冠疫苗费用预拨付
DFR_SOUC	拨付来源	99977	定点医疗机构资金补偿
DFR_SOUC	拨付来源	99978	医共体预拨付
DFR_SOUC	拨付来源	99979	门诊统筹年终清算
DFR_SOUC	拨付来源	99980	超支补偿
DFR_SOUC	拨付来源	99981	超支预补偿
DFR_SOUC	拨付来源	99501	公务员门诊报销
DFR_SOUC	拨付来源	99502	补充保险一报销
DFR_SOUC	拨付来源	99503	补充保险二报销
DFR_SOUC	拨付来源	99967	长护险结算费用追回
DFR_SOUC	拨付来源	99990	职工零星报销退费
DFR_SOUC	拨付来源	99991	居民零星报销退费
DFR_SOUC	拨付来源	99992	职工生育零星报销退费
DFR_SOUC	拨付来源	99993	居民生育零星报销退费
DFR_SOUC	拨付来源	99994	男职工未就业配偶生育报销退费
DFR_SOUC	拨付来源	99995	生育津贴退费
DFR_SOUC	拨付来源	406	商业健康保险支付
DFR_SOUC	拨付来源	99982	带量采购耗材预付
DFR_SOUC	拨付来源	99983	灵活报销生育医疗费支付
DFR_SOUC	拨付来源	99984	灵活报销产前检查费支付
DFR_SOUC	拨付来源	99985	灵活报销生育津贴支付
DFR_SOUC	拨付来源	99986	账户代扣大额
DFR_SOUC	拨付来源	99997	本地居民参保人异地就医支付
DFR_SOUC	拨付来源	99998	外地居民参保人本地就医支付
DFR_SOUC	拨付来源	99810	预留保证金拨付居民
DFR_SOUC	拨付来源	99811	居民门诊统筹支出
DFR_SOUC	拨付来源	99812	居民家庭医生签约服务支出
DFR_SOUC	拨付来源	99813	职工门诊统筹支出
DFR_SOUC	拨付来源	99814	职工家庭医生签约服务支出
DFR_SOUC	拨付来源	405	长护设备服务费用支付
DFR_SOUC	拨付来源	99996	月结算共济账户清算拨付
DFR_SOUC	拨付来源	99987	保健办二次报销月结算拨付
DFR_SOUC	拨付来源	99504	城镇职工清算支付
DFR_SOUC	拨付来源	99505	城乡居民清算支付
DFR_SOUC	拨付来源	99506	非基本医疗清算支付
DFR_SOUC	拨付来源	99507	城乡居民大病医疗基金保险公司清算支付
DFR_SOUC	拨付来源	99508	城乡居民大病补充基金保险公司清算支付
DFR_SOUC	拨付来源	99509	大额医疗费用补助基金保险公司清算支付
DFR_SOUC	拨付来源	99510	城乡分值付费清算支付
DFR_SOUC	拨付来源	99511	城职分值付费清算支付
DFR_SOUC	拨付来源	99512	城乡分值付费清算预支付
DFR_SOUC	拨付来源	99513	城职分值付费预清算支付
DFR_SOUC	拨付来源	99514	城乡分值付费中途清算支付
DFR_SOUC	拨付来源	99515	城职分值付费中途清算支付
DFR_SOUC	拨付来源	99516	城乡分值付费年终清算支付
DFR_SOUC	拨付来源	99517	城职分值付费年终清算支付
DFR_SOUC	拨付来源	99518	城乡分值付费年终单独病例清算支付
DFR_SOUC	拨付来源	99519	城职分值付费年终单独病例清算支付
DFR_SOUC	拨付来源	407	罕见病零星报销支付
DFR_SOUC	拨付来源	408	罕见病月结拨付
DFR_SOUC	拨付来源	99988	跨师转移拨付
DFR_SOUC	拨付来源	99520	城乡分值付费中途清算收回
DFR_SOUC	拨付来源	99521	城职分值付费中途清算收回
DFR_SOUC	拨付来源	99522	城乡预付金一次性收回
DFR_SOUC	拨付来源	99523	城职预付金一次性收回
DFR_SOUC	拨付来源	99524	异地预付金一次性收回
DFR_SOUC	拨付来源	208	城乡预付金拨付
DFR_SOUC	拨付来源	209	异地预付金拨付
DFR_SOUC	拨付来源	99969	长护险补费
DFR_SOUC	拨付来源	99886	账户代扣长护
DFR_SOUC	拨付来源	99815	医共体清算拨付
DFR_SOUC	拨付来源	99816	医共体清算返还
DFR_SOUC	拨付来源	99817	医共体周转金拨付
DFR_SOUC	拨付来源	99818	医共体周转金返还
DFR_SOUC	拨付来源	99819	大学生门诊统筹支出
DFR_SOUC	拨付来源	99877	居民定点医疗机构资金补偿
DFR_SOUC	拨付来源	20116	职工中医特色门诊清算
DFR_SOUC	拨付来源	20302	职工门诊统筹保证金
DFR_SOUC	拨付来源	20432	居民门诊统筹保证金
DFR_SOUC	拨付来源	20301	职工药店保证金
DFR_SOUC	拨付来源	20431	居民药店保证金
DFR_SOUC	拨付来源	99989	家庭医生签约人员拨付单据
DFR_SOUC	拨付来源	99943	新冠疫苗接种费
DFR_SOUC	拨付来源	20401	职工DRG年终清算统筹拨付
DFR_SOUC	拨付来源	20402	职工DRG年终清算统筹返还
DFR_SOUC	拨付来源	20403	职工DRG年终清算大额拨付
DFR_SOUC	拨付来源	20404	职工DRG年终清算大额返还
DFR_SOUC	拨付来源	20405	居民DRG年终清算统筹拨付
DFR_SOUC	拨付来源	20406	居民DRG年终清算统筹返还
DFR_SOUC	拨付来源	99999	后续补偿拨付单据
DFR_SOUC	拨付来源	99360	区县备用金拨付
DFR_SOUC	拨付来源	99362	专项基金拨付
DFR_SOUC	拨付来源	99363	药品采集结余留用拨付
DFR_SOUC	拨付来源	99364	公务员互助金拨付
DFR_SOUC	拨付来源	99365	家庭签约医生服务费拨付
DFR_SOUC	拨付来源	99366	年度预付金拨付
DFR_SOUC	拨付来源	210	机构扣款返还
DFR_SOUC	拨付来源	99804	回沪人员基本统筹基金下拨
DFR_SOUC	拨付来源	99887	市级公务员及劳模医疗补助支付
DFR_SOUC	拨付来源	99885	账户代扣居民基本医疗缴费
DFR_SOUC	拨付来源	99525	集采药预付收回
DFR_SOUC	拨付来源	99526	新冠疫苗预付收回
DFR_SOUC	拨付来源	99888	本地居民参保人跨省异地就医支付
DFR_SOUC	拨付来源	99889	本地职工参保人跨省异地就医支付
DFR_SOUC	拨付来源	99890	居民困难群众医疗救助补报
DFR_SOUC	拨付来源	99891	职工困难群众医疗救助补报
DFR_SOUC	拨付来源	2011	清算补差
DFR_SOUC	拨付来源	99892	新冠疫苗费用清算
DFR_SOUC	拨付来源	99893	新冠疫苗预拨付费用清算
DFR_SOUC	拨付来源	30101	扶贫账户返还
DFR_SOUC	拨付来源	99821	跨省关系转移个账支付
DFR_SOUC	拨付来源	99822	居民长护险资助返还
DFR_SOUC	拨付来源	41201	长护经办费预付
DFR_SOUC	拨付来源	41203	长护待遇预付
DFR_SOUC	拨付来源	41204	城职长护险年度清算回款
DFR_SOUC	拨付来源	41205	城居长护险年度清算回款
DFR_SOUC	拨付来源	413	长护培训费用支付
DFR_SOUC	拨付来源	414	城职长护险费用追回
DFR_SOUC	拨付来源	415	城乡长护险费用追回
DFR_SOUC	拨付来源	40101	城职长护待遇机构支付
DFR_SOUC	拨付来源	40102	居民长护待遇机构支付
DFR_SOUC	拨付来源	40103	省直长护待遇机构支付
DFR_SOUC	拨付来源	40104	市直长护待遇机构支付
DFR_SOUC	拨付来源	416	省直长护评估费用支付
DFR_SOUC	拨付来源	417	市直长护评估费用支付
DFR_SOUC	拨付来源	2012	日清算支付
DFR_SOUC	拨付来源	2103	拨付来源
diag_type	诊断类别	1	西医诊断
diag_type	诊断类别	2	中医主病诊断
diag_type	诊断类别	3	中医主证诊断
diag_type	诊断类别	4	手术操作
diag_type	诊断类别	5	按病种付费病种
dise_list_type	疾病目录类别	1	核心病种目录
dise_list_type	疾病目录类别	2	综合病种目录
dise_type_code	病种类型代码	10	门慢门特病种
dise_type_code	病种类型代码	11	门诊慢性病
dise_type_code	病种类型代码	12	门诊特殊疾病
dise_type_code	病种类型代码	20	按病种结算病种
dise_type_code	病种类型代码	30	日间手术病种
dise_type_code	病种类型代码	40	疾病诊断病种
dise_type_code	病种类型代码	99	其他病种
dise_type_code	病种类型代码	99011	城乡居民两病
dise_type_code	病种类型代码	9902	急危重症
dise_type_code	病种类型代码	990201	城乡居民重大疾病
dise_type_code	病种类型代码	990401	特药病种
dise_type_code	病种类型代码	99041	疑难病种
dise_type_code	病种类型代码	9944	罕见病
dise_type_code	病种类型代码	9947	家庭病床病种
dise_type_code	病种类型代码	9951	两病门诊病种
dise_type_code	病种类型代码	9969	两病病种
dise_type_code	病种类型代码	9979	三四级手术
dise_type_code	病种类型代码	99911	重特大疾病病种
dise_type_code	病种类型代码	99912	门诊两病病种
dise_type_code	病种类型代码	99920	居民单病种
dise_type_code	病种类型代码	99930	职工单病种
dise_type_code	病种类型代码	99931	城乡居民生育病种
dise_type_code	病种类型代码	99936	分级诊疗病种
dise_type_code	病种类型代码	9904	重特大疾病住院病种
dise_type_code	病种类型代码	9905	重特大疾病门诊病种
dise_type_code	病种类型代码	50	中医日间病房病种
dise_type_code	病种类型代码	9903	床日付费病种
dise_type_code	病种类型代码	9906	血透病种
dise_type_code	病种类型代码	99913	门诊大病类别
dise_type_code	病种类型代码	9913	门诊艾滋病病种
dise_type_code	病种类型代码	9914	门诊精神病病种
dise_type_code	病种类型代码	60	门诊药品单独支付病种
DOC_STAS	单据状态	1	待初审
DOC_STAS	单据状态	10	已合议
DOC_STAS	单据状态	11	待补差
DOC_STAS	单据状态	12	已补差
DOC_STAS	单据状态	13	关闭
DOC_STAS	单据状态	14	初审未处理
DOC_STAS	单据状态	15	初审已处理
DOC_STAS	单据状态	16	初审反馈
DOC_STAS	单据状态	17	复审未处理
DOC_STAS	单据状态	18	复审已处理
DOC_STAS	单据状态	19	复审反馈
DOC_STAS	单据状态	2	已初审
DOC_STAS	单据状态	20	待终审
DOC_STAS	单据状态	21	已终审
DOC_STAS	单据状态	3	未处理
DOC_STAS	单据状态	4	已处理
DOC_STAS	单据状态	5	待复审
DOC_STAS	单据状态	6	已复审
DOC_STAS	单据状态	7	待扣款
DOC_STAS	单据状态	8	已扣款
DOC_STAS	单据状态	9	待合议
drt_reim_flag	直报标志	0	否
drt_reim_flag	直报标志	1	是
DSABPSN_TYPE	失能人员类型	1	长期失能人员
DSABPSN_TYPE	失能人员类型	2	延续护理人员
dscg_tkdrug_flag	出院带药标志	0	否
dscg_tkdrug_flag	出院带药标志	1	是
dscg_way	离院方式	1	医嘱离院
dscg_way	离院方式	2	医嘱转院
dscg_way	离院方式	3	医嘱转社区卫生服务机构/乡镇卫生院
dscg_way	离院方式	4	非医嘱离院
dscg_way	离院方式	5	死亡
dscg_way	离院方式	9	其他
err_lv	错误等级	1	提示
err_lv	错误等级	2	一般
err_lv	错误等级	3	严重
err_lv	错误等级	0	无
etip_flag	外检标志	0	否
etip_flag	外检标志	1	是
EVAL_BIZ_TYPE	评估业务类型	1	长护失能评估
EVAL_BIZ_TYPE	评估业务类型	2	延续护理评估
EVAL_FEE_PAY_OBJ	评估费用支付对象	1	参保人
EVAL_FEE_PAY_OBJ	评估费用支付对象	2	评估人员
EVAL_FEE_PAY_OBJ	评估费用支付对象	3	评估机构
EVAL_PATC_STG_TYPE	评估参与阶段类型	1	现场评估
EVAL_PATC_STG_TYPE	评估参与阶段类型	2	集体评审
EVAL_PLAN_STAS	评估计划状态	1	未分派
EVAL_PLAN_STAS	评估计划状态	2	撤销分派
EVAL_PLAN_STAS	评估计划状态	3	已分派
EVAL_PLAN_STAS	评估计划状态	4	执行中
EVAL_PLAN_STAS	评估计划状态	5	已完成
EVAL_PSN_TYPE	评估人员类别	1	评估专家
EVAL_PSN_TYPE	评估人员类别	2	评估员
EVAL_PSN_TYPE	评估人员类别	3	实习评估员
EVAL_TASK_STAS	评估任务状态	1	待分配
EVAL_TASK_STAS	评估任务状态	2	待执行
EVAL_TASK_STAS	评估任务状态	3	执行中
EVAL_TASK_STAS	评估任务状态	4	已执行
EVAL_TASK_STAS	评估任务状态	5	已认定
EVAL_TASK_STAS	评估任务状态	6	公示中
EVAL_TASK_STAS	评估任务状态	7	已公示
EVAL_TASK_STAS	评估任务状态	8	已送达
EVAL_TASK_STAS	评估任务状态	9	已撤销
EVAL_TASK_STAS	评估任务状态	10	已审核
EVAL_TASK_STAS	评估任务状态	11	已暂停
EVAL_TASK_STAS	评估任务状态	12	已中止
EVAL_TASK_STAS	评估任务状态	13	已终止
exit_type	退出类型	0	不退出
exit_type	退出类型	1	全部退出
exit_type	退出类型	2	部分退出
fixmedins_type	定点医疗服务机构	1	定点医疗机构
fixmedins_type	类型	2	定点零售药店
fixmedins_type	类型	3	工伤定点康复机构
fixmedins_type	类型	4	辅助器具配置机构
fixmedins_type	类型	5	计划生育服务机构
flxempe_flag	灵活就业标志	0	否
flxempe_flag	灵活就业标志	1	是
FST_APPY_FLAG	首次申请标志	1	是
FST_APPY_FLAG	首次申请标志	0	否
fund_pay_type	基金支付类型	310100	城镇职工基本医疗保险统筹基金
fund_pay_type	基金支付类型	310101	城镇职工基本医疗保险统筹基金（预付金）
fund_pay_type	基金支付类型	310102	职工门诊统筹基金
fund_pay_type	基金支付类型	310200	城镇职工基本医疗保险个人账户基金
fund_pay_type	基金支付类型	310400	军转干部医疗补助基金
fund_pay_type	基金支付类型	310500	代缴基金（破产改制）
fund_pay_type	基金支付类型	320100	公务员医疗补助基金
fund_pay_type	基金支付类型	320200	厅级干部补助基金
fund_pay_type	基金支付类型	330100	大额医疗费用补助基金
fund_pay_type	基金支付类型	330200	职工意外伤害基金
fund_pay_type	基金支付类型	340100	离休人员医疗保障基金
fund_pay_type	基金支付类型	340200	离休老工人门慢保障基金
fund_pay_type	基金支付类型	350100	一至六级残疾军人医疗补助基金
fund_pay_type	基金支付类型	370100	企业补充医疗保险基金
fund_pay_type	基金支付类型	370200	公益补充保险基金
fund_pay_type	基金支付类型	390100	城乡居民基本医疗保险基金
fund_pay_type	基金支付类型	390101	城乡居民基本医疗保险基金（预付金）
fund_pay_type	基金支付类型	390102	居民门诊统筹基金
fund_pay_type	基金支付类型	390200	城乡居民大病医疗保险基金
fund_pay_type	基金支付类型	390300	城乡居民大病补充保险基金
fund_pay_type	基金支付类型	390400	居民意外伤害基金
fund_pay_type	基金支付类型	390500	居民家庭账户金
fund_pay_type	基金支付类型	410100	工伤保险基金
fund_pay_type	基金支付类型	510100	生育基金
fund_pay_type	基金支付类型	610100	医疗救助基金
fund_pay_type	基金支付类型	610200	优抚对象医疗补助基金
fund_pay_type	基金支付类型	620100	特惠保补偿金
fund_pay_type	基金支付类型	630100	医院减免金
fund_pay_type	基金支付类型	640100	政府兜底基金
fund_pay_type	基金支付类型	999106	预留保证金
fund_pay_type	基金支付类型	999109	农村低收入人口医疗补充保险
fund_pay_type	基金支付类型	999110	居民个人账户支出基金
fund_pay_type	基金支付类型	999996	医院垫付基金
fund_pay_type	基金支付类型	999997	其他基金
fund_pay_type	基金支付类型	99999701	再封顶线以上救助基金
fund_pay_type	基金支付类型	99999702	职工大病保险基金
fund_pay_type	基金支付类型	99999705	扶贫救助
fund_pay_type	基金支付类型	99999706	财政医疗救助
fund_pay_type	基金支付类型	99999707	新冠肺炎核酸检测财政补助
fund_pay_type	基金支付类型	99999708	贫困人口再救助
fund_pay_type	基金支付类型	99999721	居民医疗账户支出
fund_pay_type	基金支付类型	99999722	居民贫困救助
fund_pay_type	基金支付类型	99999723	居民特大病贫困救助
fund_pay_type	基金支付类型	99999724	基本起付线新增支出
fund_pay_type	基金支付类型	99999725	基本提高比例新增支出
fund_pay_type	基金支付类型	99999726	大病起付线新增支出
fund_pay_type	基金支付类型	99999727	大病提高封顶新增支出
fund_pay_type	基金支付类型	99999728	基金类别贫困救助普通慢性病提高比例新增支出
fund_pay_type	基金支付类型	99999729	基金类别贫困救助普通慢性病提高限额新增支出
fund_pay_type	基金支付类型	99999730	基金类别贫困救助重大慢性病提高比例新增支出
fund_pay_type	基金支付类型	99999731	基金类别贫困救助普通慢性病医疗救助基金支出
fund_pay_type	基金支付类型	99999732	基金类别贫困救助重大慢性病医疗救助基金支出
fund_pay_type	基金支付类型	99999733	基金类别贫困救助普通慢性病降低起付线新增支出
fund_pay_type	基金支付类型	99999734	基金类别贫困救助重大慢性病降低起付线新增支出
fund_pay_type	基金支付类型	99999735	基金类别贫困人口门诊统筹
fund_pay_type	基金支付类型	99999737	职工大病补助基金
fund_pay_type	基金支付类型	99999747	长期护理险基金
fund_pay_type	基金支付类型	99999748	离休账户支出
fund_pay_type	基金支付类型	99999749	精准扶贫补充保险基金
fund_pay_type	基金支付类型	99999750	公务员补助账户支付
fund_pay_type	基金支付类型	99999751	医疗救助基金(罕见病)
fund_pay_type	基金支付类型	99999752	职工慢性病统筹支出
fund_pay_type	基金支付类型	99999753	医疗救助基金(重特大疾病)
fund_pay_type	基金支付类型	999702	二乙基金
fund_pay_type	基金支付类型	999703	七至十级残疾军人医疗补助基金
fund_pay_type	基金支付类型	999704	城镇职工基本医疗保险单建统筹基金
fund_pay_type	基金支付类型	999706	工会互助基金
fund_pay_type	基金支付类型	390104	城乡居民大额医疗保险基金
fund_pay_type	基金支付类型	99999757	退休人员补充基金
fund_pay_type	基金支付类型	99999758	公费医疗照顾基金
fund_pay_type	基金支付类型	360200	保健基金
fund_pay_type	基金支付类型	360300	保健预支付基金
fund_pay_type	基金支付类型	999998	现金支出
fund_pay_type	基金支付类型	310300	城镇职工大病医疗保险基金
fund_pay_type	基金支付类型	640103	政府补充保障基金(特优群体人员)
fund_pay_type	基金支付类型	640104	政府补充保障基金(建国前老党员)
fund_pay_type	基金支付类型	390103	居民两病门诊统筹基金
fund_pay_type	基金支付类型	650101	大病补充保障基金(大病购药)
fund_pay_type	基金支付类型	650102	大病补充保障基金(罕见病购药)
fund_pay_type	基金支付类型	610103	医疗救助基金(再救助)
fund_pay_type	基金支付类型	330102	大额医疗费用救助基金
fund_pay_type	基金支付类型	610102	医疗救助基金（重特大疾病/再救助）
fund_pay_type	基金支付类型	999111	居民储蓄账户基金
fund_pay_type	基金支付类型	99999765	平安商业保险基金
fund_pay_type	基金支付类型	99999766	人保商业保险基金
fund_pay_type	基金支付类型	99999767	离休单位支付基金
fund_pay_type	基金支付类型	99999768	造船离休单位支付基金
fund_pay_type	基金支付类型	99999769	企业离休支付基金
fund_pay_type	基金支付类型	99999770	普惠保商业保险基金
fund_pay_type	基金支付类型	390700	城乡居民基本医疗保险二次报销基金
fund_pay_type	基金支付类型	390801	城乡低保人员团体住院医疗保险基金
fund_pay_type	基金支付类型	310701	城镇职工补充医疗保险（AB款）基金
fund_pay_type	基金支付类型	999761	128基金
fund_pay_type	基金支付类型	999762	五七工基金
fund_pay_type	基金支付类型	999763	五七工大病基金
fund_pay_type	基金支付类型	310800	地方附加医保基金
fund_pay_type	基金支付类型	3990100	劳模补助基金
fund_pay_type	基金支付类型	99999759	城镇职工长期护理保险基金
fund_pay_type	基金支付类型	99999760	城乡居民长期护理保险基金
fund_pay_type	基金支付类型	310103	职工生育基金
fund_pay_type	基金支付类型	99999771	生育产前检查支出
fund_pay_type	基金支付类型	99999778	造船离休账户支出
fund_pay_type	基金支付类型	99999779	企业离休账户支出
fund_pay_type	基金支付类型	610104	残联基金
fund_pay_type	基金支付类型	610105	慈善救助基金
fund_pay_type	基金支付类型	99999780	商业保险补充医疗基金
fund_pay_type	基金支付类型	340300	离休人员备用金
fund_pay_type	基金支付类型	99999781	卫健基金
fund_pay_type	基金支付类型	99999782	重大疾病基金
fund_pay_type	基金支付类型	99999783	医疗援助基金
fund_pay_type	基金支付类型	370300	人保健康企业补充基金
fund_pay_type	基金支付类型	99999790	其他账户支付
fund_pay_type	基金支付类型	910101	农民工大病医疗保险基金
fund_pay_type	基金支付类型	910102	农民工大病医疗互助基金
fund_pay_type	基金支付类型	310900	免缴补充基金
fund_pay_type	基金支付类型	99999784	建国前老工人补助基金
fund_pay_type	基金支付类型	99999787	财政补充基金
fund_pay_type	基金支付类型	99999788	精防医疗补助
fund_pay_type	基金支付类型	99999785	家庭医生签约公共卫生服务专项基金
fund_pay_type	基金支付类型	320300	企业事业单位补充医疗保险基金
fund_pay_type	基金支付类型	999201	一般诊疗费统筹基金
fund_pay_type	基金支付类型	999202	核酸检测统筹基金
fund_pay_type	基金支付类型	99999772	返外地退休人员支出基金
fund_pay_type	基金支付类型	310203	个人本年账户基金
fund_pay_type	基金支付类型	310302	先行支付大额基金
fund_pay_type	基金支付类型	350102	荣军账户
fund_pay_type	基金支付类型	370201	高科技人才补充基金-公益补充
fund_pay_type	基金支付类型	390301	儿童统筹基金
fund_pay_type	基金支付类型	610107	医疗救助再救助基金
fund_pay_type	基金支付类型	640101	涟康保政策范围外基金
fund_pay_type	基金支付类型	999103	地厅人员财政补助基金
fund_pay_type	基金支付类型	999700	职工大病基金
fund_pay_type	基金支付类型	999701	特殊职工大病基金
fund_pay_type	基金支付类型	999718	先行支付统筹基金
fund_pay_type	基金支付类型	999900	特殊基金
fund_pay_type	基金支付类型	99999602	医院承担基金
fund_pay_type	基金支付类型	99999703	财政补助基金
fund_pay_type	基金支付类型	99999741	领导干部额外补充基金
fund_pay_type	基金支付类型	99999756	离休账户
fund_pay_type	基金支付类型	310600	基本医疗二次报销基金
fund_pay_type	基金支付类型	320400	公务员二次报销基金
fund_pay_type	基金支付类型	340103	中央离休基金
fund_pay_type	基金支付类型	99999704	优抚补助
fund_pay_type	基金支付类型	399100	医疗照顾人员补充基金
fund_pay_type	基金支付类型	620102	补充医疗保险基金
fund_pay_type	基金支付类型	999705	优抚基金
fund_pay_type	基金支付类型	999720	工会大额互助基金
fund_pay_type	基金支付类型	310301	职工大病补助基金（预付金）
fund_pay_type	基金支付类型	390201	城乡居民大病医疗保险基金（预付金）
fund_pay_type	基金支付类型	310601	社区门诊统筹基金
fund_pay_type	基金支付类型	310700	家属统筹医疗基金
fund_pay_type	基金支付类型	310802	家属统筹地方补充医疗保险基金
fund_pay_type	基金支付类型	320500	公务员医疗补助个人账户基金
gend	性别	0	未知
gend	性别	1	男
gend	性别	2	女
gend	性别	9	未说明性别
grp_rslt	分组成功标志	0	不成功
grp_rslt	分组成功标志	1	成功
grp_type	分组类别	0	空
grp_type	分组类别	1	外科手术组
grp_type	分组类别	2	非手术组
grp_type	分组类别	3	内科组
grp_type	分组类别	4	QY组
grp_type	分组类别	5	00组
HILIST_LV	医保目录等级	1	甲类
HILIST_LV	医保目录等级	2	乙类
HILIST_LV	医保目录等级	3	丙类
hilist_use_type	医保目录使用类别	0	机构使用
hilist_use_type	医保目录使用类别	1	中心使用
hi_feesetl_type	医保费用结算类型	0	非医疗保险结算
hi_feesetl_type	医保费用结算类型	1	本地医疗保险结算
hi_feesetl_type	医保费用结算类型	2	异地医疗保险结算
hi_nego_drug_flag	医保谈判药品标志	0	否
hi_nego_drug_flag	医保谈判药品标志	1	是
hi_paymtd	医保支付方式	1	按项目
hi_paymtd	医保支付方式	2	单病种
hi_paymtd	医保支付方式	3	按病种分值
hi_paymtd	医保支付方式	4	基本诊断相关分组（DRG）
hi_paymtd	医保支付方式	5	按床日
hi_paymtd	医保支付方式	6	按人次
hi_paymtd	医保支付方式	9	其他
hi_paymtd	医保支付方式	901	康复病组付费
hi_paymtd	医保支付方式	60	中医优势住院病种
hosp_agre_refl_flag	医院同意转院标志	0	否
hosp_agre_refl_flag	医院同意转院标志	1	是
hosp_appr_flag	医院审批标志	0	无须审批
hosp_appr_flag	医院审批标志	1	审批通过
hosp_appr_flag	医院审批标志	2	审批不通过
hosp_lv	医院等级	1	三级特等
hosp_lv	医院等级	2	三级甲等
hosp_lv	医院等级	3	三级乙等
hosp_lv	医院等级	4	三级丙等
hosp_lv	医院等级	5	二级甲等
hosp_lv	医院等级	6	二级乙等
hosp_lv	医院等级	7	二级丙等
hosp_lv	医院等级	8	一级甲等
hosp_lv	医院等级	9	一级乙等
hosp_lv	医院等级	10	一级丙等
hosp_lv	医院等级	11	无等级
hosp_lv	医院等级	12	三级无等
hosp_lv	医院等级	13	二级无等
hosp_lv	医院等级	14	一级无等
hosp_prep_flag	医院制剂标志	0	否
hosp_prep_flag	医院制剂标志	1	是
inhosp_stas	在院状态	0	出院
inhosp_stas	在院状态	1	在院
inout_diag_type	出入院诊断类别	1	入院诊断
inout_diag_type	出入院诊断类别	2	出院诊断
insutype	险种类型	310	职工基本医疗保险
insutype	险种类型	31003	医疗保险个人账户（用人单位）
insutype	险种类型	312	农民工住院医疗
insutype	险种类型	320	公务员医疗补助
insutype	险种类型	321	公务员医疗补助（市直统发）
insutype	险种类型	323	公务员医疗补助（市直非统发）
insutype	险种类型	330	大额医疗费用补助
insutype	险种类型	331	二次补助
insutype	险种类型	340	离休人员医疗保障
insutype	险种类型	350	一至六级伤残军人医疗补助
insutype	险种类型	360	老红军医疗保障
insutype	险种类型	370	企业补充医疗保险
insutype	险种类型	380	新型农村合作医疗
insutype	险种类型	390	城乡居民基本医疗保险
insutype	险种类型	391	城镇居民基本医疗保险
insutype	险种类型	392	城乡居民大病医疗保险
insutype	险种类型	399	其他特殊人员医疗保障
insutype	险种类型	39901	劳模医疗保障
insutype	险种类型	39902	补充百分之十医疗
insutype	险种类型	39903	城乡居民补充医疗保险
insutype	险种类型	39904	建国前老工人医疗保险
insutype	险种类型	39905	二乙医疗保险
insutype	险种类型	39906	意外伤害医疗保险
insutype	险种类型	410	长期照护保险
insutype	险种类型	510	生育保险
insutype	险种类型	520	公务员生育
insutype	险种类型	39907	公费医疗照顾保险
insutype	险种类型	39908	超转人员医疗保险
insutype	险种类型	39911	医疗救助补充保险
insutype	险种类型	39912	大病统筹医疗保险
insutype	险种类型	39909	处级干部医疗补助
insutype	险种类型	39910	机关生育保险
insutype	险种类型	39913	保健对象医疗补助
insutype	险种类型	39914	高知医疗补助
insutype	险种类型	399510	企业基本养老保险
insutype	险种类型	399508	机关事业工伤保险
insutype	险种类型	399507	企业工伤保险
insutype	险种类型	399512	养老保险
insutype	险种类型	399505	特慢病保险
insutype	险种类型	399504	天然林一次性征缴
insutype	险种类型	399503	启动基金
insutype	险种类型	399501	失业保险
insutype	险种类型	399506	风险调解金
insutype	险种类型	399511	企业补充养老保险
insutype	险种类型	313	门诊附加(企业补充)险
insutype	险种类型	314	住院补充险
insutype	险种类型	324	公务员补充资金
insutype	险种类型	411	城乡居民补充长期护理保险
insutype	险种类型	3991	门急诊大额险
insutype	险种类型	3701	企业事业单位补充医疗保险
insutype	险种类型	39915	医疗照顾人员补充保险
insutype	险种类型	31001	城镇职工门诊基本医疗保险
insutype	险种类型	39001	城乡居民门诊基本医疗保险
insutype	险种类型	39916	职工补充医疗保险
INSU_CRTF_WAY	参保人认证方式	1	人脸识别
INSU_CRTF_WAY	参保人认证方式	2	特权认证
INSU_CRTF_WAY	参保人认证方式	101	调拨入库
INSU_CRTF_WAY	参保人认证方式	102	调拨出库
INSU_CRTF_WAY	参保人认证方式	103	盘盈
INSU_CRTF_WAY	参保人认证方式	104	盘损
INSU_CRTF_WAY	参保人认证方式	105	销毁
INSU_CRTF_WAY	参保人认证方式	106	其他入库
INSU_CRTF_WAY	参保人认证方式	107	其他出库
INSU_CRTF_WAY	参保人认证方式	108	商品采购入库
INSU_CRTF_WAY	参保人认证方式	109	商品退货出库
INSU_CRTF_WAY	参保人认证方式	110	赠药入库
INSU_CRTF_WAY	参保人认证方式	111	赠药退回出库
IPT_MED_TYPE	住院医疗类型	1	住院
IPT_MED_TYPE	住院医疗类型	2	日间手术
latechb_flag	晚育标志	0	否
latechb_flag	晚育标志	1	是
list_sp_item_flag	目录特项标志	0	否
list_sp_item_flag	目录特项标志	1	是
list_sp_item_flag	目录特项标志	3	合规丙类费用标志
list_sp_item_flag	目录特项标志	9	其他
list_sp_item_flag	目录特项标志	996	中医药
list_sp_item_flag	目录特项标志	4	抢救自费
list_sp_item_flag	目录特项标志	5	特检特治
list_sp_item_flag	目录特项标志	6	离休床位费
list_sp_item_flag	目录特项标志	7	离休超限价
list_sp_item_flag	目录特项标志	8	离休全自费
list_sp_item_flag	目录特项标志	10	范围外自费
list_sp_item_flag	目录特项标志	951	门诊特病治疗方案内
list_sp_item_flag	目录特项标志	952	门诊特病治疗方案外
list_sp_item_flag	目录特项标志	903	集采标志
list_sp_item_flag	目录特项标志	904	两病集采药品
list_sp_item_flag	目录特项标志	905	单病种外材料标志
list_sp_item_flag	目录特项标志	990	帕利哌酮治疗标志
list_sp_item_flag	目录特项标志	991	棕榈帕利哌酮治疗标志
list_sp_item_flag	目录特项标志	997	中医适宜技术标志（针灸）
list_sp_item_flag	目录特项标志	998	马替外分子备案标志
list_sp_item_flag	目录特项标志	999	高值药备案标志
list_sp_item_flag	目录特项标志	906	符合适应症按双通道管理药品处理标志
list_sp_item_flag	目录特项标志	907	符合适应症按普通乙类药品处理标志
list_sp_item_flag	目录特项标志	908	不符适应症按丙类处理标志
list_sp_item_flag	目录特项标志	992	非吗替麦考酚酯（4种特殊药品）
list_sp_item_flag	目录特项标志	993	64层螺旋CT（单源）
list_sp_item_flag	目录特项标志	994	64层螺旋CT（双源）
list_sp_item_flag	目录特项标志	995	中医药（中药汤剂）
list_sp_item_flag	目录特项标志	950	吗替麦考酚酯（4种特殊药品）
list_sp_item_flag	目录特项标志	960	吗替麦考酚酯（未备案）
list_sp_item_flag	目录特项标志	6	新冠用药
list_sp_item_flag	目录特项标志	941	免费高血压标识
list_sp_item_flag	目录特项标志	942	免费糖尿病标识
list_type	目录类别	101	西药中成药
list_type	目录类别	102	中药饮片
list_type	目录类别	103	自制剂
list_type	目录类别	104	民族药
list_type	目录类别	201	医疗服务项目
list_type	目录类别	301	医用耗材
list_type	目录类别	501	长护服务项目
list_type	目录类别	105	其他
list_type	目录类别	106	中药颗粒
lmtpric_hosp_lv	限价医院等级	1	一级及以下
lmtpric_hosp_lv	限价医院等级	108	乡级
lmtpric_hosp_lv	限价医院等级	2	二级
lmtpric_hosp_lv	限价医院等级	207	县级
lmtpric_hosp_lv	限价医院等级	3	三级
lmtpric_hosp_lv	限价医院等级	305	市级
lmtpric_hosp_lv	限价医院等级	306	省级
lmtpric_hosp_lv	限价医院等级	9	其他
lmtpric_hosp_lv	限价医院等级	111	一级一档(省级)
lmtpric_hosp_lv	限价医院等级	112	一级一档(市级)
lmtpric_hosp_lv	限价医院等级	113	一级一档(县级)
lmtpric_hosp_lv	限价医院等级	114	一级二档(省级)
lmtpric_hosp_lv	限价医院等级	115	一级二档(市级)
lmtpric_hosp_lv	限价医院等级	116	一级二档(县级)
lmtpric_hosp_lv	限价医院等级	117	一级三档(省级)
lmtpric_hosp_lv	限价医院等级	211	二级一档(省级)
lmtpric_hosp_lv	限价医院等级	212	二级一档(市级)
lmtpric_hosp_lv	限价医院等级	213	二级一档(县级)
lmtpric_hosp_lv	限价医院等级	214	二级二档(省级)
lmtpric_hosp_lv	限价医院等级	215	二级二档(市级)
lmtpric_hosp_lv	限价医院等级	216	二级二档(县级)
lmtpric_hosp_lv	限价医院等级	311	三级一档(省级)
lmtpric_hosp_lv	限价医院等级	312	三级一档(市级)
lmtpric_hosp_lv	限价医院等级	313	三级二档(省级)
lmtpric_hosp_lv	限价医院等级	314	三级二档(市级)
lmtpric_hosp_lv	限价医院等级	217	二级三档(市级)
lmtpric_hosp_lv	限价医院等级	218	二级三档(县级)
lmt_cpnd_type	限复方使用类型	1	单复方均可用
lmt_cpnd_type	限复方使用类型	2	限复方使用
lmt_cpnd_type	限复方使用类型	3	单复方不可用
lmt_cpnd_type	限复方使用类型	9	其他
lmt_used_flag	限制使用标志	0	否
lmt_used_flag	限制使用标志	1	是
LONGTERM_ADMROL_FLAG	长期护理管理角色标志	1	是
LONGTERM_ADMROL_FLAG	长期护理管理角色标志	0	否
LONGTERM_CHK_TYPE	长护审核类型	3	职能审核
LONGTERM_CHK_TYPE	长护审核类型	4	暂停
LONGTERM_CHK_TYPE	长护审核类型	5	恢复
LONGTERM_CHK_TYPE	长护审核类型	6	失效
LONGTERM_DCLA_REA	长期护理申报原因	1	零星报销
LONGTERM_DCLA_REA	长期护理申报原因	2	月度结算
LONGTERM_DCLA_REA	长期护理申报原因	3	辅具租赁
LONGTERM_DETL_CHK_STAS	长期护理明细审核状态	1	审核通过
LONGTERM_DETL_CHK_STAS	长期护理明细审核状态	2	审核不通过
LONGTERM_EVAL_LV	长期护理评估等级	1	基本正常
LONGTERM_EVAL_LV	长期护理评估等级	2	轻度失能
LONGTERM_EVAL_LV	长期护理评估等级	3	中度失能
LONGTERM_EVAL_LV	长期护理评估等级	4	重度失能I级
LONGTERM_EVAL_LV	长期护理评估等级	5	重度失能II级
LONGTERM_EVAL_LV	长期护理评估等级	6	重度失能Ⅲ级
LONGTERM_EVAL_LV	长期护理评估等级	31	中度失能Ⅰ级
LONGTERM_EVAL_LV	长期护理评估等级	32	中度失能Ⅱ级
LONGTERM_EVAL_LV	长期护理评估等级	33	中度失能Ⅲ级
LONGTERM_EVAL_LV	长期护理评估等级	40	重度失能
LONGTERM_EVAL_RSLT	长期护理评估结果	0	不通过
LONGTERM_EVAL_RSLT	长期护理评估结果	1	通过
LONGTERM_EVAL_TYPE	长期护理评估类型	1	初次评估
LONGTERM_EVAL_TYPE	长期护理评估类型	2	争议复评
LONGTERM_EVAL_TYPE	长期护理评估类型	3	重新评估
LONGTERM_EVAL_TYPE	长期护理评估类型	4	期末评估
LONGTERM_EVAL_TYPE	长期护理评估类型	5	稽核评估
LONGTERM_EVAL_WAY	长期护理评估方式	1	居家上门评估
LONGTERM_EVAL_WAY	长期护理评估方式	2	机构集中评估
LONGTERM_EVAL_WAY	长期护理评估方式	3	线上评估
LONGTERM_NURSCARE_REQ_LV	长期护理照护需求等级	0	照护0级
LONGTERM_NURSCARE_REQ_LV	长期护理照护需求等级	1	照护1级
LONGTERM_NURSCARE_REQ_LV	长期护理照护需求等级	2	照护2级
LONGTERM_NURSCARE_REQ_LV	长期护理照护需求等级	3	照护3级
LONGTERM_NURSCARE_REQ_LV	长期护理照护需求等级	4	照护4级
LONGTERM_NURSCARE_REQ_LV	长期护理照护需求等级	5	照护5级
LONGTERM_PLAN_EXE_STAS	长期护理计划执行状态	1	待执行
LONGTERM_PLAN_EXE_STAS	长期护理计划执行状态	2	执行中
LONGTERM_PLAN_EXE_STAS	长期护理计划执行状态	3	已完成
LONGTERM_PLAN_EXE_STAS	长期护理计划执行状态	4	已停止
LONGTERM_REG_TYPE	长护登记类型	1	护理登记
LONGTERM_REG_TYPE	长护登记类型	2	辅具登记
LONGTERM_SERV_TYPE	长期护理服务类型	1	生活照料
LONGTERM_SERV_TYPE	长期护理服务类型	2	精神慰藉
LONGTERM_SERV_TYPE	长期护理服务类型	3	安全巡视
LONGTERM_SERV_TYPE	长期护理服务类型	4	医疗护理
LONGTERM_SERV_TYPE	长期护理服务类型	5	康复护理
LONGTERM_SERV_TYPE	长期护理服务类型	6	辅助器具
LONGTERM_SERV_TYPE	长期护理服务类型	7	居家护理
LONGTERM_SERV_TYPE_NO	长期护理机构服务类型编号	1	机构上门护理
LONGTERM_SERV_TYPE_NO	长期护理机构服务类型编号	2	养老机构护理
LONGTERM_SERV_TYPE_NO	长期护理机构服务类型编号	3	医疗机构护理
LONGTERM_SERV_TYPE_NO	长期护理机构服务类型编号	4	辅助器具机构
LONGTERM_SERV_TYPE_NO	长期护理机构服务类型编号	5	定点培训机构
LONGTERM_SETL_STAS	长期护理结算状态	1	待申报
LONGTERM_SETL_STAS	长期护理结算状态	2	已申报
LONGTERM_SETL_STAS	长期护理结算状态	3	机构已申报
LONGTERM_SETL_STAS	长期护理结算状态	4	受理通过
LONGTERM_SETL_STAS	长期护理结算状态	5	受理驳回
LONGTERM_SETL_STAS	长期护理结算状态	6	结算
LONGTERM_SETL_STAS	长期护理结算状态	7	结算退回
LONGTERM_SETL_STAS	长期护理结算状态	8	撤销
LTCI_FEE_TYPE	长期护理保险费用类型	1	护理费
LTCI_FEE_TYPE	长期护理保险费用类型	2	租赁费
LTCI_FEE_TYPE	长期护理保险费用类型	3	医疗费
LTCI_PSN_STAS	长期护理保险人员状态	1	正常
LTCI_PSN_STAS	长期护理保险人员状态	2	注销
maindiag_flag	主诊断标志	0	否
maindiag_flag	主诊断标志	1	是
MAIN_EVAL_PSN_FLAG	主要评估人员标志	0	否
MAIN_EVAL_PSN_FLAG	主要评估人员标志	1	是
matn_fee_flag	生育费用标志	0	否
matn_fee_flag	生育费用标志	1	是
matn_type	生育类别	1	正常产
matn_type	生育类别	103	正常产(侧剖)
matn_type	生育类别	104	顺产(镇痛分娩)
matn_type	生育类别	105	顺产
matn_type	生育类别	11	绝育
matn_type	生育类别	2	助娩产
matn_type	生育类别	3	剖宫产
matn_type	生育类别	302	剖宫产合并输卵管结扎术
matn_type	生育类别	303	剖宫产合并子宫肌瘤剔除术
matn_type	生育类别	304	剖宫产合并卵巢囊肿切除术(单侧)
matn_type	生育类别	305	剖宫产合并卵巢囊肿切除术(双侧)
matn_type	生育类别	306	剖宫产合并子宫肌瘤剔除术合并输卵管结扎术
matn_type	生育类别	307	剖宫产合并卵巢囊肿切除术(单侧)合并输卵管结扎术
matn_type	生育类别	308	剖宫产合并卵巢囊肿切除术(双侧)合并输卵管结扎术
matn_type	生育类别	309	剖宫产合并子宫肌瘤剔除术合并卵巢囊肿切除术(单侧)
matn_type	生育类别	310	剖宫产合并子宫肌瘤剔除术合并卵巢囊肿切除术(双侧)
matn_type	生育类别	311	剖宫产合并子宫肌瘤剔除术合并卵巢囊肿切除术(单侧)合并结扎术
matn_type	生育类别	4	难产
matn_type	生育类别	5	流产
matn_type	生育类别	501	药物流产(住院)
matn_type	生育类别	502	药物流产(门诊)
matn_type	生育类别	503	人工流产门诊(小于4个月)
matn_type	生育类别	504	人工流产住院(小于4个月)
matn_type	生育类别	505	人工流产门诊(大于4个月)
matn_type	生育类别	506	人工流产住院(大于4个月)
matn_type	生育类别	51	未满4个月流产
matn_type	生育类别	6	引产
matn_type	生育类别	7	产前检查
matn_type	生育类别	8	正常产伴侧切
matn_type	生育类别	81	胎膜早破
matn_type	生育类别	9	其他
matn_type	生育类别	901	婚检补助单人
matn_type	生育类别	911	产前疾病筛查
matn_type	生育类别	912	人工干预分娩(子宫破裂修补术产钳术等)
matn_type	生育类别	918	中期引产(门诊)
matn_type	生育类别	919	中期引产(住院)
matn_type	生育类别	92	难产+绝育手术
matn_type	生育类别	920	宫内节育器放置
matn_type	生育类别	921	宫内节育器取出
matn_type	生育类别	922	输卵管结扎
matn_type	生育类别	923	输精管节扎
matn_type	生育类别	924	避孕药皮下埋置
matn_type	生育类别	925	长期避孕针
matn_type	生育类别	926	输卵管复通
matn_type	生育类别	927	输精管再通
matn_type	生育类别	928	环情监测(环透)
matn_type	生育类别	929	剖宫产计划生育合并输卵管结扎
matn_type	生育类别	930	孕情检测
matn_type	生育类别	931	器械产
matn_type	生育类别	932	并发症
matn_type	生育类别	934	婚检补助双人
matn_type	生育类别	935	二次剖宫产
matn_type	生育类别	94	地贫基因筛查
matn_type	生育类别	948	未按规定生育享受津贴
matn_type	生育类别	95	婚检补助
matn_type	生育类别	951	地贫基因检测费单人
matn_type	生育类别	952	生育并发症
matn_type	生育类别	953	上环,取环
matn_type	生育类别	955	地贫基因检测费双人
matn_type	生育类别	96	地贫基因筛查(双人)
matn_type	生育类别	97	婚检补助(双人)
matn_type	生育类别	976	产后检查
matn_type	生育类别	978	无指征剖宫产
matn_type	生育类别	989	剖宫产伴其他手术
matn_type	生育类别	997	侧切顺产
matn_type	生育类别	9981	侧切产钳产
matn_type	生育类别	999	侧切吸引产
matn_type	生育类别	9993	妊高症
matn_type	生育类别	9994	正常分娩后新生儿死亡
matn_type	生育类别	99942	先兆流产
matn_type	生育类别	9996	难产剖宫产分娩后新生儿死亡
matn_type	生育类别	56	12周以上住院终止妊娠
matn_type	生育类别	66	早期妊娠需在门诊终止妊娠
matn_type	生育类别	14	满四个月流产
matn_type	生育类别	16	妊娠满28周以上生产或引产
matn_type	生育类别	20	皮下埋植剂取出术
matn_type	生育类别	52	怀孕满4个月未满7个月流产
matn_type	生育类别	53	怀孕满7个月流产
matn_type	生育类别	54	怀孕未满3个月流产
matn_type	生育类别	55	怀孕满3个月未满7个月流产
matn_type	生育类别	99	未分娩转出
matn_type	生育类别	312	剖宫产合并子宫肌瘤剔除术合并卵巢囊肿切除术(双侧)合并结扎术
matn_type	生育类别	106	多胞胎顺产
matn_type	生育类别	401	多胞胎难产或剖宫产
matn_type	生育类别	57	怀孕未满4个月的先兆流产
matn_type	生育类别	58	怀孕满4个月的先兆流产
matn_type	生育类别	99943	先兆流产(补差)
matn_type	生育类别	99944	满3个月不满4个月流产
matn_type	生育类别	99945	死胎
matn_type	生育类别	99946	宫外孕
matn_type	生育类别	99947	葡萄胎
matn_type	生育类别	99949	四个月以下保胎失败
matn_type	生育类别	99950	四个月以上七个月以下保胎失败
matn_type	生育类别	902	保胎
matn_type	生育类别	321	剖宫产同时实施其它手术之三
matn_type	生育类别	41	难产引产术（28周以上含28周）
matn_type	生育类别	322	剖宫产同时实施其他手术之四及以上
matn_type	生育类别	323	剖宫产同时实施其它三种手术及以上，并双侧输卵管绝育（复通）
matn_type	生育类别	324	剖宫引产术（28周以上含28周单胎）
matn_type	生育类别	325	剖宫引产术（28周以上含28周单胎或多胎）同时实施合并手术
matn_type	生育类别	326	剖宫引产术（28周以上含28周单胎或多胎）同时实施合并手术，并双侧输卵管绝育（复通）
matn_type	生育类别	327	剖宫引产术（28周以上含28周），并双侧输卵管绝育（复通）
matn_type	生育类别	507	14周以上28周以下引产
matn_type	生育类别	917	中期引产(5至6个月)
matn_type	生育类别	1000	剖宫产（病理性）
matn_type	生育类别	1001	剖宫产（社会因素）
matn_type	生育类别	1002	剖宫产
matn_type	生育类别	99951	中期妊娠引产（14至20周）
matn_type	生育类别	99952	中晚期妊娠引产（20至28周）
matn_type	生育类别	99960	计划外流产引产
matn_type	生育类别	9527	生育常见并发症
matn_type	生育类别	9528	生育少见并发症
matn_type	生育类别	9529	生育常（少）见并发症
matn_type	生育类别	9521	生育常见并发症（自然分娩）
matn_type	生育类别	9522	生育常见并发症（助娩产）
matn_type	生育类别	9523	生育常见并发症（剖宫产）
matn_type	生育类别	9524	生育少见并发症（自然分娩）
matn_type	生育类别	9525	生育少见并发症（助娩产）
matn_type	生育类别	9526	生育少见并发症（剖宫产）
matn_type	生育类别	9520	剖宫产合并症
matn_type	生育类别	331	4(含)至7个月以下流产引产
matn_type	生育类别	332	7个月以上生产早产引产
matn_type	生育类别	508	早期妊娠流产（未满14周）
matn_type	生育类别	67	中期妊娠引产（满14周未满16周）
matn_type	生育类别	404	宫外孕手术治疗
matn_type	生育类别	402	宫外孕保守治疗
matn_type	生育类别	403	宫内节育器嵌顿
matn_type	生育类别	99953	计划生育节育手术
matn_type	生育类别	509	自然流产
matn_type	生育类别	510	高危人工流产
matn_type	生育类别	903	地中海贫血基因检测费（单人）
matn_type	生育类别	904	地中海贫血基因检测费（双人）
matn_type	生育类别	9907	普通住院（先兆流产）
matn_type	生育类别	201	产钳助产
matn_type	生育类别	202	胎吸助产
mdtrt_cert_type	就诊凭证类型	1	医保电子凭证
mdtrt_cert_type	就诊凭证类型	2	居民身份证
mdtrt_cert_type	就诊凭证类型	3	社会保障卡
mdtrt_cert_type	就诊凭证类型	4	终端扫码
mdtrt_cert_type	就诊凭证类型	5	终端扫脸
mdtrt_cert_type	就诊凭证类型	6	电子社会保障卡
MDTRT_TYPE	就诊类型	1	门诊
MDTRT_TYPE	就诊类型	2	住院
MDTRT_TYPE	就诊类型	3	门慢门特
MDTRT_TYPE	就诊类型	4	药店购药
med_chrgitm_type	医疗收费项目类别	1	床位费
med_chrgitm_type	医疗收费项目类别	2	诊察费
med_chrgitm_type	医疗收费项目类别	3	检查费
med_chrgitm_type	医疗收费项目类别	4	化验费
med_chrgitm_type	医疗收费项目类别	5	治疗费
med_chrgitm_type	医疗收费项目类别	6	手术费
med_chrgitm_type	医疗收费项目类别	7	护理费
med_chrgitm_type	医疗收费项目类别	8	卫生材料费
med_chrgitm_type	医疗收费项目类别	9	西药费
med_chrgitm_type	医疗收费项目类别	10	中药饮片费
med_chrgitm_type	医疗收费项目类别	11	中成药费
med_chrgitm_type	医疗收费项目类别	12	一般诊疗费
med_chrgitm_type	医疗收费项目类别	13	挂号费
med_chrgitm_type	医疗收费项目类别	14	其他费
med_chrgitm_type	医疗收费项目类别	1401	特殊材料费
med_chrgitm_type	医疗收费项目类别	14011	血液及血液制品
med_chrgitm_type	医疗收费项目类别	14012	单病种除外内容
med_chrgitm_type	医疗收费项目类别	1402	国产材料
med_chrgitm_type	医疗收费项目类别	14021	集中带量
med_chrgitm_type	医疗收费项目类别	1403	进口材料
med_chrgitm_type	医疗收费项目类别	14031	康复项目
med_chrgitm_type	医疗收费项目类别	1404	国谈药品
med_chrgitm_type	医疗收费项目类别	1405	手术材料费
med_chrgitm_type	医疗收费项目类别	1406	中草药及中医适宜技术
med_chrgitm_type	医疗收费项目类别	15	氧费
med_chrgitm_type	医疗收费项目类别	16	血制品
med_chrgitm_type	医疗收费项目类别	17	人工晶体
med_chrgitm_type	医疗收费项目类别	1407	救护车费
med_chrgitm_type	医疗收费项目类别	1408	MRI费
med_chrgitm_type	医疗收费项目类别	1409	CT费
med_chrgitm_type	医疗收费项目类别	1410	彩超费
med_chrgitm_type	医疗收费项目类别	1411	输氧费
med_chrgitm_type	医疗收费项目类别	1412	输血费
med_chrgitm_type	医疗收费项目类别	1413	麻醉费
med_chrgitm_type	医疗收费项目类别	1414	麻醉相关项目费
med_chrgitm_type	医疗收费项目类别	1415	其他医疗费
med_chrgitm_type	医疗收费项目类别	14013	单病种超标准床位费
med_chrgitm_type	医疗收费项目类别	14014	单病种定额标准费
med_chrgitm_type	医疗收费项目类别	18	医事服务费
med_chrgitm_type	医疗收费项目类别	145312	特殊检查费
med_chrgitm_type	医疗收费项目类别	145314	诊疗费
med_chrgitm_type	医疗收费项目类别	145301	放射费
med_chrgitm_type	医疗收费项目类别	145303	特殊治疗费
med_chrgitm_type	医疗收费项目类别	145311	辅助器具
med_chrgitm_type	医疗收费项目类别	145305	进口特殊材料
med_chrgitm_type	医疗收费项目类别	145306	进口人工器官
med_chrgitm_type	医疗收费项目类别	145307	国产特殊材料
med_chrgitm_type	医疗收费项目类别	145308	国产人工器官
med_chrgitm_type	医疗收费项目类别	145309	进口或合资材料
med_chrgitm_type	医疗收费项目类别	145310	普通材料费
med_chrgitm_type	医疗收费项目类别	801	材料费
med_chrgitm_type	医疗收费项目类别	802	内置材料
med_chrgitm_type	医疗收费项目类别	901	甲类西药
med_chrgitm_type	医疗收费项目类别	902	乙类西药
med_chrgitm_type	医疗收费项目类别	903	其它类西药
med_chrgitm_type	医疗收费项目类别	1101	甲类中成药
med_chrgitm_type	医疗收费项目类别	1102	乙类中成药
med_chrgitm_type	医疗收费项目类别	1103	其它类中成药
med_chrgitm_type	医疗收费项目类别	1104	民族药
med_chrgitm_type	医疗收费项目类别	1001	复方可报
med_chrgitm_type	医疗收费项目类别	1002	单方可报
med_chrgitm_type	医疗收费项目类别	1003	其它类草药
med_chrgitm_type	医疗收费项目类别	1301	普通门诊
med_chrgitm_type	医疗收费项目类别	1302	急诊
med_chrgitm_type	医疗收费项目类别	1303	假日门诊
med_chrgitm_type	医疗收费项目类别	1304	特约门诊
med_chrgitm_type	医疗收费项目类别	101	普通病房床位费
med_chrgitm_type	医疗收费项目类别	102	急诊观察床床位费
med_chrgitm_type	医疗收费项目类别	103	干部病房床位费
med_chrgitm_type	医疗收费项目类别	104	监护病房床位费
med_chrgitm_type	医疗收费项目类别	105	抢救病房床位费
med_chrgitm_type	医疗收费项目类别	106	母婴同室床位费
med_chrgitm_type	医疗收费项目类别	107	血液病房床位费
med_chrgitm_type	医疗收费项目类别	108	等级医院住院床位费加收
med_chrgitm_type	医疗收费项目类别	109	建床费
med_chrgitm_type	医疗收费项目类别	110	三人间床位费
med_chrgitm_type	医疗收费项目类别	111	双人间床位费
med_chrgitm_type	医疗收费项目类别	112	单人间床位费
med_chrgitm_type	医疗收费项目类别	113	特殊防护病房床位费
med_chrgitm_type	医疗收费项目类别	201	门（急）诊诊疗费 （门诊医事服务费）
med_chrgitm_type	医疗收费项目类别	202	住院诊疗费（住院医事服务费）
med_chrgitm_type	医疗收费项目类别	203	门诊常规输液观察费
med_chrgitm_type	医疗收费项目类别	204	门诊急诊加收
med_chrgitm_type	医疗收费项目类别	205	留观费
med_chrgitm_type	医疗收费项目类别	206	出诊费
med_chrgitm_type	医疗收费项目类别	300	放射检查
med_chrgitm_type	医疗收费项目类别	302	透视
med_chrgitm_type	医疗收费项目类别	303	照像
med_chrgitm_type	医疗收费项目类别	304	造影
med_chrgitm_type	医疗收费项目类别	305	CT检查
med_chrgitm_type	医疗收费项目类别	306	磁共振检查
med_chrgitm_type	医疗收费项目类别	307	超声波检查
med_chrgitm_type	医疗收费项目类别	308	普通B型(黑白)超声检查
med_chrgitm_type	医疗收费项目类别	309	彩色多普勒超声检查
med_chrgitm_type	医疗收费项目类别	310	超声心动图
med_chrgitm_type	医疗收费项目类别	311	其它超声波检查
med_chrgitm_type	医疗收费项目类别	312	核医学检查
med_chrgitm_type	医疗收费项目类别	313	内镜检查
med_chrgitm_type	医疗收费项目类别	314	电生理动态心电图
med_chrgitm_type	医疗收费项目类别	315	检查用一次材料
med_chrgitm_type	医疗收费项目类别	501	一般治疗费
med_chrgitm_type	医疗收费项目类别	502	会诊费
med_chrgitm_type	医疗收费项目类别	503	抢救费
med_chrgitm_type	医疗收费项目类别	504	理疗费
med_chrgitm_type	医疗收费项目类别	505	康复治疗费
med_chrgitm_type	医疗收费项目类别	508	其它一般治疗费
med_chrgitm_type	医疗收费项目类别	509	高压氧治疗费
med_chrgitm_type	医疗收费项目类别	510	激光治疗费
med_chrgitm_type	医疗收费项目类别	511	血液透析治疗费
med_chrgitm_type	医疗收费项目类别	512	放射治疗费
med_chrgitm_type	医疗收费项目类别	513	介入治疗
med_chrgitm_type	医疗收费项目类别	514	导管治疗
med_chrgitm_type	医疗收费项目类别	515	射频治疗
med_chrgitm_type	医疗收费项目类别	516	核素治疗
med_chrgitm_type	医疗收费项目类别	517	口腔修复及正畸
med_chrgitm_type	医疗收费项目类别	518	治疗用一次性医用材料
med_chrgitm_type	医疗收费项目类别	519	进口贵重一次性材料
med_chrgitm_type	医疗收费项目类别	520	一般一次性医用材料
med_chrgitm_type	医疗收费项目类别	601	其它手术费
med_chrgitm_type	医疗收费项目类别	602	心血管手术
med_chrgitm_type	医疗收费项目类别	603	呼吸系手术
med_chrgitm_type	医疗收费项目类别	604	消化系手术
med_chrgitm_type	医疗收费项目类别	605	骨髓肌肉手术
med_chrgitm_type	医疗收费项目类别	606	泌尿生殖系手术
med_chrgitm_type	医疗收费项目类别	607	神经内分泌手术
med_chrgitm_type	医疗收费项目类别	608	妇科计划生育类手术
med_chrgitm_type	医疗收费项目类别	609	产科手术
med_chrgitm_type	医疗收费项目类别	610	矫形手术
med_chrgitm_type	医疗收费项目类别	611	接生费
med_chrgitm_type	医疗收费项目类别	613	术中一次性材料费
med_chrgitm_type	医疗收费项目类别	614	人工器官
med_chrgitm_type	医疗收费项目类别	615	器官移植
med_chrgitm_type	医疗收费项目类别	401	临床化验费
med_chrgitm_type	医疗收费项目类别	402	普通化验费
med_chrgitm_type	医疗收费项目类别	403	特殊化验费
med_chrgitm_type	医疗收费项目类别	404	临床病理费
med_chrgitm_type	医疗收费项目类别	405	普通病理费
med_chrgitm_type	医疗收费项目类别	406	特殊病理费
med_chrgitm_type	医疗收费项目类别	701	心脏体外循环直视术后护理费
med_chrgitm_type	医疗收费项目类别	702	重伤烧伤护理费
med_chrgitm_type	医疗收费项目类别	703	特级护理费
med_chrgitm_type	医疗收费项目类别	704	一级护理费
med_chrgitm_type	医疗收费项目类别	705	二级护理费
med_chrgitm_type	医疗收费项目类别	706	三级护理费
med_chrgitm_type	医疗收费项目类别	707	等级医院住院护理费加收
med_chrgitm_type	医疗收费项目类别	708	专项护理
med_chrgitm_type	医疗收费项目类别	1416	取暖费
med_chrgitm_type	医疗收费项目类别	1417	陪住费
med_chrgitm_type	医疗收费项目类别	1418	婴幼儿住院材料费
med_chrgitm_type	医疗收费项目类别	1419	空调费
med_chrgitm_type	医疗收费项目类别	1420	尸体残肢
med_chrgitm_type	医疗收费项目类别	301	一般检查
med_chrgitm_type	医疗收费项目类别	19	药品
med_chrgitm_type	医疗收费项目类别	316	特检特治
med_chrgitm_type	医疗收费项目类别	1421	伙食费
med_chrgitm_type	医疗收费项目类别	1422	住宿费
med_chrgitm_type	医疗收费项目类别	1423	交通费
med_chrgitm_type	医疗收费项目类别	20	基本药物
med_chrgitm_type	医疗收费项目类别	21	服务及设施
med_chrgitm_type	医疗收费项目类别	22	医疗减免项目
med_chrgitm_type	医疗收费项目类别	99	按病种收费
med_type	医疗类别	992003	大学生门诊
med_type	医疗类别	1901	造口袋门诊
med_type	医疗类别	1902	核酸检测门诊
med_type	医疗类别	1905	脑瘫康复门诊
med_type	医疗类别	1906	家庭医生签约
med_type	医疗类别	210305	精神病阳光救助住院
med_type	医疗类别	210901	儿童白血病住院
med_type	医疗类别	210902	儿童先心病住院
med_type	医疗类别	11	普通门诊
med_type	医疗类别	110101	个人账户下账
med_type	医疗类别	110103	门诊急诊抢救期间死亡
med_type	医疗类别	110104	门诊统筹
med_type	医疗类别	110202	特药门诊
med_type	医疗类别	1103	癌症筛查
med_type	医疗类别	1104	异地门诊慢特病
med_type	医疗类别	12	门诊挂号
med_type	医疗类别	13	急诊
med_type	医疗类别	1301	急诊抢救
med_type	医疗类别	14	门诊慢特病
med_type	医疗类别	140101	门诊大病
med_type	医疗类别	140104	门诊慢病
med_type	医疗类别	140201	门诊特病
med_type	医疗类别	140401	门诊罕见病
med_type	医疗类别	15	特药
med_type	医疗类别	16	中医特色门诊
med_type	医疗类别	18	特药购药
med_type	医疗类别	21	普通住院
med_type	医疗类别	210101	重大疾病住院
med_type	医疗类别	210103	院外费用
med_type	医疗类别	210104	急诊住院
med_type	医疗类别	210201	急诊(死亡)
med_type	医疗类别	210302	罕见病住院
med_type	医疗类别	210303	精神病住院
med_type	医疗类别	210304	分级诊疗住院
med_type	医疗类别	2109	新生儿抢救
med_type	医疗类别	2199	大病关怀
med_type	医疗类别	22	外伤住院
med_type	医疗类别	23	转外诊治住院
med_type	医疗类别	24	急诊转住院
med_type	医疗类别	240101	视同本地急诊住院
med_type	医疗类别	240102	住院前急诊
med_type	医疗类别	2402	转外住院前急诊
med_type	医疗类别	25	异地住院
med_type	医疗类别	26	单病种住院
med_type	医疗类别	27	自主就医
med_type	医疗类别	28	日间手术
med_type	医疗类别	29	起付线治疗
med_type	医疗类别	30	探亲旅游住院
med_type	医疗类别	31	院前抢救
med_type	医疗类别	3101	低自付住院
med_type	医疗类别	3102	低自付门诊
med_type	医疗类别	41	定点药店购药
med_type	医疗类别	51	生育门诊
med_type	医疗类别	510101	配偶门诊产前检查
med_type	医疗类别	510102	产前检查
med_type	医疗类别	52	生育住院
med_type	医疗类别	5201	配偶生育住院（职工）
med_type	医疗类别	520101	保胎住院
med_type	医疗类别	520102	生育定额住院
med_type	医疗类别	5202	非生产住院
med_type	医疗类别	5203	配偶非生产住院
med_type	医疗类别	5204	配偶生育转外住院
med_type	医疗类别	5205	转外非生产住院
med_type	医疗类别	5206	配偶转外非生产住院
med_type	医疗类别	5207	其他生育相关住院
med_type	医疗类别	5208	生育保胎
med_type	医疗类别	53	计划生育手术费
med_type	医疗类别	530102	计划生育门诊
med_type	医疗类别	530202	计划生育住院
med_type	医疗类别	5304	配偶计划生育门诊治疗
med_type	医疗类别	5305	生育转外住院
med_type	医疗类别	56	基本医疗计划生育手术
med_type	医疗类别	61	照护保险
med_type	医疗类别	71	家庭病床
med_type	医疗类别	81	意外伤害门诊
med_type	医疗类别	91	其他门诊
med_type	医疗类别	9101	外检
med_type	医疗类别	910201	外治
med_type	医疗类别	910202	国家谈判药门诊
med_type	医疗类别	9103	外购
med_type	医疗类别	9105	门诊手术转外
med_type	医疗类别	910601	门诊手术转外未备案
med_type	医疗类别	910602	全口义齿
med_type	医疗类别	9107	体检
med_type	医疗类别	9108	外伤门诊
med_type	医疗类别	9110	住院前门诊
med_type	医疗类别	9111	PET检查
med_type	医疗类别	9112	慢特外检外购定点批准
med_type	医疗类别	9113	慢特外检外购经办批准
med_type	医疗类别	9114	慢特异地长期居住
med_type	医疗类别	92	其他住院
med_type	医疗类别	9201	转外地住院备案
med_type	医疗类别	9202	转外地住院未备案
med_type	医疗类别	9203	意外伤害住院备案
med_type	医疗类别	9204	意外伤害转外住院备案
med_type	医疗类别	9205	意外伤害转外住院未备案
med_type	医疗类别	9206	意外伤害住院未备案
med_type	医疗类别	9207	肝移植报销
med_type	医疗类别	9208	长期护理专护
med_type	医疗类别	9209	长期护理养护
med_type	医疗类别	9211	随同住院报销
med_type	医疗类别	93	其他购药
med_type	医疗类别	9301	大额自费购药
med_type	医疗类别	99	地方扩展医疗类别
med_type	医疗类别	990101	门诊单病种
med_type	医疗类别	990102	转诊门诊
med_type	医疗类别	990201	大额普通门诊
med_type	医疗类别	990301	统筹区内转院
med_type	医疗类别	990302	医疗专护
med_type	医疗类别	990401	普通住院（新生儿随父母报销）
med_type	医疗类别	990402	残疾人辅助器具门诊
med_type	医疗类别	990403	机构护理
med_type	医疗类别	990404	门诊特检特治(阴性)
med_type	医疗类别	990502	特殊情况门诊
med_type	医疗类别	990503	日间病床
med_type	医疗类别	990601	无他方责任意外伤害住院
med_type	医疗类别	990602	血液特殊病
med_type	医疗类别	9907	门诊特检特治(阳性)
med_type	医疗类别	990801	安宁疗护住院
med_type	医疗类别	990802	特殊项目报销
med_type	医疗类别	990901	特殊病住院
med_type	医疗类别	990902	门诊专项用药
med_type	医疗类别	990903	转外慢性病
med_type	医疗类别	9910	异地安置人员急诊住院
med_type	医疗类别	991102	特殊用药
med_type	医疗类别	991201	重流疾病
med_type	医疗类别	991202	分疗程间断住院治疗
med_type	医疗类别	991301	市外继续治疗
med_type	医疗类别	991302	非定点生育报销
med_type	医疗类别	991401	门诊抢救
med_type	医疗类别	991402	非定点生育住院报销
med_type	医疗类别	991501	门诊抢救死亡（市外）
med_type	医疗类别	991502	非定点计划生育手术费
med_type	医疗类别	991601	医疗照顾对象门诊
med_type	医疗类别	991602	公务员困难救助
med_type	医疗类别	991701	重流门诊
med_type	医疗类别	991702	18周岁以下苯丙酮尿症
med_type	医疗类别	991802	18周岁以下四氢生物蝶呤缺乏症
med_type	医疗类别	991901	妊娠合并症（并发症）
med_type	医疗类别	991902	18周岁以下苯丙酮尿症及四氢生物蝶
med_type	医疗类别		呤缺乏症
med_type	医疗类别	992001	门检特检特治
med_type	医疗类别	992002	大学生外伤门诊
med_type	医疗类别	992101	终止妊娠
med_type	医疗类别	992102	透析
med_type	医疗类别	992103	异地安置住院
med_type	医疗类别	9922	自主就医住院
med_type	医疗类别	9929	药店购慢特病药
med_type	医疗类别	9933	透析治疗
med_type	医疗类别	9934	床日费用住院
med_type	医疗类别	9935	独立门诊部个人帐户支付
med_type	医疗类别	9936	外伤转院
med_type	医疗类别	9937	外伤急诊住院
med_type	医疗类别	2201	意外伤害急诊住院
med_type	医疗类别	2202	意外伤害转外住院
med_type	医疗类别	2203	意外伤害转外住院手续不全
med_type	医疗类别	2204	意外伤害住院前急诊
med_type	医疗类别	2205	意外伤害转外住院前急诊
med_type	医疗类别	2301	转外住院手续不全
med_type	医疗类别	9212	公务员工伤
med_type	医疗类别	9213	公务员生育
med_type	医疗类别	2106	居民生育住院
med_type	医疗类别	9901	门诊两病
med_type	医疗类别	1402	重特大疾病门诊
med_type	医疗类别	1404	城乡两病门诊
med_type	医疗类别	2104	中医日间病房
med_type	医疗类别	9951	村卫门诊
med_type	医疗类别	9938	择日住院
med_type	医疗类别	9939	择交通意外伤害住院
med_type	医疗类别	9940	意外伤害住院
med_type	医疗类别	110203	异地特药门诊
med_type	医疗类别	210401	转出医院结算
med_type	医疗类别	210402	转入医院登记
med_type	医疗类别	2501	异地普通住院一类地区
med_type	医疗类别	2502	异地普通住院二类地区
med_type	医疗类别	2503	异地普通住院三类地区
med_type	医疗类别	32	临时外出就医
med_type	医疗类别	33	异地出差学习
med_type	医疗类别	530103	计生普通门诊
med_type	医疗类别	994101	工伤门诊
med_type	医疗类别	994102	工伤住院
med_type	医疗类别	992504	异地特病门诊一类地区
med_type	医疗类别	992505	异地特病门诊二类地区
med_type	医疗类别	992506	异地特病门诊三类地区
med_type	医疗类别	992507	异地工伤住院一类地区
med_type	医疗类别	992508	异地工伤住院二类地区
med_type	医疗类别	992509	异地工伤住院三类地区
med_type	医疗类别	992510	异地转当地非定点一类地区
med_type	医疗类别	992511	异地转当地非定点二类地区
med_type	医疗类别	992512	异地转当地非定点三类地区
med_type	医疗类别	992513	异地转当地定点一类地区（转入）登记
med_type	医疗类别	992514	异地转当地定点一类地区（转出）结算
med_type	医疗类别	992515	异地转当地定点二类地区（转入）登记
med_type	医疗类别	992516	异地转当地定点二类地区（转出）结算
med_type	医疗类别	992517	异地转当地定点三类地区（转入）登记
med_type	医疗类别	992518	异地转当地定点三类地区（转出）结算
med_type	医疗类别	230101	视同本地转外住院
med_type	医疗类别	110102	个账代支
med_type	医疗类别	1105	异地门诊
med_type	医疗类别	2302	市内转院
med_type	医疗类别	2403	急诊留观
med_type	医疗类别	2801	日间肿瘤手术
med_type	医疗类别	2901	无起付住院
med_type	医疗类别	520103	生育实报实销
med_type	医疗类别	520104	生育住院按比例报销
med_type	医疗类别	5209	生育住院并发症
med_type	医疗类别	5210	城乡生育住院
med_type	医疗类别	8101	学生意外伤害门诊
med_type	医疗类别	9214	瘫痪护理
med_type	医疗类别	9215	特殊情况报销门诊
med_type	医疗类别	9216	特殊情况报销住院
med_type	医疗类别	2105	按床日付费住院
med_type	医疗类别	1405	中医适宜技术
med_type	医疗类别	1406	中药饮片抗肿瘤
med_type	医疗类别	2107	异地长期居住住院
med_type	医疗类别	2108	非急未转住院
med_type	医疗类别	5211	疾病合并妊娠伴生育住院
med_type	医疗类别	2206	意外伤害非急未转住院
med_type	医疗类别	110105	门诊统筹手术病种
med_type	医疗类别	990504	特殊日间病床
med_type	医疗类别	140105	异地门诊慢病
med_type	医疗类别	140202	异地门诊特病
med_type	医疗类别	110201	门诊放化疗
med_type	医疗类别	110204	门诊靶向药
med_type	医疗类别	2102	结核病住院
med_type	医疗类别	9941	一般诊疗费
med_type	医疗类别	9942	取消药品加成
med_type	医疗类别	1801	特药单行支付
med_type	医疗类别	1802	特药高值支付
med_type	医疗类别	1407	医共体I类门特
med_type	医疗类别	1408	医共体II类门特
med_type	医疗类别	2701	自主就医门诊
med_type	医疗类别	5102	急诊生育门诊
med_type	医疗类别	5103	转诊生育门诊
med_type	医疗类别	5104	男职工配偶生育门诊
med_type	医疗类别	5212	生育新生儿费用
med_type	医疗类别	5213	转诊生育住院
med_type	医疗类别	5214	男职工配偶生育住院
med_type	医疗类别	521401	男职工配偶生育
med_type	医疗类别	521402	男职工配偶新生儿
med_type	医疗类别	210403	中医日间病房按病种付费
med_type	医疗类别	1302	急诊挂号
med_type	医疗类别	110205	异地门诊放化疗
med_type	医疗类别	110206	异地门诊留观
med_type	医疗类别	110207	异地透析
med_type	医疗类别	110208	异地透析治疗
med_type	医疗类别	110212	异地门诊统筹
med_type	医疗类别	110213	异地城乡两病门诊
med_type	医疗类别	2112	恶性肿瘤住院
med_type	医疗类别	2113	系统性红斑狼疮住院
med_type	医疗类别	925308	转院住院
med_type	医疗类别	210105	跨年住院
med_type	医疗类别	210106	学生儿童重大疾病住院
med_type	医疗类别	992104	困难尘肺
med_type	医疗类别	1106	儿科门诊
med_type	医疗类别	520105	生育急诊住院
med_type	医疗类别	9953	门诊特检特治
med_type	医疗类别	992105	异地就医
med_type	医疗类别	990507	门诊特殊治疗
med_type	医疗类别	110215	器官移植抗排斥治疗
med_type	医疗类别	110216	异地器官移植抗排斥治疗
med_type	医疗类别	210202	市内非定点
med_type	医疗类别	2404	转外住院手续不全前急诊
med_type	医疗类别	2405	急诊住院前急诊
med_type	医疗类别	910101	普通住院外检外购
med_type	医疗类别	910102	转外住院外检外购
med_type	医疗类别	910103	转外住院手续不全外检外购
med_type	医疗类别	910104	急诊住院外检外购
med_type	医疗类别	2111	放化疗住院
med_type	医疗类别	9943	卫健免费用药
med_type	医疗类别	9944	残联用药
med_type	医疗类别	99331	血液透析
med_type	医疗类别	99332	腹膜透析
med_type	医疗类别	120	120急救
med_type	医疗类别	110106	门诊精神病
med_type	医疗类别	110107	门诊艾滋病
med_type	医疗类别	140205	门特退起付线
med_type	医疗类别	510103	居民产前检查
med_type	医疗类别	9954	居家护理
med_type	医疗类别	11012	蒙中特殊门诊
med_type	医疗类别	5215	灵活就业人员生育住院
med_type	医疗类别	5216	产褥期住院
med_type	医疗类别	990505	心理日间病床
med_type	医疗类别	210404	日间治疗
med_type	医疗类别	210405	住院前检查
med_type	医疗类别	110217	移植前配型检查
med_type	医疗类别	9955	意外身故或残疾
med_type	医疗类别	910301	单独支付购药
med_type	医疗类别	910302	住院双通道外购药
med_type	医疗类别	4102	定点特殊药品
med_type	医疗类别	54	基本医疗生育门诊
med_type	医疗类别	55	居民生育住院(其他)
med_type	医疗类别	9905	日间病床(其他)
med_type	医疗类别	9908	家庭医师签约服务
med_type	医疗类别	2122	康复付费住院
med_type	医疗类别	991603	公务员年度二次报销
med_type	医疗类别	991604	非公务员年度二次报销
med_type	医疗类别	9956	商保补充报销
med_type	医疗类别	529110	职工生育住院前门诊检查
med_type	医疗类别	5223	职工生育住院转外诊治住院
med_type	医疗类别	522301	职工生育住院转外诊治住院前门诊检查
med_type	医疗类别	522302	职工生育住院急诊急救
med_type	医疗类别	522303	职工生育住院急诊急救住院前门诊检查
med_type	医疗类别	522304	职工生育住院临时外出就医
med_type	医疗类别	522305	职工生育住院临时外出就医住院前门诊检查
med_type	医疗类别	522306	生育住院前门诊检查
med_type	医疗类别	522307	生育住院转外诊治住院
med_type	医疗类别	522308	生育住院转外诊治住院前门诊检查
med_type	医疗类别	522309	生育住院急诊急救
med_type	医疗类别	522310	生育住院急诊急救住院前门诊检查
med_type	医疗类别	522311	生育住院临时外出就医
med_type	医疗类别	522312	生育住院临时外出就医住院前门诊检查
med_type	医疗类别	249110	急诊住院前门诊检查
med_type	医疗类别	239110	转外诊治住院前门诊检查
med_type	医疗类别	2114	舒缓疗护住院
med_type	医疗类别	1808	特药统筹
med_type	医疗类别	2802	日间化疗
med_type	医疗类别	2803	日间高值药
med_type	医疗类别	520106	生育临时外出就医
med_type	医疗类别	520107	生育外地住院未备案
med_type	医疗类别	1107	居民普通门诊慢特病
med_type	医疗类别	139901	急诊1级濒危
med_type	医疗类别	139902	急诊2级危重
med_type	医疗类别	139903	急诊3级急症
med_type	医疗类别	9117	门诊实质性治疗
med_type	医疗类别	1403	两病门诊
med_type	医疗类别	2101	传染病住院
med_type	医疗类别	2103	耐多药肺结核住院
med_type	医疗类别	9912	普通住院（重流疾病）
med_type	医疗类别	9913	普通住院（市外继续治疗）
med_type	医疗类别	9914	门诊急诊（门诊抢救）
med_type	医疗类别	9917	普通门诊（重流疾病）
med_type	医疗类别	9921	终止妊娠门诊
med_type	医疗类别	9923	购重疾药
med_type	医疗类别	9924	门诊特检
med_type	医疗类别	9926	预防接种
med_type	医疗类别	9927	门诊输血
med_type	医疗类别	999944	家庭医生
med_type	医疗类别	9918	公务员体检
med_type	医疗类别	9931	终止妊娠住院
med_type	医疗类别	9932	其他生育门诊
med_type	医疗类别	9220	大学生原籍住院
med_type	医疗类别	910203	特殊谈判药门诊
med_type	医疗类别	910303	门特双通道外购药
med_use_flag	医疗使用标志	0	否
med_use_flag	医疗使用标志	1	是
naty	民族	1	汉族
naty	民族	2	蒙古族
naty	民族	3	回族
naty	民族	4	藏族
naty	民族	5	维吾尔族
naty	民族	6	苗族
naty	民族	7	彝族
naty	民族	8	壮族
naty	民族	9	布依族
naty	民族	10	朝鲜族
naty	民族	11	满族
naty	民族	12	侗族
naty	民族	13	瑶族
naty	民族	14	白族
naty	民族	15	土家族
naty	民族	16	哈尼族
naty	民族	17	哈萨克族
naty	民族	18	傣族
naty	民族	19	黎族
naty	民族	20	傈僳族
naty	民族	21	佤族
naty	民族	22	畲族
naty	民族	23	高山族
naty	民族	24	拉祜族
naty	民族	25	水族
naty	民族	26	东乡族
naty	民族	27	纳西族
naty	民族	28	景颇族
naty	民族	29	柯尔克孜族
naty	民族	30	土族
naty	民族	31	达斡尔族
naty	民族	32	仫佬族
naty	民族	33	羌族
naty	民族	34	布朗族
naty	民族	35	撒拉族
naty	民族	36	毛南族
naty	民族	37	仡佬族
naty	民族	38	锡伯族
naty	民族	39	阿昌族
naty	民族	40	普米族
naty	民族	41	塔吉克族
naty	民族	42	怒族
naty	民族	43	乌孜别克族
naty	民族	44	俄罗斯族
naty	民族	45	鄂温克族
naty	民族	46	德昂族
naty	民族	47	保安族
naty	民族	48	裕固族
naty	民族	49	京族
naty	民族	50	塔塔尔族
naty	民族	51	独龙族
naty	民族	52	鄂伦春族
naty	民族	53	赫哲族
naty	民族	54	门巴族
naty	民族	55	珞巴族
naty	民族	56	基诺族
naty	民族	99	未说明
NURSCARE_EVAL_ITEM_TYPE	护理评价项目类型	1	服务质量
NURSCARE_EVAL_ITEM_TYPE	护理评价项目类型	2	服务态度
NURSCARE_EVAL_ITEM_TYPE	护理评价项目类型	3	服务效果
NURSCARE_EVAL_ITEM_TYPE	护理评价项目类型	4	服务专业度
NURSCARE_PSN_FLAG	护理人员标志	1	非亲属
NURSCARE_PSN_FLAG	护理人员标志	2	亲属
nurscare_psn_type	护理人员类型	1	护理人员
nurscare_psn_type	护理人员类型	2	执业护士
nurscare_psn_type	护理人员类型	3	医生
nurscare_psn_type	护理人员类型	4	医疗照护护理员
nurscare_psn_type	护理人员类型	5	管理人员
nurscare_psn_type	护理人员类型	99	其他
nurscare_psn_type	护理人员类型	6	亲属护理员
nurscare_psn_type	护理人员类型	7	培训老师
nurscare_psn_type	护理人员类型	8	辅具服务人员
nurscare_psn_type	护理人员类型	9	辅具评估人员
NURSCARE_REGN_TYPE	护理区类型	1	医疗护理区
NURSCARE_REGN_TYPE	护理区类型	2	机构照护区
NURSCARE_REGN_TYPE	护理区类型	3	居家照护区
NURSCARE_WAY	护理方式	1	入住机构护理
NURSCARE_WAY	护理方式	2	机构上门护理
NURSCARE_WAY	护理方式	3	居家自主护理
NURSCARE_WAY	护理方式	4	机构亲属组合护理
NURSCARE_WAY	护理方式	5	居家带教护理
NURSCARE_WAY	护理方式	6	医疗专护护理
nwb_adm_type	新生儿入院类型	1	正常新生儿
nwb_adm_type	新生儿入院类型	2	早产
nwb_adm_type	新生儿入院类型	3	有疾病
nwb_adm_type	新生儿入院类型	4	非无菌分娩
nwb_adm_type	新生儿入院类型	9	其它
nwb_flag	新生儿标志	0	否
nwb_flag	新生儿标志	1	是
OCCP_FLAG	占用标示	0	未占用
OCCP_FLAG	占用标示	1	已占用
oprn_oprt_type	手术操作类别	1	主要手术及操作
oprn_oprt_type	手术操作类别	2	其他手术及操作
out_flag	异地标志	0	否
out_flag	异地标志	1	是
OUT_LIVE_FLAG	异地居住标志	1	是
OUT_LIVE_FLAG	异地居住标志	0	否
patn_rlts	与患者关系	1	本人
patn_rlts	与患者关系	10	配偶
patn_rlts	与患者关系	11	夫
patn_rlts	与患者关系	12	妻
patn_rlts	与患者关系	2	户主
patn_rlts	与患者关系	20	子
patn_rlts	与患者关系	21	独生子
patn_rlts	与患者关系	22	长子
patn_rlts	与患者关系	23	次子
patn_rlts	与患者关系	24	三子
patn_rlts	与患者关系	25	四子
patn_rlts	与患者关系	26	五子
patn_rlts	与患者关系	27	养子或继子
patn_rlts	与患者关系	28	女婿
patn_rlts	与患者关系	29	其他儿子
patn_rlts	与患者关系	30	女
patn_rlts	与患者关系	31	独生女
patn_rlts	与患者关系	32	长女
patn_rlts	与患者关系	33	次女
patn_rlts	与患者关系	34	三女
patn_rlts	与患者关系	35	四女
patn_rlts	与患者关系	36	五女
patn_rlts	与患者关系	37	养女或继女
patn_rlts	与患者关系	38	儿媳
patn_rlts	与患者关系	39	其他女儿
patn_rlts	与患者关系	40	孙子、孙女、外孙子、外孙女
patn_rlts	与患者关系	41	孙子
patn_rlts	与患者关系	42	孙女
patn_rlts	与患者关系	43	外孙子
patn_rlts	与患者关系	44	外孙女
patn_rlts	与患者关系	45	孙媳妇或外孙媳妇
patn_rlts	与患者关系	46	孙女婿或外孙女婿
patn_rlts	与患者关系	47	曾孙子或外曾孙子
patn_rlts	与患者关系	48	曾孙女或外曾孙女
patn_rlts	与患者关系	49	其他孙子、孙女、外孙子、外孙女
patn_rlts	与患者关系	50	父母
patn_rlts	与患者关系	51	父亲
patn_rlts	与患者关系	52	母亲
patn_rlts	与患者关系	53	公公
patn_rlts	与患者关系	54	婆婆
patn_rlts	与患者关系	55	岳父
patn_rlts	与患者关系	56	岳母
patn_rlts	与患者关系	57	继父或养父
patn_rlts	与患者关系	58	继母或养母
patn_rlts	与患者关系	59	其他父母关系
patn_rlts	与患者关系	60	祖父母、外祖父母
patn_rlts	与患者关系	61	祖父
patn_rlts	与患者关系	62	祖母
patn_rlts	与患者关系	63	外祖父
patn_rlts	与患者关系	64	外祖母
patn_rlts	与患者关系	65	配偶的祖父母、外祖父母
patn_rlts	与患者关系	66	曾祖父
patn_rlts	与患者关系	67	曾祖母
patn_rlts	与患者关系	68	配偶的曾祖父母、外曾祖父母
patn_rlts	与患者关系	69	其他祖父母和外祖父母关系
patn_rlts	与患者关系	70	兄、弟、姐、妹
patn_rlts	与患者关系	71	兄
patn_rlts	与患者关系	72	嫂
patn_rlts	与患者关系	73	弟
patn_rlts	与患者关系	74	弟媳
patn_rlts	与患者关系	75	姐姐
patn_rlts	与患者关系	76	姐夫
patn_rlts	与患者关系	77	妹妹
patn_rlts	与患者关系	78	妹夫
patn_rlts	与患者关系	79	其他兄弟姐妹
patn_rlts	与患者关系	80	其他
patn_rlts	与患者关系	81	伯父
patn_rlts	与患者关系	82	伯母
patn_rlts	与患者关系	83	叔父
patn_rlts	与患者关系	84	婶母
patn_rlts	与患者关系	85	舅父
patn_rlts	与患者关系	86	舅母
patn_rlts	与患者关系	87	姨父
patn_rlts	与患者关系	88	姨母
patn_rlts	与患者关系	89	姑父
patn_rlts	与患者关系	90	姑母
patn_rlts	与患者关系	91	堂兄弟、堂姐妹
patn_rlts	与患者关系	92	表兄弟、表姐妹
patn_rlts	与患者关系	93	侄子
patn_rlts	与患者关系	94	侄女
patn_rlts	与患者关系	95	外甥
patn_rlts	与患者关系	96	外甥女
patn_rlts	与患者关系	97	其他亲属
patn_rlts	与患者关系	99	非亲属
PAUS_NW_BIZ_FLAG	暂停新增业务标志	1	是
PAUS_NW_BIZ_FLAG	暂停新增业务标志	0	否
pay_loc	支付地点类别	1	中心
pay_loc	支付地点类别	2	医疗机构
pay_loc	支付地点类别	3	省内异地
pay_loc	支付地点类别	4	跨省异地
pay_loc	支付地点类别	5	互联网医院
pay_loc	支付地点类别	6	中心附属医疗机构
pay_loc	支付地点类别	9	其他
pay_loc	支付地点类别	2005	卫生室5G物联网结算
POOLAREA_FUND_PA	统筹区基金支付类	310101	城镇职工基本医疗保险统筹基金
Y_TYPE	型	310102	职工门诊统筹基金
Y_TYPE	型	310103	职工生育基金
Y_TYPE	型	310201	城镇职工基本医疗保险个人账户基金
Y_TYPE	型	310202	职工个人账户返还金
Y_TYPE	型	310203	职工基本医疗保险个人账户基金
Y_TYPE	型	310301	城镇职工大病医疗保险基金
Y_TYPE	型	310302	职工大病补助基金
Y_TYPE	型	310401	军转干部医疗补助基金
Y_TYPE	型	310501	代缴基金（破产改制）
Y_TYPE	型	310601	职工复明工程基金
Y_TYPE	型	320101	公务员医疗补助基金
Y_TYPE	型	320201	厅级干部补助基金
Y_TYPE	型	330101	大额医疗费用补助基金
Y_TYPE	型	330201	职工意外伤害基金
Y_TYPE	型	340101	离休人员医疗保障基金
Y_TYPE	型	340102	离休人员优惠金
Y_TYPE	型	350101	一至六级残疾军人医疗补助基金
Y_TYPE	型	350102	一至六级残疾军人医疗保障基金
Y_TYPE	型	360101	财政基金
Y_TYPE	型	360102	财政基金预支
Y_TYPE	型	370101	企业补充医疗保险基金
Y_TYPE	型	37010101	百分之四企业补充
Y_TYPE	型	37010102	百分之十企业补充
Y_TYPE	型	370102	二次补充医疗保险基金
Y_TYPE	型	370201	公益补充保险基金
Y_TYPE	型	390101	城乡居民基本医疗保险基金
Y_TYPE	型	390102	居民门诊统筹基金
Y_TYPE	型	390103	城乡居民生育基金
Y_TYPE	型	390201	城乡居民大病医疗保险基金
Y_TYPE	型	390202	城乡居民大病补助基金(罕见病)
Y_TYPE	型	390301	城乡居民大病补充保险基金
Y_TYPE	型	390401	居民意外伤害基金
Y_TYPE	型	390501	居民家庭账户金
Y_TYPE	型	390601	居民复明工程基金
Y_TYPE	型	410101	工伤保险基金
Y_TYPE	型	510101	生育基金
Y_TYPE	型	610101	医疗救助基金
Y_TYPE	型	610102	医疗救助基金（重特大疾病/再救助）
Y_TYPE	型	610103	医疗救助基金（罕见病）
Y_TYPE	型	610104	精准脱贫基金
Y_TYPE	型	610105	健康扶贫基金
Y_TYPE	型	610201	优抚对象医疗补助基金
Y_TYPE	型	620100	照护保险基金
Y_TYPE	型	620101	特惠保补偿金
Y_TYPE	型	620102	商业补充保险基金
Y_TYPE	型	630101	医院减免金
Y_TYPE	型	640101	政府兜底基金
Y_TYPE	型	640102	倾斜支付基金
Y_TYPE	型	999102	遗孀人员财政补助基金
Y_TYPE	型	999103	地厅人员财政补助基金
Y_TYPE	型	999104	老工伤财政补助基金
Y_TYPE	型	999109	农村低收入人口医疗补充保险
Y_TYPE	型	999110	居民个人账户支出基金
Y_TYPE	型	999702	城乡居民基本医疗保险门诊账户基金
Y_TYPE	型	999703	城镇职工意外伤害基金
Y_TYPE	型	999704	城乡居民意外伤害基金
Y_TYPE	型	999705	城乡居民补充医疗保险基金
Y_TYPE	型	999707	城乡居民基本医疗保险目录内兜底基金
Y_TYPE	型	999708	城乡居民大病医疗保险目录内兜底基金
Y_TYPE	型	999709	城乡居民基本医疗保险目录外兜底基金
Y_TYPE	型	999710	城乡居民意外伤害目录内兜底基金
Y_TYPE	型	999711	城乡居民意外伤害目录外兜底基金
Y_TYPE	型	999712	职工基本医疗保险除外内容基金
Y_TYPE	型	999713	城乡居民基本医疗保险除外内容基金
Y_TYPE	型	999714	大额医疗费用补助除外内容基金
Y_TYPE	型	999715	城乡居民大病医疗保险除外内容基金
Y_TYPE	型	999716	城镇职工意外伤害除外内容基金
Y_TYPE	型	999717	城乡居民意外伤害除外内容基金
Y_TYPE	型	999718	城镇职工基本医疗保险单建统筹基金
Y_TYPE	型	999719	工会互助基金
Y_TYPE	型	99999601	医院垫付基金
Y_TYPE	型	99999602	医院承担基金
Y_TYPE	型	999997	其他基金
Y_TYPE	型	99999701	二乙基金
Y_TYPE	型	99999702	财政兜底基金
Y_TYPE	型	99999703	补充医疗保障基金
Y_TYPE	型	99999706	精准扶贫补充保险基金
Y_TYPE	型	99999707	居民贫困救助
Y_TYPE	型	99999708	居民特大病贫困救助
Y_TYPE	型	99999709	基本起付线新增支出
Y_TYPE	型	99999710	基本提高比例新增支出
Y_TYPE	型	99999711	大病起付线新增支出
Y_TYPE	型	99999712	大病提高封顶新增支出
Y_TYPE	型	99999713	基金类别贫困救助普通慢性病提高比例新增支出
Y_TYPE	型	99999714	基金类别贫困救助普通慢性病提高限额新增支出
Y_TYPE	型	99999715	基金类别贫困救助重大慢性病提高比例新增支出
Y_TYPE	型	99999716	基金类别贫困救助普通慢性病医疗救助基金支出
Y_TYPE	型	99999717	基金类别贫困救助重大慢性病医疗救助基金支出
Y_TYPE	型	99999718	基金类别贫困救助普通慢性病降低起付线新增支出
Y_TYPE	型	99999719	基金类别贫困救助重大慢性病降低起付线新增支出
Y_TYPE	型	99999720	基金类别贫困人口门诊统筹
Y_TYPE	型	99999738	城乡医疗救助提高基金
Y_TYPE	型	99999739	居民基本医疗保险个人账户基金
Y_TYPE	型	99999741	领导干部额外补充基金
Y_TYPE	型	99999742	建国前老工人补助基金
Y_TYPE	型	99999745	意外伤害统筹基金
Y_TYPE	型	99999746	意外伤害大额医疗费用补助基金
Y_TYPE	型	99999748	长期护理险基金
Y_TYPE	型	99999751	个人历年账户基金
Y_TYPE	型	99999752	职工慢性病统筹支出
Y_TYPE	型	99999753	城职职工门诊统筹基金
Y_TYPE	型	99999754	公务员补助账户支付
Y_TYPE	型	99999756	离休账户支出
Y_TYPE	型	999998	现金支出
Y_TYPE	型	999999	个人支出部分（个人账户+现金支出）
Y_TYPE	型	999706	专项基金
Y_TYPE	型	999720	优抚基金
Y_TYPE	型	999721	七至十级残疾军人医疗补助基金
Y_TYPE	型	99999721	正常分娩财政补助
Y_TYPE	型	99999722	保健财政补助
Y_TYPE	型	99999723	省级第一道扶贫补助
Y_TYPE	型	99999724	省级第二道扶贫补助
Y_TYPE	型	99999725	市级扶贫补助
Y_TYPE	型	99999726	县级扶贫补助
Y_TYPE	型	99999727	出生缺陷基金补助
Y_TYPE	型	99999728	处级干部补助
Y_TYPE	型	99999729	医疗救助补充保险基金
Y_TYPE	型	99999730	产前检查补助基金
Y_TYPE	型	340103	中央离休人员医疗保障基金
Y_TYPE	型	999722	大额工会互助基金
Y_TYPE	型	99999731	医保扶贫基金
Y_TYPE	型	99999732	医疗扶助基金
Y_TYPE	型	999111	居民储蓄账户金
Y_TYPE	型	330102	大额医疗费用救助基金
Y_TYPE	型	390104	城乡居民大额医疗保险基金
Y_TYPE	型	99999757	退休人员补充基金
Y_TYPE	型	99999758	公费医疗照顾基金
Y_TYPE	型	360201	保健基金
Y_TYPE	型	360301	保健预支付基金
Y_TYPE	型	99999759	铁路离休人员医疗保障基金
Y_TYPE	型	99999760	铁路离休人员账户支出
Y_TYPE	型	390105	居民两病门诊统筹基金
Y_TYPE	型	640103	政府补充保障基金(特优群体人员)
Y_TYPE	型	640104	政府补充保障基金(建国前老党员)
Y_TYPE	型	650101	大病补充保障基金(大病购药)
Y_TYPE	型	650102	大病补充保障基金(罕见病购药)
Y_TYPE	型	610106	医疗救助基金(重特大疾病)
Y_TYPE	型	610107	医疗救助基金(再救助)
Y_TYPE	型	999723	公务员医疗补助除外内容基金
Y_TYPE	型	999801	审核扣款
Y_TYPE	型	999802	预留保证金
Y_TYPE	型	999803	总控扣款
Y_TYPE	型	99999761	省级第三道扶贫补助
Y_TYPE	型	99999762	强制精神病住院补助
Y_TYPE	型	99999763	民政一次性补助
Y_TYPE	型	99999764	无创DNA检查补助
Y_TYPE	型	99999765	平安商业保险基金
Y_TYPE	型	99999766	人保商业保险基金
Y_TYPE	型	99999767	离休单位支付基金
Y_TYPE	型	99999768	造船离休单位支付基金
Y_TYPE	型	99999769	企业离休支付基金
Y_TYPE	型	99999770	普惠保商业保险基金
Y_TYPE	型	9999975302	照顾人员补助基金
Y_TYPE	型	9999975301	解放前工作人员补助基金
Y_TYPE	型	390701	城乡居民基本医疗保险二次报销基金
Y_TYPE	型	390801	城乡低保人员团体住院医疗保险基金
Y_TYPE	型	310701	城镇职工补充医疗保险（AB款）基金
Y_TYPE	型	999761	128基金
Y_TYPE	型	999762	五七工基金
Y_TYPE	型	999763	五七工大病基金
Y_TYPE	型	310801	地方附加医保基金
Y_TYPE	型	310204	家庭共济账户
Y_TYPE	型	310205	个人健康账户
Y_TYPE	型	320301	公务员补助垫付基金
Y_TYPE	型	310206	个人当年账户基金
Y_TYPE	型	620112	商业保险责任一基金
Y_TYPE	型	620122	商业保险责任二基金
Y_TYPE	型	620132	商业保险责任三基金
Y_TYPE	型	620142	商业保险责任四基金
Y_TYPE	型	3990101	劳模补助基金
Y_TYPE	型	660101	城镇职工长期护理保险基金
Y_TYPE	型	660102	城乡居民长期护理保险基金
Y_TYPE	型	31020401	本地家庭共济账户支付
Y_TYPE	型	31020402	异地家庭共济账户支付
Y_TYPE	型	99999771	生育产前检查支出
Y_TYPE	型	99999778	造船离休账户支出
Y_TYPE	型	99999779	企业离休账户支出
Y_TYPE	型	610110	残联基金
Y_TYPE	型	610111	慈善救助基金
Y_TYPE	型	310104	生育医疗费基金支出
Y_TYPE	型	370301	人保健康企业补充基金
Y_TYPE	型	99999799	其他个人账户支出基金
Y_TYPE	型	910101	农民工大病医疗保险基金
Y_TYPE	型	910102	农民工大病医疗互助基金
Y_TYPE	型	310901	免缴补充基金
Y_TYPE	型	99999785	重大疾病基金
Y_TYPE	型	99999786	医疗援助基金
Y_TYPE	型	99999787	财政补充基金
Y_TYPE	型	99999788	精防医疗补助
Y_TYPE	型	99999780	家庭医生签约公共卫生服务专项基金
Y_TYPE	型	340301	离休人员备用金
Y_TYPE	型	999804	预付金抵扣
Y_TYPE	型	99999772	返外地退休人员支出统筹基金
Y_TYPE	型	910103	农民工医疗救助医疗互助基金
Y_TYPE	型	999701	职工大病基金
Y_TYPE	型	99999755	医疗救助基金(重特大疾病再救助)
Y_TYPE	型	99999791	劳模医疗保障基金
Y_TYPE	型	31020101	在职职工共济账户基金
Y_TYPE	型	31020102	退休职工共济账户基金
Y_TYPE	型	320300	企业事业单位补充医疗保险基金
Y_TYPE	型	99999781	职工补充医疗保险基金
Y_TYPE	型	99999782	职工大病保障基金
PRCUNT_NO	计价单位编号	1	包
PRCUNT_NO	计价单位编号	2	次
PRCUNT_NO	计价单位编号	3	付
PRCUNT_NO	计价单位编号	4	个
PRCUNT_NO	计价单位编号	5	日
PRCUNT_NO	计价单位编号	6	套
PRCUNT_NO	计价单位编号	7	只
PRCUNT_NO	计价单位编号	8	月
PRCUNT_NO	计价单位编号	9	年
PRCUNT_NO	计价单位编号	10	次/min
PRCUNT_NO	计价单位编号	11	分
PRCUNT_NO	计价单位编号	12	次/日
pret_flag	早产标志	0	否
pret_flag	早产标志	1	是
pre_pay_flag	先行支付标志	0	否
pre_pay_flag	先行支付标志	1	是
prfs	职业	11	国家公务员
prfs	职业	13	专业技术人员
prfs	职业	17	职员
prfs	职业	21	企业管理人员
prfs	职业	24	工人
prfs	职业	27	农民
prfs	职业	31	学生
prfs	职业	37	现役军人
prfs	职业	51	自由职业者
prfs	职业	54	个体经营者
prfs	职业	70	无业人员
prfs	职业	80	退（离）休人员
prfs	职业	90	其他
prodplac_type	生产地类别	1	国内
prodplac_type	生产地类别	2	进口
psn_cert_type	人员证件类型	01	居民身份证（户口簿）
psn_cert_type	人员证件类型	02	中国人民解放军军官证
psn_cert_type	人员证件类型	03	中国人民武装警察警官证
psn_cert_type	人员证件类型	04	香港特区护照/港澳居民来往内地通行证
psn_cert_type	人员证件类型	05	澳门特区护照/港澳居民来往内地通行证
psn_cert_type	人员证件类型	06	台湾居民来往大陆通行证
psn_cert_type	人员证件类型	07	外国人永久居留证
psn_cert_type	人员证件类型	08	外国人护照
psn_cert_type	人员证件类型	09	残疾人证
psn_cert_type	人员证件类型	10	军烈属证明
psn_cert_type	人员证件类型	11	外国人就业证
psn_cert_type	人员证件类型	12	外国专家证
psn_cert_type	人员证件类型	13	外国人常驻记者证
psn_cert_type	人员证件类型	14	台港澳人员就业证
psn_cert_type	人员证件类型	15	回国（来华）定居专家证
psn_cert_type	人员证件类型	16	中国护照
psn_cert_type	人员证件类型	17	港澳台居民居住证
psn_cert_type	人员证件类型	90	社会保障卡
psn_cert_type	人员证件类型	99	其他身份证件
psn_cert_type	人员证件类型	990102	扶贫人口编码
psn_cert_type	人员证件类型	990201	医学出生证明
psn_cert_type	人员证件类型	9902	保密人员证件
psn_cert_type	人员证件类型	9901	暂住证
psn_cert_type	人员证件类型	18	港澳通行证
psn_cert_type	人员证件类型	19	护照
psn_cert_type	人员证件类型	1701	香港居民居住证
psn_cert_type	人员证件类型	1702	澳门居民居住证
psn_cert_type	人员证件类型	1703	台湾居民居住证
psn_cert_type	人员证件类型	9903	其他就业证件
psn_cert_type	人员证件类型	9904	海外高层次人才工作居住证
psn_cert_type	人员证件类型	20	临时居民身份证
psn_cert_type	人员证件类型	21	军人身份证
psn_cert_type	人员证件类型	22	武装警察身份证
psn_cert_type	人员证件类型	23	准新生儿社保卡
psn_idet_type	人员身份类别	5	公务员
psn_idet_type	人员身份类别	21	优抚人员
psn_idet_type	人员身份类别	2101	因公牺牲军人家属
psn_idet_type	人员身份类别	2102	退出现役的残疾军人
psn_idet_type	人员身份类别	2103	二等乙级伤残军人
psn_idet_type	人员身份类别	2104	一至六级残疾军人
psn_idet_type	人员身份类别	2105	老红军
psn_idet_type	人员身份类别	2106	老八路
psn_idet_type	人员身份类别	2107	老解放
psn_idet_type	人员身份类别	2108	行政离休
psn_idet_type	人员身份类别	2109	企业离休
psn_idet_type	人员身份类别	2110	公费医疗
psn_idet_type	人员身份类别	216001	三属人员
psn_idet_type	人员身份类别	216002	在乡复员军人
psn_idet_type	人员身份类别	216003	副省级离休干部
psn_idet_type	人员身份类别	216004	一至四级残疾军人
psn_idet_type	人员身份类别	216005	五至六级残疾军人
psn_idet_type	人员身份类别	216006	七至十级残疾军人
psn_idet_type	人员身份类别	216007	在乡“五老”人员
psn_idet_type	人员身份类别	216009	铀矿开采军队退役人员
psn_idet_type	人员身份类别	216013	记账人员
psn_idet_type	人员身份类别	216015	一般优抚对象
psn_idet_type	人员身份类别	216016	离休干部
psn_idet_type	人员身份类别	216017	重点优抚对象
psn_idet_type	人员身份类别	216018	军队离休干部
psn_idet_type	人员身份类别	216019	单独统筹人群
psn_idet_type	人员身份类别	216020	二等乙级革命伤残人员
psn_idet_type	人员身份类别	22	医疗照顾人员
psn_idet_type	人员身份类别	2201	副省级以上在职和退休领导
psn_idet_type	人员身份类别	2202	国家特殊津贴人员
psn_idet_type	人员身份类别	220201	省直行政副厅级以上领导干部
psn_idet_type	人员身份类别	2203	原保健对象
psn_idet_type	人员身份类别	2211	两院院士
psn_idet_type	人员身份类别	2212	省直直管优秀专家
psn_idet_type	人员身份类别	2231	国家级劳模
psn_idet_type	人员身份类别	2232	享受公务员的省级劳模
psn_idet_type	人员身份类别	2241	亚洲以上冠军运动员
psn_idet_type	人员身份类别	226001	市级领导干部
psn_idet_type	人员身份类别	226002	正厅或副厅
psn_idet_type	人员身份类别	226003	国家和省有突出贡献的中青年专家
psn_idet_type	人员身份类别	226004	市级劳模
psn_idet_type	人员身份类别	226005	省级以上劳模
psn_idet_type	人员身份类别	226006	诺贝尔奖、菲尔兹奖等世界知名奖项获得者
psn_idet_type	人员身份类别	226008	发达国家院士
psn_idet_type	人员身份类别	226009	高端人才等持卡人才
psn_idet_type	人员身份类别	226010	困难企业军转干部
psn_idet_type	人员身份类别	226011	享受国务院特殊津贴专家
psn_idet_type	人员身份类别	2261	困难群体
psn_idet_type	人员身份类别	23	医疗救助人员
psn_idet_type	人员身份类别	2301	三无人员
psn_idet_type	人员身份类别	2302	建档立卡贫困人员
psn_idet_type	人员身份类别	2303	低保救助对象
psn_idet_type	人员身份类别	2304	特困救助对象
psn_idet_type	人员身份类别	2305	低收入救助对象
psn_idet_type	人员身份类别	230501	低收入家庭成员
psn_idet_type	人员身份类别	230502	低收入家庭中的老年人
psn_idet_type	人员身份类别	230503	低收入家庭中的未成年人
psn_idet_type	人员身份类别	230504	低收入家庭中的重度残疾人
psn_idet_type	人员身份类别	230505	低收入家庭中的重病患者
psn_idet_type	人员身份类别	230506	符合资助参保条件残疾人
psn_idet_type	人员身份类别	2306	因病致贫救助对象（含重特大疾病人员）
psn_idet_type	人员身份类别	2307	农村五保户
psn_idet_type	人员身份类别	2308	残疾人员
psn_idet_type	人员身份类别	236001	在乡重点优抚对象
psn_idet_type	人员身份类别	236002	重度残疾(一二级)
psn_idet_type	人员身份类别	236003	低收入家庭未成年人
psn_idet_type	人员身份类别	236004	计划生育特殊困难家庭成员
psn_idet_type	人员身份类别	236005	精减退休老职工
psn_idet_type	人员身份类别	236007	最低生活保障家庭成员
psn_idet_type	人员身份类别	236008	困难家庭
psn_idet_type	人员身份类别	236009	铁路人员
psn_idet_type	人员身份类别	236010	计划生育特别扶助对象
psn_idet_type	人员身份类别	236011	教育部门其他资助对象
psn_idet_type	人员身份类别	236012	医保部门其他资助对象
psn_idet_type	人员身份类别	236013	残联部门其他资助对象
psn_idet_type	人员身份类别	236014	医疗救助(特困集中供养)
psn_idet_type	人员身份类别	236015	医疗救助(特困分散供养)
psn_idet_type	人员身份类别	236016	医疗救助(低保)
psn_idet_type	人员身份类别	236017	困境儿童
psn_idet_type	人员身份类别	236018	农村特困救助对象（集中供养）
psn_idet_type	人员身份类别	236019	农村特困救助对象（分散供养）
psn_idet_type	人员身份类别	236020	城镇特困救助对象（集中供养）
psn_idet_type	人员身份类别	236021	城镇特困救助对象（分散供养）
psn_idet_type	人员身份类别	236022	农村低保救助对象
psn_idet_type	人员身份类别	236023	城镇低保救助对象
psn_idet_type	人员身份类别	236024	建档立卡人员（享受）
psn_idet_type	人员身份类别	236027	精神病病人
psn_idet_type	人员身份类别	236028	二十世纪六十年代初精减退职老职工
psn_idet_type	人员身份类别	236029	农村计生两户家庭成员
psn_idet_type	人员身份类别	236031	肇事肇祸的精神障碍患者
psn_idet_type	人员身份类别	236033	一般残疾(三四级)
psn_idet_type	人员身份类别	236034	低保对象中的长期保障户及80岁以上老年人
psn_idet_type	人员身份类别	236035	艾滋病人和艾滋病机会性感染者
psn_idet_type	人员身份类别	236037	享受抚恤补助的优抚对象
psn_idet_type	人员身份类别	236038	居民缴费失地农民
psn_idet_type	人员身份类别	236039	重病患者或家属
psn_idet_type	人员身份类别	236040	各县(特区、区)人民政府规定的其他特殊困难人员
psn_idet_type	人员身份类别	236041	卫健部门其他资助对象
psn_idet_type	人员身份类别	236042	重度残疾人和重病患者
psn_idet_type	人员身份类别	236043	边缘人口
psn_idet_type	人员身份类别	236044	易地搬迁人口动态参保
psn_idet_type	人员身份类别	236046	重度残疾人
psn_idet_type	人员身份类别	2361	孤儿
psn_idet_type	人员身份类别	2362	特困供养人员
psn_idet_type	人员身份类别	2363	低保家庭成员
psn_idet_type	人员身份类别	2364	最低生活保障对象
psn_idet_type	人员身份类别	2365	非孤儿（困境儿童）
psn_idet_type	人员身份类别	2366	未成年人
psn_idet_type	人员身份类别	2367	妇女乳腺癌和宫颈癌患者
psn_idet_type	人员身份类别	2368	戈谢病患者
psn_idet_type	人员身份类别	2369	艾滋病患者
psn_idet_type	人员身份类别	24	军人
psn_idet_type	人员身份类别	2401	现役军人家属
psn_idet_type	人员身份类别	246001	居民缴费复员军人
psn_idet_type	人员身份类别	246002	居民缴费退伍军人
psn_idet_type	人员身份类别	246003	参战参试退役人员
psn_idet_type	人员身份类别	246004	职工补缴退役军人
psn_idet_type	人员身份类别	246005	当年退役军人
psn_idet_type	人员身份类别	31	计划生育户
psn_idet_type	人员身份类别	316002	复员军人
psn_idet_type	人员身份类别	32	双女结扎户
psn_idet_type	人员身份类别	326001	相当于副厅
psn_idet_type	人员身份类别	33	三结合户
psn_idet_type	人员身份类别	336002	丧失劳动能力的重度（二级及以上）残疾人
psn_idet_type	人员身份类别	336003	低收入家庭60岁以上的老年人和未成年人
psn_idet_type	人员身份类别	336005	低收入家庭60周岁以上的老年人
psn_idet_type	人员身份类别	34	独女户
psn_idet_type	人员身份类别	35	放弃生育指标户
psn_idet_type	人员身份类别	36	独生子女户
psn_idet_type	人员身份类别	6001	文革基残保健对象
psn_idet_type	人员身份类别	6002	文革全残
psn_idet_type	人员身份类别	6003	建国前老工人
psn_idet_type	人员身份类别	6005	实行退牧的牧民
psn_idet_type	人员身份类别	6006	退地农业劳动力
psn_idet_type	人员身份类别	6007	城中村
psn_idet_type	人员身份类别	6008	失独父母
psn_idet_type	人员身份类别	6009	公务员再报销标志
psn_idet_type	人员身份类别	600901	回沪人员
psn_idet_type	人员身份类别	600902	职工停保接续居民缴费人员
psn_idet_type	人员身份类别	600904	建卡立卡低保对象低保边缘户
psn_idet_type	人员身份类别	600905	严重精神障碍患者
psn_idet_type	人员身份类别	600906	五一劳动奖章获得者
psn_idet_type	人员身份类别	6010	重度残疾
psn_idet_type	人员身份类别	601003	科级
psn_idet_type	人员身份类别	601004	建卡立卡低保对象三老
psn_idet_type	人员身份类别	601005	已办理退休未趸交人员
psn_idet_type	人员身份类别	601006	三八红旗手
psn_idet_type	人员身份类别	60101	退役军人重点优抚对象
psn_idet_type	人员身份类别	6011	本市户籍残疾居民
psn_idet_type	人员身份类别	601101	建国初期参加革命工作者(50630)
psn_idet_type	人员身份类别	601102	处级
psn_idet_type	人员身份类别	601104	政策规定的其他群体
psn_idet_type	人员身份类别	601105	1至6级因工伤残人员
psn_idet_type	人员身份类别	6012	本市户籍低保居民
psn_idet_type	人员身份类别	601201	刑满释放人员
psn_idet_type	人员身份类别	601202	厅级及以上
psn_idet_type	人员身份类别	601203	其他特殊救助对象
psn_idet_type	人员身份类别	601204	有突出贡献的专家
psn_idet_type	人员身份类别	601301	本市户籍贫困居民
psn_idet_type	人员身份类别	6014	本市户籍特困居民
psn_idet_type	人员身份类别	6018	公费医疗限门诊
psn_idet_type	人员身份类别	601801	抗战前参加革命工作的干部
psn_idet_type	人员身份类别	6019	解放前参加革命工作的干部
psn_idet_type	人员身份类别	6020	异地安置人员
psn_idet_type	人员身份类别	602001	建国前参加革命工作的工人
psn_idet_type	人员身份类别	6021	公费全额医疗
psn_idet_type	人员身份类别	602101	职工医保转居民医保60天内缴费的人员
psn_idet_type	人员身份类别	6022	困难企业退休人员
psn_idet_type	人员身份类别	602201	工会互助人员
psn_idet_type	人员身份类别	602202	出生90天内的新生儿
psn_idet_type	人员身份类别	6023	军转干部
psn_idet_type	人员身份类别	602301	缴费当年刑满释放的人员
psn_idet_type	人员身份类别	6024	市直公务人员
psn_idet_type	人员身份类别	6025	高层次人才
psn_idet_type	人员身份类别	6026	困难企业不划账人员
psn_idet_type	人员身份类别	6029	一级保健对象
psn_idet_type	人员身份类别	6030	市外领取养老金人员
psn_idet_type	人员身份类别	6031	军队干部退休
psn_idet_type	人员身份类别	6032	行业统筹人员
psn_idet_type	人员身份类别	6033	中央省驻珠机关事业单位人员
psn_idet_type	人员身份类别	6034	机关事业人员
psn_idet_type	人员身份类别	6035	视同机关事业人员
psn_idet_type	人员身份类别	6036	中央厅字[2019]3号文-退役军人
psn_idet_type	人员身份类别	6037	无军籍职工
psn_idet_type	人员身份类别	6038	在乡孤老烈属
psn_idet_type	人员身份类别	6039	孤老复原军人
psn_idet_type	人员身份类别	6040	军队离休干部无经济收入家属遗属
psn_idet_type	人员身份类别	6041	六级以上伤残军警按月缴费人员
psn_idet_type	人员身份类别	6042	六级以上伤残军警一次缴费人员
psn_idet_type	人员身份类别	6044	创新、外国专家
psn_idet_type	人员身份类别	6045	处级干部
psn_idet_type	人员身份类别	6047	高级专家
psn_idet_type	人员身份类别	6095	先诊疗后付费
psn_idet_type	人员身份类别	6096	军转干人员
psn_idet_type	人员身份类别	6097	地厅人员
psn_idet_type	人员身份类别	6098	老工伤人员
psn_idet_type	人员身份类别	6099	建国前老干部
psn_idet_type	人员身份类别	7001	重点保健一级
psn_idet_type	人员身份类别	7002	重点保健二级
psn_idet_type	人员身份类别	9901	一级残疾军人
psn_idet_type	人员身份类别	990101	普通居民
psn_idet_type	人员身份类别	9902	急性白血病（儿童0-14）
psn_idet_type	人员身份类别	9903	在职职工(生育)
psn_idet_type	人员身份类别	990301	先天性心脏病（儿童0-14）
psn_idet_type	人员身份类别	9904	灵活就业人员(生育)
psn_idet_type	人员身份类别	9905	城乡居民(生育)
psn_idet_type	人员身份类别	9917	四级残疾军人
psn_idet_type	人员身份类别	9918	五级残疾军人
psn_idet_type	人员身份类别	9919	六级残疾军人
psn_idet_type	人员身份类别	9920	七级残疾军人
psn_idet_type	人员身份类别	9921	八级残疾军人
psn_idet_type	人员身份类别	9922	九级残疾军人
psn_idet_type	人员身份类别	9923	十级残疾军人
psn_idet_type	人员身份类别	9924	红军失散人员
psn_idet_type	人员身份类别	9925	烈士遗属
psn_idet_type	人员身份类别	992601	因公牺牲军人遗属
psn_idet_type	人员身份类别	9927	病故军人遗属
psn_idet_type	人员身份类别	9928	国家规定的部分60周岁以上烈士子女
psn_idet_type	人员身份类别	9929	其它享受抚恤定补优抚对象
psn_idet_type	人员身份类别	9930	二级残疾军人
psn_idet_type	人员身份类别	9931	三级残疾军人
psn_idet_type	人员身份类别	9933	五老人员
psn_idet_type	人员身份类别	9934	带病回乡退伍军人
psn_idet_type	人员身份类别	9935	参战涉核退役人员
psn_idet_type	人员身份类别	9936	直接参与铀矿开采军队退役人员
psn_idet_type	人员身份类别	601106	破产改制企业人员
psn_idet_type	人员身份类别	6048	三支一扶人员
psn_idet_type	人员身份类别	230509	农村建国前入党且无正式公职的老党员
psn_idet_type	人员身份类别	236064	建档立卡贫困人员（不享受）
psn_idet_type	人员身份类别	210403	因战一级残疾军人
psn_idet_type	人员身份类别	210404	因战二级残疾军人
psn_idet_type	人员身份类别	210405	因战三级残疾军人
psn_idet_type	人员身份类别	210406	因战四级残疾军人
psn_idet_type	人员身份类别	210407	因战五级残疾军人
psn_idet_type	人员身份类别	210408	因战六级残疾军人
psn_idet_type	人员身份类别	210409	因战七级残疾军人
psn_idet_type	人员身份类别	210410	因战八级残疾军人
psn_idet_type	人员身份类别	210411	因战九级残疾军人
psn_idet_type	人员身份类别	210412	因战十级残疾军人
psn_idet_type	人员身份类别	210413	因病一级残疾军人
psn_idet_type	人员身份类别	210414	因病二级残疾军人
psn_idet_type	人员身份类别	210415	因病三级残疾军人
psn_idet_type	人员身份类别	210416	因病四级残疾军人
psn_idet_type	人员身份类别	210417	因病五级残疾军人
psn_idet_type	人员身份类别	210418	因病六级残疾军人
psn_idet_type	人员身份类别	210419	因病七级残疾军人
psn_idet_type	人员身份类别	210420	因病八级残疾军人
psn_idet_type	人员身份类别	210421	因病九级残疾军人
psn_idet_type	人员身份类别	210422	因病十级残疾军人
psn_idet_type	人员身份类别	210401	一至六级伤残警察
psn_idet_type	人员身份类别	210402	七至十级伤残警察
psn_idet_type	人员身份类别	6051	协议解除劳动合同人员
psn_idet_type	人员身份类别	6049	外雇工人员
psn_idet_type	人员身份类别	6050	正常企业补充待遇享受人员
psn_idet_type	人员身份类别	230507	三老人员
psn_idet_type	人员身份类别	230508	边缘易致贫户
psn_idet_type	人员身份类别	6052	大额不缴费人员
psn_idet_type	人员身份类别	236047	贫困大学生
psn_idet_type	人员身份类别	236048	事实无人抚养儿童
psn_idet_type	人员身份类别	236049	处级以下
psn_idet_type	人员身份类别	236050	科级以下
psn_idet_type	人员身份类别	236051	52年干部
psn_idet_type	人员身份类别	236052	特级教师
psn_idet_type	人员身份类别	236053	保健对象
psn_idet_type	人员身份类别	236054	支持企业高层经营管理人员
psn_idet_type	人员身份类别	236055	支持企业高级专家
psn_idet_type	人员身份类别	236056	参照保健对象
psn_idet_type	人员身份类别	236057	参照公务员
psn_idet_type	人员身份类别	236058	参照特殊人员
psn_idet_type	人员身份类别	236059	参照科级人员
psn_idet_type	人员身份类别	236060	正处8年以上干部
psn_idet_type	人员身份类别	236061	正处8年以下干部
psn_idet_type	人员身份类别	236062	副处10年以上干部
psn_idet_type	人员身份类别	236063	副处10年以下干部
psn_idet_type	人员身份类别	236066	特殊人员
psn_idet_type	人员身份类别	236065	科级人员
psn_idet_type	人员身份类别	1	被征地人员
psn_idet_type	人员身份类别	2	撤村建居人员
psn_idet_type	人员身份类别	9937	纳入监测的易返贫致贫人口
psn_idet_type	人员身份类别	8001	英才
psn_idet_type	人员身份类别	8002	俊才
psn_idet_type	人员身份类别	8003	专才
psn_idet_type	人员身份类别	8004	匠才
psn_idet_type	人员身份类别	210301	二乙伤残普通人员
psn_idet_type	人员身份类别	210302	二乙伤残1级
psn_idet_type	人员身份类别	210303	二乙伤残2级
psn_idet_type	人员身份类别	210304	二乙伤残3级
psn_idet_type	人员身份类别	210305	二乙伤残4级
psn_idet_type	人员身份类别	210306	二乙伤残5级
psn_idet_type	人员身份类别	210307	二乙伤残6级
psn_idet_type	人员身份类别	210308	二乙伤残1级(厅级)
psn_idet_type	人员身份类别	210309	二乙伤残2级(厅级)
psn_idet_type	人员身份类别	210310	二乙伤残3级(厅级)
psn_idet_type	人员身份类别	210311	二乙伤残4级(厅级)
psn_idet_type	人员身份类别	210312	二乙伤残5级(厅级)
psn_idet_type	人员身份类别	210313	二乙伤残6级(厅级)
psn_idet_type	人员身份类别	211101	离休普通人员
psn_idet_type	人员身份类别	211102	离休甲（抗日战争）
psn_idet_type	人员身份类别	211103	离休乙（解放战争）
psn_idet_type	人员身份类别	211104	离休甲（厅级）
psn_idet_type	人员身份类别	211105	离休乙（厅级）
psn_idet_type	人员身份类别	211106	离休甲（部级）
psn_idet_type	人员身份类别	211108	离休乙（部级）
psn_idet_type	人员身份类别	211109	镇南关人员
psn_idet_type	人员身份类别	210501	老红军普通人员
psn_idet_type	人员身份类别	210502	老红军（厅级）
psn_idet_type	人员身份类别	236067	无收入人员
psn_idet_type	人员身份类别	236068	边境0-20公里城乡居民
psn_idet_type	人员身份类别	236070	边境0-20公里建档立卡贫困人员
psn_idet_type	人员身份类别	236071	孤儿(农村贫困人口)
psn_idet_type	人员身份类别	236072	农村低保对象(农村贫困人口)
psn_idet_type	人员身份类别	236073	边缘户
psn_idet_type	人员身份类别	236074	监测户
psn_idet_type	人员身份类别	236075	精准扶贫对象
psn_idet_type	人员身份类别	236076	计生对象
psn_idet_type	人员身份类别	236078	计生特殊家庭
psn_idet_type	人员身份类别	236079	农村重度残疾人(一、二级)
psn_idet_type	人员身份类别	236080	农村非重度残疾人
psn_idet_type	人员身份类别	236081	城镇重度残疾人
psn_idet_type	人员身份类别	236082	城镇三四级残疾人
psn_idet_type	人员身份类别	236084	三四级残疾
psn_idet_type	人员身份类别	236085	困难大学生
psn_idet_type	人员身份类别	236086	外来人员（广西籍）
psn_idet_type	人员身份类别	236087	外来人员（非广西籍）
psn_idet_type	人员身份类别	236088	精准扶贫对象(退出户)
psn_idet_type	人员身份类别	6101	国家公务员
psn_idet_type	人员身份类别	6103	区直公务员
psn_idet_type	人员身份类别	6104	教育系统公务员
psn_idet_type	人员身份类别	6105	企业参照公务员
psn_idet_type	人员身份类别	610601	2014脱贫户
psn_idet_type	人员身份类别	610602	2015脱贫户
psn_idet_type	人员身份类别	610603	2016脱贫户
psn_idet_type	人员身份类别	610604	2017脱贫户
psn_idet_type	人员身份类别	610605	2018脱贫户
psn_idet_type	人员身份类别	610606	2019脱贫户
psn_idet_type	人员身份类别	610607	2020脱贫户
psn_idet_type	人员身份类别	2100	在乡军残人员
psn_idet_type	人员身份类别	609501	副厅级人员
psn_idet_type	人员身份类别	602501	高层次人才一档
psn_idet_type	人员身份类别	602502	高层次人才二档
psn_idet_type	人员身份类别	602503	高层次人才三档
psn_idet_type	人员身份类别	602504	高层次人才四档
psn_idet_type	人员身份类别	602505	企业离休老干财政全补助
psn_idet_type	人员身份类别	602506	企业离休老干财政半补助
psn_idet_type	人员身份类别	9938	一级警长
psn_idet_type	人员身份类别	230201	建档立卡已脱贫户
psn_idet_type	人员身份类别	230202	脱贫不稳定户
psn_idet_type	人员身份类别	230204	突发困难户
psn_idet_type	人员身份类别	230701	脱贫人口中的重大疾病患者
psn_idet_type	人员身份类别	230702	家庭经济困难的精神障碍患者
psn_idet_type	人员身份类别	230703	农村特困人员
psn_idet_type	人员身份类别	230705	突发严重困难户
psn_idet_type	人员身份类别	230706	缴费当年退役军人
psn_idet_type	人员身份类别	230707	缴费当年退役军人无工作配偶
psn_idet_type	人员身份类别	230708	职工医保转居民医保90天内缴费的人员
psn_idet_type	人员身份类别	230709	合法入境的外籍人士
psn_idet_type	人员身份类别	230710	监管人员
psn_idet_type	人员身份类别	230711	服刑人员
psn_idet_type	人员身份类别	9939	涉军人员
psn_idet_type	人员身份类别	2213	特优群体人员
psn_idet_type	人员身份类别	2214	建国前老党员
psn_idet_type	人员身份类别	220202	正厅级领导职务15年以上
psn_idet_type	人员身份类别	220203	正厅级领导职务10年以上
psn_idet_type	人员身份类别	220204	正副厅领导职务20年以上
psn_idet_type	人员身份类别	37	知青
psn_idet_type	人员身份类别	226012	省部级（及副省部长级）
psn_idet_type	人员身份类别	226013	按副省（部）长级
psn_idet_type	人员身份类别	226014	司局级
psn_idet_type	人员身份类别	226015	县处级以下
psn_idet_type	人员身份类别	226017	按省部级
psn_idet_type	人员身份类别	226018	省部级
psn_idet_type	人员身份类别	23061	重点医疗救助对象
psn_idet_type	人员身份类别	230203	脱贫人口
psn_idet_type	人员身份类别	216028	建国前优抚
psn_idet_type	人员身份类别	216029	建国后优抚
psn_idet_type	人员身份类别	216023	建国前参军复转军人
psn_idet_type	人员身份类别	216024	师职军转退休复转军人
psn_idet_type	人员身份类别	216025	53年底参军复转军人
psn_idet_type	人员身份类别	216026	团职复转军人
psn_idet_type	人员身份类别	216027	营职复转军人
psn_idet_type	人员身份类别	601007	大额逐月缴费人员
psn_idet_type	人员身份类别	315302	计生一般扶助人员
psn_idet_type	人员身份类别	315303	计生资助对象（独子）
psn_idet_type	人员身份类别	315304	计生资助对象（双女）
psn_idet_type	人员身份类别	6102	副地级公务员
psn_idet_type	人员身份类别	995101	副局级
psn_idet_type	人员身份类别	995102	正局级
psn_idet_type	人员身份类别	995104	副市级
psn_idet_type	人员身份类别	995105	副省级
psn_idet_type	人员身份类别	995001	僧侣
psn_idet_type	人员身份类别	211110	托管离休
psn_idet_type	人员身份类别	211111	托管离休(厅级)
psn_idet_type	人员身份类别	211112	脱贫不稳定人口
psn_idet_type	人员身份类别	211113	18周岁的未成年人和年满60周岁以上老年人
psn_idet_type	人员身份类别	211114	低收入家庭18-59周岁成员
psn_idet_type	人员身份类别	211115	城镇特困人员
psn_idet_type	人员身份类别	6	128人员
psn_idet_type	人员身份类别	7	128一至四级亲属
psn_idet_type	人员身份类别	8	128五至六级亲属
psn_idet_type	人员身份类别	9	128七至十级亲属
psn_idet_type	人员身份类别	10	五七工人
psn_idet_type	人员身份类别	230205	因病风险未消除人员脱贫不稳定户
psn_idet_type	人员身份类别	230206	因病风险未消除人员边缘易致贫户
psn_idet_type	人员身份类别	230207	因病风险未消除人员突发严重困难户
psn_idet_type	人员身份类别	230208	风险已消除人员脱贫不稳定户
psn_idet_type	人员身份类别	230209	风险已消除人员边缘易致贫户
psn_idet_type	人员身份类别	230210	风险已消除人员突发严重困难户
psn_idet_type	人员身份类别	995103	正局级十五年
psn_idet_type	人员身份类别	236089	领取失业金人员
psn_idet_type	人员身份类别	236092	就业困难人员
psn_idet_type	人员身份类别	919	孤寡老人
psn_idet_type	人员身份类别	230811	1-2级残疾人员
psn_idet_type	人员身份类别	230812	1-4级伤残人
psn_idet_type	人员身份类别	12	实缴满年限标识
psn_idet_type	人员身份类别	996401	在职特殊公务员
psn_idet_type	人员身份类别	996402	抗战建国前老工人
psn_idet_type	人员身份类别	996403	解放建国前老工人
psn_idet_type	人员身份类别	996404	离休干部遗孀
psn_idet_type	人员身份类别	996405	生态移民
psn_idet_type	人员身份类别	996406	农垦生态移民
psn_idet_type	人员身份类别	996407	因病致贫因病返贫建档立卡户
psn_idet_type	人员身份类别	996408	扶贫保通用责任
psn_idet_type	人员身份类别	996409	特殊扶贫户
psn_idet_type	人员身份类别	13	公务员缴费标识
psn_idet_type	人员身份类别	14	公务员不缴费标识
psn_idet_type	人员身份类别	9950	包干人员
psn_idet_type	人员身份类别	9951	境外人员
psn_idet_type	人员身份类别	9952	师职干部
psn_idet_type	人员身份类别	9953	成建制人员
psn_idet_type	人员身份类别	9954	邮汇人员
psn_idet_type	人员身份类别	996412	4050人员
psn_idet_type	人员身份类别	996413	高龄低收入老年人
psn_idet_type	人员身份类别	996414	三级残疾
psn_idet_type	人员身份类别	602601	待遇一档
psn_idet_type	人员身份类别	602602	待遇二档
psn_idet_type	人员身份类别	602603	待遇三档
psn_idet_type	人员身份类别	226007	县级劳模
psn_idet_type	人员身份类别	226019	省级先进工作者
psn_idet_type	人员身份类别	226020	政调企
psn_idet_type	人员身份类别	211116	离休（副司级）
psn_idet_type	人员身份类别	99	不缴费标识
psn_idet_type	人员身份类别	602611	延缴一类
psn_idet_type	人员身份类别	602612	延缴二类
psn_idet_type	人员身份类别	236109	农村低收入家庭
psn_idet_type	人员身份类别	236093	农村低收入家庭（重病患者）
psn_idet_type	人员身份类别	236095	农村重度残疾人
psn_idet_type	人员身份类别	236096	农村低收入家庭（年满60周岁以上老年人）
psn_idet_type	人员身份类别	236097	农村低收入家庭（未满18周岁未成年人）
psn_idet_type	人员身份类别	236098	返贫致贫人口
psn_idet_type	人员身份类别	236099	农村低收入（特困人员）
psn_idet_type	人员身份类别	236100	农村低收入（孤儿）
psn_idet_type	人员身份类别	236110	农村低收入（事实无人抚养儿童）
psn_idet_type	人员身份类别	236111	城镇低收入家庭
psn_idet_type	人员身份类别	236103	城镇低收入家庭（年满60周岁以上老年人）
psn_idet_type	人员身份类别	236104	城镇低收入家庭（未满18周岁未成年人）
psn_idet_type	人员身份类别	236105	城镇低收入家庭（重病患者）
psn_idet_type	人员身份类别	236106	军干家属
psn_idet_type	人员身份类别	236107	睦南关人员
psn_idet_type	人员身份类别	236108	伤残警察
psn_idet_type	人员身份类别	216061	七级及十级因战残疾军人
psn_idet_type	人员身份类别	216062	七级及十级因公残疾军人
psn_idet_type	人员身份类别	216063	在乡复员军人（解放复员）
psn_idet_type	人员身份类别	216064	在乡复员军人（建国复员）
psn_idet_type	人员身份类别	99281	60周岁以上无社会保障退役士兵及遗孀
psn_idet_type	人员身份类别	330001	退休只缴大病人员
psn_idet_type	人员身份类别	330002	退休缴费人员
psn_idet_type	人员身份类别	330003	符合早退但医保年限不足的人员
psn_idet_type	人员身份类别	330004	村主职干部
psn_idet_type	人员身份类别	330005	企业女干部
psn_idet_type	人员身份类别	330006	按建账退休补差缴费人员
psn_idet_type	人员身份类别	226021	两委主干
psn_idet_type	人员身份类别	236025	见义勇为
psn_idet_type	人员身份类别	236026	享受百分之四十救济对象
psn_idet_type	人员身份类别	993406	稳定脱贫户
psn_idet_type	人员身份类别	2309	即时帮扶
psn_idet_type	人员身份类别	9955	正师级
psn_idet_type	人员身份类别	9956	二级适当提高
psn_idet_type	人员身份类别	9957	一级巡视员（第一档）
psn_idet_type	人员身份类别	9958	一级巡视员（第二档）
psn_idet_type	人员身份类别	2233	功勋荣誉获得者
psn_idet_type	人员身份类别	2234	副司局级
psn_idet_type	人员身份类别	602307	军转干部(师职)
psn_idet_type	人员身份类别	602302	军转干部(团职)
psn_idet_type	人员身份类别	602303	军转干部(营职)
psn_idet_type	人员身份类别	602304	军转干部(连排职)
psn_idet_type	人员身份类别	602305	军工
psn_idet_type	人员身份类别	602306	军干
psn_idet_type	人员身份类别	211130	离休配偶
psn_idet_type	人员身份类别	211131	解放战争离休干部（科级）
psn_idet_type	人员身份类别	211132	解放战争离休干部（处级及以上）
psn_idet_type	人员身份类别	6106	供给制人员
psn_idet_type	人员身份类别	230301	监测帮扶对象
psn_idet_type	人员身份类别	230302	其他监测范围内人口
psn_idet_type	人员身份类别	230303	监测范围外的脱贫人口
psn_idet_type	人员身份类别	236094	符合条件的独生子女伤残死亡家庭
psn_idet_type	人员身份类别	602002	长期滞留受助对象
psn_idet_type	人员身份类别	9940	缴费身份
psn_idet_type	人员身份类别	994001	缴费身份普通居民
psn_idet_type	人员身份类别	994002	缴费身份重度残疾人员
psn_idet_type	人员身份类别	994003	缴费身份享受低保人员
psn_idet_type	人员身份类别	994004	缴费身份民政低收入人员
psn_idet_type	人员身份类别	994005	缴费身份助学学生
psn_idet_type	人员身份类别	994006	缴费身份离休干部配偶
psn_idet_type	人员身份类别	994007	缴费身份民政优抚对象
psn_idet_type	人员身份类别	994008	缴费身份民政特殊困难人员
psn_idet_type	人员身份类别	994009	缴费身份低收入家庭未成年人
psn_idet_type	人员身份类别	994010	缴费身份低收入家庭60周岁以上人员
psn_idet_type	人员身份类别	9970	未趸交全部缴费人员
psn_idet_type	人员身份类别	9971	未趸交单位缴费人员
psn_idet_type	人员身份类别	2235	功勋荣誉获得者省市级
psn_idet_type	人员身份类别	217001	离保（公费）
psn_idet_type	人员身份类别	217002	重保（公费）
psn_idet_type	人员身份类别	217003	离保（省属）
psn_idet_type	人员身份类别	217004	重保（省属）
psn_idet_type	人员身份类别	217005	离保（行业）
psn_idet_type	人员身份类别	217007	配偶（公费）
psn_idet_type	人员身份类别	217008	配偶（省属）
psn_idet_type	人员身份类别	217009	配偶（行业）
psn_idet_type	人员身份类别	217010	离休（公费）
psn_idet_type	人员身份类别	217011	离休（省属）
psn_idet_type	人员身份类别	217012	离休（行业）
psn_idet_type	人员身份类别	236045	低保边缘家庭成员
psn_idet_type	人员身份类别	2236	表彰奖励获得者
psn_idet_type	人员身份类别	2312	城市特困重残人员
psn_idet_type	人员身份类别	2313	农村特困重残人员
psn_idet_type	人员身份类别	2314	低保重残人员
psn_idet_type	人员身份类别	246006	老复员军人
psn_idet_type	人员身份类别	996410	离休干部配偶
psn_idet_type	人员身份类别	236136	运动员
psn_idet_type	人员身份类别	236137	公安人员
psn_idet_type	人员身份类别	236138	城乡低保边缘对象（未满18周岁未成年人）
psn_idet_type	人员身份类别	236139	城乡低保边缘对象（年满60周岁老年人）
psn_idet_type	人员身份类别	236140	城乡低保边缘对象（18-59周岁成员）
psn_idet_type	人员身份类别	236141	城乡低保对象
psn_idet_type	人员身份类别	236142	城乡特困人员
psn_idet_type	人员身份类别	236143	户籍60周岁以上（含60周岁）老年人
psn_idet_type	人员身份类别	236144	依申请救助人员
psn_idet_type	人员身份类别	236145	特殊康复人员
psn_idet_type	人员身份类别	236333	边缘易致贫人口
psn_idet_type	人员身份类别	993409	稳定脱贫人口
psn_idet_type	人员身份类别	237001	区机关人员
psn_idet_type	人员身份类别	237002	区教职工人员
psn_idet_type	人员身份类别	237003	女干部
psn_idet_type	人员身份类别	237004	后延职工
psn_idet_type	人员身份类别	237005	缓退职工
psn_idet_type	人员身份类别	237006	条线单位人员
psn_idet_type	人员身份类别	1101	困难退役军人
psn_idet_type	人员身份类别	236083	三四级精神、智力残疾人
psn_idet_type	人员身份类别	230012	省会城市副市级
psn_idet_type	人员身份类别	230013	省会城市正市级
psn_idet_type	人员身份类别	230010	高级知识分子
psn_idet_type	人员身份类别	230008	省会城市正局级
psn_idet_type	人员身份类别	230009	省会城市副局级
psn_idet_type	人员身份类别	230014	抗战处级离休
psn_idet_type	人员身份类别	230015	局级离休
psn_idet_type	人员身份类别	230016	军队退休干部家属遗属
psn_idet_type	人员身份类别	230017	市级有突出贡献的中青年专家
psn_idet_type	人员身份类别	230007	扶中人员
psn_idet_type	人员身份类别	230001	建国前老军人
psn_idet_type	人员身份类别	230002	大学生协理员
psn_idet_type	人员身份类别	230004	家属工
psn_idet_type	人员身份类别	230005	厂办改制人员
psn_idet_type	人员身份类别	230006	改制并轨人员
psn_idet_type	人员身份类别	2267	重度残疾人员
psn_idet_type	人员身份类别	230021	女职工
psn_idet_type	人员身份类别	230510	纳入民政部门低收入人口监测人员
psn_idet_type	人员身份类别	924	长期慢性病患者
psn_idet_type	人员身份类别	925	特殊门诊疾病患者
psn_idet_type	人员身份类别	9972	援藏人员
psn_idet_type	人员身份类别	236103	福利机构养育孤弃儿童
psn_idet_type	人员身份类别	9941	三级保健
psn_idet_type	人员身份类别	9942	离休人员
psn_idet_type	人员身份类别	2370	学生
psn_idet_type	人员身份类别	993301	城镇革命“五老”人员
psn_idet_type	人员身份类别	993302	农村革命“五老”人员
psn_idet_type	人员身份类别	23600401	城镇计划生育特殊困难家庭
psn_idet_type	人员身份类别	23600402	农村计划生育特殊困难家庭
psn_idet_type	人员身份类别	23604801	城镇事实无人抚养儿童
psn_idet_type	人员身份类别	23604802	农村事实无人抚养儿童
psn_idet_type	人员身份类别	21601701	城镇重点优抚对象
psn_idet_type	人员身份类别	21601702	农村重点优抚对象
psn_idet_type	人员身份类别	23020301	城镇脱贫(享受政策)人员
psn_idet_type	人员身份类别	23020302	农村脱贫(享受政策)人员
psn_idet_type	人员身份类别	23604501	城镇最低生活保障边缘家庭成员
psn_idet_type	人员身份类别	23604502	农村最低生活保障边缘家庭成员
psn_idet_type	人员身份类别	236201	城镇特困供养
psn_idet_type	人员身份类别	236202	农村特困供养
psn_idet_type	人员身份类别	230601	城镇因病致贫家庭重病患者
psn_idet_type	人员身份类别	230602	农村因病致贫家庭重病患者
psn_idet_type	人员身份类别	216021	农村优抚对象
psn_idet_type	人员身份类别	216022	城镇优抚对象
psn_idet_type	人员身份类别	236101	农村孤儿
psn_idet_type	人员身份类别	236102	城镇孤儿
psn_idet_type	人员身份类别	236090	农村重残（一二级）
psn_idet_type	人员身份类别	236091	城镇重残（一二级）
psn_idet_type	人员身份类别	236113	城镇低保边缘家庭成员
psn_idet_type	人员身份类别	236114	农村低保边缘家庭成员
psn_idet_type	人员身份类别	913504	职工因病致贫重病患者
psn_idet_type	人员身份类别	8005	千人计划入选者
psn_idet_type	人员身份类别	8006	万人计划入选者
psn_idet_type	人员身份类别	8007	国务院政府特殊津贴专家
psn_idet_type	人员身份类别	8008	长江学者特聘教授
psn_idet_type	人员身份类别	8009	河北省省管优秀专家
psn_idet_type	人员身份类别	8010	燕赵学者
psn_idet_type	人员身份类别	8011	河北省百人计划入选者
psn_idet_type	人员身份类别	8012	省政府特殊津贴专家
psn_idet_type	人员身份类别	8013	其他燕赵英才A卡持卡人
psn_idet_type	人员身份类别	226033	驻村工作队
psn_idet_type	人员身份类别	226034	挂职干部
psn_idet_type	人员身份类别	226035	援藏援疆
psn_setlway	个人结算方式	1	按项目结算
psn_setlway	个人结算方式	2	按定额结算
psn_setlway	个人结算方式	9	其他
psn_setlway	个人结算方式	990104	按限额
psn_setlway	个人结算方式	201	按单病种结算
psn_setlway	个人结算方式	202	按日间手术结算
psn_setlway	个人结算方式	110101	单病种定额
psn_setlway	个人结算方式	110102	精神病用项目加定额
psn_setlway	个人结算方式	110103	含外院费用的精神病定额付费
psn_setlway	个人结算方式	110104	普通生育类
psn_setlway	个人结算方式	110105	定额生育类
psn_setlway	个人结算方式	110106	特病定额付费(器官移植定额)
psn_setlway	个人结算方式	110107	DRGs结算
psn_setlway	个人结算方式	110108	新DRGs结算
psn_setlway	个人结算方式	1001	单开项目结算（出血热、艾滋病、结核病）
psn_setlway	个人结算方式	2004	按定额结算（三倍定额）
psn_setlway	个人结算方式	2003	按定额结算（二倍定额）
psn_setlway	个人结算方式	2005	按专科定额结算
psn_setlway	个人结算方式	2006	按专科定额结算（二倍定额）
psn_setlway	个人结算方式	2007	按专科定额结算（三倍定额）
psn_setlway	个人结算方式	2008	按专科无定额结算
psn_setlway	个人结算方式	9001	新冠结算
psn_setlway	个人结算方式	204	按单病种结算（二倍定额）
psn_setlway	个人结算方式	9002	按床日结算
psn_setlway	个人结算方式	1002	艾滋病按项目结算
psn_setlway	个人结算方式	1003	结核病按项目结算
PSN_TRT_SETL_DCLA_SOUC	个人待遇结算申报来源	1	机构内个人申报
PSN_TRT_SETL_DCLA_SOUC	个人待遇结算申报来源	2	个人申报
PSN_TRT_SETL_DCLA_SOUC	个人待遇结算申报来源	3	零星报销
PSN_TRT_SETL_DCLA_SOUC	个人待遇结算申报来源	4	亲属护理申报
psn_type	人员类别	11	在职
psn_type	人员类别	1101	职工在职
psn_type	人员类别	1102	公务员在职
psn_type	人员类别	11021	转制并轨在职
psn_type	人员类别	1103	灵活就业人员在职
psn_type	人员类别	11031	保健对象在职
psn_type	人员类别	1104	减员职工
psn_type	人员类别	1105	农民工
psn_type	人员类别	1111	伤残军人在职
psn_type	人员类别	1112	伤残军人退休
psn_type	人员类别	1113	职工在职(农垦)
psn_type	人员类别	1114	公务员退休(特)
psn_type	人员类别	116003	失业人员
psn_type	人员类别	116004	子女
psn_type	人员类别	116006	企业高管(在职)
psn_type	人员类别	116011	非财政划拨在职保健对象
psn_type	人员类别	116012	国务院特殊津贴在职人员
psn_type	人员类别	116013	在职副厅以上干部
psn_type	人员类别	116014	在职残疾军人
psn_type	人员类别	116015	二等乙级在职职工
psn_type	人员类别	116016	下岗职工
psn_type	人员类别	116017	在职二级保健对象
psn_type	人员类别	12	退休人员
psn_type	人员类别	1201	职工退休
psn_type	人员类别	1202	公务员退休
psn_type	人员类别	1203	灵活就业人员退休
psn_type	人员类别	12031	保健对象退休
psn_type	人员类别	1204	退职职工
psn_type	人员类别	1205	转制并轨退休
psn_type	人员类别	126000	老工人
psn_type	人员类别	126001	退休新人
psn_type	人员类别	126002	退休非新人
psn_type	人员类别	126003	提前退休
psn_type	人员类别	126004	退休二级保健对象
psn_type	人员类别	126009	非财政划拨退休保健对象
psn_type	人员类别	126010	国务院特殊津贴退休人员
psn_type	人员类别	126013	退休副厅以上干部
psn_type	人员类别	126015	退休残疾军人
psn_type	人员类别	126016	二等乙级退休职工
psn_type	人员类别	126017	退休(满足年限)
psn_type	人员类别	126018	退休保健对象
psn_type	人员类别	126019	退休(不满足年限)
psn_type	人员类别	126022	企业高管(退休)
psn_type	人员类别	13	离休
psn_type	人员类别	1300	离休人员
psn_type	人员类别	136001	行政离休
psn_type	人员类别	136002	财政供养离休人员
psn_type	人员类别	136003	缴专项基金的建国前工人
psn_type	人员类别	136004	地震截瘫(市属离休)
psn_type	人员类别	136005	离休省属有级别
psn_type	人员类别	136006	离休省属无级别
psn_type	人员类别	136007	离休市属有级别
psn_type	人员类别	136008	离休市属无级别
psn_type	人员类别	136009	市直离休
psn_type	人员类别	136010	建国前老工人(市属离休)
psn_type	人员类别	136011	二等乙(市属离休)
psn_type	人员类别	136012	企业离休
psn_type	人员类别	136013	已剥离专项基金的建国前工人
psn_type	人员类别	136014	普通离休(非地市)
psn_type	人员类别	136015	省属离休人员
psn_type	人员类别	136016	市直机关事业单位离休
psn_type	人员类别	136017	企业自筹离休人员
psn_type	人员类别	136018	普通离休(地市级)
psn_type	人员类别	136019	市属离休人员
psn_type	人员类别	136020	市直企业离休
psn_type	人员类别	136021	特殊离休
psn_type	人员类别	136022	垦区离休人员
psn_type	人员类别	136023	省直代管离休
psn_type	人员类别	136024	享受副省部级待遇离休
psn_type	人员类别	14	居民（未成年）
psn_type	人员类别	1401	新生儿
psn_type	人员类别	1402	学龄前儿童
psn_type	人员类别	1403	中小学生
psn_type	人员类别	1404	大学生
psn_type	人员类别	1405	未成年（未入学）
psn_type	人员类别	1406	低保学生儿童
psn_type	人员类别	146001	市直财政供养人员
psn_type	人员类别	146002	残疾人员
psn_type	人员类别	146004	低保人员
psn_type	人员类别	146005	重度残疾学生
psn_type	人员类别	1461	积分入学（百佳学子）
psn_type	人员类别	149901	学生儿童
psn_type	人员类别	15	居民（成年）
psn_type	人员类别	1501	普通居民（成年）
psn_type	人员类别	151	居民
psn_type	人员类别	156001	普通居民
psn_type	人员类别	16	居民（老年）
psn_type	人员类别	17	农牧民少
psn_type	人员类别	18	农牧民中
psn_type	人员类别	20	农牧民老
psn_type	人员类别	33	一至六级残疾军人
psn_type	人员类别	34	建国前老工人
psn_type	人员类别	99	其他
psn_type	人员类别	126062	A类医疗人员
psn_type	人员类别	126063	59328人员
psn_type	人员类别	136046	央(省)属在职保健对象
psn_type	人员类别	136047	央(省)属退休保健对象
psn_type	人员类别	136048	央(省)属在职保健对象(部分补助)
psn_type	人员类别	136049	央(省)属退休保健对象(部分补助)
psn_type	人员类别	136050	高层次人才(在职)
psn_type	人员类别	136051	高层次人才(退休)
psn_type	人员类别	136052	五二年退休干部
psn_type	人员类别	136053	困难企业离休干部
psn_type	人员类别	116018	外来职工在职
psn_type	人员类别	116019	大病统筹在职人员
psn_type	人员类别	116020	在职厅级干部
psn_type	人员类别	116021	在职处级和高级干部
psn_type	人员类别	126023	军队退休
psn_type	人员类别	126024	外来职工退休
psn_type	人员类别	126025	大病统筹退休人员
psn_type	人员类别	126026	退休厅级干部
psn_type	人员类别	126027	退休处级和高级干部
psn_type	人员类别	136025	512 干部
psn_type	人员类别	136026	军队离休
psn_type	人员类别	136027	二等乙级伤残军人
psn_type	人员类别	136028	财政核拨伤残军人
psn_type	人员类别	136029	破产企业离休干部
psn_type	人员类别	136030	特困企业离休干部
psn_type	人员类别	136031	财政核拨离休干部
psn_type	人员类别	136032	财政核拨 512 干部
psn_type	人员类别	136033	破产企业 512 干部
psn_type	人员类别	136034	特困企业 512 干部
psn_type	人员类别	136035	厅级及以上离退休干部
psn_type	人员类别	136036	保健对象
psn_type	人员类别	136037	二级保健对象
psn_type	人员类别	136038	老红军
psn_type	人员类别	136039	市直机关事业 512 退休干部
psn_type	人员类别	136040	市直企业 512 退休干部
psn_type	人员类别	136041	省直代管 512 退休干部
psn_type	人员类别	136042	市属在职保健对象
psn_type	人员类别	136043	市属退休保健对象
psn_type	人员类别	136044	市属在职保健对象(部分补助)
psn_type	人员类别	136045	市属退休保健对象(部分补助)
psn_type	人员类别	110202	自缴公务员
psn_type	人员类别	110203	非自缴公务员
psn_type	人员类别	126031	退休划账职工
psn_type	人员类别	126032	退休不划账职工
psn_type	人员类别	126033	退休继续缴费职工
psn_type	人员类别	1407	中专技校生
psn_type	人员类别	156002	特殊居民
psn_type	人员类别	1408	学生
psn_type	人员类别	40	超转人员
psn_type	人员类别	4001	征地超转人员
psn_type	人员类别	4002	异地安置征地超转人员
psn_type	人员类别	4003	享受最低保障的征地超转人员
psn_type	人员类别	50	医疗照顾人员
psn_type	人员类别	5001	异地安置的离休司局级医疗照顾人员
psn_type	人员类别	5002	异地安置的离休副部级医疗照顾人员
psn_type	人员类别	5003	享受优诊医疗待遇的离休干部
psn_type	人员类别	5004	离休的司局级医疗照顾人员
psn_type	人员类别	5005	在职司局级医疗照顾人员
psn_type	人员类别	5006	退休司局级医疗照顾人员
psn_type	人员类别	5007	在职副部级医疗照顾人员
psn_type	人员类别	5008	退休副部级医疗照顾人员
psn_type	人员类别	5009	离休的副部级医疗照顾人员
psn_type	人员类别	5010	在职长期驻外司局级医疗照顾人员
psn_type	人员类别	5011	在职长期驻外副部级医疗照顾人员
psn_type	人员类别	5012	异地安置的退休司局级医疗照顾人员
psn_type	人员类别	5013	异地安置的退休副部级医疗照顾人员
psn_type	人员类别	5014	两院院士
psn_type	人员类别	5015	在职优诊待遇人员
psn_type	人员类别	5016	退休优诊待遇人员
psn_type	人员类别	5017	异地安置的退休优诊待遇人员
psn_type	人员类别	5018	异地安置的享受优诊医疗待遇离休干部
psn_type	人员类别	5019	在职高级知识分子
psn_type	人员类别	5020	退休高级知识分子
psn_type	人员类别	5021	离休高级知识分子
psn_type	人员类别	5022	在职长期驻外高级知识分子
psn_type	人员类别	5023	异地安置的退休高级知识分子
psn_type	人员类别	5024	异地安置的离休高级知识分子
psn_type	人员类别	5025	参事馆员
psn_type	人员类别	5026	异地安置的参事馆员
psn_type	人员类别	5027	异地安置的两院院士
psn_type	人员类别	5028	在职长期驻外优诊待遇人员
psn_type	人员类别	5029	在职正市级医疗照顾人员
psn_type	人员类别	5030	退休正市级医疗照顾人员
psn_type	人员类别	5031	离休正市级医疗照顾人员
psn_type	人员类别	5032	在职长期驻外正市级医疗照顾人员
psn_type	人员类别	5033	异地安置的退休正市级医疗照顾人员
psn_type	人员类别	5034	异地安置的离休正市级医疗照顾人员
psn_type	人员类别	5035	在职特级教师
psn_type	人员类别	5036	退休特级教师
psn_type	人员类别	5037	离休特级教师
psn_type	人员类别	5038	在职长期驻外特级教师
psn_type	人员类别	5039	异地安置的退休特级教师
psn_type	人员类别	5040	异地安置的离休特级教师
psn_type	人员类别	5041	在职正部级医疗照顾人员
psn_type	人员类别	5042	退休正部级医疗照顾人员
psn_type	人员类别	5043	离休的正部级医疗照顾人员
psn_type	人员类别	5044	在职长期驻外正部级医疗照顾人员
psn_type	人员类别	5045	异地安置的退休正部级医疗照顾人员
psn_type	人员类别	5046	异地安置的离休正部级医疗照顾人员
psn_type	人员类别	5047	离休副市(部)长级标准人员
psn_type	人员类别	5048	在职副市(部)长级标准人员
psn_type	人员类别	5049	退休副市(部)长级标准人员
psn_type	人员类别	5050	在职正市(部)长级标准人员
psn_type	人员类别	5051	退休正市(部)长级标准人员
psn_type	人员类别	5052	离休正市(部)长级标准人员
psn_type	人员类别	120701	异地安置的退休人员
psn_type	人员类别	120702	异地安置的退职人员
psn_type	人员类别	120703	享受最低保障的退休人员
psn_type	人员类别	120704	享受最低保障的退职人员
psn_type	人员类别	120705	退职优诊待遇人员
psn_type	人员类别	120706	异地安置的退职优诊待遇人员
psn_type	人员类别	120707	社会退休人员
psn_type	人员类别	120708	社会退休异地安置人员
psn_type	人员类别	120709	社会退职人员
psn_type	人员类别	120710	社会退职异地安置人员
psn_type	人员类别	120711	企业改组退休人员
psn_type	人员类别	120712	企业改组退休异地安置人员
psn_type	人员类别	120713	企业改组退职人员
psn_type	人员类别	120714	企业改组退职异地安置人员
psn_type	人员类别	120715	三资退休人员
psn_type	人员类别	120716	三资退休异地安置人员
psn_type	人员类别	120717	三资退职人员
psn_type	人员类别	120718	三资退职异地安置人员
psn_type	人员类别	120719	支援乡镇退休人员
psn_type	人员类别	120720	支援乡镇退休异地安置人员
psn_type	人员类别	120721	支援乡镇退职人员
psn_type	人员类别	120722	支援乡镇退职异地安置人员
psn_type	人员类别	120723	破产退休人员
psn_type	人员类别	120724	破产退休异地安置人员
psn_type	人员类别	120725	破产退职人员
psn_type	人员类别	120726	破产退职异地安置人员
psn_type	人员类别	120727	企业注销吊销退休人员
psn_type	人员类别	120728	企业注销吊销退休异地安置人员
psn_type	人员类别	120729	企业注销吊销退职人员
psn_type	人员类别	120730	企业注销吊销退职异地安置人员
psn_type	人员类别	120731	公益性组织社会化退休人员
psn_type	人员类别	120732	公益性组织社会化退职人员
psn_type	人员类别	120733	公益性组织异地安置退休人员
psn_type	人员类别	120734	公益性组织异地安置退职人员
psn_type	人员类别	120735	社区专职工作者社会化退休人员
psn_type	人员类别	120736	社区专职工作者社会化退职人员
psn_type	人员类别	120737	社区专职工作者异地安置社会化退休人员
psn_type	人员类别	120738	社区专职工作者异地安置社会化退职人员
psn_type	人员类别	1117	在职长期驻外职工
psn_type	人员类别	1118	享受最低保障的在职人员
psn_type	人员类别	140801	婴幼儿
psn_type	人员类别	140802	非在校生
psn_type	人员类别	140803	长期异地居住的婴幼儿
psn_type	人员类别	140804	长期异地居住的非在校生
psn_type	人员类别	140805	长期异地居住的老年人
psn_type	人员类别	140806	长期异地就读生
psn_type	人员类别	140807	长期异地居住的城镇无业居民
psn_type	人员类别	137001	异地安置的离休人员
psn_type	人员类别	137002	异地安置离休副市(部)长级标准人员
psn_type	人员类别	137003	异地安置离休正市(部)长级标准人员
psn_type	人员类别	116041	在职三级保健对象公务员
psn_type	人员类别	116042	在职三级保健对象非公务员
psn_type	人员类别	116043	在职二级保健对象公务员
psn_type	人员类别	116044	在职二级保健对象非公务员
psn_type	人员类别	116045	在职一级保健对象公务员
psn_type	人员类别	116046	在职一级保健对象非公务员
psn_type	人员类别	126041	退休三级保健对象公务员
psn_type	人员类别	126042	退休三级保健对象非公务员
psn_type	人员类别	126043	退休二级保健对象公务员
psn_type	人员类别	126044	退休二级保健对象非公务员
psn_type	人员类别	126045	退休一级保健对象公务员
psn_type	人员类别	126046	退休一级保健对象非公务员
psn_type	人员类别	11032	在职劳模保健对象
psn_type	人员类别	11033	在职省级以上劳模
psn_type	人员类别	11034	在职保健非公务员
psn_type	人员类别	12032	退休劳模保健对象
psn_type	人员类别	12033	退休省级以上劳模
psn_type	人员类别	12034	退休保健非公务员
psn_type	人员类别	12035	保健建国前退休人员
psn_type	人员类别	116047	企业补充在职
psn_type	人员类别	126047	企业补充退休
psn_type	人员类别	116048	企业补充二级保健对象在职
psn_type	人员类别	126048	企业补充二级保健对象退休
psn_type	人员类别	136054	参照享受副省部级待遇离休
psn_type	人员类别	140808	本市复读的学生
psn_type	人员类别	116022	在职二等乙级伤残军人
psn_type	人员类别	140201	城镇婴幼儿
psn_type	人员类别	149902	城镇学生
psn_type	人员类别	149903	城镇非在校生
psn_type	人员类别	160100	城镇老年人
psn_type	人员类别	140202	城镇长期异地居住的婴幼儿
psn_type	人员类别	149904	城镇长期异地居住的非在校生
psn_type	人员类别	160101	城镇长期异地居住的老年人
psn_type	人员类别	126116	退职二等乙级伤残军人
psn_type	人员类别	126117	退休二等乙级伤残军人
psn_type	人员类别	35	特殊全免人员
psn_type	人员类别	126216	异地安置的退休二等乙级伤残军人
psn_type	人员类别	126217	异地安置的退职二等乙级伤残军人
psn_type	人员类别	126006	在乡二等乙级伤残军人
psn_type	人员类别	1409	城镇长期异地就读生
psn_type	人员类别	1502	城镇残疾无业居民
psn_type	人员类别	1503	城镇无业居民
psn_type	人员类别	150201	长期异地居住的城镇残疾无业居民
psn_type	人员类别	3601	外地农民工
psn_type	人员类别	3602	本市农民工
psn_type	人员类别	140203	农村婴幼儿
psn_type	人员类别	149905	农村学生
psn_type	人员类别	149906	农村非在校生
psn_type	人员类别	160102	农村老年人
psn_type	人员类别	140204	农村长期异地居住的婴幼儿
psn_type	人员类别	149907	农村长期异地居住的非在校生
psn_type	人员类别	160103	农村长期异地居住的老年人
psn_type	人员类别	140901	农村长期异地就读生
psn_type	人员类别	1504	农村劳动力
psn_type	人员类别	150302	农村残疾无业居民
psn_type	人员类别	150401	农村长期异地居住的劳动力
psn_type	人员类别	150402	农村长期异地居住的残疾劳动力
psn_type	人员类别	130101	军休医照人员
psn_type	人员类别	130102	军休离休人员
psn_type	人员类别	130103	军休公费医疗人员
psn_type	人员类别	130104	军休军残公费医疗人员
psn_type	人员类别	116088	养老退休医疗未退休
psn_type	人员类别	126035	军干
psn_type	人员类别	126036	军工
psn_type	人员类别	126064	军队退休（二乙）
psn_type	人员类别	126065	军队退休（参照公务员）
psn_type	人员类别	156003	农村居民
psn_type	人员类别	156004	低保人员（农村居民）
psn_type	人员类别	156005	残疾人员（农村居民）
psn_type	人员类别	156006	低保人员（未成年人）
psn_type	人员类别	156007	残疾人员（未成年人）
psn_type	人员类别	156008	困难大学生
psn_type	人员类别	116089	政府代缴人员
psn_type	人员类别	156101	低保居民
psn_type	人员类别	156102	建档立卡居民
psn_type	人员类别	156103	重残居民
psn_type	人员类别	156104	非本市户籍居民
psn_type	人员类别	19	农牧民
psn_type	人员类别	995308	内退人员
psn_type	人员类别	995309	离休遗孀
psn_type	人员类别	995310	二乙残人员
psn_type	人员类别	995311	因病退休
psn_type	人员类别	995313	特殊人员
psn_type	人员类别	995314	革命工作者
psn_type	人员类别	995316	无类别
psn_type	人员类别	995317	无业人员
psn_type	人员类别	995318	现役军人
psn_type	人员类别	995319	退休领导干部
psn_type	人员类别	995307	退休审核期
psn_type	人员类别	995320	工人
psn_type	人员类别	995305	干部
psn_type	人员类别	995303	工勤人员
psn_type	人员类别	995302	参战退役人员
psn_type	人员类别	995301	未入校的未成年人
psn_type	人员类别	995306	农民
psn_type	人员类别	116031	在职44岁以下
psn_type	人员类别	116032	在职45岁以上
psn_type	人员类别	116033	在职中人
psn_type	人员类别	126037	退休人员69岁以下
psn_type	人员类别	126067	退休人员70岁以上
psn_type	人员类别	126066	退休中人
psn_type	人员类别	126034	退休老人
psn_type	人员类别	156031	遗属60岁以上
psn_type	人员类别	156032	遗属70岁以上
psn_type	人员类别	156033	无保
psn_type	人员类别	156034	重残
psn_type	人员类别	156035	居民18岁以上
psn_type	人员类别	156036	居民60岁以上
psn_type	人员类别	156037	居民70岁以上
psn_type	人员类别	5053	在职高知公务员
psn_type	人员类别	5054	在职高知保健对象
psn_type	人员类别	5055	在职高知公务员保健对象
psn_type	人员类别	5056	退休高知公务员
psn_type	人员类别	5057	退休高知保健对象
psn_type	人员类别	5058	退休高知公务员保健对象
psn_type	人员类别	126316	退休五三军人
psn_type	人员类别	126317	退休五四军人
psn_type	人员类别	126099	军转干部(师职)
psn_type	人员类别	126038	军转干部(团职)
psn_type	人员类别	126039	军转干部(营职)
psn_type	人员类别	126040	军转干部(连排职)
psn_type	人员类别	136091	遗孀(抗战期间)
psn_type	人员类别	136092	遗孀(解放期间)
psn_type	人员类别	1410	少数民族班学生
psn_type	人员类别	140809	本市居住婴幼儿
psn_type	人员类别	140810	本市居住学生
psn_type	人员类别	140811	本市居住非在校生
psn_type	人员类别	156105	本市居住劳动年龄内居民
psn_type	人员类别	156106	长期异地居住劳动年龄内居民
psn_type	人员类别	160104	本市居住城乡老年人
psn_type	人员类别	5059	在职高知企业补充
psn_type	人员类别	5060	退休高知企业补充
psn_type	人员类别	5088	离休配偶
psn_type	人员类别	995322	一到四级伤残
psn_type	人员类别	150290	成年居民一档
psn_type	人员类别	150291	成年居民二档
psn_type	人员类别	150292	成年居民一档（居住证）
psn_type	人员类别	140881	本市未满18周岁少年儿童
psn_type	人员类别	140882	少年儿童（托儿所）
psn_type	人员类别	140883	少年儿童（特殊教育）
psn_type	人员类别	140884	少年儿童（职校）
psn_type	人员类别	140885	少年儿童（小学）
psn_type	人员类别	140886	少年儿童（初中）
psn_type	人员类别	140887	少年儿童（技校）
psn_type	人员类别	140888	少年儿童（中专）
psn_type	人员类别	140889	少年儿童（高中）
psn_type	人员类别	140890	大学生（高等职业技术学校）
psn_type	人员类别	140891	大学生（专科以上大学）
psn_type	人员类别	140892	少年儿童（幼儿园）
psn_type	人员类别	13031	离休一类保健对象
psn_type	人员类别	130105	区四套班子
psn_type	人员类别	151001	居民一档
psn_type	人员类别	151002	居民二档
psn_type	人员类别	151003	居民三档
psn_type	人员类别	151004	居民四档
psn_type	人员类别	151005	居民五档
psn_type	人员类别	151006	居民六档
psn_type	人员类别	149951	学生一档
psn_type	人员类别	149952	学生二档
psn_type	人员类别	149953	学生三档
psn_type	人员类别	156100	低收入监测范围居民
psn_type	人员类别	116090	在职双十
psn_type	人员类别	126090	退休双十
psn_type	人员类别	3401	供给制人员
psn_type	人员类别	140401	部属级大学生
psn_type	人员类别	140402	省属级大学生
psn_type	人员类别	140403	市属级大学生
psn_type	人员类别	140101	准新生儿
psn_type	人员类别	116050	在职五三军人
psn_type	人员类别	116051	在职五四军人
psn_type	人员类别	995330	在职代管
psn_type	人员类别	995331	退休代管
psn_type	人员类别	150293	成年居民二档（居住证）
psn_type	人员类别	150294	未满18周岁少年儿童（居住证）
psn_type	人员类别	136090	离休人员遗孀
psn_type	人员类别	9999	不区分人群
psn_type	人员类别	995332	自主择业方式安置的退役军人
psn_type	人员类别	995333	逐月领取退役金军人
psn_type	人员类别	995334	军队文职
psn_type	人员类别	136055	建国初期参加革命工作退休干部
psn_type	人员类别	1121	省医享受在职
psn_type	人员类别	1122	省医参加在职
psn_type	人员类别	1123	省特参加在职
psn_type	人员类别	1221	省医享受退休
psn_type	人员类别	1222	省医参加退休
psn_type	人员类别	1223	省特参加退休
psn_type_lv	人员类别等级	1	公务员职务
psn_type_lv	人员类别等级	103	省部级正职
psn_type_lv	人员类别等级	104	省部级副职
psn_type_lv	人员类别等级	105	厅局级正职
psn_type_lv	人员类别等级	106	厅局级副职
psn_type_lv	人员类别等级	107	县处级正职
psn_type_lv	人员类别等级	108	县处级副职
psn_type_lv	人员类别等级	109	乡科级正职
psn_type_lv	人员类别等级	110	乡科级副职
psn_type_lv	人员类别等级	199	其他
psn_type_lv	人员类别等级	2	公务员职级
psn_type_lv	人员类别等级	201	一级巡视员
psn_type_lv	人员类别等级	202	二级巡视员
psn_type_lv	人员类别等级	203	一级调研员
psn_type_lv	人员类别等级	204	二级调研员
psn_type_lv	人员类别等级	205	三级调研员
psn_type_lv	人员类别等级	206	四级调研员
psn_type_lv	人员类别等级	207	一级主任科员
psn_type_lv	人员类别等级	208	二级主任科员
psn_type_lv	人员类别等级	209	三级主任科员
psn_type_lv	人员类别等级	210	四级主任科员
psn_type_lv	人员类别等级	211	一级科员
psn_type_lv	人员类别等级	212	二级科员
psn_type_lv	人员类别等级	299	其他职级
psn_type_lv	人员类别等级	9	其他
QLTCTRL_RETN_FLAG	回退标志	1	是
QLTCTRL_RETN_FLAG	回退标志	0	否
qltctrl_rslt	质控结果	0	失败
qltctrl_rslt	质控结果	1	成功
RCHK_FLAG	复核标志	0	未审核
RCHK_FLAG	复核标志	1	审核通过
RCHK_FLAG	复核标志	2	审核不通过
RCHK_FLAG	复核标志	3	已撤销
RCHK_FLAG	复核标志	4	已回退
RCHK_FLAG	复核标志	5	初审通过
RCHK_FLAG	复核标志	6	初审不通过
RCHK_FLAG	复核标志	7	审批通过
RCHK_FLAG	复核标志	8	审批不通过
RCHK_FLAG	复核标志	9	其他
RCHK_FLAG	复核标志	901	未审核先支
RCHK_FLAG	复核标志	902	预复核通过
RCHK_FLAG	复核标志	903	预复核不通过
RCHK_FLAG	复核标志	904	发送预复核
RCHK_FLAG	复核标志	905	结算通过
RCHK_FLAG	复核标志	906	结算不通过
RCHK_FLAG	复核标志	907	支付审核通过
RCHK_FLAG	复核标志	908	已注销
RCHK_FLAG	复核标志	10	复核通过
RCHK_FLAG	复核标志	11	复核不通过
RCHK_FLAG	复核标志	909	支付回退
refd_setl_flag	退费结算标志	0	否
refd_setl_flag	退费结算标志	1	是
RELS_NURSCARE_FLAG	亲属护理标志	0	否
RELS_NURSCARE_FLAG	亲属护理标志	1	是
RULE_BIZ_TYPE	规则业务类型	101	费用明细分割
RULE_BIZ_TYPE	规则业务类型	102	待遇审批基础参数输出
RULE_BIZ_TYPE	规则业务类型	A0	系统参数
RULE_BIZ_TYPE	规则业务类型	G0	通用参数
RULE_BIZ_TYPE	规则业务类型	G001	通用打印参数
RULE_BIZ_TYPE	规则业务类型	G002	通用检查参数
RULE_BIZ_TYPE	规则业务类型	G003	通用转移平台参数
RULE_BIZ_TYPE	规则业务类型	G004	通用审核配置
RULE_BIZ_TYPE	规则业务类型	HB01	河北本地化规则
RULE_BIZ_TYPE	规则业务类型	HB0101	连续住院判断规则
RULE_BIZ_TYPE	规则业务类型	HB0102	河北本地化参数
RULE_BIZ_TYPE	规则业务类型	LOCL	本地化参数配置
RULE_BIZ_TYPE	规则业务类型	LOCL0001	账户使用标志配置
RULE_BIZ_TYPE	规则业务类型	LOCL0002	计算医疗救助人员身份类别
RULE_BIZ_TYPE	规则业务类型	LOCL0003	重特大疾病救助特殊疾病救助病种
RULE_BIZ_TYPE	规则业务类型	LOCL0004	医疗类别对应审批类别关系
RULE_BIZ_TYPE	规则业务类型	LOCL0005	处方上传控制判断
RULE_BIZ_TYPE	规则业务类型	LOCL0006	生育参数配置
RULE_BIZ_TYPE	规则业务类型	LOCL0007	门特病种分类
RULE_BIZ_TYPE	规则业务类型	LOCL0008	在院状态
RULE_BIZ_TYPE	规则业务类型	LOCL0009	需要审批的医疗类别
RULE_BIZ_TYPE	规则业务类型	LOCL0010	时间交叉
RULE_BIZ_TYPE	规则业务类型	LOCL0011	病种开展配置
RULE_BIZ_TYPE	规则业务类型	LOCL0012	行政区划开展医疗类别
RULE_BIZ_TYPE	规则业务类型	LOCL0013	基本医疗门诊救助病种
RULE_BIZ_TYPE	规则业务类型	LOCL0014	低自付病种报销次数限制
RULE_BIZ_TYPE	规则业务类型	LOCL0015	医疗类别限额阀值
RULE_BIZ_TYPE	规则业务类型	LOCL0016	是否判断合规的丙类费用
RULE_BIZ_TYPE	规则业务类型	LOCL0017	低自付校验开关配置
RULE_BIZ_TYPE	规则业务类型	LOCL0018	视同本地待遇定点医院控制
RULE_BIZ_TYPE	规则业务类型	LOCL0019	特殊药品登记关联特病标志
RULE_BIZ_TYPE	规则业务类型	LWK01	个人待遇管理(N04)
RULE_BIZ_TYPE	规则业务类型	LWK011	个人待遇结算管理(N0405)
RULE_BIZ_TYPE	规则业务类型	LWK02	门诊统筹包干管理(N0403)
RULE_BIZ_TYPE	规则业务类型	LWK03	包干拨付管理(N040301)
RULE_BIZ_TYPE	规则业务类型	LWK031	个人零星报销登记(N040501)
RULE_BIZ_TYPE	规则业务类型	M0	待遇参数
RULE_BIZ_TYPE	规则业务类型	M001	结算参数
RULE_BIZ_TYPE	规则业务类型	M00101	统筹区基金支付类别
RULE_BIZ_TYPE	规则业务类型	M00102	统筹自付比例
RULE_BIZ_TYPE	规则业务类型	M00103	中心拨付财务分中心管理
RULE_BIZ_TYPE	规则业务类型	M00104	自付比例人员类别获取
RULE_BIZ_TYPE	规则业务类型	M00105	医疗待遇类别
RULE_BIZ_TYPE	规则业务类型	M00106	医保目录限价类型
RULE_BIZ_TYPE	规则业务类型	M00107	限额类
RULE_BIZ_TYPE	规则业务类型	M00108	是否查询机构服务范围
RULE_BIZ_TYPE	规则业务类型	M00109	查询特殊人员类别
RULE_BIZ_TYPE	规则业务类型	M00110	零星报销审核层级
RULE_BIZ_TYPE	规则业务类型	M0011001	疫情门慢额度预支标志
RULE_BIZ_TYPE	规则业务类型	M00111	零星报销原因筛选
RULE_BIZ_TYPE	规则业务类型	M00112	计算服务限额类入参
RULE_BIZ_TYPE	规则业务类型	M001121	自定义结算参数
RULE_BIZ_TYPE	规则业务类型	M00113	连续缴费月数计算
RULE_BIZ_TYPE	规则业务类型	M00114	结算参保险种选择
RULE_BIZ_TYPE	规则业务类型	M00115	结算参数池管理
RULE_BIZ_TYPE	规则业务类型	M00116	结算完成消息通知开关
RULE_BIZ_TYPE	规则业务类型	M00117	启用本地自增参数标志
RULE_BIZ_TYPE	规则业务类型	M0012301	黑龙江结算参数救助人员分类
RULE_BIZ_TYPE	规则业务类型	M001K1	费用明细参数管理
RULE_BIZ_TYPE	规则业务类型	M001K2	费用大类参数管理
RULE_BIZ_TYPE	规则业务类型	M001K3	人员待遇费用明细分割
RULE_BIZ_TYPE	规则业务类型	M001K4	自付比例参数管理
RULE_BIZ_TYPE	规则业务类型	M001K5	目录政策参数管理
RULE_BIZ_TYPE	规则业务类型	M001K6	费用明细分割管理
RULE_BIZ_TYPE	规则业务类型	M002	明细分割
RULE_BIZ_TYPE	规则业务类型	M00201	待遇计算结果预处理
RULE_BIZ_TYPE	规则业务类型	M003	清算参数
RULE_BIZ_TYPE	规则业务类型	M00301	门诊统筹包干支付标准
RULE_BIZ_TYPE	规则业务类型	M00302	清算方式
RULE_BIZ_TYPE	规则业务类型	M00303	清算经办机构
RULE_BIZ_TYPE	规则业务类型	M00304	二级清算类别
RULE_BIZ_TYPE	规则业务类型	M00305	日期获取
RULE_BIZ_TYPE	规则业务类型	M00306	清算预留金比例
RULE_BIZ_TYPE	规则业务类型	M00307	机构清算总控基金
RULE_BIZ_TYPE	规则业务类型	M004	个账支出管理
RULE_BIZ_TYPE	规则业务类型	M00401	个账支出顺序管理
RULE_BIZ_TYPE	规则业务类型	M00402	账户支出计息管理
RULE_BIZ_TYPE	规则业务类型	M00403	个人账户使用标志
RULE_BIZ_TYPE	规则业务类型	M00404	允许账户超支管理
RULE_BIZ_TYPE	规则业务类型	M00405	账户医保区划范围
RULE_BIZ_TYPE	规则业务类型	M00406	账户返还办理范围
RULE_BIZ_TYPE	规则业务类型	M00408	账户返还次数
RULE_BIZ_TYPE	规则业务类型	M005	结算结果管理
RULE_BIZ_TYPE	规则业务类型	M00501	待遇计算结果处理
RULE_BIZ_TYPE	规则业务类型	M00502	查询待遇计算入参基金支付类型
RULE_BIZ_TYPE	规则业务类型	M00503	待遇计算入参机构附加属性处理
RULE_BIZ_TYPE	规则业务类型	M00504	待遇累计周期
RULE_BIZ_TYPE	规则业务类型	M00505	累计类别代码
RULE_BIZ_TYPE	规则业务类型	M006	就诊参数管理
RULE_BIZ_TYPE	规则业务类型	M007	特殊行政区划区分
RULE_BIZ_TYPE	规则业务类型	M008	最大申报时限
RULE_BIZ_TYPE	规则业务类型	M009	生育参数
RULE_BIZ_TYPE	规则业务类型	M00901	生育目录自付比例
RULE_BIZ_TYPE	规则业务类型	M00902	统筹段自付比例
RULE_BIZ_TYPE	规则业务类型	M00903	生育津贴享受数值
RULE_BIZ_TYPE	规则业务类型	M010	基本参数
RULE_BIZ_TYPE	规则业务类型	M01001	疾病信息显示
RULE_BIZ_TYPE	规则业务类型	M01002	报销时间是否可以重叠
RULE_BIZ_TYPE	规则业务类型	M01003	计算住院次数
RULE_BIZ_TYPE	规则业务类型	M01004	计算住院天数
RULE_BIZ_TYPE	规则业务类型	M01005	目录查询方式
RULE_BIZ_TYPE	规则业务类型	M011	临时医疗救助资格认定
RULE_BIZ_TYPE	规则业务类型	M01101	公示级数
RULE_BIZ_TYPE	规则业务类型	M01102	公示前审核标志
RULE_BIZ_TYPE	规则业务类型	M012	门慢门特开展信息参数管理
RULE_BIZ_TYPE	规则业务类型	M01201	门慢门特参保机构行政区划
RULE_BIZ_TYPE	规则业务类型	M01202	结束日期管理
RULE_BIZ_TYPE	规则业务类型	M013	两定参数
RULE_BIZ_TYPE	规则业务类型	M01301	机构目录匹配标志
RULE_BIZ_TYPE	规则业务类型	M01302	个人信用评价
RULE_BIZ_TYPE	规则业务类型	M01303	公共查询管理
RULE_BIZ_TYPE	规则业务类型	M014	自定义待遇参数
RULE_BIZ_TYPE	规则业务类型	M015	公共服务查询规则
RULE_BIZ_TYPE	规则业务类型	M091	基础信息管理
RULE_BIZ_TYPE	规则业务类型	M092	就医登记管理
RULE_BIZ_TYPE	规则业务类型	M093	个人结算管理
RULE_BIZ_TYPE	规则业务类型	M09301	待遇审批管理
RULE_BIZ_TYPE	规则业务类型	M0930101	城职起付线参数管理(有问题)
RULE_BIZ_TYPE	规则业务类型	M0930102	城职报销比例参数管理
RULE_BIZ_TYPE	规则业务类型	M0930103	城职封顶线参数管理
RULE_BIZ_TYPE	规则业务类型	M0930104	城职待遇检查
RULE_BIZ_TYPE	规则业务类型	M0930105	城乡待遇检查
RULE_BIZ_TYPE	规则业务类型	M0930106	城乡起付线参数管理
RULE_BIZ_TYPE	规则业务类型	M0930107	城乡报销比例参数管理
RULE_BIZ_TYPE	规则业务类型	M0930108	城乡封顶线参数管理
RULE_BIZ_TYPE	规则业务类型	M0930109	城职起付线参数管理
RULE_BIZ_TYPE	规则业务类型	M0930198	城职待遇
RULE_BIZ_TYPE	规则业务类型	M0930199	城乡待遇
RULE_BIZ_TYPE	规则业务类型	M09302	明细分割管理
RULE_BIZ_TYPE	规则业务类型	M09305	结算参数管理
RULE_BIZ_TYPE	规则业务类型	M094	机构费用结算管理
RULE_BIZ_TYPE	规则业务类型	M095	财务拨付参数管理
RULE_BIZ_TYPE	规则业务类型	M0YH00	待遇通用参数管理
RULE_BIZ_TYPE	规则业务类型	M0YH00M008	待遇医保区划参数获取
RULE_BIZ_TYPE	规则业务类型	M0YH01	就医登记业务参数
RULE_BIZ_TYPE	规则业务类型	M0YH02	医药机构管理
RULE_BIZ_TYPE	规则业务类型	M0YH0202	医药机构模板管理
RULE_BIZ_TYPE	规则业务类型	M0YH03	奖励金拨付
RULE_BIZ_TYPE	规则业务类型	M0YH04	医保目录管理
RULE_BIZ_TYPE	规则业务类型	M0YH05	机构费用结算
RULE_BIZ_TYPE	规则业务类型	M0YH06	生育待遇管理
RULE_BIZ_TYPE	规则业务类型	M0YH07	待遇人员合并
RULE_BIZ_TYPE	规则业务类型	N0	业务功能配置
RULE_BIZ_TYPE	规则业务类型	N01	参保管理
RULE_BIZ_TYPE	规则业务类型	N0101	参保登记(N0101)
RULE_BIZ_TYPE	规则业务类型	N010101	单位参保登记(N010101)
RULE_BIZ_TYPE	规则业务类型	N010102	职工参保登记(N010102)
RULE_BIZ_TYPE	规则业务类型	N010103	灵活就业人员参保登记(N010103)
RULE_BIZ_TYPE	规则业务类型	N0102	参保单位管理(N0102)
RULE_BIZ_TYPE	规则业务类型	N010201	单位信息维护(N010201)
RULE_BIZ_TYPE	规则业务类型	N010202	单位缴费状态变更(N010202)
RULE_BIZ_TYPE	规则业务类型	N010203	单位合并(N010203)
RULE_BIZ_TYPE	规则业务类型	N010204	单位分立(N010204)
RULE_BIZ_TYPE	规则业务类型	N010205	单位注销(N010205)
RULE_BIZ_TYPE	规则业务类型	N010206	单位扩展信息登记(N010206)
RULE_BIZ_TYPE	规则业务类型	N010207	单位参保信息扩展
RULE_BIZ_TYPE	规则业务类型	N0103	职工参保人员管理(N0103)
RULE_BIZ_TYPE	规则业务类型	N010301	职工参保人员暂停缴费(N010301)
RULE_BIZ_TYPE	规则业务类型	N010302	灵活就业人员中断缴费(N010302)
RULE_BIZ_TYPE	规则业务类型	N010303	人员一般信息维护(N010303)
RULE_BIZ_TYPE	规则业务类型	N010304	人员特殊信息维护(N010304)
RULE_BIZ_TYPE	规则业务类型	N010305	人员多号合并(N010305)
RULE_BIZ_TYPE	规则业务类型	N010306	特殊身份认定(N010306)
RULE_BIZ_TYPE	规则业务类型	N010307	医疗视同缴费年限认定(N010307)
RULE_BIZ_TYPE	规则业务类型	N010308	在职转退休(N010308)
RULE_BIZ_TYPE	规则业务类型	N010309	人员终止参保(N010309)
RULE_BIZ_TYPE	规则业务类型	N010310	人员扩展信息登记(N010310)
RULE_BIZ_TYPE	规则业务类型	N0104	居民参保人员管理(N0104)
RULE_BIZ_TYPE	规则业务类型	N010401	城乡居民参保登记(N010401)
RULE_BIZ_TYPE	规则业务类型	N010402	城乡居民信息维护(N010402)
RULE_BIZ_TYPE	规则业务类型	N010405	城乡居民暂停参保登记(N010405)
RULE_BIZ_TYPE	规则业务类型	N010407	家庭人员信息维护(N010407)
RULE_BIZ_TYPE	规则业务类型	N010408	家庭信息维护(N010408)
RULE_BIZ_TYPE	规则业务类型	N010409	城乡居民单位新增(N010409)
RULE_BIZ_TYPE	规则业务类型	N010410	城乡居民单位维护(N010410)
RULE_BIZ_TYPE	规则业务类型	N010411	城乡居民单位注销(N010411)
RULE_BIZ_TYPE	规则业务类型	N010412	城乡居民跨区域流动(N010412)
RULE_BIZ_TYPE	规则业务类型	N010413	人员多号合并(城乡)(N010413)
RULE_BIZ_TYPE	规则业务类型	N010416	城乡居民终止参保(N010416)
RULE_BIZ_TYPE	规则业务类型	N010417	城乡居民特殊身份登记(N010417)
RULE_BIZ_TYPE	规则业务类型	N0105	参保缴费工资管理(N0105)
RULE_BIZ_TYPE	规则业务类型	N010501	缴费工资申报核定(N010501)
RULE_BIZ_TYPE	规则业务类型	N010502	缴费工资变更核定(N010502)
RULE_BIZ_TYPE	规则业务类型	N010503	社平工资启用(N010503)
RULE_BIZ_TYPE	规则业务类型	N010510	基本医疗历史缴费年限认定(N010510)
RULE_BIZ_TYPE	规则业务类型	N010511	人员终止转暂停(N010511)
RULE_BIZ_TYPE	规则业务类型	N010512	退休人员暂停划账户(N010512)
RULE_BIZ_TYPE	规则业务类型	N010513	退休人员变更单位（N010513)
RULE_BIZ_TYPE	规则业务类型	N0106	关系转移接续(N0106)
RULE_BIZ_TYPE	规则业务类型	N010601	基本医疗保险转移申请(N010601)
RULE_BIZ_TYPE	规则业务类型	N010602	基本医疗保险转出(N010602)
RULE_BIZ_TYPE	规则业务类型	N010603	基本医疗保险转入(N010603)
RULE_BIZ_TYPE	规则业务类型	N010604	转移基金匹配(N010604)
RULE_BIZ_TYPE	规则业务类型	N010605	城乡居民医保转出(N010605)
RULE_BIZ_TYPE	规则业务类型	N010606	城乡居民医保转入(N010606)
RULE_BIZ_TYPE	规则业务类型	N0201	参保缴费管理(N0201)
RULE_BIZ_TYPE	规则业务类型	N020101	零星应收核定(N020101)
RULE_BIZ_TYPE	规则业务类型	N020102	离休人员缴费核定(N020102)
RULE_BIZ_TYPE	规则业务类型	N020103	单位补收核定(N020103)
RULE_BIZ_TYPE	规则业务类型	N020104	单位差额补退(N020104)
RULE_BIZ_TYPE	规则业务类型	N020105	统筹区差额补退(N020105)
RULE_BIZ_TYPE	规则业务类型	N020106	城乡居民补缴配置(N020106)
RULE_BIZ_TYPE	规则业务类型	N020108	单位欠费核销(N020108)
RULE_BIZ_TYPE	规则业务类型	N020109	单位欠费补缴(N020109)
RULE_BIZ_TYPE	规则业务类型	N020110	医疗保险费返还/核销(N020110)
RULE_BIZ_TYPE	规则业务类型	N020111	灵活就业人员补缴核定（N020111）
RULE_BIZ_TYPE	规则业务类型	N020113	人员缴费明细录入(N020113)
RULE_BIZ_TYPE	规则业务类型	N020114	医保退休不满足年限一次性缴纳（N020114）
RULE_BIZ_TYPE	规则业务类型	N020117	单位缓缴认定(N020117)
RULE_BIZ_TYPE	规则业务类型	N020118	人员退休补收(N020118)
RULE_BIZ_TYPE	规则业务类型	N020119	特殊身份人员缴费核定(N020119)
RULE_BIZ_TYPE	规则业务类型	N020120	特殊单位缴费核定(N020120)
RULE_BIZ_TYPE	规则业务类型	N020126	单位特殊收款征集(N020126)
RULE_BIZ_TYPE	规则业务类型	N020129	零星单位应收核定预测(N020129)
RULE_BIZ_TYPE	规则业务类型	N0202	基金征集管理(N0202)
RULE_BIZ_TYPE	规则业务类型	N020201	征集通知单生成(N020201)
RULE_BIZ_TYPE	规则业务类型	N0203	职工补收管理(N0203)
RULE_BIZ_TYPE	规则业务类型	N020301	单位欠费核销(N020301)
RULE_BIZ_TYPE	规则业务类型	N020302	单位预缴返还(N020302)
RULE_BIZ_TYPE	规则业务类型	N020303	单位预缴款按单分配（N020303）
RULE_BIZ_TYPE	规则业务类型	N020304	单位预缴核定（N020301）
RULE_BIZ_TYPE	规则业务类型	N0204	居民缴费管理(N0204)
RULE_BIZ_TYPE	规则业务类型	N020401	居民缴费核定(N020401)
RULE_BIZ_TYPE	规则业务类型	N020402	居民保险费返还(N020402)
RULE_BIZ_TYPE	规则业务类型	N03	个人账户管理
RULE_BIZ_TYPE	规则业务类型	N0301	个人账户收入管理
RULE_BIZ_TYPE	规则业务类型	N030101	单位退休人员划账户(N030101)
RULE_BIZ_TYPE	规则业务类型	N030101MBS	单位退休人员划账户(N030101_MBS)
RULE_BIZ_TYPE	规则业务类型	N030102	灵活就业退休人员划账户(N030102)
RULE_BIZ_TYPE	规则业务类型	N030103	个人账户注入(N030103)
RULE_BIZ_TYPE	规则业务类型	N030104	个人账户预划(N030104)
RULE_BIZ_TYPE	规则业务类型	N030109	预留人员账户划入(N030109)
RULE_BIZ_TYPE	规则业务类型	N030110	人员多划账户追回(N030110)
RULE_BIZ_TYPE	规则业务类型	N030111	退休老干账户注入(N030111)
RULE_BIZ_TYPE	规则业务类型	N0402	个人待遇申报审批（N0402）
RULE_BIZ_TYPE	规则业务类型	N040201	门慢门特登记
RULE_BIZ_TYPE	规则业务类型	N040202	按病种结算登记（N040202）
RULE_BIZ_TYPE	规则业务类型	N040203	意外伤害登记（N040203）
RULE_BIZ_TYPE	规则业务类型	N040204	就医定点医疗机构登记（N040204）
RULE_BIZ_TYPE	规则业务类型	N040205	家庭病床登记（N040205）
RULE_BIZ_TYPE	规则业务类型	N040206	家庭医生签约登记（N040206）
RULE_BIZ_TYPE	规则业务类型	N040207	转诊转院登记（N040207）
RULE_BIZ_TYPE	规则业务类型	N040208	异地急诊住院登记（N040208）
RULE_BIZ_TYPE	规则业务类型	N040209	异地安置登记（N040209）
RULE_BIZ_TYPE	规则业务类型	N040210	特检特治登记（N040210）
RULE_BIZ_TYPE	规则业务类型	N040211	特殊药品登记（N040211）
RULE_BIZ_TYPE	规则业务类型	N040212	长期带药登记（N040212）
RULE_BIZ_TYPE	规则业务类型	N040213	代开药品登记（N040213）
RULE_BIZ_TYPE	规则业务类型	N040214	生育登记（N040214）
RULE_BIZ_TYPE	规则业务类型	N040215	慢特病用量方案维护（N040215）
RULE_BIZ_TYPE	规则业务类型	N040216	外检外购登记（N040216）
RULE_BIZ_TYPE	规则业务类型	N040217	重大疾病登记 (N040217)
RULE_BIZ_TYPE	规则业务类型	N150101	预留批次申请(N150101)
RULE_BIZ_TYPE	规则业务类型	P0	公共参数
RULE_BIZ_TYPE	规则业务类型	P001	征缴业务
RULE_BIZ_TYPE	规则业务类型	P00101	征缴规则类
RULE_BIZ_TYPE	规则业务类型	P00102	基数核定规则类
RULE_BIZ_TYPE	规则业务类型	P00103	金额核定计算
RULE_BIZ_TYPE	规则业务类型	P00104	基数核定计算
RULE_BIZ_TYPE	规则业务类型	P00105	功能征缴规则配置
RULE_BIZ_TYPE	规则业务类型	P00106	居民预缴期配置信息
RULE_BIZ_TYPE	规则业务类型	P00107	居民缴费时间配置信息
RULE_BIZ_TYPE	规则业务类型	P00108	滞纳金参数
RULE_BIZ_TYPE	规则业务类型	P00109	利率滞纳金征收参数
RULE_BIZ_TYPE	规则业务类型	P00110	参数入参组装
RULE_BIZ_TYPE	规则业务类型	P002	险种定义配置
RULE_BIZ_TYPE	规则业务类型	P00202	险种依赖互斥配置
RULE_BIZ_TYPE	规则业务类型	P003	工资参数
RULE_BIZ_TYPE	规则业务类型	P00301	工资启用规则
RULE_BIZ_TYPE	规则业务类型	P00302	社会平均工资
RULE_BIZ_TYPE	规则业务类型	P00303	退休人员年均基本医疗费
RULE_BIZ_TYPE	规则业务类型	P00304	申报工资变更
RULE_BIZ_TYPE	规则业务类型	P004	利率参数
RULE_BIZ_TYPE	规则业务类型	P005	退休参数
RULE_BIZ_TYPE	规则业务类型	P006	灵活单位与普通单位的分类
RULE_BIZ_TYPE	规则业务类型	P007	财务参数
RULE_BIZ_TYPE	规则业务类型	P00701	业务类型与财务科目对照表
RULE_BIZ_TYPE	规则业务类型	P00702	银行报盘管理
RULE_BIZ_TYPE	规则业务类型	P007021	银行代发报盘处理
RULE_BIZ_TYPE	规则业务类型	P008	单位管理类型控制分类
RULE_BIZ_TYPE	规则业务类型	P00801	单位管理类型校验
RULE_BIZ_TYPE	规则业务类型	P00802	人员类型过滤
RULE_BIZ_TYPE	规则业务类型	P00803	获取灵活虚拟单位
RULE_BIZ_TYPE	规则业务类型	P099	参保测试参数
RULE_BIZ_TYPE	规则业务类型	N0501	医疗保障基金结算清单
RULE_BIZ_TYPE	规则业务类型	N160101	待遇受理(N160101)
RULE_BIZ_TYPE	规则业务类型	N160102	受理审核(N160102)
RULE_BIZ_TYPE	规则业务类型	N160103	受理变更(N160103)
RULE_BIZ_TYPE	规则业务类型	N160104	长护待遇登记(N160104)
RULE_BIZ_TYPE	规则业务类型	N160105	长护待遇登记复核(N160105)
RULE_BIZ_TYPE	规则业务类型	N160201	评估任务查询(N160201)
RULE_BIZ_TYPE	规则业务类型	N160202	评估计划制定(N160202)
RULE_BIZ_TYPE	规则业务类型	N160203	评估计划变更(N160203)
RULE_BIZ_TYPE	规则业务类型	N160204	评估计划分派(N160204)
RULE_BIZ_TYPE	规则业务类型	N160205	评估任务执行(N160205)
RULE_BIZ_TYPE	规则业务类型	N160206	评估结论认定(N160206)
RULE_BIZ_TYPE	规则业务类型	N160207	评估结论公示(N160207)
RULE_BIZ_TYPE	规则业务类型	N160208	评估结论送达(N160208)
RULE_BIZ_TYPE	规则业务类型	N160209	争议复评申请(N160209)
RULE_BIZ_TYPE	规则业务类型	N160210	再次评估申请(N160210)
RULE_BIZ_TYPE	规则业务类型	N160211	评估任务发送(N160211)
RULE_BIZ_TYPE	规则业务类型	N160212	照护计划推荐(N160212)
RULE_BIZ_TYPE	规则业务类型	N160301	机构入住退出登记(N160301)
RULE_BIZ_TYPE	规则业务类型	N160302	护理计划制定(N160302)
RULE_BIZ_TYPE	规则业务类型	N160303	护理任务执行(N160303)
RULE_BIZ_TYPE	规则业务类型	N160304	护理服务综合查询(N160304)
RULE_BIZ_TYPE	规则业务类型	N160401	评估费用申报(N160401)
RULE_BIZ_TYPE	规则业务类型	N160402	评估费用受理(N160402)
RULE_BIZ_TYPE	规则业务类型	N160403	评估费用审核结算(N160403)
RULE_BIZ_TYPE	规则业务类型	N160404	评估费用查询(N160404)
RULE_BIZ_TYPE	规则业务类型	N160501	个人机构结算申报(N160501)
RULE_BIZ_TYPE	规则业务类型	N160502	长护机构月结申报(N160502)
RULE_BIZ_TYPE	规则业务类型	N160503	长护机构费用受理(N160503)
RULE_BIZ_TYPE	规则业务类型	N160504	长护机构费用审核结算(N160504)
RULE_BIZ_TYPE	规则业务类型	N160505	长护机构费用查询(N160505)
RULE_BIZ_TYPE	规则业务类型	N160506	长护机构年度清算(N160506)
RULE_BIZ_TYPE	规则业务类型	N160507	长护零星报销申报(N160507)
RULE_BIZ_TYPE	规则业务类型	N160508	长护个人待遇申报(N160508)
RULE_BIZ_TYPE	规则业务类型	N160509	长护个人待遇受理(N160509)
RULE_BIZ_TYPE	规则业务类型	N160510	长护个人待遇审核结算(N160510)
RULE_BIZ_TYPE	规则业务类型	N160511	长护个人待遇查询(N160511)
RULE_BIZ_TYPE	规则业务类型	N160601	护理机构维护(N160601)
RULE_BIZ_TYPE	规则业务类型	N160602	护理人员维护(N160602)
RULE_BIZ_TYPE	规则业务类型	N160701	评估机构维护(N160701)
RULE_BIZ_TYPE	规则业务类型	N160702	评估人员维护(N160702)
RULE_BIZ_TYPE	规则业务类型	N160801	长护经办机构维护(N160801)
RULE_BIZ_TYPE	规则业务类型	N160802	长护经办人员维护(N160802)
RULE_BIZ_TYPE	规则业务类型	N160901	服务项目维护(N160901)
RULE_BIZ_TYPE	规则业务类型	N161001	失能评估题目维护(N161001)
RULE_BIZ_TYPE	规则业务类型	N161002	失能评估量表配置(N161002)
RULE_BIZ_TYPE	规则业务类型	N161003	失能评估量表查询(N161003)
RULE_BIZ_TYPE	规则业务类型	N161201	制定预留金拨付计划(N161201)
RULE_BIZ_TYPE	规则业务类型	N16120201	预留金拨付计划审核(N16120201)
RULE_BIZ_TYPE	规则业务类型	N16120202	预留金管理复审(N16120202)
RULE_BIZ_TYPE	规则业务类型	N16120203	预留金管理终审(N16120203)
RULE_BIZ_TYPE	规则业务类型	N161203	生成拨付单(N161203)
RULE_BIZ_TYPE	规则业务类型	N161204	预留金撤销(N161204)
RULE_BIZ_TYPE	规则业务类型	N161301	稽核审查扣费(N161301)
RULE_BIZ_TYPE	规则业务类型	N161302	稽核审查扣费审核(N161302)
RULE_BIZ_TYPE	规则业务类型	N160108	退休人员满缴20年规则
RULE_BIZ_TYPE	规则业务类型	N161803	辅具评估结论录入(N161803)
RULE_BIZ_TYPE	规则业务类型	N161703	辅具设备申请受理(N161703)
RULE_BIZ_TYPE	规则业务类型	N160306	辅具设备登记(N160306)
RULE_BIZ_TYPE	规则业务类型	N04	重复参保校验
RULE_BIZ_TYPE	规则业务类型	M00308	清算医疗机构
RULE_DEFN_TYPE	规则类别	1	医保管理类
RULE_DEFN_TYPE	规则类别	2	临床诊断类
RULE_DEFN_TYPE	规则类别	3	药品类
RULE_DEFN_TYPE	规则类别	4	诊疗项目类
RULE_DEFN_TYPE	规则类别	5	临床路径类
RULE_DEFN_TYPE	规则类别	6	手术操作类
RULE_DEFN_TYPE	规则类别	99	其他类
RULE_LV	规则等级	A	国家级
RULE_LV	规则等级	B	省级
RULE_LV	规则等级	C	市级
RULE_SEV_DEG	规则严重程度	1	明确违规
RULE_SEV_DEG	规则严重程度	2	高度可疑
RULE_SEV_DEG	规则严重程度	3	轻度可疑
RULE_SEV_DEG	规则严重程度	4	监测分析
RVIS_FLAG	补差标志	0	待补差
RVIS_FLAG	补差标志	1	已补差
RVIS_REA_TYPE	补扣原因类型	1	重复支付
RVIS_REA_TYPE	补扣原因类型	2	费用虚报
RVIS_REA_TYPE	补扣原因类型	3	护理服务虚报
RVIS_REA_TYPE	补扣原因类型	4	待遇补发
rx_circ_flag	外购处方标志	0	否
rx_circ_flag	外购处方标志	1	是
rx_flag	处方药标志	0	非处方药
rx_flag	处方药标志	1	处方药
rx_flag	处方药标志	2	双跨
SCALE_CFG_TYPE	量表配置类型	1	自评
SCALE_CFG_TYPE	量表配置类型	2	现场评估
SCALE_CFG_TYPE	量表配置类型	3	辅具评估
SCALE_CNCL_REA	量表作废原因	1	政策变更
SCALE_CNCL_REA	量表作废原因	2	配置错误
SCALE_CNCL_REA	量表作废原因	99	其他
SCALE_PUBD_FLAG	量表发布标志	0	否
SCALE_PUBD_FLAG	量表发布标志	1	是
SCALE_QUES_MUSTL_FLAG	量表题目必填标志	0	否
SCALE_QUES_MUSTL_FLAG	量表题目必填标志	1	是
SCALE_QUES_TYPE	量表题目类型	1	单选
SCALE_QUES_TYPE	量表题目类型	2	多选
SCALE_QUES_TYPE	量表题目类型	3	填空
SCALE_QUES_VIS_FLAG	量表题目可见标志	0	否
SCALE_QUES_VIS_FLAG	量表题目可见标志	1	是
SCALE_USED_FLAG	量表使用标志	0	否
SCALE_USED_FLAG	量表使用标志	1	是
selfpay_prop_type	目录自付比例类别	10	目录先自付比例
selfpay_prop_type	目录自付比例类别	20	目录直接报销比例
selfpay_prop_type	目录自付比例类别	30	按费用单价范围配置自付比例
selfpay_prop_type	目录自付比例类别	40	超限价自付比例
stas_type	状态分类	0	未提交
stas_type	状态分类	1	已提交
stas_type	状态分类	2	审核通过
stas_type	状态分类	3	审核不通过
stmt_rslt	对账结果	0	平
stmt_rslt	对账结果	1	不平
stmt_rslt	对账结果	101	中心多
stmt_rslt	对账结果	102	医药机构多
stmt_rslt	对账结果	103	数据不一致
SUPN_SUSPT_STAS	疑点状态	1	待初审
SUPN_SUSPT_STAS	疑点状态	10	待扣款
SUPN_SUSPT_STAS	疑点状态	11	已扣款
SUPN_SUSPT_STAS	疑点状态	12	放弃合议
SUPN_SUSPT_STAS	疑点状态	13	待合议
SUPN_SUSPT_STAS	疑点状态	14	合议通过
SUPN_SUSPT_STAS	疑点状态	15	合议不通过
SUPN_SUSPT_STAS	疑点状态	16	待补差
SUPN_SUSPT_STAS	疑点状态	17	已补差
SUPN_SUSPT_STAS	疑点状态	18	已关闭
SUPN_SUSPT_STAS	疑点状态	19	申请合议
SUPN_SUSPT_STAS	疑点状态	2	初审违规
SUPN_SUSPT_STAS	疑点状态	21	待终审
SUPN_SUSPT_STAS	疑点状态	22	终审正常
SUPN_SUSPT_STAS	疑点状态	23	终审违规
SUPN_SUSPT_STAS	疑点状态	3	初审正常
SUPN_SUSPT_STAS	疑点状态	4	待申诉
SUPN_SUSPT_STAS	疑点状态	5	发起申诉
SUPN_SUSPT_STAS	疑点状态	6	放弃申诉
SUPN_SUSPT_STAS	疑点状态	7	待复审
SUPN_SUSPT_STAS	疑点状态	8	复审违规
SUPN_SUSPT_STAS	疑点状态	9	复审正常
SUSPT_ADD_WAY	疑点添加方式	1	违规结果添加
SUSPT_ADD_WAY	疑点添加方式	2	人工添加
TASK_SBMT_SOUC	任务提交来源	1	PC端
TASK_SBMT_SOUC	任务提交来源	2	移动端
tcmdrug_used_way	中药使用方式	1	复方
tcmdrug_used_way	中药使用方式	2	单方
TEAM_REW_TIME_SEC	集体评审时间段	1	全天
TEAM_REW_TIME_SEC	集体评审时间段	2	上午
TEAM_REW_TIME_SEC	集体评审时间段	3	下午
traf_dept_flag	转科室标志	0	否
traf_dept_flag	转科室标志	1	是
trdn_flag	拆零标志	0	否
trdn_flag	拆零标志	1	是
TRT_APPY_SOUC	待遇申请来源	1	经办柜台
TRT_APPY_SOUC	待遇申请来源	2	线上
trt_chk_type	待遇检查类型	1	基金项检查
trt_chk_type	待遇检查类型	99	其他检查
trt_enjymnt_flag	基金款项待遇享受标志	0	否
trt_enjymnt_flag	基金款项待遇享受标志	1	是
TRT_EXIT_REA	待遇退出原因	1	就医
TRT_EXIT_REA	待遇退出原因	2	搬至其他机构
TRT_EXIT_REA	待遇退出原因	3	更换护理方式
TRT_EXIT_REA	待遇退出原因	4	离世
TRT_EXIT_REA	待遇退出原因	5	其他
TRT_FLAG	享受待遇标志	0	退出
TRT_FLAG	享受待遇标志	1	在住
trt_type	治疗类别	10	西医
trt_type	治疗类别	21	中医
trt_type	治疗类别	22	民族医
trt_type	治疗类别	30	中西医
UNDO_REA_CODG	撤销原因编码	1	死亡
UNDO_REA_CODG	撤销原因编码	2	不符合资格
UNDO_REA_CODG	撤销原因编码	3	退保
UNDO_REA_CODG	撤销原因编码	99	其他
used_frqu	使用频次	11	每天一次（qd）
used_frqu	使用频次	12	每天二次（bid）
used_frqu	使用频次	13	每天三次（tid）
used_frqu	使用频次	14	每天四次（qid）
used_frqu	使用频次	21	每周一次（qw）
used_frqu	使用频次	22	每周二次（biw）
used_frqu	使用频次	23	每周三次（tiw）
used_frqu	使用频次	31	每小时一次（qh）
used_frqu	使用频次	32	每2小时一次（q2h）
used_frqu	使用频次	33	每4小时一次（q4h）
used_frqu	使用频次	34	每5小时一次（q5h）
used_frqu	使用频次	35	每6小时一次（q6h）
used_frqu	使用频次	36	每8小时一次（q8h）
used_frqu	使用频次	37	每12小时一次（q12h）
used_frqu	使用频次	41	每晚一次（qn）
used_frqu	使用频次	42	隔天一次（qod）
used_frqu	使用频次	43	五天一次（q5d）
used_frqu	使用频次	44	十天一次（q10d）
used_frqu	使用频次	51	12小时维持
used_frqu	使用频次	52	24小时维持
used_frqu	使用频次	61	立即（st）
used_frqu	使用频次	62	必要时使用（prn）
vali_flag	有效标志	0	无效
vali_flag	有效标志	1	有效
VOLA_BHVR_TYPE	违规分类	1	就诊类
VOLA_BHVR_TYPE	违规分类	2	项目类
VOLA_FLAG	违规标志	0	正常
VOLA_FLAG	违规标志	1	违规
VOLA_FLAG	违规标志	2	不合理行为
VOLA_FLAG	违规标志	3	违约
VOLA_FLAG	违规标志	4	违法
WRIF_FLAG	冲销标志	0	否
WRIF_FLAG	冲销标志	1	是
trig_scen	触发场景	1	门诊挂号
trig_scen	触发场景	10	购药划卡
trig_scen	触发场景	2	门诊收费登记
trig_scen	触发场景	3	住院登记
trig_scen	触发场景	4	住院收费登记
trig_scen	触发场景	5	住院执行医嘱
trig_scen	触发场景	6	门诊结算
trig_scen	触发场景	7	门诊预结算
trig_scen	触发场景	8	住院结算
trig_scen	触发场景	9	住院预结算
trig_scen	触发场景	11	药店收费登记
MEDINSLV	医疗机构等级	1	一级
MEDINSLV	医疗机构等级	2	二级
MEDINSLV	医疗机构等级	3	三级
MEDINSLV	医疗机构等级	9	未定级
MEDINSLV	医疗机构等级	1	按最小制剂单位
MEDINSLV	医疗机构等级	2	按最小包装单位
MEDINS_TYPE	医疗服务机构类型	A	医院
MEDINS_TYPE	医疗服务机构类型	A1	综合医院
MEDINS_TYPE	医疗服务机构类型	A100	综合医院
MEDINS_TYPE	医疗服务机构类型	A2	中医医院
MEDINS_TYPE	医疗服务机构类型	A210	中医（综合）医院
MEDINS_TYPE	医疗服务机构类型	A220	中医专科医院
MEDINS_TYPE	医疗服务机构类型	A221	肛肠医院
MEDINS_TYPE	医疗服务机构类型	A222	骨伤医院
MEDINS_TYPE	医疗服务机构类型	A223	针炙医院
MEDINS_TYPE	医疗服务机构类型	A224	按摩医院
MEDINS_TYPE	医疗服务机构类型	A229	其他中医专科医院
MEDINS_TYPE	医疗服务机构类型	A3	中西医结合医院
MEDINS_TYPE	医疗服务机构类型	A300	中西医结合医院
MEDINS_TYPE	医疗服务机构类型	A4	民族医院
MEDINS_TYPE	医疗服务机构类型	A411	蒙医院
MEDINS_TYPE	医疗服务机构类型	A412	藏医院
MEDINS_TYPE	医疗服务机构类型	A413	维医院
MEDINS_TYPE	医疗服务机构类型	A414	傣医院
MEDINS_TYPE	医疗服务机构类型	A419	其他民族医院
MEDINS_TYPE	医疗服务机构类型	A5	专科医院
MEDINS_TYPE	医疗服务机构类型	A511	口腔医院
MEDINS_TYPE	医疗服务机构类型	A512	眼科医院
MEDINS_TYPE	医疗服务机构类型	A513	耳鼻喉科医院
MEDINS_TYPE	医疗服务机构类型	A514	肿瘤医院
MEDINS_TYPE	医疗服务机构类型	A515	心血管病医院
MEDINS_TYPE	医疗服务机构类型	A516	胸科医院
MEDINS_TYPE	医疗服务机构类型	A517	血液病医院
MEDINS_TYPE	医疗服务机构类型	A518	妇产（科）医院
MEDINS_TYPE	医疗服务机构类型	A519	儿童医院
MEDINS_TYPE	医疗服务机构类型	A520	精神病医院
MEDINS_TYPE	医疗服务机构类型	A521	传染病医院
MEDINS_TYPE	医疗服务机构类型	A522	皮肤病医院
MEDINS_TYPE	医疗服务机构类型	A523	结核病医院
MEDINS_TYPE	医疗服务机构类型	A524	麻风病医院
MEDINS_TYPE	医疗服务机构类型	A525	职业病医院
MEDINS_TYPE	医疗服务机构类型	A526	骨科医院
MEDINS_TYPE	医疗服务机构类型	A527	康复医院
MEDINS_TYPE	医疗服务机构类型	A528	整形外科医院
MEDINS_TYPE	医疗服务机构类型	A529	美容医院
MEDINS_TYPE	医疗服务机构类型	A539	其他专科医院
MEDINS_TYPE	医疗服务机构类型	A6	疗养院
MEDINS_TYPE	医疗服务机构类型	A600	疗养院
MEDINS_TYPE	医疗服务机构类型	A7	护理院（站）
MEDINS_TYPE	医疗服务机构类型	A710	护理院
MEDINS_TYPE	医疗服务机构类型	A720	护理站
MEDINS_TYPE	医疗服务机构类型	B	社区卫生服务中心(站)
MEDINS_TYPE	医疗服务机构类型	B1	社区卫生服务中心
MEDINS_TYPE	医疗服务机构类型	B100	社区卫生服务中心
MEDINS_TYPE	医疗服务机构类型	B2	社区卫生服务站
MEDINS_TYPE	医疗服务机构类型	B200	社区卫生服务站
MEDINS_TYPE	医疗服务机构类型	C	卫生院
MEDINS_TYPE	医疗服务机构类型	C2	乡镇卫生院
MEDINS_TYPE	医疗服务机构类型	C210	中心卫生院
MEDINS_TYPE	医疗服务机构类型	C220	乡卫生院
MEDINS_TYPE	医疗服务机构类型	D	门诊部、诊所、医务室、村卫生室
MEDINS_TYPE	医疗服务机构类型	D1	门诊部
MEDINS_TYPE	医疗服务机构类型	D110	综合门诊部
MEDINS_TYPE	医疗服务机构类型	D120	中医门诊部
MEDINS_TYPE	医疗服务机构类型	D121	中医（综合）门诊部
MEDINS_TYPE	医疗服务机构类型	D122	中医专科门诊部
MEDINS_TYPE	医疗服务机构类型	D130	中西医结合门诊部
MEDINS_TYPE	医疗服务机构类型	D140	民族医门诊部
MEDINS_TYPE	医疗服务机构类型	D150	专科门诊部
MEDINS_TYPE	医疗服务机构类型	D151	普通专科门诊部
MEDINS_TYPE	医疗服务机构类型	D152	口腔门诊部
MEDINS_TYPE	医疗服务机构类型	D153	眼科门诊部
MEDINS_TYPE	医疗服务机构类型	D154	医疗美容门诊部
MEDINS_TYPE	医疗服务机构类型	D155	精神卫生门诊部
MEDINS_TYPE	医疗服务机构类型	D159	其他专科门诊部
MEDINS_TYPE	医疗服务机构类型	D2	诊所
MEDINS_TYPE	医疗服务机构类型	D211	普通诊所
MEDINS_TYPE	医疗服务机构类型	D212	中医诊所
MEDINS_TYPE	医疗服务机构类型	D213	中西医结合诊所
MEDINS_TYPE	医疗服务机构类型	D214	民族医诊所
MEDINS_TYPE	医疗服务机构类型	D215	口腔诊所
MEDINS_TYPE	医疗服务机构类型	D216	医疗美容诊所
MEDINS_TYPE	医疗服务机构类型	D217	精神卫生诊所
MEDINS_TYPE	医疗服务机构类型	D229	其他诊所
MEDINS_TYPE	医疗服务机构类型	D3	卫生所（室）
MEDINS_TYPE	医疗服务机构类型	D300	卫生所（室）
MEDINS_TYPE	医疗服务机构类型	D4	医务室
MEDINS_TYPE	医疗服务机构类型	D400	医务室
MEDINS_TYPE	医疗服务机构类型	D5	中小学卫生保健所
MEDINS_TYPE	医疗服务机构类型	D500	中小学卫生保健所
MEDINS_TYPE	医疗服务机构类型	D6	村卫生室
MEDINS_TYPE	医疗服务机构类型	D600	村卫生室
MEDINS_TYPE	医疗服务机构类型	E	急救中心（站）
MEDINS_TYPE	医疗服务机构类型	E1	急救中心
MEDINS_TYPE	医疗服务机构类型	E100	急救中心
MEDINS_TYPE	医疗服务机构类型	E2	急救中心站
MEDINS_TYPE	医疗服务机构类型	E200	急救中心站
MEDINS_TYPE	医疗服务机构类型	E3	急救站
MEDINS_TYPE	医疗服务机构类型	E300	急救站
MEDINS_TYPE	医疗服务机构类型	F	采供血机构
MEDINS_TYPE	医疗服务机构类型	F1	血站
MEDINS_TYPE	医疗服务机构类型	F110	血液中心
MEDINS_TYPE	医疗服务机构类型	F120	中心血站
MEDINS_TYPE	医疗服务机构类型	F130	基层血站、中心血库
MEDINS_TYPE	医疗服务机构类型	F2	单采血浆站
MEDINS_TYPE	医疗服务机构类型	F200	单采血浆站
MEDINS_TYPE	医疗服务机构类型	G	妇幼保健院（所、站）
MEDINS_TYPE	医疗服务机构类型	G1	妇幼保健院
MEDINS_TYPE	医疗服务机构类型	G100	妇幼保健院
MEDINS_TYPE	医疗服务机构类型	G2	妇幼保健所
MEDINS_TYPE	医疗服务机构类型	G200	妇幼保健所
MEDINS_TYPE	医疗服务机构类型	G3	妇幼保健站
MEDINS_TYPE	医疗服务机构类型	G300	妇幼保健站
MEDINS_TYPE	医疗服务机构类型	G4	生殖保健中心
MEDINS_TYPE	医疗服务机构类型	G400	生殖保健中心
MEDINS_TYPE	医疗服务机构类型	H	专科疾病防治院（所、站）
MEDINS_TYPE	医疗服务机构类型	H1	专科疾病防治院
MEDINS_TYPE	医疗服务机构类型	H111	传染病防治院
MEDINS_TYPE	医疗服务机构类型	H112	结核病防治院
MEDINS_TYPE	医疗服务机构类型	H113	职业病防治院
MEDINS_TYPE	医疗服务机构类型	H119	其他专科疾病防治院
MEDINS_TYPE	医疗服务机构类型	H2	专科疾病防治所（站、中心）
MEDINS_TYPE	医疗服务机构类型	H211	口腔病防治所（站、中心）
MEDINS_TYPE	医疗服务机构类型	H212	精神病防治所（站、中心）
MEDINS_TYPE	医疗服务机构类型	H213	皮肤病防治所（站、中心）
MEDINS_TYPE	医疗服务机构类型	H214	结核病防治所（站、中心）
MEDINS_TYPE	医疗服务机构类型	H215	麻风病防治所（站、中心）
MEDINS_TYPE	医疗服务机构类型	H216	职业病防治所（站、中心）
MEDINS_TYPE	医疗服务机构类型	H217	寄生虫病防治所（站、中心）
MEDINS_TYPE	医疗服务机构类型	H218	地方病防治所（站，中心）
MEDINS_TYPE	医疗服务机构类型	H219	血吸虫病防治所（站、中心）
MEDINS_TYPE	医疗服务机构类型	H220	药物戒毒所（中心）
MEDINS_TYPE	医疗服务机构类型	H229	其他专科疾病防治所（站、中心）
MEDINS_TYPE	医疗服务机构类型	J	疾病预防控制中心（防疫站）
MEDINS_TYPE	医疗服务机构类型	J1	疾病预防控制中心
MEDINS_TYPE	医疗服务机构类型	J100	疾病预防控制中心
MEDINS_TYPE	医疗服务机构类型	J2	卫生防疫站
MEDINS_TYPE	医疗服务机构类型	J200	卫生防疫站
MEDINS_TYPE	医疗服务机构类型	J3	卫生防病中心
MEDINS_TYPE	医疗服务机构类型	J300	卫生防病中心
MEDINS_TYPE	医疗服务机构类型	J4	预防保健中心
MEDINS_TYPE	医疗服务机构类型	J400	预防保健中心
MEDINS_TYPE	医疗服务机构类型	K	卫生监督所（局）
MEDINS_TYPE	医疗服务机构类型	K1	卫生监督所（局）
MEDINS_TYPE	医疗服务机构类型	K100	卫生监督所（局）
MEDINS_TYPE	医疗服务机构类型	L	卫生监督检验（监测、检测）所（站）
MEDINS_TYPE	医疗服务机构类型	L1	卫生（综合）监督检验（监测，检测）所（站）
MEDINS_TYPE	医疗服务机构类型	L100	卫生（综合）监督检验（监测，检测）所（站）
MEDINS_TYPE	医疗服务机构类型	L2	环境卫生监督检验（监测、检测）所（站）
MEDINS_TYPE	医疗服务机构类型	L200	环境卫生监督检验（监测、检测）所（站）
MEDINS_TYPE	医疗服务机构类型	L3	放射卫生监督检验（监测、检测）所（站）
MEDINS_TYPE	医疗服务机构类型	L300	放射卫生监督检验（监测、检测）所（站）
MEDINS_TYPE	医疗服务机构类型	L4	劳动（职业、工业）卫生监督检验（监测、检测）所（站）
MEDINS_TYPE	医疗服务机构类型	L400	劳动（职业、工业）卫生监督检验（监测、检测）所（站）
MEDINS_TYPE	医疗服务机构类型	L5	食品卫生监督检验（监测、检测）所（站）
MEDINS_TYPE	医疗服务机构类型	L500	食品卫生监督检验（监测、检测）所（站）
MEDINS_TYPE	医疗服务机构类型	L6	学校卫生监督检验（监测、检测）所（站）
MEDINS_TYPE	医疗服务机构类型	L600	学校卫生监督检验（监测、检测）所（站）
MEDINS_TYPE	医疗服务机构类型	L9	其他卫生监督检验（监测，检测）所（站）
MEDINS_TYPE	医疗服务机构类型	L900	其他卫生监督检验（监测，检测）所（站）
MEDINS_TYPE	医疗服务机构类型	M	医学科学研究机构
MEDINS_TYPE	医疗服务机构类型	M1	医学科学（研究）院（所）
MEDINS_TYPE	医疗服务机构类型	M100	医学科学（研究）院（所）
MEDINS_TYPE	医疗服务机构类型	M2	预防医学研究院（所）
MEDINS_TYPE	医疗服务机构类型	M200	预防医学研究院（所）
MEDINS_TYPE	医疗服务机构类型	M3	中医（药）研究院（所）
MEDINS_TYPE	医疗服务机构类型	M300	中医（药）研究院（所）
MEDINS_TYPE	医疗服务机构类型	M4	中西医结合研究所
MEDINS_TYPE	医疗服务机构类型	M400	中西医结合研究所
MEDINS_TYPE	医疗服务机构类型	M5	民族医（药）学研究所
MEDINS_TYPE	医疗服务机构类型	M500	民族医（药）学研究所
MEDINS_TYPE	医疗服务机构类型	M6	医学专科研究所
MEDINS_TYPE	医疗服务机构类型	M611	基础医学研究所
MEDINS_TYPE	医疗服务机构类型	M612	病毒学研究所
MEDINS_TYPE	医疗服务机构类型	M613	老年医学研究所
MEDINS_TYPE	医疗服务机构类型	M614	肿瘤（防治）研究所
MEDINS_TYPE	医疗服务机构类型	M615	心血管病研究所
MEDINS_TYPE	医疗服务机构类型	M616	血液学研究所
MEDINS_TYPE	医疗服务机构类型	M617	整形外科研究所
MEDINS_TYPE	医疗服务机构类型	M618	特种卫生研究所
MEDINS_TYPE	医疗服务机构类型	M619	放射医学研究所
MEDINS_TYPE	医疗服务机构类型	M620	医学生物学研究所
MEDINS_TYPE	医疗服务机构类型	M621	生物医学工程研究所
MEDINS_TYPE	医疗服务机构类型	M622	实验动物研究所
MEDINS_TYPE	医疗服务机构类型	M623	结核病防治研究所
MEDINS_TYPE	医疗服务机构类型	M624	皮肤病与性病防治研究所
MEDINS_TYPE	医疗服务机构类型	M625	寄生虫病防治研究所
MEDINS_TYPE	医疗服务机构类型	M626	地方病防治研究所
MEDINS_TYPE	医疗服务机构类型	M627	血吸虫病防治研究所
MEDINS_TYPE	医疗服务机构类型	M628	流行病学研究所
MEDINS_TYPE	医疗服务机构类型	M629	医学微生物学研究所
MEDINS_TYPE	医疗服务机构类型	M630	环境卫生研究所
MEDINS_TYPE	医疗服务机构类型	M631	劳动卫生（职业病）研究所
MEDINS_TYPE	医疗服务机构类型	M632	营养与食品卫生研究所
MEDINS_TYPE	医疗服务机构类型	M633	儿少卫生研究所
MEDINS_TYPE	医疗服务机构类型	M634	医学信息研究所
MEDINS_TYPE	医疗服务机构类型	M649	其他医学专科研究所
MEDINS_TYPE	医疗服务机构类型	M7	药学研究所
MEDINS_TYPE	医疗服务机构类型	M700	药学研究所
MEDINS_TYPE	医疗服务机构类型	N	医学教育机构
MEDINS_TYPE	医疗服务机构类型	N1	医学普通高中等学校
MEDINS_TYPE	医疗服务机构类型	N110	医学普通高等学校
MEDINS_TYPE	医疗服务机构类型	N111	医学院
MEDINS_TYPE	医疗服务机构类型	N112	中医（药）学院
MEDINS_TYPE	医疗服务机构类型	N113	民族医（药）学院
MEDINS_TYPE	医疗服务机构类型	N119	其他医学普通高等学校
MEDINS_TYPE	医疗服务机构类型	N120	医学普通中等专业学校
MEDINS_TYPE	医疗服务机构类型	N121	卫生学校
MEDINS_TYPE	医疗服务机构类型	N122	中医（药）学校
MEDINS_TYPE	医疗服务机构类型	N123	民族医（药）学校
MEDINS_TYPE	医疗服务机构类型	N124	护士学校
MEDINS_TYPE	医疗服务机构类型	N129	其他医学普通中等专业学校
MEDINS_TYPE	医疗服务机构类型	N2	医学成人学校
MEDINS_TYPE	医疗服务机构类型	N210	医学成人高等学校
MEDINS_TYPE	医疗服务机构类型	N211	职工医学院
MEDINS_TYPE	医疗服务机构类型	N212	卫生管理干部学院
MEDINS_TYPE	医疗服务机构类型	N219	其他医学成人高等学校
MEDINS_TYPE	医疗服务机构类型	N220	医学成人中等学校
MEDINS_TYPE	医疗服务机构类型	N221	卫生职业（工）中等专业学校
MEDINS_TYPE	医疗服务机构类型	N222	中医（药）职业中等专业学校
MEDINS_TYPE	医疗服务机构类型	N223	卫生进修学校
MEDINS_TYPE	医疗服务机构类型	N229	其他医学成人中等学校
MEDINS_TYPE	医疗服务机构类型	N3	医学在职培训机构
MEDINS_TYPE	医疗服务机构类型	N300	医学在职培训机构
MEDINS_TYPE	医疗服务机构类型	O	健康教育所（站、中心）
MEDINS_TYPE	医疗服务机构类型	O1	健康教育所
MEDINS_TYPE	医疗服务机构类型	O100	健康教育所
MEDINS_TYPE	医疗服务机构类型	O2	健康教育站（中心）
MEDINS_TYPE	医疗服务机构类型	O200	健康教育站（中心）
MEDINS_TYPE	医疗服务机构类型	P	其他卫生机构
MEDINS_TYPE	医疗服务机构类型	P1	临床检验中心（所、站）
MEDINS_TYPE	医疗服务机构类型	P110	临床检验中心
MEDINS_TYPE	医疗服务机构类型	P120	临床检验所（站）
MEDINS_TYPE	医疗服务机构类型	P2	卫生新闻出版杜
MEDINS_TYPE	医疗服务机构类型	P210	卫生图书出版社
MEDINS_TYPE	医疗服务机构类型	P220	卫生报纸出版社
MEDINS_TYPE	医疗服务机构类型	P230	卫生杂志社
MEDINS_TYPE	医疗服务机构类型	P290	其他卫生新闻出版社
MEDINS_TYPE	医疗服务机构类型	P9	其他卫生事业机构
MEDINS_TYPE	医疗服务机构类型	P911	精神病收容所
MEDINS_TYPE	医疗服务机构类型	P912	麻风村
MEDINS_TYPE	医疗服务机构类型	P913	卫生消毒站
MEDINS_TYPE	医疗服务机构类型	P914	乡防保组
MEDINS_TYPE	医疗服务机构类型	P915	农村改水中心
MEDINS_TYPE	医疗服务机构类型	P916	计划生育技术服务中心（站）
MEDINS_TYPE	医疗服务机构类型	P917	卫生机关服务中心
MEDINS_TYPE	医疗服务机构类型	P918	卫生统计信息中心
MEDINS_TYPE	医疗服务机构类型	P919	医学考试中心
MEDINS_TYPE	医疗服务机构类型	P920	卫生人才交流中心
MEDINS_TYPE	医疗服务机构类型	P921	医学科技交流中心
MEDINS_TYPE	医疗服务机构类型	P939	其他
MEDINS_TYPE	医疗服务机构类型	Q	卫生社会团体
MEDINS_TYPE	医疗服务机构类型	Q1	红十字会
MEDINS_TYPE	医疗服务机构类型	Q100	红十字会
MEDINS_TYPE	医疗服务机构类型	Q2	医学会
MEDINS_TYPE	医疗服务机构类型	Q200	医学会
MEDINS_TYPE	医疗服务机构类型	Q3	卫生协会
MEDINS_TYPE	医疗服务机构类型	Q300	卫生协会
MEDINS_TYPE	医疗服务机构类型	Q311	输血协会
MEDINS_TYPE	医疗服务机构类型	Q312	医师协会
MEDINS_TYPE	医疗服务机构类型	Q339	其他卫生协会
MEDINS_TYPE	医疗服务机构类型	Q9	其他卫生社会团体
MEDINS_TYPE	医疗服务机构类型	Q900	其他卫生社会团体
DR_PRO_TECH_DUTY	医师专业技术职务	1	医士
DR_PRO_TECH_DUTY	医师专业技术职务	2	医师/住院医师
DR_PRO_TECH_DUTY	医师专业技术职务	3	主治医师
DR_PRO_TECH_DUTY	医师专业技术职务	4	副主任医师
DR_PRO_TECH_DUTY	医师专业技术职务	5	主任医师
DR_PRO_TECH_DUTY	医师专业技术职务	6	无
DR_PRO_TECH_DUTY	医师专业技术职务	9	其他
MAIN_OPRN_FLAG	主手术操作标志	0	否
MAIN_OPRN_FLAG	主手术操作标志	1	是
VOLA_AMT_STAS	违规金额状态	0	异常
VOLA_AMT_STAS	违规金额状态	1	正常
VOLA_ITEM_TYPE	违规项目类型	1	违规项
VOLA_ITEM_TYPE	违规项目类型	2	涉及项
HILIST_TYPE	目录类别	1	药品
HILIST_TYPE	目录类别	2	诊疗项目
HILIST_TYPE	目录类别	3	服务设施
HILIST_TYPE	目录类别	4	医用材料
matn_stas	生育状态	0	未知
matn_stas	生育状态	1	非妊娠期或哺乳期
matn_stas	生育状态	2	近期有生育计划
matn_stas	生育状态	3	妊娠期
matn_stas	生育状态	4	哺乳期
NODE_CODE	环节代码	1	初审
NODE_CODE	环节代码	11	案件登记
NODE_CODE	环节代码	12	案件调查
NODE_CODE	环节代码	13	案件审核
NODE_CODE	环节代码	14	案件申诉
NODE_CODE	环节代码	15	案件合议
NODE_CODE	环节代码	16	案件处理
NODE_CODE	环节代码	17	案件结案
NODE_CODE	环节代码	2	申诉
NODE_CODE	环节代码	3	复审
NODE_CODE	环节代码	4	扣款
NODE_CODE	环节代码	5	合议
NODE_CODE	环节代码	6	补差
NODE_CODE	环节代码	7	关闭
NODE_CODE	环节代码	8	终审
HI_SETL_LV	医保结算等级	1	一级
HI_SETL_LV	医保结算等级	2	二级
HI_SETL_LV	医保结算等级	3	三级
HI_SETL_LV	医保结算等级	99	未定级
MIND_STAS	心理状态	1	紧张
MIND_STAS	心理状态	2	抑郁
MIND_STAS	心理状态	3	焦虑
MIND_STAS	心理状态	9	其他
SELF_NURSCARE_ABLT	自理能力	1	完全自理
SELF_NURSCARE_ABLT	自理能力	2	部分自理
SELF_NURSCARE_ABLT	自理能力	3	不能自理
SMOK_INFO	吸烟状况	1	从不吸烟
SMOK_INFO	吸烟状况	2	过去吸,已戒烟
SMOK_INFO	吸烟状况	3	吸烟
blotype_abo	血型	1	A型
blotype_abo	血型	2	B型
blotype_abo	血型	3	O型
blotype_abo	血型	4	AB型
blotype_abo	血型	5	不详
blotype_abo	血型	6	未查
sinc_heal_lv_code	手术切口愈合等级代码	0	0类切口
sinc_heal_lv_code	手术切口愈合等级代码	1	切口等级Ⅰ/愈合类型甲
sinc_heal_lv_code	手术切口愈合等级代码	2	切口等级Ⅰ/愈合类型乙
sinc_heal_lv_code	手术切口愈合等级代码	3	切口等级Ⅰ/愈合类型丙
sinc_heal_lv_code	手术切口愈合等级代码	4	切口等级Ⅱ/愈合类型甲
sinc_heal_lv_code	手术切口愈合等级代码	5	切口等级Ⅱ/愈合类型乙
sinc_heal_lv_code	手术切口愈合等级代码	6	切口等级Ⅱ/愈合类型丙
sinc_heal_lv_code	手术切口愈合等级代码	7	切口等级Ⅲ/愈合类型甲
sinc_heal_lv_code	手术切口愈合等级代码	8	切口等级Ⅲ/愈合类型乙
sinc_heal_lv_code	手术切口愈合等级代码	9	切口等级Ⅲ/愈合类型丙
sinc_heal_lv_code	手术切口愈合等级代码	10	切口等级Ⅰ/其他
sinc_heal_lv_code	手术切口愈合等级代码	11	切口等级Ⅱ/其他
sinc_heal_lv_code	手术切口愈合等级代码	12	切口等级Ⅲ/其他
sinc_heal_lv_code	手术切口愈合等级代码	99	其他切口类型
oprn_lv_code	手术级别代码	1	一级手术
oprn_lv_code	手术级别代码	2	二级手术
oprn_lv_code	手术级别代码	3	三级手术
oprn_lv_code	手术级别代码	4	四级手术
oprn_lv_code	手术级别代码	5	其他等级
ANST_LV_CODE	麻醉分级代码	1	正常的患者
ANST_LV_CODE	麻醉分级代码	2	患者有轻微的临床症状
ANST_LV_CODE	麻醉分级代码	3	患者有明显的系统临床症状
ANST_LV_CODE	麻醉分级代码	4	患者有明显的系统临床症状，且危及生命
ANST_LV_CODE	麻醉分级代码	5	如果不手术患者将不能存活
ANST_LV_CODE	麻醉分级代码	6	脑死亡的患者
ANST_MTD_CODE	麻醉-方法代码	1	全身麻醉
ANST_MTD_CODE	麻醉-方法代码	11	吸入麻醉
ANST_MTD_CODE	麻醉-方法代码	12	静脉麻醉
ANST_MTD_CODE	麻醉-方法代码	13	基础麻醉
ANST_MTD_CODE	麻醉-方法代码	2	椎管内麻醉
ANST_MTD_CODE	麻醉-方法代码	21	蛛网膜下腔阻滞麻醉
ANST_MTD_CODE	麻醉-方法代码	22	硬脊膜外腔阻滞麻醉
ANST_MTD_CODE	麻醉-方法代码	3	局部麻醉
ANST_MTD_CODE	麻醉-方法代码	31	神经丛阻滞麻醉
ANST_MTD_CODE	麻醉-方法代码	32	神经节阻滞麻醉
ANST_MTD_CODE	麻醉-方法代码	33	神经阻滞麻醉
ANST_MTD_CODE	麻醉-方法代码	34	区域阻滞麻醉
ANST_MTD_CODE	麻醉-方法代码	35	局部浸润麻醉
ANST_MTD_CODE	麻醉-方法代码	36	表面麻醉
ANST_MTD_CODE	麻醉-方法代码	4	复合麻醉
ANST_MTD_CODE	麻醉-方法代码	41	静吸复合全麻
ANST_MTD_CODE	麻醉-方法代码	42	针药复合麻醉
ANST_MTD_CODE	麻醉-方法代码	43	神经丛与硬膜外阻滞复合麻醉
ANST_MTD_CODE	麻醉-方法代码	44	全麻复合全身降温
ANST_MTD_CODE	麻醉-方法代码	45	全麻复合控制性降压
ANST_MTD_CODE	麻醉-方法代码	9	其他麻醉方法
rx_type_code	处方类别代码	1	门诊西药
rx_type_code	处方类别代码	2	门诊中药饮片
rx_type_code	处方类别代码	3	急诊西药
rx_type_code	处方类别代码	4	急诊中药饮片
rx_type_code	处方类别代码	5	儿科西药
rx_type_code	处方类别代码	6	儿科中药饮片
rx_type_code	处方类别代码	7	麻、精一
rx_type_code	处方类别代码	8	精二
rx_type_code	处方类别代码	9	中药饮片
rx_type_code	处方类别代码	10	中成药
rx_type_code	处方类别代码	99	其他
drug_medc_way_code	药物使用途径代码	1	口服
drug_medc_way_code	药物使用途径代码	2	直肠给药
drug_medc_way_code	药物使用途径代码	3	舌下给药
drug_medc_way_code	药物使用途径代码	4	注射给药
drug_medc_way_code	药物使用途径代码	401	批下注射
drug_medc_way_code	药物使用途径代码	402	皮内注射
drug_medc_way_code	药物使用途径代码	403	肌肉注射
drug_medc_way_code	药物使用途径代码	404	静脉注射或静脉滴注
drug_medc_way_code	药物使用途径代码	5	吸入给药
drug_medc_way_code	药物使用途径代码	6	局部用药
drug_medc_way_code	药物使用途径代码	601	椎管内用药
drug_medc_way_code	药物使用途径代码	602	关节腔内用药
drug_medc_way_code	药物使用途径代码	603	胸膜腔用药
drug_medc_way_code	药物使用途径代码	604	腹腔用药
drug_medc_way_code	药物使用途径代码	605	阴道用药
drug_medc_way_code	药物使用途径代码	606	气管内用药
drug_medc_way_code	药物使用途径代码	607	滴眼
drug_medc_way_code	药物使用途径代码	608	滴鼻
drug_medc_way_code	药物使用途径代码	609	喷喉
drug_medc_way_code	药物使用途径代码	610	含化
drug_medc_way_code	药物使用途径代码	611	敷伤口
drug_medc_way_code	药物使用途径代码	612	擦皮肤
drug_medc_way_code	药物使用途径代码	699	其他局部给药途径
drug_medc_way_code	药物使用途径代码	9	其他给药途径
IMG_EXAM_TYPE	影像检查类型	1	X线成像
IMG_EXAM_TYPE	影像检查类型	2	计算机断层成像(CT)
IMG_EXAM_TYPE	影像检查类型	3	磁共振成像(MRI)
IMG_EXAM_TYPE	影像检查类型	4	超声成像(US)
IMG_EXAM_TYPE	影像检查类型	5	核医学成像(ECT)
FILE_TYPE	文件类别	01	文本
FILE_TYPE	文件类别	02	图片
FILE_TYPE	文件类别	03	视频
FILE_TYPE	文件类别	04	音频
FILE_TYPE	文件类别	05	其他
mdtrt_grp_type	就诊人群类型	1	新冠肺炎患者
mdtrt_grp_type	就诊人群类型	2	其他国家突发公共事件
trum_flag	外伤标志	0	否
trum_flag	外伤标志	1	是
otp_er_refl_flag	门诊急诊转诊标志	1	急诊
otp_er_refl_flag	门诊急诊转诊标志	2	转诊
otp_er_refl_flag	门诊急诊转诊标志	3	转诊合并急诊
ipt_type	住院类型	1	普通住院
ipt_type	住院类型	2	急诊或抢救住院
ipt_type	住院类型	3	转院住院
rel_ttp_flag	涉及第三方标志	0	否
rel_ttp_flag	涉及第三方标志	1	是
