cv_code	cv_name	val_code	val_name	remark	part_no	part_name
CV03.00.101	吸烟状态代码表	1	现在每天吸		5	健康危险因素
CV03.00.101	吸烟状态代码表	2	现在吸，但不是每天吸		5	健康危险因素
CV03.00.101	吸烟状态代码表	3	过去吸，现在不吸		5	健康危险因素
CV03.00.101	吸烟状态代码表	4	从不吸		5	健康危险因素
CV03.00.102	被动吸烟场所类别代码表	1	家里		5	健康危险因素
CV03.00.102	被动吸烟场所类别代码表	2	工作场所		5	健康危险因素
CV03.00.102	被动吸烟场所类别代码表	3	餐厅		5	健康危险因素
CV03.00.102	被动吸烟场所类别代码表	4	娱乐场所		5	健康危险因素
CV03.00.102	被动吸烟场所类别代码表	5	公共交通工具及其等候室		5	健康危险因素
CV03.00.102	被动吸烟场所类别代码表	9	其他		5	健康危险因素
CV03.00.103	吸食烟草种类代码表	01	机制卷烟		5	健康危险因素
CV03.00.103	吸食烟草种类代码表	02	手卷烟		5	健康危险因素
CV03.00.103	吸食烟草种类代码表	03	旱烟		5	健康危险因素
CV03.00.103	吸食烟草种类代码表	04	烟斗		5	健康危险因素
CV03.00.103	吸食烟草种类代码表	05	水烟		5	健康危险因素
CV03.00.103	吸食烟草种类代码表	06	雪茄		5	健康危险因素
CV03.00.103	吸食烟草种类代码表	07	非燃烧型烟草		5	健康危险因素
CV03.00.103	吸食烟草种类代码表	08	电子烟		5	健康危险因素
CV03.00.103	吸食烟草种类代码表	99	其他		5	健康危险因素
CV03.00.104	饮酒频率代码表	1	从不		5	健康危险因素
CV03.00.104	饮酒频率代码表	2	偶尔		5	健康危险因素
CV03.00.104	饮酒频率代码表	21	1d/月~3d/月		5	健康危险因素
CV03.00.104	饮酒频率代码表	22	少于1d/月		5	健康危险因素
CV03.00.104	饮酒频率代码表	3	经常		5	健康危险因素
CV03.00.104	饮酒频率代码表	31	5d/周~6d/周		5	健康危险因素
CV03.00.104	饮酒频率代码表	32	3d/周~4d/周		5	健康危险因素
CV03.00.104	饮酒频率代码表	33	1d/周~2d/周		5	健康危险因素
CV03.00.104	饮酒频率代码表	4	每天		5	健康危险因素
CV03.00.105	饮酒种类代码表	1	发酵酒		5	健康危险因素
CV03.00.105	饮酒种类代码表	101	啤酒		5	健康危险因素
CV03.00.105	饮酒种类代码表	102	黄酒		5	健康危险因素
CV03.00.105	饮酒种类代码表	103	葡萄酒		5	健康危险因素
CV03.00.105	饮酒种类代码表	104	果酒		5	健康危险因素
CV03.00.105	饮酒种类代码表	105	奶酒（发酵型）		5	健康危险因素
CV03.00.105	饮酒种类代码表	109	其他发酵酒		5	健康危险因素
CV03.00.105	饮酒种类代码表	2	蒸馏酒		5	健康危险因素
CV03.00.105	饮酒种类代码表	201	白酒		5	健康危险因素
CV03.00.105	饮酒种类代码表	202	白兰地		5	健康危险因素
CV03.00.105	饮酒种类代码表	203	威士忌		5	健康危险因素
CV03.00.105	饮酒种类代码表	204	伏特加		5	健康危险因素
CV03.00.105	饮酒种类代码表	205	金酒		5	健康危险因素
CV03.00.105	饮酒种类代码表	206	朗姆酒		5	健康危险因素
CV03.00.105	饮酒种类代码表	207	龙舌兰酒		5	健康危险因素
CV03.00.105	饮酒种类代码表	208	奶酒（蒸馏型）		5	健康危险因素
CV03.00.105	饮酒种类代码表	209	水果蒸馏酒		5	健康危险因素
CV03.00.105	饮酒种类代码表	299	其他蒸馏酒		5	健康危险因素
CV03.00.105	饮酒种类代码表	3	配置酒		5	健康危险因素
CV03.00.105	饮酒种类代码表	4	露酒		5	健康危险因素
CV03.00.105	饮酒种类代码表	9	其他		5	健康危险因素
CV03.00.106	饮食种类代码表	01	谷类	米、面等	5	健康危险因素
CV03.00.106	饮食种类代码表	02	杂粮	小米、玉米、高粱等	5	健康危险因素
CV03.00.106	饮食种类代码表	03	薯类	红薯、山药、芋头、土豆等	5	健康危险因素
CV03.00.106	饮食种类代码表	04	蛋类		5	健康危险因素
CV03.00.106	饮食种类代码表	05	鱼虾类		5	健康危险因素
CV03.00.106	饮食种类代码表	06	畜肉类		5	健康危险因素
CV03.00.106	饮食种类代码表	07	禽肉类		5	健康危险因素
CV03.00.106	饮食种类代码表	08	奶类及其制品		5	健康危险因素
CV03.00.106	饮食种类代码表	09	豆类及其制品		5	健康危险因素
CV03.00.106	饮食种类代码表	10	蔬菜		5	健康危险因素
CV03.00.106	饮食种类代码表	11	水果		5	健康危险因素
CV03.00.107	饮食习惯代码表	1	荤素均衡		5	健康危险因素
CV03.00.107	饮食习惯代码表	2	荤食为主		5	健康危险因素
CV03.00.107	饮食习惯代码表	3	素食为主		5	健康危险因素
CV03.00.107	饮食习惯代码表	4	嗜盐		5	健康危险因素
CV03.00.107	饮食习惯代码表	5	嗜油		5	健康危险因素
CV03.00.107	饮食习惯代码表	6	嗜糖		5	健康危险因素
CV03.00.108	饮食频率分类代表	1	次数/天		5	健康危险因素
CV03.00.108	饮食频率分类代表	2	次数/周		5	健康危险因素
CV03.00.108	饮食频率分类代表	3	次数/月		5	健康危险因素
CV03.00.108	饮食频率分类代表	4	次数/年		5	健康危险因素
CV03.00.108	饮食频率分类代表	5	不食用		5	健康危险因素
CV03.00.109	每天食用的食物食用频率代码表	1	3次以上		5	健康危险因素
CV03.00.109	每天食用的食物食用频率代码表	2	3次		5	健康危险因素
CV03.00.109	每天食用的食物食用频率代码表	3	2次		5	健康危险因素
CV03.00.109	每天食用的食物食用频率代码表	4	1次		5	健康危险因素
CV03.00.110	每年食用的食物食用频率代码表	1	10次~11次		5	健康危险因素
CV03.00.110	每年食用的食物食用频率代码表	2	7次~9次		5	健康危险因素
CV03.00.110	每年食用的食物食用频率代码表	3	4次~6次		5	健康危险因素
CV03.00.110	每年食用的食物食用频率代码表	4	1次~3次		5	健康危险因素
CV03.00.111	身体活动频率代码表	1	每天		5	健康危险因素
CV03.00.111	身体活动频率代码表	2	每周一次以上		5	健康危险因素
CV03.00.111	身体活动频率代码表	21	5次/周~6次/周		5	健康危险因素
CV03.00.111	身体活动频率代码表	22	3次/周~4次/周		5	健康危险因素
CV03.00.111	身体活动频率代码表	23	1次/周~2次/周		5	健康危险因素
CV03.00.111	身体活动频率代码表	3	偶尔		5	健康危险因素
CV03.00.111	身体活动频率代码表	31	1次/月~3次/月		5	健康危险因素
CV03.00.111	身体活动频率代码表	32	少于1次/月		5	健康危险因素
CV03.00.111	身体活动频率代码表	4	不运动		5	健康危险因素
CV03.00.112	患重性精神疾病对家庭社会的影响代码表	1	无		5	健康危险因素
CV03.00.112	患重性精神疾病对家庭社会的影响代码表	2	轻度滋事	公安机关出警但仅作一般教育等处理的案情，例如患者打、骂他人或者扰乱秩 序，但没有造成生命财产损害	5	健康危险因素
CV03.00.112	患重性精神疾病对家庭社会的影响代码表	3	肇事	患者的行为触犯了我国《治安管理处罚法》但未触犯《刑法》，例如患者有行 凶伤人毁物等，但未导致被害人轻、重伤	5	健康危险因素
CV03.00.112	患重性精神疾病对家庭社会的影响代码表	4	肇祸	患者的行为触犯了《刑法》，属于犯罪行为	5	健康危险因素
CV03.00.112	患重性精神疾病对家庭社会的影响代码表	5	自伤		5	健康危险因素
CV03.00.112	患重性精神疾病对家庭社会的影响代码表	6	自杀未遂		5	健康危险因素
CV03.00.112	患重性精神疾病对家庭社会的影响代码表	9	其他		5	健康危险因素
CV03.00.113	艾滋病接触史代码表	01	注射毒品史	包括静脉或肌肉等注射毒品，特别是有过共用注射器经历的，不包括单纯口吸、 鼻吸等不刺破皮肤、黏膜的吸毒方式	5	健康危险因素
CV03.00.113	艾滋病接触史代码表	02	非婚异性性接触史	与未建立婚姻关系的异性性伴侣发生性接触的经历，不包含固定的同居异性	5	健康危险因素
CV03.00.113	艾滋病接触史代码表	03	配偶、固定性伴阳性	配偶、固定性伴已被确认为艾滋病病毒抗体阳性	5	健康危险因素
CV03.00.113	艾滋病接触史代码表	04	男男性行为史	有男性间无保护的肛交或口交经历	5	健康危险因素
CV03.00.113	艾滋病接触史代码表	05	献血浆史	献过血、血浆等	5	健康危险因素
CV03.00.113	艾滋病接触史代码表	06	输血、血制品史	输受过全血、成份血、血浆、血制品等	5	健康危险因素
CV03.00.113	艾滋病接触史代码表	07	母亲阳性	母亲已被确认为艾滋病病毒抗体阳性	5	健康危险因素
CV03.00.113	艾滋病接触史代码表	08	职业暴露史	指实验室、医护、预防保健、警务人员等有关人员，在从事艾滋病防治工作及 相关工作的过程中意外被艾滋病毒感染者或艾滋病患者的血液、体液污染了破 损的皮肤或非胃肠道黏膜，或被含有艾滋病病毒的血液、体液污染了的针头及 其他锐器刺破皮肤，而具有被艾滋病病毒感染的可能性的情况	5	健康危险因素
CV03.00.113	艾滋病接触史代码表	09	手术史	包括口腔、内窥镜等所有侵入性操作和各类手术	5	健康危险因素
CV03.00.113	艾滋病接触史代码表	98	不详		5	健康危险因素
CV03.00.113	艾滋病接触史代码表	99	其他	上述未列举，但可能造成艾滋病病毒传播的接触史。如在此选项前打√，应在 后面空白处进行说明	5	健康危险因素
CV03.00.114	每日饮水量代码表	1	200mL以下	每日不包括一日三餐中的汤水、牛奶等的饮水累计量在200mL以下	5	健康危险因素
CV03.00.114	每日饮水量代码表	2	200mL~500mL	每日不包括一日三餐中的汤水、牛奶等的饮水累计量在200mL至500mL	5	健康危险因素
CV03.00.114	每日饮水量代码表	3	500mL~1000mL	每日不包括一日三餐中的汤水、牛奶等的饮水累计量在500mL至1000mL	5	健康危险因素
CV03.00.114	每日饮水量代码表	4	1000mL以上	每日不包括一日三餐中的汤水、牛奶等的饮水累计量在1000mL以上	5	健康危险因素
CV03.00.115	饮水类别代码表	1	自来水		5	健康危险因素
CV03.00.115	饮水类别代码表	2	经净化过滤的水		5	健康危险因素
CV03.00.115	饮水类别代码表	3	井水		5	健康危险因素
CV03.00.115	饮水类别代码表	4	河湖水		5	健康危险因素
CV03.00.115	饮水类别代码表	5	塘水		5	健康危险因素
CV03.00.115	饮水类别代码表	9	其他		5	健康危险因素
CV03.00.116	个人不良行为接触史代码表	1	吸烟		5	健康危险因素
CV03.00.116	个人不良行为接触史代码表	2	饮酒		5	健康危险因素
CV03.00.116	个人不良行为接触史代码表	3	病毒感染		5	健康危险因素
CV03.00.116	个人不良行为接触史代码表	4	服用药物		5	健康危险因素
CV03.00.116	个人不良行为接触史代码表	5	接触有毒有害物质		5	健康危险因素
CV03.00.116	个人不良行为接触史代码表	6	接触放射线		5	健康危险因素
CV03.00.116	个人不良行为接触史代码表	9	其他		5	健康危险因素
CV03.00.201	职业照射种类代码表	1	核燃料循环		5	健康危险因素
CV03.00.201	职业照射种类代码表	101	铀矿开采		5	健康危险因素
CV03.00.201	职业照射种类代码表	102	铀矿水冶		5	健康危险因素
CV03.00.201	职业照射种类代码表	103	铀的浓缩和转化		5	健康危险因素
CV03.00.201	职业照射种类代码表	104	燃料制造		5	健康危险因素
CV03.00.201	职业照射种类代码表	105	反应堆运行		5	健康危险因素
CV03.00.201	职业照射种类代码表	106	燃料后处理		5	健康危险因素
CV03.00.201	职业照射种类代码表	107	核燃料循环研究		5	健康危险因素
CV03.00.201	职业照射种类代码表	199	其他		5	健康危险因素
CV03.00.201	职业照射种类代码表	2	医学应用		5	健康危险因素
CV03.00.201	职业照射种类代码表	201	诊断放射学		5	健康危险因素
CV03.00.201	职业照射种类代码表	202	牙科放射学		5	健康危险因素
CV03.00.201	职业照射种类代码表	204	放射治疗		5	健康危险因素
CV03.00.201	职业照射种类代码表	205	介入放射学		5	健康危险因素
CV03.00.201	职业照射种类代码表	206	核医学		5	健康危险因素
CV03.00.201	职业照射种类代码表	209	其他		5	健康危险因素
CV03.00.201	职业照射种类代码表	3	工业应用		5	健康危险因素
CV03.00.201	职业照射种类代码表	301	工业辐照		5	健康危险因素
CV03.00.201	职业照射种类代码表	302	工业探伤		5	健康危险因素
CV03.00.201	职业照射种类代码表	303	发光涂料工业		5	健康危险因素
CV03.00.201	职业照射种类代码表	304	放射性同位素生产		5	健康危险因素
CV03.00.201	职业照射种类代码表	305	测井		5	健康危险因素
CV03.00.201	职业照射种类代码表	306	加速器运行		5	健康危险因素
CV03.00.201	职业照射种类代码表	309	其他		5	健康危险因素
CV03.00.201	职业照射种类代码表	4	天然源		5	健康危险因素
CV03.00.201	职业照射种类代码表	401	民用航空		5	健康危险因素
CV03.00.201	职业照射种类代码表	402	煤矿开采		5	健康危险因素
CV03.00.201	职业照射种类代码表	403	其他矿藏开采		5	健康危险因素
CV03.00.201	职业照射种类代码表	404	石油和天然气工业		5	健康危险因素
CV03.00.201	职业照射种类代码表	405	矿物和矿石处理		5	健康危险因素
CV03.00.201	职业照射种类代码表	409	其他		5	健康危险因素
CV03.00.201	职业照射种类代码表	9	其他		5	健康危险因素
CV03.00.201	职业照射种类代码表	901	教育		5	健康危险因素
CV03.00.201	职业照射种类代码表	902	兽医学		5	健康危险因素
CV03.00.201	职业照射种类代码表	903	科学研究		5	健康危险因素
CV03.00.201	职业照射种类代码表	909	其他		5	健康危险因素
CV03.00.202	受照原因代码表	1	责任事故		5	健康危险因素
CV03.00.202	受照原因代码表	11	违反操作规程		5	健康危险因素
CV03.00.202	受照原因代码表	12	安全观念薄弱		5	健康危险因素
CV03.00.202	受照原因代码表	13	缺乏知识		5	健康危险因素
CV03.00.202	受照原因代码表	14	操作失误		5	健康危险因素
CV03.00.202	受照原因代码表	15	管理不善		5	健康危险因素
CV03.00.202	受照原因代码表	16	领导失误		5	健康危险因素
CV03.00.202	受照原因代码表	2	技术事故		5	健康危险因素
CV03.00.202	受照原因代码表	21	设计不合理		5	健康危险因素
CV03.00.202	受照原因代码表	22	设备意外故障		5	健康危险因素
CV03.00.202	受照原因代码表	23	监测系统缺乏		5	健康危险因素
CV03.00.202	受照原因代码表	3	自然原因		5	健康危险因素
CV03.00.202	受照原因代码表	4	原因不明		5	健康危险因素
CV03.00.203	职业病危害因素类别代码表	1	粉尘		5	健康危险因素
CV03.00.203	职业病危害因素类别代码表	1001	矽尘（游离SiO2 含量≥10%）		5	健康危险因素
CV03.00.203	职业病危害因素类别代码表	1002	煤尘		5	健康危险因素
CV03.00.203	职业病危害因素类别代码表	1003	石墨粉尘		5	健康危险因素
CV03.00.203	职业病危害因素类别代码表	1004	炭黑粉尘		5	健康危险因素
CV03.00.203	职业病危害因素类别代码表	1005	石棉粉尘		5	健康危险因素
CV03.00.203	职业病危害因素类别代码表	1006	滑石粉尘		5	健康危险因素
CV03.00.203	职业病危害因素类别代码表	1007	水泥粉尘		5	健康危险因素
CV03.00.203	职业病危害因素类别代码表	1008	沸石粉尘		5	健康危险因素
CV03.00.203	职业病危害因素类别代码表	1009	酚醛树酯粉尘		5	健康危险因素
CV03.00.203	职业病危害因素类别代码表	1010	谷物粉尘(游离SiO2 含量<10%)		5	健康危险因素
CV03.00.203	职业病危害因素类别代码表	1011	硅灰石粉尘		5	健康危险因素
CV03.00.203	职业病危害因素类别代码表	1012	硅藻土粉尘（游离SiO2 含量<10%）		5	健康危险因素
CV03.00.203	职业病危害因素类别代码表	1013	白炭黑粉尘		5	健康危险因素
CV03.00.203	职业病危害因素类别代码表	1014	白云石粉尘		5	健康危险因素
CV03.00.203	职业病危害因素类别代码表	1015	玻璃钢粉尘		5	健康危险因素
CV03.00.203	职业病危害因素类别代码表	1016	玻璃棉粉尘		5	健康危险因素
CV03.00.203	职业病危害因素类别代码表	1017	茶尘		5	健康危险因素
CV03.00.203	职业病危害因素类别代码表	1018	大理石粉尘		5	健康危险因素
CV03.00.203	职业病危害因素类别代码表	1019	二氧化钛粉尘		5	健康危险因素
CV03.00.203	职业病危害因素类别代码表	1020	沸石粉尘		5	健康危险因素
CV03.00.203	职业病危害因素类别代码表	1021	谷物粉尘（游离SiO2 含量<10%）		5	健康危险因素
CV03.00.203	职业病危害因素类别代码表	1022	硅灰石粉尘		5	健康危险因素
CV03.00.203	职业病危害因素类别代码表	1023	硅藻土粉尘（游离SiO2 含量<10%）		5	健康危险因素
CV03.00.203	职业病危害因素类别代码表	1024	活性炭粉尘		5	健康危险因素
CV03.00.203	职业病危害因素类别代码表	1025	聚丙烯粉尘		5	健康危险因素
CV03.00.203	职业病危害因素类别代码表	1026	聚丙烯腈纤维粉尘		5	健康危险因素
CV03.00.203	职业病危害因素类别代码表	1027	聚氯乙烯粉尘		5	健康危险因素
CV03.00.203	职业病危害因素类别代码表	1028	聚乙烯粉尘		5	健康危险因素
CV03.00.203	职业病危害因素类别代码表	1029	矿渣棉粉尘		5	健康危险因素
CV03.00.203	职业病危害因素类别代码表	1030	麻尘（亚麻、黄麻和苎麻）（游离SiO2 含量<10%）		5	健康危险因素
CV03.00.203	职业病危害因素类别代码表	1031	棉尘		5	健康危险因素
CV03.00.203	职业病危害因素类别代码表	1032	木粉尘		5	健康危险因素
CV03.00.203	职业病危害因素类别代码表	1033	膨润土粉尘		5	健康危险因素
CV03.00.203	职业病危害因素类别代码表	1034	皮毛粉尘		5	健康危险因素
CV03.00.203	职业病危害因素类别代码表	1035	桑蚕丝尘		5	健康危险因素
CV03.00.203	职业病危害因素类别代码表	1036	砂轮磨尘		5	健康危险因素
CV03.00.203	职业病危害因素类别代码表	1037	石膏粉尘 （硫酸钙）		5	健康危险因素
CV03.00.203	职业病危害因素类别代码表	1038	石灰石粉尘		5	健康危险因素
CV03.00.203	职业病危害因素类别代码表	1039	碳化硅粉尘		5	健康危险因素
CV03.00.203	职业病危害因素类别代码表	1040	碳纤维粉尘		5	健康危险因素
CV03.00.203	职业病危害因素类别代码表	1041	稀土粉尘（游离SiO 含量<10%） 2		5	健康危险因素
CV03.00.203	职业病危害因素类别代码表	1042	烟草尘		5	健康危险因素
CV03.00.203	职业病危害因素类别代码表	1043	岩棉粉尘		5	健康危险因素
CV03.00.203	职业病危害因素类别代码表	1044	萤石混合性粉尘		5	健康危险因素
CV03.00.203	职业病危害因素类别代码表	1045	珍珠岩粉尘		5	健康危险因素
CV03.00.203	职业病危害因素类别代码表	1046	蛭石粉尘		5	健康危险因素
CV03.00.203	职业病危害因素类别代码表	1047	重晶石粉尘（硫酸钡）		5	健康危险因素
CV03.00.203	职业病危害因素类别代码表	1048	锡及其化合物粉尘		5	健康危险因素
CV03.00.203	职业病危害因素类别代码表	1049	铁及其化合物粉尘		5	健康危险因素
CV03.00.203	职业病危害因素类别代码表	1050	锑及其化合物粉尘		5	健康危险因素
CV03.00.203	职业病危害因素类别代码表	1051	硬质合金粉尘		5	健康危险因素
CV03.00.203	职业病危害因素类别代码表	1099	其他粉尘	不属于1001~1051的粉尘归入1099	5	健康危险因素
CV03.00.203	职业病危害因素类别代码表	2	化学因素		5	健康危险因素
CV03.00.203	职业病危害因素类别代码表	2001	铅及其化合物（不包括四乙基铅）		5	健康危险因素
CV03.00.203	职业病危害因素类别代码表	2002	汞及其化合物		5	健康危险因素
CV03.00.203	职业病危害因素类别代码表	2003	锰及其化合物		5	健康危险因素
CV03.00.203	职业病危害因素类别代码表	2004	镉及其化合物		5	健康危险因素
CV03.00.203	职业病危害因素类别代码表	2005	铍及其化合物		5	健康危险因素
CV03.00.203	职业病危害因素类别代码表	2006	铊及其化合物		5	健康危险因素
CV03.00.203	职业病危害因素类别代码表	2007	钡及其化合物		5	健康危险因素
CV03.00.203	职业病危害因素类别代码表	2008	钒及其化合物		5	健康危险因素
CV03.00.203	职业病危害因素类别代码表	2009	磷及其化合物（磷化氢、磷化锌、磷化铝、有 机磷单列）		5	健康危险因素
CV03.00.203	职业病危害因素类别代码表	2010	砷及其化合物（砷化氢单列）		5	健康危险因素
CV03.00.203	职业病危害因素类别代码表	2011	铀及其化合物		5	健康危险因素
CV03.00.203	职业病危害因素类别代码表	2012	砷化氢		5	健康危险因素
CV03.00.203	职业病危害因素类别代码表	2013	氯气		5	健康危险因素
CV03.00.203	职业病危害因素类别代码表	2014	二氧化硫		5	健康危险因素
CV03.00.203	职业病危害因素类别代码表	2015	光气（碳酰氯）		5	健康危险因素
CV03.00.203	职业病危害因素类别代码表	2016	氨		5	健康危险因素
CV03.00.203	职业病危害因素类别代码表	2017	偏二甲基肼（1,1-二甲基肼）		5	健康危险因素
CV03.00.203	职业病危害因素类别代码表	2018	氮氧化合物		5	健康危险因素
CV03.00.203	职业病危害因素类别代码表	2019	一氧化碳		5	健康危险因素
CV03.00.203	职业病危害因素类别代码表	2020	二硫化碳		5	健康危险因素
CV03.00.203	职业病危害因素类别代码表	2021	硫化氢		5	健康危险因素
CV03.00.203	职业病危害因素类别代码表	2022	磷化氢、磷化锌、磷化铝		5	健康危险因素
CV03.00.203	职业病危害因素类别代码表	2023	氟及其无机化合物		5	健康危险因素
CV03.00.203	职业病危害因素类别代码表	2024	氰及其腈类化合物		5	健康危险因素
CV03.00.203	职业病危害因素类别代码表	2025	四乙基铅		5	健康危险因素
CV03.00.203	职业病危害因素类别代码表	2026	有机锡		5	健康危险因素
CV03.00.203	职业病危害因素类别代码表	2027	羰基镍		5	健康危险因素
CV03.00.203	职业病危害因素类别代码表	2028	苯		5	健康危险因素
CV03.00.203	职业病危害因素类别代码表	2029	甲苯		5	健康危险因素
CV03.00.203	职业病危害因素类别代码表	2030	二甲苯		5	健康危险因素
CV03.00.203	职业病危害因素类别代码表	2031	正己烷		5	健康危险因素
CV03.00.203	职业病危害因素类别代码表	2032	汽油		5	健康危险因素
CV03.00.203	职业病危害因素类别代码表	2033	一甲胺		5	健康危险因素
CV03.00.203	职业病危害因素类别代码表	2034	有机氟聚合物单体及其热裂解物		5	健康危险因素
CV03.00.203	职业病危害因素类别代码表	2035	二氯乙烷		5	健康危险因素
CV03.00.203	职业病危害因素类别代码表	2036	四氯化碳		5	健康危险因素
CV03.00.203	职业病危害因素类别代码表	2037	氯乙烯		5	健康危险因素
CV03.00.203	职业病危害因素类别代码表	2038	三氯乙烯		5	健康危险因素
CV03.00.203	职业病危害因素类别代码表	2039	氯丙烯		5	健康危险因素
CV03.00.203	职业病危害因素类别代码表	2040	氯丁二烯		5	健康危险因素
CV03.00.203	职业病危害因素类别代码表	2041	苯的氨基及硝基化合物（不含三硝基甲苯）		5	健康危险因素
CV03.00.203	职业病危害因素类别代码表	2042	三硝基甲苯		5	健康危险因素
CV03.00.203	职业病危害因素类别代码表	2043	甲醇		5	健康危险因素
CV03.00.203	职业病危害因素类别代码表	2044	酚		5	健康危险因素
CV03.00.203	职业病危害因素类别代码表	2045	五氯酚及其钠盐		5	健康危险因素
CV03.00.203	职业病危害因素类别代码表	2046	甲醛		5	健康危险因素
CV03.00.203	职业病危害因素类别代码表	2047	硫酸二甲酯		5	健康危险因素
CV03.00.203	职业病危害因素类别代码表	2048	丙烯酰胺		5	健康危险因素
CV03.00.203	职业病危害因素类别代码表	2049	二甲基甲酰胺		5	健康危险因素
CV03.00.203	职业病危害因素类别代码表	2050	有机磷		5	健康危险因素
CV03.00.203	职业病危害因素类别代码表	2051	氨基甲酸酯类		5	健康危险因素
CV03.00.203	职业病危害因素类别代码表	2052	杀虫脒		5	健康危险因素
CV03.00.203	职业病危害因素类别代码表	2053	溴甲烷		5	健康危险因素
CV03.00.203	职业病危害因素类别代码表	2054	拟除虫菊酯		5	健康危险因素
CV03.00.203	职业病危害因素类别代码表	2055	铟及其化合物		5	健康危险因素
CV03.00.203	职业病危害因素类别代码表	2056	溴丙烷（1-溴丙烷；2-溴丙烷）		5	健康危险因素
CV03.00.203	职业病危害因素类别代码表	2057	碘甲烷		5	健康危险因素
CV03.00.203	职业病危害因素类别代码表	2058	氯乙酸		5	健康危险因素
CV03.00.203	职业病危害因素类别代码表	2059	环氧乙烷		5	健康危险因素
CV03.00.203	职业病危害因素类别代码表	2060	氨基磺酸铵		5	健康危险因素
CV03.00.203	职业病危害因素类别代码表	2061	氯化铵烟		5	健康危险因素
CV03.00.203	职业病危害因素类别代码表	2062	氯磺酸		5	健康危险因素
CV03.00.203	职业病危害因素类别代码表	2063	氢氧化铵		5	健康危险因素
CV03.00.203	职业病危害因素类别代码表	2064	碳酸铵		5	健康危险因素
CV03.00.203	职业病危害因素类别代码表	2065	α-氯乙酰苯		5	健康危险因素
CV03.00.203	职业病危害因素类别代码表	2066	对特丁基甲苯		5	健康危险因素
CV03.00.203	职业病危害因素类别代码表	2067	二乙烯基苯		5	健康危险因素
CV03.00.203	职业病危害因素类别代码表	2068	过氧化苯甲酰		5	健康危险因素
CV03.00.203	职业病危害因素类别代码表	2069	乙苯		5	健康危险因素
CV03.00.203	职业病危害因素类别代码表	2070	碲化铋		5	健康危险因素
CV03.00.203	职业病危害因素类别代码表	2071	铂化物		5	健康危险因素
CV03.00.203	职业病危害因素类别代码表	2072	1,3-丁二烯		5	健康危险因素
CV03.00.203	职业病危害因素类别代码表	2073	苯乙烯		5	健康危险因素
CV03.00.203	职业病危害因素类别代码表	2074	丁烯		5	健康危险因素
CV03.00.203	职业病危害因素类别代码表	2075	二聚环戊二烯		5	健康危险因素
CV03.00.203	职业病危害因素类别代码表	2076	邻氯苯乙烯（氯乙烯苯）		5	健康危险因素
CV03.00.203	职业病危害因素类别代码表	2077	乙炔		5	健康危险因素
CV03.00.203	职业病危害因素类别代码表	2078	1,1-二甲基-4,4'-联吡啶鎓盐二氯化物（百草枯）		5	健康危险因素
CV03.00.203	职业病危害因素类别代码表	2079	2-N-二丁氨基乙醇		5	健康危险因素
CV03.00.203	职业病危害因素类别代码表	2080	2-二乙氨基乙醇		5	健康危险因素
CV03.00.203	职业病危害因素类别代码表	2081	乙醇胺（氨基乙醇）		5	健康危险因素
CV03.00.203	职业病危害因素类别代码表	2082	异丙醇胺（1-氨基-2-二丙醇）		5	健康危险因素
CV03.00.203	职业病危害因素类别代码表	2083	1,3-二氯-2-丙醇		5	健康危险因素
CV03.00.203	职业病危害因素类别代码表	2084	苯乙醇		5	健康危险因素
CV03.00.203	职业病危害因素类别代码表	2085	丙醇		5	健康危险因素
CV03.00.203	职业病危害因素类别代码表	2086	丙烯醇		5	健康危险因素
CV03.00.203	职业病危害因素类别代码表	2087	丁醇		5	健康危险因素
CV03.00.203	职业病危害因素类别代码表	2088	环己醇		5	健康危险因素
CV03.00.203	职业病危害因素类别代码表	2089	己二醇		5	健康危险因素
CV03.00.203	职业病危害因素类别代码表	2090	糠醇		5	健康危险因素
CV03.00.203	职业病危害因素类别代码表	2091	氯乙醇		5	健康危险因素
CV03.00.203	职业病危害因素类别代码表	2092	乙二醇		5	健康危险因素
CV03.00.203	职业病危害因素类别代码表	2093	异丙醇		5	健康危险因素
CV03.00.203	职业病危害因素类别代码表	2094	正戊醇		5	健康危险因素
CV03.00.203	职业病危害因素类别代码表	2095	重氮甲烷		5	健康危险因素
CV03.00.203	职业病危害因素类别代码表	2096	多氯萘		5	健康危险因素
CV03.00.203	职业病危害因素类别代码表	2097	蒽		5	健康危险因素
CV03.00.203	职业病危害因素类别代码表	2098	六氯萘		5	健康危险因素
CV03.00.203	职业病危害因素类别代码表	2099	氯萘		5	健康危险因素
CV03.00.203	职业病危害因素类别代码表	2100	萘		5	健康危险因素
CV03.00.203	职业病危害因素类别代码表	2101	萘烷		5	健康危险因素
CV03.00.203	职业病危害因素类别代码表	2102	硝基萘		5	健康危险因素
CV03.00.203	职业病危害因素类别代码表	2103	蒽醌及其染料		5	健康危险因素
CV03.00.203	职业病危害因素类别代码表	2104	二苯胍		5	健康危险因素
CV03.00.203	职业病危害因素类别代码表	2105	对苯二胺		5	健康危险因素
CV03.00.203	职业病危害因素类别代码表	2106	对溴苯胺		5	健康危险因素
CV03.00.203	职业病危害因素类别代码表	2107	卤化水杨酰苯胺（Ν-水杨酰苯胺）		5	健康危险因素
CV03.00.203	职业病危害因素类别代码表	2108	硝基萘胺		5	健康危险因素
CV03.00.203	职业病危害因素类别代码表	2109	对苯二甲酸二甲酯		5	健康危险因素
CV03.00.203	职业病危害因素类别代码表	2110	邻苯二甲酸二丁酯		5	健康危险因素
CV03.00.203	职业病危害因素类别代码表	2111	邻苯二甲酸二甲酯		5	健康危险因素
CV03.00.203	职业病危害因素类别代码表	2112	磷酸二丁基苯酯		5	健康危险因素
CV03.00.203	职业病危害因素类别代码表	2113	磷酸三邻甲苯酯		5	健康危险因素
CV03.00.203	职业病危害因素类别代码表	2114	三甲苯磷酸酯		5	健康危险因素
CV03.00.203	职业病危害因素类别代码表	2115	1,2,3-苯三酚（焦棓酚）		5	健康危险因素
CV03.00.203	职业病危害因素类别代码表	2116	4,6-二硝基邻苯甲酚		5	健康危险因素
CV03.00.203	职业病危害因素类别代码表	2117	N,N-二甲基-3-氨基苯酚		5	健康危险因素
CV03.00.203	职业病危害因素类别代码表	2118	对氨基酚		5	健康危险因素
CV03.00.203	职业病危害因素类别代码表	2119	多氯酚		5	健康危险因素
CV03.00.203	职业病危害因素类别代码表	2120	二甲苯酚		5	健康危险因素
CV03.00.203	职业病危害因素类别代码表	2121	二氯酚		5	健康危险因素
CV03.00.203	职业病危害因素类别代码表	2122	二硝基苯酚		5	健康危险因素
CV03.00.203	职业病危害因素类别代码表	2123	甲酚		5	健康危险因素
CV03.00.203	职业病危害因素类别代码表	2124	甲基氨基酚		5	健康危险因素
CV03.00.203	职业病危害因素类别代码表	2125	间苯二酚		5	健康危险因素
CV03.00.203	职业病危害因素类别代码表	2126	邻仲丁基苯酚		5	健康危险因素
CV03.00.203	职业病危害因素类别代码表	2127	萘酚		5	健康危险因素
CV03.00.203	职业病危害因素类别代码表	2128	氢醌（对苯二酚）		5	健康危险因素
CV03.00.203	职业病危害因素类别代码表	2129	三硝基酚（苦味酸）		5	健康危险因素
CV03.00.203	职业病危害因素类别代码表	2130	氰氨化钙		5	健康危险因素
CV03.00.203	职业病危害因素类别代码表	2131	碳酸钙		5	健康危险因素
CV03.00.203	职业病危害因素类别代码表	2132	氧化钙		5	健康危险因素
CV03.00.203	职业病危害因素类别代码表	2133	锆及其化合物		5	健康危险因素
CV03.00.203	职业病危害因素类别代码表	2134	铬及其化合物		5	健康危险因素
CV03.00.203	职业病危害因素类别代码表	2135	钴及其氧化物		5	健康危险因素
CV03.00.203	职业病危害因素类别代码表	2136	二甲基二氯硅烷		5	健康危险因素
CV03.00.203	职业病危害因素类别代码表	2137	三氯氢硅		5	健康危险因素
CV03.00.203	职业病危害因素类别代码表	2138	四氯化硅		5	健康危险因素
CV03.00.203	职业病危害因素类别代码表	2139	环氧丙烷		5	健康危险因素
CV03.00.203	职业病危害因素类别代码表	2140	环氧氯丙烷		5	健康危险因素
CV03.00.203	职业病危害因素类别代码表	2141	柴油		5	健康危险因素
CV03.00.203	职业病危害因素类别代码表	2142	焦炉逸散物		5	健康危险因素
CV03.00.203	职业病危害因素类别代码表	2143	煤焦油		5	健康危险因素
CV03.00.203	职业病危害因素类别代码表	2144	煤焦油沥青		5	健康危险因素
CV03.00.203	职业病危害因素类别代码表	2145	木馏油（焦油）		5	健康危险因素
CV03.00.203	职业病危害因素类别代码表	2146	石蜡烟		5	健康危险因素
CV03.00.203	职业病危害因素类别代码表	2147	石油沥青		5	健康危险因素
CV03.00.203	职业病危害因素类别代码表	2148	苯肼		5	健康危险因素
CV03.00.203	职业病危害因素类别代码表	2149	甲基肼		5	健康危险因素
CV03.00.203	职业病危害因素类别代码表	2150	肼		5	健康危险因素
CV03.00.203	职业病危害因素类别代码表	2151	聚氯乙烯热解物		5	健康危险因素
CV03.00.203	职业病危害因素类别代码表	2152	锂及其化合物		5	健康危险因素
CV03.00.203	职业病危害因素类别代码表	2153	联苯胺（4,4'-二氨基联苯）		5	健康危险因素
CV03.00.203	职业病危害因素类别代码表	2154	3,3-二甲基联苯胺		5	健康危险因素
CV03.00.203	职业病危害因素类别代码表	2155	多氯联苯		5	健康危险因素
CV03.00.203	职业病危害因素类别代码表	2156	多溴联苯		5	健康危险因素
CV03.00.203	职业病危害因素类别代码表	2157	联苯		5	健康危险因素
CV03.00.203	职业病危害因素类别代码表	2158	氯联苯（54%氯）		5	健康危险因素
CV03.00.203	职业病危害因素类别代码表	2159	甲硫醇		5	健康危险因素
CV03.00.203	职业病危害因素类别代码表	2160	乙硫醇		5	健康危险因素
CV03.00.203	职业病危害因素类别代码表	2161	正丁基硫醇		5	健康危险因素
CV03.00.203	职业病危害因素类别代码表	2162	二甲基亚砜		5	健康危险因素
CV03.00.203	职业病危害因素类别代码表	2163	二氯化砜（磺酰氯）		5	健康危险因素
CV03.00.203	职业病危害因素类别代码表	2164	过硫酸盐（过硫酸钾、过硫酸钠、过硫酸铵等）		5	健康危险因素
CV03.00.203	职业病危害因素类别代码表	2165	硫酸及三氧化硫		5	健康危险因素
CV03.00.203	职业病危害因素类别代码表	2166	六氟化硫		5	健康危险因素
CV03.00.203	职业病危害因素类别代码表	2167	亚硫酸钠		5	健康危险因素
CV03.00.203	职业病危害因素类别代码表	2168	2-溴乙氧基苯		5	健康危险因素
CV03.00.203	职业病危害因素类别代码表	2169	苄基氯		5	健康危险因素
CV03.00.203	职业病危害因素类别代码表	2170	苄基溴（溴甲苯）		5	健康危险因素
CV03.00.203	职业病危害因素类别代码表	2171	多氯苯		5	健康危险因素
CV03.00.203	职业病危害因素类别代码表	2172	二氯苯		5	健康危险因素
CV03.00.203	职业病危害因素类别代码表	2173	氯苯		5	健康危险因素
CV03.00.203	职业病危害因素类别代码表	2174	溴苯		5	健康危险因素
CV03.00.203	职业病危害因素类别代码表	2175	1,1-二氯乙烯		5	健康危险因素
CV03.00.203	职业病危害因素类别代码表	2176	1,2-二氯乙烯（顺式）		5	健康危险因素
CV03.00.203	职业病危害因素类别代码表	2177	1,3-二氯丙烯		5	健康危险因素
CV03.00.203	职业病危害因素类别代码表	2178	二氯乙炔		5	健康危险因素
CV03.00.203	职业病危害因素类别代码表	2179	六氯丁二烯		5	健康危险因素
CV03.00.203	职业病危害因素类别代码表	2180	六氯环戊二烯		5	健康危险因素
CV03.00.203	职业病危害因素类别代码表	2181	四氯乙烯		5	健康危险因素
CV03.00.203	职业病危害因素类别代码表	2182	1,1,1-三氯乙烷		5	健康危险因素
CV03.00.203	职业病危害因素类别代码表	2183	1,2,3-三氯丙烷		5	健康危险因素
CV03.00.203	职业病危害因素类别代码表	2184	1,2-二氯丙烷		5	健康危险因素
CV03.00.203	职业病危害因素类别代码表	2185	1,3-二氯丙烷		5	健康危险因素
CV03.00.203	职业病危害因素类别代码表	2186	二氯二氟甲烷		5	健康危险因素
CV03.00.203	职业病危害因素类别代码表	2187	二氯甲烷		5	健康危险因素
CV03.00.203	职业病危害因素类别代码表	2188	二溴氯丙烷		5	健康危险因素
CV03.00.203	职业病危害因素类别代码表	2189	六氯乙烷		5	健康危险因素
CV03.00.203	职业病危害因素类别代码表	2190	氯仿（三氯甲烷）		5	健康危险因素
CV03.00.203	职业病危害因素类别代码表	2191	氯甲烷		5	健康危险因素
CV03.00.203	职业病危害因素类别代码表	2192	氯乙烷		5	健康危险因素
CV03.00.203	职业病危害因素类别代码表	2193	氯乙酰氯		5	健康危险因素
CV03.00.203	职业病危害因素类别代码表	2194	三氯一氟甲烷		5	健康危险因素
CV03.00.203	职业病危害因素类别代码表	2195	四氯乙烷		5	健康危险因素
CV03.00.203	职业病危害因素类别代码表	2196	四溴化碳		5	健康危险因素
CV03.00.203	职业病危害因素类别代码表	2197	五氟氯乙烷		5	健康危险因素
CV03.00.203	职业病危害因素类别代码表	2198	溴乙烷		5	健康危险因素
CV03.00.203	职业病危害因素类别代码表	2199	铝酸钠		5	健康危险因素
CV03.00.203	职业病危害因素类别代码表	2200	二氧化氯		5	健康危险因素
CV03.00.203	职业病危害因素类别代码表	2201	氯化氢及盐酸		5	健康危险因素
CV03.00.203	职业病危害因素类别代码表	2202	氯酸钾		5	健康危险因素
CV03.00.203	职业病危害因素类别代码表	2203	氯酸钠		5	健康危险因素
CV03.00.203	职业病危害因素类别代码表	2204	三氟化氯		5	健康危险因素
CV03.00.203	职业病危害因素类别代码表	2205	氯甲醚		5	健康危险因素
CV03.00.203	职业病危害因素类别代码表	2206	苯基醚（二苯醚）		5	健康危险因素
CV03.00.203	职业病危害因素类别代码表	2207	二丙二醇甲醚		5	健康危险因素
CV03.00.203	职业病危害因素类别代码表	2208	二氯乙醚		5	健康危险因素
CV03.00.203	职业病危害因素类别代码表	2209	二缩水甘油醚		5	健康危险因素
CV03.00.203	职业病危害因素类别代码表	2210	邻茴香胺		5	健康危险因素
CV03.00.203	职业病危害因素类别代码表	2211	双氯甲醚		5	健康危险因素
CV03.00.203	职业病危害因素类别代码表	2212	乙醚		5	健康危险因素
CV03.00.203	职业病危害因素类别代码表	2213	正丁基缩水甘油醚		5	健康危险因素
CV03.00.203	职业病危害因素类别代码表	2214	钼酸		5	健康危险因素
CV03.00.203	职业病危害因素类别代码表	2215	钼酸铵		5	健康危险因素
CV03.00.203	职业病危害因素类别代码表	2216	钼酸钠		5	健康危险因素
CV03.00.203	职业病危害因素类别代码表	2217	三氧化钼		5	健康危险因素
CV03.00.203	职业病危害因素类别代码表	2218	氢氧化钠		5	健康危险因素
CV03.00.203	职业病危害因素类别代码表	2219	碳酸钠（纯碱）		5	健康危险因素
CV03.00.203	职业病危害因素类别代码表	2220	镍及其化合物（羰基镍单列）		5	健康危险因素
CV03.00.203	职业病危害因素类别代码表	2221	癸硼烷		5	健康危险因素
CV03.00.203	职业病危害因素类别代码表	2222	硼烷		5	健康危险因素
CV03.00.203	职业病危害因素类别代码表	2223	三氟化硼		5	健康危险因素
CV03.00.203	职业病危害因素类别代码表	2224	三氯化硼		5	健康危险因素
CV03.00.203	职业病危害因素类别代码表	2225	乙硼烷		5	健康危险因素
CV03.00.203	职业病危害因素类别代码表	2226	2-氯苯基羟胺		5	健康危险因素
CV03.00.203	职业病危害因素类别代码表	2227	3-氯苯基羟胺		5	健康危险因素
CV03.00.203	职业病危害因素类别代码表	2228	4-氯苯基羟胺		5	健康危险因素
CV03.00.203	职业病危害因素类别代码表	2229	苯基羟胺（苯胲）		5	健康危险因素
CV03.00.203	职业病危害因素类别代码表	2230	巴豆醛（丁烯醛）		5	健康危险因素
CV03.00.203	职业病危害因素类别代码表	2231	丙酮醛（甲基乙二醛）		5	健康危险因素
CV03.00.203	职业病危害因素类别代码表	2232	丙烯醛		5	健康危险因素
CV03.00.203	职业病危害因素类别代码表	2233	丁醛		5	健康危险因素
CV03.00.203	职业病危害因素类别代码表	2234	糠醛		5	健康危险因素
CV03.00.203	职业病危害因素类别代码表	2235	氯乙醛		5	健康危险因素
CV03.00.203	职业病危害因素类别代码表	2236	羟基香茅醛		5	健康危险因素
CV03.00.203	职业病危害因素类别代码表	2237	三氯乙醛		5	健康危险因素
CV03.00.203	职业病危害因素类别代码表	2238	乙醛		5	健康危险因素
CV03.00.203	职业病危害因素类别代码表	2239	氢氧化铯		5	健康危险因素
CV03.00.203	职业病危害因素类别代码表	2240	氯化苄烷胺（洁尔灭）		5	健康危险因素
CV03.00.203	职业病危害因素类别代码表	2241	双-(二甲基硫代氨基甲酰基)二硫化物（秋兰 姆、福美双）		5	健康危险因素
CV03.00.203	职业病危害因素类别代码表	2242	α-萘硫脲（安妥）		5	健康危险因素
CV03.00.203	职业病危害因素类别代码表	2243	3-(1-丙酮基苄基)-4-羟基香豆素（杀鼠灵）		5	健康危险因素
CV03.00.203	职业病危害因素类别代码表	2244	酚醛树脂		5	健康危险因素
CV03.00.203	职业病危害因素类别代码表	2245	环氧树脂		5	健康危险因素
CV03.00.203	职业病危害因素类别代码表	2246	脲醛树脂		5	健康危险因素
CV03.00.203	职业病危害因素类别代码表	2247	三聚氰胺甲醛树脂		5	健康危险因素
CV03.00.203	职业病危害因素类别代码表	2248	1,2,4-苯三酸酐		5	健康危险因素
CV03.00.203	职业病危害因素类别代码表	2249	邻苯二甲酸酐		5	健康危险因素
CV03.00.203	职业病危害因素类别代码表	2250	马来酸酐		5	健康危险因素
CV03.00.203	职业病危害因素类别代码表	2251	乙酸酐		5	健康危险因素
CV03.00.203	职业病危害因素类别代码表	2252	丙酸		5	健康危险因素
CV03.00.203	职业病危害因素类别代码表	2253	对苯二甲酸		5	健康危险因素
CV03.00.203	职业病危害因素类别代码表	2254	氟乙酸钠		5	健康危险因素
CV03.00.203	职业病危害因素类别代码表	2255	甲基丙烯酸		5	健康危险因素
CV03.00.203	职业病危害因素类别代码表	2256	甲酸		5	健康危险因素
CV03.00.203	职业病危害因素类别代码表	2257	羟基乙酸		5	健康危险因素
CV03.00.203	职业病危害因素类别代码表	2258	巯基乙酸		5	健康危险因素
CV03.00.203	职业病危害因素类别代码表	2259	三甲基己二酸		5	健康危险因素
CV03.00.203	职业病危害因素类别代码表	2260	三氯乙酸		5	健康危险因素
CV03.00.203	职业病危害因素类别代码表	2261	乙酸		5	健康危险因素
CV03.00.203	职业病危害因素类别代码表	2262	正香草酸（高香草酸）		5	健康危险因素
CV03.00.203	职业病危害因素类别代码表	2263	四氯化钛		5	健康危险因素
CV03.00.203	职业病危害因素类别代码表	2264	钽及其化合物		5	健康危险因素
CV03.00.203	职业病危害因素类别代码表	2265	锑及其化合物		5	健康危险因素
CV03.00.203	职业病危害因素类别代码表	2266	五羰基铁		5	健康危险因素
CV03.00.203	职业病危害因素类别代码表	2267	2-己酮		5	健康危险因素
CV03.00.203	职业病危害因素类别代码表	2268	3，5，5-三甲基-2-环己烯-1-酮（异佛尔酮）		5	健康危险因素
CV03.00.203	职业病危害因素类别代码表	2269	丙酮		5	健康危险因素
CV03.00.203	职业病危害因素类别代码表	2270	丁酮		5	健康危险因素
CV03.00.203	职业病危害因素类别代码表	2271	二乙基甲酮		5	健康危险因素
CV03.00.203	职业病危害因素类别代码表	2272	二异丁基甲酮		5	健康危险因素
CV03.00.203	职业病危害因素类别代码表	2273	环己酮		5	健康危险因素
CV03.00.203	职业病危害因素类别代码表	2274	环戊酮		5	健康危险因素
CV03.00.203	职业病危害因素类别代码表	2275	六氟丙酮		5	健康危险因素
CV03.00.203	职业病危害因素类别代码表	2276	氯丙酮		5	健康危险因素
CV03.00.203	职业病危害因素类别代码表	2277	双丙酮醇		5	健康危险因素
CV03.00.203	职业病危害因素类别代码表	2278	乙基另戊基甲酮（5-甲基-3-庚酮）		5	健康危险因素
CV03.00.203	职业病危害因素类别代码表	2279	乙基戊基甲酮		5	健康危险因素
CV03.00.203	职业病危害因素类别代码表	2280	乙烯酮		5	健康危险因素
CV03.00.203	职业病危害因素类别代码表	2281	异亚丙基丙酮		5	健康危险因素
CV03.00.203	职业病危害因素类别代码表	2282	铜及其化合物		5	健康危险因素
CV03.00.203	职业病危害因素类别代码表	2283	丙烷		5	健康危险因素
CV03.00.203	职业病危害因素类别代码表	2284	环己烷		5	健康危险因素
CV03.00.203	职业病危害因素类别代码表	2285	甲烷		5	健康危险因素
CV03.00.203	职业病危害因素类别代码表	2286	壬烷		5	健康危险因素
CV03.00.203	职业病危害因素类别代码表	2287	辛烷		5	健康危险因素
CV03.00.203	职业病危害因素类别代码表	2288	正庚烷		5	健康危险因素
CV03.00.203	职业病危害因素类别代码表	2289	正戊烷		5	健康危险因素
CV03.00.203	职业病危害因素类别代码表	2290	2-乙氧基乙醇		5	健康危险因素
CV03.00.203	职业病危害因素类别代码表	2291	甲氧基乙醇		5	健康危险因素
CV03.00.203	职业病危害因素类别代码表	2292	围涎树碱		5	健康危险因素
CV03.00.203	职业病危害因素类别代码表	2293	二硫化硒		5	健康危险因素
CV03.00.203	职业病危害因素类别代码表	2294	硒化氢		5	健康危险因素
CV03.00.203	职业病危害因素类别代码表	2295	钨及其不溶性化合物		5	健康危险因素
CV03.00.203	职业病危害因素类别代码表	2296	硒及其化合物（六氟化硒、硒化氢单列）		5	健康危险因素
CV03.00.203	职业病危害因素类别代码表	2297	二氧化锡		5	健康危险因素
CV03.00.203	职业病危害因素类别代码表	2298	N,N-二甲基乙酰胺		5	健康危险因素
CV03.00.203	职业病危害因素类别代码表	2299	N-3,4二氯苯基丙酰胺（敌稗）		5	健康危险因素
CV03.00.203	职业病危害因素类别代码表	2300	氟乙酰胺		5	健康危险因素
CV03.00.203	职业病危害因素类别代码表	2301	己内酰胺		5	健康危险因素
CV03.00.203	职业病危害因素类别代码表	2302	环四次甲基四硝胺（奥克托今）		5	健康危险因素
CV03.00.203	职业病危害因素类别代码表	2303	环三次甲基三硝铵（黑索今）		5	健康危险因素
CV03.00.203	职业病危害因素类别代码表	2304	硝化甘油		5	健康危险因素
CV03.00.203	职业病危害因素类别代码表	2305	氯化锌烟		5	健康危险因素
CV03.00.203	职业病危害因素类别代码表	2306	氧化锌		5	健康危险因素
CV03.00.203	职业病危害因素类别代码表	2307	氢溴酸（溴化氢）		5	健康危险因素
CV03.00.203	职业病危害因素类别代码表	2308	臭氧		5	健康危险因素
CV03.00.203	职业病危害因素类别代码表	2309	过氧化氢		5	健康危险因素
CV03.00.203	职业病危害因素类别代码表	2310	钾盐镁矾		5	健康危险因素
CV03.00.203	职业病危害因素类别代码表	2311	丙烯基芥子油		5	健康危险因素
CV03.00.203	职业病危害因素类别代码表	2312	多次甲基多苯基异氰酸酯		5	健康危险因素
CV03.00.203	职业病危害因素类别代码表	2313	二苯基甲烷二异氰酸酯		5	健康危险因素
CV03.00.203	职业病危害因素类别代码表	2314	甲苯-2,4-二异氰酸酯（TDI）		5	健康危险因素
CV03.00.203	职业病危害因素类别代码表	2315	六亚甲基二异氰酸酯（HDI）（1,6-己二异氰酸 酯）		5	健康危险因素
CV03.00.203	职业病危害因素类别代码表	2316	萘二异氰酸酯		5	健康危险因素
CV03.00.203	职业病危害因素类别代码表	2317	异佛尔酮二异氰酸酯		5	健康危险因素
CV03.00.203	职业病危害因素类别代码表	2318	异氰酸甲酯		5	健康危险因素
CV03.00.203	职业病危害因素类别代码表	2319	氧化银		5	健康危险因素
CV03.00.203	职业病危害因素类别代码表	2320	甲氧氯		5	健康危险因素
CV03.00.203	职业病危害因素类别代码表	2321	2-氨基吡啶		5	健康危险因素
CV03.00.203	职业病危害因素类别代码表	2322	N-乙基吗啉		5	健康危险因素
CV03.00.203	职业病危害因素类别代码表	2323	吖啶		5	健康危险因素
CV03.00.203	职业病危害因素类别代码表	2324	苯绕蒽酮		5	健康危险因素
CV03.00.203	职业病危害因素类别代码表	2325	吡啶		5	健康危险因素
CV03.00.203	职业病危害因素类别代码表	2326	二噁烷		5	健康危险因素
CV03.00.203	职业病危害因素类别代码表	2327	呋喃		5	健康危险因素
CV03.00.203	职业病危害因素类别代码表	2328	吗啉		5	健康危险因素
CV03.00.203	职业病危害因素类别代码表	2329	四氢呋喃		5	健康危险因素
CV03.00.203	职业病危害因素类别代码表	2330	茚		5	健康危险因素
CV03.00.203	职业病危害因素类别代码表	2331	四氢化锗		5	健康危险因素
CV03.00.203	职业病危害因素类别代码表	2332	二乙烯二胺（哌嗪）		5	健康危险因素
CV03.00.203	职业病危害因素类别代码表	2333	1,6-己二胺		5	健康危险因素
CV03.00.203	职业病危害因素类别代码表	2334	二甲胺		5	健康危险因素
CV03.00.203	职业病危害因素类别代码表	2335	二乙烯三胺		5	健康危险因素
CV03.00.203	职业病危害因素类别代码表	2336	二异丙胺基氯乙烷		5	健康危险因素
CV03.00.203	职业病危害因素类别代码表	2337	环己胺		5	健康危险因素
CV03.00.203	职业病危害因素类别代码表	2338	氯乙基胺		5	健康危险因素
CV03.00.203	职业病危害因素类别代码表	2339	三乙烯四胺		5	健康危险因素
CV03.00.203	职业病危害因素类别代码表	2340	烯丙胺		5	健康危险因素
CV03.00.203	职业病危害因素类别代码表	2341	乙胺		5	健康危险因素
CV03.00.203	职业病危害因素类别代码表	2342	乙二胺		5	健康危险因素
CV03.00.203	职业病危害因素类别代码表	2343	异丙胺		5	健康危险因素
CV03.00.203	职业病危害因素类别代码表	2344	正丁胺		5	健康危险因素
CV03.00.203	职业病危害因素类别代码表	2345	1,1-二氯-1-硝基乙烷		5	健康危险因素
CV03.00.203	职业病危害因素类别代码表	2346	硝基丙烷		5	健康危险因素
CV03.00.203	职业病危害因素类别代码表	2347	三氯硝基甲烷（氯化苦）		5	健康危险因素
CV03.00.203	职业病危害因素类别代码表	2348	硝基甲烷		5	健康危险因素
CV03.00.203	职业病危害因素类别代码表	2349	硝基乙烷		5	健康危险因素
CV03.00.203	职业病危害因素类别代码表	2350	1,3-二甲基丁基乙酸酯（乙酸仲己酯）		5	健康危险因素
CV03.00.203	职业病危害因素类别代码表	2351	2-甲氧基乙基乙酸酯		5	健康危险因素
CV03.00.203	职业病危害因素类别代码表	2352	2-乙氧基乙基乙酸酯		5	健康危险因素
CV03.00.203	职业病危害因素类别代码表	2353	n-乳酸正丁酯		5	健康危险因素
CV03.00.203	职业病危害因素类别代码表	2354	丙烯酸甲酯		5	健康危险因素
CV03.00.203	职业病危害因素类别代码表	2355	丙烯酸正丁酯		5	健康危险因素
CV03.00.203	职业病危害因素类别代码表	2356	甲基丙烯酸甲酯（异丁烯酸甲酯）		5	健康危险因素
CV03.00.203	职业病危害因素类别代码表	2357	甲基丙烯酸缩水甘油酯		5	健康危险因素
CV03.00.203	职业病危害因素类别代码表	2358	甲酸丁酯		5	健康危险因素
CV03.00.203	职业病危害因素类别代码表	2359	甲酸甲酯		5	健康危险因素
CV03.00.203	职业病危害因素类别代码表	2360	甲酸乙酯		5	健康危险因素
CV03.00.203	职业病危害因素类别代码表	2361	氯甲酸甲酯		5	健康危险因素
CV03.00.203	职业病危害因素类别代码表	2362	氯甲酸三氯甲酯（双光气）		5	健康危险因素
CV03.00.203	职业病危害因素类别代码表	2363	三氟甲基次氟酸酯		5	健康危险因素
CV03.00.203	职业病危害因素类别代码表	2364	亚硝酸乙酯		5	健康危险因素
CV03.00.203	职业病危害因素类别代码表	2365	乙二醇二硝酸酯		5	健康危险因素
CV03.00.203	职业病危害因素类别代码表	2366	乙基硫代磺酸乙酯		5	健康危险因素
CV03.00.203	职业病危害因素类别代码表	2367	乙酸苄酯		5	健康危险因素
CV03.00.203	职业病危害因素类别代码表	2368	乙酸丙酯		5	健康危险因素
CV03.00.203	职业病危害因素类别代码表	2369	乙酸丁酯		5	健康危险因素
CV03.00.203	职业病危害因素类别代码表	2370	乙酸甲酯		5	健康危险因素
CV03.00.203	职业病危害因素类别代码表	2371	乙酸戊酯		5	健康危险因素
CV03.00.203	职业病危害因素类别代码表	2372	乙酸乙烯酯		5	健康危险因素
CV03.00.203	职业病危害因素类别代码表	2373	乙酸乙酯		5	健康危险因素
CV03.00.203	职业病危害因素类别代码表	2374	乙酸异丙酯		5	健康危险因素
CV03.00.203	职业病危害因素类别代码表	2999	以上未提及的可导致职业病的其他化学因素	不属于2001~2374的化学因素归于 2099	5	健康危险因素
CV03.00.203	职业病危害因素类别代码表	3	物理因素		5	健康危险因素
CV03.00.203	职业病危害因素类别代码表	3001	噪声		5	健康危险因素
CV03.00.203	职业病危害因素类别代码表	3002	高温		5	健康危险因素
CV03.00.203	职业病危害因素类别代码表	3003	低气压		5	健康危险因素
CV03.00.203	职业病危害因素类别代码表	3004	高气压		5	健康危险因素
CV03.00.203	职业病危害因素类别代码表	3005	高原低氧		5	健康危险因素
CV03.00.203	职业病危害因素类别代码表	3006	振动		5	健康危险因素
CV03.00.203	职业病危害因素类别代码表	3007	激光		5	健康危险因素
CV03.00.203	职业病危害因素类别代码表	3008	低温		5	健康危险因素
CV03.00.203	职业病危害因素类别代码表	3009	微波		5	健康危险因素
CV03.00.203	职业病危害因素类别代码表	3010	紫外线		5	健康危险因素
CV03.00.203	职业病危害因素类别代码表	3011	红外线		5	健康危险因素
CV03.00.203	职业病危害因素类别代码表	3012	工频电磁场		5	健康危险因素
CV03.00.203	职业病危害因素类别代码表	3013	高频电磁场		5	健康危险因素
CV03.00.203	职业病危害因素类别代码表	3014	超高频电磁场		5	健康危险因素
CV03.00.203	职业病危害因素类别代码表	3099	以上未提及的可导致职业病的其他物理因素	不属于3001~3014的物理因素归于 3099	5	健康危险因素
CV03.00.203	职业病危害因素类别代码表	4	放射性因素		5	健康危险因素
CV03.00.203	职业病危害因素类别代码表	4001	密封放射源产生的电离辐射	主要产生γ、中子等射线	5	健康危险因素
CV03.00.203	职业病危害因素类别代码表	4002	非密封放射性物质	可产生α、β、γ射线或中子	5	健康危险因素
CV03.00.203	职业病危害因素类别代码表	4003	X射线装置（含CT机）产生的电离辐射	X射线	5	健康危险因素
CV03.00.203	职业病危害因素类别代码表	4003	加速器产生的电离辐射	可产生电子射线、X射线、质子、重离 子、中子以及感生放射性等	5	健康危险因素
CV03.00.203	职业病危害因素类别代码表	4005	中子发生器产生的电离辐射	主要是中子、γ射线等	5	健康危险因素
CV03.00.203	职业病危害因素类别代码表	4006	氡及其短寿命子体	限于矿工高氡暴露	5	健康危险因素
CV03.00.203	职业病危害因素类别代码表	4007	铀及其化合物		5	健康危险因素
CV03.00.203	职业病危害因素类别代码表	4009	以上未提及的可导致职业病的其他放射性因素	不属于4001~4007的放射性因素归于 4009	5	健康危险因素
CV03.00.203	职业病危害因素类别代码表	5	生物因素		5	健康危险因素
CV03.00.203	职业病危害因素类别代码表	5001	艾滋病病毒		5	健康危险因素
CV03.00.203	职业病危害因素类别代码表	5002	布鲁氏菌		5	健康危险因素
CV03.00.203	职业病危害因素类别代码表	5003	伯氏疏螺旋体		5	健康危险因素
CV03.00.203	职业病危害因素类别代码表	5004	森林脑炎病毒		5	健康危险因素
CV03.00.203	职业病危害因素类别代码表	5005	炭疽芽孢杆菌		5	健康危险因素
CV03.00.203	职业病危害因素类别代码表	5009	以上未提及的可导致职业病的其他生物因素	不属于5001~5005的生物因素归于 5009	5	健康危险因素
CV03.00.203	职业病危害因素类别代码表	6	其他因素		5	健康危险因素
CV03.00.203	职业病危害因素类别代码表	6001	金属烟		5	健康危险因素
CV03.00.203	职业病危害因素类别代码表	6002	井下不良作业条件		5	健康危险因素
CV03.00.203	职业病危害因素类别代码表	6003	刮研作业		5	健康危险因素
CV03.00.203	职业病危害因素类别代码表	8	不详		5	健康危险因素
CV03.00.203	职业病危害因素类别代码表	9	其他		5	健康危险因素
CV03.00.204	农药名称代码表	1	杀虫剂		5	健康危险因素
CV03.00.204	农药名称代码表	11	有机磷杀虫剂		5	健康危险因素
CV03.00.204	农药名称代码表	111	敌敌畏		5	健康危险因素
CV03.00.204	农药名称代码表	112	甲胺磷		5	健康危险因素
CV03.00.204	农药名称代码表	113	对硫磷（别名1605或一六零五）， 含甲基对硫磷		5	健康危险因素
CV03.00.204	农药名称代码表	114	氧乐果（含乐果）		5	健康危险因素
CV03.00.204	农药名称代码表	115	敌百虫		5	健康危险因素
CV03.00.204	农药名称代码表	116	水胺硫磷		5	健康危险因素
CV03.00.204	农药名称代码表	119	其他有机磷	不属于111~116的有机磷杀虫剂归入119	5	健康危险因素
CV03.00.204	农药名称代码表	12	菊酯类杀虫剂		5	健康危险因素
CV03.00.204	农药名称代码表	121	溴氰菊酯		5	健康危险因素
CV03.00.204	农药名称代码表	129	其他菊酯类	不属于121的菊酯类归入129	5	健康危险因素
CV03.00.204	农药名称代码表	13	氨基甲酸酯类杀虫剂		5	健康危险因素
CV03.00.204	农药名称代码表	131	克百威（呋喃丹）		5	健康危险因素
CV03.00.204	农药名称代码表	132	灭多威		5	健康危险因素
CV03.00.204	农药名称代码表	139	其他氨基甲酸酯类	不属于131~132的氨基甲酸酯类归入139	5	健康危险因素
CV03.00.204	农药名称代码表	14	杀虫脒		5	健康危险因素
CV03.00.204	农药名称代码表	15	杀虫双		5	健康危险因素
CV03.00.204	农药名称代码表	16	有机氯类		5	健康危险因素
CV03.00.204	农药名称代码表	19	其他杀虫剂	不属于11~16的杀虫剂归入19	5	健康危险因素
CV03.00.204	农药名称代码表	2	杀菌剂		5	健康危险因素
CV03.00.204	农药名称代码表	3	杀鼠剂		5	健康危险因素
CV03.00.204	农药名称代码表	31	毒鼠强		5	健康危险因素
CV03.00.204	农药名称代码表	32	氟乙酰胺		5	健康危险因素
CV03.00.204	农药名称代码表	33	抗凝血杀鼠剂		5	健康危险因素
CV03.00.204	农药名称代码表	39	其他杀鼠剂	不属于31~33的杀鼠剂归入39	5	健康危险因素
CV03.00.204	农药名称代码表	4	除草剂		5	健康危险因素
CV03.00.204	农药名称代码表	41	百草枯		5	健康危险因素
CV03.00.204	农药名称代码表	49	其他除草剂	不属于41的除草剂归入49	5	健康危险因素
CV03.00.204	农药名称代码表	5	混合制剂	同时使用两种以上的农药制剂或自配两种以上农药归入5混合制剂	5	健康危险因素
CV03.00.204	农药名称代码表	6	生物化学农药		5	健康危险因素
CV03.00.204	农药名称代码表	9	其他	不能列入1~6的农药品种归入其他9	5	健康危险因素
CV03.00.301	环境危险因素暴露类别代码表	1	无		5	健康危险因素
CV03.00.301	环境危险因素暴露类别代码表	2	化学品		5	健康危险因素
CV03.00.301	环境危险因素暴露类别代码表	3	毒物		5	健康危险因素
CV03.00.301	环境危险因素暴露类别代码表	4	射线		5	健康危险因素
CV03.00.301	环境危险因素暴露类别代码表	5	不详		5	健康危险因素
CV03.00.301	环境危险因素暴露类别代码表	9	其他		5	健康危险因素
CV03.00.302	厨房排风设施类别代码表	1	油烟机		5	健康危险因素
CV03.00.302	厨房排风设施类别代码表	2	换气扇		5	健康危险因素
CV03.00.302	厨房排风设施类别代码表	3	烟囱		5	健康危险因素
CV03.00.302	厨房排风设施类别代码表	9	其他		5	健康危险因素
CV03.00.303	燃料类型类别代码表	1	液化气		5	健康危险因素
CV03.00.303	燃料类型类别代码表	2	煤		5	健康危险因素
CV03.00.303	燃料类型类别代码表	3	天然气		5	健康危险因素
CV03.00.303	燃料类型类别代码表	4	沼气		5	健康危险因素
CV03.00.303	燃料类型类别代码表	5	柴火		5	健康危险因素
CV03.00.303	燃料类型类别代码表	9	其他		5	健康危险因素
CV03.00.304	厕所类别代码表	1	卫生厕所		5	健康危险因素
CV03.00.304	厕所类别代码表	2	一格或二格粪池式		5	健康危险因素
CV03.00.304	厕所类别代码表	3	马桶		5	健康危险因素
CV03.00.304	厕所类别代码表	4	露天粪坑		5	健康危险因素
CV03.00.304	厕所类别代码表	5	简易棚厕		5	健康危险因素
CV03.00.304	厕所类别代码表	9	其他		5	健康危险因素
CV03.00.305	传播途径代码表	1	呼吸道传播		5	健康危险因素
CV03.00.305	传播途径代码表	101	居家		5	健康危险因素
CV03.00.305	传播途径代码表	102	学校		5	健康危险因素
CV03.00.305	传播途径代码表	103	医院		5	健康危险因素
CV03.00.305	传播途径代码表	104	养老机构		5	健康危险因素
CV03.00.305	传播途径代码表	105	监狱		5	健康危险因素
CV03.00.305	传播途径代码表	106	交通工具		5	健康危险因素
CV03.00.305	传播途径代码表	107	公共场所		5	健康危险因素
CV03.00.305	传播途径代码表	108	单位		5	健康危险因素
CV03.00.305	传播途径代码表	2	肠道传播		5	健康危险因素
CV03.00.305	传播途径代码表	201	人传人		5	健康危险因素
CV03.00.305	传播途径代码表	202	水源性		5	健康危险因素
CV03.00.305	传播途径代码表	203	食源性		5	健康危险因素
CV03.00.305	传播途径代码表	3	血源及性传播		5	健康危险因素
CV03.00.305	传播途径代码表	301	注射毒品		5	健康危险因素
CV03.00.305	传播途径代码表	302	阳性配偶/固定性伴传播		5	健康危险因素
CV03.00.305	传播途径代码表	303	非婚非商业异性传播		5	健康危险因素
CV03.00.305	传播途径代码表	304	商业异性传播		5	健康危险因素
CV03.00.305	传播途径代码表	305	同性传播		5	健康危险因素
CV03.00.305	传播途径代码表	306	性接触+注射毒品		5	健康危险因素
CV03.00.305	传播途径代码表	307	采血（浆）		5	健康危险因素
CV03.00.305	传播途径代码表	308	输血/血制品		5	健康危险因素
CV03.00.305	传播途径代码表	309	母婴传播		5	健康危险因素
CV03.00.305	传播途径代码表	310	职业暴露		5	健康危险因素
CV03.00.305	传播途径代码表	311	不详		5	健康危险因素
CV03.00.305	传播途径代码表	4	自然疫源及虫媒传播		5	健康危险因素
CV03.00.305	传播途径代码表	401	牛粪		5	健康危险因素
CV03.00.305	传播途径代码表	402	羊粪		5	健康危险因素
CV03.00.305	传播途径代码表	403	猪粪		5	健康危险因素
CV03.00.305	传播途径代码表	404	马属粪便		5	健康危险因素
CV03.00.305	传播途径代码表	405	狗粪		5	健康危险因素
CV03.00.305	传播途径代码表	406	人类		5	健康危险因素
CV03.00.305	传播途径代码表	407	不明或其他粪便		5	健康危险因素
CV03.00.305	传播途径代码表	408	鸡		5	健康危险因素
CV03.00.305	传播途径代码表	409	鸭		5	健康危险因素
CV03.00.305	传播途径代码表	410	鹅		5	健康危险因素
CV03.00.305	传播途径代码表	411	鸽子		5	健康危险因素
CV03.00.305	传播途径代码表	412	蚊子		5	健康危险因素
CV03.00.305	传播途径代码表	413	猪		5	健康危险因素
CV03.00.305	传播途径代码表	9	其他		5	健康危险因素
CV03.00.306	孕早期服药类别代码表	1	磺胺类		5	健康危险因素
CV03.00.306	孕早期服药类别代码表	2	抗生素		5	健康危险因素
CV03.00.306	孕早期服药类别代码表	3	避孕药		5	健康危险因素
CV03.00.306	孕早期服药类别代码表	4	镇静药		5	健康危险因素
CV03.00.306	孕早期服药类别代码表	9	其他		5	健康危险因素
CV03.00.307	孕产期高危因素代码表	01	年龄＜18岁或≥35岁		5	健康危险因素
CV03.00.307	孕产期高危因素代码表	02	身高≤1.45m		5	健康危险因素
CV03.00.307	孕产期高危因素代码表	03	体重＜40kg或＞80kg		5	健康危险因素
CV03.00.307	孕产期高危因素代码表	04	胸廓脊柱畸形		5	健康危险因素
CV03.00.307	孕产期高危因素代码表	05	自然流产≥2次		5	健康危险因素
CV03.00.307	孕产期高危因素代码表	06	人工流产≥2次		5	健康危险因素
CV03.00.307	孕产期高危因素代码表	07	早产史≥2次		5	健康危险因素
CV03.00.307	孕产期高危因素代码表	08	早期新生儿死亡史1次		5	健康危险因素
CV03.00.307	孕产期高危因素代码表	09	死胎、死产史≥2次		5	健康危险因素
CV03.00.307	孕产期高危因素代码表	10	先天异常儿史1次		5	健康危险因素
CV03.00.307	孕产期高危因素代码表	11	先天异常儿史≥2次		5	健康危险因素
CV03.00.307	孕产期高危因素代码表	12	难产史		5	健康危险因素
CV03.00.307	孕产期高危因素代码表	13	巨大儿分娩史		5	健康危险因素
CV03.00.307	孕产期高危因素代码表	14	产后出血史		5	健康危险因素
CV03.00.307	孕产期高危因素代码表	15	贫血 血红蛋白＜100g/L		5	健康危险因素
CV03.00.307	孕产期高危因素代码表	16	贫血 血红蛋白<60g/L		5	健康危险因素
CV03.00.307	孕产期高危因素代码表	17	活动性肺结核		5	健康危险因素
CV03.00.307	孕产期高危因素代码表	18	心脏病心功能 Ⅰ~Ⅱ级		5	健康危险因素
CV03.00.307	孕产期高危因素代码表	19	心脏病心功能 Ⅲ级~Ⅳ级		5	健康危险因素
CV03.00.307	孕产期高危因素代码表	20	糖尿病		5	健康危险因素
CV03.00.307	孕产期高危因素代码表	21	乙肝病毒携带者		5	健康危险因素
CV03.00.307	孕产期高危因素代码表	22	活动性病毒性肝炎		5	健康危险因素
CV03.00.307	孕产期高危因素代码表	23	肺心病		5	健康危险因素
CV03.00.307	孕产期高危因素代码表	24	甲状腺功能亢进或低下		5	健康危险因素
CV03.00.307	孕产期高危因素代码表	25	高血压		5	健康危险因素
CV03.00.307	孕产期高危因素代码表	26	慢性肾炎		5	健康危险因素
CV03.00.307	孕产期高危因素代码表	27	淋病		5	健康危险因素
CV03.00.307	孕产期高危因素代码表	28	梅毒		5	健康危险因素
CV03.00.307	孕产期高危因素代码表	29	艾滋病		5	健康危险因素
CV03.00.307	孕产期高危因素代码表	30	尖锐湿疣		5	健康危险因素
CV03.00.307	孕产期高危因素代码表	31	沙眼衣原体感染		5	健康危险因素
CV03.00.307	孕产期高危因素代码表	32	骶耻外径＜18cm		5	健康危险因素
CV03.00.307	孕产期高危因素代码表	33	坐骨结节间径≤8cm		5	健康危险因素
CV03.00.307	孕产期高危因素代码表	34	畸形骨盆		5	健康危险因素
CV03.00.307	孕产期高危因素代码表	35	臀位、横位（30周后）		5	健康危险因素
CV03.00.307	孕产期高危因素代码表	36	先兆早产＜34周		5	健康危险因素
CV03.00.307	孕产期高危因素代码表	37	先兆早产34~36周+6		5	健康危险因素
CV03.00.307	孕产期高危因素代码表	38	盆腔肿瘤		5	健康危险因素
CV03.00.307	孕产期高危因素代码表	39	羊水过多或过少		5	健康危险因素
CV03.00.307	孕产期高危因素代码表	40	妊娠期高血压、轻度子痫前期		5	健康危险因素
CV03.00.307	孕产期高危因素代码表	41	重度子痫前期		5	健康危险因素
CV03.00.307	孕产期高危因素代码表	42	子痫		5	健康危险因素
CV03.00.307	孕产期高危因素代码表	43	妊娠晚期阴道流血		5	健康危险因素
CV03.00.307	孕产期高危因素代码表	44	胎心率持续≥160次/min		5	健康危险因素
CV03.00.307	孕产期高危因素代码表	45	胎心率≤120次/min、但＞100次/min		5	健康危险因素
CV03.00.307	孕产期高危因素代码表	46	胎心率≤100次/min		5	健康危险因素
CV03.00.307	孕产期高危因素代码表	47	胎动＜20次/12h		5	健康危险因素
CV03.00.307	孕产期高危因素代码表	48	胎动＜10次/12h		5	健康危险因素
CV03.00.307	孕产期高危因素代码表	49	多胎		5	健康危险因素
CV03.00.307	孕产期高危因素代码表	50	胎膜早破		5	健康危险因素
CV03.00.307	孕产期高危因素代码表	51	估计巨大儿或IUGR		5	健康危险因素
CV03.00.307	孕产期高危因素代码表	52	妊娠41~41周+6		5	健康危险因素
CV03.00.307	孕产期高危因素代码表	53	妊娠≥42周		5	健康危险因素
CV03.00.307	孕产期高危因素代码表	54	母儿ABO血型不合		5	健康危险因素
CV03.00.307	孕产期高危因素代码表	55	母儿Rh血型不合		5	健康危险因素
CV03.00.307	孕产期高危因素代码表	56	孕妇及一级亲属有遗传病史		5	健康危险因素
CV03.00.307	孕产期高危因素代码表	57	妊娠早期接触可疑致畸药物		5	健康危险因素
CV03.00.307	孕产期高危因素代码表	58	妊娠早期接触物理化学因素及病毒感染等		5	健康危险因素
CV03.00.307	孕产期高危因素代码表	59	家庭贫困		5	健康危险因素
CV03.00.307	孕产期高危因素代码表	60	孕妇或丈夫为文盲或半文盲		5	健康危险因素
CV03.00.307	孕产期高危因素代码表	61	丈夫长期不在家		5	健康危险因素
CV03.00.307	孕产期高危因素代码表	62	由居住地到卫生院需要1h以上		5	健康危险因素
CV03.00.307	孕产期高危因素代码表	63	生殖道畸形		5	健康危险因素
CV03.00.307	孕产期高危因素代码表	64	妊娠胆汁淤积症		5	健康危险因素
CV03.00.308	接触有害因素类别代码表	1	饮酒		5	健康危险因素
CV03.00.308	接触有害因素类别代码表	2	吸烟		5	健康危险因素
CV03.00.308	接触有害因素类别代码表	3	放射线		5	健康危险因素
CV03.00.308	接触有害因素类别代码表	4	化学制剂		5	健康危险因素
CV03.00.308	接触有害因素类别代码表	5	农药		5	健康危险因素
CV03.00.308	接触有害因素类别代码表	6	服用药物		5	健康危险因素
CV03.00.308	接触有害因素类别代码表	9	其他		5	健康危险因素
CV03.00.309	艾滋病患者亲属HIV感染状况代码表	1	未查/不详		5	健康危险因素
CV03.00.309	艾滋病患者亲属HIV感染状况代码表	2	阴性		5	健康危险因素
CV03.00.309	艾滋病患者亲属HIV感染状况代码表	3	阳性		5	健康危险因素
CV03.00.309	艾滋病患者亲属HIV感染状况代码表	9	检测结果不确定		5	健康危险因素
CV08.50.001	疫苗名称代码	01	乙型肝炎疫苗	预防乙型肝炎	16	药品与医疗器械
CV08.50.001	疫苗名称代码	02	结核疫苗	预防结核病	16	药品与医疗器械
CV08.50.001	疫苗名称代码	03	脊髓灰质炎疫苗	预防脊髓灰质炎	16	药品与医疗器械
CV08.50.001	疫苗名称代码	04	白喉百日咳破伤风疫苗	预防白喉、百日咳、破伤风	16	药品与医疗器械
CV08.50.001	疫苗名称代码	05	麻疹疫苗	预防麻疹	16	药品与医疗器械
CV08.50.001	疫苗名称代码	06	乙型脑炎疫苗	预防乙型脑炎	16	药品与医疗器械
CV08.50.001	疫苗名称代码	07	脑膜炎球菌疫苗	预防脑膜炎球菌	16	药品与医疗器械
CV08.50.001	疫苗名称代码	08	麻疹流行性腮腺炎疫苗	预防麻疹、流行性腮腺炎	16	药品与医疗器械
CV08.50.001	疫苗名称代码	09	麻疹风疹疫苗	预防麻疹、风疹	16	药品与医疗器械
CV08.50.001	疫苗名称代码	10	白喉破伤风疫苗	预防白喉、破伤风	16	药品与医疗器械
CV08.50.001	疫苗名称代码	11	麻疹流行性腮腺炎风疹疫	预防麻疹、流行性腮腺炎风疹	16	药品与医疗器械
CV08.50.001	疫苗名称代码	12	水痘疫苗	预防水痘	16	药品与医疗器械
CV08.50.001	疫苗名称代码	13	肺炎球菌疫苗	预防肺炎球菌	16	药品与医疗器械
CV08.50.001	疫苗名称代码	14	流行性感冒疫苗	预防流行性感冒	16	药品与医疗器械
CV08.50.001	疫苗名称代码	15	甲型肝炎疫苗	预防甲型肝炎	16	药品与医疗器械
CV08.50.001	疫苗名称代码	16	风疹疫苗	预防风疹	16	药品与医疗器械
CV08.50.001	疫苗名称代码	17	流行性腮腺炎疫苗	预防流行性腮腺炎	16	药品与医疗器械
CV08.50.001	疫苗名称代码	18	流感嗜血杆菌疫苗	预防流感嗜血杆菌引起的脑膜炎等疾病	16	药品与医疗器械
CV08.50.001	疫苗名称代码	19	甲型肝炎乙型肝炎疫苗	预防甲型肝炎、乙型肝炎	16	药品与医疗器械
CV08.50.001	疫苗名称代码	20	狂犬病疫苗	预防狂犬病	16	药品与医疗器械
CV08.50.001	疫苗名称代码	21	轮状病毒疫苗	预防轮状病毒引起的腹泻	16	药品与医疗器械
CV08.50.001	疫苗名称代码	22	霍乱疫苗	预防霍乱	16	药品与医疗器械
CV08.50.001	疫苗名称代码	23	钩端螺旋体疫苗	预防钩端螺旋体病	16	药品与医疗器械
CV08.50.001	疫苗名称代码	24	肾综合征出血热疫苗	预防肾综合征出血热	16	药品与医疗器械
CV08.50.001	疫苗名称代码	25	炭疽疫苗	预防炭疽	16	药品与医疗器械
CV08.50.001	疫苗名称代码	26	黄热病疫苗	预防黄热病	16	药品与医疗器械
CV08.50.001	疫苗名称代码	27	伤寒疫苗（包含副伤寒）	预防伤寒（包含副伤寒）	16	药品与医疗器械
CV08.50.001	疫苗名称代码	28	气管炎疫苗	预防气管炎	16	药品与医疗器械
CV08.50.001	疫苗名称代码	29	白喉疫苗	预防白喉	16	药品与医疗器械
CV08.50.001	疫苗名称代码	30	破伤风疫苗	预防破伤风	16	药品与医疗器械
CV08.50.001	疫苗名称代码	31	百日咳疫苗	预防百日咳	16	药品与医疗器械
CV08.50.001	疫苗名称代码	32	森林脑炎疫苗	预防森林脑炎	16	药品与医疗器械
CV08.50.001	疫苗名称代码	33	布氏菌疫苗	预防布病	16	药品与医疗器械
CV08.50.001	疫苗名称代码	34	鼠疫疫苗	预防鼠疫	16	药品与医疗器械
CV08.50.001	疫苗名称代码	35	痢疾疫苗	预防痢疾	16	药品与医疗器械
CV08.50.001	疫苗名称代码	36	人类乳头瘤病毒疫苗	预防人类乳头瘤病毒引起的疾病	16	药品与医疗器械
CV08.50.001	疫苗名称代码	37	疖病疫苗	预防疖病	16	药品与医疗器械
CV08.50.001	疫苗名称代码	38	四联疫苗	预防相应的四种疾病（白喉、百日咳、破伤风+流感嗜血杆菌引起的脑膜 炎或脊髓灰质炎或乙肝等1种不确定疫苗联合）	16	药品与医疗器械
CV08.50.001	疫苗名称代码	39	五联疫苗	预防相应的五种疾病（白喉、百日咳、破伤风+2种不确定疫苗联合）	16	药品与医疗器械
CV08.50.001	疫苗名称代码	40	六联疫苗	预防相应的六种疾病（白喉、百日咳、破伤风+3种不确定疫苗联合）	16	药品与医疗器械
CV08.50.001	疫苗名称代码	41	新型冠状病毒疫苗	预防新型冠状病毒的疫苗，主要包括灭活疫苗、腺病毒载体疫苗、重组蛋 白疫苗和mRNA疫苗	16	药品与医疗器械
CV08.50.001	疫苗名称代码	99	其他		16	药品与医疗器械
CV08.50.002	药品剂型代码表	00	原料		16	药品与医疗器械
CV08.50.002	药品剂型代码表	01	口服常释普通片剂		16	药品与医疗器械
CV08.50.002	药品剂型代码表	0101	片剂	含素片、糖衣片、薄膜衣片	16	药品与医疗器械
CV08.50.002	药品剂型代码表	0102	肠溶片		16	药品与医疗器械
CV08.50.002	药品剂型代码表	0103	分散片		16	药品与医疗器械
CV08.50.002	药品剂型代码表	0104	咀嚼片		16	药品与医疗器械
CV08.50.002	药品剂型代码表	0105	口腔崩解片		16	药品与医疗器械
CV08.50.002	药品剂型代码表	0106	浸膏片	含半浸膏片	16	药品与医疗器械
CV08.50.002	药品剂型代码表	0107	泡腾片		16	药品与医疗器械
CV08.50.002	药品剂型代码表	0199	其他口服常释普通片剂	含双层片、多层片、异型片、划痕片、压制片、糖胶片等	16	药品与医疗器械
CV08.50.002	药品剂型代码表	02	口服普通胶囊剂		16	药品与医疗器械
CV08.50.002	药品剂型代码表	0201	胶囊剂		16	药品与医疗器械
CV08.50.002	药品剂型代码表	0202	肠溶胶囊剂		16	药品与医疗器械
CV08.50.002	药品剂型代码表	0203	软胶囊剂	含胶丸	16	药品与医疗器械
CV08.50.002	药品剂型代码表	0204	肠溶软胶囊剂	含肠溶胶丸	16	药品与医疗器械
CV08.50.002	药品剂型代码表	0299	其他口服普通胶囊剂	含结肠溶胶囊、微丸胶囊、微囊胶囊	16	药品与医疗器械
CV08.50.002	药品剂型代码表	03	口服缓控释制剂		16	药品与医疗器械
CV08.50.002	药品剂型代码表	0301	缓释片		16	药品与医疗器械
CV08.50.002	药品剂型代码表	0302	肠溶缓释片		16	药品与医疗器械
CV08.50.002	药品剂型代码表	0303	缓释胶囊		16	药品与医疗器械
CV08.50.002	药品剂型代码表	0304	肠溶缓释胶囊		16	药品与医疗器械
CV08.50.002	药品剂型代码表	0305	控释片		16	药品与医疗器械
CV08.50.002	药品剂型代码表	0306	控释胶囊		16	药品与医疗器械
CV08.50.002	药品剂型代码表	0399	其他口服缓控释制剂	含速释片、长效片、双释放肠溶胶囊、速释胶囊、缓释混悬剂	16	药品与医疗器械
CV08.50.002	药品剂型代码表	04	颗粒剂		16	药品与医疗器械
CV08.50.002	药品剂型代码表	0401	常规颗粒剂	含无糖、低糖、含糖型颗粒剂	16	药品与医疗器械
CV08.50.002	药品剂型代码表	0402	混悬颗粒剂		16	药品与医疗器械
CV08.50.002	药品剂型代码表	0403	泡腾颗粒剂		16	药品与医疗器械
CV08.50.002	药品剂型代码表	0404	肠溶颗粒剂		16	药品与医疗器械
CV08.50.002	药品剂型代码表	0405	缓释颗粒剂		16	药品与医疗器械
CV08.50.002	药品剂型代码表	0406	控释颗粒剂		16	药品与医疗器械
CV08.50.002	药品剂型代码表	0499	其他颗粒剂	含细粒剂、胶体颗粒、速释颗粒药等	16	药品与医疗器械
CV08.50.002	药品剂型代码表	05	丸剂		16	药品与医疗器械
CV08.50.002	药品剂型代码表	0501	常规丸剂	含小丸、薄膜衣丸、糖衣丸、包衣小丸	16	药品与医疗器械
CV08.50.002	药品剂型代码表	0502	滴丸	含薄膜衣滴丸、糖衣滴丸	16	药品与医疗器械
CV08.50.002	药品剂型代码表	0503	糖丸		16	药品与医疗器械
CV08.50.002	药品剂型代码表	0504	水丸		16	药品与医疗器械
CV08.50.002	药品剂型代码表	0505	蜜丸	含大蜜丸、小蜜丸	16	药品与医疗器械
CV08.50.002	药品剂型代码表	0506	水蜜丸		16	药品与医疗器械
CV08.50.002	药品剂型代码表	0507	浓缩丸	含浓缩蜜丸、浓缩水丸、炭衣浓缩水丸、浓缩水蜜丸、浓缩微丸	16	药品与医疗器械
CV08.50.002	药品剂型代码表	0508	糊丸		16	药品与医疗器械
CV08.50.002	药品剂型代码表	0509	蜡丸		16	药品与医疗器械
CV08.50.002	药品剂型代码表	0510	微丸	包含微丸、包衣微丸	16	药品与医疗器械
CV08.50.002	药品剂型代码表	0599	其他丸剂	包含调释丸	16	药品与医疗器械
CV08.50.002	药品剂型代码表	06	口服散剂、粉剂		16	药品与医疗器械
CV08.50.002	药品剂型代码表	0601	口服散剂		16	药品与医疗器械
CV08.50.002	药品剂型代码表	0602	口服粉剂	含冻干粉、干粉剂、乳干粉、口服溶液用粉	16	药品与医疗器械
CV08.50.002	药品剂型代码表	0699	其他口服散剂、粉剂		16	药品与医疗器械
CV08.50.002	药品剂型代码表	07	口服液体剂		16	药品与医疗器械
CV08.50.002	药品剂型代码表	0701	口服溶液剂	含口服液、有糖型口服液、有糖型溶液剂	16	药品与医疗器械
CV08.50.002	药品剂型代码表	0702	口服混悬剂	含干混悬剂	16	药品与医疗器械
CV08.50.002	药品剂型代码表	0703	口服乳剂	含乳液、干悬乳剂	16	药品与医疗器械
CV08.50.002	药品剂型代码表	0704	滴剂	含溶液滴剂、混悬滴剂、乳剂滴剂、胶囊型滴剂	16	药品与医疗器械
CV08.50.002	药品剂型代码表	0705	糖浆剂	含蜜浆剂	16	药品与医疗器械
CV08.50.002	药品剂型代码表	0706	合剂		16	药品与医疗器械
CV08.50.002	药品剂型代码表	0707	酒剂		16	药品与医疗器械
CV08.50.002	药品剂型代码表	0708	露剂		16	药品与医疗器械
CV08.50.002	药品剂型代码表	0709	口服酊剂		16	药品与医疗器械
CV08.50.002	药品剂型代码表	0710	口服醑剂		16	药品与医疗器械
CV08.50.002	药品剂型代码表	0711	酏剂		16	药品与医疗器械
CV08.50.002	药品剂型代码表	0799	其他口服液体剂		16	药品与医疗器械
CV08.50.002	药品剂型代码表	08	口服膏剂、口服凝胶剂		16	药品与医疗器械
CV08.50.002	药品剂型代码表	0801	煎膏剂	即膏滋、膏方	16	药品与医疗器械
CV08.50.002	药品剂型代码表	0802	浸膏剂		16	药品与医疗器械
CV08.50.002	药品剂型代码表	0803	流浸膏剂		16	药品与医疗器械
CV08.50.002	药品剂型代码表	0804	口服凝胶剂	含混悬凝胶剂	16	药品与医疗器械
CV08.50.002	药品剂型代码表	0899	其他口服膏剂、口服凝胶剂		16	药品与医疗器械
CV08.50.002	药品剂型代码表	09	胶剂、锭剂、茶剂、曲剂		16	药品与医疗器械
CV08.50.002	药品剂型代码表	0901	胶剂		16	药品与医疗器械
CV08.50.002	药品剂型代码表	0902	锭剂	含糖锭	16	药品与医疗器械
CV08.50.002	药品剂型代码表	0903	茶剂	含袋泡剂	16	药品与医疗器械
CV08.50.002	药品剂型代码表	0904	曲剂		16	药品与医疗器械
CV08.50.002	药品剂型代码表	0999	其他胶剂、锭剂、茶剂、曲剂		16	药品与医疗器械
CV08.50.002	药品剂型代码表	10	口腔片剂、舌下片剂、喉用片剂		16	药品与医疗器械
CV08.50.002	药品剂型代码表	1001	口腔贴片		16	药品与医疗器械
CV08.50.002	药品剂型代码表	1002	含片	含口含片	16	药品与医疗器械
CV08.50.002	药品剂型代码表	1003	舌下片		16	药品与医疗器械
CV08.50.002	药品剂型代码表	1004	口颊片	含控释口颊片	16	药品与医疗器械
CV08.50.002	药品剂型代码表	1005	喉片		16	药品与医疗器械
CV08.50.002	药品剂型代码表	1099	其他口腔用片剂、舌下片剂及喉用片剂	含可溶片、水溶片、漱口片、口腔粘附片、口胶剂等	16	药品与医疗器械
CV08.50.002	药品剂型代码表	11	熨剂、炙剂		16	药品与医疗器械
CV08.50.002	药品剂型代码表	1101	熨剂		16	药品与医疗器械
CV08.50.002	药品剂型代码表	1102	炙剂		16	药品与医疗器械
CV08.50.002	药品剂型代码表	1199	其他熨剂、炙剂	含熏蒸剂等	16	药品与医疗器械
CV08.50.002	药品剂型代码表	12	鼻用制剂		16	药品与医疗器械
CV08.50.002	药品剂型代码表	1201	鼻用液体制剂	含吸入剂、滴鼻剂、洗鼻剂；不含吸入喷雾剂	16	药品与医疗器械
CV08.50.002	药品剂型代码表	1202	鼻用半固体制剂	含鼻用软膏、鼻用乳膏、鼻用凝胶	16	药品与医疗器械
CV08.50.002	药品剂型代码表	1203	鼻用固体制剂	含鼻用溶液片、鼻用散剂、鼻用粉雾剂、鼻用棒剂	16	药品与医疗器械
CV08.50.002	药品剂型代码表	1204	鼻用气体制剂	不含吸入气雾剂	16	药品与医疗器械
CV08.50.002	药品剂型代码表	1299	其他鼻用制剂		16	药品与医疗器械
CV08.50.002	药品剂型代码表	13	耳用制剂		16	药品与医疗器械
CV08.50.002	药品剂型代码表	1301	耳用液体制剂	含滴耳剂、洗耳剂、耳用喷雾剂	16	药品与医疗器械
CV08.50.002	药品剂型代码表	1302	耳用半固体制剂	含耳用软膏、耳用乳膏、耳用凝胶、耳塞	16	药品与医疗器械
CV08.50.002	药品剂型代码表	1303	耳用固体制剂	含耳用散剂、耳用丸剂	16	药品与医疗器械
CV08.50.002	药品剂型代码表	1399	其他耳用制剂		16	药品与医疗器械
CV08.50.002	药品剂型代码表	14	眼用制剂		16	药品与医疗器械
CV08.50.002	药品剂型代码表	1401	眼用液体制剂	含滴眼剂、洗眼剂、眼内注射溶液	16	药品与医疗器械
CV08.50.002	药品剂型代码表	1402	眼用半固体制剂	含眼膏、眼用乳膏、眼用凝胶	16	药品与医疗器械
CV08.50.002	药品剂型代码表	1403	眼用固体制剂	含眼药水片、粉剂眼药、眼膜剂、眼丸剂、眼内插入剂	16	药品与医疗器械
CV08.50.002	药品剂型代码表	1499	其他眼用制剂		16	药品与医疗器械
CV08.50.002	药品剂型代码表	15	外用片剂、凝胶剂、乳胶剂、软膏剂、乳 膏剂		16	药品与医疗器械
CV08.50.002	药品剂型代码表	1501	外用片	含外用环形片、坐药片、异型片、纸片、膜片、贴脐片	16	药品与医疗器械
CV08.50.002	药品剂型代码表	1502	凝胶剂	含胶浆剂	16	药品与医疗器械
CV08.50.002	药品剂型代码表	1503	乳胶剂		16	药品与医疗器械
CV08.50.002	药品剂型代码表	1504	乳膏剂	含霜剂	16	药品与医疗器械
CV08.50.002	药品剂型代码表	1505	软膏剂	含水膏剂、油膏剂	16	药品与医疗器械
CV08.50.002	药品剂型代码表	1506	糊剂		16	药品与医疗器械
CV08.50.002	药品剂型代码表	1599	其他外用剂型		16	药品与医疗器械
CV08.50.002	药品剂型代码表	16	贴膏剂、膏药		16	药品与医疗器械
CV08.50.002	药品剂型代码表	1601	贴剂	含贴片、透皮贴剂、缓控释透皮贴剂	16	药品与医疗器械
CV08.50.002	药品剂型代码表	1603	橡皮膏剂	含橡胶膏剂	16	药品与医疗器械
CV08.50.002	药品剂型代码表	1604	凝胶膏剂	即巴布膏剂	16	药品与医疗器械
CV08.50.002	药品剂型代码表	1605	膏药剂	含湿敷剂、贴敷剂	16	药品与医疗器械
CV08.50.002	药品剂型代码表	1699	其他贴膏剂、膏药		16	药品与医疗器械
CV08.50.002	药品剂型代码表	17	膜剂、海绵剂		16	药品与医疗器械
CV08.50.002	药品剂型代码表	1701	口服膜剂		16	药品与医疗器械
CV08.50.002	药品剂型代码表	1702	口腔膜剂		16	药品与医疗器械
CV08.50.002	药品剂型代码表	1703	牙用缓释膜剂		16	药品与医疗器械
CV08.50.002	药品剂型代码表	1704	阴道膜剂		16	药品与医疗器械
CV08.50.002	药品剂型代码表	1705	外用膜剂		16	药品与医疗器械
CV08.50.002	药品剂型代码表	1706	海绵剂		16	药品与医疗器械
CV08.50.002	药品剂型代码表	1799	其他膜剂、海绵剂		16	药品与医疗器械
CV08.50.002	药品剂型代码表	18	栓剂		16	药品与医疗器械
CV08.50.002	药品剂型代码表	1801	阴道栓	含棉栓	16	药品与医疗器械
CV08.50.002	药品剂型代码表	1802	肛门栓	含直肠栓、痔疮栓	16	药品与医疗器械
CV08.50.002	药品剂型代码表	1803	尿道栓		16	药品与医疗器械
CV08.50.002	药品剂型代码表	1899	其他栓剂		16	药品与医疗器械
CV08.50.002	药品剂型代码表	19	阴道用片剂、胶囊剂、凝胶剂		16	药品与医疗器械
CV08.50.002	药品剂型代码表	1901	阴道片		16	药品与医疗器械
CV08.50.002	药品剂型代码表	1902	阴道泡腾片		16	药品与医疗器械
CV08.50.002	药品剂型代码表	1903	阴道异型片		16	药品与医疗器械
CV08.50.002	药品剂型代码表	1904	阴道胶囊		16	药品与医疗器械
CV08.50.002	药品剂型代码表	1905	阴道软胶囊		16	药品与医疗器械
CV08.50.002	药品剂型代码表	1906	阴道泡腾胶囊		16	药品与医疗器械
CV08.50.002	药品剂型代码表	1907	阴道凝胶剂		16	药品与医疗器械
CV08.50.002	药品剂型代码表	1999	其他阴道制剂		16	药品与医疗器械
CV08.50.002	药品剂型代码表	20	棒剂		16	药品与医疗器械
CV08.50.002	药品剂型代码表	2001	药棒		16	药品与医疗器械
CV08.50.002	药品剂型代码表	2002	蜡棒		16	药品与医疗器械
CV08.50.002	药品剂型代码表	2099	其他棒剂		16	药品与医疗器械
CV08.50.002	药品剂型代码表	21	外用散剂、粉剂		16	药品与医疗器械
CV08.50.002	药品剂型代码表	2101	外用散剂		16	药品与医疗器械
CV08.50.002	药品剂型代码表	2102	外用粉剂	含干粉剂、冻干粉、口服溶液用粉、撒布粉	16	药品与医疗器械
CV08.50.002	药品剂型代码表	2199	其他外用散剂、粉剂		16	药品与医疗器械
CV08.50.002	药品剂型代码表	22	外用液体剂		16	药品与医疗器械
CV08.50.002	药品剂型代码表	2201	外用溶液剂		16	药品与医疗器械
CV08.50.002	药品剂型代码表	2202	外用混悬液		16	药品与医疗器械
CV08.50.002	药品剂型代码表	2203	含漱液		16	药品与医疗器械
CV08.50.002	药品剂型代码表	2204	冲洗液		16	药品与医疗器械
CV08.50.002	药品剂型代码表	2205	酊剂		16	药品与医疗器械
CV08.50.002	药品剂型代码表	2206	醑剂		16	药品与医疗器械
CV08.50.002	药品剂型代码表	2207	甘油剂		16	药品与医疗器械
CV08.50.002	药品剂型代码表	2208	灌肠剂		16	药品与医疗器械
CV08.50.002	药品剂型代码表	2209	灌注液		16	药品与医疗器械
CV08.50.002	药品剂型代码表	2210	洗剂		16	药品与医疗器械
CV08.50.002	药品剂型代码表	2211	油剂		16	药品与医疗器械
CV08.50.002	药品剂型代码表	2212	涂膜剂		16	药品与医疗器械
CV08.50.002	药品剂型代码表	2213	涂剂	含涂布剂	16	药品与医疗器械
CV08.50.002	药品剂型代码表	2214	搽剂		16	药品与医疗器械
CV08.50.002	药品剂型代码表	2215	擦剂		16	药品与医疗器械
CV08.50.002	药品剂型代码表	2299	其他外用液体剂		16	药品与医疗器械
CV08.50.002	药品剂型代码表	23	气雾剂（含抛射剂）		16	药品与医疗器械
CV08.50.002	药品剂型代码表	2301	吸入气雾剂	含溶液、乳状液、混悬液	16	药品与医疗器械
CV08.50.002	药品剂型代码表	2302	非吸入气雾剂	含溶液、乳状液、混悬液	16	药品与医疗器械
CV08.50.002	药品剂型代码表	2303	外用气雾剂	含溶液、乳状液、混悬液	16	药品与医疗器械
CV08.50.002	药品剂型代码表	2399	其他气雾剂		16	药品与医疗器械
CV08.50.002	药品剂型代码表	24	粉雾剂		16	药品与医疗器械
CV08.50.002	药品剂型代码表	2401	吸入粉雾剂	含胶囊型、泡囊型、多剂量贮库	16	药品与医疗器械
CV08.50.002	药品剂型代码表	2402	非吸入粉雾剂	指舌下、咽喉、口内等部位粉雾剂。含胶囊型、泡囊型、多剂量贮库	16	药品与医疗器械
CV08.50.002	药品剂型代码表	2403	外用粉雾剂	含胶囊型、泡囊型、多剂量贮库	16	药品与医疗器械
CV08.50.002	药品剂型代码表	2499	其他粉雾剂		16	药品与医疗器械
CV08.50.002	药品剂型代码表	25	喷雾剂		16	药品与医疗器械
CV08.50.002	药品剂型代码表	2501	吸入喷雾剂	含溶液、乳状液、混悬液	16	药品与医疗器械
CV08.50.002	药品剂型代码表	2502	非吸入喷雾剂	指舌下、咽喉、口内等部位喷雾剂。含溶液、乳状液、混悬液	16	药品与医疗器械
CV08.50.002	药品剂型代码表	2503	外用喷雾剂	含溶液、乳状液、混悬液	16	药品与医疗器械
CV08.50.002	药品剂型代码表	2599	其他喷雾剂		16	药品与医疗器械
CV08.50.002	药品剂型代码表	26	注射剂		16	药品与医疗器械
CV08.50.002	药品剂型代码表	2601	注射液	含水针、油针、注射用混悬剂、注射用乳剂、脂质体注射液	16	药品与医疗器械
CV08.50.002	药品剂型代码表	2602	注射用无菌粉末	含注射用干乳剂、粉针剂、冻干粉针、溶媒结晶粉针、	16	药品与医疗器械
CV08.50.002	药品剂型代码表	2603	注射用脂质体		16	药品与医疗器械
CV08.50.002	药品剂型代码表	2604	注射用无菌粉末（带溶媒或装置）	含注射用干乳剂、粉针剂、冻干粉针、溶媒结晶粉针	16	药品与医疗器械
CV08.50.002	药品剂型代码表	2605	注射用脂质体（带溶媒或装置）		16	药品与医疗器械
CV08.50.002	药品剂型代码表	2606	注射溶媒		16	药品与医疗器械
CV08.50.002	药品剂型代码表	2699	其他注射剂		16	药品与医疗器械
CV08.50.002	药品剂型代码表	27	宫内节育系统、植入剂、缓释植入剂		16	药品与医疗器械
CV08.50.002	药品剂型代码表	2701	宫内节育系统		16	药品与医疗器械
CV08.50.002	药品剂型代码表	2702	缓释植入剂		16	药品与医疗器械
CV08.50.002	药品剂型代码表	2703	植入剂		16	药品与医疗器械
CV08.50.002	药品剂型代码表	2799	其他植入剂	含放射性密封源	16	药品与医疗器械
CV08.50.002	药品剂型代码表	90	试剂盒（诊断用试剂）、药盒		16	药品与医疗器械
CV08.50.002	药品剂型代码表	9001	试剂盒		16	药品与医疗器械
CV08.50.002	药品剂型代码表	9002	药盒		16	药品与医疗器械
CV08.50.002	药品剂型代码表	9099	其他诊断试剂		16	药品与医疗器械
CV08.50.002	药品剂型代码表	99	其他剂型	含复合剂型包装及泡沫剂、湿巾等剂型	16	药品与医疗器械
CV08.50.003	药敏试验药物代码	01	异烟肼	H	16	药品与医疗器械
CV08.50.003	药敏试验药物代码	02	链霉素	S	16	药品与医疗器械
CV08.50.003	药敏试验药物代码	03	利福平	R	16	药品与医疗器械
CV08.50.003	药敏试验药物代码	04	乙胺丁醇	E	16	药品与医疗器械
CV08.50.003	药敏试验药物代码	05	对氨基水杨酸钠	P	16	药品与医疗器械
CV08.50.003	药敏试验药物代码	06	氨硫脲	T	16	药品与医疗器械
CV08.50.003	药敏试验药物代码	07	左氧氟沙星		16	药品与医疗器械
CV08.50.003	药敏试验药物代码	08	莫西沙星		16	药品与医疗器械
CV08.50.003	药敏试验药物代码	09	卡那霉素	K	16	药品与医疗器械
CV08.50.003	药敏试验药物代码	99	其他		16	药品与医疗器械
CV08.50.101	宫内节育器种类代码	01	带铜宫形宫内节育器		16	药品与医疗器械
CV08.50.101	宫内节育器种类代码	02	带铜T形宫内节育器		16	药品与医疗器械
CV08.50.101	宫内节育器种类代码	03	吉妮宫内节育器		16	药品与医疗器械
CV08.50.101	宫内节育器种类代码	04	母体乐宫内节育器		16	药品与医疗器械
CV08.50.101	宫内节育器种类代码	05	活性γ型宫内节育器		16	药品与医疗器械
CV08.50.101	宫内节育器种类代码	06	吲哚美辛-VCu200宫内节育器		16	药品与医疗器械
CV08.50.101	宫内节育器种类代码	07	药铜环165宫内节育器		16	药品与医疗器械
CV08.50.101	宫内节育器种类代码	08	左炔诺孕酮宫内节育器		16	药品与医疗器械
CV08.50.101	宫内节育器种类代码	99	其他		16	药品与医疗器械
CV09.00.101	卫生监督对象类别代码表	01	公共场所		17	卫生健康管理
CV09.00.101	卫生监督对象类别代码表	0101	宾馆		17	卫生健康管理
CV09.00.101	卫生监督对象类别代码表	0102	饭馆		17	卫生健康管理
CV09.00.101	卫生监督对象类别代码表	0103	旅店		17	卫生健康管理
CV09.00.101	卫生监督对象类别代码表	0104	招待所		17	卫生健康管理
CV09.00.101	卫生监督对象类别代码表	0105	车马店		17	卫生健康管理
CV09.00.101	卫生监督对象类别代码表	0106	咖啡馆		17	卫生健康管理
CV09.00.101	卫生监督对象类别代码表	0107	酒吧		17	卫生健康管理
CV09.00.101	卫生监督对象类别代码表	0108	茶座		17	卫生健康管理
CV09.00.101	卫生监督对象类别代码表	0109	公共浴室		17	卫生健康管理
CV09.00.101	卫生监督对象类别代码表	0110	理发店		17	卫生健康管理
CV09.00.101	卫生监督对象类别代码表	0111	美容店		17	卫生健康管理
CV09.00.101	卫生监督对象类别代码表	0112	影剧院		17	卫生健康管理
CV09.00.101	卫生监督对象类别代码表	0113	录像厅（室）		17	卫生健康管理
CV09.00.101	卫生监督对象类别代码表	0114	游艺厅（室）		17	卫生健康管理
CV09.00.101	卫生监督对象类别代码表	0115	舞厅		17	卫生健康管理
CV09.00.101	卫生监督对象类别代码表	0116	音乐厅		17	卫生健康管理
CV09.00.101	卫生监督对象类别代码表	0117	体育场（馆）		17	卫生健康管理
CV09.00.101	卫生监督对象类别代码表	0118	游泳场（馆）		17	卫生健康管理
CV09.00.101	卫生监督对象类别代码表	0119	公园		17	卫生健康管理
CV09.00.101	卫生监督对象类别代码表	0120	展览馆		17	卫生健康管理
CV09.00.101	卫生监督对象类别代码表	0121	博物馆		17	卫生健康管理
CV09.00.101	卫生监督对象类别代码表	0122	美术馆		17	卫生健康管理
CV09.00.101	卫生监督对象类别代码表	0123	图书馆		17	卫生健康管理
CV09.00.101	卫生监督对象类别代码表	0124	商场（店）		17	卫生健康管理
CV09.00.101	卫生监督对象类别代码表	0125	书店		17	卫生健康管理
CV09.00.101	卫生监督对象类别代码表	0126	候诊室		17	卫生健康管理
CV09.00.101	卫生监督对象类别代码表	0127	候车（机、船）室		17	卫生健康管理
CV09.00.101	卫生监督对象类别代码表	0128	公共交通工具		17	卫生健康管理
CV09.00.101	卫生监督对象类别代码表	0129	高速公路服务区		17	卫生健康管理
CV09.00.101	卫生监督对象类别代码表	0130	足浴店		17	卫生健康管理
CV09.00.101	卫生监督对象类别代码表	0100	未分类		17	卫生健康管理
CV09.00.101	卫生监督对象类别代码表	02	生活饮用水		17	卫生健康管理
CV09.00.101	卫生监督对象类别代码表	0201	集中式供水		17	卫生健康管理
CV09.00.101	卫生监督对象类别代码表	020101	城市		17	卫生健康管理
CV09.00.101	卫生监督对象类别代码表	020102	乡镇		17	卫生健康管理
CV09.00.101	卫生监督对象类别代码表	020100	未分类		17	卫生健康管理
CV09.00.101	卫生监督对象类别代码表	0202	二次供水		17	卫生健康管理
CV09.00.101	卫生监督对象类别代码表	0203	涉及饮用水卫生安全产品生产企业		17	卫生健康管理
CV09.00.101	卫生监督对象类别代码表	020301	输配水设备		17	卫生健康管理
CV09.00.101	卫生监督对象类别代码表	020302	防护材料		17	卫生健康管理
CV09.00.101	卫生监督对象类别代码表	020303	水处理材料		17	卫生健康管理
CV09.00.101	卫生监督对象类别代码表	020304	化学处理剂		17	卫生健康管理
CV09.00.101	卫生监督对象类别代码表	020305	水质处理器		17	卫生健康管理
CV09.00.101	卫生监督对象类别代码表	020300	未分类		17	卫生健康管理
CV09.00.101	卫生监督对象类别代码表	0204	直饮水		17	卫生健康管理
CV09.00.101	卫生监督对象类别代码表	0205	纯净水		17	卫生健康管理
CV09.00.101	卫生监督对象类别代码表	0200	未分类		17	卫生健康管理
CV09.00.101	卫生监督对象类别代码表	03	职业卫生		17	卫生健康管理
CV09.00.101	卫生监督对象类别代码表	0301	用人单位		17	卫生健康管理
CV09.00.101	卫生监督对象类别代码表	030101	煤炭		17	卫生健康管理
CV09.00.101	卫生监督对象类别代码表	030102	石油和天然气		17	卫生健康管理
CV09.00.101	卫生监督对象类别代码表	030103	石化		17	卫生健康管理
CV09.00.101	卫生监督对象类别代码表	030104	电力		17	卫生健康管理
CV09.00.101	卫生监督对象类别代码表	030105	核工业		17	卫生健康管理
CV09.00.101	卫生监督对象类别代码表	030106	金属		17	卫生健康管理
CV09.00.101	卫生监督对象类别代码表	030107	机械		17	卫生健康管理
CV09.00.101	卫生监督对象类别代码表	030108	电子		17	卫生健康管理
CV09.00.101	卫生监督对象类别代码表	030109	化工		17	卫生健康管理
CV09.00.101	卫生监督对象类别代码表	030110	医药		17	卫生健康管理
CV09.00.101	卫生监督对象类别代码表	030111	建材		17	卫生健康管理
CV09.00.101	卫生监督对象类别代码表	030112	交通		17	卫生健康管理
CV09.00.101	卫生监督对象类别代码表	030113	铁道		17	卫生健康管理
CV09.00.101	卫生监督对象类别代码表	030114	水利		17	卫生健康管理
CV09.00.101	卫生监督对象类别代码表	030115	农业		17	卫生健康管理
CV09.00.101	卫生监督对象类别代码表	030116	轻工		17	卫生健康管理
CV09.00.101	卫生监督对象类别代码表	030117	森林工业		17	卫生健康管理
CV09.00.101	卫生监督对象类别代码表	030118	纺织		17	卫生健康管理
CV09.00.101	卫生监督对象类别代码表	030199	其他		17	卫生健康管理
CV09.00.101	卫生监督对象类别代码表	030100	未分类		17	卫生健康管理
CV09.00.101	卫生监督对象类别代码表	0302	职业卫生技术服务机构		17	卫生健康管理
CV09.00.101	卫生监督对象类别代码表	0303	职业健康检查机构		17	卫生健康管理
CV09.00.101	卫生监督对象类别代码表	0304	职业病诊断机构		17	卫生健康管理
CV09.00.101	卫生监督对象类别代码表	0398	个人		17	卫生健康管理
CV09.00.101	卫生监督对象类别代码表	039801	职业病诊断鉴定委员会组成成员		17	卫生健康管理
CV09.00.101	卫生监督对象类别代码表	04	放射卫生		17	卫生健康管理
CV09.00.101	卫生监督对象类别代码表	0401	医用辐射单位		17	卫生健康管理
CV09.00.101	卫生监督对象类别代码表	0402	非医用辐射单位		17	卫生健康管理
CV09.00.101	卫生监督对象类别代码表	040201	生产		17	卫生健康管理
CV09.00.101	卫生监督对象类别代码表	040202	使用		17	卫生健康管理
CV09.00.101	卫生监督对象类别代码表	040203	销售		17	卫生健康管理
CV09.00.101	卫生监督对象类别代码表	05	学校卫生		17	卫生健康管理
CV09.00.101	卫生监督对象类别代码表	0501	初等教育		17	卫生健康管理
CV09.00.101	卫生监督对象类别代码表	0502	中等教育		17	卫生健康管理
CV09.00.101	卫生监督对象类别代码表	0503	高等教育		17	卫生健康管理
CV09.00.101	卫生监督对象类别代码表	0599	其他教育		17	卫生健康管理
CV09.00.101	卫生监督对象类别代码表	0500	未分类		17	卫生健康管理
CV09.00.101	卫生监督对象类别代码表	06	医疗卫生		17	卫生健康管理
CV09.00.101	卫生监督对象类别代码表	0601	医院		17	卫生健康管理
CV09.00.101	卫生监督对象类别代码表	0602	妇幼保健院		17	卫生健康管理
CV09.00.101	卫生监督对象类别代码表	0603	社区卫生服务机构		17	卫生健康管理
CV09.00.101	卫生监督对象类别代码表	0604	卫生院		17	卫生健康管理
CV09.00.101	卫生监督对象类别代码表	0605	疗养院		17	卫生健康管理
CV09.00.101	卫生监督对象类别代码表	0606	门诊部		17	卫生健康管理
CV09.00.101	卫生监督对象类别代码表	0607	诊所		17	卫生健康管理
CV09.00.101	卫生监督对象类别代码表	0608	村卫生室		17	卫生健康管理
CV09.00.101	卫生监督对象类别代码表	0609	急救中心（站）		17	卫生健康管理
CV09.00.101	卫生监督对象类别代码表	0610	临床检验机构		17	卫生健康管理
CV09.00.101	卫生监督对象类别代码表	0611	专科疾病防治机构		17	卫生健康管理
CV09.00.101	卫生监督对象类别代码表	0612	护理院（站）		17	卫生健康管理
CV09.00.101	卫生监督对象类别代码表	0613	健康体检机构		17	卫生健康管理
CV09.00.101	卫生监督对象类别代码表	0614	养老院		17	卫生健康管理
CV09.00.101	卫生监督对象类别代码表	0698	个人		17	卫生健康管理
CV09.00.101	卫生监督对象类别代码表	069801	卫生技术人员		17	卫生健康管理
CV09.00.101	卫生监督对象类别代码表	06980101	医师		17	卫生健康管理
CV09.00.101	卫生监督对象类别代码表	06980102	药师		17	卫生健康管理
CV09.00.101	卫生监督对象类别代码表	06980103	护士		17	卫生健康管理
CV09.00.101	卫生监督对象类别代码表	06980104	医技		17	卫生健康管理
CV09.00.101	卫生监督对象类别代码表	06980105	乡村医生		17	卫生健康管理
CV09.00.101	卫生监督对象类别代码表	06980100	未分类		17	卫生健康管理
CV09.00.101	卫生监督对象类别代码表	069802	非卫生技术人员		17	卫生健康管理
CV09.00.101	卫生监督对象类别代码表	069800	未分类		17	卫生健康管理
CV09.00.101	卫生监督对象类别代码表	0699	其他		17	卫生健康管理
CV09.00.101	卫生监督对象类别代码表	0600	未分类		17	卫生健康管理
CV09.00.101	卫生监督对象类别代码表	07	传染病防治		17	卫生健康管理
CV09.00.101	卫生监督对象类别代码表	0701	消毒产品生产单位		17	卫生健康管理
CV09.00.101	卫生监督对象类别代码表	070101	消毒剂类		17	卫生健康管理
CV09.00.101	卫生监督对象类别代码表	07010101	粉剂消毒剂		17	卫生健康管理
CV09.00.101	卫生监督对象类别代码表	07010102	片剂消毒剂		17	卫生健康管理
CV09.00.101	卫生监督对象类别代码表	07010103	颗粒剂消毒剂		17	卫生健康管理
CV09.00.101	卫生监督对象类别代码表	07010105	喷雾剂消毒剂		17	卫生健康管理
CV09.00.101	卫生监督对象类别代码表	07010106	凝胶消毒剂		17	卫生健康管理
CV09.00.101	卫生监督对象类别代码表	070102	消毒器械类		17	卫生健康管理
CV09.00.101	卫生监督对象类别代码表	07010201	压力蒸汽灭菌器		17	卫生健康管理
CV09.00.101	卫生监督对象类别代码表	07010202	环氧乙烷灭菌器		17	卫生健康管理
CV09.00.101	卫生监督对象类别代码表	07010203	戊二醛灭菌柜		17	卫生健康管理
CV09.00.101	卫生监督对象类别代码表	07010204	等离子体灭菌器		17	卫生健康管理
CV09.00.101	卫生监督对象类别代码表	07010205	臭氧消毒柜		17	卫生健康管理
CV09.00.101	卫生监督对象类别代码表	07010206	电热消毒柜		17	卫生健康管理
CV09.00.101	卫生监督对象类别代码表	07010207	静电空气消毒机		17	卫生健康管理
CV09.00.101	卫生监督对象类别代码表	07010208	紫外线杀菌灯		17	卫生健康管理
CV09.00.101	卫生监督对象类别代码表	07010209	紫外线消毒器		17	卫生健康管理
CV09.00.101	卫生监督对象类别代码表	07010210	甲醛消毒器		17	卫生健康管理
CV09.00.101	卫生监督对象类别代码表	07010211	酸性氧化电位水生成器		17	卫生健康管理
CV09.00.101	卫生监督对象类别代码表	07010212	次氯酸钠发生器		17	卫生健康管理
CV09.00.101	卫生监督对象类别代码表	07010213	二氧化氯发生器		17	卫生健康管理
CV09.00.101	卫生监督对象类别代码表	07010214	臭氧发生器、臭氧水发生器		17	卫生健康管理
CV09.00.101	卫生监督对象类别代码表	07010215	生物指示物		17	卫生健康管理
CV09.00.101	卫生监督对象类别代码表	07010216	化学指示物		17	卫生健康管理
CV09.00.101	卫生监督对象类别代码表	07010217	灭菌包装物		17	卫生健康管理
CV09.00.101	卫生监督对象类别代码表	07010299	其他消毒器械		17	卫生健康管理
CV09.00.101	卫生监督对象类别代码表	070103	卫生用品类		17	卫生健康管理
CV09.00.101	卫生监督对象类别代码表	07010301	纸巾（纸）		17	卫生健康管理
CV09.00.101	卫生监督对象类别代码表	07010302	卫生巾/护垫/尿布等排泄物卫生用品		17	卫生健康管理
CV09.00.101	卫生监督对象类别代码表	07010303	纸质餐饮具		17	卫生健康管理
CV09.00.101	卫生监督对象类别代码表	07010304	抗（抑）菌制剂		17	卫生健康管理
CV09.00.101	卫生监督对象类别代码表	07010305	隐形眼镜护理用品		17	卫生健康管理
CV09.00.101	卫生监督对象类别代码表	07010306	化妆棉		17	卫生健康管理
CV09.00.101	卫生监督对象类别代码表	07010307	湿巾/卫生湿巾		17	卫生健康管理
CV09.00.101	卫生监督对象类别代码表	07010399	其他卫生用品		17	卫生健康管理
CV09.00.101	卫生监督对象类别代码表	070100	未分类		17	卫生健康管理
CV09.00.101	卫生监督对象类别代码表	0702	消毒产品经营单位		17	卫生健康管理
CV09.00.101	卫生监督对象类别代码表	0703	疾病预防控制机构		17	卫生健康管理
CV09.00.101	卫生监督对象类别代码表	0798	个人		17	卫生健康管理
CV09.00.101	卫生监督对象类别代码表	0799	其他有关单位		17	卫生健康管理
CV09.00.101	卫生监督对象类别代码表	08	采供血卫生		17	卫生健康管理
CV09.00.101	卫生监督对象类别代码表	0801	一般血站		17	卫生健康管理
CV09.00.101	卫生监督对象类别代码表	080101	血液中心		17	卫生健康管理
CV09.00.101	卫生监督对象类别代码表	080102	中心血站		17	卫生健康管理
CV09.00.101	卫生监督对象类别代码表	080103	中心血库		17	卫生健康管理
CV09.00.101	卫生监督对象类别代码表	080100	未分类		17	卫生健康管理
CV09.00.101	卫生监督对象类别代码表	0802	特殊血站		17	卫生健康管理
CV09.00.101	卫生监督对象类别代码表	080201	脐带血造血干细胞库		17	卫生健康管理
CV09.00.101	卫生监督对象类别代码表	080299	其他类型血库		17	卫生健康管理
CV09.00.101	卫生监督对象类别代码表	080200	未分类		17	卫生健康管理
CV09.00.101	卫生监督对象类别代码表	0803	单采血浆站		17	卫生健康管理
CV09.00.101	卫生监督对象类别代码表	0898	个人		17	卫生健康管理
CV09.00.101	卫生监督对象类别代码表	089801	医师		17	卫生健康管理
CV09.00.101	卫生监督对象类别代码表	089802	护士		17	卫生健康管理
CV09.00.101	卫生监督对象类别代码表	089803	医技人员		17	卫生健康管理
CV09.00.101	卫生监督对象类别代码表	089899	其他		17	卫生健康管理
CV09.00.101	卫生监督对象类别代码表	089800	未分类		17	卫生健康管理
CV09.00.101	卫生监督对象类别代码表	0899	其他		17	卫生健康管理
CV09.00.101	卫生监督对象类别代码表	0800	未分类		17	卫生健康管理
CV09.00.102	项目性质代码表	1	新建		17	卫生健康管理
CV09.00.102	项目性质代码表	2	改建		17	卫生健康管理
CV09.00.102	项目性质代码表	3	扩建		17	卫生健康管理
CV09.00.102	项目性质代码表	4	技术改造		17	卫生健康管理
CV09.00.102	项目性质代码表	5	技术引进		17	卫生健康管理
CV09.00.103	职业病建设项目审核代码表	1	审核通过		17	卫生健康管理
CV09.00.103	职业病建设项目审核代码表	2	审核未通过		17	卫生健康管理
CV09.00.103	职业病建设项目审核代码表	3	未审核		17	卫生健康管理
CV09.00.103	职业病建设项目审核代码表	4	备案		17	卫生健康管理
CV09.00.104	饮用水供水方式代码表	1	集中式供水		17	卫生健康管理
CV09.00.104	饮用水供水方式代码表	2	二次供水		17	卫生健康管理
CV09.00.104	饮用水供水方式代码表	3	分质供水		17	卫生健康管理
CV09.00.104	饮用水供水方式代码表	4	分散式供水		17	卫生健康管理
CV09.00.104	饮用水供水方式代码表	9	其他		17	卫生健康管理
CV09.00.105	水源水类型代码表	1	地表水		17	卫生健康管理
CV09.00.105	水源水类型代码表	11	江河		17	卫生健康管理
CV09.00.105	水源水类型代码表	12	湖泊		17	卫生健康管理
CV09.00.105	水源水类型代码表	13	水库		17	卫生健康管理
CV09.00.105	水源水类型代码表	14	窖水		17	卫生健康管理
CV09.00.105	水源水类型代码表	19	其他		17	卫生健康管理
CV09.00.105	水源水类型代码表	2	地下水		17	卫生健康管理
CV09.00.105	水源水类型代码表	21	浅层		17	卫生健康管理
CV09.00.105	水源水类型代码表	22	深层		17	卫生健康管理
CV09.00.105	水源水类型代码表	23	泉水		17	卫生健康管理
CV09.00.105	水源水类型代码表	29	其他		17	卫生健康管理
CV09.00.106	制水工艺代码表	1	混凝沉淀		17	卫生健康管理
CV09.00.106	制水工艺代码表	2	过滤		17	卫生健康管理
CV09.00.106	制水工艺代码表	3	消毒		17	卫生健康管理
CV09.00.106	制水工艺代码表	4	深度处理		17	卫生健康管理
CV09.00.106	制水工艺代码表	5	特殊处理		17	卫生健康管理
CV09.00.107	生活饮用水消毒方式代码表	1	物理消毒		17	卫生健康管理
CV09.00.107	生活饮用水消毒方式代码表	11	加热		17	卫生健康管理
CV09.00.107	生活饮用水消毒方式代码表	12	过滤		17	卫生健康管理
CV09.00.107	生活饮用水消毒方式代码表	13	紫外线消毒		17	卫生健康管理
CV09.00.107	生活饮用水消毒方式代码表	14	辐射消毒		17	卫生健康管理
CV09.00.107	生活饮用水消毒方式代码表	2	化学消毒		17	卫生健康管理
CV09.00.107	生活饮用水消毒方式代码表	21	氯胺消毒		17	卫生健康管理
CV09.00.107	生活饮用水消毒方式代码表	22	二氧化氯消毒		17	卫生健康管理
CV09.00.107	生活饮用水消毒方式代码表	23	液氯氯化消毒		17	卫生健康管理
CV09.00.107	生活饮用水消毒方式代码表	24	臭氧消毒		17	卫生健康管理
CV09.00.108	检验指标代码表	1	感官性状和物理指标		17	卫生健康管理
CV09.00.108	检验指标代码表	2	无机非金属指标		17	卫生健康管理
CV09.00.108	检验指标代码表	3	金属指标		17	卫生健康管理
CV09.00.108	检验指标代码表	4	有机物指标		17	卫生健康管理
CV09.00.108	检验指标代码表	5	农药指标		17	卫生健康管理
CV09.00.108	检验指标代码表	6	消毒副产物指标		17	卫生健康管理
CV09.00.108	检验指标代码表	7	消毒剂指标		17	卫生健康管理
CV09.00.108	检验指标代码表	8	微生物指标		17	卫生健康管理
CV09.00.108	检验指标代码表	9	放射性指标		17	卫生健康管理
CV09.00.109	职业性健康监护体检类别代码表	1	上岗前体检		17	卫生健康管理
CV09.00.109	职业性健康监护体检类别代码表	2	在岗期间体检		17	卫生健康管理
CV09.00.109	职业性健康监护体检类别代码表	3	离岗时体检		17	卫生健康管理
CV09.00.109	职业性健康监护体检类别代码表	4	应急体检		17	卫生健康管理
CV09.00.109	职业性健康监护体检类别代码表	9	其他		17	卫生健康管理
CV09.00.110	职业卫生技术服务业务范围代码表	1	职业卫生技术服务		17	卫生健康管理
CV09.00.110	职业卫生技术服务业务范围代码表	101	建设项目职业病危害评价		17	卫生健康管理
CV09.00.110	职业卫生技术服务业务范围代码表	102	职业病危害因素检测与评价		17	卫生健康管理
CV09.00.110	职业卫生技术服务业务范围代码表	103	化学品毒性鉴定		17	卫生健康管理
CV09.00.110	职业卫生技术服务业务范围代码表	104	放射卫生防护检测与评价		17	卫生健康管理
CV09.00.110	职业卫生技术服务业务范围代码表	105	放射防护器材和含放射性产品检测		17	卫生健康管理
CV09.00.110	职业卫生技术服务业务范围代码表	106	职业病防护设施与职业病防护用品的效果评价		17	卫生健康管理
CV09.00.110	职业卫生技术服务业务范围代码表	107	个人剂量监测		17	卫生健康管理
CV09.00.110	职业卫生技术服务业务范围代码表	2	职业健康检查		17	卫生健康管理
CV09.00.110	职业卫生技术服务业务范围代码表	3	职业病诊断		17	卫生健康管理
CV09.00.111	资质等级代码表	1	甲	指建设项目职业病危害评价资质等级甲级、建设项目职业病危害评价放射防护资质甲级、化学品毒 性鉴定资质等级甲级	17	卫生健康管理
CV09.00.111	资质等级代码表	2	乙	指建设项目职业病危害评价资质乙级、建设项目职业病危害评价放射防护资质乙级、化学品毒性鉴 定资质等级乙级	17	卫生健康管理
CV09.00.111	资质等级代码表	3	丙	化学品毒性鉴定资质等级丙级	17	卫生健康管理
CV09.00.111	资质等级代码表	4	丁	化学品毒性鉴定资质等级丁级	17	卫生健康管理
CV09.00.112	放射性同位素和射线装置的种类代码表	1	医用辐射单位		17	卫生健康管理
CV09.00.112	放射性同位素和射线装置的种类代码表	11	放射治疗设备		17	卫生健康管理
CV09.00.112	放射性同位素和射线装置的种类代码表	1101	Γ射线立体定向治疗系统		17	卫生健康管理
CV09.00.112	放射性同位素和射线装置的种类代码表	1102	X立体定向治疗系统		17	卫生健康管理
CV09.00.112	放射性同位素和射线装置的种类代码表	1103	医用加速器		17	卫生健康管理
CV09.00.112	放射性同位素和射线装置的种类代码表	1104	钴-60机		17	卫生健康管理
CV09.00.112	放射性同位素和射线装置的种类代码表	1105	深部X射线机		17	卫生健康管理
CV09.00.112	放射性同位素和射线装置的种类代码表	1106	后装治疗设备		17	卫生健康管理
CV09.00.112	放射性同位素和射线装置的种类代码表	1107	质子刀		17	卫生健康管理
CV09.00.112	放射性同位素和射线装置的种类代码表	1199	其他放射治疗设备		17	卫生健康管理
CV09.00.112	放射性同位素和射线装置的种类代码表	12	核医学		17	卫生健康管理
CV09.00.112	放射性同位素和射线装置的种类代码表	1201	PET影像诊断设备		17	卫生健康管理
CV09.00.112	放射性同位素和射线装置的种类代码表	1202	SPECT影像诊断设备		17	卫生健康管理
CV09.00.112	放射性同位素和射线装置的种类代码表	1203	PET-CT影像诊断设备		17	卫生健康管理
CV09.00.112	放射性同位素和射线装置的种类代码表	1204	γ相机影像诊断设备		17	卫生健康管理
CV09.00.112	放射性同位素和射线装置的种类代码表	1205	含源骨密度仪		17	卫生健康管理
CV09.00.112	放射性同位素和射线装置的种类代码表	1206	敷贴器		17	卫生健康管理
CV09.00.112	放射性同位素和射线装置的种类代码表	1207	其他核医学设备		17	卫生健康管理
CV09.00.112	放射性同位素和射线装置的种类代码表	1208	所用核素18F		17	卫生健康管理
CV09.00.112	放射性同位素和射线装置的种类代码表	1209	18F		17	卫生健康管理
CV09.00.112	放射性同位素和射线装置的种类代码表	1210	99mTc		17	卫生健康管理
CV09.00.112	放射性同位素和射线装置的种类代码表	1211	131I		17	卫生健康管理
CV09.00.112	放射性同位素和射线装置的种类代码表	1212	其他核素		17	卫生健康管理
CV09.00.112	放射性同位素和射线装置的种类代码表	13	籽粒插植治疗		17	卫生健康管理
CV09.00.112	放射性同位素和射线装置的种类代码表	14	放射性药物治疗		17	卫生健康管理
CV09.00.112	放射性同位素和射线装置的种类代码表	15	介入放射学		17	卫生健康管理
CV09.00.112	放射性同位素和射线装置的种类代码表	1501	DSA（≥800mA)		17	卫生健康管理
CV09.00.112	放射性同位素和射线装置的种类代码表	1502	DSA（＜800mA)		17	卫生健康管理
CV09.00.112	放射性同位素和射线装置的种类代码表	1503	其他介入放射诊疗影像设备		17	卫生健康管理
CV09.00.112	放射性同位素和射线装置的种类代码表	16	X射线影像诊断设备		17	卫生健康管理
CV09.00.112	放射性同位素和射线装置的种类代码表	1601	X射线CT影像诊断设备		17	卫生健康管理
CV09.00.112	放射性同位素和射线装置的种类代码表	1602	乳腺影像诊断设备(含屏/片机、乳腺CR、乳腺DR)		17	卫生健康管理
CV09.00.112	放射性同位素和射线装置的种类代码表	1603	普通X射线影像诊断设备		17	卫生健康管理
CV09.00.112	放射性同位素和射线装置的种类代码表	1604	CR影像诊断设备		17	卫生健康管理
CV09.00.112	放射性同位素和射线装置的种类代码表	1605	DR影像诊断设备		17	卫生健康管理
CV09.00.112	放射性同位素和射线装置的种类代码表	1606	牙科影像诊断设备		17	卫生健康管理
CV09.00.112	放射性同位素和射线装置的种类代码表	2	非医用辐射单位		17	卫生健康管理
CV09.00.112	放射性同位素和射线装置的种类代码表	21	放射性同位素		17	卫生健康管理
CV09.00.112	放射性同位素和射线装置的种类代码表	2101	γ辐照装置		17	卫生健康管理
CV09.00.112	放射性同位素和射线装置的种类代码表	2102	γ探伤机		17	卫生健康管理
CV09.00.112	放射性同位素和射线装置的种类代码表	2199	其他密封源设备		17	卫生健康管理
CV09.00.112	放射性同位素和射线装置的种类代码表	22	非密封源应用		17	卫生健康管理
CV09.00.112	放射性同位素和射线装置的种类代码表	23	射线装置		17	卫生健康管理
CV09.00.112	放射性同位素和射线装置的种类代码表	2301	X射线工业探伤		17	卫生健康管理
CV09.00.112	放射性同位素和射线装置的种类代码表	2302	非医用加速器		17	卫生健康管理
CV09.00.112	放射性同位素和射线装置的种类代码表	2399	其他		17	卫生健康管理
CV09.00.112	放射性同位素和射线装置的种类代码表	24	核设施		17	卫生健康管理
CV09.00.201	卫生监督量化分级管理等级评定情况代码表	1	A	按100分标化后，总得分在90分以上的，卫生状况为优秀，卫生信誉度为A级；	17	卫生健康管理
CV09.00.201	卫生监督量化分级管理等级评定情况代码表	2	B	总得分在70分～89分的，卫生状况为良好，卫生信誉度为B级；	17	卫生健康管理
CV09.00.201	卫生监督量化分级管理等级评定情况代码表	3	C	总得分在60分～69分的，卫生状况为一般，卫生信誉度为C级；	17	卫生健康管理
CV09.00.201	卫生监督量化分级管理等级评定情况代码表	4	不予评级	总得分低于60的，责令限期整改，并依法处理；	17	卫生健康管理
CV09.00.201	卫生监督量化分级管理等级评定情况代码表	5	未评级	未进行量化评级。	17	卫生健康管理
CV09.00.202	卫生监督检查与行政处罚查处案件来源代码表	1	在卫生监督检查中发现		17	卫生健康管理
CV09.00.202	卫生监督检查与行政处罚查处案件来源代码表	2	卫生机构监测报告		17	卫生健康管理
CV09.00.202	卫生监督检查与行政处罚查处案件来源代码表	3	社会举报		17	卫生健康管理
CV09.00.202	卫生监督检查与行政处罚查处案件来源代码表	4	上级卫生行政机关交办		17	卫生健康管理
CV09.00.202	卫生监督检查与行政处罚查处案件来源代码表	5	下级卫生行政机关报请		17	卫生健康管理
CV09.00.202	卫生监督检查与行政处罚查处案件来源代码表	6	有关部门移送		17	卫生健康管理
CV09.00.203	卫生监督检查与行政处罚专业类别代码表	01	公共场所		17	卫生健康管理
CV09.00.203	卫生监督检查与行政处罚专业类别代码表	02	生活饮用水		17	卫生健康管理
CV09.00.203	卫生监督检查与行政处罚专业类别代码表	03	职业卫生		17	卫生健康管理
CV09.00.203	卫生监督检查与行政处罚专业类别代码表	04	放射卫生		17	卫生健康管理
CV09.00.203	卫生监督检查与行政处罚专业类别代码表	05	学校卫生		17	卫生健康管理
CV09.00.203	卫生监督检查与行政处罚专业类别代码表	06	医疗机构		17	卫生健康管理
CV09.00.203	卫生监督检查与行政处罚专业类别代码表	07	传染病防治		17	卫生健康管理
CV09.00.203	卫生监督检查与行政处罚专业类别代码表	08	采供血卫生		17	卫生健康管理
CV09.00.203	卫生监督检查与行政处罚专业类别代码表	09	非法行医		17	卫生健康管理
CV09.00.204	卫生行政处罚结果及行政措施代码表	1	行政处罚决定		17	卫生健康管理
CV09.00.204	卫生行政处罚结果及行政措施代码表	101	警告		17	卫生健康管理
CV09.00.204	卫生行政处罚结果及行政措施代码表	102	罚款		17	卫生健康管理
CV09.00.204	卫生行政处罚结果及行政措施代码表	103	没收违法所得		17	卫生健康管理
CV09.00.204	卫生行政处罚结果及行政措施代码表	104	没收收受的财物		17	卫生健康管理
CV09.00.204	卫生行政处罚结果及行政措施代码表	105	没收药品器械		17	卫生健康管理
CV09.00.204	卫生行政处罚结果及行政措施代码表	106	停业整顿		17	卫生健康管理
CV09.00.204	卫生行政处罚结果及行政措施代码表	107	暂扣或吊销卫生许可证		17	卫生健康管理
CV09.00.204	卫生行政处罚结果及行政措施代码表	108	吊销诊疗科目		17	卫生健康管理
CV09.00.204	卫生行政处罚结果及行政措施代码表	109	吊销执业证书		17	卫生健康管理
CV09.00.204	卫生行政处罚结果及行政措施代码表	199	其他行政处罚决定		17	卫生健康管理
CV09.00.204	卫生行政处罚结果及行政措施代码表	2	行政强制及其措施		17	卫生健康管理
CV09.00.204	卫生行政处罚结果及行政措施代码表	201	责令改正		17	卫生健康管理
CV09.00.204	卫生行政处罚结果及行政措施代码表	202	责令停止执业		17	卫生健康管理
CV09.00.204	卫生行政处罚结果及行政措施代码表	203	责令限期补办校验手续		17	卫生健康管理
CV09.00.204	卫生行政处罚结果及行政措施代码表	204	责令暂停执业活动		17	卫生健康管理
CV09.00.204	卫生行政处罚结果及行政措施代码表	205	限期整顿		17	卫生健康管理
CV09.00.204	卫生行政处罚结果及行政措施代码表	206	取缔		17	卫生健康管理
CV09.00.204	卫生行政处罚结果及行政措施代码表	207	封闭公共饮用水源、封存食品及相关物品或暂停销售的临时控制措施		17	卫生健康管理
CV09.00.204	卫生行政处罚结果及行政措施代码表	208	责令停止产生职业病危害的作业		17	卫生健康管理
CV09.00.204	卫生行政处罚结果及行政措施代码表	209	提请人民政府按有关规定责令停建、关闭		17	卫生健康管理
CV09.00.204	卫生行政处罚结果及行政措施代码表	299	其他行政强制及其措施		17	卫生健康管理
CV09.00.204	卫生行政处罚结果及行政措施代码表	9	其他处理情况		17	卫生健康管理
CV09.00.204	卫生行政处罚结果及行政措施代码表	901	移送司法机关		17	卫生健康管理
CV09.00.204	卫生行政处罚结果及行政措施代码表	902	行政处分		17	卫生健康管理
CV09.00.204	卫生行政处罚结果及行政措施代码表	903	通报其他部门		17	卫生健康管理
CV09.00.204	卫生行政处罚结果及行政措施代码表	999	其他		17	卫生健康管理
CV09.00.205	公共场所违法事实代码表	1	未取得卫生许可证，擅自营业的		17	卫生健康管理
CV09.00.205	公共场所违法事实代码表	2	卫生质量不符合国家卫生标准和要求，而继续营业的		17	卫生健康管理
CV09.00.205	公共场所违法事实代码表	3	未获得健康合格证，从事直接为顾客服务的		17	卫生健康管理
CV09.00.205	公共场所违法事实代码表	4	拒绝卫生监督的		17	卫生健康管理
CV09.00.205	公共场所违法事实代码表	9	其他违法行为		17	卫生健康管理
CV09.00.206	生活饮用水违法事实代码表	1	违反供、管水人员健康管理的有关规定		17	卫生健康管理
CV09.00.206	生活饮用水违法事实代码表	2	新、改、扩建项目未经卫生行政部门参加选址、设计审查和竣工验收擅自供水		17	卫生健康管理
CV09.00.206	生活饮用水违法事实代码表	3	未取得卫生许可证擅自供水		17	卫生健康管理
CV09.00.206	生活饮用水违法事实代码表	4	生产或者销售无卫生许可批件的涉水产品		17	卫生健康管理
CV09.00.206	生活饮用水违法事实代码表	5	供应的饮用水不符合国家规定的生活饮用水卫生标准		17	卫生健康管理
CV09.00.206	生活饮用水违法事实代码表	6	在饮用水水源保护区修建危害水源水质卫生的设施或进行有碍水源水质卫生的作业		17	卫生健康管理
CV09.00.206	生活饮用水违法事实代码表	7	未取得卫生行政部门的卫生许可擅自从事二次供水设施清洗消毒工作的		17	卫生健康管理
CV09.00.206	生活饮用水违法事实代码表	8	未按规定进行日常性水质检验工作		17	卫生健康管理
CV09.00.206	生活饮用水违法事实代码表	9	其他违法行为		17	卫生健康管理
CV09.00.207	职业卫生违法事实代码表	01	违反建设项目职业病危害评价制度的有关规定		17	卫生健康管理
CV09.00.207	职业卫生违法事实代码表	011	预评价		17	卫生健康管理
CV09.00.207	职业卫生违法事实代码表	012	设计审查		17	卫生健康管理
CV09.00.207	职业卫生违法事实代码表	013	控制效果评价		17	卫生健康管理
CV09.00.207	职业卫生违法事实代码表	014	竣工验收		17	卫生健康管理
CV09.00.207	职业卫生违法事实代码表	02	用人单位未采取劳动者职业健康监护方面的管理措施		17	卫生健康管理
CV09.00.207	职业卫生违法事实代码表	03	未将职业健康检查结果如实告知劳动者		17	卫生健康管理
CV09.00.207	职业卫生违法事实代码表	04	用人单位未按照规定组织职业健康检查或安排未经职业健康检查的劳动者从事接触职业病危 害的作业或者禁忌作业		17	卫生健康管理
CV09.00.207	职业卫生违法事实代码表	05	未按照规定安排职业病、疑似职业病患者进行诊治		17	卫生健康管理
CV09.00.207	职业卫生违法事实代码表	06	用人单位或医疗卫生机构未按照规定报告职业病、疑似职业病		17	卫生健康管理
CV09.00.207	职业卫生违法事实代码表	07	用人单位违法造成劳动者生命健康的严重损害		17	卫生健康管理
CV09.00.207	职业卫生违法事实代码表	08	用人单位拒绝卫生行政部门监督检查		17	卫生健康管理
CV09.00.207	职业卫生违法事实代码表	09	未经批准或超出批准范围从事		17	卫生健康管理
CV09.00.207	职业卫生违法事实代码表	091	职业卫生技术服务		17	卫生健康管理
CV09.00.207	职业卫生违法事实代码表	092	职业健康检查		17	卫生健康管理
CV09.00.207	职业卫生违法事实代码表	093	职业病诊断		17	卫生健康管理
CV09.00.207	职业卫生违法事实代码表	10	出具虚假证明文件		17	卫生健康管理
CV09.00.207	职业卫生违法事实代码表	11	职业病诊断鉴定委员会组成人员收受职业病诊断争议当事人的财物或者其他好处		17	卫生健康管理
CV09.00.207	职业卫生违法事实代码表	99	其他违法行为		17	卫生健康管理
CV09.00.208	放射卫生违法事实代码表	01	未取得放射诊疗许可从事放射诊疗工作		17	卫生健康管理
CV09.00.208	放射卫生违法事实代码表	02	未办理诊疗科目登记或者未按照规定进行校验		17	卫生健康管理
CV09.00.208	放射卫生违法事实代码表	03	未经批准擅自变更放射诊疗项目或者超出批准范围从事放射诊疗工作		17	卫生健康管理
CV09.00.208	放射卫生违法事实代码表	04	违反建设项目职业病危害评价制度的有关规定		17	卫生健康管理
CV09.00.208	放射卫生违法事实代码表	041	预评价		17	卫生健康管理
CV09.00.208	放射卫生违法事实代码表	042	设计审查		17	卫生健康管理
CV09.00.208	放射卫生违法事实代码表	043	控制效果评价		17	卫生健康管理
CV09.00.208	放射卫生违法事实代码表	044	竣工验收		17	卫生健康管理
CV09.00.208	放射卫生违法事实代码表	05	未给从事放射工作的人员办理《放射工作人员证》		17	卫生健康管理
CV09.00.208	放射卫生违法事实代码表	06	未按照规定对放射工作人员进行职业健康检查，未建立职业健康监护档案		17	卫生健康管理
CV09.00.208	放射卫生违法事实代码表	07	未按照规定对放射工作人员进行个人剂量监测，未建立个人剂量档案		17	卫生健康管理
CV09.00.208	放射卫生违法事实代码表	08	未按照规定组织放射工作人员培训		17	卫生健康管理
CV09.00.208	放射卫生违法事实代码表	09	未按照规定使用安全防护装置和个人防护用品		17	卫生健康管理
CV09.00.208	放射卫生违法事实代码表	10	购置、使用不合格或者国家有关部门规定淘汰的放射诊疗设备		17	卫生健康管理
CV09.00.208	放射卫生违法事实代码表	11	使用不具备相应资质的人员从事放射诊疗工作		17	卫生健康管理
CV09.00.208	放射卫生违法事实代码表	12	发生放射事件并造成人员健康严重损害		17	卫生健康管理
CV09.00.208	放射卫生违法事实代码表	13	发生放射事件未立即采取应急救援和控制措施，或者未按照规定及时报告的		17	卫生健康管理
CV09.00.208	放射卫生违法事实代码表	99	其他违法行为		17	卫生健康管理
CV09.00.209	校内辅助设施类别代码表	01	学生集体食堂		17	卫生健康管理
CV09.00.209	校内辅助设施类别代码表	02	学生宿舍（间）		17	卫生健康管理
CV09.00.209	校内辅助设施类别代码表	03	洗浴场所		17	卫生健康管理
CV09.00.209	校内辅助设施类别代码表	04	学生厕所（蹲位）		17	卫生健康管理
CV09.00.209	校内辅助设施类别代码表	05	游泳场所		17	卫生健康管理
CV09.00.209	校内辅助设施类别代码表	06	体育馆		17	卫生健康管理
CV09.00.209	校内辅助设施类别代码表	07	图书馆（阅览室）		17	卫生健康管理
CV09.00.210	学校卫生违法事实代码表	1	教学、生活环境卫生不符合卫生标准的		17	卫生健康管理
CV09.00.210	学校卫生违法事实代码表	11	教室人均面积、环境噪声、室内微小气候、采光、照明等环境卫生不符合要求的		17	卫生健康管理
CV09.00.210	学校卫生违法事实代码表	12	黑板、课桌椅等教学设施的设置情况不符合要求的		17	卫生健康管理
CV09.00.210	学校卫生违法事实代码表	13	学生宿舍、厕所等生活设施卫生情况不符合卫生标准的		17	卫生健康管理
CV09.00.210	学校卫生违法事实代码表	2	传染病防控工作不符合国家要求的		17	卫生健康管理
CV09.00.210	学校卫生违法事实代码表	21	传染病防控制度建立及措施未落实到位的		17	卫生健康管理
CV09.00.210	学校卫生违法事实代码表	22	学校未依法履行传染病疫情报告职责的		17	卫生健康管理
CV09.00.210	学校卫生违法事实代码表	23	发生传染病后防控措施未落实到位的		17	卫生健康管理
CV09.00.210	学校卫生违法事实代码表	3	生活饮用水卫生不符合卫生标准的		17	卫生健康管理
CV09.00.210	学校卫生违法事实代码表	31	生活饮用水卫生管理制度及水污染应急预案不符合相关规定的		17	卫生健康管理
CV09.00.210	学校卫生违法事实代码表	32	学校饮用水供应方式或水质不符合要求的		17	卫生健康管理
CV09.00.210	学校卫生违法事实代码表	33	供水设施卫生许可证不符合要求的		17	卫生健康管理
CV09.00.210	学校卫生违法事实代码表	34	供、管水人员及健康资质不符合要求的		17	卫生健康管理
CV09.00.210	学校卫生违法事实代码表	35	供水设施设备清洗消毒记录不符合要求的		17	卫生健康管理
CV09.00.210	学校卫生违法事实代码表	36	涉水产品的卫生行政许可批件不符合要求的		17	卫生健康管理
CV09.00.210	学校卫生违法事实代码表	37	学校内供水水源防护设施不符合要求的		17	卫生健康管理
CV09.00.210	学校卫生违法事实代码表	4	学校内设医疗机构或保健室不符合卫生标准的		17	卫生健康管理
CV09.00.210	学校卫生违法事实代码表	41	医疗机构或保健室设置及学校卫生工作未落实到位的		17	卫生健康管理
CV09.00.210	学校卫生违法事实代码表	42	医疗机构持有效执业许可证、医护人员持有效执业资质证书不符合要求的		17	卫生健康管理
CV09.00.210	学校卫生违法事实代码表	43	医疗机构传染病疫情报告、消毒隔离、医疗废物处置不符合要求的		17	卫生健康管理
CV09.00.211	医疗卫生违法事实代码表	01	未取得医疗机构许可证擅自执业		17	卫生健康管理
CV09.00.211	医疗卫生违法事实代码表	02	逾期不校验医疗机构执业许可证		17	卫生健康管理
CV09.00.211	医疗卫生违法事实代码表	03	出卖、转让、出借医疗机构执业许可证		17	卫生健康管理
CV09.00.211	医疗卫生违法事实代码表	04	诊疗活动超出登记范围		17	卫生健康管理
CV09.00.211	医疗卫生违法事实代码表	05	使用非卫生技术人员从事医疗卫生技术工作		17	卫生健康管理
CV09.00.211	医疗卫生违法事实代码表	06	出具虚假证明文件		17	卫生健康管理
CV09.00.211	医疗卫生违法事实代码表	07	违法发布医疗广告		17	卫生健康管理
CV09.00.211	医疗卫生违法事实代码表	08	使用未取得护士执业证书人员或使用未变更执业地点、延续执业注册有效期的护士从事护理活动		17	卫生健康管理
CV09.00.211	医疗卫生违法事实代码表	09	造成、发生医疗事故		17	卫生健康管理
CV09.00.211	医疗卫生违法事实代码表	10	未取得母婴保健技术许可擅自从事母婴保健技术服务活动		17	卫生健康管理
CV09.00.211	医疗卫生违法事实代码表	11	未获许可开展人类辅助生殖技术		17	卫生健康管理
CV09.00.211	医疗卫生违法事实代码表	12	擅自购置、违规使用大型医用设备		17	卫生健康管理
CV09.00.211	医疗卫生违法事实代码表	13	以不正当手段，非法取得执业证书		17	卫生健康管理
CV09.00.211	医疗卫生违法事实代码表	14	违反医疗技术规范		17	卫生健康管理
CV09.00.211	医疗卫生违法事实代码表	15	未取得资格证明或未经注册从事医疗工作		17	卫生健康管理
CV09.00.211	医疗卫生违法事实代码表	99	其他违法行为		17	卫生健康管理
CV09.00.212	传染病防治违法事实代码表	01	违反《中华人民共和国传染病防治法》的规定		17	卫生健康管理
CV09.00.212	传染病防治违法事实代码表	0101	违反传染病疫情监测信息报告管理规定		17	卫生健康管理
CV09.00.212	传染病防治违法事实代码表	0102	未依据职责采取、承担传染病疫情的预防控制措施		17	卫生健康管理
CV09.00.212	传染病防治违法事实代码表	0103	未按规定提供医疗救治		17	卫生健康管理
CV09.00.212	传染病防治违法事实代码表	01031	违反消毒隔离制度		17	卫生健康管理
CV09.00.212	传染病防治违法事实代码表	01032	病历管理规定		17	卫生健康管理
CV09.00.212	传染病防治违法事实代码表	0104	违反规定导致经血液传播疾病的发生		17	卫生健康管理
CV09.00.212	传染病防治违法事实代码表	0105	非法采集或组织他人出卖血液		17	卫生健康管理
CV09.00.212	传染病防治违法事实代码表	0106	在国家确认的自然疫源地违法兴建大型建设项目		17	卫生健康管理
CV09.00.212	传染病防治违法事实代码表	0107	用于传染病防治的消毒产品不符合国家卫生标准和卫生规范的		17	卫生健康管理
CV09.00.212	传染病防治违法事实代码表	0108	导致或可能导致传染病传播、流行的		17	卫生健康管理
CV09.00.212	传染病防治违法事实代码表	01081	饮用水		17	卫生健康管理
CV09.00.212	传染病防治违法事实代码表	01082	涉水产品		17	卫生健康管理
CV09.00.212	传染病防治违法事实代码表	01083	消毒产品		17	卫生健康管理
CV09.00.212	传染病防治违法事实代码表	01084	血液制品		17	卫生健康管理
CV09.00.212	传染病防治违法事实代码表	01085	被污染的其他物品		17	卫生健康管理
CV09.00.212	传染病防治违法事实代码表	02	违反《突发公共卫生事件应急条例》的规定		17	卫生健康管理
CV09.00.212	传染病防治违法事实代码表	03	违反《医疗废物管理条例》的规定		17	卫生健康管理
CV09.00.212	传染病防治违法事实代码表	04	违反《病原微生物实验室生物安全管理条例》的规定		17	卫生健康管理
CV09.00.212	传染病防治违法事实代码表	05	违反《疫苗流通和预防接种管理条例》的规定		17	卫生健康管理
CV09.00.212	传染病防治违法事实代码表	06	违反《艾滋病防治条例》的规定		17	卫生健康管理
CV09.00.212	传染病防治违法事实代码表	07	违反《血吸虫病防治条例》的规定		17	卫生健康管理
CV09.00.212	传染病防治违法事实代码表	08	违反《消毒管理办法》的规定		17	卫生健康管理
CV09.00.212	传染病防治违法事实代码表	99	其他违法行为		17	卫生健康管理
CV09.00.213	采供血卫生违法事实代码表	01	非法采集、供应、倒卖血液、血浆		17	卫生健康管理
CV09.00.213	采供血卫生违法事实代码表	02	非法组织他人出卖血液		17	卫生健康管理
CV09.00.213	采供血卫生违法事实代码表	03	血站、医疗机构出售无偿献血的血液		17	卫生健康管理
CV09.00.213	采供血卫生违法事实代码表	04	涂改、伪造、转让供血浆证		17	卫生健康管理
CV09.00.213	采供血卫生违法事实代码表	05	包装、储存、运输不符合国家规定的卫生标准和要求		17	卫生健康管理
CV09.00.213	采供血卫生违法事实代码表	06	向医疗机构提供不符合国家规定标准的血液		17	卫生健康管理
CV09.00.213	采供血卫生违法事实代码表	07	将不符合国家规定标准的血液用于患者		17	卫生健康管理
CV09.00.213	采供血卫生违法事实代码表	08	违反血站、单采血浆站其他规定的		17	卫生健康管理
CV09.00.213	采供血卫生违法事实代码表	0801	工作人员未取得相关岗位执业资格或者未经执业注册而从事采供血、浆工作		17	卫生健康管理
CV09.00.213	采供血卫生违法事实代码表	0802	未按国家规定对献血者、供血浆者进行健康检查、检测的		17	卫生健康管理
CV09.00.213	采供血卫生违法事实代码表	0803	未向献血者、供血浆者履行规定的告知义务		17	卫生健康管理
CV09.00.213	采供血卫生违法事实代码表	0804	采集冒名顶替者、健康检查不合格者血液(血浆)以及超量、频繁采集血液（浆）的		17	卫生健康管理
CV09.00.213	采供血卫生违法事实代码表	0805	使用的药品、体外诊断试剂、一次性卫生器材不符合国家有关规定的		17	卫生健康管理
CV09.00.213	采供血卫生违法事实代码表	0806	重复使用一次性卫生器材的		17	卫生健康管理
CV09.00.213	采供血卫生违法事实代码表	0807	不按规定保存工作记录的		17	卫生健康管理
CV09.00.213	采供血卫生违法事实代码表	0808	未按规定保存血液标本的		17	卫生健康管理
CV09.00.213	采供血卫生违法事实代码表	0809	对检测不合格或者报废的血液（浆），未按有关规定处理的		17	卫生健康管理
CV09.00.213	采供血卫生违法事实代码表	99	其他违法行为		17	卫生健康管理
CV09.00.214	行政复议情况代码表	1	维持		17	卫生健康管理
CV09.00.214	行政复议情况代码表	2	撤销		17	卫生健康管理
CV09.00.214	行政复议情况代码表	3	变更		17	卫生健康管理
CV09.00.214	行政复议情况代码表	4	限期履行职责		17	卫生健康管理
CV09.00.214	行政复议情况代码表	5	确认具体行政行为违法		17	卫生健康管理
CV09.00.215	行政诉讼情况代码表	1	驳回		17	卫生健康管理
CV09.00.215	行政诉讼情况代码表	2	维持		17	卫生健康管理
CV09.00.215	行政诉讼情况代码表	3	撤销		17	卫生健康管理
CV09.00.215	行政诉讼情况代码表	4	部分撤销		17	卫生健康管理
CV09.00.215	行政诉讼情况代码表	5	变更		17	卫生健康管理
CV09.00.215	行政诉讼情况代码表	6	限期履行职责		17	卫生健康管理
CV09.00.216	行政处分类别代码表	1	警告		17	卫生健康管理
CV09.00.216	行政处分类别代码表	2	记过		17	卫生健康管理
CV09.00.216	行政处分类别代码表	3	记大过		17	卫生健康管理
CV09.00.216	行政处分类别代码表	4	降级		17	卫生健康管理
CV09.00.216	行政处分类别代码表	5	撤职		17	卫生健康管理
CV09.00.216	行政处分类别代码表	6	开除		17	卫生健康管理
CV09.00.217	卫生监督证书类别代码表	1	新发		17	卫生健康管理
CV09.00.217	卫生监督证书类别代码表	2	变更		17	卫生健康管理
CV09.00.217	卫生监督证书类别代码表	3	延续		17	卫生健康管理
CV09.00.217	卫生监督证书类别代码表	4	注销		17	卫生健康管理
CV09.00.218	许可类别代码表	1	新发		17	卫生健康管理
CV09.00.218	许可类别代码表	2	变更		17	卫生健康管理
CV09.00.218	许可类别代码表	3	延续		17	卫生健康管理
CV09.00.218	许可类别代码表	4	注销		17	卫生健康管理
CV09.00.301	检查结果通知形式代码表	1	自取		17	卫生健康管理
CV09.00.301	检查结果通知形式代码表	2	电话		17	卫生健康管理
CV09.00.301	检查结果通知形式代码表	3	函件		17	卫生健康管理
CV09.00.301	检查结果通知形式代码表	4	电子邮件		17	卫生健康管理
CV09.00.301	检查结果通知形式代码表	5	短信		17	卫生健康管理
CV09.00.301	检查结果通知形式代码表	9	其他		17	卫生健康管理
CV09.00.401	收入与支出代码表	1	总收入		17	卫生健康管理
CV09.00.401	收入与支出代码表	11	财政补助收入		17	卫生健康管理
CV09.00.401	收入与支出代码表	111	专项补助		17	卫生健康管理
CV09.00.401	收入与支出代码表	12	上级补助收入		17	卫生健康管理
CV09.00.401	收入与支出代码表	13	事业收入		17	卫生健康管理
CV09.00.401	收入与支出代码表	2	总支出		17	卫生健康管理
CV09.00.401	收入与支出代码表	21	事业支出		17	卫生健康管理
CV09.00.401	收入与支出代码表	22	财政专项支出		17	卫生健康管理
CV09.00.401	收入与支出代码表	23	培训经费支出		17	卫生健康管理
CV09.00.401	收入与支出代码表	24	人员支出		17	卫生健康管理
CV09.00.401	收入与支出代码表	25	离退休费		17	卫生健康管理
CV09.00.402	资产与负债代码表	1	总资产		17	卫生健康管理
CV09.00.402	资产与负债代码表	11	流动资产		17	卫生健康管理
CV09.00.402	资产与负债代码表	12	对外投资		17	卫生健康管理
CV09.00.402	资产与负债代码表	13	固定资产		17	卫生健康管理
CV09.00.402	资产与负债代码表	14	无形资产		17	卫生健康管理
CV09.00.402	资产与负债代码表	2	负债		17	卫生健康管理
CV09.00.402	资产与负债代码表	3	净资产		17	卫生健康管理
CV09.00.402	资产与负债代码表	31	事业基金		17	卫生健康管理
CV09.00.402	资产与负债代码表	32	固定基金		17	卫生健康管理
CV09.00.402	资产与负债代码表	33	专用基金		17	卫生健康管理
CV09.00.403	入院途径代码表	1	门诊		17	卫生健康管理
CV09.00.403	入院途径代码表	2	急诊		17	卫生健康管理
CV09.00.403	入院途径代码表	3	其他医疗机构转入		17	卫生健康管理
CV09.00.403	入院途径代码表	9	其他		17	卫生健康管理
CV09.00.404	患者类型代码表	1	门诊		17	卫生健康管理
CV09.00.404	患者类型代码表	2	急诊		17	卫生健康管理
CV09.00.404	患者类型代码表	3	住院		17	卫生健康管理
CV09.00.404	患者类型代码表	9	其他		17	卫生健康管理
CV09.00.405	督导人员选择代码表	1	医生		17	卫生健康管理
CV09.00.405	督导人员选择代码表	2	家属		17	卫生健康管理
CV09.00.405	督导人员选择代码表	3	自服药		17	卫生健康管理
CV09.00.405	督导人员选择代码表	9	其他		17	卫生健康管理
CV02.01.101	身份证件类别代码表	01	居民身份证		3	人口学及社会经济学特征
CV02.01.101	身份证件类别代码表	02	居民户口簿		3	人口学及社会经济学特征
CV02.01.101	身份证件类别代码表	03	护照		3	人口学及社会经济学特征
CV02.01.101	身份证件类别代码表	04	军官证		3	人口学及社会经济学特征
CV02.01.101	身份证件类别代码表	05	驾驶证		3	人口学及社会经济学特征
CV02.01.101	身份证件类别代码表	06	港澳居民来往内地通行证		3	人口学及社会经济学特征
CV02.01.101	身份证件类别代码表	07	台湾居民来往大陆通行证		3	人口学及社会经济学特征
CV02.01.101	身份证件类别代码表	08	临时居民身份证		3	人口学及社会经济学特征
CV02.01.101	身份证件类别代码表	09	武装警察身份证件		3	人口学及社会经济学特征
CV02.01.101	身份证件类别代码表	10	中华人民共和国港澳居民居住证		3	人口学及社会经济学特征
CV02.01.101	身份证件类别代码表	11	中华人民共和国台湾居民居住证		3	人口学及社会经济学特征
CV02.01.101	身份证件类别代码表	12	社会保障卡		3	人口学及社会经济学特征
CV02.01.101	身份证件类别代码表	99	其他法定有效证件		3	人口学及社会经济学特征
CV02.01.102	出生（分娩）地点类别代码表	1	医院		3	人口学及社会经济学特征
CV02.01.102	出生（分娩）地点类别代码表	11	省（市）级医院		3	人口学及社会经济学特征
CV02.01.102	出生（分娩）地点类别代码表	12	县（区）级医院		3	人口学及社会经济学特征
CV02.01.102	出生（分娩）地点类别代码表	2	妇幼保健院		3	人口学及社会经济学特征
CV02.01.102	出生（分娩）地点类别代码表	3	乡（街道）卫生机构		3	人口学及社会经济学特征
CV02.01.102	出生（分娩）地点类别代码表	4	村（诊所）卫生机构		3	人口学及社会经济学特征
CV02.01.102	出生（分娩）地点类别代码表	5	途中		3	人口学及社会经济学特征
CV02.01.102	出生（分娩）地点类别代码表	6	家庭（家中）		3	人口学及社会经济学特征
CV02.01.102	出生（分娩）地点类别代码表	9	其他		3	人口学及社会经济学特征
CV02.01.103	死亡地点类别代码表	01	医疗卫生机构		3	人口学及社会经济学特征
CV02.01.103	死亡地点类别代码表	02	来院途中		3	人口学及社会经济学特征
CV02.01.103	死亡地点类别代码表	03	家中	在家中发生的死亡，未送医院	3	人口学及社会经济学特征
CV02.01.103	死亡地点类别代码表	04	养老服务机构		3	人口学及社会经济学特征
CV02.01.103	死亡地点类别代码表	09	其他场所		3	人口学及社会经济学特征
CV02.01.103	死亡地点类别代码表	99	不详		3	人口学及社会经济学特征
CV02.01.104	传染病患者归属代码表	1	本县区		3	人口学及社会经济学特征
CV02.01.104	传染病患者归属代码表	2	本市其他县区		3	人口学及社会经济学特征
CV02.01.104	传染病患者归属代码表	3	本省其他地市		3	人口学及社会经济学特征
CV02.01.104	传染病患者归属代码表	4	外省		3	人口学及社会经济学特征
CV02.01.104	传染病患者归属代码表	5	港澳台		3	人口学及社会经济学特征
CV02.01.104	传染病患者归属代码表	6	外籍		3	人口学及社会经济学特征
CV02.01.201	血缘关系代码表	1	无血缘关系		3	人口学及社会经济学特征
CV02.01.201	血缘关系代码表	2	直系血缘关系		3	人口学及社会经济学特征
CV02.01.201	血缘关系代码表	3	三代以内的旁系血缘关系		3	人口学及社会经济学特征
CV02.01.201	血缘关系代码表	4	三代以外的旁系血缘关系		3	人口学及社会经济学特征
CV02.01.201	血缘关系代码表	5	不详		3	人口学及社会经济学特征
CV02.01.201	血缘关系代码表	9	其他		3	人口学及社会经济学特征
CV02.01.202	传染病患者职业代码表	01	幼托儿童		3	人口学及社会经济学特征
CV02.01.202	传染病患者职业代码表	02	散居儿童		3	人口学及社会经济学特征
CV02.01.202	传染病患者职业代码表	03	学生（大中小学）		3	人口学及社会经济学特征
CV02.01.202	传染病患者职业代码表	04	教师		3	人口学及社会经济学特征
CV02.01.202	传染病患者职业代码表	05	保育员及保姆		3	人口学及社会经济学特征
CV02.01.202	传染病患者职业代码表	06	餐饮食品业		3	人口学及社会经济学特征
CV02.01.202	传染病患者职业代码表	07	商业服务		3	人口学及社会经济学特征
CV02.01.202	传染病患者职业代码表	08	医务人员		3	人口学及社会经济学特征
CV02.01.202	传染病患者职业代码表	09	工人		3	人口学及社会经济学特征
CV02.01.202	传染病患者职业代码表	10	民工		3	人口学及社会经济学特征
CV02.01.202	传染病患者职业代码表	11	农民		3	人口学及社会经济学特征
CV02.01.202	传染病患者职业代码表	12	牧民		3	人口学及社会经济学特征
CV02.01.202	传染病患者职业代码表	13	渔（船） 民		3	人口学及社会经济学特征
CV02.01.202	传染病患者职业代码表	14	干部职员		3	人口学及社会经济学特征
CV02.01.202	传染病患者职业代码表	15	离退人员		3	人口学及社会经济学特征
CV02.01.202	传染病患者职业代码表	16	家务及待业		3	人口学及社会经济学特征
CV02.01.202	传染病患者职业代码表	17	不详		3	人口学及社会经济学特征
CV02.01.202	传染病患者职业代码表	99	其他		3	人口学及社会经济学特征
CV02.01.203	家庭年人均收入代码表	1	4000元及以下		3	人口学及社会经济学特征
CV02.01.203	家庭年人均收入代码表	2	4000~16000元		3	人口学及社会经济学特征
CV02.01.203	家庭年人均收入代码表	3	16000~32000元		3	人口学及社会经济学特征
CV02.01.203	家庭年人均收入代码表	4	32000~42000元		3	人口学及社会经济学特征
CV02.01.203	家庭年人均收入代码表	5	42000~84000元		3	人口学及社会经济学特征
CV02.01.203	家庭年人均收入代码表	6	84000元及以上		3	人口学及社会经济学特征
CV02.01.204	医疗保险类别代码表	01	城镇职工基本医疗保险		3	人口学及社会经济学特征
CV02.01.204	医疗保险类别代码表	02	城镇居民基本医疗保险		3	人口学及社会经济学特征
CV02.01.204	医疗保险类别代码表	03	新型农村合作医疗		3	人口学及社会经济学特征
CV02.01.204	医疗保险类别代码表	04	公务员医疗补助		3	人口学及社会经济学特征
CV02.01.204	医疗保险类别代码表	05	企业补充医疗保险		3	人口学及社会经济学特征
CV02.01.204	医疗保险类别代码表	06	大额补充医疗保险		3	人口学及社会经济学特征
CV02.01.204	医疗保险类别代码表	07	商业医疗保险		3	人口学及社会经济学特征
CV02.01.204	医疗保险类别代码表	99	其他		3	人口学及社会经济学特征
CV02.01.205	地址类别代码表	01	户籍住址		3	人口学及社会经济学特征
CV02.01.205	地址类别代码表	02	工作场所地址		3	人口学及社会经济学特征
CV02.01.205	地址类别代码表	03	家庭常住住址		3	人口学及社会经济学特征
CV02.01.205	地址类别代码表	04	通讯地址		3	人口学及社会经济学特征
CV02.01.205	地址类别代码表	05	暂住地址		3	人口学及社会经济学特征
CV02.01.205	地址类别代码表	06	出生地址		3	人口学及社会经济学特征
CV02.01.205	地址类别代码表	07	产后修养地址		3	人口学及社会经济学特征
CV02.01.205	地址类别代码表	08	变迁地址		3	人口学及社会经济学特征
CV02.01.205	地址类别代码表	09	现住址		3	人口学及社会经济学特征
CV02.01.205	地址类别代码表	99	其他地址		3	人口学及社会经济学特征
CV05.01.001	住院者疾病状态代码表	1	危急		10	医学诊断
CV05.01.001	住院者疾病状态代码表	2	严重		10	医学诊断
CV05.01.001	住院者疾病状态代码表	3	一般		10	医学诊断
CV05.01.001	住院者疾病状态代码表	4	不适用		10	医学诊断
CV05.01.001	住院者疾病状态代码表	9	其他		10	医学诊断
CV05.01.002	诊断状态代码表	1	疑似病 例	临床表现符合或基本符合《<中华人民共和国传染病防治法>管理的传染病诊断标准（试行）》中“疑似 病例”条件或者《传染性非典型肺炎临床诊断标准（试行）》中“疑似诊断标准”，需要进一步明确诊	10	医学诊断
CV05.01.003	乳糜尿发作诱因代码表	1	劳累	乳糜尿发作前近几日活动、生产或工作等劳作程度超过平时状况	10	医学诊断
CV05.01.003	乳糜尿发作诱因代码表	2	高脂餐	乳糜尿发作前近日饮食中脂肪摄入量超过平时状况	10	医学诊断
CV05.01.003	乳糜尿发作诱因代码表	3	不清楚	不知道乳糜尿发作的主要原因	10	医学诊断
CV05.01.003	乳糜尿发作诱因代码表	9	其他	诱发乳糜尿发作的其他可能诱因	10	医学诊断
CV05.01.004	伤害性质代码表	01	骨折	包括各种骨折	10	医学诊断
CV05.01.004	伤害性质代码表	02	扭伤/拉伤	包括韧带拉伤、关节扭伤	10	医学诊断
CV05.01.004	伤害性质代码表	03	锐器伤、咬伤、开放伤	包括各种锐器导致的伤害，动物、昆虫的咬伤等	10	医学诊断
CV05.01.004	伤害性质代码表	04	挫伤、擦伤	包括重物近似垂直打击而造成的皮肤和肌肉伤害和物体贴靠人体横向擦 刮而造成的皮肤损伤	10	医学诊断
CV05.01.004	伤害性质代码表	05	烧烫伤	包括局部和大面积烧伤、烫伤、化学灼伤、电流及放射伤等	10	医学诊断
CV05.01.004	伤害性质代码表	06	脑震荡、脑挫裂伤	脑震荡指短暂的脑功能障碍而无确定的器质性变化，脑挫裂伤指受伤着 力点的相应部位和对冲部位的脑实质性损害	10	医学诊断
CV05.01.004	伤害性质代码表	07	器官系统损伤	呼吸、消化等内脏受伤，包括器官破裂、内出血、撕裂伤等	10	医学诊断
CV05.01.004	伤害性质代码表	08	不清楚	不能确定存在伤害或无法察觉的伤害	10	医学诊断
CV05.01.004	伤害性质代码表	99	其他	未能归入上述分类，需要注明	10	医学诊断
CV05.01.005	中医体质分类代码表	01	平和质		10	医学诊断
CV05.01.005	中医体质分类代码表	02	气虚质		10	医学诊断
CV05.01.005	中医体质分类代码表	03	阳虚质		10	医学诊断
CV05.01.005	中医体质分类代码表	04	阴虚质		10	医学诊断
CV05.01.005	中医体质分类代码表	05	痰湿质		10	医学诊断
CV05.01.005	中医体质分类代码表	06	湿热质		10	医学诊断
CV05.01.005	中医体质分类代码表	07	血瘀质		10	医学诊断
CV05.01.005	中医体质分类代码表	08	气郁质		10	医学诊断
CV05.01.005	中医体质分类代码表	09	特秉质		10	医学诊断
CV05.01.005	中医体质分类代码表	99	其他		10	医学诊断
CV05.01.006	孕产妇死亡死因分类代码表	01	流产		10	医学诊断
CV05.01.006	孕产妇死亡死因分类代码表	02	异位妊娠		10	医学诊断
CV05.01.006	孕产妇死亡死因分类代码表	03	妊娠剧吐		10	医学诊断
CV05.01.006	孕产妇死亡死因分类代码表	04	死胎		10	医学诊断
CV05.01.006	孕产妇死亡死因分类代码表	05	妊高征		10	医学诊断
CV05.01.006	孕产妇死亡死因分类代码表	06	前置胎盘		10	医学诊断
CV05.01.006	孕产妇死亡死因分类代码表	07	胎盘早剥		10	医学诊断
CV05.01.006	孕产妇死亡死因分类代码表	08	产后宫缩乏力		10	医学诊断
CV05.01.006	孕产妇死亡死因分类代码表	09	胎盘滞留		10	医学诊断
CV05.01.006	孕产妇死亡死因分类代码表	10	软产道损伤		10	医学诊断
CV05.01.006	孕产妇死亡死因分类代码表	11	子宫破裂		10	医学诊断
CV05.01.006	孕产妇死亡死因分类代码表	12	滞产		10	医学诊断
CV05.01.006	孕产妇死亡死因分类代码表	13	羊水栓塞		10	医学诊断
CV05.01.006	孕产妇死亡死因分类代码表	14	产褥感染		10	医学诊断
CV05.01.006	孕产妇死亡死因分类代码表	15	产褥期中暑		10	医学诊断
CV05.01.006	孕产妇死亡死因分类代码表	16	晚期产后出血		10	医学诊断
CV05.01.007	胎方位代码表	01	左枕前（LOA）		10	医学诊断
CV05.01.007	胎方位代码表	02	右枕前（ROA）		10	医学诊断
CV05.01.007	胎方位代码表	03	左枕后（LOP）		10	医学诊断
CV05.01.007	胎方位代码表	04	右枕后（ROP）		10	医学诊断
CV05.01.007	胎方位代码表	05	左枕横（LOT）		10	医学诊断
CV05.01.007	胎方位代码表	06	右枕横（ROT）		10	医学诊断
CV05.01.007	胎方位代码表	07	左颏前（LMA）		10	医学诊断
CV05.01.007	胎方位代码表	08	右颏前（RMA）		10	医学诊断
CV05.01.007	胎方位代码表	09	左颏后（LMP）		10	医学诊断
CV05.01.008	胎先露代码表	1	头先露		10	医学诊断
CV05.01.008	胎先露代码表	2	臀先露		10	医学诊断
CV05.01.008	胎先露代码表	3	肩先露		10	医学诊断
CV05.01.008	胎先露代码表	4	足先露		10	医学诊断
CV05.01.008	胎先露代码表	9	不详		10	医学诊断
CV05.01.009	产时并发症代码表	01	产力异常		10	医学诊断
CV05.01.009	产时并发症代码表	02	胎位异常		10	医学诊断
CV05.01.009	产时并发症代码表	03	产程停滞		10	医学诊断
CV05.01.009	产时并发症代码表	04	胎儿窘迫		10	医学诊断
CV05.01.009	产时并发症代码表	05	脐带脱垂		10	医学诊断
CV05.01.009	产时并发症代码表	06	产后出血		10	医学诊断
CV05.01.009	产时并发症代码表	07	羊水栓塞		10	医学诊断
CV05.01.010	会阴裂伤情况代码表	1	无裂伤		10	医学诊断
CV05.01.010	会阴裂伤情况代码表	2	Ⅰ°裂伤		10	医学诊断
CV05.01.010	会阴裂伤情况代码表	3	Ⅱ°裂伤		10	医学诊断
CV05.01.010	会阴裂伤情况代码表	4	Ⅲ°裂伤		10	医学诊断
CV05.01.010	会阴裂伤情况代码表	5	会阴切开		10	医学诊断
CV05.01.011	伤口愈合状况代码表	1	愈合		10	医学诊断
CV05.01.011	伤口愈合状况代码表	2	未愈		10	医学诊断
CV05.01.011	伤口愈合状况代码表	3	感染		10	医学诊断
CV05.01.011	伤口愈合状况代码表	9	其他		10	医学诊断
CV05.01.012	新生儿黄疸程度代码表	1	无		10	医学诊断
CV05.01.012	新生儿黄疸程度代码表	2	轻		10	医学诊断
CV05.01.012	新生儿黄疸程度代码表	3	中		10	医学诊断
CV05.01.012	新生儿黄疸程度代码表	4	重		10	医学诊断
CV05.01.013	新生儿并发症代码表	01	新生儿窒息		10	医学诊断
CV05.01.013	新生儿并发症代码表	02	新生儿吸入综合征		10	医学诊断
CV05.01.013	新生儿并发症代码表	03	新生儿肺透明膜病		10	医学诊断
CV05.01.013	新生儿并发症代码表	04	新生儿湿肺		10	医学诊断
CV05.01.013	新生儿并发症代码表	05	新生儿肺炎		10	医学诊断
CV05.01.013	新生儿并发症代码表	06	缺氧缺血性脑病		10	医学诊断
CV05.01.013	新生儿并发症代码表	07	新生儿颅内出血		10	医学诊断
CV05.01.013	新生儿并发症代码表	08	新生儿硬肿症		10	医学诊断
CV05.01.013	新生儿并发症代码表	09	新生儿黄疸		10	医学诊断
CV05.01.013	新生儿并发症代码表	10	新生儿溶血病		10	医学诊断
CV05.01.013	新生儿并发症代码表	11	新生儿破伤风		10	医学诊断
CV05.01.013	新生儿并发症代码表	12	新生儿败血症		10	医学诊断
CV05.01.013	新生儿并发症代码表	13	新生儿产伤		10	医学诊断
CV05.01.013	新生儿并发症代码表	99	其他		10	医学诊断
CV05.01.014	出生缺陷诊断依据代码表	1	临床诊断		10	医学诊断
CV05.01.014	出生缺陷诊断依据代码表	2	超声检查		10	医学诊断
CV05.01.014	出生缺陷诊断依据代码表	3	尸体解剖		10	医学诊断
CV05.01.014	出生缺陷诊断依据代码表	4	生化检查		10	医学诊断
CV05.01.014	出生缺陷诊断依据代码表	41	AFP		10	医学诊断
CV05.01.014	出生缺陷诊断依据代码表	42	HCG		10	医学诊断
CV05.01.014	出生缺陷诊断依据代码表	5	染色体检测		10	医学诊断
CV05.01.014	出生缺陷诊断依据代码表	6	基因检测		10	医学诊断
CV05.01.014	出生缺陷诊断依据代码表	9	其他		10	医学诊断
CV05.01.015	出生缺陷确诊时间类别代码表	1	产前		10	医学诊断
CV05.01.015	出生缺陷确诊时间类别代码表	2	产后七天内		10	医学诊断
CV05.01.015	出生缺陷确诊时间类别代码表	3	产后四十二天内		10	医学诊断
CV05.01.015	出生缺陷确诊时间类别代码表	4	儿童一周岁内		10	医学诊断
CV05.01.015	出生缺陷确诊时间类别代码表	5	儿童一周岁后		10	医学诊断
CV05.01.016	出生缺陷类别代码代码表	01	无脑畸形		10	医学诊断
CV05.01.016	出生缺陷类别代码代码表	02	脊柱裂		10	医学诊断
CV05.01.016	出生缺陷类别代码代码表	03	脑膨出		10	医学诊断
CV05.01.016	出生缺陷类别代码代码表	04	先天性脑积水		10	医学诊断
CV05.01.016	出生缺陷类别代码代码表	05	腭裂		10	医学诊断
CV05.01.016	出生缺陷类别代码代码表	0501	左侧		10	医学诊断
CV05.01.016	出生缺陷类别代码代码表	0502	中		10	医学诊断
CV05.01.016	出生缺陷类别代码代码表	0503	右侧		10	医学诊断
CV05.01.016	出生缺陷类别代码代码表	06	唇裂		10	医学诊断
CV05.01.016	出生缺陷类别代码代码表	0601	左侧		10	医学诊断
CV05.01.016	出生缺陷类别代码代码表	0602	中		10	医学诊断
CV05.01.016	出生缺陷类别代码代码表	0603	右侧		10	医学诊断
CV05.01.016	出生缺陷类别代码代码表	07	唇裂合并腭裂		10	医学诊断
CV05.01.016	出生缺陷类别代码代码表	0701	左侧		10	医学诊断
CV05.01.016	出生缺陷类别代码代码表	0702	右侧		10	医学诊断
CV05.01.016	出生缺陷类别代码代码表	08	小耳（包括无耳）		10	医学诊断
CV05.01.016	出生缺陷类别代码代码表	0801	左侧		10	医学诊断
CV05.01.016	出生缺陷类别代码代码表	0802	右侧		10	医学诊断
CV05.01.016	出生缺陷类别代码代码表	09	外耳其他畸形（小耳、无耳除外）		10	医学诊断
CV05.01.016	出生缺陷类别代码代码表	0901	左侧		10	医学诊断
CV05.01.016	出生缺陷类别代码代码表	0902	右侧		10	医学诊断
CV05.01.016	出生缺陷类别代码代码表	10	食道闭锁或狭窄		10	医学诊断
CV05.01.016	出生缺陷类别代码代码表	11	直肠肛门闭锁或狭窄（包括无肛）		10	医学诊断
CV05.01.016	出生缺陷类别代码代码表	12	尿道下裂		10	医学诊断
CV05.01.016	出生缺陷类别代码代码表	13	膀胱外翻		10	医学诊断
CV05.01.017	传染病名称代码表	1	甲类传染病		10	医学诊断
CV05.01.017	传染病名称代码表	101	鼠疫		10	医学诊断
CV05.01.017	传染病名称代码表	102	霍乱		10	医学诊断
CV05.01.017	传染病名称代码表	2	乙类传染病		10	医学诊断
CV05.01.017	传染病名称代码表	201	传染性非典型肺炎		10	医学诊断
CV05.01.017	传染病名称代码表	202	艾滋病		10	医学诊断
CV05.01.017	传染病名称代码表	203	病毒性肝炎		10	医学诊断
CV05.01.017	传染病名称代码表	2031	甲型		10	医学诊断
CV05.01.017	传染病名称代码表	2032	乙型		10	医学诊断
CV05.01.017	传染病名称代码表	2033	丙型		10	医学诊断
CV05.01.017	传染病名称代码表	2034	戊型		10	医学诊断
CV05.01.017	传染病名称代码表	2035	未分型		10	医学诊断
CV05.01.017	传染病名称代码表	204	脊髓灰质炎		10	医学诊断
CV05.01.017	传染病名称代码表	205	人感染高致病性禽流感		10	医学诊断
CV05.01.017	传染病名称代码表	206	甲型（H1N1）流感		10	医学诊断
CV05.01.017	传染病名称代码表	207	麻疹		10	医学诊断
CV05.01.017	传染病名称代码表	208	流行性出血热		10	医学诊断
CV05.01.017	传染病名称代码表	209	狂犬病		10	医学诊断
CV05.01.017	传染病名称代码表	210	流行性乙型脑炎		10	医学诊断
CV05.01.017	传染病名称代码表	211	登革热		10	医学诊断
CV05.01.017	传染病名称代码表	212	炭疽		10	医学诊断
CV05.01.017	传染病名称代码表	2121	肺炭疽		10	医学诊断
CV05.01.017	传染病名称代码表	2122	皮肤炭疽		10	医学诊断
CV05.01.017	传染病名称代码表	2123	未分型		10	医学诊断
CV05.01.017	传染病名称代码表	213	痢疾		10	医学诊断
CV05.01.017	传染病名称代码表	2131	细菌性		10	医学诊断
CV05.01.017	传染病名称代码表	2132	阿米巴性		10	医学诊断
CV05.01.017	传染病名称代码表	214	肺结核		10	医学诊断
CV05.01.017	传染病名称代码表	2141	涂阳		10	医学诊断
CV05.01.017	传染病名称代码表	2142	仅培阳		10	医学诊断
CV05.01.017	传染病名称代码表	2143	菌阴		10	医学诊断
CV05.01.017	传染病名称代码表	2144	未痰检		10	医学诊断
CV05.01.017	传染病名称代码表	215	伤寒		10	医学诊断
CV05.01.017	传染病名称代码表	2151	伤寒		10	医学诊断
CV05.01.017	传染病名称代码表	2152	副伤寒		10	医学诊断
CV05.01.017	传染病名称代码表	216	流行性脑脊髓膜炎		10	医学诊断
CV05.01.017	传染病名称代码表	217	百日咳		10	医学诊断
CV05.01.017	传染病名称代码表	218	白喉		10	医学诊断
CV05.01.017	传染病名称代码表	219	新生儿破伤风		10	医学诊断
CV05.01.017	传染病名称代码表	220	猩红热		10	医学诊断
CV05.01.017	传染病名称代码表	221	布鲁氏菌病		10	医学诊断
CV05.01.017	传染病名称代码表	222	淋病		10	医学诊断
CV05.01.017	传染病名称代码表	223	梅毒		10	医学诊断
CV05.01.017	传染病名称代码表	2231	Ⅰ期		10	医学诊断
CV05.01.017	传染病名称代码表	2232	Ⅱ期		10	医学诊断
CV05.01.017	传染病名称代码表	2233	Ⅲ期		10	医学诊断
CV05.01.017	传染病名称代码表	2234	胎传		10	医学诊断
CV05.01.017	传染病名称代码表	2235	隐性		10	医学诊断
CV05.01.017	传染病名称代码表	224	钩端螺旋体病		10	医学诊断
CV05.01.017	传染病名称代码表	225	血吸虫病		10	医学诊断
CV05.01.017	传染病名称代码表	226	疟疾		10	医学诊断
CV05.01.017	传染病名称代码表	2261	间日疟		10	医学诊断
CV05.01.017	传染病名称代码表	2262	恶性疟		10	医学诊断
CV05.01.017	传染病名称代码表	2263	未分型		10	医学诊断
CV05.01.017	传染病名称代码表	227	新型冠状病毒		10	医学诊断
CV05.01.017	传染病名称代码表	3	丙类传染病		10	医学诊断
CV05.01.017	传染病名称代码表	301	流行性感冒		10	医学诊断
CV05.01.017	传染病名称代码表	302	流行性腮腺炎		10	医学诊断
CV05.01.017	传染病名称代码表	303	风疹		10	医学诊断
CV05.01.017	传染病名称代码表	304	急性出血性结膜炎		10	医学诊断
CV05.01.017	传染病名称代码表	305	麻风病		10	医学诊断
CV05.01.017	传染病名称代码表	306	流行性和地方性斑疹伤寒		10	医学诊断
CV05.01.017	传染病名称代码表	307	黑热病		10	医学诊断
CV05.01.017	传染病名称代码表	308	包虫病		10	医学诊断
CV05.01.017	传染病名称代码表	309	丝虫病		10	医学诊断
CV05.01.017	传染病名称代码表	310	除霍乱、细菌性和阿米巴性痢疾、伤寒和副伤寒以外的感染性腹泻病		10	医学诊断
CV05.01.017	传染病名称代码表	311	手足口病		10	医学诊断
CV05.01.018	结核病合并症代码表	1	无		10	医学诊断
CV05.01.018	结核病合并症代码表	2	糖尿病		10	医学诊断
CV05.01.018	结核病合并症代码表	3	尘肺		10	医学诊断
CV05.01.018	结核病合并症代码表	4	精神病		10	医学诊断
CV05.01.018	结核病合并症代码表	5	HIV/AIDS		10	医学诊断
CV05.01.018	结核病合并症代码表	9	其他		10	医学诊断
CV05.01.019	肺外结核部位代码表	1	淋巴结		10	医学诊断
CV05.01.019	肺外结核部位代码表	2	脑		10	医学诊断
CV05.01.019	肺外结核部位代码表	3	骨关节		10	医学诊断
CV05.01.019	肺外结核部位代码表	4	腹腔		10	医学诊断
CV05.01.019	肺外结核部位代码表	5	泌尿生殖系统		10	医学诊断
CV05.01.019	肺外结核部位代码表	9	其他部位		10	医学诊断
CV05.01.020	诊断结核病类型代码表	1	Ⅰ型	原发性肺结核	10	医学诊断
CV05.01.020	诊断结核病类型代码表	2	Ⅱ型	血行播散性肺结核	10	医学诊断
CV05.01.020	诊断结核病类型代码表	3	Ⅲ型	继发性肺结核	10	医学诊断
CV05.01.020	诊断结核病类型代码表	4	Ⅳ型	结核性胸膜炎	10	医学诊断
CV05.01.020	诊断结核病类型代码表	5	Ⅴ型	其他肺外结核	10	医学诊断
CV05.01.021	肺结核诊断结果代码表	1	涂阳	痰涂片找抗酸杆菌阳性	10	医学诊断
CV05.01.021	肺结核诊断结果代码表	2	涂阴	痰涂片未找到抗酸杆菌	10	医学诊断
CV05.01.021	肺结核诊断结果代码表	3	涂阴重症	痰涂片未找到抗酸杆菌但胸片显示肺部病兆广泛且有空洞	10	医学诊断
CV05.01.021	肺结核诊断结果代码表	4	仅培阳	痰涂片未找到抗酸杆菌但痰培养阳性	10	医学诊断
CV05.01.021	肺结核诊断结果代码表	5	未查	未进行痰检	10	医学诊断
CV05.01.021	肺结核诊断结果代码表	6	胸膜炎		10	医学诊断
CV05.01.021	肺结核诊断结果代码表	7	其他肺外结核		10	医学诊断
CV05.01.022	血吸虫病合并症代码表	1	糖尿病	符合我国现行的糖尿病诊断标准	10	医学诊断
CV05.01.022	血吸虫病合并症代码表	2	高血压	符合我国现行的高血压诊断标准	10	医学诊断
CV05.01.022	血吸虫病合并症代码表	3	冠心病	符合我国现行的冠心病诊断标准	10	医学诊断
CV05.01.022	血吸虫病合并症代码表	9	其他	不同于以上的血吸虫病合并症	10	医学诊断
CV05.01.023	血吸虫病感染方式代码表	01	抗洪救灾		10	医学诊断
CV05.01.023	血吸虫病感染方式代码表	02	农业生产		10	医学诊断
CV05.01.023	血吸虫病感染方式代码表	03	捕鱼捞虾		10	医学诊断
CV05.01.023	血吸虫病感染方式代码表	04	放牧与割草		10	医学诊断
CV05.01.023	血吸虫病感染方式代码表	05	抢种抢收		10	医学诊断
CV05.01.023	血吸虫病感染方式代码表	06	洗涮生活用品		10	医学诊断
CV05.01.023	血吸虫病感染方式代码表	07	玩水游泳		10	医学诊断
CV05.01.023	血吸虫病感染方式代码表	08	洗手、脚		10	医学诊断
CV05.01.023	血吸虫病感染方式代码表	99	其他		10	医学诊断
CV05.01.024	血吸虫病诊断状态代码表	1	急性血吸虫病		10	医学诊断
CV05.01.024	血吸虫病诊断状态代码表	11	急性血吸虫病疑似病例		10	医学诊断
CV05.01.024	血吸虫病诊断状态代码表	12	急性血吸虫病临床诊断病例		10	医学诊断
CV05.01.024	血吸虫病诊断状态代码表	13	急性血吸虫病确诊病例		10	医学诊断
CV05.01.024	血吸虫病诊断状态代码表	2	慢性血吸虫病		10	医学诊断
CV05.01.024	血吸虫病诊断状态代码表	21	慢性血吸虫病临床诊断病例		10	医学诊断
CV05.01.024	血吸虫病诊断状态代码表	22	慢性血吸虫病确诊病例		10	医学诊断
CV05.01.024	血吸虫病诊断状态代码表	3	晚期血吸虫病		10	医学诊断
CV05.01.024	血吸虫病诊断状态代码表	31	晚期血吸虫病临床诊断病例		10	医学诊断
CV05.01.024	血吸虫病诊断状态代码表	32	晚期血吸虫病确诊病例		10	医学诊断
CV05.01.025	晚期血吸虫病病例类型代码表	1	巨脾型	符合WS261血吸虫病诊断标准中有关晚期血吸虫病的巨脾 型临床表现	10	医学诊断
CV05.01.025	晚期血吸虫病病例类型代码表	2	腹水型	符合WS261血吸虫病诊断标准中有关晚期血吸虫病的腹水 型临床表现	10	医学诊断
CV05.01.025	晚期血吸虫病病例类型代码表	3	结肠增殖型	符合WS261血吸虫病诊断标准中有关晚期血吸虫病的结肠 增殖型临床表现	10	医学诊断
CV05.01.025	晚期血吸虫病病例类型代码表	4	侏儒型	符合WS261血吸虫病诊断标准中有关晚期血吸虫病的侏儒 型临床表现	10	医学诊断
CV05.01.025	晚期血吸虫病病例类型代码表	9	其他	不同于以上的晚期血吸虫病临床表现	10	医学诊断
CV05.01.026	肿瘤临床分期代码表	1	0期		10	医学诊断
CV05.01.026	肿瘤临床分期代码表	2	Ⅰ期		10	医学诊断
CV05.01.026	肿瘤临床分期代码表	3	Ⅱ期		10	医学诊断
CV05.01.026	肿瘤临床分期代码表	4	Ⅲ期		10	医学诊断
CV05.01.026	肿瘤临床分期代码表	5	Ⅳ期		10	医学诊断
CV05.01.026	肿瘤临床分期代码表	6	无法判定		10	医学诊断
CV05.01.027	肿瘤诊断依据代码表	01	临床		10	医学诊断
CV05.01.027	肿瘤诊断依据代码表	02	X线		10	医学诊断
CV05.01.027	肿瘤诊断依据代码表	03	超声波		10	医学诊断
CV05.01.027	肿瘤诊断依据代码表	04	CT		10	医学诊断
CV05.01.027	肿瘤诊断依据代码表	05	内窥镜		10	医学诊断
CV05.01.027	肿瘤诊断依据代码表	06	核磁共振		10	医学诊断
CV05.01.027	肿瘤诊断依据代码表	07	手术（无病理）		10	医学诊断
CV05.01.027	肿瘤诊断依据代码表	08	尸检（无病理）		10	医学诊断
CV05.01.027	肿瘤诊断依据代码表	09	生化		10	医学诊断
CV05.01.027	肿瘤诊断依据代码表	10	免疫		10	医学诊断
CV05.01.027	肿瘤诊断依据代码表	11	血片	血压涂片检查	10	医学诊断
CV05.01.027	肿瘤诊断依据代码表	12	细胞学		10	医学诊断
CV05.01.027	肿瘤诊断依据代码表	13	病理（继发）		10	医学诊断
CV05.01.027	肿瘤诊断依据代码表	14	病理（原发）		10	医学诊断
CV05.01.027	肿瘤诊断依据代码表	15	尸检（有病理）		10	医学诊断
CV05.01.027	肿瘤诊断依据代码表	16	不详		10	医学诊断
CV05.01.027	肿瘤诊断依据代码表	17	死亡补发病	病人死因为恶性肿瘤，而之前没有医院报告的记录， 这种情况需进行死亡补充报告	10	医学诊断
CV05.01.028	病毒性肝炎类型代码表	1	甲型病毒性肝炎	符合WS298甲型病毒性肝炎诊断标准	10	医学诊断
CV05.01.028	病毒性肝炎类型代码表	2	乙型病毒性肝炎	符合WS299乙型病毒性肝炎诊断标准	10	医学诊断
CV05.01.028	病毒性肝炎类型代码表	3	丙型病毒性肝炎	符合WS213丙型病毒性肝炎诊断标准	10	医学诊断
CV05.01.028	病毒性肝炎类型代码表	4	丁型病毒性肝炎	符合WS300丁型病毒性肝炎诊断标准	10	医学诊断
CV05.01.028	病毒性肝炎类型代码表	5	戊型病毒性肝炎	符合WS301戊型病毒性肝炎诊断标准	10	医学诊断
CV05.01.028	病毒性肝炎类型代码表	9	其他	不同于以上的肝炎	10	医学诊断
CV05.01.029	慢性HBV感染临床诊断分类代码表	1	慢性乙型肝炎	既往有乙型肝炎病史或HBsAg阳性超过6个月，现HBsAg和（或）HBVDNA 仍为阳性，伴ALT持续或反复升高，或肝组织学检查有肝炎病变	10	医学诊断
CV05.01.029	慢性HBV感染临床诊断分类代码表	2	乙型肝炎肝硬化	乙型肝炎肝硬化是慢性乙型肝炎发展的结果，其病理学定义为弥漫性纤 维化伴有假小叶形成	10	医学诊断
CV05.01.029	慢性HBV感染临床诊断分类代码表	3	携带者	包括慢性HBV携带者和非活动性HBsAg携带者，前者多为免疫耐受期的 HBsAg、HBeAg和HBVDNA阳性者，1年内连续随访3次以上均显示血清 ALT和AST在正常范围，肝组学检查无明显异常；后者指血清HBsAg阳 性、HBeAg阴性、抗-HBe阳性或阴性，HBV DNA低于最低检测限，1年 内连续随访3次以上，ALT均在正常范围或肝组织无明显病理变化者	10	医学诊断
CV05.01.029	慢性HBV感染临床诊断分类代码表	4	隐匿性慢性乙型肝炎	血清HBsAg阴性，但血清和（或）肝组织中HBVDNA阳性，并有慢性乙 型肝炎的临床表现	10	医学诊断
CV05.01.030	慢性乙型肝炎的临床分级代码表	1	轻度	指临床症状、体征轻微或缺如，肝功能指标仅1或2项轻度异常	10	医学诊断
CV05.01.030	慢性乙型肝炎的临床分级代码表	2	中度	症状、体征、实验室检查居于轻度和重度之间	10	医学诊断
CV05.01.030	慢性乙型肝炎的临床分级代码表	3	重度	指有明显或持续的肝炎症状，如乏力、纳差、腹胀、尿黄、便溏等，伴有肝病面 容、肝掌、蜘蛛痣、脾大并排除其他原因，且无门脉高压症者	10	医学诊断
CV05.01.030	慢性乙型肝炎的临床分级代码表	4	重型	指病情重，患者极度乏力，消化道症状明显，实验室检查提示凝血酶原活动度低 于40％、血清胆红素大于正常值l0倍	10	医学诊断
CV05.01.031	肝衰竭分类代码表	1	急性肝衰竭	是起病急,发病2周内出现以Ⅱ度以上肝性脑病为特征的肝衰竭症候群	10	医学诊断
CV05.01.031	肝衰竭分类代码表	2	亚急性肝衰竭	起病较急,发病15 天至26周内出现肝衰竭症候群	10	医学诊断
CV05.01.031	肝衰竭分类代码表	3	慢加急性肝衰竭	是在慢性肝病基础上出现的急性肝功能失代偿	10	医学诊断
CV05.01.031	肝衰竭分类代码表	4	慢性肝衰竭	是在肝硬化基础上,肝功能进行性减退导致的以腹水或门静脉高压、凝 血功能障碍和肝性脑病等为主要表现的慢性肝功能失代偿	10	医学诊断
CV05.01.032	预防接种后不良反应临床诊断代码表	01	无菌性脓肿		10	医学诊断
CV05.01.032	预防接种后不良反应临床诊断代码表	02	热性惊厥		10	医学诊断
CV05.01.032	预防接种后不良反应临床诊断代码表	03	过敏反应		10	医学诊断
CV05.01.032	预防接种后不良反应临床诊断代码表	0301	过敏性休克		10	医学诊断
CV05.01.032	预防接种后不良反应临床诊断代码表	0302	过敏性皮疹		10	医学诊断
CV05.01.032	预防接种后不良反应临床诊断代码表	0303	过敏性紫癜		10	医学诊断
CV05.01.032	预防接种后不良反应临床诊断代码表	0304	血小板减少性紫癜		10	医学诊断
CV05.01.032	预防接种后不良反应临床诊断代码表	0305	局部过敏坏死反应		10	医学诊断
CV05.01.032	预防接种后不良反应临床诊断代码表	0306	血管性水肿		10	医学诊断
CV05.01.032	预防接种后不良反应临床诊断代码表	0307	荨麻疹		10	医学诊断
CV05.01.032	预防接种后不良反应临床诊断代码表	0308	麻疹猩红热样皮疹		10	医学诊断
CV05.01.032	预防接种后不良反应临床诊断代码表	0309	斑丘疹		10	医学诊断
CV05.01.032	预防接种后不良反应临床诊断代码表	0310	喉头水肿		10	医学诊断
CV05.01.032	预防接种后不良反应临床诊断代码表	04	多发性神经炎		10	医学诊断
CV05.01.032	预防接种后不良反应临床诊断代码表	05	格林巴利综合征		10	医学诊断
CV05.01.032	预防接种后不良反应临床诊断代码表	06	臂丛神经炎		10	医学诊断
CV05.01.032	预防接种后不良反应临床诊断代码表	07	癫痫		10	医学诊断
CV05.01.032	预防接种后不良反应临床诊断代码表	08	脑病（因遗传、先天性脑发育不全、脑外伤、脑肿瘤、脑出血、脑梗阻、感染、化学药物 中毒等引起的大脑神经组织损伤）		10	医学诊断
CV05.01.032	预防接种后不良反应临床诊断代码表	09	脑炎和脑膜炎		10	医学诊断
CV05.01.032	预防接种后不良反应临床诊断代码表	10	疫苗相关麻痹型脊髓灰质炎		10	医学诊断
CV05.01.032	预防接种后不良反应临床诊断代码表	11	卡介苗淋巴结炎		10	医学诊断
CV05.01.032	预防接种后不良反应临床诊断代码表	12	卡介苗骨髓炎		10	医学诊断
CV05.01.032	预防接种后不良反应临床诊断代码表	13	全身播散性卡介苗感染		10	医学诊断
CV05.01.032	预防接种后不良反应临床诊断代码表	14	局部化脓性感染		10	医学诊断
CV05.01.032	预防接种后不良反应临床诊断代码表	1401	局部脓肿		10	医学诊断
CV05.01.032	预防接种后不良反应临床诊断代码表	1402	淋巴管炎和淋巴结炎		10	医学诊断
CV05.01.032	预防接种后不良反应临床诊断代码表	1403	蜂窝织炎		10	医学诊断
CV05.01.032	预防接种后不良反应临床诊断代码表	15	全身化脓性感染		10	医学诊断
CV05.01.032	预防接种后不良反应临床诊断代码表	1501	毒血症		10	医学诊断
CV05.01.032	预防接种后不良反应临床诊断代码表	1502	败血症		10	医学诊断
CV05.01.032	预防接种后不良反应临床诊断代码表	1503	脓毒血症		10	医学诊断
CV05.01.032	预防接种后不良反应临床诊断代码表	16	晕厥		10	医学诊断
CV05.01.032	预防接种后不良反应临床诊断代码表	17	癔症		10	医学诊断
CV05.01.032	预防接种后不良反应临床诊断代码表	18	中毒性休克综合征		10	医学诊断
CV05.01.032	预防接种后不良反应临床诊断代码表	19	发热/红肿/硬结		10	医学诊断
CV05.01.032	预防接种后不良反应临床诊断代码表	99	其他		10	医学诊断
CV05.01.033	急性放射病的分度代码表	1	轻度		10	医学诊断
CV05.01.033	急性放射病的分度代码表	2	中度		10	医学诊断
CV05.01.033	急性放射病的分度代码表	3	重度		10	医学诊断
CV05.01.033	急性放射病的分度代码表	4	极重度		10	医学诊断
CV05.01.033	急性放射病的分度代码表	9	其他		10	医学诊断
CV05.01.034	急性放射病的分期代码表	1	初期		10	医学诊断
CV05.01.034	急性放射病的分期代码表	2	假愈期		10	医学诊断
CV05.01.034	急性放射病的分期代码表	3	极期		10	医学诊断
CV05.01.034	急性放射病的分期代码表	4	恢复期		10	医学诊断
CV05.01.034	急性放射病的分期代码表	9	其他		10	医学诊断
CV05.01.035	农药中毒原因类型代码表	1	生产性自用	个体劳动者因生产需要使用农药	10	医学诊断
CV05.01.035	农药中毒原因类型代码表	2	生产性受雇	企业劳动者因生产需要使用农药	10	医学诊断
CV05.01.035	农药中毒原因类型代码表	3	生活性误服（用）	生活中误服农药	10	医学诊断
CV05.01.035	农药中毒原因类型代码表	4	生活性自服	生活中因自杀服用农药	10	医学诊断
CV05.01.035	农药中毒原因类型代码表	9	其他		10	医学诊断
CV05.01.036	重性精神疾病名称代码表	1	精神分裂症		10	医学诊断
CV05.01.036	重性精神疾病名称代码表	2	分裂情感性障碍		10	医学诊断
CV05.01.036	重性精神疾病名称代码表	3	偏执性精神病		10	医学诊断
CV05.01.036	重性精神疾病名称代码表	4	双相障碍		10	医学诊断
CV05.01.036	重性精神疾病名称代码表	5	癫痫所致精神障碍		10	医学诊断
CV05.01.036	重性精神疾病名称代码表	6	精神发育迟滞伴发精神障碍		10	医学诊断
CV05.01.036	重性精神疾病名称代码表	9	其他		10	医学诊断
CV05.01.037	死亡最高诊断依据类别代码表	01	尸检	医疗机构的尸体解剖及公安部门的尸解/尸检	10	医学诊断
CV05.01.037	死亡最高诊断依据类别代码表	02	病理	包括活体脱落细胞学检查及组织检查等病理检查	10	医学诊断
CV05.01.037	死亡最高诊断依据类别代码表	03	手术	以手术为诊断依据而未进行理化检查	10	医学诊断
CV05.01.037	死亡最高诊断依据类别代码表	04	临床+理化	包括B超、X光、心电图等特殊检查	10	医学诊断
CV05.01.037	死亡最高诊断依据类别代码表	05	临床	以临床检查为诊断依据而未进行理化检查	10	医学诊断
CV05.01.037	死亡最高诊断依据类别代码表	06	死后推断	生前无任何疾病诊断，根据调查后推断死因	10	医学诊断
CV05.01.037	死亡最高诊断依据类别代码表	07	不详		10	医学诊断
CV05.01.038	过敏源代码表	1	药物	指可能导致人体发生过敏反应的药物	10	医学诊断
CV05.01.038	过敏源代码表	101	青霉素类抗生素		10	医学诊断
CV05.01.038	过敏源代码表	102	磺胺类抗生素		10	医学诊断
CV05.01.038	过敏源代码表	103	头孢类抗生素		10	医学诊断
CV05.01.038	过敏源代码表	104	含碘药品		10	医学诊断
CV05.01.038	过敏源代码表	105	酒精		10	医学诊断
CV05.01.038	过敏源代码表	106	镇静麻醉剂		10	医学诊断
CV05.01.038	过敏源代码表	199	其他药物过敏源		10	医学诊断
CV05.01.038	过敏源代码表	2	食物	指可能导致人体发生过敏反应的食物	10	医学诊断
CV05.01.038	过敏源代码表	201	猪肉		10	医学诊断
CV05.01.039	5岁以下儿童死因分类代码表	01	痢疾		10	医学诊断
CV05.01.039	5岁以下儿童死因分类代码表	02	败血症		10	医学诊断
CV05.01.039	5岁以下儿童死因分类代码表	03	麻疹		10	医学诊断
CV05.01.039	5岁以下儿童死因分类代码表	04	结核		10	医学诊断
CV05.01.039	5岁以下儿童死因分类代码表	05	其他传染病和寄生虫病		10	医学诊断
CV05.01.039	5岁以下儿童死因分类代码表	06	白血病		10	医学诊断
CV05.01.039	5岁以下儿童死因分类代码表	07	其他肿瘤		10	医学诊断
CV05.01.039	5岁以下儿童死因分类代码表	08	脑膜炎		10	医学诊断
CV05.01.039	5岁以下儿童死因分类代码表	09	其他神经系统疾病		10	医学诊断
CV05.01.039	5岁以下儿童死因分类代码表	10	肺炎		10	医学诊断
CV05.01.039	5岁以下儿童死因分类代码表	11	其他呼吸系统疾病		10	医学诊断
CV05.01.039	5岁以下儿童死因分类代码表	12	腹泻		10	医学诊断
CV05.01.039	5岁以下儿童死因分类代码表	13	其他消化系统疾病		10	医学诊断
CV05.01.039	5岁以下儿童死因分类代码表	14	先天性心脏病		10	医学诊断
CV05.01.039	5岁以下儿童死因分类代码表	15	神经管畸形		10	医学诊断
CV05.01.039	5岁以下儿童死因分类代码表	16	先天愚型		10	医学诊断
CV05.01.039	5岁以下儿童死因分类代码表	17	其他先天异常		10	医学诊断
CV05.01.040	输血反应类型代码表	1	发热		10	医学诊断
CV05.01.040	输血反应类型代码表	2	过敏		10	医学诊断
CV05.01.040	输血反应类型代码表	3	溶血		10	医学诊断
CV05.01.040	输血反应类型代码表	9	其他		10	医学诊断
CV05.01.041	足背动脉搏动类别代码表	01	触及正常		10	医学诊断
CV05.01.041	足背动脉搏动类别代码表	02	双侧减弱		10	医学诊断
CV05.01.041	足背动脉搏动类别代码表	03	左侧减弱		10	医学诊断
CV05.01.042	患病危险行为类别代码表	01	轻度滋事		10	医学诊断
CV05.01.042	患病危险行为类别代码表	02	肇事		10	医学诊断
CV05.01.042	患病危险行为类别代码表	03	肇祸		10	医学诊断
CV05.01.042	患病危险行为类别代码表	04	其他危害行为		10	医学诊断
CV05.01.042	患病危险行为类别代码表	05	自伤		10	医学诊断
CV05.01.042	患病危险行为类别代码表	06	自杀未遂		10	医学诊断
CV05.01.042	患病危险行为类别代码表	07	无		10	医学诊断
CV05.01.043	严重精神障碍患者失访原因类别代码表	1	外出打工		10	医学诊断
CV05.01.043	严重精神障碍患者失访原因类别代码表	2	迁居他处		10	医学诊断
CV05.01.043	严重精神障碍患者失访原因类别代码表	3	走失		10	医学诊断
CV05.01.043	严重精神障碍患者失访原因类别代码表	4	连续3次未到访		10	医学诊断
CV05.01.043	严重精神障碍患者失访原因类别代码表	9	其他		10	医学诊断
CV05.01.044	严重精神障碍患者死亡原因类别代码表	1	躯体疾病		10	医学诊断
CV05.01.044	严重精神障碍患者死亡原因类别代码表	11	传染病和寄生虫病		10	医学诊断
CV05.01.044	严重精神障碍患者死亡原因类别代码表	12	肿瘤		10	医学诊断
CV05.01.044	严重精神障碍患者死亡原因类别代码表	13	心脏病		10	医学诊断
CV05.01.044	严重精神障碍患者死亡原因类别代码表	14	脑血管病		10	医学诊断
CV05.01.044	严重精神障碍患者死亡原因类别代码表	15	呼吸系统疾病		10	医学诊断
CV05.01.044	严重精神障碍患者死亡原因类别代码表	16	消化系统疾病		10	医学诊断
CV05.01.044	严重精神障碍患者死亡原因类别代码表	17	其他疾病		10	医学诊断
CV05.01.044	严重精神障碍患者死亡原因类别代码表	18	不详		10	医学诊断
CV05.01.044	严重精神障碍患者死亡原因类别代码表	2	自杀		10	医学诊断
CV05.01.044	严重精神障碍患者死亡原因类别代码表	3	他杀		10	医学诊断
CV05.01.044	严重精神障碍患者死亡原因类别代码表	4	意外		10	医学诊断
CV05.01.044	严重精神障碍患者死亡原因类别代码表	5	精神疾病相关并发症		10	医学诊断
CV05.01.044	严重精神障碍患者死亡原因类别代码表	9	其他		10	医学诊断
CV05.01.045	母亲妊娠合并症/并发症代码表	1	无		10	医学诊断
CV05.01.045	母亲妊娠合并症/并发症代码表	2	糖尿病		10	医学诊断
CV05.01.045	母亲妊娠合并症/并发症代码表	3	妊娠期高血压		10	医学诊断
CV05.01.045	母亲妊娠合并症/并发症代码表	9	其他		10	医学诊断
CV05.01.046	尘肺合并症名称代码表	1	肺结核		10	医学诊断
CV05.01.046	尘肺合并症名称代码表	2	肺及支气管感染		10	医学诊断
CV05.01.046	尘肺合并症名称代码表	3	自发性气胸		10	医学诊断
CV05.01.046	尘肺合并症名称代码表	4	肺心病		10	医学诊断
CV05.01.046	尘肺合并症名称代码表	5	肺癌		10	医学诊断
CV05.10.001	残疾情况代码表	01	无残疾		11	医学评估
CV05.10.001	残疾情况代码表	02	视力残疾		11	医学评估
CV05.10.001	残疾情况代码表	03	听力残疾		11	医学评估
CV05.10.001	残疾情况代码表	04	言语残疾		11	医学评估
CV05.10.001	残疾情况代码表	05	肢体残疾		11	医学评估
CV05.10.001	残疾情况代码表	06	智力残疾		11	医学评估
CV05.10.001	残疾情况代码表	07	精神残疾		11	医学评估
CV05.10.001	残疾情况代码表	99	其他残疾		11	医学评估
CV05.10.002	心理状态代码表	1	紧张		11	医学评估
CV05.10.002	心理状态代码表	2	抑郁		11	医学评估
CV05.10.002	心理状态代码表	3	焦虑		11	医学评估
CV05.10.002	心理状态代码表	4	躁狂		11	医学评估
CV05.10.002	心理状态代码表	5	双向情感障碍		11	医学评估
CV05.10.002	心理状态代码表	9	其他		11	医学评估
CV05.10.003	重性精神疾病患者社会功能情况分类代码表	1	个人生活料理		11	医学评估
CV05.10.003	重性精神疾病患者社会功能情况分类代码表	2	家务劳动		11	医学评估
CV05.10.003	重性精神疾病患者社会功能情况分类代码表	3	生产劳动及工作		11	医学评估
CV05.10.003	重性精神疾病患者社会功能情况分类代码表	4	学习能力		11	医学评估
CV05.10.003	重性精神疾病患者社会功能情况分类代码表	5	社会人际交往		11	医学评估
CV05.10.004	劳动能力评定分级代码表	01	一级		11	医学评估
CV05.10.004	劳动能力评定分级代码表	02	二级		11	医学评估
CV05.10.004	劳动能力评定分级代码表	03	三级		11	医学评估
CV05.10.004	劳动能力评定分级代码表	04	四级		11	医学评估
CV05.10.004	劳动能力评定分级代码表	05	五级		11	医学评估
CV05.10.004	劳动能力评定分级代码表	06	六级		11	医学评估
CV05.10.004	劳动能力评定分级代码表	07	七级		11	医学评估
CV05.10.004	劳动能力评定分级代码表	08	八级		11	医学评估
CV05.10.004	劳动能力评定分级代码表	09	九级		11	医学评估
CV05.10.004	劳动能力评定分级代码表	10	十级		11	医学评估
CV05.10.005	婚前医学检查结果代码表	1	未发现医学上不宜结婚的异常情况和疾病		11	医学评估
CV05.10.005	婚前医学检查结果代码表	2	患有在传染期内的指定传染病		11	医学评估
CV05.10.005	婚前医学检查结果代码表	3	患有在发病期内的有关精神病		11	医学评估
CV05.10.005	婚前医学检查结果代码表	4	患有不宜生育的严重遗传性疾病或其他重要器官疾病		11	医学评估
CV05.10.005	婚前医学检查结果代码表	9	患有其他医学上认为不宜结婚的疾病		11	医学评估
CV05.10.006	儿童生长发育评价结果代码表	1	上		11	医学评估
CV05.10.006	儿童生长发育评价结果代码表	2	中		11	医学评估
CV05.10.006	儿童生长发育评价结果代码表	21	中上		11	医学评估
CV05.10.006	儿童生长发育评价结果代码表	22	中偏上		11	医学评估
CV05.10.006	儿童生长发育评价结果代码表	23	中偏下		11	医学评估
CV05.10.006	儿童生长发育评价结果代码表	24	中下		11	医学评估
CV05.10.006	儿童生长发育评价结果代码表	3	下		11	医学评估
CV05.10.007	儿童体弱原因类别代码表	01	早产		11	医学评估
CV05.10.007	儿童体弱原因类别代码表	02	低出生体重		11	医学评估
CV05.10.007	儿童体弱原因类别代码表	03	生长发育迟缓		11	医学评估
CV05.10.007	儿童体弱原因类别代码表	04	营养性缺铁性贫血		11	医学评估
CV05.10.007	儿童体弱原因类别代码表	05	中、重度营养不良		11	医学评估
CV05.10.007	儿童体弱原因类别代码表	06	反复感染		11	医学评估
CV05.10.007	儿童体弱原因类别代码表	07	活动期佝偻病		11	医学评估
CV05.10.007	儿童体弱原因类别代码表	99	其他		11	医学评估
CV05.10.008	血吸虫病患者劳动能力分级代码表	1	正常	与患血吸虫病前相比，患者的劳动能力没有受到影响	11	医学评估
CV05.10.008	血吸虫病患者劳动能力分级代码表	2	减弱	与患血吸虫病前相比，患者的劳动能力稍微受到影响	11	医学评估
CV05.10.008	血吸虫病患者劳动能力分级代码表	3	减半	与患血吸虫病前相比，患者的劳动能力减为以前的一半	11	医学评估
CV05.10.008	血吸虫病患者劳动能力分级代码表	4	丧失	与患血吸虫病前相比，患者完全丧失劳动能力	11	医学评估
CV05.10.009	职业健康检查结论代码表	1	目前未见异常	本次职业健康检查各项检查指标均在正常范围内	11	医学评估
CV05.10.009	职业健康检查结论代码表	2	复查	检查时发现单项或多项异常，需要复查确定者，应明确复查的内容和时间	11	医学评估
CV05.10.009	职业健康检查结论代码表	3	疑似职业病	检查发现疑似职业病或可能患有职业病，需要提交职业病诊断机构进一步 明确诊断者	11	医学评估
CV05.10.009	职业健康检查结论代码表	4	职业禁忌证	检查发现有职业禁忌证的患者，需写明具体疾病名称	11	医学评估
CV05.10.009	职业健康检查结论代码表	9	其他	除目标疾病之外的其他疾病或某些检查指标的异常	11	医学评估
CV05.10.010	病情转归代码表	1	治愈	达到治愈标准或症状消失、功能恢复、创口愈合	11	医学评估
CV05.10.010	病情转归代码表	2	好转	达到好转标准或症状减轻、功能部分恢复、体征改善	11	医学评估
CV05.10.010	病情转归代码表	3	稳定	病情无明显变化或加重	11	医学评估
CV05.10.010	病情转归代码表	4	恶化	病情加重	11	医学评估
CV05.10.010	病情转归代码表	5	死亡	患者死亡	11	医学评估
CV05.10.010	病情转归代码表	9	其他	通常指非伤病而又需医学处置的情况	11	医学评估
CV05.10.011	伤害转归代码表	1	治疗后回家	患者经过治疗后，即可回家	11	医学评估
CV05.10.011	伤害转归代码表	2	观察/住院/转院	患者还需要进一步治疗，包括观察、住院或转其他医院	11	医学评估
CV05.10.011	伤害转归代码表	3	死亡	患者死亡	11	医学评估
CV05.10.011	伤害转归代码表	9	其他	上述三种情况之外的结局	11	医学评估
CV05.10.012	随访评价结果代码表	1	控制满意		11	医学评估
CV05.10.012	随访评价结果代码表	2	控制不满意		11	医学评估
CV05.10.012	随访评价结果代码表	3	不良反应		11	医学评估
CV05.10.012	随访评价结果代码表	4	并发症		11	医学评估
CV05.10.013	重性精神疾病患者危险性分级代码表	1	0级	无符合以下1-5级中的任何行为	11	医学评估
CV05.10.013	重性精神疾病患者危险性分级代码表	2	1级	口头威胁，喊叫，但没有打砸行为	11	医学评估
CV05.10.013	重性精神疾病患者危险性分级代码表	3	2级	打砸行为，局限在家里，针对财物，能被劝说制止	11	医学评估
CV05.10.013	重性精神疾病患者危险性分级代码表	4	3级	明显打砸行为，不分场合，针对财物，不能接受劝说而停止	11	医学评估
CV05.10.013	重性精神疾病患者危险性分级代码表	5	4级	持续的打砸行为，不分场合，针对财物或人，不能接受劝说而停止	11	医学评估
CV05.10.013	重性精神疾病患者危险性分级代码表	6	5级	持管制性危险武器的针对人的任何暴力行为，或者纵火、爆炸等行为， 无论在家里还是公共场合	11	医学评估
CV05.10.014	乙肝抗病毒治疗的血清学应答代码表	1	HBeAg转阴		11	医学评估
CV05.10.014	乙肝抗病毒治疗的血清学应答代码表	2	HBeAg血清学转换		11	医学评估
CV05.10.014	乙肝抗病毒治疗的血清学应答代码表	3	HBsAg转阴		11	医学评估
CV05.10.014	乙肝抗病毒治疗的血清学应答代码表	4	HBsAg血清学转换		11	医学评估
CV05.10.014	乙肝抗病毒治疗的血清学应答代码表	9	其他		11	医学评估
CV05.10.015	5岁以下儿童未治疗或未就医原因代码表	1	经济困难		11	医学评估
CV05.10.015	5岁以下儿童未治疗或未就医原因代码表	2	交通不便		11	医学评估
CV05.10.015	5岁以下儿童未治疗或未就医原因代码表	3	来不及送医院		11	医学评估
CV05.10.015	5岁以下儿童未治疗或未就医原因代码表	4	家长认为病情不严重		11	医学评估
CV05.10.015	5岁以下儿童未治疗或未就医原因代码表	5	风俗习惯		11	医学评估
CV05.10.015	5岁以下儿童未治疗或未就医原因代码表	9	其他		11	医学评估
CV05.10.016	影响孕产妇死亡的主要因素代码表	01	个人、家庭、居民团体的知识技能问题		11	医学评估
CV05.10.016	影响孕产妇死亡的主要因素代码表	02	个人、家庭的态度问题		11	医学评估
CV05.10.016	影响孕产妇死亡的主要因素代码表	03	个人、家庭的资源问题		11	医学评估
CV05.10.016	影响孕产妇死亡的主要因素代码表	04	村级医疗保健人员的知识技能问题		11	医学评估
CV05.10.016	影响孕产妇死亡的主要因素代码表	05	村级医疗保健人员的态度问题		11	医学评估
CV05.10.016	影响孕产妇死亡的主要因素代码表	06	村级医疗保健的资源问题		11	医学评估
CV05.10.016	影响孕产妇死亡的主要因素代码表	07	乡级（街道）医疗保健人员的知识技能问题		11	医学评估
CV05.10.016	影响孕产妇死亡的主要因素代码表	08	乡级（街道）医疗保健人员的态度问题		11	医学评估
CV05.10.016	影响孕产妇死亡的主要因素代码表	09	乡级（街道）医疗保健机构的资源问题		11	医学评估
CV05.10.016	影响孕产妇死亡的主要因素代码表	10	乡级（街道）医疗保健机构的管理问题		11	医学评估
CV05.10.016	影响孕产妇死亡的主要因素代码表	11	县（区）级医疗保健人员的知识技能问题		11	医学评估
CV05.10.016	影响孕产妇死亡的主要因素代码表	12	县（区）级医疗保健人员的态度问题		11	医学评估
CV05.10.016	影响孕产妇死亡的主要因素代码表	13	县（区）级医疗保健机构的资源问题		11	医学评估
CV05.10.016	影响孕产妇死亡的主要因素代码表	14	县（区）级医疗保健机构的管理问题		11	医学评估
CV05.10.016	影响孕产妇死亡的主要因素代码表	15	省（地、市）级医疗保健人员的知识技能问题		11	医学评估
CV05.10.016	影响孕产妇死亡的主要因素代码表	16	省（地、市）级医疗保健人员的态度问题		11	医学评估
CV05.10.016	影响孕产妇死亡的主要因素代码表	17	省（地、市）级医疗保健机构的资源问题		11	医学评估
CV05.10.016	影响孕产妇死亡的主要因素代码表	18	省（地、市）级医疗保健机构的管理问题		11	医学评估
CV05.10.016	影响孕产妇死亡的主要因素代码表	19	社会其他各相关部门的知识技能问题		11	医学评估
CV05.10.016	影响孕产妇死亡的主要因素代码表	20	社会其他各相关部门的态度问题		11	医学评估
CV05.10.016	影响孕产妇死亡的主要因素代码表	21	社会其他各相关部门的资源问题		11	医学评估
CV05.10.016	影响孕产妇死亡的主要因素代码表	99	其他问题		11	医学评估
CV05.10.017	疑似食源性异常病例（健康事件）可疑病因代码表	1	食品		11	医学评估
CV05.10.017	疑似食源性异常病例（健康事件）可疑病因代码表	2	饮用水		11	医学评估
CV05.10.017	疑似食源性异常病例（健康事件）可疑病因代码表	3	环境污染		11	医学评估
CV05.10.017	疑似食源性异常病例（健康事件）可疑病因代码表	4	职业		11	医学评估
CV05.10.017	疑似食源性异常病例（健康事件）可疑病因代码表	5	辐射		11	医学评估
CV05.10.017	疑似食源性异常病例（健康事件）可疑病因代码表	6	不详		11	医学评估
CV05.10.017	疑似食源性异常病例（健康事件）可疑病因代码表	9	其他		11	医学评估
CV05.10.018	疑似食源性异常病例（健康事件）报告卡上报原因代码表	1	疾病的临床表现及流行病学特征，用现有的专业知识及临床经验无法合理解释		11	医学评估
CV05.10.018	疑似食源性异常病例（健康事件）报告卡上报原因代码表	2	病情/健康损害严重，临床少见并且无法合理解释		11	医学评估
CV05.10.018	疑似食源性异常病例（健康事件）报告卡上报原因代码表	3	同一医疗机构接诊类似的病人数异常增多，超出既往水平且不能合理解释		11	医学评估
CV05.10.018	疑似食源性异常病例（健康事件）报告卡上报原因代码表	4	存在上述一个或数个特征，疑似与进食某种食品有关		11	医学评估
CV05.10.018	疑似食源性异常病例（健康事件）报告卡上报原因代码表	9	其他		11	医学评估
CV05.10.019	入院病情代码表	1	有	对应本出院诊断在入院时就已明确	11	医学评估
CV05.10.019	入院病情代码表	2	临床未确定	对应本出院诊断在入院时临床未确定，或入院时该诊断为可疑诊断	11	医学评估
CV05.10.019	入院病情代码表	3	情况不明	对应本出院诊断在入院时情况不明	11	医学评估
CV05.10.019	入院病情代码表	4	无	在住院期间新发生的，入院时明确无对应本出院诊断的诊断条目	11	医学评估
CV05.10.020	新生儿异常情况代码表	1	无		11	医学评估
CV05.10.020	新生儿异常情况代码表	2	早期新生儿死亡		11	医学评估
CV05.10.020	新生儿异常情况代码表	3	畸形		11	医学评估
CV05.10.020	新生儿异常情况代码表	4	早产		11	医学评估
CV05.10.020	新生儿异常情况代码表	5	窒息		11	医学评估
CV05.10.020	新生儿异常情况代码表	6	低出生体重		11	医学评估
CV05.10.020	新生儿异常情况代码表	9	其他		11	医学评估
CV05.10.021	美国麻醉医师协会(ASA)分级标准代码表	1	I	无基础疾病	11	医学评估
CV05.10.021	美国麻醉医师协会(ASA)分级标准代码表	2	II	存在基础疾病，但没有影响正常生活	11	医学评估
CV05.10.021	美国麻醉医师协会(ASA)分级标准代码表	3	III	存在基础疾病，影响正常生活	11	医学评估
CV05.10.021	美国麻醉医师协会(ASA)分级标准代码表	4	IV	存在严重基础疾病，明显影响生活	11	医学评估
CV05.10.021	美国麻醉医师协会(ASA)分级标准代码表	5	V	无论手术与否，病人都可能在24小时内死亡	11	医学评估
CV05.10.022	手术切口类别代码表	1	0类切口	有手术，但体表无切口或腔镜手术切口	11	医学评估
CV05.10.022	手术切口类别代码表	2	Ⅰ类切口	无菌切口	11	医学评估
CV05.10.022	手术切口类别代码表	3	Ⅱ类切口	沾染切口	11	医学评估
CV05.10.022	手术切口类别代码表	4	Ⅲ类切口	感染切口	11	医学评估
CV05.10.023	手术切口愈合等级代码表	1	甲	切口愈合良好	11	医学评估
CV05.10.023	手术切口愈合等级代码表	2	乙	切口愈合欠佳	11	医学评估
CV05.10.023	手术切口愈合等级代码表	3	丙	切口化脓	11	医学评估
CV05.10.023	手术切口愈合等级代码表	9	其他	出院时切口愈合情况不确定	11	医学评估
CV05.10.024	手术级别代码表	1	一级手术	指风险较低、过程简单、技术难度低的普通手术	11	医学评估
CV05.10.024	手术级别代码表	2	二级手术	指有一定风险、过程复杂程度一般、有一定技术难度的手术	11	医学评估
CV05.10.024	手术级别代码表	3	三级手术	指风险较高、过程较复杂、难度较大的手术	11	医学评估
CV05.10.024	手术级别代码表	4	四级手术	指风险高、过程复杂、难度大的重大手术	11	医学评估
CV05.10.025	停止治疗原因代码表	1	完成疗程		11	医学评估
CV05.10.025	停止治疗原因代码表	2	死亡		11	医学评估
CV05.10.025	停止治疗原因代码表	3	丢失		11	医学评估
CV05.10.025	停止治疗原因代码表	4	转入耐多药治疗		11	医学评估
CV05.10.026	身体情况代码表	1	没有		11	医学评估
CV05.10.026	身体情况代码表	2	很少		11	医学评估
CV05.10.026	身体情况代码表	3	有时		11	医学评估
CV05.10.026	身体情况代码表	4	经常		11	医学评估
CV05.10.026	身体情况代码表	5	总是		11	医学评估
CV05.10.027	身体超重情况代码表	1	BMI＜24		11	医学评估
CV05.10.027	身体超重情况代码表	2	24≤BMI＜25		11	医学评估
CV05.10.027	身体超重情况代码表	3	25≤BMI＜26		11	医学评估
CV05.10.027	身体超重情况代码表	4	26≤BMI＜28		11	医学评估
CV05.10.027	身体超重情况代码表	5	BMI≥28		11	医学评估
CV05.10.028	容易感冒情况代码表	1	一年＜2次		11	医学评估
CV05.10.028	容易感冒情况代码表	2	一年感冒2-4次		11	医学评估
CV05.10.028	容易感冒情况代码表	3	一年感冒5-6次		11	医学评估
CV05.10.028	容易感冒情况代码表	4	一年8次以上		11	医学评估
CV05.10.028	容易感冒情况代码表	5	几乎每月都感冒		11	医学评估
CV05.10.029	过敏情况代码表	1	从来没有		11	医学评估
CV05.10.029	过敏情况代码表	2	一年1、2次		11	医学评估
CV05.10.029	过敏情况代码表	3	一年3、4次		11	医学评估
CV05.10.029	过敏情况代码表	4	一年5、6次		11	医学评估
CV05.10.029	过敏情况代码表	5	每次遇到上述原因都过敏		11	医学评估
CV05.10.030	腹部肥大情况代码表	1	腹围<80cm，相当于2.4尺		11	医学评估
CV05.10.030	腹部肥大情况代码表	2	腹围80-85cm，2.4-2.55尺		11	医学评估
CV05.10.030	腹部肥大情况代码表	3	腹围86-90cm，2.56-2.7尺		11	医学评估
CV05.10.030	腹部肥大情况代码表	4	腹围91-105cm，2.71-3.15尺		11	医学评估
CV05.10.030	腹部肥大情况代码表	5	腹围>105cm或3.15尺		11	医学评估
CV05.10.031	报告类别代码表	1	新病例		11	医学评估
CV05.10.031	报告类别代码表	2	死亡病例		11	医学评估
CV05.10.031	报告类别代码表	3	首次晋期病例		11	医学评估
CV05.10.031	报告类别代码表	4	再次晋期病例		11	医学评估
CV05.10.032	儿童发育评估代码表	01	对很大声音没有反应	3月龄发育评估	11	医学评估
CV05.10.032	儿童发育评估代码表	02	逗引时不发音或不会微笑		11	医学评估
CV05.10.032	儿童发育评估代码表	03	不注视人脸，不追视移动人或物品		11	医学评估
CV05.10.032	儿童发育评估代码表	04	俯卧时不会抬头		11	医学评估
CV05.10.032	儿童发育评估代码表	05	发音少，不会笑出声	6月龄发育评估	11	医学评估
CV05.10.032	儿童发育评估代码表	06	不会伸手抓物		11	医学评估
CV05.10.032	儿童发育评估代码表	07	紧握拳松不开		11	医学评估
CV05.10.032	儿童发育评估代码表	08	不能扶坐		11	医学评估
CV05.10.032	儿童发育评估代码表	09	听到声音无应答	8月龄发育评估	11	医学评估
CV05.10.032	儿童发育评估代码表	10	不会区分生人和熟人		11	医学评估
CV05.10.032	儿童发育评估代码表	11	双手间不会传递玩具		11	医学评估
CV05.10.032	儿童发育评估代码表	12	不会独坐		11	医学评估
CV05.10.032	儿童发育评估代码表	13	呼唤名字无反应	12月龄发育评估	11	医学评估
CV05.10.032	儿童发育评估代码表	14	不会模仿“再见”或“欢迎”动作		11	医学评估
CV05.10.032	儿童发育评估代码表	15	不会用拇食指对捏小物品		11	医学评估
CV05.10.032	儿童发育评估代码表	16	不会扶物站立		11	医学评估
CV05.10.032	儿童发育评估代码表	17	不会有意识叫“爸爸”或“妈妈”	18月龄发育评估	11	医学评估
CV05.10.032	儿童发育评估代码表	18	不会按要求指人或物		11	医学评估
CV05.10.032	儿童发育评估代码表	19	与人无目光交流		11	医学评估
CV05.10.032	儿童发育评估代码表	20	不会独走		11	医学评估
CV05.10.032	儿童发育评估代码表	21	不会说3个物品的名称	24月龄发育评估	11	医学评估
CV05.10.032	儿童发育评估代码表	22	不会按吩咐做简单事情		11	医学评估
CV05.10.032	儿童发育评估代码表	23	不会用勺吃饭		11	医学评估
CV05.10.032	儿童发育评估代码表	24	不会扶栏上楼梯/台阶		11	医学评估
CV05.10.032	儿童发育评估代码表	25	不会说2-3个字的短语	30月发育评估	11	医学评估
CV05.10.032	儿童发育评估代码表	26	兴趣单一、刻板		11	医学评估
CV05.10.032	儿童发育评估代码表	27	不会示意大小便		11	医学评估
CV05.10.032	儿童发育评估代码表	28	不会跑		11	医学评估
CV05.10.032	儿童发育评估代码表	29	不会说自己的名字	3岁发育评估	11	医学评估
CV05.10.032	儿童发育评估代码表	30	不会玩“拿棍当马骑”等假想游戏		11	医学评估
CV05.10.032	儿童发育评估代码表	31	不会模仿画圆		11	医学评估
CV05.10.032	儿童发育评估代码表	32	不会双脚跳		11	医学评估
CV05.10.032	儿童发育评估代码表	33	不会说带形容词的句子	4岁发育评估	11	医学评估
CV05.10.032	儿童发育评估代码表	34	不能按要求等待或轮流		11	医学评估
CV05.10.032	儿童发育评估代码表	35	不会独立穿衣		11	医学评估
CV05.10.032	儿童发育评估代码表	36	不会单脚站立		11	医学评估
CV05.10.032	儿童发育评估代码表	37	不能简单叙说事情经过	5岁发育评估	11	医学评估
CV05.10.032	儿童发育评估代码表	38	不知道自己的性别		11	医学评估
CV05.10.032	儿童发育评估代码表	39	不会用筷子吃饭		11	医学评估
CV05.10.032	儿童发育评估代码表	40	不会单脚跳		11	医学评估
CV05.10.032	儿童发育评估代码表	41	不会表达自己的感受或想法	6岁发育评估	11	医学评估
CV05.10.032	儿童发育评估代码表	42	不会玩角色扮演的集体游戏		11	医学评估
CV05.10.032	儿童发育评估代码表	43	不会画方形		11	医学评估
CV05.10.032	儿童发育评估代码表	44	不会奔跑		11	医学评估
CV05.10.033	接触方式代码表	01	饲养		11	医学评估
CV05.10.033	接触方式代码表	02	接触、投食		11	医学评估
CV05.10.033	接触方式代码表	03	清洁圈舍		11	医学评估
CV05.10.033	接触方式代码表	04	捡拾		11	医学评估
CV05.10.033	接触方式代码表	05	运输		11	医学评估
CV05.10.033	接触方式代码表	06	销售		11	医学评估
CV05.10.033	接触方式代码表	07	购买		11	医学评估
CV05.10.033	接触方式代码表	08	宰杀		11	医学评估
CV05.10.033	接触方式代码表	09	捕杀		11	医学评估
CV05.10.033	接触方式代码表	10	清理摊档		11	医学评估
CV05.10.033	接触方式代码表	11	洗切杀禽肉		11	医学评估
CV05.10.033	接触方式代码表	12	未熟透食用		11	医学评估
CV05.10.033	接触方式代码表	13	媒介叮咬		11	医学评估
CV05.10.033	接触方式代码表	14	剥食		11	医学评估
CV05.10.033	接触方式代码表	15	玩耍		11	医学评估
CV05.10.033	接触方式代码表	99	其他		11	医学评估
CV05.10.034	治疗类型代码表	1	药物		11	医学评估
CV05.10.034	治疗类型代码表	2	手术		11	医学评估
CV05.10.034	治疗类型代码表	3	心理		11	医学评估
CV05.10.034	治疗类型代码表	4	物理		11	医学评估
CV05.10.034	治疗类型代码表	5	未治疗		11	医学评估
CV05.10.034	治疗类型代码表	9	其他		11	医学评估
CV05.10.035	严重精神障碍患者随访形式类别代码表	1	门诊		11	医学评估
CV05.10.035	严重精神障碍患者随访形式类别代码表	2	家庭访视		11	医学评估
CV05.10.035	严重精神障碍患者随访形式类别代码表	3	电话		11	医学评估
CV05.10.035	严重精神障碍患者随访形式类别代码表	4	视频		11	医学评估
CV05.10.035	严重精神障碍患者随访形式类别代码表	9	其他		11	医学评估
CV05.10.036	严重精神障碍患者服药依从性代码表	1	按医嘱规律用药		11	医学评估
CV05.10.036	严重精神障碍患者服药依从性代码表	2	间断用药		11	医学评估
CV05.10.036	严重精神障碍患者服药依从性代码表	3	不用药		11	医学评估
CV05.10.036	严重精神障碍患者服药依从性代码表	4	医嘱勿需用药		11	医学评估
CV05.10.036	严重精神障碍患者服药依从性代码表	9	其他		11	医学评估
CV05.10.037	严重程度代码表	1	危急		11	医学评估
CV05.10.037	严重程度代码表	2	严重		11	医学评估
CV05.10.037	严重程度代码表	3	一般		11	医学评估
CV05.10.037	严重程度代码表	4	不适用		11	医学评估
CV05.10.037	严重程度代码表	9	其他		11	医学评估
CV06.00.101	中药使用情况代码表	1	未使用		12	计划与干预
CV06.00.101	中药使用情况代码表	2	中成药		12	计划与干预
CV06.00.101	中药使用情况代码表	3	中草药		12	计划与干预
CV06.00.101	中药使用情况代码表	9	其他中药		12	计划与干预
CV06.00.102	用药途径代码表	1	口服	经口吞服药物	12	计划与干预
CV06.00.102	用药途径代码表	2	直肠用药	将药物经肛门塞入或注入直肠	12	计划与干预
CV06.00.102	用药途径代码表	3	舌下用药	将药物置于舌下颊部的给药方法	12	计划与干预
CV06.00.102	用药途径代码表	4	注射用药	将药物经过表皮注入体内	12	计划与干预
CV06.00.102	用药途径代码表	401	皮下注射	将药物注射于皮下组织	12	计划与干预
CV06.00.102	用药途径代码表	402	皮内注射	将药物注射于皮内组织	12	计划与干预
CV06.00.102	用药途径代码表	403	肌肉注射	将药物注射于肌肉组织内	12	计划与干预
CV06.00.102	用药途径代码表	404	静脉注射或静脉滴注	将药物注入静脉血管内	12	计划与干预
CV06.00.102	用药途径代码表	405	鞘内注射	通过腰穿将药物直接注入蛛网膜下腔，从而使药物弥散在脑脊液中	12	计划与干预
CV06.00.102	用药途径代码表	5	吸入用药	将药物化为气雾状而后由呼吸道吸入	12	计划与干预
CV06.00.102	用药途径代码表	6	局部用药	主要发挥局部作用的给药方法	12	计划与干预
CV06.00.102	用药途径代码表	601	椎管内用药	将药物注入椎管内	12	计划与干预
CV06.00.102	用药途径代码表	602	关节腔内用药	将药物注入关节腔内	12	计划与干预
CV06.00.102	用药途径代码表	603	胸膜腔用药	将药物注入胸膜腔内	12	计划与干预
CV06.00.102	用药途径代码表	604	腹腔用药	将药物注入腹腔内	12	计划与干预
CV06.00.102	用药途径代码表	605	阴道用药	将药物置于阴道中	12	计划与干预
CV06.00.102	用药途径代码表	606	气管内用药	将药物注入气管内	12	计划与干预
CV06.00.102	用药途径代码表	607	滴眼	将药物经眼滴入	12	计划与干预
CV06.00.102	用药途径代码表	608	滴鼻	将药物经鼻滴入	12	计划与干预
CV06.00.102	用药途径代码表	609	喷喉	将药物喷于喉部黏膜表面	12	计划与干预
CV06.00.102	用药途径代码表	610	含化	将药物置于口腔内含化	12	计划与干预
CV06.00.102	用药途径代码表	611	敷伤口	将药物直接敷于伤口表面	12	计划与干预
CV06.00.102	用药途径代码表	612	擦皮肤	用药物擦拭皮肤	12	计划与干预
CV06.00.102	用药途径代码表	699	其他局部用药途径	其他局部用药途径	12	计划与干预
CV06.00.102	用药途径代码表	7	经皮用药	药物经由皮肤吸收进入人体	12	计划与干预
CV06.00.102	用药途径代码表	9	其他用药途径	增补的用药途径内容	12	计划与干预
CV06.00.103	麻醉方法代码表	1	全身麻醉	用麻醉剂使全身处于麻醉状态	12	计划与干预
CV06.00.103	麻醉方法代码表	11	吸入麻醉	用吸入麻醉剂的方法使全身处于麻醉状态	12	计划与干预
CV06.00.103	麻醉方法代码表	12	静脉麻醉	经静脉注入麻醉剂使全身处于麻醉状态	12	计划与干预
CV06.00.103	麻醉方法代码表	13	基础麻醉	麻醉前先使患者神志消失的方法	12	计划与干预
CV06.00.103	麻醉方法代码表	2	椎管内麻醉	将麻醉药注入椎管内达到局部麻醉效果的方法	12	计划与干预
CV06.00.103	麻醉方法代码表	21	蛛网膜下腔阻滞麻醉	将麻醉药注入蛛网膜下腔达到局部麻醉效果的方法	12	计划与干预
CV06.00.103	麻醉方法代码表	22	硬脊膜外腔阻滞麻醉	将麻醉药注入硬脊膜外腔产生局部麻醉效果的方法	12	计划与干预
CV06.00.103	麻醉方法代码表	3	局部麻醉	将麻醉药直接注入施行手术的组织内或手术部位周围的麻醉方法	12	计划与干预
CV06.00.103	麻醉方法代码表	31	神经丛阻滞麻醉	将局部麻醉药注射于神经丛附近，使通过神经丛的神经及其所分布的区域 产生局部麻醉的方法	12	计划与干预
CV06.00.103	麻醉方法代码表	32	神经节阻滞麻醉	将局部麻醉药注射于神经节附近，使通过神经节的神经及其所分布的区域 产生局部麻醉的方法	12	计划与干预
CV06.00.103	麻醉方法代码表	33	神经阻滞麻醉	将局麻药物注射于神经干的周围，使该神经分布的区域产生麻醉作用的方 法	12	计划与干预
CV06.00.103	麻醉方法代码表	34	区域阻滞麻醉	将局麻药注射于手术野外周，使通往手术野以及由手术野传出的神经末梢 皆受到阻滞的局部麻醉方法	12	计划与干预
CV06.00.103	麻醉方法代码表	35	局部浸润麻醉	将局麻药沿手术切口线分层注入组织内，以阻滞组织中的神经末梢的麻醉 方法	12	计划与干预
CV06.00.103	麻醉方法代码表	36	表面麻醉	将麻醉药直接与粘膜或皮肤接触，使支配该部分粘膜或皮肤内的神经末梢 被阻滞的麻醉方法	12	计划与干预
CV06.00.103	麻醉方法代码表	4	复合麻醉	用一种以上药物或采用多种麻醉方法以增强麻醉效果	12	计划与干预
CV06.00.103	麻醉方法代码表	41	静吸复合全麻	静脉麻醉和吸入麻醉共同作用产生麻醉效果	12	计划与干预
CV06.00.103	麻醉方法代码表	42	针药复合麻醉	针刺麻醉和药物麻醉共同作用产生麻醉效果	12	计划与干预
CV06.00.103	麻醉方法代码表	43	神经丛与硬膜外阻滞复合麻醉	神经丛阻滞麻醉和硬脊膜外腔阻滞麻醉共同作用产生麻醉效果	12	计划与干预
CV06.00.103	麻醉方法代码表	44	全麻复合全身降温	在全身麻醉的同时主动降低患者血压	12	计划与干预
CV06.00.103	麻醉方法代码表	45	全麻复合控制性降压	在全身麻醉的同时降低患者的体温	12	计划与干预
CV06.00.103	麻醉方法代码表	9	其他麻醉方法	以上未提及的其他麻醉方法	12	计划与干预
CV06.00.104	宫内节育器放置时期代码表	01	月经干净后		12	计划与干预
CV06.00.104	宫内节育器放置时期代码表	02	行经期		12	计划与干预
CV06.00.104	宫内节育器放置时期代码表	03	阴道分娩时		12	计划与干预
CV06.00.104	宫内节育器放置时期代码表	04	剖宫产时		12	计划与干预
CV06.00.104	宫内节育器放置时期代码表	05	产后恶露净		12	计划与干预
CV06.00.104	宫内节育器放置时期代码表	06	产后恶露未净		12	计划与干预
CV06.00.104	宫内节育器放置时期代码表	07	人流吸宫术后		12	计划与干预
CV06.00.104	宫内节育器放置时期代码表	08	钳刮术后		12	计划与干预
CV06.00.104	宫内节育器放置时期代码表	09	中期引产清宫术后		12	计划与干预
CV06.00.104	宫内节育器放置时期代码表	99	其他		12	计划与干预
CV06.00.105	皮下埋植剂埋植时期代码表	1	经期		12	计划与干预
CV06.00.105	皮下埋植剂埋植时期代码表	2	哺乳闭经		12	计划与干预
CV06.00.105	皮下埋植剂埋植时期代码表	3	人流后即时		12	计划与干预
CV06.00.105	皮下埋植剂埋植时期代码表	9	其他		12	计划与干预
CV06.00.106	输卵管结扎手术方式代码表	1	近端包埋法		12	计划与干预
CV06.00.106	输卵管结扎手术方式代码表	2	银夹法		12	计划与干预
CV06.00.106	输卵管结扎手术方式代码表	3	改良普氏法		12	计划与干预
CV06.00.106	输卵管结扎手术方式代码表	9	其他		12	计划与干预
CV06.00.107	输卵管结扎部位代码表	1	伞部		12	计划与干预
CV06.00.107	输卵管结扎部位代码表	2	壶腹部		12	计划与干预
CV06.00.107	输卵管结扎部位代码表	3	峡部		12	计划与干预
CV06.00.107	输卵管结扎部位代码表	4	间质部		12	计划与干预
CV06.00.107	输卵管结扎部位代码表	9	其他		12	计划与干预
CV06.00.108	新生儿抢救方法代码表	1	吸黏液		12	计划与干预
CV06.00.108	新生儿抢救方法代码表	2	气管插管		12	计划与干预
CV06.00.108	新生儿抢救方法代码表	3	正压给氧		12	计划与干预
CV06.00.108	新生儿抢救方法代码表	4	窒息复苏		12	计划与干预
CV06.00.108	新生儿抢救方法代码表	5	呼吸机辅助呼吸		12	计划与干预
CV06.00.108	新生儿抢救方法代码表	6	药物		12	计划与干预
CV06.00.108	新生儿抢救方法代码表	9	其他		12	计划与干预
CV06.00.109	乙肝疫苗接种剂量代码表	1	5µg		12	计划与干预
CV06.00.109	乙肝疫苗接种剂量代码表	2	10µg		12	计划与干预
CV06.00.109	乙肝疫苗接种剂量代码表	3	20µg		12	计划与干预
CV06.00.109	乙肝疫苗接种剂量代码表	4	60µg		12	计划与干预
CV06.00.109	乙肝疫苗接种剂量代码表	9	其他		12	计划与干预
CV06.00.110	乙肝抗病毒治疗的基本药物代码表	01	普通IFN-		12	计划与干预
CV06.00.110	乙肝抗病毒治疗的基本药物代码表	02	聚乙二醇IFN-2a		12	计划与干预
CV06.00.110	乙肝抗病毒治疗的基本药物代码表	03	聚乙二醇IFN-2b		12	计划与干预
CV06.00.110	乙肝抗病毒治疗的基本药物代码表	04	拉米夫定		12	计划与干预
CV06.00.110	乙肝抗病毒治疗的基本药物代码表	05	替比夫定		12	计划与干预
CV06.00.110	乙肝抗病毒治疗的基本药物代码表	06	恩替卡韦		12	计划与干预
CV06.00.110	乙肝抗病毒治疗的基本药物代码表	07	阿德福韦酯		12	计划与干预
CV06.00.110	乙肝抗病毒治疗的基本药物代码表	08	替诺福韦酯		12	计划与干预
CV06.00.110	乙肝抗病毒治疗的基本药物代码表	99	其他		12	计划与干预
CV06.00.111	乙肝抗病毒治疗终止原因代码表	01	达到停药标准		12	计划与干预
CV06.00.111	乙肝抗病毒治疗终止原因代码表	02	疗程结束		12	计划与干预
CV06.00.111	乙肝抗病毒治疗终止原因代码表	03	治疗失败	治疗无应答或疗效未达到预期治疗目的	12	计划与干预
CV06.00.111	乙肝抗病毒治疗终止原因代码表	04	耐药		12	计划与干预
CV06.00.111	乙肝抗病毒治疗终止原因代码表	05	不能耐受药物副作用		12	计划与干预
CV06.00.111	乙肝抗病毒治疗终止原因代码表	06	经济原因		12	计划与干预
CV06.00.111	乙肝抗病毒治疗终止原因代码表	07	患者或监护人的决定		12	计划与干预
CV06.00.111	乙肝抗病毒治疗终止原因代码表	99	其他		12	计划与干预
CV06.00.112	乙肝治疗方法代码表	01	无治疗		12	计划与干预
CV06.00.112	乙肝治疗方法代码表	02	抗病毒治疗		12	计划与干预
CV06.00.112	乙肝治疗方法代码表	03	抗炎、抗氧化和保肝治疗		12	计划与干预
CV06.00.112	乙肝治疗方法代码表	04	抗肝纤维化治疗		12	计划与干预
CV06.00.112	乙肝治疗方法代码表	05	免疫调节治疗		12	计划与干预
CV06.00.112	乙肝治疗方法代码表	06	中药及中药制剂治疗		12	计划与干预
CV06.00.112	乙肝治疗方法代码表	07	人工肝		12	计划与干预
CV06.00.112	乙肝治疗方法代码表	08	干细胞移植		12	计划与干预
CV06.00.112	乙肝治疗方法代码表	09	肝移植		12	计划与干预
CV06.00.112	乙肝治疗方法代码表	99	其他		12	计划与干预
CV06.00.113	更换抗HBV药物方案原因代码表	01	治疗失败	治疗无应答或疗效未达到预期治疗目的	12	计划与干预
CV06.00.113	更换抗HBV药物方案原因代码表	02	耐药		12	计划与干预
CV06.00.113	更换抗HBV药物方案原因代码表	03	药物副作用		12	计划与干预
CV06.00.113	更换抗HBV药物方案原因代码表	04	药物相互作用		12	计划与干预
CV06.00.113	更换抗HBV药物方案原因代码表	05	经济原因		12	计划与干预
CV06.00.113	更换抗HBV药物方案原因代码表	06	患者或监护人的决定		12	计划与干预
CV06.00.113	更换抗HBV药物方案原因代码表	99	其他		12	计划与干预
CV06.00.114	抗结核化疗方案代码表	1	初治2S（E）HRZ/4HR	2个月强化期异烟肼、利福平、吡嗪酰胺、链霉素（乙胺丁醇）4药联用 加4个月强化期异烟肼、利福平2药联用的短程化疗方案	12	计划与干预
CV06.00.114	抗结核化疗方案代码表	2	初治2S（E）HRZ/4HR（全程隔日）	2个月强化期异烟肼、利福平、吡嗪酰胺、链霉素（乙胺丁醇）4药联用 加4个月强化期异烟肼、利福平2药联用的短程化疗方案（全程隔日）	12	计划与干预
CV06.00.114	抗结核化疗方案代码表	3	复治2SEHRZ/6HRE	2个月强化期异烟肼、利福平、吡嗪酰胺、链霉素（乙胺丁醇）4药联用 加6个月强化期异烟肼、利福平2药联用的短程化疗方案	12	计划与干预
CV06.00.114	抗结核化疗方案代码表	9	其他		12	计划与干预
CV06.00.115	抗结核治疗停止原因代码表	01	治愈	涂阳肺结核患者完成规定的疗程，连续2次涂片结果阴性，其中1次是治疗末的涂片	12	计划与干预
CV06.00.115	抗结核治疗停止原因代码表	02	完成疗程	涂阴肺结核患者完成规定的疗程，疗程末痰涂片检查结果阴性或未痰检者；涂阳肺结核患者 完成规定的疗程，最近一次痰检结果阴性，完成疗程时无痰检结果	12	计划与干预
CV06.00.115	抗结核治疗停止原因代码表	03	结核死亡	活动性肺结核患者因病变进展或并发咯血、自发性气胸、肺心病、全身衰竭或肺外结核等原 因死亡	12	计划与干预
CV06.00.115	抗结核治疗停止原因代码表	04	非结核死亡	结核病患者因结核病以外的原因死亡	12	计划与干预
CV06.00.115	抗结核治疗停止原因代码表	05	失败	涂阳肺结核患者治疗至第5个月末或疗程结束时痰涂片检查阳性的患者；涂阴肺结核患者治 疗中转为涂阳肺结核患者	12	计划与干预
CV06.00.115	抗结核治疗停止原因代码表	06	丢失	肺结核患者在治疗过程中中断治疗超过两个月，或由结防机构转出后，虽经医师努力追访，2 个月内仍无信息或已在其他地区重新登记治疗	12	计划与干预
CV06.00.115	抗结核治疗停止原因代码表	07	诊断变更	患者在治疗过程中排除肺结核诊断	12	计划与干预
CV06.00.115	抗结核治疗停止原因代码表	08	拒治	指患者被确诊后，拒绝服用抗结核病药物。只要患者接受过一次抗结核药物治疗，该患者即 为接受治疗的患者。接受治疗后停药不能算为拒治	12	计划与干预
CV06.00.115	抗结核治疗停止原因代码表	09	不良反应	指患者因服用抗结核药后出现严重不良反应，而无法继续服药	12	计划与干预
CV06.00.115	抗结核治疗停止原因代码表	10	转入耐多药治疗	指患者在治疗过程中，药敏试验检查结果为耐多药，经确诊后转入耐多药方案治疗	12	计划与干预
CV06.00.115	抗结核治疗停止原因代码表	99	其他		12	计划与干预
CV06.00.116	结核患者发现方式代码表	1	因症就诊	因有结核病症状就医	12	计划与干预
CV06.00.116	结核患者发现方式代码表	2	转诊	综合性医院将可疑肺结核患者转往结核病定点医院诊治	12	计划与干预
CV06.00.116	结核患者发现方式代码表	3	追踪	对转诊未到位的疑似肺结核患者进行追踪	12	计划与干预
CV06.00.116	结核患者发现方式代码表	4	因症推荐	因有结核病症状推荐往结核病定点医院诊治	12	计划与干预
CV06.00.116	结核患者发现方式代码表	5	接触者检查	对与菌阳肺结核患者有密切接触者进行检查	12	计划与干预
CV06.00.116	结核患者发现方式代码表	6	健康检查		12	计划与干预
CV06.00.116	结核患者发现方式代码表	9	其他		12	计划与干预
CV06.00.117	结核患者管理方式代码表	1	全程督导	在患者治疗全过程中，患者每次用药均在督导人员直接面视下进行	12	计划与干预
CV06.00.117	结核患者管理方式代码表	2	强化期督导	指在强化期进行由督导人员直接面视下的治疗，方法同全程督导。继续期采用全程管理	12	计划与干预
CV06.00.117	结核患者管理方式代码表	3	全程管理	在治疗全程中，通过对患者加强宣教，定期门诊取药，家庭访视，核查剩余药品量，复核患者服 药情况、尿液抽检，误期(未复诊或未取药)追回等综合性管理方法，以保证患者规律用药	12	计划与干预
CV06.00.117	结核患者管理方式代码表	4	自服	指虽然已对患者进行了规范化疗的宣教，但未能进行管理而自行服药的患者	12	计划与干预
CV06.00.117	结核患者管理方式代码表	5	住院		12	计划与干预
CV06.00.118	艾滋病抗病毒治疗停药原因代码表	1	治疗失败	因为出现免疫学、临床和病毒学失败而停止治疗，实际上，在没有更好的二线方案可 以使用的情况下，即使是治疗失败，仍然要维持一线治疗	12	计划与干预
CV06.00.118	艾滋病抗病毒治疗停药原因代码表	2	药物相互作用	因为治疗其他疾病的药物与ARV药物存在相互作用	12	计划与干预
CV06.00.118	艾滋病抗病毒治疗停药原因代码表	3	副反应	不可耐受的药物副作用	12	计划与干预
CV06.00.118	艾滋病抗病毒治疗停药原因代码表	4	患者决定/要求	除其他原因外，患者自己不愿意治疗	12	计划与干预
CV06.00.118	艾滋病抗病毒治疗停药原因代码表	5	经济原因	患者因为无力负担治疗相关的其他费用，如实验室检查的费用等	12	计划与干预
CV06.00.118	艾滋病抗病毒治疗停药原因代码表	6	依从困难	因为患者特殊的职业、作息时间或其他原因，确实无法保证服药的依从性而停药	12	计划与干预
CV06.00.118	艾滋病抗病毒治疗停药原因代码表	9	其他		12	计划与干预
CV06.00.119	艾滋病抗病毒治疗终止原因代码表	1	死亡		12	计划与干预
CV06.00.119	艾滋病抗病毒治疗终止原因代码表	2	停药或终止治疗		12	计划与干预
CV06.00.119	艾滋病抗病毒治疗终止原因代码表	3	患者失访		12	计划与干预
CV06.00.119	艾滋病抗病毒治疗终止原因代码表	4	转入成人治疗		12	计划与干预
CV06.00.119	艾滋病抗病毒治疗终止原因代码表	5	转诊至其他治疗点		12	计划与干预
CV06.00.120	美沙酮维持治疗终止原因代码表	01	强戒/劳教		12	计划与干预
CV06.00.120	美沙酮维持治疗终止原因代码表	02	违法犯罪		12	计划与干预
CV06.00.120	美沙酮维持治疗终止原因代码表	03	复吸毒品		12	计划与干预
CV06.00.120	美沙酮维持治疗终止原因代码表	04	外出工作		12	计划与干预
CV06.00.120	美沙酮维持治疗终止原因代码表	05	去外地居住、出国		12	计划与干预
CV06.00.120	美沙酮维持治疗终止原因代码表	06	经济困难		12	计划与干预
CV06.00.120	美沙酮维持治疗终止原因代码表	07	疾病/怀孕		12	计划与干预
CV06.00.120	美沙酮维持治疗终止原因代码表	08	死亡		12	计划与干预
CV06.00.120	美沙酮维持治疗终止原因代码表	09	药物副反应		12	计划与干预
CV06.00.120	美沙酮维持治疗终止原因代码表	10	违反门诊规章制度		12	计划与干预
CV06.00.120	美沙酮维持治疗终止原因代码表	11	自认为戒断		12	计划与干预
CV06.00.120	美沙酮维持治疗终止原因代码表	12	无故7天未治疗		12	计划与干预
CV06.00.120	美沙酮维持治疗终止原因代码表	13	原因不明		12	计划与干预
CV06.00.120	美沙酮维持治疗终止原因代码表	99	其他		12	计划与干预
CV06.00.201	血吸虫病治疗方案代码表	01	病原治疗		12	计划与干预
CV06.00.201	血吸虫病治疗方案代码表	02	单纯脾切除		12	计划与干预
CV06.00.201	血吸虫病治疗方案代码表	03	脾切除+贲门周围血管离断术		12	计划与干预
CV06.00.201	血吸虫病治疗方案代码表	04	脾切除+分流术		12	计划与干预
CV06.00.201	血吸虫病治疗方案代码表	05	脾切除+食管横断吻合术		12	计划与干预
CV06.00.201	血吸虫病治疗方案代码表	06	结肠局部切除		12	计划与干预
CV06.00.201	血吸虫病治疗方案代码表	07	左半结肠切除		12	计划与干预
CV06.00.201	血吸虫病治疗方案代码表	08	右半结肠切除		12	计划与干预
CV06.00.201	血吸虫病治疗方案代码表	09	乙状结肠切除		12	计划与干预
CV06.00.201	血吸虫病治疗方案代码表	10	结肠造口术		12	计划与干预
CV06.00.201	血吸虫病治疗方案代码表	11	上消化道出血急症手术		12	计划与干预
CV06.00.201	血吸虫病治疗方案代码表	12	腹水治疗		12	计划与干预
CV06.00.201	血吸虫病治疗方案代码表	13	侏儒症治疗		12	计划与干预
CV06.00.201	血吸虫病治疗方案代码表	14	上消化道出血内科治疗		12	计划与干预
CV06.00.201	血吸虫病治疗方案代码表	15	原发性腹膜炎内科治疗		12	计划与干预
CV06.00.201	血吸虫病治疗方案代码表	16	肝性脑病内科治疗		12	计划与干预
CV06.00.201	血吸虫病治疗方案代码表	99	其他		12	计划与干预
CV06.00.202	慢性丝虫病患者治疗情况代码表	1	未治疗		12	计划与干预
CV06.00.202	慢性丝虫病患者治疗情况代码表	2	抗丝虫药物治疗		12	计划与干预
CV06.00.202	慢性丝虫病患者治疗情况代码表	21	海群生		12	计划与干预
CV06.00.202	慢性丝虫病患者治疗情况代码表	22	中草药		12	计划与干预
CV06.00.202	慢性丝虫病患者治疗情况代码表	29	其他		12	计划与干预
CV06.00.202	慢性丝虫病患者治疗情况代码表	3	内科对症治疗		12	计划与干预
CV06.00.202	慢性丝虫病患者治疗情况代码表	4	外科手术		12	计划与干预
CV06.00.203	肿瘤患者治疗方式代码表	01	手术治疗		12	计划与干预
CV06.00.203	肿瘤患者治疗方式代码表	02	放射治疗		12	计划与干预
CV06.00.203	肿瘤患者治疗方式代码表	03	化学治疗		12	计划与干预
CV06.00.203	肿瘤患者治疗方式代码表	04	内分泌治疗		12	计划与干预
CV06.00.203	肿瘤患者治疗方式代码表	05	靶向治疗		12	计划与干预
CV06.00.203	肿瘤患者治疗方式代码表	06	免疫治疗		12	计划与干预
CV06.00.203	肿瘤患者治疗方式代码表	07	中医治疗		12	计划与干预
CV06.00.203	肿瘤患者治疗方式代码表	08	介入治疗		12	计划与干预
CV06.00.203	肿瘤患者治疗方式代码表	09	止痛治疗		12	计划与干预
CV06.00.203	肿瘤患者治疗方式代码表	10	其他治疗		12	计划与干预
CV06.00.203	肿瘤患者治疗方式代码表	99	不明		12	计划与干预
CV06.00.204	戒烟方法类别代码表	01	无	没有使用任何戒烟方法	12	计划与干预
CV06.00.204	戒烟方法类别代码表	02	咨询	包括戒烟门诊的咨询	12	计划与干预
CV06.00.204	戒烟方法类别代码表	03	尼古丁贴片、含片、口香糖等		12	计划与干预
CV06.00.204	戒烟方法类别代码表	04	盐酸安非他酮类药物		12	计划与干预
CV06.00.204	戒烟方法类别代码表	05	其他处方药		12	计划与干预
CV06.00.204	戒烟方法类别代码表	06	中药		12	计划与干预
CV06.00.204	戒烟方法类别代码表	07	针灸		12	计划与干预
CV06.00.204	戒烟方法类别代码表	08	催眠		12	计划与干预
CV06.00.204	戒烟方法类别代码表	09	戒烟热线		12	计划与干预
CV06.00.204	戒烟方法类别代码表	10	电子雾化烟雾器		12	计划与干预
CV06.00.204	戒烟方法类别代码表	99	其他戒烟方法		12	计划与干预
CV06.00.205	职业性放射性疾病处理情况代码表	1	继续从事放射性工作或半日工作		12	计划与干预
CV06.00.205	职业性放射性疾病处理情况代码表	2	暂时调离放射性工作，定期复查		12	计划与干预
CV06.00.205	职业性放射性疾病处理情况代码表	3	永久脱离放射性工作，积极治疗，定期复查		12	计划与干预
CV06.00.205	职业性放射性疾病处理情况代码表	4	住院治疗		12	计划与干预
CV06.00.205	职业性放射性疾病处理情况代码表	9	其他		12	计划与干预
CV06.00.206	肿瘤患者指导内容代码表	01	督导随访		12	计划与干预
CV06.00.206	肿瘤患者指导内容代码表	02	用药		12	计划与干预
CV06.00.206	肿瘤患者指导内容代码表	03	饮食		12	计划与干预
CV06.00.206	肿瘤患者指导内容代码表	04	康复		12	计划与干预
CV06.00.206	肿瘤患者指导内容代码表	05	家床		12	计划与干预
CV06.00.206	肿瘤患者指导内容代码表	06	住院		12	计划与干预
CV06.00.206	肿瘤患者指导内容代码表	07	出诊		12	计划与干预
CV06.00.207	随访方式代码表	1	门诊		12	计划与干预
CV06.00.207	随访方式代码表	2	家庭		12	计划与干预
CV06.00.207	随访方式代码表	3	电话		12	计划与干预
CV06.00.207	随访方式代码表	4	短信		12	计划与干预
CV06.00.207	随访方式代码表	5	网络		12	计划与干预
CV06.00.207	随访方式代码表	9	其他		12	计划与干预
CV06.00.208	随访周期建议代码表	01	每2周		12	计划与干预
CV06.00.208	随访周期建议代码表	02	每1个月		12	计划与干预
CV06.00.208	随访周期建议代码表	03	每2个月		12	计划与干预
CV06.00.208	随访周期建议代码表	04	每3个月		12	计划与干预
CV06.00.208	随访周期建议代码表	05	每半年		12	计划与干预
CV06.00.208	随访周期建议代码表	06	每年		12	计划与干预
CV06.00.208	随访周期建议代码表	07	每2年		12	计划与干预
CV06.00.208	随访周期建议代码表	08	无需		12	计划与干预
CV06.00.208	随访周期建议代码表	99	其他		12	计划与干预
CV06.00.209	精神康复措施代码表	1	生活劳动能力		12	计划与干预
CV06.00.209	精神康复措施代码表	2	职业训练		12	计划与干预
CV06.00.209	精神康复措施代码表	3	学习能力		12	计划与干预
CV06.00.209	精神康复措施代码表	4	社会交往		12	计划与干预
CV06.00.209	精神康复措施代码表	9	其他		12	计划与干预
CV06.00.210	婚检医学意见代码表	1	未发现医学上不宜结婚的情形		12	计划与干预
CV06.00.210	婚检医学意见代码表	2	建议暂缓结婚		12	计划与干预
CV06.00.210	婚检医学意见代码表	3	建议不宜生育		12	计划与干预
CV06.00.210	婚检医学意见代码表	4	建议不宜结婚		12	计划与干预
CV06.00.210	婚检医学意见代码表	5	建议采取医学措施、尊重受检者意愿		12	计划与干预
CV06.00.211	避孕方式代码表	01	无		12	计划与干预
CV06.00.211	避孕方式代码表	02	避孕药		12	计划与干预
CV06.00.211	避孕方式代码表	03	宫内节育器		12	计划与干预
CV06.00.211	避孕方式代码表	04	工具		12	计划与干预
CV06.00.211	避孕方式代码表	05	安全期		12	计划与干预
CV06.00.211	避孕方式代码表	06	绝育手术		12	计划与干预
CV06.00.211	避孕方式代码表	07	皮下埋植		12	计划与干预
CV06.00.211	避孕方式代码表	08	长效避孕针		12	计划与干预
CV06.00.211	避孕方式代码表	09	避孕套		12	计划与干预
CV06.00.211	避孕方式代码表	99	其他		12	计划与干预
CV06.00.212	住院原因代码表	1	病伤		12	计划与干预
CV06.00.212	住院原因代码表	2	体检		12	计划与干预
CV06.00.212	住院原因代码表	3	分娩		12	计划与干预
CV06.00.212	住院原因代码表	9	其他		12	计划与干预
CV06.00.213	育龄妇女预防母婴传播干预措施代码表	1	未采取措施		12	计划与干预
CV06.00.213	育龄妇女预防母婴传播干预措施代码表	2	感染艾滋病病毒的孕产妇服用抗病毒药物		12	计划与干预
CV06.00.213	育龄妇女预防母婴传播干预措施代码表	3	所生婴儿服用抗病毒药物		12	计划与干预
CV06.00.213	育龄妇女预防母婴传播干预措施代码表	4	采取人工喂养		12	计划与干预
CV06.00.213	育龄妇女预防母婴传播干预措施代码表	9	其他		12	计划与干预
CV06.00.214	儿童预防母婴传播干预措施代码表	1	未采取措施		12	计划与干预
CV06.00.214	儿童预防母婴传播干预措施代码表	2	阳性母亲使用抗病毒药物		12	计划与干预
CV06.00.214	儿童预防母婴传播干预措施代码表	3	阳性母亲所生婴儿使用抗病毒药物		12	计划与干预
CV06.00.214	儿童预防母婴传播干预措施代码表	4	采取人工喂养		12	计划与干预
CV06.00.214	儿童预防母婴传播干预措施代码表	9	其他		12	计划与干预
CV06.00.215	撤销随访管理原因代码表	1	误诊	从确诊到首次访视或两次访视之间，由医疗机构排除恶性肿瘤的诊断	12	计划与干预
CV06.00.215	撤销随访管理原因代码表	2	拒访	从确诊到首次访视或两次访视之间，肿瘤患者拒绝接受随访管理	12	计划与干预
CV06.00.215	撤销随访管理原因代码表	3	寄居外地	从确诊到首次访视或两次访视之间，已长期居住在外省市	12	计划与干预
CV06.00.215	撤销随访管理原因代码表	4	户口迁往外地	从确诊到首次访视或两次访视之间，肿瘤患者公安户籍正式登记注册在外省市	12	计划与干预
CV06.00.215	撤销随访管理原因代码表	9	其他	从确诊到首次访视或两次访视之间，除上述原因，肿瘤患者不能接受随访管理的原因	12	计划与干预
CV06.00.216	婴幼儿添加辅食种类代码表	1	谷类	根茎类和薯类：面粉、大米、小米、红薯、土豆等	12	计划与干预
CV06.00.216	婴幼儿添加辅食种类代码表	2	肉类	畜肉、禽类、鱼类、及其动物内脏等	12	计划与干预
CV06.00.216	婴幼儿添加辅食种类代码表	3	奶类	牛奶、酸奶、奶酪等	12	计划与干预
CV06.00.216	婴幼儿添加辅食种类代码表	4	蛋类	鸡蛋、鸭蛋、鹌鹑蛋等	12	计划与干预
CV06.00.216	婴幼儿添加辅食种类代码表	5	维生素A丰富的蔬果（不包括果汁）	胡萝卜、羽衣甘蓝、南瓜、小白菜、芒果、蜜橘等	12	计划与干预
CV06.00.216	婴幼儿添加辅食种类代码表	6	其他蔬果（不包括果汁）	小油菜、娃娃菜、花椰菜、西兰花、苹果、梨等	12	计划与干预
CV06.00.216	婴幼儿添加辅食种类代码表	7	豆类及其制品/坚果类	豆类及其制品包括黄豆、豆腐等；坚果包括花生仁、核桃仁、腰果等	12	计划与干预
CV06.00.216	婴幼儿添加辅食种类代码表	9	其他		12	计划与干预
CV06.00.217	儿童健康指导代码表	1	科学喂养		12	计划与干预
CV06.00.217	儿童健康指导代码表	2	合理膳食		12	计划与干预
CV06.00.217	儿童健康指导代码表	3	生长发育		12	计划与干预
CV06.00.217	儿童健康指导代码表	4	疾病预防		12	计划与干预
CV06.00.217	儿童健康指导代码表	5	预防意外伤害		12	计划与干预
CV06.00.217	儿童健康指导代码表	6	口腔保健		12	计划与干预
CV06.00.217	儿童健康指导代码表	9	其他		12	计划与干预
CV06.00.218	危险因素控制建议代码表	1	戒烟		12	计划与干预
CV06.00.218	危险因素控制建议代码表	2	健康饮酒		12	计划与干预
CV06.00.218	危险因素控制建议代码表	3	饮食		12	计划与干预
CV06.00.218	危险因素控制建议代码表	4	锻炼		12	计划与干预
CV06.00.218	危险因素控制建议代码表	5	减体重		12	计划与干预
CV06.00.218	危险因素控制建议代码表	6	建议接种疫苗		12	计划与干预
CV06.00.218	危险因素控制建议代码表	9	其他		12	计划与干预
CV06.00.219	孕产妇健康指导类别代码表	01	个人卫生		12	计划与干预
CV06.00.219	孕产妇健康指导类别代码表	02	心理		12	计划与干预
CV06.00.219	孕产妇健康指导类别代码表	03	膳食营养		12	计划与干预
CV06.00.219	孕产妇健康指导类别代码表	04	避免致畸因素和疾病对胚胎的不良影响		12	计划与干预
CV06.00.219	孕产妇健康指导类别代码表	05	产前筛查宣传告知		12	计划与干预
CV06.00.219	孕产妇健康指导类别代码表	06	运动		12	计划与干预
CV06.00.219	孕产妇健康指导类别代码表	07	自我监测		12	计划与干预
CV06.00.219	孕产妇健康指导类别代码表	08	分娩准备		12	计划与干预
CV06.00.219	孕产妇健康指导类别代码表	09	母乳喂养		12	计划与干预
CV06.00.219	孕产妇健康指导类别代码表	10	新生儿护理与喂养		12	计划与干预
CV06.00.219	孕产妇健康指导类别代码表	11	婴儿喂养与营养		12	计划与干预
CV06.00.219	孕产妇健康指导类别代码表	12	性保健		12	计划与干预
CV06.00.219	孕产妇健康指导类别代码表	13	避孕		12	计划与干预
CV06.00.219	孕产妇健康指导类别代码表	99	其他		12	计划与干预
CV06.00.220	护理等级代码表	1	特级护理		12	计划与干预
CV06.00.220	护理等级代码表	2	一级护理		12	计划与干预
CV06.00.220	护理等级代码表	3	二级护理		12	计划与干预
CV06.00.220	护理等级代码表	4	三级护理		12	计划与干预
CV06.00.221	护理类型代码表	1	基础护理		12	计划与干预
CV06.00.221	护理类型代码表	2	特殊护理		12	计划与干预
CV06.00.221	护理类型代码表	3	辨证施护		12	计划与干预
CV06.00.221	护理类型代码表	9	其他		12	计划与干预
CV06.00.222	隔离种类代码表	1	消化道隔离		12	计划与干预
CV06.00.222	隔离种类代码表	2	呼吸道隔离		12	计划与干预
CV06.00.222	隔离种类代码表	3	接触隔离		12	计划与干预
CV06.00.222	隔离种类代码表	4	血液-体液隔离		12	计划与干预
CV06.00.222	隔离种类代码表	5	严密隔离		12	计划与干预
CV06.00.222	隔离种类代码表	6	昆虫隔离		12	计划与干预
CV06.00.222	隔离种类代码表	7	保护性隔离		12	计划与干预
CV06.00.223	手术体位代码表	1	仰卧位		12	计划与干预
CV06.00.223	手术体位代码表	2	俯卧位		12	计划与干预
CV06.00.223	手术体位代码表	3	左侧卧位		12	计划与干预
CV06.00.223	手术体位代码表	4	右侧卧位		12	计划与干预
CV06.00.223	手术体位代码表	5	截石位		12	计划与干预
CV06.00.223	手术体位代码表	6	屈氏位		12	计划与干预
CV06.00.223	手术体位代码表	9	其他		12	计划与干预
CV06.00.224	饮食指导代码表	01	普通饮食		12	计划与干预
CV06.00.224	饮食指导代码表	02	软食		12	计划与干预
CV06.00.224	饮食指导代码表	03	半流食		12	计划与干预
CV06.00.224	饮食指导代码表	04	流食		12	计划与干预
CV06.00.224	饮食指导代码表	05	禁食		12	计划与干预
CV06.00.224	饮食指导代码表	06	禁食水		12	计划与干预
CV06.00.224	饮食指导代码表	07	鼻饲饮食		12	计划与干预
CV06.00.224	饮食指导代码表	08	低盐低脂饮食		12	计划与干预
CV06.00.224	饮食指导代码表	09	糖尿病饮食		12	计划与干预
CV06.00.224	饮食指导代码表	99	其他		12	计划与干预
CV06.00.225	治疗类别代码表	1	中医		12	计划与干预
CV06.00.225	治疗类别代码表	11	中医		12	计划与干预
CV06.00.225	治疗类别代码表	12	民族医		12	计划与干预
CV06.00.225	治疗类别代码表	2	中西医		12	计划与干预
CV06.00.225	治疗类别代码表	3	西医		12	计划与干预
CV06.00.226	离院方式代码表	1	医嘱离院	指患者本次治疗结束后，按照医嘱要求出院，回到住地进一步康复等情 况	12	计划与干预
CV06.00.226	离院方式代码表	2	医嘱转院	指医疗机构根据诊疗需要，将患者转往相应医疗机构进一步诊治，用于 统计“双向转诊”开展情况。如果接收患者的医疗机构明确，需要填写 转入医疗机构的名称	12	计划与干预
CV06.00.226	离院方式代码表	3	医嘱转社区卫生服务机构/乡镇卫生院	指医疗机构根据患者诊疗情况，将患者转往相应社区卫生服务机构进一 步诊疗、康复，用于统计“双向转诊”开展情况。如果接收患者的社区 卫生服务机构明确，需要填写社区卫生服务机构/乡镇卫生院名称	12	计划与干预
CV06.00.226	离院方式代码表	4	非医嘱离院	指患者未按照医嘱要求而自动离院，如：患者疾病需要住院治疗，但患 者出于个人原因要求出院，此种出院并非由医务人员根据患者病情决 定，属于非医嘱离院	12	计划与干预
CV06.00.226	离院方式代码表	5	死亡	指患者在住院期间死亡	12	计划与干预
CV06.00.226	离院方式代码表	9	其他	指除上述5种出院去向之外的其他情况	12	计划与干预
CV06.00.227	操作部位代码表	01	双侧鼻孔		12	计划与干预
CV06.00.227	操作部位代码表	02	臀部		12	计划与干预
CV06.00.227	操作部位代码表	03	左臂		12	计划与干预
CV06.00.227	操作部位代码表	04	左前胸		12	计划与干预
CV06.00.227	操作部位代码表	05	左肘前窝		12	计划与干预
CV06.00.227	操作部位代码表	06	左三角肌		12	计划与干预
CV06.00.227	操作部位代码表	07	左耳		12	计划与干预
CV06.00.227	操作部位代码表	08	左外颈		12	计划与干预
CV06.00.227	操作部位代码表	09	左足		12	计划与干预
CV06.00.227	操作部位代码表	10	左臀中肌		12	计划与干预
CV06.00.227	操作部位代码表	11	左手		12	计划与干预
CV06.00.227	操作部位代码表	12	左內颈		12	计划与干预
CV06.00.227	操作部位代码表	13	左下腹		12	计划与干预
CV06.00.227	操作部位代码表	14	左下臂		12	计划与干预
CV06.00.227	操作部位代码表	15	左中臂		12	计划与干预
CV06.00.227	操作部位代码表	16	左侧鼻孔		12	计划与干预
CV06.00.227	操作部位代码表	17	左后胸		12	计划与干预
CV06.00.227	操作部位代码表	18	左锁骨下		12	计划与干预
CV06.00.227	操作部位代码表	19	左大腿		12	计划与干预
CV06.00.227	操作部位代码表	20	左上臂		12	计划与干预
CV06.00.227	操作部位代码表	21	左上腹		12	计划与干预
CV06.00.227	操作部位代码表	22	左腹侧臀肌		12	计划与干预
CV06.00.227	操作部位代码表	23	左股外肌		12	计划与干预
CV06.00.227	操作部位代码表	24	右眼		12	计划与干预
CV06.00.227	操作部位代码表	25	左眼		12	计划与干预
CV06.00.227	操作部位代码表	26	双眼		12	计划与干预
CV06.00.227	操作部位代码表	27	肛门		12	计划与干预
CV06.00.227	操作部位代码表	28	会阴		12	计划与干预
CV06.00.227	操作部位代码表	29	右臂		12	计划与干预
CV06.00.227	操作部位代码表	30	右前胸		12	计划与干预
CV06.00.227	操作部位代码表	31	右肘前窝		12	计划与干预
CV06.00.227	操作部位代码表	32	右侧三角肌		12	计划与干预
CV06.00.227	操作部位代码表	33	右耳		12	计划与干预
CV06.00.227	操作部位代码表	34	右外颈		12	计划与干预
CV06.00.227	操作部位代码表	35	右足		12	计划与干预
CV06.00.227	操作部位代码表	36	右臀中肌		12	计划与干预
CV06.00.227	操作部位代码表	37	右手		12	计划与干预
CV06.00.227	操作部位代码表	38	右內颈		12	计划与干预
CV06.00.227	操作部位代码表	39	右下腹		12	计划与干预
CV06.00.227	操作部位代码表	40	右下臂		12	计划与干预
CV06.00.227	操作部位代码表	41	右中臂		12	计划与干预
CV06.00.227	操作部位代码表	42	右后胸		12	计划与干预
CV06.00.227	操作部位代码表	43	右锁骨下		12	计划与干预
CV06.00.227	操作部位代码表	44	右大腿		12	计划与干预
CV06.00.227	操作部位代码表	45	右上臂		12	计划与干预
CV06.00.227	操作部位代码表	46	右上腹		12	计划与干预
CV06.00.227	操作部位代码表	47	右腹侧臀肌		12	计划与干预
CV06.00.227	操作部位代码表	48	右股外侧肌		12	计划与干预
CV06.00.227	操作部位代码表	99	其他		12	计划与干预
CV06.00.228	药物使用频次代码表	01	bid	2次/天	12	计划与干预
CV06.00.228	药物使用频次代码表	02	biw	2次/周	12	计划与干预
CV06.00.228	药物使用频次代码表	03	Hs	睡前服用	12	计划与干预
CV06.00.228	药物使用频次代码表	04	q12h	1次/12小时	12	计划与干预
CV06.00.228	药物使用频次代码表	05	q1h	1次/小时	12	计划与干预
CV06.00.228	药物使用频次代码表	06	q3h	1次/3小时	12	计划与干预
CV06.00.228	药物使用频次代码表	07	q6h	1次/6小时	12	计划与干预
CV06.00.228	药物使用频次代码表	08	q8h	1次/8小时	12	计划与干预
CV06.00.228	药物使用频次代码表	09	qd	1次/天	12	计划与干预
CV06.00.228	药物使用频次代码表	10	qid	4次/天	12	计划与干预
CV06.00.228	药物使用频次代码表	11	qod	隔天1次	12	计划与干预
CV06.00.228	药物使用频次代码表	12	qw	1次/周	12	计划与干预
CV06.00.228	药物使用频次代码表	13	st	立即服用	12	计划与干预
CV06.00.228	药物使用频次代码表	99	其他		12	计划与干预
CV06.00.229	医嘱项目类型代码表	01	药品类医嘱		12	计划与干预
CV06.00.229	医嘱项目类型代码表	02	检查类医嘱		12	计划与干预
CV06.00.229	医嘱项目类型代码表	03	检验类医嘱		12	计划与干预
CV06.00.229	医嘱项目类型代码表	04	手术类医嘱		12	计划与干预
CV06.00.229	医嘱项目类型代码表	05	处置类医嘱		12	计划与干预
CV06.00.229	医嘱项目类型代码表	06	材料类医嘱		12	计划与干预
CV06.00.229	医嘱项目类型代码表	07	嘱托医嘱		12	计划与干预
CV06.00.229	医嘱项目类型代码表	08	输血类医嘱		12	计划与干预
CV06.00.229	医嘱项目类型代码表	99	其他医嘱		12	计划与干预
CV06.00.230	中医药保健指导类型代码表	1	情志调摄		12	计划与干预
CV06.00.230	中医药保健指导类型代码表	2	饮食调养		12	计划与干预
CV06.00.230	中医药保健指导类型代码表	3	起居调摄		12	计划与干预
CV06.00.230	中医药保健指导类型代码表	4	运动保健		12	计划与干预
CV06.00.230	中医药保健指导类型代码表	5	穴位保健		12	计划与干预
CV06.00.230	中医药保健指导类型代码表	9	其他		12	计划与干预
CV06.00.231	孕产妇健康保健指导类别代码表	01	生活方式		12	计划与干预
CV06.00.231	孕产妇健康保健指导类别代码表	02	心理		12	计划与干预
CV06.00.231	孕产妇健康保健指导类别代码表	03	营养		12	计划与干预
CV06.00.231	孕产妇健康保健指导类别代码表	04	运动		12	计划与干预
CV06.00.231	孕产妇健康保健指导类别代码表	05	自我监测		12	计划与干预
CV06.00.231	孕产妇健康保健指导类别代码表	06	分娩准备		12	计划与干预
CV06.00.231	孕产妇健康保健指导类别代码表	07	母乳喂养		12	计划与干预
CV06.00.231	孕产妇健康保健指导类别代码表	08	避免致畸因素和疾病对胚胎的不良影响		12	计划与干预
CV06.00.231	孕产妇健康保健指导类别代码表	09	产前筛查宣传告知		12	计划与干预
CV06.00.231	孕产妇健康保健指导类别代码表	99	其他		12	计划与干预
CV06.00.232	接种部位代码表	1	左上臂		12	计划与干预
CV06.00.232	接种部位代码表	2	右上臂		12	计划与干预
CV06.00.232	接种部位代码表	3	左大腿		12	计划与干预
CV06.00.232	接种部位代码表	4	右大腿		12	计划与干预
CV06.00.232	接种部位代码表	5	口服		12	计划与干预
CV06.00.232	接种部位代码表	9	其他		12	计划与干预
CV06.00.233	接种禁忌代码表	01	妇女妊娠期		12	计划与干预
CV06.00.233	接种禁忌代码表	02	有既往传染病史		12	计划与干预
CV06.00.233	接种禁忌代码表	03	最近曾进行被动免疫		12	计划与干预
CV06.00.233	接种禁忌代码表	04	发热或急性疾病期间		12	计划与干预
CV06.00.233	接种禁忌代码表	05	神经系统疾病		12	计划与干预
CV06.00.233	接种禁忌代码表	06	特殊禁忌症		12	计划与干预
CV06.00.233	接种禁忌代码表	99	其他		12	计划与干预
CV06.00.234	新生儿疾病筛查项目代码表	1	未进行		12	计划与干预
CV06.00.234	新生儿疾病筛查项目代码表	2	检查均阴性		12	计划与干预
CV06.00.234	新生儿疾病筛查项目代码表	3	甲低		12	计划与干预
CV06.00.234	新生儿疾病筛查项目代码表	4	苯丙酮尿症		12	计划与干预
CV06.00.234	新生儿疾病筛查项目代码表	5	其他遗传代谢病		12	计划与干预
CV06.00.235	中医药健康管理服务类型代码表	1	中医饮食调养指导		12	计划与干预
CV06.00.235	中医药健康管理服务类型代码表	2	中医起居调摄指导		12	计划与干预
CV06.00.235	中医药健康管理服务类型代码表	3	传授摩腹、捏脊方法		12	计划与干预
CV06.00.235	中医药健康管理服务类型代码表	4	传授按揉迎香穴、足三里穴方法		12	计划与干预
CV06.00.235	中医药健康管理服务类型代码表	5	传授按揉四神聪穴方法		12	计划与干预
CV06.00.235	中医药健康管理服务类型代码表	9	其他		12	计划与干预
CV06.00.236	发现方式代码表	01	基层推介		12	计划与干预
CV06.00.236	发现方式代码表	02	因症就诊		12	计划与干预
CV06.00.236	发现方式代码表	03	转诊追踪		12	计划与干预
CV06.00.236	发现方式代码表	04	术前检测		12	计划与干预
CV06.00.236	发现方式代码表	05	受血(制品)前检测		12	计划与干预
CV06.00.236	发现方式代码表	06	性病门诊		12	计划与干预
CV06.00.236	发现方式代码表	07	其他就诊者检测		12	计划与干预
CV06.00.236	发现方式代码表	08	婚前检查(含涉外婚姻)		12	计划与干预
CV06.00.236	发现方式代码表	09	孕产期检查		12	计划与干预
CV06.00.236	发现方式代码表	10	检测咨询		12	计划与干预
CV06.00.236	发现方式代码表	11	阳性者配偶或性伴检测		12	计划与干预
CV06.00.236	发现方式代码表	12	女性阳性者子女检测		12	计划与干预
CV06.00.236	发现方式代码表	13	职业暴露检测		12	计划与干预
CV06.00.236	发现方式代码表	14	娱乐场所人员体检		12	计划与干预
CV06.00.236	发现方式代码表	15	有偿供血(浆)人员检测		12	计划与干预
CV06.00.236	发现方式代码表	16	无偿献血人员检测		12	计划与干预
CV06.00.236	发现方式代码表	17	出入境人员体检		12	计划与干预
CV06.00.236	发现方式代码表	18	新兵体检		12	计划与干预
CV06.00.236	发现方式代码表	19	强制/劳教戒毒人员检测		12	计划与干预
CV06.00.236	发现方式代码表	20	妇教所/女劳收教人员检测		12	计划与干预
CV06.00.236	发现方式代码表	21	其他羁押人员体检		12	计划与干预
CV06.00.236	发现方式代码表	22	专题调查		12	计划与干预
CV06.00.236	发现方式代码表	23	接触者筛查		12	计划与干预
CV06.00.236	发现方式代码表	24	样病例监测（ILI）		12	计划与干预
CV06.00.236	发现方式代码表	25	不明原因肺炎监测(PUE)		12	计划与干预
CV06.00.236	发现方式代码表	26	急性重症呼吸道疾病监（SARI）		12	计划与干预
CV06.00.236	发现方式代码表	27	主动筛查		12	计划与干预
CV06.00.236	发现方式代码表	28	健康体检		12	计划与干预
CV06.00.236	发现方式代码表	29	主动监测		12	计划与干预
CV06.00.236	发现方式代码表	30	被动监测		12	计划与干预
CV06.00.236	发现方式代码表	31	患者就医		12	计划与干预
CV06.00.236	发现方式代码表	32	主动病例侦查		12	计划与干预
CV06.00.236	发现方式代码表	99	其他		12	计划与干预
CV07.00.001	门（急）诊费用分类代码表	01	西药	使用西药的费用	13	卫生健康费用
CV07.00.001	门（急）诊费用分类代码表	02	中成药	使用中成药的费用	13	卫生健康费用
CV07.00.001	门（急）诊费用分类代码表	03	中草药	使用中草药的费用	13	卫生健康费用
CV07.00.001	门（急）诊费用分类代码表	04	诊察费	诊断及观察费用	13	卫生健康费用
CV07.00.001	门（急）诊费用分类代码表	05	检查费	各种检查的费用（不含检验费、放射费）	13	卫生健康费用
CV07.00.001	门（急）诊费用分类代码表	06	检验费	各种检验的费用	13	卫生健康费用
CV07.00.001	门（急）诊费用分类代码表	07	放射费	放射检查的费用	13	卫生健康费用
CV07.00.001	门（急）诊费用分类代码表	08	治疗费	各种门诊治疗的费用	13	卫生健康费用
CV07.00.001	门（急）诊费用分类代码表	09	手术费	手术操作的费用	13	卫生健康费用
CV07.00.001	门（急）诊费用分类代码表	10	材料费	使用材料的费用	13	卫生健康费用
CV07.00.001	门（急）诊费用分类代码表	11	麻醉费	麻醉费用	13	卫生健康费用
CV07.00.001	门（急）诊费用分类代码表	12	输血费	输血费用	13	卫生健康费用
CV07.00.001	门（急）诊费用分类代码表	13	护理费	护理费用	13	卫生健康费用
CV07.00.001	门（急）诊费用分类代码表	14	抢救费	抢救费用	13	卫生健康费用
CV07.00.001	门（急）诊费用分类代码表	15	康复费	康复费用	13	卫生健康费用
CV07.00.001	门（急）诊费用分类代码表	16	床位费	占用病床的费用	13	卫生健康费用
CV07.00.001	门（急）诊费用分类代码表	17	输氧费	用于输氧的费用	13	卫生健康费用
CV07.00.001	门（急）诊费用分类代码表	99	其他	无法按上述分类归类的费用	13	卫生健康费用
CV07.00.002	住院费用分类代码表	00	住院费用金额（元）	患者住院期间所产生的费用	13	卫生健康费用
CV07.00.002	住院费用分类代码表	001	住院总费用	患者住院期间发生的与诊疗有关的所有费用之和	13	卫生健康费用
CV07.00.002	住院费用分类代码表	002	住院自付费用	患者住院期间所产生费用中基本医疗保险之外的个人自付费 用	13	卫生健康费用
CV07.00.002	住院费用分类代码表	01	综合医疗服务类费用	患者住院期间各科室共同使用的医疗服务项目发生的费用	13	卫生健康费用
CV07.00.002	住院费用分类代码表	011	综合医疗服务类-一般医疗服务费	患者住院期间各科室共同使用的医疗服务项目中包含的诊查 费、床位费、会诊费、营养咨询等费用	13	卫生健康费用
CV07.00.002	住院费用分类代码表	0111	综合医疗服务类-一般医疗服务费-中医辨 证论治费	患者住院期间各科室共同使用的医疗服务项目中包含的普通 门诊、副主任医师门诊、主任医师门诊、国医大师门诊、急诊、 门/急诊留观及住院中医辨证论治费	13	卫生健康费用
CV07.00.002	住院费用分类代码表	0112	综合医疗服务类-一般医疗服务费-中医辨 证论治会诊费	患者住院期间各科室共同使用的医疗服务项目中包含的院际、 院内及远程中医辨证论治会诊费	13	卫生健康费用
CV07.00.002	住院费用分类代码表	012	综合医疗服务类-一般治疗操作费	患者住院期间各科室共同使用的医疗服务项目中包含的注射、 清创、换药、导尿、吸氧、抢救、重症监护等的费用	13	卫生健康费用
CV07.00.002	住院费用分类代码表	013	综合医疗服务类-护理费	患者住院期间等级护理费用及专项护理费用	13	卫生健康费用
CV07.00.002	住院费用分类代码表	014	综合医疗服务类-其他费用	患者住院期间各科室共同使用的医疗服务项目中包含的病房 取暖费、病房空调费、救护车使用费、尸体料理费等的费用	13	卫生健康费用
CV07.00.002	住院费用分类代码表	02	诊断类费用	患者住院期间用于诊断的医疗服务项目发生的费用	13	卫生健康费用
CV07.00.002	住院费用分类代码表	021	诊断类-病理诊断费	患者住院期间进行病理学有关检查项目的费用	13	卫生健康费用
CV07.00.002	住院费用分类代码表	022	诊断类-实验室诊断费	患者住院期间进行各项实验室检验的费用	13	卫生健康费用
CV07.00.002	住院费用分类代码表	023	诊断类-影像学诊断费	患者住院期间进行透视、造影、CT、磁共振检查、B超检查、 核素扫描、PET等影像学检查的费用	13	卫生健康费用
CV07.00.002	住院费用分类代码表	024	诊断类-临床诊断项目费	患者住院期间临床科室开展的其他用于诊断的各种检查项目	13	卫生健康费用
CV07.00.002	住院费用分类代码表	03	治疗类费用	患者住院期间用于治疗的医疗服务项目发生的费用	13	卫生健康费用
CV07.00.002	住院费用分类代码表	031	治疗类-非手术治疗项目费	患者住院期间临床利用无创手段进行治疗的项目产生的费用 包括高压氧舱、血液净化、精神治疗、临床物理治疗等	13	卫生健康费用
CV07.00.002	住院费用分类代码表	0311	治疗类-非手术治疗项目费-临床物理治疗费	患者住院期间临床利用光、电、热等外界物理因素进行治疗的 项目产生的费用，如放射治疗、放射性核素治疗、聚焦超声治 疗等项目产生的费用	13	卫生健康费用
CV07.00.002	住院费用分类代码表	032	治疗类-手术治疗费	患者住院期间临床利用有创手段进行治疗的项目产生的费用 包括麻醉费及各种介入、孕产、手术治疗等费用	13	卫生健康费用
CV07.00.002	住院费用分类代码表	0321	治疗类-手术治疗费-麻醉费	患者住院期间手术治疗费中麻醉产生的费用	13	卫生健康费用
CV07.00.002	住院费用分类代码表	0322	治疗类-手术治疗费-手术费	患者住院期间手术治疗费中手术产生的费用	13	卫生健康费用
CV07.00.002	住院费用分类代码表	04	康复类费用	患者住院期间对患者进行康复治疗产生的费用，包括康复评定 和治疗	13	卫生健康费用
CV07.00.002	住院费用分类代码表	05	中医类费用	患者住院期间利用中医或民族医技术和方法进行治疗产生的 费用	13	卫生健康费用
CV07.00.002	住院费用分类代码表	051	中医类-中医诊断费	患者住院期间经络穴位诊断、经络穴位分析、耳穴诊断、脉图 诊断、舌象图诊断等中医诊断所产生的费用	13	卫生健康费用
CV07.00.002	住院费用分类代码表	052	中医类-中医治疗费	患者住院期间采用中医技术进行治疗产生的费用	13	卫生健康费用
CV07.00.002	住院费用分类代码表	0521	中医类-中医治疗费-中医外治费	患者住院期间采用中医外治方法进行治疗产生的费用	13	卫生健康费用
CV07.00.002	住院费用分类代码表	0522	中医类-中医治疗费-中医骨伤费	患者住院期间采用中医骨伤整复技术进行治疗产生的费用	13	卫生健康费用
CV07.00.002	住院费用分类代码表	0523	中医类-中医治疗费-针刺与灸法费	患者住院期间采用中医针灸进行治疗产生的费用	13	卫生健康费用
CV07.00.002	住院费用分类代码表	0524	中医类-中医治疗费-中医推拿治疗费	患者住院期间采用中医推拿进行治疗产生的费用	13	卫生健康费用
CV07.00.002	住院费用分类代码表	0525	中医类-中医治疗费-中医肛肠治疗费	患者住院期间采用中医方法治疗肛肠疾病所产生的费用	13	卫生健康费用
CV07.00.002	住院费用分类代码表	0526	中医类-中医治疗费-中医特殊治疗费	患者住院期间采用中医特殊治疗产生的费用	13	卫生健康费用
CV07.00.002	住院费用分类代码表	053	中医类-中医其他费	患者住院期间中医特殊调配加工费和辨证施膳费	13	卫生健康费用
CV07.00.002	住院费用分类代码表	0531	中医类-中医其他费-中医特殊调配加工费	患者住院期间中药调配、煎煮、加工等产生的费用	13	卫生健康费用
CV07.00.002	住院费用分类代码表	0532	中医类-中医其他费-辨证施膳费	患者住院期间中医辨证施膳指导所产生的费用	13	卫生健康费用
CV07.00.002	住院费用分类代码表	06	西药类费用	患者住院期间使用有机化学药品、无机化学药品和生物制品所 产生的费用	13	卫生健康费用
CV07.00.002	住院费用分类代码表	061	西药类-西药费	患者住院期间使用西药所产生的费用	13	卫生健康费用
CV07.00.002	住院费用分类代码表	0611	西药类-西药费-抗菌药物费用	患者住院期间使用抗菌药物所产生的费用	13	卫生健康费用
CV07.00.002	住院费用分类代码表	07	中药类费用	患者住院期间使用中药所产生的费用	13	卫生健康费用
CV07.00.002	住院费用分类代码表	071	中药类-中成药费	患者住院期间使用中成药所产生的费用	13	卫生健康费用
CV07.00.002	住院费用分类代码表	0711	中药类-中成药费-医疗机构中药制剂费	患者住院期间使用医疗机构中药制剂所产生的费用	13	卫生健康费用
CV07.00.002	住院费用分类代码表	072	中药类-中草药费	患者住院期间使用中草药所产生的费用	13	卫生健康费用
CV07.00.002	住院费用分类代码表	08	血液和血液制品类费用	患者住院期间使用血液和血液制品所产生的费用	13	卫生健康费用
CV07.00.002	住院费用分类代码表	081	血液和血液制品类-血费	患者住院期间使用临床用血所产生的费用，包括输注全血、红 细胞、血小板、白细胞、血浆的费用	13	卫生健康费用
CV07.00.002	住院费用分类代码表	082	血液和血液制品类-白蛋白类制品费	患者住院期间使用白蛋白的费用	13	卫生健康费用
CV07.00.002	住院费用分类代码表	083	血液和血液制品类-球蛋白类制品费	患者住院期间使用球蛋白的费用	13	卫生健康费用
CV07.00.002	住院费用分类代码表	084	血液和血液制品类-凝血因子类制品费	患者住院期间使用凝血因子的费用	13	卫生健康费用
CV07.00.002	住院费用分类代码表	085	血液和血液制品类-细胞因子类制品费	患者住院期间使用细胞因子的费用	13	卫生健康费用
CV07.00.002	住院费用分类代码表	09	耗材类费用	患者住院期间使用单独收费的耗材所产生的费用	13	卫生健康费用
CV07.00.002	住院费用分类代码表	091	耗材类-检查用一次性医用材料费	患者住院期间检查检验所使用的一次性医用材料费用	13	卫生健康费用
CV07.00.002	住院费用分类代码表	092	耗材类-治疗用一次性医用材料费	患者住院期间治疗所使用的一次性医用材料费用	13	卫生健康费用
CV07.00.002	住院费用分类代码表	093	耗材类-手术用一次性医用材料费	患者住院期间进行手术、介入操作时所使用的一次性医用材料 费用	13	卫生健康费用
CV07.00.002	住院费用分类代码表	10	其他类费用	患者住院期间未能归入以上各类的费用总和	13	卫生健康费用
CV07.00.002	住院费用分类代码表	99	其他场景住院费用	患者住院期间按其他场景分类的医疗服务项目发生的费用	13	卫生健康费用
CV07.00.003	医疗费用来源类别代码表	01	城镇职工基本医疗保险		13	卫生健康费用
CV07.00.003	医疗费用来源类别代码表	02	城镇居民基本医疗保险		13	卫生健康费用
CV07.00.003	医疗费用来源类别代码表	03	新型农村合作医疗		13	卫生健康费用
CV07.00.003	医疗费用来源类别代码表	04	贫困救助		13	卫生健康费用
CV07.00.003	医疗费用来源类别代码表	05	商业医疗保险		13	卫生健康费用
CV07.00.003	医疗费用来源类别代码表	06	全公费		13	卫生健康费用
CV07.00.003	医疗费用来源类别代码表	07	全自费		13	卫生健康费用
CV07.00.003	医疗费用来源类别代码表	08	基金救助		13	卫生健康费用
CV07.00.003	医疗费用来源类别代码表	09	其他社会保险		13	卫生健康费用
CV07.00.003	医疗费用来源类别代码表	99	其他		13	卫生健康费用
CV07.00.004	医疗费用结算方式代码表	01	现金	支付现金	13	卫生健康费用
CV07.00.004	医疗费用结算方式代码表	02	支票	以支票支付	13	卫生健康费用
CV07.00.004	医疗费用结算方式代码表	03	汇款存款	以汇款、存款支付	13	卫生健康费用
CV07.00.004	医疗费用结算方式代码表	04	内部转账	以内部转账方式支付	13	卫生健康费用
CV07.00.004	医疗费用结算方式代码表	05	单位记账	以单位记账方式支付	13	卫生健康费用
CV07.00.004	医疗费用结算方式代码表	06	账户金	以账户金支付	13	卫生健康费用
CV07.00.004	医疗费用结算方式代码表	07	统筹金	以统筹金支付	13	卫生健康费用
CV07.00.004	医疗费用结算方式代码表	08	银行卡	以电子现金（IC卡）支付	13	卫生健康费用
CV07.00.004	医疗费用结算方式代码表	09	移动支付	以微信、支付宝支付	13	卫生健康费用
CV07.00.004	医疗费用结算方式代码表	10	数字化人民币	以数字化人民币支付	13	卫生健康费用
CV07.00.004	医疗费用结算方式代码表	11	绿色通道	公共事件绿色通道	13	卫生健康费用
CV07.00.004	医疗费用结算方式代码表	99	其他	其他无法按上述类别归类的支付方式	13	卫生健康费用
CV08.10.001	卫生监督机构性质代码表	1	公务员管理的行政执法机构		14	卫生健康机构
CV08.10.001	卫生监督机构性质代码表	2	参照(依照、比照)公务员管理的事业单位		14	卫生健康机构
CV08.10.001	卫生监督机构性质代码表	3	全额拨款事业单位		14	卫生健康机构
CV08.10.001	卫生监督机构性质代码表	4	差额拨款事业单位		14	卫生健康机构
CV08.10.001	卫生监督机构性质代码表	9	其他		14	卫生健康机构
CV08.10.002	卫生监督机构行政级别代码表	01	厅局级		14	卫生健康机构
CV08.10.002	卫生监督机构行政级别代码表	02	副厅局级		14	卫生健康机构
CV08.10.002	卫生监督机构行政级别代码表	03	处级		14	卫生健康机构
CV08.10.002	卫生监督机构行政级别代码表	04	副处级		14	卫生健康机构
CV08.10.002	卫生监督机构行政级别代码表	05	科级		14	卫生健康机构
CV08.10.002	卫生监督机构行政级别代码表	06	副科级		14	卫生健康机构
CV08.10.002	卫生监督机构行政级别代码表	07	副科级以下		14	卫生健康机构
CV08.10.002	卫生监督机构行政级别代码表	08	未定级		14	卫生健康机构
CV08.10.003	监督机构科室代码表	01	食品卫生监督科		14	卫生健康机构
CV08.10.003	监督机构科室代码表	02	化妆品卫生监督科		14	卫生健康机构
CV08.10.003	监督机构科室代码表	03	职业卫生监督科		14	卫生健康机构
CV08.10.003	监督机构科室代码表	04	公共场所卫生监督科		14	卫生健康机构
CV08.10.003	监督机构科室代码表	05	放射卫生监督科		14	卫生健康机构
CV08.10.003	监督机构科室代码表	06	学校卫生监督科		14	卫生健康机构
CV08.10.003	监督机构科室代码表	07	检验科		14	卫生健康机构
CV08.10.003	监督机构科室代码表	08	互联网服务监管部门		14	卫生健康机构
CV08.10.003	监督机构科室代码表	99	其他		14	卫生健康机构
CV08.10.004	主要致死疾病的最高诊断机构级别代码表	01	省级（市）医院		14	卫生健康机构
CV08.10.004	主要致死疾病的最高诊断机构级别代码表	02	地区级（市）医院		14	卫生健康机构
CV08.10.004	主要致死疾病的最高诊断机构级别代码表	03	县级（区）医院		14	卫生健康机构
CV08.10.004	主要致死疾病的最高诊断机构级别代码表	04	乡镇卫生院（社区服务中心）		14	卫生健康机构
CV08.10.004	主要致死疾病的最高诊断机构级别代码表	05	村卫生室（社区服务站）		14	卫生健康机构
CV08.10.004	主要致死疾病的最高诊断机构级别代码表	06	未就诊		14	卫生健康机构
CV08.10.004	主要致死疾病的最高诊断机构级别代码表	07	不详		14	卫生健康机构
CV08.10.004	主要致死疾病的最高诊断机构级别代码表	99	其他		14	卫生健康机构
CV08.10.005	肿瘤诊疗机构代码表	1	肿瘤确诊医院		14	卫生健康机构
CV08.10.005	肿瘤诊疗机构代码表	2	肿瘤手术医院		14	卫生健康机构
CV08.10.005	肿瘤诊疗机构代码表	3	肿瘤放疗机构		14	卫生健康机构
CV08.10.005	肿瘤诊疗机构代码表	4	肿瘤化疗机构		14	卫生健康机构
CV08.10.005	肿瘤诊疗机构代码表	5	其他治疗方式的肿瘤机构		14	卫生健康机构
CV08.10.006	血吸虫病诊断（治疗）机构级别代码表	1	县级及以上血防专业机构		14	卫生健康机构
CV08.10.006	血吸虫病诊断（治疗）机构级别代码表	2	县级及以上综合医院		14	卫生健康机构
CV08.10.006	血吸虫病诊断（治疗）机构级别代码表	3	乡镇血防站（组）		14	卫生健康机构
CV08.10.006	血吸虫病诊断（治疗）机构级别代码表	4	乡镇卫生院		14	卫生健康机构
CV08.10.006	血吸虫病诊断（治疗）机构级别代码表	9	其他		14	卫生健康机构
CV08.30.001	卫生监督机构人员编制类别代码表	1	行政(公务员)编制		15	卫生健康人员
CV08.30.001	卫生监督机构人员编制类别代码表	2	事业编制		15	卫生健康人员
CV08.30.001	卫生监督机构人员编制类别代码表	21	参照公务员管理的事业编制		15	卫生健康人员
CV08.30.001	卫生监督机构人员编制类别代码表	22	一般事业编制		15	卫生健康人员
CV08.30.001	卫生监督机构人员编制类别代码表	23	工勤技能及其他编制		15	卫生健康人员
CV08.30.001	卫生监督机构人员编制类别代码表	3	人事代理		15	卫生健康人员
CV08.30.001	卫生监督机构人员编制类别代码表	4	培训选留		15	卫生健康人员
CV08.30.001	卫生监督机构人员编制类别代码表	5	合同制		15	卫生健康人员
CV08.30.001	卫生监督机构人员编制类别代码表	6	劳务派遣		15	卫生健康人员
CV08.30.001	卫生监督机构人员编制类别代码表	9	其他编制		15	卫生健康人员
CV08.30.002	卫生监督机构职工类别代码表	1	卫生监督员		15	卫生健康人员
CV08.30.002	卫生监督机构职工类别代码表	11	实际从事卫生监督工作的卫生监督员		15	卫生健康人员
CV08.30.002	卫生监督机构职工类别代码表	12	从事行政、后勤等管理工作的卫生监督员		15	卫生健康人员
CV08.30.002	卫生监督机构职工类别代码表	13	有卫生专业技术职称的卫生监督员		15	卫生健康人员
CV08.30.002	卫生监督机构职工类别代码表	14	有其他专业技术职称的卫生监督员		15	卫生健康人员
CV08.30.002	卫生监督机构职工类别代码表	2	离退休人员		15	卫生健康人员
CV08.30.002	卫生监督机构职工类别代码表	3	年内离退休人员		15	卫生健康人员
CV08.30.003	监督员执业范围代码表	01	综合卫生		15	卫生健康人员
CV08.30.003	监督员执业范围代码表	02	食品安全协调		15	卫生健康人员
CV08.30.003	监督员执业范围代码表	03	生活饮用水卫生		15	卫生健康人员
CV08.30.003	监督员执业范围代码表	04	医疗机构执法人员		15	卫生健康人员
CV08.30.003	监督员执业范围代码表	05	职业卫生		15	卫生健康人员
CV08.30.003	监督员执业范围代码表	06	公共场所卫生		15	卫生健康人员
CV08.30.003	监督员执业范围代码表	07	放射防护		15	卫生健康人员
CV08.30.003	监督员执业范围代码表	08	学校卫生		15	卫生健康人员
CV08.30.003	监督员执业范围代码表	09	传染病管理		15	卫生健康人员
CV08.30.003	监督员执业范围代码表	10	互联网服务监管		15	卫生健康人员
CV08.30.003	监督员执业范围代码表	99	其他		15	卫生健康人员
CV08.30.004	助产人员类别代码表	1	医务人员		15	卫生健康人员
CV08.30.004	助产人员类别代码表	2	乡村医生		15	卫生健康人员
CV08.30.004	助产人员类别代码表	3	家庭接生员		15	卫生健康人员
CV08.30.004	助产人员类别代码表	9	其他人员		15	卫生健康人员
CV08.30.005	专业技术职务类别代码表	1	正高		15	卫生健康人员
CV08.30.005	专业技术职务类别代码表	2	副高		15	卫生健康人员
CV08.30.005	专业技术职务类别代码表	3	中级		15	卫生健康人员
CV08.30.005	专业技术职务类别代码表	4	师级/助理		15	卫生健康人员
CV08.30.005	专业技术职务类别代码表	5	士级		15	卫生健康人员
CV08.30.005	专业技术职务类别代码表	6	待聘		15	卫生健康人员
CV02.10.001	家族近亲婚配者与本人关系代码表	1	父母		4	健康史
CV02.10.001	家族近亲婚配者与本人关系代码表	2	祖父母		4	健康史
CV02.10.001	家族近亲婚配者与本人关系代码表	3	外祖父母		4	健康史
CV02.10.001	家族近亲婚配者与本人关系代码表	9	其他		4	健康史
CV02.10.002	妊娠终止方式代码表	1	自然流产		4	健康史
CV02.10.002	妊娠终止方式代码表	2	人工流产		4	健康史
CV02.10.002	妊娠终止方式代码表	21	负压吸引、钳刮术流产		4	健康史
CV02.10.002	妊娠终止方式代码表	22	药物流产		4	健康史
CV02.10.003	分娩方式代码表	1	阴道自然分娩		4	健康史
CV02.10.003	分娩方式代码表	11	会阴切开		4	健康史
CV02.10.003	分娩方式代码表	12	会阴未切		4	健康史
CV02.10.003	分娩方式代码表	2	阴道手术助产		4	健康史
CV02.10.003	分娩方式代码表	21	产钳助产		4	健康史
CV02.10.003	分娩方式代码表	22	臀位助产		4	健康史
CV02.10.003	分娩方式代码表	23	胎头吸引		4	健康史
CV02.10.003	分娩方式代码表	3	剖宫产		4	健康史
CV02.10.003	分娩方式代码表	31	子宫下段横切口剖宫产		4	健康史
CV02.10.003	分娩方式代码表	32	子宫体剖宫产		4	健康史
CV02.10.003	分娩方式代码表	33	腹膜外剖宫产		4	健康史
CV02.10.003	分娩方式代码表	9	其他		4	健康史
CV02.10.004	出生缺陷儿结局代码表	1	存活		4	健康史
CV02.10.004	出生缺陷儿结局代码表	2	死胎死产		4	健康史
CV02.10.004	出生缺陷儿结局代码表	3	0~6天死亡		4	健康史
CV02.10.004	出生缺陷儿结局代码表	4	7~27天死亡		4	健康史
CV02.10.004	出生缺陷儿结局代码表	5	28~42天死亡		4	健康史
CV02.10.004	出生缺陷儿结局代码表	9	其他		4	健康史
CV02.10.005	既往常见疾病种类代码表	01	无		4	健康史
CV02.10.005	既往常见疾病种类代码表	02	高血压		4	健康史
CV02.10.005	既往常见疾病种类代码表	03	糖尿病		4	健康史
CV02.10.005	既往常见疾病种类代码表	04	冠心病		4	健康史
CV02.10.005	既往常见疾病种类代码表	05	慢性阻塞性肺疾病		4	健康史
CV02.10.005	既往常见疾病种类代码表	06	恶性肿瘤		4	健康史
CV02.10.005	既往常见疾病种类代码表	07	脑卒中		4	健康史
CV02.10.005	既往常见疾病种类代码表	08	重性精神疾病		4	健康史
CV02.10.005	既往常见疾病种类代码表	09	结核病		4	健康史
CV02.10.005	既往常见疾病种类代码表	10	肝脏疾病		4	健康史
CV02.10.005	既往常见疾病种类代码表	11	先天畸形		4	健康史
CV02.10.005	既往常见疾病种类代码表	12	职业病		4	健康史
CV02.10.005	既往常见疾病种类代码表	13	肾脏疾病		4	健康史
CV02.10.005	既往常见疾病种类代码表	14	贫血		4	健康史
CV02.10.005	既往常见疾病种类代码表	98	其他法定传染病		4	健康史
CV02.10.005	既往常见疾病种类代码表	99	其他		4	健康史
CV04.01.001	妇科及乳腺不适症状代码表	01	无		6	主诉与症状
CV04.01.001	妇科及乳腺不适症状代码表	02	外阴瘙痒		6	主诉与症状
CV04.01.001	妇科及乳腺不适症状代码表	03	白带异常		6	主诉与症状
CV04.01.001	妇科及乳腺不适症状代码表	04	宫颈触血		6	主诉与症状
CV04.01.001	妇科及乳腺不适症状代码表	05	下腹不适		6	主诉与症状
CV04.01.001	妇科及乳腺不适症状代码表	06	情绪改变		6	主诉与症状
CV04.01.001	妇科及乳腺不适症状代码表	07	潮热出汗		6	主诉与症状
CV04.01.001	妇科及乳腺不适症状代码表	08	月经不规律		6	主诉与症状
CV04.01.001	妇科及乳腺不适症状代码表	09	失眠		6	主诉与症状
CV04.01.001	妇科及乳腺不适症状代码表	10	乳房疼痛		6	主诉与症状
CV04.01.001	妇科及乳腺不适症状代码表	11	乳腺肿块		6	主诉与症状
CV04.01.001	妇科及乳腺不适症状代码表	12	乳腺异常泌乳		6	主诉与症状
CV04.01.001	妇科及乳腺不适症状代码表	13	性交出血		6	主诉与症状
CV04.01.001	妇科及乳腺不适症状代码表	14	性交疼痛		6	主诉与症状
CV04.01.001	妇科及乳腺不适症状代码表	15	绝经后阴道出血		6	主诉与症状
CV04.01.001	妇科及乳腺不适症状代码表	99	其他		6	主诉与症状
CV04.01.002	乳汁量代码表	1	量多		6	主诉与症状
CV04.01.002	乳汁量代码表	2	量中		6	主诉与症状
CV04.01.002	乳汁量代码表	3	量少		6	主诉与症状
CV04.01.002	乳汁量代码表	4	无		6	主诉与症状
CV04.01.003	伤害发生原因代码表	01	机动车车祸	发生在道路上，至少牵涉一辆行进中的机动车的碰撞或事件所导致的致死性或非致死性损伤	6	主诉与症状
CV04.01.003	伤害发生原因代码表	02	非机动车车 祸	发生在道路上，至少牵涉一辆行进中的非机动车的碰撞或事件所导致的致死性或非致死性损 伤。电动自行车为非机动车	6	主诉与症状
CV04.01.003	伤害发生原因代码表	03	性侵犯	指未经对方同意进行的强迫的性攻击行为，并造成身体损伤	6	主诉与症状
CV04.01.003	伤害发生原因代码表	04	跌倒/坠落	包括跌伤、坠落伤、摔伤；包括同一平面的滑倒、绊倒和摔倒如因路面有冰而滑到，以及从一 个平面至另一个平面的跌落	6	主诉与症状
CV04.01.003	伤害发生原因代码表	05	钝器伤	包括硬物击伤，用身体等部位如拳头、肘、脚等的击伤和踢伤，方式有击、扎、夹、碰撞、摩 擦、挤压、踩踏等	6	主诉与症状
CV04.01.003	伤害发生原因代码表	06	火器伤	枪支造成的伤害	6	主诉与症状
CV04.01.003	伤害发生原因代码表	07	刀/锐器伤	包括割伤、撕伤、削、切、砍、劈、锯等造成的伤害	6	主诉与症状
CV04.01.003	伤害发生原因代码表	08	烧烫伤	火和热的液体、水蒸气、气体、家用电器、电流、闪电和其他热物质等造成的伤害，包括化学 物质、放射性物质等引起的烧伤	6	主诉与症状
CV04.01.003	伤害发生原因代码表	09	窒息/悬吊	悬吊、异物梗阻、陷入低氧环境等	6	主诉与症状
CV04.01.003	伤害发生原因代码表	10	溺水	包括浴盆、游泳池、自然水域等淹溺或沉没	6	主诉与症状
CV04.01.003	伤害发生原因代码表	11	中毒	由药品、酒精、有机溶剂和卤素烃及其蒸气、有毒气体、杀虫剂、食物、毒动植物毒素等导致， 包括意外用药过量、不明意图中毒或有意中毒，不包括感染性食物中毒	6	主诉与症状
CV04.01.003	伤害发生原因代码表	12	动物伤	由动物的咬、抓、踢、压、蜇伤等	6	主诉与症状
CV04.01.003	伤害发生原因代码表	13	不清楚	不能确定或者不能回答伤害原因或者拒绝回答	6	主诉与症状
CV04.01.003	伤害发生原因代码表	99	其他	未能归入上述分类中	6	主诉与症状
CV04.01.004	伤害意图类别代码表	1	非故意	偶然或者意外发生的情况导致受伤	6	主诉与症状
CV04.01.004	伤害意图类别代码表	2	自残/自杀（自杀或自杀 企图）	患者自己完成，并知道会产生受伤或死亡结果的某种积极或者消极的行动直接或 间接引起的受伤	6	主诉与症状
CV04.01.004	伤害意图类别代码表	3	故意（暴力、攻击）	受到别人故意的攻击或者暴力	6	主诉与症状
CV04.01.004	伤害意图类别代码表	4	不清楚	不能确定意图或者患者不回答该问题，或者还需要进一步深入了解	6	主诉与症状
CV04.01.005	伤害发生地点代码表	01	家中	指伤害发生时，患者所处的场所为住宅及相关的建筑	6	主诉与症状
CV04.01.005	伤害发生地点代码表	02	公共居住场所	指伤害发生时，患者在宿舍、疗养院、养老院、孤儿院、监狱、教养院等公共居 住设施内	6	主诉与症状
CV04.01.005	伤害发生地点代码表	03	学校与公共场所	包括幼儿园、小学、初中、高中、大学等教育机构内（包括教育机构内的运动场 所）、会议厅、教堂、电影院、俱乐部、舞厅、医院、图书馆、公共娱乐场所、法 院等等公共场所	6	主诉与症状
CV04.01.005	伤害发生地点代码表	04	体育和运动场所	包括各种球场、体育馆、公共游泳池等运动场所，不包括私人住家或花园中的游 泳池或球场	6	主诉与症状
CV04.01.005	伤害发生地点代码表	05	公路/街道	伤害发生时，伤害患者所处的地点为高速公路、国道、市内大小街道、乡村公路、 人行道、自行车道等地方	6	主诉与症状
CV04.01.005	伤害发生地点代码表	06	贸易和服务场所	指机场、车站、银行、旅馆、饭店、商场、店铺、商业性车库、办公建筑物等	6	主诉与症状
CV04.01.005	伤害发生地点代码表	07	工业和建筑场所	指工厂、矿场、车间、建筑工地等	6	主诉与症状
CV04.01.005	伤害发生地点代码表	08	农场/农田	在农场、农田、田野、耕地等区域，不包括农场中的住宅场所	6	主诉与症状
CV04.01.005	伤害发生地点代码表	09	不清楚	指患者不能准确描述受伤的地点或者不愿意说明受伤的地点	6	主诉与症状
CV04.01.005	伤害发生地点代码表	99	其他	未能归入上述分类。如海滨、露营地、湖泊、山、池塘、河流、动物园等	6	主诉与症状
CV04.01.006	伤害发生时活动类别代码表	1	体育活动	正在进行体育运动，如打高尔夫球、跑步、骑马、学校田径运动	6	主诉与症状
CV04.01.006	伤害发生时活动类别代码表	2	休闲活动	指业余爱好、伴有一种娱乐成份的活动，如看电影，跳舞，不包括体育活动	6	主诉与症状
CV04.01.006	伤害发生时活动类别代码表	3	有偿工作	职业性有偿的工作，也包括去工作场所的路上发生的伤害	6	主诉与症状
CV04.01.006	伤害发生时活动类别代码表	4	家务/学习	通常不会获得收入的工作，包括家务劳动、做饭、照看儿童及亲属、上学或上课受教育活动	6	主诉与症状
CV04.01.006	伤害发生时活动类别代码表	5	驾乘交通工具	指自己驾驶或乘坐私人或公共交通工具，交通工具可以是机动车和非机动车、飞机、轮船等	6	主诉与症状
CV04.01.006	伤害发生时活动类别代码表	6	不清楚	不能确定或者不能回答伤害发生时活动或者拒绝回答	6	主诉与症状
CV04.01.006	伤害发生时活动类别代码表	9	其他	未能归入上述分类中	6	主诉与症状
CV04.01.007	疑似结核患者症状代码表	1	咳嗽、咳痰2周以上		6	主诉与症状
CV04.01.007	疑似结核患者症状代码表	2	咯血或血痰		6	主诉与症状
CV04.01.007	疑似结核患者症状代码表	3	胸痛、胸闷、低热、盗汗、乏力		6	主诉与症状
CV04.01.007	疑似结核患者症状代码表	4	食欲减退和体重减轻		6	主诉与症状
CV04.01.008	慢性丝虫病患者症状代码表	01	淋巴水肿/象皮肿	符合WS260丝虫病诊断标准中急性丝虫病淋巴水肿/象皮肿临床表现	6	主诉与症状
CV04.01.008	慢性丝虫病患者症状代码表	02	鞘膜积液	符合WS260丝虫病诊断标准中急性丝虫病鞘膜积液临床表现	6	主诉与症状
CV04.01.008	慢性丝虫病患者症状代码表	03	乳糜尿	符合WS260丝虫病诊断标准中急性丝虫病乳糜尿临床表现	6	主诉与症状
CV04.01.008	慢性丝虫病患者症状代码表	04	淋巴管炎/结炎	符合WS260丝虫病诊断标准中急性丝虫病淋巴管炎/结炎临床表现	6	主诉与症状
CV04.01.008	慢性丝虫病患者症状代码表	05	淋巴水肿/象皮肿+淋巴管炎/ 结炎	同时符合WS260丝虫病诊断标准中急性丝虫病淋巴水肿/象皮肿和淋巴管炎/结炎 临床表现	6	主诉与症状
CV04.01.008	慢性丝虫病患者症状代码表	06	淋巴水肿/象皮肿+乳糜尿	同时符合WS260丝虫病诊断标准中急性丝虫病淋巴水肿/象皮肿和乳糜尿临床表 现	6	主诉与症状
CV04.01.008	慢性丝虫病患者症状代码表	07	淋巴水肿/象皮肿+鞘膜积液	同时符合WS260丝虫病诊断标准中急性丝虫病淋巴水肿/象皮肿和鞘膜积液临床 表现	6	主诉与症状
CV04.01.008	慢性丝虫病患者症状代码表	08	乳糜尿+淋巴管炎/结炎	同时符合WS260丝虫病诊断标准中急性丝虫病乳糜尿和淋巴管炎/结炎临床表现	6	主诉与症状
CV04.01.008	慢性丝虫病患者症状代码表	09	淋巴水肿/象皮肿+淋巴管炎/ 结炎+乳糜尿	同时符合WS260丝虫病诊断标准中急性丝虫病淋巴水肿/象皮肿、淋巴管炎/结炎 和乳糜尿临床表现	6	主诉与症状
CV04.01.008	慢性丝虫病患者症状代码表	99	其他	不同于以上临床表现	6	主诉与症状
CV04.01.009	精神症状代码表	01	幻觉		6	主诉与症状
CV04.01.009	精神症状代码表	02	交流困难		6	主诉与症状
CV04.01.009	精神症状代码表	03	猜疑		6	主诉与症状
CV04.01.009	精神症状代码表	04	喜怒无常		6	主诉与症状
CV04.01.009	精神症状代码表	05	行为怪异		6	主诉与症状
CV04.01.009	精神症状代码表	06	兴奋话多		6	主诉与症状
CV04.01.009	精神症状代码表	07	伤人毁物		6	主诉与症状
CV04.01.009	精神症状代码表	08	悲观厌世		6	主诉与症状
CV04.01.009	精神症状代码表	09	无故外走		6	主诉与症状
CV04.01.009	精神症状代码表	10	自语自笑		6	主诉与症状
CV04.01.009	精神症状代码表	11	孤僻懒散		6	主诉与症状
CV04.01.009	精神症状代码表	99	其他		6	主诉与症状
CV04.01.010	儿童睡眠质量代码表	1	好		6	主诉与症状
CV04.01.010	儿童睡眠质量代码表	2	一般		6	主诉与症状
CV04.01.010	儿童睡眠质量代码表	3	差		6	主诉与症状
CV04.01.010	儿童睡眠质量代码表	4	不详		6	主诉与症状
CV04.01.011	儿童睡眠情况代码表	1	安静		6	主诉与症状
CV04.01.011	儿童睡眠情况代码表	2	汗多		6	主诉与症状
CV04.01.011	儿童睡眠情况代码表	3	烦躁		6	主诉与症状
CV04.01.011	儿童睡眠情况代码表	4	夜惊		6	主诉与症状
CV04.01.012	儿童大便性状代码表	1	成形		6	主诉与症状
CV04.01.012	儿童大便性状代码表	11	柏油样便		6	主诉与症状
CV04.01.012	儿童大便性状代码表	12	白陶土样便		6	主诉与症状
CV04.01.012	儿童大便性状代码表	2	糊状		6	主诉与症状
CV04.01.012	儿童大便性状代码表	21	稀糊状		6	主诉与症状
CV04.01.012	儿童大便性状代码表	22	黏液便		6	主诉与症状
CV04.01.012	儿童大便性状代码表	23	细条样便		6	主诉与症状
CV04.01.012	儿童大便性状代码表	3	稀		6	主诉与症状
CV04.01.012	儿童大便性状代码表	31	水样便		6	主诉与症状
CV04.01.012	儿童大便性状代码表	32	米泔样便		6	主诉与症状
CV04.01.012	儿童大便性状代码表	4	鲜血样便		6	主诉与症状
CV04.01.012	儿童大便性状代码表	5	脓性及脓血便		6	主诉与症状
CV04.01.012	儿童大便性状代码表	9	其他		6	主诉与症状
CV04.01.013	老年人健康状态自我评估代码表	1	满意		6	主诉与症状
CV04.01.013	老年人健康状态自我评估代码表	2	基本满意		6	主诉与症状
CV04.01.013	老年人健康状态自我评估代码表	3	说不清楚		6	主诉与症状
CV04.01.013	老年人健康状态自我评估代码表	4	不太满意		6	主诉与症状
CV04.01.013	老年人健康状态自我评估代码表	5	不满意		6	主诉与症状
CV04.01.014	老年人生活自理能力自我评估代码表	1	可自理	0~3分者为可自理	6	主诉与症状
CV04.01.014	老年人生活自理能力自我评估代码表	2	轻度依赖	4~8分者为轻度依赖	6	主诉与症状
CV04.01.014	老年人生活自理能力自我评估代码表	3	中度依赖	9~18分者为中度依赖	6	主诉与症状
CV04.01.014	老年人生活自理能力自我评估代码表	4	不能自理	≥19分者为不能自理	6	主诉与症状
CV04.01.015	肺结核患者症状及体征代码表	01	没有症状		6	主诉与症状
CV04.01.015	肺结核患者症状及体征代码表	02	咳嗽咳痰		6	主诉与症状
CV04.01.015	肺结核患者症状及体征代码表	03	低热盗汗		6	主诉与症状
CV04.01.015	肺结核患者症状及体征代码表	04	咯血或血痰		6	主诉与症状
CV04.01.015	肺结核患者症状及体征代码表	05	胸痛消瘦		6	主诉与症状
CV04.01.015	肺结核患者症状及体征代码表	06	恶心纳差		6	主诉与症状
CV04.01.015	肺结核患者症状及体征代码表	07	头痛失眠		6	主诉与症状
CV04.01.015	肺结核患者症状及体征代码表	08	视物模糊		6	主诉与症状
CV04.01.015	肺结核患者症状及体征代码表	09	皮肤瘙痒、皮疹		6	主诉与症状
CV04.01.015	肺结核患者症状及体征代码表	10	耳鸣、听力下降		6	主诉与症状
CV04.01.015	肺结核患者症状及体征代码表	99	其他		6	主诉与症状
CV04.10.001	附件检查结果代码表	1	正常		7	体格检查
CV04.10.001	附件检查结果代码表	2	缺失		7	体格检查
CV04.10.001	附件检查结果代码表	3	增厚		7	体格检查
CV04.10.001	附件检查结果代码表	4	包块		7	体格检查
CV04.10.001	附件检查结果代码表	5	压痛		7	体格检查
CV04.10.001	附件检查结果代码表	9	其他		7	体格检查
CV04.10.002	子宫大小代码表	1	正常		7	体格检查
CV04.10.002	子宫大小代码表	2	增大		7	体格检查
CV04.10.002	子宫大小代码表	3	缩小		7	体格检查
CV04.10.002	子宫大小代码表	9	其他		7	体格检查
CV04.10.003	妇科检查方式代码表	1	外阴部检查		7	体格检查
CV04.10.003	妇科检查方式代码表	2	阴道窥器检查		7	体格检查
CV04.10.003	妇科检查方式代码表	3	双合诊		7	体格检查
CV04.10.003	妇科检查方式代码表	4	三合诊		7	体格检查
CV04.10.003	妇科检查方式代码表	5	直肠-腹部诊		7	体格检查
CV04.10.003	妇科检查方式代码表	9	其他		7	体格检查
CV04.10.004	皮肤检查结果代码表	01	未见异常		7	体格检查
CV04.10.004	皮肤检查结果代码表	02	潮红		7	体格检查
CV04.10.004	皮肤检查结果代码表	03	苍白		7	体格检查
CV04.10.004	皮肤检查结果代码表	04	发绀		7	体格检查
CV04.10.004	皮肤检查结果代码表	05	黄染		7	体格检查
CV04.10.004	皮肤检查结果代码表	06	色素沉着		7	体格检查
CV04.10.004	皮肤检查结果代码表	07	湿疹		7	体格检查
CV04.10.004	皮肤检查结果代码表	08	糜烂		7	体格检查
CV04.10.004	皮肤检查结果代码表	99	其他		7	体格检查
CV04.10.005	浮肿状况代码表	1	正常		7	体格检查
CV04.10.005	浮肿状况代码表	2	Ⅰ度		7	体格检查
CV04.10.005	浮肿状况代码表	3	Ⅱ度		7	体格检查
CV04.10.005	浮肿状况代码表	4	Ⅲ度		7	体格检查
CV04.10.005	浮肿状况代码表	5	Ⅳ度		7	体格检查
CV04.10.006	巩膜检查结果代码表	1	正常		7	体格检查
CV04.10.006	巩膜检查结果代码表	2	黄染		7	体格检查
CV04.10.006	巩膜检查结果代码表	3	充血		7	体格检查
CV04.10.006	巩膜检查结果代码表	9	其他		7	体格检查
CV04.10.007	口唇外观代码表	1	红润		7	体格检查
CV04.10.007	口唇外观代码表	2	苍白		7	体格检查
CV04.10.007	口唇外观代码表	3	发绀		7	体格检查
CV04.10.007	口唇外观代码表	4	皲裂		7	体格检查
CV04.10.007	口唇外观代码表	5	疱疹		7	体格检查
CV04.10.007	口唇外观代码表	9	其他		7	体格检查
CV04.10.008	儿童面色代码表	1	红润		7	体格检查
CV04.10.008	儿童面色代码表	2	黄染		7	体格检查
CV04.10.008	儿童面色代码表	3	潮红		7	体格检查
CV04.10.008	儿童面色代码表	4	苍白		7	体格检查
CV04.10.008	儿童面色代码表	5	发绀		7	体格检查
CV04.10.008	儿童面色代码表	9	其他		7	体格检查
CV04.10.009	黄疸部位代码表	1	面部		7	体格检查
CV04.10.009	黄疸部位代码表	2	躯干		7	体格检查
CV04.10.009	黄疸部位代码表	3	四肢		7	体格检查
CV04.10.009	黄疸部位代码表	4	手足		7	体格检查
CV04.10.009	黄疸部位代码表	5	巩膜		7	体格检查
CV04.10.009	黄疸部位代码表	9	其他		7	体格检查
CV04.10.010	齿列类别代码表	1	正常		7	体格检查
CV04.10.010	齿列类别代码表	2	缺齿		7	体格检查
CV04.10.010	齿列类别代码表	3	龋齿		7	体格检查
CV04.10.010	齿列类别代码表	4	义齿		7	体格检查
CV04.10.011	淋巴结检查结果代码表	1	未触及		7	体格检查
CV04.10.011	淋巴结检查结果代码表	2	锁骨上		7	体格检查
CV04.10.011	淋巴结检查结果代码表	3	腋窝		7	体格检查
CV04.10.011	淋巴结检查结果代码表	4	颈部		7	体格检查
CV04.10.011	淋巴结检查结果代码表	5	腹股沟		7	体格检查
CV04.10.011	淋巴结检查结果代码表	9	其他		7	体格检查
CV04.10.012	乳腺检查结果代码表	1	未见异常		7	体格检查
CV04.10.012	乳腺检查结果代码表	2	乳房切除		7	体格检查
CV04.10.012	乳腺检查结果代码表	3	异常泌乳		7	体格检查
CV04.10.012	乳腺检查结果代码表	4	乳腺包块		7	体格检查
CV04.10.012	乳腺检查结果代码表	5	乳腺结节		7	体格检查
CV04.10.012	乳腺检查结果代码表	6	溢液		7	体格检查
CV04.10.012	乳腺检查结果代码表	7	皮肤异常		7	体格检查
CV04.10.012	乳腺检查结果代码表	9	其他		7	体格检查
CV04.10.013	肛门指诊检查结果代码表	1	未及异常		7	体格检查
CV04.10.013	肛门指诊检查结果代码表	2	触痛		7	体格检查
CV04.10.013	肛门指诊检查结果代码表	3	包块		7	体格检查
CV04.10.013	肛门指诊检查结果代码表	4	前列腺异常		7	体格检查
CV04.10.013	肛门指诊检查结果代码表	5	痔疮		7	体格检查
CV04.10.013	肛门指诊检查结果代码表	9	其他		7	体格检查
CV04.10.014	下肢水肿检查结果代码表	1	无下肢水肿		7	体格检查
CV04.10.014	下肢水肿检查结果代码表	2	单侧下肢水肿		7	体格检查
CV04.10.014	下肢水肿检查结果代码表	3	双侧不对称下肢水肿		7	体格检查
CV04.10.014	下肢水肿检查结果代码表	4	双侧对称下肢水肿		7	体格检查
CV04.10.014	下肢水肿检查结果代码表	5	凹陷性水肿		7	体格检查
CV04.10.014	下肢水肿检查结果代码表	6	非凹陷性水肿		7	体格检查
CV04.10.015	足背动脉搏动代码表	1	未触及		7	体格检查
CV04.10.015	足背动脉搏动代码表	2	触及双侧对称		7	体格检查
CV04.10.015	足背动脉搏动代码表	3	触及左侧弱或消失		7	体格检查
CV04.10.015	足背动脉搏动代码表	4	触及右侧弱或消失		7	体格检查
CV04.10.015	足背动脉搏动代码表	9	其他		7	体格检查
CV04.10.016	伤害部位代码表	01	头部	包括眼、牙齿、鼻、耳、头皮、面部、头骨和颈部，不包括神经	7	体格检查
CV04.10.016	伤害部位代码表	02	上肢	系包统括的锁伤骨害、肩胛骨、肩部、肱骨、上臂、肘、前臂、手等，包括	7	体格检查
CV04.10.016	伤害部位代码表	03	下肢	双包侧括上臀肢部受、伤大或腿上、肢小多腿个、部踝位、受脚伤等，包括双侧下肢受伤或下肢多	7	体格检查
CV04.10.016	伤害部位代码表	04	躯干	个包部括位肋受骨伤、脊柱、骨盆、胸部、腹部、背部、生殖器、心、肾、	7	体格检查
CV04.10.016	伤害部位代码表	05	多部位	膀指胱受等伤内的脏部位包括下述部位中的二个或二个以上	7	体格检查
CV04.10.016	伤害部位代码表	06	全身广泛受伤	指发生中毒、窒息、触电、冻伤	7	体格检查
CV04.10.016	伤害部位代码表	07	呼吸系统	包括咽、喉、气管、支气管、肺等呼吸道器官	7	体格检查
CV04.10.016	伤害部位代码表	08	消化系统	包括口腔、食管、胃、十二指肠、小肠、结肠、直肠、肝脏、脾	7	体格检查
CV04.10.016	伤害部位代码表	09	神经系统	脏包、括胰大腺脑等、脑消干化、道颈器部官脊髓（延髓）、胸部脊髓、腰部脊髓及外周	7	体格检查
CV04.10.016	伤害部位代码表	10	不清楚	神不经能等明确伤害部位，或者外表无法察觉	7	体格检查
CV04.10.016	伤害部位代码表	99	其他	未能归入上述分类	7	体格检查
CV04.10.017	慢性丝虫病症状发作部位代码表	1	上肢		7	体格检查
CV04.10.017	慢性丝虫病症状发作部位代码表	11	左上肢		7	体格检查
CV04.10.017	慢性丝虫病症状发作部位代码表	12	右上肢		7	体格检查
CV04.10.017	慢性丝虫病症状发作部位代码表	13	双侧上肢		7	体格检查
CV04.10.017	慢性丝虫病症状发作部位代码表	2	下肢		7	体格检查
CV04.10.017	慢性丝虫病症状发作部位代码表	21	左下肢		7	体格检查
CV04.10.017	慢性丝虫病症状发作部位代码表	22	右下肢		7	体格检查
CV04.10.018	前囟张力代码表	1	正常		7	体格检查
CV04.10.018	前囟张力代码表	2	膨隆		7	体格检查
CV04.10.018	前囟张力代码表	3	凹陷		7	体格检查
CV04.10.018	前囟张力代码表	9	其他		7	体格检查
CV04.10.019	脐带检查结果代码表	1	未脱		7	体格检查
CV04.10.019	脐带检查结果代码表	2	脱落		7	体格检查
CV04.10.019	脐带检查结果代码表	3	脐部有渗出		7	体格检查
CV04.10.019	脐带检查结果代码表	9	其他		7	体格检查
CV04.10.020	儿童体格发育评价代码表	1	正常		7	体格检查
CV04.10.020	儿童体格发育评价代码表	2	低体重		7	体格检查
CV04.10.020	儿童体格发育评价代码表	3	消瘦		7	体格检查
CV04.10.020	儿童体格发育评价代码表	4	生长迟缓		7	体格检查
CV04.10.020	儿童体格发育评价代码表	5	超重		7	体格检查
CV04.10.020	儿童体格发育评价代码表	6	肥胖		7	体格检查
CV04.10.021	可疑佝偻病症状代码表	1	无		7	体格检查
CV04.10.021	可疑佝偻病症状代码表	2	夜惊		7	体格检查
CV04.10.021	可疑佝偻病症状代码表	3	多汗		7	体格检查
CV04.10.021	可疑佝偻病症状代码表	4	烦躁		7	体格检查
CV04.10.021	可疑佝偻病症状代码表	9	其他		7	体格检查
CV04.10.022	可疑佝偻病体征代码表	01	无		7	体格检查
CV04.10.022	可疑佝偻病体征代码表	02	颅骨软化		7	体格检查
CV04.10.022	可疑佝偻病体征代码表	03	方颅		7	体格检查
CV04.10.022	可疑佝偻病体征代码表	04	枕秃		7	体格检查
CV04.10.022	可疑佝偻病体征代码表	05	肋串珠		7	体格检查
CV04.10.022	可疑佝偻病体征代码表	06	肋外翻		7	体格检查
CV04.10.022	可疑佝偻病体征代码表	07	肋软骨沟		7	体格检查
CV04.10.022	可疑佝偻病体征代码表	08	鸡胸		7	体格检查
CV04.10.022	可疑佝偻病体征代码表	09	手（足）镯		7	体格检查
CV04.10.022	可疑佝偻病体征代码表	10	“O”型腿		7	体格检查
CV04.10.022	可疑佝偻病体征代码表	11	“X”型腿		7	体格检查
CV04.10.022	可疑佝偻病体征代码表	99	其他		7	体格检查
CV04.10.023	外阴及阴道检查结果代码表	1	正常		7	体格检查
CV04.10.023	外阴及阴道检查结果代码表	2	白斑		7	体格检查
CV04.10.023	外阴及阴道检查结果代码表	3	充血		7	体格检查
CV04.10.023	外阴及阴道检查结果代码表	4	溃疡		7	体格检查
CV04.10.023	外阴及阴道检查结果代码表	5	湿疣		7	体格检查
CV04.10.023	外阴及阴道检查结果代码表	6	疱疹		7	体格检查
CV04.10.023	外阴及阴道检查结果代码表	7	肿物		7	体格检查
CV04.10.023	外阴及阴道检查结果代码表	9	其他		7	体格检查
CV04.10.023	外阴及阴道检查结果代码表	2	触血		7	体格检查
CV04.10.023	外阴及阴道检查结果代码表	3	息肉		7	体格检查
CV04.10.023	外阴及阴道检查结果代码表	4	糜烂样		7	体格检查
CV04.10.023	外阴及阴道检查结果代码表	5	菜花样		7	体格检查
CV04.10.023	外阴及阴道检查结果代码表	2	肿物		7	体格检查
CV04.10.023	外阴及阴道检查结果代码表	3	脱垂		7	体格检查
CV04.10.023	外阴及阴道检查结果代码表	4	压痛		7	体格检查
CV04.10.023	外阴及阴道检查结果代码表	5	疱疹		7	体格检查
CV04.10.023	外阴及阴道检查结果代码表	1	外生殖器尖锐湿疣		7	体格检查
CV04.10.023	外阴及阴道检查结果代码表	2	滴虫性阴道炎		7	体格检查
CV04.10.023	外阴及阴道检查结果代码表	3	外阴阴道假丝酵母菌病		7	体格检查
CV04.10.023	外阴及阴道检查结果代码表	4	细菌性阴道病		7	体格检查
CV04.10.023	外阴及阴道检查结果代码表	5	黏液脓性宫颈炎		7	体格检查
CV04.10.023	外阴及阴道检查结果代码表	6	宫颈息肉		7	体格检查
CV04.10.023	外阴及阴道检查结果代码表	7	子宫肌瘤		7	体格检查
CV04.30.001	血吸虫患者肝实质纤维化程度代码表	1	Ⅰ级		8	临床辅助检查
CV04.30.001	血吸虫患者肝实质纤维化程度代码表	2	Ⅱ级		8	临床辅助检查
CV04.30.001	血吸虫患者肝实质纤维化程度代码表	3	Ⅲ级		8	临床辅助检查
CV04.30.001	血吸虫患者肝实质纤维化程度代码表	4	IV级		8	临床辅助检查
CV04.30.001	血吸虫患者肝实质纤维化程度代码表	5	0级		8	临床辅助检查
CV04.30.002	常用放射诊断检查技术编码表	B020ZYZZZ	颅脑CT普通扫描(平扫)		8	临床辅助检查
CV04.30.002	常用放射诊断检查技术编码表	B02010ZZZ	颅脑CT平扫加增强扫描		8	临床辅助检查
CV04.30.002	常用放射诊断检查技术编码表	B029ZYZZZ	垂体CT普通扫描(平扫)		8	临床辅助检查
CV04.30.002	常用放射诊断检查技术编码表	B02910ZZZ	垂体CT平扫加增强扫描		8	临床辅助检查
CV04.30.002	常用放射诊断检查技术编码表	B02CZYZZZ	内听道CT普通扫描(平扫)		8	临床辅助检查
CV04.30.002	常用放射诊断检查技术编码表	B02C10ZZZ	内听道CT平扫加增强扫描		8	临床辅助检查
CV04.30.002	常用放射诊断检查技术编码表	B030ZYZZZ	颅脑MRI普通扫描(平扫)		8	临床辅助检查
CV04.30.002	常用放射诊断检查技术编码表	B03050ZZZ	颅脑MRI平扫加增强扫描		8	临床辅助检查
CV04.30.002	常用放射诊断检查技术编码表	B039ZYZZZ	垂体MRI普通扫描(平扫)		8	临床辅助检查
CV04.30.002	常用放射诊断检查技术编码表	B03950ZZZ	垂体MRI平扫加增强扫描		8	临床辅助检查
CV04.30.002	常用放射诊断检查技术编码表	B03CZYZZZ	听神经MRI普通扫描(平扫)		8	临床辅助检查
CV04.30.002	常用放射诊断检查技术编码表	B03C50ZZZ	听神经MRI平扫加增强扫描		8	临床辅助检查
CV04.30.002	常用放射诊断检查技术编码表	B03DZYZZZ	三叉神经MRI普通扫描(平扫)		8	临床辅助检查
CV04.30.002	常用放射诊断检查技术编码表	B03D50ZZZ	三叉神经MRI平扫加增强扫描		8	临床辅助检查
CV04.30.002	常用放射诊断检查技术编码表	B03BZYZZZ	脊髓MRI普通扫描(平扫)		8	临床辅助检查
CV04.30.002	常用放射诊断检查技术编码表	B030ZGZZZ	颅脑MRI波谱成像(MRS)		8	临床辅助检查
CV04.30.002	常用放射诊断检查技术编码表	B0305FZZZ	颅脑MRI灌注成像		8	临床辅助检查
CV04.30.002	常用放射诊断检查技术编码表	B030ZHZZZ	颅脑MRI扩散加权成像		8	临床辅助检查
CV04.30.002	常用放射诊断检查技术编码表	B030ZJZZZ	颅脑MRI扩散张量成像		8	临床辅助检查
CV04.30.002	常用放射诊断检查技术编码表	B206ZZZZ1	X线心脏后前位		8	临床辅助检查
CV04.30.002	常用放射诊断检查技术编码表	B206ZZZ4Z	X线心脏左前斜位		8	临床辅助检查
CV04.30.002	常用放射诊断检查技术编码表	B2063ZZ5Z	X线心脏右前斜位(吞钡)		8	临床辅助检查
CV04.30.002	常用放射诊断检查技术编码表	B206ZZZZ6	X线心脏左侧位		8	临床辅助检查
CV04.30.002	常用放射诊断检查技术编码表	B206ZZZZ7	X线心脏右侧位		8	临床辅助检查
CV04.30.002	常用放射诊断检查技术编码表	B226ZYZZZ	心脏CT普通扫描		8	临床辅助检查
CV04.30.002	常用放射诊断检查技术编码表	B2261XZZZ	心脏CT增强扫描		8	临床辅助检查
CV04.30.002	常用放射诊断检查技术编码表	B2211WZZZ	心脏CT冠状动脉造影		8	临床辅助检查
CV04.30.002	常用放射诊断检查技术编码表	B236ZYZZZ	心脏MRI普通扫描		8	临床辅助检查
CV04.30.002	常用放射诊断检查技术编码表	B2365XZZZ	心脏MRI增强扫描		8	临床辅助检查
CV04.30.002	常用放射诊断检查技术编码表	B2365WZZZ	心脏MRI冠状动脉造影		8	临床辅助检查
CV04.30.002	常用放射诊断检查技术编码表	B32R1WZZZ	颅脑CT血管造影		8	临床辅助检查
CV04.30.002	常用放射诊断检查技术编码表	B3251WZZZ	颈部CT血管造影		8	临床辅助检查
CV04.30.002	常用放射诊断检查技术编码表	B3201WZZZ	胸部及纵膈血管CT血管造影		8	临床辅助检查
CV04.30.002	常用放射诊断检查技术编码表	B32G1WZZZ	椎动脉CT血管造影		8	临床辅助检查
CV04.30.002	常用放射诊断检查技术编码表	B32P1WZZZ	胸、腹主动脉CT血管造影		8	临床辅助检查
CV04.30.002	常用放射诊断检查技术编码表	B32W1WZZZ	肺动脉CT血管造影		8	临床辅助检查
CV04.30.002	常用放射诊断检查技术编码表	B32H1WZZZ	右侧上肢动脉CT血管造影		8	临床辅助检查
CV04.30.002	常用放射诊断检查技术编码表	B32J1WZZZ	左侧上肢动脉CT血管造影		8	临床辅助检查
CV04.30.002	常用放射诊断检查技术编码表	B33RZWZZZ	颅脑血管造影(不用造影剂)，MRI		8	临床辅助检查
CV04.30.002	常用放射诊断检查技术编码表	B33R5WZZZ	颅脑血管造影(用造影剂)，MRI		8	临床辅助检查
CV04.30.002	常用放射诊断检查技术编码表	B335ZWZZZ	颈动脉MRI血管造影(不用造影剂)		8	临床辅助检查
CV04.30.002	常用放射诊断检查技术编码表	B3355WZZZ	颈动脉MRI血管造影(用造影剂)		8	临床辅助检查
CV04.30.002	常用放射诊断检查技术编码表	B330ZWZZZ	胸部及纵膈血管MRI血管造影(不用造影剂)		8	临床辅助检查
CV04.30.002	常用放射诊断检查技术编码表	B3305WZZZ	胸部及纵膈血管MRI血管造影(用造影剂)		8	临床辅助检查
CV04.30.002	常用放射诊断检查技术编码表	B33GZWZZZ	椎动脉MRI血管造影(不用造影剂)		8	临床辅助检查
CV04.30.002	常用放射诊断检查技术编码表	B33PZWZZZ	胸、腹主动脉MRI血管造影(不用造影剂)		8	临床辅助检查
CV04.30.002	常用放射诊断检查技术编码表	B33WZWZZZ	肺动脉MRI血管造影(不用造影剂)		8	临床辅助检查
CV04.30.002	常用放射诊断检查技术编码表	B33HZWZZZ	右侧上肢动脉MRI血管造影(不用造影剂)		8	临床辅助检查
CV04.30.002	常用放射诊断检查技术编码表	B33JZWZZZ	左侧上肢动脉MRI血管造影(不用造影剂)		8	临床辅助检查
CV04.30.002	常用放射诊断检查技术编码表	B33G5WZZZ	椎动脉MRI血管造影(用造影剂)		8	临床辅助检查
CV04.30.002	常用放射诊断检查技术编码表	B33P5WZZZ	胸、腹主动脉MRI血管造影(用造影剂)		8	临床辅助检查
CV04.30.002	常用放射诊断检查技术编码表	B33W5WZZZ	肺动脉MRI血管造影(用造影剂)		8	临床辅助检查
CV04.30.002	常用放射诊断检查技术编码表	B33H5WZZZ	右侧上肢动脉MRI血管造影(用造影剂)		8	临床辅助检查
CV04.30.002	常用放射诊断检查技术编码表	B33J5WZZZ	左侧上肢动脉MRI血管造影(用造影剂)		8	临床辅助检查
CV04.30.002	常用放射诊断检查技术编码表	B4201WZZZ	腹主动脉CT造影		8	临床辅助检查
CV04.30.002	常用放射诊断检查技术编码表	B4211WZZZ	腹腔干 腹腔动脉CT造影		8	临床辅助检查
CV04.30.002	常用放射诊断检查技术编码表	B4221WZZZ	肝动脉CT造影		8	临床辅助检查
CV04.30.002	常用放射诊断检查技术编码表	B4231WZZZ	脾动脉CT造影		8	临床辅助检查
CV04.30.002	常用放射诊断检查技术编码表	B4241WZZZ	肠系膜上动脉CT造影		8	临床辅助检查
CV04.30.002	常用放射诊断检查技术编码表	B4251WZZZ	肠系膜下动脉CT造影		8	临床辅助检查
CV04.30.002	常用放射诊断检查技术编码表	B4281WZZZ	两侧肾动脉CT造影		8	临床辅助检查
CV04.30.002	常用放射诊断检查技术编码表	B42M1WZZZ	移植肾动脉CT造影		8	临床辅助检查
CV04.30.002	常用放射诊断检查技术编码表	B42P1WZZZ	髂动脉CT造影		8	临床辅助检查
CV04.30.002	常用放射诊断检查技术编码表	B42H1WZZZ	两侧下肢动脉CT造影		8	临床辅助检查
CV04.30.002	常用放射诊断检查技术编码表	B4305WZZZ	腹主动脉MRI造影(用造影剂)		8	临床辅助检查
CV04.30.002	常用放射诊断检查技术编码表	B4315WZZZ	腹腔干 腹腔动脉MRI造影(用造影剂)		8	临床辅助检查
CV04.30.002	常用放射诊断检查技术编码表	B4325WZZZ	肝动脉MRI造影(用造影剂)		8	临床辅助检查
CV04.30.002	常用放射诊断检查技术编码表	B4335WZZZ	脾动脉MRI造影(用造影剂)		8	临床辅助检查
CV04.30.002	常用放射诊断检查技术编码表	B4345WZZZ	肠系膜上动脉MRI造影(用造影剂)		8	临床辅助检查
CV04.30.002	常用放射诊断检查技术编码表	B4355WZZZ	肠系膜下动脉MRI造影(用造影剂)		8	临床辅助检查
CV04.30.002	常用放射诊断检查技术编码表	B4385WZZZ	两侧肾动脉MRI造影(用造影剂)		8	临床辅助检查
CV04.30.002	常用放射诊断检查技术编码表	B43M5WZZZ	移植肾动脉MRI造影(用造影剂)		8	临床辅助检查
CV04.30.002	常用放射诊断检查技术编码表	B43P5WZZZ	髂动脉MRI造影(用造影剂)		8	临床辅助检查
CV04.30.002	常用放射诊断检查技术编码表	B43H5WZZZ	两侧下肢动脉MRI造影(用造影剂)		8	临床辅助检查
CV04.30.002	常用放射诊断检查技术编码表	B430ZWZZZ	腹主动脉MRI造影(不用造影剂)		8	临床辅助检查
CV04.30.002	常用放射诊断检查技术编码表	B431ZWZZZ	腹腔干 腹腔动脉MRI造影(不用造影剂)		8	临床辅助检查
CV04.30.002	常用放射诊断检查技术编码表	B432ZWZZZ	肝动脉MRI造影(不用造影剂)		8	临床辅助检查
CV04.30.002	常用放射诊断检查技术编码表	B433ZWZZZ	脾动脉MRI造影(不用造影剂)		8	临床辅助检查
CV04.30.002	常用放射诊断检查技术编码表	B434ZWZZZ	肠系膜上动脉MRI造影(不用造影剂)		8	临床辅助检查
CV04.30.002	常用放射诊断检查技术编码表	B435ZWZZZ	肠系膜下动脉MRI造影(不用造影剂)		8	临床辅助检查
CV04.30.002	常用放射诊断检查技术编码表	B438ZWZZZ	两侧肾动脉MRI造影(不用造影剂)		8	临床辅助检查
CV04.30.002	常用放射诊断检查技术编码表	B43MZWZZZ	移植肾动脉MRI造影(不用造影剂)		8	临床辅助检查
CV04.30.002	常用放射诊断检查技术编码表	B43PZWZZZ	髂动脉MRI造影(不用造影剂)		8	临床辅助检查
CV04.30.002	常用放射诊断检查技术编码表	B43HZWZZZ	两侧下肢动脉MRI造影(不用造影剂)		8	临床辅助检查
CV04.30.002	常用放射诊断检查技术编码表	B50B0ZZZ	右侧X线下肢静脉造影		8	临床辅助检查
CV04.30.002	常用放射诊断检查技术编码表	B50C0ZZZ	左侧X线下肢静脉造影		8	临床辅助检查
CV04.30.002	常用放射诊断检查技术编码表	B50D0ZZZ	两侧X线下肢静脉造影		8	临床辅助检查
CV04.30.002	常用放射诊断检查技术编码表	B52T1WZZZ	门静脉和脾静脉CT血管造影		8	临床辅助检查
CV04.30.002	常用放射诊断检查技术编码表	B531Z	大脑和小脑静脉MRI成像（SWI）		8	临床辅助检查
CV04.30.002	常用放射诊断检查技术编码表	B532ZWZZZ	脑内静脉窦MRI成像		8	临床辅助检查
CV04.30.002	常用放射诊断检查技术编码表	B533ZWZZZ	右侧颈静脉MRI造影		8	临床辅助检查
CV04.30.002	常用放射诊断检查技术编码表	B534ZWZZZ	左侧颈静脉MRI造影		8	临床辅助检查
CV04.30.002	常用放射诊断检查技术编码表	B535ZWZZZ	两侧颈静脉MRI造影		8	临床辅助检查
CV04.30.002	常用放射诊断检查技术编码表	B538ZWZZZ	上腔静脉MRI造影		8	临床辅助检查
CV04.30.002	常用放射诊断检查技术编码表	B539ZWZZZ	下腔静脉MRI造影		8	临床辅助检查
CV04.30.002	常用放射诊断检查技术编码表	B5375WZZZ	门静脉和脾静脉MRI造影		8	临床辅助检查
CV04.30.002	常用放射诊断检查技术编码表	B53HZWZZZ	两侧盆（髂）静脉MRI造影		8	临床辅助检查
CV04.30.002	常用放射诊断检查技术编码表	B536ZWZZZ	右侧锁骨下静脉MRI造影		8	临床辅助检查
CV04.30.002	常用放射诊断检查技术编码表	B537ZWZZZ	左侧锁骨下静脉MRI造影		8	临床辅助检查
CV04.30.002	常用放射诊断检查技术编码表	B8020ZZZZ	X线泪管造影		8	临床辅助检查
CV04.30.002	常用放射诊断检查技术编码表	B835ZYZZZ	右眼部MRI普通扫描		8	临床辅助检查
CV04.30.002	常用放射诊断检查技术编码表	B83550ZZZ	右眼部MRI平扫加增强扫描		8	临床辅助检查
CV04.30.002	常用放射诊断检查技术编码表	B836ZYZZZ	左眼部MRI普通扫描		8	临床辅助检查
CV04.30.002	常用放射诊断检查技术编码表	B83650ZZZ	左眼部MRI平扫加增强扫描		8	临床辅助检查
CV04.30.002	常用放射诊断检查技术编码表	B837ZYZZZ	双眼部MRI普通扫描		8	临床辅助检查
CV04.30.002	常用放射诊断检查技术编码表	B83750ZZZ	双眼部MRI平扫加增强扫描		8	临床辅助检查
CV04.30.002	常用放射诊断检查技术编码表	B902AZZZZ	X线副鼻窦华氏位(Water)		8	临床辅助检查
CV04.30.002	常用放射诊断检查技术编码表	B902BZZZZ	X线副鼻窦柯氏位(Caldwell)		8	临床辅助检查
CV04.30.002	常用放射诊断检查技术编码表	B902ZZZ1Z	X线副鼻窦侧位		8	临床辅助检查
CV04.30.002	常用放射诊断检查技术编码表	B922ZYZZZ	CT鼻旁窦普通扫描(平扫)		8	临床辅助检查
CV04.30.002	常用放射诊断检查技术编码表	B92210ZZZ	CT鼻旁窦平扫加增强扫描		8	临床辅助检查
CV04.30.002	常用放射诊断检查技术编码表	B92BZYZZZ	唾液腺CT普通扫描(平扫)		8	临床辅助检查
CV04.30.002	常用放射诊断检查技术编码表	B92B10ZZZ	唾液腺CT平扫加增强扫描		8	临床辅助检查
CV04.30.002	常用放射诊断检查技术编码表	B92FZYZZZ	鼻咽部CT普通扫描(平扫)		8	临床辅助检查
CV04.30.002	常用放射诊断检查技术编码表	B92F10ZZZ	鼻咽部CT平扫加增强扫描		8	临床辅助检查
CV04.30.002	常用放射诊断检查技术编码表	B92JZYZZZ	喉部CT普通扫描(平扫)		8	临床辅助检查
CV04.30.002	常用放射诊断检查技术编码表	B92J10ZZZ	喉部CT平扫加增强扫描		8	临床辅助检查
CV04.30.002	常用放射诊断检查技术编码表	B930ZYZZZ	耳部MRI普通扫描		8	临床辅助检查
CV04.30.002	常用放射诊断检查技术编码表	B93050ZZZ	耳部MRI平扫加增强扫描		8	临床辅助检查
CV04.30.002	常用放射诊断检查技术编码表	B93FZYZZZ	鼻咽口咽部MRI普通扫描		8	临床辅助检查
CV04.30.002	常用放射诊断检查技术编码表	B93F50ZZZ	鼻咽口咽部MRI平扫加增强扫描		8	临床辅助检查
CV04.30.002	常用放射诊断检查技术编码表	B93JZYZZZ	喉部MRI普通扫描		8	临床辅助检查
CV04.30.002	常用放射诊断检查技术编码表	B93J50ZZZ	喉部MRI平扫加增强扫描		8	临床辅助检查
CV04.30.002	常用放射诊断检查技术编码表	BB04ZZZZ1	X线胸部后前位		8	临床辅助检查
CV04.30.002	常用放射诊断检查技术编码表	BB04ZZZ21	X线胸部侧卧后前位		8	临床辅助检查
CV04.30.002	常用放射诊断检查技术编码表	BB0GZZZZ0	X线胸部肺尖前后位		8	临床辅助检查
CV04.30.002	常用放射诊断检查技术编码表	BB04ZZZZ6	X线胸部左侧位		8	临床辅助检查
CV04.30.002	常用放射诊断检查技术编码表	BB04ZZZZ7	X线胸部右侧位		8	临床辅助检查
CV04.30.002	常用放射诊断检查技术编码表	BB04ZZZ4Z	X线胸部左前斜位		8	临床辅助检查
CV04.30.002	常用放射诊断检查技术编码表	BB04ZZZ5Z	X线胸部右前斜位		8	临床辅助检查
CV04.30.002	常用放射诊断检查技术编码表	BB04ZZZSZ	X线胸部前弓位		8	临床辅助检查
CV04.30.002	常用放射诊断检查技术编码表	BB24ZYZZZ	肺部CT普通扫描		8	临床辅助检查
CV04.30.002	常用放射诊断检查技术编码表	BB2410ZZZ	肺部CT平扫加增强扫描		8	临床辅助检查
CV04.30.002	常用放射诊断检查技术编码表	BB24ZBZZZ	肺部CT高分辨率扫描		8	临床辅助检查
CV04.30.002	常用放射诊断检查技术编码表	BB3CZYZZZ	纵膈MRI普通扫描		8	临床辅助检查
CV04.30.002	常用放射诊断检查技术编码表	BB3C50ZZZ	纵膈MRI平扫加增强扫描		8	临床辅助检查
CV04.30.002	常用放射诊断检查技术编码表	BD013ZZZZ	食道钡餐		8	临床辅助检查
CV04.30.002	常用放射诊断检查技术编码表	BD053ZZZZ	上消化道造影		8	临床辅助检查
CV04.30.002	常用放射诊断检查技术编码表	BD033Z3ZZ	小肠钡剂灌肠造影		8	临床辅助检查
CV04.30.002	常用放射诊断检查技术编码表	BD033Z2ZZ	口服钡餐+双向注气法小肠双对比造影		8	临床辅助检查
CV04.30.002	常用放射诊断检查技术编码表	BD033ZZZZ	口服钡餐追踪小肠造影		8	临床辅助检查
CV04.30.002	常用放射诊断检查技术编码表	BD043Z4ZZ	双对比结肠钡灌肠造影		8	临床辅助检查
CV04.30.002	常用放射诊断检查技术编码表	BD0433ZZZ	急诊结肠钡剂灌肠造影		8	临床辅助检查
CV04.30.002	常用放射诊断检查技术编码表	BD0C3ZZZZ	直肠排便钡剂造影		8	临床辅助检查
CV04.30.002	常用放射诊断检查技术编码表	BD0	结肠运行试验		8	临床辅助检查
CV04.30.002	常用放射诊断检查技术编码表	BD22ZYZZZ	胃普通扫描，CT		8	临床辅助检查
CV04.30.002	常用放射诊断检查技术编码表	BD2210ZZZ	胃平扫加增强扫描，CT		8	临床辅助检查
CV04.30.002	常用放射诊断检查技术编码表	BD29ZYZZZ	十二指肠普通扫描，CT		8	临床辅助检查
CV04.30.002	常用放射诊断检查技术编码表	BD2910ZZZ	十二指肠平扫加增强扫描，CT		8	临床辅助检查
CV04.30.002	常用放射诊断检查技术编码表	BD23ZYZZZ	小肠普通扫描，CT		8	临床辅助检查
CV04.30.002	常用放射诊断检查技术编码表	BD2310ZZZ	小肠平扫加增强扫描，CT		8	临床辅助检查
CV04.30.002	常用放射诊断检查技术编码表	BD24ZYZZZ	结肠普通扫描，CT		8	临床辅助检查
CV04.30.002	常用放射诊断检查技术编码表	BD241YZZZ	结肠平扫加增强扫描，CT		8	临床辅助检查
CV04.30.002	常用放射诊断检查技术编码表	BD2CZYZZZ	直肠普通扫描，CT		8	临床辅助检查
CV04.30.002	常用放射诊断检查技术编码表	BD2C1YZZZ	直肠平扫加增强扫描，CT		8	临床辅助检查
CV04.30.002	常用放射诊断检查技术编码表	BF000ZRZZ	经引流管(T字管)胆道造影		8	临床辅助检查
CV04.30.002	常用放射诊断检查技术编码表	BF000ZPZZ	经皮穿刺胆道造影		8	临床辅助检查
CV04.30.002	常用放射诊断检查技术编码表	BF00QZQZZ	经内镜逆行胆胰管造影		8	临床辅助检查
CV04.30.002	常用放射诊断检查技术编码表	BF25ZYZZZ	肝脏CT普通扫描		8	临床辅助检查
CV04.30.002	常用放射诊断检查技术编码表	BF251YZZZ	肝脏CT平扫加增强扫描		8	临床辅助检查
CV04.30.002	常用放射诊断检查技术编码表	BF27ZYZZZ	胰腺CT普通扫描		8	临床辅助检查
CV04.30.002	常用放射诊断检查技术编码表	BF271YZZZ	胰腺CT平扫加增强扫描		8	临床辅助检查
CV04.30.002	常用放射诊断检查技术编码表	BF22ZYZZZ	胆囊CT普通扫描		8	临床辅助检查
CV04.30.002	常用放射诊断检查技术编码表	BF221YZZZ	胆囊CT平扫加增强扫描		8	临床辅助检查
CV04.30.002	常用放射诊断检查技术编码表	BF2	口服CT胆囊造影		8	临床辅助检查
CV04.30.002	常用放射诊断检查技术编码表	BF26ZYZZZ	脾脏CT普通扫描		8	临床辅助检查
CV04.30.002	常用放射诊断检查技术编码表	BF261YZZZ	脾脏CT平扫加增强扫描		8	临床辅助检查
CV04.30.002	常用放射诊断检查技术编码表	BF35ZYZZZ	肝脏MRI普通扫描		8	临床辅助检查
CV04.30.002	常用放射诊断检查技术编码表	BF3550ZZZ	肝脏MRI平扫加增强扫描		8	临床辅助检查
CV04.30.002	常用放射诊断检查技术编码表	BF37ZYZZZ	胰腺MRI普通扫描		8	临床辅助检查
CV04.30.002	常用放射诊断检查技术编码表	BF3750ZZZ	胰腺MRI平扫加增强扫描		8	临床辅助检查
CV04.30.002	常用放射诊断检查技术编码表	BF34	胆囊、胆管和胰管MRI水成像(MRCP)		8	临床辅助检查
CV04.30.002	常用放射诊断检查技术编码表	BG20ZYZZZ	肾上腺CT普通扫描		8	临床辅助检查
CV04.30.002	常用放射诊断检查技术编码表	BG201YZZZ	肾上腺CT平扫加增强扫描		8	临床辅助检查
CV04.30.002	常用放射诊断检查技术编码表	BG24ZYZZZ	甲状腺CT普通扫描		8	临床辅助检查
CV04.30.002	常用放射诊断检查技术编码表	BG241YZZZ	甲状腺CT增强扫描		8	临床辅助检查
CV04.30.002	常用放射诊断检查技术编码表	BG3ZYZZZ	肾上腺MRI普通扫描		8	临床辅助检查
CV04.30.002	常用放射诊断检查技术编码表	BG350ZZZ	肾上腺MRI平扫加增强扫描		8	临床辅助检查
CV04.30.002	常用放射诊断检查技术编码表	BH01ZZZZG	左侧X线乳腺摄影		8	临床辅助检查
CV04.30.002	常用放射诊断检查技术编码表	BH00ZZZZG	右侧X线乳腺摄影		8	临床辅助检查
CV04.30.002	常用放射诊断检查技术编码表	BH02ZZZZG	双侧X线乳腺摄影		8	临床辅助检查
CV04.30.002	常用放射诊断检查技术编码表	BH010ZFZG	左侧乳腺导管造影		8	临床辅助检查
CV04.30.002	常用放射诊断检查技术编码表	BH000ZFZG	右侧乳腺导管造影		8	临床辅助检查
CV04.30.002	常用放射诊断检查技术编码表	BH020ZFZG	双侧乳腺导管造影		8	临床辅助检查
CV04.30.002	常用放射诊断检查技术编码表	BH32ZYZZZ	双侧乳腺MRI普通扫描		8	临床辅助检查
CV04.30.002	常用放射诊断检查技术编码表	BH325AZZZ	双侧乳腺MRI平扫加（动态）增强扫描		8	临床辅助检查
CV04.30.002	常用放射诊断检查技术编码表	BN00ZZZ11	X线头颅后前位		8	临床辅助检查
CV04.30.002	常用放射诊断检查技术编码表	BN00ZZZ1A	X线头颅侧位		8	临床辅助检查
CV04.30.002	常用放射诊断检查技术编码表	BN00ZZZ03	X线头颅前后轴位（头颅汤氏位）		8	临床辅助检查
CV04.30.002	常用放射诊断检查技术编码表	BN0MZZZ02	X线颅底轴位 submentovertical(SMV)		8	临床辅助检查
CV04.30.002	常用放射诊断检查技术编码表	BN0LZZZ1A	X线蝶鞍侧位 Sella Turcica		8	临床辅助检查
CV04.30.002	常用放射诊断检查技术编码表	BN0LZZZ11	X线蝶鞍后前位		8	临床辅助检查
CV04.30.002	常用放射诊断检查技术编码表	BN0LZZZ03	X线蝶鞍前后轴位		8	临床辅助检查
CV04.30.002	常用放射诊断检查技术编码表	BN03ZZZ11	X线眼眶后前位		8	临床辅助检查
CV04.30.002	常用放射诊断检查技术编码表	BN03ZZZ1A	X线眼眶侧位		8	临床辅助检查
CV04.30.002	常用放射诊断检查技术编码表	BN09ZZ51A	X线颞颌关节张口闭口位		8	临床辅助检查
CV04.30.002	常用放射诊断检查技术编码表	BN06ZZZ1A	X线下颌骨侧位		8	临床辅助检查
CV04.30.002	常用放射诊断检查技术编码表	BN04ZZZ1A	X线鼻骨侧位		8	临床辅助检查
CV04.30.002	常用放射诊断检查技术编码表	BN0PZZZFZ	X线颞骨乳突许氏位		8	临床辅助检查
CV04.30.002	常用放射诊断检查技术编码表	BN0PZZZDZ	X线颞骨乳突伦氏位		8	临床辅助检查
CV04.30.002	常用放射诊断检查技术编码表	BN0NZZZGZ	颞骨岩部轴位，X线		8	临床辅助检查
CV04.30.002	常用放射诊断检查技术编码表	BN0NZZZHZ	颞骨岩部后前斜位，X线		8	临床辅助检查
CV04.30.002	常用放射诊断检查技术编码表	BN0NZZZCZ	颞骨岩部前后位，X线		8	临床辅助检查
CV04.30.002	常用放射诊断检查技术编码表	BN0QZZZ00	颞骨茎突前后位，X线		8	临床辅助检查
CV04.30.002	常用放射诊断检查技术编码表	BN0QZZZ1A	颞骨茎突侧位(张口) ，X线		8	临床辅助检查
CV04.30.002	常用放射诊断检查技术编码表	BN25ZUZZZ	CT颅面骨薄层扫描(3D VR)		8	临床辅助检查
CV04.30.002	常用放射诊断检查技术编码表	BN26ZUZZZ	CT下颌骨薄层扫描(3D VR)		8	临床辅助检查
CV04.30.002	常用放射诊断检查技术编码表	BN2JZUZZZ	CT牙齿薄层扫描(3D VR)		8	临床辅助检查
CV04.30.002	常用放射诊断检查技术编码表	BN2LZYZZZ	CT蝶鞍普通扫描(平扫)		8	临床辅助检查
CV04.30.002	常用放射诊断检查技术编码表	BN2L10ZZZ	CT蝶鞍平扫加增强扫描		8	临床辅助检查
CV04.30.002	常用放射诊断检查技术编码表	BN23ZYZZZ	CT眼眶普通扫描(平扫)		8	临床辅助检查
CV04.30.002	常用放射诊断检查技术编码表	BN2310ZZZ	CT眼眶平扫加增强扫描		8	临床辅助检查
CV04.30.002	常用放射诊断检查技术编码表	BN2FZUZZZ	CT颞骨高分辨率扫描		8	临床辅助检查
CV04.30.002	常用放射诊断检查技术编码表	BN39ZYZZZ	颞下颌关节MRI普通扫描		8	临床辅助检查
CV04.30.002	常用放射诊断检查技术编码表	BP02ZZZ01	X线双侧胸锁关节后前位		8	临床辅助检查
CV04.30.002	常用放射诊断检查技术编码表	BP02ZZZ07	X线双侧胸锁关节后前斜位		8	临床辅助检查
CV04.30.002	常用放射诊断检查技术编码表	BP03ZZZ11	X线双侧肩锁关节后前位		8	临床辅助检查
CV04.30.002	常用放射诊断检查技术编码表	BP07ZZZ80	X线左侧肩胛骨前后位		8	临床辅助检查
CV04.30.002	常用放射诊断检查技术编码表	BP06ZZZ80	X线右侧肩胛骨前后位		8	临床辅助检查
CV04.30.002	常用放射诊断检查技术编码表	BP07ZZZZA	X线左侧肩胛骨侧位		8	临床辅助检查
CV04.30.002	常用放射诊断检查技术编码表	BP06ZZZZA	X线右侧肩胛骨侧位		8	临床辅助检查
CV04.30.002	常用放射诊断检查技术编码表	BP08ZZZ80	X线右侧肩关节前后位		8	临床辅助检查
CV04.30.002	常用放射诊断检查技术编码表	BP08ZZZ02	X线右侧肩关节仰卧轴位		8	临床辅助检查
CV04.30.002	常用放射诊断检查技术编码表	BP08ZZZZD	X线右侧肩关节穿胸位		8	临床辅助检查
CV04.30.002	常用放射诊断检查技术编码表	BP08ZZZVZ	X线右侧肩关节冈上肌出口位		8	临床辅助检查
CV04.30.002	常用放射诊断检查技术编码表	BP09ZZZ80	X线左侧肩关节前后位		8	临床辅助检查
CV04.30.002	常用放射诊断检查技术编码表	BP09ZZZ02	X线左侧肩关节仰卧轴位		8	临床辅助检查
CV04.30.002	常用放射诊断检查技术编码表	BP09ZZZZD	X线左侧肩关节穿胸位		8	临床辅助检查
CV04.30.002	常用放射诊断检查技术编码表	BP09ZZZVZ	X线左侧肩关节冈上肌出口位		8	临床辅助检查
CV04.30.002	常用放射诊断检查技术编码表	BP0AZZZ80	X线右侧肱骨前后位		8	临床辅助检查
CV04.30.002	常用放射诊断检查技术编码表	BP0AZZZ8A	X线右侧肱骨侧位		8	临床辅助检查
CV04.30.002	常用放射诊断检查技术编码表	BP0BZZZ80	X线左侧肱骨前后位		8	临床辅助检查
CV04.30.002	常用放射诊断检查技术编码表	BP0BZZZ8A	X线左侧肱骨侧位		8	临床辅助检查
CV04.30.002	常用放射诊断检查技术编码表	BP0GZZZZ0	X线右侧肘关节前后位		8	临床辅助检查
CV04.30.002	常用放射诊断检查技术编码表	BP0GZZZZA	X线右侧肘关节侧位		8	临床辅助检查
CV04.30.002	常用放射诊断检查技术编码表	BP0GZZZZ2	X线右侧肘关节轴位		8	临床辅助检查
CV04.30.002	常用放射诊断检查技术编码表	BP0HZZZZ0	X线左侧肘关节前后位		8	临床辅助检查
CV04.30.002	常用放射诊断检查技术编码表	BP0HZZZZA	X线左侧肘关节侧位		8	临床辅助检查
CV04.30.002	常用放射诊断检查技术编码表	BP0HZZZZ2	X线左侧肘关节轴位		8	临床辅助检查
CV04.30.002	常用放射诊断检查技术编码表	BP0JZZZZ0	X线右侧尺桡骨前后位		8	临床辅助检查
CV04.30.002	常用放射诊断检查技术编码表	BP0JZZZZA	X线右侧尺桡骨侧位		8	临床辅助检查
CV04.30.002	常用放射诊断检查技术编码表	BP0KZZZZ0	X线左侧尺桡骨前后位		8	临床辅助检查
CV04.30.002	常用放射诊断检查技术编码表	BP0KZZZZA	X线左侧尺桡骨侧位		8	临床辅助检查
CV04.30.002	常用放射诊断检查技术编码表	BP0LZZZZ1	X线右侧腕关节后前位		8	临床辅助检查
CV04.30.002	常用放射诊断检查技术编码表	BP0LZZZZA	X线右侧腕关节侧位		8	临床辅助检查
CV04.30.002	常用放射诊断检查技术编码表	BP0LZZZZ7	X线右侧腕关节后前斜位		8	临床辅助检查
CV04.30.002	常用放射诊断检查技术编码表	BP0LZZZZ2	X线右侧腕关节轴位		8	临床辅助检查
CV04.30.002	常用放射诊断检查技术编码表	BP0LZZZM1	X线右侧腕关节尺侧偏展位		8	临床辅助检查
CV04.30.002	常用放射诊断检查技术编码表	BP0KZZZZ1	X线左侧腕关节后前位		8	临床辅助检查
CV04.30.002	常用放射诊断检查技术编码表	BP0KZZZZA	X线左侧腕关节侧位		8	临床辅助检查
CV04.30.002	常用放射诊断检查技术编码表	BP0KZZZZ7	X线左侧腕关节后前斜位		8	临床辅助检查
CV04.30.002	常用放射诊断检查技术编码表	BP0KZZZZ2	X线左侧腕关节轴位		8	临床辅助检查
CV04.30.002	常用放射诊断检查技术编码表	BP0KZZZM1	X线左侧腕关节尺侧偏展位		8	临床辅助检查
CV04.30.002	常用放射诊断检查技术编码表	BP0NZZZZ1	X线右侧手后前位		8	临床辅助检查
CV04.30.002	常用放射诊断检查技术编码表	BP0NZZZZA	X线右侧手侧位		8	临床辅助检查
CV04.30.002	常用放射诊断检查技术编码表	BP0NZZZZ7	X线右侧手后前斜位		8	临床辅助检查
CV04.30.002	常用放射诊断检查技术编码表	BP0NZZZZ6	X线右侧手前后斜位		8	临床辅助检查
CV04.30.002	常用放射诊断检查技术编码表	BP0PZZZZ1	X线左侧手后前位		8	临床辅助检查
CV04.30.002	常用放射诊断检查技术编码表	BP0PZZZZA	X线左侧手侧位		8	临床辅助检查
CV04.30.002	常用放射诊断检查技术编码表	BP0PZZZZ7	X线左侧手后前斜位		8	临床辅助检查
CV04.30.002	常用放射诊断检查技术编码表	BP0PZZZZ6	X线左侧手前后斜位		8	临床辅助检查
CV04.30.002	常用放射诊断检查技术编码表	BP0WZZZ81	X线肋骨后前位		8	临床辅助检查
CV04.30.002	常用放射诊断检查技术编码表	BP0WZZZ80	X线肋骨前后位		8	临床辅助检查
CV04.30.002	常用放射诊断检查技术编码表	BP0WZZZ86	X线肋骨前后斜位		8	临床辅助检查
CV04.30.002	常用放射诊断检查技术编码表	BP0WZZZ87	X线肋骨后前斜位		8	临床辅助检查
CV04.30.002	常用放射诊断检查技术编码表	BP0XZZC81	X线右侧膈上肋骨后前位		8	临床辅助检查
CV04.30.002	常用放射诊断检查技术编码表	BP0XZZC80	X线右侧膈上肋骨前后位		8	临床辅助检查
CV04.30.002	常用放射诊断检查技术编码表	BP0XZZC86	X线右侧膈上肋骨前后斜位		8	临床辅助检查
CV04.30.002	常用放射诊断检查技术编码表	BP0XZZC87	X线右侧膈上肋骨后前斜位		8	临床辅助检查
CV04.30.002	常用放射诊断检查技术编码表	BP0YZZC81	X线左侧膈上肋骨后前位		8	临床辅助检查
CV04.30.002	常用放射诊断检查技术编码表	BP0YZZC80	X线左侧膈上肋骨前后位		8	临床辅助检查
CV04.30.002	常用放射诊断检查技术编码表	BP0YZZC86	X线左侧膈上肋骨前后斜位		8	临床辅助检查
CV04.30.002	常用放射诊断检查技术编码表	BP0YZZC87	X线左侧膈上肋骨后前斜位		8	临床辅助检查
CV04.30.002	常用放射诊断检查技术编码表	BP0XZZD81	X线右侧膈下肋骨后前位		8	临床辅助检查
CV04.30.002	常用放射诊断检查技术编码表	BP0XZZD80	X线右侧膈下肋骨前后位		8	临床辅助检查
CV04.30.002	常用放射诊断检查技术编码表	BP0XZZD86	X线右侧膈下肋骨前后斜位		8	临床辅助检查
CV04.30.002	常用放射诊断检查技术编码表	BP0XZZD87	X线右侧膈下肋骨后前斜位		8	临床辅助检查
CV04.30.002	常用放射诊断检查技术编码表	BP0YZZD81	X线左侧膈下肋骨后前位		8	临床辅助检查
CV04.30.002	常用放射诊断检查技术编码表	BP0YZZD80	X线左侧膈下肋骨前后位		8	临床辅助检查
CV04.30.002	常用放射诊断检查技术编码表	BP0YZZD86	X线左侧膈下肋骨前后斜位		8	临床辅助检查
CV04.30.002	常用放射诊断检查技术编码表	BP0YZZD87	X线左侧膈下肋骨后前斜位		8	临床辅助检查
CV04.30.002	常用放射诊断检查技术编码表	BP2NZUZZZ	右侧手CT薄层扫描(3D VR处理)		8	临床辅助检查
CV04.30.002	常用放射诊断检查技术编码表	BP2N10ZZZ	右侧手CT平扫加增强扫描		8	临床辅助检查
CV04.30.002	常用放射诊断检查技术编码表	BP2LZUZZZ	右侧腕关节CT薄层扫描(3D VR处理)		8	临床辅助检查
CV04.30.002	常用放射诊断检查技术编码表	BP2L10ZZZ	右侧腕关节CT平扫加增强扫描		8	临床辅助检查
CV04.30.002	常用放射诊断检查技术编码表	BP2GZUZZZ	右侧肘关节CT薄层扫描(3D VR处理)		8	临床辅助检查
CV04.30.002	常用放射诊断检查技术编码表	BP2G10ZZZ	右侧肘关节CT平扫加增强扫描		8	临床辅助检查
CV04.30.002	常用放射诊断检查技术编码表	BP28ZUZZZ	右侧肩关节CT薄层扫描(3D VR处理)		8	临床辅助检查
CV04.30.002	常用放射诊断检查技术编码表	BP2810ZZZ	右侧肩关节CT平扫加增强扫描		8	临床辅助检查
CV04.30.002	常用放射诊断检查技术编码表	BP2PZUZZZ	左侧手CT薄层扫描(3D VR处理)		8	临床辅助检查
CV04.30.002	常用放射诊断检查技术编码表	BP2P10ZZZ	左侧手平扫加CT增强扫描		8	临床辅助检查
CV04.30.002	常用放射诊断检查技术编码表	BP2MZUZZZ	左侧腕关节CT薄层扫描(3D VR处理)		8	临床辅助检查
CV04.30.002	常用放射诊断检查技术编码表	BP2M10ZZZ	左侧腕关节平扫加CT增强扫描		8	临床辅助检查
CV04.30.002	常用放射诊断检查技术编码表	BP2HZUZZZ	左侧肘关节CT薄层扫描(3D VR处理)		8	临床辅助检查
CV04.30.002	常用放射诊断检查技术编码表	BP2H10ZZZ	左侧肘关节CT平扫加增强扫描		8	临床辅助检查
CV04.30.002	常用放射诊断检查技术编码表	BP29ZUZZZ	左侧肩关节CT薄层扫描(3D VR处理)		8	临床辅助检查
CV04.30.002	常用放射诊断检查技术编码表	BP2910ZZZ	左侧肩关节CT平扫加增强扫描		8	临床辅助检查
CV04.30.002	常用放射诊断检查技术编码表	BP2J10ZZZ	右侧前臂CT平扫加增强扫描		8	临床辅助检查
CV04.30.002	常用放射诊断检查技术编码表	BP2E10ZZZ	右侧上臂CT平扫加增强扫描		8	临床辅助检查
CV04.30.002	常用放射诊断检查技术编码表	BP2K10ZZZ	左侧前臂CT平扫加增强扫描		8	临床辅助检查
CV04.30.002	常用放射诊断检查技术编码表	BP2F10ZZZ	左侧上臂CT平扫加增强扫描		8	临床辅助检查
CV04.30.002	常用放射诊断检查技术编码表	BP2JZUZZZ	右侧前臂CT薄层扫描(3D VR处理)		8	临床辅助检查
CV04.30.002	常用放射诊断检查技术编码表	BP2EZUZZZ	右侧上臂CT薄层扫描(3D VR处理)		8	临床辅助检查
CV04.30.002	常用放射诊断检查技术编码表	BP2KZUZZZ	左侧前臂CT薄层扫描(3D VR处理)		8	临床辅助检查
CV04.30.002	常用放射诊断检查技术编码表	BP2FZUZZZ	左侧上臂CT薄层扫描(3D VR处理)		8	临床辅助检查
CV04.30.002	常用放射诊断检查技术编码表	BP3NZYZZZ	右侧手MRI普通扫描		8	临床辅助检查
CV04.30.002	常用放射诊断检查技术编码表	BP3N50ZZZ	右侧手MRI平扫加增强扫描		8	临床辅助检查
CV04.30.002	常用放射诊断检查技术编码表	BP3LZYZZZ	右侧腕关节MRI普通扫描		8	临床辅助检查
CV04.30.002	常用放射诊断检查技术编码表	BP3L50ZZZ	右侧腕关节MRI平扫加增强扫描		8	临床辅助检查
CV04.30.002	常用放射诊断检查技术编码表	BP3GZYZZZ	右侧肘关节MRI普通扫描		8	临床辅助检查
CV04.30.002	常用放射诊断检查技术编码表	BP3G50ZZZ	右侧肘关节MRI平扫加增强扫描		8	临床辅助检查
CV04.30.002	常用放射诊断检查技术编码表	BP38ZYZZZ	右侧肩关节MRI普通扫描		8	临床辅助检查
CV04.30.002	常用放射诊断检查技术编码表	BP3850ZZZ	右侧肩关节MRI平扫加增强扫描		8	临床辅助检查
CV04.30.002	常用放射诊断检查技术编码表	BP3JZYZZZ	右侧前臂MRI普通扫描		8	临床辅助检查
CV04.30.002	常用放射诊断检查技术编码表	BP3J50ZZZ	右侧前臂MRI平扫加增强扫描		8	临床辅助检查
CV04.30.002	常用放射诊断检查技术编码表	BP3EZYZZZ	右侧上臂MRI普通扫描		8	临床辅助检查
CV04.30.002	常用放射诊断检查技术编码表	BP3E50ZZZ	右侧上臂MRI平扫加增强扫描		8	临床辅助检查
CV04.30.002	常用放射诊断检查技术编码表	BP3PZYZZZ	左侧手MRI普通扫描		8	临床辅助检查
CV04.30.002	常用放射诊断检查技术编码表	BP3P50ZZZ	左侧手MRI平扫加增强扫描		8	临床辅助检查
CV04.30.002	常用放射诊断检查技术编码表	BP3MZYZZZ	左侧腕关节MRI普通扫描		8	临床辅助检查
CV04.30.002	常用放射诊断检查技术编码表	BP3M50ZZZ	左侧腕关节MRI平扫加增强扫描		8	临床辅助检查
CV04.30.002	常用放射诊断检查技术编码表	BP3HZYZZZ	左侧肘关节MRI普通扫描		8	临床辅助检查
CV04.30.002	常用放射诊断检查技术编码表	BP3H50ZZZ	左侧肘关节MRI平扫加增强扫描		8	临床辅助检查
CV04.30.002	常用放射诊断检查技术编码表	BP39ZYZZZ	左侧肩关节MRI普通扫描		8	临床辅助检查
CV04.30.002	常用放射诊断检查技术编码表	BP3950ZZZ	左侧肩关节MRI平扫加增强扫描		8	临床辅助检查
CV04.30.002	常用放射诊断检查技术编码表	BP3KZYZZZ	左侧前臂MRI普通扫描		8	临床辅助检查
CV04.30.002	常用放射诊断检查技术编码表	BP3K50ZZZ	左侧前臂MRI平扫加增强扫描		8	临床辅助检查
CV04.30.002	常用放射诊断检查技术编码表	BP3FZYZZZ	左侧上臂MRI普通扫描		8	临床辅助检查
CV04.30.002	常用放射诊断检查技术编码表	BP3F50ZZZ	左侧上臂MRI平扫加增强扫描		8	临床辅助检查
CV04.30.002	常用放射诊断检查技术编码表	BQ02ZZZ00	双侧髋关节前后位		8	临床辅助检查
CV04.30.002	常用放射诊断检查技术编码表	BQ02ZZZT0	双侧髋关节(股骨颈)蛙形位		8	临床辅助检查
CV04.30.002	常用放射诊断检查技术编码表	BQ00ZZZZA	右侧髋关节侧位(股骨颈蛙形位)		8	临床辅助检查
CV04.30.002	常用放射诊断检查技术编码表	BQ01ZZZZA	左侧髋关节侧位(股骨颈蛙形位)		8	临床辅助检查
CV04.30.002	常用放射诊断检查技术编码表	BQ03ZZ800	右侧股骨前后位(近膝)		8	临床辅助检查
CV04.30.002	常用放射诊断检查技术编码表	BQ03ZZ900	右侧股骨前后位(近髋)		8	临床辅助检查
CV04.30.002	常用放射诊断检查技术编码表	BQ03ZZZZB	右侧股骨侧卧侧位		8	临床辅助检查
CV04.30.002	常用放射诊断检查技术编码表	BQ04ZZ800	左侧股骨前后位(近膝)		8	临床辅助检查
CV04.30.002	常用放射诊断检查技术编码表	BQ04ZZ900	左侧股骨前后位(近髋)		8	临床辅助检查
CV04.30.002	常用放射诊断检查技术编码表	BQ04ZZZZB	左侧股骨侧卧侧位		8	临床辅助检查
CV04.30.002	常用放射诊断检查技术编码表	BQ07ZZZ00	右侧膝关节前后位		8	临床辅助检查
CV04.30.002	常用放射诊断检查技术编码表	BQ07ZZZZA	右侧膝关节外侧位		8	临床辅助检查
CV04.30.002	常用放射诊断检查技术编码表	BQ0VZZZ11	右侧髌骨后前位		8	临床辅助检查
CV04.30.002	常用放射诊断检查技术编码表	BQ0VZZZZA	右侧髌骨外侧位		8	临床辅助检查
CV04.30.002	常用放射诊断检查技术编码表	BQ0VZZZZ2	右侧髌骨轴位		8	临床辅助检查
CV04.30.002	常用放射诊断检查技术编码表	BQ08ZZZ00	左侧膝关节前后位		8	临床辅助检查
CV04.30.002	常用放射诊断检查技术编码表	BQ08ZZZA	左侧膝关节外侧位		8	临床辅助检查
CV04.30.002	常用放射诊断检查技术编码表	BQ0WZZZ11	左侧髌骨后前位		8	临床辅助检查
CV04.30.002	常用放射诊断检查技术编码表	BQ0WZZZZA	左侧髌骨外侧位		8	临床辅助检查
CV04.30.002	常用放射诊断检查技术编码表	BQ0WZZZZ2	左侧髌骨轴位		8	临床辅助检查
CV04.30.002	常用放射诊断检查技术编码表	BQ0BZZZ00	右侧胫腓骨前后位		8	临床辅助检查
CV04.30.002	常用放射诊断检查技术编码表	BQ0BZZZZA	右侧胫腓骨侧位		8	临床辅助检查
CV04.30.002	常用放射诊断检查技术编码表	BQ0CZZZ00	左侧胫腓骨前后位		8	临床辅助检查
CV04.30.002	常用放射诊断检查技术编码表	BQ0CZZZZA	左侧胫腓骨侧位		8	临床辅助检查
CV04.30.002	常用放射诊断检查技术编码表	BQ0GZZZ00	右侧踝关节前后位		8	临床辅助检查
CV04.30.002	常用放射诊断检查技术编码表	BQ0GZZZZA	右侧踝关节外侧位		8	临床辅助检查
CV04.30.002	常用放射诊断检查技术编码表	BQ0HZZZ00	左侧踝关节前后位		8	临床辅助检查
CV04.30.002	常用放射诊断检查技术编码表	BQ0HZZZZA	左侧踝关节外侧位		8	临床辅助检查
CV04.30.002	常用放射诊断检查技术编码表	BQ0JZZZZ2	右侧跟骨轴位		8	临床辅助检查
CV04.30.002	常用放射诊断检查技术编码表	BQ0JZZZZA	右侧跟骨外侧位		8	临床辅助检查
CV04.30.002	常用放射诊断检查技术编码表	BQ0KZZZZ2	左侧跟骨轴位		8	临床辅助检查
CV04.30.002	常用放射诊断检查技术编码表	BQ0KZZZZA	左侧跟骨外侧位		8	临床辅助检查
CV04.30.002	常用放射诊断检查技术编码表	BQ0LZZZZ0	右侧足前后位		8	临床辅助检查
CV04.30.002	常用放射诊断检查技术编码表	BQ0LZZZN0	右侧足内斜位		8	临床辅助检查
CV04.30.002	常用放射诊断检查技术编码表	BQ0LZZZK0	右侧足外斜位		8	临床辅助检查
CV04.30.002	常用放射诊断检查技术编码表	BQ0LZZZZA	右侧足外侧位		8	临床辅助检查
CV04.30.002	常用放射诊断检查技术编码表	BQ0LZZGZA	右侧足负重侧位		8	临床辅助检查
CV04.30.002	常用放射诊断检查技术编码表	BQ0MZZZZ0	左侧足前后位		8	临床辅助检查
CV04.30.002	常用放射诊断检查技术编码表	BQ0MZZZN0	左侧足内斜位		8	临床辅助检查
CV04.30.002	常用放射诊断检查技术编码表	BQ0MZZZK0	左侧足外斜位		8	临床辅助检查
CV04.30.002	常用放射诊断检查技术编码表	BQ0MZZZZA	左侧足外侧位		8	临床辅助检查
CV04.30.002	常用放射诊断检查技术编码表	BQ0MZZGZA	左侧足负重侧位		8	临床辅助检查
CV04.30.002	常用放射诊断检查技术编码表	BQ2XZUZZZ	右侧足及踝关节CT薄层扫描(3D VR处理)		8	临床辅助检查
CV04.30.002	常用放射诊断检查技术编码表	BQ2X10ZZZ	右侧足及踝关节CT平扫加增强扫描		8	临床辅助检查
CV04.30.002	常用放射诊断检查技术编码表	BQ27ZUZZZ	右侧膝关节CT薄层扫描(3D VR处理)		8	临床辅助检查
CV04.30.002	常用放射诊断检查技术编码表	BQ2710ZZZ	右侧膝关节CT平扫加增强扫描		8	临床辅助检查
CV04.30.002	常用放射诊断检查技术编码表	BQ20ZUZZZ	右侧髋关节CT薄层扫描(3D VR处理)		8	临床辅助检查
CV04.30.002	常用放射诊断检查技术编码表	BQ2010ZZZ	右侧髋关节CT平扫加增强扫描		8	临床辅助检查
CV04.30.002	常用放射诊断检查技术编码表	BQ2YZUZZZ	左侧足及踝关节CT薄层扫描(3D VR处理)		8	临床辅助检查
CV04.30.002	常用放射诊断检查技术编码表	BQ2Y10ZZZ	左侧足及踝关节CT平扫加增强扫描		8	临床辅助检查
CV04.30.002	常用放射诊断检查技术编码表	BQ28ZUZZZ	左侧膝关节CT薄层扫描(3D VR处理)		8	临床辅助检查
CV04.30.002	常用放射诊断检查技术编码表	BQ2810ZZZ	左侧膝关节CT平扫加增强扫描		8	临床辅助检查
CV04.30.002	常用放射诊断检查技术编码表	BQ21ZUZZZ	左侧髋关节CT薄层扫描(3D VR处理)		8	临床辅助检查
CV04.30.002	常用放射诊断检查技术编码表	BQ2110ZZZ	左侧髋关节CT平扫加增强扫描		8	临床辅助检查
CV04.30.002	常用放射诊断检查技术编码表	BQ2DZUZZZ	右侧小腿CT薄层扫描(3D VR处理)		8	临床辅助检查
CV04.30.002	常用放射诊断检查技术编码表	BQ2D10ZZZ	右侧小腿CT平扫加增强扫描		8	临床辅助检查
CV04.30.002	常用放射诊断检查技术编码表	BQ2FZUZZZ	左侧小腿CT薄层扫描(3D VR处理)		8	临床辅助检查
CV04.30.002	常用放射诊断检查技术编码表	BQ2FZUZZZ	左侧小腿CT平扫加增强扫描		8	临床辅助检查
CV04.30.002	常用放射诊断检查技术编码表	BQ3XZYZZZ	右侧足及踝关节MRI普通扫描		8	临床辅助检查
CV04.30.002	常用放射诊断检查技术编码表	BQ3X50ZZZ	右侧足及踝关节MRI平扫加增强扫描		8	临床辅助检查
CV04.30.002	常用放射诊断检查技术编码表	BQ37ZYZZZ	右侧膝关节MRI普通扫描		8	临床辅助检查
CV04.30.002	常用放射诊断检查技术编码表	BQ3750ZZZ	右侧膝关节MRI平扫加增强扫描		8	临床辅助检查
CV04.30.002	常用放射诊断检查技术编码表	BQ30ZYZZZ	右侧髋关节MRI普通扫描		8	临床辅助检查
CV04.30.002	常用放射诊断检查技术编码表	BQ3050ZZZ	右侧髋关节MRI平扫加增强扫描		8	临床辅助检查
CV04.30.002	常用放射诊断检查技术编码表	BQ3YZYZZZ	左侧足及踝关节MRI普通扫描		8	临床辅助检查
CV04.30.002	常用放射诊断检查技术编码表	BQ3Y50ZZZ	左侧足及踝关节MRI平扫加增强扫描		8	临床辅助检查
CV04.30.002	常用放射诊断检查技术编码表	BQ38ZYZZZ	左侧膝关节MRI普通扫描		8	临床辅助检查
CV04.30.002	常用放射诊断检查技术编码表	BQ3850ZZZ	左侧膝关节MRI平扫加增强扫描		8	临床辅助检查
CV04.30.002	常用放射诊断检查技术编码表	BQ31ZYZZZ	左侧髋关节MRI普通扫描		8	临床辅助检查
CV04.30.002	常用放射诊断检查技术编码表	BQ3150ZZZ	左侧髋关节MRI平扫加增强扫描		8	临床辅助检查
CV04.30.002	常用放射诊断检查技术编码表	BQ3DZYZZZ	右侧小腿MRI普通扫描		8	临床辅助检查
CV04.30.002	常用放射诊断检查技术编码表	BQ3D50ZZZ	右侧小腿MRI平扫加增强扫描		8	临床辅助检查
CV04.30.002	常用放射诊断检查技术编码表	BQ3FZYZZZ	左侧小腿MRI普通扫描		8	临床辅助检查
CV04.30.002	常用放射诊断检查技术编码表	BQ3F50ZZZ	左侧小腿MRI平扫加增强扫描		8	临床辅助检查
CV04.30.002	常用放射诊断检查技术编码表	BR00ZZZZ0	X线颈椎前后位		8	临床辅助检查
CV04.30.002	常用放射诊断检查技术编码表	BR00ZZZ2Z	X线颈椎侧位		8	临床辅助检查
CV04.30.002	常用放射诊断检查技术编码表	BR00ZZZ5Z	X线颈椎右前斜位		8	临床辅助检查
CV04.30.002	常用放射诊断检查技术编码表	BR00ZZZ4Z	X线颈椎左前斜位		8	临床辅助检查
CV04.30.002	常用放射诊断检查技术编码表	BR00ZZZP2	X线颈椎过伸侧位		8	临床辅助检查
CV04.30.002	常用放射诊断检查技术编码表	BR00ZZZQ2	X线颈椎过屈侧位		8	临床辅助检查
CV04.30.002	常用放射诊断检查技术编码表	BR0LZZZR0	X线寰椎和枢椎前后张口位		8	临床辅助检查
CV04.30.002	常用放射诊断检查技术编码表	BR07ZZZZ0	X线胸椎前后位		8	临床辅助检查
CV04.30.002	常用放射诊断检查技术编码表	BR07ZZZ2Z	X线胸椎侧位		8	临床辅助检查
CV04.30.002	常用放射诊断检查技术编码表	BR09ZZZZ0	X线腰椎前后位		8	临床辅助检查
CV04.30.002	常用放射诊断检查技术编码表	BR09ZZZ2Z	X线腰椎侧位		8	临床辅助检查
CV04.30.002	常用放射诊断检查技术编码表	BR09ZZZ5Z	X线腰椎右前斜位		8	临床辅助检查
CV04.30.002	常用放射诊断检查技术编码表	BR09ZZZ6Z	X线腰椎左前斜位		8	临床辅助检查
CV04.30.002	常用放射诊断检查技术编码表	BR0FZZZZ0	X线骶尾椎前后位		8	临床辅助检查
CV04.30.002	常用放射诊断检查技术编码表	BR0FZZZ0Z	X线骶尾椎侧位		8	临床辅助检查
CV04.30.002	常用放射诊断检查技术编码表	BR0DZZZ00	X线骶髂关节前后位		8	临床辅助检查
CV04.30.002	常用放射诊断检查技术编码表	BR0DZZZ06	X线骶髂关节前后斜位		8	临床辅助检查
CV04.30.002	常用放射诊断检查技术编码表	BR0CZZZZ0	X线骨盆前后位		8	临床辅助检查
CV04.30.002	常用放射诊断检查技术编码表	BR0HZZZ17	X线胸骨后前斜位		8	临床辅助检查
CV04.30.002	常用放射诊断检查技术编码表	BR0HZZZ2Z	X线胸骨侧位		8	临床辅助检查
CV04.30.002	常用放射诊断检查技术编码表	BR20ZYZZZ	颈椎CT普通扫描		8	临床辅助检查
CV04.30.002	常用放射诊断检查技术编码表	BR21ZYZZZ	颈椎间盘CT普通扫描		8	临床辅助检查
CV04.30.002	常用放射诊断检查技术编码表	BR27ZYZZZ	胸椎CT普通扫描		8	临床辅助检查
CV04.30.002	常用放射诊断检查技术编码表	BR22ZYZZZ	胸椎间盘CT普通扫描		8	临床辅助检查
CV04.30.002	常用放射诊断检查技术编码表	BR29ZYZZZ	腰椎CT普通扫描		8	临床辅助检查
CV04.30.002	常用放射诊断检查技术编码表	BR23ZYZZZ	腰椎间盘CT普通扫描		8	临床辅助检查
CV04.30.002	常用放射诊断检查技术编码表	BR2FZYZZZ	骶尾椎CT普通扫描		8	临床辅助检查
CV04.30.002	常用放射诊断检查技术编码表	BR2CZUZZZ	骨盆CT薄层扫描(3D VR处理)		8	临床辅助检查
CV04.30.002	常用放射诊断检查技术编码表	BR2CZYZZZ	骨盆CT普通扫描		8	临床辅助检查
CV04.30.002	常用放射诊断检查技术编码表	BR2DZYZZZ	骶髂关节CT普通扫描		8	临床辅助检查
CV04.30.002	常用放射诊断检查技术编码表	BR30ZYZZZ	颈椎MRI普通扫描		8	临床辅助检查
CV04.30.002	常用放射诊断检查技术编码表	BR31ZYZZZ	颈椎间盘MRI普通扫描		8	临床辅助检查
CV04.30.002	常用放射诊断检查技术编码表	BR37ZYZZZ	胸椎MRI普通扫描		8	临床辅助检查
CV04.30.002	常用放射诊断检查技术编码表	BR32ZYZZZ	胸椎间盘MRI普通扫描		8	临床辅助检查
CV04.30.002	常用放射诊断检查技术编码表	BR39ZYZZZ	腰椎MRI普通扫描		8	临床辅助检查
CV04.30.002	常用放射诊断检查技术编码表	BR33ZYZZZ	腰椎间盘MRI普通扫描		8	临床辅助检查
CV04.30.002	常用放射诊断检查技术编码表	BR3FZYZZZ	骶尾椎MRI普通扫描		8	临床辅助检查
CV04.30.002	常用放射诊断检查技术编码表	BR3DZYZZZ	骶髂关节MRI普通扫描		8	临床辅助检查
CV04.30.002	常用放射诊断检查技术编码表	BT00ZZZZ	静脉肾盂造影(IVP)		8	临床辅助检查
CV04.30.002	常用放射诊断检查技术编码表	BTO0ZZZZ	膀胱造影		8	临床辅助检查
CV04.30.002	常用放射诊断检查技术编码表	BT05ZZZZ	男性尿道造影		8	临床辅助检查
CV04.30.002	常用放射诊断检查技术编码表	BT23ZYZZZ	肾脏CT普通扫描		8	临床辅助检查
CV04.30.002	常用放射诊断检查技术编码表	BT2310ZZZ	肾脏CT平扫加增强扫描		8	临床辅助检查
CV04.30.002	常用放射诊断检查技术编码表	BT28ZYZZZ	双侧输尿管CT普通扫描		8	临床辅助检查
CV04.30.002	常用放射诊断检查技术编码表	BT2810ZZZ	双侧输尿管CT平扫加增强扫描		8	临床辅助检查
CV04.30.002	常用放射诊断检查技术编码表	BT20ZYZZZ	膀胱CT普通扫描		8	临床辅助检查
CV04.30.002	常用放射诊断检查技术编码表	BT2010ZZZ	膀胱CT平扫加增强扫描		8	临床辅助检查
CV04.30.002	常用放射诊断检查技术编码表	BT33ZYZZZ	肾脏MRI普通扫描		8	临床辅助检查
CV04.30.002	常用放射诊断检查技术编码表	BT3350ZZZ	肾脏MRI平扫加增强扫描		8	临床辅助检查
CV04.30.002	常用放射诊断检查技术编码表	BT39ZYZZZ	移植肾MRI普通扫描		8	临床辅助检查
CV04.30.002	常用放射诊断检查技术编码表	BT39ZHZZZ	移植肾MRI DWI成像		8	临床辅助检查
CV04.30.002	常用放射诊断检查技术编码表	BU080ZZZZ	子宫、输卵管造影		8	临床辅助检查
CV04.30.002	常用放射诊断检查技术编码表	BU090ZZZZ	阴道造影		8	临床辅助检查
CV04.30.002	常用放射诊断检查技术编码表	BU3DZYZZZ	子宫及附件MRI普通扫描		8	临床辅助检查
CV04.30.002	常用放射诊断检查技术编码表	BU3D50ZZZ	子宫及附件MRI平扫加增强扫描		8	临床辅助检查
CV04.30.002	常用放射诊断检查技术编码表	BV29ZYZZZ	前列腺CT普通扫描		8	临床辅助检查
CV04.30.002	常用放射诊断检查技术编码表	BV2910ZZZ	前列腺CT平扫加增强扫描		8	临床辅助检查
CV04.30.002	常用放射诊断检查技术编码表	BV39ZYZZZ	前列腺MRI普通扫描		8	临床辅助检查
CV04.30.002	常用放射诊断检查技术编码表	BV3950ZZZ	前列腺MRI平扫加增强扫描		8	临床辅助检查
CV04.30.002	常用放射诊断检查技术编码表	BW00ZZZ00	X线全腹部仰卧前后位		8	临床辅助检查
CV04.30.002	常用放射诊断检查技术编码表	BW00ZZZ80	X线全腹部前后立位		8	临床辅助检查
CV04.30.002	常用放射诊断检查技术编码表	BW00ZZZ20	X线全腹部，侧卧水平前后位		8	临床辅助检查
CV04.30.002	常用放射诊断检查技术编码表	BW0QZZZ90	X线小儿腹部，倒立前后位		8	临床辅助检查
CV04.30.002	常用放射诊断检查技术编码表	BW2GZYZZZ	盆腔CT普通扫描		8	临床辅助检查
CV04.30.002	常用放射诊断检查技术编码表	BW2G10ZZZ	盆腔CT平扫加增强扫描		8	临床辅助检查
CV04.30.002	常用放射诊断检查技术编码表	BW2HZYZZZ	后腹膜区CT普通扫描		8	临床辅助检查
CV04.30.002	常用放射诊断检查技术编码表	BW2H10ZZZ	后腹膜区CT平扫加增强扫描		8	临床辅助检查
CV04.30.002	常用放射诊断检查技术编码表	BW25ZYZZZ	胸、腹、盆部CT普通扫描		8	临床辅助检查
CV04.30.002	常用放射诊断检查技术编码表	BW2510ZZZ	胸、腹、盆部CT平扫加增强扫描		8	临床辅助检查
CV04.30.002	常用放射诊断检查技术编码表	BW21ZYZZZ	腹盆部CT普通扫描		8	临床辅助检查
CV04.30.002	常用放射诊断检查技术编码表	BW2110ZZZ	腹盆部CT平扫加增强扫描		8	临床辅助检查
CV04.30.002	常用放射诊断检查技术编码表	BW23ZYZZZ	胸部CT普通扫描		8	临床辅助检查
CV04.30.002	常用放射诊断检查技术编码表	BW2310ZZZ	胸部CT平扫加增强扫描		8	临床辅助检查
CV04.30.002	常用放射诊断检查技术编码表	BW3GZYZZZ	盆腔MRI普通扫描		8	临床辅助检查
CV04.30.002	常用放射诊断检查技术编码表	BW3G50ZZZ	盆腔MRI平扫加增强扫描		8	临床辅助检查
CV04.30.002	常用放射诊断检查技术编码表	BW3MZYZZZ	臂丛神经MRI普通扫描		8	临床辅助检查
CV04.30.002	常用放射诊断检查技术编码表	BW33ZYZZZ	胸部MRI普通扫描		8	临床辅助检查
CV04.30.002	常用放射诊断检查技术编码表	BW3350ZZZ	胸部MRI平扫加增强扫描		8	临床辅助检查
CV04.50.001HBV	血清学检查阳性项目代码表	01	HBsAg		9	实验室检查
CV04.50.001HBV	血清学检查阳性项目代码表	02	抗-HBs		9	实验室检查
CV04.50.001HBV	血清学检查阳性项目代码表	03	HBeAg		9	实验室检查
CV04.50.001HBV	血清学检查阳性项目代码表	04	抗-HBe		9	实验室检查
CV04.50.001HBV	血清学检查阳性项目代码表	05	抗-HBc		9	实验室检查
CV04.50.001HBV	血清学检查阳性项目代码表	06	抗-HBc IgM		9	实验室检查
CV04.50.001HBV	血清学检查阳性项目代码表	07	HBV pre-S1		9	实验室检查
CV04.50.001HBV	血清学检查阳性项目代码表	99	其他		9	实验室检查
CV04.50.002HBV	基因分型代码表	01	A		9	实验室检查
CV04.50.002HBV	基因分型代码表	02	B		9	实验室检查
CV04.50.002HBV	基因分型代码表	03	C		9	实验室检查
CV04.50.002HBV	基因分型代码表	04	D		9	实验室检查
CV04.50.002HBV	基因分型代码表	05	E		9	实验室检查
CV04.50.002HBV	基因分型代码表	06	F		9	实验室检查
CV04.50.002HBV	基因分型代码表	07	G		9	实验室检查
CV04.50.002HBV	基因分型代码表	08	H		9	实验室检查
CV04.50.002HBV	基因分型代码表	09	I		9	实验室检查
CV04.50.003HBV	血清型代码表	01	ayw1		9	实验室检查
CV04.50.003HBV	血清型代码表	02	ayw2		9	实验室检查
CV04.50.003HBV	血清型代码表	03	ayw3		9	实验室检查
CV04.50.003HBV	血清型代码表	04	ayw4		9	实验室检查
CV04.50.003HBV	血清型代码表	05	ayr		9	实验室检查
CV04.50.003HBV	血清型代码表	06	adw2		9	实验室检查
CV04.50.003HBV	血清型代码表	07	adw4		9	实验室检查
CV04.50.003HBV	血清型代码表	08	adrq+		9	实验室检查
CV04.50.003HBV	血清型代码表	09	adrq-		9	实验室检查
CV04.50.004	耐药突变检测阳性项目代码表	01	rtM204I		9	实验室检查
CV04.50.004	耐药突变检测阳性项目代码表	02	rtM204V		9	实验室检查
CV04.50.004	耐药突变检测阳性项目代码表	03	rtL180M		9	实验室检查
CV04.50.004	耐药突变检测阳性项目代码表	04	rtN236T		9	实验室检查
CV04.50.004	耐药突变检测阳性项目代码表	05	rtA181V		9	实验室检查
CV04.50.004	耐药突变检测阳性项目代码表	06	rtA181T		9	实验室检查
CV04.50.004	耐药突变检测阳性项目代码表	07	rtT184A		9	实验室检查
CV04.50.004	耐药突变检测阳性项目代码表	08	rtT184G		9	实验室检查
CV04.50.004	耐药突变检测阳性项目代码表	09	rtT184I		9	实验室检查
CV04.50.004	耐药突变检测阳性项目代码表	10	rtT184S		9	实验室检查
CV04.50.004	耐药突变检测阳性项目代码表	11	rtS202G		9	实验室检查
CV04.50.004	耐药突变检测阳性项目代码表	12	rtS202I		9	实验室检查
CV04.50.004	耐药突变检测阳性项目代码表	99	其他		9	实验室检查
CV04.50.005ABO	血型代码表	1	A型		9	实验室检查
CV04.50.005ABO	血型代码表	2	B型		9	实验室检查
CV04.50.005ABO	血型代码表	3	O型		9	实验室检查
CV04.50.005ABO	血型代码表	4	AB型		9	实验室检查
CV04.50.005ABO	血型代码表	5	不详		9	实验室检查
CV04.50.006	采血方式代码表	1	针刺采血		9	实验室检查
CV04.50.006	采血方式代码表	2	静脉采血		9	实验室检查
CV04.50.006	采血方式代码表	3	动脉采血		9	实验室检查
CV04.50.006	采血方式代码表	4	伤口采血		9	实验室检查
CV04.50.006	采血方式代码表	9	其他		9	实验室检查
CV04.50.007	采血部位代码表	1	足跟		9	实验室检查
CV04.50.007	采血部位代码表	2	手指		9	实验室检查
CV04.50.007	采血部位代码表	3	股静脉		9	实验室检查
CV04.50.007	采血部位代码表	4	颈静脉		9	实验室检查
CV04.50.007	采血部位代码表	5	脐静脉		9	实验室检查
CV04.50.007	采血部位代码表	6	桡静脉		9	实验室检查
CV04.50.007	采血部位代码表	9	其他		9	实验室检查
CV04.50.008	新生儿疾病筛查项目代码表	1	先天性甲状腺功能减低症		9	实验室检查
CV04.50.008	新生儿疾病筛查项目代码表	2	苯丙酮尿症		9	实验室检查
CV04.50.008	新生儿疾病筛查项目代码表	3	6-磷酸葡萄糖脱氢酶缺乏症		9	实验室检查
CV04.50.008	新生儿疾病筛查项目代码表	4	先天性肾上腺皮质增生症		9	实验室检查
CV04.50.008	新生儿疾病筛查项目代码表	5	半乳糖血症		9	实验室检查
CV04.50.008	新生儿疾病筛查项目代码表	6	地中海贫血		9	实验室检查
CV04.50.008	新生儿疾病筛查项目代码表	9	其他		9	实验室检查
CV04.50.009	新生儿疾病筛查方法代码表	1	酶联免疫分析法		9	实验室检查
CV04.50.009	新生儿疾病筛查方法代码表	2	放射免疫分析法		9	实验室检查
CV04.50.009	新生儿疾病筛查方法代码表	3	免疫放射法		9	实验室检查
CV04.50.009	新生儿疾病筛查方法代码表	4	时间分辨荧光免疫分析法		9	实验室检查
CV04.50.009	新生儿疾病筛查方法代码表	5	酶荧光免疫分析法		9	实验室检查
CV04.50.009	新生儿疾病筛查方法代码表	6	细菌抑制法		9	实验室检查
CV04.50.009	新生儿疾病筛查方法代码表	9	其他		9	实验室检查
CV04.50.010	阴道分泌物清洁度代码表	1	Ⅰ度		9	实验室检查
CV04.50.010	阴道分泌物清洁度代码表	2	Ⅱ度		9	实验室检查
CV04.50.010	阴道分泌物清洁度代码表	3	Ⅲ度		9	实验室检查
CV04.50.010	阴道分泌物清洁度代码表	4	Ⅳ度		9	实验室检查
CV04.50.011	阴道细胞学诊断结果代码表	1	巴氏分类法		9	实验室检查
CV04.50.011	阴道细胞学诊断结果代码表	11	巴氏Ⅰ级		9	实验室检查
CV04.50.011	阴道细胞学诊断结果代码表	12	巴氏Ⅱ级		9	实验室检查
CV04.50.011	阴道细胞学诊断结果代码表	13	巴氏Ⅲ级		9	实验室检查
CV04.50.011	阴道细胞学诊断结果代码表	14	巴氏Ⅳ级		9	实验室检查
CV04.50.011	阴道细胞学诊断结果代码表	15	巴氏Ⅴ级		9	实验室检查
CV04.50.011	阴道细胞学诊断结果代码表	2	TBS分类法		9	实验室检查
CV04.50.011	阴道细胞学诊断结果代码表	21	良性细胞学改变		9	实验室检查
CV04.50.011	阴道细胞学诊断结果代码表	22	鳞状上皮细胞异常		9	实验室检查
CV04.50.011	阴道细胞学诊断结果代码表	23	腺上皮细胞改变		9	实验室检查
CV04.50.011	阴道细胞学诊断结果代码表	24	其他恶性肿瘤		9	实验室检查
CV04.50.012	妊娠诊断方法代码表	1	尿HCG		9	实验室检查
CV04.50.012	妊娠诊断方法代码表	2	血HCG		9	实验室检查
CV04.50.012	妊娠诊断方法代码表	3	B超		9	实验室检查
CV04.50.012	妊娠诊断方法代码表	9	其他		9	实验室检查
CV04.50.013	药敏试验结果代码表	1	耐药		9	实验室检查
CV04.50.013	药敏试验结果代码表	2	敏感		9	实验室检查
CV04.50.013	药敏试验结果代码表	3	污染		9	实验室检查
CV04.50.013	药敏试验结果代码表	4	未做		9	实验室检查
CV04.50.014	痰检培养结果代码表	1	阳性	痰标本培养结果阳性	9	实验室检查
CV04.50.014	痰检培养结果代码表	2	阴性	痰标本培养结果阴性	9	实验室检查
CV04.50.014	痰检培养结果代码表	3	污染	痰标本被其他病原菌污染	9	实验室检查
CV04.50.014	痰检培养结果代码表	4	未查	未进行痰检	9	实验室检查
CV04.50.015	尿实验室定性检测结果代码表	01	-		9	实验室检查
CV04.50.015	尿实验室定性检测结果代码表	02	±		9	实验室检查
CV04.50.015	尿实验室定性检测结果代码表	03	+		9	实验室检查
CV04.50.015	尿实验室定性检测结果代码表	04	++		9	实验室检查
CV04.50.015	尿实验室定性检测结果代码表	05	+++		9	实验室检查
CV04.50.015	尿实验室定性检测结果代码表	06	++++		9	实验室检查
CV04.50.015	尿实验室定性检测结果代码表	07	++++以上		9	实验室检查
CV04.50.016	血吸虫病虫卵检查方法代码表	1	粪便检查		9	实验室检查
CV04.50.016	血吸虫病虫卵检查方法代码表	11	尼龙绢袋集卵孵化法		9	实验室检查
CV04.50.016	血吸虫病虫卵检查方法代码表	12	改良加藤厚涂片法		9	实验室检查
CV04.50.016	血吸虫病虫卵检查方法代码表	13	集卵透明法		9	实验室检查
CV04.50.016	血吸虫病虫卵检查方法代码表	2	直肠活组织检查		9	实验室检查
CV04.50.016	血吸虫病虫卵检查方法代码表	9	其他		9	实验室检查
CV04.50.017	血吸虫病检测方法代码表	1	粪检血吸虫虫卵		9	实验室检查
CV04.50.017	血吸虫病检测方法代码表	2	血检血吸虫病抗体		9	实验室检查
CV04.50.017	血吸虫病检测方法代码表	3	直肠镜活检血吸虫虫卵		9	实验室检查
CV04.50.017	血吸虫病检测方法代码表	4	粪检血吸虫虫卵+血检血吸虫病抗体		9	实验室检查
CV04.50.017	血吸虫病检测方法代码表	5	血检血吸虫病抗体+直肠镜活检血吸虫虫卵		9	实验室检查
CV04.50.017	血吸虫病检测方法代码表	6	粪检血吸虫虫卵+直肠镜活检血吸虫虫卵		9	实验室检查
CV04.50.017	血吸虫病检测方法代码表	9	其他		9	实验室检查
CV04.50.018	血吸虫病抗体检测方法代码表	1	间接红细胞凝集试验（IHA）		9	实验室检查
CV04.50.018	血吸虫病抗体检测方法代码表	2	酶联免疫吸附试验（ELISA）		9	实验室检查
CV04.50.018	血吸虫病抗体检测方法代码表	3	环卵沉淀试验（COPT）		9	实验室检查
CV04.50.018	血吸虫病抗体检测方法代码表	4	胶体染料试纸条试验（DDIA）		9	实验室检查
CV04.50.018	血吸虫病抗体检测方法代码表	5	斑点金免疫渗滤试验（DIGFA）		9	实验室检查
CV04.50.018	血吸虫病抗体检测方法代码表	6	皮内试验（ID）		9	实验室检查
CV04.50.018	血吸虫病抗体检测方法代码表	9	其他		9	实验室检查
CV04.50.019	阴道分泌物检查结果代码表	1	正常		9	实验室检查
CV04.50.019	阴道分泌物检查结果代码表	2	异味		9	实验室检查
CV04.50.019	阴道分泌物检查结果代码表	3	血性		9	实验室检查
CV04.50.019	阴道分泌物检查结果代码表	4	脓性		9	实验室检查
CV04.50.019	阴道分泌物检查结果代码表	5	泡沫样		9	实验室检查
CV04.50.019	阴道分泌物检查结果代码表	6	豆渣样		9	实验室检查
CV04.50.019	阴道分泌物检查结果代码表	9	其他		9	实验室检查
CV04.50.020	输血品种代码表	1	红细胞		9	实验室检查
CV04.50.020	输血品种代码表	11	浓缩红细胞		9	实验室检查
CV04.50.020	输血品种代码表	12	滤白红细胞		9	实验室检查
CV04.50.020	输血品种代码表	13	红细胞悬液		9	实验室检查
CV04.50.020	输血品种代码表	14	洗涤红细胞		9	实验室检查
CV04.50.020	输血品种代码表	15	冰冻红细胞		9	实验室检查
CV04.50.020	输血品种代码表	16	冰冻解冻去甘油红细胞		9	实验室检查
CV04.50.020	输血品种代码表	17	Rh阴性悬浮红细胞		9	实验室检查
CV04.50.020	输血品种代码表	2	全血		9	实验室检查
CV04.50.020	输血品种代码表	21	滤白全血		9	实验室检查
CV04.50.020	输血品种代码表	22	重组全血		9	实验室检查
CV04.50.020	输血品种代码表	23	Rh阴性全血		9	实验室检查
CV04.50.020	输血品种代码表	3	血小板		9	实验室检查
CV04.50.020	输血品种代码表	31	手工分离浓缩血小板		9	实验室检查
CV04.50.020	输血品种代码表	32	机采血小板		9	实验室检查
CV04.50.020	输血品种代码表	33	滤白机采血小板		9	实验室检查
CV04.50.020	输血品种代码表	34	冷冻机采血小板		9	实验室检查
CV04.50.020	输血品种代码表	4	血浆		9	实验室检查
CV04.50.020	输血品种代码表	41	新鲜液体血浆		9	实验室检查
CV04.50.020	输血品种代码表	42	新鲜冰冻血浆		9	实验室检查
CV04.50.020	输血品种代码表	43	普通冰冻血浆		9	实验室检查
CV04.50.020	输血品种代码表	44	滤白病毒灭活冰冻血浆		9	实验室检查
CV04.50.020	输血品种代码表	45	滤白新鲜冰冻血浆		9	实验室检查
CV04.50.020	输血品种代码表	46	滤白普通冰冻血浆		9	实验室检查
CV04.50.020	输血品种代码表	5	冷沉淀		9	实验室检查
CV04.50.020	输血品种代码表	51	滤白冷沉淀		9	实验室检查
CV04.50.020	输血品种代码表	6	机采浓缩白细胞悬液		9	实验室检查
CV04.50.020	输血品种代码表	9	其他		9	实验室检查
