sup_code	sup_name	sup_type	src_catalog
GYS0000001	3M中国有限公司	生产企业	consumable
GYS0000002	A&Z Pharmaceutical,Inc.	生产企业/上市许可持有人	drug
GYS0000003	A. Menarini GmbH	生产企业/上市许可持有人	drug
GYS0000004	A.Menarini Industrie Farmaceutiche Riunite S.r.l.	生产企业/上市许可持有人	drug
GYS0000005	A.Menarini Manufacturing Logistics and Services S.r.l.	生产企业	drug
GYS0000006	ABBOTT LABORATORIES (M) SDN.BHD	生产企业/上市许可持有人	drug
GYS0000007	ABBOTT LABORATORIES B.V.	生产企业/上市许可持有人	drug
GYS0000008	ABBOTT LABORATORIES DE MEXICO, S. A. DE C.V.	生产企业/上市许可持有人	drug
GYS0000009	ABBOTT LABORATORIES LIMITED	生产企业/上市许可持有人	drug
GYS0000010	ABC Farmaceutici SPA	生产企业/上市许可持有人	drug
GYS0000011	ADARE PHARMACEUTICALS SAS	生产企业/上市许可持有人	drug
GYS0000012	ADDENDA PHARMACEUTICALS S.R.L.	生产企业/上市许可持有人	drug
GYS0000013	AESICA PHARMACEUTICALS S.r.l.	生产企业	drug
GYS0000014	ALFASIGMA S.p.A	生产企业/上市许可持有人	drug
GYS0000015	ALFASIGMA S.p.A.	生产企业/上市许可持有人	drug
GYS0000016	ALK-ABELLO,S.A.	生产企业	drug
GYS0000017	ALK-Abello A/S	生产企业/上市许可持有人	drug
GYS0000018	ALMIRALL, S. A.	生产企业/上市许可持有人	drug
GYS0000019	ALMIRALL, S.A.	生产企业/上市许可持有人	drug
GYS0000020	ALMIRALL,S.A.	生产企业/上市许可持有人	drug
GYS0000021	APOGEPHA Arzneimittel GmbH	生产企业/上市许可持有人	drug
GYS0000022	AZ. CHIM. RIUN. ANGELINI FRANCESCO A.C.R.A.F. S.P.A.	生产企业/上市许可持有人	drug
GYS0000023	AZ.CHIM.RIUN.ANGELINI FRANCESCO ACRAF S.P.A.	生产企业/上市许可持有人	drug
GYS0000024	AbbVie Corporation	生产企业/上市许可持有人	drug
GYS0000025	AbbVie Deutschland GmbH & Co. KG	上市许可持有人	drug
GYS0000026	AbbVie Deutschland GmbH & Co.KG	生产企业/上市许可持有人	drug
GYS0000027	AbbVie Inc.	生产企业/上市许可持有人	drug
GYS0000028	AbbVie Limited	生产企业/上市许可持有人	drug
GYS0000029	AbbVie Ltd	生产企业/上市许可持有人	drug
GYS0000030	AbbVie Pte. Ltd.	生产企业/上市许可持有人	drug
GYS0000031	AbbVie S.R.L.	生产企业/上市许可持有人	drug
GYS0000032	Abbott B.V.	生产企业/上市许可持有人	drug
GYS0000033	Abbott Healthcare Products B. V.	生产企业/上市许可持有人	drug
GYS0000034	Abbott Healthcare SAS	生产企业	drug
GYS0000035	Abbott Laboratories (Singapore) Private Limited	生产企业/上市许可持有人	drug
GYS0000036	Abbott Laboratories GmbH	生产企业/上市许可持有人	drug
GYS0000037	Abbvie Deutschland GmbH & Co. KG	生产企业	drug
GYS0000038	Acrotech Biopharma, LLC	生产企业/上市许可持有人	drug
GYS0000039	Actavis Group PTC ehf	生产企业/上市许可持有人	drug
GYS0000040	Actelion Pharmaceuticals Ltd	生产企业/上市许可持有人	drug
GYS0000041	Advance Pharmaceutical Co., Ltd.	生产企业	drug
GYS0000042	Aenova IP GmbH	生产企业/上市许可持有人	drug
GYS0000043	Aesica Queenborough Limited	生产企业	drug
GYS0000044	AiPing Pharmaceutical, Inc.	生产企业/上市许可持有人	drug
GYS0000045	AkaRx Inc.	生产企业/上市许可持有人	drug
GYS0000046	Alcon Laboratories, Inc.	生产企业/上市许可持有人	drug
GYS0000047	Alcon Laboratories,Inc	生产企业/上市许可持有人	drug
GYS0000048	Alcon NV	生产企业/上市许可持有人	drug
GYS0000049	Alcon Research LLC	生产企业	drug
GYS0000050	Alexion Europe SAS	生产企业/上市许可持有人	drug
GYS0000051	Alinamin Pharmaceutical Co., Ltd.	生产企业/上市许可持有人	drug
GYS0000052	Alkermes,Inc.	生产企业	drug
GYS0000053	Allergan Inc.	生产企业/上市许可持有人	drug
GYS0000054	Allergan Pharmaceuticals Ireland	生产企业/上市许可持有人	drug
GYS0000055	Allergopharma GmbH & Co. KG	生产企业/上市许可持有人	drug
GYS0000056	Almac Pharma Services Limited	生产企业	drug
GYS0000057	Alphapharm Pty Limited	生产企业/上市许可持有人	drug
GYS0000058	Amarin Pharmaceuticals lreland Ltd.	生产企业/上市许可持有人	drug
GYS0000059	Amdipharm Limited	生产企业/上市许可持有人	drug
GYS0000060	Amgen Europe B.V.	生产企业/上市许可持有人	drug
GYS0000061	Amgen Europe B.V., The Netherlands	生产企业/上市许可持有人	drug
GYS0000062	Amgen Inc.	生产企业/上市许可持有人	drug
GYS0000063	Amneal Pharmaceuticals Private Limited	生产企业/上市许可持有人	drug
GYS0000064	Anacor Pharmaceuticals, Inc.	生产企业/上市许可持有人	drug
GYS0000065	Antibióticos do Brasil Ltda.	生产企业/上市许可持有人	drug
GYS0000066	Asahi Kasei Pharma Corporation	生产企业/上市许可持有人	drug
GYS0000067	Asahi Kasei Pharma Corporation, Nagoya Pharmaceuticals Plant	生产企业	drug
GYS0000068	Aspen Pharma Trading Limited	生产企业/上市许可持有人	drug
GYS0000069	Aspen Pharmacare Australia Pty Ltd	生产企业/上市许可持有人	drug
GYS0000070	Astellas Pharma Co. Ltd.	生产企业/上市许可持有人	drug
GYS0000071	Astellas Pharma Co.Ltd.	生产企业/上市许可持有人	drug
GYS0000072	Astellas Pharma Europe B.V.	生产企业/上市许可持有人	drug
GYS0000073	Astellas Pharma Inc.	生产企业/上市许可持有人	drug
GYS0000074	AstraZeneca AB	生产企业/上市许可持有人	drug
GYS0000075	AstraZeneca AG	生产企业/上市许可持有人	drug
GYS0000076	AstraZeneca Pharmaceuticals LP	生产企业	drug
GYS0000077	AstraZeneca Pty Ltd	生产企业/上市许可持有人	drug
GYS0000078	AstraZeneca UK Limite	生产企业/上市许可持有人	drug
GYS0000079	Astrazeneca UK Limited	上市许可持有人	drug
GYS0000080	Astrazeneca UK limited	生产企业	drug
GYS0000081	Atlantic Laboratories Corporation, Ltd.	生产企业/上市许可持有人	drug
GYS0000082	Atnahs Pharma UK Limited	生产企业/上市许可持有人	drug
GYS0000083	Aucta Pharmaceuticals, Inc.	生产企业/上市许可持有人	drug
GYS0000084	Aurobindo Pharma Limited	生产企业/上市许可持有人	drug
GYS0000085	B.Braun Melsungen AG	生产企业/上市许可持有人	drug
GYS0000086	BAXTER S.A.S	生产企业/上市许可持有人	drug
GYS0000087	BEECHAM GROUP PLC	生产企业/上市许可持有人	drug
GYS0000088	BIO-RAD	生产企业/上市许可持有人	drug
GYS0000089	BIOCODEX	生产企业/上市许可持有人	drug
GYS0000090	BIONORICA SE	生产企业/上市许可持有人	drug
GYS0000091	BIOTON S.A.	生产企业/上市许可持有人	drug
GYS0000092	BRIGHT FUTURE PHARMACEUTICAL LABORATORIES LIMITED	生产企业/上市许可持有人	drug
GYS0000093	BRISTOL-MYERS SQUIBB (SINGAPORE) PTE. LTD.	生产企业/上市许可持有人	drug
GYS0000094	Basilea Pharmaceutica Deutschland GmbH	生产企业/上市许可持有人	drug
GYS0000095	Bausch & Lomb Incorporated	生产企业/上市许可持有人	drug
GYS0000096	Baxalta US Inc.	生产企业/上市许可持有人	drug
GYS0000097	Baxter Healthcare Corporation	生产企业/上市许可持有人	drug
GYS0000098	Baxter Holding B.V.	生产企业/上市许可持有人	drug
GYS0000099	Baxter Oncology GmbH	生产企业/上市许可持有人	drug
GYS0000100	Baxter S.A.	生产企业/上市许可持有人	drug
GYS0000101	Bayer (South East Asia) Pte Ltd	生产企业/上市许可持有人	drug
GYS0000102	Bayer AG	生产企业/上市许可持有人	drug
GYS0000103	Bayer Australia Ltd	生产企业/上市许可持有人	drug
GYS0000104	Bayer HealthCare LLC	生产企业/上市许可持有人	drug
GYS0000105	Bayer HealthCare Pharmaceuticals Inc.	生产企业/上市许可持有人	drug
GYS0000106	Bayer Inc.	生产企业/上市许可持有人	drug
GYS0000107	Bayer Oy	生产企业/上市许可持有人	drug
GYS0000108	Bayer Pharma AG	生产企业	drug
GYS0000109	Bayer S.A.	生产企业/上市许可持有人	drug
GYS0000110	Bayer S.p.A	生产企业/上市许可持有人	drug
GYS0000111	Bayer S.p.A.	生产企业/上市许可持有人	drug
GYS0000112	Bayer Vital GmbH	生产企业/上市许可持有人	drug
GYS0000113	Bayer Vital GmbH(Bayer AG)	生产企业	drug
GYS0000114	Bayer Yakuhin, Ltd.	生产企业/上市许可持有人	drug
GYS0000115	Beaufour Ipsen Industrie	生产企业	drug
GYS0000116	Berlin-Chemie AG	生产企业/上市许可持有人	drug
GYS0000117	Besins Healthcare Benelux	生产企业/上市许可持有人	drug
GYS0000118	Besins Healthcare S.A.	生产企业/上市许可持有人	drug
GYS0000119	Bio Products Laboratory Limited	生产企业/上市许可持有人	drug
GYS0000120	BioMarin International Limited	生产企业/上市许可持有人	drug
GYS0000121	Biocon Pharma Limited	生产企业/上市许可持有人	drug
GYS0000122	Biogen Netherlands B.V.	生产企业/上市许可持有人	drug
GYS0000123	Biomedica Foscama Industria Chimico Farmaceutica S.p.A.	生产企业/上市许可持有人	drug
GYS0000124	Bioprojet Pharma	生产企业/上市许可持有人	drug
GYS0000125	Biotest Pharma GmbH	生产企业/上市许可持有人	drug
GYS0000126	Bioverativ Therapeutics, Inc	生产企业/上市许可持有人	drug
GYS0000127	Blueprint Medicines Corporation	生产企业/上市许可持有人	drug
GYS0000128	Boehringer Ingelheim (Schweiz) GmbH	生产企业	drug
GYS0000129	Boehringer Ingelheim Espana, S.A.	生产企业	drug
GYS0000130	Boehringer Ingelheim France	生产企业	drug
GYS0000131	Boehringer Ingelheim International GmbH	生产企业/上市许可持有人	drug
GYS0000132	Boehringer Ingelheim Pharma GmbH & Co. KG	生产企业/上市许可持有人	drug
GYS0000133	Boehringer Ingelheim Pharma GmbH & Co.KG	生产企业	drug
GYS0000134	Boehringer Ingelheim Pharmaceuticals Inc.	生产企业	drug
GYS0000135	Boryung Corporation	生产企业/上市许可持有人	drug
GYS0000136	Bracco Imaging Italia S.r.L.	生产企业/上市许可持有人	drug
GYS0000137	Bracco Imaging S.P.A.	生产企业/上市许可持有人	drug
GYS0000138	Bracco International B.V.	生产企业/上市许可持有人	drug
GYS0000139	Bridging Pharma GmbH	生产企业/上市许可持有人	drug
GYS0000140	Bridging Pharma Limited	生产企业/上市许可持有人	drug
GYS0000141	Bright Future Pharmaceuticals Factory	生产企业/上市许可持有人	drug
GYS0000142	Bristol-Myers Squibb / Pfizer EEIG	生产企业/上市许可持有人	drug
GYS0000143	Bristol-Myers Squibb Australia Pty Ltd	生产企业/上市许可持有人	drug
GYS0000144	Bristol-Myers Squibb Company	生产企业/上市许可持有人	drug
GYS0000145	Bristol-Myers Squibb Pharma EEIG	生产企业/上市许可持有人	drug
GYS0000146	Bristol-Myers Squibb S.R.L.	生产企业/上市许可持有人	drug
GYS0000147	Bruschettini S.r.l.	生产企业/上市许可持有人	drug
GYS0000148	C.B.Fleet Company, Incorporated	生产企业/上市许可持有人	drug
GYS0000149	CHEPLAPHARM Registration GmbH	生产企业/上市许可持有人	drug
GYS0000150	CHIN TENG INTERNATIONAL PHARMACEUTICAL MANUFACTURE CORP.	生产企业	drug
GYS0000151	CHIU HSIANG PHARMACEUTICAL CO.,LTD.	生产企业/上市许可持有人	drug
GYS0000152	CHONG KUN DANG PHARMACEUTICAL CORP.	生产企业/上市许可持有人	drug
GYS0000153	CJ HealthCare Corporation	生产企业/上市许可持有人	drug
GYS0000154	CLS Pharma	生产企业/上市许可持有人	drug
GYS0000155	CMIC CMO CO., LTD. Shizuoka Plant	生产企业	drug
GYS0000156	CODAL SYNTO LTD	生产企业/上市许可持有人	drug
GYS0000157	CPS Cito Pharma Services GmbH	生产企业/上市许可持有人	drug
GYS0000158	CSL Behring AG	生产企业/上市许可持有人	drug
GYS0000159	CSL Behring GmbH	生产企业/上市许可持有人	drug
GYS0000160	CSL Behring L.L.C.	生产企业	drug
GYS0000161	Calliditas Therapeutics AB	生产企业/上市许可持有人	drug
GYS0000162	Catalent CTS, LLC	生产企业	drug
GYS0000163	Celgene Corporation	生产企业/上市许可持有人	drug
GYS0000164	Celgene Europe BV	生产企业/上市许可持有人	drug
GYS0000165	Cephalon LLC	生产企业/上市许可持有人	drug
GYS0000166	Cesra Arzneimittel GmbH ＆CO. KG	生产企业/上市许可持有人	drug
GYS0000167	Chemische Fabrik Kreussler & Co. GmbH	生产企业/上市许可持有人	drug
GYS0000168	Chen Ho Pharmaceutical Co.,Ltd.Sinying Plant	生产企业	drug
GYS0000169	Cheong Kun Pain Reliever Oil Chinese Medicine Factory (Macau) Limited	生产企业/上市许可持有人	drug
GYS0000170	Cheplapharm Arzneimittel GmbH	生产企业/上市许可持有人	drug
GYS0000171	Chi Sheng Pharma & Biotech Co., Ltd	生产企业	drug
GYS0000172	Chiesi Farmaceutici S.p.A.	生产企业/上市许可持有人	drug
GYS0000173	Chiesi Farmaceutici SpA	生产企业/上市许可持有人	drug
GYS0000174	Chugai Pharmaceutical Co., Ltd	生产企业/上市许可持有人	drug
GYS0000175	Chugai Pharmaceutical Co.,Ltd	生产企业/上市许可持有人	drug
GYS0000176	Chugai Pharmaceutical Co.,Ltd(Nipro Pharma Corporation Kagamiishi Plant)	生产企业	drug
GYS0000177	Chushin Pharmaceutical Co.,Ltd	生产企业/上市许可持有人	drug
GYS0000178	Cipla Ltd.	生产企业/上市许可持有人	drug
GYS0000179	Cipla Ltd. Goa	生产企业	drug
GYS0000180	Corden Pharma Latina S.P.A.	生产企业	drug
GYS0000181	Corden Pharma S.P.A	生产企业	drug
GYS0000182	Correvio Australia Pty Ltd	生产企业/上市许可持有人	drug
GYS0000183	Cubist Pharmaceuticals LLC	生产企业/上市许可持有人	drug
GYS0000184	Cubist Pharmaceuticals, LLC.	生产企业	drug
GYS0000185	Cyndea Pharma,S.L	生产企业	drug
GYS0000186	DAEWOONG BIO INC.	生产企业/上市许可持有人	drug
GYS0000187	DAIICHI SANKYO CO., LTD.	生产企业/上市许可持有人	drug
GYS0000188	DAIICHI SANKYO CO.,LTD.	生产企业/上市许可持有人	drug
GYS0000189	DMG医疗器械（北京）有限公司	生产企业	consumable
GYS0000190	Daewoong Pharmaceutical Co. , Ltd.	生产企业/上市许可持有人	drug
GYS0000191	Daewoong Pharmaceutical Co. ,Ltd.	生产企业/上市许可持有人	drug
GYS0000192	Daewoong Pharmaceutical Co.,LTD.	生产企业/上市许可持有人	drug
GYS0000193	Daiichi Sankyo Europe GmbH	生产企业/上市许可持有人	drug
GYS0000194	Daiichi Yakuhin Sangyo Co.,Ltd.	生产企业/上市许可持有人	drug
GYS0000195	Daiichi Yakuhin Sangyo Co.,Ltd. Shiohama Factory	生产企业	drug
GYS0000196	Deciphera Pharmaceuticals, LLC	生产企业/上市许可持有人	drug
GYS0000197	Demo S.A. Pharmaceutical Industry	生产企业	drug
GYS0000198	DiaSorin Italia S.p.A. UK Branch	生产企业/上市许可持有人	drug
GYS0000199	Dominion Biologicals Limited	生产企业/上市许可持有人	drug
GYS0000200	Dong-A ST Co.,Ltd	生产企业/上市许可持有人	drug
GYS0000201	Dr Reddys Laboratories Limited	生产企业/上市许可持有人	drug
GYS0000202	Dr. Dunner AG	生产企业	drug
GYS0000203	Dr. Falk Pharma GmbH	生产企业/上市许可持有人	drug
GYS0000204	Dr. Gerhard Mann, Chem.-Pharm. Fabrik GmbH	生产企业/上市许可持有人	drug
GYS0000205	Dr. Reddy's Laboratories Limited	生产企业/上市许可持有人	drug
GYS0000206	Dr. Reddy's Laboratories Ltd.	生产企业/上市许可持有人	drug
GYS0000207	Dr. Reddy`s Laboratories Limited	生产企业/上市许可持有人	drug
GYS0000208	Dr. Willmar Schwabe GmbH & Co. KG	生产企业/上市许可持有人	drug
GYS0000209	Dr.Kade Pharmazeutische Fabrik GmbH	生产企业/上市许可持有人	drug
GYS0000210	Dr.Reddy's Laboratories Limited	生产企业/上市许可持有人	drug
GYS0000211	Dr.Reddy`s Laboratories Limited	生产企业/上市许可持有人	drug
GYS0000212	EA Pharma Co.,Ltd.	生产企业/上市许可持有人	drug
GYS0000213	EUROPHARM LABORATOIRES(HONG KONG)COMPANY LIMITED	生产企业/上市许可持有人	drug
GYS0000214	EUSAN GmbH	生产企业/上市许可持有人	drug
GYS0000215	EVEREST MEDICINES (SINGAPORE) PTE. LTD.	生产企业/上市许可持有人	drug
GYS0000216	Ebewe Pharma Ges.m.b.H.Nfg.KG	生产企业/上市许可持有人	drug
GYS0000217	Eddingpharm B.V.	生产企业/上市许可持有人	drug
GYS0000218	Eisai Co., Ltd	生产企业	drug
GYS0000219	Eisai Co., Ltd.	生产企业/上市许可持有人	drug
GYS0000220	Eisai Co.,Ltd.	生产企业/上市许可持有人	drug
GYS0000221	Eisai Europe Limited	生产企业/上市许可持有人	drug
GYS0000222	Eisai Europe Ltd	生产企业/上市许可持有人	drug
GYS0000223	Eisai GmbH	生产企业	drug
GYS0000224	Eisai Inc.	生产企业/上市许可持有人	drug
GYS0000225	Eli Lilly Nederland B. V.	上市许可持有人	drug
GYS0000226	Eli Lilly Nederland B.V	生产企业/上市许可持有人	drug
GYS0000227	Eli Lilly Nederland B.V.	生产企业/上市许可持有人	drug
GYS0000228	Eli Lilly and Company	生产企业/上市许可持有人	drug
GYS0000229	Eli Lilly nederland B. V.	生产企业	drug
GYS0000230	Esseti Farmaceutici S.r.l.	生产企业/上市许可持有人	drug
GYS0000231	Eurocept BV	生产企业	drug
GYS0000232	Ever Pharma Jena GmbH	生产企业	drug
GYS0000233	EyePoint Pharmaceuticals, Inc	生产企业/上市许可持有人	drug
GYS0000234	F. Hoffmann-La Roche Ltd	生产企业/上市许可持有人	drug
GYS0000235	FAMAR ITALIA S.p.A.	生产企业	drug
GYS0000236	FORTUNE PHARMACAL COMPANY, LIMITED	生产企业/上市许可持有人	drug
GYS0000237	FORTUNE PHARMACAL COMPANY,LIMITED	生产企业/上市许可持有人	drug
GYS0000238	FUJIFILM Toyama Chemical Co., Ltd.	生产企业/上市许可持有人	drug
GYS0000239	Ferrer Internacional,S.A.	生产企业/上市许可持有人	drug
GYS0000240	Ferring AG	生产企业/上市许可持有人	drug
GYS0000241	Ferring GmbH	生产企业/上市许可持有人	drug
GYS0000242	Ferring Pharmaceuticals A/S	生产企业/上市许可持有人	drug
GYS0000243	Ferring Pharmaceuticals Ltd.	生产企业/上市许可持有人	drug
GYS0000244	Fresenius Kabi AB	生产企业/上市许可持有人	drug
GYS0000245	Fresenius Kabi Austria GmbH	生产企业/上市许可持有人	drug
GYS0000246	Fresenius Kabi Deutschland GmbH	上市许可持有人	drug
GYS0000247	Fresenius Kabi Deutschland Gmbh	生产企业	drug
GYS0000248	Fresenius Kabi Norge AS	生产企业/上市许可持有人	drug
GYS0000249	Future Health Pharma GmbH	生产企业/上市许可持有人	drug
GYS0000250	G&G Pharmaceutical (Netherlands) B.V.	生产企业/上市许可持有人	drug
GYS0000251	G. Pohl-Boskamp GmbH & Co. KG	生产企业/上市许可持有人	drug
GYS0000252	G. Pohl-Boskamp GmbH & Co.KG	生产企业/上市许可持有人	drug
GYS0000253	G.D.Searle LLC	生产企业/上市许可持有人	drug
GYS0000254	G1 Therapeutics, Inc.	生产企业/上市许可持有人	drug
GYS0000255	GALDERMA LABORATORIUM GmbH	生产企业/上市许可持有人	drug
GYS0000256	GC Biopharma Corp.	生产企业/上市许可持有人	drug
GYS0000257	GE Healthcare AS	生产企业/上市许可持有人	drug
GYS0000258	GLAXOSMITHKLINE INC.	生产企业/上市许可持有人	drug
GYS0000259	GLAXOSMITHKLINE MANUFACTURING S.p.A.	生产企业	drug
GYS0000260	GLAXOSMITHKLINE, S.A.	生产企业/上市许可持有人	drug
GYS0000261	GSK Consumer Healthcare Schweiz AG	生产企业/上市许可持有人	drug
GYS0000262	GUERBET	生产企业/上市许可持有人	drug
GYS0000263	Galderma International	生产企业/上市许可持有人	drug
GYS0000264	Gedeon Richter Plc.	生产企业/上市许可持有人	drug
GYS0000265	Genentech Inc. (A Member of the Roche Group)	生产企业/上市许可持有人	drug
GYS0000266	Gentle Pharm Co.,Ltd.	生产企业	drug
GYS0000267	Gentle Pharma Co., Ltd.	生产企业	drug
GYS0000268	Gentle pharma Co.,Ltd.	生产企业	drug
GYS0000269	Genzyme Biosurgery	生产企业	drug
GYS0000270	Genzyme Corporation	生产企业/上市许可持有人	drug
GYS0000271	Genzyme Europe B.V.	生产企业/上市许可持有人	drug
GYS0000272	Gilead Sciences Inc.	生产企业/上市许可持有人	drug
GYS0000273	Gilead Sciences International Ltd.	生产企业/上市许可持有人	drug
GYS0000274	Gilead Sciences Ireland UC	生产企业/上市许可持有人	drug
GYS0000275	Gilead Sciences, Inc.	生产企业/上市许可持有人	drug
GYS0000276	Gland Pharma Limited	生产企业/上市许可持有人	drug
GYS0000277	Glaxo Wellcome UK Limited	生产企业/上市许可持有人	drug
GYS0000278	GlaxoSmithKline (Ireland) Limited	生产企业/上市许可持有人	drug
GYS0000279	GlaxoSmithKline AG	生产企业/上市许可持有人	drug
GYS0000280	GlaxoSmithKline Australia Pty Ltd.	生产企业/上市许可持有人	drug
GYS0000281	GlaxoSmithKline Biologicals SA	生产企业/上市许可持有人	drug
GYS0000282	GlaxoSmithKline Biologicals s.a.	生产企业/上市许可持有人	drug
GYS0000283	GlaxoSmithKline Consumer Healthcare (UK) Trading Limited	生产企业/上市许可持有人	drug
GYS0000284	GlaxoSmithKline Trading Services Limited	生产企业/上市许可持有人	drug
GYS0000285	GlaxoSmithKline Trading Services Limited.	生产企业/上市许可持有人	drug
GYS0000286	GlaxoSmithKline,S.A.	生产企业/上市许可持有人	drug
GYS0000287	Grand Medical Pty Ltd.	生产企业/上市许可持有人	drug
GYS0000288	Green Cross Corporation	生产企业/上市许可持有人	drug
GYS0000289	Grifols Biologicals LLC	生产企业/上市许可持有人	drug
GYS0000290	Grifols Diagnostic Solutions Inc.	生产企业/上市许可持有人	drug
GYS0000291	Grifols Therapeutics LLC	生产企业/上市许可持有人	drug
GYS0000292	Grunenthal GmbH	生产企业/上市许可持有人	drug
GYS0000293	H. Lundbeck A/S	生产企业/上市许可持有人	drug
GYS0000294	H.Lundbeck A/S	生产企业/上市许可持有人	drug
GYS0000295	HAMOL LIMITED	生产企业	drug
GYS0000296	HEXAL AG	生产企业/上市许可持有人	drug
GYS0000297	HISAMITSU PHARMACEUTICAL CO.,INC.	生产企业/上市许可持有人	drug
GYS0000298	HONG KONG PO WO TONG PHARMACEUTICAL LIMITED	生产企业/上市许可持有人	drug
GYS0000299	HOSPIRA UK LIMITED	生产企业	drug
GYS0000300	HWANG`S Pharmaceutical Co.,Ltd.	生产企业/上市许可持有人	drug
GYS0000301	Haleon Schweiz AG	生产企业/上市许可持有人	drug
GYS0000302	Hanlim Pharmaceutical Co.,Ltd.	生产企业/上市许可持有人	drug
GYS0000303	Hanmi Pharm. Co., Ltd.	生产企业/上市许可持有人	drug
GYS0000304	Hanmi Pharm. Co.,Ltd.	生产企业/上市许可持有人	drug
GYS0000305	Hanmi Pharm.Co.,Ltd.	生产企业/上市许可持有人	drug
GYS0000306	Helsinn Birex Pharmaceuticals Ltd.	生产企业/上市许可持有人	drug
GYS0000307	Helsinn Healthcare SA	生产企业/上市许可持有人	drug
GYS0000308	Hemony Pharmaceutical Germany GmbH	生产企业/上市许可持有人	drug
GYS0000309	Hemony Pharmaceutical Switzerland GmbH	生产企业/上市许可持有人	drug
GYS0000310	Hetero Labs Limited	生产企业/上市许可持有人	drug
GYS0000311	Hong Kong Wong's Pharmaceutical Holdings Limited	生产企业/上市许可持有人	drug
GYS0000312	Horizon Therapeutics Ireland DAC	生产企业/上市许可持有人	drug
GYS0000313	Hospira Australia Pty Ltd	生产企业/上市许可持有人	drug
GYS0000314	Hugel,Inc.	生产企业/上市许可持有人	drug
GYS0000315	Hwang's Pharmaceutical Co., Ltd	生产企业/上市许可持有人	drug
GYS0000316	IBSA Institut Biochimique SA	生产企业/上市许可持有人	drug
GYS0000317	INO Therapeutics LLC	生产企业/上市许可持有人	drug
GYS0000318	INOVA PHARMACEUTICALS (SINGAPORE) PTE. LIMITED	生产企业/上市许可持有人	drug
GYS0000319	IPSEN  Consumer HealthCare	生产企业/上市许可持有人	drug
GYS0000320	IPSEN Consumer HealthCare	生产企业/上市许可持有人	drug
GYS0000321	IPSEN LIMITED	生产企业/上市许可持有人	drug
GYS0000322	IPSEN PHARMA	生产企业/上市许可持有人	drug
GYS0000323	IPSEN PHARMA BIOTECH	生产企业	drug
GYS0000324	ITALFARMACO S.A.	生产企业/上市许可持有人	drug
GYS0000325	ITALFARMACO, S.A.	生产企业/上市许可持有人	drug
GYS0000326	Immedica Pharma AB	生产企业/上市许可持有人	drug
GYS0000327	Incyte Biosciences Distribution B.V.	生产企业/上市许可持有人	drug
GYS0000328	Instituto Grifols, S.A.	生产企业/上市许可持有人	drug
GYS0000329	JANSSEN-CILAG NV	生产企业	drug
GYS0000330	JEAN-MARIE PHARMACAL CO. LTD.	生产企业/上市许可持有人	drug
GYS0000331	JEAN-MARIE PHARMACAL CO., LTD.	生产企业/上市许可持有人	drug
GYS0000332	JEIL HEALTH SCIENCE INC.	生产企业/上市许可持有人	drug
GYS0000333	JING DU YANG SHENG TANG CHINESE HERBAL MANUFACTURING LIMITED	生产企业/上市许可持有人	drug
GYS0000334	JOHNSON & JOHNSON CONSUMER N.V.	生产企业/上市许可持有人	drug
GYS0000335	JOHNSON & JOHNSON SANTE BEAUTE FRANCE	生产企业/上市许可持有人	drug
GYS0000336	JSC"KALCEKS"	生产企业/上市许可持有人	drug
GYS0000337	JW PHARMACEUTICAL CORPORATION	生产企业/上市许可持有人	drug
GYS0000338	Janssen Biologics B.V.	生产企业/上市许可持有人	drug
GYS0000339	Janssen Inc.	生产企业/上市许可持有人	drug
GYS0000340	Janssen Pharmaceuticals, Inc.	生产企业/上市许可持有人	drug
GYS0000341	Janssen-Cilag AG	生产企业/上市许可持有人	drug
GYS0000342	Janssen-Cilag International N.V.	生产企业/上市许可持有人	drug
GYS0000343	Janssen-Cilag International NV	生产企业/上市许可持有人	drug
GYS0000344	Janssen-Cilag Limited	生产企业/上市许可持有人	drug
GYS0000345	Janssen-Cilag N.V.	生产企业/上市许可持有人	drug
GYS0000346	Janssen-Cilag NV	上市许可持有人	drug
GYS0000347	Jenapharm GmbH & Co. KG	生产企业/上市许可持有人	drug
GYS0000348	Jenapharm GmbH & Co.KG	生产企业/上市许可持有人	drug
GYS0000349	Joint Stock Company "Kalceks"	生产企业/上市许可持有人	drug
GYS0000350	KIN FUNG WEISEN-U CO LTD	生产企业/上市许可持有人	drug
GYS0000351	KISSEI PHARMACEUTICAL CO., LTD.	生产企业/上市许可持有人	drug
GYS0000352	KOBAYASHI Pharmaceutical Co.,Ltd.	生产企业/上市许可持有人	drug
GYS0000353	Kadmon Pharmaceuticals, LLC	生产企业/上市许可持有人	drug
GYS0000354	Karo Healthcare AB	生产企业/上市许可持有人	drug
GYS0000355	Kotobuki Pharmaceutical Co.,Ltd.	生产企业/上市许可持有人	drug
GYS0000356	Kowa Company Ltd.	生产企业/上市许可持有人	drug
GYS0000357	Kowa Company, Ltd	生产企业	drug
GYS0000358	Kowa Company, Ltd.	生产企业/上市许可持有人	drug
GYS0000359	Kowa Company,Ltd	生产企业	drug
GYS0000360	Kowa Company,Ltd.	生产企业/上市许可持有人	drug
GYS0000361	Kowa Company,Ltd.,Nagoya Factory	生产企业	drug
GYS0000362	KowaCompany,Ltd.	生产企业/上市许可持有人	drug
GYS0000363	Kremers Urban Pharmaceuticals Inc.	生产企业/上市许可持有人	drug
GYS0000364	Kukje Pharma Co., Ltd.	生产企业/上市许可持有人	drug
GYS0000365	Kyowa Hakko Kirin Co.,Ltd.	生产企业	drug
GYS0000366	Kyowa Kirin Co. ,Ltd.	生产企业/上市许可持有人	drug
GYS0000367	Kyowa Kirin Co., Ltd.	生产企业/上市许可持有人	drug
GYS0000368	Kyowa Kirin Co.,Ltd.	生产企业/上市许可持有人	drug
GYS0000369	Kyowa Kirin Holdings B.V.	生产企业/上市许可持有人	drug
GYS0000370	LABORATOIRE AGUETTANT	生产企业/上市许可持有人	drug
GYS0000371	LABORATORIOS BAGO S.A.	生产企业/上市许可持有人	drug
GYS0000372	LABORATORIOS FARMACEUTICOS ROVI,S.A.	生产企业/上市许可持有人	drug
GYS0000373	LANTHEUS MI CANADA INC	生产企业/上市许可持有人	drug
GYS0000374	LEAD CHEMICAL CO., LTD.	生产企业/上市许可持有人	drug
GYS0000375	LEO Pharma A/S	生产企业/上市许可持有人	drug
GYS0000376	LG Chem, Ltd.	生产企业/上市许可持有人	drug
GYS0000377	LG Chem,Ltd.	生产企业/上市许可持有人	drug
GYS0000378	LILLY DEL CARIBE Inc	生产企业	drug
GYS0000379	LILLY S.A.	生产企业/上市许可持有人	drug
GYS0000380	LILLY,S.A.	生产企业/上市许可持有人	drug
GYS0000381	LTL Pharma Co., Ltd.	生产企业/上市许可持有人	drug
GYS0000382	LUXEMBOURG MEDICINE CO.LTD.	生产企业/上市许可持有人	drug
GYS0000383	Laboratoire BIOPROJET Pharma	生产企业	drug
GYS0000384	Laboratoire GlaxoSmithKline	生产企业/上市许可持有人	drug
GYS0000385	Laboratoires GALDERMA	生产企业	drug
GYS0000386	Laboratoires MAYOLY SPINDLER	生产企业/上市许可持有人	drug
GYS0000387	Laboratori Guidotti S.p.A.	生产企业/上市许可持有人	drug
GYS0000388	Laboratorio Italiano Biochimico Farmaceutico Lisapharma S.P.A.	生产企业/上市许可持有人	drug
GYS0000389	Laboratorios Dalmer S.A.	生产企业/上市许可持有人	drug
GYS0000390	Leadiant GmbH	生产企业/上市许可持有人	drug
GYS0000391	Lee Buan Soa Dispensary(Fishing Brand)Co.,Ltd	生产企业/上市许可持有人	drug
GYS0000392	Lee Buan Soa Dispensary(Fishing Brand)Ltd.,Part.	生产企业	drug
GYS0000393	Lee's Pharmaceutical Taiwan Limited	生产企业	drug
GYS0000394	Lek Pharmaceuticals d.d.	生产企业/上市许可持有人	drug
GYS0000395	Lek.S.A.	生产企业	drug
GYS0000396	Les Laboratoires Servier	生产企业/上市许可持有人	drug
GYS0000397	Leung Kai Fook Medical Co.Pte Ltd.	生产企业	drug
GYS0000398	Liebel-Flarsheim Canada Inc.	生产企业	drug
GYS0000399	Lilly France	生产企业/上市许可持有人	drug
GYS0000400	Luye Pharma AG	生产企业/上市许可持有人	drug
GYS0000401	Luye Pharma Limited	生产企业/上市许可持有人	drug
GYS0000402	M/s Cipla Ltd.	生产企业/上市许可持有人	drug
GYS0000403	M/s. Hetero Labs Limited	生产企业/上市许可持有人	drug
GYS0000404	MADAUS GmbH	生产企业	drug
GYS0000405	MEDA Manufacturing GmbH	生产企业	drug
GYS0000406	MEDA PHARMA GMBH & CO.KG	生产企业/上市许可持有人	drug
GYS0000407	MEDA PHARMACEUTICALS LIMITED	生产企业	drug
GYS0000408	MEDA Pharma GmbH & Co. KG	生产企业/上市许可持有人	drug
GYS0000409	MEDOCHEMIE LTD	生产企业/上市许可持有人	drug
GYS0000410	MENDELIKABS INC	生产企业/上市许可持有人	drug
GYS0000411	MERCK SANTE s.a.s.	生产企业/上市许可持有人	drug
GYS0000412	MERCK SHARP & DOHME (Australia) Pty. Ltd.	生产企业	drug
GYS0000413	MERCK SHARP & DOHME (UK) LIMITED	生产企业/上市许可持有人	drug
GYS0000414	MIKASA SEIYAKU CO.,LTD	生产企业/上市许可持有人	drug
GYS0000415	MINTONG PHARMACEUTICAL CO.,LTD.(2ND FACTORY)	生产企业/上市许可持有人	drug
GYS0000416	MSD International GmbH (Singapore Branch)	生产企业	drug
GYS0000417	MSD Merck Sharp & Dohme AG	生产企业/上市许可持有人	drug
GYS0000418	MSD Pharma (Singapore) Pte. Ltd	生产企业/上市许可持有人	drug
GYS0000419	MSD Pharma (Singapore) Pte. Ltd.	生产企业	drug
GYS0000420	MSN Laboratories Private Limited	生产企业/上市许可持有人	drug
GYS0000421	MUNDIPHARMA GmbH	生产企业/上市许可持有人	drug
GYS0000422	Macleods Pharmaceuticals Ltd	生产企业/上市许可持有人	drug
GYS0000423	Maruho Co.,Ltd.	生产企业/上市许可持有人	drug
GYS0000424	Maruishi Pharmaceutical Co., Ltd.	生产企业/上市许可持有人	drug
GYS0000425	Maxmind Pharmaceutical S.L.	生产企业/上市许可持有人	drug
GYS0000426	Maxmind Pharmaceutical, S.L.	生产企业/上市许可持有人	drug
GYS0000427	McNeil Sweden AB	上市许可持有人	drug
GYS0000428	Medochemie Ltd.	生产企业/上市许可持有人	drug
GYS0000429	Meiji Seika Pharma Co., Ltd.	生产企业/上市许可持有人	drug
GYS0000430	Meiji Seika Pharma Co., Ltd. Odawara Plant	生产企业	drug
GYS0000431	Meiji Seika Pharma Co.,Ltd.	生产企业/上市许可持有人	drug
GYS0000432	Menarini International Operations Luxembourg S.A.	生产企业/上市许可持有人	drug
GYS0000433	Merck (Schweiz) AG	生产企业/上市许可持有人	drug
GYS0000434	Merck Europe B.V.	生产企业/上市许可持有人	drug
GYS0000435	Merck Healthcare Germany GmbH	生产企业/上市许可持有人	drug
GYS0000436	Merck Kft.	生产企业/上市许可持有人	drug
GYS0000437	Merck Sereno GmbH	生产企业/上市许可持有人	drug
GYS0000438	Merck Serono Europe Ltd.	生产企业	drug
GYS0000439	Merck Serono GmbH	生产企业/上市许可持有人	drug
GYS0000440	Merck Serono Limited	生产企业/上市许可持有人	drug
GYS0000441	Merck Sharp & Dohme B.V.	生产企业/上市许可持有人	drug
GYS0000442	Merck Sharp & Dohme Corp.	生产企业	drug
GYS0000443	Merck Sharp & Dohme Corp., a subsidiary of Merck & Co., Inc.	生产企业/上市许可持有人	drug
GYS0000444	Merck Sharp & Dohme LLC	生产企业/上市许可持有人	drug
GYS0000445	Merck Sharp & Dohme Limited	生产企业/上市许可持有人	drug
GYS0000446	Merz Pharma GmbH & Co. KGaA	生产企业	drug
GYS0000447	Merz Pharmaceuticals GmbH	生产企业/上市许可持有人	drug
GYS0000448	Milupa GmbH	生产企业/上市许可持有人	drug
GYS0000449	Mimer Medical AB	生产企业/上市许可持有人	drug
GYS0000450	Minophagen Pharmaceutical Co., Ltd.	生产企业/上市许可持有人	drug
GYS0000451	Minophagen Pharmaceutical Co.,Ltd.	生产企业/上市许可持有人	drug
GYS0000452	Mirum Pharmaceuticals, Inc.	生产企业/上市许可持有人	drug
GYS0000453	Mitsubishi Tanabe Pharma Corporation	生产企业/上市许可持有人	drug
GYS0000454	Miyarisan Pharmaceutical CO.,Ltd.	上市许可持有人	drug
GYS0000455	Miyarisan Pharmaceutical Co., Ltd	生产企业/上市许可持有人	drug
GYS0000456	Miyarisan Pharmaceutical Co., Ltd.	生产企业/上市许可持有人	drug
GYS0000457	Miyarisan Pharmaceutical Co.,Ltd.	生产企业	drug
GYS0000458	Mundipharma Medical Company	生产企业/上市许可持有人	drug
GYS0000459	Mylan Laboratories SAS	生产企业	drug
GYS0000460	N.V. Organon	生产企业/上市许可持有人	drug
GYS0000461	N.V.Organon	生产企业/上市许可持有人	drug
GYS0000462	NANG KUANG PHARMACEUTICAL CO., LTD.	生产企业/上市许可持有人	drug
GYS0000463	NAPP PHARMACEUTICALS LIMITED	生产企业/上市许可持有人	drug
GYS0000464	NIPPON KAYAKU CO.,LTD	生产企业/上市许可持有人	drug
GYS0000465	Nang Kuang Pharmaceutical Co., Ltd	生产企业/上市许可持有人	drug
GYS0000466	Nang Kuang Pharmacutical Co.,Ltd	生产企业	drug
GYS0000467	Natco Pharma Limited	生产企业/上市许可持有人	drug
GYS0000468	Neochem Pharmaceutical Laboratories Limited	生产企业/上市许可持有人	drug
GYS0000469	Neovii Biotech GmbH	生产企业/上市许可持有人	drug
GYS0000470	Nestle HealthCare Nutrition	生产企业	drug
GYS0000471	Neurelis,Inc.	生产企业/上市许可持有人	drug
GYS0000472	NextPharma SAS	生产企业	drug
GYS0000473	NextWave Pharmaceuticals Inc, a subsidiary of Tris Pharma Inc	生产企业/上市许可持有人	drug
GYS0000474	NextWave Pharmaceuticals Inc,a subsidiary of Tris Pharma Inc	生产企业/上市许可持有人	drug
GYS0000475	Nihon Pharmaceutical Industry Co., Ltd.	生产企业/上市许可持有人	drug
GYS0000476	Nippon Shinyaku Co.,Ltd.	生产企业/上市许可持有人	drug
GYS0000477	Nippon Zoki Pharmaceutical Co.,Ltd.	生产企业/上市许可持有人	drug
GYS0000478	Nipro Pharma Corporation	生产企业/上市许可持有人	drug
GYS0000479	Nipro Pharma Corporation Saitama Site Plant 2	生产企业	drug
GYS0000480	Nitto Denko Corporation	生产企业/上市许可持有人	drug
GYS0000481	Nobelpharma Co., Ltd.	生产企业/上市许可持有人	drug
GYS0000482	Noden Pharma DAC	生产企业	drug
GYS0000483	Norit Nederland B.V.	生产企业/上市许可持有人	drug
GYS0000484	Noucor Health S.A.	生产企业/上市许可持有人	drug
GYS0000485	Novartis (Bangladesh) Limited	生产企业/上市许可持有人	drug
GYS0000486	Novartis Europharm Limited	生产企业/上市许可持有人	drug
GYS0000487	Novartis Europharm Ltd.	生产企业/上市许可持有人	drug
GYS0000488	Novartis Farma S.p.A	生产企业	drug
GYS0000489	Novartis Pharma GmbH	生产企业/上市许可持有人	drug
GYS0000490	Novartis Pharma Schweiz AG	生产企业/上市许可持有人	drug
GYS0000491	Novartis Pharma Stein AG	生产企业	drug
GYS0000492	Novartis Pharmaceuticals  Corporation	生产企业/上市许可持有人	drug
GYS0000493	Novartis pharma NV	生产企业/上市许可持有人	drug
GYS0000494	Novartis pharmaceuticals Corporation	生产企业/上市许可持有人	drug
GYS0000495	Novo Nordisk A/S	生产企业/上市许可持有人	drug
GYS0000496	Novo Nordisk Pharma AG	生产企业/上市许可持有人	drug
GYS0000497	OCTAPHARMA GmbH	生产企业	drug
GYS0000498	OM Pharma SA	生产企业/上市许可持有人	drug
GYS0000499	OPELLA HEALTHCARE FRANCE SAS	生产企业/上市许可持有人	drug
GYS0000500	ORGANON Healthcare GmbH	生产企业/上市许可持有人	drug
GYS0000501	ORGANON SINGAPORE PTE. LTD.	生产企业/上市许可持有人	drug
GYS0000502	Octapharma AB	生产企业/上市许可持有人	drug
GYS0000503	Octapharma France	生产企业/上市许可持有人	drug
GYS0000504	Octapharma GmbH	上市许可持有人	drug
GYS0000505	Octapharma Pharmazeutika Produktionsges.m.b.H	生产企业/上市许可持有人	drug
GYS0000506	Odawara Factory of Nippon Shinyaku Co.,Ltd.	生产企业	drug
GYS0000507	Onyx Pharmaceuticals,Inc.	生产企业/上市许可持有人	drug
GYS0000508	Opella Healthcare Commercial Ltd.	生产企业/上市许可持有人	drug
GYS0000509	Organon Belgium	生产企业/上市许可持有人	drug
GYS0000510	Organon GmbH	生产企业/上市许可持有人	drug
GYS0000511	Organon LLC	生产企业/上市许可持有人	drug
GYS0000512	Organon Pharma (UK) Limited	生产企业/上市许可持有人	drug
GYS0000513	Orion Corporation	生产企业/上市许可持有人	drug
GYS0000514	Orphalan	生产企业/上市许可持有人	drug
GYS0000515	Otsuka Pharmaceutical Co., Ltd.	生产企业/上市许可持有人	drug
GYS0000516	Otsuka Pharmaceutical Co.,Ltd	生产企业/上市许可持有人	drug
GYS0000517	Otsuka Pharmaceutical Co.,Ltd.	生产企业/上市许可持有人	drug
GYS0000518	Otsuka Pharmaceutical Factory,Inc.	生产企业/上市许可持有人	drug
GYS0000519	PATHEON FRANCE	生产企业	drug
GYS0000520	PF Prism CV	生产企业/上市许可持有人	drug
GYS0000521	PFIZER HOLDING FRANCE	生产企业/上市许可持有人	drug
GYS0000522	PFIZER SA	生产企业/上市许可持有人	drug
GYS0000523	PHARMACIA LIMITED	生产企业	drug
GYS0000524	PHARMATHEN INVESTMENTS GROUP LIMITED	生产企业/上市许可持有人	drug
GYS0000525	POLICHEM S.R.L	生产企业	drug
GYS0000526	POLICHEM S.R.L.	生产企业/上市许可持有人	drug
GYS0000527	PRODUITS DENTAIRES PIERRE ROLLAND	生产企业/上市许可持有人	drug
GYS0000528	Patheon Inc.	生产企业	drug
GYS0000529	Patheon Inc. (负责片剂生产及HDPE瓶包装)	生产企业	drug
GYS0000530	Patheon Italia S.p.A.	生产企业	drug
GYS0000531	Pei Li Pharmaceutical Ind. Co., Ltd.	生产企业/上市许可持有人	drug
GYS0000532	Pei Li Pharmaceutical Industrial Co.,Ltd.	生产企业/上市许可持有人	drug
GYS0000533	Pfizer AS	生产企业/上市许可持有人	drug
GYS0000534	Pfizer Australia Pty Ltd	生产企业/上市许可持有人	drug
GYS0000535	Pfizer Europe MA EEIG	生产企业/上市许可持有人	drug
GYS0000536	Pfizer Healthcare Ireland	生产企业/上市许可持有人	drug
GYS0000537	Pfizer Inc	生产企业/上市许可持有人	drug
GYS0000538	Pfizer Inc.	生产企业/上市许可持有人	drug
GYS0000539	Pfizer Ireland Pharmaceuticals	生产企业/上市许可持有人	drug
GYS0000540	Pfizer Italia s. r. l.	生产企业/上市许可持有人	drug
GYS0000541	Pfizer Italia s.r.l	生产企业/上市许可持有人	drug
GYS0000542	Pfizer Italia s.r.l.	生产企业/上市许可持有人	drug
GYS0000543	Pfizer Japan Inc.	生产企业/上市许可持有人	drug
GYS0000544	Pfizer Limited	生产企业/上市许可持有人	drug
GYS0000545	Pfizer Ltd.	生产企业/上市许可持有人	drug
GYS0000546	Pfizer OFG Germany GmbH	生产企业/上市许可持有人	drug
GYS0000547	Pfizer Pharma GmbH	生产企业/上市许可持有人	drug
GYS0000548	Pfizer Pharma PFE GmbH	生产企业/上市许可持有人	drug
GYS0000549	Pfizer S.A.	生产企业/上市许可持有人	drug
GYS0000550	Pharma Stulln GmbH	生产企业/上市许可持有人	drug
GYS0000551	Pharmacosmos A/S	生产企业/上市许可持有人	drug
GYS0000552	Pierre Fabre Medicament	生产企业/上市许可持有人	drug
GYS0000553	Pliva Croatia Ltd.	生产企业/上市许可持有人	drug
GYS0000554	Puma Biotechnology, Inc.	生产企业/上市许可持有人	drug
GYS0000555	ROTTAPHARM S.P.A	生产企业/上市许可持有人	drug
GYS0000556	Recipharm HC Limited	生产企业	drug
GYS0000557	Recordati AG	生产企业/上市许可持有人	drug
GYS0000558	Recordati Netherlands B.V.	生产企业/上市许可持有人	drug
GYS0000559	Recordati Rare Diseases	生产企业/上市许可持有人	drug
GYS0000560	Recordati S.P.A.	生产企业/上市许可持有人	drug
GYS0000561	Roche Diagnostics GmbH	生产企业	drug
GYS0000562	Roche Molecular Systems, Inc.	生产企业/上市许可持有人	drug
GYS0000563	Roche Pharma (Schweiz) AG	生产企业/上市许可持有人	drug
GYS0000564	Roche Pharma (Schweiz) AG.	生产企业	drug
GYS0000565	Roche Pharma (Schweiz) Ltd	生产企业/上市许可持有人	drug
GYS0000566	Roche Pharma (Schweiz) Ltd.	生产企业/上市许可持有人	drug
GYS0000567	Roche Pharma (Schweiz)AG	生产企业/上市许可持有人	drug
GYS0000568	Roche Pharma(Schweiz) AG	生产企业/上市许可持有人	drug
GYS0000569	Roche Pharma(Schweiz)AG	生产企业/上市许可持有人	drug
GYS0000570	Roche Regislration GmbH	生产企业/上市许可持有人	drug
GYS0000571	Roche Registration GmbH	生产企业/上市许可持有人	drug
GYS0000572	Roche Registration Ltd.	生产企业	drug
GYS0000573	Rottapharm Limited	生产企业/上市许可持有人	drug
GYS0000574	S.A. Alcon Couvreur N.V.	生产企业	drug
GYS0000575	SAMCHUNDANG PHARM. CO., LTD.	生产企业/上市许可持有人	drug
GYS0000576	SANOFI AVENTIS FRANCE	生产企业/上市许可持有人	drug
GYS0000577	SANOFI PASTEUR	生产企业/上市许可持有人	drug
GYS0000578	SCS Boehringer Ingelheim Comm. V	生产企业/上市许可持有人	drug
GYS0000579	SENJU PHARMACEUTICAL CO., LTD.	生产企业/上市许可持有人	drug
GYS0000580	SENJU PHARMACEUTICAL CO.,LTD.	生产企业/上市许可持有人	drug
GYS0000581	SENJU PHARMACEUTICAL. CO.,LTD	生产企业/上市许可持有人	drug
GYS0000582	SEPTODONT	生产企业/上市许可持有人	drug
GYS0000583	SHIN POONG Pharmaceutical Co.,Ltd.	生产企业/上市许可持有人	drug
GYS0000584	SHS International Limited	生产企业/上市许可持有人	drug
GYS0000585	SK Chemicals Co.,Ltd.	生产企业	drug
GYS0000586	SK Plasma Co., Ltd.	生产企业/上市许可持有人	drug
GYS0000587	SOPHARTEX	生产企业	drug
GYS0000588	STADA Consumer Health Deutschland GmbH	生产企业/上市许可持有人	drug
GYS0000589	STANDARD CHEM.&PHARM. CO., LTD	生产企业/上市许可持有人	drug
GYS0000590	Salutas Pharma GmbH	生产企业	drug
GYS0000591	Sandoz GmbH	生产企业/上市许可持有人	drug
GYS0000592	Sandoz Inc.	生产企业/上市许可持有人	drug
GYS0000593	Sandoz Private Limited	生产企业/上市许可持有人	drug
GYS0000594	Sano Arzneimittelfabrik GmbH	生产企业/上市许可持有人	drug
GYS0000595	Sanofi -aventis France	生产企业/上市许可持有人	drug
GYS0000596	Sanofi Aventis Deutschland GmbH	生产企业/上市许可持有人	drug
GYS0000597	Sanofi Aventis U.S., LLC	生产企业/上市许可持有人	drug
GYS0000598	Sanofi B.V.	生产企业/上市许可持有人	drug
GYS0000599	Sanofi Clir SNC	生产企业/上市许可持有人	drug
GYS0000600	Sanofi K. K.	生产企业/上市许可持有人	drug
GYS0000601	Sanofi K.K.	生产企业/上市许可持有人	drug
GYS0000602	Sanofi Mature IP	生产企业/上市许可持有人	drug
GYS0000603	Sanofi S.r.l.	生产企业/上市许可持有人	drug
GYS0000604	Sanofi Winthrop Industrie	生产企业/上市许可持有人	drug
GYS0000605	Sanofi-Aventis Deutschland GmbH	生产企业/上市许可持有人	drug
GYS0000606	Sanofi-Aventis France	生产企业/上市许可持有人	drug
GYS0000607	Sanofi-Aventis Groupe	生产企业/上市许可持有人	drug
GYS0000608	Sanofi-Aventis Ireland Limited T/A SANOFI	生产企业/上市许可持有人	drug
GYS0000609	Sanofi-aventis Ireland Ltd. T/A SANOFI	生产企业/上市许可持有人	drug
GYS0000610	Sanofi-aventis Private Co.Ltd	生产企业/上市许可持有人	drug
GYS0000611	Sanofi-aventis U.S. LLC	生产企业/上市许可持有人	drug
GYS0000612	Santen Oy	生产企业/上市许可持有人	drug
GYS0000613	Santen Pharmaceutical Co., Ltd.	生产企业/上市许可持有人	drug
GYS0000614	Santen Pharmaceutical Co.,Ltd	生产企业/上市许可持有人	drug
GYS0000615	Santen Pharmaceutical Co.,Ltd.	生产企业/上市许可持有人	drug
GYS0000616	SciClone Pharmaceuticals Italy S.R.L.	生产企业/上市许可持有人	drug
GYS0000617	SciClone Pharmaceuticals Pty Ltd	生产企业/上市许可持有人	drug
GYS0000618	Secura Bio, Inc.	生产企业/上市许可持有人	drug
GYS0000619	Seikagaku Corporation	生产企业/上市许可持有人	drug
GYS0000620	Seiko Eiyo Yakuhin Co.,LTD	生产企业	drug
GYS0000621	Seiko Eiyo Yakuhin Co.,Ltd.	生产企业/上市许可持有人	drug
GYS0000622	Shionogi & Co., Ltd.	生产企业/上市许可持有人	drug
GYS0000623	Shionogi Inc.	生产企业/上市许可持有人	drug
GYS0000624	Shire Pharmaceuticals Ireland Limited	生产企业/上市许可持有人	drug
GYS0000625	Siegfried Hameln GmbH	生产企业	drug
GYS0000626	Sigma-Tau Industrie Farmaceutiche Riunite S.p.A.	生产企业	drug
GYS0000627	Sirtex Singapore Manufacturing Pte Ltd	生产企业	drug
GYS0000628	SmartPractice Denmark ApS	生产企业/上市许可持有人	drug
GYS0000629	SpecGx LLC	生产企业/上市许可持有人	drug
GYS0000630	Sumitomo Dainippon  Pharma Co.,Ltd.	生产企业	drug
GYS0000631	Sumitomo Dainippon Pharma Co., Ltd.	生产企业	drug
GYS0000632	Sumitomo Dainippon Pharma Co.,Ltd.	生产企业	drug
GYS0000633	Sumitomo Pharma America, Inc.	生产企业/上市许可持有人	drug
GYS0000634	Sumitomo Pharma Co., Ltd.	生产企业/上市许可持有人	drug
GYS0000635	Sumitomo Pharma Co.,Ltd.	生产企业/上市许可持有人	drug
GYS0000636	Sun Pharmaceutical Industries Limited	生产企业/上市许可持有人	drug
GYS0000637	Sun Pharmaceutical Industries Ltd.	生产企业/上市许可持有人	drug
GYS0000638	Sunstar INC.	生产企业/上市许可持有人	drug
GYS0000639	Swedish Orphan Biovitrum AB (publ)	生产企业/上市许可持有人	drug
GYS0000640	Swedish Orphan Biovitrum AB(publ)	生产企业/上市许可持有人	drug
GYS0000641	Swedish Orphan Biovitrum International AB	生产企业/上市许可持有人	drug
GYS0000642	TAD Pharma GmbH	生产企业/上市许可持有人	drug
GYS0000643	TAIKO PHARMACEUTICAL CO., LTD.	生产企业/上市许可持有人	drug
GYS0000644	TAIWAN HEMONY PHARMACEUTICAL CO., LTD	生产企业/上市许可持有人	drug
GYS0000645	TEIJIN PHARMA LIMITED	生产企业/上市许可持有人	drug
GYS0000646	TEVA PHARMACEUTICALS LTD	生产企业/上市许可持有人	drug
GYS0000647	TRB Pharma S.A.	生产企业/上市许可持有人	drug
GYS0000648	TWi Pharmaceuticals, Inc.	生产企业/上市许可持有人	drug
GYS0000649	Taejoon Pharm. Co., Ltd.	生产企业/上市许可持有人	drug
GYS0000650	Tai Tong Ah Co. (Pte) Ltd	生产企业/上市许可持有人	drug
GYS0000651	Taiho Pharmaceutical Co. , Ltd.	生产企业/上市许可持有人	drug
GYS0000652	Taiho Pharmaceutical Co., Ltd.	生产企业/上市许可持有人	drug
GYS0000653	Taiho Pharmaceutical Co.,Ltd.	生产企业/上市许可持有人	drug
GYS0000654	Taiho Pharmaceutical Co.,Ltd.Kitajima Plant	生产企业	drug
GYS0000655	Taiwan Biotech Co.,Ltd.	生产企业/上市许可持有人	drug
GYS0000656	Takeda GmbH	生产企业/上市许可持有人	drug
GYS0000657	Takeda Manufacturing Austria AG	生产企业/上市许可持有人	drug
GYS0000658	Takeda Pharma A/S	生产企业/上市许可持有人	drug
GYS0000659	Takeda Pharmaceutical Company Limited	生产企业/上市许可持有人	drug
GYS0000660	Takeda Pharmaceuticals International AG Ireland Branch	生产企业/上市许可持有人	drug
GYS0000661	Takeda Pharmaceuticals U.S.A., Inc.	生产企业/上市许可持有人	drug
GYS0000662	Tarchomin Pharmaceutical Works	生产企业	drug
GYS0000663	Teikoku Seiyaku Co., Ltd.	生产企业/上市许可持有人	drug
GYS0000664	Teikoku Seiyaku Co.,Ltd.	生产企业	drug
GYS0000665	Teva Branded Pharmaceutical Products R&D Inc.	生产企业/上市许可持有人	drug
GYS0000666	Teva Pharmaceutical Industries Ltd.	生产企业/上市许可持有人	drug
GYS0000667	Teva Takeda Yakuhin Ltd.	生产企业/上市许可持有人	drug
GYS0000668	The Ritedose Corporation	生产企业/上市许可持有人	drug
GYS0000669	The United Laboratories Ltd.	生产企业/上市许可持有人	drug
GYS0000670	The Wellcome Foundation Limited	生产企业/上市许可持有人	drug
GYS0000671	Therabel Healthcare Limited	生产企业/上市许可持有人	drug
GYS0000672	Tillotts Pharma AG	生产企业/上市许可持有人	drug
GYS0000673	Toa Pharmaceutical Co., Ltd	生产企业/上市许可持有人	drug
GYS0000674	Toa Pharmaceutical Co.,Ltd	生产企业	drug
GYS0000675	Toray Industries, Inc.	生产企业/上市许可持有人	drug
GYS0000676	Tsukuba Factory,Nihon Pharmaceutical Industry Co.,Ltd.	生产企业	drug
GYS0000677	UCB Farchim SA	生产企业	drug
GYS0000678	UCB Pharma AG	生产企业/上市许可持有人	drug
GYS0000679	UCB Pharma S.A.	生产企业/上市许可持有人	drug
GYS0000680	UCB Pharma SA	生产企业/上市许可持有人	drug
GYS0000681	UCB-Pharma AG	生产企业/上市许可持有人	drug
GYS0000682	URSAPHARM Arzneimittel GmbH	生产企业/上市许可持有人	drug
GYS0000683	Uni-Pharma Kleon Tsetis Pharmaceutical Laboratories S.A	生产企业/上市许可持有人	drug
GYS0000684	Unichem Laboratories Limited	生产企业/上市许可持有人	drug
GYS0000685	United Therapeutics Corporation	生产企业	drug
GYS0000686	Upjohn EESV	生产企业/上市许可持有人	drug
GYS0000687	Upjohn SRL/BV	生产企业/上市许可持有人	drug
GYS0000688	Upjohn US 1 LLC	生产企业/上市许可持有人	drug
GYS0000689	Upjohn US 2 LLC	生产企业/上市许可持有人	drug
GYS0000690	VANCOCIN ITALIA S.R.L.	生产企业/上市许可持有人	drug
GYS0000691	VECTANS PHARMA	生产企业/上市许可持有人	drug
GYS0000692	VIAN S.A.	生产企业/上市许可持有人	drug
GYS0000693	Vetter Pharma-Fertigung GmbH & Co. KG	生产企业	drug
GYS0000694	Vetter Pharma-Fertigung GmbH & Co.KG	生产企业	drug
GYS0000695	Viatris Healthcare GmbH	生产企业/上市许可持有人	drug
GYS0000696	Viatris Pharma GmbH	生产企业/上市许可持有人	drug
GYS0000697	Viatris Specialty LLC	生产企业/上市许可持有人	drug
GYS0000698	Vifor (International) Inc.	生产企业/上市许可持有人	drug
GYS0000699	Vifor Fresenius Medical Care Renal Pharma Ltd.	生产企业/上市许可持有人	drug
GYS0000700	Vifor Pharma Österreich GmbH	生产企业/上市许可持有人	drug
GYS0000701	ViiV Healthcare B.V.	生产企业/上市许可持有人	drug
GYS0000702	ViiV Healthcare BV	生产企业/上市许可持有人	drug
GYS0000703	ViiV Healthcare UK Limited	生产企业/上市许可持有人	drug
GYS0000704	WEIDAR CHEMICAL & PHARMACEUTICAL CO., LTD	生产企业	drug
GYS0000705	Wai Yuen Tong Medicine Co.,Ltd.	生产企业	drug
GYS0000706	Wasserburger Arzneimittelwerk GmbH	生产企业	drug
GYS0000707	Wockhardt Bio AG	生产企业/上市许可持有人	drug
GYS0000708	Wyeth Pharmaceuticals LLC	生产企业/上市许可持有人	drug
GYS0000709	Y-mAbs Therapeutics, Inc.	生产企业/上市许可持有人	drug
GYS0000710	Yinglian Health Pharmaceutical GmbH	生产企业/上市许可持有人	drug
GYS0000711	Yuhan Corporation	生产企业/上市许可持有人	drug
GYS0000712	ZAMBON ITALIA S.R.L	生产企业/上市许可持有人	drug
GYS0000713	ZAMBON ITALIA S.R.L.	生产企业/上市许可持有人	drug
GYS0000714	ZAMBON S.p.A.	生产企业	drug
GYS0000715	Zambon Switzerland Ltd.	生产企业/上市许可持有人	drug
GYS0000716	argenx BV	生产企业/上市许可持有人	drug
GYS0000717	eVENUS PHARMACEUTICAL LABORATORIES INC.	生产企业/上市许可持有人	drug
GYS0000718	mcneil sweden ab	生产企业	drug
GYS0000719	medac Gesellschaft für klinische Spezialpräparate mbH	生产企业/上市许可持有人	drug
GYS0000720	一力制药(南宁)有限公司	生产企业/上市许可持有人	drug
GYS0000721	一力制药(罗定)有限公司	生产企业/上市许可持有人	drug
GYS0000722	一力制药股份有限公司	生产企业/上市许可持有人	drug
GYS0000723	一品红生物医药有限公司	生产企业/上市许可持有人	drug
GYS0000724	一正集团吉林省医药科技实业有限公司	生产企业	consumable
GYS0000725	一诺康(天津)科技发展有限公司	生产企业	consumable
GYS0000726	七星区新精鹰义齿制作中心	生产企业	consumable
GYS0000727	万全万特制药(厦门)有限公司	生产企业/上市许可持有人	drug
GYS0000728	万全万特制药江苏有限公司	生产企业/上市许可持有人	drug
GYS0000729	万恒医疗科技（南通）有限公司	生产企业	consumable
GYS0000730	万源(福州)药业有限公司	生产企业/上市许可持有人	drug
GYS0000731	万漉医疗科技（江苏）有限公司	生产企业	consumable
GYS0000732	万特制药(海南)有限公司	生产企业/上市许可持有人	drug
GYS0000733	万瑞飞鸿（北京）医疗器材有限公司	生产企业	consumable
GYS0000734	万邦德制药集团有限公司	生产企业/上市许可持有人	drug
GYS0000735	万邦德制药集团股份有限公司	生产企业/上市许可持有人	drug
GYS0000736	万邦德医疗科技有限公司	生产企业	consumable
GYS0000737	万马科技股份有限公司	生产企业	consumable
GYS0000738	三医科创（辽宁）有限公司	生产企业	consumable
GYS0000739	三原古戈尔医疗器械有限公司	生产企业	consumable
GYS0000740	三原富生医疗器械有限公司	生产企业	consumable
GYS0000741	三恩（天津）生物科技有限公司	生产企业	consumable
GYS0000742	三才石岐制药股份有限公司	生产企业/上市许可持有人	drug
GYS0000743	三明博峰生物科技有限公司	生产企业	consumable
GYS0000744	三明市三真药业有限公司	生产企业/上市许可持有人	drug
GYS0000745	三明市和众生物技术有限公司	生产企业	consumable
GYS0000746	三明市贝真生物科技有限公司	生产企业	consumable
GYS0000747	三普药业有限公司	生产企业	drug
GYS0000748	三株福尔制药有限公司	生产企业/上市许可持有人	drug
GYS0000749	三椒口腔健康股份有限公司	生产企业	consumable
GYS0000750	三河市三友医疗器械厂	生产企业	consumable
GYS0000751	三河市博美雅特科技有限公司	生产企业	consumable
GYS0000752	三河市精诚美源医疗器械有限公司	生产企业	consumable
GYS0000753	三河赛斯科技有限公司	生产企业	consumable
GYS0000754	三生国健药业(上海)股份有限公司	生产企业/上市许可持有人	drug
GYS0000755	三维医疗科技江苏股份有限公司	生产企业	consumable
GYS0000756	三诺生物传感股份有限公司	生产企业	consumable,ivd
GYS0000757	三金集团湖南三金制药有限责任公司	生产企业/上市许可持有人	drug
GYS0000758	三门峡博科医疗器械有限责任公司	生产企业	consumable
GYS0000759	三门峡广宇生物制药有限公司	生产企业/上市许可持有人	drug
GYS0000760	三门峡赛诺维制药有限公司	生产企业/上市许可持有人	drug
GYS0000761	上卫中亚卫生材料江苏有限公司	生产企业	consumable
GYS0000762	上海一番齿科制作有限公司	生产企业	consumable
GYS0000763	上海七木医疗器械有限公司	生产企业	consumable
GYS0000764	上海万仕诚药业有限公司	生产企业	drug
GYS0000765	上海万冠义齿技术有限公司	生产企业	consumable
GYS0000766	上海万邦医疗器材技术有限公司	生产企业	consumable
GYS0000767	上海三友医疗器械股份有限公司	生产企业	consumable
GYS0000768	上海三和医疗器械有限公司	生产企业	consumable
GYS0000769	上海三埃弗电子有限公司	生产企业	consumable
GYS0000770	上海三岛义齿技术有限公司	生产企业	consumable
GYS0000771	上海三笛齿科技术有限公司	生产企业	consumable
GYS0000772	上海三维生物技术有限公司	生产企业/上市许可持有人	drug
GYS0000773	上海上医康鸽医用器材有限责任公司	生产企业	consumable
GYS0000774	上海上药中西制药有限公司	生产企业/上市许可持有人	drug
GYS0000775	上海上药信谊药厂有限公司	生产企业/上市许可持有人	drug
GYS0000776	上海上药新亚药业有限公司	生产企业/上市许可持有人	drug
GYS0000777	上海上药杏灵科技药业股份有限公司	生产企业/上市许可持有人	drug
GYS0000778	上海上药睿尔药品有限公司	生产企业/上市许可持有人	drug
GYS0000779	上海上药第一生化药业有限公司	生产企业/上市许可持有人	drug
GYS0000780	上海上远齿科技术有限公司	生产企业	consumable
GYS0000781	上海上锦制药有限公司	生产企业/上市许可持有人	drug
GYS0000782	上海与谋实业发展有限公司	生产企业	consumable
GYS0000783	上海世佳义齿有限公司	生产企业	consumable
GYS0000784	上海世康特制药有限公司	生产企业/上市许可持有人	drug
GYS0000785	上海东吴医疗器械有限公司	生产企业	consumable
GYS0000786	上海东月医疗保健用品有限公司	生产企业	consumable
GYS0000787	上海东海制药股份有限公司	生产企业/上市许可持有人	drug
GYS0000788	上海东湖生物医学有限公司	生产企业	consumable
GYS0000789	上海东臣牙科技术有限公司	生产企业	consumable
GYS0000790	上海东顺医疗器械有限公司	生产企业	consumable
GYS0000791	上海中华药业南通有限公司	生产企业	drug
GYS0000792	上海中华药业有限公司	生产企业/上市许可持有人	drug
GYS0000793	上海中山医疗科技发展有限公司	生产企业	consumable
GYS0000794	上海中智恒康医疗器械有限公司	生产企业	consumable
GYS0000795	上海中植纸业有限公司	生产企业	consumable
GYS0000796	上海中瀚投资集团宁国国安邦宁药业有限公司	生产企业/上市许可持有人	drug
GYS0000797	上海中西三维药业有限公司	生产企业/上市许可持有人	drug
GYS0000798	上海中齿实业有限公司	生产企业	consumable
GYS0000799	上海丸博科技有限公司	生产企业	consumable
GYS0000800	上海丽珠制药有限公司	生产企业/上市许可持有人	drug
GYS0000801	上海丽白乐齿科技术有限公司	生产企业	consumable
GYS0000802	上海久越医疗器械有限公司	生产企业	consumable
GYS0000803	上海之江生物科技股份有限公司	生产企业	consumable
GYS0000804	上海乐博迈医疗器械有限公司	生产企业	consumable
GYS0000805	上海乐施医疗科技有限公司	生产企业	consumable
GYS0000806	上海乔源生物制药有限公司	生产企业	drug
GYS0000807	上海九域医疗投资有限公司	生产企业	consumable
GYS0000808	上海书林医疗器械有限公司	生产企业	consumable
GYS0000809	上海二医张江生物材料有限公司	生产企业	consumable
GYS0000810	上海云峰药业有限公司	生产企业	drug
GYS0000811	上海互友医用电极有限公司	生产企业	consumable
GYS0000812	上海五四化学试剂有限公司	生产企业	consumable
GYS0000813	上海亚朋生物技术有限公司	生产企业	consumable
GYS0000814	上海亚澳医用保健品有限公司	生产企业	consumable
GYS0000815	上海亨元(川汇)诺克药业有限公司	生产企业/上市许可持有人	drug
GYS0000816	上海亨泰视觉科技有限公司	生产企业	consumable
GYS0000817	上海京就医疗器械有限公司	生产企业	consumable
GYS0000818	上海京致齿科技术有限公司	生产企业	consumable
GYS0000819	上海亮杰牙科器材有限公司	生产企业	consumable
GYS0000820	上海亿东澜生物科技有限责任公司	生产企业	consumable
GYS0000821	上海仁会生物制药股份有限公司	生产企业/上市许可持有人	drug
GYS0000822	上海仁度生物科技股份有限公司	生产企业	consumable
GYS0000823	上海仁康科技有限公司	生产企业	consumable
GYS0000824	上海仁术医疗器械有限公司	生产企业	consumable
GYS0000825	上海仁烜医疗器械有限公司	生产企业	consumable
GYS0000826	上海今旭生物科技有限公司漯河分公司	生产企业	consumable
GYS0000827	上海介航机器人有限公司	生产企业	consumable
GYS0000828	上海以心医疗器械有限公司	生产企业	consumable
GYS0000829	上海任道医疗器械有限公司	生产企业	consumable
GYS0000830	上海伊华医学科技有限公司	生产企业	consumable
GYS0000831	上海伍健医疗器械有限公司	生产企业	consumable
GYS0000832	上海众欣医疗器材有限公司	生产企业	consumable
GYS0000833	上海众鼎冠齿科技术有限公司	生产企业	consumable
GYS0000834	上海优加医疗用品有限公司	生产企业	consumable
GYS0000835	上海优娅医药科技有限公司	生产企业	consumable
GYS0000836	上海优益基医用材料有限公司	生产企业	consumable
GYS0000837	上海优盾医疗科技有限公司	生产企业	consumable
GYS0000838	上海优福通医疗设备有限公司	生产企业	consumable
GYS0000839	上海优科骨科器材有限公司	生产企业	consumable
GYS0000840	上海传慎医疗器材有限公司	生产企业	consumable
GYS0000841	上海伯恩生物技术有限公司	生产企业	consumable
GYS0000842	上海伯杰医疗科技股份有限公司	生产企业	consumable
GYS0000843	上海佐心医疗科技有限公司	生产企业	consumable
GYS0000844	上海佩尼医疗科技发展有限公司	生产企业	consumable
GYS0000845	上海佳铂生物科技有限公司	生产企业	consumable
GYS0000846	上海依红科技工程有限公司	生产企业	consumable
GYS0000847	上海俏健医疗器材制造有限公司	生产企业	consumable
GYS0000848	上海信仁中药制药有限公司	生产企业	drug
GYS0000849	上海信斯帝克新材料有限公司	生产企业	consumable
GYS0000850	上海信谊万象药业股份有限公司	生产企业/上市许可持有人	drug
GYS0000851	上海信谊九福药业有限公司	生产企业	drug
GYS0000852	上海信谊天平药业有限公司	生产企业/上市许可持有人	drug
GYS0000853	上海信谊延安药业有限公司	生产企业	drug
GYS0000854	上海信谊百路达药业有限公司	生产企业/上市许可持有人	drug
GYS0000855	上海信谊金朱药业有限公司	生产企业/上市许可持有人	drug
GYS0000856	上海修能医疗器械有限公司	生产企业	consumable
GYS0000857	上海倍可达医疗科技有限公司	生产企业	consumable
GYS0000858	上海倍尔康生物医学科技有限公司	生产企业	consumable
GYS0000859	上海倍而达药业有限公司	生产企业/上市许可持有人	drug
GYS0000860	上海倡粼医疗器械有限公司	生产企业	consumable
GYS0000861	上海健加创升医疗科技有限公司	生产企业	consumable
GYS0000862	上海健强卫生护理用品有限公司	生产企业	consumable
GYS0000863	上海健民医疗电器厂	生产企业	consumable
GYS0000864	上海健盈医疗科技有限公司	生产企业	consumable
GYS0000865	上海健耕医药科技股份有限公司	生产企业	consumable
GYS0000866	上海健臻医疗科技有限责任公司	生产企业	consumable,ivd
GYS0000867	上海健舒义齿科技有限公司	生产企业	consumable
GYS0000868	上海健采医疗器械有限公司	生产企业	consumable
GYS0000869	上海傍云医疗科技有限公司	生产企业	consumable
GYS0000870	上海傲丹特生物材料有限公司	生产企业	consumable
GYS0000871	上海傲派医疗科技有限公司	生产企业	consumable
GYS0000872	上海傲的美医疗器械有限公司	生产企业	consumable
GYS0000873	上海元洪医疗器械有限公司	生产企业	consumable
GYS0000874	上海光电医用电子仪器有限公司	生产企业	consumable
GYS0000875	上海光电技术有限公司	生产企业	consumable
GYS0000876	上海全宇生物科技确山制药有限公司	生产企业	drug
GYS0000877	上海全安医疗器械有限公司	生产企业	consumable
GYS0000878	上海六合堂生物科技项城制药有限公司	生产企业/上市许可持有人	drug
GYS0000879	上海其胜生物制剂有限公司	生产企业	consumable
GYS0000880	上海典范医疗科技有限公司	生产企业	consumable
GYS0000881	上海冠昊医疗器械有限公司	生产企业	consumable
GYS0000882	上海冠晖牙科技术有限公司	生产企业	consumable
GYS0000883	上海凤凰医疗设备江苏有限公司	生产企业	consumable
GYS0000884	上海凯丰义齿制作有限公司	生产企业	consumable
GYS0000885	上海凯乐输液器厂有限公司	生产企业	consumable
GYS0000886	上海凯利泰医疗科技股份有限公司	生产企业	consumable
GYS0000887	上海凯合荣图们药业有限公司	生产企业/上市许可持有人	drug
GYS0000888	上海凯宝新谊(新乡)药业有限公司	生产企业/上市许可持有人	drug
GYS0000889	上海凯宝药业股份有限公司	生产企业/上市许可持有人	drug
GYS0000890	上海凯弼斯义齿有限公司	生产企业	consumable
GYS0000891	上海凯茂生物医药有限公司	生产企业/上市许可持有人	drug
GYS0000892	上海创始医疗科技（集团）股份有限公司	生产企业	consumable
GYS0000893	上海创诺制药有限公司	生产企业/上市许可持有人	drug
GYS0000894	上海创辰生物科技有限公司	生产企业	consumable
GYS0000895	上海利康瑞生物工程有限公司	生产企业/上市许可持有人	drug
GYS0000896	上海利格泰医用设备有限公司	生产企业	consumable
GYS0000897	上海利格泰生物科技股份有限公司	生产企业	consumable
GYS0000898	上海力声特医学科技有限公司	生产企业	consumable
GYS0000899	上海加奇生物科技苏州有限公司	生产企业	consumable
GYS0000900	上海励图医疗器材有限公司	生产企业	consumable
GYS0000901	上海励楷科技有限公司	生产企业	consumable
GYS0000902	上海勃林格殷格翰药业有限公司	生产企业	drug
GYS0000903	上海北杰集团关东药业有限公司	生产企业/上市许可持有人	drug
GYS0000904	上海北里永幸医疗器械有限公司	生产企业	consumable
GYS0000905	上海医坤生物科技有限公司	生产企业	consumable
GYS0000906	上海医欣医疗科技有限公司	生产企业	consumable
GYS0000907	上海医用缝合针厂有限公司	生产企业	consumable
GYS0000908	上海医疗器械股份有限公司	生产企业	consumable
GYS0000909	上海医疗器械股份有限公司齿科材料厂	生产企业	consumable
GYS0000910	上海医疗器械（集团）有限公司手术器械厂	生产企业	consumable
GYS0000911	上海医药集团青岛国风药业股份有限公司	生产企业/上市许可持有人	drug
GYS0000912	上海华乾医疗器械有限公司	生产企业	consumable
GYS0000913	上海华新生物高技术有限公司	生产企业/上市许可持有人	drug
GYS0000914	上海华源制药安徽广生药业有限公司	生产企业	drug
GYS0000915	上海华源安徽仁济制药有限公司	生产企业/上市许可持有人	drug
GYS0000916	上海华源安徽锦辉制药有限公司	生产企业/上市许可持有人	drug
GYS0000917	上海华源药业(宁夏)沙赛制药有限公司	生产企业/上市许可持有人	drug
GYS0000918	上海华瑞贸易发展有限公司	生产企业	consumable
GYS0000919	上海华耳维齿科技术有限公司	生产企业	consumable
GYS0000920	上海华舟压敏胶制品有限公司	生产企业	consumable
GYS0000921	上海华谊医用仪器有限公司	生产企业	consumable
GYS0000922	上海协民医用敷料厂（普通合伙）	生产企业	consumable
GYS0000923	上海卓舰牙科技术有限公司	生产企业	consumable
GYS0000924	上海博创医疗设备有限公司	生产企业	consumable
GYS0000925	上海博恩登特科技有限公司	生产企业	consumable
GYS0000926	上海博汇义齿技术有限公司	生产企业	consumable
GYS0000927	上海博玛医疗科技有限公司	生产企业	consumable
GYS0000928	上海博畅医疗科技有限公司	生产企业	consumable
GYS0000929	上海博脉安医疗科技有限公司	生产企业	consumable
GYS0000930	上海博莱科信谊药业有限责任公司	生产企业/上市许可持有人	drug
GYS0000931	上海博达医疗仪器有限公司	生产企业	consumable
GYS0000932	上海博进医疗器械有限公司	生产企业	consumable
GYS0000933	上海博进电子仪表设备工贸有限公司	生产企业	consumable
GYS0000934	上海卡敏生物科技有限公司	生产企业	consumable
GYS0000935	上海卡苏生物科技有限公司	生产企业	consumable
GYS0000936	上海卫尔集医疗科技有限公司	生产企业	consumable
GYS0000937	上海卫康光学眼镜有限公司	生产企业	consumable
GYS0000938	上海原子科兴药业有限公司	生产企业/上市许可持有人	drug
GYS0000939	上海友三贸易有限公司	生产企业	consumable
GYS0000940	上海友合医疗科技股份有限公司	生产企业	consumable
GYS0000941	上海友晟医用敷料有限公司	生产企业	consumable
GYS0000942	上海双基药业有限公司	生产企业	drug
GYS0000943	上海双申医疗器械股份有限公司	生产企业	consumable
GYS0000944	上海史可赛斯投资有限公司	生产企业	consumable
GYS0000945	上海司太立制药有限公司	生产企业/上市许可持有人	drug
GYS0000946	上海合璞医疗科技有限公司	生产企业	consumable
GYS0000947	上海吉川义齿有限公司	生产企业	consumable
GYS0000948	上海吉甫医疗科技有限公司	生产企业	consumable
GYS0000949	上海同安医疗用品制造有限公司	生产企业	consumable
GYS0000950	上海同联制药有限公司	生产企业/上市许可持有人	drug
GYS0000951	上海名流卫生用品股份有限公司	生产企业	consumable
GYS0000952	上海君实生物医药科技股份有限公司	生产企业/上市许可持有人	drug
GYS0000953	上海君联医疗设备有限公司	生产企业	consumable
GYS0000954	上海和亭商贸有限公司	生产企业	consumable
GYS0000955	上海和和义齿有限公司	生产企业	consumable
GYS0000956	上海和极实业发展有限公司	生产企业	consumable
GYS0000957	上海和胜精密齿科制作有限公司	生产企业	consumable
GYS0000958	上海和胜置略医疗科技有限公司	生产企业	consumable
GYS0000959	上海和谐义齿技术有限公司	生产企业	consumable
GYS0000960	上海和黄药业有限公司	生产企业/上市许可持有人	drug
GYS0000961	上海品美义齿加工有限公司	生产企业	consumable
GYS0000962	上海哈斯医疗器材有限公司	生产企业	consumable
GYS0000963	上海唯科生物制药有限公司	生产企业/上市许可持有人	drug
GYS0000964	上海唯美医疗器械有限公司	生产企业	consumable
GYS0000965	上海商汤医疗器械有限公司	生产企业	consumable
GYS0000966	上海商玺伟康（商丘）医药用品有限公司	生产企业	consumable
GYS0000967	上海商联医疗器械有限公司	生产企业	consumable
GYS0000968	上海善迪医疗科技有限公司	生产企业	consumable
GYS0000969	上海嘉鑫齿科器械有限公司	生产企业	consumable
GYS0000970	上海嘉霄医疗器械有限公司	生产企业	consumable
GYS0000971	上海因坊特生物科技有限公司第二分公司	生产企业	consumable
GYS0000972	上海固得医疗器械科技有限公司	生产企业	consumable
GYS0000973	上海国贤义齿有限公司	生产企业	consumable
GYS0000974	上海国颂医疗科技有限公司	生产企业	consumable
GYS0000975	上海圣哲医疗科技有限公司	生产企业	consumable
GYS0000976	上海均铭生物科学技术有限公司	生产企业	consumable
GYS0000977	上海坚藤齿科器械有限公司	生产企业	consumable
GYS0000978	上海埃尔顿医疗器械有限公司	生产企业	consumable
GYS0000979	上海埃斯埃医疗技术有限公司	生产企业	consumable
GYS0000980	上海埃立孚医疗科技有限公司	生产企业	consumable
GYS0000981	上海埃蒙迪材料科技股份有限公司	生产企业	consumable
GYS0000982	上海塔士贸易有限公司	生产企业	consumable
GYS0000983	上海声拓医疗科技有限公司	生产企业	consumable
GYS0000984	上海复宏汉霖生物制药有限公司	生产企业/上市许可持有人	drug
GYS0000985	上海复拓知达医疗科技有限公司	生产企业	consumable
GYS0000986	上海复旦复华药业有限公司	生产企业/上市许可持有人	drug
GYS0000987	上海复旦张江生物医药股份有限公司	生产企业/上市许可持有人	drug
GYS0000988	上海复旦数字医疗科技股份有限公司	生产企业	consumable
GYS0000989	上海复星医疗系统有限公司	生产企业	consumable
GYS0000990	上海复星医药产业发展有限公司	生产企业/上市许可持有人	drug
GYS0000991	上海复沃医疗用品有限公司	生产企业	consumable
GYS0000992	上海外高桥医药分销中心有限公司	生产企业	consumable
GYS0000993	上海天乐康复辅助器具有限公司	生产企业	consumable
GYS0000994	上海天伟生物制药有限公司	生产企业/上市许可持有人	drug
GYS0000995	上海天意医疗器械有限公司	生产企业	consumable
GYS0000996	上海天清生物材料有限公司	生产企业	consumable
GYS0000997	上海天照实业有限公司	生产企业	consumable
GYS0000998	上海天科贸易有限公司	生产企业	consumable
GYS0000999	上海天赐福生物工程有限公司	生产企业/上市许可持有人	drug
GYS0001000	上海天龙药业有限公司	生产企业/上市许可持有人	drug
GYS0001001	上海太昊生物科技（周口）医药有限公司	生产企业	consumable
GYS0001002	上海奇迈医疗科技有限公司	生产企业	consumable
GYS0001003	上海契斯特医疗器械有限公司	生产企业	consumable
GYS0001004	上海契斯特医疗科技公司	生产企业	consumable
GYS0001005	上海奥科达医药科技股份有限公司	生产企业/上市许可持有人	drug
GYS0001006	上海好易医用制品有限公司	生产企业	consumable
GYS0001007	上海好贴卫生用品有限公司	生产企业	consumable
GYS0001008	上海如科医疗器械有限公司	生产企业	consumable
GYS0001009	上海威宁整形制品有限公司	生产企业	consumable
GYS0001010	上海威尔医疗保健厂	生产企业	consumable
GYS0001011	上海威尔逊光电仪器有限公司	生产企业	consumable
GYS0001012	上海威昂生物科技有限公司	生产企业	consumable
GYS0001013	上海威高精创医疗科技有限公司	生产企业	consumable
GYS0001014	上海宇井贸易有限公司	生产企业	consumable
GYS0001015	上海宇曼义齿有限公司	生产企业	consumable
GYS0001016	上海安丁生物(汤阴)药业有限公司	生产企业	drug
GYS0001017	上海安久生物科技有限公司	生产企业	consumable
GYS0001018	上海安必生制药技术有限公司	生产企业/上市许可持有人	drug
GYS0001019	上海安洁电子设备有限公司	生产企业	consumable
GYS0001020	上海安清医疗器械有限公司	生产企业	consumable
GYS0001021	上海安翰医疗技术有限公司	生产企业	consumable
GYS0001022	上海安融辰牙科技术有限公司	生产企业	consumable
GYS0001023	上海安钛克医疗科技有限公司	生产企业	consumable
GYS0001024	上海安齿炫齿科器械有限公司	生产企业	consumable
GYS0001025	上海宏图医疗器械有限公司	生产企业	consumable
GYS0001026	上海宏普医疗器械有限公司	生产企业	consumable
GYS0001027	上海宏桐实业有限公司	生产企业	consumable
GYS0001028	上海宏立医疗制品有限公司	生产企业	consumable
GYS0001029	上海宏钰医疗科技有限公司	生产企业	consumable
GYS0001030	上海宏隆医疗用品设备有限公司	生产企业	consumable
GYS0001031	上海宝佳医疗器械有限公司	生产企业	consumable
GYS0001032	上海宝舜医疗器械有限公司	生产企业	consumable
GYS0001033	上海宝舜医疗用品有限公司	生产企业	consumable
GYS0001034	上海宝龙安庆药业有限公司	生产企业/上市许可持有人	drug
GYS0001035	上海宝龙药业股份有限公司	生产企业/上市许可持有人	drug
GYS0001036	上海实瞳光学科技有限公司	生产企业	consumable
GYS0001037	上海宣泰医药科技股份有限公司	生产企业/上市许可持有人	drug
GYS0001038	上海宸林工贸有限公司	生产企业	consumable
GYS0001039	上海富吉医疗器械有限公司	生产企业	consumable
GYS0001040	上海富蓝医药生物科技有限公司	生产企业	consumable
GYS0001041	上海富视远隐形眼镜有限公司	生产企业	consumable
GYS0001042	上海富达医用塑料有限公司	生产企业	consumable
GYS0001043	上海导向医疗系统有限公司	生产企业	consumable
GYS0001044	上海寿如松药业泌阳制药有限公司	生产企业	drug
GYS0001045	上海小方制药股份有限公司	生产企业/上市许可持有人	drug
GYS0001046	上海小昱医疗器械有限公司	生产企业	consumable
GYS0001047	上海小金医疗器械有限公司	生产企业	consumable
GYS0001048	上海小鱼医疗科技有限公司	生产企业	consumable
GYS0001049	上海尚兰特医疗用品有限公司	生产企业	consumable
GYS0001050	上海尚珑医疗用品有限公司	生产企业	consumable
GYS0001051	上海尚融生物科技有限公司	生产企业	consumable
GYS0001052	上海山塬齿科材料有限公司	生产企业	consumable
GYS0001053	上海嵊笃贸易商行	生产企业	consumable
GYS0001054	上海川怡医疗科技有限公司	生产企业	consumable
GYS0001055	上海市徐汇区宝宏医疗用品厂	生产企业	consumable
GYS0001056	上海帝康光学产品商贸有限公司	生产企业	consumable
GYS0001057	上海带金医疗器械有限公司	生产企业	consumable
GYS0001058	上海常平实业有限公司	生产企业	consumable
GYS0001059	上海广美义齿有限公司	生产企业	consumable
GYS0001060	上海庆安药业集团宿州制药有限公司	生产企业/上市许可持有人	drug
GYS0001061	上海库欣医疗科技有限公司	生产企业	consumable
GYS0001062	上海应手医疗器械有限公司	生产企业	consumable
GYS0001063	上海康凯来医药科技有限公司	生产企业	consumable
GYS0001064	上海康奥医疗科技有限公司	生产企业	consumable
GYS0001065	上海康奥实业发展有限公司	生产企业	consumable
GYS0001066	上海康宁医疗用品有限公司	生产企业	consumable
GYS0001067	上海康定医疗器械有限公司	生产企业	consumable
GYS0001068	上海康德莱企业发展集团股份有限公司	生产企业	consumable
GYS0001069	上海康易捷医疗科技有限公司	生产企业	consumable
GYS0001070	上海康桥齿科医械厂	生产企业	consumable
GYS0001071	上海康泰健医疗技术有限公司	生产企业	consumable
GYS0001072	上海康素美医疗技术有限公司	生产企业	consumable
GYS0001073	上海康路联医疗科技有限公司	生产企业	consumable
GYS0001074	上海康高美达医疗器械有限公司	生产企业	consumable
GYS0001075	上海延安药业(湖北)有限公司	生产企业	drug
GYS0001076	上海延安药业有限公司	生产企业/上市许可持有人	drug
GYS0001077	上海建华精细生物制品有限公司	生产企业	consumable
GYS0001078	上海开为医药科技有限公司	生产企业	consumable
GYS0001079	上海弘隆实业有限公司	生产企业	consumable
GYS0001080	上海弩速克国际贸易有限公司	生产企业	consumable
GYS0001081	上海强生制药有限公司	生产企业/上市许可持有人	drug
GYS0001082	上海强生有限公司	生产企业	drug,consumable
GYS0001083	上海形状记忆合金材料有限公司	生产企业	consumable
GYS0001084	上海彪鸿医疗科技有限公司	生产企业	consumable
GYS0001085	上海律康义齿技术有限公司	生产企业	consumable
GYS0001086	上海得沛鸥光学眼镜集团有限公司	生产企业	consumable
GYS0001087	上海微创医疗器械（集团）有限公司	生产企业	consumable
GYS0001088	上海微创医疗机器人（集团）股份有限公司	生产企业	consumable
GYS0001089	上海微创心脉医疗科技（集团）股份有限公司	生产企业	consumable
GYS0001090	上海微创心通医疗科技有限公司	生产企业	consumable
GYS0001091	上海微创旋律医疗科技有限公司	生产企业	consumable
GYS0001092	上海微创生命科技有限公司	生产企业	consumable
GYS0001093	上海微创电生理医疗科技股份有限公司	生产企业	consumable
GYS0001094	上海微创骨科医疗科技有限公司	生产企业	consumable
GYS0001095	上海微密医疗科技有限公司	生产企业	consumable
GYS0001096	上海德尔格医疗器械有限公司	生产企业	consumable
GYS0001097	上海德影医疗科技有限公司	生产企业	consumable
GYS0001098	上海德星义齿有限公司	生产企业	consumable
GYS0001099	上海德朗医疗设备有限公司	生产企业	consumable
GYS0001100	上海心玮医疗科技股份有限公司	生产企业	consumable
GYS0001101	上海心至医疗科技有限公司	生产企业	consumable
GYS0001102	上海必趣医疗科技有限公司	生产企业	consumable
GYS0001103	上海思创医疗器械有限公司	生产企业	consumable
GYS0001104	上海思沃科学仪器有限公司	生产企业	consumable
GYS0001105	上海思路迪生物医学科技有限公司	生产企业	consumable
GYS0001106	上海怡康医学科技有限公司	生产企业	consumable
GYS0001107	上海怡新医疗设备有限责任公司	生产企业	consumable
GYS0001108	上海恒尔瑞医疗器械经营有限公司	生产企业	consumable
GYS0001109	上海恒瑞医药有限公司	生产企业/上市许可持有人	drug
GYS0001110	上海恒馨医疗器械有限公司	生产企业	consumable
GYS0001111	上海恩盛医疗科技有限公司	生产企业	consumable
GYS0001112	上海恩逖医疗科技有限公司	生产企业	consumable
GYS0001113	上海恫月实业有限公司	生产企业	consumable
GYS0001114	上海悦灵医疗科技有限公司	生产企业	consumable
GYS0001115	上海悦胜芜湖药业有限公司	生产企业	drug
GYS0001116	上海惠仁(夏邑)制药有限公司	生产企业	drug
GYS0001117	上海惠永制药有限公司	生产企业/上市许可持有人	drug
GYS0001118	上海意久泰医疗科技有限公司	生产企业	consumable
GYS0001119	上海意昕医疗科技有限公司	生产企业	consumable
GYS0001120	上海意欣医疗器械有限公司	生产企业	consumable
GYS0001121	上海慈普实业有限公司	生产企业	consumable
GYS0001122	上海慧丰牙科技术有限公司	生产企业	consumable
GYS0001123	上海慧动医疗科技有限公司	生产企业	consumable
GYS0001124	上海懋煜医疗器械有限公司	生产企业	consumable
GYS0001125	上海执中医疗技术有限公司	生产企业	consumable
GYS0001126	上海拓美牙科技术有限公司	生产企业	consumable
GYS0001127	上海拜纳医疗器械有限公司	生产企业	consumable
GYS0001128	上海挚诺医疗仪器有限公司	生产企业	consumable
GYS0001129	上海振浦医疗设备有限公司	生产企业	consumable
GYS0001130	上海捍宇医疗科技股份有限公司	生产企业	consumable
GYS0001131	上海捷诺生物科技股份有限公司	生产企业	consumable
GYS0001132	上海揽慧医疗科技有限公司	生产企业	consumable
GYS0001133	上海摩漾生物科技有限公司	生产企业	consumable
GYS0001134	上海播思医药咨询有限公司	生产企业	consumable
GYS0001135	上海擎宇医疗器械有限公司	生产企业	consumable
GYS0001136	上海数健生物科技有限公司	生产企业	consumable
GYS0001137	上海斯潘威生物技术有限公司	生产企业	consumable
GYS0001138	上海新世纪齿科材料有限公司	生产企业	consumable
GYS0001139	上海新亚药业有限公司	生产企业	drug
GYS0001140	上海新亚药业邗江有限公司	生产企业/上市许可持有人	drug
GYS0001141	上海新亚药业闵行有限公司	生产企业/上市许可持有人	drug
GYS0001142	上海新兴医药股份有限公司	生产企业	drug
GYS0001143	上海新华瑞思医疗科技有限公司	生产企业	consumable
GYS0001144	上海新华联制药有限公司	生产企业	drug
GYS0001145	上海新吉而生物科技有限公司	生产企业	consumable
GYS0001146	上海新黄河制药有限公司	生产企业/上市许可持有人	drug
GYS0001147	上海方大药业股份有限公司	生产企业/上市许可持有人	drug
GYS0001148	上海方心制药科技有限公司	生产企业	drug
GYS0001149	上海方润医疗科技股份有限公司	生产企业	consumable
GYS0001150	上海施美德医疗用品有限公司	生产企业	consumable
GYS0001151	上海日机装贸易有限公司	生产企业	consumable
GYS0001152	上海旭东海普南通药业有限公司	生产企业/上市许可持有人	drug
GYS0001153	上海旭东海普药业有限公司	生产企业/上市许可持有人	drug
GYS0001154	上海旺实生物医药科技有限公司	生产企业/上市许可持有人	drug
GYS0001155	上海昊海生物科技股份有限公司	生产企业/上市许可持有人	drug,consumable
GYS0001156	上海明悦医疗科技有限公司	生产企业	consumable
GYS0001157	上海明舟医疗科技有限公司	生产企业	consumable
GYS0001158	上海明靓齿科技术有限公司	生产企业	consumable
GYS0001159	上海昕健医疗技术有限公司	生产企业	consumable
GYS0001160	上海昕宁实业有限公司	生产企业	consumable
GYS0001161	上海昕昌记忆合金科技有限公司	生产企业	consumable
GYS0001162	上海星伙医疗科技有限公司	生产企业	consumable
GYS0001163	上海星宇医疗器材有限公司	生产企业	consumable
GYS0001164	上海普实医疗器械股份有限公司	生产企业	consumable
GYS0001165	上海普康药业有限公司	生产企业/上市许可持有人	drug
GYS0001166	上海普悦新医疗科技有限公司	生产企业	consumable
GYS0001167	上海普益医疗器械股份有限公司	生产企业	consumable
GYS0001168	上海景仁医疗科技有限公司	生产企业	consumable
GYS0001169	上海景峰制药有限公司	生产企业/上市许可持有人	drug,consumable
GYS0001170	上海晶明科技发展有限公司	生产企业	consumable
GYS0001171	上海晶橙生物科技有限公司	生产企业	consumable
GYS0001172	上海晶致医疗器械有限公司	生产企业	consumable
GYS0001173	上海智成义齿制作有限公司	生产企业	consumable
GYS0001174	上海暖友实业有限公司	生产企业	consumable
GYS0001175	上海暖阳医疗器械有限公司	生产企业	consumable
GYS0001176	上海曹杨医药用品厂	生产企业	consumable
GYS0001177	上海曼吉磁生物有限公司	生产企业	consumable
GYS0001178	上海曼格磁生物工程有限公司	生产企业	consumable
GYS0001179	上海月亮湾医疗器械有限公司	生产企业	consumable
GYS0001180	上海月月舒妇女用品有限公司	生产企业	consumable
GYS0001181	上海有康医疗器械有限公司	生产企业	consumable
GYS0001182	上海朔茂医疗器械有限公司	生产企业	consumable
GYS0001183	上海朗昳生命科技有限公司	生产企业	consumable
GYS0001184	上海朗格医用电子设备制造有限公司	生产企业	consumable
GYS0001185	上海朗迈医疗器械科技有限公司	生产企业	consumable
GYS0001186	上海朗迈新能医疗科技有限公司	生产企业	consumable
GYS0001187	上海朝晖药业有限公司	生产企业/上市许可持有人	drug
GYS0001188	上海本俭实业有限公司	生产企业	consumable
GYS0001189	上海杏灵科技药业股份有限公司	生产企业	drug
GYS0001190	上海杰视医疗科技有限公司	生产企业	consumable
GYS0001191	上海杰达齿科制作有限公司	生产企业	consumable
GYS0001192	上海松佰医疗器械科技有限公司	生产企业	consumable
GYS0001193	上海松力生物技术有限公司	生产企业	consumable
GYS0001194	上海极齿臻医疗器械有限公司	生产企业	consumable
GYS0001195	上海柏越医疗设备有限公司	生产企业	consumable
GYS0001196	上海柯渡医学科技股份有限公司	生产企业	consumable
GYS0001197	上海柱企康复科技发展有限公司	生产企业	consumable
GYS0001198	上海格乐医疗器械有限公司	生产企业	consumable
GYS0001199	上海桓华制药有限公司	生产企业/上市许可持有人	drug
GYS0001200	上海梵华实业有限公司	生产企业	consumable
GYS0001201	上海森沃实业有限公司	生产企业	consumable
GYS0001202	上海森艺医疗科技有限公司	生产企业	consumable
GYS0001203	上海欣吉特生物科技有限公司	生产企业	consumable
GYS0001204	上海欣峰制药有限公司	生产企业/上市许可持有人	drug
GYS0001205	上海欣科医药有限公司	生产企业/上市许可持有人	drug
GYS0001206	上海欣美义齿有限公司	生产企业	consumable
GYS0001207	上海欧叶齿科技术有限公司	生产企业	consumable
GYS0001208	上海欧奥生医疗器械有限公司	生产企业	consumable
GYS0001209	上海欧技医疗器械有限公司	生产企业	consumable
GYS0001210	上海正大通用药业股份有限公司	生产企业/上市许可持有人	drug
GYS0001211	上海正邦医疗科技有限公司	生产企业	consumable
GYS0001212	上海毅齿工贸有限公司	生产企业	consumable
GYS0001213	上海永远幸医疗科技有限公司	生产企业	consumable
GYS0001214	上海汇丰医疗器械股份有限公司	生产企业	consumable
GYS0001215	上海汇伦医药股份有限公司	生产企业/上市许可持有人	drug
GYS0001216	上海汇伦江苏药业有限公司	生产企业/上市许可持有人	drug
GYS0001217	上海汇禾医疗科技股份有限公司	生产企业	consumable
GYS0001218	上海汇科威生物科技有限公司	生产企业	consumable
GYS0001219	上海汉瑞祥贸易有限公司	生产企业	consumable
GYS0001220	上海江夏血液技术有限公司	生产企业	consumable
GYS0001221	上海沃华产品技术服务有限公司	生产企业	consumable
GYS0001222	上海沃比医疗科技有限公司	生产企业	consumable
GYS0001223	上海沃诣医药科技有限公司	生产企业	consumable
GYS0001224	上海沙蝶齿科技术有限公司	生产企业	consumable
GYS0001225	上海沛莉商贸有限公司	生产企业	consumable
GYS0001226	上海沪祥义齿有限公司	生产企业	consumable
GYS0001227	上海沪通电子有限公司	生产企业	consumable
GYS0001228	上海沪雅科技有限公司	生产企业	consumable
GYS0001229	上海泰佑医疗器械有限公司	生产企业	consumable
GYS0001230	上海泰成科技发展有限公司	生产企业	consumable
GYS0001231	上海洛栩物资中心	生产企业	consumable
GYS0001232	上海津曼特生物科技有限公司	生产企业/上市许可持有人	drug
GYS0001233	上海洲祺医疗器械有限公司	生产企业	consumable
GYS0001234	上海洽安医疗科技有限公司	生产企业	consumable
GYS0001235	上海浦东金环医疗用品股份有限公司	生产企业	consumable
GYS0001236	上海浦卫医疗器械厂有限公司	生产企业	consumable
GYS0001237	上海浦津林州制药有限公司	生产企业/上市许可持有人	drug
GYS0001238	上海浩涟科技发展有限公司	生产企业	consumable
GYS0001239	上海浩源生物科技有限公司	生产企业/上市许可持有人	drug
GYS0001240	上海海和药物研究开发股份有限公司	生产企业/上市许可持有人	drug
GYS0001241	上海海蒂电子科技有限公司	生产企业	consumable
GYS0001242	上海海虹实业(集团)巢湖今辰药业有限公司	生产企业/上市许可持有人	drug
GYS0001243	上海涌芝投资管理有限公司	生产企业	consumable
GYS0001244	上海淞行实业有限公司	生产企业	consumable
GYS0001245	上海漪月科贸有限公司	生产企业	consumable
GYS0001246	上海潇莱科贸有限公司	生产企业	consumable
GYS0001247	上海潓美医疗科技有限公司	生产企业	consumable
GYS0001248	上海澳翔医疗科技有限公司	生产企业	consumable
GYS0001249	上海瀚达医疗器械有限公司	生产企业	consumable
GYS0001250	上海火点医疗器械有限公司	生产企业	consumable
GYS0001251	上海灵桐医药科技有限公司	生产企业/上市许可持有人	drug
GYS0001252	上海灿生医疗器械有限公司	生产企业	ivd
GYS0001253	上海炙晨医疗科技有限公司	生产企业	consumable
GYS0001254	上海爱丽克丝医疗科技有限公司	生产企业	consumable
GYS0001255	上海爱圣美科技有限公司	生产企业	consumable
GYS0001256	上海爱声生物医疗科技有限公司	生产企业	consumable
GYS0001257	上海爱姆森医疗科技发展有限公司	生产企业	consumable
GYS0001258	上海爱普医械塑胶有限公司	生产企业	consumable
GYS0001259	上海爱的发制药有限公司	生产企业/上市许可持有人	drug
GYS0001260	上海爱维沃生命技术有限公司	生产企业	consumable
GYS0001261	上海牙典医疗器械有限公司	生产企业	consumable
GYS0001262	上海牙园义齿技术有限公司	生产企业	consumable
GYS0001263	上海玄宇医疗器械有限公司	生产企业	consumable
GYS0001264	上海玉丹药业有限公司	生产企业	drug
GYS0001265	上海玉瑞生物科技(安阳)药业有限公司	生产企业	drug
GYS0001266	上海玖策医疗器械科技有限公司	生产企业	consumable
GYS0001267	上海玮启医疗器械有限公司	生产企业	consumable
GYS0001268	上海玮沐医疗科技有限公司	生产企业	consumable
GYS0001269	上海玮琅医疗科技有限公司	生产企业	consumable
GYS0001270	上海现代制药股份有限公司	生产企业/上市许可持有人	drug
GYS0001271	上海现代哈森(商丘)药业有限公司	生产企业/上市许可持有人	drug
GYS0001272	上海理想制药有限公司	生产企业/上市许可持有人	drug
GYS0001273	上海瑛泰医疗器械股份有限公司	生产企业	consumable
GYS0001274	上海瑞吉思医疗器械有限公司	生产企业	consumable
GYS0001275	上海瑞圣生物医学科技有限公司	生产企业	consumable
GYS0001276	上海瑞柯恩激光技术有限公司	生产企业	consumable
GYS0001277	上海瑞瓷齿科技术有限公司	生产企业	consumable
GYS0001278	上海瑞科健康科技有限公司	生产企业	consumable
GYS0001279	上海瑞邦生物材料有限公司	生产企业	consumable
GYS0001280	上海璎黎药业有限公司	生产企业/上市许可持有人	drug
GYS0001281	上海璞慧医疗器械有限公司	生产企业	consumable
GYS0001282	上海璞跃医疗器械有限公司	生产企业	consumable
GYS0001283	上海瓷丰牙科器材贸易有限公司	生产企业	consumable
GYS0001284	上海生大医保股份有限公司	生产企业	consumable
GYS0001285	上海生物制品研究所有限责任公司	生产企业/上市许可持有人	drug
GYS0001286	上海生知医疗科技有限公司	生产企业	consumable
GYS0001287	上海申启生物科技有限公司	生产企业	consumable
GYS0001288	上海申大医疗器械有限公司	生产企业	consumable
GYS0001289	上海申旭仪器有限公司	生产企业	consumable
GYS0001290	上海申淇医疗科技有限公司	生产企业	consumable
GYS0001291	上海申风医疗保健用品有限公司	生产企业	consumable
GYS0001292	上海畅德医疗科技有限公司	生产企业	consumable
GYS0001293	上海登德投资管理有限公司	生产企业	consumable
GYS0001294	上海白云三和感光材料有限公司	生产企业	consumable
GYS0001295	上海白衣缘生物工程有限公司	生产企业	consumable
GYS0001296	上海百岁行药业有限公司	生产企业	drug
GYS0001297	上海百洛普医疗科技有限公司	生产企业	consumable
GYS0001298	上海百特医疗用品有限公司	生产企业/上市许可持有人	drug
GYS0001299	上海皇象铁力蓝天制药有限公司	生产企业/上市许可持有人	drug
GYS0001300	上海皓尔胜齿科技术有限公司	生产企业	consumable
GYS0001301	上海益思妙医疗器械有限公司	生产企业	consumable
GYS0001302	上海益生源药业有限公司	生产企业/上市许可持有人	drug
GYS0001303	上海益超医疗器械有限公司	生产企业	consumable
GYS0001304	上海盛菲实业有限公司	生产企业	consumable
GYS0001305	上海盛迪医药有限公司	生产企业/上市许可持有人	drug
GYS0001306	上海盟科药业股份有限公司	生产企业/上市许可持有人	drug
GYS0001307	上海目利亚贸易有限公司	生产企业	consumable
GYS0001308	上海睛水光学眼镜有限公司	生产企业	consumable
GYS0001309	上海睿星医疗器材有限公司	生产企业	consumable
GYS0001310	上海睿星基因技术有限公司	生产企业	consumable
GYS0001311	上海睿植康医疗科技有限公司	生产企业	consumable
GYS0001312	上海睿泰生物科技股份有限公司	生产企业	consumable
GYS0001313	上海睿璟生物科技有限公司	生产企业	consumable
GYS0001314	上海睿聆医疗科技有限公司	生产企业	consumable
GYS0001315	上海睿齿工贸有限公司	生产企业	consumable
GYS0001316	上海硅健生物材料有限公司	生产企业	consumable
GYS0001317	上海硕琪每迪泰医疗器械有限公司	生产企业	consumable
GYS0001318	上海祥盛医疗器械厂有限公司	生产企业	consumable
GYS0001319	上海祥舒齿科技术有限公司	生产企业	consumable
GYS0001320	上海福达制药有限公司	生产企业/上市许可持有人	drug
GYS0001321	上海禾丰制药有限公司	生产企业/上市许可持有人	drug
GYS0001322	上海禾雅堂医疗科技有限公司	生产企业	consumable
GYS0001323	上海禾雅堂医疗设备有限公司	生产企业	consumable
GYS0001324	上海科华生物工程股份有限公司	生产企业/上市许可持有人	drug,consumable
GYS0001325	上海科卫医疗技术研究所	生产企业	consumable
GYS0001326	上海科太迈迪医疗器械有限公司	生产企业	consumable
GYS0001327	上海科州药物研发有限公司	生产企业/上市许可持有人	drug
GYS0001328	上海科莫齿科技术有限公司	生产企业	consumable
GYS0001329	上海科赐医疗技术有限公司	生产企业	consumable
GYS0001330	上海科进医疗科技有限公司	生产企业	consumable
GYS0001331	上海科邦医用乳胶器材有限公司	生产企业	consumable
GYS0001332	上海移宇科技有限公司	生产企业	consumable
GYS0001333	上海立美牙科技术有限公司	生产企业	consumable
GYS0001334	上海立舟生物科技有限公司	生产企业	consumable
GYS0001335	上海竞微扶生医学科技有限公司	生产企业	consumable
GYS0001336	上海米如眼镜有限公司	生产企业	consumable
GYS0001337	上海米沙瓦医科工业有限公司	生产企业	consumable
GYS0001338	上海粤亮齿科技术有限公司	生产企业	consumable
GYS0001339	上海粤冠义齿有限公司	生产企业	consumable
GYS0001340	上海粤梅义齿有限公司	生产企业	consumable
GYS0001341	上海精功齿科技术有限公司	生产企业	consumable
GYS0001342	上海索广映像有限公司	生产企业	consumable
GYS0001343	上海索康医用材料有限公司	生产企业	consumable
GYS0001344	上海纯康医疗科技有限公司	生产企业	consumable
GYS0001345	上海纳奥生物科技有限公司	生产企业	consumable
GYS0001346	上海纳辉干燥试剂厂	生产企业	consumable
GYS0001347	上海纽森医疗科技有限公司	生产企业	consumable
GYS0001348	上海纽脉医疗科技股份有限公司	生产企业	consumable
GYS0001349	上海维固医疗器械有限公司	生产企业	consumable
GYS0001350	上海维欣生物科技有限公司	生产企业	consumable
GYS0001351	上海维美佳医疗设备有限责任公司	生产企业	consumable
GYS0001352	上海绿谷制药有限公司	生产企业	drug
GYS0001353	上海罗氏制药有限公司	生产企业/上市许可持有人	drug
GYS0001354	上海美优制药有限公司	生产企业/上市许可持有人	drug
GYS0001355	上海美冠达牙科技术有限公司	生产企业	consumable
GYS0001356	上海美创医疗器械有限公司	生产企业	consumable
GYS0001357	上海美嘉医疗器械有限公司	生产企业	consumable
GYS0001358	上海美宝生命科技有限公司	生产企业	consumable
GYS0001359	上海美度义齿有限公司	生产企业	consumable
GYS0001360	上海美微达医疗科技有限公司	生产企业	consumable
GYS0001361	上海美杰医疗科技有限公司	生产企业	consumable
GYS0001362	上海美立刻义齿科技有限公司	生产企业	consumable
GYS0001363	上海群爱医疗科技有限公司	生产企业	consumable
GYS0001364	上海翔国生物科技有限公司	生产企业	ivd
GYS0001365	上海翔申义齿技术有限公司	生产企业	consumable
GYS0001366	上海翰凌医疗器械有限公司	生产企业	consumable
GYS0001367	上海联合赛尔生物工程有限公司	生产企业/上市许可持有人	drug
GYS0001368	上海联植医疗器械有限公司	生产企业	consumable
GYS0001369	上海育培医疗科技有限公司	生产企业	consumable
GYS0001370	上海胜昱医疗器械发展有限公司	生产企业	consumable
GYS0001371	上海胜迈医疗器械有限公司	生产企业	consumable
GYS0001372	上海能鸣医疗科技有限公司	生产企业	consumable
GYS0001373	上海脉科医疗科技有限公司	生产企业	consumable
GYS0001374	上海脊光医疗科技有限公司	生产企业	consumable
GYS0001375	上海脊邦医疗科技有限公司	生产企业	consumable
GYS0001376	上海腾复医疗科技有限公司	生产企业	consumable
GYS0001377	上海腾挚贸易商行	生产企业	consumable
GYS0001378	上海腾瑞制药有限公司	生产企业	drug
GYS0001379	上海腾瑞制药股份有限公司	生产企业/上市许可持有人	drug
GYS0001380	上海臻复医疗科技有限公司	生产企业	consumable
GYS0001381	上海臻威医疗器械有限公司	生产企业	consumable
GYS0001382	上海臻玉义齿有限公司	生产企业	consumable
GYS0001383	上海臻玉医疗管理有限公司	生产企业	consumable
GYS0001384	上海舒瑞康医疗科技发展有限公司	生产企业	consumable
GYS0001385	上海舒群医疗设备有限公司	生产企业	consumable
GYS0001386	上海航轩牙科器材技术有限公司	生产企业	consumable
GYS0001387	上海艺尚义齿技术有限公司	生产企业	consumable
GYS0001388	上海艾乐影像材料有限公司	生产企业	consumable
GYS0001389	上海艾力斯医药科技股份有限公司	生产企业/上市许可持有人	drug
GYS0001390	上海艾康特医疗科技有限公司	生产企业	consumable
GYS0001391	上海艾本医疗器械有限公司	生产企业	consumable
GYS0001392	上海艾迅医疗设备有限公司	生产企业	consumable
GYS0001393	上海节惠生物科技有限公司	生产企业	consumable
GYS0001394	上海芯超生物科技有限公司	生产企业	consumable
GYS0001395	上海芽春陶瓷技术有限公司	生产企业	consumable
GYS0001396	上海英威思医疗科技有限公司	生产企业	consumable
GYS0001397	上海英科心电图医疗产品有限公司	生产企业	consumable
GYS0001398	上海英诺伟医疗器械股份有限公司	生产企业	consumable
GYS0001399	上海英项医疗器械贸易有限公司	生产企业	consumable
GYS0001400	上海茸徳实业有限公司	生产企业	consumable
GYS0001401	上海荣嘉医疗科技有限公司	生产企业	consumable
GYS0001402	上海荣成医科工业有限公司	生产企业	consumable
GYS0001403	上海荣盛生物药业股份有限公司	生产企业/上市许可持有人	drug
GYS0001404	上海荣祥齿科材料有限公司	生产企业	consumable
GYS0001405	上海药明巨诺生物科技有限公司	生产企业/上市许可持有人	drug
GYS0001406	上海莱士血液制品股份有限公司	生产企业/上市许可持有人	drug
GYS0001407	上海莱彼德齿材工业有限公司	生产企业	consumable
GYS0001408	上海莱灵医疗器械有限公司	生产企业	consumable
GYS0001409	上海菁视投资管理有限公司	生产企业	consumable
GYS0001410	上海菲思挺医疗器械有限公司	生产企业	consumable
GYS0001411	上海葆菱医疗器械有限公司	生产企业	consumable
GYS0001412	上海葆隆生物科技有限公司	生产企业/上市许可持有人	drug
GYS0001413	上海葡伊医疗仪器有限公司	生产企业	consumable
GYS0001414	上海蓝帆博元医疗科技有限公司	生产企业	consumable
GYS0001415	上海蓝帆博奥医疗科技有限公司	生产企业	consumable
GYS0001416	上海蓝线电子有限公司	生产企业	consumable
GYS0001417	上海蓝脉医疗科技有限公司	生产企业	consumable
GYS0001418	上海蔡同德堂中药制药厂有限公司	生产企业/上市许可持有人	drug
GYS0001419	上海融萱生物科技有限公司	生产企业	consumable
GYS0001420	上海血液生物医药有限责任公司	生产企业/上市许可持有人	drug
GYS0001421	上海衡山药业有限公司	生产企业/上市许可持有人	drug
GYS0001422	上海衡硕牙科器材技术有限公司	生产企业	consumable
GYS0001423	上海衡轩义齿有限公司	生产企业	consumable
GYS0001424	上海裕信生物制药有限公司	生产企业/上市许可持有人	drug
GYS0001425	上海覆天医疗科技有限公司	生产企业	consumable
GYS0001426	上海视介光电科技有限公司	生产企业	consumable
GYS0001427	上海讴开生物科技有限公司	生产企业	consumable
GYS0001428	上海诺帮生物科技有限公司	生产企业	consumable
GYS0001429	上海诺帮生物科技有限公司湖南分公司	生产企业	consumable
GYS0001430	上海诺成药业股份有限公司	生产企业/上市许可持有人	drug
GYS0001431	上海诺月医疗科技有限公司	生产企业	consumable
GYS0001432	上海诺生医疗科技有限公司	生产企业	consumable
GYS0001433	上海诺英医疗器械有限公司	生产企业	consumable
GYS0001434	上海谊众药业股份有限公司	生产企业/上市许可持有人	drug
GYS0001435	上海谷方盟医药科技有限公司	生产企业/上市许可持有人	drug
GYS0001436	上海贝印贸易有限公司	生产企业	consumable
GYS0001437	上海贝奥路生物材料有限公司	生产企业	consumable
GYS0001438	上海贝敦克医疗电子有限公司	生产企业	consumable
GYS0001439	上海贝特医疗器械有限公司	生产企业	consumable
GYS0001440	上海贝珍生物科技有限公司	生产企业	consumable
GYS0001441	上海贝琼齿材股份有限公司	生产企业	consumable
GYS0001442	上海贝瑞电子科技有限公司	生产企业	consumable
GYS0001443	上海贝甄义齿科技有限公司	生产企业	consumable
GYS0001444	上海贝西生物科技有限公司	生产企业	consumable
GYS0001445	上海贵群经贸有限公司	生产企业	consumable
GYS0001446	上海赛伦生物技术股份有限公司	生产企业/上市许可持有人	drug
GYS0001447	上海赛睿宿州药业有限公司	生产企业	drug
GYS0001448	上海赛金生物医药有限公司	生产企业	drug
GYS0001449	上海赢生医疗科技有限公司	生产企业	consumable
GYS0001450	上海超然贸易有限公司	生产企业	consumable
GYS0001451	上海越光医疗科技有限公司	生产企业	consumable
GYS0001452	上海轩颐医疗科技有限公司	生产企业	consumable
GYS0001453	上海轶韵智能设备有限公司	生产企业	consumable
GYS0001454	上海输血技术有限公司	生产企业/上市许可持有人	drug,consumable
GYS0001455	上海辛菖医疗器械有限公司	生产企业	consumable
GYS0001456	上海达华医疗器械有限公司	生产企业	consumable
GYS0001457	上海达华药业有限公司	生产企业	drug
GYS0001458	上海达高医疗用品有限公司	生产企业	consumable
GYS0001459	上海达齿工贸有限公司	生产企业	consumable
GYS0001460	上海迈德米斯流体技术有限公司	生产企业	consumable
GYS0001461	上海迈思强医疗器械有限公司	生产企业	consumable
GYS0001462	上海迈诺仕医疗器械有限公司	生产企业	consumable
GYS0001463	上海运幸生物医药科技有限公司	生产企业	consumable
GYS0001464	上海远心医疗科技有限公司	生产企业	consumable
GYS0001465	上海远皓齿科技术有限公司	生产企业	consumable
GYS0001466	上海迪冉郸城制药有限公司	生产企业/上市许可持有人	drug
GYS0001467	上海迪安普医疗科技有限公司	生产企业	consumable
GYS0001468	上海迪派生物科技有限公司	生产企业	consumable
GYS0001469	上海迪繁贸易有限公司	生产企业	consumable
GYS0001470	上海迪赛诺医药集团股份有限公司	生产企业/上市许可持有人	drug
GYS0001471	上海迪赛诺生物医药有限公司	生产企业/上市许可持有人	drug
GYS0001472	上海迹嘉医疗科技有限公司	生产企业	consumable
GYS0001473	上海透景诊断科技有限公司	生产企业	consumable
GYS0001474	上海途们鑫科技有限公司	生产企业	consumable
GYS0001475	上海通力生物化学制品有限公司	生产企业	consumable
GYS0001476	上海通用药业股份有限公司	生产企业	drug
GYS0001477	上海速诚义齿有限公司	生产企业	consumable
GYS0001478	上海逸思医疗科技股份有限公司	生产企业	consumable
GYS0001479	上海邦护医用敷料制品有限公司	生产企业	consumable
GYS0001480	上海郅见生物医药技术有限公司	生产企业/上市许可持有人	drug
GYS0001481	上海都八贸易有限公司	生产企业	consumable
GYS0001482	上海都瓷牙科技术有限公司	生产企业	consumable
GYS0001483	上海金不换兰考制药有限公司	生产企业/上市许可持有人	drug
GYS0001484	上海金城素智药业有限公司	生产企业/上市许可持有人	drug
GYS0001485	上海金塔医用器材有限公司	生产企业	consumable
GYS0001486	上海金昇祥医疗科技有限公司	生产企业	consumable
GYS0001487	上海金皮宝制药有限公司	生产企业/上市许可持有人	drug
GYS0001488	上海金香乳胶制品有限公司	生产企业	consumable
GYS0001489	上海鋆策贸易商行	生产企业	consumable
GYS0001490	上海鋆通医疗科技发展有限公司	生产企业	consumable
GYS0001491	上海钧康医用设备有限公司	生产企业	consumable
GYS0001492	上海铁马医疗器械有限公司	生产企业	consumable
GYS0001493	上海铠唏尔医疗器械贸易有限公司	生产企业	consumable
GYS0001494	上海银岭新材料科技有限公司	生产企业	consumable
GYS0001495	上海锆杰义齿制作有限公司	生产企业	consumable
GYS0001496	上海锆美医疗科技有限公司	生产企业	consumable
GYS0001497	上海锐植医疗器械有限公司	生产企业	consumable
GYS0001498	上海锐翌生物科技有限公司	生产企业	consumable
GYS0001499	上海锦帝九州药业(安阳)有限公司	生产企业/上市许可持有人	drug
GYS0001500	上海锦柯信息科技有限公司	生产企业	consumable
GYS0001501	上海锦泽夏本医疗器械有限公司	生产企业	consumable
GYS0001502	上海锦浩科技发展有限公司	生产企业	consumable
GYS0001503	上海锦葵医疗器械股份有限公司	生产企业	consumable
GYS0001504	上海镭福康医疗设备有限公司	生产企业	consumable
GYS0001505	上海长征富民金山制药有限公司	生产企业/上市许可持有人	drug
GYS0001506	上海阅宸医疗用品有限公司	生产企业	consumable
GYS0001507	上海陈信医疗器械有限公司	生产企业	consumable
GYS0001508	上海雅培制药有限公司	生产企业/上市许可持有人	drug
GYS0001509	上海雅美佳齿科科技有限公司	生产企业	consumable
GYS0001510	上海雅美佳齿科科技有限公司泗阳分公司	生产企业	consumable
GYS0001511	上海雅舒义齿有限公司	生产企业	consumable
GYS0001512	上海雅谷义齿有限公司	生产企业	consumable
GYS0001513	上海雅迪陶齿发展有限公司	生产企业	consumable
GYS0001514	上海雷允上封浜制药有限公司	生产企业	drug
GYS0001515	上海雷允上药业有限公司	生产企业/上市许可持有人	drug
GYS0001516	上海雷帕罗义齿有限公司	生产企业	consumable
GYS0001517	上海震海医用设备有限公司	生产企业	consumable
GYS0001518	上海青平药业有限公司	生产企业/上市许可持有人	drug
GYS0001519	上海青普齿科材料有限公司	生产企业	consumable
GYS0001520	上海静安制药有限公司	生产企业/上市许可持有人	drug
GYS0001521	上海韩华牙科材料有限公司	生产企业	consumable
GYS0001522	上海韩洁电子科技有限公司	生产企业	consumable
GYS0001523	上海韩速百医疗器械有限公司	生产企业	consumable
GYS0001524	上海顶兴义齿制作有限公司	生产企业	consumable
GYS0001525	上海顶植医疗器械有限公司	生产企业	consumable
GYS0001526	上海颐创医药科技有限公司	生产企业	consumable
GYS0001527	上海飞栎国际贸易有限公司	生产企业	consumable
GYS0001528	上海香江医疗器材有限公司	生产企业	consumable
GYS0001529	上海骁博科技发展有限公司	生产企业	consumable
GYS0001530	上海骊霄医疗技术有限公司	生产企业	consumable
GYS0001531	上海高宇医疗器材厂	生产企业	consumable
GYS0001532	上海高科生物工程有限公司	生产企业	consumable
GYS0001533	上海高莘医疗产品有限公司	生产企业	consumable
GYS0001534	上海高视明望医疗器械有限公司	生产企业	consumable
GYS0001535	上海魅丽纬叶医疗科技有限公司	生产企业	consumable
GYS0001536	上海鲁茜医疗器材有限公司	生产企业	consumable
GYS0001537	上海鸣诺达医疗科技有限公司	生产企业	consumable
GYS0001538	上海鸿满贸易有限公司	生产企业	consumable
GYS0001539	上海鸿瑞立道医疗科技有限公司	生产企业	consumable
GYS0001540	上海鸿脉医疗科技有限公司	生产企业	consumable
GYS0001541	上海鹏冠生物医药科技有限公司	生产企业	consumable
GYS0001542	上海麦德医疗设备科技有限公司	生产企业	consumable
GYS0001543	上海黄海制药有限责任公司	生产企业/上市许可持有人	drug
GYS0001544	上海黑焰医疗科技有限公司	生产企业	consumable
GYS0001545	上海黛美医疗科技有限公司	生产企业	consumable
GYS0001546	上海鼎辉医药有限公司	生产企业/上市许可持有人	drug
GYS0001547	上海齐骥实业有限公司	生产企业	consumable
GYS0001548	上海齿亚工贸有限公司	生产企业	consumable
GYS0001549	上海齿金医疗科技有限公司	生产企业	consumable
GYS0001550	上药东英(江苏)药业有限公司	生产企业/上市许可持有人	drug
GYS0001551	上际医疗器械（杭州）有限公司	生产企业	consumable
GYS0001552	上际医疗科技（浙江）有限公司	生产企业	consumable
GYS0001553	上饶市唯美义齿有限公司	生产企业	consumable
GYS0001554	上饶市建华假肢矫形器具有限公司	生产企业	consumable
GYS0001555	上饶市护康实业有限公司	生产企业	consumable
GYS0001556	世洁卫仕（宁夏）科技有限公司	生产企业	consumable
GYS0001557	世源科技（嘉兴）医疗电子有限公司	生产企业	consumable
GYS0001558	世纪维尔（天津）商贸有限公司	生产企业	consumable
GYS0001559	世纪维祺医疗科技江苏有限公司	生产企业	consumable
GYS0001560	世耳富彭（上海）医疗器械有限公司	生产企业	consumable
GYS0001561	世英医疗科技（苏州）有限公司	生产企业	consumable
GYS0001562	世英（大连）国际贸易有限公司	生产企业	consumable
GYS0001563	世贸天阶制药(江苏)有限责任公司	生产企业/上市许可持有人	drug
GYS0001564	业聚医疗器械（深圳）有限公司	生产企业	consumable
GYS0001565	东丽医疗科技（青岛）股份有限公司	生产企业	consumable
GYS0001566	东北制药集团沈阳第一制药有限公司	生产企业/上市许可持有人	drug
GYS0001567	东友法莫西（北京）科技发展有限公司	生产企业	consumable
GYS0001568	东恒（天津）医疗器械技术开发有限公司	生产企业	consumable
GYS0001569	东悦医疗器械(武汉)有限公司	生产企业	consumable
GYS0001570	东方加悦（江苏）医疗科技有限公司	生产企业	consumable
GYS0001571	东曜药业有限公司	生产企业/上市许可持有人	drug
GYS0001572	东格尔药业有限公司	生产企业	drug
GYS0001573	东洋松蒲乳胶（锦州）有限公司	生产企业	consumable
GYS0001574	东海制药(河北)有限公司	生产企业/上市许可持有人	drug
GYS0001575	东芝堂药业(安徽)有限公司	生产企业/上市许可持有人	drug
GYS0001576	东药集团沈阳施德药业有限公司	生产企业/上市许可持有人	drug
GYS0001577	东莞住友电木有限公司	生产企业	consumable
GYS0001578	东莞佳特医疗器材有限公司	生产企业	consumable
GYS0001579	东莞博捷生物科技有限公司	生产企业	consumable
GYS0001580	东莞即佳医疗器械有限公司	生产企业	consumable
GYS0001581	东莞圣幸美生物科技有限公司	生产企业	consumable
GYS0001582	东莞天天向上医疗科技有限公司	生产企业	consumable
GYS0001583	东莞天美星医疗器械有限公司	生产企业	consumable
GYS0001584	东莞安诺佳医疗器材有限公司	生产企业	consumable
GYS0001585	东莞定远陶齿制品有限公司	生产企业	consumable
GYS0001586	东莞市一星医疗科技有限公司	生产企业	consumable
GYS0001587	东莞市东权贸易有限公司	生产企业	consumable
GYS0001588	东莞市亚洲制药有限公司	生产企业/上市许可持有人	drug
GYS0001589	东莞市亚洲制药科技有限公司	生产企业/上市许可持有人	drug
GYS0001590	东莞市京城医疗器械有限公司	生产企业	consumable
GYS0001591	东莞市仁圣堂生物科技有限公司	生产企业	consumable
GYS0001592	东莞市优丽仕医疗器械有限公司	生产企业	consumable
GYS0001593	东莞市健宝电子科技有限公司	生产企业	consumable
GYS0001594	东莞市兴洲电子科技有限公司	生产企业	consumable
GYS0001595	东莞市凯智哲医疗器械有限公司	生产企业	consumable
GYS0001596	东莞市华佑医疗科技有限公司	生产企业	consumable
GYS0001597	东莞市华健医疗科技有限公司	生产企业	consumable
GYS0001598	东莞市华跃义齿科技有限公司	生产企业	consumable
GYS0001599	东莞市协和医疗器械科技有限公司	生产企业	consumable
GYS0001600	东莞市卓业医疗器械制造有限公司	生产企业	consumable
GYS0001601	东莞市南煌医疗器械有限公司	生产企业	consumable
GYS0001602	东莞市和亿康生物科技有限公司	生产企业	consumable
GYS0001603	东莞市安保医用包装科技有限公司	生产企业	consumable
GYS0001604	东莞市宝盈妇幼用品有限公司	生产企业	consumable
GYS0001605	东莞市富诚医疗用品有限公司	生产企业	consumable
GYS0001606	东莞市寮步美粤义齿加工厂	生产企业	consumable
GYS0001607	东莞市帕菲克义齿科技有限公司	生产企业	consumable
GYS0001608	东莞市常兴纸业有限公司	生产企业	consumable
GYS0001609	东莞市康富民医疗器材有限公司	生产企业	consumable
GYS0001610	东莞市慧语实业有限公司	生产企业	consumable
GYS0001611	东莞市斯维特医疗科技有限公司	生产企业	consumable
GYS0001612	东莞市新诺达义齿制作有限公司	生产企业	consumable
GYS0001613	东莞市旭邦塑胶科技有限公司	生产企业	consumable
GYS0001614	东莞市易静医疗科技有限公司	生产企业	consumable
GYS0001615	东莞市普济医疗科技有限公司	生产企业	consumable
GYS0001616	东莞市普济药业有限公司	生产企业/上市许可持有人	drug
GYS0001617	东莞市桢荣医疗器械有限公司	生产企业	consumable
GYS0001618	东莞市植雅义齿科技有限公司	生产企业	consumable
GYS0001619	东莞市正生瑞生物医学科技有限公司	生产企业	consumable
GYS0001620	东莞市永嘉义齿有限公司	生产企业	consumable
GYS0001621	东莞市汇美义齿科技有限公司	生产企业	consumable
GYS0001622	东莞市泛美医疗器械有限公司	生产企业	consumable
GYS0001623	东莞市泰杰康复器材有限公司	生产企业	consumable
GYS0001624	东莞市泰科医疗器械有限公司	生产企业	consumable
GYS0001625	东莞市涩井生物科技有限公司	生产企业	consumable
GYS0001626	东莞市爱嘉义齿有限公司	生产企业	consumable
GYS0001627	东莞市爱拓医疗器械有限公司	生产企业	consumable
GYS0001628	东莞市米嘉医疗用品有限公司	生产企业	consumable
GYS0001629	东莞市精确电子科技有限公司	生产企业	consumable
GYS0001630	东莞市紫欣医疗器械科技有限公司	生产企业	consumable
GYS0001631	东莞市美植芽陶齿匠坊科技有限公司	生产企业	consumable
GYS0001632	东莞市美艺义齿有限公司	生产企业	consumable
GYS0001633	东莞市翔通光电技术有限公司	生产企业	consumable
GYS0001634	东莞市脉络康医疗用品有限公司	生产企业	consumable
GYS0001635	东莞市舒心护理用品有限公司	生产企业	consumable
GYS0001636	东莞市舒鑫科技有限公司	生产企业	consumable
GYS0001637	东莞市艺科口腔材料有限公司	生产企业	consumable
GYS0001638	东莞市荃鼎医疗用品有限公司	生产企业	consumable
GYS0001639	东莞市蒙泰护理用品有限公司	生产企业	consumable
GYS0001640	东莞市诚丰实业有限公司	生产企业	consumable
GYS0001641	东莞市诺万医疗器械有限公司	生产企业	consumable
GYS0001642	东莞市酷美义齿科技有限公司	生产企业	consumable
GYS0001643	东莞市金美济药业有限公司	生产企业/上市许可持有人	drug
GYS0001644	东莞市鑫之源义齿有限公司	生产企业	consumable
GYS0001645	东莞市阳之康医药有限责任公司	生产企业/上市许可持有人	drug
GYS0001646	东莞市领盛科技有限公司	生产企业	consumable
GYS0001647	东莞市鸿元医药科技有限公司	生产企业	consumable
GYS0001648	东莞康智医疗器械有限公司	生产企业	consumable
GYS0001649	东莞康钧医疗用品有限公司	生产企业	consumable
GYS0001650	东莞御治医疗器械有限公司	生产企业	consumable
GYS0001651	东莞新乐天牙科器材有限公司	生产企业	consumable
GYS0001652	东莞昊盛医疗用品实业有限公司	生产企业	consumable
GYS0001653	东莞森美医疗器械有限公司	生产企业	consumable
GYS0001654	东莞椿田医用包装材料有限公司	生产企业	consumable
GYS0001655	东莞欣意医疗保健制品厂	生产企业	consumable
GYS0001656	东莞永昇医疗科技有限公司	生产企业	consumable
GYS0001657	东莞永胜医疗制品有限公司	生产企业	consumable
GYS0001658	东莞永胜宏基医疗器械有限公司	生产企业	consumable
GYS0001659	东莞沛佳医疗保健科技有限公司	生产企业	consumable
GYS0001660	东莞泰康泡绵有限公司	生产企业	consumable
GYS0001661	东莞洋紫荆牙科器材有限公司	生产企业	consumable
GYS0001662	东莞淘美医疗器械有限公司	生产企业	consumable
GYS0001663	东莞福之元医疗器械有限公司	生产企业	consumable
GYS0001664	东莞科威医疗器械有限公司	生产企业	consumable
GYS0001665	东莞立港医疗器材有限公司	生产企业	consumable
GYS0001666	东莞英华融泰医疗科技有限公司	生产企业	consumable
GYS0001667	东莞荣瑞医疗器械有限公司	生产企业	consumable
GYS0001668	东莞莱恩特义肢矫形器有限公司	生产企业	consumable
GYS0001669	东莞鸣岐医疗器械有限公司	生产企业	consumable
GYS0001670	东莞麦可龙医疗科技有限公司	生产企业	consumable
GYS0001671	东莞麦德医疗科技有限公司	生产企业	consumable
GYS0001672	东营天东制药有限公司	生产企业/上市许可持有人	drug
GYS0001673	东营市新生假肢矫形器装配中心	生产企业	consumable
GYS0001674	东蕴医疗科技（上海）有限公司	生产企业	consumable
GYS0001675	东西贸易（上海浦东新区）有限公司	生产企业	consumable
GYS0001676	东运义齿制作（上海）有限公司	生产企业	consumable
GYS0001677	东邦生物科技（北京）有限公司	生产企业	consumable
GYS0001678	东阳市康源医疗器械有限公司	生产企业	consumable
GYS0001679	东阳祥昇医药科技有限公司	生产企业/上市许可持有人	drug
GYS0001680	东阿济仁药业有限公司	生产企业	drug
GYS0001681	东阿阿华医疗科技有限公司	生产企业	consumable
GYS0001682	东阿阿华医疗科技有限公司第一分公司	生产企业	consumable
GYS0001683	东阿阿华医疗科技有限公司药业分公司	生产企业/上市许可持有人	drug
GYS0001684	东阿阿胶(临清)药业有限公司	生产企业	drug
GYS0001685	东阿阿胶股份有限公司	生产企业/上市许可持有人	drug
GYS0001686	东陵药业科技(辽宁)有限公司	生产企业/上市许可持有人	drug
GYS0001687	丝维亚（上海）贸易有限公司	生产企业	consumable
GYS0001688	中为医疗科技（江苏）有限公司	生产企业	consumable
GYS0001689	中仁康博(北京)医药科技有限公司	生产企业/上市许可持有人	drug
GYS0001690	中仁药业集团（河南）有限公司	生产企业	consumable
GYS0001691	中億医疗科技（河南）有限公司	生产企业	consumable
GYS0001692	中元汇吉生物技术股份有限公司	生产企业	consumable
GYS0001693	中创振邦医疗科技（湖南）有限公司	生产企业	consumable
GYS0001694	中加百康（福建）医疗器械有限责任公司	生产企业	consumable
GYS0001695	中南苑（深圳）药械研究有限公司	生产企业	consumable
GYS0001696	中博医护用品（广东）有限公司	生产企业	consumable
GYS0001697	中嘉生物科技(湖北省)有限公司	生产企业/上市许可持有人	drug
GYS0001698	中国中医科学院中医临床基础医学研究所	生产企业/上市许可持有人	drug
GYS0001699	中国人民解放军中部战区总医院	制剂配制单位	preparation
GYS0001700	中国医学科学院医学生物学研究所	生产企业/上市许可持有人	drug
GYS0001701	中国医药对外贸易有限公司	生产企业	consumable
GYS0001702	中国大冢制药有限公司	生产企业/上市许可持有人	drug
GYS0001703	中国工程物理研究院核物理与化学研究所	生产企业/上市许可持有人	drug
GYS0001704	中外联（福建）医疗器械有限公司	生产企业	consumable
GYS0001705	中奥汇成科技股份有限公司	生产企业	consumable
GYS0001706	中孚生物科技集团(海南)有限公司	生产企业/上市许可持有人	drug
GYS0001707	中孚药业股份有限公司	生产企业/上市许可持有人	drug
GYS0001708	中尚医疗仪器（深圳）有限公司	生产企业	consumable
GYS0001709	中山万汉制药有限公司	生产企业/上市许可持有人	drug
GYS0001710	中山万远新药研发有限公司	生产企业/上市许可持有人	drug
GYS0001711	中山东小林医疗器械有限责任公司	生产企业	consumable
GYS0001712	中山仰视科技有限公司	生产企业	consumable
GYS0001713	中山凯康贸易有限公司	生产企业	consumable
GYS0001714	中山博睿医疗器械有限公司	生产企业	consumable
GYS0001715	中山博骏义齿技术有限公司	生产企业	consumable
GYS0001716	中山可可康制药有限公司	生产企业/上市许可持有人	drug
GYS0001717	中山和佳医疗科技有限公司	生产企业	consumable
GYS0001718	中山嘉讯医疗器械有限公司	生产企业	consumable
GYS0001719	中山大学孙逸仙纪念医院	生产企业	consumable
GYS0001720	中山大学附属第一医院	生产企业	consumable
GYS0001721	中山宏氏健康科技有限公司	生产企业	consumable
GYS0001722	中山市世医堂医疗器械有限公司	生产企业	consumable
GYS0001723	中山市全康医疗科技有限公司	生产企业	consumable
GYS0001724	中山市力恩普制药有限公司	生产企业/上市许可持有人	drug
GYS0001725	中山市医之胜医疗器械有限公司	生产企业	consumable
GYS0001726	中山市安高医疗科技有限公司	生产企业	consumable
GYS0001727	中山市富田卫生用品有限公司	生产企业	consumable
GYS0001728	中山市小榄镇森蓝电子厂	生产企业	consumable
GYS0001729	中山市康迪亚义齿有限公司	生产企业	consumable
GYS0001730	中山市微视医用科技有限公司	生产企业	consumable
GYS0001731	中山市恒丰泰医疗科技有限公司	生产企业	consumable
GYS0001732	中山市恒生药业有限公司	生产企业/上市许可持有人	drug
GYS0001733	中山市新致美义齿科技有限公司	生产企业	consumable
GYS0001734	中山市普利斯微创介入医械有限公司	生产企业	consumable
GYS0001735	中山市景弘医疗器械有限公司	生产企业	consumable
GYS0001736	中山市智达合众医疗器械有限公司	生产企业	consumable
GYS0001737	中山市沃德医疗器械有限公司	生产企业	consumable
GYS0001738	中山市沙溪镇环球通医疗器械厂	生产企业	consumable
GYS0001739	中山市泰诺医疗器械有限公司	生产企业	consumable
GYS0001740	中山市琦智医疗器械有限公司	生产企业	consumable
GYS0001741	中山市瑞丰医疗器械有限公司	生产企业	consumable
GYS0001742	中山市瑞隆医疗科技有限公司	生产企业	consumable
GYS0001743	中山市科艺义齿加工厂	生产企业	consumable
GYS0001744	中山市粤美医疗生物科技有限公司	生产企业	consumable
GYS0001745	中山市西格勒医疗用品有限公司	生产企业	consumable
GYS0001746	中山市顺通医学科技有限公司	生产企业	consumable
GYS0001747	中山未名海济生物医药有限公司	生产企业/上市许可持有人	drug
GYS0001748	中山汇丰医用包装科技有限公司	生产企业	consumable
GYS0001749	中山瑞福医疗器械科技有限公司	生产企业	consumable,ivd
GYS0001750	中山生物工程有限公司	生产企业	drug,consumable
GYS0001751	中山百慧生物科技有限公司	生产企业	consumable
GYS0001752	中山粤盛医疗器械有限公司	生产企业	consumable
GYS0001753	中山锦冠桥义齿有限公司	生产企业	consumable
GYS0001754	中山高荣电子科技有限公司	生产企业	consumable
GYS0001755	中峘本草制药有限公司	生产企业/上市许可持有人	drug
GYS0001756	中康联医疗器械制造沧州有限公司	生产企业	consumable
GYS0001757	中成(山东)医疗器械有限公司	生产企业	consumable
GYS0001758	中拓河北乳胶科技发展有限公司	生产企业	consumable
GYS0001759	中推联合河北医疗器械生产有限公司	生产企业	consumable
GYS0001760	中新棠国业（苏州）医疗科技有限公司	生产企业	consumable
GYS0001761	中晟生物科技（广东）有限公司	生产企业	consumable
GYS0001762	中普生物科技（天津）有限公司	生产企业	consumable
GYS0001763	中横国实科技有限公司	生产企业	consumable
GYS0001764	中海航集团海南康悦医药有限公司	生产企业	consumable
GYS0001765	中润康达（河北）生物科技有限公司	生产企业	consumable
GYS0001766	中润药业有限公司	生产企业/上市许可持有人	drug
GYS0001767	中深康健医疗科技（深圳）有限公司	生产企业	consumable
GYS0001768	中玉制药(海口)有限公司	生产企业/上市许可持有人	drug
GYS0001769	中环医疗科技（河南）有限公司	生产企业	consumable
GYS0001770	中瑞普迪生物医药科技（武汉）有限公司	生产企业	consumable
GYS0001771	中生方政生物技术股份有限公司	生产企业	consumable
GYS0001772	中生方政（长沙）生物技术有限公司	生产企业	consumable
GYS0001773	中电国康（重庆）数据科技有限公司	生产企业	consumable
GYS0001774	中科为民（德州）医疗科技有限公司	生产企业	consumable
GYS0001775	中科仁康医疗科技（湖南）有限公司	生产企业	consumable
GYS0001776	中科微针（北京）科技有限公司	生产企业	consumable
GYS0001777	中科恩吉博特（烟台）科技发展有限公司	生产企业	consumable
GYS0001778	中科惠康生物科技成都有限公司	生产企业	consumable
GYS0001779	中科搏康（北京）医疗器械有限公司	生产企业	consumable
GYS0001780	中科润康（山东）医疗用品有限公司	生产企业	consumable
GYS0001781	中科炬鸣(长春)医疗器械有限公司	生产企业	consumable
GYS0001782	中科生物制药股份有限公司	生产企业/上市许可持有人	drug
GYS0001783	中科睿极（嘉兴）医学科技有限公司	生产企业	consumable
GYS0001784	中科紫竹（南京）生物医学有限公司	生产企业	consumable
GYS0001785	中科贝思达（厦门）环保科技股份有限公司	生产企业	consumable
GYS0001786	中稹绿探（河南）能源集团有限公司	生产企业	consumable
GYS0001787	中织健康产业（山东）有限公司	生产企业	consumable
GYS0001788	中美上海施贵宝制药有限公司	生产企业	drug
GYS0001789	中美之光国际医疗投资管理（北京）有限公司	生产企业	consumable
GYS0001790	中美华世通生物医药科技(武汉)股份有限公司	生产企业/上市许可持有人	drug
GYS0001791	中美华世通生物医药科技（武汉）股份有限公司	生产企业	consumable
GYS0001792	中美华医(河北)制药有限公司	生产企业/上市许可持有人	drug
GYS0001793	中美天津史克制药有限公司	生产企业/上市许可持有人	drug,consumable
GYS0001794	中美百翰医疗产品（湖北）有限公司	生产企业	consumable
GYS0001795	中美联合技术（北京）有限公司	生产企业	consumable
GYS0001796	中聚科技股份有限公司	生产企业	consumable
GYS0001797	中航迈特增材科技（北京）有限公司	生产企业	consumable
GYS0001798	中船大连造船厂产业发展有限公司	生产企业	consumable
GYS0001799	中英阿诺康（宁夏）生物科技有限公司	生产企业	consumable
GYS0001800	中谷医疗器械（辽宁）有限公司	生产企业	consumable
GYS0001801	中逸安科生物技术股份有限公司	生产企业	drug
GYS0001802	中驭（北京）生物工程有限公司	生产企业	consumable
GYS0001803	中齿（山东）医疗科技有限公司	生产企业	consumable
GYS0001804	丰凯利医疗器械（上海）有限公司	生产企业	consumable
GYS0001805	临江市宏大药业有限公司	生产企业/上市许可持有人	drug
GYS0001806	临汾奇林药业有限公司	生产企业	drug
GYS0001807	临汾宝珠制药有限公司	生产企业/上市许可持有人	drug
GYS0001808	临汾市侯马经济开发区赛凌医药科技有限公司	生产企业	consumable
GYS0001809	临汾市尧都区康瑞德齿材有限公司	生产企业	consumable
GYS0001810	临汾市尧都区铭涵义齿制作有限公司	生产企业	consumable
GYS0001811	临沂一诺医疗器械有限公司	生产企业	consumable
GYS0001812	临沂东兴医疗用品有限公司	生产企业	consumable
GYS0001813	临沂中科睿鹤智慧科技有限公司	生产企业	consumable
GYS0001814	临沂利昂医疗器械有限公司	生产企业	consumable
GYS0001815	临沂图艾丘护理用品有限公司	生产企业	consumable
GYS0001816	临沂市东苑义齿加工厂	生产企业	consumable
GYS0001817	临沂市京华生物技术有限公司	生产企业	consumable
GYS0001818	临沂市兰山区奥科义齿制作中心	生产企业	consumable
GYS0001819	临沂市兴华医用器材有限公司	生产企业	consumable
GYS0001820	临沂市嘉美义齿有限公司	生产企业	consumable
GYS0001821	临沂市屹康医疗器械有限公司	生产企业	consumable
GYS0001822	临沂市洲诚信息科技有限公司	生产企业	consumable
GYS0001823	临沂市润生医疗器械有限公司	生产企业	consumable
GYS0001824	临沂康利医疗器械有限公司	生产企业	consumable
GYS0001825	临沂维康医疗器械有限公司	生产企业	consumable
GYS0001826	临沧旭正医药用品制造有限公司	生产企业	consumable
GYS0001827	临海市星亮医疗器械有限公司	生产企业	consumable
GYS0001828	临海市达美义齿制作厂	生产企业	consumable
GYS0001829	临清市固硕生物科技有限公司	生产企业	consumable
GYS0001830	临漳县新兴卫生医疗材料厂	生产企业	consumable
GYS0001831	丹东医创药业有限责任公司	生产企业/上市许可持有人	drug
GYS0001832	丹东咏华洲医疗科技有限公司	生产企业	consumable
GYS0001833	丹东宏业制药有限公司	生产企业/上市许可持有人	drug
GYS0001834	丹东市恒源日用化学有限公司	生产企业	consumable
GYS0001835	丹东市艺德医疗器械销售有限公司	生产企业	consumable
GYS0001836	丹东康信科技有限公司	生产企业	consumable
GYS0001837	丹东康复制药有限公司	生产企业	drug
GYS0001838	丹东欣时代生物医药科技有限公司	生产企业	consumable
GYS0001839	丹东英发科技开发有限公司	生产企业	consumable
GYS0001840	丹东药业集团有限公司	生产企业/上市许可持有人	drug
GYS0001841	丹娜（天津）生物科技股份有限公司	生产企业	consumable
GYS0001842	丹迪莱（山东）医疗科技有限公司	生产企业	consumable
GYS0001843	丹阳市恒宁医疗器械有限公司	生产企业	consumable
GYS0001844	丹阳市金晶卫生用品有限公司	生产企业	consumable
GYS0001845	丹阳迈亚医疗科技有限公司	生产企业	consumable
GYS0001846	为泰医疗器械（深圳）有限公司	生产企业	consumable
GYS0001847	丽声助听器（福州）有限公司	生产企业	consumable
GYS0001848	丽彩甘肃西峰制药有限公司	生产企业/上市许可持有人	drug
GYS0001849	丽水市康利医疗器械有限公司	生产企业	consumable
GYS0001850	丽水市骜康医疗器械有限公司	生产企业	consumable
GYS0001851	丽水锆诚医疗器械有限公司	生产企业	consumable
GYS0001852	丽珠医药集团股份有限公司	生产企业/上市许可持有人	drug
GYS0001853	丽珠集团丽珠制药厂	生产企业/上市许可持有人	drug
GYS0001854	丽珠集团利民制药厂	生产企业/上市许可持有人	drug
GYS0001855	久光制药技术咨询（北京）有限公司	生产企业	consumable
GYS0001856	久光制药（中国）有限公司	生产企业	consumable
GYS0001857	久心医疗科技（苏州）有限公司	生产企业	consumable
GYS0001858	义乌市保益健身器材有限公司	生产企业	consumable
GYS0001859	义乌市希福防护用品有限公司	生产企业	consumable
GYS0001860	义乌市悦齿医疗器械有限公司	生产企业	consumable
GYS0001861	义乌市捷康医疗用品有限公司	生产企业	consumable
GYS0001862	义乌市欧迪医药用品有限公司	生产企业	consumable
GYS0001863	义乌市筑真电子科技有限公司	生产企业	consumable
GYS0001864	义乌市莎维亚医疗科技有限公司	生产企业	consumable
GYS0001865	义获嘉伟瓦登特（上海）商贸有限公司	生产企业	consumable
GYS0001866	之羽（淄博）医疗科技有限公司	生产企业	consumable
GYS0001867	乌兰察布市乔氏伟业医疗器械有限公司	生产企业	consumable
GYS0001868	乌兰浩特中蒙制药有限公司	生产企业/上市许可持有人	drug
GYS0001869	乌鲁木齐万嘉医疗器械有限公司	生产企业	consumable
GYS0001870	乌鲁木齐优登医疗器械有限公司	生产企业	consumable
GYS0001871	乌鲁木齐依然齿科义齿制作有限公司	生产企业	consumable
GYS0001872	乌鲁木齐健雅口腔医疗有限责任公司	生产企业	consumable
GYS0001873	乌鲁木齐市恒升健齿齿科技术有限公司	生产企业	consumable
GYS0001874	乌鲁木齐市晶美达义齿制作厂	生产企业	consumable
GYS0001875	乌鲁木齐市洁利康医疗器械厂	生产企业	consumable
GYS0001876	乌鲁木齐市精良齿科技术有限公司	生产企业	consumable
GYS0001877	乌鲁木齐市荣成医用设备有限公司	生产企业	consumable
GYS0001878	乌鲁木齐市鑫康洁卫生材料制造有限公司	生产企业	consumable
GYS0001879	乌鲁木齐市雅婕卫生材料有限公司	生产企业	consumable
GYS0001880	乌鲁木齐康兴达齿科技术有限公司	生产企业	consumable
GYS0001881	乌鲁木齐瑞鑫达义齿有限公司	生产企业	consumable
GYS0001882	乌鲁木齐福新医疗器械有限公司	生产企业	consumable
GYS0001883	乌鲁木齐至臻至美义齿制作有限公司	生产企业	consumable
GYS0001884	乌鲁木齐领航创品齿科技术有限公司	生产企业	consumable
GYS0001885	乐乐乐秦皇岛医疗科技有限公司	生产企业	consumable
GYS0001886	乐信乐美(海南)生物科技有限公司	生产企业/上市许可持有人	drug
GYS0001887	乐信药业有限公司	生产企业/上市许可持有人	drug
GYS0001888	乐克抗体（湖南）医疗科技有限公司	生产企业	consumable
GYS0001889	乐全医疗科技（河北）有限公司	生产企业	consumable
GYS0001890	乐其健康产业（江苏盐城）有限公司	生产企业	consumable
GYS0001891	乐凯医疗科技有限公司	生产企业	consumable
GYS0001892	乐声药业石家庄有限公司	生产企业/上市许可持有人	drug
GYS0001893	乐山市嘉美冠牙科技术有限公司	生产企业	consumable
GYS0001894	乐岩新材料（苏州）有限公司	生产企业	consumable
GYS0001895	乐得美三河医疗科技有限公司	生产企业	consumable
GYS0001896	乐普制药科技有限公司	生产企业/上市许可持有人	drug
GYS0001897	乐普医学电子仪器股份有限公司	生产企业	consumable
GYS0001898	乐普恒久远药业有限公司	生产企业/上市许可持有人	drug
GYS0001899	乐普生物科技股份有限公司	生产企业/上市许可持有人	drug
GYS0001900	乐普睿康（北京）科技有限公司	生产企业	consumable
GYS0001901	乐普药业(北京)有限责任公司	生产企业/上市许可持有人	drug
GYS0001902	乐普药业科技有限公司	生产企业/上市许可持有人	drug
GYS0001903	乐普药业股份有限公司	生产企业/上市许可持有人	drug
GYS0001904	乐普（北京）医疗器械股份有限公司	生产企业	consumable
GYS0001905	乐普（北京）医疗装备有限公司	生产企业	consumable
GYS0001906	乐普（北京）诊断技术股份有限公司	生产企业	consumable
GYS0001907	乐氏同仁三门峡制药有限公司	生产企业/上市许可持有人	drug
GYS0001908	乐泰药业有限公司	生产企业/上市许可持有人	drug
GYS0001909	乐清市康复医疗设备厂	生产企业	consumable
GYS0001910	乐清市康顺塑料制品有限公司	生产企业	consumable
GYS0001911	乐清市金康特医疗器材有限公司	生产企业	consumable
GYS0001912	乐畅医疗器械（上海）有限公司	生产企业	consumable
GYS0001913	乐福思健康产业股份公司	生产企业/上市许可持有人	drug,consumable
GYS0001914	乐脉医疗科技（上海）有限公司	生产企业	consumable
GYS0001915	乐芙星（哈尔滨）生物科技有限公司	生产企业	consumable
GYS0001916	乐陵九洲医疗设备有限公司	生产企业	consumable
GYS0001917	乐陵市信诺医疗器械有限公司	生产企业	consumable
GYS0001918	乐陵市炜烨医药科技有限公司	生产企业	consumable
GYS0001919	乔斯口腔器械（深圳）有限公司	生产企业	consumable
GYS0001920	乔斯生物(深圳)科技有限公司	生产企业	consumable
GYS0001921	乔益（上海）贸易有限公司	生产企业	consumable
GYS0001922	乔美斯医疗科技（武汉）有限公司	生产企业	consumable
GYS0001923	九华华源药业股份有限公司	生产企业/上市许可持有人	drug
GYS0001924	九寨沟天然药业股份有限公司	生产企业	drug
GYS0001925	九寨沟天然药业集团有限责任公司	生产企业/上市许可持有人	drug
GYS0001926	九州通医药集团股份有限公司	生产企业	consumable
GYS0001927	九日医疗器械（盐城）有限公司	生产企业	consumable
GYS0001928	九江亨给利医用科技有限公司	生产企业	consumable
GYS0001929	九江市江盼医疗器械有限公司	生产企业	consumable
GYS0001930	九江德康假肢矫形器技术有限公司	生产企业	consumable
GYS0001931	九江捷豹药械有限公司	生产企业	consumable
GYS0001932	九江梵维萨医疗科技有限公司	生产企业	consumable
GYS0001933	九江鑫雅观医疗器械有限公司	生产企业	consumable
GYS0001934	九江雨纯生物科技有限公司	生产企业	consumable
GYS0001935	九江高科制药技术有限公司	生产企业	consumable
GYS0001936	九芝堂股份有限公司	生产企业/上市许可持有人	drug
GYS0001937	九邦医疗（广东）有限公司	生产企业	consumable
GYS0001938	乡城藏青兰药业有限公司	生产企业	consumable
GYS0001939	乳山市仁和钢瓷冠制作中心	生产企业	consumable
GYS0001940	乾藏灸医药科技（宁夏）有限公司	生产企业	consumable
GYS0001941	二零二零（北京）医疗科技有限公司	生产企业	consumable
GYS0001942	云南一枝蒿制药有限公司	生产企业/上市许可持有人	drug
GYS0001943	云南三鑫医疗科技有限公司	生产企业	consumable
GYS0001944	云南中丹红制药有限责任公司	生产企业/上市许可持有人	drug
GYS0001945	云南中齿医疗科技有限公司	生产企业	consumable
GYS0001946	云南云河药业股份有限公司	生产企业/上市许可持有人	drug,consumable
GYS0001947	云南云龙制药股份有限公司	生产企业/上市许可持有人	drug,consumable
GYS0001948	云南仁信春天义齿制作有限公司	生产企业	consumable
GYS0001949	云南伊尔美药业有限公司	生产企业	consumable
GYS0001950	云南众乾义齿科技有限公司	生产企业	consumable
GYS0001951	云南优克制药公司	生产企业/上市许可持有人	drug
GYS0001952	云南佑生药业有限责任公司	生产企业/上市许可持有人	drug
GYS0001953	云南保元堂药业有限责任公司	生产企业	drug
GYS0001954	云南傣药有限公司	生产企业/上市许可持有人	drug
GYS0001955	云南先施药业有限公司	生产企业/上市许可持有人	drug
GYS0001956	云南克雷斯制药股份有限公司	生产企业	drug
GYS0001957	云南华宜医疗科技有限公司	生产企业	consumable
GYS0001958	云南南诏药业有限公司	生产企业/上市许可持有人	drug
GYS0001959	云南可静生物科技有限公司	生产企业	consumable
GYS0001960	云南司艾特药业有限公司	生产企业/上市许可持有人	drug
GYS0001961	云南同心医疗用品有限公司	生产企业	consumable
GYS0001962	云南名扬药业有限公司	生产企业	drug
GYS0001963	云南圣科药业有限公司	生产企业/上市许可持有人	drug
GYS0001964	云南增材佳唯科技有限公司	生产企业	consumable
GYS0001965	云南大唐汉方制药股份有限公司	生产企业/上市许可持有人	drug
GYS0001966	云南大围山生物制药有限公司	生产企业/上市许可持有人	drug
GYS0001967	云南大理瑞鹤药业有限公司	生产企业/上市许可持有人	drug
GYS0001968	云南天佑熊业制药有限公司	生产企业/上市许可持有人	drug
GYS0001969	云南好迪医疗器械有限公司	生产企业	consumable
GYS0001970	云南家红齿科技术股份有限公司	生产企业	consumable
GYS0001971	云南巨研医用生物科技股份有限公司	生产企业	consumable
GYS0001972	云南广福药业有限公司	生产企业/上市许可持有人	drug
GYS0001973	云南康健善美制药有限公司	生产企业/上市许可持有人	drug
GYS0001974	云南康帆医疗器械有限公司	生产企业	consumable
GYS0001975	云南康恩贝希陶药业有限公司	生产企业/上市许可持有人	drug,consumable
GYS0001976	云南微乐数字医疗科技有限公司	生产企业	consumable
GYS0001977	云南德华生物药业有限公司	生产企业	consumable
GYS0001978	云南思创特医疗器械有限公司	生产企业	consumable
GYS0001979	云南拜奥泰克生物技术有限责任公司	生产企业	consumable
GYS0001980	云南拯牙者义齿制作有限公司	生产企业	consumable
GYS0001981	云南无敌制药有限责任公司	生产企业/上市许可持有人	drug
GYS0001982	云南日冠假牙科技发展有限公司	生产企业	consumable
GYS0001983	云南昊邦制药有限公司	生产企业/上市许可持有人	drug
GYS0001984	云南明镜亨利制药有限公司	生产企业/上市许可持有人	drug
GYS0001985	云南晓康科技有限公司	生产企业	consumable
GYS0001986	云南晨业医疗器械有限公司	生产企业	consumable
GYS0001987	云南晨业生物科技有限公司	生产企业	consumable
GYS0001988	云南普慧医疗科技有限公司	生产企业	consumable
GYS0001989	云南普洱丹州制药股份有限公司	生产企业/上市许可持有人	drug
GYS0001990	云南植物药业有限公司	生产企业/上市许可持有人	drug,consumable
GYS0001991	云南楚雄云中制药有限责任公司	生产企业/上市许可持有人	drug
GYS0001992	云南楚雄天利药业有限公司	生产企业/上市许可持有人	drug
GYS0001993	云南欧维欧义齿科技有限公司	生产企业	consumable
GYS0001994	云南欧铂斯医疗科技有限公司	生产企业	consumable
GYS0001995	云南永孜堂制药有限公司	生产企业/上市许可持有人	drug
GYS0001996	云南永安制药有限公司	生产企业/上市许可持有人	drug
GYS0001997	云南泽滇医疗器械有限公司	生产企业	consumable
GYS0001998	云南海沣药业有限公司	生产企业/上市许可持有人	drug
GYS0001999	云南海福盈医疗器械有限公司	生产企业	consumable
GYS0002000	云南润嘉药业有限公司	生产企业/上市许可持有人	drug
GYS0002001	云南清逸堂实业有限公司	生产企业	consumable
GYS0002002	云南溢森缘生物发展股份有限公司	生产企业	consumable
GYS0002003	云南滇中药业有限公司	生产企业/上市许可持有人	drug
GYS0002004	云南滇善堂药业有限公司	生产企业/上市许可持有人	drug
GYS0002005	云南滇隆制药有限公司	生产企业/上市许可持有人	drug
GYS0002006	云南特安呐制药股份有限公司	生产企业	drug
GYS0002007	云南犇泽医疗科技发展有限公司	生产企业	consumable
GYS0002008	云南玉药生物制药有限公司	生产企业/上市许可持有人	drug
GYS0002009	云南生物谷药业股份有限公司	生产企业/上市许可持有人	drug
GYS0002010	云南白药集团医疗科技合肥有限公司	生产企业	consumable
GYS0002011	云南白药集团大理药业有限责任公司	生产企业/上市许可持有人	drug
GYS0002012	云南白药集团文山七花有限责任公司	生产企业/上市许可持有人	drug
GYS0002013	云南白药集团无锡药业有限公司	生产企业/上市许可持有人	drug,consumable
GYS0002014	云南白药集团股份有限公司	生产企业/上市许可持有人	drug,consumable
GYS0002015	云南盘龙云海药业有限公司	生产企业/上市许可持有人	drug
GYS0002016	云南盛飞达胶塞卫生器材有限公司	生产企业	consumable
GYS0002017	云南省普洱市金利湾生物科技有限公司	生产企业	consumable
GYS0002018	云南省曲靖药业有限公司	生产企业/上市许可持有人	drug
GYS0002019	云南省楚雄州医用器具有限责任公司	生产企业	consumable
GYS0002020	云南省陇川县章凤制药厂	生产企业/上市许可持有人	drug
GYS0002021	云南神威施普瑞药业有限公司	生产企业/上市许可持有人	drug
GYS0002022	云南维和药业股份有限公司	生产企业	drug
GYS0002023	云南腾冲东方红制药有限公司	生产企业/上市许可持有人	drug
GYS0002024	云南腾药制药股份有限公司	生产企业/上市许可持有人	drug
GYS0002025	云南药科院生物医药股份有限公司	生产企业/上市许可持有人	drug
GYS0002026	云南蓝绿康药业有限公司	生产企业	drug
GYS0002027	云南虹云医疗用品有限公司	生产企业	consumable
GYS0002028	云南蜀云科技有限公司	生产企业	consumable
GYS0002029	云南裕丰药业有限公司	生产企业/上市许可持有人	drug
GYS0002030	云南象山医用材料有限公司	生产企业	consumable
GYS0002031	云南贝泰妮生物科技集团股份有限公司	生产企业	consumable
GYS0002032	云南贝洋生物科技有限公司	生产企业	consumable
GYS0002033	云南迈特力医疗技术有限公司	生产企业	consumable
GYS0002034	云南运圣医疗器械有限公司	生产企业	consumable
GYS0002035	云南通大生物药业有限公司	生产企业/上市许可持有人	drug
GYS0002036	云南通用善美制药有限责任公司	生产企业	drug
GYS0002037	云南郑保制药有限公司	生产企业	consumable
GYS0002038	云南郡筹制药有限公司	生产企业	drug
GYS0002039	云南金七制药有限公司	生产企业	drug
GYS0002040	云南金不换(集团)有限公司药业分公司	生产企业/上市许可持有人	drug
GYS0002041	云南金乌黑药制药有限公司	生产企业/上市许可持有人	drug
GYS0002042	云南金柯制药有限公司	生产企业/上市许可持有人	drug
GYS0002043	云南金碧制药有限公司	生产企业/上市许可持有人	drug
GYS0002044	云南铭汀生物科技有限公司	生产企业	consumable
GYS0002045	云南铭鼎药业有限公司	生产企业	drug
GYS0002046	云南锦冠桥义齿有限公司	生产企业	consumable
GYS0002047	云南雄康医疗科技有限公司	生产企业	consumable
GYS0002048	云南雅泉生物科技有限公司	生产企业	consumable
GYS0002049	云南雅琳医疗科技有限公司	生产企业	consumable
GYS0002050	云南雷允上药业有限公司	生产企业/上市许可持有人	drug
GYS0002051	云南颌顺医疗器械有限公司	生产企业	consumable
GYS0002052	云南魅力汉道制药有限公司	生产企业/上市许可持有人	drug
GYS0002053	云南黄家医圈制药有限公司	生产企业/上市许可持有人	drug
GYS0002054	云南龙发制药有限公司	生产企业	drug
GYS0002055	云南龙发制药股份有限公司	生产企业/上市许可持有人	drug
GYS0002056	云南龙恩制药有限公司	生产企业/上市许可持有人	drug
GYS0002057	云南龙海天然植物药业有限公司	生产企业/上市许可持有人	drug
GYS0002058	云杉医疗用品（广州）有限公司	生产企业	consumable
GYS0002059	云渡医疗科技（杭州）有限公司	生产企业	consumable
GYS0002060	云网智疗（江苏）医疗科技有限公司	生产企业	consumable
GYS0002061	云药鲁云药业（山东）有限公司	生产企业	consumable
GYS0002062	云雅医疗科技（常州）有限公司	生产企业	consumable
GYS0002063	云飞生物药业（吉林）有限公司	生产企业	consumable
GYS0002064	云鹏医药集团有限公司	生产企业/上市许可持有人	drug
GYS0002065	互加医疗科技（合肥）有限公司	生产企业	consumable
GYS0002066	互贵科技（重庆）有限公司	生产企业	consumable
GYS0002067	五0五药业有限公司	生产企业/上市许可持有人	drug
GYS0002068	亚什兰化学贸易（上海）有限公司	生产企业	consumable
GYS0002069	亚克医用制品（北京）有限公司	生产企业	consumable
GYS0002070	亚宝药业四川制药有限公司	生产企业/上市许可持有人	drug
GYS0002071	亚宝药业太原制药有限公司	生产企业/上市许可持有人	drug
GYS0002072	亚宝药业贵阳制药有限公司	生产企业	drug
GYS0002073	亚宝药业集团股份有限公司	生产企业/上市许可持有人	drug
GYS0002074	亚美斯特（天津）医疗器械有限公司	生产企业	consumable
GYS0002075	亚美讯（上海）医疗器械有限公司	生产企业	consumable
GYS0002076	亚能生物技术（深圳）有限公司	生产企业	consumable
GYS0002077	亚邦医药股份有限公司	生产企业/上市许可持有人	drug
GYS0002078	亚都医疗科技（河南）有限公司	生产企业	consumable
GYS0002079	交发合锐生物技术（日照）有限公司	生产企业	consumable
GYS0002080	京创(厦门)制药有限公司	生产企业	consumable
GYS0002081	京同源（北京）科技发展有限公司	生产企业	consumable
GYS0002082	京品医学科技（北京）有限公司	生产企业	consumable
GYS0002083	京山泰元齿研有限公司	生产企业	consumable
GYS0002084	京岛医疗科技（青岛）有限公司	生产企业	consumable
GYS0002085	京美德（深圳）医疗科技有限公司	生产企业	consumable
GYS0002086	京都养生堂制药厂有限公司	生产企业/上市许可持有人	drug
GYS0002087	京都念慈菴总厂有限公司	生产企业/上市许可持有人	drug
GYS0002088	亳州万诺医药科技有限公司	生产企业/上市许可持有人	drug
GYS0002089	亳州亚英医药科技有限公司	生产企业/上市许可持有人	drug
GYS0002090	亳州千安智医疗生物科技有限公司	生产企业	consumable
GYS0002091	亳州市艾可舒医疗科技有限公司	生产企业	consumable
GYS0002092	亳州市金康医疗器械有限公司	生产企业	consumable
GYS0002093	亳州融健医疗用品有限公司	生产企业	consumable
GYS0002094	人福医药集团医疗用品有限公司	生产企业	consumable
GYS0002095	人福普克药业(武汉)有限公司	生产企业/上市许可持有人	drug
GYS0002096	亿一生物制药(北京)有限公司	生产企业/上市许可持有人	drug
GYS0002097	亿中弘(河南)医疗科技有限公司	生产企业	consumable
GYS0002098	亿众医疗器械(长垣市)有限公司	生产企业	consumable
GYS0002099	亿众医疗器械有限公司	生产企业	consumable
GYS0002100	亿信医疗器械股份有限公司	生产企业	consumable
GYS0002101	亿石（扬州）医疗科技有限公司	生产企业	consumable
GYS0002102	亿维源（辽宁）药业有限责任公司	生产企业	consumable
GYS0002103	亿腾医药(苏州)有限公司	生产企业/上市许可持有人	drug
GYS0002104	亿药通(河北)生物科技有限公司	生产企业/上市许可持有人	drug
GYS0002105	仁合熙德隆药业有限公司	生产企业/上市许可持有人	drug
GYS0002106	仁合益康集团有限公司	生产企业/上市许可持有人	drug
GYS0002107	仁和堂药业有限公司	生产企业/上市许可持有人	drug
GYS0002108	仁邦药业（贵州）有限公司	生产企业	consumable
GYS0002109	今御龙医疗科技（湖北）有限公司	生产企业	consumable
GYS0002110	今马叮当医药科技（河北）有限公司	生产企业	consumable
GYS0002111	介之良（北京）医疗科技有限公司	生产企业	consumable
GYS0002112	仙桃三楚友康医药科技有限公司	生产企业	consumable
GYS0002113	仙桃威尔美德防护用品有限公司	生产企业	consumable
GYS0002114	仙桃市中医医院	制剂配制单位	preparation
GYS0002115	仙桃市卫洁防护用品有限公司	生产企业	consumable
GYS0002116	仙桃市拓迈无纺布防护用品有限公司	生产企业	consumable
GYS0002117	仙桃市旭阳无纺布制品有限公司	生产企业	consumable
GYS0002118	仙桃市洁美塑料制品有限公司	生产企业	consumable
GYS0002119	仙桃市瑞锋卫生防护用品有限公司	生产企业	consumable
GYS0002120	仙桃市第一人民医院	制剂配制单位	preparation
GYS0002121	仙桃永利医疗用品有限公司	生产企业	consumable
GYS0002122	仙桃盛美工贸有限公司	生产企业	consumable
GYS0002123	仟草优品（西安）健康科技有限公司	生产企业	consumable
GYS0002124	以岭万洲国际制药有限公司	生产企业/上市许可持有人	drug
GYS0002125	以诺康医疗科技（合肥）有限公司	生产企业	consumable
GYS0002126	以诺康医疗科技（苏州）有限公司	生产企业	consumable
GYS0002127	仪诺康科技（天津）有限公司	生产企业	consumable
GYS0002128	仲景宛西制药股份有限公司	生产企业/上市许可持有人	drug
GYS0002129	任丘市雄康药品包装材料有限公司	生产企业	consumable
GYS0002130	伊佳保（广州）医疗器材有限公司	生产企业	consumable
GYS0002131	伊春五加参药业有限责任公司	生产企业/上市许可持有人	drug
GYS0002132	伊春市立群齿业有限公司	生产企业	consumable
GYS0002133	伊春市鹤年堂医疗器械有限公司	生产企业	consumable
GYS0002134	伊春康尔心药业有限公司	生产企业/上市许可持有人	drug
GYS0002135	伊春药业有限公司	生产企业/上市许可持有人	drug
GYS0002136	伊春金北药制药有限公司	生产企业	drug
GYS0002137	伊犁全鹿制药有限公司	生产企业/上市许可持有人	drug
GYS0002138	伊贝欧力假肢矫形器技术（漳州）有限公司	生产企业	consumable
GYS0002139	伏羲医疗用品（江门）有限公司	生产企业	consumable
GYS0002140	众之峰(苏州)医疗科技有限公司	生产企业	consumable
GYS0002141	众康科技（蕲春)有限公司	生产企业	consumable
GYS0002142	优乐卫生用品（烟台市）有限公司	生产企业	consumable
GYS0002143	优尔爱（常州）医疗科技有限公司	生产企业	consumable
GYS0002144	优尔爱（湖南）医疗科技有限公司	生产企业	consumable
GYS0002145	优尼特尔南京制药有限公司	生产企业/上市许可持有人	drug
GYS0002146	优尼麦迪克器械（深圳）有限公司	生产企业	consumable
GYS0002147	优康利莱新医疗科技（威海）有限公司	生产企业	consumable
GYS0002148	优时比(珠海)制药有限公司	生产企业/上市许可持有人	drug
GYS0002149	优福通（徐州）光电技术有限公司	生产企业	consumable
GYS0002150	优美爱（中国）有限公司	生产企业	consumable
GYS0002151	优诺医疗器械（霸州）有限公司	生产企业	consumable
GYS0002152	优诺康（北京）医药技术服务有限公司	生产企业	consumable
GYS0002153	优赛特（苏州）医疗器械有限公司	生产企业	consumable
GYS0002154	优适医疗科技（苏州）有限公司	生产企业	consumable
GYS0002155	会好健康科技（广州）有限公司	生产企业	consumable
GYS0002156	伟亚安医疗器械（上海）有限公司	生产企业	consumable
GYS0002157	伟康医疗产品（深圳）有限公司	生产企业	consumable
GYS0002158	伟登齿科技术（上海）有限公司	生产企业	consumable
GYS0002159	伟荣医疗器械海门有限公司	生产企业	consumable
GYS0002160	传跃生物科技有限公司	生产企业	consumable
GYS0002161	伯格曼（江苏）医疗科技有限公司	生产企业	consumable
GYS0002162	伽俐略（厦门）科技有限公司	生产企业	consumable
GYS0002163	佐今明制药股份有限公司	生产企业/上市许可持有人	drug
GYS0002164	佑华制药(乐山)有限公司	生产企业/上市许可持有人	drug
GYS0002165	佑华制药(乐山有限公司)	生产企业/上市许可持有人	drug
GYS0002166	佑华医药科技有限公司	生产企业/上市许可持有人	drug
GYS0002167	佑成（杭州）医疗器械有限公司	生产企业	consumable
GYS0002168	佑锐健康科技(重庆)有限公司	生产企业	consumable
GYS0002169	余姚市久盛医疗用品厂	生产企业	consumable
GYS0002170	余姚市华邦医疗器械厂	生产企业	consumable
GYS0002171	余姚市吉康医疗器械厂	生产企业	consumable
GYS0002172	余姚市奥然义齿制品厂	生产企业	consumable
GYS0002173	余姚市宇峰医疗器械有限公司	生产企业	consumable
GYS0002174	余姚市广景医疗器械有限公司	生产企业	consumable
GYS0002175	余姚市康浩医疗器械厂	生产企业	consumable
GYS0002176	余姚市晨康医疗器械厂	生产企业	consumable
GYS0002177	余姚市盛昌医用器材厂	生产企业	consumable
GYS0002178	余姚市通济医疗器械有限公司	生产企业	consumable
GYS0002179	余姚市鑫石石膏制品有限公司	生产企业	consumable
GYS0002180	余姚意博医疗器械有限公司	生产企业	consumable
GYS0002181	余江县健鑫医用器材有限公司	生产企业	consumable
GYS0002182	佛山万盈科医疗器械有限公司	生产企业	consumable
GYS0002183	佛山众信康生物科技有限公司	生产企业	consumable
GYS0002184	佛山冰加退热贴有限公司	生产企业	consumable
GYS0002185	佛山医健同泰医药用品有限公司	生产企业	consumable
GYS0002186	佛山博艺生物科技有限公司	生产企业	consumable
GYS0002187	佛山复星禅诚医院有限公司	生产企业	consumable
GYS0002188	佛山市东方医疗设备厂有限公司	生产企业	consumable
GYS0002189	佛山市乙太医疗用品有限公司	生产企业	consumable
GYS0002190	佛山市优特医疗科技有限公司	生产企业	consumable
GYS0002191	佛山市佛冠义齿有限公司	生产企业	consumable
GYS0002192	佛山市兴汇医用塑料有限公司	生产企业	consumable
GYS0002193	佛山市其右医疗科技有限公司	生产企业	consumable
GYS0002194	佛山市凯亚医疗科技有限公司	生产企业	consumable
GYS0002195	佛山市华士康医疗用品有限公司	生产企业	consumable
GYS0002196	佛山市华普生药业有限公司	生产企业/上市许可持有人	drug
GYS0002197	佛山市南海凤华医疗器械有限公司	生产企业	consumable
GYS0002198	佛山市南海区启捷义齿有限公司	生产企业	consumable
GYS0002199	佛山市南海区桂城福恩德义齿加工场	生产企业	consumable
GYS0002200	佛山市南海区里水爵冠义齿有限公司	生产企业	consumable
GYS0002201	佛山市南海奥利华医疗器械有限公司	生产企业	consumable
GYS0002202	佛山市南海宝康宁医疗用品有限公司	生产企业	consumable
GYS0002203	佛山市南海康得福医疗用品有限公司	生产企业	consumable
GYS0002204	佛山市南海辉越医用设备有限公司	生产企业	consumable
GYS0002205	佛山市博新生物科技有限公司	生产企业	consumable
GYS0002206	佛山市可然医疗科技有限公司	生产企业	consumable
GYS0002207	佛山市奇汇医疗器械有限公司	生产企业	consumable
GYS0002208	佛山市宇森医疗器械有限公司	生产企业	consumable
GYS0002209	佛山市安伦医疗器械有限公司	生产企业	consumable
GYS0002210	佛山市工巧医疗器械有限公司	生产企业	consumable
GYS0002211	佛山市平创医疗科技有限公司	生产企业	consumable
GYS0002212	佛山市康复医疗设备厂	生产企业	consumable
GYS0002213	佛山市康宇达医疗器械有限公司	生产企业	consumable
GYS0002214	佛山市康鸿科技有限公司	生产企业	consumable
GYS0002215	佛山市彤鑫医疗器材股份有限公司	生产企业	consumable
GYS0002216	佛山市德维医学诊断科技有限公司	生产企业	consumable
GYS0002217	佛山市德艺会牙科技术有限公司	生产企业	consumable
GYS0002218	佛山市怡创生化科技有限公司	生产企业	consumable
GYS0002219	佛山市怡立通药业有限公司	生产企业	consumable
GYS0002220	佛山市恒创齿科医疗器械有限公司	生产企业	consumable
GYS0002221	佛山市昊宁康医疗器械有限公司	生产企业	consumable
GYS0002222	佛山市昊康医疗用品有限公司	生产企业	consumable
GYS0002223	佛山市智能臻德齿科有限公司	生产企业	consumable
GYS0002224	佛山市杉山大唐医疗科技有限公司	生产企业	consumable
GYS0002225	佛山市柏杜义齿有限公司	生产企业	consumable
GYS0002226	佛山市森川精密器械有限公司	生产企业	consumable
GYS0002227	佛山市欣悦医药科技有限公司	生产企业	consumable
GYS0002228	佛山市永坚假肢矫形器有限公司	生产企业	consumable
GYS0002229	佛山市沃秀蔓诚医疗器械有限公司	生产企业	consumable
GYS0002230	佛山市津上医疗科技有限公司	生产企业	consumable
GYS0002231	佛山市瑞志医疗科技有限公司	生产企业	consumable
GYS0002232	佛山市瑞达医疗器械有限公司	生产企业	consumable
GYS0002233	佛山市登煌医疗器械有限公司	生产企业	consumable
GYS0002234	佛山市禅城区南庄镇明兴医用塑料厂	生产企业	consumable
GYS0002235	佛山市福斯曼医疗科技有限公司	生产企业	consumable
GYS0002236	佛山市科迪美口腔技术有限公司	生产企业	consumable
GYS0002237	佛山市稳健医疗器械有限公司	生产企业	consumable
GYS0002238	佛山市经民纬医疗用品有限公司	生产企业	consumable
GYS0002239	佛山市肽和医疗科技有限公司	生产企业	consumable
GYS0002240	佛山市艾伯维科技有限公司	生产企业	consumable
GYS0002241	佛山市莎莉卫生用品科技有限公司	生产企业	consumable
GYS0002242	佛山市誉润卫生用品有限公司	生产企业	consumable
GYS0002243	佛山市迪华科技有限公司	生产企业	consumable
GYS0002244	佛山市雅加固医疗器械有限公司	生产企业	consumable
GYS0002245	佛山市雅皓义齿有限公司	生产企业	consumable
GYS0002246	佛山市顺德东昀医疗科技有限公司	生产企业	consumable
GYS0002247	佛山市顺德区中强医疗器械有限公司	生产企业	consumable
GYS0002248	佛山市顺德区依士文电子仪器有限公司	生产企业	consumable
GYS0002249	佛山市顺德区创智卫生医疗用品有限公司	生产企业	consumable
GYS0002250	佛山市顺德区康正卫生材料有限公司	生产企业	consumable
GYS0002251	佛山市顺德区德维医疗科技有限公司	生产企业	consumable
GYS0002252	佛山市顺德区键合电子有限公司	生产企业	consumable
GYS0002253	佛山市飞翼医疗器械科技有限公司	生产企业	consumable
GYS0002254	佛山市飞鸿义齿有限公司	生产企业	consumable
GYS0002255	佛山市驷恩科技有限公司	生产企业	consumable
GYS0002256	佛山德芮可制药有限公司	生产企业/上市许可持有人	drug
GYS0002257	佛山戴澳思医疗设备科技有限公司	生产企业	consumable
GYS0002258	佛山手心制药有限公司	生产企业/上市许可持有人	drug
GYS0002259	佛山拜澳生物科技有限公司	生产企业	consumable
GYS0002260	佛山昊朗药业有限责任公司	生产企业/上市许可持有人	drug
GYS0002261	佛山智达医疗器械有限公司	生产企业	consumable
GYS0002262	佛山海环医疗器械有限公司	生产企业	consumable
GYS0002263	佛山润邦医疗科技有限公司	生产企业	consumable
GYS0002264	佛山特种医用导管有限责任公司	生产企业	consumable
GYS0002265	佛山铂瑞天辰医疗器械科技有限公司	生产企业	consumable
GYS0002266	佛山顺雅义齿有限公司	生产企业	consumable
GYS0002267	佛山高臣药业股份有限公司	生产企业	consumable
GYS0002268	佛山齿生缘齿科医疗器械有限公司	生产企业	consumable
GYS0002269	佰奥达生物科技（武汉）股份有限公司	生产企业	consumable
GYS0002270	佰思特（吉林省）医疗器材有限公司	生产企业	consumable
GYS0002271	佰思美（上海）医疗器械有限公司	生产企业	consumable
GYS0002272	佰石德（上海）医疗器械有限公司	生产企业	consumable
GYS0002273	佰礼激光科技（上海）有限公司	生产企业	consumable
GYS0002274	佰策（上海）贸易有限公司	生产企业	consumable
GYS0002275	佳合医材（苏州）有限公司	生产企业	consumable
GYS0002276	佳宇（山东）医疗器械有限责任公司	生产企业	consumable
GYS0002277	佳康医用器材（青岛）有限公司	生产企业	consumable
GYS0002278	佳思德科技（深圳）有限公司	生产企业	consumable
GYS0002279	佳木斯亿伯义齿有限公司	生产企业	consumable
GYS0002280	佳木斯嘉诚义齿有限公司	生产企业	consumable
GYS0002281	佳木斯市信义嘉现代义齿制作有限公司	生产企业	consumable
GYS0002282	佳木斯市天宇齿业有限公司	生产企业	consumable
GYS0002283	佳木斯市梓航齿业有限公司	生产企业	consumable
GYS0002284	佳木斯齿康医疗器械有限公司	生产企业	consumable
GYS0002285	佳泰康医疗设备（广州）有限公司	生产企业	consumable
GYS0002286	侒捷祐（苏州）医疗设备贸易有限公司	生产企业	consumable
GYS0002287	依奈德医疗技术（上海）有限公司	生产企业	consumable
GYS0002288	依文服饰股份有限公司	生产企业	consumable
GYS0002289	便捷安（金华）医疗器械有限公司	生产企业	consumable
GYS0002290	俊和福迈医疗器械（盐城）有限公司	生产企业	consumable
GYS0002291	保佳力科技（北京）有限公司	生产企业	consumable
GYS0002292	保和堂(焦作)制药有限公司	生产企业/上市许可持有人	drug
GYS0002293	保定三普科技开发有限公司	生产企业	consumable
GYS0002294	保定中药制药股份有限公司	生产企业/上市许可持有人	drug
GYS0002295	保定众怀生物科技有限公司	生产企业	consumable
GYS0002296	保定华有医疗器械有限公司	生产企业	consumable
GYS0002297	保定古城制药有限公司	生产企业/上市许可持有人	drug
GYS0002298	保定君凯涞义齿制造有限公司	生产企业	consumable
GYS0002299	保定天浩制药有限公司	生产企业/上市许可持有人	drug
GYS0002300	保定孚泰药业有限公司	生产企业/上市许可持有人	drug
GYS0002301	保定市三基医疗器械科技有限公司	生产企业	consumable
GYS0002302	保定市乐海工贸有限公司	生产企业	consumable
GYS0002303	保定市卓盛医疗器械制造有限公司	生产企业	consumable
GYS0002304	保定市思瑞医疗器械制造有限公司	生产企业	consumable
GYS0002305	保定市星灿义齿制作有限公司	生产企业	consumable
GYS0002306	保定市绿谷医疗器械制造有限公司	生产企业	consumable
GYS0002307	保定市鑫弘医疗器械科技有限公司	生产企业	consumable
GYS0002308	保定市雪之光医疗器械有限公司	生产企业	consumable
GYS0002309	保定汇达生化科技开发有限公司	生产企业	consumable
GYS0002310	保定河山成像设备有限公司	生产企业	consumable
GYS0002311	保定泰鑫德医疗器械制造有限公司	生产企业	consumable
GYS0002312	保定玉山医疗器械制造有限公司	生产企业	consumable
GYS0002313	保定贸正劳保用品制造有限公司	生产企业	consumable
GYS0002314	保定辉瑞医疗器械有限公司	生产企业	consumable
GYS0002315	保定银虹裕赫医疗器械制造有限公司	生产企业	consumable
GYS0002316	保定隆泰医疗器械制造有限公司	生产企业	consumable
GYS0002317	保赫曼（上海）贸易有限公司	生产企业	consumable
GYS0002318	信东生技股份有限公司	生产企业/上市许可持有人	drug
GYS0002319	信东生技股份有限公司Taiwan Biotech Co.,Ltd.	生产企业	drug
GYS0002320	信合援生制药股份有限公司	生产企业/上市许可持有人	drug
GYS0002321	信立泰(苏州)药业有限公司	生产企业/上市许可持有人	drug
GYS0002322	信艺(广州)义齿研制有限公司	生产企业	consumable
GYS0002323	信达生物制药(苏州)有限公司	生产企业/上市许可持有人	drug
GYS0002324	信达生物科技有限公司	生产企业/上市许可持有人	drug
GYS0002325	信阳洁美陶瓷有限公司	生产企业	consumable
GYS0002326	修正药业集团临沂修正制药有限公司	生产企业/上市许可持有人	drug
GYS0002327	修正药业集团亳州制药有限公司	生产企业/上市许可持有人	drug
GYS0002328	修正药业集团北京修正制药有限公司	生产企业/上市许可持有人	drug
GYS0002329	修正药业集团天汉药业有限公司	生产企业/上市许可持有人	drug
GYS0002330	修正药业集团股份有限公司	生产企业/上市许可持有人	drug
GYS0002331	修正药业集团长春高新制药有限公司	生产企业/上市许可持有人	drug
GYS0002332	倍承医疗科技（江苏）有限公司	生产企业	consumable
GYS0002333	倍驭医疗器械（上海）有限公司	生产企业	consumable
GYS0002334	健乔信元医药生技股份有限公司	生产企业/上市许可持有人	drug
GYS0002335	健云（辽宁）医疗器械有限公司	生产企业	consumable
GYS0002336	健云（辽宁）医疗生物科技有限公司	生产企业	consumable
GYS0002337	健尔康医疗科技股份有限公司	生产企业	consumable
GYS0002338	健帆生物科技集团股份有限公司	生产企业	consumable
GYS0002339	健康元药业集团股份有限公司	生产企业/上市许可持有人	drug
GYS0002340	健康药业(中国)有限公司	生产企业/上市许可持有人	drug
GYS0002341	健民药业集团股份有限公司	生产企业/上市许可持有人	drug
GYS0002342	健民集团叶开泰国药(随州)有限公司	生产企业/上市许可持有人	drug
GYS0002343	健源医疗科技（无锡）有限公司	生产企业	consumable
GYS0002344	健维医疗科技（无锡）有限公司	生产企业	consumable
GYS0002345	健诺维（成都）生物科技有限公司	生产企业	consumable
GYS0002346	健进制药有限公司	生产企业/上市许可持有人	drug
GYS0002347	健适医用外科器械（无锡）有限公司	生产企业	consumable
GYS0002348	健适医疗器械（无锡）有限公司	生产企业	consumable
GYS0002349	儒伽（北京）医疗器械有限公司	生产企业	consumable
GYS0002350	儒蓉（成都）医疗科技有限公司	生产企业	consumable
GYS0002351	元创医学技术（江苏）有限公司	生产企业	consumable
GYS0002352	元和药业股份有限公司	生产企业/上市许可持有人	drug
GYS0002353	元心科技（深圳）有限公司	生产企业	consumable
GYS0002354	元皓华信（天津）科技有限公司	生产企业	consumable
GYS0002355	元雅齿艺（江苏）科技有限公司	生产企业	consumable
GYS0002356	兆沐医疗控股(广东)有限公司	生产企业	consumable
GYS0002357	兆科(广州)眼科药物有限公司	生产企业/上市许可持有人	drug
GYS0002358	兆科(广州)肿瘤药物有限公司	生产企业/上市许可持有人	drug
GYS0002359	兆科药业(合肥)有限公司	生产企业/上市许可持有人	drug
GYS0002360	兆科药业(广州)有限公司	生产企业/上市许可持有人	drug
GYS0002361	先健科技（深圳）有限公司	生产企业	consumable
GYS0002362	先声再明医药有限公司	生产企业/上市许可持有人	drug
GYS0002363	先声药业有限公司	生产企业/上市许可持有人	drug
GYS0002364	克勒（北京）药业有限公司	生产企业	consumable
GYS0002365	克莱立夫（北京）医疗器械有限公司	生产企业	consumable
GYS0002366	全景恒升（北京）科学技术有限公司	生产企业	consumable
GYS0002367	全椒原创包装材料有限公司	生产企业	consumable
GYS0002368	八光商贸（上海）有限公司	生产企业	consumable
GYS0002369	八方义齿科研技术（茂名）有限公司	生产企业	consumable
GYS0002370	公安县中医医院	制剂配制单位	preparation
GYS0002371	六安华源制药有限公司	生产企业/上市许可持有人	drug
GYS0002372	兰州九叶生物科技有限公司	生产企业	consumable
GYS0002373	兰州佛慈(瑞诺欣)药业股份有限公司	生产企业/上市许可持有人	drug
GYS0002374	兰州佛慈制药股份有限公司	生产企业/上市许可持有人	drug
GYS0002375	兰州佛慈医疗科技有限公司	生产企业	consumable
GYS0002376	兰州兰津灵医疗科技有限公司	生产企业	consumable
GYS0002377	兰州兰飞医疗器械有限公司	生产企业	consumable
GYS0002378	兰州凯博药业股份有限公司	生产企业	consumable
GYS0002379	兰州医健增材制造有限公司	生产企业	consumable
GYS0002380	兰州原子高科医药有限公司	生产企业	drug
GYS0002381	兰州和盛堂制药股份有限公司	生产企业/上市许可持有人	drug
GYS0002382	兰州天瑞制药有限公司	生产企业	drug
GYS0002383	兰州太一医疗器械科技有限公司	生产企业	consumable
GYS0002384	兰州太宝制药有限公司	生产企业/上市许可持有人	drug
GYS0002385	兰州康益杰医疗科技有限公司	生产企业	consumable
GYS0002386	兰州慈力医疗器械有限公司	生产企业	consumable
GYS0002387	兰州新雅洁义齿有限公司	生产企业	consumable
GYS0002388	兰州明联医疗科技有限公司	生产企业	consumable
GYS0002389	兰州汶河医疗器械研制开发有限公司	生产企业	consumable
GYS0002390	兰州海结瑞医疗科技有限公司	生产企业	consumable
GYS0002391	兰州瑞之康口腔医疗科技有限公司	生产企业	consumable
GYS0002392	兰州生物制品研究所有限责任公司	生产企业/上市许可持有人	drug
GYS0002393	兰州生物技术开发有限公司	生产企业	drug,consumable
GYS0002394	兰州科天健康科技股份有限公司	生产企业	consumable
GYS0002395	兰州科时西西里健康科技有限公司	生产企业	consumable
GYS0002396	兰州红会医疗器械有限公司	生产企业	consumable
GYS0002397	兰州绿水晶义齿制作中心	生产企业	consumable
GYS0002398	兰州美贝洁义齿有限公司	生产企业	consumable
GYS0002399	兰州群益义齿有限公司	生产企业	consumable
GYS0002400	兰州荣光义齿制作中心	生产企业	consumable
GYS0002401	兰州荣光数字化口腔技术中心	生产企业	consumable
GYS0002402	兰州西脉记忆合金股份有限公司	生产企业	consumable
GYS0002403	兰西哈三联制药有限公司	生产企业/上市许可持有人	drug
GYS0002404	共植未来医疗科技（成都）有限公司	生产企业	consumable
GYS0002405	兴化市海斯美尔医疗器材有限公司	生产企业	consumable
GYS0002406	兴华医疗科技（山东）有限公司	生产企业	consumable
GYS0002407	兴合美学科技（郑州）有限公司	生产企业	consumable
GYS0002408	兴和制药（中国）有限公司	生产企业	consumable
GYS0002409	兴宇伟业（天津）科技有限公司	生产企业	consumable
GYS0002410	兴盟生物医药(苏州)有限公司	生产企业/上市许可持有人	drug
GYS0002411	兵兵药业（湖北）有限公司	生产企业	consumable
GYS0002412	其麦艾润（西安）生命科学有限公司	生产企业	consumable
GYS0002413	养生堂药业有限公司	生产企业	drug
GYS0002414	冀恒科技河北有限公司	生产企业	consumable
GYS0002415	内江长华生物科技有限公司	生产企业	consumable
GYS0002416	内特斯医疗仪器（北京）有限公司	生产企业	consumable
GYS0002417	内蒙古东北六药集团有限公司	生产企业	drug
GYS0002418	内蒙古东银科技有限公司	生产企业	consumable
GYS0002419	内蒙古九郡药业有限责任公司	生产企业/上市许可持有人	drug
GYS0002420	内蒙古京新药业有限公司	生产企业/上市许可持有人	drug
GYS0002421	内蒙古亿利制药有限公司	生产企业/上市许可持有人	drug
GYS0002422	内蒙古仁泽药业有限公司	生产企业	drug
GYS0002423	内蒙古佳齿特义齿有限公司	生产企业	consumable
GYS0002424	内蒙古倍加坚义齿加工有限公司	生产企业	consumable
GYS0002425	内蒙古兰太药业有限责任公司	生产企业/上市许可持有人	drug
GYS0002426	内蒙古凯蒙药业有限公司	生产企业/上市许可持有人	drug
GYS0002427	内蒙古匠仁医疗科技有限公司	生产企业	consumable
GYS0002428	内蒙古医养乐医疗科技有限公司	生产企业	consumable
GYS0002429	内蒙古双奇药业股份有限公司	生产企业/上市许可持有人	drug
GYS0002430	内蒙古含贝医疗科技有限公司	生产企业	consumable
GYS0002431	内蒙古四叶草医疗器械有限公司	生产企业	consumable
GYS0002432	内蒙古因诺生物技术有限公司	生产企业	consumable
GYS0002433	内蒙古圣仁医疗器械有限公司	生产企业	consumable
GYS0002434	内蒙古大唐药业股份有限公司	生产企业/上市许可持有人	drug
GYS0002435	内蒙古天奇中蒙制药股份有限公司	生产企业/上市许可持有人	drug
GYS0002436	内蒙古奥特奇蒙药股份有限公司金山蒙药厂	生产企业/上市许可持有人	drug
GYS0002437	内蒙古子殷科技有限公司	生产企业	consumable
GYS0002438	内蒙古孝荣医疗康复器械有限公司	生产企业	consumable
GYS0002439	内蒙古孟和制药股份有限公司	生产企业/上市许可持有人	drug
GYS0002440	内蒙古宇航人药业有限责任公司	生产企业	drug
GYS0002441	内蒙古宜达维尔医疗科技有限公司	生产企业	consumable
GYS0002442	内蒙古宣泰医疗科技有限公司	生产企业	consumable
GYS0002443	内蒙古库伦蒙药有限公司	生产企业/上市许可持有人	drug
GYS0002444	内蒙古康恩贝药业有限公司圣龙分公司	生产企业/上市许可持有人	drug
GYS0002445	内蒙古恒达康医疗科技有限公司	生产企业	consumable
GYS0002446	内蒙古悦般科技有限责任公司	生产企业	consumable
GYS0002447	内蒙古惠丰药业有限公司	生产企业/上市许可持有人	drug
GYS0002448	内蒙古普因药业有限公司	生产企业/上市许可持有人	drug
GYS0002449	内蒙古海天制药有限公司	生产企业/上市许可持有人	drug
GYS0002450	内蒙古爱众医学影像有限公司	生产企业	consumable
GYS0002451	内蒙古白医制药股份有限公司	生产企业/上市许可持有人	drug
GYS0002452	内蒙古白医大制药有限责任公司	生产企业/上市许可持有人	drug
GYS0002453	内蒙古硕宜义齿科技有限公司	生产企业	consumable
GYS0002454	内蒙古福瑞医疗科技股份有限公司	生产企业/上市许可持有人	drug
GYS0002455	内蒙古科尔沁药业有限公司	生产企业/上市许可持有人	drug,consumable
GYS0002456	内蒙古蒙利中蒙制药有限责任公司	生产企业	drug
GYS0002457	内蒙古蒙奇药业有限公司	生产企业	drug
GYS0002458	内蒙古蒙药股份有限公司	生产企业/上市许可持有人	drug
GYS0002459	内蒙古通辽制药股份有限公司	生产企业/上市许可持有人	drug
GYS0002460	内蒙古鸿茅药业有限责任公司	生产企业/上市许可持有人	drug
GYS0002461	内蒙古黄河制药厂	生产企业	drug
GYS0002462	内黄县健达医疗器械有限公司	生产企业	consumable
GYS0002463	冉沃医药（河北）有限公司	生产企业	consumable
GYS0002464	再维药业(海南)有限公司	生产企业/上市许可持有人	drug
GYS0002465	再鼎医药(上海)有限公司	生产企业/上市许可持有人	drug
GYS0002466	再鼎医药（上海）有限公司	生产企业	consumable
GYS0002467	冠康医疗器械有限公司	生产企业	consumable
GYS0002468	冠昊生物科技股份有限公司	生产企业	consumable
GYS0002469	冰加医疗科技发展（江苏）有限公司	生产企业	consumable
GYS0002470	凡镜生物科技（山东）有限公司	生产企业	consumable
GYS0002471	凤麟（广州）医疗科技有限公司	生产企业	consumable
GYS0002472	凯卓科技（北京）有限公司	生产企业	consumable
GYS0002473	凯尔斯玛丁医疗器械（上海）有限公司	生产企业	consumable
GYS0002474	凯德诺医疗器械（武汉）有限公司	生产企业	consumable
GYS0002475	凯杰企业管理（上海）有限公司	生产企业	consumable
GYS0002476	凯美针织科技（东阳）有限公司	生产企业	consumable
GYS0002477	凯联医疗科技（上海）有限公司	生产企业	consumable
GYS0002478	凯诺威医疗科技（武汉）有限公司	生产企业	consumable
GYS0002479	凯里经济开发区粤冠义齿加工厂	生产企业	consumable
GYS0002480	切迟杜威（北京）贸易有限公司	生产企业	consumable
GYS0002481	创信药业(山东)集团有限公司	生产企业	consumable
GYS0002482	创健医疗（深圳）有限公司	生产企业	consumable
GYS0002483	创生医疗器械（中国）有限公司	生产企业	consumable
GYS0002484	创美得医疗器械（天津）有限公司	生产企业	consumable
GYS0002485	创能科技（重庆）有限公司	生产企业	consumable
GYS0002486	创辉医疗器械江苏有限公司	生产企业	consumable
GYS0002487	创邦医疗健康科技（云南）有限公司	生产企业	consumable
GYS0002488	创领心律管理医疗器械（上海）有限公司	生产企业	consumable
GYS0002489	创鱼生物医药科技（杭州）有限公司	生产企业	consumable
GYS0002490	利川市民族中医院	制剂配制单位	preparation
GYS0002491	利洁士医疗器械（重庆）有限公司	生产企业	consumable
GYS0002492	利福昇（苏州）医疗科技有限公司	生产企业	consumable
GYS0002493	前沿生物药业(南京)股份有限公司	生产企业/上市许可持有人	drug
GYS0002494	剑虎医疗科技（苏州）有限公司	生产企业	consumable
GYS0002495	力可束（浙江）医疗科技有限公司	生产企业	consumable
GYS0002496	力品药业(厦门)股份有限公司	生产企业/上市许可持有人	drug
GYS0002497	力因精准医疗产品（上海）有限公司	生产企业	consumable
GYS0002498	力康华耀生物科技（上海）有限公司	生产企业	consumable
GYS0002499	力盟生命科技（深圳）有限公司	生产企业	consumable
GYS0002500	加奇生物科技（上海）有限公司	生产企业	consumable
GYS0002501	加栢医疗器械（上海）有限公司	生产企业	consumable
GYS0002502	加濑生物科技（上海）有限公司	生产企业	consumable
GYS0002503	动之医学技术(上海)有限公司	生产企业	consumable
GYS0002504	助邦德成（北京）咨询有限公司	生产企业	consumable
GYS0002505	励玛（北京）医疗器械有限公司	生产企业	consumable
GYS0002506	劲牌持正堂药业有限公司	生产企业/上市许可持有人	drug
GYS0002507	包头中药有限责任公司	生产企业/上市许可持有人	drug
GYS0002508	包头兰博万达齿科技术有限公司	生产企业	consumable
GYS0002509	包头市志仁义齿加工有限公司	生产企业	consumable
GYS0002510	北京万东康源科技开发有限公司	生产企业	consumable
GYS0002511	北京万孛力医疗器械有限公司	生产企业	consumable
GYS0002512	北京万泰生物药业股份有限公司	生产企业/上市许可持有人	drug,consumable
GYS0002513	北京万洁天元医疗器械股份有限公司	生产企业	consumable
GYS0002514	北京万特尔生物制药有限公司	生产企业/上市许可持有人	drug
GYS0002515	北京万特福医疗器械有限公司	生产企业	consumable
GYS0002516	北京万特福科技有限责任公司	生产企业	consumable
GYS0002517	北京万生人和科技有限公司	生产企业	consumable
GYS0002518	北京万辉双鹤药业有限责任公司	生产企业/上市许可持有人	drug
GYS0002519	北京三元基因药业股份有限公司	生产企业/上市许可持有人	drug
GYS0002520	北京三和鼎业科技有限公司	生产企业	consumable
GYS0002521	北京三维灵动科技有限公司	生产企业	consumable
GYS0002522	北京上京医疗器械有限公司	生产企业	consumable
GYS0002523	北京世代保康科技发展有限公司	生产企业	consumable
GYS0002524	北京世恒尔力科贸有限公司	生产企业	consumable
GYS0002525	北京世桥生物制药有限公司	生产企业/上市许可持有人	drug
GYS0002526	北京世纪众诺医疗器材有限公司	生产企业	consumable
GYS0002527	北京世纪伟信医药科技有限公司	生产企业	consumable
GYS0002528	北京世纪佳兴义齿技术有限公司	生产企业	consumable
GYS0002529	北京世纪医桥咨询有限公司	生产企业	consumable
GYS0002530	北京世纪宇能科技有限公司	生产企业	consumable
GYS0002531	北京世纪康诚商贸有限公司	生产企业	consumable
GYS0002532	北京世茂嘉诚科技有限公司	生产企业	consumable
GYS0002533	北京东人假肢矫形器研制中心	生产企业	consumable
GYS0002534	北京东升制药有限公司	生产企业/上市许可持有人	drug
GYS0002535	北京东博牙科手机有限公司	生产企业	consumable
GYS0002536	北京东方协和医药生物技术有限公司	生产企业/上市许可持有人	drug,consumable
GYS0002537	北京东杰华医医疗器械有限公司	生产企业	consumable
GYS0002538	北京东玥润骐医疗技术发展有限公司	生产企业	consumable
GYS0002539	北京东鸿致远医疗科技有限公司	生产企业	consumable
GYS0002540	北京中仪康卫医疗器械有限公司	生产企业	consumable
GYS0002541	北京中北博健科贸有限公司	生产企业	consumable
GYS0002542	北京中安泰华科技有限公司	生产企业	consumable
GYS0002543	北京中岛澳德医疗科技有限公司	生产企业	consumable
GYS0002544	北京中德绿洲科技有限公司	生产企业	consumable
GYS0002545	北京中惠药业有限公司	生产企业/上市许可持有人	drug
GYS0002546	北京中拓辰和医疗器械有限公司	生产企业	consumable
GYS0002547	北京中新药业股份有限公司	生产企业/上市许可持有人	drug
GYS0002548	北京中瑞联合医疗器械有限公司	生产企业	consumable
GYS0002549	北京中科太康科技有限公司	生产企业	consumable
GYS0002550	北京中科盛康科技有限公司	生产企业	consumable
GYS0002551	北京中站康豪矫形器中心	生产企业	consumable
GYS0002552	北京中纺四方纺织品有限公司	生产企业	consumable
GYS0002553	北京中诺恒康生物科技有限公司	生产企业	consumable
GYS0002554	北京为尔福电子公司	生产企业	consumable
GYS0002555	北京久事神康医疗科技有限公司	生产企业	consumable
GYS0002556	北京义邦口腔医学研究院	生产企业	consumable
GYS0002557	北京乐乐嘉医学技术有限公司	生产企业	consumable
GYS0002558	北京乐普智影科技股份有限公司	生产企业	consumable
GYS0002559	北京乐普诊断科技股份有限公司	生产企业	consumable,ivd
GYS0002560	北京九发药业有限公司	生产企业/上市许可持有人	drug
GYS0002561	北京九能天远科技有限公司	生产企业/上市许可持有人	drug
GYS0002562	北京九龙制药有限公司	生产企业/上市许可持有人	drug
GYS0002563	北京五和博澳药业股份有限公司	生产企业/上市许可持有人	drug
GYS0002564	北京亚东生物制药(安国)有限公司	生产企业/上市许可持有人	drug
GYS0002565	北京亚东生物制药有限公司	生产企业/上市许可持有人	drug
GYS0002566	北京亚宝生物药业有限公司	生产企业/上市许可持有人	drug
GYS0002567	北京亦嘉新创医疗器械技术研究院有限公司	生产企业/上市许可持有人	drug
GYS0002568	北京享赞国际贸易有限公司	生产企业	consumable
GYS0002569	北京京东方知微生物科技有限公司	生产企业	consumable
GYS0002570	北京京丰制药(山东)有限公司	生产企业/上市许可持有人	drug
GYS0002571	北京京丰制药(河北)有限公司	生产企业/上市许可持有人	drug
GYS0002572	北京京丰制药集团有限公司	生产企业/上市许可持有人	drug
GYS0002573	北京京沈医药科技有限公司	生产企业/上市许可持有人	drug
GYS0002574	北京京润康泰科技发展有限公司	生产企业	consumable
GYS0002575	北京京精医疗设备有限公司	生产企业	consumable
GYS0002576	北京亿利方诚科贸有限公司	生产企业	consumable
GYS0002577	北京亿灵医药科技发展有限公司	生产企业/上市许可持有人	drug
GYS0002578	北京仁安康科贸有限公司	生产企业	consumable
GYS0002579	北京仁恒德医药科技有限公司	生产企业	consumable
GYS0002580	北京仁禾康心医疗科技有限公司	生产企业	consumable
GYS0002581	北京仁诚鸿泰医疗器械有限公司	生产企业	consumable
GYS0002582	北京仕诺康医疗科技股份有限公司	生产企业	consumable
GYS0002583	北京以岭生物工程技术有限公司	生产企业/上市许可持有人	drug
GYS0002584	北京以岭药业有限公司	生产企业/上市许可持有人	drug
GYS0002585	北京以岭药业有限公司 石家庄以岭药业股份有限公司 衡水以岭药业有限公司	生产企业	drug
GYS0002586	北京伊杉麟贸易有限公司	生产企业	consumable
GYS0002587	北京伊诺登医疗科技有限公司	生产企业	consumable
GYS0002588	北京伏尔特技术有限公司	生产企业	consumable
GYS0002589	北京众佳兴盛商贸有限公司	生产企业	consumable
GYS0002590	北京众翔数字化技术中心	生产企业	consumable
GYS0002591	北京优尼康通医疗科技有限公司	生产企业	consumable
GYS0002592	北京优材京航生物科技有限公司	生产企业	consumable
GYS0002593	北京优胜然生物技术有限公司	生产企业	consumable
GYS0002594	北京伟力新世纪科技发展股份有限公司	生产企业	consumable
GYS0002595	北京伟林恒昌医药科技有限公司	生产企业/上市许可持有人	drug
GYS0002596	北京伟龙科仪贸易有限公司	生产企业	consumable
GYS0002597	北京佑三药业有限公司	生产企业/上市许可持有人	drug
GYS0002598	北京佩因尼德医疗器械有限公司	生产企业	consumable
GYS0002599	北京佰仁医疗科技股份有限公司	生产企业	consumable
GYS0002600	北京佰利天成科贸有限公司	生产企业	consumable
GYS0002601	北京佳依美皓医疗器械有限公司	生产企业	consumable
GYS0002602	北京佳合瑞仪商贸有限公司	生产企业	consumable
GYS0002603	北京佳时正通科技有限责任公司	生产企业	consumable
GYS0002604	北京佳诚生物医药科技开发有限公司	生产企业/上市许可持有人	drug
GYS0002605	北京依露得力医疗器械有限公司	生产企业	consumable
GYS0002606	北京保利信泰科技发展有限公司	生产企业	consumable
GYS0002607	北京信和贸易有限公司	生产企业	consumable
GYS0002608	北京信立泰医疗器械有限公司	生产企业	consumable
GYS0002609	北京修成药业有限公司	生产企业/上市许可持有人	drug
GYS0002610	北京倍舒特妇幼用品有限公司	生产企业	consumable
GYS0002611	北京健妮科技发展有限公司	生产企业	consumable
GYS0002612	北京健平瑞安生物科技有限公司	生产企业	consumable
GYS0002613	北京健康广济生物技术有限公司	生产企业	consumable
GYS0002614	北京健康至上科贸有限公司	生产企业	consumable
GYS0002615	北京儒奥医疗科技有限公司	生产企业	consumable
GYS0002616	北京元延医药科技股份有限公司	生产企业/上市许可持有人	drug
GYS0002617	北京元泰美康科技有限公司	生产企业	consumable
GYS0002618	北京元皓华信科技有限公司	生产企业	consumable
GYS0002619	北京先声祥瑞生物制品股份有限公司	生产企业/上市许可持有人	drug
GYS0002620	北京先瑞达医疗科技有限公司	生产企业	consumable
GYS0002621	北京先通国际医药科技股份有限公司	生产企业/上市许可持有人	drug
GYS0002622	北京光辉天成生物科技有限公司	生产企业	consumable
GYS0002623	北京克莱斯瑞控释药业有限公司	生产企业/上市许可持有人	drug
GYS0002624	北京冠儒医疗器械有限公司	生产企业	consumable
GYS0002625	北京冠合医疗科技有限公司	生产企业	consumable
GYS0002626	北京冠雅萱医疗器械有限公司	生产企业	consumable
GYS0002627	北京凌澜科技有限公司	生产企业	consumable
GYS0002628	北京凯亿久技术开发有限公司	生产企业	consumable
GYS0002629	北京凯利尔医疗科技有限公司	生产企业	consumable
GYS0002630	北京凯因格领生物技术有限公司	生产企业/上市许可持有人	drug
GYS0002631	北京凯因科技股份有限公司	生产企业/上市许可持有人	drug
GYS0002632	北京凯思玛咨询服务有限公司	生产企业	consumable
GYS0002633	北京凯莱天成医药科技有限公司	生产企业/上市许可持有人	drug
GYS0002634	北京凯诺瑞和医疗器械有限公司	生产企业	consumable
GYS0002635	北京创意生物工程新材料有限公司	生产企业	consumable
GYS0002636	北京创美健数字技术有限公司	生产企业	consumable
GYS0002637	北京利安康医药用品有限公司	生产企业	consumable
GYS0002638	北京利龄恒泰药业有限公司	生产企业/上市许可持有人	drug
GYS0002639	北京力达康科技有限公司	生产企业	consumable
GYS0002640	北京劲美华力商贸有限公司	生产企业	consumable
GYS0002641	北京勃然制药有限公司	生产企业/上市许可持有人	drug
GYS0002642	北京勤利嘉德国际科贸有限公司	生产企业	consumable
GYS0002643	北京北卫药业有限责任公司	生产企业	drug
GYS0002644	北京北大维信生物科技有限公司	生产企业/上市许可持有人	drug
GYS0002645	北京北方生物技术研究所有限公司	生产企业/上市许可持有人	drug
GYS0002646	北京北方腾达科技发展有限公司	生产企业	consumable
GYS0002647	北京北琪医疗科技股份有限公司	生产企业	consumable
GYS0002648	北京北琪昊品医疗器械有限公司	生产企业	consumable
GYS0002649	北京北陆药业股份有限公司	生产企业/上市许可持有人	drug
GYS0002650	北京匡达制药厂	生产企业/上市许可持有人	drug
GYS0002651	北京医捷通科技有限公司	生产企业	consumable
GYS0002652	北京医菱科技有限公司	生产企业	consumable
GYS0002653	北京医迈科技有限公司	生产企业	consumable
GYS0002654	北京华亘安邦科技有限公司	生产企业/上市许可持有人	drug
GYS0002655	北京华光普泰科贸有限公司	生产企业	consumable
GYS0002656	北京华医圣杰科技有限公司	生产企业	consumable
GYS0002657	北京华叶生物工程有限公司	生产企业	consumable
GYS0002658	北京华大吉比爱生物技术有限公司	生产企业/上市许可持有人	drug,consumable
GYS0002659	北京华年电子技术有限责任公司	生产企业	consumable
GYS0002660	北京华康天怡生物科技有限公司	生产企业	consumable
GYS0002661	北京华恒汉方制药有限公司	生产企业/上市许可持有人	drug
GYS0002662	北京华晟源医疗科技有限公司	生产企业	consumable
GYS0002663	北京华杰豪科技开发公司	生产企业	consumable
GYS0002664	北京华洋奎龙药业有限公司	生产企业/上市许可持有人	drug
GYS0002665	北京华润高科天然药物有限公司	生产企业/上市许可持有人	drug
GYS0002666	北京华益汇琅医疗器械有限公司	生产企业	consumable
GYS0002667	北京华益精点生物技术有限公司	生产企业	ivd
GYS0002668	北京华直医疗科技有限公司	生产企业	consumable
GYS0002669	北京华神制药有限公司	生产企业/上市许可持有人	drug
GYS0002670	北京华科恒生医疗科技有限公司	生产企业	consumable
GYS0002671	北京华科泰生物技术股份有限公司	生产企业	consumable
GYS0002672	北京华素制药股份有限公司	生产企业/上市许可持有人	drug
GYS0002673	北京华美达药业有限公司	生产企业/上市许可持有人	drug
GYS0002674	北京华联通科技有限公司	生产企业	consumable
GYS0002675	北京华脉泰科医疗器械股份有限公司	生产企业	consumable
GYS0002676	北京华辰康复医疗科技有限公司	生产企业	consumable
GYS0002677	北京华针圣科技发展有限公司	生产企业	consumable
GYS0002678	北京华钽生物科技开发有限公司	生产企业	consumable
GYS0002679	北京华靳制药有限公司	生产企业/上市许可持有人	drug
GYS0002680	北京协和药厂	生产企业/上市许可持有人	drug
GYS0002681	北京协和药厂有限公司	生产企业/上市许可持有人	drug
GYS0002682	北京卓诚惠生生物科技股份有限公司	生产企业	consumable
GYS0002683	北京南海云天科技有限公司	生产企业	consumable
GYS0002684	北京博乐士科技有限公司	生产企业	consumable
GYS0002685	北京博依生物技术有限公司	生产企业	consumable
GYS0002686	北京博信诺科学技术有限公司	生产企业	consumable
GYS0002687	北京博喆研医药科技有限公司	生产企业/上市许可持有人	drug
GYS0002688	北京博士伦眼睛护理产品有限公司	生产企业	consumable
GYS0002689	北京博康健基因科技有限公司	生产企业/上市许可持有人	drug
GYS0002690	北京博恩特药业有限公司	生产企业/上市许可持有人	drug
GYS0002691	北京博海康源医疗器械有限公司	生产企业	consumable
GYS0002692	北京博莱德光电技术开发有限公司	生产企业	consumable
GYS0002693	北京博视顿视光科技有限责任公司	生产企业	consumable
GYS0002694	北京博辉瑞进生物科技有限公司	生产企业	consumable
GYS0002695	北京友源德贝医疗器械有限公司	生产企业	consumable
GYS0002696	北京友邦基业科贸有限责任公司	生产企业	consumable
GYS0002697	北京双吉制药有限公司	生产企业/上市许可持有人	drug
GYS0002698	北京双鹭药业股份有限公司	生产企业/上市许可持有人	drug
GYS0002699	北京吉事柏医疗器械有限公司	生产企业	consumable
GYS0002700	北京吉检医疗科技有限公司	生产企业	consumable
GYS0002701	北京吉洛华制药有限公司	生产企业/上市许可持有人	drug
GYS0002702	北京吉纳高新医疗器械有限公司	生产企业	consumable
GYS0002703	北京同仁堂(唐山)营养保健品有限公司	生产企业/上市许可持有人	drug
GYS0002704	北京同仁堂制药有限公司	生产企业/上市许可持有人	drug
GYS0002705	北京同仁堂天然药物(唐山)有限公司	生产企业/上市许可持有人	drug
GYS0002706	北京同仁堂科技发展(唐山)有限公司	生产企业	drug
GYS0002707	北京同仁堂科技发展股份有限公司制药厂	生产企业/上市许可持有人	drug
GYS0002708	北京同仁堂股份有限公司同仁堂制药厂	生产企业/上市许可持有人	drug
GYS0002709	北京同仁堂股份有限公司同仁堂药酒厂	生产企业/上市许可持有人	drug
GYS0002710	北京同仁堂通科药业有限责任公司	生产企业/上市许可持有人	drug
GYS0002711	北京同心行科贸有限公司	生产企业	consumable
GYS0002712	北京同济恒远医学技术有限责任公司	生产企业	consumable
GYS0002713	北京君仪凯医疗科技有限公司	生产企业	consumable
GYS0002714	北京启麟科技有限公司	生产企业	consumable
GYS0002715	北京和华瑞博医疗科技有限公司	生产企业	consumable
GYS0002716	北京和胜义齿制作有限公司	生产企业	consumable
GYS0002717	北京和邦思特科技发展有限公司	生产企业	consumable
GYS0002718	北京品驰医疗设备股份有限公司	生产企业	consumable
GYS0002719	北京善为正子医药技术有限公司	生产企业/上市许可持有人	drug
GYS0002720	北京善诺美德医药科技有限公司	生产企业	consumable
GYS0002721	北京嘉慧瑞德科技有限公司	生产企业	consumable
GYS0002722	北京嘉林药业股份有限公司	生产企业/上市许可持有人	drug
GYS0002723	北京嘉联诚业医疗器械销售有限公司	生产企业	consumable
GYS0002724	北京四海华辰科技有限公司	生产企业	consumable
GYS0002725	北京四海汇智科技有限公司	生产企业	consumable
GYS0002726	北京四环制药有限公司	生产企业/上市许可持有人	drug
GYS0002727	北京四环生物制药有限公司	生产企业/上市许可持有人	drug
GYS0002728	北京四环科宝制药有限公司	生产企业/上市许可持有人	drug
GYS0002729	北京四环科宝制药股份有限公司	生产企业/上市许可持有人	drug
GYS0002730	北京四环科宝药业有限公司	生产企业/上市许可持有人	drug
GYS0002731	北京四维祥泰科技有限公司	生产企业	consumable
GYS0002732	北京固琦口腔科技有限公司	生产企业	consumable
GYS0002733	北京固瑞科技有限公司	生产企业	consumable
GYS0002734	北京国医研医药技术开发有限公司	生产企业	consumable
GYS0002735	北京国瑞辉煌医疗器械有限责任公司	生产企业	consumable
GYS0002736	北京国科融智生物技术有限公司	生产企业	consumable
GYS0002737	北京图灵微创医疗科技有限公司	生产企业	consumable
GYS0002738	北京圣佳天淇科技有限公司	生产企业	consumable
GYS0002739	北京圣杰鑫科技有限公司	生产企业	consumable
GYS0002740	北京圣永制药有限公司	生产企业/上市许可持有人	drug
GYS0002741	北京圣爱吉友和义齿制作有限公司	生产企业	consumable
GYS0002742	北京圣爱吉友和义齿制作有限公司廊坊分公司	生产企业	consumable
GYS0002743	北京圣玛特科技有限公司	生产企业	consumable
GYS0002744	北京圣维尔医疗用品有限公司	生产企业	consumable
GYS0002745	北京垲煜弘业科技有限公司	生产企业	consumable
GYS0002746	北京埃诺登科技有限公司	生产企业	consumable
GYS0002747	北京壹点灵动科技有限公司	生产企业	consumable
GYS0002748	北京大清生物技术股份有限公司	生产企业	consumable
GYS0002749	北京大清西格科技有限公司	生产企业	consumable
GYS0002750	北京大熊伟业医药科技有限公司	生产企业	consumable
GYS0002751	北京大道似水科技有限公司	生产企业	consumable
GYS0002752	北京天一恒康医疗器械有限公司	生产企业	consumable
GYS0002753	北京天业爱博科贸有限公司	生产企业	consumable
GYS0002754	北京天保顺达科技发展有限公司	生产企业	consumable
GYS0002755	北京天健君强医疗科技有限公司	生产企业	consumable
GYS0002756	北京天元杏林医药科技有限公司	生产企业	consumable
GYS0002757	北京天助畅运医疗技术股份有限公司	生产企业	consumable
GYS0002758	北京天地和协科技有限公司	生产企业	consumable
GYS0002759	北京天实润业医疗器械有限公司	生产企业	consumable
GYS0002760	北京天成庆博商贸有限公司	生产企业	consumable
GYS0002761	北京天星医疗股份有限公司	生产企业	consumable
GYS0002762	北京天珠药业有限公司	生产企业	consumable
GYS0002763	北京天行健医疗科技有限公司	生产企业	consumable
GYS0002764	北京天衡药物研究院南阳天衡制药厂	生产企业/上市许可持有人	drug
GYS0002765	北京天诚华泰医疗设备有限公司	生产企业	consumable
GYS0002766	北京天钥医疗器械有限公司	生产企业	consumable
GYS0002767	北京天鹰医疗器械有限公司	生产企业	consumable
GYS0002768	北京天鼎经济技术开发公司	生产企业	consumable
GYS0002769	北京太洋药业股份有限公司	生产企业/上市许可持有人	drug
GYS0002770	北京奥凯伟迪生物科技有限公司	生产企业	consumable
GYS0002771	北京奥尔康科技发展有限公司	生产企业	consumable
GYS0002772	北京奥臻医疗科技有限公司	生产企业	consumable
GYS0002773	北京奥迪特医药科技有限公司	生产企业	consumable
GYS0002774	北京威尼汇力医疗器械有限公司	生产企业	consumable
GYS0002775	北京威联德骨科技术有限公司	生产企业	consumable
GYS0002776	北京威达峰医学生物材料有限责任公司	生产企业	consumable
GYS0002777	北京威高亚华人工关节开发有限公司	生产企业	consumable
GYS0002778	北京宇军生物科技有限公司	生产企业	consumable
GYS0002779	北京宇泰同呈科技发展有限公司	生产企业	consumable
GYS0002780	北京安和加利尔科技有限公司	生产企业	consumable
GYS0002781	北京安德思考普科技有限公司	生产企业	consumable
GYS0002782	北京安慧康科技有限公司	生产企业	consumable
GYS0002783	北京安泰生物医用材料有限公司	生产企业	consumable
GYS0002784	北京安通塑料制品有限公司	生产企业	consumable
GYS0002785	北京安通忆泰医疗科技有限公司	生产企业	consumable
GYS0002786	北京安颂科技有限公司	生产企业	consumable
GYS0002787	北京宏仁凝瑞科技发展有限公司	生产企业	consumable
GYS0002788	北京宏伟清亚商贸有限责任公司	生产企业	consumable
GYS0002789	北京宏文特新技术发展有限公司	生产企业	consumable
GYS0002790	北京宏蕴生物技术有限公司	生产企业	consumable
GYS0002791	北京宏达医疗设备有限公司	生产企业	consumable
GYS0002792	北京宝康源义齿工贸有限公司	生产企业	consumable
GYS0002793	北京宝恩科技有限公司	生产企业	consumable
GYS0002794	北京宝树堂科技药业有限公司	生产企业/上市许可持有人	drug
GYS0002795	北京实德隆科技发展有限公司	生产企业	consumable
GYS0002796	北京宸骏医疗科技有限公司	生产企业	consumable
GYS0002797	北京富亚东投资管理有限公司	生产企业/上市许可持有人	drug
GYS0002798	北京富国堂医药科技有限公司	生产企业/上市许可持有人	drug
GYS0002799	北京富瑞嘉义齿有限公司	生产企业	consumable
GYS0002800	北京山富瑞科技发展有限公司	生产企业	consumable
GYS0002801	北京岐黄制药有限公司	生产企业/上市许可持有人	drug
GYS0002802	北京巨源仁通医疗科技有限公司	生产企业	consumable
GYS0002803	北京巨能制药有限责任公司	生产企业/上市许可持有人	drug
GYS0002804	北京巴登技术有限公司	生产企业	consumable
GYS0002805	北京市中科天星应用技术研究所	生产企业	consumable
GYS0002806	北京市亚可康达医疗科技有限公司	生产企业	consumable
GYS0002807	北京市北科数字医疗技术有限公司	生产企业	consumable
GYS0002808	北京市华润康泰高新技术发展研究所	生产企业	consumable
GYS0002809	北京市华瑞恒美科技发展有限责任公司	生产企业	consumable
GYS0002810	北京市同日升医疗器械有限公司	生产企业	consumable
GYS0002811	北京市圣美迪新技术研究所	生产企业	consumable
GYS0002812	北京市奥纳科技有限公司	生产企业	consumable
GYS0002813	北京市安宜卫生用品有限公司	生产企业	consumable
GYS0002814	北京市富乐科技开发有限公司	生产企业	consumable
GYS0002815	北京市康泰健医疗器械有限公司	生产企业	consumable
GYS0002816	北京市意华健科贸有限责任公司	生产企业	consumable
GYS0002817	北京市房山区黎明橡胶制品厂	生产企业	consumable
GYS0002818	北京市捷瑞嘉科技有限责任公司	生产企业	consumable
GYS0002819	北京市春立正达医疗器械股份有限公司	生产企业	consumable
GYS0002820	北京市普惠生物医学工程有限公司	生产企业	consumable
GYS0002821	北京市永康药业有限公司	生产企业/上市许可持有人	drug
GYS0002822	北京市津威康达医疗器械有限公司	生产企业	consumable
GYS0002823	北京市海龙达义齿科技有限责任公司	生产企业	consumable
GYS0002824	北京市燕京药业有限公司	生产企业/上市许可持有人	drug
GYS0002825	北京市玉竹工贸公司	生产企业	consumable
GYS0002826	北京市睿思博研科技开发有限公司	生产企业	consumable
GYS0002827	北京市科护医疗器材有限公司	生产企业	consumable
GYS0002828	北京市美嘉亿盛医疗器械股份有限公司	生产企业	consumable
GYS0002829	北京市荣康医用品有限责任公司	生产企业	consumable
GYS0002830	北京市金药源药物研究院	生产企业/上市许可持有人	drug
GYS0002831	北京市鑫田黎明医疗器械有限公司	生产企业	consumable
GYS0002832	北京布霖生物科技有限公司	生产企业/上市许可持有人	drug
GYS0002833	北京师宏药业有限公司	生产企业/上市许可持有人	drug
GYS0002834	北京希望者科技有限公司	生产企业	consumable
GYS0002835	北京希诺因子科技有限公司	生产企业	consumable
GYS0002836	北京帝康医药投资管理有限公司	生产企业	consumable
GYS0002837	北京常乐道齿科医学技术有限公司	生产企业	consumable
GYS0002838	北京常欣医疗科技有限公司	生产企业	consumable
GYS0002839	北京幸福益生再生医学科技有限公司	生产企业	consumable
GYS0002840	北京庆北医疗器械有限公司	生产企业	consumable
GYS0002841	北京库蓝医疗设备有限公司	生产企业	consumable
GYS0002842	北京康亚特假肢医疗用品有限公司	生产企业	consumable
GYS0002843	北京康博瑞莱医疗器械有限公司	生产企业	consumable
GYS0002844	北京康宇医疗器材有限公司	生产企业	consumable
GYS0002845	北京康宇建医疗器械有限公司	生产企业	consumable
GYS0002846	北京康安珂林科技有限公司	生产企业	consumable
GYS0002847	北京康尔恒医疗器械有限公司	生产企业	consumable
GYS0002848	北京康必得药业有限公司	生产企业/上市许可持有人	drug
GYS0002849	北京康易聆医疗科技有限公司	生产企业	consumable
GYS0002850	北京康泰健瑞牙科技术有限公司	生产企业	consumable
GYS0002851	北京康派特医疗器械有限公司	生产企业	consumable
GYS0002852	北京康益药业有限公司	生产企业/上市许可持有人	drug
GYS0002853	北京康祝医疗器械有限公司	生产企业	consumable
GYS0002854	北京康祯生物科技有限公司	生产企业/上市许可持有人	drug
GYS0002855	北京康美伊医药科技有限公司	生产企业	consumable
GYS0002856	北京康美天鸿生物科技有限公司	生产企业	consumable
GYS0002857	北京康美特医用材料有限公司	生产企业	consumable
GYS0002858	北京康而福药业有限责任公司	生产企业/上市许可持有人	drug
GYS0002859	北京康菲特尔科技有限公司	生产企业	consumable
GYS0002860	北京康蒂尼药业有限公司	生产企业/上市许可持有人	drug
GYS0002861	北京康蒂尼药业股份有限公司	生产企业/上市许可持有人	drug
GYS0002862	北京康辰药业股份有限公司	生产企业	drug
GYS0002863	北京康达人和科技有限公司	生产企业	consumable
GYS0002864	北京康达百年生物科技有限公司	生产企业	ivd
GYS0002865	北京延庆丰营医疗器械厂	生产企业	consumable
GYS0002866	北京建生药业有限公司	生产企业/上市许可持有人	drug
GYS0002867	北京弘海微创科技有限公司	生产企业	consumable
GYS0002868	北京弘颐润和管理咨询有限公司	生产企业	consumable
GYS0002869	北京强师希翼科技开发有限公司	生产企业	consumable
GYS0002870	北京御健康复医疗仪器有限公司	生产企业	consumable
GYS0002871	北京御生堂制药有限公司	生产企业/上市许可持有人	drug
GYS0002872	北京御生堂集团石家庄制药有限公司	生产企业/上市许可持有人	drug
GYS0002873	北京微仙医疗科技有限公司	生产企业	consumable
GYS0002874	北京微创介入医疗装备有限公司	生产企业	consumable
GYS0002875	北京德佳科技开发有限责任公司	生产企业	consumable
GYS0002876	北京德兴医疗用品有限公司	生产企业	consumable
GYS0002877	北京德华信达技术有限公司	生产企业	consumable
GYS0002878	北京德尔顺医疗器械有限公司	生产企业	consumable
GYS0002879	北京德康卫生用品有限责任公司旌德分公司	生产企业	consumable
GYS0002880	北京德普润新材料科技有限公司	生产企业	consumable
GYS0002881	北京德普爱科技有限责任公司	生产企业	consumable
GYS0002882	北京德瑞森科技有限公司	生产企业	consumable
GYS0002883	北京德益达美医疗科技有限公司	生产企业	consumable
GYS0002884	北京德联力博假肢矫形器技术有限公司	生产企业	consumable
GYS0002885	北京德聚博医疗器械有限公司	生产企业	consumable
GYS0002886	北京德贝康医疗科技有限公司	生产企业	consumable
GYS0002887	北京德迈特科技发展有限公司	生产企业	consumable
GYS0002888	北京心安永嘉商贸有限公司	生产企业	consumable
GYS0002889	北京忠冠医疗器械有限公司	生产企业	consumable
GYS0002890	北京快舒尔医疗技术有限公司	生产企业	consumable
GYS0002891	北京思路高医疗科技有限公司	生产企业	consumable
GYS0002892	北京思达医用装置有限公司	生产企业	consumable
GYS0002893	北京思迪博科临床医学研究有限公司	生产企业	consumable
GYS0002894	北京怡成生物电子技术股份有限公司	生产企业	ivd
GYS0002895	北京怡欣盛业科贸发展有限公司	生产企业	consumable
GYS0002896	北京恒惠医疗器械有限责任公司	生产企业	consumable
GYS0002897	北京恒星煜医疗科技有限公司	生产企业	consumable
GYS0002898	北京恒润泰医药科技有限公司	生产企业	consumable
GYS0002899	北京恒生药业有限公司	生产企业/上市许可持有人	drug
GYS0002900	北京恒福思特科技发展有限责任公司	生产企业	consumable
GYS0002901	北京恒齿博乐科技有限公司	生产企业	consumable
GYS0002902	北京恩泽嘉事制药有限公司	生产企业/上市许可持有人	drug
GYS0002903	北京悠创日月医疗科技有限公司	生产企业	consumable
GYS0002904	北京悦唯医疗科技有限责任公司	生产企业	consumable
GYS0002905	北京悦通医疗器械有限责任公司	生产企业	consumable
GYS0002906	北京惠尔汇德医疗科技有限公司	生产企业	consumable
GYS0002907	北京惠慈假肢医疗用品开发有限责任公司	生产企业	consumable
GYS0002908	北京惠顺康医疗器械有限公司	生产企业	consumable
GYS0002909	北京成业健行医学技术有限公司	生产企业	consumable
GYS0002910	北京托毕西药业有限公司	生产企业/上市许可持有人	drug
GYS0002911	北京扶泰敏德医药技术有限公司	生产企业	consumable
GYS0002912	北京拓殖智业科技有限公司	生产企业	consumable
GYS0002913	北京择美科技有限公司	生产企业	consumable
GYS0002914	北京捷温康驰医疗器械有限公司	生产企业	consumable
GYS0002915	北京捷立德口腔医疗设备有限公司	生产企业	consumable
GYS0002916	北京敬智医药科技有限公司	生产企业	consumable
GYS0002917	北京斯利安药业有限公司	生产企业/上市许可持有人	drug
GYS0002918	北京新世纪鼎高商贸有限公司	生产企业	consumable
GYS0002919	北京新健侨技术发展有限公司	生产企业	consumable
GYS0002920	北京新兴四寰生物技术有限公司	生产企业	consumable
GYS0002921	北京新华国康科技有限公司	生产企业	consumable
GYS0002922	北京新诺医学技术有限公司	生产企业	consumable
GYS0002923	北京施派德科技有限公司	生产企业	consumable
GYS0002924	北京旭盛兴科技有限公司	生产企业	consumable,ivd
GYS0002925	北京明光锐创医疗器械有限责任公司	生产企业	consumable
GYS0002926	北京明康安医药科技有限公司	生产企业	consumable
GYS0002927	北京明瑞行科技开发有限公司	生产企业	consumable
GYS0002928	北京易普康达医疗科技有限公司	生产企业	consumable
GYS0002929	北京昕众生物科技有限公司	生产企业	consumable
GYS0002930	北京星昊医药股份有限公司	生产企业/上市许可持有人	drug
GYS0002931	北京春风药业有限公司	生产企业/上市许可持有人	drug
GYS0002932	北京晟安康医疗器械中心	生产企业	consumable
GYS0002933	北京普润医疗器械有限公司	生产企业	consumable
GYS0002934	北京普益盛济科技有限公司	生产企业	consumable
GYS0002935	北京普路达国际贸易有限公司	生产企业	consumable
GYS0002936	北京景和泰达科技有限公司	生产企业	consumable
GYS0002937	北京晶瓷医疗器械有限公司	生产企业	consumable
GYS0002938	北京智博高科生物技术有限公司	生产企业/上市许可持有人	drug
GYS0002939	北京智思合讯科技有限公司	生产企业	consumable
GYS0002940	北京智杰华隆技术发展有限公司	生产企业	consumable
GYS0002941	北京智爱好必特国际贸易有限公司	生产企业	consumable
GYS0002942	北京智皓领先科技有限公司	生产企业	consumable
GYS0002943	北京智飞绿竹生物制药有限公司	生产企业/上市许可持有人	drug
GYS0002944	北京曙光药业有限责任公司	生产企业/上市许可持有人	drug
GYS0002945	北京有卓正联医疗科技有限公司	生产企业	consumable
GYS0002946	北京有泽医疗科技有限公司	生产企业	consumable
GYS0002947	北京朋来制药有限公司	生产企业/上市许可持有人	drug,consumable
GYS0002948	北京朗视仪器股份有限公司	生产企业	consumable
GYS0002949	北京朗迪制药有限公司	生产企业/上市许可持有人	drug
GYS0002950	北京未来新东医疗科技有限公司	生产企业	consumable
GYS0002951	北京术锐机器人股份有限公司	生产企业	consumable
GYS0002952	北京杰西慧中医疗设备有限公司	生产企业	consumable
GYS0002953	北京杰西慧中科技股份有限公司	生产企业	consumable
GYS0002954	北京柏惠维康科技股份有限公司	生产企业	consumable
GYS0002955	北京柏雅联合药物研究所有限公司	生产企业/上市许可持有人	drug
GYS0002956	北京柯威尔医疗科技有限公司	生产企业	consumable
GYS0002957	北京格林彩虹假肢矫形器技术有限公司	生产企业	consumable
GYS0002958	北京格瑞纳健峰生物技术有限公司	生产企业	consumable
GYS0002959	北京桀亚莱福生物技术有限责任公司	生产企业	consumable
GYS0002960	北京梓铭佳业医疗器械有限公司	生产企业	consumable
GYS0002961	北京梦萦医疗器材有限公司	生产企业	consumable
GYS0002962	北京森科医药有限公司	生产企业	drug
GYS0002963	北京森美希克玛生物科技有限公司	生产企业	consumable
GYS0002964	北京欣南荣商贸有限公司	生产企业	consumable
GYS0002965	北京欣科思达医药科技有限公司	生产企业	drug
GYS0002966	北京欧亚瑞康新材料科技有限公司	生产企业	consumable
GYS0002967	北京欧美利齿科技术有限公司	生产企业	consumable
GYS0002968	北京欧莱联合医疗器械有限公司	生产企业	consumable
GYS0002969	北京正德堂医疗器械有限责任公司	生产企业	consumable
GYS0002970	北京毅新博创生物科技有限公司	生产企业	consumable
GYS0002971	北京民康百草医药科技有限公司	生产企业/上市许可持有人	drug
GYS0002972	北京民海生物科技有限公司	生产企业/上市许可持有人	drug
GYS0002973	北京水木天蓬医疗设备有限公司	生产企业	consumable
GYS0002974	北京永欣康科技发展有限公司	生产企业	consumable
GYS0002975	北京永泰安医疗科技开发有限公司	生产企业	consumable
GYS0002976	北京永益润成科技有限公司	生产企业	consumable
GYS0002977	北京永轩科技有限公司	生产企业	consumable
GYS0002978	北京永通联合科技有限公司	生产企业	consumable
GYS0002979	北京汇恩兰德制药有限公司	生产企业/上市许可持有人	drug
GYS0002980	北京汇福康科技有限公司	生产企业	consumable
GYS0002981	北京汇荣洁义齿科技有限公司	生产企业	consumable
GYS0002982	北京汉典制药有限公司	生产企业/上市许可持有人	drug
GYS0002983	北京汉道方科技有限公司	生产企业	consumable
GYS0002984	北京沃比医疗科技有限公司	生产企业	consumable
GYS0002985	北京沃邦医药科技有限公司	生产企业/上市许可持有人	drug
GYS0002986	北京沈忆医疗技术有限公司	生产企业	consumable
GYS0002987	北京法莫斯达制药科技有限公司	生产企业/上市许可持有人	drug
GYS0002988	北京泰克莱恩医疗科技有限公司	生产企业	consumable
GYS0002989	北京泰士特商贸有限公司	生产企业	consumable
GYS0002990	北京泰德制药股份有限公司	生产企业/上市许可持有人	drug,consumable
GYS0002991	北京泰杰伟业科技股份有限公司	生产企业	consumable
GYS0002992	北京泰格悦和生物技术有限公司	生产企业	consumable
GYS0002993	北京泰格科信生物科技有限公司	生产企业	consumable
GYS0002994	北京泰科斯曼科技发展有限公司	生产企业	consumable
GYS0002995	北京洁冠医疗器械有限公司	生产企业	consumable
GYS0002996	北京洪天力药业有限公司	生产企业/上市许可持有人	drug
GYS0002997	北京派尔特医疗科技股份有限公司	生产企业	consumable
GYS0002998	北京浦润奥生物科技有限责任公司	生产企业/上市许可持有人	drug
GYS0002999	北京浩川志业经贸有限责任公司	生产企业	consumable
GYS0003000	北京海吉雅医疗器材有限公司	生产企业	consumable
GYS0003001	北京海图倍健科技有限公司	生产企业	consumable
GYS0003002	北京海奥思康科技有限公司	生产企业	consumable
GYS0003003	北京海康利达科技有限公司	生产企业	consumable
GYS0003004	北京海德润制药有限公司	生产企业/上市许可持有人	drug
GYS0003005	北京海德润医药集团有限公司	生产企业/上市许可持有人	drug
GYS0003006	北京海思敏医疗技术有限公司	生产企业	consumable
GYS0003007	北京海思瑞格科技有限公司	生产企业	consumable
GYS0003008	北京海晶生物医药科技有限公司	生产企业/上市许可持有人	drug
GYS0003009	北京海步医药科技有限公司	生产企业/上市许可持有人	drug
GYS0003010	北京海沃斯医疗科技有限公司	生产企业	consumable
GYS0003011	北京海王中新药业股份有限公司	生产企业/上市许可持有人	drug
GYS0003012	北京润美康医药有限公司	生产企业	consumable
GYS0003013	北京深瑞达医疗科技有限公司	生产企业	consumable
GYS0003014	北京深纳普思人工智能技术有限公司	生产企业	consumable
GYS0003015	北京清源伟业生物组织工程科技有限公司	生产企业	consumable
GYS0003016	北京湃生生物科技有限公司	生产企业	consumable
GYS0003017	北京灵泽医药技术开发有限公司	生产企业	consumable
GYS0003018	北京热景生物技术股份有限公司	生产企业	consumable
GYS0003019	北京燃石医疗器械有限公司	生产企业	consumable
GYS0003020	北京爱克尔卫生用品有限公司	生产企业	consumable
GYS0003021	北京爱力佳医药科技有限公司	生产企业/上市许可持有人	drug
GYS0003022	北京爱博思医疗科技有限公司	生产企业	consumable
GYS0003023	北京爱尔科商贸有限公司	生产企业	consumable
GYS0003024	北京爱康宜诚医疗器材有限公司	生产企业	consumable
GYS0003025	北京爱普力思健康科技有限公司	生产企业	consumable
GYS0003026	北京爱特康医疗科技有限公司	生产企业	consumable
GYS0003027	北京爱霖医疗科技有限公司	生产企业	consumable
GYS0003028	北京特格蕾德口腔医疗技术有限公司	生产企业	consumable
GYS0003029	北京特色东方医药研究院有限责任公司	生产企业	consumable
GYS0003030	北京玉康源科技有限公司	生产企业	consumable
GYS0003031	北京玉彩飞腾医疗器械有限公司	生产企业	consumable
GYS0003032	北京玮泊思科技开发有限公司	生产企业	consumable
GYS0003033	北京环球精博康复辅具技术有限公司	生产企业	consumable
GYS0003034	北京珅诺基医药科技有限公司	生产企业/上市许可持有人	drug
GYS0003035	北京理贝尔生物工程研究所有限公司	生产企业	consumable
GYS0003036	北京瑞健高科生物科技有限公司	生产企业	consumable
GYS0003037	北京瑞克斡医疗科技有限公司	生产企业	consumable
GYS0003038	北京瑞吉斯医药科技有限公司	生产企业	consumable,ivd
GYS0003039	北京瑞吉致远医药科技有限公司	生产企业	consumable
GYS0003040	北京瑞尔通激光科技有限公司	生产企业	consumable
GYS0003041	北京瑞山博众医疗器械有限责任公司	生产企业	consumable
GYS0003042	北京瑞思医疗器械有限公司	生产企业	consumable
GYS0003043	北京瑞成医疗器械有限公司	生产企业	consumable
GYS0003044	北京瑞成德源科贸有限公司	生产企业	consumable
GYS0003045	北京瑞朗医疗器械有限公司	生产企业	consumable
GYS0003046	北京瑞朗泰科医疗器械有限公司	生产企业	consumable
GYS0003047	北京瑞林通达科技发展有限公司	生产企业	consumable
GYS0003048	北京瑞沃医疗器械有限公司	生产企业	consumable
GYS0003049	北京瑞璟医药有限公司	生产企业/上市许可持有人	drug
GYS0003050	北京瑞皓医疗科技有限公司	生产企业	consumable
GYS0003051	北京瑞福达医疗科技有限公司	生产企业	consumable
GYS0003052	北京瑞达康润医疗科技有限公司	生产企业	consumable
GYS0003053	北京瑞麟金业技术开发有限责任公司	生产企业	consumable
GYS0003054	北京甘甘科技有限公司	生产企业	consumable
GYS0003055	北京生物制品研究所有限责任公司	生产企业/上市许可持有人	drug
GYS0003056	北京百优华泰医疗科技有限公司	生产企业	consumable
GYS0003057	北京百利康生化有限公司	生产企业	consumable
GYS0003058	北京百医汇健康科技有限公司	生产企业	consumable
GYS0003059	北京百奥药业有限责任公司	生产企业/上市许可持有人	drug
GYS0003060	北京百心利商贸有限公司	生产企业	consumable
GYS0003061	北京百慧生化制药有限责任公司	生产企业/上市许可持有人	drug
GYS0003062	北京百特康科技有限公司	生产企业	consumable
GYS0003063	北京百美特生物制药有限公司	生产企业/上市许可持有人	drug
GYS0003064	北京皓康科技有限公司	生产企业	consumable
GYS0003065	北京益民药业有限公司	生产企业/上市许可持有人	drug
GYS0003066	北京益而康生物工程有限公司	生产企业	consumable
GYS0003067	北京益鑫嘉商贸有限公司	生产企业	consumable
GYS0003068	北京盛卓义齿有限公司	生产企业	consumable
GYS0003069	北京盛引信利医疗科技有限责任公司	生产企业	consumable
GYS0003070	北京睐特美商贸有限公司	生产企业	consumable
GYS0003071	北京睿仁医疗科技有限公司	生产企业	consumable
GYS0003072	北京睿保利医疗器械有限责任公司	生产企业	consumable
GYS0003073	北京睿拓伟业商贸有限公司	生产企业	consumable
GYS0003074	北京瞬行生物科技有限公司	生产企业	consumable
GYS0003075	北京知百草药业有限公司	生产企业/上市许可持有人	drug
GYS0003076	北京神鹿腾飞医疗科技有限公司	生产企业	consumable
GYS0003077	北京福元医药股份有限公司	生产企业/上市许可持有人	drug
GYS0003078	北京福尔娜医用器材有限公司	生产企业	consumable
GYS0003079	北京福爱乐科技发展有限公司	生产企业	consumable
GYS0003080	北京秋满实医疗科技有限公司	生产企业	consumable
GYS0003081	北京科仪邦恩医疗器械科技有限公司	生产企业	consumable
GYS0003082	北京科健生物技术有限公司	生产企业	consumable
GYS0003083	北京科兴固义齿有限公司	生产企业	consumable
GYS0003084	北京科兴生物制品有限公司	生产企业/上市许可持有人	drug
GYS0003085	北京科卫临床诊断试剂有限公司	生产企业/上市许可持有人	drug
GYS0003086	北京科联升华医疗科技有限公司	生产企业	consumable
GYS0003087	北京科苑达医疗用品有限公司	生产企业	consumable
GYS0003088	北京科霖众医疗科技有限公司	生产企业	consumable
GYS0003089	北京笑傲卓美义齿有限公司	生产企业	consumable
GYS0003090	北京第一生物化学药业有限公司	生产企业/上市许可持有人	drug
GYS0003091	北京管桥医疗科技有限公司	生产企业	consumable
GYS0003092	北京米赫医疗器械有限责任公司	生产企业	consumable
GYS0003093	北京米道斯医疗器械有限公司	生产企业	consumable
GYS0003094	北京精加至信医疗科技有限公司	生产企业	consumable
GYS0003095	北京精博现代假肢矫形器技术有限公司	生产企业	consumable
GYS0003096	北京精诚创业医疗器械有限公司	生产企业	consumable
GYS0003097	北京索吉瑞科技有限公司	生产企业	consumable
GYS0003098	北京红星双北医疗器材有限公司	生产企业	consumable
GYS0003099	北京红林制药有限公司	生产企业/上市许可持有人	drug
GYS0003100	北京红祥聚科贸有限公司	生产企业	consumable
GYS0003101	北京纳什国际生物科技有限公司	生产企业	consumable
GYS0003102	北京纳捷诊断试剂有限公司	生产企业	consumable
GYS0003103	北京纳通医用机器人科技有限公司	生产企业	consumable
GYS0003104	北京纳通医疗技术有限公司	生产企业	consumable
GYS0003105	北京纽创科技有限公司	生产企业	consumable
GYS0003106	北京纽康得科技发展有限公司	生产企业	consumable
GYS0003107	北京维威科斯科技发展有限公司	生产企业	consumable
GYS0003108	北京缔佳医疗器械有限公司	生产企业	consumable
GYS0003109	北京罗森博特科技有限公司	生产企业	consumable
GYS0003110	北京美中双和医疗器械股份有限公司	生产企业	consumable
GYS0003111	北京美后科学仪器有限责任公司	生产企业	consumable
GYS0003112	北京美康基因科学股份有限公司	生产企业	consumable
GYS0003113	北京美康晟翔科贸有限公司	生产企业	consumable
GYS0003114	北京美康森医药科技有限公司	生产企业	consumable
GYS0003115	北京美德嘉华科技发展有限公司	生产企业	consumable
GYS0003116	北京美科创新科技有限公司	生产企业	consumable
GYS0003117	北京美迪亚斯塑料制品有限公司	生产企业	consumable
GYS0003118	北京美高牙科医疗器材有限责任公司	生产企业	consumable
GYS0003119	北京羽泓科技有限公司	生产企业	consumable
GYS0003120	北京联瑞通医疗器械有限责任公司	生产企业	consumable
GYS0003121	北京联立信生物技术有限公司	生产企业	consumable
GYS0003122	北京联袂义齿技术有限公司	生产企业	consumable
GYS0003123	北京舒尔雅妇婴卫生用品有限公司	生产企业	consumable
GYS0003124	北京航天卡迪技术开发研究所	生产企业	consumable
GYS0003125	北京航天长峰股份有限公司	生产企业	consumable
GYS0003126	北京艾伦斯保健品有限公司	生产企业	consumable
GYS0003127	北京艾尔瑞宜科技有限公司	生产企业	consumable
GYS0003128	北京英佳麦迪克医用材料有限公司	生产企业	consumable
GYS0003129	北京茗泽中和药物研究有限公司	生产企业/上市许可持有人	drug
GYS0003130	北京茜尔佳生物技术有限公司	生产企业	consumable
GYS0003131	北京荣康泰医疗器械有限公司	生产企业	consumable
GYS0003132	北京荣瑞世纪科技有限公司	生产企业	consumable
GYS0003133	北京莱顿医疗器械有限责任公司	生产企业	consumable
GYS0003134	北京莱顿生物材料有限公司	生产企业	consumable
GYS0003135	北京萌蒂制药有限公司	生产企业	drug
GYS0003136	北京葆年堂(菏泽)药业有限公司	生产企业/上市许可持有人	drug
GYS0003137	北京葡立药业有限公司	生产企业/上市许可持有人	drug
GYS0003138	北京蒙博润生物科技有限公司	生产企业	consumable
GYS0003139	北京蒙太因医疗器械有限公司	生产企业	consumable
GYS0003140	北京蓝拓医疗器械有限公司	生产企业	consumable
GYS0003141	北京蓝海微医疗器械有限公司	生产企业	consumable
GYS0003142	北京蓝通泰德医疗器械有限公司	生产企业	consumable
GYS0003143	北京融英医药科技有限公司	生产企业/上市许可持有人	drug
GYS0003144	北京裕恒佳科技有限公司	生产企业	consumable
GYS0003145	北京视达医疗器械有限公司	生产企业	consumable
GYS0003146	北京诚名扬科技发展有限公司	生产企业	consumable
GYS0003147	北京诚济制药股份有限公司	生产企业/上市许可持有人	drug
GYS0003148	北京诚诺美迪科技有限公司	生产企业	consumable
GYS0003149	北京诺亚同舟医疗技术有限公司	生产企业	consumable
GYS0003150	北京诺亚同舟医疗科技有限公司	生产企业	consumable
GYS0003151	北京诺华制药有限公司	生产企业/上市许可持有人	drug
GYS0003152	北京诺思兰德生物技术股份有限公司	生产企业/上市许可持有人	drug
GYS0003153	北京诺诚健华医药科技有限公司	生产企业/上市许可持有人	drug
GYS0003154	北京谊安和顺科技有限公司	生产企业	consumable
GYS0003155	北京豪洛捷科技有限公司	生产企业	consumable
GYS0003156	北京贝尔生物工程股份有限公司	生产企业/上市许可持有人	drug,consumable
GYS0003157	北京贝思达生物技术有限公司	生产企业	consumable
GYS0003158	北京贝恩医药科技开发有限责任公司	生产企业	consumable
GYS0003159	北京贝科达医疗器械有限公司	生产企业	consumable
GYS0003160	北京贞玉民生药业有限公司	生产企业/上市许可持有人	drug
GYS0003161	北京费森尤斯医疗器械有限公司	生产企业	consumable
GYS0003162	北京费森尤斯卡比医药有限公司	生产企业/上市许可持有人	drug
GYS0003163	北京赛升药业股份有限公司	生产企业/上市许可持有人	drug
GYS0003164	北京赛博特医疗器械有限公司	生产企业	consumable
GYS0003165	北京赛普九洲科技发展有限公司	生产企业	consumable
GYS0003166	北京赛濡特口腔医疗器械有限公司	生产企业	consumable
GYS0003167	北京赛而生物药业有限公司	生产企业/上市许可持有人	drug
GYS0003168	北京赛舒特医疗器械有限公司	生产企业	consumable
GYS0003169	北京赛诺强医药对外贸易有限公司	生产企业	consumable
GYS0003170	北京赢冠口腔医疗科技股份有限公司	生产企业	consumable
GYS0003171	北京超尔科技有限公司	生产企业	consumable
GYS0003172	北京跃达康科技有限公司	生产企业	consumable
GYS0003173	北京轩升制药有限公司	生产企业/上市许可持有人	drug
GYS0003174	北京达孚兴业景盛科技有限公司	生产企业	consumable
GYS0003175	北京达雅鼎医疗器械有限公司	生产企业	consumable
GYS0003176	北京迈世通科技有限公司	生产企业	consumable
GYS0003177	北京迈克达威体育文化发展有限公司	生产企业	consumable
GYS0003178	北京迈尔乐孚医疗科技有限公司	生产企业	consumable
GYS0003179	北京迈得诺医疗技术有限公司	生产企业	consumable
GYS0003180	北京迈淩医疗技术发展有限公司	生产企业	consumable
GYS0003181	北京迈迪克豪尔医药技术咨询服务有限公司	生产企业	consumable
GYS0003182	北京迈迪斯医疗技术有限公司	生产企业	consumable
GYS0003183	北京迈迪顶峰医疗科技股份有限公司	生产企业	consumable
GYS0003184	北京迈锐思商贸有限公司	生产企业	consumable
GYS0003185	北京迈镝盛科科技有限公司	生产企业	consumable
GYS0003186	北京运康恒业生物技术有限公司	生产企业	consumable
GYS0003187	北京远大九和药业有限公司	生产企业/上市许可持有人	drug
GYS0003188	北京远方通达医药技术有限公司	生产企业/上市许可持有人	drug
GYS0003189	北京远程视觉科技有限公司	生产企业	consumable
GYS0003190	北京远策药业有限责任公司	生产企业/上市许可持有人	drug
GYS0003191	北京迪玛克医药科技有限公司	生产企业	consumable
GYS0003192	北京迪耀科贸有限公司	生产企业	consumable
GYS0003193	北京速迈医疗科技股份有限公司	生产企业	consumable
GYS0003194	北京邦塞科技有限公司	生产企业	consumable
GYS0003195	北京邦维应急装备有限公司	生产企业	consumable
GYS0003196	北京金世汇嘉义齿技术有限公司	生产企业	consumable
GYS0003197	北京金亿达医疗器械有限公司	生产企业	consumable
GYS0003198	北京金典汉方药业股份有限公司	生产企业/上市许可持有人	drug
GYS0003199	北京金协信商贸有限责任公司	生产企业	consumable
GYS0003200	北京金城泰尔制药有限公司	生产企业/上市许可持有人	drug
GYS0003201	北京金康驰医药投资有限公司	生产企业	consumable
GYS0003202	北京金新兴医疗器械厂	生产企业	consumable
GYS0003203	北京金易捷医疗技术有限公司	生产企业	consumable
GYS0003204	北京金木信诚科贸有限责任公司	生产企业	consumable
GYS0003205	北京金桔匠人科技有限公司	生产企业	consumable
GYS0003206	北京金永源医疗器械有限公司	生产企业	consumable
GYS0003207	北京金沃夫生物工程科技有限公司	生产企业	consumable
GYS0003208	北京金豪制药股份有限公司	生产企业/上市许可持有人	drug,consumable
GYS0003209	北京金赛增医疗科技有限公司	生产企业/上市许可持有人	drug
GYS0003210	北京鑫康辰医学科技发展有限公司	生产企业	consumable
GYS0003211	北京鑫源恒信医疗器械有限公司	生产企业	consumable
GYS0003212	北京鑫紫竹兴业医疗器械股份有限公司	生产企业	consumable
GYS0003213	北京鑫诺康桥经贸有限公司	生产企业	consumable
GYS0003214	北京铭芮科技有限公司	生产企业	consumable
GYS0003215	北京银河巴马生物技术股份有限公司	生产企业	consumable
GYS0003216	北京铸正机器人有限公司	生产企业	consumable
GYS0003217	北京锐业制药(潜山)有限公司	生产企业/上市许可持有人	drug
GYS0003218	北京锐业制药有限公司	生产企业/上市许可持有人	drug
GYS0003219	北京锐维尔贸易有限公司	生产企业	consumable
GYS0003220	北京镜缘博通医疗器械有限公司	生产企业	consumable
GYS0003221	北京长信新致美医疗器械有限公司	生产企业	consumable
GYS0003222	北京长城制药有限公司	生产企业/上市许可持有人	drug
GYS0003223	北京长川医用技术有限责任公司	生产企业	consumable
GYS0003224	北京长木谷医疗科技股份有限公司	生产企业	consumable
GYS0003225	北京阜康仁生物制药科技有限公司	生产企业/上市许可持有人	drug
GYS0003226	北京阳光宜康科技发展有限责任公司	生产企业	consumable
GYS0003227	北京阳光易帮医疗科技有限公司	生产企业	consumable
GYS0003228	北京阳灿义齿技术服务有限公司	生产企业	consumable
GYS0003229	北京阿迈特医疗器械有限公司	生产企业	consumable
GYS0003230	北京雅康博生物科技有限公司	生产企业	consumable
GYS0003231	北京雅思联合医疗科技有限公司	生产企业	consumable
GYS0003232	北京雅果科技有限公司	生产企业	consumable
GYS0003233	北京雅泰科技有限公司	生产企业	consumable
GYS0003234	北京集成康锐医疗器械有限公司	生产企业	consumable
GYS0003235	北京非凡制药有限公司	生产企业/上市许可持有人	drug
GYS0003236	北京非非医疗器械有限公司	生产企业	consumable
GYS0003237	北京韩美药品有限公司	生产企业/上市许可持有人	drug
GYS0003238	北京顺鑫祥云药业有限责任公司	生产企业/上市许可持有人	drug
GYS0003239	北京顺锐科技有限公司	生产企业	consumable
GYS0003240	北京颐合恒瑞医疗科技有限公司	生产企业	consumable
GYS0003241	北京颐康兴医药有限公司	生产企业/上市许可持有人	drug
GYS0003242	北京骨外固定技术研究所	生产企业	consumable
GYS0003243	北京高视远望科技有限责任公司	生产企业	consumable
GYS0003244	北京鸿仪瑞洋贸易有限公司	生产企业	consumable
GYS0003245	北京鸿鹄高翔科技开发有限公司	生产企业	consumable
GYS0003246	北京麦康医疗器械有限公司	生产企业	consumable
GYS0003247	北京麦康药业有限公司	生产企业/上市许可持有人	drug
GYS0003248	北京麦德医疗设备有限公司	生产企业	consumable
GYS0003249	北京麦德卡医学科技有限责任公司	生产企业	consumable
GYS0003250	北京麦格莱菲医疗设备有限公司	生产企业	consumable
GYS0003251	北京麦迪海药业有限责任公司	生产企业/上市许可持有人	drug
GYS0003252	北京麦邦光电仪器有限公司	生产企业	consumable
GYS0003253	北京齿康东和科贸有限公司	生产企业	consumable
GYS0003254	北京齿恒高科科技有限公司	生产企业	consumable
GYS0003255	北京齿空间生物科技有限公司	生产企业	consumable
GYS0003256	北京龙惠科技发展有限公司	生产企业	consumable
GYS0003257	北京龙慧珩医疗科技发展有限公司	生产企业	consumable
GYS0003258	北京龙泰洋健商贸有限公司	生产企业	consumable
GYS0003259	北京龙淼医疗器械有限公司	生产企业	consumable
GYS0003260	北京龙马负图科技有限公司	生产企业	consumable
GYS0003261	北博（北京）医疗器械有限公司	生产企业	consumable
GYS0003262	北大医药股份有限公司	生产企业/上市许可持有人	drug
GYS0003263	北安市宏大义齿有限公司	生产企业	consumable
GYS0003264	北极沣生物科技（上海）有限公司	生产企业	consumable
GYS0003265	北海国发川山生物股份有限公司制药厂	生产企业/上市许可持有人	drug
GYS0003266	北海市海城区美嘉誉义齿制作部	生产企业	consumable
GYS0003267	北海康成（北京）医药科技有限公司	生产企业	consumable
GYS0003268	北海瑞泰医疗器械有限公司	生产企业	consumable
GYS0003269	北海蓝海洋生物药业有限责任公司	生产企业/上市许可持有人	drug
GYS0003270	北海银源医药科技有限公司	生产企业	consumable
GYS0003271	北立医疗器械（天津）有限公司	生产企业	consumable
GYS0003272	北镇市山庆制药有限公司	生产企业	drug
GYS0003273	匠齿（香河）医疗科技有限公司	生产企业	consumable
GYS0003274	医乐世（天津）医疗器械技术有限公司	生产企业	consumable
GYS0003275	医加优品（宁波）医疗科技有限公司	生产企业	consumable
GYS0003276	医品科技（深圳）有限公司	生产企业	consumable
GYS0003277	医好用（天津）医疗器械有限公司	生产企业	consumable
GYS0003278	医度健康科技（广州）有限公司	生产企业	consumable
GYS0003279	医影联合科技成都有限公司	生产企业	consumable
GYS0003280	医影通（武汉）科技有限公司	生产企业	consumable
GYS0003281	医普汇医疗科技（广州）有限公司	生产企业	consumable
GYS0003282	医普生物科技（辽宁）有限公司	生产企业	consumable
GYS0003283	医树医疗科技（成都）有限公司	生产企业	consumable
GYS0003284	医树医疗科技（钟祥）有限公司	生产企业	consumable
GYS0003285	医沛生医疗器械技术咨询（北京）有限公司	生产企业	consumable
GYS0003286	医玛特（辽宁）医疗技术有限公司	生产企业	consumable
GYS0003287	医盾（山东）供应链管理集团有限公司	生产企业	consumable
GYS0003288	医科达（上海）医疗器械有限公司	生产企业	consumable
GYS0003289	医达康健（辽宁）医疗科技有限公司	生产企业	consumable
GYS0003290	医达极星医疗科技（苏州）有限公司	生产企业	consumable
GYS0003291	医迈斯电子医疗系统贸易（上海）有限公司	生产企业	consumable
GYS0003292	十堰博易扬假肢矫形康复器具有限公司	生产企业	consumable
GYS0003293	十堰市中医医院	制剂配制单位	preparation
GYS0003294	十堰市人民医院	制剂配制单位	preparation
GYS0003295	十堰市太和医院	制剂配制单位	preparation
GYS0003296	千海始德堂(鹤壁)制药有限公司	生产企业/上市许可持有人	drug
GYS0003297	千芝雅（湖北）卫生用品有限公司	生产企业	consumable
GYS0003298	升诺（南通）医疗科技有限公司	生产企业	consumable
GYS0003299	华东医药(西安)博华制药有限公司	生产企业/上市许可持有人	drug
GYS0003300	华中科技大学同济医学院附属协和医院	制剂配制单位	preparation
GYS0003301	华中科技大学同济医学院附属同济医院	制剂配制单位	preparation
GYS0003302	华中药业股份有限公司	生产企业/上市许可持有人	drug
GYS0003303	华仁药业(日照)有限公司	生产企业/上市许可持有人	drug
GYS0003304	华仁药业股份有限公司	生产企业/上市许可持有人	drug
GYS0003305	华仁药业股份有限公司,华仁药业(日照)有限公司	生产企业	drug
GYS0003306	华仁药业股份有限公司,湖北华仁同济药业有限责任公司	生产企业	drug
GYS0003307	华伦医疗用品（深圳）有限公司	生产企业	consumable
GYS0003308	华佗国药股份有限公司	生产企业/上市许可持有人	drug
GYS0003309	华兰生物工程股份有限公司	生产企业/上市许可持有人	drug
GYS0003310	华兰生物工程重庆有限公司	生产企业/上市许可持有人	drug
GYS0003311	华兰生物疫苗股份有限公司	生产企业/上市许可持有人	drug
GYS0003312	华制（天津）有限公司	生产企业	consumable
GYS0003313	华北制药华坤河北生物技术有限公司	生产企业/上市许可持有人	drug
GYS0003314	华北制药河北华民药业有限责任公司	生产企业/上市许可持有人	drug
GYS0003315	华北制药河北华诺有限公司	生产企业/上市许可持有人	drug
GYS0003316	华北制药股份有限公司	生产企业/上市许可持有人	drug
GYS0003317	华北制药金坦生物技术股份有限公司	生产企业/上市许可持有人	drug
GYS0003318	华北制药集团先泰药业有限公司	生产企业/上市许可持有人	drug
GYS0003319	华北制药集团新药研究开发有限责任公司	生产企业/上市许可持有人	drug
GYS0003320	华博医疗器械（山东）有限公司	生产企业	consumable
GYS0003321	华圣医疗科技（山东）有限公司	生产企业	consumable
GYS0003322	华夏国药(菏泽)制药有限公司	生产企业/上市许可持有人	drug
GYS0003323	华夏生生药业(北京)有限公司	生产企业/上市许可持有人	drug
GYS0003324	华外医疗器械（上海）有限公司	生产企业	consumable
GYS0003325	华尔科技集团股份有限公司	生产企业	consumable
GYS0003326	华广生物技术（平潭）有限公司	生产企业	ivd
GYS0003327	华悦生物科技（菏泽）有限公司	生产企业	consumable
GYS0003328	华晟利通(沈阳)医疗器械有限公司	生产企业	consumable
GYS0003329	华晟美（江苏）医疗科技有限公司	生产企业	consumable
GYS0003330	华曼兄弟医药科技（苏州）有限公司	生产企业	consumable
GYS0003331	华林堂药业（贵州）有限公司	生产企业	consumable
GYS0003332	华沃生物科技（武汉）有限公司	生产企业	consumable
GYS0003333	华济医药科技(北京)有限公司	生产企业/上市许可持有人	drug
GYS0003334	华润三九(北京)药业有限公司	生产企业/上市许可持有人	drug
GYS0003335	华润三九(南昌)药业有限公司	生产企业/上市许可持有人	drug
GYS0003336	华润三九(唐山)药业有限公司	生产企业/上市许可持有人	drug
GYS0003337	华润三九(枣庄)药业有限公司	生产企业/上市许可持有人	drug
GYS0003338	华润三九(郴州)制药有限公司	生产企业/上市许可持有人	drug
GYS0003339	华润三九(酉阳)制药有限公司	生产企业/上市许可持有人	drug
GYS0003340	华润三九(雅安)药业有限公司	生产企业/上市许可持有人	drug
GYS0003341	华润三九(雅安)药业限公司	生产企业	drug
GYS0003342	华润三九(黄石)药业有限公司	生产企业/上市许可持有人	drug
GYS0003343	华润三九医药股份有限公司	生产企业/上市许可持有人	drug
GYS0003344	华润医疗用品（河南）有限公司	生产企业	consumable
GYS0003345	华润博雅生物制药集团股份有限公司	生产企业/上市许可持有人	drug
GYS0003346	华润双鹤利民药业(济南)有限公司	生产企业/上市许可持有人	drug
GYS0003347	华润双鹤药业股份有限公司	生产企业/上市许可持有人	drug
GYS0003348	华润昂德生物药业有限公司	生产企业/上市许可持有人	drug
GYS0003349	华润紫竹药业有限公司	生产企业/上市许可持有人	drug
GYS0003350	华润赛科药业有限责任公司	生产企业/上市许可持有人	drug
GYS0003351	华清智美（南宁）生物科技有限公司	生产企业	consumable
GYS0003352	华熙生物科技股份有限公司	生产企业/上市许可持有人	drug,consumable
GYS0003353	华熙生物科技（海南）有限公司	生产企业	consumable
GYS0003354	华熙生物科技（湘潭）有限公司	生产企业	consumable
GYS0003355	华玖科技有限公司	生产企业	consumable
GYS0003356	华益泰康药业股份有限公司	生产企业/上市许可持有人	drug
GYS0003357	华益药业科技(安徽)有限公司	生产企业/上市许可持有人	drug
GYS0003358	华盛联盟医疗设备（北京）有限公司	生产企业	consumable
GYS0003359	华科精准(北京)医疗设备股份有限公司	生产企业	consumable
GYS0003360	华药重庆医疗用品有限公司	生产企业	consumable
GYS0003361	华融科创生物科技（北京）有限公司	生产企业	consumable
GYS0003362	华融科创生物科技（天津）有限公司	生产企业	consumable
GYS0003363	华裕(无锡)制药有限公司	生产企业/上市许可持有人	drug
GYS0003364	华裕（无锡）制药有限公司	生产企业	consumable
GYS0003365	华西精创医疗科技（成都）有限公司	生产企业	consumable
GYS0003366	华诺医药(广州)有限公司	生产企业/上市许可持有人	drug
GYS0003367	华阳(恩施)药业有限公司	生产企业/上市许可持有人	drug
GYS0003368	华领医药技术(上海)有限公司	生产企业/上市许可持有人	drug
GYS0003369	华颐药业有限公司	生产企业/上市许可持有人	drug
GYS0003370	协和麒麟(中国)制药有限公司	生产企业/上市许可持有人	drug
GYS0003371	协定汉方药业（河南）集团有限公司	生产企业	consumable
GYS0003372	卓亿医疗科技有限公司	生产企业	consumable
GYS0003373	卓和药业集团有限公司	生产企业/上市许可持有人	drug
GYS0003374	卓和药业集团股份有限公司	生产企业/上市许可持有人	drug
GYS0003375	卓尔奥医疗科技（上海）有限公司	生产企业	consumable
GYS0003376	卓悦尚缔泰州医疗器械有限公司	生产企业	consumable
GYS0003377	卓翼沪煊（广东）科技有限公司	生产企业	consumable
GYS0003378	卓迈康（厦门）医疗器械有限公司	生产企业	consumable
GYS0003379	卓阮医疗科技（苏州）有限公司	生产企业	consumable
GYS0003380	南京一心和医药科技有限公司	生产企业/上市许可持有人	drug
GYS0003381	南京一正医疗科技有限公司	生产企业	consumable
GYS0003382	南京东万生物技术有限公司	生产企业	consumable
GYS0003383	南京中山制药有限公司	生产企业/上市许可持有人	drug
GYS0003384	南京中科拜尔医学技术有限公司	生产企业	consumable
GYS0003385	南京中科药业有限公司	生产企业/上市许可持有人	drug
GYS0003386	南京丰恺思药物研发有限公司	生产企业/上市许可持有人	drug
GYS0003387	南京丹贝义齿有限公司	生产企业	consumable
GYS0003388	南京五顷医疗器械有限公司	生产企业	consumable
GYS0003389	南京亚方药业有限公司	生产企业	consumable
GYS0003390	南京京准医疗科技有限公司	生产企业	consumable
GYS0003391	南京亿华药业有限公司	生产企业/上市许可持有人	drug
GYS0003392	南京亿高医疗科技股份有限公司	生产企业	consumable
GYS0003393	南京仁诺医学检验有限责任公司	生产企业	consumable
GYS0003394	南京从景生物技术有限公司	生产企业	consumable
GYS0003395	南京优科制药有限公司	生产企业/上市许可持有人	drug
GYS0003396	南京伟思医疗科技股份有限公司	生产企业	consumable
GYS0003397	南京伟韬商贸有限公司	生产企业	consumable
GYS0003398	南京佑卫医疗科技有限公司	生产企业	consumable
GYS0003399	南京佰事得医疗器械有限公司	生产企业	consumable
GYS0003400	南京佳奇医疗器械有限公司	生产企业	consumable
GYS0003401	南京佳普医疗设备有限公司	生产企业	consumable
GYS0003402	南京健之欣医用设备有限公司	生产企业	consumable
GYS0003403	南京健友生化制药股份有限公司	生产企业/上市许可持有人	drug
GYS0003404	南京健邦锦源医疗仪器有限公司	生产企业	consumable
GYS0003405	南京健邦锦源医疗科技有限公司	生产企业	consumable
GYS0003406	南京傲世澜医疗器械科技有限公司	生产企业	consumable
GYS0003407	南京冷热疗医用材料有限公司	生产企业	consumable
GYS0003408	南京初牛科技有限公司	生产企业	consumable
GYS0003409	南京制药厂有限公司	生产企业/上市许可持有人	drug
GYS0003410	南京力博维制药有限公司	生产企业/上市许可持有人	drug
GYS0003411	南京力成药业有限公司	生产企业/上市许可持有人	drug
GYS0003412	南京医朵云生物科技有限公司杭州分公司	生产企业	consumable
GYS0003413	南京医美医疗器械有限公司	生产企业	consumable
GYS0003414	南京华伟医疗设备有限公司	生产企业	consumable
GYS0003415	南京华塑增材制造有限公司	生产企业	consumable
GYS0003416	南京华开生物科技有限公司	生产企业	consumable
GYS0003417	南京华盖制药有限公司	生产企业/上市许可持有人	drug
GYS0003418	南京华骊医疗科技有限公司	生产企业	consumable
GYS0003419	南京南亚医疗器械有限公司	生产企业	consumable
GYS0003420	南京南大药业有限责任公司	生产企业/上市许可持有人	drug
GYS0003421	南京博德生物制药有限公司	生产企业/上市许可持有人	drug
GYS0003422	南京博睿慈医疗器械科技有限公司	生产企业	consumable
GYS0003423	南京卡文迪许生物工程技术有限公司	生产企业/上市许可持有人	drug
GYS0003424	南京厚生药业有限公司	生产企业/上市许可持有人	drug
GYS0003425	南京原子高科医药有限公司	生产企业	drug
GYS0003426	南京友德邦医疗科技有限公司	生产企业	consumable
GYS0003427	南京双威生物医学科技有限公司	生产企业	consumable
GYS0003428	南京吉枢康智能科技有限公司	生产企业	consumable
GYS0003429	南京同仁堂药业有限责任公司	生产企业	drug
GYS0003430	南京同仁堂黄山精制药业有限公司	生产企业/上市许可持有人	drug
GYS0003431	南京吾岳道医疗科技发展有限公司	生产企业	consumable
GYS0003432	南京品致医疗科技有限公司	生产企业	consumable
GYS0003433	南京嘉威医疗器械有限责任公司	生产企业	consumable
GYS0003434	南京嘉雅牙科技术服务有限公司	生产企业	consumable
GYS0003435	南京圣和药业股份有限公司	生产企业/上市许可持有人	drug
GYS0003436	南京大可实业有限公司	生产企业	consumable
GYS0003437	南京天奥医疗仪器制造有限公司	生产企业	consumable
GYS0003438	南京天朗制药有限公司	生产企业/上市许可持有人	drug,consumable
GYS0003439	南京天纵易康生物科技股份有限公司	生产企业	consumable
GYS0003440	南京天赢医疗科技有限公司	生产企业	consumable
GYS0003441	南京奥珂森电子有限公司	生产企业	consumable
GYS0003442	南京威瑞嘉生物科技有限公司	生产企业	consumable
GYS0003443	南京宁创医疗设备有限公司	生产企业	consumable
GYS0003444	南京宁星医疗科技有限公司	生产企业	consumable
GYS0003445	南京宏安医疗科技有限公司	生产企业	consumable
GYS0003446	南京容裕医疗科技有限公司	生产企业	consumable
GYS0003447	南京宽诚科技有限公司	生产企业	consumable
GYS0003448	南京小橙健康科技有限责任公司	生产企业	consumable
GYS0003449	南京屹特博医学科技发展有限公司	生产企业	consumable
GYS0003450	南京巨鲨医疗科技有限公司	生产企业	consumable
GYS0003451	南京市江亚数码科技有限公司	生产企业	consumable
GYS0003452	南京康友医疗科技有限公司	生产企业	consumable
GYS0003453	南京康容健康科技有限公司	生产企业	consumable
GYS0003454	南京康尼智能技术有限公司	生产企业	consumable
GYS0003455	南京康舟医药科技有限公司	生产企业/上市许可持有人	drug
GYS0003456	南京延年医疗科技有限公司	生产企业	consumable
GYS0003457	南京建尔发医疗科技有限公司	生产企业	consumable
GYS0003458	南京德文医学科技有限公司	生产企业	consumable
GYS0003459	南京必优特口腔义齿有限公司	生产企业	consumable
GYS0003460	南京思聆医药科技有限公司	生产企业/上市许可持有人	drug
GYS0003461	南京思脉德医疗科技有限公司	生产企业	consumable
GYS0003462	南京恒华生物发展有限公司	生产企业	consumable
GYS0003463	南京恒生制药有限公司	生产企业/上市许可持有人	drug
GYS0003464	南京恒远医疗器械有限公司	生产企业	consumable
GYS0003465	南京恒道医药科技股份有限公司	生产企业/上市许可持有人	drug,consumable
GYS0003466	南京恩泰医药科技有限公司	生产企业/上市许可持有人	drug
GYS0003467	南京悦安医疗科技有限公司	生产企业	consumable
GYS0003468	南京成同生物制药技术发展有限公司	生产企业/上市许可持有人	drug
GYS0003469	南京扬子医用制品有限公司	生产企业	consumable
GYS0003470	南京拜克医疗科技实业有限公司	生产企业	consumable
GYS0003471	南京拜森道尔医疗器械有限公司	生产企业	consumable
GYS0003472	南京数泓信息科技有限公司	生产企业	consumable
GYS0003473	南京斯泰尔医药科技有限公司	生产企业/上市许可持有人	drug
GYS0003474	南京斯瑞奇医疗用品有限公司	生产企业	consumable
GYS0003475	南京新丽天医疗科技有限公司	生产企业	consumable
GYS0003476	南京新百药业有限公司	生产企业/上市许可持有人	drug
GYS0003477	南京新隆医疗器械有限公司	生产企业	consumable
GYS0003478	南京方生和医药科技有限公司	生产企业/上市许可持有人	drug
GYS0003479	南京日睿新医药科技有限公司	生产企业	consumable
GYS0003480	南京早春医疗器械有限公司	生产企业	consumable
GYS0003481	南京明生医药有限公司	生产企业/上市许可持有人	drug
GYS0003482	南京易乐医疗器械有限公司	生产企业	consumable
GYS0003483	南京易亨制药有限公司	生产企业/上市许可持有人	drug,consumable
GYS0003484	南京易爱医疗设备有限公司	生产企业	consumable
GYS0003485	南京星洁雅医疗器械科技有限公司	生产企业	consumable
GYS0003486	南京星银药业集团有限公司	生产企业/上市许可持有人	drug
GYS0003487	南京春辉科技实业有限公司	生产企业	consumable
GYS0003488	南京普微森医疗科技有限公司	生产企业	consumable
GYS0003489	南京普惠旭晟药业科技有限公司	生产企业	consumable
GYS0003490	南京普立蒙医疗科技有限公司	生产企业	consumable
GYS0003491	南京景达斯医疗器械有限公司	生产企业	consumable
GYS0003492	南京晶捷生物科技有限公司	生产企业	ivd
GYS0003493	南京智康医疗科技有限公司	生产企业	consumable
GYS0003494	南京智服医疗器械咨询服务有限公司	生产企业	consumable
GYS0003495	南京朗格医学科技有限公司	生产企业	consumable
GYS0003496	南京朗登杰医疗科技有限公司	生产企业	consumable
GYS0003497	南京杏记医疗用品有限公司	生产企业	consumable
GYS0003498	南京柯菲平盛辉制药有限公司	生产企业	drug
GYS0003499	南京格琴医疗器械有限责任公司	生产企业	consumable
GYS0003500	南京森工生物科技有限公司	生产企业	consumable
GYS0003501	南京森盛医疗设备有限公司	生产企业	consumable
GYS0003502	南京橙色医疗用品有限公司	生产企业	consumable
GYS0003503	南京欣科医疗器械有限公司	生产企业	consumable
GYS0003504	南京欧赛尔齿业有限公司	生产企业	consumable
GYS0003505	南京正大天晴制药有限公司	生产企业/上市许可持有人	drug
GYS0003506	南京正科医药股份有限公司	生产企业/上市许可持有人	drug
GYS0003507	南京汇创星美生物科技有限公司	生产企业	consumable
GYS0003508	南京汉欣医药科技有限公司	生产企业	consumable
GYS0003509	南京汉瑞生物科技有限公司	生产企业	consumable
GYS0003510	南京江亚版材科技有限公司	生产企业	consumable
GYS0003511	南京江原安迪科正电子研究发展有限公司	生产企业/上市许可持有人	drug
GYS0003512	南京沃福曼医疗科技有限公司	生产企业	consumable
GYS0003513	南京法迈特科技发展有限公司	生产企业	consumable
GYS0003514	南京泽恒医药技术开发有限公司	生产企业/上市许可持有人	drug
GYS0003515	南京派福医学科技有限公司	生产企业	consumable
GYS0003516	南京济群医药科技股份有限公司	生产企业/上市许可持有人	drug
GYS0003517	南京海波医疗器械有限公司	生产企业	consumable
GYS0003518	南京海润医药有限公司	生产企业/上市许可持有人	drug
GYS0003519	南京海纳制药有限公司	生产企业/上市许可持有人	drug
GYS0003520	南京海纳医药科技股份有限公司	生产企业/上市许可持有人	drug
GYS0003521	南京海融制药有限公司	生产企业/上市许可持有人	drug
GYS0003522	南京海辰药业股份有限公司	生产企业/上市许可持有人	drug
GYS0003523	南京海鲸药业有限公司	生产企业	drug
GYS0003524	南京海鲸药业股份有限公司	生产企业/上市许可持有人	drug
GYS0003525	南京涓润医疗科技有限公司	生产企业	consumable
GYS0003526	南京润德农生物科技有限公司	生产企业	consumable
GYS0003527	南京瀚雅健康科技有限公司	生产企业	consumable
GYS0003528	南京炮苑电子技术研究所有限公司	生产企业	consumable
GYS0003529	南京爱蒙娜贸易有限公司	生产企业	consumable
GYS0003530	南京特纳斯生物技术开发有限公司	生产企业	consumable
GYS0003531	南京瑞克卫生物医药有限公司	生产企业/上市许可持有人	drug
GYS0003532	南京瑞捷医药科技有限公司	生产企业/上市许可持有人	drug
GYS0003533	南京瑞波医学科技有限公司	生产企业	consumable
GYS0003534	南京申基医药科技有限公司	生产企业	consumable
GYS0003535	南京畅丰生物科技有限公司	生产企业	consumable
GYS0003536	南京白敬宇制药有限责任公司	生产企业/上市许可持有人	drug
GYS0003537	南京百林陶瓷技术有限公司	生产企业	consumable
GYS0003538	南京百鑫愉医药有限公司	生产企业/上市许可持有人	drug
GYS0003539	南京盛略科技有限公司	生产企业	consumable
GYS0003540	南京知微医疗科技有限公司	生产企业	consumable
GYS0003541	南京神奇科技开发有限公司	生产企业	consumable
GYS0003542	南京福中医疗高科有限公司	生产企业	consumable
GYS0003543	南京科泰柯林医疗科技有限公司	生产企业	consumable
GYS0003544	南京竹海生物科技有限公司	生产企业	consumable
GYS0003545	南京精益义齿有限公司	生产企业	consumable
GYS0003546	南京纽诺英特医疗科技有限公司	生产企业	consumable
GYS0003547	南京维京九洲医疗器械研发中心	生产企业	consumable
GYS0003548	南京绿叶制药有限公司	生产企业	drug
GYS0003549	南京美淳医疗有限公司	生产企业	consumable
GYS0003550	南京美瑞制药有限公司	生产企业/上市许可持有人	drug,consumable
GYS0003551	南京美科生物科技有限公司	生产企业	consumable
GYS0003552	南京翱沛医疗科技有限公司	生产企业	consumable
GYS0003553	南京老山药业股份有限公司	生产企业/上市许可持有人	drug
GYS0003554	南京能恩医疗科技有限公司	生产企业	consumable
GYS0003555	南京脉创医疗科技有限公司	生产企业	consumable
GYS0003556	南京臣功制药股份有限公司	生产企业/上市许可持有人	drug
GYS0003557	南京艾力芬医疗器械有限公司	生产企业	consumable
GYS0003558	南京艾德凯腾生物医药有限责任公司	生产企业/上市许可持有人	drug
GYS0003559	南京艾森医疗科技有限公司	生产企业	consumable
GYS0003560	南京苏冠医疗科技有限公司	生产企业	consumable
GYS0003561	南京苏草堂药业有限公司	生产企业	consumable
GYS0003562	南京茂宇医疗器械科技有限公司	生产企业	consumable
GYS0003563	南京荣兴医疗器械有限公司	生产企业	consumable
GYS0003564	南京荣岩医疗器械有限公司	生产企业	consumable
GYS0003565	南京虹恺医疗器械有限公司	生产企业	consumable
GYS0003566	南京虹泉医疗技术有限公司	生产企业	consumable
GYS0003567	南京融晟医疗科技有限公司	生产企业	consumable
GYS0003568	南京诺令生物科技有限公司	生产企业	consumable
GYS0003569	南京诺唯赞医疗科技有限公司	生产企业	consumable
GYS0003570	南京诺源医疗器械有限公司	生产企业	consumable
GYS0003571	南京赛尔金生物医学有限公司	生产企业	consumable
GYS0003572	南京赛瑞谱顿制药有限公司	生产企业/上市许可持有人	drug
GYS0003573	南京达蒙医疗器械有限公司	生产企业	consumable
GYS0003574	南京迈创医疗器械有限公司	生产企业	consumable
GYS0003575	南京迈迪欣医疗器械有限公司	生产企业	consumable
GYS0003576	南京迪美医疗科技有限公司	生产企业	consumable
GYS0003577	南京逢源医疗用品有限公司	生产企业	consumable
GYS0003578	南京道大药业有限公司	生产企业	consumable
GYS0003579	南京道群医药研发有限公司	生产企业/上市许可持有人	drug
GYS0003580	南京邦士银药业有限公司	生产企业	consumable
GYS0003581	南京金石医疗科技有限公司	生产企业	consumable
GYS0003582	南京鑫博维新材料技术有限公司	生产企业	consumable
GYS0003583	南京锦冠桥义齿有限公司	生产企业	consumable
GYS0003584	南京长城医疗设备有限公司	生产企业	consumable
GYS0003585	南京长澳制药有限公司	生产企业/上市许可持有人	drug
GYS0003586	南京雅美口腔技术有限公司	生产企业	consumable
GYS0003587	南京飞渡医疗器械有限公司	生产企业	consumable
GYS0003588	南京首量医疗科技有限公司	生产企业	consumable
GYS0003589	南京驯鹿生物医药有限公司	生产企业/上市许可持有人	drug
GYS0003590	南京鲸力医药科技有限公司	生产企业	consumable
GYS0003591	南京鸿瑞杰生物医疗科技有限公司	生产企业	consumable
GYS0003592	南京麦澜德医疗科技股份有限公司	生产企业	consumable
GYS0003593	南京麦豆健康科技有限公司	生产企业	consumable
GYS0003594	南京黎明生物制品有限公司	生产企业	consumable
GYS0003595	南京鼎世医疗器械有限公司	生产企业	consumable
GYS0003596	南充亚鑫义齿技术有限责任公司	生产企业	consumable
GYS0003597	南充川口义齿制作有限公司	生产企业	consumable
GYS0003598	南充市顺庆区艺美义齿加工中心	生产企业	consumable
GYS0003599	南光化学制药股份有限公司	生产企业/上市许可持有人	drug
GYS0003600	南宁元德净化彩板设备有限公司	生产企业	consumable
GYS0003601	南宁利仁堂生物技术有限责任公司生产部	生产企业	consumable
GYS0003602	南宁加加诺科技有限公司	生产企业	consumable
GYS0003603	南宁原子高通医药有限公司	生产企业	drug
GYS0003604	南宁天成义齿科技有限公司	生产企业	consumable
GYS0003605	南宁市万洁义齿有限公司	生产企业	consumable
GYS0003606	南宁市万贝隆医疗器械有限公司	生产企业	consumable
GYS0003607	南宁市亚美义齿有限公司	生产企业	consumable
GYS0003608	南宁市众和牙科器材有限公司	生产企业	consumable
GYS0003609	南宁市无限美医疗用品有限公司	生产企业	consumable
GYS0003610	南宁市景欣齿科制作部	生产企业	consumable
GYS0003611	南宁市晶钻齿科技术有限公司	生产企业	consumable
GYS0003612	南宁市美皓医疗器械有限公司	生产企业	consumable
GYS0003613	南宁市美迪齿科技术有限公司	生产企业	consumable
GYS0003614	南宁市贵冠齿科数码科技有限公司	生产企业	consumable
GYS0003615	南宁市金马制药厂(有限公司)	生产企业/上市许可持有人	drug
GYS0003616	南宁市鑫紫竹商贸有限公司	生产企业	consumable
GYS0003617	南宁市靖佳齿科技术中心	生产企业	consumable
GYS0003618	南宁施喜列仪器仪表有限公司	生产企业	consumable
GYS0003619	南宁牙得安义齿有限公司	生产企业	consumable
GYS0003620	南宁瓷都忠诚义齿制造有限公司	生产企业	consumable
GYS0003621	南宁祺稳医疗器械有限责任公司	生产企业	consumable
GYS0003622	南宁腾科宝迪生物科技有限公司	生产企业	consumable
GYS0003623	南宁越洋科技有限公司	生产企业	consumable
GYS0003624	南宁鸿腾医疗科技有限公司	生产企业	consumable
GYS0003625	南岳生物制药有限公司	生产企业/上市许可持有人	drug
GYS0003626	南平市益美义齿制品有限公司	生产企业	consumable
GYS0003627	南微医学科技股份有限公司	生产企业	consumable
GYS0003628	南微纽诺医学科技（南京）有限公司	生产企业	consumable
GYS0003629	南新召塑料制品秦皇岛有限公司	生产企业	consumable
GYS0003630	南昌东利医疗科技有限公司	生产企业	consumable
GYS0003631	南昌东森牙科器材有限公司	生产企业	consumable
GYS0003632	南昌久源医疗器械有限公司	生产企业	consumable
GYS0003633	南昌亦白康科技有限公司	生产企业	consumable
GYS0003634	南昌仁仁医疗科技有限公司	生产企业	consumable
GYS0003635	南昌今时康生物科技有限公司	生产企业	consumable
GYS0003636	南昌健鹏医用器材有限公司	生产企业	consumable
GYS0003637	南昌元合泽众科技有限公司	生产企业	consumable
GYS0003638	南昌凯美特医疗器材有限公司	生产企业	consumable
GYS0003639	南昌千祥医疗器械有限公司	生产企业	consumable
GYS0003640	南昌升晨医疗器械有限公司	生产企业	consumable
GYS0003641	南昌华安众辉健康科技股份有限公司	生产企业	consumable
GYS0003642	南昌华康医疗科技有限公司	生产企业	consumable
GYS0003643	南昌华益医疗器械有限公司	生产企业	consumable
GYS0003644	南昌华美医疗器械有限公司	生产企业	consumable
GYS0003645	南昌卫材医疗器械有限公司	生产企业	consumable
GYS0003646	南昌原子高科医药有限公司	生产企业	drug
GYS0003647	南昌品尚医疗器械有限公司	生产企业	consumable
GYS0003648	南昌品方医疗器械有限公司	生产企业	consumable
GYS0003649	南昌山水义齿有限公司	生产企业	consumable
GYS0003650	南昌市三友医疗器械有限公司	生产企业	consumable
GYS0003651	南昌市东海医疗器材有限公司	生产企业	consumable
GYS0003652	南昌市中申医疗器械有限公司	生产企业	consumable
GYS0003653	南昌市乐诚贸易有限公司	生产企业	consumable
GYS0003654	南昌市佳辉医疗保健用品有限公司	生产企业	consumable
GYS0003655	南昌市全兴医疗器械有限公司	生产企业	consumable
GYS0003656	南昌市兴兴医疗器械有限公司	生产企业	consumable
GYS0003657	南昌市凯旋医疗器械有限公司	生产企业	consumable
GYS0003658	南昌市华亚医疗器械有限公司	生产企业	consumable
GYS0003659	南昌市华凯医疗器械有限公司	生产企业	consumable
GYS0003660	南昌市华泰医疗器械有限公司	生产企业	consumable
GYS0003661	南昌市华硕医疗设备有限公司	生产企业	consumable
GYS0003662	南昌市卫康医疗器械有限公司	生产企业	consumable
GYS0003663	南昌市奥康医疗器械有限公司	生产企业	consumable
GYS0003664	南昌市富达医疗器械有限公司	生产企业	consumable
GYS0003665	南昌市康乐卫生材料有限公司	生产企业	consumable
GYS0003666	南昌市康华卫材有限公司	生产企业	consumable
GYS0003667	南昌市康圣医疗器械有限公司	生产企业	consumable
GYS0003668	南昌市康洁医用卫生用品有限公司	生产企业	consumable
GYS0003669	南昌市德美康医疗器械有限公司	生产企业	consumable
GYS0003670	南昌市恒康医疗器械有限公司	生产企业	consumable
GYS0003671	南昌市恩惠医用卫生材料有限公司	生产企业	consumable
GYS0003672	南昌市惠临医疗器械有限公司	生产企业	consumable
GYS0003673	南昌市意尔康医疗器械有限公司	生产企业	consumable
GYS0003674	南昌市旭辉医疗器械有限公司	生产企业	consumable
GYS0003675	南昌市明辉卫生材料有限公司	生产企业	consumable
GYS0003676	南昌市朝阳医疗保健用品有限公司	生产企业	consumable
GYS0003677	南昌市永嘉牙科器材有限公司	生产企业	consumable
GYS0003678	南昌市江南诚医疗器械有限公司	生产企业	consumable
GYS0003679	南昌市爱益卫生材料有限公司	生产企业	consumable
GYS0003680	南昌市福康医疗器械有限公司	生产企业	consumable
GYS0003681	南昌市衡顺医疗器械有限责任公司	生产企业	consumable
GYS0003682	南昌市赣达医疗器械有限公司	生产企业	consumable
GYS0003683	南昌市通达医疗器械有限公司	生产企业	consumable
GYS0003684	南昌市飞弘药业有限公司	生产企业/上市许可持有人	drug
GYS0003685	南昌应诚医疗器械有限公司	生产企业	consumable
GYS0003686	南昌康平医用器材有限公司	生产企业	consumable
GYS0003687	南昌弘益药业有限公司	生产企业/上市许可持有人	drug
GYS0003688	南昌恒湖药酒有限责任公司	生产企业/上市许可持有人	drug
GYS0003689	南昌惠德乐医疗器械有限公司	生产企业	consumable
GYS0003690	南昌振丰医疗器械有限公司	生产企业	consumable
GYS0003691	南昌振新齿研科技有限公司	生产企业	consumable
GYS0003692	南昌新福实业有限公司	生产企业	consumable
GYS0003693	南昌永德利医疗器械有限公司	生产企业	consumable
GYS0003694	南昌沃克医疗科技有限公司	生产企业	consumable
GYS0003695	南昌沪士达医疗科技有限公司	生产企业	consumable
GYS0003696	南昌澳美医疗器械有限公司	生产企业	consumable
GYS0003697	南昌炮苑医疗器械有限公司	生产企业	consumable
GYS0003698	南昌爱博医疗器械有限公司	生产企业	consumable
GYS0003699	南昌牙翼牙科器材有限公司	生产企业	consumable
GYS0003700	南昌瑞绅科技有限公司	生产企业	consumable
GYS0003701	南昌白云药业有限公司	生产企业	drug
GYS0003702	南昌百济制药有限公司	生产企业/上市许可持有人	drug
GYS0003703	南昌益民医用卫生材料有限公司	生产企业	consumable
GYS0003704	南昌真形生物科技有限公司	生产企业	consumable
GYS0003705	南昌真桥齿研技术有限公司	生产企业	consumable
GYS0003706	南昌祝康医疗科技有限公司	生产企业	consumable
GYS0003707	南昌立健药业有限公司	生产企业/上市许可持有人	drug
GYS0003708	南昌维薇乳胶制业有限公司	生产企业	consumable
GYS0003709	南昌美乐齿科技术有限公司	生产企业	consumable
GYS0003710	南昌美嘉义齿有限公司	生产企业	consumable
GYS0003711	南昌翔翊医疗器械有限公司	生产企业	consumable
GYS0003712	南昌裕华医疗器械有限公司	生产企业	consumable
GYS0003713	南昌贝欧特医疗科技股份有限公司	生产企业	consumable
GYS0003714	南昌跃莉医疗器械有限公司	生产企业	consumable
GYS0003715	南昌锦冠桥义齿有限公司	生产企业	consumable
GYS0003716	南昌雨露实验器材有限公司	生产企业	consumable
GYS0003717	南昌雪晶弧科技有限公司	生产企业	consumable
GYS0003718	南昌飞翔乳胶制品有限公司	生产企业	consumable
GYS0003719	南昌飞马齿研新材料科技有限公司	生产企业	consumable
GYS0003720	南昌麦迪康医疗器械厂	生产企业	consumable
GYS0003721	南海朗肽制药有限公司	生产企业	drug
GYS0003722	南药大健康（贵州）有限公司	生产企业	consumable
GYS0003723	南药泰邦医药科技（广州）有限公司	生产企业	consumable
GYS0003724	南通三利医疗器械有限公司	生产企业	consumable
GYS0003725	南通三木医疗科技有限公司	生产企业	consumable
GYS0003726	南通久和药业有限公司	生产企业/上市许可持有人	drug
GYS0003727	南通九诺医疗科技有限公司	生产企业	consumable
GYS0003728	南通亿仕得医疗器械有限公司	生产企业	consumable
GYS0003729	南通今日高科技新材料股份有限公司	生产企业	consumable
GYS0003730	南通优护医疗科技有限公司	生产企业	consumable
GYS0003731	南通冠诚义齿有限公司	生产企业	consumable
GYS0003732	南通创汇生物科技有限公司	生产企业	consumable
GYS0003733	南通华利康医疗器械有限公司	生产企业	consumable
GYS0003734	南通华尔康医疗科技有限公司	生产企业	consumable
GYS0003735	南通华山药业有限公司	生产企业/上市许可持有人	drug
GYS0003736	南通华普工贸有限公司	生产企业	consumable
GYS0003737	南通安琪医疗用品有限公司	生产企业	consumable
GYS0003738	南通安缇生物科技有限公司	生产企业	consumable
GYS0003739	南通市优玖医疗用品有限公司	生产企业	consumable
GYS0003740	南通市奥华医用品有限公司	生产企业	consumable
GYS0003741	南通市安康医疗器械有限公司	生产企业	consumable
GYS0003742	南通市小虎牙义齿有限公司	生产企业	consumable
GYS0003743	南通市瑞德医用器械有限公司	生产企业	consumable
GYS0003744	南通市金鼎义齿科技有限公司	生产企业	consumable
GYS0003745	南通康锦辰医疗器械有限公司	生产企业	consumable
GYS0003746	南通恒泰医疗器材有限公司	生产企业	consumable
GYS0003747	南通悠氏医疗科技有限公司	生产企业	consumable
GYS0003748	南通成德乳胶制品有限公司	生产企业	consumable
GYS0003749	南通昌盛医用材料有限公司	生产企业	consumable
GYS0003750	南通昌裕医用科技有限公司	生产企业	consumable
GYS0003751	南通朗顺医疗器械有限公司	生产企业	consumable
GYS0003752	南通汇优嘉医用材料有限公司	生产企业	consumable
GYS0003753	南通汇优洁医用材料有限公司	生产企业	consumable
GYS0003754	南通沈德医疗器械科技有限公司	生产企业	consumable
GYS0003755	南通沧海生物科技有限公司	生产企业	consumable
GYS0003756	南通祥鑫医疗用品有限公司	生产企业	consumable
GYS0003757	南通科威瀚医疗科技有限公司	生产企业	consumable
GYS0003758	南通精功义齿制作厂（普通合伙）	生产企业	consumable
GYS0003759	南通罗伯特医疗科技有限公司	生产企业	consumable
GYS0003760	南通美冠达义齿有限公司	生产企业	consumable
GYS0003761	南通美康医疗器械有限公司	生产企业	consumable
GYS0003762	南通联亚药业股份有限公司	生产企业/上市许可持有人	drug
GYS0003763	南通致新齿业科技有限公司	生产企业	consumable
GYS0003764	南通苏派义齿有限公司	生产企业	consumable
GYS0003765	南通薄荷厂有限公司	生产企业	drug
GYS0003766	南通金源智能技术有限公司	生产企业	consumable
GYS0003767	南通鑫迪卫生用品有限公司	生产企业	consumable
GYS0003768	南通钧儒卫生用品有限公司	生产企业	consumable
GYS0003769	南通雅迪义齿有限公司	生产企业	consumable
GYS0003770	南通麓骊医疗器械有限公司	生产企业	consumable
GYS0003771	南阳七彩数码材料有限公司	生产企业	consumable
GYS0003772	南阳九鼎材料科技股份有限公司	生产企业	consumable
GYS0003773	南阳市久康医疗器械有限公司	生产企业	consumable
GYS0003774	南阳市新生制药有限公司	生产企业/上市许可持有人	drug
GYS0003775	南阳市昌华医疗器械有限公司	生产企业	consumable
GYS0003776	南阳市星光数码材料有限公司	生产企业	consumable
GYS0003777	南阳德士威数码科技有限公司	生产企业	consumable
GYS0003778	南阳普康恒旺药业有限公司	生产企业/上市许可持有人	drug
GYS0003779	南阳柯丽尔科技有限公司	生产企业	consumable
GYS0003780	南阳炫彩印象数码材料有限公司	生产企业	consumable
GYS0003781	南阳百康医疗器械有限公司	生产企业	consumable
GYS0003782	南阳益祥康健康管理服务有限公司	生产企业	consumable
GYS0003783	南阳迈尔舒医疗科技有限公司	生产企业	consumable
GYS0003784	南阳青禾医疗科技有限公司	生产企业	consumable
GYS0003785	南雅富林医学科技（武汉）有限公司	生产企业	consumable
GYS0003786	博义医疗器材（上海）有限公司	生产企业	consumable
GYS0003787	博医来（北京）医疗设备贸易有限公司	生产企业	consumable
GYS0003788	博士伦（上海）贸易有限公司	生产企业	consumable
GYS0003789	博奥赛斯（重庆）生物科技有限公司	生产企业	consumable
GYS0003790	博晖生物制药(河北)有限公司	生产企业/上市许可持有人	drug
GYS0003791	博汇美萃生物工程技术（广东）有限公司	生产企业	consumable
GYS0003792	博瑞制药(苏州)有限公司	生产企业/上市许可持有人	drug
GYS0003793	博益宁（厦门）医疗器械有限公司	生产企业	consumable
GYS0003794	博福-益普生(天津)制药有限公司	生产企业/上市许可持有人	drug
GYS0003795	博纳格科技（天津）有限公司	生产企业	consumable
GYS0003796	博罗其乐康医疗用品有限公司	生产企业	consumable
GYS0003797	博罗县泰美镇育田塑料制品厂	生产企业	consumable
GYS0003798	博联众科（武汉）科技有限公司	生产企业	consumable
GYS0003799	博联众科（湖南）科技有限公司	生产企业	consumable
GYS0003800	博能华医疗器械（北京）有限公司	生产企业	consumable
GYS0003801	博莱科医药科技（上海）有限公司	生产企业	consumable
GYS0003802	博谊（上海）工业有限公司	生产企业	consumable
GYS0003803	博迈医疗科技（常州）有限公司	生产企业	consumable
GYS0003804	博迪泰（厦门）生物科技有限公司	生产企业	consumable
GYS0003805	博适医疗科技南通有限公司	生产企业	consumable
GYS0003806	博道（大连）医疗器械有限公司	生产企业	consumable
GYS0003807	博音听力技术（上海）有限公司	生产企业	consumable
GYS0003808	卡乐福医疗科技集团有限公司	生产企业	consumable
GYS0003809	卡尔史托斯内窥镜（上海）有限公司	生产企业	consumable
GYS0003810	卡尔维通医学科技（合肥）有限公司	生产企业	consumable
GYS0003811	卡尔蔡司（上海）管理有限公司	生产企业	consumable
GYS0003812	卡尔迪雅（天津）医疗器械有限公司	生产企业	consumable
GYS0003813	卡尤迪生物科技宜兴有限公司	生产企业	consumable
GYS0003814	卡普尼亚医疗设备有限公司	生产企业	consumable
GYS0003815	卡本（深圳）医疗器械有限公司	生产企业	consumable
GYS0003816	卡瓦科尔牙科医疗器械（苏州）有限公司	生产企业	consumable
GYS0003817	卢凯贸易（上海）有限公司	生产企业	consumable
GYS0003818	卢森堡大药厂有限公司	生产企业/上市许可持有人	drug
GYS0003819	卫圣康医学科技（江苏）有限公司	生产企业	consumable
GYS0003820	卫材(中国)药业有限公司	生产企业/上市许可持有人	drug
GYS0003821	卫材(辽宁)制药有限公司	生产企业/上市许可持有人	drug
GYS0003822	卫辉市双木医疗器械有限责任公司	生产企业	consumable
GYS0003823	卫达化学制药股份有限公司	生产企业/上市许可持有人	drug
GYS0003824	印象牙科医疗器械（深圳）有限公司	生产企业	consumable
GYS0003825	厚凯（天津）医疗科技有限公司	生产企业	consumable
GYS0003826	原子高科股份有限公司	生产企业/上市许可持有人	drug
GYS0003827	原研药港生物制药(沈阳)股份有限公司	生产企业/上市许可持有人	drug
GYS0003828	厦门万泰凯瑞生物技术有限公司	生产企业	consumable
GYS0003829	厦门万泰沧海生物技术有限公司	生产企业/上市许可持有人	drug
GYS0003830	厦门中科兴医疗器械有限公司	生产企业	consumable
GYS0003831	厦门中药厂有限公司	生产企业/上市许可持有人	drug
GYS0003832	厦门丹赫顿医疗科技有限公司	生产企业	consumable
GYS0003833	厦门为正生物科技股份有限公司	生产企业	consumable
GYS0003834	厦门丽厦医疗科技有限公司	生产企业	consumable
GYS0003835	厦门仁人医疗科技有限公司	生产企业	consumable
GYS0003836	厦门伟景医疗科技有限公司	生产企业	consumable
GYS0003837	厦门传福堂药业有限公司	生产企业	consumable
GYS0003838	厦门信德科创生物科技有限公司	生产企业	consumable
GYS0003839	厦门信道生物技术有限公司	生产企业	consumable
GYS0003840	厦门力卓药业有限公司	生产企业/上市许可持有人	drug
GYS0003841	厦门南鹏亨泰科技开发有限公司	生产企业	consumable
GYS0003842	厦门博森再生医学工程有限公司	生产企业	consumable
GYS0003843	厦门启康康复器具有限公司	生产企业	consumable
GYS0003844	厦门圣慈医疗器材有限公司	生产企业	consumable
GYS0003845	厦门天和至医疗器械有限公司	生产企业	consumable
GYS0003846	厦门天祚医疗科技有限公司	生产企业	consumable
GYS0003847	厦门奔力医疗科技有限公司	生产企业	consumable
GYS0003848	厦门奥德生物科技有限公司	生产企业	consumable
GYS0003849	厦门好利妥卫生制品有限公司	生产企业	consumable
GYS0003850	厦门安普利生物工程有限公司	生产企业	consumable
GYS0003851	厦门宝华生物制药有限公司	生产企业/上市许可持有人	drug
GYS0003852	厦门宝太生物科技股份有限公司	生产企业	consumable
GYS0003853	厦门宝瑞药业有限公司	生产企业/上市许可持有人	drug
GYS0003854	厦门富士乐医疗科技有限公司	生产企业	consumable
GYS0003855	厦门小羽人科技有限公司同安分公司	生产企业	consumable
GYS0003856	厦门市丞力医疗器械有限公司	生产企业	consumable
GYS0003857	厦门市乐牙商贸有限公司	生产企业	consumable
GYS0003858	厦门市仿真美义齿科技有限公司	生产企业	consumable
GYS0003859	厦门市佑明医疗器械有限公司	生产企业	consumable
GYS0003860	厦门市兴时代牙科器材有限公司	生产企业	consumable
GYS0003861	厦门市嘉伟义齿有限公司	生产企业	consumable
GYS0003862	厦门市康诺医疗器械有限公司	生产企业	consumable
GYS0003863	厦门市添孚卫生科技有限公司	生产企业	consumable
GYS0003864	厦门市维瀚义齿生产有限公司	生产企业	consumable
GYS0003865	厦门市美康妍科技有限公司	生产企业	consumable
GYS0003866	厦门市联合安金科技有限公司	生产企业	consumable
GYS0003867	厦门市艺荣义齿模型修复有限公司	生产企业	consumable
GYS0003868	厦门市茂硕义齿有限公司	生产企业	consumable
GYS0003869	厦门市鑫达兴医疗科技有限公司	生产企业	consumable
GYS0003870	厦门市领汇医疗科技有限公司	生产企业	consumable
GYS0003871	厦门康之湛康复器具有限公司	生产企业	consumable
GYS0003872	厦门康勃医疗科技有限公司	生产企业	consumable
GYS0003873	厦门康艺迈进出口有限公司	生产企业	consumable
GYS0003874	厦门德朗格医疗科技有限公司	生产企业	consumable
GYS0003875	厦门快乐悟空科技有限公司	生产企业	consumable
GYS0003876	厦门恩成制药有限公司	生产企业/上市许可持有人	drug
GYS0003877	厦门新声科技有限公司	生产企业	consumable
GYS0003878	厦门星火微光医疗器械制造有限公司	生产企业	consumable
GYS0003879	厦门杰斯医疗器械有限公司	生产企业	consumable
GYS0003880	厦门杰登义齿有限公司	生产企业	consumable
GYS0003881	厦门欣鑫美义齿科技有限公司	生产企业	consumable
GYS0003882	厦门欧嘉艺齿模科技有限公司	生产企业	consumable
GYS0003883	厦门溥博医疗科技有限公司	生产企业	consumable
GYS0003884	厦门牙艺陶齿有限公司	生产企业	consumable
GYS0003885	厦门特伦制药有限公司	生产企业/上市许可持有人	drug
GYS0003886	厦门特宝生物工程股份有限公司	生产企业/上市许可持有人	drug
GYS0003887	厦门生康生物科技有限公司	生产企业	consumable
GYS0003888	厦门百美特生物材料科技有限公司	生产企业	consumable
GYS0003889	厦门秉道医疗器械科技有限公司	生产企业	consumable
GYS0003890	厦门紫旭医药科技有限公司	生产企业/上市许可持有人	drug
GYS0003891	厦门维堪生物科技有限公司	生产企业	consumable
GYS0003892	厦门美商医药有限公司	生产企业/上市许可持有人	drug
GYS0003893	厦门美润医疗科技有限公司	生产企业	consumable
GYS0003894	厦门致善生物科技股份有限公司	生产企业	consumable
GYS0003895	厦门芯创生物科技有限公司	生产企业	consumable
GYS0003896	厦门蓝湾科技有限公司	生产企业/上市许可持有人	drug
GYS0003897	厦门虎标医药有限公司	生产企业	drug
GYS0003898	厦门讯弘医疗科技有限公司	生产企业	consumable
GYS0003899	厦门迈诺泰医疗科技有限公司	生产企业	consumable
GYS0003900	厦门鑫康顺医疗科技有限公司	生产企业	consumable
GYS0003901	厦门长盈医疗科技有限公司	生产企业	consumable
GYS0003902	厦门雅萌陶齿材料有限公司	生产企业	consumable
GYS0003903	厦门集庆医疗科技有限公司	生产企业	consumable
GYS0003904	厦门集庆生物医药科技有限公司	生产企业	consumable
GYS0003905	参天制药(中国)有限公司	生产企业/上市许可持有人	drug
GYS0003906	参天制药株式会社	生产企业	drug
GYS0003907	友康厚德生物制品（北京）有限公司	生产企业	consumable
GYS0003908	友康生物科技（北京）股份有限公司	生产企业	consumable
GYS0003909	双九医疗科技（天津）有限公司	生产企业	consumable
GYS0003910	双桥区君汇义齿制作中心	生产企业	consumable
GYS0003911	双槐记健康产业（兰州新区）有限公司	生产企业	consumable
GYS0003912	双鹤天安药业(贵州)股份有限公司	生产企业/上市许可持有人	drug
GYS0003913	双鹤药业(海南)有限责任公司	生产企业/上市许可持有人	drug
GYS0003914	古戈尔药业(海南)有限责任公司	生产企业/上市许可持有人	drug
GYS0003915	古汉中药有限公司	生产企业/上市许可持有人	drug
GYS0003916	古莎齿科有限公司	生产企业	consumable
GYS0003917	句容市康晟医疗器械有限公司	生产企业	consumable
GYS0003918	可丽尔医疗科技（常州）有限公司	生产企业	consumable
GYS0003919	可乐丽国际贸易（上海）有限公司	生产企业	consumable
GYS0003920	可孚医疗科技股份有限公司	生产企业	consumable,ivd
GYS0003921	可洁生物科技（湖北省）集团股份有限公司	生产企业	consumable
GYS0003922	可维医疗器械（天津）有限责任公司	生产企业	consumable
GYS0003923	台山市台城华开义齿制作中心	生产企业	consumable
GYS0003924	台山市君丰医疗器械有限公司	生产企业	consumable
GYS0003925	台山市弘毅医疗用品有限公司	生产企业	consumable
GYS0003926	台山市方圆义齿有限公司	生产企业	consumable
GYS0003927	台州交康假肢矫形器有限公司	生产企业	consumable
GYS0003928	台州南峰药业有限公司	生产企业/上市许可持有人	drug
GYS0003929	台州博之宝塑业有限公司	生产企业	consumable
GYS0003930	台州市新致美义齿有限公司	生产企业	consumable
GYS0003931	台州市灵感美学医疗器械有限公司	生产企业	consumable
GYS0003932	台州康健医用器械有限公司	生产企业	consumable
GYS0003933	台州舒倍康医疗科技有限公司	生产企业	consumable
GYS0003934	台州跃迪医疗器械有限公司	生产企业	consumable
GYS0003935	台州金雅义齿有限公司	生产企业	consumable
GYS0003936	台州雅仕美医疗科技有限公司	生产企业	consumable
GYS0003937	台昌国际贸易（上海）有限公司	生产企业	consumable
GYS0003938	台泉震丞管理咨询（厦门）有限公司	生产企业	consumable
GYS0003939	台湾泛生制药厂股份有限公司	生产企业/上市许可持有人	drug
GYS0003940	台湾海默尼药业有限公司	生产企业/上市许可持有人	drug
GYS0003941	史密斯医疗器械（上海）有限公司	生产企业	consumable
GYS0003942	史赛克（北京）医疗器械有限公司	生产企业	consumable
GYS0003943	史达德药业(北京)有限公司	生产企业/上市许可持有人	drug
GYS0003944	史迪马（北京）科技有限公司	生产企业	consumable
GYS0003945	合一生技股份有限公司	生产企业/上市许可持有人	drug
GYS0003946	合华医疗器械（绍兴）有限公司	生产企业	consumable
GYS0003947	合泰医疗电子（苏州）有限公司	生产企业	consumable
GYS0003948	合源生物科技(天津)有限公司	生产企业/上市许可持有人	drug
GYS0003949	合肥一凡义齿有限公司	生产企业	consumable
GYS0003950	合肥一诺电子有限公司	生产企业	consumable
GYS0003951	合肥世宇听力技术有限公司	生产企业	consumable
GYS0003952	合肥东成义齿有限公司	生产企业	consumable
GYS0003953	合肥中纳医学仪器有限公司	生产企业	consumable
GYS0003954	合肥久联制药有限公司	生产企业/上市许可持有人	drug
GYS0003955	合肥九圣医疗科技有限公司	生产企业	consumable
GYS0003956	合肥人和医疗用品有限公司	生产企业	consumable
GYS0003957	合肥亿帆医药有限公司	生产企业	consumable
GYS0003958	合肥亿帆生物制药有限公司	生产企业/上市许可持有人	drug
GYS0003959	合肥今越制药有限公司	生产企业/上市许可持有人	drug
GYS0003960	合肥六禾义齿有限公司	生产企业	consumable
GYS0003961	合肥凯华制药有限公司	生产企业/上市许可持有人	drug,consumable
GYS0003962	合肥利民制药有限公司	生产企业/上市许可持有人	drug
GYS0003963	合肥华威药业有限公司	生产企业/上市许可持有人	drug
GYS0003964	合肥华威药业有限责任公司	生产企业/上市许可持有人	drug
GYS0003965	合肥华方医药科技有限公司	生产企业/上市许可持有人	drug
GYS0003966	合肥华润神鹿药业有限公司	生产企业/上市许可持有人	drug
GYS0003967	合肥华特义齿加工有限公司	生产企业	consumable
GYS0003968	合肥卓越义齿制作有限公司	生产企业	consumable
GYS0003969	合肥原子高通医药有限公司	生产企业	drug
GYS0003970	合肥合源药业有限公司	生产企业/上市许可持有人	drug
GYS0003971	合肥吉曼思医疗器械有限公司	生产企业	consumable
GYS0003972	合肥君乐美医疗器械有限公司	生产企业	consumable
GYS0003973	合肥启灏医疗科技有限公司	生产企业	consumable
GYS0003974	合肥和合医疗科技有限公司	生产企业	consumable
GYS0003975	合肥国药诺和药业有限公司	生产企业/上市许可持有人	drug
GYS0003976	合肥大族科瑞达激光设备有限公司	生产企业	consumable
GYS0003977	合肥天一生物技术研究所有限责任公司	生产企业	consumable
GYS0003978	合肥天帆医药科技有限公司	生产企业	consumable
GYS0003979	合肥天麦生物科技发展有限公司	生产企业/上市许可持有人	drug
GYS0003980	合肥好望角电子科技有限公司	生产企业	consumable
GYS0003981	合肥妙可莱生物科技有限公司	生产企业	consumable
GYS0003982	合肥威士康医疗器械制造有限公司	生产企业	consumable
GYS0003983	合肥安昇医疗器械有限责任公司	生产企业	consumable
GYS0003984	合肥宏铭康复器材科技有限公司	生产企业	consumable
GYS0003985	合肥小林日用品有限公司	生产企业	consumable
GYS0003986	合肥巧冠义齿器材有限公司	生产企业	consumable
GYS0003987	合肥市五洋医疗器械有限公司	生产企业	consumable
GYS0003988	合肥市未来药物开发有限公司	生产企业/上市许可持有人	drug
GYS0003989	合肥市清润药业有限公司	生产企业	consumable
GYS0003990	合肥常春藤齿科器材有限公司	生产企业	consumable
GYS0003991	合肥康奇义齿有限公司	生产企业	consumable
GYS0003992	合肥康居人智能科技有限公司	生产企业	consumable
GYS0003993	合肥康诺生物制药股份有限公司	生产企业/上市许可持有人	drug
GYS0003994	合肥弥高医疗器械科技有限公司	生产企业	consumable
GYS0003995	合肥微谷医疗科技有限公司	生产企业	consumable
GYS0003996	合肥德益润邦医药科技有限公司	生产企业	consumable
GYS0003997	合肥恩瑞特药业有限公司	生产企业/上市许可持有人	drug
GYS0003998	合肥慧加医疗科技有限公司	生产企业	consumable
GYS0003999	合肥新珏美义齿有限公司	生产企业	consumable
GYS0004000	合肥新迈美克医疗科技有限公司	生产企业	consumable
GYS0004001	合肥晶浦传感科技有限公司	生产企业	consumable
GYS0004002	合肥格林贝斯科技有限公司	生产企业	consumable
GYS0004003	合肥欣诚卫生材料有限公司	生产企业	consumable
GYS0004004	合肥沃太尔医疗科技有限公司	生产企业	consumable
GYS0004005	合肥淡滨尼药业有限公司	生产企业/上市许可持有人	drug
GYS0004006	合肥灯盏生物科技有限公司	生产企业	consumable
GYS0004007	合肥特丽洁卫生材料有限公司	生产企业	consumable
GYS0004008	合肥瑞欣康复用品用具有限责任公司	生产企业	consumable
GYS0004009	合肥登特菲医疗设备有限公司	生产企业	consumable
GYS0004010	合肥盛秦医药科技有限公司	生产企业/上市许可持有人	drug
GYS0004011	合肥科大生物技术有限公司	生产企业/上市许可持有人	drug
GYS0004012	合肥科能达医疗设备有限公司	生产企业	consumable
GYS0004013	合肥立方制药股份有限公司	生产企业/上市许可持有人	drug
GYS0004014	合肥精通康复器具有限公司	生产企业	consumable
GYS0004015	合肥美域牙科技术有限公司	生产企业	consumable
GYS0004016	合肥美林康复器具有限公司	生产企业	consumable
GYS0004017	合肥美泰护理用品有限公司	生产企业	consumable
GYS0004018	合肥美皓义齿有限公司	生产企业	consumable
GYS0004019	合肥美迪普医疗卫生用品有限公司	生产企业	consumable
GYS0004020	合肥腾皖假肢医疗用品有限公司	生产企业	consumable
GYS0004021	合肥英太制药有限公司	生产企业/上市许可持有人	drug
GYS0004022	合肥菲力姆科技有限公司	生产企业	consumable
GYS0004023	合肥诚志生物制药有限公司	生产企业/上市许可持有人	drug
GYS0004024	合肥诺和电子科技有限公司	生产企业	consumable
GYS0004025	合肥诺而德医疗科技有限公司	生产企业	consumable
GYS0004026	合肥贝壳派创新科技有限公司	生产企业	consumable
GYS0004027	合肥贝霓医药科技有限公司	生产企业	consumable
GYS0004028	合肥贺康医疗科技有限公司	生产企业	consumable
GYS0004029	合肥赫博医疗器械有限责任公司	生产企业	consumable
GYS0004030	合肥达徽基因科技有限公司	生产企业	consumable
GYS0004031	合肥达米医疗科技有限公司	生产企业	consumable
GYS0004032	合肥迈睿思医疗科技有限公司	生产企业	consumable
GYS0004033	合肥速美医学科技有限公司	生产企业	consumable
GYS0004034	合肥金脑人科技发展有限责任公司	生产企业	consumable
GYS0004035	合肥鑫亚牙科技术开发有限公司	生产企业	consumable
GYS0004036	合肥铭盛制药有限公司	生产企业/上市许可持有人	drug
GYS0004037	合肥锦冠桥义齿有限公司	生产企业	consumable
GYS0004038	合肥陆冲商贸有限公司	生产企业	consumable
GYS0004039	合肥隆福堂健康产业有限公司	生产企业	consumable
GYS0004040	合肥颐德堂医药科技有限公司	生产企业	consumable
GYS0004041	合肥高贝斯医疗卫生用品有限公司	生产企业	consumable
GYS0004042	吉威思科技（苏州）有限公司	生产企业	consumable
GYS0004043	吉安市晟达医疗器械有限公司	生产企业	consumable
GYS0004044	吉安长江生物药业有限公司	生产企业	consumable
GYS0004045	吉川卫生用品（天津）有限公司	生产企业	consumable
GYS0004046	吉斯凯(苏州)制药有限公司	生产企业/上市许可持有人	drug
GYS0004047	吉斯美(武汉)制药有限公司	生产企业/上市许可持有人	drug
GYS0004048	吉林一正药业集团有限公司	生产企业/上市许可持有人	drug
GYS0004049	吉林万汇生物科技有限公司	生产企业	consumable
GYS0004050	吉林万通药业有限公司	生产企业/上市许可持有人	drug
GYS0004051	吉林万通药业集团梅河药业股份有限公司	生产企业/上市许可持有人	drug
GYS0004052	吉林万通药业集团郑州万通复升药业股份有限公司	生产企业/上市许可持有人	drug,consumable
GYS0004053	吉林三九金复康药业有限公司	生产企业/上市许可持有人	drug
GYS0004054	吉林中科科仪技术有限公司	生产企业	consumable
GYS0004055	吉林九鑫制药股份有限公司	生产企业/上市许可持有人	drug
GYS0004056	吉林亚泰制药股份有限公司	生产企业	drug
GYS0004057	吉林亚泰永安堂药业有限公司	生产企业/上市许可持有人	drug
GYS0004058	吉林亚泰生物药业股份有限公司	生产企业	drug
GYS0004059	吉林京辉药业股份有限公司	生产企业/上市许可持有人	drug
GYS0004060	吉林仁医之路药业有限公司	生产企业	consumable
GYS0004061	吉林仁泽生物科技有限公司	生产企业	consumable
GYS0004062	吉林佳泰制药有限公司	生产企业/上市许可持有人	drug
GYS0004063	吉林励康药业有限公司	生产企业	consumable
GYS0004064	吉林十誉药业有限公司	生产企业/上市许可持有人	drug
GYS0004065	吉林华康药业股份有限公司	生产企业/上市许可持有人	drug
GYS0004066	吉林博汇美萃生物科技有限公司	生产企业	consumable
GYS0004067	吉林博祥医疗器械有限公司	生产企业	consumable
GYS0004068	吉林双星药业有限公司	生产企业/上市许可持有人	drug
GYS0004069	吉林双正医疗科技有限公司	生产企业	consumable
GYS0004070	吉林吉尔吉药业有限公司	生产企业/上市许可持有人	drug
GYS0004071	吉林吉春制药股份有限公司	生产企业/上市许可持有人	drug
GYS0004072	吉林吉瑞尔生物工程有限公司	生产企业	consumable
GYS0004073	吉林君同行生物科技有限公司	生产企业	consumable
GYS0004074	吉林吴太感康药业有限公司	生产企业/上市许可持有人	drug
GYS0004075	吉林四环制药有限公司	生产企业/上市许可持有人	drug
GYS0004076	吉林四环澳康药业有限公司	生产企业/上市许可持有人	drug
GYS0004077	吉林四长制药有限公司	生产企业/上市许可持有人	drug
GYS0004078	吉林国科医疗用品有限公司	生产企业	consumable
GYS0004079	吉林国药制药有限责任公司	生产企业/上市许可持有人	drug
GYS0004080	吉林大道健康科技有限公司	生产企业	consumable
GYS0004081	吉林天力泰药业有限公司	生产企业/上市许可持有人	drug
GYS0004082	吉林天成制药有限公司	生产企业/上市许可持有人	drug
GYS0004083	吉林天药本草堂制药有限公司	生产企业/上市许可持有人	drug
GYS0004084	吉林天衡药业有限公司	生产企业/上市许可持有人	drug
GYS0004085	吉林巨仁堂药业股份有限公司	生产企业/上市许可持有人	drug
GYS0004086	吉林市友华卫生材料厂	生产企业	consumable
GYS0004087	吉林市双士药业有限公司	生产企业/上市许可持有人	drug
GYS0004088	吉林市吉美口腔医疗有限公司	生产企业	consumable
GYS0004089	吉林市吴太感康药业有限公司	生产企业/上市许可持有人	drug
GYS0004090	吉林市宏仁义齿制作中心	生产企业	consumable
GYS0004091	吉林市汉馨达科技有限公司	生产企业	consumable
GYS0004092	吉林市江山义齿有限责任公司	生产企业	consumable
GYS0004093	吉林市鹿王制药股份有限公司	生产企业/上市许可持有人	drug
GYS0004094	吉林康乃尔药业有限公司	生产企业/上市许可持有人	drug
GYS0004095	吉林延边朝药药业有限公司	生产企业/上市许可持有人	drug
GYS0004096	吉林弗朗医疗科技有限公司	生产企业	consumable
GYS0004097	吉林微动医疗科技有限公司	生产企业	consumable
GYS0004098	吉林恒星科技制药有限公司	生产企业/上市许可持有人	drug
GYS0004099	吉林恒金药业股份有限公司	生产企业/上市许可持有人	drug
GYS0004100	吉林悬壶药业有限公司	生产企业	consumable
GYS0004101	吉林惠泽生物医药有限公司	生产企业	consumable
GYS0004102	吉林意达药业有限公司	生产企业/上市许可持有人	drug
GYS0004103	吉林振澳制药有限公司	生产企业/上市许可持有人	drug
GYS0004104	吉林敖东延边药业股份有限公司	生产企业/上市许可持有人	drug
GYS0004105	吉林敖东洮南药业股份有限公司	生产企业/上市许可持有人	drug
GYS0004106	吉林敖东生物科技股份有限公司	生产企业	consumable
GYS0004107	吉林敖东药业集团延吉股份有限公司	生产企业/上市许可持有人	drug
GYS0004108	吉林敖东集团力源制药股份有限公司	生产企业/上市许可持有人	drug
GYS0004109	吉林敖东集团金海发药业股份有限公司	生产企业/上市许可持有人	drug
GYS0004110	吉林新福医疗科技有限公司	生产企业	consumable
GYS0004111	吉林春柏药业股份有限公司	生产企业	drug
GYS0004112	吉林显锋科技制药有限公司	生产企业/上市许可持有人	drug
GYS0004113	吉林普泽生物医药有限公司	生产企业	consumable
GYS0004114	吉林晶珠药业有限公司	生产企业	drug
GYS0004115	吉林朗远医疗器械有限公司	生产企业	consumable
GYS0004116	吉林树民健康产业有限公司	生产企业	consumable
GYS0004117	吉林步长制药有限公司	生产企业/上市许可持有人	drug
GYS0004118	吉林津升制药有限公司	生产企业/上市许可持有人	drug
GYS0004119	吉林济邦药业有限公司	生产企业/上市许可持有人	drug
GYS0004120	吉林海通制药有限公司	生产企业	drug
GYS0004121	吉林特研药业有限公司	生产企业/上市许可持有人	drug
GYS0004122	吉林玉仁制药股份有限公司	生产企业/上市许可持有人	drug
GYS0004123	吉林瑞尔康光学科技有限公司	生产企业	consumable
GYS0004124	吉林瑞特生物科技有限公司	生产企业	consumable
GYS0004125	吉林瑞隆药业有限责任公司	生产企业/上市许可持有人	drug
GYS0004126	吉林白山正茂药业股份有限公司	生产企业/上市许可持有人	drug
GYS0004127	吉林百年汉克制药有限公司	生产企业/上市许可持有人	drug
GYS0004128	吉林百琦药业有限公司	生产企业/上市许可持有人	drug
GYS0004129	吉林的福尔泰药业有限公司	生产企业	drug
GYS0004130	吉林益民堂制药有限公司	生产企业/上市许可持有人	drug
GYS0004131	吉林省七星山药业有限公司	生产企业/上市许可持有人	drug
GYS0004132	吉林省七维生物科技有限公司	生产企业	consumable
GYS0004133	吉林省东北亚药业股份有限公司	生产企业/上市许可持有人	drug
GYS0004134	吉林省东方制药有限公司	生产企业/上市许可持有人	drug
GYS0004135	吉林省东方医疗器械有限公司	生产企业	consumable
GYS0004136	吉林省东盟制药有限公司	生产企业/上市许可持有人	drug
GYS0004137	吉林省中晟制药有限公司	生产企业/上市许可持有人	drug
GYS0004138	吉林省中研药业有限公司	生产企业/上市许可持有人	drug
GYS0004139	吉林省中科精研医疗技术研究院	生产企业	consumable
GYS0004140	吉林省丰瑞医疗器械有限公司	生产企业	consumable
GYS0004141	吉林省久晟医药生物有限公司	生产企业	consumable
GYS0004142	吉林省久泓医疗科技有限公司	生产企业	consumable
GYS0004143	吉林省九阳药业有限公司	生产企业	drug
GYS0004144	吉林省云朵科技有限公司	生产企业	consumable
GYS0004145	吉林省京池林医疗科技有限公司	生产企业	consumable
GYS0004146	吉林省众驰医疗科技有限公司	生产企业	consumable
GYS0004147	吉林省优势康建医疗器械有限公司	生产企业	consumable
GYS0004148	吉林省佳沣生物科技有限公司	生产企业	consumable
GYS0004149	吉林省俊宏药业有限公司	生产企业/上市许可持有人	drug
GYS0004150	吉林省信德医疗技术研究院	生产企业	consumable
GYS0004151	吉林省利华制药有限公司	生产企业/上市许可持有人	drug
GYS0004152	吉林省力盛制药有限公司	生产企业/上市许可持有人	drug
GYS0004153	吉林省力胜制药有限公司	生产企业/上市许可持有人	drug
GYS0004154	吉林省北芪科技制药有限公司	生产企业/上市许可持有人	drug
GYS0004155	吉林省华侨药业集团有限公司	生产企业/上市许可持有人	drug
GYS0004156	吉林省华威药业有限公司	生产企业/上市许可持有人	drug
GYS0004157	吉林省华恩生物科技有限公司	生产企业	consumable
GYS0004158	吉林省博大伟业制药有限公司	生产企业/上市许可持有人	drug
GYS0004159	吉林省博大制药股份有限公司	生产企业/上市许可持有人	drug
GYS0004160	吉林省博尔柯医疗设备有限公司	生产企业	consumable
GYS0004161	吉林省双胜丰药业有限责任公司	生产企业/上市许可持有人	drug
GYS0004162	吉林省司诺健康实业集团有限公司	生产企业	consumable
GYS0004163	吉林省君子岚口腔科技有限公司	生产企业	consumable
GYS0004164	吉林省吴太感康药业有限公司	生产企业/上市许可持有人	drug
GYS0004165	吉林省嘉艺达医疗器械有限公司	生产企业	consumable
GYS0004166	吉林省国大生物制药有限公司	生产企业	consumable
GYS0004167	吉林省国大生物工程有限公司	生产企业	consumable
GYS0004168	吉林省国械领先医疗器械有限公司	生产企业	consumable
GYS0004169	吉林省国械领航医疗器械有限公司	生产企业	consumable
GYS0004170	吉林省均泰东方药业有限公司	生产企业	consumable
GYS0004171	吉林省天泰药业股份有限公司	生产企业/上市许可持有人	drug
GYS0004172	吉林省天添医疗器械有限公司滨河分公司	生产企业	consumable
GYS0004173	吉林省奥康医药科技有限公司	生产企业	consumable
GYS0004174	吉林省奥德医疗器械有限公司	生产企业	consumable
GYS0004175	吉林省密之康药业有限责任公司	生产企业/上市许可持有人	drug
GYS0004176	吉林省富生医疗器械有限公司	生产企业	consumable
GYS0004177	吉林省尚城药业有限公司	生产企业/上市许可持有人	drug
GYS0004178	吉林省尚齿医疗科技有限公司	生产企业	consumable
GYS0004179	吉林省巨祥生物科技有限公司	生产企业	consumable
GYS0004180	吉林省布瑞斯克电子科技有限公司	生产企业	consumable
GYS0004181	吉林省康福药业有限公司	生产企业/上市许可持有人	drug
GYS0004182	吉林省强力生物科技有限公司	生产企业	consumable
GYS0004183	吉林省徐氏生物医药有限公司	生产企业	consumable
GYS0004184	吉林省德商药业股份有限公司	生产企业/上市许可持有人	drug
GYS0004185	吉林省恒和维康药业有限公司	生产企业/上市许可持有人	drug
GYS0004186	吉林省恒瑞生物科技有限公司	生产企业	consumable
GYS0004187	吉林省惠强生物技术有限公司	生产企业	consumable
GYS0004188	吉林省惠爱医疗器械有限公司	生产企业	consumable
GYS0004189	吉林省抚松制药股份有限公司	生产企业/上市许可持有人	drug
GYS0004190	吉林省日成医用电子器材有限公司	生产企业	consumable
GYS0004191	吉林省普慧药业科技有限公司	生产企业	consumable
GYS0004192	吉林省曹兴堂健康产业科技有限公司	生产企业	consumable
GYS0004193	吉林省松辽制药有限公司	生产企业/上市许可持有人	drug
GYS0004194	吉林省正和药业集团股份有限公司	生产企业/上市许可持有人	drug
GYS0004195	吉林省正航源医疗科技有限公司	生产企业	consumable
GYS0004196	吉林省正辉煌药业有限公司	生产企业/上市许可持有人	drug
GYS0004197	吉林省民泰制药股份有限公司	生产企业/上市许可持有人	drug
GYS0004198	吉林省沃鸿医疗器械制造有限公司	生产企业	consumable
GYS0004199	吉林省泽葳医疗器械股份有限公司	生产企业	consumable
GYS0004200	吉林省派瑞斯生物技术有限公司	生产企业	consumable
GYS0004201	吉林省海卓生物科技有限公司	生产企业	consumable
GYS0004202	吉林省润沣源生物制药有限公司	生产企业	consumable
GYS0004203	吉林省瀚蓝生物科技有限公司	生产企业	consumable
GYS0004204	吉林省爱诺德生物工程有限公司	生产企业	consumable
GYS0004205	吉林省登泰克牙科材料有限公司	生产企业	consumable
GYS0004206	吉林省百年六福堂药业有限公司	生产企业/上市许可持有人	drug
GYS0004207	吉林省益浦生物科技有限公司	生产企业/上市许可持有人	drug
GYS0004208	吉林省盛赛医药实业有限公司	生产企业	consumable
GYS0004209	吉林省神经精神病医院制药厂	生产企业	drug
GYS0004210	吉林省神鹿制药有限公司	生产企业/上市许可持有人	drug
GYS0004211	吉林省福尔泰药业有限公司	生产企业/上市许可持有人	drug
GYS0004212	吉林省福辉药业股份有限公司	生产企业	drug
GYS0004213	吉林省策远生物科技有限公司	生产企业	drug
GYS0004214	吉林省精益医疗器械有限公司	生产企业	consumable
GYS0004215	吉林省精鑫药业集团有限公司	生产企业/上市许可持有人	drug
GYS0004216	吉林省红石药业有限公司	生产企业/上市许可持有人	drug
GYS0004217	吉林省经源医疗用品有限公司	生产企业	consumable
GYS0004218	吉林省绳氏堂药业有限公司	生产企业	consumable
GYS0004219	吉林省罗邦药业有限公司	生产企业	drug
GYS0004220	吉林省肤美康保健品有限公司	生产企业	consumable
GYS0004221	吉林省芭菲乐医疗科技有限公司	生产企业	consumable
GYS0004222	吉林省苗捌奇生物科技有限公司	生产企业	consumable
GYS0004223	吉林省莱沃医疗科技有限公司	生产企业	consumable
GYS0004224	吉林省蓝浦浩业科技有限公司	生产企业	consumable
GYS0004225	吉林省蓝鼎陆和科技有限公司	生产企业	consumable
GYS0004226	吉林省西点药业科技发展股份有限公司	生产企业/上市许可持有人	drug
GYS0004227	吉林省辉南三和制药有限公司	生产企业/上市许可持有人	drug
GYS0004228	吉林省辉南长龙生化药业股份有限公司	生产企业/上市许可持有人	drug
GYS0004229	吉林省达达医药生物有限公司	生产企业	consumable
GYS0004230	吉林省迈尔医疗科技有限公司	生产企业	consumable
GYS0004231	吉林省迈达医疗器械股份有限公司	生产企业	consumable
GYS0004232	吉林省通化博祥药业股份有限公司	生产企业/上市许可持有人	drug
GYS0004233	吉林省通化振国药业有限公司	生产企业	drug
GYS0004234	吉林省通圣药业有限公司	生产企业	consumable
GYS0004235	吉林省速傲义齿制作有限公司	生产企业	consumable
GYS0004236	吉林省都邦药业股份有限公司	生产企业/上市许可持有人	drug
GYS0004237	吉林省金德生物制药有限公司	生产企业	consumable
GYS0004238	吉林省金诺药业有限公司	生产企业	drug
GYS0004239	吉林省鑫昊阳医疗科技有限公司	生产企业	consumable
GYS0004240	吉林省鑫盛瑞医药产业有限公司	生产企业	consumable
GYS0004241	吉林省鑫辉药业有限公司	生产企业/上市许可持有人	drug
GYS0004242	吉林省钟药师药业有限公司	生产企业	consumable
GYS0004243	吉林省银河制药有限公司	生产企业/上市许可持有人	drug
GYS0004244	吉林省银诺克药业有限公司	生产企业/上市许可持有人	drug
GYS0004245	吉林省长恒药业有限公司	生产企业/上市许可持有人	drug
GYS0004246	吉林省长源药业有限公司	生产企业/上市许可持有人	drug
GYS0004247	吉林省集安益盛药业股份有限公司	生产企业/上市许可持有人	drug
GYS0004248	吉林省黄氏黄道益药业有限公司	生产企业	consumable
GYS0004249	吉林省鼎元牙科科技有限公司	生产企业	consumable
GYS0004250	吉林省鼎翔科技开发有限公司	生产企业	consumable
GYS0004251	吉林省鼎舜医疗器械有限公司	生产企业	consumable
GYS0004252	吉林真元制药有限公司	生产企业/上市许可持有人	drug
GYS0004253	吉林福康药业股份有限公司	生产企业/上市许可持有人	drug
GYS0004254	吉林福辉药业股份有限公司	生产企业	drug
GYS0004255	吉林科罗纳多医疗器械有限公司	生产企业	consumable
GYS0004256	吉林紫鑫禺拙药业有限公司	生产企业	drug
GYS0004257	吉林紫鑫般若药业有限公司	生产企业/上市许可持有人	drug
GYS0004258	吉林紫鑫药业股份有限公司	生产企业/上市许可持有人	drug
GYS0004259	吉林至简药业有限公司	生产企业/上市许可持有人	drug
GYS0004260	吉林芳草堂药业有限公司	生产企业	consumable
GYS0004261	吉林英联生物制药股份有限公司	生产企业/上市许可持有人	drug
GYS0004262	吉林草还丹药业有限公司	生产企业	drug
GYS0004263	吉林菲诺制药有限公司	生产企业/上市许可持有人	drug
GYS0004264	吉林藤王宫药业有限公司	生产企业	consumable
GYS0004265	吉林诺信医疗设备有限公司	生产企业	consumable
GYS0004266	吉林道君药业股份有限公司	生产企业/上市许可持有人	drug
GYS0004267	吉林邦安宝医用设备有限公司	生产企业	consumable
GYS0004268	吉林邦美医药生物科技有限公司	生产企业	consumable
GYS0004269	吉林金宝药业股份有限公司	生产企业/上市许可持有人	drug
GYS0004270	吉林金恒制药股份有限公司	生产企业/上市许可持有人	drug
GYS0004271	吉林金麦通制药有限公司	生产企业/上市许可持有人	drug
GYS0004272	吉林长白山药业集团股份有限公司	生产企业/上市许可持有人	drug
GYS0004273	吉林隆泰制药有限责任公司	生产企业/上市许可持有人	drug
GYS0004274	吉林顾瑞特制药有限公司	生产企业/上市许可持有人	drug
GYS0004275	吉林馥歌医疗电子有限责任公司	生产企业	consumable
GYS0004276	吉林高邈药业股份有限公司	生产企业/上市许可持有人	drug
GYS0004277	吉林黄栀花药业有限公司	生产企业/上市许可持有人	drug
GYS0004278	吉林龙泰制药股份有限公司	生产企业/上市许可持有人	drug
GYS0004279	吉林龙泰制药股份有限有公司	生产企业	drug
GYS0004280	吉林龙鑫药业有限公司	生产企业/上市许可持有人	drug
GYS0004281	吉泰安(四川)药业有限公司	生产企业/上市许可持有人	drug
GYS0004282	吉诺偲（上海）医疗器械有限公司	生产企业	consumable
GYS0004283	同康药业科技（广州）有限公司	生产企业	consumable
GYS0004284	同方药业集团有限公司	生产企业/上市许可持有人	drug
GYS0004285	同溢堂药业有限公司	生产企业/上市许可持有人	drug
GYS0004286	同科林医疗仪器（上海）有限公司	生产企业	consumable
GYS0004287	同药集团大同制药有限公司	生产企业	drug
GYS0004288	同路生物制药有限公司	生产企业/上市许可持有人	drug
GYS0004289	名腾（河北）医疗器械有限公司	生产企业	consumable
GYS0004290	君翰玺（上海）医疗器械有限公司	生产企业	consumable
GYS0004291	君隽未来（江苏）生物医药有限公司	生产企业	consumable
GYS0004292	启东华舟医用材料有限公司	生产企业	consumable
GYS0004293	启东市永圣医疗用品厂	生产企业	consumable
GYS0004294	启东盖天力药业有限公司	生产企业/上市许可持有人	drug
GYS0004295	启新（苏州）生物科技有限公司	生产企业	consumable
GYS0004296	启银致远（成都）医疗科技有限公司	生产企业	consumable
GYS0004297	吱木医疗用品（河南）有限公司	生产企业	consumable
GYS0004298	吴江市云龙医疗器械有限公司	生产企业	consumable
GYS0004299	吴江市亿成医疗器械有限公司	生产企业	consumable
GYS0004300	吴江市佳辰针灸器械有限公司	生产企业	consumable
GYS0004301	吴江市神灵医疗器材有限公司	生产企业	consumable
GYS0004302	吴江市神灵美容医疗器材有限公司	生产企业	consumable
GYS0004303	吴江市神龙医疗保健品有限公司	生产企业	consumable
GYS0004304	呋欧医药科技(湖州)有限公司	生产企业/上市许可持有人	drug
GYS0004305	周口万方生物科技有限公司	生产企业	consumable
GYS0004306	周口九州康医疗器械有限公司	生产企业	consumable
GYS0004307	周口亿禾医疗器械有限公司	生产企业	consumable
GYS0004308	周口华东生物技术有限公司	生产企业	consumable
GYS0004309	周口市昊天生物科技有限公司	生产企业	consumable
GYS0004310	周宁县雪莲医疗器械有限公司	生产企业	consumable
GYS0004311	周至年青保制药有限公司	生产企业/上市许可持有人	drug
GYS0004312	呼伦贝尔市健龙义齿加工有限责任公司	生产企业	consumable
GYS0004313	呼伦贝尔松鹿制药有限公司	生产企业/上市许可持有人	drug
GYS0004314	呼和浩特市欣龙康医疗器械有限责任公司	生产企业	consumable
GYS0004315	呼和浩特市科峰假肢矫形器有限公司	生产企业	consumable
GYS0004316	和世生物科技（重庆）有限公司	生产企业	consumable
GYS0004317	和佰（海口）生物科技有限公司	生产企业	consumable
GYS0004318	和兴白花油药厂有限公司	生产企业/上市许可持有人	drug
GYS0004319	和心伊达（北京）医疗器械有限公司	生产企业	consumable
GYS0004320	和心诺泰医药科技（山东）有限公司	生产企业	consumable
GYS0004321	和心（天津）外用制剂有限公司	生产企业	consumable
GYS0004322	和田维吾尔药业股份有限公司	生产企业/上市许可持有人	drug
GYS0004323	和记黄埔医药(上海)有限公司	生产企业/上市许可持有人	drug
GYS0004324	咖雅科美达（固安）医疗科技有限公司	生产企业	consumable
GYS0004325	咸宁中凝胶高分子材料有限公司	生产企业	consumable
GYS0004326	咸宁兆舒美防护用品有限公司	生产企业	consumable
GYS0004327	咸宁医麦德实业有限公司	生产企业	consumable
GYS0004328	咸宁市中医医院	制剂配制单位	preparation
GYS0004329	咸宁清责医疗器械有限公司	生产企业	consumable
GYS0004330	咸宁爱科医疗用品有限公司	生产企业	consumable
GYS0004331	咸宁麻塘中医医院(咸宁麻塘风湿病医院)	制剂配制单位	preparation
GYS0004332	咸阳中信义齿有限公司	生产企业	consumable
GYS0004333	咸阳华洋之宝医疗器械有限公司	生产企业	consumable
GYS0004334	咸阳吾泰生物科技有限公司	生产企业	consumable
GYS0004335	咸阳秦昆生物医学工程有限公司	生产企业	consumable
GYS0004336	咸阳荷立医疗器材有限公司	生产企业	consumable
GYS0004337	咸阳雅尔艾服装有限公司	生产企业	consumable
GYS0004338	哈尔滨一洲制药有限公司	生产企业/上市许可持有人	drug
GYS0004339	哈尔滨丁香医疗器械有限公司	生产企业	consumable
GYS0004340	哈尔滨万敷优美科技开发有限公司	生产企业	consumable
GYS0004341	哈尔滨万禾医星贸易有限公司	生产企业	consumable
GYS0004342	哈尔滨三三药业有限公司	生产企业/上市许可持有人	drug
GYS0004343	哈尔滨三合缘医疗用品有限公司	生产企业	consumable
GYS0004344	哈尔滨三联药业股份有限公司	生产企业/上市许可持有人	drug,consumable
GYS0004345	哈尔滨上洋包装制品有限公司	生产企业	consumable
GYS0004346	哈尔滨业锐药业有限公司	生产企业	drug
GYS0004347	哈尔滨东方制药有限公司	生产企业/上市许可持有人	drug
GYS0004348	哈尔滨中药六厂有限公司	生产企业/上市许可持有人	drug
GYS0004349	哈尔滨中药四厂有限公司	生产企业/上市许可持有人	drug
GYS0004350	哈尔滨乐天医疗器械有限公司	生产企业	consumable
GYS0004351	哈尔滨九真堂制药有限公司	生产企业/上市许可持有人	drug
GYS0004352	哈尔滨乾佰纳生物药业有限公司	生产企业	consumable
GYS0004353	哈尔滨了然科技开发有限公司	生产企业	consumable
GYS0004354	哈尔滨亲情制药有限公司	生产企业	drug
GYS0004355	哈尔滨亿尔诺医学科技有限公司	生产企业	consumable
GYS0004356	哈尔滨仁皇药业有限公司	生产企业/上市许可持有人	drug
GYS0004357	哈尔滨佰纳民生药业有限公司	生产企业	consumable
GYS0004358	哈尔滨依佳美成生物科技有限公司	生产企业	consumable
GYS0004359	哈尔滨健康医众科技开发有限公司	生产企业	consumable
GYS0004360	哈尔滨儿童制药厂有限公司	生产企业/上市许可持有人	drug
GYS0004361	哈尔滨元化药业有限公司	生产企业/上市许可持有人	drug
GYS0004362	哈尔滨先东医疗器械有限公司	生产企业	consumable
GYS0004363	哈尔滨冠美医疗器械有限公司	生产企业	consumable
GYS0004364	哈尔滨凯程制药有限公司	生产企业/上市许可持有人	drug
GYS0004365	哈尔滨利得义齿有限公司	生产企业	consumable
GYS0004366	哈尔滨力强药业有限责任公司	生产企业/上市许可持有人	drug
GYS0004367	哈尔滨北星药业有限公司	生产企业	consumable
GYS0004368	哈尔滨医大药业股份有限公司	生产企业/上市许可持有人	drug
GYS0004369	哈尔滨千禄达医疗器械有限公司	生产企业	consumable
GYS0004370	哈尔滨华冠义齿加工厂	生产企业	consumable
GYS0004371	哈尔滨华瑞生化药业有限责任公司	生产企业/上市许可持有人	drug
GYS0004372	哈尔滨华雨制药集团有限公司	生产企业/上市许可持有人	drug
GYS0004373	哈尔滨可迪制药有限公司	生产企业/上市许可持有人	drug
GYS0004374	哈尔滨合佳制药有限公司	生产企业/上市许可持有人	drug
GYS0004375	哈尔滨吉圣科技发展有限公司医疗器械分公司	生产企业	consumable
GYS0004376	哈尔滨同一堂药业有限公司	生产企业/上市许可持有人	drug
GYS0004377	哈尔滨同盛卫生材料厂	生产企业	consumable
GYS0004378	哈尔滨君安堂医药有限公司	生产企业/上市许可持有人	drug
GYS0004379	哈尔滨启点义齿制作有限公司	生产企业	consumable
GYS0004380	哈尔滨启航义齿有限公司	生产企业	consumable
GYS0004381	哈尔滨品爵医疗器械有限公司	生产企业	consumable
GYS0004382	哈尔滨固康美医疗器械有限公司	生产企业	consumable
GYS0004383	哈尔滨国康药业有限公司	生产企业/上市许可持有人	drug
GYS0004384	哈尔滨圣吉药业股份有限公司	生产企业	consumable
GYS0004385	哈尔滨圣泰生物制药有限公司	生产企业/上市许可持有人	drug
GYS0004386	哈尔滨圣源生物工程有限责任公司	生产企业	consumable
GYS0004387	哈尔滨圣特嘉义齿加工有限公司	生产企业	consumable
GYS0004388	哈尔滨圣露易义齿有限公司	生产企业	consumable
GYS0004389	哈尔滨声诺医疗科技有限公司	生产企业	consumable
GYS0004390	哈尔滨大中制药有限公司	生产企业	drug
GYS0004391	哈尔滨大洋制药股份有限公司	生产企业/上市许可持有人	drug
GYS0004392	哈尔滨天地药业有限公司	生产企业/上市许可持有人	drug
GYS0004393	哈尔滨天猫牙科医疗科技有限公司	生产企业	consumable
GYS0004394	哈尔滨宇强医疗器械有限公司	生产企业	consumable
GYS0004395	哈尔滨宏铭源医疗科技有限公司	生产企业	consumable
GYS0004396	哈尔滨富勒烯药业有限公司	生产企业	consumable
GYS0004397	哈尔滨市中天医用敷料有限公司	生产企业	consumable
GYS0004398	哈尔滨市同兴卫生材料厂	生产企业	consumable
GYS0004399	哈尔滨市响明义齿加工厂	生产企业	consumable
GYS0004400	哈尔滨市天乐齿业有限公司	生产企业	consumable
GYS0004401	哈尔滨市天使卫生材料厂	生产企业	consumable
GYS0004402	哈尔滨市康隆药业有限责任公司	生产企业/上市许可持有人	drug
GYS0004403	哈尔滨市方圣医药科技有限公司	生产企业/上市许可持有人	drug
GYS0004404	哈尔滨市盛海洋医疗器械经销有限公司	生产企业	consumable
GYS0004405	哈尔滨市美美达齿科技术发展有限公司	生产企业	consumable
GYS0004406	哈尔滨市芽美科技发展有限公司	生产企业	consumable
GYS0004407	哈尔滨市荣森义齿有限公司	生产企业	consumable
GYS0004408	哈尔滨市菁杞医疗器械有限公司	生产企业	consumable
GYS0004409	哈尔滨市金龙卫生材料厂	生产企业	consumable
GYS0004410	哈尔滨市龙生北药生物工程股份有限公司	生产企业/上市许可持有人	drug
GYS0004411	哈尔滨康友药业有限公司	生产企业	consumable
GYS0004412	哈尔滨康祝医疗技术有限公司	生产企业	consumable
GYS0004413	哈尔滨张迪诚信义齿有限公司	生产企业	consumable
GYS0004414	哈尔滨强视医药科技有限公司	生产企业/上市许可持有人	drug
GYS0004415	哈尔滨德尔美齿制作有限公司	生产企业	consumable
GYS0004416	哈尔滨拜尔美学义齿制作有限公司	生产企业	consumable
GYS0004417	哈尔滨斯特美医疗器械有限公司	生产企业	consumable
GYS0004418	哈尔滨斯达生物科技有限公司	生产企业	consumable
GYS0004419	哈尔滨新皓义齿有限公司	生产企业	consumable
GYS0004420	哈尔滨普康和瑞生物制药有限公司	生产企业/上市许可持有人	drug
GYS0004421	哈尔滨晶美医疗器械有限公司	生产企业	consumable
GYS0004422	哈尔滨杰瑞斯医疗科技有限公司	生产企业	consumable
GYS0004423	哈尔滨松鹤制药有限公司	生产企业/上市许可持有人	drug
GYS0004424	哈尔滨格拉雷药业有限公司	生产企业	drug
GYS0004425	哈尔滨沃新义齿加工有限公司	生产企业	consumable
GYS0004426	哈尔滨沛奇隆生物制药有限公司	生产企业	consumable
GYS0004427	哈尔滨泓安医用生物材料有限公司	生产企业	consumable
GYS0004428	哈尔滨泰华药业股份有限公司	生产企业/上市许可持有人	drug
GYS0004429	哈尔滨泰谷实业有限公司	生产企业	consumable
GYS0004430	哈尔滨派斯菲科生物制药有限公司	生产企业/上市许可持有人	drug
GYS0004431	哈尔滨派斯菲科生物制药股份有限公司	生产企业	drug
GYS0004432	哈尔滨海鸿基业科技发展有限公司	生产企业	consumable
GYS0004433	哈尔滨溯元医疗器械有限公司	生产企业	consumable
GYS0004434	哈尔滨瀚邦医疗科技有限公司	生产企业/上市许可持有人	drug
GYS0004435	哈尔滨瀚钧现代制药有限公司	生产企业/上市许可持有人	drug
GYS0004436	哈尔滨爱光生物医药有限公司	生产企业	consumable
GYS0004437	哈尔滨现代雅皓义齿制作有限公司	生产企业	consumable
GYS0004438	哈尔滨珍宝制药有限公司	生产企业/上市许可持有人	drug
GYS0004439	哈尔滨瑞铼生物科技有限公司	生产企业	consumable
GYS0004440	哈尔滨瑰宝药业有限公司	生产企业/上市许可持有人	drug
GYS0004441	哈尔滨田美药业股份有限公司	生产企业/上市许可持有人	drug,consumable
GYS0004442	哈尔滨申宜科技有限公司	生产企业	consumable
GYS0004443	哈尔滨盛美励齿医疗科技有限公司	生产企业	consumable
GYS0004444	哈尔滨础润医疗器械有限责任公司	生产企业	consumable
GYS0004445	哈尔滨科健伟业医疗器械有限公司	生产企业	consumable
GYS0004446	哈尔滨精美嘉禾义齿加工有限公司	生产企业	consumable
GYS0004447	哈尔滨红豆杉生物制药有限公司	生产企业/上市许可持有人	drug
GYS0004448	哈尔滨美君制药有限公司	生产企业/上市许可持有人	drug
GYS0004449	哈尔滨美君药业有限公司	生产企业	drug
GYS0004450	哈尔滨美顿医疗科技有限公司	生产企业	consumable
GYS0004451	哈尔滨翰森医药科技有限公司	生产企业	drug
GYS0004452	哈尔滨聚业医疗器械技术开发有限公司	生产企业	consumable
GYS0004453	哈尔滨茗娅维齿业有限公司	生产企业	consumable
GYS0004454	哈尔滨莱博通药业有限公司	生产企业/上市许可持有人	drug
GYS0004455	哈尔滨蒲公英药业有限公司	生产企业/上市许可持有人	drug
GYS0004456	哈尔滨誉衡制药有限公司	生产企业/上市许可持有人	drug
GYS0004457	哈尔滨诚信医疗器械有限公司	生产企业	consumable
GYS0004458	哈尔滨诺奇医药科技发展有限公司	生产企业	consumable
GYS0004459	哈尔滨诺威医疗技术有限公司	生产企业	consumable
GYS0004460	哈尔滨贝肤瑞生物科技有限公司	生产企业	consumable
GYS0004461	哈尔滨迈赫生物医药有限公司	生产企业/上市许可持有人	drug
GYS0004462	哈尔滨运美达生物科技有限公司	生产企业	consumable
GYS0004463	哈尔滨金圣药业有限公司	生产企业/上市许可持有人	drug
GYS0004464	哈尔滨鑫亿尔诺生物科技有限公司山东分公司	生产企业	consumable
GYS0004465	哈尔滨鑫美义齿有限公司	生产企业	consumable
GYS0004466	哈尔滨鑫雅义齿有限公司	生产企业	consumable
GYS0004467	哈尔滨铂云医疗器械有限公司	生产企业	consumable
GYS0004468	哈尔滨镕信生物技术发展有限公司	生产企业	consumable
GYS0004469	哈尔滨隆腾伟业科技发展有限公司	生产企业	consumable
GYS0004470	哈尔滨雄风医疗设备有限公司	生产企业	consumable
GYS0004471	哈尔滨鼓润生物技术有限公司	生产企业	consumable
GYS0004472	哈美顿医疗科技（北京）有限公司	生产企业	consumable
GYS0004473	哈药慈航制药股份有限公司	生产企业	drug
GYS0004474	哈药集团三精儿童大药厂(有限公司)	生产企业/上市许可持有人	drug
GYS0004475	哈药集团三精儿童大药厂（有限公司）	生产企业	consumable
GYS0004476	哈药集团三精制药四厂有限公司	生产企业/上市许可持有人	drug
GYS0004477	哈药集团三精制药有限公司	生产企业/上市许可持有人	drug
GYS0004478	哈药集团三精千鹤制药有限公司	生产企业/上市许可持有人	drug
GYS0004479	哈药集团三精千鹤望奎制药有限公司	生产企业/上市许可持有人	drug,consumable
GYS0004480	哈药集团三精明水药业有限公司	生产企业/上市许可持有人	drug
GYS0004481	哈药集团世一堂制药厂	生产企业/上市许可持有人	drug
GYS0004482	哈药集团中药二厂	生产企业/上市许可持有人	drug
GYS0004483	哈药集团制药六厂	生产企业	drug
GYS0004484	哈药集团制药总厂	生产企业/上市许可持有人	drug,consumable
GYS0004485	哈药集团生物工程有限公司	生产企业/上市许可持有人	drug,consumable
GYS0004486	哈高科白天鹅药业集团有限公司	生产企业/上市许可持有人	drug
GYS0004487	哲米芬医疗科技（北京）有限公司	生产企业	consumable
GYS0004488	唐山中杰亿隆医疗器械有限公司	生产企业	consumable
GYS0004489	唐山利康药业有限责任公司	生产企业/上市许可持有人	drug
GYS0004490	唐山同仁和微创医疗器械有限公司	生产企业	consumable
GYS0004491	唐山大展科技有限公司	生产企业	consumable
GYS0004492	唐山天恩科技有限公司	生产企业	consumable
GYS0004493	唐山宏荣医疗器械有限公司	生产企业	consumable
GYS0004494	唐山市慧鑫义齿有限公司	生产企业	consumable
GYS0004495	唐山市路北中信义齿厂	生产企业	consumable
GYS0004496	唐山康泰一新科技有限公司	生产企业	consumable
GYS0004497	唐山德高医疗科技有限公司	生产企业	consumable
GYS0004498	唐山恒新医疗器材有限公司	生产企业	consumable
GYS0004499	唐山睿腾科技有限公司	生产企业	consumable
GYS0004500	唐山红星药业有限责任公司	生产企业/上市许可持有人	drug
GYS0004501	唐山维实生物科技有限公司	生产企业	consumable
GYS0004502	唐山超冠义齿有限公司	生产企业	consumable
GYS0004503	唐山迪恩康达医疗科技有限公司	生产企业	consumable
GYS0004504	唐山隆康药业有限公司	生产企业/上市许可持有人	drug
GYS0004505	唐山集川药业利康制药有限公司	生产企业/上市许可持有人	drug
GYS0004506	唐河县九瑞实业有限公司	生产企业	consumable
GYS0004507	唐派医学技术有限公司	生产企业	consumable
GYS0004508	唐派医疗有限公司	生产企业	consumable
GYS0004509	唐派医疗（山东）有限公司	生产企业	consumable
GYS0004510	唯听助听器（上海）有限公司	生产企业	consumable
GYS0004511	唯炜澜谛（上海）商贸有限公司	生产企业	consumable
GYS0004512	唯美（上海）管理有限公司	生产企业	consumable
GYS0004513	商丘世康假肢矫形器有限公司	生产企业	consumable
GYS0004514	商丘天弈康复辅具有限公司	生产企业	consumable
GYS0004515	商丘市百顺医药科技有限公司	生产企业	consumable
GYS0004516	商丘市金马药业有限公司	生产企业/上市许可持有人	drug
GYS0004517	商丘赛诺雅药业有限公司	生产企业	consumable
GYS0004518	喀什昆仑维吾尔药业有限公司	生产企业/上市许可持有人	drug
GYS0004519	喀秋莎（厦门）医疗科技有限公司	生产企业	consumable
GYS0004520	善彤医疗科技（湖南）有限公司	生产企业	consumable
GYS0004521	善彤医疗科技（苏州）有限公司	生产企业	consumable
GYS0004522	善新（吉林）科技发展有限公司	生产企业	consumable
GYS0004523	善柔生物科技河北有限公司	生产企业	consumable
GYS0004524	喜客医疗科技（上海）有限公司	生产企业	consumable
GYS0004525	嘉亨(珠海横琴)医药科技有限公司	生产企业/上市许可持有人	drug
GYS0004526	嘉兴乾盈医疗科技股份有限公司	生产企业	consumable
GYS0004527	嘉兴允英医学检验有限公司	生产企业	consumable
GYS0004528	嘉兴医博医疗器械有限公司	生产企业	consumable
GYS0004529	嘉兴医脉赛科技有限公司	生产企业	consumable
GYS0004530	嘉兴君泰医用辅料有限公司	生产企业	consumable
GYS0004531	嘉兴好事帮医疗器械有限公司	生产企业	consumable
GYS0004532	嘉兴富洛医疗用品有限公司	生产企业	consumable
GYS0004533	嘉兴富竹医疗科技有限公司	生产企业	consumable
GYS0004534	嘉兴尚嘉智能技术有限公司	生产企业	consumable
GYS0004535	嘉兴市兆丰医疗器械有限公司	生产企业	consumable
GYS0004536	嘉兴市创美义齿制品厂	生产企业	consumable
GYS0004537	嘉兴市南湖区洁利义齿加工厂	生产企业	consumable
GYS0004538	嘉兴市和协牙科器材有限公司	生产企业	consumable
GYS0004539	嘉兴市天和制药有限公司	生产企业	consumable
GYS0004540	嘉兴市成达医疗器械有限公司	生产企业	consumable
GYS0004541	嘉兴市舒福特生物科技有限公司	生产企业	consumable
GYS0004542	嘉兴市艾科诺生物科技有限公司	生产企业	consumable
GYS0004543	嘉兴帮邦堂医疗科技有限公司	生产企业	consumable
GYS0004544	嘉兴旭丽义齿有限公司	生产企业	consumable
GYS0004545	嘉兴泰龙医疗用品有限公司	生产企业	consumable
GYS0004546	嘉兴皓起科技有限公司	生产企业	consumable
GYS0004547	嘉兴诺恩医疗科技有限公司	生产企业	consumable
GYS0004548	嘉兴领宇科技有限公司	生产企业	consumable
GYS0004549	嘉兴骏龙生物科技有限公司	生产企业	consumable
GYS0004550	嘉利康国际生物科技（北京）有限公司	生产企业	consumable
GYS0004551	嘉和博龙医疗科技（青岛）有限公司	生产企业	consumable
GYS0004552	嘉善唯定牙科器材有限公司	生产企业	consumable
GYS0004553	嘉善泰利贸易有限公司	生产企业	consumable
GYS0004554	嘉善飞阔医疗科技有限公司	生产企业	consumable
GYS0004555	嘉实(湖南)医药科技有限公司	生产企业/上市许可持有人	drug
GYS0004556	嘉实（湖南）医药科技有限公司	生产企业	consumable
GYS0004557	嘉德诺（上海）医疗器械有限公司	生产企业	consumable
GYS0004558	嘉思特医疗器材（天津）股份有限公司	生产企业	consumable
GYS0004559	嘉恒医药（江苏）有限公司	生产企业	consumable
GYS0004560	嘉晖（广州）医疗科技有限公司	生产企业	consumable
GYS0004561	嘉柏医疗器械(宜昌)有限公司	生产企业	consumable
GYS0004562	嘲风医疗科技（无锡）有限公司	生产企业	consumable
GYS0004563	四川三和医用材料有限公司	生产企业	consumable
GYS0004564	四川三泰医药科技有限公司	生产企业	consumable
GYS0004565	四川世纪康宏医疗科技有限公司	生产企业	consumable
GYS0004566	四川丙寅医疗器械有限公司	生产企业	consumable
GYS0004567	四川中方制药有限公司	生产企业/上市许可持有人	drug
GYS0004568	四川中科佰氏制药有限公司	生产企业	consumable
GYS0004569	四川乐嘉药业有限公司	生产企业/上市许可持有人	drug
GYS0004570	四川仟源中药饮片有限公司	生产企业/上市许可持有人	drug
GYS0004571	四川优安创医疗科技有限公司	生产企业	consumable
GYS0004572	四川佑盾优品医疗科技有限公司	生产企业	consumable
GYS0004573	四川依科制药有限公司	生产企业/上市许可持有人	drug
GYS0004574	四川信拓医药技术有限公司	生产企业/上市许可持有人	drug
GYS0004575	四川健能制药有限公司	生产企业/上市许可持有人	drug
GYS0004576	四川先通药业有限责任公司	生产企业/上市许可持有人	drug
GYS0004577	四川光大制药有限公司	生产企业/上市许可持有人	drug
GYS0004578	四川兴泰普乐医疗科技有限公司	生产企业	consumable
GYS0004579	四川凯京制药有限公司	生产企业	drug
GYS0004580	四川利佰生物科技有限公司	生产企业	consumable
GYS0004581	四川利君精华制药股份有限公司	生产企业/上市许可持有人	drug
GYS0004582	四川制药制剂有限公司	生产企业/上市许可持有人	drug,consumable
GYS0004583	四川北极光口腔医疗器械有限公司	生产企业	consumable
GYS0004584	四川医畅医疗器械有限公司	生产企业	consumable
GYS0004585	四川千方中药股份有限公司	生产企业/上市许可持有人	drug
GYS0004586	四川千里倍益康医疗科技股份有限公司	生产企业	consumable
GYS0004587	四川升和药业股份有限公司	生产企业/上市许可持有人	drug
GYS0004588	四川半轮医药科技有限公司	生产企业	consumable
GYS0004589	四川华力康医疗科技有限公司	生产企业	consumable
GYS0004590	四川华新制药有限公司	生产企业/上市许可持有人	drug
GYS0004591	四川华曙图灵增材制造技术有限责任公司	生产企业	consumable
GYS0004592	四川华柚医疗器械有限公司	生产企业	consumable
GYS0004593	四川华益制药有限公司	生产企业	drug
GYS0004594	四川卓皓雅医疗器械有限公司	生产企业	consumable
GYS0004595	四川南格尔生物科技有限公司	生产企业/上市许可持有人	drug,consumable
GYS0004596	四川厚生天佐药业有限公司	生产企业/上市许可持有人	drug
GYS0004597	四川原子高通药业有限公司	生产企业	drug
GYS0004598	四川友邦企业有限公司	生产企业	consumable
GYS0004599	四川双新制药有限公司	生产企业/上市许可持有人	drug
GYS0004600	四川双陆医疗器械有限公司	生产企业	consumable
GYS0004601	四川古蔺肝苏药业有限公司	生产企业	drug
GYS0004602	四川合信药业有限责任公司	生产企业/上市许可持有人	drug
GYS0004603	四川同人泰药业股份有限公司	生产企业/上市许可持有人	drug
GYS0004604	四川向阳药业有限公司	生产企业/上市许可持有人	drug
GYS0004605	四川嘉创景态生物医药科技有限公司	生产企业/上市许可持有人	drug
GYS0004606	四川四芳汇齿医疗器械有限公司	生产企业	consumable
GYS0004607	四川国为制药有限公司	生产企业/上市许可持有人	drug
GYS0004608	四川国康药业有限公司	生产企业/上市许可持有人	drug
GYS0004609	四川国瑞药业有限责任公司	生产企业/上市许可持有人	drug
GYS0004610	四川国纳科技有限公司	生产企业	consumable
GYS0004611	四川大冢制药有限公司	生产企业/上市许可持有人	drug
GYS0004612	四川天府康达药业集团府庆制药有限公司	生产企业/上市许可持有人	drug
GYS0004613	四川天德制药有限公司	生产企业/上市许可持有人	drug
GYS0004614	四川天福精细化工有限公司	生产企业	consumable
GYS0004615	四川天誉制药有限公司	生产企业	drug
GYS0004616	四川太平洋药业有限责任公司	生产企业/上市许可持有人	drug
GYS0004617	四川太极医疗器械有限公司	生产企业	consumable
GYS0004618	四川奇力制药有限公司	生产企业/上市许可持有人	drug
GYS0004619	四川奇裕医药科技有限公司	生产企业/上市许可持有人	drug
GYS0004620	四川奥邦古得药业有限公司	生产企业/上市许可持有人	drug
GYS0004621	四川好医生中藏药业有限公司	生产企业	consumable
GYS0004622	四川好医生攀西药业有限责任公司	生产企业/上市许可持有人	drug
GYS0004623	四川好培养生物工程有限公司	生产企业	consumable
GYS0004624	四川威力生医疗科技有限公司	生产企业	consumable
GYS0004625	四川媛瑞药业有限公司	生产企业	consumable
GYS0004626	四川子仁制药有限公司	生产企业/上市许可持有人	drug
GYS0004627	四川字库山制药有限公司	生产企业/上市许可持有人	drug
GYS0004628	四川安岚医疗科技有限公司	生产企业	consumable
GYS0004629	四川安恒利义齿科技有限责任公司	生产企业	consumable
GYS0004630	四川宏明博思药业有限公司	生产企业/上市许可持有人	drug
GYS0004631	四川宝兴制药有限公司	生产企业/上市许可持有人	drug,consumable
GYS0004632	四川尚锐生物医药有限公司	生产企业/上市许可持有人	drug
GYS0004633	四川峨嵋山药业有限公司	生产企业/上市许可持有人	drug
GYS0004634	四川川大华西药业股份有限公司	生产企业/上市许可持有人	drug
GYS0004635	四川巴中普瑞制药有限公司	生产企业/上市许可持有人	drug
GYS0004636	四川广元蓉成制药有限公司	生产企业/上市许可持有人	drug
GYS0004637	四川广铭生物制品有限公司	生产企业	consumable
GYS0004638	四川康博医疗器械有限公司	生产企业	consumable
GYS0004639	四川康宁医用器材有限公司	生产企业	consumable
GYS0004640	四川康普德科技有限公司	生产企业	consumable
GYS0004641	四川康源医创科技有限公司	生产企业	consumable
GYS0004642	四川康特能药业有限公司	生产企业/上市许可持有人	drug
GYS0004643	四川康皓医疗科技有限公司	生产企业	consumable
GYS0004644	四川康福来药业集团有限公司	生产企业/上市许可持有人	drug
GYS0004645	四川康馨医疗器械有限公司	生产企业	consumable
GYS0004646	四川弘升药业有限公司	生产企业	drug
GYS0004647	四川彩虹制药有限公司	生产企业/上市许可持有人	drug
GYS0004648	四川徕伯益自动化技术有限公司	生产企业	consumable
GYS0004649	四川德元药业集团有限公司	生产企业/上市许可持有人	drug
GYS0004650	四川德峰药业有限公司	生产企业/上市许可持有人	drug
GYS0004651	四川思路康瑞药业有限公司	生产企业/上市许可持有人	drug
GYS0004652	四川恒发气体有限公司	生产企业	consumable
GYS0004653	四川恒和鑫口腔科技有限公司	生产企业	consumable
GYS0004654	四川恒明科技开发有限公司	生产企业	consumable
GYS0004655	四川恒普科技有限公司	生产企业	consumable
GYS0004656	四川恩威制药有限公司	生产企业/上市许可持有人	drug,consumable
GYS0004657	四川慈润医疗科技有限公司	生产企业	consumable
GYS0004658	四川成都同道堂制药有限责任公司	生产企业/上市许可持有人	drug
GYS0004659	四川扬子江医疗器械有限公司	生产企业	consumable
GYS0004660	四川护家卫士生物医药科技有限公司	生产企业	consumable
GYS0004661	四川拜阿蒙生物活性材料有限责任公司	生产企业	consumable
GYS0004662	四川新世纪医用高分子制品有限公司	生产企业	consumable
GYS0004663	四川新健康成生物股份有限公司	生产企业	consumable
GYS0004664	四川新斯顿制药股份有限公司	生产企业/上市许可持有人	drug
GYS0004665	四川新绿色药业科技发展有限公司	生产企业/上市许可持有人	drug
GYS0004666	四川旭华制药有限公司	生产企业/上市许可持有人	drug
GYS0004667	四川旭阳药业有限责任公司	生产企业/上市许可持有人	drug
GYS0004668	四川明欣药业有限责任公司	生产企业/上市许可持有人	drug
GYS0004669	四川易迈彦和医疗股份有限公司	生产企业	consumable
GYS0004670	四川易鸿达医疗器械有限公司	生产企业	consumable
GYS0004671	四川普渡药业有限公司	生产企业	drug
GYS0004672	四川普瑞斯生物科技有限公司	生产企业	consumable
GYS0004673	四川普瑞顺祥医疗器械有限公司	生产企业	consumable
GYS0004674	四川普锐特药业有限公司	生产企业/上市许可持有人	drug
GYS0004675	四川智强医药科技开发有限公司	生产企业/上市许可持有人	drug
GYS0004676	四川杏林医疗器械有限公司	生产企业	consumable
GYS0004677	四川杨天生物药业股份有限公司	生产企业/上市许可持有人	drug
GYS0004678	四川核力欣健药业有限公司	生产企业/上市许可持有人	drug
GYS0004679	四川梓橦宫药业股份有限公司	生产企业/上市许可持有人	drug
GYS0004680	四川森科制药有限公司	生产企业/上市许可持有人	drug
GYS0004681	四川森迪智造科技有限公司	生产企业	consumable
GYS0004682	四川正美齿科科技有限公司	生产企业	consumable
GYS0004683	四川民储医用卫生材料有限公司	生产企业	consumable
GYS0004684	四川汇宇制药股份有限公司	生产企业/上市许可持有人	drug
GYS0004685	四川汇宇海玥医药科技有限公司	生产企业/上市许可持有人	drug
GYS0004686	四川汇诚药业有限公司	生产企业	drug
GYS0004687	四川沃文特生物技术有限公司	生产企业	consumable
GYS0004688	四川泰乐制药有限公司	生产企业/上市许可持有人	drug
GYS0004689	四川泰华堂制药有限公司	生产企业/上市许可持有人	drug
GYS0004690	四川泰猷科技有限公司	生产企业	consumable
GYS0004691	四川济生堂药业有限公司	生产企业/上市许可持有人	drug
GYS0004692	四川海思科制药有限公司	生产企业/上市许可持有人	drug
GYS0004693	四川海梦智森生物制药有限公司	生产企业/上市许可持有人	drug
GYS0004694	四川海汇药业有限公司	生产企业/上市许可持有人	drug,consumable
GYS0004695	四川涑爽医疗用品股份有限公司	生产企业	consumable
GYS0004696	四川淑洁护理用品有限公司	生产企业	consumable
GYS0004697	四川深兑医疗器械有限公司	生产企业	consumable
GYS0004698	四川添翊科技有限公司	生产企业	consumable
GYS0004699	四川源基制药有限公司	生产企业/上市许可持有人	drug
GYS0004700	四川源泉医疗器械有限公司	生产企业	consumable
GYS0004701	四川滨江药业有限公司	生产企业	drug
GYS0004702	四川火烙医疗科技有限公司	生产企业	consumable
GYS0004703	四川灵莯圃药业有限公司	生产企业	consumable
GYS0004704	四川焱远药业有限公司	生产企业	consumable
GYS0004705	四川爱乐慕医疗器械有限公司	生产企业	consumable
GYS0004706	四川爱无界医疗科技有限公司	生产企业	consumable
GYS0004707	四川爱特佳医疗科技有限公司	生产企业	consumable
GYS0004708	四川玺文生物技术有限责任公司	生产企业	consumable
GYS0004709	四川珠峰药业有限公司	生产企业	drug
GYS0004710	四川琦云药业有限责任公司	生产企业/上市许可持有人	drug
GYS0004711	四川瑞珏医疗器械有限公司	生产企业	consumable
GYS0004712	四川瑞迪克医疗科技有限公司	生产企业	consumable
GYS0004713	四川瑞迪医疗科技有限公司	生产企业	consumable
GYS0004714	四川百利药业有限责任公司	生产企业/上市许可持有人	drug
GYS0004715	四川百可馨生物制药有限公司	生产企业	consumable
GYS0004716	四川百草堂龙人药业有限公司	生产企业/上市许可持有人	drug
GYS0004717	四川益云影像材料有限公司	生产企业	consumable
GYS0004718	四川益生智同医药生物科技发展有限公司	生产企业/上市许可持有人	drug
GYS0004719	四川省三星堆制药有限公司	生产企业/上市许可持有人	drug
GYS0004720	四川省中兴药业有限公司	生产企业	consumable
GYS0004721	四川省中药厂有限责任公司	生产企业/上市许可持有人	drug
GYS0004722	四川省乐至贵均卫生材料有限公司	生产企业	consumable
GYS0004723	四川省仁德制药有限公司	生产企业/上市许可持有人	drug
GYS0004724	四川省天基生物药业有限公司	生产企业/上市许可持有人	drug
GYS0004725	四川省广元市康康医疗器械有限公司	生产企业	consumable
GYS0004726	四川省新鹿药业有限公司	生产企业/上市许可持有人	drug
GYS0004727	四川省旭晖制药有限公司	生产企业/上市许可持有人	drug
GYS0004728	四川省旺林堂药业有限公司	生产企业/上市许可持有人	drug
GYS0004729	四川省玉鑫药业有限公司	生产企业	consumable
GYS0004730	四川省瑞康制药有限公司	生产企业/上市许可持有人	drug
GYS0004731	四川省百草生物药业有限公司	生产企业/上市许可持有人	drug
GYS0004732	四川省眉山市东坡区崇礼药用石膏厂	生产企业	drug
GYS0004733	四川省禾艾中医药科技有限责任公司	生产企业	consumable
GYS0004734	四川省绿野生物制药有限公司	生产企业/上市许可持有人	drug
GYS0004735	四川省美舒哲义齿科技有限公司	生产企业	consumable
GYS0004736	四川省菲娅医疗器械有限公司	生产企业	consumable
GYS0004737	四川省豫新强国医疗器械有限公司	生产企业	consumable
GYS0004738	四川省迪威药业有限责任公司	生产企业/上市许可持有人	drug
GYS0004739	四川省通园制药集团有限公司	生产企业/上市许可持有人	drug
GYS0004740	四川省遂宁市康达卫生材料有限公司	生产企业	consumable
GYS0004741	四川省鑫隆植物纤维制品有限公司	生产企业	consumable
GYS0004742	四川省长征药业股份有限公司	生产企业/上市许可持有人	drug
GYS0004743	四川眉山崇礼石膏矿业有限公司	生产企业	consumable
GYS0004744	四川祥和茂生物科技有限公司	生产企业	consumable
GYS0004745	四川福方医疗器械有限公司	生产企业	consumable
GYS0004746	四川福森堂生物科技有限公司	生产企业	consumable
GYS0004747	四川禾亿制药有限公司	生产企业/上市许可持有人	drug
GYS0004748	四川禾正制药有限责任公司	生产企业/上市许可持有人	drug
GYS0004749	四川禾泰药业有限公司	生产企业	drug
GYS0004750	四川禾邦阳光制药股份有限公司	生产企业	drug
GYS0004751	四川秀顿斯医疗器械有限公司	生产企业	consumable
GYS0004752	四川科伦药业股份有限公司	生产企业/上市许可持有人	drug
GYS0004753	四川科伦药物研究院有限公司	生产企业/上市许可持有人	drug
GYS0004754	四川科创制药集团有限公司	生产企业	drug
GYS0004755	四川科弘医疗器械有限公司	生产企业	consumable
GYS0004756	四川科瑞德制药股份有限公司	生产企业/上市许可持有人	drug
GYS0004757	四川立辰医疗器械有限公司	生产企业	consumable
GYS0004758	四川维奥制药有限公司	生产企业/上市许可持有人	drug
GYS0004759	四川维思达医疗器械有限公司	生产企业	consumable
GYS0004760	四川维美医疗器械有限公司	生产企业	consumable
GYS0004761	四川绵德堂制药有限公司	生产企业/上市许可持有人	drug
GYS0004762	四川绵竹鸿基制药有限责任公司	生产企业	drug,consumable
GYS0004763	四川绿叶制药股份有限公司	生产企业/上市许可持有人	drug
GYS0004764	四川美佳护生物科技有限公司	生产企业	consumable
GYS0004765	四川美大康佳乐药业有限公司	生产企业/上市许可持有人	drug
GYS0004766	四川美大康华康药业有限公司	生产企业/上市许可持有人	drug
GYS0004767	四川美大康药业股份有限公司	生产企业/上市许可持有人	drug
GYS0004768	四川美观达义齿科技有限公司	生产企业	consumable
GYS0004769	四川美鸣医疗器械有限公司	生产企业	consumable
GYS0004770	四川老宗医医疗器械有限公司	生产企业	consumable
GYS0004771	四川肾友达科技有限公司	生产企业	consumable
GYS0004772	四川致坚医疗科技有限公司	生产企业	consumable
GYS0004773	四川臻芯科技有限责任公司	生产企业	consumable
GYS0004774	四川舒倍康医疗科技有限公司	生产企业	consumable
GYS0004775	四川舒而医疗器械有限公司	生产企业	consumable
GYS0004776	四川艾医生医疗科技有限公司	生产企业	consumable
GYS0004777	四川艾司蒂维日化用品有限责任公司	生产企业	consumable
GYS0004778	四川莱镁医疗科技有限公司	生产企业	consumable
GYS0004779	四川菲德力制药有限公司	生产企业/上市许可持有人	drug
GYS0004780	四川葆蓓医学生物科技有限公司	生产企业	consumable
GYS0004781	四川蓉康世圣药业有限责任公司	生产企业	consumable
GYS0004782	四川蓉康世圣药业有限责任公司新都分公司	生产企业	consumable
GYS0004783	四川藤王宫药业股份有限公司	生产企业	consumable
GYS0004784	四川融太晟业医疗科技有限公司	生产企业	consumable
GYS0004785	四川行动医疗科技股份有限公司	生产企业	consumable
GYS0004786	四川诺迪康威光制药有限公司	生产企业/上市许可持有人	drug
GYS0004787	四川诺非特生物药业科技有限公司	生产企业/上市许可持有人	drug
GYS0004788	四川豪运药业股份有限公司	生产企业/上市许可持有人	drug
GYS0004789	四川贝灵合益制药有限公司	生产企业/上市许可持有人	drug
GYS0004790	四川赛卓药业股份有限公司	生产企业/上市许可持有人	drug
GYS0004791	四川赛迪克生物医药科技有限公司	生产企业	consumable
GYS0004792	四川远大蜀阳药业有限责任公司	生产企业/上市许可持有人	drug
GYS0004793	四川迪尔菲医疗器械技术研究有限公司	生产企业	consumable
GYS0004794	四川迪耀科技有限公司	生产企业	consumable
GYS0004795	四川迪菲特药业有限公司	生产企业/上市许可持有人	drug
GYS0004796	四川速愈堂制药有限公司	生产企业	consumable
GYS0004797	四川逢春制药有限公司	生产企业/上市许可持有人	drug
GYS0004798	四川邈济生物医药科技有限公司	生产企业/上市许可持有人	drug
GYS0004799	四川金佳钲医疗器械有限公司	生产企业	consumable
GYS0004800	四川金洁医疗器械有限公司	生产企业	consumable
GYS0004801	四川金药师制药有限公司	生产企业/上市许可持有人	drug
GYS0004802	四川金诺义齿技术服务有限公司	生产企业	consumable
GYS0004803	四川金辉药业有限公司	生产企业/上市许可持有人	drug
GYS0004804	四川金铸医疗器械有限公司	生产企业	consumable
GYS0004805	四川鑫达康药业有限公司	生产企业/上市许可持有人	drug
GYS0004806	四川铭源伟康科技有限公司	生产企业	consumable
GYS0004807	四川锦江电子医疗器械科技股份有限公司	生产企业	consumable
GYS0004808	四川阿可贝尔科技有限公司	生产企业	consumable
GYS0004809	四川阿尔泰医疗器械有限公司	生产企业	consumable
GYS0004810	四川隐力医疗设备有限公司	生产企业	consumable
GYS0004811	四川雅齐医疗科技有限公司	生产企业	consumable
GYS0004812	四川顺成医疗器械有限公司	生产企业	consumable
GYS0004813	四川顺生制药有限公司	生产企业/上市许可持有人	drug
GYS0004814	四川顺顺然国际商贸有限公司	生产企业	consumable
GYS0004815	四川馨逸康医疗卫生用品有限责任公司	生产企业	consumable
GYS0004816	四川高原明珠制药有限公司	生产企业/上市许可持有人	drug
GYS0004817	四川鲁徽制药有限责任公司	生产企业/上市许可持有人	drug
GYS0004818	四川鸿政博恩口腔科技有限公司	生产企业	consumable
GYS0004819	四川默森药业有限公司	生产企业	consumable
GYS0004820	四平三帆科技制药有限公司	生产企业/上市许可持有人	drug
GYS0004821	四平正和制药有限公司	生产企业	drug
GYS0004822	四方众联医疗科技（北京）有限公司	生产企业	consumable
GYS0004823	四环医药(郑州)有限公司	生产企业/上市许可持有人	drug
GYS0004824	四环医药（郑州）有限公司	生产企业	consumable
GYS0004825	回春堂药业股份有限公司	生产企业/上市许可持有人	drug
GYS0004826	回音必集团安徽制药有限公司	生产企业/上市许可持有人	drug
GYS0004827	回音必集团抚州制药有限公司	生产企业	drug
GYS0004828	回音必集团江西东亚制药有限公司	生产企业/上市许可持有人	drug
GYS0004829	回音必集团浙江齐齐制药有限公司	生产企业/上市许可持有人	drug
GYS0004830	因科瑞斯药业(营口)有限公司	生产企业	drug
GYS0004831	固始公元医疗器械有限公司	生产企业	consumable
GYS0004832	固始县康健针灸用品厂	生产企业	consumable
GYS0004833	固始县臻正医疗器械有限公司	生产企业	consumable
GYS0004834	固安京德医疗器械有限公司	生产企业	consumable
GYS0004835	固安县本安康医疗器械有限公司	生产企业	consumable
GYS0004836	固安县精锐义齿加工有限公司	生产企业	consumable
GYS0004837	固安县铭佳医疗器械有限公司	生产企业	consumable
GYS0004838	固安嘉通义齿制造有限公司	生产企业	consumable
GYS0004839	固安盛世冠美义齿制造有限公司	生产企业	consumable
GYS0004840	国为生物科技泰州有限公司	生产企业	consumable
GYS0004841	国九堂山东阿胶有限公司	生产企业/上市许可持有人	drug
GYS0004842	国仁健康制药(北京)有限公司	生产企业/上市许可持有人	drug
GYS0004843	国信(黑龙江)制药有限公司	生产企业/上市许可持有人	drug
GYS0004844	国光生物科技股份有限公司	生产企业/上市许可持有人	drug
GYS0004845	国创河北医疗器械有限公司	生产企业	consumable
GYS0004846	国医华科（苏州）医疗科技发展有限公司	生产企业	consumable
GYS0004847	国扬医疗器械贸易（上海）有限公司	生产企业	consumable
GYS0004848	国械恒发医疗科技（湖州）有限公司	生产企业	consumable
GYS0004849	国源国药(广东)制药集团有限公司	生产企业/上市许可持有人	drug
GYS0004850	国科瑞诺（中山）生物科技有限公司	生产企业	consumable
GYS0004851	国药一心制药有限公司	生产企业/上市许可持有人	drug
GYS0004852	国药东风总医院	制剂配制单位	preparation
GYS0004853	国药前景口腔科技（北京）有限公司	生产企业	consumable
GYS0004854	国药北方（内蒙古 ）医疗健康产业有限公司	生产企业	consumable
GYS0004855	国药医疗健康科技有限公司	生产企业	consumable
GYS0004856	国药控股北京华鸿有限公司	生产企业/上市许可持有人	drug
GYS0004857	国药控股星鲨制药(厦门)有限公司	生产企业/上市许可持有人	drug
GYS0004858	国药普兰特(青海)药业有限公司	生产企业/上市许可持有人	drug
GYS0004859	国药瑞福莱药业有限公司	生产企业/上市许可持有人	drug
GYS0004860	国药集团三益药业(芜湖)有限公司	生产企业/上市许可持有人	drug
GYS0004861	国药集团上海血液制品有限公司	生产企业/上市许可持有人	drug
GYS0004862	国药集团中联药业有限公司	生产企业/上市许可持有人	drug
GYS0004863	国药集团兰州生物制药有限公司	生产企业/上市许可持有人	drug
GYS0004864	国药集团冯了性(佛山)药业有限公司	生产企业/上市许可持有人	drug
GYS0004865	国药集团北京华邈药业有限公司	生产企业/上市许可持有人	drug
GYS0004866	国药集团同济堂(贵州)制药有限公司	生产企业/上市许可持有人	drug
GYS0004867	国药集团国瑞药业有限公司	生产企业/上市许可持有人	drug
GYS0004868	国药集团奥美（湖北）医疗用品有限公司	生产企业	consumable
GYS0004869	国药集团威奇达药业有限公司	生产企业/上市许可持有人	drug
GYS0004870	国药集团宜宾制药有限责任公司	生产企业/上市许可持有人	drug
GYS0004871	国药集团容生制药有限公司	生产企业/上市许可持有人	drug
GYS0004872	国药集团川抗制药有限公司	生产企业/上市许可持有人	drug
GYS0004873	国药集团工业有限公司	生产企业/上市许可持有人	drug
GYS0004874	国药集团工业有限公司廊坊分公司	生产企业/上市许可持有人	drug
GYS0004875	国药集团广东环球制药有限公司	生产企业/上市许可持有人	drug
GYS0004876	国药集团广东省医疗器械有限公司	生产企业	consumable
GYS0004877	国药集团德众(佛山)药业有限公司	生产企业	drug
GYS0004878	国药集团成都信立邦生物制药有限公司	生产企业/上市许可持有人	drug
GYS0004879	国药集团新疆制药有限公司	生产企业/上市许可持有人	drug
GYS0004880	国药集团武汉中联四药药业有限公司	生产企业/上市许可持有人	drug
GYS0004881	国药集团武汉生物制药有限公司	生产企业/上市许可持有人	drug
GYS0004882	国药集团武汉血液制品有限公司	生产企业/上市许可持有人	drug
GYS0004883	国药集团汕头金石制药有限公司	生产企业/上市许可持有人	drug
GYS0004884	国药集团江西医疗器械有限公司	生产企业	consumable
GYS0004885	国药集团精方(安徽)药业股份有限公司	生产企业/上市许可持有人	drug
GYS0004886	国药集团致君(深圳)制药有限公司	生产企业/上市许可持有人	drug
GYS0004887	国药集团致君(深圳)坪山制药有限公司	生产企业/上市许可持有人	drug
GYS0004888	国药集团贵州生物制药有限公司	生产企业/上市许可持有人	drug
GYS0004889	国药集团贵州血液制品有限公司	生产企业/上市许可持有人	drug
GYS0004890	国药集团鲁亚(山东)制药有限公司	生产企业	drug
GYS0004891	圣光医用制品股份有限公司	生产企业	consumable
GYS0004892	圣大(张家口)药业有限公司	生产企业/上市许可持有人	drug
GYS0004893	圣湘生物科技股份有限公司	生产企业	consumable
GYS0004894	圣珂兰投资有限公司	生产企业	consumable
GYS0004895	圣美迪诺医疗科技（湖州）有限公司	生产企业	consumable
GYS0004896	圣马洛（广州）健康科技有限公司	生产企业	consumable
GYS0004897	地奥集团成都药业股份有限公司	生产企业/上市许可持有人	drug
GYS0004898	坤艮（南京）医疗科技有限公司	生产企业	consumable
GYS0004899	垣疆医疗器械股份有限公司	生产企业	consumable
GYS0004900	埃客（上海）医用设备有限公司	生产企业	consumable
GYS0004901	埃文斯科技（北京）有限公司	生产企业	consumable
GYS0004902	埃洛斯医疗（深圳）有限公司	生产企业	consumable
GYS0004903	域鑫科技（惠州）有限公司	生产企业	consumable
GYS0004904	培力药品工业股份有限公司	生产企业/上市许可持有人	drug
GYS0004905	基因科技（上海）股份有限公司	生产企业	consumable
GYS0004906	基石药业(苏州)有限公司	生产企业/上市许可持有人	drug
GYS0004907	基蛋生物科技股份有限公司	生产企业	consumable
GYS0004908	增广生物工程（上海）有限公司	生产企业	consumable
GYS0004909	墨尼克医疗用品（上海）有限公司	生产企业	consumable
GYS0004910	士卓曼（中国）投资有限公司	生产企业	consumable
GYS0004911	士卓曼（北京）医疗器械贸易有限公司	生产企业	consumable
GYS0004912	声佗医疗科技（上海）有限公司	生产企业	consumable
GYS0004913	声普医疗设备（厦门）有限公司	生产企业	consumable
GYS0004914	壹凌（天津)生物科技有限公司	生产企业	consumable
GYS0004915	壹诺医疗用品（济宁）有限责任公司	生产企业	consumable
GYS0004916	壹邦医疗健康科技（云南）有限公司	生产企业	consumable
GYS0004917	壹鼎众康（厦门）生物科技股份有限公司	生产企业	consumable
GYS0004918	复寿堂药业河南省有限公司	生产企业/上市许可持有人	drug
GYS0004919	复寿堂药业河南股份有限公司	生产企业/上市许可持有人	drug
GYS0004920	复星凯特生物科技有限公司	生产企业/上市许可持有人	drug
GYS0004921	复星诊断科技（上海）有限公司	生产企业	consumable
GYS0004922	复星诊断科技（长沙）有限公司	生产企业	ivd
GYS0004923	复星雅立峰(大连)生物制药有限公司	生产企业/上市许可持有人	drug
GYS0004924	夏末生物科技河北有限公司	生产企业	consumable
GYS0004925	夏邑县久之康医疗器械有限公司	生产企业	consumable
GYS0004926	多多药业有限公司	生产企业/上市许可持有人	drug
GYS0004927	多尼尔医疗科技（广东）有限公司	生产企业	consumable
GYS0004928	多特医学器材制造（合肥）有限公司	生产企业	consumable
GYS0004929	大丰菲凡科技有限公司	生产企业	consumable
GYS0004930	大兴安岭天草药业有限公司	生产企业/上市许可持有人	drug
GYS0004931	大华（银川）医疗科技有限公司	生产企业	consumable
GYS0004932	大博医疗科技股份有限公司	生产企业	consumable
GYS0004933	大同五洲通制药有限责任公司	生产企业/上市许可持有人	drug
GYS0004934	大同大源药业有限责任公司	生产企业/上市许可持有人	drug
GYS0004935	大同市利群药业有限责任公司	生产企业	drug
GYS0004936	大同市卫华药业有限责任公司	生产企业/上市许可持有人	drug
GYS0004937	大同市美原齿科器械有限责任公司	生产企业	consumable
GYS0004938	大城县华冠齿科器械有限公司	生产企业	consumable
GYS0004939	大幸药品株式会社	生产企业/上市许可持有人	drug
GYS0004940	大庆华泰生物制药有限公司	生产企业	consumable
GYS0004941	大庆市兴耀医疗器械有限公司	生产企业	consumable
GYS0004942	大庆市冠美医疗科技有限公司	生产企业	consumable
GYS0004943	大庆市晶钻义齿制造有限公司	生产企业	consumable
GYS0004944	大德（浙江）医疗科技有限公司	生产企业	consumable
GYS0004945	大晶眼健康科技（浙江）有限公司	生产企业	consumable
GYS0004946	大有药业扬州有限公司	生产企业	drug
GYS0004947	大泗医疗生物科技有限公司	生产企业	consumable
GYS0004948	大熊医疗科技（中山）有限公司	生产企业	consumable
GYS0004949	大牙医（天津）生物医药科技有限公司	生产企业	consumable
GYS0004950	大理白族自治州中药制药有限公司	生产企业/上市许可持有人	drug
GYS0004951	大理药业股份有限公司	生产企业/上市许可持有人	drug
GYS0004952	大睿医疗器械（北京）有限公司	生产企业	consumable
GYS0004953	大谊药业(湖北)有限公司	生产企业/上市许可持有人	drug
GYS0004954	大连JMS医疗器具有限公司	生产企业	consumable
GYS0004955	大连七颗星医疗器械有限公司	生产企业	consumable
GYS0004956	大连三生源医疗仪器有限公司	生产企业	consumable
GYS0004957	大连东方医疗器械有限公司	生产企业	consumable
GYS0004958	大连中孚生物工程有限公司	生产企业	consumable
GYS0004959	大连乳胶有限责任公司	生产企业	consumable
GYS0004960	大连亚维药业有限公司	生产企业	drug
GYS0004961	大连优维义齿有限公司	生产企业	consumable
GYS0004962	大连优群义齿制作有限公司	生产企业	consumable
GYS0004963	大连佳惠义齿加工厂	生产企业	consumable
GYS0004964	大连冠翔义齿有限公司	生产企业	consumable
GYS0004965	大连凯俐达医疗器械有限公司	生产企业	consumable
GYS0004966	大连创艺义齿有限公司	生产企业	consumable
GYS0004967	大连华卓生物科技有限公司	生产企业	consumable
GYS0004968	大连华立金港药业有限公司	生产企业	drug
GYS0004969	大连博旺科技发展有限公司	生产企业	consumable
GYS0004970	大连博格林生物科技有限公司	生产企业	consumable
GYS0004971	大连可尔医疗设备有限公司	生产企业	consumable
GYS0004972	大连善德来生活用品有限公司	生产企业	consumable
GYS0004973	大连壹灏医疗用品有限公司	生产企业	consumable
GYS0004974	大连大冢制药有限公司	生产企业/上市许可持有人	drug,consumable
GYS0004975	大连天山药业有限公司	生产企业/上市许可持有人	drug
GYS0004976	大连奥利康义齿有限公司	生产企业	consumable
GYS0004977	大连奥森制药有限公司	生产企业/上市许可持有人	drug
GYS0004978	大连奥泰药业股份有限公司	生产企业/上市许可持有人	drug
GYS0004979	大连奥瑞科技有限公司	生产企业	consumable
GYS0004980	大连宏鑫源卫生用品有限公司	生产企业	consumable
GYS0004981	大连富勒烯药业有限公司	生产企业	consumable
GYS0004982	大连富生制药有限公司	生产企业/上市许可持有人	drug
GYS0004983	大连山屏医用卫生材料厂	生产企业	consumable
GYS0004984	大连市嘉炜义齿有限公司	生产企业	consumable
GYS0004985	大连库利艾特医疗制品有限公司	生产企业	consumable
GYS0004986	大连康乾义齿有限公司	生产企业	consumable
GYS0004987	大连康亚德义齿有限公司	生产企业	consumable
GYS0004988	大连康泰瑞华牙科技术有限公司	生产企业	consumable
GYS0004989	大连得新义齿有限公司	生产企业	consumable
GYS0004990	大连德博尔义齿有限公司	生产企业	consumable
GYS0004991	大连忠诚医疗用品有限公司	生产企业	consumable
GYS0004992	大连映美义齿有限公司	生产企业	consumable
GYS0004993	大连板桥医疗器械有限公司	生产企业	consumable
GYS0004994	大连正德义齿技术有限公司	生产企业	consumable
GYS0004995	大连水产药业有限公司	生产企业/上市许可持有人	drug
GYS0004996	大连汉方药业有限公司	生产企业/上市许可持有人	drug
GYS0004997	大连泠美制药有限公司	生产企业/上市许可持有人	drug
GYS0004998	大连浩艺义齿有限公司	生产企业	consumable
GYS0004999	大连海龙博科医疗科技有限公司	生产企业	consumable
GYS0005000	大连澳华医用高分子器材有限公司	生产企业	consumable
GYS0005001	大连灏丽美学科技有限公司	生产企业	consumable
GYS0005002	大连爱丽思生活用品有限公司	生产企业	consumable
GYS0005003	大连爱朗义齿有限公司	生产企业	consumable
GYS0005004	大连玉景博祥医疗器械有限公司	生产企业	consumable
GYS0005005	大连玥明义齿有限公司	生产企业	consumable
GYS0005006	大连珍奥药业股份有限公司	生产企业/上市许可持有人	drug
GYS0005007	大连瑞康医疗器械制造有限公司	生产企业	consumable
GYS0005008	大连百利天华制药有限公司	生产企业	drug
GYS0005009	大连益众经贸有限公司	生产企业	consumable
GYS0005010	大连益大生物科技有限公司	生产企业	consumable
GYS0005011	大连盛泓药业集团股份有限公司	生产企业/上市许可持有人	drug
GYS0005012	大连科万维医疗科技有限公司	生产企业	consumable
GYS0005013	大连经典牙科科技有限公司	生产企业	consumable
GYS0005014	大连经济技术开发区新杰丽义齿制造厂	生产企业	consumable
GYS0005015	大连缪斯义齿有限公司	生产企业	consumable
GYS0005016	大连美创药业有限公司	生产企业/上市许可持有人	drug
GYS0005017	大连美罗中药厂有限公司	生产企业/上市许可持有人	drug
GYS0005018	大连胜光药业集团股份有限公司	生产企业/上市许可持有人	drug
GYS0005019	大连致美义齿有限公司	生产企业	consumable
GYS0005020	大连致美口腔技术有限公司	生产企业	consumable
GYS0005021	大连致美科技有限公司	生产企业	consumable
GYS0005022	大连致美科技有限公司沈阳分公司	生产企业	consumable
GYS0005023	大连芮禹医疗器械有限公司	生产企业	consumable
GYS0005024	大连荣邦医疗卫生用品股份有限公司	生产企业	consumable
GYS0005025	大连莱恩医疗工业有限公司	生产企业	consumable
GYS0005026	大连辉仁制药有限公司	生产企业/上市许可持有人	drug
GYS0005027	大连鑫成义齿有限公司	生产企业	consumable
GYS0005028	大连鑫美润医疗科技有限公司	生产企业	consumable
GYS0005029	大连鑫航义齿加工厂	生产企业	consumable
GYS0005030	大连顺达微创科技有限公司	生产企业	consumable
GYS0005031	大连马斯克医疗设备科技有限公司	生产企业	consumable
GYS0005032	大连黄伟义齿有限责任公司	生产企业	consumable
GYS0005033	大连鼎元牙科科技有限公司	生产企业	consumable
GYS0005034	大邦生物技术（济南）有限公司	生产企业	consumable
GYS0005035	天一（广州）健康科技有限公司	生产企业	consumable
GYS0005036	天下药仓股份有限公司	生产企业	consumable
GYS0005037	天以红日医药科技发展（天津）有限公司	生产企业	consumable
GYS0005038	天协医疗科技（苏州）有限公司	生产企业	consumable
GYS0005039	天台县康生医疗器械有限公司	生产企业	consumable
GYS0005040	天圣制药集团山西有限公司	生产企业	drug
GYS0005041	天圣制药集团股份有限公司	生产企业/上市许可持有人	drug
GYS0005042	天地恒一制药股份有限公司	生产企业/上市许可持有人	drug
GYS0005043	天士力医药集团股份有限公司	生产企业/上市许可持有人	drug
GYS0005044	天士力生物医药股份有限公司	生产企业/上市许可持有人	drug
GYS0005045	天大医药科技(珠海)有限公司	生产企业/上市许可持有人	drug
GYS0005046	天大药业(云南)有限公司	生产企业/上市许可持有人	drug
GYS0005047	天大药业(珠海)有限公司	生产企业/上市许可持有人	drug
GYS0005048	天天一诺齿科技术（天津）有限公司	生产企业	consumable
GYS0005049	天年药业(哈尔滨)有限公司	生产企业/上市许可持有人	drug
GYS0005050	天新福（北京）医疗器材股份有限公司	生产企业	consumable
GYS0005051	天方药业有限公司	生产企业/上市许可持有人	drug
GYS0005052	天昌元医药(吉林)股份有限公司	生产企业/上市许可持有人	drug
GYS0005053	天根生化科技（北京）有限公司	生产企业	consumable
GYS0005054	天水三通医疗科技有限公司	生产企业	consumable
GYS0005055	天水健道生物电子有限公司	生产企业	consumable
GYS0005056	天水华大康运电子仪器有限公司	生产企业	consumable
GYS0005057	天水宏康气体有限公司	生产企业	consumable
GYS0005058	天水市中医药保健研究所	生产企业	consumable
GYS0005059	天水市飞鸿医疗电器有限公司	生产企业	consumable
GYS0005060	天水庆华电子科技有限公司	生产企业	consumable
GYS0005061	天水聚力生物电子有限公司	生产企业	consumable
GYS0005062	天水魏氏彤泰药业有限公司	生产企业	consumable
GYS0005063	天津万和医疗器械有限公司	生产企业	consumable
GYS0005064	天津世纪康泰生物医学工程有限公司	生产企业	consumable
GYS0005065	天津中威和治药业有限公司	生产企业/上市许可持有人	drug
GYS0005066	天津中宫药业有限公司	生产企业	consumable
GYS0005067	天津中成佳益生物科技有限公司	生产企业	consumable
GYS0005068	天津中津生物发展有限公司	生产企业	consumable
GYS0005069	天津中生乳胶有限公司	生产企业	consumable
GYS0005070	天津中盛海天制药有限公司	生产企业	drug
GYS0005071	天津中研医疗器械有限公司	生产企业	consumable
GYS0005072	天津中科听芯科技有限公司	生产企业	consumable
GYS0005073	天津中鼎生物医学科技有限公司	生产企业	consumable
GYS0005074	天津丰翼医疗器械有限公司	生产企业	consumable
GYS0005075	天津云帆医疗器械有限公司	生产企业	consumable
GYS0005076	天津京润杰科技有限公司	生产企业	consumable
GYS0005077	天津京都贝思达生物技术有限公司	生产企业	consumable
GYS0005078	天津亿朋医疗器械有限公司	生产企业	consumable,ivd
GYS0005079	天津仁恒生物科技有限公司	生产企业	consumable
GYS0005080	天津伊腾圣杰医疗器械有限公司	生产企业	consumable
GYS0005081	天津伊诺新康医疗器械科技有限公司	生产企业	consumable
GYS0005082	天津优外医疗器材制造有限公司	生产企业	consumable
GYS0005083	天津优威医塑制品有限公司	生产企业	consumable
GYS0005084	天津优益生生物科技有限公司	生产企业	consumable
GYS0005085	天津优视眼科技术有限公司	生产企业	consumable
GYS0005086	天津优谷利众科技有限公司	生产企业	consumable
GYS0005087	天津佳普医疗科技有限公司	生产企业	consumable
GYS0005088	天津信晟医药科技有限公司	生产企业	consumable
GYS0005089	天津信谊津津药业有限公司	生产企业/上市许可持有人	drug
GYS0005090	天津儿童药业有限公司	生产企业/上市许可持有人	drug
GYS0005091	天津军创博元科技有限公司	生产企业	consumable
GYS0005092	天津凯镛药业有限公司	生产企业/上市许可持有人	drug
GYS0005093	天津力生制药股份有限公司	生产企业/上市许可持有人	drug
GYS0005094	天津加发医疗器械有限公司	生产企业	consumable
GYS0005095	天津勍岩医疗科技有限公司	生产企业	consumable
GYS0005096	天津匠心科技发展有限公司	生产企业	consumable
GYS0005097	天津医宁医疗器械有限公司	生产企业	consumable
GYS0005098	天津医药集团津康制药有限公司	生产企业/上市许可持有人	drug
GYS0005099	天津华尚医疗器械有限公司	生产企业	consumable
GYS0005100	天津华津制药有限公司	生产企业/上市许可持有人	drug
GYS0005101	天津华瑞得生物科技有限公司	生产企业	consumable
GYS0005102	天津华益派特科技有限公司	生产企业	drug
GYS0005103	天津华科泰生物技术有限公司	生产企业	consumable
GYS0005104	天津华鸿科技股份有限公司	生产企业	consumable
GYS0005105	天津博众纳德生物科技有限公司	生产企业	consumable
GYS0005106	天津博奥赛斯生物科技股份有限公司	生产企业	consumable
GYS0005107	天津博安医用有限公司	生产企业	consumable
GYS0005108	天津博朗科技发展有限公司	生产企业	consumable
GYS0005109	天津博硕倍生物科技有限公司	生产企业	consumable
GYS0005110	天津博锐医疗器械有限公司	生产企业	consumable
GYS0005111	天津印康医疗器械有限公司	生产企业	consumable
GYS0005112	天津原子高科同位素医药有限公司	生产企业	drug
GYS0005113	天津友爱医疗科技有限责任公司	生产企业	consumable
GYS0005114	天津同仁堂集团股份有限公司	生产企业/上市许可持有人	drug
GYS0005115	天津和晟医疗器械科技有限公司	生产企业	consumable
GYS0005116	天津和杰医疗器械有限公司	生产企业	consumable
GYS0005117	天津和治广平药业有限公司	生产企业/上市许可持有人	drug
GYS0005118	天津和治药业集团有限公司	生产企业/上市许可持有人	drug
GYS0005119	天津哈娜好医材有限公司	生产企业	consumable
GYS0005120	天津喜诺生物医药有限公司	生产企业	consumable
GYS0005121	天津嘉享科技有限公司	生产企业	consumable
GYS0005122	天津嘉康医疗器械制造有限公司	生产企业	consumable
GYS0005123	天津嘉德信医疗科技有限公司	生产企业	consumable
GYS0005124	天津嘉氏堂科技有限公司	生产企业	consumable
GYS0005125	天津圣美冠医疗咨询服务有限公司	生产企业	consumable
GYS0005126	天津圣飞洋医疗器械有限公司	生产企业	consumable
GYS0005127	天津坚靓科技有限公司	生产企业	consumable
GYS0005128	天津大象医疗器械有限公司	生产企业	consumable
GYS0005129	天津天东医疗器械有限公司	生产企业	consumable
GYS0005130	天津天士力(辽宁)制药有限责任公司	生产企业/上市许可持有人	drug
GYS0005131	天津天士力之骄药业有限公司	生产企业/上市许可持有人	drug
GYS0005132	天津天士力圣特制药有限公司	生产企业	drug
GYS0005133	天津天大领先制药有限公司	生产企业	drug
GYS0005134	天津天好医疗器械有限公司	生产企业	consumable
GYS0005135	天津天药药业股份有限公司	生产企业/上市许可持有人	drug
GYS0005136	天津太平洋制药有限公司	生产企业/上市许可持有人	drug
GYS0005137	天津奥克莱斯生物技术有限公司	生产企业	consumable
GYS0005138	天津妙娅生物科技有限公司	生产企业	consumable
GYS0005139	天津威高分子诊断科技有限公司	生产企业	consumable
GYS0005140	天津安怀信科技有限公司	生产企业	consumable
GYS0005141	天津安怀信进出口有限公司	生产企业	consumable
GYS0005142	天津宏仁堂药业有限公司	生产企业/上市许可持有人	drug
GYS0005143	天津富棽科技有限公司	生产企业	consumable
GYS0005144	天津导丰康科技发展有限公司	生产企业	consumable
GYS0005145	天津尚德齿研科技发展有限公司	生产企业	consumable
GYS0005146	天津市一抹得医疗用品有限公司	生产企业	consumable
GYS0005147	天津市三竹药业科技有限公司	生产企业	consumable
GYS0005148	天津市东方广诚医药化工有限公司	生产企业/上市许可持有人	drug
GYS0005149	天津市中央药业有限公司	生产企业/上市许可持有人	drug
GYS0005150	天津市丽而康义齿有限公司	生产企业	consumable
GYS0005151	天津市亚捷医用卫生材料有限公司	生产企业	consumable
GYS0005152	天津市亚马逊科技发展有限公司	生产企业	consumable
GYS0005153	天津市优然美医疗科技有限公司	生产企业	consumable
GYS0005154	天津市伟信医疗器械有限责任公司	生产企业	consumable
GYS0005155	天津市佳士安医疗器械有限公司	生产企业	consumable
GYS0005156	天津市依依卫生用品股份有限公司	生产企业	consumable
GYS0005157	天津市健生制药有限公司	生产企业	drug
GYS0005158	天津市兴通医疗器械有限公司	生产企业	consumable
GYS0005159	天津市华澳医疗保健有限公司	生产企业	consumable
GYS0005160	天津市协和医药科技集团有限公司	生产企业/上市许可持有人	drug
GYS0005161	天津市卓锐安全防护用品有限公司	生产企业	consumable
GYS0005162	天津市南开区成信医用辅助材料厂	生产企业	consumable
GYS0005163	天津市博丰兴电子技术有限公司	生产企业	consumable
GYS0005164	天津市博奥天盛塑材有限公司	生产企业	consumable
GYS0005165	天津市博爱生物药业有限公司	生产企业/上市许可持有人	drug
GYS0005166	天津市友康医疗卫生用品厂	生产企业	consumable
GYS0005167	天津市双利医疗器械有限责任公司	生产企业	consumable
GYS0005168	天津市合成材料工业研究所有限公司	生产企业	consumable
GYS0005169	天津市同业科技发展有限公司	生产企业	consumable
GYS0005170	天津市固德医疗器械科技有限公司	生产企业	consumable
GYS0005171	天津市固美义齿有限公司	生产企业	consumable
GYS0005172	天津市塑料研究所有限公司	生产企业	consumable
GYS0005173	天津市天健科贸有限公司	生产企业	consumable
GYS0005174	天津市天医医用生物材料研究有限公司	生产企业	consumable
GYS0005175	天津市天医医疗康复器具厂	生产企业	consumable
GYS0005176	天津市天坤光电技术有限公司	生产企业	consumable
GYS0005177	天津市天爱新型医材纺织技术有限公司	生产企业	consumable
GYS0005178	天津市天骄制药有限公司	生产企业/上市许可持有人	drug
GYS0005179	天津市威曼生物材料有限公司	生产企业	consumable
GYS0005180	天津市宇通医疗器械厂（普通合伙）	生产企业	consumable
GYS0005181	天津市山佳医药科技有限公司	生产企业	consumable
GYS0005182	天津市峻川医疗器械有限公司	生产企业	consumable
GYS0005183	天津市康利民医疗器械有限公司	生产企业	consumable
GYS0005184	天津市康华健晔医用材料有限公司	生产企业	consumable
GYS0005185	天津市康宏医疗器械有限公司	生产企业	consumable
GYS0005186	天津市康尔医疗器械有限公司	生产企业	consumable
GYS0005187	天津市康尔煜圣医疗器械有限公司	生产企业	consumable
GYS0005188	天津市康瑞药业有限公司	生产企业/上市许可持有人	drug
GYS0005189	天津市康贝科技有限公司	生产企业	consumable
GYS0005190	天津市康雅迪医疗器械技术开发有限公司	生产企业	consumable
GYS0005191	天津市恒新纸业有限公司	生产企业	consumable
GYS0005192	天津市托福医用原子能科技有限公司	生产企业	consumable
GYS0005193	天津市挚信鸿达医疗器械开发有限公司	生产企业	consumable
GYS0005194	天津市新中医疗器械有限公司	生产企业	consumable
GYS0005195	天津市施络克医疗科技有限公司	生产企业	consumable
GYS0005196	天津市易达恒通科技有限责任公司	生产企业	consumable
GYS0005197	天津市晨洁华美科技发展有限公司	生产企业	consumable
GYS0005198	天津市普瑞仪器有限公司	生产企业	consumable
GYS0005199	天津市景义卫生材料有限公司	生产企业	consumable
GYS0005200	天津市柳叶刀医疗器械有限公司	生产企业	consumable
GYS0005201	天津市标准生物制剂有限公司	生产企业	consumable
GYS0005202	天津市欧歌药业科技有限公司	生产企业	consumable
GYS0005203	天津市欧雅义齿制作有限公司	生产企业	consumable
GYS0005204	天津市正谷医疗器械有限公司	生产企业	consumable
GYS0005205	天津市泰瑞博思医疗器械有限公司	生产企业	consumable
GYS0005206	天津市津东希翼医疗器械厂（普通合伙）	生产企业	consumable
GYS0005207	天津市海林威特医药保健品有限公司	生产企业	consumable
GYS0005208	天津市海诺德工贸有限公司	生产企业	consumable
GYS0005209	天津市瑞擎影像材料有限公司	生产企业	consumable
GYS0005210	天津市瑞达康科技发展有限公司	生产企业	consumable
GYS0005211	天津市盘石纳新医疗器械销售有限公司	生产企业	consumable
GYS0005212	天津市科理经济技术有限公司	生产企业	consumable
GYS0005213	天津市美兰生物科技有限公司	生产企业	consumable
GYS0005214	天津市肾友达医疗设备技术开发有限公司	生产企业	consumable
GYS0005215	天津市舒沥通医疗器械科技有限公司	生产企业	consumable
GYS0005216	天津市蓝航医疗科技有限公司	生产企业	consumable
GYS0005217	天津市赛宁生物工程技术有限公司	生产企业	consumable
GYS0005218	天津市赛盟医疗科技有限公司	生产企业	consumable
GYS0005219	天津市远东医材有限公司	生产企业	consumable
GYS0005220	天津市远航工贸发展有限公司	生产企业	consumable
GYS0005221	天津市逸飞卫生用品有限公司	生产企业	consumable
GYS0005222	天津市金兴达实业有限公司	生产企业	consumable
GYS0005223	天津市金冠贝诺尔科技发展有限公司	生产企业	consumable
GYS0005224	天津市金方针略医疗科技有限公司	生产企业	consumable
GYS0005225	天津市金贵勇胜医疗器械开发有限公司	生产企业	consumable
GYS0005226	天津市金邦尼泰科医疗器械有限公司	生产企业	consumable
GYS0005227	天津市銮兴卫生材料有限公司	生产企业	consumable
GYS0005228	天津市鑫洋医疗器械有限公司	生产企业	consumable
GYS0005229	天津市长亭假肢公司	生产企业	consumable
GYS0005230	天津市阳权医疗器械有限公司	生产企业	consumable
GYS0005231	天津市阿克弗技术发展有限公司	生产企业	consumable
GYS0005232	天津市雅美医疗科技有限公司	生产企业	consumable
GYS0005233	天津市韩东纸业有限公司	生产企业	consumable
GYS0005234	天津市鹰泰利安康医疗科技有限责任公司	生产企业	consumable
GYS0005235	天津市黑松科技发展有限公司	生产企业	consumable
GYS0005236	天津市龙腾卫生用品有限公司	生产企业	consumable
GYS0005237	天津广为嘉业科技有限公司	生产企业	consumable
GYS0005238	天津广大纸业股份有限公司	生产企业	consumable
GYS0005239	天津康乐产业有限公司	生产企业	drug,consumable
GYS0005240	天津康佳医疗器械有限公司	生产企业	consumable
GYS0005241	天津康健医疗器械有限公司	生产企业	consumable
GYS0005242	天津康凝和业商贸有限公司	生产企业	consumable
GYS0005243	天津康尔诺科技有限公司	生产企业	consumable
GYS0005244	天津康盟生物科技发展股份有限公司	生产企业	consumable
GYS0005245	天津康美图云医医疗器械科技有限公司	生产企业	consumable
GYS0005246	天津康鼎源医疗科技有限公司	生产企业	consumable
GYS0005247	天津弘坤元生物科技有限公司	生产企业	consumable
GYS0005248	天津微检生物技术有限公司	生产企业	consumable
GYS0005249	天津德天药业有限公司	生产企业/上市许可持有人	drug
GYS0005250	天津怀仁制药有限公司	生产企业/上市许可持有人	drug
GYS0005251	天津思丹达义齿有限公司	生产企业	consumable
GYS0005252	天津思盛科技有限公司	生产企业	consumable
GYS0005253	天津怡和嘉业医疗科技有限公司	生产企业	consumable
GYS0005254	天津怡然康德生物科技有限公司	生产企业	consumable
GYS0005255	天津怡美医疗器械有限公司	生产企业	consumable
GYS0005256	天津恒宇医疗科技有限公司	生产企业	consumable
GYS0005257	天津恒昌医疗器械有限公司	生产企业	consumable
GYS0005258	天津惠科恩胜医药科技发展有限公司	生产企业	consumable
GYS0005259	天津成加合业商贸有限公司	生产企业	consumable
GYS0005260	天津搏飞科技发展有限公司	生产企业	consumable
GYS0005261	天津新丰制药有限公司	生产企业/上市许可持有人	drug
GYS0005262	天津施特雷生物科技股份有限公司	生产企业	consumable
GYS0005263	天津易美众诚科技有限公司	生产企业	consumable
GYS0005264	天津晗云医疗科技有限公司	生产企业	consumable
GYS0005265	天津普生元医疗科技发展有限公司	生产企业	consumable
GYS0005266	天津晶明新技术开发有限公司	生产企业	consumable
GYS0005267	天津月光石牙科材料有限公司	生产企业	consumable
GYS0005268	天津未名生物医药有限公司	生产企业	drug
GYS0005269	天津杏林白十字医疗卫生材料用品有限公司	生产企业	consumable
GYS0005270	天津杰尼肯医疗器械科技有限公司	生产企业	consumable
GYS0005271	天津松果生物医疗科技有限公司	生产企业	consumable
GYS0005272	天津柏海药业有限责任公司	生产企业/上市许可持有人	drug
GYS0005273	天津梅花生物医药科技有限公司	生产企业/上市许可持有人	drug
GYS0005274	天津欧宝莱医疗器材科技有限公司	生产企业	consumable
GYS0005275	天津欧尔克医药科技有限公司	生产企业	consumable
GYS0005276	天津正丽科技有限公司	生产企业	consumable
GYS0005277	天津正天医疗器械有限公司	生产企业	consumable
GYS0005278	天津武田药品有限公司	生产企业/上市许可持有人	drug
GYS0005279	天津汇康医用设备有限公司	生产企业	consumable
GYS0005280	天津汇森医疗科技有限公司	生产企业	consumable
GYS0005281	天津汉瑞药业有限公司	生产企业/上市许可持有人	drug
GYS0005282	天津沃姆斯医疗器械有限公司	生产企业	consumable
GYS0005283	天津泰士康医疗科技有限公司	生产企业	consumable
GYS0005284	天津泰宝科技发展有限公司	生产企业	consumable
GYS0005285	天津津亚科技发展有限公司	生产企业	consumable
GYS0005286	天津津亦蜀医疗器械有限公司	生产企业	consumable
GYS0005287	天津洪福药业有限公司	生产企业/上市许可持有人	drug
GYS0005288	天津浙伏医疗科技有限公司	生产企业	consumable
GYS0005289	天津海奥斯科技有限公司	生产企业	consumable
GYS0005290	天津海明医疗用品有限公司	生产企业	consumable
GYS0005291	天津海迈医用科技有限公司	生产企业	consumable
GYS0005292	天津润瑛科技发展有限公司	生产企业	consumable
GYS0005293	天津源康龙科技有限公司	生产企业	consumable
GYS0005294	天津灏洋华科生物科技有限公司	生产企业	consumable
GYS0005295	天津爱普力思健康科技有限公司	生产企业	consumable
GYS0005296	天津瑞奇外科器械股份有限公司	生产企业	consumable
GYS0005297	天津瑞尔德源医用生物材料有限公司	生产企业	consumable
GYS0005298	天津瑞驰医疗科技有限公司	生产企业	consumable
GYS0005299	天津瑞鹏医疗器械有限公司	生产企业	consumable
GYS0005300	天津生物化学制药有限公司	生产企业/上市许可持有人	drug
GYS0005301	天津百和至远医疗技术有限公司	生产企业	consumable
GYS0005302	天津百特医疗用品有限公司	生产企业/上市许可持有人	drug
GYS0005303	天津知因生物科技有限公司	生产企业	consumable
GYS0005304	天津石氏医疗器械有限公司	生产企业	consumable
GYS0005305	天津立发医疗用品有限公司	生产企业	consumable
GYS0005306	天津立远医疗科技有限责任公司	生产企业	consumable
GYS0005307	天津索玛科技有限公司	生产企业	consumable
GYS0005308	天津红天医疗器械贸易有限公司	生产企业	consumable
GYS0005309	天津红日健达康医药科技有限公司	生产企业/上市许可持有人	drug
GYS0005310	天津红日药业股份有限公司	生产企业/上市许可持有人	drug
GYS0005311	天津维瓦登泰生物科技有限公司	生产企业	consumable
GYS0005312	天津美丽之约生物科技发展有限公司	生产企业	consumable
GYS0005313	天津美伦医药集团有限公司	生产企业/上市许可持有人	drug
GYS0005314	天津美迪斯医疗用品有限公司	生产企业	consumable
GYS0005315	天津翔越医疗器械有限公司	生产企业	consumable
GYS0005316	天津舒好医用器材技术有限公司	生产企业	consumable
GYS0005317	天津艾森特科技有限公司	生产企业	consumable
GYS0005318	天津英若华科技有限公司	生产企业	consumable
GYS0005319	天津药物研究院药业有限责任公司	生产企业/上市许可持有人	drug
GYS0005320	天津莱皮诺瓦医护用品有限公司	生产企业	consumable
GYS0005321	天津蓝蛇伟业医疗器械有限公司	生产企业	consumable
GYS0005322	天津西图之美医疗器械科技有限公司	生产企业	consumable
GYS0005323	天津视达佳科技有限公司	生产企业	consumable
GYS0005324	天津诺德康生物科技有限公司	生产企业	consumable
GYS0005325	天津贝乐居医用器材贸易有限公司	生产企业	consumable
GYS0005326	天津贝康医疗器械有限公司	生产企业	consumable
GYS0005327	天津赛德生物制药有限公司	生产企业/上市许可持有人	drug
GYS0005328	天津赛诺制药有限公司	生产企业/上市许可持有人	drug
GYS0005329	天津越安医疗科技有限公司	生产企业	consumable
GYS0005330	天津车元医疗科技有限公司	生产企业	consumable
GYS0005331	天津达伟医疗科技有限公司	生产企业	consumable
GYS0005332	天津达雅鼎医疗器械有限公司	生产企业	consumable
GYS0005333	天津迈科思医疗科技发展有限公司	生产企业	consumable
GYS0005334	天津迪吉思锐进出口贸易有限公司	生产企业	consumable
GYS0005335	天津迪玛克医疗器械有限公司	生产企业	consumable
GYS0005336	天津金世制药有限公司	生产企业	drug
GYS0005337	天津金刚生物医药科技有限公司	生产企业	consumable
GYS0005338	天津金匙医学科技有限公司	生产企业	consumable
GYS0005339	天津金耀药业有限公司	生产企业/上市许可持有人	drug
GYS0005340	天津金虹胜利药业有限公司	生产企业/上市许可持有人	drug
GYS0005341	天津长荣健康科技有限公司	生产企业	consumable
GYS0005342	天津顺皓医疗科技有限公司	生产企业	consumable
GYS0005343	天津飞鹰玉川药业有限公司	生产企业/上市许可持有人	drug
GYS0005344	天津骏发森达卫生用品有限公司	生产企业	consumable
GYS0005345	天津高视晶品医疗技术有限公司	生产企业	consumable
GYS0005346	天津高领科技有限公司	生产企业	consumable
GYS0005347	天津鸿宇泰生物科技有限公司	生产企业	consumable
GYS0005348	天津鹏志海格尔医疗科技有限公司	生产企业	consumable
GYS0005349	天津麦可健康医疗科技有限公司	生产企业	consumable
GYS0005350	天津麦格森医疗器械有限公司	生产企业	consumable
GYS0005351	天津麦迪安医疗器械有限公司	生产企业	consumable
GYS0005352	天津黄河生物科技开发有限公司	生产企业	consumable
GYS0005353	天津龙健医疗器械有限公司	生产企业	consumable
GYS0005354	天润阳光（北京）医疗用品有限公司	生产企业	consumable
GYS0005355	天火火天（北京）科贸有限责任公司	生产企业	consumable
GYS0005356	天琪（广东）科技发展有限公司	生产企业	consumable
GYS0005357	天翊微创医疗科技(常州)有限公司	生产企业	consumable
GYS0005358	天臣国际医疗科技股份有限公司	生产企业	consumable
GYS0005359	天舟医疗（苏州）有限公司	生产企业	consumable
GYS0005360	天衍医疗器材有限公司	生产企业	consumable
GYS0005361	天长亿帆制药有限公司	生产企业/上市许可持有人	drug
GYS0005362	天长市天勤医用器材有限公司	生产企业	consumable
GYS0005363	天长市方舟新材料科技有限公司	生产企业	consumable
GYS0005364	天长市永康科技有限公司	生产企业	consumable
GYS0005365	天门兴嘉业堂生物科技有限公司	生产企业	consumable
GYS0005366	天门市夏钢医院	制剂配制单位	preparation
GYS0005367	天门市皮肤病防治所	制剂配制单位	preparation
GYS0005368	天门市皮肤病防治所(天门市侯口社区卫生服务中心)	制剂配制单位	preparation
GYS0005369	天门市第一人民医院	制剂配制单位	preparation
GYS0005370	天门楚安堂药业有限公司	生产企业	consumable
GYS0005371	天马（安徽）国药科技股份有限公司	生产企业	consumable
GYS0005372	太仓市亿高医疗科技有限公司	生产企业	consumable
GYS0005373	太信太德生物医学工程（湖南）有限公司	生产企业	consumable
GYS0005374	太原十亿科技有限公司	生产企业	consumable
GYS0005375	太原原子高科医药有限公司	生产企业	drug
GYS0005376	太原口腔新科技有限公司	生产企业	consumable
GYS0005377	太原大宁堂药业有限公司	生产企业	drug
GYS0005378	太原市丰昇源医疗器械有限公司	生产企业	consumable
GYS0005379	太原市康喜佳义肢矫形有限公司	生产企业	consumable
GYS0005380	太原市康德源医疗用品有限公司	生产企业	consumable
GYS0005381	太原市德奥假肢矫形康复技术产业有限公司	生产企业	consumable
GYS0005382	太原市怀诚医疗器械有限公司	生产企业	consumable
GYS0005383	太原市振兴制药有限责任公司	生产企业/上市许可持有人	drug
GYS0005384	太原市晋杰义齿有限公司	生产企业	consumable
GYS0005385	太原市欧然齿业技术有限公司	生产企业	consumable
GYS0005386	太原市罗塞塔石生物技术有限公司	生产企业	consumable
GYS0005387	太原常信医疗器械有限公司	生产企业	consumable
GYS0005388	太原得劲医疗器械有限公司	生产企业	consumable
GYS0005389	太原梓蕖医疗科技有限公司	生产企业	consumable
GYS0005390	太原梓豪健康产品研究所（有限公司）	生产企业	consumable
GYS0005391	太原派瑞义齿科技有限公司	生产企业	consumable
GYS0005392	太原澳德贝尔科技有限公司	生产企业	consumable
GYS0005393	太原爱乐医疗器械有限公司	生产企业	consumable
GYS0005394	太平洋康泰科学仪器（济南）有限公司	生产企业	consumable
GYS0005395	太康海恩药业有限公司	生产企业/上市许可持有人	drug
GYS0005396	太极集团四川南充制药有限公司	生产企业/上市许可持有人	drug
GYS0005397	太极集团四川天诚制药有限公司	生产企业/上市许可持有人	drug
GYS0005398	太极集团四川太极制药有限公司	生产企业/上市许可持有人	drug
GYS0005399	太极集团四川绵阳制药有限公司	生产企业/上市许可持有人	drug
GYS0005400	太极集团浙江东方制药有限公司	生产企业/上市许可持有人	drug
GYS0005401	太极集团甘肃天水羲皇阿胶有限公司	生产企业	drug
GYS0005402	太极集团重庆中药二厂有限公司	生产企业/上市许可持有人	drug
GYS0005403	太极集团重庆桐君阁药厂有限公司	生产企业/上市许可持有人	drug
GYS0005404	太极集团重庆涪陵制药厂有限公司	生产企业/上市许可持有人	drug
GYS0005405	太湖康恩医疗科技有限责任公司	生产企业	consumable
GYS0005406	太阳升(亳州)生物医药科技有限公司	生产企业/上市许可持有人	drug
GYS0005407	奇则特医疗器械贸易（上海）有限公司	生产企业	consumable
GYS0005408	奎尔丹纳（重庆）医疗科技有限公司	生产企业	consumable
GYS0005409	奥世美医疗科技（江苏）有限公司	生产企业	consumable
GYS0005410	奥乐康（西安）康复辅具有限公司	生产企业	consumable
GYS0005411	奥亿康医疗科技无锡有限公司	生产企业	consumable
GYS0005412	奥克兰医疗科技（四川）有限公司	生产企业	consumable
GYS0005413	奥克兰高分子医用材料（天津）有限公司	生产企业	consumable
GYS0005414	奥托博克（中国）工业有限公司	生产企业	consumable
GYS0005415	奥托博克（中国）工业有限公司北京销售分公司	生产企业	consumable
GYS0005416	奥托博克（中国）工业有限公司武汉分公司	生产企业	consumable
GYS0005417	奥斯奥鹏河北医疗器械销售有限公司	生产企业	consumable
GYS0005418	奥斯泰克医疗器械（苏州）股份有限公司	生产企业	consumable
GYS0005419	奥施德医疗用品(佛山)有限公司	生产企业	consumable
GYS0005420	奥林巴斯贸易（上海）有限公司	生产企业	consumable
GYS0005421	奥派梅森（江苏）医疗科技有限公司	生产企业	consumable
GYS0005422	奥然生物科技(上海)有限公司	生产企业	consumable
GYS0005423	奥精医疗科技股份有限公司	生产企业	consumable
GYS0005424	奥索假肢矫形康复器材（上海）有限公司	生产企业	consumable
GYS0005425	奥维嘉生物科技(重庆)有限公司	生产企业	consumable
GYS0005426	奥维思科（北京）贸易有限公司	生产企业	consumable
GYS0005427	奥美医疗用品股份有限公司	生产企业	consumable
GYS0005428	奥美康医疗科技（深圳）有限公司	生产企业	consumable
GYS0005429	奥迪康（上海）听力技术有限公司	生产企业	consumable
GYS0005430	奥锐特药业股份有限公司	生产企业/上市许可持有人	drug
GYS0005431	奥齿泰（北京）商贸有限公司	生产企业	consumable
GYS0005432	好医生药业集团有限公司	生产企业/上市许可持有人	drug
GYS0005433	好大夫制药有限公司	生产企业/上市许可持有人	drug
GYS0005434	如东盛舒医疗科技有限公司	生产企业	consumable
GYS0005435	如皋市恒康医疗器材有限公司	生产企业	consumable
GYS0005436	如皋市美康义齿制品厂	生产企业	consumable
GYS0005437	如皋市贝康医疗器材有限公司	生产企业	consumable
GYS0005438	始兴县美的连电子科技有限公司	生产企业	consumable
GYS0005439	威世药业(如皋)有限公司	生产企业/上市许可持有人	drug
GYS0005440	威乐士医疗卫生用品（湖北）有限公司	生产企业	consumable
GYS0005441	威尔健（江苏）医疗科技有限公司	生产企业	consumable
GYS0005442	威尔盛（常州）医疗科技有限公司	生产企业	consumable
GYS0005443	威海世创医疗科技有限公司	生产企业	consumable
GYS0005444	威海东舟医疗器械股份有限公司	生产企业	consumable
GYS0005445	威海人生药业有限公司	生产企业/上市许可持有人	drug
GYS0005446	威海众和康复材料股份有限公司	生产企业	consumable
GYS0005447	威海众和科技有限公司	生产企业	consumable
GYS0005448	威海华新药业集团有限公司	生产企业/上市许可持有人	drug
GYS0005449	威海华洋药业有限公司	生产企业/上市许可持有人	drug
GYS0005450	威海华特生物科技有限公司	生产企业	consumable
GYS0005451	威海华诚医疗科技有限公司	生产企业	consumable
GYS0005452	威海华迈医疗器械科技有限公司	生产企业	consumable
GYS0005453	威海和合医疗器械有限公司	生产企业	consumable
GYS0005454	威海多普乐医疗器械有限公司	生产企业	consumable
GYS0005455	威海威创医疗器械有限公司	生产企业	consumable
GYS0005456	威海威博医疗科技有限公司	生产企业	consumable
GYS0005457	威海威尔信医疗器械有限公司	生产企业	consumable
GYS0005458	威海威高医用材料有限公司	生产企业	consumable
GYS0005459	威海威高富森医用材料有限公司	生产企业	consumable
GYS0005460	威海威高汉德医疗科技有限公司	生产企业	consumable
GYS0005461	威海威高洁丽康生物材料有限公司	生产企业	consumable
GYS0005462	威海威高洁盛医疗器材有限公司	生产企业	consumable
GYS0005463	威海威高激光医疗设备股份有限公司	生产企业	consumable
GYS0005464	威海威高生命科技有限公司	生产企业	consumable
GYS0005465	威海威高生物科技有限公司	生产企业	consumable
GYS0005466	威海威高益康护理用品有限公司	生产企业	consumable
GYS0005467	威海威高采血耗材有限公司	生产企业	consumable
GYS0005468	威海市升昕科技服务有限公司	生产企业	consumable
GYS0005469	威海市唯工精美义齿加工有限公司	生产企业	consumable
GYS0005470	威海市宇华医疗器械有限公司	生产企业	consumable
GYS0005471	威海市康鸿医疗器械有限公司	生产企业	consumable
GYS0005472	威海康州生物工程有限公司	生产企业	consumable
GYS0005473	威海康正医疗器械科技有限公司	生产企业	consumable
GYS0005474	威海康诺医疗器械有限公司	生产企业	consumable
GYS0005475	威海德瑞泰医疗器械有限公司	生产企业	consumable
GYS0005476	威海新容医用设备有限公司	生产企业	consumable
GYS0005477	威海明翔医疗器械有限公司	生产企业	consumable
GYS0005478	威海木森医疗科技有限公司	生产企业	consumable
GYS0005479	威海柯凡医疗器械科技有限公司	生产企业	consumable
GYS0005480	威海柯西医疗科技有限公司	生产企业	consumable
GYS0005481	威海泰瑞医疗器械有限公司	生产企业	consumable
GYS0005482	威海洁瑞医用制品有限公司	生产企业	consumable
GYS0005483	威海洁龙医疗科技有限公司	生产企业	consumable
GYS0005484	威海浩瑞医疗器械有限公司	生产企业	consumable
GYS0005485	威海海格瑞医疗器械有限公司	生产企业	consumable
GYS0005486	威海海鹤医疗科技有限公司	生产企业	consumable
GYS0005487	威海瀚洁医疗器械有限责任公司	生产企业	consumable
GYS0005488	威海百盈医疗科技有限公司	生产企业	consumable
GYS0005489	威海盛洁医疗科技有限公司	生产企业	consumable
GYS0005490	威海福威医疗科技有限公司	生产企业	consumable
GYS0005491	威海禾木吉瑞生物科技有限公司	生产企业	consumable
GYS0005492	威海维心医疗设备有限公司	生产企业	consumable
GYS0005493	威海美迪森医疗器械股份有限公司	生产企业	consumable
GYS0005494	威海翼美医用材料有限公司	生产企业	consumable
GYS0005495	威海联桥新材料科技股份有限公司	生产企业	consumable
GYS0005496	威海联生医疗器械有限公司	生产企业	consumable
GYS0005497	威海腾海医疗科技有限公司	生产企业	consumable
GYS0005498	威海西施康生物工程有限公司	生产企业	consumable
GYS0005499	威海诺达药业集团有限公司	生产企业	drug
GYS0005500	威海赛威医疗科技有限公司	生产企业	consumable
GYS0005501	威海赛洛金药业有限公司	生产企业/上市许可持有人	drug
GYS0005502	威海路坦制药有限公司	生产企业/上市许可持有人	drug
GYS0005503	威海达诚医疗器械科技有限公司	生产企业	consumable
GYS0005504	威海迪尚医疗科技有限公司	生产企业	consumable
GYS0005505	威海金颐阳药业有限公司	生产企业	drug
GYS0005506	威海鸿宇医疗器械有限公司	生产企业	consumable
GYS0005507	威海鸿宇无纺布制品有限公司	生产企业	consumable
GYS0005508	威策利（江苏）贸易有限公司	生产企业	consumable
GYS0005509	威脉清通医疗科技（无锡）有限公司	生产企业	consumable
GYS0005510	威铠诺（重庆）科技有限公司	生产企业	consumable
GYS0005511	威驰玛商贸（北京）有限公司	生产企业	consumable
GYS0005512	威高泰尔茂(威海)医疗制品有限公司	生产企业/上市许可持有人	drug
GYS0005513	威高泰尔茂（威海）医疗制品有限公司	生产企业	consumable
GYS0005514	威高集团有限公司	生产企业	consumable
GYS0005515	子钦医疗器械（重庆）股份有限公司	生产企业	consumable
GYS0005516	孔圣堂(唐山)制药有限公司	生产企业/上市许可持有人	drug
GYS0005517	孚泽（成都）科技有限公司	生产企业	consumable
GYS0005518	孛朗孚（杭州）生物科技有限公司	生产企业	consumable
GYS0005519	孝感奥华医疗科技有限公司	生产企业	consumable
GYS0005520	孝感宏翔生物医械技术有限公司	生产企业	consumable
GYS0005521	孝感市亚光医用电子技术有限公司	生产企业	consumable
GYS0005522	孝感市康复医院	制剂配制单位	preparation
GYS0005523	孝感市恒德假肢矫形医疗器械有限公司	生产企业	consumable
GYS0005524	孝感福尔康医疗器材有限公司	生产企业	consumable
GYS0005525	宁国市吴越医药科技有限公司	生产企业	consumable
GYS0005526	宁夏丹特义齿科技开发有限公司	生产企业	consumable
GYS0005527	宁夏优尼科医疗科技有限公司	生产企业	consumable
GYS0005528	宁夏佑安医疗器械有限公司	生产企业	consumable
GYS0005529	宁夏凤仪堂生物医药有限公司	生产企业	consumable
GYS0005530	宁夏启元国药有限公司	生产企业/上市许可持有人	drug
GYS0005531	宁夏妙朗生物科技有限公司	生产企业	consumable
GYS0005532	宁夏尚艾医疗科技有限公司	生产企业	consumable
GYS0005533	宁夏康亚药业股份有限公司	生产企业/上市许可持有人	drug
GYS0005534	宁夏沃美达生物医药科技有限公司	生产企业	consumable
GYS0005535	宁夏泉水药业有限公司	生产企业	drug,consumable
GYS0005536	宁夏洲洋制药有限公司	生产企业/上市许可持有人	drug
GYS0005537	宁夏派瑞义齿科技有限公司	生产企业	consumable
GYS0005538	宁夏紫荆花制药有限公司	生产企业/上市许可持有人	drug
GYS0005539	宁夏纳体科医用材料有限公司	生产企业	consumable
GYS0005540	宁夏赛创医疗科技有限公司	生产企业	consumable
GYS0005541	宁夏金太阳药业有限公司	生产企业/上市许可持有人	drug
GYS0005542	宁夏雅鑫义齿制造有限公司	生产企业	consumable
GYS0005543	宁德市活动翼医疗器械有限公司	生产企业	consumable
GYS0005544	宁德市活动翼生物科技有限公司	生产企业	consumable
GYS0005545	宁德市益群义齿制作有限公司	生产企业	consumable
GYS0005546	宁志生物制药（吉林）有限公司	生产企业	consumable
GYS0005547	宁晋县润博达医疗防护用品有限公司	生产企业	consumable
GYS0005548	宁波一网信息技术有限公司	生产企业	consumable
GYS0005549	宁波三平医疗科技有限公司	生产企业	consumable
GYS0005550	宁波中液流体动力技术有限公司	生产企业	consumable
GYS0005551	宁波乂帮医疗器械有限公司	生产企业	consumable
GYS0005552	宁波乾富医疗科技有限公司	生产企业	consumable
GYS0005553	宁波五洲医疗器械有限公司	生产企业	consumable
GYS0005554	宁波京慈生物技术有限公司	生产企业	consumable
GYS0005555	宁波人健药业集团股份有限公司	生产企业/上市许可持有人	drug
GYS0005556	宁波人和义齿有限公司	生产企业	consumable
GYS0005557	宁波优美义齿研发有限公司	生产企业	consumable
GYS0005558	宁波健卫药业有限公司	生产企业/上市许可持有人	drug
GYS0005559	宁波傲美医疗科技有限公司	生产企业	consumable
GYS0005560	宁波兆盈医疗器械有限公司	生产企业	consumable
GYS0005561	宁波光远致信生物科技有限公司	生产企业	consumable
GYS0005562	宁波冠瑞医疗器械有限公司	生产企业	consumable
GYS0005563	宁波凯美特医疗用品有限公司	生产企业	consumable
GYS0005564	宁波北仑乐工仪表有限公司	生产企业	consumable
GYS0005565	宁波医用缝针有限公司	生产企业	consumable
GYS0005566	宁波华坤医疗器械有限公司	生产企业	consumable
GYS0005567	宁波华成药棉有限公司	生产企业	consumable
GYS0005568	宁波华欣医疗器械有限公司	生产企业	consumable
GYS0005569	宁波华生医疗医疗器械有限公司	生产企业	consumable
GYS0005570	宁波华科润生物科技有限公司	生产企业	consumable
GYS0005571	宁波华莱斯医疗器械有限公司	生产企业	consumable
GYS0005572	宁波卓仑医药科技有限公司	生产企业/上市许可持有人	drug
GYS0005573	宁波卓洋医疗器械科技有限公司	生产企业	consumable
GYS0005574	宁波博列医疗设备有限公司	生产企业	consumable
GYS0005575	宁波博雅医疗器械有限公司	生产企业	consumable
GYS0005576	宁波双伟制药有限公司	生产企业/上市许可持有人	drug
GYS0005577	宁波双成药业有限公司	生产企业/上市许可持有人	drug
GYS0005578	宁波吉丽医疗器械有限公司	生产企业	consumable
GYS0005579	宁波吉瑞陶瓷技术有限公司	生产企业	consumable
GYS0005580	宁波君安药业科技有限公司	生产企业/上市许可持有人	drug
GYS0005581	宁波启康医疗科技有限公司	生产企业	consumable
GYS0005582	宁波和平鸽口腔医疗器材有限公司	生产企业	consumable
GYS0005583	宁波嘉能医疗器械有限公司	生产企业	consumable
GYS0005584	宁波圣宇瑞医疗器械有限公司	生产企业	consumable
GYS0005585	宁波大世生命科技有限公司	生产企业	consumable,ivd
GYS0005586	宁波大昌药业有限公司	生产企业/上市许可持有人	drug
GYS0005587	宁波大红鹰药业股份有限公司	生产企业/上市许可持有人	drug
GYS0005588	宁波天康生物科技有限公司	生产企业	consumable
GYS0005589	宁波天益医疗器械股份有限公司	生产企业	consumable
GYS0005590	宁波孚萌医疗科技有限公司	生产企业	consumable
GYS0005591	宁波宇鑫医疗器械有限公司	生产企业	consumable
GYS0005592	宁波安影医疗科技有限公司	生产企业	consumable
GYS0005593	宁波安迈医疗器械有限公司	生产企业	consumable
GYS0005594	宁波宏搏高科医疗器械有限公司	生产企业	consumable
GYS0005595	宁波宝亭生物科技有限公司	生产企业	consumable
GYS0005596	宁波尚善医疗科技有限公司	生产企业	consumable
GYS0005597	宁波市三禾医疗器械有限公司	生产企业	consumable
GYS0005598	宁波市健达医疗科技有限公司	生产企业	consumable
GYS0005599	宁波市康家乐医疗器械有限公司	生产企业	consumable
GYS0005600	宁波市成和显微器械厂	生产企业	consumable
GYS0005601	宁波市新致美义齿有限公司	生产企业	consumable
GYS0005602	宁波市海天实业有限公司	生产企业	consumable
GYS0005603	宁波市海曙兴达医药保健品厂	生产企业	consumable
GYS0005604	宁波市海曙医疗用品厂	生产企业	consumable
GYS0005605	宁波市海曙唯特义齿厂	生产企业	consumable
GYS0005606	宁波市海曙普登医疗器械厂	生产企业	consumable
GYS0005607	宁波市海曙格兰义齿制品厂	生产企业	consumable
GYS0005608	宁波市海曙诺野医疗器械有限公司	生产企业	consumable
GYS0005609	宁波市海曙长城卫生材料厂	生产企业	consumable
GYS0005610	宁波市爱达维电器有限公司	生产企业	consumable
GYS0005611	宁波市美科劳义齿研发有限公司	生产企业	consumable
GYS0005612	宁波市舜业医疗器材有限公司	生产企业	consumable
GYS0005613	宁波市诚德医疗科技有限公司	生产企业	consumable
GYS0005614	宁波市鄞州伟申医疗器械厂	生产企业	consumable
GYS0005615	宁波市鄞州维尔达义齿制品厂（普通合伙）	生产企业	consumable
GYS0005616	宁波市青源生物科技有限公司	生产企业	consumable
GYS0005617	宁波帆得齿科技术有限公司	生产企业	consumable
GYS0005618	宁波康信假肢矫形中心	生产企业	consumable
GYS0005619	宁波康和生物科技有限公司	生产企业	ivd
GYS0005620	宁波康品成医疗器械有限公司	生产企业	consumable
GYS0005621	宁波康宏医疗器械有限公司	生产企业	consumable
GYS0005622	宁波康泽医疗器械有限公司	生产企业	consumable
GYS0005623	宁波康顺欣医疗器械有限公司	生产企业	consumable
GYS0005624	宁波德康齿业科技有限公司	生产企业	consumable
GYS0005625	宁波恒达医疗器械有限公司	生产企业	consumable
GYS0005626	宁波恒驰医疗科技有限公司	生产企业	consumable
GYS0005627	宁波慈北医疗器械有限公司	生产企业	consumable
GYS0005628	宁波戴维医疗器械股份有限公司	生产企业	consumable
GYS0005629	宁波拓扑医疗器械有限公司	生产企业	consumable
GYS0005630	宁波振昶医疗器械有限公司	生产企业	consumable
GYS0005631	宁波文迪医疗器械有限公司	生产企业	consumable
GYS0005632	宁波新晶美医疗器械有限公司	生产企业	consumable
GYS0005633	宁波新跃医疗科技股份有限公司	生产企业	consumable
GYS0005634	宁波智光机电科技有限公司	生产企业	consumable
GYS0005635	宁波朗越医疗器械有限公司	生产企业	consumable
GYS0005636	宁波杜比医疗科技有限公司	生产企业	consumable
GYS0005637	宁波杰尼斯高分子科技有限公司	生产企业	consumable
GYS0005638	宁波极航医疗器械有限公司	生产企业	consumable
GYS0005639	宁波桐楠医疗科技有限公司	生产企业	consumable
GYS0005640	宁波汇峰嘉福医疗用品有限公司	生产企业	consumable
GYS0005641	宁波汉博国际贸易有限公司	生产企业	consumable
GYS0005642	宁波汉科医疗器械有限公司	生产企业	consumable
GYS0005643	宁波江北瑞晶医疗器械有限公司	生产企业	consumable
GYS0005644	宁波海士康医疗科技有限公司	生产企业	consumable
GYS0005645	宁波海泰科迈医疗器械有限公司	生产企业	consumable
GYS0005646	宁波白玉兰医疗器械有限公司	生产企业	consumable
GYS0005647	宁波百通医疗科技有限公司	生产企业	consumable
GYS0005648	宁波益诺生智能制造有限公司	生产企业	consumable
GYS0005649	宁波神恩医疗科技有限公司	生产企业	consumable
GYS0005650	宁波科尔康美诺华药业有限公司	生产企业/上市许可持有人	drug
GYS0005651	宁波立华制药有限公司	生产企业/上市许可持有人	drug
GYS0005652	宁波精博康复辅具有限公司	生产企业	consumable
GYS0005653	宁波纳新医疗科技有限公司	生产企业	consumable
GYS0005654	宁波纽立德织造有限公司	生产企业	consumable
GYS0005655	宁波维尔凯迪医疗器械有限公司	生产企业	consumable
GYS0005656	宁波美格真医疗器械有限公司	生产企业	consumable
GYS0005657	宁波美生医疗器材有限公司	生产企业	consumable
GYS0005658	宁波美舒医药科技有限公司	生产企业/上市许可持有人	drug
GYS0005659	宁波美诺华天康药业有限公司	生产企业/上市许可持有人	drug
GYS0005660	宁波翼龙医疗设备有限公司	生产企业	consumable
GYS0005661	宁波胜杰康生物科技有限公司	生产企业	consumable
GYS0005662	宁波舜宇仪器有限公司	生产企业	consumable
GYS0005663	宁波莱森贝尔医疗器械有限公司	生产企业	consumable
GYS0005664	宁波莱特铭邦医疗科技有限公司	生产企业	consumable
GYS0005665	宁波菲拉尔医疗用品有限公司	生产企业	consumable
GYS0005666	宁波菲特医疗器械有限公司	生产企业	consumable
GYS0005667	宁波蓝柏医疗器械有限公司	生产企业	consumable
GYS0005668	宁波蓝野医疗器械有限公司	生产企业	consumable
GYS0005669	宁波言午医疗科技有限公司	生产企业	consumable
GYS0005670	宁波诺尔医疗器械有限公司	生产企业	consumable
GYS0005671	宁波诺艾尔医疗科技有限公司	生产企业	consumable
GYS0005672	宁波贝斯美德医用器械有限公司	生产企业	consumable
GYS0005673	宁波贝格医疗器械有限公司	生产企业	consumable
GYS0005674	宁波路加医疗器械有限公司	生产企业	consumable
GYS0005675	宁波迈达医疗仪器有限公司	生产企业	consumable
GYS0005676	宁波郁禾医疗科技有限公司	生产企业	consumable
GYS0005677	宁波锦旭医疗器械有限公司	生产企业	consumable
GYS0005678	宁波锦鲤医疗科技有限公司	生产企业	consumable
GYS0005679	宁波闰脉医疗科技有限公司	生产企业	consumable
GYS0005680	宁波韦科医疗科技有限公司	生产企业	consumable
GYS0005681	宁波韵峰医疗器械有限公司	生产企业	consumable
GYS0005682	宁波骏马医用器械有限公司	生产企业	consumable
GYS0005683	宁波齿歌医疗器械有限公司	生产企业	consumable
GYS0005684	宁津县金洋医用材料厂	生产企业	consumable
GYS0005685	宁海博业医疗器械有限公司	生产企业	consumable
GYS0005686	宁海县宝生齿业用品厂	生产企业	consumable
GYS0005687	宇妥藏药股份有限公司	生产企业/上市许可持有人	drug
GYS0005688	安丘市佳乐医疗器械有限公司	生产企业	consumable
GYS0005689	安丘市鲁安药业有限责任公司	生产企业/上市许可持有人	drug
GYS0005690	安业堂药业（山东）有限公司	生产企业	consumable
GYS0005691	安保（厦门）医疗器械有限公司	生产企业	consumable
GYS0005692	安保（厦门）贸易有限公司	生产企业	consumable
GYS0005693	安信生物科技有限公司	生产企业	consumable
GYS0005694	安信纳米生物科技（珠海）有限公司	生产企业	consumable
GYS0005695	安其生医疗科技（徐州）有限公司	生产企业	consumable
GYS0005696	安卓（北京）卫生材料有限公司	生产企业	consumable
GYS0005697	安博泰克药业有限公司	生产企业/上市许可持有人	drug
GYS0005698	安吉万德医疗用品有限公司	生产企业	consumable
GYS0005699	安吉中宏医疗用品有限公司	生产企业	consumable
GYS0005700	安吉利得森医疗器械有限公司	生产企业	consumable
GYS0005701	安吉县精诚医用绷带厂	生产企业	consumable
GYS0005702	安吉县阳光医药用品有限责任公司	生产企业	consumable
GYS0005703	安吉吉祥医疗用品有限公司	生产企业	consumable
GYS0005704	安吉天子湖宇欣医疗器材厂	生产企业	consumable
GYS0005705	安吉好嘉医疗器械有限公司	生产企业	consumable
GYS0005706	安吉宏德医疗用品有限公司	生产企业	consumable
GYS0005707	安吉恒丰卫生材料有限公司	生产企业	consumable
GYS0005708	安吉恒泰卫生材料厂	生产企业	consumable
GYS0005709	安吉特（天津）科技有限公司	生产企业	consumable
GYS0005710	安吉益康卫生材料厂	生产企业	consumable
GYS0005711	安吉诚信织带厂	生产企业	consumable
GYS0005712	安吉远东卫生材料有限公司	生产企业	consumable
GYS0005713	安国亚东生物制药有限公司	生产企业/上市许可持有人	drug
GYS0005714	安国市天下康制药有限公司	生产企业	drug
GYS0005715	安圣医药科技(武汉)有限公司	生产企业/上市许可持有人	drug
GYS0005716	安堡罗实业（上海）有限公司	生产企业	consumable
GYS0005717	安士制药(中山)有限公司	生产企业/上市许可持有人	drug
GYS0005718	安士医疗集团有限公司	生产企业	consumable
GYS0005719	安平县世恒医疗器械有限公司	生产企业	consumable
GYS0005720	安平县中鼎医疗器械有限公司	生产企业	consumable
GYS0005721	安平县乐康医疗器械有限公司	生产企业	consumable
GYS0005722	安平县亿康医疗器械有限公司	生产企业	consumable
GYS0005723	安平县仁泰医疗器械有限公司	生产企业	consumable
GYS0005724	安平县仁誉医疗器械有限公司	生产企业	consumable
GYS0005725	安平县众之康医疗器械有限公司	生产企业	consumable
GYS0005726	安平县冀康医疗器械厂	生产企业	consumable
GYS0005727	安平县医疗器械厂	生产企业	consumable
GYS0005728	安平县博鑫医疗器械贸易有限公司	生产企业	consumable
GYS0005729	安平县双健医疗器械有限公司	生产企业	consumable
GYS0005730	安平县嘉德医疗器械有限公司	生产企业	consumable
GYS0005731	安平县天易达医疗器材有限公司	生产企业	consumable
GYS0005732	安平县如源医疗器械有限公司	生产企业	consumable
GYS0005733	安平县安福医疗器械厂	生产企业	consumable
GYS0005734	安平县康健医疗器械有限公司	生产企业	consumable
GYS0005735	安平县康兴医疗器械有限公司	生产企业	consumable
GYS0005736	安平县康利医疗器械有限公司	生产企业	consumable
GYS0005737	安平县康博医疗器械有限公司	生产企业	consumable
GYS0005738	安平县康奇医疗器械制品厂	生产企业	consumable
GYS0005739	安平县康得医疗器械厂	生产企业	consumable
GYS0005740	安平县康泉医疗器械有限公司	生产企业	consumable
GYS0005741	安平县康泰医疗器械厂	生产企业	consumable
GYS0005742	安平县康玖医疗器材有限公司	生产企业	consumable
GYS0005743	安平县康硕医疗器械有限公司	生产企业	consumable
GYS0005744	安平县康诚医疗器械厂	生产企业	consumable
GYS0005745	安平县康诺医疗器械有限公司	生产企业	consumable
GYS0005746	安平县康通医疗器械厂	生产企业	consumable
GYS0005747	安平县惠泽医疗器械有限公司	生产企业	consumable
GYS0005748	安平县新政医疗用品厂	生产企业	consumable
GYS0005749	安平县昌泰医疗器械厂	生产企业	consumable
GYS0005750	安平县明沃医疗器械有限公司	生产企业	consumable
GYS0005751	安平县星禾医疗器械有限公司	生产企业	consumable
GYS0005752	安平县有康医疗器械有限公司	生产企业	consumable
GYS0005753	安平县极速医疗器械有限公司	生产企业	consumable
GYS0005754	安平县永康医疗器械厂	生产企业	consumable
GYS0005755	安平县沃康医疗器械有限公司	生产企业	consumable
GYS0005756	安平县河漕医疗器械厂	生产企业	consumable
GYS0005757	安平县泽康医疗器械有限公司	生产企业	consumable
GYS0005758	安平县美森医疗器械有限公司	生产企业	consumable
GYS0005759	安平县航泰金属制品有限公司	生产企业	consumable
GYS0005760	安平县鑫伟医疗用品有限公司	生产企业	consumable
GYS0005761	安平县锦庆医疗器械有限公司	生产企业	consumable
GYS0005762	安平县飞宇医疗器械有限公司	生产企业	consumable
GYS0005763	安平县鸿吉医疗器械有限公司	生产企业	consumable
GYS0005764	安平县鸿鑫康医疗器械厂	生产企业	consumable
GYS0005765	安平县鹏佳医疗器械有限公司	生产企业	consumable
GYS0005766	安平县鼎正医疗器械有限公司	生产企业	consumable
GYS0005767	安庆回音必制药股份有限公司	生产企业/上市许可持有人	drug
GYS0005768	安庆宏峰医疗科技有限公司	生产企业	consumable
GYS0005769	安庆市微笑义齿加工有限责任公司	生产企业	consumable
GYS0005770	安庆科田医疗科技有限公司	生产企业	consumable
GYS0005771	安康北医大制药股份有限公司	生产企业	drug
GYS0005772	安康正大制药有限公司	生产企业/上市许可持有人	drug
GYS0005773	安康祥泰鑫丰源医疗器械科技有限公司	生产企业	consumable
GYS0005774	安康金格丽医疗科技有限公司	生产企业	consumable
GYS0005775	安徽万森制药有限公司	生产企业/上市许可持有人	drug
GYS0005776	安徽万维医疗科技有限公司	生产企业	consumable
GYS0005777	安徽三狄生物技术有限公司	生产企业	consumable
GYS0005778	安徽上医医学科技有限公司	生产企业	consumable
GYS0005779	安徽东方美颜药业有限公司	生产企业	consumable
GYS0005780	安徽东盛友邦制药有限公司	生产企业/上市许可持有人	drug
GYS0005781	安徽中健三维科技有限公司	生产企业	consumable
GYS0005782	安徽中祥义齿有限公司	生产企业	consumable
GYS0005783	安徽中荣医疗器械有限公司	生产企业	consumable
GYS0005784	安徽丰原药业股份有限公司	生产企业/上市许可持有人	drug
GYS0005785	安徽丰原药业股份有限公司淮海药厂	生产企业/上市许可持有人	drug
GYS0005786	安徽为民制药有限公司	生产企业	drug
GYS0005787	安徽为臻生物工程技术有限公司	生产企业	consumable
GYS0005788	安徽乐康卫生材料有限公司	生产企业	consumable
GYS0005789	安徽乐然堂药业有限公司	生产企业/上市许可持有人	drug
GYS0005790	安徽九华华源药业有限公司	生产企业	drug
GYS0005791	安徽九方制药有限公司	生产企业/上市许可持有人	drug
GYS0005792	安徽九洲方圆制药有限公司	生产企业/上市许可持有人	drug
GYS0005793	安徽云禾药业有限公司	生产企业	consumable
GYS0005794	安徽亚钛义齿科技有限公司	生产企业	consumable
GYS0005795	安徽京环医疗用品有限公司	生产企业	consumable
GYS0005796	安徽亿美达医药有限公司	生产企业	consumable
GYS0005797	安徽仁和药业有限公司	生产企业/上市许可持有人	drug
GYS0005798	安徽众康药业有限公司	生产企业	consumable
GYS0005799	安徽信灵检验医学科技股份有限公司	生产企业	consumable
GYS0005800	安徽健邦宏扬医疗科技有限公司	生产企业	consumable
GYS0005801	安徽克瑞迪医疗科技有限公司	生产企业	consumable
GYS0005802	安徽克菱保健科技有限公司	生产企业	consumable
GYS0005803	安徽兰飞药业有限公司	生产企业	consumable
GYS0005804	安徽凤阳科苑药业有限公司	生产企业/上市许可持有人	drug
GYS0005805	安徽创孚医疗科技有限公司	生产企业	consumable
GYS0005806	安徽力松医疗科技有限公司	生产企业	consumable
GYS0005807	安徽勤茂医疗器械有限公司	生产企业	consumable
GYS0005808	安徽医创联医疗科技有限公司	生产企业	consumable
GYS0005809	安徽华培生物科技有限公司	生产企业	consumable
GYS0005810	安徽华尔康药业有限公司	生产企业/上市许可持有人	drug
GYS0005811	安徽华康药业有限公司	生产企业	consumable
GYS0005812	安徽华润金蟾药业有限公司	生产企业/上市许可持有人	drug
GYS0005813	安徽华润金蟾药业股份有限公司	生产企业/上市许可持有人	drug
GYS0005814	安徽华赛防护用品科技有限公司	生产企业	consumable
GYS0005815	安徽华辰制药有限公司	生产企业/上市许可持有人	drug
GYS0005816	安徽协和成制药有限公司	生产企业/上市许可持有人	drug
GYS0005817	安徽博诺美科生物医药有限公司	生产企业/上市许可持有人	drug
GYS0005818	安徽叁弘医疗器械科技有限公司	生产企业	consumable
GYS0005819	安徽双鹤药业有限责任公司	生产企业/上市许可持有人	drug
GYS0005820	安徽可赛克医疗器械有限公司	生产企业	consumable
GYS0005821	安徽同泰药业有限公司	生产企业/上市许可持有人	drug
GYS0005822	安徽同科生物科技有限公司	生产企业	consumable
GYS0005823	安徽哲赫医疗科技控股有限公司	生产企业	consumable
GYS0005824	安徽嘉颍医疗器械有限公司	生产企业	consumable
GYS0005825	安徽四环科宝制药有限公司	生产企业/上市许可持有人	drug
GYS0005826	安徽国创药业有限公司	生产企业	drug
GYS0005827	安徽国森药业有限公司	生产企业/上市许可持有人	drug
GYS0005828	安徽国正药业股份有限公司	生产企业/上市许可持有人	drug
GYS0005829	安徽国泰国瑞医疗科技有限公司	生产企业	consumable
GYS0005830	安徽圣飞洋医疗器械有限公司	生产企业	consumable
GYS0005831	安徽圣飞洋医疗科技有限公司	生产企业	consumable
GYS0005832	安徽圣鹰药业有限公司	生产企业/上市许可持有人	drug
GYS0005833	安徽城市药业股份有限公司	生产企业/上市许可持有人	drug
GYS0005834	安徽墨药制药股份有限公司	生产企业/上市许可持有人	drug
GYS0005835	安徽大千生物工程有限公司	生产企业	consumable
GYS0005836	安徽大江医疗用品有限责任公司	生产企业	consumable
GYS0005837	安徽天康医疗科技股份有限公司	生产企业	consumable
GYS0005838	安徽天智航医疗科技有限公司	生产企业	consumable
GYS0005839	安徽天泽医疗器械有限责任公司	生产企业	consumable
GYS0005840	安徽天洋药业有限公司	生产企业/上市许可持有人	drug,consumable
GYS0005841	安徽天耘医疗器械有限公司	生产企业	consumable
GYS0005842	安徽太乙卫生科技有限公司	生产企业	consumable
GYS0005843	安徽奇乃尔医疗科技有限公司	生产企业	consumable
GYS0005844	安徽奥弗医疗设备科技股份有限公司	生产企业	consumable
GYS0005845	安徽妙修堂药业有限公司	生产企业	consumable
GYS0005846	安徽威尔曼制药有限公司	生产企业/上市许可持有人	drug
GYS0005847	安徽宇度生物科技有限责任公司	生产企业	consumable
GYS0005848	安徽安康卫生材料有限公司	生产企业	consumable
GYS0005849	安徽安科余良卿药业有限公司	生产企业/上市许可持有人	drug,consumable
GYS0005850	安徽安科恒益药业有限公司	生产企业/上市许可持有人	drug
GYS0005851	安徽安科生物工程(集团)股份有限公司	生产企业/上市许可持有人	drug
GYS0005852	安徽安维特医疗器械有限公司	生产企业	consumable
GYS0005853	安徽安迪科药业有限公司	生产企业	drug
GYS0005854	安徽宏业药业有限公司	生产企业/上市许可持有人	drug
GYS0005855	安徽宏信药业发展有限公司	生产企业/上市许可持有人	drug
GYS0005856	安徽宏宇五洲医疗器械股份有限公司	生产企业	consumable
GYS0005857	安徽宜美健医疗用品有限公司	生产企业	consumable
GYS0005858	安徽宝印堂医药科技有限公司	生产企业	consumable
GYS0005859	安徽宸晟医疗器械有限公司	生产企业	consumable
GYS0005860	安徽宸瑞医药包装有限公司	生产企业	consumable
GYS0005861	安徽富美医疗科技有限公司	生产企业	consumable
GYS0005862	安徽富赢医疗科技有限公司	生产企业	consumable
GYS0005863	安徽富邦药业有限公司	生产企业/上市许可持有人	drug,consumable
GYS0005864	安徽尚亿医疗用品有限公司	生产企业	consumable
GYS0005865	安徽幸业医药科技有限公司	生产企业	consumable
GYS0005866	安徽广亮医疗器械有限公司	生产企业	consumable
GYS0005867	安徽库派医疗科技有限公司	生产企业	consumable
GYS0005868	安徽康弘医疗器械股份有限公司	生产企业	consumable
GYS0005869	安徽康昕医疗器械有限公司	生产企业	consumable
GYS0005870	安徽康普医疗科技有限公司	生产企业	consumable
GYS0005871	安徽康泰医疗器具有限公司	生产企业	consumable
GYS0005872	安徽康源药械有限公司	生产企业	consumable
GYS0005873	安徽康达智能科技有限公司	生产企业	consumable
GYS0005874	安徽延寿堂药业有限公司	生产企业/上市许可持有人	drug
GYS0005875	安徽弘济生物技术有限公司	生产企业	consumable
GYS0005876	安徽弘顶医疗器材有限公司	生产企业	consumable
GYS0005877	安徽张恒春药业股份有限公司	生产企业/上市许可持有人	drug
GYS0005878	安徽彝祖世家药业有限公司	生产企业	consumable
GYS0005879	安徽徕康医疗器械有限公司	生产企业	consumable
GYS0005880	安徽得邦激光技术有限公司	生产企业	consumable
GYS0005881	安徽德川医疗器械有限公司	生产企业	consumable
GYS0005882	安徽德莱康生物医疗科技有限公司	生产企业	consumable
GYS0005883	安徽徽科生物工程技术有限公司	生产企业	consumable
GYS0005884	安徽恒星制药有限公司	生产企业/上市许可持有人	drug
GYS0005885	安徽恒益莱生物科技有限公司	生产企业	consumable
GYS0005886	安徽恩康济医疗器械有限公司	生产企业	consumable
GYS0005887	安徽悦博生物制药有限公司	生产企业/上市许可持有人	drug
GYS0005888	安徽惠佰医疗科技有限公司	生产企业	consumable
GYS0005889	安徽惠泽国医堂中医康复有限公司	生产企业	consumable
GYS0005890	安徽承庆堂国药股份有限公司	生产企业	consumable
GYS0005891	安徽掌云生物科技有限公司	生产企业	consumable
GYS0005892	安徽探索医疗器械科技有限公司	生产企业	consumable
GYS0005893	安徽擎宇药业有限公司	生产企业	consumable
GYS0005894	安徽新世纪药业有限公司	生产企业/上市许可持有人	drug
GYS0005895	安徽新采生物医药科技有限公司	生产企业	consumable
GYS0005896	安徽方达药械股份有限公司	生产企业	consumable
GYS0005897	安徽明辰医疗科技有限公司	生产企业	consumable
GYS0005898	安徽易康达光电科技有限公司	生产企业	consumable
GYS0005899	安徽易硕医学科技有限公司	生产企业	consumable
GYS0005900	安徽晓亮防护用品有限公司	生产企业	consumable
GYS0005901	安徽普林格尔医疗科技有限公司	生产企业	consumable
GYS0005902	安徽景跃医疗器械有限公司	生产企业	consumable
GYS0005903	安徽智飞龙科马生物制药有限公司	生产企业/上市许可持有人	drug
GYS0005904	安徽杰玺医药有限公司	生产企业/上市许可持有人	drug
GYS0005905	安徽松瑞制药有限公司	生产企业/上市许可持有人	drug
GYS0005906	安徽桐康医疗科技股份有限公司	生产企业	consumable
GYS0005907	安徽森姆瑞斯医疗科技有限公司	生产企业	consumable
GYS0005908	安徽森彩影像材料有限公司	生产企业	consumable
GYS0005909	安徽欣尔医疗器械有限公司	生产企业	consumable
GYS0005910	安徽正虎堂药业有限公司	生产企业	consumable
GYS0005911	安徽民泰医药科技有限公司	生产企业	consumable
GYS0005912	安徽永亿医疗用品有限公司	生产企业	consumable
GYS0005913	安徽永生堂药业有限责任公司	生产企业/上市许可持有人	drug
GYS0005914	安徽汉邦希瑞医疗器械有限公司	生产企业	consumable
GYS0005915	安徽江中高邦制药有限责任公司	生产企业/上市许可持有人	drug
GYS0005916	安徽江南医疗器械股份有限公司	生产企业	consumable
GYS0005917	安徽沃泰生物医药有限公司	生产企业/上市许可持有人	drug
GYS0005918	安徽泰恩康制药有限公司	生产企业/上市许可持有人	drug
GYS0005919	安徽泾县裕生医疗器械有限公司	生产企业	consumable
GYS0005920	安徽济人药业股份有限公司	生产企业/上市许可持有人	drug
GYS0005921	安徽海利医疗设备科技有限公司	生产企业	consumable
GYS0005922	安徽海斯美医药有限公司	生产企业/上市许可持有人	drug
GYS0005923	安徽润敏源生物技术有限公司	生产企业	consumable
GYS0005924	安徽深蓝医疗科技股份有限公司	生产企业	consumable
GYS0005925	安徽玄武岩药业有限公司	生产企业	consumable
GYS0005926	安徽环球药业股份有限公司	生产企业/上市许可持有人	drug
GYS0005927	安徽瑞康药业有限公司	生产企业	consumable
GYS0005928	安徽瑞德医疗设备制造有限公司	生产企业	consumable
GYS0005929	安徽百奥药业有限公司	生产企业/上市许可持有人	drug
GYS0005930	安徽百诺佳医疗科技有限公司	生产企业	consumable
GYS0005931	安徽皖仪科技股份有限公司	生产企业	consumable
GYS0005932	安徽皖舒医疗设备有限公司	生产企业	consumable
GYS0005933	安徽省上德慧科科技有限公司	生产企业	consumable
GYS0005934	安徽省东发医疗设备有限公司	生产企业	consumable
GYS0005935	安徽省中盛源兴医疗器械销售有限责任公司	生产企业	consumable
GYS0005936	安徽省先锋制药有限公司	生产企业/上市许可持有人	drug
GYS0005937	安徽省六安市金艺义齿有限公司	生产企业	consumable
GYS0005938	安徽省兴盛医疗科技有限公司	生产企业	consumable
GYS0005939	安徽省双科药业有限公司	生产企业	drug
GYS0005940	安徽省守护线药业有限公司	生产企业	consumable
GYS0005941	安徽省小山卫生材料有限公司	生产企业	consumable
GYS0005942	安徽省幸福工场医疗设备有限公司	生产企业	consumable
GYS0005943	安徽省康宁实业（集团）有限公司	生产企业	consumable
GYS0005944	安徽省康达医疗用品有限公司	生产企业	consumable
GYS0005945	安徽省德济堂药业有限公司	生产企业	consumable
GYS0005946	安徽省昊泉药业有限公司	生产企业	consumable
GYS0005947	安徽省普瑞达医药科技有限公司	生产企业	consumable
GYS0005948	安徽省沃亚义齿有限公司	生产企业	consumable
GYS0005949	安徽省锦瑞医疗科技有限公司	生产企业	consumable
GYS0005950	安徽省阜阳市鼎健医疗器材厂（普通合伙）	生产企业	consumable
GYS0005951	安徽省阿夫特医疗科技有限公司	生产企业	consumable
GYS0005952	安徽硕金医疗设备有限公司	生产企业	consumable
GYS0005953	安徽祥隆药业有限公司	生产企业/上市许可持有人	drug
GYS0005954	安徽禾泰药业有限公司	生产企业	consumable
GYS0005955	安徽科创药物研究所有限责任公司	生产企业/上市许可持有人	drug
GYS0005956	安徽科治医疗科技有限公司	生产企业	consumable
GYS0005957	安徽立影医疗科技有限公司	生产企业	consumable
GYS0005958	安徽红三七药业有限公司	生产企业/上市许可持有人	drug
GYS0005959	安徽维泰药业有限公司	生产企业	consumable
GYS0005960	安徽绿莹制药有限公司	生产企业	drug
GYS0005961	安徽美康宁生物科技有限公司	生产企业	consumable
GYS0005962	安徽美来药业股份有限公司	生产企业/上市许可持有人	drug
GYS0005963	安徽美欣制药有限公司	生产企业/上市许可持有人	drug
GYS0005964	安徽美立刻医疗器械有限公司	生产企业	consumable
GYS0005965	安徽美迪斯医疗用品有限公司	生产企业	consumable
GYS0005966	安徽美邸康药业有限公司	生产企业	consumable
GYS0005967	安徽联谊药业股份有限公司	生产企业/上市许可持有人	drug
GYS0005968	安徽聚美医疗科技有限公司	生产企业	consumable
GYS0005969	安徽航天生物科技股份有限公司	生产企业	consumable
GYS0005970	安徽艺林义齿技术有限公司	生产企业	consumable
GYS0005971	安徽艾珂尔制药有限公司	生产企业/上市许可持有人	drug
GYS0005972	安徽苗德堂药业有限公司	生产企业	consumable
GYS0005973	安徽若贝医疗器械有限公司	生产企业	consumable
GYS0005974	安徽英特电子有限公司	生产企业	consumable
GYS0005975	安徽茂康医疗器械有限公司	生产企业	consumable
GYS0005976	安徽茂康药业有限公司	生产企业/上市许可持有人	drug,consumable
GYS0005977	安徽草珊瑚生物科技有限公司	生产企业	consumable
GYS0005978	安徽莫尼克医用材料有限公司	生产企业	consumable
GYS0005979	安徽菲力姆科技有限公司	生产企业	consumable
GYS0005980	安徽菲纳尔科技有限责任公司	生产企业	consumable
GYS0005981	安徽蓝欣医疗科技有限公司	生产企业	consumable
GYS0005982	安徽誉恒生物科技有限公司	生产企业/上市许可持有人	drug
GYS0005983	安徽诺和诺泰医药生物技术有限公司	生产企业	consumable
GYS0005984	安徽诺美医疗器械有限公司	生产企业	consumable
GYS0005985	安徽谓博中药股份有限公司	生产企业/上市许可持有人	drug
GYS0005986	安徽贝克生物制药有限公司	生产企业/上市许可持有人	drug
GYS0005987	安徽贝科邦生物科技有限公司	生产企业	consumable
GYS0005988	安徽贤桂医药科技有限公司	生产企业/上市许可持有人	drug
GYS0005989	安徽贰壹肆卫生科技有限公司	生产企业	consumable
GYS0005990	安徽赛诺瑞博生物科技有限公司	生产企业	consumable
GYS0005991	安徽赢创医疗科技有限公司	生产企业	consumable
GYS0005992	安徽赫尔生物医学检验科技有限公司	生产企业	consumable
GYS0005993	安徽达健医学科技有限公司	生产企业	consumable
GYS0005994	安徽达坤医疗科技有限公司	生产企业	consumable
GYS0005995	安徽邵氏华艾生物医疗电子科技有限公司	生产企业	consumable
GYS0005996	安徽金亚齿科器材有限公司	生产企业	consumable
GYS0005997	安徽金太阳生化药业有限公司	生产企业/上市许可持有人	drug
GYS0005998	安徽金泰医疗器械有限公司	生产企业	consumable
GYS0005999	安徽金泰医疗器械有限公司毫州分公司	生产企业	consumable
GYS0006000	安徽金牛药械股份有限公司	生产企业	consumable
GYS0006001	安徽金王冠医疗科技有限公司	生产企业	consumable
GYS0006002	安徽金阳生物科技有限公司	生产企业	consumable
GYS0006003	安徽金马药业股份有限公司	生产企业/上市许可持有人	drug,consumable
GYS0006004	安徽鑫露达医疗用品有限公司	生产企业	consumable
GYS0006005	安徽锦海医药科技有限责任公司	生产企业	consumable
GYS0006006	安徽长江药业有限公司	生产企业/上市许可持有人	drug
GYS0006007	安徽阔润医疗科技有限公司	生产企业	consumable
GYS0006008	安徽雨桐医疗科技有限公司	生产企业	consumable
GYS0006009	安徽雷允上药业有限公司	生产企业/上市许可持有人	drug
GYS0006010	安徽雷根生物技术有限公司	生产企业	consumable
GYS0006011	安徽高山药业有限公司	生产企业/上市许可持有人	drug
GYS0006012	安徽鸠旭药业有限公司	生产企业	consumable
GYS0006013	安徽鸿润医疗用品科技有限公司	生产企业	consumable
GYS0006014	安徽麦吉恩医疗科技有限公司	生产企业	consumable
GYS0006015	安徽鼎晶生物科技有限公司	生产企业	consumable
GYS0006016	安思润医疗器械（苏州）有限公司	生产企业	consumable
GYS0006017	安思润生物科技（江苏）有限公司	生产企业	consumable
GYS0006018	安成国际药业股份有限公司	生产企业/上市许可持有人	drug
GYS0006019	安斯泰来制药(中国)有限公司	生产企业	drug
GYS0006020	安新县康丽洁卫生用品制造有限公司	生产企业	consumable
GYS0006021	安时利（广州）医疗技术有限公司	生产企业	consumable
GYS0006022	安普诺医疗科技（常州）有限公司	生产企业	consumable
GYS0006023	安柏瑞（常州）医疗科技有限公司	生产企业	consumable
GYS0006024	安泰隆（南京）医疗用品有限公司	生产企业	consumable
GYS0006025	安洁奥医疗器械（北京）有限公司	生产企业	consumable
GYS0006026	安玖医疗器械（苏州）有限公司	生产企业	consumable
GYS0006027	安琪酵母股份有限公司药业分公司	生产企业/上市许可持有人	drug
GYS0006028	安瑞医疗器械（杭州）有限公司	生产企业	consumable
GYS0006029	安美思（哈尔滨）生物技术有限公司	生产企业	consumable
GYS0006030	安翰科技（武汉）股份有限公司	生产企业	consumable
GYS0006031	安胜医疗科技（深圳）有限公司	生产企业	consumable
GYS0006032	安能医疗器械（常熟）有限公司	生产企业	consumable
GYS0006033	安萨医疗器械贸易（天津）有限公司	生产企业	consumable
GYS0006034	安进医疗科技（北京）有限公司	生产企业	consumable
GYS0006035	安速康医疗（苏州）有限公司	生产企业	consumable
GYS0006036	安邦制药(哈尔滨)有限公司	生产企业/上市许可持有人	drug
GYS0006037	安锐医疗科技（苏州）有限公司	生产企业	consumable
GYS0006038	安阳中智药业有限责任公司	生产企业/上市许可持有人	drug
GYS0006039	安阳华兴齿科技术有限公司	生产企业	consumable
GYS0006040	安阳市伊来达医疗器械有限公司	生产企业	consumable
GYS0006041	安阳市华安药业有限责任公司	生产企业	drug
GYS0006042	安阳市康尔寿卫生材料有限责任公司	生产企业	consumable
GYS0006043	安阳市源首生物药业有限责任公司	生产企业	drug
GYS0006044	安阳市迪美齿科材料厂	生产企业	consumable
GYS0006045	安阳市鹰牌齿科材料有限公司	生产企业	consumable
GYS0006046	安阳广盛恒制药有限公司	生产企业/上市许可持有人	drug
GYS0006047	安阳森浠医学有限公司	生产企业	consumable
GYS0006048	安阳诺美药业有限公司	生产企业/上市许可持有人	drug
GYS0006049	安阳贝瑞思医疗设备有限公司	生产企业	consumable
GYS0006050	安阳路德药业有限责任公司	生产企业	drug
GYS0006051	安隽医疗科技（南京）有限公司	生产企业	consumable
GYS0006052	安顺市万和斋野生资源开发有限公司	生产企业	consumable
GYS0006053	宏昌生物医疗科技（平湖）有限公司	生产企业	consumable
GYS0006054	宏越科技(湖州)有限公司	生产企业/上市许可持有人	drug
GYS0006055	宗珅（广州）医疗器械有限公司	生产企业	consumable
GYS0006056	定位材料（广州）有限公司	生产企业	consumable
GYS0006057	定兴县兴成卫生材料厂	生产企业	consumable
GYS0006058	宜世家健康产业（青岛）有限公司	生产企业	consumable
GYS0006059	宜亲（保定）科技有限公司	生产企业	consumable
GYS0006060	宜信保（江苏）医疗器械科技有限公司	生产企业	consumable
GYS0006061	宜兴吉钧兄弟医疗科技有限公司	生产企业	consumable
GYS0006062	宜城市中医医院	制剂配制单位	preparation
GYS0006063	宜宇安（武汉）医疗科技有限公司	生产企业	consumable
GYS0006064	宜昌三峡制药有限公司	生产企业/上市许可持有人	drug
GYS0006065	宜昌东阳光长江药业股份有限公司	生产企业/上市许可持有人	drug
GYS0006066	宜昌人福药业有限责任公司	生产企业/上市许可持有人	drug,consumable
GYS0006067	宜昌原子高科医药有限公司	生产企业	drug
GYS0006068	宜昌市中医医院	制剂配制单位	preparation
GYS0006069	宜昌市中医医院(宜昌市职业病防治院、三峡大学中医医院)	制剂配制单位	preparation
GYS0006070	宜昌市中心人民医院	制剂配制单位	preparation
GYS0006071	宜昌市维特医用材料有限责任公司	生产企业	consumable
GYS0006072	宜昌市蓝琪儿医疗用品有限公司	生产企业	consumable
GYS0006073	宜昌广翔生物科技股份有限公司	生产企业	consumable
GYS0006074	宜昌必盈生物科技有限公司	生产企业	consumable
GYS0006075	宜昌春华牛皮癣中医专科医院	制剂配制单位	preparation
GYS0006076	宜昌海诗特医疗用品有限公司	生产企业	consumable
GYS0006077	宜昌现代康复辅助器具有限公司	生产企业	consumable
GYS0006078	宜昌精创齿科技术有限责任公司	生产企业	consumable
GYS0006079	宜昌诺安制药有限公司	生产企业/上市许可持有人	drug
GYS0006080	宜春一凡医药科技有限公司	生产企业/上市许可持有人	drug
GYS0006081	宜春善德科技有限公司	生产企业	consumable
GYS0006082	宜春市雅信达医疗产品有限公司	生产企业	consumable
GYS0006083	宜科（山东）医学科技有限公司	生产企业	consumable
GYS0006084	宜都市中医医院	制剂配制单位	preparation
GYS0006085	宝光药业(成都)有限责任公司	生产企业/上市许可持有人	drug
GYS0006086	宝利化(南京)制药有限公司	生产企业/上市许可持有人	drug
GYS0006087	宝娃（北京）电子有限公司	生产企业	consumable
GYS0006088	宝得康药业（贵州）有限公司	生产企业	consumable
GYS0006089	宝玛医疗科技（无锡）有限公司	生产企业	consumable
GYS0006090	宝瑞源生物技术（北京）有限公司	生产企业	consumable,ivd
GYS0006091	宝鸡市健邦医用器材有限公司	生产企业	consumable
GYS0006092	宝鸡市双峰气体有限公司	生产企业	consumable
GYS0006093	宝鸡市天迈医疗科技有限公司	生产企业	consumable
GYS0006094	宝鸡市德尔医疗器械制造有限责任公司	生产企业	consumable
GYS0006095	宝鸡泰达康医疗科技有限公司	生产企业	consumable
GYS0006096	宝鸡韩勇9＋9制药厂	生产企业/上市许可持有人	drug
GYS0006097	宝鸡高盛医疗用品有限公司	生产企业	consumable
GYS0006098	宝龙药业有限公司	生产企业/上市许可持有人	drug
GYS0006099	实信医疗器械（上海）有限公司	生产企业	consumable
GYS0006100	宣城市金芙蓉药业有限公司	生产企业/上市许可持有人	drug
GYS0006101	宣城汉方宝要医疗器械有限公司	生产企业	consumable
GYS0006102	家宝产品设计（深圳）有限公司	生产企业	consumable
GYS0006103	宸寰医药集团有限公司	生产企业/上市许可持有人	drug
GYS0006104	宽岳医疗器材（苏州）有限公司	生产企业	consumable
GYS0006105	宽岳医疗科技（北京）有限公司	生产企业	consumable
GYS0006106	宽岳新晟实医疗科技（上海）有限公司	生产企业	consumable
GYS0006107	宾得医疗器械（上海）有限公司	生产企业	consumable
GYS0006108	宿州亿帆药业有限公司	生产企业/上市许可持有人	drug
GYS0006109	宿州市格润来福医药有限公司	生产企业	consumable
GYS0006110	宿州市瑞普生医疗科技有限责任公司	生产企业	consumable
GYS0006111	宿迁乐创医疗器械科技有限公司	生产企业	consumable
GYS0006112	宿迁市南泰衣都锦纺织服饰有限公司	生产企业	consumable
GYS0006113	宿迁市春明医疗器材有限公司	生产企业	consumable
GYS0006114	富利凯医疗用品（东莞）有限公司	生产企业	consumable
GYS0006115	富士胶片（中国）投资有限公司	生产企业	consumable
GYS0006116	富尚康植牙陶瓷（上海）有限公司	生产企业	consumable
GYS0006117	富朗医疗器械有限公司	生产企业	consumable
GYS0006118	富柯发（山东）医疗器械有限公司	生产企业	consumable
GYS0006119	富甲源医疗器械（惠州）有限公司	生产企业	consumable
GYS0006120	富祥(大连)制药有限公司	生产企业/上市许可持有人	drug
GYS0006121	富纳德科技（北京）有限公司	生产企业	consumable
GYS0006122	富螺（上海）医疗器械有限公司	生产企业	consumable
GYS0006123	寿光富康制药有限公司	生产企业/上市许可持有人	drug
GYS0006124	寿县昊畅医疗器械有限公司	生产企业	consumable
GYS0006125	封开县培鑫医用材料有限公司	生产企业	consumable
GYS0006126	将铭(黑龙江)制药有限公司	生产企业/上市许可持有人	drug
GYS0006127	小丰医疗科技（福建）有限公司	生产企业	consumable
GYS0006128	小分子（苏州）生物科技有限公司	生产企业	consumable
GYS0006129	小唯医疗科技（佛山）有限公司	生产企业	consumable
GYS0006130	小泽药械（河南）健康科技有限公司	生产企业	consumable
GYS0006131	小羚羊药业（揭阳）有限公司	生产企业	consumable
GYS0006132	少伯医疗科技（山东）有限公司	生产企业	consumable
GYS0006133	尔听美医疗器械（上海）有限公司	生产企业	consumable
GYS0006134	尚呵医疗科技（天津）有限公司	生产企业	consumable
GYS0006135	尚尚（辽宁）医疗器械科技有限公司	生产企业	consumable
GYS0006136	尚诚怡美（山东）生物科技有限公司	生产企业	consumable
GYS0006137	尚钧医疗科技（安徽）有限公司	生产企业	consumable
GYS0006138	尤妮佳生活用品（中国）有限公司	生产企业	consumable
GYS0006139	尤根数字医疗科技（成都）有限公司	生产企业	consumable
GYS0006140	尤根牙科医疗科技（北京）有限公司	生产企业	consumable
GYS0006141	尧昕（山东）医疗器械有限责任公司	生产企业	consumable
GYS0006142	尼奥思（上海）医疗器械有限公司	生产企业	consumable
GYS0006143	尼德克医疗器械贸易（上海）有限公司	生产企业	consumable
GYS0006144	尼普洛医疗器械贸易（上海）有限公司	生产企业	consumable
GYS0006145	尼普洛医疗器械（合肥）有限公司	生产企业	consumable
GYS0006146	尼普洛贸易（上海）有限公司	生产企业	consumable
GYS0006147	尼普洛（上海）有限公司	生产企业	consumable
GYS0006148	山东一美生物科技有限公司	生产企业	consumable
GYS0006149	山东一诺康医疗科技有限公司	生产企业	consumable
GYS0006150	山东万国医疗器械有限公司	生产企业	consumable
GYS0006151	山东万容生物科技有限公司	生产企业	consumable
GYS0006152	山东万泽医疗器械有限公司	生产企业	consumable
GYS0006153	山东三九化妆品有限公司	生产企业	consumable
GYS0006154	山东上品医疗器械有限公司	生产企业	consumable
GYS0006155	山东上善堂生物工程有限公司	生产企业	consumable
GYS0006156	山东世博金都药业有限公司	生产企业/上市许可持有人	drug
GYS0006157	山东世瑞医疗科技有限公司	生产企业	consumable
GYS0006158	山东世纪伟懿医疗科技有限公司	生产企业	consumable
GYS0006159	山东世纪通医药科技有限公司	生产企业	consumable
GYS0006160	山东东华医疗科技有限公司	生产企业	consumable
GYS0006161	山东东奇医疗科技有限公司	生产企业	consumable
GYS0006162	山东东步发展集团有限公司	生产企业	consumable
GYS0006163	山东东滕阿胶有限公司	生产企业	drug
GYS0006164	山东东瑞生物技术有限公司	生产企业	consumable
GYS0006165	山东东禄堂阿胶集团吉林东禄堂制药有限公司	生产企业/上市许可持有人	drug
GYS0006166	山东东蓝健康科技有限公司	生产企业	consumable
GYS0006167	山东东辰义齿有限公司	生产企业	consumable
GYS0006168	山东东进药业有限公司	生产企业	consumable
GYS0006169	山东东阿修元阿胶生物集团内黄阿胶药业有限公司	生产企业	drug
GYS0006170	山东东阿国胶堂阿胶药业有限公司	生产企业	drug
GYS0006171	山东东阿济韵阿胶制药有限公司	生产企业/上市许可持有人	drug
GYS0006172	山东东阿润惠堂阿胶有限公司	生产企业/上市许可持有人	drug
GYS0006173	山东中久医疗器械有限公司	生产企业	consumable
GYS0006174	山东中保康医疗器具有限公司	生产企业	drug,consumable
GYS0006175	山东中健康桥制药有限公司	生产企业	drug
GYS0006176	山东中大千方制药有限公司	生产企业/上市许可持有人	drug
GYS0006177	山东中大药业有限公司	生产企业	drug,consumable
GYS0006178	山东中旭达医疗器械有限公司	生产企业	consumable
GYS0006179	山东中泰药业有限公司	生产企业/上市许可持有人	drug
GYS0006180	山东中浩医疗科技有限公司	生产企业	consumable
GYS0006181	山东中齐药业有限公司	生产企业	consumable
GYS0006182	山东丰一医疗科技有限公司	生产企业	consumable
GYS0006183	山东丰寅盛达药业有限公司	生产企业/上市许可持有人	drug
GYS0006184	山东丰泰健康科技股份有限公司	生产企业	consumable
GYS0006185	山东丰澳医疗科技有限公司	生产企业	consumable
GYS0006186	山东丰瑞医疗科技有限公司	生产企业	consumable
GYS0006187	山东丹红制药有限公司	生产企业/上市许可持有人	drug
GYS0006188	山东义才和锐生物技术有限公司	生产企业	consumable
GYS0006189	山东乐智医疗科技有限公司	生产企业	consumable
GYS0006190	山东乐陵天任电子有限公司	生产企业	consumable
GYS0006191	山东九九药业集团有限公司	生产企业	consumable
GYS0006192	山东九嘉生物科技有限公司	生产企业	consumable
GYS0006193	山东九尔医药生物科技有限公司	生产企业	consumable
GYS0006194	山东九尔实业集团有限公司	生产企业	consumable
GYS0006195	山东二叶制药有限公司	生产企业/上市许可持有人	drug
GYS0006196	山东云杰永盛防护用品科技有限公司	生产企业	consumable
GYS0006197	山东云豪卫生用品股份有限公司	生产企业	consumable
GYS0006198	山东五洲医疗器械有限公司	生产企业	consumable
GYS0006199	山东五生康弘生物科技有限公司	生产企业	consumable
GYS0006200	山东亚中信息科技有限公司	生产企业	consumable
GYS0006201	山东亚泰医疗器械有限公司	生产企业	consumable
GYS0006202	山东亚滨医疗科技有限公司	生产企业	consumable
GYS0006203	山东亦度生物技术有限公司	生产企业/上市许可持有人	drug
GYS0006204	山东亨洁医用包装科技有限公司	生产企业	consumable
GYS0006205	山东享和医疗科技有限公司	生产企业	consumable
GYS0006206	山东京佳医疗器械有限公司	生产企业	consumable
GYS0006207	山东京卫制药有限公司	生产企业/上市许可持有人	drug
GYS0006208	山东京州药业有限公司	生产企业/上市许可持有人	drug
GYS0006209	山东京御堂制药有限公司	生产企业/上市许可持有人	drug
GYS0006210	山东亿恩医疗器械有限公司	生产企业	consumable
GYS0006211	山东亿达康医疗器械有限公司	生产企业	consumable
GYS0006212	山东仁和制药有限公司	生产企业/上市许可持有人	drug
GYS0006213	山东仁和益美医疗器械有限公司	生产企业	consumable
GYS0006214	山东仁威医疗器械有限公司	生产企业	consumable
GYS0006215	山东仁山药业有限公司	生产企业	consumable
GYS0006216	山东仁心仁爱药业有限公司	生产企业	consumable
GYS0006217	山东仁泰药业有限公司	生产企业	consumable
GYS0006218	山东仇氏药业有限公司	生产企业	consumable
GYS0006219	山东仕达思生物产业有限公司	生产企业	consumable
GYS0006220	山东仙河药业有限公司	生产企业/上市许可持有人	drug
GYS0006221	山东众之康生物科技有限公司	生产企业	consumable
GYS0006222	山东众康医疗器械有限公司	生产企业	consumable
GYS0006223	山东众邦医疗设备有限公司	生产企业	consumable
GYS0006224	山东优得生物科技有限公司	生产企业	consumable
GYS0006225	山东优杰生物科技有限公司	生产企业	consumable
GYS0006226	山东会仙药业集团有限公司	生产企业/上市许可持有人	drug
GYS0006227	山东伯乐医疗器械有限公司	生产企业	consumable
GYS0006228	山东佑煦医疗器械有限公司	生产企业	consumable
GYS0006229	山东佛瑞医疗科技有限公司	生产企业	consumable
GYS0006230	山东侨牌集团有限公司	生产企业	consumable
GYS0006231	山东信谊制药有限公司	生产企业/上市许可持有人	drug
GYS0006232	山东倍特美医疗器械有限公司	生产企业	consumable
GYS0006233	山东健强医疗器械有限公司	生产企业	consumable
GYS0006234	山东健护医疗科技有限公司	生产企业	consumable
GYS0006235	山东健民药业有限公司	生产企业/上市许可持有人	drug
GYS0006236	山东健泽医疗科技有限公司	生产企业	consumable
GYS0006237	山东健讯医疗器械有限公司	生产企业	consumable
GYS0006238	山东先声生物制药有限公司	生产企业	drug
GYS0006239	山东先航生物科技有限公司	生产企业	consumable
GYS0006240	山东光明药业有限公司	生产企业/上市许可持有人	drug
GYS0006241	山东光标医疗器械有限公司	生产企业	consumable
GYS0006242	山东兰心医疗用品有限公司	生产企业	consumable
GYS0006243	山东冠龙医疗用品有限公司	生产企业	consumable
GYS0006244	山东凡卉生物科技有限公司	生产企业	consumable
GYS0006245	山东凤凰制药股份有限公司	生产企业/上市许可持有人	drug
GYS0006246	山东凯乐普生物工程有限公司	生产企业	consumable
GYS0006247	山东凯地兰科技股份有限公司	生产企业	consumable
GYS0006248	山东凯裕医疗器械有限公司	生产企业	consumable
GYS0006249	山东创博生物技术有限公司	生产企业	consumable
GYS0006250	山东创客环海医疗科技有限公司	生产企业	consumable
GYS0006251	山东创康生物科技有限公司	生产企业	consumable
GYS0006252	山东创新医疗器械科技有限公司	生产企业	consumable
GYS0006253	山东利华欣元医疗科技有限公司	生产企业	consumable
GYS0006254	山东利君生物科技有限公司	生产企业	consumable
GYS0006255	山东利尔康医疗科技股份有限公司	生产企业	consumable
GYS0006256	山东利普康生物科技有限公司	生产企业	consumable
GYS0006257	山东前沿医疗器械股份有限公司	生产企业	consumable
GYS0006258	山东力仕康医疗器械有限公司	生产企业	consumable
GYS0006259	山东力文医疗器械有限公司	生产企业	consumable
GYS0006260	山东力群医疗器械有限公司	生产企业	consumable
GYS0006261	山东力行康医疗科技有限公司	生产企业	consumable
GYS0006262	山东力诺制药有限公司	生产企业/上市许可持有人	drug
GYS0006263	山东加贝药业有限公司	生产企业	consumable
GYS0006264	山东勤凯医疗用品股份有限公司	生产企业	consumable
GYS0006265	山东北大高科华泰制药有限公司	生产企业/上市许可持有人	drug
GYS0006266	山东医光医疗器械有限公司	生产企业	consumable
GYS0006267	山东医可医疗科技有限公司	生产企业	consumable
GYS0006268	山东医康药业有限公司	生产企业	consumable
GYS0006269	山东千舒达医疗科技有限公司	生产企业	consumable
GYS0006270	山东华世本全生物科技有限公司	生产企业	consumable
GYS0006271	山东华亿医疗科技有限公司	生产企业	consumable
GYS0006272	山东华亿晟医疗器械有限公司	生产企业	consumable
GYS0006273	山东华信制药集团股份有限公司	生产企业/上市许可持有人	drug
GYS0006274	山东华信制集团股份有限公司	生产企业/上市许可持有人	drug
GYS0006275	山东华博电气有限公司	生产企业	consumable
GYS0006276	山东华夏医铭生物科技有限公司	生产企业	consumable
GYS0006277	山东华夏时代生物工程有限公司	生产企业	consumable
GYS0006278	山东华安生物科技有限公司	生产企业	consumable
GYS0006279	山东华彩科技发展有限公司	生产企业	consumable
GYS0006280	山东华悦生物科技有限公司	生产企业	consumable
GYS0006281	山东华新义齿有限公司	生产企业	consumable
GYS0006282	山东华晨医疗器械有限公司	生产企业	consumable
GYS0006283	山东华洋制药有限公司	生产企业/上市许可持有人	drug
GYS0006284	山东华熙海御生物医药有限公司	生产企业	consumable
GYS0006285	山东华玉中齿医疗科技有限公司	生产企业	consumable
GYS0006286	山东华瓷医疗器械有限公司	生产企业	consumable
GYS0006287	山东华素制药有限公司	生产企业/上市许可持有人	drug
GYS0006288	山东华铂凯盛生物科技有限公司	生产企业/上市许可持有人	drug
GYS0006289	山东华鲁制药有限公司	生产企业/上市许可持有人	drug
GYS0006290	山东华麦医疗科技有限公司	生产企业	consumable
GYS0006291	山东卓业医疗科技有限公司	生产企业	consumable
GYS0006292	山东博冠生物技术有限公司	生产企业	consumable
GYS0006293	山东博士伦福瑞达制药有限公司	生产企业/上市许可持有人	drug,consumable
GYS0006294	山东博士特医疗器械科技有限公司	生产企业	consumable
GYS0006295	山东博威医疗器械有限公司	生产企业	consumable
GYS0006296	山东博安生物技术股份有限公司	生产企业/上市许可持有人	drug
GYS0006297	山东博弘基因科技有限公司	生产企业	consumable
GYS0006298	山东博斯泰医疗科技有限公司	生产企业	consumable
GYS0006299	山东博澜医疗器械有限公司	生产企业	consumable
GYS0006300	山东博爱医疗器械有限公司	生产企业	consumable
GYS0006301	山东博科医用材料有限公司	生产企业	consumable
GYS0006302	山东博科生物产业有限公司	生产企业	consumable
GYS0006303	山东博科科学仪器有限公司	生产企业	consumable
GYS0006304	山东博科诊断科技有限公司	生产企业	consumable
GYS0006305	山东博科防护用品有限公司	生产企业	consumable
GYS0006306	山东博达医疗用品股份有限公司	生产企业	consumable
GYS0006307	山东卡莱卡生物科技有限公司	生产企业	consumable
GYS0006308	山东卫尔乐卫生用品有限公司	生产企业	consumable
GYS0006309	山东卫王药业有限公司	生产企业	consumable
GYS0006310	山东卫肤药业有限公司	生产企业	consumable
GYS0006311	山东卫达生物科技有限公司	生产企业	consumable
GYS0006312	山东印迹生物技术有限公司	生产企业	consumable
GYS0006313	山东厚生博泰生物技术有限公司	生产企业	consumable
GYS0006314	山东原祯医疗器械有限公司	生产企业	consumable
GYS0006315	山东古阿井阿胶有限公司	生产企业	drug
GYS0006316	山东史蒂夫医疗科技有限公司	生产企业	consumable
GYS0006317	山东叶之梦智能科技有限公司	生产企业	consumable
GYS0006318	山东司邦得制药有限公司	生产企业/上市许可持有人	drug
GYS0006319	山东合为医疗器械有限公司	生产企业	consumable
GYS0006320	山东吉威医疗制品有限公司	生产企业	consumable
GYS0006321	山东吉安贝鑫医疗科技有限公司	生产企业	consumable
GYS0006322	山东吉特工业科技股份有限公司	生产企业	consumable
GYS0006323	山东同诚生物科技有限公司	生产企业	consumable
GYS0006324	山东同齐医学科技有限公司	生产企业	consumable
GYS0006325	山东君泰安德医疗科技股份有限公司	生产企业	consumable
GYS0006326	山东含章医疗技术有限公司	生产企业	consumable
GYS0006327	山东启迈康生物工程有限公司	生产企业	consumable
GYS0006328	山东命大药业有限公司	生产企业/上市许可持有人	drug
GYS0006329	山东和佰生物科技有限公司	生产企业	consumable
GYS0006330	山东和远医疗科技有限公司	生产企业	consumable
GYS0006331	山东喜君康医药集团湘潭有限公司	生产企业/上市许可持有人	drug
GYS0006332	山东嘉百通医疗科技有限公司	生产企业	consumable
GYS0006333	山东回寿堂药业有限公司	生产企业	consumable
GYS0006334	山东国全药业有限公司	生产企业	consumable
GYS0006335	山东圣康医疗器械股份有限公司	生产企业	consumable
GYS0006336	山东圣恒生物科技有限公司	生产企业	consumable
GYS0006337	山东圣纳医用制品有限公司	生产企业	consumable
GYS0006338	山东圣维尔医疗用品有限公司	生产企业	consumable
GYS0006339	山东圣鲁制药有限公司	生产企业/上市许可持有人	drug
GYS0006340	山东壹道生物科技有限公司	生产企业	consumable
GYS0006341	山东复泰医疗器械有限公司	生产企业	consumable
GYS0006342	山东多美康生物医药有限公司	生产企业	consumable
GYS0006343	山东多邦医疗科技有限公司	生产企业	consumable
GYS0006344	山东大乐医疗器械有限公司	生产企业	consumable
GYS0006345	山东大成医疗器械有限公司	生产企业	consumable
GYS0006346	山东大正医疗器械股份有限公司	生产企业	consumable
GYS0006347	山东大鱼生物技术有限公司	生产企业	consumable
GYS0006348	山东天之祐药业有限公司	生产企业	consumable
GYS0006349	山东天发医疗器械有限公司	生产企业	consumable
GYS0006350	山东天宝药业有限公司	生产企业	consumable
GYS0006351	山东天工医用品开发有限公司	生产企业	consumable
GYS0006352	山东天爱医疗器械有限公司	生产企业	consumable
GYS0006353	山东天诺威医疗用品有限公司	生产企业	consumable
GYS0006354	山东天顺药业股份有限公司	生产企业/上市许可持有人	drug
GYS0006355	山东天香医疗器械有限公司	生产企业	consumable
GYS0006356	山东奈斯特医疗用品有限公司	生产企业	consumable
GYS0006357	山东奕泽医疗器械有限公司	生产企业	consumable
GYS0006358	山东奥健颐医疗科技有限公司	生产企业	consumable
GYS0006359	山东奥尔康医疗器械有限公司	生产企业	consumable
GYS0006360	山东奥能医疗科技有限公司	生产企业	consumable
GYS0006361	山东奥苏本医疗设备有限公司	生产企业	consumable
GYS0006362	山东奥诺特医疗科技有限公司	生产企业	consumable
GYS0006363	山东奥赛特医疗器械有限公司	生产企业	consumable
GYS0006364	山东好当家海森药业有限公司	生产企业	drug
GYS0006365	山东如悦医疗科技有限公司	生产企业	consumable
GYS0006366	山东如至生物医药科技有限公司	生产企业/上市许可持有人	drug
GYS0006367	山东妆点生物技术有限公司	生产企业	consumable
GYS0006368	山东妆点生物技术有限公司吉林分公司	生产企业	consumable
GYS0006369	山东威万生物科技有限公司	生产企业	consumable
GYS0006370	山东威尔信医疗科技有限公司	生产企业	consumable
GYS0006371	山东威恒生物科技有限公司	生产企业	consumable
GYS0006372	山东威智百科药业有限公司	生产企业/上市许可持有人	drug
GYS0006373	山东威瑞外科医用制品有限公司	生产企业	consumable
GYS0006374	山东威阳医疗器械科技有限公司	生产企业	consumable
GYS0006375	山东威高宏瑞医学科技有限公司	生产企业	consumable
GYS0006376	山东威高手术机器人有限公司	生产企业	consumable
GYS0006377	山东威高拓威医疗器械有限公司	生产企业	consumable
GYS0006378	山东威高新生医疗器械有限公司	生产企业	consumable
GYS0006379	山东威高汉光制药有限公司	生产企业/上市许可持有人	drug
GYS0006380	山东威高海星医疗器械有限公司	生产企业	consumable
GYS0006381	山东威高瑞新医疗技术有限公司	生产企业	consumable
GYS0006382	山东威高瑞生医疗器械有限公司	生产企业	consumable
GYS0006383	山东威高肾科医疗器械有限公司	生产企业	consumable
GYS0006384	山东威高药业股份有限公司	生产企业/上市许可持有人	drug,consumable
GYS0006385	山东威高血液净化制品股份有限公司	生产企业	consumable
GYS0006386	山东威高输血技术装备有限公司	生产企业/上市许可持有人	drug,consumable
GYS0006387	山东威高集团医用高分子制品股份有限公司	生产企业	drug,consumable,ivd
GYS0006388	山东威高骨科材料股份有限公司	生产企业	consumable
GYS0006389	山东子润医疗科技有限公司	生产企业	consumable
GYS0006390	山东孔圣堂制药有限公司	生产企业/上市许可持有人	drug
GYS0006391	山东孔府制药有限公司	生产企业/上市许可持有人	drug
GYS0006392	山东安信制药有限公司	生产企业/上市许可持有人	drug
GYS0006393	山东安倍保医疗科技有限公司	生产企业	consumable
GYS0006394	山东安可医疗器械有限公司	生产企业	consumable
GYS0006395	山东安宏医疗科技有限公司	生产企业	consumable
GYS0006396	山东安康生物科技有限公司	生产企业	consumable
GYS0006397	山东安得医疗用品股份有限公司	生产企业	consumable
GYS0006398	山东安昇美齿科技有限公司	生产企业	consumable
GYS0006399	山东安森护理用品有限公司	生产企业	consumable
GYS0006400	山东安珀生物科技有限公司	生产企业	consumable
GYS0006401	山东安通医疗器材有限公司	生产企业	consumable
GYS0006402	山东宏济堂制药集团股份有限公司	生产企业/上市许可持有人	drug
GYS0006403	山东宏科药业有限公司	生产企业	consumable
GYS0006404	山东宏阳纱布有限公司	生产企业	consumable
GYS0006405	山东宜岛康制药有限公司	生产企业/上市许可持有人	drug
GYS0006406	山东宝尔卫生用品有限公司	生产企业	consumable
GYS0006407	山东宝意康医疗器械有限公司	生产企业	consumable
GYS0006408	山东宝方药业有限公司	生产企业	consumable
GYS0006409	山东宫氏医疗科技有限公司	生产企业	consumable
GYS0006410	山东宸嘉医疗科技有限公司	生产企业	consumable
GYS0006411	山东容和堂医药集团有限公司	生产企业	consumable
GYS0006412	山东富瑞彩医疗科技有限公司	生产企业	consumable
GYS0006413	山东小心眼医疗科技有限公司	生产企业	consumable
GYS0006414	山东尚佳医疗科技有限公司	生产企业	consumable
GYS0006415	山东山大康诺制药有限公司	生产企业/上市许可持有人	drug
GYS0006416	山东山河医疗科技有限公司	生产企业	consumable
GYS0006417	山东岱佑医药科技有限公司	生产企业	consumable
GYS0006418	山东岳影医疗设备有限公司	生产企业	consumable
GYS0006419	山东岳草堂药业有限公司	生产企业	drug
GYS0006420	山东峰泰医疗科技有限公司	生产企业	consumable
GYS0006421	山东峰源医用材料有限公司	生产企业	consumable
GYS0006422	山东峻佰生物科技有限公司	生产企业	consumable
GYS0006423	山东巴罗克生物科技股份有限公司	生产企业	consumable
GYS0006424	山东巴菲特医疗器械有限公司	生产企业	consumable
GYS0006425	山东希力药业有限公司	生产企业/上市许可持有人	drug
GYS0006426	山东希尔康泰药业有限公司	生产企业/上市许可持有人	drug
GYS0006427	山东广育堂国药有限公司	生产企业/上市许可持有人	drug
GYS0006428	山东康世电子科技有限公司	生产企业	consumable
GYS0006429	山东康利莱医疗器材有限公司	生产企业	consumable
GYS0006430	山东康利达医用制品有限公司	生产企业	consumable
GYS0006431	山东康力医疗器械科技有限公司	生产企业	consumable
GYS0006432	山东康华生物医疗科技股份有限公司	生产企业	consumable
GYS0006433	山东康尔健医疗器械有限公司	生产企业	consumable
GYS0006434	山东康尔杰医疗科技有限公司	生产企业	consumable
GYS0006435	山东康康医疗器械有限公司	生产企业	consumable
GYS0006436	山东康恩瀚环保科技有限公司	生产企业	consumable
GYS0006437	山东康恭医疗器械有限公司	生产企业	consumable
GYS0006438	山东康护仕卫生用品有限公司	生产企业	consumable
GYS0006439	山东康泽润医疗用品有限公司	生产企业	consumable
GYS0006440	山东康爱制药有限公司	生产企业/上市许可持有人	drug
GYS0006441	山东康盛医疗器械股份有限公司	生产企业	consumable
GYS0006442	山东康耐德医疗科技有限公司	生产企业	consumable
GYS0006443	山东康赛福医疗器械有限公司	生产企业	consumable
GYS0006444	山东廷江药业有限公司	生产企业	consumable
GYS0006445	山东开泰医疗器械有限公司	生产企业	consumable
GYS0006446	山东弘迈医疗器械有限公司	生产企业	consumable
GYS0006447	山东强垒医疗用品有限公司	生产企业	consumable
GYS0006448	山东强燊药业股份有限公司	生产企业	consumable
GYS0006449	山东德可新生物科技有限公司	生产企业	consumable
GYS0006450	山东德孔医疗科技有限公司	生产企业	consumable
GYS0006451	山东德泓医疗器械有限公司	生产企业	consumable
GYS0006452	山东德萨医疗科技有限公司	生产企业	consumable
GYS0006453	山东念民医疗器材有限公司	生产企业	consumable
GYS0006454	山东思励医疗科技有限公司	生产企业	consumable
GYS0006455	山东思奥尔医疗科技有限公司	生产企业	consumable
GYS0006456	山东思诺医疗器械有限公司	生产企业	consumable
GYS0006457	山东怡康医用制品有限公司	生产企业	consumable
GYS0006458	山东恒发卫生用品有限公司	生产企业	consumable
GYS0006459	山东恒帆医疗器械有限公司	生产企业	consumable
GYS0006460	山东恒旺医药有限公司	生产企业	consumable
GYS0006461	山东恒昇医疗器械有限公司	生产企业	consumable
GYS0006462	山东恒泰医疗器械有限公司	生产企业	consumable
GYS0006463	山东恒辰生物科技有限公司	生产企业	consumable
GYS0006464	山东恺旋医药科技有限公司	生产企业	consumable
GYS0006465	山东悦卓医疗器械有限公司	生产企业	consumable
GYS0006466	山东惠浦医疗科技有限公司	生产企业	consumable
GYS0006467	山东慈恩药业有限公司	生产企业	consumable
GYS0006468	山东成武康瑞达医疗科技有限公司	生产企业	consumable
GYS0006469	山东成武荣华生物科技有限公司	生产企业	consumable
GYS0006470	山东成武贝斯特实验器材有限公司	生产企业	consumable
GYS0006471	山东成武赛诺医疗器械有限公司	生产企业	consumable
GYS0006472	山东承旭生物科技有限公司	生产企业	consumable
GYS0006473	山东拓健医疗科技有限公司	生产企业	consumable
GYS0006474	山东振富医疗科技股份有限公司	生产企业	consumable
GYS0006475	山东支点医疗科技有限公司	生产企业	consumable
GYS0006476	山东数创医疗器械有限公司	生产企业	consumable
GYS0006477	山东文亭医疗器械服务有限公司	生产企业	consumable
GYS0006478	山东文诺医疗器械有限公司	生产企业	consumable
GYS0006479	山东斯酷尔生物科技有限公司	生产企业	consumable
GYS0006480	山东新华健康产业有限公司	生产企业	consumable
GYS0006481	山东新华制药股份有限公司	生产企业/上市许可持有人	drug
GYS0006482	山东新华医疗器械股份有限公司	生产企业	consumable
GYS0006483	山东新华奇林软件技术有限公司	生产企业	consumable
GYS0006484	山东新华联合骨科器材股份有限公司	生产企业	consumable
GYS0006485	山东新华血液技术有限公司	生产企业	consumable
GYS0006486	山东新华鲁抗医药有限公司	生产企业/上市许可持有人	drug
GYS0006487	山东新垣医疗器械有限公司	生产企业	consumable
GYS0006488	山东新士际医疗科技有限公司	生产企业	consumable
GYS0006489	山东新大陆制药有限公司	生产企业/上市许可持有人	drug
GYS0006490	山东新宝康医疗器械有限公司	生产企业	consumable
GYS0006491	山东新时代药业有限公司	生产企业/上市许可持有人	drug
GYS0006492	山东新易兴医药科技有限公司	生产企业	consumable
GYS0006493	山东新美康生物制药有限公司	生产企业	consumable
GYS0006494	山东新迪医疗科技有限公司	生产企业	consumable
GYS0006495	山东新鲁医药科技有限公司	生产企业/上市许可持有人	drug
GYS0006496	山东方明药业集团股份有限公司	生产企业/上市许可持有人	drug
GYS0006497	山东日光药业有限公司	生产企业	consumable
GYS0006498	山东日康卫生用品有限公司	生产企业	consumable
GYS0006499	山东昂扬医疗科技有限公司	生产企业	consumable
GYS0006500	山东昊硕世纪医疗科技有限公司	生产企业	consumable
GYS0006501	山东昊福药业集团制药有限公司	生产企业/上市许可持有人	drug
GYS0006502	山东昌达药业有限公司	生产企业	consumable
GYS0006503	山东明仁福瑞达制药股份有限公司	生产企业/上市许可持有人	drug
GYS0006504	山东明冠医疗器械有限公司	生产企业	consumable
GYS0006505	山东明喜堂医疗器械有限公司	生产企业	consumable
GYS0006506	山东明岳医疗科技有限公司	生产企业	consumable
GYS0006507	山东明德生物医学工程有限公司	生产企业	consumable
GYS0006508	山东明河药业有限公司	生产企业	consumable
GYS0006509	山东易迈医疗科技有限公司	生产企业	consumable
GYS0006510	山东星之诚生物科技有限公司	生产企业	consumable
GYS0006511	山东星原药业有限公司	生产企业	consumable
GYS0006512	山东星程环保科技有限公司	生产企业	consumable
GYS0006513	山东星链医疗科技有限公司	生产企业	consumable
GYS0006514	山东春天药业有限公司	生产企业	drug
GYS0006515	山东显微智能科技有限公司	生产企业	consumable
GYS0006516	山东晟威达医疗用品有限公司	生产企业	consumable
GYS0006517	山东晟恒医疗科技有限公司	生产企业	consumable
GYS0006518	山东晟捷生物科技有限公司	生产企业	consumable
GYS0006519	山东晶鑫无纺布制品有限公司	生产企业	consumable
GYS0006520	山东智医智药生物科技有限公司	生产企业	consumable
GYS0006521	山东智奥医疗器械有限公司	生产企业	consumable
GYS0006522	山东智方生物技术有限公司	生产企业	consumable
GYS0006523	山东暖暖艾中药材进出口有限公司	生产企业	consumable
GYS0006524	山东朗诺制药有限公司	生产企业/上市许可持有人	drug
GYS0006525	山东本草药业有限公司	生产企业	drug
GYS0006526	山东朱氏堂医疗器械有限公司	生产企业	consumable
GYS0006527	山东朱氏药业集团有限公司	生产企业	consumable
GYS0006528	山东朴顺电子科技有限公司	生产企业	consumable
GYS0006529	山东极砭生物科技有限公司	生产企业	consumable
GYS0006530	山东极美乳胶科技有限公司	生产企业	consumable
GYS0006531	山东柏新医疗制品有限公司	生产企业	consumable
GYS0006532	山东柏阳制药有限公司	生产企业/上市许可持有人	drug
GYS0006533	山东柯瑞医疗科技有限公司	生产企业	consumable
GYS0006534	山东柯益泰医疗科技有限公司	生产企业	consumable
GYS0006535	山东格式医疗器械有限公司	生产企业	consumable
GYS0006536	山东桔子医疗器械有限公司	生产企业	consumable
GYS0006537	山东桥渡健康科技有限公司	生产企业	consumable
GYS0006538	山东梁山三利树脂有限公司	生产企业	consumable
GYS0006539	山东梅鹤生物科技有限公司	生产企业	consumable
GYS0006540	山东森盛医疗器械有限公司	生产企业	consumable
GYS0006541	山东森硕国际贸易有限公司	生产企业	consumable
GYS0006542	山东樊崎医疗科技有限公司	生产企业	consumable
GYS0006543	山东欢乐堂生物科技有限公司	生产企业	consumable
GYS0006544	山东欣健药业有限公司	生产企业	consumable
GYS0006545	山东欣克莱生物科技有限公司	生产企业	consumable
GYS0006546	山东欧力德医疗器械科技有限公司	生产企业	consumable
GYS0006547	山东歆悦药业有限公司	生产企业	consumable
GYS0006548	山东正义堂药业有限公司	生产企业	consumable
GYS0006549	山东正心医疗科技有限公司	生产企业	consumable
GYS0006550	山东步长制药股份有限公司	生产企业/上市许可持有人	drug
GYS0006551	山东步长神州制药有限公司	生产企业/上市许可持有人	drug
GYS0006552	山东永乐堂阿胶集团无极制药有限公司	生产企业/上市许可持有人	drug
GYS0006553	山东汇城医疗器械有限公司	生产企业	consumable
GYS0006554	山东汇海佳业医疗科技有限公司	生产企业	consumable
GYS0006555	山东汇诺医疗器械有限公司	生产企业	consumable
GYS0006556	山东汉方制药有限公司	生产企业/上市许可持有人	drug
GYS0006557	山东汉昂医疗科技有限公司	生产企业	consumable
GYS0006558	山东汉昂药业有限公司	生产企业	consumable
GYS0006559	山东江元生物科技有限公司	生产企业	consumable
GYS0006560	山东沃华医药科技股份有限公司	生产企业/上市许可持有人	drug
GYS0006561	山东沙多普生物科技有限公司	生产企业	consumable
GYS0006562	山东沪鸽口腔医疗集团有限公司	生产企业	consumable
GYS0006563	山东泉港药业有限公司	生产企业/上市许可持有人	drug
GYS0006564	山东泉茏繁盛科技发展有限公司	生产企业	consumable
GYS0006565	山东法斯莱医疗科技有限公司	生产企业	consumable
GYS0006566	山东泰克莱恩医疗科技有限公司	生产企业	consumable
GYS0006567	山东泰合心康医疗设备有限公司	生产企业	consumable
GYS0006568	山东泰生生物科技有限公司	生产企业	consumable
GYS0006569	山东泰盛药物研究有限公司	生产企业/上市许可持有人	drug
GYS0006570	山东泰祐药业有限公司	生产企业	consumable
GYS0006571	山东泰邦生物制品有限公司	生产企业/上市许可持有人	drug
GYS0006572	山东泽宇生物有限公司	生产企业/上市许可持有人	drug
GYS0006573	山东泽达医疗用品有限公司	生产企业	consumable
GYS0006574	山东洁诺尔医疗器械有限公司	生产企业	consumable
GYS0006575	山东洁露雪医疗科技有限公司	生产企业	consumable
GYS0006576	山东洋辰药业有限公司	生产企业	consumable
GYS0006577	山东派恩医疗器械有限公司	生产企业	consumable
GYS0006578	山东济仁堂制药有限公司	生产企业/上市许可持有人	drug
GYS0006579	山东济坤生物制药有限公司	生产企业	consumable
GYS0006580	山东济水阿胶有限公司	生产企业/上市许可持有人	drug
GYS0006581	山东济泰医疗科技有限公司	生产企业	consumable
GYS0006582	山东浩宝石膏制品有限公司	生产企业	consumable
GYS0006583	山东浩普医药科技有限公司	生产企业	consumable
GYS0006584	山东浩歌医疗技术有限公司	生产企业	consumable
GYS0006585	山东海佑医疗用品有限公司	生产企业	consumable
GYS0006586	山东海大倍尔信生物科技有限公司	生产企业	consumable
GYS0006587	山东海山药业有限公司	生产企业/上市许可持有人	drug
GYS0006588	山东海成医疗用品有限公司	生产企业	consumable
GYS0006589	山东海燕医用材料制造有限公司	生产企业	consumable
GYS0006590	山东海纯生物科技有限公司	生产企业	consumable
GYS0006591	山东海迪科医用制品有限公司	生产企业	consumable
GYS0006592	山东海雅医药科技有限公司	生产企业/上市许可持有人	drug
GYS0006593	山东消博士消毒科技股份有限公司	生产企业	consumable
GYS0006594	山东润中药业有限公司	生产企业/上市许可持有人	drug
GYS0006595	山东润华药业有限公司	生产企业/上市许可持有人	drug
GYS0006596	山东润川医疗科技有限公司	生产企业	consumable
GYS0006597	山东润泽制药有限公司	生产企业/上市许可持有人	drug
GYS0006598	山东润泽紫花药业有限公司	生产企业/上市许可持有人	drug
GYS0006599	山东润璟医疗科技有限公司	生产企业	consumable
GYS0006600	山东润迪医疗科技有限公司	生产企业	consumable
GYS0006601	山东涵瑞医疗器械有限公司	生产企业	consumable
GYS0006602	山东淄博新达制药有限公司	生产企业/上市许可持有人	drug
GYS0006603	山东淳悦祥医疗科技有限公司	生产企业	consumable
GYS0006604	山东源科生物科技股份有限公司	生产企业	consumable
GYS0006605	山东滋华仕生物科技有限公司	生产企业	consumable
GYS0006606	山东滨州三易医疗用品有限公司	生产企业	consumable
GYS0006607	山东滨州仁通医疗器械有限公司	生产企业	consumable
GYS0006608	山东瀛沥医疗器械科技有限公司	生产企业	consumable
GYS0006609	山东煜和堂药业有限公司	生产企业	consumable
GYS0006610	山东煜善堂药业有限公司	生产企业	consumable
GYS0006611	山东煜盛医疗器械有限公司	生产企业	consumable
GYS0006612	山东爱创生物医药有限公司	生产企业	consumable
GYS0006613	山东爱舒乐卫生用品有限责任公司	生产企业	consumable
GYS0006614	山东爱达医用制品有限公司	生产企业	consumable
GYS0006615	山东玉华电气有限公司	生产企业	consumable
GYS0006616	山东玉满坤生物科技有限公司	生产企业/上市许可持有人	drug
GYS0006617	山东玉航医疗有限公司	生产企业	consumable
GYS0006618	山东玖仕生物科技有限公司	生产企业	consumable
GYS0006619	山东瑄羽堂医药生物科技有限公司	生产企业	consumable
GYS0006620	山东瑞健达医疗用品有限公司	生产企业	consumable
GYS0006621	山东瑞华同辉光电科技有限公司	生产企业	consumable
GYS0006622	山东瑞合医药有限责任公司	生产企业	consumable
GYS0006623	山东瑞安泰医疗技术有限公司	生产企业	consumable
GYS0006624	山东瑞安药业有限公司	生产企业/上市许可持有人	drug
GYS0006625	山东瑞富亿医疗器械有限公司	生产企业	consumable
GYS0006626	山东瑞森医疗科技有限公司	生产企业	consumable
GYS0006627	山东瑞歌医疗器械有限公司	生产企业	consumable
GYS0006628	山东瑞泰奇医疗产业发展有限公司	生产企业	consumable
GYS0006629	山东瑞泰奇洗涤消毒科技有限公司	生产企业	consumable
GYS0006630	山东瑞诺康药业有限公司	生产企业	consumable
GYS0006631	山东瑞远医疗器械有限公司	生产企业	consumable
GYS0006632	山东瑞通高分子医疗器械有限公司	生产企业	consumable
GYS0006633	山东瑞鲲医疗科技有限公司	生产企业	consumable
GYS0006634	山东畅霖医疗器械有限公司	生产企业	consumable
GYS0006635	山东登胜药业有限公司	生产企业	consumable
GYS0006636	山东百世康医疗器械有限公司	生产企业	consumable
GYS0006637	山东百利特医疗器械有限公司	生产企业	consumable
GYS0006638	山东百士医疗器械服务有限公司	生产企业	consumable
GYS0006639	山东百多安医疗器械股份有限公司	生产企业	consumable
GYS0006640	山东百奥生物医药有限公司	生产企业	consumable
GYS0006641	山东百奥生物科技有限公司	生产企业	consumable
GYS0006642	山东百润医疗科技有限公司	生产企业	consumable
GYS0006643	山东百花神生物科技有限公司	生产企业	consumable
GYS0006644	山东百诺医药股份有限公司	生产企业/上市许可持有人	drug
GYS0006645	山东百骏生物科技有限公司	生产企业	consumable
GYS0006646	山东皇圣堂药业有限公司	生产企业	consumable
GYS0006647	山东皓泽医疗科技有限公司	生产企业	consumable
GYS0006648	山东益健药业有限公司	生产企业/上市许可持有人	drug
GYS0006649	山东益康药业股份有限公司	生产企业/上市许可持有人	drug
GYS0006650	山东益源医疗器械有限公司	生产企业	consumable
GYS0006651	山东盛凯源药业有限公司	生产企业	consumable
GYS0006652	山东盛宏医药科技有限公司	生产企业	consumable
GYS0006653	山东盛美康医疗科技有限公司	生产企业	consumable
GYS0006654	山东盛达医疗用品有限公司	生产企业	consumable
GYS0006655	山东盛迪医药有限公司	生产企业/上市许可持有人	drug
GYS0006656	山东盛铭医疗科技有限公司	生产企业	consumable
GYS0006657	山东省医宝生物科技有限公司	生产企业	consumable
GYS0006658	山东省固特矫医疗器械科技有限公司	生产企业	consumable
GYS0006659	山东省富特凯尔医疗科技有限公司	生产企业	consumable
GYS0006660	山东省惠诺药业有限公司	生产企业/上市许可持有人	drug
GYS0006661	山东省成武县医用制品厂	生产企业	consumable
GYS0006662	山东省成武县永康医用制品有限公司	生产企业	consumable
GYS0006663	山东省文登市整骨科技开发有限公司	生产企业	consumable
GYS0006664	山东省杰东医疗器械有限公司	生产企业	consumable
GYS0006665	山东省聊城云鹤医药生物有限公司	生产企业	consumable
GYS0006666	山东省聊城市大华医用品有限公司	生产企业	consumable
GYS0006667	山东省聚宝健康科技有限公司	生产企业	consumable
GYS0006668	山东省聚成医疗器械有限公司	生产企业	consumable
GYS0006669	山东省芙蓉堂药业有限公司	生产企业	drug,consumable
GYS0006670	山东省锦玺义齿有限责任公司	生产企业	consumable
GYS0006671	山东省陨石健康科技有限公司	生产企业	consumable
GYS0006672	山东睿鹰制药集团有限公司	生产企业/上市许可持有人	drug
GYS0006673	山东祥瑞东升医疗器械有限公司	生产企业	consumable
GYS0006674	山东福牌制药有限公司	生产企业	drug
GYS0006675	山东福牌阿胶股份有限公司	生产企业/上市许可持有人	drug
GYS0006676	山东福瑞达医药集团有限公司	生产企业/上市许可持有人	drug
GYS0006677	山东禹王制药有限公司	生产企业/上市许可持有人	drug
GYS0006678	山东禹迪医疗科技有限公司	生产企业	consumable
GYS0006679	山东禾宝药业有限公司	生产企业	consumable
GYS0006680	山东禾琦制药有限公司	生产企业/上市许可持有人	drug
GYS0006681	山东科伦药业有限公司	生产企业/上市许可持有人	drug
GYS0006682	山东科信惠益药业有限公司	生产企业/上市许可持有人	drug
GYS0006683	山东科兴医疗科技有限公司	生产企业	consumable
GYS0006684	山东科宏医疗科技有限公司	生产企业	consumable
GYS0006685	山东科慧生物科技有限公司	生产企业	consumable
GYS0006686	山东科成医药科技有限公司	生产企业/上市许可持有人	drug
GYS0006687	山东科源制药股份有限公司	生产企业	drug
GYS0006688	山东立威医疗科技有限公司	生产企业	consumable
GYS0006689	山东立菲生物产业有限公司	生产企业	consumable
GYS0006690	山东立诺生物科技有限公司	生产企业	consumable
GYS0006691	山东端信堂大禹药业有限公司	生产企业/上市许可持有人	drug
GYS0006692	山东竹林医疗器械有限公司	生产企业	consumable
GYS0006693	山东竹蜻蜓医疗用品有限公司	生产企业	consumable
GYS0006694	山东竹蜻蜓纸业有限公司	生产企业	consumable
GYS0006695	山东笑康生物科技有限公司	生产企业	consumable
GYS0006696	山东简道制药有限公司	生产企业/上市许可持有人	drug
GYS0006697	山东纳美德生物科技有限公司	生产企业	consumable
GYS0006698	山东绚度生物科技有限公司	生产企业	consumable
GYS0006699	山东维心医疗器械有限公司	生产企业	consumable
GYS0006700	山东维戈利尔电子科技有限公司	生产企业	consumable
GYS0006701	山东维璟医疗器械股份有限公司	生产企业	consumable
GYS0006702	山东绿叶制药有限公司	生产企业/上市许可持有人	drug
GYS0006703	山东绿因药业有限公司	生产企业/上市许可持有人	drug
GYS0006704	山东缘郎中医药科技有限公司	生产企业	consumable
GYS0006705	山东罗欣乐康制药有限公司	生产企业/上市许可持有人	drug
GYS0006706	山东罗欣药业集团股份有限公司	生产企业/上市许可持有人	drug
GYS0006707	山东美得纸业有限公司	生产企业	consumable
GYS0006708	山东美珂医疗科技有限公司	生产企业	consumable
GYS0006709	山东美裕医疗科技有限公司	生产企业	consumable
GYS0006710	山东美赫曼生物医药科技有限公司	生产企业	consumable
GYS0006711	山东美达医疗科技有限公司	生产企业	consumable
GYS0006712	山东美鸣医疗器械有限公司	生产企业	consumable
GYS0006713	山东羚药医疗器械有限公司	生产企业	consumable
GYS0006714	山东翘华医疗股份有限公司	生产企业	consumable
GYS0006715	山东耀华医疗器械股份有限公司	生产企业	consumable
GYS0006716	山东耀源医疗器械有限公司	生产企业	consumable
GYS0006717	山东联泓医疗器械有限公司	生产企业	consumable
GYS0006718	山东联胜医疗器械有限公司	生产企业	consumable
GYS0006719	山东联辰医疗科技有限公司	生产企业	consumable
GYS0006720	山东聚晟医疗科技有限公司	生产企业	consumable
GYS0006721	山东肯麦贸易有限公司	生产企业	consumable
GYS0006722	山东胜利药业有限公司	生产企业	drug
GYS0006723	山东腾贵医药有限公司	生产企业	consumable
GYS0006724	山东致泰医药技术有限公司	生产企业/上市许可持有人	drug
GYS0006725	山东致良知和生物科技有限公司	生产企业	consumable
GYS0006726	山东舜易康药业有限公司	生产企业	consumable
GYS0006727	山东航和医疗设备有限公司	生产企业	consumable
GYS0006728	山东航维骨科医疗器械股份有限公司	生产企业	consumable
GYS0006729	山东良医医疗器械有限公司	生产企业	consumable
GYS0006730	山东良友生物科技有限公司	生产企业	consumable
GYS0006731	山东良福制药有限公司	生产企业/上市许可持有人	drug
GYS0006732	山东良跃医疗器械科技有限公司	生产企业	consumable
GYS0006733	山东艾克韦生物技术有限公司	生产企业	consumable
GYS0006734	山东艾华堂生物科技有限公司	生产企业	consumable
GYS0006735	山东艾生堂药业有限公司	生产企业	consumable
GYS0006736	山东艾美医疗器械有限公司	生产企业	consumable
GYS0006737	山东艾默里特生物科技有限公司	生产企业	consumable
GYS0006738	山东茵诺威医疗科技有限公司	生产企业	consumable
GYS0006739	山东荣健卫生材料有限公司	生产企业	consumable
GYS0006740	山东莱卫医疗科技有限公司	生产企业	consumable
GYS0006741	山东菏信医疗器械有限公司	生产企业	consumable
GYS0006742	山东蒂恒生物科技有限公司	生产企业	consumable
GYS0006743	山东蓝帆新材料有限公司	生产企业	consumable
GYS0006744	山东蓝晶生物技术有限公司	生产企业/上市许可持有人	drug
GYS0006745	山东蓝欧实业有限公司	生产企业	consumable
GYS0006746	山东蓝汀制药有限公司	生产企业	drug
GYS0006747	山东融元康医疗科技有限公司	生产企业	consumable
GYS0006748	山东袁氏基业医疗科技有限公司	生产企业	consumable
GYS0006749	山东裕欣药业有限公司	生产企业/上市许可持有人	drug
GYS0006750	山东西纽生物科技有限公司	生产企业	consumable
GYS0006751	山东见微生物科技有限公司	生产企业	consumable
GYS0006752	山东誉满鸿福健康科技有限公司	生产企业	consumable
GYS0006753	山东诚惠医疗科技有限公司	生产企业	consumable
GYS0006754	山东诺亚医疗器械有限公司	生产企业	consumable
GYS0006755	山东诺力克医药科技有限公司	生产企业	consumable
GYS0006756	山东诺帆物联网科技有限公司	生产企业	consumable
GYS0006757	山东诺曼医疗器械有限公司	生产企业	consumable
GYS0006758	山东诺美经贸有限公司	生产企业	consumable
GYS0006759	山东诺辰康生物医药有限公司	生产企业	consumable
GYS0006760	山东贝诺医药生物科技有限公司	生产企业	consumable
GYS0006761	山东贝诺斯医疗器械有限公司	生产企业	consumable
GYS0006762	山东赛夫特药业有限公司	生产企业	consumable
GYS0006763	山东赫侨医疗科技有限公司	生产企业	consumable
GYS0006764	山东超峰医药科技有限公司	生产企业	consumable
GYS0006765	山东路宝润医疗科技有限公司	生产企业	consumable
GYS0006766	山东辉成药业有限公司	生产企业/上市许可持有人	drug
GYS0006767	山东辉瑞莱生物工程有限公司	生产企业	consumable
GYS0006768	山东辰星医疗科技有限公司	生产企业	consumable
GYS0006769	山东辰欣佛都药业股份有限公司	生产企业/上市许可持有人	drug
GYS0006770	山东辰赛医疗器械有限公司	生产企业	consumable
GYS0006771	山东辰赫医药管理有限公司	生产企业	consumable
GYS0006772	山东达冠医药科技有限公司	生产企业/上市许可持有人	drug
GYS0006773	山东达因海洋生物制药股份有限公司	生产企业/上市许可持有人	drug
GYS0006774	山东达因金控儿童制药有限公司	生产企业/上市许可持有人	drug
GYS0006775	山东达尔康医疗科技有限公司	生产企业	consumable
GYS0006776	山东迅华医疗器械有限公司	生产企业	consumable
GYS0006777	山东迈尔医疗科技有限公司	生产企业	consumable
GYS0006778	山东迈得新材料有限公司	生产企业	consumable
GYS0006779	山东迈高医疗器械有限公司	生产企业	consumable
GYS0006780	山东远拓医疗器械有限公司	生产企业	consumable
GYS0006781	山东连发医用塑胶制品有限公司	生产企业	consumable
GYS0006782	山东迪赛姆医疗科技有限公司	生产企业	consumable
GYS0006783	山东适康医疗科技有限公司	生产企业	consumable
GYS0006784	山东速康医疗科技有限公司	生产企业	consumable
GYS0006785	山东道齐生物医药科技有限公司	生产企业/上市许可持有人	drug
GYS0006786	山东邦佰诺医疗科技有限公司	生产企业	consumable
GYS0006787	山东邦泰医疗器械有限公司	生产企业	consumable
GYS0006788	山东邦盾医疗科技有限公司	生产企业	consumable
GYS0006789	山东采采医疗科技有限公司	生产企业	consumable
GYS0006790	山东金城生物药业有限公司	生产企业/上市许可持有人	drug
GYS0006791	山东金慧康医疗器械有限公司	生产企业	consumable
GYS0006792	山东金辉生物科技有限公司	生产企业	consumable
GYS0006793	山东鑫利源医疗器械有限公司	生产企业	consumable
GYS0006794	山东鑫巍生物科技有限公司	生产企业	consumable
GYS0006795	山东鑫惠药业有限公司	生产企业/上市许可持有人	drug
GYS0006796	山东鑫涵医疗器械有限公司	生产企业	consumable
GYS0006797	山东鑫珂海洋生物技术股份有限公司	生产企业	consumable
GYS0006798	山东鑫诚药业有限公司	生产企业	consumable
GYS0006799	山东鑫谊源医疗科技股份有限公司	生产企业	consumable
GYS0006800	山东鑫运胜药业有限公司	生产企业	consumable
GYS0006801	山东鑫鲁慷药业有限公司	生产企业	consumable
GYS0006802	山东鑫齐药业有限公司	生产企业/上市许可持有人	drug
GYS0006803	山东钛盾生物科技有限公司	生产企业	consumable
GYS0006804	山东钧诺医疗科技有限公司	生产企业	consumable
GYS0006805	山东钱乙药业有限公司	生产企业	consumable
GYS0006806	山东铭源乳胶有限责任公司	生产企业	consumable
GYS0006807	山东银龙医疗科技有限公司	生产企业	consumable
GYS0006808	山东锐迈特医疗科技有限公司	生产企业	consumable
GYS0006809	山东锦硕医疗器械有限公司	生产企业	consumable
GYS0006810	山东锦绣川制药有限责任公司	生产企业	drug
GYS0006811	山东长运医药用品有限公司	生产企业	consumable
GYS0006812	山东隆康药业有限公司	生产企业	consumable
GYS0006813	山东隽秀生物科技股份有限公司	生产企业	consumable
GYS0006814	山东雅斯医疗用品有限公司	生产企业	consumable
GYS0006815	山东雷帕罗义齿有限公司	生产企业	consumable
GYS0006816	山东青医科技有限公司	生产企业	consumable
GYS0006817	山东顺华医疗器械有限公司	生产企业	consumable
GYS0006818	山东顺康卫生用品有限公司	生产企业	consumable
GYS0006819	山东顺意康医疗用品有限公司	生产企业	consumable
GYS0006820	山东颐兴医疗器械有限公司	生产企业	consumable
GYS0006821	山东颐诺医疗科技有限公司	生产企业	consumable
GYS0006822	山东飞洋医疗科技有限公司	生产企业	consumable
GYS0006823	山东馨邦卫生用品有限公司	生产企业	consumable
GYS0006824	山东马仁堂药业有限公司	生产企业	consumable
GYS0006825	山东骅千和医疗科技有限公司	生产企业	consumable
GYS0006826	山东高昂医疗科技有限公司	生产企业	consumable
GYS0006827	山东高泰医疗器械有限公司	生产企业	consumable
GYS0006828	山东高赛德科技发展股份有限公司	生产企业	consumable
GYS0006829	山东鲁亨医疗器械有限公司	生产企业	consumable
GYS0006830	山东鲁北药业有限公司	生产企业	drug
GYS0006831	山东鲁宁药业有限公司	生产企业/上市许可持有人	drug
GYS0006832	山东鲁康医疗科技有限公司	生产企业	consumable
GYS0006833	山东鲁抗三叶制药有限公司	生产企业/上市许可持有人	drug
GYS0006834	山东鲁抗医药股份有限公司	生产企业/上市许可持有人	drug
GYS0006835	山东鲁抗医药集团赛特有限责任公司	生产企业/上市许可持有人	drug
GYS0006836	山东鲁润阿胶健康产业有限公司	生产企业/上市许可持有人	drug
GYS0006837	山东鲁润阿胶药业有限公司	生产企业	consumable
GYS0006838	山东鲁盛制药有限公司	生产企业/上市许可持有人	drug
GYS0006839	山东鲁药制药有限公司	生产企业/上市许可持有人	drug
GYS0006840	山东鲁西药业有限公司	生产企业/上市许可持有人	drug
GYS0006841	山东鲨鱼医疗科技有限公司	生产企业	consumable
GYS0006842	山东鲨鱼生物有限公司	生产企业	consumable
GYS0006843	山东鸣辉生物科技有限公司	生产企业	consumable
GYS0006844	山东鸣达生物科技有限公司	生产企业	consumable
GYS0006845	山东鸿元医药科技有限公司	生产企业	consumable
GYS0006846	山东鸿展生物科技有限公司	生产企业	consumable
GYS0006847	山东鸿鑫淼生物科技有限公司	生产企业	consumable
GYS0006848	山东麦德生物科技有限公司	生产企业	consumable
GYS0006849	山东鼎壹生物科技有限公司	生产企业	consumable
GYS0006850	山东齐安医疗科技有限公司	生产企业	consumable
GYS0006851	山东齐都药业有限公司	生产企业/上市许可持有人	drug,consumable
GYS0006852	山东齐韶医疗科技有限公司	生产企业	consumable
GYS0006853	山八齿材工业（常熟）有限公司	生产企业	consumable
GYS0006854	山地爱得医学科技（北京）有限公司	生产企业	consumable
GYS0006855	山德士(中国)制药有限公司	生产企业/上市许可持有人	drug
GYS0006856	山海心辰（武汉）医疗科技有限公司	生产企业	consumable
GYS0006857	山西一宜医药科技有限公司	生产企业	consumable
GYS0006858	山西万辉制药有限公司	生产企业/上市许可持有人	drug
GYS0006859	山西三晋药业有限公司	生产企业/上市许可持有人	drug
GYS0006860	山西丕康药业有限公司	生产企业/上市许可持有人	drug
GYS0006861	山西中烨医药科技有限公司	生产企业	consumable
GYS0006862	山西中远威药业有限公司	生产企业	drug
GYS0006863	山西丰源药业有限公司	生产企业	consumable
GYS0006864	山西丹晖生物科技有限公司	生产企业	consumable
GYS0006865	山西久可生物医药有限公司	生产企业	consumable
GYS0006866	山西义云生物激光科技有限公司	生产企业	consumable
GYS0006867	山西云鹏制药有限公司	生产企业	drug
GYS0006868	山西云鼎义齿技术有限公司	生产企业	consumable
GYS0006869	山西亚东康复辅具有限公司	生产企业	consumable
GYS0006870	山西亨瑞达制药有限公司	生产企业	drug
GYS0006871	山西仁源堂药业有限公司	生产企业/上市许可持有人	drug
GYS0006872	山西仟源医药集团股份有限公司	生产企业/上市许可持有人	drug
GYS0006873	山西以诺医疗科技有限公司	生产企业	consumable
GYS0006874	山西健康之路医疗器械有限公司	生产企业	consumable
GYS0006875	山西健康动力医疗科技有限公司	生产企业	consumable
GYS0006876	山西光艺义齿科技有限责任公司	生产企业	consumable
GYS0006877	山西兰花药业股份有限公司	生产企业/上市许可持有人	drug
GYS0006878	山西利丰华瑞制药有限责任公司	生产企业	drug
GYS0006879	山西利济堂药业有限公司	生产企业	consumable
GYS0006880	山西力玖药业有限公司	生产企业/上市许可持有人	drug
GYS0006881	山西医清克药业有限公司	生产企业/上市许可持有人	drug
GYS0006882	山西医用高分子制品股份有限公司	生产企业	consumable
GYS0006883	山西千汇药业有限公司	生产企业	drug
GYS0006884	山西华元医药生物技术有限公司	生产企业	drug
GYS0006885	山西华卫药业有限公司	生产企业/上市许可持有人	drug
GYS0006886	山西华康药业股份有限公司	生产企业/上市许可持有人	drug
GYS0006887	山西华鼎新泉医疗器械制造有限公司	生产企业	consumable
GYS0006888	山西卓越康诚牙科技术有限责任公司	生产企业	consumable
GYS0006889	山西博世万安医疗器械有限公司	生产企业	consumable
GYS0006890	山西博莱斯克医疗科技有限公司	生产企业	consumable
GYS0006891	山西卫信医疗科技有限公司	生产企业	consumable
GYS0006892	山西卫泰医疗器械有限公司	生产企业	consumable
GYS0006893	山西双雁药业有限公司	生产企业/上市许可持有人	drug
GYS0006894	山西同达药业有限公司	生产企业/上市许可持有人	drug
GYS0006895	山西唯美皓齿科器械有限公司	生产企业	consumable
GYS0006896	山西嘉文生物科技有限公司	生产企业	consumable
GYS0006897	山西国润制药有限公司	生产企业/上市许可持有人	drug
GYS0006898	山西复盛公大药厂有限公司	生产企业/上市许可持有人	drug
GYS0006899	山西天南易联医疗科技有限公司	生产企业	consumable
GYS0006900	山西天施医疗科技有限公司	生产企业	consumable
GYS0006901	山西天生制药有限责任公司	生产企业/上市许可持有人	drug
GYS0006902	山西天致药业有限公司	生产企业/上市许可持有人	drug
GYS0006903	山西太原药业有限公司	生产企业/上市许可持有人	drug
GYS0006904	山西太行药业股份有限公司	生产企业/上市许可持有人	drug
GYS0006905	山西奥瑞生物材料有限公司	生产企业	consumable
GYS0006906	山西好医生药业有限公司	生产企业/上市许可持有人	drug
GYS0006907	山西妍丽数码科技有限责任公司	生产企业	consumable
GYS0006908	山西威兰嘉业医疗器械有限公司	生产企业	consumable
GYS0006909	山西威奇达光明制药有限公司	生产企业/上市许可持有人	drug
GYS0006910	山西威特生物科技有限公司	生产企业	consumable
GYS0006911	山西宝泰药业有限责任公司	生产企业/上市许可持有人	drug
GYS0006912	山西峰钰科技有限公司	生产企业	consumable
GYS0006913	山西广誉远国药有限公司	生产企业/上市许可持有人	drug
GYS0006914	山西康威制药有限责任公司	生产企业	drug
GYS0006915	山西康宁医药科技有限公司	生产企业	consumable
GYS0006916	山西康宝生物制品股份有限公司	生产企业/上市许可持有人	drug
GYS0006917	山西康必健医疗科技股份有限公司	生产企业	consumable
GYS0006918	山西康必健医药集团有限公司	生产企业	consumable
GYS0006919	山西康意制药有限公司	生产企业	drug
GYS0006920	山西康成利安医药有限公司	生产企业/上市许可持有人	drug
GYS0006921	山西康欣药业有限公司	生产企业/上市许可持有人	drug
GYS0006922	山西康泰药业有限公司	生产企业	consumable
GYS0006923	山西康灵医疗器械有限公司	生产企业	consumable
GYS0006924	山西康立生药业有限公司	生产企业/上市许可持有人	drug
GYS0006925	山西康迈德医疗器械有限公司	生产企业	consumable
GYS0006926	山西康雅义齿精品制作有限公司	生产企业	consumable
GYS0006927	山西微准生物科技有限公司	生产企业	consumable
GYS0006928	山西微笑义齿医疗器械有限公司	生产企业	consumable
GYS0006929	山西德元堂药业有限公司	生产企业/上市许可持有人	drug
GYS0006930	山西德广医疗科技有限公司	生产企业	consumable
GYS0006931	山西德心源医疗科技有限公司	生产企业	consumable
GYS0006932	山西惠达林曦医药科技有限公司	生产企业/上市许可持有人	drug
GYS0006933	山西挚友医疗科技有限公司	生产企业	consumable
GYS0006934	山西振东五和堂制药有限公司	生产企业/上市许可持有人	drug
GYS0006935	山西振东制药股份有限公司	生产企业/上市许可持有人	drug
GYS0006936	山西振东安欣生物制药有限公司	生产企业/上市许可持有人	drug
GYS0006937	山西振东泰盛制药有限公司	生产企业/上市许可持有人	drug
GYS0006938	山西斯隆医疗科技有限公司	生产企业	consumable
GYS0006939	山西新华美医疗器械有限公司	生产企业	consumable
GYS0006940	山西新宝源制药有限公	生产企业	drug
GYS0006941	山西新宝源制药有限公司	生产企业/上市许可持有人	drug
GYS0006942	山西新星制药有限公司	生产企业	drug
GYS0006943	山西旺龙药业集团有限公司	生产企业/上市许可持有人	drug
GYS0006944	山西昂生药业有限责任公司	生产企业/上市许可持有人	drug
GYS0006945	山西明医堂药业有限公司	生产企业	consumable
GYS0006946	山西明鼎医药科技有限公司	生产企业	consumable
GYS0006947	山西晋新双鹤药业有限责任公司	生产企业/上市许可持有人	drug
GYS0006948	山西晟泽元生物科技有限公司	生产企业/上市许可持有人	drug
GYS0006949	山西普德药业有限公司	生产企业/上市许可持有人	drug
GYS0006950	山西普恒制药有限公司	生产企业/上市许可持有人	drug
GYS0006951	山西曦跃医疗器械有限公司	生产企业	consumable
GYS0006952	山西正元盛邦制药有限公司	生产企业	drug
GYS0006953	山西正来制药有限公司	生产企业	drug
GYS0006954	山西汉济堂医疗科技有限公司	生产企业	consumable
GYS0006955	山西汾河制药有限公司	生产企业/上市许可持有人	drug
GYS0006956	山西洁康惠医疗器械有限公司	生产企业	consumable
GYS0006957	山西津华晖星制药有限公司	生产企业/上市许可持有人	drug
GYS0006958	山西海博贝马生物科技有限公司	生产企业	consumable
GYS0006959	山西海德药业有限公司	生产企业	consumable
GYS0006960	山西海清源生物科技有限公司	生产企业	consumable
GYS0006961	山西渊源药业有限公司	生产企业/上市许可持有人	drug
GYS0006962	山西湛华医疗科技有限公司	生产企业	consumable
GYS0006963	山西澳迩药业有限公司	生产企业/上市许可持有人	drug
GYS0006964	山西瑞博隆生物科技有限公司	生产企业	consumable
GYS0006965	山西甄艺义齿技术有限公司	生产企业	consumable
GYS0006966	山西生科医疗器械有限公司	生产企业	consumable
GYS0006967	山西百特辉医疗科技有限公司	生产企业	consumable
GYS0006968	山西皇城相府沁河制药有限公司	生产企业	drug
GYS0006969	山西皇城相府药业股份有限公司	生产企业/上市许可持有人	drug
GYS0006970	山西皮尔复生物技术有限公司	生产企业	consumable
GYS0006971	山西盈凯源生物科技有限公司	生产企业	consumable
GYS0006972	山西省临汾健民制药厂有限公司	生产企业/上市许可持有人	drug
GYS0006973	山西省吕梁中药厂	生产企业	drug
GYS0006974	山西省太原晋阳制药厂	生产企业	drug
GYS0006975	山西省太原晋阳制药厂(有限公司)	生产企业/上市许可持有人	drug
GYS0006976	山西神农晟昱医疗器械有限责任公司	生产企业	consumable
GYS0006977	山西程氏汇通科技有限公司	生产企业	consumable
GYS0006978	山西立业制药有限公司	生产企业/上市许可持有人	drug
GYS0006979	山西立爽药业有限公司	生产企业	consumable
GYS0006980	山西简洁卫材有限公司	生产企业	consumable
GYS0006981	山西纳安生物科技股份有限公司	生产企业	consumable
GYS0006982	山西纳德西生物科技有限公司	生产企业	consumable
GYS0006983	山西美原齿科器械有限责任公司	生产企业	consumable
GYS0006984	山西美原齿科器械有限责任公司内蒙古分公司	生产企业	consumable
GYS0006985	山西耐斯医疗器械有限公司	生产企业	consumable
GYS0006986	山西联袂义齿技术有限公司	生产企业	consumable
GYS0006987	山西腾达辉科技有限公司	生产企业	consumable
GYS0006988	山西艾欣尔医疗科技有限公司	生产企业	consumable
GYS0006989	山西艾瑞科生物医药科技有限公司	生产企业	consumable
GYS0006990	山西衡卫科技有限公司	生产企业	consumable
GYS0006991	山西西京医疗设备有限公司	生产企业	consumable
GYS0006992	山西诺成制药有限公司	生产企业/上市许可持有人	drug
GYS0006993	山西谷枢医疗科技有限公司	生产企业	consumable
GYS0006994	山西赛思医疗科技有限公司	生产企业	consumable
GYS0006995	山西辅仁恒峰药业有限公司	生产企业/上市许可持有人	drug
GYS0006996	山西迈欧医疗器械有限公司	生产企业	consumable
GYS0006997	山西迈迪制药有限公司	生产企业	drug
GYS0006998	山西远扬医药科技有限公司	生产企业/上市许可持有人	drug
GYS0006999	山西邦仕得药业有限公司	生产企业	drug
GYS0007000	山西鑫煜制药股份有限公司	生产企业/上市许可持有人	drug
GYS0007001	山西铭羽生物科技有限公司	生产企业/上市许可持有人	drug
GYS0007002	山西银药师医药有限公司	生产企业	consumable
GYS0007003	山西锦波生物医药股份有限公司	生产企业	consumable
GYS0007004	山西锶为智能科技有限公司	生产企业	consumable
GYS0007005	山西阳和医药技术有限公司	生产企业/上市许可持有人	drug
GYS0007006	山西雅韵雕医疗科技有限公司	生产企业	consumable
GYS0007007	山西黄河中药有限公司	生产企业	drug
GYS0007008	山西龙醒健康产业有限公司	生产企业	consumable
GYS0007009	岐伯医药（吉林）有限公司	生产企业	consumable
GYS0007010	岭南药厂(香港)有限公司	生产企业/上市许可持有人	drug
GYS0007011	岱川医疗（深圳）有限责任公司	生产企业	consumable
GYS0007012	岳冠义齿（山东）有限公司	生产企业	consumable
GYS0007013	岳阳同联药业有限公司	生产企业/上市许可持有人	drug
GYS0007014	岳阳君健医疗器械有限公司	生产企业	consumable
GYS0007015	岳阳市博康假肢矫形康复中心	生产企业	consumable
GYS0007016	岳阳新华达制药有限公司	生产企业/上市许可持有人	drug
GYS0007017	岳阳民康医用材料有限公司	生产企业	consumable
GYS0007018	岳阳美康义齿制作有限公司	生产企业	consumable
GYS0007019	峨眉山通惠制药有限公司	生产企业/上市许可持有人	drug
GYS0007020	峰春源医疗器械（深圳）有限公司	生产企业	consumable
GYS0007021	崇仁（厦门）医疗器械有限公司	生产企业	consumable
GYS0007022	崇阳县康盛卫生用品有限责任公司	生产企业	consumable
GYS0007023	崇阳宇安医疗科技有限公司	生产企业	consumable
GYS0007024	崧妍（湖南）生物技术有限公司	生产企业	consumable
GYS0007025	嵊州市加美义齿制作中心	生产企业	consumable
GYS0007026	巍太医疗科技（常州）有限公司	生产企业	consumable
GYS0007027	川田卫生用品（浙江）有限公司	生产企业	consumable
GYS0007028	巢湖市宾雄医疗器械有限公司	生产企业	consumable
GYS0007029	左点（湖南）科技有限公司	生产企业	consumable
GYS0007030	巨创生物科技（湖北）有限公司	生产企业	consumable
GYS0007031	巨泽（福建）医疗器械有限公司	生产企业	consumable
GYS0007032	巨翊医疗科技（苏州）有限公司	生产企业	consumable
GYS0007033	巨野福尔娜医用器械有限公司	生产企业	consumable
GYS0007034	巴尔特科贸（北京）有限公司	生产企业	consumable
GYS0007035	巴州冠鼎医疗器械有限公司	生产企业	consumable
GYS0007036	巴德医疗科技（上海）有限公司	生产企业	consumable
GYS0007037	巴斯特医药科技（常州）有限公司	生产企业	consumable
GYS0007038	巴特勒生物科技（苏州）有限公司	生产企业	consumable
GYS0007039	巴迪脉通医疗科技（苏州）有限公司	生产企业	consumable
GYS0007040	布兰德生物医学技术(北京)有限公司	生产企业	consumable
GYS0007041	师机敷方堂医药科技（曹县）有限公司	生产企业	consumable
GYS0007042	希格玛(湖州)医疗器械有限公司	生产企业	consumable
GYS0007043	希玛德医疗器材（上海）有限公司	生产企业	consumable
GYS0007044	希百寿药业有限公司	生产企业	drug
GYS0007045	希罗镜下医疗科技发展（上海）有限公司	生产企业	consumable
GYS0007046	希迪克康养产业发展有限公司	生产企业	consumable
GYS0007047	帕瑞医学科技（北京）有限公司	生产企业	consumable
GYS0007048	帝医思（上海）贸易有限公司	生产企业	consumable
GYS0007049	帝斯博（常州）医疗用品股份有限公司	生产企业	consumable
GYS0007050	席勒国际贸易（上海）有限公司	生产企业	consumable
GYS0007051	常山生化药业(江苏)有限公司	生产企业/上市许可持有人	drug
GYS0007052	常州一对一医药科技有限公司	生产企业	consumable
GYS0007053	常州乐奥医疗科技股份有限公司	生产企业	consumable
GYS0007054	常州亨杰医疗器械有限公司	生产企业	consumable
GYS0007055	常州今人医疗科技有限公司	生产企业	consumable
GYS0007056	常州仕萃姿医疗器械有限公司	生产企业	consumable
GYS0007057	常州伊沃特医疗器械有限公司	生产企业	consumable
GYS0007058	常州众一医疗器械有限公司	生产企业	consumable
GYS0007059	常州优复瑞医疗器械有限公司	生产企业	consumable
GYS0007060	常州优耐特医用材料有限公司	生产企业	consumable
GYS0007061	常州伟普医疗器械有限公司	生产企业	consumable
GYS0007062	常州佳森医疗器械有限公司	生产企业	consumable
GYS0007063	常州健力邦德医疗器械有限公司	生产企业	consumable
GYS0007064	常州健诺医疗器材有限公司	生产企业	consumable
GYS0007065	常州兰陵制药有限公司	生产企业/上市许可持有人	drug
GYS0007066	常州凯尼特医疗科技有限公司	生产企业	consumable
GYS0007067	常州创捷微创医疗器械有限公司	生产企业	consumable
GYS0007068	常州制药厂有限公司	生产企业/上市许可持有人	drug
GYS0007069	常州医疗器材总厂股份有限公司	生产企业	consumable
GYS0007070	常州千红生化制药股份有限公司	生产企业/上市许可持有人	drug
GYS0007071	常州华众生物科技有限公司	生产企业	consumable
GYS0007072	常州华岳微创医疗器械有限公司	生产企业	consumable
GYS0007073	常州华森医疗器械股份有限公司	生产企业	consumable
GYS0007074	常州华森奥斯欧医疗器械有限公司	生产企业	consumable
GYS0007075	常州华生制药有限公司	生产企业	drug
GYS0007076	常州华美堂医疗器械有限公司	生产企业	consumable
GYS0007077	常州华联医疗器械集团股份有限公司	生产企业	consumable
GYS0007078	常州博闻迪医药股份有限公司	生产企业	consumable
GYS0007079	常州卫宁医疗科技有限公司	生产企业	consumable
GYS0007080	常州双诚绷带有限公司	生产企业	consumable
GYS0007081	常州同创医疗器械科技有限公司	生产企业	consumable
GYS0007082	常州吾合生物医药有限责任公司	生产企业/上市许可持有人	drug
GYS0007083	常州哈福医疗器械有限公司	生产企业	consumable
GYS0007084	常州四药制药有限公司	生产企业/上市许可持有人	drug
GYS0007085	常州大章医疗器械有限公司	生产企业	consumable
GYS0007086	常州天天爱医疗器械有限公司	生产企业	consumable
GYS0007087	常州奥尔医疗器械有限公司	生产企业	consumable
GYS0007088	常州奥斯迈医疗器械有限公司	生产企业	consumable
GYS0007089	常州好利医疗器械有限公司	生产企业	consumable
GYS0007090	常州威克医疗器械有限公司	生产企业	consumable
GYS0007091	常州安克医疗科技有限公司	生产企业	consumable
GYS0007092	常州安康医疗器械有限公司	生产企业	consumable
GYS0007093	常州山合医疗科技有限公司	生产企业	consumable
GYS0007094	常州巨久回康医疗科技有限公司	生产企业	consumable
GYS0007095	常州市三润医疗器械科技有限公司	生产企业	consumable
GYS0007096	常州市世兴医疗器械有限公司	生产企业	consumable
GYS0007097	常州市久成电子设备有限公司	生产企业	consumable
GYS0007098	常州市久虹医疗器械有限公司	生产企业	consumable
GYS0007099	常州市乐佳医疗器械有限公司	生产企业	consumable
GYS0007100	常州市亚平医用材料有限公司	生产企业	consumable
GYS0007101	常州市伊诺威医疗科技有限公司	生产企业	consumable
GYS0007102	常州市佳杰医疗器械有限公司	生产企业	consumable
GYS0007103	常州市元泰医疗器械有限公司	生产企业	consumable
GYS0007104	常州市凯优医疗器械有限公司	生产企业	consumable
GYS0007105	常州市创佳医疗器械有限公司	生产企业	consumable
GYS0007106	常州市创美烤瓷制作中心	生产企业	consumable
GYS0007107	常州市利康医疗用品有限公司	生产企业	consumable
GYS0007108	常州市南翔医疗器械有限公司	生产企业	consumable
GYS0007109	常州市双马医疗器材有限公司	生产企业	consumable
GYS0007110	常州市和欣制药有限公司	生产企业	drug
GYS0007111	常州市回春医疗器材有限公司	生产企业	consumable
GYS0007112	常州市天晟医疗器械有限公司	生产企业	consumable
GYS0007113	常州市康仁医疗器械有限公司	生产企业	consumable
GYS0007114	常州市康力卫生材料有限公司	生产企业	consumable
GYS0007115	常州市康宇医疗器械有限公司	生产企业	consumable
GYS0007116	常州市康心医疗器械有限公司	生产企业	consumable
GYS0007117	常州市康福特医疗用品有限公司	生产企业	consumable
GYS0007118	常州市康蒂娜医疗科技有限公司	生产企业	consumable
GYS0007119	常州市康辉医疗器械有限公司	生产企业	consumable
GYS0007120	常州市康迪医用吻合器有限公司	生产企业	consumable
GYS0007121	常州市延陵电子设备有限公司	生产企业	consumable
GYS0007122	常州市微凯医疗科技有限公司	生产企业	consumable
GYS0007123	常州市护悦医疗器械有限公司	生产企业	consumable
GYS0007124	常州市新春医疗器械科技有限公司	生产企业	consumable
GYS0007125	常州市新能源吻合器总厂有限公司	生产企业	consumable
GYS0007126	常州市春光医用器材有限公司	生产企业	consumable
GYS0007127	常州市春曦光电科技有限责任公司	生产企业	consumable
GYS0007128	常州市晨涛医疗器械有限公司	生产企业	consumable
GYS0007129	常州市晶皓齿科开发有限公司	生产企业	consumable
GYS0007130	常州市智业医疗仪器研究所有限公司	生产企业	consumable
GYS0007131	常州市武进华兴医疗器械有限公司	生产企业	consumable
GYS0007132	常州市武进嘉泽医用卫生器材有限公司	生产企业	consumable
GYS0007133	常州市武进苏宁卫生用品有限公司	生产企业	consumable
GYS0007134	常州市武进达康医疗器械厂	生产企业	consumable
GYS0007135	常州市武进金兴达医疗器械有限公司	生产企业	consumable
GYS0007136	常州市永桐嘉丽无纺布有限公司	生产企业	consumable
GYS0007137	常州市汇达医疗器械有限公司	生产企业	consumable
GYS0007138	常州市海达医疗器械有限公司	生产企业	consumable
GYS0007139	常州市环康医疗器械有限公司	生产企业	consumable
GYS0007140	常州市盛辉药业有限公司	生产企业/上市许可持有人	drug
GYS0007141	常州市福和医疗器械有限公司	生产企业	consumable
GYS0007142	常州市粤冠美义齿有限公司	生产企业	consumable
GYS0007143	常州市美嘉达医疗器械有限公司	生产企业	consumable
GYS0007144	常州市舒康卫生用品有限公司	生产企业	consumable
GYS0007145	常州市艾斯康生物医药有限公司	生产企业	consumable
GYS0007146	常州市莱洁卫生材料有限公司	生产企业	consumable
GYS0007147	常州市蓝宝医药保健品有限公司	生产企业	consumable
GYS0007148	常州市贝敦克塑胶制品有限公司	生产企业	consumable
GYS0007149	常州市达华医疗器材有限公司	生产企业	consumable
GYS0007150	常州市迈迪医疗器械有限公司	生产企业	consumable
GYS0007151	常州市迪诺医疗科技有限公司	生产企业	consumable
GYS0007152	常州市金利乳胶制品有限公司	生产企业	consumable
GYS0007153	常州市阳光药业有限公司	生产企业/上市许可持有人	drug
GYS0007154	常州市龙莱富医用材料有限公司	生产企业	consumable
GYS0007155	常州希浦医疗科技有限公司	生产企业	consumable
GYS0007156	常州康优欣医疗器械有限公司	生产企业	consumable
GYS0007157	常州康普药业有限公司	生产企业/上市许可持有人	drug
GYS0007158	常州德天医疗器械有限公司	生产企业	consumable
GYS0007159	常州思雅医疗器械有限公司	生产企业	consumable
GYS0007160	常州恒正医药科技有限公司	生产企业	consumable
GYS0007161	常州恒邦药业有限公司	生产企业/上市许可持有人	drug
GYS0007162	常州悦康医疗器材有限公司	生产企业	consumable
GYS0007163	常州揽星医疗科技有限公司	生产企业	consumable
GYS0007164	常州方圆制药有限公司	生产企业/上市许可持有人	drug
GYS0007165	常州明晨医疗科技有限公司	生产企业	consumable
GYS0007166	常州昕美达微创医疗器械科技有限公司	生产企业	consumable
GYS0007167	常州晓春医疗器材有限公司	生产企业	consumable
GYS0007168	常州普瑞流体技术有限公司	生产企业	consumable
GYS0007169	常州普邦医疗设备有限公司	生产企业	consumable
GYS0007170	常州智力微创医疗器械有限公司	生产企业	consumable
GYS0007171	常州朗合医疗器械有限公司	生产企业	consumable
GYS0007172	常州杰瑞尔医疗器械有限公司	生产企业	consumable
GYS0007173	常州柯恒卫生用品有限公司	生产企业	consumable
GYS0007174	常州梵康医疗科技有限公司	生产企业	consumable
GYS0007175	常州正元医疗科技有限公司	生产企业	consumable
GYS0007176	常州汉博生物科技有限公司	生产企业	consumable
GYS0007177	常州沐坤海绵科技有限公司	生产企业	consumable
GYS0007178	常州泰美瑞生物科技有限公司	生产企业	consumable
GYS0007179	常州洛克曼医疗器械有限公司	生产企业	consumable
GYS0007180	常州浩阳新材料科技有限公司	生产企业	consumable
GYS0007181	常州海尔斯医疗器械科技有限公司	生产企业	consumable
GYS0007182	常州海豚医疗科技有限公司	生产企业	consumable
GYS0007183	常州漫舒医疗科技有限公司	生产企业	consumable
GYS0007184	常州瑞伦医疗器械有限公司	生产企业	consumable
GYS0007185	常州瑞康医疗科技有限公司	生产企业	consumable
GYS0007186	常州瑞捷生物科技有限公司	生产企业	consumable
GYS0007187	常州瑞神安医疗器械有限公司	生产企业	consumable
GYS0007188	常州瑞索斯医疗设备有限公司	生产企业	consumable
GYS0007189	常州瑞迈医疗科技有限公司	生产企业	consumable
GYS0007190	常州瑞钛克医疗器械有限公司	生产企业	consumable
GYS0007191	常州生物医学工程有限公司	生产企业	consumable
GYS0007192	常州登达适医疗科技有限公司	生产企业	consumable
GYS0007193	常州百代生物科技股份有限公司	生产企业	consumable
GYS0007194	常州百康特医疗器械有限公司	生产企业	consumable
GYS0007195	常州百德林卫生材料有限公司	生产企业	consumable
GYS0007196	常州百瑞吉生物医药股份有限公司	生产企业	consumable
GYS0007197	常州百隆微创医疗器械科技有限公司	生产企业	consumable
GYS0007198	常州益锐医疗器材有限公司	生产企业	consumable
GYS0007199	常州知博医疗器械有限公司	生产企业	consumable
GYS0007200	常州礼和医疗科技有限公司	生产企业	consumable
GYS0007201	常州科峰医疗科技有限公司	生产企业	consumable
GYS0007202	常州精益正畸医疗科技有限公司	生产企业	consumable
GYS0007203	常州纳星医疗科技有限公司	生产企业	consumable
GYS0007204	常州纳森医疗器械有限公司	生产企业	consumable
GYS0007205	常州维莱恩医疗科技有限公司	生产企业	consumable
GYS0007206	常州美康源医疗科技有限公司	生产企业	consumable
GYS0007207	常州美杰医疗用品有限公司	生产企业	consumable
GYS0007208	常州舒健橡塑有限公司	生产企业	consumable
GYS0007209	常州舜峰塑胶有限公司	生产企业	consumable
GYS0007210	常州舣舟医疗器械有限公司	生产企业	consumable
GYS0007211	常州艾斯曼医疗器械有限公司	生产企业	consumable
GYS0007212	常州苏川医疗科技有限公司	生产企业	consumable
GYS0007213	常州英维瑞特医疗器械科技有限公司	生产企业	consumable
GYS0007214	常州茂康医疗用品有限公司	生产企业	consumable
GYS0007215	常州药物研究所有限公司	生产企业	consumable
GYS0007216	常州菲里奇国际贸易有限公司	生产企业	consumable
GYS0007217	常州融信医学微创科技有限公司	生产企业	consumable
GYS0007218	常州质跃医疗科技有限公司	生产企业	consumable
GYS0007219	常州贺利氏微创医疗器械有限公司	生产企业	consumable
GYS0007220	常州赛生医疗科技有限公司	生产企业	consumable
GYS0007221	常州迈立医疗科技有限公司	生产企业	consumable
GYS0007222	常州远影医疗科技有限公司	生产企业	consumable
GYS0007223	常州迪力卫生材料有限公司	生产企业	consumable
GYS0007224	常州追光医疗技术有限公司	生产企业	consumable
GYS0007225	常州金坛第二注射器厂	生产企业	consumable
GYS0007226	常州金远药业制造有限公司	生产企业/上市许可持有人	drug
GYS0007227	常州金麦格生物技术有限公司	生产企业	consumable
GYS0007228	常州金龙医用塑料器械有限公司	生产企业	consumable
GYS0007229	常州鑫博瑞医疗用品有限公司	生产企业	consumable
GYS0007230	常州锐德医疗科技有限公司	生产企业	consumable
GYS0007231	常州锦浩达医疗用品有限公司	生产企业	consumable
GYS0007232	常州锦澄医疗设备有限公司	生产企业	consumable
GYS0007233	常州锦福瑞医疗器械有限公司	生产企业	consumable
GYS0007234	常州陀谱生物医学技术有限公司	生产企业	consumable
GYS0007235	常州集硕医疗器械有限公司	生产企业	consumable
GYS0007236	常州鼎健医疗器械有限公司	生产企业	consumable
GYS0007237	常德克莱生物技术有限公司	生产企业	consumable
GYS0007238	常德利木医疗科技有限公司	生产企业	consumable
GYS0007239	常德奇维生物医药有限公司	生产企业	consumable
GYS0007240	常德市一诺生物医药有限公司	生产企业	consumable
GYS0007241	常德市鼎城鼎晟陶齿厂	生产企业	consumable
GYS0007242	常德德特生物科技有限公司	生产企业	consumable
GYS0007243	常熟一诺医疗用品有限公司	生产企业	consumable
GYS0007244	常熟宜泰特种织造有限公司	生产企业	consumable
GYS0007245	常熟尚齿齿科材料有限公司	生产企业	consumable
GYS0007246	常熟市亨利医疗器械有限公司	生产企业	consumable
GYS0007247	常熟市博洋医疗器械有限公司	生产企业	consumable
GYS0007248	常熟市双灵医疗器材有限公司	生产企业	consumable
GYS0007249	常熟市如保医疗器械销售有限公司	生产企业	consumable
GYS0007250	常熟市康宝医疗器械厂	生产企业	consumable
GYS0007251	常熟市搏益医疗器械有限公司	生产企业	consumable
GYS0007252	常熟市星海制药有限公司	生产企业	drug
GYS0007253	常熟市沪通电子有限公司	生产企业	consumable
GYS0007254	常熟雷允上制药有限公司	生产企业/上市许可持有人	drug
GYS0007255	常钛医疗科技（常州）有限公司	生产企业	consumable
GYS0007256	平光制药股份有限公司	生产企业/上市许可持有人	drug
GYS0007257	平利县中皇野生艾科研工贸有限公司	生产企业	consumable
GYS0007258	平利县宸康医疗科技有限公司	生产企业	consumable
GYS0007259	平玧（北京）商贸有限公司	生产企业	consumable
GYS0007260	平遥一兴医用防护用品有限责任公司	生产企业	consumable
GYS0007261	平顶山市仁爱假肢矫形器技术有限公司	生产企业	consumable
GYS0007262	平顶山康利来医疗器械有限公司	生产企业	consumable
GYS0007263	幸韵（厦门）医疗科技有限公司	生产企业	consumable
GYS0007264	广东一力罗定制药有限公司	生产企业/上市许可持有人	drug
GYS0007265	广东一康医疗用品有限公司	生产企业	consumable
GYS0007266	广东一方制药有限公司	生产企业/上市许可持有人	drug
GYS0007267	广东一片天医药集团制药有限公司	生产企业/上市许可持有人	drug,consumable
GYS0007268	广东一禾药业有限公司	生产企业/上市许可持有人	drug
GYS0007269	广东万年青制药股份有限公司	生产企业/上市许可持有人	drug,consumable
GYS0007270	广东万方制药有限公司	生产企业/上市许可持有人	drug
GYS0007271	广东万泰科创药业有限公司	生产企业/上市许可持有人	drug
GYS0007272	广东万铭科技有限公司	生产企业	consumable
GYS0007273	广东三才石岐制药股份有限公司	生产企业/上市许可持有人	drug
GYS0007274	广东三顺制药有限公司	生产企业	drug
GYS0007275	广东上辰药业有限公司	生产企业	consumable
GYS0007276	广东世信药业有限公司	生产企业/上市许可持有人	drug
GYS0007277	广东东阳光药业有限公司	生产企业/上市许可持有人	drug
GYS0007278	广东东阳光药业股份有限公司	生产企业/上市许可持有人	drug
GYS0007279	广东中世维康医疗器械有限公司	生产企业	consumable
GYS0007280	广东中健康桥药物研究有限公司	生产企业/上市许可持有人	drug
GYS0007281	广东中昊药业有限公司	生产企业/上市许可持有人	drug
GYS0007282	广东中爱医疗科技股份有限公司	生产企业	consumable
GYS0007283	广东中玲实业集团有限公司	生产企业	consumable
GYS0007284	广东中科安齿生物科技有限公司	生产企业	consumable
GYS0007285	广东丹特思医疗器材有限公司	生产企业	consumable
GYS0007286	广东丹霞生物制药有限公司	生产企业/上市许可持有人	drug
GYS0007287	广东义德堂药业有限公司	生产企业	consumable
GYS0007288	广东九明制药有限公司	生产企业/上市许可持有人	drug
GYS0007289	广东九易医疗设备有限公司	生产企业	consumable
GYS0007290	广东九瑞科技开发有限公司	生产企业/上市许可持有人	drug
GYS0007291	广东九连山药业有限公司	生产企业/上市许可持有人	drug
GYS0007292	广东云方制药有限公司	生产企业/上市许可持有人	drug
GYS0007293	广东云柯医疗科技有限公司	生产企业	consumable
GYS0007294	广东互爱健康产业科技有限公司	生产企业	consumable
GYS0007295	广东五洲药业有限公司	生产企业/上市许可持有人	drug
GYS0007296	广东五虎山药业有限公司	生产企业/上市许可持有人	drug
GYS0007297	广东京豪生物制药有限公司饶平抗体分公司	生产企业	consumable
GYS0007298	广东人人康药业有限公司	生产企业/上市许可持有人	drug
GYS0007299	广东亿康医疗器械有限公司	生产企业	consumable
GYS0007300	广东伊佳保医疗器械有限公司	生产企业	consumable
GYS0007301	广东伊康纳斯生物医药科技股份有限公司	生产企业	consumable
GYS0007302	广东众生睿创生物科技有限公司	生产企业/上市许可持有人	drug
GYS0007303	广东众生药业股份有限公司	生产企业/上市许可持有人	drug
GYS0007304	广东众维康医疗科技有限公司	生产企业	consumable
GYS0007305	广东伯尔尼医疗设备有限公司	生产企业	ivd
GYS0007306	广东体达康医疗科技有限公司	生产企业	consumable
GYS0007307	广东佰圣特生物科技有限公司	生产企业	consumable
GYS0007308	广东佳悦美视生物科技有限公司	生产企业	consumable
GYS0007309	广东佳泰药业股份有限公司	生产企业/上市许可持有人	drug
GYS0007310	广东信沃生物医疗有限公司	生产企业	consumable
GYS0007311	广东健信制药股份有限公司	生产企业/上市许可持有人	drug,consumable
GYS0007312	广东健力源医疗科技有限公司	生产企业	consumable
GYS0007313	广东健奥科技有限公司	生产企业	consumable
GYS0007314	广东健泉大健康产业开发股份有限公司	生产企业/上市许可持有人	drug
GYS0007315	广东元宁制药有限公司	生产企业/上市许可持有人	drug
GYS0007316	广东先来医疗器械有限公司	生产企业	consumable
GYS0007317	广东先通药业有限公司	生产企业/上市许可持有人	drug
GYS0007318	广东兰湾智能科技有限公司	生产企业	consumable
GYS0007319	广东兴圣投资有限公司	生产企业/上市许可持有人	drug
GYS0007320	广东冰冰护理用品有限公司	生产企业	consumable
GYS0007321	广东凯洋医疗科技集团有限公司	生产企业	consumable
GYS0007322	广东凯迪服饰有限公司	生产企业	consumable
GYS0007323	广东利泰制药股份有限公司	生产企业/上市许可持有人	drug
GYS0007324	广东化州中药厂制药有限公司	生产企业	drug
GYS0007325	广东华南医药生物科技有限公司	生产企业	consumable
GYS0007326	广东华南药业集团有限公司	生产企业/上市许可持有人	drug
GYS0007327	广东华润顺峰药业有限公司	生产企业/上市许可持有人	drug
GYS0007328	广东南国药业有限公司	生产企业/上市许可持有人	drug
GYS0007329	广东南芯医疗科技有限公司	生产企业	consumable
GYS0007330	广东博与再生医学有限公司	生产企业	consumable
GYS0007331	广东博予蓝医疗科技有限公司	生产企业	consumable
GYS0007332	广东博洲药业有限公司	生产企业/上市许可持有人	drug
GYS0007333	广东博迈元通医疗科技有限公司	生产企业	consumable
GYS0007334	广东博迈医疗科技股份有限公司	生产企业	consumable
GYS0007335	广东卫伦生物制药有限公司	生产企业/上市许可持有人	drug
GYS0007336	广东友邦医药有限公司	生产企业	consumable
GYS0007337	广东双林生物制药有限公司	生产企业/上市许可持有人	drug
GYS0007338	广东合威制药有限公司	生产企业/上市许可持有人	drug
GYS0007339	广东合纵医药器械有限公司	生产企业	consumable
GYS0007340	广东合鑫生物科技有限公司	生产企业	consumable
GYS0007341	广东同德药业有限公司	生产企业/上市许可持有人	drug,consumable
GYS0007342	广东名威科技有限公司	生产企业	consumable
GYS0007343	广东名洋医疗科技有限公司	生产企业	consumable
GYS0007344	广东君元沉香医疗器械有限公司	生产企业	consumable
GYS0007345	广东君奇医药科技有限公司	生产企业	drug
GYS0007346	广东君康药业有限公司	生产企业/上市许可持有人	drug
GYS0007347	广东启美生物科技有限公司	生产企业	consumable
GYS0007348	广东和信健康科技有限公司	生产企业	consumable
GYS0007349	广东和博制药有限公司	生产企业/上市许可持有人	drug
GYS0007350	广东和平药业有限公司	生产企业/上市许可持有人	drug
GYS0007351	广东和沐医疗设备科技有限公司	生产企业	consumable
GYS0007352	广东嘉博制药有限公司	生产企业/上市许可持有人	drug
GYS0007353	广东嘉应制药股份有限公司	生产企业/上市许可持有人	drug
GYS0007354	广东嘉振医疗科技有限公司	生产企业	consumable
GYS0007355	广东因特圣医疗器械有限公司	生产企业	consumable
GYS0007356	广东固云医疗技术有限公司	生产企业	consumable
GYS0007357	广东国盛医学科技有限公司	生产企业	consumable
GYS0007358	广东在田药业股份有限公司	生产企业/上市许可持有人	drug
GYS0007359	广东埃纳生医学科技有限公司	生产企业	consumable
GYS0007360	广东基鹰医疗有限公司	生产企业	consumable
GYS0007361	广东大冢制药有限公司	生产企业/上市许可持有人	drug
GYS0007362	广东大翔制药有限公司	生产企业/上市许可持有人	drug
GYS0007363	广东大鹏医药科技有限公司	生产企业/上市许可持有人	drug
GYS0007364	广东天成天美医疗科技有限公司	生产企业	consumable
GYS0007365	广东天普生化医药股份有限公司	生产企业/上市许可持有人	drug
GYS0007366	广东太安堂药业股份有限公司	生产企业/上市许可持有人	drug
GYS0007367	广东奇灵制药有限公司	生产企业/上市许可持有人	drug
GYS0007368	广东好依护医疗科技股份有限公司	生产企业	consumable
GYS0007369	广东好女人母婴用品股份有限公司	生产企业	consumable
GYS0007370	广东好斯来斯生物医药技术有限公司	生产企业	consumable
GYS0007371	广东威力铭科技有限公司	生产企业	consumable
GYS0007372	广东安特医疗有限公司	生产企业	consumable
GYS0007373	广东安特齿科有限公司	生产企业	consumable
GYS0007374	广东安诺药业股份有限公司	生产企业/上市许可持有人	drug
GYS0007375	广东安道医疗器械有限公司	生产企业	consumable
GYS0007376	广东宏健医疗器械有限公司	生产企业	consumable
GYS0007377	广东宏兴集团股份有限公司宏兴制药厂	生产企业/上市许可持有人	drug
GYS0007378	广东宏瑞医疗器械有限公司	生产企业	consumable
GYS0007379	广东宏盈科技有限公司	生产企业/上市许可持有人	drug
GYS0007380	广东宏腾齿研科技有限公司	生产企业	consumable
GYS0007381	广东宏远集团药业有限公司	生产企业/上市许可持有人	drug
GYS0007382	广东宜骏科技有限公司	生产企业	consumable
GYS0007383	广东宝丹制药有限公司	生产企业/上市许可持有人	drug
GYS0007384	广东宝莱特医用科技股份有限公司	生产企业	consumable
GYS0007385	广东实联医疗器械有限公司	生产企业	consumable
GYS0007386	广东富江医学科技有限公司	生产企业	consumable
GYS0007387	广东岭南制药有限公司	生产企业/上市许可持有人	drug
GYS0007388	广东嵄影电子科技有限公司	生产企业	consumable
GYS0007389	广东希埃医药有限公司	生产企业/上市许可持有人	drug
GYS0007390	广东帝合医疗器械有限公司	生产企业	consumable
GYS0007391	广东平安药业有限公司	生产企业/上市许可持有人	drug
GYS0007392	广东广发制药有限公司	生产企业/上市许可持有人	drug
GYS0007393	广东康和成医疗器械有限公司	生产企业	consumable
GYS0007394	广东康奇力药业股份有限公司	生产企业/上市许可持有人	drug
GYS0007395	广东康尔乐医疗器械有限公司	生产企业	consumable
GYS0007396	广东康尔医疗科技有限公司	生产企业	consumable
GYS0007397	广东康德莱医疗器械集团有限公司	生产企业	consumable
GYS0007398	广东康必健医疗科技有限公司	生产企业	consumable
GYS0007399	广东康祺制药有限公司	生产企业/上市许可持有人	drug
GYS0007400	广东康美芝医疗用品科技有限公司	生产企业	consumable
GYS0007401	广东康诺达医疗科技有限公司	生产企业	consumable
GYS0007402	广东弘和医疗器械制造有限公司	生产企业	consumable
GYS0007403	广东强基药业有限公司	生产企业/上市许可持有人	drug
GYS0007404	广东彩钦医疗器械有限公司	生产企业	consumable
GYS0007405	广东彼迪药业有限公司	生产企业/上市许可持有人	drug
GYS0007406	广东微医光电科技有限公司	生产企业	consumable
GYS0007407	广东德匠医疗用品有限公司	生产企业	consumable
GYS0007408	广东德弘医疗设备有限公司	生产企业	consumable
GYS0007409	广东德鑫制药有限公司	生产企业	drug,consumable
GYS0007410	广东心宝药业科技有限公司	生产企业/上市许可持有人	drug
GYS0007411	广东必达医疗科技有限公司	生产企业	consumable
GYS0007412	广东态森德制药有限公司	生产企业/上市许可持有人	drug
GYS0007413	广东思敏医疗器械科技有限公司	生产企业	consumable
GYS0007414	广东思济药业有限公司	生产企业/上市许可持有人	drug
GYS0007415	广东恒健制药有限公司	生产企业/上市许可持有人	drug,consumable
GYS0007416	广东恒星医疗科技有限公司	生产企业	consumable
GYS0007417	广东恒诚制药股份有限公司	生产企业/上市许可持有人	drug
GYS0007418	广东恒钰源牙科技术有限公司	生产企业	consumable
GYS0007419	广东惠爱保医疗用品有限公司	生产企业	consumable
GYS0007420	广东惠生科技有限公司	生产企业	consumable
GYS0007421	广东执诚生物科技有限公司	生产企业	consumable
GYS0007422	广东捷泰健康医疗科技有限公司	生产企业	consumable
GYS0007423	广东斐尔医疗科技有限公司	生产企业	consumable
GYS0007424	广东斯特林医疗器械有限责任公司	生产企业	consumable
GYS0007425	广东新功药业有限公司	生产企业/上市许可持有人	drug
GYS0007426	广东新峰药业股份有限公司	生产企业/上市许可持有人	drug
GYS0007427	广东方盛健盟药业有限公司	生产企业/上市许可持有人	drug
GYS0007428	广东施泰宝医疗科技有限公司	生产企业	consumable
GYS0007429	广东昊朗医疗科技有限责任公司	生产企业	consumable
GYS0007430	广东易达医疗科技有限公司	生产企业	consumable
GYS0007431	广东易齐美医疗科技有限公司	生产企业	consumable
GYS0007432	广东昕海数字化医疗器械有限公司	生产企业	consumable
GYS0007433	广东星昊药业有限公司	生产企业/上市许可持有人	drug
GYS0007434	广东普能生物科技有限公司	生产企业	consumable
GYS0007435	广东普门生物医疗科技有限公司	生产企业	consumable
GYS0007436	广东朗德医疗器械有限公司	生产企业	consumable
GYS0007437	广东杏琳天使医疗科技有限公司	生产企业	consumable
GYS0007438	广东松下药业有限公司	生产企业/上市许可持有人	drug
GYS0007439	广东桦欣齿科技术开发有限公司	生产企业	consumable
GYS0007440	广东梓健生物科技有限公司	生产企业	consumable
GYS0007441	广东梦依诗科技有限公司	生产企业	consumable
GYS0007442	广东森烨科技有限公司	生产企业	consumable
GYS0007443	广东欣樾医疗用品有限公司	生产企业	consumable
GYS0007444	广东欧品佳万兴个人护理用品有限公司	生产企业	consumable
GYS0007445	广东正知医学科技有限公司	生产企业	consumable
GYS0007446	广东毅达医疗科技股份有限公司	生产企业	consumable
GYS0007447	广东永诺医疗科技有限公司	生产企业	consumable
GYS0007448	广东汇通乳胶制品集团有限公司	生产企业	consumable
GYS0007449	广东汉丰百盛医药有限公司	生产企业/上市许可持有人	drug
GYS0007450	广东沉香山医疗器械有限公司	生产企业	consumable
GYS0007451	广东沙溪制药有限公司	生产企业/上市许可持有人	drug
GYS0007452	广东泉新泉益药业有限公司	生产企业/上市许可持有人	drug
GYS0007453	广东泓图生物科技有限公司	生产企业	consumable
GYS0007454	广东泓志生物科技有限公司	生产企业	consumable
GYS0007455	广东泰宝医疗科技股份有限公司	生产企业	consumable
GYS0007456	广东泰康制药有限公司	生产企业/上市许可持有人	drug
GYS0007457	广东泰恩康制药厂有限公司	生产企业/上市许可持有人	drug
GYS0007458	广东泰恩康生物科技有限公司	生产企业	consumable
GYS0007459	广东泰鑫药业有限公司	生产企业	consumable
GYS0007460	广东泽昌贸易有限公司	生产企业	consumable
GYS0007461	广东泽锐药业有限公司	生产企业	consumable
GYS0007462	广东洛斯特制药有限公司	生产企业/上市许可持有人	drug
GYS0007463	广东海思卡尔医疗科技有限公司	生产企业	consumable
GYS0007464	广东海恺普新型医药包装材料有限公司	生产企业	consumable
GYS0007465	广东海滨医疗器械有限公司	生产企业	consumable
GYS0007466	广东海纳医疗科技有限公司	生产企业	consumable
GYS0007467	广东海赛特医药器械技术开发有限公司	生产企业/上市许可持有人	drug
GYS0007468	广东海鸥医疗器械股份有限公司	生产企业	consumable
GYS0007469	广东湛江吉民药业股份有限公司	生产企业/上市许可持有人	drug
GYS0007470	广东澳珍药业有限公司	生产企业/上市许可持有人	drug
GYS0007471	广东爱迪医疗科技有限公司	生产企业	consumable
GYS0007472	广东牧玛生命科技有限公司	生产企业	consumable
GYS0007473	广东玖为生物技术有限公司	生产企业	consumable
GYS0007474	广东瑞兴医药股份有限公司	生产企业/上市许可持有人	drug
GYS0007475	广东瑞宸医疗实业有限公司	生产企业	consumable
GYS0007476	广东瑞洋制药有限公司	生产企业/上市许可持有人	drug,consumable
GYS0007477	广东白马医疗器械有限公司白云分公司	生产企业	consumable
GYS0007478	广东百合医疗科技股份有限公司	生产企业	consumable
GYS0007479	广东百澳药业有限公司	生产企业	drug
GYS0007480	广东百瑞医疗器械有限公司	生产企业	consumable
GYS0007481	广东百生医疗器械股份有限公司	生产企业	consumable
GYS0007482	广东百科制药有限公司	生产企业/上市许可持有人	drug
GYS0007483	广东百粒达科技有限公司	生产企业	consumable
GYS0007484	广东百越医疗器械有限公司	生产企业	consumable
GYS0007485	广东益安康科技有限公司	生产企业	consumable
GYS0007486	广东益德医疗科技有限公司	生产企业	consumable
GYS0007487	广东盛宁医药有限公司	生产企业/上市许可持有人	drug
GYS0007488	广东盛汇医疗器械科技有限公司	生产企业	consumable
GYS0007489	广东盛泽康华生物医药有限公司	生产企业	consumable
GYS0007490	广东省人民医院	生产企业	consumable
GYS0007491	广东省北明科技有限公司	生产企业	consumable
GYS0007492	广东省医疗器械研究所	生产企业	consumable
GYS0007493	广东省华源康泰生物科技有限责任公司	生产企业	consumable
GYS0007494	广东省双灵药业有限公司	生产企业	consumable
GYS0007495	广东省天佑医疗器械科技发展有限公司	生产企业	consumable
GYS0007496	广东省宇莱特医疗器械有限公司	生产企业	consumable
GYS0007497	广东省惠州市中药厂有限公司	生产企业/上市许可持有人	drug
GYS0007498	广东省福康医疗科技有限公司	生产企业	consumable
GYS0007499	广东省粤东磁电有限公司	生产企业	consumable
GYS0007500	广东省粤泓生物科技有限公司	生产企业	consumable
GYS0007501	广东省罗浮山白鹤制药厂	生产企业/上市许可持有人	drug
GYS0007502	广东睿深供应链管理有限公司	生产企业	consumable
GYS0007503	广东祺达医疗器械有限公司	生产企业	consumable
GYS0007504	广东福寿仙健康制药有限公司	生产企业/上市许可持有人	drug
GYS0007505	广东福瑞康医疗科技有限公司	生产企业	consumable
GYS0007506	广东科伦药业有限公司	生产企业/上市许可持有人	drug
GYS0007507	广东科泓药业有限公司	生产企业/上市许可持有人	drug
GYS0007508	广东粤华医疗器械厂有限公司	生产企业	consumable
GYS0007509	广东粤威制药有限公司	生产企业/上市许可持有人	drug
GYS0007510	广东粤诚牙科技术开发中心	生产企业	consumable
GYS0007511	广东粤龙药业有限公司	生产企业	drug
GYS0007512	广东精鹰增材制造技术有限公司	生产企业	consumable
GYS0007513	广东索立德医疗科技有限责任公司	生产企业	consumable
GYS0007514	广东红珊瑚药业有限公司	生产企业/上市许可持有人	drug
GYS0007515	广东罗浮山国药股份有限公司	生产企业/上市许可持有人	drug
GYS0007516	广东罗浮山葛洪制药有限公司	生产企业/上市许可持有人	drug
GYS0007517	广东罗特药业股份有限公司	生产企业/上市许可持有人	drug
GYS0007518	广东美岑医疗设备有限公司	生产企业	consumable
GYS0007519	广东美捷威通生物科技有限公司	生产企业	consumable
GYS0007520	广东美洁卫生用品有限公司	生产企业	consumable
GYS0007521	广东美芯个人护理用品有限公司	生产企业	consumable
GYS0007522	广东美贝健药业有限公司	生产企业	consumable
GYS0007523	广东联康药业有限公司	生产企业/上市许可持有人	drug
GYS0007524	广东聚诚生物技术有限公司	生产企业	consumable
GYS0007525	广东脉搏医疗科技有限公司	生产企业	consumable
GYS0007526	广东致杰医疗器械有限公司	生产企业	consumable
GYS0007527	广东臻雅福数字化口腔科技有限公司	生产企业	consumable
GYS0007528	广东舒畅日用品有限公司	生产企业	consumable
GYS0007529	广东艾希德药业有限公司	生产企业/上市许可持有人	drug,consumable
GYS0007530	广东薄荷医疗科技有限公司	生产企业	consumable
GYS0007531	广东诚美经济发展有限公司	生产企业	consumable
GYS0007532	广东诺丝科技股份有限公司	生产企业	consumable
GYS0007533	广东赋迪日用品制造有限公司	生产企业	consumable
GYS0007534	广东赛康制药厂有限公司	生产企业/上市许可持有人	drug
GYS0007535	广东赛烽医药科技有限公司	生产企业/上市许可持有人	drug
GYS0007536	广东足行健健康科技有限公司	生产企业	consumable
GYS0007537	广东达成弘业生物科技有限公司	生产企业	consumable
GYS0007538	广东达科医疗科技有限公司	生产企业	consumable
GYS0007539	广东迈恒医药研发有限公司	生产企业/上市许可持有人	drug
GYS0007540	广东逢春制药有限公司	生产企业/上市许可持有人	drug
GYS0007541	广东逸舒制药有限公司	生产企业/上市许可持有人	drug
GYS0007542	广东逸舒制药股份有限公司	生产企业/上市许可持有人	drug
GYS0007543	广东遇太美药业有限公司	生产企业	consumable
GYS0007544	广东邦宝益智玩具有限公司	生产企业	consumable
GYS0007545	广东邦民制药厂有限公司	生产企业/上市许可持有人	drug
GYS0007546	广东邦硕生物科技有限公司	生产企业	consumable
GYS0007547	广东重基医疗用品有限公司	生产企业	consumable
GYS0007548	广东金发科技有限公司	生产企业	consumable
GYS0007549	广东金叶科技发展有限公司	生产企业	consumable
GYS0007550	广东金城金素制药有限公司	生产企业/上市许可持有人	drug
GYS0007551	广东金泉医疗科技有限公司	生产企业	consumable
GYS0007552	广东金艾迪生物科技有限公司	生产企业	consumable
GYS0007553	广东鑫顺生物科技有限公司	生产企业	consumable
GYS0007554	广东阳健医疗科技有限公司	生产企业	consumable
GYS0007555	广东阳光生物科技有限公司	生产企业	consumable
GYS0007556	广东隆信制药有限公司	生产企业/上市许可持有人	drug
GYS0007557	广东隆赋药业股份有限公司	生产企业/上市许可持有人	drug
GYS0007558	广东雷允上药业有限公司	生产企业/上市许可持有人	drug
GYS0007559	广东青云山药业有限公司	生产企业	drug
GYS0007560	广东顺德刚辉橡胶金属制品有限公司	生产企业	consumable
GYS0007561	广东飞鱼医疗科技有限公司	生产企业	consumable
GYS0007562	广东香山堂制药有限公司	生产企业/上市许可持有人	drug
GYS0007563	广东香山堂药业有限公司	生产企业/上市许可持有人	drug
GYS0007564	广东香雪药业有限公司	生产企业/上市许可持有人	drug
GYS0007565	广东高迅医用导管有限公司	生产企业	consumable
GYS0007566	广东鸿强药业有限公司	生产企业/上市许可持有人	drug
GYS0007567	广东鼎信医药科技有限公司	生产企业/上市许可持有人	drug
GYS0007568	广东齐柏林医疗科技有限公司	生产企业	consumable
GYS0007569	广东龙心医疗器械有限公司	生产企业	consumable
GYS0007570	广元市现代义齿制作中心	生产企业	consumable
GYS0007571	广利孚（上海）医药科技有限公司	生产企业	consumable
GYS0007572	广圣特药业有限公司	生产企业/上市许可持有人	drug
GYS0007573	广安市欣诺德义齿技术发展有限公司	生产企业	consumable
GYS0007574	广州一品红制药有限公司	生产企业/上市许可持有人	drug
GYS0007575	广州一欣医疗器械有限公司	生产企业	consumable
GYS0007576	广州万孚生物技术股份有限公司	生产企业	consumable,ivd
GYS0007577	广州万方健医药有限公司	生产企业	consumable
GYS0007578	广州万正药业有限公司	生产企业/上市许可持有人	drug
GYS0007579	广州三瑞医疗器械有限公司	生产企业	consumable
GYS0007580	广州世济医药科技有限公司	生产企业/上市许可持有人	drug
GYS0007581	广州东合伟信医疗科技发展有限公司	生产企业	consumable
GYS0007582	广州东林生物科技有限公司	生产企业	consumable
GYS0007583	广州东盛生物科技有限公司	生产企业	consumable
GYS0007584	广州中大医疗器械有限公司	生产企业	consumable
GYS0007585	广州中誉医疗器械有限公司	生产企业	consumable
GYS0007586	广州中达福瑞医疗科技有限公司	生产企业	consumable
GYS0007587	广州丰得利医疗器械股份有限公司	生产企业	consumable
GYS0007588	广州九州通医疗器械有限公司	生产企业	consumable
GYS0007589	广州九瑞药业有限公司	生产企业/上市许可持有人	drug
GYS0007590	广州九翔医疗器械有限公司	生产企业	consumable
GYS0007591	广州云睿医疗科技有限公司	生产企业	consumable
GYS0007592	广州云达健康科技有限公司	生产企业	consumable
GYS0007593	广州亲安环保科技有限公司	生产企业	consumable
GYS0007594	广州人峰医疗科技有限公司	生产企业	consumable
GYS0007595	广州人福医疗设备有限公司	生产企业	consumable
GYS0007596	广州仁恒医药科技股份有限公司	生产企业/上市许可持有人	drug
GYS0007597	广州从览贸易发展有限公司	生产企业	consumable
GYS0007598	广州优得清生物科技有限公司	生产企业	consumable
GYS0007599	广州优泰实业有限公司	生产企业	consumable
GYS0007600	广州佰斯伦医疗器械有限公司	生产企业	consumable
GYS0007601	广州佳丽美医疗科技有限公司	生产企业	consumable
GYS0007602	广州佳林医疗用品制造有限公司	生产企业	consumable
GYS0007603	广州保瑞医疗技术有限公司	生产企业	consumable
GYS0007604	广州信筑医疗技术有限公司	生产企业	consumable
GYS0007605	广州倍健医疗用品有限公司	生产企业	consumable
GYS0007606	广州倍绣生物技术有限公司	生产企业/上市许可持有人	drug
GYS0007607	广州健恩医疗设备有限公司	生产企业	consumable
GYS0007608	广州健朗医用科技有限公司	生产企业	consumable
GYS0007609	广州健福医疗科技有限公司	生产企业	consumable
GYS0007610	广州健翔药业科技有限公司	生产企业/上市许可持有人	drug
GYS0007611	广州兆科联发医药有限公司	生产企业	consumable
GYS0007612	广州兆阳制药有限公司	生产企业/上市许可持有人	drug
GYS0007613	广州先波健康产业有限公司	生产企业	consumable
GYS0007614	广州先锐医疗器械有限公司	生产企业	consumable
GYS0007615	广州光研科技有限公司	生产企业	consumable
GYS0007616	广州兰皙化妆品有限公司	生产企业	consumable
GYS0007617	广州养和生物科技股份有限公司	生产企业	consumable
GYS0007618	广州养和生物科技股份有限公司南宁分公司	生产企业	consumable
GYS0007619	广州冠亮义齿有限公司	生产企业	consumable
GYS0007620	广州冠桦生物医疗科技有限公司	生产企业	consumable
GYS0007621	广州凯捷医疗科技有限公司	生产企业	consumable
GYS0007622	广州凯普医药科技有限公司	生产企业	consumable
GYS0007623	广州创优材料科技有限责任公司	生产企业	consumable
GYS0007624	广州创启医疗科技有限公司	生产企业	consumable
GYS0007625	广州创尔生物技术股份有限公司	生产企业	consumable
GYS0007626	广州医美药业有限公司	生产企业	consumable
GYS0007627	广州医软智能科技有限公司	生产企业	consumable
GYS0007628	广州千子医疗科技有限公司	生产企业	consumable
GYS0007629	广州千邦药业制造有限公司	生产企业	consumable
GYS0007630	广州华一生物科技有限公司	生产企业	consumable
GYS0007631	广州华亘朗博药业有限公司	生产企业	consumable
GYS0007632	广州华倍康医疗器械有限公司	生产企业	consumable
GYS0007633	广州华友明康光电科技有限公司	生产企业	consumable
GYS0007634	广州华昌义齿有限公司	生产企业	consumable
GYS0007635	广州华睿医疗器械有限公司	生产企业	consumable
GYS0007636	广州协和医疗用品有限公司	生产企业	consumable
GYS0007637	广州南新制药有限公司	生产企业/上市许可持有人	drug
GYS0007638	广州博济生物医药科技园有限公司	生产企业/上市许可持有人	drug
GYS0007639	广州博海医疗科技有限公司	生产企业	consumable
GYS0007640	广州博联思医疗技术有限公司	生产企业	consumable
GYS0007641	广州博达医疗用品有限公司	生产企业	consumable
GYS0007642	广州卫视博生物科技有限公司	生产企业	consumable
GYS0007643	广州友沃医疗用品有限公司	生产企业	consumable
GYS0007644	广州双一乳胶制品有限公司	生产企业	consumable
GYS0007645	广州君博医药科技有限公司	生产企业/上市许可持有人	drug
GYS0007646	广州君霖医疗科技有限公司	生产企业	consumable
GYS0007647	广州启骏生物科技有限公司	生产企业	consumable
GYS0007648	广州和实生物技术有限公司	生产企业	consumable
GYS0007649	广州和弘生物科技有限责任公司	生产企业	consumable
GYS0007650	广州和普乐健康科技有限公司	生产企业	consumable
GYS0007651	广州和济医药有限公司	生产企业	consumable
GYS0007652	广州品冠义齿制作有限公司	生产企业	consumable
GYS0007653	广州品知医疗器械有限公司	生产企业	consumable
GYS0007654	广州嘉信医疗生物技术有限公司	生产企业	consumable
GYS0007655	广州嘉博仕医疗科技有限公司	生产企业	consumable
GYS0007656	广州国奔鸿峰进出口有限公司	生产企业	consumable
GYS0007657	广州国灸医疗科技有限公司	生产企业	consumable
GYS0007658	广州国顺康医疗器械有限公司	生产企业	consumable
GYS0007659	广州圆医生物科技有限公司	生产企业	consumable
GYS0007660	广州圣维奇医疗科技有限公司	生产企业	consumable
GYS0007661	广州大光制药有限公司	生产企业/上市许可持有人	drug
GYS0007662	广州天宝颂原生物科技开发有限公司	生产企业	consumable
GYS0007663	广州天惜医疗科技有限公司	生产企业	consumable
GYS0007664	广州天朗医药科技有限公司	生产企业	consumable
GYS0007665	广州天泓医疗科技有限公司	生产企业	consumable
GYS0007666	广州太宗医药科技有限公司	生产企业/上市许可持有人	drug
GYS0007667	广州奇研康科技有限公司	生产企业	consumable
GYS0007668	广州奇绩医药科技有限公司	生产企业/上市许可持有人	drug
GYS0007669	广州奔一医疗器械有限公司	生产企业	consumable
GYS0007670	广州奕华生物科技有限公司	生产企业	consumable
GYS0007671	广州奕昕生物科技有限公司	生产企业	consumable
GYS0007672	广州如齿美医疗器械有限公司	生产企业	consumable
GYS0007673	广州威斯宝药业有限公司	生产企业/上市许可持有人	drug
GYS0007674	广州威蓝迪医疗科技有限公司	生产企业	consumable
GYS0007675	广州安必平医药科技股份有限公司	生产企业	consumable
GYS0007676	广州安方生物科技有限公司	生产企业	consumable
GYS0007677	广州宏阳生物科技有限公司	生产企业	consumable
GYS0007678	广州宝络康医疗科技有限公司	生产企业	consumable
GYS0007679	广州富玛医药科技股份有限公司	生产企业	consumable
GYS0007680	广州富瑞健康科技有限公司	生产企业	consumable
GYS0007681	广州小奇灵制药有限公司	生产企业/上市许可持有人	drug
GYS0007682	广州小林药业有限公司	生产企业	consumable
GYS0007683	广州展全生物科技有限公司	生产企业	consumable
GYS0007684	广州岳铧医疗科技有限公司	生产企业	consumable
GYS0007685	广州崇泽医疗器械有限公司	生产企业	consumable
GYS0007686	广州市一杰医药科技有限公司	生产企业	consumable
GYS0007687	广州市一统医药科技有限公司	生产企业	consumable
GYS0007688	广州市万佳医疗科技有限公司	生产企业	consumable
GYS0007689	广州市万和整形材料有限公司	生产企业	consumable
GYS0007690	广州市三甲医疗信息产业有限公司	生产企业	consumable
GYS0007691	广州市丰华生物股份有限公司	生产企业	consumable
GYS0007692	广州市丽程贸易有限公司	生产企业	consumable
GYS0007693	广州市云端白雁生物科技有限公司	生产企业	consumable
GYS0007694	广州市人作医疗器械有限公司	生产企业	consumable
GYS0007695	广州市亿源医药有限公司	生产企业/上市许可持有人	drug
GYS0007696	广州市今今医疗器械制造有限公司	生产企业	consumable
GYS0007697	广州市伊川生物科技有限公司	生产企业	consumable
GYS0007698	广州市众惠医疗技术开发有限公司	生产企业	consumable
GYS0007699	广州市侨鑫医疗器械科技发展有限公司	生产企业	consumable
GYS0007700	广州市倍尔康医疗器械有限公司	生产企业	consumable
GYS0007701	广州市健的义齿制作有限公司	生产企业	consumable
GYS0007702	广州市兹尔康健康产业有限公司	生产企业	consumable
GYS0007703	广州市准易科技有限责任公司	生产企业	consumable
GYS0007704	广州市凌捷医疗器械有限公司	生产企业	consumable
GYS0007705	广州市凡科医疗设备有限公司	生产企业	consumable
GYS0007706	广州市华粤行仪器有限公司	生产企业	consumable
GYS0007707	广州市卓曼医疗科技有限公司	生产企业	consumable
GYS0007708	广州市卫信工贸有限公司	生产企业	consumable
GYS0007709	广州市原子高科同位素医药有限公司	生产企业	drug
GYS0007710	广州市可为医疗器械有限公司	生产企业	consumable
GYS0007711	广州市同恩医疗器械有限公司	生产企业	consumable
GYS0007712	广州市同生义齿医疗器械有限公司	生产企业	consumable
GYS0007713	广州市名加医疗器械制造有限公司	生产企业	consumable
GYS0007714	广州市名德义齿有限公司	生产企业	consumable
GYS0007715	广州市大正义齿有限公司	生产企业	consumable
GYS0007716	广州市天河健力医疗器械厂	生产企业	consumable
GYS0007717	广州市天鹰精密工具有限公司	生产企业	consumable
GYS0007718	广州市奥菲特有限公司	生产企业	consumable
GYS0007719	广州市如本生物科技有限公司	生产企业	consumable
GYS0007720	广州市威利豪医疗器械有限公司	生产企业	consumable
GYS0007721	广州市宝创生物技术有限公司	生产企业	consumable
GYS0007722	广州市容康贸易有限公司	生产企业	consumable
GYS0007723	广州市帕菲克义齿科技有限公司	生产企业	consumable
GYS0007724	广州市康创美义齿有限公司	生产企业	consumable
GYS0007725	广州市康润生物科技有限公司	生产企业	consumable
GYS0007726	广州市康源药业有限公司	生产企业	drug
GYS0007727	广州市康申医疗设备有限公司	生产企业	consumable
GYS0007728	广州市弘健生物医用制品科技有限公司	生产企业	consumable
GYS0007729	广州市微眸医疗器械有限公司	生产企业	consumable
GYS0007730	广州市微米生物科技有限公司	生产企业	consumable
GYS0007731	广州市德顺义齿有限公司	生产企业	consumable
GYS0007732	广州市快康医疗器械有限公司	生产企业	consumable
GYS0007733	广州市思创泓一电子科技有限公司	生产企业	consumable
GYS0007734	广州市恩德氏医疗制品实业有限公司	生产企业	consumable
GYS0007735	广州市捷达电子医疗器械制造有限公司	生产企业	consumable
GYS0007736	广州市新创义齿制作有限公司	生产企业	consumable
GYS0007737	广州市施瑞医疗科技有限公司	生产企业	consumable
GYS0007738	广州市昊晟假肢医疗器械有限公司	生产企业	consumable
GYS0007739	广州市普东医疗设备股份有限公司	生产企业	consumable
GYS0007740	广州市普泰德义齿有限公司	生产企业	consumable
GYS0007741	广州市普泰德医疗器械有限公司	生产企业	consumable
GYS0007742	广州市汇海康医疗科技有限公司	生产企业	consumable
GYS0007743	广州市洛华医疗器械实业有限公司	生产企业	consumable
GYS0007744	广州市浩智医疗器械有限公司	生产企业	consumable
GYS0007745	广州市瀚坤医疗器械有限公司	生产企业	consumable
GYS0007746	广州市灵洋医疗器械有限公司	生产企业	consumable
GYS0007747	广州市焕思实业有限公司	生产企业	consumable
GYS0007748	广州市爱创医疗科技有限公司	生产企业	consumable
GYS0007749	广州市特乐扩医疗器械有限公司	生产企业	consumable
GYS0007750	广州市番禺万福卫生用品有限公司	生产企业	consumable
GYS0007751	广州市番禺区豪政卫生材料厂	生产企业	consumable
GYS0007752	广州市番禺康安卫生用品厂	生产企业	consumable
GYS0007753	广州市登道医疗科技有限公司	生产企业	consumable
GYS0007754	广州市皓齿登医疗器械有限公司	生产企业	consumable
GYS0007755	广州市知恩医疗器械有限公司	生产企业	consumable
GYS0007756	广州市福民假肢矫形康复器材有限公司	生产企业	consumable
GYS0007757	广州市科济医疗器械有限公司	生产企业	consumable
GYS0007758	广州市科翰生物技术有限公司	生产企业	consumable
GYS0007759	广州市精致义齿有限公司	生产企业	consumable
GYS0007760	广州市素问医疗科技有限公司	生产企业	consumable
GYS0007761	广州市红实商贸有限公司	生产企业	consumable
GYS0007762	广州市维纳健医疗器材有限公司	生产企业	consumable
GYS0007763	广州市美丽华义齿科技有限公司	生产企业	consumable
GYS0007764	广州市联瑞制药有限公司	生产企业/上市许可持有人	drug
GYS0007765	广州市艺达塑料制品有限公司	生产企业	consumable
GYS0007766	广州市艾生维医药科技有限公司	生产企业	consumable
GYS0007767	广州市荔湾区康达利塑料五金厂	生产企业	consumable
GYS0007768	广州市蝶微生物科技有限公司	生产企业	consumable
GYS0007769	广州市贝康生物科技有限公司	生产企业	consumable
GYS0007770	广州市赛腾医疗科技有限公司	生产企业	consumable
GYS0007771	广州市达瑞生物技术股份有限公司	生产企业	consumable
GYS0007772	广州市进达义齿技术开发有限公司	生产企业	consumable
GYS0007773	广州市邦硕生物技术有限公司	生产企业	consumable
GYS0007774	广州市醒目医药科技有限公司	生产企业	consumable
GYS0007775	广州市钛力进出口贸易有限公司	生产企业	consumable
GYS0007776	广州市门登特斯医疗器械有限公司	生产企业	consumable
GYS0007777	广州市雨纯生物科技有限公司	生产企业	consumable
GYS0007778	广州市飞扬志杰医疗器械有限公司	生产企业	consumable
GYS0007779	广州市香雪制药股份有限公司	生产企业/上市许可持有人	drug
GYS0007780	广州市鸿年科技有限公司	生产企业	consumable
GYS0007781	广州市鸿影医疗器材有限公司	生产企业	consumable
GYS0007782	广州市鸿柏基医疗器械有限公司	生产企业	consumable
GYS0007783	广州市麦施缔医疗科技有限公司	生产企业	consumable
GYS0007784	广州帕玛医疗科技有限公司	生产企业	consumable
GYS0007785	广州帝奇医药技术有限公司	生产企业/上市许可持有人	drug
GYS0007786	广州带金稀医疗器械有限公司	生产企业	consumable
GYS0007787	广州幸好医疗器械有限公司	生产企业	consumable
GYS0007788	广州广医堂医药科技发展有限公司	生产企业	consumable
GYS0007789	广州广工技术开发有限公司	生产企业	consumable
GYS0007790	广州康和药业有限公司	生产企业/上市许可持有人	drug
GYS0007791	广州康珵医疗器械有限公司	生产企业	consumable
GYS0007792	广州康盛生物科技股份有限公司	生产企业	consumable
GYS0007793	广州康立明生物科技股份有限公司	生产企业	consumable
GYS0007794	广州康臣药业有限公司	生产企业/上市许可持有人	drug
GYS0007795	广州建豪医疗器械有限公司	生产企业	consumable
GYS0007796	广州德中医药科技有限公司	生产企业	consumable
GYS0007797	广州德商医药有限公司	生产企业	consumable
GYS0007798	广州德朗医疗设备有限公司	生产企业	consumable
GYS0007799	广州德瑞康医疗器械有限公司	生产企业	consumable
GYS0007800	广州德瑞康生物科技有限公司	生产企业	consumable
GYS0007801	广州德米医用设备有限公司	生产企业	consumable
GYS0007802	广州德脉医疗器械有限公司	生产企业	consumable
GYS0007803	广州志和医疗器械有限责任公司	生产企业	consumable
GYS0007804	广州怀美实业有限公司	生产企业	consumable
GYS0007805	广州思安医疗科技有限公司	生产企业	consumable
GYS0007806	广州思德医疗科技有限公司	生产企业	consumable
GYS0007807	广州恒毅义齿医疗器械有限公司	生产企业	consumable
GYS0007808	广州恒泰生物科技有限公司	生产企业	consumable
GYS0007809	广州恒齿冠数码科技有限公司	生产企业	consumable
GYS0007810	广州恩德莱康复器具有限公司	生产企业	consumable
GYS0007811	广州悦君义齿研制有限公司	生产企业	consumable
GYS0007812	广州悦康生物制药有限公司	生产企业/上市许可持有人	drug
GYS0007813	广州悦清再生医学科技有限公司	生产企业	consumable
GYS0007814	广州慈良健康科技有限责任公司	生产企业	consumable
GYS0007815	广州戴管佳医疗器械有限公司	生产企业	consumable
GYS0007816	广州承葛生物科技有限公司	生产企业	consumable
GYS0007817	广州拜思医疗科技有限公司	生产企业	consumable
GYS0007818	广州拜瑞医学科技有限公司	生产企业	consumable
GYS0007819	广州敏睿高医疗器械有限公司	生产企业	consumable
GYS0007820	广州新济药业科技有限公司	生产企业/上市许可持有人	drug
GYS0007821	广州施鲁浚医疗器械有限公司	生产企业	consumable
GYS0007822	广州明医医疗科技有限公司	生产企业	consumable
GYS0007823	广州明科医疗设备有限公司	生产企业	consumable
GYS0007824	广州易介医疗科技有限公司	生产企业	consumable
GYS0007825	广州易康医疗科技有限公司	生产企业	consumable
GYS0007826	广州晖泉医疗科技有限责任公司	生产企业	consumable
GYS0007827	广州晟和医疗科技有限公司	生产企业	consumable
GYS0007828	广州晟威医疗器械有限公司	生产企业	consumable
GYS0007829	广州晟安医疗科技有限公司	生产企业	consumable
GYS0007830	广州普天云健康科技发展有限公司	生产企业	consumable
GYS0007831	广州智谱医药科技有限公司	生产企业	consumable
GYS0007832	广州曼翔医药有限公司	生产企业/上市许可持有人	drug,consumable
GYS0007833	广州月盛医疗科技有限公司	生产企业	consumable
GYS0007834	广州朗圣药业有限公司	生产企业/上市许可持有人	drug
GYS0007835	广州朗坤生物科技有限公司	生产企业	consumable
GYS0007836	广州朗恩医疗设备有限公司	生产企业	consumable
GYS0007837	广州杞梓生物科技发展有限公司	生产企业	consumable
GYS0007838	广州柏赛罗药业有限公司	生产企业/上市许可持有人	drug
GYS0007839	广州柒优齿科科技有限公司	生产企业	consumable
GYS0007840	广州柯能斯医疗科技有限公司	生产企业	consumable
GYS0007841	广州桂美医疗设备有限公司	生产企业	consumable
GYS0007842	广州橙点贸易发展有限公司	生产企业	consumable
GYS0007843	广州欣贝医疗科技有限公司	生产企业	consumable
GYS0007844	广州欧化药业有限公司	生产企业/上市许可持有人	drug
GYS0007845	广州欧欧医疗科技有限责任公司	生产企业	consumable
GYS0007846	广州欧迈德医疗器械有限公司	生产企业	consumable
GYS0007847	广州正康医疗器械有限公司	生产企业	consumable
GYS0007848	广州民鋆医疗科技发展有限公司	生产企业	consumable
GYS0007849	广州永士达医疗科技有限责任公司	生产企业	consumable
GYS0007850	广州永益医疗器械有限公司	生产企业	consumable
GYS0007851	广州汇元医药科技有限公司	生产企业/上市许可持有人	drug
GYS0007852	广州汇朵卫生用品有限公司	生产企业	consumable
GYS0007853	广州汉光药业股份有限公司	生产企业/上市许可持有人	drug
GYS0007854	广州汉瑞祥和茂医疗器械有限公司	生产企业	consumable
GYS0007855	广州沃德医疗器械有限公司	生产企业	consumable
GYS0007856	广州沣润生物科技有限公司	生产企业	consumable
GYS0007857	广州泛宇医疗科技有限公司	生产企业	consumable
GYS0007858	广州泰嘉康医疗科技有限公司	生产企业	consumable
GYS0007859	广州泽盛药业科技有限公司	生产企业/上市许可持有人	drug
GYS0007860	广州洁特生物过滤股份有限公司	生产企业	consumable
GYS0007861	广州派俪生物科技有限公司	生产企业	consumable
GYS0007862	广州济慈医疗器械有限公司	生产企业	consumable
GYS0007863	广州海珠海之康医疗科技有限公司	生产企业	consumable
GYS0007864	广州海福医疗器械有限公司	生产企业	consumable
GYS0007865	广州海骏医疗器械有限公司	生产企业	consumable
GYS0007866	广州涞富医疗设备有限公司	生产企业	consumable
GYS0007867	广州润虹医药科技股份有限公司	生产企业	consumable
GYS0007868	广州湾区生物科技有限公司	生产企业	consumable
GYS0007869	广州源临医疗器械有限公司	生产企业	consumable
GYS0007870	广州源动贸易有限公司	生产企业	consumable
GYS0007871	广州源康鑫实业有限公司	生产企业	consumable
GYS0007872	广州澳邦医药有限公司	生产企业	consumable
GYS0007873	广州瀚宇生物科技有限公司	生产企业	consumable
GYS0007874	广州灵点义齿研制有限公司	生产企业	consumable
GYS0007875	广州炫彩口腔医学科技有限公司	生产企业	consumable
GYS0007876	广州熙福医疗器材有限公司	生产企业	consumable
GYS0007877	广州爱听贝科技有限公司	生产企业	consumable
GYS0007878	广州爱敏乐医疗科技有限公司	生产企业	consumable
GYS0007879	广州爱芯达电子有限公司	生产企业	consumable
GYS0007880	广州爱锘德医疗器械有限公司	生产企业	consumable
GYS0007881	广州王老吉药业股份有限公司	生产企业/上市许可持有人	drug
GYS0007882	广州玖玖医疗科技有限公司	生产企业	consumable
GYS0007883	广州玻思韬控释药业有限公司	生产企业/上市许可持有人	drug
GYS0007884	广州珀瑞医疗技术有限公司	生产企业	consumable
GYS0007885	广州瑞尔医药科技有限公司	生产企业/上市许可持有人	drug
GYS0007886	广州瑞普医疗科技有限公司	生产企业	consumable
GYS0007887	广州瑞泰生物科技有限公司	生产企业	consumable
GYS0007888	广州瑞派医疗器械有限责任公司	生产企业	consumable
GYS0007889	广州瑞能医学科技有限公司	生产企业	consumable
GYS0007890	广州瑞辉生物科技股份有限公司	生产企业	consumable
GYS0007891	广州瑞通生物科技有限公司	生产企业	consumable
GYS0007892	广州瑞鑫通科技有限公司	生产企业	consumable
GYS0007893	广州生凌医疗科技有限公司	生产企业	consumable
GYS0007894	广州畅呼医疗器械有限公司	生产企业	consumable
GYS0007895	广州白云医用胶有限公司	生产企业	consumable
GYS0007896	广州白云山中一药业有限公司	生产企业/上市许可持有人	drug
GYS0007897	广州白云山健护医疗用品有限公司	生产企业	consumable
GYS0007898	广州白云山光华制药股份有限公司	生产企业/上市许可持有人	drug
GYS0007899	广州白云山制药股份有限公司广州白云山制药总厂	生产企业	drug
GYS0007900	广州白云山医药集团股份有限公司白云山何济公制药厂	生产企业/上市许可持有人	drug,consumable
GYS0007901	广州白云山医药集团股份有限公司白云山制药总厂	生产企业/上市许可持有人	drug
GYS0007902	广州白云山和记黄埔中药(亳州)有限公司	生产企业/上市许可持有人	drug
GYS0007903	广州白云山和记黄埔中药有限公司	生产企业/上市许可持有人	drug
GYS0007904	广州白云山天心制药股份有限公司	生产企业/上市许可持有人	drug
GYS0007905	广州白云山奇星药业有限公司	生产企业/上市许可持有人	drug
GYS0007906	广州白云山敬修堂药业股份有限公司	生产企业/上市许可持有人	drug
GYS0007907	广州白云山明兴制药有限公司	生产企业/上市许可持有人	drug,consumable
GYS0007908	广州白云山星群(药业)股份有限公司	生产企业/上市许可持有人	drug
GYS0007909	广州白云山潘高寿药业股份有限公司	生产企业/上市许可持有人	drug
GYS0007910	广州白云山花城药业有限公司	生产企业/上市许可持有人	drug
GYS0007911	广州白云山陈李济药厂有限公司	生产企业/上市许可持有人	drug
GYS0007912	广州白云蓝天电子科技有限公司	生产企业	consumable
GYS0007913	广州百济神州生物制药有限公司	生产企业/上市许可持有人	drug
GYS0007914	广州百特侨光医疗用品有限公司	生产企业/上市许可持有人	drug
GYS0007915	广州百特医疗用品有限公司	生产企业/上市许可持有人	drug,consumable
GYS0007916	广州益凡医疗器械有限公司	生产企业	consumable
GYS0007917	广州益颜生物科技有限公司	生产企业	consumable
GYS0007918	广州盛狮医疗科技有限公司	生产企业	consumable
GYS0007919	广州睿博医疗科技有限公司	生产企业	ivd
GYS0007920	广州神山恒生塑料五金厂	生产企业	consumable
GYS0007921	广州祺楠药业科技有限责任公司	生产企业/上市许可持有人	drug
GYS0007922	广州福娜瑞贸易有限公司	生产企业	consumable
GYS0007923	广州福泽龙卫生材料有限责任公司	生产企业	consumable
GYS0007924	广州科方生物技术股份有限公司	生产企业	consumable
GYS0007925	广州科立达生物科技发展有限公司	生产企业	consumable
GYS0007926	广州科美医疗器械有限公司	生产企业	consumable
GYS0007927	广州科美生物医药科技有限公司	生产企业	consumable
GYS0007928	广州科莱瑞迪医疗器材股份有限公司	生产企业	consumable
GYS0007929	广州科莱瑞迪康复辅具用具有限公司	生产企业	consumable
GYS0007930	广州科铭医疗科技有限公司	生产企业	consumable
GYS0007931	广州穗海新峰医疗设备制造股份有限公司	生产企业	consumable
GYS0007932	广州穗美医学技术有限公司	生产企业	consumable
GYS0007933	广州简册生物技术有限公司	生产企业	consumable
GYS0007934	广州米勒医疗科技有限公司	生产企业	consumable
GYS0007935	广州粤华制药有限公司	生产企业/上市许可持有人	drug
GYS0007936	广州精良实业发展有限公司	生产企业	consumable
GYS0007937	广州索虑医疗科技有限公司	生产企业	consumable
GYS0007938	广州红象医疗科技有限公司	生产企业	consumable
GYS0007939	广州纳联材料科技有限公司	生产企业	consumable
GYS0007940	广州维力医疗器械股份有限公司	生产企业	consumable
GYS0007941	广州维多瑞精准医疗科技有限公司	生产企业	consumable
GYS0007942	广州绿十字制药有限公司	生产企业/上市许可持有人	drug
GYS0007943	广州绿十字制药股份有限公司	生产企业/上市许可持有人	drug
GYS0007944	广州美基生物科技有限公司	生产企业	consumable
GYS0007945	广州美皓医疗器械有限公司	生产企业	consumable
GYS0007946	广州翰德泽信医药科技有限公司	生产企业	consumable
GYS0007947	广州耀远实业有限公司	生产企业	consumable
GYS0007948	广州致杰医疗器械有限公司	生产企业	consumable
GYS0007949	广州舒乐电子科技有限公司	生产企业	consumable
GYS0007950	广州舒瑞医疗科技有限公司	生产企业	consumable
GYS0007951	广州艾奇西医药科技有限公司	生产企业/上市许可持有人	drug
GYS0007952	广州艾格生物科技有限公司	生产企业/上市许可持有人	drug
GYS0007953	广州艾默克医疗器械有限公司	生产企业	consumable
GYS0007954	广州花城药业有限公司	生产企业/上市许可持有人	drug
GYS0007955	广州花山医用塑料厂	生产企业	consumable
GYS0007956	广州花海药业股份有限公司	生产企业/上市许可持有人	drug
GYS0007957	广州苏铭科技有限公司	生产企业	consumable
GYS0007958	广州莱泰制药有限公司	生产企业/上市许可持有人	drug
GYS0007959	广州菲康生物技术有限公司	生产企业	consumable
GYS0007960	广州蔚捷生物医药科技有限公司	生产企业	consumable
GYS0007961	广州虹扬医疗科技有限公司	生产企业	consumable
GYS0007962	广州觅赫科技有限责任公司	生产企业	consumable
GYS0007963	广州誉东健康制药有限公司	生产企业/上市许可持有人	drug
GYS0007964	广州誉衡生物科技有限公司	生产企业/上市许可持有人	drug
GYS0007965	广州诚跞医疗用品有限公司	生产企业	consumable
GYS0007966	广州诺宁医疗用品有限公司	生产企业	consumable
GYS0007967	广州诺邦诺德医疗技术有限公司	生产企业	consumable
GYS0007968	广州诺金制药有限公司	生产企业/上市许可持有人	drug
GYS0007969	广州贝奥吉因生物科技股份有限公司	生产企业	consumable
GYS0007970	广州贝昊医疗科技有限公司	生产企业	consumable
GYS0007971	广州赛百纯生物科技有限公司	生产企业	consumable
GYS0007972	广州赛葆力医疗器械有限公司	生产企业	consumable
GYS0007973	广州越神医疗设备有限公司	生产企业	consumable
GYS0007974	广州路万医疗器材有限公司	生产企业	consumable
GYS0007975	广州辉博信息技术有限公司	生产企业	consumable
GYS0007976	广州辰庚医药科技发展有限公司	生产企业	consumable
GYS0007977	广州达安基因股份有限公司	生产企业/上市许可持有人	drug,consumable
GYS0007978	广州达泰生物工程技术有限公司	生产企业	consumable
GYS0007979	广州迈得菲明医疗器械有限公司	生产企业	consumable
GYS0007980	广州迈普再生医学科技股份有限公司	生产企业	consumable
GYS0007981	广州迈特兴华制药厂有限公司	生产企业/上市许可持有人	drug
GYS0007982	广州远想医学生物技术有限公司	生产企业	consumable
GYS0007983	广州迪丽生物科技有限公司	生产企业	consumable
GYS0007984	广州迪克医疗器械有限公司	生产企业	consumable
GYS0007985	广州迪朵药业有限公司	生产企业	consumable
GYS0007986	广州迪澳生物科技有限公司	生产企业	consumable
GYS0007987	广州通泽医疗科技有限公司	生产企业	consumable
GYS0007988	广州通盛医疗科技有限公司	生产企业	consumable
GYS0007989	广州邦卡医疗器械有限公司	生产企业	consumable
GYS0007990	广州邦士度眼镜有限公司	生产企业	consumable
GYS0007991	广州邦德盛生物科技有限公司	生产企业	consumable
GYS0007992	广州量子激光智能装备有限公司	生产企业	consumable
GYS0007993	广州鋈文医疗器械有限公司	生产企业	consumable
GYS0007994	广州锋影医疗器械有限公司	生产企业	consumable
GYS0007995	广州锦冠桥实业有限公司	生产企业	consumable
GYS0007996	广州阳普医疗器械有限公司	生产企业	consumable
GYS0007997	广州阿尔法医疗科技有限公司	生产企业	consumable
GYS0007998	广州雅夫生物科技有限公司	生产企业	consumable
GYS0007999	广州雪利昂生物科技有限公司	生产企业	consumable
GYS0008000	广州雪成生物科技有限公司	生产企业	consumable
GYS0008001	广州零界医药有限公司	生产企业	consumable
GYS0008002	广州雷诺生物科技有限公司	生产企业	consumable
GYS0008003	广州顺健生物医药科技有限公司	生产企业/上市许可持有人	drug
GYS0008004	广州领达义齿技术有限公司	生产企业	consumable
GYS0008005	广州颐悦医疗用品有限公司	生产企业	consumable
GYS0008006	广州驭林医药科技有限公司	生产企业	consumable
GYS0008007	广州骐骥生物科技有限公司	生产企业	consumable
GYS0008008	广州高施医疗科技有限公司	生产企业	consumable
GYS0008009	广州鲸科医疗科技有限公司	生产企业	consumable
GYS0008010	广州黑格智造信息科技有限公司	生产企业	consumable
GYS0008011	广州齿力健口腔医疗科技有限公司	生产企业	consumable
GYS0008012	广州龙之杰医疗科技有限公司	生产企业	consumable
GYS0008013	广州龙之杰科技有限公司	生产企业	consumable
GYS0008014	广州龙成医疗科技有限公司	生产企业	consumable
GYS0008015	广水市中医医院	制剂配制单位	preparation
GYS0008016	广煜医药科技（宁夏）有限公司	生产企业	consumable
GYS0008017	广盛原中医药有限公司	生产企业/上市许可持有人	drug
GYS0008018	广西万寿堂药业有限公司	生产企业/上市许可持有人	drug
GYS0008019	广西万通制药有限公司	生产企业/上市许可持有人	drug
GYS0008020	广西三六制药有限公司	生产企业/上市许可持有人	drug
GYS0008021	广西三芮生供应链科技有限公司	生产企业	consumable
GYS0008022	广西世彪药业有限公司	生产企业/上市许可持有人	drug
GYS0008023	广西两面针亿康药业股份有限公司	生产企业/上市许可持有人	drug
GYS0008024	广西中医药大学制药厂	生产企业/上市许可持有人	drug
GYS0008025	广西中恒医疗科技有限公司	生产企业	consumable
GYS0008026	广西中远制药有限公司	生产企业/上市许可持有人	drug
GYS0008027	广西云工坊口腔科技有限公司	生产企业	consumable
GYS0008028	广西云方医疗器械有限公司	生产企业	consumable
GYS0008029	广西五行圣方健康科技有限公司	生产企业	consumable
GYS0008030	广西产研院生物制造技术研究所有限公司	生产企业	consumable
GYS0008031	广西亿诚医疗用品有限公司	生产企业	consumable
GYS0008032	广西伊妍生物药业有限公司	生产企业	consumable
GYS0008033	广西优尼康通医疗科技有限公司	生产企业	consumable
GYS0008034	广西信业生物技术有限公司	生产企业	consumable
GYS0008035	广西修正制药有限公司	生产企业/上市许可持有人	drug
GYS0008036	广西凌云县制药有限责任公司	生产企业/上市许可持有人	drug
GYS0008037	广西助康假肢矫形器有限公司	生产企业	consumable
GYS0008038	广西北仑河医疗卫生材料有限公司	生产企业	consumable
GYS0008039	广西北仑河医科工业集团有限公司	生产企业	consumable
GYS0008040	广西北部湾制药股份有限公司	生产企业/上市许可持有人	drug
GYS0008041	广西十万山制药有限公司	生产企业/上市许可持有人	drug
GYS0008042	广西华天宝药业有限公司	生产企业/上市许可持有人	drug
GYS0008043	广西华度医用器材有限公司	生产企业	consumable
GYS0008044	广西南宁博恩康生物科技有限公司	生产企业	consumable
GYS0008045	广西南宁园丁医疗器械有限公司	生产企业	consumable
GYS0008046	广西南宁安软软件科技有限公司	生产企业	consumable
GYS0008047	广西南宁市佳洁俊恒投资有限公司	生产企业	consumable
GYS0008048	广西南宁市爱雅康齿科技术有限公司	生产企业	consumable
GYS0008049	广西南宁市维晶美医疗器械有限公司	生产企业	consumable
GYS0008050	广西南宁澳特医疗设备有限责任公司	生产企业	consumable
GYS0008051	广西南宁百会药业集团有限公司	生产企业/上市许可持有人	drug
GYS0008052	广西南宁邕江药业有限公司	生产企业/上市许可持有人	drug
GYS0008053	广西南宁雅莎医药技术开发有限公司	生产企业	consumable
GYS0008054	广西南宁高圣欣医疗科技有限公司	生产企业	consumable
GYS0008055	广西南珠制药有限公司	生产企业/上市许可持有人	drug
GYS0008056	广西博生生物科技有限公司	生产企业	consumable
GYS0008057	广西厚德药业有限公司	生产企业/上市许可持有人	drug
GYS0008058	广西双健科技有限公司	生产企业	consumable
GYS0008059	广西双福医疗器械有限公司	生产企业	consumable
GYS0008060	广西双蚁药业有限公司	生产企业	drug
GYS0008061	广西古方药业有限公司	生产企业/上市许可持有人	drug
GYS0008062	广西吉民堂药业有限公司	生产企业/上市许可持有人	drug
GYS0008063	广西同安堂生物科技有限公司	生产企业	consumable
GYS0008064	广西同源生物制药有限公司	生产企业	consumable
GYS0008065	广西同胤医疗器械有限公司	生产企业	consumable
GYS0008066	广西名欧药业有限公司	生产企业	consumable
GYS0008067	广西启鸣生物药业有限公司	生产企业	consumable
GYS0008068	广西嘉美生物制药有限公司	生产企业	consumable
GYS0008069	广西嘉进药业股份有限公司	生产企业/上市许可持有人	drug,consumable
GYS0008070	广西嘉迪医疗科技有限公司	生产企业	consumable
GYS0008071	广西圣保堂健康产业股份有限公司	生产企业/上市许可持有人	drug
GYS0008072	广西圣方医疗科技有限公司	生产企业	consumable
GYS0008073	广西圣民制药有限公司	生产企业/上市许可持有人	drug
GYS0008074	广西圣洁齿科技术有限公司	生产企业	consumable
GYS0008075	广西圣特药业有限公司	生产企业/上市许可持有人	drug
GYS0008076	广西壮族自治区花红药业集团股份公司	生产企业/上市许可持有人	drug
GYS0008077	广西壮族自治区花红金瑞药业有限公司	生产企业/上市许可持有人	drug
GYS0008078	广西壮族自治区药物研究所有限公司	生产企业/上市许可持有人	drug
GYS0008079	广西大力神制药股份有限公司	生产企业/上市许可持有人	drug
GYS0008080	广西大海阳光药业有限公司	生产企业/上市许可持有人	drug
GYS0008081	广西天优生物科技有限责任公司	生产企业	consumable
GYS0008082	广西天天乐药业股份有限公司	生产企业/上市许可持有人	drug
GYS0008083	广西妍叶生物科技有限责任公司	生产企业	consumable
GYS0008084	广西威利方舟科技有限公司	生产企业	consumable
GYS0008085	广西威诺敦医疗控股有限公司	生产企业	consumable
GYS0008086	广西孜求创新医疗器械有限公司	生产企业	consumable
GYS0008087	广西安然医疗器械有限公司	生产企业	consumable
GYS0008088	广西定坤健康产业发展集团有限公司	生产企业	consumable
GYS0008089	广西宜和医疗科技有限公司	生产企业	consumable
GYS0008090	广西宜和百瑞医疗科技有限公司	生产企业	consumable
GYS0008091	广西宝瑞坦制药有限公司	生产企业/上市许可持有人	drug
GYS0008092	广西实正药业有限公司	生产企业/上市许可持有人	drug
GYS0008093	广西岭南医药科技有限公司	生产企业	consumable
GYS0008094	广西崇裕桂壮医药有限公司	生产企业	consumable
GYS0008095	广西巨星医疗器械有限公司	生产企业	consumable
GYS0008096	广西巨星医疗科技有限公司	生产企业	consumable
GYS0008097	广西康华再生医学生物科技有限公司	生产企业	consumable
GYS0008098	广西康华药业有限责任公司	生产企业/上市许可持有人	drug
GYS0008099	广西康晟制药有限责任公司	生产企业/上市许可持有人	drug
GYS0008100	广西康柏莱科技有限公司	生产企业	consumable
GYS0008101	广西弘山堂生物科技有限公司	生产企业	consumable
GYS0008102	广西强寿药业集团有限公司	生产企业/上市许可持有人	drug
GYS0008103	广西德福莱医疗器械有限公司	生产企业	consumable
GYS0008104	广西德联制药有限公司	生产企业/上市许可持有人	drug
GYS0008105	广西德致制药有限公司	生产企业/上市许可持有人	drug
GYS0008106	广西德鹏医疗器械有限公司	生产企业	consumable
GYS0008107	广西忠宁制药有限公司	生产企业/上市许可持有人	drug
GYS0008108	广西思迈生物科技有限公司	生产企业	consumable
GYS0008109	广西恒力宝药业有限公司	生产企业/上市许可持有人	drug
GYS0008110	广西恒科药业有限公司	生产企业/上市许可持有人	drug
GYS0008111	广西慧宝源医药科技有限公司	生产企业/上市许可持有人	drug
GYS0008112	广西携健生物科技有限公司	生产企业	consumable
GYS0008113	广西斯倍德医疗投资有限公司	生产企业	consumable
GYS0008114	广西新龙制药有限责任公司	生产企业/上市许可持有人	drug
GYS0008115	广西方略药业集团有限公司	生产企业/上市许可持有人	drug
GYS0008116	广西日田药业集团有限责任公司	生产企业/上市许可持有人	drug
GYS0008117	广西旭泽医疗器械有限公司	生产企业	consumable
GYS0008118	广西昆泽药业有限公司	生产企业/上市许可持有人	drug
GYS0008119	广西昌弘制药有限公司	生产企业/上市许可持有人	drug
GYS0008120	广西昌鑫科技有限公司	生产企业	consumable
GYS0008121	广西明健药业有限公司	生产企业/上市许可持有人	drug
GYS0008122	广西明鑫医疗科技有限公司	生产企业	consumable
GYS0008123	广西星银迪智药业有限公司	生产企业/上市许可持有人	drug
GYS0008124	广西晶灵医药有限公司	生产企业/上市许可持有人	drug
GYS0008125	广西极致医学科技有限公司	生产企业	consumable
GYS0008126	广西柯乐医疗科技有限公司	生产企业	consumable
GYS0008127	广西柳州圣美康医疗器械有限公司	生产企业	consumable
GYS0008128	广西柳州长安制药有限公司	生产企业/上市许可持有人	drug
GYS0008129	广西桂林市丽尔美医疗用品有限公司	生产企业	consumable
GYS0008130	广西桂林逐境健康产业有限公司	生产企业	consumable
GYS0008131	广西桂盛合中药制药有限公司	生产企业	consumable
GYS0008132	广西桂西制药有限公司	生产企业/上市许可持有人	drug
GYS0008133	广西梧州三箭制药有限公司	生产企业/上市许可持有人	drug
GYS0008134	广西梧州三鹤药业股份有限公司	生产企业/上市许可持有人	drug
GYS0008135	广西梧州三鼎医疗器械科技有限公司	生产企业	consumable
GYS0008136	广西梧州制药(集团)股份有限公司	生产企业/上市许可持有人	drug
GYS0008137	广西梧州四季药业有限公司	生产企业	consumable
GYS0008138	广西梧州神农药业有限公司	生产企业/上市许可持有人	drug
GYS0008139	广西梵捷医疗科技有限公司	生产企业	consumable
GYS0008140	广西欢宝药业有限公司	生产企业/上市许可持有人	drug
GYS0008141	广西正堂药业有限责任公司	生产企业/上市许可持有人	drug
GYS0008142	广西汇美生物工程有限公司	生产企业	consumable
GYS0008143	广西河丰药业有限责任公司	生产企业/上市许可持有人	drug
GYS0008144	广西泉海医疗器械有限公司	生产企业	consumable
GYS0008145	广西泰诺制药有限公司	生产企业/上市许可持有人	drug
GYS0008146	广西济民制药有限公司	生产企业/上市许可持有人	drug
GYS0008147	广西润初生物药业有限公司	生产企业	consumable
GYS0008148	广西润达制药股份有限公司	生产企业/上市许可持有人	drug
GYS0008149	广西深雅医疗科技股份有限公司	生产企业	consumable
GYS0008150	广西清之品制药有限责任公司	生产企业/上市许可持有人	drug
GYS0008151	广西源安堂药业有限公司	生产企业/上市许可持有人	drug
GYS0008152	广西源盛堂生物科技有限公司	生产企业	consumable
GYS0008153	广西炜焯医药科技有限公司	生产企业/上市许可持有人	drug
GYS0008154	广西爱呗利生物科技有限公司	生产企业	consumable
GYS0008155	广西玉兰制药有限公司	生产企业/上市许可持有人	drug
GYS0008156	广西玉林制药集团有限责任公司	生产企业/上市许可持有人	drug
GYS0008157	广西玉林方特药业有限责任公司	生产企业/上市许可持有人	drug
GYS0008158	广西瑞丰诺尔医疗器械有限公司	生产企业	consumable
GYS0008159	广西白云山盈康药业有限公司	生产企业/上市许可持有人	drug
GYS0008160	广西百安堂医疗科技有限公司	生产企业	consumable
GYS0008161	广西百琪药业有限公司	生产企业/上市许可持有人	drug
GYS0008162	广西百色市康众洋生物技术有限公司	生产企业	consumable
GYS0008163	广西目元生物科技有限责任公司	生产企业	consumable
GYS0008164	广西禅方药业有限公司	生产企业/上市许可持有人	drug
GYS0008165	广西福安生医疗科技有限公司	生产企业	consumable
GYS0008166	广西福莱明生物制药有限公司	生产企业	consumable
GYS0008167	广西科伦制药有限公司	生产企业/上市许可持有人	drug
GYS0008168	广西科健邦生物技术有限公司	生产企业	consumable
GYS0008169	广西精诚数字口腔科技有限公司	生产企业	consumable
GYS0008170	广西纯正堂制药有限公司	生产企业/上市许可持有人	drug
GYS0008171	广西维威制药有限公司	生产企业/上市许可持有人	drug
GYS0008172	广西维德生物科技有限公司	生产企业	consumable
GYS0008173	广西维美生物科技有限公司	生产企业	consumable
GYS0008174	广西美盾立医疗科技有限公司	生产企业	consumable
GYS0008175	广西美雅康口腔科技有限公司	生产企业	consumable
GYS0008176	广西联禾生生药业有限责任公司	生产企业/上市许可持有人	drug
GYS0008177	广西胜合制药有限公司	生产企业/上市许可持有人	drug
GYS0008178	广西自贸区创新医疗器械有限公司	生产企业	consumable
GYS0008179	广西花红金松药业有限责任公司	生产企业/上市许可持有人	drug
GYS0008180	广西英和药业有限公司	生产企业	consumable
GYS0008181	广西茗豪医疗设备有限公司	生产企业	consumable
GYS0008182	广西荣仁药业有限公司	生产企业/上市许可持有人	drug
GYS0008183	广西药用植物园制药厂	生产企业/上市许可持有人	drug
GYS0008184	广西葛洪堂方略制药有限公司	生产企业/上市许可持有人	drug
GYS0008185	广西葛洪堂药业有限公司	生产企业/上市许可持有人	drug
GYS0008186	广西裕源药业有限公司	生产企业/上市许可持有人	drug
GYS0008187	广西诺港生物科技有限公司	生产企业	consumable
GYS0008188	广西贵港市峡山制药厂	生产企业/上市许可持有人	drug
GYS0008189	广西超德医疗科技有限公司	生产企业	consumable
GYS0008190	广西达庆生物科技有限公司	生产企业	consumable
GYS0008191	广西迪泰制药股份有限公司	生产企业/上市许可持有人	drug
GYS0008192	广西邦琪药业集团有限公司	生产企业/上市许可持有人	drug
GYS0008193	广西金嗓子有限责任公司	生产企业/上市许可持有人	drug
GYS0008194	广西金嗓子药业股份有限公司	生产企业/上市许可持有人	drug
GYS0008195	广西金康药业有限公司	生产企业/上市许可持有人	drug
GYS0008196	广西金海堂药业有限责任公司	生产企业/上市许可持有人	drug
GYS0008197	广西金秀圣堂药业有限责任公司	生产企业/上市许可持有人	drug
GYS0008198	广西金页制药有限公司	生产企业/上市许可持有人	drug
GYS0008199	广西铭磊维生制药有限公司	生产企业/上市许可持有人	drug
GYS0008200	广西高威医用制品有限公司	生产企业	consumable
GYS0008201	广西鸿博原生制药有限公司	生产企业/上市许可持有人	drug
GYS0008202	广西鸿济药业集团有限公司	生产企业/上市许可持有人	drug
GYS0008203	广西麦克健丰制药有限公司	生产企业/上市许可持有人	drug
GYS0008204	广西默士药业有限公司	生产企业	consumable
GYS0008205	广西鼎汇医疗科技有限公司	生产企业	consumable
GYS0008206	广西龙瞳医疗器械科技有限公司	生产企业	consumable
GYS0008207	庆安春天医疗器械科技有限公司	生产企业	consumable
GYS0008208	庆峰医疗技术（广州）有限公司	生产企业	consumable
GYS0008209	庐山百草堂生物制药有限公司	生产企业	drug
GYS0008210	库克（中国）医疗贸易有限公司	生产企业	consumable
GYS0008211	库利艾特国际贸易（大连）有限公司	生产企业	consumable
GYS0008212	库博光学产品贸易（上海）有限公司	生产企业	consumable
GYS0008213	库博医疗科技（上海）有限公司	生产企业	consumable
GYS0008214	库尔勒臻冠桥医疗器械有限公司	生产企业	consumable
GYS0008215	库尔勒龙之源药业有限责任公司	生产企业/上市许可持有人	drug
GYS0008216	应城市永兴膏业有限责任公司	生产企业	consumable
GYS0008217	康乐保（中国）医疗用品有限公司	生产企业	consumable
GYS0008218	康乐保（中国）有限公司	生产企业	consumable
GYS0008219	康倍特（广州）科技有限公司	生产企业	consumable
GYS0008220	康全医用制品（山东）有限公司	生产企业	consumable
GYS0008221	康利特（长汀）医疗器械有限公司	生产企业	consumable
GYS0008222	康县独一味生物制药有限公司	生产企业/上市许可持有人	drug
GYS0008223	康可欣（山东）卫生用品有限公司	生产企业	consumable
GYS0008224	康哲(湖南)制药有限公司	生产企业/上市许可持有人	drug
GYS0008225	康多宝医疗健康产品（湖南）有限公司	生产企业	consumable
GYS0008226	康奇舒宁（苏州）医疗科技有限公司	生产企业	consumable
GYS0008227	康容健康科技（扬州）有限公司	生产企业	consumable
GYS0008228	康尔福盛（上海）商贸有限公司	生产企业	consumable
GYS0008229	康峰医疗科技（安徽）有限公司	生产企业	consumable
GYS0008230	康希诺生物股份公司	生产企业/上市许可持有人	drug
GYS0008231	康方药业有限公司	生产企业/上市许可持有人	drug
GYS0008232	康方赛诺医药有限公司	生产企业/上市许可持有人	drug
GYS0008233	康普特医疗科技安徽有限公司	生产企业	consumable
GYS0008234	康普生物科技（长沙）有限公司	生产企业	consumable
GYS0008235	康普药业股份有限公司	生产企业/上市许可持有人	drug
GYS0008236	康晴（江苏）医疗科技有限公司	生产企业	consumable
GYS0008237	康歌医疗器械（江苏）有限公司	生产企业	consumable
GYS0008238	康民智美（成都）健康科技有限公司	生产企业	consumable
GYS0008239	康沣生物科技（上海）股份有限公司	生产企业	consumable
GYS0008240	康泰医学系统（秦皇岛）股份有限公司	生产企业	consumable
GYS0008241	康泽怡生（天津）生物技术有限公司	生产企业	consumable
GYS0008242	康湃医疗科技（长春）有限公司	生产企业	consumable
GYS0008243	康特威尔登特齿科贸易（北京）有限公司	生产企业	consumable
GYS0008244	康瑞义肢矫形康复辅具（南阳）有限公司	生产企业	consumable
GYS0008245	康登国际科技（北京）有限公司	生产企业	consumable
GYS0008246	康睿兴科技江苏有限公司	生产企业	consumable
GYS0008247	康码（上海）生态科技有限公司	生产企业	consumable
GYS0008248	康码（商丘）生物科技有限公司	生产企业	consumable
GYS0008249	康福特仪器（杭州）有限公司	生产企业	consumable
GYS0008250	康维宁（重庆）医疗科技有限公司	生产企业	consumable
GYS0008251	康维德（中国）医疗用品有限公司	生产企业	consumable
GYS0008252	康缘爱电子有限公司	生产企业	consumable
GYS0008253	康美保宁(四川)制药有限公司	生产企业/上市许可持有人	drug
GYS0008254	康美林弗泰克（北京）医疗器械有限公司	生产企业	consumable
GYS0008255	康美滕王阁(四川)制药有限公司	生产企业/上市许可持有人	drug
GYS0008256	康美药业股份有限公司	生产企业	drug
GYS0008257	康肤妮医疗器械（咸宁）有限公司	生产企业	consumable
GYS0008258	康胜医疗器械（深圳）有限公司	生产企业	consumable
GYS0008259	康膝生物医疗（深圳）有限公司	生产企业	consumable
GYS0008260	康臣药业(内蒙古)有限责任公司	生产企业/上市许可持有人	drug
GYS0008261	康臣药业(霍尔果斯)有限公司	生产企业/上市许可持有人	drug
GYS0008262	康芝药业股份有限公司	生产企业/上市许可持有人	drug,consumable
GYS0008263	康蒂思（上海）医疗器械有限公司	生产企业	consumable
GYS0008264	康讯恒新（北京）科技有限公司	生产企业	consumable
GYS0008265	康讯恒新（江苏）医疗科技有限公司	生产企业	consumable
GYS0008266	康诺生物制药股份有限公司	生产企业/上市许可持有人	drug
GYS0008267	康贝莱医学科技（广州）有限公司	生产企业	consumable
GYS0008268	康路联（无锡）医疗科技有限公司	生产企业	consumable
GYS0008269	康迪泰科（北京）医疗科技有限公司	生产企业	consumable
GYS0008270	康鑫医疗器械（成武）有限公司	生产企业	consumable
GYS0008271	康雪兰医疗科技河北有限公司	生产企业	consumable
GYS0008272	康齿乐（天津）医学科技有限公司	生产企业	consumable
GYS0008273	廊坊优思迈医疗器械有限公司	生产企业	consumable
GYS0008274	廊坊四叶草医疗器械有限公司	生产企业	consumable
GYS0008275	廊坊国宏医疗器械科技有限公司	生产企业	consumable
GYS0008276	廊坊市伊宁医疗器械有限公司	生产企业	consumable
GYS0008277	廊坊市恩嘉医疗器械有限公司	生产企业	consumable
GYS0008278	廊坊市捷然医疗器械有限公司	生产企业	consumable
GYS0008279	廊坊市淄德假肢矫形器有限公司	生产企业	consumable
GYS0008280	廊坊市爱尔医疗科技有限公司	生产企业	consumable
GYS0008281	廊坊市睿辉医疗器械有限公司	生产企业	consumable
GYS0008282	廊坊市英普医疗用品有限公司	生产企业	consumable
GYS0008283	廊坊市锋泰医疗科技有限责任公司	生产企业	consumable
GYS0008284	廊坊新耀医疗器械有限公司	生产企业	consumable
GYS0008285	廊坊晟博兄弟科技有限责任公司	生产企业	consumable
GYS0008286	廊坊观博科技有限公司	生产企业	consumable
GYS0008287	廊坊高博京邦制药有限公司	生产企业	drug
GYS0008288	延吉市永生矫形器制作中心	生产企业	consumable
GYS0008289	延吉市金达莱医疗器械有限公司	生产企业	consumable
GYS0008290	延吉康桥齿业科技有限公司	生产企业	consumable
GYS0008291	延吉艺美义齿加工有限公司	生产企业	consumable
GYS0008292	延安万历药业有限公司	生产企业	consumable
GYS0008293	延安凯思立医疗用品有限公司	生产企业	consumable
GYS0008294	延安利众药业有限公司	生产企业	consumable
GYS0008295	延安制药股份有限公司	生产企业/上市许可持有人	drug
GYS0008296	延安天才生物科技有限公司	生产企业	consumable
GYS0008297	延安市宝塔区温王医药科技有限公司	生产企业	consumable
GYS0008298	延安康亿健医药科技有限公司	生产企业	consumable
GYS0008299	延安盛世晟创药业有限公司	生产企业	consumable
GYS0008300	延边大洋假肢矫形器有限公司	生产企业	consumable
GYS0008301	延边峻屹医疗科技有限公司	生产企业	consumable
GYS0008302	延边州阿里德制药有限公司	生产企业	consumable
GYS0008303	建始县中医医院	制剂配制单位	preparation
GYS0008304	建德市医疗器械厂（普通合伙）	生产企业	consumable
GYS0008305	建德市同庐医用器材有限公司	生产企业	consumable
GYS0008306	建德市康华医疗器材有限公司	生产企业	consumable
GYS0008307	建德市朝美日化有限公司	生产企业	consumable
GYS0008308	建德市梅城电化分析仪器厂	生产企业	consumable
GYS0008309	建德市雅康医疗器械有有限公司	生产企业	consumable
GYS0008310	开封制药(集团)有限公司	生产企业/上市许可持有人	drug
GYS0008311	开封大宋制药有限公司	生产企业	drug
GYS0008312	开封康诺药业有限公司	生产企业/上市许可持有人	drug
GYS0008313	开封明仁药业有限公司	生产企业/上市许可持有人	drug
GYS0008314	开平市艺丰义齿有限公司	生产企业	consumable
GYS0008315	弓立（厦门）医疗用品有限公司	生产企业	consumable
GYS0008316	弗晟汇聚医疗科技（山东）有限公司	生产企业	consumable
GYS0008317	弗里茨史蒂芬医疗科技（无锡）有限公司	生产企业	consumable
GYS0008318	弘健制药(上海)有限公司	生产企业/上市许可持有人	drug
GYS0008319	弘和制药有限公司	生产企业/上市许可持有人	drug
GYS0008320	弘福瑞昇（苏州）微创医疗科技有限公司	生产企业	consumable
GYS0008321	弘美制药(中国)有限公司	生产企业	drug
GYS0008322	张家口元和义齿科技有限公司	生产企业	consumable
GYS0008323	张家口瑞和康盛康复辅具有限公司	生产企业	consumable
GYS0008324	张家港俱扬医疗器械有限公司	生产企业	consumable
GYS0008325	张家港华夏帽业有限公司	生产企业	consumable
GYS0008326	张家港华明医疗器械有限公司	生产企业	consumable
GYS0008327	张家港市华新医疗器械厂	生产企业	consumable
GYS0008328	张家港市华美医疗器械有限公司	生产企业	consumable
GYS0008329	张家港市华阳医疗器械厂	生产企业	consumable
GYS0008330	张家港市富康医械制造有限公司	生产企业	consumable
GYS0008331	张家港市欧凯医疗器械有限公司	生产企业	consumable
GYS0008332	张家港市沙工医疗器械科技发展有限公司	生产企业	consumable
GYS0008333	张家港市绮丽日用化学品有限公司	生产企业	drug
GYS0008334	张家港市航天医疗电器有限公司	生产企业	consumable
GYS0008335	张家港市鑫瑞特医疗器械有限公司	生产企业	consumable
GYS0008336	张家港市锦丰康达医用器材厂	生产企业	consumable
GYS0008337	张家港神港医疗用品有限公司	生产企业	consumable
GYS0008338	张家港群健科技有限公司	生产企业	consumable
GYS0008339	张家港龙医医疗器械有限公司	生产企业	consumable
GYS0008340	强生视力健商贸（上海）有限公司	生产企业	consumable
GYS0008341	强生（上海）医疗器材有限公司	生产企业	consumable
GYS0008342	强生（中国）医疗器材有限公司	生产企业	consumable
GYS0008343	强生（苏州）医疗器材有限公司	生产企业	consumable
GYS0008344	强联智创（北京）科技有限公司	生产企业	consumable
GYS0008345	弼诺（天津）医疗器械有限公司	生产企业	consumable
GYS0008346	归创通桥医疗科技股份有限公司	生产企业	consumable
GYS0008347	当阳祥顺卫材开发有限公司	生产企业	consumable
GYS0008348	彩立方（天津）医疗科学技术有限公司	生产企业	consumable
GYS0008349	影为医疗科技（上海）有限公司	生产企业	consumable
GYS0008350	彼岸医疗科技（广州）有限公司	生产企业	consumable
GYS0008351	徐州一佳医疗器械有限公司	生产企业	consumable
GYS0008352	徐州乐君志机电科技有限公司	生产企业	consumable
GYS0008353	徐州亚太科技有限公司	生产企业	consumable
GYS0008354	徐州优冠义齿科技有限公司	生产企业	consumable
GYS0008355	徐州儒康医疗器械有限公司	生产企业	consumable
GYS0008356	徐州元发牙科技术有限公司	生产企业	consumable
GYS0008357	徐州利华电子科技发展有限公司	生产企业	consumable
GYS0008358	徐州利尔康卫生材料有限公司	生产企业	consumable
GYS0008359	徐州华益制药有限公司	生产企业	drug
GYS0008360	徐州卫材卫生材料有限公司	生产企业	consumable
GYS0008361	徐州原子高科医药有限公司	生产企业	drug
GYS0008362	徐州圣沃卫生材料有限公司	生产企业	consumable
GYS0008363	徐州复立医疗器械有限公司	生产企业	consumable
GYS0008364	徐州天诚口腔医疗技术有限公司	生产企业	consumable
GYS0008365	徐州奕佳康健电子科技有限公司	生产企业	consumable
GYS0008366	徐州奥宇假肢矫形技术开发有限公司	生产企业	consumable
GYS0008367	徐州安紫齿科技术有限公司	生产企业	consumable
GYS0008368	徐州宏阳医疗科技有限公司	生产企业	consumable
GYS0008369	徐州市美诺德义齿有限公司	生产企业	consumable
GYS0008370	徐州市金纬医疗电子设备有限公司	生产企业	consumable
GYS0008371	徐州康尔卫生材料厂	生产企业	consumable
GYS0008372	徐州康拓医疗设备有限公司	生产企业	consumable
GYS0008373	徐州康特医疗器械有限公司	生产企业	consumable
GYS0008374	徐州弘立卫生材料有限公司	生产企业	consumable
GYS0008375	徐州徐卫医疗科技有限公司	生产企业	consumable
GYS0008376	徐州恒久医疗器械有限公司	生产企业	consumable
GYS0008377	徐州恒康卫生材料有限公司	生产企业	consumable
GYS0008378	徐州新洁康卫生材料有限公司	生产企业	consumable
GYS0008379	徐州林华药业有限公司	生产企业	consumable
GYS0008380	徐州欧意医疗器械有限公司	生产企业	consumable
GYS0008381	徐州浦澜医疗科技有限公司	生产企业	consumable
GYS0008382	徐州海特斯康医疗科技有限公司	生产企业	consumable
GYS0008383	徐州灵悦医疗科技有限公司	生产企业	consumable
GYS0008384	徐州爱牙义齿研制中心	生产企业	consumable
GYS0008385	徐州秀微医疗科技有限公司	生产企业	consumable
GYS0008386	徐州英杰医疗科技有限公司	生产企业	consumable
GYS0008387	徐州荣华卫生材料厂	生产企业	consumable
GYS0008388	徐州融福健康产业有限公司	生产企业	consumable
GYS0008389	徐州诚茗医疗科技有限公司	生产企业	consumable
GYS0008390	徐州贝德氏卫生用品有限公司	生产企业	consumable
GYS0008391	徐州辉朗医疗科技有限公司	生产企业	consumable
GYS0008392	徐州迈康科技有限公司	生产企业	consumable
GYS0008393	徐州领冠义齿有限公司	生产企业	consumable
GYS0008394	得实打印机（江门）有限公司	生产企业	consumable
GYS0008395	得生制药股份有限公司	生产企业/上市许可持有人	drug
GYS0008396	御本堂控股集团有限公司	生产企业/上市许可持有人	drug
GYS0008397	御生堂制药有限公司	生产企业	drug
GYS0008398	微创优通医疗科技（上海）有限公司	生产企业	consumable
GYS0008399	微创优通医疗科技（嘉兴）有限公司	生产企业	consumable
GYS0008400	微创神通医疗科技（上海）有限公司	生产企业	consumable
GYS0008401	微创龙脉医疗科技（嘉兴）有限公司	生产企业	consumable
GYS0008402	微尔创（武汉）医疗科技有限公司	生产企业	consumable
GYS0008403	微智医疗器械有限公司	生产企业	consumable
GYS0008404	微泰医疗器械（杭州）股份有限公司	生产企业	consumable,ivd
GYS0008405	微点生物技术（长沙）有限公司	生产企业	consumable
GYS0008406	微肽生物工程（湖南）有限公司	生产企业	consumable
GYS0008407	微至（苏州）医疗科技有限公司	生产企业	consumable
GYS0008408	德中工商技术咨询服务（太仓）有限公司上海分公司	生产企业	consumable
GYS0008409	德传公药业（贵州）有限公司	生产企业	consumable
GYS0008410	德佩医疗器械（北京）有限公司	生产企业	consumable
GYS0008411	德倍佳（广东）医疗科技有限公司	生产企业	consumable
GYS0008412	德克森医疗科技（江苏无锡）有限公司	生产企业	consumable
GYS0008413	德全药品(江苏)股份有限公司	生产企业/上市许可持有人	drug
GYS0008414	德博医疗科技（石家庄）有限公司	生产企业	consumable
GYS0008415	德国PFM医疗集团北京代表处	生产企业	consumable
GYS0008416	德国夏菩天然药物制药公司	生产企业/上市许可持有人	drug
GYS0008417	德国威玛舒培博士药厂	生产企业/上市许可持有人	drug
GYS0008418	德国汉堡爱活大药厂	生产企业/上市许可持有人	drug
GYS0008419	德国沃柯有限公司上海代表处	生产企业	consumable
GYS0008420	德国泰德制药厂	生产企业/上市许可持有人	drug
GYS0008421	德国礼达大药厂	生产企业/上市许可持有人	drug
GYS0008422	德国贝格有限公司北京代表处	生产企业	consumable
GYS0008423	德尔格医疗设备（上海）有限公司	生产企业	consumable
GYS0008424	德州健洁医疗器械有限公司	生产企业	consumable
GYS0008425	德州博诚制药有限公司	生产企业/上市许可持有人	drug
GYS0008426	德州国仁康邦劳务信息咨询服务有限公司	生产企业	consumable
GYS0008427	德州市康之源医疗器械有限责任公司	生产企业	consumable
GYS0008428	德州广源医疗科技有限公司	生产企业	consumable
GYS0008429	德州康浩医疗器械有限公司	生产企业	consumable
GYS0008430	德州康迪医疗用品有限公司	生产企业	consumable
GYS0008431	德州康鸣无纺布卫生制品有限公司	生产企业	consumable
GYS0008432	德州德药制药有限公司	生产企业/上市许可持有人	drug
GYS0008433	德州悦洁医疗科技有限公司	生产企业	consumable
GYS0008434	德州探真生物医药科技有限公司	生产企业	consumable
GYS0008435	德州昌诚新材料有限公司	生产企业	consumable
GYS0008436	德州智康医疗器械有限公司	生产企业	consumable
GYS0008437	德州水木医疗器械有限公司	生产企业	consumable
GYS0008438	德州海利安生物科技股份有限公司	生产企业	consumable
GYS0008439	德州玉东医疗器械有限公司	生产企业	consumable
GYS0008440	德州科门领航医疗器械厂	生产企业	consumable
GYS0008441	德州美德医疗器械有限公司	生产企业	consumable
GYS0008442	德州金康辰医疗器械有限公司	生产企业	consumable
GYS0008443	德州金约应医疗器械有限公司	生产企业	consumable
GYS0008444	德康行（上海）国际贸易有限公司	生产企业	consumable
GYS0008445	德必碁生物科技（厦门）有限公司	生产企业	consumable
GYS0008446	德惠市医疗卫生用品厂	生产企业	consumable
GYS0008447	德林义肢康复器材（上海）有限公司	生产企业	consumable
GYS0008448	德林义肢康复器材（成都）有限公司	生产企业	consumable
GYS0008449	德林义肢矫型器（北京）有限公司	生产企业	consumable
GYS0008450	德林义肢矫型康复器材（深圳）有限公司	生产企业	consumable
GYS0008451	德清县武康镇金利康医药用品厂	生产企业	consumable
GYS0008452	德瑞康（河北）医药用品有限公司	生产企业	consumable
GYS0008453	德联科贸（北京）有限公司	生产企业	consumable
GYS0008454	德莱福（重庆）医疗器械有限公司	生产企业	consumable
GYS0008455	德诺杰亿（北京）生物科技有限公司	生产企业	consumable
GYS0008456	德赫生物技术（湖南）有限公司	生产企业	consumable
GYS0008457	德路通（石家庄）生物科技有限公司	生产企业	consumable
GYS0008458	德迈特医学技术（北京）有限公司	生产企业	consumable
GYS0008459	德顺堂（山东）医药有限公司	生产企业	consumable
GYS0008460	心凯诺医疗科技（上海）有限公司	生产企业	consumable
GYS0008461	心宜医疗器械（深圳）有限公司	生产企业	consumable
GYS0008462	心擎医疗（苏州）股份有限公司	生产企业	consumable
GYS0008463	心睿珂学（北京）供应链管理发展有限公司	生产企业	consumable
GYS0008464	心诺普医疗技术（北京）有限公司	生产企业	consumable
GYS0008465	必应（东莞）增材制造科技有限公司	生产企业	consumable
GYS0008466	必康制药新沂集团控股有限公司	生产企业	drug
GYS0008467	必康制药江苏有限公司	生产企业	drug
GYS0008468	必欧瀚生物技术（合肥）有限公司	生产企业	consumable
GYS0008469	志祥药业（湖北）有限公司	生产企业	consumable
GYS0008470	忧立舒医药科技（广东）有限公司	生产企业	consumable
GYS0008471	怀化市华兴齿科配制有限公司	生产企业	consumable
GYS0008472	怀化市成功星耀医疗器械有限公司	生产企业	consumable
GYS0008473	怀化市汇新义齿有限公司	生产企业	consumable
GYS0008474	怀化星冠义齿制品有限公司	生产企业	consumable
GYS0008475	怀化正好制药有限公司	生产企业/上市许可持有人	drug
GYS0008476	怀化龙星义齿医疗器械有限公司	生产企业	consumable
GYS0008477	思利康医用材料（天长）有限公司	生产企业	consumable
GYS0008478	思格药业（北京）有限责任公司	生产企业	consumable
GYS0008479	思澜科技（成都）有限公司	生产企业	consumable
GYS0008480	思睿智能医学科技（武汉）有限公司	生产企业	consumable
GYS0008481	怡康精研生物技术（天津）有限公司	生产企业	consumable
GYS0008482	怡然（海南）医院有限公司	生产企业	consumable
GYS0008483	怡越医疗（广东）有限公司	生产企业	consumable
GYS0008484	恒伦医疗科技股份有限公司	生产企业	consumable
GYS0008485	恒升医学科技股份有限公司	生产企业	consumable,ivd
GYS0008486	恒壹（北京）医疗科技有限公司	生产企业	consumable
GYS0008487	恒拓集团南宁仁盛制药有限公司	生产企业/上市许可持有人	drug
GYS0008488	恒拓集团广西圣康制药有限公司	生产企业/上市许可持有人	drug
GYS0008489	恒昌(广州)新药研究有限公司	生产企业/上市许可持有人	drug
GYS0008490	恒昱生物制药（山东）有限公司	生产企业	consumable
GYS0008491	恒诚制药集团淮南有限公司	生产企业/上市许可持有人	drug
GYS0008492	恒辉（威海)医疗科技有限公司	生产企业	consumable
GYS0008493	恩威(江西)制药有限公司	生产企业/上市许可持有人	drug
GYS0008494	恩平市德邦医疗用品有限公司	生产企业	consumable
GYS0008495	恩施土家族苗族自治州中心医院	制剂配制单位	preparation
GYS0008496	恩施州致远义齿制作有限公司	生产企业	consumable
GYS0008497	恩施真彩智造医疗技术有限公司	生产企业	consumable
GYS0008498	恩赞臣（青岛）生物科技有限公司	生产企业	consumable
GYS0008499	恩迈智能数字医疗（嘉兴）有限公司	生产企业	consumable
GYS0008500	恪心医疗科技（上海）有限公司	生产企业	consumable
GYS0008501	恺兴生命科技(上海)有限公司	生产企业/上市许可持有人	drug
GYS0008502	悦康药业集团安徽天然制药有限公司	生产企业/上市许可持有人	drug
GYS0008503	悦康药业集团有限公司	生产企业/上市许可持有人	drug
GYS0008504	悦康药业集团股份有限公司	生产企业/上市许可持有人	drug
GYS0008505	悬壶药业（山东）有限公司	生产企业	consumable
GYS0008506	惠东县长荣实业有限公司	生产企业	consumable
GYS0008507	惠众国际医疗器械（北京）有限公司	生产企业	consumable
GYS0008508	惠升生物制药股份有限公司	生产企业/上市许可持有人	drug
GYS0008509	惠州云科医疗有限公司	生产企业	consumable
GYS0008510	惠州华励医疗有限公司	生产企业	consumable
GYS0008511	惠州华阳医疗器械有限公司	生产企业	consumable
GYS0008512	惠州善雅医疗器械有限公司	生产企业	consumable
GYS0008513	惠州大亚制药股份有限公司	生产企业/上市许可持有人	drug
GYS0008514	惠州市九惠制药股份有限公司	生产企业/上市许可持有人	drug
GYS0008515	惠州市众悦齿科技术有限公司	生产企业	consumable
GYS0008516	惠州市利海医疗器械有限公司	生产企业	consumable
GYS0008517	惠州市勤泰义齿有限公司	生产企业	consumable
GYS0008518	惠州市华健纺织品有限公司	生产企业	consumable
GYS0008519	惠州市华睿医疗科技有限公司	生产企业	consumable
GYS0008520	惠州市卓元医疗器械有限公司	生产企业	consumable
GYS0008521	惠州市嘉和立方科技有限公司	生产企业	consumable
GYS0008522	惠州市嘉然义齿有限公司	生产企业	consumable
GYS0008523	惠州市天长实业有限公司	生产企业	consumable
GYS0008524	惠州市安耐施义齿有限公司	生产企业	consumable
GYS0008525	惠州市康迪医疗科技有限公司	生产企业	consumable
GYS0008526	惠州市德高义齿有限公司	生产企业	consumable
GYS0008527	惠州市惠信牙科器材有限公司	生产企业	consumable
GYS0008528	惠州市新俊达塑料制品有限公司	生产企业	consumable
GYS0008529	惠州市智兴牙科器材有限公司	生产企业	consumable
GYS0008530	惠州市楷医科技有限公司	生产企业	consumable
GYS0008531	惠州市源泰医疗器械有限公司	生产企业	consumable
GYS0008532	惠州市瑞春医疗科技有限公司	生产企业	consumable
GYS0008533	惠州市繁露齿科技术有限公司	生产企业	consumable
GYS0008534	惠州市绿亚生物材料有限公司	生产企业	consumable
GYS0008535	惠州市衡福瑞电子有限公司	生产企业	consumable
GYS0008536	惠州市铭德兴义齿有限公司	生产企业	consumable
GYS0008537	惠州市雅致嘉医疗器械有限公司	生产企业	consumable
GYS0008538	惠州市鲲鹏义齿有限公司	生产企业	consumable
GYS0008539	惠州市鸿鑫达义齿制作有限公司	生产企业	consumable
GYS0008540	惠州法路源基因科技有限公司	生产企业	consumable
GYS0008541	惠州海卓科赛医疗有限公司	生产企业	consumable
GYS0008542	惠州维德雅科技有限公司	生产企业	consumable
GYS0008543	惠州茹俊希医疗器材有限公司	生产企业	consumable
GYS0008544	惠州逗点生物技术有限公司	生产企业	consumable
GYS0008545	惠康达医疗器械科技（山东）有限公司	生产企业	consumable
GYS0008546	惠氏制药有限公司	生产企业/上市许可持有人	drug
GYS0008547	惠聚（福建）健康产业发展有限公司	生产企业	consumable
GYS0008548	愈特贸易（上海）有限公司	生产企业	consumable
GYS0008549	意大利阿基米亚有限公司北京代表处	生产企业	consumable
GYS0008550	感控卫士（山东）医疗科技有限公司	生产企业	consumable
GYS0008551	感控鹰飞（天津）医疗科技有限公司	生产企业	consumable
GYS0008552	慈溪市三北医疗器械厂	生产企业	consumable
GYS0008553	慈溪市新瑞雪义齿有限公司	生产企业	consumable
GYS0008554	慈溪市航宇医疗供气设备有限公司	生产企业	consumable
GYS0008555	慈溪市飞腾医疗器械厂（普通合伙）	生产企业	consumable
GYS0008556	慈溪布拉德医疗器械有限公司	生产企业	consumable
GYS0008557	慈达（广州）生物技术有限公司	生产企业	consumable
GYS0008558	慧威医疗科技(台州)有限公司	生产企业	consumable
GYS0008559	慧得医护（浙江）科技发展有限公司	生产企业	consumable
GYS0008560	慧润康（北京）科贸有限公司	生产企业	consumable
GYS0008561	懋煜（青岛）医疗科技有公司	生产企业	consumable
GYS0008562	懋煜（青岛）医疗科技有限公司	生产企业	consumable
GYS0008563	戈尔工业品贸易（上海）有限公司	生产企业	consumable
GYS0008564	戈瑞医疗科技（深圳）有限公司	生产企业	consumable
GYS0008565	戈鲁巴（上海）医疗科技有限公司	生产企业	consumable
GYS0008566	成武佰世康医疗器械有限公司	生产企业	consumable
GYS0008567	成武创诺医疗器械有限公司	生产企业	consumable
GYS0008568	成武华民医疗器械有限公司	生产企业	consumable
GYS0008569	成武县北怡医疗器械有限公司	生产企业	consumable
GYS0008570	成武康诺医疗器械有限公司	生产企业	consumable
GYS0008571	成武浩远医疗器械有限公司	生产企业	consumable
GYS0008572	成武特诺医疗器械有限公司	生产企业	consumable
GYS0008573	成武瑞合医疗器械有限公司	生产企业	consumable
GYS0008574	成武远阳医疗器械有限公司	生产企业	consumable
GYS0008575	成都上下牙科技术开发有限公司	生产企业	consumable
GYS0008576	成都东方人健康产业有限责任公司	生产企业	consumable
GYS0008577	成都东洋百信制药有限公司	生产企业	drug
GYS0008578	成都东美众科技有限公司	生产企业	consumable
GYS0008579	成都中光医疗科技有限公司	生产企业	consumable
GYS0008580	成都中核高通同位素股份有限公司	生产企业/上市许可持有人	drug
GYS0008581	成都九芝堂金鼎药业有限公司	生产企业/上市许可持有人	drug
GYS0008582	成都云克药业有限责任公司	生产企业/上市许可持有人	drug
GYS0008583	成都五义医疗设备有限公司	生产企业	consumable
GYS0008584	成都亚非齿科技术有限公司	生产企业	consumable
GYS0008585	成都亨达药业有限公司	生产企业/上市许可持有人	drug
GYS0008586	成都仁天医疗器械有限公司	生产企业	consumable
GYS0008587	成都仁爱义齿技术有限公司	生产企业	consumable
GYS0008588	成都优材科技有限公司	生产企业	consumable
GYS0008589	成都信易凯威医疗器械有限公司	生产企业	consumable
GYS0008590	成都信汇聚源科技有限公司	生产企业	consumable
GYS0008591	成都倍特得诺药业有限公司	生产企业/上市许可持有人	drug
GYS0008592	成都倍特药业股份有限公司	生产企业/上市许可持有人	drug
GYS0008593	成都克莱蒙医药科技有限公司	生产企业/上市许可持有人	drug
GYS0008594	成都兰润生物科技有限公司	生产企业	consumable
GYS0008595	成都利尔药业有限公司	生产企业/上市许可持有人	drug
GYS0008596	成都医路康医学技术服务有限公司	生产企业/上市许可持有人	drug
GYS0008597	成都华宇制药有限公司	生产企业/上市许可持有人	drug
GYS0008598	成都华容义齿技术有限公司	生产企业	consumable
GYS0008599	成都华昊中天药业有限公司	生产企业/上市许可持有人	drug
GYS0008600	成都华神生物技术有限责任公司	生产企业/上市许可持有人	drug
GYS0008601	成都华神科技集团股份有限公司制药厂	生产企业/上市许可持有人	drug
GYS0008602	成都华西天然药物有限公司	生产企业/上市许可持有人	drug
GYS0008603	成都卓越义齿技术有限公司	生产企业	consumable
GYS0008604	成都博创必成生物技术有限公司	生产企业	consumable
GYS0008605	成都博奥晶芯生物科技有限公司	生产企业	consumable
GYS0008606	成都博施洛医疗科技有限公司	生产企业	consumable
GYS0008607	成都博美医疗用品有限公司	生产企业	consumable
GYS0008608	成都卡恩特医疗科技有限公司	生产企业	consumable
GYS0008609	成都口口齿科技术有限公司	生产企业	consumable
GYS0008610	成都吉泰医疗器械有限公司	生产企业	consumable
GYS0008611	成都君安医疗科技有限公司	生产企业	consumable
GYS0008612	成都启悦艺齿科技有限公司	生产企业	consumable
GYS0008613	成都和惠医药科技有限公司	生产企业	consumable
GYS0008614	成都善嘉生物医药有限责任公司	生产企业	consumable
GYS0008615	成都善邦生物科技有限公司	生产企业	consumable
GYS0008616	成都四维齿科技术开发有限公司	生产企业	consumable
GYS0008617	成都国为生物医药有限公司	生产企业/上市许可持有人	drug
GYS0008618	成都国嘉联合制药有限公司	生产企业/上市许可持有人	drug
GYS0008619	成都圣诺生物制药有限公司	生产企业/上市许可持有人	drug
GYS0008620	成都地奥九泓制药厂	生产企业/上市许可持有人	drug
GYS0008621	成都地奥制药集团有限公司	生产企业/上市许可持有人	drug
GYS0008622	成都地奥集团天府药业股份有限公司	生产企业/上市许可持有人	drug
GYS0008623	成都壁虎医疗科技有限公司	生产企业	consumable
GYS0008624	成都天之翼尚品医药科技有限公司	生产企业/上市许可持有人	drug
GYS0008625	成都天台山制药有限公司	生产企业/上市许可持有人	drug
GYS0008626	成都天台山制药股份有限公司	生产企业/上市许可持有人	drug
GYS0008627	成都天美牙科技术开发有限公司	生产企业	consumable
GYS0008628	成都天齐增材智造有限责任公司	生产企业	consumable
GYS0008629	成都太合生物材料有限公司	生产企业	consumable
GYS0008630	成都奥邦药业有限公司	生产企业/上市许可持有人	drug
GYS0008631	成都好特医疗器械有限公司	生产企业	consumable
GYS0008632	成都宇宸医疗器械有限公司	生产企业	consumable
GYS0008633	成都安捷畅医疗科技有限公司	生产企业	consumable
GYS0008634	成都宜隆义齿有限公司	生产企业	consumable
GYS0008635	成都尚古医疗器械有限公司	生产企业	consumable
GYS0008636	成都川力制药有限公司	生产企业/上市许可持有人	drug
GYS0008637	成都市佳颖医用制品有限公司	生产企业	consumable
GYS0008638	成都市南丁医用材料有限公司	生产企业	consumable
GYS0008639	成都市博雅义齿技术有限公司	生产企业	consumable
GYS0008640	成都市卫生材料厂	生产企业	consumable
GYS0008641	成都市宏盛义齿技术有限公司	生产企业	consumable
GYS0008642	成都市新津事丰医疗器械有限公司	生产企业	consumable
GYS0008643	成都市新鸿牙科技术开发有限公司	生产企业	consumable
GYS0008644	成都市汉家林生物技术有限公司	生产企业	consumable
GYS0008645	成都市海通药业有限公司	生产企业/上市许可持有人	drug
GYS0008646	成都市牙立方义齿技术有限公司	生产企业	consumable
GYS0008647	成都市精艺牙科技术开发有限公司	生产企业	consumable
GYS0008648	成都市舒听医疗器械有限责任公司	生产企业	consumable
GYS0008649	成都市艺境义齿技术有限公司	生产企业	consumable
GYS0008650	成都市萨尼医疗器械有限公司	生产企业	consumable
GYS0008651	成都平原药业有限公司	生产企业/上市许可持有人	drug
GYS0008652	成都康华生物制品股份有限公司	生产企业/上市许可持有人	drug
GYS0008653	成都康富科学仪器有限公司	生产企业	consumable
GYS0008654	成都康弘制药有限公司	生产企业/上市许可持有人	drug
GYS0008655	成都康弘生物科技有限公司	生产企业/上市许可持有人	drug
GYS0008656	成都康弘药业集团股份有限公司	生产企业/上市许可持有人	drug
GYS0008657	成都康影益医疗科技有限公司	生产企业	consumable
GYS0008658	成都康惠净科技有限公司	生产企业	consumable
GYS0008659	成都康诺行生物医药科技有限公司	生产企业/上市许可持有人	drug
GYS0008660	成都开创义齿技术有限责任公司	生产企业	consumable
GYS0008661	成都强效医疗科技有限责任公司	生产企业	consumable
GYS0008662	成都微芯药业有限公司	生产企业/上市许可持有人	drug
GYS0008663	成都德信安创新医疗技术有限公司	生产企业	consumable
GYS0008664	成都德倍佳医疗科技有限责任公司	生产企业	consumable
GYS0008665	成都德而塔生物科技有限公司	生产企业	consumable
GYS0008666	成都思维多应用技术研究所	生产企业	consumable
GYS0008667	成都思维特医疗器械有限公司	生产企业	consumable
GYS0008668	成都恒瑞制药有限公司	生产企业/上市许可持有人	drug
GYS0008669	成都悦美义齿制造有限公司	生产企业	consumable
GYS0008670	成都悦齿精工科技有限公司	生产企业	consumable
GYS0008671	成都感控伙伴科技有限公司	生产企业	consumable
GYS0008672	成都慧德医药科技有限公司	生产企业/上市许可持有人	drug
GYS0008673	成都拓蓝精创医学技术有限公司	生产企业	consumable
GYS0008674	成都数梦软件有限公司	生产企业	consumable
GYS0008675	成都新大阪齿科技术发展有限公司	生产企业	consumable
GYS0008676	成都新恒创药业有限公司	生产企业/上市许可持有人	drug
GYS0008677	成都新澳冠医疗器械有限公司	生产企业	consumable
GYS0008678	成都新炬化工有限公司	生产企业	consumable
GYS0008679	成都新百基生物科技有限公司	生产企业	consumable
GYS0008680	成都昌华科技有限责任公司	生产企业	consumable
GYS0008681	成都明日制药有限公司	生产企业/上市许可持有人	drug
GYS0008682	成都明森医疗器械有限责任公司	生产企业	consumable
GYS0008683	成都易仁锡尔克堡义齿技术有限责任公司	生产企业	consumable
GYS0008684	成都易美乐义齿有限公司	生产企业	consumable
GYS0008685	成都普什制药有限公司	生产企业/上市许可持有人	drug
GYS0008686	成都普什医疗科技有限公司	生产企业	consumable
GYS0008687	成都朴华科技有限公司	生产企业	consumable
GYS0008688	成都杨天万应制药有限公司	生产企业/上市许可持有人	drug
GYS0008689	成都极美数字医疗科技有限公司	生产企业	consumable
GYS0008690	成都栩柏雅生物科技有限公司	生产企业	consumable
GYS0008691	成都格登特科技有限公司	生产企业	consumable
GYS0008692	成都欣捷高新技术开发股份有限公司	生产企业/上市许可持有人	drug
GYS0008693	成都欣科医药有限公司	生产企业/上市许可持有人	drug
GYS0008694	成都欧林生物科技股份有限公司	生产企业/上市许可持有人	drug
GYS0008695	成都欧赛医疗器械有限公司	生产企业	consumable
GYS0008696	成都正康药业有限公司	生产企业/上市许可持有人	drug
GYS0008697	成都民意制药有限责任公司	生产企业/上市许可持有人	drug
GYS0008698	成都永安制药有限公司	生产企业	drug
GYS0008699	成都永康制药有限公司	生产企业/上市许可持有人	drug
GYS0008700	成都泰合健康科技集团股份有限公司华神制药厂	生产企业/上市许可持有人	drug
GYS0008701	成都派瑞义齿科技发展有限公司	生产企业	consumable
GYS0008702	成都海德康药业有限公司	生产企业/上市许可持有人	drug
GYS0008703	成都海迪生生物科技有限公司	生产企业	consumable
GYS0008704	成都润兴消毒药业有限公司	生产企业	consumable
GYS0008705	成都润华堂制药有限公司	生产企业/上市许可持有人	drug
GYS0008706	成都澳若思医疗器械有限公司	生产企业	consumable
GYS0008707	成都爱力泰医疗器械有限公司	生产企业	consumable
GYS0008708	成都爱星妈咪妇婴用品有限公司	生产企业	consumable
GYS0008709	成都爱睿康乐医疗器械有限公司	生产企业	consumable
GYS0008710	成都牙佳美医疗用品有限责任公司	生产企业	consumable
GYS0008711	成都牙美医疗科技有限公司	生产企业	consumable
GYS0008712	成都牙贝美塑科技有限公司	生产企业	consumable
GYS0008713	成都理想之光科技有限公司	生产企业	consumable
GYS0008714	成都琢美义齿技术有限公司	生产企业	consumable
GYS0008715	成都瑞尔医药科技有限公司	生产企业/上市许可持有人	drug
GYS0008716	成都瑞琦医疗科技有限责任公司	生产企业	consumable
GYS0008717	成都瑞达齿科技术有限公司	生产企业	consumable
GYS0008718	成都生物制品研究所有限责任公司	生产企业/上市许可持有人	drug
GYS0008719	成都登特牙科技术开发有限公司	生产企业	consumable
GYS0008720	成都百裕制药股份有限公司	生产企业/上市许可持有人	drug
GYS0008721	成都百裕玛仕柯医疗用品制造有限公司	生产企业	consumable
GYS0008722	成都皓丰医疗器械有限公司	生产企业	consumable
GYS0008723	成都皓峰齿科技术有限责任公司	生产企业	consumable
GYS0008724	成都盛泰齿科技术有限公司	生产企业	consumable
GYS0008725	成都盛迪医药有限公司	生产企业/上市许可持有人	drug
GYS0008726	成都硕德药业有限公司	生产企业/上市许可持有人	drug
GYS0008727	成都神鹤药业有限责任公司	生产企业/上市许可持有人	drug
GYS0008728	成都科宁达材料有限公司	生产企业	consumable
GYS0008729	成都稳健利康医疗用品有限公司	生产企业	consumable
GYS0008730	成都第一制药有限公司	生产企业/上市许可持有人	drug
GYS0008731	成都纽创医疗器械有限公司	生产企业	consumable
GYS0008732	成都纽瑞特医疗科技股份有限公司	生产企业	drug
GYS0008733	成都纽脉生物科技有限公司	生产企业	consumable
GYS0008734	成都维信电子科大新技术有限公司	生产企业	consumable
GYS0008735	成都维德医疗器械有限责任公司	生产企业	consumable
GYS0008736	成都维登义齿科技有限公司	生产企业	consumable
GYS0008737	成都维美义齿制造有限公司	生产企业	consumable
GYS0008738	成都美创医疗科技股份有限公司	生产企业	consumable
GYS0008739	成都美创卓尔医疗科技有限公司	生产企业	consumable
GYS0008740	成都美华优健科技有限责任公司	生产企业	consumable
GYS0008741	成都美尔美陶齿制品有限公司	生产企业	consumable
GYS0008742	成都美益达医疗科技有限公司	生产企业	consumable
GYS0008743	成都聚心聚美口腔技术有限公司	生产企业	consumable
GYS0008744	成都艾伟孚生物科技有限公司	生产企业	consumable
GYS0008745	成都艾科斯伦医疗科技有限公司	生产企业	consumable
GYS0008746	成都芝芝药业有限公司	生产企业/上市许可持有人	drug
GYS0008747	成都苏蒂可医疗科技有限公司	生产企业	consumable
GYS0008748	成都苑东生物制药股份有限公司	生产企业/上市许可持有人	drug
GYS0008749	成都英诺新科技有限公司	生产企业/上市许可持有人	drug
GYS0008750	成都茵帕蒂义齿制造有限公司	生产企业	consumable
GYS0008751	成都莫瑞克生物技术有限公司	生产企业	consumable
GYS0008752	成都蓉卫医疗器械有限公司	生产企业	consumable
GYS0008753	成都蓉生药业有限责任公司	生产企业/上市许可持有人	drug
GYS0008754	成都虹途医疗科技有限公司	生产企业	consumable
GYS0008755	成都蜀冠医疗器械有限公司	生产企业	consumable
GYS0008756	成都诺和晟鸿生物制药有限公司	生产企业/上市许可持有人	drug
GYS0008757	成都诺迪康生物制药有限公司	生产企业	drug
GYS0008758	成都贝施美医疗科技股份有限公司	生产企业	consumable
GYS0008759	成都赛恩贝生物科技有限公司	生产企业	consumable
GYS0008760	成都赛璟生物医药科技有限公司	生产企业/上市许可持有人	drug
GYS0008761	成都赛诺联创生物科技有限公司	生产企业/上市许可持有人	drug
GYS0008762	成都超吉科技有限公司	生产企业	consumable
GYS0008763	成都迪康中科生物医学材料有限公司	生产企业	consumable
GYS0008764	成都迪康药业股份有限公司	生产企业/上市许可持有人	drug
GYS0008765	成都迪澳生物科技有限公司	生产企业	consumable
GYS0008766	成都通德药业有限公司	生产企业/上市许可持有人	drug
GYS0008767	成都金典牙科技术开发有限公司	生产企业	consumable
GYS0008768	成都金星健康药业有限公司	生产企业/上市许可持有人	drug
GYS0008769	成都铃源科技有限公司	生产企业	consumable
GYS0008770	成都锦华药业有限责任公司	生产企业/上市许可持有人	drug,consumable
GYS0008771	成都长青制药有限公司	生产企业/上市许可持有人	drug
GYS0008772	成都雅途生物技术有限公司	生产企业/上市许可持有人	drug
GYS0008773	成都青山利康生物科技有限公司	生产企业	consumable
GYS0008774	成都青山利康药业股份有限公司	生产企业/上市许可持有人	drug,consumable
GYS0008775	成都顺雅医疗用品有限公司	生产企业	consumable
GYS0008776	成都顺顺康医疗科技有限公司	生产企业	consumable
GYS0008777	成都领翔义齿技术有限公司	生产企业	consumable
GYS0008778	成都黑尔斯科技有限公司	生产企业	consumable
GYS0008779	成都齿源医疗器械有限公司	生产企业	consumable
GYS0008780	成都齿研科技有限公司	生产企业	consumable
GYS0008781	成都齿道数字牙科技术有限公司	生产企业	consumable
GYS0008782	成都齿邦医疗科技有限公司	生产企业	consumable
GYS0008783	戴氏医疗器械（江苏）股份有限公司	生产企业	consumable
GYS0008784	房县中医院	制剂配制单位	preparation
GYS0008785	托博正畸器械（无锡）有限公司	生产企业	consumable
GYS0008786	扬中美迪硅胶医用制品有限公司	生产企业	consumable
GYS0008787	扬子江药业集团上海海尼药业有限公司	生产企业/上市许可持有人	drug,consumable
GYS0008788	扬子江药业集团北京海燕药业有限公司	生产企业/上市许可持有人	drug
GYS0008789	扬子江药业集团南京海陵药业有限公司	生产企业/上市许可持有人	drug
GYS0008790	扬子江药业集团四川海蓉药业有限公司	生产企业/上市许可持有人	drug
GYS0008791	扬子江药业集团广州海瑞药业有限公司	生产企业/上市许可持有人	drug
GYS0008792	扬子江药业集团有限公司	生产企业/上市许可持有人	drug
GYS0008793	扬子江药业集团江苏制药股份有限公司	生产企业/上市许可持有人	drug
GYS0008794	扬子江药业集团江苏紫龙药业有限公司	生产企业/上市许可持有人	drug
GYS0008795	扬子江药业集团江苏龙凤堂中药有限公司	生产企业/上市许可持有人	drug
GYS0008796	扬州一洋制药有限公司	生产企业/上市许可持有人	drug
GYS0008797	扬州三明医疗器械有限公司	生产企业	consumable
GYS0008798	扬州世纪顺达科技有限公司	生产企业	consumable
GYS0008799	扬州世裕生物科技有限公司	生产企业	consumable
GYS0008800	扬州东盛义齿有限公司	生产企业	consumable
GYS0008801	扬州东风塑胶有限公司	生产企业	consumable
GYS0008802	扬州中兴卫生材料有限公司	生产企业	consumable
GYS0008803	扬州中宝药业股份有限公司	生产企业/上市许可持有人	drug
GYS0008804	扬州中惠制药有限公司	生产企业/上市许可持有人	drug
GYS0008805	扬州中桓医疗科技有限公司	生产企业	consumable
GYS0008806	扬州亚安医疗科技有限公司	生产企业	consumable
GYS0008807	扬州亚欧科技发展有限公司	生产企业	consumable
GYS0008808	扬州亚申科技有限公司	生产企业	consumable
GYS0008809	扬州伊贝康医疗科技有限公司	生产企业	consumable
GYS0008810	扬州众仁医疗器械有限公司	生产企业	consumable
GYS0008811	扬州众安医疗科技有限公司	生产企业	consumable
GYS0008812	扬州佳运医疗器械有限公司	生产企业	consumable
GYS0008813	扬州俊邦科技发展有限公司	生产企业	consumable
GYS0008814	扬州信达医疗科技发展有限公司	生产企业	consumable
GYS0008815	扬州兰天卫生用品厂	生产企业	consumable
GYS0008816	扬州兴业医疗器械有限公司	生产企业	consumable
GYS0008817	扬州千真汇义齿有限公司	生产企业	consumable
GYS0008818	扬州华洋医械实业有限公司	生产企业	consumable
GYS0008819	扬州华盛医疗科技有限公司	生产企业	consumable
GYS0008820	扬州华祥医疗器械有限公司	生产企业	consumable
GYS0008821	扬州华越科技发展有限公司	生产企业	consumable
GYS0008822	扬州博洋医疗用品有限公司	生产企业	consumable
GYS0008823	扬州发特利医疗器械科技有限公司	生产企业	consumable
GYS0008824	扬州启瑞医疗器械有限公司	生产企业	consumable
GYS0008825	扬州唯爱医疗器械有限公司	生产企业	consumable
GYS0008826	扬州国康医疗科技有限公司	生产企业	consumable
GYS0008827	扬州宇润科技发展有限公司	生产企业	consumable
GYS0008828	扬州富达医疗器械有限公司	生产企业	consumable
GYS0008829	扬州市三药制药有限公司	生产企业/上市许可持有人	drug
GYS0008830	扬州市五洋医疗器械有限公司	生产企业	consumable
GYS0008831	扬州市佳茂美天医疗器械厂	生产企业	consumable
GYS0008832	扬州市俊茗医疗器械厂	生产企业	consumable
GYS0008833	扬州市冀安医疗器械有限公司	生产企业	consumable
GYS0008834	扬州市创新医疗器械厂	生产企业	consumable
GYS0008835	扬州市华冠科技发展有限公司	生产企业	consumable
GYS0008836	扬州市华威医疗器械有限公司	生产企业	consumable
GYS0008837	扬州市华庆医疗器械有限公司	生产企业	consumable
GYS0008838	扬州市华祥医疗器械厂	生产企业	consumable
GYS0008839	扬州市华芹医疗器械厂	生产企业	consumable
GYS0008840	扬州市卫士康医疗科技有限公司	生产企业	consumable
GYS0008841	扬州市双菱医疗器械有限公司	生产企业	consumable
GYS0008842	扬州市吉康医疗器械有限公司	生产企业	consumable
GYS0008843	扬州市唐荣医疗用品有限公司	生产企业	consumable
GYS0008844	扬州市宇成医疗器械有限公司	生产企业	consumable
GYS0008845	扬州市安健医疗器械有限公司	生产企业	consumable
GYS0008846	扬州市宏源医疗器械厂	生产企业	consumable
GYS0008847	扬州市峰源医疗器械厂	生产企业	consumable
GYS0008848	扬州市振新医疗器械有限公司	生产企业	consumable
GYS0008849	扬州市捷洁医疗器械厂	生产企业	consumable
GYS0008850	扬州市新星硅胶厂	生产企业	consumable
GYS0008851	扬州市明星医塑器材有限公司	生产企业	consumable
GYS0008852	扬州市晨胜医疗用品厂	生产企业	consumable
GYS0008853	扬州市普菲特医疗器械有限公司	生产企业	consumable
GYS0008854	扬州市晶星乳胶厂	生产企业	consumable
GYS0008855	扬州市智象医疗科技有限公司	生产企业	consumable
GYS0008856	扬州市曲上帆医疗器械有限公司	生产企业	consumable
GYS0008857	扬州市未来医疗器械有限公司	生产企业	consumable
GYS0008858	扬州市松田医疗器械有限公司	生产企业	consumable
GYS0008859	扬州市桂龙医疗器械有限公司	生产企业	consumable
GYS0008860	扬州市榕乐医疗器械实业有限公司	生产企业	consumable
GYS0008861	扬州市正誉医疗器械有限公司	生产企业	consumable
GYS0008862	扬州市永安医疗器械有限公司	生产企业	consumable
GYS0008863	扬州市永长医疗器械厂	生产企业	consumable
GYS0008864	扬州市江洲医疗器械有限公司	生产企业	consumable
GYS0008865	扬州市源思利医疗器械有限公司	生产企业	consumable
GYS0008866	扬州市祥锦科技有限公司	生产企业	consumable
GYS0008867	扬州市科达医疗卫生用品有限公司	生产企业	consumable
GYS0008868	扬州市维阳卫生材料厂	生产企业	consumable
GYS0008869	扬州市美康卫生用品厂	生产企业	consumable
GYS0008870	扬州市苏美义齿技术有限公司	生产企业	consumable
GYS0008871	扬州市荣康医疗器械用品厂	生产企业	consumable
GYS0008872	扬州市达美医疗器械有限公司	生产企业	consumable
GYS0008873	扬州市迪克斯体育用品厂	生产企业	consumable
GYS0008874	扬州市邗江东方医械厂	生产企业	consumable
GYS0008875	扬州市邦美宁医疗科技有限公司	生产企业	consumable
GYS0008876	扬州市金环医疗器械厂	生产企业	consumable
GYS0008877	扬州市鑫康医疗器械厂	生产企业	consumable
GYS0008878	扬州市锦一医疗器械有限公司	生产企业	consumable
GYS0008879	扬州市霞光医疗器械有限公司	生产企业	consumable
GYS0008880	扬州市鹏业医疗器械有限公司	生产企业	consumable
GYS0008881	扬州康安科技有限公司	生产企业	consumable
GYS0008882	扬州康玉泽医疗器械有限公司	生产企业	consumable
GYS0008883	扬州康诺医疗器械有限公司	生产企业	consumable
GYS0008884	扬州康贝尔生物科技有限公司	生产企业	consumable
GYS0008885	扬州强健医疗器材有限公司	生产企业	consumable
GYS0008886	扬州强盛生物科技有限公司	生产企业	consumable
GYS0008887	扬州得尔康医疗器械厂	生产企业	consumable
GYS0008888	扬州志成医疗科技有限公司	生产企业	consumable
GYS0008889	扬州恒达医疗科技发展有限公司	生产企业	consumable
GYS0008890	扬州恩普医疗科技有限公司	生产企业	consumable
GYS0008891	扬州恩泰华医疗器械有限公司	生产企业	consumable
GYS0008892	扬州振翔电子医疗器械有限公司	生产企业	consumable
GYS0008893	扬州旭晟医疗器械有限公司	生产企业	consumable
GYS0008894	扬州旺佳医疗器械有限公司	生产企业	consumable
GYS0008895	扬州明广卫生材料有限公司	生产企业	consumable
GYS0008896	扬州星河生物科技有限公司	生产企业	consumable
GYS0008897	扬州晓康医疗器械有限公司	生产企业	consumable
GYS0008898	扬州晨宇医疗器械有限公司	生产企业	consumable
GYS0008899	扬州普恩医疗科技有限公司	生产企业	consumable
GYS0008900	扬州景怡医疗科技有限公司	生产企业	consumable
GYS0008901	扬州正峰医疗科技发展有限公司	生产企业	consumable
GYS0008902	扬州永成医疗用品有限公司	生产企业	consumable
GYS0008903	扬州永润医疗器械有限公司	生产企业	consumable
GYS0008904	扬州沐森医疗科技有限公司	生产企业	consumable
GYS0008905	扬州洁尔雅医疗器械有限公司	生产企业	consumable
GYS0008906	扬州洋生医药科技有限公司	生产企业	consumable
GYS0008907	扬州海普利默医疗科技有限公司	生产企业	consumable
GYS0008908	扬州海涛医疗器械有限公司	生产企业	consumable
GYS0008909	扬州润芝科技有限公司	生产企业	consumable
GYS0008910	扬州润诺科技开发有限公司	生产企业	consumable
GYS0008911	扬州源康医疗器械有限公司	生产企业	consumable
GYS0008912	扬州玉濠医疗器械有限公司	生产企业	consumable
GYS0008913	扬州环宇医疗器械有限公司	生产企业	consumable
GYS0008914	扬州瑞慈医疗器械有限公司	生产企业	consumable
GYS0008915	扬州益恒医疗器械有限公司	生产企业	consumable
GYS0008916	扬州盛通医塑制品厂	生产企业	consumable
GYS0008917	扬州科兰电子有限公司	生产企业	consumable
GYS0008918	扬州立道医疗器械有限公司	生产企业	consumable
GYS0008919	扬州美德莱医疗用品股份有限公司	生产企业	consumable
GYS0008920	扬州美林医疗器械有限公司	生产企业	consumable
GYS0008921	扬州美瑞生物科技有限公司	生产企业	consumable
GYS0008922	扬州美达康科技发展有限公司	生产企业	consumable
GYS0008923	扬州聚点医疗保健用品有限公司	生产企业	consumable
GYS0008924	扬州芙莱瑞生物科技有限公司	生产企业	consumable
GYS0008925	扬州莱斯特科技有限公司	生产企业	consumable
GYS0008926	扬州诚全科技发展有限公司	生产企业	consumable
GYS0008927	扬州诚美医疗器械有限公司	生产企业	consumable
GYS0008928	扬州诺瑞药业有限公司	生产企业/上市许可持有人	drug
GYS0008929	扬州贝福德医健技术有限公司	生产企业	ivd
GYS0008930	扬州辉腾医疗科技有限公司	生产企业	consumable
GYS0008931	扬州迈睿康医疗科技有限公司	生产企业	consumable
GYS0008932	扬州迎春医用材料厂	生产企业	consumable
GYS0008933	扬州锐特尔医疗科技有限公司	生产企业	consumable
GYS0008934	扬州齐莱医疗器械有限公司	生产企业	consumable
GYS0008935	扬州龙威医疗科技有限公司	生产企业	consumable
GYS0008936	扬州龙虎医疗器械有限公司	生产企业	consumable
GYS0008937	扶桑帝药（青岛）有限公司	生产企业	consumable
GYS0008938	承德云龙制衣有限公司	生产企业	consumable
GYS0008939	承德信民医疗器械有限公司	生产企业	consumable
GYS0008940	承德圣卓医疗器械有限公司	生产企业	consumable
GYS0008941	承德天原药业有限公司	生产企业/上市许可持有人	drug
GYS0008942	承德市惠康医疗器械制造有限公司	生产企业	consumable
GYS0008943	承德御室金丹药业有限公司	生产企业/上市许可持有人	drug
GYS0008944	承德新爱民制药有限公司	生产企业/上市许可持有人	drug
GYS0008945	承德燕峰药业有限责任公司	生产企业/上市许可持有人	drug
GYS0008946	承德绿安医疗器械有限公司	生产企业	consumable
GYS0008947	承德铭昇医疗器械有限公司	生产企业	consumable
GYS0008948	抚州仕鸿医疗科技有限公司	生产企业	consumable
GYS0008949	抚州市惠众健康科技有限公司	生产企业	consumable
GYS0008950	抚松县中药有限责任公司	生产企业/上市许可持有人	drug
GYS0008951	抚顺北药医疗器械有限公司	生产企业	consumable
GYS0008952	抚顺微能生物科技有限公司	生产企业	consumable
GYS0008953	抚顺青松药业有限公司	生产企业/上市许可持有人	drug
GYS0008954	护身康(青岛)生物科技有限公司	生产企业	consumable
GYS0008955	拉思医疗技术（上海）有限公司	生产企业	consumable
GYS0008956	拉萨迪康生物材料有限公司	生产企业	consumable
GYS0008957	拓普能量（天津）科技有限公司	生产企业	consumable
GYS0008958	招远市温泉无纺布制品厂	生产企业	consumable
GYS0008959	拜尔卫姆（大连）科技发展有限公司	生产企业	consumable
GYS0008960	拜德医疗科技（上海）有限公司	生产企业	consumable
GYS0008961	拜斯医疗科技(石家庄)有限公司	生产企业	consumable
GYS0008962	拜耳医药(上海)有限公司	生产企业/上市许可持有人	drug
GYS0008963	拜耳医药保健有限公司	生产企业/上市许可持有人	drug,consumable
GYS0008964	拜耳医药保健有限公司启东分公司	生产企业/上市许可持有人	drug
GYS0008965	拜赛维（济南）生物科技有限公司	生产企业	consumable
GYS0008966	挪度医疗器械（杭州）有限公司	生产企业	consumable
GYS0008967	挪度医疗器械（苏州）有限公司	生产企业	consumable
GYS0008968	振德医疗用品股份有限公司	生产企业	consumable
GYS0008969	捷姆斯医疗科技（张家港）有限公司	生产企业	consumable
GYS0008970	捷迈（上海）医疗国际贸易有限公司	生产企业	consumable
GYS0008971	捷通埃默高（北京）医药科技有限公司	生产企业	consumable
GYS0008972	捷锐企业（上海）有限公司	生产企业	consumable
GYS0008973	揭西县泰洲医疗科技有限公司	生产企业	consumable
GYS0008974	揭阳隐适康口腔医疗科技有限公司	生产企业	consumable
GYS0008975	摩拉西斯（吉林）生物科技有限公司	生产企业	consumable
GYS0008976	攀枝花怡齿泰医疗器械有限公司	生产企业	consumable
GYS0008977	政德制药股份有限公司	生产企业	drug
GYS0008978	数兰（杭州）医疗科技有限公司	生产企业	consumable
GYS0008979	文曼科技（深圳）有限公司	生产企业	consumable
GYS0008980	文水宝芝林药业有限公司	生产企业	consumable
GYS0008981	斐缦（长春）医药生物科技有限责任公司	生产企业	consumable
GYS0008982	斯卡西亚（上海）医疗器械有限公司	生产企业	consumable
GYS0008983	斯卡西亚（北京）医疗器械有限公司	生产企业	consumable
GYS0008984	斯坦森（广州）生物科技有限公司	生产企业	consumable
GYS0008985	斯柏美（广州）科技有限公司	生产企业	consumable
GYS0008986	斯派丹（四川）医疗器械有限公司	生产企业	consumable
GYS0008987	斯潘威医疗科技（北京）有限公司	生产企业	consumable
GYS0008988	斯腾爽健贸易（上海）有限公司	生产企业	consumable
GYS0008989	斯莱达医疗用品（惠州）有限公司	生产企业	consumable
GYS0008990	新乐华宝医疗用品有限公司	生产企业	consumable
GYS0008991	新乡丰誉医疗器械有限公司	生产企业	consumable
GYS0008992	新乡华青药业有限公司	生产企业/上市许可持有人	drug
GYS0008993	新乡市中原卫生材料厂有限责任公司	生产企业	consumable
GYS0008994	新乡市健世医疗科技有限公司	生产企业	consumable
GYS0008995	新乡市利群医疗器械有限公司	生产企业	consumable
GYS0008996	新乡市医用卫生材料厂	生产企业	consumable
GYS0008997	新乡市医邦卫生材料有限公司	生产企业	consumable
GYS0008998	新乡市华信药业有限公司	生产企业/上市许可持有人	drug,consumable
GYS0008999	新乡市华康卫材有限公司	生产企业	consumable
GYS0009000	新乡市华舒医疗器械有限公司	生产企业	consumable
GYS0009001	新乡市华西卫材有限公司	生产企业	consumable
GYS0009002	新乡市友邦医疗器械有限公司	生产企业	consumable
GYS0009003	新乡市和协医疗器械有限公司	生产企业	consumable
GYS0009004	新乡市大方医疗器械制造有限公司	生产企业	consumable
GYS0009005	新乡市天虹医疗器械有限公司	生产企业	consumable
GYS0009006	新乡市好媚卫生用品有限公司	生产企业	consumable
GYS0009007	新乡市宏达卫材有限公司	生产企业	consumable
GYS0009008	新乡市常乐制药有限责任公司	生产企业/上市许可持有人	drug
GYS0009009	新乡市康之源医用器材厂	生产企业	consumable
GYS0009010	新乡市康富医疗器械有限公司	生产企业	consumable
GYS0009011	新乡市康民卫材开发有限公司	生产企业	consumable
GYS0009012	新乡市康贝尔医疗科技有限公司	生产企业	consumable
GYS0009013	新乡市强人医疗器械有限公司	生产企业	consumable
GYS0009014	新乡市强盛医疗器械有限公司	生产企业	consumable
GYS0009015	新乡市新辉药业有限公司	生产企业/上市许可持有人	drug
GYS0009016	新乡市畅达医疗器械有限公司	生产企业	consumable
GYS0009017	新乡市百特医用品有限责任公司	生产企业	consumable
GYS0009018	新乡市荣军医疗器械有限公司	生产企业	consumable
GYS0009019	新乡市金世康医疗器械有限公司	生产企业	consumable
GYS0009020	新乡市金环医疗器械有限公司	生产企业	consumable
GYS0009021	新乡市银博尔医疗器械有限公司	生产企业	consumable
GYS0009022	新乡阿来药业有限公司	生产企业/上市许可持有人	drug
GYS0009023	新云网科技集团股份有限公司	生产企业	consumable
GYS0009024	新余创锦生物医学科技有限公司	生产企业	consumable
GYS0009025	新余市博源生化医用品有限责任公司	生产企业	consumable
GYS0009026	新余昊洪医用科技有限公司	生产企业	consumable
GYS0009027	新光维医疗科技（苏州）股份有限公司	生产企业	consumable
GYS0009028	新兴同仁药业有限公司	生产企业	drug
GYS0009029	新华制药(高密)有限公司	生产企业/上市许可持有人	drug
GYS0009030	新华手术器械有限公司	生产企业	consumable
GYS0009031	新博医疗技术有限公司	生产企业	consumable
GYS0009032	新奇康药业股份有限公司	生产企业/上市许可持有人	drug
GYS0009033	新时空数字口腔（深圳）有限公司	生产企业	consumable
GYS0009034	新昌叁泉生物科技有限公司	生产企业	consumable
GYS0009035	新桥通科技（大连）有限公司	生产企业	consumable
GYS0009036	新瀚医疗器械制造（湖南）有限公司	生产企业	consumable
GYS0009037	新爱锐医疗器械（河南）有限公司	生产企业	consumable
GYS0009038	新疆万众康药业有限公司	生产企业	consumable
GYS0009039	新疆万嘉医疗器械有限公司	生产企业	consumable
GYS0009040	新疆万孚信息技术有限公司	生产企业	consumable
GYS0009041	新疆亿立方生物技术有限公司	生产企业	consumable
GYS0009042	新疆全安药业股份有限公司	生产企业/上市许可持有人	drug
GYS0009043	新疆利众药业有限公司	生产企业	consumable
GYS0009044	新疆华世丹药业有限公司	生产企业/上市许可持有人	drug
GYS0009045	新疆华世丹药业股份有限公司	生产企业/上市许可持有人	drug
GYS0009046	新疆华春生物药业股份有限公司	生产企业/上市许可持有人	drug
GYS0009047	新疆古纳斯维药科技有限公司	生产企业	consumable
GYS0009048	新疆可克达拉一珂生物科技有限公司	生产企业	consumable
GYS0009049	新疆国投妙仁医疗用品有限公司	生产企业	consumable
GYS0009050	新疆天山制药工业有限公司	生产企业/上市许可持有人	drug
GYS0009051	新疆天山红药业有限公司	生产企业/上市许可持有人	drug
GYS0009052	新疆天山雪莲制药有限公司	生产企业/上市许可持有人	drug
GYS0009053	新疆宏益医疗器械有限公司	生产企业	consumable
GYS0009054	新疆库尔勒药王阿胶股份有限公司	生产企业	drug
GYS0009055	新疆弘德堂健康产业有限公司	生产企业	consumable
GYS0009056	新疆德源生物工程有限公司	生产企业/上市许可持有人	drug
GYS0009057	新疆惠仁医疗科技有限公司	生产企业	consumable
GYS0009058	新疆戈壁杨柳医疗器械有限公司	生产企业	consumable
GYS0009059	新疆护神防护装备有限公司	生产企业	consumable
GYS0009060	新疆新卫亿康医疗器械有限公司	生产企业	consumable
GYS0009061	新疆新姿源生物制药有限责任公司	生产企业/上市许可持有人	drug
GYS0009062	新疆新维制药有限公司	生产企业/上市许可持有人	drug
GYS0009063	新疆特丰药业股份有限公司	生产企业/上市许可持有人	drug
GYS0009064	新疆珏瓷齿科有限公司	生产企业	consumable
GYS0009065	新疆生化药业有限公司	生产企业/上市许可持有人	drug
GYS0009066	新疆百年合纵医药科技有限公司	生产企业	consumable
GYS0009067	新疆睿疆生物科技有限公司	生产企业	consumable
GYS0009068	新疆科实菲医疗器械设备有限公司	生产企业	consumable
GYS0009069	新疆科蓝双谊医疗科技股份有限公司	生产企业	consumable
GYS0009070	新疆精创义齿制作有限公司	生产企业	consumable
GYS0009071	新疆维吾尔药业有限责任公司	生产企业/上市许可持有人	drug
GYS0009072	新疆维阿堂制药有限公司	生产企业/上市许可持有人	drug
GYS0009073	新疆联裕医疗用品有限公司	生产企业	consumable
GYS0009074	新疆荣兴鑫医疗器械有限公司	生产企业	consumable
GYS0009075	新疆荣成哈克制药有限公司	生产企业/上市许可持有人	drug,consumable
GYS0009076	新疆金世康药业有限公司	生产企业/上市许可持有人	drug
GYS0009077	新疆金天山医疗器械有限公司	生产企业	consumable
GYS0009078	新疆金胡杨药业有限公司	生产企业/上市许可持有人	drug
GYS0009079	新疆金鹿药业有限公司	生产企业/上市许可持有人	drug
GYS0009080	新疆银朵兰维药股份有限公司	生产企业/上市许可持有人	drug
GYS0009081	新疆银朵兰药业股份有限公司	生产企业/上市许可持有人	drug
GYS0009082	新疆雪莲维药生物工程有限公司	生产企业	consumable
GYS0009083	新疆高新乐贝尔医疗器械有限责任公司	生产企业	consumable
GYS0009084	新疆高新睿丰医疗器械有限公司	生产企业	consumable
GYS0009085	新疆麦迪森药业有限公司制药厂	生产企业/上市许可持有人	drug
GYS0009086	新联医疗用品（淄博）有限公司	生产企业	consumable
GYS0009087	新镜界（湘潭）医疗科技有限公司	生产企业	consumable
GYS0009088	施乐辉医用产品国际贸易（上海）有限公司	生产企业	consumable
GYS0009089	施乐辉医用产品（苏州）有限责任公司	生产企业	consumable
GYS0009090	施乐辉外科植入物（北京）有限公司	生产企业	consumable
GYS0009091	施凯智慧医养健康产业（山东）有限公司	生产企业	consumable
GYS0009092	施康培医药科技（武汉）有限公司	生产企业	consumable
GYS0009093	施慧达药业集团(吉林)有限公司	生产企业/上市许可持有人	drug
GYS0009094	施爱德（厦门）医疗器材有限公司	生产企业	consumable
GYS0009095	施爱德（长沙）医疗器材有限公司	生产企业	consumable
GYS0009096	施百恩脊椎医疗技术（北京）有限公司	生产企业	consumable
GYS0009097	施维雅(天津)制药有限公司	生产企业/上市许可持有人	drug
GYS0009098	施耐克江苏生物制药有限公司	生产企业	consumable
GYS0009099	无忧跳动医疗科技（深圳）有限公司	生产企业	consumable
GYS0009100	无锡三捷医疗科技有限公司	生产企业	consumable
GYS0009101	无锡上云医疗器械有限公司	生产企业	consumable
GYS0009102	无锡东峰怡和科技发展有限公司	生产企业	consumable
GYS0009103	无锡中科光远生物材料有限公司	生产企业	consumable
GYS0009104	无锡丽可贸易有限公司	生产企业	consumable
GYS0009105	无锡乾鹏医疗科技有限公司	生产企业	consumable
GYS0009106	无锡云程医疗科技有限公司	生产企业	consumable
GYS0009107	无锡优佳无纺科技有限公司	生产企业	consumable
GYS0009108	无锡佳健医疗器械股份有限公司	生产企业	consumable
GYS0009109	无锡佳视诺德医疗科技有限公司	生产企业	consumable
GYS0009110	无锡倍佳美医疗科技有限公司	生产企业	consumable
GYS0009111	无锡倍达医疗科技有限公司	生产企业	consumable
GYS0009112	无锡健普生物科技有限公司	生产企业	consumable
GYS0009113	无锡凯夫制药有限公司	生产企业/上市许可持有人	drug
GYS0009114	无锡医百加科技有限公司	生产企业	consumable
GYS0009115	无锡华声医疗用品有限公司	生产企业	consumable
GYS0009116	无锡华澳药业有限责任公司	生产企业/上市许可持有人	drug
GYS0009117	无锡华纳医疗科技有限公司	生产企业	consumable
GYS0009118	无锡华耀生物科技有限公司	生产企业	consumable
GYS0009119	无锡卓恩特科技有限公司	生产企业	consumable
GYS0009120	无锡博康医疗器械有限公司	生产企业	consumable
GYS0009121	无锡博慧斯生物医药科技有限公司	生产企业	consumable,ivd
GYS0009122	无锡台裕制药有限公司	生产企业/上市许可持有人	drug
GYS0009123	无锡嘉润诊断技术有限公司	生产企业	consumable
GYS0009124	无锡圣亿科工贸有限公司	生产企业	consumable
GYS0009125	无锡埃蒙迪医疗科技有限公司	生产企业	consumable
GYS0009126	无锡威迈德医疗用品有限公司	生产企业	consumable
GYS0009127	无锡安之卓医疗机器人有限公司	生产企业	consumable
GYS0009128	无锡安德医疗科技有限公司	生产企业	consumable
GYS0009129	无锡宏霸医疗科技有限公司	生产企业	consumable
GYS0009130	无锡市万盈医疗器械有限公司	生产企业	consumable
GYS0009131	无锡市九龙医疗器械有限公司	生产企业	consumable
GYS0009132	无锡市凯顺医疗器械制造有限公司	生产企业	consumable
GYS0009133	无锡市创艺义齿配制有限公司	生产企业	consumable
GYS0009134	无锡市圣华盾医疗科技有限公司	生产企业	consumable
GYS0009135	无锡市大伟医疗设备有限公司	生产企业	consumable
GYS0009136	无锡市大华激光设备有限公司	生产企业	consumable
GYS0009137	无锡市天一医疗器材有限公司	生产企业	consumable
GYS0009138	无锡市天健医疗器械有限公司	生产企业	consumable
GYS0009139	无锡市孚维尔生物医疗科技有限公司	生产企业	consumable
GYS0009140	无锡市宇寿医疗器械有限公司	生产企业	consumable
GYS0009141	无锡市尚沃医疗电子股份有限公司	生产企业	consumable
GYS0009142	无锡市德克森义齿制品厂	生产企业	consumable
GYS0009143	无锡市恒通医药卫生用品有限公司	生产企业	consumable
GYS0009144	无锡市江原实业技贸有限公司江原制药厂	生产企业/上市许可持有人	drug
GYS0009145	无锡市瑞源普斯医疗器械有限公司	生产企业	consumable
GYS0009146	无锡市神康医疗器械设备有限公司	生产企业	consumable
GYS0009147	无锡市程冯新科技开发研究所	生产企业	consumable
GYS0009148	无锡市舒康医疗器械有限公司	生产企业	consumable
GYS0009149	无锡市通达医疗电器有限公司	生产企业	consumable
GYS0009150	无锡市锐派医疗科技有限公司	生产企业	consumable
GYS0009151	无锡市闻泰百得医疗器械有限公司	生产企业	consumable
GYS0009152	无锡帕母医疗技术有限公司	生产企业	consumable
GYS0009153	无锡康莱医疗科技有限公司	生产企业	consumable
GYS0009154	无锡德润堂贸易有限责任公司	生产企业	consumable
GYS0009155	无锡快邦医疗科技有限公司	生产企业	consumable
GYS0009156	无锡悦见医疗科技有限公司	生产企业	consumable
GYS0009157	无锡意和仁医疗器械有限公司	生产企业	consumable
GYS0009158	无锡时代天使医疗器械科技有限公司	生产企业	consumable
GYS0009159	无锡时代天使生物科技有限公司	生产企业	consumable
GYS0009160	无锡晟楠医疗器械有限公司	生产企业	consumable
GYS0009161	无锡普莱尔医疗科技有限公司	生产企业	consumable
GYS0009162	无锡曙辉药业有限公司	生产企业/上市许可持有人	drug
GYS0009163	无锡欣程医疗科技有限公司	生产企业	consumable
GYS0009164	无锡正东药业有限公司	生产企业	drug
GYS0009165	无锡正达药业有限公司	生产企业	drug
GYS0009166	无锡泽远医疗科技有限公司	生产企业	consumable
GYS0009167	无锡济煜山禾药业股份有限公司	生产企业/上市许可持有人	drug
GYS0009168	无锡海斯凯尔医学技术有限公司	生产企业	consumable
GYS0009169	无锡海鹰电子医疗系统有限公司	生产企业	consumable
GYS0009170	无锡瑞坦尔医疗科技有限公司	生产企业	consumable
GYS0009171	无锡瑞宁科技有限公司	生产企业	consumable
GYS0009172	无锡百卫生物科技有限公司	生产企业	consumable
GYS0009173	无锡百思维医疗系统有限公司	生产企业	consumable
GYS0009174	无锡百泰克生物技术有限公司	生产企业	consumable
GYS0009175	无锡百源医疗用品有限公司	生产企业	consumable
GYS0009176	无锡福祈制药有限公司	生产企业/上市许可持有人	drug
GYS0009177	无锡禾韵医疗技术有限公司	生产企业	consumable
GYS0009178	无锡科恩智造科技有限公司	生产企业	consumable
GYS0009179	无锡科智达科技有限公司	生产企业	consumable
GYS0009180	无锡科睿徕福生物科技有限公司	生产企业	consumable
GYS0009181	无锡紫杉药业股份有限公司	生产企业/上市许可持有人	drug
GYS0009182	无锡美兰气体净化器材贸易有限公司	生产企业	consumable
GYS0009183	无锡美凡特医疗设备有限公司	生产企业	consumable
GYS0009184	无锡耐思生命科技股份有限公司	生产企业	consumable
GYS0009185	无锡艾视益医疗科技有限公司	生产企业	consumable
GYS0009186	无锡英地宏藤医疗科技有限公司	生产企业	consumable
GYS0009187	无锡蓝影医疗科技有限公司	生产企业	consumable
GYS0009188	无锡蕾明视康科技有限公司	生产企业	consumable
GYS0009189	无锡贝恩外科器械有限公司	生产企业	consumable
GYS0009190	无锡贝迪生物工程股份有限公司	生产企业	consumable
GYS0009191	无锡赛锐斯医疗器械有限公司	生产企业	consumable
GYS0009192	无锡赟腾医疗科技有限公司	生产企业	consumable
GYS0009193	无锡越泽医疗科技有限公司	生产企业	consumable
GYS0009194	无锡金锐义齿有限公司	生产企业	consumable
GYS0009195	无锡雅信生物科技有限公司	生产企业	consumable
GYS0009196	无锡雅冠医疗科技有限公司	生产企业	consumable
GYS0009197	无锡领缔生物科技有限公司	生产企业	consumable
GYS0009198	无锡高视远望医疗有限公司	生产企业	consumable
GYS0009199	无锡鸿羽医疗科技有限公司	生产企业	consumable
GYS0009200	日东电工株式会社	生产企业	drug
GYS0009201	日复药业河北有限公司	生产企业	consumable
GYS0009202	日本尼德克株式会社北京代表处	生产企业	consumable
GYS0009203	日机装（上海）实业有限公司	生产企业	consumable
GYS0009204	日照三奇医疗卫生用品有限公司	生产企业	consumable
GYS0009205	日照三维医疗器械有限公司	生产企业	consumable
GYS0009206	日照天一生物医疗科技有限公司	生产企业	consumable
GYS0009207	日照杰瑞医疗器械有限公司	生产企业	consumable
GYS0009208	日照沪鸽生物材料有限公司	生产企业	consumable
GYS0009209	日照海旭医疗器械有限公司	生产企业	consumable
GYS0009210	日照润众医疗科技有限公司	生产企业	consumable
GYS0009211	日照盛恒环保科技有限公司	生产企业	consumable
GYS0009212	日照经济开发区康莱尔义齿科技有限公司	生产企业	consumable
GYS0009213	日耳曼牙科技术（广州）有限公司	生产企业	consumable
GYS0009214	日进玛泰克陶瓷制品（昆山）有限公司	生产企业	consumable
GYS0009215	日进齿科材料（昆山）有限公司	生产企业	consumable
GYS0009216	旭化成医疗器械（杭州）有限公司	生产企业	consumable
GYS0009217	旭日牙科器材（深圳）有限公司	生产企业	consumable
GYS0009218	旭然医疗科技（山东）集团有限公司	生产企业	consumable
GYS0009219	旭然医疗科技（陕西）有限公司	生产企业	consumable
GYS0009220	时森海(杭州)医药科技有限公司	生产企业/上市许可持有人	drug
GYS0009221	昂韧芯格纳（浙江）医疗科技有限公司	生产企业	consumable
GYS0009222	昆山亚日卫生用品有限公司	生产企业	consumable
GYS0009223	昆山培力药品有限公司	生产企业	drug
GYS0009224	昆山市大进齿科材料有限公司	生产企业	consumable
GYS0009225	昆山市宝康来医疗器械有限公司	生产企业	consumable
GYS0009226	昆山弗莱宁医疗科技有限公司	生产企业	consumable
GYS0009227	昆山洁宏无纺布制品有限公司	生产企业	consumable
GYS0009228	昆山耐上炯医疗器械有限公司	生产企业	consumable
GYS0009229	昆山谷立医疗科技有限公司	生产企业	consumable
GYS0009230	昆山雅护医疗器械有限公司	生产企业	consumable
GYS0009231	昆山雷盛医疗科技有限公司	生产企业	consumable
GYS0009232	昆山韦睿医疗科技有限公司	生产企业	consumable
GYS0009233	昆山龙灯瑞迪制药有限公司	生产企业/上市许可持有人	drug
GYS0009234	昆明中州药业有限公司	生产企业	drug
GYS0009235	昆明中药厂有限公司	生产企业/上市许可持有人	drug
GYS0009236	昆明乐吾义齿制作有限公司	生产企业	consumable
GYS0009237	昆明仙科生化科技有限公司	生产企业	consumable
GYS0009238	昆明众康制药有限公司	生产企业/上市许可持有人	drug
GYS0009239	昆明佰盛医疗科技有限公司	生产企业	consumable
GYS0009240	昆明佳英义齿制作有限公司	生产企业	consumable
GYS0009241	昆明俩好医疗器材有限公司	生产企业	consumable
GYS0009242	昆明全新生物制药有限公司	生产企业/上市许可持有人	drug
GYS0009243	昆明典冠义齿技术有限公司	生产企业	consumable
GYS0009244	昆明利尔康医疗用品有限公司	生产企业	consumable
GYS0009245	昆明华润圣火药业有限公司	生产企业/上市许可持有人	drug
GYS0009246	昆明卓冠义齿制作有限公司	生产企业	consumable
GYS0009247	昆明南梓晨医疗器械有限公司	生产企业	consumable
GYS0009248	昆明南疆制药有限公司	生产企业/上市许可持有人	drug
GYS0009249	昆明原子高科医药有限公司	生产企业	drug
GYS0009250	昆明双龙卫生材料有限公司	生产企业	consumable
GYS0009251	昆明吉圣祥医疗器械有限公司	生产企业	consumable
GYS0009252	昆明名扬义齿技术有限公司	生产企业	consumable
GYS0009253	昆明品冠数智化义齿科技有限公司	生产企业	consumable
GYS0009254	昆明哲顿商贸有限公司	生产企业	consumable
GYS0009255	昆明好合义齿制作有限公司	生产企业	consumable
GYS0009256	昆明定美义齿制作有限公司	生产企业	consumable
GYS0009257	昆明宝利康医疗卫生用品有限公司	生产企业	consumable
GYS0009258	昆明山本真牙科技术有限公司	生产企业	consumable
GYS0009259	昆明市好自然义齿配制有限公司	生产企业	consumable
GYS0009260	昆明市宇斯药业有限责任公司	生产企业/上市许可持有人	drug
GYS0009261	昆明康业医疗器械有限公司	生产企业	consumable
GYS0009262	昆明康奇堂制药有限公司	生产企业/上市许可持有人	drug
GYS0009263	昆明康益义齿制作有限公司	生产企业	consumable
GYS0009264	昆明德臣华兴义齿制作有限公司	生产企业	consumable
GYS0009265	昆明梓橦宫全新生物制药有限公司	生产企业/上市许可持有人	drug
GYS0009266	昆明正康医疗器械有限公司	生产企业	consumable
GYS0009267	昆明正祺医药科技有限公司	生产企业/上市许可持有人	drug
GYS0009268	昆明汇合齿科技术研发有限公司	生产企业	consumable
GYS0009269	昆明津畅齿科技术开发有限公司	生产企业	consumable
GYS0009270	昆明派瑞义齿科技发展有限公司	生产企业	consumable
GYS0009271	昆明淳玺义齿制作有限公司	生产企业	consumable
GYS0009272	昆明源瑞制药有限公司	生产企业/上市许可持有人	drug
GYS0009273	昆明琢美义齿制作有限公司	生产企业	consumable
GYS0009274	昆明白马制药有限公司	生产企业/上市许可持有人	drug
GYS0009275	昆明积大制药股份有限公司	生产企业/上市许可持有人	drug
GYS0009276	昆明给行科技有限公司	生产企业	consumable
GYS0009277	昆明美嘉制牙技术有限公司	生产企业	consumable
GYS0009278	昆明腾骥医疗器械工贸有限公司	生产企业	consumable
GYS0009279	昆明艾普斯生物科技有限责任公司	生产企业	consumable
GYS0009280	昆明贝克诺顿制药有限公司	生产企业/上市许可持有人	drug
GYS0009281	昆明赛诺制药有限公司	生产企业	drug
GYS0009282	昆明赛诺制药股份有限公司	生产企业	drug
GYS0009283	昆明远星钻石工艺有限公司	生产企业	consumable
GYS0009284	昆明邦宇制药有限公司	生产企业/上市许可持有人	drug
GYS0009285	昆明霂恩医疗科技有限公司	生产企业	consumable
GYS0009286	昆明龙津药业股份有限公司	生产企业/上市许可持有人	drug
GYS0009287	昆药集团股份有限公司	生产企业/上市许可持有人	drug
GYS0009288	昆药集团血塞通药业股份有限公司	生产企业/上市许可持有人	drug
GYS0009289	昊朗科技（佛山）有限公司	生产企业	consumable
GYS0009290	昊生医疗科技（常州）有限公司	生产企业	consumable
GYS0009291	昊谱（杭州）生物科技有限公司	生产企业	consumable
GYS0009292	昌明生物科技（苏州）有限公司	生产企业	consumable
GYS0009293	昌果生物医药科技河北有限公司	生产企业	consumable
GYS0009294	昌运经贸（上海）有限公司	生产企业	consumable
GYS0009295	昌邑市腾源卫生材料有限公司	生产企业	consumable
GYS0009296	昌邑市西优医药科技有限公司	生产企业	consumable
GYS0009297	明基三丰医疗器材（上海）有限公司	生产企业	consumable
GYS0009298	明基医疗器械（上海）有限公司	生产企业	consumable
GYS0009299	明基材医疗科技（苏州）有限公司	生产企业	consumable
GYS0009300	明基生物技术（上海）有限公司	生产企业	consumable
GYS0009301	明尼苏达矿业制造医用器材（上海）有限公司	生产企业	consumable
GYS0009302	明尼苏达矿业制造（上海）国际贸易有限公司	生产企业	consumable
GYS0009303	明州斯睿医疗产品(上海)有限公司	生产企业	consumable
GYS0009304	明德新疆生物科技有限公司	生产企业	consumable
GYS0009305	明德河南生物科技有限公司	生产企业	consumable
GYS0009306	明远药业有限公司	生产企业/上市许可持有人	drug
GYS0009307	明顺医疗投资(深圳)有限公司	生产企业/上市许可持有人	drug
GYS0009308	易安畛（厦门)科技有限公司	生产企业	consumable
GYS0009309	易度河北机器人科技有限公司	生产企业	consumable
GYS0009310	易敏（浙江）生物医药科技有限公司	生产企业	consumable
GYS0009311	易测（山东）医疗技术有限公司	生产企业	consumable
GYS0009312	易浦润(上海)生物技术有限公司	生产企业	consumable
GYS0009313	易生科技（北京）有限公司	生产企业	consumable
GYS0009314	易维通（上海）医疗科技有限公司	生产企业	consumable
GYS0009315	易联云影信息科技（西安）有限公司	生产企业	consumable
GYS0009316	昕科生物科技（苏州）有限公司	生产企业	consumable
GYS0009317	星代兰（山东）卫生用品有限公司	生产企业	consumable
GYS0009318	星奇点(武汉)医疗科技有限公司	生产企业	consumable
GYS0009319	星悦医疗健康科技（南京）有限公司	生产企业	consumable
GYS0009320	星氏星派（青岛）健康科技有限公司	生产企业	consumable
GYS0009321	星火万方齿科技术（北京）有限公司	生产企业	consumable
GYS0009322	星纯（常州）生物科技有限公司	生产企业	consumable
GYS0009323	昭通市骅成制药有限公司	生产企业/上市许可持有人	drug
GYS0009324	显微智能科技（湖南）有限公司	生产企业	consumable
GYS0009325	晋城海斯制药有限公司	生产企业/上市许可持有人	drug
GYS0009326	晋州市亚日医疗器械有限责任公司	生产企业	consumable
GYS0009327	晋州市华威医疗器械有限公司	生产企业	consumable
GYS0009328	晋江劲霸男装有限公司	生产企业	consumable
GYS0009329	晋鸿（山东）健康管理有限公司	生产企业	consumable
GYS0009330	晓非齿科（成都）制造有限公司	生产企业	consumable
GYS0009331	晖致制药(大连)有限公司	生产企业/上市许可持有人	drug
GYS0009332	晟视（福建）眼科技术开发有限公司	生产企业	consumable
GYS0009333	晨兴（南通）医疗器械有限公司	生产企业	consumable
GYS0009334	普丽妍（南京）医疗科技有限公司	生产企业	consumable
GYS0009335	普利瑞医疗科技（苏州）有限公司	生产企业	consumable
GYS0009336	普多邦兴达（天津）医疗科技有限公司	生产企业	consumable
GYS0009337	普宁市威兰德义齿有限公司	生产企业	consumable
GYS0009338	普康润（苏州）医疗器械有限公司	生产企业	consumable
GYS0009339	普思恩（鞍山）医疗科技有限公司	生产企业	consumable
GYS0009340	普昂（杭州）医疗科技股份有限公司	生产企业	consumable
GYS0009341	普林斯顿医疗科技（珠海）有限公司	生产企业	consumable
GYS0009342	普济生物科技(台州)有限公司	生产企业/上市许可持有人	drug
GYS0009343	普瑞德医疗器械科技江苏有限公司	生产企业	consumable
GYS0009344	普瑞斯星（常州）医疗器械有限公司	生产企业	consumable
GYS0009345	普迈德（北京）科技有限公司	生产企业	consumable
GYS0009346	普远医疗科技（中山）有限公司	生产企业	consumable
GYS0009347	普霖医疗科技（广州）有限公司	生产企业	consumable
GYS0009348	普鲁顿（厦门）生物科技有限公司	生产企业	consumable
GYS0009349	景宏医疗器械有限责任公司	生产企业	consumable
GYS0009350	景忠山国药(唐山)有限公司	生产企业/上市许可持有人	drug
GYS0009351	景时(杭州)药业有限公司	生产企业/上市许可持有人	drug
GYS0009352	景昱医疗科技(苏州)股份有限公司	生产企业	consumable
GYS0009353	晶准生物医学（深圳）有限公司	生产企业	consumable
GYS0009354	晶天医疗科技有限公司	生产企业	consumable
GYS0009355	智联医疗（大连）有限公司	生产企业	consumable
GYS0009356	智诚医疗科技(肇庆)有限公司	生产企业	consumable
GYS0009357	智贝医疗科技（苏州）有限公司	生产企业	consumable
GYS0009358	智驭医疗科技（广州）有限公司	生产企业	consumable
GYS0009359	曲靖市锦冠达义齿制作有限公司	生产企业	consumable
GYS0009360	曲靖康鸿医疗器械有限责任公司	生产企业	consumable
GYS0009361	曹县华鑫卫生材料有限公司	生产企业	consumable
GYS0009362	曹县华鲁卫生材料有限公司	生产企业	consumable
GYS0009363	曹县和泰卫生材料有限公司	生产企业	consumable
GYS0009364	曹县康健医疗器械有限公司	生产企业	consumable
GYS0009365	曹县康源医用卫生材料有限责任公司	生产企业	consumable
GYS0009366	曹县彤月卫生材料有限公司	生产企业	consumable
GYS0009367	曹县欣盛医疗器械有限公司	生产企业	consumable
GYS0009368	曹县清大苗方医药科技有限公司	生产企业	consumable
GYS0009369	曹县经纬卫生材料有限公司	生产企业	consumable
GYS0009370	曹县龙海医疗器械有限公司	生产企业	consumable
GYS0009371	曼奥芬医疗器材（平湖）有限公司	生产企业	consumable
GYS0009372	曼秀雷敦(中国)药业有限公司	生产企业/上市许可持有人	drug
GYS0009373	有研医疗器械（北京）有限公司	生产企业	consumable
GYS0009374	有研数智科技（河北）有限公司	生产企业	consumable
GYS0009375	有邦医疗科技（云南）有限公司	生产企业	consumable
GYS0009376	朔崛（江苏）医疗科技有限公司	生产企业	consumable
GYS0009377	朔州市朔城区厚德康医疗器械有限公司	生产企业	consumable
GYS0009378	朗信医疗科技（无锡）有限公司	生产企业	consumable
GYS0009379	朗力生物医药（武汉）有限公司	生产企业	consumable
GYS0009380	朗力生物医药（长沙）有限公司	生产企业	consumable
GYS0009381	朗天药业(湖北)有限公司	生产企业/上市许可持有人	drug
GYS0009382	朗皓医疗科技（湖南）有限公司	生产企业	consumable
GYS0009383	朗肽生物制药股份有限公司	生产企业/上市许可持有人	drug
GYS0009384	朗致集团万荣药业有限公司	生产企业/上市许可持有人	drug
GYS0009385	朗致集团双人药业有限公司	生产企业/上市许可持有人	drug
GYS0009386	朝日英达科贸（北京）有限公司	生产企业	consumable
GYS0009387	朝阳龙城制药有限公司	生产企业	drug
GYS0009388	未名生物医药有限公司	生产企业/上市许可持有人	drug
GYS0009389	未来穿戴健康科技股份有限公司	生产企业	consumable
GYS0009390	本溪国家中成药工程技术研究中心有限公司	生产企业/上市许可持有人	drug
GYS0009391	本溪恒康制药有限公司	生产企业/上市许可持有人	drug
GYS0009392	本溪朗峰药业有限公司	生产企业	consumable
GYS0009393	本溪金吉美耳科技有限公司	生产企业	consumable
GYS0009394	本然天地医疗科技（北京）有限公司	生产企业	consumable
GYS0009395	本真(武汉)医疗器械有限公司	生产企业	consumable
GYS0009396	本立道生医疗科技（东莞）有限公司	生产企业	consumable
GYS0009397	本草堂（山东）药业科技有限公司	生产企业	consumable
GYS0009398	杉源（广西）医疗科技有限公司	生产企业	consumable
GYS0009399	李众胜堂(集团)有限公司	生产企业/上市许可持有人	drug
GYS0009400	李时珍中医药大健康科技（蕲春）有限公司	生产企业	consumable
GYS0009401	李时珍医药集团有限公司	生产企业/上市许可持有人	drug
GYS0009402	杏旭医疗器械（苏州）有限公司	生产企业	consumable
GYS0009403	杏泰国际贸易（上海）有限公司	生产企业	consumable
GYS0009404	杏辉天力(杭州)药业有限公司	生产企业	drug
GYS0009405	来时路医用材料有限责任公司	生产企业	consumable
GYS0009406	杨凌华盛生物制药有限公司	生产企业	drug
GYS0009407	杨凌安帝源生物科技有限公司	生产企业	consumable
GYS0009408	杨凌步长制药有限公司	生产企业/上市许可持有人	drug
GYS0009409	杨凌生物医药科技股份有限公司	生产企业/上市许可持有人	drug
GYS0009410	杨凌科森生物制药有限责任公司	生产企业/上市许可持有人	drug
GYS0009411	杭州一牙数字口腔有限公司	生产企业	consumable
GYS0009412	杭州一诺检验技术有限公司	生产企业	consumable
GYS0009413	杭州万腾实业有限公司	生产企业	consumable
GYS0009414	杭州万邦天诚药业有限公司	生产企业/上市许可持有人	drug
GYS0009415	杭州上禾健康科技有限公司	生产企业/上市许可持有人	drug
GYS0009416	杭州中美华东制药有限公司	生产企业/上市许可持有人	drug
GYS0009417	杭州中美华东制药江东有限公司	生产企业/上市许可持有人	drug
GYS0009418	杭州丰受堂制墨有限公司	生产企业	consumable
GYS0009419	杭州丰雅医疗科技有限公司	生产企业	consumable
GYS0009420	杭州临安吉锋采血针厂	生产企业	consumable
GYS0009421	杭州丽康医学科技有限公司	生产企业	consumable
GYS0009422	杭州丽捷齿科材料有限公司	生产企业	consumable
GYS0009423	杭州乐一新材料科技有限公司	生产企业	consumable
GYS0009424	杭州乐为健康科技有限公司	生产企业	consumable
GYS0009425	杭州九源基因工程股份有限公司	生产企业/上市许可持有人	drug,consumable
GYS0009426	杭州乾元健康管理有限公司	生产企业	consumable
GYS0009427	杭州云柏医药科技有限公司	生产企业/上市许可持有人	drug
GYS0009428	杭州亚慧生物科技有限公司	生产企业	consumable
GYS0009429	杭州京泠医疗器械有限公司	生产企业	consumable
GYS0009430	杭州亿科医疗科技有限公司	生产企业	consumable
GYS0009431	杭州仁德药业股份有限公司	生产企业/上市许可持有人	drug,consumable
GYS0009432	杭州仟源保灵药业有限公司	生产企业/上市许可持有人	drug
GYS0009433	杭州优丽冠医疗器械有限公司	生产企业	consumable
GYS0009434	杭州优他医药科技有限公司	生产企业	consumable
GYS0009435	杭州优思达生物技术股份有限公司	生产企业	consumable
GYS0009436	杭州优易数齿科技有限公司	生产企业	consumable
GYS0009437	杭州伯尔医疗器械有限公司	生产企业	consumable
GYS0009438	杭州伽腾医疗器械有限公司	生产企业	consumable
GYS0009439	杭州佳杰齿科有限公司	生产企业	consumable
GYS0009440	杭州倍麦科技有限公司	生产企业	consumable
GYS0009441	杭州健培科技有限公司	生产企业	consumable
GYS0009442	杭州健立生物科技有限公司	生产企业	consumable
GYS0009443	杭州元力医疗器械有限公司	生产企业	consumable
GYS0009444	杭州元祺生物科技有限公司	生产企业	consumable
GYS0009445	杭州元素医药有限公司	生产企业/上市许可持有人	drug
GYS0009446	杭州先临齿科技术有限公司	生产企业	consumable
GYS0009447	杭州六维齿科医疗技术有限公司	生产企业	consumable
GYS0009448	杭州兰台医疗器械有限公司	生产企业	consumable
GYS0009449	杭州凯普乐医疗器械有限公司	生产企业	consumable
GYS0009450	杭州创亚医疗器械有限公司	生产企业	consumable
GYS0009451	杭州创优医疗器械有限公司	生产企业	consumable
GYS0009452	杭州创心医学科技有限公司	生产企业	consumable
GYS0009453	杭州创新生物检控技术有限公司	生产企业	consumable
GYS0009454	杭州功耀医疗器械有限公司	生产企业	consumable
GYS0009455	杭州励楷科技有限公司	生产企业	consumable
GYS0009456	杭州励自美植齿科技术有限公司	生产企业	consumable
GYS0009457	杭州医国仁生物科技有限公司	生产企业	consumable
GYS0009458	杭州千岛湖兰格生物科技有限公司	生产企业	consumable
GYS0009459	杭州千芝雅卫生用品有限公司	生产企业	consumable
GYS0009460	杭州华东医药集团康润制药有限公司	生产企业	drug
GYS0009461	杭州华东医药集团新五丰药业有限公司	生产企业/上市许可持有人	drug
GYS0009462	杭州华冠医疗器械有限公司	生产企业	consumable
GYS0009463	杭州华冲诊断设备有限公司	生产企业	consumable
GYS0009464	杭州华威医疗用品有限公司	生产企业	consumable
GYS0009465	杭州华威药业有限公司	生产企业/上市许可持有人	drug
GYS0009466	杭州华威药业股份有限公司	生产企业	drug
GYS0009467	杭州华工本像医药技术有限公司	生产企业	consumable
GYS0009468	杭州华津药业股份有限公司	生产企业	drug
GYS0009469	杭州华润老桐君药业有限公司	生产企业/上市许可持有人	drug
GYS0009470	杭州华粹义齿制作有限公司	生产企业	consumable
GYS0009471	杭州华视诺维医疗科技有限公司	生产企业	consumable
GYS0009472	杭州华迈医疗科技有限公司	生产企业	consumable
GYS0009473	杭州协合医疗用品有限公司	生产企业	consumable
GYS0009474	杭州卓脉医疗科技有限公司	生产企业	consumable
GYS0009475	杭州南宇医疗器械有限公司	生产企业	consumable
GYS0009476	杭州博之锐生物制药有限公司	生产企业/上市许可持有人	drug
GYS0009477	杭州博日科技股份有限公司	生产企业	consumable
GYS0009478	杭州博科迈生物科技有限公司	生产企业	consumable
GYS0009479	杭州博菲医疗器械有限公司	生产企业	consumable
GYS0009480	杭州博颂科技有限公司	生产企业	consumable
GYS0009481	杭州卫达生物材料科技有限公司	生产企业	consumable
GYS0009482	杭州印生医疗科技有限公司	生产企业	consumable
GYS0009483	杭州原子高科医药有限公司	生产企业	drug
GYS0009484	杭州友人生物技术有限公司	生产企业	consumable
GYS0009485	杭州双龙医疗器械有限公司	生产企业	consumable
GYS0009486	杭州可靠护理用品股份有限公司	生产企业	consumable
GYS0009487	杭州吉为医疗科技有限公司	生产企业	consumable
GYS0009488	杭州吉姆士医疗科技有限公司	生产企业	consumable
GYS0009489	杭州吉曼科技有限公司	生产企业	consumable
GYS0009490	杭州同大药业有限公司	生产企业/上市许可持有人	drug,consumable
GYS0009491	杭州名卡科技有限公司	生产企业	consumable
GYS0009492	杭州君安数字诊断技术有限公司	生产企业	consumable
GYS0009493	杭州君政医疗器械有限公司	生产企业	consumable
GYS0009494	杭州启明医疗器械股份有限公司	生产企业	consumable
GYS0009495	杭州启晨医疗器械厂	生产企业	consumable
GYS0009496	杭州和康药业有限公司	生产企业/上市许可持有人	drug
GYS0009497	杭州和泽坤元药业有限公司	生产企业/上市许可持有人	drug
GYS0009498	杭州唯品医疗器械有限公司	生产企业	consumable
GYS0009499	杭州唯强医疗科技有限公司	生产企业	consumable
GYS0009500	杭州商普隆医疗器械有限公司	生产企业	consumable
GYS0009501	杭州善鹏医疗科技有限公司	生产企业	consumable
GYS0009502	杭州固艾谛医疗器械有限公司	生产企业	consumable
GYS0009503	杭州国光药业股份有限公司	生产企业/上市许可持有人	drug
GYS0009504	杭州圣王医疗设备有限公司	生产企业	consumable
GYS0009505	杭州圣石科技股份有限公司	生产企业	consumable
GYS0009506	杭州坦帕医疗科技有限公司	生产企业	consumable
GYS0009507	杭州埃杜医疗科技有限公司	生产企业	consumable
GYS0009508	杭州堃博生物科技有限公司	生产企业	consumable
GYS0009509	杭州大力神医疗器械有限公司	生产企业	consumable
GYS0009510	杭州天乙医疗器械有限公司	生产企业	consumable
GYS0009511	杭州天任生物科技有限公司	生产企业	consumable
GYS0009512	杭州天怡医疗器械有限公司	生产企业	consumable
GYS0009513	杭州天目山药业股份有限公司	生产企业/上市许可持有人	drug
GYS0009514	杭州天诚药业有限公司	生产企业	consumable
GYS0009515	杭州奇炜生物科技有限公司	生产企业	consumable
GYS0009516	杭州奥泰生物技术股份有限公司	生产企业	consumable
GYS0009517	杭州奥索医疗器械有限公司	生产企业	consumable
GYS0009518	杭州奥西医疗科技有限公司	生产企业	consumable
GYS0009519	杭州好克光电仪器有限公司	生产企业	consumable
GYS0009520	杭州好克医疗科技有限公司	生产企业	consumable
GYS0009521	杭州妥爱沐医疗器械有限公司	生产企业	consumable
GYS0009522	杭州威德医疗科技有限公司	生产企业	consumable
GYS0009523	杭州娃哈哈医药保健品有限公司	生产企业	drug
GYS0009524	杭州安元生物医药科技有限公司	生产企业/上市许可持有人	drug
GYS0009525	杭州安旭生物科技股份有限公司	生产企业	ivd
GYS0009526	杭州安杰思医学科技股份有限公司	生产企业	consumable
GYS0009527	杭州完美牙科义齿制作有限公司	生产企业	consumable
GYS0009528	杭州富善医疗器械有限公司	生产企业	consumable
GYS0009529	杭州富家医疗器械有限公司	生产企业	consumable
GYS0009530	杭州富阳久和医疗器械有限公司	生产企业	consumable
GYS0009531	杭州富阳医用缝合针线厂	生产企业	consumable
GYS0009532	杭州富阳精锐医疗科技有限公司	生产企业	consumable
GYS0009533	杭州寨咔科技有限公司	生产企业	consumable
GYS0009534	杭州尤橙生物科技有限公司	生产企业	consumable
GYS0009535	杭州山友医疗器械有限公司	生产企业	consumable
GYS0009536	杭州山蓝医学科技有限公司	生产企业	consumable
GYS0009537	杭州川方至医疗器械有限公司	生产企业	consumable
GYS0009538	杭州川至医疗器械有限公司	生产企业	consumable
GYS0009539	杭州巴朗科技有限公司	生产企业	consumable
GYS0009540	杭州巴泰医疗器械有限公司	生产企业	consumable
GYS0009541	杭州平人堂生物技术有限公司	生产企业	consumable
GYS0009542	杭州广华医疗科技有限公司	生产企业	consumable
GYS0009543	杭州康博瑞莱医疗器械有限公司	生产企业	consumable
GYS0009544	杭州康友医疗设备有限公司	生产企业	consumable
GYS0009545	杭州康基医疗器械有限公司	生产企业	consumable
GYS0009546	杭州康夫医疗器械有限公司	生产企业	consumable
GYS0009547	杭州康好医疗器械有限公司	生产企业	consumable
GYS0009548	杭州康恩贝制药有限公司	生产企业/上市许可持有人	drug
GYS0009549	杭州康瑞医疗器械有限公司	生产企业	consumable
GYS0009550	杭州康生医疗器械有限公司	生产企业	consumable
GYS0009551	杭州康韵语医疗科技有限公司	生产企业	consumable
GYS0009552	杭州开乐齿科材料制作厂	生产企业	consumable
GYS0009553	杭州开泰义齿有限公司	生产企业	consumable
GYS0009554	杭州弘享医疗科技有限公司	生产企业	consumable
GYS0009555	杭州归领医疗器械有限公司	生产企业	consumable
GYS0009556	杭州彼昂生物科技有限公司	生产企业	consumable
GYS0009557	杭州得道医疗设备科技有限公司	生产企业	consumable
GYS0009558	杭州微宏智创医疗器械有限公司	生产企业	consumable
GYS0009559	杭州微永医疗器械有限公司	生产企业	consumable
GYS0009560	杭州微策生物技术股份有限公司	生产企业	consumable,ivd
GYS0009561	杭州微视医疗科技有限公司	生产企业	consumable
GYS0009562	杭州德凯利医疗器材有限公司	生产企业	consumable
GYS0009563	杭州德利医疗器械有限公司	生产企业	consumable
GYS0009564	杭州德心医疗科技有限公司	生产企业	consumable
GYS0009565	杭州德晋医疗科技有限公司	生产企业	consumable
GYS0009566	杭州德泰克医疗器材有限公司	生产企业	consumable
GYS0009567	杭州德耀口腔科技有限公司	生产企业	consumable
GYS0009568	杭州德诺电生理医疗科技有限公司	生产企业	consumable
GYS0009569	杭州德诺脑神经医疗科技有限公司	生产企业	consumable
GYS0009570	杭州德适生物科技有限公司	生产企业	consumable
GYS0009571	杭州恒升医学科技有限公司	生产企业	consumable,ivd
GYS0009572	杭州恒奥科技有限公司	生产企业	consumable
GYS0009573	杭州恒智医疗设备有限公司	生产企业	consumable
GYS0009574	杭州恒煜医疗科技有限公司	生产企业	consumable
GYS0009575	杭州恒艺医疗器械有限公司	生产企业	consumable
GYS0009576	杭州惠康医疗器械有限公司	生产企业	consumable
GYS0009577	杭州慈平医疗器械有限公司	生产企业	consumable
GYS0009578	杭州慕尚护理用品有限公司	生产企业	consumable
GYS0009579	杭州承诺医疗科技有限公司	生产企业	consumable
GYS0009580	杭州拉瓦生物科技有限公司	生产企业	consumable
GYS0009581	杭州拱康医疗科技有限公司	生产企业	consumable
GYS0009582	杭州拾珍医疗器械有限公司	生产企业	consumable
GYS0009583	杭州携腾医疗科技有限公司	生产企业	consumable
GYS0009584	杭州摩治堂生物医药科技有限公司	生产企业	consumable
GYS0009585	杭州数也医疗科技有限公司	生产企业	consumable
GYS0009586	杭州斯麦尔医疗器械有限公司	生产企业	consumable
GYS0009587	杭州新扬医疗器械有限公司	生产企业	consumable
GYS0009588	杭州新泛医疗科技有限公司	生产企业	consumable
GYS0009589	杭州新致美义齿研发有限公司	生产企业	consumable
GYS0009590	杭州新谐康医疗有限公司	生产企业	consumable
GYS0009591	杭州方祥医疗器械有限公司	生产企业	consumable
GYS0009592	杭州无创光电有限公司	生产企业	consumable
GYS0009593	杭州旭飞医疗器械有限公司	生产企业	consumable
GYS0009594	杭州旸顺医疗科技有限公司	生产企业	consumable
GYS0009595	杭州旺华药业有限公司	生产企业/上市许可持有人	drug
GYS0009596	杭州昂升齿科材料有限公司	生产企业	consumable
GYS0009597	杭州明远医疗器械有限公司	生产企业	consumable
GYS0009598	杭州易舒特药业有限公司	生产企业	drug
GYS0009599	杭州昕龙医疗科技有限公司	生产企业	consumable
GYS0009600	杭州星辰三比齿科器材有限公司	生产企业	consumable
GYS0009601	杭州普惠医疗器械有限公司	生产企业	consumable
GYS0009602	杭州晶品医疗器械有限公司	生产企业	consumable
GYS0009603	杭州朋武医疗器械有限公司	生产企业	consumable
GYS0009604	杭州朗索医用消毒剂有限公司	生产企业	consumable
GYS0009605	杭州朗雅医疗器械有限公司	生产企业	consumable
GYS0009606	杭州朱养心药业有限公司	生产企业/上市许可持有人	drug
GYS0009607	杭州柳叶刀机器人有限公司	生产企业	consumable
GYS0009608	杭州桐庐医疗光学仪器有限公司	生产企业	consumable
GYS0009609	杭州桐庐医达器械设备有限公司	生产企业	consumable
GYS0009610	杭州桐庐时空候医疗器械有限公司	生产企业	consumable
GYS0009611	杭州梅清数码科技有限公司	生产企业	consumable
GYS0009612	杭州棋霖医疗器械有限公司	生产企业	consumable
GYS0009613	杭州森泽医药科技有限公司	生产企业/上市许可持有人	drug
GYS0009614	杭州欣创医疗器械有限公司	生产企业	consumable
GYS0009615	杭州欣如医疗器材有限公司	生产企业	consumable
GYS0009616	杭州欣浩医疗科技有限公司	生产企业	consumable
GYS0009617	杭州欣润医疗科技有限公司	生产企业	consumable
GYS0009618	杭州欧斯美新材料科技有限公司	生产企业	consumable
GYS0009619	杭州正霖医疗科技有限公司	生产企业	consumable
GYS0009620	杭州比格飞序生物科技有限公司	生产企业	consumable
GYS0009621	杭州民生健康药业股份有限公司	生产企业/上市许可持有人	drug
GYS0009622	杭州民生滨江制药有限公司	生产企业	drug
GYS0009623	杭州民生立德医疗科技有限公司	生产企业	consumable
GYS0009624	杭州民生药业有限公司	生产企业	drug
GYS0009625	杭州民生药业股份有限公司	生产企业/上市许可持有人	drug
GYS0009626	杭州永川科技有限公司	生产企业	consumable
GYS0009627	杭州求是医学科技有限公司	生产企业	consumable
GYS0009628	杭州求真齿科材料有限公司	生产企业	consumable
GYS0009629	杭州汇普医疗设备有限公司	生产企业	consumable
GYS0009630	杭州汉诺康科技有限公司	生产企业	consumable
GYS0009631	杭州江南世家药业有限公司	生产企业	consumable
GYS0009632	杭州江浩医疗器械有限公司	生产企业	consumable
GYS0009633	杭州沃克医疗器械有限公司	生产企业	consumable
GYS0009634	杭州沃姿生物科技有限公司	生产企业	consumable
GYS0009635	杭州沃维医疗科技有限公司	生产企业	consumable
GYS0009636	杭州沐源生物医药科技有限公司	生产企业/上市许可持有人	drug
GYS0009637	杭州沸创生命科技股份有限公司	生产企业	consumable
GYS0009638	杭州泓友医药科技有限公司	生产企业/上市许可持有人	drug
GYS0009639	杭州泰利斯医疗科技有限公司	生产企业	consumable
GYS0009640	杭州洁伊医疗器械有限公司	生产企业	consumable
GYS0009641	杭州派克义齿科技有限公司	生产企业	consumable
GYS0009642	杭州浙义医疗器械有限公司	生产企业	consumable
GYS0009643	杭州浙新医疗器械有限公司	生产企业	consumable
GYS0009644	杭州浦健医疗器械有限公司	生产企业	consumable
GYS0009645	杭州海洁医疗科技有限公司	生产企业	consumable
GYS0009646	杭州淑洁卫生用品有限公司	生产企业	consumable
GYS0009647	杭州澳亚生物技术股份有限公司	生产企业	drug
GYS0009648	杭州澳医保灵药业有限公司	生产企业/上市许可持有人	drug
GYS0009649	杭州炬九生物科技有限公司	生产企业	consumable
GYS0009650	杭州点邦生物科技有限公司	生产企业	consumable
GYS0009651	杭州烨强生物科技有限公司	生产企业	consumable
GYS0009652	杭州热威医疗有限公司	生产企业	consumable
GYS0009653	杭州煌森生物科技有限公司	生产企业/上市许可持有人	drug
GYS0009654	杭州煜诺医疗科技有限公司	生产企业	consumable
GYS0009655	杭州爱丽思口腔医疗器材有限公司	生产企业	consumable
GYS0009656	杭州爱光医疗器械有限公司	生产企业	consumable
GYS0009657	杭州爱听科技有限公司	生产企业	consumable
GYS0009658	杭州爱普医疗器械股份有限公司	生产企业	consumable
GYS0009659	杭州爱晶伦科技有限公司	生产企业	consumable
GYS0009660	杭州爱维斯特医疗科技有限公司	生产企业	consumable
GYS0009661	杭州特菲瑞医疗器械有限公司	生产企业	consumable
GYS0009662	杭州玖玖医疗器械有限公司	生产企业	consumable
GYS0009663	杭州玮宝生物科技有限公司	生产企业	consumable
GYS0009664	杭州瑞克斯医疗器械有限公司	生产企业	consumable
GYS0009665	杭州瑞嘉嘉业医用材料有限公司	生产企业	consumable
GYS0009666	杭州瑞岚得医疗科技有限公司	生产企业	consumable
GYS0009667	杭州瑞彼加医疗科技有限公司	生产企业	consumable
GYS0009668	杭州瑞维特医疗科技有限公司	生产企业	consumable
GYS0009669	杭州申科医疗器械有限公司	生产企业	consumable
GYS0009670	杭州登西佩数齿科技有限公司	生产企业	consumable
GYS0009671	杭州百浩医疗科技有限公司	生产企业	consumable
GYS0009672	杭州百迈生物股份有限公司	生产企业	consumable
GYS0009673	杭州皓翔医疗器械有限公司	生产企业	consumable
GYS0009674	杭州益品新五丰药业有限公司	生产企业/上市许可持有人	drug
GYS0009675	杭州睿橙卓美医疗科技有限公司	生产企业	consumable
GYS0009676	杭州睿清眼镜有限公司	生产企业	consumable
GYS0009677	杭州睿瓷医疗器械有限公司	生产企业	consumable
GYS0009678	杭州矩正医疗科技有限公司	生产企业	consumable
GYS0009679	杭州祺晟医疗器械有限公司	生产企业	consumable
GYS0009680	杭州福照光电有限公司	生产企业	consumable
GYS0009681	杭州科博矫形康复器材有限公司	生产企业	consumable
GYS0009682	杭州科腾生物制品有限公司	生产企业	consumable
GYS0009683	杭州糖吉医疗科技有限公司	生产企业	consumable
GYS0009684	杭州索德医疗设备有限公司	生产企业	consumable
GYS0009685	杭州索菲康医疗器械有限公司	生产企业	consumable
GYS0009686	杭州紫丁香医疗器械有限公司	生产企业	consumable
GYS0009687	杭州紫南针医疗器械有限公司	生产企业	consumable
GYS0009688	杭州维力医疗器械有限公司	生产企业	consumable
GYS0009689	杭州绿星护理用品有限公司	生产企业	consumable
GYS0009690	杭州美伊美生物科技有限公司	生产企业	consumable
GYS0009691	杭州美克恒辉实业有限公司	生产企业	consumable
GYS0009692	杭州美噢医疗器械有限公司	生产企业	consumable
GYS0009693	杭州美库生物医药有限公司	生产企业	consumable
GYS0009694	杭州美弗医学科技有限公司	生产企业	consumable
GYS0009695	杭州美植医疗器械厂	生产企业	consumable
GYS0009696	杭州美立康医疗器械有限公司	生产企业	consumable
GYS0009697	杭州美齐科技有限公司	生产企业	consumable
GYS0009698	杭州翔蝠医疗器械有限公司	生产企业	consumable
GYS0009699	杭州耀盛医疗器械有限公司	生产企业	consumable
GYS0009700	杭州而然科技有限公司	生产企业	consumable
GYS0009701	杭州联众医疗科技股份有限公司	生产企业	consumable
GYS0009702	杭州联晟生物科技有限公司	生产企业	ivd
GYS0009703	杭州聚己生物有限公司	生产企业	consumable
GYS0009704	杭州聚恒医疗科技有限公司	生产企业	consumable
GYS0009705	杭州聚陆医疗器械有限公司	生产企业	consumable
GYS0009706	杭州胜品医疗器械有限公司	生产企业	consumable
GYS0009707	杭州胡庆余堂药业有限公司	生产企业/上市许可持有人	drug
GYS0009708	杭州能可爱心医疗科技有限公司	生产企业	consumable
GYS0009709	杭州脉程医疗科技有限公司	生产企业	consumable
GYS0009710	杭州腾臻贸易有限公司	生产企业	consumable
GYS0009711	杭州致欣医疗科技有限公司	生产企业	consumable
GYS0009712	杭州航齿医疗科技有限公司	生产企业	consumable
GYS0009713	杭州艾克特科技有限公司	生产企业	consumable
GYS0009714	杭州艾力康医药科技有限公司	生产企业	consumable
GYS0009715	杭州芭瓷医疗器械有限公司	生产企业	consumable
GYS0009716	杭州英健生物科技有限公司	生产企业	consumable
GYS0009717	杭州莱和生物技术有限公司	生产企业	consumable
GYS0009718	杭州莱恩瑟特医疗技术有限公司	生产企业	consumable
GYS0009719	杭州莱普晟医疗科技有限公司	生产企业	consumable
GYS0009720	杭州莱莎生物科技有限公司	生产企业	consumable
GYS0009721	杭州菲诗奥医疗科技有限公司	生产企业	consumable
GYS0009722	杭州萧山医疗器械厂	生产企业	consumable
GYS0009723	杭州萧山奥得舒医疗器械有限公司	生产企业	consumable
GYS0009724	杭州蓝朗生物技术有限公司	生产企业	consumable
GYS0009725	杭州蔚丰医疗科技有限公司	生产企业	consumable
GYS0009726	杭州蔡卓医疗设备有限公司	生产企业	consumable
GYS0009727	杭州融御科技有限公司	生产企业	consumable
GYS0009728	杭州衡毅医学科技有限公司	生产企业	consumable
GYS0009729	杭州西湖生物材料有限公司	生产企业	consumable
GYS0009730	杭州语奥生物科技有限公司	生产企业	consumable
GYS0009731	杭州诺生医疗科技有限公司	生产企业	consumable
GYS0009732	杭州诺辉健康科技有限公司	生产企业	consumable
GYS0009733	杭州贝泰日化有限公司	生产企业	consumable
GYS0009734	杭州贝赐创医疗科技有限公司	生产企业	consumable
GYS0009735	杭州贤瑞生物科技有限公司	生产企业	consumable
GYS0009736	杭州质子科技有限公司	生产企业	consumable
GYS0009737	杭州赛米健康科技有限公司	生产企业	consumable
GYS0009738	杭州超凯医疗科技有限公司	生产企业	consumable
GYS0009739	杭州足科科技有限公司	生产企业	consumable
GYS0009740	杭州达维先医药科技有限公司	生产企业	consumable
GYS0009741	杭州迅达无线电器材有限公司	生产企业	consumable
GYS0009742	杭州迈宝莱医疗器械有限公司	生产企业	consumable
GYS0009743	杭州迈瑞医疗科技有限公司	生产企业	consumable
GYS0009744	杭州远东齿科制品厂	生产企业	consumable
GYS0009745	杭州远大义齿有限公司	生产企业	consumable
GYS0009746	杭州远大生物制药有限公司	生产企业/上市许可持有人	drug
GYS0009747	杭州远方医疗器械有限公司	生产企业	consumable
GYS0009748	杭州远航医疗器械有限公司	生产企业	consumable
GYS0009749	杭州迪安生物技术有限公司	生产企业	consumable
GYS0009750	杭州迪诺医疗器械有限公司	生产企业	consumable
GYS0009751	杭州邦杰星医疗科技有限公司	生产企业	consumable
GYS0009752	杭州金利医疗用品有限公司	生产企业	consumable
GYS0009753	杭州金美达齿科加工厂	生产企业	consumable
GYS0009754	杭州金花医药生物科技有限公司	生产企业	consumable
GYS0009755	杭州金达康生物科技有限公司	生产企业	consumable
GYS0009756	杭州钰齿康医疗科技有限公司	生产企业	consumable
GYS0009757	杭州钱唐隆腾医疗技术有限公司	生产企业	consumable
GYS0009758	杭州钱塘隆越生物科技有限公司	生产企业	consumable
GYS0009759	杭州铠达科技发展有限公司	生产企业	consumable
GYS0009760	杭州铭善生物科技有限公司	生产企业	consumable
GYS0009761	杭州铭德康医疗科技有限公司	生产企业	consumable
GYS0009762	杭州铭心医疗科技有限公司	生产企业	consumable
GYS0009763	杭州锐仿药业有限公司	生产企业	consumable
GYS0009764	杭州锐健马斯汀医疗器材有限公司	生产企业	consumable
GYS0009765	杭州锐峰医疗器械有限公司	生产企业	consumable
GYS0009766	杭州键嘉医疗科技股份有限公司	生产企业	consumable
GYS0009767	杭州闻道生物科技有限公司	生产企业	consumable
GYS0009768	杭州隐捷适生物科技有限公司	生产企业	consumable
GYS0009769	杭州雅正口腔义齿制作部（普通合伙）	生产企业	consumable
GYS0009770	杭州雅美口腔医疗器材厂	生产企业	consumable
GYS0009771	杭州雅群医疗器械有限公司	生产企业	consumable
GYS0009772	杭州雅致齿科制品厂	生产企业	consumable
GYS0009773	杭州雅艺医疗科技有限公司	生产企业	consumable
GYS0009774	杭州雅钰医疗用品有限公司	生产企业	consumable
GYS0009775	杭州飞羊生物科技有限公司	生产企业	consumable
GYS0009776	杭州高斯博医疗用品有限公司	生产企业	consumable
GYS0009777	杭州鸿立生物医疗科技有限公司	生产企业	consumable
GYS0009778	杭州麦克瑞尔医疗科技有限公司	生产企业	consumable
GYS0009779	杭州默沙东制药有限公司	生产企业/上市许可持有人	drug
GYS0009780	杭州鼎胜医疗器械有限公司	生产企业	consumable
GYS0009781	杭州龙鑫科技有限公司	生产企业	consumable
GYS0009782	杰华生物技术(青岛)有限公司	生产企业/上市许可持有人	drug
GYS0009783	杰富瑞（北京）医疗科技有限公司	生产企业	consumable
GYS0009784	杰尼肯（苏州）医疗器械有限公司	生产企业	consumable
GYS0009785	杰达（南京）医疗科技有限公司	生产企业	consumable
GYS0009786	杰迪国际医疗管理（广州）有限公司	生产企业	consumable
GYS0009787	松风齿科器材贸易（上海）有限公司	生产企业	consumable
GYS0009788	极光蔚来（重庆）医疗器械有限公司	生产企业	consumable
GYS0009789	极限人工智能有限公司	生产企业	consumable
GYS0009790	极限人工智能（北京）有限公司	生产企业	consumable
GYS0009791	林克骨科（中国）有限公司	生产企业	consumable
GYS0009792	林宝药业(哈尔滨)有限责任公司	生产企业/上市许可持有人	drug
GYS0009793	林州市光华药业有限责任公司	生产企业	drug
GYS0009794	林州鸿煜医疗器械有限公司	生产企业	consumable
GYS0009795	枝江市中医医院	制剂配制单位	preparation
GYS0009796	枢佰亚（北京）医疗器械贸易有限公司	生产企业	consumable
GYS0009797	枣庄市西羽医疗器械有限公司	生产企业	consumable
GYS0009798	枣庄景雅医疗器械有限公司	生产企业	consumable
GYS0009799	枣庄莘贝缘商贸有限公司	生产企业	consumable
GYS0009800	枣庄金正石膏有限公司	生产企业	consumable
GYS0009801	枣强县安邦医疗器械有限公司	生产企业	consumable
GYS0009802	枣强县怡康医疗器械有限公司	生产企业	consumable
GYS0009803	枣强县裕民医疗器械有限公司	生产企业	consumable
GYS0009804	柏为（武汉）医疗科技股份有限公司	生产企业	consumable
GYS0009805	柏事美医疗科技（江苏）有限公司	生产企业	consumable
GYS0009806	柏林医学（安阳）医疗设备有限公司	生产企业	consumable
GYS0009807	柏纶（广州）义齿科技有限公司	生产企业	consumable
GYS0009808	柏谷生物材料（上海）有限公司	生产企业	consumable
GYS0009809	柔电芯云（成都）科技有限公司	生产企业	consumable
GYS0009810	柯威（上海）医疗科技有限公司	生产企业	consumable
GYS0009811	柯尔（苏州）医疗科技有限公司	生产企业	consumable
GYS0009812	柯尔（青岛）医疗科技有限公司	生产企业	consumable
GYS0009813	柯尼卡美能达医疗科技（上海）有限公司	生产企业	consumable
GYS0009814	柯尼卡美能达（厦门）医疗器材有限公司	生产企业	consumable
GYS0009815	柯惠医疗器材制造（上海）有限公司	生产企业	consumable
GYS0009816	柯惠医疗器材国际贸易（上海）有限公司	生产企业	consumable
GYS0009817	柯普药业（山东）有限公司	生产企业	consumable
GYS0009818	柯赫医疗科技（天津）有限公司	生产企业	consumable
GYS0009819	柳州市佛冠齿科数字化研发有限公司	生产企业	consumable
GYS0009820	柳州市凯发工业产品研究有限公司	生产企业	consumable
GYS0009821	柳州市科蓝义齿技术有限公司	生产企业	consumable
GYS0009822	柳州市精鹰义齿制作有限公司	生产企业	consumable
GYS0009823	柳州欣润医疗器械有限公司	生产企业	consumable
GYS0009824	柳州瑞丰义齿制作有限公司	生产企业	consumable
GYS0009825	柳州芝草堂医疗科技有限责公司	生产企业	consumable
GYS0009826	柳河长隆制药有限公司	生产企业/上市许可持有人	drug
GYS0009827	树蚁（佛山）医疗科技有限公司	生产企业	consumable
GYS0009828	株洲千金药业股份有限公司	生产企业/上市许可持有人	drug
GYS0009829	株洲市忠艺牙科器材有限公司	生产企业	consumable
GYS0009830	株洲扶阳医疗器械有限公司	生产企业	consumable
GYS0009831	株洲欧雅医疗器械科技有限公司	生产企业	consumable
GYS0009832	株洲现代佳美牙科器械有限公司	生产企业	consumable
GYS0009833	株洲茂物医疗科技有限公司	生产企业	consumable
GYS0009834	格来赛生命科技（上海）有限公司	生产企业	consumable
GYS0009835	格林菲尔德(江苏)药业有限公司	生产企业	drug
GYS0009836	格林血液制品(辽宁)有限公司	生产企业/上市许可持有人	drug
GYS0009837	格物智造科技（成都）有限公司	生产企业	consumable
GYS0009838	格迈菲思医疗科技（江苏）有限公司	生产企业	consumable
GYS0009839	桂林三爱医疗科技有限公司	生产企业	consumable
GYS0009840	桂林三金大健康产业有限公司	生产企业	consumable
GYS0009841	桂林三金药业股份有限公司	生产企业/上市许可持有人	drug
GYS0009842	桂林中族中药股份有限公司	生产企业/上市许可持有人	drug
GYS0009843	桂林中辉科技发展有限公司	生产企业	ivd
GYS0009844	桂林乐尔医疗器械有限公司	生产企业	ivd
GYS0009845	桂林乾景医疗器械有限公司	生产企业	consumable
GYS0009846	桂林亿信义齿有限公司	生产企业	consumable
GYS0009847	桂林优利特医疗电子有限公司	生产企业	consumable,ivd
GYS0009848	桂林凯文彼德科技有限公司	生产企业	consumable
GYS0009849	桂林华信制药有限公司	生产企业/上市许可持有人	drug
GYS0009850	桂林华润天和药业有限公司	生产企业/上市许可持有人	drug
GYS0009851	桂林华诺威基因药业有限公司	生产企业/上市许可持有人	drug
GYS0009852	桂林华诺威基因药业股份有限公司	生产企业/上市许可持有人	drug
GYS0009853	桂林华诺威生物科技有限公司	生产企业	consumable
GYS0009854	桂林南药股份有限公司	生产企业/上市许可持有人	drug
GYS0009855	桂林原承制药有限责任公司	生产企业/上市许可持有人	drug
GYS0009856	桂林古方健康医疗科技有限公司	生产企业	consumable
GYS0009857	桂林合胜医疗器械有限公司	生产企业	consumable
GYS0009858	桂林天和药业伊维有限公司	生产企业/上市许可持有人	drug,consumable
GYS0009859	桂林市优帮妥医疗科技有限公司	生产企业	consumable
GYS0009860	桂林市兴达光电医疗器械有限公司	生产企业	consumable
GYS0009861	桂林市博通贸易有限公司	生产企业	consumable
GYS0009862	桂林市啄木鸟医疗器械有限公司	生产企业	consumable
GYS0009863	桂林市威诺敦医疗器械有限公司	生产企业	consumable
GYS0009864	桂林市正浩义齿制作有限公司	生产企业	consumable
GYS0009865	桂林市澳思澈医疗科技有限公司	生产企业	consumable
GYS0009866	桂林市美洁医疗器械有限公司	生产企业	consumable
GYS0009867	桂林市锐锋医疗器械有限公司	生产企业	consumable
GYS0009868	桂林市高乐医药保健品有限公司	生产企业	consumable
GYS0009869	桂林康兴医疗器械有限公司	生产企业	consumable
GYS0009870	桂林恒保健康防护有限公司	生产企业	consumable
GYS0009871	桂林恒保卫生防护用品有限公司	生产企业	consumable
GYS0009872	桂林新洲医疗器械有限公司	生产企业	consumable
GYS0009873	桂林朗科制药有限公司	生产企业/上市许可持有人	drug
GYS0009874	桂林清研皓隆新材料有限公司	生产企业	consumable
GYS0009875	桂林澳林制药有限责任公司	生产企业/上市许可持有人	drug
GYS0009876	桂林福康森医疗器械有限公司	生产企业	consumable
GYS0009877	桂林维润医疗科技有限公司	生产企业	consumable
GYS0009878	桂林美锐生物科技有限公司	生产企业	consumable
GYS0009879	桂林菲特斯医疗器械有限公司	生产企业	consumable
GYS0009880	桂林葛仙翁药业有限公司	生产企业/上市许可持有人	drug
GYS0009881	桂林裕民制药有限公司	生产企业/上市许可持有人	drug
GYS0009882	桂林长圣药业有限责任公司	生产企业/上市许可持有人	drug,consumable
GYS0009883	桂林黄济堂医药科技有限公司	生产企业	consumable
GYS0009884	桂械医疗科技有限公司	生产企业	consumable
GYS0009885	桂龙药业(安徽)有限公司	生产企业/上市许可持有人	drug
GYS0009886	桐乡市宝禾医疗器械有限公司	生产企业	consumable
GYS0009887	桐乡市崇福利民卫生用品厂	生产企业	consumable
GYS0009888	桐乡市康富医疗器械有限公司	生产企业	consumable
GYS0009889	桐乡市康龙卫生材料厂	生产企业	consumable
GYS0009890	桐乡市胶布厂有限公司	生产企业	consumable
GYS0009891	桐乡市雅美齿科材料有限公司	生产企业	consumable
GYS0009892	桐庐万禾医疗器械有限公司	生产企业	consumable
GYS0009893	桐庐优视医疗器械有限公司	生产企业	consumable
GYS0009894	桐庐宏远医疗器械有限公司	生产企业	consumable
GYS0009895	桐庐康尔医疗器械有限公司	生产企业	consumable
GYS0009896	桐庐洲济医疗器械有限公司	生产企业	consumable
GYS0009897	桐庐精锐医疗器械有限公司	生产企业	consumable
GYS0009898	梁介福(广东)药业有限公司	生产企业/上市许可持有人	drug
GYS0009899	梁山县康瑞医疗器械有限公司	生产企业	consumable
GYS0009900	梁山县水泊卫生材料有限公司	生产企业	consumable
GYS0009901	梅州市美嘉源医疗器械有限公司	生产企业	consumable
GYS0009902	梅州市金辉医疗器械有限公司	生产企业	consumable
GYS0009903	梅河口市雅科首基医疗器械有限公司	生产企业	consumable
GYS0009904	梅达提斯国际贸易（上海）有限公司	生产企业	consumable
GYS0009905	梦阳药业股份有限公司	生产企业/上市许可持有人	drug
GYS0009906	梨树县梨树镇永昌医疗器材厂	生产企业	consumable
GYS0009907	森淼(山东)药业有限公司	生产企业/上市许可持有人	drug
GYS0009908	森瑞谱生命科学药业（海南）集团股份有限公司	生产企业	consumable
GYS0009909	森科(南京)医药技术有限公司	生产企业	drug
GYS0009910	森隆药业有限公司	生产企业/上市许可持有人	drug
GYS0009911	植恩生物技术股份有限公司	生产企业/上市许可持有人	drug
GYS0009912	楚雄和创药业有限责任公司	生产企业/上市许可持有人	drug
GYS0009913	楚雄市连墀生物研究所	生产企业	drug
GYS0009914	楚雄老拨云堂药业有限公司	生产企业/上市许可持有人	drug
GYS0009915	楷图（上海）商贸有限公司	生产企业	consumable
GYS0009916	楷腾医疗设备（中国）有限公司	生产企业	consumable
GYS0009917	榆林利君制药有限公司	生产企业/上市许可持有人	drug
GYS0009918	榆林华诚康复器材有限公司	生产企业	consumable
GYS0009919	榆林市立德假肢有限责任公司	生产企业	consumable
GYS0009920	榆林明瑞佳盛商贸有限公司	生产企业	consumable
GYS0009921	榆林致美义齿有限公司	生产企业	consumable
GYS0009922	榕盛（苏州）医疗技术有限公司	生产企业	consumable
GYS0009923	欣和（天津）生物工程有限公司	生产企业	consumable
GYS0009924	欣成康药业（贵州）有限公司	生产企业	consumable
GYS0009925	欣智汇国际医疗科技（北京）有限公司	生产企业	consumable
GYS0009926	欣格誉科技（无锡）有限公司	生产企业	consumable
GYS0009927	欣瑞德（江苏）医疗科技有限公司	生产企业	consumable
GYS0009928	欧仕达听力科技(厦门)有限公司	生产企业	consumable
GYS0009929	欧几里德贸易（上海）有限公司	生产企业	consumable
GYS0009930	欧化药业(香港)有限公司	生产企业/上市许可持有人	drug
GYS0009931	欧华美科（天津）医学科技有限公司	生产企业	consumable
GYS0009932	欧姆龙健康医疗（中国）有限公司	生产企业	consumable
GYS0009933	欧姆龙医疗器械（北京）有限公司	生产企业	consumable
GYS0009934	欧姆龙（大连）有限公司	生产企业	consumable
GYS0009935	欧康维视生物医药(上海)有限公司	生产企业/上市许可持有人	drug
GYS0009936	欧斯卡亚太（深圳）商贸有限公司	生产企业	consumable
GYS0009937	欧斯特（厦门）矫形复健器材有限公司	生产企业	consumable
GYS0009938	欧普康视科技股份有限公司	生产企业	consumable
GYS0009939	欧汇医疗科技（山东）有限公司	生产企业	consumable
GYS0009940	欧渼顺医疗器械（上海）有限公司	生产企业	consumable
GYS0009941	欧莱特医疗科技（无锡）股份有限公司	生产企业	consumable
GYS0009942	歌礼生物科技(杭州)有限公司	生产企业/上市许可持有人	drug
GYS0009943	歌礼药业(浙江)有限公司	生产企业/上市许可持有人	drug
GYS0009944	正丰元医学影像（江苏）有限公司	生产企业	consumable
GYS0009945	正合医疗科技（常州）有限公司	生产企业	consumable
GYS0009946	正大天晴(广州)医药有限公司	生产企业/上市许可持有人	drug
GYS0009947	正大天晴康方(上海)生物医药科技有限公司	生产企业/上市许可持有人	drug
GYS0009948	正大天晴药业集团南京顺欣制药有限公司	生产企业/上市许可持有人	drug
GYS0009949	正大天晴药业集团股份有限公司	生产企业/上市许可持有人	drug
GYS0009950	正大青春宝药业有限公司	生产企业/上市许可持有人	drug
GYS0009951	正昱生物科技（海南）有限公司	生产企业	consumable
GYS0009952	正翱高科（南阳）有限公司	生产企业	consumable
GYS0009953	正雅齿科科技（上海）有限公司	生产企业	consumable
GYS0009954	步跃医疗器械（淄博）有限公司	生产企业	consumable
GYS0009955	武夷山捷安医疗器械制造有限公司	生产企业	consumable
GYS0009956	武威市威乐乳胶科技有限公司	生产企业	consumable
GYS0009957	武汉三颗牙医疗器械有限公司	生产企业	consumable
GYS0009958	武汉东信医药科技有限责任公司	生产企业/上市许可持有人	drug,consumable
GYS0009959	武汉中原瑞德生物制品有限责任公司	生产企业/上市许可持有人	drug
GYS0009960	武汉中帜生物科技股份有限公司	生产企业	consumable
GYS0009961	武汉中投汉嘉科技有限公司	生产企业	consumable
GYS0009962	武汉中森医疗用品有限公司	生产企业	consumable
GYS0009963	武汉中生毓晋生物医药有限责任公司	生产企业/上市许可持有人	drug
GYS0009964	武汉中西医结合骨科医院	制剂配制单位	preparation
GYS0009965	武汉中西医结合骨科医院(武汉体育学院附属医院)	制剂配制单位	preparation
GYS0009966	武汉久安药业有限公司	生产企业/上市许可持有人	drug
GYS0009967	武汉久安药物研究院有限公司	生产企业/上市许可持有人	drug
GYS0009968	武汉九叶医疗器械有限公司	生产企业	consumable
GYS0009969	武汉九州邦医药科技有限公司	生产企业	consumable
GYS0009970	武汉九珑人福药业有限责任公司	生产企业/上市许可持有人	drug
GYS0009971	武汉云水蓝科技有限公司	生产企业	consumable
GYS0009972	武汉互创联合科技有限公司	生产企业	consumable
GYS0009973	武汉五景药业有限公司	生产企业/上市许可持有人	drug
GYS0009974	武汉亚洲生物材料有限公司	生产企业	consumable
GYS0009975	武汉京德医疗器械科技有限公司	生产企业	consumable
GYS0009976	武汉人福利康药业有限公司	生产企业/上市许可持有人	drug
GYS0009977	武汉人福药业有限责任公司	生产企业/上市许可持有人	drug
GYS0009978	武汉亿发图生物科技有限公司	生产企业	consumable
GYS0009979	武汉众福医疗器械有限公司	生产企业	consumable
GYS0009980	武汉优呀呀医疗器械有限公司	生产企业	consumable
GYS0009981	武汉伢典生物科技有限公司	生产企业	consumable
GYS0009982	武汉伢苑医疗科技有限公司	生产企业	consumable
GYS0009983	武汉佑康科技有限公司	生产企业	consumable
GYS0009984	武汉体育学院医院	制剂配制单位	preparation
GYS0009985	武汉健康新天地科技有限公司	生产企业	consumable
GYS0009986	武汉健民大鹏药业有限公司	生产企业/上市许可持有人	drug
GYS0009987	武汉儿童医院	制剂配制单位	preparation
GYS0009988	武汉先越医疗科技有限公司	生产企业	consumable
GYS0009989	武汉先路医药科技股份有限公司	生产企业/上市许可持有人	drug
GYS0009990	武汉光谷人福生物医药有限公司	生产企业/上市许可持有人	drug
GYS0009991	武汉光谷北宸医疗器械有限公司	生产企业	consumable
GYS0009992	武汉光谷女娲医药有限公司	生产企业/上市许可持有人	drug
GYS0009993	武汉克瑞普新技术有限公司	生产企业	consumable
GYS0009994	武汉六合恒远投资有限公司	生产企业	consumable
GYS0009995	武汉兴嘉业堂医疗科技发展有限公司	生产企业	consumable
GYS0009996	武汉凯德维斯生物技术有限公司	生产企业	consumable
GYS0009997	武汉创智医学研究有限公司	生产企业	consumable
GYS0009998	武汉创美义齿有限公司	生产企业	consumable
GYS0009999	武汉创齿缘医疗器械有限公司	生产企业	consumable
GYS0010000	武汉利眠生物科技有限公司	生产企业	consumable
GYS0010001	武汉加成医药科技有限公司	生产企业/上市许可持有人	drug
GYS0010002	武汉匠义科技有限公司	生产企业	consumable
GYS0010003	武汉医佳宝生物材料有限公司	生产企业	consumable
GYS0010004	武汉半谷医疗技术有限公司	生产企业	consumable
GYS0010005	武汉半边天医疗技术发展有限公司	生产企业	consumable
GYS0010006	武汉半边天微创医疗技术有限公司	生产企业	consumable
GYS0010007	武汉华世达防护用品有限公司	生产企业	consumable
GYS0010008	武汉华卫科技有限公司	生产企业	consumable
GYS0010009	武汉华大智造科技有限公司	生产企业	consumable
GYS0010010	武汉华瑞生物科技有限公司	生产企业	consumable
GYS0010011	武汉华纳联合药业有限公司	生产企业	consumable
GYS0010012	武汉华美高新材料有限公司	生产企业	consumable
GYS0010013	武汉华诚创福医疗科技有限公司	生产企业	consumable
GYS0010014	武汉华辉医疗设备有限公司	生产企业	consumable
GYS0010015	武汉华鑫无纺布有限公司	生产企业	consumable
GYS0010016	武汉华龙生物制药有限公司	生产企业/上市许可持有人	drug
GYS0010017	武汉协卓卫生用品有限公司	生产企业	consumable
GYS0010018	武汉协德医疗科技有限公司	生产企业	consumable
GYS0010019	武汉南雪药业有限公司	生产企业	consumable
GYS0010020	武汉博奥美迪科技有限公司	生产企业	consumable
GYS0010021	武汉博润康生物科技有限公司	生产企业	consumable
GYS0010022	武汉博激世纪科技有限公司	生产企业	consumable
GYS0010023	武汉博瑞锦诚医药科技有限公司	生产企业	consumable
GYS0010024	武汉博裕达商贸有限公司	生产企业	consumable
GYS0010025	武汉卫民医疗器械有限责任公司	生产企业	consumable
GYS0010026	武汉厚睿生医疗科技有限公司	生产企业	consumable
GYS0010027	武汉原子高科医药有限公司	生产企业	drug
GYS0010028	武汉友芝友医疗科技股份有限公司	生产企业	consumable
GYS0010029	武汉双雄医疗科技发展有限公司	生产企业	consumable
GYS0010030	武汉双龙药业有限公司	生产企业/上市许可持有人	drug
GYS0010031	武汉古岚医疗科技有限公司	生产企业	consumable
GYS0010032	武汉合源生物科技有限公司	生产企业	consumable
GYS0010033	武汉同向医疗器械有限公司	生产企业	consumable
GYS0010034	武汉同济中维医药有限责任公司	生产企业/上市许可持有人	drug
GYS0010035	武汉同济现代医药科技股份有限公司	生产企业/上市许可持有人	drug
GYS0010036	武汉名实生物医药科技有限责任公司	生产企业	consumable
GYS0010037	武汉君安友联医疗科技有限责任公司	生产企业	consumable
GYS0010038	武汉启捷医疗科技有限公司	生产企业	consumable
GYS0010039	武汉启瑞药业有限公司	生产企业/上市许可持有人	drug
GYS0010040	武汉和美达科技有限公司	生产企业	consumable
GYS0010041	武汉唐济医疗科技有限公司	生产企业	consumable
GYS0010042	武汉唯柯医疗科技有限公司	生产企业	consumable
GYS0010043	武汉嘉一三维技术应用有限公司	生产企业	consumable
GYS0010044	武汉嘉杭科技有限公司	生产企业	consumable
GYS0010045	武汉国灸科技开发有限公司	生产企业	consumable
GYS0010046	武汉圣惠康生物医药科技有限责任公司	生产企业	consumable
GYS0010047	武汉大学人民医院(湖北省人民医院)	制剂配制单位	preparation
GYS0010048	武汉大学口腔医学院口腔药物材料厂	生产企业	consumable
GYS0010049	武汉大正高科生物医药有限公司	生产企业	consumable
GYS0010050	武汉大白小白科技有限公司	生产企业	consumable
GYS0010051	武汉天之瑞医疗科技有限公司	生产企业	consumable
GYS0010052	武汉天天健康生物工程有限公司	生产企业	consumable
GYS0010053	武汉天安医药科技有限公司	生产企业/上市许可持有人	drug
GYS0010054	武汉天安医院	制剂配制单位	preparation
GYS0010055	武汉天顺伟医疗器械有限公司	生产企业	consumable
GYS0010056	武汉太福制药有限公司	生产企业/上市许可持有人	drug
GYS0010057	武汉奇致激光技术股份有限公司	生产企业	consumable
GYS0010058	武汉威丽豪医疗科技有限公司	生产企业	consumable
GYS0010059	武汉威思众信息科技有限公司	生产企业	consumable
GYS0010060	武汉威霖斯智能医疗科技有限公司	生产企业	consumable
GYS0010061	武汉子燕家豪感光器材有限公司	生产企业	consumable
GYS0010062	武汉孚莱医药科技有限公司	生产企业	consumable
GYS0010063	武汉安士泰医疗科技有限公司	生产企业	consumable
GYS0010064	武汉宏图伟业医用器材有限公司	生产企业	consumable
GYS0010065	武汉富乔义齿加工厂	生产企业	consumable
GYS0010066	武汉富乔义齿有限公司	生产企业	consumable
GYS0010067	武汉小松生物医药有限公司	生产企业	consumable
GYS0010068	武汉尚普医疗器械有限公司	生产企业	consumable
GYS0010069	武汉巨能金匙药业有限公司	生产企业/上市许可持有人	drug
GYS0010070	武汉市万思达正畸牙科器材有限公司	生产企业	consumable
GYS0010071	武汉市三联友康科技有限公司	生产企业	consumable
GYS0010072	武汉市中医医院	制剂配制单位	preparation
GYS0010073	武汉市中源医疗器械有限公司	生产企业	consumable
GYS0010074	武汉市中西医结合医院(武汉市第一医院)	制剂配制单位	preparation
GYS0010075	武汉市九头鸟医疗仪器开发有限公司	生产企业	consumable
GYS0010076	武汉市兴康医疗器械有限责任公司	生产企业	consumable
GYS0010077	武汉市名扬义齿有限公司	生产企业	consumable
GYS0010078	武汉市多思医疗器械有限公司	生产企业	consumable
GYS0010079	武汉市定远义齿有限公司	生产企业	consumable
GYS0010080	武汉市峻西医疗器械有限公司	生产企业	consumable
GYS0010081	武汉市康来福科技有限公司	生产企业	consumable
GYS0010082	武汉市思泰利医疗器械发展有限公司	生产企业	consumable
GYS0010083	武汉市新洲区中医骨伤专科医院	制剂配制单位	preparation
GYS0010084	武汉市明雅医疗器械有限公司	生产企业	consumable
GYS0010085	武汉市江夏区中医医院	制剂配制单位	preparation
GYS0010086	武汉市泰元义齿有限公司	生产企业	consumable
GYS0010087	武汉市济世假肢矫形器有限责任公司	生产企业	consumable
GYS0010088	武汉市海沁医疗科技有限公司	生产企业	consumable
GYS0010089	武汉市爱丽雅义齿研制有限公司	生产企业	consumable
GYS0010090	武汉市王冠医疗器械有限责任公司	生产企业	consumable
GYS0010091	武汉市瑞丰达医疗器械有限公司	生产企业	consumable
GYS0010092	武汉市皮肤病防治院	制剂配制单位	preparation
GYS0010093	武汉市福尔泰医疗器械有限公司	生产企业	consumable
GYS0010094	武汉市第一医院	制剂配制单位	preparation
GYS0010095	武汉市第三医院	制剂配制单位	preparation
GYS0010096	武汉市第四医院	制剂配制单位	preparation
GYS0010097	武汉市红十字会医院(武汉市第十一医院)	制剂配制单位	preparation
GYS0010098	武汉市迅舒科技有限公司	生产企业	consumable
GYS0010099	武汉市金银潭医院	制剂配制单位	preparation
GYS0010100	武汉市长立生物技术有限责任公司	生产企业	consumable
GYS0010101	武汉市领航数字化医疗科技有限公司	生产企业	consumable
GYS0010102	武汉市龙娣矫形康复器材有限公司	生产企业	consumable
GYS0010103	武汉帕菲鱼医疗器械有限公司	生产企业	consumable
GYS0010104	武汉康乐药业股份有限公司	生产企业/上市许可持有人	drug
GYS0010105	武汉康凯义肢矫形有限公司	生产企业	consumable
GYS0010106	武汉康圣国信医疗科技有限公司	生产企业	consumable
GYS0010107	武汉康塔医疗科技有限公司	生产企业	consumable
GYS0010108	武汉康宁美生物科技有限公司	生产企业	consumable
GYS0010109	武汉康德庆生物科技有限公司	生产企业	consumable
GYS0010110	武汉康斯泰德科技有限公司	生产企业	consumable
GYS0010111	武汉康瑞思医疗器械有限公司	生产企业	consumable
GYS0010112	武汉康立优医疗发展有限公司	生产企业	consumable
GYS0010113	武汉康进医疗科技有限公司	生产企业	consumable
GYS0010114	武汉延辉商贸有限公司	生产企业	consumable
GYS0010115	武汉弘景医疗科技发展有限公司	生产企业	consumable
GYS0010116	武汉律动医疗科技有限公司	生产企业	consumable
GYS0010117	武汉御农生物医药科技有限公司	生产企业	consumable
GYS0010118	武汉德环医疗科技有限公司	生产企业	consumable
GYS0010119	武汉德诚义肢矫型康复器材有限公司	生产企业	consumable
GYS0010120	武汉必盈生物科技股份有限公司	生产企业	consumable
GYS0010121	武汉思创智成科技有限公司	生产企业	consumable
GYS0010122	武汉思漫康生物科技有限公司	生产企业	consumable
GYS0010123	武汉恒信源药业有限公司	生产企业/上市许可持有人	drug
GYS0010124	武汉拓思瑞医疗科技有限公司	生产企业	consumable
GYS0010125	武汉拜博义齿有限公司	生产企业	consumable
GYS0010126	武汉斯普菲科技有限公司	生产企业	consumable
GYS0010127	武汉新佳豪医疗器械有限公司	生产企业	consumable
GYS0010128	武汉新塔医疗科技有限公司	生产企业	consumable
GYS0010129	武汉新瑞医药科技有限公司	生产企业/上市许可持有人	drug
GYS0010130	武汉施福瑞科技开发有限公司	生产企业	consumable
GYS0010131	武汉旭尊生物科技有限公司	生产企业	consumable
GYS0010132	武汉时代珍传医疗器械有限公司	生产企业	consumable
GYS0010133	武汉明和盛信息技术有限公司	生产企业	consumable
GYS0010134	武汉明康医疗器械有限公司	生产企业	consumable
GYS0010135	武汉明德生物科技股份有限公司	生产企业	consumable
GYS0010136	武汉易能易美光学有限公司	生产企业	consumable
GYS0010137	武汉星嘉源科技有限公司	生产企业	consumable
GYS0010138	武汉春盛电子科技有限公司	生产企业	consumable
GYS0010139	武汉普元药业有限责任公司	生产企业/上市许可持有人	drug
GYS0010140	武汉普生制药有限公司	生产企业/上市许可持有人	drug
GYS0010141	武汉智瓴医疗科技有限公司	生产企业	consumable
GYS0010142	武汉智迅创源科技发展股份有限公司	生产企业	consumable
GYS0010143	武汉朗克医疗器械有限公司	生产企业	consumable
GYS0010144	武汉李济堂生物科技有限公司	生产企业	consumable
GYS0010145	武汉杰鲲医疗科技有限公司	生产企业	consumable
GYS0010146	武汉柯尼兹医疗科技有限公司	生产企业	consumable
GYS0010147	武汉柯瑞迪医疗用品有限公司	生产企业	consumable
GYS0010148	武汉格林泰克科技有限公司	生产企业	consumable
GYS0010149	武汉梵亦丰医疗器械有限公司	生产企业	consumable
GYS0010150	武汉正午阳光医药生物科技有限公司	生产企业	consumable
GYS0010151	武汉正同药业有限公司	生产企业	drug
GYS0010152	武汉武药制药有限公司	生产企业/上市许可持有人	drug
GYS0010153	武汉比黛药业有限公司	生产企业	consumable
GYS0010154	武汉毕轻松医药科技有限公司	生产企业	consumable
GYS0010155	武汉永冠达义齿有限公司	生产企业	consumable
GYS0010156	武汉汇芙妍医疗器械有限公司	生产企业	consumable
GYS0010157	武汉汉安未来医疗科技有限公司	生产企业	consumable
GYS0010158	武汉江承医药科技有限公司	生产企业/上市许可持有人	drug
GYS0010159	武汉沃德利派医疗器械有限公司	生产企业	consumable
GYS0010160	武汉泰利美信医疗科技有限公司	生产企业	consumable
GYS0010161	武汉洪科医疗用品有限公司	生产企业	consumable
GYS0010162	武汉派瑞义齿医疗器械有限公司	生产企业	consumable
GYS0010163	武汉济创医药科技有限责任公司	生产企业/上市许可持有人	drug
GYS0010164	武汉海吉力生物科技有限公司	生产企业	consumable
GYS0010165	武汉海特生物制药股份有限公司	生产企业/上市许可持有人	drug
GYS0010166	武汉海纳药业有限公司	生产企业/上市许可持有人	drug
GYS0010167	武汉润泽鸿业医疗科技有限公司	生产企业	consumable
GYS0010168	武汉港基医学技术有限公司	生产企业	consumable
GYS0010169	武汉滨湖双鹤药业有限责任公司	生产企业/上市许可持有人	drug
GYS0010170	武汉澳时医疗器械有限公司	生产企业	consumable
GYS0010171	武汉澳沐康医疗科技有限公司	生产企业	consumable
GYS0010172	武汉瀚远美哲科技有限公司	生产企业	consumable
GYS0010173	武汉灏通君颐科技有限公司	生产企业	consumable
GYS0010174	武汉烺祺大健康产业有限公司	生产企业	consumable
GYS0010175	武汉爱民制药股份有限公司	生产企业/上市许可持有人	drug
GYS0010176	武汉瑞思得安生物科技有限公司	生产企业	consumable
GYS0010177	武汉瑞新昌生物科技有限公司	生产企业	consumable
GYS0010178	武汉瑞祥安科技股份有限公司	生产企业	consumable
GYS0010179	武汉璟泓科技股份有限公司	生产企业	consumable,ivd
GYS0010180	武汉生之源生物科技股份有限公司	生产企业	consumable
GYS0010181	武汉生物制品研究所有限责任公司	生产企业/上市许可持有人	drug
GYS0010182	武汉生物化学制药有限公司	生产企业/上市许可持有人	drug
GYS0010183	武汉田田药业有限公司	生产企业/上市许可持有人	drug
GYS0010184	武汉百科瑞康医疗科技有限公司	生产企业	consumable
GYS0010185	武汉百英诺生物科技有限公司	生产企业	consumable
GYS0010186	武汉百达智美医学科技有限公司	生产企业	consumable
GYS0010187	武汉盈凯格医疗科技有限公司	生产企业	consumable
GYS0010188	武汉盛大康成医药科技有限公司	生产企业	consumable
GYS0010189	武汉真彩智造医疗技术有限公司	生产企业	consumable
GYS0010190	武汉知音堂生物科技有限公司	生产企业	consumable
GYS0010191	武汉神草堂生物技术有限公司	生产企业	consumable
GYS0010192	武汉福星生物药业有限公司	生产企业/上市许可持有人	drug
GYS0010193	武汉秋雨医疗器械有限公司	生产企业	consumable
GYS0010194	武汉科兴医药科技开发有限公司	生产企业	drug
GYS0010195	武汉科福新药有限责任公司	生产企业/上市许可持有人	drug
GYS0010196	武汉科达海医疗器械有限公司	生产企业	consumable
GYS0010197	武汉简为医疗科技有限公司	生产企业	consumable
GYS0010198	武汉米隽医疗器械有限公司	生产企业	consumable
GYS0010199	武汉精易美义齿有限责任公司	生产企业	consumable
GYS0010200	武汉纳磁生物科技有限公司	生产企业	consumable
GYS0010201	武汉维印科技有限责任公司	生产企业	consumable
GYS0010202	武汉维奥制药有限公司	生产企业/上市许可持有人	drug
GYS0010203	武汉维斯第医用科技股份有限公司	生产企业	consumable
GYS0010204	武汉美冠达义齿有限公司	生产企业	consumable
GYS0010205	武汉美域创客医疗器械中心	生产企业	consumable
GYS0010206	武汉美景天科技有限公司	生产企业	consumable
GYS0010207	武汉美目医疗器械有限公司	生产企业	consumable
GYS0010208	武汉美观义齿加工厂	生产企业	consumable
GYS0010209	武汉美诺美康药业有限公司	生产企业	consumable
GYS0010210	武汉翔裕卫生材料有限公司	生产企业	consumable
GYS0010211	武汉耦合医学科技有限责任公司	生产企业	consumable
GYS0010212	武汉联合药业有限责任公司	生产企业/上市许可持有人	drug
GYS0010213	武汉联影智融医疗科技有限公司	生产企业	consumable
GYS0010214	武汉联泰华睿科技有限公司	生产企业	consumable
GYS0010215	武汉联袂复兴义齿科技有限公司	生产企业	consumable
GYS0010216	武汉聚珺医药科技有限公司	生产企业	consumable
GYS0010217	武汉脑链科技有限公司	生产企业	consumable
GYS0010218	武汉致远医疗科技有限公司	生产企业	consumable
GYS0010219	武汉艾格美康复器材有限公司	生产企业	consumable
GYS0010220	武汉艾米森生命科技有限公司	生产企业	consumable
GYS0010221	武汉英领医学生物科技有限公司	生产企业	consumable
GYS0010222	武汉莱赛光电科技有限公司	生产企业	consumable
GYS0010223	武汉菲克思医疗器械有限公司	生产企业	consumable
GYS0010224	武汉蓝普医品有限公司	生产企业	consumable
GYS0010225	武汉蓝色创新医疗科技有限公司	生产企业	consumable
GYS0010226	武汉西热富医疗有限公司	生产企业	consumable
GYS0010227	武汉西莫制药有限公司	生产企业/上市许可持有人	drug
GYS0010228	武汉西诺斯科技有限公司	生产企业	consumable
GYS0010229	武汉诺安药业有限公司	生产企业/上市许可持有人	drug
GYS0010230	武汉贝参药业股份有限公司	生产企业/上市许可持有人	drug
GYS0010231	武汉赛维尔生物科技有限公司	生产企业	consumable
GYS0010232	武汉迈瑞科技有限公司	生产企业	consumable
GYS0010233	武汉远大制药集团销售有限公司	生产企业	consumable
GYS0010234	武汉迪奥药业有限公司	生产企业/上市许可持有人	drug
GYS0010235	武汉迪艾斯科技有限公司	生产企业	consumable
GYS0010236	武汉金光医疗科技有限公司	生产企业	consumable
GYS0010237	武汉金柏威光电技术有限公司	生产企业	consumable
GYS0010238	武汉金瑞达医疗用品有限公司	生产企业	consumable
GYS0010239	武汉金鑫谷医疗设备有限公司	生产企业	consumable
GYS0010240	武汉鑫启源医疗科技有限公司	生产企业	consumable
GYS0010241	武汉鑫瑞药业有限公司	生产企业/上市许可持有人	drug
GYS0010242	武汉鑫科惠医疗科技有限公司	生产企业	consumable
GYS0010243	武汉钢铁(集团)公司第二职工医院	制剂配制单位	preparation
GYS0010244	武汉钧安制药有限公司	生产企业/上市许可持有人	drug
GYS0010245	武汉铁力马实业有限公司	生产企业	consumable
GYS0010246	武汉锐鹰生物医药科技有限公司	生产企业	consumable
GYS0010247	武汉镭健科技有限责任公司	生产企业	consumable
GYS0010248	武汉长联来福制药股份有限公司	生产企业/上市许可持有人	drug
GYS0010249	武汉阳曦绿洲科技有限公司	生产企业	consumable
GYS0010250	武汉雅尔美义齿科技有限公司	生产企业	consumable
GYS0010251	武汉顺康达生物科技有限公司	生产企业	consumable
GYS0010252	武汉高登齿科材料有限公司	生产企业	consumable
GYS0010253	武汉麟畅医疗科技有限公司	生产企业	consumable
GYS0010254	武汉麦朗医疗科技有限公司	生产企业	consumable
GYS0010255	武汉麦瑞迪医疗科技有限公司	生产企业	consumable
GYS0010256	武汉鼎宸科技有限责任公司	生产企业	consumable
GYS0010257	武陟县通康药业有限公司	生产企业/上市许可持有人	drug
GYS0010258	武陟维尔康生化制药有限公司	生产企业/上市许可持有人	drug
GYS0010259	毅天辰（吉林）生物医药有限公司	生产企业	consumable
GYS0010260	比利时 Janssen Pharmaceutica N.V	生产企业	drug
GYS0010261	比智高药业有公司	生产企业/上市许可持有人	drug
GYS0010262	比智高药业有限公司	生产企业/上市许可持有人	drug
GYS0010263	毕胜普生物科技有限公司	生产企业	consumable
GYS0010264	民康医疗科技（天津）有限公司	生产企业	consumable,ivd
GYS0010265	民生药业集团有限公司	生产企业/上市许可持有人	drug
GYS0010266	水仙药业(建瓯)股份有限公司	生产企业/上市许可持有人	drug
GYS0010267	水仙药业(水仙)股份有限公司	生产企业	drug
GYS0010268	水仙药业(股份)股份有限公司	生产企业	drug
GYS0010269	永信药品工业股份有限公司	生产企业/上市许可持有人	drug
GYS0010270	永城市好理想卫生用品有限公司	生产企业	consumable
GYS0010271	永城市科技试验厂	生产企业	consumable
GYS0010272	永定采善堂制药有限公司	生产企业	drug
GYS0010273	永州康达康复辅具适配服务有限责任公司	生产企业	consumable
GYS0010274	永康市双锦保健器材厂	生产企业	consumable
GYS0010275	永康市锦康保健器材厂	生产企业	consumable
GYS0010276	永康市雅致医疗器械有限公司	生产企业	consumable
GYS0010277	永芳（济南）卫生用品集团有限公司	生产企业	consumable
GYS0010278	永逸轩科技（北京）有限公司	生产企业	consumable
GYS0010279	汇康医疗科技（苏州）有限公司	生产企业	consumable
GYS0010280	汇禹远和(海南)药业有限公司	生产企业/上市许可持有人	drug
GYS0010281	汇科德晟(广东)医学技术有限公司	生产企业/上市许可持有人	drug
GYS0010282	汉中宇龙实业有限公司	生产企业	consumable
GYS0010283	汉中居业医用卫材科技有限公司	生产企业	consumable
GYS0010284	汉中市精冠义齿制作有限公司	生产企业	consumable
GYS0010285	汉中治必莎制药有限公司	生产企业	consumable
GYS0010286	汉中秦航精密机电有限公司	生产企业	consumable
GYS0010287	汉川伟鹏生物科技有限公司	生产企业	consumable
GYS0010288	汉斯夫（杭州）医学科技有限公司	生产企业	consumable
GYS0010289	汉方再生医学（银川）集团有限公司	生产企业	consumable
GYS0010290	汉方医疗器械（银川）有限公司	生产企业	consumable
GYS0010291	汕头华尔怡医疗器械有限公司	生产企业	consumable
GYS0010292	汕头原子高科医药有限公司	生产企业	drug
GYS0010293	汕头市兴华牙科医疗器械有限公司	生产企业	consumable
GYS0010294	汕头市如意医疗用品有限公司	生产企业	consumable
GYS0010295	汕头市宏利达医疗器械有限责任公司	生产企业	consumable
GYS0010296	汕头市康凌医疗用品有限公司	生产企业	consumable
GYS0010297	汕头市康诺德医疗科技有限公司	生产企业	consumable
GYS0010298	汕头市斯纳医疗器械有限公司	生产企业	consumable
GYS0010299	汕头市时代制药有限公司	生产企业/上市许可持有人	drug
GYS0010300	汕头市橄榄枝制药有限公司	生产企业/上市许可持有人	drug
GYS0010301	汕头市欧莱雅化妆品有限公司	生产企业	consumable
GYS0010302	汕头市永星医疗科技有限公司	生产企业	consumable
GYS0010303	汕头市润康医疗用品有限公司	生产企业	consumable
GYS0010304	汕头市澄海区健发卫生用品有限公司	生产企业	consumable
GYS0010305	汕头市益源医疗器械实业有限公司	生产企业	consumable
GYS0010306	汕头市美宝制药有限公司	生产企业/上市许可持有人	drug
GYS0010307	汕头市超然义齿有限公司	生产企业	consumable
GYS0010308	汕头市金丰医疗器械科技有限公司	生产企业	consumable
GYS0010309	汕头市鑫德元义齿有限公司	生产企业	consumable
GYS0010310	汕头经济特区明治医药有限公司	生产企业/上市许可持有人	drug
GYS0010311	汕头经济特区鮀滨制药厂	生产企业/上市许可持有人	drug
GYS0010312	汕头金石粉针剂有限公司	生产企业/上市许可持有人	drug
GYS0010313	汕尾市城区雅冠义齿有限公司	生产企业	consumable
GYS0010314	汕尾市百佳医疗器械有限公司	生产企业	consumable
GYS0010315	汕尾市葆丰医疗器械有限公司	生产企业	consumable
GYS0010316	江中药业股份有限公司	生产企业/上市许可持有人	drug
GYS0010317	江右制药(常德)有限公司	生产企业/上市许可持有人	drug
GYS0010318	江山灵猫医疗器械有限公司	生产企业	consumable
GYS0010319	江苏一米生物科技有限公司	生产企业	consumable
GYS0010320	江苏七〇七天然制药有限公司	生产企业/上市许可持有人	drug
GYS0010321	江苏万事兴生物科技有限公司	生产企业	consumable
GYS0010322	江苏万海医疗器械有限公司	生产企业	consumable
GYS0010323	江苏万禾制药有限公司	生产企业/上市许可持有人	drug
GYS0010324	江苏万联达医疗科技有限公司	生产企业	consumable
GYS0010325	江苏万邦生化医药集团有限责任公司	生产企业/上市许可持有人	drug
GYS0010326	江苏万高药业股份有限公司	生产企业/上市许可持有人	drug
GYS0010327	江苏三和生物工程股份有限公司	生产企业	consumable
GYS0010328	江苏三影科技有限公司	生产企业	consumable
GYS0010329	江苏三才五妍医疗科技发展有限公司	生产企业	consumable
GYS0010330	江苏三沃医用制品有限公司	生产企业	consumable
GYS0010331	江苏三联星海医疗器械有限公司	生产企业	consumable
GYS0010332	江苏三葆生物科技有限公司	生产企业	consumable
GYS0010333	江苏三里医疗器械有限公司	生产企业	consumable
GYS0010334	江苏上和口腔医疗科技有限公司	生产企业	consumable
GYS0010335	江苏世发医疗科技有限公司	生产企业	consumable
GYS0010336	江苏世康启航医疗器械有限公司	生产企业	consumable
GYS0010337	江苏世泰实验器材有限公司	生产企业	consumable
GYS0010338	江苏东玏源医疗科技有限公司	生产企业	consumable
GYS0010339	江苏中佳碳素光源科技有限公司	生产企业	consumable
GYS0010340	江苏中兴药业有限公司	生产企业	drug
GYS0010341	江苏中哲碳光子研发中心有限公司	生产企业	consumable
GYS0010342	江苏中天药业有限公司	生产企业	drug
GYS0010343	江苏中慧元通生物科技股份有限公司	生产企业/上市许可持有人	drug
GYS0010344	江苏中普科技有限公司	生产企业	consumable
GYS0010345	江苏中治制药有限公司	生产企业/上市许可持有人	drug
GYS0010346	江苏中科拜尔生物科技有限公司	生产企业	consumable
GYS0010347	江苏中科生命科学研究有限公司	生产企业	consumable
GYS0010348	江苏中芯生物科技有限公司	生产企业	consumable
GYS0010349	江苏中邦制药有限公司	生产企业/上市许可持有人	drug
GYS0010350	江苏中雍红瑞制药有限公司	生产企业	drug
GYS0010351	江苏丰艾医疗科技有限公司	生产企业	consumable
GYS0010352	江苏为真生物医药技术股份有限公司	生产企业	consumable
GYS0010353	江苏义倍医疗科技股份有限公司	生产企业	consumable
GYS0010354	江苏乐惠医疗科技有限公司	生产企业	consumable
GYS0010355	江苏乐腾医疗器械科技有限公司	生产企业	consumable
GYS0010356	江苏乐铠生物技术有限公司	生产企业	consumable
GYS0010357	江苏乙文医药技术有限公司	生产企业	consumable
GYS0010358	江苏九丽康医疗用品有限公司	生产企业	consumable
GYS0010359	江苏九旭药业有限公司	生产企业/上市许可持有人	drug
GYS0010360	江苏乾康医疗器械有限公司	生产企业	consumable
GYS0010361	江苏乾泰医疗器械有限公司	生产企业	consumable
GYS0010362	江苏乾瑞医疗器械有限公司	生产企业	consumable
GYS0010363	江苏乾程医疗器械有限公司	生产企业	consumable
GYS0010364	江苏乾鹏科技有限公司	生产企业	consumable
GYS0010365	江苏云仟佰数字科技有限公司	生产企业	consumable
GYS0010366	江苏云阳集团药业有限公司	生产企业/上市许可持有人	drug
GYS0010367	江苏云阳集团药业有限有限公司	生产企业/上市许可持有人	drug
GYS0010368	江苏亚光医疗器械有限公司	生产企业	consumable
GYS0010369	江苏亚华救生装备有限公司	生产企业	consumable
GYS0010370	江苏亚华生物科技工程有限公司	生产企业	consumable
GYS0010371	江苏亚虹医药科技股份有限公司	生产企业/上市许可持有人	drug
GYS0010372	江苏亚达科技集团有限公司	生产企业	consumable
GYS0010373	江苏亚邦强生药业有限公司	生产企业/上市许可持有人	drug
GYS0010374	江苏亚邦爱普森药业有限公司	生产企业/上市许可持有人	drug
GYS0010375	江苏亚邦生缘药业有限公司	生产企业	drug
GYS0010376	江苏京品医疗科技有限公司	生产企业	consumable
GYS0010377	江苏人先医疗科技股份有限公司	生产企业	consumable
GYS0010378	江苏人冠医疗科技有限公司	生产企业	consumable
GYS0010379	江苏仁健医疗用品有限公司	生产企业	consumable
GYS0010380	江苏仝人医疗器械有限公司	生产企业	consumable
GYS0010381	江苏伊凯医疗器械有限公司	生产企业	consumable
GYS0010382	江苏伊士嘉医疗科技有限公司	生产企业	consumable
GYS0010383	江苏众强药业有限公司	生产企业/上市许可持有人	drug
GYS0010384	江苏优创生物医学科技有限公司	生产企业	consumable
GYS0010385	江苏优耐特生物科技有限公司	生产企业	consumable
GYS0010386	江苏伟创医学新技术有限公司	生产企业	consumable
GYS0010387	江苏伟康洁婧医疗器械股份有限公司	生产企业	consumable
GYS0010388	江苏佰润医疗科技有限公司	生产企业	consumable
GYS0010389	江苏佳时泰医药生物科技有限公司	生产企业	consumable
GYS0010390	江苏佳达医疗科技有限公司	生产企业	consumable
GYS0010391	江苏信孚制药有限公司	生产企业/上市许可持有人	drug
GYS0010392	江苏信立康医疗科技有限公司	生产企业	consumable
GYS0010393	江苏信臣医疗器械有限公司	生产企业	consumable
GYS0010394	江苏信迈缝合材料有限公司	生产企业	consumable
GYS0010395	江苏倍锋医疗科技有限公司	生产企业	consumable
GYS0010396	江苏健之缘医械科技有限公司	生产企业	consumable
GYS0010397	江苏健友医疗科技有限公司	生产企业	consumable
GYS0010398	江苏健朗医疗科技股份有限公司	生产企业	consumable
GYS0010399	江苏健来邦医疗器械有限公司	生产企业	consumable
GYS0010400	江苏健瑞宝医疗科技股份有限公司	生产企业	consumable
GYS0010401	江苏健裕健康医疗器械有限公司	生产企业	consumable
GYS0010402	江苏先耀医疗器械有限公司	生产企业	consumable
GYS0010403	江苏先锐医疗器械有限公司	生产企业	consumable
GYS0010404	江苏全红医疗科技有限公司	生产企业	consumable
GYS0010405	江苏兴通生物科技集团有限公司	生产企业	consumable
GYS0010406	江苏冠创医疗科技有限公司	生产企业	consumable
GYS0010407	江苏凌通医疗器械科技有限公司	生产企业	consumable
GYS0010408	江苏凯寿医用器材有限公司	生产企业	consumable
GYS0010409	江苏凯尔特医疗科技有限公司	生产企业	consumable
GYS0010410	江苏创健健康科技有限公司	生产企业	consumable
GYS0010411	江苏创健医疗科技股份有限公司	生产企业	consumable
GYS0010412	江苏创英医疗器械有限公司	生产企业	consumable
GYS0010413	江苏创金医疗科技有限公司	生产企业	consumable
GYS0010414	江苏创铭医疗器械有限公司	生产企业	consumable
GYS0010415	江苏利泰尔药业有限公司	生产企业/上市许可持有人	drug
GYS0010416	江苏力克医疗科技有限公司	生产企业	consumable
GYS0010417	江苏励宏医疗科技有限公司	生产企业	consumable
GYS0010418	江苏华世通生物医药科技有限公司	生产企业/上市许可持有人	drug
GYS0010419	江苏华东医疗器械实业有限公司	生产企业	consumable
GYS0010420	江苏华亘泰来生物科技有限公司	生产企业	consumable
GYS0010421	江苏华冠生物技术股份有限公司	生产企业	consumable
GYS0010422	江苏华友医疗器械有限公司	生产企业	consumable
GYS0010423	江苏华夏医疗器械有限公司	生产企业	consumable
GYS0010424	江苏华夏瑞泰医疗器械有限公司	生产企业	consumable
GYS0010425	江苏华天宝药业有限公司	生产企业/上市许可持有人	drug
GYS0010426	江苏华宏医疗器械有限公司	生产企业	consumable
GYS0010427	江苏华文医疗器械有限公司	生产企业	consumable
GYS0010428	江苏华杨医疗科技有限公司	生产企业	consumable
GYS0010429	江苏华泰医疗器械有限公司	生产企业	consumable
GYS0010430	江苏华泰晨光药业有限公司	生产企业/上市许可持有人	drug
GYS0010431	江苏华瀚医药科技有限公司	生产企业/上市许可持有人	drug
GYS0010432	江苏华灸生物科技有限公司	生产企业	consumable
GYS0010433	江苏华益壹品医疗科技有限公司	生产企业	consumable
GYS0010434	江苏华益科技有限公司	生产企业/上市许可持有人	drug
GYS0010435	江苏华神药业有限公司	生产企业/上市许可持有人	drug
GYS0010436	江苏华达医疗器械有限公司	生产企业	consumable
GYS0010437	江苏华鑫制药有限公司	生产企业/上市许可持有人	drug
GYS0010438	江苏华铭工贸有限公司	生产企业	consumable
GYS0010439	江苏华阳制药有限公司	生产企业/上市许可持有人	drug
GYS0010440	江苏华飞医疗科技有限公司	生产企业	consumable
GYS0010441	江苏卓护生物科技有限公司	生产企业	consumable
GYS0010442	江苏卓朗医疗科技有限公司	生产企业	consumable
GYS0010443	江苏卓羽医疗科技发展有限公司	生产企业	consumable
GYS0010444	江苏卓见医疗用品有限公司	生产企业	consumable
GYS0010445	江苏卓运医学技术有限公司	生产企业	consumable
GYS0010446	江苏南方卫材医药股份有限公司	生产企业	drug,consumable
GYS0010447	江苏博善科技有限公司	生产企业	consumable
GYS0010448	江苏博新医药科技有限公司	生产企业/上市许可持有人	drug
GYS0010449	江苏博朗森思医疗器械有限公司	生产企业	consumable
GYS0010450	江苏博瑞思康生物科技有限公司	生产企业	consumable
GYS0010451	江苏博瑞斯医疗器械有限公司	生产企业	consumable
GYS0010452	江苏卫朗医疗科技有限公司	生产企业	consumable
GYS0010453	江苏厚易医疗器械有限公司	生产企业	consumable
GYS0010454	江苏双盛医疗器械有限公司	生产企业	consumable
GYS0010455	江苏双羊医疗器械有限公司	生产企业	consumable
GYS0010456	江苏台源医疗器械科技有限公司	生产企业	consumable
GYS0010457	江苏吉春医用器材有限公司	生产企业	consumable
GYS0010458	江苏吉瑞达电子有限公司	生产企业	consumable
GYS0010459	江苏吉贝尔药业股份有限公司	生产企业/上市许可持有人	drug
GYS0010460	江苏同人医疗电子科技有限公司	生产企业	consumable
GYS0010461	江苏君临医疗实业有限公司	生产企业	consumable
GYS0010462	江苏君德医疗器械科技有限公司	生产企业	consumable
GYS0010463	江苏启灏医疗科技有限公司	生产企业	consumable
GYS0010464	江苏吴中医药集团有限公司苏州制药厂	生产企业/上市许可持有人	drug
GYS0010465	江苏和晨药业有限公司	生产企业/上市许可持有人	drug
GYS0010466	江苏和美电子科技有限公司	生产企业	consumable
GYS0010467	江苏品德医疗科技有限公司	生产企业	consumable
GYS0010468	江苏唯德康医疗科技有限公司	生产企业	consumable
GYS0010469	江苏喜马拉雅医疗器械有限公司	生产企业	consumable
GYS0010470	江苏嘉奥医疗科技有限公司	生产企业	consumable
GYS0010471	江苏嘉得医疗设备有限公司	生产企业	consumable
GYS0010472	江苏嘉斯康医疗科技有限公司	生产企业	consumable
GYS0010473	江苏嘉逸医药有限公司	生产企业/上市许可持有人	drug
GYS0010474	江苏嘉鼎诚医疗器械有限公司	生产企业	consumable
GYS0010475	江苏四环生物制药有限公司	生产企业/上市许可持有人	drug
GYS0010476	江苏因倍思科技发展有限公司	生产企业	consumable
GYS0010477	江苏国丹生物制药股份有限公司	生产企业/上市许可持有人	drug
GYS0010478	江苏国净环保科技有限公司	生产企业	consumable
GYS0010479	江苏国宸宁泰医疗器械有限公司	生产企业	consumable
GYS0010480	江苏国立医疗器械有限公司	生产企业	consumable
GYS0010481	江苏国艾健康医疗科技有限公司	生产企业	consumable
GYS0010482	江苏图云医疗科技有限公司	生产企业	consumable
GYS0010483	江苏坦途医疗科技有限公司	生产企业	consumable
GYS0010484	江苏壹叁玖医疗器械有限公司	生产企业	consumable
GYS0010485	江苏复旦复华药业有限公司	生产企业/上市许可持有人	drug
GYS0010486	江苏大同盟制药有限公司	生产企业/上市许可持有人	drug
GYS0010487	江苏大红鹰恒顺药业有限公司	生产企业/上市许可持有人	drug
GYS0010488	江苏天一时制药有限公司	生产企业/上市许可持有人	drug
GYS0010489	江苏天佑医用科技有限公司	生产企业	consumable
GYS0010490	江苏天力医疗器械有限公司	生产企业	consumable
GYS0010491	江苏天协医疗器械有限公司	生产企业	consumable
GYS0010492	江苏天启医疗科技有限公司	生产企业	consumable
GYS0010493	江苏天士力帝益药业有限公司	生产企业/上市许可持有人	drug
GYS0010494	江苏天峰影像技术有限公司	生产企业	consumable
GYS0010495	江苏天普瑞医疗器械有限公司	生产企业	consumable
GYS0010496	江苏天济药业有限公司	生产企业	drug
GYS0010497	江苏天章医用卫生新材料股份有限公司	生产企业	consumable
GYS0010498	江苏天邦医疗科技股份有限公司	生产企业	consumable
GYS0010499	江苏奇力康皮肤药业有限公司	生产企业	consumable
GYS0010500	江苏奕龙微创医疗科技有限公司	生产企业	consumable
GYS0010501	江苏奥伯斯医疗科技有限公司	生产企业	consumable
GYS0010502	江苏奥博金医药科技有限公司	生产企业	consumable
GYS0010503	江苏奥普莱医疗用品有限公司	生产企业	consumable
GYS0010504	江苏奥珂普医疗器械有限公司	生产企业	consumable
GYS0010505	江苏奥的特生物技术有限公司	生产企业	consumable
GYS0010506	江苏奥赛康药业有限公司	生产企业/上市许可持有人	drug
GYS0010507	江苏好美德医疗器械有限公司	生产企业	consumable
GYS0010508	江苏威克斯医疗科技有限公司	生产企业	consumable
GYS0010509	江苏威普森医疗器械有限公司	生产企业	consumable
GYS0010510	江苏威茂医疗科技有限公司	生产企业	consumable
GYS0010511	江苏宇力医疗器械有限公司	生产企业	consumable
GYS0010512	江苏宇杰医疗器械有限公司	生产企业	consumable
GYS0010513	江苏宇阳医疗器械有限公司	生产企业	consumable
GYS0010514	江苏安创医疗科技有限公司	生产企业	consumable
GYS0010515	江苏安宁医疗器械有限公司	生产企业	consumable
GYS0010516	江苏安必生制药有限公司	生产企业/上市许可持有人	drug
GYS0010517	江苏安惠医疗器械有限公司	生产企业	consumable
GYS0010518	江苏安格尔医疗器械有限公司	生产企业	consumable
GYS0010519	江苏安欣医疗科技有限公司	生产企业	consumable
GYS0010520	江苏安泰康健康科技有限公司	生产企业	consumable
GYS0010521	江苏安特尔医疗科技有限公司	生产企业	consumable
GYS0010522	江苏安诺医疗科技有限公司	生产企业	consumable
GYS0010523	江苏安诺锐科医疗器械有限公司	生产企业	consumable
GYS0010524	江苏宏微特斯医药科技有限公司	生产企业	consumable
GYS0010525	江苏宏鑫医疗科技有限公司	生产企业	consumable
GYS0010526	江苏宝卫士生物科技有限公司	生产企业	consumable
GYS0010527	江苏宝多利亚医疗科技有限公司	生产企业	consumable
GYS0010528	江苏宝姿实业有限公司	生产企业	consumable
GYS0010529	江苏宝芝林医疗科技有限公司	生产企业	consumable
GYS0010530	江苏客乐医用器械有限公司	生产企业	consumable
GYS0010531	江苏宣大生物技术有限公司	生产企业	ivd
GYS0010532	江苏宣泰药业有限公司	生产企业/上市许可持有人	drug
GYS0010533	江苏富之岛美安纺织品科技有限公司	生产企业	consumable
GYS0010534	江苏富林医疗设备有限公司	生产企业	consumable
GYS0010535	江苏富科思科技有限公司	生产企业	consumable
GYS0010536	江苏寒武纪医疗设备有限公司	生产企业	consumable
GYS0010537	江苏小林制药有限公司	生产企业/上市许可持有人	drug
GYS0010538	江苏小菌生物科技有限公司	生产企业	consumable
GYS0010539	江苏尚美医疗器械有限公司	生产企业	consumable
GYS0010540	江苏尼科医疗器械有限公司	生产企业	consumable
GYS0010541	江苏居和科技有限公司	生产企业	consumable
GYS0010542	江苏岑康医疗科技有限公司	生产企业	consumable
GYS0010543	江苏岷海制药股份有限公司	生产企业/上市许可持有人	drug
GYS0010544	江苏崇恒医疗科技有限公司	生产企业	consumable
GYS0010545	江苏工匠医疗技术有限公司	生产企业	consumable
GYS0010546	江苏巨光生物科技有限公司	生产企业	consumable
GYS0010547	江苏希波医疗科技有限公司	生产企业	consumable
GYS0010548	江苏帕科医疗股份有限公司	生产企业	consumable
GYS0010549	江苏常美医疗器械有限公司	生产企业	consumable
GYS0010550	江苏平光信谊(焦作)中药有限公司	生产企业/上市许可持有人	drug
GYS0010551	江苏平光制药(焦作)有限公司	生产企业/上市许可持有人	drug
GYS0010552	江苏平光制药有限责任公司	生产企业	drug
GYS0010553	江苏平安医疗器械有限公司	生产企业	consumable
GYS0010554	江苏平瑞医疗科技有限公司	生产企业	consumable
GYS0010555	江苏广承药业有限公司	生产企业/上市许可持有人	drug
GYS0010556	江苏广森医疗设备有限公司	生产企业	consumable
GYS0010557	江苏广益医用敷料有限公司	生产企业	consumable
GYS0010558	江苏广达医材集团有限公司	生产企业	consumable
GYS0010559	江苏庆虹医疗用品有限公司	生产企业	consumable
GYS0010560	江苏康为世纪生物科技股份有限公司	生产企业	consumable
GYS0010561	江苏康久安医疗器械有限公司	生产企业	consumable
GYS0010562	江苏康乐医疗器械有限公司	生产企业	consumable
GYS0010563	江苏康倍鑫医疗科技有限公司	生产企业	consumable
GYS0010564	江苏康健医疗用品有限公司	生产企业	consumable
GYS0010565	江苏康健华医疗用品有限公司	生产企业	consumable
GYS0010566	江苏康友医用器械有限公司	生产企业	consumable
GYS0010567	江苏康宝医疗器械有限公司	生产企业	consumable
GYS0010568	江苏康康医疗器械有限公司	生产企业	consumable
GYS0010569	江苏康捷医疗器械有限公司	生产企业	consumable
GYS0010570	江苏康普生物医药科技有限公司	生产企业	consumable
GYS0010571	江苏康林贝医疗器械有限公司	生产企业	consumable
GYS0010572	江苏康生源医学科技有限公司	生产企业	consumable
GYS0010573	江苏康百年医疗科技有限公司	生产企业	consumable
GYS0010574	江苏康盛数字医疗科技有限公司	生产企业	consumable
GYS0010575	江苏康禾生物制药有限公司	生产企业/上市许可持有人	drug
GYS0010576	江苏康策生物科技有限公司	生产企业	consumable
GYS0010577	江苏康缘药业股份有限公司	生产企业/上市许可持有人	drug
GYS0010578	江苏康缘阳光药业有限公司	生产企业/上市许可持有人	drug
GYS0010579	江苏康美制药有限公司	生产企业/上市许可持有人	drug
GYS0010580	江苏康视佳医疗器械有限公司	生产企业	consumable
GYS0010581	江苏康诺医疗器械股份有限公司	生产企业	consumable
GYS0010582	江苏康赛医疗器械科技有限公司	生产企业	consumable
GYS0010583	江苏康进医疗器材有限公司	生产企业	consumable
GYS0010584	江苏康麟医疗科技有限公司	生产企业	consumable
GYS0010585	江苏开源康达医疗器械有限公司	生产企业	consumable
GYS0010586	江苏弗克立医疗科技有限公司	生产企业	consumable
GYS0010587	江苏弘大医药科技发展有限公司	生产企业	consumable
GYS0010588	江苏弘爱医疗科技有限公司	生产企业	consumable
GYS0010589	江苏弘生生物工程有限公司	生产企业	consumable
GYS0010590	江苏弥迪柯斯医疗器械有限公司	生产企业	consumable
GYS0010591	江苏强圣医疗科技有限公司	生产企业	consumable
GYS0010592	江苏弼圣医疗科技有限公司	生产企业	consumable
GYS0010593	江苏彦扬医疗科技有限公司	生产企业	consumable
GYS0010594	江苏微控生物科技有限公司	生产企业	consumable
GYS0010595	江苏德威兰医疗器械股份有限公司	生产企业	consumable
GYS0010596	江苏德尔福医疗器械有限公司	生产企业	consumable
GYS0010597	江苏德康医疗器械有限公司	生产企业	consumable
GYS0010598	江苏德恒医疗科技有限公司	生产企业	consumable
GYS0010599	江苏德源药业股份有限公司	生产企业/上市许可持有人	drug
GYS0010600	江苏德长医疗科技有限公司	生产企业	consumable
GYS0010601	江苏必易生物科技有限公司	生产企业/上市许可持有人	drug
GYS0010602	江苏必杰生物医药有限公司	生产企业	consumable
GYS0010603	江苏快领生物科技有限公司	生产企业	consumable
GYS0010604	江苏思麦尔生命科技有限公司	生产企业	consumable
GYS0010605	江苏怡龙医疗科技有限公司	生产企业	consumable
GYS0010606	江苏恒健医疗器械有限公司	生产企业	consumable
GYS0010607	江苏恒新药业有限公司	生产企业/上市许可持有人	drug
GYS0010608	江苏恒旭医疗科技有限公司	生产企业	consumable
GYS0010609	江苏恒沣药业有限公司	生产企业	drug
GYS0010610	江苏恒瑞医药股份有限公司	生产企业/上市许可持有人	drug,consumable
GYS0010611	江苏恒舟医疗设备有限公司	生产企业	consumable
GYS0010612	江苏恩华药业股份有限公司	生产企业/上市许可持有人	drug,consumable
GYS0010613	江苏恩华赛德药业有限责任公司	生产企业/上市许可持有人	drug
GYS0010614	江苏恩泽医疗器械有限公司	生产企业	consumable
GYS0010615	江苏悦兴医药技术有限公司	生产企业/上市许可持有人	drug
GYS0010616	江苏悦兴药业有限公司	生产企业/上市许可持有人	drug
GYS0010617	江苏悦峰达医疗科技有限公司	生产企业	consumable
GYS0010618	江苏悦达健康科技有限公司	生产企业	consumable
GYS0010619	江苏惠骨医疗器械有限公司	生产企业	consumable
GYS0010620	江苏慧呼吸医疗科技有限公司	生产企业	consumable
GYS0010621	江苏慧高药业有限公司	生产企业/上市许可持有人	drug
GYS0010622	江苏慷跃医疗科技有限公司	生产企业	consumable
GYS0010623	江苏扬云医疗器械有限公司	生产企业	consumable
GYS0010624	江苏扬子江医疗科技股份有限公司	生产企业	consumable
GYS0010625	江苏摩技医疗科技有限公司	生产企业	consumable
GYS0010626	江苏斯微特医药科技有限公司	生产企业	consumable
GYS0010627	江苏新康医疗器械有限公司	生产企业	consumable
GYS0010628	江苏新智浩医疗科技有限公司	生产企业	consumable
GYS0010629	江苏新智源医学科技有限公司	生产企业	consumable
GYS0010630	江苏新法奥医疗科技有限公司	生产企业	consumable
GYS0010631	江苏新海康制药有限公司	生产企业	drug
GYS0010632	江苏新进医疗器械有限公司	生产企业	consumable
GYS0010633	江苏昊普生物医学科技有限公司	生产企业	consumable
GYS0010634	江苏昌吉永生物科技股份有限公司	生产企业	consumable
GYS0010635	江苏明圣康源药业有限公司	生产企业/上市许可持有人	drug
GYS0010636	江苏明朗医疗器械科技有限公司	生产企业	consumable
GYS0010637	江苏明源堂医疗器械有限公司	生产企业	consumable
GYS0010638	江苏昕晨医疗科技有限公司	生产企业	consumable
GYS0010639	江苏星米医疗科技有限公司	生产企业	consumable
GYS0010640	江苏映山红医疗器械有限公司	生产企业	consumable
GYS0010641	江苏春帆生物科技有限公司	生产企业	consumable
GYS0010642	江苏昱安生物科技有限公司	生产企业	consumable
GYS0010643	江苏昱邦医械科技有限公司	生产企业	consumable
GYS0010644	江苏晓创医疗科技有限公司	生产企业	consumable
GYS0010645	江苏晖铭医疗器械有限公司	生产企业	consumable
GYS0010646	江苏晨牌药业集团股份有限公司	生产企业/上市许可持有人	drug
GYS0010647	江苏晨牌邦德药业有限公司	生产企业/上市许可持有人	drug
GYS0010648	江苏普仁新材料科技有限公司	生产企业	consumable
GYS0010649	江苏普力优创科技有限公司	生产企业	consumable
GYS0010650	江苏普华克胜药业有限公司	生产企业	drug
GYS0010651	江苏普罗诺生物科技有限公司	生产企业	consumable
GYS0010652	江苏普适医药有限公司	生产企业/上市许可持有人	drug
GYS0010653	江苏景怡医疗科技有限公司	生产企业	consumable
GYS0010654	江苏景晨医疗科技有限公司	生产企业	consumable
GYS0010655	江苏景润医疗器械有限公司	生产企业	consumable
GYS0010656	江苏暖阳医疗器械有限公司	生产企业	consumable
GYS0010657	江苏曼威药业有限公司	生产企业	consumable
GYS0010658	江苏朗欧药业有限公司	生产企业/上市许可持有人	drug
GYS0010659	江苏朗沁生物有限公司	生产企业	consumable
GYS0010660	江苏朗沁科技有限公司	生产企业	consumable
GYS0010661	江苏朗生生命科技有限公司	生产企业	consumable
GYS0010662	江苏朝乾医疗科技有限公司	生产企业	consumable
GYS0010663	江苏朴芃医疗科技有限公司	生产企业	consumable
GYS0010664	江苏杜瑞制药有限公司	生产企业/上市许可持有人	drug
GYS0010665	江苏杰瑞医疗技术有限公司	生产企业/上市许可持有人	drug,consumable
GYS0010666	江苏松德生物科技有限公司	生产企业	consumable
GYS0010667	江苏松泽医疗科技有限公司	生产企业	consumable
GYS0010668	江苏林仕康医疗器械有限公司	生产企业	consumable
GYS0010669	江苏林源医疗科技有限公司	生产企业	consumable
GYS0010670	江苏柏联医疗科技有限公司	生产企业	consumable
GYS0010671	江苏柯汇医疗科技有限公司	生产企业	consumable
GYS0010672	江苏柯润玺医疗科技发展有限公司	生产企业	consumable
GYS0010673	江苏柯菲平医药股份有限公司	生产企业/上市许可持有人	drug
GYS0010674	江苏格里特医疗科技有限公司	生产企业	consumable
GYS0010675	江苏梅兰医疗器械有限公司	生产企业	consumable
GYS0010676	江苏梦康生物科技有限公司	生产企业	consumable
GYS0010677	江苏梵香医疗科技有限公司	生产企业	consumable
GYS0010678	江苏欣力元生物制药有限公司	生产企业/上市许可持有人	drug
GYS0010679	江苏正丰医疗科技有限公司	生产企业	consumable
GYS0010680	江苏正大丰海制药有限公司	生产企业/上市许可持有人	drug
GYS0010681	江苏正大天创生物工程有限公司	生产企业	consumable
GYS0010682	江苏正大清江制药有限公司	生产企业/上市许可持有人	drug
GYS0010683	江苏水木天蓬科技有限公司	生产企业	consumable
GYS0010684	江苏永乐医疗科技有限公司	生产企业	consumable
GYS0010685	江苏永安智慧医疗科技有限公司	生产企业	consumable
GYS0010686	江苏求恒医疗器械有限公司	生产企业	consumable
GYS0010687	江苏汇先医药技术有限公司	生产企业	consumable
GYS0010688	江苏汇森医疗科技有限公司	生产企业	consumable
GYS0010689	江苏汇诚医疗科技有限公司	生产企业	consumable
GYS0010690	江苏汇锦然医疗器械有限公司	生产企业	consumable
GYS0010691	江苏汉卓医疗科技有限公司	生产企业	consumable
GYS0010692	江苏汉晨药业有限公司	生产企业/上市许可持有人	drug
GYS0010693	江苏汉美科技有限公司	生产企业	consumable
GYS0010694	江苏汉药医疗器械有限公司	生产企业	consumable
GYS0010695	江苏江丰医药科技有限公司	生产企业/上市许可持有人	drug
GYS0010696	江苏江扬特种橡塑制品有限公司	生产企业	consumable
GYS0010697	江苏沃兴生物科技有限公司	生产企业	consumable
GYS0010698	江苏沥泽生化科技有限公司	生产企业	consumable
GYS0010699	江苏沪祥医疗器械有限公司	生产企业	consumable
GYS0010700	江苏治宇医疗器材有限责任公司	生产企业	consumable
GYS0010701	江苏泓正医疗科技有限公司	生产企业	consumable
GYS0010702	江苏泓越数科医疗科技有限公司	生产企业	consumable
GYS0010703	江苏法得欧医疗器械科技有限公司	生产企业	consumable
GYS0010704	江苏泰威影像科技有限公司	生产企业	consumable
GYS0010705	江苏泰康生物医药有限公司	生产企业/上市许可持有人	drug
GYS0010706	江苏泰德医药有限公司	生产企业	consumable
GYS0010707	江苏泰洋医疗集团有限公司	生产企业	consumable
GYS0010708	江苏泰济生物科技有限公司	生产企业	consumable
GYS0010709	江苏泰科医疗科技有限公司	生产企业	consumable
GYS0010710	江苏泰科博曼医疗器械有限公司	生产企业	consumable
GYS0010711	江苏泽康医疗科技有限公司	生产企业	consumable
GYS0010712	江苏泽睿达医疗科技有限公司	生产企业	consumable
GYS0010713	江苏洁新医疗器械有限公司	生产企业	consumable
GYS0010714	江苏济诺生物科技有限公司	生产企业	consumable
GYS0010715	江苏济远医疗科技有限公司	生产企业	consumable
GYS0010716	江苏浦金药业有限公司	生产企业/上市许可持有人	drug
GYS0010717	江苏浩邦医疗科技有限公司	生产企业	consumable
GYS0010718	江苏海伦隐形眼镜有限公司	生产企业	consumable
GYS0010719	江苏海奥思医械科技有限公司	生产企业	consumable
GYS0010720	江苏海宏制药有限公司	生产企业/上市许可持有人	drug
GYS0010721	江苏海岸药业有限公司	生产企业/上市许可持有人	drug
GYS0010722	江苏海德医学科技股份有限公司	生产企业	consumable
GYS0010723	江苏海昇药业有限公司	生产企业/上市许可持有人	drug
GYS0010724	江苏海智生物医药有限公司	生产企业	consumable
GYS0010725	江苏海泽医疗科技发展有限公司	生产企业	consumable
GYS0010726	江苏海莱新创医疗科技有限公司	生产企业	consumable
GYS0010727	江苏涟水制药有限公司	生产企业/上市许可持有人	drug
GYS0010728	江苏润洁生物科技有限公司	生产企业	consumable
GYS0010729	江苏润邦药业有限公司	生产企业/上市许可持有人	drug
GYS0010730	江苏淮安双鹤药业有限责任公司	生产企业/上市许可持有人	drug
GYS0010731	江苏淳朿医疗科技有限公司	生产企业	consumable
GYS0010732	江苏源隆医疗科技有限公司	生产企业	consumable
GYS0010733	江苏瀚仁生物科技有限公司	生产企业	consumable
GYS0010734	江苏瀚雅医疗科技有限公司	生产企业	consumable
GYS0010735	江苏爱华泰克医疗器械有限公司	生产企业	consumable
GYS0010736	江苏爱厚朴医疗器械有限公司	生产企业	consumable
GYS0010737	江苏爱尔法医疗科技有限公司	生产企业	consumable
GYS0010738	江苏爱护佳健康科技有限公司	生产企业	consumable
GYS0010739	江苏爱朋医疗科技股份有限公司	生产企业	consumable
GYS0010740	江苏爱芮斯医疗科技有限责任公司	生产企业	consumable
GYS0010741	江苏牙宝宝医疗器械有限公司	生产企业	consumable
GYS0010742	江苏特普优微创医疗科技有限公司	生产企业	consumable
GYS0010743	江苏独角兽电子科技有限公司	生产企业	consumable
GYS0010744	江苏玉尊医用眼镜有限公司	生产企业	consumable
GYS0010745	江苏瑞上医疗器械有限公司	生产企业	consumable
GYS0010746	江苏瑞京科技发展有限公司	生产企业	consumable
GYS0010747	江苏瑞克健康科技股份有限公司	生产企业	consumable
GYS0010748	江苏瑞力博医疗器械科技有限公司	生产企业	consumable
GYS0010749	江苏瑞安贝医疗器械有限公司	生产企业	consumable
GYS0010750	江苏瑞尔医疗科技有限公司	生产企业	consumable
GYS0010751	江苏瑞年前进制药有限公司	生产企业/上市许可持有人	drug
GYS0010752	江苏瑞晟医疗器械有限公司	生产企业	consumable
GYS0010753	江苏瑞普医疗器械科技有限公司	生产企业	consumable
GYS0010754	江苏瑞燊医疗科技有限公司	生产企业	consumable
GYS0010755	江苏瑞辅达医疗器械有限公司	生产企业	consumable
GYS0010756	江苏瑞阳医疗科技有限公司	生产企业	consumable
GYS0010757	江苏申思生物科技有限公司	生产企业	consumable
GYS0010758	江苏畅医达医疗科技有限公司	生产企业	consumable
GYS0010759	江苏百世诺医疗科技有限公司	生产企业	consumable
GYS0010760	江苏百优达生命科技有限公司	生产企业	consumable
GYS0010761	江苏百宁盈创医疗科技有限公司	生产企业	consumable
GYS0010762	江苏百易得医疗科技有限公司	生产企业	consumable
GYS0010763	江苏百春医疗器械有限公司	生产企业	consumable
GYS0010764	江苏百益制药有限公司	生产企业	drug
GYS0010765	江苏百纳医疗科技有限公司	生产企业	consumable
GYS0010766	江苏百草堂药业有限公司	生产企业/上市许可持有人	drug
GYS0010767	江苏百诺医疗科技有限公司	生产企业	consumable
GYS0010768	江苏百赛飞生物科技有限公司	生产企业	consumable
GYS0010769	江苏盈科生物制药有限公司	生产企业/上市许可持有人	drug
GYS0010770	江苏益仁堂生物科技有限公司	生产企业	consumable
GYS0010771	江苏益通生物科技有限公司	生产企业	consumable
GYS0010772	江苏盛扬医疗科技有限公司	生产企业	consumable
GYS0010773	江苏盛玛特新材料科技有限公司	生产企业	consumable
GYS0010774	江苏盛纳凯尔医用科技有限公司	生产企业	consumable
GYS0010775	江苏省华星医疗器械实业有限公司	生产企业	consumable
GYS0010776	江苏省永宁医疗器械有限公司	生产企业	consumable
GYS0010777	江苏省长丰医疗实业有限公司	生产企业	consumable
GYS0010778	江苏真由美生物科技有限公司	生产企业	consumable
GYS0010779	江苏睿实生物科技有限公司	生产企业/上市许可持有人	drug
GYS0010780	江苏瞬康医疗科技有限公司	生产企业	consumable
GYS0010781	江苏知原药业有限公司	生产企业/上市许可持有人	drug
GYS0010782	江苏知原药业股份有限公司	生产企业/上市许可持有人	drug,consumable
GYS0010783	江苏硕世生物科技股份有限公司	生产企业	consumable
GYS0010784	江苏磐宇科技有限公司	生产企业	consumable
GYS0010785	江苏礼乐医疗科技有限公司	生产企业	consumable
GYS0010786	江苏神力医用制品有限公司	生产企业	consumable
GYS0010787	江苏神华药业有限公司	生产企业/上市许可持有人	drug
GYS0010788	江苏神曲医药有限公司	生产企业	consumable
GYS0010789	江苏神龙药业有限公司	生产企业/上市许可持有人	drug
GYS0010790	江苏神龙药业股份有限公司	生产企业	drug
GYS0010791	江苏祥瑞药业有限公司	生产企业/上市许可持有人	drug
GYS0010792	江苏祥祐医疗器械有限公司	生产企业	consumable
GYS0010793	江苏福瑞科技有限公司	生产企业	consumable
GYS0010794	江苏福邦药业有限公司	生产企业/上市许可持有人	drug
GYS0010795	江苏福隆数齿科技有限公司	生产企业	consumable
GYS0010796	江苏禾川医疗有限公司	生产企业	consumable
GYS0010797	江苏科仪生物科技工程有限公司	生产企业	consumable
GYS0010798	江苏科创医疗用品有限公司	生产企业	consumable
GYS0010799	江苏科华医疗器械科技有限公司	生产企业	consumable
GYS0010800	江苏科威琦医学科技有限公司	生产企业	consumable
GYS0010801	江苏科智药业有限公司	生产企业	consumable
GYS0010802	江苏科来雅生物医药有限公司	生产企业	consumable
GYS0010803	江苏科英生物科技有限公司	生产企业	consumable
GYS0010804	江苏科邦生物科技有限公司	生产企业	consumable
GYS0010805	江苏立峰生物科技有限公司	生产企业	consumable
GYS0010806	江苏立森医疗科技有限公司	生产企业	consumable
GYS0010807	江苏米沙瓦医疗用品有限公司	生产企业	consumable
GYS0010808	江苏纳海生物科技有限公司	生产企业	consumable
GYS0010809	江苏统宇地医疗科技有限公司	生产企业	consumable
GYS0010810	江苏维尔康医疗科技有限公司	生产企业	consumable
GYS0010811	江苏美佳康生物科技有限公司	生产企业	consumable
GYS0010812	江苏美克医学技术有限公司	生产企业	consumable
GYS0010813	江苏美天药业有限公司	生产企业/上市许可持有人	drug
GYS0010814	江苏美普特医疗用品有限公司	生产企业	consumable
GYS0010815	江苏美梵生物科技有限公司	生产企业	consumable
GYS0010816	江苏美舜生物科技有限公司	生产企业	consumable
GYS0010817	江苏美通制药有限公司	生产企业/上市许可持有人	drug
GYS0010818	江苏翊博雷明医疗科技有限公司	生产企业	consumable
GYS0010819	江苏耀华医疗器械科技有限公司	生产企业	consumable
GYS0010820	江苏耀海生物制药有限公司	生产企业	consumable
GYS0010821	江苏联晟医疗器械有限公司	生产企业	consumable
GYS0010822	江苏联环医疗科技有限公司	生产企业	consumable
GYS0010823	江苏联环药业股份有限公司	生产企业/上市许可持有人	drug
GYS0010824	江苏聚晨医学科技有限公司	生产企业	consumable
GYS0010825	江苏聚能医疗器械有限公司	生产企业	consumable
GYS0010826	江苏聚荣制药集团有限公司	生产企业/上市许可持有人	drug
GYS0010827	江苏聚锦生物医疗科技有限责任公司	生产企业	consumable
GYS0010828	江苏脉动医疗器械科技有限公司	生产企业	consumable
GYS0010829	江苏臣诺医疗器械有限公司	生产企业	consumable
GYS0010830	江苏艾为康医疗器械科技有限公司	生产企业	consumable
GYS0010831	江苏艾博得医疗器械有限公司	生产企业	consumable
GYS0010832	江苏艾唯德生物科技有限公司	生产企业	consumable
GYS0010833	江苏艾泽生物科技有限公司	生产企业	consumable
GYS0010834	江苏艾迪尔医疗科技股份有限公司	生产企业	consumable
GYS0010835	江苏艾迪药业股份有限公司	生产企业/上市许可持有人	drug
GYS0010836	江苏芸众医疗科技有限公司	生产企业	consumable
GYS0010837	江苏苏中药业集团医疗器械有限公司	生产企业	consumable
GYS0010838	江苏苏中药业集团医药有限公司	生产企业	consumable
GYS0010839	江苏苏中药业集团生物制药有限公司	生产企业/上市许可持有人	drug
GYS0010840	江苏苏中药业集团股份有限公司	生产企业	drug
GYS0010841	江苏苏云众康医疗器材有限公司	生产企业	consumable
GYS0010842	江苏苏云医疗器材有限公司	生产企业	consumable
GYS0010843	江苏苏伯纳生物科技有限公司	生产企业	consumable
GYS0010844	江苏苏医医疗器械有限公司	生产企业	consumable
GYS0010845	江苏苏南药业实业有限公司	生产企业/上市许可持有人	drug
GYS0010846	江苏苏新医疗设备有限公司	生产企业	consumable
GYS0010847	江苏苏盐医疗科技有限公司	生产企业	consumable
GYS0010848	江苏苏盾生物医学科技有限公司	生产企业	consumable
GYS0010849	江苏苏高医疗器械有限公司	生产企业	consumable
GYS0010850	江苏若尧医疗装备有限公司	生产企业	consumable
GYS0010851	江苏英沃泰生物技术有限公司	生产企业	consumable
GYS0010852	江苏英特瑞医疗科技有限公司	生产企业	consumable
GYS0010853	江苏英科医疗制品有限公司	生产企业	consumable
GYS0010854	江苏英诺华医疗技术有限公司	生产企业	consumable
GYS0010855	江苏茂业医用眼镜有限公司	生产企业	consumable
GYS0010856	江苏荣业科技有限公司	生产企业	consumable
GYS0010857	江苏荣孚康医疗器械有限公司	生产企业	consumable
GYS0010858	江苏荷普医疗科技股份有限公司	生产企业	consumable
GYS0010859	江苏莱尔生物医药科技有限公司	生产企业	consumable
GYS0010860	江苏莱美齿科有限公司	生产企业	consumable
GYS0010861	江苏莹华生物制药有限公司	生产企业	consumable
GYS0010862	江苏萨格瑞尔医疗科技有限公司	生产企业	consumable
GYS0010863	江苏萨瑞斯医疗科技有限公司	生产企业	consumable
GYS0010864	江苏蓝湾生物科技有限公司	生产企业	consumable
GYS0010865	江苏融昱药业有限公司	生产企业/上市许可持有人	drug
GYS0010866	江苏西宏生物医药有限公司	生产企业	consumable
GYS0010867	江苏西臣奥勒医疗科技有限公司	生产企业	consumable
GYS0010868	江苏视准医疗器械有限公司	生产企业	consumable
GYS0010869	江苏诚品生物科技有限公司	生产企业	consumable
GYS0010870	江苏诚康药业有限公司	生产企业/上市许可持有人	drug
GYS0010871	江苏诚普医疗器械有限公司	生产企业	consumable
GYS0010872	江苏诺依美生物科技发展有限公司	生产企业	consumable
GYS0010873	江苏诺泰澳赛诺生物制药股份有限公司	生产企业/上市许可持有人	drug
GYS0010874	江苏诺瑞思医疗器械有限公司	生产企业	consumable
GYS0010875	江苏诺瓦立医疗用品有限公司	生产企业	consumable
GYS0010876	江苏豪悦实业有限公司	生产企业	consumable
GYS0010877	江苏豪森药业集团有限公司	生产企业/上市许可持有人	drug
GYS0010878	江苏贝佳制药有限公司	生产企业/上市许可持有人	drug
GYS0010879	江苏贝美医疗科技有限公司	生产企业	consumable
GYS0010880	江苏费升医疗器械有限责任公司	生产企业	consumable
GYS0010881	江苏费森尤斯医药用品有限公司	生产企业/上市许可持有人	drug,consumable
GYS0010882	江苏赛哲瑞医疗设备有限公司	生产企业	consumable
GYS0010883	江苏赛腾医疗科技有限公司	生产企业	consumable
GYS0010884	江苏跃海医疗科技有限公司	生产企业	consumable
GYS0010885	江苏辉翔医疗器械有限公司	生产企业	consumable
GYS0010886	江苏辰宇医疗器械有限公司	生产企业	consumable
GYS0010887	江苏达亚生技医药有限公司	生产企业	consumable
GYS0010888	江苏达伯药业有限公司	生产企业	consumable
GYS0010889	江苏达胜伦比亚生物科技有限公司	生产企业	consumable
GYS0010890	江苏达胜医疗科技有限公司	生产企业	consumable
GYS0010891	江苏迈克医疗用品有限公司	生产企业	consumable
GYS0010892	江苏迈创医疗器械有限公司	生产企业	consumable
GYS0010893	江苏迈德乐医疗科技有限公司	生产企业	consumable
GYS0010894	江苏迈桀德医疗科技有限公司	生产企业	consumable
GYS0010895	江苏迈硕医疗科技有限公司	生产企业	consumable
GYS0010896	江苏迈象医疗器械开发有限公司	生产企业	consumable
GYS0010897	江苏迈邦生物科技有限公司	生产企业	consumable
GYS0010898	江苏迈骏医疗科技有限公司	生产企业	consumable
GYS0010899	江苏远恒药业有限公司	生产企业/上市许可持有人	drug,consumable
GYS0010900	江苏远燕医疗设备有限公司	生产企业	consumable
GYS0010901	江苏远闻科技有限公司	生产企业	consumable
GYS0010902	江苏迪优医药科技有限公司	生产企业	consumable
GYS0010903	江苏迪沃生物制品有限公司	生产企业	consumable
GYS0010904	江苏迪赛诺制药有限公司	生产企业/上市许可持有人	drug
GYS0010905	江苏通恒医疗制品有限公司	生产企业	consumable
GYS0010906	江苏通达医疗器械有限公司	生产企业	consumable
GYS0010907	江苏邦盛振业医疗器械有限公司	生产企业	consumable
GYS0010908	江苏邦缘医疗科技有限公司	生产企业	consumable
GYS0010909	江苏采纳医疗科技有限公司	生产企业	consumable
GYS0010910	江苏金丝利药业股份有限公司	生产企业/上市许可持有人	drug
GYS0010911	江苏金塔药业有限公司	生产企业	consumable
GYS0010912	江苏金泰医疗器械有限公司	生产企业	consumable
GYS0010913	江苏金迪克生物技术股份有限公司	生产企业/上市许可持有人	drug
GYS0010914	江苏金鹿集团医疗器械有限公司	生产企业	consumable
GYS0010915	江苏鑫境医疗科技有限公司	生产企业	consumable
GYS0010916	江苏鑫缘医疗科技有限公司	生产企业	consumable
GYS0010917	江苏钧越医疗科技有限公司	生产企业	consumable
GYS0010918	江苏钱璟医疗器械有限公司	生产企业	consumable
GYS0010919	江苏铭域智能科技有限公司	生产企业	consumable
GYS0010920	江苏铭盛医疗科技有限公司	生产企业	consumable
GYS0010921	江苏锐天医疗科技有限公司	生产企业	consumable
GYS0010922	江苏锭远义齿有限公司	生产企业	consumable
GYS0010923	江苏镐泽医疗科技有限公司	生产企业	consumable
GYS0010924	江苏镜仁堂光学眼镜科技有限公司	生产企业	consumable
GYS0010925	江苏长城医疗器械有限公司	生产企业	consumable
GYS0010926	江苏长城润致医疗科技有限公司	生产企业	consumable
GYS0010927	江苏长寿棒科技有限公司	生产企业	consumable
GYS0010928	江苏长江药业有限公司	生产企业/上市许可持有人	drug
GYS0010929	江苏长泰药业股份有限公司	生产企业/上市许可持有人	drug,consumable
GYS0010930	江苏阳生生物股份有限公司	生产企业	consumable
GYS0010931	江苏陆佰号医疗器械有限公司	生产企业	consumable
GYS0010932	江苏隆泰丰医疗器械有限公司	生产企业	consumable
GYS0010933	江苏雅凯医疗科技有限公司	生产企业	consumable
GYS0010934	江苏雅邦医疗器械有限公司	生产企业	consumable
GYS0010935	江苏霆升科技有限公司	生产企业	consumable
GYS0010936	江苏韦立生物科技有限公司	生产企业	consumable
GYS0010937	江苏顺安医疗科技有限公司	生产企业	consumable
GYS0010938	江苏颂尼医疗科技有限公司	生产企业	consumable
GYS0010939	江苏领航数字科技有限公司	生产企业	consumable
GYS0010940	江苏颐海药业有限责任公司	生产企业/上市许可持有人	drug
GYS0010941	江苏风和医疗器材股份有限公司	生产企业	consumable
GYS0010942	江苏飞宇医疗器械有限公司	生产企业	consumable
GYS0010943	江苏飞航医疗器械科技有限公司	生产企业	consumable
GYS0010944	江苏飞马药业有限公司	生产企业/上市许可持有人	drug
GYS0010945	江苏马尔斯生物科技有限公司	生产企业	consumable
GYS0010946	江苏高信医疗器械有限公司	生产企业	consumable
GYS0010947	江苏鱼跃凯立特生物科技有限公司	生产企业	ivd
GYS0010948	江苏鱼跃医疗设备股份有限公司	生产企业	consumable
GYS0010949	江苏鸿凯医疗科技有限公司	生产企业	consumable
GYS0010950	江苏鹏鹞药业有限公司	生产企业/上市许可持有人	drug
GYS0010951	江苏鹰伟生物科技有限公司	生产企业	consumable
GYS0010952	江苏鹿得医疗电子股份有限公司	生产企业	consumable
GYS0010953	江苏麦得科生物科技有限公司	生产企业	consumable
GYS0010954	江苏黄河药业股份有限公司	生产企业/上市许可持有人	drug
GYS0010955	江苏默乐生物科技股份有限公司	生产企业	consumable
GYS0010956	江苏默恩实业有限公司	生产企业	consumable
GYS0010957	江苏鼎顺医疗用品有限公司	生产企业	consumable
GYS0010958	江苏鼹鼠电子科技有限公司	生产企业	consumable
GYS0010959	江西3L医用制品集团股份有限公司	生产企业	consumable
GYS0010960	江西3L医用制品集团股份有限公司高安分公司	生产企业	consumable
GYS0010961	江西一志健康产业有限公司	生产企业	consumable
GYS0010962	江西一械实业有限公司	生产企业	consumable
GYS0010963	江西三浦医疗器械有限公司	生产企业	consumable
GYS0010964	江西三股河科贸有限公司	生产企业	consumable
GYS0010965	江西三鑫医疗科技股份有限公司	生产企业	consumable
GYS0010966	江西业力医疗器械有限公司	生产企业	consumable
GYS0010967	江西东弘药业有限公司	生产企业	consumable
GYS0010968	江西东抚制药有限公司	生产企业/上市许可持有人	drug
GYS0010969	江西东风药业股份有限公司	生产企业/上市许可持有人	drug
GYS0010970	江西中康康复器具有限公司	生产企业	consumable
GYS0010971	江西中德诚信科技有限公司	生产企业	consumable
GYS0010972	江西中赣医疗器械有限公司	生产企业	consumable
GYS0010973	江西丰临医用器械有限公司	生产企业	consumable
GYS0010974	江西丰临医疗科技股份有限公司	生产企业	consumable
GYS0010975	江西丹祺实业有限公司	生产企业	consumable
GYS0010976	江西丹美实业有限公司	生产企业	consumable
GYS0010977	江西丹诺医疗器械有限公司	生产企业	consumable
GYS0010978	江西丽华鑫朗药业科技有限公司	生产企业	consumable
GYS0010979	江西乐迪医疗科技有限公司	生产企业	consumable
GYS0010980	江西九华药业有限公司	生产企业/上市许可持有人	drug
GYS0010981	江西九连山药业有限公司	生产企业/上市许可持有人	drug
GYS0010982	江西五和通医药科技有限公司	生产企业/上市许可持有人	drug
GYS0010983	江西亚丰医材有限公司	生产企业	consumable
GYS0010984	江西京通美联药业有限公司	生产企业/上市许可持有人	drug
GYS0010985	江西人可医药科技有限公司	生产企业/上市许可持有人	drug
GYS0010986	江西人和新技术开发有限公司	生产企业	consumable
GYS0010987	江西人鱼奇缘医疗科技有限公司	生产企业	consumable
GYS0010988	江西亿友药业有限公司	生产企业/上市许可持有人	drug
GYS0010989	江西亿迪菲医疗器械有限公司	生产企业	consumable
GYS0010990	江西仁丰药业有限公司	生产企业/上市许可持有人	drug
GYS0010991	江西仁春医疗器械有限公司	生产企业	consumable
GYS0010992	江西仁泰健康产业有限公司	生产企业	consumable
GYS0010993	江西仁立实业有限公司	生产企业	consumable
GYS0010994	江西仁齐制药有限公司	生产企业/上市许可持有人	drug
GYS0010995	江西众强实业有限公司	生产企业	consumable
GYS0010996	江西众心堂制药有限公司	生产企业/上市许可持有人	drug
GYS0010997	江西众杰医疗器械有限公司	生产企业	consumable
GYS0010998	江西众源药业有限公司	生产企业/上市许可持有人	drug
GYS0010999	江西众腾药业有限公司	生产企业	consumable
GYS0011000	江西优点齿研医疗器械有限公司	生产企业	consumable
GYS0011001	江西优禾科技有限公司	生产企业	consumable
GYS0011002	江西佑丰药业有限公司	生产企业	drug
GYS0011003	江西佑美制药有限公司	生产企业/上市许可持有人	drug
GYS0011004	江西佰安医疗器械有限公司	生产企业	consumable
GYS0011005	江西佰氏康医疗器械有限公司	生产企业	consumable
GYS0011006	江西佳创药业有限公司	生产企业	consumable
GYS0011007	江西佳缘医疗器械有限公司	生产企业	consumable
GYS0011008	江西依莱斯医疗器械有限公司	生产企业	consumable
GYS0011009	江西依露得力医疗科技有限公司	生产企业	consumable
GYS0011010	江西侨明医疗器械有限公司	生产企业	consumable
GYS0011011	江西保中制药有限公司	生产企业/上市许可持有人	drug
GYS0011012	江西保尔安生物医疗科技有限公司	生产企业	consumable
GYS0011013	江西倍加舒医疗器械有限公司	生产企业	consumable
GYS0011014	江西倍康信息技术有限公司	生产企业	consumable
GYS0011015	江西倍肯药业有限公司	生产企业/上市许可持有人	drug
GYS0011016	江西儒创科技有限公司	生产企业	consumable
GYS0011017	江西光至金辉医疗制品有限公司	生产企业	consumable
GYS0011018	江西凡迪医疗器械有限公司	生产企业	consumable
GYS0011019	江西创事达医疗器械有限公司	生产企业	consumable
GYS0011020	江西制药有限责任公司	生产企业/上市许可持有人	drug
GYS0011021	江西北环实业有限公司	生产企业	consumable
GYS0011022	江西匠新义齿有限公司	生产企业	consumable
GYS0011023	江西医为特科技有限公司	生产企业	consumable
GYS0011024	江西医芯医检生物科技有限公司	生产企业	consumable
GYS0011025	江西医诺生物技术有限公司	生产企业	consumable
GYS0011026	江西千分生物科技有限公司	生产企业	consumable
GYS0011027	江西半边天药业有限公司	生产企业/上市许可持有人	drug
GYS0011028	江西华利医疗器械有限公司	生产企业	consumable
GYS0011029	江西华太药业有限公司	生产企业/上市许可持有人	drug
GYS0011030	江西华强医疗器械有限公司	生产企业	consumable
GYS0011031	江西华恒京兴医疗科技有限公司	生产企业	consumable
GYS0011032	江西华晨医疗设备有限公司	生产企业	consumable
GYS0011033	江西华泽医疗器械有限公司	生产企业	consumable
GYS0011034	江西卓瑞华医疗器械有限公司	生产企业	consumable
GYS0011035	江西卓瑞科技有限公司	生产企业	consumable
GYS0011036	江西南大博仕生物医疗技术有限公司	生产企业	consumable
GYS0011037	江西南昌制药有限公司	生产企业/上市许可持有人	drug
GYS0011038	江西南昌桑海制药有限责任公司	生产企业/上市许可持有人	drug
GYS0011039	江西南昌济生制药有限责任公司	生产企业/上市许可持有人	drug
GYS0011040	江西博士达药业有限责任公司	生产企业	drug
GYS0011041	江西博尔菲药业有限公司	生产企业	consumable
GYS0011042	江西博恩锐尔生物科技有限公司	生产企业	consumable
GYS0011043	江西博美斯特医疗科技股份有限公司	生产企业	consumable
GYS0011044	江西博雅欣和制药有限公司	生产企业/上市许可持有人	drug
GYS0011045	江西厚德生物材料有限公司	生产企业	consumable
GYS0011046	江西双福药业有限公司	生产企业	consumable
GYS0011047	江西吉安三力制药有限公司	生产企业/上市许可持有人	drug
GYS0011048	江西吉康医疗器械有限公司	生产企业	consumable
GYS0011049	江西吉赣医疗科技有限公司	生产企业	consumable
GYS0011050	江西同天乐科技实业有限公司	生产企业	consumable
GYS0011051	江西和明制药有限公司	生产企业	drug
GYS0011052	江西和盈药业有限公司	生产企业/上市许可持有人	drug
GYS0011053	江西和盾医疗器械有限公司	生产企业	consumable
GYS0011054	江西品信药业股份有限公司	生产企业/上市许可持有人	drug
GYS0011055	江西嘉旺义齿有限公司	生产企业	consumable
GYS0011056	江西国医研医药技术开发有限公司	生产企业	consumable
GYS0011057	江西国康实业有限公司	生产企业	consumable
GYS0011058	江西国科美信医疗科技有限公司	生产企业	consumable
GYS0011059	江西国药有限责任公司	生产企业/上市许可持有人	drug
GYS0011060	江西圣丹康医学科技有限公司	生产企业	consumable
GYS0011061	江西圣仁实业有限公司	生产企业	consumable
GYS0011062	江西圣和实业发展有限公司	生产企业	consumable
GYS0011063	江西圣济药业有限公司	生产企业	consumable
GYS0011064	江西地康药业有限公司	生产企业/上市许可持有人	drug
GYS0011065	江西大自然制药有限公司	生产企业/上市许可持有人	drug
GYS0011066	江西天之海药业股份有限公司	生产企业	drug
GYS0011067	江西天淳医用制品有限公司	生产企业	consumable
GYS0011068	江西奇仁生物科技有限责任公司	生产企业	consumable
GYS0011069	江西奥格兰医疗器械有限公司	生产企业	consumable
GYS0011070	江西好克医疗用品有限公司	生产企业	consumable
GYS0011071	江西孚科医疗器械有限公司	生产企业	consumable
GYS0011072	江西宇昊医疗器械有限公司	生产企业	consumable
GYS0011073	江西安康医疗器械有限公司	生产企业	consumable
GYS0011074	江西安联医疗器械有限公司	生产企业	consumable
GYS0011075	江西宜信堂医疗科技有限公司	生产企业	consumable
GYS0011076	江西宝康医疗器械有限公司	生产企业	consumable
GYS0011077	江西宝泽医疗用品有限公司	生产企业	consumable
GYS0011078	江西客家古方药业有限公司	生产企业	consumable
GYS0011079	江西宫绣堂生物科技有限公司	生产企业	consumable
GYS0011080	江西富能医疗器械有限公司	生产企业	consumable
GYS0011081	江西小虎医疗器械有限公司	生产企业	consumable
GYS0011082	江西尽心药业有限公司	生产企业	consumable
GYS0011083	江西展宏医疗器械有限公司	生产企业	consumable
GYS0011084	江西山香药业有限公司	生产企业/上市许可持有人	drug
GYS0011085	江西山高制药有限公司	生产企业/上市许可持有人	drug
GYS0011086	江西岐黄生物科技有限公司	生产企业	consumable
GYS0011087	江西岚湖医疗器械有限公司	生产企业	consumable
GYS0011088	江西川奇药业有限公司	生产企业/上市许可持有人	drug
GYS0011089	江西希尔曼生物技术有限公司	生产企业	consumable
GYS0011090	江西广信药业有限公司	生产企业/上市许可持有人	drug
GYS0011091	江西广恩和药业股份有限公司	生产企业	drug
GYS0011092	江西庐乐医疗器械集团有限公司	生产企业	consumable
GYS0011093	江西庐山制药有限公司	生产企业/上市许可持有人	drug
GYS0011094	江西康健医疗器械有限公司	生产企业	consumable
GYS0011095	江西康嗯呗佳医疗科技有限公司	生产企业	consumable
GYS0011096	江西康恒医疗器械有限公司	生产企业	consumable
GYS0011097	江西康恩贝中药有限公司	生产企业/上市许可持有人	drug
GYS0011098	江西康恩贝天施康药业有限公司	生产企业/上市许可持有人	drug
GYS0011099	江西康浩药业有限公司	生产企业	consumable
GYS0011100	江西康美医药保健品有限公司	生产企业	consumable
GYS0011101	江西康雅医疗用品有限公司	生产企业	consumable
GYS0011102	江西弘惠医药有限公司	生产企业/上市许可持有人	drug
GYS0011103	江西强济药业有限公司	生产企业	consumable
GYS0011104	江西御医堂实业有限公司	生产企业	consumable
GYS0011105	江西微界医疗科技有限公司	生产企业	consumable
GYS0011106	江西德上制药股份有限公司	生产企业/上市许可持有人	drug
GYS0011107	江西德合医疗器械有限公司	生产企业	consumable
GYS0011108	江西德成制药有限公司	生产企业/上市许可持有人	drug
GYS0011109	江西德瑞制药有限公司	生产企业/上市许可持有人	drug
GYS0011110	江西德锆美瓷有限公司	生产企业	consumable
GYS0011111	江西心之乐医疗科技有限公司	生产企业	consumable
GYS0011112	江西心仪尔康医疗科技有限公司	生产企业	consumable
GYS0011113	江西心正药业有限责任公司	生产企业/上市许可持有人	drug
GYS0011114	江西心诚药业有限公司	生产企业/上市许可持有人	drug
GYS0011115	江西恒康药业有限公司	生产企业/上市许可持有人	drug
GYS0011116	江西恒达医疗器械有限公司	生产企业	consumable
GYS0011117	江西恒邦医疗器械有限公司	生产企业	consumable
GYS0011118	江西慈和堂生物科技有限公司	生产企业	consumable
GYS0011119	江西成元科技有限公司	生产企业	consumable
GYS0011120	江西择高医疗科技有限公司	生产企业	consumable
GYS0011121	江西捷众制药有限公司	生产企业	drug
GYS0011122	江西捷康生物科技有限公司	生产企业	consumable
GYS0011123	江西捷报频传药业有限公司	生产企业	consumable
GYS0011124	江西掌护医疗科技有限公司	生产企业	consumable,ivd
GYS0011125	江西揽众药业有限公司	生产企业	consumable
GYS0011126	江西新佳美医疗器械有限公司	生产企业	consumable
GYS0011127	江西新元堂健康制品有限公司	生产企业	consumable
GYS0011128	江西新生命制药有限公司	生产企业/上市许可持有人	drug
GYS0011129	江西新赣江药业股份有限公司	生产企业/上市许可持有人	drug
GYS0011130	江西新远健药业有限公司	生产企业/上市许可持有人	drug
GYS0011131	江西施美制药有限公司	生产企业	drug
GYS0011132	江西施美药业股份有限公司	生产企业/上市许可持有人	drug
GYS0011133	江西无底堂医疗器械有限公司	生产企业	consumable
GYS0011134	江西昂泰制药有限公司	生产企业/上市许可持有人	drug
GYS0011135	江西昂生生物科技有限公司	生产企业	consumable
GYS0011136	江西昊乐医疗器械有限公司	生产企业	consumable
GYS0011137	江西易琛医疗器械有限公司	生产企业	consumable
GYS0011138	江西易通医疗器械有限公司	生产企业	consumable
GYS0011139	江西晋瑞医疗器械有限公司	生产企业	consumable
GYS0011140	江西普丽尔药业有限公司	生产企业/上市许可持有人	drug
GYS0011141	江西普正制药股份有限公司	生产企业/上市许可持有人	drug
GYS0011142	江西晶康宇医疗科技有限公司	生产企业	consumable
GYS0011143	江西晶铸生物科技有限公司	生产企业	consumable
GYS0011144	江西朝贝医疗器械有限公司	生产企业	consumable
GYS0011145	江西未来药业有限公司	生产企业	consumable
GYS0011146	江西本真药业有限责任公司	生产企业/上市许可持有人	drug
GYS0011147	江西杏林白马药业股份有限公司	生产企业/上市许可持有人	drug
GYS0011148	江西杨百年药业有限公司	生产企业	consumable
GYS0011149	江西松鹤医疗器械有限公司	生产企业	consumable
GYS0011150	江西柏恩生物科技有限公司	生产企业	consumable
GYS0011151	江西查清医疗科技有限公司	生产企业	consumable
GYS0011152	江西格兰斯医疗器械有限公司	生产企业	consumable
GYS0011153	江西格美医疗用品有限公司	生产企业	consumable
GYS0011154	江西桔王药业有限公司	生产企业/上市许可持有人	drug
GYS0011155	江西森茂生物科技有限公司	生产企业	consumable
GYS0011156	江西欧德医疗器材有限公司	生产企业	consumable
GYS0011157	江西欧意隆医疗用品有限公司	生产企业	consumable
GYS0011158	江西欧氏药业有限责任公司	生产企业/上市许可持有人	drug
GYS0011159	江西欧米纳医疗器械有限公司	生产企业	consumable
GYS0011160	江西正隆医疗设备有限公司	生产企业	consumable
GYS0011161	江西民康制药有限公司	生产企业/上市许可持有人	drug
GYS0011162	江西民济药业有限公司	生产企业/上市许可持有人	drug
GYS0011163	江西永昇制药股份有限公司	生产企业/上市许可持有人	drug
GYS0011164	江西永翔医疗器械有限公司	生产企业	consumable
GYS0011165	江西汇仁药业股份有限公司	生产企业/上市许可持有人	drug
GYS0011166	江西汇发实业有限公司	生产企业	consumable
GYS0011167	江西汇顺实业有限公司	生产企业	consumable
GYS0011168	江西汉强医药科技有限公司	生产企业	consumable
GYS0011169	江西汉普医疗科技有限公司	生产企业	consumable
GYS0011170	江西江中中药饮片有限公司	生产企业	consumable
GYS0011171	江西江莱健康科技有限公司	生产企业	consumable
GYS0011172	江西汪氏药业有限公司	生产企业/上市许可持有人	drug
GYS0011173	江西沃华济顺医药有限公司	生产企业/上市许可持有人	drug
GYS0011174	江西沐恩堂生物科技有限公司	生产企业	consumable
GYS0011175	江西泰美斯医疗器械有限公司	生产企业	consumable
GYS0011176	江西泽众制药股份有限公司	生产企业/上市许可持有人	drug
GYS0011177	江西津大制药有限公司	生产企业/上市许可持有人	drug
GYS0011178	江西洪博医疗器械有限公司	生产企业	consumable
GYS0011179	江西洪达医疗器械集团有限公司	生产企业	consumable
GYS0011180	江西济民可信药业有限公司	生产企业/上市许可持有人	drug
GYS0011181	江西浩恒医疗器械有限公司	生产企业	consumable
GYS0011182	江西浩然生物制药有限公司	生产企业/上市许可持有人	drug
GYS0011183	江西海尔思药业有限公司	生产企业	drug
GYS0011184	江西海尔思药业股份有限公司	生产企业/上市许可持有人	drug
GYS0011185	江西海川药业有限公司	生产企业	consumable
GYS0011186	江西海福特卫生用品有限公司	生产企业	consumable
GYS0011187	江西润丰药业有限公司	生产企业	consumable
GYS0011188	江西润泽药业有限公司	生产企业/上市许可持有人	drug
GYS0011189	江西源康桔都药业有限公司	生产企业/上市许可持有人	drug
GYS0011190	江西源生狼和药业有限公司	生产企业	consumable
GYS0011191	江西滕王阁药业有限公司	生产企业/上市许可持有人	drug
GYS0011192	江西滕飞药业有限公司	生产企业	consumable
GYS0011193	江西瀚良生物科技有限公司	生产企业	consumable
GYS0011194	江西瀛海医疗器械有限公司	生产企业	consumable
GYS0011195	江西灸一堂医药科技有限公司	生产企业	consumable
GYS0011196	江西炫尼诗科技有限责任公司	生产企业	consumable
GYS0011197	江西热敏灸中药材科技有限公司	生产企业	consumable
GYS0011198	江西煦邦卫生材料有限公司	生产企业	consumable
GYS0011199	江西爱邦医疗器械有限公司	生产企业	consumable
GYS0011200	江西狼和医疗器械有限公司	生产企业	consumable
GYS0011201	江西玖玖生物卫生材料有限公司	生产企业	consumable
GYS0011202	江西珍视明药业有限公司	生产企业/上市许可持有人	drug,consumable
GYS0011203	江西理想医疗器械有限公司	生产企业	consumable
GYS0011204	江西瑞济生物工程技术股份有限公司	生产企业	consumable
GYS0011205	江西瑞耀医疗科技有限公司	生产企业	consumable
GYS0011206	江西瑞邦实业集团有限公司	生产企业	consumable
GYS0011207	江西璟瑞药业有限公司	生产企业/上市许可持有人	drug,consumable
GYS0011208	江西生物制品研究所股份有限公司	生产企业/上市许可持有人	drug
GYS0011209	江西百仁实业有限公司	生产企业	consumable
GYS0011210	江西百信铭医医疗器械有限公司	生产企业	consumable
GYS0011211	江西百康药业有限公司	生产企业	consumable
GYS0011212	江西百神昌诺药业有限公司	生产企业/上市许可持有人	drug
GYS0011213	江西百神药业股份有限公司	生产企业	drug
GYS0011214	江西益康医疗器械集团有限公司	生产企业	consumable
GYS0011215	江西益莹医疗器械有限公司	生产企业	consumable
GYS0011216	江西盛翔制药有限公司	生产企业/上市许可持有人	drug
GYS0011217	江西省南美科技有限公司	生产企业	consumable
GYS0011218	江西省康宁医疗器械有限公司	生产企业	consumable
GYS0011219	江西省惟尔丽康复器具有限公司	生产企业	consumable
GYS0011220	江西省日力光电设备有限公司	生产企业	consumable
GYS0011221	江西省欣诺生物工程有限公司	生产企业	consumable
GYS0011222	江西省渝艾生物科技有限公司	生产企业	consumable
GYS0011223	江西省百代药业有限公司	生产企业	consumable
GYS0011224	江西省祥恩医疗科技发展有限公司	生产企业	consumable
GYS0011225	江西省科星生物工程有限公司	生产企业	consumable
GYS0011226	江西省翔康医疗器械有限公司	生产企业	consumable
GYS0011227	江西省芙蓉堂药业股份有限公司	生产企业/上市许可持有人	drug
GYS0011228	江西省蓝康实业有限公司	生产企业	consumable
GYS0011229	江西省金洹医疗器械股份有限公司	生产企业	consumable
GYS0011230	江西省长喜实业有限公司	生产企业	consumable
GYS0011231	江西真美生物科技有限公司	生产企业	consumable
GYS0011232	江西睿之和医疗器械有限公司	生产企业	consumable
GYS0011233	江西神你医疗器械有限公司	生产企业	consumable
GYS0011234	江西祥瑞医疗器械有限公司	生产企业	consumable
GYS0011235	江西祺立康药业有限公司	生产企业	consumable
GYS0011236	江西福元医疗器械有限公司	生产企业	consumable
GYS0011237	江西禾实医疗器械有限公司	生产企业	consumable
GYS0011238	江西科为制药有限公司	生产企业/上市许可持有人	drug
GYS0011239	江西科伦医疗器械制造有限公司	生产企业	consumable
GYS0011240	江西科伦药业有限公司	生产企业/上市许可持有人	drug
GYS0011241	江西科华医疗器械有限公司	生产企业	consumable
GYS0011242	江西科畅医疗器械有限公司	生产企业	consumable
GYS0011243	江西科睿药业有限公司	生产企业/上市许可持有人	drug
GYS0011244	江西科美医疗器械集团有限公司	生产企业	consumable
GYS0011245	江西科美康医疗器械有限公司	生产企业	consumable
GYS0011246	江西穗源医疗技术有限公司	生产企业	consumable
GYS0011247	江西粤秀医疗科技有限公司	生产企业	consumable
GYS0011248	江西精致科技有限公司	生产企业	consumable
GYS0011249	江西索蒂斯生物科技有限公司	生产企业	consumable
GYS0011250	江西紫星生物技术有限公司	生产企业	consumable
GYS0011251	江西红新医疗器械集团有限公司	生产企业	consumable
GYS0011252	江西红星药业有限公司	生产企业/上市许可持有人	drug
GYS0011253	江西纤蜜研医疗科技有限公司	生产企业	consumable
GYS0011254	江西纳弗堂制药有限公司	生产企业	drug
GYS0011255	江西续创医学科技有限公司	生产企业	consumable
GYS0011256	江西维德医疗健康管理有限公司	生产企业	consumable
GYS0011257	江西维邦医疗器械有限公司	生产企业	consumable
GYS0011258	江西绿尔康医疗器械有限公司	生产企业	consumable
GYS0011259	江西绿源堂药业有限公司	生产企业	consumable
GYS0011260	江西绿码医疗技术有限公司	生产企业	consumable
GYS0011261	江西缘生生物科技有限公司	生产企业	consumable
GYS0011262	江西罡龙医疗器械有限公司	生产企业	consumable
GYS0011263	江西美宝利医用敷料有限公司	生产企业	consumable
GYS0011264	江西美年康医疗用品有限公司	生产企业	consumable
GYS0011265	江西美格尔医疗设备有限公司	生产企业	consumable
GYS0011266	江西美申科技发展有限公司	生产企业	consumable
GYS0011267	江西翔邦卫生用品有限公司	生产企业	consumable
GYS0011268	江西老宗医医疗器械有限公司	生产企业	consumable
GYS0011269	江西聚仁堂药业有限公司	生产企业/上市许可持有人	drug
GYS0011270	江西聚彪医疗器械有限责任公司	生产企业	consumable
GYS0011271	江西艾慈生物科技有限公司	生产企业	consumable
GYS0011272	江西艾施特制药有限公司	生产企业/上市许可持有人	drug
GYS0011273	江西芊宝医疗科技有限公司	生产企业	consumable
GYS0011274	江西芝正医疗器械有限公司	生产企业	consumable
GYS0011275	江西英杰医疗器械有限公司	生产企业	consumable
GYS0011276	江西茁胜医疗科技有限公司	生产企业	consumable
GYS0011277	江西草珊瑚药业有限公司	生产企业	consumable
GYS0011278	江西荣信医疗科技有限公司	生产企业	consumable
GYS0011279	江西荣莱医疗科技有限公司	生产企业	consumable
GYS0011280	江西荣进健康产业有限公司	生产企业	consumable
GYS0011281	江西药圣堂实业有限公司	生产企业	consumable
GYS0011282	江西药都仁和制药有限公司	生产企业/上市许可持有人	drug
GYS0011283	江西药都樟树制药有限公司	生产企业/上市许可持有人	drug
GYS0011284	江西莱维贝医疗用品有限公司	生产企业	consumable
GYS0011285	江西菲力康医疗科技有限公司	生产企业	consumable
GYS0011286	江西诚志永丰药业有限责任公司	生产企业/上市许可持有人	drug
GYS0011287	江西诺亿医疗器械有限公司	生产企业	consumable
GYS0011288	江西诺德医疗器械有限公司	生产企业	consumable
GYS0011289	江西诺恩康医药科技有限公司	生产企业	consumable
GYS0011290	江西诺捷科技股份有限公司	生产企业	consumable
GYS0011291	江西诺立医药科技有限公司	生产企业	consumable
GYS0011292	江西诺诚电气有限公司	生产企业	consumable
GYS0011293	江西谱安医疗器械有限公司	生产企业	consumable
GYS0011294	江西豫章药业有限公司	生产企业	consumable
GYS0011295	江西赛德医疗器械有限公司	生产企业	consumable
GYS0011296	江西赛新医疗科技有限公司	生产企业	consumable
GYS0011297	江西赣南海欣药业股份有限公司	生产企业/上市许可持有人	drug
GYS0011298	江西赣药全新制药有限公司	生产企业	drug
GYS0011299	江西赣隆药业有限公司	生产企业	consumable
GYS0011300	江西达穗医疗科技有限公司	生产企业	consumable
GYS0011301	江西迈硕医疗科技有限公司	生产企业	consumable
GYS0011302	江西迈科医疗器械有限公司	生产企业	consumable
GYS0011303	江西远东药业股份有限公司	生产企业/上市许可持有人	drug
GYS0011304	江西远赛医疗科技有限公司	生产企业	consumable
GYS0011305	江西速健药业有限公司	生产企业	consumable
GYS0011306	江西速康医疗器械有限公司	生产企业	consumable
GYS0011307	江西都莱美科技有限公司	生产企业	consumable
GYS0011308	江西鄱艾生物科技有限公司	生产企业	consumable
GYS0011309	江西金世康药业有限公司	生产企业/上市许可持有人	drug
GYS0011310	江西金水宝制药有限公司	生产企业	drug
GYS0011311	江西金诺医疗科技有限公司	生产企业	consumable
GYS0011312	江西金诺生物科技有限公司	生产企业	consumable
GYS0011313	江西金顶药业有限公司	生产企业/上市许可持有人	drug
GYS0011314	江西鑫茂生化医用品有限公司	生产企业	consumable
GYS0011315	江西钟山药业有限责任公司	生产企业/上市许可持有人	drug
GYS0011316	江西钶维肽生物科技有限公司	生产企业	consumable
GYS0011317	江西铜鼓仁和制药有限公司	生产企业/上市许可持有人	drug
GYS0011318	江西银涛药业有限公司	生产企业/上市许可持有人	drug
GYS0011319	江西银涛药业股份有限公司	生产企业/上市许可持有人	drug
GYS0011320	江西锦胜医疗器械集团有限公司	生产企业	consumable
GYS0011321	江西锦辉医疗器械有限公司	生产企业	consumable
GYS0011322	江西长荣实业有限公司	生产企业	consumable
GYS0011323	江西长青医疗科技有限公司	生产企业	consumable
GYS0011324	江西闪亮制药有限公司	生产企业/上市许可持有人	drug
GYS0011325	江西阳明药业有限公司	生产企业	consumable
GYS0011326	江西隆成医疗器械有限公司	生产企业	consumable
GYS0011327	江西青山堂医疗器械有限公司	生产企业	consumable
GYS0011328	江西青峰药业有限公司	生产企业/上市许可持有人	drug
GYS0011329	江西青春康源制药有限公司	生产企业/上市许可持有人	drug
GYS0011330	江西顺医科技有限公司	生产企业	consumable
GYS0011331	江西领行生物科技有限公司	生产企业	consumable
GYS0011332	江西领行药业有限公司	生产企业	consumable
GYS0011333	江西首鼎视介科技有限公司	生产企业	consumable
GYS0011334	江西马应龙美康药业有限公司	生产企业/上市许可持有人	drug
GYS0011335	江西高门医疗科技有限公司	生产企业	consumable
GYS0011336	江西鸿仁堂生物科技有限公司	生产企业	consumable
GYS0011337	江西鸿本生物科技有限公司	生产企业	consumable
GYS0011338	江西鸿烁制药有限责任公司	生产企业/上市许可持有人	drug
GYS0011339	江西鸿烁制药责任有限公司	生产企业/上市许可持有人	drug
GYS0011340	江西鸿葵康医疗器械有限公司	生产企业	consumable
GYS0011341	江西麒云医药科技有限公司	生产企业/上市许可持有人	drug
GYS0011342	江西麦尔斯通医疗器械有限公司	生产企业	consumable
GYS0011343	江西麦帝施科技有限公司	生产企业	consumable
GYS0011344	江西麦迪康医疗器械有限公司	生产企业	consumable
GYS0011345	江西鼎佑医疗科技有限公司	生产企业	consumable
GYS0011346	江西鼎顺医疗设备有限公司	生产企业	consumable
GYS0011347	江西龙腾生物高科技有限公司	生产企业	consumable
GYS0011348	江门大诚医疗器械有限公司	生产企业	consumable
GYS0011349	江门市康之源医疗设备科技有限公司	生产企业	consumable
GYS0011350	江门市新时代外用制剂有限公司	生产企业	consumable
GYS0011351	江门市睿动康体医用科技有限公司	生产企业	consumable
GYS0011352	江门市硕通医疗器械科技有限公司	生产企业	consumable
GYS0011353	江门市美峰义齿科技有限公司	生产企业	consumable
GYS0011354	江门市舒而美医疗用品有限公司	生产企业	consumable
GYS0011355	江门市虹雨医疗用品有限公司	生产企业	consumable
GYS0011356	江门市融海医疗科技有限公司	生产企业	consumable
GYS0011357	江门泓一生物医疗科技有限公司	生产企业	consumable
GYS0011358	江门海川科技发展有限公司	生产企业	consumable
GYS0011359	江阴东方生物科技有限公司	生产企业	consumable
GYS0011360	江阴嘉鸿医疗科技有限公司	生产企业	consumable
GYS0011361	江阴固德医疗科技有限公司	生产企业	consumable
GYS0011362	江阴奔翔生物科技有限公司	生产企业	consumable
GYS0011363	江阴市丽尚医疗科技有限公司	生产企业	consumable
GYS0011364	江阴市医疗器械有限公司	生产企业	consumable
GYS0011365	江阴市宝科尼卫生防护用品有限公司	生产企业	consumable
GYS0011366	江阴市康捷医疗科技有限公司	生产企业	consumable
GYS0011367	江阴市惠尔医疗器械有限公司	生产企业	consumable
GYS0011368	江阴市盾牌乳胶制品制造有限公司	生产企业	consumable
GYS0011369	江阴市金凤医疗器材有限公司	生产企业	consumable
GYS0011370	江阴市长强医疗器械有限公司	生产企业	consumable
GYS0011371	江阴景帆医疗器械有限公司	生产企业	consumable
GYS0011372	江阴睿瓴医疗科技有限公司	生产企业	consumable
GYS0011373	江阴贝瑞森生化技术有限公司	生产企业	consumable
GYS0011374	江阴金泰克生物技术有限公司	生产企业	consumable
GYS0011375	江阴高峰医疗科技有限公司	生产企业	consumable
GYS0011376	池州福艾堂生物科技有限公司	生产企业	consumable
GYS0011377	池田商贸（广州）有限公司	生产企业	consumable
GYS0011378	汴京药业（山东）集团有限公司	生产企业	consumable
GYS0011379	沁恩医疗器械（北京）有限公司	生产企业	consumable
GYS0011380	沃柯牙科产品（上海）有限公司	生产企业	consumable
GYS0011381	沃迈（上海）机电有限公司	生产企业	consumable
GYS0011382	沈德 (宁波) 医疗器械科技有限公司	生产企业	consumable
GYS0011383	沈阳三九药业有限公司	生产企业/上市许可持有人	drug
GYS0011384	沈阳三生制药有限责任公司	生产企业/上市许可持有人	drug
GYS0011385	沈阳三越医疗器械有限公司	生产企业	consumable
GYS0011386	沈阳上口义齿制作有限公司	生产企业	consumable
GYS0011387	沈阳东亚医疗研究所有限公司	生产企业	consumable
GYS0011388	沈阳东新药业有限公司	生产企业/上市许可持有人	drug
GYS0011389	沈阳东星医药科技有限公司	生产企业	drug
GYS0011390	沈阳东松药业有限责任公司	生产企业	drug
GYS0011391	沈阳东陵药业股份有限公司	生产企业/上市许可持有人	drug
GYS0011392	沈阳中元宜和生物科技有限公司	生产企业	consumable
GYS0011393	沈阳中康医疗用品有限公司	生产企业	consumable
GYS0011394	沈阳中普瑞欧医疗器械有限公司	生产企业	consumable
GYS0011395	沈阳丹海生物制品有限公司	生产企业	consumable
GYS0011396	沈阳丽人医疗科技有限公司	生产企业	consumable
GYS0011397	沈阳亮冠义齿有限公司	生产企业	consumable
GYS0011398	沈阳亮鑫医疗科技有限公司	生产企业	consumable
GYS0011399	沈阳众盛义齿有限公司	生产企业	consumable
GYS0011400	沈阳光大制药有限公司	生产企业/上市许可持有人	drug
GYS0011401	沈阳兴齐眼药股份有限公司	生产企业/上市许可持有人	drug
GYS0011402	沈阳冠盛义齿制作中心	生产企业	consumable
GYS0011403	沈阳利宇馨医疗器械有限公司	生产企业	consumable
GYS0011404	沈阳千禧浪人义齿有限公司	生产企业	consumable
GYS0011405	沈阳华棠阁服饰有限公司	生产企业	consumable
GYS0011406	沈阳华泰药物研究有限公司	生产企业/上市许可持有人	drug
GYS0011407	沈阳协合生物制药股份有限公司	生产企业	drug
GYS0011408	沈阳博大精益生物制药有限公司	生产企业	consumable
GYS0011409	沈阳博林药业有限公司	生产企业	consumable
GYS0011410	沈阳原子高科医药有限公司	生产企业	drug
GYS0011411	沈阳双鼎制药有限公司	生产企业/上市许可持有人	drug
GYS0011412	沈阳古德莱芙科技有限公司	生产企业	consumable
GYS0011413	沈阳合众成林经贸有限公司	生产企业	consumable
GYS0011414	沈阳君元药业有限公司	生产企业/上市许可持有人	drug
GYS0011415	沈阳品胜医疗科技有限公司	生产企业	consumable
GYS0011416	沈阳圣元药业有限公司	生产企业	drug
GYS0011417	沈阳壹品数字化义齿制作有限公司	生产企业	consumable
GYS0011418	沈阳大得医疗器械产品有限公司	生产企业	consumable
GYS0011419	沈阳天仁合一科技有限公司	生产企业	consumable
GYS0011420	沈阳天地乳胶有限公司	生产企业	consumable
GYS0011421	沈阳天邦药业有限公司	生产企业/上市许可持有人	drug
GYS0011422	沈阳太平洋医疗用品制造有限公司	生产企业	consumable
GYS0011423	沈阳奉龄口腔医学科技有限公司	生产企业	consumable
GYS0011424	沈阳奥吉娜药业有限公司	生产企业/上市许可持有人	drug
GYS0011425	沈阳奥奈科医疗科技有限公司	生产企业	consumable
GYS0011426	沈阳宇成义齿制作有限公司	生产企业	consumable
GYS0011427	沈阳宝康生物工程有限公司	生产企业	consumable
GYS0011428	沈阳尚品义齿有限责任公司	生产企业	consumable
GYS0011429	沈阳尚贤医疗系统有限公司	生产企业	consumable
GYS0011430	沈阳市北华医材有限公司	生产企业	consumable
GYS0011431	沈阳市口腔医院义齿制作中心	生产企业	consumable
GYS0011432	沈阳市和睦佳齿业有限公司	生产企业	consumable
GYS0011433	沈阳市天阳医疗器械有限公司	生产企业	consumable
GYS0011434	沈阳市宏仁义齿有限责任公司	生产企业	consumable
GYS0011435	沈阳市瀚霖义齿制作所	生产企业	consumable
GYS0011436	沈阳市瑞康医疗用品有限公司	生产企业	consumable
GYS0011437	沈阳市美辰医疗器械有限公司	生产企业	consumable
GYS0011438	沈阳市美辰医疗器械有限公司第一分公司	生产企业	consumable
GYS0011439	沈阳市青依医疗科技有限公司	生产企业	consumable
GYS0011440	沈阳市鼎元义齿制作中心	生产企业	consumable
GYS0011441	沈阳康之莱医疗器械有限公司	生产企业	consumable
GYS0011442	沈阳康智达医疗科技有限公司	生产企业	consumable
GYS0011443	沈阳康来福医疗器械有限公司	生产企业	consumable
GYS0011444	沈阳康芝制药有限公司	生产企业	drug
GYS0011445	沈阳彦程生物制品有限公司	生产企业	consumable
GYS0011446	沈阳得康医药科技有限公司	生产企业	consumable
GYS0011447	沈阳志鹰药业有限公司	生产企业	drug
GYS0011448	沈阳恒源药业有限公司	生产企业	consumable
GYS0011449	沈阳恩辉医药有限公司	生产企业	consumable
GYS0011450	沈阳慧新医疗器械制造有限公司	生产企业	consumable
GYS0011451	沈阳成禄义齿有限公司	生产企业	consumable
GYS0011452	沈阳新智源医疗用品有限公司	生产企业	consumable
GYS0011453	沈阳新熹医疗科技有限公司	生产企业	consumable
GYS0011454	沈阳新马药业有限公司	生产企业/上市许可持有人	drug
GYS0011455	沈阳易尔科技有限公司	生产企业	consumable
GYS0011456	沈阳普斯曼医疗器械有限公司	生产企业	consumable
GYS0011457	沈阳智特商贸有限公司	生产企业	consumable
GYS0011458	沈阳术驰医疗科技有限公司	生产企业	consumable
GYS0011459	沈阳欣瑞制药有限公司	生产企业/上市许可持有人	drug
GYS0011460	沈阳正帆医疗科技有限公司	生产企业	consumable
GYS0011461	沈阳永大制药有限公司	生产企业	drug
GYS0011462	沈阳永大制药股份有限公司	生产企业/上市许可持有人	drug
GYS0011463	沈阳永富美学医疗器械有限公司	生产企业	consumable
GYS0011464	沈阳永晟康泰医药科技有限公司	生产企业	consumable
GYS0011465	沈阳汇康医疗用品制造有限公司	生产企业	consumable
GYS0011466	沈阳汇德医疗器械有限公司	生产企业	consumable
GYS0011467	沈阳汇敏源生物科技有限责任公司	生产企业	consumable
GYS0011468	沈阳沈大内窥镜有限公司	生产企业	consumable
GYS0011469	沈阳泰阁齿业发展有限公司	生产企业	consumable
GYS0011470	沈阳海思科制药有限公司	生产企业/上市许可持有人	drug
GYS0011471	沈阳海谷医疗科技有限公司	生产企业	consumable
GYS0011472	沈阳清奥美口腔镶复技术有限公司	生产企业	consumable
GYS0011473	沈阳清宫药业集团有限公司	生产企业/上市许可持有人	drug
GYS0011474	沈阳源燊医药生物科技有限公司	生产企业	consumable
GYS0011475	沈阳爱健医疗器械有限公司	生产企业	consumable
GYS0011476	沈阳爱森特科技有限公司	生产企业	consumable
GYS0011477	沈阳爱特陶瓷科技有限公司	生产企业	consumable
GYS0011478	沈阳爱邦科技有限公司	生产企业	consumable
GYS0011479	沈阳珂利尔卫生材料有限公司	生产企业	consumable
GYS0011480	沈阳珏美义齿有限公司	生产企业	consumable
GYS0011481	沈阳皓月义齿制作有限公司	生产企业	consumable
GYS0011482	沈阳盛实医疗科技有限公司	生产企业	consumable
GYS0011483	沈阳盛道医疗器材有限公司	生产企业	consumable
GYS0011484	沈阳神龙药业有限公司	生产企业/上市许可持有人	drug
GYS0011485	沈阳福宁药业有限公司	生产企业/上市许可持有人	drug
GYS0011486	沈阳禾铭丰医疗科技有限公司	生产企业	consumable
GYS0011487	沈阳科兴模型材料有限公司	生产企业	consumable
GYS0011488	沈阳科德义齿有限公司	生产企业	consumable
GYS0011489	沈阳立志假肢矫形康复辅具有限公司	生产企业	consumable
GYS0011490	沈阳管城制药有限责任公司	生产企业/上市许可持有人	drug,consumable
GYS0011491	沈阳索森浩医疗器械科技有限公司	生产企业	consumable
GYS0011492	沈阳红旗制药有限公司	生产企业/上市许可持有人	drug
GYS0011493	沈阳红药精诚药业有限公司	生产企业/上市许可持有人	drug
GYS0011494	沈阳红药集团股份有限公司	生产企业/上市许可持有人	drug
GYS0011495	沈阳纬泽康复仪器设备有限公司	生产企业	consumable
GYS0011496	沈阳纽若斯医疗科技有限公司	生产企业	consumable
GYS0011497	沈阳绿洲制药有限责任公司	生产企业/上市许可持有人	drug
GYS0011498	沈阳致美医学科技有限公司	生产企业	consumable
GYS0011499	沈阳般舟纸制品包装有限公司	生产企业	consumable
GYS0011500	沈阳芊亚医疗器械有限公司	生产企业	consumable
GYS0011501	沈阳荣元康健自动化设备有限公司	生产企业	consumable
GYS0011502	沈阳荣千医疗技术有限公司	生产企业	consumable
GYS0011503	沈阳荣欣商贸有限公司	生产企业	consumable
GYS0011504	沈阳药大雷允上药业有限责任公司	生产企业/上市许可持有人	drug
GYS0011505	沈阳莱康假肢制造有限公司	生产企业	consumable
GYS0011506	沈阳贝佳美数字化义齿制作中心	生产企业	consumable
GYS0011507	沈阳赛美乐科技有限公司	生产企业	consumable
GYS0011508	沈阳赛镝医疗器械有限公司	生产企业	consumable
GYS0011509	沈阳迈思医疗科技有限公司	生产企业	consumable
GYS0011510	沈阳金品义齿有限公司	生产企业	consumable
GYS0011511	沈阳金赛义齿制作中心	生产企业	consumable
GYS0011512	沈阳金龙药业有限公司	生产企业/上市许可持有人	drug
GYS0011513	沈阳锦冠桥义齿有限公司	生产企业	consumable
GYS0011514	沈阳雪天卫生用品有限公司	生产企业	consumable
GYS0011515	沈阳飞龙药业有限公司	生产企业/上市许可持有人	drug
GYS0011516	沈阳鸿冠达义齿制作有限公司	生产企业	consumable
GYS0011517	沈阳鸿森医疗器械有限公司	生产企业	consumable
GYS0011518	沈阳鹏海医疗器械有限公司	生产企业	consumable
GYS0011519	沈阳鼎天科技有限公司	生产企业	consumable
GYS0011520	沐斐同创（重庆）科技有限公司	生产企业	consumable
GYS0011521	沐莱（上海）医疗科技有限公司	生产企业	consumable
GYS0011522	沛嘉医疗科技（苏州）有限公司	生产企业	consumable
GYS0011523	沧县书源医疗器械制造有限公司	生产企业	consumable
GYS0011524	沧县康复药用包装材料厂（普通合伙)	生产企业	consumable
GYS0011525	沧州前卫医疗用品有限公司	生产企业	consumable
GYS0011526	沧州复康医药用品有限公司	生产企业	consumable
GYS0011527	沧州大川医疗器械有限公司	生产企业	consumable
GYS0011528	沧州市岚康医用开发有限公司	生产企业	consumable
GYS0011529	沧州市昌昊生物工程有限公司	生产企业	consumable
GYS0011530	沧州市杏林假肢矫形器有限公司	生产企业	consumable
GYS0011531	沧州市济康医疗器械有限公司	生产企业	consumable
GYS0011532	沧州康鸿医疗器械有限公司	生产企业	consumable
GYS0011533	沧州得能制药有限公司	生产企业/上市许可持有人	drug
GYS0011534	沧州德晟康医疗器械有限公司	生产企业	consumable
GYS0011535	沧州恒沣医疗器械有限公司	生产企业	consumable
GYS0011536	沧州永康医药用品有限公司	生产企业	consumable
GYS0011537	沧州益康食品药品包装有限公司	生产企业	consumable
GYS0011538	沧州神康医疗器械有限公司	生产企业	consumable
GYS0011539	沧州翰迈斯医药用品有限公司	生产企业	consumable
GYS0011540	沭阳县协恒卫生用品有限公司	生产企业	consumable
GYS0011541	河北一品制药股份有限公司	生产企业/上市许可持有人	drug
GYS0011542	河北一品生物医药有限公司	生产企业/上市许可持有人	drug
GYS0011543	河北万事康医疗器械有限公司	生产企业	consumable
GYS0011544	河北万岁药业有限公司	生产企业/上市许可持有人	drug
GYS0011545	河北万康医疗器械有限公司	生产企业	consumable
GYS0011546	河北万成医药科技有限公司	生产企业/上市许可持有人	drug
GYS0011547	河北万辉医疗器械有限公司	生产企业	consumable
GYS0011548	河北万邦复临药业有限公司	生产企业/上市许可持有人	drug
GYS0011549	河北三九爱德福药业有限公司	生产企业/上市许可持有人	drug
GYS0011550	河北三信医药科技有限公司	生产企业	consumable
GYS0011551	河北三星医用乳胶制品有限公司	生产企业	consumable
GYS0011552	河北三石药业股份有限公司	生产企业/上市许可持有人	drug
GYS0011553	河北三禾实创生物科技有限公司	生产企业/上市许可持有人	drug
GYS0011554	河北世济通药械有限公司	生产企业	consumable
GYS0011555	河北东圣科宇医药科技有限公司	生产企业/上市许可持有人	drug
GYS0011556	河北东烨医疗器械有限公司	生产企业	consumable
GYS0011557	河北东风药业有限公司	生产企业/上市许可持有人	drug
GYS0011558	河北中唐医药有限公司	生产企业/上市许可持有人	drug
GYS0011559	河北中岳曦晖科技有限公司	生产企业	consumable
GYS0011560	河北中捷医疗器械有限公司	生产企业	consumable
GYS0011561	河北乐尔医疗设备有限公司	生产企业	consumable
GYS0011562	河北乐邦医疗器材有限公司	生产企业	consumable
GYS0011563	河北九汇医药制造有限公司	生产企业/上市许可持有人	drug
GYS0011564	河北九焱生物药业有限公司	生产企业	consumable
GYS0011565	河北予予康医疗用品有限公司	生产企业	consumable
GYS0011566	河北云山医疗器械有限公司	生产企业	consumable
GYS0011567	河北云朵医药科技有限公司	生产企业	consumable
GYS0011568	河北互帮医疗器械有限公司	生产企业	consumable
GYS0011569	河北亚东制药有限公司	生产企业	drug
GYS0011570	河北亚诺生物科技股份有限公司	生产企业/上市许可持有人	drug
GYS0011571	河北京诚博医疗器械有限公司	生产企业	consumable
GYS0011572	河北亮燕生物技术有限责任公司	生产企业	consumable
GYS0011573	河北亿方医疗器械有限公司	生产企业	consumable
GYS0011574	河北亿硕药业有限公司	生产企业/上市许可持有人	drug
GYS0011575	河北仁合益康药业有限公司	生产企业/上市许可持有人	drug
GYS0011576	河北今尔丰药业有限公司	生产企业	consumable
GYS0011577	河北众帮天成医疗器械科技有限公司	生产企业	consumable
GYS0011578	河北众帮生物科技有限公司	生产企业	consumable
GYS0011579	河北众硕医疗器械有限公司	生产企业	consumable
GYS0011580	河北优奇医疗器械有限公司	生产企业	consumable
GYS0011581	河北优瑞彤医疗器械有限公司	生产企业	consumable
GYS0011582	河北优科斯橡胶科技有限公司	生产企业	consumable
GYS0011583	河北佑安药业有限公司	生产企业/上市许可持有人	drug
GYS0011584	河北佳得菲美医疗器械有限公司	生产企业	consumable
GYS0011585	河北佳禾医疗器械有限公司	生产企业	consumable
GYS0011586	河北健宁药业有限公司	生产企业	drug
GYS0011587	河北兆阳医疗器械有限公司	生产企业	consumable
GYS0011588	河北光辉嘉业生物科技有限公司	生产企业	consumable
GYS0011589	河北兴隆希力药业有限公司	生产企业/上市许可持有人	drug
GYS0011590	河北冀荣医疗器械有限公司	生产企业	consumable
GYS0011591	河北冀衡药业股份有限公司	生产企业/上市许可持有人	drug
GYS0011592	河北凯博特医疗器械有限公司	生产企业	consumable
GYS0011593	河北凯威制药有限责任公司	生产企业/上市许可持有人	drug
GYS0011594	河北凯威恒诚制药有限公司	生产企业/上市许可持有人	drug
GYS0011595	河北凯诺制药有限公司	生产企业/上市许可持有人	drug
GYS0011596	河北创健药业有限公司	生产企业/上市许可持有人	drug
GYS0011597	河北创悦生物科技有限公司	生产企业	consumable
GYS0011598	河北利鑫制药有限公司	生产企业/上市许可持有人	drug
GYS0011599	河北助邦医疗设备有限公司	生产企业	consumable
GYS0011600	河北升蓝护泰医疗科技有限公司	生产企业	consumable
GYS0011601	河北华仁医疗设备有限公司	生产企业	consumable
GYS0011602	河北华仁堂药业有限公司	生产企业/上市许可持有人	drug
GYS0011603	河北华晨药业集团有限公司	生产企业/上市许可持有人	drug
GYS0011604	河北华蓝医疗器械有限公司	生产企业	consumable
GYS0011605	河北华鹰药业有限公司	生产企业/上市许可持有人	drug
GYS0011606	河北卓尔医疗器械有限公司	生产企业	consumable
GYS0011607	河北博川医疗器械有限公司	生产企业	consumable
GYS0011608	河北博瑞医疗器械有限公司	生产企业	consumable
GYS0011609	河北卫崭医疗科技有限公司	生产企业	consumable
GYS0011610	河北厚华医疗器械有限公司	生产企业	consumable
GYS0011611	河北厚德汉方医疗器械集团股份有限公司	生产企业	consumable
GYS0011612	河北可超医疗科技有限公司	生产企业	consumable
GYS0011613	河北合越医疗器械有限公司	生产企业	consumable
GYS0011614	河北同乐乳胶制品有限公司	生产企业	consumable
GYS0011615	河北同益医疗器械有限公司	生产企业	consumable
GYS0011616	河北君临药业有限公司	生产企业/上市许可持有人	drug
GYS0011617	河北君作医疗科技有限公司	生产企业	consumable
GYS0011618	河北君圣药业有限公司	生产企业/上市许可持有人	drug
GYS0011619	河北呈兴药业有限公司	生产企业/上市许可持有人	drug
GYS0011620	河北和平医疗器械厂	生产企业	consumable
GYS0011621	河北唐威药业有限公司	生产企业/上市许可持有人	drug
GYS0011622	河北唯美医疗器械有限公司	生产企业	consumable
GYS0011623	河北喜暖生物科技有限公司	生产企业	consumable
GYS0011624	河北国康医疗器械科技有限公司	生产企业	consumable
GYS0011625	河北国金药业有限责任公司	生产企业/上市许可持有人	drug
GYS0011626	河北坤裕嘉烨生物科技有限责任公司	生产企业	consumable
GYS0011627	河北备力佳医疗科技有限公司	生产企业	consumable
GYS0011628	河北多杰生物科技有限公司	生产企业	consumable
GYS0011629	河北天成药业股份有限公司	生产企业/上市许可持有人	drug
GYS0011630	河北天致药业有限公司	生产企业/上市许可持有人	drug
GYS0011631	河北奥世灏医疗器材有限公司	生产企业	consumable
GYS0011632	河北奥德嘉医疗器械有限公司	生产企业	consumable
GYS0011633	河北奥星集团药业有限公司	生产企业/上市许可持有人	drug
GYS0011634	河北奥欧博医疗科技有限公司	生产企业	consumable
GYS0011635	河北奥维康医疗器械有限公司	生产企业	consumable
GYS0011636	河北安嘉宜医疗器械有限公司	生产企业	consumable
GYS0011637	河北安国药业集团有限公司	生产企业/上市许可持有人	drug
GYS0011638	河北安琪胶业有限公司	生产企业	consumable
GYS0011639	河北安瑞医疗器械有限公司	生产企业	consumable
GYS0011640	河北安迪科正电子技术有限公司	生产企业	drug
GYS0011641	河北宏安塑胶制品有限公司	生产企业	consumable
GYS0011642	河北宏达卫生用品有限公司	生产企业	consumable
GYS0011643	河北宝塔医疗器械有限公司	生产企业	consumable
GYS0011644	河北宸宇为生材料有限公司	生产企业	consumable
GYS0011645	河北宸寰生物科技有限公司	生产企业/上市许可持有人	drug
GYS0011646	河北富格药业有限公司	生产企业/上市许可持有人	drug
GYS0011647	河北山姆士药业有限公司	生产企业/上市许可持有人	drug
GYS0011648	河北岸致达生物科技有限公司	生产企业	consumable
GYS0011649	河北峰晨路晓药业有限公司	生产企业/上市许可持有人	drug
GYS0011650	河北巨龙药业有限责任公司	生产企业/上市许可持有人	drug
GYS0011651	河北帮德医疗器械有限责任公司	生产企业	consumable
GYS0011652	河北常山生化药业股份有限公司	生产企业/上市许可持有人	drug
GYS0011653	河北平川医疗器械有限公司	生产企业	consumable
GYS0011654	河北库伯医疗器械有限公司	生产企业	consumable
GYS0011655	河北康信医疗科技有限公司	生产企业	consumable
GYS0011656	河北康卫仕医疗科技有限公司	生产企业	consumable
GYS0011657	河北康宁医疗器械有限公司	生产企业	consumable
GYS0011658	河北康实医疗器械有限公司	生产企业	consumable
GYS0011659	河北康惠医疗器械有限公司	生产企业	consumable
GYS0011660	河北康正药业有限公司	生产企业	consumable
GYS0011661	河北康泰药业有限公司	生产企业/上市许可持有人	drug
GYS0011662	河北康济药械有限公司	生产企业	consumable
GYS0011663	河北康生缘体育用品有限公司	生产企业	consumable
GYS0011664	河北康美制药股份有限公司	生产企业/上市许可持有人	drug
GYS0011665	河北康芝制药有限公司	生产企业/上市许可持有人	drug
GYS0011666	河北康誉医疗器械有限公司	生产企业	consumable
GYS0011667	河北建航科技有限公司	生产企业	consumable
GYS0011668	河北建轩贸易有限公司	生产企业	consumable
GYS0011669	河北开拓者医疗器械有限公司	生产企业	consumable
GYS0011670	河北弘悦医疗科技有限公司	生产企业	consumable
GYS0011671	河北彩润科技有限公司	生产企业	consumable
GYS0011672	河北御芝林药业有限公司	生产企业/上市许可持有人	drug
GYS0011673	河北循证医疗科技股份有限公司	生产企业	consumable
GYS0011674	河北德瑞康医疗科技有限公司	生产企业	consumable
GYS0011675	河北德诺医疗器械有限公司	生产企业	consumable
GYS0011676	河北恒利集团制药股份有限公司	生产企业/上市许可持有人	drug
GYS0011677	河北扁鹊制药有限公司	生产企业/上市许可持有人	drug
GYS0011678	河北拓顺医疗科技有限公司	生产企业	consumable
GYS0011679	河北振德医疗器械有限公司	生产企业	consumable
GYS0011680	河北政锐堂药业有限公司	生产企业	consumable
GYS0011681	河北文竹医疗器械有限公司	生产企业	consumable
GYS0011682	河北斯迈特医疗器械有限公司	生产企业	consumable
GYS0011683	河北新才医疗器械有限公司	生产企业	consumable
GYS0011684	河北新泉医疗科技有限公司	生产企业	consumable
GYS0011685	河北新石制药有限公司	生产企业/上市许可持有人	drug
GYS0011686	河北施诺康医疗器械有限责任公司	生产企业	consumable
GYS0011687	河北日航医疗科技有限公司	生产企业	consumable
GYS0011688	河北日邦医疗设备有限公司	生产企业	consumable
GYS0011689	河北明安医疗器械有限公司	生产企业	consumable
GYS0011690	河北明志康华生物科技有限公司	生产企业	consumable
GYS0011691	河北春晓医疗器械有限公司	生产企业	consumable
GYS0011692	河北春草生物科技有限公司	生产企业	consumable
GYS0011693	河北晓示医疗器械有限公司	生产企业	consumable
GYS0011694	河北晟宇医疗器械有限公司	生产企业	consumable
GYS0011695	河北晟安康医疗器械有限公司	生产企业	consumable
GYS0011696	河北晟泰生物科技有限公司	生产企业	consumable
GYS0011697	河北晨光药业有限公司	生产企业/上市许可持有人	drug
GYS0011698	河北普世达医疗器械有限公司	生产企业	consumable
GYS0011699	河北普尼医疗科技有限公司	生产企业	consumable
GYS0011700	河北智同生物制药股份有限公司	生产企业/上市许可持有人	drug
GYS0011701	河北智茂创达科技有限公司	生产企业	consumable
GYS0011702	河北智衍医疗器械有限公司	生产企业	consumable
GYS0011703	河北智雾医疗科技有限公司	生产企业	consumable
GYS0011704	河北朗天医疗器械有限公司	生产企业	consumable
GYS0011705	河北未觉医疗器械有限公司	生产企业	consumable
GYS0011706	河北朴舟药业有限公司	生产企业/上市许可持有人	drug
GYS0011707	河北林益堂药业有限公司	生产企业	consumable
GYS0011708	河北橘井药业有限公司	生产企业/上市许可持有人	drug
GYS0011709	河北橡一医药科技股份有限公司	生产企业	consumable
GYS0011710	河北欧瑞医药有限公司	生产企业	consumable
GYS0011711	河北武罗药业有限公司	生产企业/上市许可持有人	drug
GYS0011712	河北永丰药业有限公司	生产企业/上市许可持有人	drug
GYS0011713	河北永鹏医疗器械有限公司	生产企业	consumable
GYS0011714	河北求实医疗器械科技有限公司	生产企业	consumable
GYS0011715	河北汇友医疗器械有限公司	生产企业	consumable
GYS0011716	河北汇邦医药科技有限公司	生产企业	consumable
GYS0011717	河北沃尔享医疗科技有限公司	生产企业	consumable
GYS0011718	河北沃尔堡医疗器械有限公司	生产企业	consumable
GYS0011719	河北沃德普克医疗器械有限公司	生产企业	consumable
GYS0011720	河北沐晨医疗器械有限公司	生产企业	consumable
GYS0011721	河北泓江医疗器械有限公司	生产企业	consumable
GYS0011722	河北法迈特科技发展有限公司	生产企业	consumable
GYS0011723	河北泰诺格生物科技有限公司	生产企业	consumable
GYS0011724	河北泽丰科技有限公司	生产企业	consumable
GYS0011725	河北泽健医疗器械有限公司	生产企业	consumable
GYS0011726	河北泽运生物医药科技有限公司	生产企业/上市许可持有人	drug
GYS0011727	河北海思开尔医院管理股份有限公司	生产企业	consumable
GYS0011728	河北海棠花医疗器械有限公司	生产企业	consumable
GYS0011729	河北涉源医疗科技有限公司	生产企业	consumable
GYS0011730	河北润茂生物科技有限公司	生产企业	consumable
GYS0011731	河北深灵医疗科技有限公司	生产企业	consumable
GYS0011732	河北源润医疗器械股份有限公司	生产企业	consumable
GYS0011733	河北煜杰医疗器械有限公司	生产企业	consumable
GYS0011734	河北爱利普医疗科技有限公司	生产企业	consumable
GYS0011735	河北爱尔海泰制药有限公司	生产企业/上市许可持有人	drug
GYS0011736	河北爱普制药有限公司	生产企业/上市许可持有人	drug
GYS0011737	河北爱能生物科技股份有限公司	生产企业	consumable
GYS0011738	河北爱西欧医疗设备科技有限公司	生产企业	consumable
GYS0011739	河北特佰汇医疗器械有限公司	生产企业	consumable
GYS0011740	河北玖田医疗器械有限公司	生产企业	consumable
GYS0011741	河北瑞扬医疗器械有限公司	生产企业	consumable
GYS0011742	河北瑞森药业有限公司	生产企业/上市许可持有人	drug
GYS0011743	河北瑞翰医疗器械科技有限公司	生产企业	consumable
GYS0011744	河北瑞诺医疗器械股份有限公司	生产企业	consumable
GYS0011745	河北瑞长达医疗科技有限公司	生产企业	consumable
GYS0011746	河北瑞鹤医疗器械有限公司	生产企业	consumable
GYS0011747	河北白圭医疗科技有限公司	生产企业	consumable
GYS0011748	河北百善药业有限公司	生产企业/上市许可持有人	drug
GYS0011749	河北百草源药业有限公司	生产企业	consumable
GYS0011750	河北盛万保医疗用品有限公司	生产企业	consumable
GYS0011751	河北盛全医疗器械有限公司	生产企业	consumable
GYS0011752	河北盛华尔生物医疗科技有限公司	生产企业	consumable
GYS0011753	河北省乐益迪医疗器械有限公司	生产企业	consumable
GYS0011754	河北真仁钩活术医学技术发展有限公司	生产企业	consumable
GYS0011755	河北真定医疗器械有限公司	生产企业	consumable
GYS0011756	河北睢美医疗科技有限公司	生产企业	consumable
GYS0011757	河北睿泰医疗器械技术开发有限公司	生产企业	consumable
GYS0011758	河北睿济堂中药股份有限公司	生产企业/上市许可持有人	drug
GYS0011759	河北碧迪医疗技术有限公司	生产企业	consumable
GYS0011760	河北神威药业有限公司	生产企业/上市许可持有人	drug
GYS0011761	河北神达药业有限公司	生产企业	drug
GYS0011762	河北祥开医疗器械有限公司	生产企业	consumable
GYS0011763	河北福寿园医疗器械有限公司	生产企业	consumable
GYS0011764	河北科普瑞医疗科技有限公司	生产企业	consumable
GYS0011765	河北科硕生物技术有限公司	生产企业	consumable
GYS0011766	河北窦汉卿生物科技有限公司	生产企业	consumable
GYS0011767	河北童科生物科技有限公司	生产企业	consumable
GYS0011768	河北精放医疗器械科技有限公司	生产企业	consumable
GYS0011769	河北精硕生物科技有限公司	生产企业	consumable
GYS0011770	河北紫薇山制药有限责任公司	生产企业	consumable
GYS0011771	河北维格拉医疗器械有限公司	生产企业	consumable
GYS0011772	河北美图制药有限责任公司	生产企业/上市许可持有人	drug
GYS0011773	河北美瑞医疗器械有限公司	生产企业	consumable
GYS0011774	河北翔远医疗器械股份有限公司	生产企业	consumable
GYS0011775	河北翔锐医疗器械有限公司	生产企业	consumable
GYS0011776	河北翰林生物科技有限公司	生产企业	consumable
GYS0011777	河北耐思影像材料有限公司	生产企业	consumable
GYS0011778	河北聚珺堂医药科技有限公司	生产企业	consumable
GYS0011779	河北聪源义齿有限公司	生产企业	consumable
GYS0011780	河北胜济特医疗器械有限公司	生产企业	consumable
GYS0011781	河北舒耐医疗器械有限公司	生产企业	consumable
GYS0011782	河北舒适医疗设备有限公司	生产企业	consumable
GYS0011783	河北良工医疗器械有限公司	生产企业	consumable
GYS0011784	河北艾易医疗器械科技有限公司	生产企业	consumable
GYS0011785	河北英曼卡科技有限公司	生产企业	consumable
GYS0011786	河北英治医疗器械科研有限公司	生产企业	consumable
GYS0011787	河北荣翔医疗器械有限公司	生产企业	consumable
GYS0011788	河北药王集团股份有限公司	生产企业/上市许可持有人	drug
GYS0011789	河北菲克思医疗器械有限公司	生产企业	consumable
GYS0011790	河北菲凡生物科技有限公司	生产企业	consumable
GYS0011791	河北誉世康医疗科技有限公司	生产企业	consumable
GYS0011792	河北诺盛科创生物科技有限公司	生产企业	consumable
GYS0011793	河北谊安奥美医疗设备有限公司	生产企业	consumable
GYS0011794	河北豪邦医疗器械有限公司	生产企业	consumable
GYS0011795	河北贝施诺医疗器械有限公司	生产企业	consumable
GYS0011796	河北超然医疗器械有限公司	生产企业	consumable
GYS0011797	河北达昌生物科技有限公司	生产企业	consumable
GYS0011798	河北迅康科技有限公司	生产企业	consumable
GYS0011799	河北迈尚医疗器械有限公司	生产企业	consumable
GYS0011800	河北迈德斯特医药科技有限公司	生产企业/上市许可持有人	drug
GYS0011801	河北迈德泰克医疗科技有限公司	生产企业	consumable
GYS0011802	河北迈枝医疗科技有限公司	生产企业	consumable
GYS0011803	河北迪安医疗科技有限公司	生产企业	consumable
GYS0011804	河北通络药业有限公司	生产企业/上市许可持有人	drug
GYS0011805	河北道恩药业有限公司	生产企业/上市许可持有人	drug
GYS0011806	河北邦恩斯医疗器械有限公司	生产企业	consumable
GYS0011807	河北金伟康医疗器械有限公司	生产企业	consumable
GYS0011808	河北金兴制药有限公司	生产企业/上市许可持有人	drug
GYS0011809	河北金帆医疗科技有限公司	生产企业	consumable
GYS0011810	河北金康安医疗器械科技有限公司	生产企业	consumable
GYS0011811	河北金洁卫生科技有限公司	生产企业	consumable
GYS0011812	河北金牛药业科技有限公司	生产企业/上市许可持有人	drug
GYS0011813	河北金盛达医疗用品有限公司	生产企业	consumable
GYS0011814	河北金芳制药有限公司	生产企业/上市许可持有人	drug
GYS0011815	河北金钟制药有限公司	生产企业/上市许可持有人	drug
GYS0011816	河北金鹏康医疗器械有限公司	生产企业	consumable
GYS0011817	河北鑫乐医疗器械科技股份有限公司	生产企业	consumable
GYS0011818	河北鑫仁康医疗器械有限公司	生产企业	consumable
GYS0011819	河北长天药业有限公司	生产企业/上市许可持有人	drug
GYS0011820	河北雄安中基科生物科技有限公司	生产企业	consumable
GYS0011821	河北雅之颜医药有限公司	生产企业	consumable
GYS0011822	河北雅倍佳医疗器械有限公司	生产企业	consumable
GYS0011823	河北雅臻美医疗器械有限公司	生产企业	consumable
GYS0011824	河北青石药业有限公司	生产企业	consumable
GYS0011825	河北靓雅义齿有限公司	生产企业	consumable
GYS0011826	河北驰康生物科技有限公司	生产企业	consumable
GYS0011827	河北高崎维康医疗器械有限公司	生产企业	consumable
GYS0011828	河北鼎力医疗器械有限公司	生产企业	consumable
GYS0011829	河北鼎宇医疗设备有限公司	生产企业	consumable
GYS0011830	河北鼎泰医药科技有限公司	生产企业	consumable
GYS0011831	河北齿皓医疗器械有限公司	生产企业	consumable
GYS0011832	河北龙海药业有限公司	生产企业/上市许可持有人	drug
GYS0011833	河南万福康医疗器械有限公司	生产企业	consumable
GYS0011834	河南三乐医疗器械有限公司	生产企业	consumable
GYS0011835	河南三星医疗器械有限公司	生产企业	consumable
GYS0011836	河南三耀医疗器械有限公司	生产企业	consumable
GYS0011837	河南上恒医药科技有限公司	生产企业/上市许可持有人	drug
GYS0011838	河南东联医疗科技有限公司	生产企业	consumable
GYS0011839	河南丝绸之宝卫生用品有限公司	生产企业	consumable
GYS0011840	河南中帅药业有限公司	生产企业/上市许可持有人	drug
GYS0011841	河南中杰药业有限公司	生产企业/上市许可持有人	drug
GYS0011842	河南中栋医疗科技有限公司	生产企业	consumable
GYS0011843	河南中艾健康科技有限公司	生产企业	consumable
GYS0011844	河南中象医疗保健器械有限公司	生产企业	consumable
GYS0011845	河南久益科技有限公司	生产企业	consumable
GYS0011846	河南乐尔欣医疗科技有限公司	生产企业	consumable
GYS0011847	河南乐欣尔医疗科技有限公司	生产企业	consumable
GYS0011848	河南乐邦医疗器械有限公司	生产企业	consumable
GYS0011849	河南九势制药股份有限公司	生产企业/上市许可持有人	drug
GYS0011850	河南乾奉天医学科技有限公司	生产企业	consumable
GYS0011851	河南云之康康复辅助器具有限公司	生产企业	consumable
GYS0011852	河南亚太医疗用品有限公司	生产企业	consumable
GYS0011853	河南亚都实业有限公司	生产企业	consumable
GYS0011854	河南享科生物医药科技有限公司	生产企业	consumable
GYS0011855	河南仓迪生物科技有限公司	生产企业	consumable
GYS0011856	河南以斯帖生物科技有限公司	生产企业	consumable
GYS0011857	河南仲景药业股份有限公司	生产企业	drug
GYS0011858	河南伊克莱贝森医疗器械有限公司	生产企业	consumable
GYS0011859	河南众泰恩医疗科技有限公司	生产企业	consumable
GYS0011860	河南优卓医疗科技有限公司	生产企业	consumable
GYS0011861	河南优影电子科技有限公司	生产企业	consumable
GYS0011862	河南优得生物技术有限公司	生产企业	consumable
GYS0011863	河南传诺堂医疗设备有限公司	生产企业	consumable
GYS0011864	河南体健医疗器械有限公司	生产企业	consumable
GYS0011865	河南保时达医疗科技有限责任公司	生产企业	consumable
GYS0011866	河南信心药业有限公司	生产企业/上市许可持有人	drug
GYS0011867	河南信颖健康产业有限公司	生产企业	consumable
GYS0011868	河南修康药业集团有限公司	生产企业	consumable
GYS0011869	河南修药药业集团有限公司	生产企业	consumable
GYS0011870	河南健和实业有限公司	生产企业	consumable
GYS0011871	河南健威医疗器械有限公司	生产企业	consumable
GYS0011872	河南健康广济生物技术有限公司	生产企业	consumable
GYS0011873	河南健立达医疗器械有限公司	生产企业	consumable
GYS0011874	河南先防医用防护用品有限公司	生产企业	consumable
GYS0011875	河南光明医药科技有限公司	生产企业	consumable
GYS0011876	河南兢仁医疗设备有限公司	生产企业	consumable
GYS0011877	河南全唯爱医药科技有限公司	生产企业	consumable
GYS0011878	河南全宇制药股份有限公司	生产企业/上市许可持有人	drug
GYS0011879	河南全民康健生物科技发展有限公司	生产企业	consumable
GYS0011880	河南兴恒医疗用品有限公司	生产企业	consumable
GYS0011881	河南兴源制药有限公司	生产企业/上市许可持有人	drug
GYS0011882	河南函泰医疗科技有限公司	生产企业	consumable
GYS0011883	河南创双医疗器械有限公司	生产企业	consumable
GYS0011884	河南创杰医疗科技有限公司	生产企业	consumable
GYS0011885	河南创能医疗器械有限公司	生产企业	consumable
GYS0011886	河南利可医疗科技有限公司	生产企业	consumable
GYS0011887	河南利欣制药股份有限公司	生产企业/上市许可持有人	drug
GYS0011888	河南医仁医疗器械有限公司	生产企业	consumable
GYS0011889	河南医艾雅医疗器械有限公司	生产企业	consumable
GYS0011890	河南千牛卫医药科技有限公司	生产企业	consumable
GYS0011891	河南千遂药业有限公司	生产企业	consumable
GYS0011892	河南华峰制药有限公司	生产企业	drug,consumable
GYS0011893	河南华林医疗器械有限公司	生产企业	consumable
GYS0011894	河南华臻医疗器械有限公司	生产企业	consumable
GYS0011895	河南华都医疗器械有限公司	生产企业	consumable
GYS0011896	河南华雒康润药业有限公司	生产企业/上市许可持有人	drug
GYS0011897	河南协和医疗器械制品有限公司	生产企业	consumable
GYS0011898	河南卓诚医疗器械有限公司	生产企业	consumable
GYS0011899	河南博信药业有限公司	生产企业/上市许可持有人	drug
GYS0011900	河南博创医疗科技有限公司	生产企业	consumable
GYS0011901	河南博恩医疗新技术有限公司	生产企业	consumable
GYS0011902	河南博晨医疗器械有限公司	生产企业	consumable
GYS0011903	河南博爱医疗用品有限公司	生产企业	consumable
GYS0011904	河南博路医疗器械有限公司	生产企业	consumable
GYS0011905	河南卡瓦义齿科技有限公司	生产企业	consumable
GYS0011906	河南印何阗生物科技有限公司	生产企业	consumable
GYS0011907	河南双鹤华利药业有限公司	生产企业/上市许可持有人	drug
GYS0011908	河南合众药业有限公司	生产企业	consumable
GYS0011909	河南合智医药科技有限公司	生产企业/上市许可持有人	drug
GYS0011910	河南吉合医疗器械有限公司	生产企业	consumable
GYS0011911	河南同源制药有限公司	生产企业/上市许可持有人	drug
GYS0011912	河南名锐药业有限责任公司	生产企业	consumable
GYS0011913	河南吕真人医药科技有限公司	生产企业	consumable
GYS0011914	河南君善生物技术有限公司	生产企业/上市许可持有人	drug
GYS0011915	河南君安康医疗设备销售有限公司	生产企业	consumable
GYS0011916	河南君盟医疗设备有限公司	生产企业	consumable
GYS0011917	河南启轩医疗器械有限公司	生产企业	consumable
GYS0011918	河南和济堂生物科技有限公司	生产企业	consumable
GYS0011919	河南善仁医疗科技有限公司	生产企业	consumable
GYS0011920	河南嘉宇医疗科技有限责任公司	生产企业	consumable
GYS0011921	河南嘉影医疗器械有限公司	生产企业	consumable
GYS0011922	河南国祯药业有限公司	生产企业	consumable
GYS0011923	河南圣士康医疗器械有限公司	生产企业	consumable
GYS0011924	河南圣杰医疗器械有限公司	生产企业	consumable
GYS0011925	河南圣玛斯科技有限公司	生产企业	consumable
GYS0011926	河南圣贤医疗器械有限公司	生产企业	consumable
GYS0011927	河南圣邦科技发展有限公司	生产企业	consumable
GYS0011928	河南垣创医疗器械有限公司	生产企业	consumable
GYS0011929	河南埃纳生医疗科技有限公司	生产企业	consumable
GYS0011930	河南大兵实业有限公司	生产企业	consumable
GYS0011931	河南大博医疗器械科技有限公司	生产企业	consumable
GYS0011932	河南大新药业有限公司	生产企业/上市许可持有人	drug
GYS0011933	河南大豆医疗科技有限公司	生产企业	consumable
GYS0011934	河南天中堂生物科技有限公司	生产企业	consumable
GYS0011935	河南天和卫生材料有限公司	生产企业	consumable
GYS0011936	河南天地药业股份有限公司	生产企业/上市许可持有人	drug
GYS0011937	河南天方华中药业有限公司	生产企业/上市许可持有人	drug
GYS0011938	河南天方药业中药有限公司	生产企业/上市许可持有人	drug
GYS0011939	河南天樾医疗科技有限公司	生产企业	consumable
GYS0011940	河南天致药业有限公司	生产企业/上市许可持有人	drug
GYS0011941	河南太龙药业股份有限公司	生产企业/上市许可持有人	drug
GYS0011942	河南妙正医药有限公司	生产企业	consumable
GYS0011943	河南威尔森医疗器械有限公司	生产企业	consumable
GYS0011944	河南威诺敦医疗器械有限公司	生产企业	consumable
GYS0011945	河南宇宙人工晶状体研制有限公司	生产企业	consumable
GYS0011946	河南安与庆防护用品有限公司	生产企业	consumable
GYS0011947	河南安得医疗科技有限公司	生产企业	consumable
GYS0011948	河南宛东药业有限公司	生产企业/上市许可持有人	drug
GYS0011949	河南宛仲中医药健康产业有限公司	生产企业	consumable
GYS0011950	河南家护宝医疗器械有限公司	生产企业	consumable
GYS0011951	河南容康医疗器械有限公司	生产企业	consumable
GYS0011952	河南寿尔康健康产业有限公司	生产企业	consumable
GYS0011953	河南小葫芦生物科技有限公司	生产企业	consumable
GYS0011954	河南小邦生物科技有限公司	生产企业	consumable
GYS0011955	河南尧顺堂医药科技有限公司	生产企业	consumable
GYS0011956	河南广通医疗器械有限公司	生产企业	consumable
GYS0011957	河南应天药业有限公司	生产企业	consumable
GYS0011958	河南庚贤堂制药有限公司	生产企业/上市许可持有人	drug
GYS0011959	河南康世源医药科技有限公司	生产企业	consumable
GYS0011960	河南康之梦医药科技有限公司	生产企业	consumable
GYS0011961	河南康之芽医疗用品有限公司	生产企业	consumable
GYS0011962	河南康复源医药科技有限公司	生产企业	consumable
GYS0011963	河南康安贝医疗科技有限公司	生产企业	consumable
GYS0011964	河南康宸医疗器械有限公司	生产企业	consumable
GYS0011965	河南康尔健医疗科技有限公司	生产企业	consumable
GYS0011966	河南康平医疗器械有限公司	生产企业	consumable
GYS0011967	河南康满馨实业有限公司	生产企业	consumable
GYS0011968	河南康灸来医疗科技有限公司	生产企业	consumable
GYS0011969	河南康迪药械有限公司	生产企业	consumable
GYS0011970	河南康适利实业有限公司	生产企业	consumable
GYS0011971	河南弘辉医疗科技有限公司	生产企业	consumable
GYS0011972	河南强森微创医疗器械有限公司	生产企业	consumable
GYS0011973	河南强汇医疗器械有限公司	生产企业	consumable
GYS0011974	河南彼德医疗器械有限公司	生产企业	consumable
GYS0011975	河南御诺医疗科技有限公司	生产企业	consumable
GYS0011976	河南御鑫堂生物科技有限责任公司	生产企业	consumable
GYS0011977	河南德恩医疗科技股份有限公司	生产企业	consumable
GYS0011978	河南德源祥生物科技有限公司	生产企业	consumable
GYS0011979	河南德熙生物研发科技有限公司	生产企业	consumable
GYS0011980	河南德钰医疗器械有限公司	生产企业	consumable
GYS0011981	河南德高实业股份有限公司	生产企业	consumable
GYS0011982	河南德鸿医疗科技有限公司	生产企业	consumable
GYS0011983	河南心愿康复器材有限公司	生产企业	consumable
GYS0011984	河南思源医疗器械有限公司	生产企业	consumable
GYS0011985	河南恒冉医疗器械有限公司	生产企业	consumable
GYS0011986	河南恒春堂药业有限公司	生产企业	consumable
GYS0011987	河南恒鹏医疗器械有限公司	生产企业	consumable
GYS0011988	河南意诺康医疗器械有限公司	生产企业	consumable
GYS0011989	河南慧超医疗器械有限公司	生产企业	consumable
GYS0011990	河南承东生物科技有限公司	生产企业	consumable
GYS0011991	河南护牙天使医疗器械有限公司	生产企业	consumable
GYS0011992	河南拉瓦医疗技术有限公司	生产企业	consumable
GYS0011993	河南振德医疗用品有限公司	生产企业	consumable
GYS0011994	河南捷康义齿制作有限公司	生产企业	consumable
GYS0011995	河南新乡华星药厂	生产企业/上市许可持有人	drug
GYS0011996	河南新亚医疗器械有限公司	生产企业	consumable
GYS0011997	河南新博睿数字医疗科技有限公司	生产企业	consumable
GYS0011998	河南新卫医疗器械有限公司	生产企业	consumable
GYS0011999	河南新永泰医药科技有限公司	生产企业	consumable
GYS0012000	河南方圆药业有限公司	生产企业/上市许可持有人	drug
GYS0012001	河南时时康医疗科技有限公司	生产企业	consumable
GYS0012002	河南时珍制药有限公司	生产企业/上市许可持有人	drug
GYS0012003	河南昆安医药有限公司	生产企业	consumable
GYS0012004	河南昊枫医疗器械有限公司	生产企业	consumable
GYS0012005	河南明冠义齿科技有限公司	生产企业	consumable
GYS0012006	河南明善堂药业有限公司	生产企业/上市许可持有人	drug
GYS0012007	河南星禾医疗科技有限公司	生产企业	consumable
GYS0012008	河南星辰生物科技有限公司	生产企业	consumable
GYS0012009	河南昱影医疗科技有限公司	生产企业	consumable
GYS0012010	河南晟航医疗科技有限公司	生产企业	consumable
GYS0012011	河南普瑞制药有限公司	生产企业/上市许可持有人	drug
GYS0012012	河南景隆医疗科技有限公司	生产企业	consumable
GYS0012013	河南智佐生物科技有限公司	生产企业	consumable
GYS0012014	河南智领医疗设备有限公司	生产企业	consumable
GYS0012015	河南曙光健士医疗器械集团股份有限公司	生产企业	consumable
GYS0012016	河南曙光健士实业发展有限公司	生产企业	consumable
GYS0012017	河南曙光汇知康生物科技股份有限公司	生产企业	consumable
GYS0012018	河南本布鲁特医疗用品有限公司	生产企业	consumable
GYS0012019	河南李家御医药业有限公司	生产企业	consumable
GYS0012020	河南杰东药业有限公司	生产企业	consumable
GYS0012021	河南柯尼兹医疗器械有限公司	生产企业	consumable
GYS0012022	河南树仁新材料有限公司	生产企业	consumable
GYS0012023	河南森桐医疗器械有限公司	生产企业	consumable
GYS0012024	河南森联天科医药科技有限公司	生产企业	consumable
GYS0012025	河南森航医疗科技有限公司	生产企业	consumable
GYS0012026	河南樊启医疗器械有限公司	生产企业	consumable
GYS0012027	河南欣泰药业有限公司	生产企业/上市许可持有人	drug
GYS0012028	河南正华医疗科技有限公司	生产企业	consumable
GYS0012029	河南比福制药股份有限公司	生产企业/上市许可持有人	drug
GYS0012030	河南永和制药有限公司	生产企业/上市许可持有人	drug
GYS0012031	河南汇博医疗股份有限公司	生产企业	consumable
GYS0012032	河南汇鑫源生物科技有限公司	生产企业	consumable
GYS0012033	河南沃得轩生物科技有限公司	生产企业	consumable
GYS0012034	河南沃迈生物科技有限公司	生产企业	consumable
GYS0012035	河南河畔医疗科技有限公司	生产企业	consumable
GYS0012036	河南泓亿卫材科技有限公司	生产企业	consumable
GYS0012037	河南泓瑞祥医疗科技有限公司	生产企业	consumable
GYS0012038	河南泰丰生物科技有限公司	生产企业/上市许可持有人	drug
GYS0012039	河南泰合医疗器械制造有限公司	生产企业	consumable
GYS0012040	河南泰宇高分医疗器械有限公司	生产企业	consumable
GYS0012041	河南泰康生物科技有限公司	生产企业	consumable
GYS0012042	河南泰瑞康医疗器械有限公司	生产企业	consumable
GYS0012043	河南泽康八易医疗科技有限公司	生产企业	consumable
GYS0012044	河南洁利康医疗用品有限公司	生产企业	consumable
GYS0012045	河南派尔医疗器械有限公司	生产企业	consumable
GYS0012046	河南济世药业有限公司	生产企业/上市许可持有人	drug
GYS0012047	河南济众惠康医疗科技有限公司	生产企业	consumable
GYS0012048	河南浦强医疗科技有限公司	生产企业	consumable
GYS0012049	河南海易康药业有限公司	生产企业	consumable
GYS0012050	河南海月康复辅具服务有限公司	生产企业	consumable
GYS0012051	河南润弘制药股份有限公司	生产企业/上市许可持有人	drug
GYS0012052	河南润弘本草制药有限公司	生产企业/上市许可持有人	drug
GYS0012053	河南润影医疗科技有限公司	生产企业	consumable
GYS0012054	河南润正医疗器械有限公司	生产企业	consumable
GYS0012055	河南润灵药业有限公司	生产企业	consumable
GYS0012056	河南润诚医疗器械有限公司	生产企业	consumable
GYS0012057	河南清道夫生物科技有限公司	生产企业	consumable
GYS0012058	河南灵佑药业股份有限公司	生产企业/上市许可持有人	drug
GYS0012059	河南煜博医疗器械制造有限公司	生产企业	consumable
GYS0012060	河南玖康医疗用品有限公司	生产企业	consumable
GYS0012061	河南珂惠医疗科技有限公司	生产企业	consumable
GYS0012062	河南珍康医疗器械有限公司	生产企业	consumable
GYS0012063	河南琪乐医疗器械有限公司	生产企业	consumable
GYS0012064	河南瑞博特医疗器械有限公司	生产企业	consumable
GYS0012065	河南瑞昌医疗器械制造有限公司	生产企业	consumable
GYS0012066	河南瑞禾医疗器械有限责任公司	生产企业	consumable
GYS0012067	河南瑞科医疗器械有限公司	生产企业	consumable
GYS0012068	河南甄康医药科技有限公司	生产企业	consumable
GYS0012069	河南生命鸟药业有限公司	生产企业/上市许可持有人	drug
GYS0012070	河南畅民健康用品有限公司	生产企业	consumable
GYS0012071	河南百乐适卫生用品有限公司	生产企业	consumable
GYS0012072	河南百年康鑫药业有限公司	生产企业/上市许可持有人	drug
GYS0012073	河南皓轩医疗科技有限公司	生产企业	consumable
GYS0012074	河南盈兮堂生物科技有限公司	生产企业	consumable
GYS0012075	河南盛世伟业医疗器械制造有限公司	生产企业	consumable
GYS0012076	河南盛华医疗器械有限公司	生产企业	consumable
GYS0012077	河南省三实医疗器械有限公司	生产企业	consumable
GYS0012078	河南省东肯医疗科技有限公司	生产企业	consumable
GYS0012079	河南省中健医疗器械有限公司	生产企业	consumable
GYS0012080	河南省中和信医用设备有限公司	生产企业	consumable
GYS0012081	河南省中安医疗器械有限公司	生产企业	consumable
GYS0012082	河南省中晟祥和卫材有限公司	生产企业	consumable
GYS0012083	河南省中秀医疗器械有限公司	生产企业	consumable
GYS0012084	河南省丽飞医疗器械有限责任公司	生产企业	consumable
GYS0012085	河南省久特医疗科技有限公司	生产企业	consumable
GYS0012086	河南省亚西医疗器械有限公司	生产企业	consumable
GYS0012087	河南省佳康医疗器械有限责任公司	生产企业	consumable
GYS0012088	河南省侨佰特医疗器械有限公司	生产企业	consumable
GYS0012089	河南省健琪医疗器械有限公司	生产企业	consumable
GYS0012090	河南省先进医疗科技有限公司	生产企业	consumable
GYS0012091	河南省兴优医疗器械有限公司	生产企业	consumable
GYS0012092	河南省军帅医疗器械有限公司	生产企业	consumable
GYS0012093	河南省凯泰医疗器械有限公司	生产企业	consumable
GYS0012094	河南省升元医用卫材有限公司	生产企业	consumable
GYS0012095	河南省华裕医疗器械有限公司	生产企业	consumable
GYS0012096	河南省博越医疗器械有限公司	生产企业	consumable
GYS0012097	河南省卫信医疗器械有限公司	生产企业	consumable
GYS0012098	河南省双庆医疗器械有限公司	生产企业	consumable
GYS0012099	河南省古洛方中医药研究院有限公司	生产企业	consumable
GYS0012100	河南省合康实业有限公司	生产企业	consumable
GYS0012101	河南省同华卫材有限公司	生产企业	consumable
GYS0012102	河南省和创医疗器械有限公司	生产企业	consumable
GYS0012103	河南省四方药业集团有限公司	生产企业	drug
GYS0012104	河南省四知堂制药有限公司	生产企业	drug
GYS0012105	河南省圣宏医疗器械有限公司	生产企业	consumable
GYS0012106	河南省大图医用制品有限公司	生产企业	consumable
GYS0012107	河南省奥林特药业有限公司	生产企业/上市许可持有人	drug
GYS0012108	河南省奥邦医疗器械有限公司	生产企业	consumable
GYS0012109	河南省宇安医疗科技开发有限公司	生产企业	consumable
GYS0012110	河南省安邦卫材有限公司	生产企业	consumable
GYS0012111	河南省富瑞德医疗设备有限公司	生产企业	consumable
GYS0012112	河南省尚品辅助器具科技有限公司	生产企业	consumable
GYS0012113	河南省广康药业有限公司	生产企业	drug
GYS0012114	河南省康之福医疗器械有限公司	生产企业	consumable
GYS0012115	河南省康华药业股份有限公司	生产企业/上市许可持有人	drug
GYS0012116	河南省康源生物工程技术有限公司	生产企业	consumable
GYS0012117	河南省弘仁医疗器械有限公司	生产企业	consumable
GYS0012118	河南省恒日医疗器械有限公司	生产企业	consumable
GYS0012119	河南省戈尔医疗器械有限公司	生产企业	consumable
GYS0012120	河南省斯科赛斯科技发展有限公司	生产企业	consumable
GYS0012121	河南省新医卫生材料有限公司	生产企业	consumable
GYS0012122	河南省新四方制药有限公司	生产企业/上市许可持有人	drug
GYS0012123	河南省新思特医疗器械有限公司	生产企业	consumable
GYS0012124	河南省新诺兰医疗器械有限公司	生产企业	consumable
GYS0012125	河南省新迪医疗器械有限公司	生产企业	consumable
GYS0012126	河南省昊德康医疗器械有限责任公司	生产企业	consumable
GYS0012127	河南省景康医疗器械有限公司	生产企业	consumable
GYS0012128	河南省民健齿科材料有限公司	生产企业	consumable
GYS0012129	河南省民安康复辅助器具研究院有限公司	生产企业	consumable
GYS0012130	河南省永春医药科技有限公司	生产企业	consumable
GYS0012131	河南省洛正医疗器械厂	生产企业	consumable
GYS0012132	河南省洛正药业有限责任公司	生产企业/上市许可持有人	drug
GYS0012133	河南省海亚医疗器械有限公司	生产企业	consumable
GYS0012134	河南省润方医疗器械有限公司	生产企业	consumable
GYS0012135	河南省特防医疗器械有限公司	生产企业	consumable
GYS0012136	河南省珠峰医疗器械有限公司	生产企业	consumable
GYS0012137	河南省琪淼医疗科技有限公司	生产企业	consumable
GYS0012138	河南省百亚医疗器械有限公司	生产企业	consumable
GYS0012139	河南省百泉制药有限公司	生产企业/上市许可持有人	drug
GYS0012140	河南省神农药业有限公司	生产企业	drug
GYS0012141	河南省福林制药厂	生产企业	drug
GYS0012142	河南省福迪医疗器械有限公司	生产企业	consumable
GYS0012143	河南省科隆医疗器械有限公司	生产企业	consumable
GYS0012144	河南省美付康医疗器械有限公司	生产企业	consumable
GYS0012145	河南省舒尔健实业有限公司	生产企业	consumable
GYS0012146	河南省芦氏生物科技有限公司	生产企业	consumable
GYS0012147	河南省荣贝得医疗器械有限公司	生产企业	consumable
GYS0012148	河南省莱格医疗科技有限公司	生产企业	consumable
GYS0012149	河南省蓝天医疗器械有限公司	生产企业	consumable
GYS0012150	河南省诗贝雅医疗器械商贸有限公司	生产企业	consumable
GYS0012151	河南省豪政医疗器械有限公司	生产企业	consumable
GYS0012152	河南省豫北医疗科技有限公司	生产企业	consumable
GYS0012153	河南省豫北卫材有限公司	生产企业	consumable
GYS0012154	河南省贴敷医学技术有限公司	生产企业	consumable
GYS0012155	河南省贵宝万医疗设备有限公司	生产企业	consumable
GYS0012156	河南省超亚医药器械有限公司	生产企业	consumable
GYS0012157	河南省超亚新材料有限公司	生产企业	consumable
GYS0012158	河南省运达医疗器械有限公司	生产企业	consumable
GYS0012159	河南省连旗盛世医疗器械有限公司	生产企业	consumable
GYS0012160	河南省鑫美义齿制作有限公司	生产企业	consumable
GYS0012161	河南省雪晴医疗器械有限公司	生产企业	consumable
GYS0012162	河南省雷神医疗科技有限公司	生产企业	consumable
GYS0012163	河南省驼人医疗科技有限公司	生产企业	consumable
GYS0012164	河南省鼎升医疗器械有限公司	生产企业	consumable
GYS0012165	河南省龙棚医疗器械有限公司	生产企业	consumable
GYS0012166	河南真实生物科技有限公司	生产企业/上市许可持有人	drug
GYS0012167	河南睿诚医药科技有限公司	生产企业	consumable
GYS0012168	河南硕植医疗器械有限公司	生产企业	consumable
GYS0012169	河南祥禾卫材有限公司	生产企业	consumable
GYS0012170	河南福森药业有限公司	生产企业/上市许可持有人	drug
GYS0012171	河南福润药业有限公司	生产企业	consumable
GYS0012172	河南禹生医疗器械有限责任公司	生产企业	consumable
GYS0012173	河南科伦药业有限公司	生产企业/上市许可持有人	drug
GYS0012174	河南科瑞蓝医疗器械有限公司	生产企业	consumable
GYS0012175	河南科科生物科技有限公司	生产企业	consumable
GYS0012176	河南秦江医疗器械有限公司	生产企业	consumable
GYS0012177	河南稳众医疗器械有限公司	生产企业	consumable
GYS0012178	河南立科达医疗用品科技有限公司	生产企业	consumable
GYS0012179	河南米瑞科医疗科技有限公司	生产企业	consumable
GYS0012180	河南维锐生物科技有限公司	生产企业	consumable
GYS0012181	河南美凯生物科技有限公司	生产企业	consumable
GYS0012182	河南美日康生物技术有限公司	生产企业	consumable
GYS0012183	河南美盛医疗科技有限公司	生产企业	consumable
GYS0012184	河南美若林医药科技有限公司	生产企业	consumable
GYS0012185	河南美迪泰生物科技有限公司	生产企业	consumable
GYS0012186	河南羚锐制药股份有限公司	生产企业/上市许可持有人	drug,consumable
GYS0012187	河南羚锐生物药业有限公司	生产企业/上市许可持有人	drug
GYS0012188	河南群益医药科技开发有限公司	生产企业/上市许可持有人	drug
GYS0012189	河南翔宇医疗设备股份有限公司	生产企业	consumable
GYS0012190	河南老君堂制药有限公司	生产企业/上市许可持有人	drug
GYS0012191	河南联皓医学科技有限公司	生产企业	consumable
GYS0012192	河南聚英生物科技有限公司	生产企业	consumable
GYS0012193	河南脉和为家医疗科技有限公司	生产企业	consumable
GYS0012194	河南舒尔奇医疗器械有限公司	生产企业	consumable
GYS0012195	河南航锐康医疗器械有限公司	生产企业	consumable
GYS0012196	河南艾医匠医疗器械有限公司	生产企业	consumable
GYS0012197	河南艾尔乐健康产业有限公司	生产企业	consumable
GYS0012198	河南艾欣尔医疗科技有限公司	生产企业	consumable
GYS0012199	河南芯依卫生用品有限公司	生产企业	consumable
GYS0012200	河南莱欧医疗器械有限公司	生产企业	consumable
GYS0012201	河南蓝图制药有限公司	生产企业	drug
GYS0012202	河南蓝天药业有限公司	生产企业/上市许可持有人	drug
GYS0012203	河南裕泽医药健康产业有限公司	生产企业	consumable
GYS0012204	河南裕顺医疗科技有限公司	生产企业	consumable
GYS0012205	河南诚安医疗科技有限公司	生产企业	consumable
GYS0012206	河南诺宇医疗器械有限公司	生产企业	consumable
GYS0012207	河南诺烽医疗器械有限公司	生产企业	consumable
GYS0012208	河南诺美药业有限公司	生产企业/上市许可持有人	drug
GYS0012209	河南豫用医疗供应链管理有限公司	生产企业	consumable
GYS0012210	河南贝迪医疗器械有限公司	生产企业	consumable
GYS0012211	河南贺江医疗科技有限公司	生产企业	consumable
GYS0012212	河南赛美药业有限公司	生产企业	consumable
GYS0012213	河南赛美视生物科技有限公司	生产企业	consumable
GYS0012214	河南赛诺特生物技术有限公司	生产企业	consumable
GYS0012215	河南超康医疗器械有限公司	生产企业	consumable
GYS0012216	河南辅仁堂制药有限公司	生产企业/上市许可持有人	drug
GYS0012217	河南辅仁怀庆堂制药有限公司	生产企业/上市许可持有人	drug
GYS0012218	河南迈松医用设备制造有限公司	生产企业	consumable
GYS0012219	河南迈润医疗科技有限公司	生产企业	consumable
GYS0012220	河南迈鼎康医疗科技有限公司	生产企业	consumable
GYS0012221	河南远大生物制药有限公司	生产企业/上市许可持有人	drug
GYS0012222	河南迪怡疗护科技开发有限公司	生产企业	consumable
GYS0012223	河南逸兰假肢矫形器有限公司	生产企业	consumable
GYS0012224	河南逸祥卫生科技有限公司	生产企业	consumable
GYS0012225	河南邦多医疗器械有限公司	生产企业	consumable
GYS0012226	河南量能药业有限公司	生产企业	consumable
GYS0012227	河南金华隆制药有限公司	生产企业/上市许可持有人	drug
GYS0012228	河南金古圣方生物科技开发有限公司	生产企业	consumable
GYS0012229	河南金康立医疗器械有限公司	生产企业	consumable
GYS0012230	河南金怀堂生物工程有限公司	生产企业/上市许可持有人	drug
GYS0012231	河南金泰医疗器械有限公司汝州分公司	生产企业	consumable
GYS0012232	河南金翔瑞商贸有限公司	生产企业	consumable
GYS0012233	河南金鸿堂制药有限公司	生产企业/上市许可持有人	drug
GYS0012234	河南鑫磊峰医疗器械有限公司	生产企业	consumable
GYS0012235	河南雅康药业有限公司	生产企业	drug,consumable
GYS0012236	河南雪樱花制药有限公司	生产企业/上市许可持有人	drug
GYS0012237	河南雷越卫材有限公司	生产企业	consumable
GYS0012238	河南霆健医疗器械有限公司	生产企业	consumable
GYS0012239	河南顶影医疗科技有限公司	生产企业	consumable
GYS0012240	河南领航药业有限公司	生产企业	consumable
GYS0012241	河南飘安集团有限公司	生产企业	consumable
GYS0012242	河南驼人医用卫生材料有限公司	生产企业	consumable
GYS0012243	河南驼人医疗器械集团有限公司	生产企业	consumable
GYS0012244	河南驼人医疗用品有限公司	生产企业	consumable
GYS0012245	河南驼人新辉医疗科技有限公司	生产企业	consumable
GYS0012246	河南驼人贝斯特医疗器械有限公司	生产企业	consumable
GYS0012247	河南驼人金泰克医疗器械有限责任公司	生产企业	consumable
GYS0012248	河南驼人鑫安医疗器械有限公司	生产企业	consumable
GYS0012249	河南驼人骨科医疗器械有限公司	生产企业	consumable
GYS0012250	河南高圣医疗器械有限公司	生产企业	consumable
GYS0012251	河南鲁班康复器材有限公司	生产企业	consumable
GYS0012252	河南鸿冉医疗器械股份有限公司	生产企业	consumable
GYS0012253	河南鸿鹤翔云医药科技有限公司	生产企业	consumable
GYS0012254	河南麦智科技有限公司	生产企业	consumable
GYS0012255	河南鼎昌药业有限公司	生产企业	drug
GYS0012256	河南鼎睿创智医疗器械有限公司	生产企业	consumable
GYS0012257	河南龙亭药业有限公司	生产企业/上市许可持有人	drug
GYS0012258	河南龙都药业股份有限公司	生产企业/上市许可持有人	drug
GYS0012259	河康生物科技（上海）有限公司	生产企业	consumable
GYS0012260	河池市立超齿科技术有限公司	生产企业	consumable
GYS0012261	河源九明医疗器械有限公司	生产企业	consumable
GYS0012262	泉州中侨药业有限公司	生产企业/上市许可持有人	drug
GYS0012263	泉州中侨药业有限公司,福建永春制药有限公司	生产企业	drug
GYS0012264	泉州市优益诺医疗科技有限公司	生产企业	consumable
GYS0012265	泉州市博牙医疗器械有限公司	生产企业	consumable
GYS0012266	泉州市博骏成功陶齿有限公司	生产企业	consumable
GYS0012267	泉州市启凡医疗器械有限公司	生产企业	consumable
GYS0012268	泉州市唯予燊达义齿研发有限公司	生产企业	consumable
GYS0012269	泉州市唯达尔医疗科技有限公司	生产企业	consumable
GYS0012270	泉州市奥拓义肢矫形器有限公司	生产企业	consumable
GYS0012271	泉州市森美健康科技有限公司	生产企业	consumable
GYS0012272	泉州市泽美义齿制作有限公司	生产企业	consumable
GYS0012273	泉州市润锦医疗器械有限公司	生产企业	consumable
GYS0012274	泉州市盛达医用卫生材料有限公司	生产企业	consumable
GYS0012275	泉州市睿美医疗器械有限公司	生产企业	consumable
GYS0012276	泉州市聚匠义齿制作有限公司	生产企业	consumable
GYS0012277	泉州市至臻义齿技术有限公司	生产企业	consumable
GYS0012278	泉州市舒感医疗科技有限公司	生产企业	consumable
GYS0012279	泉州市艾格美康复器具有限公司	生产企业	consumable
GYS0012280	泉州市超维医疗科技有限公司	生产企业	consumable
GYS0012281	泉州市重健义肢矫形器有限公司	生产企业	consumable
GYS0012282	泉州市鲤城区迅康义肢矫形器中心	生产企业	consumable
GYS0012283	泉州新致美义齿有限公司	生产企业	consumable
GYS0012284	泉州长晟医药科技有限公司	生产企业	consumable
GYS0012285	泉州领创义齿制作有限公司	生产企业	consumable
GYS0012286	泉州鲤城致远义齿配制有限公司	生产企业	consumable
GYS0012287	泊头市亿通包材有限公司	生产企业	consumable
GYS0012288	泊头市艺水碧天医疗器械有限公司	生产企业	consumable
GYS0012289	泓懿医疗器械（上海）有限公司	生产企业	consumable
GYS0012290	泓毅医疗技术（东莞）有限公司	生产企业	consumable
GYS0012291	泓锐集团有限公司	生产企业	consumable
GYS0012292	法国百科达制药厂	生产企业/上市许可持有人	drug
GYS0012293	法斯达（无锡）医学设备有限公司	生产企业	consumable
GYS0012294	法荟（北京）医疗科技有限公司	生产企业	consumable
GYS0012295	泗洪县爱尔医疗器械厂	生产企业	consumable
GYS0012296	泗阳奥普康医疗用品有限公司	生产企业	consumable
GYS0012297	波科国际医疗贸易（上海）有限公司	生产企业	consumable
GYS0012298	泰兴市三里实验仪器厂	生产企业	consumable
GYS0012299	泰兴市天和医疗器械有限公司	生产企业	consumable
GYS0012300	泰兴市康欣医疗器械厂	生产企业	consumable
GYS0012301	泰兴市思源卫生材料有限公司	生产企业	consumable
GYS0012302	泰兴市斯美特医疗器械有限公司	生产企业	consumable
GYS0012303	泰兴市轻工机械厂	生产企业	consumable
GYS0012304	泰凌医药(长沙)有限公司	生产企业	drug
GYS0012305	泰凌生物制药江苏有限公司	生产企业/上市许可持有人	drug
GYS0012306	泰利福医疗器械商贸（上海）有限公司	生产企业	consumable
GYS0012307	泰华天然生物制药有限公司	生产企业/上市许可持有人	drug
GYS0012308	泰嘉医疗电子（深圳）有限公司	生产企业	consumable
GYS0012309	泰士康医疗科技（福州）有限公司	生产企业	consumable
GYS0012310	泰安华灿医疗器械有限公司	生产企业	consumable
GYS0012311	泰安双赢新材料股份有限公司	生产企业	consumable
GYS0012312	泰安国山御筋堂生物科技有限公司	生产企业	consumable
GYS0012313	泰安大凡神农制药有限公司	生产企业	drug
GYS0012314	泰安大陆医疗器械有限公司	生产企业	consumable
GYS0012315	泰安市东方义齿有限公司	生产企业	consumable
GYS0012316	泰安市金钟卫生材料有限公司	生产企业	consumable
GYS0012317	泰安恒源林包装科技有限公司	生产企业	consumable
GYS0012318	泰安汇泽生物科技有限公司	生产企业	consumable
GYS0012319	泰尔茂医疗产品（上海）有限公司	生产企业	consumable,ivd
GYS0012320	泰尔茂医疗产品（杭州）有限公司	生产企业	consumable
GYS0012321	泰尔茂比司特医疗产品贸易（上海）有限公司	生产企业	consumable
GYS0012322	泰尔茂（中国）投资有限公司	生产企业	consumable
GYS0012323	泰州亿腾景昂药业股份有限公司	生产企业/上市许可持有人	drug
GYS0012324	泰州优合医疗科技有限公司	生产企业	consumable
GYS0012325	泰州品青医疗器械有限公司	生产企业	consumable
GYS0012326	泰州培生源医疗器械有限公司	生产企业	consumable
GYS0012327	泰州复旦张江药业有限公司	生产企业/上市许可持有人	drug
GYS0012328	泰州天思医疗科技有限公司	生产企业	consumable
GYS0012329	泰州奎鑫医疗器械有限公司	生产企业	consumable
GYS0012330	泰州市中兴医械科技有限公司	生产企业	consumable
GYS0012331	泰州市五研医疗科技开发有限公司	生产企业	consumable
GYS0012332	泰州市光源医疗器材厂	生产企业	consumable
GYS0012333	泰州市兴春医疗器械有限公司	生产企业	consumable
GYS0012334	泰州市医用器材五厂	生产企业	consumable
GYS0012335	泰州市博威医疗用品有限公司	生产企业	consumable
GYS0012336	泰州市天朗医疗器械有限公司	生产企业	consumable
GYS0012337	泰州市奥美齿科制品有限公司	生产企业	consumable
GYS0012338	泰州市康利医疗器械厂	生产企业	consumable
GYS0012339	泰州市康华医疗器械有限公司	生产企业	consumable
GYS0012340	泰州市康博医疗器械有限公司	生产企业	consumable
GYS0012341	泰州市康威医疗器械有限公司	生产企业	consumable
GYS0012342	泰州市康牌医疗器械厂	生产企业	consumable
GYS0012343	泰州市德聚仁合医疗器械有限公司	生产企业	consumable
GYS0012344	泰州市忠民医疗科技有限公司	生产企业	consumable
GYS0012345	泰州市恩良医疗器械设备厂	生产企业	consumable
GYS0012346	泰州市新亚医疗器械厂	生产企业	consumable
GYS0012347	泰州市新康医用器材有限公司	生产企业	consumable
GYS0012348	泰州市明珠医疗器械厂	生产企业	consumable
GYS0012349	泰州市柯尼医学科技有限公司	生产企业	consumable
GYS0012350	泰州市榕兴医疗用品股份有限公司	生产企业	consumable
GYS0012351	泰州市永宏卫生材料有限公司	生产企业	consumable
GYS0012352	泰州市江泉医用器材有限公司	生产企业	consumable
GYS0012353	泰州市泰朗医疗器械有限公司	生产企业	consumable
GYS0012354	泰州市海凌超声材料厂	生产企业	consumable
GYS0012355	泰州市瑞康医疗器械有限公司	生产企业	consumable
GYS0012356	泰州市瑞雪医疗用品有限公司	生产企业	consumable
GYS0012357	泰州市百利医用材料有限公司	生产企业	consumable
GYS0012358	泰州市百康纳米抗菌制品有限公司	生产企业	consumable
GYS0012359	泰州市神卫医用器材有限公司	生产企业	consumable
GYS0012360	泰州市祥瑞医疗器械有限公司	生产企业	consumable
GYS0012361	泰州市精卫医疗器械有限公司	生产企业	consumable
GYS0012362	泰州市绿元康医疗器械有限公司	生产企业	consumable
GYS0012363	泰州市美诺医疗器械有限公司	生产企业	consumable
GYS0012364	泰州市荣飞器械厂	生产企业	consumable
GYS0012365	泰州市辉春医疗器械有限公司	生产企业	consumable
GYS0012366	泰州市高港区千里马医疗器械有限公司	生产企业	consumable
GYS0012367	泰州市高港区复兴医疗器材厂	生产企业	consumable
GYS0012368	泰州市高港区建平医疗器械厂	生产企业	consumable
GYS0012369	泰州市高港区永益医用制品有限公司	生产企业	consumable
GYS0012370	泰州市高港区鑫华医学科技有限公司	生产企业	consumable
GYS0012371	泰州度博迈医疗器械有限公司	生产企业	consumable
GYS0012372	泰州康沃医疗器械有限公司	生产企业	consumable
GYS0012373	泰州康进医疗用品有限公司	生产企业	consumable
GYS0012374	泰州德中生物科技有限公司	生产企业	consumable
GYS0012375	泰州恒锋医疗器材有限公司	生产企业	consumable
GYS0012376	泰州民健医疗器械有限公司	生产企业	consumable
GYS0012377	泰州泰宇医用制品有限公司	生产企业	consumable
GYS0012378	泰州海博医疗器械有限公司	生产企业	consumable
GYS0012379	泰州润锦医疗用品有限公司	生产企业	consumable
GYS0012380	泰州瑞呈生物医疗科技有限公司	生产企业	consumable
GYS0012381	泰州瞳卫士眼健康科技有限公司	生产企业	consumable
GYS0012382	泰州立健科技有限公司	生产企业	consumable
GYS0012383	泰州红亚生物科技有限公司	生产企业	consumable
GYS0012384	泰州艾华生物科技有限公司	生产企业	consumable
GYS0012385	泰州艾贝医疗科技有限公司	生产企业	consumable
GYS0012386	泰州莱赛医疗器械有限公司	生产企业	consumable
GYS0012387	泰州蓝湾医疗器械有限公司	生产企业	consumable
GYS0012388	泰州迈博太科药业有限公司	生产企业/上市许可持有人	drug
GYS0012389	泰惠（山东）医疗科技有限公司	生产企业	consumable
GYS0012390	泰慧欣康科技（武汉）有限公司	生产企业	consumable
GYS0012391	泰戈斯医疗器械（江苏）有限公司	生产企业	consumable
GYS0012392	泰普生物科学（中国）有限公司	生产企业	consumable
GYS0012393	泰格捷通（北京）医药科技有限公司	生产企业	consumable
GYS0012394	泰瑞莎医疗科技（武汉）有限公司	生产企业	consumable
GYS0012395	泰科博曼（湖北）医疗技术有限公司	生产企业	consumable
GYS0012396	泰科曼远东国际科技发展（北京）有限公司	生产企业	consumable
GYS0012397	泰维康医疗器械（上海）有限公司	生产企业	consumable
GYS0012398	泰美瑞（常州）医疗器械有限公司	生产企业	consumable
GYS0012399	泰荣(福建)药业有限公司	生产企业/上市许可持有人	drug
GYS0012400	泽呈健康科技（江苏）有限公司	生产企业	consumable
GYS0012401	洁禧（玉林）医疗科技有限公司	生产企业	consumable
GYS0012402	洋浦京泰药业有限公司	生产企业/上市许可持有人	drug
GYS0012403	洋紫荆数字科技（上海）有限公司	生产企业	consumable
GYS0012404	洋紫荆牙科器材（北京）有限公司	生产企业	consumable
GYS0012405	洋紫荆牙科器材（深圳）有限公司	生产企业	consumable
GYS0012406	洛曼劳仕（中国）医疗用品有限公司	生产企业	consumable
GYS0012407	洛曼劳仕（湖北）医疗用品有限公司	生产企业	consumable
GYS0012408	洛阳东和堂医药科技有限公司	生产企业	consumable
GYS0012409	洛阳今世康医药科技有限公司	生产企业	consumable
GYS0012410	洛阳伊龙药业有限公司	生产企业/上市许可持有人	drug
GYS0012411	洛阳健弘假肢矫形器有限公司	生产企业	consumable
GYS0012412	洛阳健朗医疗器械有限公司	生产企业	consumable
GYS0012413	洛阳军硕医疗器械有限公司	生产企业	consumable
GYS0012414	洛阳卓远牙科器材有限公司	生产企业	consumable
GYS0012415	洛阳博傲假肢矫形器有限公司	生产企业	consumable
GYS0012416	洛阳君山制药有限公司	生产企业/上市许可持有人	drug
GYS0012417	洛阳天生药业有限责任公司	生产企业/上市许可持有人	drug
GYS0012418	洛阳宁竹药业有限公司	生产企业/上市许可持有人	drug
GYS0012419	洛阳宁邦生物制药有限公司	生产企业	consumable
GYS0012420	洛阳尚德医疗器械有限公司	生产企业	consumable
GYS0012421	洛阳市制药厂	生产企业/上市许可持有人	drug
GYS0012422	洛阳市忆林生物科技有限公司	生产企业	consumable
GYS0012423	洛阳市残疾人假肢矫形器技术中心	生产企业	consumable
GYS0012424	洛阳市沐春药业有限公司	生产企业/上市许可持有人	drug
GYS0012425	洛阳市雅浩义齿有限公司	生产企业	consumable
GYS0012426	洛阳引胜医疗科技有限公司	生产企业	consumable
GYS0012427	洛阳弘志堂生物科技有限公司	生产企业	consumable
GYS0012428	洛阳恒恩生物科技有限公司	生产企业	consumable
GYS0012429	洛阳恒鑫义齿有限公司	生产企业	consumable
GYS0012430	洛阳文韬医疗器械有限公司	生产企业	consumable
GYS0012431	洛阳新坐标生物工程有限公司	生产企业	consumable
GYS0012432	洛阳新春都生物制药有限公司	生产企业/上市许可持有人	drug
GYS0012433	洛阳春都医疗用品有限公司	生产企业	consumable
GYS0012434	洛阳曦美义齿有限公司	生产企业	consumable
GYS0012435	洛阳森洲生物科技有限公司	生产企业	consumable
GYS0012436	洛阳爱森生物科技有限公司	生产企业	consumable
GYS0012437	洛阳益莱康医疗器械有限公司	生产企业	consumable
GYS0012438	洛阳贝莱美医疗器械有限公司	生产企业	consumable
GYS0012439	洛阳远洋伦拿医疗有限公司	生产企业	consumable
GYS0012440	洛阳远洋生物制药有限公司	生产企业/上市许可持有人	drug
GYS0012441	洛阳郭耀唐正骨医药科技有限公司	生产企业	consumable
GYS0012442	洛阳顺势药业有限公司	生产企业/上市许可持有人	drug
GYS0012443	洛阳龙旭义齿科技有限公司	生产企业	consumable
GYS0012444	津准（三明）医学技术有限公司	生产企业	consumable
GYS0012445	津华医药科技(湖州)有限公司	生产企业/上市许可持有人	drug
GYS0012446	津泰（天津）医疗器械有限公司	生产企业	consumable
GYS0012447	津药和平(天津)制药有限公司	生产企业/上市许可持有人	drug
GYS0012448	津药永光(河北)制药有限公司	生产企业/上市许可持有人	drug
GYS0012449	津药药业股份有限公司	生产企业/上市许可持有人	drug
GYS0012450	津药达仁堂京万红(天津)药业有限公司	生产企业/上市许可持有人	drug
GYS0012451	津药达仁堂集团股份有限公司乐仁堂制药厂	生产企业/上市许可持有人	drug
GYS0012452	津药达仁堂集团股份有限公司新新制药厂	生产企业/上市许可持有人	drug
GYS0012453	津药达仁堂集团股份有限公司第六中药厂	生产企业/上市许可持有人	drug
GYS0012454	津药达仁堂集团股份有限公司达仁堂制药厂	生产企业/上市许可持有人	drug
GYS0012455	津药达仁堂集团股份有限公司隆顺榕制药厂	生产企业/上市许可持有人	drug
GYS0012456	洪湖市中医医院	制剂配制单位	preparation
GYS0012457	洪湖市吉禹医疗设备股份有限公司	生产企业	consumable
GYS0012458	洪湖泰宁医疗器械有限公司	生产企业	consumable
GYS0012459	洲鼎医疗器械（苏州）有限公司	生产企业	consumable
GYS0012460	洽圩国际商贸（北京）有限公司	生产企业	consumable
GYS0012461	派尔特（苏州）医疗科技有限公司	生产企业	consumable
GYS0012462	派特博恩（湖南）医疗科技有限公司	生产企业	consumable
GYS0012463	派诺医疗器械无锡有限公司	生产企业	consumable
GYS0012464	济保康药业有限公司	生产企业/上市许可持有人	drug
GYS0012465	济凡生物科技(常州)有限公司	生产企业	consumable
GYS0012466	济南三氧科技有限公司	生产企业	consumable
GYS0012467	济南世博诺亚医疗科技有限公司	生产企业	consumable
GYS0012468	济南中康顺医疗器械有限公司	生产企业	consumable
GYS0012469	济南丽尔美牙科技术有限公司	生产企业	consumable
GYS0012470	济南之羽医疗科技有限公司	生产企业	consumable
GYS0012471	济南京瓷医疗技术有限公司	生产企业	consumable
GYS0012472	济南佩飞特医疗器械有限公司	生产企业	consumable
GYS0012473	济南兰洁生物技术有限公司	生产企业	consumable
GYS0012474	济南冠泽医疗器材有限公司	生产企业	consumable
GYS0012475	济南凯特工贸有限公司	生产企业	consumable
GYS0012476	济南利群医疗科技有限公司	生产企业	consumable
GYS0012477	济南加一齿研医疗科技有限公司	生产企业	consumable
GYS0012478	济南医影马克医疗器械有限公司	生产企业	consumable
GYS0012479	济南升阳康复器材有限公司	生产企业	consumable
GYS0012480	济南升阳康复有限公司	生产企业	consumable
GYS0012481	济南华宇新铸锻材料有限公司	生产企业	consumable
GYS0012482	济南华柏医疗设备有限公司	生产企业	consumable
GYS0012483	济南博睿医疗科技有限公司	生产企业	consumable
GYS0012484	济南博莱生物技术有限公司	生产企业	consumable
GYS0012485	济南卡尼尔科技有限公司	生产企业	consumable
GYS0012486	济南卡美淇医疗科技有限公司	生产企业	consumable
GYS0012487	济南原子高科医药有限公司	生产企业	drug
GYS0012488	济南君浩医药科技有限公司	生产企业	consumable
GYS0012489	济南君道信医疗器械有限公司	生产企业	consumable
GYS0012490	济南善帮德医疗器械有限公司	生产企业	consumable
GYS0012491	济南国林药业有限公司	生产企业	consumable
GYS0012492	济南塔斯特生物科技有限公司	生产企业	consumable
GYS0012493	济南壹灏骨誉医疗用品有限公司	生产企业	consumable
GYS0012494	济南天阔纺织品有限公司	生产企业	consumable
GYS0012495	济南太和生物工程有限公司	生产企业	consumable
GYS0012496	济南奥倍康医疗科技发展有限公司	生产企业	consumable
GYS0012497	济南奥冠义齿制作有限公司	生产企业	consumable
GYS0012498	济南姝然电子科技有限公司	生产企业	consumable
GYS0012499	济南威阳医疗器械科技有限公司	生产企业	consumable
GYS0012500	济南安德瑞康医疗科技有限公司	生产企业	consumable
GYS0012501	济南宏丰义齿科技有限公司	生产企业	consumable
GYS0012502	济南宝晨生物科技有限公司	生产企业	consumable
GYS0012503	济南富民卫生用品有限公司	生产企业	consumable
GYS0012504	济南尚润通达复合材料有限公司	生产企业	consumable
GYS0012505	济南居仁堂爱民制药有限责任公司	生产企业	drug
GYS0012506	济南市天桥区美佳义齿制作中心	生产企业	consumable
GYS0012507	济南市长清区顺风医疗卫生用品厂	生产企业	consumable
GYS0012508	济南市长清区黎明医用卫生敷料厂	生产企业	consumable
GYS0012509	济南希望医疗器械有限公司	生产企业	consumable
GYS0012510	济南平民百姓医疗器械有限公司	生产企业	consumable
GYS0012511	济南康桥医药科技有限公司	生产企业/上市许可持有人	drug
GYS0012512	济南康正医药科技有限公司	生产企业	consumable
GYS0012513	济南康民药业科技有限公司	生产企业	consumable
GYS0012514	济南康福生制药有限公司	生产企业	drug
GYS0012515	济南张萍生物科技有限公司	生产企业	consumable
GYS0012516	济南德利缘医疗器械有限公司	生产企业	consumable
GYS0012517	济南德宜嘉生物科技有限公司	生产企业	consumable
GYS0012518	济南德尔曼科技有限公司	生产企业	consumable
GYS0012519	济南恒基制药有限公司	生产企业	drug
GYS0012520	济南惠民堂医疗器械有限公司	生产企业	consumable
GYS0012521	济南慈昌龄生物科技有限公司	生产企业	consumable
GYS0012522	济南斯比德假肢矫形器有限公司	生产企业	consumable
GYS0012523	济南新美康生物技术有限公司	生产企业	consumable
GYS0012524	济南明鑫制药股份有限公司	生产企业/上市许可持有人	drug
GYS0012525	济南晟煌医疗设备有限公司	生产企业	consumable
GYS0012526	济南晨生医疗科技有限公司	生产企业	consumable
GYS0012527	济南景笙科技有限公司	生产企业/上市许可持有人	drug
GYS0012528	济南格利特科技有限公司	生产企业	consumable
GYS0012529	济南格莱威医疗科技有限公司	生产企业	consumable
GYS0012530	济南森美蓝健康医疗发展有限公司	生产企业	consumable
GYS0012531	济南欣恩医疗科技有限公司	生产企业	consumable
GYS0012532	济南正大义齿有限公司	生产企业	consumable
GYS0012533	济南正玉昌口腔技术有限公司	生产企业	consumable
GYS0012534	济南正邦医学技术有限公司	生产企业	consumable
GYS0012535	济南永宁制药股份有限公司	生产企业/上市许可持有人	drug
GYS0012536	济南汉烽生物科技有限公司	生产企业	consumable
GYS0012537	济南汉磁生物科技有限公司	生产企业	consumable
GYS0012538	济南泉源科技有限公司	生产企业	consumable
GYS0012539	济南泓通医疗器械有限公司	生产企业	consumable
GYS0012540	济南泰姆医疗用品有限公司	生产企业	consumable
GYS0012541	济南润科医药科技有限公司	生产企业	consumable
GYS0012542	济南润视医疗器械有限公司	生产企业	consumable
GYS0012543	济南涵康医疗器械有限公司	生产企业	consumable
GYS0012544	济南澳臣生物科技有限公司	生产企业	consumable
GYS0012545	济南煜桐医疗器械有限公司	生产企业	consumable
GYS0012546	济南爱信科技有限公司	生产企业	consumable
GYS0012547	济南现代自然义齿有限公司	生产企业	consumable
GYS0012548	济南瑞康美生物科技有限公司	生产企业	consumable
GYS0012549	济南百博生物技术股份有限公司	生产企业	consumable
GYS0012550	济南皓美义齿有限公司	生产企业	consumable
GYS0012551	济南盈信医疗科技有限公司	生产企业	consumable
GYS0012552	济南盈诺医用设备有限公司	生产企业	consumable
GYS0012553	济南益寿堂卫生用品有限公司	生产企业	consumable
GYS0012554	济南砭石量子医学研究院	生产企业	consumable
GYS0012555	济南磐升生物技术有限公司	生产企业	consumable
GYS0012556	济南神草医疗科技有限公司	生产企业	consumable
GYS0012557	济南祺鑫医疗保健品有限责任公司	生产企业	consumable
GYS0012558	济南福乐医疗器械有限公司	生产企业	consumable
GYS0012559	济南秦鲁药业科技有限公司	生产企业	consumable
GYS0012560	济南羲和医疗器械有限公司	生产企业	consumable
GYS0012561	济南翔瑞盛医疗科技有限公司	生产企业	consumable
GYS0012562	济南联普贸易有限公司	生产企业	consumable
GYS0012563	济南胜胜药业有限公司	生产企业	consumable
GYS0012564	济南致美科技有限公司	生产企业	consumable
GYS0012565	济南臻尚医疗器械有限公司	生产企业	consumable
GYS0012566	济南臻艾医疗器械有限公司	生产企业	consumable
GYS0012567	济南艺诺辅具技术有限公司	生产企业	consumable
GYS0012568	济南诚信义齿制作有限公司	生产企业	consumable
GYS0012569	济南豪瑞生物技术有限公司	生产企业	consumable
GYS0012570	济南贝特微创医疗器械科技有限公司	生产企业	consumable
GYS0012571	济南辰欣医药科技有限公司	生产企业/上市许可持有人	drug
GYS0012572	济南迪曼生物科技有限公司	生产企业	consumable
GYS0012573	济南金博雅冠医疗科技有限公司	生产企业	consumable
GYS0012574	济南金桥医疗设备有限公司	生产企业	consumable
GYS0012575	济南鑫驰医疗科技有限公司	生产企业	consumable
GYS0012576	济南锦冠桥义齿有限公司	生产企业	consumable
GYS0012577	济南闰凯医疗器械有限公司	生产企业	consumable
GYS0012578	济南雅乐福义齿有限公司	生产企业	consumable
GYS0012579	济南顺意康医疗器材厂（普通合伙企业）	生产企业	consumable
GYS0012580	济南驼峰商贸有限公司	生产企业	consumable
GYS0012581	济南验方传承医学研究中心	生产企业	consumable
GYS0012582	济南高华制药有限公司	生产企业/上市许可持有人	drug
GYS0012583	济南鲁一药业有限公司	生产企业	consumable
GYS0012584	济南鲁恒义齿科技有限公司	生产企业	consumable
GYS0012585	济南鸿毅生物科技有限公司	生产企业	consumable
GYS0012586	济南鼎舜医疗器械有限公司	生产企业	consumable
GYS0012587	济南齐佳医疗器械有限公司	生产企业	consumable
GYS0012588	济南齐力光电技术有限公司	生产企业	consumable
GYS0012589	济南龙腾义齿加工厂	生产企业	consumable
GYS0012590	济宁为民制药有限公司	生产企业/上市许可持有人	drug
GYS0012591	济宁凯威医疗科技有限公司	生产企业	consumable
GYS0012592	济宁华能制药厂有限公司	生产企业/上市许可持有人	drug
GYS0012593	济宁博联生物科技有限公司	生产企业	consumable
GYS0012594	济宁和佰生物科技有限公司	生产企业	consumable
GYS0012595	济宁圣淏医用材料有限公司	生产企业	consumable
GYS0012596	济宁市佳科医疗科技有限公司	生产企业	consumable
GYS0012597	济宁市健达医疗器械科技有限公司	生产企业	consumable
GYS0012598	济宁市安康制药有限责任公司	生产企业	drug
GYS0012599	济宁市恒泰医疗用品有限公司	生产企业	consumable
GYS0012600	济宁市智领生物科技有限公司	生产企业	consumable
GYS0012601	济宁市格林吉尔医疗科技有限公司	生产企业	consumable
GYS0012602	济宁市鑫源医疗器械有限公司	生产企业	consumable
GYS0012603	济宁康利达医疗科技有限责任公司	生产企业	consumable
GYS0012604	济宁康盛源医用材料有限公司	生产企业	consumable
GYS0012605	济宁德卡医疗器械有限公司	生产企业	consumable
GYS0012606	济宁海博医疗器械有限公司	生产企业	consumable
GYS0012607	济宁科汇伟业医疗器械有限公司	生产企业	consumable
GYS0012608	济宁蓝谷生物科技有限公司	生产企业	consumable
GYS0012609	济宁鑫诚祥医疗用品有限公司	生产企业	consumable
GYS0012610	济宁高新区金诺特医用凝胶厂	生产企业	consumable
GYS0012611	济宁齐力光电技术有限公司	生产企业	consumable
GYS0012612	济川药业集团有限公司	生产企业/上市许可持有人	drug
GYS0012613	济民健康管理股份有限公司	生产企业/上市许可持有人	drug,consumable
GYS0012614	济泰（上海）生物科技有限公司	生产企业	consumable
GYS0012615	济源市太极医疗用品有限公司	生产企业	consumable
GYS0012616	浏阳市三力医用科技发展有限公司	生产企业	consumable
GYS0012617	浏阳市亚希特医疗科技有限公司	生产企业	consumable
GYS0012618	浏阳津兰药业有限公司	生产企业/上市许可持有人	drug
GYS0012619	浙江一新制药股份有限公司	生产企业/上市许可持有人	drug
GYS0012620	浙江一洋医疗科技有限公司	生产企业	consumable
GYS0012621	浙江一益医疗器械有限公司	生产企业	consumable
GYS0012622	浙江一阳医疗科技有限责任公司	生产企业	consumable
GYS0012623	浙江万晟药业有限公司	生产企业	drug
GYS0012624	浙江万泰福生物科技有限公司	生产企业	consumable
GYS0012625	浙江三创生物科技有限公司	生产企业	consumable
GYS0012626	浙江三生蔓迪药业有限公司	生产企业/上市许可持有人	drug
GYS0012627	浙江上药九旭药业有限公司	生产企业/上市许可持有人	drug
GYS0012628	浙江上药九洲生物制药有限公司	生产企业/上市许可持有人	drug
GYS0012629	浙江世佳生物医疗有限公司	生产企业	ivd
GYS0012630	浙江东一医疗科技有限公司	生产企业	consumable
GYS0012631	浙江东方基因生物制品股份有限公司	生产企业	consumable
GYS0012632	浙江东日药业有限公司	生产企业/上市许可持有人	drug
GYS0012633	浙江东海翔医疗器械有限公司	生产企业	consumable
GYS0012634	浙江中佰医疗器械股份有限公司	生产企业	consumable
GYS0012635	浙江中同药业有限公司	生产企业/上市许可持有人	drug
GYS0012636	浙江中法制药有限公司	生产企业/上市许可持有人	drug
GYS0012637	浙江中皓医疗器械有限公司	生产企业	consumable
GYS0012638	浙江丰安生物制药有限公司	生产企业	drug
GYS0012639	浙江丹斯登生物材料有限公司	生产企业	consumable
GYS0012640	浙江丹晖共创医疗科技有限公司	生产企业	consumable
GYS0012641	浙江为康制药有限公司	生产企业/上市许可持有人	drug
GYS0012642	浙江丽水大和精工口腔科技有限公司	生产企业	consumable
GYS0012643	浙江乐信医疗科技有限公司	生产企业	consumable
GYS0012644	浙江乐普药业股份有限公司	生产企业	drug
GYS0012645	浙江九洲生物医药有限公司	生产企业/上市许可持有人	drug
GYS0012646	浙江乾合畅脉医疗科技有限公司	生产企业	consumable
GYS0012647	浙江亚克药业有限公司	生产企业/上市许可持有人	drug
GYS0012648	浙江亚太药业股份有限公司	生产企业/上市许可持有人	drug
GYS0012649	浙江亚宏医疗器材有限公司	生产企业	consumable
GYS0012650	浙江亚峰药厂有限公司	生产企业/上市许可持有人	drug
GYS0012651	浙江亚瑟医药有限公司	生产企业/上市许可持有人	drug
GYS0012652	浙江京新药业股份有限公司	生产企业/上市许可持有人	drug
GYS0012653	浙江京环医疗用品有限公司	生产企业	consumable
GYS0012654	浙江亮异星防护用品有限公司	生产企业	consumable
GYS0012655	浙江亿联康医疗科技有限公司	生产企业	consumable,ivd
GYS0012656	浙江仁康医药用品有限公司	生产企业	consumable
GYS0012657	浙江仁翔医疗器械有限公司	生产企业	consumable
GYS0012658	浙江仙琚制药股份有限公司	生产企业/上市许可持有人	drug
GYS0012659	浙江仟源海力生制药有限公司	生产企业/上市许可持有人	drug
GYS0012660	浙江伊瑟奇医药科技有限公司	生产企业	consumable
GYS0012661	浙江伊鲁博生物科技有限公司	生产企业	consumable
GYS0012662	浙江伏尔特医疗器械股份有限公司	生产企业	consumable
GYS0012663	浙江众延医药科技有限公司	生产企业/上市许可持有人	drug
GYS0012664	浙江优亿医疗器械股份有限公司	生产企业	consumable
GYS0012665	浙江优智医疗器械有限公司	生产企业	consumable
GYS0012666	浙江优特格尔医疗用品有限公司	生产企业	consumable
GYS0012667	浙江优胜美特中药有限公司	生产企业/上市许可持有人	drug
GYS0012668	浙江伽奈维医疗科技有限公司	生产企业	consumable
GYS0012669	浙江佐力药业股份有限公司	生产企业/上市许可持有人	drug
GYS0012670	浙江佰奥医药科技有限公司	生产企业/上市许可持有人	drug
GYS0012671	浙江保尔曼生物科技有限公司	生产企业	consumable
GYS0012672	浙江元创医疗设备有限公司	生产企业	consumable
GYS0012673	浙江元勤生物医药科技有限公司	生产企业	consumable
GYS0012674	浙江兄弟药业有限公司	生产企业/上市许可持有人	drug
GYS0012675	浙江全景医疗科技有限公司	生产企业	consumable
GYS0012676	浙江凯喜雅医疗器械有限公司	生产企业	consumable
GYS0012677	浙江凯润药业股份有限公司	生产企业/上市许可持有人	drug
GYS0012678	浙江凯瑞思医疗科技有限公司	生产企业	consumable
GYS0012679	浙江凯立特医疗器械有限公司	生产企业	consumable
GYS0012680	浙江创想医学科技有限公司	生产企业	consumable
GYS0012681	浙江创新生物有限公司	生产企业/上市许可持有人	drug
GYS0012682	浙江前进药业有限公司	生产企业/上市许可持有人	drug
GYS0012683	浙江势通机器人科技有限公司	生产企业	consumable
GYS0012684	浙江北特医疗器械有限公司	生产企业	consumable
GYS0012685	浙江北生药业汉生制药有限公司	生产企业/上市许可持有人	drug
GYS0012686	浙江医佳科技有限公司	生产企业	consumable
GYS0012687	浙江医泰兰迪生物技术有限公司	生产企业	consumable
GYS0012688	浙江医药股份有限公司新昌制药厂	生产企业/上市许可持有人	drug
GYS0012689	浙江医链医疗科技有限公司	生产企业	consumable
GYS0012690	浙江医高医疗科技有限公司	生产企业	consumable
GYS0012691	浙江医高迈影科技有限公司	生产企业	consumable
GYS0012692	浙江医鼎医用敷料有限公司	生产企业	consumable
GYS0012693	浙江十全医疗器材有限公司	生产企业	consumable
GYS0012694	浙江千一医疗器械有限公司	生产企业	consumable
GYS0012695	浙江升升医疗器械有限公司	生产企业	consumable
GYS0012696	浙江华义制药有限公司	生产企业/上市许可持有人	drug
GYS0012697	浙江华文医疗器械有限公司	生产企业	consumable
GYS0012698	浙江华津依科生物制药有限责任公司	生产企业/上市许可持有人	drug
GYS0012699	浙江华海药业股份有限公司	生产企业/上市许可持有人	drug
GYS0012700	浙江华润三九众益制药有限公司	生产企业/上市许可持有人	drug
GYS0012701	浙江华福医用器材有限公司	生产企业	consumable
GYS0012702	浙江华缔药业集团有限责任公司	生产企业/上市许可持有人	drug
GYS0012703	浙江卓仕优医疗器械有限公司	生产企业	consumable
GYS0012704	浙江卓运生物科技有限公司	生产企业	consumable
GYS0012705	浙江博晶生物科技有限公司	生产企业	consumable
GYS0012706	浙江博淳医疗器械有限公司	生产企业	consumable
GYS0012707	浙江博纳生物科技有限公司	生产企业	consumable
GYS0012708	浙江博锐生物制药有限公司	生产企业/上市许可持有人	drug
GYS0012709	浙江卡莱卡生物科技有限公司	生产企业	consumable
GYS0012710	浙江友莱生物科技有限公司	生产企业	consumable
GYS0012711	浙江双康医疗科技有限公司	生产企业	consumable
GYS0012712	浙江双槐记药业有限公司	生产企业	consumable
GYS0012713	浙江可康医疗科技有限公司	生产企业	consumable
GYS0012714	浙江同伍生物医药有限公司	生产企业/上市许可持有人	drug
GYS0012715	浙江同擎科技有限公司	生产企业	consumable
GYS0012716	浙江同普医疗科技有限公司	生产企业	consumable
GYS0012717	浙江和成医疗器械有限公司	生产企业	consumable
GYS0012718	浙江善仁医疗设备制造有限公司	生产企业	consumable
GYS0012719	浙江善时生物药械（商丘）有限公司	生产企业	consumable
GYS0012720	浙江嘉佑医疗器械有限公司	生产企业	consumable
GYS0012721	浙江嘉创医疗科技有限公司	生产企业	consumable
GYS0012722	浙江国光生物制药股份有限公司	生产企业/上市许可持有人	drug
GYS0012723	浙江国镜药业有限公司	生产企业/上市许可持有人	drug
GYS0012724	浙江图斯捷科技有限公司	生产企业	consumable
GYS0012725	浙江圣兆药物科技股份有限公司	生产企业/上市许可持有人	drug
GYS0012726	浙江圣华药业有限公司	生产企业/上市许可持有人	drug
GYS0012727	浙江圣博康药业有限公司	生产企业/上市许可持有人	drug
GYS0012728	浙江埃尔森生物科技有限公司	生产企业	consumable
GYS0012729	浙江埃尔森生物科技有限公司湖南分公司	生产企业	consumable
GYS0012730	浙江大冢制药有限公司	生产企业/上市许可持有人	drug
GYS0012731	浙江大德药业集团有限公司	生产企业/上市许可持有人	drug
GYS0012732	浙江天一堂药业有限公司	生产企业/上市许可持有人	drug
GYS0012733	浙江天使医疗器械有限公司	生产企业	consumable
GYS0012734	浙江天元生物药业有限公司	生产企业	drug
GYS0012735	浙江天意医疗器械有限公司	生产企业	consumable
GYS0012736	浙江天松医疗器械股份有限公司	生产企业	consumable
GYS0012737	浙江天瑞药业有限公司	生产企业/上市许可持有人	drug
GYS0012738	浙江天皇药业有限公司	生产企业	drug
GYS0012739	浙江天真健康科技有限公司	生产企业/上市许可持有人	drug
GYS0012740	浙江天瞳医疗器械有限公司	生产企业	consumable
GYS0012741	浙江天肌生物科技有限公司	生产企业	consumable
GYS0012742	浙江夸克生物科技有限公司	生产企业	consumable
GYS0012743	浙江奕箔生物科技有限公司	生产企业	consumable
GYS0012744	浙江奥奇医用敷料有限公司	生产企业	consumable
GYS0012745	浙江奥托康制药集团股份有限公司	生产企业/上市许可持有人	drug
GYS0012746	浙江奥托康医药科技有限公司	生产企业/上市许可持有人	drug
GYS0012747	浙江好博药业有限公司	生产企业	consumable
GYS0012748	浙江好络维医疗技术有限公司	生产企业	consumable
GYS0012749	浙江威尔盾医疗器械有限公司	生产企业	consumable
GYS0012750	浙江孚诺医药股份有限公司	生产企业/上市许可持有人	drug
GYS0012751	浙江安久生物科技有限公司	生产企业	consumable
GYS0012752	浙江安吉华埠实业有限公司	生产企业	consumable
GYS0012753	浙江安宝药业有限公司	生产企业	drug
GYS0012754	浙江安贝特药业有限公司	生产企业/上市许可持有人	drug
GYS0012755	浙江宏元药业股份有限公司	生产企业/上市许可持有人	drug
GYS0012756	浙江家和制药有限公司	生产企业/上市许可持有人	drug
GYS0012757	浙江寰领医药科技有限公司	生产企业/上市许可持有人	drug
GYS0012758	浙江尔婴药品有限公司	生产企业/上市许可持有人	drug
GYS0012759	浙江尖峰药业有限公司	生产企业/上市许可持有人	drug
GYS0012760	浙江尚存医疗用品有限公司	生产企业	consumable
GYS0012761	浙江峻山生物科技有限公司	生产企业	consumable
GYS0012762	浙江崇山生物制品有限公司	生产企业	consumable
GYS0012763	浙江川本卫生材料有限公司	生产企业	consumable
GYS0012764	浙江巨泰药业有限公司	生产企业/上市许可持有人	drug
GYS0012765	浙江巴泰医疗科技有限公司	生产企业	consumable
GYS0012766	浙江帝诺医疗科技有限公司	生产企业	consumable
GYS0012767	浙江广慈医疗器械有限公司	生产企业	consumable
GYS0012768	浙江康乐药业股份有限公司	生产企业	drug
GYS0012769	浙江康力迪医疗用品有限公司	生产企业	consumable
GYS0012770	浙江康吉尔药业有限公司	生产企业/上市许可持有人	drug,consumable
GYS0012771	浙江康康医疗器械股份有限公司	生产企业	consumable
GYS0012772	浙江康德药业集团股份有限公司	生产企业/上市许可持有人	drug,consumable
GYS0012773	浙江康德莱医疗器械股份有限公司	生产企业	consumable
GYS0012774	浙江康恩贝中药有限公司	生产企业/上市许可持有人	drug
GYS0012775	浙江康恩贝制药股份有限公司	生产企业/上市许可持有人	drug
GYS0012776	浙江康慈医疗科技有限公司	生产企业	consumable
GYS0012777	浙江康是医疗器械有限公司	生产企业	consumable
GYS0012778	浙江康泰医疗器械有限公司	生产企业	consumable
GYS0012779	浙江康润制药有限公司	生产企业/上市许可持有人	drug
GYS0012780	浙江康特生物科技有限公司	生产企业	consumable
GYS0012781	浙江康莱特药业有限公司	生产企业/上市许可持有人	drug
GYS0012782	浙江康雅卫生用品有限公司	生产企业	consumable
GYS0012783	浙江康飞思医疗科技有限公司	生产企业	consumable
GYS0012784	浙江弘盛药业有限公司	生产企业/上市许可持有人	drug
GYS0012785	浙江强睿博高分子科技有限公司	生产企业	consumable
GYS0012786	浙江归创医疗科技有限公司	生产企业	consumable
GYS0012787	浙江得恩德制药股份有限公司	生产企业/上市许可持有人	drug
GYS0012788	浙江微度医疗器械有限公司	生产企业	consumable
GYS0012789	浙江微牙科技有限公司	生产企业	consumable
GYS0012790	浙江德康医疗器械有限公司	生产企业	consumable
GYS0012791	浙江恒珍堂药业有限公司	生产企业/上市许可持有人	drug
GYS0012792	浙江恒研医药科技有限公司	生产企业/上市许可持有人	drug
GYS0012793	浙江惠松制药有限公司	生产企业/上市许可持有人	drug
GYS0012794	浙江惠迪森药业有限公司	生产企业/上市许可持有人	drug
GYS0012795	浙江惠龙医疗科技股份有限公司	生产企业	consumable
GYS0012796	浙江成运医疗器械有限公司	生产企业	consumable
GYS0012797	浙江我武生物科技股份有限公司	生产企业/上市许可持有人	drug
GYS0012798	浙江拉夫澜德医疗器械有限公司	生产企业	consumable
GYS0012799	浙江拓臻医疗科技有限公司	生产企业	consumable
GYS0012800	浙江拜尔克生物科技有限公司	生产企业	consumable
GYS0012801	浙江拱东医疗器械股份有限公司	生产企业	consumable
GYS0012802	浙江捷成医疗科技有限公司	生产企业	consumable
GYS0012803	浙江摩克医疗科技有限公司	生产企业	consumable
GYS0012804	浙江敷茂生物科技有限公司	生产企业	consumable
GYS0012805	浙江文德医疗器械有限公司	生产企业	consumable
GYS0012806	浙江文浩医疗科技有限公司	生产企业	consumable
GYS0012807	浙江斯迈尔电子科技有限公司	生产企业	consumable
GYS0012808	浙江新亚医疗科技股份有限公司	生产企业	consumable
GYS0012809	浙江新光药业股份有限公司	生产企业	drug
GYS0012810	浙江新德意医疗科技股份有限公司	生产企业	consumable
GYS0012811	浙江新明珠药业有限公司	生产企业/上市许可持有人	drug
GYS0012812	浙江新致丽医疗科技有限公司	生产企业	consumable
GYS0012813	浙江方格药业有限公司	生产企业	drug
GYS0012814	浙江施强制药有限公司	生产企业/上市许可持有人	drug
GYS0012815	浙江施戴瑞生物医药股份有限公司	生产企业	consumable
GYS0012816	浙江施比灵药业有限公司	生产企业/上市许可持有人	drug
GYS0012817	浙江日盛医疗科技股份有限公司	生产企业	consumable
GYS0012818	浙江昂利康制药股份有限公司	生产企业/上市许可持有人	drug
GYS0012819	浙江明丰实业股份有限公司	生产企业	consumable
GYS0012820	浙江明悦医疗科技有限公司	生产企业	consumable
GYS0012821	浙江易泽达医药科技有限公司	生产企业/上市许可持有人	drug
GYS0012822	浙江易生医疗科技有限公司	生产企业	consumable
GYS0012823	浙江星月生物科技股份有限公司	生产企业	consumable
GYS0012824	浙江星期一生物技术有限公司	生产企业	consumable
GYS0012825	浙江普利药业有限公司	生产企业/上市许可持有人	drug
GYS0012826	浙江普洛康裕制药有限公司	生产企业/上市许可持有人	drug
GYS0012827	浙江普特医疗器械股份有限公司	生产企业	consumable
GYS0012828	浙江景嘉医疗科技有限公司	生产企业	consumable
GYS0012829	浙江景岳堂药业有限公司	生产企业/上市许可持有人	drug
GYS0012830	浙江智柔科技有限公司	生产企业	consumable
GYS0012831	浙江智达药业有限公司	生产企业/上市许可持有人	drug
GYS0012832	浙江曙光科技有限公司	生产企业	consumable
GYS0012833	浙江朗柯生物工程有限公司	生产企业	consumable
GYS0012834	浙江朗特医疗科技有限公司	生产企业	consumable
GYS0012835	浙江朗视仪器有限公司	生产企业	consumable
GYS0012836	浙江杭康药业有限公司	生产企业/上市许可持有人	drug
GYS0012837	浙江柯尼达科技有限公司	生产企业	consumable
GYS0012838	浙江柯洛德健康科技有限公司	生产企业	consumable
GYS0012839	浙江核力欣健药业有限公司	生产企业/上市许可持有人	drug
GYS0012840	浙江格宜医疗器械有限公司	生产企业	consumable
GYS0012841	浙江格物致知生物科技有限公司	生产企业	consumable
GYS0012842	浙江桐轩医疗科技有限公司	生产企业	consumable
GYS0012843	浙江梅迪维斯生物技术有限公司	生产企业	consumable
GYS0012844	浙江横店原子高科医药有限公司	生产企业	drug
GYS0012845	浙江欣业医疗器械有限公司	生产企业	consumable
GYS0012846	浙江欧健保灵医疗设备有限公司	生产企业	consumable
GYS0012847	浙江欧健医用器材有限公司	生产企业	consumable
GYS0012848	浙江欧洁科技股份有限公司	生产企业	consumable
GYS0012849	浙江欧贝特生物材料有限公司	生产企业	consumable
GYS0012850	浙江正远医疗科技有限公司	生产企业	consumable
GYS0012851	浙江正雅齿科股份有限公司	生产企业	consumable
GYS0012852	浙江永太药业有限公司	生产企业/上市许可持有人	drug
GYS0012853	浙江永宁药业股份有限公司	生产企业/上市许可持有人	drug
GYS0012854	浙江永安医疗用品有限公司	生产企业	consumable
GYS0012855	浙江求实医疗科技有限公司	生产企业	consumable
GYS0012856	浙江汇康医药用品有限公司	生产企业	consumable
GYS0012857	浙江汇纳医疗科技有限公司	生产企业	consumable
GYS0012858	浙江汇诚汇捷影像数码科技有限公司	生产企业	consumable
GYS0012859	浙江江北药业有限公司	生产企业/上市许可持有人	drug
GYS0012860	浙江沃博森生物科技有限公司	生产企业	consumable
GYS0012861	浙江沣华医药科技有限公司	生产企业/上市许可持有人	drug
GYS0012862	浙江沧海医疗器械有限公司	生产企业	consumable
GYS0012863	浙江泰利森药业有限公司	生产企业/上市许可持有人	drug
GYS0012864	浙江泰康药业集团有限公司	生产企业/上市许可持有人	drug
GYS0012865	浙江浙北药业有限公司	生产企业/上市许可持有人	drug
GYS0012866	浙江浦睿达义齿有限公司	生产企业	consumable
GYS0012867	浙江海创医疗器械有限公司	生产企业	consumable
GYS0012868	浙江海力生制药有限公司	生产企业	drug
GYS0012869	浙江海圣医疗器械股份有限公司	生产企业	consumable
GYS0012870	浙江海宏医药有限公司	生产企业	consumable
GYS0012871	浙江海康生物制品有限责任公司	生产企业/上市许可持有人	drug
GYS0012872	浙江海昶生物医药技术有限公司	生产企业/上市许可持有人	drug
GYS0012873	浙江海森药业股份有限公司	生产企业/上市许可持有人	drug
GYS0012874	浙江海正药业股份有限公司	生产企业/上市许可持有人	drug
GYS0012875	浙江海洁亚医疗科技有限公司	生产企业	consumable
GYS0012876	浙江海翔药业股份有限公司	生产企业/上市许可持有人	drug
GYS0012877	浙江润强医疗器械股份有限公司	生产企业	consumable
GYS0012878	浙江源通医疗器械有限公司	生产企业	consumable
GYS0012879	浙江瀚维科技有限责任公司	生产企业	consumable
GYS0012880	浙江灵洋医疗器械有限公司	生产企业	consumable
GYS0012881	浙江爱生药业有限公司	生产企业/上市许可持有人	drug
GYS0012882	浙江爱纽斯医疗科技有限公司	生产企业	consumable
GYS0012883	浙江爱诺生物药业股份有限公司	生产企业/上市许可持有人	drug
GYS0012884	浙江牙可医疗器械有限公司	生产企业	consumable
GYS0012885	浙江狄赛生物科技有限公司	生产企业	consumable
GYS0012886	浙江玉升医疗器械股份有限公司	生产企业	consumable
GYS0012887	浙江玛立义齿有限公司	生产企业	consumable
GYS0012888	浙江珂瑞康生物医疗科技有限公司	生产企业	consumable
GYS0012889	浙江珍琦护理用品有限公司	生产企业	consumable
GYS0012890	浙江瑞新药业股份有限公司	生产企业/上市许可持有人	drug
GYS0012891	浙江瑞瀚医疗器材制造有限公司	生产企业	consumable
GYS0012892	浙江瑞邦药业股份有限公司	生产企业/上市许可持有人	drug
GYS0012893	浙江甬誉生物科技有限公司	生产企业	consumable
GYS0012894	浙江白泽医疗器械有限公司	生产企业	consumable
GYS0012895	浙江百代医药科技有限公司	生产企业/上市许可持有人	drug
GYS0012896	浙江百安医疗科技有限公司	生产企业	consumable
GYS0012897	浙江百欣医疗科技有限公司	生产企业	consumable
GYS0012898	浙江百益医疗科技有限公司	生产企业	consumable
GYS0012899	浙江百获健康科技有限公司	生产企业	consumable
GYS0012900	浙江皓洁医药科技有限公司	生产企业	consumable
GYS0012901	浙江皓邦医药用品有限公司	生产企业	consumable
GYS0012902	浙江盈高信息技术有限公司	生产企业	consumable
GYS0012903	浙江省三门医用器材厂	生产企业	consumable
GYS0012904	浙江省台州市恒泰染织敷料有限公司	生产企业	consumable
GYS0012905	浙江省康复器材工贸有限公司	生产企业	consumable
GYS0012906	浙江省淳安县人和医疗用品工贸有限公司	生产企业	consumable
GYS0012907	浙江省诸暨市珠力神医用品有限公司	生产企业	consumable
GYS0012908	浙江省诸暨市越翠药业有限公司	生产企业/上市许可持有人	drug
GYS0012909	浙江省遂昌双剑医疗器械有限公司	生产企业	consumable
GYS0012910	浙江省金华市华通医疗器械有限公司	生产企业	consumable
GYS0012911	浙江睿丁生物科技有限公司	生产企业	consumable
GYS0012912	浙江睿博零零壹高分子有限公司	生产企业	consumable
GYS0012913	浙江神洲药业有限公司	生产企业/上市许可持有人	drug
GYS0012914	浙江神目影像科技有限公司	生产企业	consumable
GYS0012915	浙江祥富隆新材料科技有限公司	生产企业	consumable
GYS0012916	浙江祥康医疗科技有限公司	生产企业	consumable
GYS0012917	浙江福瑞喜药业有限公司	生产企业/上市许可持有人	drug
GYS0012918	浙江福科斯医疗科技有限公司	生产企业	consumable
GYS0012919	浙江禾舟医疗科技有限公司	生产企业	consumable
GYS0012920	浙江禾通农业科技有限公司	生产企业	consumable
GYS0012921	浙江科惠医疗器械股份有限公司	生产企业	consumable
GYS0012922	浙江科瑞医药科技有限公司	生产企业	consumable
GYS0012923	浙江科美生物科技有限公司	生产企业	consumable
GYS0012924	浙江科迈捷康医疗器械有限公司	生产企业	consumable
GYS0012925	浙江简成医疗科技有限公司	生产企业	consumable
GYS0012926	浙江箬欣医疗器械有限公司	生产企业	consumable
GYS0012927	浙江红雨医药用品有限公司	生产企业	consumable
GYS0012928	浙江纽若思医疗科技有限公司	生产企业	consumable
GYS0012929	浙江纽西医疗器械有限公司	生产企业	consumable
GYS0012930	浙江经纬药业有限公司	生产企业/上市许可持有人	drug
GYS0012931	浙江续创医学科技有限公司	生产企业	consumable
GYS0012932	浙江维康药业股份有限公司	生产企业/上市许可持有人	drug
GYS0012933	浙江绿维医疗器械有限公司	生产企业	consumable
GYS0012934	浙江美加华医疗技术有限公司	生产企业	consumable
GYS0012935	浙江美迪泰医疗器械有限公司	生产企业	consumable
GYS0012936	浙江美迪深生物医药有限公司	生产企业/上市许可持有人	drug
GYS0012937	浙江群展医学科技有限公司	生产企业	consumable
GYS0012938	浙江脉联医疗设备有限公司	生产企业	consumable
GYS0012939	浙江致新医药科技有限公司	生产企业/上市许可持有人	drug
GYS0012940	浙江舒友仪器设备股份有限公司	生产企业	consumable
GYS0012941	浙江舒洁医疗科技有限公司	生产企业	consumable
GYS0012942	浙江舟山科成制药有限公司	生产企业	drug
GYS0012943	浙江航标医疗器械有限公司	生产企业	consumable
GYS0012944	浙江艾乐医疗科技有限公司	生产企业	consumable
GYS0012945	浙江艾唯沃生物科技有限公司	生产企业	consumable
GYS0012946	浙江花园润嘉医疗器械有限公司	生产企业	consumable
GYS0012947	浙江花园药业有限公司	生产企业/上市许可持有人	drug
GYS0012948	浙江苏可安药业有限公司	生产企业/上市许可持有人	drug,consumable
GYS0012949	浙江苏嘉医疗器械股份有限公司	生产企业	consumable
GYS0012950	浙江英格莱制药有限公司	生产企业/上市许可持有人	drug
GYS0012951	浙江荣企医疗科技有限公司	生产企业	consumable
GYS0012952	浙江荣荣袜业有限公司	生产企业	consumable
GYS0012953	浙江荣迈医疗科技有限公司	生产企业	consumable
GYS0012954	浙江荷清柔性电子技术有限公司	生产企业	consumable
GYS0012955	浙江莎普爱思药业股份有限公司	生产企业/上市许可持有人	drug
GYS0012956	浙江蓝天制衣有限公司	生产企业	consumable
GYS0012957	浙江蓝天鹤舞控股有限公司	生产企业	consumable
GYS0012958	浙江蓝禾医疗用品有限公司	生产企业	consumable
GYS0012959	浙江融仕医疗科技有限公司	生产企业	consumable
GYS0012960	浙江衢州荣博医疗器材有限公司	生产企业	consumable
GYS0012961	浙江裕瑞昌信息科技有限公司	生产企业	consumable
GYS0012962	浙江视方极医药科技有限公司	生产企业/上市许可持有人	drug
GYS0012963	浙江誉赢生物科技有限公司	生产企业	consumable
GYS0012964	浙江诚意药业股份有限公司	生产企业/上市许可持有人	drug
GYS0012965	浙江诸暨华泰药业有限公司	生产企业	drug
GYS0012966	浙江诺尔康神经电子科技股份有限公司	生产企业	consumable
GYS0012967	浙江诺得药业有限公司	生产企业/上市许可持有人	drug
GYS0012968	浙江诺美生物科技有限公司	生产企业	consumable
GYS0012969	浙江象立医疗科技有限公司	生产企业	consumable
GYS0012970	浙江贝加尔卫生科技有限公司	生产企业	consumable
GYS0012971	浙江贝得药业有限公司	生产企业/上市许可持有人	drug
GYS0012972	浙江贝洛芙生物科技有限公司	生产企业	consumable
GYS0012973	浙江赛宁生物科技有限公司	生产企业	consumable
GYS0012974	浙江赛灵特医药科技有限公司	生产企业/上市许可持有人	drug,consumable
GYS0012975	浙江赞生药业有限公司	生产企业/上市许可持有人	drug
GYS0012976	浙江辰和医疗设备有限公司	生产企业	consumable
GYS0012977	浙江迅实科技有限公司	生产企业	consumable
GYS0012978	浙江迅康医疗器械有限公司	生产企业	consumable
GYS0012979	浙江迈兹袜业科技有限公司	生产企业	consumable
GYS0012980	浙江迈纳士智能诊断科技有限公司	生产企业	consumable
GYS0012981	浙江迈达佩思医疗科技有限公司	生产企业	consumable
GYS0012982	浙江迈飞袜业科技有限公司	生产企业	consumable
GYS0012983	浙江远力健药业有限责任公司	生产企业/上市许可持有人	drug
GYS0012984	浙江远翔医疗设备有限公司	生产企业	consumable
GYS0012985	浙江迪耳药业有限公司	生产企业/上市许可持有人	drug
GYS0012986	浙江逸镜医疗器械有限公司	生产企业	consumable
GYS0012987	浙江遂昌惠康药业有限公司	生产企业/上市许可持有人	drug
GYS0012988	浙江邦好宁医药用品有限公司	生产企业	consumable
GYS0012989	浙江邦立医药用品有限公司	生产企业	consumable
GYS0012990	浙江邦臣医药有限公司	生产企业	consumable
GYS0012991	浙江都邦药业股份有限公司	生产企业/上市许可持有人	drug
GYS0012992	浙江量子医疗器械有限公司	生产企业	consumable
GYS0012993	浙江金华康恩贝生物制药有限公司	生产企业/上市许可持有人	drug
GYS0012994	浙江金立源药业有限公司	生产企业/上市许可持有人	drug
GYS0012995	浙江钜典影像科技有限公司	生产企业	consumable
GYS0012996	浙江银达生物技术有限公司	生产企业	consumable
GYS0012997	浙江锐劳德医疗器械有限公司	生产企业	consumable
GYS0012998	浙江长典药物技术开发有限公司	生产企业/上市许可持有人	drug
GYS0012999	浙江隆凯生物科技有限公司	生产企业	consumable
GYS0013000	浙江隆泰医疗科技有限公司	生产企业	consumable
GYS0013001	浙江雅美医疗器械科技有限公司	生产企业	consumable
GYS0013002	浙江雅露生物科技有限公司	生产企业	consumable
GYS0013003	浙江震元制药有限公司	生产企业/上市许可持有人	drug
GYS0013004	浙江领创优品药业有限公司	生产企业/上市许可持有人	drug
GYS0013005	浙江飞图影像科技有限公司	生产企业	consumable
GYS0013006	浙江首鼎医学科技有限公司	生产企业	consumable
GYS0013007	浙江首鼎视介科技有限公司	生产企业	consumable
GYS0013008	浙江骏德生物科技有限公司	生产企业/上市许可持有人	drug
GYS0013009	浙江高跖医药科技股份有限公司	生产企业/上市许可持有人	drug
GYS0013010	浙江鹤思医疗器械有限公司	生产企业	consumable
GYS0013011	浙江麦廸凯医疗科技有限公司	生产企业	consumable
GYS0013012	浙江麦迪凯医疗科技有限公司	生产企业	consumable
GYS0013013	浙江鼎创医疗科技有限公司	生产企业	consumable
GYS0013014	浙江鼎泰药业股份有限公司	生产企业/上市许可持有人	drug,consumable
GYS0013015	浙江龙德医药有限公司	生产企业	consumable
GYS0013016	浚县洁云卫生材料有限公司	生产企业	consumable
GYS0013017	浦易（上海）生物技术股份有限公司	生产企业	consumable
GYS0013018	浩宁实业（沈阳）有限公司	生产企业	consumable
GYS0013019	浩普（宁夏）张氏回药制药科技有限公司	生产企业	consumable
GYS0013020	海世药业（烟台）有限公司	生产企业	consumable
GYS0013021	海元利亨（青岛）医疗器械有限公司	生产企业	consumable
GYS0013022	海北夏格尔藏药开发有限公司	生产企业	consumable
GYS0013023	海南一剂堂生物科技有限公司	生产企业	consumable
GYS0013024	海南一洲制药厂	生产企业/上市许可持有人	drug
GYS0013025	海南一鸿实业发展有限公司	生产企业	consumable
GYS0013026	海南万力德生物科技有限公司	生产企业	consumable
GYS0013027	海南万州绿色制药有限公司	生产企业/上市许可持有人	drug
GYS0013028	海南万玮制药有限公司	生产企业/上市许可持有人	drug
GYS0013029	海南三叶制药厂有限公司	生产企业/上市许可持有人	drug
GYS0013030	海南三叶美好制药有限公司	生产企业/上市许可持有人	drug
GYS0013031	海南世宝康医疗科技有限公司	生产企业	consumable
GYS0013032	海南东联长富制药有限公司	生产企业	drug,consumable
GYS0013033	海南中升健康发展有限公司	生产企业	consumable
GYS0013034	海南中和药业股份有限公司	生产企业/上市许可持有人	drug
GYS0013035	海南中玉药业有限公司	生产企业/上市许可持有人	drug
GYS0013036	海南中生制药有限公司	生产企业	consumable
GYS0013037	海南中盛合美生物制药有限公司	生产企业/上市许可持有人	drug
GYS0013038	海南久常制药有限公司	生产企业/上市许可持有人	drug
GYS0013039	海南九芝堂药业有限公司	生产企业/上市许可持有人	drug
GYS0013040	海南亚洲制药股份有限公司	生产企业/上市许可持有人	drug
GYS0013041	海南以岭药业有限公司	生产企业/上市许可持有人	drug
GYS0013042	海南仲悦医疗健康产业有限公司	生产企业/上市许可持有人	drug
GYS0013043	海南伊顺药业有限公司	生产企业/上市许可持有人	drug
GYS0013044	海南众康悦医疗器械有限公司	生产企业	consumable
GYS0013045	海南众森生物科技有限公司	生产企业	consumable
GYS0013046	海南信宏星脉药业有限公司	生产企业/上市许可持有人	drug
GYS0013047	海南信康药业有限公司	生产企业	consumable
GYS0013048	海南倍特药业有限公司	生产企业/上市许可持有人	drug
GYS0013049	海南先声再明医药股份有限公司	生产企业/上市许可持有人	drug
GYS0013050	海南先声药业有限公司	生产企业/上市许可持有人	drug
GYS0013051	海南先端医疗科技有限公司	生产企业	consumable
GYS0013052	海南全星制药有限公司	生产企业/上市许可持有人	drug
GYS0013053	海南凯健制药有限公司	生产企业/上市许可持有人	drug
GYS0013054	海南制药厂有限公司	生产企业/上市许可持有人	drug
GYS0013055	海南制药厂有限公司制药一厂	生产企业/上市许可持有人	drug
GYS0013056	海南制药厂有限公司制药二厂	生产企业/上市许可持有人	drug
GYS0013057	海南华缔药业有限公司	生产企业	consumable
GYS0013058	海南卓力制药有限公司	生产企业/上市许可持有人	drug
GYS0013059	海南卓悦家健康科技有限公司	生产企业	consumable
GYS0013060	海南卓泰制药有限公司	生产企业/上市许可持有人	drug
GYS0013061	海南卓瑞生物医药有限公司	生产企业	consumable
GYS0013062	海南卓科制药有限公司	生产企业/上市许可持有人	drug
GYS0013063	海南博大制药厂	生产企业	drug
GYS0013064	海南博鳌超级医院有限公司	生产企业	consumable
GYS0013065	海南卫康制药(潜山)有限公司	生产企业/上市许可持有人	drug
GYS0013066	海南双成药业股份有限公司	生产企业/上市许可持有人	drug
GYS0013067	海南合瑞制药股份有限公司	生产企业/上市许可持有人	drug
GYS0013068	海南和瑞达药业有限公司	生产企业/上市许可持有人	drug
GYS0013069	海南回元堂药业有限公司	生产企业/上市许可持有人	drug
GYS0013070	海南国瑞制药有限公司	生产企业/上市许可持有人	drug
GYS0013071	海南天煌制药有限公司	生产企业/上市许可持有人	drug
GYS0013072	海南天盛保和生物科技有限公司	生产企业/上市许可持有人	drug
GYS0013073	海南妙音春制药有限公司	生产企业/上市许可持有人	drug,consumable
GYS0013074	海南尚源义齿技术有限公司	生产企业	consumable
GYS0013075	海南希睿达生物技术有限公司	生产企业	consumable
GYS0013076	海南广升誉制药有限公司	生产企业/上市许可持有人	drug
GYS0013077	海南康哲维盛科技有限公司	生产企业	consumable
GYS0013078	海南康瑞和生物医药科技有限公司	生产企业/上市许可持有人	drug
GYS0013079	海南康益诺药业科技有限公司	生产企业	consumable
GYS0013080	海南德诺海思生物科技有限公司	生产企业	consumable
GYS0013081	海南思纶生物科技有限公司	生产企业	consumable
GYS0013082	海南恒诚三叶制药有限公司	生产企业/上市许可持有人	drug
GYS0013083	海南惠普森医药生物技术有限公司	生产企业/上市许可持有人	drug
GYS0013084	海南慧谷药业有限公司	生产企业/上市许可持有人	drug
GYS0013085	海南护珩医疗器械有限公司	生产企业	consumable
GYS0013086	海南振东生物科技有限公司	生产企业/上市许可持有人	drug
GYS0013087	海南斯达制药有限公司	生产企业/上市许可持有人	drug
GYS0013088	海南新世通制药有限公司	生产企业	drug
GYS0013089	海南新天夫药业有限公司	生产企业	drug
GYS0013090	海南新阳光药械有限公司	生产企业	consumable
GYS0013091	海南方华医疗科技有限公司	生产企业	consumable
GYS0013092	海南日中天制药有限公司	生产企业/上市许可持有人	drug
GYS0013093	海南普利制药股份有限公司	生产企业/上市许可持有人	drug
GYS0013094	海南朗腾医疗设备有限公司	生产企业	consumable
GYS0013095	海南未见药业有限公司	生产企业/上市许可持有人	drug
GYS0013096	海南林恒制药股份有限公司	生产企业/上市许可持有人	drug
GYS0013097	海南树兰博鳌医院有限公司	生产企业	consumable
GYS0013098	海南森祺制药有限公司	生产企业/上市许可持有人	drug
GYS0013099	海南欣安生物制药有限公司	生产企业	consumable
GYS0013100	海南欣宜康生物科技有限公司	生产企业	consumable
GYS0013101	海南民福药业公司	生产企业	consumable
GYS0013102	海南泰迪医药有限公司	生产企业/上市许可持有人	drug
GYS0013103	海南泽荣医药有限公司	生产企业/上市许可持有人	drug
GYS0013104	海南海力制药有限公司	生产企业/上市许可持有人	drug
GYS0013105	海南海同顺医疗器械有限公司	生产企业	consumable
GYS0013106	海南海和制药有限公司	生产企业/上市许可持有人	drug
GYS0013107	海南海灵化学制药有限公司	生产企业/上市许可持有人	drug
GYS0013108	海南海神同洲制药有限公司	生产企业/上市许可持有人	drug
GYS0013109	海南海翔佳美医药科技有限公司	生产企业/上市许可持有人	drug
GYS0013110	海南涛生医药科技研究院有限公司	生产企业/上市许可持有人	drug,consumable
GYS0013111	海南灵康制药有限公司	生产企业/上市许可持有人	drug
GYS0013112	海南烨徽源医药科技有限公司	生产企业/上市许可持有人	drug
GYS0013113	海南煦沃药业有限公司	生产企业/上市许可持有人	drug
GYS0013114	海南爱科制药有限公司	生产企业	drug
GYS0013115	海南爱美丽生物科技有限责任公司	生产企业	consumable
GYS0013116	海南百迈科医疗科技股份有限公司	生产企业	consumable
GYS0013117	海南皇隆制药股份有限公司	生产企业/上市许可持有人	drug
GYS0013118	海南盈达润泽药业有限公司	生产企业/上市许可持有人	drug
GYS0013119	海南益嘉源药业有限公司	生产企业	consumable
GYS0013120	海南省金岛制药厂	生产企业	drug
GYS0013121	海南睿心智能医疗科技有限公司	生产企业	consumable
GYS0013122	海南睿智医药科技投资有限公司	生产企业/上市许可持有人	drug
GYS0013123	海南碧凯药业有限公司	生产企业	drug
GYS0013124	海南科莱维药业有限公司	生产企业/上市许可持有人	drug
GYS0013125	海南科进生物制药有限公司	生产企业/上市许可持有人	drug
GYS0013126	海南紫程众投生物科技有限公司	生产企业/上市许可持有人	drug
GYS0013127	海南红祥旗荣医药科技有限公司	生产企业/上市许可持有人	drug
GYS0013128	海南纳露科技有限公司	生产企业	consumable
GYS0013129	海南纽亚医疗科技有限公司	生产企业	consumable
GYS0013130	海南维力医疗科技开发有限公司	生产企业	consumable
GYS0013131	海南维智博威鑫科技有限公司	生产企业	consumable
GYS0013132	海南绿岛制药有限公司	生产企业/上市许可持有人	drug
GYS0013133	海南美兰史克制药有限公司	生产企业/上市许可持有人	drug
GYS0013134	海南美大制药有限公司	生产企业	drug
GYS0013135	海南美好西林生物制药有限公司	生产企业/上市许可持有人	drug
GYS0013136	海南美安生物医药科技有限公司	生产企业	consumable
GYS0013137	海南美康达药业有限公司	生产企业/上市许可持有人	drug
GYS0013138	海南聚绅药业有限公司	生产企业/上市许可持有人	drug
GYS0013139	海南芬森医疗器械有限公司	生产企业	consumable
GYS0013140	海南苏生生物科技有限公司	生产企业	consumable
GYS0013141	海南苗祖生物科技有限公司	生产企业/上市许可持有人	drug
GYS0013142	海南英达生医疗器械有限公司	生产企业	consumable
GYS0013143	海南莱美医疗器械有限公司	生产企业	consumable
GYS0013144	海南葫芦娃药业集团股份有限公司	生产企业/上市许可持有人	drug
GYS0013145	海南蓝康医药生物技术有限公司	生产企业/上市许可持有人	drug
GYS0013146	海南诚锐生物科技有限公司	生产企业/上市许可持有人	drug
GYS0013147	海南诺恩生物科技有限公司	生产企业	consumable
GYS0013148	海南赛立克药业有限公司	生产企业/上市许可持有人	drug
GYS0013149	海南赞邦制药有限公司	生产企业/上市许可持有人	drug
GYS0013150	海南辉能药业有限公司	生产企业/上市许可持有人	drug
GYS0013151	海南通用三洋药业有限公司	生产企业/上市许可持有人	drug
GYS0013152	海南通用同盟药业有限公司	生产企业/上市许可持有人	drug
GYS0013153	海南通用康力制药有限公司	生产企业/上市许可持有人	drug
GYS0013154	海南金抗制药有限公司	生产企业/上市许可持有人	drug
GYS0013155	海南金泰熙康生物科技有限公司	生产企业	consumable
GYS0013156	海南金泰药业有限公司	生产企业/上市许可持有人	drug
GYS0013157	海南金瑞宝医药科技有限公司	生产企业/上市许可持有人	drug
GYS0013158	海南金贝康制药有限公司	生产企业/上市许可持有人	drug
GYS0013159	海南锦瑞制药有限公司	生产企业/上市许可持有人	drug
GYS0013160	海南锦麟医药科技有限公司	生产企业/上市许可持有人	drug
GYS0013161	海南锭远医疗器械有限公司	生产企业	consumable
GYS0013162	海南长安国际制药有限公司	生产企业	drug
GYS0013163	海南长春花药业有限公司	生产企业/上市许可持有人	drug
GYS0013164	海南雁龙生物医药科技有限公司	生产企业	consumable
GYS0013165	海南鸿翼医疗器械有限公司	生产企业	consumable
GYS0013166	海南麦瑞生物科技有限公司	生产企业	consumable
GYS0013167	海南龙圣堂制药有限公司	生产企业	drug
GYS0013168	海口天行健药物研究有限公司	生产企业/上市许可持有人	drug
GYS0013169	海口奇力制药股份有限公司	生产企业/上市许可持有人	drug
GYS0013170	海口市制药厂有限公司	生产企业/上市许可持有人	drug,consumable
GYS0013171	海口康怀生物科技有限公司	生产企业	consumable
GYS0013172	海口瓷都忠诚义齿制造有限公司	生产企业	consumable
GYS0013173	海城市谦益卫生材料制造有限公司	生产企业	consumable
GYS0013174	海外制药(镇赉)有限公司	生产企业/上市许可持有人	drug
GYS0013175	海奥菲（扬州）医疗器械有限公司	生产企业	consumable
GYS0013176	海孵（海南自贸区）医疗科技有限责任公司	生产企业	consumable
GYS0013177	海宁市益众义齿有限公司	生产企业	consumable
GYS0013178	海宁市绿健医疗用品有限公司	生产企业	consumable
GYS0013179	海安美佳医用敷料有限公司	生产企业	consumable
GYS0013180	海安驷迪新技术研究所	生产企业	consumable
GYS0013181	海宸医疗器械(菏泽)有限公司	生产企业	consumable
GYS0013182	海尔血液技术重庆有限公司	生产企业/上市许可持有人	drug,consumable
GYS0013183	海尼达（江苏）医疗科技有限公司	生产企业	consumable
GYS0013184	海德怡康科技（广东）有限公司	生产企业	consumable
GYS0013185	海思科制药(眉山)有限公司	生产企业/上市许可持有人	drug
GYS0013186	海思科医药集团股份有限公司	生产企业/上市许可持有人	drug
GYS0013187	海昇（南京）医疗科技有限公司	生产企业	consumable
GYS0013188	海昌隐形眼镜有限公司	生产企业	consumable
GYS0013189	海杰亚（北京）医疗器械有限公司	生产企业	consumable
GYS0013190	海氏海诺乐享医疗科技（青岛）有限公司	生产企业	consumable
GYS0013191	海氏海诺乳胶（青岛）有限公司	生产企业	consumable
GYS0013192	海氏海诺倍适威医疗用品（青岛）有限公司	生产企业	consumable
GYS0013193	海氏海诺健康科技股份有限公司	生产企业	consumable
GYS0013194	海氏海诺（湖南）医疗科技有限公司	生产企业	consumable
GYS0013195	海沃斯(绍兴)医疗科技有限公司	生产企业	consumable
GYS0013196	海泽临床成果转化医学研究院（无锡）有限公司	生产企业	consumable
GYS0013197	海洁（重庆）卫生用品股份有限公司	生产企业	consumable
GYS0013198	海盐康源医疗器械有限公司	生产企业	consumable
GYS0013199	海菲尔（江苏）生物科技有限公司	生产企业	consumable
GYS0013200	海菲尔（辽宁）生物科技有限公司	生产企业	consumable
GYS0013201	海西梦么多健藏药科技有限公司	生产企业	consumable
GYS0013202	海赞（青岛）医疗器械有限公司	生产企业	consumable
GYS0013203	海达舍画阁药业有限公司	生产企业/上市许可持有人	drug
GYS0013204	海门君康医疗器械有限公司	生产企业	consumable
GYS0013205	海门市中大纺织科技有限公司	生产企业	consumable
GYS0013206	海门市春蕾医疗卫生用品有限责任公司	生产企业	consumable
GYS0013207	海龙马（天津）科技有限公司	生产企业	consumable
GYS0013208	涛生制药有限公司	生产企业/上市许可持有人	drug
GYS0013209	涞源县冀森医疗器械有限公司	生产企业	consumable
GYS0013210	涞源县凯森医疗器械有限公司	生产企业	consumable
GYS0013211	润京综研生物科技（北京）有限公司	生产企业	consumable
GYS0013212	润博（山东）医疗科技有限公司	生产企业	consumable
GYS0013213	润尔眼科药物(广州)有限公司	生产企业/上市许可持有人	drug
GYS0013214	润泽制药(苏州)有限公司	生产企业/上市许可持有人	drug
GYS0013215	涿州东乐制药有限公司	生产企业/上市许可持有人	drug
GYS0013216	涿州华诺救生装备有限公司	生产企业	consumable
GYS0013217	涿州天淇医疗器械有限公司	生产企业	consumable
GYS0013218	涿州市清雅义齿制作有限公司	生产企业	consumable
GYS0013219	涿州市舒赫医疗器械有限公司	生产企业	consumable
GYS0013220	淄博万杰制药有限公司	生产企业/上市许可持有人	drug
GYS0013221	淄博亚大制药股份有限公司	生产企业/上市许可持有人	drug
GYS0013222	淄博佰大商贸有限责任公司	生产企业	consumable
GYS0013223	淄博侨森医疗用品股份有限公司	生产企业	consumable
GYS0013224	淄博光电医疗仪器有限公司	生产企业	consumable
GYS0013225	淄博创奇医疗用品有限公司	生产企业	consumable
GYS0013226	淄博创欣医疗用品有限公司	生产企业	consumable
GYS0013227	淄博友迪医疗用品有限公司	生产企业	consumable
GYS0013228	淄博善远护理用品有限公司	生产企业	consumable
GYS0013229	淄博安迪医疗器械有限责任公司	生产企业	consumable
GYS0013230	淄博宏康医疗器械有限公司	生产企业	consumable
GYS0013231	淄博市惠康医疗器械有限公司	生产企业	consumable
GYS0013232	淄博康贝医疗器械有限公司	生产企业	consumable
GYS0013233	淄博康迪医疗器械有限公司	生产企业	consumable
GYS0013234	淄博弘海医疗科技有限公司	生产企业	consumable
GYS0013235	淄博恒智威通医疗器械科技有限公司	生产企业	consumable
GYS0013236	淄博戴沃医疗科技有限公司	生产企业	consumable
GYS0013237	淄博智途精密仪器有限公司	生产企业	consumable
GYS0013238	淄博来绪医用器材有限公司	生产企业	consumable
GYS0013239	淄博泰雷兹电子有限公司	生产企业	consumable
GYS0013240	淄博瀚邦生物科技有限公司	生产企业	consumable
GYS0013241	淄博百合义齿有限公司	生产企业	consumable
GYS0013242	淄博盈恒医疗用品有限公司	生产企业	consumable
GYS0013243	淄博祥源医疗科技有限公司	生产企业	consumable
GYS0013244	淄博科创医疗仪器有限公司	生产企业	consumable
GYS0013245	淄博美诺义齿制作有限公司	生产企业	consumable
GYS0013246	淄博阜康商贸有限公司	生产企业	consumable
GYS0013247	淮北兴阳医疗辅具科技有限公司	生产企业	consumable
GYS0013248	淮北尚道药业有限公司	生产企业	consumable
GYS0013249	淮南泰复制药有限公司	生产企业/上市许可持有人	drug
GYS0013250	淮安安洁医疗用品股份有限公司	生产企业	consumable
GYS0013251	淮安市中兴医药科技有限公司	生产企业	consumable
GYS0013252	淮安市恒春医疗器材有限公司	生产企业	consumable
GYS0013253	淮安市西格玛医用实业有限公司	生产企业	consumable
GYS0013254	淮安恒雅义齿有限公司	生产企业	consumable
GYS0013255	淮安诺瑞义齿有限公司	生产企业	consumable
GYS0013256	淮阴医疗器械有限公司	生产企业	consumable
GYS0013257	深中海医疗用品（深圳）有限公司	生产企业	consumable
GYS0013258	深圳一举科技股份有限公司	生产企业	consumable
GYS0013259	深圳一粟医疗科技有限公司	生产企业	consumable
GYS0013260	深圳万乐药业有限公司	生产企业/上市许可持有人	drug
GYS0013261	深圳万合丰医疗科技有限公司	生产企业	consumable
GYS0013262	深圳万和制药有限公司	生产企业/上市许可持有人	drug
GYS0013263	深圳上正医疗器械有限责任公司	生产企业	consumable
GYS0013264	深圳世纪康都医疗科技有限公司	生产企业	consumable
GYS0013265	深圳中南义齿技术有限公司	生产企业	consumable
GYS0013266	深圳中科华意科技有限公司	生产企业	consumable
GYS0013267	深圳中科精诚医学科技有限公司	生产企业	consumable
GYS0013268	深圳之微医疗技术有限公司	生产企业	consumable
GYS0013269	深圳乐普智能医疗器械有限公司	生产企业	consumable
GYS0013270	深圳乐齿牙科技术有限公司	生产企业	consumable
GYS0013271	深圳九邦医疗控股有限公司	生产企业	consumable
GYS0013272	深圳云天开智慧医疗科技有限公司	生产企业	consumable
GYS0013273	深圳云科医疗有限公司	生产企业	consumable
GYS0013274	深圳京果制药有限公司	生产企业	drug
GYS0013275	深圳京柏医疗科技股份有限公司	生产企业	consumable
GYS0013276	深圳亿惠医疗科技有限公司	生产企业	consumable
GYS0013277	深圳优美口腔医学科技有限公司	生产企业	consumable
GYS0013278	深圳优迪生物技术有限公司	生产企业	consumable
GYS0013279	深圳优逸医疗科技有限公司	生产企业	consumable
GYS0013280	深圳会众生物技术有限公司	生产企业	consumable
GYS0013281	深圳佰特微医疗科技有限公司	生产企业	consumable
GYS0013282	深圳信立泰医疗器械股份有限公司	生产企业	consumable
GYS0013283	深圳信立泰药业股份有限公司	生产企业/上市许可持有人	drug
GYS0013284	深圳兰度生物材料有限公司	生产企业	consumable
GYS0013285	深圳创齿缘医疗科技有限公司	生产企业	consumable
GYS0013286	深圳前海汇睿生物技术有限公司	生产企业	consumable
GYS0013287	深圳加美生物有限公司	生产企业	consumable
GYS0013288	深圳北芯生命科技股份有限公司	生产企业	consumable
GYS0013289	深圳医坤生物科技有限公司	生产企业	consumable
GYS0013290	深圳半岛医疗集团股份有限公司	生产企业	consumable
GYS0013291	深圳华大因源医药科技有限公司	生产企业	consumable
GYS0013292	深圳华润九创医药有限公司	生产企业/上市许可持有人	drug
GYS0013293	深圳华润九新药业有限公司	生产企业/上市许可持有人	drug
GYS0013294	深圳华药南方制药有限公司	生产企业/上市许可持有人	drug
GYS0013295	深圳华讯角度生物医疗电子科技有限公司	生产企业	consumable
GYS0013296	深圳华诺生物科技有限公司	生产企业	consumable
GYS0013297	深圳卓越美学全瓷技术有限公司	生产企业	consumable
GYS0013298	深圳南粤药业有限公司	生产企业/上市许可持有人	drug
GYS0013299	深圳博创齿科技术有限公司	生产企业	consumable
GYS0013300	深圳博真生物科技有限公司	生产企业	consumable
GYS0013301	深圳卡尔文科技有限公司	生产企业	consumable
GYS0013302	深圳原位医疗设备有限公司	生产企业	consumable
GYS0013303	深圳友一生物科技有限公司	生产企业	consumable
GYS0013304	深圳友赞医疗科技有限公司	生产企业	consumable
GYS0013305	深圳君圣康生物技术有限公司	生产企业	consumable
GYS0013306	深圳唯奥医疗技术有限公司	生产企业	consumable
GYS0013307	深圳善康医药科技股份有限公司	生产企业/上市许可持有人	drug
GYS0013308	深圳因赛德思医疗科技有限公司	生产企业	consumable
GYS0013309	深圳圣诺医疗设备股份有限公司	生产企业	consumable
GYS0013310	深圳圳北医疗科技有限公司	生产企业	consumable
GYS0013311	深圳大佛药业股份有限公司	生产企业/上市许可持有人	drug
GYS0013312	深圳大凡制造有限公司	生产企业	consumable
GYS0013313	深圳大洲医学科技有限公司	生产企业	consumable
GYS0013314	深圳大粤齿科技术开发有限公司	生产企业	consumable
GYS0013315	深圳天深医疗器械有限公司	生产企业	consumable
GYS0013316	深圳天辰医疗科技有限公司	生产企业	consumable
GYS0013317	深圳太太药业有限公司	生产企业/上市许可持有人	drug
GYS0013318	深圳奥生医药科技有限公司	生产企业	consumable
GYS0013319	深圳奥萨制药有限公司	生产企业/上市许可持有人	drug
GYS0013320	深圳子卿医疗器械有限公司	生产企业	consumable
GYS0013321	深圳安特医疗股份有限公司	生产企业	consumable
GYS0013322	深圳安科高技术股份有限公司	生产企业	consumable
GYS0013323	深圳安维森实业有限公司	生产企业	consumable
GYS0013324	深圳宏诚致美医疗器械有限公司	生产企业	consumable
GYS0013325	深圳家红齿科技术有限公司	生产企业	consumable
GYS0013326	深圳富科达医疗科技有限公司	生产企业	consumable
GYS0013327	深圳尚灵医疗器械有限公司	生产企业	consumable
GYS0013328	深圳尤尼智康医疗科技有限公司	生产企业	consumable
GYS0013329	深圳山而威医疗科技集团有限公司	生产企业	consumable
GYS0013330	深圳山雨科技有限公司	生产企业	consumable
GYS0013331	深圳市万生堂实业有限公司	生产企业	consumable
GYS0013332	深圳市三专医疗科技有限公司	生产企业	consumable
GYS0013333	深圳市三平影像科技有限公司	生产企业	consumable
GYS0013334	深圳市三恩诺中碳光灸医疗科技有限公司	生产企业	consumable
GYS0013335	深圳市世格创新医疗科技有限公司	生产企业	consumable
GYS0013336	深圳市世格赛思医疗科技有限公司	生产企业	consumable
GYS0013337	深圳市业聚实业有限公司	生产企业	consumable
GYS0013338	深圳市东之星医疗科技有限公司	生产企业	consumable
GYS0013339	深圳市东之星电子科技有限公司	生产企业	consumable
GYS0013340	深圳市东邦生物医疗技术有限公司	生产企业	consumable
GYS0013341	深圳市中仓医疗科技有限公司	生产企业	consumable
GYS0013342	深圳市中核海得威生物科技有限公司	生产企业/上市许可持有人	drug
GYS0013343	深圳市中港贸易有限公司	生产企业	consumable
GYS0013344	深圳市中科微光医疗器械技术有限公司	生产企业	consumable
GYS0013345	深圳市中联制药有限公司	生产企业/上市许可持有人	drug
GYS0013346	深圳市丹纳科技有限公司	生产企业	consumable
GYS0013347	深圳市乐宁康医疗科技有限公司	生产企业	consumable
GYS0013348	深圳市乐心平江科技有限公司	生产企业	consumable
GYS0013349	深圳市乐普源医疗科技有限公司	生产企业	consumable
GYS0013350	深圳市乐诚生物科技有限公司	生产企业	consumable
GYS0013351	深圳市九州康医疗器械有限公司	生产企业	consumable
GYS0013352	深圳市九美信禾医疗器械有限公司	生产企业	consumable
GYS0013353	深圳市乾元医疗有限公司	生产企业	consumable
GYS0013354	深圳市云想医疗器械有限公司	生产企业	consumable
GYS0013355	深圳市亚卡特义齿有限公司	生产企业	consumable
GYS0013356	深圳市亚辉龙生物科技股份有限公司	生产企业	consumable
GYS0013357	深圳市京宝田科技有限公司	生产企业	consumable
GYS0013358	深圳市亿立方生物技术有限公司	生产企业	consumable
GYS0013359	深圳市亿贝康医疗设备有限公司	生产企业	consumable
GYS0013360	深圳市仿生美学科技有限公司	生产企业	consumable
GYS0013361	深圳市优品医疗设备有限公司	生产企业	consumable
GYS0013362	深圳市伟晴大健康科技有限公司	生产企业	consumable
GYS0013363	深圳市佰顿义齿有限公司	生产企业	consumable
GYS0013364	深圳市佳源美义齿技术有限公司	生产企业	consumable
GYS0013365	深圳市保安医疗用品有限公司	生产企业	consumable
GYS0013366	深圳市保科医疗器械有限公司	生产企业	consumable
GYS0013367	深圳市信德医疗系统有限公司	生产企业	consumable
GYS0013368	深圳市信诺特科技有限公司	生产企业	consumable
GYS0013369	深圳市倍康美医疗电子商务有限公司	生产企业	consumable
GYS0013370	深圳市健翔生物制药有限公司	生产企业/上市许可持有人	drug
GYS0013371	深圳市傲宇义齿技术开发有限公司	生产企业	consumable
GYS0013372	深圳市元和电子材料有限公司	生产企业	consumable
GYS0013373	深圳市先亚生物科技有限公司	生产企业	consumable
GYS0013374	深圳市先健心康医疗电子有限公司	生产企业	consumable
GYS0013375	深圳市先健神康医疗有限公司	生产企业	consumable
GYS0013376	深圳市光明创博生物制品发展有限公司	生产企业	consumable
GYS0013377	深圳市兴业卓辉实业有限公司	生产企业	consumable
GYS0013378	深圳市兴创源科技有限公司	生产企业	consumable
GYS0013379	深圳市兴想智能科技有限公司	生产企业	consumable
GYS0013380	深圳市兴鹏祥医疗设备有限公司	生产企业	consumable
GYS0013381	深圳市凯思特医疗科技股份有限公司	生产企业	consumable
GYS0013382	深圳市凯曼医疗技术有限公司	生产企业	consumable
GYS0013383	深圳市凯福迈医疗科技有限公司	生产企业	consumable
GYS0013384	深圳市创信医疗设备有限公司	生产企业	consumable
GYS0013385	深圳市创兴禾科技有限公司	生产企业	consumable
GYS0013386	深圳市创心医疗科技有限公司	生产企业	consumable
GYS0013387	深圳市前海蛇口自贸区医院	生产企业	consumable
GYS0013388	深圳市力合医疗器械有限公司	生产企业	consumable
GYS0013389	深圳市励自聚美齿科医疗有限公司	生产企业	consumable
GYS0013390	深圳市北辰星医疗科技有限公司	生产企业	consumable
GYS0013391	深圳市医之宝科技发展有限公司	生产企业	consumable
GYS0013392	深圳市医创生物科技有限公司	生产企业	consumable
GYS0013393	深圳市医思美科技有限公司	生产企业	consumable
GYS0013394	深圳市医欣创新科技有限公司	生产企业	consumable
GYS0013395	深圳市医漫科技有限公司	生产企业	consumable
GYS0013396	深圳市医百生物科技有限公司	生产企业	consumable
GYS0013397	深圳市医迈科技有限公司	生产企业	consumable
GYS0013398	深圳市千帆电子有限公司	生产企业	consumable
GYS0013399	深圳市升昊科技有限公司	生产企业	consumable
GYS0013400	深圳市华伟医疗科技有限公司	生产企业	consumable
GYS0013401	深圳市华信生命医学技术有限公司	生产企业	consumable
GYS0013402	深圳市华创齿科技术有限公司	生产企业	consumable
GYS0013403	深圳市华商医疗技术有限公司	生产企业	consumable
GYS0013404	深圳市华晨阳科技有限公司	生产企业	consumable
GYS0013405	深圳市华瑞康生物医疗器械科技有限公司	生产企业	consumable
GYS0013406	深圳市华生元基因工程发展有限公司	生产企业/上市许可持有人	drug
GYS0013407	深圳市华祥医用器材有限公司	生产企业	consumable
GYS0013408	深圳市卓一美学齿科有限公司	生产企业	consumable
GYS0013409	深圳市博为医疗机器人有限公司	生产企业	consumable
GYS0013410	深圳市博声医疗器械有限公司	生产企业	consumable
GYS0013411	深圳市博恩医疗器材有限公司	生产企业	consumable
GYS0013412	深圳市博瑞泰医疗技术有限公司	生产企业	consumable
GYS0013413	深圳市卡德尔义齿制作有限公司	生产企业	consumable
GYS0013414	深圳市卫光生物制品股份有限公司	生产企业/上市许可持有人	drug
GYS0013415	深圳市合创美瓷齿科技术有限公司	生产企业	consumable
GYS0013416	深圳市同创医疗科技有限公司	生产企业	consumable
GYS0013417	深圳市同源生物医疗科技有限公司	生产企业	consumable
GYS0013418	深圳市名恒医疗器械有限公司	生产企业	consumable
GYS0013419	深圳市名扬假牙制品有限公司	生产企业	consumable
GYS0013420	深圳市君安康医疗科技有限公司	生产企业	consumable
GYS0013421	深圳市和创医疗技术有限公司	生产企业	consumable
GYS0013422	深圳市和和牙科技术有限公司	生产企业	consumable
GYS0013423	深圳市和鸣健康管理有限公司	生产企业	consumable
GYS0013424	深圳市嘉杰橡塑有限公司	生产企业	consumable
GYS0013425	深圳市固特福精密科技有限公司	生产企业	consumable
GYS0013426	深圳市国创汇康医疗器械科技有限公司	生产企业	consumable
GYS0013427	深圳市国友义齿有限公司	生产企业	consumable
GYS0013428	深圳市国赛生物技术有限公司	生产企业	consumable
GYS0013429	深圳市埃弗矣科技有限公司	生产企业	consumable
GYS0013430	深圳市大佛医药贸易有限公司	生产企业	consumable
GYS0013431	深圳市大森生物科技有限公司	生产企业	consumable
GYS0013432	深圳市大汉普众科技有限公司	生产企业	consumable
GYS0013433	深圳市大爱医疗科技有限公司	生产企业	consumable
GYS0013434	深圳市天健恒达科技有限公司	生产企业	consumable
GYS0013435	深圳市天可医疗科技有限公司	生产企业	consumable
GYS0013436	深圳市天明医疗器械有限公司	生产企业	consumable
GYS0013437	深圳市天翼恒科技有限公司	生产企业	consumable
GYS0013438	深圳市天脉医疗用品有限公司	生产企业	consumable
GYS0013439	深圳市天道医药有限公司	生产企业/上市许可持有人	drug
GYS0013440	深圳市太极医疗科技有限公司	生产企业	consumable
GYS0013441	深圳市奥斯勒智能科技有限公司	生产企业	consumable
GYS0013442	深圳市奥明康电子有限公司	生产企业	consumable
GYS0013443	深圳市奥生科技有限公司	生产企业	consumable
GYS0013444	深圳市奥笛声学科技有限公司	生产企业	consumable
GYS0013445	深圳市威兰丹特牙科器械技术有限公司	生产企业	consumable
GYS0013446	深圳市威兰德义齿科技有限公司	生产企业	consumable
GYS0013447	深圳市威浩康医疗器械有限公司	生产企业	consumable
GYS0013448	深圳市威策利科技开发有限公司	生产企业	consumable
GYS0013449	深圳市宇冠医疗器械有限公司	生产企业	consumable
GYS0013450	深圳市安保医疗科技股份有限公司	生产企业	consumable
GYS0013451	深圳市安健科技股份有限公司	生产企业	consumable
GYS0013452	深圳市安帝宝科技有限公司	生产企业	consumable
GYS0013453	深圳市安捷泰科技有限公司	生产企业	consumable
GYS0013454	深圳市安普康科技有限公司	生产企业	consumable
GYS0013455	深圳市安泰祺工贸发展有限公司	生产企业	consumable
GYS0013456	深圳市完美义齿有限公司	生产企业	consumable
GYS0013457	深圳市宏济医疗技术开发有限公司	生产企业	consumable
GYS0013458	深圳市宏盛义齿技术有限公司	生产企业	consumable
GYS0013459	深圳市定国精密医疗科技有限公司	生产企业	consumable
GYS0013460	深圳市定视生物医疗科技有限公司	生产企业	consumable
GYS0013461	深圳市宝润霖健康技术有限公司	生产企业	consumable
GYS0013462	深圳市宝鑫科技有限公司	生产企业	consumable
GYS0013463	深圳市家康科技有限公司	生产企业	consumable,ivd
GYS0013464	深圳市家鸿口腔医疗股份有限公司	生产企业	consumable
GYS0013465	深圳市富城医疗科技有限公司	生产企业	consumable
GYS0013466	深圳市富明威实业有限公司	生产企业	consumable
GYS0013467	深圳市富迪康科技有限公司	生产企业	consumable
GYS0013468	深圳市尤迈医疗用品有限公司	生产企业	consumable
GYS0013469	深圳市巨力恒康医疗科技有限公司	生产企业	consumable
GYS0013470	深圳市巨燊宝实业有限公司	生产企业	consumable
GYS0013471	深圳市巨鼎医疗股份有限公司	生产企业	consumable
GYS0013472	深圳市希尔曼生物技术有限公司	生产企业	consumable
GYS0013473	深圳市帕菲克义齿科技有限公司	生产企业	consumable
GYS0013474	深圳市广利兴生物科技有限公司	生产企业	consumable
GYS0013475	深圳市康医博科技发展有限公司	生产企业	consumable
GYS0013476	深圳市康哲药业有限公司	生产企业	consumable
GYS0013477	深圳市康坪科技医疗有限公司	生产企业	consumable
GYS0013478	深圳市康峰医疗科技有限公司	生产企业	consumable
GYS0013479	深圳市康时医疗器械有限公司	生产企业	consumable
GYS0013480	深圳市康明科技有限公司	生产企业	consumable
GYS0013481	深圳市康狮医药科技有限公司	生产企业	consumable
GYS0013482	深圳市康瑞泰科技有限责任公司	生产企业	consumable
GYS0013483	深圳市康益生物科技有限公司	生产企业	consumable
GYS0013484	深圳市康祥医疗科技有限公司	生产企业	consumable
GYS0013485	深圳市康荣达医疗科技有限公司	生产企业	consumable
GYS0013486	深圳市康贝科技有限公司	生产企业	consumable
GYS0013487	深圳市康达安生物科技有限公司	生产企业	consumable
GYS0013488	深圳市康达霖科技有限公司	生产企业	consumable
GYS0013489	深圳市康进医疗科技有限公司	生产企业	consumable
GYS0013490	深圳市康骏医疗设备有限公司	生产企业	consumable
GYS0013491	深圳市弘伟医疗设备有限公司	生产企业	consumable
GYS0013492	深圳市德利多医疗科技有限公司	生产企业	consumable
GYS0013493	深圳市德嘉医疗器械有限公司	生产企业	consumable
GYS0013494	深圳市德瑞义齿有限责任公司	生产企业	consumable
GYS0013495	深圳市德迈科技有限公司	生产企业	consumable
GYS0013496	深圳市德钰医疗器械有限公司	生产企业	consumable
GYS0013497	深圳市心研医疗科技有限公司	生产企业	consumable
GYS0013498	深圳市心诺医疗健康有限公司	生产企业	consumable
GYS0013499	深圳市恒实医疗科技有限公司	生产企业	consumable
GYS0013500	深圳市惠仁科技有限公司	生产企业	consumable
GYS0013501	深圳市惠众医疗器械有限公司	生产企业	consumable
GYS0013502	深圳市惠安生物科技有限公司	生产企业	consumable
GYS0013503	深圳市惠心诺科技有限公司	生产企业	consumable
GYS0013504	深圳市意合世纪医疗器械有限公司	生产企业	consumable
GYS0013505	深圳市慧极创新医疗科技有限公司	生产企业	consumable
GYS0013506	深圳市懿美口腔医疗科技有限公司	生产企业	consumable
GYS0013507	深圳市拓普佳电子有限公司	生产企业	consumable
GYS0013508	深圳市拓普创新信息技术有限公司	生产企业	consumable
GYS0013509	深圳市拓普牙科技术有限公司	生产企业	consumable
GYS0013510	深圳市擎源医疗器械有限公司	生产企业	consumable
GYS0013511	深圳市敏浩科技有限公司	生产企业	consumable
GYS0013512	深圳市斯玛仪器有限公司	生产企业	consumable
GYS0013513	深圳市新业聚介入医学科技有限公司	生产企业	consumable
GYS0013514	深圳市新产业生物医学工程股份有限公司	生产企业	consumable
GYS0013515	深圳市新产业眼科新技术有限公司	生产企业	consumable
GYS0013516	深圳市新希望康复辅助器具产业有限公司	生产企业	consumable
GYS0013517	深圳市新泰医药有限公司	生产企业/上市许可持有人	drug
GYS0013518	深圳市新笙齿科有限公司	生产企业	consumable
GYS0013519	深圳市新鸿镁医疗器械有限公司	生产企业	consumable
GYS0013520	深圳市施崴特齿科器材有限公司	生产企业	consumable
GYS0013521	深圳市无限美医疗用品有限公司	生产企业	consumable
GYS0013522	深圳市旭高医疗器械有限公司	生产企业	consumable,ivd
GYS0013523	深圳市时代义齿配制有限公司	生产企业	consumable
GYS0013524	深圳市昌华生物医学工程有限公司	生产企业	consumable
GYS0013525	深圳市易植医疗科技有限公司	生产企业	consumable
GYS0013526	深圳市易瑞生物技术股份有限公司	生产企业	consumable
GYS0013527	深圳市昕力医疗设备开发有限公司	生产企业	consumable
GYS0013528	深圳市星辰海医疗科技有限公司	生产企业	consumable
GYS0013529	深圳市是源医学科技有限公司	生产企业	consumable
GYS0013530	深圳市普凌姆科技有限公司	生产企业	consumable
GYS0013531	深圳市普博医疗科技股份有限公司	生产企业	consumable
GYS0013532	深圳市普天阳医疗科技股份有限公司	生产企业	consumable
GYS0013533	深圳市普朗医疗科技股份有限公司	生产企业	consumable
GYS0013534	深圳市普罗丹特牙科技术有限公司	生产企业	consumable
GYS0013535	深圳市普罗医学股份有限公司	生产企业	consumable
GYS0013536	深圳市普锐医疗科技有限公司	生产企业	consumable
GYS0013537	深圳市智立能科技有限公司	生产企业	consumable
GYS0013538	深圳市智连达科技有限公司	生产企业	consumable
GYS0013539	深圳市曼克科技有限公司	生产企业	consumable
GYS0013540	深圳市朗泰科电子科技有限公司	生产企业	consumable
GYS0013541	深圳市本尚医疗科技有限公司	生产企业	consumable
GYS0013542	深圳市朴瑞生物科技有限公司	生产企业	consumable
GYS0013543	深圳市杰威尔医疗科技有限公司	生产企业	consumable
GYS0013544	深圳市柔灵科技有限公司	生产企业	consumable
GYS0013545	深圳市柯尼达医疗设备有限公司	生产企业	consumable
GYS0013546	深圳市柯尼达巨茂医疗设备有限公司	生产企业	consumable
GYS0013547	深圳市柯思达医疗科技有限公司	生产企业	consumable
GYS0013548	深圳市格莱美电子有限公司	生产企业	consumable
GYS0013549	深圳市格阳医疗科技有限公司	生产企业	consumable
GYS0013550	深圳市桓浩科技有限公司	生产企业	consumable
GYS0013551	深圳市梓健生物科技有限公司	生产企业	consumable
GYS0013552	深圳市橙汇科技有限公司	生产企业	consumable
GYS0013553	深圳市欧博医疗器材有限公司	生产企业	consumable
GYS0013554	深圳市欧立捷科技有限公司	生产企业	consumable
GYS0013555	深圳市永康达电子科技有限公司	生产企业	consumable
GYS0013556	深圳市汇松科技发展有限公司	生产企业	consumable
GYS0013557	深圳市汇研科创生物科技有限公司	生产企业	consumable
GYS0013558	深圳市汉强医用材料有限公司	生产企业	consumable
GYS0013559	深圳市沃尔德外科医疗器械技术有限公司	生产企业	consumable
GYS0013560	深圳市泛谷药业股份有限公司	生产企业/上市许可持有人	drug
GYS0013561	深圳市泰乐康科技有限公司	生产企业	consumable
GYS0013562	深圳市泰康制药有限公司	生产企业/上市许可持有人	drug
GYS0013563	深圳市泽辉医疗技术有限公司	生产企业	consumable
GYS0013564	深圳市活水床旁诊断仪器有限公司	生产企业	consumable
GYS0013565	深圳市海文生物科技有限公司	生产企业	consumable
GYS0013566	深圳市海润医疗科技有限公司	生产企业	consumable
GYS0013567	深圳市海滨制药有限公司	生产企业/上市许可持有人	drug
GYS0013568	深圳市润达生物医学科技有限公司	生产企业	consumable
GYS0013569	深圳市润顺矫形康复器材有限责任公司	生产企业	consumable
GYS0013570	深圳市深优合贸易有限公司	生产企业	consumable
GYS0013571	深圳市深创义齿技术有限公司	生产企业	consumable
GYS0013572	深圳市源兴医药股份有限公司	生产企业	consumable
GYS0013573	深圳市源泰医疗器械有限公司	生产企业	consumable
GYS0013574	深圳市澳美德牙科器材有限公司	生产企业	consumable
GYS0013575	深圳市澳诺医疗科技有限公司	生产企业	consumable
GYS0013576	深圳市瀚德标检生物工程有限公司	生产企业	consumable
GYS0013577	深圳市爱康试剂有限公司	生产企业	consumable
GYS0013578	深圳市爱杰特医药科技有限公司	生产企业	consumable
GYS0013579	深圳市爱贝丽义齿有限公司	生产企业	consumable
GYS0013580	深圳市牙有福智能科技有限公司	生产企业	consumable
GYS0013581	深圳市独一生物科技有限公司	生产企业	consumable
GYS0013582	深圳市环创医疗科技有限公司	生产企业	consumable
GYS0013583	深圳市理邦精密仪器股份有限公司	生产企业	consumable
GYS0013584	深圳市琉璃光生物科技有限公司	生产企业	consumable
GYS0013585	深圳市瑞丽牙科技术有限公司	生产企业	consumable
GYS0013586	深圳市瑞德医疗科技有限公司	生产企业	consumable
GYS0013587	深圳市瑞思凯科技有限公司	生产企业	consumable
GYS0013588	深圳市瑞西欧医用有限公司	生产企业	consumable
GYS0013589	深圳市瑞迪迈科技有限公司	生产企业	consumable
GYS0013590	深圳市瑞霖医药有限公司	生产企业/上市许可持有人	drug,consumable
GYS0013591	深圳市生命发现医疗系统有限公司	生产企业	consumable
GYS0013592	深圳市百健达科技发展有限公司	生产企业	consumable
GYS0013593	深圳市百士康医疗设备有限公司	生产企业	consumable
GYS0013594	深圳市百翱生物科技有限公司	生产企业	consumable
GYS0013595	深圳市百赛医疗科技有限公司	生产企业	consumable
GYS0013596	深圳市益安康科技有限公司	生产企业	consumable
GYS0013597	深圳市益心达医学新技术有限公司	生产企业	consumable
GYS0013598	深圳市盛凯元科技有限公司	生产企业	consumable
GYS0013599	深圳市盛康泰医疗器械有限公司	生产企业	consumable
GYS0013600	深圳市盛益医疗用品有限公司	生产企业	consumable
GYS0013601	深圳市福恬沃医疗器械有限公司	生产企业	consumable
GYS0013602	深圳市福漫科技有限公司	生产企业	consumable
GYS0013603	深圳市科博瑞电子有限公司	生产企业	consumable
GYS0013604	深圳市科奕顿生物医疗科技有限公司	生产企业	consumable
GYS0013605	深圳市科曼医疗设备有限公司	生产企业	consumable
GYS0013606	深圳市科瑞康实业有限公司	生产企业	consumable
GYS0013607	深圳市科瑞联康医疗器械有限公司	生产企业	consumable
GYS0013608	深圳市稻森齿科颌学技术有限公司	生产企业	consumable
GYS0013609	深圳市立晶全瓷牙科技术有限公司	生产企业	consumable
GYS0013610	深圳市筑途应急救援装备有限公司	生产企业	consumable
GYS0013611	深圳市精锋医疗科技股份有限公司	生产企业	consumable
GYS0013612	深圳市索莱瑞医疗技术有限公司	生产企业	consumable
GYS0013613	深圳市紫佰合义齿科技有限公司	生产企业	consumable
GYS0013614	深圳市维力健科技制品有限公司	生产企业	consumable
GYS0013615	深圳市维思达医疗用品有限公司	生产企业	consumable
GYS0013616	深圳市缘美堂齿科技术有限公司	生产企业	consumable
GYS0013617	深圳市美好创亿医疗科技股份有限公司	生产企业	consumable
GYS0013618	深圳市美康医疗科技有限公司	生产企业	consumable
GYS0013619	深圳市美康达医疗保健有限公司	生产企业	consumable
GYS0013620	深圳市美成医疗用品有限公司	生产企业	consumable
GYS0013621	深圳市美格尔医疗设备股份有限公司	生产企业	consumable
GYS0013622	深圳市美的连医疗电子股份有限公司	生产企业	consumable
GYS0013623	深圳市美皓义齿科技有限公司	生产企业	consumable
GYS0013624	深圳市美迪牙科器材有限公司	生产企业	consumable
GYS0013625	深圳市美迪科生物医疗科技有限公司	生产企业	consumable
GYS0013626	深圳市美鸣齿科技术有限公司	生产企业	consumable
GYS0013627	深圳市翔通光电技术有限公司	生产企业	consumable
GYS0013628	深圳市老郎中电子有限公司	生产企业	consumable
GYS0013629	深圳市耐菲尔医疗器械科技有限公司	生产企业	consumable
GYS0013630	深圳市联合优友生物科技有限公司	生产企业	consumable
GYS0013631	深圳市联科翰微医疗科技有限公司	生产企业	consumable
GYS0013632	深圳市腾他抗菌纺织品有限公司	生产企业	consumable
GYS0013633	深圳市腾飞宇科技有限公司	生产企业	consumable
GYS0013634	深圳市致历宝牙科配制有限公司	生产企业	consumable
GYS0013635	深圳市艺人美齿科技有限公司	生产企业	consumable
GYS0013636	深圳市艾利特医疗科技有限公司	生产企业	consumable
GYS0013637	深圳市艾科赛龙科技股份有限公司	生产企业	consumable
GYS0013638	深圳市艾美迪电子科技有限公司	生产企业	consumable
GYS0013639	深圳市芯思微生物科技有限公司	生产企业	consumable
GYS0013640	深圳市英菲义齿科技有限公司	生产企业	consumable
GYS0013641	深圳市茜泰科技有限公司	生产企业	consumable
GYS0013642	深圳市荃鼎科技有限公司	生产企业	consumable
GYS0013643	深圳市莱富美科技有限公司	生产企业	consumable
GYS0013644	深圳市葆丰医疗器械有限公司	生产企业	consumable
GYS0013645	深圳市蓝锐医疗器械有限公司	生产企业	consumable
GYS0013646	深圳市贝美药业有限公司	生产企业/上市许可持有人	drug
GYS0013647	深圳市资福医疗技术有限公司	生产企业	consumable
GYS0013648	深圳市资福药业有限公司	生产企业/上市许可持有人	drug
GYS0013649	深圳市赛禾医疗技术有限公司	生产企业	consumable
GYS0013650	深圳市辅仁医疗器材有限公司	生产企业	consumable
GYS0013651	深圳市辰舟电器有限公司	生产企业	consumable
GYS0013652	深圳市达科为生物工程有限公司	生产企业	consumable
GYS0013653	深圳市迈合医疗器械有限公司	生产企业	consumable
GYS0013654	深圳市迈威生物科技有限公司	生产企业	consumable
GYS0013655	深圳市迈德生物科技有限公司	生产企业	consumable
GYS0013656	深圳市迈捷生命科学有限公司	生产企业	consumable
GYS0013657	深圳市迦南炜炬科技有限公司	生产企业	consumable
GYS0013658	深圳市迪曼医疗科技有限公司	生产企业	consumable
GYS0013659	深圳市金卡德尔口腔器材有限公司	生产企业	consumable
GYS0013660	深圳市金悠然科技有限公司	生产企业	consumable
GYS0013661	深圳市金慧医疗科技有限公司	生产企业	consumable
GYS0013662	深圳市金成锐医疗科技有限公司	生产企业	consumable
GYS0013663	深圳市金润康医疗科技有限公司	生产企业	consumable
GYS0013664	深圳市金瑞凯利生物科技有限公司	生产企业	consumable
GYS0013665	深圳市鑫宸医疗科技有限公司	生产企业	consumable
GYS0013666	深圳市鑫康医疗器械有限公司	生产企业	consumable
GYS0013667	深圳市铭智创医疗科技有限公司	生产企业	consumable
GYS0013668	深圳市锐康安科技开发有限公司	生产企业	consumable
GYS0013669	深圳市锐影医疗科技发展有限公司	生产企业	consumable
GYS0013670	深圳市锦瑞生物科技股份有限公司	生产企业	consumable
GYS0013671	深圳市长寿药业有限公司	生产企业/上市许可持有人	drug
GYS0013672	深圳市阳光之路生物材料科技有限公司	生产企业	consumable
GYS0013673	深圳市韶音科技有限公司	生产企业	consumable
GYS0013674	深圳市顺泰医疗设备有限公司	生产企业	consumable
GYS0013675	深圳市顺美医疗股份有限公司	生产企业	consumable
GYS0013676	深圳市高视耗材科技有限公司	生产企业	consumable
GYS0013677	深圳市鸿康健达医疗产业有限公司	生产企业	consumable
GYS0013678	深圳市鸿美诊断技术有限公司	生产企业	consumable
GYS0013679	深圳市鹏瑞智能图像有限公司	生产企业	consumable
GYS0013680	深圳市麦德安医疗设备有限公司	生产企业	consumable
GYS0013681	深圳市麦瑞科林科技有限公司	生产企业	consumable
GYS0013682	深圳市麦登生物医疗科技有限公司	生产企业	consumable
GYS0013683	深圳市默辉医疗器械有限公司	生产企业	consumable
GYS0013684	深圳市鼎冠假牙制作有限公司	生产企业	consumable
GYS0013685	深圳市鼎禾医疗科技有限公司	生产企业	consumable
GYS0013686	深圳市齐正生物科技有限公司	生产企业	consumable
GYS0013687	深圳市齐顺科技有限公司	生产企业	consumable
GYS0013688	深圳市齿之艺科技有限公司	生产企业	consumable
GYS0013689	深圳库珀医疗股份有限公司	生产企业	consumable
GYS0013690	深圳康斯坦医疗器械有限公司	生产企业	consumable
GYS0013691	深圳康泰健医疗科技股份有限公司	生产企业	consumable
GYS0013692	深圳康泰生物制品股份有限公司	生产企业/上市许可持有人	drug
GYS0013693	深圳康迈迪口腔医学技术有限公司	生产企业	consumable
GYS0013694	深圳影迈医疗器械有限公司	生产企业	consumable
GYS0013695	深圳復瑞德医疗科技有限公司	生产企业	consumable
GYS0013696	深圳微芯生物科技股份有限公司	生产企业/上市许可持有人	drug
GYS0013697	深圳德佳智联科技有限公司	生产企业	consumable
GYS0013698	深圳德夏生物医学工程有限公司	生产企业	consumable
GYS0013699	深圳德技医疗器械有限公司	生产企业	consumable
GYS0013700	深圳德睿生物科技有限公司	生产企业	consumable
GYS0013701	深圳德莱高医疗器械有限公司	生产企业	consumable
GYS0013702	深圳德诚义肢矫形康复器材有限公司	生产企业	consumable
GYS0013703	深圳惠民制药有限公司	生产企业/上市许可持有人	drug
GYS0013704	深圳惠泰医疗器械股份有限公司	生产企业	consumable
GYS0013705	深圳惠迈智能科技有限公司	生产企业	consumable
GYS0013706	深圳成川医疗有限公司	生产企业	consumable
GYS0013707	深圳拉尔文生物工程技术有限公司	生产企业	drug
GYS0013708	深圳捷心医疗科技有限公司	生产企业	consumable
GYS0013709	深圳摩尔雾化健康医疗科技有限公司	生产企业	consumable
GYS0013710	深圳摩登口腔医疗器械有限公司	生产企业	consumable
GYS0013711	深圳斯博瑞医疗器材有限公司	生产企业	consumable
GYS0013712	深圳新红医医疗科技有限公司	生产企业	consumable
GYS0013713	深圳新致美精密齿研有限公司	生产企业	consumable
GYS0013714	深圳星康医疗科技有限公司	生产企业	consumable
GYS0013715	深圳普汇医疗科技有限公司	生产企业	consumable
GYS0013716	深圳普门科技股份有限公司	生产企业	consumable
GYS0013717	深圳智信生物医疗科技有限公司	生产企业	consumable
GYS0013718	深圳未名新鹏生物医药有限公司	生产企业	drug
GYS0013719	深圳来福士雾化医学有限公司	生产企业	consumable
GYS0013720	深圳柏垠医疗科技有限公司	生产企业	consumable
GYS0013721	深圳柏德医疗科技有限公司	生产企业	consumable
GYS0013722	深圳核心医疗科技股份有限公司	生产企业	consumable
GYS0013723	深圳梵活生命科学股份有限公司	生产企业	consumable
GYS0013724	深圳橙果医疗科技有限公司	生产企业	consumable
GYS0013725	深圳欣美康科技有限公司	生产企业	consumable
GYS0013726	深圳民汇康科技有限公司	生产企业	consumable
GYS0013727	深圳汉诺医疗科技股份有限公司	生产企业	consumable
GYS0013728	深圳泓数科技有限公司	生产企业	consumable
GYS0013729	深圳泰乐德医疗有限公司	生产企业	consumable
GYS0013730	深圳泰和智能医疗科技有限公司	生产企业	consumable
GYS0013731	深圳泰明嘉业药业有限公司	生产企业	consumable
GYS0013732	深圳泰睿仕医疗科技有限公司	生产企业	consumable
GYS0013733	深圳海业医疗科技有限公司	生产企业	consumable
GYS0013734	深圳海柔思生物医学科技有限公司	生产企业	consumable
GYS0013735	深圳海王医药科技研究院有限公司	生产企业/上市许可持有人	drug
GYS0013736	深圳海王药业有限公司	生产企业/上市许可持有人	drug
GYS0013737	深圳海象医疗器械有限公司	生产企业	consumable
GYS0013738	深圳添朗医疗器械有限公司	生产企业	consumable
GYS0013739	深圳清清视界眼科产品有限公司	生产企业	consumable
GYS0013740	深圳源动创新科技有限公司	生产企业	consumable
GYS0013741	深圳瀚方生物科技有限公司	生产企业	consumable
GYS0013742	深圳熙康医疗科技有限公司	生产企业	consumable
GYS0013743	深圳爱博合创医疗机器人有限公司	生产企业	consumable
GYS0013744	深圳爱美适科技有限公司	生产企业	consumable
GYS0013745	深圳牙领科技有限公司	生产企业	consumable
GYS0013746	深圳玉汝成口腔材料有限公司	生产企业	consumable
GYS0013747	深圳瑞之谷医疗科技有限公司	生产企业	consumable
GYS0013748	深圳生之源药械研究所有限公司	生产企业	consumable
GYS0013749	深圳生科原生物有限公司	生产企业	consumable
GYS0013750	深圳硅基传感科技有限公司	生产企业	consumable
GYS0013751	深圳福能医疗科技有限公司	生产企业	consumable
GYS0013752	深圳科兴药业有限公司	生产企业/上市许可持有人	drug
GYS0013753	深圳立健药业有限公司	生产企业/上市许可持有人	drug
GYS0013754	深圳简单医疗科技有限公司	生产企业	consumable
GYS0013755	深圳米瑞尔齿科技术有限公司	生产企业	consumable
GYS0013756	深圳索感科技有限公司	生产企业	consumable
GYS0013757	深圳绿洲兴业科技有限公司	生产企业	consumable
GYS0013758	深圳美冠达牙科技术有限公司	生产企业	consumable
GYS0013759	深圳美格尔生物医疗集团有限公司	生产企业	consumable
GYS0013760	深圳美牙美口腔数字化产业有限公司	生产企业	consumable
GYS0013761	深圳美讯医学检验科技有限公司	生产企业	consumable
GYS0013762	深圳美讯医疗科技有限公司	生产企业	consumable
GYS0013763	深圳美诺微创医疗科技有限公司	生产企业	consumable
GYS0013764	深圳翰宇药业股份有限公司	生产企业/上市许可持有人	drug
GYS0013765	深圳联兴医疗科技有限公司	生产企业	consumable
GYS0013766	深圳联合医学科技有限公司	生产企业	consumable
GYS0013767	深圳脉腾医学技术有限公司	生产企业	consumable
GYS0013768	深圳至美齿科技术有限公司	生产企业	consumable
GYS0013769	深圳艾尼尔角膜工程有限公司	生产企业	consumable
GYS0013770	深圳艾素科技有限公司	生产企业	consumable
GYS0013771	深圳英瑞生物科技有限公司	生产企业	consumable
GYS0013772	深圳英美达医疗技术有限公司	生产企业	consumable
GYS0013773	深圳褀氏生物科技有限公司	生产企业	consumable
GYS0013774	深圳讯丰通医疗股份有限公司	生产企业	consumable
GYS0013775	深圳诺贝斯齿科技术有限公司	生产企业	consumable
GYS0013776	深圳贝瑞牙科器材有限公司	生产企业	consumable
GYS0013777	深圳赛保尔生物药业有限公司	生产企业/上市许可持有人	drug
GYS0013778	深圳赛诺菲巴斯德生物制品有限公司	生产企业/上市许可持有人	drug
GYS0013779	深圳迈德士医疗器械科技有限公司	生产企业	consumable
GYS0013780	深圳迈普再生医学科技有限公司	生产企业	consumable
GYS0013781	深圳迈瑞生物医疗电子股份有限公司	生产企业	consumable
GYS0013782	深圳迈迪生物技术有限公司	生产企业	consumable
GYS0013783	深圳远健生物科技有限公司	生产企业	consumable
GYS0013784	深圳逗点生物技术有限公司	生产企业	consumable
GYS0013785	深圳速航科技股份有限公司	生产企业	consumable
GYS0013786	深圳邦普医疗设备系统有限公司	生产企业	consumable
GYS0013787	深圳金活利生药业有限公司	生产企业/上市许可持有人	drug
GYS0013788	深圳金葵牙科技术有限公司	生产企业	consumable
GYS0013789	深圳长久康联生物科技有限公司	生产企业	consumable
GYS0013790	深圳长城开发科技股份有限公司	生产企业	consumable
GYS0013791	深圳长宜科创医药有限公司	生产企业	consumable
GYS0013792	深圳阿斯克医疗有限公司	生产企业	consumable
GYS0013793	深圳雷虎医疗设备制造有限公司	生产企业	consumable
GYS0013794	深圳韦拓生物科技有限公司	生产企业	consumable
GYS0013795	深圳顺泓达科技有限公司	生产企业	consumable
GYS0013796	深圳骏博义齿有限公司	生产企业	consumable
GYS0013797	深圳高卓药业有限公司	生产企业/上市许可持有人	drug
GYS0013798	深圳鹿宝医疗科技有限公司	生产企业	consumable
GYS0013799	深圳麦普奇医疗科技有限公司	生产企业	consumable
GYS0013800	深圳麦科田生命科学有限公司	生产企业	consumable
GYS0013801	深圳麦科田生物医疗技术股份有限公司	生产企业	consumable
GYS0013802	深圳齐康医疗器械有限公司	生产企业	consumable
GYS0013803	深州市康元医疗器械厂	生产企业	consumable
GYS0013804	深州市福康医疗器械厂	生产企业	consumable
GYS0013805	深州市鑫润康医疗器械厂	生产企业	consumable
GYS0013806	深龙医疗技术（深圳）有限公司	生产企业	consumable
GYS0013807	淳智医疗科技（南京）有限公司	生产企业	consumable
GYS0013808	添翊科技（吉林）有限公司	生产企业	consumable
GYS0013809	清华德人西安幸福制药有限公司	生产企业/上市许可持有人	drug
GYS0013810	清大苗方民族制药（贵州）有限公司	生产企业	consumable
GYS0013811	清远丰源生物科技有限公司	生产企业	consumable
GYS0013812	清远华能制药有限公司	生产企业/上市许可持有人	drug
GYS0013813	清远市嘉骏义齿有限公司	生产企业	consumable
GYS0013814	清远市沃尔森医用科技有限公司	生产企业	consumable
GYS0013815	渡村(湖南)医美医疗器械有限公司	生产企业	consumable
GYS0013816	温岭市创新生物医药科技股份有限公司	生产企业/上市许可持有人	drug
GYS0013817	温州世科医疗器械有限公司	生产企业	consumable
GYS0013818	温州佳特医疗器械有限公司	生产企业	consumable
GYS0013819	温州冠美医疗科技有限公司	生产企业	consumable
GYS0013820	温州力盛新材料有限公司	生产企业	consumable
GYS0013821	温州博康医疗科技有限公司	生产企业	consumable
GYS0013822	温州市倍可特医疗器械有限公司	生产企业	consumable
GYS0013823	温州市宝耐康医疗用品有限公司	生产企业	consumable
GYS0013824	温州市康奇医疗器械有限公司	生产企业	consumable
GYS0013825	温州市康泰生物科技有限公司	生产企业	consumable
GYS0013826	温州市康莱方医用塑料有限公司	生产企业	consumable
GYS0013827	温州市祥盛医疗科技有限公司	生产企业	consumable
GYS0013828	温州市高德医疗器械有限公司	生产企业	consumable
GYS0013829	温州帕菲克精密齿研有限公司	生产企业	consumable
GYS0013830	温州康睿德医疗器械有限公司	生产企业	consumable
GYS0013831	温州施乐康医疗器械有限公司	生产企业	consumable
GYS0013832	温州普新医药科技有限公司	生产企业/上市许可持有人	drug
GYS0013833	温州柯尼达医疗器械有限公司	生产企业	consumable
GYS0013834	温州浩洋医药科技有限公司	生产企业	consumable
GYS0013835	温州海鹤药业有限公司	生产企业/上市许可持有人	drug
GYS0013836	温州溢康生物科技有限公司	生产企业	consumable
GYS0013837	温州瓯佳生物科技有限公司	生产企业	consumable
GYS0013838	温州瓯冠义齿厂	生产企业	consumable
GYS0013839	温州秋红科技有限公司	生产企业	consumable
GYS0013840	温州美加乐医疗科技有限公司	生产企业	consumable
GYS0013841	温州耐斯康护用品有限公司	生产企业	consumable
GYS0013842	温州致美义齿有限公司	生产企业	consumable
GYS0013843	温州蛛丝医疗用品有限公司	生产企业	consumable
GYS0013844	温州谨盛生物科技有限公司	生产企业	consumable
GYS0013845	温州达冠义齿有限公司	生产企业	consumable
GYS0013846	温州雅美义齿科技有限公司	生产企业	consumable
GYS0013847	渼颜空间生物科技（吉林）有限公司	生产企业	consumable
GYS0013848	湖北一世缘医疗器械有限公司	生产企业	consumable
GYS0013849	湖北一世缘蕲艾生物科技股份有限公司	生产企业	consumable
GYS0013850	湖北一匠药业有限公司	生产企业	consumable
GYS0013851	湖北一半天制药有限公司	生产企业/上市许可持有人	drug
GYS0013852	湖北三智医疗科技有限公司	生产企业	consumable
GYS0013853	湖北上山采药药业有限公司	生产企业	consumable
GYS0013854	湖北东信药业有限公司	生产企业/上市许可持有人	drug
GYS0013855	湖北中健医疗用品有限公司	生产企业	consumable
GYS0013856	湖北中创医疗用品有限公司	生产企业	consumable
GYS0013857	湖北中海健康产品有限公司	生产企业	consumable
GYS0013858	湖北中研科院药业有限公司	生产企业	consumable
GYS0013859	湖北中融达医疗器械有限公司	生产企业	consumable
GYS0013860	湖北丹鼎医药科技有限公司	生产企业	consumable
GYS0013861	湖北乐信医疗用品有限公司	生产企业	consumable
GYS0013862	湖北九丹药械有限公司	生产企业	consumable
GYS0013863	湖北九朵护理用品有限公司	生产企业	consumable
GYS0013864	湖北云梦安鑫义齿制作有限公司	生产企业	consumable
GYS0013865	湖北五湖医疗器械有限公司	生产企业	consumable
GYS0013866	湖北亚赛医疗科技有限公司	生产企业	consumable
GYS0013867	湖北亨迪药业股份有限公司	生产企业/上市许可持有人	drug
GYS0013868	湖北人福成田药业有限公司	生产企业/上市许可持有人	drug
GYS0013869	湖北亿雄祥瑞药业股份有限公司	生产企业/上市许可持有人	drug
GYS0013870	湖北仁仁康生物科技有限公司	生产企业	consumable
GYS0013871	湖北仁悦药业股份有限公司	生产企业/上市许可持有人	drug
GYS0013872	湖北仙明医疗器械有限公司	生产企业	consumable
GYS0013873	湖北仿生医疗科技有限公司	生产企业	consumable
GYS0013874	湖北众仕福药业有限公司	生产企业	consumable
GYS0013875	湖北众好药业有限公司	生产企业	consumable
GYS0013876	湖北伯纳医疗科技有限公司	生产企业	consumable
GYS0013877	湖北伽诺美生物科技有限公司	生产企业	consumable
GYS0013878	湖北佑济堂生物科技有限公司	生产企业	consumable
GYS0013879	湖北佰润医疗科技有限公司	生产企业	consumable
GYS0013880	湖北依耀生物医疗有限公司	生产企业	consumable
GYS0013881	湖北保泰生物科技有限公司	生产企业	consumable
GYS0013882	湖北修生药业有限公司	生产企业	consumable
GYS0013883	湖北健亿达生物科技有限公司	生产企业	consumable
GYS0013884	湖北健帆生物科技有限公司	生产企业	consumable
GYS0013885	湖北健身医疗器械有限公司	生产企业	consumable
GYS0013886	湖北健雅医疗科技有限公司	生产企业	consumable
GYS0013887	湖北光正医疗用品有限公司	生产企业	consumable
GYS0013888	湖北六七二中西医结合骨科医院	制剂配制单位	preparation
GYS0013889	湖北兰彬医疗用品集团有限公司	生产企业	consumable
GYS0013890	湖北兴华制药有限公司	生产企业/上市许可持有人	drug
GYS0013891	湖北兵兵药业(集团)有限公司	生产企业/上市许可持有人	drug
GYS0013892	湖北冠安堂药业有限公司	生产企业	consumable
GYS0013893	湖北冷创健康科技有限公司	生产企业	consumable
GYS0013894	湖北凌威医疗用品有限公司	生产企业	consumable
GYS0013895	湖北凤凰白云山药业有限公司	生产企业/上市许可持有人	drug
GYS0013896	湖北凯美特医疗器械有限公司	生产企业	consumable
GYS0013897	湖北创力药业有限公司	生产企业/上市许可持有人	drug
GYS0013898	湖北助康义肢矫型器有限公司	生产企业	consumable
GYS0013899	湖北医然兴医疗科技有限公司	生产企业	consumable
GYS0013900	湖北医达医疗器械有限公司	生产企业	consumable
GYS0013901	湖北午时医药研究院有限公司	生产企业/上市许可持有人	drug
GYS0013902	湖北午时药业股份有限公司	生产企业/上市许可持有人	drug
GYS0013903	湖北华世通潜龙药业有限公司	生产企业	drug
GYS0013904	湖北华世通生物医药科技有限公司	生产企业/上市许可持有人	drug
GYS0013905	湖北华仁同济药业有限责任公司	生产企业/上市许可持有人	drug
GYS0013906	湖北华强科技股份有限公司	生产企业	consumable
GYS0013907	湖北华美阳光生物科技有限公司	生产企业	consumable
GYS0013908	湖北华鸿医药有限公司	生产企业/上市许可持有人	drug
GYS0013909	湖北华龙生物制药有限公司	生产企业	drug,consumable
GYS0013910	湖北卓乐医疗用品有限公司	生产企业	consumable
GYS0013911	湖北卓亚医疗器械有限公司	生产企业	consumable
GYS0013912	湖北卓尔医疗科技有限公司	生产企业	consumable
GYS0013913	湖北卓尔天龙医疗纺织科技有限公司	生产企业	consumable
GYS0013914	湖北卓邦医疗用品股份有限公司	生产企业	consumable
GYS0013915	湖北博伦科大药业有限公司	生产企业	consumable
GYS0013916	湖北博太电子科技有限公司	生产企业	consumable
GYS0013917	湖北博康医药科技有限公司	生产企业	consumable
GYS0013918	湖北博润生物科技有限公司	生产企业	consumable
GYS0013919	湖北双星药业股份有限公司	生产企业	consumable
GYS0013920	湖北叶真堂药业有限公司	生产企业/上市许可持有人	drug
GYS0013921	湖北合美义齿股份有限公司	生产企业	consumable
GYS0013922	湖北同德堂药业有限公司	生产企业/上市许可持有人	drug
GYS0013923	湖北君康医疗科技有限公司	生产企业	consumable
GYS0013924	湖北君言医疗科技有限公司	生产企业	consumable
GYS0013925	湖北唐中唐药业有限公司	生产企业	consumable
GYS0013926	湖北唐本草药业有限公司	生产企业	consumable
GYS0013927	湖北唯森制药有限公司	生产企业/上市许可持有人	drug
GYS0013928	湖北唯美医疗用品有限公司	生产企业	consumable
GYS0013929	湖北善医世家医疗科技有限公司	生产企业	consumable
GYS0013930	湖北四环制药有限公司	生产企业/上市许可持有人	drug
GYS0013931	湖北圣君药业有限公司	生产企业	consumable
GYS0013932	湖北圣圻生物科技有限公司	生产企业	consumable
GYS0013933	湖北夏小中医院	制剂配制单位	preparation
GYS0013934	湖北多瑞药业有限公司	生产企业/上市许可持有人	drug,consumable
GYS0013935	湖北大中中医院	制剂配制单位	preparation
GYS0013936	湖北大中医疗器械有限公司	生产企业	consumable
GYS0013937	湖北大别山药业股份有限公司	生产企业/上市许可持有人	drug
GYS0013938	湖北大顶山制药有限公司	生产企业	consumable
GYS0013939	湖北天之寿生物科技有限公司	生产企业	consumable
GYS0013940	湖北天南星实业有限责任公司	生产企业	consumable
GYS0013941	湖北天圣药业有限公司	生产企业/上市许可持有人	drug
GYS0013942	湖北太子药业有限公司	生产企业/上市许可持有人	drug
GYS0013943	湖北女娲医学工程有限公司	生产企业	consumable
GYS0013944	湖北好德快生物医药技术有限公司	生产企业	consumable
GYS0013945	湖北威仕生物药业股份有限公司	生产企业/上市许可持有人	drug
GYS0013946	湖北威妍医疗用品有限公司	生产企业	consumable
GYS0013947	湖北孝感东立医疗器械有限公司	生产企业	consumable
GYS0013948	湖北宁录药业有限公司	生产企业	consumable
GYS0013949	湖北安立信医疗实业有限公司	生产企业	consumable
GYS0013950	湖北安联药业有限公司	生产企业/上市许可持有人	drug
GYS0013951	湖北安迪科正电子技术有限公司	生产企业	drug
GYS0013952	湖北安逸医疗用品有限公司	生产企业	consumable
GYS0013953	湖北宏福万橡医疗用品有限公司	生产企业	consumable
GYS0013954	湖北富骄义齿有限公司	生产企业	consumable
GYS0013955	湖北小奕科技有限公司	生产企业	consumable
GYS0013956	湖北屹安医疗器械有限公司	生产企业	consumable
GYS0013957	湖北崇阳君健卫生用品有限公司	生产企业	consumable
GYS0013958	湖北川谱医学科技有限公司	生产企业	consumable
GYS0013959	湖北广仁药业有限公司	生产企业/上市许可持有人	drug
GYS0013960	湖北广济药业股份有限公司	生产企业/上市许可持有人	drug
GYS0013961	湖北广生集生物科技有限公司	生产企业	consumable
GYS0013962	湖北康为远药业有限公司	生产企业/上市许可持有人	drug
GYS0013963	湖北康元生生物科技有限公司	生产企业	consumable
GYS0013964	湖北康晟医药有限公司	生产企业	consumable
GYS0013965	湖北康晟德医疗管理有限公司	生产企业	consumable
GYS0013966	湖北康正药业有限公司	生产企业/上市许可持有人	drug
GYS0013967	湖北康沁药业股份有限公司	生产企业/上市许可持有人	drug
GYS0013968	湖北康泉医疗科技有限责任公司	生产企业	consumable
GYS0013969	湖北康源药业有限公司	生产企业/上市许可持有人	drug
GYS0013970	湖北康科德生物科技有限公司	生产企业	consumable
GYS0013971	湖北康翡医疗器械有限公司	生产企业	consumable
GYS0013972	湖北康荣医疗防护用品有限公司	生产企业	consumable
GYS0013973	湖北康达医药开发有限公司	生产企业	consumable
GYS0013974	湖北弘尚药业有限公司	生产企业	consumable
GYS0013975	湖北御世福药业有限公司	生产企业	consumable
GYS0013976	湖北御夫子药业有限责任公司	生产企业	consumable
GYS0013977	湖北御金丹药业有限公司	生产企业	drug
GYS0013978	湖北德盈防护材料有限公司	生产企业	consumable
GYS0013979	湖北德立森科技有限公司	生产企业	consumable
GYS0013980	湖北忠强生物医学科技有限公司	生产企业	consumable
GYS0013981	湖北思密达健康药业有限公司	生产企业	consumable
GYS0013982	湖北思维康生物工程有限公司	生产企业	consumable
GYS0013983	湖北怡众科技有限公司	生产企业	consumable
GYS0013984	湖北恒升医疗科技有限公司	生产企业	consumable
GYS0013985	湖北恒安芙林药业股份有限公司	生产企业/上市许可持有人	drug
GYS0013986	湖北恩威药业有限公司	生产企业	consumable
GYS0013987	湖北恩威药业有限公司荆州分公司	生产企业	consumable
GYS0013988	湖北惠仁堂医药科技有限公司	生产企业	consumable
GYS0013989	湖北惠海希康制药有限公司	生产企业/上市许可持有人	drug
GYS0013990	湖北惠真源药械有限公司	生产企业	consumable
GYS0013991	湖北成健药业有限公司	生产企业/上市许可持有人	drug
GYS0013992	湖北振远同康医疗器械科技有限公司	生产企业	consumable
GYS0013993	湖北捷睿鑫生物科技有限公司	生产企业	consumable
GYS0013994	湖北斯达瑞克医疗科技有限公司	生产企业	consumable
GYS0013995	湖北新塔医疗科技有限公司	生产企业	consumable
GYS0013996	湖北新福医疗科技有限公司	生产企业	consumable
GYS0013997	湖北旖星生物科技有限公司	生产企业	consumable
GYS0013998	湖北明尔康卫生防护用品有限公司	生产企业	consumable
GYS0013999	湖北易瑞药业有限公司	生产企业	consumable
GYS0014000	湖北春华药业有限公司	生产企业	consumable
GYS0014001	湖北普惠堂生物科技有限公司	生产企业	consumable
GYS0014002	湖北普爱药业有限公司	生产企业	consumable
GYS0014003	湖北智洁医疗器械有限公司	生产企业	consumable
GYS0014004	湖北朗泰生物科技有限公司	生产企业	consumable
GYS0014005	湖北木雅生物医药科技有限公司	生产企业/上市许可持有人	drug
GYS0014006	湖北李时珍中药饮片有限公司	生产企业/上市许可持有人	drug
GYS0014007	湖北李时珍现代生物医药集团有限公司	生产企业	consumable
GYS0014008	湖北林源堂药业有限公司	生产企业	consumable
GYS0014009	湖北柔曼斯特医疗科技发展有限公司	生产企业	consumable
GYS0014010	湖北梦阳药业股份有限公司	生产企业/上市许可持有人	drug
GYS0014011	湖北森力康医疗科技有限公司	生产企业	consumable
GYS0014012	湖北森力康医疗科技集团有限公司	生产企业	consumable
GYS0014013	湖北森鑫生物科技有限公司	生产企业	consumable
GYS0014014	湖北楚天药业有限责任公司	生产企业	consumable
GYS0014015	湖北楚德药业有限公司	生产企业	consumable
GYS0014016	湖北欣泽霏药业有限公司	生产企业/上市许可持有人	drug
GYS0014017	湖北欣远医疗器械有限公司	生产企业	consumable
GYS0014018	湖北欧立制药有限公司	生产企业/上市许可持有人	drug
GYS0014019	湖北欧美莱医疗科技有限责任公司	生产企业	consumable
GYS0014020	湖北正牛贴膏股份有限公司	生产企业	consumable
GYS0014021	湖北武当药业有限责任公司	生产企业/上市许可持有人	drug
GYS0014022	湖北母燕医疗科技有限公司	生产企业	consumable
GYS0014023	湖北民康制药有限公司	生产企业/上市许可持有人	drug
GYS0014024	湖北民康药业集团有限公司	生产企业/上市许可持有人	drug
GYS0014025	湖北民族大学附属民大医院	制剂配制单位	preparation
GYS0014026	湖北汇中制药股份有限公司	生产企业/上市许可持有人	drug
GYS0014027	湖北汇之宝生物医药有限责任公司	生产企业	consumable
GYS0014028	湖北汉邦医疗科技有限公司	生产企业	consumable
GYS0014029	湖北泉林医疗设备有限公司	生产企业	consumable
GYS0014030	湖北泰康医疗设备有限公司	生产企业	consumable
GYS0014031	湖北泽运生物科技有限公司	生产企业	consumable
GYS0014032	湖北津药药业股份有限公司	生产企业/上市许可持有人	drug
GYS0014033	湖北济安堂药业股份有限公司	生产企业/上市许可持有人	drug
GYS0014034	湖北济得药业有限公司	生产企业/上市许可持有人	drug
GYS0014035	湖北海卓生物科技有限公司	生产企业	consumable
GYS0014036	湖北海美纳医药科技有限公司	生产企业/上市许可持有人	drug
GYS0014037	湖北润烨医疗器械有限公司	生产企业	consumable
GYS0014038	湖北清颜玉露药业有限公司	生产企业	consumable
GYS0014039	湖北潜江制药股份有限公司	生产企业/上市许可持有人	drug
GYS0014040	湖北潜龙药业有限公司	生产企业/上市许可持有人	drug
GYS0014041	湖北炎黄古通药业有限公司	生产企业	consumable
GYS0014042	湖北炎黄本草药业有限公司	生产企业/上市许可持有人	drug
GYS0014043	湖北爱士康健康产业有限公司	生产企业	consumable
GYS0014044	湖北爱士康医药科技有限公司	生产企业	consumable
GYS0014045	湖北特必达生物医疗科技有限公司	生产企业	consumable
GYS0014046	湖北玉云轩眼镜科技有限公司	生产企业	consumable
GYS0014047	湖北玉尊眼镜有限公司	生产企业	consumable
GYS0014048	湖北玖鑫生物科技有限公司	生产企业	consumable
GYS0014049	湖北瑞华制药有限责任公司	生产企业/上市许可持有人	drug
GYS0014050	湖北瑞康医用耗材有限公司	生产企业	consumable
GYS0014051	湖北瑞楚生物药业有限公司	生产企业	consumable
GYS0014052	湖北瑞沃医药材料有限公司	生产企业	consumable
GYS0014053	湖北登拓医疗器械有限公司	生产企业	consumable
GYS0014054	湖北百科亨迪药业有限公司	生产企业/上市许可持有人	drug
GYS0014055	湖北百草济世中医科技有限公司	生产企业	consumable
GYS0014056	湖北百龄达生物科技有限公司	生产企业	consumable
GYS0014057	湖北皓悦医疗器械有限公司	生产企业	consumable
GYS0014058	湖北盈瑞齿科技术有限责任公司	生产企业	consumable
GYS0014059	湖北盛通药业有限公司	生产企业/上市许可持有人	drug
GYS0014060	湖北省中医院	制剂配制单位	preparation
GYS0014061	湖北省中西医结合医院	制剂配制单位	preparation
GYS0014062	湖北省亨德利医疗器械有限公司	生产企业	consumable
GYS0014063	湖北省佳美义齿制作有限公司	生产企业	consumable
GYS0014064	湖北省八峰药化股份有限公司	生产企业	drug
GYS0014065	湖北省利济民医疗器械有限公司	生产企业	consumable
GYS0014066	湖北省宏源药业科技股份有限公司	生产企业/上市许可持有人	drug
GYS0014067	湖北省德药轩医药科技有限公司	生产企业	consumable
GYS0014068	湖北省润禾谷幽兰生物医药有限公司	生产企业	consumable
GYS0014069	湖北省潜江市江赫医用材料有限公司	生产企业	consumable
GYS0014070	湖北省生活工坊卫生用品有限公司	生产企业	consumable
GYS0014071	湖北省益康制药厂	生产企业/上市许可持有人	drug
GYS0014072	湖北省龙鹏义齿有限公司	生产企业	consumable
GYS0014073	湖北睿泽药业有限公司	生产企业/上市许可持有人	drug
GYS0014074	湖北研妆实业有限公司	生产企业	consumable
GYS0014075	湖北磐谷药业有限公司	生产企业	consumable
GYS0014076	湖北礼和医疗器材有限公司	生产企业	consumable
GYS0014077	湖北神农制药股份有限公司	生产企业/上市许可持有人	drug
GYS0014078	湖北神州华瑞医药有限公司	生产企业/上市许可持有人	drug
GYS0014079	湖北福人药业股份有限公司	生产企业/上市许可持有人	drug
GYS0014080	湖北福人金身药业有限公司	生产企业/上市许可持有人	drug
GYS0014081	湖北福广制药有限公司	生产企业	drug
GYS0014082	湖北福瑞龙医疗器械有限公司	生产企业	consumable
GYS0014083	湖北福鑫医疗器械有限公司	生产企业	consumable
GYS0014084	湖北科伦药业有限公司	生产企业/上市许可持有人	drug
GYS0014085	湖北科力迪防护用品有限公司	生产企业	consumable
GYS0014086	湖北科护康医用材料有限公司	生产企业	consumable
GYS0014087	湖北科田药业有限公司	生产企业/上市许可持有人	drug
GYS0014088	湖北科益药业股份有限公司	生产企业/上市许可持有人	drug
GYS0014089	湖北科莱维生物药业有限公司	生产企业/上市许可持有人	drug
GYS0014090	湖北穆兰同大科技有限公司	生产企业	consumable
GYS0014091	湖北立舒蓓尔生物科技有限公司	生产企业	consumable
GYS0014092	湖北端正时代药业有限公司	生产企业/上市许可持有人	drug
GYS0014093	湖北端正药业股份有限公司	生产企业/上市许可持有人	drug
GYS0014094	湖北精耕生物工程有限公司	生产企业	consumable
GYS0014095	湖北纽兰药业有限公司	生产企业/上市许可持有人	drug
GYS0014096	湖北美宝药业股份有限公司	生产企业/上市许可持有人	drug
GYS0014097	湖北美尔丽生物科技有限公司	生产企业	consumable
GYS0014098	湖北美思创药业有限公司	生产企业/上市许可持有人	drug
GYS0014099	湖北美恩医疗用品有限公司	生产企业	consumable
GYS0014100	湖北美林药业有限公司	生产企业/上市许可持有人	drug
GYS0014101	湖北美欧医疗科技发展有限公司	生产企业	consumable
GYS0014102	湖北美速医疗器械有限责任公司	生产企业	consumable
GYS0014103	湖北美邦医疗用品股份有限公司	生产企业	consumable
GYS0014104	湖北美顺和医学科技有限公司	生产企业	consumable
GYS0014105	湖北美高乐医疗用品有限公司	生产企业	consumable
GYS0014106	湖北翎美生物科技有限公司	生产企业	consumable
GYS0014107	湖北老中醫制药有限责任公司	生产企业/上市许可持有人	drug
GYS0014108	湖北职业技术学院附属惠济医院	制剂配制单位	preparation
GYS0014109	湖北联结生物材料有限公司	生产企业	consumable
GYS0014110	湖北聚垒智影科技有限公司	生产企业	consumable
GYS0014111	湖北肽尔生物医疗科技有限公司	生产企业	consumable
GYS0014112	湖北胜冠医疗科技有限公司	生产企业	consumable
GYS0014113	湖北胶连医疗科技有限公司	生产企业	consumable
GYS0014114	湖北脑血管病医院	制剂配制单位	preparation
GYS0014115	湖北致霖医用材料有限公司	生产企业	consumable
GYS0014116	湖北舒尔迈康药业有限公司	生产企业/上市许可持有人	drug
GYS0014117	湖北舒欣卫生护理用品实业有限公司	生产企业	consumable
GYS0014118	湖北舒活药业有限公司	生产企业/上市许可持有人	drug
GYS0014119	湖北舒邦药业有限公司	生产企业/上市许可持有人	drug,consumable
GYS0014120	湖北舜格药业有限公司	生产企业	consumable
GYS0014121	湖北艾马斯-威达劳保用品有限公司	生产企业	consumable
GYS0014122	湖北苗义堂药业有限公司	生产企业	consumable
GYS0014123	湖北荆江源制药股份有限公司	生产企业/上市许可持有人	drug
GYS0014124	湖北荟海医药技术研究院有限公司	生产企业/上市许可持有人	drug
GYS0014125	湖北荣悦医疗用品开发有限公司	生产企业	consumable
GYS0014126	湖北荷普药业有限公司	生产企业/上市许可持有人	drug
GYS0014127	湖北荷普药业股份有限公司	生产企业/上市许可持有人	drug
GYS0014128	湖北蕲艾堂科技有限公司	生产企业	consumable
GYS0014129	湖北虎泉药业有限公司	生产企业/上市许可持有人	drug
GYS0014130	湖北蝴蝶兰药业有限公司	生产企业/上市许可持有人	drug
GYS0014131	湖北言章医科有限公司	生产企业	consumable
GYS0014132	湖北诚远医药科技有限公司	生产企业	consumable
GYS0014133	湖北诺众生药业有限公司	生产企业	consumable
GYS0014134	湖北诺得胜制药有限公司	生产企业/上市许可持有人	drug
GYS0014135	湖北贝克药业股份有限公司	生产企业	consumable
GYS0014136	湖北赛罗生物材料有限公司	生产企业	consumable
GYS0014137	湖北达诚医疗科技有限公司	生产企业	consumable
GYS0014138	湖北远博生物科技有限公司	生产企业	consumable
GYS0014139	湖北远大天天明制药有限公司	生产企业/上市许可持有人	drug
GYS0014140	湖北迪晨生物科技有限公司	生产企业	consumable
GYS0014141	湖北通康安济医疗科技有限公司	生产企业	consumable
GYS0014142	湖北金杏科技发展有限公司	生产企业	consumable
GYS0014143	湖北金美言数字化科技有限公司	生产企业	consumable
GYS0014144	湖北金龙药业有限公司	生产企业/上市许可持有人	drug
GYS0014145	湖北鑫乐美齿研科技有限公司	生产企业	consumable
GYS0014146	湖北钰凯医疗用品有限公司	生产企业	consumable
GYS0014147	湖北铭伟医疗科技有限公司	生产企业	consumable
GYS0014148	湖北银河纺织股份有限公司	生产企业	consumable
GYS0014149	湖北铸明生物科技有限责任公司	生产企业	consumable
GYS0014150	湖北锦源医疗科技有限公司	生产企业	consumable
GYS0014151	湖北镜峰汇视光科技有限公司	生产企业	consumable
GYS0014152	湖北长久瑞华药业有限公司	生产企业/上市许可持有人	drug
GYS0014153	湖北长江源制药有限公司	生产企业	consumable
GYS0014154	湖北长联杜勒制药有限公司	生产企业/上市许可持有人	drug
GYS0014155	湖北隆盛泰科医疗器械股份有限公司	生产企业	consumable
GYS0014156	湖北香连药业有限责任公司	生产企业/上市许可持有人	drug
GYS0014157	湖北骏成医疗器械有限公司	生产企业	consumable
GYS0014158	湖北骼健医疗科技有限公司	生产企业	consumable
GYS0014159	湖北高德急救防护用品有限公司	生产企业	consumable
GYS0014160	湖北高蒙医药有限公司	生产企业	consumable
GYS0014161	湖北鱼鹤制衣有限公司	生产企业	consumable
GYS0014162	湖北齐进药业有限公司	生产企业/上市许可持有人	drug
GYS0014163	湖北齿道医疗科技有限公司	生产企业	consumable
GYS0014164	湖北龙威制药股份有限公司	生产企业	consumable
GYS0014165	湖北龙娣假肢矫型器材有限公司	生产企业	consumable
GYS0014166	湖北龙辅药业有限公司	生产企业/上市许可持有人	drug
GYS0014167	湖南一喜一呵医药有限公司	生产企业	consumable
GYS0014168	湖南一格制药有限公司	生产企业/上市许可持有人	drug
GYS0014169	湖南万木千帆科技有限公司	生产企业	consumable
GYS0014170	湖南万林生化科技开发有限公司	生产企业	consumable
GYS0014171	湖南万洁医疗器械有限公司	生产企业	consumable
GYS0014172	湖南万脉医疗科技有限公司	生产企业	consumable
GYS0014173	湖南三学药业有限公司	生产企业/上市许可持有人	drug
GYS0014174	湖南三瑞生物科技有限责任公司	生产企业	consumable
GYS0014175	湖南世海医佳医疗器械有限公司	生产企业	consumable
GYS0014176	湖南世澳生物科技股份有限公司	生产企业	consumable
GYS0014177	湖南东健药业有限公司	生产企业	drug
GYS0014178	湖南中佰医疗器械有限公司	生产企业	consumable
GYS0014179	湖南中南制药有限责任公司	生产企业/上市许可持有人	drug
GYS0014180	湖南中和制药有限公司	生产企业/上市许可持有人	drug
GYS0014181	湖南中威制药有限公司	生产企业/上市许可持有人	drug,consumable
GYS0014182	湖南中昌生物科技有限公司	生产企业	consumable
GYS0014183	湖南中灿医疗科技有限公司	生产企业	consumable
GYS0014184	湖南中研社生物科技有限公司	生产企业	consumable
GYS0014185	湖南中禧医疗科技有限公司	生产企业	consumable
GYS0014186	湖南中科精研医疗科技有限公司	生产企业	consumable
GYS0014187	湖南中科药学健康药业有限公司	生产企业	consumable
GYS0014188	湖南中聚内窥镜有限公司	生产企业	consumable
GYS0014189	湖南中腾湘岳生物科技有限公司	生产企业	consumable
GYS0014190	湖南中邦医疗器械有限公司	生产企业	consumable
GYS0014191	湖南临风医疗器械有限公司	生产企业	consumable
GYS0014192	湖南丽赛药业有限公司	生产企业	consumable
GYS0014193	湖南久洋医疗器械科技有限公司	生产企业	consumable
GYS0014194	湖南乐德医疗器械有限公司	生产企业	consumable
GYS0014195	湖南乐邦制药有限公司	生产企业	drug
GYS0014196	湖南九典制药股份有限公司	生产企业/上市许可持有人	drug
GYS0014197	湖南乾隆医疗科技有限公司	生产企业	consumable
GYS0014198	湖南云宙医疗科技有限公司	生产企业	consumable
GYS0014199	湖南云殷医疗器械有限公司	生产企业	consumable
GYS0014200	湖南云量几何健康科技有限公司	生产企业	consumable
GYS0014201	湖南云阳乳胶科技实业有限公司	生产企业	consumable
GYS0014202	湖南互韧生物医药有限公司	生产企业	consumable
GYS0014203	湖南五洲通药业有限责任公司	生产企业/上市许可持有人	drug
GYS0014204	湖南五洲通药业股份有限公司	生产企业/上市许可持有人	drug
GYS0014205	湖南亚大制药有限公司	生产企业/上市许可持有人	drug
GYS0014206	湖南亮视嘉生物科技有限公司	生产企业	consumable
GYS0014207	湖南亲旨生物科技有限公司	生产企业	consumable
GYS0014208	湖南人之源紫晶生物工程有限公司	生产企业	consumable
GYS0014209	湖南亿格雅生物技术有限公司	生产企业	consumable
GYS0014210	湖南亿速医疗科技有限公司	生产企业	consumable
GYS0014211	湖南仁恒医疗科技有限公司	生产企业	consumable
GYS0014212	湖南仁馨生物技术有限公司	生产企业	consumable
GYS0014213	湖南今华生物科技有限公司	生产企业	consumable
GYS0014214	湖南众益泰制药有限公司	生产企业/上市许可持有人	drug
GYS0014215	湖南众诺康生物科技有限公司	生产企业	consumable
GYS0014216	湖南优尼沃斯医疗科技有限公司	生产企业	consumable
GYS0014217	湖南伟方生命科技有限公司	生产企业	consumable
GYS0014218	湖南伽奈维医疗科技有限公司	生产企业	consumable
GYS0014219	湖南伽莱科医疗器械有限公司	生产企业	consumable
GYS0014220	湖南佑华医疗用品有限公司	生产企业	consumable
GYS0014221	湖南体位康医疗用品有限公司	生产企业	consumable
GYS0014222	湖南佰施颜生物医药有限公司	生产企业	consumable
GYS0014223	湖南佳乐医疗器械有限公司	生产企业	consumable
GYS0014224	湖南佳合医用材料有限公司	生产企业	consumable
GYS0014225	湖南佳满假肢矫形技术开发有限公司	生产企业	consumable
GYS0014226	湖南佳满假肢矫形技术开发有限公司郴州分公司	生产企业	consumable
GYS0014227	湖南佳钰医疗器械有限公司	生产企业	consumable
GYS0014228	湖南依微迪医疗器械有限公司	生产企业	consumable
GYS0014229	湖南倩美医疗科技有限责任公司	生产企业	consumable
GYS0014230	湖南健医师医药有限公司	生产企业	consumable
GYS0014231	湖南健朗药业有限责任公司	生产企业	drug
GYS0014232	湖南健维科技发展有限公司	生产企业	consumable
GYS0014233	湖南健赫医疗科技有限公司	生产企业	consumable
GYS0014234	湖南元昀医疗器材有限公司	生产企业	consumable
GYS0014235	湖南先施制药有限公司	生产企业/上市许可持有人	drug
GYS0014236	湖南全博医疗科技有限公司	生产企业	consumable
GYS0014237	湖南共创生物功能材料有限责任公司	生产企业	consumable
GYS0014238	湖南共睿康健医疗科技有限公司	生产企业	consumable
GYS0014239	湖南兴蒙制药有限公司	生产企业	drug
GYS0014240	湖南冰溪生物科技有限公司	生产企业	consumable
GYS0014241	湖南凡迪修医疗器械有限公司	生产企业	consumable
GYS0014242	湖南凯元生物科技有限公司	生产企业	consumable
GYS0014243	湖南凯利医疗科技股份有限公司	生产企业	consumable
GYS0014244	湖南创健医疗器械有限公司	生产企业	consumable
GYS0014245	湖南创晶医疗科技有限公司	生产企业	consumable
GYS0014246	湖南利君俊紫生物科技有限公司	生产企业	consumable
GYS0014247	湖南利德森医疗器械有限公司	生产企业	consumable
GYS0014248	湖南力宾医疗科技有限公司	生产企业	consumable
GYS0014249	湖南加倍佳医疗器械制造有限公司	生产企业	consumable
GYS0014250	湖南北极光景医疗科技有限公司	生产企业	consumable
GYS0014251	湖南医国医疗器械有限公司	生产企业	consumable
GYS0014252	湖南医大健康生物药业有限公司	生产企业	consumable
GYS0014253	湖南医富港医疗科技有限公司	生产企业	consumable
GYS0014254	湖南医科医工科技有限公司	生产企业	consumable
GYS0014255	湖南医诺恒泰医疗科技有限公司	生产企业	consumable
GYS0014256	湖南千金协力药业有限公司	生产企业/上市许可持有人	drug
GYS0014257	湖南千金卫生用品股份有限公司	生产企业	consumable
GYS0014258	湖南千金湘江药业股份有限公司	生产企业/上市许可持有人	drug
GYS0014259	湖南半丘医疗科技有限公司	生产企业	consumable
GYS0014260	湖南半岛医疗科技有限公司	生产企业	consumable
GYS0014261	湖南半陀医疗科技有限公司	生产企业	consumable
GYS0014262	湖南华外医疗科技有限公司	生产企业	consumable
GYS0014263	湖南华宝通制药有限公司	生产企业/上市许可持有人	drug
GYS0014264	湖南华林凯医疗科技有限公司	生产企业	consumable
GYS0014265	湖南华汇医疗科技有限公司	生产企业	consumable
GYS0014266	湖南华沃元亨科技有限公司	生产企业	consumable
GYS0014267	湖南华福医疗器械科技有限公司	生产企业	consumable
GYS0014268	湖南华纳大药厂股份有限公司	生产企业/上市许可持有人	drug
GYS0014269	湖南华缔生物技术有限公司	生产企业	consumable
GYS0014270	湖南华翔医疗科技有限公司	生产企业	consumable
GYS0014271	湖南华联康生物科技有限公司	生产企业	consumable
GYS0014272	湖南华艳生物科技开发股份有限公司	生产企业	consumable
GYS0014273	湖南卓一美医疗器械有限公司	生产企业	consumable
GYS0014274	湖南卓世创思科技有限公司	生产企业	consumable
GYS0014275	湖南卓越嘉业电子科技有限公司	生产企业	consumable
GYS0014276	湖南南科汇通生物科技有限公司	生产企业	consumable
GYS0014277	湖南南药生物科技有限公司	生产企业	consumable
GYS0014278	湖南博利恒医疗用品有限公司	生产企业	consumable
GYS0014279	湖南博和医学科技有限公司	生产企业	consumable
GYS0014280	湖南博润医疗器械有限公司	生产企业	consumable
GYS0014281	湖南博科医疗科技有限公司	生产企业	consumable
GYS0014282	湖南发现量子医疗器械有限公司	生产企业	consumable
GYS0014283	湖南可孚医疗设备有限公司	生产企业	consumable
GYS0014284	湖南可孚听力技术有限公司	生产企业	consumable
GYS0014285	湖南吉兴康生物科技有限公司	生产企业	consumable
GYS0014286	湖南吉泓万佳医疗科技有限公司	生产企业	consumable
GYS0014287	湖南君永拓医疗设备有限公司	生产企业	consumable
GYS0014288	湖南品六生物科技有限公司	生产企业	consumable
GYS0014289	湖南品越医疗用品有限公司	生产企业	consumable
GYS0014290	湖南唯德康医疗科技有限公司	生产企业	consumable
GYS0014291	湖南善孝堂健康管理有限责任公司	生产企业	consumable
GYS0014292	湖南善德医疗设备有限公司	生产企业	consumable
GYS0014293	湖南嘉恒制药有限公司	生产企业/上市许可持有人	drug
GYS0014294	湖南嘉晗医疗器械有限公司	生产企业	consumable
GYS0014295	湖南国之源医疗科技有限公司	生产企业	consumable
GYS0014296	湖南国华制药有限公司	生产企业/上市许可持有人	drug
GYS0014297	湖南国械生物科技有限公司	生产企业	consumable
GYS0014298	湖南圣哲医疗科技有限公司	生产企业	consumable
GYS0014299	湖南圣安杰医疗科技有限公司	生产企业	consumable
GYS0014300	湖南圣泽韬薄医疗器械有限公司	生产企业	consumable
GYS0014301	湖南圣维基因科技有限公司	生产企业/上市许可持有人	drug
GYS0014302	湖南埃威格林医药科技有限公司	生产企业/上市许可持有人	drug
GYS0014303	湖南埃普特医疗器械有限公司	生产企业	consumable
GYS0014304	湖南增材精准医疗研究院有限公司	生产企业	consumable
GYS0014305	湖南壹脉通科技有限公司	生产企业	consumable
GYS0014306	湖南夏龙医疗器械制造股份有限公司	生产企业	consumable
GYS0014307	湖南大许药业有限公司	生产企业	consumable
GYS0014308	湖南天劲制药有限责任公司	生产企业/上市许可持有人	drug
GYS0014309	湖南天圣药业有限公司	生产企业/上市许可持有人	drug
GYS0014310	湖南天根乐微君科技有限公司	生产企业	consumable
GYS0014311	湖南天济草堂制药股份有限公司	生产企业/上市许可持有人	drug
GYS0014312	湖南天益医疗器械有限公司	生产企业	consumable
GYS0014313	湖南天纵易康生物科技有限公司	生产企业	consumable
GYS0014314	湖南天龙制药有限公司	生产企业	drug,consumable
GYS0014315	湖南奥朗特医疗器械有限公司	生产企业	consumable
GYS0014316	湖南好皮夫制药有限公司	生产企业	drug
GYS0014317	湖南妍开生物技术有限责任公司	生产企业	consumable
GYS0014318	湖南威克斯医疗科技有限公司	生产企业	consumable
GYS0014319	湖南威特制药股份有限公司	生产企业/上市许可持有人	drug
GYS0014320	湖南威视华康医疗科技有限公司	生产企业	consumable
GYS0014321	湖南子午生物科技有限责任公司	生产企业	consumable
GYS0014322	湖南孚迈生物科技有限公司	生产企业	consumable
GYS0014323	湖南守护神制药有限公司	生产企业/上市许可持有人	drug
GYS0014324	湖南守诚堂医疗器械有限公司	生产企业	consumable
GYS0014325	湖南安好生物科技有限公司	生产企业	consumable
GYS0014326	湖南安慕医疗器械有限公司	生产企业	consumable
GYS0014327	湖南安百医疗科技有限公司	生产企业	consumable
GYS0014328	湖南安邦制药股份有限公司	生产企业/上市许可持有人	drug
GYS0014329	湖南宏怡生物科技有限公司	生产企业	consumable
GYS0014330	湖南宏济医疗科技有限公司	生产企业	consumable
GYS0014331	湖南宣治医疗器械科技有限公司	生产企业	consumable
GYS0014332	湖南富兴视界科技有限公司	生产企业	consumable
GYS0014333	湖南富兴飞鸽药业有限公司	生产企业/上市许可持有人	drug
GYS0014334	湖南寰宇新材料科技股份有限公司	生产企业	consumable
GYS0014335	湖南寰极医疗器械有限责任公司	生产企业	consumable
GYS0014336	湖南小度医疗科技有限公司	生产企业	consumable
GYS0014337	湖南尔康制药股份有限公司	生产企业/上市许可持有人	drug
GYS0014338	湖南尖峰激光医疗科技有限公司	生产企业	consumable
GYS0014339	湖南尚众合生物医药有限公司	生产企业/上市许可持有人	drug
GYS0014340	湖南尚诚怡美生物科技有限公司	生产企业	consumable
GYS0014341	湖南峰恒晶医疗科技有限公司	生产企业	consumable
GYS0014342	湖南巴德医药科技有限公司	生产企业	consumable
GYS0014343	湖南常德红鑫康复辅具适配服务有限公司	生产企业	consumable
GYS0014344	湖南康之健科技有限公司	生产企业	consumable
GYS0014345	湖南康利来医疗器械有限公司	生产企业	consumable
GYS0014346	湖南康呈医疗科技有限公司	生产企业	consumable
GYS0014347	湖南康喆医疗器械有限公司	生产企业	consumable
GYS0014348	湖南康宇医疗器械有限公司	生产企业	consumable
GYS0014349	湖南康富泰医疗器械有限公司	生产企业	consumable
GYS0014350	湖南康寿制药有限公司	生产企业/上市许可持有人	drug
GYS0014351	湖南康尔佳生物医药科技有限公司	生产企业	consumable
GYS0014352	湖南康怡医疗器械有限公司	生产企业	consumable
GYS0014353	湖南康沃医疗用品有限公司	生产企业	consumable
GYS0014354	湖南康泰优医疗器械有限公司	生产企业	consumable
GYS0014355	湖南康泰健牙科器材有限公司	生产企业	consumable
GYS0014356	湖南康润药业股份有限公司	生产企业/上市许可持有人	drug
GYS0014357	湖南康源制药有限公司	生产企业/上市许可持有人	drug
GYS0014358	湖南康特防护科技有限公司	生产企业	consumable
GYS0014359	湖南康益元药业有限公司	生产企业/上市许可持有人	drug
GYS0014360	湖南康益口腔义齿科技有限公司	生产企业	consumable
GYS0014361	湖南康缘医疗科技有限公司	生产企业	consumable
GYS0014362	湖南康美三维医疗器械有限公司	生产企业	consumable
GYS0014363	湖南康贝莱生物科技有限公司	生产企业	consumable
GYS0014364	湖南引导医疗科技有限公司	生产企业	consumable
GYS0014365	湖南强笙科技发展有限公司	生产企业	consumable
GYS0014366	湖南微肽生物医药有限公司	生产企业	consumable
GYS0014367	湖南微肽美汇医疗科技有限公司	生产企业	consumable
GYS0014368	湖南微脉通医疗科技有限公司	生产企业	consumable
GYS0014369	湖南德康制药股份有限公司	生产企业/上市许可持有人	drug
GYS0014370	湖南德普斯医疗科技有限公司	生产企业	consumable
GYS0014371	湖南德海制药有限公司	生产企业/上市许可持有人	drug
GYS0014372	湖南德源祥生物科技有限公司	生产企业	consumable
GYS0014373	湖南德禧医疗科技有限公司	生产企业	consumable
GYS0014374	湖南德米特仪器有限公司	生产企业	consumable
GYS0014375	湖南德锐康医疗科技有限公司	生产企业	consumable
GYS0014376	湖南心联医疗科技有限公司	生产企业	consumable
GYS0014377	湖南必可适科技集团有限公司	生产企业	consumable
GYS0014378	湖南思恩腾生物医药有限公司	生产企业	consumable
GYS0014379	湖南思捷泰克医疗科技有限公司	生产企业	consumable
GYS0014380	湖南怡康医疗用品有限公司	生产企业	consumable
GYS0014381	湖南恒伟药业股份有限公司	生产企业/上市许可持有人	drug
GYS0014382	湖南恒天生物科技有限责任公司	生产企业	consumable
GYS0014383	湖南恒峰医疗器械有限公司	生产企业	consumable
GYS0014384	湖南恒新源健康产业有限公司	生产企业	consumable
GYS0014385	湖南恒昌医药集团股份有限公司	生产企业	consumable
GYS0014386	湖南恒生制药有限公司	生产企业	drug
GYS0014387	湖南恒生制药股份有限公司	生产企业/上市许可持有人	drug
GYS0014388	湖南恒真健康科技有限公司	生产企业	consumable
GYS0014389	湖南恒邦医疗科技有限公司	生产企业	consumable
GYS0014390	湖南恩普药业有限公司	生产企业	consumable
GYS0014391	湖南恩泽大健康管理有限公司	生产企业	consumable
GYS0014392	湖南悦美健生物科技有限公司	生产企业	consumable
GYS0014393	湖南悦达生物医药有限公司	生产企业	consumable
GYS0014394	湖南情意绵绵药妆科技有限公司	生产企业	consumable
GYS0014395	湖南愈尔美医疗科技有限公司	生产企业	consumable
GYS0014396	湖南慈辉医疗科技有限公司	生产企业	consumable
GYS0014397	湖南慕她生物科技发展有限公司	生产企业	consumable
GYS0014398	湖南慧泽生物医药科技有限公司	生产企业/上市许可持有人	drug
GYS0014399	湖南成健医疗科技有限公司	生产企业	consumable
GYS0014400	湖南承诸医疗科技有限公司	生产企业	consumable
GYS0014401	湖南捷凯立医疗器械有限公司	生产企业	consumable
GYS0014402	湖南提奥科技有限公司	生产企业	consumable
GYS0014403	湖南揽月医疗科技有限公司	生产企业	consumable
GYS0014404	湖南摩尼特医疗设备有限公司	生产企业	consumable
GYS0014405	湖南敬和堂制药有限公司	生产企业/上市许可持有人	drug
GYS0014406	湖南敷尔斯生物医药有限公司	生产企业	consumable
GYS0014407	湖南斯奇生物制药有限公司	生产企业/上市许可持有人	drug
GYS0014408	湖南斯托德医疗器械有限公司	生产企业	consumable
GYS0014409	湖南斯科生物技术有限公司	生产企业	consumable
GYS0014410	湖南新汇制药股份有限公司	生产企业/上市许可持有人	drug
GYS0014411	湖南新谐康医疗器械有限公司	生产企业	consumable
GYS0014412	湖南新金辐医疗科技有限公司	生产企业	consumable
GYS0014413	湖南方盛制药股份有限公司	生产企业/上市许可持有人	drug
GYS0014414	湖南方盛锐新药业有限公司	生产企业/上市许可持有人	drug
GYS0014415	湖南施可瑞医疗科技有限公司	生产企业	consumable
GYS0014416	湖南时代芳华再生医学科技有限公司	生产企业	consumable
GYS0014417	湖南时代阳光药业股份有限公司	生产企业/上市许可持有人	drug
GYS0014418	湖南昀生通医疗科技有限公司	生产企业	consumable
GYS0014419	湖南昊康医疗科技有限公司	生产企业	consumable
GYS0014420	湖南明康中锦医疗科技股份有限公司	生产企业	consumable
GYS0014421	湖南明瑞制药股份有限公司	生产企业/上市许可持有人	drug
GYS0014422	湖南明舟医疗科技有限公司	生产企业	consumable
GYS0014423	湖南易天然医疗科技有限公司	生产企业	consumable
GYS0014424	湖南星博达耀矗生物科技有限公司	生产企业	consumable
GYS0014425	湖南星马南洋生物医药有限公司	生产企业	consumable
GYS0014426	湖南春光九汇现代中药有限公司	生产企业/上市许可持有人	drug
GYS0014427	湖南普仁凯顿义齿科技有限公司	生产企业	consumable
GYS0014428	湖南普门医疗科技有限公司	生产企业	consumable
GYS0014429	湖南景步安涛医疗科技有限公司	生产企业	consumable
GYS0014430	湖南智信医疗器械有限公司	生产企业	consumable
GYS0014431	湖南曜通医疗器械有限公司	生产企业	consumable
GYS0014432	湖南有美生物科技有限公司	生产企业	consumable
GYS0014433	湖南朗开医疗科技有限公司	生产企业	consumable
GYS0014434	湖南朗星医疗科技有限公司	生产企业	consumable
GYS0014435	湖南朗润智慧医疗科技有限公司	生产企业	consumable
GYS0014436	湖南本草制药有限责任公司	生产企业/上市许可持有人	drug
GYS0014437	湖南杏林春药业有限公司	生产企业/上市许可持有人	drug
GYS0014438	湖南松贝医疗科技有限公司	生产企业	consumable
GYS0014439	湖南柏齐鹤药物研发有限公司	生产企业/上市许可持有人	drug
GYS0014440	湖南栩柏雅生物科技有限公司	生产企业	consumable
GYS0014441	湖南桦洋医疗科技有限公司	生产企业	consumable
GYS0014442	湖南梦马医疗器械有限公司	生产企业	consumable
GYS0014443	湖南欣达康医疗科技有限公司	生产企业	consumable
GYS0014444	湖南欣驰科技有限公司	生产企业	consumable
GYS0014445	湖南欧拉医药科技有限公司	生产企业/上市许可持有人	drug
GYS0014446	湖南欧杰生物科技发展有限公司	生产企业	consumable
GYS0014447	湖南欧谱曼迪科技有限公司	生产企业	consumable
GYS0014448	湖南歌泽医疗科技有限公司	生产企业	consumable
GYS0014449	湖南正清制药集团股份有限公司	生产企业/上市许可持有人	drug
GYS0014450	湖南正龙药业有限公司	生产企业	consumable
GYS0014451	湖南比扬医疗科技有限公司	生产企业	consumable
GYS0014452	湖南永康医疗器械有限公司	生产企业	consumable
GYS0014453	湖南汇智源生物医药有限责任公司	生产企业	consumable
GYS0014454	湖南汇邦拓瑞医疗器械有限公司	生产企业	consumable
GYS0014455	湖南汉方康养药业有限公司	生产企业	consumable
GYS0014456	湖南汉森制药股份有限公司	生产企业/上市许可持有人	drug
GYS0014457	湖南江禾生物技术有限公司	生产企业	consumable
GYS0014458	湖南沃德利派医疗科技有限公司	生产企业	consumable
GYS0014459	湖南沐生弘医疗器械有限公司	生产企业	consumable
GYS0014460	湖南泰加医疗器械有限公司	生产企业	consumable
GYS0014461	湖南泰阳药业有限公司	生产企业/上市许可持有人	drug
GYS0014462	湖南泽尔顿新材料有限公司	生产企业	consumable
GYS0014463	湖南洞庭药业股份有限公司	生产企业/上市许可持有人	drug
GYS0014464	湖南派康科技有限公司	生产企业	consumable
GYS0014465	湖南浣然医疗科技有限公司	生产企业	consumable
GYS0014466	湖南浩通湘聚医疗科技有限公司	生产企业	consumable
GYS0014467	湖南海元生物科技有限公司	生产企业	consumable
GYS0014468	湖南海源医疗科技股份有限公司	生产企业	ivd
GYS0014469	湖南海诚智慧医疗科技有限公司	生产企业	consumable
GYS0014470	湖南海贽医疗科技有限公司	生产企业	consumable
GYS0014471	湖南海路生物科技有限公司	生产企业	consumable
GYS0014472	湖南润中医疗器械有限公司	生产企业	consumable
GYS0014473	湖南润升医疗科技有限公司	生产企业	consumable
GYS0014474	湖南润美基因科技有限公司	生产企业	consumable
GYS0014475	湖南润蓓医疗器械有限公司	生产企业	consumable
GYS0014476	湖南添音生物科技有限公司	生产企业	consumable
GYS0014477	湖南港湾科学仪器有限公司	生产企业	consumable
GYS0014478	湖南湘妃医疗器械有限公司	生产企业	consumable
GYS0014479	湖南湘泉药业股份有限公司	生产企业/上市许可持有人	drug
GYS0014480	湖南湘雅制药有限公司	生产企业/上市许可持有人	drug
GYS0014481	湖南澜雅医疗科技有限公司	生产企业	consumable
GYS0014482	湖南瀚德微创医疗科技有限公司	生产企业	consumable
GYS0014483	湖南灵康医疗科技有限公司	生产企业	consumable
GYS0014484	湖南热土科技发展有限公司	生产企业	consumable
GYS0014485	湖南然元医用高科技蛋白线有限公司	生产企业	consumable
GYS0014486	湖南爱威医疗科技有限公司	生产企业	consumable
GYS0014487	湖南爱敬堂制药有限公司	生产企业/上市许可持有人	drug
GYS0014488	湖南爱杰特生物科技有限公司	生产企业	consumable
GYS0014489	湖南爱芷生医疗科技有限公司	生产企业	consumable
GYS0014490	湖南爱齐贝医疗科技有限公司	生产企业	consumable
GYS0014491	湖南牙翌医疗器械有限公司	生产企业	consumable
GYS0014492	湖南特一匠心药业有限公司	生产企业	consumable
GYS0014493	湖南特瑞精密医疗器械有限公司	生产企业	consumable
GYS0014494	湖南状元制药有限公司	生产企业/上市许可持有人	drug
GYS0014495	湖南玉津医疗科技有限公司	生产企业	consumable
GYS0014496	湖南琛达医疗器械有限公司	生产企业	consumable
GYS0014497	湖南琢珺医疗科技有限公司	生产企业	consumable
GYS0014498	湖南瑞康通科技发展有限公司	生产企业	consumable
GYS0014499	湖南瑞朗泰科医疗器械有限公司	生产企业	consumable
GYS0014500	湖南瑞炯生物科技有限公司	生产企业	consumable
GYS0014501	湖南瑞生科生物科技有限公司	生产企业	consumable
GYS0014502	湖南瑞益朗医疗器械有限公司	生产企业	consumable
GYS0014503	湖南瑞莱思医疗器械有限公司	生产企业	consumable
GYS0014504	湖南瑞邦医疗科技发展有限公司	生产企业	consumable
GYS0014505	湖南璞存中医药科技有限公司	生产企业	consumable
GYS0014506	湖南百德医疗科技有限公司	生产企业	consumable
GYS0014507	湖南百肤邦医疗器械有限公司	生产企业	consumable
GYS0014508	湖南百草制药有限公司	生产企业/上市许可持有人	drug
GYS0014509	湖南益安生物科技有限公司	生产企业	consumable
GYS0014510	湖南盛世德坤医药科技有限公司	生产企业	consumable
GYS0014511	湖南盛欣医疗器械有限公司	生产企业	consumable
GYS0014512	湖南省万卓医疗器械有限公司	生产企业	consumable
GYS0014513	湖南省三众医用敷料有限公司	生产企业	consumable
GYS0014514	湖南省三创科技有限公司	生产企业	consumable
GYS0014515	湖南省丽拓生物科技有限公司	生产企业	consumable
GYS0014516	湖南省健缘医疗科技有限公司	生产企业	consumable
GYS0014517	湖南省华芯医疗器械有限公司	生产企业	consumable
GYS0014518	湖南省回春堂药业有限公司	生产企业	drug
GYS0014519	湖南省天怡方健生物科技有限公司	生产企业	consumable
GYS0014520	湖南省天骑医学新技术股份有限公司怀化分公司	生产企业	consumable
GYS0014521	湖南省巨械科技发展有限公司	生产企业	consumable
GYS0014522	湖南省微雅医疗器械有限公司	生产企业	consumable
GYS0014523	湖南省拓川医疗科技有限公司	生产企业	consumable
GYS0014524	湖南省新程湘绣进出口有限公司	生产企业	consumable
GYS0014525	湖南省普渡医疗科技有限公司	生产企业	consumable
GYS0014526	湖南省湘中制药有限公司	生产企业/上市许可持有人	drug
GYS0014527	湖南省相资医疗器械科技有限公司	生产企业	consumable
GYS0014528	湖南省禾氏医疗器械科技有限公司	生产企业	consumable
GYS0014529	湖南省粒铭医疗器械有限公司	生产企业	consumable
GYS0014530	湖南省紫百合义齿科技有限公司	生产企业	consumable
GYS0014531	湖南省绿洲惠康发展有限公司	生产企业	consumable
GYS0014532	湖南省菲尔思生物科技有限公司	生产企业	consumable
GYS0014533	湖南省高圣生物科技股份有限公司	生产企业	consumable
GYS0014534	湖南睿思康科技有限公司	生产企业	consumable
GYS0014535	湖南磐电医疗设备有限公司	生产企业	consumable
GYS0014536	湖南福尔康医用卫生材料股份有限公司	生产企业	consumable
GYS0014537	湖南福达康医疗科技有限公司	生产企业	ivd
GYS0014538	湖南禾瑞医疗科技有限公司	生产企业	consumable
GYS0014539	湖南科仁医疗科技有限公司	生产企业	consumable
GYS0014540	湖南科伦制药有限公司	生产企业/上市许可持有人	drug,consumable
GYS0014541	湖南科医智投生物科技有限公司	生产企业	consumable
GYS0014542	湖南科妍创美医疗科技有限公司	生产企业	consumable
GYS0014543	湖南科曼医疗科技有限公司	生产企业	consumable
GYS0014544	湖南科洛克医药有限公司	生产企业	consumable
GYS0014545	湖南科芮生生物科技有限公司	生产企业	consumable
GYS0014546	湖南科迈森医疗科技有限公司	生产企业	consumable
GYS0014547	湖南科迈科技有限公司	生产企业	consumable
GYS0014548	湖南秦江医疗器械有限公司	生产企业	consumable
GYS0014549	湖南秦湘生物科技有限公司	生产企业	consumable
GYS0014550	湖南精准医疗器械科技有限公司	生产企业	consumable
GYS0014551	湖南精妙医药科技有限公司	生产企业	consumable
GYS0014552	湖南精涂医疗科技有限公司	生产企业	consumable
GYS0014553	湖南紫丰医疗器械有限公司	生产企业	consumable
GYS0014554	湖南紫晶汇康生物医药集团有限公司	生产企业	consumable
GYS0014555	湖南纳龙医疗设备有限公司	生产企业	consumable
GYS0014556	湖南绅泰春制药股份有限公司	生产企业/上市许可持有人	drug
GYS0014557	湖南绅泰春药业有限公司	生产企业	drug
GYS0014558	湖南维安生物科技有限公司	生产企业	consumable
GYS0014559	湖南美和美诺生物技术有限公司	生产企业	consumable
GYS0014560	湖南美媛本草生物工程有限公司	生产企业	consumable
GYS0014561	湖南美柏生物医药有限公司	生产企业	consumable
GYS0014562	湖南美浩医疗科技有限公司	生产企业	consumable
GYS0014563	湖南美研再生医学科技有限公司	生产企业	consumable
GYS0014564	湖南羽昇生物科技有限公司	生产企业	consumable
GYS0014565	湖南翊元科技有限公司	生产企业	consumable
GYS0014566	湖南翰微医疗科技有限公司	生产企业	consumable
GYS0014567	湖南耀明医疗科技有限公司	生产企业	consumable
GYS0014568	湖南老掌柜生物医药有限公司	生产企业	consumable
GYS0014569	湖南联科医学科技有限公司	生产企业	consumable
GYS0014570	湖南育芽医疗科技有限公司	生产企业	consumable
GYS0014571	湖南肽尔生物制药有限公司	生产企业	consumable
GYS0014572	湖南腾祈医疗科技有限公司	生产企业	consumable
GYS0014573	湖南臻和亦康医疗用品有限公司	生产企业	consumable
GYS0014574	湖南臻美生物科技有限公司	生产企业	consumable
GYS0014575	湖南良致医疗科技有限公司	生产企业	consumable
GYS0014576	湖南艾瑞医疗科技有限公司	生产企业	consumable
GYS0014577	湖南艾瑞特生物医疗科技有限公司	生产企业	consumable
GYS0014578	湖南艾红医疗科技有限公司	生产企业	consumable
GYS0014579	湖南艾默克医疗器械有限公司	生产企业	consumable
GYS0014580	湖南芙美克科技有限公司	生产企业	consumable
GYS0014581	湖南花山村医疗科技有限公司	生产企业	consumable
GYS0014582	湖南花猫博士医疗科技有限公司	生产企业	consumable
GYS0014583	湖南芽正美科技有限公司	生产企业	consumable
GYS0014584	湖南苗特药业有限公司	生产企业	consumable
GYS0014585	湖南英和康元生物工程有限公司	生产企业	consumable
GYS0014586	湖南英必清健康科技有限公司	生产企业	consumable
GYS0014587	湖南英术生命科技有限公司	生产企业	consumable
GYS0014588	湖南英菁华供应链服务有限公司	生产企业	consumable
GYS0014589	湖南荟德药业有限公司	生产企业	consumable
GYS0014590	湖南莫尼医疗器械有限公司	生产企业	consumable
GYS0014591	湖南莱佳医疗科技有限公司	生产企业	consumable
GYS0014592	湖南莱孚曼医疗科技有限公司	生产企业	consumable
GYS0014593	湖南菁益医疗科技有限公司	生产企业	consumable
GYS0014594	湖南菊香堂生物医药有限公司	生产企业	consumable
GYS0014595	湖南萧邦医疗器械有限公司	生产企业	consumable
GYS0014596	湖南蓓蕊医疗科技有限公司	生产企业	consumable
GYS0014597	湖南蓝鑫新材料有限公司	生产企业	consumable
GYS0014598	湖南蔚莱医疗器械有限公司	生产企业	consumable
GYS0014599	湖南薇恺医疗科技有限公司	生产企业	consumable
GYS0014600	湖南藤王宫药业有限公司	生产企业	consumable
GYS0014601	湖南补天药业股份有限公司	生产企业	drug
GYS0014602	湖南西交智造科技有限公司	生产企业	consumable
GYS0014603	湖南西美泰医疗科技有限公司	生产企业	consumable
GYS0014604	湖南觅爱医疗用品有限公司	生产企业	consumable
GYS0014605	湖南诺纳医药科技有限公司	生产企业/上市许可持有人	drug
GYS0014606	湖南诺维斯生物科技有限公司	生产企业	consumable
GYS0014607	湖南豌豆医疗用品有限公司	生产企业	consumable
GYS0014608	湖南贝恩外科器械有限公司	生产企业	consumable
GYS0014609	湖南贝泰妮生物科技有限公司	生产企业	consumable
GYS0014610	湖南贝海德医疗科技有限公司	生产企业	consumable
GYS0014611	湖南贝烨医疗器械有限公司	生产企业	consumable
GYS0014612	湖南贴众医疗科技有限公司	生产企业	consumable
GYS0014613	湖南贴欣药业有限公司	生产企业	consumable
GYS0014614	湖南赛唯莱特医疗器械有限公司	生产企业	consumable
GYS0014615	湖南赛央医疗科技有限公司	生产企业	consumable
GYS0014616	湖南赛薇医药科技有限公司	生产企业	consumable
GYS0014617	湖南赛隆药业(长沙)有限公司	生产企业/上市许可持有人	drug
GYS0014618	湖南赛隆药业有限公司	生产企业/上市许可持有人	drug
GYS0014619	湖南越冠医疗器械有限公司	生产企业	consumable
GYS0014620	湖南跃凡医疗科技有限公司	生产企业	consumable
GYS0014621	湖南轩麓医疗科技有限公司	生产企业	consumable
GYS0014622	湖南轶疆医疗科技有限公司	生产企业	consumable
GYS0014623	湖南辉迈医疗科技有限公司	生产企业	consumable
GYS0014624	湖南辰润医疗科技有限公司	生产企业	consumable
GYS0014625	湖南达丰医疗科技有限公司	生产企业	consumable
GYS0014626	湖南达优医疗科技有限公司	生产企业	ivd
GYS0014627	湖南迈克尔实验仪器有限公司	生产企业	consumable
GYS0014628	湖南迈格生物医药有限责任公司	生产企业	consumable
GYS0014629	湖南迈科唯医疗科技有限公司	生产企业	consumable
GYS0014630	湖南远想生物科技有限公司	生产企业	consumable
GYS0014631	湖南迪博制药有限公司	生产企业	drug
GYS0014632	湖南迪诺制药股份有限公司	生产企业/上市许可持有人	drug
GYS0014633	湖南通普康业医疗科技有限公司	生产企业	consumable
GYS0014634	湖南速瑞医疗科技有限公司	生产企业	consumable
GYS0014635	湖南逸士医疗器械有限责任公司	生产企业	consumable
GYS0014636	湖南道和生物制药有限公司	生产企业	consumable
GYS0014637	湖南邵阳华仁堂药业发展有限公司	生产企业	drug
GYS0014638	湖南郑械生物科技有限公司	生产企业	consumable
GYS0014639	湖南金健药业有限责任公司	生产企业/上市许可持有人	drug
GYS0014640	湖南金六谷药业有限公司	生产企业	consumable
GYS0014641	湖南金寿制药有限公司	生产企业/上市许可持有人	drug
GYS0014642	湖南金朋医疗器械股份有限公司	生产企业	consumable
GYS0014643	湖南金朋医疗科技有限公司	生产企业	consumable
GYS0014644	湖南金柏威医疗科技有限公司	生产企业	consumable
GYS0014645	湖南金沙药业有限责任公司	生产企业/上市许可持有人	drug
GYS0014646	湖南金海医疗器械有限公司	生产企业	consumable
GYS0014647	湖南金瑞祥药业有限公司	生产企业	consumable
GYS0014648	湖南鑫冠医疗器械有限公司	生产企业	consumable
GYS0014649	湖南鑫瑞晟医疗科技有限公司	生产企业	consumable
GYS0014650	湖南钰康铭曜科技发展有限公司	生产企业	consumable
GYS0014651	湖南铂钜远鸿电子科技有限公司	生产企业	consumable
GYS0014652	湖南铠锶增材制造有限公司	生产企业	consumable
GYS0014653	湖南铭予义齿有限公司	生产企业	consumable
GYS0014654	湖南银华棠医药科技有限公司	生产企业	consumable
GYS0014655	湖南银华生物科技有限公司	生产企业	consumable
GYS0014656	湖南锐尔净环境科技有限公司	生产企业	consumable
GYS0014657	湖南锦泓医疗科技有限公司	生产企业	consumable
GYS0014658	湖南锭远医疗器械有限公司	生产企业	consumable
GYS0014659	湖南长健医疗器械有限公司	生产企业	consumable
GYS0014660	湖南长晟医疗科技有限公司	生产企业	consumable
GYS0014661	湖南阳灏医疗科技有限公司	生产企业	consumable
GYS0014662	湖南雅唯乐健康科技有限公司	生产企业	consumable
GYS0014663	湖南顺为医疗器材有限公司	生产企业	consumable
GYS0014664	湖南馨创科技开发有限公司	生产企业	consumable
GYS0014665	湖南马王堆制药有限公司	生产企业/上市许可持有人	drug
GYS0014666	湖南驭景医疗科技有限公司	生产企业	consumable
GYS0014667	湖南高何医疗科技有限公司	生产企业	consumable
GYS0014668	湖南鸿元医药科技有限公司	生产企业	consumable
GYS0014669	湖南鸿洁医疗器械有限公司	生产企业	consumable
GYS0014670	湖南鸿语健康科技有限公司	生产企业	consumable
GYS0014671	湖南鹏升生物科技有限公司	生产企业	consumable
GYS0014672	湖州三洲电子科学仪器厂	生产企业	consumable
GYS0014673	湖州东亚医药用品有限公司	生产企业	consumable
GYS0014674	湖州仁耀医疗用品开发有限公司	生产企业	consumable
GYS0014675	湖州精诚医疗器械有限公司	生产企业	consumable
GYS0014676	湖州美奇医疗器械有限公司	生产企业	consumable
GYS0014677	湖州美科沃华医疗技术有限公司	生产企业	consumable
GYS0014678	湖州露湖鄱生物科技有限公司	生产企业	consumable
GYS0014679	湘北威尔曼制药股份有限公司	生产企业/上市许可持有人	drug
GYS0014680	湘潭之羽医疗科技有限公司	生产企业	consumable
GYS0014681	湘潭凯思医疗器械有限公司	生产企业	consumable
GYS0014682	湘潭子午医疗科技有限公司	生产企业	consumable
GYS0014683	湘潭市杰昭假肢矫形有限责任公司	生产企业	consumable
GYS0014684	湘潭市科瑞其科技发展有限公司	生产企业	consumable
GYS0014685	湘潭德瑞克医疗科技有限公司	生产企业	consumable
GYS0014686	湘潭新医械人咨询管理有限公司	生产企业	consumable
GYS0014687	湘潭格莱威医疗科技有限公司	生产企业	consumable
GYS0014688	湘潭盈瑞医药科技有限公司	生产企业	consumable
GYS0014689	湘潭福及生物科技有限公司	生产企业	consumable
GYS0014690	湘西宏成制药有限责任公司	生产企业/上市许可持有人	drug
GYS0014691	湘西惠康医疗器械有限公司	生产企业	consumable
GYS0014692	湘西自然生物科技有限公司	生产企业	consumable
GYS0014693	湛江元泰生物科技有限公司	生产企业	consumable
GYS0014694	湛江富乔义齿有限公司	生产企业	consumable
GYS0014695	湛江寸草制药有限公司	生产企业	drug
GYS0014696	湛江市义海义齿有限公司	生产企业	consumable
GYS0014697	湛江市事达实业有限公司	生产企业	consumable
GYS0014698	湛江市国久义齿有限公司	生产企业	consumable
GYS0014699	湛江市汇通药业有限公司	生产企业	consumable
GYS0014700	湛江市美冠义齿有限公司	生产企业	consumable
GYS0014701	湛江市通灵医学生物工程有限公司	生产企业	consumable
GYS0014702	湛江市麻章区诚美义齿有限公司	生产企业	consumable
GYS0014703	湾资医疗设备（上海）有限公司	生产企业	consumable
GYS0014704	溃克药业（哈尔滨）有限公司	生产企业	consumable
GYS0014705	源一（杭州）生物医药发展有限公司	生产企业	consumable
GYS0014706	源合盛(吉林)药业有限公司	生产企业/上市许可持有人	drug
GYS0014707	溧阳市麦杰克有限公司	生产企业	consumable
GYS0014708	滁州市琅琊戴德乐齿研中心	生产企业	consumable
GYS0014709	滁州爸爸的选择科技有限公司	生产企业	consumable
GYS0014710	滇虹药业集团股份有限公司	生产企业/上市许可持有人	drug
GYS0014711	滑县予卫齿科材料厂	生产企业	consumable
GYS0014712	滑县鑫百立医疗器械有限公司	生产企业	consumable
GYS0014713	滨州天美医疗器械有限公司	生产企业	consumable
GYS0014714	滨州晴朗医疗器械有限公司	生产企业	consumable
GYS0014715	漯河万应生物科技有限公司	生产企业	consumable
GYS0014716	漯河南街村全威制药股份有限公司	生产企业/上市许可持有人	drug
GYS0014717	漯河市汇冠工贸有限公司	生产企业	consumable
GYS0014718	漯河市汇冠工贸有限公司驻马店分公司	生产企业	consumable
GYS0014719	漯河春晓医疗器械有限公司	生产企业	consumable
GYS0014720	漯河汇盛药业有限公司	生产企业	drug
GYS0014721	漳州华大药业有限公司	生产企业	consumable
GYS0014722	漳州市佳冠医疗用品有限公司	生产企业	consumable
GYS0014723	漳州市安泰康复器材有限公司	生产企业	consumable
GYS0014724	漳州市生物化学制药厂有限公司	生产企业/上市许可持有人	drug
GYS0014725	漳州市粤港义齿有限公司	生产企业	consumable
GYS0014726	漳州无极药业有限公司	生产企业/上市许可持有人	drug
GYS0014727	漳州水仙药业股份有限公司	生产企业/上市许可持有人	drug
GYS0014728	漳州海星医疗器械有限公司	生产企业	consumable
GYS0014729	漳州片仔癀药业股份有限公司	生产企业/上市许可持有人	drug
GYS0014730	漳州瑞康宁医疗器械有限公司	生产企业	consumable
GYS0014731	漳州盛康康复辅具服务有限公司	生产企业	consumable
GYS0014732	漳浦县健德医疗器械有限公司	生产企业	consumable
GYS0014733	潍坊中狮制药有限公司	生产企业/上市许可持有人	drug
GYS0014734	潍坊励精医疗器械股份有限公司	生产企业	consumable
GYS0014735	潍坊嘉德隆义齿有限公司	生产企业	consumable
GYS0014736	潍坊市佳冠义齿有限责任公司	生产企业	consumable
GYS0014737	潍坊市信达康义齿制品厂	生产企业	consumable
GYS0014738	潍坊市华星医疗器械有限公司	生产企业	consumable
GYS0014739	潍坊市富海医疗器械有限公司	生产企业	consumable
GYS0014740	潍坊市普利医疗器械有限公司	生产企业	consumable
GYS0014741	潍坊恒彩数码影像材料有限公司	生产企业	consumable
GYS0014742	潍坊晟隆医疗科技有限公司	生产企业	consumable
GYS0014743	潍坊普惠生医疗科技有限公司	生产企业	consumable
GYS0014744	潍坊浩普制药有限公司	生产企业	consumable
GYS0014745	潍坊海拓医疗器械有限公司	生产企业	consumable
GYS0014746	潍坊现代医疗器械科技有限公司	生产企业	consumable
GYS0014747	潍坊裕泰医用品有限公司	生产企业	consumable
GYS0014748	潍坊豪泰医疗科技有限公司	生产企业	consumable
GYS0014749	潍坊贝齿康医疗科技有限公司	生产企业	consumable
GYS0014750	潍坊阳徽生活用品有限公司	生产企业	consumable
GYS0014751	潍坊龙洋义齿有限公司	生产企业	consumable
GYS0014752	潜山县天虹卫生材料有限公司	生产企业	consumable
GYS0014753	潜江市皮肤病防治院	制剂配制单位	preparation
GYS0014754	潜江市靓康义齿加工厂	生产企业	consumable
GYS0014755	潮州凯普生物化学有限公司	生产企业	consumable
GYS0014756	潮州市亿生健医药保健品有限公司	生产企业	consumable
GYS0014757	澳威斯生物科技（泰安）有限公司	生产企业	consumable
GYS0014758	澳沙医药科技河北有限公司	生产企业	consumable
GYS0014759	澳渺医药科技河北有限公司	生产企业	consumable
GYS0014760	澳科利耳医疗器械（北京）有限公司	生产企业	consumable
GYS0014761	澳科利耳医疗器械（成都）有限公司	生产企业	consumable
GYS0014762	澳美制药(中药)有限公司	生产企业/上市许可持有人	drug
GYS0014763	澳美制药(海南)有限公司	生产企业/上市许可持有人	drug
GYS0014764	澳美制药厂	生产企业/上市许可持有人	drug
GYS0014765	澳美制药厂有限公司	生产企业/上市许可持有人	drug
GYS0014766	澳诺(中国)制药有限公司	生产企业/上市许可持有人	drug
GYS0014767	澳邦药厂有限公司	生产企业/上市许可持有人	drug
GYS0014768	濡新（北京）科技发展有限公司	生产企业	consumable
GYS0014769	濮阳市亮美齿业有限公司	生产企业	consumable
GYS0014770	濮阳市汇元药业有限公司	生产企业/上市许可持有人	drug
GYS0014771	濮阳市现代陶瓷有限公司	生产企业	consumable
GYS0014772	濮阳市诚信医疗器械有限公司	生产企业	consumable
GYS0014773	濮阳捷康药业有限公司	生产企业	consumable
GYS0014774	濮阳林氏医疗制品有限公司	生产企业	consumable
GYS0014775	濮阳苗王药业有限公司	生产企业	consumable
GYS0014776	瀚东启辰（武汉）科技有限公司	生产企业	consumable
GYS0014777	瀚合（山东）医疗器械有限公司	生产企业	consumable
GYS0014778	瀚晖制药有限公司	生产企业/上市许可持有人	drug
GYS0014779	瀚湄信息科技（上海）有限公司	生产企业	consumable
GYS0014780	灏曦（天津）生物技术有限公司	生产企业	consumable
GYS0014781	灵力（云南）医疗科技有限公司	生产企业	consumable
GYS0014782	灵宝市豫西药业有限责任公司	生产企业/上市许可持有人	drug
GYS0014783	灵康药业集团股份有限公司	生产企业/上市许可持有人	drug
GYS0014784	灵源药业有限公司	生产企业/上市许可持有人	drug
GYS0014785	灸大夫（湖南）医疗器械有限公司	生产企业	consumable
GYS0014786	烟台万利医用品有限公司	生产企业	consumable
GYS0014787	烟台万润药业有限公司	生产企业/上市许可持有人	drug
GYS0014788	烟台东汇辰医疗科技有限公司	生产企业	consumable
GYS0014789	烟台东诚北方制药有限公司	生产企业/上市许可持有人	drug
GYS0014790	烟台东诚大洋制药有限公司	生产企业/上市许可持有人	drug
GYS0014791	烟台中亚医药保健酒有限公司	生产企业	drug
GYS0014792	烟台中亚至宝药业有限公司	生产企业/上市许可持有人	drug
GYS0014793	烟台中洲制药有限公司	生产企业/上市许可持有人	drug
GYS0014794	烟台元生药业有限公司	生产企业	drug
GYS0014795	烟台华瑞制药有限公司	生产企业/上市许可持有人	drug
GYS0014796	烟台南桐医疗器械有限公司	生产企业	consumable
GYS0014797	烟台博奥医疗器械有限公司	生产企业	consumable
GYS0014798	烟台向其生物科技有限公司	生产企业	consumable
GYS0014799	烟台启程生物科技有限公司	生产企业	consumable
GYS0014800	烟台奇创医疗科技有限公司	生产企业	consumable
GYS0014801	烟台宝威电子有限公司	生产企业	consumable
GYS0014802	烟台宝肤灵生物科技有限公司	生产企业	consumable
GYS0014803	烟台巨先药业有限公司	生产企业/上市许可持有人	drug
GYS0014804	烟台市焕妍医疗科技有限公司	生产企业	consumable
GYS0014805	烟台市飞马医疗科技有限公司	生产企业	consumable
GYS0014806	烟台德迈生物科技有限公司	生产企业	consumable
GYS0014807	烟台新广医疗科技有限公司	生产企业	consumable
GYS0014808	烟台方迪医疗科技有限公司	生产企业	consumable
GYS0014809	烟台晨曙电子科技有限公司	生产企业	consumable
GYS0014810	烟台普利斯顿医疗器械有限公司	生产企业	consumable
GYS0014811	烟台杰西医疗器械有限公司	生产企业	consumable
GYS0014812	烟台正方制药有限公司	生产企业/上市许可持有人	drug
GYS0014813	烟台正海生物科技股份有限公司	生产企业	consumable
GYS0014814	烟台永明医疗科技有限公司	生产企业	consumable
GYS0014815	烟台汇通佳仁医疗科技有限公司	生产企业	consumable
GYS0014816	烟台海城医疗器械有限公司	生产企业	consumable
GYS0014817	烟台海岸带生物医药科技有限公司	生产企业	consumable
GYS0014818	烟台海诚医疗科技有限公司	生产企业	consumable
GYS0014819	烟台渤海制药集团有限公司	生产企业	drug
GYS0014820	烟台爱心医疗器械有限公司	生产企业	consumable
GYS0014821	烟台爱心药业有限公司	生产企业/上市许可持有人	drug
GYS0014822	烟台益生药业有限公司	生产企业/上市许可持有人	drug
GYS0014823	烟台索娜盟托医疗器械有限公司	生产企业	consumable
GYS0014824	烟台美熙卫生用品有限公司	生产企业	consumable
GYS0014825	烟台荣昌制药股份有限公司	生产企业/上市许可持有人	drug
GYS0014826	烟台计生药械有限公司	生产企业	consumable
GYS0014827	烟台赛瑞生物科技有限公司	生产企业	consumable
GYS0014828	烟台赛达医疗科技有限公司	生产企业	consumable
GYS0014829	烟台金天医疗用品有限公司	生产企业	consumable
GYS0014830	烟台顺圣医疗科技有限公司	生产企业	consumable
GYS0014831	烟台鲁银药业有限公司	生产企业/上市许可持有人	drug,consumable
GYS0014832	烟台黄伟义齿有限公司	生产企业	consumable
GYS0014833	热景（廊坊）生物技术有限公司	生产企业	consumable
GYS0014834	焦作市亿中弘工贸有限公司	生产企业	consumable
GYS0014835	焦作市佳润精密机械有限公司	生产企业	consumable
GYS0014836	焦作市御康卫生材料厂	生产企业	consumable
GYS0014837	焦作市惠亚纺织有限公司	生产企业	consumable
GYS0014838	焦作市新港医疗设备有限公司	生产企业	consumable
GYS0014839	焦作市明仁天然药物有限责任公司	生产企业	drug
GYS0014840	焦作市民康药业有限公司	生产企业/上市许可持有人	drug
GYS0014841	焦作市瑞康卫生材料有限公司	生产企业	consumable
GYS0014842	焦作康业医用材料有限公司	生产企业	consumable
GYS0014843	焦作福瑞堂制药有限公司	生产企业/上市许可持有人	drug
GYS0014844	焦作联盟医用材料股份有限公司	生产企业/上市许可持有人	drug,consumable
GYS0014845	煜厚（上海）医疗科技有限公司	生产企业	consumable
GYS0014846	煜嘉企业管理咨询（上海）有限公司	生产企业	consumable
GYS0014847	熙康（广西）医疗科技有限公司	生产企业	consumable
GYS0014848	熠隆医疗设备(上海）有限公司	生产企业	consumable
GYS0014849	爱义达（厦门）医护科技有限公司	生产企业	consumable
GYS0014850	爱乐康医疗器械（上海）有限公司	生产企业	consumable
GYS0014851	爱乐慕（固安）医疗器械有限公司	生产企业	consumable
GYS0014852	爱乔（上海）医疗科技有限公司	生产企业	consumable
GYS0014853	爱伯力医疗科技(无锡)有限公司	生产企业	consumable
GYS0014854	爱光生物医药（南昌）有限公司	生产企业	consumable
GYS0014855	爱克发医疗系统设备（上海）有限公司	生产企业	consumable
GYS0014856	爱克发（无锡）影像有限公司	生产企业	consumable
GYS0014857	爱凯眸科（上海）医疗器械有限公司	生产企业	consumable
GYS0014858	爱博诺德（北京）医疗科技股份有限公司	生产企业	consumable
GYS0014859	爱博诺德（苏州）医疗器械有限公司	生产企业	consumable
GYS0014860	爱史科电子贸易（上海）有限公司	生产企业	consumable
GYS0014861	爱奥乐医疗器械（深圳）有限公司	生产企业	ivd
GYS0014862	爱尔博（上海）医疗器械有限公司	生产企业	consumable
GYS0014863	爱尔康（中国）眼科产品有限公司	生产企业	consumable
GYS0014864	爱尔真（北京）医疗设备有限公司	生产企业	consumable
GYS0014865	爱尔集健生科技（北京）有限公司	生产企业	consumable
GYS0014866	爱德华（上海）医疗用品有限公司	生产企业	consumable
GYS0014867	爱德药业(北京)有限公司	生产企业/上市许可持有人	drug
GYS0014868	爱斯克（上海）医疗器械科技有限公司	生产企业	consumable
GYS0014869	爱普科学仪器（江苏）有限公司	生产企业	consumable
GYS0014870	爱朋医疗科技（湖南）有限公司	生产企业	consumable
GYS0014871	爱森斯（江苏）生物科技有限公司	生产企业	consumable,ivd
GYS0014872	爱民药业集团股份有限公司	生产企业/上市许可持有人	drug
GYS0014873	爱湃斯（上海）商贸有限公司	生产企业	consumable
GYS0014874	爱琅（上海）医疗器械有限公司	生产企业	consumable
GYS0014875	爱琅（威海）医疗器械有限公司	生产企业	consumable
GYS0014876	爱睿思（厦门）科技有限公司	生产企业	consumable
GYS0014877	爱科凯能科技（北京）股份有限公司	生产企业	consumable
GYS0014878	爱科来国际贸易（上海）有限公司	生产企业	ivd
GYS0014879	爱科（天津）生物技术有限公司	生产企业	consumable
GYS0014880	爱美励合成都医疗器械有限公司	生产企业	consumable
GYS0014881	爱美客技术发展股份有限公司	生产企业	consumable
GYS0014882	爱而康医疗（浙江）有限公司	生产企业	consumable
GYS0014883	爱诺生医疗器械（上海）有限公司	生产企业	consumable
GYS0014884	爱贝医疗科技（深圳）有限责任公司	生产企业	consumable
GYS0014885	爱迪特（秦皇岛）科技股份有限公司	生产企业	consumable
GYS0014886	爱齐（上海）商贸有限公司	生产企业	consumable
GYS0014887	爱齐（四川）医疗设备有限公司	生产企业	consumable
GYS0014888	牙乐（包头）医学技术有限公司	生产企业	consumable
GYS0014889	牙乐（北京）齿科技术有限公司	生产企业	consumable
GYS0014890	牙克石市森健药业有限公司	生产企业	drug
GYS0014891	牙得安（南宁）生物科技有限公司	生产企业	consumable
GYS0014892	牡丹江佳欣义齿有限公司	生产企业	consumable
GYS0014893	牡丹江友搏药业有限责任公司	生产企业	drug
GYS0014894	牡丹江合生义齿有限公司	生产企业	consumable
GYS0014895	牡丹江市公元义齿制作中心	生产企业	consumable
GYS0014896	牡丹江市宏达义齿制作有限公司	生产企业	consumable
GYS0014897	牡丹江市燊达义齿技术有限公司	生产企业	consumable
GYS0014898	牡丹江杰冠义齿制作有限公司	生产企业	consumable
GYS0014899	牡丹江樱絮义齿制作有限公司	生产企业	consumable
GYS0014900	牡丹江海利齿业有限公司	生产企业	consumable
GYS0014901	牡丹江灵泰药业股份有限公司	生产企业/上市许可持有人	drug
GYS0014902	特一药业集团股份有限公司	生产企业/上市许可持有人	drug
GYS0014903	特丰制药有限公司	生产企业/上市许可持有人	drug
GYS0014904	玉林市精工工贸有限公司	生产企业	consumable
GYS0014905	玉溪九洲生物技术有限责任公司	生产企业/上市许可持有人	drug
GYS0014906	玉溪嘉和生物技术有限公司	生产企业/上市许可持有人	drug
GYS0014907	玉溪市惟佳口腔义齿制作中心	生产企业	consumable
GYS0014908	玉溪沃森生物技术有限公司	生产企业/上市许可持有人	drug
GYS0014909	玉溪泽润生物技术有限公司	生产企业/上市许可持有人	drug
GYS0014910	玉环远华医疗器械有限公司	生产企业	consumable
GYS0014911	玉药大健康（玉林）生命科学技术有限公司	生产企业	consumable
GYS0014912	玖合医疗科技常州有限公司	生产企业	consumable
GYS0014913	玛斯瑞（湖州）生物科技有限公司	生产企业	consumable
GYS0014914	玮铭医疗器械（上海）有限公司	生产企业	consumable
GYS0014915	环心医疗科技（苏州）有限公司	生产企业	consumable
GYS0014916	珈溪（北京）生物科技有限公司	生产企业	consumable
GYS0014917	珐博进(中国)医药技术开发有限公司	生产企业/上市许可持有人	drug
GYS0014918	珠海丽珠试剂股份有限公司	生产企业/上市许可持有人	drug,consumable
GYS0014919	珠海丽笙医疗科技有限公司	生产企业	consumable
GYS0014920	珠海云尚医疗科技有限公司	生产企业	consumable
GYS0014921	珠海云旎牙科医疗器材有限公司	生产企业	consumable
GYS0014922	珠海亚特兰生命工程科技有限公司	生产企业	consumable
GYS0014923	珠海亿胜生物制药有限公司	生产企业/上市许可持有人	drug
GYS0014924	珠海亿邦制药有限责任公司	生产企业/上市许可持有人	drug
GYS0014925	珠海优润医药科技有限公司	生产企业/上市许可持有人	drug
GYS0014926	珠海佰真医疗科技有限公司	生产企业	consumable
GYS0014927	珠海保税区大生生物科技有限公司	生产企业	consumable
GYS0014928	珠海健帆血液净化科技有限公司	生产企业	consumable
GYS0014929	珠海健强医疗器材有限公司	生产企业	consumable
GYS0014930	珠海元航生物科技有限公司	生产企业	consumable
GYS0014931	珠海光艺义齿有限公司	生产企业	consumable
GYS0014932	珠海全德科技有限公司	生产企业	consumable
GYS0014933	珠海凌特医学仪器有限公司	生产企业	consumable
GYS0014934	珠海凯迪莱医疗科技有限公司	生产企业	consumable
GYS0014935	珠海博导医疗器械有限公司	生产企业	consumable
GYS0014936	珠海博康药业有限公司	生产企业/上市许可持有人	drug
GYS0014937	珠海同源药业有限公司	生产企业/上市许可持有人	drug
GYS0014938	珠海同益制药有限公司	生产企业/上市许可持有人	drug
GYS0014939	珠海名匠数字口腔医疗科技有限公司	生产企业	consumable
GYS0014940	珠海和佳医疗设备股份有限公司	生产企业	consumable
GYS0014941	珠海和凡医药股份有限公司	生产企业/上市许可持有人	drug
GYS0014942	珠海嘉润医用影像科技有限公司	生产企业	consumable
GYS0014943	珠海固美义齿科技有限公司	生产企业	consumable
GYS0014944	珠海国佳新材股份有限公司	生产企业	consumable
GYS0014945	珠海大富水医疗科技有限公司	生产企业	consumable
GYS0014946	珠海天达生物科技有限公司	生产企业	consumable
GYS0014947	珠海威瑞医疗科技有限公司	生产企业	consumable
GYS0014948	珠海安生凤凰制药有限公司	生产企业/上市许可持有人	drug
GYS0014949	珠海安肽生物医药技术开发有限公司	生产企业	consumable
GYS0014950	珠海市三通陶齿有限公司	生产企业	consumable
GYS0014951	珠海市丽拓生物科技股份有限公司	生产企业	consumable
GYS0014952	珠海市丽珠单抗生物技术有限公司	生产企业/上市许可持有人	drug
GYS0014953	珠海市创美健医疗器械有限公司	生产企业	consumable
GYS0014954	珠海市医友生物科技有限公司	生产企业	consumable
GYS0014955	珠海市华穆医疗器械科技有限公司	生产企业	consumable
GYS0014956	珠海市司迈科技有限公司	生产企业	consumable
GYS0014957	珠海市尼诺生物科技有限公司	生产企业	consumable
GYS0014958	珠海市康利莱医疗器械有限公司	生产企业	consumable
GYS0014959	珠海市康利莱科技有限公司	生产企业	consumable
GYS0014960	珠海市康迈医疗器械有限公司	生产企业	consumable
GYS0014961	珠海市新依科蓝氧科技股份有限公司	生产企业	consumable
GYS0014962	珠海市旭丰医疗科技有限公司	生产企业	consumable
GYS0014963	珠海市昊日医疗器械有限公司	生产企业	consumable
GYS0014964	珠海市汇通达医药有限公司	生产企业/上市许可持有人	drug
GYS0014965	珠海市祥乐医疗器械有限公司	生产企业	consumable
GYS0014966	珠海市索利达医疗器械有限公司	生产企业	consumable
GYS0014967	珠海市美浩科技有限公司	生产企业	consumable
GYS0014968	珠海市联博医药有限公司	生产企业	consumable
GYS0014969	珠海市赛茵义齿技术有限公司	生产企业	consumable
GYS0014970	珠海市银科医学工程股份有限公司	生产企业	consumable
GYS0014971	珠海市雅莎医疗器械有限公司	生产企业	consumable
GYS0014972	珠海庆鸿药业有限公司	生产企业	consumable
GYS0014973	珠海康嘉医疗器械有限公司	生产企业	consumable
GYS0014974	珠海德冠义齿有限公司	生产企业	consumable
GYS0014975	珠海德瑞医疗器械有限公司	生产企业	consumable
GYS0014976	珠海思远义齿科技有限公司	生产企业	consumable
GYS0014977	珠海拓爱医疗科技有限公司	生产企业	consumable
GYS0014978	珠海明象医用科技有限公司	生产企业	consumable
GYS0014979	珠海星光制药有限公司	生产企业/上市许可持有人	drug
GYS0014980	珠海普生医疗科技股份有限公司	生产企业	consumable
GYS0014981	珠海朗泰生物科技有限公司	生产企业	consumable
GYS0014982	珠海本道医疗科技有限公司	生产企业	consumable
GYS0014983	珠海格健医疗科技有限公司	生产企业	consumable
GYS0014984	珠海橡果电子科技有限公司	生产企业	consumable
GYS0014985	珠海沃姆电子有限公司	生产企业	consumable
GYS0014986	珠海浦力生医疗科技有限公司	生产企业	consumable
GYS0014987	珠海润都制药股份有限公司	生产企业/上市许可持有人	drug
GYS0014988	珠海爱微医疗设备有限公司	生产企业	consumable
GYS0014989	珠海爱晟医疗科技有限公司	生产企业	consumable
GYS0014990	珠海璞承医疗技术有限公司	生产企业	consumable
GYS0014991	珠海祥瑞医疗科技有限公司	生产企业	consumable
GYS0014992	珠海福尼亚医疗设备有限公司	生产企业	consumable
GYS0014993	珠海科域生物工程股份有限公司	生产企业	consumable
GYS0014994	珠海稻田医疗科技有限公司	生产企业	consumable
GYS0014995	珠海米迪泰克生物制药有限公司	生产企业/上市许可持有人	drug
GYS0014996	珠海维尔康生物科技有限公司	生产企业	consumable
GYS0014997	珠海美华医疗科技有限公司	生产企业	consumable
GYS0014998	珠海美尔晶齿研发展有限公司	生产企业	consumable
GYS0014999	珠海美茵护理用品有限公司	生产企业	consumable
GYS0015000	珠海联邦制药股份有限公司	生产企业/上市许可持有人	drug
GYS0015001	珠海联邦制药股份有限公司中山分公司	生产企业/上市许可持有人	drug
GYS0015002	珠海英联医药有限公司	生产企业/上市许可持有人	drug
GYS0015003	珠海荟康达义齿科技有限公司	生产企业	consumable
GYS0015004	珠海莱奇生物科技有限公司	生产企业/上市许可持有人	drug
GYS0015005	珠海菲特兰医疗科技有限公司	生产企业	consumable
GYS0015006	珠海视新内镜有限公司	生产企业	consumable
GYS0015007	珠海贝索生物技术有限公司	生产企业	consumable
GYS0015008	珠海赛乐奇生物技术股份有限公司	生产企业	consumable
GYS0015009	珠海迈德豪医用科技有限公司	生产企业	consumable
GYS0015010	珠海迪尔生物工程股份有限公司	生产企业	consumable
GYS0015011	珠海金导医疗科技有限公司	生产企业	consumable
GYS0015012	珠海鑫辉义齿有限公司	生产企业	consumable
GYS0015013	珠海黑马生物科技有限公司	生产企业	consumable
GYS0015014	理诺珐（中国）医疗科技有限公司	生产企业	consumable
GYS0015015	琮森生物医药科技（上海）有限公司	生产企业	consumable
GYS0015016	瑞丰口腔科技（深圳）有限公司	生产企业	consumable
GYS0015017	瑞丽市畹町民鑫制药有限公司	生产企业/上市许可持有人	drug
GYS0015018	瑞丽彩云南集团药业有限公司	生产企业/上市许可持有人	drug
GYS0015019	瑞利芙（北京）医疗器械有限公司	生产企业	consumable
GYS0015020	瑞博奥（广州）生物科技股份有限公司	生产企业	consumable
GYS0015021	瑞声达听力技术（中国）有限公司	生产企业	consumable
GYS0015022	瑞奇医疗科技（嘉兴）有限公司	生产企业	consumable
GYS0015023	瑞安市增博电子有限公司	生产企业	consumable
GYS0015024	瑞安森（天津）医疗器械有限公司	生产企业	consumable
GYS0015025	瑞尔通（苏州）医疗科技有限公司	生产企业	consumable
GYS0015026	瑞思泰克（廊坊临空自贸区）智能科技有限公司	生产企业	consumable
GYS0015027	瑞思迈（北京）贸易有限公司	生产企业	consumable
GYS0015028	瑞恒睿信（山东）医疗器械贸易有限公司	生产企业	consumable
GYS0015029	瑞惜康（苏州）医疗科技有限公司	生产企业	consumable
GYS0015030	瑞擎医疗器械（望都）有限公司	生产企业	consumable
GYS0015031	瑞柏生物（中国）股份有限公司	生产企业	consumable
GYS0015032	瑞梵仕（威海）医疗器械有限公司	生产企业	consumable
GYS0015033	瑞琨（厦门）医疗科技有限公司	生产企业	consumable
GYS0015034	瑞福祥药业(广西)有限公司	生产企业/上市许可持有人	drug
GYS0015035	瑞纳康得医疗科技(天津)有限责任公司	生产企业	consumable
GYS0015036	瑞绅（唐山）齿科技术有限公司	生产企业	consumable
GYS0015037	瑞翁（广州）医疗器械有限公司	生产企业	consumable
GYS0015038	瑞肽（杭州）医疗科技有限公司	生产企业	consumable
GYS0015039	瑞莱思（北京）医疗器械有限公司	生产企业	consumable
GYS0015040	瑞贝通医疗（深圳）有限公司	生产企业	consumable
GYS0015041	瑞达科森（山东）医学科技有限公司	生产企业	consumable
GYS0015042	瑞迈康（山东）医疗器械有限责任公司	生产企业	consumable
GYS0015043	瑞阳制药有限公司	生产企业/上市许可持有人	drug
GYS0015044	瑞阳制药股份有限公司	生产企业/上市许可持有人	drug
GYS0015045	瑞鹏医疗器械成都有限公司	生产企业	consumable
GYS0015046	璈家医药商贸（上海）有限公司	生产企业	consumable
GYS0015047	瓦里安医疗器械贸易（北京）有限公司	生产企业	consumable
GYS0015048	甘南佛阁藏药有限公司	生产企业/上市许可持有人	drug
GYS0015049	甘南州合作市卡加曼藏药开发有限公司	生产企业	drug
GYS0015050	甘南藏药制药有限公司	生产企业/上市许可持有人	drug
GYS0015051	甘李药业山东有限公司	生产企业/上市许可持有人	drug,consumable
GYS0015052	甘李药业股份有限公司	生产企业/上市许可持有人	drug
GYS0015053	甘甘医疗科技江苏有限公司	生产企业	consumable
GYS0015054	甘美(广东)药业有限公司	生产企业/上市许可持有人	drug
GYS0015055	甘肃三鼎药业有限公司	生产企业	consumable
GYS0015056	甘肃东兴义齿有限公司	生产企业	consumable
GYS0015057	甘肃东药明祖堂医疗器械有限公司	生产企业	consumable
GYS0015058	甘肃中万医疗器械有限公司	生产企业	consumable
GYS0015059	甘肃之骄制药有限公司	生产企业/上市许可持有人	drug
GYS0015060	甘肃亚兰药业有限公司	生产企业/上市许可持有人	drug
GYS0015061	甘肃众友药业制药有限公司	生产企业/上市许可持有人	drug
GYS0015062	甘肃佛仁制药科技有限公司	生产企业/上市许可持有人	drug,consumable
GYS0015063	甘肃佛阁藏药有限公司	生产企业/上市许可持有人	drug
GYS0015064	甘肃兰药药业有限公司	生产企业/上市许可持有人	drug
GYS0015065	甘肃创品医疗器械有限公司	生产企业	consumable
GYS0015066	甘肃利汇医药有限公司	生产企业	consumable
GYS0015067	甘肃医购通医用材料有限公司	生产企业	consumable
GYS0015068	甘肃善若水商贸有限公司	生产企业	consumable
GYS0015069	甘肃圣弘堂医药科技有限公司	生产企业	consumable
GYS0015070	甘肃天水岐黄药业有限责任公司	生产企业/上市许可持有人	drug
GYS0015071	甘肃奇正藏药有限公司	生产企业/上市许可持有人	drug
GYS0015072	甘肃宏晟睿康医疗科技有限公司	生产企业	consumable
GYS0015073	甘肃岷海制药有限责任公司	生产企业	drug
GYS0015074	甘肃怀恩堂药业有限公司	生产企业	consumable
GYS0015075	甘肃恒能医疗科技有限公司	生产企业	consumable
GYS0015076	甘肃惟精堂药业有限公司	生产企业	drug
GYS0015077	甘肃成纪生物药业有限公司	生产企业/上市许可持有人	drug,consumable
GYS0015078	甘肃扶正药业科技股份有限公司	生产企业/上市许可持有人	drug
GYS0015079	甘肃新岷海制药有限公司	生产企业/上市许可持有人	drug
GYS0015080	甘肃方哲尔医疗科技有限公司	生产企业	consumable
GYS0015081	甘肃普安制药股份有限公司	生产企业/上市许可持有人	drug
GYS0015082	甘肃普尔康药业有限公司	生产企业/上市许可持有人	drug
GYS0015083	甘肃汉章之道医疗器械有限公司	生产企业	consumable
GYS0015084	甘肃河西制药有限责任公司	生产企业/上市许可持有人	drug
GYS0015085	甘肃泰康制药有限责任公司	生产企业/上市许可持有人	drug
GYS0015086	甘肃益尔药业股份有限公司	生产企业/上市许可持有人	drug
GYS0015087	甘肃省擎宇药业有限公司	生产企业	consumable
GYS0015088	甘肃省西峰制药有限责任公司	生产企业/上市许可持有人	drug
GYS0015089	甘肃省金羚集团药业有限公司	生产企业/上市许可持有人	drug
GYS0015090	甘肃祁连山药业股份有限公司	生产企业/上市许可持有人	drug
GYS0015091	甘肃莫高实业发展股份有限公司制药厂	生产企业/上市许可持有人	drug
GYS0015092	甘肃鑫大正医疗器械有限公司	生产企业	consumable
GYS0015093	甘肃陇神戎发药业股份有限公司	生产企业/上市许可持有人	drug
GYS0015094	生原微创医疗器械（南京）有限公司	生产企业	consumable
GYS0015095	生原睿创医疗器械科技（广州）有限公司	生产企业	consumable
GYS0015096	生益堂药业(内蒙古)有限公司	生产企业/上市许可持有人	drug
GYS0015097	生辅（上海）生物科技有限公司	生产企业	consumable
GYS0015098	生达化学制药股份有限公司	生产企业/上市许可持有人	drug
GYS0015099	甫康(上海)健康科技有限责任公司	生产企业/上市许可持有人	drug
GYS0015100	界首市龙鑫生物科技有限公司	生产企业	consumable
GYS0015101	登士柏牙科（天津）有限公司	生产企业	consumable
GYS0015102	登士柏西诺德牙科产品（上海）有限公司	生产企业	consumable
GYS0015103	登士柏（天津）国际贸易有限公司	生产企业	consumable
GYS0015104	登特司（上海）医疗器械有限公司	生产企业	consumable
GYS0015105	登特斯（天津）卫生材料有限公司	生产企业	consumable
GYS0015106	登腾（上海）医疗器械有限公司	生产企业	consumable
GYS0015107	登腾（北京）医疗器械商贸有限公司	生产企业	consumable
GYS0015108	白云山东泰商丘药业有限公司	生产企业/上市许可持有人	drug
GYS0015109	白云山和记黄埔莱达制药(汕头)有限公司	生产企业/上市许可持有人	drug
GYS0015110	白云山和记黄埔莱达制药(汕头)有限公司,广州小奇灵制药有限公司	生产企业	drug
GYS0015111	白云山汤阴东泰药业有限责任公司	生产企业	drug
GYS0015112	白城市亿正药业有限公司	生产企业	drug
GYS0015113	白求恩医学研究院(河南)有限公司仙桃分公司	生产企业	consumable
GYS0015114	白求恩医科大学制药厂	生产企业	drug
GYS0015115	白金制药（西安）有限公司	生产企业	consumable
GYS0015116	白银振亚卫生材料有限公司	生产企业/上市许可持有人	drug
GYS0015117	百世可（苏州）医疗科技有限公司	生产企业	consumable
GYS0015118	百乐盛（厦门）进出口有限公司	生产企业	consumable
GYS0015119	百合医疗科技（武汉）有限公司	生产企业	consumable
GYS0015120	百善科技(湖州)有限公司	生产企业/上市许可持有人	drug
GYS0015121	百多力（北京）医疗器械有限公司	生产企业	consumable
GYS0015122	百奥泰生物制药股份有限公司	生产企业/上市许可持有人	drug
GYS0015123	百安健康复医疗（深圳）有限公司	生产企业	consumable
GYS0015124	百岳特美肤生物技术（上海）有限公司	生产企业	consumable
GYS0015125	百年合纵药业（贵州）有限公司	生产企业	consumable
GYS0015126	百年旭康医疗器械有限公司	生产企业	consumable
GYS0015127	百康丹拓（北京）科技有限公司	生产企业	consumable
GYS0015128	百康芯（天津）生物科技有限公司	生产企业	consumable
GYS0015129	百正药业股份有限公司	生产企业/上市许可持有人	drug
GYS0015130	百泰生物药业有限公司	生产企业/上市许可持有人	drug
GYS0015131	百济神州(苏州)生物科技有限公司	生产企业/上市许可持有人	drug
GYS0015132	百涵生物技术咨询（北京）有限公司	生产企业	consumable
GYS0015133	百特医疗仪器设备（上海）有限公司	生产企业	consumable
GYS0015134	百特医疗用品贸易（上海）有限公司	生产企业	consumable
GYS0015135	百特辉（海南）医疗科技有限公司	生产企业	consumable
GYS0015136	百瑞医疗科技（常州）有限公司	生产企业	consumable
GYS0015137	百胜（深圳）医疗设备有限公司	生产企业	consumable
GYS0015138	百花医药集团股份有限公司	生产企业/上市许可持有人	drug
GYS0015139	百草堂医药股份有限公司	生产企业/上市许可持有人	drug
GYS0015140	百通生物科技（天津）有限责任公司	生产企业	consumable
GYS0015141	百麦澳源贸易（上海）有限公司	生产企业	consumable
GYS0015142	百齿泰（厦门）医疗科技有限公司	生产企业	consumable
GYS0015143	皆美（上海）医疗器械有限公司	生产企业	consumable
GYS0015144	皇甫谧生物科技（武汉）有限公司	生产企业	consumable
GYS0015145	皓圣（江苏）医疗科技有限公司	生产企业	consumable
GYS0015146	皓得适（上海）医疗科技有限公司	生产企业	consumable
GYS0015147	盈信药业(汕头)有限公司	生产企业/上市许可持有人	drug
GYS0015148	盈泰（苏州）医疗科技有限公司	生产企业	consumable
GYS0015149	盈甲医疗器械制造（上海）有限公司	生产企业	consumable
GYS0015150	盈科北燕医疗器械有限公司	生产企业	consumable
GYS0015151	盈纬达（上海）医疗器械有限公司	生产企业	consumable
GYS0015152	盈纬达（四川）医疗器械有限公司	生产企业	consumable
GYS0015153	益佳达医疗科技（上海）有限公司	生产企业	consumable
GYS0015154	益善生物技术股份有限公司	生产企业	consumable
GYS0015155	益阳唯美义齿有限公司	生产企业	consumable
GYS0015156	益阳市博业医疗器械有限公司	生产企业	consumable
GYS0015157	益阳明达义齿有限公司	生产企业	consumable
GYS0015158	盐城一创医疗器械有限公司	生产企业	consumable
GYS0015159	盐城世维医疗器械有限公司	生产企业	consumable
GYS0015160	盐城义鼎康复器具有限公司	生产企业	consumable
GYS0015161	盐城亭湖区宏昌亮义齿制作中心	生产企业	consumable
GYS0015162	盐城仁华医疗器械有限公司	生产企业	consumable
GYS0015163	盐城仁越生物科技有限公司	生产企业	consumable
GYS0015164	盐城保春堂生物科技有限公司	生产企业	consumable
GYS0015165	盐城市中峰医用敷料厂	生产企业	consumable
GYS0015166	盐城市前卫医疗用品厂	生产企业	consumable
GYS0015167	盐城市天润医疗器材厂	生产企业	consumable
GYS0015168	盐城市广照医用品厂	生产企业	consumable
GYS0015169	盐城市心宜敷料用品厂	生产企业	consumable
GYS0015170	盐城市新捷医疗器材有限公司	生产企业	consumable
GYS0015171	盐城市新锋医疗用品有限公司	生产企业	consumable
GYS0015172	盐城市汇信复康生物科技发展有限公司	生产企业	consumable
GYS0015173	盐城市滋润医用器材厂	生产企业	consumable
GYS0015174	盐城市盐康医疗器材有限公司	生产企业	consumable
GYS0015175	盐城德瑞医疗器械有限公司	生产企业	consumable
GYS0015176	盐城新云医疗器械有限公司	生产企业	consumable
GYS0015177	盐城溢之源生物科技有限公司	生产企业	consumable
GYS0015178	盐城瑞奥科技有限公司	生产企业	consumable
GYS0015179	盐城艾斯康医疗器械有限公司	生产企业	consumable
GYS0015180	盐城范麦迪斯医疗器械有限公司	生产企业	consumable
GYS0015181	盐城迈优医疗科技有限公司	生产企业	consumable
GYS0015182	盖天力医药控股集团制药股份有限公司	生产企业/上市许可持有人	drug
GYS0015183	盖天力医药控股集团华东药业有限公司	生产企业/上市许可持有人	drug
GYS0015184	盖思特利商贸（北京）有限公司	生产企业	consumable
GYS0015185	盘星新型合金材料（常州）有限公司	生产企业	consumable
GYS0015186	盘锦博菲特医疗技术有限公司	生产企业	consumable
GYS0015187	盘锦恒昌隆药业有限公司	生产企业	drug
GYS0015188	盛世东唐江苏生物科技有限公司	生产企业	consumable
GYS0015189	盛世泰科生物医药技术(苏州)股份有限公司	生产企业/上市许可持有人	drug
GYS0015190	盛势达国际贸易（上海）有限公司	生产企业	consumable
GYS0015191	盛泰康生命科学研究（山东）有限公司	生产企业	consumable
GYS0015192	盛祺达迈医疗科技（长沙）有限公司	生产企业	consumable
GYS0015193	盛邦医疗器材（佛山市）有限公司	生产企业	consumable
GYS0015194	直观复星医疗器械技术（上海）有限公司	生产企业	consumable
GYS0015195	眉山尤博瑞新材料有限公司	生产企业	consumable
GYS0015196	真健康（海南）医疗科技有限公司	生产企业	consumable
GYS0015197	真奥金银花药业有限公司	生产企业/上市许可持有人	drug
GYS0015198	眼力健（上海）医疗器械贸易有限公司	生产企业	consumable
GYS0015199	眼小医（温州）生物科技有限公司	生产企业	consumable
GYS0015200	睿博斯健康产业（山东）有限公司	生产企业	consumable
GYS0015201	睿士医疗科技（浙江）有限公司	生产企业	consumable
GYS0015202	睿心生物科技（山东）有限公司	生产企业	consumable
GYS0015203	睿思生命（广东）科技有限公司	生产企业	consumable
GYS0015204	睿斯凯医疗科技（浙江）有限公司	生产企业	consumable
GYS0015205	睿普生（沈阳）医学科技有限公司	生产企业	consumable
GYS0015206	瞳视玠生物科技(江苏)有限公司	生产企业	consumable
GYS0015207	知和(山东)大药厂有限公司	生产企业/上市许可持有人	drug
GYS0015208	知脉（上海）机器人有限公司	生产企业	consumable
GYS0015209	知腾工业（湖北）有限公司	生产企业	consumable
GYS0015210	石家庄东方药业股份有限公司	生产企业/上市许可持有人	drug
GYS0015211	石家庄东铁机电技术有限公司	生产企业	consumable
GYS0015212	石家庄中皓康医疗器械有限公司	生产企业	consumable
GYS0015213	石家庄亚博医疗器械有限公司	生产企业	consumable
GYS0015214	石家庄亿生堂医用品有限公司	生产企业	consumable
GYS0015215	石家庄以岭药业股份有限公司	生产企业/上市许可持有人	drug
GYS0015216	石家庄伯臻医药科技有限公司	生产企业	consumable
GYS0015217	石家庄倍瑞医疗器械有限公司	生产企业	consumable
GYS0015218	石家庄元鼎医疗器械有限公司	生产企业	consumable
GYS0015219	石家庄光华医疗器械有限公司	生产企业	consumable
GYS0015220	石家庄冀成义齿有限公司	生产企业	consumable
GYS0015221	石家庄冠泰义齿有限公司	生产企业	consumable
GYS0015222	石家庄凯达生物工程有限公司	生产企业/上市许可持有人	drug
GYS0015223	石家庄北方药业集团有限公司	生产企业/上市许可持有人	drug
GYS0015224	石家庄华护生物科技有限责任公司	生产企业	consumable
GYS0015225	石家庄华诺制药股份有限公司	生产企业/上市许可持有人	drug
GYS0015226	石家庄博悦医疗器械销售有限公司	生产企业	consumable
GYS0015227	石家庄博普信息科技有限公司	生产企业	consumable
GYS0015228	石家庄印象全瓷科技有限公司	生产企业	consumable
GYS0015229	石家庄原子高科医药有限公司	生产企业	drug
GYS0015230	石家庄同邦医疗器械有限公司	生产企业	consumable
GYS0015231	石家庄同邦医疗器械有限公司辛集分公司	生产企业	consumable
GYS0015232	石家庄君吒电子科技有限公司	生产企业	consumable
GYS0015233	石家庄唐峻医疗科技有限公司	生产企业	consumable
GYS0015234	石家庄喜得宝医疗器械有限公司	生产企业	consumable
GYS0015235	石家庄四药有限公司	生产企业/上市许可持有人	drug
GYS0015236	石家庄备力誉美医疗器械科技有限公司	生产企业	consumable
GYS0015237	石家庄大桥医疗器械有限公司	生产企业	consumable
GYS0015238	石家庄宇惠制药有限公司	生产企业/上市许可持有人	drug
GYS0015239	石家庄宝华医疗器械有限公司	生产企业	consumable
GYS0015240	石家庄富友义齿制作有限公司	生产企业	consumable
GYS0015241	石家庄市中信义齿厂	生产企业	consumable
GYS0015242	石家庄市华新药业有限责任公司	生产企业/上市许可持有人	drug
GYS0015243	石家庄市圣彤医药用品厂	生产企业	consumable
GYS0015244	石家庄市宏泽卫生用品厂	生产企业	consumable
GYS0015245	石家庄市宏源医用材料厂	生产企业	consumable
GYS0015246	石家庄市宏运卫生材料厂	生产企业	consumable
GYS0015247	石家庄市康安医疗器械有限公司	生产企业	consumable
GYS0015248	石家庄市捷登义齿有限公司	生产企业	consumable
GYS0015249	石家庄市诺尔康医疗器械有限公司	生产企业	consumable
GYS0015250	石家庄市贝诺医疗器械有限公司	生产企业	consumable
GYS0015251	石家庄市达邦医疗器材厂	生产企业	consumable
GYS0015252	石家庄市钰润医用材料厂	生产企业	consumable
GYS0015253	石家庄市长城医用卫生材料厂	生产企业	consumable
GYS0015254	石家庄康力药业有限公司	生产企业/上市许可持有人	drug
GYS0015255	石家庄康尔泰医疗器械有限公司	生产企业	consumable
GYS0015256	石家庄康贺威药业有限公司	生产企业/上市许可持有人	drug
GYS0015257	石家庄康迪医疗器械有限公司	生产企业	consumable
GYS0015258	石家庄康銘科技有限公司	生产企业	consumable
GYS0015259	石家庄得实医疗科技有限公司	生产企业	consumable
GYS0015260	石家庄御和堂药业股份有限公司	生产企业/上市许可持有人	drug
GYS0015261	石家庄御泽堂制药有限公司	生产企业/上市许可持有人	drug
GYS0015262	石家庄怡得医疗器械制造有限公司	生产企业	consumable
GYS0015263	石家庄昌鸿义齿有限公司	生产企业	consumable
GYS0015264	石家庄景创医疗器械科技有限公司	生产企业	consumable
GYS0015265	石家庄格瑞药业有限公司	生产企业/上市许可持有人	drug
GYS0015266	石家庄沃平医疗器械有限公司	生产企业	consumable
GYS0015267	石家庄泽丰医疗器械贸易有限责任公司	生产企业	consumable
GYS0015268	石家庄渡康医疗器械有限公司	生产企业	consumable
GYS0015269	石家庄瑞奥医疗器械有限公司	生产企业	consumable
GYS0015270	石家庄瑞康医疗器械有限公司	生产企业	consumable
GYS0015271	石家庄瓷誉义齿制作有限公司	生产企业	consumable
GYS0015272	石家庄盈冠医疗器械有限公司	生产企业	consumable
GYS0015273	石家庄神通药业有限公司	生产企业/上市许可持有人	drug
GYS0015274	石家庄科兴医疗器械有限公司	生产企业	consumable
GYS0015275	石家庄科兴新技术产品有限公司	生产企业	consumable
GYS0015276	石家庄科迪药业有限公司	生产企业/上市许可持有人	drug
GYS0015277	石家庄纳浓商贸有限公司	生产企业	consumable
GYS0015278	石家庄翰智浩康商贸有限公司	生产企业	consumable
GYS0015279	石家庄致巨生物科技有限公司	生产企业	consumable
GYS0015280	石家庄荣雾迪医药科技有限公司	生产企业/上市许可持有人	drug
GYS0015281	石家庄藏诺药业股份有限公司	生产企业/上市许可持有人	drug
GYS0015282	石家庄誉和医疗用品有限公司	生产企业	consumable
GYS0015283	石家庄诺利达医疗器械有限公司	生产企业	consumable
GYS0015284	石家庄跃洋医疗科技有限公司	生产企业	consumable
GYS0015285	石家庄迪康龙泽药业有限公司	生产企业/上市许可持有人	drug
GYS0015286	石家庄鑫尔乐医疗器械有限公司	生产企业	consumable
GYS0015287	石家庄雅彩健医疗器械科技有限公司	生产企业	consumable
GYS0015288	石家庄霆科医疗科技有限公司	生产企业/上市许可持有人	drug
GYS0015289	石家庄高新区亿成科技有限公司	生产企业	consumable
GYS0015290	石家庄鹏海制药有限公司	生产企业	drug
GYS0015291	石家庄鹏海制药股份有限公司	生产企业/上市许可持有人	drug
GYS0015292	石家庄麦迪齿科技术有限公司	生产企业	consumable
GYS0015293	石家庄龙泽制药股份有限公司	生产企业/上市许可持有人	drug
GYS0015294	石岐制药(广东)有限公司	生产企业/上市许可持有人	drug
GYS0015295	石悦医疗器械（沈阳）有限公司	生产企业	consumable
GYS0015296	石狮市康百丽齿口腔材料有限责任公司	生产企业	consumable
GYS0015297	石药银湖制药有限公司	生产企业/上市许可持有人	drug
GYS0015298	石药集团中诺药业(石家庄)有限公司	生产企业/上市许可持有人	drug
GYS0015299	石药集团巨石生物制药有限公司	生产企业/上市许可持有人	drug
GYS0015300	石药集团恩必普药业有限公司	生产企业/上市许可持有人	drug
GYS0015301	石药集团明复乐药业(广州)有限公司	生产企业/上市许可持有人	drug
GYS0015302	石药集团欧意药业有限公司	生产企业/上市许可持有人	drug
GYS0015303	石药集团江西金芙蓉药业股份有限公司	生产企业/上市许可持有人	drug
GYS0015304	石药集团百克(山东)生物制药有限公司	生产企业	drug
GYS0015305	石药集团百克(山东)生物制药股份有限公司	生产企业/上市许可持有人	drug
GYS0015306	石药集团远大(大连)制药有限公司	生产企业/上市许可持有人	drug
GYS0015307	石药集团远大（大连）制药有限公司	生产企业	consumable
GYS0015308	石门县湘明妇幼保健用品厂	生产企业	consumable
GYS0015309	研械堂河北医疗器械有限公司	生产企业	consumable
GYS0015310	硕企（广东）医疗器械有限公司	生产企业	consumable
GYS0015311	硕创（上海）医疗器械有限公司	生产企业	consumable
GYS0015312	碧爱尚蕲春生物科技有限公司	生产企业	consumable
GYS0015313	碧迪医疗器械（上海）有限公司	生产企业	consumable
GYS0015314	碧迪医疗科技(江苏)有限公司	生产企业/上市许可持有人	drug
GYS0015315	碧迪医疗科技（江苏）有限公司	生产企业	consumable
GYS0015316	磐升瑞祥（山东）生物工程股份有限公司	生产企业	consumable
GYS0015317	磐森医疗科技（上海）有限公司	生产企业	consumable
GYS0015318	磐炻牙院（广州）医疗技术有限公司	生产企业	consumable
GYS0015319	磐石巨康药业有限公司	生产企业/上市许可持有人	drug
GYS0015320	礼来苏州制药有限公司	生产企业/上市许可持有人	drug,consumable
GYS0015321	神农（湖南）生物技术有限公司	生产企业	consumable
GYS0015322	神威药业(四川)有限公司	生产企业/上市许可持有人	drug
GYS0015323	神威药业(张家口)有限公司	生产企业/上市许可持有人	drug
GYS0015324	神威药业集团(山东)有限公司	生产企业/上市许可持有人	drug
GYS0015325	神威药业集团有限公司	生产企业/上市许可持有人	drug
GYS0015326	神巍医疗科技（中山）有限公司	生产企业	consumable
GYS0015327	神州细胞工程有限公司	生产企业/上市许可持有人	drug
GYS0015328	神途医疗科技（上海）有限公司	生产企业	consumable
GYS0015329	神遁医疗科技（上海）有限公司	生产企业	consumable
GYS0015330	福元药业有限公司	生产企业/上市许可持有人	drug
GYS0015331	福安市格新医疗器械有限公司	生产企业	consumable
GYS0015332	福安药业集团宁波天衡制药有限公司	生产企业/上市许可持有人	drug
GYS0015333	福安药业集团庆余堂制药有限公司	生产企业/上市许可持有人	drug
GYS0015334	福安药业集团湖北人民制药有限公司	生产企业/上市许可持有人	drug
GYS0015335	福安药业集团烟台只楚药业有限公司	生产企业/上市许可持有人	drug
GYS0015336	福寿堂制药有限公司	生产企业/上市许可持有人	drug
GYS0015337	福州仁馨医疗科技有限公司	生产企业	consumable
GYS0015338	福州众升成功医疗科技有限公司	生产企业	consumable
GYS0015339	福州先亚生物科技有限公司	生产企业	consumable
GYS0015340	福州克蒂斯迪医疗器械有限公司	生产企业	consumable
GYS0015341	福州创美义齿有限公司	生产企业	consumable
GYS0015342	福州北康医疗器械有限公司	生产企业	consumable
GYS0015343	福州华智假肢矫形器有限公司	生产企业	consumable
GYS0015344	福州君悦乳胶有限公司	生产企业	consumable
GYS0015345	福州嘉义义齿有限公司	生产企业	consumable
GYS0015346	福州嘉谊医药有限公司	生产企业	drug
GYS0015347	福州圣仕洁义齿制作有限公司	生产企业	consumable
GYS0015348	福州基石医药科技有限公司	生产企业/上市许可持有人	drug
GYS0015349	福州宽域精密齿研有限公司	生产企业	consumable
GYS0015350	福州小邦生物科技有限公司	生产企业	consumable
GYS0015351	福州屏山制药有限公司	生产企业/上市许可持有人	drug
GYS0015352	福州屏山制药有限公司,威海人生药业有限公司	生产企业	drug
GYS0015353	福州市国威医疗科技有限公司	生产企业	consumable
GYS0015354	福州市新海利康医药科技有限公司	生产企业/上市许可持有人	drug
GYS0015355	福州康利特医疗器械有限公司	生产企业	consumable
GYS0015356	福州悦芽时代生物科技有限公司	生产企业	consumable
GYS0015357	福州新致美精密齿研有限公司	生产企业	consumable
GYS0015358	福州春岚医疗器械有限公司	生产企业	consumable
GYS0015359	福州晶品医疗科技有限公司	生产企业	consumable
GYS0015360	福州植生源生物工程有限公司	生产企业	consumable
GYS0015361	福州泉鸣涧创新医疗科技有限公司	生产企业	consumable
GYS0015362	福州海王福药制药有限公司	生产企业/上市许可持有人	drug,consumable
GYS0015363	福州海王金象中药制药有限公司	生产企业/上市许可持有人	drug
GYS0015364	福州海象医疗器械有限公司	生产企业	consumable
GYS0015365	福州瑞克布朗医药科技有限公司	生产企业	consumable
GYS0015366	福州百正医疗器械有限公司	生产企业	consumable
GYS0015367	福州福美医疗器材有限公司	生产企业	consumable
GYS0015368	福州科林尔生物科技有限公司	生产企业	consumable
GYS0015369	福州维尔德医疗科技有限公司	生产企业	consumable
GYS0015370	福州绿野生化技术有限公司	生产企业	consumable
GYS0015371	福州美嘉义齿有限公司	生产企业	consumable
GYS0015372	福州融康义肢矫形器有限责任公司	生产企业	consumable
GYS0015373	福州辰星药业有限公司	生产企业/上市许可持有人	drug
GYS0015374	福州长庚医疗器械有限公司	生产企业	consumable
GYS0015375	福州闻心电子科技有限公司	生产企业	consumable
GYS0015376	福州闽冠齿研医疗科技有限公司	生产企业	consumable
GYS0015377	福州闽海药业有限公司	生产企业/上市许可持有人	drug
GYS0015378	福建东瑞制药有限公司	生产企业/上市许可持有人	drug
GYS0015379	福建中合医药股份有限公司	生产企业/上市许可持有人	drug
GYS0015380	福建中科康钛材料科技有限公司	生产企业	consumable
GYS0015381	福建中科莱斯特医疗科技有限公司	生产企业	consumable
GYS0015382	福建乐尔康药业有限公司	生产企业/上市许可持有人	drug
GYS0015383	福建亿发卫生用品有限公司	生产企业	consumable
GYS0015384	福建众安药业有限公司	生产企业	drug
GYS0015385	福建佰孟医学科技有限公司	生产企业	consumable
GYS0015386	福建劲心劲意健康科技有限公司	生产企业	consumable
GYS0015387	福建南少林药业有限公司	生产企业/上市许可持有人	drug
GYS0015388	福建南方制药股份有限公司	生产企业/上市许可持有人	drug
GYS0015389	福建古田药业有限公司	生产企业/上市许可持有人	drug
GYS0015390	福建合亿医疗科技有限公司	生产企业	consumable
GYS0015391	福建吉特瑞生物科技有限公司	生产企业	consumable
GYS0015392	福建同安堂生物科技有限公司	生产企业	consumable
GYS0015393	福建品腾药业有限公司	生产企业/上市许可持有人	drug
GYS0015394	福建善慈乐生物科技有限公司	生产企业	consumable
GYS0015395	福建天康达医疗科技有限公司	生产企业	consumable
GYS0015396	福建天恩医药科技有限公司	生产企业	consumable
GYS0015397	福建天泉药业股份有限公司	生产企业/上市许可持有人	drug
GYS0015398	福建太尔集团股份有限公司	生产企业	consumable
GYS0015399	福建太平洋制药有限公司	生产企业/上市许可持有人	drug
GYS0015400	福建宏信药业进出口有限公司	生产企业	consumable
GYS0015401	福建宏润医疗科技有限公司	生产企业	consumable
GYS0015402	福建宸润生物科技有限公司	生产企业	consumable
GYS0015403	福建崇瑞生物科技有限公司	生产企业	consumable
GYS0015404	福建广生中霖生物科技有限公司	生产企业/上市许可持有人	drug
GYS0015405	福建广生堂药业股份有限公司	生产企业/上市许可持有人	drug
GYS0015406	福建康业医疗科技有限公司	生产企业	consumable
GYS0015407	福建康博医疗科技有限公司	生产企业	consumable
GYS0015408	福建延年药业有限公司	生产企业/上市许可持有人	drug
GYS0015409	福建归真堂药业股份有限公司	生产企业/上市许可持有人	drug
GYS0015410	福建思帆医疗科技有限公司	生产企业	consumable
GYS0015411	福建恒安集团有限公司	生产企业	consumable
GYS0015412	福建悦瑞生物科技有限公司	生产企业	consumable
GYS0015413	福建惠丰药业有限公司	生产企业	consumable
GYS0015414	福建施可瑞医疗科技股份有限公司	生产企业	consumable
GYS0015415	福建明龙制药有限公司	生产企业/上市许可持有人	drug
GYS0015416	福建智康云医疗科技有限公司	生产企业	consumable
GYS0015417	福建植生源生物工程有限公司	生产企业	consumable
GYS0015418	福建永春制药有限公司	生产企业	drug
GYS0015419	福建永燠制药有限公司	生产企业/上市许可持有人	drug
GYS0015420	福建汇天生物药业有限公司	生产企业/上市许可持有人	drug
GYS0015421	福建泉州市飞亚达实业有限公司	生产企业	consumable
GYS0015422	福建海西新药创制股份有限公司	生产企业/上市许可持有人	drug
GYS0015423	福建海西联合药业有限公司	生产企业/上市许可持有人	drug
GYS0015424	福建源发堂医药科技有限公司	生产企业	consumable
GYS0015425	福建玄晏科技有限公司	生产企业	consumable
GYS0015426	福建百想生物科技有限公司	生产企业	consumable
GYS0015427	福建百灵生物科技有限公司	生产企业	consumable
GYS0015428	福建盛迪医药有限公司	生产企业/上市许可持有人	drug
GYS0015429	福建省三明天泰制药有限公司	生产企业/上市许可持有人	drug
GYS0015430	福建省兴源集团(莆田)药业有限公司	生产企业/上市许可持有人	drug
GYS0015431	福建省力菲克药业有限公司	生产企业	drug,consumable
GYS0015432	福建省博特生物科技有限公司	生产企业	consumable
GYS0015433	福建省安康医疗器械有限公司	生产企业	consumable
GYS0015434	福建省宝诺医药研发有限公司	生产企业/上市许可持有人	drug
GYS0015435	福建省山河药业有限公司	生产企业/上市许可持有人	drug
GYS0015436	福建省彬荣生物科技有限公司	生产企业	consumable
GYS0015437	福建省楚天守正医药科技有限公司	生产企业	consumable
GYS0015438	福建省泉州亚泰制药有限公司	生产企业/上市许可持有人	drug
GYS0015439	福建省泉州恒达制药有限公司	生产企业	drug
GYS0015440	福建省泉州海峡制药有限公司	生产企业	drug
GYS0015441	福建省泉州罗裳山制药厂	生产企业/上市许可持有人	drug
GYS0015442	福建省海乐威生物工程有限公司	生产企业	consumable
GYS0015443	福建省润康医疗科技有限公司	生产企业	consumable
GYS0015444	福建省渼桐医疗器械有限公司	生产企业	consumable
GYS0015445	福建省百仕韦医用高分子股份有限公司	生产企业	consumable
GYS0015446	福建省神蜂科技开发有限公司	生产企业	drug
GYS0015447	福建省福抗药业股份有限公司	生产企业/上市许可持有人	drug
GYS0015448	福建省美德医械制造有限公司	生产企业	consumable
GYS0015449	福建省舒紫制药有限责任公司	生产企业/上市许可持有人	drug
GYS0015450	福建省闽东力捷迅药业有限公司	生产企业	drug
GYS0015451	福建省闽东力捷迅药业股份有限公司	生产企业/上市许可持有人	drug
GYS0015452	福建福汀科技有限公司	生产企业	consumable
GYS0015453	福建米欧医疗科技有限公司	生产企业	consumable
GYS0015454	福建纽伯尔生物科技有限公司	生产企业	consumable
GYS0015455	福建老掌柜医药科技有限公司	生产企业	consumable
GYS0015456	福建聚绅药业有限公司	生产企业	drug
GYS0015457	福建莆田佳通纸制品有限公司	生产企业	consumable
GYS0015458	福建蓝昊肽生物科技发展有限公司	生产企业	consumable
GYS0015459	福建赫尔悠医疗科技有限公司	生产企业	consumable
GYS0015460	福建金永源医疗器械有限公司	生产企业	consumable
GYS0015461	福建鑫美源生物医药工程有限公司	生产企业	consumable
GYS0015462	福建锦鑫科技有限公司	生产企业	consumable
GYS0015463	福建镈润生物科技有限公司	生产企业	consumable
GYS0015464	福建长庚医疗生物科技有限公司	生产企业	consumable
GYS0015465	福建颐真生物科技有限公司	生产企业	consumable
GYS0015466	福建麝珠明股份有限公司	生产企业	drug
GYS0015467	福泉庄乾科技有限公司	生产企业	consumable
GYS0015468	福鼎市康福医疗器材有限公司	生产企业	consumable
GYS0015469	禧暧医疗器械（上海）有限公司	生产企业	consumable
GYS0015470	禹城博爱医疗器械有限公司	生产企业	consumable
GYS0015471	禾呈（深圳）医疗技术有限责任公司	生产企业	consumable
GYS0015472	禾展医疗科技（上海）有限公司	生产企业	consumable
GYS0015473	禾易科技（北京）有限公司	生产企业	consumable
GYS0015474	禾木（中国）生物工程有限公司	生产企业	consumable
GYS0015475	禾禾(固安)科技有限公司	生产企业	consumable
GYS0015476	科兴(大连)疫苗技术有限公司	生产企业/上市许可持有人	drug
GYS0015477	科兴生物制药股份有限公司	生产企业/上市许可持有人	drug
GYS0015478	科列尔(天津)医疗科技有限公司	生产企业	consumable
GYS0015479	科勒迪（辽宁）轻工制品有限公司	生产企业	consumable
GYS0015480	科医人医疗激光设备贸易（北京）有限公司	生产企业	consumable
GYS0015481	科医人激光科技（北京）有限公司	生产企业	consumable
GYS0015482	科医国际贸易（上海）有限公司	生产企业	consumable
GYS0015483	科塞尔医疗科技（苏州）有限公司	生产企业	consumable
GYS0015484	科多尼克（上海）医疗器械有限公司	生产企业	consumable
GYS0015485	科多尼克（上海）贸易有限公司	生产企业	consumable
GYS0015486	科宏昌（北京）医疗仪器有限公司	生产企业	consumable
GYS0015487	科尼格沃斯（无锡）医学科技有限公司	生产企业	consumable
GYS0015488	科文（天津）医疗技术有限公司	生产企业	consumable
GYS0015489	科曼尼(吉林)生物科技有限公司	生产企业	consumable
GYS0015490	科珥（上海）医疗器械贸易有限公司	生产企业	consumable
GYS0015491	科睿纳（河北）医疗科技有限公司	生产企业	consumable
GYS0015492	科睿驰（北京）医疗科技发展有限公司	生产企业	consumable
GYS0015493	科睿驰（深圳）医疗科技发展有限公司	生产企业	consumable
GYS0015494	科美勒医疗器械技术（广州）有限公司	生产企业	consumable
GYS0015495	科能达电子科技有限公司	生产企业	consumable
GYS0015496	科苑达医疗用品（河北）有限公司	生产企业	consumable
GYS0015497	科贝园(北京)医药科技有限公司	生产企业/上市许可持有人	drug
GYS0015498	科赫生物科技（仙居）有限公司	生产企业	consumable
GYS0015499	科路睿（天津）生物技术有限公司	生产企业	consumable
GYS0015500	科钛（广州）医疗器械有限公司	生产企业	consumable
GYS0015501	秦皇岛久昌医疗器械有限公司	生产企业	consumable
GYS0015502	秦皇岛众甲义齿有限公司	生产企业	consumable
GYS0015503	秦皇岛傲丹特金属材料科技有限公司	生产企业	consumable
GYS0015504	秦皇岛博锐实生物科技有限公司	生产企业	consumable
GYS0015505	秦皇岛卡普诺迈特医疗器械科技有限公司	生产企业	consumable
GYS0015506	秦皇岛嘎哈医疗电子仪器有限公司	生产企业	consumable
GYS0015507	秦皇岛大恩药业有限公司	生产企业/上市许可持有人	drug
GYS0015508	秦皇岛宝康创奇医药科技有限公司	生产企业	consumable
GYS0015509	秦皇岛山海关药业股份有限公司	生产企业/上市许可持有人	drug
GYS0015510	秦皇岛市山海关药业有限责任公司	生产企业/上市许可持有人	drug
GYS0015511	秦皇岛市科峰医疗器械有限公司	生产企业	consumable
GYS0015512	秦皇岛斯立德陶瓷科技有限公司	生产企业	consumable
GYS0015513	秦皇岛欧卡芙医疗器械有限公司	生产企业	consumable
GYS0015514	秦皇岛泰治医疗科技有限公司	生产企业	consumable
GYS0015515	秦皇岛泽克尼陶瓷科技有限公司	生产企业	consumable
GYS0015516	秦皇岛爱晖药业有限公司	生产企业/上市许可持有人	drug
GYS0015517	秦皇岛牙乐科技有限公司	生产企业	consumable
GYS0015518	秦皇岛科锐极医疗器械有限公司	生产企业	consumable
GYS0015519	秦皇岛维青医药有限公司	生产企业	consumable
GYS0015520	秦皇岛臻美齿研医疗器械有限公司	生产企业	consumable
GYS0015521	秦皇岛赛维义齿有限公司	生产企业	consumable
GYS0015522	积水医疗科技（中国）有限公司	生产企业	consumable
GYS0015523	稳健医疗用品股份有限公司	生产企业	consumable
GYS0015524	稳健医疗用品（荆门）有限公司	生产企业	consumable
GYS0015525	稳健医疗（嘉鱼）有限公司	生产企业	consumable
GYS0015526	稳健医疗（天门）有限公司	生产企业	consumable
GYS0015527	稳健医疗（崇阳）有限公司	生产企业	consumable
GYS0015528	稳健医疗（黄冈）有限公司	生产企业	consumable
GYS0015529	稳健平安医疗科技（湖南）有限公司	生产企业	consumable
GYS0015530	稳健（桂林）乳胶用品有限公司	生产企业	consumable
GYS0015531	稳得希林（杭州）生物科技有限公司	生产企业	consumable
GYS0015532	稳得希林（沈阳）生物科技有限公司	生产企业	consumable
GYS0015533	立影医疗科技（上海）有限公司	生产企业	consumable
GYS0015534	立心（深圳）医疗器械有限公司	生产企业	consumable
GYS0015535	立生医药(苏州)有限公司	生产企业/上市许可持有人	drug
GYS0015536	立舒尔（湖北）生物科技有限公司	生产企业	consumable
GYS0015537	端源医疗科技无锡有限公司	生产企业	consumable
GYS0015538	笃行（山东）医用材料有限公司	生产企业	consumable
GYS0015539	笛卡尔药业(哈尔滨)有限公司	生产企业/上市许可持有人	drug
GYS0015540	第一三共制药(上海)有限公司	生产企业/上市许可持有人	drug
GYS0015541	米尔思维（北京）医疗科技有限公司	生产企业	consumable
GYS0015542	米新医疗科技（苏州）有限公司	生产企业	consumable
GYS0015543	米筛浪（江苏）医疗科技有限公司	生产企业	consumable
GYS0015544	米筛浪（河南）医疗科技有限公司	生产企业	consumable
GYS0015545	精上致工科技（东莞）有限公司	生产企业	consumable
GYS0015546	精准医疗科技发展（黑龙江）有限公司	生产企业	consumable
GYS0015547	精劢医疗科技南通有限公司	生产企业	consumable
GYS0015548	精华制药集团股份有限公司	生产企业/上市许可持有人	drug
GYS0015549	精微致远医疗科技（武汉）有限公司	生产企业	consumable
GYS0015550	精智未来（广州）智能科技有限公司	生产企业	consumable
GYS0015551	精瓷齿科技术（苏州）有限公司	生产企业	consumable
GYS0015552	精诚徽药药业股份有限公司	生产企业/上市许可持有人	drug
GYS0015553	索尼(中国)有限公司	生产企业	consumable
GYS0015554	索思（苏州）医疗科技有限公司	生产企业	consumable
GYS0015555	索诺瓦听力技术(苏州)有限公司	生产企业	consumable
GYS0015556	紫光古汉集团衡阳制药有限公司	生产企业/上市许可持有人	drug
GYS0015557	紫晖科技集团有限公司	生产企业	consumable
GYS0015558	紫罗兰家纺科技股份有限公司	生产企业	consumable
GYS0015559	红云制药(昆明)有限公司	生产企业/上市许可持有人	drug
GYS0015560	红云制药(梁河)有限公司	生产企业/上市许可持有人	drug
GYS0015561	红云制药(玉溪)有限公司	生产企业/上市许可持有人	drug
GYS0015562	红云制药(贵州)有限公司	生产企业/上市许可持有人	drug
GYS0015563	红云制药（昆明）有限公司	生产企业	consumable
GYS0015564	红安县中医医院	制剂配制单位	preparation
GYS0015565	红桃开药业股份有限公司	生产企业/上市许可持有人	drug
GYS0015566	纳席医疗科技（上海）有限公司	生产企业	consumable
GYS0015567	纳思科丰（大连）医疗科技有限公司	生产企业	consumable
GYS0015568	纳斯达通(厦门)医疗科技有限公司	生产企业	consumable
GYS0015569	纳极医疗器械秦皇岛有限公司	生产企业	consumable
GYS0015570	纳极口腔科技秦皇岛有限公司	生产企业	consumable
GYS0015571	纳维（山东）生物技术有限公司	生产企业	consumable
GYS0015572	纳通医用防护器材（天津）有限公司	生产企业	consumable
GYS0015573	纳通生物科技（北京）有限公司	生产企业	consumable
GYS0015574	纳通生物科技（天津）有限公司	生产企业	consumable
GYS0015575	纺源医疗用品集团有限公司	生产企业	consumable
GYS0015576	纽哈伯药业有限公司	生产企业/上市许可持有人	drug
GYS0015577	纽拉生物医药科技河北有限公司	生产企业	consumable
GYS0015578	纽晟医疗制品（上海）有限公司	生产企业	consumable
GYS0015579	纽白特（北京）商贸有限公司	生产企业	consumable
GYS0015580	纽迪希亚制药(无锡)有限公司	生产企业/上市许可持有人	drug
GYS0015581	纽迪希亚制药（无锡）有限公司	生产企业	consumable
GYS0015582	绍兴上虞新越医疗器械有限公司	生产企业	consumable
GYS0015583	绍兴上虞鑫越医疗器械有限公司	生产企业	consumable
GYS0015584	绍兴东利医疗科技有限公司	生产企业	consumable
GYS0015585	绍兴唯尔福妇幼用品有限公司	生产企业	consumable
GYS0015586	绍兴好士德医用品有限公司	生产企业	consumable
GYS0015587	绍兴守仁医疗健康科技有限公司	生产企业	consumable
GYS0015588	绍兴安迪斯医疗科技有限公司	生产企业	consumable
GYS0015589	绍兴宏福科技有限公司	生产企业	consumable
GYS0015590	绍兴市上虞区韩韩健身器材厂	生产企业	consumable
GYS0015591	绍兴市上虞龙马机电有限公司	生产企业	consumable
GYS0015592	绍兴市吉瑞医疗用品有限公司	生产企业	consumable
GYS0015593	绍兴市禹康卫生材料厂	生产企业	consumable
GYS0015594	绍兴市胜达医药保健用品有限公司	生产企业	consumable
GYS0015595	绍兴康佑医疗器械有限公司	生产企业	consumable
GYS0015596	绍兴振德医疗科技有限公司	生产企业	consumable
GYS0015597	绍兴晋康电子科技有限公司	生产企业	consumable
GYS0015598	绍兴朱丽叶医疗器械有限公司	生产企业	consumable
GYS0015599	绍兴来多科技有限公司	生产企业/上市许可持有人	drug
GYS0015600	绍兴柯恒医疗技术有限公司	生产企业	consumable
GYS0015601	绍兴梅奥心磁医疗科技有限公司	生产企业	consumable
GYS0015602	绍兴海恒医疗器械有限公司	生产企业	consumable
GYS0015603	绍兴海科医疗用品有限公司	生产企业	consumable
GYS0015604	绍兴瑞凯防护用品有限公司	生产企业	consumable
GYS0015605	绍兴瑞博医疗器械有限公司	生产企业	consumable
GYS0015606	绍兴百立康医疗科技有限公司	生产企业	consumable
GYS0015607	绍兴福清卫生用品有限公司	生产企业	consumable
GYS0015608	绍兴美琪医疗科技有限公司	生产企业	consumable
GYS0015609	绍兴金易达生物卫生用品有限公司	生产企业	consumable
GYS0015610	绍兴金阳纺织有限公司	生产企业	consumable
GYS0015611	经方精密医疗（深圳）有限公司	生产企业	consumable
GYS0015612	经纬医疗器材制造（深圳）有限公司	生产企业	consumable
GYS0015613	绥中弘海科技发展有限公司	生产企业	consumable
GYS0015614	绥化市圣世安数字化定制式义齿有限公司	生产企业	consumable
GYS0015615	绥化市鑫锐德义齿制作有限公司	生产企业	consumable
GYS0015616	绪必迪药业(河北)有限公司	生产企业/上市许可持有人	drug
GYS0015617	维他丰达牙科器材（深圳）有限公司	生产企业	consumable
GYS0015618	维尔湃（深圳）医疗科技有限公司	生产企业	consumable
GYS0015619	维度（西安）生物医疗科技有限公司	生产企业	consumable
GYS0015620	维昌康健医疗器械（上海）有限公司	生产企业	consumable
GYS0015621	维泰医疗科技（常州）有限公司	生产企业	consumable
GYS0015622	维灵（杭州）信息技术有限公司	生产企业	consumable
GYS0015623	维生原(厦门)生物科技有限公司	生产企业/上市许可持有人	drug
GYS0015624	维视医疗信息科技（山东）有限公司	生产企业	consumable
GYS0015625	绵竹耀隆医疗器械有限公司	生产企业	consumable
GYS0015626	绵阳一康制药有限公司	生产企业/上市许可持有人	drug
GYS0015627	绵阳立德电子股份有限公司	生产企业	consumable
GYS0015628	绿十字(中国)生物制品有限公司	生产企业/上市许可持有人	drug
GYS0015629	绿叶嘉奥制药石家庄有限公司	生产企业/上市许可持有人	drug
GYS0015630	绿谷(上海)医药科技有限公司	生产企业/上市许可持有人	drug
GYS0015631	绿谷（菏泽）医药有限公司	生产企业	consumable
GYS0015632	罗尔特医药科技（连云港）有限公司	生产企业	consumable
GYS0015633	罗慕科技（北京）有限公司	生产企业	consumable
GYS0015634	罗氏诊断产品（上海）有限公司	生产企业	consumable,ivd
GYS0015635	罗田县万密斋医院	制剂配制单位	preparation
GYS0015636	罗益(无锡)生物制药有限公司	生产企业/上市许可持有人	drug
GYS0015637	罗达萌蒂（成都）生物医药科技有限公司	生产企业	consumable
GYS0015638	美东汇成生命科学（重庆）有限公司	生产企业	consumable
GYS0015639	美东汇成生命科技（昆山）有限公司	生产企业	consumable
GYS0015640	美丽坚医疗科技（福州）有限公司	生产企业	consumable
GYS0015641	美丽岛（福建）生活用品有限公司	生产企业	consumable
GYS0015642	美享生物制药(珠海)有限公司	生产企业/上市许可持有人	drug
GYS0015643	美享生物科技(海南)有限公司	生产企业/上市许可持有人	drug
GYS0015644	美他医疗器械（上海）有限公司	生产企业	consumable
GYS0015645	美佳爽（中国）有限公司	生产企业	consumable
GYS0015646	美利泰格诊断试剂（嘉兴）有限公司	生产企业	consumable
GYS0015647	美加健康贸易（深圳）有限公司	生产企业	consumable
GYS0015648	美医科技（广东）有限公司	生产企业	consumable
GYS0015649	美嘉源药业（贵州）集团有限公司	生产企业	consumable
GYS0015650	美国礼来亚洲公司上海代表处	生产企业	consumable
GYS0015651	美国阿根公司深圳代表处	生产企业	consumable
GYS0015652	美奥正畸（上海）贸易有限公司	生产企业	consumable
GYS0015653	美学时代牙科技术（苏州）有限公司	生产企业	consumable
GYS0015654	美宝（海南自贸区）健康产业有限公司	生产企业	consumable
GYS0015655	美尚（广州）医疗科技有限公司	生产企业	consumable
GYS0015656	美康生物科技股份有限公司	生产企业	consumable
GYS0015657	美康达智能科技（山东）有限责任公司	生产企业	consumable
GYS0015658	美恩龙医疗器械股份有限公司	生产企业	consumable
GYS0015659	美敦力常州医疗器械有限公司	生产企业	consumable
GYS0015660	美敦力糖尿病科技（成都）有限公司	生产企业	consumable
GYS0015661	美敦力（上海）管理有限公司	生产企业	consumable
GYS0015662	美敦力（广东）医疗科技有限公司	生产企业	consumable
GYS0015663	美昕医疗器械（上海）有限公司	生产企业	consumable
GYS0015664	美昕医疗器械（昆山）有限公司	生产企业	consumable
GYS0015665	美林美邦（厦门）生物科技有限公司	生产企业	consumable
GYS0015666	美欧微科医疗武汉有限公司	生产企业	consumable
GYS0015667	美泰克斯商贸（北京）有限公司	生产企业	consumable
GYS0015668	美狒（深圳）创新实业有限公司	生产企业	consumable
GYS0015669	美百颜（山东）生物科技有限责任公司	生产企业	consumable
GYS0015670	美盛（山东）医学科技有限公司	生产企业	consumable
GYS0015671	美科特医疗科技（苏州）有限公司	生产企业	consumable
GYS0015672	美科瑞（广州）生物科技有限公司	生产企业	consumable
GYS0015673	美笛乐听力植入技术服务（北京）有限公司	生产企业	consumable
GYS0015674	美精技医疗器械（上海）有限公司	生产企业	consumable
GYS0015675	美纳里尼（中国）投资有限公司	生产企业	consumable
GYS0015676	美罗药业股份有限公司	生产企业/上市许可持有人	drug
GYS0015677	美芝达医疗科技（广东）有限公司	生产企业	consumable
GYS0015678	美赛恩（佛山）科技有限公司	生产企业	consumable
GYS0015679	美迪云（广东）科技有限公司	生产企业	consumable
GYS0015680	美迪康医用材料（上海）有限公司	生产企业	consumable
GYS0015681	美迪莱（福建）生物科技有限公司	生产企业	consumable
GYS0015682	美馨医疗器材（芜湖）有限公司	生产企业	consumable
GYS0015683	羽可（湖北）医疗器械有限公司	生产企业	consumable
GYS0015684	翌铭科技（广州）有限公司	生产企业	consumable
GYS0015685	翎耀生物科技(上海)有限公司	生产企业/上市许可持有人	drug
GYS0015686	翔宇药业股份有限公司	生产企业/上市许可持有人	drug
GYS0015687	翰泰医疗科技（常州）有限公司	生产企业	consumable
GYS0015688	翼德迈医疗器械（保定）有限公司	生产企业	consumable
GYS0015689	考鹏医疗器械（上海）有限公司	生产企业	consumable
GYS0015690	而至齿科（苏州）有限公司	生产企业	consumable
GYS0015691	聊城万合药业有限公司	生产企业	consumable
GYS0015692	聊城和佰生物科技有限公司	生产企业	consumable
GYS0015693	聊城国健医疗用品有限公司	生产企业	consumable
GYS0015694	聊城市驰骋医疗器材有限公司	生产企业	consumable
GYS0015695	聊城金灵龟医用材料有限公司	生产企业	consumable
GYS0015696	联创优泰（青岛）医疗科技有限公司	生产企业	consumable
GYS0015697	联合医疗仪器有限公司	生产企业	consumable
GYS0015698	联合微创医疗器械（深圳）有限公司	生产企业	consumable
GYS0015699	联科医疗器材（重庆）有限公司	生产企业	consumable
GYS0015700	联贸医疗用品技术（上海）有限公司	生产企业	consumable
GYS0015701	联赢佳士比医疗科技（浙江）股份有限公司	生产企业	consumable
GYS0015702	联邦制药厂有限公司	生产企业/上市许可持有人	drug
GYS0015703	聚协昌(北京)药业有限公司	生产企业/上市许可持有人	drug
GYS0015704	聚旸（上海）生物科技有限公司	生产企业	consumable
GYS0015705	聚民生物科技有限公司	生产企业	consumable
GYS0015706	聚辉医疗科技（深圳）有限公司	生产企业	consumable
GYS0015707	肇庆市端州区康美义齿加工厂	生产企业	consumable
GYS0015708	肇庆市锦晟个人医疗护理用品科技有限公司	生产企业	consumable
GYS0015709	肇庆市闸岗医用卫生材料厂	生产企业	consumable
GYS0015710	肇庆市高要区金利达医疗用品有限公司	生产企业	consumable
GYS0015711	肇庆星湖制药有限公司	生产企业/上市许可持有人	drug
GYS0015712	肇庆高新区天芳草医疗器械有限公司	生产企业	consumable
GYS0015713	肇源县康红义齿制造有限公司	生产企业	consumable
GYS0015714	肯纳司太立金属（上海）有限公司	生产企业	consumable
GYS0015715	胜康联（大连）医疗设备有限公司	生产企业	consumable
GYS0015716	脉冲动力（北京）医疗科技有限公司	生产企业	consumable
GYS0015717	脉联（重庆）医疗科技有限公司	生产企业	consumable
GYS0015718	腾博义齿制造成都有限公司	生产企业	consumable
GYS0015719	腾盛华创医药技术(北京)有限公司	生产企业/上市许可持有人	drug
GYS0015720	自贡市济生医用器材有限责任公司	生产企业	consumable
GYS0015721	自贡市远川科技有限公司	生产企业	consumable
GYS0015722	自贡鸿鹤制药有限责任公司	生产企业	drug
GYS0015723	致尔（廊坊）医疗器械有限公司	生产企业	consumable
GYS0015724	臻佳医疗科技（江苏）有限公司	生产企业	consumable
GYS0015725	臻儒（天津）科技有限公司	生产企业	consumable
GYS0015726	臻致(大连)医疗器材有限公司	生产企业	consumable
GYS0015727	舒泰神(北京)生物制药股份有限公司	生产企业/上市许可持有人	drug
GYS0015728	舒糖讯息科技（湘潭）有限公司	生产企业	consumable
GYS0015729	舒美奇成都生物科技有限公司	生产企业/上市许可持有人	drug
GYS0015730	舒裕达（北京）科技有限公司	生产企业	consumable
GYS0015731	舜科医疗器械（上海）有限公司	生产企业	consumable
GYS0015732	航天泰心科技有限公司	生产企业	consumable
GYS0015733	良药控股集团江苏医疗用品有限公司	生产企业	consumable
GYS0015734	艾一生命科技（广东）有限公司	生产企业	consumable
GYS0015735	艾伯尔三氐打印技术（重庆）有限公司	生产企业	consumable
GYS0015736	艾克康齿科（深圳）科技有限公司	生产企业	consumable
GYS0015737	艾克曼（北京）咨询有限公司	生产企业	consumable
GYS0015738	艾唯迪医疗用品科技（河北）有限公司	生产企业	consumable
GYS0015739	艾太科医疗科技（常州）有限公司	生产企业	consumable
GYS0015740	艾尔健康眼药(辽宁)有限公司	生产企业/上市许可持有人	drug
GYS0015741	艾尔建信息咨询（上海）有限公司	生产企业	consumable
GYS0015742	艾尔建医疗器械（上海）有限公司	生产企业	consumable
GYS0015743	艾尔斯（浙江）医学科技有限公司	生产企业	consumable
GYS0015744	艾康生物技术（杭州）有限公司	生产企业	consumable,ivd
GYS0015745	艾文泰（上海）商业有限公司	生产企业	consumable
GYS0015746	艾来茵生物技术(上海)有限公司	生产企业/上市许可持有人	drug
GYS0015747	艾柯医疗器械(北京)股份有限公司	生产企业	consumable
GYS0015748	艾格立特（武汉）科技有限公司	生产企业	consumable
GYS0015749	艾派（广州）医疗器械有限公司	生产企业	consumable
GYS0015750	艾牙口腔医疗技术（上海）有限公司	生产企业	consumable
GYS0015751	艾瑞克医疗器材（天津）有限公司	生产企业	consumable
GYS0015752	艾科美医疗器械（深圳）有限公司	生产企业	consumable
GYS0015753	艾童医疗科技（无锡）有限公司	生产企业	consumable
GYS0015754	艾维可生物科技有限公司	生产企业	consumable
GYS0015755	艾美创医疗科技（珠海）有限公司	生产企业	consumable
GYS0015756	艾美坚持生物制药有限公司	生产企业/上市许可持有人	drug
GYS0015757	艾美康淮生物制药(江苏)有限公司	生产企业	drug
GYS0015758	艾美汉信疫苗(大连)有限公司	生产企业/上市许可持有人	drug
GYS0015759	艾美荣誉(宁波)生物制药有限公司	生产企业/上市许可持有人	drug
GYS0015760	艾葵特生物股份有限公司	生产企业	consumable
GYS0015761	艾葵特（天津）生物技术有限公司	生产企业	consumable
GYS0015762	艾视制药有限公司	生产企业/上市许可持有人	drug
GYS0015763	艾视雅健康科技（天津）有限公司	生产企业	consumable
GYS0015764	艾迪笙医疗科技（常州）有限公司	生产企业	consumable
GYS0015765	艾龙（北京）医疗科技有限公司	生产企业	consumable
GYS0015766	芙芭克生物药业 (哈尔滨) 有限公司	生产企业	consumable
GYS0015767	芜湖丹溪堂医疗器械有限公司	生产企业	consumable
GYS0015768	芜湖仁德堂药业有限公司	生产企业/上市许可持有人	drug
GYS0015769	芜湖先声中人药业有限公司	生产企业	drug
GYS0015770	芜湖华信生物药业股份有限公司	生产企业/上市许可持有人	drug
GYS0015771	芜湖博英药业科技股份有限公司	生产企业/上市许可持有人	drug
GYS0015772	芜湖固力医疗器材有限公司	生产企业	consumable
GYS0015773	芜湖圣大医疗器械技术股份有限公司	生产企业	consumable
GYS0015774	芜湖安锐医疗器械有限公司	生产企业	consumable
GYS0015775	芜湖市优美义齿制作有限公司	生产企业	consumable
GYS0015776	芜湖市泰利齿科制作中心	生产企业	consumable
GYS0015777	芜湖市雅宝义齿制品厂	生产企业	consumable
GYS0015778	芜湖普敦特医疗器械有限公司	生产企业	consumable
GYS0015779	芜湖杨燕制药有限公司	生产企业/上市许可持有人	drug
GYS0015780	芜湖森爱驰生物科技有限公司	生产企业	consumable
GYS0015781	芜湖精诚义齿有限公司	生产企业	consumable
GYS0015782	芜湖绿叶制药有限公司	生产企业/上市许可持有人	drug
GYS0015783	芜湖辰优生物医药工程有限公司	生产企业/上市许可持有人	drug
GYS0015784	芜湖道润药业有限责任公司	生产企业/上市许可持有人	drug,consumable
GYS0015785	芜湖锐进医疗设备有限公司	生产企业	consumable
GYS0015786	芯东方（辽宁）生物科技有限公司	生产企业	consumable
GYS0015787	芯朗道（天津）医疗科技有限责任公司	生产企业	consumable
GYS0015788	花沐医疗科技（上海）有限公司	生产企业	consumable
GYS0015789	花漱(黑龙江)生物医药有限公司	生产企业	consumable
GYS0015790	苏世力（宁波）医疗器械有限公司	生产企业	consumable
GYS0015791	苏中药业集团股份有限公司	生产企业/上市许可持有人	drug
GYS0015792	苏妍(南京)医疗科技有限公司	生产企业	consumable
GYS0015793	苏州东泉生物科技有限公司	生产企业	consumable
GYS0015794	苏州东瑞制药有限公司	生产企业/上市许可持有人	drug
GYS0015795	苏州东邦医疗器械有限公司	生产企业	consumable
GYS0015796	苏州中化药品工业有限公司	生产企业/上市许可持有人	drug
GYS0015797	苏州中天医疗器械科技有限公司	生产企业	consumable
GYS0015798	苏州中荟医疗科技有限公司	生产企业	consumable
GYS0015799	苏州乐普斯电子有限公司	生产企业	consumable
GYS0015800	苏州乐泰医疗科技有限公司	生产企业	consumable
GYS0015801	苏州乐珠制药有限公司	生产企业/上市许可持有人	drug
GYS0015802	苏州乔阳医学科技有限公司	生产企业	ivd
GYS0015803	苏州二叶制药有限公司	生产企业/上市许可持有人	drug
GYS0015804	苏州五鼎生技医疗器械进出口贸易有限公司	生产企业	ivd
GYS0015805	苏州井蓝医疗器械有限公司	生产企业	consumable
GYS0015806	苏州仝康医疗科技有限公司	生产企业	consumable
GYS0015807	苏州众烁云辉科技有限公司	生产企业	consumable
GYS0015808	苏州优桉康医疗技术有限公司	生产企业	consumable
GYS0015809	苏州优脉瑞医疗科技有限公司	生产企业	consumable
GYS0015810	苏州优贝特医疗器械有限公司	生产企业	consumable
GYS0015811	苏州优迈医疗器械有限公司	生产企业	consumable
GYS0015812	苏州伟康医疗器械有限公司	生产企业	consumable
GYS0015813	苏州伯塔医疗科技有限公司	生产企业	consumable
GYS0015814	苏州佐尔奥医疗科技有限公司	生产企业	consumable
GYS0015815	苏州佳洲医疗器械有限公司	生产企业	consumable
GYS0015816	苏州保力康医疗科技有限公司	生产企业	consumable
GYS0015817	苏州俞氏药业有限公司	生产企业/上市许可持有人	drug
GYS0015818	苏州信迈医疗科技股份有限公司	生产企业	consumable
GYS0015819	苏州健宇医疗科技有限公司	生产企业	consumable
GYS0015820	苏州健泊生物技术有限公司	生产企业	consumable
GYS0015821	苏州元康医疗器械有限公司	生产企业	consumable
GYS0015822	苏州元禾医疗器械有限公司	生产企业	consumable
GYS0015823	苏州全护医疗器械有限公司	生产企业	consumable
GYS0015824	苏州再生港生物工程有限公司	生产企业	consumable
GYS0015825	苏州凯克曼医疗科技有限公司	生产企业	consumable
GYS0015826	苏州凯瑞斯生物科技有限公司	生产企业	consumable
GYS0015827	苏州凯迪泰医学科技有限公司	生产企业	consumable
GYS0015828	苏州创澜生物科技有限公司	生产企业	consumable
GYS0015829	苏州力特邦医疗用品有限公司	生产企业	consumable
GYS0015830	苏州医疗用品厂有限公司	生产企业	consumable
GYS0015831	苏州华仁太医药业有限公司	生产企业/上市许可持有人	drug
GYS0015832	苏州华健瑞达医药技术有限公司	生产企业/上市许可持有人	drug
GYS0015833	苏州华益美生物科技有限公司	生产企业/上市许可持有人	drug,consumable
GYS0015834	苏州华葆药业股份有限公司	生产企业/上市许可持有人	drug
GYS0015835	苏州华融医疗器械有限公司	生产企业	consumable
GYS0015836	苏州卓光医疗科技有限公司	生产企业	consumable
GYS0015837	苏州卓壹医疗器械有限公司	生产企业	consumable
GYS0015838	苏州博冠医疗用品有限公司	生产企业	consumable
GYS0015839	苏州博创同康生物工程有限公司	生产企业	consumable
GYS0015840	苏州博动戎影医疗科技有限公司	生产企业	consumable
GYS0015841	苏州博思美医疗科技有限公司	生产企业	consumable
GYS0015842	苏州双皓商贸有限公司	生产企业	consumable
GYS0015843	苏州可耐特医疗科技有限公司	生产企业	consumable
GYS0015844	苏州可邦高分子医疗器械有限公司	生产企业	consumable
GYS0015845	苏州吉美瑞医疗器械股份有限公司	生产企业	consumable
GYS0015846	苏州同心医疗科技股份有限公司	生产企业	consumable
GYS0015847	苏州名创医疗科技有限公司	生产企业	consumable
GYS0015848	苏州君康医疗科技有限公司	生产企业	consumable
GYS0015849	苏州君德医疗设备有限公司	生产企业	consumable
GYS0015850	苏州启迈医疗科技有限公司	生产企业	consumable
GYS0015851	苏州吴淞江制药有限公司	生产企业/上市许可持有人	drug
GYS0015852	苏州嘉乐威新材料股份有限公司	生产企业	consumable
GYS0015853	苏州嘉年华医疗科技有限公司	生产企业	consumable
GYS0015854	苏州固锐德医疗器械有限公司	生产企业	consumable
GYS0015855	苏州图南医疗科技有限公司	生产企业	consumable
GYS0015856	苏州图灵微生物科技有限公司	生产企业	consumable
GYS0015857	苏州圣安德医疗器械有限公司	生产企业	consumable
GYS0015858	苏州圣洳医疗科技有限公司	生产企业	consumable
GYS0015859	苏州均和医疗器械科技有限公司	生产企业	consumable
GYS0015860	苏州大冢制药有限公司	生产企业/上市许可持有人	drug
GYS0015861	苏州天一针灸器械有限公司	生产企业	consumable
GYS0015862	苏州天协针灸器械有限公司	生产企业	consumable
GYS0015863	苏州天平华昌医疗器械有限公司	生产企业	consumable
GYS0015864	苏州天隆生物科技有限公司	生产企业	consumable
GYS0015865	苏州天马医药集团天吉生物制药有限公司	生产企业/上市许可持有人	drug
GYS0015866	苏州天鸿盛捷医疗器械有限公司	生产企业	consumable
GYS0015867	苏州太湖美药业有限公司	生产企业	drug
GYS0015868	苏州奥特斯医疗器械科技有限公司	生产企业	consumable
GYS0015869	苏州奥芮济医疗科技有限公司	生产企业	consumable
GYS0015870	苏州威视健医疗仪器设备进出口有限公司	生产企业	consumable
GYS0015871	苏州威邦医疗器械有限公司	生产企业	consumable
GYS0015872	苏州宇度医疗器械有限责任公司	生产企业	consumable
GYS0015873	苏州宇翔医疗器械有限公司	生产企业	consumable
GYS0015874	苏州安密医疗器械有限公司	生产企业	consumable
GYS0015875	苏州安德佳生物科技有限公司	生产企业	consumable
GYS0015876	苏州安普欧医疗器械有限公司	生产企业	consumable
GYS0015877	苏州安迈医疗器械有限公司	生产企业	consumable
GYS0015878	苏州完美医疗器械有限公司	生产企业	consumable
GYS0015879	苏州定义医疗科技有限公司	生产企业	consumable
GYS0015880	苏州宸泰医疗器械有限公司	生产企业	consumable
GYS0015881	苏州小蓝医疗科技有限公司	生产企业	consumable
GYS0015882	苏州尔达医疗设备有限公司	生产企业	ivd
GYS0015883	苏州工业园区天龙制药有限公司	生产企业	drug
GYS0015884	苏州工业园区经纬医疗器械有限公司	生产企业	consumable
GYS0015885	苏州工业园区葆华生物科技有限公司	生产企业	consumable
GYS0015886	苏州市东方电子仪器厂	生产企业	consumable
GYS0015887	苏州市亚新医疗用品有限公司	生产企业	consumable
GYS0015888	苏州市仲景生命科技有限公司	生产企业	consumable
GYS0015889	苏州市伊斯顿医疗器械有限公司	生产企业	consumable
GYS0015890	苏州市倍咏医疗科技有限公司	生产企业	consumable
GYS0015891	苏州市劲奥医疗器械有限公司	生产企业	consumable
GYS0015892	苏州市华伦医疗用品有限公司	生产企业	consumable
GYS0015893	苏州市华豪医疗器械有限公司	生产企业	consumable
GYS0015894	苏州市吴中区东方针灸器械厂	生产企业	consumable
GYS0015895	苏州市嘉盛医疗用品有限公司	生产企业	consumable
GYS0015896	苏州市奥健医卫用品有限公司	生产企业	consumable
GYS0015897	苏州市好护理医疗用品有限公司	生产企业	consumable
GYS0015898	苏州市康力骨科器械有限公司	生产企业	consumable
GYS0015899	苏州市康泰健牙科器材有限公司	生产企业	consumable
GYS0015900	苏州市康耐美义齿有限公司	生产企业	consumable
GYS0015901	苏州市开元医疗器械有限公司	生产企业	consumable
GYS0015902	苏州市恒康医疗器械有限公司	生产企业	consumable
GYS0015903	苏州市惠尔康医疗器械有限公司	生产企业	consumable
GYS0015904	苏州市振吴医疗用品有限公司	生产企业	consumable
GYS0015905	苏州市斯达特胶片有限公司	生产企业	consumable
GYS0015906	苏州市新兴生物磁学研究所	生产企业	consumable
GYS0015907	苏州市新致美义齿有限公司	生产企业	consumable
GYS0015908	苏州市日月星塑胶有限公司	生产企业	consumable
GYS0015909	苏州市晶乐高分子医疗器械有限公司	生产企业	consumable
GYS0015910	苏州市玲光义齿有限公司	生产企业	consumable
GYS0015911	苏州市白雪医疗器械有限公司	生产企业	consumable
GYS0015912	苏州市百世康医疗器械有限公司	生产企业	consumable
GYS0015913	苏州市立普医疗科技有限公司	生产企业	consumable
GYS0015914	苏州市美新迪斯医疗科技有限公司	生产企业	consumable
GYS0015915	苏州市羽铱医疗科技有限公司	生产企业	consumable
GYS0015916	苏州市舒络卫生防护用品厂	生产企业	consumable
GYS0015917	苏州市苏宁床垫有限公司	生产企业	consumable
GYS0015918	苏州市达尔济医疗器械有限公司	生产企业	consumable
GYS0015919	苏州市金盛医疗用品有限公司	生产企业	consumable
GYS0015920	苏州市鑫达医疗器材有限公司	生产企业	consumable
GYS0015921	苏州市银月亮高分子制品有限公司	生产企业	consumable
GYS0015922	苏州市锐铸医疗器械有限公司	生产企业	consumable
GYS0015923	苏州市麦克林医疗器械制品有限公司	生产企业	consumable
GYS0015924	苏州希普生物科技有限公司	生产企业	consumable
GYS0015925	苏州康丽达医疗用品有限公司	生产企业	consumable
GYS0015926	苏州康之韵医疗科技有限公司	生产企业	consumable
GYS0015927	苏州康吉诊断试剂有限公司	生产企业	consumable
GYS0015928	苏州康多机器人有限公司	生产企业	consumable
GYS0015929	苏州康容生物医疗科技有限公司	生产企业	consumable
GYS0015930	苏州康有为医疗科技有限公司	生产企业	consumable
GYS0015931	苏州康腾精密医械有限公司	生产企业	consumable
GYS0015932	苏州弘森药业股份有限公司	生产企业/上市许可持有人	drug
GYS0015933	苏州徕瑞医疗技术有限公司	生产企业	consumable
GYS0015934	苏州御芙蓉日化有限公司	生产企业	consumable
GYS0015935	苏州微创关节医疗科技有限公司	生产企业	consumable
GYS0015936	苏州微创复康医疗科技（集团）有限公司	生产企业	consumable
GYS0015937	苏州微创智行医疗科技有限公司	生产企业	consumable
GYS0015938	苏州微创畅行机器人有限公司	生产企业	consumable
GYS0015939	苏州微创脊柱创伤医疗科技有限公司	生产企业	consumable
GYS0015940	苏州微创阿格斯医疗科技有限公司	生产企业	consumable
GYS0015941	苏州心灯医疗器械有限公司	生产企业	consumable
GYS0015942	苏州必优特医疗器械有限公司	生产企业	consumable
GYS0015943	苏州思维医疗科技有限公司	生产企业	consumable
GYS0015944	苏州恒星医用材料有限公司	生产企业	consumable
GYS0015945	苏州恒瑞宏远医疗科技有限公司	生产企业	consumable
GYS0015946	苏州恒瑞迦俐生生物医药科技有限公司	生产企业	consumable
GYS0015947	苏州恒瑞迪生医疗科技有限公司	生产企业	consumable
GYS0015948	苏州悦来医疗器械有限公司	生产企业	consumable
GYS0015949	苏州惠康源医疗器械有限公司	生产企业	consumable
GYS0015950	苏州扬厉医药科技有限公司	生产企业/上市许可持有人	drug
GYS0015951	苏州敏华医疗器材配套有限公司	生产企业	consumable
GYS0015952	苏州斯丽肤医疗器械科技有限公司	生产企业	consumable
GYS0015953	苏州新云医疗设备有限公司	生产企业	consumable
GYS0015954	苏州新区华盛医疗器械有限公司	生产企业	consumable
GYS0015955	苏州新区圣达卫生器材有限公司	生产企业	consumable
GYS0015956	苏州新区姑苏高分子医用器材有限公司	生产企业	consumable
GYS0015957	苏州新区明基高分子医疗器械有限公司	生产企业	consumable
GYS0015958	苏州新区景欣医疗用品有限公司	生产企业	consumable
GYS0015959	苏州新区金桥工贸有限公司	生产企业	consumable
GYS0015960	苏州新波生物技术有限公司	生产企业/上市许可持有人	drug,consumable
GYS0015961	苏州施莱医疗器械有限公司	生产企业	consumable
GYS0015962	苏州旺山旺水生物医药股份有限公司	生产企业/上市许可持有人	drug
GYS0015963	苏州易普医疗器械有限公司	生产企业	consumable
GYS0015964	苏州昭惠医疗器械有限公司	生产企业	consumable
GYS0015965	苏州晟智医疗科技有限公司	生产企业	consumable
GYS0015966	苏州晨曦生物科技有限公司	生产企业	consumable
GYS0015967	苏州普惠医疗器械有限公司	生产企业	consumable
GYS0015968	苏州普瑞昂生物科技有限责任公司	生产企业	consumable
GYS0015969	苏州普能医疗科技有限公司	生产企业	consumable
GYS0015970	苏州智核生物医药科技有限公司	生产企业/上市许可持有人	drug
GYS0015971	苏州智镜医疗科技有限公司	生产企业	consumable
GYS0015972	苏州朗开医疗技术有限公司	生产企业	consumable
GYS0015973	苏州朗易生物医药研究有限公司	生产企业/上市许可持有人	drug
GYS0015974	苏州朗特斯医疗科技有限公司	生产企业	consumable
GYS0015975	苏州朗科生物技术股份有限公司	生产企业/上市许可持有人	drug
GYS0015976	苏州本立道生医疗科技有限公司	生产企业	consumable
GYS0015977	苏州杜康宁医疗用品有限公司	生产企业	consumable
GYS0015978	苏州杰成医疗科技有限公司	生产企业	consumable
GYS0015979	苏州林华医疗器械股份有限公司	生产企业	consumable
GYS0015980	苏州桓晨医疗科技有限公司	生产企业	consumable
GYS0015981	苏州梵洐医疗科技有限公司	生产企业	consumable
GYS0015982	苏州森锋医疗器械有限公司	生产企业	consumable
GYS0015983	苏州榭睿迦医疗科技发展有限公司	生产企业	consumable
GYS0015984	苏州欣荣博尔特医疗器械有限公司	生产企业	consumable
GYS0015985	苏州欧康维视生物科技有限公司	生产企业/上市许可持有人	drug
GYS0015986	苏州欧美佳医疗器材科技有限公司	生产企业	consumable
GYS0015987	苏州正华生物科技有限公司	生产企业	consumable
GYS0015988	苏州正标医疗用品有限公司	生产企业	consumable
GYS0015989	苏州汇智赢华医疗科技有限公司	生产企业	consumable
GYS0015990	苏州汇涵医用科技发展有限公司	生产企业	consumable
GYS0015991	苏州汉铸医疗科技有限公司	生产企业	consumable
GYS0015992	苏州沃美达医疗器材科技有限公司	生产企业	consumable
GYS0015993	苏州沙力医疗器械有限公司	生产企业	consumable
GYS0015994	苏州法兰克曼医疗器械有限公司	生产企业	consumable
GYS0015995	苏州泰宝生物医疗科技有限公司	生产企业	consumable
GYS0015996	苏州泰科众连医疗器械有限公司	生产企业	consumable
GYS0015997	苏州泽德医疗器械有限公司	生产企业	consumable
GYS0015998	苏州泽璟生物制药股份有限公司	生产企业/上市许可持有人	drug
GYS0015999	苏州洁力医疗科技有限公司	生产企业	consumable
GYS0016000	苏州派克顿科技有限公司	生产企业	consumable
GYS0016001	苏州派康科技有限公司	生产企业	consumable
GYS0016002	苏州浩微生物医疗科技有限公司	生产企业	consumable
GYS0016003	苏州海宇新辰医疗科技有限公司	生产企业	consumable
GYS0016004	苏州海思利福生物医疗科技有限公司	生产企业	consumable
GYS0016005	苏州海思利福生物医疗科技有限公司虎丘分公司	生产企业	consumable
GYS0016006	苏州海狸生物医学工程有限公司	生产企业	consumable
GYS0016007	苏州海神联合医疗器械有限公司	生产企业	consumable
GYS0016008	苏州海维尔医疗器械有限公司	生产企业	consumable
GYS0016009	苏州海路生物技术有限公司	生产企业	consumable
GYS0016010	苏州润楚医疗器械有限公司	生产企业	consumable
GYS0016011	苏州润迈德医疗科技有限公司	生产企业	consumable
GYS0016012	苏州澳力欣精密技术有限公司	生产企业	consumable
GYS0016013	苏州瀚诺馨生物科技有限公司	生产企业	consumable
GYS0016014	苏州火象医疗技术有限公司	生产企业	consumable
GYS0016015	苏州灵岩医疗科技股份有限公司	生产企业	consumable
GYS0016016	苏州爱得科技发展股份有限公司	生产企业	consumable
GYS0016017	苏州爱杰硕医疗科技有限公司	生产企业	consumable
GYS0016018	苏州爱琴生物医疗电子有限公司	生产企业	consumable
GYS0016019	苏州爱科硕科技有限公司	生产企业	consumable
GYS0016020	苏州爱美津制药有限公司	生产企业/上市许可持有人	drug
GYS0016021	苏州特瑞药业股份有限公司	生产企业/上市许可持有人	drug
GYS0016022	苏州特舒美医疗器械有限公司	生产企业	consumable
GYS0016023	苏州玛福乐斯医疗科技有限公司	生产企业	consumable
GYS0016024	苏州瑞全医疗科技有限公司	生产企业	consumable
GYS0016025	苏州瑞卓源医学科技有限公司	生产企业	consumable
GYS0016026	苏州瑞启医疗器械有限公司	生产企业	consumable
GYS0016027	苏州瑞沛思医疗器械有限公司	生产企业	consumable
GYS0016028	苏州瑞美科生物技术有限公司	生产企业	consumable
GYS0016029	苏州瑞美科生物技术有限公司天津分公司	生产企业	consumable
GYS0016030	苏州瑞贝嘉医疗科技有限公司	生产企业	consumable
GYS0016031	苏州申隆医疗仪器有限公司	生产企业	consumable
GYS0016032	苏州皓天医学技术有限公司	生产企业	consumable
GYS0016033	苏州盛迪亚生物医药有限公司	生产企业/上市许可持有人	drug
GYS0016034	苏州睿研纳米医学科技有限公司	生产企业	consumable
GYS0016035	苏州碧丽雅生物科技有限公司	生产企业	consumable
GYS0016036	苏州碧利医疗科技有限公司	生产企业	consumable
GYS0016037	苏州碧迪医疗器械有限公司	生产企业	consumable
GYS0016038	苏州磨思医疗科技有限公司	生产企业	consumable
GYS0016039	苏州神韵医疗器械有限公司	生产企业	consumable
GYS0016040	苏州福尼亚医疗科技有限公司	生产企业	consumable
GYS0016041	苏州秀欣生物科技有限公司	生产企业	consumable
GYS0016042	苏州秀诺光电科技有限公司	生产企业	consumable
GYS0016043	苏州科纳康医疗器械有限公司	生产企业	consumable
GYS0016044	苏州科腾医疗科技有限公司	生产企业	consumable
GYS0016045	苏州竞捷医疗科技有限公司	生产企业	consumable
GYS0016046	苏州第三制药厂有限责任公司	生产企业/上市许可持有人	drug
GYS0016047	苏州第四制药厂有限公司	生产企业/上市许可持有人	drug
GYS0016048	苏州第壹制药有限公司	生产企业/上市许可持有人	drug
GYS0016049	苏州简爱医疗科技有限公司	生产企业	consumable
GYS0016050	苏州米素医疗技术有限公司	生产企业	consumable
GYS0016051	苏州红叶医疗器械有限公司	生产企业	consumable
GYS0016052	苏州纳通生物纳米技术有限公司	生产企业	consumable
GYS0016053	苏州维尔蒙医疗器械有限公司	生产企业	consumable
GYS0016054	苏州美创医疗科技有限公司	生产企业	consumable
GYS0016055	苏州美商福尔医疗仪器有限公司	生产企业	ivd
GYS0016056	苏州美思康科技有限公司	生产企业	consumable
GYS0016057	苏州美沃思医疗科技有限公司	生产企业	consumable
GYS0016058	苏州美港生物医疗科技有限公司	生产企业	consumable
GYS0016059	苏州美迪斯医疗运动用品有限公司	生产企业	consumable
GYS0016060	苏州翌康泰电子科技有限公司	生产企业	consumable
GYS0016061	苏州耀腾医疗器械有限公司	生产企业	consumable
GYS0016062	苏州艾兴无纺布制品有限公司	生产企业	consumable
GYS0016063	苏州艾旺纺织品有限公司	生产企业	consumable
GYS0016064	苏州艾灵一七医疗器械有限公司	生产企业	consumable
GYS0016065	苏州艾美医疗用品有限公司	生产企业	consumable
GYS0016066	苏州苏南捷迈得医疗器械有限公司	生产企业	consumable
GYS0016067	苏州苏豪生物材料科技有限公司	生产企业	consumable
GYS0016068	苏州英佰达医疗器械有限公司	生产企业	consumable
GYS0016069	苏州英时高分子材料有限公司	生产企业	consumable
GYS0016070	苏州英莱特医疗科技有限公司	生产企业	consumable
GYS0016071	苏州英途康医疗科技有限公司	生产企业	consumable
GYS0016072	苏州茂恒智能科技有限公司	生产企业	consumable
GYS0016073	苏州茵络医疗器械有限公司	生产企业	consumable
GYS0016074	苏州荣世医药科技有限公司	生产企业	consumable
GYS0016075	苏州莱士输血器材有限公司	生产企业/上市许可持有人	drug,consumable
GYS0016076	苏州莱诺医疗器械有限公司	生产企业	consumable
GYS0016077	苏州融晟医疗科技有限公司	生产企业	consumable
GYS0016078	苏州西脉红枫生物科技有限公司	生产企业	consumable
GYS0016079	苏州诺尔欣医疗科技有限公司	生产企业	consumable
GYS0016080	苏州诺普再生医学有限公司	生产企业	consumable
GYS0016081	苏州贝康医疗器械有限公司	生产企业	consumable
GYS0016082	苏州贝舒医疗科技有限公司	生产企业	consumable
GYS0016083	苏州贝诺医疗器械有限公司	生产企业	consumable
GYS0016084	苏州贝齿特医疗科技有限公司	生产企业	consumable
GYS0016085	苏州赛普生物科技股份有限公司	生产企业	consumable
GYS0016086	苏州赛润飞医疗器械科技有限公司	生产企业	consumable
GYS0016087	苏州赛溥医疗器械有限公司	生产企业	consumable
GYS0016088	苏州赛纳思医疗技术有限公司	生产企业	consumable
GYS0016089	苏州赛诺秀医疗器械有限公司	生产企业	consumable
GYS0016090	苏州起羽医疗科技有限公司	生产企业	consumable
GYS0016091	苏州越众生物科技有限公司	生产企业	consumable
GYS0016092	苏州达美医疗科技有限公司	生产企业	consumable
GYS0016093	苏州迈得诺意医疗技术有限公司	生产企业	consumable
GYS0016094	苏州迈得诺远医疗技术有限公司	生产企业	consumable
GYS0016095	苏州迈达医疗器械有限公司	生产企业	consumable
GYS0016096	苏州迈迪诺生命科技有限公司	生产企业	consumable
GYS0016097	苏州迪凯尔医疗科技有限公司	生产企业	consumable
GYS0016098	苏州邦伊医疗科技有限公司	生产企业	consumable
GYS0016099	苏州郎和医疗器械科技有限公司	生产企业	consumable
GYS0016100	苏州金保利卫生材料有限公司	生产企业	consumable
GYS0016101	苏州金香玉医疗器械有限公司	生产企业	consumable
GYS0016102	苏州鑫康道医疗科技有限公司	生产企业	consumable
GYS0016103	苏州鑫斯达医疗科技有限公司	生产企业	consumable
GYS0016104	苏州针灸用品有限公司	生产企业	consumable
GYS0016105	苏州铃兰医疗用品有限公司	生产企业	consumable
GYS0016106	苏州铨通医疗科技有限公司	生产企业	consumable
GYS0016107	苏州铼新三维科技有限公司	生产企业	consumable
GYS0016108	苏州锐诺医疗技术有限公司	生产企业	consumable
GYS0016109	苏州锦佳兴生物有限公司	生产企业	consumable
GYS0016110	苏州锦协医疗器械厂	生产企业	consumable
GYS0016111	苏州长征-欣凯制药有限公司	生产企业/上市许可持有人	drug
GYS0016112	苏州阿酷育医疗科技有限公司	生产企业	consumable
GYS0016113	苏州陆氏医用材料有限公司	生产企业	consumable
GYS0016114	苏州陆氏医疗科技有限公司	生产企业	consumable
GYS0016115	苏州雾联医疗科技有限公司	生产企业	consumable
GYS0016116	苏州领微医疗科技有限公司	生产企业	consumable
GYS0016117	苏州首通科技发展有限公司	生产企业	consumable
GYS0016118	苏州鱼跃医疗科技有限公司	生产企业	consumable
GYS0016119	苏州鸿博医疗器械有限公司	生产企业	consumable
GYS0016120	苏州鸿大生物科技有限公司	生产企业	consumable
GYS0016121	苏州鹏铭医疗设备有限公司	生产企业	consumable
GYS0016122	苏州鹿骊医疗科技有限公司	生产企业	consumable
GYS0016123	苏州麦德迅医疗科技有限公司	生产企业	consumable
GYS0016124	苏州鼎安科技有限公司	生产企业	consumable
GYS0016125	苏州鼎鸿医疗科技有限公司	生产企业	consumable
GYS0016126	苏瑞诺（秦皇岛）医疗科技有限公司	生产企业	consumable
GYS0016127	苗方七草（贵州）药械有限公司	生产企业	consumable
GYS0016128	苗泰健康产业（贵州）有限公司	生产企业	consumable
GYS0016129	英之豪（辽宁）生物科技有限公司	生产企业	consumable
GYS0016130	英华融泰医疗科技股份有限公司	生产企业	consumable
GYS0016131	英吉利制药厂有限公司	生产企业/上市许可持有人	drug
GYS0016132	英和（北京）医疗器械科技有限公司	生产企业	consumable
GYS0016133	英姿医疗科技(杭州)有限公司	生产企业	consumable
GYS0016134	英姿医疗科技（湖南）有限公司	生产企业	consumable
GYS0016135	英山县人民医院	制剂配制单位	preparation
GYS0016136	英德市优越义齿技术有限公司	生产企业	consumable
GYS0016137	英德市佳达义齿科技有限公司	生产企业	consumable
GYS0016138	英潍捷基（上海）贸易有限公司	生产企业	consumable
GYS0016139	英特姆（武汉）医疗科技有限公司	生产企业	consumable
GYS0016140	英特格拉生命科技（上海）有限公司	生产企业	consumable
GYS0016141	英特赛克医疗器械（常州）有限公司	生产企业	consumable
GYS0016142	英科新创(厦门)科技股份有限公司	生产企业/上市许可持有人	drug
GYS0016143	英科新创（厦门）科技股份有限公司	生产企业	ivd
GYS0016144	英维谱（浙江）生物科技有限公司	生产企业	consumable
GYS0016145	英诺威特（无锡）医疗科技有限公司	生产企业	consumable
GYS0016146	英诺特（唐山）生物技术有限公司	生产企业	consumable
GYS0016147	英途康医疗科技（长沙）有限公司	生产企业	consumable
GYS0016148	茂名市帕菲克义齿科技有限公司	生产企业	consumable
GYS0016149	茂名市德力康医疗科技有限公司	生产企业	consumable
GYS0016150	茂名市江源乳胶制品有限公司	生产企业	consumable
GYS0016151	茂名市茂南致诚义齿制作部	生产企业	consumable
GYS0016152	茂名锦冠桥义齿有限公司	生产企业	consumable
GYS0016153	茂祥集团吉林制药有限公司	生产企业/上市许可持有人	drug
GYS0016154	茵伯特（上海）医疗技术有限公司	生产企业	consumable
GYS0016155	茵捷斯（合肥）医疗生物科技有限公司	生产企业	consumable
GYS0016156	茵普朗（上海）医疗器械有限公司	生产企业	consumable
GYS0016157	茵络（无锡）医疗器械有限公司	生产企业	consumable
GYS0016158	荆州市中医医院	制剂配制单位	preparation
GYS0016159	荆州市中心医院	制剂配制单位	preparation
GYS0016160	荆州市妇幼保健院	制剂配制单位	preparation
GYS0016161	荆州市津奉药业发展有限公司	生产企业/上市许可持有人	drug
GYS0016162	荆州市皮肤病防治院	制剂配制单位	preparation
GYS0016163	荆州市益海科技有限公司	生产企业	consumable
GYS0016164	荆州思创科技开发有限公司	生产企业	consumable
GYS0016165	荆门博鼎医疗器械有限公司	生产企业	consumable
GYS0016166	荆门市中医医院	制剂配制单位	preparation
GYS0016167	荆门市中医医院（荆门市石化医院）	制剂配制单位	preparation
GYS0016168	荆门市皓然义齿有限公司	生产企业	consumable
GYS0016169	荆门市皮肤病防治	制剂配制单位	preparation
GYS0016170	荆门市皮肤病防治院	制剂配制单位	preparation
GYS0016171	荆门市皮肤病防治院。	制剂配制单位	preparation
GYS0016172	荆门市第一人民医院	制剂配制单位	preparation
GYS0016173	荆门市第二人民医院(荆楚理工学院附属中心医院)	制剂配制单位	preparation
GYS0016174	荆门杉源医疗科技有限公司	生产企业	consumable
GYS0016175	荆门资生堂石膏工业有限公司	生产企业	consumable
GYS0016176	荆门麻城镇光邦石膏企业有限公司	生产企业	consumable
GYS0016177	草仙药业有限公司	生产企业/上市许可持有人	drug
GYS0016178	荣佳（惠州）医疗器械制造有限公司	生产企业	consumable
GYS0016179	荣佳（湖南）医疗器械制造有限公司	生产企业	consumable
GYS0016180	荣佳（衡阳）医疗科技有限公司	生产企业	consumable
GYS0016181	荣嘉医疗科技（集团）有限公司	生产企业	consumable
GYS0016182	荣威（中山）医疗设备有限公司	生产企业	consumable
GYS0016183	荣威（珠海）医疗设备有限公司	生产企业	consumable
GYS0016184	荣康集团广西康世缘制药有限公司	生产企业/上市许可持有人	drug
GYS0016185	荣昌制药(淄博)有限公司	生产企业/上市许可持有人	drug
GYS0016186	荣昌制药（淄博）有限公司	生产企业	consumable
GYS0016187	荣昌生物制药(烟台)股份有限公司	生产企业/上市许可持有人	drug
GYS0016188	荣研生物科技（中国）有限公司	生产企业	consumable
GYS0016189	荣科（苏州）医疗科技有限公司	生产企业	consumable
GYS0016190	药华医药股份有限公司	生产企业/上市许可持有人	drug
GYS0016191	药大制药有限公司	生产企业/上市许可持有人	drug
GYS0016192	药春堂（山东）医疗科技有限公司	生产企业	consumable
GYS0016193	药都制药集团股份有限公司	生产企业/上市许可持有人	drug
GYS0016194	药铭成德(广州)医药科技有限公司	生产企业/上市许可持有人	drug
GYS0016195	荷兰眼科研究中心国际有限公司上海代表处	生产企业	consumable
GYS0016196	荷沐（山东）医疗器械科技有限公司	生产企业	consumable
GYS0016197	莆田市姿力美网络科技有限公司	生产企业	consumable
GYS0016198	莱凯医疗器械（北京）有限公司	生产企业	consumable
GYS0016199	莱博泰克（大连）科技有限公司	生产企业	consumable
GYS0016200	莱州市利康卫生用品厂	生产企业	consumable
GYS0016201	莱州市博爱卫生用品有限公司	生产企业	consumable
GYS0016202	莱弗仕康（上海）医疗器材有限公司	生产企业	ivd
GYS0016203	莱斯卡（北京）商贸有限公司	生产企业	consumable
GYS0016204	莱茵兄弟齿科技术（北京）有限公司	生产企业	consumable
GYS0016205	莱阳司邦得制药有限公司	生产企业/上市许可持有人	drug
GYS0016206	莱阳市江波制药有限责任公司	生产企业/上市许可持有人	drug
GYS0016207	莱阳永康制药有限公司	生产企业	drug
GYS0016208	莲花医疗用品有限公司	生产企业	consumable
GYS0016209	莹硕生技医药股份有限公司	生产企业/上市许可持有人	drug
GYS0016210	菁眸生物科技（上海）有限公司	生产企业	consumable
GYS0016211	菏泽一诺医疗用品有限公司	生产企业	consumable
GYS0016212	菏泽三木卫生材料有限公司	生产企业	consumable
GYS0016213	菏泽华恒医疗器械有限公司	生产企业	consumable
GYS0016214	菏泽卫美健医疗用品有限公司	生产企业	consumable
GYS0016215	菏泽合医医疗器械有限公司	生产企业	consumable
GYS0016216	菏泽嘉睿医疗器械有限公司	生产企业	consumable
GYS0016217	菏泽复康医疗器械有限公司	生产企业	consumable
GYS0016218	菏泽安之康医疗器械有限公司	生产企业	consumable
GYS0016219	菏泽市奇尔立生物科技有限公司	生产企业	consumable
GYS0016220	菏泽市瑞祺医疗器械有限公司	生产企业	consumable
GYS0016221	菏泽市金康医疗器械有限公司	生产企业	consumable
GYS0016222	菏泽庆通轩医疗器械有限公司	生产企业	consumable
GYS0016223	菏泽康君卫生材料有限公司	生产企业	consumable
GYS0016224	菏泽康神药业有限公司	生产企业	consumable
GYS0016225	菏泽康远医疗器械有限公司	生产企业	consumable
GYS0016226	菏泽恒达药业有限公司	生产企业	consumable
GYS0016227	菏泽海希康医疗用品有限公司	生产企业	consumable
GYS0016228	菏泽炫彩数码新材料有限公司	生产企业	consumable
GYS0016229	菏泽瑞富康医药用品有限公司	生产企业	consumable
GYS0016230	菏泽精诚医疗器械有限公司	生产企业	consumable
GYS0016231	菏泽纳康医疗器械有限公司	生产企业	consumable
GYS0016232	菏泽舜源医疗器械有限公司	生产企业	consumable
GYS0016233	菏泽辉康医疗器械有限公司	生产企业	consumable
GYS0016234	菏泽郜翔医疗器械有限公司	生产企业	consumable
GYS0016235	菏泽金宇达医疗器械有限公司	生产企业	consumable
GYS0016236	菏泽高新区德源医药科技有限公司	生产企业	consumable
GYS0016237	菲尔德森（江苏）生物技术有限公司	生产企业	consumable
GYS0016238	菲洋生物科技(吉林)有限公司	生产企业/上市许可持有人	drug
GYS0016239	菲洛维生物科技（山东）有限公司	生产企业	consumable
GYS0016240	萃杰医疗科技（南京）有限公司	生产企业	consumable
GYS0016241	萌蒂(中国)制药有限公司	生产企业/上市许可持有人	drug
GYS0016242	营口三花制药有限公司	生产企业	drug
GYS0016243	营口市永康医疗器械有限公司	生产企业	consumable
GYS0016244	萨乌特（北京）国际贸易有限公司	生产企业	consumable
GYS0016245	萨摩医疗科技（北京）有限公司	生产企业	consumable
GYS0016246	萨科（厦门）医疗科技有限公司	生产企业	consumable
GYS0016247	葛兰素史克(天津)有限公司	生产企业/上市许可持有人	drug
GYS0016248	葛兰素史克日用保健品（中国）有限公司	生产企业	consumable
GYS0016249	葛瀚医用产品国际贸易（上海）有限公司	生产企业	consumable
GYS0016250	葡萄王生技股份有限公司	生产企业/上市许可持有人	drug
GYS0016251	葫芦岛国帝药业有限责任公司	生产企业/上市许可持有人	drug,consumable
GYS0016252	葫芦岛明远魏氏药业有限公司	生产企业	consumable
GYS0016253	葵花药业集团(伊春)有限公司	生产企业/上市许可持有人	drug
GYS0016254	葵花药业集团(佳木斯)有限公司	生产企业/上市许可持有人	drug
GYS0016255	葵花药业集团(冀州)有限公司	生产企业/上市许可持有人	drug
GYS0016256	葵花药业集团(吉林)临江有限公司	生产企业/上市许可持有人	drug
GYS0016257	葵花药业集团(唐山)生物制药有限公司	生产企业/上市许可持有人	drug
GYS0016258	葵花药业集团(衡水)得菲尔有限公司	生产企业/上市许可持有人	drug
GYS0016259	葵花药业集团(襄阳)隆中有限公司	生产企业/上市许可持有人	drug
GYS0016260	葵花药业集团(贵州)宏奇有限公司	生产企业/上市许可持有人	drug
GYS0016261	葵花药业集团佳木斯鹿灵制药有限公司	生产企业	drug
GYS0016262	葵花药业集团湖北武当有限公司	生产企业/上市许可持有人	drug
GYS0016263	葵花药业集团重庆小葵花儿童制药有限公司	生产企业/上市许可持有人	drug
GYS0016264	蒂捷欧医疗器械贸易（上海）有限公司	生产企业	consumable
GYS0016265	蓉元商贸(临沂)有限公司	生产企业	consumable
GYS0016266	蓉泰祥医疗器械有限公司	生产企业	consumable
GYS0016267	蓓静（苏州）医疗科技有限公司	生产企业	consumable
GYS0016268	蓝佳堂生物医药（福建）有限公司	生产企业	consumable
GYS0016269	蓝帆医疗股份有限公司	生产企业	consumable
GYS0016270	蓝戈医药用品（北京）有限公司	生产企业	consumable
GYS0016271	蓝景科信河北生物科技有限公司	生产企业	consumable
GYS0016272	蓝洋药业（辽宁）集团有限公司	生产企业	consumable
GYS0016273	蓝洛医疗（常州）有限公司	生产企业	consumable
GYS0016274	蓝科兴医疗科技（长春）有限公司	生产企业	consumable
GYS0016275	蓝科医美科学技术（吉林）有限公司	生产企业	consumable
GYS0016276	蓝线铂立生命科技（苏州）有限公司	生产企业	consumable
GYS0016277	蓝莫德（天津）科学仪器股份有限公司	生产企业	consumable
GYS0016278	蓬莱诺康药业有限公司	生产企业/上市许可持有人	drug
GYS0016279	蓬莱金创药业有限公司	生产企业	drug
GYS0016280	蔚莱医疗（南京）有限公司	生产企业	consumable
GYS0016281	蕲春丰源健艾生物科技有限公司	生产企业	consumable
GYS0016282	虎丘影像（苏州）股份有限公司	生产企业	consumable
GYS0016283	虎豹医药保健有限公司	生产企业/上市许可持有人	drug
GYS0016284	蚌埠丰原涂山制药有限公司	生产企业/上市许可持有人	drug
GYS0016285	蚌埠佳美仕义齿有限公司	生产企业	consumable
GYS0016286	蚌埠孙庚义齿有限公司	生产企业	consumable
GYS0016287	蚌埠崇迪生物科技有限公司	生产企业	consumable
GYS0016288	蚌埠市环宇工贸有限公司	生产企业	consumable
GYS0016289	蚌埠市瑞祺医疗器械有限公司	生产企业	consumable
GYS0016290	蜀中药业(吉林)有限公司	生产企业/上市许可持有人	drug
GYS0016291	融仁（杭州）医疗器械有限公司	生产企业	consumable
GYS0016292	融冲（深圳）生物医疗科技有限责任公司	生产企业	consumable
GYS0016293	融致丰生制药有限公司	生产企业	drug
GYS0016294	融越医疗科技（江苏）有限公司	生产企业	consumable
GYS0016295	行达医疗科技（菏泽）有限公司	生产企业	consumable
GYS0016296	衡水万辉医疗器械有限公司	生产企业	consumable
GYS0016297	衡水中博康复医疗器械有限公司	生产企业	consumable
GYS0016298	衡水中强医疗器械有限责任公司	生产企业	consumable
GYS0016299	衡水中昊医疗器械有限公司	生产企业	consumable
GYS0016300	衡水乐邦医疗器械有限公司	生产企业	consumable
GYS0016301	衡水仁福医疗器械有限公司	生产企业	consumable
GYS0016302	衡水众邦医疗器械有限公司	生产企业	consumable
GYS0016303	衡水众鑫医疗器械有限公司	生产企业	consumable
GYS0016304	衡水佰孝医疗器械有限公司	生产企业	consumable
GYS0016305	衡水佰斯特医疗器械有限公司	生产企业	consumable
GYS0016306	衡水冠运医疗器械有限公司	生产企业	consumable
GYS0016307	衡水凤宇医疗器械有限公司	生产企业	consumable
GYS0016308	衡水创嘉医疗器械有限公司	生产企业	consumable
GYS0016309	衡水加贝医疗器械有限公司	生产企业	consumable
GYS0016310	衡水劲天医疗器械有限公司	生产企业	consumable
GYS0016311	衡水劲松医疗器械有限公司	生产企业	consumable
GYS0016312	衡水北泓医疗器械有限公司	生产企业	consumable
GYS0016313	衡水医来乐医疗器械有限公司	生产企业	consumable
GYS0016314	衡水千众医疗器械有限公司	生产企业	consumable
GYS0016315	衡水博瑞医疗器械有限公司	生产企业	consumable
GYS0016316	衡水卢岳医疗器械有限公司	生产企业	consumable
GYS0016317	衡水厚德医疗器械有限公司	生产企业	consumable
GYS0016318	衡水合佳医疗器械有限公司	生产企业	consumable
GYS0016319	衡水嘉耀医疗器械有限公司	生产企业	consumable
GYS0016320	衡水国祥医疗器械有限公司	生产企业	consumable
GYS0016321	衡水国辉医疗器械有限公司	生产企业	consumable
GYS0016322	衡水圣友医疗器械有限公司	生产企业	consumable
GYS0016323	衡水圣峰医疗器械有限公司	生产企业	consumable
GYS0016324	衡水培迪医疗器械有限公司	生产企业	consumable
GYS0016325	衡水增力医疗器械有限公司	生产企业	consumable
GYS0016326	衡水复循医疗器械有限公司	生产企业	consumable
GYS0016327	衡水多爱佳医疗器械厂	生产企业	consumable
GYS0016328	衡水天健医疗器材有限公司	生产企业	consumable
GYS0016329	衡水宇健医疗器械有限公司	生产企业	consumable
GYS0016330	衡水宇飞医疗器械有限责任公司	生产企业	consumable
GYS0016331	衡水安佳医疗器械有限公司	生产企业	consumable
GYS0016332	衡水安畅医疗器械有限公司	生产企业	consumable
GYS0016333	衡水市三星医疗用品有限公司	生产企业	consumable
GYS0016334	衡水市冀州区罗脉医疗器械有限公司	生产企业	consumable
GYS0016335	衡水市安帮医疗器材厂	生产企业	consumable
GYS0016336	衡水市宏宁健医疗器械有限公司	生产企业	consumable
GYS0016337	衡水市彤耀医疗器械有限公司	生产企业	consumable
GYS0016338	衡水市昌盛洁医疗器械有限公司	生产企业	consumable
GYS0016339	衡水市睿泽医疗器械有限公司	生产企业	consumable
GYS0016340	衡水市首诺义齿有限公司	生产企业	consumable
GYS0016341	衡水康利达医用制品厂	生产企业	consumable
GYS0016342	衡水康友医疗器械有限公司	生产企业	consumable
GYS0016343	衡水康家旺医疗器械有限公司	生产企业	consumable
GYS0016344	衡水康帝医疗器械有限公司	生产企业	consumable
GYS0016345	衡水康派医疗用品有限公司	生产企业	consumable
GYS0016346	衡水康王医疗器械厂	生产企业	consumable
GYS0016347	衡水康贵医疗器械厂	生产企业	consumable
GYS0016348	衡水康骏医疗器械有限责任公司	生产企业	consumable
GYS0016349	衡水建辉医疗器械有限公司	生产企业	consumable
GYS0016350	衡水弘晟医疗器械有限公司	生产企业	consumable
GYS0016351	衡水彦和医疗器械有限公司	生产企业	consumable
GYS0016352	衡水德康医疗器材厂	生产企业	consumable
GYS0016353	衡水怡青舒袜业有限公司	生产企业	consumable
GYS0016354	衡水恒之康医疗器材有限公司	生产企业	consumable
GYS0016355	衡水恒益医疗器械厂	生产企业	consumable
GYS0016356	衡水悦康医疗器械有限公司	生产企业	consumable
GYS0016357	衡水拓康医疗器械有限责任公司	生产企业	consumable
GYS0016358	衡水搏飞康医疗器械有限公司	生产企业	consumable
GYS0016359	衡水政一医疗器械有限公司	生产企业	consumable
GYS0016360	衡水新世纪医疗器械有限公司	生产企业	consumable
GYS0016361	衡水新康源医疗器械有限公司	生产企业	consumable
GYS0016362	衡水旭康医疗器材有限公司	生产企业	consumable
GYS0016363	衡水昆迈医疗器械有限公司	生产企业	consumable
GYS0016364	衡水明德全瓷义齿有限公司	生产企业	consumable
GYS0016365	衡水明涵医疗器械有限公司	生产企业	consumable
GYS0016366	衡水晟邦医疗器械有限公司	生产企业	consumable
GYS0016367	衡水景康医疗器械有限公司	生产企业	consumable
GYS0016368	衡水杰瑞医疗器械有限公司	生产企业	consumable
GYS0016369	衡水梦康医疗器械有限责任公司	生产企业	consumable
GYS0016370	衡水永健医疗器械厂	生产企业	consumable
GYS0016371	衡水汇得智能科技有限公司	生产企业	consumable
GYS0016372	衡水沃康医疗器械有限公司	生产企业	consumable
GYS0016373	衡水泷洛医疗器械有限公司	生产企业	consumable
GYS0016374	衡水泽涵医疗器械有限公司	生产企业	consumable
GYS0016375	衡水海成医疗器械有限公司	生产企业	consumable
GYS0016376	衡水润德医疗器械有限公司	生产企业	consumable
GYS0016377	衡水港盛医疗器材有限公司	生产企业	consumable
GYS0016378	衡水源江医疗器械厂	生产企业	consumable
GYS0016379	衡水滨湖新区卓辉医疗器械厂	生产企业	consumable
GYS0016380	衡水滨湖新区圣杰医疗器械厂	生产企业	consumable
GYS0016381	衡水滨湖新区复邦医疗器材厂	生产企业	consumable
GYS0016382	衡水滨湖新区康健卫生材料厂	生产企业	consumable
GYS0016383	衡水滨湖新区康德泰鑫卫生保健用品厂	生产企业	consumable
GYS0016384	衡水滨湖新区康瑞医疗器械厂	生产企业	consumable
GYS0016385	衡水滨湖新区恒健医疗器材厂	生产企业	consumable
GYS0016386	衡水滨湖新区松宝医疗器械厂	生产企业	consumable
GYS0016387	衡水滨湖新区毅轩医疗器械厂	生产企业	consumable
GYS0016388	衡水滨湖新区永辉医疗器械厂	生产企业	consumable
GYS0016389	衡水滨湖新区百信医疗器械厂	生产企业	consumable
GYS0016390	衡水滨湖新区腾达医疗器械厂	生产企业	consumable
GYS0016391	衡水滨湖新区迅邦医疗器械厂	生产企业	consumable
GYS0016392	衡水滨湖新区鑫垚医疗器材厂	生产企业	consumable
GYS0016393	衡水热迈医疗器械有限公司	生产企业	consumable
GYS0016394	衡水环湖医疗器械有限公司	生产企业	consumable
GYS0016395	衡水瑞康医疗器械有限责任公司	生产企业	consumable
GYS0016396	衡水瑞腾医疗器械商贸有限公司	生产企业	consumable
GYS0016397	衡水盈聚医疗器械有限公司	生产企业	consumable
GYS0016398	衡水益扬医疗器械有限公司	生产企业	consumable
GYS0016399	衡水祥瑞医疗器械有限责任公司	生产企业	consumable
GYS0016400	衡水祥龙医疗器械有限责任公司	生产企业	consumable
GYS0016401	衡水程康医疗器械有限公司	生产企业	consumable
GYS0016402	衡水精源医疗器械有限公司	生产企业	consumable
GYS0016403	衡水聚友医疗器械厂	生产企业	consumable
GYS0016404	衡水艾尚医疗器械厂	生产企业	consumable
GYS0016405	衡水艾思德特康复器械有限公司	生产企业	consumable
GYS0016406	衡水艾泽医疗器械有限公司	生产企业	consumable
GYS0016407	衡水苏扬医疗器械有限公司	生产企业	consumable
GYS0016408	衡水衡辰医疗器械有限公司	生产企业	consumable
GYS0016409	衡水誉仁医疗器械有限公司	生产企业	consumable
GYS0016410	衡水贵合医疗器械有限公司	生产企业	consumable
GYS0016411	衡水赓烁医疗器械厂	生产企业	consumable
GYS0016412	衡水赛因斯医疗器械有限公司	生产企业	consumable
GYS0016413	衡水迈佰医疗器械有限公司	生产企业	consumable
GYS0016414	衡水金圆医疗器械有限公司	生产企业	consumable
GYS0016415	衡水金旭医疗器械厂	生产企业	consumable
GYS0016416	衡水鑫浩医疗器械有限公司	生产企业	consumable
GYS0016417	衡水鑫润康医疗器械厂	生产企业	consumable
GYS0016418	衡水鑫澳医疗器械有限公司	生产企业	consumable
GYS0016419	衡水鑫硕医疗器械厂	生产企业	consumable
GYS0016420	衡水鑫美康医疗器材厂	生产企业	consumable
GYS0016421	衡水铭如医疗器械有限公司	生产企业	consumable
GYS0016422	衡水阳灿义齿科技有限公司	生产企业	consumable
GYS0016423	衡水鸿凯医疗器械厂	生产企业	consumable
GYS0016424	衡水鸿竹医疗器械科技有限公司	生产企业	consumable
GYS0016425	衡水鼎宝医疗器械有限公司	生产企业	consumable
GYS0016426	衡水鼎治医疗器械有限公司	生产企业	consumable
GYS0016427	衡阳健力客假肢矫形康复有限公司	生产企业	consumable
GYS0016428	衡阳古源制药有限公司	生产企业	drug
GYS0016429	衡阳市力达康医疗器械有限公司	生产企业	consumable
GYS0016430	衡阳市和通医疗器械有限公司	生产企业	consumable
GYS0016431	衡阳市宏瑞洁塑料包装容器有限公司	生产企业	consumable
GYS0016432	衡阳市尼诺生物科技有限公司	生产企业	consumable
GYS0016433	衡阳市爱高医疗器械有限公司	生产企业	consumable
GYS0016434	衡阳市骏发医疗器械有限公司	生产企业	consumable
GYS0016435	衡阳市龙星医疗器械有限公司	生产企业	consumable
GYS0016436	衡阳永盛医疗器械有限公司	生产企业	consumable
GYS0016437	衡阳清润科技有限公司	生产企业	consumable
GYS0016438	裕松源药业有限公司	生产企业/上市许可持有人	drug
GYS0016439	襄阳圣火智能医疗科技有限公司	生产企业	consumable
GYS0016440	襄阳市中医医院	制剂配制单位	preparation
GYS0016441	襄阳市中心医院	制剂配制单位	preparation
GYS0016442	襄阳市杨四郎生物科技有限公司	生产企业	consumable
GYS0016443	襄阳市科瑞杰医疗器械有限公司	生产企业	consumable
GYS0016444	襄阳市第一人民医院	制剂配制单位	preparation
GYS0016445	襄阳志和堂生物科技有限公司	生产企业	consumable
GYS0016446	襄阳普济医院	制剂配制单位	preparation
GYS0016447	襄阳锦坤医疗科技有限公司	生产企业	consumable
GYS0016448	西万拓听力技术（苏州）有限公司	生产企业	consumable
GYS0016449	西南药业股份有限公司	生产企业/上市许可持有人	drug
GYS0016450	西双版纳柬龙制药有限公司	生产企业/上市许可持有人	drug
GYS0016451	西双版纳版纳药业有限责任公司	生产企业/上市许可持有人	drug
GYS0016452	西双版纳雨林制药有限责任公司	生产企业/上市许可持有人	drug
GYS0016453	西宁现代粤蓝齿研新技术有限公司	生产企业	consumable
GYS0016454	西安万如工贸有限公司	生产企业	consumable
GYS0016455	西安万隆制药股份有限公司	生产企业/上市许可持有人	drug
GYS0016456	西安三八妇乐健康产业有限公司	生产企业	consumable
GYS0016457	西安三才电子科技有限公司	生产企业	consumable
GYS0016458	西安三禄德医疗器械有限公司	生产企业	consumable
GYS0016459	西安世纪盛康药业有限公司	生产企业	drug
GYS0016460	西安世茂缘药业商贸有限公司	生产企业/上市许可持有人	drug
GYS0016461	西安中天生物医药有限公司	生产企业	consumable
GYS0016462	西安中安易胜医疗科技有限公司	生产企业	consumable
GYS0016463	西安中科长青医疗科技研究院有限公司	生产企业	consumable
GYS0016464	西安中美康生物科技有限公司	生产企业	consumable
GYS0016465	西安中邦钛生物材料有限公司	生产企业	consumable
GYS0016466	西安丽尼生物科技有限公司	生产企业	consumable
GYS0016467	西安丽康科技有限公司	生产企业	consumable
GYS0016468	西安乐析医疗科技有限公司	生产企业/上市许可持有人	drug,consumable
GYS0016469	西安九洲生物材料有限公司	生产企业	consumable
GYS0016470	西安五洲精密齿研有限公司	生产企业	consumable
GYS0016471	西安京工医疗科技有限公司	生产企业	consumable
GYS0016472	西安京西双鹤药业有限公司	生产企业/上市许可持有人	drug
GYS0016473	西安亮剑科技有限公司	生产企业	consumable
GYS0016474	西安仁仁药业有限公司	生产企业/上市许可持有人	drug
GYS0016475	西安今正制药有限公司	生产企业/上市许可持有人	drug
GYS0016476	西安众智朋诚医药科技有限公司	生产企业	consumable
GYS0016477	西安住邦医疗科技有限公司	生产企业	consumable
GYS0016478	西安佰润医疗器械有限公司	生产企业	consumable
GYS0016479	西安依朵生物科技有限公司	生产企业	consumable
GYS0016480	西安信百欣医药科技有限公司	生产企业/上市许可持有人	drug
GYS0016481	西安光远齿科技术有限公司	生产企业	consumable
GYS0016482	西安凯棣医疗器械有限责任公司	生产企业	consumable
GYS0016483	西安创新医疗器械有限公司	生产企业	consumable
GYS0016484	西安利君制药有限责任公司	生产企业/上市许可持有人	drug
GYS0016485	西安利君康乐制药有限责任公司	生产企业/上市许可持有人	drug
GYS0016486	西安利君方圆制药有限责任公司	生产企业/上市许可持有人	drug
GYS0016487	西安利君精华药业有限责任公司	生产企业	drug
GYS0016488	西安利诺医疗用品有限公司	生产企业	consumable
GYS0016489	西安力邦制药有限公司	生产企业/上市许可持有人	drug
GYS0016490	西安力邦医疗电子有限公司	生产企业	consumable
GYS0016491	西安北方药业有限公司	生产企业	drug
GYS0016492	西安医心演绎医疗科技有限公司	生产企业	consumable
GYS0016493	西安医知侠医疗用品有限公司	生产企业	consumable
GYS0016494	西安千禾药业股份有限公司	生产企业/上市许可持有人	drug
GYS0016495	西安华亚电子有限责任公司	生产企业	consumable
GYS0016496	西安华冠齿科用品有限公司	生产企业	consumable
GYS0016497	西安华天牙科技术有限公司	生产企业	consumable
GYS0016498	西安华悦科技发展有限公司	生产企业	consumable
GYS0016499	西安南山松医疗康复器械有限公司	生产企业	consumable
GYS0016500	西安博和医疗科技有限公司	生产企业	consumable
GYS0016501	西安博奥假肢医疗用品开发有限公司	生产企业	consumable
GYS0016502	西安博恩生物科技有限公司	生产企业	consumable
GYS0016503	西安博爱制药有限责任公司	生产企业/上市许可持有人	drug
GYS0016504	西安原子医药有限公司	生产企业	drug
GYS0016505	西安口乐医疗科技有限公司	生产企业	consumable
GYS0016506	西安吉尔嘉口腔技术有限责任公司	生产企业	consumable
GYS0016507	西安唐盛医疗器械有限公司	生产企业	consumable
GYS0016508	西安回天血液制品有限责任公司	生产企业	drug
GYS0016509	西安圣威制药有限公司	生产企业/上市许可持有人	drug
GYS0016510	西安外科医学科技有限公司	生产企业	consumable
GYS0016511	西安多美冠义齿有限公司	生产企业	consumable
GYS0016512	西安大医集团股份有限公司	生产企业	consumable
GYS0016513	西安大唐制药集团有限公司	生产企业/上市许可持有人	drug
GYS0016514	西安大恒制药有限责任公司	生产企业/上市许可持有人	drug
GYS0016515	西安天一秦昆制药有限责任公司	生产企业/上市许可持有人	drug
GYS0016516	西安天士佳电子科技有限公司	生产企业	consumable
GYS0016517	西安天隆科技有限公司	生产企业	consumable
GYS0016518	西安太极药业有限公司	生产企业/上市许可持有人	drug
GYS0016519	西安好博士医疗科技有限公司	生产企业	consumable
GYS0016520	西安好思达康复器具有限公司	生产企业	consumable
GYS0016521	西安威力医疗器械有限公司	生产企业	consumable
GYS0016522	西安安健药业有限公司	生产企业/上市许可持有人	drug
GYS0016523	西安安泽浩远医疗科技有限公司	生产企业	consumable
GYS0016524	西安宝树灸医疗器械有限公司	生产企业	consumable
GYS0016525	西安容大医疗器械有限公司	生产企业	consumable
GYS0016526	西安富德医疗电子有限公司	生产企业	consumable
GYS0016527	西安巨绅医药科技有限公司	生产企业	consumable
GYS0016528	西安市帕菲克精密义齿有限公司	生产企业	consumable
GYS0016529	西安市恒惠科技有限公司	生产企业	consumable
GYS0016530	西安市新希望医疗器械有限公司	生产企业	consumable
GYS0016531	西安市沣东新城众宝莱医疗器械厂	生产企业	consumable
GYS0016532	西安康华药业有限公司	生产企业/上市许可持有人	drug
GYS0016533	西安康拓医疗技术股份有限公司	生产企业	consumable
GYS0016534	西安康旺抗菌科技股份有限公司	生产企业	consumable
GYS0016535	西安康泰健牙科技术有限公司	生产企业	consumable
GYS0016536	西安康美源义齿科技有限公司	生产企业	consumable
GYS0016537	西安康美源齿科科技有限公司	生产企业	consumable
GYS0016538	西安归素生物科技有限公司	生产企业	consumable
GYS0016539	西安德林齿科科技有限公司	生产企业	consumable
GYS0016540	西安德盛康泰医疗有限公司	生产企业	consumable
GYS0016541	西安德诺海思医疗科技有限公司	生产企业	consumable
GYS0016542	西安必康制药集团有限公司	生产企业/上市许可持有人	drug
GYS0016543	西安必康嘉隆制药有限公司	生产企业	drug
GYS0016544	西安必康心荣制药有限公司	生产企业/上市许可持有人	drug
GYS0016545	西安恒生堂制药有限公司	生产企业	drug
GYS0016546	西安悦冠义齿研制开发有限公司	生产企业	consumable
GYS0016547	西安惠普生物科技有限公司	生产企业	consumable
GYS0016548	西安成诚活动义齿有限公司	生产企业	consumable
GYS0016549	西安拜尔海森生物制药有限公司	生产企业	consumable
GYS0016550	西安新定远精密齿研有限公司	生产企业	consumable
GYS0016551	西安方兴制药有限公司	生产企业	drug
GYS0016552	西安方向医疗技术有限公司	生产企业	consumable
GYS0016553	西安施罗斯健康科技有限公司	生产企业	consumable
GYS0016554	西安昊润康复器具技术有限公司	生产企业	consumable
GYS0016555	西安明仁药业有限公司	生产企业	consumable
GYS0016556	西安朴若医疗科技有限公司	生产企业	consumable
GYS0016557	西安杨森制药有限公司	生产企业/上市许可持有人	drug
GYS0016558	西安杰特盛凯利泰医疗器械有限责任公司	生产企业	consumable
GYS0016559	西安森格药业有限公司	生产企业/上市许可持有人	drug
GYS0016560	西安正大制药有限公司	生产企业/上市许可持有人	drug
GYS0016561	西安正浩生物制药有限公司	生产企业/上市许可持有人	drug
GYS0016562	西安比利嘉华数字医疗技术有限公司	生产企业	consumable
GYS0016563	西安汇智医疗集团有限公司	生产企业	consumable
GYS0016564	西安汇朴成医疗科技有限公司	生产企业	consumable
GYS0016565	西安汉丰药业有限责任公司	生产企业/上市许可持有人	drug
GYS0016566	西安汉方生物工程有限公司	生产企业	consumable
GYS0016567	西安江原安迪科正电子技术有限公司	生产企业	drug
GYS0016568	西安汤臣制药有限公司	生产企业/上市许可持有人	drug
GYS0016569	西安泰安医用敷料有限公司	生产企业	consumable
GYS0016570	西安泽康义齿有限公司	生产企业	consumable
GYS0016571	西安海业医疗设备有限公司	生产企业	consumable
GYS0016572	西安海欣制药有限公司	生产企业	drug
GYS0016573	西安海虹假肢矫形器有限公司	生产企业	consumable
GYS0016574	西安润玉医疗科技有限公司	生产企业	consumable
GYS0016575	西安澜泰药业有限公司	生产企业/上市许可持有人	drug
GYS0016576	西安灭菌消毒设备制造公司	生产企业	consumable
GYS0016577	西安瑞祥义齿制作有限公司	生产企业	consumable
GYS0016578	西安申兰生物医学工程有限公司	生产企业	consumable
GYS0016579	西安登峰数字义齿制作有限公司	生产企业	consumable
GYS0016580	西安盛德康假肢矫形器技术有限公司	生产企业	consumable
GYS0016581	西安真我三维科技有限公司	生产企业	consumable
GYS0016582	西安眼得乐医疗科技有限公司	生产企业	consumable
GYS0016583	西安石宇药业有限公司	生产企业	consumable
GYS0016584	西安碑林药业股份有限公司	生产企业/上市许可持有人	drug
GYS0016585	西安福满医疗科技有限公司	生产企业	consumable
GYS0016586	西安福音康复健康产业有限公司	生产企业	consumable
GYS0016587	西安科力药业有限公司	生产企业/上市许可持有人	drug
GYS0016588	西安科诗美光学科技有限公司	生产企业	consumable
GYS0016589	西安精益齿科技术中心有限公司	生产企业	consumable
GYS0016590	西安维康实业有限公司	生产企业	consumable
GYS0016591	西安美佳家医疗科技有限责任公司	生产企业	consumable
GYS0016592	西安美原齿科器械有限公司	生产企业	consumable
GYS0016593	西安美恒智皓生物科技有限公司	生产企业	consumable
GYS0016594	西安自力中药集团有限公司	生产企业/上市许可持有人	drug
GYS0016595	西安致美齿科技术发展有限公司	生产企业	consumable
GYS0016596	西安臻迈医疗科技有限公司	生产企业	consumable
GYS0016597	西安若朴科技有限公司	生产企业	consumable
GYS0016598	西安英特文医疗器械有限公司	生产企业	consumable
GYS0016599	西安莱赛元康医疗器械有限公司	生产企业	consumable
GYS0016600	西安葛蓝新通制药有限公司	生产企业/上市许可持有人	drug
GYS0016601	西安蓝极医疗电子科技有限公司	生产企业	consumable
GYS0016602	西安蓝风生物科技有限公司	生产企业	consumable
GYS0016603	西安裕杰康复辅具有限公司	生产企业	consumable
GYS0016604	西安西京医疗用品有限公司	生产企业	consumable
GYS0016605	西安诺德雅科技有限责任公司	生产企业	consumable
GYS0016606	西安贝复康医疗器械有限公司	生产企业	consumable
GYS0016607	西安赛思生物科技有限公司	生产企业	consumable
GYS0016608	西安超创义齿医疗器械有限公司	生产企业	consumable
GYS0016609	西安达莫制药有限公司	生产企业/上市许可持有人	drug
GYS0016610	西安迈格纳特医疗科技有限公司	生产企业	consumable
GYS0016611	西安远大德天药业股份有限公司	生产企业/上市许可持有人	drug
GYS0016612	西安远大科创医药科技有限公司	生产企业/上市许可持有人	drug
GYS0016613	西安远鸿科技有限责任公司	生产企业	consumable
GYS0016614	西安迪赛生物药业有限责任公司	生产企业/上市许可持有人	drug
GYS0016615	西安通标医疗器械有限公司	生产企业	consumable
GYS0016616	西安逸思芙医疗器械科技有限责任公司	生产企业	consumable
GYS0016617	西安量极医疗设备有限公司	生产企业	consumable
GYS0016618	西安金佰润医疗器械有限公司	生产企业	consumable
GYS0016619	西安金典义齿制作有限公司	生产企业	consumable
GYS0016620	西安金田中医药科技有限公司	生产企业	consumable
GYS0016621	西安铂力特增材技术股份有限公司	生产企业	consumable
GYS0016622	西安锦达医疗科技有限公司	生产企业	consumable
GYS0016623	西安阿房宫药业股份有限公司	生产企业/上市许可持有人	drug
GYS0016624	西安阿曼卡医疗器械有限公司	生产企业	consumable
GYS0016625	西安隆特姆医疗科技有限公司	生产企业	consumable
GYS0016626	西安雅登特医学技术有限公司	生产企业	consumable
GYS0016627	西安雅致齿科有限公司	生产企业	consumable
GYS0016628	西安青松康业医疗技术有限公司	生产企业	consumable
GYS0016629	西安顺康制药有限公司	生产企业/上市许可持有人	drug
GYS0016630	西安风华药业有限公司	生产企业/上市许可持有人	drug
GYS0016631	西安马克医疗科技有限公司	生产企业	consumable
GYS0016632	西安高科陕西金方药业公司	生产企业	drug
GYS0016633	西安高通医学发展有限公司	生产企业	consumable
GYS0016634	西安鸿福科技发展有限责任公司	生产企业	consumable
GYS0016635	西尔欧（中国）医疗设备有限公司	生产企业	consumable
GYS0016636	西岭（镇江）医疗科技有限公司	生产企业	consumable
GYS0016637	西施兰(南阳)药业股份有限公司	生产企业/上市许可持有人	drug
GYS0016638	西泰克医疗器械（天津）有限公司	生产企业	consumable
GYS0016639	西洁医疗科技（杭州）有限公司	生产企业	consumable
GYS0016640	西洲医药科技(浙江)有限公司	生产企业/上市许可持有人	drug
GYS0016641	西藏中卫诚康药业有限公司	生产企业/上市许可持有人	drug
GYS0016642	西藏仙露藏药有限公司	生产企业/上市许可持有人	drug
GYS0016643	西藏传灵药业有限公司	生产企业	consumable
GYS0016644	西藏冠盖医药有限公司	生产企业/上市许可持有人	drug
GYS0016645	西藏创冠义齿医疗器械有限公司	生产企业	consumable
GYS0016646	西藏创投气体技术有限公司	生产企业	consumable
GYS0016647	西藏奇正藏药股份有限公司	生产企业/上市许可持有人	drug
GYS0016648	西藏安星医药有限公司	生产企业/上市许可持有人	drug
GYS0016649	西藏宏晟医药科技有限公司	生产企业	consumable
GYS0016650	西藏寰驰医疗器械有限公司	生产企业	consumable
GYS0016651	西藏山南雍布拉康藏药厂	生产企业	drug
GYS0016652	西藏昌都光宇利民药业有限责任公司	生产企业/上市许可持有人	drug
GYS0016653	西藏昌都日通藏医药研制中心有限责任公司	生产企业/上市许可持有人	drug
GYS0016654	西藏林芝宇拓藏药有限责任公司	生产企业	drug
GYS0016655	西藏海容唐果药业有限公司	生产企业	drug
GYS0016656	西藏珠峰寿高生物药业有限公司	生产企业/上市许可持有人	drug
GYS0016657	西藏甘露医疗器械股份有限公司	生产企业	consumable
GYS0016658	西藏甘露医药科技有限责任公司	生产企业	consumable
GYS0016659	西藏甘露藏药股份有限公司	生产企业/上市许可持有人	drug
GYS0016660	西藏神猴药业有限责任公司	生产企业/上市许可持有人	drug
GYS0016661	西藏米田药业有限公司	生产企业/上市许可持有人	drug
GYS0016662	西藏藏医药大学藏药有限公司	生产企业/上市许可持有人	drug
GYS0016663	西藏藏药集团股份有限公司	生产企业/上市许可持有人	drug
GYS0016664	西藏藏诺药业股份有限公司	生产企业	drug
GYS0016665	西藏诺泽生物医药有限公司	生产企业/上市许可持有人	drug
GYS0016666	西藏诺迪康科技发展有限公司	生产企业/上市许可持有人	drug
GYS0016667	西藏诺迪康药业股份有限公司	生产企业/上市许可持有人	drug
GYS0016668	西藏贝珠雅药业有限公司	生产企业	consumable
GYS0016669	西藏贝珠雅药业（集团）有限公司	生产企业	consumable
GYS0016670	西藏邦臣药业集团有限公司	生产企业/上市许可持有人	drug
GYS0016671	西藏金哈达药业有限公司	生产企业	drug
GYS0016672	西藏金岳医药有限公司	生产企业	consumable
GYS0016673	西藏金珠雅砻藏药有限责任公司	生产企业/上市许可持有人	drug
GYS0016674	西藏雄巴拉曲神水藏药有限公司	生产企业/上市许可持有人	drug
GYS0016675	西藏龙布藏药有限公司	生产企业	consumable
GYS0016676	西诺医疗器械集团有限公司	生产企业	consumable
GYS0016677	西诺医疗器械（深圳）有限公司	生产企业	consumable
GYS0016678	要素(上海)医疗科技有限公司	生产企业/上市许可持有人	drug
GYS0016679	言启医疗器械（杭州）有限责任公司	生产企业	consumable
GYS0016680	许昌众帮医疗器械有限公司	生产企业	consumable
GYS0016681	许昌恒佳源医药科技有限公司	生产企业	consumable
GYS0016682	许昌恒生制药有限公司	生产企业/上市许可持有人	drug
GYS0016683	许昌振德医用敷料有限公司	生产企业	consumable
GYS0016684	许昌正德医疗用品有限公司	生产企业	consumable
GYS0016685	许昌渊满医疗器械有限公司	生产企业	consumable
GYS0016686	许昌茂瑞科技有限公司	生产企业	consumable
GYS0016687	许昌高新制药有限公司	生产企业/上市许可持有人	drug
GYS0016688	诗洛夕（苏州）生物科技有限公司	生产企业	consumable
GYS0016689	诚来医药（北京）有限公司	生产企业	consumable
GYS0016690	诸暨市伟美牙科器械有限公司	生产企业	consumable
GYS0016691	诸暨市城南舒达医疗用品厂	生产企业	consumable
GYS0016692	诸暨市康伟医疗卫生用品厂	生产企业	consumable
GYS0016693	诸暨市鹏天医疗器械有限公司	生产企业	consumable
GYS0016694	诺一迈尔（山东）医学科技有限公司	生产企业	consumable
GYS0016695	诺一迈尔（苏州）医学科技有限公司	生产企业	consumable
GYS0016696	诺仕可立（厦门）科技有限公司	生产企业	consumable
GYS0016697	诺众生（从江）药业有限公司	生产企业	consumable
GYS0016698	诺保科商贸（上海）有限公司	生产企业	consumable
GYS0016699	诺信医学科技（山东）有限公司	生产企业	consumable
GYS0016700	诺利塔（固安）医疗器械有限公司	生产企业	consumable
GYS0016701	诺和诺德(中国)制药有限公司	生产企业/上市许可持有人	drug
GYS0016702	诺和诺德（中国）制药有限公司	生产企业	consumable
GYS0016703	诺尔医疗（深圳）有限公司	生产企业	consumable
GYS0016704	诺米尼（广东）医疗科技有限公司	生产企业	consumable
GYS0016705	诺美博医疗科技南通有限公司	生产企业	consumable
GYS0016706	诺鑫（南通）医疗技术有限公司	生产企业	consumable
GYS0016707	谱创医疗科技(上海)有限公司	生产企业	consumable
GYS0016708	谱高医疗科技(南京)有限公司	生产企业	consumable
GYS0016709	象山华美塑料制品有限公司	生产企业	consumable
GYS0016710	豪孚迪医疗器械（上海）有限公司	生产企业	consumable
GYS0016711	豪洛捷医疗科技（北京）有限公司	生产企业	consumable
GYS0016712	豪洛捷（上海）医疗用品有限公司	生产企业	consumable
GYS0016713	豪雅捷美士（宁波）医疗器械有限公司	生产企业	consumable
GYS0016714	豪雅（深圳）医疗器械咨询有限公司	生产企业	consumable
GYS0016715	贝克凯德生物科技（天津）有限公司	生产企业	consumable
GYS0016716	贝克诺顿(浙江)制药有限公司	生产企业/上市许可持有人	drug
GYS0016717	贝可维（浙江）医疗科技有限公司	生产企业	consumable
GYS0016718	贝尔泰克医疗器械江苏有限公司	生产企业	consumable
GYS0016719	贝思德迩医疗器材（广州）有限公司	生产企业	consumable
GYS0016720	贝恩医疗设备（广州）有限公司	生产企业	consumable
GYS0016721	贝恩医疗设备（湖南）有限公司	生产企业	consumable
GYS0016722	贝拉医疗科技（苏州）有限公司	生产企业	consumable
GYS0016723	贝敦克医疗科技江苏有限公司	生产企业	consumable
GYS0016724	贝普医疗科技股份有限公司	生产企业	consumable
GYS0016725	贝朗医疗(苏州)有限公司	生产企业/上市许可持有人	drug
GYS0016726	贝朗医疗（上海）国际贸易有限公司	生产企业	consumable
GYS0016727	贝朗医疗（山东）有限公司	生产企业	consumable
GYS0016728	贝朗医疗（苏州）有限公司	生产企业	consumable
GYS0016729	贝朗爱敦（上海）贸易有限公司	生产企业	consumable
GYS0016730	贝特丽医疗器材（武汉）有限公司	生产企业	consumable
GYS0016731	贝维医疗科技（杭州）有限公司	生产企业	consumable
GYS0016732	贝而克合翔医疗设备（上海）有限公司	生产企业	consumable
GYS0016733	贝达药业股份有限公司	生产企业/上市许可持有人	drug
GYS0016734	贝迪诺恩（北京）医药科技有限公司	生产企业	consumable
GYS0016735	贯皓医疗科技（惠州市）有限公司	生产企业	consumable
GYS0016736	贯诚医疗科技（上海）有限公司	生产企业	consumable
GYS0016737	贰美医疗用品（山东）有限公司	生产企业	consumable
GYS0016738	贴力（上海）生物科技有限公司	生产企业	consumable
GYS0016739	贵州七草药业有限公司	生产企业	consumable
GYS0016740	贵州万胜药业有限责任公司	生产企业/上市许可持有人	drug
GYS0016741	贵州万顺堂药业有限公司	生产企业/上市许可持有人	drug
GYS0016742	贵州三仁堂药业有限公司	生产企业/上市许可持有人	drug
GYS0016743	贵州三力制药有限责任公司	生产企业	drug
GYS0016744	贵州三力制药股份有限公司	生产企业/上市许可持有人	drug
GYS0016745	贵州东仪医疗器械有限公司	生产企业	consumable
GYS0016746	贵州乐恩生物科技有限公司	生产企业	consumable
GYS0016747	贵州云峰药业有限公司	生产企业/上市许可持有人	drug
GYS0016748	贵州仁仁药业有限公司	生产企业	consumable
GYS0016749	贵州仁姆丹制药有限公司	生产企业	consumable
GYS0016750	贵州众为牙科数字科技有限公司	生产企业	consumable
GYS0016751	贵州众基义齿科技有限公司	生产企业	consumable
GYS0016752	贵州佰年药业有限公司	生产企业	consumable
GYS0016753	贵州佰草金方苗药有限公司	生产企业	consumable
GYS0016754	贵州佰诺康生物医药开发有限公司	生产企业	consumable
GYS0016755	贵州佳羽达医疗科技有限公司	生产企业	consumable
GYS0016756	贵州侗仁堂苗药有限公司	生产企业	consumable
GYS0016757	贵州信邦制药股份有限公司	生产企业/上市许可持有人	drug
GYS0016758	贵州健兴药业有限公司	生产企业/上市许可持有人	drug
GYS0016759	贵州健圣堂医药有限公司	生产企业/上市许可持有人	drug
GYS0016760	贵州健圣堂药业有限公司	生产企业	drug
GYS0016761	贵州光正制药有限责任公司	生产企业/上市许可持有人	drug
GYS0016762	贵州关德兴宝芝林药业有限公司	生产企业	drug
GYS0016763	贵州利众药业有限公司	生产企业	consumable
GYS0016764	贵州利普科技有限公司	生产企业	consumable
GYS0016765	贵州华奥药械有限公司	生产企业	consumable
GYS0016766	贵州华瑞美义齿有限公司	生产企业	consumable
GYS0016767	贵州古益通医药科技有限公司	生产企业	consumable
GYS0016768	贵州君之堂制药有限公司	生产企业	drug
GYS0016769	贵州和和医疗器械有限公司	生产企业	consumable
GYS0016770	贵州和和医疗器械有限公司安龙县分公司	生产企业	consumable
GYS0016771	贵州嘉毅医疗科技有限公司	生产企业	consumable
GYS0016772	贵州国联健和药业有限公司	生产企业	consumable
GYS0016773	贵州圣济堂制药有限公司	生产企业/上市许可持有人	drug
GYS0016774	贵州圣都药业有限公司	生产企业/上市许可持有人	drug,consumable
GYS0016775	贵州地道药业有限公司	生产企业/上市许可持有人	drug
GYS0016776	贵州多米健康科技有限公司	生产企业	consumable
GYS0016777	贵州大一药业有限公司	生产企业/上市许可持有人	drug
GYS0016778	贵州大隆药业有限责任公司	生产企业/上市许可持有人	drug
GYS0016779	贵州天使医疗器材有限公司	生产企业	consumable
GYS0016780	贵州天地医疗器械有限责任公司	生产企业	consumable
GYS0016781	贵州天地药业有限责任公司	生产企业/上市许可持有人	drug
GYS0016782	贵州天安药业股份有限公司	生产企业/上市许可持有人	drug
GYS0016783	贵州太和制药有限公司	生产企业/上市许可持有人	drug
GYS0016784	贵州奇源生物制品有限公司	生产企业/上市许可持有人	drug
GYS0016785	贵州奥特药业有限公司	生产企业/上市许可持有人	drug
GYS0016786	贵州好苗医医药科技有限公司	生产企业	consumable
GYS0016787	贵州如来生物制药有限公司	生产企业	consumable
GYS0016788	贵州威克斯医疗科技有限公司	生产企业	consumable
GYS0016789	贵州威利德制药有限公司	生产企业/上市许可持有人	drug
GYS0016790	贵州威客科技有限责任公司	生产企业	consumable
GYS0016791	贵州威门药业股份有限公司	生产企业/上市许可持有人	drug
GYS0016792	贵州安桥医疗器械有限公司	生产企业	consumable
GYS0016793	贵州安迪医疗设备有限公司	生产企业	consumable
GYS0016794	贵州安迪药械有限公司	生产企业	consumable
GYS0016795	贵州安顺西秀制药有限责任公司	生产企业/上市许可持有人	drug
GYS0016796	贵州宏宇药业有限公司	生产企业/上市许可持有人	drug
GYS0016797	贵州宝昱九州药业有限公司	生产企业	consumable
GYS0016798	贵州家诚药业有限责任公司	生产企业/上市许可持有人	drug
GYS0016799	贵州富华药业有限责任公司	生产企业/上市许可持有人	drug
GYS0016800	贵州康世奥药业有限公司	生产企业	consumable
GYS0016801	贵州康义药械有限公司	生产企业	consumable
GYS0016802	贵州康琦药械有限公司	生产企业	consumable
GYS0016803	贵州弘康药业有限公司	生产企业/上市许可持有人	drug
GYS0016804	贵州弘泽制药有限公司	生产企业/上市许可持有人	drug
GYS0016805	贵州径道堂药业有限责任公司	生产企业	consumable
GYS0016806	贵州得轩堂护康药业股份有限公司	生产企业/上市许可持有人	drug
GYS0016807	贵州御丹堂药业有限公司	生产企业	consumable
GYS0016808	贵州微诺通生物科技有限公司	生产企业	consumable
GYS0016809	贵州微道众创医疗器械有限公司	生产企业	consumable
GYS0016810	贵州德昌祥医药股份有限公司	生产企业/上市许可持有人	drug
GYS0016811	贵州德良方药业股份有限公司	生产企业/上市许可持有人	drug
GYS0016812	贵州心意药业有限责任公司	生产企业	consumable
GYS0016813	贵州恒和制药有限公司	生产企业/上市许可持有人	drug
GYS0016814	贵州恒霸药业有限责任公司	生产企业	drug
GYS0016815	贵州恩科达医疗科技有限公司	生产企业	consumable
GYS0016816	贵州扬生医用器材有限公司	生产企业	consumable
GYS0016817	贵州拉雅科技有限公司	生产企业	ivd
GYS0016818	贵州拜特制药有限公司	生产企业	drug
GYS0016819	贵州新航药业有限公司	生产企业	consumable
GYS0016820	贵州昊泰药业有限公司	生产企业	consumable
GYS0016821	贵州景峰注射剂有限公司	生产企业/上市许可持有人	drug
GYS0016822	贵州景诚制药有限公司	生产企业/上市许可持有人	drug
GYS0016823	贵州术鼎医疗科技有限公司	生产企业	consumable
GYS0016824	贵州李济堂民族医药科技有限公司	生产企业	consumable
GYS0016825	贵州杨百年药业有限公司	生产企业	consumable
GYS0016826	贵州柏强制药有限公司	生产企业/上市许可持有人	drug
GYS0016827	贵州梓锐科技有限公司	生产企业	consumable
GYS0016828	贵州梵天苗成医疗器械科技有限公司	生产企业	consumable
GYS0016829	贵州森鑫苗康生物科技有限公司	生产企业	consumable
GYS0016830	贵州欧鑫达医疗器械有限公司	生产企业	consumable
GYS0016831	贵州正鑫实业有限公司	生产企业	consumable
GYS0016832	贵州民族药业股份有限公司	生产企业/上市许可持有人	drug
GYS0016833	贵州永美健医疗器械有限公司	生产企业	consumable
GYS0016834	贵州汇正制药有限责任公司	生产企业/上市许可持有人	drug
GYS0016835	贵州汉方制药有限公司	生产企业	drug
GYS0016836	贵州汉方药业有限公司	生产企业/上市许可持有人	drug
GYS0016837	贵州泛德制药有限公司	生产企业/上市许可持有人	drug
GYS0016838	贵州泰科医疗科技有限公司	生产企业	consumable
GYS0016839	贵州泰邦生物制品有限公司	生产企业/上市许可持有人	drug
GYS0016840	贵州济生制药有限公司	生产企业/上市许可持有人	drug
GYS0016841	贵州浩诚药业有限公司	生产企业	drug
GYS0016842	贵州海思诺药业有限公司	生产企业	consumable
GYS0016843	贵州润生制药有限公司	生产企业/上市许可持有人	drug
GYS0016844	贵州源和药业有限公司	生产企业	drug,consumable
GYS0016845	贵州爱的妇儿医疗工业有限公司	生产企业	consumable
GYS0016846	贵州特色制药有限责任公司	生产企业/上市许可持有人	drug
GYS0016847	贵州瑞丰诺尔医疗器械有限公司	生产企业	consumable
GYS0016848	贵州瑞和制药有限公司	生产企业/上市许可持有人	drug
GYS0016849	贵州百灵企业集团制药股份有限公司	生产企业/上市许可持有人	drug
GYS0016850	贵州百灵企业集团和仁堂药业有限公司	生产企业/上市许可持有人	drug
GYS0016851	贵州百灵企业集团正鑫药业有限公司	生产企业/上市许可持有人	drug
GYS0016852	贵州益佰制药股份有限公司	生产企业/上市许可持有人	drug
GYS0016853	贵州益佰女子大药厂有限责任公司	生产企业/上市许可持有人	drug
GYS0016854	贵州益康制药有限公司	生产企业/上市许可持有人	drug
GYS0016855	贵州益思达医疗科技集团有限责任公司	生产企业	consumable
GYS0016856	贵州盛世泰合医药科技有限公司	生产企业	consumable
GYS0016857	贵州盛世龙方制药股份有限公司	生产企业/上市许可持有人	drug
GYS0016858	贵州省创鼎生物科技有限公司	生产企业	consumable
GYS0016859	贵州省太大生物科技有限公司	生产企业	consumable
GYS0016860	贵州省科晖制药厂	生产企业/上市许可持有人	drug
GYS0016861	贵州省科晖制药有限公司	生产企业/上市许可持有人	drug
GYS0016862	贵州省贵成医药科技有限公司	生产企业	consumable
GYS0016863	贵州神奇柏盛堂医药科技有限公司	生产企业	consumable
GYS0016864	贵州神奇药业有限公司	生产企业/上市许可持有人	drug
GYS0016865	贵州福亿医疗有限公司	生产企业	consumable
GYS0016866	贵州科伦药业有限公司	生产企业/上市许可持有人	drug
GYS0016867	贵州科盛康制药有限公司	生产企业	consumable
GYS0016868	贵州科福丽康制药有限公司	生产企业	drug
GYS0016869	贵州科辉制药有限责任公司	生产企业/上市许可持有人	drug
GYS0016870	贵州科顿制药有限责任公司	生产企业/上市许可持有人	drug
GYS0016871	贵州精艺牙科技术有限公司	生产企业	consumable
GYS0016872	贵州维康子帆药业股份有限公司	生产企业	drug
GYS0016873	贵州绿太阳制药有限公司	生产企业/上市许可持有人	drug
GYS0016874	贵州缔谊健康制药有限公司	生产企业/上市许可持有人	drug
GYS0016875	贵州美洁如义齿科技有限公司	生产企业	consumable
GYS0016876	贵州联盛药业有限公司	生产企业/上市许可持有人	drug
GYS0016877	贵州舜耕药业有限公司	生产企业	consumable
GYS0016878	贵州良济医疗器械有限公司	生产企业	consumable
GYS0016879	贵州良济药业有限公司	生产企业/上市许可持有人	drug
GYS0016880	贵州芭沙健康产业有限公司	生产企业	consumable
GYS0016881	贵州苗之灵药业股份有限公司	生产企业	consumable
GYS0016882	贵州苗仁堂生物医药科技有限责任公司	生产企业/上市许可持有人	drug
GYS0016883	贵州苗侗健康产业有限公司	生产企业	consumable
GYS0016884	贵州苗侗齐方生物科技有限公司	生产企业	consumable
GYS0016885	贵州苗修堂医药科技有限公司	生产企业	consumable
GYS0016886	贵州苗太药业（集团）有限公司	生产企业	consumable
GYS0016887	贵州苗家奇药药业有限责任公司	生产企业	consumable
GYS0016888	贵州苗康医药科技有限公司	生产企业	consumable
GYS0016889	贵州苗德堂药业有限公司	生产企业	consumable
GYS0016890	贵州苗正药业有限公司	生产企业	consumable
GYS0016891	贵州苗瑶药业有限公司	生产企业	consumable
GYS0016892	贵州苗百通药业有限公司	生产企业	consumable
GYS0016893	贵州苗老圣药业有限公司	生产企业	consumable
GYS0016894	贵州苗老爹民本医药器械有限责任公司	生产企业	consumable
GYS0016895	贵州苗联堂医药科技有限公司	生产企业	consumable
GYS0016896	贵州苗药药业有限公司	生产企业	drug,consumable
GYS0016897	贵州苗通药业有限公司	生产企业	consumable
GYS0016898	贵州苗邦药业科技有限公司	生产企业	consumable
GYS0016899	贵州苗里医药创新科技有限公司	生产企业	consumable
GYS0016900	贵州薇美诺科技有限公司	生产企业	consumable
GYS0016901	贵州贝斯生物科技有限公司	生产企业	consumable
GYS0016902	贵州贝海德生物科技有限公司	生产企业	consumable
GYS0016903	贵州达锋生物科技有限公司	生产企业	consumable
GYS0016904	贵州远程制药有限责任公司	生产企业/上市许可持有人	drug
GYS0016905	贵州金桥药业有限公司	生产企业	drug
GYS0016906	贵州金玖生物技术有限公司	生产企业	consumable
GYS0016907	贵州长生药业有限责任公司	生产企业/上市许可持有人	drug
GYS0016908	贵州阜康仁制药有限公司	生产企业/上市许可持有人	drug
GYS0016909	贵州青苗世家药业有限公司	生产企业	consumable
GYS0016910	贵州顺健制药有限公司	生产企业/上市许可持有人	drug
GYS0016911	贵州颐和药业有限公司	生产企业/上市许可持有人	drug
GYS0016912	贵州飞云岭药业股份有限公司	生产企业/上市许可持有人	drug
GYS0016913	贵州骏江实业有限公司	生产企业	consumable
GYS0016914	贵州高亿医疗科技研发有限责任公司	生产企业	consumable
GYS0016915	贵州高原彝药厂有限公司	生产企业	drug
GYS0016916	贵州高澄医疗器械有限公司	生产企业	consumable
GYS0016917	贵州黄果树立爽药业有限公司	生产企业/上市许可持有人	drug
GYS0016918	贵州黔药集团制药有限公司	生产企业/上市许可持有人	drug
GYS0016919	贵州黔郡艾艾业有限公司	生产企业	consumable
GYS0016920	贵州齐鑫药业有限公司	生产企业	consumable
GYS0016921	贵港市桂艾健康科技有限公司	生产企业	consumable
GYS0016922	贵阳兆华数字化义齿制作中心	生产企业	consumable
GYS0016923	贵阳卫生材料厂	生产企业/上市许可持有人	drug
GYS0016924	贵阳市沙玛药业有限公司	生产企业	consumable
GYS0016925	贵阳德臻朗朗科技有限公司	生产企业	consumable
GYS0016926	贵阳恒昌义齿制作有限公司	生产企业	consumable
GYS0016927	贵阳新天药业股份有限公司	生产企业/上市许可持有人	drug
GYS0016928	贵阳新洋诚义齿有限公司	生产企业	consumable
GYS0016929	贵阳永乐药业有限公司	生产企业/上市许可持有人	drug
GYS0016930	贵阳派瑞义齿医疗器械有限公司	生产企业	consumable
GYS0016931	贵阳济仁堂药业有限公司	生产企业/上市许可持有人	drug
GYS0016932	贵阳润丰制药有限公司	生产企业	drug
GYS0016933	贵阳福尔康医疗器材有限公司	生产企业	consumable
GYS0016934	贵阳福尔康医疗器材有限公司江岸分公司	生产企业	consumable
GYS0016935	贵阳科福制药有限公司	生产企业/上市许可持有人	drug
GYS0016936	贵阳金典美域义齿制作有限公司	生产企业	consumable
GYS0016937	费森尤斯医药用品（上海）有限公司	生产企业	consumable
GYS0016938	费森尤斯卡比(广州)医疗用品有限公司	生产企业/上市许可持有人	drug
GYS0016939	费森尤斯卡比华瑞制药有限公司	生产企业/上市许可持有人	drug,consumable
GYS0016940	费森尤斯卡比（中国）投资有限公司	生产企业	consumable
GYS0016941	费森尤斯卡比（南昌）医疗器械有限公司	生产企业	consumable
GYS0016942	费森尤斯卡比（广州）医疗用品有限公司	生产企业	consumable
GYS0016943	费雪派克医疗保健（广州）有限公司	生产企业	consumable
GYS0016944	赛乐（常州）医疗科技股份有限公司	生产企业	consumable
GYS0016945	赛克赛斯生物科技股份有限公司	生产企业	consumable
GYS0016946	赛客（厦门）医疗器械有限公司	生产企业	consumable
GYS0016947	赛德生物科技（山东)有限责任公司	生产企业	consumable
GYS0016948	赛昂国际医疗技术江苏有限公司	生产企业	consumable
GYS0016949	赛普生物科技（南通）有限公司	生产企业	consumable
GYS0016950	赛灵药业科技集团股份有限公司	生产企业/上市许可持有人	drug
GYS0016951	赛珂无锡医疗科技有限公司	生产企业	consumable
GYS0016952	赛班利（东莞）医疗器械有限公司	生产企业	consumable
GYS0016953	赛百年医疗科技（武汉）有限公司	生产企业	consumable
GYS0016954	赛真（北京）生物技术有限公司	生产企业	consumable
GYS0016955	赛肤迈德医疗科技（杭州）有限公司	生产企业	consumable
GYS0016956	赛莱斯实业（杭州）有限公司	生产企业	consumable
GYS0016957	赛诺医疗科学技术股份有限公司	生产企业	consumable
GYS0016958	赛诺微医疗科技（北京）有限公司	生产企业	consumable
GYS0016959	赛诺微医疗科技（浙江）有限公司	生产企业	consumable
GYS0016960	赛诺神畅医疗科技有限公司	生产企业	consumable
GYS0016961	赛诺菲(北京)制药有限公司	生产企业/上市许可持有人	drug
GYS0016962	赛诺菲(杭州)制药有限公司	生产企业/上市许可持有人	drug
GYS0016963	赛诺菲（中国）投资有限公司	生产企业	consumable
GYS0016964	赛谱敦（上海）贸易有限公司	生产企业	consumable
GYS0016965	赛锐思（上海）医疗科技有限公司	生产企业	consumable
GYS0016966	赣州哈克生物科技有限公司	生产企业	consumable
GYS0016967	赣州市南芳齿科有限公司	生产企业	consumable
GYS0016968	赣州市强盛义齿有限公司	生产企业	consumable
GYS0016969	赣州市腾辉义齿有限公司	生产企业	consumable
GYS0016970	赣州清悦材料科技有限公司	生产企业	consumable
GYS0016971	赣州爱瓷诺义齿有限公司	生产企业	consumable
GYS0016972	赣州邦达高科制药有限公司	生产企业	drug
GYS0016973	赣州雅佛生物医材有限公司	生产企业	consumable
GYS0016974	赣江新区莱威再生医学科技有限公司	生产企业	consumable
GYS0016975	赤壁市雅冠义齿配制中心	生产企业	consumable
GYS0016976	赤峰万泽药业股份有限公司	生产企业/上市许可持有人	drug
GYS0016977	赤峰九州通达医疗器械有限公司	生产企业	consumable
GYS0016978	赤峰天波医疗器材有限责任公司	生产企业	consumable
GYS0016979	赤峰忠冠医疗器械用品有限公司	生产企业	consumable
GYS0016980	赤峰源生药业有限公司	生产企业/上市许可持有人	drug
GYS0016981	赤峰精翼牙科有限公司	生产企业	consumable
GYS0016982	赤峰维康生化制药有限公司	生产企业/上市许可持有人	drug
GYS0016983	赤峰蒙欣药业有限公司	生产企业	drug
GYS0016984	赤峰蒙泰医疗器械有限公司	生产企业	consumable
GYS0016985	赤峰赛林泰药业有限公司	生产企业/上市许可持有人	drug
GYS0016986	赤峰雅美齿科技术有限公司	生产企业	consumable
GYS0016987	赫力昂(苏州)制药有限公司	生产企业/上市许可持有人	drug
GYS0016988	赫戴医疗器械 （上海）有限公司	生产企业	consumable
GYS0016989	赫理仕医疗用品贸易（上海）有限公司	生产企业	consumable
GYS0016990	赫瑞（青岛）医疗科技有限公司	生产企业	consumable
GYS0016991	赫美康健（北京）医疗器械有限公司	生产企业	consumable
GYS0016992	起源细胞技术（滁州）有限公司	生产企业	consumable
GYS0016993	超维口腔医疗（云南）有限公司	生产企业	consumable
GYS0016994	超鹿大生(南通)生命科学有限公司	生产企业	consumable
GYS0016995	越圣医疗器械（深圳）有限公司	生产企业	consumable
GYS0016996	越洋医药开发(广州)有限公司	生产企业/上市许可持有人	drug
GYS0016997	路肯（上海）医疗科技有限公司	生产企业	consumable
GYS0016998	轩沪医疗科技（上海）有限公司	生产企业	consumable
GYS0016999	轩竹(北京)医药科技有限公司	生产企业/上市许可持有人	drug
GYS0017000	轩豪益邦制药有限公司	生产企业/上市许可持有人	drug
GYS0017001	轩麓医疗科技（中山）有限公司	生产企业	consumable
GYS0017002	辅仁药业集团有限公司	生产企业/上市许可持有人	drug
GYS0017003	辉凌制药(中国)有限公司	生产企业/上市许可持有人	drug
GYS0017004	辉擎医疗科技（长沙）有限公司	生产企业	consumable
GYS0017005	辉煌医疗科技（山东）有限公司	生产企业	consumable
GYS0017006	辉瑞制药(无锡)有限公司	生产企业/上市许可持有人	drug
GYS0017007	辉瑞制药有限公司	生产企业/上市许可持有人	drug
GYS0017008	辉瑞制药科技有限公司	生产企业/上市许可持有人	drug
GYS0017009	辉瑞投资有限公司	生产企业/上市许可持有人	drug
GYS0017010	辛集市康业医疗器械有限公司	生产企业	consumable
GYS0017011	辛集市拓立得医疗器械有限公司	生产企业	consumable
GYS0017012	辰欣佛都药业(汶上)有限公司	生产企业	drug
GYS0017013	辰欣药业吉林有限公司	生产企业/上市许可持有人	drug
GYS0017014	辰欣药业股份有限公司	生产企业/上市许可持有人	drug
GYS0017015	辽宁三医科技有限公司	生产企业	consumable
GYS0017016	辽宁三生科技发展有限公司	生产企业	consumable
GYS0017017	辽宁上药好护士药业(集团)有限公司	生产企业/上市许可持有人	drug
GYS0017018	辽宁东亿制药有限公司	生产企业/上市许可持有人	drug
GYS0017019	辽宁东方人药业有限公司	生产企业/上市许可持有人	drug
GYS0017020	辽宁中医学院药业有限公司	生产企业/上市许可持有人	drug
GYS0017021	辽宁中正鑫华医疗科技有限公司	生产企业	consumable
GYS0017022	辽宁中海康生物制药股份有限公司	生产企业/上市许可持有人	drug
GYS0017023	辽宁中盛凯尔医疗器械有限公司	生产企业	consumable
GYS0017024	辽宁丹生生物制药有限公司	生产企业	drug
GYS0017025	辽宁九洲龙跃药业有限公司	生产企业	drug
GYS0017026	辽宁亿帆药业有限公司	生产企业/上市许可持有人	drug
GYS0017027	辽宁亿邦制药有限公司	生产企业	drug
GYS0017028	辽宁仁康药业有限公司	生产企业	consumable
GYS0017029	辽宁仙草堂药业有限公司	生产企业	drug
GYS0017030	辽宁众康医疗科技有限公司	生产企业	consumable
GYS0017031	辽宁众源医疗器械有限公司	生产企业	consumable
GYS0017032	辽宁众轩生物科技有限公司	生产企业	consumable
GYS0017033	辽宁依生生物制药有限公司	生产企业	drug
GYS0017034	辽宁修和药业有限公司	生产企业	drug
GYS0017035	辽宁倍康特生物科技开发有限公司	生产企业	consumable
GYS0017036	辽宁儿童制药有限公司	生产企业/上市许可持有人	drug
GYS0017037	辽宁兴海制药有限公司	生产企业/上市许可持有人	drug
GYS0017038	辽宁凯斯达防护用品有限公司	生产企业	consumable
GYS0017039	辽宁医用制品发展有限公司	生产企业	consumable
GYS0017040	辽宁千里明药业(集团)有限公司	生产企业/上市许可持有人	drug
GYS0017041	辽宁华润本溪三药有限公司	生产企业/上市许可持有人	drug
GYS0017042	辽宁华源天宝药业有限公司	生产企业	consumable
GYS0017043	辽宁华瑞联合制药有限公司	生产企业/上市许可持有人	drug
GYS0017044	辽宁华益派特科技有限公司	生产企业	drug
GYS0017045	辽宁博文生物工程科技有限公司	生产企业	consumable
GYS0017046	辽宁博鳌生物制药有限公司	生产企业/上市许可持有人	drug
GYS0017047	辽宁可济药业有限公司	生产企业/上市许可持有人	drug
GYS0017048	辽宁味邦生物制药有限公司	生产企业	drug
GYS0017049	辽宁嘉医医疗科技有限公司	生产企业	consumable
GYS0017050	辽宁国医药业有限公司	生产企业	consumable
GYS0017051	辽宁垠艺生物科技股份有限公司	生产企业	consumable
GYS0017052	辽宁大熊制药有限公司	生产企业	drug
GYS0017053	辽宁天安生物制药股份有限公司	生产企业/上市许可持有人	drug
GYS0017054	辽宁天龙药业有限公司	生产企业/上市许可持有人	drug
GYS0017055	辽宁奥恒假肢矫形康复辅具有限公司	生产企业	consumable
GYS0017056	辽宁奥达制药有限公司	生产企业/上市许可持有人	drug
GYS0017057	辽宁帛道堂药业有限公司	生产企业/上市许可持有人	drug
GYS0017058	辽宁帝东医药生物工程有限公司	生产企业	consumable
GYS0017059	辽宁康博制药有限公司	生产企业/上市许可持有人	drug
GYS0017060	辽宁康博士制药有限公司	生产企业/上市许可持有人	drug
GYS0017061	辽宁康宁药业有限公司	生产企业/上市许可持有人	drug,consumable
GYS0017062	辽宁康泰药业有限公司	生产企业	drug
GYS0017063	辽宁康益医疗器械有限公司	生产企业	consumable
GYS0017064	辽宁康鑫医疗器械有限公司	生产企业	consumable
GYS0017065	辽宁御装三九医疗用品有限公司	生产企业	consumable
GYS0017066	辽宁德善药业股份有限公司	生产企业/上市许可持有人	drug
GYS0017067	辽宁忠意数字化义齿有限公司	生产企业	consumable
GYS0017068	辽宁恒信生物科技有限公司	生产企业	consumable
GYS0017069	辽宁恒智医疗科技有限公司	生产企业	consumable
GYS0017070	辽宁成大生物股份有限公司	生产企业/上市许可持有人	drug
GYS0017071	辽宁捷诺生物制药有限公司	生产企业	consumable
GYS0017072	辽宁新世纪制药有限公司	生产企业	drug
GYS0017073	辽宁新宗康生物科技有限公司	生产企业	consumable
GYS0017074	辽宁新高制药有限公司	生产企业/上市许可持有人	drug
GYS0017075	辽宁普瑞迈迪医疗科技有限公司	生产企业	consumable
GYS0017076	辽宁朝花药业有限公司	生产企业/上市许可持有人	drug
GYS0017077	辽宁格林希尔医疗科技有限公司	生产企业	consumable
GYS0017078	辽宁民康制药有限公司	生产企业/上市许可持有人	drug
GYS0017079	辽宁汉草堂中药有限公司	生产企业/上市许可持有人	drug
GYS0017080	辽宁沃华康辰医药有限公司	生产企业/上市许可持有人	drug
GYS0017081	辽宁泓富药业有限公司	生产企业	consumable
GYS0017082	辽宁泰瑞医疗器械制造有限公司	生产企业	consumable
GYS0017083	辽宁浩宏医疗科技股份有限公司	生产企业	consumable
GYS0017084	辽宁海一制药有限公司	生产企业/上市许可持有人	drug
GYS0017085	辽宁海思科制药有限公司	生产企业/上市许可持有人	drug
GYS0017086	辽宁海洲药业有限公司	生产企业	drug
GYS0017087	辽宁海神联盛制药有限公司	生产企业/上市许可持有人	drug
GYS0017088	辽宁源和生物药业有限公司	生产企业	drug
GYS0017089	辽宁爱尔创生物材料有限公司	生产企业	consumable
GYS0017090	辽宁爱母医疗科技有限公司	生产企业	consumable
GYS0017091	辽宁玉皇药业有限公司	生产企业/上市许可持有人	drug
GYS0017092	辽宁瑞思美瓷义齿有限公司	生产企业	consumable
GYS0017093	辽宁生启医用科技开发制造有限公司	生产企业	consumable
GYS0017094	辽宁百合医疗设备有限公司	生产企业	consumable
GYS0017095	辽宁百欧健生物科技有限公司	生产企业	consumable
GYS0017096	辽宁盛京华邦制药有限公司	生产企业/上市许可持有人	drug
GYS0017097	辽宁盛京堂生物科技有限公司	生产企业	consumable
GYS0017098	辽宁省中科连创医疗器械有限公司	生产企业	consumable
GYS0017099	辽宁省卓越嘉业医疗科技有限公司	生产企业	consumable
GYS0017100	辽宁省喆峰医疗有限责任公司	生产企业	consumable
GYS0017101	辽宁省大连市捷盈节能环保科技发展有限公司	生产企业	consumable
GYS0017102	辽宁省德瑞医疗器械有限公司	生产企业	consumable
GYS0017103	辽宁福源药业有限公司	生产企业/上市许可持有人	drug
GYS0017104	辽宁维特医疗器械有限公司	生产企业	consumable
GYS0017105	辽宁绿丹药业有限公司	生产企业/上市许可持有人	drug
GYS0017106	辽宁美滋林药业有限公司	生产企业/上市许可持有人	drug,consumable
GYS0017107	辽宁腾科假肢矫形器有限公司	生产企业	consumable
GYS0017108	辽宁艾沐茵医疗科技有限公司	生产企业	consumable
GYS0017109	辽宁茜芮生物科技研发有限公司	生产企业	consumable
GYS0017110	辽宁茵芬特生物科技有限公司	生产企业	consumable
GYS0017111	辽宁荟呈药业有限公司	生产企业	consumable
GYS0017112	辽宁荣孚医疗技术有限公司	生产企业	consumable
GYS0017113	辽宁药联制药有限公司	生产企业/上市许可持有人	drug
GYS0017114	辽宁蓝色海豚医疗科技有限公司	生产企业	consumable
GYS0017115	辽宁诺维诺制药股份有限公司	生产企业/上市许可持有人	drug
GYS0017116	辽宁辅仁医疗科技有限公司	生产企业	consumable
GYS0017117	辽宁金丹药业有限公司	生产企业/上市许可持有人	drug
GYS0017118	辽宁鑫善源药业有限公司	生产企业/上市许可持有人	drug
GYS0017119	辽宁钰航生物医疗科技有限公司	生产企业	consumable
GYS0017120	辽宁隆科医疗器械有限公司	生产企业	consumable
GYS0017121	辽宁高泰医疗科技有限公司	生产企业	consumable
GYS0017122	辽宁鼎冠义齿科技有限公司	生产企业	consumable
GYS0017123	辽源市广而洁消毒剂有限公司	生产企业	consumable
GYS0017124	辽源市泓源制药有限公司	生产企业/上市许可持有人	drug
GYS0017125	辽源市百康药业有限责任公司	生产企业/上市许可持有人	drug
GYS0017126	辽源市迪康药业有限责任公司	生产企业/上市许可持有人	drug
GYS0017127	辽源誉隆亚东药业有限责任公司	生产企业/上市许可持有人	drug
GYS0017128	辽阳川赫乐美医疗科技有限公司	生产企业	consumable
GYS0017129	辽阳鼎泰升医疗设备有限公司	生产企业	consumable
GYS0017130	达信医疗科技（苏州）有限公司	生产企业	consumable
GYS0017131	达嘉维康生物制药有限公司	生产企业/上市许可持有人	drug,consumable
GYS0017132	达妃琦（青岛）医疗科技有限公司	生产企业	consumable
GYS0017133	达视眼科器材（上海）有限责任公司	生产企业	consumable
GYS0017134	迁安市健润卫生用品有限公司	生产企业	consumable
GYS0017135	迅博康(海南)医药科技有限公司	生产企业/上市许可持有人	drug
GYS0017136	迈世通（北京）医疗器械有限公司	生产企业	consumable
GYS0017137	迈克生物股份有限公司	生产企业	ivd
GYS0017138	迈可医疗电子科技（深圳）有限公司	生产企业	consumable
GYS0017139	迈基诺（重庆）基因科技有限责任公司	生产企业	consumable
GYS0017140	迈威尔医药科技(广西)有限公司	生产企业	consumable
GYS0017141	迈德医疗科技（上海）有限公司	生产企业	consumable
GYS0017142	迈德微创（天津）医疗器械有限责任公司	生产企业	consumable
GYS0017143	迈德时科技(东莞)有限公司	生产企业	consumable
GYS0017144	迈德旺（苏州）医疗设备有限公司	生产企业	consumable
GYS0017145	迈心诺（上海）实业有限公司	生产企业	consumable
GYS0017146	迈柯唯医疗设备（苏州）有限公司	生产企业	consumable
GYS0017147	迈柯唯（上海）医疗设备有限公司	生产企业	consumable
GYS0017148	迈的贸易（上海）有限公司	生产企业	consumable
GYS0017149	迈科优联医疗科技（天津）有限公司	生产企业	consumable
GYS0017150	迈羲医疗器械（上海）有限公司	生产企业	consumable
GYS0017151	迈腾医疗（江苏）有限公司	生产企业	consumable
GYS0017152	迈莱克医疗用品石家庄有限公司	生产企业	consumable
GYS0017153	迈迪倍（山东）医疗科技有限公司	生产企业	consumable
GYS0017154	迈迪可医疗科技(江苏)有限公司	生产企业	consumable
GYS0017155	迈迪康医疗用品江苏有限公司	生产企业	consumable
GYS0017156	迈迪康医疗用品（湖南）有限公司	生产企业	consumable
GYS0017157	运医之星（上海）科技有限公司	生产企业	consumable
GYS0017158	运城市圣冠齿科技术有限公司	生产企业	consumable
GYS0017159	运城市盐湖区圣华义齿技术有限公司	生产企业	consumable
GYS0017160	运城市盐湖区家百福义齿有限公司	生产企业	consumable
GYS0017161	运城市精诚义齿制作中心	生产企业	consumable
GYS0017162	运怡（北京）医疗器械有限公司	生产企业	consumable
GYS0017163	进贤益成实业有限公司	生产企业	consumable
GYS0017164	远也科技(苏州)有限公司	生产企业	consumable
GYS0017165	远大制药厂有限公司	生产企业/上市许可持有人	drug
GYS0017166	远大医学营养科学(武汉)有限公司	生产企业/上市许可持有人	drug
GYS0017167	远大医药(中国)有限公司	生产企业/上市许可持有人	drug
GYS0017168	远大医药(天津)有限公司	生产企业/上市许可持有人	drug
GYS0017169	远大医药黄石飞云制药有限公司	生产企业/上市许可持有人	drug
GYS0017170	远大生命科学(武汉)有限公司	生产企业/上市许可持有人	drug
GYS0017171	远大生命科学(鞍山)有限公司	生产企业/上市许可持有人	drug
GYS0017172	远大生物制药（重庆）有限公司	生产企业	consumable
GYS0017173	远星（山东）医疗科技有限公司	生产企业	consumable
GYS0017174	连云港三瑞医疗器械制造有限公司	生产企业	consumable
GYS0017175	连云港创之亿医疗器械有限公司	生产企业	consumable
GYS0017176	连云港利丰医用氧产品有限公司	生产企业	consumable
GYS0017177	连云港思宇医疗器械有限公司	生产企业	consumable
GYS0017178	连云港杰瑞药业有限公司	生产企业/上市许可持有人	drug
GYS0017179	连云港杰诺康医疗器械有限公司	生产企业	consumable
GYS0017180	连云港柏兴无纺布制品有限公司	生产企业	consumable
GYS0017181	连云港楚星生物科技有限公司	生产企业	consumable
GYS0017182	连云港润瑞实业有限公司	生产企业	consumable
GYS0017183	连云港澳客医疗器械有限公司	生产企业	consumable
GYS0017184	连云港瑞康卫生敷料有限公司	生产企业	consumable
GYS0017185	连云港苏浦医疗器械有限公司	生产企业	consumable
GYS0017186	连云港诚胜佳医疗器械有限公司	生产企业	consumable
GYS0017187	连云港雅尔美医疗器械有限公司	生产企业	consumable
GYS0017188	连科信医疗科技（深圳）有限公司	生产企业	consumable
GYS0017189	迪哲(江苏)医药股份有限公司	生产企业/上市许可持有人	drug
GYS0017190	迪庆香格里拉蓝琉璃藏文化开发有限责任公司	生产企业	drug
GYS0017191	迪恩医疗科技有限公司	生产企业	consumable
GYS0017192	迪普派斯医疗科技（山东）有限公司	生产企业	consumable
GYS0017193	迪沙药业集团有限公司	生产企业/上市许可持有人	drug
GYS0017194	迪泰医学科技（苏州）有限公司	生产企业	consumable
GYS0017195	迪珥医疗器械（上海）有限公司	生产企业	consumable
GYS0017196	迪瑞医疗科技股份有限公司	生产企业	consumable
GYS0017197	迪迈仕（北京）科技有限责任公司	生产企业	consumable
GYS0017198	适介医疗科技（广州）有限公司	生产企业	consumable
GYS0017199	途安（上海）医疗器械有限公司	生产企业	consumable
GYS0017200	通化万通药业股份有限公司	生产企业/上市许可持有人	drug,consumable
GYS0017201	通化东宝五药有限公司	生产企业	drug
GYS0017202	通化东宝药业股份有限公司	生产企业/上市许可持有人	drug,consumable
GYS0017203	通化中盛药业有限公司	生产企业/上市许可持有人	drug
GYS0017204	通化中辰药业有限责任公司	生产企业	drug
GYS0017205	通化久铭药业有限公司	生产企业/上市许可持有人	drug
GYS0017206	通化兴华药业有限责任公司	生产企业/上市许可持有人	drug
GYS0017207	通化利君药业集团有限公司	生产企业	consumable
GYS0017208	通化利民药业有限责任公司	生产企业/上市许可持有人	drug
GYS0017209	通化华夏药业有限责任公司	生产企业/上市许可持有人	drug
GYS0017210	通化卫京药业股份有限公司	生产企业/上市许可持有人	drug
GYS0017211	通化友康药业有限公司	生产企业/上市许可持有人	drug
GYS0017212	通化吉通药业有限公司	生产企业/上市许可持有人	drug
GYS0017213	通化和平药业有限公司	生产企业	drug
GYS0017214	通化天实制药有限公司	生产企业/上市许可持有人	drug
GYS0017215	通化市合心堂药业集团有限公司	生产企业	consumable
GYS0017216	通化康缘玉金药业有限公司	生产企业	drug
GYS0017217	通化惠康生物制药有限公司	生产企业/上市许可持有人	drug
GYS0017218	通化斯威药业股份有限公司	生产企业/上市许可持有人	drug
GYS0017219	通化新东日药业股份有限公司	生产企业/上市许可持有人	drug
GYS0017220	通化永基药业股份有限公司	生产企业/上市许可持有人	drug
GYS0017221	通化汇金堂药业股份有限公司	生产企业	drug
GYS0017222	通化海恩达高科技股份有限公司	生产企业	consumable
GYS0017223	通化爱心药业股份有限公司	生产企业/上市许可持有人	drug
GYS0017224	通化玉圣药业有限公司	生产企业/上市许可持有人	drug
GYS0017225	通化白山药业股份有限公司	生产企业/上市许可持有人	drug
GYS0017226	通化百信药业有限公司	生产企业/上市许可持有人	drug
GYS0017227	通化茂祥制药有限公司	生产企业/上市许可持有人	drug
GYS0017228	通化谷红制药有限公司	生产企业/上市许可持有人	drug
GYS0017229	通化金恺威药业有限公司	生产企业/上市许可持有人	drug
GYS0017230	通化金汇药业股份有限公司	生产企业/上市许可持有人	drug
GYS0017231	通化金马药业集团股份有限公司	生产企业/上市许可持有人	drug
GYS0017232	通化颐生药业股份有限公司	生产企业/上市许可持有人	drug
GYS0017233	通化鸿宝药业有限公司	生产企业/上市许可持有人	drug
GYS0017234	通合生物医药(山东)有限公司	生产企业/上市许可持有人	drug
GYS0017235	通城县中医医院	制剂配制单位	preparation
GYS0017236	通桥医疗科技有限公司	生产企业	consumable
GYS0017237	通泽（湖南）医疗科技有限公司	生产企业	consumable
GYS0017238	通用电气医疗系统贸易发展（上海）有限公司	生产企业	consumable
GYS0017239	通用电气药业(上海)有限公司	生产企业/上市许可持有人	drug
GYS0017240	通用（上海）医疗器材有限公司	生产企业	consumable
GYS0017241	通药制药集团股份有限公司	生产企业/上市许可持有人	drug
GYS0017242	通辽市冠腾义齿制作有限公司	生产企业	consumable
GYS0017243	通辽市华邦药业有限公司	生产企业/上市许可持有人	drug
GYS0017244	逸思（苏州）医疗科技有限公司	生产企业	consumable
GYS0017245	遂宁市佳鸿义齿制作有限公司	生产企业	consumable
GYS0017246	遂宁摩天时代医疗器械有限公司	生产企业	consumable
GYS0017247	遂成药业股份有限公司	生产企业/上市许可持有人	drug
GYS0017248	道恩可医疗科技(上海)有限公司	生产企业	consumable
GYS0017249	遵义华卫制药有限公司	生产企业/上市许可持有人	drug
GYS0017250	遵义市洁美丽义齿有限公司	生产企业	consumable
GYS0017251	遵义廖元和堂药业有限公司	生产企业/上市许可持有人	drug
GYS0017252	遵义联盟医用器材有限公司	生产企业	consumable
GYS0017253	遵化市立洪义齿加工部	生产企业	consumable
GYS0017254	邓州市聚和堂医疗器械有限公司	生产企业	consumable
GYS0017255	邛崃天银制药有限公司	生产企业/上市许可持有人	drug
GYS0017256	邢台华琪医疗器械有限公司	生产企业	consumable
GYS0017257	邢台市华保医疗卫生用品厂	生产企业	consumable
GYS0017258	邢台市琅泰本元医疗器械有限公司	生产企业	consumable
GYS0017259	邢台正高医疗科技有限公司	生产企业	consumable
GYS0017260	邦士医疗科技股份有限公司	生产企业	consumable
GYS0017261	邦尼医疗科技（常州）有限公司	生产企业	consumable
GYS0017262	邦尼医疗科技（昆山）有限公司	生产企业	consumable
GYS0017263	邦睿（四川）医疗科技有限公司	生产企业	consumable
GYS0017264	邦美泰医疗科技（广东）有限公司	生产企业	consumable
GYS0017265	邯郸优尼科医疗器械有限公司	生产企业	consumable
GYS0017266	邯郸制药股份有限公司	生产企业/上市许可持有人	drug
GYS0017267	邯郸奇龙生物科技有限公司	生产企业	consumable
GYS0017268	邯郸峰辰翰医疗器械科技有限公司	生产企业	consumable
GYS0017269	邯郸市富源卫生材料厂	生产企业	consumable
GYS0017270	邯郸市扬溢医疗器械有限公司	生产企业	consumable
GYS0017271	邯郸市洁雅卫生用品有限公司	生产企业	consumable
GYS0017272	邯郸康业制药有限公司	生产企业/上市许可持有人	drug
GYS0017273	邯郸沃伦多科技开发有限公司	生产企业	consumable
GYS0017274	邯郸滏荣制药有限公司	生产企业/上市许可持有人	drug
GYS0017275	邵武市泰安医疗卫生用品有限公司	生产企业	consumable
GYS0017276	邵武市霞光卫生用品有限公司	生产企业	consumable
GYS0017277	邵阳宏腾医疗器械科技有限公司	生产企业	consumable
GYS0017278	邵阳市千康益医疗器械有限公司	生产企业	consumable
GYS0017279	邵阳智康医疗器械有限公司	生产企业	consumable
GYS0017280	邵阳舒煜医药科技有限公司	生产企业	consumable
GYS0017281	邹平县鑫晟医疗器材有限公司	生产企业	consumable
GYS0017282	邻得膜（厦门）医疗科技有限公司	生产企业	consumable
GYS0017283	邻得膜（福建）材料科技有限公司	生产企业	consumable
GYS0017284	郑州万辉医疗设备有限公司	生产企业	ivd
GYS0017285	郑州三弘医疗器械有限公司	生产企业	consumable
GYS0017286	郑州三禾义齿制作有限公司	生产企业	consumable
GYS0017287	郑州三笑义齿制作有限公司	生产企业	consumable
GYS0017288	郑州三青医疗设备有限公司	生产企业	consumable
GYS0017289	郑州东方之花医药股份有限公司	生产企业	consumable
GYS0017290	郑州中强医疗科技有限公司	生产企业	consumable
GYS0017291	郑州中福瑞克假肢矫形器械有限公司	生产企业	consumable
GYS0017292	郑州仁惠医疗科技股份有限公司	生产企业	consumable
GYS0017293	郑州伊净舒生物科技有限公司	生产企业	consumable
GYS0017294	郑州优恩数据科技有限公司	生产企业	consumable
GYS0017295	郑州伟登齿科技术有限公司	生产企业	consumable
GYS0017296	郑州侯氏仙草生物科技有限公司	生产企业	consumable
GYS0017297	郑州信翰科技有限公司	生产企业	consumable
GYS0017298	郑州倍恩体生物科技有限公司	生产企业	consumable
GYS0017299	郑州克夫尼生物科技有限公司	生产企业	consumable
GYS0017300	郑州入林假肢矫形器有限公司	生产企业	consumable
GYS0017301	郑州凯利药业有限公司	生产企业/上市许可持有人	drug
GYS0017302	郑州凯斯特医疗器械有限公司	生产企业	consumable
GYS0017303	郑州凹凸实业有限公司	生产企业	consumable
GYS0017304	郑州卓峰制药有限公司	生产企业/上市许可持有人	drug
GYS0017305	郑州博之恩医疗器械有限公司	生产企业	consumable
GYS0017306	郑州博睿医学检验实验室有限公司	生产企业	consumable
GYS0017307	郑州卡戎生物工程有限公司	生产企业	consumable
GYS0017308	郑州原子高科医药有限公司	生产企业	drug
GYS0017309	郑州和济生物科技股份有限公司	生产企业	consumable
GYS0017310	郑州和雅医疗器械有限公司	生产企业	consumable
GYS0017311	郑州品康假肢矫形器技术有限公司	生产企业	consumable
GYS0017312	郑州哈久医疗器械有限公司	生产企业	consumable
GYS0017313	郑州嘉泰生物科技有限公司	生产企业	consumable
GYS0017314	郑州大医微创技术有限公司	生产企业	consumable
GYS0017315	郑州大鲸医疗科技有限公司	生产企业	consumable
GYS0017316	郑州天宁药业有限公司	生产企业	drug
GYS0017317	郑州天蓬实业有限公司	生产企业	consumable
GYS0017318	郑州宇森医疗器械有限责任公司	生产企业	consumable
GYS0017319	郑州安图生物工程股份有限公司	生产企业	consumable
GYS0017320	郑州安然医疗器械有限公司	生产企业	consumable
GYS0017321	郑州密丽药业有限公司	生产企业	drug
GYS0017322	郑州富裕天成假肢矫形器有限公司	生产企业	consumable
GYS0017323	郑州尔嘉医疗器械有限公司	生产企业	consumable
GYS0017324	郑州山山医疗用品有限公司	生产企业	consumable
GYS0017325	郑州市上街生化制品厂	生产企业	consumable
GYS0017326	郑州市中原福力工贸有限公司	生产企业	consumable
GYS0017327	郑州市协和制药厂	生产企业/上市许可持有人	drug
GYS0017328	郑州市宇齿康医疗器械有限公司	生产企业	consumable
GYS0017329	郑州市慈安堂医药科技有限公司	生产企业	consumable
GYS0017330	郑州市新真瑜齿科制作有限公司	生产企业	consumable
GYS0017331	郑州市森航生物科技有限公司	生产企业	consumable
GYS0017332	郑州市汉森义齿有限公司	生产企业	consumable
GYS0017333	郑州市福景医药科技有限公司	生产企业	consumable
GYS0017334	郑州市蓝凰医疗科技有限公司	生产企业	consumable
GYS0017335	郑州市雅致医疗器械有限公司	生产企业	consumable
GYS0017336	郑州康佰甲科技有限公司	生产企业	consumable
GYS0017337	郑州康佳医疗器械有限公司	生产企业	consumable
GYS0017338	郑州康利达假肢矫形器有限公司	生产企业	consumable
GYS0017339	郑州康宜健医疗器械有限责任公司	生产企业	consumable
GYS0017340	郑州康德泰口腔医疗科技有限公司	生产企业	consumable
GYS0017341	郑州康盛久泰医疗器械股份有限公司	生产企业	consumable
GYS0017342	郑州康金瑞健康产业有限公司	生产企业	consumable
GYS0017343	郑州引胜医疗科技有限公司	生产企业	consumable
GYS0017344	郑州弘德堂健康产业有限公司	生产企业	consumable
GYS0017345	郑州御品堂医疗器械有限公司	生产企业	consumable
GYS0017346	郑州德安义肢矫形康复器材有限公司	生产企业	consumable
GYS0017347	郑州德派医疗器械有限公司	生产企业	consumable
GYS0017348	郑州心诺印象医疗科技有限公司	生产企业	consumable
GYS0017349	郑州恒钻齿科技术开发有限公司	生产企业	consumable
GYS0017350	郑州捷正实业有限公司	生产企业	consumable
GYS0017351	郑州斯坦福医学科技有限公司	生产企业	consumable
GYS0017352	郑州新齿佳医疗器械有限公司	生产企业	consumable
GYS0017353	郑州方欣生物科技有限责任公司	生产企业	consumable
GYS0017354	郑州方轩堂生物科技有限公司	生产企业	consumable
GYS0017355	郑州时代纳米生物技术有限公司	生产企业	consumable
GYS0017356	郑州明坤医疗器械有限公司	生产企业	consumable
GYS0017357	郑州星德医疗器械有限公司	生产企业	consumable
GYS0017358	郑州普济堂药业有限公司	生产企业/上市许可持有人	drug
GYS0017359	郑州普湾医疗技术有限公司	生产企业	consumable
GYS0017360	郑州智捷生物技术有限公司	生产企业	consumable
GYS0017361	郑州朗逸生物科技有限公司	生产企业	consumable
GYS0017362	郑州未尔医疗器械有限公司	生产企业	consumable
GYS0017363	郑州松麟医疗器材有限公司	生产企业	consumable
GYS0017364	郑州正兴新材料科技有限公司	生产企业	consumable
GYS0017365	郑州正和医疗器械有限公司	生产企业	consumable
GYS0017366	郑州民安科技有限公司	生产企业	consumable
GYS0017367	郑州泰丰制药有限公司	生产企业/上市许可持有人	drug
GYS0017368	郑州泰姆克医疗科技有限公司	生产企业	consumable
GYS0017369	郑州泰立医疗器械有限公司	生产企业	consumable
GYS0017370	郑州洛克斯科技发展有限公司	生产企业	consumable
GYS0017371	郑州润德医疗科技有限公司	生产企业	consumable
GYS0017372	郑州添康采药业有限公司	生产企业	consumable
GYS0017373	郑州清华园生物工程有限公司	生产企业	consumable
GYS0017374	郑州清爽视界生物科技有限公司	生产企业	consumable
GYS0017375	郑州澳德医疗器械有限公司	生产企业	consumable
GYS0017376	郑州爱博尔医疗设备有限公司	生产企业	consumable
GYS0017377	郑州爱波视觉科技有限公司	生产企业	consumable
GYS0017378	郑州瑞宇科技有限公司	生产企业	consumable
GYS0017379	郑州瑞康制药有限公司	生产企业/上市许可持有人	drug
GYS0017380	郑州瑞星药业有限公司	生产企业/上市许可持有人	drug
GYS0017381	郑州瑞龙制药股份有限公司	生产企业/上市许可持有人	drug
GYS0017382	郑州百源堂药业有限公司	生产企业	consumable
GYS0017383	郑州福尔康矫形康复器材有限公司	生产企业	consumable
GYS0017384	郑州福瑞堂制药有限公司	生产企业/上市许可持有人	drug
GYS0017385	郑州科瑞医疗器械贸易有限公司	生产企业	consumable
GYS0017386	郑州粤海金属陶瓷技术有限公司	生产企业	consumable
GYS0017387	郑州粤鑫医疗器械有限公司	生产企业	consumable
GYS0017388	郑州美佰佳医疗器械有限公司	生产企业	consumable
GYS0017389	郑州耐视医药科技有限公司	生产企业	consumable
GYS0017390	郑州臻善医疗器械有限公司	生产企业	consumable
GYS0017391	郑州茗仁医疗器械有限公司	生产企业	consumable
GYS0017392	郑州莱士血液制品有限公司	生产企业/上市许可持有人	drug
GYS0017393	郑州葆龙药业有限公司	生产企业/上市许可持有人	drug
GYS0017394	郑州蓝极生物科技有限公司	生产企业	consumable
GYS0017395	郑州蓝跃生物科技股份有限公司	生产企业	consumable
GYS0017396	郑州豫桂皇生物科技有限公司	生产企业	consumable
GYS0017397	郑州豫港之星制药有限公司	生产企业/上市许可持有人	drug
GYS0017398	郑州贝壳医疗科技有限公司	生产企业	consumable
GYS0017399	郑州赛福特电子设备有限公司	生产企业	consumable
GYS0017400	郑州超睿医疗器械有限公司	生产企业	consumable
GYS0017401	郑州迈时捷医疗器械有限公司	生产企业	consumable
GYS0017402	郑州迪奥医学技术有限公司	生产企业	consumable
GYS0017403	郑州迪隆生物技术有限公司	生产企业	consumable
GYS0017404	郑州金手指健康科技有限公司	生产企业	consumable
GYS0017405	郑州金象义齿模型制作有限公司	生产企业	consumable
GYS0017406	郑州铜钥匙药业有限公司	生产企业	consumable
GYS0017407	郑州雅信美医疗科技有限公司	生产企业	consumable
GYS0017408	郑州雅冠医疗器械有限公司	生产企业	consumable
GYS0017409	郑州雅美牙科技术有限公司	生产企业	consumable
GYS0017410	郑州雷曼药业有限公司	生产企业	consumable
GYS0017411	郑州韩都药业集团有限公司	生产企业/上市许可持有人	drug
GYS0017412	郑州顺腾科贸有限公司	生产企业	consumable
GYS0017413	郑州馨艺义齿科技有限公司	生产企业	consumable
GYS0017414	郑州鸣骅淳美医疗器械有限公司	生产企业	consumable
GYS0017415	郑州鸿悦义齿制作有限公司	生产企业	consumable
GYS0017416	郡是医疗器材（深圳）有限公司	生产企业	consumable
GYS0017417	郯城京郯科技有限公司	生产企业	consumable
GYS0017418	郯城县银洁卫生用品厂	生产企业	consumable
GYS0017419	郴州佳明医疗器械有限公司	生产企业	consumable
GYS0017420	郴州市博雅医疗器械有限公司	生产企业	consumable
GYS0017421	郴州市益佳义齿有限公司	生产企业	consumable
GYS0017422	郴州市辅康矫形义肢康复器材有限公司	生产企业	consumable
GYS0017423	都江堰市中善制药厂	生产企业/上市许可持有人	drug
GYS0017424	鄂东医疗集团市中医医院(市传染病医院、黄石市中医医院)	制剂配制单位	preparation
GYS0017425	鄂州市中医医院	制剂配制单位	preparation
GYS0017426	鄂州市中心医院	制剂配制单位	preparation
GYS0017427	鄱阳县永华义齿有限公司	生产企业	consumable
GYS0017428	酒泉大得利制药股份有限公司	生产企业/上市许可持有人	drug
GYS0017429	酒泉市精峰义齿制作有限公司	生产企业	consumable
GYS0017430	酷博（菏泽）医药科技有限公司	生产企业	consumable
GYS0017431	重庆三丰医疗器械有限公司	生产企业	consumable,ivd
GYS0017432	重庆三峡云海药业股份有限公司	生产企业/上市许可持有人	drug
GYS0017433	重庆上坤医疗器械有限公司	生产企业	consumable
GYS0017434	重庆世森医药科技有限公司	生产企业/上市许可持有人	drug
GYS0017435	重庆世纪长和实业有限公司	生产企业	consumable
GYS0017436	重庆业为基生物科技集团有限公司	生产企业	consumable
GYS0017437	重庆东诚安迪科药业有限公司	生产企业	drug
GYS0017438	重庆中创科医药有限公司	生产企业/上市许可持有人	drug
GYS0017439	重庆中盛齿科技术有限公司	生产企业	consumable
GYS0017440	重庆中诺恒康生物科技有限公司	生产企业	consumable
GYS0017441	重庆乐享康科技有限公司	生产企业	consumable
GYS0017442	重庆九二零义齿科技有限公司	生产企业	consumable
GYS0017443	重庆亚锋药业有限公司	生产企业/上市许可持有人	drug
GYS0017444	重庆京因生物科技有限责任公司	生产企业	consumable
GYS0017445	重庆仁泽医药科技有限公司	生产企业/上市许可持有人	drug
GYS0017446	重庆仁通生物科技有限公司	生产企业	consumable
GYS0017447	重庆优乃特医疗器械有限责任公司	生产企业	consumable
GYS0017448	重庆优希贝乐生物科技有限公司	生产企业	consumable
GYS0017449	重庆优瑞森医疗科技有限公司	生产企业	consumable
GYS0017450	重庆伯爵义齿有限公司	生产企业	consumable
GYS0017451	重庆佰意医疗用品有限公司	生产企业	consumable
GYS0017452	重庆佰纳医疗器械有限公司	生产企业	consumable
GYS0017453	重庆倍维科技有限公司	生产企业	consumable
GYS0017454	重庆健能医药开发有限公司	生产企业/上市许可持有人	drug
GYS0017455	重庆元武牙科技术有限公司	生产企业	consumable
GYS0017456	重庆先锋医药有限公司	生产企业	consumable
GYS0017457	重庆全聚鑫隆科技有限公司	生产企业	consumable
GYS0017458	重庆凯丰医疗器械有限公司	生产企业	consumable
GYS0017459	重庆创亿医疗器械有限公司	生产企业	consumable
GYS0017460	重庆创美达医疗科技有限公司	生产企业	consumable
GYS0017461	重庆勃飞至美医疗器械有限公司	生产企业	consumable
GYS0017462	重庆医慧益数科技有限公司	生产企业	consumable
GYS0017463	重庆医药(集团)股份有限公司	生产企业/上市许可持有人	drug
GYS0017464	重庆医药集团威逊医疗科技有限公司	生产企业	consumable
GYS0017465	重庆千方药物研究有限公司	生产企业/上市许可持有人	drug
GYS0017466	重庆升辉渝冠义齿制作有限公司	生产企业	consumable
GYS0017467	重庆华伦医疗器械有限公司	生产企业	consumable
GYS0017468	重庆华伦弘力生物技术股份有限公司	生产企业	consumable
GYS0017469	重庆华博军卫医药股份有限公司	生产企业	consumable
GYS0017470	重庆华友制药有限公司	生产企业/上市许可持有人	drug
GYS0017471	重庆华森制药股份有限公司	生产企业/上市许可持有人	drug
GYS0017472	重庆华西金度义齿制作有限公司	生产企业	consumable
GYS0017473	重庆华邦制药有限公司	生产企业/上市许可持有人	drug
GYS0017474	重庆华邦胜凯制药有限公司	生产企业/上市许可持有人	drug
GYS0017475	重庆卓田齿克科技有限公司	生产企业	consumable
GYS0017476	重庆博之翰科技有限公司	生产企业	consumable
GYS0017477	重庆博仕康科技有限公司	生产企业	consumable
GYS0017478	重庆博士泰生物技术有限公司	生产企业	consumable
GYS0017479	重庆博恩富克医疗设备有限公司	生产企业	consumable
GYS0017480	重庆博瑞丹辰生物科技有限公司	生产企业	consumable
GYS0017481	重庆印象医疗器械有限公司	生产企业	consumable
GYS0017482	重庆原创医疗器械有限公司	生产企业	consumable
GYS0017483	重庆原子高科医药有限公司	生产企业	drug
GYS0017484	重庆双双卫生材料有限公司	生产企业	consumable
GYS0017485	重庆发斌医疗科技有限公司	生产企业	consumable
GYS0017486	重庆合友人医疗器械有限公司	生产企业	consumable
GYS0017487	重庆吉斯瑞制药有限责任公司	生产企业/上市许可持有人	drug
GYS0017488	重庆吉楚科技发展有限公司	生产企业	consumable
GYS0017489	重庆名希医疗器械有限公司	生产企业	consumable
GYS0017490	重庆和平制药有限公司	生产企业/上市许可持有人	drug
GYS0017491	重庆和泰制药有限公司	生产企业/上市许可持有人	drug
GYS0017492	重庆品越医疗器械有限公司	生产企业	consumable
GYS0017493	重庆喜旋生物科技有限公司	生产企业/上市许可持有人	drug
GYS0017494	重庆国泰康宁制药有限责任公司	生产企业	drug
GYS0017495	重庆国科敏盾生物科技发展有限公司	生产企业	consumable
GYS0017496	重庆圣华曦药业股份有限公司	生产企业/上市许可持有人	drug
GYS0017497	重庆壹心堂贸易有限公司	生产企业	consumable
GYS0017498	重庆多代制药有限公司	生产企业/上市许可持有人	drug
GYS0017499	重庆多代医药科技有限公司	生产企业/上市许可持有人	drug
GYS0017500	重庆多普泰制药股份有限公司	生产企业/上市许可持有人	drug
GYS0017501	重庆多普泰医药科技有限公司	生产企业/上市许可持有人	drug
GYS0017502	重庆大清医疗器械有限公司	生产企业	consumable
GYS0017503	重庆大清医诚生物技术有限公司	生产企业	consumable
GYS0017504	重庆大清海德生物技术有限公司	生产企业	consumable
GYS0017505	重庆大清生物有限公司	生产企业	consumable
GYS0017506	重庆天地药业有限责任公司	生产企业/上市许可持有人	drug
GYS0017507	重庆天外天生物技术有限公司	生产企业	consumable
GYS0017508	重庆天如生物科技有限公司	生产企业	consumable
GYS0017509	重庆天海医疗设备有限公司	生产企业	consumable
GYS0017510	重庆天焱医疗科技有限公司	生产企业	consumable
GYS0017511	重庆天致药业股份有限公司	生产企业/上市许可持有人	drug
GYS0017512	重庆奈利康斯药业有限公司	生产企业	consumable
GYS0017513	重庆奥力生物制药有限公司	生产企业	drug
GYS0017514	重庆好爱优医药科技有限公司	生产企业	consumable
GYS0017515	重庆嫒格尔医疗科技有限公司	生产企业	consumable
GYS0017516	重庆安碧捷科技股份有限公司	生产企业	consumable
GYS0017517	重庆安纳生生物工程有限公司	生产企业	consumable
GYS0017518	重庆安迪英格科技发展股份有限公司	生产企业	consumable
GYS0017519	重庆富乔医疗器械有限公司	生产企业	consumable
GYS0017520	重庆富亚斯医疗器械有限公司	生产企业	consumable
GYS0017521	重庆富沃思医疗器械有限公司	生产企业	consumable
GYS0017522	重庆富远医疗器械有限公司	生产企业	consumable
GYS0017523	重庆尚业医疗器械有限公司	生产企业	consumable
GYS0017524	重庆嵘安医疗器材有限公司	生产企业	consumable
GYS0017525	重庆巨琪诺美制药有限公司	生产企业/上市许可持有人	drug
GYS0017526	重庆市万州区银海义齿有限公司	生产企业	consumable
GYS0017527	重庆市中迪医疗信息科技股份有限公司	生产企业	consumable
GYS0017528	重庆市义力医药科技有限公司	生产企业/上市许可持有人	drug
GYS0017529	重庆市启创医疗器械有限公司	生产企业	consumable
GYS0017530	重庆市宏冠医疗设备有限公司	生产企业	consumable
GYS0017531	重庆市峡康医疗器械有限责任公司	生产企业	consumable
GYS0017532	重庆市康健假肢矫型器有限公司	生产企业	consumable
GYS0017533	重庆市欧利美医疗器械有限公司	生产企业	consumable
GYS0017534	重庆市江北区马鞍卫生制品厂	生产企业	consumable
GYS0017535	重庆市渝中区粤清义齿制作中心	生产企业	consumable
GYS0017536	重庆市渝中区赵氏雷火灸传统医药研究所有限公司	生产企业	consumable
GYS0017537	重庆市胜琴牙科技术有限公司	生产企业	consumable
GYS0017538	重庆市药研院制药有限公司	生产企业	drug
GYS0017539	重庆市赵氏雷火医药有限公司	生产企业	consumable
GYS0017540	重庆市隆威义齿有限公司	生产企业	consumable
GYS0017541	重庆市靖佳齿科技术有限公司	生产企业	consumable
GYS0017542	重庆希尔安药业有限公司	生产企业/上市许可持有人	drug
GYS0017543	重庆希尔康血液净化器材研发有限公司	生产企业	consumable
GYS0017544	重庆帕西嘉生物科技有限公司	生产企业	consumable
GYS0017545	重庆庞通医疗器械有限公司	生产企业	consumable
GYS0017546	重庆康优斯商贸有限公司	生产企业	consumable
GYS0017547	重庆康佳森医疗电子科技有限公司	生产企业	consumable
GYS0017548	重庆康刻尔制药有限公司	生产企业	drug
GYS0017549	重庆康刻尔制药股份有限公司	生产企业/上市许可持有人	drug
GYS0017550	重庆德川医疗器械有限公司	生产企业	consumable
GYS0017551	重庆德润笙医药有限公司	生产企业/上市许可持有人	drug
GYS0017552	重庆德诚永道医药有限公司	生产企业/上市许可持有人	drug
GYS0017553	重庆心康制药有限公司	生产企业	drug
GYS0017554	重庆态美医疗器械有限公司	生产企业	consumable
GYS0017555	重庆态美齿科研究所	生产企业	consumable
GYS0017556	重庆恒科医疗器械有限公司	生产企业	consumable
GYS0017557	重庆恒鑫生物技术开发有限责任公司	生产企业/上市许可持有人	drug
GYS0017558	重庆恩创医疗管理有限公司	生产企业/上市许可持有人	drug
GYS0017559	重庆悠创生物技术有限公司	生产企业	consumable
GYS0017560	重庆惠全医疗器械有限公司	生产企业	consumable
GYS0017561	重庆惠森驰恒医疗器械有限公司	生产企业	consumable
GYS0017562	重庆摩尔水处理设备有限公司	生产企业	consumable
GYS0017563	重庆斯迈欧口腔技术有限公司	生产企业	consumable
GYS0017564	重庆新方程医疗器械有限公司	生产企业	consumable
GYS0017565	重庆早柒天生物科技股份有限公司	生产企业	consumable
GYS0017566	重庆旭天生物科技有限公司	生产企业	consumable
GYS0017567	重庆旭达药业有限公司	生产企业/上市许可持有人	drug
GYS0017568	重庆明道捷测生物科技有限公司	生产企业	consumable
GYS0017569	重庆星创医药有限公司	生产企业/上市许可持有人	drug
GYS0017570	重庆昱元生物科技有限公司	生产企业	consumable
GYS0017571	重庆昶健科技有限公司	生产企业	consumable
GYS0017572	重庆普林生物工程有限公司	生产企业	consumable
GYS0017573	重庆普门创生物技术有限公司	生产企业	consumable
GYS0017574	重庆晶美医疗科技有限公司	生产企业	consumable
GYS0017575	重庆智翔金泰生物制药股份有限公司	生产企业/上市许可持有人	drug
GYS0017576	重庆智阖康医疗器械有限公司	生产企业	consumable
GYS0017577	重庆曦格生物科技有限公司	生产企业	consumable
GYS0017578	重庆朴德熙口腔技术有限公司	生产企业	consumable
GYS0017579	重庆杏林医疗用品有限责任公司	生产企业	consumable
GYS0017580	重庆柯尔迈科技有限公司	生产企业	consumable
GYS0017581	重庆格鑫医疗科技有限公司	生产企业	consumable
GYS0017582	重庆植恩药业有限公司	生产企业/上市许可持有人	drug
GYS0017583	重庆欣乐美义齿有限公司	生产企业	consumable
GYS0017584	重庆欣汶医疗器械有限公司	生产企业	consumable
GYS0017585	重庆欣音新电医疗科技有限公司	生产企业	consumable
GYS0017586	重庆欧特斯医疗器械有限公司	生产企业	consumable
GYS0017587	重庆正仁医疗器械有限公司	生产企业	consumable
GYS0017588	重庆民济医疗器械有限公司	生产企业	consumable
GYS0017589	重庆永仁心医疗器械有限公司	生产企业	consumable
GYS0017590	重庆永通信息工程实业有限公司	生产企业	consumable
GYS0017591	重庆沃康生物科技有限公司	生产企业	consumable
GYS0017592	重庆沐和医疗器械制造有限责任公司	生产企业	consumable
GYS0017593	重庆泊远科技有限公司	生产企业	consumable
GYS0017594	重庆浩安假肢矫形器有限责任公司	生产企业	consumable
GYS0017595	重庆海吉瑞生物医药科技有限公司	生产企业	consumable
GYS0017596	重庆海扶医疗科技股份有限公司	生产企业	consumable
GYS0017597	重庆海默尼制药有限公司	生产企业/上市许可持有人	drug
GYS0017598	重庆润泽医药有限公司	生产企业	consumable
GYS0017599	重庆清世生物科技有限责任公司	生产企业	consumable
GYS0017600	重庆灵方三帆生物制药有限公司	生产企业/上市许可持有人	drug,consumable
GYS0017601	重庆熙科医疗科技有限公司	生产企业	consumable
GYS0017602	重庆爱众医疗器械有限公司	生产企业	consumable
GYS0017603	重庆牙佳医疗科技有限公司	生产企业	consumable
GYS0017604	重庆玖牛医疗科技有限公司	生产企业	consumable
GYS0017605	重庆玺德尔医疗器械有限公司	生产企业	consumable
GYS0017606	重庆琪美斯医疗设备有限公司	生产企业	consumable
GYS0017607	重庆琳珑医疗器械有限公司	生产企业	consumable
GYS0017608	重庆瑞泊莱制药有限公司	生产企业/上市许可持有人	drug
GYS0017609	重庆瑞良医疗器械有限公司	生产企业	consumable
GYS0017610	重庆申高生化制药股份有限公司	生产企业/上市许可持有人	drug
GYS0017611	重庆登峰义齿制作有限责任公司	生产企业	consumable
GYS0017612	重庆登康口腔护理用品股份有限公司	生产企业	consumable
GYS0017613	重庆登欣数齿医疗器械研究院有限公司	生产企业	consumable
GYS0017614	重庆百笑医疗设备有限公司	生产企业	consumable
GYS0017615	重庆知我者医疗科技有限公司	生产企业	consumable
GYS0017616	重庆神奇药业股份有限公司	生产企业/上市许可持有人	drug
GYS0017617	重庆祥瑞义齿制作有限公司	生产企业	consumable
GYS0017618	重庆福九医疗器械有限公司	生产企业	consumable
GYS0017619	重庆福尔泰矫形康复器材有限公司	生产企业	consumable
GYS0017620	重庆秀雨药业有限公司	生产企业	consumable
GYS0017621	重庆科斯特医疗科技有限公司	生产企业	consumable
GYS0017622	重庆科杰医疗技术有限公司	生产企业	consumable
GYS0017623	重庆科济生物技术有限公司	生产企业	consumable
GYS0017624	重庆科瑞东和制药有限责任公司	生产企业	drug
GYS0017625	重庆科瑞制药(集团)有限公司	生产企业/上市许可持有人	drug
GYS0017626	重庆科瑞南海制药有限责任公司	生产企业/上市许可持有人	drug
GYS0017627	重庆立见科技股份公司	生产企业	consumable
GYS0017628	重庆筱熊猫药业股份有限公司	生产企业/上市许可持有人	drug
GYS0017629	重庆维冠医疗科技有限公司	生产企业	consumable
GYS0017630	重庆维泰医疗器械有限公司	生产企业	consumable
GYS0017631	重庆美印医疗器械有限公司	生产企业	consumable
GYS0017632	重庆美域义齿制作有限公司	生产企业	consumable
GYS0017633	重庆美尔晶医疗器械有限公司	生产企业	consumable
GYS0017634	重庆美欣义齿制作有限责任公司	生产企业	consumable
GYS0017635	重庆翊为生物科技有限公司	生产企业	consumable
GYS0017636	重庆联佰博超医疗器械有限公司	生产企业	consumable
GYS0017637	重庆聚鼎信医疗科技有限公司	生产企业	consumable
GYS0017638	重庆腾跃医疗器械有限公司	生产企业	consumable
GYS0017639	重庆致远义齿制作有限公司	生产企业	consumable
GYS0017640	重庆良道医疗器材有限公司	生产企业	consumable
GYS0017641	重庆艺淳义齿制作有限公司	生产企业	consumable
GYS0017642	重庆艺美义齿制作有限公司	生产企业	consumable
GYS0017643	重庆艾得拉医疗器械有限公司	生产企业	consumable
GYS0017644	重庆芸峰药业有限公司	生产企业/上市许可持有人	drug
GYS0017645	重庆苏嘉医疗器械有限公司	生产企业	consumable
GYS0017646	重庆药友制药有限责任公司	生产企业/上市许可持有人	drug
GYS0017647	重庆药谷制药有限公司	生产企业/上市许可持有人	drug
GYS0017648	重庆莱美药业股份有限公司	生产企业/上市许可持有人	drug
GYS0017649	重庆蜀明科技发展有限公司	生产企业	consumable
GYS0017650	重庆裕阔科技发展有限公司	生产企业	consumable
GYS0017651	重庆西亚特医疗器械有限公司	生产企业	consumable
GYS0017652	重庆西南制药二厂有限责任公司	生产企业/上市许可持有人	drug
GYS0017653	重庆西山科技股份有限公司	生产企业	consumable
GYS0017654	重庆西科码医疗器械有限公司	生产企业	consumable
GYS0017655	重庆诚联医疗器械有限公司	生产企业	consumable
GYS0017656	重庆豪迟义齿制作有限公司	生产企业	consumable
GYS0017657	重庆贝伊美医疗器械有限公司	生产企业	consumable
GYS0017658	重庆赛维药业有限公司	生产企业/上市许可持有人	drug
GYS0017659	重庆赛诺生物药业股份有限公司	生产企业/上市许可持有人	drug
GYS0017660	重庆达力德医疗器械有限责任公司	生产企业	consumable
GYS0017661	重庆迈乐生物制药有限公司	生产企业/上市许可持有人	drug
GYS0017662	重庆迈德医疗器械有限公司	生产企业	consumable
GYS0017663	重庆迈科唯医疗科技有限公司	生产企业	consumable
GYS0017664	重庆迪康中药制药有限公司	生产企业/上市许可持有人	drug
GYS0017665	重庆迪康长江制药有限公司	生产企业/上市许可持有人	drug
GYS0017666	重庆迪沃图医疗器械有限公司	生产企业	consumable
GYS0017667	重庆通和药业有限公司	生产企业	drug
GYS0017668	重庆道普医疗科技有限公司	生产企业	ivd
GYS0017669	重庆金山科技集团股份有限公司	生产企业	consumable
GYS0017670	重庆金赛星医疗科技有限公司	生产企业	consumable
GYS0017671	重庆鑫亿医疗器械有限公司	生产企业	consumable
GYS0017672	重庆铭豪义齿有限公司	生产企业	consumable
GYS0017673	重庆铭达鸿智生物科技有限公司	生产企业	consumable
GYS0017674	重庆锐恩医药有限公司	生产企业/上市许可持有人	drug
GYS0017675	重庆长乐硅酸盐有限责任公司	生产企业	consumable
GYS0017676	重庆长亭假肢矫形器有限公司	生产企业	consumable
GYS0017677	重庆陪都药业股份有限公司	生产企业/上市许可持有人	drug
GYS0017678	重庆隽德生物科技有限公司	生产企业	consumable
GYS0017679	重庆雅淳义齿加工有限责任公司	生产企业	consumable
GYS0017680	重庆雨逸科技有限公司	生产企业	consumable
GYS0017681	重庆青阳药业有限公司	生产企业/上市许可持有人	drug
GYS0017682	重庆风起青萍医疗技术有限公司	生产企业	consumable
GYS0017683	重庆香雪医药有限公司	生产企业/上市许可持有人	drug
GYS0017684	重庆骐禹医疗科技有限公司	生产企业	consumable
GYS0017685	重庆高靖医药科技有限公司	生产企业	consumable
GYS0017686	重庆鹏程制药有限公司钙化厂	生产企业	drug
GYS0017687	重庆麒沣医疗科技有限公司	生产企业	consumable
GYS0017688	重庆麦克渝生制药有限公司	生产企业/上市许可持有人	drug,consumable
GYS0017689	重庆麦克福新制药有限公司	生产企业/上市许可持有人	drug
GYS0017690	重庆龙翼生物科技有限公司	生产企业	consumable
GYS0017691	金乡县山阳医疗器械有限公司	生产企业	consumable
GYS0017692	金乡县金瓯医疗器械厂	生产企业	consumable
GYS0017693	金仕生物科技（常熟）有限公司	生产企业	consumable
GYS0017694	金傅（北京）医疗科技有限公司	生产企业	consumable
GYS0017695	金利德卫生用品（河北）有限责任公司	生产企业	consumable
GYS0017696	金华市健述医疗用品有限公司	生产企业	consumable
GYS0017697	金华市创新医疗器械科技有限公司	生产企业	consumable
GYS0017698	金华市华诚医疗器械有限公司	生产企业	consumable
GYS0017699	金华市博浪科技有限公司	生产企业	consumable
GYS0017700	金华市康佳医疗器械厂	生产企业	consumable
GYS0017701	金华市康寿制药有限公司	生产企业/上市许可持有人	drug
GYS0017702	金华市新致美义齿有限公司	生产企业	consumable
GYS0017703	金华市晨曦医疗器械有限公司	生产企业	consumable
GYS0017704	金华市景迪医疗用品有限公司	生产企业	consumable
GYS0017705	金华市格蓝姆医疗器械科技有限公司	生产企业	consumable
GYS0017706	金华市磊运服装有限公司	生产企业	consumable
GYS0017707	金华市艺宝医疗器械有限公司	生产企业	consumable
GYS0017708	金华市贝莉针织有限公司	生产企业	consumable
GYS0017709	金华市青阳生物科技有限公司	生产企业	consumable
GYS0017710	金华德仁康复辅具有限公司	生产企业	consumable
GYS0017711	金华科生物技术河北有限公司	生产企业	consumable
GYS0017712	金塬医疗器械（天津）有限公司	生产企业	consumable
GYS0017713	金士达医疗（咸宁）有限公司	生产企业	consumable
GYS0017714	金士达实业（武汉）有限公司	生产企业	consumable
GYS0017715	金川中藏医疗研发中心	生产企业	consumable
GYS0017716	金日制药(中国)有限公司	生产企业/上市许可持有人	drug
GYS0017717	金智达医疗器材（上海）有限公司	生产企业	consumable
GYS0017718	金标医疗器械（成都）有限公司	生产企业	consumable
GYS0017719	金灵医疗科技（常州）有限公司	生产企业	consumable
GYS0017720	金瑞博（厦门）生物科技有限公司	生产企业	consumable
GYS0017721	金禾中科医疗器械（北京）有限公司	生产企业	consumable
GYS0017722	金美益昇（深圳）科技有限公司	生产企业	consumable
GYS0017723	金花企业(集团)股份有限公司西安金花制药厂	生产企业/上市许可持有人	drug
GYS0017724	金诃藏药股份有限公司	生产企业/上市许可持有人	drug
GYS0017725	金诺利（北京）医疗器械有限公司	生产企业	consumable
GYS0017726	金诺康药业科技(石家庄)有限公司	生产企业/上市许可持有人	drug
GYS0017727	金陵药业股份有限公司南京金陵制药厂	生产企业/上市许可持有人	drug,consumable
GYS0017728	金陵药业股份有限公司福州梅峰制药厂	生产企业/上市许可持有人	drug
GYS0017729	金鸡药业股份有限公司	生产企业/上市许可持有人	drug
GYS0017730	金鸿药业股份有限公司	生产企业/上市许可持有人	drug
GYS0017731	鑫峰医疗器械（廊坊）有限公司	生产企业	consumable
GYS0017732	鑫庆禾（山东）医疗器械有限公司	生产企业	consumable
GYS0017733	鑫晨千凡（武汉）工贸有限公司	生产企业	consumable
GYS0017734	鑫晨千凡（武汉）科技发展有限公司	生产企业	consumable
GYS0017735	鑫海合星科技（大连）有限公司	生产企业	consumable
GYS0017736	鑫益豪医疗科技（杭州）有限公司	生产企业	consumable
GYS0017737	鑫顺发新材料科技有限责任公司	生产企业	consumable
GYS0017738	钇伟（上海）科技有限公司	生产企业	consumable
GYS0017739	钓鱼台医药集团吉林天强制药股份有限公司	生产企业/上市许可持有人	drug
GYS0017740	钓鱼台医药集团吉林长青药业股份有限公司	生产企业/上市许可持有人	drug
GYS0017741	钛格斯医疗设备（重庆）有限公司	生产企业	consumable
GYS0017742	钜邦医材（深圳）有限公司	生产企业	consumable
GYS0017743	钟化企业管理（上海）有限公司	生产企业	consumable
GYS0017744	钟化贸易（上海）有限公司	生产企业	consumable
GYS0017745	钟天乐齿科技（东莞）有限公司	生产企业	consumable
GYS0017746	铁岭华医药业有限公司	生产企业	consumable
GYS0017747	铁岭市杜记膏药厂	生产企业	drug
GYS0017748	铁岭市蓝洋医疗器械有限公司	生产企业	consumable
GYS0017749	铁门关市康乃馨卫生材料有限责任公司	生产企业	consumable
GYS0017750	铂恩医疗科技（深圳）有限公司	生产企业	consumable
GYS0017751	铂珑生物科技（苏州）有限公司	生产企业	consumable
GYS0017752	铜川明珠义齿研制有限公司	生产企业	consumable
GYS0017753	铠甲医疗科技（中山）有限公司	生产企业	consumable
GYS0017754	银川东兴义齿有限公司	生产企业	consumable
GYS0017755	银川仁和义齿有限公司	生产企业	consumable
GYS0017756	银川佰氏中方医药有限公司	生产企业	consumable
GYS0017757	银川健春医疗器械厂	生产企业	consumable
GYS0017758	银川友善假肢矫形器有限公司	生产企业	consumable
GYS0017759	银川致皓义齿科技有限公司	生产企业	consumable
GYS0017760	银川雅美乐义齿有限公司	生产企业	consumable
GYS0017761	银谷制药有限责任公司	生产企业/上市许可持有人	drug
GYS0017762	锆持（苏州）牙科技术有限公司	生产企业	consumable
GYS0017763	锋泽齿科技术（上海）有限公司	生产企业	consumable
GYS0017764	锐可医疗科技（上海）有限公司	生产企业	consumable
GYS0017765	锐志微创医疗科技（常州）有限公司	生产企业	consumable
GYS0017766	锐曜石医疗科技（苏州）有限公司	生产企业	consumable
GYS0017767	锐珂亚太投资管理（上海）有限公司	生产企业	consumable
GYS0017768	锐珂（厦门）医疗器材有限公司	生产企业	consumable
GYS0017769	锐适医疗器械（上海）有限公司	生产企业	consumable
GYS0017770	锦州九泰药业有限责任公司	生产企业/上市许可持有人	drug
GYS0017771	锦州九洋药业有限责任公司	生产企业	drug
GYS0017772	锦州奥鸿药业有限责任公司	生产企业/上市许可持有人	drug
GYS0017773	锦州市复昕康医疗器械有限公司	生产企业	consumable
GYS0017774	锦州市心度义齿制作中心	生产企业	consumable
GYS0017775	锦州市纳克假肢矫形器有限公司	生产企业	consumable
GYS0017776	锦州本天药业有限公司	生产企业/上市许可持有人	drug
GYS0017777	锦州汉宝药业有限公司	生产企业/上市许可持有人	drug
GYS0017778	锦州瑞康医疗康复器具有限公司	生产企业	consumable
GYS0017779	锦州福寿堂医药科技有限公司	生产企业/上市许可持有人	drug
GYS0017780	锦州紫金药业有限公司	生产企业	drug
GYS0017781	镁格生物科技（江苏）有限公司	生产企业	consumable
GYS0017782	镇江市康鼎义齿制作有限公司	生产企业	consumable
GYS0017783	镇江市氧谷研究所有限公司	生产企业	consumable
GYS0017784	镇江市瑞泰数齿有限公司	生产企业	consumable
GYS0017785	镇江市许布医疗器械有限公司	生产企业	consumable
GYS0017786	镇江康利医疗器械有限公司	生产企业	consumable
GYS0017787	镇江恒生涓恩医疗器械有限公司	生产企业	consumable
GYS0017788	镇江新区长城医疗用品厂	生产企业	consumable
GYS0017789	镇江杏林医疗科技有限公司	生产企业	consumable
GYS0017790	镇江正斋堂生物科技有限公司	生产企业	consumable
GYS0017791	镇江正源医疗器械科技有限公司	生产企业	consumable
GYS0017792	镇江汉伟医疗制品有限公司	生产企业	consumable
GYS0017793	镇江高冠医疗器械有限公司	生产企业	consumable
GYS0017794	长东医疗器械集团有限公司	生产企业	consumable
GYS0017795	长丰长收医药科技发展有限公司	生产企业	consumable
GYS0017796	长兴制药股份有限公司	生产企业	drug
GYS0017797	长垣市宇淼卫材有限公司	生产企业	consumable
GYS0017798	长垣市玉森卫生用品有限公司	生产企业	consumable
GYS0017799	长垣市裕鑫强国医疗器械科技有限公司	生产企业	consumable
GYS0017800	长垣市迪尚假肢矫正器有限公司	生产企业	consumable
GYS0017801	长春万德制药有限公司	生产企业/上市许可持有人	drug
GYS0017802	长春人民药业集团有限公司	生产企业/上市许可持有人	drug
GYS0017803	长春仁邦生物技术有限公司	生产企业	consumable
GYS0017804	长春众汇和医疗技术有限公司	生产企业	consumable
GYS0017805	长春北华药业有限公司	生产企业	drug
GYS0017806	长春卓谊生物股份有限公司	生产企业/上市许可持有人	drug
GYS0017807	长春博德生物技术有限责任公司	生产企业/上市许可持有人	drug
GYS0017808	长春吉原生物科技有限公司	生产企业	consumable
GYS0017809	长春同医科技有限公司	生产企业	consumable
GYS0017810	长春呈实健康实业有限公司	生产企业	consumable
GYS0017811	长春圣博玛生物材料有限公司	生产企业	consumable
GYS0017812	长春坤石中医药研究院	生产企业	consumable
GYS0017813	长春大政药业科技有限公司	生产企业/上市许可持有人	drug
GYS0017814	长春天正儒商科贸有限公司	生产企业	consumable
GYS0017815	长春天诚药业有限公司	生产企业/上市许可持有人	drug
GYS0017816	长春市佳杰经贸有限公司	生产企业	consumable
GYS0017817	长春市冠禹医疗器械有限公司	生产企业	consumable
GYS0017818	长春市医用高分子有限公司	生产企业	consumable
GYS0017819	长春市卓宏医疗器械有限公司	生产企业	consumable
GYS0017820	长春市博特生物科技有限公司	生产企业	consumable
GYS0017821	长春市双欣医疗器械有限公司	生产企业	consumable
GYS0017822	长春市天乐义齿有限责任公司	生产企业	consumable
GYS0017823	长春市奥朗特生化药械科研基地有限公司	生产企业	consumable
GYS0017824	长春市威远义齿制作有限公司	生产企业	consumable
GYS0017825	长春市尚美义齿有限公司	生产企业	consumable
GYS0017826	长春市康润达齿业有限公司	生产企业	consumable
GYS0017827	长春市志昂生物科技有限公司	生产企业	consumable
GYS0017828	长春市恒之源医疗器械有限公司	生产企业	consumable
GYS0017829	长春市慧鑫康医疗科技有限公司	生产企业	consumable
GYS0017830	长春市星洲药业有限公司	生产企业	consumable
GYS0017831	长春市百济康生物技术有限公司	生产企业	consumable
GYS0017832	长春市砭露医用器材厂	生产企业	consumable
GYS0017833	长春市科新生化药械研究所	生产企业	consumable
GYS0017834	长春市科达尔生物科技有限公司	生产企业	consumable
GYS0017835	长春市立友医疗科技有限公司	生产企业	consumable
GYS0017836	长春市精工义齿有限公司	生产企业	consumable
GYS0017837	长春市繁简医疗器械有限公司	生产企业	consumable
GYS0017838	长春市繁简齿业科技有限公司	生产企业	consumable
GYS0017839	长春市罡恒电子有限责任公司	生产企业	consumable
GYS0017840	长春市聚力义齿有限公司	生产企业	consumable
GYS0017841	长春市致和生物科技有限公司	生产企业	consumable
GYS0017842	长春市蓝印影像科技有限公司	生产企业	consumable
GYS0017843	长春市黄伟义齿制作中心	生产企业	consumable
GYS0017844	长春新安药业有限公司	生产企业/上市许可持有人	drug
GYS0017845	长春新斯达科技有限公司	生产企业	consumable
GYS0017846	长春新鑫元口腔科技有限公司	生产企业	consumable
GYS0017847	长春春雨医疗设备有限公司	生产企业	consumable
GYS0017848	长春晨裕伽康生物科技有限公司	生产企业	consumable
GYS0017849	长春晨裕生物医疗科技有限公司	生产企业	consumable
GYS0017850	长春普华制药股份有限公司	生产企业/上市许可持有人	drug
GYS0017851	长春普思康医疗科技公司	生产企业	consumable
GYS0017852	长春民健医疗器械有限公司	生产企业	consumable
GYS0017853	长春海伯尔生物技术有限责任公司	生产企业/上市许可持有人	drug,consumable
GYS0017854	长春海外制药集团有限公司	生产企业/上市许可持有人	drug
GYS0017855	长春海悦药业股份有限公司	生产企业/上市许可持有人	drug
GYS0017856	长春澜江医药科技有限公司	生产企业/上市许可持有人	drug
GYS0017857	长春爱康医疗器械有限公司	生产企业	consumable
GYS0017858	长春璞元药业有限公司	生产企业/上市许可持有人	drug
GYS0017859	长春生物制品研究所有限责任公司	生产企业/上市许可持有人	drug
GYS0017860	长春白求恩制药有限公司	生产企业/上市许可持有人	drug
GYS0017861	长春白求恩医疗器械有限公司	生产企业	consumable
GYS0017862	长春百克生物科技股份公司	生产企业/上市许可持有人	drug
GYS0017863	长春益思医疗器械有限公司	生产企业	consumable
GYS0017864	长春祈健生物制品有限公司	生产企业/上市许可持有人	drug
GYS0017865	长春科元生物技术有限公司	生产企业	consumable
GYS0017866	长春精优药业股份有限公司	生产企业/上市许可持有人	drug
GYS0017867	长春紫正制药有限公司	生产企业/上市许可持有人	drug
GYS0017868	长春美玥贸易有限公司	生产企业	consumable
GYS0017869	长春翔通药业有限公司	生产企业	drug
GYS0017870	长春耘艾手术器械有限公司	生产企业	consumable
GYS0017871	长春联谊科技开发有限责任公司	生产企业	consumable
GYS0017872	长春致砭堂健康科技有限公司	生产企业	consumable
GYS0017873	长春艾迪尔医用科技发展有限公司	生产企业	consumable
GYS0017874	长春英平药业有限公司	生产企业/上市许可持有人	drug
GYS0017875	长春迪瑞制药有限公司	生产企业/上市许可持有人	drug
GYS0017876	长春邦尔生物工程有限公司	生产企业	consumable
GYS0017877	长春金康源医用器具有限公司	生产企业	consumable
GYS0017878	长春金赛药业有限责任公司	生产企业/上市许可持有人	drug
GYS0017879	长春金赛药业股份有限公司	生产企业	drug
GYS0017880	长春长庆药业集团有限公司	生产企业/上市许可持有人	drug
GYS0017881	长春长龄生物科技有限公司	生产企业	consumable
GYS0017882	长春雷允上药业有限公司	生产企业/上市许可持有人	drug
GYS0017883	长春鸿运达进出口贸易有限公司	生产企业	consumable
GYS0017884	长木谷医疗科技（青岛）有限公司	生产企业	consumable
GYS0017885	长沙东风药业有限公司	生产企业	drug
GYS0017886	长沙乐普外科医疗器械有限公司	生产企业	consumable
GYS0017887	长沙九州康科技有限公司	生产企业	consumable
GYS0017888	长沙仁基医疗器械有限公司	生产企业	consumable
GYS0017889	长沙伊生医疗器械有限公司	生产企业	consumable
GYS0017890	长沙优龙机器人有限公司	生产企业	consumable
GYS0017891	长沙佳满假肢矫形技术开发有限公司	生产企业	consumable
GYS0017892	长沙健力客假肢矫形康复有限公司	生产企业	consumable
GYS0017893	长沙傲伦口腔器材有限公司	生产企业	consumable
GYS0017894	长沙冠康医疗器械有限公司	生产企业	consumable
GYS0017895	长沙力恒医疗设备有限公司	生产企业	consumable
GYS0017896	长沙勒珺康矫形医疗器械有限公司	生产企业	consumable
GYS0017897	长沙协大生物科技有限公司	生产企业	consumable
GYS0017898	长沙原子高科医药有限公司	生产企业	drug
GYS0017899	长沙喀秋莎医疗科技有限公司	生产企业	consumable
GYS0017900	长沙国安假肢康复用品有限公司	生产企业	consumable
GYS0017901	长沙圣仁生物科技有限公司	生产企业	consumable
GYS0017902	长沙奈斯医疗器械有限公司	生产企业	consumable
GYS0017903	长沙妃她医疗科技有限公司	生产企业	consumable
GYS0017904	长沙展英医疗器械有限公司	生产企业	consumable
GYS0017905	长沙巨翊医疗科技有限公司	生产企业	consumable
GYS0017906	长沙市侨鑫医疗器械科技有限公司	生产企业	consumable
GYS0017907	长沙市华丰康诚医疗器械有限公司	生产企业	consumable
GYS0017908	长沙市天天齿科器材有限公司	生产企业	consumable
GYS0017909	长沙市如虹医药科技股份有限公司	生产企业/上市许可持有人	drug
GYS0017910	长沙市安视捷医疗器械有限公司	生产企业	consumable
GYS0017911	长沙市宏缤医疗器械有限公司	生产企业	consumable
GYS0017912	长沙市希普博医疗科技有限公司	生产企业	consumable
GYS0017913	长沙市柯丽尔科技有限公司	生产企业	consumable
GYS0017914	长沙市楚曲医疗器械有限公司	生产企业	consumable
GYS0017915	长沙市牙歪歪医疗器械有限公司	生产企业	consumable
GYS0017916	长沙市福尔泰矫形康复器材有限公司	生产企业	consumable
GYS0017917	长沙市福尔泰矫形康复器材有限公司武汉分公司	生产企业	consumable
GYS0017918	长沙市箫丹医疗器械科技有限公司	生产企业	consumable
GYS0017919	长沙市见先新材料有限公司	生产企业	consumable
GYS0017920	长沙市辉擎医疗器械有限公司	生产企业	consumable
GYS0017921	长沙市雄飞科技实业有限公司	生产企业	consumable
GYS0017922	长沙市鹏瑞生物科技有限公司	生产企业	consumable
GYS0017923	长沙康民医疗器械科技有限公司	生产企业	consumable
GYS0017924	长沙康泰医芯生物科技有限责任公司	生产企业	consumable
GYS0017925	长沙弯度医疗科技有限公司	生产企业	consumable
GYS0017926	长沙御齿医疗器械科技有限公司	生产企业	consumable
GYS0017927	长沙微笑美齿智能科技有限公司	生产企业	consumable
GYS0017928	长沙德冠医疗器械有限公司	生产企业	consumable
GYS0017929	长沙德臻数字医疗科技有限公司	生产企业	consumable
GYS0017930	长沙德迈医疗器械有限公司	生产企业	consumable
GYS0017931	长沙恩普诺生物科技有限公司	生产企业	consumable
GYS0017932	长沙悦翼模塑科技有限公司	生产企业	consumable
GYS0017933	长沙惠泽矫形器具有限公司	生产企业	consumable
GYS0017934	长沙拜仁生物科技有限公司	生产企业	consumable
GYS0017935	长沙拜尔生医疗用品有限公司	生产企业	consumable
GYS0017936	长沙文夕激光医疗科技有限公司	生产企业	consumable
GYS0017937	长沙昌久医疗科技有限公司	生产企业	consumable
GYS0017938	长沙易道医疗器械有限公司	生产企业	consumable
GYS0017939	长沙昕正医疗科技有限公司	生产企业	consumable
GYS0017940	长沙暨源生物科技有限责任公司	生产企业	consumable
GYS0017941	长沙朗睿科技有限公司	生产企业	consumable
GYS0017942	长沙未来移动医疗科技有限公司	生产企业	consumable
GYS0017943	长沙欧邦生物科技有限公司	生产企业	consumable
GYS0017944	长沙汇顶医疗科技有限责任公司	生产企业	consumable
GYS0017945	长沙海凭医疗设备有限公司	生产企业	consumable
GYS0017946	长沙海润生物技术有限公司	生产企业	consumable
GYS0017947	长沙润杰医疗器械有限公司	生产企业	consumable
GYS0017948	长沙涵晖医疗科技有限公司	生产企业	consumable
GYS0017949	长沙湖湘医疗器械有限公司	生产企业	consumable
GYS0017950	长沙湾诺医疗科技有限公司	生产企业	consumable
GYS0017951	长沙瑞泰医学科技有限公司	生产企业	consumable
GYS0017952	长沙瑞葛尔生物科技有限公司	生产企业	consumable
GYS0017953	长沙瓦尚医疗器械有限公司	生产企业	consumable
GYS0017954	长沙盈路美医疗器械有限公司	生产企业	consumable
GYS0017955	长沙科众医疗科技有限公司	生产企业	consumable
GYS0017956	长沙美冠达牙科医疗器械有限公司	生产企业	consumable
GYS0017957	长沙美创生命科技有限公司	生产企业	consumable
GYS0017958	长沙美希艾医疗器械有限公司	生产企业	consumable
GYS0017959	长沙美德力医疗科技有限公司	生产企业	consumable
GYS0017960	长沙美目医疗器械有限公司	生产企业	consumable
GYS0017961	长沙聚源医疗科技有限公司	生产企业	consumable
GYS0017962	长沙臻美医疗器械有限公司	生产企业	consumable
GYS0017963	长沙臻齿医疗器械有限公司	生产企业	consumable
GYS0017964	长沙艾克索科技有限公司	生产企业	consumable
GYS0017965	长沙艾美医疗器械有限公司	生产企业	consumable
GYS0017966	长沙菲斯安第医疗科技股份有限公司	生产企业	consumable
GYS0017967	长沙葆蓝医疗器械有限公司	生产企业	consumable
GYS0017968	长沙诺什生物科技有限公司	生产企业	consumable
GYS0017969	长沙诺恩创美生物科技有限公司	生产企业	consumable
GYS0017970	长沙达瑞奇实业有限公司	生产企业	consumable
GYS0017971	长沙达雅医疗器械有限公司	生产企业	consumable
GYS0017972	长沙迈吉尔医疗科技有限公司	生产企业	consumable
GYS0017973	长沙迈诺医疗器械有限公司	生产企业	consumable
GYS0017974	长沙远安生物科技有限公司	生产企业	consumable
GYS0017975	长沙邦仁医疗设备科技有限公司	生产企业	consumable
GYS0017976	长沙邦创生物科技有限公司	生产企业	consumable
GYS0017977	长沙金德义齿有限责任公司	生产企业	consumable
GYS0017978	长沙鑫宜康医疗科技有限公司	生产企业	consumable
GYS0017979	长沙铭珏医疗器械有限公司	生产企业	consumable
GYS0017980	长沙锦冠桥义齿有限公司	生产企业	consumable
GYS0017981	长沙雅柏达医疗器械有限公司	生产企业	consumable
GYS0017982	长沙飞羊健康科技有限公司	生产企业	consumable
GYS0017983	长沙高新开发区沃克医疗科技有限公司	生产企业	consumable
GYS0017984	长沙鸿康矫形医疗器械有限公司	生产企业	consumable
GYS0017985	长沙龙之杰科技有限公司	生产企业	consumable
GYS0017986	长治市三宝生化药业有限公司	生产企业/上市许可持有人	drug
GYS0017987	长治市健齿齿科器材有限公司	生产企业	consumable
GYS0017988	长治市郭峰齿科技术有限公司	生产企业	consumable
GYS0017989	长白山制药股份有限公司	生产企业/上市许可持有人	drug
GYS0017990	长葛市经纬科技开发有限公司	生产企业	consumable
GYS0017991	长风药业股份有限公司	生产企业/上市许可持有人	drug
GYS0017992	问兰药业（苏州）有限公司	生产企业	consumable
GYS0017993	闻沃技术（无锡）有限公司	生产企业	consumable
GYS0017994	阜宁县正兴医用敷料有限公司	生产企业	consumable
GYS0017995	阜宁县阜达卫生材料厂（普通合伙）	生产企业	consumable
GYS0017996	阜新地平线生物医学技术有限公司	生产企业	consumable
GYS0017997	阜新蒙药有限责任公司	生产企业	drug
GYS0017998	阜阳市瑞达医疗技术有限公司	生产企业	consumable
GYS0017999	阜阳市益泰药械有限公司	生产企业	consumable
GYS0018000	阜阳市贤信堂药业有限公司	生产企业	consumable
GYS0018001	阜阳徽远生物科技有限公司	生产企业	consumable
GYS0018002	防城港声动健康科技有限公司	生产企业	consumable
GYS0018003	防城港市方宏医疗科技有限公司	生产企业	consumable
GYS0018004	阳春市圣蓝博医疗科技有限公司	生产企业	consumable
GYS0018005	阳普医疗（湖南）有限公司	生产企业	consumable
GYS0018006	阳江市义信齿科有限公司	生产企业	consumable
GYS0018007	阳江市阳东锦龙医疗用品有限公司	生产企业	consumable
GYS0018008	阳泉市乐益迪医疗器械有限公司	生产企业	consumable
GYS0018009	阳谷景阳岗卫生材料厂	生产企业	consumable
GYS0018010	阳高民泽卫生材料有限公司	生产企业	consumable
GYS0018011	阿克苏金宝丽义齿技术有限公司	生产企业	consumable
GYS0018012	阿坝州天弘生物科技有限公司	生产企业	consumable
GYS0018013	阿尔弗雷德席勒（北京）医疗科技股份有限公司	生产企业	consumable
GYS0018014	阿尔法迈士医疗科技（上海）有限公司	生产企业	consumable
GYS0018015	阿斯利康制药有限公司	生产企业/上市许可持有人	drug
GYS0018016	阿斯利康药业(中国)有限公司	生产企业/上市许可持有人	drug
GYS0018017	阿玛格（北京）医疗器械有限公司	生产企业	consumable
GYS0018018	阿瑞医疗（广东）有限公司	生产企业	consumable
GYS0018019	阿舒尔（天津）医疗器械有限公司	生产企业	consumable
GYS0018020	阿迩发（无锡）医疗科技有限公司	生产企业	consumable
GYS0018021	阿酷育医疗科技（湖南）有限公司	生产企业	consumable
GYS0018022	阿里生物技术泰州有限公司	生产企业	consumable
GYS0018023	际华三五四三针织服饰有限公司	生产企业	consumable
GYS0018024	陇玛（银川）实业有限公司	生产企业	consumable
GYS0018025	陇药皇甫谧制药股份有限公司	生产企业/上市许可持有人	drug
GYS0018026	陕西一鼎医疗科技有限公司	生产企业	consumable
GYS0018027	陕西三正药业有限公司	生产企业/上市许可持有人	drug
GYS0018028	陕西世康医疗科技有限公司	生产企业	consumable
GYS0018029	陕西东望科技有限公司	生产企业	consumable
GYS0018030	陕西东泰制药有限公司	生产企业/上市许可持有人	drug
GYS0018031	陕西东瑞泰医疗器械科技有限责任公司	生产企业	consumable
GYS0018032	陕西东科制药有限责任公司	生产企业/上市许可持有人	drug
GYS0018033	陕西丝依路美科技有限公司	生产企业	consumable
GYS0018034	陕西中医药大学制药厂	生产企业/上市许可持有人	drug
GYS0018035	陕西中烨药业有限公司	生产企业	consumable
GYS0018036	陕西丹特威齿科技术发展有限公司	生产企业	consumable
GYS0018037	陕西为一生药业有限公司	生产企业	consumable
GYS0018038	陕西为康医疗科技有限公司	生产企业	consumable
GYS0018039	陕西丽彩药业有限公司	生产企业/上市许可持有人	drug
GYS0018040	陕西九州制药有限责任公司	生产企业/上市许可持有人	drug
GYS0018041	陕西云齿医疗科技有限公司	生产企业	consumable
GYS0018042	陕西京典生物科技有限公司	生产企业	consumable
GYS0018043	陕西仁康药业有限公司	生产企业	consumable
GYS0018044	陕西今时牙科技术有限公司	生产企业	consumable
GYS0018045	陕西众宝莱生物科技有限公司	生产企业	consumable
GYS0018046	陕西众邦药业科技有限公司	生产企业	consumable
GYS0018047	陕西优普康医药科技有限公司	生产企业	consumable
GYS0018048	陕西优泰齿科技术有限公司	生产企业	consumable
GYS0018049	陕西优邦生物制品制造有限责任公司	生产企业	consumable
GYS0018050	陕西伟创医疗科技有限公司	生产企业	consumable
GYS0018051	陕西佰傲再生医学有限公司	生产企业	consumable
GYS0018052	陕西佰奥盛德生物医学科技有限公司	生产企业	consumable
GYS0018053	陕西佰悦众邦医疗科技有限公司	生产企业	consumable
GYS0018054	陕西健民制药有限公司	生产企业/上市许可持有人	drug
GYS0018055	陕西健驰生物药业有限公司	生产企业	consumable
GYS0018056	陕西关爱制药有限公司	生产企业/上市许可持有人	drug
GYS0018057	陕西兴晟景元生物科技有限公司	生产企业	consumable
GYS0018058	陕西兴邦药业有限公司	生产企业	drug
GYS0018059	陕西冯武臣大药堂制药厂有限公司	生产企业/上市许可持有人	drug
GYS0018060	陕西利君唤康药业有限公司	生产企业	consumable
GYS0018061	陕西利君现代中药有限公司	生产企业/上市许可持有人	drug
GYS0018062	陕西利康利健医药有限公司	生产企业	consumable
GYS0018063	陕西制药有限责任公司	生产企业/上市许可持有人	drug
GYS0018064	陕西前进齿科新技术开发有限公司	生产企业	consumable
GYS0018065	陕西功达制药有限公司	生产企业/上市许可持有人	drug
GYS0018066	陕西医药控股集团医疗科技有限公司	生产企业	consumable
GYS0018067	陕西医药控股集团天宁制药有限责任公司	生产企业/上市许可持有人	drug
GYS0018068	陕西医药控股集团山海丹药业有限责任公司	生产企业	drug
GYS0018069	陕西医药控股集团山海丹药业股份有限公司	生产企业/上市许可持有人	drug
GYS0018070	陕西医药控股集团生物制品有限公司	生产企业	drug
GYS0018071	陕西华泰药业有限公司	生产企业/上市许可持有人	drug
GYS0018072	陕西华瑞邦医疗科技股份有限公司	生产企业	consumable
GYS0018073	陕西华西制药股份有限公司	生产企业/上市许可持有人	drug
GYS0018074	陕西华鹏医疗器械有限公司	生产企业	consumable
GYS0018075	陕西华龙制药有限公司	生产企业/上市许可持有人	drug
GYS0018076	陕西博森生物制药股份集团有限公司	生产企业/上市许可持有人	drug
GYS0018077	陕西去病药业有限公司	生产企业	drug
GYS0018078	陕西同康药业有限公司	生产企业	drug
GYS0018079	陕西向东医疗设备有限公司	生产企业	consumable
GYS0018080	陕西君可力医药科技有限公司	生产企业/上市许可持有人	drug
GYS0018081	陕西君碧莎制药有限公司	生产企业/上市许可持有人	drug
GYS0018082	陕西吾方医疗科技有限公司	生产企业	consumable
GYS0018083	陕西唐王天洋制药有限公司	生产企业/上市许可持有人	drug
GYS0018084	陕西嘉璐健康管理有限公司	生产企业	consumable
GYS0018085	陕西嘉盛科技开发有限公司	生产企业	consumable
GYS0018086	陕西坤佑医疗科技有限公司	生产企业	consumable
GYS0018087	陕西坤福堂药业有限公司	生产企业	consumable
GYS0018088	陕西大秦齿科医疗有限公司	生产企业	consumable
GYS0018089	陕西天医科技有限公司	生产企业	consumable
GYS0018090	陕西天地人和药业有限公司	生产企业/上市许可持有人	drug
GYS0018091	陕西天宇制药有限公司	生产企业	drug
GYS0018092	陕西天宇长安健康产业集团有限公司	生产企业	consumable
GYS0018093	陕西天泽星辰医疗器械有限公司	生产企业	consumable
GYS0018094	陕西天润药械有限公司	生产企业	consumable
GYS0018095	陕西奕珩生物科技有限公司	生产企业/上市许可持有人	drug
GYS0018096	陕西奥若斯医疗科技有限公司	生产企业	consumable
GYS0018097	陕西妙应扶民堂药业有限公司	生产企业	consumable
GYS0018098	陕西威信制药有限公司	生产企业	drug
GYS0018099	陕西孙思邈高新制药有限公司	生产企业/上市许可持有人	drug
GYS0018100	陕西季诺康禾药业有限公司	生产企业/上市许可持有人	drug
GYS0018101	陕西宁美实业有限公司	生产企业	consumable
GYS0018102	陕西安信医学技术开发有限公司	生产企业	consumable
GYS0018103	陕西安力迪生物科技有限公司	生产企业	consumable
GYS0018104	陕西安远堂药业有限公司	生产企业/上市许可持有人	drug
GYS0018105	陕西定远齿科技术有限公司	生产企业	consumable
GYS0018106	陕西宝灵康制药有限公司	生产企业/上市许可持有人	drug
GYS0018107	陕西富氧医疗科技有限公司	生产企业	consumable
GYS0018108	陕西富源医用塑料有限公司	生产企业	consumable
GYS0018109	陕西巨子生物技术有限公司	生产企业	consumable
GYS0018110	陕西广福生物医药科技有限公司	生产企业	consumable
GYS0018111	陕西康世医疗科技有限公司	生产企业	consumable
GYS0018112	陕西康乐实业有限公司	生产企业	consumable
GYS0018113	陕西康康盛世电子科技有限公司	生产企业	consumable
GYS0018114	陕西康惠制药股份有限公司	生产企业/上市许可持有人	drug
GYS0018115	陕西康泽倍健医药有限公司	生产企业	consumable
GYS0018116	陕西康皓药业有限公司	生产企业/上市许可持有人	drug
GYS0018117	陕西康纳多药业有限公司	生产企业/上市许可持有人	drug
GYS0018118	陕西康鹏健医用卫材有限公司	生产企业	consumable
GYS0018119	陕西开元制药有限公司	生产企业/上市许可持有人	drug
GYS0018120	陕西得安制药有限责任公司	生产企业/上市许可持有人	drug
GYS0018121	陕西德康莆医疗科技有限公司	生产企业	consumable
GYS0018122	陕西德福康制药有限公司	生产企业/上市许可持有人	drug
GYS0018123	陕西德美城医疗科技有限公司	生产企业	consumable
GYS0018124	陕西必康制药集团控股有限公司	生产企业/上市许可持有人	drug
GYS0018125	陕西恒创鸿宇医疗科技有限公司	生产企业	consumable
GYS0018126	陕西恒和睿医药有限公司	生产企业	consumable
GYS0018127	陕西恒诚制药有限公司	生产企业/上市许可持有人	drug
GYS0018128	陕西恒远生物科技有限公司	生产企业	consumable
GYS0018129	陕西恩倍康生物科技有限公司	生产企业	consumable
GYS0018130	陕西悦齿炫医疗科技有限公司	生产企业	consumable
GYS0018131	陕西慧康生物科技有限责任公司	生产企业	consumable
GYS0018132	陕西扩增生物科技有限公司	生产企业	consumable
GYS0018133	陕西摩美得气血和制药有限公司	生产企业/上市许可持有人	drug
GYS0018134	陕西新丰禾制药有限公司	生产企业/上市许可持有人	drug
GYS0018135	陕西新容康医疗器械有限公司	生产企业	consumable
GYS0018136	陕西新沣华生物科技有限公司	生产企业/上市许可持有人	drug
GYS0018137	陕西方晟制药有限公司	生产企业	consumable
GYS0018138	陕西方浩生物科技有限公司	生产企业/上市许可持有人	drug
GYS0018139	陕西方舟制药有限公司	生产企业/上市许可持有人	drug
GYS0018140	陕西明仁堂医药科技有限公司	生产企业	consumable
GYS0018141	陕西普西诺医疗科技有限公司	生产企业	consumable
GYS0018142	陕西景丰制药有限公司	生产企业	drug
GYS0018143	陕西智宇寰宸医疗器械有限公司	生产企业	consumable
GYS0018144	陕西月珍医药科技有限公司	生产企业	consumable
GYS0018145	陕西森生氧疗科技有限公司	生产企业	consumable
GYS0018146	陕西欧珂药业有限公司	生产企业/上市许可持有人	drug
GYS0018147	陕西正华制药有限公司	生产企业/上市许可持有人	drug
GYS0018148	陕西正吉药业有限公司	生产企业	consumable
GYS0018149	陕西正源科技发展有限责任公司	生产企业	consumable
GYS0018150	陕西步长制药有限公司	生产企业/上市许可持有人	drug
GYS0018151	陕西步长高新制药有限公司	生产企业/上市许可持有人	drug
GYS0018152	陕西毅和生物科技有限公司	生产企业	consumable
GYS0018153	陕西汇佳医疗器械有限公司	生产企业	consumable
GYS0018154	陕西汉唐制药有限公司	生产企业/上市许可持有人	drug
GYS0018155	陕西汉方生物制药有限公司	生产企业/上市许可持有人	drug
GYS0018156	陕西汉江药业集团股份有限公司	生产企业/上市许可持有人	drug
GYS0018157	陕西汉泰医药有限公司	生产企业	consumable
GYS0018158	陕西汉王药业股份有限公司	生产企业/上市许可持有人	drug
GYS0018159	陕西江研医药科技有限公司	生产企业	consumable
GYS0018160	陕西沐石医疗技术有限公司	生产企业	consumable
GYS0018161	陕西沐石医疗技术有限公司咸阳分公司	生产企业	consumable
GYS0018162	陕西沭畅医疗器械有限公司	生产企业	consumable
GYS0018163	陕西泽上堂药业有限公司	生产企业	consumable
GYS0018164	陕西泽康达医疗器械有限公司	生产企业	consumable
GYS0018165	陕西泽纳药业有限公司	生产企业	consumable
GYS0018166	陕西洁伦医药生物有限公司	生产企业	consumable
GYS0018167	陕西派瑞义齿医疗器械有限公司	生产企业	consumable
GYS0018168	陕西济生制药有限公司	生产企业/上市许可持有人	drug
GYS0018169	陕西海天制药有限公司	生产企业/上市许可持有人	drug
GYS0018170	陕西海斯诺医疗器械有限公司	生产企业	consumable
GYS0018171	陕西海斯诺生物制药有限公司	生产企业	consumable
GYS0018172	陕西润之宸实业有限公司	生产企业	consumable
GYS0018173	陕西润民医疗器械有限公司	生产企业	consumable
GYS0018174	陕西润生源医药科技有限公司	生产企业	consumable
GYS0018175	陕西渭南华仁制药有限责任公司	生产企业/上市许可持有人	drug
GYS0018176	陕西澳美娅生物科技有限公司	生产企业	consumable
GYS0018177	陕西焦氏胃泰和药业有限公司	生产企业/上市许可持有人	drug
GYS0018178	陕西爱健医疗器械有限公司	生产企业	consumable
GYS0018179	陕西爱骨医疗股份有限公司	生产企业	consumable
GYS0018180	陕西琦鹏康诺制药有限公司	生产企业	consumable
GYS0018181	陕西瑞一医疗科技有限公司	生产企业	consumable
GYS0018182	陕西瑞恩堂药业有限公司	生产企业	consumable
GYS0018183	陕西瑞特威医疗器械有限公司	生产企业	consumable
GYS0018184	陕西瑞盛生物科技有限公司	生产企业	consumable
GYS0018185	陕西瑞达康健医疗器械中心	生产企业	consumable
GYS0018186	陕西璟鹏生物医药科技有限公司	生产企业	consumable
GYS0018187	陕西白云制药有限公司	生产企业/上市许可持有人	drug
GYS0018188	陕西白鹿制药股份有限公司	生产企业/上市许可持有人	drug
GYS0018189	陕西盘龙药业集团股份有限公司	生产企业/上市许可持有人	drug
GYS0018190	陕西省万寿制药有限责任公司	生产企业	drug
GYS0018191	陕西省安康市平利县爱阔尔达医疗器械有限公司	生产企业	consumable
GYS0018192	陕西省科学院制药厂	生产企业/上市许可持有人	drug
GYS0018193	陕西省雄风制药有限公司	生产企业/上市许可持有人	drug
GYS0018194	陕西石宇药业有限公司	生产企业	consumable
GYS0018195	陕西福泰医疗科技有限公司	生产企业	consumable
GYS0018196	陕西福莱思药业有限公司	生产企业	consumable
GYS0018197	陕西福音假肢有限责任公司	生产企业	consumable
GYS0018198	陕西禾盟数字化科技有限公司	生产企业	consumable
GYS0018199	陕西科晨三维数字医疗科技有限公司	生产企业	consumable
GYS0018200	陕西精典口腔器材有限公司	生产企业	consumable
GYS0018201	陕西精益齿科技术有限公司	生产企业	consumable
GYS0018202	陕西紫光辰济药业有限公司	生产企业/上市许可持有人	drug
GYS0018203	陕西绮美然医疗科技有限公司	生产企业	consumable
GYS0018204	陕西聚仁谷医疗器械有限公司	生产企业	consumable
GYS0018205	陕西脊知眠健康管理有限公司	生产企业	consumable
GYS0018206	陕西艾诺美医药有限公司	生产企业	consumable
GYS0018207	陕西莜麦健康产业有限公司	生产企业	consumable
GYS0018208	陕西西岳制药有限公司	生产企业/上市许可持有人	drug
GYS0018209	陕西西蜀新创医疗科技有限公司	生产企业	consumable
GYS0018210	陕西诚信制药有限公司	生产企业/上市许可持有人	drug
GYS0018211	陕西诺奕生物医药科技有限公司	生产企业	consumable
GYS0018212	陕西赫喆医疗科技有限公司	生产企业	consumable
GYS0018213	陕西起点齿科数控有限公司	生产企业	consumable
GYS0018214	陕西超群制药有限公司	生产企业	drug
GYS0018215	陕西达圣克医疗器械有限公司	生产企业	consumable
GYS0018216	陕西达索生物医药有限公司	生产企业	consumable
GYS0018217	陕西远光高科技有限公司	生产企业	consumable
GYS0018218	陕西邦盛医疗器材有限责任公司	生产企业	consumable
GYS0018219	陕西郝其军制药股份有限公司	生产企业/上市许可持有人	drug
GYS0018220	陕西量子高科药业有限公司	生产企业/上市许可持有人	drug
GYS0018221	陕西金裕制药股份有限公司	生产企业	drug
GYS0018222	陕西金象制药有限公司	生产企业/上市许可持有人	drug
GYS0018223	陕西鑫久生物制品制造有限公司	生产企业	consumable
GYS0018224	陕西鑫威泰生物科技有限公司	生产企业	consumable
GYS0018225	陕西鑫带路电子科技有限公司	生产企业	consumable
GYS0018226	陕西锦沁医疗科技有限公司	生产企业	consumable
GYS0018227	陕西雪龙海姆普德药业股份有限公司	生产企业	drug
GYS0018228	陕西顿斯制药有限公司	生产企业/上市许可持有人	drug
GYS0018229	陕西颐生堂药业有限公司	生产企业/上市许可持有人	drug
GYS0018230	陕西飞秒医疗设备有限公司	生产企业	consumable
GYS0018231	陕西香菊药业集团有限公司	生产企业/上市许可持有人	drug
GYS0018232	陕西马克医疗科技有限公司	生产企业	consumable
GYS0018233	陕西高源体外诊断试剂有限公司	生产企业	consumable
GYS0018234	陕西鸿邦制药有限公司	生产企业	consumable
GYS0018235	陕西龙康鑫医疗器械有限公司	生产企业	consumable
GYS0018236	随州市中医医院	制剂配制单位	preparation
GYS0018237	随州市中心医院	制剂配制单位	preparation
GYS0018238	随州市康乐假肢矫形医疗器械有限公司	生产企业	consumable
GYS0018239	随州市曾都医院	制剂配制单位	preparation
GYS0018240	隐星(天津)科技有限公司	生产企业	consumable
GYS0018241	雅博精微医疗器械（苏州）有限公司	生产企业	consumable
GYS0018242	雅培医疗器械贸易（上海）有限公司	生产企业	consumable
GYS0018243	雅培医疗用品（上海）有限公司	生产企业	consumable
GYS0018244	雅培贸易(上海)有限公司	生产企业	ivd
GYS0018245	雅培贸易（上海）有限公司	生产企业	consumable
GYS0018246	雅安三九药业有限公司	生产企业	drug
GYS0018247	雅安市康乐医疗器械有限责任公司	生产企业	consumable
GYS0018248	雅安迅康药业有限公司	生产企业/上市许可持有人	drug
GYS0018249	雅柏药业(中国)有限公司	生产企业/上市许可持有人	drug
GYS0018250	雪力（广州）内窥镜技术有限公司	生产企业	consumable
GYS0018251	雷允上药业集团有限公司	生产企业/上市许可持有人	drug
GYS0018252	雷度米特医疗设备（上海）有限公司	生产企业	consumable
GYS0018253	雷德睦华医药科技（北京）有限公司	生产企业	consumable
GYS0018254	震一科技（天津）有限公司	生产企业	consumable
GYS0018255	震旭（南通）医疗器械有限公司	生产企业	consumable
GYS0018256	霍远利尔医疗器械（辽宁）有限公司	生产企业	consumable
GYS0018257	露卡（重庆）医疗设备有限公司	生产企业	consumable
GYS0018258	霸州市帅城佳康科技有限责任公司	生产企业	consumable
GYS0018259	霸州市金盛医疗器械有限公司	生产企业	consumable
GYS0018260	霸州市鸿澎生物科技有限公司	生产企业	consumable
GYS0018261	青丽康医疗科技(苏州)有限公司	生产企业	consumable
GYS0018262	青岛三嘉健康科技有限公司	生产企业	consumable
GYS0018263	青岛三爱医疗科技有限公司	生产企业	consumable
GYS0018264	青岛世泽生物技术有限公司	生产企业	consumable
GYS0018265	青岛世运医疗器具有限公司	生产企业	consumable
GYS0018266	青岛世通医疗器械有限公司	生产企业	consumable
GYS0018267	青岛东和义齿制作有限公司	生产企业	consumable
GYS0018268	青岛东海药业有限公司	生产企业	drug
GYS0018269	青岛中惠博义齿有限公司	生产企业	consumable
GYS0018270	青岛中惠圣熙生物工程有限公司	生产企业	consumable
GYS0018271	青岛中皓生物工程有限公司	生产企业	consumable
GYS0018272	青岛中腾生物技术有限公司	生产企业	consumable
GYS0018273	青岛九远医疗科技有限公司	生产企业	consumable
GYS0018274	青岛九远惠泰生物科技有限公司	生产企业	consumable
GYS0018275	青岛云加泽艾中医药科技有限公司	生产企业	consumable
GYS0018276	青岛会发医疗科技有限公司	生产企业	consumable
GYS0018277	青岛伦敦杜蕾斯有限公司	生产企业	consumable
GYS0018278	青岛佳艺影像新材料技术有限公司	生产企业	consumable
GYS0018279	青岛信义元医疗用品有限公司	生产企业	consumable
GYS0018280	青岛信义元医疗科技有限公司	生产企业	consumable
GYS0018281	青岛光电医疗科技有限公司	生产企业	consumable
GYS0018282	青岛兰旗生物工程有限公司	生产企业	consumable
GYS0018283	青岛冠龙生物制药有限公司	生产企业/上市许可持有人	drug
GYS0018284	青岛凯华医疗科技中心	生产企业	consumable
GYS0018285	青岛初方美即生物制药有限公司	生产企业	consumable
GYS0018286	青岛利康源医疗器械有限公司	生产企业	consumable
GYS0018287	青岛利百健生物科技有限公司	生产企业	consumable
GYS0018288	青岛利金医疗科研有限公司	生产企业	consumable
GYS0018289	青岛力腾医药科技有限公司	生产企业/上市许可持有人	drug
GYS0018290	青岛千和医疗器械有限公司	生产企业	consumable
GYS0018291	青岛千江生物工程有限公司	生产企业	consumable
GYS0018292	青岛华仁医疗用品有限公司	生产企业	consumable
GYS0018293	青岛华仁太医药业有限公司	生产企业/上市许可持有人	drug
GYS0018294	青岛华匀医疗用品有限公司	生产企业	consumable
GYS0018295	青岛华晶生物技术有限有限公司	生产企业	consumable
GYS0018296	青岛华迈士药业有限公司	生产企业	drug
GYS0018297	青岛卓护医疗用品有限公司	生产企业	consumable
GYS0018298	青岛卓熠义齿制作有限公司	生产企业	consumable
GYS0018299	青岛博旭医疗器械有限公司	生产企业	consumable
GYS0018300	青岛博益特生物材料股份有限公司	生产企业	consumable
GYS0018301	青岛博越生物科技有限公司	生产企业	consumable
GYS0018302	青岛博迈医疗科技有限公司	生产企业	consumable
GYS0018303	青岛卫康利医疗器械有限公司	生产企业	consumable
GYS0018304	青岛卫辽医用生物材料有限公司	生产企业	consumable
GYS0018305	青岛原子高通医药有限公司	生产企业	drug
GYS0018306	青岛双蝶集团股份有限公司	生产企业	consumable
GYS0018307	青岛双鲸药业股份有限公司	生产企业/上市许可持有人	drug
GYS0018308	青岛可可医疗器械有限公司	生产企业	consumable
GYS0018309	青岛合力乳胶制品有限公司	生产企业	consumable
GYS0018310	青岛启盈生物科技有限公司	生产企业	consumable
GYS0018311	青岛和奕医疗科技有限公司	生产企业	consumable
GYS0018312	青岛哈尼笑笑护理用品科技有限公司	生产企业	consumable
GYS0018313	青岛嘉护医疗用品有限公司	生产企业	consumable
GYS0018314	青岛嘉美医疗器械有限公司	生产企业	consumable
GYS0018315	青岛国信制药有限公司	生产企业/上市许可持有人	drug
GYS0018316	青岛国大生物制药股份有限公司	生产企业	drug
GYS0018317	青岛国大药业有限公司	生产企业/上市许可持有人	drug
GYS0018318	青岛国海生物制药有限公司	生产企业	drug
GYS0018319	青岛图兰朵生物工程有限公司	生产企业	consumable
GYS0018320	青岛图灵生物工程有限公司	生产企业	consumable
GYS0018321	青岛天海诚信生物工程有限公司	生产企业	consumable
GYS0018322	青岛奥登特医疗器械有限公司	生产企业	consumable
GYS0018323	青岛好大夫医疗用品有限公司	生产企业	consumable
GYS0018324	青岛威尔赫义齿科技有限公司	生产企业	consumable
GYS0018325	青岛威立防护用品有限公司	生产企业	consumable
GYS0018326	青岛威达生物科技有限公司	生产企业	consumable
GYS0018327	青岛宇城生物科技有限公司	生产企业	consumable
GYS0018328	青岛宇洋医疗科技有限公司	生产企业	consumable
GYS0018329	青岛安美齿医疗器械有限公司	生产企业	consumable
GYS0018330	青岛安龙生物科技有限公司	生产企业	consumable
GYS0018331	青岛宏远义齿有限公司	生产企业	consumable
GYS0018332	青岛宝乐得卫生用品有限公司	生产企业	consumable
GYS0018333	青岛富瑞沃新材料有限公司第一分公司	生产企业	consumable
GYS0018334	青岛小豆丁医疗科技有限公司	生产企业	consumable
GYS0018335	青岛山金医疗器械有限公司	生产企业	consumable
GYS0018336	青岛崇德生物科技有限公司	生产企业	consumable
GYS0018337	青岛市登特义齿制作中心	生产企业	consumable
GYS0018338	青岛幔利橡树医疗科技有限公司	生产企业	consumable
GYS0018339	青岛康华医用卫生材料有限公司	生产企业	consumable
GYS0018340	青岛康威医疗器械有限公司	生产企业	consumable
GYS0018341	青岛康德生物工程有限公司	生产企业	consumable
GYS0018342	青岛康诺威健康科技有限公司	生产企业	consumable
GYS0018343	青岛微科欧康贸易有限责任公司	生产企业	consumable
GYS0018344	青岛德友医疗器械有限公司	生产企业	consumable
GYS0018345	青岛德迈迪医疗科技有限公司	生产企业	consumable
GYS0018346	青岛恒之祥生物工程有限公司	生产企业	consumable
GYS0018347	青岛恒泰医疗器械有限公司	生产企业	consumable
GYS0018348	青岛恩普生物技术有限公司	生产企业	consumable
GYS0018349	青岛恩诺威健康科技有限公司	生产企业	consumable
GYS0018350	青岛惠威生物工程有限公司	生产企业	consumable
GYS0018351	青岛明月生物医用材料有限公司	生产企业	consumable
GYS0018352	青岛明药堂医疗股份有限公司	生产企业	consumable
GYS0018353	青岛普利生物工程有限公司	生产企业	consumable
GYS0018354	青岛普瑞希森医疗科技有限公司	生产企业	consumable
GYS0018355	青岛普瑞森医药科技有限公司	生产企业	consumable
GYS0018356	青岛智兴医疗器械有限公司	生产企业	consumable
GYS0018357	青岛暖呗医疗用品有限公司	生产企业	consumable
GYS0018358	青岛未来移动医疗科技有限公司	生产企业	consumable
GYS0018359	青岛朵然生物科技有限公司	生产企业	consumable
GYS0018360	青岛杰圣博生物科技有限公司	生产企业	consumable
GYS0018361	青岛柏恩鸿泰电子科技有限公司	生产企业	consumable
GYS0018362	青岛楚天生物科技有限公司湖北分公司	生产企业	consumable
GYS0018363	青岛楷瑞医疗科技有限公司	生产企业	consumable
GYS0018364	青岛欣鼎生物工程有限公司	生产企业	consumable
GYS0018365	青岛欧姆尼精密科技有限公司	生产企业	consumable
GYS0018366	青岛欧米卡橡胶制品有限公司	生产企业	consumable
GYS0018367	青岛正尚生物科技有限公司	生产企业	consumable
GYS0018368	青岛正植口腔医疗有限公司	生产企业	consumable
GYS0018369	青岛永洲丰友科技有限公司	生产企业	consumable
GYS0018370	青岛汉唐生物科技有限公司	生产企业	consumable
GYS0018371	青岛沃普艾斯日用品有限公司	生产企业	consumable
GYS0018372	青岛沃林春天实业有限公司	生产企业	consumable
GYS0018373	青岛泓柏医疗科技有限公司	生产企业	consumable
GYS0018374	青岛泰诺康医疗技术有限公司	生产企业	consumable
GYS0018375	青岛泰诺德生物科技有限公司	生产企业	consumable
GYS0018376	青岛泽辰生物技术有限公司	生产企业	consumable
GYS0018377	青岛派瑞医疗科技有限公司	生产企业	consumable
GYS0018378	青岛浅海生物工程有限公司	生产企业	consumable
GYS0018379	青岛浩洋慧雨贸易有限公司	生产企业	consumable
GYS0018380	青岛海富医疗器械有限公司	生产企业	consumable
GYS0018381	青岛海德鸣医疗器械有限公司	生产企业	consumable
GYS0018382	青岛海昊生物工程有限公司	生产企业	consumable
GYS0018383	青岛海氏海诺英诺威消毒科技有限公司	生产企业	consumable
GYS0018384	青岛海汇生物化学制药有限公司	生产企业	drug
GYS0018385	青岛海沃医疗用品有限公司	生产企业	consumable
GYS0018386	青岛海润医疗科技有限公司	生产企业	consumable
GYS0018387	青岛海盈生物科技有限公司城阳分公司	生产企业	consumable
GYS0018388	青岛海盛医疗科技有限公司	生产企业	consumable
GYS0018389	青岛海福沃德健康科技有限公司	生产企业	consumable
GYS0018390	青岛海脉国际医疗健康产业有限责任公司	生产企业	consumable
GYS0018391	青岛海蓝之星医疗用品有限公司	生产企业	consumable
GYS0018392	青岛海贝生物工程有限公司	生产企业	consumable
GYS0018393	青岛温极医疗器械有限公司	生产企业	consumable
GYS0018394	青岛湃睿生物科技有限公司	生产企业	consumable
GYS0018395	青岛溯博生物技术有限公司	生产企业	consumable
GYS0018396	青岛澜澈生物科技有限公司	生产企业	consumable
GYS0018397	青岛熙盛医疗科技有限公司	生产企业	consumable
GYS0018398	青岛爱慧尔生物科技有限公司	生产企业	consumable
GYS0018399	青岛爱蓓泽医疗有限公司	生产企业	consumable
GYS0018400	青岛牙秘书医疗科技有限公司	生产企业	consumable
GYS0018401	青岛琛蓝海洋生物工程有限公司	生产企业	consumable
GYS0018402	青岛瑞奈医疗科技有限公司	生产企业/上市许可持有人	drug
GYS0018403	青岛瑞百适生物科技有限公司	生产企业	consumable
GYS0018404	青岛瑞诺安医疗器械有限公司	生产企业	consumable
GYS0018405	青岛白帆卫生科技服务有限公司	生产企业	consumable
GYS0018406	青岛百洋制药有限公司	生产企业/上市许可持有人	drug
GYS0018407	青岛百胜医疗卫生用品有限公司	生产企业	consumable
GYS0018408	青岛皓宇义齿制作有限公司	生产企业	consumable
GYS0018409	青岛益美智医疗科技有限公司	生产企业	consumable
GYS0018410	青岛盛久医疗用品有限公司	生产企业	consumable
GYS0018411	青岛盛福医疗科技有限公司	生产企业	consumable
GYS0018412	青岛盛美生物工程有限公司	生产企业	consumable
GYS0018413	青岛盛邦生物工程有限公司	生产企业	consumable
GYS0018414	青岛真艾堂中医药科技有限公司	生产企业	consumable
GYS0018415	青岛秀尼思企业管理有限公司	生产企业	consumable
GYS0018416	青岛科信加压舱产品有限公司	生产企业	consumable
GYS0018417	青岛科美生物工程有限公司	生产企业	consumable
GYS0018418	青岛简码基因科技有限公司	生产企业	consumable
GYS0018419	青岛索诺商贸有限公司	生产企业	consumable,ivd
GYS0018420	青岛红蝶新材料有限公司	生产企业/上市许可持有人	drug
GYS0018421	青岛纽乐健康科技有限公司	生产企业	consumable
GYS0018422	青岛维德生物科技有限公司	生产企业	consumable
GYS0018423	青岛维思顿智能新材料有限公司	生产企业	consumable
GYS0018424	青岛维思顿生物医疗有限公司	生产企业	consumable
GYS0018425	青岛美科医疗设备有限公司	生产企业	consumable
GYS0018426	青岛美雅义齿中心	生产企业	consumable
GYS0018427	青岛耐丝克医材有限公司	生产企业	consumable
GYS0018428	青岛联泽堂生物科技有限公司	生产企业	consumable
GYS0018429	青岛艾暖医疗科技有限公司	生产企业	consumable
GYS0018430	青岛艾肯医疗科技有限公司	生产企业	consumable
GYS0018431	青岛艾西医疗用品有限公司	生产企业	consumable
GYS0018432	青岛英孚生物工程有限公司	生产企业	consumable
GYS0018433	青岛蓝百合生物科技有限公司	生产企业	consumable
GYS0018434	青岛蓝翼电子技术有限公司	生产企业	consumable
GYS0018435	青岛行祥医疗器械有限公司	生产企业	consumable
GYS0018436	青岛诺琪生物工程有限公司	生产企业	consumable
GYS0018437	青岛豫苑卓越医疗器械有限公司	生产企业	consumable
GYS0018438	青岛赛尔得医疗器械产业发展有限公司	生产企业	consumable
GYS0018439	青岛超意义齿有限公司	生产企业	consumable
GYS0018440	青岛足谱科技有限公司	生产企业	consumable
GYS0018441	青岛软新特医疗器械有限公司	生产企业	consumable
GYS0018442	青岛辰诺生物科技有限公司	生产企业	consumable
GYS0018443	青岛达芬奇科技有限公司	生产企业	consumable
GYS0018444	青岛远志康医药科技有限公司	生产企业	consumable
GYS0018445	青岛金典生化器材有限公司	生产企业	consumable
GYS0018446	青岛金圃广源科技有限公司	生产企业	consumable
GYS0018447	青岛金峰制药有限公司	生产企业/上市许可持有人	drug
GYS0018448	青岛金惠康义齿制作有限公司	生产企业	consumable
GYS0018449	青岛金昱尘义齿制作有限公司	生产企业	consumable
GYS0018450	青岛金杯工贸有限公司	生产企业	consumable
GYS0018451	青岛金泰通用医疗器材有限公司	生产企业	consumable
GYS0018452	青岛金美达医疗科技发展有限公司	生产企业	consumable
GYS0018453	青岛金铂瑞齿科技术有限公司	生产企业	consumable
GYS0018454	青岛鑫奕家生物工程有限公司	生产企业	consumable
GYS0018455	青岛鑫昊华医疗器械有限公司	生产企业	consumable
GYS0018456	青岛钰仁医疗科技有限公司	生产企业	consumable
GYS0018457	青岛锐派尔医疗科技有限公司	生产企业	consumable
GYS0018458	青岛锡安义齿加工有限公司	生产企业	consumable
GYS0018459	青岛锦麒生物科技有限公司	生产企业	consumable
GYS0018460	青岛长荣鼎信生物科技有限公司	生产企业	consumable
GYS0018461	青岛阿意梯医疗科技有限公司	生产企业	consumable
GYS0018462	青岛雅世医疗器械有限公司	生产企业	consumable
GYS0018463	青岛雅斯生物科技有限公司	生产企业	ivd
GYS0018464	青岛领多国际健康科技有限公司	生产企业	consumable
GYS0018465	青岛飞人医疗科技有限公司	生产企业	consumable
GYS0018466	青岛高洁健康科技有限公司	生产企业	consumable
GYS0018467	青岛鹏锋诚医疗科技有限公司	生产企业	consumable
GYS0018468	青岛黄海制药有限责任公司	生产企业/上市许可持有人	drug
GYS0018469	青岛黄海生物制药有限责任公司	生产企业/上市许可持有人	drug
GYS0018470	青州尧王制药有限公司	生产企业/上市许可持有人	drug
GYS0018471	青州市万洁卫生用品厂	生产企业	consumable
GYS0018472	青州市舒达医用器材有限公司	生产企业	consumable
GYS0018473	青晟医疗（扬州）有限公司	生产企业	consumable
GYS0018474	青松医药集团股份有限公司	生产企业	consumable
GYS0018475	青海东进生物科技有限公司	生产企业	consumable
GYS0018476	青海久美藏药药业有限公司	生产企业/上市许可持有人	drug
GYS0018477	青海创铭医疗器械有限公司	生产企业	consumable
GYS0018478	青海制药厂有限公司	生产企业	drug
GYS0018479	青海制药有限公司	生产企业/上市许可持有人	drug
GYS0018480	青海可可西里药业集团有限公司	生产企业/上市许可持有人	drug
GYS0018481	青海因之恩医疗技术有限公司	生产企业	consumable
GYS0018482	青海国棠生物科技有限公司	生产企业	consumable
GYS0018483	青海夏都医药有限公司	生产企业/上市许可持有人	drug
GYS0018484	青海天润药业有限公司	生产企业	drug
GYS0018485	青海央宗药业有限公司	生产企业	drug
GYS0018486	青海奇力康医疗器械有限公司	生产企业	consumable
GYS0018487	青海宝鉴堂国药有限公司	生产企业	drug
GYS0018488	青海帝玛尔藏药药业有限公司	生产企业/上市许可持有人	drug
GYS0018489	青海康力亚医疗器械有限公司	生产企业	consumable
GYS0018490	青海建源药业有限公司	生产企业	consumable
GYS0018491	青海御恩医疗器械有限公司	生产企业	consumable
GYS0018492	青海方晟医疗器械开发有限责任公司	生产企业	consumable
GYS0018493	青海晨菲制药有限公司	生产企业/上市许可持有人	drug
GYS0018494	青海晶珠藏药高新技术产业股份有限公司	生产企业/上市许可持有人	drug
GYS0018495	青海柴达木高科技药业有限公司	生产企业/上市许可持有人	drug
GYS0018496	青海爱青医药科技有限公司	生产企业	consumable
GYS0018497	青海珠峰冬虫夏草药业有限公司	生产企业/上市许可持有人	drug
GYS0018498	青海珠穆格桑医疗器械有限公司	生产企业	consumable
GYS0018499	青海珠韵顿珠医疗器械有限公司	生产企业	consumable
GYS0018500	青海琦鹰汉藏生物制药股份有限公司	生产企业	drug
GYS0018501	青海瑞成药业(集团)有限公司	生产企业	drug
GYS0018502	青海瑞朗医疗科技开发有限公司	生产企业	consumable
GYS0018503	青海登士达医疗器械有限公司	生产企业	consumable
GYS0018504	青海益欣药业有限责任公司	生产企业/上市许可持有人	drug
GYS0018505	青海省格拉丹东药业有限公司	生产企业/上市许可持有人	drug
GYS0018506	青海省通天河藏药制药有限责任公司	生产企业/上市许可持有人	drug
GYS0018507	青海绿色药业有限公司	生产企业	drug
GYS0018508	青海藏元堂生物科技有限公司	生产企业	consumable
GYS0018509	青海藏柯药业有限公司	生产企业	consumable
GYS0018510	青海藏爱健康产业有限公司	生产企业	consumable
GYS0018511	青海诗怀生物科技有限公司	生产企业	consumable
GYS0018512	青海香如故文化旅游产品开发有限公司	生产企业	consumable
GYS0018513	青海鲁抗大地药业有限公司	生产企业/上市许可持有人	drug
GYS0018514	青神虹豪制药有限公司	生产企业/上市许可持有人	drug
GYS0018515	青阳县东仁医疗器材有限公司	生产企业	consumable
GYS0018516	静仪健康科技（北京）有限公司	生产企业	consumable
GYS0018517	鞍山九天制药有限公司	生产企业	drug
GYS0018518	鞍山制药有限公司	生产企业/上市许可持有人	drug
GYS0018519	鞍山常春藤科技有限公司	生产企业	consumable
GYS0018520	鞍山德益达医疗器械科技有限公司	生产企业	consumable
GYS0018521	鞍山钢都医疗器械有限公司	生产企业	consumable
GYS0018522	韩国株式会社新兴上海代表处	生产企业	consumable
GYS0018523	韶关市丹雪牙科技术开发有限公司	生产企业	consumable
GYS0018524	韶关市德维雅义齿技术开发有限公司	生产企业	consumable
GYS0018525	韶关市志合医疗器械有限公司	生产企业	consumable
GYS0018526	韶关市新博美义齿技术开发有限公司	生产企业	consumable
GYS0018527	韶关市浈江区致然义齿制作有限公司	生产企业	consumable
GYS0018528	韶关市美达尔牙科配制有限公司	生产企业	consumable
GYS0018529	顶一医疗科技（昆山）有限公司	生产企业	consumable
GYS0018530	顶点医疗器械(江苏)有限公司	生产企业	consumable
GYS0018531	顺天保暖制品（昆山）有限公司	生产企业	consumable
GYS0018532	领伯医汇（杭州）医疗科技有限责任公司	生产企业	consumable
GYS0018533	领先仿生医疗器械（上海）有限公司	生产企业	consumable
GYS0018534	领唐（重庆）实业发展有限公司	生产企业	consumable
GYS0018535	领航齿业（深圳）有限公司	生产企业	consumable
GYS0018536	颈复康药业集团有限公司	生产企业/上市许可持有人	drug
GYS0018537	颈复康药业集团赤峰丹龙药业有限公司	生产企业/上市许可持有人	drug
GYS0018538	颈复康集团保定东方制药有限公司	生产企业/上市许可持有人	drug
GYS0018539	颢箔医疗科技（上海）有限公司	生产企业	consumable
GYS0018540	飘安控股集团有限公司	生产企业	consumable
GYS0018541	飘迈医疗用品（扬州）有限公司	生产企业	consumable
GYS0018542	飞利浦医疗器械（上海）有限公司	生产企业	consumable
GYS0018543	飞利浦金科威（深圳）实业有限公司	生产企业	consumable
GYS0018544	飞利浦（中国）投资有限公司	生产企业	consumable
GYS0018545	飞鱼（天津）医疗器械有限公司	生产企业	consumable
GYS0018546	首儿药业(北京)有限公司	生产企业/上市许可持有人	drug
GYS0018547	首冠医疗科技（衡水）有限公司	生产企业	consumable
GYS0018548	香港保和堂制药有限公司	生产企业/上市许可持有人	drug
GYS0018549	香港大学深圳医院(深圳市滨海医院)	生产企业	consumable
GYS0018550	马尼（北京）贸易有限公司	生产企业	consumable
GYS0018551	马应龙药业集团股份有限公司	生产企业/上市许可持有人	drug,consumable
GYS0018552	马鞍山丰原制药有限公司	生产企业/上市许可持有人	drug
GYS0018553	马鞍山利众生物科技有限公司	生产企业	consumable
GYS0018554	马鞍山市品冠牙科技术有限公司	生产企业	consumable
GYS0018555	马鞍山邦德医疗器械有限公司	生产企业	consumable
GYS0018556	驭楚（上海）贸易有限公司	生产企业	consumable
GYS0018557	驻马店大生医疗器械有限公司	生产企业	consumable
GYS0018558	驻马店市国华康复器材有限公司	生产企业	consumable
GYS0018559	驻马店市淘儿宁药械有限公司	生产企业	consumable
GYS0018560	驻马店康峰医疗器械有限公司	生产企业	consumable
GYS0018561	驼人控股集团金洁医疗服务（湖北）有限公司	生产企业	consumable
GYS0018562	驿麟科创医疗科技（北京）有限公司	生产企业	consumable
GYS0018563	骨力科技（上海）有限公司	生产企业	consumable
GYS0018564	骨圣元化机器人（深圳）有限公司	生产企业	consumable
GYS0018565	高唐县嘉铭医疗器械有限公司	生产企业	consumable
GYS0018566	高峰医疗器械（无锡）有限公司	生产企业	consumable
GYS0018567	高平市丹阳橡胶制品有限公司	生产企业	consumable
GYS0018568	高视泰靓医疗科技有限公司	生产企业	consumable
GYS0018569	高视精密医疗器械（苏州）有限公司	生产企业	consumable
GYS0018570	高迈德（天津）医疗设备有限公司	生产企业	consumable
GYS0018571	高露洁棕榄（中国）有限公司	生产企业	consumable
GYS0018572	高青县盛康卫生材料厂	生产企业	consumable
GYS0018573	鲁南厚普制药有限公司	生产企业/上市许可持有人	drug
GYS0018574	鲁南贝特制药有限公司	生产企业/上市许可持有人	drug
GYS0018575	鲁械谷（山东）医疗科技有限公司	生产企业	consumable
GYS0018576	鲲蓝再生医学科技(吉林)有限公司	生产企业	consumable
GYS0018577	鸿图医疗器材（东莞）有限公司	生产企业	consumable
GYS0018578	鸿康医疗器材用品（深圳）有限公司	生产企业	consumable
GYS0018579	鸿祥(黑龙江)制药有限公司	生产企业/上市许可持有人	drug
GYS0018580	鸿运医疗器械（广州）有限公司	生产企业	consumable
GYS0018581	鹏博（深圳）医疗科技有限公司	生产企业	consumable
GYS0018582	鹏拓生物科技（杭州）有限公司	生产企业	consumable
GYS0018583	鹤壁市中兴医疗用品有限公司	生产企业	consumable
GYS0018584	鹤壁市康博康复器材销售有限公司	生产企业	consumable
GYS0018585	鹤壁市黎阳李医疗器械有限公司	生产企业	consumable
GYS0018586	鹤壁新力途医疗科技有限公司	生产企业	consumable
GYS0018587	鹤山市百安得医疗器械有限公司	生产企业	consumable
GYS0018588	鹤山市舒柏雅实业有限公司	生产企业	consumable
GYS0018589	鹤岗市唯一美义齿制造有限公司	生产企业	consumable
GYS0018590	鹰演医学科技（安徽）有限公司	生产企业	consumable
GYS0018591	麦伯（上海）医疗器械有限公司	生产企业	consumable
GYS0018592	麦得科科技有限公司	生产企业	consumable
GYS0018593	麦德利康医疗科技（深圳）有限公司	生产企业	consumable
GYS0018594	麦德思贝医疗科技（常州）有限公司	生产企业	consumable
GYS0018595	麦德莱（苏州）医疗科技有限公司	生产企业	consumable
GYS0018596	麦普泰格（青岛）医疗科技有限公司	生产企业	consumable
GYS0018597	麦瑞通医疗器械（北京）有限公司	生产企业	consumable
GYS0018598	麦迪康医疗用品贸易（上海）有限公司	生产企业	consumable
GYS0018599	麦迪斯医疗器械有限公司	生产企业	consumable
GYS0018600	麦迪蓝德医疗器械（江苏）有限公司	生产企业	consumable
GYS0018601	麻城市中医医院	制剂配制单位	preparation
GYS0018602	麻城市人民医院	制剂配制单位	preparation
GYS0018603	黄冈市中医医院	制剂配制单位	preparation
GYS0018604	黄山中皇制药有限公司	生产企业/上市许可持有人	drug
GYS0018605	黄山唯叶医疗器械有限公司	生产企业	consumable
GYS0018606	黄山市天目药业有限公司	生产企业/上市许可持有人	drug
GYS0018607	黄山市屯溪区天利和义齿制作中心	生产企业	consumable
GYS0018608	黄山杰冠齿科技术有限公司	生产企业	consumable
GYS0018609	黄山海迦生物科技有限公司	生产企业	consumable
GYS0018610	黄山盛基药业有限公司	生产企业	drug
GYS0018611	黄氏制药股份有限公司	生产企业/上市许可持有人	drug
GYS0018612	黄石卫生材料药业有限公司	生产企业/上市许可持有人	drug
GYS0018613	黄石天行健医疗器械有限公司	生产企业	consumable
GYS0018614	黄石市中心医院湖北理工学院附属医院	制剂配制单位	preparation
GYS0018615	黄石市力康药业有限公司	生产企业/上市许可持有人	drug
GYS0018616	黄石市第五医院	制剂配制单位	preparation
GYS0018617	黄石市雄卿医疗器械有限公司	生产企业	consumable
GYS0018618	黄石欧涵医疗器械有限公司	生产企业	consumable
GYS0018619	黄石燕舞药业有限公司	生产企业/上市许可持有人	drug
GYS0018620	黄石第五医院	制剂配制单位	preparation
GYS0018621	黄石迪昂科技有限公司	生产企业	consumable
GYS0018622	黄道益医药（湖北）有限公司	生产企业	consumable
GYS0018623	黄骅华宾生物科技有限公司	生产企业	consumable
GYS0018624	黄骅市安登特医疗器械有限公司	生产企业	consumable
GYS0018625	黄骅市康德科技有限公司	生产企业	consumable
GYS0018626	黄骅市康田医疗器械有限公司	生产企业	consumable
GYS0018627	黄骅市康英医疗器械有限公司	生产企业	consumable
GYS0018628	黄骅市德坤生物科技有限公司	生产企业	consumable
GYS0018629	黄骅市思创医疗用品有限公司	生产企业	consumable
GYS0018630	黑龙江中桂制药有限公司	生产企业/上市许可持有人	drug
GYS0018631	黑龙江丹密特医疗科技有限公司	生产企业	consumable
GYS0018632	黑龙江为麦医疗器械有限公司	生产企业	consumable
GYS0018633	黑龙江久久药业有限责任公司	生产企业/上市许可持有人	drug
GYS0018634	黑龙江乌苏里江制药有限公司	生产企业/上市许可持有人	drug
GYS0018635	黑龙江乌苏里江制药有限公司佳木斯分公司	生产企业/上市许可持有人	drug
GYS0018636	黑龙江乌苏里江制药有限公司哈尔滨分公司	生产企业/上市许可持有人	drug
GYS0018637	黑龙江乌苏里江制药有限公司迎春分公司	生产企业/上市许可持有人	drug
GYS0018638	黑龙江京医汇医疗科技有限公司	生产企业	consumable
GYS0018639	黑龙江亿达鸿药业有限公司	生产企业/上市许可持有人	drug
GYS0018640	黑龙江仁合堂药业有限责任公司	生产企业	drug
GYS0018641	黑龙江仁迪医疗器械有限公司	生产企业	consumable
GYS0018642	黑龙江全乐制药有限公司	生产企业/上市许可持有人	drug
GYS0018643	黑龙江升华医疗器械有限公司	生产企业	consumable
GYS0018644	黑龙江博宇制药有限公司	生产企业/上市许可持有人	drug
GYS0018645	黑龙江参鸽药业有限公司	生产企业/上市许可持有人	drug
GYS0018646	黑龙江吴氏济民制药有限公司	生产企业/上市许可持有人	drug
GYS0018647	黑龙江和晖制药有限公司	生产企业/上市许可持有人	drug
GYS0018648	黑龙江哈卫生物工程有限公司	生产企业	consumable
GYS0018649	黑龙江喜人药业集团有限公司	生产企业	drug
GYS0018650	黑龙江嘉悦泽医疗科技有限公司	生产企业/上市许可持有人	drug
GYS0018651	黑龙江嘉誉医疗科技有限公司	生产企业	consumable
GYS0018652	黑龙江大众安泰药业有限公司	生产企业	consumable
GYS0018653	黑龙江天宏药业股份有限公司	生产企业/上市许可持有人	drug
GYS0018654	黑龙江天翼药业有限公司	生产企业/上市许可持有人	drug
GYS0018655	黑龙江天辰药业有限公司	生产企业/上市许可持有人	drug
GYS0018656	黑龙江天龙药业有限公司	生产企业/上市许可持有人	drug
GYS0018657	黑龙江太阳岛药业有限公司	生产企业/上市许可持有人	drug
GYS0018658	黑龙江奥秦商贸有限公司	生产企业	consumable
GYS0018659	黑龙江定远医疗器械科技有限公司	生产企业	consumable
GYS0018660	黑龙江康瑞翔医疗器械有限公司	生产企业	consumable
GYS0018661	黑龙江康麦斯药业有限公司	生产企业	drug
GYS0018662	黑龙江康齿美医疗科技有限公司	生产企业	consumable
GYS0018663	黑龙江快康生物科技有限公司	生产企业	consumable
GYS0018664	黑龙江新医圣制药有限责任公司	生产企业/上市许可持有人	drug
GYS0018665	黑龙江普众医疗科技有限公司	生产企业	consumable
GYS0018666	黑龙江未名天人制药有限公司	生产企业/上市许可持有人	drug
GYS0018667	黑龙江林海雪原药业有限公司	生产企业/上市许可持有人	drug
GYS0018668	黑龙江森工药业有限责任公司	生产企业/上市许可持有人	drug
GYS0018669	黑龙江比福金北药制药有限公司	生产企业/上市许可持有人	drug
GYS0018670	黑龙江汇智园医疗器械有限公司	生产企业	consumable
GYS0018671	黑龙江汇智生物科技有限公司	生产企业	consumable
GYS0018672	黑龙江江世药业有限公司	生产企业/上市许可持有人	drug
GYS0018673	黑龙江润世康药业有限公司	生产企业/上市许可持有人	drug
GYS0018674	黑龙江澳利达奈德制药有限公司	生产企业/上市许可持有人	drug
GYS0018675	黑龙江燎原科技有限公司	生产企业	consumable
GYS0018676	黑龙江珍宝岛药业股份有限公司	生产企业/上市许可持有人	drug
GYS0018677	黑龙江瑞之家汉麻生物医药科技有限公司	生产企业	consumable
GYS0018678	黑龙江瑞格制药有限公司	生产企业/上市许可持有人	drug
GYS0018679	黑龙江百泰药业有限公司	生产企业/上市许可持有人	drug
GYS0018680	黑龙江皓冠医疗器械有限公司	生产企业	consumable
GYS0018681	黑龙江省七台河制药厂	生产企业/上市许可持有人	drug
GYS0018682	黑龙江省中医研究院制药厂	生产企业/上市许可持有人	drug
GYS0018683	黑龙江省健盎医疗科技有限公司	生产企业	consumable
GYS0018684	黑龙江省地纳制药有限公司	生产企业/上市许可持有人	drug
GYS0018685	黑龙江省富东制药有限公司	生产企业/上市许可持有人	drug
GYS0018686	黑龙江省康士洁医疗器械科技有限公司	生产企业	consumable
GYS0018687	黑龙江省新创宇医疗器械有限公司	生产企业	consumable
GYS0018688	黑龙江省松花江医药科技有限公司	生产企业/上市许可持有人	drug
GYS0018689	黑龙江省林宝药业有限责任公司	生产企业	drug
GYS0018690	黑龙江省格润药业有限责任公司	生产企业/上市许可持有人	drug
GYS0018691	黑龙江省汇力医疗器械有限公司	生产企业	consumable
GYS0018692	黑龙江省济仁药业有限公司	生产企业/上市许可持有人	drug
GYS0018693	黑龙江省爱尚美医疗科技有限公司	生产企业	consumable
GYS0018694	黑龙江省知润药业有限公司	生产企业/上市许可持有人	drug
GYS0018695	黑龙江省福乐康药业有限公司	生产企业/上市许可持有人	drug
GYS0018696	黑龙江省运加医疗科技有限公司	生产企业	consumable
GYS0018697	黑龙江省际和生物科技有限公司	生产企业	consumable
GYS0018698	黑龙江省鹤之堂医药科技有限公司	生产企业	consumable
GYS0018699	黑龙江福和制药集团股份有限公司	生产企业/上市许可持有人	drug
GYS0018700	黑龙江福尔康医疗用品有限公司	生产企业	consumable
GYS0018701	黑龙江科属健康科技有限公司	生产企业	consumable
GYS0018702	黑龙江精确医疗科技有限公司	生产企业	consumable
GYS0018703	黑龙江红豆杉药业有限责任公司	生产企业	drug
GYS0018704	黑龙江羽迪药业有限责任公司	生产企业/上市许可持有人	drug
GYS0018705	黑龙江莲雅义齿制作有限公司	生产企业	consumable
GYS0018706	黑龙江葵花药业股份有限公司	生产企业/上市许可持有人	drug
GYS0018707	黑龙江诺捷制药有限责任公司	生产企业/上市许可持有人	drug
GYS0018708	黑龙江诺正医疗器械有限公司	生产企业	consumable
GYS0018709	黑龙江辰德医疗器械有限责任公司	生产企业	consumable
GYS0018710	黑龙江远想生物科技有限公司	生产企业	consumable
GYS0018711	黑龙江迪龙制药有限公司	生产企业/上市许可持有人	drug
GYS0018712	黑龙江金九药业股份有限公司	生产企业/上市许可持有人	drug
GYS0018713	黑龙江金旺生物药品制造有限公司	生产企业	consumable
GYS0018714	黑龙江鑫品晰医疗科技有限公司	生产企业	consumable
GYS0018715	黑龙江鑫玖医疗科技有限公司	生产企业	consumable
GYS0018716	黑龙江顺泰医疗器械有限公司	生产企业	consumable
GYS0018717	黑龙江鹤翔制药有限责任公司	生产企业	drug
GYS0018718	黑龙江黑宝药业股份有限公司	生产企业/上市许可持有人	drug
GYS0018719	黑龙江鼎元牙科科技有限公司	生产企业	consumable
GYS0018720	黑龙江鼎恒升药业有限公司	生产企业/上市许可持有人	drug
GYS0018721	黑龙江龙德药业有限公司	生产企业/上市许可持有人	drug
GYS0018722	黑龙江龙桂制药有限公司	生产企业/上市许可持有人	drug
GYS0018723	黑龙江龙齿行医疗科技有限公司	生产企业	consumable
GYS0018724	默克制药(江苏)有限公司	生产企业/上市许可持有人	drug
GYS0018725	默华医疗科技（湖南）有限公司	生产企业	consumable
GYS0018726	默思碧医疗（武汉）有限公司	生产企业	consumable
GYS0018727	默晨制药(湖北)有限公司	生产企业/上市许可持有人	drug
GYS0018728	鼎健医疗器械（苏州）有限公司	生产企业	consumable
GYS0018729	鼎元医疗科技江苏有限公司	生产企业	consumable
GYS0018730	鼎复康药业股份有限公司	生产企业	drug
GYS0018731	鼎科医疗技术（苏州）有限公司	生产企业	consumable
GYS0018732	齐聚医疗科技（上海）有限公司	生产企业	consumable
GYS0018733	齐鲁制药(海南)有限公司	生产企业/上市许可持有人	drug
GYS0018734	齐鲁制药有限公司	生产企业/上市许可持有人	drug
GYS0018735	齐鲁安替制药有限公司	生产企业/上市许可持有人	drug
GYS0018736	齐齐哈尔市伟冠义齿加工有限责任公司	生产企业	consumable
GYS0018737	齐齐哈尔市名昊医疗器械有限责任公司	生产企业	consumable
GYS0018738	齐齐哈尔市新兴卫生材料厂	生产企业	consumable
GYS0018739	齐齐哈尔市瑞信医疗器械制造有限公司	生产企业	consumable
GYS0018740	齐齐哈尔市祥和中医器械有限责任公司	生产企业	consumable
GYS0018741	齐齐哈尔市臻雅医疗器械有限责任公司	生产企业	consumable
GYS0018742	齐齐哈尔市莞美义齿有限公司	生产企业	consumable
GYS0018743	齐齐哈尔市阳光医疗器械有限责任公司	生产企业	consumable
GYS0018744	齐齐哈尔市骏里义齿有限公司	生产企业	consumable
GYS0018745	齐齐哈尔恒鑫医疗用品有限公司	生产企业	consumable
GYS0018746	齐齐哈尔精诚医疗器械有限公司	生产企业	consumable
GYS0018747	齿能生物科技（深圳）有限公司	生产企业	consumable
GYS0018748	龙口新世纪药业有限公司	生产企业	drug
GYS0018749	龙岩宏恩义齿有限公司	生产企业	consumable
GYS0018750	龙岩市广深义齿有限公司	生产企业	consumable
GYS0018751	龙岩市恩威义齿制作有限公司	生产企业	consumable
GYS0018752	龙岩迪朵生物科技有限公司	生产企业	consumable
GYS0018753	龙晖药业有限公司	生产企业/上市许可持有人	drug
GYS0018754	龙智江苏医疗器械有限公司	生产企业	consumable
GYS0018755	龙脉医疗器械（北京）有限公司	生产企业	consumable
GYS0018756	龙腾四海(山东)医疗科技服务有限公司	生产企业	consumable
GYS0018757	龙芯辰浩科技（广东）有限公司	生产企业	consumable
GYS0018758	龟鹿药业集团有限公司	生产企业/上市许可持有人	drug
