code_2023	name_2023	code_2012	name_2012	code_2001	name_2001	invoice_class	acct_class	mr_cost_class
A	一、综合医疗							
AA	(一)一般医疗服务							
AAA	1.诊察							
AAAA-AAAD	西医诊察							
AAAA0001	普通门诊诊察	AAAA0001	普通门诊诊察费	110200001	普通门诊诊查费	诊察费	诊察收入	1.综合医疗服务类：(1)一般医疗服务费
				110100001	挂号费	诊察费	诊察收入	1.综合医疗服务类：(1)一般医疗服务费
AAAA0002	副主任医师门诊诊察	AAAA0002	副主任医师门诊诊察费	110200002	专家门诊诊查费	诊察费	诊察收入	1.综合医疗服务类：(1)一般医疗服务费
AAAA0003	主任医师门诊诊察	AAAA0003	主任医师门诊诊察费			诊察费	诊察收入	1.综合医疗服务类：(1)一般医疗服务费
AAAC0001	护理门诊诊察					诊察费	诊察收入	1.综合医疗服务类：(1)一般医疗服务费
AAAD0001	急诊诊察	AAAB0001	急诊诊察费	110200003	急诊诊查费	诊察费	诊察收入	1.综合医疗服务类：(1)一般医疗服务费
AAAD0002	急诊留观诊察	AAAC0001	门/急诊留观诊察费	110200004	门急诊留观诊查费	诊察费	诊察收入	1.综合医疗服务类：(1)一般医疗服务费
AAAE0001	住院诊察	AAAD0001	住院诊察费	110200005	住院诊查费	诊察费	诊察收入	1.综合医疗服务类：(1)一般医疗服务费
AAAG-AAAK	中医辨证论治							
AAAG0001	普通门诊中医辨证论治	AAAG0001	普通门诊中医辨证论治	480000006	中医辨证论治	诊察费	诊察收入	1.综合医疗服务类：(1)一般医疗服务费
AAAG0002	副主任医师门诊中医辨证论治	AAAG0002	副主任医师门诊中医辨证论治			诊察费	诊察收入	1.综合医疗服务类：(1)一般医疗服务费
AAAG0003	主任医师门诊中医辨证论治	AAAG0003	主任医师门诊中医辨证论治			诊察费	诊察收入	1.综合医疗服务类：(1)一般医疗服务费
AAAG0004	国医大师门诊中医辨证论治	AAAG0004	国医大师门诊中医辨证论治			诊察费	诊察收入	1.综合医疗服务类：(1)一般医疗服务费
AAAH0001	急诊中医辨证论治	AAAH0001	急诊中医辨证论治	480000006	中医辨证论治	诊察费	诊察收入	1.综合医疗服务类：(1)一般医疗服务费
AAAJ0001	急诊留观中医辨证论治	AAAJ0001	门/急诊留观中医辨证论治			诊察费	诊察收入	1.综合医疗服务类：(1)一般医疗服务费
AAAK0001	住院中医辨证论治	AAAK0001	住院中医辨证论治			诊察费	诊察收入	1.综合医疗服务类：(1)一般医疗服务费
AAAN	出诊							
AAAN0001	普通医师出诊	AAAN0001	普通医师出诊费	130700001	出诊	诊察费	诊察收入	1.综合医疗服务类：(1)一般医疗服务费
AAAN0002	副主任医师出诊	AAAN0002	副主任医师出诊费			诊察费	诊察收入	1.综合医疗服务类：(1)一般医疗服务费
AAAN0003	主任医师出诊	AAAN0003	主任医师出诊费			诊察费	诊察收入	1.综合医疗服务类：(1)一般医疗服务费
AAAN0004	护理出诊					诊察费	诊察收入	1.综合医疗服务类：(1)一般医疗服务费
AAAN0005	普通中医医师出诊					诊察费	诊察收入	1.综合医疗服务类：(1)一般医疗服务费
AAAN0006	副主任中医医师出诊					诊察费	诊察收入	1.综合医疗服务类：(1)一般医疗服务费
AAAN0007	主任中医医师出诊					诊察费	诊察收入	1.综合医疗服务类：(1)一般医疗服务费
AAAN0008	家庭病床巡诊			130600002	家庭病床巡诊费	检查费	检查收入	1.综合医疗服务类：(1)一般医疗服务费
				130300001	家庭巡诊	检查费	检查收入	1.综合医疗服务类：(1)一般医疗服务费
		AACA0001	体检费	110500001	体检费	检查费	检查收入	1.综合医疗服务类：(1)一般医疗服务费
				130100001	婴幼儿健康体检	检查费	检查收入	1.综合医疗服务类：(1)一般医疗服务费
				130200001	儿童龋齿预防保健	检查费	检查收入	1.综合医疗服务类：(1)一般医疗服务费
				130500001	传染病访视	检查费	检查收入	1.综合医疗服务类：(1)一般医疗服务费
AAB	2.床位							
AABA0001	多人间普通床位	AABA0001	普通床位费	110900001	普通病房床位费	床位费	床位收入	1.综合医疗服务类：(1)一般医疗服务费
AABA0002	三人间普通床位	AABA0002	三人间床位费			床位费	床位收入	1.综合医疗服务类：(1)一般医疗服务费
AABA0003	双人间普通床位	AABA0003	双人间床位费			床位费	床位收入	1.综合医疗服务类：(1)一般医疗服务费
AABA0004	单人间普通床位	AABA0004	单人间床位费			床位费	床位收入	1.综合医疗服务类：(1)一般医疗服务费
AABA0005	套间普通床位					床位费	床位收入	1.综合医疗服务类：(1)一般医疗服务费
AABB0001	百级层流洁净病房床位	AABB0001	百级层流洁净病房床位费	110900002	层流洁净病房床位费	床位费	床位收入	1.综合医疗服务类：(1)一般医疗服务费
AABB0002	千级层流洁净病房床位	AABB0002	千级层流洁净病房床位费			床位费	床位收入	1.综合医疗服务类：(1)一般医疗服务费
AABC0001	重症监护病房床位	AABC0001	重症监护病房床位费	110900003	监护病房床位费	床位费	床位收入	1.综合医疗服务类：(1)一般医疗服务费
AABD0001	特殊防护病房床位	AABD0001	特殊防护病房床位费	110900004	特殊防护病房床位费	床位费	床位收入	1.综合医疗服务类：(1)一般医疗服务费
AABE0001	新生儿床位	AABE0001	新生儿床位费			床位费	床位收入	1.综合医疗服务类：(1)一般医疗服务费
AABF0001	门急诊留观床位	AABF0001	门/急诊留观床位费	110900005	急诊观察床位费	床位费	床位收入	1.综合医疗服务类：(1)一般医疗服务费
AABG0001	家庭病床建床			130600001	家庭病床建床费	治疗费	治疗收入	1.综合医疗服务类：(1)一般医疗服务费
		AABG0001	病房取暖费	110700001	病房取暖费	床位费	床位收入	1.综合医疗服务类：(1)一般医疗服务费
		AABH0001	病房空调费	110800001	病房空调降温费	床位费	床位收入	1.综合医疗服务类：(1)一般医疗服务费
AAD	3.会诊							
AADA-AADD	西医会诊							
AADA0001	院内诊疗会诊	AADB0001	院内会诊	111000002	院内会诊	诊察费	诊察收入	1.综合医疗服务类：(1)一般医疗服务费
AADA0002	院内护理会诊	AADB0001	院内会诊	111000002	院内会诊	诊察费	诊察收入	1.综合医疗服务类：(1)一般医疗服务费
AADA0003	多学科门诊会诊					诊察费	诊察收入	1.综合医疗服务类：(1)一般医疗服务费
AADB0001	院际会诊	AADA0001	院际会诊	111000001	院际会诊	诊察费	诊察收入	1.综合医疗服务类：(1)一般医疗服务费
AADB0002	院际护理会诊					诊察费	诊察收入	1.综合医疗服务类：(1)一般医疗服务费
AADC0001	院际病理诊断	AADC0001	疑难病理读片会诊	270800007	疑难病理会诊	诊察费	诊察收入	1.综合医疗服务类：(1)一般医疗服务费
				270800008	普通病理会诊	诊察费	诊察收入	1.综合医疗服务类：(1)一般医疗服务费
AADD0001	院际影像诊断	AADE0001	院外影像学资料会诊	210400001	院外影像学会诊	诊察费	诊察收入	1.综合医疗服务类：(1)一般医疗服务费
		AADF0001	精神医学多专家会诊			诊察费	诊察收入	1.综合医疗服务类：(1)一般医疗服务费
AADL-AADN	中医辨证论治会诊							
AADL0001	院内中医辨证论治会诊	AADM0001	院内中医辨证论治会诊			诊察费	诊察收入	1.综合医疗服务类：(1)一般医疗服务费
AADM0001	多学科门诊中医辨证论治会诊					诊察费	诊察收入	1.综合医疗服务类：(1)一般医疗服务费
AADN0001	院际中医辨证论治会诊	AADL0001	院际中医辨证论治会诊			诊察费	诊察收入	1.综合医疗服务类：(1)一般医疗服务费
AAE	4.营养咨询与评估							
AAEA0001	营养状况评估与咨询	AAEA0001	营养状况评估与咨询	130900001	健康咨询	检查费	检查收入	1.综合医疗服务类：(1)一般医疗服务费
AAEB0001	围产期营养健康咨询指导	AAEB0001	围产期健康咨询指导	130400001	围产保健访视	治疗费	治疗收入	1.综合医疗服务类：(1)一般医疗服务费
				130800001	建立健康档案	治疗费	治疗收入	1.综合医疗服务类：(1)一般医疗服务费
				130900002	疾病健康教育	治疗费	治疗收入	1.综合医疗服务类：(1)一般医疗服务费
AAEC0001	营养代谢功能测试					检查费	检查收入	1.综合医疗服务类：(1)一般医疗服务费
AAED0001	能量代谢测定					检查费	检查收入	1.综合医疗服务类：(1)一般医疗服务费
AAEE0001	专项疾病膳食配方制备					治疗费	治疗收入	1.综合医疗服务类：(1)一般医疗服务费
AAF	5.药学服务							
AAFA0001	药师门诊诊察					诊察费	诊察收入	1.综合医疗服务类：(1)一般医疗服务费
AAFA0002	处方/医嘱药品调剂					治疗费	治疗收入	1.综合医疗服务类：(1)一般医疗服务费
AAFA0003	住院患者个性化用药监护					治疗费	治疗收入	1.综合医疗服务类：(1)一般医疗服务费
AAG	6.互联网诊疗							
AAGA0001	普通医师互联网诊察					诊察费	诊察收入	1.综合医疗服务类：(1)一般医疗服务费
AAGA0002	副主任医师互联网诊察					诊察费	诊察收入	1.综合医疗服务类：(1)一般医疗服务费
AAGA0003	主任医师互联网诊察					诊察费	诊察收入	1.综合医疗服务类：(1)一般医疗服务费
AAGB0001	远程会诊	AADG0001	远程会诊	111000003	远程会诊	诊察费	诊察收入	1.综合医疗服务类：(1)一般医疗服务费
		AADN0001	远程中医辨证论治会诊			诊察费	诊察收入	1.综合医疗服务类：(1)一般医疗服务费
AAGB0002	远程病理诊断	AADD0001	同步远程病理会诊			诊察费	诊察收入	1.综合医疗服务类：(1)一般医疗服务费
		AADD0002	非同步远程病理会诊			诊察费	诊察收入	1.综合医疗服务类：(1)一般医疗服务费
AAGB0003	远程影像诊断					诊察费	诊察收入	1.综合医疗服务类：(1)一般医疗服务费
AAGB0004	远程心电诊断					检查费	检查收入	1.综合医疗服务类：(1)一般医疗服务费
AAGB0005	远程心电监测	FKA05704	心电监测远程传输	310701009	心电监测电话传输	检查费	检查收入	1.综合医疗服务类：(1)一般医疗服务费
AAGB0006	远程起搏器监测	FKA05706	起搏器远程监测			检查费	检查收入	1.综合医疗服务类：(1)一般医疗服务费
AAGB0007	远程除颤器监测	FKA05707	除颤器远程监测			检查费	检查收入	1.综合医疗服务类：(1)一般医疗服务费
AAH	7.其他							
AAHA0001	压疮风险评估					检查费	检查收入	1.综合医疗服务类：(1)一般医疗服务费
AB	(二)一般治疗操作							
ABA	1.注射							
ABAA0001	皮内注射	ABAA0001	皮内注射			治疗费	治疗收入	1.综合医疗服务类：(2)一般治疗操作费
ABAB0001	皮下注射	ABAB0001	皮下注射	120400005	皮下输液	治疗费	治疗收入	1.综合医疗服务类：(2)一般治疗操作费
ABAC0001	肌肉注射	ABAC0001	肌肉注射	120400001	肌肉注射	治疗费	治疗收入	1.综合医疗服务类：(2)一般治疗操作费
ABAD0001	静脉注射	ABAD0001	静脉注射	120400002	静脉注射	治疗费	治疗收入	1.综合医疗服务类：(2)一般治疗操作费
ABB	2.采血							
ABBA0001	动脉采血	ABBA0001	动脉采血			治疗费	治疗收入	1.综合医疗服务类：(2)一般治疗操作费
ABBB0001	外周静脉采血	ABBB0001	静脉采血			治疗费	治疗收入	1.综合医疗服务类：(2)一般治疗操作费
ABBC0001	深静脉采血					治疗费	治疗收入	1.综合医疗服务类：(2)一般治疗操作费
ABC	3.静脉输注							
ABCA0001	静脉输液	ABCA0001	静脉输液	120400006	静脉输液	治疗费	治疗收入	1.综合医疗服务类：(2)一般治疗操作费
ABCA0001	静脉输液	ABCA0001	静脉输液	120400007	小儿头皮静脉输液	治疗费	治疗收入	1.综合医疗服务类：(2)一般治疗操作费
ABCB0001	输注泵持续静脉输注	ABCB0001	输液泵辅助静脉输液			治疗费	治疗收入	1.综合医疗服务类：(2)一般治疗操作费
ABCC0001	静脉输血	ABCD0001	静脉输血			治疗费	治疗收入	1.综合医疗服务类：(2)一般治疗操作费
ABCD0001	加压快速输血	ABCE0001	加压快速输血			治疗费	治疗收入	1.综合医疗服务类：(2)一般治疗操作费
ABCE0001	肠外营养液深静脉输注	ABCF0001	全胃肠外营养深静脉输注	120400008	静脉高营养治疗	治疗费	治疗收入	1.综合医疗服务类：(2)一般治疗操作费
		ABCH0001	输液泵辅助全胃肠外营养深静脉输注			治疗费	治疗收入	1.综合医疗服务类：(2)一般治疗操作费
ABCF0001	营养泵持续胃肠内输注					治疗费	治疗收入	1.综合医疗服务类：(2)一般治疗操作费
		ABCG0001	外周静脉营养输注			治疗费	治疗收入	1.综合医疗服务类：(2)一般治疗操作费
ABCH0001	肠外营养液集中配置					治疗费	治疗收入	1.综合医疗服务类：(2)一般治疗操作费
ABCJ0001	抗肿瘤药物集中配置	ABCJ0001	抗肿瘤化疗药物/肠外营养液集中配置	120400013	抗肿瘤化学药物配置	治疗费	治疗收入	1.综合医疗服务类：(2)一般治疗操作费
ABD	4.静脉置管							
ABDA0001	经外周静脉置入中心静脉导管置入术	ABDA0001	经外周静脉置入中心静脉导管术	120400011	中心静脉穿刺置管术	治疗费	治疗收入	1.综合医疗服务类：(2)一般治疗操作费
				120400010	静脉穿刺置管术	治疗费	治疗收入	1.综合医疗服务类：(2)一般治疗操作费
ABDA0002	经外周静脉置入中心静脉导管取出术					治疗费	治疗收入	1.综合医疗服务类：(2)一般治疗操作费
ABDB0001	植入式静脉输液装置置入术					治疗费	治疗收入	1.综合医疗服务类：(2)一般治疗操作费
ABDB0002	植入式静脉输液装置取出术					治疗费	治疗收入	1.综合医疗服务类：(2)一般治疗操作费
ABDC0001	留置针置管					治疗费	治疗收入	1.综合医疗服务类：(2)一般治疗操作费
ABE	5.清创缝合							
ABEA0001	清创(缝合)术(小)	ABEA0001	清创(缝合)术(小)	120500003	小清创缝合	治疗费	治疗收入	1.综合医疗服务类：(2)一般治疗操作费
ABEA0002	清创(缝合)术(中)	ABEA0002	清创(缝合)术(中)	120500002	中清创缝合	手术费	手术收入	1.综合医疗服务类：(2)一般治疗操作费
ABEA0003	清创(缝合)术(大)	ABEA0003	清创(缝合)术(大)	120500001	大清创缝合	手术费	手术收入	1.综合医疗服务类：(2)一般治疗操作费
ABEA0004	清创(缝合)术(特大)					手术费	手术收入	1.综合医疗服务类：(2)一般治疗操作费
ABEB0001	负压创面治疗					治疗费	治疗收入	1.综合医疗服务类：(2)一般治疗操作费
ABEB0002	持续负压创面治疗					治疗费	治疗收入	1.综合医疗服务类：(2)一般治疗操作费
ABF	6.换药							
ABFA0001	换药(小)	ABFA0001	换药(小)	120600004	小换药	治疗费	治疗收入	1.综合医疗服务类：(2)一般治疗操作费
ABFA0002	换药(中)	ABFA0002	换药(中)	120600003	中换药	治疗费	治疗收入	1.综合医疗服务类：(2)一般治疗操作费
ABFA0003	换药(大)	ABFA0003	换药(大)	120600002	大换药	治疗费	治疗收入	1.综合医疗服务类：(2)一般治疗操作费
ABFA0004	换药(特大)	ABFA0004	换药(特大)	120600001	特大换药	治疗费	治疗收入	1.综合医疗服务类：(2)一般治疗操作费
ABG	7.胃肠治疗操作							
ABGA0001	胃肠减压	ABGA0001	胃肠减压	120900001	胃肠减压	治疗费	治疗收入	1.综合医疗服务类：(2)一般治疗操作费
ABGB0001	胃管置管术	ABGB0001	胃管置管术	120800001	鼻饲管置管	治疗费	治疗收入	1.综合医疗服务类：(2)一般治疗操作费
ABGC0001	人工洗胃	ABGC0001	人工洗胃	121000001	洗胃	治疗费	治疗收入	1.综合医疗服务类：(2)一般治疗操作费
ABGC0002	电动洗胃	ABGC0002	电动洗胃			治疗费	治疗收入	1.综合医疗服务类：(2)一般治疗操作费
ABGC0003	新生儿洗胃	ABGC0005	新生儿洗胃	311202006	新生儿洗胃	治疗费	治疗收入	1.综合医疗服务类：(2)一般治疗操作费
		ABGC0003	漏斗胃管洗胃	121000001	洗胃	治疗费	治疗收入	1.综合医疗服务类：(2)一般治疗操作费
		ABGC0004	负压吸引器洗胃			治疗费	治疗收入	1.综合医疗服务类：(2)一般治疗操作费
ABGD0001	肠内营养灌注	ABGD0001	肠内营养灌注	120800002	肠内高营养治疗	治疗费	治疗收入	1.综合医疗服务类：(2)一般治疗操作费
ABGE0001	一般灌肠	ABGE0001	一般灌肠	121500001	灌肠	治疗费	治疗收入	1.综合医疗服务类：(2)一般治疗操作费
ABGE0002	保留灌肠治疗	ABGE0002	保留灌肠治疗			治疗费	治疗收入	1.综合医疗服务类：(2)一般治疗操作费
ABGE0003	三通氧气灌肠治疗	ABGE0003	三通氧气灌肠治疗			治疗费	治疗收入	1.综合医疗服务类：(2)一般治疗操作费
ABGE0004	清洁灌肠	ABGE0004	清洁灌肠	121500002	清洁灌肠	治疗费	治疗收入	1.综合医疗服务类：(2)一般治疗操作费
ABGF0001	人工辅助通便	ABGG0001	人工辅助通便			治疗费	治疗收入	1.综合医疗服务类：(2)一般治疗操作费
		ABGF0001	经口全消化道清洁洗肠			治疗费	治疗收入	1.综合医疗服务类：(2)一般治疗操作费
ABGG0001	肛管排气	ABGH0001	肛管排气	121700001	肛管排气	治疗费	治疗收入	1.综合医疗服务类：(2)一般治疗操作费
ABH	8.导尿与冲洗							
ABHA0001	导尿管置管术	ABHA0001	导尿	121600001	导尿	治疗费	治疗收入	1.综合医疗服务类：(2)一般治疗操作费
ABHB0001	导引法导尿术	ABHA0003	导引法导尿术			治疗费	治疗收入	1.综合医疗服务类：(2)一般治疗操作费
ABHB0002	电子尿流监测导尿					治疗费	治疗收入	1.综合医疗服务类：(2)一般治疗操作费
ABHC0001	膀胱冲洗	ABHB0001	膀胱冲洗	121600002	膀胱冲洗	治疗费	治疗收入	1.综合医疗服务类：(2)一般治疗操作费
ABHC0002	持续膀胱冲洗	ABHB0002	持续膀胱冲洗	121600003	持续膀胱冲洗	治疗费	治疗收入	1.综合医疗服务类：(2)一般治疗操作费
ABJ	9.吸氧							
ABJA0001	氧气吸入	ABJA0001	氧气吸入	120300001	氧气吸入	治疗费	治疗收入	1.综合医疗服务类：(2)一般治疗操作费
ABJA0002	密闭式氧气吸入	ABJB0001	密闭式氧气吸入	120300001	氧气吸入	治疗费	治疗收入	1.综合医疗服务类：(2)一般治疗操作费
ABK	10.雾化吸入							
ABKA0001	超声雾化吸入	ABKA0001	超声雾化吸入	120700001	雾化吸入	治疗费	治疗收入	1.综合医疗服务类：(2)一般治疗操作费
ABKB0001	氧气雾化吸入	ABKB0001	氧气雾化吸入			治疗费	治疗收入	1.综合医疗服务类：(2)一般治疗操作费
ABKC0001	空气压缩泵雾化吸入	ABKC0001	空气压缩泵雾化吸入			治疗费	治疗收入	1.综合医疗服务类：(2)一般治疗操作费
ABKD0001	经呼吸机管道雾化吸入	ABKE0001	经呼吸机管道雾化吸入			治疗费	治疗收入	1.综合医疗服务类：(2)一般治疗操作费
		ABKD0001	蒸汽雾化吸入			治疗费	治疗收入	1.综合医疗服务类：(2)一般治疗操作费
ABL	11.物理降温							
ABLA0001	擦浴降温	ABLA0001	擦浴降温	121100001	一般物理降温	治疗费	治疗收入	1.综合医疗服务类：(2)一般治疗操作费
ABLB0001	贴敷降温	ABLB0001	贴敷降温			治疗费	治疗收入	1.综合医疗服务类：(2)一般治疗操作费
ABLC0001	冰帽降温	ABLC0001	冰帽降温			治疗费	治疗收入	1.综合医疗服务类：(2)一般治疗操作费
ABLD0001	冰毯降温	ABLD0001	冰毯降温	121100002	特殊物理降温	治疗费	治疗收入	1.综合医疗服务类：(2)一般治疗操作费
ABM	12.抢救							
ABMA0001	急危重症病人抢救	ABMA0001	危重病人抢救	120200001	大抢救	治疗费	治疗收入	1.综合医疗服务类：(2)一般治疗操作费
				120200002	中抢救	治疗费	治疗收入	1.综合医疗服务类：(2)一般治疗操作费
				120200003	小抢救	治疗费	治疗收入	1.综合医疗服务类：(2)一般治疗操作费
ABMB0001	新生儿辐射抢救治疗	ABMC0001	新生儿辐射抢救治疗	311202012	新生儿辐射抢救治疗	治疗费	治疗收入	1.综合医疗服务类：(2)一般治疗操作费
		ABMB0001	新生儿人工呼吸	311202005	新生儿人工呼吸(正压通气)	治疗费	治疗收入	1.综合医疗服务类：(2)一般治疗操作费
ABMC0001	社区抢救					治疗费	治疗收入	1.综合医疗服务类：(2)一般治疗操作费
ABN	13.院前急救							
ABNA0001	院前急危重症抢救	ABNA0001	院前危急重症抢救	110400001	院前急救费	治疗费	治疗收入	1.综合医疗服务类：(2)一般治疗操作费
ABP	14.重症监护							
ABPA0001	急诊室重症监护	ABPA0001	急诊室重症监护	110300001	急诊监护费	治疗费	治疗收入	1.综合医疗服务类：(2)一般治疗操作费
ABPB0001	重症监护	ABPB0001	重症监护	120100001	重症监护	治疗费	治疗收入	1.综合医疗服务类：(2)一般治疗操作费
ABZ	15.其他							
ABZA0001	经口鼻吸痰	ACBJ0004	吸痰护理	120100011	吸痰护理	治疗费	治疗收入	1.综合医疗服务类：(2)一般治疗操作费
ABZA0002	经气管插管吸痰	ACBJ0005	呼吸机吸痰护理			治疗费	治疗收入	1.综合医疗服务类：(2)一般治疗操作费
ABZA0003	经气管切开吸痰					治疗费	治疗收入	1.综合医疗服务类：(2)一般治疗操作费
ABZA0004	机械辅助排痰	ABZA0001	机械辅助排痰	120100015	机械辅助排痰	治疗费	治疗收入	1.综合医疗服务类：(2)一般治疗操作费
ABZA0005	人工辅助排痰					治疗费	治疗收入	1.综合医疗服务类：(2)一般治疗操作费
ABZB0001	冷湿敷法治疗	ABZB0001	冷湿敷法	121300001	冷热湿敷	治疗费	治疗收入	1.综合医疗服务类：(2)一般治疗操作费
ABZB0002	热湿敷法治疗	ABZC0001	热湿敷法			治疗费	治疗收入	1.综合医疗服务类：(2)一般治疗操作费
ABZC0001	坐浴	ABZD0001	坐浴	121200001	坐浴	治疗费	治疗收入	1.综合医疗服务类：(2)一般治疗操作费
ABZD0001	阴道冲洗	ABZF0001	阴道冲洗			治疗费	治疗收入	1.综合医疗服务类：(2)一般治疗操作费
AC	(三)护理							
ACA	1.分级护理							
ACAA0001	Ⅲ级护理	ACAA0001	Ⅲ级护理	120100005	Ⅲ级护理	护理费	护理收入	1.综合医疗服务类：(3)护理费
ACAB0001	Ⅱ级护理	ACAB0001	Ⅱ级护理	120100004	Ⅱ级护理	护理费	护理收入	1.综合医疗服务类：(3)护理费
ACAC0001	Ⅰ级护理	ACAC0001	Ⅰ级护理	120100003	Ⅰ级护理	护理费	护理收入	1.综合医疗服务类：(3)护理费
ACAD0001	特级护理	ACAD0001	特级护理	120100002	特级护理	护理费	护理收入	1.综合医疗服务类：(3)护理费
ACB	2.专项护理							
ACBA0001	新生儿护理	ACBA0001	新生儿护理	120100007	新生儿护理	护理费	护理收入	1.综合医疗服务类：(3)护理费
ACBB0001	早产儿护理	ACBB0001	早产儿护理	120100008	新生儿特殊护理	护理费	护理收入	1.综合医疗服务类：(3)护理费
ACBC0001	精神病人护理	ACBC0001	精神病人护理	120100009	精神病护理	护理费	护理收入	1.综合医疗服务类：(3)护理费
ACBD0001	一般传染病护理	ACBD0001	一般传染病护理	120100006	特殊疾病护理	护理费	护理收入	1.综合医疗服务类：(3)护理费
ACBD0002	严密隔离护理	ACBD0002	严密隔离护理			护理费	护理收入	1.综合医疗服务类：(3)护理费
ACBD0003	保护性隔离护理	ACBD0003	保护性隔离护理			护理费	护理收入	1.综合医疗服务类：(3)护理费
ACBE0001	颅内闭式引流护理					护理费	护理收入	1.综合医疗服务类：(3)护理费
ACBF0001	动脉导管护理	ACBG0001	动脉置管护理	120100013	动静脉置管护理	护理费	护理收入	1.综合医疗服务类：(3)护理费
ACBF0002	中心静脉导管护理	ACBG0002	静脉置管护理	120100013	动静脉置管护理	护理费	护理收入	1.综合医疗服务类：(3)护理费
ACBF0003	外周静脉导管护理					护理费	护理收入	1.综合医疗服务类：(3)护理费
ACBG0001	口腔护理	ACBH0001	口腔护理	120100014	一般专项护理	护理费	护理收入	1.综合医疗服务类：(3)护理费
ACBH0001	气管切开护理	ACBJ0001	气管切开护理	120100010	气管切开护理	护理费	护理收入	1.综合医疗服务类：(3)护理费
ACBJ0001	气管切开套管更换	ACBJ0002	气管切开套管更换			护理费	护理收入	1.综合医疗服务类：(3)护理费
ACBJ0002	气管插管护理	ACBJ0003	气管插管护理			护理费	护理收入	1.综合医疗服务类：(3)护理费
ACBL0001	引流管护理	ACBK0001	引流管护理			护理费	护理收入	1.综合医疗服务类：(3)护理费
ACBL0002	胸腔闭式引流护理					护理费	护理收入	1.综合医疗服务类：(3)护理费
ACBM0001	导尿管护理	ABHA0002	导尿管留置			护理费	护理收入	1.综合医疗服务类：(3)护理费
ACBN0001	造口护理	ACBL0001	造口护理	120100012	造瘘护理	护理费	护理收入	1.综合医疗服务类：(3)护理费
ACBP0001	肛周护理	ACBM0001	肛周护理	120100014	一般专项护理	护理费	护理收入	1.综合医疗服务类：(3)护理费
ACBP0002	会阴擦洗	ABZE0001	会阴擦洗	120100014	一般专项护理	护理费	护理收入	1.综合医疗服务类：(3)护理费
ACBQ0001	压力性损伤护理	ACBN0001	压疮护理			护理费	护理收入	1.综合医疗服务类：(3)护理费
ACBR0001	肠内营养输注护理					护理费	护理收入	1.综合医疗服务类：(3)护理费
		ACBF0001	新生儿监测	311202007	新生儿监护	护理费	护理收入	1.综合医疗服务类：(3)护理费
AZ	(四)其他							
AZAA0001	救护车使用	AZAA0001	救护车使用费	110600001	救护车费	其他门诊/住院收费	其他门诊/住院收入	1.综合医疗服务类：(4)其他费用
AZBA0001	一般尸体料理	AZBA0001	一般尸体料理	140100001	尸体料理	其他门诊/住院收费	其他门诊/住院收入	1.综合医疗服务类：(4)其他费用
AZBA0002	特殊传染病尸体料理	AZBA0002	特殊传染病尸体料理			其他门诊/住院收费	其他门诊/住院收入	1.综合医疗服务类：(4)其他费用
				140100002	专业性尸体整容	其他门诊/住院收费	其他门诊/住院收入	1.综合医疗服务类：(4)其他费用
AZBB0001	死婴料理	AZBB0001	死婴料理			其他门诊/住院收费	其他门诊/住院收入	1.综合医疗服务类：(4)其他费用
AZBC0001	尸体存放	AZBC0001	尸体存放	140100003	尸体存放	其他门诊/住院收费	其他门诊/住院收入	1.综合医疗服务类：(4)其他费用
AZBD0001	离体残肢处理	AZBD0001	离体残肢处理	140100004	离体残肢处理	其他门诊/住院收费	其他门诊/住院收入	1.综合医疗服务类：(4)其他费用
B	二、病理学诊断							
BA	(一)尸检病理学诊断							
BAAA0001	常规尸检病理诊断	BAAA0001	常规尸检病理诊断	270100001	尸检病理诊断	检查费-病理	检查收入-病理	2.诊断类：(5)病理诊断费
BAAB0001	头颅及脊髓尸检病理诊断	BAAB0001	头颅尸检病理诊断			检查费-病理	检查收入-病理	2.诊断类：(5)病理诊断费
BAAB0002	胸腔尸检病理诊断	BAAB0002	胸腔尸检病理诊断			检查费-病理	检查收入-病理	2.诊断类：(5)病理诊断费
BAAB0003	腹腔尸检病理诊断	BAAB0003	腹腔尸检病理诊断			检查费-病理	检查收入-病理	2.诊断类：(5)病理诊断费
BAAB0004	局部尸检病理诊断	BAAB0004	局部尸检病理诊断			检查费-病理	检查收入-病理	2.诊断类：(5)病理诊断费
BAAC0001	胎儿新生儿尸检病理诊断	BAAD0001	胎儿新生儿尸检病理诊断	270100002	儿童及胎儿尸检病理诊断	检查费-病理	检查收入-病理	2.诊断类：(5)病理诊断费
		BAAC0001	3岁以下儿童尸检病理诊断			检查费-病理	检查收入-病理	2.诊断类：(5)病理诊断费
		BABA0001	尸体灌注化学防腐处理	270100003	尸体化学防腐处理	检查费-病理	检查收入-病理	2.诊断类：(5)病理诊断费
		BABA0002	尸体注射化学防腐处理			检查费-病理	检查收入-病理	2.诊断类：(5)病理诊断费
		BABB0001	传染病和特异性感染尸检特殊防护消毒处理			其他门诊/住院收费	其他门诊/住院收入	1.综合医疗服务类：(4)其他费用
BB	(二)细胞病理学检查与诊断							
BBAA0001	细针穿刺细胞病理学诊断	BBAA0001	细针穿刺细胞学检查与诊断	270200003	细针穿刺细胞学检查与诊断	检查费-病理	检查收入-病理	2.诊断类：(5)病理诊断费
BBAB0001	宫颈细胞病理学诊断	BBAB0001	妇科脱落细胞学检查与诊断	270200004	脱落细胞学检查与诊断	检查费-病理	检查收入-病理	2.诊断类：(5)病理诊断费
		BBAC0001	非妇科脱落细胞学检查与诊断			检查费-病理	检查收入-病理	2.诊断类：(5)病理诊断费
BBAC0001	体内腔液细胞病理学诊断			270200001	体液细胞学检查与诊断	检查费-病理	检查收入-病理	2.诊断类：(5)病理诊断费
BBAD0001	细针穿刺液基薄层细胞病理学诊断	BBAD0001	液基薄层细针穿刺细胞学检查与诊断	270800004	液基薄层细胞制片术	检查费-病理	检查收入-病理	2.诊断类：(5)病理诊断费
BBAD0002	宫颈液基薄层细胞病理学诊断	BBAE0001	妇科液基薄层细胞学检查与诊断			检查费-病理	检查收入-病理	2.诊断类：(5)病理诊断费
BBAD0003	体内腔液基薄层细胞病理诊断	BBAE0002	非妇科液基薄层细胞学检查与诊断			检查费-病理	检查收入-病理	2.诊断类：(5)病理诊断费
BBAE0001	细胞蜡块病理诊断					检查费-病理	检查收入-病理	2.诊断类：(5)病理诊断费
				270200002	拉网细胞学检查与诊断	检查费-病理	检查收入-病理	2.诊断类：(5)病理诊断费
				270800003	膜式病变细胞采集术	检查费-病理	检查收入-病理	2.诊断类：(5)病理诊断费
BC	(三)组织病理学检查与诊断							
BCA	1.常规组织病理学诊断							
BCAA0001	活检组织病理诊断	BCAB0001	活检组织病理诊断	270300002	内镜组织活检检查与诊断	检查费-病理	检查收入-病理	2.诊断类：(5)病理诊断费
		BCAA0001	穿刺组织活检病理诊断	270300001	穿刺组织活检检查与诊断	检查费-病理	检查收入-病理	2.诊断类：(5)病理诊断费
BCAB0001	骨髓组织活检病理诊断	BCAC0001	骨髓组织活检病理诊断	270300004	骨髓组织活检检查与诊断	检查费-病理	检查收入-病理	2.诊断类：(5)病理诊断费
BCAC0001	手术标本病理诊断	BCAD0001	手术标本病理诊断	270300005	手术标本检查与诊断	检查费-病理	检查收入-病理	2.诊断类：(5)病理诊断费
BCAD0001	不脱钙牙/骨骼切片病理诊断	BCAE0001	不脱钙牙/骨骼切片病理诊断			检查费-病理	检查收入-病理	2.诊断类：(5)病理诊断费
BCAD0002	不脱钙牙/骨骼磨片病理诊断	BCAE0002	不脱钙牙/骨骼磨片病理诊断	270300007	牙齿及骨骼磨片诊断(不脱钙)	检查费-病理	检查收入-病理	2.诊断类：(5)病理诊断费
BCAD0003	脱钙牙/骨骼切片病理诊断	BCAE0003	脱钙牙/骨骼切片病理诊断	270300008	牙齿及骨骼磨片诊断(脱钙)	检查费-病理	检查收入-病理	2.诊断类：(5)病理诊断费
BCAE0001	截肢标本病理诊断	BCAF0001	截肢标本病理诊断	270300006	截肢标本病理检查与诊断	检查费-病理	检查收入-病理	2.诊断类：(5)病理诊断费
BCAF0001	器官大切片检查与诊断	BCAG0001	全器官大切片检查与诊断	270300010	全器官大切片检查与诊断	检查费-病理	检查收入-病理	2.诊断类：(5)病理诊断费
				270300003	局部切除组织活检检查与诊断	检查费-病理	检查收入-病理	2.诊断类：(5)病理诊断费
				270300009	颌骨样本及牙体牙周样本诊断	检查费-病理	检查收入-病理	2.诊断类：(5)病理诊断费
BCB	2.术中冰冻及石蜡快速切片与诊断							
BCBA0001	冷冻切片病理诊断	BCBA0001	冷冻切片病理诊断	270400001	冰冻切片检查与诊断	检查费-病理	检查收入-病理	2.诊断类：(5)病理诊断费
BCBB0001	特异性感染标本冷冻切片病理诊断	BCBB0001	特异性感染标本冷冻切片病理诊断			检查费-病理	检查收入-病理	2.诊断类：(5)病理诊断费
BCBC0001	快速石蜡切片病理诊断	BCBC0001	快速石蜡切片病理诊断	270400002	快速石蜡切片检查与诊断	检查费-病理	检查收入-病理	2.诊断类：(5)病理诊断费
BD	(四)分子病理学技术与诊断							
BDAA0001	病理标本显色原位杂交检查病理诊断	BDAA0001	组织/细胞原位杂交检查诊断	270700001	原位杂交技术	检查费-病理	检查收入-病理	2.诊断类：(5)病理诊断费
BDAA0002	病理标本双色银染原位杂交检测病理诊断					检查费-病理	检查收入-病理	2.诊断类：(5)病理诊断费
BDAA0003	病理标本荧光原位杂交检查病理诊断	BDAB0001	组织/细胞荧光原位杂交检查诊断			检查费-病理	检查收入-病理	2.诊断类：(5)病理诊断费
BDAA0004	病理标本多色荧光原位杂交检查病理诊断	BDAB0002	组织/细胞多色荧光原位杂交检查诊断			检查费-病理	检查收入-病理	2.诊断类：(5)病理诊断费
BDAA0005	病理标本荧光原位杂交技术计量分析诊断	BDAB0003	组织/细胞荧光原位杂交技术计量分析诊断	270700001	原位杂交技术	检查费-病理	检查收入-病理	2.诊断类：(5)病理诊断费
BDAB0001	病理标本原位脱氧核糖核酸(DNA)多聚酶链式反应病理诊断	BDAC0001	组织/细胞原位脱氧核糖核酸(DNA)多聚酶链式反应检查诊断	270700002	印迹杂交技术	检查费-病理	检查收入-病理	2.诊断类：(5)病理诊断费
BDAB0002	病理标本脱氧核糖核酸(DNA)多聚酶链式反应病理诊断					检查费-病理	检查收入-病理	2.诊断类：(5)病理诊断费
BDAB0003	病理标本荧光定量脱氧核糖核酸(DNA)多聚酶链式反应病理诊	BDAE0001	组织/细胞荧光定量脱氧核糖核酸(DNA)多聚酶链式反应检查诊			检查费-病理	检查收入-病理	2.诊断类：(5)病理诊断费
BDAB0004	断细胞DNA定量分析病理诊断		断			检查费-病理	检查收入-病理	2.诊断类：(5)病理诊断费
		BDAG0001	肿瘤组织脱氧核糖核酸(DNA)测序	270700003	脱氧核糖核酸(DNA)测序	检查费-病理	检查收入-病理	2.诊断类：(5)病理诊断费
BDAC0001	病理标本原位核糖核酸(RNA)多聚酶链式反应病理诊断	BDAD0001	组织/细胞原位核糖核酸(RNA)多聚酶链式反应检查诊断	270700002	印迹杂交技术	检查费-病理	检查收入-病理	2.诊断类：(5)病理诊断费
BDAC0002	病理标本荧光定量核糖核酸(RNA)多聚酶链式反应病理诊断	BDAF0001	组织/细胞荧光定量核糖核酸(RNA)多聚酶链式反应检查诊断			检查费-病理	检查收入-病理	2.诊断类：(5)病理诊断费
BDAD0001	病理标本高通量基因变异分析病理诊断					检查费-病理	检查收入-病理	2.诊断类：(5)病理诊断费
BDAD0002	病理标本染色体/拷贝数高通量检测					检查费-病理	检查收入-病理	2.诊断类：(5)病理诊断费
BDAE0001	治疗相关基因蛋白表达伴随诊断			270700002	印迹杂交技术	检查费-病理	检查收入-病理	2.诊断类：(5)病理诊断费
BDAF0001	病理标本基因突变分析病理诊断					检查费-病理	检查收入-病理	2.诊断类：(5)病理诊断费
BDAG0001	全自动原位杂交染色+诊断					检查费-病理	检查收入-病理	2.诊断类：(5)病理诊断费
BDAH0001	石蜡组织核酸提取					检查费-病理	检查收入-病理	2.诊断类：(5)病理诊断费
BE	(五)特染和免疫组织化学染色与诊断							
BEAA0001	组织化学染色+诊断	BEAA0001	特殊染色及诊断	270500001	特殊染色及酶组织化学染色诊断	检查费-病理	检查收入-病理	2.诊断类：(5)病理诊断费
BEAB0001	酶组织化学染色+诊断	BEAB0001	酶组织化学染色及诊断			检查费-病理	检查收入-病理	2.诊断类：(5)病理诊断费
BEAC0001	免疫组织化学染色+诊断	BEBA0001	免疫组织化学染色诊断	270500002	免疫组织化学染色诊断	检查费-病理	检查收入-病理	2.诊断类：(5)病理诊断费
BEAD0001	免疫荧光染色+诊断	BEBB0001	免疫荧光染色诊断	270500003	免疫荧光染色诊断	检查费-病理	检查收入-病理	2.诊断类：(5)病理诊断费
BEAE0001	术中免疫组织化学染色+诊断					检查费-病理	检查收入-病理	2.诊断类：(5)病理诊断费
BF	(六)电子显微镜技术与诊断							
BFAA0001	电镜检查诊断	BFAA0001	普通透射电镜检查与诊断	270600001	普通透射电镜检查与诊断	检查费-病理	检查收入-病理	2.诊断类：(5)病理诊断费
BFAB0001	酶组化电镜检查诊断	BFAB0001	酶组化电镜检查与诊断			检查费-病理	检查收入-病理	2.诊断类：(5)病理诊断费
BFAC0001	免疫电镜检查诊断	BFAC0001	免疫电镜检查与诊断	270600002	免疫电镜检查与诊断	检查费-病理	检查收入-病理	2.诊断类：(5)病理诊断费
BFAD0001	扫描电镜检查诊断	BFAD0001	扫描电镜检查与诊断	270600003	扫描电镜检查与诊断	检查费-病理	检查收入-病理	2.诊断类：(5)病理诊断费
BZ	(七)其他							
BZAA0001	院外用切片复制	BZAA0001	院外会诊用切片复制			检查费-病理	检查收入-病理	2.诊断类：(5)病理诊断费
BZAA0002	院外会诊用石蜡块制作	BZAA0002	院外会诊用石蜡块制作			检查费-病理	检查收入-病理	2.诊断类：(5)病理诊断费
BZAB0001	流式细胞术倍体分析	BZAB0001	组织流式细胞学倍体分析			检查费-病理	检查收入-病理	2.诊断类：(5)病理诊断费
BZAB0002	流式细胞术细胞标志染色分析	BZAB0002	组织流式细胞术细胞标志染色分析			检查费-病理	检查收入-病理	2.诊断类：(5)病理诊断费
BZAB0003	流式细胞术多参数分析	BZAB0003	组织流式细胞技术多参数染色分析			检查费-病理	检查收入-病理	2.诊断类：(5)病理诊断费
BZAC0001	病理标本免疫荧光检测	BZAC0001	组织显微分光光度检测			检查费-病理	检查收入-病理	2.诊断类：(5)病理诊断费
BZAC0002	病理标本多色免疫荧光检测	BZAC0002	组织多参数显微分光光度检测			检查费-病理	检查收入-病理	2.诊断类：(5)病理诊断费
				270800006	显微摄影术	检查费-病理	检查收入-病理	2.诊断类：(5)病理诊断费
BZAD0001	宫颈细胞学计算机辅助诊断	BZAD0001	宫颈细胞学计算机辅助诊断	270800002	宫颈细胞学计算机辅助诊断	检查费-病理	检查收入-病理	2.诊断类：(5)病理诊断费
BZAE0001	数字化常规病理切片扫描			210102015	数字化摄影(DR)	检查费-病理	检查收入-病理	2.诊断类：(5)病理诊断费
BZAF0001	病理体视学检查与图像分析			270800001	病理体视学检查与图象分析	检查费-病理	检查收入-病理	2.诊断类：(5)病理诊断费
				270800005	病理大体标本摄影	检查费-病理	检查收入-病理	2.诊断类：(5)病理诊断费
BZAG0001	激光捕获显微镜切割DNA提取分析					检查费-病理	检查收入-病理	2.诊断类：(5)病理诊断费
BZAH0001	激光显微特定细胞捕获分析					检查费-病理	检查收入-病理	2.诊断类：(5)病理诊断费
BZAJ0001	数字化荧光病理切片扫描					检查费-病理	检查收入-病理	2.诊断类：(5)病理诊断费
BZAK0001	肿瘤突变负荷检测					检查费-病理	检查收入-病理	2.诊断类：(5)病理诊断费
C	三、实验室诊查							
CA	(一)临床血液学检验							
CAA-CAB	1.血液一般检验							
CAA01LB1	白细胞(WBC)计数-光学显微镜法	CAAK1000	白细胞(WBC)计数	250101009	白细胞计数(WBC)	化验费	化验收入	2.诊断类：(6)实验室诊断费
CAA02MA1	白细胞分类(DC)计数-数字图像分析法	CAAL1000	白细胞分类(DC)计数	250101010	白细胞分类计数(DC)	化验费	化验收入	2.诊断类：(6)实验室诊断费
CAA02MF1	白细胞分类(DC)计数-直接涂片染色镜检法					化验费	化验收入	2.诊断类：(6)实验室诊断费
CAA03TA1	出血时间(BT)测定-凝固法	CAAU1000	出血时间(BT)测定	250101017	出血时间测定	化验费	化验收入	2.诊断类：(6)实验室诊断费
				250101016	出血时间测定(BT)	化验费	化验收入	2.诊断类：(6)实验室诊断费
CAA04LB1	单个核细胞直接计数-光学显微镜法	CAAQ1000	单个核细胞直接计数			化验费	化验收入	2.诊断类：(6)实验室诊断费
CAA05EA1	全血细胞计数+三分群测定-电阻抗法	CAAA1000	全血细胞计数+3分群检测	250101015	血细胞分析	化验费	化验收入	2.诊断类：(6)实验室诊断费
CAA05EB1	全血细胞计数+五分类测定-电阻抗激光法	CAAB1000	全血细胞计数+5分类检测			化验费	化验收入	2.诊断类：(6)实验室诊断费
CAA05EC1	全血细胞计数+五分类测定-电阻抗激光荧光法					化验费	化验收入	2.诊断类：(6)实验室诊断费
CAA06MA1	外周血细胞形态学检查-数字图像分析法	CAAS1000	外周血细胞形态学分析	250101012	异常白细胞形态检查	化验费	化验收入	2.诊断类：(6)实验室诊断费
CAA06MF1	外周血细胞形态学检查-直接涂片染色镜检法					化验费	化验收入	2.诊断类：(6)实验室诊断费
CAA07FC1	网织红细胞血红蛋白含量测定-化学法	CAAG1000	网织红细胞血红蛋白含量测定			化验费	化验收入	2.诊断类：(6)实验室诊断费
CAA07MA1	有核红细胞计数-数字图像分析法	CAAY1000	有核红细胞计数	250101021	有核红细胞计数	化验费	化验收入	2.诊断类：(6)实验室诊断费
CAA07MF1	有核红细胞计数-直接涂片染色镜检法					化验费	化验收入	2.诊断类：(6)实验室诊断费
CAB01MD1	红斑狼疮细胞(LEC)检查-浓缩涂片染色镜检	CAAX1000	红斑狼疮细胞(LEC)检查	250101019	红斑狼疮细胞检查(LEC)	化验费	化验收入	2.诊断类：(6)实验室诊断费
				250101020	血浆渗量试验	化验费	化验收入	2.诊断类：(6)实验室诊断费
CAB02LB1	红细胞(RBC)计数-光学显微镜法	CAAC1000	红细胞(RBC)计数	250101002	红细胞计数(RBC)	化验费	化验收入	2.诊断类：(6)实验室诊断费
CAB02VC1	红细胞沉降率(ESR)测定-沉降法	CAAJ1000	红细胞沉降率(ESR)测定	250101008	红细胞沉降率测定(ESR)	化验费	化验收入	2.诊断类：(6)实验室诊断费
CAB02VD1	红细胞比积(HCT)测定-离心法	CAAD1000	红细胞比积(HCT)测定	250101003	红细胞比积测定(HCT)	化验费	化验收入	2.诊断类：(6)实验室诊断费
				250101004	红细胞参数平均值测定	化验费	化验收入	2.诊断类：(6)实验室诊断费
CAB03LB1	淋巴细胞直接计数-光学显微镜法	CAAP1000	淋巴细胞直接计数			化验费	化验收入	2.诊断类：(6)实验室诊断费
CAB03MD1	浓缩血恶性组织细胞检查-浓缩涂片染色镜检	CAAT1000	浓缩血恶性组织细胞检查	250101013	浓缩血恶性组织细胞检查	化验费	化验收入	2.诊断类：(6)实验室诊断费
CAB03TA1	凝血时间(CT)测定-凝固法	CAAV1000	凝血时间(CT)测定	250101018	凝血时间测定(CT)	化验费	化验收入	2.诊断类：(6)实验室诊断费
CAB04LB1	嗜碱性点彩红细胞计数-光学显微镜法	CAAH1000	嗜碱性点彩红细胞计数	250101006	嗜碱性点彩红细胞计数	化验费	化验收入	2.诊断类：(6)实验室诊断费
CAB04LB2	嗜碱性粒细胞直接计数-光学显微镜法	CAAN1000	嗜碱性粒细胞直接计数			化验费	化验收入	2.诊断类：(6)实验室诊断费
CAB04LB3	嗜酸性粒细胞直接计数-光学显微镜法	CAAM1000	嗜酸性粒细胞直接计数	250101011	嗜酸性粒细胞直接计数	化验费	化验收入	2.诊断类：(6)实验室诊断费
CAB05EB1	网织红细胞测定分析-电阻抗激光法	CAAF1000	网织红细胞分析	250101005	网织红细胞计数(Ret)	化验费	化验收入	2.诊断类：(6)实验室诊断费
CAB05LB1	网织红细胞(Ret)显微镜计数-光学显微镜法	CAAE1000	网织红细胞(Ret)显微镜计数			化验费	化验收入	2.诊断类：(6)实验室诊断费
				270200005	细胞学计数	化验费	化验收入	2.诊断类：(6)实验室诊断费
				250101007	异常红细胞形态检查	化验费	化验收入	2.诊断类：(6)实验室诊断费
				250101022	异常血小板形态检查	化验费	化验收入	2.诊断类：(6)实验室诊断费
				250202040	红细胞九分图分析	化验费	化验收入	2.诊断类：(6)实验室诊断费
CAB06TA1	血块收缩时间测定-凝固法	CAAW1000	血块收缩时间测定	250203018	血块收缩试验	化验费	化验收入	2.诊断类：(6)实验室诊断费
CAB07LB1	血小板计数-光学显微镜法	CAAR1000	血小板计数	250101014	血小板计数	化验费	化验收入	2.诊断类：(6)实验室诊断费
CAC-CAD	2.血细胞学检验							
CAC01001	白血病残留检测	CADB8000	微量残留白血病细胞检测	250201009	白血病残留病灶检测	化验费	化验收入	2.诊断类：(6)实验室诊断费
				250201008	白血病抗原检测	化验费	化验收入	2.诊断类：(6)实验室诊断费
CAC02LB1	骨髓有核细胞计数-光学显微镜法	CACB6000	骨髓有核细胞计数	250201002	骨髓有核细胞计数	化验费	化验收入	2.诊断类：(6)实验室诊断费
CAC02MA2	骨髓有核细胞计数-数字图像分析法					化验费	化验收入	2.诊断类：(6)实验室诊断费
CAC02MA1	骨髓涂片细胞学检查-数字图像分析法	CACA6000	骨髓涂片细胞学检验	250201001	骨髓涂片细胞学检验	化验费	化验收入	2.诊断类：(6)实验室诊断费
CAC02MF2	骨髓涂片细胞学检查-直接涂片染色镜检法					化验费	化验收入	2.诊断类：(6)实验室诊断费
CAC02MF1	骨髓巨核细胞计数-直接涂片染色镜检法	CACC6000	骨髓巨核细胞计数	250201003	骨髓巨核细胞计数	化验费	化验收入	2.诊断类：(6)实验室诊断费
CAC03SF1	骨髓造血祖细胞培养-液体培养法	CACG8000	骨髓造血祖细胞培养	250201005	骨髓造血祖细胞培养	化验费	化验收入	2.诊断类：(6)实验室诊断费
				310800026	骨髓细胞彩色图象分析	化验费	化验收入	2.诊断类：(6)实验室诊断费
CAC04001	过氧化物酶染色检查	CACN8000	过氧化物酶染色检查	250201007	骨髓特殊染色及酶组织化学染色检查	化验费	化验收入	2.诊断类：(6)实验室诊断费
CAC04MF1	过碘酸雪夫反应-直接涂片染色镜检法	CADA8000	过碘酸雪夫反应			化验费	化验收入	2.诊断类：(6)实验室诊断费
CAC05MF1	核糖核酸染色检查-直接涂片染色镜检法	CACX8000	核糖核酸染色检查	250201007	骨髓特殊染色及酶组织化学染色检查	化验费	化验收入	2.诊断类：(6)实验室诊断费
CAC06MF1	抗酒石酸酸性磷酸酶染色检查-直接涂片染色镜检法	CACU8000	抗酒石酸酸性磷酸酶染色检查			化验费	化验收入	2.诊断类：(6)实验室诊断费
CAC07001	粒细胞集落刺激因子测定-培养+镜检	CADC8000	粒细胞集落刺激因子测定	250201010	粒细胞集落刺激因子测定	化验费	化验收入	2.诊断类：(6)实验室诊断费
CAC07MF1	三磷酸腺苷(ATP)酶染色检查-直接涂片染色镜检法	CACZ8000	三磷酸腺苷(ATP)酶染色检查	250201007	骨髓特殊染色及酶组织化学染色检查	化验费	化验收入	2.诊断类：(6)实验室诊断费
CAC07MF2	苏丹黑染色检查-直接涂片染色镜检法	CACT8000	苏丹黑染色检查			化验费	化验收入	2.诊断类：(6)实验室诊断费
CAC08MF1	酸性磷酸酶染色检查-直接涂片染色镜检法	CACS8000	酸性磷酸酶染色检查			化验费	化验收入	2.诊断类：(6)实验室诊断费
CAC09MF1	髓过氧化物酶染色检查-直接涂片染色镜检法					化验费	化验收入	2.诊断类：(6)实验室诊断费
CAC10MF1	糖原染色检查-直接涂片染色镜检法	CACV8000	糖原染色检查	250201007	骨髓特殊染色及酶组织化学染色检查	化验费	化验收入	2.诊断类：(6)实验室诊断费
CAC10MF2	铁染色检查-直接涂片染色镜检法	CACR8000	铁染色检查			化验费	化验收入	2.诊断类：(6)实验室诊断费
CAC10MF3	脱氧核糖核酸染色检查-直接涂片染色镜检法	CACW8000	脱氧核糖核酸染色检查			化验费	化验收入	2.诊断类：(6)实验室诊断费
CAC10MF4	外周血淋巴细胞微核试验-直接涂片染色镜检法					化验费	化验收入	2.诊断类：(6)实验室诊断费
CAC10PF1	微量残留白血病细胞检测-流式细胞术					化验费	化验收入	2.诊断类：(6)实验室诊断费
CAC11MC1	细胞分化抗原(CD)测定-荧光显微镜法	CACH8000	细胞膜分化抗原检测	250201006	白血病免疫分型	化验费	化验收入	2.诊断类：(6)实验室诊断费
CAC11PF1	细胞分化抗原(CD)测定-流式细胞术					化验费	化验收入	2.诊断类：(6)实验室诊断费
CAC12MC1	细胞周期及DNA倍体分析-荧光显微镜法	CACJ8000	细胞周期分析			化验费	化验收入	2.诊断类：(6)实验室诊断费
CAC12PF1	细胞周期及DNA倍体分析-流式细胞术					化验费	化验收入	2.诊断类：(6)实验室诊断费
CAC13001	血氧定量分测定					化验费	化验收入	2.诊断类：(6)实验室诊断费
CAD01PF1	微小残留病细胞检测-流式细胞术					化验费	化验收入	2.诊断类：(6)实验室诊断费
CAD02001	细胞胞浆抗原检测	CACM8000	细胞胞浆抗原检测			化验费	化验收入	2.诊断类：(6)实验室诊断费
CAD03001	胸苷激酶1(TK1)细胞周期分析					化验费	化验收入	2.诊断类：(6)实验室诊断费
CAD04001	血液病特异性基因测序检测	CACK8000	血液病相关基因定性检测			化验费	化验收入	2.诊断类：(6)实验室诊断费
CAD04002	血液病特异性基因定量检测	CACL8000	血液病相关基因定量检测			化验费	化验收入	2.诊断类：(6)实验室诊断费
CAD04003	血液病特异性基因定性检测	CACK8000	血液病相关基因定性检测			化验费	化验收入	2.诊断类：(6)实验室诊断费
CAD05LB1	造血干细胞计数-光学显微镜法	CACD8000	造血干细胞计数	250201004	造血干细胞计数	化验费	化验收入	2.诊断类：(6)实验室诊断费
CAD05PF1	造血干细胞计数-流式细胞术					化验费	化验收入	2.诊断类：(6)实验室诊断费
CAD06001	造血干细胞移植后植活状态定量分析	CACF8000	造血干细胞移植后植活状态定量分析	250201004	造血干细胞计数	化验费	化验收入	2.诊断类：(6)实验室诊断费
CAD06002	造血干细胞移植后植活状态定性分析	CACE8000	造血干细胞移植后植活状态定性分析			化验费	化验收入	2.诊断类：(6)实验室诊断费
CAD07MF1	脂类染色检查-直接涂片染色镜检法	CACY8000	脂类染色检查	250201007	骨髓特殊染色及酶组织化学染色检查	化验费	化验收入	2.诊断类：(6)实验室诊断费
CAD07MF2	酯酶染色检查-直接涂片染色镜检法	CACQ8000	酯酶染色检查			化验费	化验收入	2.诊断类：(6)实验室诊断费
CAD08MF1	中性粒细胞碱性磷酸酶染色检查-直接涂片染色镜检法	CACP1000	中性粒细胞碱性磷酸酶染色检查			化验费	化验收入	2.诊断类：(6)实验室诊断费
CAE-CAF	3.贫血、溶血检验							
CAE01MF1	变性珠蛋白小体(Heinz小体)检测-直接涂片染色镜检法	CAEU1000	变性珠蛋白小体(Heinz小体)检测	250202019	变性珠蛋白小体检测(Heinz小体)	化验费	化验收入	2.诊断类：(6)实验室诊断费
CAE02FC1	高铁血红蛋白还原(MHB-RT)试验-化学法	CAER1000	高铁血红蛋白还原(MHB-RT)试验	250202016	高铁血红蛋白还原试验(MHB-RT)	化验费	化验收入	2.诊断类：(6)实验室诊断费
CAE02FC2	高铁血红素白蛋白过筛试验-化学法	CAED1000	高铁血红素白蛋白过筛试验	250202004	高铁血红素白蛋白过筛试验	化验费	化验收入	2.诊断类：(6)实验室诊断费
		CAET1000	葡萄糖6-磷酸脱氢酶活性检测	250202018	葡萄糖6－磷酸脱氢酶活性检测	化验费	化验收入	2.诊断类：(6)实验室诊断费
				250202024	红细胞滚动试验	化验费	化验收入	2.诊断类：(6)实验室诊断费
		CAEY1000	红细胞镰变试验	250202025	红细胞镰变试验	化验费	化验收入	2.诊断类：(6)实验室诊断费
				250202022	还原型血红蛋白溶解度测定	化验费	化验收入	2.诊断类：(6)实验室诊断费
		CAEZ1000	血红蛋白(Hb)测定	250101001	血红蛋白测定(Hb)	化验费	化验收入	2.诊断类：(6)实验室诊断费
CAE03DA1	红细胞电泳测定-电泳法	CAFK1000	红细胞电泳测定	250202036	红细胞电泳测定	化验费	化验收入	2.诊断类：(6)实验室诊断费
CAE03FB1	红细胞丙酮酸激酶(PK)检测-分光光度法	CAEW1000	红细胞丙酮酸激酶(PK)检测	250202021	红细胞丙酮酸激酶测定(PK)	化验费	化验收入	2.诊断类：(6)实验室诊断费
CAE03MF1	红细胞包涵体检查-直接涂片染色镜检法	CAEA1000	红细胞包涵体检查	250202001	红细胞包涵体检查	化验费	化验收入	2.诊断类：(6)实验室诊断费
CAE04DA1	红细胞膜蛋白测定-电泳法	CAFL1000	红细胞膜蛋白测定	250202037	红细胞膜蛋白电泳测定	化验费	化验收入	2.诊断类：(6)实验室诊断费
CAE04FB1	红细胞谷胱甘肽(GSH)含量测定-分光光度法	CAEV1000	红细胞谷胱甘肽(GSH)含量测定	250202020	红细胞谷胱甘肽(GSH)含量及其稳定性检测	化验费	化验收入	2.诊断类：(6)实验室诊断费
CAE04FC1	红细胞孵育渗透脆性试验-化学法	CAEH1000	红细胞孵育渗透脆性试验	250202008	红细胞孵育渗透脆性试验	化验费	化验收入	2.诊断类：(6)实验室诊断费
CAE05FC1	红细胞渗透脆性试验-化学法	CAEG1000	红细胞渗透脆性试验	250202007	红细胞渗透脆性试验	化验费	化验收入	2.诊断类：(6)实验室诊断费
CAE05PN1	红细胞游离原卟啉测定-酶联免疫法	CAFN1000	红细胞游离原卟啉测定	250202041	红细胞游离原卟啉测定	化验费	化验收入	2.诊断类：(6)实验室诊断费
CAE06FC1	红细胞自身溶血过筛试验-化学法	CAEE1000	红细胞自身溶血过筛试验	250202005	红细胞自身溶血过筛试验	化验费	化验收入	2.诊断类：(6)实验室诊断费
CAE06FC2	红细胞自身溶血试验及纠正试验-化学法	CAEF1000	红细胞自身溶血试验及纠正试验	250202006	红细胞自身溶血及纠正试验	化验费	化验收入	2.诊断类：(6)实验室诊断费
CAE07FB1	抗碱血红蛋白(HbF)测定-分光光度法	CAFB1000	抗碱血红蛋白(HbF)测定	250202028	抗碱血红蛋白测定(HbF)	化验费	化验收入	2.诊断类：(6)实验室诊断费
CAE08FC1	冷溶血试验-化学法	CAEK1000	冷溶血试验	250202010	冷溶血试验	化验费	化验收入	2.诊断类：(6)实验室诊断费
CAE09FC1	葡萄糖6-磷酸脱氢酶活性测定-化学法					化验费	化验收入	2.诊断类：(6)实验室诊断费
CAF01RA1	间接抗人球蛋白试验-试管凝集法	CAFJ1000	间接抗人球蛋白试验	250202035	间接抗人球蛋白试验	化验费	化验收入	2.诊断类：(6)实验室诊断费
CAF01RB1	间接抗人球蛋白试验-微孔板凝集法					化验费	化验收入	2.诊断类：(6)实验室诊断费
CAF01RC1	间接抗人球蛋白试验-卡式柱凝集法					化验费	化验收入	2.诊断类：(6)实验室诊断费
CAF02FC1	结合珠蛋白(HP)测定-化学法	CAEC1000	血清结合珠蛋白(HP)测定	250202003	血清结合珠蛋白测定(HP)	化验费	化验收入	2.诊断类：(6)实验室诊断费
CAF02FC2	葡萄糖6-磷酸脱氢酶荧光斑点试验-化学法	CAES1000	葡萄糖6-磷酸脱氢酶荧光斑点试验	250202017	葡萄糖6-磷酸脱氢酶荧光斑点试验	化验费	化验收入	2.诊断类：(6)实验室诊断费
CAF03FC1	热溶血试验-化学法	CAEJ1000	热溶血试验	250202009	热溶血试验	化验费	化验收入	2.诊断类：(6)实验室诊断费
CAF03VB1	热变性试验-沉淀法	CAEX1000	热变性试验	250202023	热盐水试验	化验费	化验收入	2.诊断类：(6)实验室诊断费
CAF04DA1	肽链解离试验-电泳法	CAFM1000	肽链裂解试验	250202038	肽链裂解试验	化验费	化验收入	2.诊断类：(6)实验室诊断费
				250202039	新生儿溶血症筛查	化验费	化验收入	2.诊断类：(6)实验室诊断费
CAF04FC1	蛇毒因子溶血试验-化学法	CAEQ1000	蛇毒因子溶血试验	250202015	蛇毒因子溶血试验	化验费	化验收入	2.诊断类：(6)实验室诊断费
CAF04FC2	酸化甘油溶血试验-化学法	CAEN1000	酸化甘油溶血试验	250202013	酸化甘油溶血试验	化验费	化验收入	2.诊断类：(6)实验室诊断费
CAF04FC3	微量补体溶血敏感试验-化学法	CAEP1000	微量补体溶血敏感试验	250202014	微量补体溶血敏感试验	化验费	化验收入	2.诊断类：(6)实验室诊断费
CAF04MF1	胎儿血红蛋白(HbF)显微镜测定-直接涂片染色镜检法	CAFC1000	胎儿血红蛋白(HbF)显微镜测定	250202029	胎儿血红蛋白(HbF)酸洗脱试验	化验费	化验收入	2.诊断类：(6)实验室诊断费
		CAFD1000	血红蛋白H包涵体检测	250202030	血红蛋白H包涵体检测	化验费	化验收入	2.诊断类：(6)实验室诊断费
CAF05FB1	血红蛋白S溶解度试验-分光光度法	CAFG1000	血红蛋白S溶解度试验	250202033	血红蛋白S溶解度试验	化验费	化验收入	2.诊断类：(6)实验室诊断费
				250202027	血红蛋白A2测定(HbA2)	化验费	化验收入	2.诊断类：(6)实验室诊断费
CAF05MF1	血红蛋白C试验-直接涂片染色镜检法	CAFF1000	血红蛋白C试验	250202032	血红蛋白C试验	化验费	化验收入	2.诊断类：(6)实验室诊断费
CAF05PN1	锌原卟啉测定-酶联免疫法	CAFP1000	血液锌原卟啉测定			化验费	化验收入	2.诊断类：(6)实验室诊断费
CAF06DA1	血红蛋白电泳测定-电泳法	CAFA1000	血红蛋白电泳测定	250202026	血红蛋白电泳	化验费	化验收入	2.诊断类：(6)实验室诊断费
CAF06FC1	血浆游离血红蛋白测定-化学法	CAEB1000	血浆游离血红蛋白测定	250202002	血浆游离血红蛋白测定	化验费	化验收入	2.诊断类：(6)实验室诊断费
CAF06FC2	血清酸化溶血(Ham)试验-化学法	CAEM1000	血清酸化溶血(Ham)试验	250202012	血清酸化溶血试验(Ham)	化验费	化验收入	2.诊断类：(6)实验室诊断费
CAF07VB1	异丙醇试验-沉淀法	CAFE1000	异丙醇试验	250202031	不稳定血红蛋白测定	化验费	化验收入	2.诊断类：(6)实验室诊断费
CAF08FC1	蔗糖溶血试验-化学法	CAEL1000	蔗糖溶血试验	250202011	蔗糖溶血试验	化验费	化验收入	2.诊断类：(6)实验室诊断费
CAF09PF1	阵发性睡眠性血红蛋白尿症(PNH)克隆测定-流式细胞术					化验费	化验收入	2.诊断类：(6)实验室诊断费
CAF10RA1	直接抗人球蛋白(Coombs')试验-试管凝集法	CAFH1000	直接抗人球蛋白(Coombs')试验	250202034	直接抗人球蛋白试验(Coombs')	化验费	化验收入	2.诊断类：(6)实验室诊断费
CAF10RB1	直接抗人球蛋白(Coombs')试验-微孔板凝集法					化验费	化验收入	2.诊断类：(6)实验室诊断费
CAF10RC1	直接抗人球蛋白(Coombs')试验-卡式柱凝集法					化验费	化验收入	2.诊断类：(6)实验室诊断费
CAG-CAK	4.血栓、止血检验							
CAG01QA1	ADP受体相关血小板聚集试验-聚集法					化验费	化验收入	2.诊断类：(6)实验室诊断费
CAG02VE1	阿斯匹林耐量试验(ATT)-目测法	CAGN6000	阿斯匹林耐量(ATT)试验	250203007	阿斯匹林耐量试验(ATT)	化验费	化验收入	2.诊断类：(6)实验室诊断费
CAG03TA1	白陶土部分凝血活酶时间(KPTT)测定-凝固法	CAHE1000	白陶土部分凝血活酶时间(KPTT)测定	250203024	白陶土部分凝血活酶时间测定(KPTT)	化验费	化验收入	2.诊断类：(6)实验室诊断费
CAG04PE1	补体因子D子痫前期测定-胶体金免疫层析法					化验费	化验收入	2.诊断类：(6)实验室诊断费
CAG05001	低分子肝素(LMWH)测定	CAKD1000	低分子肝素(LMWH)测定	250203076	低分子肝素测定(LMWH)	化验费	化验收入	2.诊断类：(6)实验室诊断费
CAG06TA1	复钙交叉时间测定(CRT)-凝固法	CAHS1000	复钙交叉时间测定	250203037	复钙交叉时间测定	化验费	化验收入	2.诊断类：(6)实验室诊断费
CAG07TA1	复钙时间+纠正试验-凝固法	CAHB1000	复钙时间及其纠正试验	250203021	复钙时间测定及其纠正试验	化验费	化验收入	2.诊断类：(6)实验室诊断费
CAG08PC1	环氧酶-1相关血小板凝集功能检测-透射比浊免疫法					化验费	化验收入	2.诊断类：(6)实验室诊断费
CAG09FC1	抗活化因子X活性试验-化学法					化验费	化验收入	2.诊断类：(6)实验室诊断费
CAG10001	可溶性纤维蛋白单体测定					化验费	化验收入	2.诊断类：(6)实验室诊断费
CAG11VE1	毛细血管脆性试验(CFT)-目测法	CAGM6000	毛细血管脆性试验	250203006	毛细血管脆性试验	化验费	化验收入	2.诊断类：(6)实验室诊断费
CAG13PC1	凝血酶激活纤溶抑制物测定-透射比浊免疫法					化验费	化验收入	2.诊断类：(6)实验室诊断费
CAG14PZ1	凝血酶-抗凝血酶复合物定量测定-化学发光免疫法	CAJE1000	凝血酶抗凝血酶复合物(TAT)测定	250203049	凝血酶抗凝血酶Ⅲ复合物测定(TAT)	化验费	化验收入	2.诊断类：(6)实验室诊断费
CAG15PZ1	纤溶酶-α2纤溶酶抑制剂复合体(PIC)测定-化学发光免疫法					化验费	化验收入	2.诊断类：(6)实验室诊断费
CAG16PG1	纤维蛋白(原)降解产物(FDP)测定-酶联免疫吸附法	CAJX1000	纤维蛋白(原)降解产物(FDP)测定	250203065	纤维蛋白(原)降解产物测定(FDP)	化验费	化验收入	2.诊断类：(6)实验室诊断费
CAG17FC1	纤维结合蛋白测定-化学法			250401026	纤维结合蛋白测定(Fn)	化验费	化验收入	2.诊断类：(6)实验室诊断费
CAG18FE1	血管性血友病因子裂解蛋白酶(ADAMTS13)活性测定-荧光分光					化验费	化验收入	2.诊断类：(6)实验室诊断费
CAG19PE1	光度法血浆D-二聚体(D-Dimer)测定-胶体金免疫层析法	CAJY1000	血浆D-二聚体(D-Dimer)测定	250203066	血浆D-二聚体测定(D-Dimer)	化验费	化验收入	2.诊断类：(6)实验室诊断费
CAG19PG1	血浆D-二聚体(D-Dimer)测定-酶联免疫吸附法					化验费	化验收入	2.诊断类：(6)实验室诊断费
CAG20FA1	血浆肝素含量测定-发色底物法	CAJF1000	血浆肝素含量测定	250203050	血浆肝素含量测定	化验费	化验收入	2.诊断类：(6)实验室诊断费
CAG20PN1	血浆内皮素测定-酶联免疫法	CAGR1000	血浆内皮素(ET)测定	250203009	血浆内皮素测定(ET)	化验费	化验收入	2.诊断类：(6)实验室诊断费
CAG20TA1	血浆游离蛋白S活性测定-凝固法			250201007	骨髓特殊染色及酶组织化学染色检查	化验费	化验收入	2.诊断类：(6)实验室诊断费
CAG21PG1	血浆组织纤溶酶原活化物抑制物抗原(PAI:Ag)测定-酶联免疫	CAJR1000	血浆组织纤溶酶原活化物抑制物抗原(PAI:Ag)检测	250203059	血浆组织纤溶酶原活化物抑制物抗原检测	化验费	化验收入	2.诊断类：(6)实验室诊断费
CAG22TA1	吸附法血栓弹力图测定-凝固法	CAKH1000	血栓弹力图试验	250203080	血栓弹力图试验(TEG)	化验费	化验收入	2.诊断类：(6)实验室诊断费
CAG23PZ1	血栓调节蛋白定量测定-化学发光免疫法					化验费	化验收入	2.诊断类：(6)实验室诊断费
CAG24CA1	血小板功能闭合时间测定-电极法					化验费	化验收入	2.诊断类：(6)实验室诊断费
CAG25QA1	血小板聚集试验(PAgT)-聚集法	CAGT1000	血小板聚集(PAgT)试验	250203011	血小板聚集功能测定(PAgT)	化验费	化验收入	2.诊断类：(6)实验室诊断费
CAG26QA1	血小板粘附试验(PAdT)-聚集法	CAGS1000	血小板粘附(PAdT)试验	250203010	血小板粘附功能测定(PAdT)	化验费	化验收入	2.诊断类：(6)实验室诊断费
CAG27PZ1	组织型纤溶酶原激活剂-抑制剂1复合体测定(tPAI-C)-化学发					化验费	化验收入	2.诊断类：(6)实验室诊断费
CAH01FA1	光免疫法肝素辅因子Ⅱ活性测定-发色底物法	CAKC1000	肝素辅因子Ⅱ活性测定	250203075	肝素辅因子II活性测定	化验费	化验收入	2.诊断类：(6)实验室诊断费
CAH02001	活化部分凝血活酶时间纠正试验			250203025	活化部分凝血活酶时间测定(APTT)	化验费	化验收入	2.诊断类：(6)实验室诊断费
CAH02TA1	活化部分凝血活酶时间(APTT)测定-凝固法	CAGB1000	活化部分凝血活酶时间(APTT)测定			化验费	化验收入	2.诊断类：(6)实验室诊断费
CAH03TA1	活化蛋白C抵抗(APCR)试验-凝固法	CAJJ1000	活化蛋白C抵抗(APCR)试验	250203053	活化蛋白C抵抗试验(APCR)	化验费	化验收入	2.诊断类：(6)实验室诊断费
CAH03TA2	活化凝血时间(ACT)测定-凝固法	CAHF1000	活化凝血时间(ACT)测定	250203026	活化凝血时间测定(ACT)	化验费	化验收入	2.诊断类：(6)实验室诊断费
CAH04TA1	甲苯胺蓝纠正试验-凝固法	CAHR1000	甲苯胺蓝纠正试验	250203036	甲苯胺蓝纠正试验	化验费	化验收入	2.诊断类：(6)实验室诊断费
CAH05TA1	简易凝血活酶纠正试验-凝固法	CAKF1000	简易凝血活酶纠正试验	250203078	简易凝血活酶纠正试验	化验费	化验收入	2.诊断类：(6)实验室诊断费
CAH05TA2	简易凝血活酶生成试验(STGT)-凝固法	CAHG1000	简易凝血活酶生成试验	250203027	简易凝血活酶生成试验	化验费	化验收入	2.诊断类：(6)实验室诊断费
CAH06PN1	抗血小板膜糖蛋白自身抗体测定-酶联免疫法	CAGG1000	抗血小板膜糖蛋白自身抗体测定	250203003	抗血小板膜糖蛋白自身抗体测定	化验费	化验收入	2.诊断类：(6)实验室诊断费
CAH07PN1	可溶性血小板膜α颗粒膜蛋白140(GMP-140)测定-酶联免疫法	CAGK1000	可溶性血小板膜α颗粒膜蛋白140(GMP-140)测定			化验费	化验收入	2.诊断类：(6)实验室诊断费
CAH07TA1	连续血浆鱼精蛋白稀释试验-凝固法	CAHW1000	连续血浆鱼精蛋白稀释试验	250203041	连续血浆鱼精蛋白稀释试验	化验费	化验收入	2.诊断类：(6)实验室诊断费
CAH08TA1	凝血酶时间(TT)测定-凝固法	CAGA1000	凝血酶时间(TT)测定	250203035	凝血酶时间测定(TT)	化验费	化验收入	2.诊断类：(6)实验室诊断费
CAH08TA2	凝血酶原时间(PT)测定-凝固法	CAGC1000	血浆凝血酶原时间(PT)测定	250203020	血浆凝血酶原时间测定(PT)	化验费	化验收入	2.诊断类：(6)实验室诊断费
CAH08TA3	凝血酶原时间纠正试验-凝固法	CAHC1000	凝血酶原时间纠正试验	250203022	凝血酶原时间纠正试验	化验费	化验收入	2.诊断类：(6)实验室诊断费
CAH08TA4	凝血酶原消耗试验及其纠正试验-凝固法	CAHD1000	凝血酶原消耗及纠正试验	250203023	凝血酶原消耗及纠正试验	化验费	化验收入	2.诊断类：(6)实验室诊断费
CAH09QA1	瑞斯托霉素辅因子活性测定-聚集法	CAHT1000	瑞斯托霉素辅因子(VWF:ROOF)测定	250203038	瑞斯托霉素辅因子测定(VWF：ROOF)	化验费	化验收入	2.诊断类：(6)实验室诊断费
CAH09QA2	瑞斯托霉素诱导血小板凝集试验-聚集法	CAGU1000	瑞斯托霉素诱导血小板试验	250203012	瑞斯托霉素诱导血小板聚集测定	化验费	化验收入	2.诊断类：(6)实验室诊断费
CAH10VE1	体外血栓形成试验-目测法	CAJZ1000	体外血栓形成试验	250203069	体外血栓形成试验	化验费	化验收入	2.诊断类：(6)实验室诊断费
CAH11FA1	血浆α2纤溶酶抑制物活性(α2-PI:A)测定-发色底物法	CAJA1000	血浆α2纤溶酶抑制物活性(α2-PI:A)测定	250203045	血浆α2纤溶酶抑制物活性测定(α2-PIA)	化验费	化验收入	2.诊断类：(6)实验室诊断费
CAH12PG1	血浆β-血小板球蛋白(β-TG)测定-酶联免疫吸附法	CAGZ1000	血浆β-血小板球蛋白测定	250203017	血浆β-血小板球蛋白测定	化验费	化验收入	2.诊断类：(6)实验室诊断费
CAH12PZ1	血浆β-血小板球蛋白(β-TG)测定-化学发光免疫法					化验费	化验收入	2.诊断类：(6)实验室诊断费
CAH13FA1	血浆蛋白C活性(PC)测定-发色底物法	CAJG1000	血浆蛋白C活性(PC)测定	250203051	血浆蛋白C活性测定(PC)	化验费	化验收入	2.诊断类：(6)实验室诊断费
CAH13TA1	血浆蛋白S活性(PS:A)测定-凝固法	CAJL1000	血浆蛋白S活性(PS:A)测定	250203054	血浆蛋白S测定(PS)	化验费	化验收入	2.诊断类：(6)实验室诊断费
CAH14FA1	血浆抗凝血酶活性(AT:A)测定-发色底物法	CAJC1000	血浆抗凝血酶活性(AT:A)测定	250203047	血浆抗凝血酶Ⅲ活性测定(AT-ⅢA)	化验费	化验收入	2.诊断类：(6)实验室诊断费
CAH14TA1	血浆激肽释放酶原测定-凝固法	CAKE1000	血浆激肽释放酶原测定	250203077	血浆激肽释放酶原测定	化验费	化验收入	2.诊断类：(6)实验室诊断费
CAH15TA1	血浆蝰蛇毒磷脂时间测定(RVVCT)-凝固法	CAHJ1000	血浆蝰蛇毒磷脂时间测定	250203029	血浆蝰蛇毒磷脂时间测定	化验费	化验收入	2.诊断类：(6)实验室诊断费
CAH15TA2	血浆蝰蛇毒时间(RVVT)测定-凝固法	CAHH1000	血浆蝰蛇毒时间测定	250203028	血浆蝰蛇毒时间测定	化验费	化验收入	2.诊断类：(6)实验室诊断费
CAH16TA1	血浆狼疮抗凝物质(LAC)测定-凝固法	CAJM1000	狼疮抗凝物质检测	250203055	狼疮抗凝物质检测	化验费	化验收入	2.诊断类：(6)实验室诊断费
CAJ01PN1	血浆凝血酶调节蛋白抗原(TM:Ag)测定-酶联免疫法	CAJS1000	血浆凝血酶调节蛋白抗原(TM:Ag)检测	250203060	血浆凝血酶调节蛋白抗原检测(TMAg)	化验费	化验收入	2.诊断类：(6)实验室诊断费
CAJ01PZ1	血浆凝血酶调节蛋白抗原(TM:Ag)测定-化学发光法					化验费	化验收入	2.诊断类：(6)实验室诊断费
CAJ01TA1	血浆凝血酶调节蛋白活性(TM:A)测定-凝固法	CAJT1000	血浆凝血酶调节蛋白活性(TM:A)检测	250203061	血浆凝血酶调节蛋白活性检测(TMA)	化验费	化验收入	2.诊断类：(6)实验室诊断费
CAJ02PN1	血浆凝血酶原片段1+2(F1+2)测定-酶联免疫法	CAJU1000	血浆凝血酶原片段1+2(F1+2)检测	250203062	血浆凝血酶原片段1+2检测	化验费	化验收入	2.诊断类：(6)实验室诊断费
CAJ02PZ1	血浆凝血酶原片段1+2(F1+2)测定-化学发光法					化验费	化验收入	2.诊断类：(6)实验室诊断费
CAJ03TA1	血浆凝血因子含量测定-凝固法	CAHM1000	血浆凝血因子含量测定			化验费	化验收入	2.诊断类：(6)实验室诊断费
CAJ03TA2	血浆凝血因子活性测定-凝固法	CAHK1000	血浆凝血因子活性测定	250203031	血浆凝血因子活性测定	化验费	化验收入	2.诊断类：(6)实验室诊断费
CAJ04PN1	血浆纤溶酶-抗纤溶酶复合物(PAP)测定-酶联免疫法	CAJW1000	血浆纤溶酶-抗纤溶酶复合物(PAP)测定	250203064	血浆纤溶酶-抗纤溶酶复合物测定(PAP)	化验费	化验收入	2.诊断类：(6)实验室诊断费
CAJ04PZ1	血浆纤溶酶-抗纤溶酶复合物(PAP)测定-化学发光法					化验费	化验收入	2.诊断类：(6)实验室诊断费
CAJ05FA1	血浆纤溶酶原活性(PLG:A)测定-发色底物法	CAHY1000	血浆纤溶酶原活性(PLG:A)测定	250203043	血浆纤溶酶原活性测定(PLGA)	化验费	化验收入	2.诊断类：(6)实验室诊断费
CAJ05FA2	血浆纤溶酶原抗原(PLG:Ag)测定-发色底物法	CAHZ1000	血浆纤溶酶原抗原(PLG:Ag)测定	250203044	血浆纤溶酶原抗原测定(PLGAg)	化验费	化验收入	2.诊断类：(6)实验室诊断费
CAJ06PN1	血浆纤维蛋白肽A测定-酶联免疫法	CAKB1000	血浆纤维蛋白肽A检测	250203074	纤维蛋白肽A检测	化验费	化验收入	2.诊断类：(6)实验室诊断费
CAJ06PZ1	血浆纤维蛋白肽A测定-化学发光法					化验费	化验收入	2.诊断类：(6)实验室诊断费
CAJ07PN1	血浆纤维蛋白肽B(FPB)测定-酶联免疫法	CAJV1000	血浆纤维蛋白肽B检测	250203063	血浆纤维蛋白肽Bβ1-42和BP15-42检测(FPBβ1-42，BP15-42)	化验费	化验收入	2.诊断类：(6)实验室诊断费
CAJ07PZ1	血浆纤维蛋白肽B(FPB)测定-化学发光法					化验费	化验收入	2.诊断类：(6)实验室诊断费
CAJ08PG1	血浆血栓烷B2(TXB2)测定-酶联免疫吸附法	CAHA1000	血浆血栓烷B2(TXB2)测定	250203019	血浆血栓烷B2测定(TXB2)	化验费	化验收入	2.诊断类：(6)实验室诊断费
CAJ08PZ1	血浆血栓烷B2(TXB2)测定-化学发光免疫法	CAHA1000	血浆血栓烷B2(TXB2)测定	250203019	血浆血栓烷B2测定(TXB2)	化验费	化验收入	2.诊断类：(6)实验室诊断费
CAJ08TA1	血浆纤维蛋白原(FIB)测定-凝固法	CAGD1000	血浆纤维蛋白原测定	250203030	血浆纤维蛋白原测定	化验费	化验收入	2.诊断类：(6)实验室诊断费
CAJ09TA1	血浆因子Ⅷ抑制物定量测定-凝固法	CAHP1000	血浆因子Ⅷ抑制物定量测定	250203033	血浆因子Ⅷ抑制物定量测定	化验费	化验收入	2.诊断类：(6)实验室诊断费
CAJ09TA2	血浆因子Ⅷ抑制物定性检测-凝固法	CAHN1000	血浆因子Ⅷ抑制物定性测定	250203032	血浆因子Ⅷ抑制物定性测定	化验费	化验收入	2.诊断类：(6)实验室诊断费
CAJ09VE1	血浆因子XⅢ缺乏筛选试验-目测法	CAHQ1000	血浆因子XⅢ缺乏筛选试验	250203034	血浆因子XIII缺乏筛选试验	化验费	化验收入	2.诊断类：(6)实验室诊断费
CAJ10TA1	血浆鱼精蛋白副凝(3P)试验-凝固法	CAHV1000	血浆鱼精蛋白副凝(3P)试验	250203040	血浆鱼精蛋白副凝试验(3P)	化验费	化验收入	2.诊断类：(6)实验室诊断费
CAJ11FA1	血浆组织纤溶酶原活化物活性(t-PA:A)测定-发色底物法	CAJN1000	血浆组织纤溶酶原活化物活性(t-PA:A)检测	250203056	血浆组织纤溶酶原活化物活性检测(t-PAA)	化验费	化验收入	2.诊断类：(6)实验室诊断费
CAJ12PN1	血浆组织纤溶酶原活化物抗原(t-PA:Ag)测定-酶联免疫法	CAJP1000	血浆组织纤溶酶原活化物抗原(t-PA:Ag)检测	250203057	血浆组织纤溶酶原活化物抗原检测(t-PAAg)	化验费	化验收入	2.诊断类：(6)实验室诊断费
CAJ13PG1	血浆组织纤溶酶原活化物抗原(t-PA:Ag)测定-酶联免疫吸附					化验费	化验收入	2.诊断类：(6)实验室诊断费
CAJ14PC1	法血浆组织纤溶酶原活化物抗原(t-PA:Ag)测定-透射比浊免疫					化验费	化验收入	2.诊断类：(6)实验室诊断费
CAJ15FA1	法血浆组织纤溶酶原活化物抑制物活性(PAI:A)测定-发色底物	CAJQ1000	血浆组织纤溶酶原活化物抑制物活性(PAI:A)检测	250203058	血浆组织纤溶酶原活化物抑制物活性检测	化验费	化验收入	2.诊断类：(6)实验室诊断费
CAK01PC1	法纤维蛋白(原)降解产物(FDP)测定-透射比浊免疫法	CAJX1000	纤维蛋白(原)降解产物(FDP)测定	250203065	纤维蛋白(原)降解产物测定(FDP)	化验费	化验收入	2.诊断类：(6)实验室诊断费
CAK01RE1	纤维蛋白(原)降解产物(FDP)测定-乳胶凝集法					化验费	化验收入	2.诊断类：(6)实验室诊断费
CAK02PC1	纤维蛋白溶解试验-透射比浊免疫法	CAKG1000	纤维蛋白溶解试验	250203079	纤维蛋白溶解试验	化验费	化验收入	2.诊断类：(6)实验室诊断费
CAK03PC1	血管性血友病因子活性(VWF:A)测定-透射比浊免疫法	CAGQ1000	血管性血友病因子(VWF)活性测定			化验费	化验收入	2.诊断类：(6)实验室诊断费
CAK03PC2	血管性血友病因子抗原(VWF:Ag)测定-透射比浊免疫法	CAGP1000	血管性血友病因子(VWF)抗原测定	250203008	血管性假性血友病因子(VWF)抗原测定	化验费	化验收入	2.诊断类：(6)实验室诊断费
CAK04PC1	血浆D-二聚体(D-Dimer)测定-透射比浊免疫法	CAJY1000	血浆D-二聚体(D-Dimer)测定	250203066	血浆D-二聚体测定(D-Dimer)	化验费	化验收入	2.诊断类：(6)实验室诊断费
CAK04RE1	血浆D-二聚体(D-Dimer)测定-乳胶凝集法	CAJY1000	血浆D-二聚体(D-Dimer)测定	250203066	血浆D-二聚体测定(D-Dimer)	化验费	化验收入	2.诊断类：(6)实验室诊断费
CAK05PC1	血浆α2纤溶酶抑制物抗原(α2-PI:Ag)测定-透射比浊免疫法	CAJB1000	血浆α2纤溶酶抑制物抗原(α2-PI:Ag)测定	250203046	血浆α2纤溶酶抑制物抗原测定(α2-PIAg)	化验费	化验收入	2.诊断类：(6)实验室诊断费
CAK06PC1	血浆蛋白C抗原(PC:Ag)测定-透射比浊免疫法	CAJH1000	血浆蛋白C抗原(PC:Ag)测定	250203052	血浆蛋白C抗原测定(PCAg)	化验费	化验收入	2.诊断类：(6)实验室诊断费
CAK07PC1	血浆蛋白S含量(PS:Ag)测定-透射比浊免疫法	CAJK1000	血浆蛋白S含量(PS:Ag)测定	250203054	血浆蛋白S测定(PS)	化验费	化验收入	2.诊断类：(6)实验室诊断费
CAK08PC1	血浆抗凝血酶抗原(AT:Ag)测定-透射比浊免疫法	CAJD1000	血浆抗凝血酶抗原(AT:Ag)测定	250203048	血浆抗凝血酶Ⅲ抗原测定(AT-ⅢAg)	化验费	化验收入	2.诊断类：(6)实验室诊断费
CAK09PC1	血浆凝血因子XⅢ活性测定-透射比浊免疫法	CAHL1000	血浆凝血因子XⅢ活性测定			化验费	化验收入	2.诊断类：(6)实验室诊断费
CAK10PB1	血浆纤维蛋白原(FIB)测定-散射比浊免疫法	CAGD1000	血浆纤维蛋白原测定	250203030	血浆纤维蛋白原测定	化验费	化验收入	2.诊断类：(6)实验室诊断费
CAK10PC1	血浆纤维蛋白原(FIB)测定-透射比浊免疫法					化验费	化验收入	2.诊断类：(6)实验室诊断费
CAK11PN1	血清可溶性血小板膜糖蛋白检测-酶联免疫法	CAGJ1000	血清可溶性血小板膜糖蛋白检测	250203004	血小板纤维蛋白原受体检测(FIBR)	化验费	化验收入	2.诊断类：(6)实验室诊断费
CAK12FE1	血小板ATP释放试验-荧光分光光度法	CAKA1000	血小板ATP释放试验	250203073	血小板ATP释放试验	化验费	化验收入	2.诊断类：(6)实验室诊断费
CAK13QA1	血小板第3因子有效性(PF3)测定-聚集法	CAGV1000	血小板第3因子有效性(PF3)测定	250203013	血小板第3因子有效性测定(PF3)	化验费	化验收入	2.诊断类：(6)实验室诊断费
CAK14PN1	血小板第4因子(PF4)测定-酶联免疫法	CAGW1000	血小板第4因子(PF4)测定	250203014	血小板第4因子测定(PF4)	化验费	化验收入	2.诊断类：(6)实验室诊断费
CAK15QA1	血小板钙流测定-聚集法	CAGY1000	血小板钙流测定	250203016	血小板钙流测定	化验费	化验收入	2.诊断类：(6)实验室诊断费
CAK16PN1	血小板膜α颗粒膜蛋白140(GMP-140)测定-酶联免疫法	CAGL1000	血小板膜α颗粒膜蛋白140(GMP-140)测定	250203005	血小板膜α颗粒膜蛋白140测定(GMP－140)	化验费	化验收入	2.诊断类：(6)实验室诊断费
CAK17PN1	血小板膜糖蛋白测定-酶联免疫法	CAGH1000	血小板膜糖蛋白测定	250203004	血小板纤维蛋白原受体检测(FIBR)	化验费	化验收入	2.诊断类：(6)实验室诊断费
CAK18PN1	血小板相关补体C3(PAC3)测定-酶联免疫法	CAGF1000	血小板相关补体C3(PAC3)测定	250203002	血小板相关补体C3测定(PAC3)	化验费	化验收入	2.诊断类：(6)实验室诊断费
CAK19PN1	血小板相关免疫球蛋白(PAIg)测定-酶联免疫法	CAGE1000	血小板相关免疫球蛋白(PAIg)测定	250203001	血小板相关免疫球蛋白(PAIg)测定	化验费	化验收入	2.诊断类：(6)实验室诊断费
		CAGX1000	血小板寿命测定	250203015	血小板寿命测定	化验费	化验收入	2.诊断类：(6)实验室诊断费
CAK20TA1	乙醇胶试验-凝固法	CAHX1000	乙醇胶试验	250203042	乙醇胶试验	化验费	化验收入	2.诊断类：(6)实验室诊断费
CAK20TA2	优球蛋白溶解时间(ELT)测定-凝固法	CAHU1000	优球蛋白溶解时间(ELT)测定	250203039	优球蛋白溶解时间测定(ELT)	化验费	化验收入	2.诊断类：(6)实验室诊断费
CAL	5.血液流变学检验							
CAL01VH1	全血粘度测定-粘度分析	CALB1000	全血粘度测定	250203071	全血粘度测定	化验费	化验收入	2.诊断类：(6)实验室诊断费
CAL01VH2	血浆粘度测定-粘度分析	CALC1000	血浆粘度测定	250203072	血浆粘度测定	化验费	化验收入	2.诊断类：(6)实验室诊断费
		CALA1000	红细胞流变特性检测	250203070	红细胞流变特性检测	化验费	化验收入	2.诊断类：(6)实验室诊断费
CAM-CAN	6.血型、输血及人类组织相关性抗原检测							
CAM01RA1	ABO血型鉴定(反定型)-试管凝集法	CAMB1000	ABO血型鉴定(反定型)	260000001	ABO红细胞定型	化验费	化验收入	2.诊断类：(6)实验室诊断费
CAM01RB1	ABO血型鉴定(反定型)-微孔板凝集法			260000002	ABO血型鉴定	化验费	化验收入	2.诊断类：(6)实验室诊断费
CAM01RC1	ABO血型鉴定(反定型)-卡式柱凝集法			260000001	ABO红细胞定型	化验费	化验收入	2.诊断类：(6)实验室诊断费
CAM02RA1	ABO血型鉴定(正定型)-试管凝集法	CAMA1000	ABO血型鉴定(正定型)	260000002	ABO血型鉴定	化验费	化验收入	2.诊断类：(6)实验室诊断费
CAM02RB1	ABO血型鉴定(正定型)-微孔板凝集法					化验费	化验收入	2.诊断类：(6)实验室诊断费
CAM02RC1	ABO血型鉴定(正定型)-卡式柱凝集法					化验费	化验收入	2.诊断类：(6)实验室诊断费
CAM03RA1	ABO亚型鉴定(反定型)-试管凝集法	CAME1000	ABO亚型鉴定(反定型)	260000003	ABO亚型鉴定	化验费	化验收入	2.诊断类：(6)实验室诊断费
CAM03RA2	ABO亚型鉴定(正定型)-试管凝集法	CAMD1000	ABO亚型鉴定(正定型)			化验费	化验收入	2.诊断类：(6)实验室诊断费
CAM04RA1	Rh血型C抗原鉴定-试管凝集法	CAMG1000	Rh血型C抗原鉴定	260000004	Rh血型鉴定	化验费	化验收入	2.诊断类：(6)实验室诊断费
CAM04RC1	Rh血型C抗原鉴定-卡式柱凝集法	CAMG1000	Rh血型C抗原鉴定	260000004	Rh血型鉴定	化验费	化验收入	2.诊断类：(6)实验室诊断费
CAM05RA1	Rh血型c抗原鉴定-试管凝集法	CAMH1000	Rh血型c抗原鉴定			化验费	化验收入	2.诊断类：(6)实验室诊断费
CAM05RC1	Rh血型c抗原鉴定-卡式柱凝集法					化验费	化验收入	2.诊断类：(6)实验室诊断费
CAM06RA1	Rh血型D抗原鉴定-试管凝集法	CAMF1000	RhD血型鉴定			化验费	化验收入	2.诊断类：(6)实验室诊断费
CAM06RC1	Rh血型D抗原鉴定-卡式柱凝集法					化验费	化验收入	2.诊断类：(6)实验室诊断费
CAM07RA1	Rh血型E抗原鉴定-试管凝集法	CAMJ1000	Rh血型E抗原鉴定			化验费	化验收入	2.诊断类：(6)实验室诊断费
CAM07RC1	Rh血型E抗原鉴定-卡式柱凝集法					化验费	化验收入	2.诊断类：(6)实验室诊断费
CAM08RA1	Rh血型e抗原鉴定-试管凝集法	CAMK1000	Rh血型e抗原鉴定			化验费	化验收入	2.诊断类：(6)实验室诊断费
CAM08RC1	Rh血型e抗原鉴定-卡式柱凝集法					化验费	化验收入	2.诊断类：(6)实验室诊断费
CAM09RA1	Rh血型其他抗原鉴定-试管凝集法	CAML1000	Rh血型其它抗原鉴定	260000005	Rh血型其他抗原鉴定	化验费	化验收入	2.诊断类：(6)实验室诊断费
CAM09RA2	Rh阴性确诊试验-试管凝集法	CANA1000	Rh阴性确诊试验	260000015	Rh阴性确诊试验	化验费	化验收入	2.诊断类：(6)实验室诊断费
CAM09RC1	Rh阴性确诊试验-卡式柱凝集法					化验费	化验收入	2.诊断类：(6)实验室诊断费
CAM10DB1	红细胞血型基因分型检测-聚合酶链反应后电泳法	CAMC1000	ABO血型核酸扩增定性检测			化验费	化验收入	2.诊断类：(6)实验室诊断费
CAM10RC1	红细胞抗体筛查-卡式柱凝集法	CAMN1000	红细胞抗体筛查	260000007	血型单特异性抗体鉴定	化验费	化验收入	2.诊断类：(6)实验室诊断费
CAM11001	混合淋巴细胞培养	CANQ1000	混合淋巴细胞培养(MCL)	310800003	混合淋巴细胞培养	化验费	化验收入	2.诊断类：(6)实验室诊断费
CAM11RA1	淋巴细胞毒试验-试管凝集法	CANG1000	淋巴细胞毒试验	260000020	淋巴细胞毒试验	化验费	化验收入	2.诊断类：(6)实验室诊断费
CAM12PN1	群体反应抗体确定试验-酶联免疫法	CANJ1000	群体反应抗体确定试验	260000021	群体反应抗体检测	化验费	化验收入	2.诊断类：(6)实验室诊断费
CAM12WD1	群体反应抗体确定试验-液相芯片法	CANJ1000	群体反应抗体确定试验	260000021	群体反应抗体检测	化验费	化验收入	2.诊断类：(6)实验室诊断费
		CANH1000	群体反应抗体筛查试验			化验费	化验收入	2.诊断类：(6)实验室诊断费
CAM13RA1	特殊血型抗原鉴定-试管凝集法	CAMM1000	特殊血型抗原鉴定	260000006	特殊血型抗原鉴定	化验费	化验收入	2.诊断类：(6)实验室诊断费
CAM13RC1	特殊血型抗原鉴定-卡式柱凝集法					化验费	化验收入	2.诊断类：(6)实验室诊断费
				260000008	血型抗体特异性鉴定(吸收试验)	化验费	化验收入	2.诊断类：(6)实验室诊断费
CAM14RA1	血小板(HPA)抗体检测-试管凝集法	CANC1000	血小板(HPA)抗体检测	260000017	血小板特异性和组织相关融性(HLA)抗体检测	化验费	化验收入	2.诊断类：(6)实验室诊断费
CAM14WD1	血小板(HPA)抗体检测-液相芯片法	CANC1000	血小板(HPA)抗体检测	260000017	血小板特异性和组织相关融性(HLA)抗体检测	化验费	化验收入	2.诊断类：(6)实验室诊断费
		CAMZ5000	唾液ABH血型物质测定	260000014	唾液ABH血型物质测定	化验费	化验收入	2.诊断类：(6)实验室诊断费
CAM15PN1	血小板交叉配合试验-酶联免疫法	CANF1000	血小板交叉配合试验	260000019	血小板交叉配合试验	化验费	化验收入	2.诊断类：(6)实验室诊断费
CAM15RB1	血小板交叉配合试验-微孔板凝集法					化验费	化验收入	2.诊断类：(6)实验室诊断费
CAM15RC1	血小板交叉配合试验-卡式柱凝集法					化验费	化验收入	2.诊断类：(6)实验室诊断费
CAM16PN1	血小板特异性抗体检测-酶联免疫法	CANB1000	血小板特异性和组织相关融性(HLA)抗体检测	260000017	血小板特异性和组织相关融性(HLA)抗体检测	化验费	化验收入	2.诊断类：(6)实验室诊断费
CAM16RA1	血型特异性抗体鉴定-试管凝集法	CAMP1000	血型特异性抗体鉴定	260000009	血型抗体特异性鉴定(放散试验)	化验费	化验收入	2.诊断类：(6)实验室诊断费
CAM16RC1	血型特异性抗体鉴定-卡式柱凝集法			260000008	血型抗体特异性鉴定(吸收试验)	化验费	化验收入	2.诊断类：(6)实验室诊断费
CAM17RA1	疑难交叉配血-试管凝集法	CAMY1000	疑难交叉配血	260000013	疑难交叉配血	化验费	化验收入	2.诊断类：(6)实验室诊断费
CAM17RC1	疑难交叉配血-卡式柱凝集法	CAMY1000	疑难交叉配血	260000013	疑难交叉配血	化验费	化验收入	2.诊断类：(6)实验室诊断费
CAM18PN1	组织相容性(HLA)抗体检测-酶联免疫法	CANL1000	组织相容性(HLA)抗体检测	260000016	白细胞特异性和组织相关融性(HLA)抗体检测	化验费	化验收入	2.诊断类：(6)实验室诊断费
CAM18RA1	组织相容性(HLA)抗体检测-试管凝集法	CANL1000	组织相容性(HLA)抗体检测	260000016	白细胞特异性和组织相关融性(HLA)抗体检测	化验费	化验收入	2.诊断类：(6)实验室诊断费
CAN01001	HLA低分辨基因分型	CANN1000	HLA(低分辨)检测	260000022	人组织相容性抗原I类(HLA－I)分型	化验费	化验收入	2.诊断类：(6)实验室诊断费
				260000023	人组织相容性抗原II类(HLA－II)分型	化验费	化验收入	2.诊断类：(6)实验室诊断费
CAN02AB1	HLA高分辨基因分型-高通量测序法	CANP1000	HLA(高分辨)检测			化验费	化验收入	2.诊断类：(6)实验室诊断费
CAN02NA1	HLA高分辨基因分型-聚合酶链反应法			260000022	人组织相容性抗原I类(HLA－I)分型	化验费	化验收入	2.诊断类：(6)实验室诊断费
				260000023	人组织相容性抗原II类(HLA－II)分型	化验费	化验收入	2.诊断类：(6)实验室诊断费
CAN03001	HLA抗体特异性检测	CANM1000	HLA抗体特异性检测			化验费	化验收入	2.诊断类：(6)实验室诊断费
CAN04RA1	IgG ABO血型抗体效价测定-试管凝集法	CAMS1000	IgG血型(抗A)抗体效价测定	260000010	血型抗体效价测定	化验费	化验收入	2.诊断类：(6)实验室诊断费
CAN04RC1	IgG ABO血型抗体效价测定-卡式柱凝集法	CAMT1000	IgG血型(抗B)抗体效价测定			化验费	化验收入	2.诊断类：(6)实验室诊断费
		CAMU1000	IgG血型(抗D)抗体效价测定			化验费	化验收入	2.诊断类：(6)实验室诊断费
CAN05RA1	IgG其他血型抗体效价测定-试管凝集法	CAMV1000	IgG血型(抗E或抗e或抗C或抗c)抗体效价测定			化验费	化验收入	2.诊断类：(6)实验室诊断费
CAN05RC1	IgG其他血型抗体效价测定-卡式柱凝集法					化验费	化验收入	2.诊断类：(6)实验室诊断费
CAN06RA1	IgM血型(抗A)抗体效价测定-试管凝集法	CAMQ1000	IgM血型(抗A)抗体效价测定			化验费	化验收入	2.诊断类：(6)实验室诊断费
CAN06RC1	IgM血型(抗A)抗体效价测定-卡式柱凝集法					化验费	化验收入	2.诊断类：(6)实验室诊断费
CAN07RA1	IgM血型(抗B)抗体效价测定-试管凝集法	CAMR1000	IgM血型(抗B)抗体效价测定	260000010	血型抗体效价测定	化验费	化验收入	2.诊断类：(6)实验室诊断费
CAN07RC1	IgM血型(抗B)抗体效价测定-卡式柱凝集法					化验费	化验收入	2.诊断类：(6)实验室诊断费
CAN08DB1	RHD血型核酸扩增定性检测-聚合酶链反应后电泳法					化验费	化验收入	2.诊断类：(6)实验室诊断费
CAN09RA1	红细胞抗体筛查-试管凝集法					化验费	化验收入	2.诊断类：(6)实验室诊断费
CAN09RB1	红细胞抗体筛查-微孔板凝集法					化验费	化验收入	2.诊断类：(6)实验室诊断费
CAN10PF1	人类白细胞抗原(HLA)测定-流式细胞术	CANK1000	人类白细胞抗原(HLA)测定	250203068	人类白细胞抗原B27测定(HLA-B27)	化验费	化验收入	2.诊断类：(6)实验室诊断费
CAN11NA1	人类白细胞抗原B27(HLA-B27)测定-聚合酶链反应法					化验费	化验收入	2.诊断类：(6)实验室诊断费
CAN11PF1	人类白细胞抗原B27(HLA-B27)测定-流式细胞术					化验费	化验收入	2.诊断类：(6)实验室诊断费
CAN12RA1	生理盐水介质交叉配血-试管凝集法	CAMW1000	生理盐水介质交叉配血	260000011	盐水介质交叉配血	化验费	化验收入	2.诊断类：(6)实验室诊断费
CAN12RC1	生理盐水介质交叉配血-卡式柱凝集法					化验费	化验收入	2.诊断类：(6)实验室诊断费
CAN13RA1	特殊介质交叉配血-试管凝集法	CAMX1000	特殊介质交叉配血	260000012	特殊介质交叉配血	化验费	化验收入	2.诊断类：(6)实验室诊断费
CAN13RC1	特殊介质交叉配血-卡式柱凝集法					化验费	化验收入	2.诊断类：(6)实验室诊断费
CAN14RA1	唾液ABH血型物质测定-试管凝集法					化验费	化验收入	2.诊断类：(6)实验室诊断费
CAN14RC1	唾液ABH血型物质测定-卡式柱凝集法					化验费	化验收入	2.诊断类：(6)实验室诊断费
CAN15RC1	新生儿溶血病检测-卡式柱凝集法	CAND1000	ABO血型系统抗体致新生儿溶血病检测	260000018	红细胞系统血型抗体致新生儿溶血病检测	化验费	化验收入	2.诊断类：(6)实验室诊断费
CAN15RG1	新生儿溶血病检测-凝集法	CANE1000	Rh血型系统抗体致新生儿溶血病检测	260000018	红细胞系统血型抗体致新生儿溶血病检测	化验费	化验收入	2.诊断类：(6)实验室诊断费
CAN16RB1	血小板(HPA)抗体检测-微孔板凝集法	CANC1000	血小板(HPA)抗体检测	260000017	血小板特异性和组织相关融性(HLA)抗体检测	化验费	化验收入	2.诊断类：(6)实验室诊断费
CAN16RC1	血小板(HPA)抗体检测-卡式柱凝集法					化验费	化验收入	2.诊断类：(6)实验室诊断费
CAN17NA1	组织相容性(HLA)抗原检测-聚合酶链反应法(PCR)+流式细胞					化验费	化验收入	2.诊断类：(6)实验室诊断费
CC	术(二)临床体液检验							
CCA-CCB	1.尿液一般检验							
CCA01UD1	24小时尿胱氨酸定量试验-液相色谱法	CCBP2000	24小时尿胱氨酸定量试验	250102036	24小时尿胱氨酸测定	化验费	化验收入	2.诊断类：(6)实验室诊断费
CCA02FC1	苯丙酮尿定性试验-化学法	CCAS2000	苯丙酮尿定性试验	250102015	尿三氯化铁试验	化验费	化验收入	2.诊断类：(6)实验室诊断费
CCA03FC1	草酸测定-化学法	CCBW2000	尿草酸测定	250307025	尿草酸测定	化验费	化验收入	2.诊断类：(6)实验室诊断费
CCA04FC1	结石成份分析-化学法	CCBV2000	尿结石成份分析	250307023	尿结石成份分析	化验费	化验收入	2.诊断类：(6)实验室诊断费
CCA05VA1	莫氏浓缩稀释试验-比重法	CCAX2000	莫氏浓缩稀释试验	250102019	尿浓缩稀释试验	化验费	化验收入	2.诊断类：(6)实验室诊断费
CCA06VB1	尿本-周蛋白定性试验-沉淀法	CCAG2000	尿本-周蛋白定性试验	250102007	尿本-周氏蛋白定性检查	化验费	化验收入	2.诊断类：(6)实验室诊断费
CCA07VA1	尿比重测定-比重法	CCAC2000	尿比重测定	250102003	尿比重测定	化验费	化验收入	2.诊断类：(6)实验室诊断费
CCA07VG1	尿比重测定-折射计法					化验费	化验收入	2.诊断类：(6)实验室诊断费
CCA08FB1	尿卟啉定量测定-分光光度法	CCAV2000	尿卟啉定量测定	250102037	尿卟啉定量测定	化验费	化验收入	2.诊断类：(6)实验室诊断费
CCA08FE1	尿卟啉定性试验-荧光分光光度法	CCAU2000	尿卟啉定性试验	250102017	尿卟啉定性试验	化验费	化验收入	2.诊断类：(6)实验室诊断费
CCA08UD1	尿卟啉定性试验-液相色谱法					化验费	化验收入	2.诊断类：(6)实验室诊断费
CCA09GA1	尿常规化学分析-干化学法	CCAA2000	尿常规化学分析	250102001	尿常规检查	化验费	化验收入	2.诊断类：(6)实验室诊断费
CCA10MF1	尿沉渣白细胞分类-直接涂片染色镜检法	CCBH2000	尿沉渣白细胞分类	250102029	尿沉渣白细胞分类	化验费	化验收入	2.诊断类：(6)实验室诊断费
				250102030	尿十二小时E/C值测定	化验费	化验收入	2.诊断类：(6)实验室诊断费
				250102031	尿中病毒感染细胞检查	化验费	化验收入	2.诊断类：(6)实验室诊断费
CCA11MA1	尿沉渣镜检-数字图像分析法	CCBB2000	尿沉渣镜检	250102023	尿沉渣镜检	化验费	化验收入	2.诊断类：(6)实验室诊断费
CCA11MF1	尿沉渣镜检-直接涂片染色镜检法	CCBB2000	尿沉渣镜检	250102023	尿沉渣镜检	化验费	化验收入	2.诊断类：(6)实验室诊断费
CCA12MA1	尿沉渣图像分析-数字图像分析法	CCBC2000	尿沉渣图像分析			化验费	化验收入	2.诊断类：(6)实验室诊断费
CCA13FC1	尿胆红素定性试验-化学法	CCAN2000	尿胆红素定性试验	250102013	尿三胆检查	化验费	化验收入	2.诊断类：(6)实验室诊断费
CCA14FC1	尿胆素定性试验-化学法	CCAQ2000	尿胆素定性试验			化验费	化验收入	2.诊断类：(6)实验室诊断费
CCA15FC1	尿胆原定性试验-化学法	CCAP2000	尿胆原定性试验			化验费	化验收入	2.诊断类：(6)实验室诊断费
CCA16GA1	尿蛋白定量测定-干化学法	CCAF2000	尿蛋白定量	250102006	尿蛋白定量	化验费	化验收入	2.诊断类：(6)实验室诊断费
CCA17FC1	尿蛋白定性试验-化学法	CCAE2000	尿蛋白定性试验	250102005	尿蛋白定性	化验费	化验收入	2.诊断类：(6)实验室诊断费
CCA18FB1	尿酚红排泄(PSP)试验-分光光度法	CCAY2000	尿酚红排泄(PSP)试验	250102020	尿酚红排泄试验(PSP)	化验费	化验收入	2.诊断类：(6)实验室诊断费
				250102028	一小时尿细胞排泄率	化验费	化验收入	2.诊断类：(6)实验室诊断费
CCA19FC1	尿胱氨酸定性试验-化学法	CCBN2000	尿胱氨酸定性试验			化验费	化验收入	2.诊断类：(6)实验室诊断费
CCA20FC1	尿含铁血黄素定性试验-化学法	CCAR8000	尿含铁血黄素定性试验	250102014	尿含铁血黄素定性试验	化验费	化验收入	2.诊断类：(6)实验室诊断费
CCA21FC1	尿黑色素试验-化学法	CCAW2000	尿黑色素试验	250102018	尿黑色素测定	化验费	化验收入	2.诊断类：(6)实验室诊断费
CCA22MB1	尿红细胞形态检查-相差显微镜法	CCBK2000	尿红细胞形态检查	250102034	尿红细胞位相	化验费	化验收入	2.诊断类：(6)实验室诊断费
CCA23FC1	尿肌红蛋白定性试验-化学法	CCAH2000	尿肌红蛋白定性试验	250102008	尿肌红蛋白定性检查	化验费	化验收入	2.诊断类：(6)实验室诊断费
				250307021	尿氨测定	化验费	化验收入	2.诊断类：(6)实验室诊断费
CCA24BA1	尿可滴定酸测定-滴定法	CCBU2000	尿可滴定酸测定	250307022	尿可滴定酸测定	化验费	化验收入	2.诊断类：(6)实验室诊断费
CCA25001	尿浓缩试验	CCBQ2000	尿浓缩试验	250307017	尿浓缩试验	化验费	化验收入	2.诊断类：(6)实验室诊断费
CCA26LB1	尿三杯试验-光学显微镜法	CCBF2000	尿三杯试验	250102026	尿三杯试验	化验费	化验收入	2.诊断类：(6)实验室诊断费
CCA27MB1	尿闪光细胞检验-相差显微镜法	CCBL2000	尿闪光细胞检验			化验费	化验收入	2.诊断类：(6)实验室诊断费
CCB01001	5-羟吲哚乙酸测定					化验费	化验收入	2.诊断类：(6)实验室诊断费
CCB02FC1	碱负荷试验-化学法	CCBS2000	碱负荷试验	250307019	碱负荷试验	化验费	化验收入	2.诊断类：(6)实验室诊断费
CCB03MA1	尿沉渣白细胞分类-数字图像分析法	CCBH2000	尿沉渣白细胞分类	250102029	尿沉渣白细胞分类	化验费	化验收入	2.诊断类：(6)实验室诊断费
CCB04FB1	尿蛋白定量测定-分光光度法			311502003	尿MHPG测定	化验费	化验收入	2.诊断类：(6)实验室诊断费
CCB05FC1	尿酸碱度检查-化学法			250102002	尿酸碱度测定	化验费	化验收入	2.诊断类：(6)实验室诊断费
CCB05GA1	尿酸碱度检测-干化学法	CCAB2000	尿酸碱度检查			化验费	化验收入	2.诊断类：(6)实验室诊断费
CCB06FB1	尿糖定量测定-分光光度法	CCAL2000	尿糖定量测定	250102011	尿糖定量测定	化验费	化验收入	2.诊断类：(6)实验室诊断费
CCB06FC1	尿糖定性试验-化学法	CCAK2000	尿糖定性试验	250102010	尿糖定性试验	化验费	化验收入	2.诊断类：(6)实验室诊断费
CCB07FC1	尿酮体定性试验-化学法	CCAM2000	尿酮体定性试验	250102012	尿酮体定性试验	化验费	化验收入	2.诊断类：(6)实验室诊断费
CCB08FC1	尿血红蛋白定性试验-化学法	CCAJ2000	尿血红蛋白定性试验	250102009	尿血红蛋白定性检查	化验费	化验收入	2.诊断类：(6)实验室诊断费
CCB08PS1	尿血红蛋白定性试验-膜免疫法					化验费	化验收入	2.诊断类：(6)实验室诊断费
CCB09PG1	尿液11-脱氧血栓B2测定-酶联免疫吸附法					化验费	化验收入	2.诊断类：(6)实验室诊断费
CCB10LB1	尿液爱迪氏(Addis)计数-光学显微镜法	CCBE2000	尿液爱迪氏(Addis)计数	250102025	尿液爱迪氏计数(Addis)	化验费	化验收入	2.诊断类：(6)实验室诊断费
CCB11001	尿液理学检查	CCBM2000	尿常规目测检查	250102035	尿液分析	化验费	化验收入	2.诊断类：(6)实验室诊断费
CCB12PF1	尿有形成分分析-流式细胞术	CCBD2000	尿有形成分分析	250102024	尿沉渣定量	化验费	化验收入	2.诊断类：(6)实验室诊断费
CCB13MF1	尿中包涵体细胞检查-直接涂片染色镜检法	CCBJ2000	尿中包涵体细胞检查	250102032	尿中包涵体检查	化验费	化验收入	2.诊断类：(6)实验室诊断费
CCB14PS1	排卵预测(LH)-膜免疫法	CCBA2000	排卵预测(LH)	250102022	卵泡刺激素(LH)排卵预测	化验费	化验收入	2.诊断类：(6)实验室诊断费
CCB15FC1	乳糜定性试验-化学法	CCAT8000	乳糜定性试验	250102016	尿乳糜定性检查	化验费	化验收入	2.诊断类：(6)实验室诊断费
CCB16VF1	渗透压测定-渗透压计法	CCAD8000	渗透压检查	250102004	渗透压检查	化验费	化验收入	2.诊断类：(6)实验室诊断费
CCB17FC1	酸负荷试验-化学法	CCBR2000	酸负荷试验	250307018	酸负荷试验	化验费	化验收入	2.诊断类：(6)实验室诊断费
CCB18BA1	碳酸氢盐(HCO3)测定-滴定法	CCBT2000	碳酸氢盐(HCO3)测定	250307020	尿碳酸氢盐(HCO3)测定	化验费	化验收入	2.诊断类：(6)实验室诊断费
CCB19PS1	特异人绒毛膜促性腺激素(HCG)试验-膜免疫法定性	CCAZ2000	特异人绒毛膜促性腺激素(HCG)试验	250102021	尿妊娠试验	化验费	化验收入	2.诊断类：(6)实验室诊断费
CCB20LB1	一小时尿沉渣计数-光学显微镜法	CCBG2000	一小时尿沉渣计数	250102027	一小时尿沉渣计数	化验费	化验收入	2.诊断类：(6)实验室诊断费
CCC	2.粪便检验							
CCC01MA1	粪便常规检查-数字图像分析法	CCCA3000	粪便常规检查	250103001	粪便常规	化验费	化验收入	2.诊断类：(6)实验室诊断费
CCC01ME1	粪便常规检查-直接涂片镜检法					化验费	化验收入	2.诊断类：(6)实验室诊断费
CCC02FC1	粪便乳糖不耐受检测-化学法	CCCD3000	粪便乳糖不耐受测定	250103004	粪便乳糖不耐受测定	化验费	化验收入	2.诊断类：(6)实验室诊断费
CCC03FC1	粪便乳糖定量测定-化学法					化验费	化验收入	2.诊断类：(6)实验室诊断费
CCC04PK1	粪便血红蛋白定量测定-免疫荧光法					化验费	化验收入	2.诊断类：(6)实验室诊断费
CCC05FC1	粪便脂肪定量测定-化学法	CCCF3000	粪便脂肪定量测定	250103006	粪便脂肪定量	化验费	化验收入	2.诊断类：(6)实验室诊断费
CCC06FC1	粪胆素检测-化学法	CCCC3000	粪胆素检查	250103003	粪胆素检查	化验费	化验收入	2.诊断类：(6)实验室诊断费
CCC07PK1	钙卫蛋白测定-免疫荧光法					化验费	化验收入	2.诊断类：(6)实验室诊断费
CCC08MF1	苏丹Ⅲ染色检测-直接涂片染色镜检法	CCCE3000	粪苏丹Ⅲ染色检查	250103005	粪苏丹III染色检查	化验费	化验收入	2.诊断类：(6)实验室诊断费
CCC09FC1	隐血检测-化学法	CCCB8000	隐血试验	250103002	隐血试验	化验费	化验收入	2.诊断类：(6)实验室诊断费
CCC09PE1	隐血检测-胶体金免疫层析法					化验费	化验收入	2.诊断类：(6)实验室诊断费
CCD	3.穿刺液检验							
CCD01ME1	穿刺液及引流液常规检查-直接涂片镜检法	CCDH8000	穿刺液及引流液常规检查	250104019	各种穿刺液常规检查	化验费	化验收入	2.诊断类：(6)实验室诊断费
CCD02ME1	脑脊液(CSF)常规细胞计数检查-直接涂片镜检法	CCDC4000	脑脊液(CSF)常规细胞计数检查	250104003	脑脊液常规检查(CSF)	化验费	化验收入	2.诊断类：(6)实验室诊断费
CCD03FC1	脑脊液蛋白定性检测-化学法	CCDE4000	脑脊液蛋白定性测定			化验费	化验收入	2.诊断类：(6)实验室诊断费
CCD04FC1	脑脊液糖定性检测-化学法	CCDD4000	脑脊液糖定性测定			化验费	化验收入	2.诊断类：(6)实验室诊断费
CCD05ME1	脑脊液细胞学检查-直接涂片镜检法	CCDF4000	脑脊液细胞学检查			化验费	化验收入	2.诊断类：(6)实验室诊断费
CCD06EA1	胸腹水常规检查-电阻抗法	CCDA4000	胸腹水常规检查	250104001	胸腹水常规检查	化验费	化验收入	2.诊断类：(6)实验室诊断费
CCD06VA1	胸腹水常规检查-比重法					化验费	化验收入	2.诊断类：(6)实验室诊断费
CCD07ME1	胸腹水常规检查-直接涂片镜检法	CCDA4000	胸腹水常规检查	250104001	胸腹水常规检查	化验费	化验收入	2.诊断类：(6)实验室诊断费
CCD07PC1	胸腹水常规检查-透射比浊免疫法					化验费	化验收入	2.诊断类：(6)实验室诊断费
CCD08ME1	胸腹水细胞学检查-直接涂片镜检法	CCDB4000	胸腹水细胞学检查	250104002	胸腹水特殊检查	化验费	化验收入	2.诊断类：(6)实验室诊断费
CCD09ME1	羊水结晶检查-直接涂片镜检法	CCDG4000	羊水结晶检查	250104015	羊水结晶检查	化验费	化验收入	2.诊断类：(6)实验室诊断费
CCE-CCF	4.分泌物检验							
CCE01DA1	精浆(全精)乳酸脱氢酶X同工酶定量测定-电泳法	CCFD5000	精浆(全精)乳酸脱氢酶X同工酶定量检定	250104028	精浆(全精)乳酸脱氢酶X同工酶定量检测	化验费	化验收入	2.诊断类：(6)实验室诊断费
CCE02PG1	精浆弹性硬蛋白酶定量测定-酶联免疫吸附法	CCFE5000	精浆弹性硬蛋白酶定量测定	250104027	精浆弹性硬蛋白酶定量测定	化验费	化验收入	2.诊断类：(6)实验室诊断费
CCE03FC1	精浆果糖定性检测-化学法	CCEQ5000	精浆果糖定性试验	250104006	精液果糖测定	化验费	化验收入	2.诊断类：(6)实验室诊断费
		CCEN5000	精液果糖定量试验			化验费	化验收入	2.诊断类：(6)实验室诊断费
CCE04FC1	精浆卵磷脂测定-化学法			250104022	精液卵磷脂测定	化验费	化验收入	2.诊断类：(6)实验室诊断费
				250104023	精液渗透压测定	化验费	化验收入	2.诊断类：(6)实验室诊断费
				250104024	精子速度激光测定	化验费	化验收入	2.诊断类：(6)实验室诊断费
				250104034	精子膜凝集素受体定量检测	化验费	化验收入	2.诊断类：(6)实验室诊断费
CCE05FC1	精浆柠檬酸测定-化学法	CCFC5000	精浆柠檬酸测定	250104032	精浆柠檬酸测定	化验费	化验收入	2.诊断类：(6)实验室诊断费
CCE06FC1	精浆锌测定-化学法	CCFB5000	精浆锌测定	250104031	精浆锌测定	化验费	化验收入	2.诊断类：(6)实验室诊断费
CCE07FC1	精浆中性α-葡萄糖苷酶测定-化学法	CCEP5000	精浆中性α-葡萄糖苷酶测定	250104029	精浆中性a－葡萄糖苷酶活性测定	化验费	化验收入	2.诊断类：(6)实验室诊断费
				250104007	精液α－葡萄糖苷酶测定	化验费	化验收入	2.诊断类：(6)实验室诊断费
CCE08ME1	精液白细胞染色检查-直接涂片镜检法	CCFA5000	精液白细胞染色检查	250104030	精液白细胞过氧化物酶染色检查	化验费	化验收入	2.诊断类：(6)实验室诊断费
CCE09ME1	精液常规检查-直接涂片镜检法	CCEL5000	精液常规检查	250104004	精液常规检查	化验费	化验收入	2.诊断类：(6)实验室诊断费
CCE10ME1	精液免疫珠(IBT)检测-直接涂片镜检法	CCFG5000	精液免疫珠(IBT)试验	250104033	精子膜表面抗体免疫珠试验	化验费	化验收入	2.诊断类：(6)实验室诊断费
CCE11FC1	精液酸性磷酸酶测定-化学法	CCEM5000	精液酸性磷酸酶测定	250104005	精液酸性磷酸酶测定	化验费	化验收入	2.诊断类：(6)实验室诊断费
CCE12MA1	精液图像分析-数字图像分析法	CCER5000	精液图像分析			化验费	化验收入	2.诊断类：(6)实验室诊断费
CCE13PF1	精子DNA碎片测定-流式细胞术					化验费	化验收入	2.诊断类：(6)实验室诊断费
CCE14MA1	精子DNA碎片测定-数字图像分析法					化验费	化验收入	2.诊断类：(6)实验室诊断费
CCE15FC1	精子顶体酶活性定量测定-化学法	CCEW5000	精子顶体酶活性定量测定	250104026	精子顶体酶活性定量测定	化验费	化验收入	2.诊断类：(6)实验室诊断费
CCE16ME1	精子顶体完整率检查-直接涂片镜检法	CCEU5000	精子顶体完整率检查	250104009	精子顶体完整率检查	化验费	化验收入	2.诊断类：(6)实验室诊断费
				250104010	精子受精能力测定	化验费	化验收入	2.诊断类：(6)实验室诊断费
				250104011	精子结合抗体测定	化验费	化验收入	2.诊断类：(6)实验室诊断费
CCE17ME1	精子核DNA完整性检查-直接涂片镜检法					化验费	化验收入	2.诊断类：(6)实验室诊断费
CCE18ME1	精子核蛋白染色检查-直接涂片镜检法					化验费	化验收入	2.诊断类：(6)实验室诊断费
CCE19ME1	精子核蛋白组型转换检查-直接涂片镜检法					化验费	化验收入	2.诊断类：(6)实验室诊断费
CCE20ME1	精子混合抗球蛋白反应(MAR)检查-直接涂片镜检法	CCEX5000	精子混合抗球蛋白反应(MAR)实验			化验费	化验收入	2.诊断类：(6)实验室诊断费
CCE21ME1	精子活体染色检查-直接涂片镜检法					化验费	化验收入	2.诊断类：(6)实验室诊断费
CCE22FC1	精子活性氧检测-化学法					化验费	化验收入	2.诊断类：(6)实验室诊断费
CCE23ME1	精子畸形率检查-直接涂片镜检法	CCET5000	精子畸形率测定	250104012	精子畸形率测定	化验费	化验收入	2.诊断类：(6)实验室诊断费
CCE24MC1	精子酪氨酸磷酸化测定-荧光显微镜法					化验费	化验收入	2.诊断类：(6)实验室诊断费
CCE25ME1	精子凝集检查-直接涂片镜检法	CCEY5000	精子凝集试验	250104021	精子凝集试验	化验费	化验收入	2.诊断类：(6)实验室诊断费
CCE26ME1	精子染色人工形态检查-直接涂片镜检法					化验费	化验收入	2.诊断类：(6)实验室诊断费
CCE27ME1	精子透明质酸结合检查-直接涂片镜检法					化验费	化验收入	2.诊断类：(6)实验室诊断费
CCE28MB1	精子尾部低渗肿胀检查-相差显微镜法	CCEV5000	精子尾部低渗肿胀试验	250104020	精子低渗肿胀试验	化验费	化验收入	2.诊断类：(6)实验室诊断费
CCE29MB1	精子运动轨迹分析-相差显微镜法	CCES5000	精子运动轨迹分析	250104008	精子运动轨迹分析	化验费	化验收入	2.诊断类：(6)实验室诊断费
CCE30ME1	抗精子抗体混合凝集检查-直接涂片镜检法	CCFF5000	抗精子抗体混合凝集试验	250104035	抗精子抗体混合凝集试验	化验费	化验收入	2.诊断类：(6)实验室诊断费
CCE31ME1	前列腺液常规检查-直接涂片镜检法	CCEA5000	前列腺液常规检查	250104013	前列腺液常规检查	化验费	化验收入	2.诊断类：(6)实验室诊断费
CCF01ME1	精子爬高检测-直接涂片镜检法	CCEZ5000	精子爬高试验	250104025	精子爬高试验	化验费	化验收入	2.诊断类：(6)实验室诊断费
CCF02ME1	十二指肠引流液及胆汁检查-直接涂片镜检法	CCEJ5000	十二指肠引流液及胆汁检查	250104017	十二指肠引流液及胆汁检查	化验费	化验收入	2.诊断类：(6)实验室诊断费
CCF03ME1	痰液常规检查-直接涂片镜检法	CCEK5000	痰液常规检查	250104018	痰液常规检查	化验费	化验收入	2.诊断类：(6)实验室诊断费
CCF04BA1	胃酸测定-滴定法	CCEH5000	胃酸分析			化验费	化验收入	2.诊断类：(6)实验室诊断费
CCF05ME1	胃液常规检查-直接涂片镜检法	CCEG5000	胃液常规检查	250104016	胃液常规检查	化验费	化验收入	2.诊断类：(6)实验室诊断费
CCF06FC1	阴道分泌物胺检测-化学法	CCEE5000	阴道分泌物胺测定			化验费	化验收入	2.诊断类：(6)实验室诊断费
CCF07FC1	阴道分泌物过氧化氢测定-化学法	CCED5000	阴道分泌物过氧化氢检测			化验费	化验收入	2.诊断类：(6)实验室诊断费
CCF08ME1	阴道分泌物检查-直接涂片镜检法	CCEB5000	阴道分泌物检查	250104014	阴道分泌物检查	化验费	化验收入	2.诊断类：(6)实验室诊断费
CCF09PE1	阴道分泌物可溶性细胞间粘附分子-1检测-胶体金免疫层析法					化验费	化验收入	2.诊断类：(6)实验室诊断费
CCF10GA1	阴道分泌物酶类检测-干化学法					化验费	化验收入	2.诊断类：(6)实验室诊断费
CCF11GA1	阴道分泌物凝固酶检测-干化学法					化验费	化验收入	2.诊断类：(6)实验室诊断费
CCF12ME1	阴道分泌物细胞学检查-直接涂片镜检法	CCEC5000	阴道分泌物细胞学检查			化验费	化验收入	2.诊断类：(6)实验室诊断费
CCF13ME1	阴道分泌物有形成分检查-直接涂片镜检法					化验费	化验收入	2.诊断类：(6)实验室诊断费
		CCEF5000	阴道分泌物白细胞酯酶检测			化验费	化验收入	2.诊断类：(6)实验室诊断费
CCF14FC1	阴道微生态检测-化学法					化验费	化验收入	2.诊断类：(6)实验室诊断费
CCF15MC1	诱发精子顶体反应测定-荧光显微镜法					化验费	化验收入	2.诊断类：(6)实验室诊断费
CE	(三)临床化学检验							
CEA-CEB	1.蛋白质及多肽类检验							
CEA01001	Ⅰ型胶原氨基端肽(NTx)测定	CEBL2000	Ⅰ型胶原氨基端肽(NTx)测定	250311002	尿NTx测定	化验费	化验收入	2.诊断类：(6)实验室诊断费
CEA02001	Ⅰ型胶原羧基端前肽(PICP)测定	CEBM1000	Ⅰ型胶原羧基端前肽(PICP)测定	250311005	I型胶原羧基端前肽(PICP)测定	化验费	化验收入	2.诊断类：(6)实验室诊断费
CEA03001	Ⅰ型胶原羧基端肽(CTx)测定	CEBK2000	Ⅰ型胶原羧基端肽(CTx)测定	250311001	尿CTx测定	化验费	化验收入	2.诊断类：(6)实验室诊断费
CEA04001	Ⅲ型胶原测定	CEBF1000	Ⅲ型胶原(CGⅢ)测定	250305019	血清Ⅲ型胶原测定	化验费	化验收入	2.诊断类：(6)实验室诊断费
CEA05001	Ⅲ型前胶原肽(PⅢP)测定	CEBJ8000	Ⅲ型前胶原肽(PⅢP)测定	250305026	人Ⅲ型前胶原肽(PⅢP)测定	化验费	化验收入	2.诊断类：(6)实验室诊断费
CEA06001	Ⅳ型胶原测定	CEBG1000	Ⅳ型胶原(CGⅣ)测定	250305018	血清Ⅳ型胶原测定	化验费	化验收入	2.诊断类：(6)实验室诊断费
CEA07001	T-H糖蛋白测定	CEBA2000	T-H糖蛋白测定	250307030	T-H糖蛋白测定	化验费	化验收入	2.诊断类：(6)实验室诊断费
CEA08001	α1微球蛋白(α1-MG)测定	CEAR8000	α1微球蛋白(α1-MG)测定	250307008	尿α1微量球蛋白测定	化验费	化验收入	2.诊断类：(6)实验室诊断费
				250307029	α1-微球蛋白测定	化验费	化验收入	2.诊断类：(6)实验室诊断费
CEA09001	α2巨球蛋白测定	CEAT8000	α2巨球蛋白测定	250203067	α2-巨球蛋白测定	化验费	化验收入	2.诊断类：(6)实验室诊断费
				250301016	α巨球蛋白测定	化验费	化验收入	2.诊断类：(6)实验室诊断费
CEA10001	β2微球蛋白(β2-MG)测定	CEAS8000	β2微球蛋白(β2-MG)测定	250301014	β2微球蛋白测定	化验费	化验收入	2.诊断类：(6)实验室诊断费
				250307009		化验费	化验收入	2.诊断类：(6)实验室诊断费
CEA11001	白蛋白(Alb)测定	CEAE8000	白蛋白(Alb)测定	250301002	血清白蛋白测定	化验费	化验收入	2.诊断类：(6)实验室诊断费
CEA12001	层粘连蛋白(LN)测定	CEBQ1000	层粘连蛋白(LN)测定	250305020	血清层粘连蛋白测定	化验费	化验收入	2.诊断类：(6)实验室诊断费
CEA13001	蛋白电泳测定	CEAF1000	血清蛋白电泳测定	250301004	血清蛋白电泳	化验费	化验收入	2.诊断类：(6)实验室诊断费
		CEAG2000	尿液蛋白电泳测定	250307010	尿蛋白电泳分析	化验费	化验收入	2.诊断类：(6)实验室诊断费
CEA14001	淀粉样蛋白测定	CEAW1000	淀粉样蛋白测定	250301019	血清淀粉样蛋白测定(SAA)	化验费	化验收入	2.诊断类：(6)实验室诊断费
CEA15001	肝纤维化壳酶蛋白检测					化验费	化验收入	2.诊断类：(6)实验室诊断费
CEA16001	肝型脂肪酸结合蛋白(L-FABP)检测					化验费	化验收入	2.诊断类：(6)实验室诊断费
CEA17001	高敏C反应蛋白(hs-CRP)测定	CEAU1000	超敏C反应蛋白(hs-CRP)测定	250301017	超敏C反应蛋白测定	化验费	化验收入	2.诊断类：(6)实验室诊断费
CEA18001	寡克隆蛋白电泳	CEAQ4000	寡克隆蛋白电泳分析	250301011	脑脊液寡克隆电泳分析	化验费	化验收入	2.诊断类：(6)实验室诊断费
				250301013	脑脊液IgG测定	化验费	化验收入	2.诊断类：(6)实验室诊断费
CEA19001	寡克隆蛋白鞘内合成率测定					化验费	化验收入	2.诊断类：(6)实验室诊断费
CEA20001	肌钙蛋白T(TnT)测定	CEAX1000	肌钙蛋白T(TnT)测定	250306008	血清肌钙蛋白T测定	化验费	化验收入	2.诊断类：(6)实验室诊断费
CEA21001	肌红蛋白(Mb)测定	CEAZ8000	肌红蛋白(Mb)测定	250306010	血清肌红蛋白测定	化验费	化验收入	2.诊断类：(6)实验室诊断费
CEA22001	可溶性生长刺激表达基因2蛋白测定					化验费	化验收入	2.诊断类：(6)实验室诊断费
CEA23001	可溶性转铁蛋白受体(sTfR)测定	CEAN1000	可溶性转铁蛋白受体(sTfR)测定	250301009	可溶性转铁蛋白受体测定	化验费	化验收入	2.诊断类：(6)实验室诊断费
CEA24001	免疫固定电泳	CEAH8000	免疫固定电泳测定	250301005	免疫固定电泳	化验费	化验收入	2.诊断类：(6)实验室诊断费
CEA25001	前白蛋白(PA)测定	CEAJ8000	前白蛋白(PA)测定	250301006	血清前白蛋白测定	化验费	化验收入	2.诊断类：(6)实验室诊断费
CEA26001	去唾液酸糖蛋白受体片段(SH2a)测定					化验费	化验收入	2.诊断类：(6)实验室诊断费
CEA27001	缺血修饰白蛋白(IMA)测定					化验费	化验收入	2.诊断类：(6)实验室诊断费
CEA28001	妊娠相关蛋白(PAPPA)测定	CEAD1000	妊娠相关蛋白A(PAPP)测定			化验费	化验收入	2.诊断类：(6)实验室诊断费
CEA29001	视黄醇结合蛋白(RBP)测定	CEAV8000	视黄醇结合蛋白(RBP)测定	250301018	视黄醇结合蛋白测定	化验费	化验收入	2.诊断类：(6)实验室诊断费
CEA30001	酸性铁蛋白(AIF)测定	CEAM1000	酸性铁蛋白(AIF)测定	250301008	血清铁蛋白测定	化验费	化验收入	2.诊断类：(6)实验室诊断费
CEA31001	糖基化终产物无创检测					化验费	化验收入	2.诊断类：(6)实验室诊断费
CEB01001	Ⅰ型胶原吡啶交联终肽(ICTP)测定	CEBN1000	Ⅰ型胶原吡啶交联终肽(ICTP)测定	250404021	I型胶原吡啶交联终肽测定(ICTP)	化验费	化验收入	2.诊断类：(6)实验室诊断费
CEB02001	触珠蛋白检测	CEBU1000	触珠蛋白测定	250404018	触珠蛋白测定	化验费	化验收入	2.诊断类：(6)实验室诊断费
CEB03001	酸性糖蛋白测定	CEBV1000	酸性糖蛋白测定	250404019	酸性糖蛋白测定	化验费	化验收入	2.诊断类：(6)实验室诊断费
CEB04001	唐氏综合征二联筛查	CEBX1000	唐氏综合征二联筛查	250700010	唐氏综合症筛查	化验费	化验收入	2.诊断类：(6)实验室诊断费
CEB05001	唐氏综合征三联筛查	CEBW1000	唐氏综合征三联筛查			化验费	化验收入	2.诊断类：(6)实验室诊断费
CEB06001	糖化白蛋白(GA)测定	CEBB1000	糖化白蛋白(GA)测定	250302002	血清果糖胺测定	化验费	化验收入	2.诊断类：(6)实验室诊断费
CEB07001	糖化血红蛋白(HbA1c)测定	CEBD1000	糖化血红蛋白(HbA1c)测定	250302003	糖化血红蛋白测定	化验费	化验收入	2.诊断类：(6)实验室诊断费
CEB08001	糖化血清蛋白(GSP)测定	CEBC1000	糖化血清蛋白(GSP)测定	250302002	血清果糖胺测定	化验费	化验收入	2.诊断类：(6)实验室诊断费
CEB09001	糖缺失性转铁蛋白(CDT)测定	CEBS1000	糖缺失性转铁蛋白(CDT)检测	250305030	糖缺失性转铁蛋白(CDT)检测	化验费	化验收入	2.诊断类：(6)实验室诊断费
CEB10001	铁蛋白检测	CEAK1000	铁蛋白(Fer)测定	250404015	铁蛋白测定	化验费	化验收入	2.诊断类：(6)实验室诊断费
CEB11001	透明质酸(HA)测定	CEBH8000	透明质酸(HA)测定	250305022	血清透明质酸酶测定	化验费	化验收入	2.诊断类：(6)实验室诊断费
				250307026	尿透明质酸酶测定	化验费	化验收入	2.诊断类：(6)实验室诊断费
CEB12001	晚期糖基化终产物检测					化验费	化验收入	2.诊断类：(6)实验室诊断费
				250301012	脑脊液白蛋白测定	化验费	化验收入	2.诊断类：(6)实验室诊断费
CEB13001	微量白蛋白(mAlb)测定	CEAC8000	微量白蛋白(mAlb)测定	250307006	尿微量白蛋白测定	化验费	化验收入	2.诊断类：(6)实验室诊断费
CEB14001	微量总蛋白(mTP)测定	CEAB8000	微量总蛋白(mTP)测定	250301010	脑脊液总蛋白测定	化验费	化验收入	2.诊断类：(6)实验室诊断费
CEB15001	纤维连接蛋白(FN)测定	CEBR8000	纤维连接蛋白(FN)测定	250305021	血清纤维连接蛋白测定	化验费	化验收入	2.诊断类：(6)实验室诊断费
CEB16001	心肌肌钙蛋白Ⅰ(cTnI)测定	CEAY1000	肌钙蛋白Ⅰ(TnI)测定	250306009	血清肌钙蛋白Ⅰ测定	化验费	化验收入	2.诊断类：(6)实验室诊断费
CEB17001	心型脂肪酸结合蛋白(H-FABP)测定					化验费	化验收入	2.诊断类：(6)实验室诊断费
CEB18001	粘蛋白测定	CEBE1000	粘蛋白测定	250301003	血清粘蛋白测定	化验费	化验收入	2.诊断类：(6)实验室诊断费
CEB19001	粘多糖测定					化验费	化验收入	2.诊断类：(6)实验室诊断费
CEB20001	中枢神经特异蛋白(S100β)测定	CEBT1000	中枢神经特异蛋白(S100β)测定	250309010	中枢神经特异蛋白(S100β)测定	化验费	化验收入	2.诊断类：(6)实验室诊断费
CEB21001	中性粒细胞明胶酶相关脂质运载蛋白测定					化验费	化验收入	2.诊断类：(6)实验室诊断费
CEB22001	中性粒细胞载脂蛋白(HNL)检测					化验费	化验收入	2.诊断类：(6)实验室诊断费
				250307007	尿转铁蛋白测定	化验费	化验收入	2.诊断类：(6)实验室诊断费
CEB23001	转铁蛋白(TF)测定	CEAL8000	转铁蛋白(TF)测定	250301007	血清转铁蛋白测定	化验费	化验收入	2.诊断类：(6)实验室诊断费
CEB24001	总Ⅰ型胶原氨基端延长肽(Total-P1NP)测定	CEBP1000	总Ⅰ型胶原氨基端延长肽(Total-P1NP)测定			化验费	化验收入	2.诊断类：(6)实验室诊断费
CEB25001	总蛋白(TP)测定	CEAA8000	总蛋白(TP)测定	250301001	血清总蛋白测定	化验费	化验收入	2.诊断类：(6)实验室诊断费
CEB26001	总铁结合力(TIBC)测定	CEAP1000	总铁结合力(TIBC)测定	250304008	血清总铁结合力测定	化验费	化验收入	2.诊断类：(6)实验室诊断费
CEC-CED	2.酶及相关物质检验							
CEC01001	5′核苷酸酶(5′NT)测定	CECJ1000	5′核苷酸酶(5′NT)测定	250305016	血清5′核苷酸酶测定	化验费	化验收入	2.诊断类：(6)实验室诊断费
CEC02001	N-酰-β-D-氨基葡萄糖苷酶(NAG)测定	CEDK2000	N-酰-β-D-氨基葡萄糖苷酶(NAG)测定	250307011	尿N-酰-β-D-氨基葡萄糖苷酶测定	化验费	化验收入	2.诊断类：(6)实验室诊断费
CEC03001	α1抗胰蛋白酶(α1-AT)测定	CEDF8000	α1抗胰蛋白酶(α1-AT)测定	250301015	α1抗胰蛋白酶测定	化验费	化验收入	2.诊断类：(6)实验室诊断费
CEC04001	α-L-岩藻糖苷酶(AFU)测定	CECK1000	α-L-岩藻糖苷酶(AFU)测定	250305017	血清α-L-岩藻糖苷酶测定	化验费	化验收入	2.诊断类：(6)实验室诊断费
CEC05001	α羟基丁酸脱氢酶(α-HBD)测定	CECY1000	α羟基丁酸脱氢酶(α-HBD)测定	250306007	血清α羟基丁酸脱氢酶测定	化验费	化验收入	2.诊断类：(6)实验室诊断费
CEC06001	β-D-半乳糖苷酶测定	CEDL2000	尿β-D-半乳糖苷酶测定	250307012	尿β-D-半乳糖苷酶测定	化验费	化验收入	2.诊断类：(6)实验室诊断费
CEC07001	γ-谷氨酰基转移酶(GGT)测定	CECC8000	γ-谷氨酰基转移酶(GGT)测定	250305009	血清γ-谷氨酰基转移酶测定	化验费	化验收入	2.诊断类：(6)实验室诊断费
				250305010	血清γ-谷氨酰基转移酶同工酶电泳	化验费	化验收入	2.诊断类：(6)实验室诊断费
				250307013	尿γ-谷氨酰转移酶测定	化验费	化验收入	2.诊断类：(6)实验室诊断费
CEC08001	γ-谷氨酰转肽酶同工酶测定					化验费	化验收入	2.诊断类：(6)实验室诊断费
CEC09001	丙氨酸氨基转移酶(ALT)测定	CECA1000	丙氨酸氨基转移酶(ALT)测定	250305007	血清丙氨酸氨基转移酶测定	化验费	化验收入	2.诊断类：(6)实验室诊断费
CEC10001	丙氨酰氨基肽酶测定	CEDM2000	尿丙氨酰氨基肽酶测定	250307014	尿丙氨酰氨基肽酶	化验费	化验收入	2.诊断类：(6)实验室诊断费
CEC11001	超氧化物歧化酶(SOD)测定	CECZ1000	超氧化物歧化酶(SOD)测定	250307027	超氧化物歧化酶(SOD)测定	化验费	化验收入	2.诊断类：(6)实验室诊断费
CEC12001	单胺氧化酶(MAO)测定	CECH1000	单胺氧化酶(MAO)测定	250305015	血清单胺氧化酶测定	化验费	化验收入	2.诊断类：(6)实验室诊断费
CEC13001	胆碱脂酶(ChE)测定	CECG1000	胆碱脂酶(ChE)测定	250305014	血清胆碱脂酶测定	化验费	化验收入	2.诊断类：(6)实验室诊断费
CEC14001	淀粉酶(AMY)测定	CEDC8000	淀粉酶(AMY)测定	250308004	淀粉酶测定	化验费	化验收入	2.诊断类：(6)实验室诊断费
CEC15001	淀粉酶同工酶测定	CEDE1000	淀粉酶同工酶测定	250308005	血清淀粉酶同工酶电泳	化验费	化验收入	2.诊断类：(6)实验室诊断费
CEC16001	甘氨酰脯氨酸氨基肽酶测定					化验费	化验收入	2.诊断类：(6)实验室诊断费
CEC17001	甘氨酰脯氨酸二肽氨基肽酶测定					化验费	化验收入	2.诊断类：(6)实验室诊断费
CEC18001	谷氨酸脱氢酶(GDH)测定	CECP1000	谷氨酸脱氢酶(GDH)测定	250305028	血清谷氨酸脱氢酶测定	化验费	化验收入	2.诊断类：(6)实验室诊断费
CEC19001	谷胱甘肽还原酶测定	CECN1000	谷胱甘肽还原酶(GR)测定	250305027	谷胱苷肽还原酶测定	化验费	化验收入	2.诊断类：(6)实验室诊断费
CEC20001	骨型碱性磷酸酶质量测定	CECF1000	骨型碱性磷酸酶质量测定	250305013	血清骨型碱性磷酸酶质量测定	化验费	化验收入	2.诊断类：(6)实验室诊断费
CEC21001	肌酸激酶(CK)测定	CECS1000	肌酸激酶(CK)测定	250306001	血清肌酸激酶测定	化验费	化验收入	2.诊断类：(6)实验室诊断费
CEC22001	肌酸激酶-MB同工酶活性(CK-MB)测定	CECT1000	肌酸激酶-MB同工酶活性(CK-MB)测定	250306002	血清肌酸激酶－MB同工酶活性测定	化验费	化验收入	2.诊断类：(6)实验室诊断费
CEC23001	肌酸激酶-MB同工酶质量(CK-MBmass)测定	CECU1000	肌酸激酶-MB同工酶质量(CK-MBmass)测定	250306003	血清肌酸激酶－MB同工酶质量测定	化验费	化验收入	2.诊断类：(6)实验室诊断费
CEC24001	肌酸激酶同工酶测定	CECV1000	肌酸激酶同工酶测定	250306004	血清肌酸激酶同工酶电泳分析	化验费	化验收入	2.诊断类：(6)实验室诊断费
CEC25001	基质金属蛋白酶-3(MMP-3)定量测定					化验费	化验收入	2.诊断类：(6)实验室诊断费
CEC26001	碱性磷酸酶(ALP)测定	CECD8000	碱性磷酸酶(ALP)测定	250305011	血清碱性磷酸酶测定	化验费	化验收入	2.诊断类：(6)实验室诊断费
				250307016	尿碱性磷酸酶测定	化验费	化验收入	2.诊断类：(6)实验室诊断费
CEC27001	酒石酸抑制酸性磷酸酶测定	CEDB1000	酒石酸抑制酸性磷酸酶测定	250308002	血清酒石酸抑制酸性磷酸酶测定	化验费	化验收入	2.诊断类：(6)实验室诊断费
CEC28001	可溶性fms样酪氨酸激酶-1(sFlt-1)测定					化验费	化验收入	2.诊断类：(6)实验室诊断费
CEC29001	亮氨酰氨基肽酶(LAP)测定	CECM8000	亮氨酰氨基肽酶(LAP)测定	250305024	血清亮氨酰氨基肽酶测定	化验费	化验收入	2.诊断类：(6)实验室诊断费
				250307015	尿亮氨酰氨基肽酶	化验费	化验收入	2.诊断类：(6)实验室诊断费
CEC30001	磷酸葡萄糖变位酶(PGM)测定	CECR1000	磷酸葡萄糖变位酶(PGM)测定	250202043	磷酸葡萄糖变位酶(PGM)测定	化验费	化验收入	2.诊断类：(6)实验室诊断费
CEC31001	磷酸葡萄糖异构酶(GPI)测定	CECQ1000	磷酸葡萄糖异构酶(GPI)测定	250202042	磷酸葡萄糖异构酶(GPI)测定	化验费	化验收入	2.诊断类：(6)实验室诊断费
CEC32001	醛缩酶(ALD)测定	CEDJ1000	醛缩酶(ALD)测定	250308009	醛缩酶测定	化验费	化验收入	2.诊断类：(6)实验室诊断费
CEC33001	乳酸脱氢酶(LDH)测定	CECW1000	乳酸脱氢酶(LD)测定	250306005	乳酸脱氢酶测定	化验费	化验收入	2.诊断类：(6)实验室诊断费
CEC34001	乳酸脱氢酶同工酶测定	CECX1000	乳酸脱氢酶同工酶测定	250306006	血清乳酸脱氢酶同工酶电泳分析	化验费	化验收入	2.诊断类：(6)实验室诊断费
CED01PK1	艰难梭菌谷氨酸脱氢酶(GDH)检测-免疫荧光法	CJCN9000	艰难梭菌检测			化验费	化验收入	2.诊断类：(6)实验室诊断费
CED01PN1	艰难梭菌谷氨酸脱氢酶(GDH)检测-酶联免疫法					化验费	化验收入	2.诊断类：(6)实验室诊断费
CED02001	碱性磷酸酶同工酶测定	CECE1000	碱性磷酸酶同工酶电泳测定	250305012	血清碱性磷酸酶同工酶分析	化验费	化验收入	2.诊断类：(6)实验室诊断费
CED03001	磷酸葡萄糖异构酶锚蛋白检测					化验费	化验收入	2.诊断类：(6)实验室诊断费
CED04001	酸性磷酸酶(ACP)测定	CEDA8000	酸性磷酸酶(ACP)测定	250308001	血清酸性磷酸酶测定	化验费	化验收入	2.诊断类：(6)实验室诊断费
CED05001	髓过氧化物酶(MPO)测定					化验费	化验收入	2.诊断类：(6)实验室诊断费
CED06001	天门冬氨酸氨基转移酶(AST)测定	CECB1000	天门冬氨酸氨基转移酶(AST)测定	250305008	血清天门冬氨酸氨基转移酶测定	化验费	化验收入	2.诊断类：(6)实验室诊断费
CED07001	天门冬氨酸氨基转移酶线粒体同工酶检测					化验费	化验收入	2.诊断类：(6)实验室诊断费
CED08001	腺苷脱氨酶(ADA)测定	CECL8000	腺苷脱氨酶(ADA)测定	250305023	腺苷脱氨酶测定	化验费	化验收入	2.诊断类：(6)实验室诊断费
CED09001	胸苷激酶(TK)测定					化验费	化验收入	2.诊断类：(6)实验室诊断费
CED10001	血管紧张素转化酶(ACE)测定	CEDH1000	血管紧张素转化酶(ACE)测定	250308007	血清血管紧张转化酶测定	化验费	化验收入	2.诊断类：(6)实验室诊断费
CED11001	胰淀粉酶(AMS)测定	CEDD8000	胰淀粉酶(AMS)测定			化验费	化验收入	2.诊断类：(6)实验室诊断费
CED12001	遗传性粘多糖贮积症酶活性检测					化验费	化验收入	2.诊断类：(6)实验室诊断费
CED13001	异柠檬酸脱氢酶测定					化验费	化验收入	2.诊断类：(6)实验室诊断费
CED14001	脂蛋白磷脂酶A2测定					化验费	化验收入	2.诊断类：(6)实验室诊断费
CED15001	脂肪酶(LPS)测定	CEDG1000	脂肪酶(LPS)测定	250308006	血清脂肪酶测定	化验费	化验收入	2.诊断类：(6)实验室诊断费
CEE	3.小分子含氮物质检验							
CEE01001	氨基酸测定	CEEJ8000	氨基酸测定	250309007	血清各类氨基酸测定	化验费	化验收入	2.诊断类：(6)实验室诊断费
CEE02001	串联质谱肉碱及氨基酸测定					化验费	化验收入	2.诊断类：(6)实验室诊断费
CEE03001	单羟酚衍生物测定					化验费	化验收入	2.诊断类：(6)实验室诊断费
CEE04001	胱抑素(Cys-C)测定	CEEF1000	胱抑素(Cys-C)测定	250307028	血清胱抑素(CystatinC)测定	化验费	化验收入	2.诊断类：(6)实验室诊断费
CEE05001	胱抑素C测定					化验费	化验收入	2.诊断类：(6)实验室诊断费
CEE06001	肌酐(Cr)测定	CEEB8000	肌酐(Cr)测定	250307002	肌酐测定	化验费	化验收入	2.诊断类：(6)实验室诊断费
CEE07001	内生肌酐清除率(CCr)测定	CEEC8000	内生肌酐清除率(CCr)测定	250307003	内生肌酐清除率试验	化验费	化验收入	2.诊断类：(6)实验室诊断费
CEE08001	尿素(Urea)测定	CEEA8000	尿素(Urea)测定	250307001	尿素测定	化验费	化验收入	2.诊断类：(6)实验室诊断费
CEE09001	尿酸(UA)测定	CEEE8000	尿酸(UA)测定	250307005	血清尿酸测定	化验费	化验收入	2.诊断类：(6)实验室诊断费
		CEED9000	指甲肌酐测定	250307004	指甲肌酐测定	化验费	化验收入	2.诊断类：(6)实验室诊断费
				250102033	尿酸化功能测定	化验费	化验收入	2.诊断类：(6)实验室诊断费
				250307024	尿尿酸测定	化验费	化验收入	2.诊断类：(6)实验室诊断费
CEE10001	羟脯氨酸测定	CEEH2000	羟脯氨酸测定	250309011	尿羟脯氨酸测定	化验费	化验收入	2.诊断类：(6)实验室诊断费
CEE11001	同型半胱氨酸(Hcy)测定	CEEG1000	同型半胱氨酸(Hcy)测定	250306011	血同型半胱氨酸测定	化验费	化验收入	2.诊断类：(6)实验室诊断费
CEE12001	血氨测定	CEEK1000	血氨测定	250305006	血浆氨测定	化验费	化验收入	2.诊断类：(6)实验室诊断费
CEF	4.碳水化合物及其相关物质检验							
CEF01001	半乳糖定量测定	CEFC8000	半乳糖定量测定	250302004	半乳糖测定	化验费	化验收入	2.诊断类：(6)实验室诊断费
CEF02001	果糖测定	CEFD1000	果糖测定	250302005	血清果糖测定	化验费	化验收入	2.诊断类：(6)实验室诊断费
CEF03001	葡萄糖(Glu)测定	CEFA8000	葡萄糖(Glu)测定	250302001	葡萄糖测定	化验费	化验收入	2.诊断类：(6)实验室诊断费
		CEFB2000	半乳糖定性测定	250302004	半乳糖测定	化验费	化验收入	2.诊断类：(6)实验室诊断费
		CEFE8000	木糖测定	250302006	木糖测定	化验费	化验收入	2.诊断类：(6)实验室诊断费
CEG	5.有机酸检验							
CEG01001	苯丙氨酸(Phe)测定	CEGC8000	苯丙氨酸(PKU)测定	250700015	苯丙氨酸测定(PKU)	化验费	化验收入	2.诊断类：(6)实验室诊断费
CEG02001	苯丙酮酸测定	CEGD8000	苯丙酮酸测定	250700016	血苯丙酮酸定量	化验费	化验收入	2.诊断类：(6)实验室诊断费
CEG03001	丙酮酸测定	CEGB1000	丙酮酸(PA)测定	250302009	全血丙酮酸测定	化验费	化验收入	2.诊断类：(6)实验室诊断费
CEG04001	对羟苯丙氨酸检测					化验费	化验收入	2.诊断类：(6)实验室诊断费
CEG05001	乳酸(LA)测定	CEGA8000	乳酸(LA)测定	250302008	血浆乳酸测定	化验费	化验收入	2.诊断类：(6)实验室诊断费
CEH	6.脂质及其相关物质检验							
CEH01001	胆酸(BA)测定	CEHR5000	胆酸(BA)测定	250305025	胆酸测定	化验费	化验收入	2.诊断类：(6)实验室诊断费
CEH02001	低密度脂蛋白胆固醇(LDL-C)测定	CEHD1000	低密度脂蛋白胆固醇(LDL-C)测定	250303005	血清低密度脂蛋白胆固醇测定	化验费	化验收入	2.诊断类：(6)实验室诊断费
CEH03001	甘胆酸(CG)测定	CEHT1000	甘胆酸(CG)检测	250305029	甘胆酸(CG)检测	化验费	化验收入	2.诊断类：(6)实验室诊断费
CEH04001	甘油测定	CEHU1000	甘油测定	250303016	甘油测定	化验费	化验收入	2.诊断类：(6)实验室诊断费
CEH05001	甘油三酯(TG)测定	CEHB1000	甘油三酯(TG)测定	250303002	血清甘油三酯测定	化验费	化验收入	2.诊断类：(6)实验室诊断费
CEH06001	高密度脂蛋白胆固醇(HDL-C)测定	CEHC1000	高密度脂蛋白胆固醇(HDL-C)测定	250303004	血清高密度脂蛋白胆固醇测定	化验费	化验收入	2.诊断类：(6)实验室诊断费
CEH07001	磷脂测定	CEHE1000	磷脂测定	250303003	血清磷脂测定	化验费	化验收入	2.诊断类：(6)实验室诊断费
CEH08001	小而密低密度脂蛋白(sdLDL)测定	CEHV1000	小而密低密度脂蛋白(sdLDL)测定	250303018	小密低密度脂蛋白(sdLDL)测定	化验费	化验收入	2.诊断类：(6)实验室诊断费
CEH09001	血脂颗粒测定					化验费	化验收入	2.诊断类：(6)实验室诊断费
CEH10001	氧化型低密度脂蛋白测定					化验费	化验收入	2.诊断类：(6)实验室诊断费
CEH11001	氧化修饰低密度脂蛋白(OXLDL)定量测定					化验费	化验收入	2.诊断类：(6)实验室诊断费
CEH12001	游离脂肪酸(FFA)测定	CEHQ1000	游离脂肪酸(FFA)测定	250303015	血游离脂肪酸测定	化验费	化验收入	2.诊断类：(6)实验室诊断费
CEH13001	载脂蛋白a(apoa)测定	CEHN1000	载脂蛋白a(apoa)测定	250303013	血清载脂蛋白α测定	化验费	化验收入	2.诊断类：(6)实验室诊断费
CEH14001	载脂蛋白AⅠ(apoAⅠ)测定	CEHG1000	载脂蛋白AⅠ(apoAⅠ)测定	250303007	血清载脂蛋白AⅠ测定	化验费	化验收入	2.诊断类：(6)实验室诊断费
CEH15001	载脂蛋白AⅡ(apoAⅡ)测定	CEHH1000	载脂蛋白AⅡ(apoAⅡ)测定	250303008	血清载脂蛋白AⅡ测定	化验费	化验收入	2.诊断类：(6)实验室诊断费
CEH16001	载脂蛋白B(apoB)测定	CEHJ1000	载脂蛋白B(apoB)测定	250303009	血清载脂蛋白B测定	化验费	化验收入	2.诊断类：(6)实验室诊断费
CEH17001	载脂蛋白CⅡ(apoCⅡ)测定	CEHK1000	载脂蛋白CⅡ(apoCⅡ)测定	250303010	血清载脂蛋白CⅡ测定	化验费	化验收入	2.诊断类：(6)实验室诊断费
CEH18001	载脂蛋白CⅢ(apoCⅢ)测定	CEHL1000	载脂蛋白CⅢ(apoCⅢ)测定	250303011	血清载脂蛋白CⅢ测定	化验费	化验收入	2.诊断类：(6)实验室诊断费
CEH19001	载脂蛋白E(apoE)测定	CEHM1000	载脂蛋白E(apoE)测定	250303012	血清载脂蛋白E测定	化验费	化验收入	2.诊断类：(6)实验室诊断费
CEH20001	脂蛋白a(LPa)测定	CEHP1000	脂蛋白a(LPa)测定			化验费	化验收入	2.诊断类：(6)实验室诊断费
CEH21001	脂蛋白电泳测定	CEHF1000	脂蛋白电泳分析	250303006	血清脂蛋白电泳分析	化验费	化验收入	2.诊断类：(6)实验室诊断费
CEH22001	总胆固醇(TC)测定	CEHA1000	总胆固醇(TC)测定	250303001	血清总胆固醇测定	化验费	化验收入	2.诊断类：(6)实验室诊断费
CEH23001	总胆汁酸(TBA)测定	CEHS1000	总胆汁酸(TBA)测定	250305005	血清总胆汁酸测定	化验费	化验收入	2.诊断类：(6)实验室诊断费
CEJ	7.电解质、血气分析检验							
CEJ01001	高铁血红蛋白(MetHb)测定	CEJJ1000	高铁血红蛋白(MetHb)测定			化验费	化验收入	2.诊断类：(6)实验室诊断费
CEJ02001	钾(K)测定	CEJA8000	钾(K)测定	250304001	钾测定	化验费	化验收入	2.诊断类：(6)实验室诊断费
CEJ03001	离子钙(Ca2+)测定	CEJG1000	离子钙(Ca2+)测定	250304014	血清游离钙测定	化验费	化验收入	2.诊断类：(6)实验室诊断费
CEJ04001	硫化血红蛋白(SulfHb)测定	CEJL1000	硫化血红蛋白(SulfHb)测定			化验费	化验收入	2.诊断类：(6)实验室诊断费
CEJ05001	氯(Cl)测定	CEJC8000	氯(Cl)测定	250304003	氯测定	化验费	化验收入	2.诊断类：(6)实验室诊断费
CEJ06001	镁(Mg)测定	CEJE8000	镁(Mg)测定	250304006	镁测定	化验费	化验收入	2.诊断类：(6)实验室诊断费
CEJ07001	钠(Na)测定	CEJB8000	钠(Na)测定	250304002	钠测定	化验费	化验收入	2.诊断类：(6)实验室诊断费
CEJ08001	碳氧血红蛋白(COHb)测定	CEJH1000	碳氧血红蛋白(COHb)测定			化验费	化验收入	2.诊断类：(6)实验室诊断费
CEJ09001	血气分析	CEJM1000	血气分析	310602006	血气分析	化验费	化验收入	2.诊断类：(6)实验室诊断费
CEJ10001	氧合血红蛋白(FO2Hb)测定	CEJK1000	氧合血红蛋白(FO2Hb)测定			化验费	化验收入	2.诊断类：(6)实验室诊断费
CEJ11001	总二氧化碳(TCO2)测定	CEJD1000	总二氧化碳(TCO2)测定	250304010	血清碳酸氢盐(HCO3)测定	化验费	化验收入	2.诊断类：(6)实验室诊断费
CEJ12001	总钙(Ca)测定	CEJF8000	总钙(Ca)测定	250304004	钙测定	化验费	化验收入	2.诊断类：(6)实验室诊断费
CEK	8.微量元素检验							
CEK01001	铅(Pb)测定	CEKC8000	铅(Pb)测定	250304009	全血铅测定	化验费	化验收入	2.诊断类：(6)实验室诊断费
CEK02001	铁(Fe)测定	CEKB1000	铁(Fe)测定	250304007	铁测定	化验费	化验收入	2.诊断类：(6)实验室诊断费
CEK03001	微量元素测定	CEKD8000	微量元素测定	250304013	微量元素测定	化验费	化验收入	2.诊断类：(6)实验室诊断费
CEK04001	无机磷(IP)测定	CEKA8000	无机磷(P)测定	250304005	无机磷测定	化验费	化验收入	2.诊断类：(6)实验室诊断费
CEL	9.色素及其相关物质检验							
CEL01001	δ-胆红素测定	CELD1000	δ-胆红素测定	250305004	血清δ-胆红素测定	化验费	化验收入	2.诊断类：(6)实验室诊断费
CEL02001	间接胆红素(I-Bil)测定	CELC1000	间接胆红素(I-Bil)测定	250305003	血清间接胆红素测定	化验费	化验收入	2.诊断类：(6)实验室诊断费
CEL03001	直接胆红素(D-Bil)测定	CELB1000	直接胆红素(D-Bil)测定	250305002	血清直接胆红素测定	化验费	化验收入	2.诊断类：(6)实验室诊断费
CEL04001	总胆红素(T-Bil)测定	CELA1000	总胆红素(T-Bil)测定	250305001	血清总胆红素测定	化验费	化验收入	2.诊断类：(6)实验室诊断费
CEM	10.维生素及其相关物质检验							
CEM01001	1,25双羟维生素D[1,25(OH)2D]测定	CEMK1000	1,25双羟维生素D[1,25(OH)2D]测定	250309002	1，25双羟维生素D测定	化验费	化验收入	2.诊断类：(6)实验室诊断费
CEM02001	25羟基维生素D[25(OH)D]测定	CEMJ1000	25羟基维生素D[25(OH)D]测定	250309001	25羟维生素D测定	化验费	化验收入	2.诊断类：(6)实验室诊断费
CEM03001	25羟基维生素D2[25(OH)D2]测定					化验费	化验收入	2.诊断类：(6)实验室诊断费
CEM04001	25羟基维生素D3[25(OH)D3]测定	CEMH1000	25羟基维生素D3[25(OH)D3]测定			化验费	化验收入	2.诊断类：(6)实验室诊断费
CEM05001	红细胞叶酸(FA)定量测定	CEMA1000	叶酸(FA)测定	250309003	叶酸测定	化验费	化验收入	2.诊断类：(6)实验室诊断费
CEM06001	维生素A(VitA)测定	CEMB1000	维生素A(VitA)测定	250309004	血清维生素测定	化验费	化验收入	2.诊断类：(6)实验室诊断费
CEM07001	维生素B1(VitB1)测定	CEMC1000	维生素B1(VitB1)测定	250309004	血清维生素测定	化验费	化验收入	2.诊断类：(6)实验室诊断费
CEM08001	维生素B12(VitB12)测定	CEMD1000	维生素B12(VitB12)测定			化验费	化验收入	2.诊断类：(6)实验室诊断费
		CEME1000	B12(ActiveB12)活性测定			化验费	化验收入	2.诊断类：(6)实验室诊断费
CEM09001	维生素B2(核黄素)测定			250309004	血清维生素测定	化验费	化验收入	2.诊断类：(6)实验室诊断费
CEM10001	维生素B3(烟酸)测定					化验费	化验收入	2.诊断类：(6)实验室诊断费
CEM11001	维生素B5(泛酸)测定					化验费	化验收入	2.诊断类：(6)实验室诊断费
CEM12001	维生素B6(吡哆素)测定					化验费	化验收入	2.诊断类：(6)实验室诊断费
CEM13001	维生素B7(生物素)测定					化验费	化验收入	2.诊断类：(6)实验室诊断费
CEM14001	维生素B9(叶酸)测定					化验费	化验收入	2.诊断类：(6)实验室诊断费
CEM15001	维生素C(VitC)测定	CEMF1000	维生素C(VitC)测定			化验费	化验收入	2.诊断类：(6)实验室诊断费
CEM16001	维生素D2(VitD2)测定	CEMG1000	维生素D2(VitD2)测定			化验费	化验收入	2.诊断类：(6)实验室诊断费
CEM17001	维生素E测定					化验费	化验收入	2.诊断类：(6)实验室诊断费
CEM18001	维生素K1测定					化验费	化验收入	2.诊断类：(6)实验室诊断费
CEM19001	总维生素D测定					化验费	化验收入	2.诊断类：(6)实验室诊断费
CEN	11.血药浓度及毒物检验							
CEN01001	毒化学项目测定					化验费	化验收入	2.诊断类：(6)实验室诊断费
CEN02001	化学毒物定量测定					化验费	化验收入	2.诊断类：(6)实验室诊断费
CEN03001	化学毒物定性检测					化验费	化验收入	2.诊断类：(6)实验室诊断费
		CENB1000	免疫抑制药物浓度测定	250309005	血清药物浓度测定	化验费	化验收入	2.诊断类：(6)实验室诊断费
		CENC8000	滥用药物筛查	250309006	各类滥用药物筛查	化验费	化验收入	2.诊断类：(6)实验室诊断费
CEN04001	药物浓度测定	CENA1000	治疗药物浓度测定	250309005	血清药物浓度测定	化验费	化验收入	2.诊断类：(6)实验室诊断费
CEN05001	乙醇测定			250309008	血清乙醇测定	化验费	化验收入	2.诊断类：(6)实验室诊断费
CEN06001	肿瘤化疗药物血样浓度定量测定					化验费	化验收入	2.诊断类：(6)实验室诊断费
				250309009	排泄物的毒物测定	化验费	化验收入	2.诊断类：(6)实验室诊断费
CEQ-CES	12.激素及相关物质检验							
CEQ01001	A型钠尿肽(ANP)测定	CESR1000	A型钠尿肽(ANP)测定	250310050	心纳素测定	化验费	化验收入	2.诊断类：(6)实验室诊断费
CEQ02001	B型钠尿肽(BNP)测定	CESS1000	B型钠尿肽(BNP)测定	250306012	B型钠尿肽(BNP)测定	化验费	化验收入	2.诊断类：(6)实验室诊断费
CEQ03001	N端-B型钠尿肽前体(NT-ProBNP)测定	CEST1000	N端-B型钠尿肽前体(NT-ProBNP)测定	250306013	B型钠尿肽前体(PRO-BNP)测定	化验费	化验收入	2.诊断类：(6)实验室诊断费
CEQ04001	促红细胞生成素(EPO)测定	CESM1000	促红细胞生成素(EPO)测定	250310029	促红细胞生成素测定	化验费	化验收入	2.诊断类：(6)实验室诊断费
CEQ05001	促甲状腺素受体抗体(TRAb)测定	CEQP1000	促甲状腺素受体抗体(TRAb)测定	250310017	促甲状腺素受体抗体测定	化验费	化验收入	2.诊断类：(6)实验室诊断费
CEQ06001	反T3测定	CEQK1000	反T3测定	250310012	血清反T3测定	化验费	化验收入	2.诊断类：(6)实验室诊断费
CEQ07001	骨钙素测定	CESN1000	骨钙素测定	250308008	血清骨钙素测定	化验费	化验收入	2.诊断类：(6)实验室诊断费
CEQ08001	环磷酸鸟苷(cGMP)测定	CESF1000	环磷酸鸟苷(cGMP)测定	250310052	环磷酸鸟苷(cGMP)测定	化验费	化验收入	2.诊断类：(6)实验室诊断费
CEQ09001	环磷酸腺苷(cAMP)测定	CESE1000	环磷酸腺苷(cAMP)测定	250310051	环磷酸腺苷(cAMP)测定	化验费	化验收入	2.诊断类：(6)实验室诊断费
CEQ10001	甲状旁腺激素(PTH)测定	CEQR1000	甲状旁腺激素(PTH)测定	250310009	甲状旁腺激素测定	化验费	化验收入	2.诊断类：(6)实验室诊断费
CEQ11001	甲状腺结合球蛋白(TBG)测定	CEQN1000	甲状腺结合球蛋白(TG)测定	250310016	血清甲状腺结合球蛋白测定	化验费	化验收入	2.诊断类：(6)实验室诊断费
CEQ12001	甲状腺球蛋白(TG)测定	CEQQ1000	甲状腺球蛋白(TG)测定	250310053	甲状腺球蛋白(TG)测定	化验费	化验收入	2.诊断类：(6)实验室诊断费
CEQ13001	甲状腺素(T4)测定	CEQH1000	甲状腺素(T4)测定	250310010	血清甲状腺素(T4)测定	化验费	化验收入	2.诊断类：(6)实验室诊断费
CEQ14001	降钙素(CT)测定	CEQS1000	降钙素(CT)测定	250310008	降钙素测定	化验费	化验收入	2.诊断类：(6)实验室诊断费
CEQ15001	降钙素原(PCT)测定	CEQT1000	降钙素原(PCT)检测	250310054	降钙素原检测	化验费	化验收入	2.诊断类：(6)实验室诊断费
CEQ16001	抗缪勒管激素(AMH)测定					化验费	化验收入	2.诊断类：(6)实验室诊断费
CEQ17001	前列腺素(PG)测定	CESP1000	前列腺素(PG)测定	250310045	血浆前列腺素(PG)测定	化验费	化验收入	2.诊断类：(6)实验室诊断费
CEQ18001	三碘甲状原氨酸(T3)测定	CEQJ1000	三碘甲状原氨酸(T3)测定	250310011	血清三碘甲状原氨酸(T3)测定	化验费	化验收入	2.诊断类：(6)实验室诊断费
CEQ19001	肾素测定	CESJ1000	肾素测定	250310026	血浆肾素活性测定	化验费	化验收入	2.诊断类：(6)实验室诊断费
CEQ20001	胃泌素-17测定					化验费	化验收入	2.诊断类：(6)实验室诊断费
CEQ21001	香草苦杏仁酸(VMA)测定	CESH2000	尿香草苦杏仁酸(VMA)测定	250310025	尿香草苦杏仁酸(VMA)测定	化验费	化验收入	2.诊断类：(6)实验室诊断费
CEQ22001	血管紧张素Ⅰ(AngⅠ)测定	CESK1000	血管紧张素Ⅰ(AngⅠ)测定	250310027	血管紧张素Ⅰ测定	化验费	化验收入	2.诊断类：(6)实验室诊断费
CEQ23001	血管紧张素Ⅱ(AngⅡ)测定	CESL1000	血管紧张素Ⅱ(AngⅡ)测定	250310028	血管紧张素Ⅱ测定	化验费	化验收入	2.诊断类：(6)实验室诊断费
CEQ24001	血管内皮生长因子受体检测					化验费	化验收入	2.诊断类：(6)实验室诊断费
CEQ25ZA1	一氧化氮(NO)分析-镀铜镉振荡还原法	CESQ1000	一氧化氮(NO)分析	250304012	血一氧化氮分析	化验费	化验收入	2.诊断类：(6)实验室诊断费
CEQ26FC1	一氧化氮(NO)分析-化学法	CESQ1000	一氧化氮(NO)分析	250304012	血一氧化氮分析	化验费	化验收入	2.诊断类：(6)实验室诊断费
				250310015	血清T3摄取实验	化验费	化验收入	2.诊断类：(6)实验室诊断费
		CEQW1000	醛固酮(ALD)测定	250310023	醛固酮测定	化验费	化验收入	2.诊断类：(6)实验室诊断费
CEQ27001	胰岛素样生长因子测定					化验费	化验收入	2.诊断类：(6)实验室诊断费
CEQ28001	胰岛素原测定					化验费	化验收入	2.诊断类：(6)实验室诊断费
CEQ29001	游离甲状腺素(FT4)测定	CEQL1000	游离甲状腺素(FT4)测定	250310013	血清游离甲状腺素(FT4)测定	化验费	化验收入	2.诊断类：(6)实验室诊断费
CEQ30001	游离三碘甲状原氨酸(FT3)测定	CEQM1000	游离三碘甲状原氨酸(FT3)测定	250310014	血清游离三碘甲状原氨酸(FT3)测定	化验费	化验收入	2.诊断类：(6)实验室诊断费
CEQ31001	组织胺测定	CESG1000	组织胺(Histamine)测定	250310060	组织胺测定	化验费	化验收入	2.诊断类：(6)实验室诊断费
CER01001	1,5-脱水-D山梨醇(1.5-AG)测定					化验费	化验收入	2.诊断类：(6)实验室诊断费
CER02001	1,5-脱水葡萄糖醇测定					化验费	化验收入	2.诊断类：(6)实验室诊断费
CER03001	17-羟皮质类固醇(17-OHCS)测定	CEQZ2000	17-羟皮质类固醇(17-OHCS)测定	250310020	尿17-羟皮质类固醇测定	化验费	化验收入	2.诊断类：(6)实验室诊断费
CER04001	17-酮皮质类固醇测定	CERA2000	17-酮皮质类固醇测定	250310021	尿17-酮类固醇测定	化验费	化验收入	2.诊断类：(6)实验室诊断费
CER05001	5-羟色胺(5-HT)测定	CERE1000	5-羟色胺(5-HT)测定	250310061	5羟色胺测定	化验费	化验收入	2.诊断类：(6)实验室诊断费
CER06001	促黄体生成素(LH)测定	CEQF8000	促黄体生成素(LH)测定	250310005	血清促黄体生成素测定	化验费	化验收入	2.诊断类：(6)实验室诊断费
CER07001	促甲状腺激素(TSH)测定	CEQD1000	促甲状腺激素(TSH)测定	250310001	血清促甲状腺激素测定	化验费	化验收入	2.诊断类：(6)实验室诊断费
CER08001	促肾上腺皮质激素(ACTH)测定	CEQG1000	促肾上腺皮质激素(ACTH)测定	250310006	血清促肾上腺皮质激素测定	化验费	化验收入	2.诊断类：(6)实验室诊断费
		CERR8000	人绒毛膜促性腺激素(HCG)测定	250310038	血清人绒毛膜促性腺激素测定	化验费	化验收入	2.诊断类：(6)实验室诊断费
CER09001	多巴胺测定					化验费	化验收入	2.诊断类：(6)实验室诊断费
CER10001	儿茶酚胺测定	CERF2000	儿茶酚胺(Ca)测定	250310024	尿儿茶酚胺测定	化验费	化验收入	2.诊断类：(6)实验室诊断费
CER11001	儿茶酚胺代谢物测定					化验费	化验收入	2.诊断类：(6)实验室诊断费
CER12001	抗利尿激素(ADH)测定	CEQA1000	抗利尿激素(ADH)测定	250310007	抗利尿激素测定	化验费	化验收入	2.诊断类：(6)实验室诊断费
CER13001	硫酸去氢表雄酮(DHEAS)测定	CEQV1000	硫酸去氢表雄酮(DHEAS)测定	250310022	血清脱氢表雄酮及硫酸酯测定	化验费	化验收入	2.诊断类：(6)实验室诊断费
CER14001	卵泡刺激素(FSH)测定	CEQE8000	卵泡刺激素(FSH)测定	250310004	血清促卵泡刺激素测定	化验费	化验收入	2.诊断类：(6)实验室诊断费
CER15001	泌乳素(PRL)测定	CEQB8000	泌乳素(PRL)测定	250310002	血清泌乳素测定	化验费	化验收入	2.诊断类：(6)实验室诊断费
CER16001	皮质醇测定	CEQX1000	皮质醇测定	250310018	血浆皮质醇测定	化验费	化验收入	2.诊断类：(6)实验室诊断费
CER17001	去甲肾上腺素测定	CERD1000	去甲肾上腺素(Na)测定	250310048	去甲肾上腺素测定	化验费	化验收入	2.诊断类：(6)实验室诊断费
CER18001	去氢表雄酮及硫酸酯测定	CEQU1000	去氢表雄酮及硫酸酯测定	250310022	血清脱氢表雄酮及硫酸酯测定	化验费	化验收入	2.诊断类：(6)实验室诊断费
CER19001	肾上腺素(AD)测定	CERC1000	肾上腺素(AD)测定	250310047	肾上腺素测定	化验费	化验收入	2.诊断类：(6)实验室诊断费
CER20001	生长激素(GH)测定	CEQC8000	生长激素(GH)测定	250310003	血清生长激素测定	化验费	化验收入	2.诊断类：(6)实验室诊断费
CER21001	雄烯二酮(A2)测定	CERB1000	雄烯二酮(A2)测定	250310032	雄烯二酮测定	化验费	化验收入	2.诊断类：(6)实验室诊断费
CER22001	血甲氧基去甲肾上腺素(NMN)测定					化验费	化验收入	2.诊断类：(6)实验室诊断费
CER23001	游离皮质醇测定	CEQY2000	游离皮质醇测定	250310019	24小时尿游离皮质醇测定	化验费	化验收入	2.诊断类：(6)实验室诊断费
CES01001	17α羟孕酮测定	CERP1000	17α羟孕酮测定	250310033	17α羟孕酮测定	化验费	化验收入	2.诊断类：(6)实验室诊断费
CES02001	6-酮前列腺素F1α测定	CERQ1000	6-酮前列腺素F1α测定	250310046	血浆6-酮前列腺素F1α测定	化验费	化验收入	2.诊断类：(6)实验室诊断费
CES03001	C肽(C-P)测定	CERX1000	C肽(C-P)测定	250310041	血清C肽测定	化验费	化验收入	2.诊断类：(6)实验室诊断费
CES04001	β人绒毛膜促性腺激素(β-HCG)测定	CERS1000	β人绒毛膜促性腺激素(β-HCG)测定	250310055	特异β人绒毛膜促性腺激素(β-HCG)测定	化验费	化验收入	2.诊断类：(6)实验室诊断费
CES05001	雌二醇(E2)测定	CERH1000	雌二醇(E2)测定	250310036	雌二醇测定	化验费	化验收入	2.诊断类：(6)实验室诊断费
CES06001	雌三醇(E3)测定	CERJ1000	雌三醇(E3)测定	250310035	雌三醇测定	化验费	化验收入	2.诊断类：(6)实验室诊断费
CES07001	雌酮测定	CERG1000	雌酮测定	250310034	雌酮测定	化验费	化验收入	2.诊断类：(6)实验室诊断费
CES08001	促胰液素测定	CESB1000	促胰液素(secretin)测定	250310059	促胰液素测定	化验费	化验收入	2.诊断类：(6)实验室诊断费
CES09001	胆囊收缩素测定	CESC1000	胆囊收缩素测定	250310049	胆囊收缩素测定	化验费	化验收入	2.诊断类：(6)实验室诊断费
CES10001	非结合型雌三醇(UE3)测定	CERK1000	非结合型雌三醇(UE3)测定			化验费	化验收入	2.诊断类：(6)实验室诊断费
CES11001	睾酮(T)测定	CERM1000	睾酮(T)测定	250310030	睾酮测定	化验费	化验收入	2.诊断类：(6)实验室诊断费
CES12001	人绒毛膜促性腺激素游离β亚基(freeβ-HCG)测定	CERT1000	β人游离绒毛膜促性腺激素(freeβ-HCG)测定	250310055	特异β人绒毛膜促性腺激素(β-HCG)测定	化验费	化验收入	2.诊断类：(6)实验室诊断费
CES13001	生长抑素(SS)测定	CESA1000	生长抑素(SS)测定	250310058	生长抑素测定	化验费	化验收入	2.诊断类：(6)实验室诊断费
CES14001	双氢睾酮(DHT)测定	CERN1000	双氢睾酮(DHT)测定	250310031	血清双氢睾酮测定	化验费	化验收入	2.诊断类：(6)实验室诊断费
CES15001	胃泌素测定	CERY1000	胃泌素测定	250310044	胃泌素测定	化验费	化验收入	2.诊断类：(6)实验室诊断费
CES16001	胃泌素释放肽前体(ProGRP)测定	CERZ1000	胃泌素释放肽前体(ProGRP)测定	250310057	血清胃泌素释放肽前体(ProGRP)测定	化验费	化验收入	2.诊断类：(6)实验室诊断费
CES17001	性激素结合球蛋白(SHBG)测定	CERU1000	性激素结合球蛋白(SHBG)测定			化验费	化验收入	2.诊断类：(6)实验室诊断费
CES18001	胰岛素(Ins)测定	CERV1000	胰岛素(Ins)测定	250310039	血清胰岛素测定	化验费	化验收入	2.诊断类：(6)实验室诊断费
CES19001	胰高血糖素测定	CERW1000	胰高血糖素测定	250310040	血清胰高血糖测定	化验费	化验收入	2.诊断类：(6)实验室诊断费
CES20001	孕酮(P)测定	CERL1000	孕酮(P)测定	250310037	孕酮测定	化验费	化验收入	2.诊断类：(6)实验室诊断费
CES21001	甾体激素受体测定	CESD1000	甾体激素受体测定	250310056	甾体激素受体测定	化验费	化验收入	2.诊断类：(6)实验室诊断费
CES22001	脂联素测定					化验费	化验收入	2.诊断类：(6)实验室诊断费
CEZ	13.其他							
CEZ01001	β-胶原降解产物(β-CTX)测定	CEZF1000	β-胶原降解产物(β-CTX)测定	250311007	β－胶原降解产物测定(β－CTX)	化验费	化验收入	2.诊断类：(6)实验室诊断费
CEZ02001	β-胶原特殊系列(β-Crosslaps)测定	CEZG1000	β-胶原特殊系列(β-Crosslaps)测定			化验费	化验收入	2.诊断类：(6)实验室诊断费
CEZ03001	β-羟基丁酸测定	CEZB1000	β-羟基丁酸(β-HB)测定	250303014	血清β-羟基丁酸测定	化验费	化验收入	2.诊断类：(6)实验室诊断费
CEZ04001	吡啶酚(PYD)测定	CEZC2000	吡啶酚(PYD)测定	250311003	尿吡啶酚测定	化验费	化验收入	2.诊断类：(6)实验室诊断费
CEZ05001	骨钙素N端中分子片段(N-MID)测定	CEZE1000	骨钙素N端中分子片段(N-MID)测定	250311006	骨钙素N端中分子片段测定(N-MID)	化验费	化验收入	2.诊断类：(6)实验室诊断费
CEZ06001	酮体(KET)测定	CEZA1000	血酮体(KET)测定	250303019	血酮体测定	化验费	化验收入	2.诊断类：(6)实验室诊断费
CEZ07001	脱氧吡啶酚(DPD)测定	CEZD2000	脱氧吡啶酚(DPD)测定	250311004	尿脱氧吡啶酚测定	化验费	化验收入	2.诊断类：(6)实验室诊断费
CEZ08001	唾液酸测定	CEZH1000	唾液酸测定	250302007	血清唾液酸测定	化验费	化验收入	2.诊断类：(6)实验室诊断费
CEZ09001	一氧化碳(CO)测定	CEZJ1000	一氧化碳(CO)测定	250304011	血一氧化碳分析	化验费	化验收入	2.诊断类：(6)实验室诊断费
CG	(四)临床免疫学检验							
CGA-CGC	1.免疫功能检验							
CGA01001	M蛋白检测	CGCT1000	M蛋白测定			化验费	化验收入	2.诊断类：(6)实验室诊断费
CGA02001	p-选择素检测	CGCF1000	p-选择素测定			化验费	化验收入	2.诊断类：(6)实验室诊断费
CGA03001	T淋巴细胞转化试验	CGBD1000	T淋巴细胞转化试验	250401001	T淋巴细胞转化试验	化验费	化验收入	2.诊断类：(6)实验室诊断费
		CGBE1000	淋巴细胞转化试验			化验费	化验收入	2.诊断类：(6)实验室诊断费
CGA04001	阿尔茨海默病相关神经丝蛋白检测					化验费	化验收入	2.诊断类：(6)实验室诊断费
CGA05001	白细胞介素检测	CGCK1000	白细胞介素测定	250401014	各种白介素测定	化验费	化验收入	2.诊断类：(6)实验室诊断费
		CGCL1000	白细胞介素-4(IL-4)测定			化验费	化验收入	2.诊断类：(6)实验室诊断费
		CGCM1000	白细胞介素-6(IL-6)测定			化验费	化验收入	2.诊断类：(6)实验室诊断费
		CGCN1000	白细胞介素-8(IL-8)测定			化验费	化验收入	2.诊断类：(6)实验室诊断费
CGA06001	白细胞介素受体检测	CGCJ1000	白细胞介素受体测定			化验费	化验收入	2.诊断类：(6)实验室诊断费
CGA07PF1	白细胞黏附抑制试验-流式细胞术	CGBM1000	白细胞黏附抑制试验	250401007	白细胞粘附抑制试验	化验费	化验收入	2.诊断类：(6)实验室诊断费
CGA08FC1	白细胞杀伤功能试验-化学法	CGBN1000	白细胞杀伤功能试验	250401008	白细胞杀菌功能试验	化验费	化验收入	2.诊断类：(6)实验室诊断费
CGA08LB1	白细胞杀伤功能试验-光学显微镜法					化验费	化验收入	2.诊断类：(6)实验室诊断费
CGA08SF1	白细胞杀伤功能试验-液体培养法					化验费	化验收入	2.诊断类：(6)实验室诊断费
CGA09FC1	白细胞吞噬功能试验-化学法	CGBP1000	白细胞吞噬功能试验	250401009	白细胞吞噬功能试验	化验费	化验收入	2.诊断类：(6)实验室诊断费
CGA09LB1	白细胞吞噬功能试验-光学显微镜法					化验费	化验收入	2.诊断类：(6)实验室诊断费
CGA10001	肥大细胞脱颗粒试验	CGBV1000	肥大细胞脱颗粒试验	250401017	肥大细胞脱颗粒试验	化验费	化验收入	2.诊断类：(6)实验室诊断费
CGA11001	分泌型免疫球蛋白A检测	CGAX1000	分泌型免疫球蛋白A测定	250402037	分泌型免疫球蛋白A测定	化验费	化验收入	2.诊断类：(6)实验室诊断费
CGA12001	肝素结合蛋白检测					化验费	化验收入	2.诊断类：(6)实验室诊断费
CGA13001	干扰素检测	CGCP1000	干扰素(IFN)测定	250401013	干扰素测定	化验费	化验收入	2.诊断类：(6)实验室诊断费
		CGKK1000	干扰素-α抗体测定			化验费	化验收入	2.诊断类：(6)实验室诊断费
				250401029	淋巴细胞免疫分析	化验费	化验收入	2.诊断类：(6)实验室诊断费
CGA14001	活化淋巴细胞检测	CGBX1000	活化淋巴细胞测定	250401030	活化淋巴细胞测定	化验费	化验收入	2.诊断类：(6)实验室诊断费
CGA15001	抗淋巴细胞抗体试验	CGBU1000	抗淋巴细胞抗体试验	250401016	抗淋巴细胞抗体试验	化验费	化验收入	2.诊断类：(6)实验室诊断费
CGA16001	冷球蛋白检测	CGBZ1000	冷球蛋白测定	250401024	冷球蛋白测定	化验费	化验收入	2.诊断类：(6)实验室诊断费
CGA17001	淋巴细胞亚类检测	CGCV8000	淋巴细胞亚类检测	250401031	血细胞簇分化抗原(CD)系列检测	化验费	化验收入	2.诊断类：(6)实验室诊断费
CGA18001	淋巴细胞亚群绝对计数	CGBY1000	淋巴细胞亚群绝对计数			化验费	化验收入	2.诊断类：(6)实验室诊断费
CGA19PF1	淋巴亚群相对计数-流式细胞术					化验费	化验收入	2.诊断类：(6)实验室诊断费
CGA20001	磷酸化Tau蛋白检测					化验费	化验收入	2.诊断类：(6)实验室诊断费
CGA21001	免疫球蛋白D定量测定	CGAV1000	免疫球蛋白D(IgD)定量测定	250401023	免疫球蛋白定量测定	化验费	化验收入	2.诊断类：(6)实验室诊断费
CGA22001	免疫球蛋白E定量测定	CGAW1000	免疫球蛋白E(IgE)定量测定			化验费	化验收入	2.诊断类：(6)实验室诊断费
CGA23001	免疫球蛋白G定量测定	CGAT1000	免疫球蛋白G(IgG)定量测定			化验费	化验收入	2.诊断类：(6)实验室诊断费
CGA24001	免疫球蛋白M定量测定	CGAU1000	免疫球蛋白M(IgM)定量测定	250401023	免疫球蛋白定量测定	化验费	化验收入	2.诊断类：(6)实验室诊断费
CGA25001	免疫球蛋白亚类定量测定	CGBA1000	免疫球蛋白亚类定量测定	250401033	免疫球蛋白亚类定量测定	化验费	化验收入	2.诊断类：(6)实验室诊断费
CGA26001	内皮生长因子检测	CGCW1000	内皮生长因子检测			化验费	化验收入	2.诊断类：(6)实验室诊断费
CGA27001	铜蓝蛋白测定	CGCB1000	铜蓝蛋白测定	250401028	铜蓝蛋白测定	化验费	化验收入	2.诊断类：(6)实验室诊断费
CGA28LB1	硝基四氮唑蓝(NBT)还原实验-光学显微镜法	CGBK1000	硝基四氮唑蓝(NBT)还原实验	250401006	硝基四氮唑蓝还原试验	化验费	化验收入	2.诊断类：(6)实验室诊断费
CGB01001	C1q测定	CGAB1000	C1q测定	250401020	单项补体测定	化验费	化验收入	2.诊断类：(6)实验室诊断费
CGB02001	C1r测定	CGAC1000	C1r测定			化验费	化验收入	2.诊断类：(6)实验室诊断费
CGB03001	C1s测定	CGAD1000	C1s测定			化验费	化验收入	2.诊断类：(6)实验室诊断费
CGB04001	C2测定	CGAE1000	C2测定			化验费	化验收入	2.诊断类：(6)实验室诊断费
CGB05001	C3a测定	CGAR1000	C3a测定			化验费	化验收入	2.诊断类：(6)实验室诊断费
CGB06001	C3d测定	CGAS8000	C3d测定			化验费	化验收入	2.诊断类：(6)实验室诊断费
CGB07001	C3测定	CGAF1000	C3测定			化验费	化验收入	2.诊断类：(6)实验室诊断费
CGB08001	C3裂解产物(C3SP)测定	CGAQ1000	C3裂解产物(C3SP)测定	250401022	C3裂解产物测定(C3SP)	化验费	化验收入	2.诊断类：(6)实验室诊断费
CGB09001	C4测定	CGAG1000	C4测定	250401020	单项补体测定	化验费	化验收入	2.诊断类：(6)实验室诊断费
CGB10001	C5测定	CGAH1000	C5测定			化验费	化验收入	2.诊断类：(6)实验室诊断费
CGB11001	C6测定	CGAJ1000	C6测定			化验费	化验收入	2.诊断类：(6)实验室诊断费
CGB12001	C7测定	CGAK1000	C7测定	250401020	单项补体测定	化验费	化验收入	2.诊断类：(6)实验室诊断费
CGB13001	C8测定	CGAL1000	C8测定			化验费	化验收入	2.诊断类：(6)实验室诊断费
CGB14001	C9测定	CGAM1000	C9测定			化验费	化验收入	2.诊断类：(6)实验室诊断费
CGB15001	E-选择素测定	CGCG1000	E-选择素测定			化验费	化验收入	2.诊断类：(6)实验室诊断费
CGB16001	HER-2/neu蛋白测定					化验费	化验收入	2.诊断类：(6)实验室诊断费
CGB17001	补体1抑制因子测定	CGAP1000	补体1抑制因子测定	250401021	补体1抑制因子测定	化验费	化验收入	2.诊断类：(6)实验室诊断费
CGB18001	巨噬细胞趋化功能试验	CGCD9000	巨噬细胞趋化功能试验	310503001	白细胞趋化功能检查	化验费	化验收入	2.诊断类：(6)实验室诊断费
		CGBQ8000	巨噬细胞吞噬功能试验	250401010	巨噬细胞吞噬功能试验	化验费	化验收入	2.诊断类：(6)实验室诊断费
CGB19001	抗体依赖性细胞毒性实验	CGBS1000	抗体依赖性细胞毒性实验	250401012	抗体依赖性细胞毒性试验	化验费	化验收入	2.诊断类：(6)实验室诊断费
CGB20001	人β淀粉蛋白1-42(Aβ1-42)测定					化验费	化验收入	2.诊断类：(6)实验室诊断费
CGB21001	溶菌酶测定	CGBT1000	溶菌酶测定	250401015	溶菌酶测定	化验费	化验收入	2.诊断类：(6)实验室诊断费
CGB22001	神经丝蛋白检测					化验费	化验收入	2.诊断类：(6)实验室诊断费
CGB23001	胎盘生长因子(PIGF)检测					化验费	化验收入	2.诊断类：(6)实验室诊断费
CGB24PD1	特异性T细胞γ-干扰素体外释放试验					化验费	化验收入	2.诊断类：(6)实验室诊断费
CGB25001	细胞内粘附分子测定	CGCH1000	细胞内粘附分子测定			化验费	化验收入	2.诊断类：(6)实验室诊断费
CGB26001	血清淀粉样蛋白A测定	CGCS1000	血清淀粉样蛋白A测定	250301019	血清淀粉样蛋白测定(SAA)	化验费	化验收入	2.诊断类：(6)实验室诊断费
CGB27001	胰岛素样生长因子-Ⅰ测定					化验费	化验收入	2.诊断类：(6)实验室诊断费
CGB28001	胰岛素样生长因子结合蛋白-1测定					化验费	化验收入	2.诊断类：(6)实验室诊断费
CGB29001	胰岛素样生长因子结合蛋白-3测定					化验费	化验收入	2.诊断类：(6)实验室诊断费
CGB30001	抑制素B定量测定					化验费	化验收入	2.诊断类：(6)实验室诊断费
CGC01001	14-3-3蛋白测定					化验费	化验收入	2.诊断类：(6)实验室诊断费
CGC02001	24小时IgG鞘内合成率测定	CGAY8000	24小时IgG鞘内合成率测定	250401034	24小时IgG鞘内合成率测定	化验费	化验收入	2.诊断类：(6)实验室诊断费
CGC03001	B细胞膜表面免疫球蛋白测定	CGBH1000	B细胞膜表面免疫球蛋白测定	250401004	细胞膜表面免疫球蛋白测定(SmIg)	化验费	化验收入	2.诊断类：(6)实验室诊断费
CGC04001	B因子测定	CGBW1000	B因子测定	250401018	B因子测定	化验费	化验收入	2.诊断类：(6)实验室诊断费
CGC05001	C-反应蛋白(CRP)测定	CGCA1000	C-反应蛋白(CRP)测定	250401025	C-反应蛋白测定(CRP)	化验费	化验收入	2.诊断类：(6)实验室诊断费
CGC06001	α-地中海贫血基因检测					化验费	化验收入	2.诊断类：(6)实验室诊断费
CGC07001	β-地中海贫血基因检测					化验费	化验收入	2.诊断类：(6)实验室诊断费
CGC08QA1	白细胞黏附试验-聚集法	CGBL1000	白细胞黏附试验			化验费	化验收入	2.诊断类：(6)实验室诊断费
		CGBF1000	T淋巴细胞花环试验	250401002	T淋巴细胞花环试验	化验费	化验收入	2.诊断类：(6)实验室诊断费
		CGBG1000	红细胞花环试验	250401003	红细胞花环试验	化验费	化验收入	2.诊断类：(6)实验室诊断费
CGC09001	补体C3b受体花环试验	CGAN1000	补体C3b受体花环试验			化验费	化验收入	2.诊断类：(6)实验室诊断费
CGC10001	碱性髓鞘蛋白测定	CGCC8000	碱性髓鞘蛋白测定	250401035	碱性髓鞘蛋白测定	化验费	化验收入	2.诊断类：(6)实验室诊断费
CGC11001	壳多糖酶3样蛋白1检测					化验费	化验收入	2.诊断类：(6)实验室诊断费
CGC12001	可溶性细胞间黏附分子-1检测	CGCQ1000	可溶性细胞间黏附分子-1(sICAM-1)测定	250401032	可溶性细胞间黏附分子-1(sICAM-1)测定	化验费	化验收入	2.诊断类：(6)实验室诊断费
CGC13001	抑制素A(InhA)测定					化验费	化验收入	2.诊断类：(6)实验室诊断费
CGC14001	脂多糖结合蛋白测定	CGCR1000	脂多糖结合蛋白测定			化验费	化验收入	2.诊断类：(6)实验室诊断费
CGC15001	中性粒细胞趋化功能试验	CGBJ1000	中性粒细胞趋化功能试验	250401005	中性粒细胞趋化功能试验	化验费	化验收入	2.诊断类：(6)实验室诊断费
CGC16001	肿瘤坏死因子受体测定	CGCE1000	肿瘤坏死因子受体测定			化验费	化验收入	2.诊断类：(6)实验室诊断费
CGC17001	自然杀伤(NK)细胞抗肿瘤活性检测	CGCU1000	自然杀伤(NK)细胞抗肿瘤活性检测			化验费	化验收入	2.诊断类：(6)实验室诊断费
CGC18001	自然杀伤淋巴细胞功能试验	CGBR1000	自然杀伤淋巴细胞功能试验	250401011	自然杀伤淋巴细胞功能试验	化验费	化验收入	2.诊断类：(6)实验室诊断费
CGC19001	总IgE测定	CGAZ1000	总IgE测定	250405001	总IgE测定	化验费	化验收入	2.诊断类：(6)实验室诊断费
CGC20001	总补体(CH50)测定	CGAA1000	总补体(CH50)测定	250401019	总补体测定(CH50)	化验费	化验收入	2.诊断类：(6)实验室诊断费
CGD-CGK	2.自身免疫病检验							
CGD01001	蛋白酪氨酸磷酸酶抗体测定					化验费	化验收入	2.诊断类：(6)实验室诊断费
CGD02PZ1	肝素/血小板因子抗体测定-化学发光免疫法					化验费	化验收入	2.诊断类：(6)实验室诊断费
CGD03001	基质金属蛋白酶3检测					化验费	化验收入	2.诊断类：(6)实验室诊断费
CGD04001	抗BB抗体蛋白测定	CGHP1000	抗BB抗体蛋白测定			化验费	化验收入	2.诊断类：(6)实验室诊断费
CGD05001	抗C1q抗体测定	CGKF1000	抗C1q抗体测定			化验费	化验收入	2.诊断类：(6)实验室诊断费
CGD06001	抗DNA酶B抗体测定	CGFU1000	抗DNA酶B抗体测定	250402048	抗DNA酶B抗体测定	化验费	化验收入	2.诊断类：(6)实验室诊断费
CGD07001	抗DNP抗体测定	CGDZ1000	抗DNP抗体测定	250402010	抗核糖核蛋白抗体测定	化验费	化验收入	2.诊断类：(6)实验室诊断费
CGD08001	抗ENA抗体谱测定	CGDC1000	ENA抗体谱六项测定			化验费	化验收入	2.诊断类：(6)实验室诊断费
CGD09001	抗gp210抗体测定	CGDX1000	抗gp210抗体测定	250402008	抗核骨架蛋白抗体测定(amin)	化验费	化验收入	2.诊断类：(6)实验室诊断费
CGD10001	抗Hu抗体(抗神经元核抗体1型,ANNA-1)测定	CGHU8000	抗Hu抗体(抗神经元核抗体1型,ANNA-1)测定			化验费	化验收入	2.诊断类：(6)实验室诊断费
CGD11001	抗Jo-1抗体测定	CGDF1000	抗Jo-1抗体测定			化验费	化验收入	2.诊断类：(6)实验室诊断费
CGD12001	抗Ku抗体测定	CGJY1000	抗Ku抗体测定			化验费	化验收入	2.诊断类：(6)实验室诊断费
CGD13001	抗Mi-2抗体测定	CGJX1000	抗Mi-2抗体测定			化验费	化验收入	2.诊断类：(6)实验室诊断费
CGD14001	抗nRNP/Sm抗体测定	CGDG1000	抗nRNP/Sm抗体测定			化验费	化验收入	2.诊断类：(6)实验室诊断费
CGD15001	抗PL-12抗体测定	CGJV1000	抗PL-12抗体测定			化验费	化验收入	2.诊断类：(6)实验室诊断费
CGD16001	抗PL-7抗体测定	CGJW1000	抗PL-7抗体测定			化验费	化验收入	2.诊断类：(6)实验室诊断费
CGD17001	抗PM-Scl抗体(抗PM-1抗体)测定	CGEW1000	抗PM-Scl抗体(抗PM-1抗体)测定	250402025	抗硬皮病抗体测定	化验费	化验收入	2.诊断类：(6)实验室诊断费
CGD18001	抗pm-sel抗体测定					化验费	化验收入	2.诊断类：(6)实验室诊断费
CGD19001	抗蛋白酶3抗体检测					化验费	化验收入	2.诊断类：(6)实验室诊断费
CGD20001	葡萄糖6-磷酸异构酶抗原检测	CGHR1000	葡萄糖-6-磷酸异构酶(GPI)抗原测定			化验费	化验收入	2.诊断类：(6)实验室诊断费
CGD21001	系统性红斑狼疮因子试验	CGDA1000	系统性红斑狼疮因子(LEF)试验	250402001	系统性红斑狼疮因子试验(LEF)	化验费	化验收入	2.诊断类：(6)实验室诊断费
CGD22001	血浆热休克蛋白90a测定					化验费	化验收入	2.诊断类：(6)实验室诊断费
CGD23001	胰蛋白酶原-2检测					化验费	化验收入	2.诊断类：(6)实验室诊断费
CGE01001	抗RA33抗体测定	CGFT1000	抗RA33抗体测定	250402047	抗RA33抗体测定	化验费	化验收入	2.诊断类：(6)实验室诊断费
CGE02001	抗Ri抗体测定	CGHT8000	抗Ri抗体(抗神经元核抗体2型,ANNA-2)测定			化验费	化验收入	2.诊断类：(6)实验室诊断费
CGE03001	抗RNP抗体测定	CGDH1000	抗RNP抗体测定			化验费	化验收入	2.诊断类：(6)实验室诊断费
CGE04001	抗Sa抗体测定	CGFW1000	抗Sa抗体测定	250402050	抗Sa抗体测定	化验费	化验收入	2.诊断类：(6)实验室诊断费
CGE05001	抗Scl-70抗体测定	CGDJ1000	抗Scl-70抗体测定			化验费	化验收入	2.诊断类：(6)实验室诊断费
CGE06001	抗Sm抗体测定	CGDK1000	抗Sm抗体测定			化验费	化验收入	2.诊断类：(6)实验室诊断费
CGE07001	抗sp100抗体测定	CGJP1000	抗sp100抗体测定			化验费	化验收入	2.诊断类：(6)实验室诊断费
CGE08001	抗SSA52抗体测定	CGDL1000	抗SSA52抗体测定			化验费	化验收入	2.诊断类：(6)实验室诊断费
CGE09001	抗SSA60抗体测定	CGDM1000	抗SSA60抗体测定			化验费	化验收入	2.诊断类：(6)实验室诊断费
CGE10001	抗SSA抗体测定	CGDN1000	抗SSA抗体测定			化验费	化验收入	2.诊断类：(6)实验室诊断费
CGE11001	抗SS-B抗体测定	CGDP1000	抗SS-B抗体测定			化验费	化验收入	2.诊断类：(6)实验室诊断费
CGE12001	抗Yo抗体测定	CGHV1000	抗Yo抗体(抗浦肯野细胞抗体,PCA-1)测定			化验费	化验收入	2.诊断类：(6)实验室诊断费
CGE13001	抗α胞衬蛋白抗体测定	CGFZ1000	抗α胞衬蛋白抗体测定	250402053	抗α胞衬蛋白抗体测定	化验费	化验收入	2.诊断类：(6)实验室诊断费
CGE14001	抗β2-糖蛋白1抗体测定	CGFN1000	抗β2-糖蛋白1抗体测定	250402042	抗β2-糖蛋白1抗体测定	化验费	化验收入	2.诊断类：(6)实验室诊断费
CGE15001	抗白蛋白抗体测定	CGFC1000	抗白蛋白抗体测定	250402031	抗白蛋白抗体测定	化验费	化验收入	2.诊断类：(6)实验室诊断费
CGE16001	抗变异上皮抗体检测	CGHE1000	抗变异上皮抗体检测			化验费	化验收入	2.诊断类：(6)实验室诊断费
CGE17001	抗表皮基底膜抗体检测	CGHD1000	抗表皮基底膜抗体检测			化验费	化验收入	2.诊断类：(6)实验室诊断费
CGE18001	抗表皮棘细胞桥粒连接抗体检测	CGHC1000	抗表皮棘细胞桥粒连接抗体检测			化验费	化验收入	2.诊断类：(6)实验室诊断费
CGE19001	抗补体抗体测定	CGFD1000	抗补体抗体测定	250402032	抗补体抗体测定	化验费	化验收入	2.诊断类：(6)实验室诊断费
CGE20001	抗肠杯状细胞抗体测定	CGJT1000	抗肠杯状细胞抗体测定			化验费	化验收入	2.诊断类：(6)实验室诊断费
CGE21001	抗单链DNA测定	CGDR1000	抗单链DNA测定	250402004	抗单链DNA测定	化验费	化验收入	2.诊断类：(6)实验室诊断费
CGE22001	抗肺泡基底膜抗体检测	CGGT1000	抗肺泡基底膜抗体检测			化验费	化验收入	2.诊断类：(6)实验室诊断费
CGE23001	抗钙通道抗体检测	CGHA1000	抗钙通道抗体检测			化验费	化验收入	2.诊断类：(6)实验室诊断费
CGE24001	抗肝/肾微粒体1型抗体(抗LKM-1抗体)测定	CGJQ1000	抗肝/肾微粒体1型抗体(抗LKM-1抗体)测定			化验费	化验收入	2.诊断类：(6)实验室诊断费
CGE25001	抗肝细胞溶质抗原Ⅰ型抗体(LC-1)测定	CGFS1000	抗肝细胞溶质抗原Ⅰ型抗体(LC-1)测定	250402046	抗肝细胞溶质抗原I型抗体测定(LC-1)	化验费	化验收入	2.诊断类：(6)实验室诊断费
CGF01001	抗肝细胞特异性脂蛋白抗体测定	CGEC1000	抗肝细胞特异性脂蛋白抗体测定	250402013	抗肝细胞特异性脂蛋白抗体测定	化验费	化验收入	2.诊断类：(6)实验室诊断费
CGF02001	抗睾丸间质细胞抗体测定	CGJA1000	抗睾丸间质细胞抗体测定			化验费	化验收入	2.诊断类：(6)实验室诊断费
CGF03001	抗谷氨酸受体(NMDA)抗体检测					化验费	化验收入	2.诊断类：(6)实验室诊断费
CGF04001	抗谷氨酸脱羧酶抗体(GAD)检测	CGGL1000	抗谷氨酸脱羧酶抗体(GAD)检测	250310043	血清抗谷氨酸脱羧酶抗体测定	化验费	化验收入	2.诊断类：(6)实验室诊断费
CGF05001	抗骨骼肌抗体(ASA)检测	CGEG1000	抗骨骼肌抗体(ASA)检测	250402014	抗组织细胞抗体测定	化验费	化验收入	2.诊断类：(6)实验室诊断费
		CGDD1000	抗核提取物抗体(抗ENA抗体)七项测定	250402003	抗核提取物抗体测定(抗ENA抗体)	化验费	化验收入	2.诊断类：(6)实验室诊断费
		CGDE1000	抗核抗体谱八项测定			化验费	化验收入	2.诊断类：(6)实验室诊断费
CGF06001	抗核抗体(ANA)测定	CGDB1000	抗核抗体(ANA)测定	250402002	抗核抗体测定(ANA)	化验费	化验收入	2.诊断类：(6)实验室诊断费
CGF07001	抗核糖体P蛋白(rRNP)抗体测定	CGDY1000	抗核糖体P蛋白(rRNP)抗体测定	250402009	抗核糖体抗体测定	化验费	化验收入	2.诊断类：(6)实验室诊断费
CGF08001	抗核小体抗体(AnuA)测定	CGFQ1000	抗核小体抗体(AnuA)测定	250402044	抗核小体抗体测定(AnuA)	化验费	化验收入	2.诊断类：(6)实验室诊断费
CGF09001	抗核周因子抗体(APF)测定	CGFR1000	抗核周因子抗体(APF)测定	250402045	抗核周因子抗体(APF)测定	化验费	化验收入	2.诊断类：(6)实验室诊断费
CGF10001	抗滑膜抗体测定	CGJF1000	抗滑膜抗体测定			化验费	化验收入	2.诊断类：(6)实验室诊断费
CGF11001	抗环瓜氨酸肽抗体(抗CCP)测定	CGFM1000	抗环瓜氨酸肽抗体(抗CCP)测定	250402041	抗环瓜氨酸肽抗体(抗CCP抗体)测定	化验费	化验收入	2.诊断类：(6)实验室诊断费
CGF12001	抗肌内膜抗体(EMA)测定	CGJL1000	抗肌内膜抗体(EMA)测定			化验费	化验收入	2.诊断类：(6)实验室诊断费
		CGKJ1000	抗肌内膜抗体检测			化验费	化验收入	2.诊断类：(6)实验室诊断费
CGF13001	抗甲状旁腺抗体测定	CGHY1000	抗甲状旁腺抗体测定			化验费	化验收入	2.诊断类：(6)实验室诊断费
CGF14001	抗胶原I-VI抗体检测	CGHM1000	抗胶原I-VI抗体检测			化验费	化验收入	2.诊断类：(6)实验室诊断费
CGF15001	抗角蛋白抗体(AKA)测定	CGFJ1000	抗角蛋白抗体(AKA)测定	250402038	抗角蛋白抗体(AKA)测定	化验费	化验收入	2.诊断类：(6)实验室诊断费
CGF16001	抗角蛋白丝聚集素(丝集蛋白)抗体测定	CGJJ1000	抗角蛋白丝聚集素(丝集蛋白)抗体测定			化验费	化验收入	2.诊断类：(6)实验室诊断费
CGF17001	抗精子抗体测定	CGEV1000	抗精子抗体测定	250402024	抗精子抗体测定	化验费	化验收入	2.诊断类：(6)实验室诊断费
CGF18001	抗聚角蛋白微丝蛋白抗体(AFA)测定	CGFX1000	抗聚角蛋白微丝蛋白抗体(AFA)测定	250402051	抗聚角蛋白微丝蛋白抗体(AFA)测定	化验费	化验收入	2.诊断类：(6)实验室诊断费
CGF19001	抗可溶性肝抗原/肝-胰抗原抗体(SLA/LP)测定	CGFK1000	抗可溶性肝抗原/肝-胰抗原抗体(SLA/LP)测定	250402039	抗可溶性肝抗原/肝-胰抗原抗体(SLA/LP)测定	化验费	化验收入	2.诊断类：(6)实验室诊断费
CGF20001	抗酪氨酸磷酸酶(IA2)抗体检测	CGGM1000	抗酪氨酸磷酸酶(IA2)抗体检测			化验费	化验收入	2.诊断类：(6)实验室诊断费
CGF21001	抗磷壁酸抗体测定	CGFA1000	抗磷壁酸抗体测定	250402029	抗磷壁酸抗体测定	化验费	化验收入	2.诊断类：(6)实验室诊断费
CGF22001	抗磷脂酰丝氨酸抗体检测	CGHH1000	抗磷脂酰丝氨酸抗体检测			化验费	化验收入	2.诊断类：(6)实验室诊断费
CGF23001	抗卵巢抗体测定	CGET1000	抗卵巢抗体测定	250402022	抗卵巢抗体测定	化验费	化验收入	2.诊断类：(6)实验室诊断费
CGF24001	抗麦胶蛋白(麦醇溶蛋白)抗体(AGA)测定	CGJK1000	抗麦胶蛋白(麦醇溶蛋白)抗体(AGA)测定			化验费	化验收入	2.诊断类：(6)实验室诊断费
		CGFB1000	抗鞘磷脂抗体测定	250402030	抗鞘磷脂抗体测定	化验费	化验收入	2.诊断类：(6)实验室诊断费
		CGFL1000	抗肝肾微粒体抗体(LKM)测定	250402040	抗肝肾微粒体抗体(LKM)测定	化验费	化验收入	2.诊断类：(6)实验室诊断费
CGG01001	抗脑垂体抗体测定	CGHX1000	抗脑垂体抗体测定			化验费	化验收入	2.诊断类：(6)实验室诊断费
CGG02001	抗脑组织抗体测定	CGER1000	抗脑组织抗体测定	250402020	抗脑组织抗体测定	化验费	化验收入	2.诊断类：(6)实验室诊断费
CGG03001	抗内皮细胞抗体检测	CGHF1000	抗内皮细胞抗体检测			化验费	化验收入	2.诊断类：(6)实验室诊断费
CGG04001	抗内因子抗体测定	CGFF1000	抗内因子抗体测定	250402034	抗内因子抗体测定	化验费	化验收入	2.诊断类：(6)实验室诊断费
CGG05001	抗酿酒酵母(ASCA)抗体测定	CGJS1000	抗酿酒酵母(ASCA)抗体测定			化验费	化验收入	2.诊断类：(6)实验室诊断费
CGG06001	抗凝血酶原抗体测定	CGKH1000	抗凝血酶原抗体测定			化验费	化验收入	2.诊断类：(6)实验室诊断费
CGG07001	抗平滑肌抗体(SMA)检测	CGEF1000	抗平滑肌抗体(SMA)检测			化验费	化验收入	2.诊断类：(6)实验室诊断费
CGG08001	抗桥粒芯糖蛋白-1抗体(抗Dsg-1抗体)测定	CGKB1000	抗桥粒芯糖蛋白-1抗体(抗Dsg-1抗体)测定			化验费	化验收入	2.诊断类：(6)实验室诊断费
CGG09001	抗桥粒芯糖蛋白-3抗体(抗Dsg-3抗体)测定	CGKA1000	桥粒芯糖蛋白-3抗体(抗Dsg-3抗体)测定			化验费	化验收入	2.诊断类：(6)实验室诊断费
CGG10001	抗去非唾液糖蛋白受体(抗ASGPR抗体)测定	CGJM1000	抗去非唾液糖蛋白受体(抗ASGPR抗体)测定			化验费	化验收入	2.诊断类：(6)实验室诊断费
CGG11001	抗染色体抗体检测	CGEA1000	抗染色体抗体检测	250402011	抗染色体抗体测定	化验费	化验收入	2.诊断类：(6)实验室诊断费
CGG12001	抗人绒毛膜促性腺激素抗体(AHCGAb)测定	CGGA1000	抗人绒毛膜促性腺激素抗体(AHCGAb)测定	250402054	抗人绒毛膜促性腺激素抗体(AHCGAb)测定	化验费	化验收入	2.诊断类：(6)实验室诊断费
CGG13001	抗软骨抗体检测	CGHB1000	抗软骨抗体检测			化验费	化验收入	2.诊断类：(6)实验室诊断费
CGG14001	抗腮腺管抗体测定	CGES1000	抗腮腺管抗体测定	250402021	抗腮腺管抗体测定	化验费	化验收入	2.诊断类：(6)实验室诊断费
CGG15001	抗腮腺外分泌腺排出道和腺泡抗体检测	CGGZ1000	抗腮腺外分泌腺排出道和腺泡抗体检测			化验费	化验收入	2.诊断类：(6)实验室诊断费
CGG16001	抗神经节苷脂抗体测定	CGGB8000	抗神经节苷脂抗体测定	250402055	抗神经节苷脂IgG,IgM抗体测定	化验费	化验收入	2.诊断类：(6)实验室诊断费
CGG17001	抗肾上腺皮质抗体检测	CGGK1000	抗肾上腺皮质抗体检测			化验费	化验收入	2.诊断类：(6)实验室诊断费
CGG18001	抗肾上腺细胞抗体(AAA)检测	CGEH1000	抗肾上腺细胞抗体(AAA)检测	250402014	抗组织细胞抗体测定	化验费	化验收入	2.诊断类：(6)实验室诊断费
CGG19001	抗肾小球基底膜抗体测定	CGEQ1000	抗肾小球基底膜抗体测定	250402019	抗肾小球基底膜抗体测定	化验费	化验收入	2.诊断类：(6)实验室诊断费
CGG20001	抗生长激素抗体检测	CGGG1000	抗生长激素抗体检测			化验费	化验收入	2.诊断类：(6)实验室诊断费
CGG21001	抗双链DNA(抗dsDNA)测定	CGDT1000	抗双链DNA(抗dsDNA)测定	250402006	抗双链DNA测定(抗dsDNA)	化验费	化验收入	2.诊断类：(6)实验室诊断费
CGG22001	抗胎盘合体滋养层细胞抗体测定	CGHZ1000	抗胎盘合体滋养层细胞抗体测定			化验费	化验收入	2.诊断类：(6)实验室诊断费
CGG23001	抗胎盘抗原抗体检测	CGGN1000	抗胎盘抗原抗体检测			化验费	化验收入	2.诊断类：(6)实验室诊断费
CGG24001	抗透明带抗体测定	CGFP1000	抗透明带抗体测定	250402043	抗透明带抗体(AZP)测定	化验费	化验收入	2.诊断类：(6)实验室诊断费
CGG25001	抗突变型瓜氨酸波型蛋白(MCV)抗体测定	CGKE1000	抗突变型瓜氨酸波型蛋白(MCV)抗体测定			化验费	化验收入	2.诊断类：(6)实验室诊断费
CGG26001	抗脱氧核糖核酸酶抗体检测	CGGH1000	抗脱氧核糖核酸酶抗体检测			化验费	化验收入	2.诊断类：(6)实验室诊断费
		CGGS1000	抗眼部结构抗体检测			化验费	化验收入	2.诊断类：(6)实验室诊断费
		CGGU1000	肝脏特异抗原抗体筛查			化验费	化验收入	2.诊断类：(6)实验室诊断费
		CGGX1000	抗胰外分泌腺排出道和腺泡抗体检测			化验费	化验收入	2.诊断类：(6)实验室诊断费
		CGGY1000	抗泪腺外分泌腺排出道和腺泡抗体检测			化验费	化验收入	2.诊断类：(6)实验室诊断费
CGH01001	骨骼肌特异性酪氨酸受体激酶抗体检测					化验费	化验收入	2.诊断类：(6)实验室诊断费
CGH02001	抗AmPhiphsin抗体测定					化验费	化验收入	2.诊断类：(6)实验室诊断费
CGH03001	抗CV2抗体测定					化验费	化验收入	2.诊断类：(6)实验室诊断费
CGH04001	抗PNMA2(Ma/Ta)抗体测定					化验费	化验收入	2.诊断类：(6)实验室诊断费
CGH05001	抗促甲状腺激素刺激激素受体抗体测定	CGJC1000	抗促甲状腺激素刺激激素(TSH)受体抗体测定			化验费	化验收入	2.诊断类：(6)实验室诊断费
CGH06001	抗促甲状腺素抗体检测	CGHJ1000	抗促甲状腺素抗体检测			化验费	化验收入	2.诊断类：(6)实验室诊断费
CGH07001	抗促甲状腺素受体抗体检测	CGHK1000	抗促甲状腺素受体抗体检测			化验费	化验收入	2.诊断类：(6)实验室诊断费
CGH08001	抗肝细胞抗体检测	CGEJ1000	抗肝细胞抗体检测	250402014	抗组织细胞抗体测定	化验费	化验收入	2.诊断类：(6)实验室诊断费
CGH09001	抗核骨架蛋白(amin)抗体测定					化验费	化验收入	2.诊断类：(6)实验室诊断费
CGH10001	抗核糖核蛋白抗体测定			250402010	抗核糖核蛋白抗体测定	化验费	化验收入	2.诊断类：(6)实验室诊断费
CGH11001	抗甲状腺过氧化物酶抗体(TPOAb)测定	CGEP1000	抗甲状腺过氧化物酶抗体(TPOAb)测定			化验费	化验收入	2.诊断类：(6)实验室诊断费
CGH12001	抗甲状腺球蛋白抗体(TGAb)测定	CGEM1000	抗甲状腺球蛋白抗体(TGAb)测定	250402017	抗甲状腺球蛋白抗体测定(TGAb)	化验费	化验收入	2.诊断类：(6)实验室诊断费
CGH13001	抗甲状腺微粒体抗体(TMAb)测定	CGEN1000	抗甲状腺微粒体抗体(TMAb)测定	250402018	抗甲状腺微粒体抗体测定(TMAb)	化验费	化验收入	2.诊断类：(6)实验室诊断费
CGH14001	抗水通道蛋白-4(NMO/AQP4)抗体测定					化验费	化验收入	2.诊断类：(6)实验室诊断费
CGH15001	抗髓鞘少突胶质细胞糖蛋白抗体测定					化验费	化验收入	2.诊断类：(6)实验室诊断费
CGH16001	抗髓鞘相关糖蛋白抗体(抗MAG抗体)测定	CGHS1000	抗髓鞘相关糖蛋白抗体(抗MAG抗体)测定			化验费	化验收入	2.诊断类：(6)实验室诊断费
CGH17001	抗网硬蛋白抗体检测	CGHN1000	抗网硬蛋白抗体检测			化验费	化验收入	2.诊断类：(6)实验室诊断费
CGH18001	抗胃G细胞抗体检测	CGGV1000	抗胃G细胞抗体检测			化验费	化验收入	2.诊断类：(6)实验室诊断费
CGH19001	抗胃壁细胞抗体检测	CGED1000	抗胃壁细胞抗体检测	250402014	抗组织细胞抗体测定	化验费	化验收入	2.诊断类：(6)实验室诊断费
CGH20001	抗无髓神经纤维抗体检测	CGGR1000	抗无髓神经纤维抗体检测			化验费	化验收入	2.诊断类：(6)实验室诊断费
CGH21001	抗细胞浆抗体检测	CGGC1000	抗细胞浆抗体检测			化验费	化验收入	2.诊断类：(6)实验室诊断费
CGH22001	抗下丘脑抗体测定	CGHW1000	抗下丘脑抗体测定			化验费	化验收入	2.诊断类：(6)实验室诊断费
CGH23001	抗涎/腮腺导管抗体测定	CGKD1000	抗涎/腮腺导管抗体测定			化验费	化验收入	2.诊断类：(6)实验室诊断费
		CGDV1000	抗线粒体抗体(AMA)测定	250402007	抗线粒体抗体测定(AMA)	化验费	化验收入	2.诊断类：(6)实验室诊断费
		CGDW1000	抗线粒体亚型抗体(M2,M4,M9)测定			化验费	化验收入	2.诊断类：(6)实验室诊断费
CGH24001	抗线粒体M2亚型抗体(AMA-M2)测定	CGDU1000	抗线粒体M2亚型抗体(AMA-M2)测定			化验费	化验收入	2.诊断类：(6)实验室诊断费
		CGJR1000	抗线粒体抗体亚型抗体分型定量测定			化验费	化验收入	2.诊断类：(6)实验室诊断费
CGH25001	抗乙酰胆碱酯酶抗体测定					化验费	化验收入	2.诊断类：(6)实验室诊断费
		CGHG1000	抗主动脉抗体检测			化验费	化验收入	2.诊断类：(6)实验室诊断费
CGH26001	热休克蛋白90a检测					化验费	化验收入	2.诊断类：(6)实验室诊断费
CGJ01001	抗磷脂酶A2受体(PLA2R)抗体检测					化验费	化验收入	2.诊断类：(6)实验室诊断费
		CGJB1000	抗眼肌抗体测定			化验费	化验收入	2.诊断类：(6)实验室诊断费
		CGJG1000	抗粒细胞特异性抗核抗体测定			化验费	化验收入	2.诊断类：(6)实验室诊断费
		CGJH1000	抗类风湿关节炎核抗原抗体测定			化验费	化验收入	2.诊断类：(6)实验室诊断费
		CGJN1000	抗肝细胞胞浆抗原1型抗体(抗LC1抗体)测定			化验费	化验收入	2.诊断类：(6)实验室诊断费
CGJ02001	抗小肠杯状细胞抗体检测	CGGW1000	抗小肠杯状细胞抗体检测			化验费	化验收入	2.诊断类：(6)实验室诊断费
				250402014	抗组织细胞抗体测定	化验费	化验收入	2.诊断类：(6)实验室诊断费
CGJ03001	抗心肌抗体(AHA)测定	CGEK1000	抗心肌抗体(AHA)测定	250402015	抗心肌抗体测定(AHA)	化验费	化验收入	2.诊断类：(6)实验室诊断费
CGJ04001	抗心磷脂抗体(ACA)测定	CGEL1000	抗心磷脂抗体(ACA)测定	250402016	抗心磷脂抗体测定(ACA)	化验费	化验收入	2.诊断类：(6)实验室诊断费
CGJ05001	抗血液细胞抗体测定	CGEB1000	抗血液细胞抗体测定	250402012	抗血液细胞抗体测定	化验费	化验收入	2.诊断类：(6)实验室诊断费
CGJ06001	抗胰岛素抗体测定	CGEX1000	抗胰岛素抗体测定	250402026	抗胰岛素抗体测定	化验费	化验收入	2.诊断类：(6)实验室诊断费
CGJ07001	抗胰岛素受体抗体测定	CGEY1000	抗胰岛素受体抗体测定	250402027	抗胰岛素受体抗体测定	化验费	化验收入	2.诊断类：(6)实验室诊断费
CGJ08001	抗胰岛细胞抗体(IAA)检测测定	CGEE1000	抗胰岛细胞抗体(IAA)检测测定	250402014	抗组织细胞抗体测定	化验费	化验收入	2.诊断类：(6)实验室诊断费
CGJ09001	抗胰腺腺胞抗体测定	CGJU1000	抗胰腺腺胞抗体测定			化验费	化验收入	2.诊断类：(6)实验室诊断费
CGJ10001	抗乙酰胆碱受体抗体测定	CGEZ1000	抗乙酰胆碱受体抗体测定	250402028	抗乙酰胆碱受体抗体测定	化验费	化验收入	2.诊断类：(6)实验室诊断费
CGJ11001	抗有髓神经纤维抗体检测	CGGQ1000	抗有髓神经纤维抗体检测			化验费	化验收入	2.诊断类：(6)实验室诊断费
CGJ12001	抗载脂蛋白抗体测定	CGFE1000	抗载脂蛋白抗体测定	250402033	抗载脂蛋白抗体测定	化验费	化验收入	2.诊断类：(6)实验室诊断费
CGJ13001	抗增殖细胞核抗原抗体(抗PCNA)测定	CGFH1000	抗增殖细胞核抗原抗体(抗PCNA)测定	250402036	抗增殖细胞核抗原抗体(抗PCNA)测定	化验费	化验收入	2.诊断类：(6)实验室诊断费
CGJ14001	抗着丝点抗体测定	CGDQ1000	抗着丝点抗体测定			化验费	化验收入	2.诊断类：(6)实验室诊断费
CGJ15001	抗中心粒抗体检测	CGGJ1000	抗中心粒抗体检测			化验费	化验收入	2.诊断类：(6)实验室诊断费
CGJ16001	抗中性粒细胞胞浆抗体(cANCA)测定	CGDS1000	抗中性粒细胞胞浆抗体(cANCA)测定	250402005	抗中性粒细胞胞浆抗体测定(ANCA)	化验费	化验收入	2.诊断类：(6)实验室诊断费
CGJ17001	抗中性粒细胞胞浆抗体谱测定	CGJE1000	抗中性粒细胞胞浆抗体谱六项测定			化验费	化验收入	2.诊断类：(6)实验室诊断费
CGJ18001	抗中性粒细胞溶菌酶抗体检测	CGGE1000	抗中性粒细胞溶菌酶抗体检测			化验费	化验收入	2.诊断类：(6)实验室诊断费
CGJ19001	抗中性粒细胞乳铁蛋白抗体检测	CGGF1000	抗中性粒细胞乳铁蛋白抗体检测			化验费	化验收入	2.诊断类：(6)实验室诊断费
CGJ20001	抗中性粒细胞组织蛋白酶G抗体检测	CGGD1000	抗中性粒细胞组织蛋白酶G抗体检测			化验费	化验收入	2.诊断类：(6)实验室诊断费
CGJ21001	抗滋养膜抗体检测	CGHL1000	抗滋养膜抗体检测			化验费	化验收入	2.诊断类：(6)实验室诊断费
CGJ22001	抗子宫内膜抗体(EMAb)测定	CGEU1000	抗子宫内膜抗体(EMAb)测定	250402023	抗子宫内膜抗体测定(EMAb)	化验费	化验收入	2.诊断类：(6)实验室诊断费
CGJ23001	抗组蛋白抗体(AHA)测定	CGFV1000	抗组蛋白抗体(AHA)测定	250402049	抗组蛋白抗体(AHA)测定	化验费	化验收入	2.诊断类：(6)实验室诊断费
CGJ24001	青霉素抗体检测	CGHQ1000	青霉素抗体检测			化验费	化验收入	2.诊断类：(6)实验室诊断费
CGJ25001	神经元抗原抗体谱检测					化验费	化验收入	2.诊断类：(6)实验室诊断费
CGJ26001	移植相关MICA抗体初筛检测					化验费	化验收入	2.诊断类：(6)实验室诊断费
CGJ27001	异常凝血酶原(PIVKA-II)测定					化验费	化验收入	2.诊断类：(6)实验室诊断费
CGJ28001	异常糖链糖蛋白(TAP)测定					化验费	化验收入	2.诊断类：(6)实验室诊断费
CGK01001	Ⅱ型胶原抗体测定	CGJD1000	Ⅱ型胶原抗体测定			化验费	化验收入	2.诊断类：(6)实验室诊断费
CGK02001	麸质敏感性肠病抗体检测					化验费	化验收入	2.诊断类：(6)实验室诊断费
CGK03PC1	肝素/血小板因子抗体测定-透射比浊免疫法					化验费	化验收入	2.诊断类：(6)实验室诊断费
CGK03RA1	肝素/血小板因子抗体测定-试管凝集法					化验费	化验收入	2.诊断类：(6)实验室诊断费
CGK03RC1	肝素/血小板因子抗体测定-卡式柱凝集法					化验费	化验收入	2.诊断类：(6)实验室诊断费
CGK04001	抗BP180抗体测定	CGKC1000	抗BP180抗体测定			化验费	化验收入	2.诊断类：(6)实验室诊断费
CGK05001	抗BP230抗体测定					化验费	化验收入	2.诊断类：(6)实验室诊断费
CGK06001	抗表皮细胞基底膜抗体(类天疱疮抗体)测定	CGJZ1000	抗表皮细胞基底膜抗体(类天疱疮抗体)测定			化验费	化验收入	2.诊断类：(6)实验室诊断费
CGK07001	抗磷脂酰丝氨酸/凝血酶原复合物(PS/PT)抗体测定					化验费	化验收入	2.诊断类：(6)实验室诊断费
CGK08001	抗杀菌通透性增高蛋白(BPI)抗体测定	CGFY1000	抗杀菌通透性增高蛋白(BPI)抗体测定	250402052	抗杀菌通透性增高蛋白(BPI)抗体测定	化验费	化验收入	2.诊断类：(6)实验室诊断费
CGK09001	抗神经抗原抗体检测	CGGP1000	抗神经抗原抗体检测			化验费	化验收入	2.诊断类：(6)实验室诊断费
CGK10001	抗神经元抗体检测					化验费	化验收入	2.诊断类：(6)实验室诊断费
CGK11001	抗髓过氧化物酶抗体检测					化验费	化验收入	2.诊断类：(6)实验室诊断费
CGK12001	抗锌转运蛋白8(ZnT8)抗体测定					化验费	化验收入	2.诊断类：(6)实验室诊断费
CGK13001	类风湿因子(RF)测定	CGFG1000	类风湿因子(RF)测定	250402035	类风湿因子(RF)测定	化验费	化验收入	2.诊断类：(6)实验室诊断费
CGK14001	自身免疫性肌炎抗体谱测定					化验费	化验收入	2.诊断类：(6)实验室诊断费
CGK15001	自身免疫性脑炎抗谷氨酸受体抗体检测					化验费	化验收入	2.诊断类：(6)实验室诊断费
		CGKG1000	DNA酶活性(DnaseI)检测			化验费	化验收入	2.诊断类：(6)实验室诊断费
CGL-CGQ	3.感染免疫学检验							
CGL01001	Ⅲ型前胶原N端肽检测					化验费	化验收入	2.诊断类：(6)实验室诊断费
CGL02PE1	A群链球菌抗原检测-胶体金免疫层析法					化验费	化验收入	2.诊断类：(6)实验室诊断费
CGL03001	EB病毒核抗原抗体IgG(抗EBNAIgG)检测	CGMV1000	EB病毒核抗原抗体IgG(抗EBNAIgG)测定			化验费	化验收入	2.诊断类：(6)实验室诊断费
CGL04001	EB病毒抗体测定	CGMS1000	EB病毒抗体测定	250403025	EB病毒抗体测定	化验费	化验收入	2.诊断类：(6)实验室诊断费
CGL05001	EB病毒壳膜抗原抗体(抗VCA)检测	CGMT1000	EB病毒壳膜抗原抗体(抗VCA)测定			化验费	化验收入	2.诊断类：(6)实验室诊断费
CGL06001	EB病毒早期抗原抗体IgG(抗EAIgG)检测	CGMU1000	EB病毒早期抗原抗体IgG(抗EAIgG)测定			化验费	化验收入	2.诊断类：(6)实验室诊断费
CGL07001	TT病毒抗体检测	CGNQ1000	TT病毒抗体检测	250403074	TT病毒抗体检测	化验费	化验收入	2.诊断类：(6)实验室诊断费
CGL08001	埃可病毒抗体测定	CGNM1000	埃可病毒抗体测定	250403067	埃可病毒抗体检测	化验费	化验收入	2.诊断类：(6)实验室诊断费
CGL09001	斑疹伤寒抗体测定					化验费	化验收入	2.诊断类：(6)实验室诊断费
CGL10001	不加热血清反应素(USR)试验	CGPS1000	不加热血清反应素(USR)试验	250403055	不加热血清反应素试验	化验费	化验收入	2.诊断类：(6)实验室诊断费
CGL11001	布氏杆菌抗体测定	CGNX1000	布氏杆菌测定	250403041	布氏杆菌凝集试验	化验费	化验收入	2.诊断类：(6)实验室诊断费
CGL12001	肠道病毒71型IgM抗体检测					化验费	化验收入	2.诊断类：(6)实验室诊断费
CGL13001	成人淋巴细胞病毒抗体(HTLV)检测					化验费	化验收入	2.诊断类：(6)实验室诊断费
CGL14001	单纯疱疹病毒抗体测定	CGMQ1000	单纯疱疹病毒抗体测定	250403023	单纯疱疹病毒抗体测定	化验费	化验收入	2.诊断类：(6)实验室诊断费
				250403024		化验费	化验收入	2.诊断类：(6)实验室诊断费
CGL15001	单纯疱疹病毒抗原测定	CGNP8000	单纯疱疹病毒抗原测定	250403070	单纯疱疹病毒抗原测定	化验费	化验收入	2.诊断类：(6)实验室诊断费
		CGPD1000	鼠疫免疫学试验	250403045	鼠疫血清学试验	化验费	化验收入	2.诊断类：(6)实验室诊断费
		CGPE1000	芽生菌免疫学试验	250403046	芽生菌血清学试验	化验费	化验收入	2.诊断类：(6)实验室诊断费
		CGPF1000	耶尔森氏菌免疫学试验	250403047	耶尔森氏菌血清学试验	化验费	化验收入	2.诊断类：(6)实验室诊断费
		CGPH1000	野兔热免疫学试验	250403049	野兔热血清学试验	化验费	化验收入	2.诊断类：(6)实验室诊断费
		CGPN1000	立克次体免疫学试验	250403052	立克次体血清学试验	化验费	化验收入	2.诊断类：(6)实验室诊断费
		CGPT1000	钩端螺旋体病免疫学测定	250403056	钩端螺旋体病血清学试验	化验费	化验收入	2.诊断类：(6)实验室诊断费
		CGPV1000	莱姆氏螺旋体抗体测定	250403057	莱姆氏螺旋体抗体测定	化验费	化验收入	2.诊断类：(6)实验室诊断费
		CGPX1000	曲霉菌免疫学试验	250403059	曲霉菌血清学试验	化验费	化验收入	2.诊断类：(6)实验室诊断费
		CGPZ1000	孢子丝菌免疫学试验	250403061	孢子丝菌血清学试验	化验费	化验收入	2.诊断类：(6)实验室诊断费
CGL16001	肥达氏反应测定	CGNU1000	肥达氏反应测定	250403038	肥达氏反应	化验费	化验收入	2.诊断类：(6)实验室诊断费
CGL17001	肺吸虫抗原+抗体检测	CGQC1000	肺吸虫抗原和抗体测定	250403064	肺吸虫抗原和抗体测定	化验费	化验收入	2.诊断类：(6)实验室诊断费
CGL18001	肺炎链球菌抗原检测					化验费	化验收入	2.诊断类：(6)实验室诊断费
CGL19001	风疹病毒抗体测定	CGMK1000	风疹病毒抗体测定	250403021	风疹病毒抗体测定	化验费	化验收入	2.诊断类：(6)实验室诊断费
CGL20001	副流感病毒抗体测定	CGMY1000	副流感病毒抗体测定	250403028	副流感病毒抗体测定	化验费	化验收入	2.诊断类：(6)实验室诊断费
CGL21001	副流感病毒抗原检测					化验费	化验收入	2.诊断类：(6)实验室诊断费
CGL22001	弓形虫抗体测定	CGNR1000	弓形虫抗体测定	250403020	弓形体抗体测定	化验费	化验收入	2.诊断类：(6)实验室诊断费
CGL23001	弓形体抗体测定	CGMR1000	TORCH抗体测定			化验费	化验收入	2.诊断类：(6)实验室诊断费
CGL24001	冠状病毒抗体测定	CGNL1000	冠状病毒(变异株)抗体测定	250403069	严重急性呼吸综合征冠状病毒抗体测定	化验费	化验收入	2.诊断类：(6)实验室诊断费
CGL25001	呼吸道病原抗体测定	CJAE8000	呼吸道标本涂片革兰染色镜检查细菌	250501001	一般细菌涂片检查	化验费	化验收入	2.诊断类：(6)实验室诊断费
CGL26001	呼吸道合胞病毒抗体测定	CGMW1000	呼吸道合胞病毒抗体测定	250403026	呼吸道合胞病毒抗体测定	化验费	化验收入	2.诊断类：(6)实验室诊断费
CGL27001	呼吸道合胞病毒抗原测定	CGMX5000	呼吸道合胞病毒抗原测定	250403027	呼吸道合胞病毒抗原测定	化验费	化验收入	2.诊断类：(6)实验室诊断费
CGL28001	脊髓灰质炎病毒抗体测定	CGNF8000	脊髓灰质炎病毒抗体测定	250403035	病毒血清学试验	化验费	化验收入	2.诊断类：(6)实验室诊断费
CGL29001	甲苯胺红不加热血清试验(TRUST)	CGPR1000	甲苯胺红不加热血清试验(TRUST)			化验费	化验收入	2.诊断类：(6)实验室诊断费
CGM01001	甲型肝炎抗体(抗HAV)检测	CGLE1000	甲型肝炎抗体(抗HAV)测定	250403001	甲型肝炎抗体测定(Anti-HAV)	化验费	化验收入	2.诊断类：(6)实验室诊断费
CGM02001	甲型肝炎抗原(HAVAg)检测	CGLF3000	甲型肝炎抗原(HAVAg)测定	250403002	甲型肝炎抗原测定(HAVAg)	化验费	化验收入	2.诊断类：(6)实验室诊断费
CGM03001	乙肝病毒表面抗原确认试验(HBsAgConfirm)测定	CGLJ1000	乙肝病毒表面抗原确认试验(HBsAgConfirm)测定			化验费	化验收入	2.诊断类：(6)实验室诊断费
CGM04001	乙型肝炎e抗体(HBeAb)定量测定	CGLP1000	乙型肝炎e抗体(HBeAb)测定	250403007	乙型肝炎e抗体测定(AntiHBe)	化验费	化验收入	2.诊断类：(6)实验室诊断费
CGM05001	乙型肝炎e抗体(HBeAb)定性检测					化验费	化验收入	2.诊断类：(6)实验室诊断费
CGM06001	乙型肝炎e抗原定量(HBeAg)测定	CGLN1000	乙型肝炎e抗原定量(HBeAg)测定	250403006	乙型肝炎e抗原测定(HBeAg)	化验费	化验收入	2.诊断类：(6)实验室诊断费
CGM07001	乙型肝炎e抗原定性(HBeAg)检测	CGLM1000	乙型肝炎e抗原定性(HBeAg)测定			化验费	化验收入	2.诊断类：(6)实验室诊断费
CGM08001	乙型肝炎表面抗体定量(抗HBs)测定	CGLL1000	乙型肝炎表面抗体定量(抗HBs)测定	250403005	乙型肝炎表面抗体测定(AntiHBs)	化验费	化验收入	2.诊断类：(6)实验室诊断费
CGM09001	乙型肝炎表面抗体定性(抗HBs)检测	CGLK1000	乙型肝炎表面抗体定性(抗HBs)测定	250403005	乙型肝炎表面抗体测定(AntiHBs)	化验费	化验收入	2.诊断类：(6)实验室诊断费
CGM10001	乙型肝炎表面抗原定量(HBsAg)测定	CGLH1000	乙型肝炎表面抗原定量(HBsAg)测定	250403004	乙型肝炎表面抗原测定(HBsAg)	化验费	化验收入	2.诊断类：(6)实验室诊断费
CGM11001	乙型肝炎表面抗原定性(HBsAg)检测	CGLG1000	乙型肝炎表面抗原定性(HBsAg)测定			化验费	化验收入	2.诊断类：(6)实验室诊断费
CGM12001	乙型肝炎病毒大蛋白(HBV-LP)检测					化验费	化验收入	2.诊断类：(6)实验室诊断费
CGM13001	乙型肝炎病毒大蛋白抗原检测					化验费	化验收入	2.诊断类：(6)实验室诊断费
CGM14001	乙型肝炎病毒外膜大蛋白抗原检测	CGLX1000	乙型肝炎病毒外膜大蛋白抗原测定			化验费	化验收入	2.诊断类：(6)实验室诊断费
CGM15001	乙型肝炎病毒外膜蛋白前S1抗体检测	CGLU1000	乙型肝炎病毒外膜蛋白前S1抗体测定			化验费	化验收入	2.诊断类：(6)实验室诊断费
CGM16001	乙型肝炎病毒外膜蛋白前S1抗原检测	CGLT1000	乙型肝炎病毒外膜蛋白前S1抗原测定	250403011	乙型肝炎病毒外膜蛋白前S1抗原测定	化验费	化验收入	2.诊断类：(6)实验室诊断费
CGM17001	乙型肝炎病毒外膜蛋白前S2抗体检测	CGLW1000	乙型肝炎病毒外膜蛋白前S2抗体测定			化验费	化验收入	2.诊断类：(6)实验室诊断费
CGM18001	乙型肝炎病毒外膜蛋白前S2抗原检测	CGLV1000	乙型肝炎病毒外膜蛋白前S2抗原测定	250403012	乙型肝炎病毒外膜蛋白前S2抗原测定	化验费	化验收入	2.诊断类：(6)实验室诊断费
CGM19001	乙型肝炎核心抗体(HBcAb)定量测定	CGLS1000	乙型肝炎核心抗体(抗HBc)测定	250403009	乙型肝炎核心抗体测定(Anti-HBc)	化验费	化验收入	2.诊断类：(6)实验室诊断费
CGM20001	乙型肝炎核心抗体(HBcAb)定性检测	CGLS1000	乙型肝炎核心抗体(抗HBc)测定	250403009	乙型肝炎核心抗体测定(Anti-HBc)	化验费	化验收入	2.诊断类：(6)实验室诊断费
				250403010	乙型肝炎核心IgM抗体测定(Anti-HBcIgM)	化验费	化验收入	2.诊断类：(6)实验室诊断费
CGM21001	乙型肝炎核心抗原(HBcAg)检测	CGLQ6000	乙型肝炎核心抗原(HBcAg)测定	250403008	乙型肝炎核心抗原测定(HBcAg)	化验费	化验收入	2.诊断类：(6)实验室诊断费
CGM22001	乙型肝炎核心抗原定量(HBcAg)测定	CGLR6000	乙型肝炎核心抗原定量(HBcAg)测定			化验费	化验收入	2.诊断类：(6)实验室诊断费
CGM23001	丙型肝炎病毒抗体确认实验					化验费	化验收入	2.诊断类：(6)实验室诊断费
CGM24001	丙型肝炎核心抗原检测	CGLY1000	丙型肝炎核心抗原测定			化验费	化验收入	2.诊断类：(6)实验室诊断费
CGM25001	丙型肝炎抗体(抗HCV)检测	CGMA1000	丙型肝炎抗体(抗HCV)测定	250403014	丙型肝炎抗体测定(Anti-HCV)	化验费	化验收入	2.诊断类：(6)实验室诊断费
CGM26001	丁型肝炎抗体(抗HDV)检测	CGMB1000	丁型肝炎抗体(抗HDV)测定	250403015	丁型肝炎抗体测定(Anti-HDV)	化验费	化验收入	2.诊断类：(6)实验室诊断费
CGM27001	丁型肝炎抗原(HDVAg)检测	CGMC1000	丁型肝炎抗原(HDVAg)测定	250403016	丁型肝炎抗原测定(HDVAg)	化验费	化验收入	2.诊断类：(6)实验室诊断费
CGM28001	戊型肝炎抗体(抗HEV)检测	CGMD1000	戊型肝炎抗体(抗HEV)测定	250403017	戊型肝炎抗体测定(Anti-HEV)	化验费	化验收入	2.诊断类：(6)实验室诊断费
CGM29001	庚型肝炎抗体(抗HGV)检测	CGME1000	庚型肝炎抗体(抗HGV)测定	250403018	庚型肝炎IgG抗体测定(Anti-HGVIgG)	化验费	化验收入	2.诊断类：(6)实验室诊断费
CGN01001	甲型流感病毒抗体测定	CGLA1000	甲型流感病毒抗体测定	250403035	病毒血清学试验	化验费	化验收入	2.诊断类：(6)实验室诊断费
CGN02001	甲型流感病毒抗原检测	CGLB1000	甲型流感病毒抗原检测			化验费	化验收入	2.诊断类：(6)实验室诊断费
CGN03PE1	结核分枝杆菌TB-SA抗体检测-胶体金免疫层析法					化验费	化验收入	2.诊断类：(6)实验室诊断费
CGN04001	结核分枝杆菌抗体测定	CGPA1000	结核分枝杆菌抗体测定			化验费	化验收入	2.诊断类：(6)实验室诊断费
CGN05001	巨细胞病毒抗体测定	CGMM1000	巨细胞病毒抗体测定	250403022	巨细胞病毒抗体测定	化验费	化验收入	2.诊断类：(6)实验室诊断费
CGN06PK1	巨细胞病毒抗原(CMVPP65)检测-免疫荧光法	CGML8000	巨细胞病毒抗原血症(CMVPP65)测定	250501036	其它病毒的血清学诊断	化验费	化验收入	2.诊断类：(6)实验室诊断费
CGN07001	抗链球菌溶血素O检测	CGPB1000	抗链球菌溶血素O(ASO)测定	250403043	抗链球菌溶血素O测定(ASO)	化验费	化验收入	2.诊断类：(6)实验室诊断费
CGN08001	抗链球菌透明质酸酶试验	CGPC1000	抗链球菌透明质酸酶试验	250403044	抗链球菌透明质酸酶试验	化验费	化验收入	2.诊断类：(6)实验室诊断费
CGN09001	抗细小病毒B19抗体测定					化验费	化验收入	2.诊断类：(6)实验室诊断费
CGN10001	抗恙虫病抗体检测					化验费	化验收入	2.诊断类：(6)实验室诊断费
CGN11001	柯萨奇病毒抗体测定	CGNG1000	柯萨奇病毒抗体测定	250403035	病毒血清学试验	化验费	化验收入	2.诊断类：(6)实验室诊断费
CGN12001	狂犬病毒抗体测定	CGNE8000	狂犬病毒抗体测定	250403034	狂犬病毒抗体测定	化验费	化验收入	2.诊断类：(6)实验室诊断费
CGN13001	冷凝集试验	CGNT1000	冷凝集试验	250403037	冷凝集试验	化验费	化验收入	2.诊断类：(6)实验室诊断费
CGN14001	流行性出血热病毒抗体测定	CGND1000	流行性出血热病毒抗体测定	250403033	流行性出血热病毒抗体测定	化验费	化验收入	2.诊断类：(6)实验室诊断费
CGN15001	流行性腮腺炎病毒抗体测定	CGNJ1000	流行性腮腺炎病毒抗体测定	250403035	病毒血清学试验	化验费	化验收入	2.诊断类：(6)实验室诊断费
CGN16001	流行性乙型脑炎病毒抗体测定	CGNH8000	流行性乙型脑炎病毒抗体测定			化验费	化验收入	2.诊断类：(6)实验室诊断费
CGN17001	轮状病毒抗体检测			250501035		化验费	化验收入	2.诊断类：(6)实验室诊断费
CGN18001	麻疹病毒抗体测定	CGNK1000	麻疹病毒抗体测定	250403035	病毒血清学试验	化验费	化验收入	2.诊断类：(6)实验室诊断费
CGN19001	梅毒螺旋体抗体(抗TP)测定	CGPP1000	梅毒螺旋体抗体(抗TP)测定	250403053	梅毒螺旋体特异抗体测定	化验费	化验收入	2.诊断类：(6)实验室诊断费
CGN20001	密螺旋体颗粒凝集(TPPA)试验	CGPU1000	密螺旋体颗粒凝集(TPPA)试验			化验费	化验收入	2.诊断类：(6)实验室诊断费
CGN21001	禽流感病毒抗体测定	CGLD1000	禽型流感病毒抗体测定			化验费	化验收入	2.诊断类：(6)实验室诊断费
CGN22001	禽流感病毒抗原检测					化验费	化验收入	2.诊断类：(6)实验室诊断费
CGN23001	球孢子菌免疫学检验	CGQA1000	球孢子菌免疫学试验	250403062	球孢子菌血清学试验	化验费	化验收入	2.诊断类：(6)实验室诊断费
CGN24PN1	曲霉抗体检测-酶联免疫法					化验费	化验收入	2.诊断类：(6)实验室诊断费
		CGQH3000	粪便空肠弯曲菌抗原测定	250403081	粪便空肠弯曲菌抗原测定	化验费	化验收入	2.诊断类：(6)实验室诊断费
CGN25001	人轮状病毒抗原测定	CGNC3000	人轮状病毒抗原测定	250403032	人轮状病毒抗原测定	化验费	化验收入	2.诊断类：(6)实验室诊断费
CGP01001	人免疫缺陷病毒(HIV)抗原抗体联合检测	CGMG1000	艾滋病联合试验(HIVcombin)			化验费	化验收入	2.诊断类：(6)实验室诊断费
CGP02001	人免疫缺陷病毒P24抗原测定	CGMH1000	人免疫缺陷病毒P24抗原测定			化验费	化验收入	2.诊断类：(6)实验室诊断费
CGP03001	人免疫缺陷病毒抗体(抗HIV)测定	CGMF1000	人免疫缺陷病毒抗体(抗HIV)测定	250403019	人免疫缺陷病毒抗体测定(Anti-HIV)	化验费	化验收入	2.诊断类：(6)实验室诊断费
CGP04001	人免疫缺陷病毒抗体确认试验	CGMJ1000	人免疫缺陷病毒抗体确认试验			化验费	化验收入	2.诊断类：(6)实验室诊断费
CGP05001	森林脑炎病毒抗体检测					化验费	化验收入	2.诊断类：(6)实验室诊断费
		CGMN1000	单纯疱疹病毒抗体-Ⅰ型测定			化验费	化验收入	2.诊断类：(6)实验室诊断费
		CGMP1000	单纯疱疹病毒抗体-Ⅱ型测定			化验费	化验收入	2.诊断类：(6)实验室诊断费
CGP06001	沙眼衣原体检测	CGPK8000	沙眼衣原体免疫学试验	250403051	沙眼衣原体肺炎血清学试验	化验费	化验收入	2.诊断类：(6)实验室诊断费
CGP07001	嗜异性凝集试验	CGNS1000	嗜异性凝集试验	250403036	嗜异性凝集试验	化验费	化验收入	2.诊断类：(6)实验室诊断费
CGP08001	水痘-带状疱疹病毒抗体测定	CGNA8000	水痘-带状疱疹病毒抗体测定	250403030	水痘-带状疱疹病毒抗体测定	化验费	化验收入	2.诊断类：(6)实验室诊断费
CGP09001	碳13尿素呼气试验	CGQE9000	碳13尿素呼气试验	250403079	13碳尿素呼气试验	化验费	化验收入	2.诊断类：(6)实验室诊断费
CGP10001	碳14尿素呼气试验	CGQF9000	碳14尿素呼气试验			化验费	化验收入	2.诊断类：(6)实验室诊断费
		CGNN2000	尿液人类免疫缺陷病毒Ⅰ型(HIV-I)抗体测定	250403068	尿液人类免疫缺陷病毒I型(HIV-I)抗体测定	化验费	化验收入	2.诊断类：(6)实验室诊断费
		CGNW1000	斑疹伤寒抗体测定	250403040	斑疹伤寒抗体测定	化验费	化验收入	2.诊断类：(6)实验室诊断费
CGP11001	特异性IgE定性检测	CGUA1000	血清过敏原特异IgE测定			化验费	化验收入	2.诊断类：(6)实验室诊断费
		CGUB1000	血清过敏原特异IgG测定			化验费	化验收入	2.诊断类：(6)实验室诊断费
CGP12001	天疱疮抗体测定	CGMZ1000	天疱疮抗体测定	250403029	天疱疮抗体测定	化验费	化验收入	2.诊断类：(6)实验室诊断费
CGP13001	外斐氏反应测定	CGNV1000	外斐氏反应测定	250403039	外斐氏反应	化验费	化验收入	2.诊断类：(6)实验室诊断费
CGP14001	细菌抗体测定	CGNY8000	细菌抗体测定	250403042	细菌抗体测定	化验费	化验收入	2.诊断类：(6)实验室诊断费
CGP15001	细菌抗原检测	CGNZ8000	细菌抗原检测	250404020	细菌抗原分析	化验费	化验收入	2.诊断类：(6)实验室诊断费
CGP16001	腺病毒抗体测定	CGNB1000	腺病毒抗体测定	250403031	腺病毒抗体测定	化验费	化验收入	2.诊断类：(6)实验室诊断费
CGP17001	腺病毒抗原检测					化验费	化验收入	2.诊断类：(6)实验室诊断费
CGP18001	新型冠状病毒抗原检测					化验费	化验收入	2.诊断类：(6)实验室诊断费
CGP19001	新型隐球菌荚膜抗原测定	CGPY8000	新型隐球菌荚膜抗原测定	250403060	新型隐球菌荚膜抗原测定	化验费	化验收入	2.诊断类：(6)实验室诊断费
CGP20001	血浆反应素(RPR)试验	CGPQ1000	血浆反应素(RPR)试验	250403054	快速血浆反应素试验(RPR)	化验费	化验收入	2.诊断类：(6)实验室诊断费
CGP21001	乙型流感病毒抗体测定	CGLC1000	乙型流感病毒抗体测定			化验费	化验收入	2.诊断类：(6)实验室诊断费
CGP22001	乙型流感病毒抗原检测					化验费	化验收入	2.诊断类：(6)实验室诊断费
CGP23PP1	阴道毛滴虫抗原检测-酶免疫层析法					化验费	化验收入	2.诊断类：(6)实验室诊断费
CGP24PE1	隐球菌荚膜抗原定性检测-胶体金免疫层析法					化验费	化验收入	2.诊断类：(6)实验室诊断费
CGP25RE1	隐球菌荚膜抗原定性检测-乳胶凝集法					化验费	化验收入	2.诊断类：(6)实验室诊断费
CGP26001	鹦鹉热衣原体检测	CGPL8000	鹦鹉热衣原体检测	250403075	鹦鹉热衣原体检测	化验费	化验收入	2.诊断类：(6)实验室诊断费
CGP27001	幽门螺杆菌粪便抗原检查	CGQG3000	幽门螺杆菌粪便抗原检查	250403080	幽门螺杆菌粪便抗原检查	化验费	化验收入	2.诊断类：(6)实验室诊断费
CGP28001	幽门螺杆菌抗体IgG测定					化验费	化验收入	2.诊断类：(6)实验室诊断费
CGP29001	幽门螺杆菌尿素酶检测	CGQD6000	幽门螺杆菌尿素酶检测	250403078	幽门螺杆菌快速检测	化验费	化验收入	2.诊断类：(6)实验室诊断费
CGP30001	猪囊尾蚴抗原抗体测定	CGQB1000	猪囊尾蚴抗原和抗体测定	250403063	猪囊尾蚴抗原和抗体测定	化验费	化验收入	2.诊断类：(6)实验室诊断费
CGP31001	组织胞浆菌免疫学试验	CGPG1000	组织胞浆菌免疫学试验	250403048	组织胞浆菌血清学试验	化验费	化验收入	2.诊断类：(6)实验室诊断费
CGR-CGS	4.肿瘤标志物检验							
CGR01001	癌胚抗原(CEA)测定	CGRA1000	癌胚抗原(CEA)测定	250404001	癌胚抗原测定(CEA)	化验费	化验收入	2.诊断类：(6)实验室诊断费
CGR02001	复合前列腺特异性抗原(CPSA)测定	CGRF1000	复合前列腺特异性抗原(CPSA)测定	250404007	复合前列腺特异性抗原(CPSA)测定	化验费	化验收入	2.诊断类：(6)实验室诊断费
CGR03001	高尔基体蛋白GP73测定	CGSF1000	高尔基体蛋白73(GP73)测定			化验费	化验收入	2.诊断类：(6)实验室诊断费
CGR04001	甲胎蛋白(AFP)测定	CGRB8000	甲胎蛋白(AFP)测定	250404002	甲胎蛋白测定(AFP)	化验费	化验收入	2.诊断类：(6)实验室诊断费
				250404003	副蛋白免疫学检查	化验费	化验收入	2.诊断类：(6)实验室诊断费
CGR05001	碱性胎儿蛋白(BFP)测定	CGRC1000	碱性胎儿蛋白(BFP)测定	250404004	碱性胎儿蛋白测定(BFP)	化验费	化验收入	2.诊断类：(6)实验室诊断费
CGR06001	鳞状细胞癌相关抗原(SCC)测定	CGRW1000	鳞状细胞癌相关抗原(SCC)测定	250404012	鳞状细胞癌相关抗原测定(SCC)	化验费	化验收入	2.诊断类：(6)实验室诊断费
CGR07001	硫氧还蛋白还原酶活性检测					化验费	化验收入	2.诊断类：(6)实验室诊断费
CGR08001	前列腺酸性磷酸酶(PAP)测定	CGRG1000	前列腺酸性磷酸酶(PAP)测定	250404008	前列腺酸性磷酸酶测定(PAP)	化验费	化验收入	2.诊断类：(6)实验室诊断费
CGR09001	人附睾分泌蛋白(HE4)测定	CGSE1000	人附睾分泌蛋白(HE4)测定			化验费	化验收入	2.诊断类：(6)实验室诊断费
CGR10001	神经元特异性烯醇化酶(NSE)测定	CGRH1000	神经元特异性烯醇化酶(NSE)测定	250404009	神经元特异性烯醇化酶测定(NSE)	化验费	化验收入	2.诊断类：(6)实验室诊断费
CGR11001	糖类抗原CA-125测定	CGRP1000	糖类抗原CA-125测定	250404011	糖类抗原测定	化验费	化验收入	2.诊断类：(6)实验室诊断费
CGR12001	糖类抗原CA-130测定	CGRQ1000	糖类抗原CA-130测定			化验费	化验收入	2.诊断类：(6)实验室诊断费
CGR13001	糖类抗原CA-153测定	CGRR1000	糖类抗原CA-153测定			化验费	化验收入	2.诊断类：(6)实验室诊断费
CGR14001	糖类抗原CA-199测定	CGRS1000	糖类抗原CA-199测定			化验费	化验收入	2.诊断类：(6)实验室诊断费
CGR15001	糖类抗原CA-242测定	CGRT1000	糖类抗原CA-242测定			化验费	化验收入	2.诊断类：(6)实验室诊断费
CGR16001	糖类抗原CA-27测定	CGRL1000	糖类抗原CA-27测定			化验费	化验收入	2.诊断类：(6)实验室诊断费
CGR17001	糖类抗原CA-29测定	CGRM1000	糖类抗原CA-29测定	250404011	糖类抗原测定	化验费	化验收入	2.诊断类：(6)实验室诊断费
CGR18001	糖类抗原CA-50测定	CGRN1000	糖类抗原CA-50测定			化验费	化验收入	2.诊断类：(6)实验室诊断费
CGR19001	糖类抗原CA-549测定	CGRU1000	糖类抗原CA-549测定			化验费	化验收入	2.诊断类：(6)实验室诊断费
CGR20001	糖类抗原CA-724测定	CGRV1000	糖类抗原CA-724测定			化验费	化验收入	2.诊断类：(6)实验室诊断费
CGR21001	胃蛋白酶原Ⅰ检测					化验费	化验收入	2.诊断类：(6)实验室诊断费
CGR22001	细胞角蛋白18片段测定	CGRK1000	细胞角蛋白18片段测定			化验费	化验收入	2.诊断类：(6)实验室诊断费
CGR23001	细胞角蛋白19片段测定	CGRJ1000	细胞角蛋白19片段测定	250404010	细胞角蛋白19片段测定(CYFRA21-1)	化验费	化验收入	2.诊断类：(6)实验室诊断费
CGR24001	游离前列腺特异性抗原(FPSA)测定	CGRE1000	游离前列腺特异性抗原(FPSA)测定	250404006	游离前列腺特异性抗原测定(FPSA)	化验费	化验收入	2.诊断类：(6)实验室诊断费
CGR25001	肿瘤坏死因子(TNF)测定	CGRX1000	肿瘤坏死因子(TNF)测定	250404013	肿瘤坏死因子测定(TNF)	化验费	化验收入	2.诊断类：(6)实验室诊断费
CGR26001	肿瘤坏死因子α(TNF-α)测定	CGRY1000	肿瘤坏死因子α(TNF-α)测定			化验费	化验收入	2.诊断类：(6)实验室诊断费
		CGRZ1000	肿瘤相关抗原(MG-Ags)测定	250404014	肿瘤相关抗原测定	化验费	化验收入	2.诊断类：(6)实验室诊断费
CGR27001	肿瘤相关抗原(TA-2)测定	CGSA1000	肿瘤相关抗原(TA-2)测定			化验费	化验收入	2.诊断类：(6)实验室诊断费
		CGSC1000	恶性肿瘤特异生长因子(TSGF)测定	250404017	恶性肿瘤特异生长因子(TSGF)测定	化验费	化验收入	2.诊断类：(6)实验室诊断费
CGS01001	补体H因子检测					化验费	化验收入	2.诊断类：(6)实验室诊断费
CGS02001	端粒酶活性检测	CGSH1000	端粒酶活性检测	250404023	端粒酶活性检测	化验费	化验收入	2.诊断类：(6)实验室诊断费
CGS03001	肺癌相关自身抗体谱测定					化验费	化验收入	2.诊断类：(6)实验室诊断费
CGS04001	甲胎蛋白异质体测定	CGSL1000	甲胎蛋白异质体测定	250404026	甲胎蛋白异质体测定	化验费	化验收入	2.诊断类：(6)实验室诊断费
CGS05001	尿核基质蛋白(NMP22)测定	CGSK1000	尿核基质蛋白(NMP22)测定	250404025	尿核基质蛋白(NMP22)测定	化验费	化验收入	2.诊断类：(6)实验室诊断费
		CGRD1000	总前列腺特异性抗原(TPSA)测定	250404005	总前列腺特异性抗原测定(TPSA)	化验费	化验收入	2.诊断类：(6)实验室诊断费
				250308003	血清前列腺酸性磷酸酶质量测定	化验费	化验收入	2.诊断类：(6)实验室诊断费
CGS06001	前列腺特异性抗原同源异构体(p2PSA)检测					化验费	化验收入	2.诊断类：(6)实验室诊断费
		CGSJ1000	等克分子前列腺特异抗原测定	250404024	等克分子前列腺特异抗原测定	化验费	化验收入	2.诊断类：(6)实验室诊断费
CGS07001	人半胱氨酸蛋白酶抑制剂S(CST4)测定					化验费	化验收入	2.诊断类：(6)实验室诊断费
CGS08001	胃蛋白酶原Ⅱ检测					化验费	化验收入	2.诊断类：(6)实验室诊断费
CGS09001	涎液化糖链抗原(KL-6)检测					化验费	化验收入	2.诊断类：(6)实验室诊断费
		CGSB1000	显形胶质蛋白(AP)测定	250404016	显形胶质蛋白(AP)测定	化验费	化验收入	2.诊断类：(6)实验室诊断费
		CGSD1000	肿瘤相关物质测定			化验费	化验收入	2.诊断类：(6)实验室诊断费
CGS10001	血清游离轻链检测	CGBB8000	免疫球蛋白轻链测定	250401027	轻链KAPPA、LAMBDA定量(K-LC，λ-LC)	化验费	化验收入	2.诊断类：(6)实验室诊断费
		CGBC8000	免疫球蛋白游离轻链测定			化验费	化验收入	2.诊断类：(6)实验室诊断费
CGS11001	循环肿瘤细胞分析诊断					化验费	化验收入	2.诊断类：(6)实验室诊断费
CGS12001	原癌基因人类表皮生长因子受体2定量测定					化验费	化验收入	2.诊断类：(6)实验室诊断费
CGS13001	肿瘤标志物血浆HSP90α定量测定					化验费	化验收入	2.诊断类：(6)实验室诊断费
CGS14001	组织多肽特异抗原(TPS)测定	CGSG1000	组织多肽特异抗原(TPS)测定	250404022	组织多肽特异抗原(TPS)测定	化验费	化验收入	2.诊断类：(6)实验室诊断费
CGU	5.超敏过敏性检验							
CGU01001	白三烯B4检测	CGUW8000	白三烯B4测定	250403077	白三烯B4水平测定	化验费	化验收入	2.诊断类：(6)实验室诊断费
CGU02001	嗜酸细胞阳离子蛋白检测	CGUN1000	嗜酸细胞阳离子蛋白(ECP)测定	250405006	嗜酸细胞阳离子蛋白(ECP)测定	化验费	化验收入	2.诊断类：(6)实验室诊断费
CGU03001	循环免疫复合物检测	CGUP1000	循环免疫复合物(CIC)测定	250405007	循环免疫复合物(CIC)测定	化验费	化验收入	2.诊断类：(6)实验室诊断费
CGU04001	终末补体复合物测定	CGUT1000	终末补体复合物测定			化验费	化验收入	2.诊断类：(6)实验室诊断费
		CGUG1000	动物性过敏原筛查			化验费	化验收入	2.诊断类：(6)实验室诊断费
		CGUH1000	动物性过敏原特异性IgE筛查			化验费	化验收入	2.诊断类：(6)实验室诊断费
		CGUJ1000	昆虫毒液过敏原筛查			化验费	化验收入	2.诊断类：(6)实验室诊断费
		CGUK1000	乳胶及其相关的过敏原筛查			化验费	化验收入	2.诊断类：(6)实验室诊断费
		CGUL1000	乳胶及其相关的过敏原特异性IgE筛查			化验费	化验收入	2.诊断类：(6)实验室诊断费
		CGUM1000	花粉相关的食物性过敏原筛查			化验费	化验收入	2.诊断类：(6)实验室诊断费
		CGUQ1000	IgA免疫复合物测定			化验费	化验收入	2.诊断类：(6)实验室诊断费
		CGUR1000	IgG免疫复合物测定			化验费	化验收入	2.诊断类：(6)实验室诊断费
		CGUS1000	IgM免疫复合物测定			化验费	化验收入	2.诊断类：(6)实验室诊断费
		CGUU1000	脱敏免疫球蛋白IgG测定	250405008	脱敏免疫球蛋白IgG测定	化验费	化验收入	2.诊断类：(6)实验室诊断费
		CGUV1000	脱敏免疫球蛋白IgG4测定	250405009	脱敏免疫球蛋白IgG4测定	化验费	化验收入	2.诊断类：(6)实验室诊断费
CGU05001	专项变应原定量测定	CGUE1000	专项变应原筛查	250405005	专项变应原(单价变应原)筛查	化验费	化验收入	2.诊断类：(6)实验室诊断费
		CGUC1000	吸入物变应原测定	250405002	吸入物变应原筛查	化验费	化验收入	2.诊断类：(6)实验室诊断费
		CGUD1000	食入物变应原筛查	250405003	食入物变应原筛查	化验费	化验收入	2.诊断类：(6)实验室诊断费
		CGUF1000	特殊变应原筛查	250405004	特殊变应原(多价变应原)筛查	化验费	化验收入	2.诊断类：(6)实验室诊断费
CJ	(五)临床微生物与寄生虫学检验							
CJA-CJD	1.细菌检验							
CJA01PP1	B族链球菌抗原检测-酶免疫层析法					化验费	化验收入	2.诊断类：(6)实验室诊断费
CJA02SK1	L型细菌培养-液体培养法+固体培养法	CJBE8000	L型细菌培养	250501020	L型菌培养	化验费	化验收入	2.诊断类：(6)实验室诊断费
CJA03SB1	O-157大肠埃希菌培养-固体培养法	CJBK8000	O-157大肠埃希菌培养	250501024	O—157大肠埃希菌培养及鉴定	化验费	化验收入	2.诊断类：(6)实验室诊断费
CJA04001	β-内酰胺酶定性检测-耐药机制表型试验	CJDF8000	β-内酰胺酶检测	250503008	β-内酰胺酶试验	化验费	化验收入	2.诊断类：(6)实验室诊断费
CJA04JC1	β-内酰胺酶定性检测-手工生化鉴定法					化验费	化验收入	2.诊断类：(6)实验室诊断费
CJA05AA1	病原体及抗生素耐药基因核酸检测-焦磷酸测序	CJCE9000	β-内酰胺类抗生素耐药检测			化验费	化验收入	2.诊断类：(6)实验室诊断费
CJA05NC1	病原体及抗生素耐药基因核酸检测-实时荧光聚合酶链反应					化验费	化验收入	2.诊断类：(6)实验室诊断费
CJA05WC1	病原体及抗生素耐药基因核酸检测-固相芯片法	CJCK9000	磺胺类药物耐药检测			化验费	化验收入	2.诊断类：(6)实验室诊断费
CJA05WE1	病原体及抗生素耐药基因核酸检测-微流控芯片法					化验费	化验收入	2.诊断类：(6)实验室诊断费
CJA06PA1	肠毒素检测-动态比色法	CJCZ1000	肠毒素检测	250503001	肠毒素检测	化验费	化验收入	2.诊断类：(6)实验室诊断费
CJA06PN1	肠毒素检测-酶联免疫法					化验费	化验收入	2.诊断类：(6)实验室诊断费
CJA06PS1	肠毒素检测-膜免疫法					化验费	化验收入	2.诊断类：(6)实验室诊断费
CJA07HA1	超广谱β-内酰胺酶定性检测-色原底物法	CJDG9000	产超广谱β-内酰胺酶定性检测	250503009	超广谱β－内酰胺酶试验	化验费	化验收入	2.诊断类：(6)实验室诊断费
CJA07XB1	超广谱β-内酰胺酶定性检测-纸片扩散法	CJDG9000	产超广谱β-内酰胺酶定性检测	250503009	超广谱β－内酰胺酶试验	化验费	化验收入	2.诊断类：(6)实验室诊断费
CJA07XC1	超广谱β-内酰胺酶定量测定-浓度梯度法	CJDH9000	产超广谱β-内酰胺酶测定(定量试验)			化验费	化验收入	2.诊断类：(6)实验室诊断费
CJA07XH1	超广谱β-内酰胺酶定量测定-肉汤稀释法					化验费	化验收入	2.诊断类：(6)实验室诊断费
				250501005	麻风菌镜检	化验费	化验收入	2.诊断类：(6)实验室诊断费
		CJAL8000	特殊细菌涂片染色镜检	250501004	特殊细菌涂片检查	化验费	化验收入	2.诊断类：(6)实验室诊断费
				250501015	白喉棒状杆菌培养及鉴定	化验费	化验收入	2.诊断类：(6)实验室诊断费
CJA08XH1	非结核分枝杆菌药敏定量试验-肉汤稀释法					化验费	化验收入	2.诊断类：(6)实验室诊断费
		CJCM9000	细菌检测			化验费	化验收入	2.诊断类：(6)实验室诊断费
				250503007	O-129试验	化验费	化验收入	2.诊断类：(6)实验室诊断费
				250501030	念珠菌系统鉴定	化验费	化验收入	2.诊断类：(6)实验室诊断费
				250501029	念珠菌培养	化验费	化验收入	2.诊断类：(6)实验室诊断费
				250501028	念珠菌镜检	化验费	化验收入	2.诊断类：(6)实验室诊断费
				250501033	支原体检查	化验费	化验收入	2.诊断类：(6)实验室诊断费
		CJCP9000	淋病奈瑟菌检测			化验费	化验收入	2.诊断类：(6)实验室诊断费
		CJCQ9000	A族链球菌检测			化验费	化验收入	2.诊断类：(6)实验室诊断费
		CJCS9000	金黄色葡萄球菌检测			化验费	化验收入	2.诊断类：(6)实验室诊断费
		CJCT8000	肺炎细菌检测			化验费	化验收入	2.诊断类：(6)实验室诊断费
		CJCU9000	肺炎双球菌检测			化验费	化验收入	2.诊断类：(6)实验室诊断费
		CJCV9000	β溶血性链球菌检测			化验费	化验收入	2.诊断类：(6)实验室诊断费
		CJCW9000	脑膜炎双球菌检测			化验费	化验收入	2.诊断类：(6)实验室诊断费
				250502006	血清杀菌水平测定	化验费	化验收入	2.诊断类：(6)实验室诊断费
				250502008	抗生素最小抑／杀菌浓度测定	化验费	化验收入	2.诊断类：(6)实验室诊断费
				250502009	体液抗生素浓度测定	化验费	化验收入	2.诊断类：(6)实验室诊断费
		CJBF8000	特殊细菌培养	250501013	结核菌培养	化验费	化验收入	2.诊断类：(6)实验室诊断费
CJB01JA1	分枝杆菌鉴定-编码生化鉴定法	CJAZ9000	分枝杆菌鉴定			化验费	化验收入	2.诊断类：(6)实验室诊断费
CJB01JB1	分枝杆菌鉴定-病原分子鉴定法					化验费	化验收入	2.诊断类：(6)实验室诊断费
CJB01JC1	分枝杆菌鉴定-手工生化鉴定法					化验费	化验收入	2.诊断类：(6)实验室诊断费
CJB01JE1	分枝杆菌鉴定-质谱鉴定法					化验费	化验收入	2.诊断类：(6)实验室诊断费
CJB01PE1	分枝杆菌鉴定-胶体金免疫层析法					化验费	化验收入	2.诊断类：(6)实验室诊断费
CJB02SC1	分枝杆菌培养+鉴定+药敏-固体培养法+琼脂比例法	CJBB8000	分枝杆菌培养+鉴定+药敏			化验费	化验收入	2.诊断类：(6)实验室诊断费
CJB02SD1	分枝杆菌培养+鉴定+药敏-固体培养法+肉汤稀释法					化验费	化验收入	2.诊断类：(6)实验室诊断费
CJB02SE1	分枝杆菌培养+鉴定+药敏-固体培养法+液体培养基法+结核分					化验费	化验收入	2.诊断类：(6)实验室诊断费
CJB02SG1	枝杆菌药敏分枝杆菌培养+鉴定+药敏-液体培养法+琼脂比例法					化验费	化验收入	2.诊断类：(6)实验室诊断费
CJB02SH1	分枝杆菌培养+鉴定+药敏-液体培养法+肉汤稀释法					化验费	化验收入	2.诊断类：(6)实验室诊断费
CJB02SJ1	分枝杆菌培养+鉴定+药敏-液体培养法+液体培养基法+结核分枝杆菌药敏	CJBB8000	分枝杆菌培养+鉴定+药敏			化验费	化验收入	2.诊断类：(6)实验室诊断费
CJB03SB1	分枝杆菌培养+鉴定-固体培养法	CJBA8000	分枝杆菌培养+鉴定			化验费	化验收入	2.诊断类：(6)实验室诊断费
CJB03SF1	分枝杆菌培养+鉴定-液体培养法	CJBA8000	分枝杆菌培养+鉴定			化验费	化验收入	2.诊断类：(6)实验室诊断费
CJB04SB1	分枝杆菌培养-固体培养法	CJAY8000	分枝杆菌培养			化验费	化验收入	2.诊断类：(6)实验室诊断费
CJB04SF1	分枝杆菌培养-液体培养法					化验费	化验收入	2.诊断类：(6)实验室诊断费
CJB05LF1	分枝杆菌涂片镜检-浓缩涂片萋尼染色法	CJAG8000	浓缩集菌涂片抗酸染色镜检	250501003	浓缩集菌抗酸菌检测	化验费	化验收入	2.诊断类：(6)实验室诊断费
CJB05LJ1	分枝杆菌涂片镜检-浓缩涂片荧光染色法	CJAJ8000	浓缩集菌涂片荧光染色镜检			化验费	化验收入	2.诊断类：(6)实验室诊断费
CJB05LN1	分枝杆菌涂片镜检-直接涂片萋尼染色法	CJAF8000	直接涂片抗酸染色镜检	250501002	结核菌涂片检查	化验费	化验收入	2.诊断类：(6)实验室诊断费
CJB05LR1	分枝杆菌涂片镜检-直接涂片荧光染色法	CJAH8000	直接涂片荧光染色镜检			化验费	化验收入	2.诊断类：(6)实验室诊断费
CJB06001	分枝杆菌增菌培养					化验费	化验收入	2.诊断类：(6)实验室诊断费
CJB07SF1	分枝杆菌增菌培养+鉴定-液体培养法					化验费	化验收入	2.诊断类：(6)实验室诊断费
CJB07SL1	分枝杆菌增菌培养+鉴定+药敏-液体培养基法+结核分枝杆菌药					化验费	化验收入	2.诊断类：(6)实验室诊断费
CJB07XD1	敏分枝杆菌增菌培养+鉴定+药敏-琼脂比例法					化验费	化验收入	2.诊断类：(6)实验室诊断费
CJB07XJ1	分枝杆菌增菌培养+鉴定+药敏-微量肉汤稀释法					化验费	化验收入	2.诊断类：(6)实验室诊断费
CJB08001	霍乱弧菌培养+鉴定	CJBR3000	霍乱弧菌培养+鉴定	250501018	霍乱弧菌培养	化验费	化验收入	2.诊断类：(6)实验室诊断费
CJB08XB1	霍乱弧菌培养+鉴定+药敏-纸片扩散法					化验费	化验收入	2.诊断类：(6)实验室诊断费
CJB08XC1	霍乱弧菌培养+鉴定+药敏-浓度梯度法					化验费	化验收入	2.诊断类：(6)实验室诊断费
CJB08XJ1	霍乱弧菌培养+鉴定+药敏-微量肉汤稀释法					化验费	化验收入	2.诊断类：(6)实验室诊断费
CJB09BB1	霍乱弧菌直接涂片镜检-悬滴试验	CJAK3000	霍乱弧菌直接涂片镜检			化验费	化验收入	2.诊断类：(6)实验室诊断费
CJB09LA1	霍乱弧菌直接涂片镜检-暗视野镜检法					化验费	化验收入	2.诊断类：(6)实验室诊断费
CJB09RF1	霍乱弧菌血清学分型鉴定-血清凝集	CJBQ9000	霍乱弧菌血清学分型鉴定			化验费	化验收入	2.诊断类：(6)实验室诊断费
CJB10NC1	艰难梭菌毒素检测-实时荧光聚合酶链反应	CJDA3000	艰难梭菌毒素测定			化验费	化验收入	2.诊断类：(6)实验室诊断费
CJB10PK1	艰难梭菌毒素检测-免疫荧光法					化验费	化验收入	2.诊断类：(6)实验室诊断费
CJB10PN1	艰难梭菌毒素检测-酶联免疫法					化验费	化验收入	2.诊断类：(6)实验室诊断费
CJB10PR1	艰难梭菌毒素检测-侧流免疫层析法					化验费	化验收入	2.诊断类：(6)实验室诊断费
CJB11001	艰难梭菌培养+鉴定+毒素检测	CJBS3000	艰难梭菌培养+鉴定	250501007	艰难梭菌检查	化验费	化验收入	2.诊断类：(6)实验室诊断费
CJB11JA1	艰难梭菌培养+鉴定-编码生化鉴定法					化验费	化验收入	2.诊断类：(6)实验室诊断费
CJB11JB1	艰难梭菌培养+鉴定-病原分子鉴定法					化验费	化验收入	2.诊断类：(6)实验室诊断费
CJB11JC1	艰难梭菌培养+鉴定-手工生化鉴定法					化验费	化验收入	2.诊断类：(6)实验室诊断费
CJB11JE1	艰难梭菌培养+鉴定-质谱法					化验费	化验收入	2.诊断类：(6)实验室诊断费
CJB12PD1	结核分枝杆菌特异性T细胞检测-干扰素体外释放试验					化验费	化验收入	2.诊断类：(6)实验室诊断费
CJB12PD2	结核分枝杆菌相关γ测定-干扰素体外释放试验					化验费	化验收入	2.诊断类：(6)实验室诊断费
CJB12PE1	结核分枝杆菌抗原检测-胶体金免疫层析法					化验费	化验收入	2.诊断类：(6)实验室诊断费
CJB13SF1	结核分枝杆菌药敏定性试验-液体培养法	CJCA9000	结核分枝杆菌药敏定性试验	250502004	结核菌药敏试验	化验费	化验收入	2.诊断类：(6)实验室诊断费
CJB13XD1	结核分枝杆菌药敏定性试验-琼脂比例法	CJCA9000	结核分枝杆菌药敏定性试验	250502004	结核菌药敏试验	化验费	化验收入	2.诊断类：(6)实验室诊断费
CJB13XH1	结核分枝杆菌药敏定量试验-肉汤稀释法	CJCB9000	结核分枝杆菌药敏定量试验			化验费	化验收入	2.诊断类：(6)实验室诊断费
CJB14001	军团菌培养+鉴定	CJBV5000	军团菌培养+鉴定	250501023	军团菌培养	化验费	化验收入	2.诊断类：(6)实验室诊断费
CJC01XA1	抗生素耐药检测-耐药机制表型试验	CJCF9000	碳青霉烯类抗生素耐药检测			化验费	化验收入	2.诊断类：(6)实验室诊断费
		CJCG9000	大环内酯类抗生素耐药检测			化验费	化验收入	2.诊断类：(6)实验室诊断费
		CJCH9000	氟喹诺酮类抗生素耐药检测			化验费	化验收入	2.诊断类：(6)实验室诊断费
CJC01XB1	抗生素耐药检测-纸片扩散法	CJCJ9000	氨基糖苷类抗生素耐药检测			化验费	化验收入	2.诊断类：(6)实验室诊断费
CJC01XE1	抗生素耐药检测-琼脂筛选法					化验费	化验收入	2.诊断类：(6)实验室诊断费
CJC01XH1	抗生素耐药检测-肉汤稀释法					化验费	化验收入	2.诊断类：(6)实验室诊断费
CJC02001	苛养菌/少见菌培养+鉴定					化验费	化验收入	2.诊断类：(6)实验室诊断费
CJC02002	苛养菌/少见菌培养+鉴定+药敏					化验费	化验收入	2.诊断类：(6)实验室诊断费
CJC03XA1	克林霉素诱导耐药检测-耐药机制表型试验	CJDJ9000	红霉素诱导克林霉素耐药D-试验			化验费	化验收入	2.诊断类：(6)实验室诊断费
CJC03XJ1	克林霉素诱导耐药检测-微量肉汤稀释法					化验费	化验收入	2.诊断类：(6)实验室诊断费
CJC04001	空肠弯曲菌培养+鉴定	CJBT3000	空肠弯曲菌培养+鉴定	250501021	空肠弯曲菌培养	化验费	化验收入	2.诊断类：(6)实验室诊断费
CJC05RF1	链球菌血清学分型鉴定-血清凝集	CJBP9000	链球菌血清学分型鉴定			化验费	化验收入	2.诊断类：(6)实验室诊断费
CJC06001	淋病奈瑟菌培养	CJBC5000	淋病奈瑟菌培养	250501014	淋球菌培养	化验费	化验收入	2.诊断类：(6)实验室诊断费
CJC06002	淋病奈瑟菌培养+鉴定	CJBD5000	淋病奈瑟菌培养+鉴定			化验费	化验收入	2.诊断类：(6)实验室诊断费
CJC06003	淋病奈瑟菌培养+鉴定+药敏	CJCL9000	淋病奈瑟菌药敏试验			化验费	化验收入	2.诊断类：(6)实验室诊断费
CJC07HA1	耐甲氧西林葡萄球菌定性检测-色原底物法	CJCC9000	耐甲氧西林葡萄球菌药敏定性试验	250501008	耐甲氧西林葡萄球菌检测(MRSA、MRS)	化验费	化验收入	2.诊断类：(6)实验室诊断费
CJC07RE1	耐甲氧西林葡萄球菌定性检测-乳胶凝集法					化验费	化验收入	2.诊断类：(6)实验室诊断费
CJC07XB1	耐甲氧西林葡萄球菌定性检测-纸片扩散法					化验费	化验收入	2.诊断类：(6)实验室诊断费
CJC07EA1	耐甲氧西林葡萄球菌定量测定-电阻抗法	CJCD9000	耐甲氧西林葡萄球菌检测(定量试验)			化验费	化验收入	2.诊断类：(6)实验室诊断费
CJC07XC1	耐甲氧西林葡萄球菌定量测定-浓度梯度法					化验费	化验收入	2.诊断类：(6)实验室诊断费
CJC07XH1	耐甲氧西林葡萄球菌定量测定-肉汤稀释法					化验费	化验收入	2.诊断类：(6)实验室诊断费
CJC07XK1	耐甲氧西林葡萄球菌定量测定-电化学法					化验费	化验收入	2.诊断类：(6)实验室诊断费
CJC08XE1	耐万古霉素肠球菌检测-琼脂筛选法	CJCX9000	耐万古霉素肠球菌检测			化验费	化验收入	2.诊断类：(6)实验室诊断费
CJC08XE2	耐万古霉素金黄色葡萄球菌检测-琼脂筛选法	CJCY9000	耐万古霉素金黄色葡萄球菌检测			化验费	化验收入	2.诊断类：(6)实验室诊断费
CJD01PA1	内毒素鲎定量试验-动态比色法	CJDC1000	内毒素鲎定量试验	250503006	内毒素鲎定量测定	化验费	化验收入	2.诊断类：(6)实验室诊断费
CJD01RG1	内毒素鲎定性试验-凝集法	CJDB1000	内毒素鲎定性试验	250503005	内毒素鲎定性试验	化验费	化验收入	2.诊断类：(6)实验室诊断费
CJD02PN1	念珠菌抗体测定-酶联免疫法	CGPW1000	念珠菌病免疫学试验	250403058	念珠菌病血清学试验	化验费	化验收入	2.诊断类：(6)实验室诊断费
CJD03LG1	诺卡菌涂片镜检-浓缩涂片弱抗酸染色					化验费	化验收入	2.诊断类：(6)实验室诊断费
CJD03LP1	诺卡菌涂片镜检-直接涂片弱抗酸染色					化验费	化验收入	2.诊断类：(6)实验室诊断费
CJD04EA1	普通细菌药敏定量试验-电阻抗法	CJBY9000	普通细菌药敏定量试验	250502002	常规药敏定量试验(MIC)	化验费	化验收入	2.诊断类：(6)实验室诊断费
CJD04XC1	普通细菌药敏定量试验-浓度梯度法					化验费	化验收入	2.诊断类：(6)实验室诊断费
CJD04XG1	普通细菌药敏定量试验-琼脂稀释法	CJBY9000	普通细菌药敏定量试验	250502002	常规药敏定量试验(MIC)	化验费	化验收入	2.诊断类：(6)实验室诊断费
CJD04XH1	普通细菌药敏定量试验-肉汤稀释法(人工法)					化验费	化验收入	2.诊断类：(6)实验室诊断费
CJD04XH2	普通细菌药敏定量试验-肉汤稀释法(自动化仪器)					化验费	化验收入	2.诊断类：(6)实验室诊断费
CJD04XK1	普通细菌药敏定量试验-电化学法					化验费	化验收入	2.诊断类：(6)实验室诊断费
CJD04XB1	普通细菌药敏定性试验-纸片扩散法	CJBX9000	普通细菌药敏定性试验	250502001	常规药敏定性试验	化验费	化验收入	2.诊断类：(6)实验室诊断费
CJD05RF1	沙门菌血清学分型鉴定-血清凝集	CJBL9000	沙门菌血清学分型鉴定	250501025	沙门菌、志贺菌培养及鉴定	化验费	化验收入	2.诊断类：(6)实验室诊断费
CJD06PP1	碳青霉烯酶检测-酶免疫层析法					化验费	化验收入	2.诊断类：(6)实验室诊断费
CJD07RG1	细菌毒素检测-凝集法	CJDD1000	其它细菌毒素测定	250503002	细菌毒素测定	化验费	化验收入	2.诊断类：(6)实验室诊断费
CJD07SB1	细菌培养菌落计数-固体培养法	CJAM2000	培养细菌菌落计数	250501010	尿培养加菌落计数	化验费	化验收入	2.诊断类：(6)实验室诊断费
CJD08LC1	细菌涂片镜检-浓缩涂片革兰染色法	CJAC8000	浓缩集菌涂片革兰染色镜检查细菌	250501001	一般细菌涂片检查	化验费	化验收入	2.诊断类：(6)实验室诊断费
CJD08LK1	细菌涂片镜检-直接涂片革兰染色法	CJAB8000	直接涂片革兰染色镜检查细菌			化验费	化验收入	2.诊断类：(6)实验室诊断费
CJD08LQ1	细菌涂片镜检-直接涂片湿片镜检法					化验费	化验收入	2.诊断类：(6)实验室诊断费
CJD09001	细菌增菌培养+鉴定	CJBH8000	无菌体液细菌培养+鉴定	250501011	血培养及鉴定	化验费	化验收入	2.诊断类：(6)实验室诊断费
CJD09SF1	细菌增菌培养-液体培养法					化验费	化验收入	2.诊断类：(6)实验室诊断费
CJD10001	厌氧菌培养+鉴定	CJAW8000	厌氧菌培养+鉴定	250501012	厌氧菌培养及鉴定	化验费	化验收入	2.诊断类：(6)实验室诊断费
CJD10002	厌氧菌培养+鉴定+药敏	CJAX8000	厌氧菌培养+鉴定+药敏			化验费	化验收入	2.诊断类：(6)实验室诊断费
CJD11XC1	厌氧菌药敏试验-浓度梯度法	CJBZ9000	厌氧菌药敏试验	250502005	厌氧菌药敏试验	化验费	化验收入	2.诊断类：(6)实验室诊断费
CJD11XG1	厌氧菌药敏试验-琼脂稀释法	CJBZ9000	厌氧菌药敏试验	250502005	厌氧菌药敏试验	化验费	化验收入	2.诊断类：(6)实验室诊断费
CJD11XH1	厌氧菌药敏试验-肉汤稀释法					化验费	化验收入	2.诊断类：(6)实验室诊断费
CJD12001	厌氧菌增菌培养+鉴定					化验费	化验收入	2.诊断类：(6)实验室诊断费
CJD12002	厌氧菌增菌培养+鉴定+药敏					化验费	化验收入	2.诊断类：(6)实验室诊断费
CJD12SF1	厌氧菌增菌培养-液体培养法	CJAV8000	厌氧菌培养			化验费	化验收入	2.诊断类：(6)实验室诊断费
CJD13DD1	一般细菌分型-脉冲场凝胶电泳法	CJAU8000	一般细菌分型	250503004	细菌分型	化验费	化验收入	2.诊断类：(6)实验室诊断费
CJD13NC1	一般细菌分型-实时荧光聚合酶链反应					化验费	化验收入	2.诊断类：(6)实验室诊断费
CJD14001	一般细菌革兰染色+培养+鉴定	CJAQ8000	一般细菌革兰染色+培养+鉴定			化验费	化验收入	2.诊断类：(6)实验室诊断费
CJD15HA1	一般细菌鉴定-色原底物法	CJAT8000	一般细菌鉴定			化验费	化验收入	2.诊断类：(6)实验室诊断费
CJD15JA1	一般细菌鉴定-编码生化鉴定法					化验费	化验收入	2.诊断类：(6)实验室诊断费
CJD15JB1	一般细菌鉴定-病原分子鉴定法					化验费	化验收入	2.诊断类：(6)实验室诊断费
CJD15JC1	一般细菌鉴定-手工生化鉴定法					化验费	化验收入	2.诊断类：(6)实验室诊断费
CJD15JE1	一般细菌鉴定-质谱鉴定法					化验费	化验收入	2.诊断类：(6)实验室诊断费
CJD15RE1	一般细菌鉴定-乳胶凝集法	CJAT8000	一般细菌鉴定			化验费	化验收入	2.诊断类：(6)实验室诊断费
CJD16001	一般细菌培养+鉴定	CJAP8000	一般细菌培养+鉴定	250501009	一般细菌培养及鉴定	化验费	化验收入	2.诊断类：(6)实验室诊断费
		CJAS8000	一般细菌革兰染色+培养+鉴定+药敏			化验费	化验收入	2.诊断类：(6)实验室诊断费
CJD16002	一般细菌培养+鉴定+药敏	CJAR8000	一般细菌培养+鉴定+药敏			化验费	化验收入	2.诊断类：(6)实验室诊断费
CJD16KA1	一般细菌培养+常规鉴定-手工接种法	CJAP8000	一般细菌培养+鉴定	250501009	一般细菌培养及鉴定	化验费	化验收入	2.诊断类：(6)实验室诊断费
		CJAN8000	一般细菌培养	250501016	百日咳杆菌培养	化验费	化验收入	2.诊断类：(6)实验室诊断费
				250501017	嗜血杆菌培养	化验费	化验收入	2.诊断类：(6)实验室诊断费
				250501019	副溶血弧菌培养	化验费	化验收入	2.诊断类：(6)实验室诊断费
CJD16KB1	一般细菌培养+常规鉴定-自动化接种法	CJAP8000	一般细菌培养+鉴定	250501009	一般细菌培养及鉴定	化验费	化验收入	2.诊断类：(6)实验室诊断费
CJD17001	阴道分泌物唾液酸酶检测-酶法	CJDE5000	细菌性阴道病唾液酸酶测定	250501039	细菌性阴道病唾液酸酶测定	化验费	化验收入	2.诊断类：(6)实验室诊断费
CJD17LK1	阴道微生态形态学镜检-直接涂片革兰染色法	CJAD5000	生殖道标本涂片革兰染色镜检查细菌	250501001	一般细菌涂片检查	化验费	化验收入	2.诊断类：(6)实验室诊断费
CJD17LQ1	阴道微生态形态学镜检-直接涂片湿片镜检法					化验费	化验收入	2.诊断类：(6)实验室诊断费
CJD18LE1	隐球菌涂片镜检-浓缩涂片墨汁染色法	CJHF4000	新型隐球菌墨汁染色镜检			化验费	化验收入	2.诊断类：(6)实验室诊断费
CJD18LM1	隐球菌涂片镜检-直接涂片墨汁染色法					化验费	化验收入	2.诊断类：(6)实验室诊断费
CJD19001	幽门螺杆菌粪染色液快速检测	CJAA3000	粪便涂片革兰染色镜检查细菌	250501001	一般细菌涂片检查	化验费	化验收入	2.诊断类：(6)实验室诊断费
CJD19002	幽门螺杆菌培养+鉴定	CJBU3000	幽门螺杆菌培养+鉴定	250501022	幽门螺杆菌培养及鉴定	化验费	化验收入	2.诊断类：(6)实验室诊断费
CJD19003	幽门螺旋杆菌抗体检测-免疫层析法					化验费	化验收入	2.诊断类：(6)实验室诊断费
CJD20RF1	志贺菌血清学分型鉴定-血清凝集	CJBM9000	志贺菌血清学分型鉴定	250501025	沙门菌、志贺菌培养及鉴定	化验费	化验收入	2.诊断类：(6)实验室诊断费
CJD20RF2	致病性大肠埃希菌血清学分型鉴定-血清凝集	CJBN9000	致病性大肠菌血清学分型鉴定			化验费	化验收入	2.诊断类：(6)实验室诊断费
		CJBG8000	无菌体液细菌培养	250501011	血培养及鉴定	化验费	化验收入	2.诊断类：(6)实验室诊断费
		CJBJ8000	无菌体液细菌培养+鉴定+药敏			化验费	化验收入	2.诊断类：(6)实验室诊断费
		CJBW8000	革兰阳性或阴性细菌鉴定+耐药基因检测			化验费	化验收入	2.诊断类：(6)实验室诊断费
CJE	2.衣原体检验							
CJE01001	衣原体培养+鉴定-细胞培养法					化验费	化验收入	2.诊断类：(6)实验室诊断费
		CJEA8000	衣原体培养+鉴定	250501032	衣原体培养	化验费	化验收入	2.诊断类：(6)实验室诊断费
		CGPM1000	肺炎衣原体抗体检测	250403076	肺炎衣原体抗体检测	化验费	化验收入	2.诊断类：(6)实验室诊断费
				250501031	衣原体检查	化验费	化验收入	2.诊断类：(6)实验室诊断费
CJF	3.支原体检验							
CJF01SF1	支原体培养+鉴定-液体培养法	CGPJ8000	肺炎支原体免疫学试验	250403050	肺炎支原体血清学试验	化验费	化验收入	2.诊断类：(6)实验室诊断费
CJF02XH1	支原体药敏试验-肉汤稀释法	CJFB9000	支原体药敏试验	250501034	支原体培养及药敏	化验费	化验收入	2.诊断类：(6)实验室诊断费
		CJFA8000	支原体培养+鉴定			化验费	化验收入	2.诊断类：(6)实验室诊断费
CJG	4.螺旋体检验							
CJG01PK1	梅毒荧光抗体(FTA-ABS)检测-免疫荧光法	CJGB8000	梅毒荧光抗体(FTA-ABS)测定	250503012	梅毒荧光抗体FTA-ABS测定	化验费	化验收入	2.诊断类：(6)实验室诊断费
CJG02LA1	涂片镜检梅毒螺旋体-暗视野镜检法	CJGA6000	梅毒螺旋体暗视野镜检	250501006	梅毒螺旋体镜检	化验费	化验收入	2.诊断类：(6)实验室诊断费
CJH	5.真菌检验							
CJH01LD1	肺孢子菌涂片镜检-浓缩涂片六胺银染色					化验费	化验收入	2.诊断类：(6)实验室诊断费
CJH01LJ1	肺孢子菌涂片镜检-浓缩涂片荧光染色法					化验费	化验收入	2.诊断类：(6)实验室诊断费
CJH01LL1	肺孢子菌涂片镜检-直接涂片六胺银染色					化验费	化验收入	2.诊断类：(6)实验室诊断费
CJH01LR1	肺孢子菌涂片镜检-直接涂片荧光染色法					化验费	化验收入	2.诊断类：(6)实验室诊断费
CJH02PN1	念珠菌甘露聚糖测定-酶联免疫法					化验费	化验收入	2.诊断类：(6)实验室诊断费
CJH03PA1	曲霉半乳甘露聚糖测定-动态比色法	CJHS8000	半乳甘露聚糖检测			化验费	化验收入	2.诊断类：(6)实验室诊断费
CJH03PN1	曲霉半乳甘露聚糖测定-酶联免疫法					化验费	化验收入	2.诊断类：(6)实验室诊断费
CJH03PS1	曲霉半乳甘露聚糖测定-膜免疫法					化验费	化验收入	2.诊断类：(6)实验室诊断费
CJH03PZ1	曲霉半乳甘露聚糖测定-化学发光法					化验费	化验收入	2.诊断类：(6)实验室诊断费
CJH04PN1	隐球菌荚膜多糖定量测定-酶联免疫法					化验费	化验收入	2.诊断类：(6)实验室诊断费
CJH05001	真菌D-葡聚糖测定-比浊法	CJHR8000	真菌D-葡聚糖检测	250501040	真菌D-葡聚糖检测	化验费	化验收入	2.诊断类：(6)实验室诊断费
CJH05PA1	真菌D-葡聚糖测定-动态比色法					化验费	化验收入	2.诊断类：(6)实验室诊断费
CJH05PN1	真菌D-葡聚糖测定-酶联免疫法					化验费	化验收入	2.诊断类：(6)实验室诊断费
CJH05PS1	真菌D-葡聚糖测定-膜免疫法					化验费	化验收入	2.诊断类：(6)实验室诊断费
CJH06HA1	真菌鉴定-色原底物法	CJHK9000	真菌鉴定	250501027	真菌培养及鉴定	化验费	化验收入	2.诊断类：(6)实验室诊断费
CJH06JA1	真菌鉴定-编码生化鉴定法	CJHK9000	真菌鉴定	250501027	真菌培养及鉴定	化验费	化验收入	2.诊断类：(6)实验室诊断费
CJH06JB1	真菌鉴定-病原分子鉴定法					化验费	化验收入	2.诊断类：(6)实验室诊断费
CJH06JC1	真菌鉴定-手工生化鉴定法					化验费	化验收入	2.诊断类：(6)实验室诊断费
CJH06JD1	真菌鉴定-形态学鉴定					化验费	化验收入	2.诊断类：(6)实验室诊断费
CJH06JE1	真菌鉴定-质谱鉴定法					化验费	化验收入	2.诊断类：(6)实验室诊断费
		CJHV9000	真菌快速鉴定	250503003	病原体乳胶凝集试验快速检测	化验费	化验收入	2.诊断类：(6)实验室诊断费
CJH07001	真菌免疫学检测					化验费	化验收入	2.诊断类：(6)实验室诊断费
CJH07002	真菌培养+鉴定+药敏	CJHM8000	真菌培养+鉴定+药敏	250501027	真菌培养及鉴定	化验费	化验收入	2.诊断类：(6)实验室诊断费
CJH07003	真菌培养菌落计数-定量培养法	CJHH2000	培养真菌菌落计数	250501010	尿培养加菌落计数	化验费	化验收入	2.诊断类：(6)实验室诊断费
		CJHJ8000	真菌培养			化验费	化验收入	2.诊断类：(6)实验室诊断费
		CJHN8000	无菌体液真菌培养			化验费	化验收入	2.诊断类：(6)实验室诊断费
CJH07KA1	真菌培养+鉴定-手工接种法	CJHL8000	真菌培养+鉴定	250501027	真菌培养及鉴定	化验费	化验收入	2.诊断类：(6)实验室诊断费
CJH07KB1	真菌培养+鉴定-自动化接种法					化验费	化验收入	2.诊断类：(6)实验室诊断费
CJH08LC1	真菌涂片镜检-浓缩涂片革兰染色法	CJHE8000	浓缩集菌涂片革兰染色镜检查真菌	250501026	真菌涂片检查	化验费	化验收入	2.诊断类：(6)实验室诊断费
CJH08LD1	真菌涂片镜检-浓缩涂片六胺银染色					化验费	化验收入	2.诊断类：(6)实验室诊断费
CJH08LH1	真菌涂片镜检-浓缩涂片湿片镜检法					化验费	化验收入	2.诊断类：(6)实验室诊断费
CJH08LJ1	真菌涂片镜检-浓缩涂片荧光染色法			250501026	真菌涂片检查	化验费	化验收入	2.诊断类：(6)实验室诊断费
CJH08LK1	真菌涂片镜检-直接涂片革兰染色法	CJHD8000	直接涂片革兰染色镜检查真菌			化验费	化验收入	2.诊断类：(6)实验室诊断费
CJH08LL1	真菌涂片镜检-直接涂片六胺银染色	CJHG8000	真菌直接涂片镜检			化验费	化验收入	2.诊断类：(6)实验室诊断费
CJH08LQ1	真菌涂片镜检-直接涂片湿片镜检法					化验费	化验收入	2.诊断类：(6)实验室诊断费
CJH08LR1	真菌涂片镜检-直接涂片荧光染色法					化验费	化验收入	2.诊断类：(6)实验室诊断费
CJH09XC1	真菌药敏定量试验-浓度梯度法	CJHU9000	真菌药敏定量试验	250502003	真菌药敏试验	化验费	化验收入	2.诊断类：(6)实验室诊断费
CJH09XH1	真菌药敏定量试验-肉汤稀释法					化验费	化验收入	2.诊断类：(6)实验室诊断费
		CJHA3000	粪便涂片革兰染色镜检查真菌	250501026	真菌涂片检查	化验费	化验收入	2.诊断类：(6)实验室诊断费
		CJHB5000	生殖道标本涂片革兰染色镜检查真菌			化验费	化验收入	2.诊断类：(6)实验室诊断费
		CJHC5000	呼吸道标本涂片革兰染色镜检查真菌			化验费	化验收入	2.诊断类：(6)实验室诊断费
CJH10XB1	真菌药敏定性试验-纸片扩散法	CJHT9000	真菌药敏定性试验	250502003	真菌药敏试验	化验费	化验收入	2.诊断类：(6)实验室诊断费
CJH11001	真菌增菌培养+鉴定	CJHP8000	无菌体液真菌培养+鉴定	250501027	真菌培养及鉴定	化验费	化验收入	2.诊断类：(6)实验室诊断费
CJH12001	真菌增菌培养+鉴定+药敏	CJHQ8000	无菌体液真菌培养+鉴定+药敏			化验费	化验收入	2.诊断类：(6)实验室诊断费
CJJ	6.病毒检验							
CJJ01001	病毒培养+鉴定	CJJA8000	病毒培养+鉴定	250501037	病毒培养与鉴定	化验费	化验收入	2.诊断类：(6)实验室诊断费
CJK	7.寄生虫检验							
CJK01001	滴虫培养+鉴定	CJKB5000	滴虫培养+鉴定	250501038	滴虫培养	化验费	化验收入	2.诊断类：(6)实验室诊断费
CJK02001	粪寄生虫卵计数	CJKK3000	粪寄生虫卵计数	250601003	粪寄生虫卵计数	化验费	化验收入	2.诊断类：(6)实验室诊断费
CJK02MF1	粪寄生虫镜检-直接涂片染色镜检法	CJKH3000	粪寄生虫镜检	250601001	粪寄生虫镜检	化验费	化验收入	2.诊断类：(6)实验室诊断费
CJK02MF2	粪寄生虫卵集卵镜检-直接涂片染色镜检法	CJKJ3000	粪寄生虫卵集卵镜检	250601002	粪寄生虫卵集卵镜检	化验费	化验收入	2.诊断类：(6)实验室诊断费
CJK03LB1	黑热病利-杜氏体检查-光学显微镜法	CJKE8000	血液黑热病利-杜氏体检查	250601008	血液黑热病利一集氏体检查	化验费	化验收入	2.诊断类：(6)实验室诊断费
CJK04SA1	寄生虫卵孵化试验-孵化法	CJKL3000	寄生虫卵孵化试验	250601004	寄生虫卵孵化试验	化验费	化验收入	2.诊断类：(6)实验室诊断费
CJK05LQ1	寄生虫涂片镜检-直接涂片湿片镜检法	CJKA5000	滴虫直接涂片镜检			化验费	化验收入	2.诊断类：(6)实验室诊断费
CJK05PK1	寄生虫免疫学检查-免疫荧光法	CJKM8000	寄生虫免疫学检查	250602001	各种寄生虫免疫学检查	化验费	化验收入	2.诊断类：(6)实验室诊断费
CJK05RG1	寄生虫免疫学检查-凝集法	CJKM8000	寄生虫免疫学检查	250602001	各种寄生虫免疫学检查	化验费	化验收入	2.诊断类：(6)实验室诊断费
CJK06LB1	血液弓形虫检查-光学显微镜法	CJKF8000	血液弓形虫检查	250601009	血液弓形虫检查	化验费	化验收入	2.诊断类：(6)实验室诊断费
CJK07PN1	血液回归热螺旋体检查-酶联免疫法	CJKG1000	血液回归热螺旋体检查	250601007	血液回归热螺旋体检查	化验费	化验收入	2.诊断类：(6)实验室诊断费
CJK08LB1	血液疟原虫检查-光学显微镜法	CJKC1000	血液疟原虫检查	250601005	血液虐原虫检查	化验费	化验收入	2.诊断类：(6)实验室诊断费
CJK09LB1	血液微丝蚴检查-光学显微镜法	CJKD1000	血液微丝蚴检查	250601006	血液微丝蚴检查	化验费	化验收入	2.诊断类：(6)实验室诊断费
CL	(六)临床分子生物学及细胞遗传学检验							
CLA-CLC	1.感染性疾病分子生物学检验							
CLA01AA1	B群链球菌核酸检测-焦磷酸测序	CJCR9000	B族链球菌检测			化验费	化验收入	2.诊断类：(6)实验室诊断费
CLA01AB1	B群链球菌核酸检测-高通量测序法					化验费	化验收入	2.诊断类：(6)实验室诊断费
CLA01WC1	B群链球菌核酸检测-固相芯片法					化验费	化验收入	2.诊断类：(6)实验室诊断费
CLA01YA1	B群链球菌核酸检测-基因芯片	CJCR9000	B族链球菌检测			化验费	化验收入	2.诊断类：(6)实验室诊断费
CLA01ZD1	B群链球菌核酸检测-恒温扩增					化验费	化验收入	2.诊断类：(6)实验室诊断费
CLA02AC1	B群链球菌核酸检测-纳米孔测序					化验费	化验收入	2.诊断类：(6)实验室诊断费
CLA02DB1	B群链球菌核酸检测-聚合酶链反应后电泳法					化验费	化验收入	2.诊断类：(6)实验室诊断费
CLA02NC1	B群链球菌核酸检测-实时荧光聚合酶链反应					化验费	化验收入	2.诊断类：(6)实验室诊断费
CLA02ND1	B群链球菌核酸检测-数字聚合酶链反应					化验费	化验收入	2.诊断类：(6)实验室诊断费
CLA02WD1	B群链球菌核酸检测-液相芯片法					化验费	化验收入	2.诊断类：(6)实验室诊断费
CLA02WE1	B群链球菌核酸检测-微流控芯片法					化验费	化验收入	2.诊断类：(6)实验室诊断费
CLA02YC1	B群链球菌核酸检测-荧光原位杂交法					化验费	化验收入	2.诊断类：(6)实验室诊断费
CLA03AA1	EB病毒脱氧核糖核酸扩增定量测定-焦磷酸测序	CLBH8000	EB病毒脱氧核糖核酸扩增定量检测			化验费	化验收入	2.诊断类：(6)实验室诊断费
CLA03AB1	EB病毒脱氧核糖核酸扩增定量测定-高通量测序法					化验费	化验收入	2.诊断类：(6)实验室诊断费
CLA03DB1	EB病毒脱氧核糖核酸扩增定量测定-聚合酶链反应后电泳法					化验费	化验收入	2.诊断类：(6)实验室诊断费
CLA03WC1	EB病毒脱氧核糖核酸扩增定量测定-固相芯片法					化验费	化验收入	2.诊断类：(6)实验室诊断费
CLA03YA1	EB病毒脱氧核糖核酸扩增定量测定-基因芯片					化验费	化验收入	2.诊断类：(6)实验室诊断费
CLA03YB1	EB病毒脱氧核糖核酸扩增定量测定-聚合酶链反应后杂交法					化验费	化验收入	2.诊断类：(6)实验室诊断费
CLA03ZD1	EB病毒脱氧核糖核酸扩增定量测定-恒温扩增					化验费	化验收入	2.诊断类：(6)实验室诊断费
CLA04AC1	EB病毒脱氧核糖核酸扩增定量测定-纳米孔测序	CLBH8000	EB病毒脱氧核糖核酸扩增定量检测			化验费	化验收入	2.诊断类：(6)实验室诊断费
CLA04NC1	EB病毒脱氧核糖核酸扩增定量测定-实时荧光聚合酶链反应					化验费	化验收入	2.诊断类：(6)实验室诊断费
CLA04ND1	EB病毒脱氧核糖核酸扩增定量测定-数字聚合酶链反应					化验费	化验收入	2.诊断类：(6)实验室诊断费
CLA04WD1	EB病毒脱氧核糖核酸扩增定量测定-液相芯片法					化验费	化验收入	2.诊断类：(6)实验室诊断费
CLA04WE1	EB病毒脱氧核糖核酸扩增定量测定-微流控芯片法					化验费	化验收入	2.诊断类：(6)实验室诊断费
CLA04YC1	EB病毒脱氧核糖核酸扩增定量测定-荧光原位杂交法					化验费	化验收入	2.诊断类：(6)实验室诊断费
CLA05AA1	EB病毒脱氧核糖核酸扩增定性检测-焦磷酸测序	CLBG8000	EB病毒脱氧核糖核酸扩增定性检测			化验费	化验收入	2.诊断类：(6)实验室诊断费
CLA05NC1	EB病毒脱氧核糖核酸扩增定性检测-实时荧光聚合酶链反应					化验费	化验收入	2.诊断类：(6)实验室诊断费
CLA05YB1	EB病毒脱氧核糖核酸扩增定性检测-聚合酶链反应后杂交法	CLBG8000	EB病毒脱氧核糖核酸扩增定性检测			化验费	化验收入	2.诊断类：(6)实验室诊断费
CLA06001	病原体核糖核酸非扩增定量测定	CLAH8000	病原体核糖核酸非扩增定量检测			化验费	化验收入	2.诊断类：(6)实验室诊断费
CLA06YD1	病原体核糖核酸非扩增定量测定-杂交法	CLAG8000	病原体核糖核酸非扩增定性检测			化验费	化验收入	2.诊断类：(6)实验室诊断费
CLA06YD2	病原体核糖核酸非扩增定性检测-杂交法					化验费	化验收入	2.诊断类：(6)实验室诊断费
CLA07NC1	病原体核糖核酸扩增定量测定-实时荧光聚合酶链反应	CLAF8000	病原体核糖核酸扩增定量检测			化验费	化验收入	2.诊断类：(6)实验室诊断费
CLA07YB1	病原体核糖核酸扩增定量测定-聚合酶链反应后杂交法					化验费	化验收入	2.诊断类：(6)实验室诊断费
CLA08AA1	病原体核糖核酸扩增定性检测-焦磷酸测序	CLAE8000	病原体核糖核酸扩增定性检测			化验费	化验收入	2.诊断类：(6)实验室诊断费
CLA08AC1	病原体核糖核酸扩增定性检测-纳米孔测序					化验费	化验收入	2.诊断类：(6)实验室诊断费
CLA08DB1	病原体核糖核酸扩增定性检测-聚合酶链反应后电泳法	CLAE8000	病原体核糖核酸扩增定性检测			化验费	化验收入	2.诊断类：(6)实验室诊断费
CLA08WC1	病原体核糖核酸扩增定性检测-固相芯片法					化验费	化验收入	2.诊断类：(6)实验室诊断费
CLA08YA1	病原体核糖核酸扩增定性检测-基因芯片					化验费	化验收入	2.诊断类：(6)实验室诊断费
CLA08YB1	病原体核糖核酸扩增定性检测-聚合酶链反应后杂交法					化验费	化验收入	2.诊断类：(6)实验室诊断费
CLA08ZB1	病原体核糖核酸扩增定性检测-非聚合酶链反应扩增					化验费	化验收入	2.诊断类：(6)实验室诊断费
CLA08ZD1	病原体核糖核酸扩增定性检测-恒温扩增					化验费	化验收入	2.诊断类：(6)实验室诊断费
CLA09NC1	病原体核糖核酸扩增定性检测-实时荧光聚合酶链反应					化验费	化验收入	2.诊断类：(6)实验室诊断费
CLA09ND1	病原体核糖核酸扩增定性检测-数字聚合酶链反应					化验费	化验收入	2.诊断类：(6)实验室诊断费
CLA09WD1	病原体核糖核酸扩增定性检测-液相芯片法					化验费	化验收入	2.诊断类：(6)实验室诊断费
CLA09WE1	病原体核糖核酸扩增定性检测-微流控芯片法					化验费	化验收入	2.诊断类：(6)实验室诊断费
CLA09YC1	病原体核糖核酸扩增定性检测-荧光原位杂交法					化验费	化验收入	2.诊断类：(6)实验室诊断费
CLA10YD1	病原体脱氧核糖核酸非扩增定量测定-杂交法	CLAD8000	病原体脱氧核糖核酸非扩增定量检测			化验费	化验收入	2.诊断类：(6)实验室诊断费
CLA11DB1	病原体脱氧核糖核酸非扩增定性检测-聚合酶链反应后电泳法	CLAC8000	病原体脱氧核糖核酸非扩增定性检测			化验费	化验收入	2.诊断类：(6)实验室诊断费
CLA11WC1	病原体脱氧核糖核酸非扩增定性检测-固相芯片法					化验费	化验收入	2.诊断类：(6)实验室诊断费
CLA11WD1	病原体脱氧核糖核酸非扩增定性检测-液相芯片法					化验费	化验收入	2.诊断类：(6)实验室诊断费
CLA11WE1	病原体脱氧核糖核酸非扩增定性检测-微流控芯片法					化验费	化验收入	2.诊断类：(6)实验室诊断费
CLA11YA1	病原体脱氧核糖核酸非扩增定性检测-基因芯片	CLAC8000	病原体脱氧核糖核酸非扩增定性检测			化验费	化验收入	2.诊断类：(6)实验室诊断费
CLA11YC1	病原体脱氧核糖核酸非扩增定性检测-荧光原位杂交法					化验费	化验收入	2.诊断类：(6)实验室诊断费
CLA11YD1	病原体脱氧核糖核酸非扩增定性检测-杂交法					化验费	化验收入	2.诊断类：(6)实验室诊断费
CLA12AA1	病原体脱氧核糖核酸扩增定量测定-焦磷酸测序	CLAB8000	病原体脱氧核糖核酸扩增定量检测			化验费	化验收入	2.诊断类：(6)实验室诊断费
CLA12AB1	病原体脱氧核糖核酸扩增定量测定-高通量测序法					化验费	化验收入	2.诊断类：(6)实验室诊断费
CLA12AC1	病原体脱氧核糖核酸扩增定量测定-纳米孔测序					化验费	化验收入	2.诊断类：(6)实验室诊断费
CLA12DB1	病原体脱氧核糖核酸扩增定量测定-聚合酶链反应后电泳法					化验费	化验收入	2.诊断类：(6)实验室诊断费
CLA12NC1	病原体脱氧核糖核酸扩增定量测定-实时荧光聚合酶链反应					化验费	化验收入	2.诊断类：(6)实验室诊断费
CLA12ND1	病原体脱氧核糖核酸扩增定量测定-数字聚合酶链反应					化验费	化验收入	2.诊断类：(6)实验室诊断费
CLA12YB1	病原体脱氧核糖核酸扩增定量测定-聚合酶链反应后杂交法					化验费	化验收入	2.诊断类：(6)实验室诊断费
CLA12ZD1	病原体脱氧核糖核酸扩增定量测定-恒温扩增	CLAB8000	病原体脱氧核糖核酸扩增定量检测			化验费	化验收入	2.诊断类：(6)实验室诊断费
CLA13AA1	病原体脱氧核糖核酸扩增定性检测-焦磷酸测序	CLAA8000	病原体脱氧核糖核酸扩增定性检测			化验费	化验收入	2.诊断类：(6)实验室诊断费
CLA13DB1	病原体脱氧核糖核酸扩增定性检测-聚合酶链反应后电泳法					化验费	化验收入	2.诊断类：(6)实验室诊断费
CLA13WC1	病原体脱氧核糖核酸扩增定性检测-固相芯片法					化验费	化验收入	2.诊断类：(6)实验室诊断费
CLA13YA1	病原体脱氧核糖核酸扩增定性检测-基因芯片					化验费	化验收入	2.诊断类：(6)实验室诊断费
CLA13ZB1	病原体脱氧核糖核酸扩增定性检测-非聚合酶链反应扩增					化验费	化验收入	2.诊断类：(6)实验室诊断费
CLA13ZD1	病原体脱氧核糖核酸扩增定性检测-恒温扩增	CLAA8000	病原体脱氧核糖核酸扩增定性检测			化验费	化验收入	2.诊断类：(6)实验室诊断费
CLA14NC1	病原体脱氧核糖核酸扩增定性检测-实时荧光聚合酶链反应					化验费	化验收入	2.诊断类：(6)实验室诊断费
CLA14ND1	病原体脱氧核糖核酸扩增定性检测-数字聚合酶链反应					化验费	化验收入	2.诊断类：(6)实验室诊断费
CLA14YB1	病原体脱氧核糖核酸扩增定性检测-聚合酶链反应后杂交法					化验费	化验收入	2.诊断类：(6)实验室诊断费
CLA14YC1	病原体脱氧核糖核酸扩增定性检测-荧光原位杂交法					化验费	化验收入	2.诊断类：(6)实验室诊断费
CLB01AA1	乙型肝炎病毒基因分型检测-焦磷酸测序	CLAL8000	乙型肝炎病毒基因分型检测	250403072	乙型肝炎病毒(HBV)基因分型	化验费	化验收入	2.诊断类：(6)实验室诊断费
CLB01DB1	乙型肝炎病毒基因分型检测-聚合酶链反应后电泳法					化验费	化验收入	2.诊断类：(6)实验室诊断费
CLB01NC1	乙型肝炎病毒基因分型检测-实时荧光聚合酶链反应					化验费	化验收入	2.诊断类：(6)实验室诊断费
CLB01ND1	乙型肝炎病毒基因分型检测-数字聚合酶链反应					化验费	化验收入	2.诊断类：(6)实验室诊断费
CLB01YA1	乙型肝炎病毒基因分型检测-基因芯片					化验费	化验收入	2.诊断类：(6)实验室诊断费
CLB01YB1	乙型肝炎病毒基因分型检测-聚合酶链反应后杂交法	CLAL8000	乙型肝炎病毒基因分型检测	250403072	乙型肝炎病毒(HBV)基因分型	化验费	化验收入	2.诊断类：(6)实验室诊断费
CLB01YD1	乙型肝炎病毒基因分型检测-杂交法					化验费	化验收入	2.诊断类：(6)实验室诊断费
CLB02AA1	乙型肝炎病毒前C区变异检测-焦磷酸测序	CLAM8000	乙型肝炎病毒前C区变异检测			化验费	化验收入	2.诊断类：(6)实验室诊断费
CLB02DB1	乙型肝炎病毒前C区变异检测-聚合酶链反应后电泳法					化验费	化验收入	2.诊断类：(6)实验室诊断费
CLB02NC1	乙型肝炎病毒前C区变异检测-实时荧光聚合酶链反应					化验费	化验收入	2.诊断类：(6)实验室诊断费
CLB02ND1	乙型肝炎病毒前C区变异检测-数字聚合酶链反应					化验费	化验收入	2.诊断类：(6)实验室诊断费
CLB02WC1	乙型肝炎病毒前C区变异检测-固相芯片法	CLAM8000	乙型肝炎病毒前C区变异检测			化验费	化验收入	2.诊断类：(6)实验室诊断费
CLB02WD1	乙型肝炎病毒前C区变异检测-液相芯片法					化验费	化验收入	2.诊断类：(6)实验室诊断费
CLB02YA1	乙型肝炎病毒前C区变异检测-基因芯片					化验费	化验收入	2.诊断类：(6)实验室诊断费
CLB02YC1	乙型肝炎病毒前C区变异检测-荧光原位杂交法					化验费	化验收入	2.诊断类：(6)实验室诊断费
CLB02ZD1	乙型肝炎病毒前C区变异检测-恒温扩增					化验费	化验收入	2.诊断类：(6)实验室诊断费
CLB03AC1	乙型肝炎病毒脱氧核糖核酸扩增定量测定-纳米孔测序	CLAK8000	乙型肝炎病毒脱氧核糖核酸扩增定量检测	250403003	乙型肝炎DNA测定	化验费	化验收入	2.诊断类：(6)实验室诊断费
CLB03DB1	乙型肝炎病毒脱氧核糖核酸扩增定量测定-聚合酶链反应后电					化验费	化验收入	2.诊断类：(6)实验室诊断费
CLB03NC1	泳法乙型肝炎病毒脱氧核糖核酸扩增定量测定-实时荧光聚合酶链					化验费	化验收入	2.诊断类：(6)实验室诊断费
CLB03ND1	反应乙型肝炎病毒脱氧核糖核酸扩增定量测定-数字聚合酶链反应					化验费	化验收入	2.诊断类：(6)实验室诊断费
CLB03WC1	乙型肝炎病毒脱氧核糖核酸扩增定量测定-固相芯片法					化验费	化验收入	2.诊断类：(6)实验室诊断费
CLB03WD1	乙型肝炎病毒脱氧核糖核酸扩增定量测定-液相芯片法					化验费	化验收入	2.诊断类：(6)实验室诊断费
CLB03WE1	乙型肝炎病毒脱氧核糖核酸扩增定量测定-微流控芯片法	CLAK8000	乙型肝炎病毒脱氧核糖核酸扩增定量检测	250403003	乙型肝炎DNA测定	化验费	化验收入	2.诊断类：(6)实验室诊断费
CLB03YB1	乙型肝炎病毒脱氧核糖核酸扩增定量测定-聚合酶链反应后杂					化验费	化验收入	2.诊断类：(6)实验室诊断费
CLB03ZD1	交法乙型肝炎病毒脱氧核糖核酸扩增定量测定-恒温扩增					化验费	化验收入	2.诊断类：(6)实验室诊断费
CLB04AA1	乙型肝炎病毒脱氧核糖核酸扩增定性检测-焦磷酸测序	CLAJ8000	乙型肝炎病毒脱氧核糖核酸扩增定性检测			化验费	化验收入	2.诊断类：(6)实验室诊断费
CLB04DB1	乙型肝炎病毒脱氧核糖核酸扩增定性检测-聚合酶链反应后电					化验费	化验收入	2.诊断类：(6)实验室诊断费
CLB04NC1	乙型肝炎病毒脱氧核糖核酸扩增定性检测-实时荧光聚合酶链	CLAJ8000	乙型肝炎病毒脱氧核糖核酸扩增定性检测			化验费	化验收入	2.诊断类：(6)实验室诊断费
CLB04ND1	反应乙型肝炎病毒脱氧核糖核酸扩增定性检测-数字聚合酶链反应					化验费	化验收入	2.诊断类：(6)实验室诊断费
CLB04WE1	乙型肝炎病毒脱氧核糖核酸扩增定性检测-微流控芯片法					化验费	化验收入	2.诊断类：(6)实验室诊断费
CLB04YA1	乙型肝炎病毒脱氧核糖核酸扩增定性检测-基因芯片					化验费	化验收入	2.诊断类：(6)实验室诊断费
CLB04YB1	乙型肝炎病毒脱氧核糖核酸扩增定性检测-聚合酶链反应后杂					化验费	化验收入	2.诊断类：(6)实验室诊断费
CLB04YC1	交法乙型肝炎病毒脱氧核糖核酸扩增定性检测-荧光原位杂交法					化验费	化验收入	2.诊断类：(6)实验室诊断费
CLB04ZD1	乙型肝炎病毒脱氧核糖核酸扩增定性检测-恒温扩增					化验费	化验收入	2.诊断类：(6)实验室诊断费
		CLAN8000	乙型肝炎病毒基因变异检测	250501041	乙型肝炎病毒基因YMDD变异测定	化验费	化验收入	2.诊断类：(6)实验室诊断费
CLB05AC1	超敏乙型肝炎病毒脱氧核糖核酸定量测定-纳米孔测序					化验费	化验收入	2.诊断类：(6)实验室诊断费
CLB05DB1	超敏乙型肝炎病毒脱氧核糖核酸定量测定-聚合酶链反应后电					化验费	化验收入	2.诊断类：(6)实验室诊断费
CLB05NC1	泳法超敏乙型肝炎病毒脱氧核糖核酸定量测定-实时荧光聚合酶链					化验费	化验收入	2.诊断类：(6)实验室诊断费
CLB05ND1	反应超敏乙型肝炎病毒脱氧核糖核酸定量测定-数字聚合酶链反应					化验费	化验收入	2.诊断类：(6)实验室诊断费
CLB05WC1	超敏乙型肝炎病毒脱氧核糖核酸定量测定-固相芯片法					化验费	化验收入	2.诊断类：(6)实验室诊断费
CLB05WD1	超敏乙型肝炎病毒脱氧核糖核酸定量测定-液相芯片法					化验费	化验收入	2.诊断类：(6)实验室诊断费
CLB05WE1	超敏乙型肝炎病毒脱氧核糖核酸定量测定-微流控芯片法					化验费	化验收入	2.诊断类：(6)实验室诊断费
CLB05YB1	超敏乙型肝炎病毒脱氧核糖核酸定量测定-聚合酶链反应后杂					化验费	化验收入	2.诊断类：(6)实验室诊断费
CLB05ZD1	超敏乙型肝炎病毒脱氧核糖核酸定量测定-恒温扩增					化验费	化验收入	2.诊断类：(6)实验室诊断费
CLB06AC1	丙型肝炎病毒核糖核酸扩增定量测定-纳米孔测序	CLAQ8000	丙型肝炎病毒核糖核酸扩增定量检测	250403013	丙型肝炎RNA测定	化验费	化验收入	2.诊断类：(6)实验室诊断费
CLB06DB1	丙型肝炎病毒核糖核酸扩增定量测定-聚合酶链反应后电泳法					化验费	化验收入	2.诊断类：(6)实验室诊断费
CLB06NC1	丙型肝炎病毒核糖核酸扩增定量测定-实时荧光聚合酶链反应					化验费	化验收入	2.诊断类：(6)实验室诊断费
CLB06ND1	丙型肝炎病毒核糖核酸扩增定量测定-数字聚合酶链反应					化验费	化验收入	2.诊断类：(6)实验室诊断费
CLB06WD1	丙型肝炎病毒核糖核酸扩增定量测定-液相芯片法					化验费	化验收入	2.诊断类：(6)实验室诊断费
CLB06WE1	丙型肝炎病毒核糖核酸扩增定量测定-微流控芯片法					化验费	化验收入	2.诊断类：(6)实验室诊断费
CLB06YA1	丙型肝炎病毒核糖核酸扩增定量测定-基因芯片					化验费	化验收入	2.诊断类：(6)实验室诊断费
CLB06YB1	丙型肝炎病毒核糖核酸扩增定量测定-聚合酶链反应后杂交法					化验费	化验收入	2.诊断类：(6)实验室诊断费
CLB06ZD1	丙型肝炎病毒核糖核酸扩增定量测定-恒温扩增					化验费	化验收入	2.诊断类：(6)实验室诊断费
CLB07AA1	丙型肝炎病毒核糖核酸扩增定性检测-焦磷酸测序	CLAP8000	丙型肝炎病毒核糖核酸扩增定性检测			化验费	化验收入	2.诊断类：(6)实验室诊断费
CLB07AC1	丙型肝炎病毒核糖核酸扩增定性检测-纳米孔测序					化验费	化验收入	2.诊断类：(6)实验室诊断费
CLB07DB1	丙型肝炎病毒核糖核酸扩增定性检测-聚合酶链反应后电泳法					化验费	化验收入	2.诊断类：(6)实验室诊断费
CLB07YA1	丙型肝炎病毒核糖核酸扩增定性检测-基因芯片	CLAP8000	丙型肝炎病毒核糖核酸扩增定性检测	250403013	丙型肝炎RNA测定	化验费	化验收入	2.诊断类：(6)实验室诊断费
CLB07YB1	丙型肝炎病毒核糖核酸扩增定性检测-聚合酶链反应后杂交法					化验费	化验收入	2.诊断类：(6)实验室诊断费
CLB07ZD1	丙型肝炎病毒核糖核酸扩增定性检测-恒温扩增					化验费	化验收入	2.诊断类：(6)实验室诊断费
CLB08NC1	丙型肝炎病毒核糖核酸扩增定性检测-实时荧光聚合酶链反应	CLAP8000	丙型肝炎病毒核糖核酸扩增定性检测	250403013	丙型肝炎RNA测定	化验费	化验收入	2.诊断类：(6)实验室诊断费
CLB08ND1	丙型肝炎病毒核糖核酸扩增定性检测-数字聚合酶链反应					化验费	化验收入	2.诊断类：(6)实验室诊断费
CLB08WD1	丙型肝炎病毒核糖核酸扩增定性检测-液相芯片法					化验费	化验收入	2.诊断类：(6)实验室诊断费
CLB08WE1	丙型肝炎病毒核糖核酸扩增定性检测-微流控芯片法					化验费	化验收入	2.诊断类：(6)实验室诊断费
CLB09AA1	丙型肝炎病毒基因分型检测-焦磷酸测序	CLAR8000	丙型肝炎病毒基因分型检测	250403071	丙型肝炎病毒(HCV)基因分型	化验费	化验收入	2.诊断类：(6)实验室诊断费
CLB09NC1	丙型肝炎病毒基因分型检测-实时荧光聚合酶链反应					化验费	化验收入	2.诊断类：(6)实验室诊断费
CLB09YB1	丙型肝炎病毒基因分型检测-聚合酶链反应后杂交法					化验费	化验收入	2.诊断类：(6)实验室诊断费
CLB09YD1	丙型肝炎病毒基因分型检测-杂交法					化验费	化验收入	2.诊断类：(6)实验室诊断费
CLB10AC1	超敏丙型肝炎病毒核糖核酸定量测定-纳米孔测序					化验费	化验收入	2.诊断类：(6)实验室诊断费
CLB10DB1	超敏丙型肝炎病毒核糖核酸定量测定-聚合酶链反应后电泳法					化验费	化验收入	2.诊断类：(6)实验室诊断费
CLB10NC1	超敏丙型肝炎病毒核糖核酸定量测定-实时荧光聚合酶链反应					化验费	化验收入	2.诊断类：(6)实验室诊断费
CLB10ND1	超敏丙型肝炎病毒核糖核酸定量测定-数字聚合酶链反应					化验费	化验收入	2.诊断类：(6)实验室诊断费
CLB10WD1	超敏丙型肝炎病毒核糖核酸定量测定-液相芯片法					化验费	化验收入	2.诊断类：(6)实验室诊断费
CLB10WE1	超敏丙型肝炎病毒核糖核酸定量测定-微流控芯片法					化验费	化验收入	2.诊断类：(6)实验室诊断费
CLB10YA1	超敏丙型肝炎病毒核糖核酸定量测定-基因芯片					化验费	化验收入	2.诊断类：(6)实验室诊断费
CLB10ZD1	超敏丙型肝炎病毒核糖核酸定量测定-恒温扩增					化验费	化验收入	2.诊断类：(6)实验室诊断费
CLB11AC1	丁型肝炎病毒核糖核酸扩增定量测定-纳米孔测序	CLAT8000	丁型肝炎病毒核糖核酸扩增定量检测	250403065	各类病原体DNA测定	化验费	化验收入	2.诊断类：(6)实验室诊断费
CLB11DB1	丁型肝炎病毒核糖核酸扩增定量测定-聚合酶链反应后电泳法					化验费	化验收入	2.诊断类：(6)实验室诊断费
CLB11NC1	丁型肝炎病毒核糖核酸扩增定量测定-实时荧光聚合酶链反应					化验费	化验收入	2.诊断类：(6)实验室诊断费
CLB11ND1	丁型肝炎病毒核糖核酸扩增定量测定-数字聚合酶链反应					化验费	化验收入	2.诊断类：(6)实验室诊断费
CLB11WD1	丁型肝炎病毒核糖核酸扩增定量测定-液相芯片法					化验费	化验收入	2.诊断类：(6)实验室诊断费
CLB11WE1	丁型肝炎病毒核糖核酸扩增定量测定-微流控芯片法					化验费	化验收入	2.诊断类：(6)实验室诊断费
CLB11YA1	丁型肝炎病毒核糖核酸扩增定量测定-基因芯片					化验费	化验收入	2.诊断类：(6)实验室诊断费
CLB11YB1	丁型肝炎病毒核糖核酸扩增定量测定-聚合酶链反应后杂交法					化验费	化验收入	2.诊断类：(6)实验室诊断费
CLB11ZD1	丁型肝炎病毒核糖核酸扩增定量测定-恒温扩增					化验费	化验收入	2.诊断类：(6)实验室诊断费
CLB12AA1	丁型肝炎病毒核糖核酸扩增定性检测-焦磷酸测序	CLAS8000	丁型肝炎病毒核糖核酸扩增定性检测			化验费	化验收入	2.诊断类：(6)实验室诊断费
CLB12DB1	丁型肝炎病毒核糖核酸扩增定性检测-聚合酶链反应后电泳法					化验费	化验收入	2.诊断类：(6)实验室诊断费
CLB12YA1	丁型肝炎病毒核糖核酸扩增定性检测-基因芯片					化验费	化验收入	2.诊断类：(6)实验室诊断费
CLB12YB1	丁型肝炎病毒核糖核酸扩增定性检测-聚合酶链反应后杂交法					化验费	化验收入	2.诊断类：(6)实验室诊断费
CLB12ZD1	丁型肝炎病毒核糖核酸扩增定性检测-恒温扩增					化验费	化验收入	2.诊断类：(6)实验室诊断费
CLB13AC1	丁型肝炎病毒核糖核酸扩增定性检测-纳米孔测序					化验费	化验收入	2.诊断类：(6)实验室诊断费
CLB13NC1	丁型肝炎病毒核糖核酸扩增定性检测-实时荧光聚合酶链反应	CLAS8000	丁型肝炎病毒核糖核酸扩增定性检测	250403065	各类病原体DNA测定	化验费	化验收入	2.诊断类：(6)实验室诊断费
CLB13ND1	丁型肝炎病毒核糖核酸扩增定性检测-数字聚合酶链反应	CLAS8000	丁型肝炎病毒核糖核酸扩增定性检测	250403065	各类病原体DNA测定	化验费	化验收入	2.诊断类：(6)实验室诊断费
CLB13WD1	丁型肝炎病毒核糖核酸扩增定性检测-液相芯片法					化验费	化验收入	2.诊断类：(6)实验室诊断费
CLB13WE1	丁型肝炎病毒核糖核酸扩增定性检测-微流控芯片法					化验费	化验收入	2.诊断类：(6)实验室诊断费
CLB14NC1	戊型肝炎病毒核糖核酸扩增定量测定-实时荧光聚合酶链反应	CLAV8000	戊型肝炎病毒核糖核酸扩增定量检测			化验费	化验收入	2.诊断类：(6)实验室诊断费
CLB14YB1	戊型肝炎病毒核糖核酸扩增定量测定-聚合酶链反应后杂交法					化验费	化验收入	2.诊断类：(6)实验室诊断费
CLB15AA1	戊型肝炎病毒核糖核酸扩增定性检测-焦磷酸测序	CLAU8000	戊型肝炎病毒核糖核酸扩增定性检测			化验费	化验收入	2.诊断类：(6)实验室诊断费
CLB15NC1	戊型肝炎病毒核糖核酸扩增定性检测-实时荧光聚合酶链反应	CLAV8000	戊型肝炎病毒核糖核酸扩增定量检测			化验费	化验收入	2.诊断类：(6)实验室诊断费
CLB15YB1	戊型肝炎病毒核糖核酸扩增定性检测-聚合酶链反应后杂交法					化验费	化验收入	2.诊断类：(6)实验室诊断费
CLB16AA1	庚型肝炎病毒核糖核酸扩增检测-焦磷酸测序	CLAW8000	庚型肝炎病毒核糖核酸扩增检测	250403073	庚型肝炎病毒核糖核酸定性(HGV-RNA)	化验费	化验收入	2.诊断类：(6)实验室诊断费
CLB16NC1	庚型肝炎病毒核糖核酸扩增检测-实时荧光聚合酶链反应					化验费	化验收入	2.诊断类：(6)实验室诊断费
CLC01001	肠道病原核酸检测					化验费	化验收入	2.诊断类：(6)实验室诊断费
CLC02AA1	单纯疱疹病毒核酸检测-焦磷酸测序					化验费	化验收入	2.诊断类：(6)实验室诊断费
CLC02AB1	单纯疱疹病毒核酸检测-高通量测序法					化验费	化验收入	2.诊断类：(6)实验室诊断费
CLC02DB1	单纯疱疹病毒核酸检测-聚合酶链反应后电泳法					化验费	化验收入	2.诊断类：(6)实验室诊断费
CLC02WC1	单纯疱疹病毒核酸检测-固相芯片法					化验费	化验收入	2.诊断类：(6)实验室诊断费
CLC02YA1	单纯疱疹病毒核酸检测-基因芯片					化验费	化验收入	2.诊断类：(6)实验室诊断费
CLC02ZD1	单纯疱疹病毒核酸检测-恒温扩增					化验费	化验收入	2.诊断类：(6)实验室诊断费
CLC03AC1	单纯疱疹病毒核酸检测-纳米孔测序					化验费	化验收入	2.诊断类：(6)实验室诊断费
CLC03NC1	单纯疱疹病毒核酸检测-实时荧光聚合酶链反应					化验费	化验收入	2.诊断类：(6)实验室诊断费
CLC03ND1	单纯疱疹病毒核酸检测-数字聚合酶链反应					化验费	化验收入	2.诊断类：(6)实验室诊断费
CLC03WD1	单纯疱疹病毒核酸检测-液相芯片法					化验费	化验收入	2.诊断类：(6)实验室诊断费
CLC03WE1	单纯疱疹病毒核酸检测-微流控芯片法					化验费	化验收入	2.诊断类：(6)实验室诊断费
CLC03YC1	单纯疱疹病毒核酸检测-荧光原位杂交法					化验费	化验收入	2.诊断类：(6)实验室诊断费
CLC04NC1	多瘤病毒脱氧核糖核酸扩增定量测定-实时荧光聚合酶链反应	CLBF8000	多瘤病毒脱氧核糖核酸扩增定量测定			化验费	化验收入	2.诊断类：(6)实验室诊断费
CLC04YB1	多瘤病毒脱氧核糖核酸扩增定量测定-聚合酶链反应后杂交法					化验费	化验收入	2.诊断类：(6)实验室诊断费
CLC05AA1	多瘤病毒脱氧核糖核酸扩增定性检测-焦磷酸测序	CLBE8000	多瘤病毒脱氧核糖核酸扩增定性测定			化验费	化验收入	2.诊断类：(6)实验室诊断费
CLC05NC1	多瘤病毒脱氧核糖核酸扩增定性检测-实时荧光聚合酶链反应					化验费	化验收入	2.诊断类：(6)实验室诊断费
CLC05YB1	多瘤病毒脱氧核糖核酸扩增定性检测-聚合酶链反应后杂交法					化验费	化验收入	2.诊断类：(6)实验室诊断费
CLC06WC1	分枝杆菌菌种鉴定-固相芯片法	CLBA8000	分枝杆菌菌种鉴定			化验费	化验收入	2.诊断类：(6)实验室诊断费
CLC06YB1	分枝杆菌菌种鉴定-聚合酶链反应后杂交法					化验费	化验收入	2.诊断类：(6)实验室诊断费
CLC07001	高敏人类免疫缺陷病毒-核糖核酸扩增定量测定					化验费	化验收入	2.诊断类：(6)实验室诊断费
CLC08001	呼吸道病原核酸检测					化验费	化验收入	2.诊断类：(6)实验室诊断费
CLC09NC1	结核/非结核分枝杆菌核酸检测-实时荧光聚合酶链反应	CLBB8000	结核/非结核分枝杆菌核酸检测			化验费	化验收入	2.诊断类：(6)实验室诊断费
CLC10AA1	解脲脲原体脱氧核糖核酸扩增检测-焦磷酸测序	CLBQ8000	解脲脲原体脱氧核糖核酸扩增检测	250403065	各类病原体DNA测定	化验费	化验收入	2.诊断类：(6)实验室诊断费
CLC10NC1	解脲脲原体脱氧核糖核酸扩增检测-实时荧光聚合酶链反应					化验费	化验收入	2.诊断类：(6)实验室诊断费
CLC10YB1	解脲脲原体基因型别鉴定-聚合酶链反应后杂交法	CLBR8000	解脲脲原体基因型别鉴定			化验费	化验收入	2.诊断类：(6)实验室诊断费
CLC10YB2	解脲脲原体脱氧核糖核酸扩增检测-聚合酶链反应后杂交法	CLBQ8000	解脲脲原体脱氧核糖核酸扩增检测	250403065	各类病原体DNA测定	化验费	化验收入	2.诊断类：(6)实验室诊断费
CLC11AA1	巨细胞病毒脱氧核糖核酸扩增定量测定-焦磷酸测序	CLBD8000	巨细胞病毒脱氧核糖核酸扩增定量检测			化验费	化验收入	2.诊断类：(6)实验室诊断费
CLC11AB1	巨细胞病毒脱氧核糖核酸扩增定量测定-高通量测序法					化验费	化验收入	2.诊断类：(6)实验室诊断费
CLC11WC1	巨细胞病毒脱氧核糖核酸扩增定量测定-固相芯片法					化验费	化验收入	2.诊断类：(6)实验室诊断费
CLC11YA1	巨细胞病毒脱氧核糖核酸扩增定量测定-基因芯片					化验费	化验收入	2.诊断类：(6)实验室诊断费
CLC11YB1	巨细胞病毒脱氧核糖核酸扩增定量测定-聚合酶链反应后杂交					化验费	化验收入	2.诊断类：(6)实验室诊断费
CLC11ZD1	法巨细胞病毒脱氧核糖核酸扩增定量测定-恒温扩增					化验费	化验收入	2.诊断类：(6)实验室诊断费
CLC12AC1	巨细胞病毒脱氧核糖核酸扩增定量测定-纳米孔测序					化验费	化验收入	2.诊断类：(6)实验室诊断费
CLC12NC1	巨细胞病毒脱氧核糖核酸扩增定量测定-实时荧光聚合酶链反应					化验费	化验收入	2.诊断类：(6)实验室诊断费
CLC12ND1	巨细胞病毒脱氧核糖核酸扩增定量测定-数字聚合酶链反应					化验费	化验收入	2.诊断类：(6)实验室诊断费
CLC12WD1	巨细胞病毒脱氧核糖核酸扩增定量测定-液相芯片法					化验费	化验收入	2.诊断类：(6)实验室诊断费
CLC12WE1	巨细胞病毒脱氧核糖核酸扩增定量测定-微流控芯片法					化验费	化验收入	2.诊断类：(6)实验室诊断费
CLC13AA1	巨细胞病毒脱氧核糖核酸扩增定性检测-焦磷酸测序	CLBC8000	巨细胞病毒脱氧核糖核酸扩增定性检测	250403065	各类病原体DNA测定	化验费	化验收入	2.诊断类：(6)实验室诊断费
CLC13AB1	巨细胞病毒脱氧核糖核酸扩增定性检测-高通量测序法					化验费	化验收入	2.诊断类：(6)实验室诊断费
CLC13DB1	巨细胞病毒脱氧核糖核酸扩增定性检测-聚合酶链反应后电泳	CLBC8000	巨细胞病毒脱氧核糖核酸扩增定性检测	250403065	各类病原体DNA测定	化验费	化验收入	2.诊断类：(6)实验室诊断费
CLC13WC1	法巨细胞病毒脱氧核糖核酸扩增定性检测-固相芯片法					化验费	化验收入	2.诊断类：(6)实验室诊断费
CLC13YA1	巨细胞病毒脱氧核糖核酸扩增定性检测-基因芯片					化验费	化验收入	2.诊断类：(6)实验室诊断费
CLC13YB1	巨细胞病毒脱氧核糖核酸扩增定性检测-聚合酶链反应后杂交					化验费	化验收入	2.诊断类：(6)实验室诊断费
CLC13ZD1	法巨细胞病毒脱氧核糖核酸扩增定性检测-恒温扩增					化验费	化验收入	2.诊断类：(6)实验室诊断费
CLC14AC1	巨细胞病毒脱氧核糖核酸扩增定性检测-纳米孔测序	CLBC8000	巨细胞病毒脱氧核糖核酸扩增定性检测	250403065	各类病原体DNA测定	化验费	化验收入	2.诊断类：(6)实验室诊断费
CLC14NC1	巨细胞病毒脱氧核糖核酸扩增定性检测-实时荧光聚合酶链反					化验费	化验收入	2.诊断类：(6)实验室诊断费
CLC14ND1	应巨细胞病毒脱氧核糖核酸扩增定性检测-数字聚合酶链反应					化验费	化验收入	2.诊断类：(6)实验室诊断费
CLC14WD1	巨细胞病毒脱氧核糖核酸扩增定性检测-液相芯片法					化验费	化验收入	2.诊断类：(6)实验室诊断费
CLC14WE1	巨细胞病毒脱氧核糖核酸扩增定性检测-微流控芯片法					化验费	化验收入	2.诊断类：(6)实验室诊断费
CLC14YC1	巨细胞病毒脱氧核糖核酸扩增定性检测-荧光原位杂交法					化验费	化验收入	2.诊断类：(6)实验室诊断费
CLC15AA1	淋球菌脱氧核糖核酸扩增检测-焦磷酸测序	CLBN8000	淋球菌脱氧核糖核酸扩增检测			化验费	化验收入	2.诊断类：(6)实验室诊断费
CLC15NC1	淋球菌脱氧核糖核酸扩增检测-实时荧光聚合酶链反应					化验费	化验收入	2.诊断类：(6)实验室诊断费
CLC15YB1	淋球菌脱氧核糖核酸扩增检测-聚合酶链反应后杂交法	CLBN8000	淋球菌脱氧核糖核酸扩增检测	250403065	各类病原体DNA测定	化验费	化验收入	2.诊断类：(6)实验室诊断费
CLC16NC1	流感病毒核糖核酸检测-实时荧光聚合酶链反应	CLBV5000	流感病毒核糖核酸检测			化验费	化验收入	2.诊断类：(6)实验室诊断费
CLC17001	滤泡辅助性T淋巴细胞(Tfh)检测					化验费	化验收入	2.诊断类：(6)实验室诊断费
CLC18NC1	人类免疫缺陷病毒-核糖核酸扩增定量测定-实时荧光聚合酶链	CLAY8000	人类免疫缺陷病毒-核糖核酸扩增定量检测	250403065	各类病原体DNA测定	化验费	化验收入	2.诊断类：(6)实验室诊断费
CLC18NC2	反应人类免疫缺陷病毒-核糖核酸扩增定性检测-实时荧光聚合酶链	CLAX8000	人类免疫缺陷病毒-核糖核酸扩增定性检测			化验费	化验收入	2.诊断类：(6)实验室诊断费
CLC18YD1	反应人类免疫缺陷病毒-核糖核酸非扩增定性检测-杂交法	CLAZ8000	人类免疫缺陷病毒-核糖核酸非扩增定性检测			化验费	化验收入	2.诊断类：(6)实验室诊断费
CLC19NE1	人乳头瘤病毒核糖核酸检测-多重荧光聚合酶链反应法			250403066	人乳头瘤病毒(HPV)核酸检测	化验费	化验收入	2.诊断类：(6)实验室诊断费
CLC20AA1	人乳头瘤病毒基因分型检测-焦磷酸测序	CLBU8000	人乳头瘤病毒基因分型检测			化验费	化验收入	2.诊断类：(6)实验室诊断费
CLC20AB1	人乳头瘤病毒基因分型检测-高通量测序法					化验费	化验收入	2.诊断类：(6)实验室诊断费
CLC20DB1	人乳头瘤病毒基因分型检测-聚合酶链反应后电泳法					化验费	化验收入	2.诊断类：(6)实验室诊断费
CLC20WC1	人乳头瘤病毒基因分型检测-固相芯片法					化验费	化验收入	2.诊断类：(6)实验室诊断费
CLC20YA1	人乳头瘤病毒基因分型检测-基因芯片					化验费	化验收入	2.诊断类：(6)实验室诊断费
CLC20YB1	人乳头瘤病毒基因分型检测-聚合酶链反应后杂交法					化验费	化验收入	2.诊断类：(6)实验室诊断费
CLC20ZD1	人乳头瘤病毒基因分型检测-恒温扩增					化验费	化验收入	2.诊断类：(6)实验室诊断费
CLC21AC1	人乳头瘤病毒基因分型检测-纳米孔测序					化验费	化验收入	2.诊断类：(6)实验室诊断费
CLC21NC1	人乳头瘤病毒基因分型检测-实时荧光聚合酶链反应					化验费	化验收入	2.诊断类：(6)实验室诊断费
CLC21ND1	人乳头瘤病毒基因分型检测-数字聚合酶链反应	CLBU8000	人乳头瘤病毒基因分型检测			化验费	化验收入	2.诊断类：(6)实验室诊断费
CLC21WD1	人乳头瘤病毒基因分型检测-液相芯片法	CLBU8000	人乳头瘤病毒基因分型检测			化验费	化验收入	2.诊断类：(6)实验室诊断费
CLC21WE1	人乳头瘤病毒基因分型检测-微流控芯片法					化验费	化验收入	2.诊断类：(6)实验室诊断费
CLC21YC1	人乳头瘤病毒基因分型检测-荧光原位杂交法					化验费	化验收入	2.诊断类：(6)实验室诊断费
CLC22AA1	人乳头瘤病毒脱氧核糖核酸扩增检测-焦磷酸测序	CLBS8000	人乳头瘤病毒脱氧核糖核酸扩增检测			化验费	化验收入	2.诊断类：(6)实验室诊断费
CLC22AB1	人乳头瘤病毒脱氧核糖核酸扩增检测-高通量测序法					化验费	化验收入	2.诊断类：(6)实验室诊断费
CLC22DB1	人乳头瘤病毒脱氧核糖核酸扩增检测-聚合酶链反应后电泳法					化验费	化验收入	2.诊断类：(6)实验室诊断费
CLC22WC1	人乳头瘤病毒脱氧核糖核酸扩增检测-固相芯片法					化验费	化验收入	2.诊断类：(6)实验室诊断费
CLC22YA1	人乳头瘤病毒脱氧核糖核酸扩增检测-基因芯片					化验费	化验收入	2.诊断类：(6)实验室诊断费
CLC22YB1	人乳头瘤病毒脱氧核糖核酸扩增检测-聚合酶链反应后杂交法					化验费	化验收入	2.诊断类：(6)实验室诊断费
CLC22YD1	人乳头瘤病毒脱氧核糖核酸非扩增检测-杂交法	CLBT8000	人乳头瘤病毒脱氧核糖核酸非扩增定性检测			化验费	化验收入	2.诊断类：(6)实验室诊断费
CLC22ZD1	人乳头瘤病毒脱氧核糖核酸扩增检测-恒温扩增	CLBS8000	人乳头瘤病毒脱氧核糖核酸扩增检测			化验费	化验收入	2.诊断类：(6)实验室诊断费
CLC23AC1	人乳头瘤病毒脱氧核糖核酸扩增检测-纳米孔测序					化验费	化验收入	2.诊断类：(6)实验室诊断费
CLC23NC1	人乳头瘤病毒脱氧核糖核酸扩增检测-实时荧光聚合酶链反应					化验费	化验收入	2.诊断类：(6)实验室诊断费
CLC23ND1	人乳头瘤病毒脱氧核糖核酸扩增检测-数字聚合酶链反应					化验费	化验收入	2.诊断类：(6)实验室诊断费
CLC23WD1	人乳头瘤病毒脱氧核糖核酸扩增检测-液相芯片法					化验费	化验收入	2.诊断类：(6)实验室诊断费
CLC23WE1	人乳头瘤病毒脱氧核糖核酸扩增检测-微流控芯片法					化验费	化验收入	2.诊断类：(6)实验室诊断费
CLC23YC1	人乳头瘤病毒脱氧核糖核酸扩增检测-荧光原位杂交法	CLBS8000	人乳头瘤病毒脱氧核糖核酸扩增检测			化验费	化验收入	2.诊断类：(6)实验室诊断费
CLC24AA1	沙眼衣原体脱氧核糖核酸扩增检测-焦磷酸测序	CLBP8000	沙眼衣原体脱氧核糖核酸扩增检测	250403065	各类病原体DNA测定	化验费	化验收入	2.诊断类：(6)实验室诊断费
CLC24NC1	沙眼衣原体脱氧核糖核酸扩增检测-实时荧光聚合酶链反应					化验费	化验收入	2.诊断类：(6)实验室诊断费
CLC24YB1	沙眼衣原体脱氧核糖核酸扩增检测-聚合酶链反应后杂交法					化验费	化验收入	2.诊断类：(6)实验室诊断费
CLC25001	微小核糖核酸(microRNA)检测					化验费	化验收入	2.诊断类：(6)实验室诊断费
CLC26AA1	细小病毒脱氧核糖核酸扩增定量测定-焦磷酸测序	CLBK8000	细小病毒脱氧核糖核酸扩增定量检测	250403065	各类病原体DNA测定	化验费	化验收入	2.诊断类：(6)实验室诊断费
CLC26AB1	细小病毒脱氧核糖核酸扩增定量测定-高通量测序法					化验费	化验收入	2.诊断类：(6)实验室诊断费
CLC26AC1	细小病毒脱氧核糖核酸扩增定量测定-纳米孔测序					化验费	化验收入	2.诊断类：(6)实验室诊断费
CLC26DB1	细小病毒脱氧核糖核酸扩增定量测定-聚合酶链反应后电泳法					化验费	化验收入	2.诊断类：(6)实验室诊断费
CLC26NC1	细小病毒脱氧核糖核酸扩增定量测定-实时荧光聚合酶链反应					化验费	化验收入	2.诊断类：(6)实验室诊断费
CLC26WC1	细小病毒脱氧核糖核酸扩增定量测定-固相芯片法					化验费	化验收入	2.诊断类：(6)实验室诊断费
CLC26YA1	细小病毒脱氧核糖核酸扩增定量测定-基因芯片					化验费	化验收入	2.诊断类：(6)实验室诊断费
CLC26YB1	细小病毒脱氧核糖核酸扩增定量测定-聚合酶链反应后杂交法					化验费	化验收入	2.诊断类：(6)实验室诊断费
CLC26ZD1	细小病毒脱氧核糖核酸扩增定量测定-恒温扩增					化验费	化验收入	2.诊断类：(6)实验室诊断费
CLC27AA1	细小病毒脱氧核糖核酸扩增定性检测-焦磷酸测序	CLBJ8000	细小病毒脱氧核糖核酸扩增定性检测			化验费	化验收入	2.诊断类：(6)实验室诊断费
CLC27NC1	细小病毒脱氧核糖核酸扩增定性检测-实时荧光聚合酶链反应	CLBJ8000	细小病毒脱氧核糖核酸扩增定性检测			化验费	化验收入	2.诊断类：(6)实验室诊断费
CLC27ND1	细小病毒脱氧核糖核酸扩增定量测定-数字聚合酶链反应	CLBK8000	细小病毒脱氧核糖核酸扩增定量检测			化验费	化验收入	2.诊断类：(6)实验室诊断费
CLC27WD1	细小病毒脱氧核糖核酸扩增定量测定-液相芯片法					化验费	化验收入	2.诊断类：(6)实验室诊断费
CLC27WE1	细小病毒脱氧核糖核酸扩增定量测定-微流控芯片法					化验费	化验收入	2.诊断类：(6)实验室诊断费
CLC27YB1	细小病毒脱氧核糖核酸扩增定性检测-聚合酶链反应后杂交法	CLBJ8000	细小病毒脱氧核糖核酸扩增定性检测			化验费	化验收入	2.诊断类：(6)实验室诊断费
CLC27YC1	细小病毒脱氧核糖核酸扩增定量测定-荧光原位杂交法	CLBK8000	细小病毒脱氧核糖核酸扩增定量检测			化验费	化验收入	2.诊断类：(6)实验室诊断费
CLC28AA1	腺病毒脱氧核糖核酸扩增定量测定-焦磷酸测序	CLBM8000	腺病毒脱氧核糖核酸扩增定量检测	250403065	各类病原体DNA测定	化验费	化验收入	2.诊断类：(6)实验室诊断费
CLC28AB1	腺病毒脱氧核糖核酸扩增定量测定-高通量测序法					化验费	化验收入	2.诊断类：(6)实验室诊断费
CLC28AC1	腺病毒脱氧核糖核酸扩增定量测定-纳米孔测序					化验费	化验收入	2.诊断类：(6)实验室诊断费
CLC28DB1	腺病毒脱氧核糖核酸扩增定量测定-聚合酶链反应后电泳法					化验费	化验收入	2.诊断类：(6)实验室诊断费
CLC28WC1	腺病毒脱氧核糖核酸扩增定量测定-固相芯片法					化验费	化验收入	2.诊断类：(6)实验室诊断费
CLC28YA1	腺病毒脱氧核糖核酸扩增定量测定-基因芯片					化验费	化验收入	2.诊断类：(6)实验室诊断费
CLC28YB1	腺病毒脱氧核糖核酸扩增定量测定-聚合酶链反应后杂交法					化验费	化验收入	2.诊断类：(6)实验室诊断费
CLC28ZD1	腺病毒脱氧核糖核酸扩增定量测定-恒温扩增					化验费	化验收入	2.诊断类：(6)实验室诊断费
CLC29NC1	腺病毒脱氧核糖核酸扩增定量测定-实时荧光聚合酶链反应	CLBM8000	腺病毒脱氧核糖核酸扩增定量检测	250403065	各类病原体DNA测定	化验费	化验收入	2.诊断类：(6)实验室诊断费
CLC29ND1	腺病毒脱氧核糖核酸扩增定量测定-数字聚合酶链反应					化验费	化验收入	2.诊断类：(6)实验室诊断费
CLC29WD1	腺病毒脱氧核糖核酸扩增定量测定-液相芯片法					化验费	化验收入	2.诊断类：(6)实验室诊断费
CLC29WE1	腺病毒脱氧核糖核酸扩增定量测定-微流控芯片法	CLBM8000	腺病毒脱氧核糖核酸扩增定量检测	250403065	各类病原体DNA测定	化验费	化验收入	2.诊断类：(6)实验室诊断费
CLC29YC1	腺病毒脱氧核糖核酸扩增定量测定-荧光原位杂交法					化验费	化验收入	2.诊断类：(6)实验室诊断费
CLC30AA1	腺病毒脱氧核糖核酸扩增定性检测-焦磷酸测序	CLBL8000	腺病毒脱氧核糖核酸扩增定性检测			化验费	化验收入	2.诊断类：(6)实验室诊断费
CLC30NC1	腺病毒脱氧核糖核酸扩增定性检测-实时荧光聚合酶链反应					化验费	化验收入	2.诊断类：(6)实验室诊断费
CLC30YB1	腺病毒脱氧核糖核酸扩增定性检测-聚合酶链反应后杂交法					化验费	化验收入	2.诊断类：(6)实验室诊断费
CLC31001	新型冠状病毒核酸检测					化验费	化验收入	2.诊断类：(6)实验室诊断费
CLD	2.疾病相关分子生物学及细胞遗传学检验							
CLD01AB1	BRCA1/2基因突变检测-高通量测序法					化验费	化验收入	2.诊断类：(6)实验室诊断费
CLD02001	CYP2C19基因突变检测					化验费	化验收入	2.诊断类：(6)实验室诊断费
CLD03AA1	MTHFR基因多态性分析-焦磷酸测序					化验费	化验收入	2.诊断类：(6)实验室诊断费
CLD03AB1	MTHFR基因多态性分析-高通量测序法					化验费	化验收入	2.诊断类：(6)实验室诊断费
CLD03DB1	MTHFR基因多态性分析-聚合酶链反应后电泳法					化验费	化验收入	2.诊断类：(6)实验室诊断费
CLD03WC1	MTHFR基因多态性分析-固相芯片法					化验费	化验收入	2.诊断类：(6)实验室诊断费
CLD03YA1	MTHFR基因多态性分析-基因芯片					化验费	化验收入	2.诊断类：(6)实验室诊断费
CLD03ZD1	MTHFR基因多态性分析-恒温扩增					化验费	化验收入	2.诊断类：(6)实验室诊断费
CLD04AC1	MTHFR基因多态性分析-纳米孔测序					化验费	化验收入	2.诊断类：(6)实验室诊断费
CLD04NC1	MTHFR基因多态性分析-实时荧光聚合酶链反应					化验费	化验收入	2.诊断类：(6)实验室诊断费
CLD04ND1	MTHFR基因多态性分析-数字聚合酶链反应					化验费	化验收入	2.诊断类：(6)实验室诊断费
CLD04WD1	MTHFR基因多态性分析-液相芯片法					化验费	化验收入	2.诊断类：(6)实验室诊断费
CLD04WE1	MTHFR基因多态性分析-微流控芯片法					化验费	化验收入	2.诊断类：(6)实验室诊断费
CLD04YC1	MTHFR基因多态性分析-荧光原位杂交法					化验费	化验收入	2.诊断类：(6)实验室诊断费
CLD05001	Y染色体微缺失检测					化验费	化验收入	2.诊断类：(6)实验室诊断费
CLD06AA1	Y染色体性别基因分析-焦磷酸测序	CLDJ8000	Y染色体性别基因分析	250700011	性别基因(SRY)检测	化验费	化验收入	2.诊断类：(6)实验室诊断费
CLD06NC1	Y染色体性别基因分析-实时荧光聚合酶链反应					化验费	化验收入	2.诊断类：(6)实验室诊断费
CLD06ND1	Y染色体性别基因分析-数字聚合酶链反应					化验费	化验收入	2.诊断类：(6)实验室诊断费
CLD06WC1	Y染色体性别基因分析-固相芯片法					化验费	化验收入	2.诊断类：(6)实验室诊断费
CLD06YB1	Y染色体性别基因分析-聚合酶链反应后杂交法					化验费	化验收入	2.诊断类：(6)实验室诊断费
CLD06YD1	Y染色体性别基因分析-杂交法					化验费	化验收入	2.诊断类：(6)实验室诊断费
CLD07001	白血病融合基因定量检测	CLDS8000	白血病融合基因检测	250700017	白血病融合基因分型	化验费	化验收入	2.诊断类：(6)实验室诊断费
CLD07AA1	白血病融合基因检测-焦磷酸测序					化验费	化验收入	2.诊断类：(6)实验室诊断费
CLD07DB1	白血病融合基因检测-聚合酶链反应后电泳法					化验费	化验收入	2.诊断类：(6)实验室诊断费
CLD07NC1	白血病融合基因检测-实时荧光聚合酶链反应					化验费	化验收入	2.诊断类：(6)实验室诊断费
CLD07YB1	白血病融合基因检测-聚合酶链反应后杂交法					化验费	化验收入	2.诊断类：(6)实验室诊断费
CLD07YD1	白血病融合基因检测-杂交法					化验费	化验收入	2.诊断类：(6)实验室诊断费
CLD08001	程序性死亡受体-配体1(PD-L1)检测					化验费	化验收入	2.诊断类：(6)实验室诊断费
CLD09AA1	脆性X综合征基因分析-焦磷酸测序	CLDH8000	脆性X综合征基因分析	250700009	脆X综合症基因诊断	化验费	化验收入	2.诊断类：(6)实验室诊断费
CLD09DB1	脆性X综合征基因分析-聚合酶链反应后电泳法					化验费	化验收入	2.诊断类：(6)实验室诊断费
CLD09NC1	脆性X综合征基因分析-实时荧光聚合酶链反应					化验费	化验收入	2.诊断类：(6)实验室诊断费
CLD09WC1	脆性X综合征基因分析-固相芯片法					化验费	化验收入	2.诊断类：(6)实验室诊断费
CLD09YD1	脆性X综合征基因分析-杂交法					化验费	化验收入	2.诊断类：(6)实验室诊断费
CLD09LS1	脆性X染色体核型分析-染色体显带法	CLDB8000	脆性X染色体核型分析	250700002	脆性X染色体检查	化验费	化验收入	2.诊断类：(6)实验室诊断费
				250700005	脐血染色体检查	化验费	化验收入	2.诊断类：(6)实验室诊断费
CLD10AA1	单/多基因遗传病基因突变检查-焦磷酸测序	CLDT8000	单基因遗传病基因突变检查			化验费	化验收入	2.诊断类：(6)实验室诊断费
CLD10DB1	单/多基因遗传病基因突变检查-聚合酶链反应后电泳法					化验费	化验收入	2.诊断类：(6)实验室诊断费
CLD10NC1	单/多基因遗传病基因突变检查-实时荧光聚合酶链反应					化验费	化验收入	2.诊断类：(6)实验室诊断费
CLD10UD1	单/多基因遗传病基因突变检查-液相色谱法					化验费	化验收入	2.诊断类：(6)实验室诊断费
CLD10YD1	单/多基因遗传病基因突变检查-杂交法					化验费	化验收入	2.诊断类：(6)实验室诊断费
CLD12001	高分辨染色体核型分析	CLDC8000	高分辨染色体核型分析	250700003	血高分辨染色体检查	化验费	化验收入	2.诊断类：(6)实验室诊断费
CLD11AA1	肝豆状核变性基因分析-焦磷酸测序	CLDF8000	肝豆状核变性基因分析	250700007	肝豆状核变性基因分析	化验费	化验收入	2.诊断类：(6)实验室诊断费
CLD11DB1	肝豆状核变性基因分析-聚合酶链反应后电泳法					化验费	化验收入	2.诊断类：(6)实验室诊断费
CLD11NC1	肝豆状核变性基因分析-实时荧光聚合酶链反应	CLDF8000	肝豆状核变性基因分析	250700007	肝豆状核变性基因分析	化验费	化验收入	2.诊断类：(6)实验室诊断费
CLD11ND1	肝豆状核变性基因分析-数字聚合酶链反应					化验费	化验收入	2.诊断类：(6)实验室诊断费
CLD11WC1	肝豆状核变性基因分析-固相芯片法					化验费	化验收入	2.诊断类：(6)实验室诊断费
CLD11YD1	肝豆状核变性基因分析-杂交法					化验费	化验收入	2.诊断类：(6)实验室诊断费
CLD13AB1	基因甲基化检测-高通量测序法					化验费	化验收入	2.诊断类：(6)实验室诊断费
CLD13NC1	基因甲基化检测-实时荧光聚合酶链反应					化验费	化验收入	2.诊断类：(6)实验室诊断费
CLD14AA1	脊髓性肌萎缩症(SMA)基因检测-焦磷酸测序					化验费	化验收入	2.诊断类：(6)实验室诊断费
CLD14DB1	脊髓性肌萎缩症(SMA)基因检测-聚合酶链反应后电泳法					化验费	化验收入	2.诊断类：(6)实验室诊断费
CLD14NC1	脊髓性肌萎缩症(SMA)基因检测-实时荧光聚合酶链反应					化验费	化验收入	2.诊断类：(6)实验室诊断费
CLD15LS1	姐妹染色体互换分析-染色体显带法	CLDD8000	姐妹染色体互换分析	250700004	血姐妹染色体互换试验	化验费	化验收入	2.诊断类：(6)实验室诊断费
CLD16AA1	淋巴瘤基因重排检测-焦磷酸测序					化验费	化验收入	2.诊断类：(6)实验室诊断费
CLD16DB1	淋巴瘤基因重排检测-聚合酶链反应后电泳法					化验费	化验收入	2.诊断类：(6)实验室诊断费
CLD16NB1	淋巴瘤基因重排检测-实时荧光定量聚合酶链反应					化验费	化验收入	2.诊断类：(6)实验室诊断费
CLD16WC1	淋巴瘤基因重排检测-固相芯片法					化验费	化验收入	2.诊断类：(6)实验室诊断费
CLD16WD1	淋巴瘤基因重排检测-液相芯片法					化验费	化验收入	2.诊断类：(6)实验室诊断费
CLD16YC1	淋巴瘤基因重排检测-荧光原位杂交法					化验费	化验收入	2.诊断类：(6)实验室诊断费
CLD17MD1	淋巴细胞染色体畸变率测定-浓缩涂片染色镜检					化验费	化验收入	2.诊断类：(6)实验室诊断费
CLD18001	培养细胞微核率检测					化验费	化验收入	2.诊断类：(6)实验室诊断费
CLD19LS1	染色体分析-染色体显带法	CLDR8000	染色体分析	250700013	染色体分析	化验费	化验收入	2.诊断类：(6)实验室诊断费
CLD20001	染色体高通量测序分析					化验费	化验收入	2.诊断类：(6)实验室诊断费
CLD20002	染色体核型分析	CLDA8000	染色体核型分析	250700014	培养细胞的染色体分析	化验费	化验收入	2.诊断类：(6)实验室诊断费
CLD20003	染色体畸变测定					化验费	化验收入	2.诊断类：(6)实验室诊断费
CLD20004	染色体芯片分析					化验费	化验收入	2.诊断类：(6)实验室诊断费
CLD20YD1	染色体荧光原位杂交分析-杂交法	CLDN8000	染色体荧光原位杂交分析	250700014	培养细胞的染色体分析	化验费	化验收入	2.诊断类：(6)实验室诊断费
CLD21AA1	人类B-RAF基因突变检测-焦磷酸测序					化验费	化验收入	2.诊断类：(6)实验室诊断费
CLD21DB1	人类B-RAF基因突变检测-聚合酶链反应后电泳法					化验费	化验收入	2.诊断类：(6)实验室诊断费
CLD21NC1	人类B-RAF基因突变检测-实时荧光聚合酶链反应					化验费	化验收入	2.诊断类：(6)实验室诊断费
CLD21ND1	人类B-RAF基因突变检测-数字聚合酶链反应					化验费	化验收入	2.诊断类：(6)实验室诊断费
CLD21YA1	人类B-RAF基因突变检测-基因芯片					化验费	化验收入	2.诊断类：(6)实验室诊断费
CLD22AA1	人类EGFR基因突变检测-焦磷酸测序					化验费	化验收入	2.诊断类：(6)实验室诊断费
CLD22DB1	人类EGFR基因突变检测-聚合酶链反应后电泳法					化验费	化验收入	2.诊断类：(6)实验室诊断费
CLD22NC1	人类EGFR基因突变检测-实时荧光聚合酶链反应					化验费	化验收入	2.诊断类：(6)实验室诊断费
CLD22ND1	人类EGFR基因突变检测-数字聚合酶链反应					化验费	化验收入	2.诊断类：(6)实验室诊断费
CLD22YA1	人类EGFR基因突变检测-基因芯片					化验费	化验收入	2.诊断类：(6)实验室诊断费
CLD23DB1	人类EML4-ALK融合基因检测-聚合酶链反应后电泳法					化验费	化验收入	2.诊断类：(6)实验室诊断费
CLD23NC1	人类EML4-ALK融合基因检测-实时荧光聚合酶链反应					化验费	化验收入	2.诊断类：(6)实验室诊断费
CLD23ND1	人类EML4-ALK融合基因检测-数字聚合酶链反应					化验费	化验收入	2.诊断类：(6)实验室诊断费
CLD23YA1	人类EML4-ALK融合基因检测-基因芯片					化验费	化验收入	2.诊断类：(6)实验室诊断费
CLD24AA1	人类K-RAS基因突变检测-焦磷酸测序					化验费	化验收入	2.诊断类：(6)实验室诊断费
CLD24DB1	人类K-RAS基因突变检测-聚合酶链反应后电泳法					化验费	化验收入	2.诊断类：(6)实验室诊断费
CLD24NC1	人类K-RAS基因突变检测-实时荧光聚合酶链反应					化验费	化验收入	2.诊断类：(6)实验室诊断费
CLD24ND1	人类K-RAS基因突变检测-数字聚合酶链反应					化验费	化验收入	2.诊断类：(6)实验室诊断费
CLD24YA1	人类K-RAS基因突变检测-基因芯片					化验费	化验收入	2.诊断类：(6)实验室诊断费
CLD25AA1	人类PIK3CA基因突变检测-焦磷酸测序					化验费	化验收入	2.诊断类：(6)实验室诊断费
CLD25DB1	人类PIK3CA基因突变检测-聚合酶链反应后电泳法					化验费	化验收入	2.诊断类：(6)实验室诊断费
CLD25NC1	人类PIK3CA基因突变检测-实时荧光聚合酶链反应					化验费	化验收入	2.诊断类：(6)实验室诊断费
CLD25ND1	人类PIK3CA基因突变检测-数字聚合酶链反应					化验费	化验收入	2.诊断类：(6)实验室诊断费
CLD25YA1	人类PIK3CA基因突变检测-基因芯片					化验费	化验收入	2.诊断类：(6)实验室诊断费
CLD26PF1	脱氧核糖核酸倍体分析-流式细胞术	CLDK8000	脱氧核糖核酸倍体分析	250700012	脱氧核糖核酸(DNA)倍体分析	化验费	化验收入	2.诊断类：(6)实验室诊断费
CLD27001	外周血胎儿染色体非整倍体高通量基因检测					化验费	化验收入	2.诊断类：(6)实验室诊断费
CLD27002	外周血细胞荧光原位杂交分析	CLDL1000	血细胞荧光原位杂交分析			化验费	化验收入	2.诊断类：(6)实验室诊断费
CLD27AB1	外周血游离肿瘤基因突变检测-高通量测序法					化验费	化验收入	2.诊断类：(6)实验室诊断费
CLD27NC1	外周血游离肿瘤基因突变检测-实时荧光聚合酶链反应					化验费	化验收入	2.诊断类：(6)实验室诊断费
CLD28AB1	心脑血管疾病易感基因检测-高通量测序法					化验费	化验收入	2.诊断类：(6)实验室诊断费
CLD28NC1	心脑血管疾病易感基因检测-实时荧光聚合酶链反应					化验费	化验收入	2.诊断类：(6)实验室诊断费
CLD29AA1	血友病基因分析-焦磷酸测序	CLDG8000	血友病基因分析	250700008	血友病甲基因分析	化验费	化验收入	2.诊断类：(6)实验室诊断费
CLD29DB1	血友病基因分析-聚合酶链反应后电泳法					化验费	化验收入	2.诊断类：(6)实验室诊断费
CLD29NC1	血友病基因分析-实时荧光聚合酶链反应					化验费	化验收入	2.诊断类：(6)实验室诊断费
CLD29WC1	血友病基因分析-固相芯片法					化验费	化验收入	2.诊断类：(6)实验室诊断费
CLD29YD1	血友病基因分析-杂交法					化验费	化验收入	2.诊断类：(6)实验室诊断费
CLD30001	遗传代谢病检测					化验费	化验收入	2.诊断类：(6)实验室诊断费
CLD30LS1	羊水细胞染色体分析-染色体显带法	CLDP4000	羊水细胞染色体分析	250700013	染色体分析	化验费	化验收入	2.诊断类：(6)实验室诊断费
		CLDQ6000	绒毛组织染色体分析			化验费	化验收入	2.诊断类：(6)实验室诊断费
		CLDM4000	未经处理的羊水细胞荧光原位杂交分析			化验费	化验收入	2.诊断类：(6)实验室诊断费
CLD31AB1	遗传性耳聋基因检测-高通量测序法	CLDU8000	遗传性耳聋基因检测			化验费	化验收入	2.诊断类：(6)实验室诊断费
CLD31YD1	遗传性耳聋基因检测-杂交法					化验费	化验收入	2.诊断类：(6)实验室诊断费
CLD32AA1	遗传性肌营养不良基因分析-焦磷酸测序	CLDE8000	遗传性肌营养不良基因分析	250700006	进行性肌营养不良基因分析	化验费	化验收入	2.诊断类：(6)实验室诊断费
CLD32DB1	遗传性肌营养不良基因分析-聚合酶链反应后电泳法					化验费	化验收入	2.诊断类：(6)实验室诊断费
CLD32NC1	遗传性肌营养不良基因分析-实时荧光聚合酶链反应					化验费	化验收入	2.诊断类：(6)实验室诊断费
CLD32ND1	遗传性肌营养不良基因分析-数字聚合酶链反应					化验费	化验收入	2.诊断类：(6)实验室诊断费
CLD32YD1	遗传性肌营养不良基因分析-杂交法					化验费	化验收入	2.诊断类：(6)实验室诊断费
				250700001	外周血细胞染色体检查	化验费	化验收入	2.诊断类：(6)实验室诊断费
CLD33AA1	乙醛脱氢酶2(ALDH2)基因检测-焦磷酸测序					化验费	化验收入	2.诊断类：(6)实验室诊断费
CLD33DB1	乙醛脱氢酶2(ALDH2)基因检测-聚合酶链反应后电泳法					化验费	化验收入	2.诊断类：(6)实验室诊断费
CLD33NC1	乙醛脱氢酶2(ALDH2)基因检测-实时荧光聚合酶链反应					化验费	化验收入	2.诊断类：(6)实验室诊断费
CLD33WC1	乙醛脱氢酶2(ALDH2)基因检测-固相芯片法					化验费	化验收入	2.诊断类：(6)实验室诊断费
CLD33YA1	乙醛脱氢酶2(ALDH2)基因检测-基因芯片					化验费	化验收入	2.诊断类：(6)实验室诊断费
CLD33ZD1	乙醛脱氢酶2(ALDH2)基因检测-恒温扩增					化验费	化验收入	2.诊断类：(6)实验室诊断费
CLD34ND1	乙醛脱氢酶2(ALDH2)基因检测-数字聚合酶链反应					化验费	化验收入	2.诊断类：(6)实验室诊断费
CLD34WD1	乙醛脱氢酶2(ALDH2)基因检测-液相芯片法					化验费	化验收入	2.诊断类：(6)实验室诊断费
CLD34WE1	乙醛脱氢酶2(ALDH2)基因检测-微流控芯片法					化验费	化验收入	2.诊断类：(6)实验室诊断费
CLD34YC1	乙醛脱氢酶2(ALDH2)基因检测-荧光原位杂交法					化验费	化验收入	2.诊断类：(6)实验室诊断费
CLF	3.用药指导的分子生物学检验							
CLF01AB1	病原体及抗生素耐药基因核酸检测-高通量测序法	CLFA8000	乙型肝炎耐药基因检测			化验费	化验收入	2.诊断类：(6)实验室诊断费
CLF01AC1	病原体及抗生素耐药基因核酸检测-纳米孔测序	CLFC8000	万古霉素耐药基因试验	250503010	耐万古霉素基因试验	化验费	化验收入	2.诊断类：(6)实验室诊断费
CLF01DB1	病原体及抗生素耐药基因核酸检测-聚合酶链反应后电泳法					化验费	化验收入	2.诊断类：(6)实验室诊断费
CLF01ND1	病原体及抗生素耐药基因核酸检测-数字聚合酶链反应					化验费	化验收入	2.诊断类：(6)实验室诊断费
CLF01YB1	病原体及抗生素耐药基因核酸检测-聚合酶链反应后杂交法	CLFD8000	耐甲氧西林葡萄球耐药基因检测	250503011	DNA探针技术查meeA基因	化验费	化验收入	2.诊断类：(6)实验室诊断费
CLF01YC1	病原体及抗生素耐药基因核酸检测-荧光原位杂交法	CLFB8000	结核分枝杆菌耐药基因检测			化验费	化验收入	2.诊断类：(6)实验室诊断费
CLF01YD1	病原体及抗生素耐药基因核酸检测-杂交法					化验费	化验收入	2.诊断类：(6)实验室诊断费
CLF01ZD1	病原体及抗生素耐药基因核酸检测-恒温扩增					化验费	化验收入	2.诊断类：(6)实验室诊断费
CLF02AA1	病原体用药指导基因检测-焦磷酸测序	CLFF8000	病原体用药指导的基因检测			化验费	化验收入	2.诊断类：(6)实验室诊断费
CLF02AB1	病原体用药指导基因检测-高通量测序法					化验费	化验收入	2.诊断类：(6)实验室诊断费
CLF02AC1	病原体用药指导基因检测-纳米孔测序					化验费	化验收入	2.诊断类：(6)实验室诊断费
CLF02DB1	病原体用药指导基因检测-聚合酶链反应后电泳法					化验费	化验收入	2.诊断类：(6)实验室诊断费
CLF02WC1	病原体用药指导基因检测-固相芯片法					化验费	化验收入	2.诊断类：(6)实验室诊断费
CLF02YB1	病原体用药指导基因检测-聚合酶链反应后杂交法					化验费	化验收入	2.诊断类：(6)实验室诊断费
CLF03NC1	病原体用药指导基因检测-实时荧光聚合酶链反应					化验费	化验收入	2.诊断类：(6)实验室诊断费
CLF03ND1	病原体用药指导基因检测-数字聚合酶链反应					化验费	化验收入	2.诊断类：(6)实验室诊断费
CLF03UD1	病原体用药指导基因检测-液相色谱法					化验费	化验收入	2.诊断类：(6)实验室诊断费
CLF03WD1	病原体用药指导基因检测-液相芯片法					化验费	化验收入	2.诊断类：(6)实验室诊断费
CLF03WE1	病原体用药指导基因检测-微流控芯片法					化验费	化验收入	2.诊断类：(6)实验室诊断费
CLF03YD1	病原体用药指导基因检测-杂交法					化验费	化验收入	2.诊断类：(6)实验室诊断费
CLF041A1	化学药物用药指导基因检测-核酸质谱法	CLFE8000	化学药物用药指导的基因检测			化验费	化验收入	2.诊断类：(6)实验室诊断费
CLF04AA1	化学药物用药指导基因检测-焦磷酸测序					化验费	化验收入	2.诊断类：(6)实验室诊断费
CLF04DB1	化学药物用药指导基因检测-聚合酶链反应后电泳法					化验费	化验收入	2.诊断类：(6)实验室诊断费
CLF04NC1	化学药物用药指导基因检测-实时荧光聚合酶链反应					化验费	化验收入	2.诊断类：(6)实验室诊断费
CLF04ND1	化学药物用药指导基因检测-数字聚合酶链反应					化验费	化验收入	2.诊断类：(6)实验室诊断费
CLF04YB1	化学药物用药指导基因检测-聚合酶链反应后杂交法					化验费	化验收入	2.诊断类：(6)实验室诊断费
CLF05WC1	基因表达水平对肿瘤药物敏感性判断-固相芯片法	CLFH6000	基因表达水平对肿瘤药物敏感性的判断			化验费	化验收入	2.诊断类：(6)实验室诊断费
CLF05WC2	基因表达水平对肿瘤预后判断-固相芯片法	CLFG6000	基因表达水平对肿瘤预后的判断			化验费	化验收入	2.诊断类：(6)实验室诊断费
CLF06XH1	联合药物敏感试验-肉汤稀释法	CLFK9000	联合药物敏感试验	250502007	联合药物敏感试验	化验费	化验收入	2.诊断类：(6)实验室诊断费
CLF07001	外周血循环肿瘤细胞检测(CTCs)					化验费	化验收入	2.诊断类：(6)实验室诊断费
CLF08001	叶酸受体细胞分子检测					化验费	化验收入	2.诊断类：(6)实验室诊断费
CLF09001	肿瘤细胞化疗药物敏感试验	CLFJ8000	肿瘤细胞化疗药物敏感试验	250502010	肿瘤细胞化疗药物敏感试验	化验费	化验收入	2.诊断类：(6)实验室诊断费
CLZ	4.其他							
CLZ01AA1	载脂蛋白E基因分型-焦磷酸测序	CLZA8000	载脂蛋白E基因分型	250303017	载脂蛋白E基因分型	化验费	化验收入	2.诊断类：(6)实验室诊断费
CLZ01AB1	载脂蛋白E基因分型-高通量测序法					化验费	化验收入	2.诊断类：(6)实验室诊断费
CLZ01AC1	载脂蛋白E基因分型-纳米孔测序					化验费	化验收入	2.诊断类：(6)实验室诊断费
CLZ01DB1	载脂蛋白E基因分型-聚合酶链反应后电泳法					化验费	化验收入	2.诊断类：(6)实验室诊断费
CLZ02NC1	载脂蛋白E基因分型-实时荧光聚合酶链反应					化验费	化验收入	2.诊断类：(6)实验室诊断费
CLZ02ND1	载脂蛋白E基因分型-数字聚合酶链反应					化验费	化验收入	2.诊断类：(6)实验室诊断费
CLZ01WC1	载脂蛋白E基因分型-固相芯片法					化验费	化验收入	2.诊断类：(6)实验室诊断费
CLZ02WD1	载脂蛋白E基因分型-液相芯片法					化验费	化验收入	2.诊断类：(6)实验室诊断费
CLZ02WE1	载脂蛋白E基因分型-微流控芯片法					化验费	化验收入	2.诊断类：(6)实验室诊断费
CLZ02YD1	载脂蛋白E基因分型-杂交法					化验费	化验收入	2.诊断类：(6)实验室诊断费
CLZ01ZD1	载脂蛋白E基因分型-恒温扩增	CLZA8000	载脂蛋白E基因分型	250303017	载脂蛋白E基因分型	化验费	化验收入	2.诊断类：(6)实验室诊断费
E	四、影像学诊查							
EA	(一)X线检查							
EAA	1.透视							
		EAABP001	头部X线透视	210101001	普通透视	检查费	检查收入	2.诊断类：(7)影像学诊断费
		EAAHY001	颈部X线透视			检查费	检查收入	2.诊断类：(7)影像学诊断费
EAAJT001	胸部X线透视	EAAJT001	胸部X线透视			检查费	检查收入	2.诊断类：(7)影像学诊断费
EAAQT001	腹部X线透视	EAAQT001	腹部X线透视			检查费	检查收入	2.诊断类：(7)影像学诊断费
EAAQU001	盆部X线透视	EAAQU001	盆部X线透视			检查费	检查收入	2.诊断类：(7)影像学诊断费
EAAZV001	四肢关节X线透视	EAAW6001	四肢关节X线透视			检查费	检查收入	2.诊断类：(7)影像学诊断费
		EAAZZ001	床旁透视			检查费	检查收入	2.诊断类：(7)影像学诊断费
		EAAZZ002	术中透视	210101003	床旁透视与术中透视	检查费	检查收入	2.诊断类：(7)影像学诊断费
				210102001	5×7吋	检查费	检查收入	2.诊断类：(7)影像学诊断费
				210102002	8×10吋	检查费	检查收入	2.诊断类：(7)影像学诊断费
				210102003	10×12吋	检查费	检查收入	2.诊断类：(7)影像学诊断费
				210102004	11×14吋	检查费	检查收入	2.诊断类：(7)影像学诊断费
				210102005	12×15吋	检查费	检查收入	2.诊断类：(7)影像学诊断费
				210102006	14×14吋	检查费	检查收入	2.诊断类：(7)影像学诊断费
				210102007	14×17吋	检查费	检查收入	2.诊断类：(7)影像学诊断费
				220800001	黑白热敏打印照片	检查费	检查收入	2.诊断类：(7)影像学诊断费
				220800002	彩色打印照片	检查费	检查收入	2.诊断类：(7)影像学诊断费
				220800003	黑白一次成象(波拉)照片	检查费	检查收入	2.诊断类：(7)影像学诊断费
				220800004	彩色一次成象(波拉)照片	检查费	检查收入	2.诊断类：(7)影像学诊断费
				220800007	超声检查实时录象	检查费	检查收入	2.诊断类：(7)影像学诊断费
				220800008	超声计算机图文报告	检查费	检查收入	2.诊断类：(7)影像学诊断费
				220800005	超声多幅照相	检查费	检查收入	2.诊断类：(7)影像学诊断费
				220800006	彩色胶片照相	检查费	检查收入	2.诊断类：(7)影像学诊断费
EAB	2.X线摄影							
EABCC001	视神经孔X线摄影	EABCC001	视神经孔X线摄影			检查费	检查收入	2.诊断类：(7)影像学诊断费
EABCN001	舌下神经孔X线摄影	EABCN001	舌下神经孔X线摄影			检查费	检查收入	2.诊断类：(7)影像学诊断费
EABEB001	眼眶X线摄影	EABEB001	眼眶X线摄影	210102012	眼球异物定位摄影	检查费	检查收入	2.诊断类：(7)影像学诊断费
EABFJ001	乳突X线摄影	EABFJ001	乳突X线摄影			检查费	检查收入	2.诊断类：(7)影像学诊断费
EABFP001	单侧内听道X线摄影	EABFK001	内听道X线摄影			检查费	检查收入	2.诊断类：(7)影像学诊断费
EABGB001	鼻骨侧位X线摄影	EABGB001	鼻骨侧位X线摄影			检查费	检查收入	2.诊断类：(7)影像学诊断费
EABGF001	副鼻窦X线摄影	EABGF001	副鼻窦X线摄影	210103006	副鼻窦造影	检查费	检查收入	2.诊断类：(7)影像学诊断费
EABGJ001	鼻咽侧位X线摄影	EABGJ001	鼻咽侧位X线摄影			检查费	检查收入	2.诊断类：(7)影像学诊断费
EABHC001	颌面骨X线摄影					检查费	检查收入	2.诊断类：(7)影像学诊断费
EABHD001	颧弓X线摄影	EABHD001	颧弓X线摄影			检查费	检查收入	2.诊断类：(7)影像学诊断费
EABHG001	下颌骨X线摄影	EABHG001	下颌骨X线摄影			检查费	检查收入	2.诊断类：(7)影像学诊断费
EABHH001	茎突X线摄影	EABVB002	茎突X线摄影			检查费	检查收入	2.诊断类：(7)影像学诊断费
EABHJ001	颞颌关节X线摄影	EABHJ001	颞颌关节X线摄影			检查费	检查收入	2.诊断类：(7)影像学诊断费
EABHM001	全口曲面体层摄影	EABHM001	口腔曲面体层摄影	210102010	曲面体层摄影(颌全景摄影)	检查费	检查收入	2.诊断类：(7)影像学诊断费
EABHS001	牙科X线一次成像(RVG)	EABHS001	牙片X线一次成像(RVG)	310502003	口腔X线一次成像(RVG)	检查费	检查收入	2.诊断类：(7)影像学诊断费
EABHS002	咬合片X线摄影	EABHS003	咬合片X线摄影	210102009	咬合片	检查费	检查收入	2.诊断类：(7)影像学诊断费
EABHS003	根尖片X线摄影	EABHS002	牙片X线摄影	210102008	牙片	检查费	检查收入	2.诊断类：(7)影像学诊断费
EABJC001	气管相X线摄影	EABJC001	气管相X线摄影			检查费	检查收入	2.诊断类：(7)影像学诊断费
EABJK001	胸骨X线摄影	EABJK001	胸骨X线摄影			检查费	检查收入	2.诊断类：(7)影像学诊断费
EABJL001	肋骨X线摄影	EABJL001	肋骨X线摄影			检查费	检查收入	2.诊断类：(7)影像学诊断费
EABJT001	胸部X线摄影	EABJT001	胸部X线摄影			检查费	检查收入	2.诊断类：(7)影像学诊断费
EABKA001	心脏X线摄影	EABKA001	心脏X线摄影			检查费	检查收入	2.诊断类：(7)影像学诊断费
EABQT001	腹部X线摄影	EABQT001	腹部X线摄影			检查费	检查收入	2.诊断类：(7)影像学诊断费
EABRJ001	腹部尿路X线摄影(KUB)	EABRA001	腹部尿路X线摄影(KUB)			检查费	检查收入	2.诊断类：(7)影像学诊断费
EABVB001	头颅X线摄影	EABVB001	头颅X线摄影			检查费	检查收入	2.诊断类：(7)影像学诊断费
EABVB002	头颅定位测量摄影			210102011	头颅定位测量摄影	检查费	检查收入	2.诊断类：(7)影像学诊断费
EABVH001	颈椎X线摄影	EABVH001	颈椎X线摄影			检查费	检查收入	2.诊断类：(7)影像学诊断费
EABVN001	胸椎X线摄影	EABVN001	胸椎X线摄影			检查费	检查收入	2.诊断类：(7)影像学诊断费
EABVR001	胸腰段X线摄影	EABVR001	胸腰段X线摄影			检查费	检查收入	2.诊断类：(7)影像学诊断费
EABVT001	腰椎X线摄影	EABVT001	腰椎X线摄影			检查费	检查收入	2.诊断类：(7)影像学诊断费
EABV1001	尾骨X线摄影	EABV1001	尾骨X线摄影			检查费	检查收入	2.诊断类：(7)影像学诊断费
EABWB001	锁骨X线检查					检查费	检查收入	2.诊断类：(7)影像学诊断费
EABWC001	单侧肩胛骨X线摄影	EABWC001	肩胛骨X线摄影			检查费	检查收入	2.诊断类：(7)影像学诊断费
EABWD001	肩锁关节X线摄影	EABWD001	肩锁关节X线摄影			检查费	检查收入	2.诊断类：(7)影像学诊断费
EABWG001	单侧肩关节X线摄影	EABWG001	肩关节X线摄影			检查费	检查收入	2.诊断类：(7)影像学诊断费
EABWH001	单侧肱骨X线摄影	EABWH001	肱骨X线摄影			检查费	检查收入	2.诊断类：(7)影像学诊断费
EABWJ001	单侧肘关节X线摄影	EABWJ001	肘关节X线摄影			检查费	检查收入	2.诊断类：(7)影像学诊断费
EABWM001	单侧尺桡骨X线摄影	EABWM001	尺桡骨X线摄影			检查费	检查收入	2.诊断类：(7)影像学诊断费
EABWW001	单侧手腕关节X线摄影	EABWT001	手腕关节X线摄影			检查费	检查收入	2.诊断类：(7)影像学诊断费
EABXA001	双下肢负重位X线摄影	EABXA001	双下肢负重位X线摄影			检查费	检查收入	2.诊断类：(7)影像学诊断费
EABXB001	骨盆X线摄影	EABXB001	骨盆X线摄影			检查费	检查收入	2.诊断类：(7)影像学诊断费
EABXC001	骶髂关节X线摄影	EABXC001	骶髂关节X线摄影			检查费	检查收入	2.诊断类：(7)影像学诊断费
EABXD001	单侧髋关节X线摄影	EABXD001	髋关节X线摄影			检查费	检查收入	2.诊断类：(7)影像学诊断费
EABXG001	单侧股骨X线摄影	EABXG001	股骨X线摄影			检查费	检查收入	2.诊断类：(7)影像学诊断费
EABXJ001	单侧膝关节X线摄影	EABXJ001	膝关节X线摄影			检查费	检查收入	2.诊断类：(7)影像学诊断费
EABXP001	单侧胫腓骨X线摄影	EABXP001	胫腓骨X线摄影			检查费	检查收入	2.诊断类：(7)影像学诊断费
EABXV001	单侧足X线摄影	EABXU001	足X线摄影			检查费	检查收入	2.诊断类：(7)影像学诊断费
EABXY001	单侧跟骨X线摄影	EABXV001	跟骨X线摄影			检查费	检查收入	2.诊断类：(7)影像学诊断费
EABXZ001	单侧踝关节X线摄影	EABXZ001	踝关节X线摄影			检查费	检查收入	2.诊断类：(7)影像学诊断费
EABX6001	骨龄相X线摄影	EABX6001	骨龄相X线摄影			检查费	检查收入	2.诊断类：(7)影像学诊断费
EABYA001	单侧乳腺X线摄影	EABYA001	乳腺X线摄影	210102013	乳腺钼靶摄片8×10吋	检查费	检查收入	2.诊断类：(7)影像学诊断费
		EABZZ001	床旁X线摄影			检查费	检查收入	2.诊断类：(7)影像学诊断费
EAC	3.X线造影							
EACBH001	经皮穿刺动脉置管全脑血管造影	EACBH003	经皮穿刺股动脉插管全脑血管造影术	320600001	经股动脉插管全脑动脉造影术	检查费	检查收入	2.诊断类：(7)影像学诊断费
		EACBH001	经皮穿刺插管脑血管造影术			检查费	检查收入	2.诊断类：(7)影像学诊断费
EACBH002	经皮超选择脑血管造影	EACBH004	超选择脑血管造影术			检查费	检查收入	2.诊断类：(7)影像学诊断费
		EACBH002	经皮穿刺桡动脉插管全脑血管造影术			检查费	检查收入	2.诊断类：(7)影像学诊断费
EACBH003	术中脑血管荧光造影	FBH08201	术中脑血管荧光造影			检查费	检查收入	2.诊断类：(7)影像学诊断费
EACBM001	经皮脑静脉+静脉窦造影	EACBM001	脑静脉+静脉窦造影术			检查费	检查收入	2.诊断类：(7)影像学诊断费
EACBS001	颈椎穿刺脊髓影像造影	EACBS001	颈椎穿刺脊髓X线造影	210103003	脊髓(椎管)造影	检查费	检查收入	2.诊断类：(7)影像学诊断费
EACBS002	腰椎穿刺脊髓影像造影	EACBS002	腰椎穿刺脊髓X线造影			检查费	检查收入	2.诊断类：(7)影像学诊断费
EACBT001	经皮穿刺插管脊髓血管造影	FBT08201	经皮穿刺插管脊髓血管造影术	320600010	脊髓动脉造影术	检查费	检查收入	2.诊断类：(7)影像学诊断费
EACCQ001	颈椎神经根影像造影	EACCQ001	颈椎神经根X线造影			检查费	检查收入	2.诊断类：(7)影像学诊断费
EACEE001	泪道X线造影	EACEE001	泪道X线造影	210103005	泪道造影	检查费	检查收入	2.诊断类：(7)影像学诊断费
				210103008	支气管造影	检查费	检查收入	2.诊断类：(7)影像学诊断费
				210103001	气脑造影	检查费	检查收入	2.诊断类：(7)影像学诊断费
EACEW001	吲哚青绿脉络膜血管造影	FEW08202	吲哚青绿脉络膜血管造影			检查费	检查收入	2.诊断类：(7)影像学诊断费
EACEW002	荧光素眼底血管造影	FEW08201	荧光素眼底血管造影	310300054	眼底血管造影	检查费	检查收入	2.诊断类：(7)影像学诊断费
EACGH001	吞咽造影	EACGH001	下咽X线造影	210103011	下咽造影	检查费	检查收入	2.诊断类：(7)影像学诊断费
EACHA001	颌面部瘤腔造影					检查费	检查收入	2.诊断类：(7)影像学诊断费
EACHJ001	颞下颌关节X线造影	EACHJ001	颞下颌关节X线造影	210103007	颞下颌关节造影	检查费	检查收入	2.诊断类：(7)影像学诊断费
				210103018	腹膜后充气造影	检查费	检查收入	2.诊断类：(7)影像学诊断费
				210103020	静脉胆道造影	检查费	检查收入	2.诊断类：(7)影像学诊断费
EACHL001	腮腺造影	EACHL001	唾液腺X线造影	210103010	唾液腺造影	检查费	检查收入	2.诊断类：(7)影像学诊断费
EACHL002	下颌下腺造影					检查费	检查收入	2.诊断类：(7)影像学诊断费
EACJC001	气管造影					检查费	检查收入	2.诊断类：(7)影像学诊断费
EACKL001	经皮穿刺左心室造影	EACKJ001	经皮穿刺插管左心室造影术			检查费	检查收入	2.诊断类：(7)影像学诊断费
EACKM001	经皮穿刺右心室造影	EACKK001	经皮穿刺插管右心室造影术			检查费	检查收入	2.诊断类：(7)影像学诊断费
EACKV001	经皮穿刺插管冠状动脉造影	EACKU001	经皮穿刺插管冠状动脉造影术	320500001	冠状动脉造影术	检查费	检查收入	2.诊断类：(7)影像学诊断费
EACKV002	术中冠状动脉荧光血管造影					检查费	检查收入	2.诊断类：(7)影像学诊断费
EACLA001	经皮穿刺选择性肺动脉造影					检查费	检查收入	2.诊断类：(7)影像学诊断费
EACLA002	经胸肺动脉造影					检查费	检查收入	2.诊断类：(7)影像学诊断费
EACLB001	经皮选择性主动脉造影	EACLB002	经皮选择性主动脉造影术	320200002	经皮选择性动脉造影术	检查费	检查收入	2.诊断类：(7)影像学诊断费
EACLD001	经皮穿刺插管主动脉弓造影	EACLB001	经皮穿刺插管主动脉造影术			检查费	检查收入	2.诊断类：(7)影像学诊断费
EACLG001	经皮穿刺插管选择性锁骨下动脉造影	EACLG001	经皮穿刺插管选择性锁骨下动脉造影术	320200002	经皮选择性动脉造影术	检查费	检查收入	2.诊断类：(7)影像学诊断费
EACLJ001	经皮穿刺插管选择性肋间动脉造影	EACLJ003	经皮穿刺插管选择性肋间动脉造影术			检查费	检查收入	2.诊断类：(7)影像学诊断费
EACLJ002	经皮穿刺插管选择性胸廓内动脉造影	EACLJ002	经皮穿刺插管选择性胸廓内动脉造影术			检查费	检查收入	2.诊断类：(7)影像学诊断费
EACLJ003	经皮穿刺插管选择性支气管动脉造影	EACLJ001	经皮穿刺插管选择性支气管动脉造影术			检查费	检查收入	2.诊断类：(7)影像学诊断费
EACLL001	经皮穿刺选择性腹腔动脉干造影	EACLL001	经皮穿刺插管选择性腹腔动脉干造影术	320200002	经皮选择性动脉造影术	检查费	检查收入	2.诊断类：(7)影像学诊断费
EACLM001	经皮穿刺插管选择性胃左动脉造影	EACLM001	经皮穿刺插管选择性胃左动脉造影术			检查费	检查收入	2.诊断类：(7)影像学诊断费
EACLP001	经皮穿刺插管超选择性肝动脉造影	EACLP002	经皮穿刺插管超选择性肝动脉造影术	320200003	经皮超选择性动脉造影术	检查费	检查收入	2.诊断类：(7)影像学诊断费
EACLP002	经皮穿刺插管选择性肝动脉造影	EACLP001	经皮穿刺插管选择性肝动脉造影术	320200002	经皮选择性动脉造影术	检查费	检查收入	2.诊断类：(7)影像学诊断费
EACLR001	经皮穿刺插管选择性胃十二指肠动脉造影	EACLP003	经皮穿刺插管选择性胃十二指肠动脉造影术			检查费	检查收入	2.诊断类：(7)影像学诊断费
EACLS001	经皮穿刺插管选择性脾动脉造影	EACLS001	经皮穿刺插管选择性脾动脉造影术	320200002	经皮选择性动脉造影术	检查费	检查收入	2.诊断类：(7)影像学诊断费
EACLT001	经皮穿刺插管选择性肠系膜上动脉造影	EACLT001	经皮穿刺插管选择性肠系膜上动脉造影术			检查费	检查收入	2.诊断类：(7)影像学诊断费
EACLU001	经皮穿刺插管选择性肠系膜下动脉造影	EACLU001	经皮穿刺插管选择性肠系膜下动脉造影术			检查费	检查收入	2.诊断类：(7)影像学诊断费
EACLV001	经皮穿刺插管选择性肾上腺动脉造影	EACLK001	经皮穿刺插管选择性肾上腺动脉造影术			检查费	检查收入	2.诊断类：(7)影像学诊断费
EACLW001	经皮穿刺插管选择性肾动脉造影	EACLW001	经皮穿刺插管选择性肾动脉造影术			检查费	检查收入	2.诊断类：(7)影像学诊断费
EACLX001	经皮穿刺插管选择性子宫动脉造影	EACLX001	经皮穿刺插管选择性子宫动脉造影术			检查费	检查收入	2.诊断类：(7)影像学诊断费
EACLY001	经皮选择性腰动脉造影	EACL0001	经皮选择性腰动脉造影术			检查费	检查收入	2.诊断类：(7)影像学诊断费
		EACM1001	经皮穿刺下肢静脉造影术	320100001	经皮选择性静脉造影术	检查费	检查收入	2.诊断类：(7)影像学诊断费
		EACM1002	下肢静脉切开造影术	210103035	四肢血管造影	检查费	检查收入	2.诊断类：(7)影像学诊断费
EACL1001	经皮穿刺插管选择性膀胱动脉造影			320200002	经皮选择性动脉造影术	检查费	检查收入	2.诊断类：(7)影像学诊断费
EACL1002	经皮穿刺插管选择性髂内动脉造影	EACL1001	经皮穿刺插管选择性髂内动脉造影术			检查费	检查收入	2.诊断类：(7)影像学诊断费
EACL3001	经皮穿刺选择性上肢动脉造影	EACL3001	经皮穿刺插管选择性上肢动脉造影术			检查费	检查收入	2.诊断类：(7)影像学诊断费
EACL5001	经皮穿刺插管选择性下肢动脉造影	EACL5001	经皮穿刺插管选择性下肢动脉造影术	320200002	经皮选择性动脉造影术	检查费	检查收入	2.诊断类：(7)影像学诊断费
EACL9001	经皮穿刺头颈动脉造影					检查费	检查收入	2.诊断类：(7)影像学诊断费
EACMA001	经皮穿刺肺静脉造影					检查费	检查收入	2.诊断类：(7)影像学诊断费
EACMB001	经皮穿刺上腔静脉造影	EACMB001	经皮穿刺插管上腔静脉造影术			检查费	检查收入	2.诊断类：(7)影像学诊断费
EACMC001	经皮穿刺插管无名静脉造影					检查费	检查收入	2.诊断类：(7)影像学诊断费
EACME001	经皮穿刺插管锁骨下静脉造影					检查费	检查收入	2.诊断类：(7)影像学诊断费
EACMF001	经皮穿刺肢体静脉造影	EACMF001	经皮穿刺插管上肢静脉造影术			检查费	检查收入	2.诊断类：(7)影像学诊断费
EACMF002	肢体静脉切开造影	EACMF002	上肢静脉切开造影术			检查费	检查收入	2.诊断类：(7)影像学诊断费
EACML002	经皮穿刺腔静脉造影	EACML001	经皮穿刺插管下腔静脉造影术			检查费	检查收入	2.诊断类：(7)影像学诊断费
EACMM001	经皮穿刺选择性肝静脉造影	EACMM001	经皮穿刺插管选择性肝静脉造影术	320100001	经皮选择性静脉造影术	检查费	检查收入	2.诊断类：(7)影像学诊断费
EACMN001	经皮经肝穿刺门静脉造影	EACMN001	经皮经肝穿刺门静脉造影术			检查费	检查收入	2.诊断类：(7)影像学诊断费
EACMN002	经皮经脾穿刺门静脉造影	EACMN002	经皮经脾穿刺门静脉造影术			检查费	检查收入	2.诊断类：(7)影像学诊断费
EACMU001	经皮穿刺选择性肾静脉造影	EACMU001	经皮穿刺插管选择性肾静脉造影术	320100001	经皮选择性静脉造影术	检查费	检查收入	2.诊断类：(7)影像学诊断费
EACMW001	经皮穿刺插管性腺静脉造影	EACMW001	经皮穿刺插管性腺静脉造影术			检查费	检查收入	2.诊断类：(7)影像学诊断费
EACMX001	经皮穿刺插管髂静脉造影					检查费	检查收入	2.诊断类：(7)影像学诊断费
EACM8001	经皮穿刺选择性静脉造影	EACMN003	经皮穿刺插管间接门静脉造影术	320100001	经皮选择性静脉造影术	检查费	检查收入	2.诊断类：(7)影像学诊断费
EACM8002	经皮超选择静脉造影					检查费	检查收入	2.诊断类：(7)影像学诊断费
EACM8003	经皮穿刺头颈静脉造影					检查费	检查收入	2.诊断类：(7)影像学诊断费
EACNG001	颈干直接淋巴管造影	FNG08101	颈干直接淋巴管造影术	310800025	淋巴造影术	检查费	检查收入	2.诊断类：(7)影像学诊断费
EACNH001	胸内淋巴管造影					检查费	检查收入	2.诊断类：(7)影像学诊断费
EACNJ001	开腹术中腹膜后淋巴管造影	FNJ08302	开腹术中腹膜后淋巴管造影术			检查费	检查收入	2.诊断类：(7)影像学诊断费
EACNJ002	开腹术中经小肠淋巴管造影	FNJ08301	开腹术中经小肠淋巴管造影术	310800025	淋巴造影术	检查费	检查收入	2.诊断类：(7)影像学诊断费
EACNK001	经腹股沟淋巴结穿刺直接淋巴管造影	FNK08101	经腹股沟淋巴结穿刺直接淋巴管造影术			检查费	检查收入	2.诊断类：(7)影像学诊断费
EACNM001	四肢直接淋巴管X线造影	EACNM001	四肢直接淋巴管X线造影	210103032	四肢淋巴管造影	检查费	检查收入	2.诊断类：(7)影像学诊断费
EACNM002	四肢间接淋巴管X线造影	EACNM002	四肢间接淋巴管X线造影			检查费	检查收入	2.诊断类：(7)影像学诊断费
EACNN001	经上肢淋巴结直接淋巴管造影	FNN08101	经上肢淋巴结直接淋巴管造影术	310800025	淋巴造影术	检查费	检查收入	2.诊断类：(7)影像学诊断费
EACNP001	经下肢淋巴管淋巴管系造影	FNP08102	经下肢淋巴管淋巴管系造影术			检查费	检查收入	2.诊断类：(7)影像学诊断费
		FNP08101	经下肢淋巴管直接淋巴管造影术	310800025	淋巴造影术	检查费	检查收入	2.诊断类：(7)影像学诊断费
EACPA001	胃肠排空试验-钡餐透视法	EACPA001	胃肠排空试验-钡餐透视法	210103014	胃肠排空试验	检查费	检查收入	2.诊断类：(7)影像学诊断费
				210101002	食管钡餐透视	检查费	检查收入	2.诊断类：(7)影像学诊断费
EACPA002	全消化道造影	EACPA002	全消化道造影			检查费	检查收入	2.诊断类：(7)影像学诊断费
EACPA003	经超声内镜造影					检查费	检查收入	2.诊断类：(7)影像学诊断费
EACPB001	上消化道X线造影	EACPB001	上消化道X线造影	210103013	上消化道造影	检查费	检查收入	2.诊断类：(7)影像学诊断费
EACPC001	食管X线造影	EACPC001	食管X线造影	210103012	食管造影	检查费	检查收入	2.诊断类：(7)影像学诊断费
EACPC002	食管异物X线造影	EACPC002	食管异物X线造影			检查费	检查收入	2.诊断类：(7)影像学诊断费
EACPJ001	小肠X线造影	EACPJ001	小肠X线造影	210103016	口服法小肠造影	检查费	检查收入	2.诊断类：(7)影像学诊断费
EACPJ002	小肠插管X线造影	EACPJ002	小肠插管X线造影	210103015	小肠插管造影	检查费	检查收入	2.诊断类：(7)影像学诊断费
EACPT001	结肠X线造影	EACPS001	结肠X线造影	210103017	钡灌肠大肠造影	检查费	检查收入	2.诊断类：(7)影像学诊断费
EACQE001	经皮经肝穿刺胆管造影	EACQE001	经皮经肝穿刺胆管造影术	210103022	经皮经肝胆道造影(PTC)	检查费	检查收入	2.诊断类：(7)影像学诊断费
EACQE002	经T管胆道X线造影	EACQE002	经T管胆道X线造影	210103023	T管造影	检查费	检查收入	2.诊断类：(7)影像学诊断费
				210103019	口服法胆道造影	检查费	检查收入	2.诊断类：(7)影像学诊断费
EACQP001	经内镜逆行胰胆管造影(ERCP)	EACQP002	经电子内镜逆行胰胆管造影术(ERCP)	210103021	经内镜逆行胰胆管造影(ERCP)	检查费	检查收入	2.诊断类：(7)影像学诊断费
		EACQP001	经纤维内镜逆行胰胆管造影术(ERCP)			检查费	检查收入	2.诊断类：(7)影像学诊断费
EACRC001	经皮静脉肾盂X线造影	EACRC001	静脉肾盂X线造影	210103024	静脉泌尿系造影	检查费	检查收入	2.诊断类：(7)影像学诊断费
EACRC002	上尿路逆行X线造影	EACRA001	泌尿系逆行X线造影	210103025	逆行泌尿系造影	检查费	检查收入	2.诊断类：(7)影像学诊断费
				210103026	肾盂穿刺造影	检查费	检查收入	2.诊断类：(7)影像学诊断费
EACRG001	膀胱逆行X线造影	EACRG001	膀胱逆行X线造影	210103027	膀胱造影	检查费	检查收入	2.诊断类：(7)影像学诊断费
EACRJ001	排泄性尿道X线造影	EACRJ001	排泄性尿道X线造影	210103024	静脉泌尿系造影	检查费	检查收入	2.诊断类：(7)影像学诊断费
EACRJ002	尿道逆行X线造影	EACRJ002	尿道逆行X线造影	230200051	阴道尿道瘘显象	检查费	检查收入	2.诊断类：(7)影像学诊断费
		EACSE001	经皮穿刺输精管X线造影	210103029	输精管造影	检查费	检查收入	2.诊断类：(7)影像学诊断费
EACSF001	阴囊切开输精管X线造影	EACSE002	阴囊切开输精管X线造影			检查费	检查收入	2.诊断类：(7)影像学诊断费
EACSF002	输精管造影					检查费	检查收入	2.诊断类：(7)影像学诊断费
EACST001	阴茎海绵体动脉X线造影	EACSQ001	阴茎海绵体动脉X线造影	210103028	阴茎海绵体造影	检查费	检查收入	2.诊断类：(7)影像学诊断费
EACST002	阴茎海绵体静脉X线造影	EACSQ002	阴茎海绵体静脉X线造影			检查费	检查收入	2.诊断类：(7)影像学诊断费
EACTK001	经阴道子宫输卵管造影	EACTK001	经阴道子宫输卵管造影	210103030	子宫造影	检查费	检查收入	2.诊断类：(7)影像学诊断费
				210103031	子宫输卵管碘油造影	检查费	检查收入	2.诊断类：(7)影像学诊断费
EACVJ001	颈椎间盘X线造影	EACVJ001	颈椎间盘X线造影	210103004	椎间盘造影	检查费	检查收入	2.诊断类：(7)影像学诊断费
EACVU001	腰椎间盘X线造影	EACVU001	腰椎间盘X线造影			检查费	检查收入	2.诊断类：(7)影像学诊断费
EACX7001	关节X线造影	EACX7001	四肢关节X线造影	210103034	四肢关节造影	检查费	检查收入	2.诊断类：(7)影像学诊断费
EACYA001	乳腺导管X线造影	EACYA001	乳腺导管X线造影	210103009	乳腺导管造影	检查费	检查收入	2.诊断类：(7)影像学诊断费
EACYR001	窦道瘘管X线造影	EACYR001	窦道瘘管X线造影	210103033	窦道及瘘管造影	检查费	检查收入	2.诊断类：(7)影像学诊断费
EACZZ001	留置管造影					检查费	检查收入	2.诊断类：(7)影像学诊断费
EAZ	4.其他							
EAZZZ001	X线平片诊断报告					检查费	检查收入	2.诊断类：(7)影像学诊断费
EB	(二)X线计算机体层检查							
EBA	1.平扫							
EBABN001	鞍区X线计算机体层(CT)平扫	EBABN001	鞍区X线计算机体层(CT)平扫	210300001	X线计算机体层(CT)平扫	检查费	检查收入	2.诊断类：(7)影像学诊断费
EBABP001	头部X线计算机体层(CT)平扫	EBABP001	头部X线计算机体层(CT)平扫			检查费	检查收入	2.诊断类：(7)影像学诊断费
EBADF001	肾上腺X线计算机体层(CT)平扫	EBADF001	肾上腺X线计算机体层(CT)平扫			检查费	检查收入	2.诊断类：(7)影像学诊断费
EBAEA001	眼部X线计算机体层(CT)平扫	EBAEA001	眼部X线计算机体层(CT)平扫			检查费	检查收入	2.诊断类：(7)影像学诊断费
EBAFA001	耳部X线计算机体层(CT)平扫	EBAFA001	耳部X线计算机体层(CT)平扫			检查费	检查收入	2.诊断类：(7)影像学诊断费
EBAGA001	鼻部X线计算机体层(CT)平扫	EBAGF001	鼻部鼻窦X线计算机体层(CT)平扫			检查费	检查收入	2.诊断类：(7)影像学诊断费
EBAHF001	上颌部X线计算机体层(CT)平扫	EBAHF001	上颌部X线计算机体层(CT)平扫			检查费	检查收入	2.诊断类：(7)影像学诊断费
EBAHG001	下颌部X线计算机体层(CT)平扫	EBAHG001	下颌部X线计算机体层(CT)平扫	210300001	X线计算机体层(CT)平扫	检查费	检查收入	2.诊断类：(7)影像学诊断费
EBAHM001	口腔颌面锥形束CT(CBCT)扫描					检查费	检查收入	2.诊断类：(7)影像学诊断费
EBAHS001	齿科X线计算机体层(CT)平扫	EBAHS001	齿科X线计算机体层(CT)平扫	210300001	X线计算机体层(CT)平扫	检查费	检查收入	2.诊断类：(7)影像学诊断费
EBAHY001	颈部X线计算机体层(CT)平扫	EBAHY001	颈部X线计算机体层(CT)平扫			检查费	检查收入	2.诊断类：(7)影像学诊断费
EBAJT001	胸部X线计算机体层(CT)平扫	EBAJT001	胸部X线计算机体层(CT)平扫			检查费	检查收入	2.诊断类：(7)影像学诊断费
EBAQT001	上腹部X线计算机体层(CT)平扫	EBAQT001	上腹部X线计算机体层(CT)平扫			检查费	检查收入	2.诊断类：(7)影像学诊断费
EBAQT002	下腹部X线计算机体层(CT)平扫	EBAQT002	下腹部X线计算机体层(CT)平扫			检查费	检查收入	2.诊断类：(7)影像学诊断费
EBAQU001	盆腔X线计算机体层(CT)平扫	EBAQU001	盆腔X线计算机体层(CT)平扫			检查费	检查收入	2.诊断类：(7)影像学诊断费
EBAVE001	全脊柱X线计算机体层(CT)平扫	EBAVE001	全脊柱X线计算机体层(CT)平扫			检查费	检查收入	2.诊断类：(7)影像学诊断费
EBAVH001	颈椎X线计算机体层(CT)平扫	EBAVH001	颈椎X线计算机体层(CT)平扫	210300001	X线计算机体层(CT)平扫	检查费	检查收入	2.诊断类：(7)影像学诊断费
EBAVN001	胸椎X线计算机体层(CT)平扫	EBAVN001	胸椎X线计算机体层(CT)平扫			检查费	检查收入	2.诊断类：(7)影像学诊断费
EBAVT001	腰椎X线计算机体层(CT)平扫	EBAVT001	腰椎X线计算机体层(CT)平扫			检查费	检查收入	2.诊断类：(7)影像学诊断费
EBAVY001	骶尾部X线计算机体层(CT)平扫	EBAVY001	骶尾部X线计算机体层(CT)平扫			检查费	检查收入	2.诊断类：(7)影像学诊断费
EBAWA001	上臂X线计算机体层(CT)平扫	EBAWA002	上臂X线计算机体层(CT)平扫			检查费	检查收入	2.诊断类：(7)影像学诊断费
EBAWA002	肢带骨骨骼计算机体层(CT)平扫	EBAWA001	肢带骨骨骼计算机体层(CT)平扫			检查费	检查收入	2.诊断类：(7)影像学诊断费
EBAWJ001	肘关节X线计算机体层(CT)平扫					检查费	检查收入	2.诊断类：(7)影像学诊断费
EBAWL001	前臂X线计算机体层(CT)平扫	EBAWA003	前臂X线计算机体层(CT)平扫			检查费	检查收入	2.诊断类：(7)影像学诊断费
EBAWR001	手部X线计算机体层(CT)平扫	EBAWR001	手部X线计算机体层(CT)平扫			检查费	检查收入	2.诊断类：(7)影像学诊断费
EBAXB001	骨盆部X线计算机体层(CT)平扫	EBAXB001	骨盆部X线计算机体层(CT)平扫			检查费	检查收入	2.诊断类：(7)影像学诊断费
EBAXC001	骶髂关节X线计算机体层(CT)平扫	EBAXC001	骶髂关节X线计算机体层(CT)平扫			检查费	检查收入	2.诊断类：(7)影像学诊断费
EBAXD001	髋部X线计算机体层(CT)平扫	EBAXB002	髋部X线计算机体层(CT)平扫			检查费	检查收入	2.诊断类：(7)影像学诊断费
EBAXF001	大腿X线计算机体层(CT)平扫	EBAXF001	大腿X线计算机体层(CT)平扫			检查费	检查收入	2.诊断类：(7)影像学诊断费
EBAXJ001	膝关节X线计算机体层(CT)平扫					检查费	检查收入	2.诊断类：(7)影像学诊断费
EBAXN001	小腿X线计算机体层(CT)平扫	EBAXN001	小腿X线计算机体层(CT)平扫			检查费	检查收入	2.诊断类：(7)影像学诊断费
EBAXU001	足踝部X线计算机体层(CT)平扫	EBAXU001	足踝部X线计算机体层(CT)平扫			检查费	检查收入	2.诊断类：(7)影像学诊断费
EBB	2.增强扫描							
EBBBN001	鞍区X线计算机体层(CT)增强扫描	EBBBN001	鞍区X线计算机体层(CT)增强扫描	210300002	X线计算机体层(CT)增强扫描	检查费	检查收入	2.诊断类：(7)影像学诊断费
EBBBP001	头部X线计算机体层(CT)增强扫描	EBBBP001	头部X线计算机体层(CT)增强扫描			检查费	检查收入	2.诊断类：(7)影像学诊断费
EBBDF001	肾上腺X线计算机体层(CT)增强扫描	EBBDF001	肾上腺X线计算机体层(CT)增强扫描			检查费	检查收入	2.诊断类：(7)影像学诊断费
EBBEA001	眼部X线计算机体层(CT)增强扫描	EBBEA001	眼部X线计算机体层(CT)增强扫描			检查费	检查收入	2.诊断类：(7)影像学诊断费
EBBFA001	耳部X线计算机体层(CT)增强扫描	EBBFA001	耳部X线计算机体层(CT)增强扫描			检查费	检查收入	2.诊断类：(7)影像学诊断费
EBBGA001	鼻部X线计算机体层(CT)增强扫描	EBBGF001	鼻部鼻窦X线计算机体层(CT)增强扫描			检查费	检查收入	2.诊断类：(7)影像学诊断费
EBBHF001	上颌部X线计算机体层(CT)增强扫描	EBBHF001	上颌部X线计算机体层(CT)增强扫描			检查费	检查收入	2.诊断类：(7)影像学诊断费
EBBHG001	下颌部X线计算机体层(CT)增强扫描	EBBHG001	下颌部X线计算机体层(CT)增强扫描			检查费	检查收入	2.诊断类：(7)影像学诊断费
EBBHS001	齿科X线计算机体层(CT)增强扫描	EBBHS001	齿科X线计算机体层(CT)增强扫描	210300002	X线计算机体层(CT)增强扫描	检查费	检查收入	2.诊断类：(7)影像学诊断费
EBBHY001	颈部X线计算机体层(CT)增强扫描	EBBHY001	颈部X线计算机体层(CT)增强扫描			检查费	检查收入	2.诊断类：(7)影像学诊断费
EBBJT001	胸部X线计算机体层(CT)增强扫描	EBBJT001	胸部X线计算机体层(CT)增强扫描			检查费	检查收入	2.诊断类：(7)影像学诊断费
EBBQT001	上腹部X线计算机体层(CT)增强扫描	EBBQT001	上腹部X线计算机体层(CT)增强扫描			检查费	检查收入	2.诊断类：(7)影像学诊断费
EBBQT002	下腹部X线计算机体层(CT)增强扫描	EBBQT002	下腹部X线计算机体层(CT)增强扫描			检查费	检查收入	2.诊断类：(7)影像学诊断费
EBBQU001	盆腔X线计算机体层(CT)增强扫描	EBBQU001	盆腔X线计算机体层(CT)增强扫描			检查费	检查收入	2.诊断类：(7)影像学诊断费
EBBVE001	全脊柱X线计算机体层(CT)增强扫描	EBBVE001	全脊柱X线计算机体层(CT)增强扫描			检查费	检查收入	2.诊断类：(7)影像学诊断费
EBBVH001	颈椎X线计算机体层(CT)增强扫描	EBBVH001	颈椎X线计算机体层(CT)增强扫描			检查费	检查收入	2.诊断类：(7)影像学诊断费
EBBVN001	胸椎X线计算机体层(CT)增强扫描	EBBVN001	胸椎X线计算机体层(CT)增强扫描	210300002	X线计算机体层(CT)增强扫描	检查费	检查收入	2.诊断类：(7)影像学诊断费
EBBVT001	腰椎X线计算机体层(CT)增强扫描	EBBVT001	腰椎X线计算机体层(CT)增强扫描			检查费	检查收入	2.诊断类：(7)影像学诊断费
EBBVY001	骶尾部X线计算机体层(CT)增强扫描	EBBVY001	骶尾部X线计算机体层(CT)增强扫描			检查费	检查收入	2.诊断类：(7)影像学诊断费
EBBWA001	肢带骨骨骼计算机体层(CT)增强扫描	EBBWA001	肢带骨骨骼计算机体层(CT)增强扫描			检查费	检查收入	2.诊断类：(7)影像学诊断费
EBBWF001	上臂X线计算机体层(CT)增强扫描	EBBWF001	上臂X线计算机体层(CT)增强扫描			检查费	检查收入	2.诊断类：(7)影像学诊断费
EBBWJ001	肘关节X线计算机体层(CT)增强扫描					检查费	检查收入	2.诊断类：(7)影像学诊断费
EBBWL001	前臂X线计算机体层(CT)增强扫描	EBBWL001	前臂X线计算机体层(CT)增强扫描			检查费	检查收入	2.诊断类：(7)影像学诊断费
EBBWR001	手部X线计算机体层(CT)增强扫描	EBBWR001	手部X线计算机体层(CT)增强扫描			检查费	检查收入	2.诊断类：(7)影像学诊断费
EBBXB001	骨盆部X线计算机体层(CT)增强扫描	EBBXB001	骨盆部X线计算机体层(CT)增强扫描			检查费	检查收入	2.诊断类：(7)影像学诊断费
EBBXB002	髋部X线计算机体层(CT)增强扫描	EBBXB002	髋部X线计算机体层(CT)平扫增强扫描			检查费	检查收入	2.诊断类：(7)影像学诊断费
EBBXC001	骶髂关节X线计算机体层(CT)增强扫描	EBBXC001	骶髂关节X线计算机体层(CT)增强扫描			检查费	检查收入	2.诊断类：(7)影像学诊断费
EBBXF001	大腿X线计算机体层(CT)增强扫描	EBBXF001	大腿X线计算机体层(CT)增强扫描			检查费	检查收入	2.诊断类：(7)影像学诊断费
EBBXJ001	膝关节X线计算机体层(CT)增强扫描					检查费	检查收入	2.诊断类：(7)影像学诊断费
EBBXN001	小腿X线计算机体层(CT)增强扫描	EBBXN001	小腿X线计算机体层(CT)增强扫描			检查费	检查收入	2.诊断类：(7)影像学诊断费
EBBXU001	足踝部X线计算机体层(CT)增强扫描	EBBXU001	足踝部X线计算机体层(CT)增强扫描			检查费	检查收入	2.诊断类：(7)影像学诊断费
				210300003	脑池X线计算机体层(CT)含气造影	检查费	检查收入	2.诊断类：(7)影像学诊断费
				210300004	X线计算机体层(CT)成象	检查费	检查收入	2.诊断类：(7)影像学诊断费
				210102016	计算机X线摄影(ComputedRadiography, CR)	检查费	检查收入	2.诊断类：(7)影像学诊断费
EBC	3.特殊三维成像							
EBCBJ001	颅内动脉CT三维成像	EBCBJ001	颅内动脉CT三维成像			检查费	检查收入	2.诊断类：(7)影像学诊断费
EBCEF001	眼前节三维成像分析					检查费	检查收入	2.诊断类：(7)影像学诊断费
EBCJC001	气管树CT三维成像	EBCJC001	气管树CT三维成像			检查费	检查收入	2.诊断类：(7)影像学诊断费
EBCJE001	肺小结节CT三维成像	EBCJE001	肺小结节CT三维成像			检查费	检查收入	2.诊断类：(7)影像学诊断费
EBCKA001	心脏CT成像+心功能分析	EBCKA001	心脏CT成像+心功能分析	230500005	心功能测定	检查费	检查收入	2.诊断类：(7)影像学诊断费
EBCKV001	冠状动脉钙化积分	EBCKU001	冠状动脉钙化积分			检查费	检查收入	2.诊断类：(7)影像学诊断费
EBCKV002	冠状动脉CT三维成像	EBCKU002	冠状动脉CT三维成像			检查费	检查收入	2.诊断类：(7)影像学诊断费
EBCLA001	肺动脉CT三维成像	EBCLA001	肺动脉CT三维成像			检查费	检查收入	2.诊断类：(7)影像学诊断费
EBCLB001	主动脉CT三维成像	EBCLB001	主动脉CT三维成像			检查费	检查收入	2.诊断类：(7)影像学诊断费
EBCLF001	颈动脉CT三维成像	EBCLF001	颈动脉CT三维成像			检查费	检查收入	2.诊断类：(7)影像学诊断费
EBCLY001	腹部动脉CT三维成像	EBCLY001	上腹部动脉CT三维成像			检查费	检查收入	2.诊断类：(7)影像学诊断费
EBCLY002	盆腔动脉CT三维成像	EBCLY003	盆腔动脉CT三维成像			检查费	检查收入	2.诊断类：(7)影像学诊断费
EBCLY003	下腹部动脉CT三维成像	EBCLY002	下腹部动脉CT三维成像			检查费	检查收入	2.诊断类：(7)影像学诊断费
EBCL3001	上肢动脉CT三维成像	EBCL3001	上肢动脉CT三维成像			检查费	检查收入	2.诊断类：(7)影像学诊断费
EBCL5001	下肢动脉CT三维成像	EBCL5001	下肢动脉CT三维成像			检查费	检查收入	2.诊断类：(7)影像学诊断费
EBCMA001	肺静脉CT三维成像	EBCMA001	肺静脉CT三维成像			检查费	检查收入	2.诊断类：(7)影像学诊断费
EBCMB001	上腔静脉血管CT增强扫描					检查费	检查收入	2.诊断类：(7)影像学诊断费
EBCML001	下腔静脉下肢深静脉CT三维成像	EBCML001	下腔静脉下肢深静脉CT三维成像			检查费	检查收入	2.诊断类：(7)影像学诊断费
EBCMN001	门脉系统CT三维成像	EBCMN001	门脉系统CT三维成像			检查费	检查收入	2.诊断类：(7)影像学诊断费
EBCM9001	双源X线计算机体层(CT)血管成像扫描					检查费	检查收入	2.诊断类：(7)影像学诊断费
EBCPT001	结肠CT三维成像	EBCPS001	结肠CT三维成像			检查费	检查收入	2.诊断类：(7)影像学诊断费
EBCRA001	泌尿系统CT三维成像					检查费	检查收入	2.诊断类：(7)影像学诊断费
EBCYA001	乳腺三维断层X线摄影					检查费	检查收入	2.诊断类：(7)影像学诊断费
EBCYA002	乳腺锥光束(CT)平扫					检查费	检查收入	2.诊断类：(7)影像学诊断费
EBCYA003	乳腺锥光束(CT)增强扫描					检查费	检查收入	2.诊断类：(7)影像学诊断费
EBCZX001	单脏器灌注成像	EBCZX001	单脏器灌注成像			检查费	检查收入	2.诊断类：(7)影像学诊断费
EBCZX002	能谱X线计算机体层(CT)高级成像					检查费	检查收入	2.诊断类：(7)影像学诊断费
EBZYA001	数字化乳腺断层摄影					检查费	检查收入	2.诊断类：(7)影像学诊断费
EC	(三)磁共振检查							
ECA	1.磁共振成像							
ECABB001	海绵窦磁共振成像	ECABB001	海绵窦磁共振成像	210200001	磁共振平扫	检查费	检查收入	2.诊断类：(7)影像学诊断费
ECABC001	海马磁共振成像	ECABC002	海马磁共振成像			检查费	检查收入	2.诊断类：(7)影像学诊断费
ECABC002	脑功能磁共振成像	ECABC001	脑功能磁共振成像	210200003	脑功能成象	检查费	检查收入	2.诊断类：(7)影像学诊断费
ECABJ001	头颅非增强磁共振动脉血管成像	ECABJ001	头颅非增强磁共振动脉血管成像	210200005	磁共振血管成象(MRA)	检查费	检查收入	2.诊断类：(7)影像学诊断费
ECABM001	头颅非增强磁共振静脉血管成像	ECABM001	头颅非增强磁共振静脉血管成像			检查费	检查收入	2.诊断类：(7)影像学诊断费
ECABN001	鞍区磁共振成像	ECABN001	鞍区磁共振成像	210200001	磁共振平扫	检查费	检查收入	2.诊断类：(7)影像学诊断费
ECABN002	颅底磁共振成像	ECABN002	颅底磁共振成像			检查费	检查收入	2.诊断类：(7)影像学诊断费
ECABP001	颅脑磁共振成像	ECABA001	颅脑磁共振成像			检查费	检查收入	2.诊断类：(7)影像学诊断费
ECABS001	脊髓磁共振水成像(MRM)	ECABS001	脊髓磁共振水成像(MRM)	210200006	磁共振水成象(MRCP，MRM，MRU)	检查费	检查收入	2.诊断类：(7)影像学诊断费
ECADF001	肾上腺磁共振成像	ECADF001	肾上腺磁共振成像	210200001	磁共振平扫	检查费	检查收入	2.诊断类：(7)影像学诊断费
ECAEB001	眼眶磁共振成像	ECAEB001	眶磁共振成像			检查费	检查收入	2.诊断类：(7)影像学诊断费
ECAFK001	内耳磁共振水成像			210200006	磁共振水成象(MRCP，MRM，MRU)	检查费	检查收入	2.诊断类：(7)影像学诊断费
ECAFK002	内听道磁共振成像	ECAFK001	内听道磁共振成像	210200001	磁共振平扫	检查费	检查收入	2.诊断类：(7)影像学诊断费
ECAGF001	鼻窦磁共振成像	ECAGF001	鼻窦磁共振成像			检查费	检查收入	2.诊断类：(7)影像学诊断费
ECAGJ001	鼻咽磁共振成像	ECAGJ001	鼻咽磁共振成像			检查费	检查收入	2.诊断类：(7)影像学诊断费
ECAHJ001	颞下颌关节磁共振成像	ECAHJ001	颞下颌关节磁共振成像			检查费	检查收入	2.诊断类：(7)影像学诊断费
ECAHY001	颈部磁共振成像	ECAHY001	颈部磁共振成像	210200001	磁共振平扫	检查费	检查收入	2.诊断类：(7)影像学诊断费
ECAJT001	胸部磁共振成像	ECAJT001	胸部磁共振成像			检查费	检查收入	2.诊断类：(7)影像学诊断费
ECAKA001	心脏磁共振平扫成像	ECAKA001	心脏磁共振平扫成像	210200004	磁共振心脏功能检查	检查费	检查收入	2.诊断类：(7)影像学诊断费
ECAKA002	磁共振心脏功能评价	ECAKA002	磁共振心脏功能评价			检查费	检查收入	2.诊断类：(7)影像学诊断费
ECAM9001	磁共振血管成像			210200005	磁共振血管成象(MRA)	检查费	检查收入	2.诊断类：(7)影像学诊断费
ECAM9002	非增强磁共振血管成像					检查费	检查收入	2.诊断类：(7)影像学诊断费
ECAM9003	血管斑块成像	ECAM9001	血管斑块成像			检查费	检查收入	2.诊断类：(7)影像学诊断费
ECAPV001	直肠磁共振成像	ECAPU001	直肠磁共振成像	210200001	磁共振平扫	检查费	检查收入	2.诊断类：(7)影像学诊断费
ECAQP001	胰胆管系统磁共振水成像(MRCP)	ECAQP001	胰胆管系统磁共振水成像(MRCP)	210200006	磁共振水成象(MRCP，MRM，MRU)	检查费	检查收入	2.诊断类：(7)影像学诊断费
ECAQT001	上腹部磁共振成像	ECAQT001	上腹部磁共振成像	210200001	磁共振平扫	检查费	检查收入	2.诊断类：(7)影像学诊断费
ECAQT002	下腹部磁共振成像	ECAQT002	下腹部磁共振成像			检查费	检查收入	2.诊断类：(7)影像学诊断费
ECAQU001	盆腔磁共振成像	ECAQU001	盆腔磁共振成像			检查费	检查收入	2.诊断类：(7)影像学诊断费
ECARA001	泌尿系统磁共振水成像(MRU)	ECARA001	泌尿系统磁共振水成像(MRU)	210200006	磁共振水成象(MRCP，MRM，MRU)	检查费	检查收入	2.诊断类：(7)影像学诊断费
ECASL001	前列腺磁共振成像	ECASK001	前列腺磁共振成像	210200001	磁共振平扫	检查费	检查收入	2.诊断类：(7)影像学诊断费
ECAVH001	颈椎磁共振成像	ECAVH001	颈椎磁共振成像			检查费	检查收入	2.诊断类：(7)影像学诊断费
ECAVN001	胸椎磁共振成像	ECAVN001	胸椎磁共振成像			检查费	检查收入	2.诊断类：(7)影像学诊断费
ECAVT001	腰椎磁共振成像	ECAVT001	腰椎磁共振成像	210200001	磁共振平扫	检查费	检查收入	2.诊断类：(7)影像学诊断费
ECAVY001	骶尾椎磁共振成像					检查费	检查收入	2.诊断类：(7)影像学诊断费
ECAWF001	上臂磁共振成像	ECAWF001	上臂磁共振成像			检查费	检查收入	2.诊断类：(7)影像学诊断费
ECAWG001	肩关节磁共振成像	ECAWG001	肩关节磁共振成像			检查费	检查收入	2.诊断类：(7)影像学诊断费
ECAWJ001	肘关节磁共振成像	ECAWJ001	肘关节磁共振成像			检查费	检查收入	2.诊断类：(7)影像学诊断费
ECAWL001	前臂磁共振成像	ECAWL001	前臂磁共振成像			检查费	检查收入	2.诊断类：(7)影像学诊断费
ECAWR001	手磁共振成像	ECAWR001	手磁共振成像			检查费	检查收入	2.诊断类：(7)影像学诊断费
ECAXC001	骶髂关节磁共振成像	ECAXC001	骶髂关节磁共振成像			检查费	检查收入	2.诊断类：(7)影像学诊断费
ECAXD001	髋关节磁共振成像	ECAXD001	双髋关节磁共振成像			检查费	检查收入	2.诊断类：(7)影像学诊断费
ECAXF001	大腿磁共振成像	ECAXF001	大腿磁共振成像			检查费	检查收入	2.诊断类：(7)影像学诊断费
ECAXJ001	膝关节磁共振成像	ECAXJ001	膝关节磁共振成像			检查费	检查收入	2.诊断类：(7)影像学诊断费
ECAXN001	小腿磁共振成像	ECAXN001	小腿磁共振成像			检查费	检查收入	2.诊断类：(7)影像学诊断费
ECAXU001	足磁共振成像	ECAXU001	足磁共振成像			检查费	检查收入	2.诊断类：(7)影像学诊断费
ECAXZ001	踝关节磁共振成像	ECAXZ001	踝关节磁共振成像			检查费	检查收入	2.诊断类：(7)影像学诊断费
ECAYA001	乳腺磁共振成像	ECAYA001	乳腺磁共振成像			检查费	检查收入	2.诊断类：(7)影像学诊断费
ECB	2.磁共振增强成像							
ECBBB001	海绵窦磁共振增强成像	ECBBB001	海绵窦磁共振增强成像	210200002	磁共振增强扫描	检查费	检查收入	2.诊断类：(7)影像学诊断费
ECBBJ001	头颅动脉磁共振血管增强成像	ECBBJ001	头颅动脉磁共振血管增强成像	210200005	磁共振血管成象(MRA)	检查费	检查收入	2.诊断类：(7)影像学诊断费
ECBBN001	鞍区磁共振增强成像	ECBBN001	鞍区磁共振增强成像	210200002	磁共振增强扫描	检查费	检查收入	2.诊断类：(7)影像学诊断费
ECBBN002	颅底磁共振增强成像	ECBBN002	颅底磁共振增强成像			检查费	检查收入	2.诊断类：(7)影像学诊断费
ECBBP001	头部磁共振增强成像	ECBBP001	头部磁共振增强成像			检查费	检查收入	2.诊断类：(7)影像学诊断费
ECBDF001	肾上腺磁共振增强成像	ECBDF001	肾上腺磁共振增强成像			检查费	检查收入	2.诊断类：(7)影像学诊断费
ECBEB001	眼眶磁共振增强成像	ECBEB001	眶磁共振增强成像			检查费	检查收入	2.诊断类：(7)影像学诊断费
ECBFK001	内听道磁共振增强成像	ECBFK001	内听道磁共振增强成像			检查费	检查收入	2.诊断类：(7)影像学诊断费
ECBGF001	鼻窦磁共振增强成像	ECBGF001	鼻窦磁共振增强成像			检查费	检查收入	2.诊断类：(7)影像学诊断费
ECBGJ001	鼻咽磁共振增强成像	ECBGJ001	鼻咽磁共振增强成像			检查费	检查收入	2.诊断类：(7)影像学诊断费
ECBHY001	颈部磁共振增强成像	ECBHY001	颈部磁共振增强成像			检查费	检查收入	2.诊断类：(7)影像学诊断费
ECBJT001	胸部磁共振增强成像	ECBJT001	胸部磁共振增强成像			检查费	检查收入	2.诊断类：(7)影像学诊断费
ECBKA001	心脏磁共振增强成像	ECBKA001	心脏磁共振增强成像			检查费	检查收入	2.诊断类：(7)影像学诊断费
ECBKV001	冠状动脉磁共振增强成像	ECBKU001	冠脉磁共振成像			检查费	检查收入	2.诊断类：(7)影像学诊断费
ECBLA001	肺动脉磁共振血管增强成像	ECBLA001	肺动脉磁共振血管增强成像	210200005	磁共振血管成象(MRA)	检查费	检查收入	2.诊断类：(7)影像学诊断费
ECBLF001	颈动脉磁共振血管增强成像	ECBLF001	颈动脉磁共振血管增强成像			检查费	检查收入	2.诊断类：(7)影像学诊断费
ECBLJ001	胸主动脉磁共振血管增强成像	ECBLJ001	胸主动脉磁共振血管增强成像			检查费	检查收入	2.诊断类：(7)影像学诊断费
ECBLK001	腹主动脉磁共振血管增强成像	ECBLK001	腹主动脉磁共振血管增强成像	210200005	磁共振血管成象(MRA)	检查费	检查收入	2.诊断类：(7)影像学诊断费
ECBL5001	下肢动脉磁共振血管增强成像	ECBL5001	下肢动脉磁共振血管增强成像			检查费	检查收入	2.诊断类：(7)影像学诊断费
ECBML001	下腔静脉磁共振血管增强成像	ECBML001	下腔静脉磁共振血管增强成像			检查费	检查收入	2.诊断类：(7)影像学诊断费
ECBM9001	血管斑块增强成像	ECBM9001	血管斑块增强成像	210200002	磁共振增强扫描	检查费	检查收入	2.诊断类：(7)影像学诊断费
ECBQT001	上腹部磁共振增强成像	ECBQT001	上腹部磁共振增强成像			检查费	检查收入	2.诊断类：(7)影像学诊断费
ECBQT002	下腹部磁共振增强成像	ECBQT002	下腹部磁共振增强成像			检查费	检查收入	2.诊断类：(7)影像学诊断费
ECBQU001	盆腔磁共振增强成像	ECBQU001	盆腔磁共振增强成像			检查费	检查收入	2.诊断类：(7)影像学诊断费
ECBVH001	颈椎磁共振增强成像	ECBVH001	颈椎磁共振增强成像			检查费	检查收入	2.诊断类：(7)影像学诊断费
ECBVN001	胸椎磁共振增强成像	ECBVN001	胸椎磁共振增强成像			检查费	检查收入	2.诊断类：(7)影像学诊断费
ECBVT001	腰椎磁共振增强成像	ECBVT001	腰椎磁共振增强成像			检查费	检查收入	2.诊断类：(7)影像学诊断费
ECBVY001	骶尾椎磁共振增强成像					检查费	检查收入	2.诊断类：(7)影像学诊断费
ECBWF001	上臂磁共振增强成像	ECBWF001	上臂磁共振增强成像			检查费	检查收入	2.诊断类：(7)影像学诊断费
ECBWG001	肩关节磁共振增强成像	ECBWG001	肩关节磁共振增强成像			检查费	检查收入	2.诊断类：(7)影像学诊断费
ECBWJ001	肘关节磁共振增强成像					检查费	检查收入	2.诊断类：(7)影像学诊断费
ECBWL001	前臂磁共振增强成像	ECBWL001	前臂磁共振增强成像	210200002	磁共振增强扫描	检查费	检查收入	2.诊断类：(7)影像学诊断费
ECBWR001	手磁共振增强成像	ECBWR001	双手磁共振增强成像			检查费	检查收入	2.诊断类：(7)影像学诊断费
ECBXC001	骶髂关节磁共振增强成像	ECBXC001	骶髂关节磁共振增强成像	210200002	磁共振增强扫描	检查费	检查收入	2.诊断类：(7)影像学诊断费
ECBXF001	大腿磁共振增强成像	ECBXF001	大腿磁共振增强成像			检查费	检查收入	2.诊断类：(7)影像学诊断费
ECBXN001	小腿磁共振增强成像	ECBXN001	小腿磁共振增强成像			检查费	检查收入	2.诊断类：(7)影像学诊断费
ECBXU001	足磁共振增强成像	ECBXU001	双足磁共振增强成像			检查费	检查收入	2.诊断类：(7)影像学诊断费
ECBXZ001	踝关节磁共振增强成像	ECBXZ001	踝关节磁共振增强成像			检查费	检查收入	2.诊断类：(7)影像学诊断费
ECBX7001	膝关节磁共振增强成像					检查费	检查收入	2.诊断类：(7)影像学诊断费
ECC	3.特殊磁共振检查							
ECCUE001	胎儿磁共振成像					检查费	检查收入	2.诊断类：(7)影像学诊断费
ECCZX001	磁共振器官体积测量	ECCZX001	磁共振器官体积测量			检查费	检查收入	2.诊断类：(7)影像学诊断费
ECCZX002	单脏器灌注磁共振成像	ECCZX002	单脏器灌注磁共振成像			检查费	检查收入	2.诊断类：(7)影像学诊断费
ECCZX003	磁共振单脏器弥散加权成像	ECCZX003	磁共振单脏器弥散加权成像			检查费	检查收入	2.诊断类：(7)影像学诊断费
ECCZX004	磁共振单脏器磁敏感加权成像	ECCZX004	磁共振单脏器磁敏感加权成像			检查费	检查收入	2.诊断类：(7)影像学诊断费
ECCZX005	单脏器单体素磁共振波谱分析	ECCZX005	单脏器单体素磁共振波谱分析	210200007	磁共振波谱分析(MRS)	检查费	检查收入	2.诊断类：(7)影像学诊断费
ECCZX006	单脏器多体素磁共振波谱分析	ECCZX006	单脏器多体素磁共振波谱分析			检查费	检查收入	2.诊断类：(7)影像学诊断费
				210200008	磁共振波谱成象(MRSI)	检查费	检查收入	2.诊断类：(7)影像学诊断费
ECCZX007	单脏器磁共振动态增强成像	ECCZX007	单脏器磁共振动态增强成像	210200002	磁共振增强扫描	检查费	检查收入	2.诊断类：(7)影像学诊断费
ECCZX008	单脏器薄层扫描	ECCZX008	单脏器薄层扫描			检查费	检查收入	2.诊断类：(7)影像学诊断费
ECCZX009	周围神经磁共振成像					检查费	检查收入	2.诊断类：(7)影像学诊断费
ECCZX010	周围神经增强磁共振成像					检查费	检查收入	2.诊断类：(7)影像学诊断费
ECCZY001	磁共振全身弥散加权成像	ECCZY001	磁共振全身弥散加权成像			检查费	检查收入	2.诊断类：(7)影像学诊断费
ECCZY002	磁共振运动成像					检查费	检查收入	2.诊断类：(7)影像学诊断费
ECCZZ003	磁共振弥散张量成像	ECCZZ003	磁共振弥散张量成像			检查费	检查收入	2.诊断类：(7)影像学诊断费
ED	(四)超声诊断							
EDA	1.A超							
EDAEA001	眼部A型超声检查	EDAEA001	眼部A超	220100003	眼部A超	检查费	检查收入	2.诊断类：(7)影像学诊断费
				220100001	A型超声检查	检查费	检查收入	2.诊断类：(7)影像学诊断费
EDB	2.B超							
EDBBP001	小儿颅脑B型超声检查	EDBBA001	小儿颅脑B超检查	220201001	单脏器B超检查	检查费	检查收入	2.诊断类：(7)影像学诊断费
EDBDC001	甲状腺B型超声检查	EDBDC001	甲状腺B超检查	220201007	浅表组织器官B超检查	检查费	检查收入	2.诊断类：(7)影像学诊断费
				220201008	床旁B超检查	检查费	检查收入	2.诊断类：(7)影像学诊断费
EDBDF001	肾上腺B型超声检查	EDBDF001	肾上腺B超检查	220201002	B超常规检查	检查费	检查收入	2.诊断类：(7)影像学诊断费
EDBEA001	眼B型超声检查	EDBEA001	双眼B超检查	220201001	单脏器B超检查	检查费	检查收入	2.诊断类：(7)影像学诊断费
EDBHL001	涎腺B型超声检查	EDBHL001	涎腺B超检查	220201007	浅表组织器官B超检查	检查费	检查收入	2.诊断类：(7)影像学诊断费
EDBJT001	胸腔B型超声检查	EDBJT001	胸腔B超检查	220201001	单脏器B超检查	检查费	检查收入	2.诊断类：(7)影像学诊断费
		EDBNK001	腹股沟淋巴结B超检查	220201001	单脏器B超检查	检查费	检查收入	2.诊断类：(7)影像学诊断费
EDBNN001	淋巴结B型超声检查	EDBNN001	腋窝淋巴结B超检查	220201007	浅表组织器官B超检查	检查费	检查收入	2.诊断类：(7)影像学诊断费
EDBPA001	胃/肠充盈造影超声检查	EDBPA002	胃肠充盈造影B超检查	220201004	胃肠充盈造影B超检查	检查费	检查收入	2.诊断类：(7)影像学诊断费
EDBPA002	胃肠道B型超声检查	EDBPA001	胃肠道B超检查	220201002	B超常规检查	检查费	检查收入	2.诊断类：(7)影像学诊断费
EDBPD001	胃充盈排空功能B型超声检查	EDBPD001	胃充盈排空功能B超检查	220203001	胃充盈及排空功能检查	检查费	检查收入	2.诊断类：(7)影像学诊断费
EDBPJ001	小肠充盈排空功能B型超声检查	EDBPJ001	小肠充盈排空功能B超检查	220203002	小肠充盈及排空功能检查	检查费	检查收入	2.诊断类：(7)影像学诊断费
EDBPP001	大肠灌肠造影B型超声检查	EDBPN001	大肠灌肠造影B超检查	220201005	大肠灌肠造影B超检查	检查费	检查收入	2.诊断类：(7)影像学诊断费
EDBQK001	胆囊胆道收缩功能超声检查	EDBQK001	胆囊胆道收缩功能B超检查	220203003	胆囊和胆道收缩功能检查	检查费	检查收入	2.诊断类：(7)影像学诊断费
EDBQT001	经直肠B型超声检查	EDBQT005	经直肠B超常规检查	220202002	经直肠B超检查	检查费	检查收入	2.诊断类：(7)影像学诊断费
EDBQT002	腹膜后B型超声检查	EDBQT004	腹膜后B超检查	220201001	单脏器B超检查	检查费	检查收入	2.诊断类：(7)影像学诊断费
EDBQT003	腹腔积液B型超声检查	EDBQT002	腹腔积液B超检查	220201003	胸腹水B超检查及穿刺定位	检查费	检查收入	2.诊断类：(7)影像学诊断费
EDBQT004	肝胆胰脾B型超声检查	EDBQT001	肝胆胰脾B超检查	220201002	B超常规检查	检查费	检查收入	2.诊断类：(7)影像学诊断费
EDBQT005	右下腹B型超声检查	EDBQT003	右下腹B超检查			检查费	检查收入	2.诊断类：(7)影像学诊断费
EDBRA001	泌尿系B型超声检查	EDBRA001	泌尿系B超检查			检查费	检查收入	2.诊断类：(7)影像学诊断费
EDBRG001	膀胱残余尿量B型超声测定	EDBRG001	膀胱残余尿量B超测定			检查费	检查收入	2.诊断类：(7)影像学诊断费
EDBTA001	经腹部妇科B型超声检查	EDBTA001	经腹部妇科B超检查	220201002	B超常规检查	检查费	检查收入	2.诊断类：(7)影像学诊断费
EDBTA002	经阴道妇科B型超声检查	EDBTA002	经阴道妇科B超检查	220202001	经阴道B超检查	检查费	检查收入	2.诊断类：(7)影像学诊断费
EDBTA003	盆底超声检查					检查费	检查收入	2.诊断类：(7)影像学诊断费
EDBTK001	经宫腔输卵管B型超声造影检查	EDBTK001	宫腔输卵管B超造影检查	220201006	输卵管超声造影	检查费	检查收入	2.诊断类：(7)影像学诊断费
EDBUE001	经腹部胎儿B型超声检查	EDBUE001	经腹部胎儿常规B超检查	220201002	B超常规检查	检查费	检查收入	2.诊断类：(7)影像学诊断费
EDBUE002	胎儿生物物理评分	EDBUE002	胎儿生物物理相评分	220203004	胎儿生物物理相评分	检查费	检查收入	2.诊断类：(7)影像学诊断费
EDBX7001	关节B型超声检查	EDBX7001	关节B超检查			检查费	检查收入	2.诊断类：(7)影像学诊断费
EDBYA001	乳腺B型超声检查	EDBYA001	乳腺B超检查	220201007	浅表组织器官B超检查	检查费	检查收入	2.诊断类：(7)影像学诊断费
EDBYR001	体表肿物B型超声检查	EDBYR001	体表肿物B超检查			检查费	检查收入	2.诊断类：(7)影像学诊断费
EDBZZ002	术中B型超声检查	EDBZZ002	术中B超检查			检查费	检查收入	2.诊断类：(7)影像学诊断费
		EDBZZ001	床旁B超检查			检查费	检查收入	2.诊断类：(7)影像学诊断费
EDC	3.彩色多普勒超声							
EDCBG001	脑室引流通畅性彩色多普勒超声检查	EDCBG001	脑室引流通畅性彩色多普勒超声检查			检查费	检查收入	2.诊断类：(7)影像学诊断费
EDCBH001	经颅彩色多普勒超声检查	EDCBH002	经颅彩色多普勒超声	220302001	颅内段血管彩色多普勒超声	检查费	检查收入	2.诊断类：(7)影像学诊断费
EDCBH002	小儿颅脑彩色多普勒超声检查	EDCBH001	小儿颅脑彩色多普勒超声检查			检查费	检查收入	2.诊断类：(7)影像学诊断费
EDCBJ001	经颅多普勒超声发泡试验	EDCBJ001	经颅多普勒超声发泡试验			检查费	检查收入	2.诊断类：(7)影像学诊断费
EDCBJ002	经颅多普勒CO 吸入试验2	EDCBJ002	经颅多普勒CO 吸入试验2			检查费	检查收入	2.诊断类：(7)影像学诊断费
EDCBJ003	经颅多普勒卧立位试验	EDCBJ003	经颅多普勒卧立位试验			检查费	检查收入	2.诊断类：(7)影像学诊断费
EDCBJ004	经颅多普勒超声动脉栓子监测	EDCBJ005	经颅多普勒超声动脉栓子监测			检查费	检查收入	2.诊断类：(7)影像学诊断费
		EDCBJ004	经颅多普勒超声动脉压迫试验			检查费	检查收入	2.诊断类：(7)影像学诊断费
EDCCA001	周围神经彩色多普勒超声常规检查					检查费	检查收入	2.诊断类：(7)影像学诊断费
EDCDC001	甲状腺彩色多普勒超声检查	EDCDC001	甲状腺彩色多普勒超声检查			检查费	检查收入	2.诊断类：(7)影像学诊断费
EDCDD001	甲状旁腺彩色多普勒超声检查					检查费	检查收入	2.诊断类：(7)影像学诊断费
EDCDF001	肾上腺彩色多普勒超声检查	EDCDF001	肾上腺彩色多普勒超声检查	220301001	彩色多普勒超声常规检查	检查费	检查收入	2.诊断类：(7)影像学诊断费
EDCEA001	眼彩色多普勒超声检查	EDCEA001	双眼彩色多普勒超声检查	220301002	浅表器官彩色多普勒超声检查	检查费	检查收入	2.诊断类：(7)影像学诊断费
EDCEW001	球后血管彩色多普勒超声检查	EDCEW001	球后血管彩色多普勒超声检查	220302002	球后全部血管彩色多普勒超声	检查费	检查收入	2.诊断类：(7)影像学诊断费
EDCHL001	涎腺彩色多普勒超声检查	EDCHL001	涎腺彩色多普勒超声检查	220301002	浅表器官彩色多普勒超声检查	检查费	检查收入	2.诊断类：(7)影像学诊断费
EDCJE001	肺彩色超声检查					检查费	检查收入	2.诊断类：(7)影像学诊断费
EDCJP001	膈肌彩色多普勒超声检查					检查费	检查收入	2.诊断类：(7)影像学诊断费
EDCJT001	胸腔彩色多普勒超声检查	EDCJT001	胸腔彩色多普勒超声检查	220301001	彩色多普勒超声常规检查	检查费	检查收入	2.诊断类：(7)影像学诊断费
EDCLF001	颈动脉彩色多普勒超声检查	EDCLF001	颈动脉彩色多普勒超声检查	220302003	颈部血管彩色多普勒超声	检查费	检查收入	2.诊断类：(7)影像学诊断费
EDCLG001	锁骨下动脉彩色多普勒超声检查					检查费	检查收入	2.诊断类：(7)影像学诊断费
EDCLH001	椎动脉彩色多普勒超声检查	EDCLH001	椎动脉彩色多普勒超声检查			检查费	检查收入	2.诊断类：(7)影像学诊断费
EDCLK001	腹主动脉彩色多普勒超声检查	EDCLK001	腹主动脉彩色多普勒超声检查	220302005	腹部大血管彩色多普勒超声	检查费	检查收入	2.诊断类：(7)影像学诊断费
EDCLT001	肠系膜动脉彩色多普勒超声检查	EDCLT001	肠系膜上下动脉彩色多普勒超声检查	220302005	腹部大血管彩色多普勒超声	检查费	检查收入	2.诊断类：(7)影像学诊断费
EDCLW001	肾动脉彩色多普勒超声检查	EDCLW001	双肾动脉彩色多普勒超声检查	220302007	双肾及肾血管彩色多普勒超声	检查费	检查收入	2.诊断类：(7)影像学诊断费
EDCLY001	腹腔动脉彩色多普勒超声检查	EDCLY001	腹腔动脉彩色多普勒超声检查	220302005	腹部大血管彩色多普勒超声	检查费	检查收入	2.诊断类：(7)影像学诊断费
EDCL0001	髂动脉彩色多普勒超声检查	EDCL0001	髂动脉彩色多普勒超声检查	220302006	四肢血管彩色多普勒超声	检查费	检查收入	2.诊断类：(7)影像学诊断费
EDCL3001	上肢动脉彩色多普勒超声检查	EDCL3001	上肢动脉彩色多普勒超声检查			检查费	检查收入	2.诊断类：(7)影像学诊断费
EDCL5001	下肢动脉彩色多普勒超声检查	EDCL5001	下肢动脉彩色多普勒超声检查			检查费	检查收入	2.诊断类：(7)影像学诊断费
EDCL8001	足动脉彩色多普勒超声检查	EDCL8001	足动脉彩色多普勒超声检查			检查费	检查收入	2.诊断类：(7)影像学诊断费
EDCMD001	颈静脉彩色多普勒超声检查	EDCMD001	颈静脉彩色多普勒超声检查	220302003	颈部血管彩色多普勒超声	检查费	检查收入	2.诊断类：(7)影像学诊断费
EDCMG001	上肢浅静脉彩色多普勒超声检查	EDCMG001	上肢浅静脉彩色多普勒超声检查	220302006	四肢血管彩色多普勒超声	检查费	检查收入	2.诊断类：(7)影像学诊断费
EDCMH001	上肢深静脉彩色多普勒超声检查	EDCMH001	上肢深静脉彩色多普勒超声检查			检查费	检查收入	2.诊断类：(7)影像学诊断费
EDCML001	下腔静脉彩色多普勒超声检查	EDCML001	下腔静脉彩色多普勒超声检查	220302005	腹部大血管彩色多普勒超声	检查费	检查收入	2.诊断类：(7)影像学诊断费
EDCMM001	肝静脉彩色多普勒超声检查	EDCMM001	肝静脉彩色多普勒超声检查	220302004	门静脉系彩色多普勒超声	检查费	检查收入	2.诊断类：(7)影像学诊断费
EDCMN001	门脉系统彩色多普勒超声检查	EDCMN001	门脉系统彩色多普勒超声检查			检查费	检查收入	2.诊断类：(7)影像学诊断费
EDCMU001	肾静脉彩色多普勒超声检查	EDCMU001	双肾静脉彩色多普勒超声检查	220302007	双肾及肾血管彩色多普勒超声	检查费	检查收入	2.诊断类：(7)影像学诊断费
				220302008	左肾静脉“胡桃夹”综合征检查	检查费	检查收入	2.诊断类：(7)影像学诊断费
EDCMX001	髂静脉彩色多普勒超声检查	EDCMX001	髂静脉彩色多普勒超声检查	220302006	四肢血管彩色多普勒超声	检查费	检查收入	2.诊断类：(7)影像学诊断费
		EDCNK001	腹股沟淋巴结彩色多普勒超声检查	220301002	浅表器官彩色多普勒超声检查	检查费	检查收入	2.诊断类：(7)影像学诊断费
EDCM1001	下肢深静脉彩色多普勒超声检查	EDCM1001	下肢深静脉彩色多普勒超声检查	220302006	四肢血管彩色多普勒超声	检查费	检查收入	2.诊断类：(7)影像学诊断费
EDCM4001	下肢浅静脉彩色多普勒超声检查	EDCM4001	下肢浅静脉彩色多普勒超声检查	220302006	四肢血管彩色多普勒超声	检查费	检查收入	2.诊断类：(7)影像学诊断费
EDCM9001	透析造口术前上肢血管评价及标记	EDCM9003	透析造瘘术前上肢血管评价及标记			检查费	检查收入	2.诊断类：(7)影像学诊断费
EDCM9002	体表血管彩色多普勒超声标记	EDCM9002	体表血管彩色多普勒超声标记	220301002	浅表器官彩色多普勒超声检查	检查费	检查收入	2.诊断类：(7)影像学诊断费
EDCM9003	透析内瘘彩色多普勒超声检查	EDCM9004	透析内瘘彩色多普勒超声检查	220302006	四肢血管彩色多普勒超声	检查费	检查收入	2.诊断类：(7)影像学诊断费
EDCM9004	血管超声造影	EDCM9001	血管超声造影			检查费	检查收入	2.诊断类：(7)影像学诊断费
EDCNN001	淋巴结彩色多普勒超声检查	EDCNN001	腋窝淋巴结彩色多普勒超声检查	220301002	浅表器官彩色多普勒超声检查	检查费	检查收入	2.诊断类：(7)影像学诊断费
EDCPA001	胃肠道彩色多普勒超声检查	EDCPA001	胃肠道彩色多普勒超声检查	220301001	彩色多普勒超声常规检查	检查费	检查收入	2.诊断类：(7)影像学诊断费
EDCQT001	经直肠彩色多普勒超声检查	EDCQT004	经直肠彩色多普勒超声检查	220302011	腔内彩色多普勒超声检查	检查费	检查收入	2.诊断类：(7)影像学诊断费
EDCQT002	腹膜后彩色多普勒超声检查	EDCQT003	腹膜后彩色多普勒超声检查	220301001	彩色多普勒超声常规检查	检查费	检查收入	2.诊断类：(7)影像学诊断费
EDCQT003	肝胆胰脾彩色多普勒超声检查	EDCQT001	肝胆胰脾彩色多普勒超声检查			检查费	检查收入	2.诊断类：(7)影像学诊断费
EDCQT004	右下腹彩色多普勒超声检查	EDCQT002	右下腹彩色多普勒超声检查			检查费	检查收入	2.诊断类：(7)影像学诊断费
EDCRA001	泌尿系彩色多普勒超声检查	EDCRA001	泌尿系彩色多普勒超声检查			检查费	检查收入	2.诊断类：(7)影像学诊断费
EDCRG001	膀胱残余尿量测定彩色多普勒超声检查					检查费	检查收入	2.诊断类：(7)影像学诊断费
EDCSB001	男性生殖系统彩色多普勒超声检查	EDCSA001	男性生殖系统彩色多普勒超声检查			检查费	检查收入	2.诊断类：(7)影像学诊断费
EDCSJ001	精索静脉彩色多普勒超声检查	EDCSH001	双侧精索静脉彩色多普勒超声检查	220301002	浅表器官彩色多普勒超声检查	检查费	检查收入	2.诊断类：(7)影像学诊断费
EDCST001	彩色多普勒超声药物血管功能试验	EDCSQ001	彩色多普勒超声药物血管功能试验	220302009	药物血管功能试验	检查费	检查收入	2.诊断类：(7)影像学诊断费
EDCTA001	经阴道彩色多普勒超声检查	EDCTA003	经阴道彩色多普勒超声检查	220301001	彩色多普勒超声常规检查	检查费	检查收入	2.诊断类：(7)影像学诊断费
EDCTA002	经腹部妇科彩色多普勒超声检查	EDCTA002	经腹部妇科彩色多普勒超声检查	220301001	彩色多普勒超声常规检查	检查费	检查收入	2.诊断类：(7)影像学诊断费
EDCTA003	经宫腔超声造影检查	EDCTA001	宫腔彩色多普勒声学造影检查			检查费	检查收入	2.诊断类：(7)影像学诊断费
EDCUA001	经腹部母胎血流动力学超声检查	EDCUA001	孕妇-胎儿血流动力学彩超检测	220301001	彩色多普勒超声常规检查	检查费	检查收入	2.诊断类：(7)影像学诊断费
EDCUE001	胎儿彩色多普勒超声检查	EDCUE001	胎儿彩色多普勒超声检查			检查费	检查收入	2.诊断类：(7)影像学诊断费
EDCUE002	胎儿彩色多普勒超声系统性结构畸形筛查	EDCUE002	胎儿系统性彩色多普勒超声筛查			检查费	检查收入	2.诊断类：(7)影像学诊断费
EDCUE003	胎儿异常超声筛查	EDCUE003	可疑胎儿异常的产前彩色多普勒超声诊断			检查费	检查收入	2.诊断类：(7)影像学诊断费
EDCUE004	孕早期胎儿结构筛查	EDCUE004	胎儿颈后透明层彩色多普勒超声测定			检查费	检查收入	2.诊断类：(7)影像学诊断费
EDCX7001	关节彩色多普勒超声检查	EDCX7001	关节彩色多普勒超声检查			检查费	检查收入	2.诊断类：(7)影像学诊断费
EDCYA001	乳腺彩色多普勒超声检查	EDCYA001	乳腺彩色多普勒超声检查	220301002	浅表器官彩色多普勒超声检查	检查费	检查收入	2.诊断类：(7)影像学诊断费
EDCYR001	体表肿物彩色多普勒超声检查	EDCYR001	体表肿物彩色多普勒超声检查			检查费	检查收入	2.诊断类：(7)影像学诊断费
EDCYR002	脏器超声造影检查	EDCZX001	脏器超声造影检查	220302010	脏器声学造影	检查费	检查收入	2.诊断类：(7)影像学诊断费
EDCZZ002	术中彩色多普勒超声检查	EDCZZ002	术中彩色多普勒超声检查			检查费	检查收入	2.诊断类：(7)影像学诊断费
		EDCZZ001	床旁彩色多普勒超声检查			检查费	检查收入	2.诊断类：(7)影像学诊断费
EDD	4.多普勒超声							
EDDBJ001	经颅多普勒超声检查	EDDBJ001	经颅多普勒超声检查	220400001	颅内多普勒血流图(TCD)	检查费	检查收入	2.诊断类：(7)影像学诊断费
		EDDKL001	经颅多普勒法卵圆孔未闭鉴别检查			检查费	检查收入	2.诊断类：(7)影像学诊断费
		EDDL3002	上肢多普勒血流图	220400002	四肢多普勒血流图	检查费	检查收入	2.诊断类：(7)影像学诊断费
		EDDL5001	下肢多普勒血流图	220400002	四肢多普勒血流图	检查费	检查收入	2.诊断类：(7)影像学诊断费
EDDL9001	多普勒踝臂指数测定	EDDL9001	多普勒踝臂指数测定			检查费	检查收入	2.诊断类：(7)影像学诊断费
EDDM9001	多普勒小儿血压检测	EDDL3001	多普勒小儿血压检测	220400003	多普勒小儿血压检测	检查费	检查收入	2.诊断类：(7)影像学诊断费
EDDUE001	多普勒胎心计数	EDDUE001	多普勒胎心记数			检查费	检查收入	2.诊断类：(7)影像学诊断费
EDE	5.三维超声							
EDETD001	经阴道子宫超声三维检查					检查费	检查收入	2.诊断类：(7)影像学诊断费
EDETD002	子宫输卵管彩色多普勒超声造影检查					检查费	检查收入	2.诊断类：(7)影像学诊断费
EDEUE001	胎儿三维超声成像检查	EDEUE001	胎儿三维超声成像			检查费	检查收入	2.诊断类：(7)影像学诊断费
EDEYA001	乳腺超声扫查全容积成像					检查费	检查收入	2.诊断类：(7)影像学诊断费
EDEZX001	超声图象计算机三维重建技术	EDEZX001	超声图象计算机三维重建技术(3DE)	220700001	计算机三维重建技术(3DE)	检查费	检查收入	2.诊断类：(7)影像学诊断费
		EDEZX002	单脏器灰阶立体成像	220500001	脏器灰阶立体成象	检查费	检查收入	2.诊断类：(7)影像学诊断费
				220500002	能量图血流立体成象	检查费	检查收入	2.诊断类：(7)影像学诊断费
EDF	6.心脏超声							
EDFKA001	普通心脏M型超声检查	EDFKA003	普通心脏M型超声检查	220600001	普通心脏M型超声检查	检查费	检查收入	2.诊断类：(7)影像学诊断费
EDFKA002	全方位心脏M型超声检查	EDFKA004	全方位心脏M型超声检查			检查费	检查收入	2.诊断类：(7)影像学诊断费
EDFKA003	普通二维超声心动图	EDFKA005	普通二维超声心动图	220600002	普通二维超声心动图	检查费	检查收入	2.诊断类：(7)影像学诊断费
EDFKA004	胎儿心脏B型超声心动图检查	EDFKA006	胎儿二维超声心动图			检查费	检查收入	2.诊断类：(7)影像学诊断费
				220600003	床旁超声心动图	检查费	检查收入	2.诊断类：(7)影像学诊断费
EDFKA005	心脏彩色多普勒超声心动图检查	EDFKA007	心脏彩色多普勒超声	220600004	心脏彩色多普勒超声	检查费	检查收入	2.诊断类：(7)影像学诊断费
EDFKA006	胎儿心脏超声心动图检查	EDFKA008	胎儿心脏彩色多普勒超声检查			检查费	检查收入	2.诊断类：(7)影像学诊断费
EDFKA007	经食管彩色多普勒超声心动图检查	EDFKA009	经食管彩色超声心动图检查	220600005	常规经食管超声心动图	检查费	检查收入	2.诊断类：(7)影像学诊断费
EDFKA008	负荷超声心动图	EDFKA010	负荷超声心动图	220600009	负荷超声心动图	检查费	检查收入	2.诊断类：(7)影像学诊断费
		EDFKA011	心脏超声声学定量	220700002	声学定量(AQ)	检查费	检查收入	2.诊断类：(7)影像学诊断费
EDFKA009	经胸实时三维超声心动图检查	EDFKA012	经胸实时三维超声心动图检查			检查费	检查收入	2.诊断类：(7)影像学诊断费
EDFKA010	经食管实时三维超声心动图检查	EDFKA013	经食管实时三维超声心动图检查			检查费	检查收入	2.诊断类：(7)影像学诊断费
EDFKA011	二维超声斑点跟踪成像	EDFKA014	超声斑点跟踪成像	220700005	心内膜自动边缘检测	检查费	检查收入	2.诊断类：(7)影像学诊断费
				220700006	室壁运动分析	检查费	检查收入	2.诊断类：(7)影像学诊断费
EDFKA012	心脏同步性超声评估	EDFKA015	心脏机械运动同步功能超声检测	220700005	心内膜自动边缘检测	检查费	检查收入	2.诊断类：(7)影像学诊断费
EDFKA013	术中经食管超声心动图	EDFKA016	术中经食管彩色超声心动图监测	220600006	术中经食管超声心动图	检查费	检查收入	2.诊断类：(7)影像学诊断费
EDFKA014	术中超声心动图	EDFKA017	术中经心外膜超声心动图	220600007	介入治疗的超声心动图监视	检查费	检查收入	2.诊断类：(7)影像学诊断费
EDFKA015	经胸右心超声造影	EDFKA001	右心超声造影	220600008	右心声学造影	检查费	检查收入	2.诊断类：(7)影像学诊断费
EDFKA016	左心超声造影	EDFKA002	左心超声造影			检查费	检查收入	2.诊断类：(7)影像学诊断费
EDFKD001	组织多普勒成像	EDFKC001	组织多普勒显像(TDI)	220700004	组织多普勒显象(TDI)	检查费	检查收入	2.诊断类：(7)影像学诊断费
EDFKD002	心肌灌注超声造影	EDFKC002	心肌灌注超声造影	220700007	心肌灌注超声检测	检查费	检查收入	2.诊断类：(7)影像学诊断费
		EDFKH001	彩色室壁动力学检查	220700003	彩色室壁动力(CK)	检查费	检查收入	2.诊断类：(7)影像学诊断费
EDFKL001	左心室收缩功能超声测定	EDFKJ001	左心室收缩功能超声测定	220600010	左心功能测定	检查费	检查收入	2.诊断类：(7)影像学诊断费
EDFKL002	左心室舒张功能超声测定	EDFKJ002	左心室舒张功能超声测定			检查费	检查收入	2.诊断类：(7)影像学诊断费
EDZ	7.其他							
EDZQA001	肝脏硬度弹性超声检查					检查费	检查收入	2.诊断类：(7)影像学诊断费
EDZZZ001	超声弹性成像检查					检查费	检查收入	2.诊断类：(7)影像学诊断费
EE	(五)核医学诊断							
EEA	1.静态显像与功能测定							
EEABB001	脑池显像	EEABB001	脑池显像	230200003	脑池显象	检查费	检查收入	2.诊断类：(7)影像学诊断费
EEABC001	脑静态显像	EEABC001	脑静态显像	230200002	脑显象	检查费	检查收入	2.诊断类：(7)影像学诊断费
EEABG001	核素脑室显像	EEABG001	脑室显像	230200004	脑室引流显象	检查费	检查收入	2.诊断类：(7)影像学诊断费
				210103002	脑室碘水造影	检查费	检查收入	2.诊断类：(7)影像学诊断费
EEADC001	甲状腺显像	EEADC001	甲状腺静态显像	230200006	甲状腺静态显象	检查费	检查收入	2.诊断类：(7)影像学诊断费
EEADC002	甲状腺有效半衰期测定	EEADC002	甲状腺有效半衰期测定	230200008	甲状腺有效半衰期测定	检查费	检查收入	2.诊断类：(7)影像学诊断费
EEADC003	促甲状腺激素兴奋试验	EEADC004	促甲状腺激素兴奋试验显像	230200010	促甲状腺激素兴奋显象	检查费	检查收入	2.诊断类：(7)影像学诊断费
		EEADC003	甲状腺激素抑制试验显像	230200009	甲状腺激素抑制显象	检查费	检查收入	2.诊断类：(7)影像学诊断费
EEADD001	甲状旁腺显像	EEADD001	甲状旁腺显像	230200011	甲状旁腺显象	检查费	检查收入	2.诊断类：(7)影像学诊断费
EEADF001	肾上腺皮质显像	EEADF001	肾上腺皮质静态显像	230200043	肾上腺皮质显象	检查费	检查收入	2.诊断类：(7)影像学诊断费
EEADF002	地塞米松抑制试验肾上腺皮质显像	EEADF002	地塞米松抑制试验肾上腺皮质显像	230200044	地塞米松抑制试验肾上腺皮质显象	检查费	检查收入	2.诊断类：(7)影像学诊断费
EEAEE001	泪管显像	EEAEE001	泪管显像	230200005	泪管显象	检查费	检查收入	2.诊断类：(7)影像学诊断费
EEAHL001	唾液腺显像	EEAHL001	唾液腺静态显像	230200027	唾液腺静态显象	检查费	检查收入	2.诊断类：(7)影像学诊断费
EEAJE001	肺灌注显像	EEAJE001	肺灌注显像	230200025	肺灌注显象	检查费	检查收入	2.诊断类：(7)影像学诊断费
EEAJE002	肺通气显像	EEAJE002	锝气法肺通气显像	230200026	肺通气显象	检查费	检查收入	2.诊断类：(7)影像学诊断费
EEAJE003	肺气溶胶吸入显像	EEAJE003	气溶胶法肺通气显像			检查费	检查收入	2.诊断类：(7)影像学诊断费
EEAKD001	心脏显像	EEAKC002	急性心肌梗死灶静态显像	230200019	急性心肌梗塞灶显象	检查费	检查收入	2.诊断类：(7)影像学诊断费
EEAKD002	药物法负荷心肌灌注显像	EEAKC004	药物法负荷心肌灌注显像	230200013	负荷心肌灌注显象	检查费	检查收入	2.诊断类：(7)影像学诊断费
		EEAKC001	静息心肌灌注显像	230200012	静息心肌灌注显象	检查费	检查收入	2.诊断类：(7)影像学诊断费
				230200014	静息门控心肌灌注显象	检查费	检查收入	2.诊断类：(7)影像学诊断费
				230200015	负荷门控心肌灌注显象	检查费	检查收入	2.诊断类：(7)影像学诊断费
EEAM1001	下肢深静脉显像	EEAM1001	下肢深静脉显像	230200023	下肢深静脉显象	检查费	检查收入	2.诊断类：(7)影像学诊断费
EEANB001	脾显像	EEANB001	脾显像	230200039	脾显象	检查费	检查收入	2.诊断类：(7)影像学诊断费
EEAND001	红细胞破坏部位测定	EEAND001	红细胞破坏部位测定	230200056	红细胞破坏部位测定	检查费	检查收入	2.诊断类：(7)影像学诊断费
EEANZ001	淋巴显像	EEANZ001	淋巴显像	230200024	局部淋巴显象	检查费	检查收入	2.诊断类：(7)影像学诊断费
EEANZ002	淋巴系统显像					检查费	检查收入	2.诊断类：(7)影像学诊断费
EEAQA001	肝显像	EEAQA001	肝静态显像	230200035	肝胶体显象	检查费	检查收入	2.诊断类：(7)影像学诊断费
				230100001	脏器动态扫描	检查费	检查收入	2.诊断类：(7)影像学诊断费
				230100002	脏器静态扫描	检查费	检查收入	2.诊断类：(7)影像学诊断费
EEAQN001	胰腺显像	EEAQN001	胰腺显像	230200040	胰腺显象	检查费	检查收入	2.诊断类：(7)影像学诊断费
EEARB001	肾脏显像	EEARB001	肾静态显像	230200049	肾静态显象	检查费	检查收入	2.诊断类：(7)影像学诊断费
EEAX6001	骨密度测定	EEAX6002	骨密度测定	230200055	骨密度测定	检查费	检查收入	2.诊断类：(7)影像学诊断费
EEAX6002	骨关节血流血池显像	EEAX6003	骨三相显像	230200054	骨三相显象	检查费	检查收入	2.诊断类：(7)影像学诊断费
EEAX6003	局部骨显像	EEAX6001	局部骨静态显像	230200053	局部骨显象	检查费	检查收入	2.诊断类：(7)影像学诊断费
EEAX6004	全身骨显像	EEAX6004	全身骨显像			检查费	检查收入	2.诊断类：(7)影像学诊断费
EEAZX001	炎症局部显像	EEAZX001	炎症局部显像	230200057	炎症局部显象	检查费	检查收入	2.诊断类：(7)影像学诊断费
EEAZX002	亲肿瘤局部显像	EEAZX002	亲肿瘤局部显像	230200058	亲肿瘤局部显象	检查费	检查收入	2.诊断类：(7)影像学诊断费
EEAZX003	放射免疫局部显像	EEAZX003	放射免疫局部显像	230200059	放射免疫显象	检查费	检查收入	2.诊断类：(7)影像学诊断费
EEAZX004	放射受体局部显像	EEAZX004	放射受体局部显像			检查费	检查收入	2.诊断类：(7)影像学诊断费
		EEAZX005	生长抑素受体显像	230200060	放射受体显象	检查费	检查收入	2.诊断类：(7)影像学诊断费
EEAZY001	炎症全身显像	EEAZY001	炎症全身显像			检查费	检查收入	2.诊断类：(7)影像学诊断费
EEAZY002	亲肿瘤全身显像	EEAZY002	亲肿瘤全身显像			检查费	检查收入	2.诊断类：(7)影像学诊断费
EEAZY003	放射免疫全身显像	EEAZY003	放射免疫全身显像	230200059	放射免疫显象	检查费	检查收入	2.诊断类：(7)影像学诊断费
EEAZY004	放射受体全身显像	EEAZY004	放射受体全身显像	230200060	放射受体显象	检查费	检查收入	2.诊断类：(7)影像学诊断费
		EEAZY005	全身显像	230300002	全身显像	检查费	检查收入	2.诊断类：(7)影像学诊断费
EEB	2.动态显像							
EEBBA001	脑脊液漏显像					检查费	检查收入	2.诊断类：(7)影像学诊断费
EEBBH001	放射性核素脑血管造影	EEBBH001	脑血管显像	230200001	脑血管显象	检查费	检查收入	2.诊断类：(7)影像学诊断费
EEBDC001	甲状腺血流灌注显像	EEBDC001	甲状腺血流显像	230200007	甲状腺血流显象	检查费	检查收入	2.诊断类：(7)影像学诊断费
EEBHL001	唾液腺动态显像	EEBHL001	唾液腺动态显像	230200028	唾液腺动态显象	检查费	检查收入	2.诊断类：(7)影像学诊断费
EEBKA001	多门电路平衡法核素心血池显像	EEBKA001	门控心血池显像	230200017	平衡法门控心室显象	检查费	检查收入	2.诊断类：(7)影像学诊断费
EEBKA002	首次通过法心血管显像	EEBKA003	心血管显像	230200016	首次通过法心血管显象	检查费	检查收入	2.诊断类：(7)影像学诊断费
		EEBKA002	药物负荷门控心血池显像			检查费	检查收入	2.诊断类：(7)影像学诊断费
		EEBKH001	运动负荷门控心室显像	230200018	平衡法负荷门控心室显象	检查费	检查收入	2.诊断类：(7)影像学诊断费
EEBL9001	大动脉显像	EEBL9001	动脉显像	230200020	动脉显象	检查费	检查收入	2.诊断类：(7)影像学诊断费
EEBMN001	门脉血流测定显像	EEBMN001	门脉血流测定显像	230200021	门脉血流测定显象	检查费	检查收入	2.诊断类：(7)影像学诊断费
EEBMN002	门体分流指数显像	EEBMN002	门静脉分流显像	230200022	门体分流显象	检查费	检查收入	2.诊断类：(7)影像学诊断费
EEBNA001	骨髓显像					检查费	检查收入	2.诊断类：(7)影像学诊断费
EEBPA001	消化道出血显像	EEBPA001	消化道出血显像	230200034	消化道出血显象	检查费	检查收入	2.诊断类：(7)影像学诊断费
EEBPB001	十二指肠胃返流显像	EEBPB002	十二指肠胃返流显像	230200031	十二指肠胃返流显象	检查费	检查收入	2.诊断类：(7)影像学诊断费
EEBPB002	胃食管返流显像	EEBPB001	胃食管返流显像	230200030	胃食管返流显象	检查费	检查收入	2.诊断类：(7)影像学诊断费
EEBPC001	食管通过显像	EEBPC001	食管通过显像	230200029	食管通过显象	检查费	检查收入	2.诊断类：(7)影像学诊断费
EEBPD001	胃排空试验	EEBPD001	胃排空试验	230200032	胃排空试验	检查费	检查收入	2.诊断类：(7)影像学诊断费
EEBPD002	异位胃黏膜显像	EEBPD002	异位胃黏膜显像	230200033	异位胃粘膜显象	检查费	检查收入	2.诊断类：(7)影像学诊断费
EEBPH001	肠道通过时间测定	EEBPH001	肠道通过时间测定	230200041	小肠功能显象	检查费	检查收入	2.诊断类：(7)影像学诊断费
EEBPH002	肠道蛋白丢失显像	EEBPH002	肠道蛋白丢失显像	230200042	肠道蛋白丢失显象	检查费	检查收入	2.诊断类：(7)影像学诊断费
EEBQA001	肝胆动态显像	EEBQA001	肝胆动态显像	230200038	肝胆动态显象	检查费	检查收入	2.诊断类：(7)影像学诊断费
EEBQA002	生理负荷肝胆功能显像					检查费	检查收入	2.诊断类：(7)影像学诊断费
EEBQA003	药物负荷肝胆功能显像					检查费	检查收入	2.诊断类：(7)影像学诊断费
EEBQD001	肝血流血池显像	EEBQD001	肝血流血池显像			检查费	检查收入	2.诊断类：(7)影像学诊断费
		EEBQD002	肝血流显像	230200036	肝血流显象	检查费	检查收入	2.诊断类：(7)影像学诊断费
		EEBQD003	肝血池显像	230200037	肝血池显象	检查费	检查收入	2.诊断类：(7)影像学诊断费
EEBRB001	肾动态显像	EEBRB001	肾动态显像	230200045	肾动态显象	检查费	检查收入	2.诊断类：(7)影像学诊断费
EEBRB002	肾动态显像肾小球滤过率(GFR)测定	EEBRB002	肾动态显像肾小球滤过率(GFR)测定	230200046	肾动态显象＋肾小球滤过率(GFR)测定	检查费	检查收入	2.诊断类：(7)影像学诊断费
EEBRB003	肾动态显像肾有效血浆流量(ERPF)测定	EEBRB003	肾动态显像肾有效血浆流量(ERPF)测定	230200047	肾动态显象＋肾有效血浆流量(ERPF)测定	检查费	检查收入	2.诊断类：(7)影像学诊断费
EEBRB004	药物法介入肾动态显像	EEBRB004	介入肾动态显像	230200048	介入肾动态显象	检查费	检查收入	2.诊断类：(7)影像学诊断费
EEBRB005	肾血流灌注显像					检查费	检查收入	2.诊断类：(7)影像学诊断费
EEBRG001	膀胱输尿管反流直接显像	EEBRG001	膀胱输尿管返流直接显像	230200050	膀胱输尿管返流显象	检查费	检查收入	2.诊断类：(7)影像学诊断费
EEBRG002	膀胱输尿管反流间接显像	EEBRG002	膀胱输尿管返流间接显像	230200050	膀胱输尿管返流显象	检查费	检查收入	2.诊断类：(7)影像学诊断费
EEBSC001	睾丸血流灌注显像	EEBSM001	阴囊显像	230200052	阴囊显象	检查费	检查收入	2.诊断类：(7)影像学诊断费
EEC	3.断层显像							
EECBH001	人为干预法介入脑血流灌注显像	EECBH002	人为干预法负荷介入脑灌注断层显像	230200004	脑室引流显象	检查费	检查收入	2.诊断类：(7)影像学诊断费
		EECBH001	脑灌注断层显像			检查费	检查收入	2.诊断类：(7)影像学诊断费
EECBH002	生理刺激法介入脑血流灌注显像	EECBH003	生理刺激法负荷介入脑灌注断层显像			检查费	检查收入	2.诊断类：(7)影像学诊断费
EECBH003	物理干预法介入脑血流灌注显像	EECBH004	物理干预法负荷介入脑灌注断层显像			检查费	检查收入	2.诊断类：(7)影像学诊断费
EECBH004	药物干预法介入脑血流灌注显像	EECBH005	药物法负荷介入脑灌注断层显像			检查费	检查收入	2.诊断类：(7)影像学诊断费
		EECDC001	甲状腺断层显像			检查费	检查收入	2.诊断类：(7)影像学诊断费
		EECDD001	甲状旁腺断层显像			检查费	检查收入	2.诊断类：(7)影像学诊断费
EECDF001	肾上腺髓质显像	EECDF001	肾上腺髓质断层显像	230300004	肾上腺髓质断层显象	检查费	检查收入	2.诊断类：(7)影像学诊断费
EECJE001	SPECT肺灌注断层显像	EECJE001	肺断层显像	230300001	脏器断层显像	检查费	检查收入	2.诊断类：(7)影像学诊断费
		EECKC001	静息心肌灌注断层显像	230400003	静息心肌灌注断层显象	检查费	检查收入	2.诊断类：(7)影像学诊断费
				230400006	心脏神经受体断层显象	检查费	检查收入	2.诊断类：(7)影像学诊断费
				230400009	神经受体显象	检查费	检查收入	2.诊断类：(7)影像学诊断费
		EECKC002	运动法负荷心肌灌注断层显像	230300005	负荷心肌灌注断层显象	检查费	检查收入	2.诊断类：(7)影像学诊断费
		EECKC003	药物法负荷心肌灌注断层显像			检查费	检查收入	2.诊断类：(7)影像学诊断费
EECJT001	SPECT胸部节段性显像					检查费	检查收入	2.诊断类：(7)影像学诊断费
EECKD001	运动法负荷心肌灌注显像	EEAKC003	运动试验法负荷心肌灌注显像	230200013	负荷心肌灌注显象	检查费	检查收入	2.诊断类：(7)影像学诊断费
EECKV001	冠状动脉光学相干断层成像	FKU01202	冠脉光学相干断层扫描(OCT)检查			检查费	检查收入	2.诊断类：(7)影像学诊断费
		EECNB001	脾断层显像			检查费	检查收入	2.诊断类：(7)影像学诊断费
EECQA001	SPECT肝断层显像	EECQA001	肝断层显像			检查费	检查收入	2.诊断类：(7)影像学诊断费
EECQT001	SPECT腹部节段性显像					检查费	检查收入	2.诊断类：(7)影像学诊断费
EECQU001	SPECT盆部节段性显像					检查费	检查收入	2.诊断类：(7)影像学诊断费
EECTG001	宫颈光学相干断层成像					检查费	检查收入	2.诊断类：(7)影像学诊断费
EECX6001	SPECT骨关节断层显像	EECX6001	骨断层显像			检查费	检查收入	2.诊断类：(7)影像学诊断费
EECZX001	炎症断层显像	EECZX001	炎症断层显像			检查费	检查收入	2.诊断类：(7)影像学诊断费
EECZX002	亲肿瘤断层显像	EECZX002	亲肿瘤断层显像			检查费	检查收入	2.诊断类：(7)影像学诊断费
EECZX003	放射免疫断层显像	EECZX003	放射免疫断层显像			检查费	检查收入	2.诊断类：(7)影像学诊断费
EECZX004	放射受体断层显像	EECZX004	放射受体断层显像	230200060	放射受体显象	检查费	检查收入	2.诊断类：(7)影像学诊断费
		EECZX005	氟[18F]-脱氧葡萄糖断层显像	230300003	18氟－脱氧葡萄糖断层显象	检查费	检查收入	2.诊断类：(7)影像学诊断费
EECZZ001	断层成像诊断报告					检查费	检查收入	2.诊断类：(7)影像学诊断费
EED	4.断层融合显像							
EEDJE001	SPECT/CT肺灌注显像	EEDJE001	SPECT/CT肺断层显像	230300001	脏器断层显像	检查费	检查收入	2.诊断类：(7)影像学诊断费
EEDJT001	SPECT/CT胸部节段性显像					检查费	检查收入	2.诊断类：(7)影像学诊断费
EEDKD001	SPECT/CT静息心肌显像	EEDKC001	SPECT/CT静息心肌灌注断层显像			检查费	检查收入	2.诊断类：(7)影像学诊断费
		EEDKC002	运动法SPECT/CT负荷心肌灌注断层显像	230400004	负荷心肌灌注断层显象	检查费	检查收入	2.诊断类：(7)影像学诊断费
		EEDKC003	药物法SPECT/CT负荷心肌灌注断层显像			检查费	检查收入	2.诊断类：(7)影像学诊断费
EEDQA001	SPECT/CT肝显像	EEDQA001	SPECT/CT肝断层显像			检查费	检查收入	2.诊断类：(7)影像学诊断费
EEDQT001	SPECT/CT腹部节段性显像					检查费	检查收入	2.诊断类：(7)影像学诊断费
EEDQU001	SPECT/CT盆部节段性显像					检查费	检查收入	2.诊断类：(7)影像学诊断费
EEDX6001	SPECT/CT骨关节断层显像	EEDX6001	SPECT/CT骨断层显像			检查费	检查收入	2.诊断类：(7)影像学诊断费
		EEDBH002	人为干预法SPECT/CT负荷介入脑灌注断层显像			检查费	检查收入	2.诊断类：(7)影像学诊断费
		EEDBH003	生理刺激法SPECT/CT负荷介入脑灌注断层显像			检查费	检查收入	2.诊断类：(7)影像学诊断费
		EEDBH004	物理干预法SPECT/CT负荷介入脑灌注断层显像			检查费	检查收入	2.诊断类：(7)影像学诊断费
		EEDBH005	药物法SPECT/CT负荷介入脑灌注断层显像			检查费	检查收入	2.诊断类：(7)影像学诊断费
		EEDZX001	SPECT/CT炎症断层显像			检查费	检查收入	2.诊断类：(7)影像学诊断费
		EEDZX002	SPECT/CT亲肿瘤断层显像			检查费	检查收入	2.诊断类：(7)影像学诊断费
		EEDZX003	SPECT/CT放射免疫断层显像			检查费	检查收入	2.诊断类：(7)影像学诊断费
		EEDZX004	SPECT/CT放射受体断层显像	230200060	放射受体显象	检查费	检查收入	2.诊断类：(7)影像学诊断费
		EEDZX005	SPECT/CT生长抑素受体显像			检查费	检查收入	2.诊断类：(7)影像学诊断费
		EEDBH001	SPECT/CT脑断层显像			检查费	检查收入	2.诊断类：(7)影像学诊断费
		EEDDC001	SPECT/CT甲状腺断层显像			检查费	检查收入	2.诊断类：(7)影像学诊断费
		EEDDD001	SPECT/CT甲状旁腺断层显像			检查费	检查收入	2.诊断类：(7)影像学诊断费
		EEDDF001	SPECT/CT肾上腺髓质断层显像			检查费	检查收入	2.诊断类：(7)影像学诊断费
EEDX6002	体腔/关节腔显像					检查费	检查收入	2.诊断类：(7)影像学诊断费
EEDZY001	全身SPECT/CT显像					检查费	检查收入	2.诊断类：(7)影像学诊断费
EEDZZ001	融合成像诊断报告					检查费	检查收入	2.诊断类：(7)影像学诊断费
EEF	5.正电子发射断层融合显像							
		EEEZY001	PET肿瘤全身断层显像	230400007	肿瘤全身断层显象	检查费	检查收入	2.诊断类：(7)影像学诊断费
		EEEZX001	PET肿瘤局部断层显像	230400008	肿瘤局部断层显象	检查费	检查收入	2.诊断类：(7)影像学诊断费
		EEEBC001	PET脑代谢断层显像	230400002	脑代谢断层显象	检查费	检查收入	2.诊断类：(7)影像学诊断费
		EEEBH001	PET脑血流断层显像	230400001	脑血流断层显象	检查费	检查收入	2.诊断类：(7)影像学诊断费
		EEEKC001	PET静息心肌灌注断层显像			检查费	检查收入	2.诊断类：(7)影像学诊断费
		EEEKC002	PET心肌代谢断层显像	230400005	心肌代谢断层显象	检查费	检查收入	2.诊断类：(7)影像学诊断费
		EEEKC003	运动法PET负荷心肌灌注显像			检查费	检查收入	2.诊断类：(7)影像学诊断费
		EEEKC004	药物法PET负荷心肌灌注显像			检查费	检查收入	2.诊断类：(7)影像学诊断费
EEFBC001	PET/CT脑代谢显像	EEFBC001	PET/CT脑代谢显像			检查费	检查收入	2.诊断类：(7)影像学诊断费
EEFBC002	PET/MR脑代谢显像					检查费	检查收入	2.诊断类：(7)影像学诊断费
EEFBH001	PET/CT脑血流灌注显像	EEFBH001	PET/CT脑血流显像	230400001	脑血流断层显象	检查费	检查收入	2.诊断类：(7)影像学诊断费
EEFBH002	PET/MR脑血流显像					检查费	检查收入	2.诊断类：(7)影像学诊断费
EEFHY001	PET/CT颈部节段性显像	EEFZX001	PET/CT肿瘤局部显像			检查费	检查收入	2.诊断类：(7)影像学诊断费
EEFHY002	PET/MR颈部节段性显像					检查费	检查收入	2.诊断类：(7)影像学诊断费
EEFJT001	PET/CT胸部节段性显像					检查费	检查收入	2.诊断类：(7)影像学诊断费
EEFJT002	PET/MR胸部节段性显像					检查费	检查收入	2.诊断类：(7)影像学诊断费
EEFKD001	PET/CT静息心肌灌注显像	EEFKC001	PET/CT静息心肌灌注显像			检查费	检查收入	2.诊断类：(7)影像学诊断费
EEFKD002	PET/MR心肌灌注显像					检查费	检查收入	2.诊断类：(7)影像学诊断费
EEFKD003	PET/CT药物负荷心肌灌注显像	EEFKC003	药物法PET/CT负荷心肌灌注显像			检查费	检查收入	2.诊断类：(7)影像学诊断费
		EEFKC002	运动法PET/CT负荷心肌灌注显像			检查费	检查收入	2.诊断类：(7)影像学诊断费
EEFKD004	PET/MR负荷心肌灌注断层显像					检查费	检查收入	2.诊断类：(7)影像学诊断费
EEFKD005	PET/CT心肌代谢显像					检查费	检查收入	2.诊断类：(7)影像学诊断费
EEFKD006	PET/MR心肌代谢显像					检查费	检查收入	2.诊断类：(7)影像学诊断费
EEFQT001	PET/CT腹部节段性显像					检查费	检查收入	2.诊断类：(7)影像学诊断费
EEFQT002	PET/MR腹部节段性显像					检查费	检查收入	2.诊断类：(7)影像学诊断费
EEFQU001	PET/CT盆部节段性显像					检查费	检查收入	2.诊断类：(7)影像学诊断费
EEHQU002	PET/MR盆部节段性显像					检查费	检查收入	2.诊断类：(7)影像学诊断费
EEFXA001	PET/CT双下肢显像					检查费	检查收入	2.诊断类：(7)影像学诊断费
EEFXA002	PET/MR双下肢显像					检查费	检查收入	2.诊断类：(7)影像学诊断费
EEFZJ001	PET/CT躯干显像					检查费	检查收入	2.诊断类：(7)影像学诊断费
EEFZJ002	PET/MR躯干显像					检查费	检查收入	2.诊断类：(7)影像学诊断费
EEFZJ003	PET/CT躯干+脑显像					检查费	检查收入	2.诊断类：(7)影像学诊断费
EEFZJ004	PET/MR躯干+脑显像					检查费	检查收入	2.诊断类：(7)影像学诊断费
EEFZX001	PET/MR肿瘤局部显像					检查费	检查收入	2.诊断类：(7)影像学诊断费
EEFZY001	PET/CT全身显像			230400010	正电子发射计算机断层－X线计算机体层综合显像(PET/CT)	检查费	检查收入	2.诊断类：(7)影像学诊断费
		EEFZX001	PET/CT肿瘤局部显像			检查费	检查收入	2.诊断类：(7)影像学诊断费
		EEFZY001	PET/CT肿瘤全身显像	230400007	肿瘤全身断层显象	检查费	检查收入	2.诊断类：(7)影像学诊断费
EEFZY002	PET/MR全身显像					检查费	检查收入	2.诊断类：(7)影像学诊断费
EEG	6.核素功能试验							
EEGDC001	甲状腺摄[碘-131]试验	EEGDC001	甲状腺摄碘试验	230500002	甲状腺摄131碘试验	检查费	检查收入	2.诊断类：(7)影像学诊断费
				230500001	脑血流测定	检查费	检查收入	2.诊断类：(7)影像学诊断费
EEGDC002	甲状腺激素抑制试验	EEGDC002	甲状腺激素抑制试验	230500003	甲状腺激素抑制试验	检查费	检查收入	2.诊断类：(7)影像学诊断费
EEGDC003	过氯酸盐释放试验	EEGDC003	过氯酸钾释放试验	230500004	过氯酸钾释放试验	检查费	检查收入	2.诊断类：(7)影像学诊断费
EEGND001	红细胞容量测定	EEGND001	红细胞容量测定	230500006	血容量测定	检查费	检查收入	2.诊断类：(7)影像学诊断费
EEGND002	红细胞寿命测定	EEGND003	红细胞寿命测定	230500007	红细胞寿命测定	检查费	检查收入	2.诊断类：(7)影像学诊断费
EEGND003	血浆容量测定	EEGND002	血浆容量测定	230500006	血容量测定	检查费	检查收入	2.诊断类：(7)影像学诊断费
EEGPD001	尿素呼气试验	EEGJZ001	碳[14C]呼气试验	230500014	14碳呼气试验	检查费	检查收入	2.诊断类：(7)影像学诊断费
EEGRB001	肾图检查	EEGRB001	肾图检查	230500008	肾图	检查费	检查收入	2.诊断类：(7)影像学诊断费
EEGRB002	介入肾图检查	EEGRB002	介入肾图检查	230500009	介入肾图	检查费	检查收入	2.诊断类：(7)影像学诊断费
EEGRB003	肾图+肾小球滤过率测定	EEGRB003	肾图+肾小球滤过率测定	230500010	肾图＋肾小球滤过率测定	检查费	检查收入	2.诊断类：(7)影像学诊断费
EEGRB004	肾图+肾有效血浆流量测定	EEGRB004	肾图+肾有效血浆流量测定	230500011	肾图＋肾有效血浆流量测定	检查费	检查收入	2.诊断类：(7)影像学诊断费
EZZ	(六)其他成像检查							
EZZBC001	近红外脑功能定量检查					检查费	检查收入	2.诊断类：(7)影像学诊断费
EZZES001	多光谱眼底分层成像(RHA)					检查费	检查收入	2.诊断类：(7)影像学诊断费
EZZHM001	口内数字化三维扫描					检查费	检查收入	2.诊断类：(7)影像学诊断费
EZZZX001	红外热象检查	EZZZX001	红外热象检查	210500001	红外热象检查	检查费	检查收入	2.诊断类：(7)影像学诊断费
				210500002	红外线乳腺检查	检查费	检查收入	2.诊断类：(7)影像学诊断费
		EZZYA001	计算机断层扫描激光乳腺成像检查	210500003	计算机断层扫描激光乳腺成像	检查费	检查收入	2.诊断类：(7)影像学诊断费
EZZZX002	局部热断层成像检查	EZZZX002	局部热断层成像检查			检查费	检查收入	2.诊断类：(7)影像学诊断费
		EZZZY001	全身热断层成像检查			检查费	检查收入	2.诊断类：(7)影像学诊断费
F	五、临床诊查							
FB	(一)神经系统							
FBA1E301	有创颅内压监测	FBA05301	有创颅内压监测	310100014	颅内压监测	检查费	检查收入	2.诊断类：(8)临床诊断项目费
				311202002	新生儿测颅压	检查费	检查收入	2.诊断类：(8)临床诊断项目费
FBA1E701	32导颅内电极脑电图录像监测	FBC05702	32导颅内电极脑电图录像监测			检查费	检查收入	2.诊断类：(8)临床诊断项目费
FBA1E702	64导颅内电极脑电图录像监测	FBC05703	64导颅内电极脑电图录像监测			检查费	检查收入	2.诊断类：(8)临床诊断项目费
FBA1E703	128导颅内电极脑电图录像监测	FBC05704	128导颅内电极脑电图录像监测			检查费	检查收入	2.诊断类：(8)临床诊断项目费
FBA1E704	256导颅内电极脑电图录像监测	FBC05705	256导颅内电极脑电图录像监测			检查费	检查收入	2.诊断类：(8)临床诊断项目费
		FBC03707	脑电图录像检查			检查费	检查收入	2.诊断类：(8)临床诊断项目费
		FBC03712	视觉刺激P300检查	310100011	事件相关电位	检查费	检查收入	2.诊断类：(8)临床诊断项目费
		FBC03713	视觉刺激P400检查			检查费	检查收入	2.诊断类：(8)临床诊断项目费
		FBC03717	脑电超慢涨落分析	311502007	脑功能检查	检查费	检查收入	2.诊断类：(8)临床诊断项目费
FBC1A101	蝶骨电极脑电图检查	FBC03101	蝶骨电极脑电图检查	310100002	特殊脑电图	检查费	检查收入	2.诊断类：(8)临床诊断项目费
FBC1A102	线性蝶骨软电极脑电图检查	FBC03102	线性蝶骨软电极脑电图检查			检查费	检查收入	2.诊断类：(8)临床诊断项目费
FBC1A401	鼻咽电极脑电图检查	FBC03401	鼻咽电极脑电图检查			检查费	检查收入	2.诊断类：(8)临床诊断项目费
FBC1A701	视觉刺激检查	FBC03711	视觉刺激N270检查	310100011	事件相关电位	检查费	检查收入	2.诊断类：(8)临床诊断项目费
FBC1A702	听觉刺激检查	FBC03714	听觉刺激P300检查			检查费	检查收入	2.诊断类：(8)临床诊断项目费
FBC1A703	体感刺激检查	FBC03715	体感刺激P300检查	310100011	事件相关电位	检查费	检查收入	2.诊断类：(8)临床诊断项目费
FBC1A704	脑电成像检查					检查费	检查收入	2.诊断类：(8)临床诊断项目费
FBC1A705	睡眠脑电图					检查费	检查收入	2.诊断类：(8)临床诊断项目费
FBC1A706	16导常规脑电图检查	FBC03701	16导常规脑电图检查	310100001	脑电图	检查费	检查收入	2.诊断类：(8)临床诊断项目费
FBC1A707	32导常规脑电图检查	FBC03702	32导常规脑电图检查			检查费	检查收入	2.诊断类：(8)临床诊断项目费
FBC1A708	64导脑电图检查	FBC03703	64导脑电图检查	310100001	脑电图	检查费	检查收入	2.诊断类：(8)临床诊断项目费
FBC1A709	128导脑电图检查	FBC03704	128导脑电图检查			检查费	检查收入	2.诊断类：(8)临床诊断项目费
FBC1A710	闪光刺激诱发脑电图检查	FBC03705	闪光刺激诱发脑电图检查			检查费	检查收入	2.诊断类：(8)临床诊断项目费
FBC1A711	动态脑电图检查	FBC03706	动态脑电图检查	310100004	动态脑电图	检查费	检查收入	2.诊断类：(8)临床诊断项目费
FBC1A712	脑磁图检查	FBC03709	脑磁图检查	310100006	脑磁图	检查费	检查收入	2.诊断类：(8)临床诊断项目费
FBC1A713	脑电地形图检查	FBC03710	脑电地形图检查	310100003	脑地形图	检查费	检查收入	2.诊断类：(8)临床诊断项目费
FBC1E701	视频脑电图监测	FBC05701	脑电图录像监测	310100005	脑电图录象监测	检查费	检查收入	2.诊断类：(8)临床诊断项目费
FBC1E702	脑电双频指数监测	FBC05706	脑电双频指数监测			检查费	检查收入	2.诊断类：(8)临床诊断项目费
FBF1A701	脑干听觉诱发电位检查	FBF03701	脑干听觉诱发电位检查	310100012	脑干听觉诱发电位	检查费	检查收入	2.诊断类：(8)临床诊断项目费
FBF1E701	脑干听觉诱发电位术中监测	KBF28701	脑干听觉诱发电位术中监护			检查费	检查收入	2.诊断类：(8)临床诊断项目费
FCA1A101	盆底定量肌电图检查	FCA03101	盆底定量肌电图检查	310100024	单纤维肌电图	检查费	检查收入	2.诊断类：(8)临床诊断项目费
FCA1A701	头面部肌电图检查	FCA03710	肌电图监测	310100025	肌电图监测	检查费	检查收入	2.诊断类：(8)临床诊断项目费
FCA1A702	单纤维肌电图检查	FCA03701	单纤维肌电图检查	310100024	单纤维肌电图	检查费	检查收入	2.诊断类：(8)临床诊断项目费
FCA1A703	同心圆针极肌电图检查	FCA03702	同心圆针极肌电图检查	310100023	肌电图	检查费	检查收入	2.诊断类：(8)临床诊断项目费
				310100026	多轨迹断层肌电图	检查费	检查收入	2.诊断类：(8)临床诊断项目费
FCA1B701	运动单位计数	FCA03703	运动单位计数			检查费	检查收入	2.诊断类：(8)临床诊断项目费
FCA1C701	感觉神经传导速度测定	FCA03705	感觉神经传导速度测定	310100007	神经传导速度测定	检查费	检查收入	2.诊断类：(8)临床诊断项目费
FCA1C702	运动神经传导速度测定	FCA03704	运动神经传导速度测定			检查费	检查收入	2.诊断类：(8)临床诊断项目费
FCA1C703	神经传导测定-寸移法	FCA03706	神经传导测定-寸移法			检查费	检查收入	2.诊断类：(8)临床诊断项目费
FCA1C704	F波测定	FCA03707	F波测定	310100008	神经电图	检查费	检查收入	2.诊断类：(8)临床诊断项目费
FCA1C705	H反射测定	FCA03708	H反射			检查费	检查收入	2.诊断类：(8)临床诊断项目费
FCA1C706	定量感觉测定	FCA03709	定量感觉测定	310100015	感觉阈值测量	检查费	检查收入	2.诊断类：(8)临床诊断项目费
FCA1E701	体感诱发电位术中监测	KBS28701	体感诱发电位术中监护			检查费	检查收入	2.诊断类：(8)临床诊断项目费
FCH1A701	面神经肌电图检查	FCH03701	面神经肌电图检查	310504003	面神经肌电图检查	检查费	检查收入	2.诊断类：(8)临床诊断项目费
				310504001	面神经功能主观检测	检查费	检查收入	2.诊断类：(8)临床诊断项目费
FCH1A702	面神经功能电脑检查	FCH03702	面神经功能电脑检测	310504002	面神经功能电脑检测	检查费	检查收入	2.诊断类：(8)临床诊断项目费
FCV1C701	阴部神经传导测定	FCV03701	阴部神经传导测定			检查费	检查收入	2.诊断类：(8)临床诊断项目费
FCW1A701	心脏自主神经功能检查	FCW01701	心脏自主神经功能检查	310100021	植物神经功能检查	检查费	检查收入	2.诊断类：(8)临床诊断项目费
FCW1C401	盆底副交感神经反应测定	FCW03401	盆底副交感神经反应测定			检查费	检查收入	2.诊断类：(8)临床诊断项目费
FCW1C701	盆底交感神经反应测定	FCW03702	盆底交感神经反应测定	310100021	植物神经功能检查	检查费	检查收入	2.诊断类：(8)临床诊断项目费
FCW1C702	皮肤交感反应测定	FCW03701	皮肤交感反应			检查费	检查收入	2.诊断类：(8)临床诊断项目费
		FCZ05101	术中神经电生理监测	310100013	术中颅神经监测	手术费	手术收入	3.治疗类：(10)手术治疗费
FCZ1A701	盆底磁刺激运动诱发电位检查	FCZ03703	盆底磁刺激运动诱发电位检查			检查费	检查收入	2.诊断类：(8)临床诊断项目费
FCZ1A702	阴部神经诱发电位检查	FCZ03706	阴部神经诱发电位检查	310100009	体感诱发电位	检查费	检查收入	2.诊断类：(8)临床诊断项目费
FCZ1A703	重复神经电刺激检查	FCZ03710	重复神经电刺激检查			检查费	检查收入	2.诊断类：(8)临床诊断项目费
FCZ1A704	肢体运动诱发电位检查	FCZ03701	上肢运动诱发电位检查	310100010	运动诱发电位	检查费	检查收入	2.诊断类：(8)临床诊断项目费
		FCZ03702	下肢运动诱发电位检查			检查费	检查收入	2.诊断类：(8)临床诊断项目费
FCZ1A705	肢体体感诱发电位检查	FCZ03704	上肢体感诱发电位检查	310100009	体感诱发电位	检查费	检查收入	2.诊断类：(8)临床诊断项目费
		FCZ03705	下肢体感诱发电位检查			检查费	检查收入	2.诊断类：(8)临床诊断项目费
FCZ1A706	肢体热痛觉诱发电位检查	FCZ03707	上肢触热痛觉诱发电位检查			检查费	检查收入	2.诊断类：(8)临床诊断项目费
		FCZ03708	下肢触热痛觉诱发电位检查			检查费	检查收入	2.诊断类：(8)临床诊断项目费
FCZ1C701	瞬目反射测定	FCZ03711	瞬目反射			检查费	检查收入	2.诊断类：(8)临床诊断项目费
FCZ1D701	半定量音叉传导试验	FCZ04701	半定量音叉传导试验			检查费	检查收入	2.诊断类：(8)临床诊断项目费
FD	(二)内分泌系统							
FDA-FDB	1.下丘脑—垂体							
FDA1D201	精氨酸兴奋试验	FDA04206	精氨酸兴奋试验	310201006	精氨酸试验	检查费	检查收入	2.诊断类：(8)临床诊断项目费
FDA1D202	甲氧氯普胺兴奋催乳素动态试验	FDA04208	甲氧氯普胺兴奋催乳素(PRL)动态试验	310201007	各种药物兴奋泌乳素(PRL)动态试验	检查费	检查收入	2.诊断类：(8)临床诊断项目费
FDA1D203	人绒毛膜促性腺激素兴奋试验	FDA04207	人绒毛膜促性腺激素(HCG)兴奋试验	310208002	人绒毛膜促性腺激素兴奋试验	检查费	检查收入	2.诊断类：(8)临床诊断项目费
FDA1D204	促甲状腺激素释放激素兴奋试验	FDA04202	促甲状腺激素释放激素(TRH)兴奋试验	310201002	促甲状腺释放激素兴奋试验(TRH)	检查费	检查收入	2.诊断类：(8)临床诊断项目费
FDA1D205	促甲状腺激素释放激素兴奋催乳素动态试验	FDA04209	药物兴奋催乳素(PRL)动态试验	310201007	各种药物兴奋泌乳素(PRL)动态试验	检查费	检查收入	2.诊断类：(8)临床诊断项目费
		FDA04403	左旋多巴抑制催乳素(PRL)试验	310202002	兴奋泌乳素(PRL)抑制试验	检查费	检查收入	2.诊断类：(8)临床诊断项目费
FDA1D206	促肾上腺皮质激素释放激素兴奋试验	FDA04203	促肾上腺皮质激素释放激素(CRF)兴奋试验	310201003	促肾上腺释放激素兴奋试验(CRF)	检查费	检查收入	2.诊断类：(8)临床诊断项目费
FDA1D207	生长激素释放激素兴奋试验	FDA04201	生长激素释放激素(GRH)兴奋试验	310201001	生长激素释放激素兴奋试验(GRH)	检查费	检查收入	2.诊断类：(8)临床诊断项目费
FDA1D208	促性腺激素释放激素兴奋试验	FDA04204	促性腺激素释放激素(GnRH)兴奋试验	310201004	促性腺释放激素兴奋试验(GnRH)	检查费	检查收入	2.诊断类：(8)临床诊断项目费
FDA1D209	胰岛素低血糖兴奋试验	FDA04205	胰岛素低血糖兴奋试验	310201005	胰岛素低血糖兴奋试验	检查费	检查收入	2.诊断类：(8)临床诊断项目费
FDA1D401	水负荷试验	FDA04402	水负荷试验	310203004	水负荷试验	检查费	检查收入	2.诊断类：(8)临床诊断项目费
		FDA04210	高渗盐水试验-静脉法	310203003	高渗盐水试验	检查费	检查收入	2.诊断类：(8)临床诊断项目费
		FDA04401	高渗盐水试验-口服法			检查费	检查收入	2.诊断类：(8)临床诊断项目费
FDA1D402	24小时尿比重渗透压试验	FDA04406	24小时尿比重渗透压试验	230500012	24小时尿131碘排泄试验	检查费	检查收入	2.诊断类：(8)临床诊断项目费
				230500013	消化道动力测定	检查费	检查收入	2.诊断类：(7)影像学诊断费
FDA1D403	溴隐亭抑制催乳素试验	FDA04404	溴隐停抑制催乳素(PRL)试验	310202002	兴奋泌乳素(PRL)抑制试验	检查费	检查收入	2.诊断类：(8)临床诊断项目费
FDA1D404	葡萄糖抑制生长激素试验	FDA04405	葡萄糖抑制生长激素(GH)试验	310202001	葡萄糖抑制(GH)试验	检查费	检查收入	2.诊断类：(8)临床诊断项目费
FDA1D901	禁水试验	FDA04901	禁水试验	310203001	禁水试验	检查费	检查收入	2.诊断类：(8)临床诊断项目费
FDA1D902	禁水-加压素试验	FDA04902	禁水加压素试验	310203002	禁水加压素试验	检查费	检查收入	2.诊断类：(8)临床诊断项目费
FDA1D903	去氨加压素试验	FDA04904	醋酸去氨加压素试验			检查费	检查收入	2.诊断类：(8)临床诊断项目费
		FDA04903	去氨加压素(DDAVP)治疗试验	310203005	去氨加压素(DDAVP)治疗试验	检查费	检查收入	2.诊断类：(8)临床诊断项目费
FDB1F201	双侧岩下窦静脉采血垂体激素水平比较分析	FDB06201	双侧岩下窦静脉采血比较垂体激素水平			检查费	检查收入	2.诊断类：(8)临床诊断项目费
FDC	2.甲状腺							
FDC1D201	五肽胃泌素激发试验	FDC04201	五肽胃泌素激发试验			检查费	检查收入	2.诊断类：(8)临床诊断项目费
FDC1D401	三碘甲状腺原氨酸抑制试验	FDC04401	三碘甲状腺原氨酸(T3)抑制试验			检查费	检查收入	2.诊断类：(8)临床诊断项目费
FDC1D402	甲状腺素抑制试验	FDC04402	甲状腺素(T4)抑制试验			检查费	检查收入	2.诊断类：(8)临床诊断项目费
FDC1K101	经皮甲状腺针吸细胞活检术	FDC07101	甲状腺针吸细胞活检术			检查费	检查收入	2.诊断类：(8)临床诊断项目费
FDC1K102	甲状腺结节穿刺术	HDC45101	甲状腺囊肿穿刺引流术			检查费	检查收入	2.诊断类：(8)临床诊断项目费
FDD	3.甲状旁腺							
FDC6D101	经皮甲状腺穿刺组织活检术	FDC07102	甲状腺穿刺组织活检术	330300007	甲状腺穿刺活检术	检查费	检查收入	2.诊断类：(8)临床诊断项目费
FDD1C101	术中甲状旁腺快速识别					检查费	检查收入	2.诊断类：(8)临床诊断项目费
FDD1D401	磷廓清试验-2小时法	FDD04401	磷廓清试验-2小时法	310204004	磷清除试验	检查费	检查收入	2.诊断类：(8)临床诊断项目费
		FDD04402	磷廓清试验-3日法			检查费	检查收入	2.诊断类：(8)临床诊断项目费
				310204003	肾小管磷重吸收试验	检查费	检查收入	2.诊断类：(8)临床诊断项目费
FDD1D402	中性磷负荷试验	FDD04403	中性磷负荷试验			检查费	检查收入	2.诊断类：(8)临床诊断项目费
FDD1D901	钙耐量试验	FDD04901	钙耐量试验	310204001	钙耐量试验	检查费	检查收入	2.诊断类：(8)临床诊断项目费
FDD1D902	低钙试验	FDD04902	低钙试验	310204005	低钙试验	检查费	检查收入	2.诊断类：(8)临床诊断项目费
		FDD04201	快速钙滴注抑制试验	310204002	快速钙滴注抑制试验	检查费	检查收入	2.诊断类：(8)临床诊断项目费
		FDD04903	低磷试验	310204006	低磷试验	检查费	检查收入	2.诊断类：(8)临床诊断项目费
FDE	4.胰岛							
FDE1D201	静脉推注葡萄糖耐量试验(IVGTT)-10分钟法	FDE04201	静脉推注葡萄糖耐量试验(IVGTT)	310205001	葡萄糖耐量试验	检查费	检查收入	2.诊断类：(8)临床诊断项目费
FDE1D202	静脉推注葡萄糖耐量试验(IVGTT)-延长法	FDE04202	静脉推注葡萄糖耐量试验(IVGTT)-延长法			检查费	检查收入	2.诊断类：(8)临床诊断项目费
		FDE04203	静脉推注葡萄糖胰岛素释放实验			检查费	检查收入	2.诊断类：(8)临床诊断项目费
		FDE04204	静脉推注葡萄糖胰岛素释放试验-延长法			检查费	检查收入	2.诊断类：(8)临床诊断项目费
FDE1D203	胰高糖素C肽刺激试验	FDE04207	胰高糖素C肽刺激试验	310205005	胰高血糖素试验	检查费	检查收入	2.诊断类：(8)临床诊断项目费
		FDE04205	静脉推注葡萄糖C肽释放实验	250310042	C肽兴奋试验	检查费	检查收入	2.诊断类：(8)临床诊断项目费
		FDE04206	静脉推注葡萄糖C肽释放实验-延长法			检查费	检查收入	2.诊断类：(8)临床诊断项目费
		FDE04408	3小时口服葡萄糖C肽释放试验			检查费	检查收入	2.诊断类：(8)临床诊断项目费
		FDE04409	5小时口服葡萄糖C肽释放试验			检查费	检查收入	2.诊断类：(8)临床诊断项目费
		FDE04410	馒头餐C肽释放试验			检查费	检查收入	2.诊断类：(8)临床诊断项目费
FDE1D204	高葡萄糖钳夹试验					检查费	检查收入	2.诊断类：(8)临床诊断项目费
FDE1D401	口服葡萄糖耐量试验(OGTT)-3小时法	FDE04401	口服葡萄糖耐量试验(OGTT)-3小时法	310205001	葡萄糖耐量试验	检查费	检查收入	2.诊断类：(8)临床诊断项目费
FDE1D402	口服葡萄糖耐量试验(OGTT)-5小时法	FDE04402	口服葡萄糖耐量试验(OGTT)-5小时法			检查费	检查收入	2.诊断类：(8)临床诊断项目费
		FDE04405	口服葡萄糖胰岛素释放试验－3小时法			检查费	检查收入	2.诊断类：(8)临床诊断项目费
		FDE04406	口服葡萄糖胰岛素释放试验－5小时法	310205004	胰岛素释放试验	检查费	检查收入	2.诊断类：(8)临床诊断项目费
		FDE04407	口服葡萄糖胰岛功能相关激素释放试验			检查费	检查收入	2.诊断类：(8)临床诊断项目费
FDE1D403	馒头餐糖耐量试验	FDE04403	馒头餐糖耐量试验	310205002	馒头餐糖耐量试验	检查费	检查收入	2.诊断类：(8)临床诊断项目费
		FDE04404	馒头餐胰岛功能相关激素释放试验	310205010	D-木糖耐量测定	检查费	检查收入	2.诊断类：(8)临床诊断项目费
				310205003	可的松糖耐量试验	检查费	检查收入	2.诊断类：(8)临床诊断项目费
FDE1D901	高胰岛素-正葡萄糖钳夹试验	FDE04901	胰岛素钳夹试验	310205005	胰高血糖素试验	检查费	检查收入	2.诊断类：(8)临床诊断项目费
				310205006	甲苯磺丁脲(D860)试验	化验费	化验收入	2.诊断类：(6)实验室诊断费
FDE1D902	饥饿试验	FDE04902	饥饿试验	310205007	饥饿试验	检查费	检查收入	2.诊断类：(8)临床诊断项目费
				310205008	电脑血糖监测	检查费	检查收入	2.诊断类：(8)临床诊断项目费
FDE1E201	动态血糖监测			310205009	连续动态血糖监测	检查费	检查收入	2.诊断类：(8)临床诊断项目费
FDF	5.肾上腺							
FDF1C201	昼夜皮质醇节律测定	FDF02201	昼夜皮质醇节律测定	310206001	昼夜皮质醇节律测定	检查费	检查收入	2.诊断类：(8)临床诊断项目费
FDF1D201	盐水输注试验	FDF04202	盐水输注试验			检查费	检查收入	2.诊断类：(8)临床诊断项目费
FDF1D202	酚妥拉明试验	FDF04203	酚妥拉明试验			检查费	检查收入	2.诊断类：(8)临床诊断项目费
				310207001	苄胺唑啉阻滞试验	检查费	检查收入	2.诊断类：(8)临床诊断项目费
FDF1D203	促肾上腺皮质激素兴奋试验-快速法	FDF04201	促肾上腺皮质激素(ACTH)兴奋试验-快速法	310206002	促肾上腺皮质激素(ACTH)兴奋试验	检查费	检查收入	2.诊断类：(8)临床诊断项目费
FDF1D401	地塞米松抑制试验	FDF04401	地塞米松抑制试验	310206004	地塞米松抑制试验	检查费	检查收入	2.诊断类：(8)临床诊断项目费
FDF1D403	地塞米松抑制试验-5日法	FDF04403	地塞米松抑制试验-5日法	310206004	地塞米松抑制试验	检查费	检查收入	2.诊断类：(8)临床诊断项目费
FDF1D402	过夜地塞米松抑制试验	FDF04402	过夜地塞米松抑制试验	310206003	过夜地塞米松抑制试验	检查费	检查收入	2.诊断类：(8)临床诊断项目费
FDF1D404	口服地塞米松醛固酮抑制试验	FDF04404	口服地塞米松醛固酮抑制试验			检查费	检查收入	2.诊断类：(8)临床诊断项目费
FDF1D405	皮质醇节律加过夜地塞米松抑制试验	FDF04405	皮质醇节律加过夜地塞米松抑制试验			检查费	检查收入	2.诊断类：(8)临床诊断项目费
FDF1D406	氟氢可的松抑制试验	FDF04406	氟氢可的松抑制试验			检查费	检查收入	2.诊断类：(8)临床诊断项目费
FDF1D407	水利尿试验	FDF04407	水利尿试验			检查费	检查收入	2.诊断类：(8)临床诊断项目费
FDF1D408	皮质素水试验	FDF04408	皮质素水试验	310206005	皮质素水试验	检查费	检查收入	2.诊断类：(8)临床诊断项目费
FDF1D409	醛固酮肾素测定卧立位试验	FDF04409	醛固酮肾素测定卧立位试验	310206006	醛固酮肾素测定卧立位试验	检查费	检查收入	2.诊断类：(8)临床诊断项目费
FDF1D410	醛固酮肾素比值测定试验	FDF04410	醛固酮肾素比值测定试验			检查费	检查收入	2.诊断类：(8)临床诊断项目费
FDF1D411	低钠试验	FDF04412	低钠试验	310206007	低钠试验	检查费	检查收入	2.诊断类：(8)临床诊断项目费
FDF1D412	高钠试验	FDF04413	高钠试验			检查费	检查收入	2.诊断类：(8)临床诊断项目费
				310206008	钾负荷试验	检查费	检查收入	2.诊断类：(8)临床诊断项目费
FDF1D413	赛庚啶试验	FDF04414	赛庚啶试验	310206010	赛庚啶试验	检查费	检查收入	2.诊断类：(8)临床诊断项目费
FDF1D414	安体舒通试验	FDF04415	安体舒通试验	310206009	安体舒通试验	检查费	检查收入	2.诊断类：(8)临床诊断项目费
FDF1D415	氨苯蝶啶试验	FDF04416	氨苯蝶啶试验	310206011	氨苯喋啶试验	检查费	检查收入	2.诊断类：(8)临床诊断项目费
FDF1D416	卡托普利试验	FDF04417	卡托普利试验	310206012	开搏通试验	检查费	检查收入	2.诊断类：(8)临床诊断项目费
FDF1D701	双侧岩下窦静脉取血促肾上腺皮质激素释放激素/去氨加压素					检查费	检查收入	2.诊断类：(8)临床诊断项目费
FDF1D901	兴奋试验促肾上腺皮质激素兴奋试验-传统法	FDF04901	促肾上腺皮质激素(ACTH)兴奋试验-传统法	310206002	促肾上腺皮质激素(ACTH)兴奋试验	检查费	检查收入	2.诊断类：(8)临床诊断项目费
FDF1F201	双侧肾上腺静脉采血肾上腺激素水平比较分析	FDF06201	双侧肾上腺静脉采血比较肾上腺激素水平			检查费	检查收入	2.诊断类：(8)临床诊断项目费
		FDF04204	可乐宁试验	310207002	可乐宁试验	检查费	检查收入	2.诊断类：(8)临床诊断项目费
		FDF04205	胰高糖素儿茶酚胺激发试验	310207003	胰高血糖素激发试验	检查费	检查收入	2.诊断类：(8)临床诊断项目费
		FDF04206	酪胺激发试验	310207006	酪胺激发试验	检查费	检查收入	2.诊断类：(8)临床诊断项目费
		FDF04411	口服钠负荷试验			检查费	检查收入	2.诊断类：(8)临床诊断项目费
		FDF04701	冷加压试验	310207004	冷加压试验	检查费	检查收入	2.诊断类：(8)临床诊断项目费
				310207005	组织胺激发试验	检查费	检查收入	2.诊断类：(8)临床诊断项目费
FDF6D101	肾上腺穿刺术					检查费	检查收入	2.诊断类：(8)临床诊断项目费
FDF6Q201	经皮穿刺选择性双侧肾上腺静脉取血术					检查费	检查收入	2.诊断类：(8)临床诊断项目费
FDZ	6.其他							
FDZ1C401	基础代谢率测定-仪器法	FDZ02401	基础代谢率测定-仪器法			检查费	检查收入	2.诊断类：(8)临床诊断项目费
FDZ1C901	基础代谢率测定-传统计算法	FDZ02901	基础代谢率测定-传统计算法			检查费	检查收入	2.诊断类：(8)临床诊断项目费
FDZ1F201	分段采血激素水平比较分析	FDZ06201	分段采血比较全身不同部位激素水平			检查费	检查收入	2.诊断类：(8)临床诊断项目费
FE	(三)眼部							
FEA1A701	普通远视力检查	FEA01701	普通远视力检查	310300001	普通视力检查	检查费	检查收入	2.诊断类：(8)临床诊断项目费
FEA1A702	普通近视力检查	FEA01702	普通近视力检查	310300001	普通视力检查	检查费	检查收入	2.诊断类：(8)临床诊断项目费
FEA1A703	光机能检查	FEA01703	光机能检查			检查费	检查收入	2.诊断类：(8)临床诊断项目费
FEA1A704	伪盲检查	FEA01704	伪盲检查			检查费	检查收入	2.诊断类：(8)临床诊断项目费
FEA1A705	特殊视力检查	FEA01705	特殊视力检查	310300002	特殊视力检查	检查费	检查收入	2.诊断类：(8)临床诊断项目费
FEA1A706	选择性观看检查	FEA01706	选择性观看检查	310300003	选择性观看检查	检查费	检查收入	2.诊断类：(8)临床诊断项目费
FEA1A707	阿姆斯勒(Amsler)表检查	FEA01708	阿姆斯勒(Amsler)表检查	310300006	阿姆斯勒(Amsler)表检查	检查费	检查收入	2.诊断类：(8)临床诊断项目费
FEA1A708	普通视野计检查	FEA01709	普通视野计检查			检查费	检查收入	2.诊断类：(8)临床诊断项目费
FEA1A709	视野检查-静态法	FEA01710	视野检查-静态法	310300005	视野检查	检查费	检查收入	2.诊断类：(8)临床诊断项目费
FEA1A710	视野检查-动态法	FEA01711	视野检查-动态法			检查费	检查收入	2.诊断类：(8)临床诊断项目费
FEA1A711	色觉检查-假同色图谱法	FEA01712	色觉检查-假同色图谱法	310300020	色觉检查	检查费	检查收入	2.诊断类：(8)临床诊断项目费
FEA1A712	色觉检查-色相排列法	FEA01713	色觉检查-色相排列法			检查费	检查收入	2.诊断类：(8)临床诊断项目费
FEA1A713	色觉镜色觉检查	FEA01714	色觉镜色觉检查			检查费	检查收入	2.诊断类：(8)临床诊断项目费
FEA1A714	印刷图片对比敏感度检查	FEA01715	印刷图片对比敏感度检查	310300021	对比敏感度检查	检查费	检查收入	2.诊断类：(8)临床诊断项目费
FEA1A715	对比敏感度仪检查	FEA01716	对比敏感度仪检查			检查费	检查收入	2.诊断类：(8)临床诊断项目费
FEA1A716	注视性质检查	FEA01719	注视性质检查	310300025	注视性质检查	检查费	检查收入	2.诊断类：(8)临床诊断项目费
FEA1A717	主眼检查	FEA01725	主眼检查	310300010	主导眼检查	检查费	检查收入	2.诊断类：(8)临床诊断项目费
FEA1A718	裂隙灯检查	FEA01726	裂隙灯检查	310300048	裂隙灯检查	检查费	检查收入	2.诊断类：(8)临床诊断项目费
FEA1A719	双眼视觉检查	FEA01727	双眼视觉检查	310300019	双眼视觉检查	检查费	检查收入	2.诊断类：(8)临床诊断项目费
FEA1A720	眼像差检查	FEA01728	眼像差检查	310300026	眼象差检查	检查费	检查收入	2.诊断类：(8)临床诊断项目费
FEA1A721	复视检查	FEA01729	复视检查	310300012	复视检查	检查费	检查收入	2.诊断类：(8)临床诊断项目费
FEA1A722	三棱镜斜视度检查	FEA01730	三棱镜斜视度检查	310300014	三棱镜检查	检查费	检查收入	2.诊断类：(8)临床诊断项目费
FEA1A723	Bagolini线状镜检查	FEA01731	线状镜检查	310300015	线状镜检查	检查费	检查收入	2.诊断类：(8)临床诊断项目费
FEA1A724	赫氏(Hess)屏检查	FEA01732	黑氏(Hess)屏检查	310300016	黑氏(Hess)屏检查	检查费	检查收入	2.诊断类：(8)临床诊断项目费
FEA1A725	共聚焦显微镜眼活体组织检查	FEA01734	共聚焦显微镜眼活体组织检查	310300075	眼活体组织检查	检查费	检查收入	2.诊断类：(8)临床诊断项目费
FEA1A726	格栅视觉诱发电位(P-VEP)					检查费	检查收入	2.诊断类：(8)临床诊断项目费
FEA1A727	图形视网膜电流图(P-ERG)检查	FEA03701	图形视网膜电流图(P-ERG)检查	310300065	视网膜电流图(ERG)	检查费	检查收入	2.诊断类：(8)临床诊断项目费
FEA1A728	多焦视网膜电图(m-ERG)检查	FEA03702	多焦视网膜电图(m-ERG)检查			检查费	检查收入	2.诊断类：(8)临床诊断项目费
				310300066	视网膜地形图	检查费	检查收入	2.诊断类：(8)临床诊断项目费
FEA1A729	眼电图(EOG)检查	FEA03703	眼电图(EOG)检查	310300067	眼电图(EOG)	检查费	检查收入	2.诊断类：(8)临床诊断项目费
FEA1A730	视诱发电位(VEP)检查	FEA03704	视诱发电位(VEP)检查	310300068	视诱发电位(VEP)	检查费	检查收入	2.诊断类：(8)临床诊断项目费
				310300069	眼外肌功能检查	检查费	检查收入	2.诊断类：(8)临床诊断项目费
				310300070	眼肌力检查	检查费	检查收入	2.诊断类：(8)临床诊断项目费
FEA1A731	多焦视觉诱发电位(多焦VEP)检查					检查费	检查收入	2.诊断类：(8)临床诊断项目费
FEA1A732	眼震电图检查	FFA03701	眼震电图检查	310401021	眼震电图	检查费	检查收入	2.诊断类：(8)临床诊断项目费
FEA1A733	冷热水试验眼震电图检查	FFA03702	冷热水试验眼震电图检查			检查费	检查收入	2.诊断类：(8)临床诊断项目费
FEA1A734	红外眼震电图检查	FFA03703	红外眼震电图检查			检查费	检查收入	2.诊断类：(8)临床诊断项目费
FEA1A901	红外视觉眼动图检查	FFA01403	红外视觉眼动图检查			检查费	检查收入	2.诊断类：(8)临床诊断项目费
FEA1B701	综合验光	FEA01720	综合验光	310300007	验光	检查费	检查收入	2.诊断类：(8)临床诊断项目费
FEA1B702	显然验光	FEA01722	显然验光			检查费	检查收入	2.诊断类：(8)临床诊断项目费
FEA1B703	睫状肌麻痹验光	FEA01723	睫状肌麻痹验光			检查费	检查收入	2.诊断类：(8)临床诊断项目费
FEA1B704	电脑验光	FEA01724	电脑验光			检查费	检查收入	2.诊断类：(8)临床诊断项目费
FEA1B705	压陷式眼压测量	FEA02704	压陷式眼压计测量	310300027	眼压检查	检查费	检查收入	2.诊断类：(8)临床诊断项目费
FEA1B706	非接触眼压测量	FEA02705	非接触眼压计(NCT)测量			检查费	检查收入	2.诊断类：(8)临床诊断项目费
FEA1B707	压平眼压测量	FEA02706	压平眼压计(Goldmann眼压计)测量			检查费	检查收入	2.诊断类：(8)临床诊断项目费
FEA1B708	动态轮廓眼压测量	FEA02707	动态轮廓眼压计测量			检查费	检查收入	2.诊断类：(8)临床诊断项目费
FEA1B709	电子压平眼压测量	FEA02708	电子压平眼压计测量			检查费	检查收入	2.诊断类：(8)临床诊断项目费
FEA1B710	回弹式眼压测量	FEA02709	回弹式眼压计测量			检查费	检查收入	2.诊断类：(8)临床诊断项目费
FEA1B711	眼压日曲线描记	FEA02710	眼压日曲线描记	310300028	眼压日曲线检查	检查费	检查收入	2.诊断类：(8)临床诊断项目费
FEA1B712	眼压描记	FEA02711	眼压描记	310300029	眼压描记	检查费	检查收入	2.诊断类：(8)临床诊断项目费
FEA1B713	眼轴测量	FEA02701	眼轴测量			检查费	检查收入	2.诊断类：(8)临床诊断项目费
FEA1C701	暗适应测定	FEA01717	暗适应测定	310300022	暗适应测定	检查费	检查收入	2.诊断类：(8)临床诊断项目费
FEA1C702	明适应测定	FEA01718	明适应测定	310300023	明适应测定	检查费	检查收入	2.诊断类：(8)临床诊断项目费
				310300024	正切尺检查	检查费	检查收入	2.诊断类：(8)临床诊断项目费
FEA1C703	代偿头位测定	FEA02712	代偿头位测定	310300011	代偿头位测定	检查费	检查收入	2.诊断类：(8)临床诊断项目费
FEA1C704	诊断眼位斜视度测定	FEA02713	诊断眼位斜视度测定	310300013	斜视度测定	检查费	检查收入	2.诊断类：(8)临床诊断项目费
FEA1C705	普通调节集合测定	FEA02714	普通调节集合测定	310300017	调节/集合测定	检查费	检查收入	2.诊断类：(8)临床诊断项目费
FEA1C706	眼调节功能测定	FEA02715	调节集合仪调节集合测定			检查费	检查收入	2.诊断类：(8)临床诊断项目费
FEA1D701	云雾试验	FEA01721	云雾试验			检查费	检查收入	2.诊断类：(8)临床诊断项目费
FEA1D702	暗室俯卧试验	FEA04701	暗室俯卧试验			检查费	检查收入	2.诊断类：(8)临床诊断项目费
				310300037	青光眼诱导试验	检查费	检查收入	2.诊断类：(8)临床诊断项目费
FEA1D703	马氏杆(Maddox)试验	FEA04702	马氏(Maddox)杆试验	310300072	马氏(Maddox)杆试验	检查费	检查收入	2.诊断类：(8)临床诊断项目费
FEA1D704	牵拉试验	FEA04703	牵拉试验	310300018	牵拉试验	检查费	检查收入	2.诊断类：(8)临床诊断项目费
FEA1D705	磁铁试验	FEA04704	磁铁试验	310300074	磁石试验	检查费	检查收入	2.诊断类：(8)临床诊断项目费
FEA1D706	视动试验	FFA04709	视动试验			检查费	检查收入	2.诊断类：(8)临床诊断项目费
FEA1H701	眼位照相	FEA01733	眼位照相	310300051	眼位照相	检查费	检查收入	2.诊断类：(8)临床诊断项目费
FEB6D301	眶活检术					检查费	检查收入	2.诊断类：(8)临床诊断项目费
FED1A701	上睑下垂检查	FED01701	上睑下垂检查	310300033	上睑下垂检查	检查费	检查收入	2.诊断类：(8)临床诊断项目费
FED1A702	睑缘螨虫检查					检查费	检查收入	2.诊断类：(8)临床诊断项目费
FED1D101	上睑下垂药物试验	FED04101	上睑下垂药物试验			检查费	检查收入	2.诊断类：(8)临床诊断项目费
FED1H701	睑板腺照相					检查费	检查收入	2.诊断类：(8)临床诊断项目费
FED6D301	眼睑活检术					检查费	检查收入	2.诊断类：(8)临床诊断项目费
FEE1A601	泪道内窥镜检查					检查费	检查收入	2.诊断类：(8)临床诊断项目费
FEE1C701	泪膜破裂时间测定	FEE02701	泪膜破裂时间测定	310300034	泪膜破裂时间测定	检查费	检查收入	2.诊断类：(8)临床诊断项目费
FEE1C702	泪膜分析测定	FEE02705	泪膜分析仪测定			检查费	检查收入	2.诊断类：(8)临床诊断项目费
FEE1C703	基础泪液分泌功能测定(schirmer's Test)	FEE02702	基础泪液分泌功能测定(schirmer'sTest)	310300035	泪液分泌功能测定	检查费	检查收入	2.诊断类：(8)临床诊断项目费
FEE1C704	反射泪液分泌功能测定	FEE02703	反射泪液分泌功能测定			检查费	检查收入	2.诊断类：(8)临床诊断项目费
FEE1C705	泪液清除率测定	FEE02704	泪液清除率测定			检查费	检查收入	2.诊断类：(8)临床诊断项目费
FEE1C706	泪液分析测定	FEE02706	泪液分析仪测定			检查费	检查收入	2.诊断类：(8)临床诊断项目费
FEE1C707	泪液渗透压测定					检查费	检查收入	2.诊断类：(8)临床诊断项目费
FEE1D701	泪液分泌试验	FEE04701	泪液分泌试验	310401033	溢泪试验	检查费	检查收入	2.诊断类：(8)临床诊断项目费
FEF1A701	眼表综合检查					检查费	检查收入	2.诊断类：(8)临床诊断项目费
FEF1A702	眼球运动轨迹检查					检查费	检查收入	2.诊断类：(8)临床诊断项目费
FEF1B701	眼球突出计眼球突出度测量	FEF02702	眼球突出计眼球突出度测量	310300030	眼球突出度测量	检查费	检查收入	2.诊断类：(8)临床诊断项目费
		FEF02701	米尺眼球突出度测量	310300030	眼球突出度测量	检查费	检查收入	2.诊断类：(8)临床诊断项目费
FEF1H701	光相干性断层眼前节扫描成像					检查费	检查收入	2.诊断类：(8)临床诊断项目费
FEG1A301	结膜囊取材检查	FEG06301	结膜囊取材检查	310300077	结膜囊取材检查	检查费	检查收入	2.诊断类：(8)临床诊断项目费
FEG1A701	结膜印痕细胞检查	FEG01701	结膜印痕细胞检查	310300071	结膜印痕细胞检查	检查费	检查收入	2.诊断类：(8)临床诊断项目费
FEH1A701	角膜结膜染色检查	FEH01701	角膜结膜染色检查	310300038	角膜荧光素染色检查	检查费	检查收入	2.诊断类：(8)临床诊断项目费
FEH1A702	角膜地形图检查	FEH01702	角膜地形图检查	310300040	角膜地形图检查	检查费	检查收入	2.诊断类：(8)临床诊断项目费
FEH1A703	角膜内皮镜检查	FEH01703	角膜内皮镜检查	310300041	角膜内皮镜检查	检查费	检查收入	2.诊断类：(8)临床诊断项目费
FEH1A704	眼前节分析仪角膜厚度检查	FEH01704	眼前节分析仪角膜厚度检查	310300042	角膜厚度检查	检查费	检查收入	2.诊断类：(8)临床诊断项目费
FEH1A705	角膜厚度检查-光学法	FEH01705	角膜厚度检查-光学法			检查费	检查收入	2.诊断类：(8)临床诊断项目费
FEH1A706	角膜厚度检查-超声法	FEH01706	角膜厚度检查-超声法			检查费	检查收入	2.诊断类：(8)临床诊断项目费
FEH1A707	角膜知觉检查-棉丝法	FEH01707	角膜知觉检查-棉丝法	310300043	角膜知觉检查	检查费	检查收入	2.诊断类：(8)临床诊断项目费
FEH1A708	角膜知觉检查-知觉仪法	FEH01708	角膜知觉检查-知觉仪法			检查费	检查收入	2.诊断类：(8)临床诊断项目费
FEH1A709	角膜生物力学检查					检查费	检查收入	2.诊断类：(8)临床诊断项目费
FEH1A710	角膜印迹细胞检查					检查费	检查收入	2.诊断类：(8)临床诊断项目费
FEH1B701	角膜曲率测量	FEH02701	角膜曲率测量	310300039	角膜曲率测量	检查费	检查收入	2.诊断类：(8)临床诊断项目费
FEH1F701	角膜刮片检查	FEH01709	角膜刮片检查	310300076	角膜刮片检查	检查费	检查收入	2.诊断类：(8)临床诊断项目费
FEJ1A701	前房角镜检查	FEJ01701	前房角镜检查	310300050	裂隙灯下房角镜检查	检查费	检查收入	2.诊断类：(8)临床诊断项目费
FEJ1B701	中央前房深度测量-裂隙灯法	FEJ02701	中央前房深度测量-裂隙灯法	310300046	前房深度测量	检查费	检查收入	2.诊断类：(8)临床诊断项目费
FEJ1B702	中央前房深度测量-光学法	FEJ02702	中央前房深度测量-光学法	310300046	前房深度测量	检查费	检查收入	2.诊断类：(8)临床诊断项目费
FEJ1B703	周边前房深度测量-裂隙灯法	FEJ02703	周边前房深度测量-裂隙灯法			检查费	检查收入	2.诊断类：(8)临床诊断项目费
FEK1C301	房水荧光测定	FEK02201	房水荧光测定	310300047	房水荧光测定	检查费	检查收入	2.诊断类：(8)临床诊断项目费
FEK1C701	房水闪辉测定	FEK02701	房水闪辉测定			检查费	检查收入	2.诊断类：(8)临床诊断项目费
FEL1A701	瞳孔对光反射定量分析检查					检查费	检查收入	2.诊断类：(8)临床诊断项目费
FEL6D301	虹膜活检术					检查费	检查收入	2.诊断类：(8)临床诊断项目费
FEN1A701	巩膜透照检查	FEN01701	巩膜透照检查	310300044	巩膜透照检查	检查费	检查收入	2.诊断类：(8)临床诊断项目费
FEP1B701	眼轴人工晶状体度数测量-超声法	FEA02702	眼轴人工晶状体度数测量-超声法	310300045	人工晶体度数测量	检查费	检查收入	2.诊断类：(8)临床诊断项目费
FEP1B702	眼轴人工晶状体度数测量-光学法	FEA02703	眼轴人工晶状体度数测量-光学法			检查费	检查收入	2.诊断类：(8)临床诊断项目费
FER6D301	脉络膜活检术					检查费	检查收入	2.诊断类：(8)临床诊断项目费
FES1A701	临界融合频率检查	FES01714	临界融合频率检查	310300062	临界融合频率检查	检查费	检查收入	2.诊断类：(8)临床诊断项目费
FES1A702	免散瞳眼底检查	FES01704	免散瞳眼底检查	310300056	眼底检查	检查费	检查收入	2.诊断类：(8)临床诊断项目费
FES1A703	非散瞳直接检眼镜眼底检查	FES01705	非散瞳直接检眼镜眼底检查			检查费	检查收入	2.诊断类：(8)临床诊断项目费
FES1A704	前置镜眼底检查	FES01706	前置镜眼底检查			检查费	检查收入	2.诊断类：(8)临床诊断项目费
FES1A705	间接眼底镜检查	FES01707	间接眼底镜检查			检查费	检查收入	2.诊断类：(8)临床诊断项目费
FES1A706	激光扫描检眼镜眼底检查	FES01712	激光扫描检眼镜眼底检查	310300057	扫描激光眼底检查(SLO)	检查费	检查收入	2.诊断类：(8)临床诊断项目费
FES1A707	三面镜眼底检查	FES01713	三面镜眼底检查	310300049	裂隙灯下眼底检查	检查费	检查收入	2.诊断类：(8)临床诊断项目费
FES1A708	眼底自发荧光检查					检查费	检查收入	2.诊断类：(8)临床诊断项目费
FES1H701	视盘立体照相	FES01701	视盘立体照相	310300055	裂隙灯下眼底视神经立体照相	检查费	检查收入	2.诊断类：(8)临床诊断项目费
FES1H702	视盘光相干光断层扫描	FES01708	相干光断层扫描	310300064	光学相干断层成相(OCT)	检查费	检查收入	2.诊断类：(8)临床诊断项目费
FES1H703	眼底照相	FES01702	眼底照相	310300053	眼底照相	检查费	检查收入	2.诊断类：(8)临床诊断项目费
		FES01703	儿童眼底照相			检查费	检查收入	2.诊断类：(8)临床诊断项目费
FES1H704	眼底光相干光断层(OCT)扫描	FES01709	相干光断层(OCT)眼底扫描	310300064	光学相干断层成相(OCT)	检查费	检查收入	2.诊断类：(8)临床诊断项目费
FES1H705	眼底视网膜断层(HRT)扫描	FES01710	视网膜断层(HRT)眼底扫描	310300031	青光眼视网膜神经纤维层计算机图象分析	检查费	检查收入	2.诊断类：(8)临床诊断项目费
FES1H706	眼底偏振激光(GDx)扫描	FES01711	偏振激光(GDx)眼底扫描			检查费	检查收入	2.诊断类：(8)临床诊断项目费
FES1H707	光相干断层眼底血流成像					检查费	检查收入	2.诊断类：(8)临床诊断项目费
FET1A701	视网膜视力检查	FEA01707	视网膜视力检查	310300004	视网膜视力检查	检查费	检查收入	2.诊断类：(8)临床诊断项目费
FET1A702	视网膜厚度检查(HRT)	FET01701	视网膜厚度检查(HRT)	310300059	海德堡视网膜厚度检查(HRT)	检查费	检查收入	2.诊断类：(8)临床诊断项目费
FET1A703	视网膜裂孔定位检查	FET01702	视网膜裂孔定位检查	310300058	视网膜裂孔定位检查	检查费	检查收入	2.诊断类：(8)临床诊断项目费
FET1A704	婴幼儿视网膜病变检查					检查费	检查收入	2.诊断类：(8)临床诊断项目费
FET1A705	闪光视网膜电流图(F-ERG)检查					检查费	检查收入	2.诊断类：(8)临床诊断项目费
FET6D301	视网膜活检术					检查费	检查收入	2.诊断类：(8)临床诊断项目费
FEU1A701	超声生物显微镜检查	FEU01702	超声活体显微镜检查	310300063	超声生物显微镜检查(UBM)	检查费	检查收入	2.诊断类：(8)临床诊断项目费
FEU1C701	眼前节形态测定	FEU02701	眼前节形态测定			检查费	检查收入	2.诊断类：(8)临床诊断项目费
FEU1H701	眼前节照相	FEU01701	眼前节照相	310300052	眼前段照相	检查费	检查收入	2.诊断类：(8)临床诊断项目费
FEV1K301	泪囊活检术					检查费	检查收入	2.诊断类：(8)临床诊断项目费
FEV1K302	泪腺活检术					检查费	检查收入	2.诊断类：(8)临床诊断项目费
FEW1A701	眼血流图检查	FEW01701	眼血流图检查	310300060	眼血流图	检查费	检查收入	2.诊断类：(8)临床诊断项目费
FEW1C701	视网膜动脉压测定	FEW02701	视网膜动脉压测定	310300061	视网膜动脉压测定	检查费	检查收入	2.诊断类：(8)临床诊断项目费
FEZ1C701	镜片检测	KEZ24701	镜片检测	310300008	镜片检测	检查费	检查收入	2.诊断类：(8)临床诊断项目费
FF	(四)耳部							
FFA1A401	畸变产物耳声发射检查	FFA01401	畸变产物耳声发射检查	310401015	耳声发射检查	检查费	检查收入	2.诊断类：(8)临床诊断项目费
FFA1A402	瞬态声诱发性耳声发射检查	FFA01402	瞬态声诱发性耳声发射检查			检查费	检查收入	2.诊断类：(8)临床诊断项目费
FFA1A403	鼓岬电刺激反应检查	FFA03401	鼓岬电刺激反应检查	310401020	鼓岬电刺激反应	检查费	检查收入	2.诊断类：(8)临床诊断项目费
FFA1A601	耳显微镜检查	FFA01404	耳显微镜检查	310401037	耳显微镜检查	检查费	检查收入	2.诊断类：(8)临床诊断项目费
FFA1A602	西格氏耳镜检查	FFA01601	西格氏耳镜检查	310401038	西格氏耳镜检查	检查费	检查收入	2.诊断类：(8)临床诊断项目费
FFA1A603	硬质耳内镜检查	FFA01602	硬质耳内镜检查	310401035	硬性耳内镜检查	检查费	检查收入	2.诊断类：(8)临床诊断项目费
FFA1A604	电光源耳镜检查	FFA01603	电光源耳镜检查	310401036	电耳镜检查	检查费	检查收入	2.诊断类：(8)临床诊断项目费
FFA1A605	耳纤维内镜检查	FFA01604	耳纤维内镜检查	310401034	耳纤维内镜检查	检查费	检查收入	2.诊断类：(8)临床诊断项目费
FFA1A701	耳鸣检查	FFA01701	耳鸣检查	310401026	耳鸣检查	检查费	检查收入	2.诊断类：(8)临床诊断项目费
FFA1A702	动态平衡姿势描记图检查	FFA01702	动态平衡姿势描记图检查			检查费	检查收入	2.诊断类：(8)临床诊断项目费
FFA1A703	主观重力垂直线检查	FFA01703	主观重力垂直线检查			检查费	检查收入	2.诊断类：(8)临床诊断项目费
FFA1A704	皮层慢反应检查	FFA01704	皮层慢反应检查	310401018	皮层慢反应	检查费	检查收入	2.诊断类：(8)临床诊断项目费
FFA1A705	稳态听觉诱发反应检查	FFA01705	稳态听觉诱发反应检查	310401016	稳态听觉诱发反应	检查费	检查收入	2.诊断类：(8)临床诊断项目费
FFA1A706	中潜伏期诱发电位检查	FFA01706	中潜伏期诱发电位检查	310401017	中潜伏期诱发电位	检查费	检查收入	2.诊断类：(8)临床诊断项目费
FFA1A707	迟期成分检查	FFA01707	迟期成分检查	310401019	迟期成分检查	检查费	检查收入	2.诊断类：(8)临床诊断项目费
FFA1B401	声导抗测听	FFA02401	声导抗测听	310401010	声导抗测听	检查费	检查收入	2.诊断类：(8)临床诊断项目费
FFA1B701	短纯音ABR测试					检查费	检查收入	2.诊断类：(8)临床诊断项目费
FFA1B702	裸耳言语识别阈测试	FFA02703	裸耳言语识别阈测试	310401009	言语测听	检查费	检查收入	2.诊断类：(8)临床诊断项目费
FFA1B703	助听言语识别阈测试	FFA02704	助听言语识别阈测试			检查费	检查收入	2.诊断类：(8)临床诊断项目费
FFA1B704	裸耳单音节词识别率测试	FFA02705	裸耳单音节词识别率测试	310401009	言语测听	检查费	检查收入	2.诊断类：(8)临床诊断项目费
FFA1B705	助听单音节词识别率测试	FFA02706	助听单音节词识别率测试			检查费	检查收入	2.诊断类：(8)临床诊断项目费
FFA1B706	裸耳语句识别率测试	FFA02707	裸耳语句识别率测试			检查费	检查收入	2.诊断类：(8)临床诊断项目费
FFA1B707	助听语句识别率测试	FFA02708	助听语句识别率测试			检查费	检查收入	2.诊断类：(8)临床诊断项目费
FFA1B708	小儿行为听力测试	FFA02709	小儿行为听力测试	310401027	定向条件反射测定	检查费	检查收入	2.诊断类：(8)临床诊断项目费
FFA1B709	听性脑干反应潜伏期测试	FFA02710	听性脑干反应潜伏期测试	310401001	听性脑干反应	检查费	检查收入	2.诊断类：(8)临床诊断项目费
FFA1B710	听性脑干反应阈值测试	FFA02711	听性脑干反应阈值测试			检查费	检查收入	2.诊断类：(8)临床诊断项目费
FFA1B711	听性脑干反应骨导阈值测试	FFA02712	听性脑干反应骨导阈值测试			检查费	检查收入	2.诊断类：(8)临床诊断项目费
FFA1C701	纯音听阈测定	FFA02701	纯音听阈测定	310401002	纯音听阈测定	检查费	检查收入	2.诊断类：(8)临床诊断项目费
				310401003	自描听力检查	检查费	检查收入	2.诊断类：(8)临床诊断项目费
FFA1C702	响度不适与舒适阈检测	FFA02702	响度不适与舒适阈检测	310401007	响度不适与舒适阈检测	检查费	检查收入	2.诊断类：(8)临床诊断项目费
				310401008	调谐曲线	检查费	检查收入	2.诊断类：(8)临床诊断项目费
FFA1D401	前庭温度试验	FFA04401	前庭温度试验			检查费	检查收入	2.诊断类：(8)临床诊断项目费
FFA1D601	经西格氏耳镜瘘管试验	FFA04601	经西格氏耳镜瘘管试验			检查费	检查收入	2.诊断类：(8)临床诊断项目费
FFA1D701	偏侧试验	FFA04701	偏侧试验			检查费	检查收入	2.诊断类：(8)临床诊断项目费
FFA1D702	纯音衰减试验	FFA04702	纯音衰减试验	310401005	纯音衰减试验	检查费	检查收入	2.诊断类：(8)临床诊断项目费
FFA1D703	纯音短增量敏感指数试验	FFA04703	纯音短增量敏感指数试验	310401004	纯音短增量敏感指数试验	检查费	检查收入	2.诊断类：(8)临床诊断项目费
FFA1D704	双耳交替响度平衡试验	FFA04708	双耳交替响度平衡试验	310401006	双耳交替响度平衡试验	检查费	检查收入	2.诊断类：(8)临床诊断项目费
FFA1D705	音叉听力试验					检查费	检查收入	2.诊断类：(8)临床诊断项目费
FFA1D706	平衡试验	FFA04704	平衡试验	310401022	平衡试验	检查费	检查收入	2.诊断类：(8)临床诊断项目费
FFA1D707	位置平衡试验	FFA04705	位置平衡试验			检查费	检查收入	2.诊断类：(8)临床诊断项目费
FFA1D708	转椅平衡试验	FFA04706	转椅平衡试验			检查费	检查收入	2.诊断类：(8)临床诊断项目费
FFA1D709	平板平衡试验	FFA04707	平板平衡试验			检查费	检查收入	2.诊断类：(8)临床诊断项目费
FFC1C401	真耳分析	KFC25401	真耳分析	310401030	真耳分析	检查费	检查收入	2.诊断类：(8)临床诊断项目费
FFC1K401	外耳道肿物活检术	FFC07401	外耳道肿物活检术	330501011	外耳道肿物活检术	检查费	检查收入	2.诊断类：(8)临床诊断项目费
FFC1K601	经耳内镜外耳道肿物活检术	FFC07601	经耳内镜外耳道肿物活检术	330501011	外耳道肿物活检术	检查费	检查收入	2.诊断类：(8)临床诊断项目费
FFD1C701	中耳共振频率测定	FFD02701	中耳共振频率测定	310401023	中耳共振频率测定	检查费	检查收入	2.诊断类：(8)临床诊断项目费
				310401024	听探子检查	检查费	检查收入	2.诊断类：(8)临床诊断项目费
				310401025	听力筛选试验	检查费	检查收入	2.诊断类：(8)临床诊断项目费
FFD1K601	经耳内镜中耳肿物活检术					检查费	检查收入	2.诊断类：(8)临床诊断项目费
FFD6D301	中耳肿物活检术					检查费	检查收入	2.诊断类：(8)临床诊断项目费
FFF1D401	鼓膜贴补试验	FFF04401	鼓膜贴补试验	310401031	鼓膜贴补试验	检查费	检查收入	2.诊断类：(8)临床诊断项目费
FFF1D601	经耳内镜鼓膜贴补试验					检查费	检查收入	2.诊断类：(8)临床诊断项目费
FFG1C401	镫骨活动度检测	FFG02401	镫骨活动度检测	310401011	镫骨活动度检测(盖来试验)	检查费	检查收入	2.诊断类：(8)临床诊断项目费
FFG1D701	镫骨肌反射衰减试验	FFG04701	镫骨肌反射衰减试验	310401012	镫骨肌反射衰减试验	检查费	检查收入	2.诊断类：(8)临床诊断项目费
		FFH01601	电子耳咽鼓管内镜检查	310401036	电耳镜检查	检查费	检查收入	2.诊断类：(8)临床诊断项目费
FFH1C401	咽鼓管压力测定	FFH02401	咽鼓管压力测定	310401013	咽鼓管压力测定	检查费	检查收入	2.诊断类：(8)临床诊断项目费
FFM1D701	摇头试验					检查费	检查收入	2.诊断类：(8)临床诊断项目费
FFN1D701	视频头脉冲试验					检查费	检查收入	2.诊断类：(8)临床诊断项目费
FFP1A401	耳蜗电图检查	FFP03401	耳蜗电图检查	310401014	耳蜗电图	检查费	检查收入	2.诊断类：(8)临床诊断项目费
FFP1C701	耳蜗微音电位测定					检查费	检查收入	2.诊断类：(8)临床诊断项目费
FG	(五)鼻咽喉							
FGA1A401	嗅觉功能检查	FGA01401	嗅觉功能检查	310402007	嗅觉功能检测	检查费	检查收入	2.诊断类：(8)临床诊断项目费
FGA1A402	鼻阻力检查	FGA01402	鼻阻力检查	310402008	鼻阻力测定	检查费	检查收入	2.诊断类：(8)临床诊断项目费
FGA1A601	鼻内镜检查	FGA01601	鼻内镜检查	310402001	鼻内镜检查	检查费	检查收入	2.诊断类：(8)临床诊断项目费
FGA1A602	前鼻镜检查	FGA01602	前鼻镜检查	310402002	前鼻镜检查	检查费	检查收入	2.诊断类：(8)临床诊断项目费
				310402003	长鼻镜检查	检查费	检查收入	2.诊断类：(8)临床诊断项目费
FGA1C401	鼻分泌物细胞检测	FGA02401	鼻分泌物细胞检测	310402006	鼻分泌物细胞检测	检查费	检查收入	2.诊断类：(8)临床诊断项目费
FGA1D601	糖精试验	FGA04601	糖精试验	310402010	糖精试验	检查费	检查收入	2.诊断类：(8)临床诊断项目费
				310402011	蝶窦穿刺活检术	检查费	检查收入	2.诊断类：(8)临床诊断项目费
FGC1B401	声反射鼻腔测量	FGC02401	声反射鼻腔测量	310402009	声反射鼻腔测量	检查费	检查收入	2.诊断类：(8)临床诊断项目费
FGC1D401	鼻黏膜激发试验	FGC04401	鼻黏膜激发试验	310402005	鼻粘膜激发试验	检查费	检查收入	2.诊断类：(8)临床诊断项目费
FGC1K601	经鼻内镜鼻腔组织活检术	FGC07401	鼻腔组织活检术	310402013	鼻腔取活检术	检查费	检查收入	2.诊断类：(8)临床诊断项目费
FGF1K601	经鼻内镜鼻窦组织活检术					检查费	检查收入	2.诊断类：(8)临床诊断项目费
FGG1A101	咽喉肌电生理检查	FGG01101	咽喉肌电生理检查	310403003	喉电图测试	检查费	检查收入	2.诊断类：(8)临床诊断项目费
FGJ1A601	硬质鼻咽喉镜检查	FGJ01601	硬质鼻咽镜检查	310403008	硬性鼻咽镜检查	检查费	检查收入	2.诊断类：(8)临床诊断项目费
FGJ1A602	纤维鼻咽喉镜检查	FGJ01602	纤维鼻咽镜检查	310403006	纤维鼻咽镜检查	检查费	检查收入	2.诊断类：(8)临床诊断项目费
FGJ1A603	间接鼻咽镜检查	FGJ01603	间接鼻咽镜检查	310403007	间接鼻咽镜检查	检查费	检查收入	2.诊断类：(8)临床诊断项目费
FGJ1A604	鼻咽喉镜检查					检查费	检查收入	2.诊断类：(8)临床诊断项目费
FGJ1A605	电子鼻咽喉镜检查	FPC01603	电子食管镜检查			检查费	检查收入	2.诊断类：(8)临床诊断项目费
FGJ1K601	经鼻内镜鼻咽部组织活检术	FGJ07601	鼻咽部组织活检术	310402016	鼻咽部活检术	检查费	检查收入	2.诊断类：(8)临床诊断项目费
FGM1A401	喉表面肌电图检查					检查费	检查收入	2.诊断类：(8)临床诊断项目费
FGM1A601	直达喉镜检查	FGM01401	直达喉镜检查	310403011	直达喉镜检查	检查费	检查收入	2.诊断类：(8)临床诊断项目费
FGM1A602	间接喉镜检查	FGM01402	间接喉镜检查	310403012	间接喉镜检查	检查费	检查收入	2.诊断类：(8)临床诊断项目费
FGM1A603	支撑喉镜检查	FGM01403	支撑喉镜检查	310403013	支撑喉镜检查	检查费	检查收入	2.诊断类：(8)临床诊断项目费
FGM1A604	喉镜检查	FGM01602	纤维喉镜检查	310403009	纤维喉镜检查	检查费	检查收入	2.诊断类：(8)临床诊断项目费
		FGM01603	电子纤维喉镜检查			检查费	检查收入	2.诊断类：(8)临床诊断项目费
FGM1A605	频闪喉镜检查	FGM01601	频闪喉镜检查	310403010	喉动态镜检查	检查费	检查收入	2.诊断类：(8)临床诊断项目费
FGM1A701	嗓音频谱检查	FGM01701	嗓音频谱检查	310403002	喉频谱仪检查	检查费	检查收入	2.诊断类：(8)临床诊断项目费
				310403004	计算机嗓音疾病评估	检查费	检查收入	2.诊断类：(8)临床诊断项目费
FGM1A702	喉空气动力学检查	FGM01703	喉空气动力学检查			检查费	检查收入	2.诊断类：(8)临床诊断项目费
FGM1A703	喉记波扫描检查					检查费	检查收入	2.诊断类：(8)临床诊断项目费
FGM1A704	喉声门图检查	FGM01702	喉声图检查	310403001	喉声图	检查费	检查收入	2.诊断类：(8)临床诊断项目费
FGM1K401	口咽部组织活检术	FGM07601	咽喉组织活检术			检查费	检查收入	2.诊断类：(8)临床诊断项目费
FGP1K601	经电子咽喉内镜声带活检术					检查费	检查收入	2.诊断类：(8)临床诊断项目费
FGP1K602	经支撑喉镜声门上病变活检术					检查费	检查收入	2.诊断类：(8)临床诊断项目费
FGP1K603	支撑喉镜下喉内镜声门上病变活检术					检查费	检查收入	2.诊断类：(8)临床诊断项目费
FGS1K401	扁桃体活检术	FGS07401	扁桃体活检术			检查费	检查收入	2.诊断类：(8)临床诊断项目费
FH	(六)口腔颌面							
FHA1H701	常规面部与口内照相	FHA02701	常规面部与口内照相	310501010	常规面合像检查	检查费	检查收入	2.诊断类：(8)临床诊断项目费
FHA1H702	面部三维照相	FHA02702	面部三维照相			检查费	检查收入	2.诊断类：(8)临床诊断项目费
FHG1A701	下颌运动检查	FHG01701	下颌运动检查	310501005	下颌运动检查	检查费	检查收入	2.诊断类：(8)临床诊断项目费
FHG1A702	下颌运动计算机辅助检查	FHG01702	下颌运动计算机辅助检查			检查费	检查收入	2.诊断类：(8)临床诊断项目费
FHJ1C301	颞下颌关节腔压力测定	FHJ02301	颞下颌关节腔压力测定	310506003	关节腔压力测定	检查费	检查收入	2.诊断类：(8)临床诊断项目费
FHL1A601	唾液腺内镜检查					检查费	检查收入	2.诊断类：(8)临床诊断项目费
FHL1C401	唾液流量测定	FHL02401	唾液流量测定	310501006	唾液流量测定	检查费	检查收入	2.诊断类：(8)临床诊断项目费
FHL1K101	经皮涎腺肿块穿刺活检术	HHL45101	涎腺肿块穿刺引流术	310402014	上颌窦穿刺术	检查费	检查收入	2.诊断类：(8)临床诊断项目费
FHL1K102	涎腺肿块穿刺术					检查费	检查收入	2.诊断类：(8)临床诊断项目费
FHL6E401	腮腺导管探查术					检查费	检查收入	2.诊断类：(8)临床诊断项目费
FHM1A401	咀嚼效率检查-食物过筛法	FHM01401	咀嚼效率检查-食物过筛法	310501004	咀嚼功能检查	检查费	检查收入	2.诊断类：(8)临床诊断项目费
FHM1A601	口腔内窥镜检查	FHM01601	口腔内窥镜检查	310501011	口腔内镜检查	检查费	检查收入	2.诊断类：(8)临床诊断项目费
FHM1K401	口腔活检术	FHM07401	口腔活检术	310510012	口腔活检术	检查费	检查收入	2.诊断类：(8)临床诊断项目费
FHQ1D401	味觉试验	FHQ04401	味觉试验	310401032	味觉试验	检查费	检查收入	2.诊断类：(8)临床诊断项目费
FHR1A601	腭咽闭合功能检查	FHR01601	腭咽闭合功能检查	310504004	腭咽闭合功能检查	检查费	检查收入	2.诊断类：(8)临床诊断项目费
FHR1C701	腭裂语音频谱分析	FHR01701	腭裂语音频谱分析			检查费	检查收入	2.诊断类：(8)临床诊断项目费
FHS1A401	咬合接触点检查	FHS01401	光合仪检查	310508001	光合仪检查	检查费	检查收入	2.诊断类：(8)临床诊断项目费
FHS1A402	纸蜡咬合图像分析检查	FHS01402	纸蜡咬合图像分析检查	310501002	咬合检查	检查费	检查收入	2.诊断类：(8)临床诊断项目费
FHS1A403	咬合测定分析系统检查	FHS01403	T-咬合测定分析系统检查			检查费	检查收入	2.诊断类：(8)临床诊断项目费
FHS1B401	咬合力测量检查	FHS02401	咬合力测量检查	310501003	合力测量检查	检查费	检查收入	2.诊断类：(8)临床诊断项目费
				310519007	取局部关系记录	检查费	检查收入	2.诊断类：(8)临床诊断项目费
FHS1B701	咬合记录	FHS02701	咬合记录	310519008	取正中合关系记录	检查费	检查收入	2.诊断类：(8)临床诊断项目费
FHS1C301	诊断性排牙试验	FHS04301	诊断性排牙试验			检查费	检查收入	2.诊断类：(8)临床诊断项目费
FHS1C401	牙菌斑检测	FHW01404	菌斑微生物检测	310503005	菌斑微生物检测	检查费	检查收入	2.诊断类：(8)临床诊断项目费
FHS1C701	牙齿电子测色	FHS01701	测色仪测色	310508002	测色仪检查	检查费	检查收入	2.诊断类：(8)临床诊断项目费
				310508003	义齿压痛定位仪检查	检查费	检查收入	2.诊断类：(8)临床诊断项目费
FHU1B401	牙髓活力测试	FHU01401	牙髓电活力检查	310502001	牙髓活力检查	检查费	检查收入	2.诊断类：(8)临床诊断项目费
FHV1B401	根管工作长度测量	KHV02401	根管长度测量	310502002	根管长度测量	检查费	检查收入	2.诊断类：(8)临床诊断项目费
				310503004	龈上菌斑检查	检查费	检查收入	2.诊断类：(8)临床诊断项目费
FHW1A401	区段牙周探诊检查	FHW01401	牙周探诊			检查费	检查收入	2.诊断类：(8)临床诊断项目费
FHW1A402	区段牙周指数检查	FHW01402	牙周指数检查			检查费	检查收入	2.诊断类：(8)临床诊断项目费
FHW1A403	全口牙周状况检查及数据分析	FHW01403	牙周电子探针检查			检查费	检查收入	2.诊断类：(8)临床诊断项目费
FHW1C401	龈沟液量检测	FHW02401	龈沟液量测定	310503002	龈沟液量测定	检查费	检查收入	2.诊断类：(8)临床诊断项目费
FHX1C701	种植体动度测量	FHX02701	种植体动度测量	310503003	咬合动度测定	检查费	检查收入	2.诊断类：(8)临床诊断项目费
FJ	(七)呼吸系统							
FJA-FJB	1.呼吸系统							
FJA1C401	机械通气患者呼吸力学功能测定					检查费	检查收入	2.诊断类：(8)临床诊断项目费
FJA1E701	人工气道气囊压力连续监测					检查费	检查收入	2.诊断类：(8)临床诊断项目费
FJB1C401	气道阻力测定	FJB02401	气道阻力测定	310601004	气道阻力测定	检查费	检查收入	2.诊断类：(8)临床诊断项目费
FJB1C402	机械通气患者呼吸气体代谢分析					检查费	检查收入	2.诊断类：(8)临床诊断项目费
FJB1C701	无创呼吸气体代谢分析					检查费	检查收入	2.诊断类：(8)临床诊断项目费
FJB1C901	人工气道气囊压力测定					检查费	检查收入	2.诊断类：(8)临床诊断项目费
FJB1E401	上气道24小时PH监测					检查费	检查收入	2.诊断类：(8)临床诊断项目费
FJB1K601	经支气管针吸活检术					检查费	检查收入	2.诊断类：(8)临床诊断项目费
FJC	2.气管							
FJC1A601	硬质气管镜检查	FJC01601	硬质气管镜检查	310605001	硬性气管镜检查	检查费	检查收入	2.诊断类：(8)临床诊断项目费
FJC1C601	硬质支气管镜检查					检查费	检查收入	2.诊断类：(8)临床诊断项目费
		FJC09601	硬质气管镜下气管及支气管探查术			检查费	检查收入	2.诊断类：(8)临床诊断项目费
FJC1K601	经硬质气管镜/硬质支气管镜活检术	FJC07601	硬质气管镜活检术			检查费	检查收入	2.诊断类：(8)临床诊断项目费
FJD	3.支气管							
FJD1A601	支气管镜检查	FJD01601	纤维支气管镜检查	310605002	纤维支气管镜检查	检查费	检查收入	2.诊断类：(8)临床诊断项目费
FJD1A602	超声支气管镜检查	FJD01603	超声支气管镜检查			检查费	检查收入	2.诊断类：(8)临床诊断项目费
FJD1A603	荧光支气管镜检查					检查费	检查收入	2.诊断类：(8)临床诊断项目费
FJD1A604	窄谱支气管镜检查					检查费	检查收入	2.诊断类：(8)临床诊断项目费
		FJD01602	电子支气管镜检查			检查费	检查收入	2.诊断类：(8)临床诊断项目费
FJD1D401	支气管激发试验	FJD04401	支气管激发试验	310601010	支气管激发试验	检查费	检查收入	2.诊断类：(8)临床诊断项目费
FJD1D402	支气管舒张试验	FJD04402	支气管舒张试验	310601012	支气管舒张试验	检查费	检查收入	2.诊断类：(8)临床诊断项目费
FJD1D701	运动支气管激发试验	FJD04701	运动支气管激发试验	310601011	运动激发试验	检查费	检查收入	2.诊断类：(8)临床诊断项目费
FJD1K601	经支气管镜活检术	FJD07602	经支气管内镜活检术	310605004	经纤支镜粘膜活检术	检查费	检查收入	2.诊断类：(8)临床诊断项目费
FJD1K602	经超声内镜支气管针吸活检术	FJD07601	经支气管内镜针吸活检术			检查费	检查收入	2.诊断类：(8)临床诊断项目费
FJD1K603	经支气管镜透支气管肺活检术	FJD07603	经支气管内镜透支气管壁肺活检术	310605005	经纤支镜透支气管壁肺活检术	检查费	检查收入	2.诊断类：(8)临床诊断项目费
FJD1K604	经支气管镜超声引导下支气管肺活检术					检查费	检查收入	2.诊断类：(8)临床诊断项目费
FJD6C601	电磁导航支气管镜检查					检查费	检查收入	2.诊断类：(8)临床诊断项目费
FJE-FJG	4.肺							
FJE1A401	慢肺活量功能检查(SVC)	FJE01401	肺活量功能检查	310601001	肺通气功能检查	检查费	检查收入	2.诊断类：(8)临床诊断项目费
FJE1A402	用力肺活量功能检查(FVC)	FJE01402	用力肺活量功能检查			检查费	检查收入	2.诊断类：(8)临床诊断项目费
FJE1A403	肺每分通气量功能检查	FJE01403	肺每分通气量功能检查			检查费	检查收入	2.诊断类：(8)临床诊断项目费
FJE1A404	最大通气量功能检查(MVV)	FJE01404	最大通气量功能检查			检查费	检查收入	2.诊断类：(8)临床诊断项目费
FJE1A405	肺弥散功能检查-一口气法	FJE01405	肺弥散功能检查-一口气法	310601002	肺弥散功能检查	检查费	检查收入	2.诊断类：(8)临床诊断项目费
FJE1A406	肺弥散功能检查-重复呼吸法	FJE01406	肺弥散功能检查-重复呼吸法			检查费	检查收入	2.诊断类：(8)临床诊断项目费
FJE1A407	脉冲振荡肺功能检查(IOS)	FJE01407	脉冲振荡肺功能检查	310601006	强迫振荡肺功能检查	检查费	检查收入	2.诊断类：(8)临床诊断项目费
FJE1A408	肺电阻抗成像检查	FJE01409	肺阻抗血流图检查	310602002	肺阻抗血流图	检查费	检查收入	2.诊断类：(8)临床诊断项目费
FJE1A601	支气管共聚焦激光显微内镜检查					检查费	检查收入	2.诊断类：(8)临床诊断项目费
FJE1A701	运动心肺功能检查(CPET)	FJE01702	运动心肺功能检查	310601003	运动心肺功能检查	检查费	检查收入	2.诊断类：(8)临床诊断项目费
FJE1B701	无创正压通气智能压力滴定	FJE05702	无创机械通气智能压力滴定			检查费	检查收入	2.诊断类：(8)临床诊断项目费
FJE1B702	无创正压通气手工压力滴定	FJE05703	无创通气手动压力滴定			检查费	检查收入	2.诊断类：(8)临床诊断项目费
FJE1C401	床边简易肺功能测定	FJE01408	床边简易肺功能测定	310602001	床边简易肺功能测定	检查费	检查收入	2.诊断类：(8)临床诊断项目费
FJE1C402	流速容量曲线(F-V)测定	FJE02401	流速容量曲线(V-V曲线)测定	310601008	流速容量曲线(V-V曲线)	检查费	检查收入	2.诊断类：(8)临床诊断项目费
FJE1C403	残气容积测定(RV)-体描箱法	FJE02402	残气容积测定-体描箱法	310601005	残气容积测定	检查费	检查收入	2.诊断类：(8)临床诊断项目费
FJE1C404	残气容积测定(RV)-氦气平衡法	FJE02403	残气容积测定-氦气平衡法			检查费	检查收入	2.诊断类：(8)临床诊断项目费
FJE1C405	第0.1秒平静吸气口腔闭合压测定(P0.1)	FJE02404	第0.1秒平静吸气口腔闭合压测定	310601007	第一秒平静吸气口腔闭合压测定	检查费	检查收入	2.诊断类：(8)临床诊断项目费
FJE1C406	吸入二氧化碳第0.1秒平静吸气口腔闭合压测定	FJE02405	吸入二氧化碳第0.1秒平静吸气口腔闭合压测定			检查费	检查收入	2.诊断类：(8)临床诊断项目费
FJE1C407	二氧化碳反应曲线测定	FJE02406	二氧化碳反应曲线测定	310601009	二氧化碳反应曲线	检查费	检查收入	2.诊断类：(8)临床诊断项目费
FJE1C408	呼出气一氧化氮测定(FeNO)	FJE02407	呼出气一氧化氮测定	310601013	一氧化氮呼气测定	检查费	检查收入	2.诊断类：(8)临床诊断项目费
FJE1C409	呼吸肌功能-最大吸气压(MIP)+最大呼气压(MEP)测定	FJE02408	呼吸肌功能测定	310602003	呼吸肌功能测定	检查费	检查收入	2.诊断类：(8)临床诊断项目费
FJE1C410	生理死腔测定					检查费	检查收入	2.诊断类：(8)临床诊断项目费
FJE1C601	经支气管镜肺叶通气功能检测					检查费	检查收入	2.诊断类：(8)临床诊断项目费
FJE1C701	无创碳氧血红蛋白检测	FJE01701	无创舱内碳氧血红蛋白检测			检查费	检查收入	2.诊断类：(8)临床诊断项目费
FJE1D701	小睡试验	FJE04701	小睡试验			检查费	检查收入	2.诊断类：(8)临床诊断项目费
				310602004	动态呼吸监测(呼吸Holter)	检查费	检查收入	2.诊断类：(8)临床诊断项目费
FJE1E401	持续呼吸功能监测	FJE05401	持续呼吸功能监测	310602005	持续呼吸功能检测	检查费	检查收入	2.诊断类：(8)临床诊断项目费
FJE1E402	呼出气二氧化碳监测	FJE05402	呼出气二氧化碳监测			检查费	检查收入	2.诊断类：(8)临床诊断项目费
FJE1E701	无创碳氧血红蛋白连续监测	FJE05701	无创舱内碳氧血红蛋白连续监测			检查费	检查收入	2.诊断类：(8)临床诊断项目费
FJE1E702	跨肺压监测					检查费	检查收入	2.诊断类：(8)临床诊断项目费
FJE1K101	胸部肿块穿刺活检术	HJE48101	肺脏外周型肿块穿刺术			检查费	检查收入	2.诊断类：(8)临床诊断项目费
FJE1K601	经支气管冷冻肺活检术					检查费	检查收入	2.诊断类：(8)临床诊断项目费
FJE6D101	经皮穿刺肺活检术	FJE07101	经皮穿刺肺活检术	310604006	经皮穿刺肺活检术	检查费	检查收入	2.诊断类：(8)临床诊断项目费
FJG1F601	经支气管镜采样刷采样	FJD06601	经纤维支气管镜采样刷采样			检查费	检查收入	2.诊断类：(8)临床诊断项目费
		FJD06602	经电子支气管镜采样刷采样			检查费	检查收入	2.诊断类：(8)临床诊断项目费
FJG1F602	经支气管镜防污染采样刷采样	FJD06603	经纤维支气管镜防污染采样刷采样	310605007	经纤支镜防污染采样刷检查	检查费	检查收入	2.诊断类：(8)临床诊断项目费
		FJD06604	经电子支气管镜防污染采样刷采样			检查费	检查收入	2.诊断类：(8)临床诊断项目费
		FJD06605	经纤维支气管镜防污染保护性灌洗采样			检查费	检查收入	2.诊断类：(8)临床诊断项目费
FJG1F603项目编码	经支气管镜防污染保护性灌洗采样 项目名称	项目编码	项目名称	项目编码	项目名称			
		FJD06606	经电子支气管镜防污染保护性灌洗采样			检查费	检查收入	2.诊断类：(8)临床诊断项目费
FJM-FJT	5.胸部及纵隔							
FJM1K101	经皮穿刺胸膜活检术	FJM07101	经皮穿刺胸膜活检术	330703021	胸膜活检术	检查费	检查收入	2.诊断类：(8)临床诊断项目费
FJM6D301	胸壁组织活检术	FJM07301	胸壁组织活检术			检查费	检查收入	2.诊断类：(8)临床诊断项目费
FJN1K101	经皮纵隔病变穿刺活检术					检查费	检查收入	2.诊断类：(8)临床诊断项目费
FJP1C401	呼吸肌功能-膈肌功能测定					检查费	检查收入	2.诊断类：(8)临床诊断项目费
FK	(八)循环系统							
FKA1A201	有创性心内电生理检查	FKA01201	有创性心内电生理检查	310702003	有创性心内电生理检查	检查费	检查收入	2.诊断类：(8)临床诊断项目费
FKA1A202	右心导管检查	FKA01203	右心导管检查	310702020	右心导管检查术	检查费	检查收入	2.诊断类：(8)临床诊断项目费
FKA1A203	左心导管检查	FKA01202	左心导管检查	310702021	左心导管检查术	检查费	检查收入	2.诊断类：(8)临床诊断项目费
FKA1A401	食管内心电图检查	FKA03401	食管内心电图检查	310701002	食管内心电图	检查费	检查收入	2.诊断类：(8)临床诊断项目费
FKA1A701	心房心室晚电位检查	FKA03709	心房心室晚电位检查	310701015	心室晚电位	检查费	检查收入	2.诊断类：(8)临床诊断项目费
				310701016	心房晚电位	检查费	检查收入	2.诊断类：(8)临床诊断项目费
FKA1A702	单通道常规心电图检查	FKA03701	单通道常规心电图检查	310701001	常规心电图检查	检查费	检查收入	2.诊断类：(8)临床诊断项目费
FKA1A703	多通道常规心电图检查	FKA03702	多通道常规心电图检查			检查费	检查收入	2.诊断类：(8)临床诊断项目费
FKA1A704	十二通道常规心电图检查	FKA03703	十二通道常规心电图检查			检查费	检查收入	2.诊断类：(8)临床诊断项目费
FKA1A705	三通道动态心电图检查	FKA03704	三通道动态心电图检查	310701003	动态心电图	检查费	检查收入	2.诊断类：(8)临床诊断项目费
FKA1A706	十二通道动态心电图检查	FKA03705	十二通道动态心电图检查	310701003	动态心电图	检查费	检查收入	2.诊断类：(8)临床诊断项目费
FKA1A707	频谱心电图检查	FKA03706	频谱心电图检查	310701004	频谱心电图	检查费	检查收入	2.诊断类：(8)临床诊断项目费
FKA1A708	标测心电图检查	FKA03707	标测心电图检查	310701005	标测心电图	检查费	检查收入	2.诊断类：(8)临床诊断项目费
				310701006	体表窦房结心电图	检查费	检查收入	2.诊断类：(8)临床诊断项目费
FKA1A709	心电向量图检查	FKA03708	心电向量图检查	310701012	心电向量图	检查费	检查收入	2.诊断类：(8)临床诊断项目费
		FKA02701	QT离散度			检查费	检查收入	2.诊断类：(8)临床诊断项目费
		FKA02702	T波电交替			检查费	检查收入	2.诊断类：(8)临床诊断项目费
		FKA02703	窦性心率震荡			检查费	检查收入	2.诊断类：(8)临床诊断项目费
		FKA03710	心音图检查	310701013	心音图	检查费	检查收入	2.诊断类：(8)临床诊断项目费
		FKA03711	心阻抗图检查	310701014	心阻抗图	检查费	检查收入	2.诊断类：(8)临床诊断项目费
		FKA03712	无创心血流图检查	310701020	无创心功能监测	检查费	检查收入	2.诊断类：(8)临床诊断项目费
FKA1A710	起搏器程控功能检查	FKA03713	起搏器程控功能检查	310702011	起搏器程控功能检查	检查费	检查收入	2.诊断类：(8)临床诊断项目费
				310702010	起搏器功能分析和随访	检查费	检查收入	2.诊断类：(8)临床诊断项目费
FKA1A711	除颤器程控功能检查	FKA03714	除颤器程控功能检查			检查费	检查收入	2.诊断类：(8)临床诊断项目费
FKA1A712	起搏器胸壁刺激法检查	FKA03715	起搏器胸壁刺激法检查	310702012	起搏器胸壁刺激法检查	检查费	检查收入	2.诊断类：(8)临床诊断项目费
FKA1B701	心电事件记录	FKA05703	心电事件记录	310701007	心电事件记录	检查费	检查收入	2.诊断类：(8)临床诊断项目费
FKA1B901	心腔三维标测术	FKA03901	心腔三维标测术			检查费	检查收入	2.诊断类：(8)临床诊断项目费
FKA1C201	经皮穿刺腔静脉压力测定	FKA02205	经皮穿刺上/下腔静脉压力测定			检查费	检查收入	2.诊断类：(8)临床诊断项目费
FKA1C202	周围静脉压测定	FKA02204	周围静脉压测定	310701026	周围静脉压测定	检查费	检查收入	2.诊断类：(8)临床诊断项目费
FKA1C203	肺循环血流动力学测定	FKA01204	肺循环血流动力学检查	310602007	肺循环血流动力学检查	检查费	检查收入	2.诊断类：(8)临床诊断项目费
FKA1C204	有创心输出量测定	FKA02201	有创心输出量测定	310701023	心输出量测定	检查费	检查收入	2.诊断类：(8)临床诊断项目费
FKA1C701	心功能测定-阻抗法	FKA02704	心搏出量测定-无创阻抗法	310701019	无创阻抗法心搏出量测定	检查费	检查收入	2.诊断类：(8)临床诊断项目费
FKA1C702	短程心率变异性分析	FKA05701	短程心率变异性分析	310701018	心率变异性分析	检查费	检查收入	2.诊断类：(8)临床诊断项目费
FKA1C703	24小时心率变异性分析	FKA05702	24小时心率变异性分析			检查费	检查收入	2.诊断类：(8)临床诊断项目费
FKA1C704	经皮肢体氧分压测定	FKA02705	经皮肢体氧分压测定			检查费	检查收入	2.诊断类：(8)临床诊断项目费
FKA1D701	心电图踏车负荷试验	FKA04701	心电图踏车负荷试验	310701010	心电图踏车负荷试验	检查费	检查收入	2.诊断类：(8)临床诊断项目费
FKA1D702	心电图平板负荷试验	FKA04702	心电图平板负荷试验			检查费	检查收入	2.诊断类：(8)临床诊断项目费
FKA1D703	心电图二阶梯负荷试验	FKA04703	心电图二阶梯负荷试验			检查费	检查收入	2.诊断类：(8)临床诊断项目费
FKA1D704	心电图药物负荷试验	FKA04704	心电图药物试验	310701011	心电图药物负荷试验	检查费	检查收入	2.诊断类：(8)临床诊断项目费
FKA1D705	倾斜试验	FKA04801	倾斜试验	310701017	倾斜试验	检查费	检查收入	2.诊断类：(8)临床诊断项目费
FKA1E201	动脉内压力监测	FKA05205	动脉内压力监测	310701025	动脉内压力监测	检查费	检查收入	2.诊断类：(8)临床诊断项目费
FKA1E202	肺动脉压右心房压力监测	FKA05204	肺动脉压右心房压力监测	310701024	肺动脉压和右心房压力监测	检查费	检查收入	2.诊断类：(8)临床诊断项目费
FKA1E701	无创心电监测	FKA05705	无创心电监测	310701022	心电监测	检查费	检查收入	2.诊断类：(8)临床诊断项目费
FKA1E702	动态血压监测	FKA05708	动态血压监测	310701021	动态血压监测	检查费	检查收入	2.诊断类：(8)临床诊断项目费
FKA1E703	无创血压监测	FKA05709	无创血压监测			检查费	检查收入	2.诊断类：(8)临床诊断项目费
FKA1E704	连续血气监测	FKA05710	无创指脉血氧饱和度监测	310701027	指脉氧监测	检查费	检查收入	2.诊断类：(8)临床诊断项目费
				310701028	血氧饱和度监测	检查费	检查收入	2.诊断类：(8)临床诊断项目费
FKA1J201	肺动脉漂浮导管置入术	FKA05202	肺动脉漂浮导管置入术			检查费	检查收入	2.诊断类：(8)临床诊断项目费
		FKA02206	肺动脉楔压测量			检查费	检查收入	2.诊断类：(8)临床诊断项目费
FKA6K201	经皮穿刺联合右心左心置管测压					检查费	检查收入	2.诊断类：(8)临床诊断项目费
FKA6K202	有创血压监测动脉置管术	FKA05206	有创血压监测动脉置管术			检查费	检查收入	2.诊断类：(8)临床诊断项目费
FKB1E201	心包腔内压力监测	FKA05201	心包腔内压力监测			检查费	检查收入	2.诊断类：(8)临床诊断项目费
FKB6D301	心包活检术	FKB07301	心包活检术			检查费	检查收入	2.诊断类：(8)临床诊断项目费
FKC6D201	经皮穿刺心内膜心肌活检术	FKC07201	经皮心内膜心肌活检术	320400002	经皮心内膜心肌活检术	检查费	检查收入	2.诊断类：(8)临床诊断项目费
FKH1E901	双心室辅助循环监测	HKH05901	双心室辅助循环监测	330803026	左右心室辅助循环	检查费	检查收入	2.诊断类：(8)临床诊断项目费
FKT1C701	心率变化测定	FCZ03709	心率变化测定			检查费	检查收入	2.诊断类：(8)临床诊断项目费
FKU1A201	经皮穿刺冠状动脉血管内超声检查	FKU01201	冠脉血管内超声(IVUS)检查	320500007	冠脉血管内超声检查术(IVUS)	检查费	检查收入	2.诊断类：(8)临床诊断项目费
FKU1A202	冠状动脉定量血流分数检查					检查费	检查收入	2.诊断类：(8)临床诊断项目费
FKU1A203	冠状动脉微循环阻力指数检查(IMR)					检查费	检查收入	2.诊断类：(8)临床诊断项目费
FKU1A601	冠状动脉血管内窥镜检查	FKU01601	冠脉血管内窥镜检查	320500010	冠脉血管内窥镜检查术	检查费	检查收入	2.诊断类：(8)临床诊断项目费
FKU1B201	冠状动脉血管内多普勒血流测量术(CFR)	FKU02201	冠脉血管内多普勒血流测量术	320500008	冠状血管内多普勒血流测量术	检查费	检查收入	2.诊断类：(8)临床诊断项目费
FKU1C201	冠状动脉血管内压力导丝测定术	FKU02202	冠脉血管内压力导丝测定术			检查费	检查收入	2.诊断类：(8)临床诊断项目费
FKU1C701	冠状动脉旁路流量测定术					检查费	检查收入	2.诊断类：(8)临床诊断项目费
FLA1D201	肺血管扩张试验					检查费	检查收入	2.诊断类：(8)临床诊断项目费
FLA1E201	肺动脉压持续监测	FKA05203	肺动脉压持续监测			检查费	检查收入	2.诊断类：(8)临床诊断项目费
FLA6D201	经皮穿刺肺动脉内活检术					检查费	检查收入	2.诊断类：(8)临床诊断项目费
FLB1E901	主动脉内球囊反搏(IABP)运行监测	HLB05901	主动脉内球囊反搏(IABP)运行监测	320500009	经皮主动脉气囊反搏动术(IABP)	检查费	检查收入	2.诊断类：(8)临床诊断项目费
FLG1C701	反射波增强指数检测(Sphygmocor)	FL302701	反射波增强指数			检查费	检查收入	2.诊断类：(8)临床诊断项目费
FL91B701	肢体动脉节段性测压	FL902701	肢体动脉节段性测压			检查费	检查收入	2.诊断类：(8)临床诊断项目费
FL91C701	脉搏波测定					检查费	检查收入	2.诊断类：(8)临床诊断项目费
FL91C702	无创中心动脉压测定(Sphygmocor)					检查费	检查收入	2.诊断类：(8)临床诊断项目费
FL96D201	经皮穿刺动脉内活检术	FL907201	经皮穿刺动脉内活检术			检查费	检查收入	2.诊断类：(8)临床诊断项目费
FMC6Q201	经皮穿刺选择性甲状旁腺静脉取血术	HMC60201	经皮穿刺选择性甲状旁腺静脉取血术			检查费	检查收入	2.诊断类：(8)临床诊断项目费
FMK6Q201	经皮穿刺选择性奇静脉取血术	HMK60201	经皮穿刺选择性奇静脉取血术			检查费	检查收入	2.诊断类：(8)临床诊断项目费
FMM6Q201	经皮穿刺选择性肝静脉取血术	HMM60201	经皮穿刺选择性肝静脉取血术			检查费	检查收入	2.诊断类：(8)临床诊断项目费
FMU6Q201	经皮穿刺选择性肾静脉取血术	HMU60202	经皮穿刺选择性肾静脉取血术			检查费	检查收入	2.诊断类：(8)临床诊断项目费
FMV6Q201	经皮穿刺选择性肾上腺静脉取血术	HMV60201	经皮穿刺选择性肾上腺静脉取血术			检查费	检查收入	2.诊断类：(8)临床诊断项目费
FM81C201	人工中心静脉压测定	FKA02202	人工中心静脉压测定			检查费	检查收入	2.诊断类：(8)临床诊断项目费
FM81C202	检测仪中心静脉压测定	FKA02203	检测仪中心静脉压测定			检查费	检查收入	2.诊断类：(8)临床诊断项目费
FM86Q201	经皮穿刺选择性腔静脉取血术	HM860201	经皮穿刺选择性上下腔静脉取血术			检查费	检查收入	2.诊断类：(8)临床诊断项目费
		FM909301	深度烧伤扩创血管探查术			检查费	检查收入	2.诊断类：(8)临床诊断项目费
FM91B701	踝肱指数测定	FDZ02701	踝肱指数			检查费	检查收入	2.诊断类：(8)临床诊断项目费
FM91C701	激光多普勒肢体血流测定	FM902701	激光多普勒肢体血流测定			检查费	检查收入	2.诊断类：(8)临床诊断项目费
FM91E901	体外膜肺(ECMO)运行监测	HM905901	体外膜肺氧合(ECMO)运行监测			检查费	检查收入	2.诊断类：(8)临床诊断项目费
FN	(九)造血及淋巴系统							
FNA1D701	骨髓净化预试验					检查费	检查收入	2.诊断类：(8)临床诊断项目费
FNA1J101	骨髓穿刺术	FNA06101	骨髓穿刺术	310800001	骨髓穿刺术	检查费	检查收入	2.诊断类：(8)临床诊断项目费
FNA6D101	骨髓活检术			310800002	骨髓活检术	检查费	检查收入	2.诊断类：(8)临床诊断项目费
FNB6D101	经皮脾穿刺活检术	FNB07101	经皮脾穿刺活检术	310800027	脾穿刺术	检查费	检查收入	2.诊断类：(8)临床诊断项目费
FNC1E701	免疫磁珠分选细胞					检查费	检查收入	2.诊断类：(8)临床诊断项目费
FNC1E702	血细胞分化簇抗原(CD)34阳性造血干细胞分选	FNA01701	血细胞分化簇抗原(CD)34阳性造血干细胞分选	310800017	血细胞分化簇抗原(CD)34阳性造血干细胞分选	检查费	检查收入	2.诊断类：(8)临床诊断项目费
FNC1E703	无创容积变异指数连续监测					检查费	检查收入	2.诊断类：(8)临床诊断项目费
FNC5F901	凝血功能+血小板功能动态监测	HAP05903	凝血功能和血小板功能动态监测			检查费	检查收入	2.诊断类：(8)临床诊断项目费
FND1C701	无创血红蛋白连续检测-分光光度法					检查费	检查收入	2.诊断类：(8)临床诊断项目费
FNE6D801	胸腺活检术					检查费	检查收入	2.诊断类：(8)临床诊断项目费
FNG6D301	颌下淋巴结活检术					检查费	检查收入	2.诊断类：(8)临床诊断项目费
FNN6D301	放射性同位素示踪腋窝前哨淋巴结活检术	FNN07301	放射性同位素示踪腋窝前哨淋巴结活检术	330900001	淋巴结穿刺术	检查费	检查收入	2.诊断类：(8)临床诊断项目费
FNN6D302	示踪腋窝前哨淋巴结活检术					检查费	检查收入	2.诊断类：(8)临床诊断项目费
FNN6D303	染料示踪腋窝前哨淋巴结活检术	FNN07302	蓝色染料示踪腋窝前哨淋巴结活检术	330900021	前哨淋巴结探查术	检查费	检查收入	2.诊断类：(8)临床诊断项目费
FNN6D304	荧光示踪腋窝前哨淋巴结活检术					检查费	检查收入	2.诊断类：(8)临床诊断项目费
FNQ1K101	经皮淋巴结针吸细胞活检术	FNQ07101	淋巴结针吸细胞活检术	330900001	淋巴结穿刺术	检查费	检查收入	2.诊断类：(8)临床诊断项目费
FNQ1K102	经皮淋巴结穿刺组织活检术	FNQ07102	淋巴结穿刺组织活检术			检查费	检查收入	2.诊断类：(8)临床诊断项目费
FNQ6D301	淋巴结切取活检术	FNQ07301	淋巴结切取活检术			检查费	检查收入	2.诊断类：(8)临床诊断项目费
FNQ6E301	淋巴管探查术					检查费	检查收入	2.诊断类：(8)临床诊断项目费
FP	(十)消化系统							
FPA-FPB	1.消化系统							
FPA1A601	上消化道内镜色素检查	FPA01603	内镜色素检查			检查费	检查收入	2.诊断类：(8)临床诊断项目费
FPA1A602	胶囊内镜检查	FPA01604	胶囊内镜检查	310903014	胶囊内镜检查	检查费	检查收入	2.诊断类：(8)临床诊断项目费
FPA1A603	上消化道图像增强内镜检查					检查费	检查收入	2.诊断类：(8)临床诊断项目费
FPA1A604	结直肠图像增强内镜检查					检查费	检查收入	2.诊断类：(8)临床诊断项目费
FPA1A605	结直肠内镜色素检查					检查费	检查收入	2.诊断类：(8)临床诊断项目费
FPA1A606	小肠内镜色素检查					检查费	检查收入	2.诊断类：(8)临床诊断项目费
FPA1A607	探头式共聚焦激光显微内镜检查					检查费	检查收入	2.诊断类：(8)临床诊断项目费
FPA1A608	经超声内镜经穿刺针共聚焦激光显微内镜检查					检查费	检查收入	2.诊断类：(8)临床诊断项目费
FPA1A609	经超声内镜经穿刺针囊腔内镜检查					检查费	检查收入	2.诊断类：(8)临床诊断项目费
		FPA01501	经手术切口纤维内镜检查			检查费	检查收入	2.诊断类：(8)临床诊断项目费
		FPA01502	经手术切口电子内镜检查			检查费	检查收入	2.诊断类：(8)临床诊断项目费
		FPA01601	经瘘口纤维内镜检查			检查费	检查收入	2.诊断类：(8)临床诊断项目费
		FPA01602	经瘘口电子内镜检查			检查费	检查收入	2.诊断类：(8)临床诊断项目费
FPA1C401	胃肠传输时间检测					检查费	检查收入	2.诊断类：(8)临床诊断项目费
FPA1D701	乳果糖氢呼气试验					检查费	检查收入	2.诊断类：(8)临床诊断项目费
FPB1A601	上消化道共聚焦激光显微内镜检查					检查费	检查收入	2.诊断类：(8)临床诊断项目费
FPB1A602	经内镜超声微探头上消化道检查	FPB01605	经电子胃镜超声微探头检查			检查费	检查收入	2.诊断类：(8)临床诊断项目费
FPB1A603	胃镜检查	FPB01602	电子胃镜检查			检查费	检查收入	2.诊断类：(8)临床诊断项目费
		FPB01601	纤维胃镜检查	310902005	纤维胃十二指肠镜检查	检查费	检查收入	2.诊断类：(8)临床诊断项目费
FPB1A604	经鼻胃镜检查	FPB01603	经鼻电子胃镜检查			检查费	检查收入	2.诊断类：(8)临床诊断项目费
FPB1A605	超声胃镜检查	FPB01604	超声胃镜检查	310902009	超声胃镜检查术	检查费	检查收入	2.诊断类：(8)临床诊断项目费
FPB1C401	胃-幽门-十二指肠压力测定	FPB02402	胃-幽门-十二指肠压力测定	310902003	胃幽门十二指肠压力测定	检查费	检查收入	2.诊断类：(8)临床诊断项目费
FPB1C402	24小时食管动态压力测定	FPB02401	24小时食管胃肠压力测定	310902004	24小时胃肠压力测定	检查费	检查收入	2.诊断类：(8)临床诊断项目费
		FPB05401	24小时胃-食管胆汁监测	310902002	24小时动态胃酸监测	检查费	检查收入	2.诊断类：(8)临床诊断项目费
FPB1E401	24小时食管/胃pH监测	FPB05402	24小时胃食管pH值监测			检查费	检查收入	2.诊断类：(8)临床诊断项目费
FPB1K601	上消化道内镜活检术	FPA07601	消化道内镜活检术			检查费	检查收入	2.诊断类：(8)临床诊断项目费
FPB1K602	超声内镜引导下穿刺针吸细胞及组织学检查	FPB07601	超声胃镜引导下穿刺活检术			检查费	检查收入	2.诊断类：(8)临床诊断项目费
FPC	2.食管							
FPC1A601	硬质食管镜食管检查	FPC09601	硬质食管镜食管探查术			检查费	检查收入	2.诊断类：(8)临床诊断项目费
		FPC01601	硬式食管镜检查	310901003	硬性食管镜检查	检查费	检查收入	2.诊断类：(8)临床诊断项目费
FPC1A602	硬质食管内镜食管检查					检查费	检查收入	2.诊断类：(8)临床诊断项目费
		FPC01602	纤维食管镜检查	310901004	纤维食管镜检查	检查费	检查收入	2.诊断类：(8)临床诊断项目费
FPC1C401	高分辨率食管压力测定	FPC02401	食管测压	310901001	食管测压	检查费	检查收入	2.诊断类：(8)临床诊断项目费
FPC1C402	儿童食管压力测定	FPC05401	小儿24小时食管运动连续监测			检查费	检查收入	2.诊断类：(8)临床诊断项目费
FPC1E401	24小时食管多通道阻抗监测					检查费	检查收入	2.诊断类：(8)临床诊断项目费
		FPC05402	小儿24小时食管pH及运动连续监测	310902002	24小时动态胃酸监测	检查费	检查收入	2.诊断类：(8)临床诊断项目费
		FPC04401	食管药物激发试验			检查费	检查收入	2.诊断类：(8)临床诊断项目费
		FPC06401	食管拉网术	310901002	食管拉网术	检查费	检查收入	2.诊断类：(8)临床诊断项目费
FPD	3.胃							
FPD1A701	胃电图检查	FPD01701	胃电图检查(EGG)	310902001	胃肠电图	检查费	检查收入	2.诊断类：(8)临床诊断项目费
FPD1C601	经内镜胃黏膜血流量测定	FPD02601	经内镜胃黏膜血流量测定			检查费	检查收入	2.诊断类：(8)临床诊断项目费
FPJ-FPK	4.小肠							
FPJ1A601	推进式小肠镜检查	FPJ01602	推进式小肠镜检查	310903004	小肠镜检查	检查费	检查收入	2.诊断类：(8)临床诊断项目费
FPJ1A602	气囊辅助小肠镜检查	FPJ01603	双气囊小肠镜检查			检查费	检查收入	2.诊断类：(8)临床诊断项目费
		FPJ01601	纤维小肠镜检查			检查费	检查收入	2.诊断类：(8)临床诊断项目费
FPJ1K601	经内镜小肠活检术					检查费	检查收入	2.诊断类：(8)临床诊断项目费
FPJ1K602	小肠镜活检术	FPJ07601	小肠镜活检术			检查费	检查收入	2.诊断类：(8)临床诊断项目费
FPK1C601	经内镜奥迪括约肌压力测定	FPK02601	经电子内镜奥迪括约肌压力测定	310903002	奥迪氏括约肌压力测定	检查费	检查收入	2.诊断类：(8)临床诊断项目费
FPN-FPT	5.结肠							
FPN1A601	结直肠共聚焦激光显微内镜检查					检查费	检查收入	2.诊断类：(8)临床诊断项目费
		FPS01601	电子结肠镜检查			检查费	检查收入	2.诊断类：(8)临床诊断项目费
FPS1A601项目编码	结肠镜检查项目名称	项目编码	项目名称	项目编码	项目名称			
		FPS01603	纤维结肠镜检查	310903005	纤维结肠镜检查	检查费	检查收入	2.诊断类：(8)临床诊断项目费
FPS1A602	超声结肠镜检查	FPS01602	超声结肠镜检查			检查费	检查收入	2.诊断类：(8)临床诊断项目费
FPS1C701	结肠压力测定					检查费	检查收入	2.诊断类：(8)临床诊断项目费
FPT1A601	乙状结肠镜检查	FPT01601	纤维乙状结肠镜检查	310903006	乙状结肠镜检查	检查费	检查收入	2.诊断类：(8)临床诊断项目费
		FPT01602	电子乙状结肠镜检查			检查费	检查收入	2.诊断类：(8)临床诊断项目费
FPU-FPV	6.直肠、肛门							
FPU1A601	直肠镜检查	FPU01601	直肠镜检查	310904001	直肠镜检查	检查费	检查收入	2.诊断类：(8)临床诊断项目费
FPU1A602	经内镜超声微探头结直肠检查					检查费	检查收入	2.诊断类：(8)临床诊断项目费
FPU1K601	直肠肛门活检术	FPU07601	直肠肛门活检术			检查费	检查收入	2.诊断类：(8)临床诊断项目费
FPU1K602	经内镜结直肠活检术					检查费	检查收入	2.诊断类：(8)临床诊断项目费
FPU6D401	直肠黏膜负压吸引活检术					检查费	检查收入	2.诊断类：(8)临床诊断项目费
FPV1A401	肛门指诊	FPV01401	肛门指诊	310904004	肛门指检	检查费	检查收入	2.诊断类：(8)临床诊断项目费
FPV1A601	肛门镜检查	FPV01601	肛门镜检查	310904003	肛门镜检查	检查费	检查收入	2.诊断类：(8)临床诊断项目费
FPV1C401	肛门直肠压力测定	FPV02401	肛门直肠测压	310904002	肛门直肠测压	检查费	检查收入	2.诊断类：(8)临床诊断项目费
				310904005	肛直肠肌电测量	检查费	检查收入	2.诊断类：(8)临床诊断项目费
FQA	7.肝							
FQA1C201	肝储备功能测定					检查费	检查收入	2.诊断类：(8)临床诊断项目费
FQA6D101	经皮肝穿活检术	FQA07101	经皮肝穿活检术			检查费	检查收入	2.诊断类：(8)临床诊断项目费
FQA6D201	经皮穿刺颈内静脉肝活检术(TJLB)	FQA07201	经皮穿刺颈内静脉肝活检术(TJLB)			检查费	检查收入	2.诊断类：(8)临床诊断项目费
FQE	8.胆							
FQE1A101	经皮经肝胆道镜检查	FQE01101	经皮经肝胆道镜检查	310905006	胆道镜检查	检查费	检查收入	2.诊断类：(8)临床诊断项目费
FQE1A601	经瘘管胆道镜检查	FQE01602	经瘘管胆道镜检查			检查费	检查收入	2.诊断类：(8)临床诊断项目费
FQF-FQP	9.胰							
FQE1A602	经口胆胰管镜检查	FQE01603	经口电子胆管镜检查	310905006	胆道镜检查	检查费	检查收入	2.诊断类：(8)临床诊断项目费
		FQP01601	经口电子胰管镜检查			检查费	检查收入	2.诊断类：(8)临床诊断项目费
		FQP01602	经内镜胰管腔内超声检查			检查费	检查收入	2.诊断类：(8)临床诊断项目费
		FQP06601	经电子内镜胰管细胞采集			检查费	检查收入	2.诊断类：(8)临床诊断项目费
FQN1K101	经皮胰腺穿刺活检术	HQN45101	经皮胰腺穿刺引流术	331007001	胰腺穿刺术	检查费	检查收入	2.诊断类：(8)临床诊断项目费
FQP1A601	经内镜胆胰管腔内超声检查	FQE01604	经内镜胆管腔内超声检查	310905024	经内镜胆管内超声检查术	检查费	检查收入	2.诊断类：(8)临床诊断项目费
FQP1F601	经内镜胆胰管细胞采集	FQE06601	经电子内镜胆管细胞采集			检查费	检查收入	2.诊断类：(8)临床诊断项目费
FQR-FQZ	10.其他							
FQR1K101	经皮腹腔/腹壁肿块穿刺活检术	HQR45101	经皮腹壁肿块穿刺引流术			检查费	检查收入	2.诊断类：(8)临床诊断项目费
FQT1K101	经皮腹膜后肿物穿刺活检术	HQT45104	经皮腹膜后肿物穿刺引流术			检查费	检查收入	2.诊断类：(8)临床诊断项目费
FQT6D101	经皮穿刺腹部肿物活检术	FQT07101	经皮穿刺腹部肿物活检术			检查费	检查收入	2.诊断类：(8)临床诊断项目费
FQU1K101	经皮盆腔穿刺活检术	HQU45101	经腹壁盆腔穿刺引流术			检查费	检查收入	2.诊断类：(8)临床诊断项目费
FQU1K102	经阴盆腔包块穿刺活检术	FTW07101	经阴盆腔包块穿刺活检术			检查费	检查收入	2.诊断类：(8)临床诊断项目费
FQU6D101	腹盆腔肿物穿刺活检术					检查费	检查收入	2.诊断类：(8)临床诊断项目费
FQZ1C701	新生儿经皮胆红素测定	FQZ02701	新生儿经皮胆红素测定	311202011	新生儿经皮胆红素测定	检查费	检查收入	2.诊断类：(8)临床诊断项目费
FR	(十一)泌尿系统							
FRA1C401	尿流率检测	FRA02401	尿流率检测	311000038	尿流率检测	检查费	检查收入	2.诊断类：(8)临床诊断项目费
FRA1C402	液体传导测压的常规尿动力学检测	FRA02402	尿流动力学检测	311000039	尿流动力学检测	检查费	检查收入	2.诊断类：(8)临床诊断项目费
FRA1C403	气体传导测压的常规尿动力学检测					检查费	检查收入	2.诊断类：(8)临床诊断项目费
		FRA02403	影像尿流动力学检测			检查费	检查收入	2.诊断类：(8)临床诊断项目费
FRA1C404	残余尿量测定-导尿法	FRA02404	残余尿量测定-导尿法	220203005	膀胱残余尿量测定	检查费	检查收入	2.诊断类：(8)临床诊断项目费
FRB1K101	经皮穿刺肾活检术	FRB07101	经皮肾穿刺活检术	311000015	肾穿刺术	检查费	检查收入	2.诊断类：(8)临床诊断项目费
FRB6C501	经皮肾镜检查	FRB01501	经皮肾镜检查	311000018	经皮肾盂镜检查	检查费	检查收入	2.诊断类：(8)临床诊断项目费
		FRB01502	经皮纤维肾镜检查			检查费	检查收入	2.诊断类：(8)临床诊断项目费
		FRB01503	经皮电子肾镜检查			检查费	检查收入	2.诊断类：(8)临床诊断项目费
FRB6D101	移植肾穿刺活检术					检查费	检查收入	2.诊断类：(8)临床诊断项目费
FRB6D501	经皮肾镜活检术	FRB07501	经皮肾镜活检术			检查费	检查收入	2.诊断类：(8)临床诊断项目费
FRC1B101	肾盂测压	FRC02101	肾盂测压	311000014	肾盂测压	检查费	检查收入	2.诊断类：(8)临床诊断项目费
				311000025	经输尿管镜输尿管扩张术	检查费	检查收入	2.诊断类：(8)临床诊断项目费
		FRF01602	经尿道纤维输尿管镜检查			检查费	检查收入	2.诊断类：(8)临床诊断项目费
		FRF01603	经尿道电子输尿管镜检查			检查费	检查收入	2.诊断类：(8)临床诊断项目费
FRF1A601	经尿道输尿管镜检查	FRF01601	经尿道输尿管镜检查	311000020	经尿道输尿管镜检查	检查费	检查收入	2.诊断类：(8)临床诊断项目费
FRF1K601	经尿道输尿管镜活检术	FRF07601	经尿道输尿管镜活检术			检查费	检查收入	2.诊断类：(8)临床诊断项目费
		FRG01601	电子膀胱镜检查			检查费	检查收入	2.诊断类：(8)临床诊断项目费
		FRG01602	纤维膀胱镜检查			检查费	检查收入	2.诊断类：(8)临床诊断项目费
FRG1A601	尿道膀胱镜检查	FRG01603	膀胱镜尿道镜检查	311000034	膀胱镜尿道镜检查	检查费	检查收入	2.诊断类：(8)临床诊断项目费
FRG1K601	经尿道膀胱镜活检术	FRG07601	经膀胱镜活检术			检查费	检查收入	2.诊断类：(8)临床诊断项目费
FRJ1A401	尿道括约肌肌电图					检查费	检查收入	2.诊断类：(8)临床诊断项目费
FRP1D201	腹膜平衡试验	FRP04901	腹膜平衡试验	311000005	腹膜平衡试验	检查费	检查收入	2.诊断类：(8)临床诊断项目费
FRZ1A201	透析病人干体重检查					检查费	检查收入	2.诊断类：(8)临床诊断项目费
FRZ1C201	动静脉内瘘血流量测定	FRA02201	心输出量测定-盐水稀释法	310701023	心输出量测定	检查费	检查收入	2.诊断类：(8)临床诊断项目费
		FRA02202	再循环测定-盐水稀释法			检查费	检查收入	2.诊断类：(8)临床诊断项目费
FRZ1E201	在线血容量监测 (BVM)					检查费	检查收入	2.诊断类：(8)临床诊断项目费
FRZ1E202	在线血透监测	FRZ05201	在线血透监测	311000012	血透监测	检查费	检查收入	2.诊断类：(8)临床诊断项目费
FS	(十二)男性生殖系统							
FSB1B701	睾丸体积测量	FSB02701	睾丸体积测量			检查费	检查收入	2.诊断类：(8)临床诊断项目费
FSB6D101	睾丸穿刺活检术	FSB07101	睾丸穿刺活检术	311100006	睾丸阴茎海绵体活检术	检查费	检查收入	2.诊断类：(8)临床诊断项目费
FSE6B101	输精管穿刺术					检查费	检查收入	2.诊断类：(8)临床诊断项目费
FSJ6C601	精囊镜检查					检查费	检查收入	2.诊断类：(8)临床诊断项目费
FSJ6E601	经尿道精囊镜探查术					检查费	检查收入	2.诊断类：(8)临床诊断项目费
FSK1A401	前列腺指检	FSK01401	前列腺指检			检查费	检查收入	2.诊断类：(8)临床诊断项目费
FSK6D101	经会阴前列腺穿刺活检术	FSK07102	经会阴前列腺穿刺活检术	311100014	前列腺针吸细胞学活检术	检查费	检查收入	2.诊断类：(8)临床诊断项目费
FSK6D401	经直肠前列腺穿刺活检术	FSK07101	经直肠前列腺穿刺活检术	311100013	B超引导下前列腺活检术	检查费	检查收入	2.诊断类：(8)临床诊断项目费
FSN1A701	阴茎超声血流图检查	FSN01701	阴茎超声血流图检查	311100004	阴茎超声血流图检查	检查费	检查收入	2.诊断类：(8)临床诊断项目费
FSN1B701	阴茎长度测量	FSN02701	阴茎长度测量			检查费	检查收入	2.诊断类：(8)临床诊断项目费
FSN1B702	阴茎动脉测压	FSN02702	阴茎动脉测压	311100011	阴茎动脉测压术	检查费	检查收入	2.诊断类：(8)临床诊断项目费
FSN1C701	球海绵体反射测定	FSN03702	球海绵体反射测定			检查费	检查收入	2.诊断类：(8)临床诊断项目费
FSN1C702	阴茎夜间生物电阻抗容积测定	FSN02703	夜间生物电阻抗容积测定			检查费	检查收入	2.诊断类：(8)临床诊断项目费
FSN1C703	阴茎生物感觉阈值测定	FSN03701	阴茎生物感觉阈值测定			检查费	检查收入	2.诊断类：(8)临床诊断项目费
FSN1C704	阴茎球海绵体肌反射潜伏期测定	FSN03703	阴茎球海绵体肌反射潜伏期测定			检查费	检查收入	2.诊断类：(8)临床诊断项目费
FSN1C705	阴茎坐骨海绵体肌反射潜伏期测定	FSN03704	阴茎坐骨海绵体肌反射潜伏期测定			检查费	检查收入	2.诊断类：(8)临床诊断项目费
FSN1C706	阴茎背神经躯体感觉诱发电位测定	FSN03705	阴茎背神经躯体感觉诱发电位测定			检查费	检查收入	2.诊断类：(8)临床诊断项目费
FSN1C707	阴茎背神经感觉传导测定	FSN03706	阴茎背神经感觉传导测定	311100005	阴茎勃起神经检查	检查费	检查收入	2.诊断类：(8)临床诊断项目费
FSN1E701	阴茎夜间勃起监测	FSN05701	夜间阴茎勃起监测			检查费	检查收入	2.诊断类：(8)临床诊断项目费
		FSN04701	夜间阴茎勃起试验	311100003	夜间阴茎胀大试验	检查费	检查收入	2.诊断类：(8)临床诊断项目费
FSN1E702	视听性刺激阴茎勃起监测	FSN05702	视听性刺激阴茎勃起监测			检查费	检查收入	2.诊断类：(8)临床诊断项目费
FSN6D101	阴茎海绵体穿刺活检术	FSN07101	阴茎海绵体穿刺活检术			检查费	检查收入	2.诊断类：(8)临床诊断项目费
FSS1C702	精子诱发顶体反应检测					检查费	检查收入	2.诊断类：(8)临床诊断项目费
FT	(十三)女性生殖系统							
FTA1A401	妇科检查					检查费	检查收入	2.诊断类：(8)临床诊断项目费
FTB1G701	促排卵治疗综合评估	FTB01701	促排卵治疗综合评估			检查费	检查收入	2.诊断类：(8)临床诊断项目费
FTC6C601	经宫腔输卵管镜检查	FTC01601	经宫腔输卵管镜检查			检查费	检查收入	2.诊断类：(8)临床诊断项目费
FTD1J401	分段诊断性刮宫术	FTD07401	分段诊断性刮宫术	311201050	刮宫术	检查费	检查收入	2.诊断类：(8)临床诊断项目费
FTE1A601	宫腔镜检查	FTE01601	宫腔镜检查	331306003	宫腔镜检查	检查费	检查收入	2.诊断类：(8)临床诊断项目费
		FTE01602	特殊宫腔镜检查			检查费	检查收入	2.诊断类：(8)临床诊断项目费
FTE1F401	宫腔细胞采取	FTE06401	宫腔细胞采取	311201017	宫腔吸片	检查费	检查收入	2.诊断类：(8)临床诊断项目费
FTE1J401	宫腔探查术					检查费	检查收入	2.诊断类：(8)临床诊断项目费
FTE6P401	宫腔组织吸引术	HTE65401	宫腔组织吸引术			检查费	检查收入	2.诊断类：(8)临床诊断项目费
FTF1K601	经宫腔镜子宫内膜活检术	FTF07601	经宫腔镜子宫内膜活检术			检查费	检查收入	2.诊断类：(8)临床诊断项目费
FTF6D401	子宫内膜活检术	FTF07401	子宫内膜活检术	311201013	子宫内膜活检术	检查费	检查收入	2.诊断类：(8)临床诊断项目费
FTG1G401	宫颈黏液评分	FTG01401	宫颈粘液评分			检查费	检查收入	2.诊断类：(8)临床诊断项目费
FTG1G402	宫颈黏液穿透测验					检查费	检查收入	2.诊断类：(8)临床诊断项目费
FTG1J401	宫颈内口探查术					检查费	检查收入	2.诊断类：(8)临床诊断项目费
FTG1K401	宫颈活检术	FTG07401	宫颈活检术	311201008	宫颈活检术	检查费	检查收入	2.诊断类：(8)临床诊断项目费
FTG1K402	宫颈管内膜活检术	FTG07402	宫颈管内膜活检术			检查费	检查收入	2.诊断类：(8)临床诊断项目费
FTL1A401	阴道荧光检查	FTL01401	阴道荧光检查	311201001	荧光检查	检查费	检查收入	2.诊断类：(8)临床诊断项目费
FTL1A601	光学/电子阴道镜检查	FTL01602	光学电子阴道镜检查	311201004	阴道镜检查	检查费	检查收入	2.诊断类：(8)临床诊断项目费
		FTL01601	光学阴道镜检查			检查费	检查收入	2.诊断类：(8)临床诊断项目费
		FTL01603	电子阴道镜检查			检查费	检查收入	2.诊断类：(8)临床诊断项目费
FTL6C601	后穹窿镜检查					检查费	检查收入	2.诊断类：(8)临床诊断项目费
FTM1K401	阴道活检术	FTM07401	阴道壁活检术			检查费	检查收入	2.诊断类：(8)临床诊断项目费
FTR1K701	外阴活检术	FTR07701	外阴活检术	311201002	外阴活检术	检查费	检查收入	2.诊断类：(8)临床诊断项目费
FTZ1C701	盆底肌肉肌力功能检测					检查费	检查收入	2.诊断类：(8)临床诊断项目费
FTZ1D701	性交后试验	FTZ04701	性交试验	311201035	性交试验	检查费	检查收入	2.诊断类：(8)临床诊断项目费
FU	(十四)孕产系统							
FUA1A701	产前常规检查	FUA01701	产前常规检查	311201023	产前检查	检查费	检查收入	2.诊断类：(8)临床诊断项目费
FUA1A702	高危妊娠产前常规检查	FUA01702	高危妊娠产前常规检查			检查费	检查收入	2.诊断类：(8)临床诊断项目费
FUA1B701	骨盆内外测量	FUA02701	骨盆内外测量	311201024	电子骨盆内测量	检查费	检查收入	2.诊断类：(8)临床诊断项目费
FUA1C701	着床前胚胎非整倍体检测(PGT-A)					检查费	检查收入	2.诊断类：(8)临床诊断项目费
FUD1A701	胚胎单基因病遗传诊断(PGT-M)	FUD01701	胚胎单基因病诊断			检查费	检查收入	2.诊断类：(8)临床诊断项目费
FUD1C701	染色体疾病的植入前胚胎遗传学检测(PGT-SR)	FUD01703	胚胎染色体病诊断			检查费	检查收入	2.诊断类：(8)临床诊断项目费
FUD1C901	着床前胚胎正常/平衡遗传学分析					检查费	检查收入	2.诊断类：(8)临床诊断项目费
FUD1G701	胚胎形态学评估	FUD01702	胚胎评分			检查费	检查收入	2.诊断类：(8)临床诊断项目费
FUD1K701	囊胚/卵裂期胚胎/卵母细胞活检术	FUD07701	卵裂球/极体活检术			检查费	检查收入	2.诊断类：(8)临床诊断项目费
		FUE05701	胎儿脐血流B超监测	311201028	胎儿脐血流监测	检查费	检查收入	2.诊断类：(8)临床诊断项目费
FUE1A501	经胎儿镜检查	FUE01501	经腹胎儿镜检查	311201027	胎儿镜检查	检查费	检查收入	2.诊断类：(8)临床诊断项目费
FUE1E701	胎心监测	KUE28701	胎心监护	311201026	胎心监测	检查费	检查收入	2.诊断类：(8)临床诊断项目费
				311201025	胎儿心电图	检查费	检查收入	2.诊断类：(8)临床诊断项目费
FUE1E702	持续胎心监测					检查费	检查收入	2.诊断类：(8)临床诊断项目费
FUE1F701	胎儿细胞制片	FUE06701	胎儿细胞制片			检查费	检查收入	2.诊断类：(8)临床诊断项目费
FUE6D501	经胎儿镜活检术					检查费	检查收入	2.诊断类：(8)临床诊断项目费
FUF1J101	孕早期经腹绒毛穿刺取材术	FUF06101	孕早期经腹绒毛穿刺取材术	311201065	早孕期经腹绒毛取材术	检查费	检查收入	2.诊断类：(8)临床诊断项目费
FUF1J102	孕早期经阴绒毛穿刺取材术	FUF06102	孕早期经阴绒毛穿刺取材术			检查费	检查收入	2.诊断类：(8)临床诊断项目费
FUH1A601	经阴道羊膜镜检查	FUH01601	经阴道羊膜镜检查	311201029	羊膜镜检查	检查费	检查收入	2.诊断类：(8)临床诊断项目费
FUH1J101	产前诊断性羊膜腔穿刺术	FUH07102	产前诊断性羊膜腔穿刺术	311201030	羊膜腔穿刺术	检查费	检查收入	2.诊断类：(8)临床诊断项目费
FUH1K101	经皮羊膜穿刺活检术	FUH07101	经皮羊膜穿刺活检术			检查费	检查收入	2.诊断类：(8)临床诊断项目费
		FUK01701	羊水卵磷脂鞘磷脂(LB)比值检测	311201033	羊水中胎肺成熟度LB记数检测	检查费	检查收入	2.诊断类：(8)临床诊断项目费
		FUK04701	羊水泡沫震荡试验	311201032	羊水泡沫振荡试验	检查费	检查收入	2.诊断类：(8)临床诊断项目费
FUZ1A701	辅助生殖技术配子安全性信息检查	KUZ39701	辅助生育技术安全性措施			检查费	检查收入	2.诊断类：(8)临床诊断项目费
FV	(十五)肌肉骨骼系统							
FVT1J101	腰椎穿刺术	FVT06101	腰椎穿刺术	310100016	腰椎穿刺术	检查费	检查收入	2.诊断类：(8)临床诊断项目费
		FWW09501	关节镜下腕中关节探查术	311300001	关节镜检查	手术费	手术收入	3.治疗类：(10)手术治疗费
		FVH07101	颈椎病灶穿刺活检术			检查费	检查收入	2.诊断类：(8)临床诊断项目费
		FVH07301	颈椎病灶切开椎体活检术			检查费	检查收入	2.诊断类：(8)临床诊断项目费
FXU1B701	糖尿病足筛查					检查费	检查收入	2.诊断类：(8)临床诊断项目费
FX71A301	麻醉下活动关节检查	HX709301	麻醉下活动关节检查术			检查费	检查收入	2.诊断类：(8)临床诊断项目费
FX81A701	表面肌电图检查	MAAX8001	表面肌电图检查	310100022	多功能神经肌肉功能监测	检查费	检查收入	2.诊断类：(8)临床诊断项目费
FX81C701	人体成分测定					检查费	检查收入	2.诊断类：(8)临床诊断项目费
FX81G701	肌萎缩侧索硬化功能评分	MAZX8001	肌萎缩侧索硬化功能评分			检查费	检查收入	2.诊断类：(8)临床诊断项目费
FX91A701	直流-感应电检查	MAAX9001	直流-感应电电诊断检查	340100007	电诊断	检查费	检查收入	2.诊断类：(8)临床诊断项目费
FX91A702	强度-时间曲线检查	MAAX9002	低频电强度-时间曲线检查			检查费	检查收入	2.诊断类：(8)临床诊断项目费
FX91D701	新斯的明试验					检查费	检查收入	2.诊断类：(8)临床诊断项目费
FY	(十六)体被系统							
FYA1A501	乳管镜检查	FYA01501	乳管镜检查	311201064	乳管镜检查	检查费	检查收入	2.诊断类：(8)临床诊断项目费
FYA1K102	乳腺锥光束CT引导穿刺术					检查费	检查收入	2.诊断类：(8)临床诊断项目费
FYA6D101	经皮乳腺肿物针吸细胞活检术	FYA07101	乳腺肿物针吸细胞活检术			检查费	检查收入	2.诊断类：(8)临床诊断项目费
FYA6D102	经皮乳腺病变穿刺组织活检术	FYA07102	乳腺肿物穿刺组织活检术	331601001	乳腺肿物穿刺术	检查费	检查收入	2.诊断类：(8)临床诊断项目费
FYQ1A701	足底受力反馈系统检查					检查费	检查收入	2.诊断类：(8)临床诊断项目费
		FYR02705	最小红斑量测定(MED)	311400011	光敏试验	检查费	检查收入	2.诊断类：(8)临床诊断项目费
FYR1A501	皮肤镜检查	FYR01501	皮肤镜检测诊断			检查费	检查收入	2.诊断类：(8)临床诊断项目费
				311400004	皮肤直接免疫荧光检查	检查费	检查收入	2.诊断类：(8)临床诊断项目费
FYR1A701	伍德灯检查	FYR01703	伍德灯检查	311400009	伍德氏灯检查	检查费	检查收入	2.诊断类：(8)临床诊断项目费
FYR1A702	皮肤寄生虫检查	FYR01701	皮肤寄生虫检查	311400006	皮损取材检查	检查费	检查收入	2.诊断类：(8)临床诊断项目费
FYR1A703	皮肤反射式共聚焦显微镜检查					检查费	检查收入	2.诊断类：(8)临床诊断项目费
FYR1A704	压力疼痛阈值检查	FHS01702	触痛仪检查(PPT)	310508004	触痛仪检查	检查费	检查收入	2.诊断类：(8)临床诊断项目费
FYR1C701	紫外线生物剂量测定	MAZYR001	紫外线生物剂量测定			检查费	检查收入	2.诊断类：(8)临床诊断项目费
FYR1C702	皮肤色素检测分析	FYR01702	皮肤色素检测分析	311400005	皮肤生理指标系统分析	检查费	检查收入	2.诊断类：(8)临床诊断项目费
FYR1C703	皮肤皮脂检测分析	FYR02701	皮肤皮脂检测分析			检查费	检查收入	2.诊断类：(8)临床诊断项目费
FYR1C704	皮肤水分检测分析	FYR02702	皮肤水分检测分析			检查费	检查收入	2.诊断类：(8)临床诊断项目费
FYR1C705	皮肤pH值检测分析	FYR02703	皮肤pH值检测分析			检查费	检查收入	2.诊断类：(8)临床诊断项目费
FYR1C706	皮肤纹理检测分析	FYR02704	皮肤纹理检测分析			检查费	检查收入	2.诊断类：(8)临床诊断项目费
FYR1D101	变应原皮内试验	FYR04101	变应原皮内试验	311400001	变应原皮内试验	检查费	检查收入	2.诊断类：(8)临床诊断项目费
FYR1D102	变应原点刺试验	FYR04102	变应原点刺试验			检查费	检查收入	2.诊断类：(8)临床诊断项目费
FYR1D103	结核菌素试验					检查费	检查收入	2.诊断类：(8)临床诊断项目费
FYR1D104	自体血清皮肤试验					检查费	检查收入	2.诊断类：(8)临床诊断项目费
FYR1D701	皮肤温度敏感试验					检查费	检查收入	2.诊断类：(8)临床诊断项目费
FYR1D702	皮肤斑贴变应原试验	FYR04701	皮肤斑贴变应原试验	311400010	斑贴试验	检查费	检查收入	2.诊断类：(8)临床诊断项目费
FYR1D703	皮肤光斑贴变应原试验	FYR04702	皮肤光斑贴变应原试验			检查费	检查收入	2.诊断类：(8)临床诊断项目费
FYR1D704	醋酸白试验	FYR04703	醋酸白试验	311400012	醋酸白试验	检查费	检查收入	2.诊断类：(8)临床诊断项目费
FYS1A701	毛发检查	FYS01701	毛发检查	311400007	毛雍症检查	检查费	检查收入	2.诊断类：(8)临床诊断项目费
				311400008	天疱疮细胞检查	检查费	检查收入	2.诊断类：(8)临床诊断项目费
FYT1A701	甲皱壁微循环检查					检查费	检查收入	2.诊断类：(8)临床诊断项目费
FYX1F101	经皮穿刺循环肿瘤细胞捕获术					检查费	检查收入	2.诊断类：(8)临床诊断项目费
FYZ1A901	性病检查	FYZ01901	性病检查	311400002	性病检查	检查费	检查收入	2.诊断类：(8)临床诊断项目费
FZX1E701	经皮二氧化碳分压监测					检查费	检查收入	2.诊断类：(8)临床诊断项目费
FZX6D101	深部肿物穿刺活检术					检查费	检查收入	2.诊断类：(8)临床诊断项目费
FZY1G701	功能独立性评价					检查费	检查收入	2.诊断类：(8)临床诊断项目费
FZZ1B701	事件相关电位					检查费	检查收入	2.诊断类：(8)临床诊断项目费
FZZ1C901	母乳营养成分检测					检查费	检查收入	2.诊断类：(8)临床诊断项目费
FZZ1E301	运动诱发电位术中监测					检查费	检查收入	2.诊断类：(8)临床诊断项目费
FA	(十七)精神心理							
FAA1G701	老年谵妄量表测评	FAA04701	老年谵妄检查表(GDCL)测评	311501002	精神科B类量表测查	检查费	检查收入	2.诊断类：(8)临床诊断项目费
FAA1G702	Piers-Harris 儿童自我意识量表测评	FAA04702	儿童自我意识量表(CSCS)测评			检查费	检查收入	2.诊断类：(8)临床诊断项目费
FAB1A701	定向力检查	FAB04701	定向力检查	340200012	认知知觉功能检查	检查费	检查收入	2.诊断类：(8)临床诊断项目费
				311202014	新生儿量表检查	检查费	检查收入	2.诊断类：(8)临床诊断项目费
		FAC04717	儿童发育量表(PEP)测验	311501003	精神科C类量表测查	检查费	检查收入	2.诊断类：(8)临床诊断项目费
FAC1A701	婴幼儿智能发育检查(0-3岁)	FAC04718	婴幼儿智能发育检查(CDCC，0-3岁)			检查费	检查收入	2.诊断类：(8)临床诊断项目费
FAC1A702	中国儿童发展量表智能检查(3-6岁)	FAC04719	中国儿童发展量表智能检查(CDCC，3-6岁)			检查费	检查收入	2.诊断类：(8)临床诊断项目费
FAC1A703	0-6岁儿童发育检查	FAC04720	0-6岁儿童发育检查(Gesel)	311501003	精神科C类量表测查	检查费	检查收入	2.诊断类：(8)临床诊断项目费
FAC1G701	长谷川痴呆测验(HDS-R)	FAC04701	长谷川痴呆测验(HDS-R)	311501001	精神科A类量表测查	检查费	检查收入	2.诊断类：(8)临床诊断项目费
FAC1G702	小学生推理能力测验	FAC04702	小学生推理能力测验			检查费	检查收入	2.诊断类：(8)临床诊断项目费
FAC1G703	智力成就责任问卷测评(IAR)	FAC04703	智力成就责任问卷测评			检查费	检查收入	2.诊断类：(8)临床诊断项目费
FAC1G704	丹佛发育筛查测验(DDST)	FAC04704	丹佛小儿智能发育筛查表(DDST)测评			检查费	检查收入	2.诊断类：(8)临床诊断项目费
FAC1G705	绘人测验	FAC04705	绘人智力测验			检查费	检查收入	2.诊断类：(8)临床诊断项目费
FAC1G706	中国儿童发展量表测评	FAC04706	中国儿童发展量表测评			检查费	检查收入	2.诊断类：(8)临床诊断项目费
FAC1G707	葛塞尔发育量表测评	FAC04707	葛塞尔发育诊断量表测评	311501003	精神科C类量表测查	检查费	检查收入	2.诊断类：(8)临床诊断项目费
FAC1G708	联合型瑞文测验(CRT)	FAC04708	联合型瑞文测验(CRT)	311501002	精神科B类量表测查	检查费	检查收入	2.诊断类：(8)临床诊断项目费
FAC1G709	贝利婴幼儿发展量表测评(BSID)	FAC04709	贝利婴幼儿发展量表(BSID)测评			检查费	检查收入	2.诊断类：(8)临床诊断项目费
FAC1G710	中国儿童发展量表测评(CDCC)	FAC04710	婴幼儿智能发育测验			检查费	检查收入	2.诊断类：(8)临床诊断项目费
FAC1G711	瑞文推理测验(RPM)	FAC04711	瑞文推理测验			检查费	检查收入	2.诊断类：(8)临床诊断项目费
FAC1G712	中国韦氏成人智力测验(WAIS)	FAC04712	中国韦氏成人智力测验	311501003	精神科C类量表测查	检查费	检查收入	2.诊断类：(8)临床诊断项目费
FAC1G713	中国比内测验	FAC04713	中国比内测验			检查费	检查收入	2.诊断类：(8)临床诊断项目费
FAC1G714	中国韦氏幼儿智力测评(C-WYCSI)	FAC04714	中国韦氏幼儿智力量表测验(C-WYCSI)			检查费	检查收入	2.诊断类：(8)临床诊断项目费
FAC1G715	中国韦氏儿童智力测评(C-WISC)	FAC04715	中国韦氏儿童智力量表测验(C-WISC)			检查费	检查收入	2.诊断类：(8)临床诊断项目费
FAC1G716	中国幼儿智力量表测评(ISCYC)	FAC04716	中国幼儿智力量表(ISCYC)测验	311501003	精神科C类量表测查	检查费	检查收入	2.诊断类：(8)临床诊断项目费
FAC1G717	儿童智能50项测验	FAC04721	儿童智能50项测验	311501002	精神科B类量表测查	检查费	检查收入	2.诊断类：(8)临床诊断项目费
FAD1G701	日常生活能力评定	FAD04701	日常生活能力评定	340200003	日常生活能力评定	检查费	检查收入	2.诊断类：(8)临床诊断项目费
FAD1G702	日常生活能力评定量表测评(ADL)	FAD04702	日常生活能力评定量表测评	311501001	精神科A类量表测查	检查费	检查收入	2.诊断类：(8)临床诊断项目费
FAD1G703	社会功能缺陷筛选量表测评(SDSS)	FAD04703	社会功能缺陷筛选量表测评	311501002	精神科B类量表测查	检查费	检查收入	2.诊断类：(8)临床诊断项目费
FAD1G704	婴儿-初中学生社会生活能力量表测评	FAD04704	婴儿-初中学生社会生活能力量表测评			检查费	检查收入	2.诊断类：(8)临床诊断项目费
FAD1G705	成人智残评定量表测评	FAD04705	成人智残评定量表测评	311501001	精神科A类量表测查	检查费	检查收入	2.诊断类：(8)临床诊断项目费
FAD1G706	儿童适应行为评定量表测评(GABRS)	FAD04706	儿童适应行为评定量表(GABRS)测评			检查费	检查收入	2.诊断类：(8)临床诊断项目费
		FAE04701	气质量表测评			检查费	检查收入	2.诊断类：(8)临床诊断项目费
		FAE04705	艾森克人格测评(少年版)	311501002	精神科B类量表测查	检查费	检查收入	2.诊断类：(8)临床诊断项目费
FAE1G701	父母用儿童气质问卷测评(PTQ)	FAE04702	儿童气质问卷(PTQ)测评			检查费	检查收入	2.诊断类：(8)临床诊断项目费
FAE1G702	Carey儿童气质量表测评(不改)	FAE04703	儿童气质量表(Carey)测评			检查费	检查收入	2.诊断类：(8)临床诊断项目费
FAE1G703	儿童内外控量表测评	FAE04704	儿童内外控量表测评	311501001	精神科A类量表测查	检查费	检查收入	2.诊断类：(8)临床诊断项目费
FAE1G704	幼儿人格发展趋势问卷(PTSC)测评	FAE04706	幼儿人格发展趋势问卷测评			检查费	检查收入	2.诊断类：(8)临床诊断项目费
FAE1G705	Y-G性格测验	FAE04707	性格测验(Y-G)	311501002	精神科B类量表测查	检查费	检查收入	2.诊断类：(8)临床诊断项目费
FAE1G706	人格诊断问卷(PDQ-4+)测评	FAE04708	人格诊断问卷(PDQ-4+)测评			检查费	检查收入	2.诊断类：(8)临床诊断项目费
FAE1G707	五态性格问卷测评	FAE04709	五态性格问卷测评	311501002	精神科B类量表测查	检查费	检查收入	2.诊断类：(8)临床诊断项目费
FAE1G708	艾森克个性测验(EPQ)	FAE04710	艾森克个性测验	311501003	精神科C类量表测查	检查费	检查收入	2.诊断类：(8)临床诊断项目费
FAE1G709	爱德华个人偏好量表测评(EPPS)	FAE04711	爱德华个人偏好量表(EPPS)测评			检查费	检查收入	2.诊断类：(8)临床诊断项目费
FAE1G710	米隆临床诊断问卷(MCMI)测评	FAE04712	米隆临床诊断问卷(MCMI)			检查费	检查收入	2.诊断类：(8)临床诊断项目费
FAE1G711	卡特尔16项人格测验	FAE04713	卡特尔16项人格测验			检查费	检查收入	2.诊断类：(8)临床诊断项目费
FAE1G712	明尼苏达多相个性测验	FAE04714	明尼苏达多相个性测验			检查费	检查收入	2.诊断类：(8)临床诊断项目费
FAF1G701	进食态度问卷测评	FAF04701	进食障碍态度问卷测评	311501001	精神科A类量表测查	检查费	检查收入	2.诊断类：(8)临床诊断项目费
FAF1G702	进食障碍调查问卷-1测评	FAF04702	进食障碍相关症状问卷测评			检查费	检查收入	2.诊断类：(8)临床诊断项目费
FAF1G703	进食障碍诊断问卷测评	FAF04703	进食障碍诊断问卷测评	311501003	精神科C类量表测查	检查费	检查收入	2.诊断类：(8)临床诊断项目费
FAF1G704	进食障碍筛查问卷测评	FAF04704	进食障碍筛查问卷测评	311501002	精神科B类量表测查	检查费	检查收入	2.诊断类：(8)临床诊断项目费
FAF1G705	进食障碍检查问卷-6测评					检查费	检查收入	2.诊断类：(8)临床诊断项目费
FAF1G706	密歇根酒精依赖筛查量表测评	FAF04705	酒精依赖调查表(MAST)测评	311501001	精神科A类量表测查	检查费	检查收入	2.诊断类：(8)临床诊断项目费
FAF1G707	酒精依赖戒断评估量表测评	FAF04706	酒精戒断综合征量表测评	311501002	精神科B类量表测查	检查费	检查收入	2.诊断类：(8)临床诊断项目费
FAF1G708	肇事肇祸风险评估量表测评					检查费	检查收入	2.诊断类：(8)临床诊断项目费
FAG1D701	睡眠呼吸监测过筛试验	FJZ04701	睡眠呼吸监测过筛试验	310604002	睡眠呼吸监测过筛试验	检查费	检查收入	2.诊断类：(8)临床诊断项目费
FAG1E701	便携睡眠监测	FJZ04702	简易睡眠呼吸监测过筛试验			检查费	检查收入	2.诊断类：(8)临床诊断项目费
FAG1E702	多导睡眠监测	FJZ05701	标准多导睡眠监测	310604001	睡眠呼吸监测	检查费	检查收入	2.诊断类：(8)临床诊断项目费
FAG1E703	16导脑电多导睡眠监测	FJZ05702	多导脑电睡眠监测			检查费	检查收入	2.诊断类：(8)临床诊断项目费
FAG1E704	32导脑电多导睡眠监测	FJZ05703	加强多导脑电睡眠监测			检查费	检查收入	2.诊断类：(8)临床诊断项目费
FAG1E705	分段睡眠监测-智能压力滴定	FJZ05704	分段睡眠监测-智能压力滴定			检查费	检查收入	2.诊断类：(8)临床诊断项目费
FAG1E706	分段睡眠监测-手工压力滴定	FJZ05705	分段睡眠监测-手工压力滴定			检查费	检查收入	2.诊断类：(8)临床诊断项目费
FAG1G701	匹兹堡睡眠质量指数量表测评(PSQI)	FAG04701	匹兹堡睡眠质量指数量表检查	311501001	精神科A类量表测查	检查费	检查收入	2.诊断类：(8)临床诊断项目费
FAG1G702	阿森斯失眠量表测评(AIS)	FAG04702	阿森斯失眠量表检查			检查费	检查收入	2.诊断类：(8)临床诊断项目费
FAG1G703	爱泼沃斯嗜睡量表测评(ESS)	FAG04703	爱泼沃斯嗜睡量表检查			检查费	检查收入	2.诊断类：(8)临床诊断项目费
FAG1G704	睡眠卫生知识量表测评	FAG04704	睡眠卫生知识量表检查			检查费	检查收入	2.诊断类：(8)临床诊断项目费
FAG1G705	催眠感受性测评	FAG04705	催眠感受性测评			检查费	检查收入	2.诊断类：(8)临床诊断项目费
		FAH04702	个别能力测验	311501002	精神科B类量表测查	检查费	检查收入	2.诊断类：(8)临床诊断项目费
FAH1G701	思维型/艺术型测验	FAH04701	思维型/艺术型测验	311501001	精神科A类量表测查	检查费	检查收入	2.诊断类：(8)临床诊断项目费
FAH1G702	压力评估量表测评	FAH04703	压力评估量表测评			检查费	检查收入	2.诊断类：(8)临床诊断项目费
FAH1G703	生活事件评定量表测评(LES)	FAH04704	生活事件评定量表(LES)测评	311501002	精神科B类量表测查	检查费	检查收入	2.诊断类：(8)临床诊断项目费
FAH1G704	防御机制问卷测评(DSQ)	FAH04705	防御机制问卷(DSQ)测评			检查费	检查收入	2.诊断类：(8)临床诊断项目费
		FAJ04701	注意分配测评	311501001	精神科A类量表测查	检查费	检查收入	2.诊断类：(8)临床诊断项目费
		FAJ04705	注意成套测验	311501001	精神科A类量表测查	检查费	检查收入	2.诊断类：(8)临床诊断项目费
FAJ1G701	注意划消测验	FAJ04702	注意划消测验			检查费	检查收入	2.诊断类：(8)临床诊断项目费
FAJ1G702	套瓦注意力变量测验(TOVA)	FAJ04703	套瓦(TOVA)注意力竞量测评	311502001	套瓦(TOVA)注意力竞量测试	检查费	检查收入	2.诊断类：(8)临床诊断项目费
FAJ1G703	注意力行为测验	FAJ04704	行为注意测验(TEA)	311501001	精神科A类量表测查	检查费	检查收入	2.诊断类：(8)临床诊断项目费
				340200016	记忆广度检查	检查费	检查收入	2.诊断类：(8)临床诊断项目费
		FAK04704	再认能力测定感统量表测评	311501001	精神科A类量表测查	检查费	检查收入	2.诊断类：(8)临床诊断项目费
FAK1G701	瞬时记忆测验	FAK04701	瞬时记忆测验			检查费	检查收入	2.诊断类：(8)临床诊断项目费
FAK1G702	短时记忆广度测评	FAK04702	短时记忆广度测评			检查费	检查收入	2.诊断类：(8)临床诊断项目费
FAK1G703	空间位置记忆广度测评	FAK04703	空间位置记忆广度测评			检查费	检查收入	2.诊断类：(8)临床诊断项目费
FAK1G704	记忆力评定	FAK04705	行为记忆测验	340200013	记忆力评定	检查费	检查收入	2.诊断类：(8)临床诊断项目费
FAK1G705	临床记忆测验	FAK04706	临床记忆测验	311501003	精神科C类量表测查	检查费	检查收入	2.诊断类：(8)临床诊断项目费
FAK1G706	中国韦氏成人记忆测验(WMS)	FAK04707	中国韦氏成人记忆测验			检查费	检查收入	2.诊断类：(8)临床诊断项目费
FAL1G701	宗(Zung)氏焦虑自评量表测评	FAL04701	宗(Zung)氏焦虑自评量表测评	311501001	精神科A类量表测查	检查费	检查收入	2.诊断类：(8)临床诊断项目费
FAL1G702	汉密尔顿焦虑量表测评(HAMA)	FAL04702	汉密尔顿焦虑量表测评			检查费	检查收入	2.诊断类：(8)临床诊断项目费
FAL1G703	宗(Zung)氏抑郁自评量表测评	FAL04703	宗(Zung)氏抑郁自评量表测评			检查费	检查收入	2.诊断类：(8)临床诊断项目费
FAL1G704	蒙哥马利量表抑郁评定量表测评	FAL04704	蒙哥马利量表抑郁评定量表(MADRS)测评			检查费	检查收入	2.诊断类：(8)临床诊断项目费
FAL1G705	贝克抑郁自评问卷量表测评	FAL04705	贝克抑郁自评问卷(BDI)测评	311501001	精神科A类量表测查	检查费	检查收入	2.诊断类：(8)临床诊断项目费
FAL1G706	汉密尔顿抑郁量表测评(HAMD)	FAL04706	汉密尔顿抑郁量表测评			检查费	检查收入	2.诊断类：(8)临床诊断项目费
FAL1G707	躁狂状态评定量表测评	FAL04707	躁狂状态评定量表测评			检查费	检查收入	2.诊断类：(8)临床诊断项目费
FAL1G708	心境障碍问卷 (MDQ)测评					检查费	检查收入	2.诊断类：(8)临床诊断项目费
FAL1G709	社会交往问卷(SCQ)测评					检查费	检查收入	2.诊断类：(8)临床诊断项目费
FAM1C701	视觉质量分析					检查费	检查收入	2.诊断类：(8)临床诊断项目费
FAM1G701	本顿视觉保持测验(BVRT)	FAM04701	本顿视觉保持测验(BVRT)	311501002	精神科B类量表测查	检查费	检查收入	2.诊断类：(8)临床诊断项目费
FAM1G702	格式塔测验	FAM04702	格式塔测验(Bender-Gestalt)			检查费	检查收入	2.诊断类：(8)临床诊断项目费
FAM1G703	感觉统合能力发展评定量表测评	FAM04703	感觉统合能力发展评定量表测评			检查费	检查收入	2.诊断类：(8)临床诊断项目费
FAM1G704	视觉类比量表测评(VAS)					检查费	检查收入	2.诊断类：(8)临床诊断项目费
		FAP04702	认知方式测评(CCES)			检查费	检查收入	2.诊断类：(8)临床诊断项目费
FAP1A701	儿童认知能力检查	FAP04707	儿童认知能力测查			检查费	检查收入	2.诊断类：(8)临床诊断项目费
FAP1G701	蒙特利尔认知评估	FAP04701	蒙特利尔认知评估(MoCA)			检查费	检查收入	2.诊断类：(8)临床诊断项目费
FAP1G702	简明精神状况测验(MMSE)	FAP04703	简明精神状况测验(MMSE)	311501001	精神科A类量表测查	检查费	检查收入	2.诊断类：(8)临床诊断项目费
FAP1G703	威斯康星卡片分类测验(WCST)	FAP04704	威斯康星卡片分类测验(WCST)			检查费	检查收入	2.诊断类：(8)临床诊断项目费
FAP1G704	Cohen-Mansfield激越问卷(CMAI)测评	FAP04705	激越问卷测评	311501002	精神科B类量表测查	检查费	检查收入	2.诊断类：(8)临床诊断项目费
FAP1G705	神经认知功能测评(MCCB)	FAP04706	精神分裂症认知功能测验MCCB	311501003	精神科C类量表测查	检查费	检查收入	2.诊断类：(8)临床诊断项目费
FAP1G706	洛文斯顿认知成套测验	FAP04708	洛文斯顿认知成套测验(LOTCA)			检查费	检查收入	2.诊断类：(8)临床诊断项目费
FAP1G707	辨认和控制能力精神医学评定量表测评(PASCVC)					检查费	检查收入	2.诊断类：(8)临床诊断项目费
FAQ1G701	图片词汇测评	FAQ04701	图片词汇测验	311501002	精神科B类量表测查	检查费	检查收入	2.诊断类：(8)临床诊断项目费
FAS1G701	希-内学习能力测评	FAS04701	希-内学习能力测验	311501003	精神科C类量表测查	检查费	检查收入	2.诊断类：(8)临床诊断项目费
FAT1C701	新生儿行为测定			311202015	新生儿行为测定	检查费	检查收入	2.诊断类：(8)临床诊断项目费
FAT1G701	Conners儿童行为量表测评	FAT04701	儿童行为量表(Conners)测评	311501001	精神科A类量表测查	检查费	检查收入	2.诊断类：(8)临床诊断项目费
FAT1G702	阿奇班克(Achenbach)儿童行为问卷测评	FAT04702	阿奇班克(Achenbach)儿童行为量表(CBCL)测评			检查费	检查收入	2.诊断类：(8)临床诊断项目费
FAT1G703	A型性格问卷测评(TABP)	FAT04703	A型性格问卷(TABP)测评			检查费	检查收入	2.诊断类：(8)临床诊断项目费
FAT1G704	精神护理观察量表(NOSIE)测评	FAT04704	精神护理观察量表(NOSIE)测评	311501002	精神科B类量表测查	检查费	检查收入	2.诊断类：(8)临床诊断项目费
FAT1G705	阿尔茨海默病病理行为评定量表测评(BEHAVE-AD)	FAT04705	阿尔茨海默病病理行为评定量表			检查费	检查收入	2.诊断类：(8)临床诊断项目费
FAT1G706	Rutter儿童行为量表测评	FAT04706	儿童行为问卷测评(Rutter)			检查费	检查收入	2.诊断类：(8)临床诊断项目费
FAT1G707	攻击风险测评量表测评	FAT04707	攻击风险测评	311501002	精神科B类量表测查	检查费	检查收入	2.诊断类：(8)临床诊断项目费
FAT1G708	自杀风险量表测评	FAT04708	自杀风险测评			检查费	检查收入	2.诊断类：(8)临床诊断项目费
FAT1G709	宾夕法尼亚酒精渴求量表测评					检查费	检查收入	2.诊断类：(8)临床诊断项目费
FAT1G710	成瘾严重程度指数量表测评					检查费	检查收入	2.诊断类：(8)临床诊断项目费
FAV1G701	艾森贝格(Asberg)抗抑郁剂不良反应量表测评	FAV04701	艾森贝格(Asberg)抗抑郁剂不良反应表测评	311501001	精神科A类量表测查	检查费	检查收入	2.诊断类：(8)临床诊断项目费
FAV1G702	药物副反应量表测评(TESS)	FAV04702	药物不良反应量表(TESS)测评			检查费	检查收入	2.诊断类：(8)临床诊断项目费
FAV1G703	不自主运动评定量表测评(AIMS)	FAV04703	不自主运动评定量表测评			检查费	检查收入	2.诊断类：(8)临床诊断项目费
FAV1G704	锥体外系副作用量表测评	FAV04704	锥体外系副作用量表测评			检查费	检查收入	2.诊断类：(8)临床诊断项目费
		FAW04703	科赫(Kohs)立方体组合测验	311501003	精神科C类量表测查	检查费	检查收入	2.诊断类：(8)临床诊断项目费
FAW1G701	重复性神经心理测验(RBANS)	FAW04701	重复性神经心理测验(RBANS)	311501001	精神科A类量表测查	检查费	检查收入	2.诊断类：(8)临床诊断项目费
FAW1G702	H-R神经心理成套测验 (HRB)	FAW04702	神经心理测验(H-R)	311501003	精神科C类量表测查	检查费	检查收入	2.诊断类：(8)临床诊断项目费
FAX1A701	首诊精神检查	FAX01701	首诊精神病学检查	311502004	首诊精神病检查	检查费	检查收入	2.诊断类：(8)临床诊断项目费
FAX1A702	精神障碍轴Ⅰ(DSM)结构式临床检查诊断(SCID)	FAX04712	精神障碍轴Ⅰ(DSM-Ⅳ-TR)结构式临床检查诊断(SCID)	311501003	精神科C类量表测查	检查费	检查收入	2.诊断类：(8)临床诊断项目费
FAX1G701	简明精神病评定量表测评(BPRS)	FAX04701	简明精神病评定量表(BPRS)测评	311501001	精神科A类量表测查	检查费	检查收入	2.诊断类：(8)临床诊断项目费
FAX1G702	临床总体印象量表测评(CGI)	FAX04702	临床总体印象量表(CGI)测评			检查费	检查收入	2.诊断类：(8)临床诊断项目费
FAX1G703	慢性精神病标准化量表测评(SRCP)	FAX04703	慢性精神病标准化量表测评	311501002	精神科B类量表测查	检查费	检查收入	2.诊断类：(8)临床诊断项目费
FAX1G704	康奈尔医学指数(CMI)测评	FAX04704	康奈尔医学指数(CMI)测评			检查费	检查收入	2.诊断类：(8)临床诊断项目费
FAX1G705	阳性症状量表测评(SAPS)	FAX04705	阳性症状量表(SAPS)测评	311501003	精神科C类量表测查	检查费	检查收入	2.诊断类：(8)临床诊断项目费
FAX1G706	阴性症状量表测评(SANS)	FAX04706	阴性症状量表(SANS)测评			检查费	检查收入	2.诊断类：(8)临床诊断项目费
FAX1G707	阳性阴性精神症状评定量表测评(PANSS)	FAX04707	阳性阴性精神症状评定(PANSS)量表测评	311501002	精神科B类量表测查	检查费	检查收入	2.诊断类：(8)临床诊断项目费
FAX1G708	精神现状检查(PSE)	FAX04708	精神现状检查(PSE)测评	311501002	精神科B类量表测查	检查费	检查收入	2.诊断类：(8)临床诊断项目费
FAX1G709	复合性国际诊断问卷测评(CIDI)	FAX04709	复合性国际诊断问卷(CIDI)测评	311501003	精神科C类量表测查	检查费	检查收入	2.诊断类：(8)临床诊断项目费
FAX1G710	精神病临床鉴定	FAX04710	精神病临床鉴定	311502005	临床鉴定	检查费	检查收入	2.诊断类：(8)临床诊断项目费
				311502006	精神病司法鉴定	检查费	检查收入	2.诊断类：(8)临床诊断项目费
FAX1G711	神经精神病学临床测评(SCAN)	FAX04711	神经精神病学临床测评(SCAN)	311501003	精神科C类量表测查	检查费	检查收入	2.诊断类：(8)临床诊断项目费
FAX1G712	症状自评量表测评(SCL-90)	FAX04713	症状自评量表(SCL-90)测评			检查费	检查收入	2.诊断类：(8)临床诊断项目费
FAX1G713	神经精神症状问卷(NPI)测评					检查费	检查收入	2.诊断类：(8)临床诊断项目费
FAX1G714	住院精神病人康复疗效量表测评					检查费	检查收入	2.诊断类：(8)临床诊断项目费
		FAY04701	布雷德(Bleied)痴呆评定量表测评	311501002	精神科B类量表测查	检查费	检查收入	2.诊断类：(8)临床诊断项目费
		FAY04706	孤独症诊断访谈量表(ADI)测评	311501003	精神科C类量表测查	检查费	检查收入	2.诊断类：(8)临床诊断项目费
		FAY04709	注意缺陷多动障碍诊断量表测评	311501002	精神科B类量表测查	检查费	检查收入	2.诊断类：(8)临床诊断项目费
FAY1A701	眼动检查	FAY01701	眼动检查(EM)	311502002	眼动检查	检查费	检查收入	2.诊断类：(8)临床诊断项目费
FAY1G701	精神药物治疗评估	KAZ38901	抗精神病药物治疗	311503001	抗精神病药物治疗监测	检查费	检查收入	2.诊断类：(8)临床诊断项目费
FAY1G702	帕金森病统一评分量表测评	FAY04702	帕金森病统一评分量表测评	311501001	精神科A类量表测查	检查费	检查收入	2.诊断类：(8)临床诊断项目费
FAY1G703	儿童孤独症评定量表测评	FAY04703	儿童孤独症评定量表检查			检查费	检查收入	2.诊断类：(8)临床诊断项目费
FAY1G704	儿童孤独症筛查量表测评	FAY04704	儿童孤独症筛查量表测评			检查费	检查收入	2.诊断类：(8)临床诊断项目费
FAY1G705	婴儿孤独症量表测评	FAY04705	婴儿孤独症量表测评	311501001	精神科A类量表测查	检查费	检查收入	2.诊断类：(8)临床诊断项目费
FAY1G706	强迫症状量表测评(Y-BOCS)	FAY04707	强迫症状问卷(YALE-BROWN)测评	311501002	精神科B类量表测查	检查费	检查收入	2.诊断类：(8)临床诊断项目费
FAY1G707	多动症诊断量表测评	FAY04708	多动症诊断量表测评			检查费	检查收入	2.诊断类：(8)临床诊断项目费
FAY1G708	迟发运动障碍评定量表测评	FAY04710	迟发运动障碍评定量表测评	311501001	精神科A类量表测查	检查费	检查收入	2.诊断类：(8)临床诊断项目费
FAY1G709	孤独症谱系及相关发育障碍儿童心理教育测评(PEP-3)					检查费	检查收入	2.诊断类：(8)临床诊断项目费
FAY1G710	临床痴呆评定量表测评(CDR)					检查费	检查收入	2.诊断类：(8)临床诊断项目费
FAY1G711	爱丁堡产后抑郁量表测评(EPDS)					检查费	检查收入	2.诊断类：(8)临床诊断项目费
H	六、临床手术							
HA	(一)麻醉							
HAA	1.全身麻醉							
HAA5A401	支气管内麻醉	HAA42401	支气管内麻醉	330100007	支气管内麻醉	手术费-麻醉	手术收入-麻醉	3.治疗类：(10)麻醉-手术
HAA5A402	肺灌洗麻醉	HAA42402	肺灌洗麻醉			手术费-麻醉	手术收入-麻醉	3.治疗类：(10)麻醉-手术
HAA5A901	全身麻醉	HAA42901	全身麻醉	330100005	全身麻醉	手术费-麻醉	手术收入-麻醉	3.治疗类：(10)麻醉-手术
HAA5A902	无插管全麻	HAA42902	无插管全麻			手术费-麻醉	手术收入-麻醉	3.治疗类：(10)麻醉-手术
HAA5A903	深低温停循环麻醉					手术费-麻醉	手术收入-麻醉	3.治疗类：(10)麻醉-手术
				330100004	基础麻醉	手术费-麻醉	手术收入-麻醉	3.治疗类：(10)麻醉-手术
HAB	2.局部麻醉							
HAB5B101	经皮穿刺踝关节局部阻滞麻醉	HAB42101	踝关节局部阻滞麻醉			治疗费-麻醉	治疗收入-麻醉	3.治疗类：(10)麻醉-治疗
HAB5B201	局部静脉内麻醉	HAB42201	局部静脉内麻醉	330100001	局部浸润麻醉	手术费-麻醉	手术收入-麻醉	3.治疗类：(10)麻醉-手术
HAB5B701	表面麻醉					手术费-麻醉	手术收入-麻醉	3.治疗类：(10)麻醉-手术
HAC	椎管内麻醉							
HAC5C101	经皮穿刺骶管单次阻滞麻醉	HAC42104	骶管单次阻滞麻醉	330100003	椎管内麻醉	治疗费-麻醉	治疗收入-麻醉	3.治疗类：(10)麻醉-治疗
HAC5C102	经皮穿刺骶管连续阻滞麻醉	HAC42111	骶管连续阻滞麻醉			治疗费-麻醉	治疗收入-麻醉	3.治疗类：(10)麻醉-治疗
HAC5C103	经皮穿刺颈段硬膜外单次阻滞麻醉	HAC42105	颈部硬膜外单次阻滞麻醉			治疗费-麻醉	治疗收入-麻醉	3.治疗类：(10)麻醉-治疗
HAC5C104	经皮穿刺颈段硬膜外连续阻滞麻醉	HAC42106	颈部硬膜外连续阻滞麻醉			治疗费-麻醉	治疗收入-麻醉	3.治疗类：(10)麻醉-治疗
HAC5C105	经皮穿刺胸段硬膜外单次阻滞麻醉	HAC42107	胸部硬膜外单次阻滞麻醉			治疗费-麻醉	治疗收入-麻醉	3.治疗类：(10)麻醉-治疗
HAC5C106	经皮穿刺胸段硬膜外连续阻滞麻醉	HAC42108	胸部硬膜外连续阻滞麻醉			治疗费-麻醉	治疗收入-麻醉	3.治疗类：(10)麻醉-治疗
HAC5C107	经皮穿刺腰段硬膜外单次阻滞麻醉	HAC42109	腰部硬膜外单次阻滞麻醉			治疗费-麻醉	治疗收入-麻醉	3.治疗类：(10)麻醉-治疗
HAC5C108	经皮穿刺腰段硬膜外连续阻滞麻醉	HAC42110	腰部硬膜外连续阻滞麻醉			治疗费-麻醉	治疗收入-麻醉	3.治疗类：(10)麻醉-治疗
HAC5C109	经皮穿刺单次蛛网膜下腔阻滞麻醉	HAC42101	单次腰麻			治疗费-麻醉	治疗收入-麻醉	3.治疗类：(10)麻醉-治疗
HAC5C110	经皮穿刺连续蛛网膜下腔阻滞麻醉	HAC42102	连续腰麻			治疗费-麻醉	治疗收入-麻醉	3.治疗类：(10)麻醉-治疗
HAC5C111	经皮穿刺蛛网膜下腔联合硬膜外腔阻滞麻醉	HAC42103	腰麻复合连续硬膜外阻滞麻醉			治疗费-麻醉	治疗收入-麻醉	3.治疗类：(10)麻醉-治疗
HAC5C112	经皮穿刺椎管内置管术	HAC62101	椎管内置管术	330100011	椎管内置管术	手术费-麻醉	手术收入-麻醉	3.治疗类：(10)麻醉-手术
HAD-HAL	神经阻滞麻醉							
HAD5D101	经皮穿刺耳颞神经阻滞麻醉					治疗费-麻醉	治疗收入-麻醉	3.治疗类：(10)麻醉-治疗
HAD5D102	经皮穿刺喉上神经阻滞麻醉	HAD42109	喉上神经阻滞麻醉	330100002	神经阻滞麻醉	治疗费-麻醉	治疗收入-麻醉	3.治疗类：(10)麻醉-治疗
HAD5D103	经皮穿刺滑车上神经阻滞麻醉	HAD42103	滑车上神经阻滞麻醉			治疗费-麻醉	治疗收入-麻醉	3.治疗类：(10)麻醉-治疗
HAD5D104	经皮穿刺颏神经阻滞麻醉	HAD42110	颏神经阻滞麻醉			治疗费-麻醉	治疗收入-麻醉	3.治疗类：(10)麻醉-治疗
HAD5D105	经皮穿刺眶上神经阻滞麻醉	HAD42101	眶上神经阻滞麻醉			治疗费-麻醉	治疗收入-麻醉	3.治疗类：(10)麻醉-治疗
HAD5D106	经皮穿刺眶下神经阻滞麻醉	HAD42102	眶下神经阻滞麻醉			治疗费-麻醉	治疗收入-麻醉	3.治疗类：(10)麻醉-治疗
HAD5D107	经皮穿刺面神经阻滞麻醉	HAD42107	面神经阻滞麻醉			治疗费-麻醉	治疗收入-麻醉	3.治疗类：(10)麻醉-治疗
HAD5D108	经皮穿刺三叉神经节阻滞麻醉	HAD42104	三叉神经节阻滞麻醉			治疗费-麻醉	治疗收入-麻醉	3.治疗类：(10)麻醉-治疗
HAD5D109	经皮穿刺上颌神经阻滞麻醉	HAD42105	上颌神经阻滞麻醉			治疗费-麻醉	治疗收入-麻醉	3.治疗类：(10)麻醉-治疗
HAD5D110	经皮穿刺舌咽神经阻滞麻醉	HAD42108	舌咽神经阻滞麻醉			治疗费-麻醉	治疗收入-麻醉	3.治疗类：(10)麻醉-治疗
HAD5D111	经皮穿刺下颌神经阻滞麻醉	HAD42106	下颌神经阻滞麻醉			治疗费-麻醉	治疗收入-麻醉	3.治疗类：(10)麻醉-治疗
HAD5D112	经口下牙槽神经阻滞麻醉	HAD42111	舌/下牙槽神经阻滞麻醉			治疗费-麻醉	治疗收入-麻醉	3.治疗类：(10)麻醉-治疗
HAE5D101	经皮穿刺神经根注射阻滞麻醉					治疗费-麻醉	治疗收入-麻醉	3.治疗类：(10)麻醉-治疗
HAE5D102	经皮穿刺星状神经节阻滞麻醉	HAE42103	星状神经节阻滞麻醉			治疗费-麻醉	治疗收入-麻醉	3.治疗类：(10)麻醉-治疗
HAE5D103	经皮穿刺椎旁神经单次阻滞麻醉	HAE42101	椎旁神经单次阻滞麻醉			治疗费-麻醉	治疗收入-麻醉	3.治疗类：(10)麻醉-治疗
HAE5D104	经皮穿刺椎旁神经连续阻滞麻醉	HAE42102	椎旁神经连续阻滞麻醉			治疗费-麻醉	治疗收入-麻醉	3.治疗类：(10)麻醉-治疗
HAF5D101	经皮穿刺颈丛神经阻滞麻醉	HAF42101	颈丛神经阻滞麻醉	330100002	神经阻滞麻醉	治疗费-麻醉	治疗收入-麻醉	3.治疗类：(10)麻醉-治疗
HAF5D102	经皮穿刺枕神经阻滞麻醉	HAF42102	枕大/枕小神经阻滞麻醉			治疗费-麻醉	治疗收入-麻醉	3.治疗类：(10)麻醉-治疗
HAG5D101	经皮穿刺臂丛神经单次阻滞麻醉	HAG42101	臂丛神经单次阻滞麻醉			治疗费-麻醉	治疗收入-麻醉	3.治疗类：(10)麻醉-治疗
HAG5D102	经皮穿刺臂丛神经连续阻滞麻醉	HAG42102	臂丛神经连续阻滞麻醉			治疗费-麻醉	治疗收入-麻醉	3.治疗类：(10)麻醉-治疗
HAG5D103	经皮穿刺尺神经阻滞麻醉	HAG42106	尺神经阻滞麻醉			治疗费-麻醉	治疗收入-麻醉	3.治疗类：(10)麻醉-治疗
HAG5D104	经皮穿刺肩岬上神经阻滞麻醉	HAG42103	肩岬上神经阻滞麻醉			治疗费-麻醉	治疗收入-麻醉	3.治疗类：(10)麻醉-治疗
HAG5D105	经皮穿刺桡神经单次阻滞麻醉	HAG42104	桡神经单次阻滞麻醉			治疗费-麻醉	治疗收入-麻醉	3.治疗类：(10)麻醉-治疗
HAG5D106	经皮穿刺桡神经连续阻滞麻醉	HAG42105	桡神经连续阻滞麻醉			治疗费-麻醉	治疗收入-麻醉	3.治疗类：(10)麻醉-治疗
HAG5D107	经皮穿刺正中神经阻滞麻醉	HAG42107	正中神经阻滞麻醉			治疗费-麻醉	治疗收入-麻醉	3.治疗类：(10)麻醉-治疗
HAG5D108	经皮穿刺指间神经阻滞麻醉	HAG42108	指间神经阻滞麻醉			治疗费-麻醉	治疗收入-麻醉	3.治疗类：(10)麻醉-治疗
HAH5D101	经皮穿刺肋间神经阻滞麻醉	HAH42101	肋间神经阻滞麻醉			治疗费-麻醉	治疗收入-麻醉	3.治疗类：(10)麻醉-治疗
HAJ5D101	经皮穿刺股神经单次阻滞麻醉	HAJ42103	股神经单次阻滞麻醉			治疗费-麻醉	治疗收入-麻醉	3.治疗类：(10)麻醉-治疗
HAJ5D102	经皮穿刺股神经连续阻滞麻醉	HAJ42104	股神经连续阻滞麻醉			治疗费-麻醉	治疗收入-麻醉	3.治疗类：(10)麻醉-治疗
HAJ5D103	经皮穿刺股外侧皮神经单次阻滞麻醉	HAJ42105	股外侧皮神经单次阻滞麻醉			治疗费-麻醉	治疗收入-麻醉	3.治疗类：(10)麻醉-治疗
HAJ5D104	经皮穿刺股外侧皮神经连续阻滞麻醉	HAJ42106	股外侧皮神经连续阻滞麻醉			治疗费-麻醉	治疗收入-麻醉	3.治疗类：(10)麻醉-治疗
HAJ5D105	经皮穿刺腰丛神经单次阻滞麻醉	HAJ42101	腰丛神经单次阻滞麻醉			治疗费-麻醉	治疗收入-麻醉	3.治疗类：(10)麻醉-治疗
HAJ5D106	经皮穿刺腰丛神经连续阻滞麻醉	HAJ42102	腰丛神经连续阻滞麻醉	330100002	神经阻滞麻醉	治疗费-麻醉	治疗收入-麻醉	3.治疗类：(10)麻醉-治疗
HAK5D101	经皮穿刺腓总神经阻滞麻醉	HAK42106	腓总神经阻滞麻醉			治疗费-麻醉	治疗收入-麻醉	3.治疗类：(10)麻醉-治疗
HAK5D102	经皮穿刺腘窝入路胫神经单次阻滞麻醉	HAK42104	腘窝入路胫神经单次阻滞麻醉			治疗费-麻醉	治疗收入-麻醉	3.治疗类：(10)麻醉-治疗
HAK5D103	经皮穿刺腘窝入路胫神经连续阻滞麻醉	HAK42105	腘窝入路胫神经连续阻滞麻醉			治疗费-麻醉	治疗收入-麻醉	3.治疗类：(10)麻醉-治疗
HAK5D104	经皮穿刺隐神经阻滞麻醉	HAK42103	隐神经阻滞麻醉			治疗费-麻醉	治疗收入-麻醉	3.治疗类：(10)麻醉-治疗
HAK5D105	经皮穿刺坐骨神经单次阻滞麻醉	HAK42101	坐骨神经单次阻滞麻醉			治疗费-麻醉	治疗收入-麻醉	3.治疗类：(10)麻醉-治疗
HAK5D106	经皮穿刺坐骨神经连续阻滞麻醉	HAK42102	坐骨神经连续阻滞麻醉			治疗费-麻醉	治疗收入-麻醉	3.治疗类：(10)麻醉-治疗
HAL5D101	经皮穿刺内脏神经丛单次阻滞麻醉	HAL42101	内脏神经丛单次阻滞麻醉	311300009	神经丛封闭术	治疗费-麻醉	治疗收入-麻醉	3.治疗类：(10)麻醉-治疗
HAL5D102	经皮穿刺内脏神经丛连续阻滞麻醉	HAL42102	内脏神经丛连续阻滞麻醉			治疗费-麻醉	治疗收入-麻醉	3.治疗类：(10)麻醉-治疗
		FPA42201	消化内镜检查麻醉术			手术费-麻醉	手术收入-麻醉	3.治疗类：(10)麻醉-手术
HAM	3.气道管理							
HAM5E101	环甲膜穿刺逆行气管插管术	HAM62101	环甲膜穿刺逆行气管插管术			治疗费-麻醉	治疗收入-麻醉	3.治疗类：(10)麻醉-治疗
HAM5E401	经口喉罩置入术					治疗费-麻醉	治疗收入-麻醉	3.治疗类：(10)麻醉-治疗
HAM5E402	经口气管插管术	HAM62401	经口气管插管术	330100013	气管插管术	治疗费-麻醉	治疗收入-麻醉	3.治疗类：(10)麻醉-治疗
HAM5E403	经鼻明视气管插管术	HAM62403	经鼻明视气管插管术	330100014	特殊方法气管插管术	治疗费-麻醉	治疗收入-麻醉	3.治疗类：(10)麻醉-治疗
HAM5E404	困难气道盲探气管插管术	HAM62404	困难气道盲探气管插管术			治疗费-麻醉	治疗收入-麻醉	3.治疗类：(10)麻醉-治疗
HAM5E405	支气管内插管术	HAM62402	支气管内插管术	330100013	气管插管术	治疗费-麻醉	治疗收入-麻醉	3.治疗类：(10)麻醉-治疗
HAM5E601	经可视喉镜气管插管术	HAM62601	可视喉镜辅助下气管插管术	330100014	特殊方法气管插管术	治疗费-麻醉	治疗收入-麻醉	3.治疗类：(10)麻醉-治疗
HAM5E602	经可视硬镜气管插管术	HAM62602	硬纤维喉镜引导下气管插管术			治疗费-麻醉	治疗收入-麻醉	3.治疗类：(10)麻醉-治疗
HAM5E603	经可视软镜气管插管术	HAM62603	纤维支气管镜引导下气管插管术			治疗费-麻醉	治疗收入-麻醉	3.治疗类：(10)麻醉-治疗
		HAM62405	新生儿气管插管术	311202004	新生儿气管插管术	治疗费-麻醉	治疗收入-麻醉	3.治疗类：(10)麻醉-治疗
HAN-HAP	4.功能监测							
HAN	基本生命体征监测							
HAN5F201	有创连续动脉血压监测	HAN05201	有创连续动脉血压监测	310702002	持续有创性血压监测	检查费-麻醉	检查收入-麻醉	3.治疗类：(10)麻醉-检查
HAN5F202	经导管连续心排出量监测	HAN05203	经外周动脉连续心排出量监测			检查费-麻醉	检查收入-麻醉	3.治疗类：(10)麻醉-检查
HAN5F203	有创血流动力学监测	HAN05202	有创血流动力学监测	310702001	有创性血流动力学监测(床旁)	检查费-麻醉	检查收入-麻醉	3.治疗类：(10)麻醉-检查
HAN5F701	脑氧饱和度监测	HAN05703	脑氧饱和度监测	330100015	麻醉中监测	检查费-麻醉	检查收入-麻醉	3.治疗类：(10)麻醉-检查
HAN5F702	无创血流动力学监测	HAN05701	无创血流动力学监测			检查费-麻醉	检查收入-麻醉	3.治疗类：(10)麻醉-检查
HAN5F901	全身麻醉下呼吸功能监测	HAN05902	全身麻醉下呼吸功能监测	330100015	麻醉中监测	检查费-麻醉	检查收入-麻醉	3.治疗类：(10)麻醉-检查
HAP	其他生理功能监测							
HAP5F901	麻醉深度电生理监测	HAP05902	麻醉深度电生理监测	330100015	麻醉中监测	检查费-麻醉	检查收入-麻醉	3.治疗类：(10)麻醉-检查
HAP5F902	麻醉中肌松监测	HAP05901	麻醉中肌松监测			检查费-麻醉	检查收入-麻醉	3.治疗类：(10)麻醉-检查
HAP5F903	术中脊髓监测	HAP05904	术中脊髓监测			检查费-麻醉	检查收入-麻醉	3.治疗类：(10)麻醉-检查
HAP5F904	麻醉恢复期监护	HAP28901	麻醉恢复室监护			检查费-麻醉	检查收入-麻醉	3.治疗类：(10)麻醉-检查
		HAN05702	术中体温监测	330100015	麻醉中监测	检查费-麻醉	检查收入-麻醉	3.治疗类：(10)麻醉-检查
		HAN05903	特殊呼吸功能监测			检查费-麻醉	检查收入-麻醉	3.治疗类：(10)麻醉-检查
				311503025	麻醉分析	检查费-麻醉	检查收入-麻醉	3.治疗类：(10)麻醉-检查
HAQ	5.麻醉并发症处理							
HAQ5G101	麻醉监护下镇静术	HAQ42101	麻醉监护下镇静术			治疗费-麻醉	治疗收入-麻醉	3.治疗类：(10)麻醉-治疗
HAQ5G701	体表加温治疗	HAQ32702	体表加温治疗			治疗费-麻醉	治疗收入-麻醉	3.治疗类：(10)麻醉-治疗
HAQ5G702	输血输液加温治疗	HAQ32701	输血输液加温治疗	330100006	血液加温治疗	治疗费-麻醉	治疗收入-麻醉	3.治疗类：(10)麻醉-治疗
HAQ5G901	小儿镇静镇痛治疗					治疗费-麻醉	治疗收入-麻醉	3.治疗类：(10)麻醉-治疗
HAQ5G902	控制性降压	HAQ99901	控制性降压	330100016	控制性降压	治疗费-麻醉	治疗收入-麻醉	3.治疗类：(10)麻醉-治疗
HAR	6.复苏							
HAR5H901	心肺复苏术	HAR30901	心肺复苏术	330100012	心肺复苏术	治疗费-麻醉	治疗收入-麻醉	3.治疗类：(10)麻醉-治疗
		HAR30902	新生儿复苏术	311202003	新生儿复苏	治疗费-麻醉	治疗收入-麻醉	3.治疗类：(10)麻醉-治疗
HAZ5Z101	静脉连续镇痛治疗					治疗费-麻醉	治疗收入-麻醉	3.治疗类：(10)麻醉-治疗
HAZ5Z102	镇痛泵体内置入术	HAZ62301	镇痛泵体内置入术	330100018	镇痛泵体内置入术	治疗费-麻醉	治疗收入-麻醉	3.治疗类：(10)麻醉-治疗
HAZ5Z103	自控连续镇痛治疗	HAZ48101	自控静脉镇痛治疗	330100008	术后镇痛	治疗费-麻醉	治疗收入-麻醉	3.治疗类：(10)麻醉-治疗
HAZ5Z104	自控硬膜外镇痛治疗	HAZ48102	自控硬膜外镇痛治疗			治疗费-麻醉	治疗收入-麻醉	3.治疗类：(10)麻醉-治疗
HAZ5Z301	镇痛泵体内取出术	HAZ64301	镇痛泵体内取出术			治疗费-麻醉	治疗收入-麻醉	3.治疗类：(10)麻醉-治疗
HAZ5Z901	麻醉术前访视					治疗费-麻醉	治疗收入-麻醉	3.治疗类：(10)麻醉-治疗
HAZ5Z902	麻醉术后随访					治疗费-麻醉	治疗收入-麻醉	3.治疗类：(10)麻醉-治疗
HB	(二)神经系统							
HBA	1.中枢神经系统							
HBA6B101	颅内瘤内化疗药物注入术					手术费	手术收入	3.治疗类：(10)手术治疗费
HBA6E301	颅骨钻孔探查术	FBA09301	颅骨钻孔探查术	330201010	颅骨钻孔探查术	手术费	手术收入	3.治疗类：(10)手术治疗费
		FBA09501	经颅内镜颅骨钻孔探查术	330201012	经颅内镜活检术	手术费	手术收入	3.治疗类：(10)手术治疗费
HBA6K301	颅内压监测探头置入术	HBA62201	颅内压监测探头置入术	330201018	颅内压监护传感器置入术	手术费	手术收入	3.治疗类：(10)手术治疗费
HBA6K302	颅内皮层电极置入术	HBA62301	颅内皮层电极置入术	330201035	脑深部电极置入术	手术费	手术收入	3.治疗类：(10)手术治疗费
HBA6K303	脑深部刺激器置入术	HBA62302	脑深部刺激器置入术			手术费	手术收入	3.治疗类：(10)手术治疗费
HBA6K304	脑深部电极植入术	HBA99301	脑深部电刺激镇痛术			手术费	手术收入	3.治疗类：(10)手术治疗费
HBA6L301	脑深部刺激器置换术	HBA66301	脑深部刺激器置换术			手术费	手术收入	3.治疗类：(10)手术治疗费
HBA6N301	颅内皮层电极拔除术	HBA64301	颅内皮层电极拔除术			手术费	手术收入	3.治疗类：(10)手术治疗费
HBA6N302	脑深部刺激器取出术					手术费	手术收入	3.治疗类：(10)手术治疗费
HBA6P301	立体定向颅内血肿清除术	HBA65301	立体定向颅内血肿清除术	330201059	立体定向颅内肿物清除术	手术费	手术收入	3.治疗类：(10)手术治疗费
HBA6P302	立体定向颅内异物取出术	HBA65302	立体定向颅内异物取出术			手术费	手术收入	3.治疗类：(10)手术治疗费
HBA6P303	颅内多发血肿清除术	HBA65303	显微镜下颅内多发血肿清除术	330201014	颅内多发血肿清除术	手术费	手术收入	3.治疗类：(10)手术治疗费
HBA6P304	脑内血肿清除术	HBA65304	显微镜下脑内血肿清除术	330201015	颅内血肿清除术	手术费	手术收入	3.治疗类：(10)手术治疗费
HBA6R301	脑脓肿穿刺引流术	HBA45301	脑脓肿穿刺引流术	330201005	脑脓肿穿刺引流术	手术费	手术收入	3.治疗类：(10)手术治疗费
HBA6R302	立体定向颅内囊性病灶穿刺引流术					手术费	手术收入	3.治疗类：(10)手术治疗费
HBA6R303	立体定向颅内脓肿引流术	HBA73303	立体定向颅内脓肿清除术	330201059	立体定向颅内肿物清除术	手术费	手术收入	3.治疗类：(10)手术治疗费
HBA6R304	经乳突脑脓肿穿刺引流术	HBA45302	经乳突脑脓肿切开引流术	330503018	经乳突脑脓肿引流术	手术费	手术收入	3.治疗类：(10)手术治疗费
HBA6S501	经颅神经内镜脑内囊肿造口术	HBA73501	经颅内镜脑内囊肿造口术	330201046	经颅内镜脑内囊肿造口术	手术费	手术收入	3.治疗类：(10)手术治疗费
HBA6U301	开颅切口感染清创术(小)	HBA73301	颅切口感染清创术(小)			手术费	手术收入	3.治疗类：(10)手术治疗费
HBA6U302	开颅切口及术区感染清创术(大)	HBA73302	颅切口感染清创术(大)	120500001	大清创缝合	手术费	手术收入	3.治疗类：(10)手术治疗费
		HBA73304	立体定向颅内肿物切除术	330201059	立体定向颅内肿物清除术	手术费	手术收入	3.治疗类：(10)手术治疗费
HBA7B301	开颅颅内减压术	HBA56301	显微镜下开颅颅内减压术	330201016	开颅颅内减压术	手术费	手术收入	3.治疗类：(10)手术治疗费
HBA7B302	颅内颞肌下减压术	HBA56302	颅内颞肌下减压术			手术费	手术收入	3.治疗类：(10)手术治疗费
HBA7E201	经皮穿刺颈静脉颅内血管成形术					手术费	手术收入	3.治疗类：(10)手术治疗费
HBA7N301	立体定向脑内靶点毁损术	HBA72301	立体定向脑内靶点毁损术	330201060	立体定向脑深部核团毁损术	手术费	手术收入	3.治疗类：(10)手术治疗费
HBA7P301	脑脊液漏修补术	HBA83301	显微镜下脑脊液漏修补术	330201051	脑脊液漏修补术	手术费	手术收入	3.治疗类：(10)手术治疗费
HBA7P302	中颅窝入路脑脊液漏修补术	HBC83301	显微镜下幕上开颅脑脊液漏修补术	330202018	经颅脑脊液耳漏修补术	手术费	手术收入	3.治疗类：(10)手术治疗费
HBA7P601	经耳内镜中颅窝入路脑脊液漏修补术					手术费	手术收入	3.治疗类：(10)手术治疗费
				330201047	经颅内镜脑内异物摘除术	手术费	手术收入	3.治疗类：(10)手术治疗费
				310100018	枕大池穿刺术	手术费	手术收入	3.治疗类：(10)手术治疗费
HBB-HBM	2.颅脑							
HBB	脑被膜							
HBB6D301	脑膜活检术					手术费	手术收入	3.治疗类：(10)手术治疗费
HBB6P301	硬脑膜外血肿开颅清除术	HBB65301	硬脑膜外血肿清除术	330201015	颅内血肿清除术	手术费	手术收入	3.治疗类：(10)手术治疗费
HBB6P302	硬脑膜下血肿开颅清除术	HBB65302	硬脑膜下血肿清除术			手术费	手术收入	3.治疗类：(10)手术治疗费
HBB6R301	经乳突硬膜外脓肿切开引流术	HBB45303	经乳突硬膜外切开引流术	330503019	经乳突硬膜外脓肿引流术	手术费	手术收入	3.治疗类：(10)手术治疗费
HBB6R302	硬脑膜外脓肿引流术	HBB45301	硬脑膜外脓肿引流术	330201004	颅内硬膜外血肿引流术	手术费	手术收入	3.治疗类：(10)手术治疗费
HBB6R303	硬脑膜外血肿钻孔引流术	HBB45302	硬脑膜外血肿钻孔引流术			手术费	手术收入	3.治疗类：(10)手术治疗费
HBB6R304	慢性硬脑膜下血肿钻孔引流术	HBB45304	慢性硬脑膜下血肿钻孔术	330201013	慢性硬膜下血肿钻孔术	手术费	手术收入	3.治疗类：(10)手术治疗费
HBB6T301	多处软脑膜下横纤维切断术	HBB58301	显微镜下多处软脑膜下横纤维切断术	330201032	多处软脑膜下横纤维切断术	手术费	手术收入	3.治疗类：(10)手术治疗费
HBB6U301	海绵窦肿物切除术	HBB73303	显微镜下海绵窦肿物切除术			手术费	手术收入	3.治疗类：(10)手术治疗费
HBB6U302	火器伤开放性颅脑损伤清创术	HBB73302	火器伤开放性颅脑损伤清创术	330201006	开放性颅脑损伤清除术	手术费	手术收入	3.治疗类：(10)手术治疗费
HBB6U303	桥小脑角肿物切除术	HBB73305	显微镜下桥小脑角肿物切除术	330201027	桥小脑角肿瘤切除术	手术费	手术收入	3.治疗类：(10)手术治疗费
HBB6U304	颅内蛛网膜囊肿切除术	HBB73304	显微镜下颅内蛛网膜囊肿摘除术			手术费	手术收入	3.治疗类：(10)手术治疗费
HBB7D201	经皮颈内动脉入路颈内动脉海绵窦瘘栓塞术	HBJ59202	颈内动脉入路颈内动脉海绵窦瘘栓塞术	320600007	颈内动脉海绵窦瘘栓塞术	手术费	手术收入	3.治疗类：(10)手术治疗费
HBB7D202	经皮颈外动脉入路颈内动脉海绵窦瘘栓塞术	HBJ59203	颈外动脉入路颈内动脉海绵窦瘘栓塞术			手术费	手术收入	3.治疗类：(10)手术治疗费
HBB7D203	经颈内静脉颈内动脉海绵窦瘘栓塞术	HBJ59204	经颈内静脉颈内动脉海绵窦瘘栓塞术	320600007	颈内动脉海绵窦瘘栓塞术	手术费	手术收入	3.治疗类：(10)手术治疗费
HBB7D301	经眼上静脉颈内动脉海绵窦瘘栓塞术	HBJ59205	经眼上静脉颈内动脉海绵窦瘘栓塞术			手术费	手术收入	3.治疗类：(10)手术治疗费
				330804004	颈动脉海绵窦栓塞＋结扎术	手术费	手术收入	3.治疗类：(10)手术治疗费
				330201050	海绵窦瘘直接手术	手术费	手术收入	3.治疗类：(10)手术治疗费
HBB7D302	乙状窦憩室封闭术					手术费	手术收入	3.治疗类：(10)手术治疗费
HBB7E201	经皮颈内动脉入路颈内动脉海绵窦瘘带膜支架隔绝术	HBJ80203	颈内动脉入路颈内动脉海绵窦瘘带膜支架隔绝术			手术费	手术收入	3.治疗类：(10)手术治疗费
HBB7F301	乙状窦缩窄术					手术费	手术收入	3.治疗类：(10)手术治疗费
HBB7K301	颅内蛛网膜囊肿分流术	HBB86301	显微镜下颅内蛛网膜囊肿分流术	330201021	颅内蛛网膜囊肿分流术	手术费	手术收入	3.治疗类：(10)手术治疗费
HBB7P301	开放性颅脑损伤清创缝合术	HBB73301	开放性颅脑损伤清创缝合术	330201006	开放性颅脑损伤清除术	手术费	手术收入	3.治疗类：(10)手术治疗费
HBB7P302	脑膜膨出修补术	HBB83301	显微镜下脑膜膨出修补术	330201052	脑脊膜膨出修补术	手术费	手术收入	3.治疗类：(10)手术治疗费
HBB7P601	经鼻内镜颅底缺损修补术	HBB83601	经鼻内镜脑膜修补术	330603007	经鼻内镜脑膜修补术	手术费	手术收入	3.治疗类：(10)手术治疗费
HBC	端脑							
HBC6D301	脑活检术					手术费	手术收入	3.治疗类：(10)手术治疗费
HBC6E301	幕上开颅探查术	FBC09301	显微镜下幕上开颅探查术			手术费	手术收入	3.治疗类：(10)手术治疗费
HBC6P301	幕上深部异物清除术	HBC65302	显微镜下幕上深部异物清除术	330201024	幕上深部病变切除术	手术费	手术收入	3.治疗类：(10)手术治疗费
HBC6P302	幕上浅部异物清除术					手术费	手术收入	3.治疗类：(10)手术治疗费
HBC6S301	胼胝体切开术	HBC50301	显微镜下胼胝体切开术	330201031	胼胝体切开术	手术费	手术收入	3.治疗类：(10)手术治疗费
HBC6U301	癫痫灶切除术	HBC73303	显微镜下癫痫灶切除术	330201033	癫痫病灶切除术	手术费	手术收入	3.治疗类：(10)手术治疗费
HBC6U302	功能区癫痫灶切除术	HBC73304	显微镜下功能区癫痫灶切除术			手术费	手术收入	3.治疗类：(10)手术治疗费
HBC6U303	幕上深部肿物切除术	HBC73301	显微镜下幕上深部肿物切除术	330201024	幕上深部病变切除术	手术费	手术收入	3.治疗类：(10)手术治疗费
HBC6U304	幕上浅部肿物切除术	HBC73308	显微镜下幕上浅部肿物切除术	330201022	幕上浅部病变切除术	手术费	手术收入	3.治疗类：(10)手术治疗费
HBC6U305	大脑半球切除术	HBC73306	显微镜下大脑半球切除术	330201029	大脑半球切除术	手术费	手术收入	3.治疗类：(10)手术治疗费
HBC6U306	脑功能区病变切除术					手术费	手术收入	3.治疗类：(10)手术治疗费
HBC6U307	幕上深部脑室内肿物切除术	HBC73302	显微镜下幕上深部脑室内肿物切除术	330201024	幕上深部病变切除术	手术费	手术收入	3.治疗类：(10)手术治疗费
		HBC73309	显微镜下幕上深部脑脓肿清除术			手术费	手术收入	3.治疗类：(10)手术治疗费
HBC6U308	选择性杏仁核海马切除术	HBC73305	显微镜下选择性杏仁核海马切除术	330201030	选择性杏仁核海马切除术	手术费	手术收入	3.治疗类：(10)手术治疗费
HBC6W301	脑叶切除术					手术费	手术收入	3.治疗类：(10)手术治疗费
				330201028	脑皮质切除术	手术费	手术收入	3.治疗类：(10)手术治疗费
				330201034	癫痫刀手术	手术费	手术收入	3.治疗类：(10)手术治疗费
		HBC65301	显微镜下幕上浅部异物清除术	330201022	幕上浅部病变切除术	手术费	手术收入	3.治疗类：(10)手术治疗费
		HBC73307	显微镜下幕上浅部脑脓肿清除术			手术费	手术收入	3.治疗类：(10)手术治疗费
HBC7Z301	运动皮层电刺激镇痛术	HBC99301	运动皮层电刺激镇痛术			手术费	手术收入	3.治疗类：(10)手术治疗费
				310100031	慢性小脑电刺激术	手术费	手术收入	3.治疗类：(10)手术治疗费
HBD	间脑							
HBD6U301	丘脑肿物切除术	HBD73301	显微镜下丘脑肿物切除术			手术费	手术收入	3.治疗类：(10)手术治疗费
HBD6U302	松果体区肿物切除术					手术费	手术收入	3.治疗类：(10)手术治疗费
HBE	小脑							
HBE6E301	幕下开颅探查术	FBE09301	显微镜下幕下开颅探查术			手术费	手术收入	3.治疗类：(10)手术治疗费
HBE6P301	小脑半球血肿清除术	HBE73301	显微镜下小脑半球血肿清除术			手术费	手术收入	3.治疗类：(10)手术治疗费
HBE6U301	小脑脓肿切除术	HBE73302	显微镜下小脑脓肿切除术	330201036	小脑半球病变切除术	手术费	手术收入	3.治疗类：(10)手术治疗费
HBE6U302	小脑肿物切除术	HBE73303	显微镜下小脑肿物切除术			手术费	手术收入	3.治疗类：(10)手术治疗费
		HBE83301	显微镜下幕下开颅脑脊液漏修补术	330201051	脑脊液漏修补术	手术费	手术收入	3.治疗类：(10)手术治疗费
HBF	脑干							
HBF6K301	脑干听觉刺激器植入术					手术费	手术收入	3.治疗类：(10)手术治疗费
HBF6N301	脑干听觉刺激器取出术					手术费	手术收入	3.治疗类：(10)手术治疗费
HBF6P301	脑干血肿清除术	HBF65301	显微镜下脑干血肿清除术	330201037	脑干肿瘤切除术	手术费	手术收入	3.治疗类：(10)手术治疗费
HBF6U301	脑干肿物切除术	HBF73301	显微镜下脑干肿物切除术			手术费	手术收入	3.治疗类：(10)手术治疗费
HBG	脑室							
HBG6K301	颅内药物泵置入术	HBG62302	脑室内药物泵置入术			手术费	手术收入	3.治疗类：(10)手术治疗费
HBG6R301	颅骨钻孔侧脑室引流术	HBG45302	侧脑室引流术	330201019	侧脑室分流术	手术费	手术收入	3.治疗类：(10)手术治疗费
				330611009	侧颅底切除术	手术费	手术收入	3.治疗类：(10)手术治疗费
HBG6R302	经皮锥颅脑室置管引流术	HBG45301	脑室钻孔置管引流术	330201020	脑室钻孔伴脑室引流术	手术费	手术收入	3.治疗类：(10)手术治疗费
		HBG62301	侧脑室钻孔穿刺置管术	310100017	侧脑室穿刺术	手术费	手术收入	3.治疗类：(10)手术治疗费
HBG6S301	第三脑室底造口术	HBG50301	显微镜下第三脑室底造瘘术	330201042	经颅内镜第三脑室底造瘘术	手术费	手术收入	3.治疗类：(10)手术治疗费
HBG6S302	透明膈造口术	HBG50302	显微镜下透明膈造瘘术			手术费	手术收入	3.治疗类：(10)手术治疗费
HBG6U301	第三脑室前部肿物切除术	HBG73301	显微镜下第三脑室前肿物切除术			手术费	手术收入	3.治疗类：(10)手术治疗费
HBG6U302	第三脑室肿物切除术	HBG73302	显微镜下第三脑室肿物切除术	330201026	经颅内镜脑室肿瘤切除术	手术费	手术收入	3.治疗类：(10)手术治疗费
HBG6U303	第三脑室后部肿物切除术	HBG73303	显微镜下第三脑室后肿物切除术			手术费	手术收入	3.治疗类：(10)手术治疗费
HBG6U304	第四脑室囊虫切除术	HBG65301	显微镜下第四脑室导水管囊虫切除术	330201044	脑囊虫摘除术	手术费	手术收入	3.治疗类：(10)手术治疗费
HBG6U305	第四脑室肿物切除术	HBG73304	显微镜下第四脑室小脑下蚓部肿物切除术	330201025	第四脑室肿瘤切除术	手术费	手术收入	3.治疗类：(10)手术治疗费
HBG6U501	经神经内镜胶样囊肿切除术	HBG73501	经脑室镜胶样囊肿切除术	330201043	经脑室镜胶样囊肿切除术	手术费	手术收入	3.治疗类：(10)手术治疗费
HBG7K301	侧脑室-膀胱分流术	HBG86302	侧脑室-膀胱分流术	330201019	侧脑室分流术	手术费	手术收入	3.治疗类：(10)手术治疗费
HBG7K302	侧脑室-腹腔分流术	HBG86303	侧脑室-腹腔分流术			手术费	手术收入	3.治疗类：(10)手术治疗费
HBG7K303	侧脑室-心房分流术	HBG86301	侧脑室-心房分流术			手术费	手术收入	3.治疗类：(10)手术治疗费
HBG7N501	经颅神经内镜脑室脉络丛烧灼术	HBG72501	经颅内镜脑室脉络丛烧灼术	330201048	经颅内镜脑室脉络丛烧灼术	手术费	手术收入	3.治疗类：(10)手术治疗费
				330201049	终板造瘘术	手术费	手术收入	3.治疗类：(10)手术治疗费
HBH	3.脑血管							
HBH6P201	经皮穿刺脑血管腔内取栓术					手术费	手术收入	3.治疗类：(10)手术治疗费
HBH6U301	颅内动静脉畸形切除术	HBH73302	显微镜下颅内动静脉畸形切除术	330203005	颅内动静脉畸形切除术	手术费	手术收入	3.治疗类：(10)手术治疗费
HBH6U302	脑干血管畸形切除术	HBH73301	显微镜下脑干动静脉畸形切除术	330203004	颅内巨大动静脉畸形栓塞后切除术	手术费	手术收入	3.治疗类：(10)手术治疗费
HBH7D201	经颅静脉窦穿刺置管动静脉瘘栓塞术	HBH59205	经颅静脉窦穿刺置管动静脉瘘栓塞术	320600002	单纯脑动静脉瘘栓塞术	手术费	手术收入	3.治疗类：(10)手术治疗费
HBH7D202	经皮颅内动静脉瘘栓塞术	HBH59202	经动静脉联合途径颅内动静脉瘘栓塞术			手术费	手术收入	3.治疗类：(10)手术治疗费
		HBH59203	经动脉颅内动静脉瘘栓塞术			手术费	手术收入	3.治疗类：(10)手术治疗费
		HBH59204	经静脉颅内动静脉瘘栓塞术			手术费	手术收入	3.治疗类：(10)手术治疗费
HBH7D203	经皮脑动静脉畸形栓塞术	HBH59201	脑动静脉畸形栓塞术	320600009	脑及颅内血管畸形栓塞术	手术费	手术收入	3.治疗类：(10)手术治疗费
HBH7K301	颌内动脉-桡动脉-脑血管搭桥术					手术费	手术收入	3.治疗类：(10)手术治疗费
HBH7K302	脑血管双搭桥术					手术费	手术收入	3.治疗类：(10)手术治疗费
HBJ	脑动脉							
HBJ6P201	经皮超选择脑动脉腔内血栓取出术	HBJ65201	超选择脑动脉腔内血栓取出术			手术费	手术收入	3.治疗类：(10)手术治疗费
HBJ6P301	椎动脉内膜剥脱术	HBJ65301	椎动脉内膜剥脱术	330203008	椎动脉内膜剥脱术	手术费	手术收入	3.治疗类：(10)手术治疗费
HBJ7D201	经皮颅内动脉瘤支架夹闭术	HBJ80201	颅内动脉瘤支架夹闭术			手术费	手术收入	3.治疗类：(10)手术治疗费
HBJ7D202	经皮穿刺脑动脉瘤栓塞术	HBJ59201	脑动脉瘤栓塞术	320600008	颅内动脉瘤栓塞术	手术费	手术收入	3.治疗类：(10)手术治疗费
HBJ7D301	颅内动脉瘤夹闭术	HBJ59302	显微镜下颅内动脉瘤夹闭术	330203002	颅内动脉瘤夹闭术	手术费	手术收入	3.治疗类：(10)手术治疗费
HBJ7D302	颅内动脉瘤包裹旷置术	HBJ59303	显微镜下颅内动脉瘤包裹旷置术	330203003	颅内动脉瘤包裹术	手术费	手术收入	3.治疗类：(10)手术治疗费
HBJ7D303	颅内巨大动脉瘤夹闭/切除术	HBJ73302	显微镜下颅内巨大动脉瘤夹闭切除术	330203001	颅内巨大动脉瘤夹闭切除术	手术费	手术收入	3.治疗类：(10)手术治疗费
		HBJ73303	显微镜下颅内巨大动脉瘤夹闭切除术+颈动脉暴露术			手术费	手术收入	3.治疗类：(10)手术治疗费
		HBJ73301	显微镜下脑动脉瘤动静脉畸形切除术	330203006	脑动脉瘤动静脉畸形切除术	手术费	手术收入	3.治疗类：(10)手术治疗费
HBJ7D801	经鼻内镜经上颌窦颌内动脉结扎术	HBJ59301	经上颌窦颌内动脉结扎术	330602003	经上颌窦颌内动脉结扎术	手术费	手术收入	3.治疗类：(10)手术治疗费
HBJ7E201	经皮穿刺大脑后动脉球囊成形术	HBJ80207	经皮穿刺大脑后动脉球囊成形术	320600003	经皮穿刺脑血管腔内球囊成形术	手术费	手术收入	3.治疗类：(10)手术治疗费
HBJ7E202	经皮穿刺大脑后动脉支架置入术	HBJ80208	经皮穿刺大脑后动脉支架置入术	320600004	经皮穿刺脑血管腔内支架置入术	手术费	手术收入	3.治疗类：(10)手术治疗费
HBJ7E203	经皮穿刺大脑前动脉球囊成形术	HBJ80204	经皮穿刺大脑前动脉球囊成形术	320600003	经皮穿刺脑血管腔内球囊成形术	手术费	手术收入	3.治疗类：(10)手术治疗费
HBJ7E204	经皮穿刺大脑中动脉球囊成形术	HBJ80205	经皮穿刺大脑中动脉球囊成形术			手术费	手术收入	3.治疗类：(10)手术治疗费
HBJ7E205	经皮穿刺大脑中动脉腔内支架置入术	HBJ80206	经皮穿刺大脑中动脉腔内支架置入术	320600004	经皮穿刺脑血管腔内支架置入术	手术费	手术收入	3.治疗类：(10)手术治疗费
HBJ7E206	经皮穿刺基底动脉球囊成形术	HBJ80211	经皮穿刺基底动脉球囊成形术	320600003	经皮穿刺脑血管腔内球囊成形术	手术费	手术收入	3.治疗类：(10)手术治疗费
HBJ7E207	经皮穿刺基底动脉腔内支架置入术	HBJ80212	经皮穿刺基底动脉腔内支架置入术	320600004	经皮穿刺脑血管腔内支架置入术	手术费	手术收入	3.治疗类：(10)手术治疗费
HBJ7E208	经皮穿刺颈内动脉颅内段球囊成形术	HBJ80202	经皮穿刺颈内动脉颅内段球囊成形术			手术费	手术收入	3.治疗类：(10)手术治疗费
HBJ7E209	经皮穿刺颅内动脉血管成形术					手术费	手术收入	3.治疗类：(10)手术治疗费
HBJ7E210	经皮穿刺椎动脉颅内段球囊成形术	HBJ80209	经皮穿刺椎动脉颅内段球囊成形术	320600003	经皮穿刺脑血管腔内球囊成形术	手术费	手术收入	3.治疗类：(10)手术治疗费
HBJ7E211	经皮穿刺椎动脉颅内段支架置入术	HBJ80210	经皮穿刺椎动脉颅内段支架置入术	320600004	经皮穿刺脑血管腔内支架置入术	手术费	手术收入	3.治疗类：(10)手术治疗费
HBJ7K301	颅外内动脉旁路移植术	HBJ86301	显微镜下颅外内动脉旁路移植术	330203012	颅外内动脉搭桥术	手术费	手术收入	3.治疗类：(10)手术治疗费
		HBJ86302	显微镜下颅外内动脉旁路移植术+颈动脉暴露术			手术费	手术收入	3.治疗类：(10)手术治疗费
HBJ7K302	间接血流重建术			330203015	颅内血管重建术	手术费	手术收入	3.治疗类：(10)手术治疗费
		HBJ99301	显微镜下颞肌颞浅动脉贴敷术	330203013	颞肌颞浅动脉贴敷术	手术费	手术收入	3.治疗类：(10)手术治疗费
		HBJ86303	显微镜下颈总动脉大脑中动脉吻合术	330203011	颈总动脉大脑中动脉吻合术	手术费	手术收入	3.治疗类：(10)手术治疗费
HBM	脑静脉							
HBM6P201	经皮超选择脑静脉系统血栓取出术	HBM65201	超选择脑静脉系统血栓取出术	320600005	经皮穿刺脑血管腔内溶栓术	手术费	手术收入	3.治疗类：(10)手术治疗费
HBM6U301	颅内巨大动静脉畸形切除术	HBM73301	显微镜下颅内巨大动静脉畸形切除术	330203004	颅内巨大动静脉畸形栓塞后切除术	手术费	手术收入	3.治疗类：(10)手术治疗费
HBM6V301	窦汇区脑膜瘤切除血管窦重建术	HBM74302	显微镜下大静脉窦汇区脑膜瘤切除血管窦重建术	330201023	大静脉窦旁脑膜瘤切除+血管窦重建术	手术费	手术收入	3.治疗类：(10)手术治疗费
HBM6V302	矢状窦脑膜瘤切除血管窦旁重建术	HBM74301	显微镜下大静脉矢状窦脑膜瘤切除血管窦旁重建术			手术费	手术收入	3.治疗类：(10)手术治疗费
HBM7E201	经皮静脉窦支架置入术	HBM80201	静脉窦支架置入术			手术费	手术收入	3.治疗类：(10)手术治疗费
HBM7Q301	静脉窦破裂重建术	HBM83301	静脉窦破裂重建修复术	330201023	大静脉窦旁脑膜瘤切除+血管窦重建术	手术费	手术收入	3.治疗类：(10)手术治疗费
HBN	4.颅底							
HBN6P301	颅咽管瘤穿刺抽吸术					手术费	手术收入	3.治疗类：(10)手术治疗费
HBN6P601	经鼻内镜鼻咽颅底死骨坏死组织清除术					手术费	手术收入	3.治疗类：(10)手术治疗费
HBN6U301	鞍区肿物切除术	HBN73309	显微镜下鞍区肿物切除术	330201038	鞍区占位病变切除术	手术费	手术收入	3.治疗类：(10)手术治疗费
HBN6U302	侧颅底肿瘤切除术	HBN73308	侧颅底肿瘤切除术	330611009	侧颅底切除术	手术费	手术收入	3.治疗类：(10)手术治疗费
HBN6U303	颈静脉孔区肿物切除术	HBN73302	显微镜下颈静脉孔区肿物切除术	330201041	颅底肿瘤切除术	手术费	手术收入	3.治疗类：(10)手术治疗费
HBN6U304	颞下窝入路颈静脉孔区肿瘤切除术	HFE73302	经颈侧进路颈静脉球瘤切除术			手术费	手术收入	3.治疗类：(10)手术治疗费
HBN6U305	上颌入路颅底肿瘤切除术	HBN73303	上颌进路颅底肿瘤切除术	330201041	颅底肿瘤切除术	手术费	手术收入	3.治疗类：(10)手术治疗费
HBN6U306	鼻颅联合入路肿瘤切除术	HBN73304	鼻颅联合径路肿瘤切除术			手术费	手术收入	3.治疗类：(10)手术治疗费
HBN6U307	颈外侧入路颅底肿瘤切除术					手术费	手术收入	3.治疗类：(10)手术治疗费
HBN6U308	颅底肿物切除术	HBN73305	颅底肿物切除术			手术费	手术收入	3.治疗类：(10)手术治疗费
HBN6U309	斜坡肿物切除术	HBN73306	斜坡肿物切除术			手术费	手术收入	3.治疗类：(10)手术治疗费
HBN6U310	经蝶入路颅底斜坡肿物切除术	HBN73307	显微镜下经蝶入路颅底斜坡肿物切除术	330201040	经口腔入路颅底斜坡肿瘤切除术	手术费	手术收入	3.治疗类：(10)手术治疗费
HBN6U311	枕大孔区肿物切除术	HBN73301	显微镜下枕大孔区肿物切除术	330201041	颅底肿瘤切除术	手术费	手术收入	3.治疗类：(10)手术治疗费
HBN6U501	经神经内镜经蝶入路颅底斜坡肿物切除术	HBN73501	经颅内镜经蝶入路颅底斜坡肿物切除术	330201040	经口腔入路颅底斜坡肿瘤切除术	手术费	手术收入	3.治疗类：(10)手术治疗费
HBN6U601	经鼻内镜鞍区肿物切除术	HBN73605	鼻内镜鞍区肿物切除术	330201038	鞍区占位病变切除术	手术费	手术收入	3.治疗类：(10)手术治疗费
HBN6U602	经鼻内镜鞍上区肿物切除术	HBN73606	鼻内镜鞍上区肿物切除术			手术费	手术收入	3.治疗类：(10)手术治疗费
HBN6U603	经鼻内镜侧颅底肿瘤切除术	HBN73603	经鼻内镜侧颅底肿瘤切除术	330611009	侧颅底切除术	手术费	手术收入	3.治疗类：(10)手术治疗费
HBN6U604	经耳内镜颞下窝入路颈静脉孔区肿瘤切除术					手术费	手术收入	3.治疗类：(10)手术治疗费
HBN6U605	经耳内镜联合入路颈静脉孔区肿瘤切除术					手术费	手术收入	3.治疗类：(10)手术治疗费
HBN6U606	经鼻内镜经鼻入路颅底病变切除术					手术费	手术收入	3.治疗类：(10)手术治疗费
HBN6U607	经鼻内镜斜坡占位性病变切除术	HBN73602	鼻内镜蝶窦径路斜坡占位性病变切除术	330201040	经口腔入路颅底斜坡肿瘤切除术	手术费	手术收入	3.治疗类：(10)手术治疗费
HBN6U608	经鼻内镜前颅底肿瘤切除术	HBN73601	经鼻内镜前颅底肿瘤切除术	330201041	颅底肿瘤切除术	手术费	手术收入	3.治疗类：(10)手术治疗费
HBN6U609	经鼻内镜中颅窝及岩尖部肿瘤切除术	HBN73604	经鼻内镜中颅窝及岩尖部肿瘤切除术			手术费	手术收入	3.治疗类：(10)手术治疗费
HBN6U801	联合路径侧颅底肿瘤切除术					手术费	手术收入	3.治疗类：(10)手术治疗费
HBN6V801	面中部掀翻入路内镜辅助下肿瘤切除鼻颅底重建术	HBN74301	面中部掀翻径路肿瘤切除鼻颅底重建术			手术费	手术收入	3.治疗类：(10)手术治疗费
HBN7B301	寰枕畸形减压术	HBN56302	显微镜下寰枕畸形减压术	330201053	环枕畸形减压术	手术费	手术收入	3.治疗类：(10)手术治疗费
HBN7B501	经颅神经内镜寰枕畸形减压术	HBN56501	经颅内镜寰枕畸形减压术			手术费	手术收入	3.治疗类：(10)手术治疗费
HBN7M301	寰枕畸形枕大孔区减压+枕颈固定术	HBN56301	显微镜下寰枕畸形枕大孔区减压+枕颈固定术			手术费	手术收入	3.治疗类：(10)手术治疗费
HBN7P301	脑膜脑膨出颅底修补术	HBN83301	显微镜下脑膜脑膨出颅底修补术	330603001	鼻外脑膜脑膨出颅底修补术	手术费	手术收入	3.治疗类：(10)手术治疗费
HBN7P601	经鼻内镜脑膜脑膨出颅底修补术	HBN83601	经鼻内镜脑膜脑膨出颅底修补术			手术费	手术收入	3.治疗类：(10)手术治疗费
HBN7P602	经鼻内镜脑膜颅底膨出修补术					手术费	手术收入	3.治疗类：(10)手术治疗费
HBQ-HBT	5.椎管及脊髓							
HBQ	椎管							
HBQ6K101	椎管内镇痛装置置入术	HBQ62101	椎管内镇痛装置置入术			手术费	手术收入	3.治疗类：(10)手术治疗费
HBQ6N101	椎管内镇痛装置取出术	HBQ64101	椎管内镇痛装置取出术			手术费	手术收入	3.治疗类：(10)手术治疗费
HBQ6R301	椎管内脓肿切开引流术	HBQ45301	显微镜下椎管内脓肿切开引流术	330204006	椎管内脓肿切开引流术	手术费	手术收入	3.治疗类：(10)手术治疗费
HBQ6U301	椎管内外哑铃型肿物切除术	HBQ73301	显微镜下椎管内外哑铃型肿物切除术	330204009	髓外硬脊膜下病变切除术	手术费	手术收入	3.治疗类：(10)手术治疗费
HBQ6W301	椎管内硬膜外血管畸形切除术					手术费	手术收入	3.治疗类：(10)手术治疗费
HBQ7B301	椎管减压术	HBQ56301	椎管减压术	330203009	椎动脉减压术	手术费	手术收入	3.治疗类：(10)手术治疗费
HBR	脊髓被膜							
HBR6U301	胸段硬膜内髓外肿瘤切除植骨融合内固定术					手术费	手术收入	3.治疗类：(10)手术治疗费
HBR6U302	腰段硬膜内髓外肿瘤切除植骨融合内固定术					手术费	手术收入	3.治疗类：(10)手术治疗费
HBR6U303	硬脊膜外肿物切除术	HBR73301	显微镜下硬脊膜外肿物切除术	330204008	脊髓硬膜外病变切除术	手术费	手术收入	3.治疗类：(10)手术治疗费
HBR6U304	硬脊膜下肿物切除术	HBR73302	显微镜下硬脊膜下肿物切除术	330204009	髓外硬脊膜下病变切除术	手术费	手术收入	3.治疗类：(10)手术治疗费
		HBR72101	经皮穿刺硬膜外间隙神经化学毁损术	310100033	周围神经毁损术	手术费	手术收入	3.治疗类：(10)手术治疗费
HBR6U305	后路颈段硬膜内髓外肿瘤切除植骨融合内固定术					手术费	手术收入	3.治疗类：(10)手术治疗费
HBR6U306	胸段椎管内硬膜外肿瘤切除植骨融合内固定术					手术费	手术收入	3.治疗类：(10)手术治疗费
HBR6U307	后路颈段椎管内硬膜外肿瘤切除植骨融合内固定术					手术费	手术收入	3.治疗类：(10)手术治疗费
HBR7B301	硬脊膜切开成形减压术					手术费	手术收入	3.治疗类：(10)手术治疗费
HBR7B302	硬膜外神经根减压术	HBR56301	显微镜下硬膜外神经根减压术			手术费	手术收入	3.治疗类：(10)手术治疗费
HBR7K301	脊髓蛛网膜下腔腹腔分流术	HBR86301	显微镜下脊髓蛛网膜下腔腹腔分流术	330204012	脊髓蛛网膜下腔腹腔分流术	手术费	手术收入	3.治疗类：(10)手术治疗费
HBR7K302	脊髓蛛网膜下腔输尿管分流术	HBR86302	显微镜下脊髓蛛网膜下腔输尿管分流术	330204013	脊髓蛛网膜下腔输尿管分流术	手术费	手术收入	3.治疗类：(10)手术治疗费
HBR7N101	经皮穿刺蛛网膜下腔神经根选择化学毁损术	HBR72102	经皮穿刺蛛网膜下腔神经根选择化学毁损术	310100033	周围神经毁损术	手术费	手术收入	3.治疗类：(10)手术治疗费
HBR7P301	脊膜膨出修补术	HBR83301	显微镜下脊膜膨出修补术	330201052	脑脊膜膨出修补术	手术费	手术收入	3.治疗类：(10)手术治疗费
		HBR83302	显微镜下脊膜膨出修补+椎管成形术			手术费	手术收入	3.治疗类：(10)手术治疗费
		HBR83303	显微镜下脊膜膨出修补+脊髓神经根松解术+终丝切断术			手术费	手术收入	3.治疗类：(10)手术治疗费
HBS	脊髓							
HBS6D301	脊髓/脊膜活检术					手术费	手术收入	3.治疗类：(10)手术治疗费
HBS6K101	经皮穿刺脊髓电刺激电极植入术	HBS99302	经皮穿刺脊髓电刺激镇痛术			手术费	手术收入	3.治疗类：(10)手术治疗费
HBS6K301	脊髓脉冲发生器植入术	HBS99301	脊髓电刺激器镇痛术			手术费	手术收入	3.治疗类：(10)手术治疗费
HBS6K302	脊髓电极置入术	HBS99303	脊髓电刺激镇痛术			手术费	手术收入	3.治疗类：(10)手术治疗费
HBS6K303	脊髓电刺激器植入术					手术费	手术收入	3.治疗类：(10)手术治疗费
HBS6L301	脊髓神经刺激电极置换术					手术费	手术收入	3.治疗类：(10)手术治疗费
HBS6M301	脊髓电极调整术					手术费	手术收入	3.治疗类：(10)手术治疗费
HBS6N301	脊髓电极取出术	HBS64301	脊髓电刺激电极取出术			手术费	手术收入	3.治疗类：(10)手术治疗费
HBS6T301	脊髓前连合切断术	HBS58303	显微镜下脊髓前连合切断术	330204005	脊髓前连合切断术	手术费	手术收入	3.治疗类：(10)手术治疗费
HBS6T302	脊髓前外侧束切断术	HBS58302	脊髓前外侧束切断术	330204003	脊髓丘脑束切断术	手术费	手术收入	3.治疗类：(10)手术治疗费
HBS6T303	脊髓丘脑束切断术	HBS58301	显微镜下脊髓丘脑束切断术			手术费	手术收入	3.治疗类：(10)手术治疗费
HBS6U301	脊髓髓内肿物切除术	HBS73301	显微镜下脊髓髓内肿物切除术	330204007	脊髓内病变切除术	手术费	手术收入	3.治疗类：(10)手术治疗费
HBS7C301	脊髓栓系松解术	HBS57301	显微镜下脊髓栓系综合征手术	330204004	脊髓栓系综合症手术	手术费	手术收入	3.治疗类：(10)手术治疗费
HBS7K301	脊髓空洞分流术			330204002	脊髓空洞症内引流术	手术费	手术收入	3.治疗类：(10)手术治疗费
HBS7N101	经皮穿刺脊髓背角+传导束射频镇痛术					手术费	手术收入	3.治疗类：(10)手术治疗费
HBS7P301	脊髓外露修补术	HBS83301	显微镜下脊髓外露修补术	330204010	脊髓外露修补术	手术费	手术收入	3.治疗类：(10)手术治疗费
HBT	脊髓血管							
HBT6U301	脊髓动静脉畸形切除术	HBT73301	显微镜下脊髓动静脉畸形切除术	330204011	脊髓动静脉畸形切除术	手术费	手术收入	3.治疗类：(10)手术治疗费
HBT7D201	经皮脊髓血管畸形栓塞术	HBT59201	脊髓血管畸形栓塞术	320600011	脊髓血管畸形栓塞术	手术费	手术收入	3.治疗类：(10)手术治疗费
HCA	6.周围神经系统							
HCA1E901	术中运动神经监测					手术费	手术收入	3.治疗类：(10)手术治疗费
HCA6D301	皮肤神经活检术	FCA07302	皮肤神经活检术	311400003	皮肤活检术	手术费	手术收入	3.治疗类：(10)手术治疗费
HCA6D302	周围神经活检术	FCA07301	周围神经活检术	310100020	周围神经活检术	手术费	手术收入	3.治疗类：(10)手术治疗费
HCA6K301	周围神经脉冲发生器植入术					手术费	手术收入	3.治疗类：(10)手术治疗费
HCA6K302	周围神经刺激电极植入术	HCA62301	周围神经刺激电极置入术			手术费	手术收入	3.治疗类：(10)手术治疗费
HCA6N301	周围神经刺激电极取出术					手术费	手术收入	3.治疗类：(10)手术治疗费
HCA6N302	周围神经脉冲刺激器取出术					手术费	手术收入	3.治疗类：(10)手术治疗费
HCA6T301	周围神经切断术	HCA58301	周围神经切断术	310100033	周围神经毁损术	手术费	手术收入	3.治疗类：(10)手术治疗费
HCA6T302	周围神经部分切断术	HCA58302	周围神经部分切断术			手术费	手术收入	3.治疗类：(10)手术治疗费
HCA6T303	周围神经关节支切断术	HCA58303	周围神经关节支切断术			手术费	手术收入	3.治疗类：(10)手术治疗费
HCA6T304	周围神经肌支切断术	HCA58305	周围神经肌支切断术	331502012	闭孔神经内收肌切断术	手术费	手术收入	3.治疗类：(10)手术治疗费
HCA6T305	周围神经皮支切断术	HCA58304	周围神经皮支切断术			手术费	手术收入	3.治疗类：(10)手术治疗费
HCA6U301	周围神经瘤切除术	HCA73301	周围神经瘤切除术	331502008	神经瘤切除术	手术费	手术收入	3.治疗类：(10)手术治疗费
HCA6U302	周围神经肿瘤切除术	HCA73302	周围神经肿瘤切除术			手术费	手术收入	3.治疗类：(10)手术治疗费
HCA7B101	周围神经减压镇痛术	HCA48101	周围神经减压镇痛术	331502009	周围神经嵌压松解术	手术费	手术收入	3.治疗类：(10)手术治疗费
HCA7B301	周围神经卡压切开减压术	HCA56301	周围神经卡压切开减压术			手术费	手术收入	3.治疗类：(10)手术治疗费
HCA7B302	周围神经减压术	HCA56302	周围神经微创减压术			手术费	手术收入	3.治疗类：(10)手术治疗费
HCA7B501	经腔镜周围神经卡压减压术	HCA56501	腔镜下周围神经卡压减压术			手术费	手术收入	3.治疗类：(10)手术治疗费
HCA7C301	周围神经松解术	HCA57301	周围神经松解术			手术费	手术收入	3.治疗类：(10)手术治疗费
HCA7C501	经腔镜周围神经松解术	HCA57501	腔镜下周围神经松解术			手术费	手术收入	3.治疗类：(10)手术治疗费
HCA7D301	神经束膜切断外膜结扎术	HCA59301	神经束膜切断外膜结扎术			手术费	手术收入	3.治疗类：(10)手术治疗费
HCA7J301	带血管蒂周围神经移位显微镜下缝合术	HCA88301	带血管蒂周围神经移位缝合术	331502007	带血管蒂游离神经移植术	手术费	手术收入	3.治疗类：(10)手术治疗费
HCA7J302	周围神经移位显微镜下缝合术	HCA89302	周围神经移位缝合术	331502006	神经移植术	手术费	手术收入	3.治疗类：(10)手术治疗费
HCA7L301	周围神经端侧缝合术	HCA83301	周围神经端侧缝合术	331502005	神经吻合术	手术费	手术收入	3.治疗类：(10)手术治疗费
HCA7L302	周围神经缝合术	HCA87301	周围神经缝合术			手术费	手术收入	3.治疗类：(10)手术治疗费
HCA7Q301	吻合血管的周围神经移植术	HCA88302	吻合血管周围神经移植缝合术	331502007	带血管蒂游离神经移植术	手术费	手术收入	3.治疗类：(10)手术治疗费
HCA7Q302	周围神经移植缝合术	HCA89301	周围神经移植缝合术	331502006	神经移植术	手术费	手术收入	3.治疗类：(10)手术治疗费
HCA7S501	经腔镜周围神经切取术	HCA60501	腔镜下周围神经切取术			手术费	手术收入	3.治疗类：(10)手术治疗费
HCA7Z101	经皮穿刺周围神经电刺激镇痛术	HCA99101	周围神经电刺激镇痛术			手术费	手术收入	3.治疗类：(10)手术治疗费
HCC-HCM	7.脑神经							
HCC	视神经							
HCC7B301	视神经减压术	HCC56301	视神经减压术	330409024	视神经减压术	手术费	手术收入	3.治疗类：(10)手术治疗费
		HCC56302	鼻外视神经减压术	330603005	鼻外视神经减压术	手术费	手术收入	3.治疗类：(10)手术治疗费
HCC7B501	经鼻内镜筛视神经管减压手术	HCC56303	显微镜下经颅视神经管减压术	330201017	经颅视神经管减压术	手术费	手术收入	3.治疗类：(10)手术治疗费
HCC7B601	经鼻内镜视神经减压术	HCC56601	鼻内镜视神经减压术	330603004	经鼻视神经减压术	手术费	手术收入	3.治疗类：(10)手术治疗费
				330503005	翼管神经切断术	手术费	手术收入	3.治疗类：(10)手术治疗费
HCF	三叉神经							
HCF6T301	经乙状窦后入路三叉神经感觉根部分切断术	HCF58301	三叉神经感觉根部分切断术	330202001	三叉神经感觉后根切断术	手术费	手术收入	3.治疗类：(10)手术治疗费
HCF6T302	三叉神经感觉根部分切断术					手术费	手术收入	3.治疗类：(10)手术治疗费
HCF6T303	三叉神经周围支切断术	HCF58302	三叉神经周围支切断术	330202002	三叉神经周围支切断术	手术费	手术收入	3.治疗类：(10)手术治疗费
HCF6T501	经内镜乙状窦后入路三叉神经感觉根部分切断术					手术费	手术收入	3.治疗类：(10)手术治疗费
		HCF56301	显微镜下三叉神经根血管减压术	330202007	颅神经微血管减压术	手术费	手术收入	3.治疗类：(10)手术治疗费
				330202003	三叉神经撕脱术	手术费	手术收入	3.治疗类：(10)手术治疗费
				330202005	颞部开颅三叉神经节切断术	手术费	手术收入	3.治疗类：(10)手术治疗费
				330202006	迷路后三叉神经切断术	手术费	手术收入	3.治疗类：(10)手术治疗费
HCF6T601	经鼻内镜筛前神经切断术	HCF58601	鼻内镜下筛前神经切断术	330601019	筛前神经切断术	手术费	手术收入	3.治疗类：(10)手术治疗费
		HCF72105	经皮穿刺三叉神经末梢射频术	310100029	经皮穿刺三叉神经半月节射频温控热凝术	手术费	手术收入	3.治疗类：(10)手术治疗费
HCF7A101	三叉神经半月节微球囊压迫术					手术费	手术收入	3.治疗类：(10)手术治疗费
HCF7D601	经鼻内镜翼管神经阻断术					手术费	手术收入	3.治疗类：(10)手术治疗费
HCF7N101	经皮穿刺耳颞神经射频镇痛术	HCF72107	经皮穿刺耳颞神经射频术			手术费	手术收入	3.治疗类：(10)手术治疗费
HCF7N102	经皮穿刺滑车上神经射频镇痛术	HCF72101	经皮穿刺滑车上神经射频术			手术费	手术收入	3.治疗类：(10)手术治疗费
HCF7N103	经皮穿刺三叉神经射频镇痛术					手术费	手术收入	3.治疗类：(10)手术治疗费
HCF7N104	经皮穿刺三叉神经半月节射频毁损术	HCF72104	经皮穿刺三叉神经半月节射频毁损术	310100028	经皮穿刺三叉神经半月节注射治疗术	手术费	手术收入	3.治疗类：(10)手术治疗费
HCF7N105	经皮穿刺三叉神经干射频术	HCF72102	经皮穿刺三叉神经干射频术	310100029	经皮穿刺三叉神经半月节射频温控热凝术	手术费	手术收入	3.治疗类：(10)手术治疗费
HCF7N106	经皮穿刺三叉神经干化学毁损术	HCF72103	经皮穿刺三叉神经干化学毁损术	310100030	经皮穿刺三叉神经干注射术	手术费	手术收入	3.治疗类：(10)手术治疗费
HCF7N107	经皮穿刺三叉神经分支化学毁损术	HCF72106	经皮穿刺三叉神经末梢化学毁损术	330202004	三叉神经干鞘膜内注射术	手术费	手术收入	3.治疗类：(10)手术治疗费
HCF7N301	三叉神经感觉根射频电凝毁损术	HCF72301	显微镜下三叉神经感觉根射频电凝毁损术	310100029	经皮穿刺三叉神经半月节射频温控热凝术	手术费	手术收入	3.治疗类：(10)手术治疗费
HCH	面神经							
HCH6E301	面神经探查术	FCH09301	面神经探查术			手术费	手术收入	3.治疗类：(10)手术治疗费
HCH6E302	面神经全程探查术	FCH09302	面神经全程探查术			手术费	手术收入	3.治疗类：(10)手术治疗费
HCH6E601	经耳内镜面神经探查术					手术费	手术收入	3.治疗类：(10)手术治疗费
HCH6T301	中颅窝入路岩浅大神经切断术	HCH58301	岩浅大神经切断术	330503004	岩浅大神经切断术	手术费	手术收入	3.治疗类：(10)手术治疗费
HCH6T501	经内镜中颅窝入路岩浅大神经切断术					手术费	手术收入	3.治疗类：(10)手术治疗费
HCH6U301	面部神经纤维瘤切除术(小)	HCH73301	面部神经纤维瘤切除术(小)	331602004	浅表肿物切除术	手术费	手术收入	3.治疗类：(10)手术治疗费
HCH6U302	面部神经纤维瘤切除术(中)	HCH73302	面部神经纤维瘤切除术(中)			手术费	手术收入	3.治疗类：(10)手术治疗费
HCH6U303	面部神经纤维瘤切除术(大)	HCH73303	面部神经纤维瘤切除术(大)			手术费	手术收入	3.治疗类：(10)手术治疗费
HCH7B301	经乳突面神经减压术	HCH56301	经乳突面神经松解减压术			手术费	手术收入	3.治疗类：(10)手术治疗费
HCH7B302	经中颅窝面神经减压术	HCH56302	面神经减压术	330202011	面神经松解减压术	手术费	手术收入	3.治疗类：(10)手术治疗费
HCH7B303	面神经全程减压术	HCH56303	面神经全程减压术			手术费	手术收入	3.治疗类：(10)手术治疗费
HCH7B501	经内镜中颅窝面神经减压术					手术费	手术收入	3.治疗类：(10)手术治疗费
HCH7C301	经乙状窦后入路面神经梳理术	HCH57301	经耳面神经梳理术	330202012	经耳面神经梳理术	手术费	手术收入	3.治疗类：(10)手术治疗费
HCH7C501	经内镜乙状窦后入路面神经梳理术					手术费	手术收入	3.治疗类：(10)手术治疗费
HCH7K301	颅神经吻合术	HCH86301	显微镜下面神经吻合术	330202009	面神经吻合术	手术费	手术收入	3.治疗类：(10)手术治疗费
HCH7N101	经皮穿刺蝶腭神经节射频镇痛术	HCH72101	经皮穿刺蝶腭神经节射频术			手术费	手术收入	3.治疗类：(10)手术治疗费
HCH7N102	经皮穿刺面神经射频镇痛术	HCH72102	经皮穿刺面神经射频术			手术费	手术收入	3.治疗类：(10)手术治疗费
HCH7P301	面神经吻合面瘫畸形整复术	HCH86302	面神经吻合面瘫畸形整复术	330202008	面神经简单修复术	手术费	手术收入	3.治疗类：(10)手术治疗费
HCH7P302	跨面神经移植面瘫畸形整复术	HCH89302	跨面神经移植面瘫畸形整复术	330202010	面神经跨面移植术	手术费	手术收入	3.治疗类：(10)手术治疗费
HCH7Q301	面神经周围神经移植术	HCH89301	面神经周围神经移植术	330202013	面神经周围神经移植术	手术费	手术收入	3.治疗类：(10)手术治疗费
				330503007	鼓索神经切断术	手术费	手术收入	3.治疗类：(10)手术治疗费
HCJ	听神经							
HCJ6T301	经中颅窝入路前庭神经切断术	HCJ58301	迷路后前庭神经切断术	330202015	迷路后前庭神经切断术	手术费	手术收入	3.治疗类：(10)手术治疗费
HCJ6T302	经后颅窝前庭神经切断术	HCJ58601	经内镜前庭神经切断术	330202016	经内镜前庭神经切断术	手术费	手术收入	3.治疗类：(10)手术治疗费
				330202014	经迷路前庭神经切断术	手术费	手术收入	3.治疗类：(10)手术治疗费
HCJ6T501	经内镜中颅窝入路前庭神经切断术					手术费	手术收入	3.治疗类：(10)手术治疗费
HCJ6T601	经耳内镜后颅窝前庭神经切断术					手术费	手术收入	3.治疗类：(10)手术治疗费
HCJ6U301	经迷路听神经瘤切除术	HCJ73301	经迷路听神经瘤切除术	330503008	经迷路听神经瘤切除术	手术费	手术收入	3.治疗类：(10)手术治疗费
				330503009	颌内动脉插管灌注术	手术费	手术收入	3.治疗类：(10)手术治疗费
HCJ6U302	经乙状窦后入路听神经瘤切除术					手术费	手术收入	3.治疗类：(10)手术治疗费
HCJ6U303	经中颅窝入路听神经瘤切除术					手术费	手术收入	3.治疗类：(10)手术治疗费
HCJ6U501	经内镜乙状窦后入路听神经瘤切除术					手术费	手术收入	3.治疗类：(10)手术治疗费
HCJ6U502	经内镜中颅窝入路听神经瘤切除术					手术费	手术收入	3.治疗类：(10)手术治疗费
HCK	舌咽神经							
HCK6T301	经乙状窦后入路舌咽神经切断术			330503006	鼓丛切除术	手术费	手术收入	3.治疗类：(10)手术治疗费
HCK6T302	舌咽神经切断术	HCK58301	舌咽神经切断术			手术费	手术收入	3.治疗类：(10)手术治疗费
HCK6T303	经枕下乙状窦后入路舌咽神经切断术	HCK58302	显微镜下经枕下乙状窦后入路舌咽神经切断术	330202017	经乙状窦后进路神经切断术	手术费	手术收入	3.治疗类：(10)手术治疗费
HCK6T501	经内镜乙状窦后入路舌咽神经切断术					手术费	手术收入	3.治疗类：(10)手术治疗费
HCK7B301	颅神经减压术	HCK56301	显微镜下舌咽神经根血管减压术	330202007	颅神经微血管减压术	手术费	手术收入	3.治疗类：(10)手术治疗费
HCK7N101	经皮穿刺舌咽神经射频镇痛术	HCK48102	经皮穿刺舌咽神经射频术			手术费	手术收入	3.治疗类：(10)手术治疗费
HCL	迷走神经							
HCL1E301	喉返神经电生理监测					手术费	手术收入	3.治疗类：(10)手术治疗费
HCL6E301	喉返神经探查术	FCL09301	喉返神经探查术	330300017	喉返神经探查术	手术费	手术收入	3.治疗类：(10)手术治疗费
HCL6K301	迷走神经刺激器植入术					手术费	手术收入	3.治疗类：(10)手术治疗费
HCL6S301	经胸喉返神经解剖术					手术费	手术收入	3.治疗类：(10)手术治疗费
HCL6S501	经胸腔镜喉返神经解剖术					手术费	手术收入	3.治疗类：(10)手术治疗费
HCL6T301	胃迷走神经干切断术	HCL58301	胃迷走神经干切断术	331002013	胃迷走神经切断术	手术费	手术收入	3.治疗类：(10)手术治疗费
HCL6T302	选择性胃迷走神经切断术	HCL58302	选择性胃迷走神经切断术			手术费	手术收入	3.治疗类：(10)手术治疗费
HCL6T303	超选择性胃迷走神经切断术	HCL58303	超选择性胃迷走神经切断术			手术费	手术收入	3.治疗类：(10)手术治疗费
HCL6T304	保留交感神经的壁细胞胃迷走神经切断术	HCL58304	保留交感神经的壁细胞胃迷走神经切断术			手术费	手术收入	3.治疗类：(10)手术治疗费
HCL6T501	经腹腔镜胃迷走神经干切断术	HCL58501	经腹腔镜胃迷走神经干切断术			手术费	手术收入	3.治疗类：(10)手术治疗费
HCL6T502	经腹腔镜选择性胃迷走神经切断术	HCL58502	经腹腔镜选择性胃迷走神经切断术			手术费	手术收入	3.治疗类：(10)手术治疗费
HCL6T503	经腹腔镜超选择性胃迷走神经切断术	HCL58503	经腹腔镜超选择性胃迷走神经切断术	331002013	胃迷走神经切断术	手术费	手术收入	3.治疗类：(10)手术治疗费
HCL7K301	喉返神经吻合术	HCL87301	喉返神经吻合术			手术费	手术收入	3.治疗类：(10)手术治疗费
HCL7Q301	喉部神经肌蒂移植术	HCL89302	喉部神经肌蒂移植术	330701021	喉部神经肌蒂移植术	手术费	手术收入	3.治疗类：(10)手术治疗费
HCL7Q302	喉返神经移植术	HCL89301	喉返神经移植术			手术费	手术收入	3.治疗类：(10)手术治疗费
HCM	副神经							
HCN6U301	舌下神经切除术					手术费	手术收入	3.治疗类：(10)手术治疗费
HCN7K301	舌下神经吻合术					手术费	手术收入	3.治疗类：(10)手术治疗费
HCP	8.脊神经							
HCP6K101	经皮穿刺骶神经刺激装置永久置入术	HCP62101	经皮穿刺骶神经刺激装置永久置入术			手术费	手术收入	3.治疗类：(10)手术治疗费
HCP6K201	经皮穿刺骶神经调控电极植入术					手术费	手术收入	3.治疗类：(10)手术治疗费
HCP6K301	骶神经调控脉冲发生器置入术					手术费	手术收入	3.治疗类：(10)手术治疗费
HCP6N301	骶神经调控电极取出术					手术费	手术收入	3.治疗类：(10)手术治疗费
HCP6N302	骶神经调控神经刺激器取出术					手术费	手术收入	3.治疗类：(10)手术治疗费
HCP7C301	腰骶干神经松解术					手术费	手术收入	3.治疗类：(10)手术治疗费
HCP7K301	脊神经吻合术	HCP86301	显微镜下马尾神经吻合术	330204019	马尾神经吻合术	手术费	手术收入	3.治疗类：(10)手术治疗费
HCP7N101	经皮穿刺脊神经射频镇痛术	HCP72101	脊神经疼痛射频治疗			手术费	手术收入	3.治疗类：(10)手术治疗费
HCQ	脊神经根							
HCQ6K101	背根神经节电刺激电极植入术					手术费	手术收入	3.治疗类：(10)手术治疗费
HCQ6S301	脊髓后根入髓区切开术	HCQ50301	脊髓后根入髓区切开术			手术费	手术收入	3.治疗类：(10)手术治疗费
HCQ6T301	选择性脊神经背根切断术	HCQ58301	显微镜下选择性脊神经后根切断术(SPR)	330204014	选择性脊神经后根切断术(SPR)	手术费	手术收入	3.治疗类：(10)手术治疗费
HCQ7C301	脊髓神经根粘连松解术	HCQ57301	显微镜下脊髓神经根粘连松解术	330204001	脊髓和神经根粘连松解术	手术费	手术收入	3.治疗类：(10)手术治疗费
HCQ7E101	经皮穿刺椎管扩大成形术			331501037	椎管扩大成形术	手术费	手术收入	3.治疗类：(10)手术治疗费
HCQ7N101	经皮穿刺脊髓背根神经节射频镇痛术	HCQ72108	经皮穿刺腰椎背根神经节射频术			手术费	手术收入	3.治疗类：(10)手术治疗费
HCQ7N102	经皮穿刺颈脊神经根射频镇痛术	HCQ72102	经皮穿刺经颈椎间孔颈脊神经根射频术			手术费	手术收入	3.治疗类：(10)手术治疗费
HCQ7N103	经皮穿刺颈脊神经后支射频镇痛术	HCQ72103	颈脊神经后支射频术			手术费	手术收入	3.治疗类：(10)手术治疗费
HCQ7N104	经皮穿刺胸脊神经根射频镇痛术	HCQ72104	经皮穿刺经胸椎间孔胸脊神经根射频术			手术费	手术收入	3.治疗类：(10)手术治疗费
HCQ7N105	经皮穿刺腰脊神经根射频镇痛术	HCQ72105	经皮穿刺经腰椎间孔腰脊神经根射频术			手术费	手术收入	3.治疗类：(10)手术治疗费
HCQ7N106	经皮穿刺选择性腰脊神经后根射频镇痛术	HCQ72106	经皮穿刺选择性腰脊神经后根射频术			手术费	手术收入	3.治疗类：(10)手术治疗费
HCQ7N107	经皮穿刺腰脊神经后支射频镇痛术	HCQ72107	腰脊神经后支射频术			手术费	手术收入	3.治疗类：(10)手术治疗费
HCQ7N301	背根入髓区毁损术	HCQ72301	显微镜下背根入髓区毁损术			手术费	手术收入	3.治疗类：(10)手术治疗费
HCR	颈丛神经							
HCR7A301	膈神经钳夹术					手术费	手术收入	3.治疗类：(10)手术治疗费
HCR7A501	经胸腔镜膈神经钳夹术					手术费	手术收入	3.治疗类：(10)手术治疗费
HCR7J301	膈神经移位术					手术费	手术收入	3.治疗类：(10)手术治疗费
HCR7N101	经皮穿刺耳大神经射频镇痛术	HCR72101	经皮穿刺耳大神经射频术			手术费	手术收入	3.治疗类：(10)手术治疗费
HCR7N102	经皮穿刺膈神经射频镇痛术	HCR72103	经皮穿刺膈神经射频术			手术费	手术收入	3.治疗类：(10)手术治疗费
HCR7N103	经皮穿刺枕神经射频镇痛术	HCR72102	经皮穿刺枕神经射频术			手术费	手术收入	3.治疗类：(10)手术治疗费
				330703031	膈神经麻痹术	手术费	手术收入	3.治疗类：(10)手术治疗费
HCS	臂丛神经							
HCS6E301	腋神经探查术					手术费	手术收入	3.治疗类：(10)手术治疗费
HCS7C301	锁骨上臂丛神经探查松解术	HCS57301	锁骨上臂丛神经探查松解术	331502002	臂丛神经损伤神经探查松解术	手术费	手术收入	3.治疗类：(10)手术治疗费
HCS7C302	锁骨下臂丛神经探查松解术	HCS57302	锁骨下臂丛神经探查松解术			手术费	手术收入	3.治疗类：(10)手术治疗费
HCS7C303	全臂丛神经损伤神经探查松解术	HCS57303	全臂丛神经损伤神经探查松解术			手术费	手术收入	3.治疗类：(10)手术治疗费
				331521036	前臂神经探查吻合术	手术费	手术收入	3.治疗类：(10)手术治疗费
HCS7C304	尺神经松解术	HCS57304	尺神经松解术			手术费	手术收入	3.治疗类：(10)手术治疗费
HCS7C305	肘管松解术					手术费	手术收入	3.治疗类：(10)手术治疗费
HCS7C501	经腔镜臂丛神经松解术	HCS57502	腔镜下臂丛神经松解术			手术费	手术收入	3.治疗类：(10)手术治疗费
HCS7C502	经关节镜尺神经松解术	HCS57501	关节镜下尺神经松解术			手术费	手术收入	3.治疗类：(10)手术治疗费
HCS7J301	神经移植臂丛神经缝合术	HCS89302	神经移植臂丛神经缝合术	331502003	臂丛神经损伤游离神经移植术	手术费	手术收入	3.治疗类：(10)手术治疗费
HCS7J302	神经移位臂丛神经缝合术	HCS89303	神经移位臂丛神经缝合术			手术费	手术收入	3.治疗类：(10)手术治疗费
HCS7J303	肘管切开尺神经前置术	HCS88301	肘管切开尺神经前置术			手术费	手术收入	3.治疗类：(10)手术治疗费
HCS7L301	臂丛神经缝合术	HCS87301	臂丛神经缝合术			手术费	手术收入	3.治疗类：(10)手术治疗费
HCS7N101	经皮穿刺选择性臂丛神经射频镇痛术	HCS72101	经皮穿刺选择性臂丛神经射频术			手术费	手术收入	3.治疗类：(10)手术治疗费
HCS7N102	经皮穿刺上肢周围神经干射频镇痛术	HCS72102	上肢周围神经干射频术			手术费	手术收入	3.治疗类：(10)手术治疗费
HCS7N103	经皮穿刺指/趾端神经瘤射频镇痛术	HCS72103	经皮穿刺指/趾端神经瘤射频术			手术费	手术收入	3.治疗类：(10)手术治疗费
HCS7Q301	臂丛神经移位移植术	HCS89301	臂丛神经移位移植术	331502004	臂丛神经损伤神经移位术	手术费	手术收入	3.治疗类：(10)手术治疗费
				331521037	前臂神经探查游离神经移植术	手术费	手术收入	3.治疗类：(10)手术治疗费
HCT	胸神经							
HCT7N101	经皮穿刺肋间神经化学毁损术	HCT72101	经皮穿刺肋间神经化学毁损术	310100033	周围神经毁损术	手术费	手术收入	3.治疗类：(10)手术治疗费
		HCQ72101	经皮穿刺颈椎间孔颈脊神经根化学毁损术			手术费	手术收入	3.治疗类：(10)手术治疗费
HCT7N102	经皮穿刺肋间神经射频镇痛术	HCT72102	经皮穿刺肋间神经射频治疗			手术费	手术收入	3.治疗类：(10)手术治疗费
HCT7N103	经皮穿刺胸神经后支射频镇痛术	HCT72103	胸神经后支射频术			手术费	手术收入	3.治疗类：(10)手术治疗费
HCT7N301	肋间神经冷冻术					手术费	手术收入	3.治疗类：(10)手术治疗费
HCT7N501	经胸腔镜肋间神经冷冻术					手术费	手术收入	3.治疗类：(10)手术治疗费
HCU	腰丛神经							
		HCU72102	经皮穿刺股神经化学毁损术	310100033	周围神经毁损术	手术费	手术收入	3.治疗类：(10)手术治疗费
		HCU72103	经皮穿刺股神经射频术			手术费	手术收入	3.治疗类：(10)手术治疗费
HCU7J301	闭孔神经移位术					手术费	手术收入	3.治疗类：(10)手术治疗费
HCU7L301	闭孔神经缝合术					手术费	手术收入	3.治疗类：(10)手术治疗费
				331502011	闭孔神经切断术	手术费	手术收入	3.治疗类：(10)手术治疗费
HCU7N101	经皮穿刺闭孔神经射频镇痛术	HCU72101	经皮穿刺闭孔神经射频术			手术费	手术收入	3.治疗类：(10)手术治疗费
HCU7N102	经皮穿刺足底神经筋膜射频镇痛术	HCV72102	经皮穿刺足底内侧神经射频术			手术费	手术收入	3.治疗类：(10)手术治疗费
HCV	骶丛神经							
HCV6K101	经皮穿刺骶神经刺激装置临时植入术					手术费	手术收入	3.治疗类：(10)手术治疗费
HCV6T301	胫后神经肌支部分切断术	HCV58301	胫后神经肌支部分切断术	331502014	神经纤维部分切断术	手术费	手术收入	3.治疗类：(10)手术治疗费
HCV7C301	骶丛神经探查松解术	HCV57303	骶丛神经探查松解术			手术费	手术收入	3.治疗类：(10)手术治疗费
HCV7C302	坐骨/股神经探查松解术	HCV57301	坐骨/股神经探查松解术	331502010	坐骨神经松解术	手术费	手术收入	3.治疗类：(10)手术治疗费
HCV7C303	经盆腔坐骨/股神经探查松解术	HCV57302	经盆腔坐骨/股神经探查松解术			手术费	手术收入	3.治疗类：(10)手术治疗费
HCV7L301	腓神经缝合术					手术费	手术收入	3.治疗类：(10)手术治疗费
HCV7L302	坐骨/股神经缝合术	HCV87301	坐骨/股神经缝合术	331502013	下肢神经探查吻合术	手术费	手术收入	3.治疗类：(10)手术治疗费
HCV7N101	经皮穿刺下肢周围神经干射频镇痛术	HCV72101	下肢周围神经干射频术			手术费	手术收入	3.治疗类：(10)手术治疗费
HCV7Q301	腓肠神经移植术					手术费	手术收入	3.治疗类：(10)手术治疗费
HCV7Q302	坐骨/股神经移植缝合术	HCV89301	坐骨/股神经移植缝合术			手术费	手术收入	3.治疗类：(10)手术治疗费
HCW	9.内脏神经							
HCW6T301	颌下神经节副交感神经纤维切断术					手术费	手术收入	3.治疗类：(10)手术治疗费
HCW6T302	胸腰交感神经节切断术	HCW58301	显微镜下胸腰交感神经节切断术	330204015	胸腰交感神经节切断术	手术费	手术收入	3.治疗类：(10)手术治疗费
HCW6U501	经胸腔镜交感神经链切除术	HCW73501	经胸腔镜交感神经链切除术	330204016	经胸腔镜交感神经链切除术	手术费	手术收入	3.治疗类：(10)手术治疗费
HCW7N101	交感神经射频毁损术	HCW72102	交感神经射频毁损术			手术费	手术收入	3.治疗类：(10)手术治疗费
HCW7N102	经皮穿刺颈交感神经射频镇痛术	HCW72104	经皮穿刺颈交感神经射频毁损术			手术费	手术收入	3.治疗类：(10)手术治疗费
HCW7N103	经皮穿刺内脏神经射频镇痛术					手术费	手术收入	3.治疗类：(10)手术治疗费
HCW7N104	经皮穿刺奇神经节射频镇痛术	HCW72101	经皮穿刺奇神经节射频术	310100027	神经阻滞治疗	手术费	手术收入	3.治疗类：(10)手术治疗费
HCW7N105	经皮穿刺胸交感神经节射频镇痛术					手术费	手术收入	3.治疗类：(10)手术治疗费
HCW7N106	经皮穿刺腰交感神经节/链射频镇痛术	HCW72105	经皮穿刺腰交感神经节(链)射频术			手术费	手术收入	3.治疗类：(10)手术治疗费
HCW7N107	经皮腰交感神经节毁损术	HCW72106	经皮腰交感神经节毁损术			手术费	手术收入	3.治疗类：(10)手术治疗费
HCX7C501	经皮经椎间孔镜神经根松解术					手术费	手术收入	3.治疗类：(10)手术治疗费
HCY6E301	神经肌腱探查术					手术费	手术收入	3.治疗类：(10)手术治疗费
HCY7N101	浅表神经射频镇痛术					手术费	手术收入	3.治疗类：(10)手术治疗费
HCY7N102	经皮穿刺外周神经射频镇痛术					手术费	手术收入	3.治疗类：(10)手术治疗费
HCY7N103	经皮颅神经射频消融术					手术费	手术收入	3.治疗类：(10)手术治疗费
		HCZ66301	分流管置换术			手术费	手术收入	3.治疗类：(10)手术治疗费
HCZ6K301	储液囊置入术	HCZ62301	欧玛亚(Omaya)管置入术	330204021	欧玛亚(Omaya)管置入术	手术费	手术收入	3.治疗类：(10)手术治疗费
HCZ6M301	分流管调整术	HCZ63301	分流管调整术			手术费	手术收入	3.治疗类：(10)手术治疗费
HCZ6N301	分流管取出术	HCZ64301	分流管取出术			手术费	手术收入	3.治疗类：(10)手术治疗费
HCZ6U301	腰骶部潜毛窦切除术	HCZ73301	显微镜下腰骶部潜毛窦切除术	330204017	腰骶部潜毛窦切除术	手术费	手术收入	3.治疗类：(10)手术治疗费
HD	(三)内分泌系统							
HDB	1.垂体							
HDB6E601	经蝶骨垂体探查术					手术费	手术收入	3.治疗类：(10)手术治疗费
HDB6U601	经蝶骨垂体病损清除术					手术费	手术收入	3.治疗类：(10)手术治疗费
HDB6U602	经蝶垂体腺部分切除术					手术费	手术收入	3.治疗类：(10)手术治疗费
HDB6W301	经颅入路垂体瘤切除术	HDB75301	经颅入路垂体瘤切除术	330201039	垂体瘤切除术	手术费	手术收入	3.治疗类：(10)手术治疗费
HDB6W302	经蝶入路垂体瘤切除术	HDB75302	显微镜下经蝶入路垂体瘤切除术			手术费	手术收入	3.治疗类：(10)手术治疗费
HDB6W501	经神经内镜经蝶入路垂体瘤切除术	HDB75501	经颅内镜经蝶入路垂体瘤切除术	330201045	经颅内镜经鼻蝶垂体肿瘤切除术	手术费	手术收入	3.治疗类：(10)手术治疗费
HDB6W601	经鼻内镜垂体瘤切除术	HDB75601	经鼻内镜蝶窦径路垂体瘤切除术			手术费	手术收入	3.治疗类：(10)手术治疗费
				330300001	垂体细胞移植术	手术费	手术收入	3.治疗类：(10)手术治疗费
HDC	2.甲状腺							
HDC6D301	甲状腺肿物切取活检术	FDC07301	甲状腺肿物切取活检术			手术费	手术收入	3.治疗类：(10)手术治疗费
HDC6U301	甲状舌管囊肿切除术	HDC73301	甲状舌管囊肿切除术			手术费	手术收入	3.治疗类：(10)手术治疗费
HDC6U302	甲状舌管瘘切除术	HDC73302	甲状舌管瘘切除术	330300015	甲状舌管瘘切除术	手术费	手术收入	3.治疗类：(10)手术治疗费
HDC6U303	甲状腺腺瘤摘除术	HDC73303	甲状腺腺瘤摘除术			手术费	手术收入	3.治疗类：(10)手术治疗费
HDC6U304	甲状腺部分切除术	HDC73304	甲状腺部分切除术	330300008	甲状腺部分切除术	手术费	手术收入	3.治疗类：(10)手术治疗费
HDC6U305	胸骨后甲状腺肿切除术	HDC73305	胸骨后甲状腺肿切除术			手术费	手术收入	3.治疗类：(10)手术治疗费
HDC6U306	甲状腺次全切除术	HDC73306	甲状腺次全切除术	330300009	甲状腺次全切除术	手术费	手术收入	3.治疗类：(10)手术治疗费
HDC6U501	经腔镜甲状腺次全切除术					手术费	手术收入	3.治疗类：(10)手术治疗费
HDC6U502	经腔镜甲状腺部分切除术					手术费	手术收入	3.治疗类：(10)手术治疗费
HDC6U601	经口腔前庭内镜甲状腺叶切除术					手术费	手术收入	3.治疗类：(10)手术治疗费
HDC6W301	甲状腺全切术	HDC75301	甲状腺全切术	330300010	甲状腺全切术	手术费	手术收入	3.治疗类：(10)手术治疗费
HDC6W501	经腋窝内镜甲状腺切除术					手术费	手术收入	3.治疗类：(10)手术治疗费
HDC6W502	经腔镜甲状腺全切术					手术费	手术收入	3.治疗类：(10)手术治疗费
HDC6W601	经口腔前庭内镜甲状腺全部切除术					手术费	手术收入	3.治疗类：(10)手术治疗费
HDC6X301	甲状腺癌根治性切除术	HDC77301	甲状腺癌根治术	330300011	甲状腺癌根治术	手术费	手术收入	3.治疗类：(10)手术治疗费
HDC6X302	甲状腺癌扩大根治性切除术	HDC77302	甲状腺癌扩大根治术	330300012	甲状腺癌扩大根治术	手术费	手术收入	3.治疗类：(10)手术治疗费
HDC6X303	甲状腺癌根治+上纵隔淋巴清扫术	HDC77303	甲状腺癌根治+上纵隔淋巴清扫术	330300013	甲状腺癌根治术联合胸骨劈开上纵隔清扫术	手术费	手术收入	3.治疗类：(10)手术治疗费
HDC7Q301	胎儿甲状腺大网膜移植术	HDC89301	胎儿甲状腺大网膜移植术	330300016	胎儿甲状腺移植术	手术费	手术收入	3.治疗类：(10)手术治疗费
HDC7Q302	甲状腺细胞移植术	HDC89302	甲状腺细胞移植术	330300014	甲状腺细胞移植术	手术费	手术收入	3.治疗类：(10)手术治疗费
HDD	3.甲状旁腺							
HDD6E301	甲状旁腺探查术	FDD09301	甲状旁腺探查术			手术费	手术收入	3.治疗类：(10)手术治疗费
HDD6U301	甲状旁腺腺瘤切除术	HDD73301	甲状旁腺腺瘤切除术	330300002	甲状旁腺腺瘤切除术	手术费	手术收入	3.治疗类：(10)手术治疗费
HDD6U302	甲状旁腺大部切除术	HDD73302	甲状旁腺大部切除术	330300003	甲状旁腺大部切除术	手术费	手术收入	3.治疗类：(10)手术治疗费
HDD6U501	经腔镜甲状旁腺腺瘤切除术					手术费	手术收入	3.治疗类：(10)手术治疗费
HDD6W301	甲状旁腺全切术					手术费	手术收入	3.治疗类：(10)手术治疗费
HDD6W501	经口腔前庭内镜甲状旁腺切除术					手术费	手术收入	3.治疗类：(10)手术治疗费
HDD6W502	经腔镜甲状旁腺全部切除术					手术费	手术收入	3.治疗类：(10)手术治疗费
HDD6X301	甲状旁腺癌根治性切除术	HDD77301	甲状旁腺癌根治术	330300006	甲状旁腺癌根治术	手术费	手术收入	3.治疗类：(10)手术治疗费
HDD7Q301	甲状旁腺移植术	HDD89301	甲状旁腺移植术	330300004	甲状旁腺移植术	手术费	手术收入	3.治疗类：(10)手术治疗费
HDD7Q302	甲状旁腺细胞移植术	HDD89302	甲状旁腺细胞移植术	330300005	甲状旁腺细胞移植术	手术费	手术收入	3.治疗类：(10)手术治疗费
HDF	4.肾上腺							
HDF6U301	肾上腺部分切除术	HDF73301	肾上腺部分切除术			手术费	手术收入	3.治疗类：(10)手术治疗费
HDF6U302	肾上腺腺瘤切除术	HDF73302	肾上腺腺瘤切除术			手术费	手术收入	3.治疗类：(10)手术治疗费
HDF6U303	肾上腺嗜铬细胞瘤切除术	HDF73303	肾上腺嗜铬细胞瘤切除术	330300022	肾上腺嗜铬细胞瘤切除术	手术费	手术收入	3.治疗类：(10)手术治疗费
HDF6U304	异位嗜铬细胞瘤切除术	HDF73304	异位嗜铬细胞瘤切除术	330300023	恶性嗜铬细胞瘤根治术	手术费	手术收入	3.治疗类：(10)手术治疗费
HDF6U501	经腹腔镜肾上腺部分切除术	HDF73501	经腹腔镜肾上腺部分切除术			手术费	手术收入	3.治疗类：(10)手术治疗费
HDF6U502	经腹腔镜肾上腺腺瘤切除术	HDF73502	经腹腔镜肾上腺腺瘤切除术			手术费	手术收入	3.治疗类：(10)手术治疗费
HDF6U503	经腹腔镜肾上腺嗜铬细胞瘤切除术	HDF73503	经腹腔镜肾上腺嗜铬细胞瘤切除术	330300022	肾上腺嗜铬细胞瘤切除术	手术费	手术收入	3.治疗类：(10)手术治疗费
HDF6U504	经腹腔镜异位嗜铬细胞瘤切除术	HDF73504	经腹腔镜异位嗜铬细胞瘤切除术	330300023	恶性嗜铬细胞瘤根治术	手术费	手术收入	3.治疗类：(10)手术治疗费
HDF6W301	肾上腺切除术	HDF75301	肾上腺切除术	330300021	肾上腺切除术	手术费	手术收入	3.治疗类：(10)手术治疗费
HDF6W501	经腹腔镜肾上腺切除术	HDF75501	经腹腔镜肾上腺切除术			手术费	手术收入	3.治疗类：(10)手术治疗费
HDF6X301	肾上腺恶性肿瘤根治术					手术费	手术收入	3.治疗类：(10)手术治疗费
				330300024	微囊化牛肾上腺嗜铬细胞(BCC)移植术	手术费	手术收入	3.治疗类：(10)手术治疗费
HDF7Q301	肾上腺组织自体移植术	HDF89301	肾上腺组织自体移植术	330300025	肾上腺移植术	手术费	手术收入	3.治疗类：(10)手术治疗费
HE	(四)眼部							
HEA	1.眼							
		HEA25702	义眼台打孔+义眼安装术	330409011	义眼台打孔术	手术费	手术收入	3.治疗类：(10)手术治疗费
HEA6K301	眼内肿物放射粒子敷贴器置入术	HEA62301	眼内肿物放射敷贴器置入术			手术费	手术收入	3.治疗类：(10)手术治疗费
HEA6K302	眼缺损种植体置入术	HEA61301	眼缺损种植体置入术	330609009	颜面器官缺损种植体植入术	手术费	手术收入	3.治疗类：(10)手术治疗费
HEA6K701	义眼安装	HEA25701	义眼安装	330409010	义眼安装	手术费	手术收入	3.治疗类：(10)手术治疗费
HEA6N301	眼内肿物放射粒子敷贴器取出术	HEA64301	眼内肿物放射敷贴器取出术			手术费	手术收入	3.治疗类：(10)手术治疗费
HEA6N302	眼内置入物取出术	HEA64302	眼内置入物取出术	330406012	人工晶体取出术	手术费	手术收入	3.治疗类：(10)手术治疗费
HEA6R301	眶深部脓肿切开引流术	HEA45302	眼深部脓肿切开引流术	310300093	眼部脓肿切开引流术	手术费	手术收入	3.治疗类：(10)手术治疗费
HEA6R302	眼表浅脓肿切开引流术	HEA45301	眼表浅脓肿切开引流术			手术费	手术收入	3.治疗类：(10)手术治疗费
HEA7N301	内眼孤立病灶冷凝术	HEA72301	内眼孤立病灶冷凝术	330407013	内眼病冷凝术	手术费	手术收入	3.治疗类：(10)手术治疗费
HEA7P301	小眼畸形矫正术	HEA83301	小眼畸形矫正术	330409006	甲状腺突眼矫正术	手术费	手术收入	3.治疗类：(10)手术治疗费
HEA7Q301	眼表重建术	HEA89701	眼表重建术	330409023	眼前段重建术	手术费	手术收入	3.治疗类：(10)手术治疗费
HEB-HEC	2.眼眶及内容物							
HEB	眼眶							
HEB6U301	眶尖部肿瘤切除术					手术费	手术收入	3.治疗类：(10)手术治疗费
HEB6U302	眶前部肿瘤切除术					手术费	手术收入	3.治疗类：(10)手术治疗费
HEB6U303	经颅眶肿物切除术	HEB73301	显微镜下经颅眶肿物切除术	330201011	经颅眶肿瘤切除术	手术费	手术收入	3.治疗类：(10)手术治疗费
HEB6U601	经鼻内镜眶尖部肿瘤切除术					手术费	手术收入	3.治疗类：(10)手术治疗费
HEB6V301	颅内外“O”形截骨眶距增宽矫正术	HEB82301	颅内外“O”形截骨眶距增宽矫正术	330409025	眶距增宽症整形术	手术费	手术收入	3.治疗类：(10)手术治疗费
				330409026	隆眉弓术	手术费	手术收入	3.治疗类：(10)手术治疗费
HEB6V302	颅外“U”形截骨眶距增宽矫正术	HEB82302	颅外“U”形截骨眶距增宽矫正术	330409025	眶距增宽症整形术	手术费	手术收入	3.治疗类：(10)手术治疗费
HEB6W601	经鼻内镜眶尖病变切除术					手术费	手术收入	3.治疗类：(10)手术治疗费
HEB7B301	眼眶减压术	HEB56301	眼眶减压术	330409022	眼眶减压术	手术费	手术收入	3.治疗类：(10)手术治疗费
HEB7B601	经鼻内镜眶减压术	HEB56601	经鼻内镜眶减压术	330603006	经鼻内镜眶减压术	手术费	手术收入	3.治疗类：(10)手术治疗费
HEB7G301	颅外眶距增宽矫正术	HEB82303	颅外眶距增宽矫正术	330409025	眶距增宽症整形术	手术费	手术收入	3.治疗类：(10)手术治疗费
HEB7G302	颅内外联合入路眶距增宽矫正术	HEB82801	颅内外联合入路眶距增宽矫正术			手术费	手术收入	3.治疗类：(10)手术治疗费
HEB7H301	眶颧骨折复位内固定术	HEB70301	眶颧骨折复位内固定术	330409019	眼眶壁骨折整复术	手术费	手术收入	3.治疗类：(10)手术治疗费
HEB7P301	眶隔脂肪整形术	HEB83301	眶隔脂肪整形术			手术费	手术收入	3.治疗类：(10)手术治疗费
HEB7P302	眶隔修补术	HEB83302	眶隔修补术	330409021	眶膈修补术	手术费	手术收入	3.治疗类：(10)手术治疗费
HEB7P303	眶周骨折修复术	HEB70302	眶周骨折修复术	330409019	眼眶壁骨折整复术	手术费	手术收入	3.治疗类：(10)手术治疗费
HEB7P304	眼眶骨折修复术	HEB83303	眶骨缺损修复人工材料植入+眼球内陷矫正术	330409020	眶骨缺损修复术	手术费	手术收入	3.治疗类：(10)手术治疗费
HEB7P601	经鼻内镜上颌窦入路眶底壁骨折整复术	HEB83602	经鼻内镜上颌窦径路眶底壁骨折整复术			手术费	手术收入	3.治疗类：(10)手术治疗费
HEB7P602	经鼻内镜筛窦纸板入路眶内壁整复术	HEB83601	鼻内镜筛窦纸板径路眶内壁整复术			手术费	手术收入	3.治疗类：(10)手术治疗费
HEC	眶内容物							
HEC6K101	眶内肿物放射粒子置入术					手术费	手术收入	3.治疗类：(10)手术治疗费
HEC6K301	眼球摘除活动性义眼台植入术	HEA61701	活动性义眼台置入术	330409012	活动性义眼眼座植入术	手术费	手术收入	3.治疗类：(10)手术治疗费
HEC6K302	眼窝填充活动性义眼台植入术	HEC66301	眼窝填充术	330409017	眼窝填充术	手术费	手术收入	3.治疗类：(10)手术治疗费
HEC6N301	义眼台取出术	HEA64701	义眼台取出术			手术费	手术收入	3.治疗类：(10)手术治疗费
HEC6P301	眶内异物取出术	HEC65301	眶内异物取出术	330409004	眶内异物取出术	手术费	手术收入	3.治疗类：(10)手术治疗费
HEC6P302	前路开眶眶内肿物摘除术	HEC73302	前路眶内肿物摘除术	330409014	眶内肿物摘除术	手术费	手术收入	3.治疗类：(10)手术治疗费
HEC6P303	外侧开眶眶深肿物摘除术	HEC73301	侧壁开眶眶内肿物摘除术			手术费	手术收入	3.治疗类：(10)手术治疗费
HEC6P601	经鼻内镜筛窦纸板入路眶内异物取出术	HEC65601	经鼻内镜筛窦纸板径路眶内异物取出术			手术费	手术收入	3.治疗类：(10)手术治疗费
HEC6U601	经鼻内镜筛窦纸板入路眶内肿瘤切除术	HEC73601	经鼻内镜筛窦纸板径路眶内肿瘤切除术			手术费	手术收入	3.治疗类：(10)手术治疗费
HEC6W301	眶内容摘除术	HEC75301	眶内容摘除术	330409015	眶内容摘除术	手术费	手术收入	3.治疗类：(10)手术治疗费
HEC7B301	眶脂肪切除减压术					手术费	手术收入	3.治疗类：(10)手术治疗费
HEC7P301	义眼台暴露修补术					手术费	手术收入	3.治疗类：(10)手术治疗费
HEC7Q301	眶内容摘除皮片移植术	HEC75302	上颌骨切除+眶内容摘除术	330409016	上颌骨切除合并眶内容摘除术	手术费	手术收入	3.治疗类：(10)手术治疗费
HED	3.眼睑							
HED6J301	自体脂肪移植眼睑填充术	HED61101	眼睑脂肪填充术			手术费	手术收入	3.治疗类：(10)手术治疗费
HED6U301	睑板腺囊肿切除术	HED73301	睑板腺囊肿切除术	330403006	麦粒肿切除术	手术费	手术收入	3.治疗类：(10)手术治疗费
HED6U302	泪阜部肿瘤切除术	HED73305	泪阜部肿瘤切除术	330402001	泪阜部肿瘤单纯切除术	手术费	手术收入	3.治疗类：(10)手术治疗费
HED6U303	眼睑肿物切除整形术(小)	HED73302	眼睑肿物切除术	330401001	眼睑肿物切除术	手术费	手术收入	3.治疗类：(10)手术治疗费
HED6U304	眼睑肿物切除整形术(大)	HED73303	眼睑肿物切除整形术			手术费	手术收入	3.治疗类：(10)手术治疗费
HED6U305	眼睑分裂痣切除游离植皮术	HED73304	眼睑分裂痣切除游离植皮术			手术费	手术收入	3.治疗类：(10)手术治疗费
HED6U306	眼睑痉挛肌肉切除术					手术费	手术收入	3.治疗类：(10)手术治疗费
		HED73701	双行睫矫正术	330401014	双行睫矫正术	手术费	手术收入	3.治疗类：(10)手术治疗费
HED7C301	睑缘粘连分离术	HED57301	睑缘粘连分离术			手术费	手术收入	3.治疗类：(10)手术治疗费
HED7C302	睑球粘连分离术	HED57302	睑球粘连分离术	330403001	睑球粘连分离术	手术费	手术收入	3.治疗类：(10)手术治疗费
HED7G301	瘢痕性眼睑内翻眼睑后层延长矫正术					手术费	手术收入	3.治疗类：(10)手术治疗费
HED7H301	创伤性眦距过宽内眦韧带复位固定术	HED70301	创伤性眦距过宽内眦韧带复位固定术			手术费	手术收入	3.治疗类：(10)手术治疗费
HED7H302	上睑下垂矫正过度复位术					手术费	手术收入	3.治疗类：(10)手术治疗费
HED7M301	眼阔筋膜悬吊术					手术费	手术收入	3.治疗类：(10)手术治疗费
HED7P301	眦部睑裂缝合术	HED83301	眦部睑裂缝合术	330401009	睑裂缝合术	手术费	手术收入	3.治疗类：(10)手术治疗费
HED7P302	经皮下睑袋整形术	HED83101	经皮下睑袋整形术	330401015	眼袋整形术	手术费	手术收入	3.治疗类：(10)手术治疗费
HED7P303	结膜入路下睑袋整形术	HED83310	结膜入路下睑袋整形术			手术费	手术收入	3.治疗类：(10)手术治疗费
HED7P304	下睑袋切除术后修复术	HED83311	下睑袋切除术后修整术	330401015	眼袋整形术	手术费	手术收入	3.治疗类：(10)手术治疗费
HED7P305	睑缘永久性粘连缝合术	HED83309	睑缘粘连术	330401018	睑缘粘连术	手术费	手术收入	3.治疗类：(10)手术治疗费
HED7P306	结膜裂伤缝合术	HED83308	眼睑结膜裂伤缝合术	330401002	眼睑结膜裂伤缝合术	手术费	手术收入	3.治疗类：(10)手术治疗费
HED7P307	内眦赘皮矫治术	HED83303	内眦赘皮矫治术	330401011	内眦赘皮矫治术	手术费	手术收入	3.治疗类：(10)手术治疗费
HED7P308	内眦移位矫正局部整形术	HED83304	内眦移位矫正局部整形术			手术费	手术收入	3.治疗类：(10)手术治疗费
HED7P309	内眦成形术	HED83305	内眦成形术	330401016	内外眦成形术	手术费	手术收入	3.治疗类：(10)手术治疗费
HED7P310	内眦韧带断裂修复术	HED83302	内眦韧带断裂修复术	330401003	内眦韧带断裂修复术	手术费	手术收入	3.治疗类：(10)手术治疗费
HED7P311	外眦成形术	HED83306	外眦成形术	330401016	内外眦成形术	手术费	手术收入	3.治疗类：(10)手术治疗费
HED7P312	复杂眼睑裂伤缝合术	HED83307	复杂眼睑裂伤缝合术			手术费	手术收入	3.治疗类：(10)手术治疗费
HED7P313	重睑成形术-切开法	HED83312	重睑成形术-切开法	330401012	重睑成形术	手术费	手术收入	3.治疗类：(10)手术治疗费
HED7P314	重睑成形术-埋线法	HED83313	重睑成形术-埋线法			手术费	手术收入	3.治疗类：(10)手术治疗费
HED7P315	重睑成形术-缝线法	HED83314	重睑成形术-缝线法	330401012	重睑成形术	手术费	手术收入	3.治疗类：(10)手术治疗费
HED7P316	重睑术后修复术	HED83315	重睑术后修整术			手术费	手术收入	3.治疗类：(10)手术治疗费
HED7P317	重睑术后修复+上睑颗粒脂肪注射	HED83316	重睑术后修整+上睑颗粒脂肪注射术			手术费	手术收入	3.治疗类：(10)手术治疗费
HED7P318	眼睑退缩矫正术	HED83317	睑退缩矫正术	330401006	睑退缩矫正术	手术费	手术收入	3.治疗类：(10)手术治疗费
HED7P319	非瘢痕性睑内翻皮肤轮匝切除矫正术	HED83318	非瘢痕性睑内翻矫正术	330401007	睑内翻矫正术	手术费	手术收入	3.治疗类：(10)手术治疗费
HED7P320	非瘢痕性睑内翻缝线矫正术	HED83319	非瘢痕性睑内翻缝线矫正术			手术费	手术收入	3.治疗类：(10)手术治疗费
HED7P321	瘢痕性眼睑内翻睑板楔形切除矫正术	HED83320	瘢痕性眼睑内翻中厚植皮矫正术	330401007	睑内翻矫正术	手术费	手术收入	3.治疗类：(10)手术治疗费
HED7P322	非瘢痕性睑外翻矫正术	HED83321	非瘢痕性睑外翻材料植入矫正术	330401008	睑外翻矫正术	手术费	手术收入	3.治疗类：(10)手术治疗费
HED7P323	瘢痕性睑外翻皮瓣转移修复术	HED83323	瘢痕性睑外翻颞眼轮匝肌瓣瓣转移修复矫正术			手术费	手术收入	3.治疗类：(10)手术治疗费
HED7P324	颞浅动脉岛状瓣转移睑外翻矫正术	HED83324	颞浅动脉岛状瓣转移睑外翻矫正术			手术费	手术收入	3.治疗类：(10)手术治疗费
HED7P325	瘢痕性下睑外翻鼻颊沟皮瓣转移修复术	HED83325	瘢痕性睑外翻鼻唇沟皮瓣转移修复矫正术			手术费	手术收入	3.治疗类：(10)手术治疗费
HED7P326	游离植皮睑外翻矫正术	HED83326	游离植皮睑外翻矫正术			手术费	手术收入	3.治疗类：(10)手术治疗费
HED7P327	金属片置入眼睑闭合不全矫治术	HED83329	金属片置入眼睑闭合不全矫治术			手术费	手术收入	3.治疗类：(10)手术治疗费
HED7P328	颞肌筋膜瓣转移眼睑闭合不全矫治术	HED83330	颞肌筋膜瓣转移眼睑闭合不全矫治术			手术费	手术收入	3.治疗类：(10)手术治疗费
HED7P329	眼睑全层缺损修复术					手术费	手术收入	3.治疗类：(10)手术治疗费
HED7P330	眼睑缺损修复术					手术费	手术收入	3.治疗类：(10)手术治疗费
HED7P701	眼睑裂伤清创缝合术					手术费	手术收入	3.治疗类：(10)手术治疗费
HED7Q301	睑沟凹陷畸形矫正脂肪移植术	HED83327	睑凹陷畸形矫正术	330401017	睑凹陷畸形矫正术	手术费	手术收入	3.治疗类：(10)手术治疗费
HED7Q302	瘢痕性眼睑外翻矫正皮片移植术	HED83322	瘢痕性眼睑外翻中厚皮瓣转移矫正术	330401008	睑外翻矫正术	手术费	手术收入	3.治疗类：(10)手术治疗费
HED7Q303	全眼睑重建术					手术费	手术收入	3.治疗类：(10)手术治疗费
HED7Q304	游离皮片移植眼窝再造术	HED89303	游离皮片移植眼窝再造术	330409018	眼窝再造术	手术费	手术收入	3.治疗类：(10)手术治疗费
HED7Q305	局部皮瓣转移眼窝再造术	HED89304	局部皮瓣转移眼窝再造术			手术费	手术收入	3.治疗类：(10)手术治疗费
HED7Q306	岛状瓣转移眼窝再造术	HED89305	岛状瓣转移眼窝再造术			手术费	手术收入	3.治疗类：(10)手术治疗费
HED7Q307	游离皮瓣移植眼窝再造术	HED89306	游离皮瓣移植眼窝再造术			手术费	手术收入	3.治疗类：(10)手术治疗费
				330401013	激光重睑整形术	手术费	手术收入	3.治疗类：(10)手术治疗费
		HED83328	睑凹陷畸形假体置入矫正术	330401017	睑凹陷畸形矫正术	手术费	手术收入	3.治疗类：(10)手术治疗费
		HED89302	人工材料置入眼窝再造术	330409018	眼窝再造术	手术费	手术收入	3.治疗类：(10)手术治疗费
HEE	4.泪器							
HEE6N601	经鼻内镜鼻泪管支架取出术					手术费	手术收入	3.治疗类：(10)手术治疗费
HEE6N602	人工泪管取出术	HEE64601	人工泪管取出术			手术费	手术收入	3.治疗类：(10)手术治疗费
HEE6U301	泪囊摘除术	HEE73301	泪囊摘除术	330402004	泪囊摘除术	手术费	手术收入	3.治疗类：(10)手术治疗费
HEE6U302	泪囊瘘管切除术	HEE73303	泪囊瘘管切除术			手术费	手术收入	3.治疗类：(10)手术治疗费
HEE6U303	泪囊区肿瘤切除术					手术费	手术收入	3.治疗类：(10)手术治疗费
HEE6U304	泪小管肿瘤切除术					手术费	手术收入	3.治疗类：(10)手术治疗费
HEE6U601	经鼻内镜泪囊/鼻泪管肿瘤切除术					手术费	手术收入	3.治疗类：(10)手术治疗费
		HEE73302	睑部泪腺切除术	330402005	睑部泪腺摘除术	手术费	手术收入	3.治疗类：(10)手术治疗费
HEE7H301	泪腺脱垂复位术	HEE83304	泪腺脱垂矫正术			手术费	手术收入	3.治疗类：(10)手术治疗费
HEE7K301	结膜鼻腔泪囊吻合人工泪道植入术	HEE86302	泪囊结膜囊吻合术	330402006	泪囊结膜囊吻合术	手术费	手术收入	3.治疗类：(10)手术治疗费
HEE7K302	泪小管吻合术	HEE86301	泪小管吻合术	330402003	泪小管吻合术	手术费	手术收入	3.治疗类：(10)手术治疗费
HEE7K601	鼻内镜下经鼻泪囊鼻腔吻合术					手术费	手术收入	3.治疗类：(10)手术治疗费
HEE7P301	泪道成形术	HEE83303	泪道成形术	330402009	泪道成形术	手术费	手术收入	3.治疗类：(10)手术治疗费
HEE7P302	泪小点外翻矫正术	HEE83302	泪小点外翻矫正术	330402002	泪小点外翻矫正术	手术费	手术收入	3.治疗类：(10)手术治疗费
HEE7P401	泪小点成形术	HEE83301	泪小点成形术			手术费	手术收入	3.治疗类：(10)手术治疗费
HEF-HEU	5.眼球							
HEF6N301	球内异物定位环置入取出术	HEF64301	球内异物定位环置入取出术	310300073	球内异物定位	手术费	手术收入	3.治疗类：(10)手术治疗费
HEF6P301	球内磁性异物取出术	HEF65301	球内磁性异物取出术	330409001	球内磁性异物取出术	手术费	手术收入	3.治疗类：(10)手术治疗费
HEF6P302	球内非磁性异物取出术	HEF65302	球内非磁性异物取出术	330409002	球内非磁性异物取出术	手术费	手术收入	3.治疗类：(10)手术治疗费
HEF6P303	球壁异物取出术	HEF65303	球壁异物取出术	330409003	球壁异物取出术	手术费	手术收入	3.治疗类：(10)手术治疗费
HEF6W301	眼球摘除术	HEF75301	眼球摘除术	330409008	眼球摘除术	手术费	手术收入	3.治疗类：(10)手术治疗费
		HEF75302	眼球摘除+义眼台置入术	330409009	眼球摘除+植入术	手术费	手术收入	3.治疗类：(10)手术治疗费
HEF7P301	眼前节手术伤口修复术					手术费	手术收入	3.治疗类：(10)手术治疗费
HEF7P302	眼球裂伤探查缝合术	HEF83301	眼球裂伤探查缝合术	330409005	眼球裂伤缝合术	手术费	手术收入	3.治疗类：(10)手术治疗费
HEF7Q301	自体骨移植眼球内陷矫正术	HEF89301	自体骨移植眼球内陷矫正术			手术费	手术收入	3.治疗类：(10)手术治疗费
HEF7Q302	人工材料植入眼球内陷矫正术	HEF89302	人工材料植入眼球内陷矫正术			手术费	手术收入	3.治疗类：(10)手术治疗费
HEG	结膜							
HEG6B301	球结膜放射状切开冲洗术	HEG48304	球结膜放射状切开冲洗术	330403008	球结膜放射状切开冲洗+减压术	手术费	手术收入	3.治疗类：(10)手术治疗费
HEG6U301	结膜肿物切除术	HEG73301	结膜肿物切除术	330403002	结膜肿物切除术	手术费	手术收入	3.治疗类：(10)手术治疗费
HEG6U302	结膜淋巴管切除术	HEG73302	结膜淋巴管切除术	330403003	结膜淋巴管积液清除术	手术费	手术收入	3.治疗类：(10)手术治疗费
HEG6U303	结膜环切除术					手术费	手术收入	3.治疗类：(10)手术治疗费
HEG7P301	结膜囊成形术	HEG83302	结膜囊成形术	330403004	结膜囊成形术	手术费	手术收入	3.治疗类：(10)手术治疗费
HEG7P302	结膜松弛症矫正术					手术费	手术收入	3.治疗类：(10)手术治疗费
HEG7P303	下穹窿成形术	HEG83301	下穹窿成形术	330403007	下穹窿成形术	手术费	手术收入	3.治疗类：(10)手术治疗费
HEG7Q301	结膜肿物切除联合组织移植术	HEG89302	结膜肿物切除联合组织移植术			手术费	手术收入	3.治疗类：(10)手术治疗费
HEG7Q302	球结膜瓣覆盖术	HEG89301	球结膜瓣覆盖术	330403005	球结膜瓣复盖术	手术费	手术收入	3.治疗类：(10)手术治疗费
HEH	角膜							
				330404003	角膜缝环固定术	手术费	手术收入	3.治疗类：(10)手术治疗费
HEH6B301	角膜交联术					手术费	手术收入	3.治疗类：(10)手术治疗费
HEH6J301	表层角膜镜片镶嵌术	HEH61301	表层角膜镜片镶嵌术	330404001	表层角膜镜片镶嵌术	手术费	手术收入	3.治疗类：(10)手术治疗费
HEH6K301	角膜基质环置入术	HEH62301	角膜基质环置入术	330404005	角膜基质环植入术	手术费	手术收入	3.治疗类：(10)手术治疗费
HEH6N301	飞秒激光微小切口角膜基质透镜取出术					手术费	手术收入	3.治疗类：(10)手术治疗费
HEH6P301	深层角膜异物取出术	HEH65302	深层角膜异物取出术	330404006	角膜深层异物取出术	手术费	手术收入	3.治疗类：(10)手术治疗费
HEH6S301	散光性角膜切开术(AK)	HEH50301	散光性角膜切开术(AK)	330404002	近视性放射状角膜切开术	手术费	手术收入	3.治疗类：(10)手术治疗费
HEH6U301	飞秒激光角膜切削术	HEH73301	飞秒激光角膜切削术			手术费	手术收入	3.治疗类：(10)手术治疗费
HEH6U302	角膜浅层肿瘤切除术					手术费	手术收入	3.治疗类：(10)手术治疗费
HEH6U303	角膜病灶切除术	HEH65301	浅层角膜异物剔除术	310300102	角膜异物剔除术	手术费	手术收入	3.治疗类：(10)手术治疗费
HEH6U304	角膜病损板层切除术					手术费	手术收入	3.治疗类：(10)手术治疗费
HEH6U305	准分子激光治疗性角膜切削术(PTK)	HEH89302	准分子激光治疗性角膜切削术(PTK)			手术费	手术收入	3.治疗类：(10)手术治疗费
HEH6U306	经角膜上皮准分子激光角膜切削术					手术费	手术收入	3.治疗类：(10)手术治疗费
HEH6U307	角巩膜病灶切除术					手术费	手术收入	3.治疗类：(10)手术治疗费
HEH6U308	角膜上皮刮除术					手术费	手术收入	3.治疗类：(10)手术治疗费
HEH6U309	翼状胬肉切除术	HEH73302	翼状胬肉切除术	330404007	翼状胬肉切除术	手术费	手术收入	3.治疗类：(10)手术治疗费
HEH7J301	自体角膜转位术					手术费	手术收入	3.治疗类：(10)手术治疗费
HEH7J302	胬肉移位术					手术费	手术收入	3.治疗类：(10)手术治疗费
HEH7N301	角膜溃疡灼烙术	HEH72301	角膜溃疡灼烙术	310300103	角膜溃疡灼烙术	手术费	手术收入	3.治疗类：(10)手术治疗费
HEH7N302	角膜病损冷冻治疗					手术费	手术收入	3.治疗类：(10)手术治疗费
HEH7P301	角膜缝线调整术					手术费	手术收入	3.治疗类：(10)手术治疗费
HEH7P302	传导性角膜成形术(CK)	HEH83301	传导性角膜成形术(CK)			手术费	手术收入	3.治疗类：(10)手术治疗费
HEH7P303	角膜修补术					手术费	手术收入	3.治疗类：(10)手术治疗费
HEH7P304	角巩膜穿通伤修补术					手术费	手术收入	3.治疗类：(10)手术治疗费
HEH7P701	角膜热成形术					手术费	手术收入	3.治疗类：(10)手术治疗费
HEH7Q301	翼状胬肉切除联合组织移植术	HEH89309	翼状胬肉切除组织移植术	330404008	翼状胬肉切除＋角膜移植术	手术费	手术收入	3.治疗类：(10)手术治疗费
HEH7Q302	机械法准分子激光角膜上皮瓣下磨镶术	HEH89305	准分子激光原位角膜磨镶术(LASIK)	310300079	激光原位角膜磨镶术(LASIK)	手术费	手术收入	3.治疗类：(10)手术治疗费
HEH7Q303	个体化机械法准分子激光角膜上皮瓣下磨镶术	HEH89306	个体化准分子激光原位角膜磨镶术			手术费	手术收入	3.治疗类：(10)手术治疗费
HEH7Q304	个体化准分子激光上皮瓣下角膜磨镶术	HEH89307	个体化准分子激光上皮瓣下角膜磨镶术			手术费	手术收入	3.治疗类：(10)手术治疗费
HEH7Q305	穿透性角膜移植术	HEH89310	穿透性角膜移植术	330404010	角膜移植术	手术费	手术收入	3.治疗类：(10)手术治疗费
HEH7Q306	角膜内皮移植术	HEH89311	角膜内皮移植术			手术费	手术收入	3.治疗类：(10)手术治疗费
HEH7Q307	板层角膜移植术	HEH89312	板层角膜移植术			手术费	手术收入	3.治疗类：(10)手术治疗费
HEH7Q308	深板层角膜移植术	HEH89313	深板层角膜移植术			手术费	手术收入	3.治疗类：(10)手术治疗费
HEH7Q309	个体化飞秒激光辅助准分子激光原位角膜磨镶术					手术费	手术收入	3.治疗类：(10)手术治疗费
HEH7Q310	飞秒激光辅助准分子激光原位角膜磨镶术					手术费	手术收入	3.治疗类：(10)手术治疗费
HEH7Q311	前弹力层下激光角膜磨镶术					手术费	手术收入	3.治疗类：(10)手术治疗费
HEH7Q312	角膜缘干细胞移植术					手术费	手术收入	3.治疗类：(10)手术治疗费
HEH7Q313	准分子激光角膜上皮瓣下磨镶术					手术费	手术收入	3.治疗类：(10)手术治疗费
HEH7Q314	羊膜移植术	HEH89308	羊膜移植术	330404011	羊膜移植术	手术费	手术收入	3.治疗类：(10)手术治疗费
HEH7T301	人工角膜移植术					手术费	手术收入	3.治疗类：(10)手术治疗费
HEH7Z301	角膜白斑染色术	HEH99301	角膜白斑染色术	330404009	角膜白斑染色术	手术费	手术收入	3.治疗类：(10)手术治疗费
		HEH89304	个体化上皮角膜切割准分子激光矫正手术			手术费	手术收入	3.治疗类：(10)手术治疗费
				330404012	角膜移植联合视网膜复位术	手术费	手术收入	3.治疗类：(10)手术治疗费
HEJ-HEK	前房							
HEJ6M301	青光眼阀修复调位术					手术费	手术收入	3.治疗类：(10)手术治疗费
HEJ6N301	青光眼阀取出术					手术费	手术收入	3.治疗类：(10)手术治疗费
HEJ6S301	房角切开术					手术费	手术收入	3.治疗类：(10)手术治疗费
				330405013	青光眼滤过术	手术费	手术收入	3.治疗类：(10)手术治疗费
HEJ6S302	小梁切开术	HEJ50301	小梁切开术	330405015	小梁切开术	手术费	手术收入	3.治疗类：(10)手术治疗费
				330405016	小梁切开联合小梁切除术	手术费	手术收入	3.治疗类：(10)手术治疗费
HEJ6T301	青光眼滤过泡分离术	HEJ83303	青光眼滤过泡分离术	330405019	青光眼滤过泡分离术	手术费	手术收入	3.治疗类：(10)手术治疗费
HEJ6U301	小梁切除术	HEJ73301	小梁切除术			手术费	手术收入	3.治疗类：(10)手术治疗费
HEJ6U302	非穿透小梁手术(NPTS)	HEJ73302	非穿透小梁手术(NPTS)	330405014	非穿透性小梁切除＋透明质酸钠凝胶充填术	手术费	手术收入	3.治疗类：(10)手术治疗费
HEJ7C301	前房角粘连分离术	HEJ57301	前房角粘连分离术	330405011	前房角切开术	手术费	手术收入	3.治疗类：(10)手术治疗费
HEJ7N301	小梁消融术					手术费	手术收入	3.治疗类：(10)手术治疗费
HEJ7P301	前房成形术	HEJ83301	前房成形术	330405012	前房成形术	手术费	手术收入	3.治疗类：(10)手术治疗费
HEJ7P302	选择性激光小粱成形术(SLT)	HEJ83302	选择性激光小粱成形术(SLT)			手术费	手术收入	3.治疗类：(10)手术治疗费
HEJ7P303	青光眼滤过泡修补术	HEJ83304	青光眼滤过泡修补术	330405020	青光眼滤过泡修补术	手术费	手术收入	3.治疗类：(10)手术治疗费
HEJ7P304	青光眼包裹性滤过泡修补术	HEJ83305	青光眼包裹性滤过泡修补术			手术费	手术收入	3.治疗类：(10)手术治疗费
HEJ7P305	难治性青光眼滤过手术	HEJ83306	难治性青光眼滤过手术			手术费	手术收入	3.治疗类：(10)手术治疗费
				330405018	青光眼滤帘修复术	手术费	手术收入	3.治疗类：(10)手术治疗费
HEK6K301	房水引流物植入术	HEK62301	房水引流物置入术	330405017	青光眼硅管植入术	手术费	手术收入	3.治疗类：(10)手术治疗费
				330406014	白内障摘除联合青光眼硅管植入术	手术费	手术收入	3.治疗类：(10)手术治疗费
HEL	虹膜							
HEL6K301	人工虹膜隔植入术	HEL61301	人工虹膜隔植入术	330405006	人工虹膜隔植入术	手术费	手术收入	3.治疗类：(10)手术治疗费
HEL6S301	镱铝石榴石(YAG)激光瞳孔括约肌切开术	HEL50301	镱铝石榴石(YAG)激光瞳孔括约肌切开术			手术费	手术收入	3.治疗类：(10)手术治疗费
HEL6U301	节段性虹膜切除术	HEL73301	节段性虹膜切除术	330405001	虹膜全切除术	手术费	手术收入	3.治疗类：(10)手术治疗费
HEL6U302	虹膜囊肿切除术	HEL73302	虹膜囊肿切除术	330405005	虹膜囊肿切除术	手术费	手术收入	3.治疗类：(10)手术治疗费
HEL6U303	镱铝石榴石(YAG)激光周边虹膜切除术	HEL73303	镱铝石榴石(YAG)激光周边虹膜切除术	330405002	虹膜周边切除术	手术费	手术收入	3.治疗类：(10)手术治疗费
HEL6U304	镱铝石榴石(YAG)激光联合氩激光周边虹膜切除术	HEL73304	镱铝石榴石(YAG)激光联合氩激光周边虹膜切除术			手术费	手术收入	3.治疗类：(10)手术治疗费
HEL6U305	虹膜周边切除术	HEL73305	虹膜周边切除术			手术费	手术收入	3.治疗类：(10)手术治疗费
				330405004	虹膜贯穿术	手术费	手术收入	3.治疗类：(10)手术治疗费
HEL6U306	虹膜肿瘤切除术					手术费	手术收入	3.治疗类：(10)手术治疗费
HEL6U307	瞳孔残膜切除术					手术费	手术收入	3.治疗类：(10)手术治疗费
HEL7C301	虹膜粘连松解术					手术费	手术收入	3.治疗类：(10)手术治疗费
HEL7G301	瞳孔开大术	HEL80301	瞳孔开大术			手术费	手术收入	3.治疗类：(10)手术治疗费
HEL7P301	激光周边虹膜成形术	HEL83304	激光周边虹膜成形术			手术费	手术收入	3.治疗类：(10)手术治疗费
HEL7P302	虹膜根部离断修复术	HEL83305	虹膜根部离断修复术	330405003	虹膜根部离断修复术	手术费	手术收入	3.治疗类：(10)手术治疗费
HEL7P303	氩激光瞳孔成形术	HEL83301	氩激光瞳孔成形术	330404013	瞳孔再造术	手术费	手术收入	3.治疗类：(10)手术治疗费
HEL7P304	激光瞳孔成形术	HEL83302	激光瞳孔成形术			手术费	手术收入	3.治疗类：(10)手术治疗费
HEL7P305	瞳孔成形术	HEL83303	瞳孔成形术			手术费	手术收入	3.治疗类：(10)手术治疗费
HEM	睫状体							
HEM6R301	睫状体脉络膜上腔放液术	HEM45301	睫状体脉络膜上腔放液术	330405009	睫状体及脉络膜上腔放液术	手术费	手术收入	3.治疗类：(10)手术治疗费
HEM6T301	睫状体剥离术	HEM58301	睫状体剥离术	330405007	睫状体剥离术	手术费	手术收入	3.治疗类：(10)手术治疗费
HEM6U301	睫状体肿物切除术					手术费	手术收入	3.治疗类：(10)手术治疗费
HEM7H301	睫状体断离复位术	HEM70301	睫状体断离复位术	330405008	睫状体断离复位术	手术费	手术收入	3.治疗类：(10)手术治疗费
HEM7P701	高强度聚焦超声睫状体成形术(UCP)					手术费	手术收入	3.治疗类：(10)手术治疗费
HEN	巩膜							
HEN6U301	板层巩膜切除术					手术费	手术收入	3.治疗类：(10)手术治疗费
HEN6U302	钬激光巩膜切除术	HEN73301	钬激光巩膜切除术	310300083	钬激光巩膜切除手术	手术费	手术收入	3.治疗类：(10)手术治疗费
				310300084	低功率氦-氖激光治疗	治疗费	治疗收入	3.治疗类：(9)非手术治疗项目费
HEN6U303	二氧化碳激光辅助深层巩膜切除术(Class术)					手术费	手术收入	3.治疗类：(10)手术治疗费
HEN7A301	巩膜外加压术	HEN55301	巩膜外加压术	330407004	视网膜脱离修复术	手术费	手术收入	3.治疗类：(10)手术治疗费
HEN7A302	巩膜内加压术	HEN55302	巩膜内加压术			手术费	手术收入	3.治疗类：(10)手术治疗费
HEN7F301	巩膜缩短术	HEN81301	巩膜缩短术	330405021	巩膜缩短术	手术费	手术收入	3.治疗类：(10)手术治疗费
HEN7F302	巩膜环扎术	HEN81302	巩膜环扎术	330407004	视网膜脱离修复术	手术费	手术收入	3.治疗类：(10)手术治疗费
HEN7M301	巩膜后兜带术	HEN71301	巩膜后兜带术	330407012	巩膜后兜带术	手术费	手术收入	3.治疗类：(10)手术治疗费
HEN7P301	Schlemm管成形术					手术费	手术收入	3.治疗类：(10)手术治疗费
HEN7P302	巩膜修补术					手术费	手术收入	3.治疗类：(10)手术治疗费
HEN7P303	巩膜葡萄肿修补术					手术费	手术收入	3.治疗类：(10)手术治疗费
HEN7P304	内路360度粘小管成形术					手术费	手术收入	3.治疗类：(10)手术治疗费
HEN7P305	外路360度粘小管成形术					手术费	手术收入	3.治疗类：(10)手术治疗费
HEN7T301	异体巩膜移植术					手术费	手术收入	3.治疗类：(10)手术治疗费
HEP	晶状体							
HEP6J301	白内障囊外摘除+人工晶状体植入术	HEP61301	白内障囊外摘除+人工晶状体植入术	330406006	白内障囊外摘除+人工晶体植入术	手术费	手术收入	3.治疗类：(10)手术治疗费
HEP6J302	白内障超声乳化吸除+人工晶状体植入术	HEP61302	白内障超声乳化吸除+人工晶状体植入术	330406010	白内障超声乳化摘除术+人工晶体植入术	手术费	手术收入	3.治疗类：(10)手术治疗费
HEP6J303	小瞳孔白内障超声乳化吸除+人工晶状体植入术	HEP61303	小瞳孔白内障超声乳化吸除+人工晶状体植入术			手术费	手术收入	3.治疗类：(10)手术治疗费
HEP6J304	玻璃体切除术后白内障超声乳化吸除+人工晶状体植入术	HEP61304	玻璃体切除术后白内障超声乳化吸除+人工晶状体植入术			手术费	手术收入	3.治疗类：(10)手术治疗费
HEP6J305	晶状体半脱位白内障超声乳化吸除+人工晶状体植入术	HEP61305	晶状体半脱位白内障超声乳化吸除+人工晶状体植入术	330406019	非正常晶体手术	手术费	手术收入	3.治疗类：(10)手术治疗费
HEP6K301	晶状体囊袋囊袋张力环植入术	HEP61306	晶状体囊袋张力环植入术	330406020	晶体张力环置入术	手术费	手术收入	3.治疗类：(10)手术治疗费
HEP6K302	后房型人工晶状体睫状沟固定植入术	HEP61307	Ⅱ期后房型人工晶状体睫状沟缝入术	330406009	二期人工晶体植入术	手术费	手术收入	3.治疗类：(10)手术治疗费
HEP6K303	有晶状体眼人工晶状体植入术	HEP61309	有晶状体眼人工晶状体植入术			手术费	手术收入	3.治疗类：(10)手术治疗费
HEP6K304	虹膜夹持型人工晶状体植入术	HEP61310	Ⅱ期虹膜夹持型人工晶状体植入术			手术费	手术收入	3.治疗类：(10)手术治疗费
HEP6K305	前房型人工晶状体植入术	HEP61311	Ⅱ期前房型人工晶状体植入术	330406009	二期人工晶体植入术	手术费	手术收入	3.治疗类：(10)手术治疗费
HEP6K306	二期后房型人工晶状体植入术	HEP61312	Ⅱ期后房型人工晶状体植入术			手术费	手术收入	3.治疗类：(10)手术治疗费
HEP6L301	人工晶状体置换术	HEP66301	人工晶状体置换术	330406008	人工晶体置换术	手术费	手术收入	3.治疗类：(10)手术治疗费
HEP6M301	人工晶状体调位术	HEP63301	人工晶状体调位术	330406007	人工晶体复位术	手术费	手术收入	3.治疗类：(10)手术治疗费
HEP6P301	白内障超声乳化摘除术	HEP65302	白内障超声乳化摘除术	330406005	白内障超声乳化摘除术	手术费	手术收入	3.治疗类：(10)手术治疗费
HEP6P302	白内障囊外摘除术	HEP65304	白内障囊外摘除术	330406004	白内障囊外摘除术	手术费	手术收入	3.治疗类：(10)手术治疗费
HEP6U301	白内障囊膜切除术	HEP73301	白内障囊膜切除术	330406002	白内障囊膜切除术	手术费	手术收入	3.治疗类：(10)手术治疗费
HEP6U302	后囊连续环形撕囊术					手术费	手术收入	3.治疗类：(10)手术治疗费
HEP6U303	晶状体切除术					手术费	手术收入	3.治疗类：(10)手术治疗费
HEP6V301	先天性白内障摘除+1期后囊切开+前部玻璃体切除+人工晶状体植入术					手术费	手术收入	3.治疗类：(10)手术治疗费
		HEP50301	镱铝石榴石激光晶状体后囊膜+玻璃体前界膜切开术	310300081	激光治疗眼前节病	手术费	手术收入	3.治疗类：(10)手术治疗费
				330406015	白内障囊外摘除联合青光眼人工晶体植入术	手术费	手术收入	3.治疗类：(10)手术治疗费
				330406016	穿透性角膜移植联合白内障囊外摘除及人工晶体植入术(三联术)	手术费	手术收入	3.治疗类：(10)手术治疗费
				330406018	球内异物取出术联合晶体玻璃体切除及人工晶体植入术(四联术)	手术费	手术收入	3.治疗类：(10)手术治疗费
				330406011	人工晶体睫状沟固定术	手术费	手术收入	3.治疗类：(10)手术治疗费
				330406021	人工晶体悬吊术	手术费	手术收入	3.治疗类：(10)手术治疗费
		HEP61308	铒激光白内障吸出+人工晶状体植入术	310300082	铒激光眼科手术	手术费	手术收入	3.治疗类：(10)手术治疗费
		HEP65301	白内障截囊吸取术	330406001	白内障截囊吸取术	手术费	手术收入	3.治疗类：(10)手术治疗费
				310300090	晶体囊截开术	手术费	手术收入	3.治疗类：(10)手术治疗费
				330406013	白内障青光眼联合手术	手术费	手术收入	3.治疗类：(10)手术治疗费
				330406017	白内障摘除联合玻璃体切割术	手术费	手术收入	3.治疗类：(10)手术治疗费
		HEP65303	白内障囊内摘除术	330406003	白内障囊内摘除术	手术费	手术收入	3.治疗类：(10)手术治疗费
HEQ	玻璃体							
HEQ6B301	玻璃体气液交换术					手术费	手术收入	3.治疗类：(10)手术治疗费
HEQ6E301	玻璃体腔探查术					手术费	手术收入	3.治疗类：(10)手术治疗费
HEQ6J301	玻璃体切除+眼内填充术	HEQ76301	玻璃体切除+眼内填充术			手术费	手术收入	3.治疗类：(10)手术治疗费
HEQ6K301	玻璃体硅油置入术					手术费	手术收入	3.治疗类：(10)手术治疗费
HEQ6K302	人工玻璃体球囊眼内植入术					手术费	手术收入	3.治疗类：(10)手术治疗费
HEQ6P301	玻璃体异物磁吸术					手术费	手术收入	3.治疗类：(10)手术治疗费
HEQ6P302	玻璃体腔残留晶体皮质取出术					手术费	手术收入	3.治疗类：(10)手术治疗费
HEQ6U301	前部玻璃体切除术					手术费	手术收入	3.治疗类：(10)手术治疗费
HEQ6W101	经结膜微创玻璃体切除术	HEQ75101	经结膜微创玻璃体切除术			手术费	手术收入	3.治疗类：(10)手术治疗费
HEQ6W301	玻璃体切除术	HEQ75301	玻璃体切除术	330407002	玻璃体切除术	手术费	手术收入	3.治疗类：(10)手术治疗费
HER6U301	脉络膜病损切除术					手术费	手术收入	3.治疗类：(10)手术治疗费
HES6P301	眼后节手术植入物取出术					手术费	手术收入	3.治疗类：(10)手术治疗费
		HEQ65301	玻璃体腔内猪囊尾蚴切除取出术	330407003	玻璃体内猪囊尾蚴取出术	手术费	手术收入	3.治疗类：(10)手术治疗费
HET	视网膜							
HET6P301	黄斑前膜剥除术	HET65301	黄斑前膜剥除术	330407008	黄斑前膜术	手术费	手术收入	3.治疗类：(10)手术治疗费
HET6P302	黄斑下膜取出术	HET65302	黄斑下膜取出术	330407009	黄斑下膜取出术	手术费	手术收入	3.治疗类：(10)手术治疗费
HET6R301	视网膜下放液术					手术费	手术收入	3.治疗类：(10)手术治疗费
HET6T301	内界膜剥离术					手术费	手术收入	3.治疗类：(10)手术治疗费
HET6U301	人工视网膜脱离术					手术费	手术收入	3.治疗类：(10)手术治疗费
HET6U302	视网膜部分切除术					手术费	手术收入	3.治疗类：(10)手术治疗费
HET7D301	黄斑裂孔封闭术	HET59301	黄斑裂孔封闭术	330407007	黄斑裂孔封闭术	手术费	手术收入	3.治疗类：(10)手术治疗费
HET7H301	视网膜注气复位术	HET48301	视网膜注气复位术	330407006	黄斑裂孔注气术	手术费	手术收入	3.治疗类：(10)手术治疗费
HET7H302	伴有增生膜的视网膜脱离复位术	HET70301	伴有增生膜的视网膜脱离复位术	330407005	复杂视网膜脱离修复术	手术费	手术收入	3.治疗类：(10)手术治疗费
HET7H303	黄斑裂孔性视网膜脱离复位术	HET70302	黄斑裂孔性视网膜脱离复位术			手术费	手术收入	3.治疗类：(10)手术治疗费
HET7H304	巨大裂孔性视网膜脱离复位术	HET70303	巨大裂孔性视网膜脱离复位术			手术费	手术收入	3.治疗类：(10)手术治疗费
HET7H305	伴有视网膜下膜的视网膜脱离复位术	HET70304	伴有视网膜下膜的视网膜脱离复位术			手术费	手术收入	3.治疗类：(10)手术治疗费
HET7J301	黄斑转位术	HET70305	黄斑转位术	330407010	黄斑转位术	手术费	手术收入	3.治疗类：(10)手术治疗费
HET7N301	黄斑部激光光凝术	HET72304	黄斑部激光光凝术			手术费	手术收入	3.治疗类：(10)手术治疗费
HET7N302	视网膜脱离激光治疗术					手术费	手术收入	3.治疗类：(10)手术治疗费
HET7N303	视网膜脱离电凝术					手术费	手术收入	3.治疗类：(10)手术治疗费
HET7N304	局部视网膜激光光凝术	HET72301	局部视网膜激光光凝术	310300080	视网膜激光光凝术	手术费	手术收入	3.治疗类：(10)手术治疗费
HET7N305	次全视网膜激光光凝术	HET72302	次全视网膜激光光凝术			手术费	手术收入	3.治疗类：(10)手术治疗费
HET7N306	全视网膜激光光凝术	HET72303	全视网膜激光光凝术			手术费	手术收入	3.治疗类：(10)手术治疗费
HET7N307	周边视网膜冷凝术	HET72305	周边视网膜冷凝术			手术费	手术收入	3.治疗类：(10)手术治疗费
HET7N308	间接眼底镜视网膜光凝术	HET72306	间接眼底镜视网膜光凝术			手术费	手术收入	3.治疗类：(10)手术治疗费
HET7P301	视网膜裂伤透热修补术					手术费	手术收入	3.治疗类：(10)手术治疗费
HET7Q301	视网膜色素上皮细胞移植术					手术费	手术收入	3.治疗类：(10)手术治疗费
HEU	眼内容物							
HEU6J301	眼内容摘除+义眼台植入术	HEU75301	眼内容摘除+义眼台植入术			手术费	手术收入	3.治疗类：(10)手术治疗费
HEU6U301	经巩膜葡萄膜肿物切除术	HEU73302	经巩膜葡萄膜肿物切除术	330407011	色素膜肿物切除术	手术费	手术收入	3.治疗类：(10)手术治疗费
HEU6U302	经内眼葡萄膜肿物切除术	HEU73303	经内眼葡萄膜肿物切除术			手术费	手术收入	3.治疗类：(10)手术治疗费
HEU6U303	眼内容摘除术	HEU73301	眼内容摘除术	330409007	眼内容摘除术	手术费	手术收入	3.治疗类：(10)手术治疗费
HEU7N301	镱铝石榴石激光前节治疗	HEA73301	镱铝石榴石激光前节治疗	310300081	激光治疗眼前节病	手术费	手术收入	3.治疗类：(10)手术治疗费
HEV	6.眼外肌							
HEV6D301	眼外肌活检术					手术费	手术收入	3.治疗类：(10)手术治疗费
HEV6U301	眼外肌本体感受器切除术					手术费	手术收入	3.治疗类：(10)手术治疗费
HEV7F301	水平垂直直肌后徙+缩短术	HEV81301	双眼水平垂直直肌后徙缩短术	330408004	眼震矫正术	手术费	手术收入	3.治疗类：(10)手术治疗费
HEV7H301	眼外肌离断复位术					手术费	手术收入	3.治疗类：(10)手术治疗费
HEV7J301	上斜肌矢状移位术					手术费	手术收入	3.治疗类：(10)手术治疗费
HEV7J302	水平直肌垂直转位(Knapp)术					手术费	手术收入	3.治疗类：(10)手术治疗费
HEV7J303	眼外肌移位术					手术费	手术收入	3.治疗类：(10)手术治疗费
HEV7J304	眼外肌转位术					手术费	手术收入	3.治疗类：(10)手术治疗费
HEV7J305	Faden手术					手术费	手术收入	3.治疗类：(10)手术治疗费
HEV7M301	直肌减弱联合眶壁固定术	HEV71301	直肌减弱联合眶壁固定术			手术费	手术收入	3.治疗类：(10)手术治疗费
HEV7M302	改良Yokoyama术					手术费	手术收入	3.治疗类：(10)手术治疗费
HEV7P301	非水平直肌减弱术	HEV83307	非水平肌减弱术	330408001	共同性斜视矫正术	手术费	手术收入	3.治疗类：(10)手术治疗费
HEV7P302	非水平直肌加强术	HEV83308	非水平肌加强术			手术费	手术收入	3.治疗类：(10)手术治疗费
HEV7P303	上睑提肌缩短上睑下垂矫正术	HEV83303	上睑提肌缩短上睑下垂矫正术	330401004	上睑下垂矫正术	手术费	手术收入	3.治疗类：(10)手术治疗费
HEV7P304	水平直肌减弱术	HEV83305	水平直肌减弱术	330408001	共同性斜视矫正术	手术费	手术收入	3.治疗类：(10)手术治疗费
HEV7P305	水平直肌加强术	HEV83306	水平直肌加强术			手术费	手术收入	3.治疗类：(10)手术治疗费
HEV7P306	额肌筋膜瓣悬吊上睑下垂矫正术	HEV83301	额肌筋膜瓣悬吊上睑下垂矫正术	330401004	上睑下垂矫正术	手术费	手术收入	3.治疗类：(10)手术治疗费
HEV7P307	颞筋膜悬吊上睑下垂矫正术	HEV83302	颞筋膜悬吊上睑下垂矫正术			手术费	手术收入	3.治疗类：(10)手术治疗费
HEV7P308	额肌悬吊上睑下垂矫正术	HEV83304	上睑下垂矫正联合眦整形术	330401005	睑下垂矫正联合眦整形术	手术费	手术收入	3.治疗类：(10)手术治疗费
HEV7P309	眼轮匝肌整形术	HEV83312	眼轮匝肌整形术			手术费	手术收入	3.治疗类：(10)手术治疗费
HEV7P310	眼外肌探查+限制性斜视矫正术	HEV83311	眼外肌探查+斜视矫正术	330408002	非共同性斜视矫正术	手术费	手术收入	3.治疗类：(10)手术治疗费
HEV7P311	A型斜视矫正术					手术费	手术收入	3.治疗类：(10)手术治疗费
HEV7P312	V型斜视矫正术					手术费	手术收入	3.治疗类：(10)手术治疗费
HEV7P313	斜肌加强术					手术费	手术收入	3.治疗类：(10)手术治疗费
HEV7P314	斜肌减弱术					手术费	手术收入	3.治疗类：(10)手术治疗费
HEV7P315	两条直肌移位联结术	HEV83309	单眼两条直肌移位联结术			手术费	手术收入	3.治疗类：(10)手术治疗费
HEV7P316	直肌调整缝线术	HEV83310	直肌调整缝线术	330408003	非常规眼外肌手术	手术费	手术收入	3.治疗类：(10)手术治疗费
HEV7P317	分离性垂直偏斜(DVD)矫正术					手术费	手术收入	3.治疗类：(10)手术治疗费
HEV7Q301	眼外肌连接术					手术费	手术收入	3.治疗类：(10)手术治疗费
HEZ4K301	光动力疗法(PDT)	HEZ72301	光动力疗法(PDT)	310300086	光动力疗法(PDT)	手术费	手术收入	3.治疗类：(10)手术治疗费
HEZ6N301	硅油取出术	HEZ64301	硅油取出术	330407014	硅油取出术	手术费	手术收入	3.治疗类：(10)手术治疗费
HF	(五)耳部							
HFA	1.耳							
HFA6K301	耳后扩张器埋置术	HFA62301	耳后扩张器埋置术			手术费	手术收入	3.治疗类：(10)手术治疗费
HFA6R301	耳后骨膜下脓肿切开引流术	HFA45302	耳后骨膜下脓肿切开引流术	330503017	耳后骨膜下脓肿切开引流术	手术费	手术收入	3.治疗类：(10)手术治疗费
HFA6R302	耳部脓肿切开引流术	HFA45301	耳前瘘管脓肿切开引流术	330501009	耳前瘘管感染切开引流术	手术费	手术收入	3.治疗类：(10)手术治疗费
HFA6U301	耳前瘘管切除术	HFA73301	耳前瘘管切除术	330501006	耳前瘘管切除术	手术费	手术收入	3.治疗类：(10)手术治疗费
HFA7P301	耳后瘘孔修补术	HFA83301	耳后瘘孔修补术	330501008	耳后瘘孔修补术	手术费	手术收入	3.治疗类：(10)手术治疗费
HFB-HFC	2.外耳							
HFB6K301	耳廓种植体置入术	HFB61301	耳廓种植体植入术			手术费	手术收入	3.治疗类：(10)手术治疗费
HFB6K302	再造耳软骨支架取出皮下埋置术	HFB62301	再造耳软骨支架取出皮下埋置术			手术费	手术收入	3.治疗类：(10)手术治疗费
HFB6S301	耳廓假性囊肿切开术	HFB45301	耳廓假性囊肿切开术			手术费	手术收入	3.治疗类：(10)手术治疗费
HFB6U301	耳垂瘢痕疙瘩切除术	HFB73309	耳垂瘢痕疙瘩切除术			手术费	手术收入	3.治疗类：(10)手术治疗费
HFB6U302	耳廓软骨膜清创术	HFB73301	耳廓软骨膜清创术	330501001	耳廓软骨膜炎清创术	手术费	手术收入	3.治疗类：(10)手术治疗费
HFB6U303	耳廓离断清创术	HFB73303	耳廓离断清创术			手术费	手术收入	3.治疗类：(10)手术治疗费
HFB6U304	耳廓良性肿物切除术	HFB73304	耳廓良性肿物切除术			手术费	手术收入	3.治疗类：(10)手术治疗费
HFB6U305	耳廓恶性肿瘤切除术	HFB73306	耳廓恶性肿瘤切除术	330501003	耳廓恶性肿瘤切除术	手术费	手术收入	3.治疗类：(10)手术治疗费
HFB6U306	耳前瘘管感染清创术					手术费	手术收入	3.治疗类：(10)手术治疗费
HFB6U307	附耳切除术	HFB73308	附耳切除术			手术费	手术收入	3.治疗类：(10)手术治疗费
		HFB72301	耳廓假性囊肿激光治疗	310401049	耳部特殊治疗	手术费	手术收入	3.治疗类：(10)手术治疗费
		HFB73305	耳廓良性肿瘤激光切除术			手术费	手术收入	3.治疗类：(10)手术治疗费
		HFB73307	耳廓恶性肿瘤激光切除术	330501003	耳廓恶性肿瘤切除术	手术费	手术收入	3.治疗类：(10)手术治疗费
HFB7J301	耳垂转位术	HFB73310	耳垂转位术			手术费	手术收入	3.治疗类：(10)手术治疗费
HFB7L301	部分耳离断再植术	HFB87301	部分断耳再植术	330501015	部分断耳再植术	手术费	手术收入	3.治疗类：(10)手术治疗费
HFB7L302	完全断耳再植术	HFB87302	完全断耳再植术	330501014	完全断耳再植术	手术费	手术收入	3.治疗类：(10)手术治疗费
HFB7P301	耳廓外伤清创缝合术					手术费	手术收入	3.治疗类：(10)手术治疗费
HFB7P302	耳廓缺损游离皮瓣移植修复术	HFB74301	耳廓缺损游离皮瓣移植修复术			手术费	手术收入	3.治疗类：(10)手术治疗费
HFB7P303	耳廓缺损转移皮瓣修复术	HFB74302	耳廓缺损转移皮瓣修复术			手术费	手术收入	3.治疗类：(10)手术治疗费
HFB7P304	耳廓软骨膜清创缝合术	HFB73302	耳廓软骨膜清创缝合术			手术费	手术收入	3.治疗类：(10)手术治疗费
HFB7Q301	环缩耳畸形矫正术	HFB89303	环缩耳畸形矫正术			手术费	手术收入	3.治疗类：(10)手术治疗费
HFB7Q302	隐耳畸形矫正术	HFB89304	隐耳畸形矫正术			手术费	手术收入	3.治疗类：(10)手术治疗费
HFB7Q303	招风耳畸形矫正术	HFB89305	招风耳畸形矫正术			手术费	手术收入	3.治疗类：(10)手术治疗费
HFB7Q304	菜花耳畸形矫正术	HFB89306	菜花耳畸形矫正术			手术费	手术收入	3.治疗类：(10)手术治疗费
HFB7Q305	杯状耳畸形矫正术	HFB89307	杯状耳畸形矫正术			手术费	手术收入	3.治疗类：(10)手术治疗费
HFB7Q306	耳垂畸形矫正术	HFB89308	耳垂畸形矫正术			手术费	手术收入	3.治疗类：(10)手术治疗费
HFB7Q307	简单耳廓畸形矫正术	HFB89301	耳廓畸形矫正术	330501019	耳廓畸形矫正术	手术费	手术收入	3.治疗类：(10)手术治疗费
HFB7Q308	再造耳廓修复+耳甲腔耳屏成形术	HFB89302	再造耳廓修整+耳甲腔耳屏成形术			手术费	手术收入	3.治疗类：(10)手术治疗费
HFB7Q309	Ⅰ期耳廓再造术	HFB89309	Ⅰ期耳廓再造术	330501016	一期耳廓成形术	手术费	手术收入	3.治疗类：(10)手术治疗费
HFB7Q310	Ⅱ期耳廓再造术	HFB89310	Ⅱ期耳廓再造术	330501017	分期耳廓成形术	手术费	手术收入	3.治疗类：(10)手术治疗费
HFB7Q311	Ⅱ期全耳廓再造术	HFB89311	Ⅱ期全耳廓再造术			手术费	手术收入	3.治疗类：(10)手术治疗费
HFB7Q312	一次成形耳廓再造术	HFB89312	一次成形耳廓再造术	330501018	耳廓再造术	手术费	手术收入	3.治疗类：(10)手术治疗费
HFB7Q313	扩张皮瓣耳廓再造术	HFB89313	扩张皮瓣耳廓再造术			手术费	手术收入	3.治疗类：(10)手术治疗费
HFB7S301	耳廓复合组织采取术	HFB60302	耳廓复合组织采取术			手术费	手术收入	3.治疗类：(10)手术治疗费
HFB7S302	耳廓软骨取骨术	HFB60301	耳廓软骨取骨术	330501020	耳廓软骨取骨术	手术费	手术收入	3.治疗类：(10)手术治疗费
HFC6P301	耳道切开异物取出术	HFC65302	耳道切开异物取出术			手术费	手术收入	3.治疗类：(10)手术治疗费
HFC6P302	外耳道胆脂瘤取出术	HFC65304	外耳道胆脂瘤取出术			手术费	手术收入	3.治疗类：(10)手术治疗费
HFC6P601	经耳内镜耳道切开异物取出术	HFC65602	经耳内镜耳道切开异物取出术			手术费	手术收入	3.治疗类：(10)手术治疗费
HFC6P602	经耳内镜外耳道胆脂瘤取出术	HFC65605	经耳内镜耳道胆脂瘤取出术			手术费	手术收入	3.治疗类：(10)手术治疗费
HFC6R301	外耳道脓肿切开引流术	HFC45301	外耳道脓肿切开引流术	330501012	外耳道疖脓肿切开引流术	手术费	手术收入	3.治疗类：(10)手术治疗费
HFC6R601	经耳内镜外耳道脓肿切开引流术					手术费	手术收入	3.治疗类：(10)手术治疗费
HFC6U301	外耳道肿物切除术	HFC73301	外耳道良性肿物切除术	330501010	外耳道良性肿物切除术	手术费	手术收入	3.治疗类：(10)手术治疗费
HFC6U601	外耳道胆脂瘤切除术					手术费	手术收入	3.治疗类：(10)手术治疗费
HFC6U602	经耳内镜外耳道胆脂瘤切除术					手术费	手术收入	3.治疗类：(10)手术治疗费
HFC6U603	经耳内镜外耳道肿物切除术					手术费	手术收入	3.治疗类：(10)手术治疗费
		HFC73302	外耳道恶性肿瘤切除术	330501013	外耳道恶性肿瘤切除术	手术费	手术收入	3.治疗类：(10)手术治疗费
		HFC73401	耳息肉摘除术	330501005	耳息肉摘除术	手术费	手术收入	3.治疗类：(10)手术治疗费
		HFC73601	经耳内镜外耳道良性肿物切除术			手术费	手术收入	3.治疗类：(10)手术治疗费
		HFC73602	经耳内镜耳息肉摘除术			手术费	手术收入	3.治疗类：(10)手术治疗费
HFC7E301	耳道狭窄扩张术	HFC80301	耳道狭窄扩张术			手术费	手术收入	3.治疗类：(10)手术治疗费
HFC7E601	经耳内镜耳道狭窄扩张术					手术费	手术收入	3.治疗类：(10)手术治疗费
HFC7P301	耳甲腔成形术					手术费	手术收入	3.治疗类：(10)手术治疗费
HFC7P302	外耳道成形术	HFC83301	外耳道成形术	330501021	外耳道成形术	手术费	手术收入	3.治疗类：(10)手术治疗费
HFC7P303	外耳道鼓室成形术	HFC83401	外耳道鼓室成形术			手术费	手术收入	3.治疗类：(10)手术治疗费
HFC7P601	经耳内镜耳甲腔成形术					手术费	手术收入	3.治疗类：(10)手术治疗费
HFC7P602	经耳内镜外耳道成形术					手术费	手术收入	3.治疗类：(10)手术治疗费
HFD-HFJ	3.中耳							
HFD6K301	振动声桥植入术					手术费	手术收入	3.治疗类：(10)手术治疗费
HFD6K601	经耳内镜振动声桥植入术					手术费	手术收入	3.治疗类：(10)手术治疗费
HFD6N301	振动声桥取出术					手术费	手术收入	3.治疗类：(10)手术治疗费
HFD6N302	助听器取出术					手术费	手术收入	3.治疗类：(10)手术治疗费
HFD6N401	中耳通气管取出术					手术费	手术收入	3.治疗类：(10)手术治疗费
HFD6N601	经耳内镜振动声桥取出术					手术费	手术收入	3.治疗类：(10)手术治疗费
HFD6N602	经耳内镜助听器取出术					手术费	手术收入	3.治疗类：(10)手术治疗费
HFD6T301	中耳肌切断术					手术费	手术收入	3.治疗类：(10)手术治疗费
HFD6T302	中耳神经痛神经切断术					手术费	手术收入	3.治疗类：(10)手术治疗费
HFD6T601	经耳内镜中耳肌切断术					手术费	手术收入	3.治疗类：(10)手术治疗费
HFD6T602	经耳内镜中耳神经痛神经切断术					手术费	手术收入	3.治疗类：(10)手术治疗费
HFE	鼓室							
HFE6E301	鼓室探查术					手术费	手术收入	3.治疗类：(10)手术治疗费
HFE6E601	经耳内镜鼓室探查术	FFE09601	经耳内镜鼓室探查术	330502011	经耳内镜鼓室探查术	手术费	手术收入	3.治疗类：(10)手术治疗费
HFE6U301	鼓室体瘤切除术	HFE73301	鼓室球瘤切除术			手术费	手术收入	3.治疗类：(10)手术治疗费
HFE6U601	经耳内镜鼓室体瘤切除术					手术费	手术收入	3.治疗类：(10)手术治疗费
HFE7P301	鼓室成形术	HFE83305	Ⅴ型鼓室成形术	330502009	鼓室成形术	手术费	手术收入	3.治疗类：(10)手术治疗费
HFE7P601	经耳内镜鼓室成形术					手术费	手术收入	3.治疗类：(10)手术治疗费
		HFE83301	Ⅰ型鼓室成形术	330502009	鼓室成形术	手术费	手术收入	3.治疗类：(10)手术治疗费
		HFE83302	Ⅱ型鼓室成形术			手术费	手术收入	3.治疗类：(10)手术治疗费
		HFE83303	Ⅲ型鼓室成形术			手术费	手术收入	3.治疗类：(10)手术治疗费
		HFE83304	Ⅳ型鼓室成形术			手术费	手术收入	3.治疗类：(10)手术治疗费
		HFE83601	经耳内镜Ⅰ型鼓室成形术	330502009	鼓室成形术	手术费	手术收入	3.治疗类：(10)手术治疗费
		HFE48602	经耳纤维镜上鼓室冲洗术			手术费	手术收入	3.治疗类：(10)手术治疗费
HFF	鼓膜							
HFF6K301	鼓膜置管术	HFF62301	鼓膜置管术	330502001	鼓膜置管术	手术费	手术收入	3.治疗类：(10)手术治疗费
HFF6K601	经耳内镜鼓膜置管术	HFF62601	经耳内镜鼓膜置管术			手术费	手术收入	3.治疗类：(10)手术治疗费
HFF6S301	鼓膜切开术	HFF50301	鼓膜切开术	330502002	鼓膜切开术	手术费	手术收入	3.治疗类：(10)手术治疗费
HFF6S601	经耳内镜鼓膜切开术	HFF50601	经耳内镜鼓膜切开术			手术费	手术收入	3.治疗类：(10)手术治疗费
HFF7P301	鼓膜贴补治疗	HFF83301	鼓膜贴补治疗	310401046	鼓膜贴补治疗	手术费	手术收入	3.治疗类：(10)手术治疗费
HFF7P302	鼓膜修补术	HFF83302	显微镜下鼓膜修补术	330502003	耳显微镜下鼓膜修补术	手术费	手术收入	3.治疗类：(10)手术治疗费
HFF7P601	经耳内镜鼓膜贴补治疗	HFF83602	经耳内镜鼓膜贴补治疗	310401046	鼓膜贴补治疗	手术费	手术收入	3.治疗类：(10)手术治疗费
HFF7P602	经耳内镜鼓膜修补术	HFF83601	经耳内镜鼓膜修补术	330502004	经耳内镜鼓膜修补术	手术费	手术收入	3.治疗类：(10)手术治疗费
		HFF45601	经耳纤维内镜鼓膜穿刺引流术	310401040	鼓膜穿刺术	手术费	手术收入	3.治疗类：(10)手术治疗费
HFG	听小骨							
HFG6E301	听骨链探查术					手术费	手术收入	3.治疗类：(10)手术治疗费
HFG6E601	经耳内镜听骨链探查术					手术费	手术收入	3.治疗类：(10)手术治疗费
HFG6P301	听骨取出术					手术费	手术收入	3.治疗类：(10)手术治疗费
HFG6P601	经耳内镜听骨取出术					手术费	手术收入	3.治疗类：(10)手术治疗费
HFG6S301	镫骨底板开窗术	HFG73303	激光镫骨底板开窗术	330502007	二氧化碳激光镫骨底板开窗术	手术费	手术收入	3.治疗类：(10)手术治疗费
HFG6S601	经耳内镜镫骨底板开窗术					手术费	手术收入	3.治疗类：(10)手术治疗费
HFG6U301	镫骨底板部分切除术	HFG73301	镫骨底板部分切除术	330502005	镫骨手术	手术费	手术收入	3.治疗类：(10)手术治疗费
HFG6U601	经耳内镜镫骨底板部分切除术					手术费	手术收入	3.治疗类：(10)手术治疗费
HFG6W301	镫骨底板全切术	HFG73302	镫骨底板全切除术	330502005	镫骨手术	手术费	手术收入	3.治疗类：(10)手术治疗费
HFG6W601	经耳内镜镫骨底板全切术					手术费	手术收入	3.治疗类：(10)手术治疗费
				330502006	二次镫骨底板切除术	手术费	手术收入	3.治疗类：(10)手术治疗费
HFG7C301	听骨链松解术	HFG57301	听骨链松解术	330502008	听骨链松解术	手术费	手术收入	3.治疗类：(10)手术治疗费
HFG7C601	经耳内镜听骨链松解术	HFG57601	经耳内镜听骨链松解术			手术费	手术收入	3.治疗类：(10)手术治疗费
HFG7Q301	人工听骨链重建术	HFG89301	部分人工听骨链成形听力重建术	330502010	人工听骨听力重建术	手术费	手术收入	3.治疗类：(10)手术治疗费
HFG7Q302	自体骨听骨链重建术					手术费	手术收入	3.治疗类：(10)手术治疗费
HFG7Q601	经耳内镜人工听骨链重建术					手术费	手术收入	3.治疗类：(10)手术治疗费
HFG7Q602	经耳内镜自体骨听骨链重建术					手术费	手术收入	3.治疗类：(10)手术治疗费
		HFG83301	镫骨撼动术			手术费	手术收入	3.治疗类：(10)手术治疗费
		HFG89302	全人工听骨链成形听力重建术	330502010	人工听骨听力重建术	手术费	手术收入	3.治疗类：(10)手术治疗费
HFH	咽鼓管							
HFH6W601	经鼻内镜咽鼓管切除术					手术费	手术收入	3.治疗类：(10)手术治疗费
HFH7E301	耳咽鼓管扩张术	HFH80301	显微镜下耳咽鼓管扩张术	330502012	咽鼓管扩张术	手术费	手术收入	3.治疗类：(10)手术治疗费
HFH7E601	经耳内镜耳咽鼓管扩张术					手术费	手术收入	3.治疗类：(10)手术治疗费
HFH7P601	咽鼓管黏膜下筋膜脂肪注射术					手术费	手术收入	3.治疗类：(10)手术治疗费
HFH7P602	经鼻内镜咽鼓管黏膜下筋膜脂肪注射术					手术费	手术收入	3.治疗类：(10)手术治疗费
				330502013	咽鼓管再造术	手术费	手术收入	3.治疗类：(10)手术治疗费
				330602006	鼻额管扩张术	手术费	手术收入	3.治疗类：(10)手术治疗费
		HFH48602	经耳纤维内镜咽鼓管吹张治疗-导管法	310401044	导管法咽鼓管吹张	手术费	手术收入	3.治疗类：(10)手术治疗费
		HFH80601	经耳内镜咽鼓管扩张术	330502012	咽鼓管扩张术	手术费	手术收入	3.治疗类：(10)手术治疗费
		HFH80602	经内镜鼻咽鼓管扩张术			手术费	手术收入	3.治疗类：(10)手术治疗费
HFJ	乳突							
HFJ6U301	单纯乳突切除术	HFJ50301	单纯乳突凿开术	330502014	单纯乳突凿开术	手术费	手术收入	3.治疗类：(10)手术治疗费
HFJ6U601	经耳内镜单纯乳突切除术					手术费	手术收入	3.治疗类：(10)手术治疗费
HFJ6X301	保留耳道后壁的乳突根治术	HFJ77301	完壁式乳突根治术	330502015	完壁式乳突根治术	手术费	手术收入	3.治疗类：(10)手术治疗费
HFJ6X302	乳突根治术	HFJ77302	开放式乳突根治术	330502016	开放式乳突根治术	手术费	手术收入	3.治疗类：(10)手术治疗费
HFJ6X601	经耳内镜保留耳道后壁的乳突根治术					手术费	手术收入	3.治疗类：(10)手术治疗费
				330502017	乳突改良根治术	手术费	手术收入	3.治疗类：(10)手术治疗费
				330502018	上鼓室鼓窦凿开术	手术费	手术收入	3.治疗类：(10)手术治疗费
HFJ6X602	经耳内镜乳突根治术	HFJ77601	经耳内镜完壁式乳突根治术	330502015	完壁式乳突根治术	手术费	手术收入	3.治疗类：(10)手术治疗费
HFJ7P301	经乳突脑脊液耳漏修补术	HFJ83301	经耳脑脊液耳漏修补术	330502019	经耳脑脊液耳漏修补术	手术费	手术收入	3.治疗类：(10)手术治疗费
HFJ7P601	经耳内镜脑脊液耳漏修补术	HFJ83601	经耳内镜脑脊液耳漏修补术			手术费	手术收入	3.治疗类：(10)手术治疗费
				330503001	内耳窗修补术	手术费	手术收入	3.治疗类：(10)手术治疗费
HFK-HFS	4.内耳							
HFK6S301	内耳开窗术	HFK50301	内耳开窗术	330503002	内耳开窗术	手术费	手术收入	3.治疗类：(10)手术治疗费
HFK6S601	经耳内镜内耳开窗术					手术费	手术收入	3.治疗类：(10)手术治疗费
HFN6J301	半规管填塞术					手术费	手术收入	3.治疗类：(10)手术治疗费
HFN6J601	经耳内镜半规管填塞术					手术费	手术收入	3.治疗类：(10)手术治疗费
HFN6U301	迷路切除术					手术费	手术收入	3.治疗类：(10)手术治疗费
HFN6U601	经耳内镜迷路切除术					手术费	手术收入	3.治疗类：(10)手术治疗费
HFN7P301	上半规管修补术					手术费	手术收入	3.治疗类：(10)手术治疗费
HFN7P601	经耳内镜上半规管修补术					手术费	手术收入	3.治疗类：(10)手术治疗费
HFP	耳蜗							
		HFP61303	二次电子耳蜗同侧置入术			手术费	手术收入	3.治疗类：(10)手术治疗费
		HFP61304	二次电子耳蜗对侧置入术			手术费	手术收入	3.治疗类：(10)手术治疗费
HFP6K301	电子耳蜗植入术	HFP61301	电子耳蜗置入术	330502020	电子耳蜗植入术	手术费	手术收入	3.治疗类：(10)手术治疗费
HFP6K302	内耳畸形电子耳蜗置入术	HFP61302	伴有内耳硬化的电子耳蜗置入术			手术费	手术收入	3.治疗类：(10)手术治疗费
HFP6K601	经耳内镜电子耳蜗植入术					手术费	手术收入	3.治疗类：(10)手术治疗费
HFP6K602	经耳内镜内耳畸形电子耳蜗置入术					手术费	手术收入	3.治疗类：(10)手术治疗费
HFP6N301	电子耳蜗取出术					手术费	手术收入	3.治疗类：(10)手术治疗费
HFP6N601	经耳内镜电子耳蜗取出术					手术费	手术收入	3.治疗类：(10)手术治疗费
HFS	内耳淋巴囊							
HFS7B301	内淋巴囊减压术	HFS56301	内耳淋巴囊减压术	330503003	内耳淋巴囊减压术	手术费	手术收入	3.治疗类：(10)手术治疗费
HFS7B601	经耳内镜内淋巴囊减压术					手术费	手术收入	3.治疗类：(10)手术治疗费
HFT	5.耳部血管和神经							
HFT6U301	耳颞部血管瘤切除术	HFT73301	耳颞部血管瘤切除术	330501004	耳颞部血管瘤切除术	手术费	手术收入	3.治疗类：(10)手术治疗费
HG	(六)鼻咽喉							
HGA-HGF	1.鼻							
HGA	鼻							
HGA6N301	鼻部液态人工材料取出术	HGA64301	鼻部液体人工材料取出术			手术费	手术收入	3.治疗类：(10)手术治疗费
HGA6U301	鼻部肿物切除术	HGA73301	鼻部肿物切除术			手术费	手术收入	3.治疗类：(10)手术治疗费
HGA7E601	经鼻内镜鼻部支架植入术					手术费	手术收入	3.治疗类：(10)手术治疗费
HGA7L301	断鼻再接术					手术费	手术收入	3.治疗类：(10)手术治疗费
HGA7P601	经鼻内镜脑脊液鼻漏修补术	HGA83601	经鼻内镜脑脊液鼻漏修补术			手术费	手术收入	3.治疗类：(10)手术治疗费
HGB	外鼻							
HGB6J301	鼻侧壁移位伴骨质充填术	HGB89317	鼻侧壁移位伴骨质充填术	330601029	鼻侧壁移位伴骨质充填术	手术费	手术收入	3.治疗类：(10)手术治疗费
HGB6J302	鼻尖充填术	HGB62301	鼻尖充填术			手术费	手术收入	3.治疗类：(10)手术治疗费
HGB6K301	假体置入隆鼻术	HGB62302	假体置入隆鼻术	330601022	隆鼻术	手术费	手术收入	3.治疗类：(10)手术治疗费
HGB6K302	鼻缺损种植体置入术	HGB62303	鼻缺损种植体植入术	330609009	颜面器官缺损种植体植入术	手术费	手术收入	3.治疗类：(10)手术治疗费
HGB6L301	隆鼻术后假体置换重新隆鼻术	HGB66301	隆鼻术后假体置换重新隆鼻术	330601023	隆鼻术后继发畸形矫正术	手术费	手术收入	3.治疗类：(10)手术治疗费
HGB6N301	隆鼻术后假体取出术	HGB64301	隆鼻术后假体取出术			手术费	手术收入	3.治疗类：(10)手术治疗费
HGB6U301	酒渣鼻切割术	HGB73301	酒渣鼻切割术	311400023	酒渣鼻切割术	手术费	手术收入	3.治疗类：(10)手术治疗费
HGB6U302	鼻翼肿瘤切除成形术	HGB73302	鼻翼肿瘤切除成形术	330601010	鼻翼肿瘤切除成形术	手术费	手术收入	3.治疗类：(10)手术治疗费
HGB7F301	再造鼻修薄术	HGB81302	再造鼻修薄术			手术费	手术收入	3.治疗类：(10)手术治疗费
HGB7F302	鼻背缩窄术	HGB81301	鼻背缩窄术	330601025	鼻畸形矫正术	手术费	手术收入	3.治疗类：(10)手术治疗费
HGB7G301	鼻小柱延长术	HGB82301	鼻小柱延长术			手术费	手术收入	3.治疗类：(10)手术治疗费
HGB7H301	鼻骨骨折切开复位术	HGB70302	鼻骨骨折切开复位术	330601002	鼻骨骨折整复术	手术费	手术收入	3.治疗类：(10)手术治疗费
HGB7H601	鼻骨骨折闭合复位术	HGB70301	鼻骨骨折闭合复位术			手术费	手术收入	3.治疗类：(10)手术治疗费
HGB7J301	再造鼻断蒂术	HGB89318	再造鼻断蒂术			手术费	手术收入	3.治疗类：(10)手术治疗费
HGB7P301	鼻外伤清创缝合术	HGB83304	鼻外伤清创缝合术	330601001	鼻外伤清创缝合术	手术费	手术收入	3.治疗类：(10)手术治疗费
HGB7P302	唇裂初期鼻畸形矫正术	HGB83306	唇裂初期鼻畸形矫正术			手术费	手术收入	3.治疗类：(10)手术治疗费
HGB7P303	单侧唇裂术后继发鼻畸形矫正术	HGB83307	单侧唇裂术后继发鼻畸形矫正术			手术费	手术收入	3.治疗类：(10)手术治疗费
HGB7P304	面裂鼻畸形矫正术	HGB83312	面裂鼻畸形矫正术	330601025	鼻畸形矫正术	手术费	手术收入	3.治疗类：(10)手术治疗费
HGB7P305	鼻槛成形术	HGB83301	鼻槛成形术	330601004	鼻继发畸形修复术	手术费	手术收入	3.治疗类：(10)手术治疗费
HGB7P306	鼻头肥大矫正术	HGB83303	鼻头肥大矫正术			手术费	手术收入	3.治疗类：(10)手术治疗费
HGB7P307	鼻翼肥厚矫正术	HGB83302	鼻翼肥厚矫正术			手术费	手术收入	3.治疗类：(10)手术治疗费
HGB7P308	鼻翼沟成形术	HGB83305	鼻翼沟成形术			手术费	手术收入	3.治疗类：(10)手术治疗费
HGB7P309	鼻翼塌陷矫正术	HGB83308	鼻翼塌陷矫正术	330601004	鼻继发畸形修复术	手术费	手术收入	3.治疗类：(10)手术治疗费
HGB7P310	分叉鼻畸形矫正术	HGB83313	分叉鼻畸形矫正术	330601025	鼻畸形矫正术	手术费	手术收入	3.治疗类：(10)手术治疗费
HGB7P311	驼峰鼻畸形矫正术	HGB83309	驼峰鼻畸形矫正术			手术费	手术收入	3.治疗类：(10)手术治疗费
HGB7P312	歪鼻畸形矫正术	HGB83311	歪鼻畸形矫正术			手术费	手术收入	3.治疗类：(10)手术治疗费
HGB7P313	鹰钩鼻畸形矫正术	HGB83310	鹰钩鼻畸形矫正术			手术费	手术收入	3.治疗类：(10)手术治疗费
HGB7Q301	自体肋软骨移植鞍鼻畸形矫正术	HGB89302	自体肋软骨移植鞍鼻畸形矫正术	330601024	重度鞍鼻畸形矫正术	手术费	手术收入	3.治疗类：(10)手术治疗费
HGB7Q302	假体置入鞍鼻畸形矫正术	HGB89303	假体置入鞍鼻畸形矫正术			手术费	手术收入	3.治疗类：(10)手术治疗费
HGB7Q303	鼻外伤清创植皮术	HGB89301	鼻外伤清创植皮术			手术费	手术收入	3.治疗类：(10)手术治疗费
HGB7Q304	局部皮瓣转移鼻部分再造术	HGB89305	局部皮瓣转移鼻部分再造术	330601003	鼻部分缺损修复术	手术费	手术收入	3.治疗类：(10)手术治疗费
HGB7Q305	鼻唇沟皮瓣转移鼻部分再造术	HGB89306	鼻唇沟皮瓣转移鼻部分再造术			手术费	手术收入	3.治疗类：(10)手术治疗费
HGB7Q306	血管蒂皮瓣转移鼻部分再造术	HGB89307	血管蒂皮瓣转移鼻部分再造术	330601003	鼻部分缺损修复术	手术费	手术收入	3.治疗类：(10)手术治疗费
HGB7Q307	颊部皮瓣转移鼻部分再造术	HGB89308	颊部皮瓣转移鼻部分再造术			手术费	手术收入	3.治疗类：(10)手术治疗费
HGB7Q308	耳廓复合组织带蒂转移鼻部分缺损修复术	HGB89309	耳廓复合组织带蒂转移鼻部分缺损修复术	330601003	鼻部分缺损修复术	手术费	手术收入	3.治疗类：(10)手术治疗费
HGB7Q309	耳廓复合组织游离移植鼻部分再造术	HGB89310	耳廓复合组织游离移植鼻部分再造术			手术费	手术收入	3.治疗类：(10)手术治疗费
HGB7Q310	上臂扩张后皮瓣鼻再造术	HGB89315	上臂扩张后皮瓣鼻再造术	330601026	鼻再造术	手术费	手术收入	3.治疗类：(10)手术治疗费
HGB7Q311	再造鼻预构术	HGB89316	再造鼻预构术			手术费	手术收入	3.治疗类：(10)手术治疗费
HGB7Q312	自体骨移植鼻根塌陷矫正术	HGB89304	自体骨移植鼻根塌陷矫正术			手术费	手术收入	3.治疗类：(10)手术治疗费
HGB7Q313	额部皮瓣全鼻再造术	HGB89311	额部皮瓣全鼻再造术	330601026	鼻再造术	手术费	手术收入	3.治疗类：(10)手术治疗费
HGB7Q314	额部扩张后皮瓣全鼻再造术	HGB89312	额部扩张后皮瓣全鼻再造术			手术费	手术收入	3.治疗类：(10)手术治疗费
HGB7Q315	颊部皮瓣全鼻再造术	HGB89313	颊部皮瓣全鼻再造术			手术费	手术收入	3.治疗类：(10)手术治疗费
HGB7Q316	上臂皮管全鼻再造术	HGB89314	上臂皮管全鼻再造术			手术费	手术收入	3.治疗类：(10)手术治疗费
HGC-HGE	鼻腔							
HGC6N601	经鼻内镜鼻后孔成形管取出术					手术费	手术收入	3.治疗类：(10)手术治疗费
HGC6S601	经鼻内镜鼻腔泪囊造孔术	HGC86601	鼻内镜鼻腔泪囊吻合术			手术费	手术收入	3.治疗类：(10)手术治疗费
HGC6U301	鼻前庭囊肿切除术	HGC73302	鼻前庭囊肿切除术	330601011	鼻前庭囊肿切除术	手术费	手术收入	3.治疗类：(10)手术治疗费
HGC6U302	鼻侧入路鼻腔鼻窦肿瘤切除术	HGC73301	鼻侧切开鼻腔鼻窦肿瘤切除术	330601020	经鼻鼻侧鼻腔鼻窦肿瘤切除术	手术费	手术收入	3.治疗类：(10)手术治疗费
HGC6U401	鼻息肉切除术	HGC73402	鼻息肉切除术	330601012	鼻息肉摘除术	手术费	手术收入	3.治疗类：(10)手术治疗费
HGC6U402	鼻腔鼻窦肿瘤切除术	HGC73401	鼻腔鼻窦肿瘤切除术			手术费	手术收入	3.治疗类：(10)手术治疗费
HGC6U601	经鼻内镜鼻息肉切除术	HGC73601	经鼻内镜鼻息肉切除术			手术费	手术收入	3.治疗类：(10)手术治疗费
HGC6U602	经鼻内镜鼻腔鼻窦肿瘤切除术	HGC73603	经鼻内镜鼻腔鼻窦肿瘤切除术	330601021	经鼻鼻腔鼻窦肿瘤切除术	手术费	手术收入	3.治疗类：(10)手术治疗费
HGC6U603	经鼻内镜鼻腔肿瘤切除术	HGC73602	经鼻内镜鼻腔肿瘤切除术			手术费	手术收入	3.治疗类：(10)手术治疗费
HGC7C601	鼻腔粘连松解术	HGC57601	鼻腔粘连松解术	310402018	鼻腔粘连分离术	手术费	手术收入	3.治疗类：(10)手术治疗费
HGC7C602	经鼻内镜鼻腔粘连松解术	HGC57602	经鼻内镜鼻腔粘连松解术			手术费	手术收入	3.治疗类：(10)手术治疗费
HGC7E301	前鼻孔闭锁修复术	HGC80303	鼻孔闭锁修复术	330601027	鼻孔闭锁修复术	手术费	手术收入	3.治疗类：(10)手术治疗费
HGC7E601	经鼻内镜鼻腔扩容术	HGC80601	鼻内镜鼻腔扩容术			手术费	手术收入	3.治疗类：(10)手术治疗费
HGC7F301	鼻孔缩小术	HGC81301	鼻孔缩小术			手术费	手术收入	3.治疗类：(10)手术治疗费
HGC7F601	经鼻内镜鼻腔缩窄术	HGC81302	鼻腔缩窄术	330602005	萎缩性鼻炎鼻腔缩窄术	手术费	手术收入	3.治疗类：(10)手术治疗费
HGC7G301	鼻孔开大术	HGC80302	鼻孔开大术			手术费	手术收入	3.治疗类：(10)手术治疗费
HGC7K301	外路泪囊鼻腔吻合术	HGC86301	鼻腔泪囊吻合术	330402007	鼻腔泪囊吻合术	手术费	手术收入	3.治疗类：(10)手术治疗费
HGC7P301	前鼻孔成形术	HGC80301	前鼻孔成形术	330601005	前鼻孔成形术	手术费	手术收入	3.治疗类：(10)手术治疗费
HGC7P601	经鼻内镜后鼻孔成形术	HGC83601	经鼻内镜后鼻孔成形术	330601028	后鼻孔成形术	手术费	手术收入	3.治疗类：(10)手术治疗费
HGD6F601	鼻中隔黏膜划痕术	HGD46301	鼻中隔黏膜划痕术	330601013	鼻中隔粘膜划痕术	手术费	手术收入	3.治疗类：(10)手术治疗费
HGD6R601	鼻中隔血肿切开引流术	HGD45301	鼻中隔血肿切开引流术	330601017	鼻中隔血肿切开引流术	手术费	手术收入	3.治疗类：(10)手术治疗费
HGD6R602	鼻中隔脓肿切开引流术	HGD45302	鼻中隔脓肿切开引流术			手术费	手术收入	3.治疗类：(10)手术治疗费
HGD6R603	经鼻内镜鼻中隔血肿切开引流术	HGD45601	经鼻内镜鼻中隔血肿切开引流术			手术费	手术收入	3.治疗类：(10)手术治疗费
HGD6R604	经鼻内镜鼻中隔脓肿切开引流术	HGD45602	经鼻内镜鼻中隔脓肿切开引流术			手术费	手术收入	3.治疗类：(10)手术治疗费
HGD6U401	鼻正中瘘管切除术					手术费	手术收入	3.治疗类：(10)手术治疗费
HGD7B601	经鼻内镜鼻中隔偏曲三线减张术	HGD70601	经鼻内镜鼻中隔偏曲三线减张术			手术费	手术收入	3.治疗类：(10)手术治疗费
HGD7P601	鼻中隔偏曲矫正术	HGD83301	鼻中隔偏曲矫正术	330601014	鼻中隔矫正术	手术费	手术收入	3.治疗类：(10)手术治疗费
HGD7P602	鼻中隔穿孔修补术	HGD83302	鼻中隔穿孔修补术	330601016	鼻中隔穿孔修补术	手术费	手术收入	3.治疗类：(10)手术治疗费
HGD7P603	经鼻内镜鼻中隔偏曲矫正术	HGD83601	经鼻内镜鼻中隔偏曲矫正术			手术费	手术收入	3.治疗类：(10)手术治疗费
HGD7P604	经鼻内镜鼻中隔穿孔黏膜瓣修补术	HGD83602	经鼻内镜鼻中隔穿孔黏膜瓣修补术			手术费	手术收入	3.治疗类：(10)手术治疗费
HGD7P605	经鼻内镜鼻中隔穿孔黏膜转移瓣修补术	HGD83603	经鼻内镜鼻中隔穿孔黏膜转移瓣修补术			手术费	手术收入	3.治疗类：(10)手术治疗费
HGD7P606	经鼻内镜鼻中隔穿孔带蒂黏膜瓣修补术	HGD83604	经鼻内镜鼻中隔穿孔带蒂黏膜瓣修补术			手术费	手术收入	3.治疗类：(10)手术治疗费
HGD7P607	经鼻内镜鼻中隔穿孔带蒂肌瓣修补术	HGD83605	经鼻内镜鼻中隔穿孔带蒂肌瓣修补术			手术费	手术收入	3.治疗类：(10)手术治疗费
HGD7S601	经鼻内镜鼻中隔软骨取骨术	HGD60301	鼻中隔软骨取骨术	330601015	鼻中隔软骨取骨术	手术费	手术收入	3.治疗类：(10)手术治疗费
HGE6U401	中鼻甲部分切除术	HGE73601	中鼻甲部分切除术	330601009	中鼻甲部分切除术	手术费	手术收入	3.治疗类：(10)手术治疗费
HGE6U601	经鼻内镜钩突切除术	HGE73606	鼻内镜下钩突切除术			手术费	手术收入	3.治疗类：(10)手术治疗费
HGE6U602	下鼻甲部分切除术	HGE73603	下鼻甲部分切除术	330601008	下鼻甲部分切除术	手术费	手术收入	3.治疗类：(10)手术治疗费
HGE6U603	经鼻内镜下鼻甲部分切除术	HGE73604	经鼻内镜下鼻甲部分切除术			手术费	手术收入	3.治疗类：(10)手术治疗费
HGE6U604	经鼻内镜下鼻甲黏膜下切除术	HGE73605	经鼻内镜下鼻甲黏膜下切除术			手术费	手术收入	3.治疗类：(10)手术治疗费
HGE6U605	经鼻内镜中鼻甲部分切除术	HGE73602	经鼻内镜中鼻甲部分切除术			手术费	手术收入	3.治疗类：(10)手术治疗费
				310402017	下鼻甲封闭术	手术费	手术收入	3.治疗类：(10)手术治疗费
HGE7N601	经鼻内镜鼻甲低温等离子射频消融术	HGE72602	经鼻内镜鼻甲低温等离子射频消融术			手术费	手术收入	3.治疗类：(10)手术治疗费
HGE7P601	经鼻内镜下鼻甲骨折外移术	HGE83602	经鼻内镜下鼻甲骨折外移术			手术费	手术收入	3.治疗类：(10)手术治疗费
HGE7P602	经鼻内镜中鼻甲骨折内移术	HGE83601	经鼻内镜中鼻甲骨折内移术			手术费	手术收入	3.治疗类：(10)手术治疗费
HGF	鼻旁窦							
				330602014	全筛窦切除术	手术费	手术收入	3.治疗类：(10)手术治疗费
				330602011	鼻外蝶窦开放手术	手术费	手术收入	3.治疗类：(10)手术治疗费
HGF6E601	经鼻内镜蝶窦探查术					手术费	手术收入	3.治疗类：(10)手术治疗费
HGF6E602	经鼻内镜上颌窦探查术	FGF09401	上颌窦探查术			手术费	手术收入	3.治疗类：(10)手术治疗费
HGF6P301	鼻窦异物取出术	HGF65301	鼻窦异物取出术	330602004	鼻窦异物取出术	手术费	手术收入	3.治疗类：(10)手术治疗费
HGF6P601	经鼻内镜鼻窦异物取出术	HGF65601	经鼻内镜鼻窦异物取出术			手术费	手术收入	3.治疗类：(10)手术治疗费
HGF6R601	经鼻内镜额窦置管引流术					手术费	手术收入	3.治疗类：(10)手术治疗费
HGF6S301	鼻外额窦开放术	HGF50301	鼻外额窦开放术	330602007	鼻外额窦开放手术	手术费	手术收入	3.治疗类：(10)手术治疗费
HGF6S302	鼻外筛窦开放术	HGF50302	鼻外筛窦开放术	330602009	鼻外筛窦开放手术	手术费	手术收入	3.治疗类：(10)手术治疗费
HGF6S401	上颌窦鼻内开窗术	HGF50402	上颌窦鼻内开窗术	330602001	上颌窦鼻内开窗术	手术费	手术收入	3.治疗类：(10)手术治疗费
HGF6S601	经鼻内镜全组鼻窦开放术	HGF50605	经鼻内镜全组鼻窦开放术			手术费	手术收入	3.治疗类：(10)手术治疗费
HGF6S602	经鼻内镜蝶窦开放术	HGF50604	经鼻内镜蝶窦开放术	330602012	鼻内蝶窦开放手术	手术费	手术收入	3.治疗类：(10)手术治疗费
HGF6S603	经鼻内镜额窦开放术	HGF50601	经鼻内镜额窦开放术	330602008	鼻内额窦开放手术	手术费	手术收入	3.治疗类：(10)手术治疗费
HGF6S604	经鼻内镜筛窦开放术	HGF50401	鼻内筛窦开放术	330602010	鼻内筛窦开放手术	手术费	手术收入	3.治疗类：(10)手术治疗费
HGF6S605	经鼻内镜部分筛窦开放术	HGF50602	经鼻内镜部分筛窦开放术			手术费	手术收入	3.治疗类：(10)手术治疗费
HGF6S606	经鼻内镜全筛窦开放术	HGF50603	经鼻内镜全筛窦开放术			手术费	手术收入	3.治疗类：(10)手术治疗费
HGF6S607	经鼻内镜上颌窦下鼻道开窗术	HGF73603	经鼻内镜上颌窦下鼻道开窗术			手术费	手术收入	3.治疗类：(10)手术治疗费
HGF6S608	经鼻内镜上颌窦中鼻道开放术	HGF73604	经鼻内镜上颌窦中鼻道开放术			手术费	手术收入	3.治疗类：(10)手术治疗费
HGF6U601	经前颅窝鼻窦肿物切除术	HGF73302	显微镜下经前颅窝鼻窦肿物切除术	330603003	经前颅窝鼻窦肿物切除术	手术费	手术收入	3.治疗类：(10)手术治疗费
HGF6U602	经鼻内镜鼻窦肿瘤切除术	HGF73606	经鼻内镜鼻窦肿瘤切除术			手术费	手术收入	3.治疗类：(10)手术治疗费
HGF6U603	经鼻内镜鼻窦病变切除术					手术费	手术收入	3.治疗类：(10)手术治疗费
HGF6U604	经鼻内镜蝶窦病变切除术	HGF73602	鼻内镜下蝶窦病变切除术			手术费	手术收入	3.治疗类：(10)手术治疗费
HGF6U605	经鼻内镜额窦病变切除术	HGF73301	额窦病变切除术			手术费	手术收入	3.治疗类：(10)手术治疗费
HGF6U606	经鼻内镜额窦底切除术	HGF73601	经鼻内镜额窦底切除术			手术费	手术收入	3.治疗类：(10)手术治疗费
HGF6U607	经鼻内镜Draf Ⅱa型手术					手术费	手术收入	3.治疗类：(10)手术治疗费
HGF6U608	经鼻内镜Draf Ⅱb型手术					手术费	手术收入	3.治疗类：(10)手术治疗费
HGF6U609	经鼻内镜Draf Ⅲ型手术					手术费	手术收入	3.治疗类：(10)手术治疗费
HGF6U610	经鼻内镜保留鼻腔外侧壁上颌窦病变切除术	HGF73605	经鼻内镜保留鼻腔外侧壁上颌窦病变切除术			手术费	手术收入	3.治疗类：(10)手术治疗费
HGF6X401	上颌窦根治术	HGF77401	上颌窦根治术	330602002	上颌窦根治术(柯-路氏手术)	手术费	手术收入	3.治疗类：(10)手术治疗费
HGF6X601	经鼻内镜上颌窦根治术	HGF77601	经鼻内镜上颌窦根治术			手术费	手术收入	3.治疗类：(10)手术治疗费
HGF7D301	筛动脉结扎术	HGF59301	筛动脉结扎术	330601018	筛动脉结扎术	手术费	手术收入	3.治疗类：(10)手术治疗费
HGF7D601	经鼻内镜上颌动脉结扎术	HGF59601	经鼻内镜上颌窦动脉结扎术	330602003	经上颌窦颌内动脉结扎术	手术费	手术收入	3.治疗类：(10)手术治疗费
HGF7E601	经鼻内镜鼻窦球囊扩张术					手术费	手术收入	3.治疗类：(10)手术治疗费
HGF7P301	上颌窦底提升术-开窗法	HGF83301	上颌窦底提升术-开窗法	330609002	上颌窦底提升术	手术费	手术收入	3.治疗类：(10)手术治疗费
HGF7P302	上颌窦底提升术-冲顶法	HGF83302	上颌窦底提升术-冲顶法			手术费	手术收入	3.治疗类：(10)手术治疗费
HGF7P401	鼻窦瘘修补术					手术费	手术收入	3.治疗类：(10)手术治疗费
HGF7P601	经鼻内镜鼻窦瘘修补术					手术费	手术收入	3.治疗类：(10)手术治疗费
HGG	2.咽喉							
HGG6U301	咽食管瘘切除术					手术费	手术收入	3.治疗类：(10)手术治疗费
HGG6V301	全喉全下咽全食管切除+全胃上提修复术	HGG76301	全喉全下咽全食管切除+全胃上提修复术	330701016	全喉全下咽全食管切除+全胃上提修复术	手术费	手术收入	3.治疗类：(10)手术治疗费
HGG7Q301	全喉全下咽切除皮瓣修复术	HGG89301	全喉全下咽切除皮瓣修复术	330701017	全喉全下咽切除皮瓣修复术	手术费	手术收入	3.治疗类：(10)手术治疗费
HGH-HGK	3.咽部							
HGH6P301	颈外入路咽旁间隙肿物摘除术	HGH73305	颈外径路咽旁间隙肿物摘除术	330611006	颈外进路咽旁间隙肿物摘除术	手术费	手术收入	3.治疗类：(10)手术治疗费
HGH6R401	口咽入路咽旁脓肿切开引流术	HGH45401	口咽径路咽旁脓肿切开引流术			手术费	手术收入	3.治疗类：(10)手术治疗费
HGH6U301	颈侧入路下咽部肿瘤切除术	HGH73306	颈侧径路下咽肿瘤切除术	330611005	颈侧切开下咽肿瘤切除术	手术费	手术收入	3.治疗类：(10)手术治疗费
HGH6U302	颈侧入路咽食管肿瘤切除术	HGH73304	颈侧径路咽食管肿瘤切除术	330611007	颈侧径路咽食管肿瘤切除术	手术费	手术收入	3.治疗类：(10)手术治疗费
HGH6U401	咽部病变切除术	HGH73301	咽部病损激光切除术			手术费	手术收入	3.治疗类：(10)手术治疗费
HGH6U402	咽部囊肿切除术	HGH73302	咽部囊肿切除术			手术费	手术收入	3.治疗类：(10)手术治疗费
HGH6U403	咽部肿瘤切除术	HGH73303	咽部肿瘤切除术			手术费	手术收入	3.治疗类：(10)手术治疗费
HGH6U404	咽部憩室切除术					手术费	手术收入	3.治疗类：(10)手术治疗费
HGH6U601	经喉内镜咽食管肿瘤切除术					手术费	手术收入	3.治疗类：(10)手术治疗费
HGH6U602	经支撑喉镜咽部肿瘤切除术					手术费	手术收入	3.治疗类：(10)手术治疗费
HGH6U603	经喉内镜咽部病变切除术					手术费	手术收入	3.治疗类：(10)手术治疗费
HGH6U604	经喉内镜咽部囊肿切除术					手术费	手术收入	3.治疗类：(10)手术治疗费
HGH6U605	经喉内镜咽部憩室切除术					手术费	手术收入	3.治疗类：(10)手术治疗费
HGH6U606	经喉内镜咽部肿瘤切除术					手术费	手术收入	3.治疗类：(10)手术治疗费
HGH6U607	经口入路内镜下咽旁间隙肿瘤切除术					手术费	手术收入	3.治疗类：(10)手术治疗费
HGH6W601	经鼻内镜经口咽旁间隙病变切除术					手术费	手术收入	3.治疗类：(10)手术治疗费
HGH7C401	咽粘连松解术	HGH57301	咽粘连松解术			手术费	手术收入	3.治疗类：(10)手术治疗费
HGH7C601	经喉内镜咽粘连松解术					手术费	手术收入	3.治疗类：(10)手术治疗费
HGH7P301	咽瘘修复术	HGH83301	咽瘘修复术	330611008	咽瘘皮瓣修复术	手术费	手术收入	3.治疗类：(10)手术治疗费
HGH7P401	下咽成形术					手术费	手术收入	3.治疗类：(10)手术治疗费
HGH7P402	咽部撕裂修复术	HGH83303	咽部撕裂修补术			手术费	手术收入	3.治疗类：(10)手术治疗费
HGH7P403	咽后壁组织瓣成形术	HGH83304	咽后壁组织瓣成形术	330606023	咽后壁组织瓣成形术	手术费	手术收入	3.治疗类：(10)手术治疗费
HGH7P404	咽后嵴成形术	HGH83302	咽后嵴成形术	330606022	咽后嵴成形术	手术费	手术收入	3.治疗类：(10)手术治疗费
HGH7P601	经支撑喉镜喉蹼成形术					手术费	手术收入	3.治疗类：(10)手术治疗费
HGH7P602	支撑喉镜下喉内镜喉蹼成形术					手术费	手术收入	3.治疗类：(10)手术治疗费
HGH7P603	经喉内镜咽瘘修复术					手术费	手术收入	3.治疗类：(10)手术治疗费
HGH7P604	经喉内镜下咽成形术					手术费	手术收入	3.治疗类：(10)手术治疗费
HGH7P605	经喉内镜咽部撕裂修复术					手术费	手术收入	3.治疗类：(10)手术治疗费
HGH7Q401	咽重建术					手术费	手术收入	3.治疗类：(10)手术治疗费
HGJ6S401	鼻咽闭锁矫正术	HGJ80401	鼻咽闭锁矫正术			手术费	手术收入	3.治疗类：(10)手术治疗费
HGJ6S601	经鼻内镜鼻咽闭锁矫正术					手术费	手术收入	3.治疗类：(10)手术治疗费
HGJ6U301	颈侧入路鼻咽肿瘤切除术	HGJ73301	颈侧径路鼻咽肿瘤切除术	330611002	经颈侧进路鼻咽肿瘤切除术	手术费	手术收入	3.治疗类：(10)手术治疗费
HGJ6U302	鼻侧入路鼻咽肿瘤切除术	HGJ73303	鼻侧径路鼻咽肿瘤切除术			手术费	手术收入	3.治疗类：(10)手术治疗费
HGJ6U601	硬腭入路鼻咽肿瘤切除术	HGJ73302	硬腭径路鼻咽肿瘤切除术	330611003	经硬腭进路鼻咽肿瘤切除术	手术费	手术收入	3.治疗类：(10)手术治疗费
HGJ6U602	经鼻内镜鼻咽肿物切除术	HGJ73601	鼻内镜鼻咽肿物切除术			手术费	手术收入	3.治疗类：(10)手术治疗费
HGJ6U603	经鼻内镜鼻咽瘘管切除术					手术费	手术收入	3.治疗类：(10)手术治疗费
HGJ6U604	经鼻内镜硬腭入路鼻咽肿瘤切除术					手术费	手术收入	3.治疗类：(10)手术治疗费
HGJ7E401	硬腭入路鼻咽狭窄闭锁切开成形术	HGJ80402	硬腭径路鼻咽狭窄闭锁切开成形术	330611004	经硬腭进路鼻咽狭窄闭锁切开成形术	手术费	手术收入	3.治疗类：(10)手术治疗费
HGJ7E601	经喉内镜硬腭入路鼻咽狭窄闭锁切开成形术					手术费	手术收入	3.治疗类：(10)手术治疗费
HGJ7E602	经鼻内镜咽鼓管球囊扩张术					手术费	手术收入	3.治疗类：(10)手术治疗费
HGJ7Q601	经喉内镜咽重建术					手术费	手术收入	3.治疗类：(10)手术治疗费
HGK6U301	下颌入路口咽肿瘤切除术	HGK73301	下颌进路口咽肿瘤切除术			手术费	手术收入	3.治疗类：(10)手术治疗费
HGK6U601	经鼻内镜翼腭窝病变切除术	HGK73601	经鼻内镜翼腭窝病变切除术			手术费	手术收入	3.治疗类：(10)手术治疗费
HGK6U602	经鼻内镜上颌窦翼腭窝颞下窝病变切除术	HGK73602	经鼻内镜上颌窦翼腭窝颞下窝病变切除术	330602013	经鼻内镜鼻窦手术	手术费	手术收入	3.治疗类：(10)手术治疗费
		HGM63301	喉T管置换术			手术费	手术收入	3.治疗类：(10)手术治疗费
		HGM64601	经支撑喉镜喉模取出术			手术费	手术收入	3.治疗类：(10)手术治疗费
HGM-HGR	4.喉部							
HGM6K601	喉全切术后发音管安装术	HGM62301	喉全切除术后发音管安装术	330701007	喉全切除术后发音管安装术	手术费	手术收入	3.治疗类：(10)手术治疗费
HGM6K602	经食道内镜喉全切术后发音管安装术					手术费	手术收入	3.治疗类：(10)手术治疗费
HGM6L601	喉支架置换术	HGM66301	喉支架置换术			手术费	手术收入	3.治疗类：(10)手术治疗费
HGM6L602	经喉内镜喉支架置换术					手术费	手术收入	3.治疗类：(10)手术治疗费
HGM6N601	经喉内镜喉支架取出术					手术费	手术收入	3.治疗类：(10)手术治疗费
HGM6U301	喉裂开肿瘤切除术	HGM73302	喉裂开肿瘤切除术	330701024	喉裂开肿瘤切除术	手术费	手术收入	3.治疗类：(10)手术治疗费
HGM6U302	颈侧入路喉部肿瘤切除术	HGM73303	颈侧径路喉部肿瘤切除术	330701002	颈侧切开喉部肿瘤切除术	手术费	手术收入	3.治疗类：(10)手术治疗费
HGM6U303	环状软骨上部分喉切除术	HGM73304	环状软骨上部分喉切除术			手术费	手术收入	3.治疗类：(10)手术治疗费
HGM6U304	喉良性肿瘤切除术	HGM73305	喉良性肿瘤切除术	330701022	喉良性肿瘤切除术	手术费	手术收入	3.治疗类：(10)手术治疗费
HGM6U305	声门上水平喉切除术	HGM73306	声门上水平喉切除术	330701014	声门上水平喉切除术	手术费	手术收入	3.治疗类：(10)手术治疗费
HGM6U306	喉次全切除术	HGM73307	喉次全切除术	330701010	喉次全切除术	手术费	手术收入	3.治疗类：(10)手术治疗费
HGM6U307	外侧入路喉部分切除术					手术费	手术收入	3.治疗类：(10)手术治疗费
HGM6U308	喉气管裂开瘢痕切除术	HGM73308	喉气管裂开瘢痕切除喉模置入术	330701027	喉气管裂开瘢痕切除喉模置入术	手术费	手术收入	3.治疗类：(10)手术治疗费
HGM6U309	梨状窝癌切除术	HGM73301	梨状窝癌切除术	330701015	梨状窝癌切除术	手术费	手术收入	3.治疗类：(10)手术治疗费
HGM6U601	经直达喉镜声带病变喉肿物切除术	HGM73601	经直达喉镜喉肿物摘除术	330701001	经直达喉镜喉肿物摘除术	手术费	手术收入	3.治疗类：(10)手术治疗费
HGM6U602	经纤维鼻咽喉镜声带病变喉肿物切除术	HGM73602	经纤维喉镜喉肿物摘除术			手术费	手术收入	3.治疗类：(10)手术治疗费
HGM6U603	内镜辅助下经支撑喉镜室带病变切除术	HGM73603	经支撑喉镜室带肿物切除术	330701025	经支撑喉镜激光声带肿物切除术	手术费	手术收入	3.治疗类：(10)手术治疗费
HGM6U604	内镜辅助下经支撑喉镜喉肿瘤切除术					手术费	手术收入	3.治疗类：(10)手术治疗费
HGM6U605	内镜辅助下经支撑喉镜梨状窝肿物切除术	HGM73401	经支撑喉镜梨状窝肿物切除术			手术费	手术收入	3.治疗类：(10)手术治疗费
HGM6V301	垂直半喉切除喉功能重建术	HGM74301	垂直半喉切除+喉功能重建术	330701012	垂直半喉切除术及喉功能重建术	手术费	手术收入	3.治疗类：(10)手术治疗费
HGM6V302	3/4喉切除喉功能重建术	HGM74302	3/4喉切除+喉功能重建术	330701011	3/4喉切除术及喉功能重建术	手术费	手术收入	3.治疗类：(10)手术治疗费
HGM6W301	喉全切术	HGM75301	喉全切除术	330701006	喉全切除术	手术费	手术收入	3.治疗类：(10)手术治疗费
				330701013	垂直超半喉切除术及喉功能重建术	手术费	手术收入	3.治疗类：(10)手术治疗费
				330701009	全喉切除咽气管吻合术	手术费	手术收入	3.治疗类：(10)手术治疗费
HGM7C301	喉粘连松解术					手术费	手术收入	3.治疗类：(10)手术治疗费
HGM7D601	经支撑喉镜梨状窝瘘内瘘口封闭术					手术费	手术收入	3.治疗类：(10)手术治疗费
HGM7D602	支撑喉镜下喉内镜梨状窝瘘内瘘口封闭术					手术费	手术收入	3.治疗类：(10)手术治疗费
HGM7E301	喉狭窄成形术	HGM80302	喉狭窄成形T管置入术	330701020	喉狭窄成形及“T”型管置入术	手术费	手术收入	3.治疗类：(10)手术治疗费
HGM7E601	内镜辅助下经支撑喉镜喉瘢痕狭窄扩张术	HGM80301	喉瘢痕狭窄扩张术	330701018	喉瘢痕狭窄扩张术	手术费	手术收入	3.治疗类：(10)手术治疗费
HGM7E602	内镜辅助下经支撑喉镜喉支架置入术	HGM80601	支撑喉镜下喉狭窄成形术+喉模置入术	330701019	喉狭窄经口扩张及喉模置入术	手术费	手术收入	3.治疗类：(10)手术治疗费
HGM7E603	经气管内镜喉狭窄成形术	HGM80304	喉气管狭窄支架置入术			手术费	手术收入	3.治疗类：(10)手术治疗费
HGM7E604	内镜辅助下经支撑喉镜喉狭窄成形术					手术费	手术收入	3.治疗类：(10)手术治疗费
HGM7P301	喉结整形术	HGM83301	喉结整形术			手术费	手术收入	3.治疗类：(10)手术治疗费
HGM7P302	喉气管外伤缝合成形术	HGM83302	喉气管外伤缝合成形术	330701028	喉气管外伤缝合成形术	手术费	手术收入	3.治疗类：(10)手术治疗费
				330701029	喉气管狭窄支架成形术	手术费	手术收入	3.治疗类：(10)手术治疗费
HGM7P303	喉结再造声带调整术	HGM89302	喉结再造声带调整术			手术费	手术收入	3.治疗类：(10)手术治疗费
HGM7P601	内镜辅助下经支撑喉镜喉囊肿袋形缝合术					手术费	手术收入	3.治疗类：(10)手术治疗费
HGM7P602	内镜辅助下经支撑喉镜声门上成形术					手术费	手术收入	3.治疗类：(10)手术治疗费
HGM7P603	内镜辅助下经支撑喉镜声门病变切除声门成形术					手术费	手术收入	3.治疗类：(10)手术治疗费
HGM7Q301	喉功能重建术	HGM89301	喉功能重建术	330701008	喉功能重建术	手术费	手术收入	3.治疗类：(10)手术治疗费
		HGM80303	喉支架置入术			手术费	手术收入	3.治疗类：(10)手术治疗费
HGN6R601	内镜辅助下经支撑喉镜会厌脓肿切开引流术	HGN45301	会厌脓肿切开引流术	330701036	会厌脓肿切开引流术	手术费	手术收入	3.治疗类：(10)手术治疗费
HGN6R602	经支撑喉镜会厌脓肿切开引流术					手术费	手术收入	3.治疗类：(10)手术治疗费
HGN6U301	颈外入路会厌肿物切除术	HGN73301	颈外径路会厌肿物切除术	330701037	经颈进路会厌肿物切除术	手术费	手术收入	3.治疗类：(10)手术治疗费
HGN6U302	颈部入路会厌病变切除术	HGN73601	颈部径路会厌良性肿瘤切除术	330701038	会厌良性肿瘤切除术	手术费	手术收入	3.治疗类：(10)手术治疗费
HGN6U601	内镜下经支撑喉镜会厌良性肿瘤切除术					手术费	手术收入	3.治疗类：(10)手术治疗费
HGN6U602	内镜辅助下经支撑喉镜会厌良性肿瘤切除术	HGN73401	经支撑喉镜会厌良性肿瘤切除术	330701038	会厌良性肿瘤切除术	手术费	手术收入	3.治疗类：(10)手术治疗费
HGN6U603	经间接喉镜会厌病变切除术	HGN73602	经间接喉镜会厌良性肿瘤切除术			手术费	手术收入	3.治疗类：(10)手术治疗费
HGN6U604	经纤维喉镜会厌病变切除术	HGN73603	经纤维喉镜会厌良性肿瘤切除术			手术费	手术收入	3.治疗类：(10)手术治疗费
HGN6U605	内镜辅助下经支撑喉镜会厌病变切除术	HGN73604	经支撑喉镜会厌病变切除术			手术费	手术收入	3.治疗类：(10)手术治疗费
HGN6W601	内镜辅助下经支撑喉镜会厌切除术					手术费	手术收入	3.治疗类：(10)手术治疗费
HGN7P601	内镜辅助下经支撑喉镜会厌病变切除会厌成形术					手术费	手术收入	3.治疗类：(10)手术治疗费
HGP6J601	内镜辅助下经支撑喉镜声带脂肪筋膜填充术					手术费	手术收入	3.治疗类：(10)手术治疗费
HGP6N401	声带脂肪筋膜取出术					手术费	手术收入	3.治疗类：(10)手术治疗费
HGP6U301	喉裂开声带部分切除术					手术费	手术收入	3.治疗类：(10)手术治疗费
HGP6U302	喉裂开声带切除术	HGP73301	喉裂开声带切除术	330701023	喉裂开声带切除术	手术费	手术收入	3.治疗类：(10)手术治疗费
HGP6U601	内镜辅助下经支撑喉镜声带切除术	HGP73601	经支撑喉镜激光辅助声带肿物切除术	330701025	经支撑喉镜激光声带肿物切除术	手术费	手术收入	3.治疗类：(10)手术治疗费
HGP6U602	内镜辅助下经支撑喉镜声带病变切除术					手术费	手术收入	3.治疗类：(10)手术治疗费
HGP6U603	经间接喉镜声带病变切除术					手术费	手术收入	3.治疗类：(10)手术治疗费
HGP7C601	内镜辅助下经支撑喉镜声带粘连分离术	HGP57601	经支撑喉镜声带粘连分离术			手术费	手术收入	3.治疗类：(10)手术治疗费
HGP7P601	内镜辅助下经支撑喉镜声带外展术	HGP83302	声带外展术			手术费	手术收入	3.治疗类：(10)手术治疗费
HGQ6U601	内镜辅助下经支撑喉镜杓状软骨切除术	HGQ73601	支撑喉镜下激光杓状软骨切除术			手术费	手术收入	3.治疗类：(10)手术治疗费
HGQ6U602	内镜辅助下经支撑喉镜喉杓状软骨切除术					手术费	手术收入	3.治疗类：(10)手术治疗费
HGQ7F301	环甲软骨接近术	HGQ81301	环甲软骨接近术	330701034	环甲间距缩短术	手术费	手术收入	3.治疗类：(10)手术治疗费
HGQ7F302	甲状软骨成形声带紧张术	HGQ82301	甲状软骨成形声带拉长术			手术费	手术收入	3.治疗类：(10)手术治疗费
HGQ7G301	甲状软骨成形声带松弛术					手术费	手术收入	3.治疗类：(10)手术治疗费
HGQ7P301	杓状软骨内收术	HGQ83301	杓状软骨内收术			手术费	手术收入	3.治疗类：(10)手术治疗费
HGQ7P302	颈侧入路杓状软骨切除声带外移术	HGQ83302	颈侧径路杓状软骨切除声带外移术	330701026	经颈侧杓状软骨切除声带外移术	手术费	手术收入	3.治疗类：(10)手术治疗费
HGQ7P303	甲状软骨成形声带内移术	HGQ83303	甲状软骨成形声带内移术	330701031	甲状软骨成形术	手术费	手术收入	3.治疗类：(10)手术治疗费
HGQ7P304	甲状软骨成形声带外移术	HGQ83304	甲状软骨成形声带外移术			手术费	手术收入	3.治疗类：(10)手术治疗费
HGR6S301	环甲膜切开术	HGR50301	环甲膜切开术	330701004	环甲膜切开术	手术费	手术收入	3.治疗类：(10)手术治疗费
HGR7H601	经间接喉镜环杓关节拨动术	HGR70401	经间接喉镜环杓关节拨动术	330701032	环杓关节间接拨动术	手术费	手术收入	3.治疗类：(10)手术治疗费
HGR7H602	经直达喉镜环杓关节拨动术	HGR70601	经直达喉镜环杓关节拨动术	330701033	环杓关节直接拨动术	手术费	手术收入	3.治疗类：(10)手术治疗费
HGR7H603	内镜辅助下经支撑喉镜环杓关节拨动术	HGR70602	经支撑喉镜环杓关节复位术	330701035	环杓关节复位术	手术费	手术收入	3.治疗类：(10)手术治疗费
				330701032	环杓关节间接拨动术	手术费	手术收入	3.治疗类：(10)手术治疗费
				330701033	环杓关节直接拨动术	手术费	手术收入	3.治疗类：(10)手术治疗费
				330701035	环杓关节复位术	手术费	手术收入	3.治疗类：(10)手术治疗费
HGS-HGT	5.扁桃体和腺样体							
HGS	扁桃体							
HGS6U401	扁桃体部分切除伴腺样体切除术					手术费	手术收入	3.治疗类：(10)手术治疗费
HGS6U402	舌扁桃体切除术	HGS73301	舌扁桃体切除术	330610003	舌扁桃体切除术	手术费	手术收入	3.治疗类：(10)手术治疗费
HGS6U601	经喉内镜舌扁桃体切除术					手术费	手术收入	3.治疗类：(10)手术治疗费
HGS6W401	扁桃体切除术	HGS75301	扁桃体切除术	330610001	扁桃体切除术	手术费	手术收入	3.治疗类：(10)手术治疗费
HGS6W402	扁桃体残体切除术	HGS75302	扁桃体残体切除术			手术费	手术收入	3.治疗类：(10)手术治疗费
HGS6W403	扁桃体挤切术	HGS75303	扁桃体挤切术			手术费	手术收入	3.治疗类：(10)手术治疗费
		HGS72301	扁桃体激光毁损术			手术费	手术收入	3.治疗类：(10)手术治疗费
		HGS72302	扁桃体射频消融术			手术费	手术收入	3.治疗类：(10)手术治疗费
		HGS72303	舌扁桃体射频消融术			手术费	手术收入	3.治疗类：(10)手术治疗费
		HGS73302	舌扁桃体激光切除术			手术费	手术收入	3.治疗类：(10)手术治疗费
HGT	腺样体							
HGT6U401	腺样体刮除术	HGT75301	腺样体刮除术	330610002	腺样体刮除术	手术费	手术收入	3.治疗类：(10)手术治疗费
HGT6W601	经鼻内镜腺样体切除术	HGT75601	经鼻内镜腺样体切除术			手术费	手术收入	3.治疗类：(10)手术治疗费
		HGT72601	经鼻内镜腺样体射频消融术			手术费	手术收入	3.治疗类：(10)手术治疗费
		HGT75602	经鼻内镜腺样体电动切割器切除术			手术费	手术收入	3.治疗类：(10)手术治疗费
HH	(七)口腔颌面							
HHA-HHL	1.面部							
HHA	面部							
HHA6K301	颅面种植体植入术	HHA61301	颅面种植体植入术			手术费	手术收入	3.治疗类：(10)手术治疗费
HHA6P101	颌下脂肪抽吸术	HHA83307	颌下脂肪袋整形术	331604010	颌下脂肪袋整形术	手术费	手术收入	3.治疗类：(10)手术治疗费
HHA6P301	面颈部浅表异物探查取出术	HHA65301	面颈部浅表异物探查取出术			手术费	手术收入	3.治疗类：(10)手术治疗费
HHA6P302	面颈深部异物探查取出术	HHA65302	面颈深部异物探查取出术			手术费	手术收入	3.治疗类：(10)手术治疗费
HHA6R301	颌面部脓肿切开引流术	HHA45301	颌面部脓肿切开引流术			手术费	手术收入	3.治疗类：(10)手术治疗费
HHA6R302	颌面部多间隙脓肿切开引流术	HHA45302	颌面部多间隙脓肿切开引流术			手术费	手术收入	3.治疗类：(10)手术治疗费
HHA6U301	口腔颌面部巨大静脉畸形切除术	HHA73301	口腔颌面部巨大静脉畸形切除术	330605020	口腔颌面部巨大血管瘤淋巴管瘤切除术	手术费	手术收入	3.治疗类：(10)手术治疗费
HHA6U302	口腔颌面部巨大动静脉畸形切除术	HHA73302	口腔颌面部巨大动静脉畸形切除术			手术费	手术收入	3.治疗类：(10)手术治疗费
HHA6U303	口腔颌面部巨大淋巴管畸形切除术	HHA73303	口腔颌面部巨大淋巴管畸形切除术			手术费	手术收入	3.治疗类：(10)手术治疗费
				330605013	颌骨良性病变切除术	手术费	手术收入	3.治疗类：(10)手术治疗费
				330605033	颌面颈部深部肿物探查术	手术费	手术收入	3.治疗类：(10)手术治疗费
HHA6U304	颌面部神经纤维瘤切除成形术(小)	HHA73305	颌面部神经纤维瘤切除成形术(小)	330605002	口腔颌面部神经纤维瘤切除成形术	手术费	手术收入	3.治疗类：(10)手术治疗费
HHA6U305	颌面部神经纤维瘤切除成形术(中)	HHA73306	颌面部神经纤维瘤切除成形术(中)			手术费	手术收入	3.治疗类：(10)手术治疗费
HHA6U306	颌面部神经纤维瘤切除成形术(大)	HHA73307	半侧颜面巨大神经纤维瘤切除术(大)			手术费	手术收入	3.治疗类：(10)手术治疗费
HHA6W301	眶内静脉曲张栓塞切除术					手术费	手术收入	3.治疗类：(10)手术治疗费
HHA6X301	颌面部软组织恶性肿瘤扩大切除术					手术费	手术收入	3.治疗类：(10)手术治疗费
HHA7H301	全面部骨折手术复位内固定术	HHA70301	全面部骨折手术复位内固定术			手术费	手术收入	3.治疗类：(10)手术治疗费
HHA7P301	颌面小肿物切除整形术	HHA73304	颌面小肿物切除整形术	330605001	口腔颌面部小肿物切除术	手术费	手术收入	3.治疗类：(10)手术治疗费
HHA7P302	面横裂修复术	HHA83301	面横裂修复术	330606027	面横裂修复术	手术费	手术收入	3.治疗类：(10)手术治疗费
HHA7P303	面斜裂修复术	HHA83302	面斜裂修复术			手术费	手术收入	3.治疗类：(10)手术治疗费
HHA7P304	复杂面裂修复术	HHA83303	复杂面裂修复术			手术费	手术收入	3.治疗类：(10)手术治疗费
HHA7P305	口腔颌面部复合组织缺损游离骨肌皮瓣移植修复术	HHA83304	口腔颌面部复合组织缺损游离骨肌皮瓣移植修复术	330606030	口腔颌面部联合缺损带血管游离肌皮骨瓣修复修复术	手术费	手术收入	3.治疗类：(10)手术治疗费
HHA7P306	陈旧性面瘫血管化游离肌瓣矫正术	HHA83305	陈旧性面瘫血管化游离肌瓣矫正术			手术费	手术收入	3.治疗类：(10)手术治疗费
HHA7P307	全面部陈旧性复杂骨折畸形整复术	HHA83306	全面部陈旧性复杂骨折畸形整复术			手术费	手术收入	3.治疗类：(10)手术治疗费
HHB	面部软组织							
HHB6U301	颌面皮肤瘘管病灶切除术	HHB73304	颌面皮肤瘘管病灶切除术	330604021	皮肤瘘管切除术	手术费	手术收入	3.治疗类：(10)手术治疗费
HHB6U701	口腔颌面软组织浅表创伤清创术	HHB73301	口腔颌面软组织浅表创伤清创术	330608002	口腔颌面软组织清创术(中)	手术费	手术收入	3.治疗类：(10)手术治疗费
HHB7P301	颌面部软组织挫裂伤清创缝合术	HHB73302	颌面部软组织挫裂伤清创缝合术			手术费	手术收入	3.治疗类：(10)手术治疗费
HHB7P302	颌面部严重软组织挫裂伤清创缝合术	HHB73303	颌面部严重软组织挫裂伤清创缝合术	330608001	口腔颌面软组织清创术(大)	手术费	手术收入	3.治疗类：(10)手术治疗费
				330608003	口腔颌面软组织清创术(小)	手术费	手术收入	3.治疗类：(10)手术治疗费
HHB7P303	面部软组织不对称畸形局部组织瓣矫正术	HHB83301	面部软组织不对称畸形局部组织瓣矫正术	330606032	颜面部软组织不对称局部组织瓣修复畸形矫正术	手术费	手术收入	3.治疗类：(10)手术治疗费
HHB7P304	面部软组织不对称畸形游离组织矫正术	HHB83302	面部软组织不对称畸形游离组织矫正术			手术费	手术收入	3.治疗类：(10)手术治疗费
HHB7Q301	颌面创伤性软组织缺损局部组织瓣修复术	HHB89301	颌面创伤性软组织缺损局部组织瓣修复术	330606028	口腔颌面部软组织缺损局部组织瓣修复术	手术费	手术收入	3.治疗类：(10)手术治疗费
HHB7Q302	颌面部软组织缺损远位肌皮瓣修复术	HHB89303	颌面部软组织缺损远位肌皮瓣修复术	330606036	口腔颌面部软组织缺损远位肌皮瓣修复术	手术费	手术收入	3.治疗类：(10)手术治疗费
HHB7Q303	口腔颌面部软组织缺损带蒂皮瓣修复术	HHB89302	口腔颌面部软组织缺损带蒂皮瓣修复术	330606035	口腔颌面部软组织缺损远位皮瓣修复术	手术费	手术收入	3.治疗类：(10)手术治疗费
HHB7Q601	口腔颌面部软组织缺损游离皮瓣移植修复术	HHB89304	口腔颌面部软组织缺损游离皮瓣移植修复术	330606029	口腔颌面部软组织缺损游离瓣移植修复术	手术费	手术收入	3.治疗类：(10)手术治疗费
HHC-HHG	颌面骨							
HHC6N301	内置式骨牵张器拆除术	HHC64302	内置式骨牵张器拆除术			手术费	手术收入	3.治疗类：(10)手术治疗费
HHC6U301	颌骨骨纤维异常增殖症切除成形术	HHC73301	颌骨骨纤维异常增殖症切除成形术	330605026	颌骨骨纤维异常增殖症切除成形术	手术费	手术收入	3.治疗类：(10)手术治疗费
HHC6U302	颅内外联合入路Bipartition截骨术					手术费	手术收入	3.治疗类：(10)手术治疗费
HHC6U303	舌骨部分切除术					手术费	手术收入	3.治疗类：(10)手术治疗费
HHC6V301	联合入路额眶颧上颌截骨矫正术	HHC83302	联合入路额眶颧上颌截骨矫正术			手术费	手术收入	3.治疗类：(10)手术治疗费
HHC6W301	舌骨切除术					手术费	手术收入	3.治疗类：(10)手术治疗费
HHC7H801	颧骨上颌骨骨折切开复位内固定术	HHC70301	颧骨上颌骨骨折切开复位内固定术	330608013	颧骨上颌骨复合骨折切开复位内固定术	手术费	手术收入	3.治疗类：(10)手术治疗费
HHC7P301	犁骨瓣修复术	HHC83301	犁骨瓣修复术	330606013	犁骨瓣修复术	手术费	手术收入	3.治疗类：(10)手术治疗费
HHC7P401	颌面骨骨纤维异常增殖症病变修整术	HHC73401	颌面骨骨纤维异常增殖症病变铲除术			手术费	手术收入	3.治疗类：(10)手术治疗费
HHC7Q401	颌骨缺损移植术	HHC83303	面颌骨缺损移植术			手术费	手术收入	3.治疗类：(10)手术治疗费
HHD6K301	颧骨种植体植入术	HHD61301	颧骨种植体植入术			手术费	手术收入	3.治疗类：(10)手术治疗费
HHD6K401	口内入路人工材料植入颧骨充填术	HHD61304	口内入路人工材料植入颧骨充填术			手术费	手术收入	3.治疗类：(10)手术治疗费
HHD6K801	下睑入路人工材料植入颧骨充填术	HHD61302	下睑入路人工材料植入颧骨充填术			手术费	手术收入	3.治疗类：(10)手术治疗费
HHD6X401	颧骨扩大切除术					手术费	手术收入	3.治疗类：(10)手术治疗费
HHD7F301	颧骨颧弓截骨缩小降低整复术	HHD81301	颧骨颧弓截骨缩小降低整复术			手术费	手术收入	3.治疗类：(10)手术治疗费
HHD7F401	颧骨磨削术	HHD81302	颧骨磨削术			手术费	手术收入	3.治疗类：(10)手术治疗费
HHD7F402	颧骨凿低术	HHD81303	颧骨凿低术			手术费	手术收入	3.治疗类：(10)手术治疗费
HHD7G401	颧骨截骨自体骨移植增宽术	HHD82301	颧骨截骨自体骨移植增宽术			手术费	手术收入	3.治疗类：(10)手术治疗费
HHD7H301	MarkowitzⅠ类鼻眶筛骨折复位内固定术	HHD70301	MarkowitzⅠ类鼻眶筛骨折复位内固定术	330608014	眶鼻额区骨折整复术	手术费	手术收入	3.治疗类：(10)手术治疗费
HHD7H302	MarkowitzⅡ类鼻眶筛骨折复位内固定术	HHD70302	MarkowitzⅡ类鼻眶筛骨折复位内固定术			手术费	手术收入	3.治疗类：(10)手术治疗费
HHD7H303	MarkowitzⅢ类鼻眶筛骨折复位内固定术	HHD70303	MarkowitzⅢ类鼻眶筛骨折复位内固定术			手术费	手术收入	3.治疗类：(10)手术治疗费
HHD7H304	颞部入路颧弓骨折复位术	HHD70304	颞部入路颧弓骨折复位术			手术费	手术收入	3.治疗类：(10)手术治疗费
HHD7H305	齿钩牵拉颧弓骨折复位术-口外法	HHD70305	齿钩牵拉颧弓骨折复位术-口外法			手术费	手术收入	3.治疗类：(10)手术治疗费
HHD7H306	颧骨颧弓骨折复位内固定术	HHD70308	颧骨颧弓骨折复位内固定术	330608011	颧骨骨折切开复位内固定术	手术费	手术收入	3.治疗类：(10)手术治疗费
HHD7H307	颞部入路颧弓骨折复位内固定术	HHD70309	颞部入路颧弓骨折复位内固定术			手术费	手术收入	3.治疗类：(10)手术治疗费
HHD7H308	颧骨骨折复位内固定术	HHD70306	颧骨骨折复位内固定术	330608011	颧骨骨折切开复位内固定术	手术费	手术收入	3.治疗类：(10)手术治疗费
HHD7H401	口内入路颧弓骨折复位术	HHD70310	口内入路颧弓骨折复位术	330608012	颧弓骨折复位术	手术费	手术收入	3.治疗类：(10)手术治疗费
HHD7H801	颧骨陈旧性骨折截骨复位固定术	HHD70307	颧骨陈旧性骨折截骨复位固定术	330608015	颧骨陈旧性骨折截骨整复术	手术费	手术收入	3.治疗类：(10)手术治疗费
HHD7M301	颧骨颧弓截骨坚固内固定术	HHD71301	颧骨颧弓截骨坚固内固定术			手术费	手术收入	3.治疗类：(10)手术治疗费
HHD7P401	颧骨颧弓过窄截骨成形术	HHD83301	颧骨颧弓过窄截骨成形术	330607014	颧骨颧弓成型术	手术费	手术收入	3.治疗类：(10)手术治疗费
HHD7P402	颧骨过低衬垫成形术	HHD61303	颧骨过低衬垫成形术			手术费	手术收入	3.治疗类：(10)手术治疗费
HHD7P403	颧骨陈旧性骨折植骨矫治术	HHD83302	颧骨陈旧性骨折植骨矫治术	330608016	颧骨陈旧性骨折植骨矫治术	手术费	手术收入	3.治疗类：(10)手术治疗费
HHD7P801	颧骨上颌骨复合切开复位内固定整形术					手术费	手术收入	3.治疗类：(10)手术治疗费
HHE6D301	颌骨活检术					手术费	手术收入	3.治疗类：(10)手术治疗费
HHE6K301	牵引钉植入术					手术费	手术收入	3.治疗类：(10)手术治疗费
HHE6K302	牙槽嵴牵张成骨增高术	HHE62301	牙槽嵴低平牵张成骨增高术			手术费	手术收入	3.治疗类：(10)手术治疗费
HHE6K401	颌骨增高术	HHE62303	颌骨增高术			手术费	手术收入	3.治疗类：(10)手术治疗费
HHE6K402	牙槽嵴种植型牵张器增高术	HHE62302	牙槽嵴低平种植型牵张器增高术			手术费	手术收入	3.治疗类：(10)手术治疗费
HHE6K403	牙槽嵴植骨增高术	HHE62304	牙槽嵴植骨增高术	330604011	牙槽嵴增高术	手术费	手术收入	3.治疗类：(10)手术治疗费
HHE6P301	颌骨牙源性病灶刮治术	HHE65301	颌骨牙源性病灶刮治术	330604020	颌骨病灶刮除术	手术费	手术收入	3.治疗类：(10)手术治疗费
HHE6P302	颌骨骨髓炎病灶刮治术	HHE65302	颌骨骨髓炎病灶刮治术			手术费	手术收入	3.治疗类：(10)手术治疗费
HHE6S401	骨劈开术	HHX61304	骨劈开种植体植入术	330609004	骨劈开术	手术费	手术收入	3.治疗类：(10)手术治疗费
HHE6U301	颌骨中心性血管畸形切除术	HHE73301	颌骨中心性血管畸形切除术	330605020	口腔颌面部巨大血管瘤淋巴管瘤切除术	手术费	手术收入	3.治疗类：(10)手术治疗费
HHE6U401	颌骨隆突切除术	HHE73302	颌骨隆突切除术	330604012	颌骨隆突修整术	手术费	手术收入	3.治疗类：(10)手术治疗费
HHE6U402	牙槽骨烧伤清创术	HHE73303	牙槽骨烧伤清创术	310511024	牙槽骨烧伤清创术	手术费	手术收入	3.治疗类：(10)手术治疗费
HHE6U403	牙槽窝清创术	HHM99401	干槽症创面处理	310515003	干槽症换药	手术费	手术收入	3.治疗类：(10)手术治疗费
HHE7B401	颌骨囊肿开窗减压术					手术费	手术收入	3.治疗类：(10)手术治疗费
HHE7C401	口内入路颌间挛缩瘢痕切除松解术	HHE57302	口内入路颌间挛缩瘢痕切除松解术			手术费	手术收入	3.治疗类：(10)手术治疗费
HHE7C801	口内外联合入路颌间挛缩松解术	HHE57301	口内外联合入路颌间挛缩松解术	330606042	颌间挛缩松解术	手术费	手术收入	3.治疗类：(10)手术治疗费
HHE7M401	颌骨骨折牙间钢丝结扎固定术	HHE71303	颌骨骨折牙间钢丝结扎固定术			手术费	手术收入	3.治疗类：(10)手术治疗费
HHE7M402	颌骨骨折颌间牵引钉颌间固定术	HHE71304	颌骨骨折颌间牵引钉颌间固定术	330608005	颌骨骨折颌间固定术	手术费	手术收入	3.治疗类：(10)手术治疗费
HHE7M403	颌骨骨折外固定术	HHE71305	颌骨骨折外固定术	330608006	颌骨骨折外固定术	手术费	手术收入	3.治疗类：(10)手术治疗费
HHE7M404	牙槽突骨折结扎固定术	HHE71306	牙槽突骨折结扎固定术	330604019	牙槽突骨折结扎固定术	手术费	手术收入	3.治疗类：(10)手术治疗费
HHE7P301	颌骨缺损非血管化组织修复术	HHE83302	颌骨缺损修复术	330606031	口腔颌面部骨缺损游离骨瓣移植修复术	手术费	手术收入	3.治疗类：(10)手术治疗费
HHE7P302	牙槽突裂植骨成形术	HHE83303	牙槽突裂植骨成形术	330606024	牙槽突裂植骨成形术	手术费	手术收入	3.治疗类：(10)手术治疗费
HHE7P401	齿槽嵴裂修复术	HHE83305	单侧齿槽嵴裂修复术			手术费	手术收入	3.治疗类：(10)手术治疗费
HHE7P402	引导骨再生术	HHE83301	引导骨再生术	330609008	引导骨组织再生术	手术费	手术收入	3.治疗类：(10)手术治疗费
HHE7P403	牙槽骨修整术	HHE83304	牙槽骨修整术	330604010	牙槽骨修整术	手术费	手术收入	3.治疗类：(10)手术治疗费
HHE7P404	牙周骨切除修整术	HHE83306	牙周骨成形术	330604033	牙周骨成形手术	手术费	手术收入	3.治疗类：(10)手术治疗费
HHF6J301	梨状孔周围植骨术	HHF89305	梨状孔周围植骨术			手术费	手术收入	3.治疗类：(10)手术治疗费
HHF6J401	骨挤压术	HHX61302	骨挤压种植体植入术	330609012	骨挤压术	手术费	手术收入	3.治疗类：(10)手术治疗费
HHF6K401	上颌骨内置式牵引器置入牵张成骨术	HHF62301	上颌骨内置式牵引器置入牵张成骨术	330607013	颌骨延长骨生成术	手术费	手术收入	3.治疗类：(10)手术治疗费
HHF6K402	上颌骨截骨外置式牵张器置入牵张成骨术	HHF62302	上颌骨截骨外置式牵张器置入牵张成骨术	330607013	颌骨延长骨生成术	手术费	手术收入	3.治疗类：(10)手术治疗费
HHF6P301	上颌窦开窗异物取出术	HHF65301	上颌窦开窗异物取出术	330604015	上颌窦开窗异物取出术	手术费	手术收入	3.治疗类：(10)手术治疗费
HHF6P401	上颌骨肿瘤刮治术					手术费	手术收入	3.治疗类：(10)手术治疗费
HHF6P402	上颌骨囊肿刮治术	HHF73401	上颌骨囊肿摘除术	330604024	颌骨囊肿摘除术	手术费	手术收入	3.治疗类：(10)手术治疗费
				330604025	牙外科正畸术	治疗费	治疗收入	3.治疗类：(9)非手术治疗项目费
HHF6U301	上颌骨部分切除术	HHF73301	上颌骨部分切除术	330605009	上颌骨部分切除术	手术费	手术收入	3.治疗类：(10)手术治疗费
HHF6U401	上颌雷弗特Ⅰ型截骨术	HHF83304	上颌雷弗特Ⅰ型截骨术	330607001	上颌雷弗特I型截骨术(LeFort)	手术费	手术收入	3.治疗类：(10)手术治疗费
HHF6U402	上颌雷弗特Ⅰ型加分块截骨术	HHF83305	上颌雷弗特Ⅰ型加分块截骨术			手术费	手术收入	3.治疗类：(10)手术治疗费
HHF6U403	上颌后部牙骨段截骨术	HHF83310	上颌后部牙骨段截骨术	330607004	上颌牙骨段截骨术	手术费	手术收入	3.治疗类：(10)手术治疗费
HHF6U404	上颌梨状孔周围截骨术	HHF83312	上颌梨状孔周围截骨术			手术费	手术收入	3.治疗类：(10)手术治疗费
HHF6U405	上颌骨次全切除术	HHF73302	上颌骨次全切除术	330605010	上颌骨次全切除术	手术费	手术收入	3.治疗类：(10)手术治疗费
HHF6U801	口内外联合入路额眶上颌雷弗特Ⅱ型截骨术	HHF83306	口内外联合入路额眶上颌雷弗特Ⅱ型截骨术	330607002	上颌雷弗特II型截骨术(LeFort)	手术费	手术收入	3.治疗类：(10)手术治疗费
HHF6U802	口内外联合入路额眶颧上颌雷弗特Ⅲ型截骨术	HHF83307	口内外联合入路额眶颧上颌雷弗特Ⅲ型截骨术	330607003	上颌雷弗特III型截骨术(LeFort)	手术费	手术收入	3.治疗类：(10)手术治疗费
HHF6W401	上颌骨全切术	HHF75301	上颌骨全切术	330605011	上颌骨全切术	手术费	手术收入	3.治疗类：(10)手术治疗费
HHF6X301	上颌骨扩大切除术	HHF77301	上颌骨扩大切除术	330605012	上颌骨扩大切除术	手术费	手术收入	3.治疗类：(10)手术治疗费
HHF7F401	上颌前牙骨段截骨后退术	HHF83308	上颌前牙骨段截骨后退术			手术费	手术收入	3.治疗类：(10)手术治疗费
HHF7H301	上颌骨雷弗特Ⅱ型/Ⅲ型骨折切开复位内固定术	HHF70303	上颌骨雷弗特Ⅱ型/Ⅲ型骨折切开复位内固定术	330608010	上颌骨骨折切开复位内固定术	手术费	手术收入	3.治疗类：(10)手术治疗费
HHF7H302	上颌骨粉碎性骨折切开复位内固定术					手术费	手术收入	3.治疗类：(10)手术治疗费
HHF7H401	上颌前部根尖下截骨前移术	HHF83309	上颌前部根尖下截骨前移术			手术费	手术收入	3.治疗类：(10)手术治疗费
HHF7H402	上颌骨骨折截骨复位内固定术	HHF70301	上颌骨骨折截骨复位内固定术			手术费	手术收入	3.治疗类：(10)手术治疗费
HHF7H403	上颌骨雷弗特Ⅰ型骨折切开复位内固定术	HHF70302	上颌骨雷弗特Ⅰ型骨折切开复位内固定术	330608010	上颌骨骨折切开复位内固定术	手术费	手术收入	3.治疗类：(10)手术治疗费
HHF7P301	口腔上颌窦瘘黏骨膜瓣转移修补术	HHF83301	口腔上颌窦瘘黏骨膜瓣转移修补术	330604014	口腔上颌窦瘘修补术	手术费	手术收入	3.治疗类：(10)手术治疗费
HHF7P401	上颌结节成形术	HHF83302	上颌结节成形术	330604013	上颌结节成形术	手术费	手术收入	3.治疗类：(10)手术治疗费
HHF7P402	上颌骨额突截骨整形术	HHF81301	上颌骨额突截骨整形术			手术费	手术收入	3.治疗类：(10)手术治疗费
HHF7P403	上颌骨缺损非血管化游离植骨修复术	HHF83303	上颌骨缺损游离植骨修复术	330608026	上颌骨缺损植骨修复术	手术费	手术收入	3.治疗类：(10)手术治疗费
HHF7P404	上颌骨骨皮质截骨扩弓术	HHF83311	上颌骨骨皮质截骨扩弓术			手术费	手术收入	3.治疗类：(10)手术治疗费
HHF7P801	上颌骨陈旧性骨折截骨整复术	HHF83313	上颌骨陈旧性骨折截骨整复术	330608027	上颌骨陈旧性骨折整复术	手术费	手术收入	3.治疗类：(10)手术治疗费
HHF7Q401	上颌骨缺损带蒂骨移植术	HHF89301	上颌骨缺损带蒂骨移植术	330608029	上颌骨缺损带蒂骨移植术	手术费	手术收入	3.治疗类：(10)手术治疗费
HHF7Q402	上颌骨缺损网托加松质骨移植术	HHF89304	上颌骨缺损网托加松质骨移植术	330608028	上颌骨缺损网托碎骨移植术	手术费	手术收入	3.治疗类：(10)手术治疗费
HHF7Q601	上颌骨缺损吻合血管骨移植修复术	HHF89302	上颌骨缺损吻合血管骨移植修复术	330606031	口腔颌面部骨缺损游离骨瓣移植修复术	手术费	手术收入	3.治疗类：(10)手术治疗费
HHF7Q602	上颌骨缺损吻合血管复合瓣移植修复术	HHF89303	上颌骨缺损吻合血管复合瓣移植修复术			手术费	手术收入	3.治疗类：(10)手术治疗费
HHG6K301	下颌骨畸形截骨外牵张器牵张成骨术	HHG83306	下颌骨畸形截骨外牵张器牵张成骨术	330607013	颌骨延长骨生成术	手术费	手术收入	3.治疗类：(10)手术治疗费
HHG6K302	下颌骨缺损替代物植入术	HHG89301	下颌骨缺损钛板重建术	330608024	下颌骨缺损钛板重建术	手术费	手术收入	3.治疗类：(10)手术治疗费
HHG6P301	口外入路下颌骨囊肿摘除术	HHG73301	口外入路下颌骨囊肿摘除术	330604024	颌骨囊肿摘除术	手术费	手术收入	3.治疗类：(10)手术治疗费
HHG6P302	下颌骨边缘性骨髓炎刮治术	HHG73302	下颌骨边缘性骨髓炎刮治术			手术费	手术收入	3.治疗类：(10)手术治疗费
HHG6P401	下颌骨肿瘤刮治术					手术费	手术收入	3.治疗类：(10)手术治疗费
HHG6P402	口内入路下颌骨囊肿刮治术	HHG73401	口内入路下颌骨囊肿摘除术	330604024	颌骨囊肿摘除术	手术费	手术收入	3.治疗类：(10)手术治疗费
HHG6U301	下颌全牙列根尖下截骨术	HHG83315	下颌全牙列根尖下截骨术	330607007	下颌根尖下截骨术	手术费	手术收入	3.治疗类：(10)手术治疗费
HHG6U302	口外入路下颌骨部分切除术	HHG73303	口外入路下颌骨部分切除术	330605005	下颌骨部分切除术	手术费	手术收入	3.治疗类：(10)手术治疗费
HHG6U303	半侧下颌骨切除术	HHG73304	半侧下颌骨切除术	330605006	下颌骨半侧切除术	手术费	手术收入	3.治疗类：(10)手术治疗费
HHG6U304	下颌骨大部切除术	HHG73305	下颌骨大部切除术	330605007	下颌骨扩大切除术	手术费	手术收入	3.治疗类：(10)手术治疗费
HHG6U305	下颌下缘去骨成形术	HHG73308	下颌下缘去骨成形术	330607008	下颌下缘去骨成形术	手术费	手术收入	3.治疗类：(10)手术治疗费
HHG6U306	口内入路下颌升支垂直截骨术	HHG83320	口内入路下颌升支垂直截骨术			手术费	手术收入	3.治疗类：(10)手术治疗费
HHG6U307	下颌角弧形截骨去骨术	HHG73307	下颌角弧形截骨去骨术			手术费	手术收入	3.治疗类：(10)手术治疗费
HHG6U308	下颌升支异型截骨术	HHG58301	下颌升支异型截骨术	330607005	下颌升支截骨术	手术费	手术收入	3.治疗类：(10)手术治疗费
HHG6U309	下颌升支矢状劈开截骨术	HHG83307	下颌升支矢状劈开截骨术			手术费	手术收入	3.治疗类：(10)手术治疗费
HHG6U310	口外入路下颌升支垂直截骨术	HHG83308	口外入路下颌升支垂直截骨术			手术费	手术收入	3.治疗类：(10)手术治疗费
HHG6U311	下颌体部截骨术	HHG83309	下颌体部截骨术	330607006	下颌体部截骨术	手术费	手术收入	3.治疗类：(10)手术治疗费
HHG6U312	下颌骨体后部截骨术	HHG83313	下颌骨体后部截骨术			手术费	手术收入	3.治疗类：(10)手术治疗费
HHG6U313	下颌骨体部阶梯状截骨术	HHG83314	下颌骨体部阶梯状截骨术			手术费	手术收入	3.治疗类：(10)手术治疗费
HHG6U401	口内入路冠突摘除术					手术费	手术收入	3.治疗类：(10)手术治疗费
HHG6U402	下颌后部根尖下截骨术	HHG83316	下颌后部根尖下截骨术	330607007	下颌根尖下截骨术	手术费	手术收入	3.治疗类：(10)手术治疗费
HHG6U403	口内入路下颌骨部分切除术	HHG73402	口内入路下颌骨部分切除术	330605005	下颌骨部分切除术	手术费	手术收入	3.治疗类：(10)手术治疗费
HHG6U404	下颌前部根尖下截骨术	HHG83312	下颌前部根尖下截骨术	330607007	下颌根尖下截骨术	手术费	手术收入	3.治疗类：(10)手术治疗费
HHG6V301	下颌骨体前部垂直截骨颌骨畸形矫正术	HHG83311	下颌骨体前部垂直截骨颌骨畸形矫正术			手术费	手术收入	3.治疗类：(10)手术治疗费
HHG6W301	全下颌骨切除术	HHG75301	全下颌骨切除术	330605007	下颌骨扩大切除术	手术费	手术收入	3.治疗类：(10)手术治疗费
HHG7F301	下颌骨骨皮质打磨术	HHG81301	下颌骨骨质打磨术			手术费	手术收入	3.治疗类：(10)手术治疗费
HHG7F302	下颌角肥大打磨术	HHG81303	下颌角打磨术下颌角肥大打磨术			手术费	手术收入	3.治疗类：(10)手术治疗费
HHG7G301	下颌骨外板劈开植骨增宽术	HHG83310	下颌骨外板劈开植骨增宽术			手术费	手术收入	3.治疗类：(10)手术治疗费
HHG7H301	下颌骨陈旧性骨折截骨再复位固定术	HHG70301	下颌骨陈旧性骨折截骨再复位固定术	330608025	下颌骨陈旧性骨折整复术	手术费	手术收入	3.治疗类：(10)手术治疗费
HHG7H401	口内入路下颌骨骨折切开复位内固定术	HHG70302	口内入路下颌骨骨折切开复位内固定术	330608009	下颌骨骨折切开复位内固定术	手术费	手术收入	3.治疗类：(10)手术治疗费
HHG7M301	口外入路下颌骨骨折内固定术	HHG71301	口外入路下颌骨骨折内固定术			手术费	手术收入	3.治疗类：(10)手术治疗费
HHG7P301	下颌骨缺损游离植骨修复术	HHG83301	下颌骨缺损游离植骨修复术	330608020	下颌骨缺损植骨修复术	手术费	手术收入	3.治疗类：(10)手术治疗费
HHG7P302	下颌骨缺损修复体植入修复术	HHG83302	下颌骨缺损修复体植入修复术			手术费	手术收入	3.治疗类：(10)手术治疗费
HHG7P303	带血管游离骨复合组织瓣移植下颌骨缺损修复术	HHG83303	带血管游离骨复合组织瓣移植下颌骨缺损修复术	330609006	带血管游离骨移植颌骨重建术	手术费	手术收入	3.治疗类：(10)手术治疗费
HHG7P304	下颌骨缺损牵张成骨修复术	HHG83305	下颌骨缺损牵张成骨修复术			手术费	手术收入	3.治疗类：(10)手术治疗费
HHG7P305	口内入路下颌升支矢状劈开颌骨畸形矫正术	HHG83319	口内入路下颌升支矢状劈开颌骨畸形矫正术			手术费	手术收入	3.治疗类：(10)手术治疗费
HHG7P306	下颌角嚼肌肥大畸形矫正术	HHG83317	下颌角嚼肌肥大畸形矫正术	330607010	下颌角嚼肌肥大畸形矫正术	手术费	手术收入	3.治疗类：(10)手术治疗费
HHG7P401	口内入路下颌骨不对称畸形材料衬垫矫正术	HHG83318	口内入路下颌骨不对称畸形材料衬垫矫正术			手术费	手术收入	3.治疗类：(10)手术治疗费
HHG7Q301	下颌骨缺损网托加松质骨移植术	HHG89302	下颌骨缺损网托加松质骨移植术	330608021	下颌骨缺损网托碎骨移植术	手术费	手术收入	3.治疗类：(10)手术治疗费
HHG7Q302	下颌骨缺损带蒂骨移植术	HHG89303	下颌骨缺损带蒂骨移植术	330608022	下颌骨缺损带蒂骨移植术	手术费	手术收入	3.治疗类：(10)手术治疗费
HHG7Q303	下颌骨缺损带血管蒂游离骨瓣移植术	HHG89304	下颌骨缺损带血管蒂游离骨瓣移植术	330608023	下颌骨缺损带血管蒂游离复合瓣移植术	手术费	手术收入	3.治疗类：(10)手术治疗费
HHG7S301	下颌骨外板切取术	HHG60301	下颌骨外板切取术	330605005	下颌骨部分切除术	手术费	手术收入	3.治疗类：(10)手术治疗费
		HHG81302	下颌角肥大二次修整术			手术费	手术收入	3.治疗类：(10)手术治疗费
				330609005	游离骨移植颌骨重建术	手术费	手术收入	3.治疗类：(10)手术治疗费
		HHG83304	下颌骨陈旧性骨折截骨植骨整复术	330608025	下颌骨陈旧性骨折整复术	手术费	手术收入	3.治疗类：(10)手术治疗费
				330605008	下颌骨缺损钛板即刻植入术	手术费	手术收入	3.治疗类：(10)手术治疗费
HHH	颞部							
HHH6J101	自体脂肪注射颞部充填术	HHH62301	自体脂肪注射颞部充填术	331604003	隆颞术	手术费	手术收入	3.治疗类：(10)手术治疗费
HHH6J301	假体置入颞部充填术	HHH82301	假体置入颞部充填术			手术费	手术收入	3.治疗类：(10)手术治疗费
HHH6N301	颞部假体取出术	HHH64301	颞部假体取出术			手术费	手术收入	3.治疗类：(10)手术治疗费
HHH6N302	颞部液态人工材料取出术	HHH64302	颞部注射性填充物取出术			手术费	手术收入	3.治疗类：(10)手术治疗费
HHH6R301	经迷路岩尖引流术	HHH45301	经迷路岩尖引流术	330503012	经迷路岩尖引流术	手术费	手术收入	3.治疗类：(10)手术治疗费
HHH6R302	经中颅窝岩尖引流术	HHH45302	经中颅窝岩尖引流术	330503013	经中颅窝岩尖引流术	手术费	手术收入	3.治疗类：(10)手术治疗费
HHH6R601	经耳内镜迷路岩尖引流术					手术费	手术收入	3.治疗类：(10)手术治疗费
HHH6R602	经耳内镜中颅窝岩尖引流术					手术费	手术收入	3.治疗类：(10)手术治疗费
HHH6U301	颈部入路茎突过长切除术	HHH73302	颈部入路茎突过长切除术	330606040	经颈部茎突过长切除术	手术费	手术收入	3.治疗类：(10)手术治疗费
HHH6U302	颞部肿物切除术	HHH73301	颞部肿物切除术	330605025	颞部肿物切除术	手术费	手术收入	3.治疗类：(10)手术治疗费
HHH6U303	颞骨外侧切除术	HHH73303	颞骨部分切除术	330503014	颞骨部分切除术	手术费	手术收入	3.治疗类：(10)手术治疗费
HHH6U304	颞骨次全切术	HHH73304	颞骨次全切术	330503015	颞骨次全切除术	手术费	手术收入	3.治疗类：(10)手术治疗费
HHH6U305	经迷路岩骨胆脂瘤切除术	HHH73305	经迷路岩部胆脂瘤切除术	330503010	经迷路岩部胆脂瘤切除术	手术费	手术收入	3.治疗类：(10)手术治疗费
HHH6U306	经中颅窝岩骨胆脂瘤切除术	HHH73306	经中颅窝岩部胆脂瘤切除术	330503011	经中颅窝岩部胆脂瘤切除术	手术费	手术收入	3.治疗类：(10)手术治疗费
HHH6U401	口内入路茎突过长切除术	HHH73401	口内入路茎突过长切除术	330606041	经口茎突过长切除术	手术费	手术收入	3.治疗类：(10)手术治疗费
HHH6U601	经耳内镜颞骨外侧切除术					手术费	手术收入	3.治疗类：(10)手术治疗费
HHH6U602	经耳内镜颞骨次全切术					手术费	手术收入	3.治疗类：(10)手术治疗费
HHH6U603	经耳内镜中颅窝岩骨胆脂瘤切除术					手术费	手术收入	3.治疗类：(10)手术治疗费
HHH6U604	经耳内镜迷路岩骨胆脂瘤切除术					手术费	手术收入	3.治疗类：(10)手术治疗费
		HHH75301	颞骨全切术	330503016	颞骨全切术	手术费	手术收入	3.治疗类：(10)手术治疗费
HHH7P301	颞部除皱术					手术费	手术收入	3.治疗类：(10)手术治疗费
HHH7S301	颞肌筋膜瓣切取术	HHH60301	颞肌筋膜瓣切取术	330606034	口腔颌面部缺损颞肌筋膜瓣修复术	手术费	手术收入	3.治疗类：(10)手术治疗费
HHJ	颞下颌关节							
HHJ1A501	颞下颌关节内镜检查	FHJ01601	颞下颌关节内镜检查	310506002	颞颌关节镜检查	手术费	手术收入	3.治疗类：(10)手术治疗费
HHJ6L301	颞下颌关节置换术	HHJ66301	颞下颌关节置换术			手术费	手术收入	3.治疗类：(10)手术治疗费
HHJ6U301	髁突陈旧性骨折髁状突摘除术	HHJ73303	髁突陈旧性骨折髁状突摘除术	330608007	髁状突陈旧性骨折整复术	手术费	手术收入	3.治疗类：(10)手术治疗费
HHJ6U302	髁突粉碎性骨折骨折片摘除术	HHJ73304	髁突粉碎性骨折骨折片摘除术			手术费	手术收入	3.治疗类：(10)手术治疗费
HHJ6U303	髁状突良性肿物切除术	HHJ73301	髁状突良性肿物切除术	330605024	髁状突肿物切除术	手术费	手术收入	3.治疗类：(10)手术治疗费
HHJ6U304	髁状突高位切除术	HHJ73302	髁状突高位切除术	330607016	髁状突高位切除术	手术费	手术收入	3.治疗类：(10)手术治疗费
HHJ6U305	颞下颌关节盘摘除术	HHJ73305	颞下颌关节盘摘除术	330607015	颞下颌关节盘手术	手术费	手术收入	3.治疗类：(10)手术治疗费
HHJ6V401	髁突陈旧骨折错位升支截骨矫正术	HHJ83302	髁突陈旧骨折错位升支截骨矫正术	330608007	髁状突陈旧性骨折整复术	手术费	手术收入	3.治疗类：(10)手术治疗费
HHJ6X301	髁状突恶性肿物扩大切除术	HHJ77301	髁状突恶性肿物扩大切除术	330605024	髁状突肿物切除术	手术费	手术收入	3.治疗类：(10)手术治疗费
HHJ7H301	髁突陈旧性骨折复位内固定术	HHJ70301	髁突陈旧性骨折复位内固定术	330608007	髁状突陈旧性骨折整复术	手术费	手术收入	3.治疗类：(10)手术治疗费
HHJ7H302	髁突骨折切开复位内固定术	HHJ70302	髁突骨折切开复位内固定术	330608008	髁状突骨折切开复位内固定术	手术费	手术收入	3.治疗类：(10)手术治疗费
HHJ7H303	颞下颌关节切开复位术					手术费	手术收入	3.治疗类：(10)手术治疗费
HHJ7M301	颞下颌关节盘复位固定术	HHJ71301	颞下颌关节盘复位固定术	330607015	颞下颌关节盘手术	手术费	手术收入	3.治疗类：(10)手术治疗费
HHJ7M601	经关节镜颞下颌关节盘复位固定术	HHJ71601	关节镜下颞下颌关节盘复位固定术			手术费	手术收入	3.治疗类：(10)手术治疗费
HHJ7P301	颞下颌关节成形术	HHJ83303	颞下颌关节成形术	330607017	颞下颌关节成形术	手术费	手术收入	3.治疗类：(10)手术治疗费
HHJ7P302	颞下颌关节盘修复术					手术费	手术收入	3.治疗类：(10)手术治疗费
HHJ7Q301	髁突骨球截除血管化骨移植重建术	HHJ83301	髁突骨球截除血管化骨移植重建术			手术费	手术收入	3.治疗类：(10)手术治疗费
HHJ7Q302	颞下颌关节成形加游离植骨重建术	HHJ89301	颞下颌关节成形加游离植骨重建术			手术费	手术收入	3.治疗类：(10)手术治疗费
HHJ7Z501	经关节镜颞下颌手术治疗	HHJ99501	颞下颌关节镜手术治疗	310516004	关节镜手术治疗	手术费	手术收入	3.治疗类：(10)手术治疗费
HHK	颏部							
HHK6J401	隆颏术	HHK62301	隆颏术	331604008	隆颏术	手术费	手术收入	3.治疗类：(10)手术治疗费
HHK6L401	颏部假体置换术	HHK66301	颏部假体置换术			手术费	手术收入	3.治疗类：(10)手术治疗费
HHK6N401	颏部假体取出术	HHK64301	颏部假体取出术			手术费	手术收入	3.治疗类：(10)手术治疗费
HHK6T401	颏部截骨前徙舌骨下肌群切断术	HHK58301	颏部截骨前徙舌骨下肌群切断术			手术费	手术收入	3.治疗类：(10)手术治疗费
HHK7F301	颏部骨质磨削术	HHK81301	颏部骨质打磨术			手术费	手术收入	3.治疗类：(10)手术治疗费
HHK7M401	颏部截骨前徙舌骨悬吊术	HHK83306	颏部截骨前徙舌骨悬吊术	330607012	颏部截骨前徙舌骨悬吊术	手术费	手术收入	3.治疗类：(10)手术治疗费
HHK7P401	水平截骨颏成形术	HHK83301	水平截骨颏成形术	330607011	水平截骨颏成形术	手术费	手术收入	3.治疗类：(10)手术治疗费
HHK7P402	水平截骨自体/人工骨移植颏成形术	HHK83302	水平截骨自体(人工)骨移植颏成形术			手术费	手术收入	3.治疗类：(10)手术治疗费
HHK7P403	颏水平截骨植骨成形术	HHK83303	颏水平截骨植骨成形术			手术费	手术收入	3.治疗类：(10)手术治疗费
HHK7P404	颏部衬垫术	HHK83304	颏部衬垫术			手术费	手术收入	3.治疗类：(10)手术治疗费
HHK7P405	阶梯式颏成形术	HHK83305	阶梯式颏成形术			手术费	手术收入	3.治疗类：(10)手术治疗费
HHK7S401	颏部及下颌外斜嵴取骨术	HHK60301	颏部及下颌外斜嵴取骨术			手术费	手术收入	3.治疗类：(10)手术治疗费
HHL	唾液腺							
HHL6P401	颌下腺导管探查取石术	HHL65302	颌下腺导管探查取石术	330605032	涎腺导管结石取石术	手术费	手术收入	3.治疗类：(10)手术治疗费
HHL6P402	腮腺导管结石取出术	HHL65301	腮腺导管结石取出术			手术费	手术收入	3.治疗类：(10)手术治疗费
HHL6U301	颌下腺摘除术	HHL73305	颌下腺摘除术	330605036	颌下腺切除术	手术费	手术收入	3.治疗类：(10)手术治疗费
HHL6U302	颌下腺良性肿物切除术					手术费	手术收入	3.治疗类：(10)手术治疗费
HHL6U303	腮腺浅叶肿物切除术	HHL73302	腮腺浅叶肿物切除术	330605027	腮腺浅叶肿物切除术	手术费	手术收入	3.治疗类：(10)手术治疗费
HHL6U304	腮腺部分切除术	HHL73303	腮腺部分切除术			手术费	手术收入	3.治疗类：(10)手术治疗费
HHL6U305	腮腺咬肌区静脉畸形切除术	HHL73304	腮腺咬肌区静脉畸形切除术	330605020	口腔颌面部巨大血管瘤淋巴管瘤切除术	手术费	手术收入	3.治疗类：(10)手术治疗费
HHL6U401	舌下腺囊肿袋形术	HHL73306	舌下腺囊肿袋形术	330605035	舌下腺囊肿袋形术	手术费	手术收入	3.治疗类：(10)手术治疗费
HHL6U402	舌下腺摘除术	HHL73307	舌下腺摘除术	330605034	舌下腺切除术	手术费	手术收入	3.治疗类：(10)手术治疗费
HHL6V301	涎腺瘘切除导管重建术	HHL74301	涎腺瘘切除导管重建术	330605004	涎腺瘘切除修复术	手术费	手术收入	3.治疗类：(10)手术治疗费
HHL6W301	腮腺全切术	HHL73308	腮腺全切除术	330605028	腮腺全切除术	手术费	手术收入	3.治疗类：(10)手术治疗费
HHL6W302	腮腺深叶切除术					手术费	手术收入	3.治疗类：(10)手术治疗费
HHL6X301	颌下腺恶性肿物扩大切除术					手术费	手术收入	3.治疗类：(10)手术治疗费
HHL6X302	腮腺恶性肿瘤扩大切除术	HHL77301	腮腺恶性肿瘤扩大切除术	330605029	腮腺恶性肿物扩大切除术	手术费	手术收入	3.治疗类：(10)手术治疗费
				330604023	牙齿萌出囊肿袋形术	手术费	手术收入	3.治疗类：(10)手术治疗费
HHL7D301	涎腺瘘切除导管结扎术	HHL73301	涎腺瘘切除导管结扎术	330605004	涎腺瘘切除修复术	手术费	手术收入	3.治疗类：(10)手术治疗费
HHL7D401	腮腺导管结扎术					手术费	手术收入	3.治疗类：(10)手术治疗费
HHL7J401	下颌下腺导管口转位术					手术费	手术收入	3.治疗类：(10)手术治疗费
HHL7K301	腮腺导管断裂吻合术	HHL86301	腮腺导管断裂吻合术	330605004	涎腺瘘切除修复术	手术费	手术收入	3.治疗类：(10)手术治疗费
HHL7Q301	颌下腺移植术	HHL89302	颌下腺移植术	330605003	颌下腺移植术	手术费	手术收入	3.治疗类：(10)手术治疗费
HHL7Q302	腮腺导管缺损静脉移植修复术	HHL89301	腮腺导管缺损静脉移植修复术	330605004	涎腺瘘切除修复术	手术费	手术收入	3.治疗类：(10)手术治疗费
HHL7Q401	小唾液腺自体移植术					手术费	手术收入	3.治疗类：(10)手术治疗费
HHM-HHW	2.口腔							
HHM	口腔							
HHM6P301	口外入路口底皮样囊肿摘除术	HHM73304	口外入路口底皮样囊肿摘除术	330605018	口底皮样囊肿摘除术	手术费	手术收入	3.治疗类：(10)手术治疗费
HHM6P401	口底黏液囊肿摘除术	HHM73303	口底粘液囊肿摘除术			手术费	手术收入	3.治疗类：(10)手术治疗费
HHM6P402	口内入路口底皮样囊肿摘除术	HHM73401	口内入路口底皮样囊肿摘除术	330605018	口底皮样囊肿摘除术	手术费	手术收入	3.治疗类：(10)手术治疗费
HHM6P801	口内外联合入路口底皮样囊肿摘除术	HHM73305	口内外联合入路口底皮样囊肿摘除术			手术费	手术收入	3.治疗类：(10)手术治疗费
HHM6R301	口底颌下脓肿切开引流术	HHM45302	口底颌下脓肿切开引流术			手术费	手术收入	3.治疗类：(10)手术治疗费
HHM6U401	口腔黏膜小肿物切除术	HHM73301	口腔黏膜小肿物切除术			手术费	手术收入	3.治疗类：(10)手术治疗费
HHM6U402	口内黏膜下黏液囊肿切除术	HHM73302	口内黏膜下粘液囊肿切除术			手术费	手术收入	3.治疗类：(10)手术治疗费
HHM6U403	口咽部肿物局部切除术	HHM73306	口咽部肿物局部切除术	330605022	口咽部恶性肿物局部扩大切除术	手术费	手术收入	3.治疗类：(10)手术治疗费
HHM6X301	口底恶性肿瘤扩大切除术	HHM77302	口底恶性肿瘤扩大切除术	330605019	口底恶性肿物局部扩大切除术	手术费	手术收入	3.治疗类：(10)手术治疗费
HHM6X801	口内外联合入路口咽部肿瘤扩大切除术	HHM77301	口内外联合入路口咽部肿瘤扩大切除术	330605022	口咽部恶性肿物局部扩大切除术	手术费	手术收入	3.治疗类：(10)手术治疗费
HHM7N101	睡眠呼吸暂停综合征射频消融术	HHM72101	睡眠呼吸暂停综合征射频消融术	330604028	睡眠呼吸暂停综合症射频温控消融治疗术	手术费	手术收入	3.治疗类：(10)手术治疗费
HHM7P401	口鼻前庭瘘修补术	HHM83302	口鼻腔前庭瘘修补术	330606026	口鼻腔前庭瘘修补术	手术费	手术收入	3.治疗类：(10)手术治疗费
HHM7P402	前庭沟加深术	HHM83303	前庭沟加深术			手术费	手术收入	3.治疗类：(10)手术治疗费
HHM7Q401	腭黏膜游离移植术	HHM89301	腭黏膜游离移植术			手术费	手术收入	3.治疗类：(10)手术治疗费
HHM7S401	口腔黏膜切取术	HHM60301	口腔黏膜切取术			手术费	手术收入	3.治疗类：(10)手术治疗费
HHN	唇							
HHN6J101	自体脂肪注射鼻唇沟填充术	HHN62301	脂肪注射鼻唇沟填充术			手术费	手术收入	3.治疗类：(10)手术治疗费
HHN6U301	唇瘘切除术	HHN73301	唇瘘切除术	330606009	唇畸形矫正术	手术费	手术收入	3.治疗类：(10)手术治疗费
HHN6U302	厚唇切除术	HHN73302	厚唇切除术			手术费	手术收入	3.治疗类：(10)手术治疗费
HHN6U303	唇部肿物局部切除术	HHN73303	唇部肿物局部切除术			手术费	手术收入	3.治疗类：(10)手术治疗费
HHN6U304	唇部恶性肿物切除术	HHN73304	唇部恶性肿物切除术			手术费	手术收入	3.治疗类：(10)手术治疗费
HHN6X301	唇部恶性肿物扩大切除术	HHN77301	唇部恶性肿物扩大切除术			手术费	手术收入	3.治疗类：(10)手术治疗费
HHN7G301	口角开大术	HHN82301	口角开大术	330606009	唇畸形矫正术	手术费	手术收入	3.治疗类：(10)手术治疗费
HHN7J301	交叉唇瓣(Abbes'瓣)断蒂术	HHN89301	交叉唇瓣(Abbes'瓣)断蒂术	330606010	唇缺损修复术	手术费	手术收入	3.治疗类：(10)手术治疗费
HHN7M301	唇粘连术	HHN59301	唇粘连术			手术费	手术收入	3.治疗类：(10)手术治疗费
HHN7P301	厚唇重唇矫正术	HHN83307	厚唇重唇矫正术	330606009	唇畸形矫正术	手术费	手术收入	3.治疗类：(10)手术治疗费
HHN7P302	薄唇矫正术	HHN83308	薄唇矫正术			手术费	手术收入	3.治疗类：(10)手术治疗费
HHN7P303	唇瘢痕切除整形术	HHN83309	唇瘢痕切除整形术			手术费	手术收入	3.治疗类：(10)手术治疗费
HHN7P304	口哨唇矫正术	HHN83310	口哨唇矫正术			手术费	手术收入	3.治疗类：(10)手术治疗费
HHN7P305	部分唇缺损局部组织瓣修复术	HHN83313	部分唇缺损局部组织瓣修复术	330606010	唇缺损修复术	手术费	手术收入	3.治疗类：(10)手术治疗费
HHN7P306	唇缺损皮管修复术	HHN83315	唇缺损皮管修复术			手术费	手术收入	3.治疗类：(10)手术治疗费
HHN7P307	唇缺损交叉唇瓣修复术	HHN83317	唇缺损交叉唇瓣修复术			手术费	手术收入	3.治疗类：(10)手术治疗费
HHN7P308	唇瘘修补术					手术费	手术收入	3.治疗类：(10)手术治疗费
HHN7P309	唇弓不齐矫正术	HHN83306	唇弓不齐矫正术	330606009	唇畸形矫正术	手术费	手术收入	3.治疗类：(10)手术治疗费
HHN7P310	单侧唇裂术后继发唇畸形矫正术	HHN83311	单侧唇裂术后继发唇畸形矫正术			手术费	手术收入	3.治疗类：(10)手术治疗费
HHN7P311	双侧唇裂术后继发唇畸形矫正术	HHN83312	双侧唇裂术后继发唇畸形矫正术			手术费	手术收入	3.治疗类：(10)手术治疗费
HHN7P312	唇正中裂修复术	HHN83318	唇正中裂修复术	330606011	单侧不完全唇裂修复术	手术费	手术收入	3.治疗类：(10)手术治疗费
HHN7P313	单侧隐性唇裂修复术	HHN83319	单侧唇皮下裂修复术			手术费	手术收入	3.治疗类：(10)手术治疗费
HHN7P314	单侧Ⅰ度唇裂修复术	HHN83320	单侧Ⅰ度唇裂修复术			手术费	手术收入	3.治疗类：(10)手术治疗费
HHN7P315	单侧Ⅱ度唇裂修复术	HHN83321	单侧Ⅱ度唇裂修复术			手术费	手术收入	3.治疗类：(10)手术治疗费
HHN7P316	单侧Ⅱ度唇裂修复+鼻畸形修复术	HHN83322	单侧Ⅱ度唇裂修复+鼻畸形修复术			手术费	手术收入	3.治疗类：(10)手术治疗费
HHN7P317	双侧Ⅰ度唇裂修复术	HHN83323	双侧Ⅰ度唇裂修复术			手术费	手术收入	3.治疗类：(10)手术治疗费
HHN7P318	双侧Ⅱ度唇裂修复+鼻畸形修复术	HHN83324	双侧Ⅱ度唇裂修复+鼻畸形修复术			手术费	手术收入	3.治疗类：(10)手术治疗费
HHN7P319	双侧Ⅲ度唇裂修复+鼻畸形修复术	HHN83325	双侧Ⅲ度唇裂修复+鼻畸形修复术			手术费	手术收入	3.治疗类：(10)手术治疗费
HHN7P320	单侧Ⅲ度唇裂修复+鼻畸形修复术	HHN83326	单侧Ⅲ度唇裂修复+鼻畸形修复术	330606012	单侧完全唇裂修复术	手术费	手术收入	3.治疗类：(10)手术治疗费
HHN7P321	唇珠成形术	HHN83304	唇珠成形术			手术费	手术收入	3.治疗类：(10)手术治疗费
HHN7P322	大口畸形矫正术	HHN83305	大口畸形矫正术	330606009	唇畸形矫正术	手术费	手术收入	3.治疗类：(10)手术治疗费
HHN7P323	全唇缺损局部组织瓣修复术	HHN83316	全唇缺损局部组织瓣修复术	330606010	唇缺损修复术	手术费	手术收入	3.治疗类：(10)手术治疗费
HHN7P324	人中成形术	HHN83303	人中沟成形术			手术费	手术收入	3.治疗类：(10)手术治疗费
HHN7P325	上唇缺损鼻唇沟瓣修复术	HHN83314	上唇缺损鼻唇沟瓣修复术	330606010	唇缺损修复术	手术费	手术收入	3.治疗类：(10)手术治疗费
HHN7P401	唇颊沟加深术	HHN83302	唇颊沟加深术	330604016	唇颊沟加深术	手术费	手术收入	3.治疗类：(10)手术治疗费
HHN7P402	唇系带修整术	HHN83301	唇系带成形术	330606001	系带成形术	手术费	手术收入	3.治疗类：(10)手术治疗费
HHN7Q301	唇外翻畸形矫正+皮片移植术	HHN89303	唇外翻畸形矫正皮片移植术	331604006	唇外翻矫正术	手术费	手术收入	3.治疗类：(10)手术治疗费
HHN7Q302	唇外翻畸形矫正+局部皮瓣转移修复术	HHN89304	唇外翻畸形矫正局部皮瓣转移修复术			手术费	手术收入	3.治疗类：(10)手术治疗费
				331604005	小口畸形矫正术	手术费	手术收入	3.治疗类：(10)手术治疗费
HHP	颊							
HHP6U301	颊脂垫切除术	HHP73302	颊脂垫切除术			手术费	手术收入	3.治疗类：(10)手术治疗费
HHP6U302	口外入路颊部肿物切除术	HHP73303	口外入路颊部肿物切除术	330605017	颊部恶性肿物局部扩大切除术	手术费	手术收入	3.治疗类：(10)手术治疗费
HHP6U303	嚼肌部分切除术	HHP73301	嚼肌部分切除术			手术费	手术收入	3.治疗类：(10)手术治疗费
HHP6X401	口内入路颊部恶性肿物扩大切除术	HHP77401	口内入路颊部恶性肿物扩大切除术	330605017	颊部恶性肿物局部扩大切除术	手术费	手术收入	3.治疗类：(10)手术治疗费
HHP7P301	颊部洞穿性损伤修复术	HHP83301	颊部洞穿性损伤修复术			手术费	手术收入	3.治疗类：(10)手术治疗费
HHP7P302	颊系带修整术	HHP83302	颊系带成形术	330606001	系带成形术	手术费	手术收入	3.治疗类：(10)手术治疗费
HHQ	舌							
HHQ6U301	舌骨上入路舌根部肿瘤切除术	HHQ73301	舌骨上进路舌根部肿瘤切除术	330605016	舌根部肿瘤切除术	手术费	手术收入	3.治疗类：(10)手术治疗费
HHQ6U302	正中入路舌根肿瘤切除术	HHQ73302	正中进路舌根肿瘤切除术			手术费	手术收入	3.治疗类：(10)手术治疗费
HHQ6U401	舌肿物切除术	HHQ73401	舌肿物切除术			手术费	手术收入	3.治疗类：(10)手术治疗费
HHQ6U402	半舌切除术	HHQ73402	半舌切除术			手术费	手术收入	3.治疗类：(10)手术治疗费
HHQ6U601	内镜辅助下经支撑喉镜舌根肿物切除术					手术费	手术收入	3.治疗类：(10)手术治疗费
HHQ6W401	全舌切除术	HHQ75401	全舌切除术			手术费	手术收入	3.治疗类：(10)手术治疗费
HHQ6X401	舌恶性肿物扩大切除术	HHQ77401	舌恶性肿物扩大切除术	330605015	舌恶性肿物切除术	手术费	手术收入	3.治疗类：(10)手术治疗费
HHQ7M301	舌根牵引伴舌骨悬吊术					手术费	手术收入	3.治疗类：(10)手术治疗费
HHQ7P401	巨舌畸形矫正术	HHQ83402	巨舌畸形矫正术	330606002	巨舌畸形矫正术	手术费	手术收入	3.治疗类：(10)手术治疗费
HHQ7P402	局部皮瓣舌整形术	HHQ83403	局部皮瓣舌整形术			手术费	手术收入	3.治疗类：(10)手术治疗费
HHQ7P403	舌系带修整术	HHQ83401	舌系带成形术	330606001	系带成形术	手术费	手术收入	3.治疗类：(10)手术治疗费
HHQ7Q401	带蒂复合组织瓣舌再造术	HHQ89401	带蒂复合组织瓣舌再造术			手术费	手术收入	3.治疗类：(10)手术治疗费
HHQ7Q402	血管化组织瓣舌再造术	HHQ89402	血管化组织瓣舌再造术			手术费	手术收入	3.治疗类：(10)手术治疗费
HHR	腭							
HHR6U301	腭部良性肿物切除术	HHR73301	腭部良性肿物切除术			手术费	手术收入	3.治疗类：(10)手术治疗费
HHR6X301	腭部恶性肿瘤扩大切除术	HHR77301	腭部恶性肿瘤扩大切除术	330605023	腭部肿物局部扩大切除术	手术费	手术收入	3.治疗类：(10)手术治疗费
HHR7E401	软腭支架置入术					手术费	手术收入	3.治疗类：(10)手术治疗费
HHR7F401	腭帆缩短术	HHR81303	腭帆缩短术	330606005	腭帆缩短术	手术费	手术收入	3.治疗类：(10)手术治疗费
HHR7F402	悬雍垂缩短术	HHR81302	悬雍垂缩短术	330606007	悬雍垂缩短术	手术费	手术收入	3.治疗类：(10)手术治疗费
HHR7H401	腭咽上提术					手术费	手术收入	3.治疗类：(10)手术治疗费
HHR7H402	软腭前移术	HHR88401	软腭前移术			手术费	手术收入	3.治疗类：(10)手术治疗费
HHR7H601	经喉内镜软腭前移术					手术费	手术收入	3.治疗类：(10)手术治疗费
HHR7P401	腭弓成形术	HHR83308	腭弓成形术	330606004	腭弓成形术	手术费	手术收入	3.治疗类：(10)手术治疗费
HHR7P402	Ⅰ度腭裂修复术	HHR83310	Ⅰ度腭裂修复术	330606014	Ⅰ°腭裂兰氏修复术	手术费	手术收入	3.治疗类：(10)手术治疗费
HHR7P403	Ⅱ度腭裂修复术	HHR83311	Ⅱ度腭裂修复术	330606015	II°腭裂兰氏修复术	手术费	手术收入	3.治疗类：(10)手术治疗费
HHR7P404	Ⅲ度腭裂修复术	HHR83312	Ⅲ度腭裂修复术	330606016	III°腭裂兰氏修复术	手术费	手术收入	3.治疗类：(10)手术治疗费
HHR7P405	反向双“Z”腭裂修复术	HHR83313	反向双“Z”腭裂修复术	330606017	反向双“Z“腭裂修复术	手术费	手术收入	3.治疗类：(10)手术治疗费
HHR7P406	单瓣后退腭裂修复术	HHR83314	单瓣后退腭裂修复术	330606018	单瓣二瓣后退腭裂修复术	手术费	手术收入	3.治疗类：(10)手术治疗费
HHR7P407	颊肌黏膜瓣转移腭裂修复术	HHR83315	颊肌黏膜瓣转移腭裂修复术			手术费	手术收入	3.治疗类：(10)手术治疗费
HHR7P408	萨氏腭裂修复术	HHR83316	萨氏微创腭裂修复术			手术费	手术收入	3.治疗类：(10)手术治疗费
HHR7P409	腭瘘修复术	HHR83317	腭瘘修复术	330606039	腭瘘修补术	手术费	手术收入	3.治疗类：(10)手术治疗费
HHR7P410	颊肌黏膜瓣转移腭瘘修复术	HHR83318	颊肌黏膜瓣转移腭瘘修复术			手术费	手术收入	3.治疗类：(10)手术治疗费
HHR7P411	腭咽环扎腭裂修复术	HHR81301	腭咽环扎腭裂修复术	330606019	腭咽环扎腭裂修复术	手术费	手术收入	3.治疗类：(10)手术治疗费
HHR7P412	伸踇短肌游离移植+腭咽环扎成形术	HHR81304	伸母短肌游离腭咽环扎成形术			手术费	手术收入	3.治疗类：(10)手术治疗费
HHR7P413	腭咽成形术	HHR83302	腭咽成形术	330606006	腭咽成形术	手术费	手术收入	3.治疗类：(10)手术治疗费
HHR7P414	T形瓣上提腭咽成形术	HHR83304	T形瓣上提腭咽成形术			手术费	手术收入	3.治疗类：(10)手术治疗费
HHR7P415	颊肌黏膜瓣转移+腭咽成形术	HHR83305	颊肌黏膜瓣转移+腭咽成形术			手术费	手术收入	3.治疗类：(10)手术治疗费
HHR7P416	腭咽肌瓣成形术	HHR83306	腭咽肌瓣成形术	330606021	腭咽肌瓣成形术	手术费	手术收入	3.治疗类：(10)手术治疗费
HHR7P417	腭咽过度闭合矫正术	HHR83309	腭咽过度闭合矫正术			手术费	手术收入	3.治疗类：(10)手术治疗费
HHR7P418	悬雍垂-腭-咽成形术	HHR83307	悬雍垂腭咽成形术	330606008	悬雍垂腭咽成形术(UPPP)	手术费	手术收入	3.治疗类：(10)手术治疗费
HHR7P419	咽腭弓成形术	HHR83301	咽腭弓成形术			手术费	手术收入	3.治疗类：(10)手术治疗费
HHR7P420	咽后壁瓣腭咽成形术	HHR83303	咽后壁瓣腭咽成形术			手术费	手术收入	3.治疗类：(10)手术治疗费
HHR7P601	经喉内镜咽腭弓成形术					手术费	手术收入	3.治疗类：(10)手术治疗费
HHR7P602	经喉内镜腭咽成形术					手术费	手术收入	3.治疗类：(10)手术治疗费
HHS-HHV	牙							
HHS6P401	微创复杂牙拔除术	HHS65307	微创复杂牙拔除术	330604005	复杂牙拔除术	手术费	手术收入	3.治疗类：(10)手术治疗费
HHS6P402	弓外牙拔除术	HHS65308	弓外牙拔除术			手术费	手术收入	3.治疗类：(10)手术治疗费
HHS6P403	骨融合牙拔除术	HHS65306	骨融合牙拔除术			手术费	手术收入	3.治疗类：(10)手术治疗费
HHS6P404	恒前牙拔除术	HHS65302	恒前牙拔除术	330604002	前牙拔除术	手术费	手术收入	3.治疗类：(10)手术治疗费
HHS6P405	恒前磨牙拔除术	HHS65303	恒前磨牙拔除术	330604003	前磨牙拔除术	手术费	手术收入	3.治疗类：(10)手术治疗费
HHS6P406	恒磨牙拔除术	HHS65304	恒磨牙拔除术	330604004	磨牙拔除术	手术费	手术收入	3.治疗类：(10)手术治疗费
HHS6P407	部分牙拔除术	HHS65305	半牙拔除术	330604005	复杂牙拔除术	手术费	手术收入	3.治疗类：(10)手术治疗费
HHS6P408	高位阻生牙拔除术	HHS65309	萌出阻生牙拔除术	330604006	阻生牙拔除术	手术费	手术收入	3.治疗类：(10)手术治疗费
HHS6P409	中位阻生牙拔除术	HHS65310	未完全萌出阻生牙拔除术			手术费	手术收入	3.治疗类：(10)手术治疗费
HHS6P410	低位阻生牙拔除术	HHS65311	骨性埋藏阻生牙拔除术			手术费	手术收入	3.治疗类：(10)手术治疗费
HHS6S401	软组织内阻生恒牙开窗助萌术	HHS50301	软组织内阻生恒牙开窗助萌术	310510006	牙开窗助萌术	手术费	手术收入	3.治疗类：(10)手术治疗费
HHS6S402	骨阻生恒牙开窗助萌术	HHS73301	骨阻生恒牙开窗助萌术			手术费	手术收入	3.治疗类：(10)手术治疗费
HHS6U401	阻生磨牙牙冠切除术					手术费	手术收入	3.治疗类：(10)手术治疗费
		HHS73302	劈裂牙治疗	310511026	劈裂牙治疗	手术费	手术收入	3.治疗类：(10)手术治疗费
HHS7J401	下牙槽神经解剖移位术	HHS88301	下牙槽神经解剖移位术	330609003	下齿槽神经移位术	手术费	手术收入	3.治疗类：(10)手术治疗费
HHS7M401	松牙固定术	HHS71303	恒牙外伤固定术	310512010		手术费	手术收入	3.治疗类：(10)手术治疗费
HHS7M402	块状骨固定术	HHS89303	缺牙区游离骨移植术	330609007	缺牙区游离骨移植术	手术费	手术收入	3.治疗类：(10)手术治疗费
HHT7G401	牙冠延长术	HHT82301	牙冠延长术	330604034	牙冠延长术	手术费	手术收入	3.治疗类：(10)手术治疗费
HHV6P401	根尖囊肿摘除术	HHV73302	根尖囊肿摘除术	330604022	根端囊肿摘除术	手术费	手术收入	3.治疗类：(10)手术治疗费
HHV6T401	分根术	HHV83303	分根术	330604038	分根术	手术费	手术收入	3.治疗类：(10)手术治疗费
HHV6U401	根尖切除术	HHV73303	根尖切除术	330604026	根尖切除术	手术费	手术收入	3.治疗类：(10)手术治疗费
HHV6U402	根尖搔刮术	HHV73304	根尖搔刮术	330604027	根尖搔刮术	手术费	手术收入	3.治疗类：(10)手术治疗费
HHV6U403	截根术	HHV73301	截根术	330604037	截根术	手术费	手术收入	3.治疗类：(10)手术治疗费
HHW	牙周							
HHW6J401	牙周植骨术	HHW61301	牙周植骨术	330604036	牙周植骨术	手术费	手术收入	3.治疗类：(10)手术治疗费
HHW6T401	牙周纤维环状切断术	HHW58301	牙周纤维环状切断术	330604043	牙周纤维环状切断术	手术费	手术收入	3.治疗类：(10)手术治疗费
HHW6U401	拔牙创面搔刮术	HHW73301	拔牙创面搔刮术	330604007	拔牙创面搔刮术	手术费	手术收入	3.治疗类：(10)手术治疗费
HHW6U402	牙龈切除术	HHW73303	牙龈切除术	330604031	牙龈切除术	手术费	手术收入	3.治疗类：(10)手术治疗费
HHW6U403	牙龈瘤切除术	HHW73304	龈瘤切除术	330604035	龈瘤切除术	手术费	手术收入	3.治疗类：(10)手术治疗费
HHW6U404	牙周翻瓣清创术	HHW73305	牙周翻瓣术	330604029	牙龈翻瓣术	手术费	手术收入	3.治疗类：(10)手术治疗费
HHW6U405	牙周楔形瓣切除术	HHW83301	阻生智齿龈瓣修整术	330604018	阻生智齿龈瓣整形术	手术费	手术收入	3.治疗类：(10)手术治疗费
HHW6X401	牙龈恶性肿瘤扩大切除术					手术费	手术收入	3.治疗类：(10)手术治疗费
HHW7P401	修复前软组织成形术	HHM83301	修复前软组织成形术	330604017	修复前软组织成型术	手术费	手术收入	3.治疗类：(10)手术治疗费
HHW7P402	牙周软组织整复术	HHW83302	牙龈成形术	330606025	齿龈成形术	手术费	手术收入	3.治疗类：(10)手术治疗费
HHW7P403	微创牙周软组织整复术	HHW89302	牙周组织瓣转移术	330604042	牙周组织瓣移植术	手术费	手术收入	3.治疗类：(10)手术治疗费
HHW7P404	引导性牙周组织再生术	HHW89303	引导性牙周组织再生术	330604040	引导性牙周组织再生术	手术费	手术收入	3.治疗类：(10)手术治疗费
				330604041	松动牙根管内固定术	治疗费	治疗收入	3.治疗类：(9)非手术治疗项目费
HHW7P405	牙周组织瓣缝合术	HHW73302	急性坏死性龈炎局部清创	310513007	急性坏死性龈炎局部清创	手术费	手术收入	3.治疗类：(10)手术治疗费
HHW7S401	牙周结缔组织移植物获取术	HHW89301	游离龈组织移植术	330604042	牙周组织瓣移植术	手术费	手术收入	3.治疗类：(10)手术治疗费
				330604030	牙龈再生术	手术费	手术收入	3.治疗类：(10)手术治疗费
HHX	种植体							
HHX6J401	牙种植Ⅱ期术	HHX61301	牙种植Ⅱ期术	330609010	种植体二期手术	手术费	手术收入	3.治疗类：(10)手术治疗费
HHX6P401	种植体周围翻瓣刮治术	HHX73301	种植体周围翻瓣刮治术			手术费	手术收入	3.治疗类：(10)手术治疗费
HHX7P401	种植体周围软组织成形术	HHX83301	种植体周软组织成形术	330609013	种植体周软组织成形术	手术费	手术收入	3.治疗类：(10)手术治疗费
HHX7P402	种植区黏膜缺损修复	HHX83302	种植区黏膜缺损修复			手术费	手术收入	3.治疗类：(10)手术治疗费
HHY-HHZ	3.其他							
HHY6D101	颈部肿物活检术					手术费	手术收入	3.治疗类：(10)手术治疗费
HHY6E301	颈部开放性损伤探查术	FHY09301	颈部开放性损伤探查术	331602012	颈部开放性损伤探查术	手术费	手术收入	3.治疗类：(10)手术治疗费
HHY6R301	颈部多间隙脓肿切开引流术					手术费	手术收入	3.治疗类：(10)手术治疗费
HHY6U301	颈部感染清创术					手术费	手术收入	3.治疗类：(10)手术治疗费
HHY6U302	颈部囊状水瘤切除术	HHY73301	颈部囊状水瘤切除术	330701044	颈部囊状水瘤切除术	手术费	手术收入	3.治疗类：(10)手术治疗费
HHY6X301	颈部恶性肿瘤扩大切除术					手术费	手术收入	3.治疗类：(10)手术治疗费
HHZ6P301	第一鳃裂囊肿摘除术	HHZ73304	第一鳃裂囊肿摘除术			手术费	手术收入	3.治疗类：(10)手术治疗费
HHZ6P302	第二鳃裂囊肿摘除术	HHZ73305	第二鳃裂囊肿摘除术			手术费	手术收入	3.治疗类：(10)手术治疗费
HHZ6P303	第三、四鳃裂囊肿摘除术	HHZ73306	第三、四鳃裂囊肿摘除术			手术费	手术收入	3.治疗类：(10)手术治疗费
HHZ6U301	鳃裂瘘管切除术	HHZ73301	鳃裂瘘管切除术	330501007	耳腮裂瘘管切除术	手术费	手术收入	3.治疗类：(10)手术治疗费
HHZ6U302	复发性鳃裂瘘管切除术	HHZ73302	复发性鳃裂瘘管切除术			手术费	手术收入	3.治疗类：(10)手术治疗费
HHZ6U303	鳃裂瘘切除术	HHZ73303	鳃裂囊肿瘘切除术			手术费	手术收入	3.治疗类：(10)手术治疗费
HHZ6U304	鳃裂囊肿切除术	HHZ73307	鳃裂囊肿切除术	330605031	鳃裂囊肿切除术	手术费	手术收入	3.治疗类：(10)手术治疗费
HJ	(八)呼吸系统							
HJA	1.呼吸系统							
HJB-HJD	2.气道							
HJB6N601	经支气管镜气道支架取出术					手术费	手术收入	3.治疗类：(10)手术治疗费
HJB6P601	经硬质支气管镜气道病变清除术					手术费	手术收入	3.治疗类：(10)手术治疗费
HJB6U301	气管支气管隆凸切除成形术	HJB73301	气管支气管隆凸切除成形术	330701042	气管成形术	手术费	手术收入	3.治疗类：(10)手术治疗费
HJB6U601	经支气管镜高频电切/电凝治疗	HJD72601	经电子支气管镜高频电凝治疗			手术费	手术收入	3.治疗类：(10)手术治疗费
		HJC72603	经硬质气管镜高频电治疗			手术费	手术收入	3.治疗类：(10)手术治疗费
HJB7P301	气管支气管损伤开胸修补术	HJB83301	气管支气管损伤开胸修补术	330701039	气管支气管损伤修补术	手术费	手术收入	3.治疗类：(10)手术治疗费
HJB7P501	经胸腔镜气管支气管隆凸切除成形术					手术费	手术收入	3.治疗类：(10)手术治疗费
HJC	气管							
		HJC50302	经烧伤创面气管切开术	331603007	经烧伤创面气管切开术	手术费	手术收入	3.治疗类：(10)手术治疗费
HJC6P301	开胸气管异物取出术	HJC65301	开胸气管异物取出术			手术费	手术收入	3.治疗类：(10)手术治疗费
HJC6U301	气管囊肿切除术	HJC73301	气管囊肿切除术			手术费	手术收入	3.治疗类：(10)手术治疗费
HJC6U302	气管肿瘤切除术	HJC73302	气管肿瘤切除术	330701041	气管内肿瘤切除术	手术费	手术收入	3.治疗类：(10)手术治疗费
HJC6U303	气管部分切除术					手术费	手术收入	3.治疗类：(10)手术治疗费
HJC6U501	经胸腔镜气管囊肿切除术	HJC73501	经胸腔镜气管囊肿切除术			手术费	手术收入	3.治疗类：(10)手术治疗费
HJC6U502	经胸腔镜气管肿瘤切除术					手术费	手术收入	3.治疗类：(10)手术治疗费
HJC6U503	经胸腔镜气管部分切除术					手术费	手术收入	3.治疗类：(10)手术治疗费
HJC6U601	内镜辅助下经支撑喉镜气管病变切除术					手术费	手术收入	3.治疗类：(10)手术治疗费
HJC6U602	经气管内镜气管病变切除术					手术费	手术收入	3.治疗类：(10)手术治疗费
				310605012	经内镜气管内肿瘤切除术	手术费	手术收入	3.治疗类：(10)手术治疗费
HJC7C301	气管粘连松解术					手术费	手术收入	3.治疗类：(10)手术治疗费
HJC7D301	气管造口闭合术					手术费	手术收入	3.治疗类：(10)手术治疗费
HJC7D501	经胎儿镜胎儿气管封堵术					手术费	手术收入	3.治疗类：(10)手术治疗费
HJC7M301	气管悬吊术					手术费	手术收入	3.治疗类：(10)手术治疗费
HJC7P301	喉气管食管裂修补术					手术费	手术收入	3.治疗类：(10)手术治疗费
HJC7P302	气管瘘修复术	HJC83301	气管瘘修复术	330701040	气管瘘修复术	手术费	手术收入	3.治疗类：(10)手术治疗费
HJC7P303	颈段气管食管瘘修补术	HJC83302	颈段气管食管瘘修补术	330701043	颈段气管食管瘘修补术	手术费	手术收入	3.治疗类：(10)手术治疗费
HJC7P304	气管修补术					手术费	手术收入	3.治疗类：(10)手术治疗费
HJC7P305	气管裂伤缝合术					手术费	手术收入	3.治疗类：(10)手术治疗费
HJC7P306	气管狭窄修复术					手术费	手术收入	3.治疗类：(10)手术治疗费
HJC7P501	经胸腔镜气管瘘修复术					手术费	手术收入	3.治疗类：(10)手术治疗费
HJC7Q301	气管成形人工喉重建术					手术费	手术收入	3.治疗类：(10)手术治疗费
		HJC80602	经电子支气管镜气管扩张术	310605009	经内镜气管扩张术	手术费	手术收入	3.治疗类：(10)手术治疗费
HJD	支气管							
		HJD48602	经纤维支气管镜滴药治疗			治疗费	治疗收入	3.治疗类：(9)非手术治疗项目费
		HJD65602	经电子支气管镜异物取出术			手术费	手术收入	3.治疗类：(10)手术治疗费
		HJD65603	经纤维支气管镜吸痰	310605003	经纤支镜治疗	手术费	手术收入	3.治疗类：(10)手术治疗费
HJD6K601	经内镜单叶支气管瓣膜置入术					手术费	手术收入	3.治疗类：(10)手术治疗费
HJD6K602	经内镜多叶支气管瓣膜置入术					手术费	手术收入	3.治疗类：(10)手术治疗费
HJD6L601	经内镜单叶支气管瓣膜置换术					手术费	手术收入	3.治疗类：(10)手术治疗费
HJD6L602	经内镜多叶支气管瓣膜置换术					手术费	手术收入	3.治疗类：(10)手术治疗费
HJD6U301	支气管病变切除术					手术费	手术收入	3.治疗类：(10)手术治疗费
HJD6U501	经胸腔镜支气管病变切除术					手术费	手术收入	3.治疗类：(10)手术治疗费
HJD6U502	经纵隔镜支气管病变切除术					手术费	手术收入	3.治疗类：(10)手术治疗费
		HJD72607	经纤维支气管镜高频电凝治疗	310605008	经纤支镜特殊治疗	手术费	手术收入	3.治疗类：(10)手术治疗费
		HJD72608	经纤维支气管镜微波治疗			手术费	手术收入	3.治疗类：(10)手术治疗费
		HJD72609	经纤维支气管镜激光治疗			手术费	手术收入	3.治疗类：(10)手术治疗费
		HJD72610	经纤维支气管镜氩离子凝固治疗			手术费	手术收入	3.治疗类：(10)手术治疗费
		HJD72611	经纤维支气管镜冷冻治疗	310605008	经纤支镜特殊治疗	手术费	手术收入	3.治疗类：(10)手术治疗费
		HJD72612	经纤维支气管镜电套圈治疗			手术费	手术收入	3.治疗类：(10)手术治疗费
HJD7D601	经支气管镜支气管胸膜瘘堵塞术	HJD83601	经纤维支气管镜支气管胸膜瘘堵塞术	330703024	经纤支镜支气管胸膜瘘堵塞术	手术费	手术收入	3.治疗类：(10)手术治疗费
HJD7E601	经硬质气管镜气管/支气管扩张术	HJD80601	经硬质气管镜支气管扩张术			手术费	手术收入	3.治疗类：(10)手术治疗费
HJD7F601	经支气管镜支气管内活瓣肺减容术					手术费	手术收入	3.治疗类：(10)手术治疗费
HJD7N601	经支气管镜支气管气道平滑肌消融术					手术费	手术收入	3.治疗类：(10)手术治疗费
		HJD80602	经电子支气管镜支架置入术			手术费	手术收入	3.治疗类：(10)手术治疗费
HJE-HJG	3.肺							
HJE6B301	肺空洞药物填充术					手术费	手术收入	3.治疗类：(10)手术治疗费
HJE6D301	开胸肺活检术					手术费	手术收入	3.治疗类：(10)手术治疗费
HJE6D501	经胸腔镜肺活检术	FJE07501	胸腔镜肺活检术	310605013	胸腔镜检查	手术费	手术收入	3.治疗类：(10)手术治疗费
HJE6D502	经内科胸腔镜肺活检术					手术费	手术收入	3.治疗类：(10)手术治疗费
HJE6P301	肺包虫病内囊摘除术	HJE65301	肺包虫病内囊摘除术	330702015	肺包虫病内囊摘除术	手术费	手术收入	3.治疗类：(10)手术治疗费
HJE6P501	经胸腔镜肺包虫病内囊摘除术	HJE65501	经胸腔镜肺包虫病内囊摘除术			手术费	手术收入	3.治疗类：(10)手术治疗费
HJE6U301	肺上沟癌切除术	HJE73301	肺上沟癌切除术	330702002	肺癌根治术	手术费	手术收入	3.治疗类：(10)手术治疗费
HJE6U302	肺楔形切除术	HJE73304	肺楔形切除术	330702005	肺楔形切除术	手术费	手术收入	3.治疗类：(10)手术治疗费
HJE6U303	肺大疱切除术	HJE73305	肺大泡切除修补术	330702009	肺大泡切除修补术	手术费	手术收入	3.治疗类：(10)手术治疗费
HJE6U304	隔离肺切除术					手术费	手术收入	3.治疗类：(10)手术治疗费
HJE6U501	经胸腔镜肺楔形切除术	HJE73501	经胸腔镜肺楔形切除术			手术费	手术收入	3.治疗类：(10)手术治疗费
HJE6U502	经胸腔镜隔离肺切除术					手术费	手术收入	3.治疗类：(10)手术治疗费
HJE6U503	经胸腔镜肺上沟癌切除术					手术费	手术收入	3.治疗类：(10)手术治疗费
HJE6U504	经胸腔镜肺部病变激光切除术					手术费	手术收入	3.治疗类：(10)手术治疗费
HJE6W301	全肺切除术	HJE75301	全肺切除术	330702008	全肺切除术	手术费	手术收入	3.治疗类：(10)手术治疗费
HJE6W302	胸膜全肺切除术	HJE75302	胸膜全肺切除术	330702010	胸膜肺全切除术	手术费	手术收入	3.治疗类：(10)手术治疗费
HJE6W501	经胸腔镜心包内全肺切除术					手术费	手术收入	3.治疗类：(10)手术治疗费
HJE6W502	经胸腔镜全肺切除术					手术费	手术收入	3.治疗类：(10)手术治疗费
HJE6X301	心包内全肺切除术	HJE77301	心包内全肺切除术			手术费	手术收入	3.治疗类：(10)手术治疗费
HJE6X302	心包内全肺切除+部分心房切除术	HJE77302	心包内全肺切除+部分心房切除术			手术费	手术收入	3.治疗类：(10)手术治疗费
HJE7F301	肺减容术	HJE73302	肺减容术	330702004	肺减容手术	手术费	手术收入	3.治疗类：(10)手术治疗费
HJE7F302	胸骨正中入路两侧肺减容术	HJE73303	胸骨正中入路两侧肺减容术			手术费	手术收入	3.治疗类：(10)手术治疗费
HJE7F501	经胸腔镜肺减容术	HJE73502	经胸腔镜肺减容术			手术费	手术收入	3.治疗类：(10)手术治疗费
HJE7N301	经胸肺部病变激光切除术	HJT72302	开胸肿瘤激光切除术	330703002	开胸肿瘤特殊治疗	手术费	手术收入	3.治疗类：(10)手术治疗费
HJE7N302	经胸肺部病变微波切除术	HJT72303	开胸肿瘤微波切除术			手术费	手术收入	3.治疗类：(10)手术治疗费
HJE7N303	经胸肺部病变射频消融术	HJT72304	开胸肿瘤射频消融术			手术费	手术收入	3.治疗类：(10)手术治疗费
HJE7N501	经胸腔镜肺病变微波消融术					手术费	手术收入	3.治疗类：(10)手术治疗费
HJE7N502	经胸腔镜肺部病变射频消融术					手术费	手术收入	3.治疗类：(10)手术治疗费
HJE7N503	经胸腔镜肺部病变冷冻消融术					手术费	手术收入	3.治疗类：(10)手术治疗费
HJE7P301	肺修补术	HJE83301	肺修补术	330702011	肺修补术	手术费	手术收入	3.治疗类：(10)手术治疗费
HJE7P501	经胸腔镜肺修补术	HJE83501	经胸腔镜肺修补术			手术费	手术收入	3.治疗类：(10)手术治疗费
HJE7S301	供体肺获取术	HJE60301	供体肺获取术	330702012	肺移植术	手术费	手术收入	3.治疗类：(10)手术治疗费
HJE7T301	单肺移植术	HJE90301	单肺移植术			手术费	手术收入	3.治疗类：(10)手术治疗费
HJE7T302	双肺移植术	HJE90302	双肺移植术			手术费	手术收入	3.治疗类：(10)手术治疗费
				330702013	自体肺移植术	手术费	手术收入	3.治疗类：(10)手术治疗费
HJF	肺叶							
HJF6U301	肺叶切除术	HJF73301	肺叶切除术	330702006	肺叶切除术	手术费	手术收入	3.治疗类：(10)手术治疗费
HJF6U302	右侧双肺叶切除术	HJF73302	右侧双肺叶切除术			手术费	手术收入	3.治疗类：(10)手术治疗费
HJF6U303	支气管袖状肺叶切除术	HJF73303	袖状肺叶切除术	330702007	袖状肺叶切除术	手术费	手术收入	3.治疗类：(10)手术治疗费
HJF6U304	胸膜肺叶切除术	HJF73304	胸膜肺叶切除术			手术费	手术收入	3.治疗类：(10)手术治疗费
HJF6U305	解剖性部分肺叶切除术					手术费	手术收入	3.治疗类：(10)手术治疗费
HJF6U501	经胸腔镜肺叶切除术	HJF73501	经胸腔镜肺叶切除术			手术费	手术收入	3.治疗类：(10)手术治疗费
HJF6U502	经胸腔镜右侧双肺叶切除术					手术费	手术收入	3.治疗类：(10)手术治疗费
HJF6U503	经胸腔镜支气管袖状肺叶切除术					手术费	手术收入	3.治疗类：(10)手术治疗费
HJF6U504	经胸腔镜胸膜肺叶切除术					手术费	手术收入	3.治疗类：(10)手术治疗费
HJF6U505	经胸腔镜解剖性部分肺叶切除术					手术费	手术收入	3.治疗类：(10)手术治疗费
HJF6V301	袖状肺叶切除+肺动脉切除成形术	HJF74301	袖状肺叶切除+肺动脉切除成形术			手术费	手术收入	3.治疗类：(10)手术治疗费
HJF6V302	肺叶切除+肺动脉成形术					手术费	手术收入	3.治疗类：(10)手术治疗费
HJF6V501	经胸腔镜袖状肺叶切除+肺动脉切除成形术					手术费	手术收入	3.治疗类：(10)手术治疗费
HJF6V502	经胸腔镜肺叶切除+肺动脉成形术					手术费	手术收入	3.治疗类：(10)手术治疗费
HJG	肺段							
HJG6U301	肺段切除术	HJG73301	肺段切除术	330702003	肺段切除术	手术费	手术收入	3.治疗类：(10)手术治疗费
HJG6U501	经胸腔镜肺大疱切除术	HJG73502	经胸腔镜肺大泡切除胸膜固定术			手术费	手术收入	3.治疗类：(10)手术治疗费
HJG6U502	经胸腔镜肺段切除术	HJG73501	经胸腔镜肺段切除术			手术费	手术收入	3.治疗类：(10)手术治疗费
HJH-HJL	4.胸壁							
HJH6N301	胸壁矫形内固定物取出术	HJH64301	胸壁矫形内固定物取出术			手术费	手术收入	3.治疗类：(10)手术治疗费
HJH6U301	胸壁结核病灶清除术	HJH73302	胸壁结核病灶清除术	330703008	胸壁结核病灶清除术	手术费	手术收入	3.治疗类：(10)手术治疗费
HJH6U302	胸壁软组织肿瘤切除术	HJH73303	胸壁软组织肿瘤切除术	330703012	胸壁肿瘤切除术	手术费	手术收入	3.治疗类：(10)手术治疗费
		HJH73301	胸壁创口扩清术	330703011	胸壁外伤扩创术	手术费	手术收入	3.治疗类：(10)手术治疗费
HJH7D301	胸壁血管结扎术					手术费	手术收入	3.治疗类：(10)手术治疗费
HJH7P301	胸壁缺损修复术	HJH83301	胸壁缺损修复术	330703013	胸壁缺损修复术	手术费	手术收入	3.治疗类：(10)手术治疗费
HJH7P302	个性化假体置入胸壁畸形矫正术	HJH83302	个性化假体置入胸壁畸形矫正术			手术费	手术收入	3.治疗类：(10)手术治疗费
HJH7P303	肋骨切除胸壁畸形矫正术	HJH83303	肋骨切除胸壁畸形矫正术			手术费	手术收入	3.治疗类：(10)手术治疗费
HJH7P304	背阔肌肌瓣转移胸壁畸形矫正术					手术费	手术收入	3.治疗类：(10)手术治疗费
HJH7P801	悬吊法腔镜辅助微创胸廓矫形术					手术费	手术收入	3.治疗类：(10)手术治疗费
HJH7Q501	经胸腔镜胸壁畸形矫正术					手术费	手术收入	3.治疗类：(10)手术治疗费
HJJ6C501	硬质内科胸腔镜检查					手术费	手术收入	3.治疗类：(10)手术治疗费
HJJ6U301	经腋窝入路胸廓出口综合征手术	HJJ73301	经腋窝入路胸廓出口综合征手术	331502001	胸出口综合征手术	手术费	手术收入	3.治疗类：(10)手术治疗费
HJJ6U302	经锁骨上入路胸廓出口综合征手术	HJJ73302	经锁骨上入路胸廓出口综合征手术			手术费	手术收入	3.治疗类：(10)手术治疗费
HJJ6U501	经胸腔镜胸壁病变切除术					手术费	手术收入	3.治疗类：(10)手术治疗费
HJJ7H701	胸骨肋骨骨折固定术	HJJ70301	胸骨肋骨骨折牵引术	330703010	胸骨牵引术	手术费	手术收入	3.治疗类：(10)手术治疗费
HJJ7M301	小儿漏斗胸胸肋截骨内固定术	HJJ71301	小儿漏斗胸胸肋截骨内固定术			手术费	手术收入	3.治疗类：(10)手术治疗费
HJJ7P301	胸廓成形术	HJJ83301	胸廓成形术	330703009	胸廓成形术	手术费	手术收入	3.治疗类：(10)手术治疗费
HJJ7P302	小儿鸡胸矫正术	HJJ83302	小儿鸡胸矫正术	330703015	小儿鸡胸矫正术	手术费	手术收入	3.治疗类：(10)手术治疗费
				330703014	胸廓畸形矫正术	手术费	手术收入	3.治疗类：(10)手术治疗费
HJK6D301	胸骨活检术					手术费	手术收入	3.治疗类：(10)手术治疗费
HJK6U301	胸骨肿瘤切除术	HJK73301	胸骨肿瘤切除术			手术费	手术收入	3.治疗类：(10)手术治疗费
				310606001	经内镜胸部肿瘤特殊治疗	手术费	手术收入	3.治疗类：(10)手术治疗费
HJK7D301	延迟胸骨闭合术	HJK59301	延迟胸骨闭合术			手术费	手术收入	3.治疗类：(10)手术治疗费
HJK7M301	胸骨骨折内固定术	HJK71301	胸骨骨折内固定术			手术费	手术收入	3.治疗类：(10)手术治疗费
HJK7M302	胸骨外固定架固定术					手术费	手术收入	3.治疗类：(10)手术治疗费
HJK7M501	经胸腔镜漏斗胸胸骨抬举内固定术	HJK71501	经胸腔镜小儿漏斗胸胸骨抬举内固定术(NUSS手术)			手术费	手术收入	3.治疗类：(10)手术治疗费
HJK7P301	胸骨成形术					手术费	手术收入	3.治疗类：(10)手术治疗费
HJK7P302	微创胸骨沉降术					手术费	手术收入	3.治疗类：(10)手术治疗费
HJL6D301	肋骨活检术					手术费	手术收入	3.治疗类：(10)手术治疗费
HJL6U301	肋骨切除术	HJL73301	肋骨切除术	330703006	肋骨切除术	手术费	手术收入	3.治疗类：(10)手术治疗费
HJL6U302	肋骨肿瘤切除术	HJL73303	肋骨肿瘤切除术			手术费	手术收入	3.治疗类：(10)手术治疗费
HJL6U501	经胸腔镜肋骨肿瘤切除术					手术费	手术收入	3.治疗类：(10)手术治疗费
HJL6U601	臂丛神经松解第一肋骨切除术	HJL56301	臂丛神经松解肋骨切除术			手术费	手术收入	3.治疗类：(10)手术治疗费
				330703005	肋骨骨髓病灶清除术	手术费	手术收入	3.治疗类：(10)手术治疗费
HJL7M301	肋骨骨折内固定术	HJL71301	肋骨骨折内固定术			手术费	手术收入	3.治疗类：(10)手术治疗费
HJL7M302	漏斗胸胸肋截骨内固定术					手术费	手术收入	3.治疗类：(10)手术治疗费
HJL7M501	经胸腔镜肋骨骨折内固定术					手术费	手术收入	3.治疗类：(10)手术治疗费
HJL7S301	肋软骨取骨术	HJL73302	肋软骨取骨术	330703007	肋软骨取骨术	手术费	手术收入	3.治疗类：(10)手术治疗费
HJM	5.胸膜							
		FJM07501	胸腔镜胸膜活检术			手术费	手术收入	3.治疗类：(10)手术治疗费
		HJM45304	经肋床胸腔开放引流术	330703017	胸腔闭式引流术	手术费	手术收入	3.治疗类：(10)手术治疗费
HJM6B301	人工气胸术	HJM48301	人工气胸术	310604003	人工气胸术	手术费	手术收入	3.治疗类：(10)手术治疗费
HJM6D501	经内科胸腔镜胸膜活检术	FJM07502	经单孔胸腔镜胸膜活检术	330703021	胸膜活检术	手术费	手术收入	3.治疗类：(10)手术治疗费
HJM6J301	脓胸大网膜填充术	HJM62301	脓胸大网膜填充术	330703018	脓胸大网膜填充术	手术费	手术收入	3.治疗类：(10)手术治疗费
HJM6P301	胸膜剥脱术	HJM65301	胸膜剥脱术	330703019	胸膜剥脱术	手术费	手术收入	3.治疗类：(10)手术治疗费
HJM6P501	经胸腔镜胸膜剥脱术	HJM65501	经胸腔镜胸膜剥脱术			手术费	手术收入	3.治疗类：(10)手术治疗费
HJM6R301	胸腔开放引流术	HJM45303	经肋间胸腔开放引流术			手术费	手术收入	3.治疗类：(10)手术治疗费
HJM6U301	胸膜肿物切除术					手术费	手术收入	3.治疗类：(10)手术治疗费
HJM6U302	脓胸廓清术	HJM73301	脓胸清除术	330703020	脓胸引流清除术	手术费	手术收入	3.治疗类：(10)手术治疗费
HJM6U501	经胸腔镜胸膜肿物切除术					手术费	手术收入	3.治疗类：(10)手术治疗费
HJM6U502	经胸腔镜脓胸廓清术	HJM73501	经胸腔镜脓胸清除术	330703020	脓胸引流清除术	手术费	手术收入	3.治疗类：(10)手术治疗费
HJM7C301	胸膜粘连松解术	HJM57301	胸膜粘连松解术	330703022	胸膜粘连烙断术	手术费	手术收入	3.治疗类：(10)手术治疗费
HJM7C501	经胸腔镜胸膜粘连松解术	HJM57501	经胸腔镜胸膜粘连松解术			手术费	手术收入	3.治疗类：(10)手术治疗费
HJM7M301	胸膜固定术	HJM71301	胸膜固定术	330703023	胸膜固定术	手术费	手术收入	3.治疗类：(10)手术治疗费
HJM7M501	经胸腔镜胸膜固定术	HJM71501	经胸腔镜胸膜固定术			手术费	手术收入	3.治疗类：(10)手术治疗费
HJM7M502	经内科胸腔镜胸膜粘连术	HJM71502	经单孔胸腔镜胸膜粘连术			手术费	手术收入	3.治疗类：(10)手术治疗费
HJM7P501	经内科胸腔镜气胸修补术	HJM83501	经单孔胸腔镜气胸修补术			手术费	手术收入	3.治疗类：(10)手术治疗费
HJN	6.纵隔							
HJN6D501	经纵隔镜纵隔病变活检术	FJN07501	经纵隔镜纵隔病变活检术	310605014	纵隔镜检查	手术费	手术收入	3.治疗类：(10)手术治疗费
HJN6P501	经胸腔镜纵隔血肿清除术					手术费	手术收入	3.治疗类：(10)手术治疗费
HJN6R301	胸腔纵隔感染清创引流术	HJN45301	胸腔纵隔感染清创引流术	330703025	纵隔感染清创引流术	手术费	手术收入	3.治疗类：(10)手术治疗费
HJN6R302	脊柱旁入路纵隔感染清创引流术	HJN45302	脊柱旁入路纵隔感染清创引流术			手术费	手术收入	3.治疗类：(10)手术治疗费
HJN6R303	颈部入路纵隔感染清除引流术	HJN45303	颈部入路纵隔感染清除引流术			手术费	手术收入	3.治疗类：(10)手术治疗费
HJN6U301	后纵隔肿物切除术	HJN73302	后纵隔肿物切除术	330703026	纵隔肿物切除术	手术费	手术收入	3.治疗类：(10)手术治疗费
HJN6U302	前纵隔肿物切除术	HJN73301	前纵隔肿物切除术			手术费	手术收入	3.治疗类：(10)手术治疗费
HJN6U303	纵隔肿物切除血管成形术	HJN77301	纵隔肿物切除血管成形+心包切除术			手术费	手术收入	3.治疗类：(10)手术治疗费
HJN6U501	经胸腔镜纵隔肿物切除术	HJN73501	经胸腔镜纵隔肿物切除术			手术费	手术收入	3.治疗类：(10)手术治疗费
HJN7B301	纵隔气肿切开减压术	HJN56301	纵隔气肿切开减压术	330703027	纵隔气肿切开减压术	手术费	手术收入	3.治疗类：(10)手术治疗费
HJN7C301	纵隔粘连松解术					手术费	手术收入	3.治疗类：(10)手术治疗费
HJP	7.横膈							
HJP6U301	膈肌肿物切除术	HJP73301	膈肌肿物切除术	330703030	膈肌肿瘤切除术	手术费	手术收入	3.治疗类：(10)手术治疗费
HJP6U501	经胸腔镜膈肌肿物切除术					手术费	手术收入	3.治疗类：(10)手术治疗费
HJP7P301	膈肌折叠术	HJP83303	膈肌折叠术	330703029	膈肌折叠术	手术费	手术收入	3.治疗类：(10)手术治疗费
HJP7P302	膈疝修补术	HJP83301	膈疝修补术	330703028	膈肌修补术	手术费	手术收入	3.治疗类：(10)手术治疗费
HJP7P303	先天性膈疝修补术	HJP83302	经腹先天性膈疝修补术	330703032	先天性膈疝修补术	手术费	手术收入	3.治疗类：(10)手术治疗费
HJP7P501	经胸腔镜膈疝修补术	HJP83501	经胸腔镜膈疝修补术	330703028	膈肌修补术	手术费	手术收入	3.治疗类：(10)手术治疗费
HJP7P502	经胸腔镜膈肌折叠术					手术费	手术收入	3.治疗类：(10)手术治疗费
HJP7P503	经腹腔镜膈疝修补术					手术费	手术收入	3.治疗类：(10)手术治疗费
HJT	8.其他							
HJT6C501	可弯曲内科胸腔镜检查	FJT01501	单孔胸腔镜检查	310605013	胸腔镜检查	手术费	手术收入	3.治疗类：(10)手术治疗费
HJT6D301	开胸胸腔病变活检术	FJT07301	开胸胸腔病变活检			手术费	手术收入	3.治疗类：(10)手术治疗费
HJT6D501	经胸腔镜胸腔病变活检术	FJT07501	经胸腔镜胸腔病变活检术	310605013	胸腔镜检查	手术费	手术收入	3.治疗类：(10)手术治疗费
HJT6E301	开胸探查术	FJT09301	开胸探查术	330703003	开胸探查术	手术费	手术收入	3.治疗类：(10)手术治疗费
HJT6E501	经胸腔镜胸腔探查术	FJT09501	经胸腔镜胸腔探查术			手术费	手术收入	3.治疗类：(10)手术治疗费
HJT6F301	开胸止血术	HJT46301	开胸止血术	330703004	开胸止血术	手术费	手术收入	3.治疗类：(10)手术治疗费
HJT6F501	经胸腔镜胸腔止血术	HJT46501	经胸腔镜胸腔止血术			手术费	手术收入	3.治疗类：(10)手术治疗费
HJT6P301	胸内异物取出术	HJT65301	胸内异物取出术	330703016	胸内异物清除术	手术费	手术收入	3.治疗类：(10)手术治疗费
HJT6P501	经胸腔镜胸内异物取出术	HJT65501	经胸腔镜胸内异物取出术			手术费	手术收入	3.治疗类：(10)手术治疗费
HJT6R301	开胸清创引流术	HJT45301	开胸清创引流术			手术费	手术收入	3.治疗类：(10)手术治疗费
HJT7N101	经皮胸部肿瘤射频消融术	HJT72102	经皮胸部肿瘤射频消融术			手术费	手术收入	3.治疗类：(10)手术治疗费
HJT7N301	开胸病变冷冻治疗	HJT72301	开胸冷冻治疗	330703001	开胸冷冻治疗	手术费	手术收入	3.治疗类：(10)手术治疗费
HK	(九)循环系统							
HKA	1.心							
		HKA61301	全人工心脏植入术	330803020	心脏移植术	手术费	手术收入	3.治疗类：(10)手术治疗费
				331005020	器官联合移植术	手术费	手术收入	3.治疗类：(10)手术治疗费
HKA6E301	开胸心脏探查术	FKA09301	开胸心脏探查术	330803006	心外开胸探查术	手术费	手术收入	3.治疗类：(10)手术治疗费
HKA6K201	经皮穿刺心脏瓣膜植入术					手术费	手术收入	3.治疗类：(10)手术治疗费
HKA6K301	心室辅助装置植入术					手术费	手术收入	3.治疗类：(10)手术治疗费
HKA6K302	可植入型心脏辅助装置植入术					手术费	手术收入	3.治疗类：(10)手术治疗费
HKA6P301	心脏异物取出术	HKA65301	心脏异物取出术	330803008	心内异物取出术	手术费	手术收入	3.治疗类：(10)手术治疗费
HKA6P302	心脏良性肿瘤摘除术	HKA73301	心脏良性肿瘤摘除术	330803009	心脏良性肿瘤摘除术	手术费	手术收入	3.治疗类：(10)手术治疗费
HKA6P303	心脏恶性肿瘤摘除术	HKA73302	心脏恶性肿瘤摘除术	330803010	心脏恶性肿瘤摘除术	手术费	手术收入	3.治疗类：(10)手术治疗费
HKA6W301	异位移植心脏摘除术	HKA75301	异位移植心脏摘除术	330803020	心脏移植术	手术费	手术收入	3.治疗类：(10)手术治疗费
HKA7D201	人工心脏瓣膜置换术后瓣周漏介入封堵术					手术费	手术收入	3.治疗类：(10)手术治疗费
HKA7E201	经皮穿刺先天性心脏病支架植入术					手术费	手术收入	3.治疗类：(10)手术治疗费
HKA7M301	心脏网膜固定术					手术费	手术收入	3.治疗类：(10)手术治疗费
HKA7N301	心内直视射频消融术			330803027	体外循环心脏不停跳心内直视手术	手术费	手术收入	3.治疗类：(10)手术治疗费
HKA7N302	经胸心脏微波消融术					手术费	手术收入	3.治疗类：(10)手术治疗费
HKA7P301	瓣周漏修补术	HKA83304	瓣周漏修补术	330801015	瓣周漏修补术	手术费	手术收入	3.治疗类：(10)手术治疗费
HKA7P302	心脏外伤修补术	HKA83302	心脏外伤修补术	330803007	心脏外伤修补术	手术费	手术收入	3.治疗类：(10)手术治疗费
HKA7P303	心脏破裂修补术	HKA83303	心脏破裂修补术			手术费	手术收入	3.治疗类：(10)手术治疗费
HKA7R301	开胸心脏挤压术	HKA30301	开胸心脏挤压术	330803031	开胸心脏挤压术	手术费	手术收入	3.治疗类：(10)手术治疗费
HKA7S301	供体心肺获取术	HKA60302	供体心肺获取术	330702014	供肺切除术	手术费	手术收入	3.治疗类：(10)手术治疗费
HKA7S302	供体心脏获取术	HKA60301	供体心脏获取术			手术费	手术收入	3.治疗类：(10)手术治疗费
HKA7T301	心肺联合移植术	HKA90303	心肺联合移植术	330803021	心肺移植术	手术费	手术收入	3.治疗类：(10)手术治疗费
HKA7T302	原位心脏移植术	HKA90301	原位心脏移植术	330803020	心脏移植术	手术费	手术收入	3.治疗类：(10)手术治疗费
HKA7T303	异位心脏移植术	HKA90302	异位心脏移植术			手术费	手术收入	3.治疗类：(10)手术治疗费
		HKA83301	骨骼肌心脏包裹成形术	330803019	骨骼肌心脏包裹成形术	手术费	手术收入	3.治疗类：(10)手术治疗费
				330803022	左右心室辅助泵安装术	手术费	手术收入	3.治疗类：(10)手术治疗费
HKB-HKM	2.心脏及心包							
HKB	心包							
HKB6D501	经胸腔镜辅助心包活检术	FKB07501	经胸腔镜辅助心包活检术	330803001	经胸腔镜心包活检术	手术费	手术收入	3.治疗类：(10)手术治疗费
HKB6L301	心外膜电极置换术					手术费	手术收入	3.治疗类：(10)手术治疗费
HKB6P301	心包剥脱术	HKB65301	心包剥脱术	330803002	心包剥脱术	手术费	手术收入	3.治疗类：(10)手术治疗费
HKB6P302	心内膜剥除术					手术费	手术收入	3.治疗类：(10)手术治疗费
HKB6R301	心包开窗引流术					手术费	手术收入	3.治疗类：(10)手术治疗费
HKB6R501	经胸腔镜心包开窗引流术					手术费	手术收入	3.治疗类：(10)手术治疗费
HKB6U301	小切口心包部分切除术	HKB73301	小切口心包部分切除术			手术费	手术收入	3.治疗类：(10)手术治疗费
HKB6U302	心包肿瘤切除术	HKB73302	心包肿瘤切除术	330803004	心包肿瘤切除术	手术费	手术收入	3.治疗类：(10)手术治疗费
HKB6U501	经胸腔镜辅助心包部分切除术	HKB73501	经胸腔镜辅助心包部分切除术	330803003	经胸腔镜心包部分切除术	手术费	手术收入	3.治疗类：(10)手术治疗费
HKB6U502	经胸腔镜心包肿瘤切除术	HKB73502	胸腔镜辅助心包肿瘤切除术			手术费	手术收入	3.治疗类：(10)手术治疗费
HKC7N101	经皮穿刺室间隔心肌消融术(PTSMA)					手术费	手术收入	3.治疗类：(10)手术治疗费
HKE-HKN	心腔							
HKE6U301	心房部分切除术					手术费	手术收入	3.治疗类：(10)手术治疗费
HKE6U302	心房憩室切除术					手术费	手术收入	3.治疗类：(10)手术治疗费
HKE6W301	心房隔膜切除术					手术费	手术收入	3.治疗类：(10)手术治疗费
HKE7P301	心房折叠术			330803013	左房折叠术	手术费	手术收入	3.治疗类：(10)手术治疗费
HKE7P302	心房修补术					手术费	手术收入	3.治疗类：(10)手术治疗费
HKE7Q301	心房调转术(Senning)	HKE89301	心房内转换术(Senning)	330802037	心房调转术	手术费	手术收入	3.治疗类：(10)手术治疗费
HKE7Q302	心房调转术(Mustard)	HKE89302	心房内转换术(Mustard)			手术费	手术收入	3.治疗类：(10)手术治疗费
HKE7Q303	三房心矫治术	HKE89303	三房心矫治术	330801027	三房心矫治术	手术费	手术收入	3.治疗类：(10)手术治疗费
HKF6P301	左房血栓清除术	HKF65301	左房血栓清除术	330803012	左房血栓清除术	手术费	手术收入	3.治疗类：(10)手术治疗费
HKF6P302	左心房良性肿物摘除术	HKF73301	左心房良性肿物摘除术			手术费	手术收入	3.治疗类：(10)手术治疗费
HKF7D101	经皮穿刺左心耳封堵术					手术费	手术收入	3.治疗类：(10)手术治疗费
HKF7D301	左心耳闭合术					手术费	手术收入	3.治疗类：(10)手术治疗费
HKG6P301	右心房良性肿物摘除术	HKG73301	右心房良性肿物摘除术			手术费	手术收入	3.治疗类：(10)手术治疗费
				330802006	非体外循环冠状动脉搭桥术	手术费	手术收入	3.治疗类：(10)手术治疗费
				330802007	小切口冠状动脉搭桥术	手术费	手术收入	3.治疗类：(10)手术治疗费
HKG7K301	腔静脉-右心房人工血管搭桥术			330802004	冠脉搭桥+换瓣术	手术费	手术收入	3.治疗类：(10)手术治疗费
HKG7K302	腔静脉-右心房搭桥术					手术费	手术收入	3.治疗类：(10)手术治疗费
HKG7Q301	外通道再次矫治术	HLA89302	外通道再次矫治术	330802045	外通道手术	手术费	手术收入	3.治疗类：(10)手术治疗费
HKH6K301	双心室辅助泵安装术	HKH62301	双心室辅助泵安装术	330803022	左右心室辅助泵安装术	手术费	手术收入	3.治疗类：(10)手术治疗费
HKH6K302	长期双心室辅助泵安装术	HKH62302	长期双心室辅助泵安装术			手术费	手术收入	3.治疗类：(10)手术治疗费
HKH6M301	双心室辅助血泵更换术	HKH63301	双心室辅助血泵更换术			手术费	手术收入	3.治疗类：(10)手术治疗费
HKH6N301	双心室辅助泵撤除术	HKH64301	双心室辅助泵撤除术			手术费	手术收入	3.治疗类：(10)手术治疗费
HKH6P301	心室良性肿物摘除术	HKH73301	心室良性肿物摘除术			手术费	手术收入	3.治疗类：(10)手术治疗费
HKH6U301	室壁瘤切除直接缝合术	HKH73302	室壁瘤切除直接缝合术	330803011	室壁瘤切除术	手术费	手术收入	3.治疗类：(10)手术治疗费
HKH6U302	心室憩室切除术					手术费	手术收入	3.治疗类：(10)手术治疗费
HKH6V301	室壁瘤切除左室成形术	HKH73303	室壁瘤切除+左室成形术			手术费	手术收入	3.治疗类：(10)手术治疗费
HKH6V302	假性室壁瘤切除修补术					手术费	手术收入	3.治疗类：(10)手术治疗费
HKH7P301	室壁瘤折叠术	HKH83301	室壁瘤折叠术			手术费	手术收入	3.治疗类：(10)手术治疗费
HKH7P302	心室修补术					手术费	手术收入	3.治疗类：(10)手术治疗费
HKH7Q201	经皮穿刺心室重建术					手术费	手术收入	3.治疗类：(10)手术治疗费
HKJ6K301	左心室长期辅助泵安装术	HKJ62301	左心室长期辅助泵安装术	330803022	左右心室辅助泵安装术	手术费	手术收入	3.治疗类：(10)手术治疗费
HKJ6K302	左心室辅助泵安装术	HKJ62302	左心室辅助泵安装术			手术费	手术收入	3.治疗类：(10)手术治疗费
HKJ6N301	左心室辅助泵撤除术	HKJ64301	左心室辅助泵撤除术			手术费	手术收入	3.治疗类：(10)手术治疗费
HKJ6U301	左心室流出道疏通术(Morrows手术)					手术费	手术收入	3.治疗类：(10)手术治疗费
HKJ6U302	改良左心室流出道疏通术(改良Morrow手术)					手术费	手术收入	3.治疗类：(10)手术治疗费
HKJ7F301	左室减容术	HKJ81301	左室减容术	330803014	左室减容术(Batista手术)	手术费	手术收入	3.治疗类：(10)手术治疗费
HKJ7Q301	左室双出口矫治术	HKJ89301	左心室双出口矫治术	330802018	右室双出口矫治术	手术费	手术收入	3.治疗类：(10)手术治疗费
HKK6K301	右心室辅助泵安装术	HKK62301	右心室辅助泵安装术	330803024	左右心室辅助泵安装术	手术费	手术收入	3.治疗类：(10)手术治疗费
HKK6K302	右心室长期辅助泵安装术	HKK62302	右心室长期辅助泵安装术			手术费	手术收入	3.治疗类：(10)手术治疗费
HKK6N301	右心室辅助泵撤除术	HKK64301	右心室辅助泵撤除术			手术费	手术收入	3.治疗类：(10)手术治疗费
HKK6W301	右心室动脉圆锥切除术					手术费	手术收入	3.治疗类：(10)手术治疗费
HKK7E101	经胸右室流出道支架植入术					手术费	手术收入	3.治疗类：(10)手术治疗费
HKK7E201	经皮穿刺右室流出道支架植入术					手术费	手术收入	3.治疗类：(10)手术治疗费
HKK7Q301	右室双腔心矫治术	HKK89301	右室双腔心矫治术	330802018	右室双出口矫治术	手术费	手术收入	3.治疗类：(10)手术治疗费
HKK7Q302	右心室流出道梗阻矫治术-右室内疏通法	HKK89302	右心室流出道梗阻矫治手术			手术费	手术收入	3.治疗类：(10)手术治疗费
HKK7Q303	右心室双出口心室内隧道矫治术	HKK89303	右心室双出口心室内隧道矫治术			手术费	手术收入	3.治疗类：(10)手术治疗费
HKK7Q304	右心室流出道梗阻矫治术-流出道切开加宽法					手术费	手术收入	3.治疗类：(10)手术治疗费
HKL6N301	房间隔缺损封堵器取出术					手术费	手术收入	3.治疗类：(10)手术治疗费
HKL6S101	经胸房间隔造孔术					手术费	手术收入	3.治疗类：(10)手术治疗费
HKL6S201	经皮穿刺房间隔造孔术					手术费	手术收入	3.治疗类：(10)手术治疗费
HKL6S202	经皮房间隔穿刺术	HKL62201	房间隔穿刺术			手术费	手术收入	3.治疗类：(10)手术治疗费
HKL6S301	房间隔打孔术	HKL50302	房间隔打孔术			手术费	手术收入	3.治疗类：(10)手术治疗费
HKL7D101	卵圆孔封堵术					手术费	手术收入	3.治疗类：(10)手术治疗费
HKL7D201	经皮穿刺卵圆孔封堵术					手术费	手术收入	3.治疗类：(10)手术治疗费
HKL7D202	经皮穿刺房间隔缺损封堵术	HKL59301	房间隔缺损封堵术	320400003	先心病介入治疗	手术费	手术收入	3.治疗类：(10)手术治疗费
HKL7E301	房间隔造口/房间隔缺损扩大术	HKL50301	房间隔造口/房间隔缺损扩大术	330801016	房间隔造口术(Blabock-Hanlon手术)	手术费	手术收入	3.治疗类：(10)手术治疗费
HKL7P301	房间隔缺损缝合术	HKL83301	房间隔缺损缝合术	330801017	房间隔缺损修补术	手术费	手术收入	3.治疗类：(10)手术治疗费
HKL7P302	房间隔缺损补片修补术	HKL83302	房间隔缺损补片修补术			手术费	手术收入	3.治疗类：(10)手术治疗费
HKL7P303	房间隔缺损部分修补术	HKL83303	房间隔缺损部分修补术			手术费	手术收入	3.治疗类：(10)手术治疗费
HKL7P304	房间隔术后修复术					手术费	手术收入	3.治疗类：(10)手术治疗费
HKL7P305	卵圆孔修补术	HKL83304	卵圆孔未闭缝合术	330801021	卵园孔修补术	手术费	手术收入	3.治疗类：(10)手术治疗费
HKL7Q301	单心房分隔术	HKL89301	单心房分隔术	330801028	单心室分隔术	手术费	手术收入	3.治疗类：(10)手术治疗费
HKM6N301	室间隔缺损封堵器取出术					手术费	手术收入	3.治疗类：(10)手术治疗费
HKM6S301	室间隔打孔术	HKM50301	室间隔打孔术			手术费	手术收入	3.治疗类：(10)手术治疗费
HKM7D201	经皮穿刺室间隔缺损封堵术	HKM59301	室间隔缺损封堵术	320400003	先心病介入治疗	手术费	手术收入	3.治疗类：(10)手术治疗费
HKM7E301	室间隔造口/室间隔缺损扩大术	HKM50302	室间隔造口/室间隔缺损扩大术			手术费	手术收入	3.治疗类：(10)手术治疗费
HKM7E302	左心室流出道扩大术-科诺手术	HKM89301	科诺手术	330802044	科诺(Konno)手术	手术费	手术收入	3.治疗类：(10)手术治疗费
HKM7P301	室间隔缺损缝合术	HKM83301	室间隔缺损缝合术	330801018	室间隔缺损直视修补术	手术费	手术收入	3.治疗类：(10)手术治疗费
HKM7P302	室间隔缺损补片修补术	HKM83302	室间隔缺损补片修补术			手术费	手术收入	3.治疗类：(10)手术治疗费
HKM7P303	多发室间隔缺损修补术	HKM83303	多发室间隔缺损修补术			手术费	手术收入	3.治疗类：(10)手术治疗费
HKM7P304	室间隔穿孔修补术	HKM83304	室间隔穿孔修补术	320400003	先心病介入治疗	手术费	手术收入	3.治疗类：(10)手术治疗费
HKM7P305	室间隔术后修复术					手术费	手术收入	3.治疗类：(10)手术治疗费
HKM7P306	矫正型大动脉转位室间隔缺损修补术	HKM89302	纠正性大动脉转位室间隔缺损修补术	330802041	矫正型大动脉转位伴发畸形矫治术	手术费	手术收入	3.治疗类：(10)手术治疗费
HKP-HKS	心脏瓣膜							
		HKQ66304	无支架生物瓣二尖瓣置换术			手术费	手术收入	3.治疗类：(10)手术治疗费
		HKQ66305	同种异体二尖瓣置换术			手术费	手术收入	3.治疗类：(10)手术治疗费
HKP6L301	三尖瓣置换术	HKP66301	三尖瓣置换术	330801005	三尖瓣置换术	手术费	手术收入	3.治疗类：(10)手术治疗费
HKP6L302	右侧入路三尖瓣置换术	HKP66302	右侧径路三尖瓣置换术			手术费	手术收入	3.治疗类：(10)手术治疗费
HKP6L303	再次三尖瓣手术	HKP66303	再次三尖瓣手术			手术费	手术收入	3.治疗类：(10)手术治疗费
HKP6L501	经胸腔镜三尖瓣置换术	HKP66801	胸腔镜辅助下三尖瓣置换术			手术费	手术收入	3.治疗类：(10)手术治疗费
HKP6U301	三尖瓣瓣膜切除术	HKP73301	三尖瓣瓣膜切除术			手术费	手术收入	3.治疗类：(10)手术治疗费
HKP7D301	三尖瓣口闭合术	HKP89302	三尖瓣病变畸形单心室化矫治的三尖瓣口闭合术			手术费	手术收入	3.治疗类：(10)手术治疗费
HKP7E201	经皮穿刺三尖瓣球囊成形术	HKP80201	经皮三尖瓣球囊成形术	320400001	经皮瓣膜球囊成形术	手术费	手术收入	3.治疗类：(10)手术治疗费
HKP7P201	经皮穿刺三尖瓣成形术					手术费	手术收入	3.治疗类：(10)手术治疗费
HKP7P301	三尖瓣瓣环成形术	HKP83301	三尖瓣瓣环成形术	330801004	三尖瓣直视成形术	手术费	手术收入	3.治疗类：(10)手术治疗费
HKP7P302	三尖瓣瓣叶成形术	HKP83302	三尖瓣瓣叶成形术			手术费	手术收入	3.治疗类：(10)手术治疗费
HKP7P303	三尖瓣瓣下结构成形术	HKP83303	三尖瓣瓣下结构成形术			手术费	手术收入	3.治疗类：(10)手术治疗费
HKP7P501	经胸腔镜三尖瓣成形术	HKP83304	胸腔镜辅助下三尖瓣瓣成形术			手术费	手术收入	3.治疗类：(10)手术治疗费
HKP7Q301	三尖瓣下移(Ebstein)畸形矫治术	HKP89301	三尖瓣下移畸形矫治术	330801006	三尖瓣下移畸形矫治术(Ebstein畸形矫治术)	手术费	手术收入	3.治疗类：(10)手术治疗费
HKQ6L301	二尖瓣置换术	HKQ66301	二尖瓣置换术	330801003	二尖瓣替换术	手术费	手术收入	3.治疗类：(10)手术治疗费
HKQ6L302	右侧入路二尖瓣置换术	HKQ66302	右侧径路二尖瓣置换术			手术费	手术收入	3.治疗类：(10)手术治疗费
HKQ6L303	自体肺动脉瓣二尖瓣置换术	HKQ66303	自体肺动脉瓣二尖瓣置换术			手术费	手术收入	3.治疗类：(10)手术治疗费
HKQ6L304	再次二尖瓣手术	HKQ66306	再次二尖瓣手术			手术费	手术收入	3.治疗类：(10)手术治疗费
HKQ6L305	小切口直视二尖瓣置换术					手术费	手术收入	3.治疗类：(10)手术治疗费
HKQ6L501	经胸腔镜二尖瓣置换术	HKQ66801	胸腔镜辅助下二尖瓣置换术			手术费	手术收入	3.治疗类：(10)手术治疗费
HKQ6S301	二尖瓣交界直视切开术	HKQ50301	二尖瓣交界直视切开术			手术费	手术收入	3.治疗类：(10)手术治疗费
HKQ7E201	经皮穿刺二尖瓣球囊成形术	HKQ80201	经皮二尖瓣球囊成形术	320400001	经皮瓣膜球囊成形术	手术费	手术收入	3.治疗类：(10)手术治疗费
HKQ7E301	左侧入路二尖瓣闭式扩张术	HKQ80301	左侧径路二尖瓣闭式扩张术	330801001	二尖瓣闭式扩张术	手术费	手术收入	3.治疗类：(10)手术治疗费
HKQ7E302	右侧入路二尖瓣闭式扩张术	HKQ80302	右侧径路二尖瓣闭式扩张术			手术费	手术收入	3.治疗类：(10)手术治疗费
HKQ7P201	经皮穿刺二尖瓣成形术					手术费	手术收入	3.治疗类：(10)手术治疗费
HKQ7P301	二尖瓣瓣环成形术	HKQ83301	二尖瓣瓣环成形术	330801002	二尖瓣直视成形术	手术费	手术收入	3.治疗类：(10)手术治疗费
HKQ7P302	二尖瓣瓣叶成形术	HKQ83302	二尖瓣瓣叶成形术			手术费	手术收入	3.治疗类：(10)手术治疗费
HKQ7P303	二尖瓣瓣下结构成形术	HKQ83303	二尖瓣瓣下结构成形术			手术费	手术收入	3.治疗类：(10)手术治疗费
HKQ7P501	经胸腔镜二尖瓣成形术					手术费	手术收入	3.治疗类：(10)手术治疗费
HKQ7Q301	二尖瓣狭窄/瓣上环狭窄矫治术	HKQ89301	二尖瓣狭窄/瓣上环狭窄矫治术	330802024	左室流出道狭窄疏通术	手术费	手术收入	3.治疗类：(10)手术治疗费
		HKR66307	主动脉瓣环切开成形+主动脉瓣置换术			手术费	手术收入	3.治疗类：(10)手术治疗费
HKR6L301	共同动脉干瓣膜置换术	HKR66310	共同动脉干瓣膜置换术	330802042	永存动脉干修复术	手术费	手术收入	3.治疗类：(10)手术治疗费
HKR6L302	主动脉瓣置换术	HKR66301	主动脉瓣置换术	330801009	主动脉瓣置换术	手术费	手术收入	3.治疗类：(10)手术治疗费
HKR6L303	胸骨小切口主动脉瓣置换术	HKR66302	胸骨小切口主动脉瓣置换术			手术费	手术收入	3.治疗类：(10)手术治疗费
HKR6L304	无支架生物瓣主动脉瓣置换术	HKR66303	无支架生物瓣主动脉瓣置换术			手术费	手术收入	3.治疗类：(10)手术治疗费
HKR6L305	同种异体主动脉瓣置换术	HKR66304	同种异体主动脉瓣置换术			手术费	手术收入	3.治疗类：(10)手术治疗费
HKR6L306	主动脉瓣环及窦部切开成形主动脉瓣置换术	HKR66308	主动脉瓣环及窦部切开成形+主动脉瓣置换术			手术费	手术收入	3.治疗类：(10)手术治疗费
HKR6L307	再次主动脉瓣手术	HKR66309	再次主动脉瓣手术			手术费	手术收入	3.治疗类：(10)手术治疗费
HKR6L308	经右胸肋间切口主动脉瓣置换术					手术费	手术收入	3.治疗类：(10)手术治疗费
HKR6L309	主动脉瓣二尖瓣双瓣置换术	HKR66306	主动脉瓣二尖瓣双瓣置换术	330801014	双瓣置换术	手术费	手术收入	3.治疗类：(10)手术治疗费
HKR6L310	主动脉根部扩大瓣环置换术	HKR66305	主动脉根部扩大瓣环置换术	330802025	主动脉根部替换术	手术费	手术收入	3.治疗类：(10)手术治疗费
HKR6L501	经胸腔镜主动脉瓣置换术	HKR66801	胸腔镜辅助下主动脉瓣置换术	330801013	小切口瓣膜置换术	手术费	手术收入	3.治疗类：(10)手术治疗费
HKR7E201	经皮穿刺主动脉瓣球囊成形术	HKR80201	经皮主动脉瓣球囊成形术	320400001	经皮瓣膜球囊成形术	手术费	手术收入	3.治疗类：(10)手术治疗费
HKR7E801	经胸主动脉瓣球囊扩张术					手术费	手术收入	3.治疗类：(10)手术治疗费
HKR7P301	共同动脉干瓣膜成形术	HKR89303	共同动脉干瓣膜成形术	330802042	永存动脉干修复术	手术费	手术收入	3.治疗类：(10)手术治疗费
HKR7P302	主动脉瓣直视成形术	HKR83301	主动脉瓣直视成形术	330801008	主动脉瓣直视成形术	手术费	手术收入	3.治疗类：(10)手术治疗费
HKR7P501	经胸腔镜主动脉瓣成形术	HKR83801	胸腔镜辅助下主动脉瓣成形术			手术费	手术收入	3.治疗类：(10)手术治疗费
HKR7Q301	主动脉瓣上狭窄矫治术	HKR89301	主动脉瓣上狭窄矫治术	330801007	主动脉瓣上狭窄矫治术	手术费	手术收入	3.治疗类：(10)手术治疗费
HKR7Q302	主动脉瓣下狭窄矫治术	HKR89302	主动脉瓣下狭窄矫治术	330802024	左室流出道狭窄疏通术	手术费	手术收入	3.治疗类：(10)手术治疗费
HKR7Q303	自体心包主动脉瓣重建术(OZAKI手术)					手术费	手术收入	3.治疗类：(10)手术治疗费
HKS6L301	肺动脉瓣置换术	HKS66301	肺动脉瓣置换术	330801011	肺动脉瓣置换术	手术费	手术收入	3.治疗类：(10)手术治疗费
HKS7E201	经皮穿刺肺动脉瓣球囊成形术	HKS80201	经皮肺动脉瓣球囊成形术	320400001	经皮瓣膜球囊成形术	手术费	手术收入	3.治疗类：(10)手术治疗费
HKS7E202	经皮穿刺肺动脉瓣支架植入术					手术费	手术收入	3.治疗类：(10)手术治疗费
HKS7E801	经胸肺动脉瓣支架植入术					手术费	手术收入	3.治疗类：(10)手术治疗费
HKS7E802	经胸肺动脉瓣球囊扩张术					手术费	手术收入	3.治疗类：(10)手术治疗费
HKS7P301	肺动脉瓣成形术	HKS83301	肺动脉瓣成形术	330801012	肺动脉瓣狭窄矫治术	手术费	手术收入	3.治疗类：(10)手术治疗费
HKT	心传导系							
HKT6K301	心外膜临时起搏器安置术	HKT62303	心外膜临时起搏器安置术	330803017	心脏表面临时起搏器安置术	手术费	手术收入	3.治疗类：(10)手术治疗费
				330803018	激光心肌打孔术	手术费	手术收入	3.治疗类：(10)手术治疗费
HKT6K302	心外膜永久起搏器安置术	HKT62304	心外膜永久起搏器安置术	310702007	永久起搏器安置术	手术费	手术收入	3.治疗类：(10)手术治疗费
HKT6K303	心脏除颤器导线置入术					手术费	手术收入	3.治疗类：(10)手术治疗费
HKT6M301	永久起搏器更换术	HKT63301	永久起搏器更换术	310702008	永久起搏器更换术	手术费	手术收入	3.治疗类：(10)手术治疗费
HKT6M302	埋藏式心脏复律除颤器更换术					手术费	手术收入	3.治疗类：(10)手术治疗费
HKT6M303	起搏器电极导线重整术					手术费	手术收入	3.治疗类：(10)手术治疗费
HKT6N301	植入式心电记录器取出术					手术费	手术收入	3.治疗类：(10)手术治疗费
HKT6U301	心脏异常传导束切除术	HKT73301	心脏异常传导束切除术	330803015	心脏异常传导束切断术	手术费	手术收入	3.治疗类：(10)手术治疗费
HKT7N201	经皮穿刺普通室上性心动过速射频消融术	HKT72201	普通室上性心动过速射频消融术	310702004	射频消融术	手术费	手术收入	3.治疗类：(10)手术治疗费
HKT7N202	经皮穿刺室速射频消融术	HKT72202	室速射频消融术			手术费	手术收入	3.治疗类：(10)手术治疗费
HKT7N203	经皮穿刺快速性心律失常冷冻消融术					手术费	手术收入	3.治疗类：(10)手术治疗费
HKT7N204	经皮穿刺房速房扑射频消融术	HKT72204	房速房扑射频消融术	310702004	射频消融术	手术费	手术收入	3.治疗类：(10)手术治疗费
HKT7N205	经皮穿刺房颤射频消融术	HKT72205	房颤射频消融术			手术费	手术收入	3.治疗类：(10)手术治疗费
HKT7N206	经皮穿刺房颤冷冻消融术					手术费	手术收入	3.治疗类：(10)手术治疗费
HKT7N207	经皮穿刺肥厚梗阻型心肌病化学消融术	HKT72203	肥厚梗阻型心肌病化学消融术	320500016	肥厚型心肌病化学消融术	手术费	手术收入	3.治疗类：(10)手术治疗费
HKT7Q301	房颤外科矫治术	HKT73302	房颤矫治术	330803016	迷宫手术(房颤矫治术)	手术费	手术收入	3.治疗类：(10)手术治疗费
HKT7Q501	经胸腔镜房颤矫治术	HKT73501	经胸腔镜房颤矫治术			手术费	手术收入	3.治疗类：(10)手术治疗费
HKU-HKV	3.心血管							
HKU	冠状动脉							
				330802009	肺动静脉瘘结扎术	手术费	手术收入	3.治疗类：(10)手术治疗费
				320500015	冠脉内局部药物释放治疗术	手术费	手术收入	3.治疗类：(10)手术治疗费
HKU6B201	经皮穿刺冠状动脉内超声溶栓术	HKU72201	冠状动脉内超声溶栓术	320500013	冠状动脉内超声溶栓术	手术费	手术收入	3.治疗类：(10)手术治疗费
HKU6K201	经皮穿刺冠状动脉远端血管保护装置置入术	HKU62301	冠状动脉远端血管保护装置置入术			手术费	手术收入	3.治疗类：(10)手术治疗费
HKU6P201	经皮穿刺冠状动脉内血栓抽吸术	HKU65201	冠状动脉内血栓抽吸术			手术费	手术收入	3.治疗类：(10)手术治疗费
HKU6U201	经皮穿刺冠状动脉内膜定向旋切术	HKU73202	冠状动脉内膜定向旋切术	320500006	定向冠脉内膜旋切术	手术费	手术收入	3.治疗类：(10)手术治疗费
HKU6U202	经皮穿刺冠状动脉内膜高速旋磨术	HKU73203	冠状动脉内膜高速旋磨术	320500005	高速冠状动脉内膜旋磨术	手术费	手术收入	3.治疗类：(10)手术治疗费
HKU6U301	冠状动脉内膜切除术	HKU73201	冠状动脉内膜切除术	330802008	冠状动脉内膜切除术	手术费	手术收入	3.治疗类：(10)手术治疗费
				320500011	经皮冠状动脉内溶栓术	手术费	手术收入	3.治疗类：(10)手术治疗费
HKU7C301	冠状动脉肌桥松解术					手术费	手术收入	3.治疗类：(10)手术治疗费
HKU7D201	经皮穿刺冠状动脉瘘栓闭术	HKU59201	冠状动脉瘘栓闭术			手术费	手术收入	3.治疗类：(10)手术治疗费
HKU7D202	冠状动静脉瘘栓塞术					手术费	手术收入	3.治疗类：(10)手术治疗费
HKU7D301	冠状动脉瘘结扎术	HKU59301	冠状动脉瘘结扎术	330802001	冠状动静脉瘘修补术	手术费	手术收入	3.治疗类：(10)手术治疗费
HKU7E201	经皮穿刺冠状动脉闭塞逆向介入治疗					手术费	手术收入	3.治疗类：(10)手术治疗费
HKU7E202	经皮穿刺冠状动脉球囊扩张术	HKU80201	经皮冠状动脉球囊扩张术	320500002	经皮冠状动脉腔内成形术(PTCA)	手术费	手术收入	3.治疗类：(10)手术治疗费
HKU7E203	经皮穿刺冠状动脉支架置入术	HKU80202	经皮冠状动脉支架置入术	320500003	经皮冠状动脉内支架置入术(STENT)	手术费	手术收入	3.治疗类：(10)手术治疗费
HKU7K301	正中切口冠状动脉旁路移植术	HKU86301	正中切口冠状动脉旁路移植术	330802005	冠脉搭桥+人工血管置换术	手术费	手术收入	3.治疗类：(10)手术治疗费
HKU7K302	小切口冠状动脉旁路移植术	HKU86303	小切口体外循环下冠状动脉旁路移植术	330802003	冠状动脉搭桥术	手术费	手术收入	3.治疗类：(10)手术治疗费
HKU7K501	经胸腔镜冠状动脉旁路移植术	HKU86501	胸腔镜辅助下冠状动脉旁路移植术			手术费	手术收入	3.治疗类：(10)手术治疗费
HKU7P201	经皮穿刺冠状动脉腔内激光成形术	HKU83201	经皮冠状动脉腔内激光成形术	320500004	经皮冠状动脉腔内激光成形术(ELCA)	手术费	手术收入	3.治疗类：(10)手术治疗费
HKU7P301	冠状动脉瘘矫治术	HKU83301	冠状动脉瘘矫治术	330802001	冠状动静脉瘘修补术	手术费	手术收入	3.治疗类：(10)手术治疗费
HKU7P302	冠状动脉修补术					手术费	手术收入	3.治疗类：(10)手术治疗费
HKU7Q301	冠状动脉异常起源于肺动脉矫治术	HKU89301	冠状动脉异常起源于肺动脉矫治术	330802002	冠状动脉起源异常矫治术	手术费	手术收入	3.治疗类：(10)手术治疗费
		HKU86302	侧切口冠状动脉旁路移植术	330802003	冠状动脉搭桥术	手术费	手术收入	3.治疗类：(10)手术治疗费
		HKU89201	经皮激光心肌血管重建术	320500012	经皮激光心肌血管重建术(PMR)	手术费	手术收入	3.治疗类：(10)手术治疗费
HKV	冠状静脉							
HKV7K301	冠状静脉下腔静脉分流术	HKV86301	冠状静脉下腔静脉分流术	331008025	门体静脉搭桥分流术	手术费	手术收入	3.治疗类：(10)手术治疗费
HKV7Q301	冠状静脉窦无顶综合征矫治术	HKL89302	冠状静脉窦无顶综合征矫治术	330802010	冠状静脉窦无顶综合征矫治术	手术费	手术收入	3.治疗类：(10)手术治疗费
HKY	4.畸形心脏和大血管							
HKY6L301	主动脉左室室间隔成形主动脉瓣置换术	HKY66303	主动脉左室室间隔成形+主动脉瓣置换术	330802027	细小主动脉根部加宽补片成形术	手术费	手术收入	3.治疗类：(10)手术治疗费
HKY6L302	自体肺动脉瓣替换主动脉瓣术-科诺手术	HKY66301	自体肺动脉瓣替换主动脉瓣术-科诺手术			手术费	手术收入	3.治疗类：(10)手术治疗费
HKY6L303	自体肺动脉瓣替换主动脉瓣术	HKY66302	自体肺动脉瓣替换主动脉瓣术	330801010	自体肺动脉瓣替换主动脉瓣术(ROSS手术)	手术费	手术收入	3.治疗类：(10)手术治疗费
HKY7P301	动脉调转室间隔缺损修补术	HKY89321	动脉调转术(ASO)+室间隔缺损修补术			手术费	手术收入	3.治疗类：(10)手术治疗费
HKY7Q301	部分型房室通道矫治术	HKY89301	部分型房室通道矫治术	330801019	部分型心内膜垫缺损矫治术	手术费	手术收入	3.治疗类：(10)手术治疗费
HKY7Q302	完全型房室通道矫治术	HKY89302	完全型房室通道矫治术	330801020	完全型心内膜垫缺损矫治术	手术费	手术收入	3.治疗类：(10)手术治疗费
HKY7Q303	过渡型房室通道矫治术	HKY89303	过渡型房室通道矫治术			手术费	手术收入	3.治疗类：(10)手术治疗费
HKY7Q304	心内隧道+肺动脉右心室连接术(REV手术)	HKY89304	心内隧道+肺动脉右心室连接术	330802018	右室双出口矫治术	手术费	手术收入	3.治疗类：(10)手术治疗费
HKY7Q305	心内隧道外管道手术(Rastelli手术)	HKY89305	心内隧道外管道手术	330802039	内外通道矫治手术(Rastalli手术)	手术费	手术收入	3.治疗类：(10)手术治疗费
HKY7Q306	半房坦手术	HKY89306	半房坦手术	330802040	房坦型手术(FontanType手术)	手术费	手术收入	3.治疗类：(10)手术治疗费
HKY7Q307	房坦手术(心房－肺动脉连接)	HKY89307	房坦手术(心房－肺动脉连接)			手术费	手术收入	3.治疗类：(10)手术治疗费
HKY7Q308	一个半心室矫治术	HKY89309	一个半心室矫治术			手术费	手术收入	3.治疗类：(10)手术治疗费
HKY7Q309	左心发育不良综合征双心室修复术	HKY89310	左心发育不良综合征双心室修复术	330802045	外通道手术	手术费	手术收入	3.治疗类：(10)手术治疗费
				330801022	法鲁氏三联症根治术	手术费	手术收入	3.治疗类：(10)手术治疗费
HKY7Q310	法洛氏四联症根治术-不切右室	HKY89311	法洛氏四联症根治术-不切右室	330801025	法鲁氏四联症根治术(小)	手术费	手术收入	3.治疗类：(10)手术治疗费
HKY7Q311	法洛氏四联症非跨环补片根治术-切右室	HKY89312	法洛氏四联症非跨环补片根治术-切右室			手术费	手术收入	3.治疗类：(10)手术治疗费
HKY7Q312	法洛氏四联症跨环补片根治术-切右室	HKY89313	法洛氏四联症跨环补片根治术-切右室			手术费	手术收入	3.治疗类：(10)手术治疗费
HKY7Q313	法洛氏四联症右室－肺动脉外管道根治术	HKY89314	法洛氏四联症右室－肺动脉外管道根治术			手术费	手术收入	3.治疗类：(10)手术治疗费
HKY7Q314	法洛氏四联症肺动脉瓣缺如根治术	HKY89315	法洛氏四联症肺动脉瓣缺如根治术			手术费	手术收入	3.治疗类：(10)手术治疗费
HKY7Q315	法洛氏四联症合并完全型房室通道根治术	HKY89316	法洛氏四联症合并完全型房室通道根治术			手术费	手术收入	3.治疗类：(10)手术治疗费
				330801024	法鲁氏四联症根治术(中)	手术费	手术收入	3.治疗类：(10)手术治疗费
				330801023	法鲁氏四联症根治术(大)	手术费	手术收入	3.治疗类：(10)手术治疗费
HKY7Q316	肺动脉闭锁－室间隔缺损根治术	HKY89317	肺动脉闭锁－室间隔缺损根治术	330802019	肺动脉闭锁矫治术	手术费	手术收入	3.治疗类：(10)手术治疗费
HKY7Q317	肺动脉闭锁-室间隔缺损-体肺侧支循环根治术	HKY89318	肺动脉闭锁-室间隔缺损-体肺侧支循环根治术			手术费	手术收入	3.治疗类：(10)手术治疗费
HKY7Q318	共同动脉干矫治术	HKY89319	共同动脉干矫治术	330802042	永存动脉干修复术	手术费	手术收入	3.治疗类：(10)手术治疗费
HKY7Q319	矫正性大动脉转位室间隔缺损修补+左室－肺动脉外管道矫治	HKY89320	纠正性大动脉转位室间隔缺损修补+左室－肺动脉外管道矫治	330802041	矫正型大动脉转位伴发畸形矫治术	手术费	手术收入	3.治疗类：(10)手术治疗费
HKY7Q320	术主动脉弓中断矫治术	HKY89322	术主动脉弓中断矫治术	330802031	主动脉弓中断矫治术	手术费	手术收入	3.治疗类：(10)手术治疗费
HKY7Q321	主动脉肺动脉吻合术(Damus–Kaye–StanselDKS手术)	HKY89323	主动脉肺动脉吻合术			手术费	手术收入	3.治疗类：(10)手术治疗费
HKY7Q322	单向腔肺吻合术	HKY89324	单向腔肺吻合术	330802011	上腔静脉肺动脉吻合术(双向Glenn)	手术费	手术收入	3.治疗类：(10)手术治疗费
HKY7Q323	双向腔肺吻合术	HKY89325	双向腔肺吻合术			手术费	手术收入	3.治疗类：(10)手术治疗费
HKY7Q324	双侧双向腔肺吻合术	HKY89326	双侧双向腔肺吻合术	330802011	上腔静脉肺动脉吻合术(双向Glenn)	手术费	手术收入	3.治疗类：(10)手术治疗费
HKY7Q325	侧通道全腔静脉肺动脉吻合术	HKY89327	侧通道全腔静脉肺动脉吻合术	330802017	全腔肺动脉吻合术	手术费	手术收入	3.治疗类：(10)手术治疗费
HKY7Q326	外通道全腔静脉肺动脉吻合术	HKY89328	外通道全腔静脉肺动脉吻合术			手术费	手术收入	3.治疗类：(10)手术治疗费
HKY7Q327	肺动脉闭锁主肺动脉重建术	HKY89329	肺动脉闭锁主肺动脉重建术	330802019	肺动脉闭锁矫治术	手术费	手术收入	3.治疗类：(10)手术治疗费
HKY7Q328	肺动脉闭锁肺动脉分支重建术	HKY89330	肺动脉闭锁肺动脉分支重建术			手术费	手术收入	3.治疗类：(10)手术治疗费
HKY7Q329	动脉调转术	HKY89331	动脉调转术	330802036	动脉调转术(Switch术)	手术费	手术收入	3.治疗类：(10)手术治疗费
HKY7Q330	双动脉根部调转术	HKY89332	双动脉根部调转术			手术费	手术收入	3.治疗类：(10)手术治疗费
HKY7Q331	主动脉移位左右室流出道重建术(Nikaidoh手术)	HKY89333	主动脉移位+左右室流出道重建术			手术费	手术收入	3.治疗类：(10)手术治疗费
HKY7Q332	心房调转双动脉根部调转术	HKY89334	心房调转+双动脉根部调转术			手术费	手术收入	3.治疗类：(10)手术治疗费
HKY7Q333	心房调转动脉调转术	HKY89335	心房调转+动脉调转术			手术费	手术收入	3.治疗类：(10)手术治疗费
HKY7Q334	心房调转+心内隧道外管道手术	HKY89336	心房调转+心内隧道外管道手术			手术费	手术收入	3.治疗类：(10)手术治疗费
HKY7Q335	主肺动脉主动脉连接成形+肺动脉血流重建术(Norwood一期)	HKY89337	主肺动脉主动脉连接成形+肺动脉血流重建术	330802045	外通道手术	手术费	手术收入	3.治疗类：(10)手术治疗费
HKY7Q336	单心室分隔术					手术费	手术收入	3.治疗类：(10)手术治疗费
HKY7Q337	左室流出道重建术			330802045	外通道手术	手术费	手术收入	3.治疗类：(10)手术治疗费
		HKY89308	房坦手术(心房－心室连接)	330802040	房坦型手术(FontanType手术)	手术费	手术收入	3.治疗类：(10)手术治疗费
				330801026	复合性先天性心脏畸形矫治术	手术费	手术收入	3.治疗类：(10)手术治疗费
HLA	5.肺动脉							
HLA6L301	肺动脉瘤切除人工血管置换术					手术费	手术收入	3.治疗类：(10)手术治疗费
HLA6P201	经皮肺动脉内血栓抽吸术	HLA65201	经皮肺动脉内血栓抽吸术			手术费	手术收入	3.治疗类：(10)手术治疗费
HLA6P202	经皮穿刺肺动脉内异物取出术	HLA65202	经皮穿刺肺动脉内异物取出术	330702001	肺内异物摘除术	手术费	手术收入	3.治疗类：(10)手术治疗费
HLA6P301	肺动脉切开取栓术	HLA65301	肺动脉切开取栓术	330802013	肺动脉栓塞摘除术	手术费	手术收入	3.治疗类：(10)手术治疗费
HLA6P302	肺动脉内膜剥脱术	HLA65302	肺动脉内膜剥脱术			手术费	手术收入	3.治疗类：(10)手术治疗费
HLA7D201	经皮穿刺肺动静脉瘘封堵术					手术费	手术收入	3.治疗类：(10)手术治疗费
HLA7D202	经皮穿刺肺动静脉瘘栓塞术					手术费	手术收入	3.治疗类：(10)手术治疗费
HLA7D203	经皮穿刺动静脉瘘栓塞术					手术费	手术收入	3.治疗类：(10)手术治疗费
HLA7D204	经皮穿刺肺动脉栓塞术	HLA59201	经皮穿刺肺动脉栓塞术	320200007	经皮动脉栓塞术	手术费	手术收入	3.治疗类：(10)手术治疗费
HLA7D205	经皮穿刺支气管动脉栓塞术	HLA59202	经皮穿刺支气管动脉栓塞术			手术费	手术收入	3.治疗类：(10)手术治疗费
HLA7D301	肺动脉结扎术	HLA59301	肺动脉结扎术			手术费	手术收入	3.治疗类：(10)手术治疗费
HLA7E202	经皮穿刺肺动脉支架置入术	HLA80202	经皮穿刺肺动脉支架置入术	320200010	经皮动脉支架置入术	手术费	手术收入	3.治疗类：(10)手术治疗费
HLA7E203	经皮穿刺闭锁肺动脉闭锁打孔扩张成形术					手术费	手术收入	3.治疗类：(10)手术治疗费
HLA7E301	肺动脉带瓣支架植入术					手术费	手术收入	3.治疗类：(10)手术治疗费
HLA7F301	肺动脉环缩术	HLA83302	肺动脉环缩术	330802012	肺动脉环缩术	手术费	手术收入	3.治疗类：(10)手术治疗费
HLA7L301	肺动脉融合术					手术费	手术收入	3.治疗类：(10)手术治疗费
HLA7N201	经皮肺动脉内血栓碎栓术	HLA72202	经皮肺动脉内血栓碎栓术			手术费	手术收入	3.治疗类：(10)手术治疗费
HLA7P201	经皮穿刺肺动脉球囊成形术	HLA80201	经皮穿刺肺动脉球囊扩张术	320200009	经皮动脉内球囊扩张术	手术费	手术收入	3.治疗类：(10)手术治疗费
HLA7P301	肺动脉瘤修复术	HLA83301	肺动脉瘤修复术			手术费	手术收入	3.治疗类：(10)手术治疗费
HLA7P302	肺动脉环缩解除术	HLA83303	肺动脉环缩解除术			手术费	手术收入	3.治疗类：(10)手术治疗费
HLA7P303	肺动脉成形术					手术费	手术收入	3.治疗类：(10)手术治疗费
HLA7P304	肺动脉干全部成形术					手术费	手术收入	3.治疗类：(10)手术治疗费
HLA7P305	肺动脉干部分成形术					手术费	手术收入	3.治疗类：(10)手术治疗费
HLA7Q301	右室－肺动脉外管道置入术	HLA89301	右室－肺动脉外管道置入术	330802045	外通道手术	手术费	手术收入	3.治疗类：(10)手术治疗费
HLA7Q302	单侧肺动脉起源于升主动脉矫治术	HLA89304	单侧肺动脉起源于升主动脉矫治术			手术费	手术收入	3.治疗类：(10)手术治疗费
HLA7Q303	肺动脉吊带矫治术	HLA89305	肺动脉吊带矫治术	330802032	先天性心脏病主动脉弓部血管环切断术	手术费	手术收入	3.治疗类：(10)手术治疗费
HLA7Q304	左室－肺动脉外管道置入术	HLA89303	左室－肺动脉外管道置入术	330802045	外通道手术	手术费	手术收入	3.治疗类：(10)手术治疗费
HLB-HL1	6.体循环动脉							
HLB	主动脉							
HLB6L301	胸腹主动脉置换术	HLB66301	全胸腹主动脉替换术	330804011	胸腹主动脉瘤切除人工血管转流术	手术费	手术收入	3.治疗类：(10)手术治疗费
HLB6L302	带瓣全主动脉人工血管置换术	HLB66302	带瓣全程主动脉人工血管置换术	330804009	带瓣全程主动脉人工血管置换术	手术费	手术收入	3.治疗类：(10)手术治疗费
HLB6L303	全主动脉人工血管置换术	HLB66303	全程主动脉人工血管置换术	330804010	全程主动脉人工血管置换术	手术费	手术收入	3.治疗类：(10)手术治疗费
HLB6L304	次全主动脉人工血管置换术	HLB66304	次全主动脉人工血管置换术			手术费	手术收入	3.治疗类：(10)手术治疗费
				330802043	复合性人工血管置换术	手术费	手术收入	3.治疗类：(10)手术治疗费
HLB6L305	主动脉缩窄切除人工血管置换术	HLD66311	主动脉缩窄血管移植物置换矫治术	330802023	主动脉缩窄矫治术	手术费	手术收入	3.治疗类：(10)手术治疗费
HLB6U301	科默雷尔(Kommerell)憩室切除术					手术费	手术收入	3.治疗类：(10)手术治疗费
HLB6U302	主动脉部分切除直接吻合术					手术费	手术收入	3.治疗类：(10)手术治疗费
HLB6V301	胸腹主动脉瘤切除内脏血管重建术	HLB74301	胸腹主动脉瘤切除+内脏血管重建术	330804011	胸腹主动脉瘤切除人工血管转流术	手术费	手术收入	3.治疗类：(10)手术治疗费
HLB7D201	经皮穿刺主动脉窦瘤破裂介入封堵术					手术费	手术收入	3.治疗类：(10)手术治疗费
HLB7D202	主动脉夹层假腔栓塞术					手术费	手术收入	3.治疗类：(10)手术治疗费
HLB7E201	胸腹主动脉瘤腔内修复术	HLB80204	胸腹主动脉瘤腔内隔绝术			手术费	手术收入	3.治疗类：(10)手术治疗费
HLB7E202	经皮主动脉缩窄症支架成形术	HLB80201	主动脉缩窄症支架成形术	320200001	经股动脉置管腹主动脉带簿网支架置入术	手术费	手术收入	3.治疗类：(10)手术治疗费
HLB7E203	经皮主动脉缩窄症球囊扩张术	HLB80202	主动脉缩窄症球囊扩张术			手术费	手术收入	3.治疗类：(10)手术治疗费
HLB7E204	经皮穿刺主动脉夹层腔内修复术	HLB80203	夹层动脉瘤腔内隔绝术	330804071	夹层动脉瘤腔内隔绝术	手术费	手术收入	3.治疗类：(10)手术治疗费
HLB7E205	经皮穿刺先天性主动脉缩窄症球囊扩张成形术	HLB80205	先天性主动脉缩窄症球囊扩张成形术	320200009	经皮动脉内球囊扩张术	手术费	手术收入	3.治疗类：(10)手术治疗费
HLB7E206	急性主动脉综合征腔内修复术	HLB80206	急性主动脉综合征腔内隔绝术	330804071	夹层动脉瘤腔内隔绝术	手术费	手术收入	3.治疗类：(10)手术治疗费
HLB7E207	V2区主动脉夹层腔内修复术	HLB80207	V2区主动脉夹层腔内隔绝术			手术费	手术收入	3.治疗类：(10)手术治疗费
HLB7E208	N2区主动脉夹层腔内修复术	HLB80208	N2区主动脉夹层腔内隔绝术			手术费	手术收入	3.治疗类：(10)手术治疗费
HLB7E209	V3区主动脉夹层腔内修复术	HLB80209	V3区主动脉夹层腔内隔绝术			手术费	手术收入	3.治疗类：(10)手术治疗费
HLB7E210	N3区主动脉夹层腔内修复术	HLB80210	N3区主动脉夹层腔内隔绝术			手术费	手术收入	3.治疗类：(10)手术治疗费
HLB7E211	N1区主动脉夹层腔内修复术	HLB80211	N1区主动脉夹层腔内隔绝术			手术费	手术收入	3.治疗类：(10)手术治疗费
HLB7E212	经皮穿刺烟囱技术V2区主动脉夹层腔内修复术	HLB80212	烟囱技术V2区主动脉夹层腔内隔绝术			手术费	手术收入	3.治疗类：(10)手术治疗费
HLB7E213	先天性主动脉缩窄支架成形术	HLB80213	先天性主动脉缩窄支架成形术			手术费	手术收入	3.治疗类：(10)手术治疗费
HLB7E214	经血管主动脉瓣植入术					手术费	手术收入	3.治疗类：(10)手术治疗费
HLB7E301	杂交技术胸腹主动脉瘤腔内逆行旁路修复术	HLB80301	经腹杂交技术胸腹主动脉瘤腔内隔绝术(逆行旁路技术)	330804071	夹层动脉瘤腔内隔绝术	手术费	手术收入	3.治疗类：(10)手术治疗费
HLB7E302	经胸腹联合杂交技术胸腹主动脉瘤腔内顺行旁路修复术	HLB80302	经胸腹联合杂交技术胸腹主动脉瘤腔内隔绝术(顺行旁路技			手术费	手术收入	3.治疗类：(10)手术治疗费
HLB7E303	经胸主动脉支架植入术	HLJ80201	术)胸主动脉支架成形术	320200010	经皮动脉支架置入术	手术费	手术收入	3.治疗类：(10)手术治疗费
HLB7E304	经胸杂交技术V2区主动脉夹层腔内修复术	HLB80303	经胸杂交技术V2区主动脉夹层腔内隔绝术	330804071	夹层动脉瘤腔内隔绝术	手术费	手术收入	3.治疗类：(10)手术治疗费
HLB7E305	胸外杂交技术V2区主动脉夹层腔内修复术	HLB80304	胸外杂交技术V2区主动脉夹层腔内隔绝术			手术费	手术收入	3.治疗类：(10)手术治疗费
HLB7E306	杂交技术V3区主动脉夹层腔内修复术	HLB80305	经腹杂交技术V3区主动脉夹层腔内隔绝术	330804071	夹层动脉瘤腔内隔绝术	手术费	手术收入	3.治疗类：(10)手术治疗费
HLB7E307	N1区主动脉夹层瘤颈成形 + 腔内修复术	HLB83301	N1区主动脉夹层瘤颈成形加腔内隔绝术			手术费	手术收入	3.治疗类：(10)手术治疗费
HLB7K301	主动脉-肱动脉旁路移植术					手术费	手术收入	3.治疗类：(10)手术治疗费
HLB7K302	主动脉-锁骨下动脉-肱动脉旁路移植术					手术费	手术收入	3.治疗类：(10)手术治疗费
HLB7P301	胸腹主动脉损伤修复术	HLB83303	胸腹主动脉损伤修复术	330804014	胸腹主动脉损伤修复术	手术费	手术收入	3.治疗类：(10)手术治疗费
HLB7P302	主动脉窦成形术	HLB83302	主动脉窦成形术			手术费	手术收入	3.治疗类：(10)手术治疗费
HLB7P303	主动脉窦瘤破裂修补术	HLB83304	主动脉窦瘤破裂修补术	330802028	主动脉窦瘤破裂修补术	手术费	手术收入	3.治疗类：(10)手术治疗费
HLB7P304	左室－主动脉通道修补术	HLB89301	左室－主动脉通道修补术	330802045	外通道手术	手术费	手术收入	3.治疗类：(10)手术治疗费
HLB7Q301	血管环矫治术	HLB89302	血管环矫治术	330802032	先天性心脏病主动脉弓部血管环切断术	手术费	手术收入	3.治疗类：(10)手术治疗费
HLB7Q302	主动脉缩窄升主动脉－腹主动脉旁路矫治术	HLD89306	主动脉缩窄升主动脉－腹主动脉旁路矫治术	330802023	主动脉缩窄矫治术	手术费	手术收入	3.治疗类：(10)手术治疗费
HLC	升主动脉							
HLC6L301	升主动脉替换术+主动脉瓣置换术	HLC66307	升主动脉替换加主动脉瓣替换术	330802030	升主动脉替换加主动脉瓣替换术(Wheat′s手术)	手术费	手术收入	3.治疗类：(10)手术治疗费
HLC6L302	A型主动脉夹层升主动脉置换术	HLC66308	主动脉夹层升主动脉替换术	330802029	升主动脉替换术	手术费	手术收入	3.治疗类：(10)手术治疗费
HLC6L303	升主动脉置换术	HLC66309	升主动脉瘤切除升主动脉替换术			手术费	手术收入	3.治疗类：(10)手术治疗费
HLC6L304	主动脉根部置换术	HLC66301	主动脉根部瘤切除主动脉根部替换术	330802025	主动脉根部替换术	手术费	手术收入	3.治疗类：(10)手术治疗费
HLC6L305	保留瓣膜的主动脉根部置换术Ⅰ(DavidⅠ)	HLC66302	主动脉根部瘤切除保留瓣膜的主动脉根部替换术Ⅰ(DavidⅠ手术)	330802026	保留瓣膜的主动脉根部替换术	手术费	手术收入	3.治疗类：(10)手术治疗费
HLC6L306	保留瓣膜的主动脉根部置换术Ⅱ(DavidⅡ/Yacuob手术)	HLC66303	主动脉根部瘤切除保留瓣膜的主动脉根部替换术Ⅱ(DavidⅡ手术或Yacuob手术)			手术费	手术收入	3.治疗类：(10)手术治疗费
HLC6L307	A型主动脉夹层主动脉根部置换术	HLC66304	主动脉夹层主动脉根部替换术	330802025	主动脉根部替换术	手术费	手术收入	3.治疗类：(10)手术治疗费
HLC6L308	A型主动脉夹层保留瓣膜的主动脉根部置换术I	HLC66305	主动脉夹层保留瓣膜的主动脉根部替换术I(DavidI手术)	330802026	保留瓣膜的主动脉根部替换术	手术费	手术收入	3.治疗类：(10)手术治疗费
HLC6L309	A型主动脉夹层保留瓣膜的主动脉根部置换术Ⅱ	HLC66306	主动脉夹层保留瓣膜的主动脉根部替换术Ⅱ(DavidⅡ手术或Yacuob手术)			手术费	手术收入	3.治疗类：(10)手术治疗费
HLC7E201	升主动脉瘤腔内修复术	HLC80201	升主动脉瘤腔内隔绝术	330804071	夹层动脉瘤腔内隔绝术	手术费	手术收入	3.治疗类：(10)手术治疗费
HLC7E301	升主动脉瘤经胸瘤颈成形加腔内修复术	HLC83303	升主动脉瘤经胸瘤颈成形加腔内隔绝术			手术费	手术收入	3.治疗类：(10)手术治疗费
HLC7K301	升主动脉-肺动脉吻合术(墨尔本分流)					手术费	手术收入	3.治疗类：(10)手术治疗费
HLC7K302	升主动脉－腹主动脉旁路移植术	HLC86304	升主动脉－腹主动脉旁路术			手术费	手术收入	3.治疗类：(10)手术治疗费
HLC7K303	升主动脉-颈总(内)动脉旁路移植术	HLC86302	升主动脉-颈内(总)动脉旁路术	330804008	升主动脉双腋Y型人工血管架桥颈动脉大隐静脉架桥术	手术费	手术收入	3.治疗类：(10)手术治疗费
HLC7K304	升主动脉-颈总(内)动脉及锁骨下动脉旁路移植术	HLC86303	升主动脉-颈内动脉及锁骨下动脉旁路术	330804008	升主动脉双腋Y型人工血管架桥颈动脉大隐静脉架桥术	手术费	手术收入	3.治疗类：(10)手术治疗费
HLC7K305	升主动脉双侧锁骨下动脉旁路移植术	HLC86307	升主动脉双锁骨下动脉Y型人工血管旁路术			手术费	手术收入	3.治疗类：(10)手术治疗费
HLC7K306	升主动脉-双侧腋动脉+单侧颈动脉旁路移植术	HLC86305	升主动脉-双腋动脉Y型人工血管-单侧颈动脉自体血管旁路术			手术费	手术收入	3.治疗类：(10)手术治疗费
HLC7K307	升主动脉-双侧腋动脉旁路移植术	HLC86306	升主动脉-双腋动脉Y型人工血管旁路术			手术费	手术收入	3.治疗类：(10)手术治疗费
HLC7K308	升主动脉-头臂动脉旁路移植术					手术费	手术收入	3.治疗类：(10)手术治疗费
HLC7K309	升主动脉-外周血管旁路移植术					手术费	手术收入	3.治疗类：(10)手术治疗费
HLC7K310	升主动脉－胸主动脉旁路移植术	HLC86308	升主动脉－胸主动脉旁路移植术			手术费	手术收入	3.治疗类：(10)手术治疗费
HLC7K311	主动脉根部包裹右心房分流术	HLC86301	主动脉根部包裹右心房分流术			手术费	手术收入	3.治疗类：(10)手术治疗费
HLC7P301	升主动脉成形术	HLC83301	升主动脉成形术	330802029	升主动脉替换术	手术费	手术收入	3.治疗类：(10)手术治疗费
HLC7P302	升主动脉损伤修复术					手术费	手术收入	3.治疗类：(10)手术治疗费
HLC7P303	主动脉根部人工血管包裹塑形术	HLC83302	主动脉根部人工血管包裹塑形术			手术费	手术收入	3.治疗类：(10)手术治疗费
HLD	主动脉弓							
HLD6K301	直视支架象鼻植入术			330802034	“象鼻子”技术	手术费	手术收入	3.治疗类：(10)手术治疗费
HLD6L301	主动脉夹层部分主动脉弓置换术	HLD66301	主动脉夹层部分主动脉弓置换术	330802033	主动脉弓置换术	手术费	手术收入	3.治疗类：(10)手术治疗费
HLD6L302	主动脉夹层全主动脉弓置换术	HLD66302	主动脉夹层全主动脉弓置换术			手术费	手术收入	3.治疗类：(10)手术治疗费
HLD6L303	主动脉弓部瘤切除部分主动脉弓置换术	HLD66308	主动脉弓部瘤切除部分主动脉弓置换术			手术费	手术收入	3.治疗类：(10)手术治疗费
HLD6L304	主动脉弓部瘤切除全主动脉弓置换术	HLD66309	主动脉弓部瘤切除全主动脉弓置换术	330802033	主动脉弓置换术	手术费	手术收入	3.治疗类：(10)手术治疗费
HLD6L305	主动脉弓部瘤切除+人工血管置换术	HLD66310	主动脉弓部瘤切除人工血管置换术	330802035	主动脉弓降部瘤切除人工血管置换术	手术费	手术收入	3.治疗类：(10)手术治疗费
HLD6L306	全主动脉弓置换+降主动脉支架象鼻植入术	HLD66303	全主动脉弓置换术+降主动脉腔内覆膜支架血管置入术	330802033	主动脉弓置换术	手术费	手术收入	3.治疗类：(10)手术治疗费
HLD6L307	全主动脉弓置换术+降主动脉腔内人工血管置换术	HLD66307	全主动脉弓置换术+降主动脉腔内人工血管植入术			手术费	手术收入	3.治疗类：(10)手术治疗费
HLD6L308	全主动脉弓置换术+无名动脉替换术	HLD66304	全主动脉弓置换术+无名动脉替换术			手术费	手术收入	3.治疗类：(10)手术治疗费
HLD6L309	全主动脉弓置换术+左颈总动脉替换术	HLD66305	全主动脉弓置换术+左颈总动脉替换术	330802033	主动脉弓置换术	手术费	手术收入	3.治疗类：(10)手术治疗费
HLD6L310	全主动脉弓置换术+左锁骨下动脉替换术	HLD66306	全主动脉弓置换术+左锁骨下动脉替换术			手术费	手术收入	3.治疗类：(10)手术治疗费
HLD7E201	主动脉弓部动脉瘤腔内修复术	HLD80201	主动脉弓部动脉瘤腔内隔绝术	330804071	夹层动脉瘤腔内隔绝术	手术费	手术收入	3.治疗类：(10)手术治疗费
HLD7E301	经胸杂交技术主动脉弓部动脉瘤腔内修复术	HLD80202	经胸杂交技术主动脉弓部动脉瘤腔内隔绝术			手术费	手术收入	3.治疗类：(10)手术治疗费
HLD7E302	胸外杂交技术主动脉弓部动脉瘤腔内修复术(Ivb)	HLD80203	胸外杂交技术主动脉弓部动脉瘤腔内隔绝术			手术费	手术收入	3.治疗类：(10)手术治疗费
HLD7P301	主动脉弓成形术	HLD83301	主动脉弓成形术	330802033	主动脉弓置换术	手术费	手术收入	3.治疗类：(10)手术治疗费
HLD7P302	主动脉弓损伤修复术					手术费	手术收入	3.治疗类：(10)手术治疗费
HLD7Q301	主动脉缩窄升主动脉－胸降主动脉旁路矫治术	HLD89305	主动脉缩窄升主动脉－胸降主动脉旁路矫治术	330802023	主动脉缩窄矫治术	手术费	手术收入	3.治疗类：(10)手术治疗费
HLD7Q302	主动脉缩窄锁骨下动脉翻转矫治术	HLD89301	主动脉缩窄锁骨下动脉翻转矫治术			手术费	手术收入	3.治疗类：(10)手术治疗费
HLD7Q303	主动脉缩窄补片动脉成形矫治术	HLD89302	主动脉缩窄补片动脉成形矫治术			手术费	手术收入	3.治疗类：(10)手术治疗费
HLD7Q304	主动脉缩窄端端吻合矫治术	HLD89303	主动脉缩窄端端吻合矫治术			手术费	手术收入	3.治疗类：(10)手术治疗费
HLD7Q305	主动脉缩窄扩大端端吻合矫治术	HLD89304	主动脉缩窄扩大端端吻合矫治术			手术费	手术收入	3.治疗类：(10)手术治疗费
HLD7Q306	主动脉缩窄左锁骨下动脉－胸降主动脉旁路矫治术	HLD89307	主动脉缩窄左锁骨下动脉－胸降主动脉旁路矫治术	330802023	主动脉缩窄矫治术	手术费	手术收入	3.治疗类：(10)手术治疗费
HLE	无名动脉							
HLE6P201	经皮穿刺无名动脉血栓清除术(PMT)					手术费	手术收入	3.治疗类：(10)手术治疗费
HLE6P301	无名动脉内膜剥脱术					手术费	手术收入	3.治疗类：(10)手术治疗费
HLE6U301	无名动脉瘤切除术	HLE73301	无名动脉瘤切除术	330804001	无名动脉瘤切除术	手术费	手术收入	3.治疗类：(10)手术治疗费
				330804002	颈静脉瘤成形术	手术费	手术收入	3.治疗类：(10)手术治疗费
HLE6U302	无名动脉假性动脉瘤切除术					手术费	手术收入	3.治疗类：(10)手术治疗费
HLE7D201	经皮穿刺无名动脉栓塞术					手术费	手术收入	3.治疗类：(10)手术治疗费
HLE7E201	经皮穿刺无名动脉支架置入术	HLE80201	经皮穿刺无名动脉支架置入术	320200010	经皮动脉支架置入术	手术费	手术收入	3.治疗类：(10)手术治疗费
HLE7E202	经皮穿刺无名动脉球囊成形术	HLE80202	经皮穿刺无名动脉球囊成形术	320200009	经皮动脉内球囊扩张术	手术费	手术收入	3.治疗类：(10)手术治疗费
HLE7E203	无名动脉瘤腔内修复术					手术费	手术收入	3.治疗类：(10)手术治疗费
HLE7K301	无名动脉-肺动脉吻合术					手术费	手术收入	3.治疗类：(10)手术治疗费
HLE7K302	无名动脉-颈动脉旁路移植术					手术费	手术收入	3.治疗类：(10)手术治疗费
HLE7K303	无名动脉-锁骨下动脉旁路移植术					手术费	手术收入	3.治疗类：(10)手术治疗费
HLE7K304	无名动脉-椎动脉旁路移植术					手术费	手术收入	3.治疗类：(10)手术治疗费
HLE7P301	无名动脉瘤缩缝术					手术费	手术收入	3.治疗类：(10)手术治疗费
HLE7P302	无名动脉修补术					手术费	手术收入	3.治疗类：(10)手术治疗费
HLE7P303	无名动脉压迫解除术					手术费	手术收入	3.治疗类：(10)手术治疗费
HLF	颈动脉颅外段							
HLF6E301	颈动脉探查术	FLF09301	颈动脉探查术			手术费	手术收入	3.治疗类：(10)手术治疗费
HLF6L301	颈动脉瘤切除血管置换术	HLF66301	颈动脉瘤切除血管移植术	330804005	颈动脉瘤切除＋血管移植术	手术费	手术收入	3.治疗类：(10)手术治疗费
		HLF74302	颈动脉瘤切除血管重建术			手术费	手术收入	3.治疗类：(10)手术治疗费
HLF6N301	颈动脉内膜切除支架取出术					手术费	手术收入	3.治疗类：(10)手术治疗费
HLF6P201	经皮穿刺颈动脉药物机械性血栓清除术(PMT)					手术费	手术收入	3.治疗类：(10)手术治疗费
HLF6P301	颈动脉外膜剥脱术	HLF65301	颈动脉外膜剥脱术	330203010	颈动脉外膜剥脱术	手术费	手术收入	3.治疗类：(10)手术治疗费
HLF6P302	颈动脉内膜剥脱术	HLF65302	颈动脉内膜剥脱术	330203007	颈内动脉内膜剥脱术	手术费	手术收入	3.治疗类：(10)手术治疗费
HLF6P303	外翻式颈动脉内膜剥脱术	HLF65303	外翻式颈动脉内膜剥脱术			手术费	手术收入	3.治疗类：(10)手术治疗费
HLF6P304	颈动脉切开取栓术					手术费	手术收入	3.治疗类：(10)手术治疗费
HLF6U201	经皮穿刺颈动脉斑块旋切术					手术费	手术收入	3.治疗类：(10)手术治疗费
HLF6U301	颈动脉体瘤切除术	HLF73302	颈动脉体瘤切除术	330804006	颈动脉体瘤切除＋血管移植术	手术费	手术收入	3.治疗类：(10)手术治疗费
				330804007	颈动脉腋动脉血管移植术	手术费	手术收入	3.治疗类：(10)手术治疗费
		HLF86302	颈动脉瘤切除吻合术			手术费	手术收入	3.治疗类：(10)手术治疗费
		HLF86301	颈动脉体瘤切除转流术	330804006	颈动脉体瘤切除＋血管移植术	手术费	手术收入	3.治疗类：(10)手术治疗费
		HLF73305	颈动脉体瘤切除颈动脉结扎术	330804006	颈动脉体瘤切除＋血管移植术	手术费	手术收入	3.治疗类：(10)手术治疗费
HLF6U302	颈外动脉瘤切除术	HLF73306	颈外动脉瘤切除术			手术费	手术收入	3.治疗类：(10)手术治疗费
		HLF73301	颈动脉假性动脉瘤切除术			手术费	手术收入	3.治疗类：(10)手术治疗费
HLF6X301	巨大颈动脉体瘤切除+淋巴结清扫+血管移植术	HLF74301	巨大颈动脉体瘤切除+淋巴结清扫+血管重建术	330804006	颈动脉体瘤切除＋血管移植术	手术费	手术收入	3.治疗类：(10)手术治疗费
HLF7D201	经皮穿刺甲状腺动脉栓塞术	HLF59201	经皮穿刺甲状腺动脉栓塞术	320200007	经皮动脉栓塞术	手术费	手术收入	3.治疗类：(10)手术治疗费
HLF7D202	经皮穿刺颈外动脉栓塞术					手术费	手术收入	3.治疗类：(10)手术治疗费
HLF7D301	颈动脉结扎术	HLF59301	颈动脉结扎术	330203014	颈动脉结扎术	手术费	手术收入	3.治疗类：(10)手术治疗费
HLF7D302	颈动脉体瘤切除动脉结扎术	HLF73304	颈动脉体瘤切除动脉结扎术			手术费	手术收入	3.治疗类：(10)手术治疗费
HLF7D303	颈内动脉结扎术					手术费	手术收入	3.治疗类：(10)手术治疗费
HLF7D304	颈外动脉结扎术					手术费	手术收入	3.治疗类：(10)手术治疗费
HLF7D305	颈总动脉结扎术					手术费	手术收入	3.治疗类：(10)手术治疗费
HLF7E201	经皮穿刺颈动脉血管成形术					手术费	手术收入	3.治疗类：(10)手术治疗费
HLF7E202	经皮穿刺颈动脉支架置入术	HLF80201	经皮穿刺颈总动脉支架置入术	320200010	经皮动脉支架置入术	手术费	手术收入	3.治疗类：(10)手术治疗费
		HLF80202	经皮穿刺颈外动脉支架置入术	320200010	经皮动脉支架置入术	手术费	手术收入	3.治疗类：(10)手术治疗费
		HLF80203	经皮穿刺颈内动脉支架置入术			手术费	手术收入	3.治疗类：(10)手术治疗费
HLF7E203	经皮穿刺颈动脉球囊成形术	HLF80204	经皮穿刺颈动脉球囊成形术	320200009	经皮动脉内球囊扩张术	手术费	手术收入	3.治疗类：(10)手术治疗费
HLF7E204	经皮穿刺颈动脉创伤性动静脉瘘腔内修复术	HLF80301	颈动脉创伤性动静脉瘘腔内隔绝术			手术费	手术收入	3.治疗类：(10)手术治疗费
HLF7E205	经皮穿刺颈内动脉球囊扩张术	HLF80205	经皮穿刺颈内动脉球囊扩张术	320200009	经皮动脉内球囊扩张术	手术费	手术收入	3.治疗类：(10)手术治疗费
HLF7E206	经皮穿刺颈(内)动脉慢性闭塞开通术					手术费	手术收入	3.治疗类：(10)手术治疗费
HLF7E301	经皮穿刺颈动脉瘤腔内修复术					手术费	手术收入	3.治疗类：(10)手术治疗费
HLF7J301	颈动脉转位术					手术费	手术收入	3.治疗类：(10)手术治疗费
HLF7K301	颈动脉-锁骨下动脉旁路移植术					手术费	手术收入	3.治疗类：(10)手术治疗费
HLF7K302	颈外动脉-颈内动脉旁路移植术					手术费	手术收入	3.治疗类：(10)手术治疗费
HLF7K303	颈总动脉-锁骨下动脉旁路移植术	HLF86303	颈总动脉-锁骨下动脉旁路移植术			手术费	手术收入	3.治疗类：(10)手术治疗费
HLF7K304	颈总动脉-腋动脉旁路移植术	HLF86304	颈总动脉-腋动脉旁路移植术	330804007	颈动脉腋动脉血管移植术	手术费	手术收入	3.治疗类：(10)手术治疗费
HLF7K305	头颈动脉转流管转流术					手术费	手术收入	3.治疗类：(10)手术治疗费
HLF7K306	右颈总动脉-左颈总动脉旁路移植术	HLF86305	右颈总动脉-左颈总动脉旁路术	330804007	颈动脉腋动脉血管移植术	手术费	手术收入	3.治疗类：(10)手术治疗费
HLF7P301	颈动脉体瘤切除血管修补术	HLF73303	颈动脉体瘤切除血管修补术			手术费	手术收入	3.治疗类：(10)手术治疗费
HLF7P302	颈动脉迂曲矫正术	HLF83301	颈动脉迂曲矫正术			手术费	手术收入	3.治疗类：(10)手术治疗费
HLF7P303	颈动脉瘤缩缝术	HLF83302	颈动脉瘤缩缝术			手术费	手术收入	3.治疗类：(10)手术治疗费
HLF7P304	颈动脉创伤性动静脉瘘修补术	HLF83303	颈动脉创伤性动静脉瘘修补术	330804057	外伤性动静脉瘘修补术＋血管移植术	手术费	手术收入	3.治疗类：(10)手术治疗费
HLF7P305	颈动脉内膜剥脱补片成形术					手术费	手术收入	3.治疗类：(10)手术治疗费
HLF7P306	颈内动脉修补术					手术费	手术收入	3.治疗类：(10)手术治疗费
HLF7P307	颈外动脉瘤缩缝术					手术费	手术收入	3.治疗类：(10)手术治疗费
HLF7P308	颈外动脉修补术					手术费	手术收入	3.治疗类：(10)手术治疗费
HLF7Q201	经皮穿刺烟囱技术颈总动脉重建术					手术费	手术收入	3.治疗类：(10)手术治疗费
HLF7Q301	颈动脉移植术					手术费	手术收入	3.治疗类：(10)手术治疗费
HLF7Q302	颈动脉重建术	HLF89301	颈动脉重建术			手术费	手术收入	3.治疗类：(10)手术治疗费
HLG	锁骨下动脉							
HLG6B301	锁骨下动脉置管溶栓术					手术费	手术收入	3.治疗类：(10)手术治疗费
HLG6P201	经皮穿刺锁骨下动脉药物机械性血栓清除术(PMT)					手术费	手术收入	3.治疗类：(10)手术治疗费
HLG6P301	锁骨下动脉切开取栓术					手术费	手术收入	3.治疗类：(10)手术治疗费
HLG6P302	锁骨下动脉内膜剥脱术					手术费	手术收入	3.治疗类：(10)手术治疗费
HLG6U201	经皮穿刺锁骨下动脉斑块旋切术					手术费	手术收入	3.治疗类：(10)手术治疗费
HLG6U301	锁骨下动脉瘤切除术	HLG73301	锁骨下动脉瘤切除术			手术费	手术收入	3.治疗类：(10)手术治疗费
HLG6U302	锁骨下动脉假性动脉瘤切除术					手术费	手术收入	3.治疗类：(10)手术治疗费
HLG7D201	经皮穿刺锁骨下动脉栓塞术					手术费	手术收入	3.治疗类：(10)手术治疗费
HLG7D301	锁骨下动脉结扎术					手术费	手术收入	3.治疗类：(10)手术治疗费
HLG7E201	经皮穿刺锁骨下动脉支架置入术	HLG80201	经皮穿刺锁骨下动脉支架置入术	320200010	经皮动脉支架置入术	手术费	手术收入	3.治疗类：(10)手术治疗费
HLG7E202	经皮穿刺锁骨下动脉球囊成形术	HLG80202	经皮穿刺锁骨下动脉球囊成形术			手术费	手术收入	3.治疗类：(10)手术治疗费
HLG7E203	经皮穿刺锁骨下动脉瘤腔内修复术					手术费	手术收入	3.治疗类：(10)手术治疗费
HLG7E204	经皮穿刺锁骨下动脉创伤性动静脉瘘腔内修复术					手术费	手术收入	3.治疗类：(10)手术治疗费
HLG7J301	锁骨下动脉转位术					手术费	手术收入	3.治疗类：(10)手术治疗费
HLG7K301	锁骨下动脉-锁骨下动脉旁路移植术					手术费	手术收入	3.治疗类：(10)手术治疗费
HLG7K302	锁骨下动脉移植术					手术费	手术收入	3.治疗类：(10)手术治疗费
HLG7K303	改良B-T体肺分流术	HL989303	改良B-T体肺分流术	330802016	先天性心脏病体肺动脉分流术	手术费	手术收入	3.治疗类：(10)手术治疗费
HLG7K304	锁骨下动脉-肺动脉吻合术					手术费	手术收入	3.治疗类：(10)手术治疗费
HLG7K305	锁骨下动脉-颈动脉旁路移植术					手术费	手术收入	3.治疗类：(10)手术治疗费
		HLG86301	左锁骨下动脉-左颈内动脉旁路术			手术费	手术收入	3.治疗类：(10)手术治疗费
HLG7K306	锁骨下动脉-椎动脉旁路移植术					手术费	手术收入	3.治疗类：(10)手术治疗费
HLG7K307	腋动脉-腘动脉旁路移植术					手术费	手术收入	3.治疗类：(10)手术治疗费
HLG7P301	锁骨下动脉修复术	HLG83301	锁骨下动脉修复术			手术费	手术收入	3.治疗类：(10)手术治疗费
HLG7P302	锁骨下动脉创伤性动静脉瘘修补术	HLG83302	锁骨下动脉创伤性动静脉瘘修补术	330804057	外伤性动静脉瘘修补术＋血管移植术	手术费	手术收入	3.治疗类：(10)手术治疗费
HLG7P303	锁骨下动脉瘤缩缝术					手术费	手术收入	3.治疗类：(10)手术治疗费
HLG7P304	锁骨下动脉迂曲矫正术					手术费	手术收入	3.治疗类：(10)手术治疗费
HLG7P305	锁骨下动脉修补术					手术费	手术收入	3.治疗类：(10)手术治疗费
HLG7Q201	经皮穿刺烟囱技术锁骨下动脉重建术					手术费	手术收入	3.治疗类：(10)手术治疗费
HLH	椎动脉颅外段							
HLH6N301	椎动脉内膜切除及支架取出术					手术费	手术收入	3.治疗类：(10)手术治疗费
HLH6P201	经皮穿刺椎动脉药物机械性血栓清除术(PMT)					手术费	手术收入	3.治疗类：(10)手术治疗费
HLH6P301	椎动脉切开取栓术					手术费	手术收入	3.治疗类：(10)手术治疗费
HLH6U201	经皮穿刺椎动脉斑块旋切术					手术费	手术收入	3.治疗类：(10)手术治疗费
HLH6U301	椎动脉瘤切除术					手术费	手术收入	3.治疗类：(10)手术治疗费
HLH6U302	椎动脉假性动脉瘤切除术					手术费	手术收入	3.治疗类：(10)手术治疗费
HLH7D201	经皮穿刺椎动脉栓塞术					手术费	手术收入	3.治疗类：(10)手术治疗费
HLH7D301	椎动脉结扎术					手术费	手术收入	3.治疗类：(10)手术治疗费
HLH7E201	经皮穿刺椎动脉支架置入术	HLH80201	经皮穿刺椎动脉支架置入术	320200010	经皮动脉支架置入术	手术费	手术收入	3.治疗类：(10)手术治疗费
HLH7E202	经皮穿刺椎动脉球囊成形术	HLH80202	经皮穿刺椎动脉球囊成形术			手术费	手术收入	3.治疗类：(10)手术治疗费
HLH7E203	经皮穿刺椎动脉瘤腔内修复术					手术费	手术收入	3.治疗类：(10)手术治疗费
HLH7K301	椎动脉-颈动脉端侧吻合术	HLH86301	椎动脉-颈总动脉端侧吻合术			手术费	手术收入	3.治疗类：(10)手术治疗费
HLH7K302	椎动脉-颈动脉旁路移植术					手术费	手术收入	3.治疗类：(10)手术治疗费
HLH7K303	椎动脉-锁骨下动脉旁路移植术	HLH86302	椎动脉-锁骨下动脉旁路术			手术费	手术收入	3.治疗类：(10)手术治疗费
HLH7P301	椎动脉瘤缩缝术					手术费	手术收入	3.治疗类：(10)手术治疗费
HLH7P302	椎动脉修补术					手术费	手术收入	3.治疗类：(10)手术治疗费
HLH7P303	椎动脉迂曲矫正术					手术费	手术收入	3.治疗类：(10)手术治疗费
HLH7Q301	椎动脉移植术					手术费	手术收入	3.治疗类：(10)手术治疗费
HLJ	胸主动脉							
HLJ6L301	部分胸降主动脉夹层动脉瘤切除人工血管置换术	HLJ66303	部分胸降主动脉夹层动脉瘤人工血管替换术	330804011	胸腹主动脉瘤切除人工血管转流术	手术费	手术收入	3.治疗类：(10)手术治疗费
HLJ6L302	胸降主动脉替换+支架象鼻手术	HLJ66304	近端胸主动脉替换术加远端主动脉腔内覆膜支架置入术			手术费	手术收入	3.治疗类：(10)手术治疗费
		HLJ66301	部分胸主动脉替换术			手术费	手术收入	3.治疗类：(10)手术治疗费
HLJ6L303	部分胸降主动脉切除人工血管置换术	HLJ73301	部分胸降主动脉切除术			手术费	手术收入	3.治疗类：(10)手术治疗费
HLJ6L304	全胸主动脉置换术	HLJ66302	全胸主动脉替换术			手术费	手术收入	3.治疗类：(10)手术治疗费
HLJ6P201	经皮穿刺胸/腹主动脉血栓抽吸术					手术费	手术收入	3.治疗类：(10)手术治疗费
HLJ6S201	经皮穿刺胸主动脉夹层动脉瘤开窗术					手术费	手术收入	3.治疗类：(10)手术治疗费
HLJ7E201	经皮穿刺降主动脉瘤腔内修复术	HLJ80302	降主动脉瘤腔内隔绝术	330804071	夹层动脉瘤腔内隔绝术	手术费	手术收入	3.治疗类：(10)手术治疗费
HLJ7E202	经皮穿刺胸主动脉外伤破裂腔内修复术	HLJ80301	胸主动脉外伤破裂腔内隔绝术			手术费	手术收入	3.治疗类：(10)手术治疗费
HLJ7E203	经皮穿刺胸主动脉创伤性动静脉瘘腔内修复术					手术费	手术收入	3.治疗类：(10)手术治疗费
HLJ7E204	经皮穿刺创伤性胸主动脉瘤腔内修复术					手术费	手术收入	3.治疗类：(10)手术治疗费
HLJ7P301	胸主动脉损伤修复术	HLJ83301	胸主动脉损伤修复术	330804014	胸腹主动脉损伤修复术	手术费	手术收入	3.治疗类：(10)手术治疗费
HLJ7P302	胸主动脉创伤性动静脉瘘修补术	HLJ83302	胸主动脉创伤性动静脉瘘修补术	330804057	外伤性动静脉瘘修补术＋血管移植术	手术费	手术收入	3.治疗类：(10)手术治疗费
HLJ7P303	胸主动脉上腔静脉瘘修复术	HLJ83303	胸主动脉上腔静脉瘘修复术	330804015	腹主动脉腔静脉瘘成形术	手术费	手术收入	3.治疗类：(10)手术治疗费
HLJ7P304	胸主动脉狭窄矫正术	HLJ83304	胸主动脉缩窄闭塞矫正术			手术费	手术收入	3.治疗类：(10)手术治疗费
HLJ7Q301	肋间动脉重建术	HLJ89301	肋间动脉重建术	330803030	肋间动脉重建术	手术费	手术收入	3.治疗类：(10)手术治疗费
HLK	腹主动脉							
HLK6L301	腹主动脉瘤切除人工血管置换术	HLK66201	腹主动脉瘤切除人工血管置换术			手术费	手术收入	3.治疗类：(10)手术治疗费
HLK6L302	复杂腹主动脉瘤切除腹主动脉旁路移植术	HLK66209	复杂腹主动脉瘤切除腹主动脉人工血管移植术			手术费	手术收入	3.治疗类：(10)手术治疗费
HLK6L303	经腹膜外入路腹主动脉瘤人工血管置换术	HLK66301	经腹膜外径路腹主动脉瘤人工血管置换术			手术费	手术收入	3.治疗类：(10)手术治疗费
HLK6L304	腹主动脉假性动脉瘤切除腹主动脉人工血管置换术	HLK66302	腹主动脉假性动脉瘤切除腹主动脉人工血管置换术			手术费	手术收入	3.治疗类：(10)手术治疗费
HLK6L305	肾上腹主动脉瘤人工血管置换术	HLK66303	肾上腹主动脉瘤人工血管置换术			手术费	手术收入	3.治疗类：(10)手术治疗费
HLK6L306	肾周腹主动脉瘤人工血管置换术	HLK66304	肾周腹主动脉瘤人工血管置换术			手术费	手术收入	3.治疗类：(10)手术治疗费
HLK6L307	腹主动脉瘤切除腹主动脉-单侧髂单侧股动脉人工血管置换术	HLK66204	腹主动脉瘤切除腹主动脉-单侧髂单侧股动脉人工血管置换术			手术费	手术收入	3.治疗类：(10)手术治疗费
HLK6L308	破裂腹主动脉瘤切除腹主动脉-单侧髂股动脉人工血管置换术	HLK66307	(Y型人工血管)破裂腹主动脉瘤切除腹主动脉-单侧髂股动脉人工血管置换术			手术费	手术收入	3.治疗类：(10)手术治疗费
HLK6L309	腹主动脉假性动脉瘤切除腹主动脉-单侧髂单侧股动脉人工血	HLK66308	腹主动脉假性动脉瘤切除腹主动脉-单侧髂单侧股动脉人工血			手术费	手术收入	3.治疗类：(10)手术治疗费
HLK6L310	管置换术复杂腹主动脉瘤切除腹主动脉-股动脉旁路移植术	HLK66211	管置换术复杂腹主动脉瘤切除腹主动脉-股动脉人工血管移植术			手术费	手术收入	3.治疗类：(10)手术治疗费
HLK6L311	腹主动脉假性动脉瘤切除腹主动脉-股动脉人工血管置换术	HLK66311	腹主动脉假性动脉瘤切除腹主动脉-股动脉人工血管置换术			手术费	手术收入	3.治疗类：(10)手术治疗费
HLK6L312	髂动脉假性动脉瘤切除腹主动脉-股动脉人工血管置换术	HLK66312	髂动脉假性动脉瘤切除腹主动脉-股动脉人工血管置换术			手术费	手术收入	3.治疗类：(10)手术治疗费
HLK6L313	复杂腹主动脉瘤切除腹主动脉-髂动脉旁路移植术	HLK66210	复杂腹主动脉瘤切除腹主动脉-髂动脉人工血管移植术			手术费	手术收入	3.治疗类：(10)手术治疗费
HLK6L314	腹主动脉假性动脉瘤切除腹主动脉-髂动脉人工血管置换术	HLK66305	腹主动脉假性动脉瘤切除腹主动脉-髂动脉人工血管置换术			手术费	手术收入	3.治疗类：(10)手术治疗费
HLK6L315	髂动脉假性动脉瘤切除腹主动脉-髂动脉人工血管置换术	HLK66306	髂动脉假性动脉瘤切除腹主动脉-髂动脉人工血管置换术			手术费	手术收入	3.治疗类：(10)手术治疗费
HLK6L316	腹主动脉瘤切除腹主动脉-双侧股动脉人工血管置换术	HLK66207	腹主动脉瘤切除腹主动脉-双侧股动脉人工血管置换术(Y型人工血管)	330804016	腹主动脉双股动脉Y型人工血管转流术	手术费	手术收入	3.治疗类：(10)手术治疗费
HLK6L317	腹主动脉瘤-髂动脉瘤切除腹主动脉-双股动脉旁路移植术	HLK66208	腹主动脉瘤-髂动脉瘤切除腹主动脉-双股动脉人工血管移植术	330804017	腹主动脉股动脉人工血管转流术	手术费	手术收入	3.治疗类：(10)手术治疗费
HLK6L318	破裂腹主动脉瘤切除腹主动脉-双股动脉人工血管置换术	HLK66310	破裂腹主动脉瘤切除腹主动脉-双股动脉人工血管置换术			手术费	手术收入	3.治疗类：(10)手术治疗费
HLK6L319	腹主动脉瘤切除腹主动脉-双髂动脉人工血管置换术	HLK66202	腹主动脉瘤切除腹主动脉-双髂动脉人工血管置换术(Y型人工			手术费	手术收入	3.治疗类：(10)手术治疗费
HLK6L320	腹主动脉瘤-髂动脉瘤切除腹主动脉-双髂动脉旁路移植术	HLK66203	血管)腹主动脉瘤-髂动脉瘤切除腹主动脉-双髂动脉人工血管移植术			手术费	手术收入	3.治疗类：(10)手术治疗费
HLK6L321	破裂腹主动脉瘤切除腹主动脉-双髂动脉人工血管置换术	HLK66309	破裂腹主动脉瘤切除腹主动脉-双髂动脉人工血管置换术			手术费	手术收入	3.治疗类：(10)手术治疗费
HLK6L322	复杂腹主动脉瘤切除腹主动脉-单侧髂单侧股动脉旁路移植术	HLK66205	复杂腹主动脉瘤切除腹主动脉-单侧髂单侧股动脉人工血管移植术			手术费	手术收入	3.治疗类：(10)手术治疗费
HLK6L323	腹主动脉瘤-髂动脉瘤切除腹主动脉-单侧髂股动脉旁路移植术	HLK66206	腹主动脉瘤-髂动脉瘤切除腹主动脉-单侧髂股动脉人工血管移植术			手术费	手术收入	3.治疗类：(10)手术治疗费
HLK6L501	经腹腔镜腹主动脉瘤切除+腹主-双股(髂)动脉旁路移植术	HLK66501	腹腔镜下腹主动脉瘤切除+腹主-双股(髂)动脉人工血管旁路移植术			手术费	手术收入	3.治疗类：(10)手术治疗费
HLK6P201	经皮穿刺腹主动脉取栓术					手术费	手术收入	3.治疗类：(10)手术治疗费
HLK6P301	腹主动脉内膜剥脱术	HLK65201	腹主动脉内膜剥脱术	330804042	肢体动脉内膜剥脱成形术	手术费	手术收入	3.治疗类：(10)手术治疗费
HLK6U301	腹主动脉髂动脉内血栓切除术	HLK65202	腹主动脉髂动脉内血栓切除术			手术费	手术收入	3.治疗类：(10)手术治疗费
HLK6U302	腹主动脉动脉瘤切除吻合术					手术费	手术收入	3.治疗类：(10)手术治疗费
HLK6V201	腹主动脉瘤腔内修复分支动脉重建术					手术费	手术收入	3.治疗类：(10)手术治疗费
HLK7D301	腹主动脉动脉瘤旷置术	HLK59201	腹主动脉动脉瘤旷置术			手术费	手术收入	3.治疗类：(10)手术治疗费
HLK7D302	腹主动脉瘤髂动脉瘤旷置术	HLK59202	腹主动脉瘤髂动脉瘤旷置术			手术费	手术收入	3.治疗类：(10)手术治疗费
HLK7E201	经皮穿刺腹主/髂动脉开通支架成形术					手术费	手术收入	3.治疗类：(10)手术治疗费
HLK7E202	腹主动脉炎性瘤腔内修复术	HLK80201	腹主动脉炎性瘤腔内隔绝术			手术费	手术收入	3.治疗类：(10)手术治疗费
HLK7E203	腹主动脉破裂腔内修复术	HLK80202	腹主动脉外伤破裂腔内隔绝术			手术费	手术收入	3.治疗类：(10)手术治疗费
HLK7E204	腹主动脉直形移植物腔内修复术	HLK80203	腹主动脉瘤腔内隔绝术			手术费	手术收入	3.治疗类：(10)手术治疗费
HLK7E205	腹主动脉假性动脉瘤直形移植物腔内修复术	HLK80204	假性腹主动脉瘤腔内隔绝术			手术费	手术收入	3.治疗类：(10)手术治疗费
HLK7E206	腹主动脉Y型移植物腔内修复术	HLK80205	腹主动脉瘤Y型移植物腔内隔绝术			手术费	手术收入	3.治疗类：(10)手术治疗费
HLK7E207	腹主动脉假性动脉瘤Y型移植物腔内修复术	HLK80206	假性腹主动脉瘤Y型移植物腔内隔绝术			手术费	手术收入	3.治疗类：(10)手术治疗费
HLK7E208	肾周腹主动脉瘤腔内修复术	HLK80207	肾周腹主动脉瘤腔内隔绝术			手术费	手术收入	3.治疗类：(10)手术治疗费
HLK7E209	腹主动脉瘤腔内修复髂动脉缩缝术	HLK80209	腹主动脉瘤腔内隔绝术+髂总动脉缩窄术			手术费	手术收入	3.治疗类：(10)手术治疗费
HLK7E210	腹主动脉下腔静脉瘘腔内修复术	HLK80210	腹主动脉下腔静脉瘘腔内隔绝术			手术费	手术收入	3.治疗类：(10)手术治疗费
HLK7E211	腹主动脉夹层腔内修复术					手术费	手术收入	3.治疗类：(10)手术治疗费
HLK7E212	腹主动脉血肿/溃疡腔内修复术					手术费	手术收入	3.治疗类：(10)手术治疗费
HLK7E213	腹主动脉球囊阻断术					手术费	手术收入	3.治疗类：(10)手术治疗费
HLK7E214	腹主动脉单侧髂动脉覆膜支架腔内修复术	HLK80211	腹主动脉单侧髂动脉覆膜支架腔内隔绝术	320200001	经股动脉置管腹主动脉带簿网支架置入术	手术费	手术收入	3.治疗类：(10)手术治疗费
HLK7E215	经皮穿刺腹主动脉-髂动脉射频消融腔内复通术	HLK72201	腹主动脉-髂动脉射频消融腔内复通术			手术费	手术收入	3.治疗类：(10)手术治疗费
HLK7E216	经皮穿刺腹主动脉-髂动脉球囊成形术	HLK80212	腹主动脉-髂动脉球囊成形术	320200011	经皮动脉激光成形+球囊扩张术	手术费	手术收入	3.治疗类：(10)手术治疗费
HLK7E217	经皮穿刺腹主动脉-髂动脉球囊扩张支架成形术	HLK80213	腹主动脉-髂动脉球囊扩张支架成形术			手术费	手术收入	3.治疗类：(10)手术治疗费
		HLK80214	腹主/髂动脉支架成形术			手术费	手术收入	3.治疗类：(10)手术治疗费
HLK7E301	经颈动脉切开腹主动脉覆膜支架腔内修复术	HLK83302	经颈动脉切开腹主动脉覆膜支架腔内修复术			手术费	手术收入	3.治疗类：(10)手术治疗费
HLK7E302	杂交技术肾周/肾上腹主动脉瘤腔内逆行旁路修复术	HLK80301	经腹杂交技术肾周或肾上腹主动脉瘤腔内隔绝术(逆行旁路技术)			手术费	手术收入	3.治疗类：(10)手术治疗费
HLK7E303	杂交技术肾周及肾上腹主动脉瘤腔内顺行旁路修复术	HLK80302	经腹杂交技术肾周及肾上腹主动脉瘤腔内隔绝术(顺行旁路技术)			手术费	手术收入	3.治疗类：(10)手术治疗费
HLK7E501	经腹腔镜瘤颈成形腹主动脉瘤腔内修复术	HLK83501	腹腔镜下瘤颈成形+腹主动脉瘤腔内隔绝术			手术费	手术收入	3.治疗类：(10)手术治疗费
HLK7E801	瘤颈成形腹主动脉瘤腔内修复术	HLK83801	经腹瘤颈成形+腹主动脉瘤腔内隔绝术			手术费	手术收入	3.治疗类：(10)手术治疗费
HLK7K301	腹主动脉狭窄/闭塞旁路移植术	HLK86301	腹主动脉狭窄/闭塞直型人工血管旁路术			手术费	手术收入	3.治疗类：(10)手术治疗费
HLK7K302	腹主动脉-肠系膜上动脉旁路移植术	HLK86304	腹主动脉-肠系膜上动脉人工血管旁路术			手术费	手术收入	3.治疗类：(10)手术治疗费
HLK7K303	腹主动脉狭窄闭塞腹主股动脉旁路移植术	HLK86303	腹主动脉狭窄闭塞腹主股动脉Y型人工血管旁路术			手术费	手术收入	3.治疗类：(10)手术治疗费
HLK7K304	腹主动脉狭窄闭塞腹主髂动脉旁路移植术	HLK86302	腹主动脉狭窄闭塞腹主髂动脉Y型人工血管旁路术			手术费	手术收入	3.治疗类：(10)手术治疗费
HLK7K501	经腹腔镜腹主动脉闭塞行腹主-双股(髂)动脉旁路移植术	HLK66502	腹腔镜下腹主动脉闭塞行腹主-双股(髂)动脉人工血管旁路移植术			手术费	手术收入	3.治疗类：(10)手术治疗费
HLK7L201	经皮穿刺腹主动脉-髂动脉旋磨腔内复通术	HLK83203	腹主动脉-髂动脉旋磨腔内复通术			手术费	手术收入	3.治疗类：(10)手术治疗费
HLK7L202	经皮穿刺腹主动脉-髂动脉旋切腔内复通术	HLK83204	腹主动脉-髂动脉旋切腔内复通术			手术费	手术收入	3.治疗类：(10)手术治疗费
HLK7L203	经皮穿刺腹主动脉-髂动脉激光腔内复通术	HLK87201	腹主动脉-髂动脉激光腔内复通术			手术费	手术收入	3.治疗类：(10)手术治疗费
HLK7P301	腹主/髂动脉损伤修复术	HLK83301	腹主/髂动脉损伤修复术	330804014	胸腹主动脉损伤修复术	手术费	手术收入	3.治疗类：(10)手术治疗费
HLK7P302	腹主动脉瘤成形术	HLK83201	腹主动脉瘤成形术			手术费	手术收入	3.治疗类：(10)手术治疗费
HLK7P303	腹主动脉瘤髂动脉瘤成形术	HLK83202	腹主动脉瘤髂动脉瘤成形术			手术费	手术收入	3.治疗类：(10)手术治疗费
HLK7P304	腹主动脉假性动脉瘤成形术	HLK83303	腹主动脉假性动脉瘤成形术			手术费	手术收入	3.治疗类：(10)手术治疗费
HLK7P305	腹主动脉缩窄闭塞矫正术	HLK83304	腹主动脉缩窄闭塞矫正术			手术费	手术收入	3.治疗类：(10)手术治疗费
HLK7P306	腹主动脉损伤修复术	HLK83305	腹主动脉损伤修复术	330804014	胸腹主动脉损伤修复术	手术费	手术收入	3.治疗类：(10)手术治疗费
HLK7P307	腹主动脉创伤性动静脉瘘修补术	HLK83306	腹主动脉创伤性动静脉瘘修补术	330804057	外伤性动静脉瘘修补术＋血管移植术	手术费	手术收入	3.治疗类：(10)手术治疗费
HLK7P308	腹主动脉消化道瘘修复术	HLK83307	腹主动脉消化道瘘修复术	330804018	腹主动脉消化道瘘修复术	手术费	手术收入	3.治疗类：(10)手术治疗费
HLK7P309	腹主动脉膀胱瘘修复术	HLK83308	腹主动脉膀胱瘘修复术			手术费	手术收入	3.治疗类：(10)手术治疗费
HLK7P310	腹主动脉下腔静脉修复术	HLK83309	腹主动脉下腔静脉修复术			手术费	手术收入	3.治疗类：(10)手术治疗费
HLK7Q201	腹主动脉瘤腔内修复髂内动脉重建术	HLK80208	腹主动脉瘤腔内隔绝术+髂内动脉重建			手术费	手术收入	3.治疗类：(10)手术治疗费
HLL	腹腔干动脉							
HLL6K201	经皮穿刺腹腔干置管术					手术费	手术收入	3.治疗类：(10)手术治疗费
HLL6U301	腹腔干动脉瘤切除术	HLL73301	腹腔干动脉瘤切除术			手术费	手术收入	3.治疗类：(10)手术治疗费
HLL6V301	腹腔干动脉瘤切除+腹腔干重建术	HLL74301	腹腔干动脉瘤切除+腹腔干重建术			手术费	手术收入	3.治疗类：(10)手术治疗费
HLL6V302	腹腔干动脉瘤切除+腹腔干间置重建术	HLL74302	腹腔干动脉瘤切除+腹腔干自体大隐静脉间置重建术			手术费	手术收入	3.治疗类：(10)手术治疗费
		HLL74303	腹腔干动脉瘤切除+腹腔干人工血管间置重建术			手术费	手术收入	3.治疗类：(10)手术治疗费
HLL7C301	腹腔干动脉综合征中弓韧带松解术	HLL57301	腹腔干动脉综合征中弓韧带松解术			手术费	手术收入	3.治疗类：(10)手术治疗费
HLL7D201	经皮穿刺腹腔干动脉瘤栓塞术	HLL59201	经皮穿刺腹腔干动脉瘤栓塞术			手术费	手术收入	3.治疗类：(10)手术治疗费
HLL7D202	经皮穿刺腹腔干动脉栓塞术	HLL59202	经皮穿刺腹腔干动脉栓塞术			手术费	手术收入	3.治疗类：(10)手术治疗费
HLL7E201	经皮穿刺腹腔干动脉瘤栓塞+支架置入术	HLL80201	经皮穿刺腹腔干动脉瘤栓塞+支架置入术			手术费	手术收入	3.治疗类：(10)手术治疗费
HLL7E202	经皮穿刺腹腔干动脉球囊成形术	HLL80202	经皮穿刺腹腔干动脉球囊成形术	320200009	经皮动脉内球囊扩张术	手术费	手术收入	3.治疗类：(10)手术治疗费
HLL7E203	经皮穿刺腹腔干动脉支架成形术	HLL80203	经皮穿刺腹腔干动脉支架成形术			手术费	手术收入	3.治疗类：(10)手术治疗费
HLL7E204	经皮穿刺腹腔干动脉瘤腔内修复术	HLL80204	经皮穿刺腹腔干动脉瘤腔内隔绝术			手术费	手术收入	3.治疗类：(10)手术治疗费
HLL7K301	腹腔动脉瘤切除+腹腔干旁路移植术	HLL86301	腹腔动脉瘤切除+腹腔干自体大隐静脉旁路术			手术费	手术收入	3.治疗类：(10)手术治疗费
		HLL86302	腹腔干动脉瘤切除+腹腔干人工血管旁路术	330804011	胸腹主动脉瘤切除人工血管转流术	手术费	手术收入	3.治疗类：(10)手术治疗费
HLM	胃左动脉							
HLM6U301	胃左动脉瘤切除术	HLM73301	胃左动脉瘤切除术			手术费	手术收入	3.治疗类：(10)手术治疗费
HLM6V301	胃左动脉瘤切除+胃左动脉重建术	HLM74301	胃左动脉瘤切除+胃左动脉重建术			手术费	手术收入	3.治疗类：(10)手术治疗费
HLM6V302	胃左动脉瘤切除+胃左动脉间置重建术	HLM74302	胃左动脉瘤切除+胃左动脉自体大隐静脉间置重建术			手术费	手术收入	3.治疗类：(10)手术治疗费
		HLM74303	胃左动脉瘤切除+胃左动脉人工血管间置重建术			手术费	手术收入	3.治疗类：(10)手术治疗费
HLM7D201	经皮穿刺胃左动脉瘤栓塞术	HLM59201	经皮穿刺胃左动脉瘤栓塞术	320200007	经皮动脉栓塞术	手术费	手术收入	3.治疗类：(10)手术治疗费
HLM7D202	经皮穿刺胃左动脉栓塞术	HLM59202	经皮穿刺胃左动脉栓塞术			手术费	手术收入	3.治疗类：(10)手术治疗费
HLM7E201	经皮穿刺胃左动脉球囊成形术	HLM80201	经皮穿刺胃左动脉球囊成形术			手术费	手术收入	3.治疗类：(10)手术治疗费
HLM7E202	经皮穿刺胃左动脉支架成形术	HLM80202	经皮穿刺胃左动脉支架成形术			手术费	手术收入	3.治疗类：(10)手术治疗费
HLM7E203	经皮穿刺胃左动脉瘤腔内修复术	HLM80203	经皮穿刺胃左动脉瘤腔内隔绝术			手术费	手术收入	3.治疗类：(10)手术治疗费
HLM7E204	经皮穿刺胃左动脉瘤栓塞+支架置入术	HLM80204	经皮穿刺胃左动脉瘤栓塞+支架置入术			手术费	手术收入	3.治疗类：(10)手术治疗费
HLM7K301	胃左动脉瘤切除+胃左动脉旁路移植术	HLM86301	胃左动脉瘤切除+胃左动脉自体大隐静脉旁路术			手术费	手术收入	3.治疗类：(10)手术治疗费
		HLM86302	胃左动脉瘤切除+胃左动脉人工血管旁路术			手术费	手术收入	3.治疗类：(10)手术治疗费
HLP	肝总动脉							
HLP6K301	肝动脉化疗泵置入术	HLP62301	肝动脉化疗泵置入术	331005008	开腹肝动脉化疗泵置放术	手术费	手术收入	3.治疗类：(10)手术治疗费
HLP6P201	经皮肝动脉内血栓抽吸术	HLP65201	经皮肝动脉内血栓抽吸术			手术费	手术收入	3.治疗类：(10)手术治疗费
HLP6U301	肝总动脉瘤切除+肝总动脉结扎术	HLP73301	肝总动脉瘤切除+肝总动脉结扎术			手术费	手术收入	3.治疗类：(10)手术治疗费
HLP6V301	肝总动脉瘤切除+肝总动脉重建术	HLP74301	肝总动脉瘤切除+肝总动脉重建术			手术费	手术收入	3.治疗类：(10)手术治疗费
HLP6V302	肝总动脉瘤切除+肝总动脉间置重建术	HLP74302	肝总动脉瘤切除+肝总动脉自体大隐静脉间置重建术			手术费	手术收入	3.治疗类：(10)手术治疗费
		HLP74303	肝总动脉瘤切除+肝总动脉人工血管间置重建术			手术费	手术收入	3.治疗类：(10)手术治疗费
HLP7D101	经皮肝动脉栓塞术	HLP59101	经皮肝动脉栓塞术			手术费	手术收入	3.治疗类：(10)手术治疗费
				320300002	肝动脉插管灌注术	手术费	手术收入	3.治疗类：(10)手术治疗费
HLP7D201	经皮穿刺肝总动脉瘤栓塞术	HLP59201	经皮穿刺肝总动脉瘤栓塞术			手术费	手术收入	3.治疗类：(10)手术治疗费
HLP7D202	经皮穿刺肝总动脉栓塞术	HLP59202	经皮穿刺肝总动脉栓塞术			手术费	手术收入	3.治疗类：(10)手术治疗费
HLP7D301	肝动脉结扎术	HLP59302	肝动脉结扎术	331006007	肝动脉结扎术	手术费	手术收入	3.治疗类：(10)手术治疗费
HLP7D302	肝动脉栓塞术	HLP59303	肝动脉栓塞术	331005011	开腹肝动脉栓塞术	手术费	手术收入	3.治疗类：(10)手术治疗费
HLP7D303	肝总动脉瘤旷置+肝总动脉结扎术	HLP59301	肝总动脉瘤旷置+肝总动脉结扎术			手术费	手术收入	3.治疗类：(10)手术治疗费
HLP7D501	经腹腔镜肝动脉结扎术	HLP59501	经腹腔镜肝动脉结扎术			手术费	手术收入	3.治疗类：(10)手术治疗费
HLP7D502	经腹腔镜肝动脉栓塞术	HLP59502	经腹腔镜肝动脉栓塞术			手术费	手术收入	3.治疗类：(10)手术治疗费
HLP7E201	经皮穿刺肝总动脉瘤腔内修复术	HLP80201	经皮穿刺肝总动脉瘤腔内隔绝术			手术费	手术收入	3.治疗类：(10)手术治疗费
HLP7E202	经皮穿刺肝总动脉瘤栓塞支架置入术	HLP80202	经皮穿刺肝总动脉瘤栓塞+支架置入术	320200007	经皮动脉栓塞术	手术费	手术收入	3.治疗类：(10)手术治疗费
HLP7E203	经皮穿刺肝总动脉支架成形术	HLP80203	经皮穿刺肝总动脉支架成形术			手术费	手术收入	3.治疗类：(10)手术治疗费
HLP7E204	经皮穿刺肝总动脉球囊成形术	HLP80204	经皮穿刺肝总动脉球囊成形术			手术费	手术收入	3.治疗类：(10)手术治疗费
HLP7K301	肝总动脉瘤旷置+肝总动脉旁路移植术	HLP86301	肝总动脉瘤旷置+肝总动脉自体大隐静脉旁路术			手术费	手术收入	3.治疗类：(10)手术治疗费
		HLP86303	肝总动脉瘤旷置+肝总动脉人工血管旁路术			手术费	手术收入	3.治疗类：(10)手术治疗费
HLP7K302	肝总动脉瘤切除+肝总动脉脉旁路移植术	HLP86302	肝总动脉瘤切除+肝总动脉自体大隐静脉旁路术			手术费	手术收入	3.治疗类：(10)手术治疗费
		HLP86304	肝总动脉瘤切除+肝总动脉人工血管旁路术			手术费	手术收入	3.治疗类：(10)手术治疗费
HLQ	肝固有动脉							
HLQ6U301	肝固有动脉瘤切除+肝固有动脉结扎术	HLQ73301	肝固有动脉瘤切除+肝固有动脉结扎术			手术费	手术收入	3.治疗类：(10)手术治疗费
HLQ6V301	肝固有动脉瘤切除+肝固有动脉重建术	HLQ74302	肝固有动脉瘤切除+肝固有动脉重建术			手术费	手术收入	3.治疗类：(10)手术治疗费
HLQ6V302	肝固有动脉瘤切除+肝固有动脉间置重建术	HLQ74303	肝固有动脉瘤切除+肝固有动脉自体大隐静脉间置重建术			手术费	手术收入	3.治疗类：(10)手术治疗费
		HLQ74301	肝固有动脉瘤切除+肝固有动脉人工血管间置重建术			手术费	手术收入	3.治疗类：(10)手术治疗费
HLQ7D201	经皮穿刺肝固有动脉瘤栓塞术	HLQ59201	经皮穿刺肝固有动脉瘤栓塞术	320200007	经皮动脉栓塞术	手术费	手术收入	3.治疗类：(10)手术治疗费
HLQ7D202	经皮穿刺肝固有动脉栓塞术	HLQ59202	经皮穿刺肝固有动脉栓塞术			手术费	手术收入	3.治疗类：(10)手术治疗费
HLQ7D301	肝固有动脉瘤旷置+肝固有动脉结扎术	HLQ59301	肝固有动脉瘤旷置+肝固有动脉结扎术			手术费	手术收入	3.治疗类：(10)手术治疗费
HLQ7E201	经皮穿刺肝固有动脉瘤栓塞+支架置入术	HLQ80201	经皮穿刺肝固有动脉瘤栓塞+支架置入术	320200007	经皮动脉栓塞术	手术费	手术收入	3.治疗类：(10)手术治疗费
HLQ7E202	经皮穿刺肝固有动脉瘤腔内修复术	HLQ80202	经皮穿刺肝固有动脉瘤腔内隔绝术	330804071	夹层动脉瘤腔内隔绝术	手术费	手术收入	3.治疗类：(10)手术治疗费
HLQ7E203	经皮穿刺肝固有动脉球囊成形术	HLQ80203	经皮穿刺肝固有动脉球囊成形术			手术费	手术收入	3.治疗类：(10)手术治疗费
HLQ7E204	经皮穿刺肝固有动脉支架成形术	HLQ80204	经皮穿刺肝固有动脉支架成形术			手术费	手术收入	3.治疗类：(10)手术治疗费
HLQ7K301	肝固有动脉瘤旷置+肝固有动脉旁路移植术	HLQ86301	肝固有动脉瘤旷置+肝固有动脉自体大隐静脉旁路术			手术费	手术收入	3.治疗类：(10)手术治疗费
HLQ7K302	肝固有动脉瘤切除+肝固有动脉旁路移植术	HLQ86302	肝固有动脉瘤切除+肝固有动脉自体大隐静脉旁路术			手术费	手术收入	3.治疗类：(10)手术治疗费
		HLQ86303	肝固有动脉瘤旷置+肝固有动脉人工血管旁路术			手术费	手术收入	3.治疗类：(10)手术治疗费
		HLQ86304	肝固有动脉瘤切除+肝固有动脉人工血管旁路术			手术费	手术收入	3.治疗类：(10)手术治疗费
HLR	胃十二指肠动脉							
HLR6U301	胃十二指肠动脉动脉瘤切除术	HLR73301	胃十二指肠动脉动脉瘤切除术			手术费	手术收入	3.治疗类：(10)手术治疗费
HLR7D201	经皮穿刺胃十二指肠动脉栓塞术	HLR59201	经皮穿刺胃十二指肠动脉栓塞术	320200007	经皮动脉栓塞术	手术费	手术收入	3.治疗类：(10)手术治疗费
HLR7D202	经皮穿刺胃网膜动脉栓塞术	HLR59202	经皮穿刺胃网膜动脉栓塞术			手术费	手术收入	3.治疗类：(10)手术治疗费
HLS	脾动脉							
HLS6V301	脾动脉瘤切除+脾动脉重建术	HLS74301	脾动脉瘤切除+脾动脉重建术			手术费	手术收入	3.治疗类：(10)手术治疗费
HLS6V302	脾动脉瘤切除+脾动脉自体大隐静脉间置重建术	HLS74303	脾动脉瘤切除+脾动脉自体大隐静脉间置重建术	330804029	上腔静脉阻塞自体大隐静脉螺旋管道架桥术	手术费	手术收入	3.治疗类：(10)手术治疗费
HLS6W301	脾动脉瘤切除+脾切除术	HLS75301	脾动脉瘤切除+脾切除术			手术费	手术收入	3.治疗类：(10)手术治疗费
		HLS74302	脾动脉瘤切除+脾动脉人工血管间置重建术			手术费	手术收入	3.治疗类：(10)手术治疗费
HLS7D201	脾动脉瘤栓塞术	HLS59201	脾动脉瘤栓塞术			手术费	手术收入	3.治疗类：(10)手术治疗费
HLS7D202	经皮穿刺脾动脉栓塞术	HLS59202	经皮穿刺脾动脉栓塞术	320200007	经皮动脉栓塞术	手术费	手术收入	3.治疗类：(10)手术治疗费
HLS7E201	经皮穿刺脾动脉瘤腔内修复术	HLS80201	经皮穿刺脾动脉瘤腔内隔绝术	330804071	夹层动脉瘤腔内隔绝术	手术费	手术收入	3.治疗类：(10)手术治疗费
HLS7E202	经皮穿刺脾动脉瘤栓塞+支架置入术	HLS80202	经皮穿刺脾动脉瘤栓塞+支架置入术			手术费	手术收入	3.治疗类：(10)手术治疗费
HLS7E203	经皮穿刺脾动脉球囊成形术	HLS80203	经皮穿刺脾动脉球囊成形术	320200009	经皮动脉内球囊扩张术	手术费	手术收入	3.治疗类：(10)手术治疗费
HLS7E204	经皮穿刺脾动脉支架置入术	HLS80301	经皮穿刺脾动脉支架置入术	320200010	经皮动脉支架置入术	手术费	手术收入	3.治疗类：(10)手术治疗费
HLS7K301	脾动脉瘤旷置+脾动脉旁路移植术	HLS86301	脾动脉瘤旷置+脾动脉人工血管旁路术			手术费	手术收入	3.治疗类：(10)手术治疗费
HLS7K302	脾动脉瘤切除+脾动脉旁路移植术	HLS86302	脾动脉瘤切除+脾动脉人工血管旁路术			手术费	手术收入	3.治疗类：(10)手术治疗费
HLS7K303	脾肾动脉吻合术					手术费	手术收入	3.治疗类：(10)手术治疗费
HLT	肠系膜上动脉							
HLT6P201	经皮穿刺肠系膜上动脉内血栓抽吸术	HLT65201	经皮穿刺肠系膜上动脉内血栓抽吸术			手术费	手术收入	3.治疗类：(10)手术治疗费
HLT6P301	肠系膜上动脉取栓术	HLT65301	肠系膜上动脉取栓术	330804013	肠系膜上动脉取栓＋移植术	手术费	手术收入	3.治疗类：(10)手术治疗费
HLT6U301	肠系膜上动脉瘤切除术	HLT73302	肠系膜上动脉瘤切除术			手术费	手术收入	3.治疗类：(10)手术治疗费
HLT6U302	胰十二指肠动脉动脉瘤切除术	HLT73301	胰十二指肠动脉动脉瘤切除术			手术费	手术收入	3.治疗类：(10)手术治疗费
HLT6V301	肠系膜上动脉瘤切除+肠系膜上动脉重建术	HLT74301	肠系膜上动脉瘤切除+肠系膜上动脉重建术			手术费	手术收入	3.治疗类：(10)手术治疗费
		HLT74302	肠系膜上动脉瘤切除+肠系膜上动脉人工血管间置重建术			手术费	手术收入	3.治疗类：(10)手术治疗费
		HLT74303	肠系膜上动脉瘤切除+肠系膜上动脉自体大隐静脉间置重建术			手术费	手术收入	3.治疗类：(10)手术治疗费
HLT7D201	经皮穿刺肠系膜上动脉瘤栓塞术	HLT59202	经皮穿刺肠系膜上动脉瘤栓塞术	320200007	经皮动脉栓塞术	手术费	手术收入	3.治疗类：(10)手术治疗费
HLT7D202	经皮穿刺肠系膜上动脉栓塞术	HLT59203	经皮穿刺肠系膜上动脉栓塞术			手术费	手术收入	3.治疗类：(10)手术治疗费
HLT7D203	经皮穿刺胰十二指肠动脉栓塞术	HLT59201	经皮穿刺胰十二指肠动脉栓塞术			手术费	手术收入	3.治疗类：(10)手术治疗费
HLT7D301	肠系膜上动脉瘤旷置术	HLT59301	肠系膜上动脉瘤旷置术			手术费	手术收入	3.治疗类：(10)手术治疗费
HLT7E201	经皮穿刺肠系膜上动脉瘤腔内修复术	HLT80201	经皮穿刺肠系膜上动脉瘤腔内隔绝术			手术费	手术收入	3.治疗类：(10)手术治疗费
HLT7E202	经皮穿刺肠系膜上动脉瘤栓塞+支架置入术	HLT80202	经皮穿刺肠系膜上动脉瘤栓塞+支架置入术			手术费	手术收入	3.治疗类：(10)手术治疗费
HLT7E203	经皮穿刺肠系膜上动脉球囊成形术	HLT80203	经皮穿刺肠系膜上动脉球囊成形术			手术费	手术收入	3.治疗类：(10)手术治疗费
HLT7E204	经皮穿刺肠系膜上动脉支架成形术	HLT80204	经皮穿刺肠系膜上动脉支架成形术			手术费	手术收入	3.治疗类：(10)手术治疗费
HLT7K301	肠系膜上动脉瘤旷置+肠系膜上动脉旁路移植术	HLT86303	肠系膜上动脉瘤旷置+肠系膜上动脉自体大隐静脉旁路术			手术费	手术收入	3.治疗类：(10)手术治疗费
HLT7K302	肠系膜上动脉瘤切除+肠系膜上动脉旁路移植术	HLT86304	肠系膜上动脉瘤切除+肠系膜上动脉自体大隐静脉旁路术			手术费	手术收入	3.治疗类：(10)手术治疗费
HLT7K303	肠系膜上动脉旁路移植术	HLT86306	肠系膜上动脉自体大隐静脉旁路术			手术费	手术收入	3.治疗类：(10)手术治疗费
HLT7N201	经皮肠系膜上动脉内血栓碎栓术	HLT72201	经皮肠系膜上动脉内血栓碎栓术			手术费	手术收入	3.治疗类：(10)手术治疗费
HLT7P301	肠系膜上动脉成形术	HLT83301	肠系膜上动脉成形术			手术费	手术收入	3.治疗类：(10)手术治疗费
		HLT86301	肠系膜上动脉瘤旷置+肠系膜上动脉人工血管旁路术			手术费	手术收入	3.治疗类：(10)手术治疗费
		HLT86302	肠系膜上动脉瘤切除+肠系膜上动脉人工血管旁路术			手术费	手术收入	3.治疗类：(10)手术治疗费
		HLT86305	肠系膜上动脉人工血管旁路术	330804012	腹主动脉腹腔动脉血管架桥术	手术费	手术收入	3.治疗类：(10)手术治疗费
HLU	肠系膜下动脉							
HLU6U301	肠系膜下动脉瘤切除术	HLU73301	肠系膜下动脉瘤切除术			手术费	手术收入	3.治疗类：(10)手术治疗费
HLU6V301	肠系膜下动脉瘤切除+肠系膜下动脉重建术	HLU74301	肠系膜下动脉瘤切除+肠系膜下动脉重建术			手术费	手术收入	3.治疗类：(10)手术治疗费
		HLU74302	肠系膜下动脉瘤切除+肠系膜下动脉人工血管间置重建术			手术费	手术收入	3.治疗类：(10)手术治疗费
		HLU74303	肠系膜下动脉瘤切除+肠系膜下动脉自体大隐静脉间置重建术			手术费	手术收入	3.治疗类：(10)手术治疗费
HLU7D201	经皮穿刺肠系膜下动脉瘤栓塞术	HLU59201	经皮穿刺肠系膜下动脉瘤栓塞术	320200007	经皮动脉栓塞术	手术费	手术收入	3.治疗类：(10)手术治疗费
HLU7D202	经皮穿刺肠系膜下动脉栓塞术	HLU59202	经皮穿刺肠系膜下动脉栓塞术			手术费	手术收入	3.治疗类：(10)手术治疗费
HLU7D301	肠系膜下动脉瘤旷置术	HLU59301	肠系膜下动脉瘤旷置术			手术费	手术收入	3.治疗类：(10)手术治疗费
HLU7E201	经皮穿刺肠系膜下动脉球囊成形术	HLU80201	经皮穿刺肠系膜下动脉球囊成形术			手术费	手术收入	3.治疗类：(10)手术治疗费
HLU7E202	经皮穿刺肠系膜下动脉支架成形术	HLU80202	经皮穿刺肠系膜下动脉支架成形术			手术费	手术收入	3.治疗类：(10)手术治疗费
HLU7E203	经皮穿刺肠系膜下动脉瘤栓塞+支架置入术	HLU80203	经皮穿刺肠系膜下动脉瘤栓塞+支架置入术			手术费	手术收入	3.治疗类：(10)手术治疗费
HLU7E204	经皮穿刺肠系膜下动脉瘤腔内修复术	HLU80204	经皮穿刺肠系膜下动脉瘤腔内隔绝术			手术费	手术收入	3.治疗类：(10)手术治疗费
HLU7K301	肠系膜下动脉瘤旷置+肠系膜下动脉旁路移植术	HLU86301	肠系膜下动脉瘤旷置+肠系膜下动脉人工血管旁路术			手术费	手术收入	3.治疗类：(10)手术治疗费
HLU7K302	肠系膜下动脉瘤切除+肠系膜下动脉旁路移植术	HLU86302	肠系膜下动脉瘤切除+肠系膜下动脉人工血管旁路术			手术费	手术收入	3.治疗类：(10)手术治疗费
HLU7K303	肠系膜下动脉旁路移植术	HLU86306	肠系膜下动脉自体大隐静脉旁路术			手术费	手术收入	3.治疗类：(10)手术治疗费
HLU7Q301	肠系膜下动脉重建术	HLU89301	肠系膜下动脉重建术			手术费	手术收入	3.治疗类：(10)手术治疗费
		HLU86303	肠系膜下动脉瘤旷置+肠系膜下动脉自体大隐静脉旁路术			手术费	手术收入	3.治疗类：(10)手术治疗费
		HLU86304	肠系膜下动脉瘤切除+肠系膜下动脉自体大隐静脉旁路术			手术费	手术收入	3.治疗类：(10)手术治疗费
		HLU86305	肠系膜下动脉人工血管旁路术			手术费	手术收入	3.治疗类：(10)手术治疗费
HLV	肾上腺动脉							
HLV6U301	肾上腺动脉瘤切除术	HLV73301	肾上腺动脉瘤切除术			手术费	手术收入	3.治疗类：(10)手术治疗费
HLV7D201	经皮穿刺肾上腺动脉瘤栓塞术	HLV59201	经皮穿刺肾上腺动脉瘤栓塞术	320200007	经皮动脉栓塞术	手术费	手术收入	3.治疗类：(10)手术治疗费
HLV7D202	经皮穿刺肾上腺动脉栓塞术	HLV59202	经皮穿刺肾上腺动脉栓塞术			手术费	手术收入	3.治疗类：(10)手术治疗费
HLW	肾动脉							
HLW6P201	经皮肾动脉内血栓抽吸术	HLW65201	经皮肾动脉内血栓抽吸术			手术费	手术收入	3.治疗类：(10)手术治疗费
HLW6P301	肾动脉切开取栓术	HLW65301	肾动脉切开取栓术			手术费	手术收入	3.治疗类：(10)手术治疗费
HLW6P302	肾动脉内膜剥脱术	HLW65302	肾动脉内膜剥脱术	331101004	肾包膜剥脱术	手术费	手术收入	3.治疗类：(10)手术治疗费
HLW6U301	肾动脉瘤旷置+肾切除术	HLW59301	肾动脉瘤旷置+肾切除术			手术费	手术收入	3.治疗类：(10)手术治疗费
HLW6V301	肾动脉瘤切除+肾动脉重建术	HLW74201	肾动脉瘤切除+肾动脉重建术			手术费	手术收入	3.治疗类：(10)手术治疗费
HLW6W301	肾动脉瘤切除+肾切除术	HLW75301	肾动脉瘤切除+肾切除术			手术费	手术收入	3.治疗类：(10)手术治疗费
		HLW74301	肾动脉瘤切除+肾动脉人工血管间置重建术			手术费	手术收入	3.治疗类：(10)手术治疗费
		HLW74302	肾动脉瘤切除+肾动脉自体大隐静脉间置重建术			手术费	手术收入	3.治疗类：(10)手术治疗费
HLW7D201	经皮穿刺肾动脉瘤栓塞术	HLW59201	经皮穿刺肾动脉瘤栓塞术			手术费	手术收入	3.治疗类：(10)手术治疗费
HLW7D202	经皮穿刺肾动脉栓塞术	HLW59202	经皮穿刺肾动脉栓塞术			手术费	手术收入	3.治疗类：(10)手术治疗费
HLW7E201	经皮穿刺肾动脉支架成形术	HLW80201	经皮穿刺肾动脉支架成形术			手术费	手术收入	3.治疗类：(10)手术治疗费
HLW7E202	经皮穿刺肾动脉球囊成形术	HLW80202	经皮穿刺肾动脉球囊成形术			手术费	手术收入	3.治疗类：(10)手术治疗费
HLW7E203	经皮穿刺肾动脉瘤栓塞+支架置入术	HLW80203	经皮穿刺肾动脉瘤栓塞+支架置入术			手术费	手术收入	3.治疗类：(10)手术治疗费
HLW7E204	经皮穿刺肾动脉瘤腔内修复术	HLW80204	经皮穿刺肾动脉瘤腔内隔绝术			手术费	手术收入	3.治疗类：(10)手术治疗费
HLW7K301	肾动脉旁路移植术	HLW86302	肾动脉自体大隐静脉旁路术			手术费	手术收入	3.治疗类：(10)手术治疗费
HLW7K302	肾动脉瘤旷置+肾动脉旁路移植术	HLW86303	肾动脉瘤旷置+肾动脉人工血管旁路术			手术费	手术收入	3.治疗类：(10)手术治疗费
HLW7K303	肾动脉瘤切除+肾动脉旁路移植术	HLW86304	肾动脉瘤切除+肾动脉人工血管旁路术			手术费	手术收入	3.治疗类：(10)手术治疗费
HLW7K304	肾动脉-股动脉旁路移植术					手术费	手术收入	3.治疗类：(10)手术治疗费
HLW7N201	经皮肾动脉内血栓碎栓术	HLW72201	经皮肾动脉内血栓碎栓术			手术费	手术收入	3.治疗类：(10)手术治疗费
HLW7Q301	肾动脉瘤切除自体肾移植术	HLW89302	肾动脉瘤切除自体肾移植术			手术费	手术收入	3.治疗类：(10)手术治疗费
HLW7Q302	肾血管重建术	HLW89301	肾血管重建术	331101017	肾血管重建术	手术费	手术收入	3.治疗类：(10)手术治疗费
		HLW86301	肾动脉人工血管旁路术			手术费	手术收入	3.治疗类：(10)手术治疗费
		HLW86305	肾动脉瘤旷置+肾动脉自体大隐静脉旁路术			手术费	手术收入	3.治疗类：(10)手术治疗费
		HLW86306	肾动脉瘤切除+肾动脉自体大隐静脉旁路术			手术费	手术收入	3.治疗类：(10)手术治疗费
HLX	生殖动脉							
HLX6U301	生殖动脉瘤切除术	HLX73301	生殖动脉瘤切除术			手术费	手术收入	3.治疗类：(10)手术治疗费
HLX7D201	经皮穿刺生殖动脉瘤栓塞术	HLX59202	经皮穿刺生殖动脉瘤栓塞术			手术费	手术收入	3.治疗类：(10)手术治疗费
HLX7D202	经皮穿刺生殖动脉栓塞术	HLX59203	经皮穿刺生殖动脉栓塞术	320200007	经皮动脉栓塞术	手术费	手术收入	3.治疗类：(10)手术治疗费
HLX7D203	经皮穿刺子宫动脉栓塞术	HLX59201	经皮穿刺子宫动脉栓塞术	320200007	经皮动脉栓塞术	手术费	手术收入	3.治疗类：(10)手术治疗费
HLX7D301	子宫动脉结扎术	HLX59301	经腹子宫动脉结扎术	331303022	子宫动脉结扎术	手术费	手术收入	3.治疗类：(10)手术治疗费
HLX7D501	经腹腔镜子宫动脉结扎术	HLX59501	经腹腔镜子宫动脉结扎术			手术费	手术收入	3.治疗类：(10)手术治疗费
HL0-HL1	髂动脉							
HL06L301	髂动脉瘤切除人工血管置换术	HL066201	髂动脉瘤切除人工血管置换术			手术费	手术收入	3.治疗类：(10)手术治疗费
HL06L302	破裂髂动脉瘤切除腹主动脉-双髂动脉人工血管置换术	HL066301	破裂髂动脉瘤切除腹主动脉-双髂动脉人工血管置换术			手术费	手术收入	3.治疗类：(10)手术治疗费
HL06L303	破裂髂动脉瘤切除腹主动脉-双股动脉人工血管置换术	HL066302	破裂髂动脉瘤切除腹主动脉-双股动脉人工血管置换术			手术费	手术收入	3.治疗类：(10)手术治疗费
HL06L304	破裂髂动脉瘤切除腹主动脉-单侧髂股动脉人工血管置换术	HL066303	破裂髂动脉瘤切除腹主动脉-单侧髂股动脉人工血管置换术			手术费	手术收入	3.治疗类：(10)手术治疗费
HL06P301	髂动脉内膜剥脱术	HL065202	髂动脉内膜剥脱术	330804042	肢体动脉内膜剥脱成形术	手术费	手术收入	3.治疗类：(10)手术治疗费
HL06U201	经皮穿刺髂动脉血栓切除术	HL065201	经皮穿刺髂动脉血栓切除术	330804043	肢体动静脉切开取栓术	手术费	手术收入	3.治疗类：(10)手术治疗费
HL07D201	经皮穿刺腰动脉栓塞术					手术费	手术收入	3.治疗类：(10)手术治疗费
HL07D301	髂动脉假性动脉瘤旷置术	HL059201	髂动脉假性动脉瘤旷置术			手术费	手术收入	3.治疗类：(10)手术治疗费
HL07D302	髂动脉瘤旷置术	HL059202	髂动脉瘤旷置术			手术费	手术收入	3.治疗类：(10)手术治疗费
HL07E201	经皮穿刺髂股动脉支架置入术	HL080205	经皮穿刺髂股动脉支架置入术	320200010	经皮动脉支架置入术	手术费	手术收入	3.治疗类：(10)手术治疗费
HL07E202	经皮穿刺髂动脉球囊扩张支架置入术	HL080201	经皮穿刺髂动脉球囊扩张+支架置入术	320200009	经皮动脉内球囊扩张术	手术费	手术收入	3.治疗类：(10)手术治疗费
HL07E203	经皮穿刺髂动脉球囊成形术	HL080202	经皮穿刺髂动脉球囊成形术			手术费	手术收入	3.治疗类：(10)手术治疗费
HL07E204	经皮穿刺髂动脉覆膜支架腔内修复术	HL080204	经皮穿刺髂动脉覆膜支架腔内隔绝术			手术费	手术收入	3.治疗类：(10)手术治疗费
HL07E301	髂动静脉瘘腔内修复术	HL080203	髂动静脉瘘腔内隔绝术			手术费	手术收入	3.治疗类：(10)手术治疗费
HL07E302	经颈动脉置管髂动脉覆膜支架腔内修复术	HL083301	经颈动脉置管髂动脉覆膜支架腔内修复术			手术费	手术收入	3.治疗类：(10)手术治疗费
HL07K301	髂股动脉闭塞髂动脉-股动脉旁路移植术	HL086304	髂股动脉闭塞髂动脉-股动脉人工血管旁路术	330804017	腹主动脉股动脉人工血管转流术	手术费	手术收入	3.治疗类：(10)手术治疗费
HL07K302	髂股动脉闭塞腹主动脉-股动脉旁路移植术	HL086303	髂股动脉闭塞腹主动脉-股动脉人工血管旁路术			手术费	手术收入	3.治疗类：(10)手术治疗费
HL07K303	单侧髂动脉闭塞主-髂动脉旁路移植术	HL086301	单侧髂动脉闭塞主-髂动脉人工血管旁路术			手术费	手术收入	3.治疗类：(10)手术治疗费
HL07K304	双侧髂动脉闭塞主-髂动脉旁路移植术	HL086302	双侧髂动脉闭塞主-髂动脉人工血管旁路术(Y型人工血管)			手术费	手术收入	3.治疗类：(10)手术治疗费
HL07L201	经皮穿刺髂动脉旋磨再通术	HL083201	经皮穿刺髂动脉旋磨再通术			手术费	手术收入	3.治疗类：(10)手术治疗费
HL07L202	经皮穿刺髂动脉旋切再通术	HL083202	经皮穿刺髂动脉旋切再通术	320100007	经皮静脉内旋切术	手术费	手术收入	3.治疗类：(10)手术治疗费
HL07L203	经皮穿刺髂动脉激光再通术	HL087201	经皮穿刺髂动脉激光再通术	320200006	经皮动脉闭塞激光再通术	手术费	手术收入	3.治疗类：(10)手术治疗费
HL07N201	经皮穿刺髂动脉射频消融再通术	HL072201	经皮穿刺髂动脉射频消融再通术			手术费	手术收入	3.治疗类：(10)手术治疗费
HL07P201	经皮穿刺髂动脉创伤性动静脉瘘修补术	HL083203	经皮穿刺髂动脉创伤性动静脉瘘修补术	330804057	外伤性动静脉瘘修补术＋血管移植术	手术费	手术收入	3.治疗类：(10)手术治疗费
HL07P301	髂动脉创伤性动静脉瘘修补术	HL083204	髂动脉创伤性动静脉瘘修补术			手术费	手术收入	3.治疗类：(10)手术治疗费
HL07P302	髂动脉瘤成形术	HL083205	髂动脉瘤成形术			手术费	手术收入	3.治疗类：(10)手术治疗费
HL07P303	髂动脉假性动脉瘤成形术	HL083206	髂动脉假性动脉瘤成形术			手术费	手术收入	3.治疗类：(10)手术治疗费
HL07P304	髂动脉消化道瘘修复术	HL083302	髂动脉消化道瘘修复术	330804018	腹主动脉消化道瘘修复术	手术费	手术收入	3.治疗类：(10)手术治疗费
HL07P305	髂动脉膀胱瘘修复术	HL083303	髂动脉膀胱瘘修复术			手术费	手术收入	3.治疗类：(10)手术治疗费
HL17D201	经皮穿刺膀胱动脉栓塞术	HL159202	经皮穿刺膀胱动脉栓塞术	320200007	经皮动脉栓塞术	手术费	手术收入	3.治疗类：(10)手术治疗费
HL17D202	经皮穿刺臀下动脉栓塞术					手术费	手术收入	3.治疗类：(10)手术治疗费
HL17D203	经皮穿刺髂内动脉栓塞术	HL159201	经皮穿刺髂内动脉栓塞术	320200007	经皮动脉栓塞术	手术费	手术收入	3.治疗类：(10)手术治疗费
HL17D301	骨盆骨折髂内动脉结扎术	HL159301	骨盆骨折髂内动脉结扎术	331501045	骨盆骨折髂内动脉结扎术	手术费	手术收入	3.治疗类：(10)手术治疗费
HL17E201	经皮穿刺髂内动脉球囊成形术	HL180201	经皮穿刺髂内动脉球囊成形术	320200009	经皮动脉内球囊扩张术	手术费	手术收入	3.治疗类：(10)手术治疗费
HL17E202	经皮穿刺髂内动脉球囊扩张支架置入术	HL180202	经皮穿刺髂内动脉球囊扩张+支架置入术	320200010	经皮动脉支架置入术	手术费	手术收入	3.治疗类：(10)手术治疗费
HL17Q301	髂内动脉重建术	HL189201	髂内动脉重建术	330804069	髂内动脉结扎术	手术费	手术收入	3.治疗类：(10)手术治疗费
HL3-HL8	7.外周动脉							
HL3	上肢动脉							
HL36E301	上肢血管探查术	FL309301	上肢血管探查术	330804044	上肢血管探查术	手术费	手术收入	3.治疗类：(10)手术治疗费
				330804045	血管移植术	手术费	手术收入	3.治疗类：(10)手术治疗费
HL36E302	腋动脉探查术	FL309302	腋动脉探查术			手术费	手术收入	3.治疗类：(10)手术治疗费
HL36K201	经皮穿刺上肢动脉置管术	HL362201	经皮穿刺上肢动脉置管术	320200004	经皮选择性动脉置管术	手术费	手术收入	3.治疗类：(10)手术治疗费
HL36L301	肱动脉瘤切除血管置换术					手术费	手术收入	3.治疗类：(10)手术治疗费
HL36P301	上肢动脉切开取栓术					手术费	手术收入	3.治疗类：(10)手术治疗费
HL36W301	上肢动脉瘤切除术					手术费	手术收入	3.治疗类：(10)手术治疗费
HL36W302	上肢血管内膜切除术					手术费	手术收入	3.治疗类：(10)手术治疗费
HL37D201	经皮穿刺上肢动脉瘤栓塞术	HL359201	经皮穿刺上肢动脉瘤栓塞术	320200007	经皮动脉栓塞术	手术费	手术收入	3.治疗类：(10)手术治疗费
HL37E201	肱动脉创伤性动静脉瘘腔内修复术					手术费	手术收入	3.治疗类：(10)手术治疗费
HL37E202	经皮穿刺上肢动脉支架成形术	HL380201	上肢动脉支架成形术			手术费	手术收入	3.治疗类：(10)手术治疗费
HL37E203	经皮穿刺腋动脉支架成形术	HL380202	腋动脉支架成形术			手术费	手术收入	3.治疗类：(10)手术治疗费
HL37E204	经皮穿刺前臂动脉支架置入术					手术费	手术收入	3.治疗类：(10)手术治疗费
HL37E205	经皮穿刺上臂动脉支架置入术					手术费	手术收入	3.治疗类：(10)手术治疗费
HL37E206	经皮穿刺前臂动脉创伤性动静脉瘘腔内修复术					手术费	手术收入	3.治疗类：(10)手术治疗费
HL37K301	肱动脉-肱动脉旁路移植术					手术费	手术收入	3.治疗类：(10)手术治疗费
HL37K302	肱动脉-尺动脉旁路移植术					手术费	手术收入	3.治疗类：(10)手术治疗费
HL37K303	颈总动脉-肱动脉旁路移植术					手术费	手术收入	3.治疗类：(10)手术治疗费
HL37K304	锁骨下动脉-肱动脉旁路移植术					手术费	手术收入	3.治疗类：(10)手术治疗费
HL37K305	腋-单股动脉旁路移植术	HL386302	腋-单股动脉人工血管旁路术	330804049	腋股动脉人工血管转流术	手术费	手术收入	3.治疗类：(10)手术治疗费
HL37K306	腋动脉-腋动脉旁路移植术	HL386303	腋动脉-腋动脉旁路移植术	330804068	锁骨下动脉搭桥术	手术费	手术收入	3.治疗类：(10)手术治疗费
HL37K307	腋-双股动脉旁路移植术	HL386301	腋-双股动脉人工血管旁路术	330804048	腋双股动脉人工血管转流术	手术费	手术收入	3.治疗类：(10)手术治疗费
HL37L201	经皮穿刺上肢动脉闭塞激光再通术	HL387201	经皮穿刺上肢动脉闭塞激光再通术	320200006	经皮动脉闭塞激光再通术	手术费	手术收入	3.治疗类：(10)手术治疗费
				330804066	闭塞血管激光再通术	手术费	手术收入	3.治疗类：(10)手术治疗费
HL37P301	肱动脉修复术	HL383305	肱动脉修复术	330804050	肢体动静脉修复术	手术费	手术收入	3.治疗类：(10)手术治疗费
				330804051	血管危象探查修复术	手术费	手术收入	3.治疗类：(10)手术治疗费
				331603004	深度烧伤扩创血管神经探查术	手术费	手术收入	3.治疗类：(10)手术治疗费
HL37P302	肱动脉创伤性动静脉瘘修补术	HL383306	肱动脉创伤性动静脉瘘修补术	330804057	外伤性动静脉瘘修补术＋血管移植术	手术费	手术收入	3.治疗类：(10)手术治疗费
HL37P303	前臂动脉修复术	HL383301	前臂动脉修复术	330804050	肢体动静脉修复术	手术费	手术收入	3.治疗类：(10)手术治疗费
HL37P304	前臂动脉创伤性动静脉瘘修补术	HL383302	前臂动脉创伤性动静脉瘘修补术	330804057	外伤性动静脉瘘修补术＋血管移植术	手术费	手术收入	3.治疗类：(10)手术治疗费
HL37P305	腋动脉修复术	HL383303	腋动脉修复术	330804050	肢体动静脉修复术	手术费	手术收入	3.治疗类：(10)手术治疗费
HL37P306	腋动脉创伤性动静脉瘘修补术	HL383304	腋动脉创伤性动静脉瘘修补术	330804057	外伤性动静脉瘘修补术＋血管移植术	手术费	手术收入	3.治疗类：(10)手术治疗费
				330804046	肢体动脉瘤切除＋血管移植术	手术费	手术收入	3.治疗类：(10)手术治疗费
HL37S301	桡动脉取材术	HL360301	桡动脉取材术			手术费	手术收入	3.治疗类：(10)手术治疗费
HL5	下肢动脉							
HL56B201	经皮穿刺选择性下肢动脉置管溶栓术	HL587201	经皮穿刺选择性下肢动脉置管溶栓术	320200004	经皮选择性动脉置管术	手术费	手术收入	3.治疗类：(10)手术治疗费
HL56E301	下肢胫动脉探查术	FL509301	下肢胫动脉探查术			手术费	手术收入	3.治疗类：(10)手术治疗费
		FL509302	下肢腓动脉探查术			手术费	手术收入	3.治疗类：(10)手术治疗费
HL56L301	下肢动脉血管切除血管置换术					手术费	手术收入	3.治疗类：(10)手术治疗费
HL56P301	胫腓动脉内膜剥脱术					手术费	手术收入	3.治疗类：(10)手术治疗费
HL56P302	下肢动脉切开取栓术					手术费	手术收入	3.治疗类：(10)手术治疗费
HL56U201	经皮穿刺下肢动脉斑块旋切术	HL573201	经皮穿刺下肢动脉斑块旋切术	320200005	经皮动脉斑块旋切术	手术费	手术收入	3.治疗类：(10)手术治疗费
HL56U301	下肢动脉切除术					手术费	手术收入	3.治疗类：(10)手术治疗费
HL57D201	经皮穿刺下肢动脉栓塞术	HL559201	经皮穿刺下肢动脉栓塞术	320200007	经皮动脉栓塞术	手术费	手术收入	3.治疗类：(10)手术治疗费
HL57D301	下肢动脉结扎术					手术费	手术收入	3.治疗类：(10)手术治疗费
HL57E201	经皮穿刺顺行同侧小腿动脉内球囊成形术	HL580201	经皮穿刺顺行同侧小腿动脉内球囊成形术	320200009	经皮动脉内球囊扩张术	手术费	手术收入	3.治疗类：(10)手术治疗费
HL57E202	经皮穿刺单侧小腿动脉球囊扩张支架置入术	HL580202	经皮穿刺单侧小腿动脉球囊扩张+支架置入术	320200010	经皮动脉支架置入术	手术费	手术收入	3.治疗类：(10)手术治疗费
HL57E203	经皮穿刺单侧小腿动脉激光再通球囊成形术	HL580203	经皮穿刺单侧小腿动脉激光再通+球囊成形术			手术费	手术收入	3.治疗类：(10)手术治疗费
HL57E204	经皮穿刺顺行小腿动脉旋切球囊成形术	HL580204	经皮穿刺顺行小腿动脉旋切＋球囊成形术	320200012	经皮肢体动脉旋切＋球囊扩张术	手术费	手术收入	3.治疗类：(10)手术治疗费
HL57L201	经皮穿刺下肢动脉闭塞激光再通术	HL587202	经皮穿刺下肢动脉闭塞激光再通术	320200006	经皮动脉闭塞激光再通术	手术费	手术收入	3.治疗类：(10)手术治疗费
HL57N301	下肢动静脉瘘电凝术					手术费	手术收入	3.治疗类：(10)手术治疗费
HL57P301	小腿动脉修复术	HL583301	小腿动脉修复术	330804050	肢体动静脉修复术	手术费	手术收入	3.治疗类：(10)手术治疗费
HL57P302	小腿动脉创伤性动静脉瘘修补术	HL583302	小腿动脉创伤性动静脉瘘修补术	330804057	外伤性动静脉瘘修补术＋血管移植术	手术费	手术收入	3.治疗类：(10)手术治疗费
HL6	股动脉							
HL66E301	下肢股腘动脉探查术	FL609301	下肢股腘动脉探查术			手术费	手术收入	3.治疗类：(10)手术治疗费
HL66L301	股动脉瘤切除血管置换术					手术费	手术收入	3.治疗类：(10)手术治疗费
HL66P301	股动脉内膜剥脱术	HL665201	股动脉内膜剥脱术	330804042	肢体动脉内膜剥脱成形术	手术费	手术收入	3.治疗类：(10)手术治疗费
HL67E201	经皮穿刺股动脉球囊成形术	HL680201	经皮穿刺股动脉球囊成形术			手术费	手术收入	3.治疗类：(10)手术治疗费
HL67E202	经皮穿刺单侧股动脉激光再通球囊成形术	HL680202	经皮穿刺单侧股动脉激光再通+球囊成形术			手术费	手术收入	3.治疗类：(10)手术治疗费
HL67E203	经皮穿刺顺行同侧股浅动脉球囊成形术	HL680203	经皮穿刺顺行同侧股浅动脉球囊成形术			手术费	手术收入	3.治疗类：(10)手术治疗费
HL67E204	经皮穿刺对侧股浅动脉球囊成形术	HL680204	经皮穿刺对侧股浅动脉球囊成形术			手术费	手术收入	3.治疗类：(10)手术治疗费
HL67E205	经皮穿刺单侧股浅动脉球囊扩张支架置入术	HL680205	经皮穿刺单侧股浅动脉球囊扩张+支架置入术			手术费	手术收入	3.治疗类：(10)手术治疗费
HL67E206	经颈动脉穿刺单侧股浅动脉球囊扩张支架置入术	HL680206	经颈动脉穿刺单侧股浅动脉球囊扩张+支架置入术			手术费	手术收入	3.治疗类：(10)手术治疗费
HL67E207	经上肢动脉穿刺单侧股浅动脉球囊扩张支架置入术	HL680207	经上肢动脉穿刺单侧股浅动脉球囊扩张+支架置入术			手术费	手术收入	3.治疗类：(10)手术治疗费
HL67E208	经腘动脉穿刺单侧股浅动脉球囊扩张支架置入术	HL680208	经腘动脉穿刺单侧股浅动脉球囊扩张+支架置入术			手术费	手术收入	3.治疗类：(10)手术治疗费
HL67E209	经皮穿刺顺行股浅动脉旋切球囊成形术	HL680209	经皮穿刺顺行股浅动脉旋切＋球囊成形术	320200012	经皮肢体动脉旋切＋球囊扩张术	手术费	手术收入	3.治疗类：(10)手术治疗费
HL67E210	经皮穿刺股浅动脉旋切球囊成形术	HL680210	经皮穿刺股浅动脉旋切＋球囊成形术			手术费	手术收入	3.治疗类：(10)手术治疗费
HL67E211	经皮穿刺顺行单侧股深动脉内球囊成形术	HL680212	经皮穿刺顺行单侧股深动脉内球囊成形术	320200009	经皮动脉内球囊扩张术	手术费	手术收入	3.治疗类：(10)手术治疗费
HL67E212	经皮穿刺对侧股深动脉内球囊成形术	HL680213	经皮穿刺对侧股深动脉内球囊成形术			手术费	手术收入	3.治疗类：(10)手术治疗费
HL67E213	经皮穿刺单侧股深动脉球囊扩张支架置入术	HL680214	经皮穿刺单侧股深动脉球囊扩张+支架置入术	320200010	经皮动脉支架置入术	手术费	手术收入	3.治疗类：(10)手术治疗费
HL67E214	经上肢动脉穿刺单侧股深动脉球囊扩张支架置入术	HL680216	经上肢动脉穿刺单侧股深动脉球囊扩张+支架置入术			手术费	手术收入	3.治疗类：(10)手术治疗费
		HL680215	经颈动脉穿刺单侧股深动脉球囊扩张+支架置入术			手术费	手术收入	3.治疗类：(10)手术治疗费
HL67E215	经皮穿刺顺行股深动脉旋切球囊成形术	HL680217	经皮穿刺顺行股深动脉旋切＋球囊成形术	320200012	经皮肢体动脉旋切＋球囊扩张术	手术费	手术收入	3.治疗类：(10)手术治疗费
HL67K301	股动脉-腓动脉旁路移植术	HL686305	股-腓动脉血管旁路术			手术费	手术收入	3.治疗类：(10)手术治疗费
		HL686304	股动脉-腓动脉自体大隐静脉原位移植术			手术费	手术收入	3.治疗类：(10)手术治疗费
HL67K302	股动脉-腘动脉-膝下动脉旁路移植术					手术费	手术收入	3.治疗类：(10)手术治疗费
HL67K303	股动脉-胫前/后动脉旁路移植术	HL686310	股-胫前/后动脉血管旁路术	330804040	股胫前动脉转流术	手术费	手术收入	3.治疗类：(10)手术治疗费
		HL689301	股-胫前/后动脉自体大隐静脉原位移植术	330804040	股胫前动脉转流术	手术费	手术收入	3.治疗类：(10)手术治疗费
HL67K304	股动脉-膝上腘动脉旁路移植术	HL686306	股-膝上腘动脉血管旁路术	330804041	股腘动脉人工自体血管移植术	手术费	手术收入	3.治疗类：(10)手术治疗费
		HL686308	股-膝上腘动脉自体大隐静脉原位移植术			手术费	手术收入	3.治疗类：(10)手术治疗费
HL67K305	股动脉-膝下腘动脉旁路移植术	HL686307	股-膝下腘动脉血管旁路术			手术费	手术收入	3.治疗类：(10)手术治疗费
		HL686309	股-膝下腘动脉自体大隐静脉原位移植术			手术费	手术收入	3.治疗类：(10)手术治疗费
HL67K306	股股动脉耻骨上旁路移植术	HL686301	股股动脉耻骨上自体大隐静脉旁路术			手术费	手术收入	3.治疗类：(10)手术治疗费
		HL686302	股-股动脉耻骨上人工血管旁路术	330804039	股股动脉人工血管转流术	手术费	手术收入	3.治疗类：(10)手术治疗费
HL67K307	同侧股-股动脉旁路移植术	HL686303	同侧股-股动脉人工血管旁路术	330804039	股股动脉人工血管转流术	手术费	手术收入	3.治疗类：(10)手术治疗费
HL67P301	股动脉修复术	HL683301	股动脉修复术	330804050	肢体动静脉修复术	手术费	手术收入	3.治疗类：(10)手术治疗费
		HL680211	股/腘动脉支架成形术			手术费	手术收入	3.治疗类：(10)手术治疗费
HL67P302	股动脉创伤性动静脉瘘修补术	HL683302	股动脉创伤性动静脉瘘修补术	330804057	外伤性动静脉瘘修补术＋血管移植术	手术费	手术收入	3.治疗类：(10)手术治疗费
HL7	腘动脉							
HL76L301	腘动脉瘤切除血管置换术					手术费	手术收入	3.治疗类：(10)手术治疗费
HL76P301	腘动脉内膜剥脱术					手术费	手术收入	3.治疗类：(10)手术治疗费
HL76V301	腘动脉切除重建术	HL774301	腘窝陷迫综合征腘动脉切除重建术			手术费	手术收入	3.治疗类：(10)手术治疗费
HL77C301	腘动脉松解术	HL757301	腘窝陷迫综合征腘动脉松解术			手术费	手术收入	3.治疗类：(10)手术治疗费
HL77E201	经皮穿刺单侧腘动脉内球囊成形术	HL780201	经皮穿刺单侧腘动脉内球囊成形术			手术费	手术收入	3.治疗类：(10)手术治疗费
HL77E202	经皮穿刺单侧腘动脉球囊扩张支架置入术	HL780202	经皮穿刺单侧腘动脉球囊扩张+支架置入术	320200010	经皮动脉支架置入术	手术费	手术收入	3.治疗类：(10)手术治疗费
HL77E203	经皮穿刺单侧腘动脉激光再通球囊成形术	HL780203	经皮穿刺单侧腘动脉激光再通+球囊成形术	320200012	经皮肢体动脉旋切＋球囊扩张术	手术费	手术收入	3.治疗类：(10)手术治疗费
HL77E204	经足背动脉穿刺单侧腘动脉球囊扩张支架置入术	HL780204	经足背动脉穿刺单侧腘动脉球囊扩张+支架置入术	320200010	经皮动脉支架置入术	手术费	手术收入	3.治疗类：(10)手术治疗费
HL77E205	经胫后动脉穿刺单侧腘动脉球囊扩张支架置入术	HL780205	经胫后动脉穿刺单侧腘动脉球囊扩张+支架置入术			手术费	手术收入	3.治疗类：(10)手术治疗费
		HL780210	经胫后动脉穿刺单侧胫后动脉球囊扩张+支架置入术			手术费	手术收入	3.治疗类：(10)手术治疗费
		HL786302	腘-腓动脉血管旁路术	330804047	肢体动脉血管旁路移植术	手术费	手术收入	3.治疗类：(10)手术治疗费
		HL789303	腘动脉-腓动脉自体大隐静脉原位移植术			手术费	手术收入	3.治疗类：(10)手术治疗费
HL77E206	经皮穿刺顺行同侧腘动脉内球囊成形术	HL780206	经皮穿刺顺行同侧腘动脉内球囊成形术			手术费	手术收入	3.治疗类：(10)手术治疗费
HL77E207	经皮穿刺顺行腘动脉旋切球囊成形术	HL780207	经皮穿刺顺行腘动脉旋切＋球囊成形术	320200012	经皮肢体动脉旋切＋球囊扩张术	手术费	手术收入	3.治疗类：(10)手术治疗费
HL77E208	经皮穿刺逆行腘动脉旋切球囊成形术	HL780208	经皮穿刺逆行腘动脉旋切＋球囊成形术			手术费	手术收入	3.治疗类：(10)手术治疗费
HL77E209	膝下动脉球囊扩张支架置入术	HL780209	经足背动脉穿刺单侧胫前动脉球囊扩张+支架置入术	320200010	经皮动脉支架置入术	手术费	手术收入	3.治疗类：(10)手术治疗费
HL77K301	腘动脉-胫/腓动脉旁路移植术	HL786301	腘-胫前/后动脉血管旁路术	330804047	肢体动脉血管旁路移植术	手术费	手术收入	3.治疗类：(10)手术治疗费
		HL789301	腘动脉-胫前动脉自体大隐静脉原位移植术			手术费	手术收入	3.治疗类：(10)手术治疗费
		HL789302	腘动脉-胫后动脉自体大隐静脉原位移植术			手术费	手术收入	3.治疗类：(10)手术治疗费
HL77P301	腘动脉修复术	HL783301	腘动脉修复术	330804050	肢体动静脉修复术	手术费	手术收入	3.治疗类：(10)手术治疗费
HL77P302	腘动脉创伤性动静脉瘘修补术	HL783302	腘动脉创伤性动静脉瘘修补术	330804057	外伤性动静脉瘘修补术＋血管移植术	手术费	手术收入	3.治疗类：(10)手术治疗费
HL8	足动脉							
HL87E201	经皮穿刺顺行同侧足部动脉球囊成形术	HL880201	经皮穿刺顺行同侧足部动脉球囊成形术	320200009	经皮动脉内球囊扩张术	手术费	手术收入	3.治疗类：(10)手术治疗费
HL87E202	经皮穿刺单侧足部动脉激光再通球囊成形术	HL880202	经皮穿刺单侧足部动脉激光再通+球囊成形术			手术费	手术收入	3.治疗类：(10)手术治疗费
HL87E203	经皮穿刺顺行足部动脉旋切球囊成形术	HL880203	经皮穿刺顺行足部动脉旋切＋球囊成形术	320200012	经皮肢体动脉旋切＋球囊扩张术	手术费	手术收入	3.治疗类：(10)手术治疗费
HL87K301	足背血管修补/吻合术					手术费	手术收入	3.治疗类：(10)手术治疗费
HL9	8.其他动脉							
HL96B201	经皮穿刺动脉/支架内溶栓术					手术费	手术收入	3.治疗类：(10)手术治疗费
HL96K201	经皮穿刺动脉内滤网置入术					手术费	手术收入	3.治疗类：(10)手术治疗费
HL96P201	经皮穿刺动脉内取栓术					手术费	手术收入	3.治疗类：(10)手术治疗费
HL96P202	经皮穿刺动脉内异物取出术	HL965201	经皮穿刺动脉内异物取出术			手术费	手术收入	3.治疗类：(10)手术治疗费
HL96P203	经皮穿刺动脉/支架内血栓抽吸术					手术费	手术收入	3.治疗类：(10)手术治疗费
HL96P301	人工血管切开取栓术	HL965301	人工血管切开取栓术			手术费	手术收入	3.治疗类：(10)手术治疗费
HL96W301	动脉圆锥切除术					手术费	手术收入	3.治疗类：(10)手术治疗费
HL97D201	经皮动脉穿刺口闭合术	HL959201	经皮动脉穿刺口闭合术			手术费	手术收入	3.治疗类：(10)手术治疗费
HL97D202	经皮穿刺动脉导管未闭封堵术	HL959202	经皮穿刺动脉导管未闭封堵术	320400003	先心病介入治疗	手术费	手术收入	3.治疗类：(10)手术治疗费
HL97D203	经皮穿刺动脉栓塞术					手术费	手术收入	3.治疗类：(10)手术治疗费
HL97D204	经皮穿刺体肺侧支血管封堵术	HL959203	体肺侧支血管封堵术			手术费	手术收入	3.治疗类：(10)手术治疗费
HL97D301	体肺分流血管结扎术	HL959301	体肺分流血管结扎术			手术费	手术收入	3.治疗类：(10)手术治疗费
HL97D302	动脉导管结扎术	HL959302	动脉导管结扎术			手术费	手术收入	3.治疗类：(10)手术治疗费
HL97D303	动脉导管开口闭合术	HL959304	动脉导管开口闭合术	330802014	动脉导管闭合术	手术费	手术收入	3.治疗类：(10)手术治疗费
HL97E201	经皮穿刺动脉球囊扩张术					手术费	手术收入	3.治疗类：(10)手术治疗费
HL97E202	经皮穿刺动脉导管未闭支架置入术					手术费	手术收入	3.治疗类：(10)手术治疗费
HL97K301	体肺侧支血管汇聚术	HL989305	体肺侧支血管汇聚术			手术费	手术收入	3.治疗类：(10)手术治疗费
HL97K302	体肺中央分流术	HL989304	体肺中心分流术	330802016	先天性心脏病体肺动脉分流术	手术费	手术收入	3.治疗类：(10)手术治疗费
HL97P301	动脉导管切断缝合术	HL959303	动脉导管切断缝合术			手术费	手术收入	3.治疗类：(10)手术治疗费
HL97P302	主肺动脉窗修补术	HL989302	主肺动脉窗修补术	330802015	主肺动脉窗修补术	手术费	手术收入	3.治疗类：(10)手术治疗费
HL97P303	肢体血管缝合术					手术费	手术收入	3.治疗类：(10)手术治疗费
		HL986301	小动脉吻合术	330804063	小动脉吻合术	手术费	手术收入	3.治疗类：(10)手术治疗费
		HL989301	小动脉血管移植术	330804064	小动脉血管移植术	手术费	手术收入	3.治疗类：(10)手术治疗费
		HL948201	动脉内高压注射	120400004	动脉加压注射	手术费	手术收入	3.治疗类：(10)手术治疗费
HMA	9.肺静脉							
HMA6K201	经皮穿刺肺静脉内支架置入术					手术费	手术收入	3.治疗类：(10)手术治疗费
HMA6K301	肺静脉再植入术					手术费	手术收入	3.治疗类：(10)手术治疗费
HMA7P301	肺静脉狭窄矫治术	HMA83301	肺静脉狭窄矫治术			手术费	手术收入	3.治疗类：(10)手术治疗费
HMA7Q301	部分肺静脉异位连接矫治术	HMA89301	部分肺静脉异位连接矫治术	330802020	部分型肺静脉畸形引流矫治术	手术费	手术收入	3.治疗类：(10)手术治疗费
HMA7Q302	部分肺静脉异位连接镰刀综合征矫治术	HMA89302	部分肺静脉异位连接镰刀综合征矫治术			手术费	手术收入	3.治疗类：(10)手术治疗费
HMA7Q303	完全肺静脉异位连接心内型矫治术	HMA89303	完全肺静脉异位连接心内型矫治术	330802021	完全型肺静脉畸形引流矫治术	手术费	手术收入	3.治疗类：(10)手术治疗费
HMA7Q304	完全肺静脉异位连接心上/下型矫治术	HMA89304	完全肺静脉异位连接心上/下型矫治术			手术费	手术收入	3.治疗类：(10)手术治疗费
HMB-HMK	10.上腔静脉系							
HMB	上腔静脉							
HMB6K201	经皮穿刺上腔静脉滤器置入术	HMB62201	经皮穿刺上腔静脉滤器置入术	320100003	经皮静脉内滤网置入术	手术费	手术收入	3.治疗类：(10)手术治疗费
HMB6K202	经皮穿刺上腔静脉球囊扩张支架置入术	HMB80204	经皮穿刺上腔静脉球囊扩张+支架置入术	320100006	经皮静脉内球囊扩张+支架置入术	手术费	手术收入	3.治疗类：(10)手术治疗费
		HMB80203	经皮穿刺上腔静脉内支架置入术	320100005	经皮静脉内支架置入术	手术费	手术收入	3.治疗类：(10)手术治疗费
HMB6L301	上腔静脉置换术					手术费	手术收入	3.治疗类：(10)手术治疗费
HMB6N201	经皮穿刺上腔静脉滤器取出术	HMB64201	经皮穿刺上腔静脉滤器取出术			手术费	手术收入	3.治疗类：(10)手术治疗费
HMB6N301	上腔静脉切开滤器取出术	HMB64301	上腔静脉切开滤器取出术			手术费	手术收入	3.治疗类：(10)手术治疗费
HMB6P201	经皮穿刺上腔静脉内血管异物取出术	HMB65201	经皮穿刺上腔静脉内血管异物取出术	320100012	经皮静脉内血管异物取出术	手术费	手术收入	3.治疗类：(10)手术治疗费
HMB6U301	头臂静脉病变切除术					手术费	手术收入	3.治疗类：(10)手术治疗费
HMB7E201	经皮穿刺上腔静脉内激光再通成形术	HMB80201	经皮穿刺上腔静脉内激光再通成形术	320100002	经皮静脉内激光成形术	手术费	手术收入	3.治疗类：(10)手术治疗费
HMB7E202	经皮穿刺上腔静脉球囊成形术	HMB80202	经皮穿刺上腔静脉球囊成形术			手术费	手术收入	3.治疗类：(10)手术治疗费
HMB7K301	上腔静脉综合征Y型人工血管转流术	HMB86301	上腔静脉综合征Y型人工血管转流术	330804030	上腔静脉综合症Y型人工血管转流术	手术费	手术收入	3.治疗类：(10)手术治疗费
HMB7K302	上腔静脉综合征直型人工血管转流术	HMB86302	上腔静脉综合征直行人工血管转流术	330804031	无名静脉上腔静脉人工血管转流术	手术费	手术收入	3.治疗类：(10)手术治疗费
HMB7K303	上腔静脉-股静脉人工血管转流术	HMB86305	上腔静脉-股静脉人工血管转流术			手术费	手术收入	3.治疗类：(10)手术治疗费
HMB7K304	上腔静脉-髂静脉人工血管转流术	HMB86303	上腔静脉-髂静脉人工血管转流术			手术费	手术收入	3.治疗类：(10)手术治疗费
HMB7K305	上腔静脉-右心房搭桥术					手术费	手术收入	3.治疗类：(10)手术治疗费
HMB7K306	上腔静脉-右心房人工血管搭桥术					手术费	手术收入	3.治疗类：(10)手术治疗费
HMB7K307	上腔静脉-下腔静脉人工血管转流术	HMB86304	上腔静脉-下腔静脉人工血管转流术	330804031	无名静脉上腔静脉人工血管转流术	手术费	手术收入	3.治疗类：(10)手术治疗费
HMB7N201	经皮穿刺上腔静脉血栓超声消融术	HMB72201	经皮穿刺上腔静脉血栓超声消融术	320100009	经皮静脉内超声血栓消融术	手术费	手术收入	3.治疗类：(10)手术治疗费
HMB7P301	上腔静脉取栓补片成形术	HMB83301	上腔静脉取栓＋补片成形术	330804036	腔静脉取栓＋血管成形术	手术费	手术收入	3.治疗类：(10)手术治疗费
HMB7P302	上腔静脉损伤修复术					手术费	手术收入	3.治疗类：(10)手术治疗费
HMB7P303	上腔静脉部分切除+人工血管补片修补术					手术费	手术收入	3.治疗类：(10)手术治疗费
HMC	无名静脉							
HMC6K201	经皮穿刺无名/锁骨下静脉支架置入术	HMC80202	经皮穿刺无名/锁骨下静脉支架置入术	320100005	经皮静脉内支架置入术	手术费	手术收入	3.治疗类：(10)手术治疗费
HMC6K202	经皮无名/锁骨下静脉球囊扩张+支架置入术	HMC80203	经皮无名/锁骨下静脉球囊扩张+支架置入术	320100006	经皮静脉内球囊扩张+支架置入术	手术费	手术收入	3.治疗类：(10)手术治疗费
HMC6K203	经皮穿刺无名静脉支架置入术					手术费	手术收入	3.治疗类：(10)手术治疗费
HMC6L301	无名静脉瘤切除血管置换术					手术费	手术收入	3.治疗类：(10)手术治疗费
HMC6P201	经皮穿刺无名静脉药物机械性血栓清除术(PMT)					手术费	手术收入	3.治疗类：(10)手术治疗费
HMC6P202	经皮穿刺无名静脉内血管异物取出术	HMC65201	经皮穿刺无名静脉内血管异物取出术	320100012	经皮静脉内血管异物取出术	手术费	手术收入	3.治疗类：(10)手术治疗费
HMC6P301	无名静脉切开取栓术					手术费	手术收入	3.治疗类：(10)手术治疗费
HMC6P302	无名静脉血栓内膜剥脱术					手术费	手术收入	3.治疗类：(10)手术治疗费
HMC6U301	无名静脉瘤切除术					手术费	手术收入	3.治疗类：(10)手术治疗费
HMC7D301	无名静脉结扎术					手术费	手术收入	3.治疗类：(10)手术治疗费
HMC7E201	经皮穿刺无名/锁骨下静脉球囊扩张术	HMC80201	经皮穿刺无名/锁骨下静脉球囊扩张术	320100004	经皮静脉球囊扩张术	手术费	手术收入	3.治疗类：(10)手术治疗费
HMC7E202	经皮穿刺无名静脉内激光再通成形术	HMC80204	经皮穿刺无名静脉内激光再通成形术	320100002	经皮静脉内激光成形术	手术费	手术收入	3.治疗类：(10)手术治疗费
HMC7K301	无名静脉-股静脉人工血管转流术	HMC86301	无名静脉-股静脉人工血管转流术			手术费	手术收入	3.治疗类：(10)手术治疗费
HMC7K302	无名静脉-髂静脉人工血管转流术	HMC86302	无名静脉-髂静脉人工血管转流术			手术费	手术收入	3.治疗类：(10)手术治疗费
HMC7K303	无名静脉-下腔静脉人工血管转流术	HMC86303	无名静脉-下腔静脉人工血管转流术			手术费	手术收入	3.治疗类：(10)手术治疗费
HMC7K304	无名静脉-右心耳人工血管搭桥术					手术费	手术收入	3.治疗类：(10)手术治疗费
HMC7K305	无名静脉-右心房人工血管搭桥术					手术费	手术收入	3.治疗类：(10)手术治疗费
HMC7N201	经皮穿刺无名静脉血栓超声消融术	HMC72202	经皮穿刺无名静脉血栓超声消融术	320100009	经皮静脉内超声血栓消融术	手术费	手术收入	3.治疗类：(10)手术治疗费
HMC7P201	经皮穿刺无名静脉球囊成形术					手术费	手术收入	3.治疗类：(10)手术治疗费
HMC7P301	无名静脉缩缝术					手术费	手术收入	3.治疗类：(10)手术治疗费
HMC7P302	无名静脉补片成形术					手术费	手术收入	3.治疗类：(10)手术治疗费
HMC7P303	无名静脉修补术					手术费	手术收入	3.治疗类：(10)手术治疗费
HMC7Q301	无名静脉瘤切除静脉重建术					手术费	手术收入	3.治疗类：(10)手术治疗费
HMD	颈静脉颅外段							
HMD6K201	经皮穿刺颈静脉支架置入术					手术费	手术收入	3.治疗类：(10)手术治疗费
HMD6L301	颈静脉瘤切除血管置换术					手术费	手术收入	3.治疗类：(10)手术治疗费
HMD6P201	经皮穿刺颈静脉药物机械性血栓清除术(PMT)					手术费	手术收入	3.治疗类：(10)手术治疗费
HMD6P301	颈静脉切开取栓术					手术费	手术收入	3.治疗类：(10)手术治疗费
HMD6P302	颈静脉血栓内膜剥脱术					手术费	手术收入	3.治疗类：(10)手术治疗费
HMD6U301	颈部体表静脉结扎+剥脱术	HMG65301	上肢浅静脉曲张剥脱术	330804062	大隐静脉高位结扎＋剥脱术	手术费	手术收入	3.治疗类：(10)手术治疗费
HMD6U302	颈静脉瘤切除术					手术费	手术收入	3.治疗类：(10)手术治疗费
HMD6U303	颈静脉扩张切除术					手术费	手术收入	3.治疗类：(10)手术治疗费
HMD6U304	联合入路颈静脉孔区肿瘤切除术	HFE73801	联合径路颈静脉球瘤切除术			手术费	手术收入	3.治疗类：(10)手术治疗费
HMD6U305	颈内扩张静脉切除成形术	HMD73301	颈内扩张静脉切除成形术			手术费	手术收入	3.治疗类：(10)手术治疗费
HMD6W301	颈外静脉瘤切除术					手术费	手术收入	3.治疗类：(10)手术治疗费
HMD7D301	颈静脉结扎术					手术费	手术收入	3.治疗类：(10)手术治疗费
HMD7E201	经皮穿刺颈静脉球囊成形术					手术费	手术收入	3.治疗类：(10)手术治疗费
HMD7K301	颈内静脉-股静脉人工血管转流术	HMD86301	颈内静脉-股静脉人工血管转流术			手术费	手术收入	3.治疗类：(10)手术治疗费
HMD7K302	颈内静脉-髂静脉人工血管转流术	HMD86303	颈内静脉-髂静脉人工血管转流术			手术费	手术收入	3.治疗类：(10)手术治疗费
HMD7K303	颈内静脉-上腔静脉人工血管转流术					手术费	手术收入	3.治疗类：(10)手术治疗费
HMD7K304	颈内静脉-锁骨下静脉旁路移植术			330804003	颈静脉移植术	手术费	手术收入	3.治疗类：(10)手术治疗费
HMD7K305	颈内静脉-无名静脉人工血管转流术					手术费	手术收入	3.治疗类：(10)手术治疗费
HMD7K306	颈内静脉-下腔静脉人工血管转流术	HMD86302	颈内静脉-下腔静脉人工血管转流术			手术费	手术收入	3.治疗类：(10)手术治疗费
HMD7K307	单侧颈内静脉-右心房人工血管转流术					手术费	手术收入	3.治疗类：(10)手术治疗费
HMD7K308	双侧颈内静脉-右心房人工血管转流术					手术费	手术收入	3.治疗类：(10)手术治疗费
HMD7P301	颈静脉缩缝术					手术费	手术收入	3.治疗类：(10)手术治疗费
HMD7P302	颈静脉修补术					手术费	手术收入	3.治疗类：(10)手术治疗费
HMD7P303	乙状窦颈静脉球成形术					手术费	手术收入	3.治疗类：(10)手术治疗费
HMD7Q301	颈静脉瘤切除静脉重建术					手术费	手术收入	3.治疗类：(10)手术治疗费
HME	锁骨下静脉							
HME6K201	经皮穿刺锁骨下静脉支架置入术					手术费	手术收入	3.治疗类：(10)手术治疗费
HME6L301	锁骨下静脉瘤切除血管置换术					手术费	手术收入	3.治疗类：(10)手术治疗费
HME6P201	经皮穿刺锁骨下静脉药物机械性血栓清除术(PMT)					手术费	手术收入	3.治疗类：(10)手术治疗费
HME6P202	经皮穿刺锁骨下静脉内血管异物取出术	HME65201	经皮穿刺锁骨下静脉内血管异物取出术	320100012	经皮静脉内血管异物取出术	手术费	手术收入	3.治疗类：(10)手术治疗费
HME6P301	锁骨下静脉切开取栓术					手术费	手术收入	3.治疗类：(10)手术治疗费
HME6P302	锁骨下静脉血栓内膜剥脱术					手术费	手术收入	3.治疗类：(10)手术治疗费
HME6U301	锁骨下静脉瘤切除术					手术费	手术收入	3.治疗类：(10)手术治疗费
HME7D301	锁骨下静脉结扎术					手术费	手术收入	3.治疗类：(10)手术治疗费
HME7E201	经皮穿刺锁骨下静脉内激光再通成形术	HME80201	经皮穿刺锁骨下静脉内激光再通成形术	320100002	经皮静脉内激光成形术	手术费	手术收入	3.治疗类：(10)手术治疗费
HME7E202	经皮穿刺锁骨下静脉球囊成形术					手术费	手术收入	3.治疗类：(10)手术治疗费
HME7K301	锁骨下静脉-股静脉人工血管转流术	HME86302	锁骨下静脉-股静脉人工血管转流术			手术费	手术收入	3.治疗类：(10)手术治疗费
HME7K302	锁骨下静脉-髂静脉人工血管转流术	HME86301	锁骨下静脉-髂静脉人工血管转流术			手术费	手术收入	3.治疗类：(10)手术治疗费
HME7K303	锁骨下静脉-下腔静脉人工血管转流术	HME86303	锁骨下静脉-下腔静脉人工血管转流术	330804028	经胸后路腔静脉人工血管转流术	手术费	手术收入	3.治疗类：(10)手术治疗费
HME7N201	经皮穿刺锁骨下静脉血栓超声消融术	HME72201	经皮穿刺锁骨下静脉血栓超声消融术	320100009	经皮静脉内超声血栓消融术	手术费	手术收入	3.治疗类：(10)手术治疗费
HME7P301	锁骨下静脉修复术	HME83301	锁骨下静脉修复术			手术费	手术收入	3.治疗类：(10)手术治疗费
HME7P302	锁骨下静脉缩缝术					手术费	手术收入	3.治疗类：(10)手术治疗费
HME7P303	锁骨下静脉修补术					手术费	手术收入	3.治疗类：(10)手术治疗费
HME7Q301	锁骨下静脉瘤切除静脉重建术					手术费	手术收入	3.治疗类：(10)手术治疗费
HMF-HMH	上肢静脉							
HMF7E201	经皮穿刺上肢静脉内激光再通成形术	HMF80201	经皮穿刺上肢静脉内激光再通成形术	320100002	经皮静脉内激光成形术	手术费	手术收入	3.治疗类：(10)手术治疗费
HMF7P301	肱静脉修复术	HMF83302	肱静脉修复术	330804050	肢体动静脉修复术	手术费	手术收入	3.治疗类：(10)手术治疗费
HMF7P302	前臂静脉修复术	HMF83301	前臂静脉修复术			手术费	手术收入	3.治疗类：(10)手术治疗费
HMG7S301	上肢浅静脉取材术					手术费	手术收入	3.治疗类：(10)手术治疗费
		HMG60301	头静脉取材术			手术费	手术收入	3.治疗类：(10)手术治疗费
HMH6P201	经皮穿刺腋静脉内血管异物取出术	HMH65201	经皮穿刺腋静脉内血管异物取出术	320100012	经皮静脉内血管异物取出术	手术费	手术收入	3.治疗类：(10)手术治疗费
HMH7K301	腋-股静脉转流术	HMH86302	腋-股静脉自体大隐静脉转流术			手术费	手术收入	3.治疗类：(10)手术治疗费
HMH7P301	腋静脉修复术	HMH83301	腋静脉修复术	330804050	肢体动静脉修复术	手术费	手术收入	3.治疗类：(10)手术治疗费
		HMH86301	腋-股静脉人工血管转流术	330804049	腋股动脉人工血管转流术	手术费	手术收入	3.治疗类：(10)手术治疗费
HMK	胸部静脉							
HMK7D201	经皮穿刺奇静脉封堵术					手术费	手术收入	3.治疗类：(10)手术治疗费
HMK7D301	奇静脉结扎术					手术费	手术收入	3.治疗类：(10)手术治疗费
HML-HM6	11.下腔静脉系							
HML	下腔静脉							
HML6K201	经皮穿刺下腔静脉滤器置入术	HML62201	经皮穿刺下腔静脉滤器置入术	320100003	经皮静脉内滤网置入术	手术费	手术收入	3.治疗类：(10)手术治疗费
HML6K202	经皮穿刺下腔静脉内支架置入术	HML80201	经皮穿刺下腔静脉内支架置入术	320100005	经皮静脉内支架置入术	手术费	手术收入	3.治疗类：(10)手术治疗费
HML6K203	经皮穿刺下腔静脉球囊扩张支架置入术	HML80202	经皮穿刺下腔静脉球囊扩张+支架置入术	320100006	经皮静脉内球囊扩张+支架置入术	手术费	手术收入	3.治疗类：(10)手术治疗费
HML6N201	经皮穿刺下腔静脉滤器取出术	HML64201	经皮穿刺下腔静脉滤器取出术			手术费	手术收入	3.治疗类：(10)手术治疗费
HML6N202	经皮穿刺血管内异物抓捕术					手术费	手术收入	3.治疗类：(10)手术治疗费
HML6N301	下腔静脉切开滤器取出术	HML64301	下腔静脉切开滤器取出术	330804035	腔静脉切开滤网置放术	手术费	手术收入	3.治疗类：(10)手术治疗费
HML6P201	经皮穿刺下腔静脉内血管异物取出术	HML65201	经皮穿刺下腔静脉内血管异物取出术	320100012	经皮静脉内血管异物取出术	手术费	手术收入	3.治疗类：(10)手术治疗费
HML6P301	经皮穿刺腔静脉血栓抽吸术					手术费	手术收入	3.治疗类：(10)手术治疗费
HML6P302	肝后段下腔静脉切开取栓术	HML65301	下腔静脉切开取栓术	330804043	肢体动静脉切开取栓术	手术费	手术收入	3.治疗类：(10)手术治疗费
HML6P303	下腔静脉取栓补片成形术	HML65302	下腔静脉取栓＋补片成形术	330804036	腔静脉取栓＋血管成形术	手术费	手术收入	3.治疗类：(10)手术治疗费
HML6S301	布加综合征经右房破膜术	HML50301	布加综合征经右房破膜术	330804022	布加综合症经右房破膜术	手术费	手术收入	3.治疗类：(10)手术治疗费
HML6U301	下腔静脉血管平滑肌肉瘤切除术	HML73301	下腔静脉血管平滑肌肉瘤切除术			手术费	手术收入	3.治疗类：(10)手术治疗费
HML6U302	布加综合征膈膜切除术	HML73302	布加综合征膈膜切除术	330804021	布加氏综合症膈膜切除术	手术费	手术收入	3.治疗类：(10)手术治疗费
HML7C301	下腔静脉松解术					手术费	手术收入	3.治疗类：(10)手术治疗费
HML7E201	经皮穿刺下腔静脉内激光再通成形术	HML80203	经皮穿刺下腔静脉内激光再通成形术	320100002	经皮静脉内激光成形术	手术费	手术收入	3.治疗类：(10)手术治疗费
HML7E202	经皮穿刺下腔静脉球囊成形术	HML80204	经皮穿刺下腔静脉球囊成形术			手术费	手术收入	3.治疗类：(10)手术治疗费
HML7K301	布加综合征肠-颈人工血管转流术	HML86304	布加综合征肠-颈人工血管转流术	330804025	布加综合症肠颈人工血管转流术	手术费	手术收入	3.治疗类：(10)手术治疗费
HML7K302	布加综合征肠-房人工血管转流术	HML86303	布加综合征肠-房人工血管转流术	330804024	布加综合症肠房人工血管转流术	手术费	手术收入	3.治疗类：(10)手术治疗费
HML7K303	布加综合征腔-肠-房人工血管转流术	HML86302	布加综合征腔-肠-房人工血管转流术	330804027	布加综合症腔肠房人工血管转流术	手术费	手术收入	3.治疗类：(10)手术治疗费
HML7K304	下腔静脉-右心耳人工血管搭桥术					手术费	手术收入	3.治疗类：(10)手术治疗费
HML7K305	布加综合征腔-房人工血管转流术	HML86301	布加综合征腔-房人工血管转流术	330804026	布加综合症腔房人工血管转流术	手术费	手术收入	3.治疗类：(10)手术治疗费
HML7N201	经皮穿刺下腔静脉血栓超声消融术	HML72202	经皮穿刺下腔静脉血栓超声消融术	320100009	经皮静脉内超声血栓消融术	手术费	手术收入	3.治疗类：(10)手术治疗费
HML7P201	经皮穿刺下腔静脉导管破膜成形术	HML83201	经皮穿刺下腔静脉导管破膜成形术			手术费	手术收入	3.治疗类：(10)手术治疗费
HML7P301	布加综合征经股静脉右房联合破膜球囊成形术	HML83202	布加综合征经股静脉右房联合破膜+球囊成形术	330804023	布加综合症经股静脉右房联合破膜术	手术费	手术收入	3.治疗类：(10)手术治疗费
HML7P302	布加综合征经股静脉右房联合破膜支架成形术	HML83203	布加综合征经股静脉右房联合破膜+支架成形术			手术费	手术收入	3.治疗类：(10)手术治疗费
HML7P303	布加综合征肝静脉流出道成形术	HML89301	布加综合征肝静脉流出道成形术	330804020	布加氏综合症病变段切除术	手术费	手术收入	3.治疗类：(10)手术治疗费
HML7Q301	下腔静脉血管平滑肌肉瘤切除人工血管重建术	HML74301	下腔静脉血管平滑肌肉瘤切除人工血管重建术			手术费	手术收入	3.治疗类：(10)手术治疗费
HML7Q302	布加综合征根治术	HML83301	布加综合征根治术	330804019	布加氏综合症根治术	手术费	手术收入	3.治疗类：(10)手术治疗费
HML7Q303	下腔静脉重建术	HML89302	下腔静脉重建术			手术费	手术收入	3.治疗类：(10)手术治疗费
HMM	肝静脉							
HMM6K201	经皮穿刺肝静脉支架置入术	HMM80201	经皮穿刺肝静脉支架置入术	320100005	经皮静脉内支架置入术	手术费	手术收入	3.治疗类：(10)手术治疗费
HMM6P301	肝后腔静脉瘤栓切取术	HMM65303	肝后腔静脉瘤栓切取术			手术费	手术收入	3.治疗类：(10)手术治疗费
HMM6P302	肝上腔静脉瘤栓切取术	HMM65301	肝上腔静脉瘤栓切取术			手术费	手术收入	3.治疗类：(10)手术治疗费
HMM6P303	肝下腔静脉瘤栓切取术	HMM65302	肝下腔静脉瘤栓切取术			手术费	手术收入	3.治疗类：(10)手术治疗费
HMM6P501	经腹腔镜肝后腔静脉瘤栓切取术					手术费	手术收入	3.治疗类：(10)手术治疗费
HMM6P502	经腹腔镜肝上腔静脉瘤栓切取术					手术费	手术收入	3.治疗类：(10)手术治疗费
HMM6P503	经腹腔镜肝下腔静脉瘤栓切取术					手术费	手术收入	3.治疗类：(10)手术治疗费
HMM7E201	经皮穿刺肝静脉球囊成形术	HMM80202	经皮穿刺肝静脉球囊成形术			手术费	手术收入	3.治疗类：(10)手术治疗费
HMM7E202	经皮肝穿刺肝静脉球囊扩张+支架置入术	HMM80203	经皮肝穿刺肝静脉球囊扩张+支架置入术	320300001	经皮肝穿刺肝静脉扩张术	手术费	手术收入	3.治疗类：(10)手术治疗费
HMM7P201	经皮穿刺颈内静脉肝静脉成形术	HMM83201	经皮穿刺颈内静脉肝静脉成形术			手术费	手术收入	3.治疗类：(10)手术治疗费
HMM7P202	经皮穿刺股静脉肝静脉成形术	HMM83202	经皮穿刺股静脉肝静脉成形术			手术费	手术收入	3.治疗类：(10)手术治疗费
HMN-HMT	门静脉系							
HMN6E301	门静脉探查术					手术费	手术收入	3.治疗类：(10)手术治疗费
HMN6K201	经皮肝穿刺门静脉系统支架置入术	HMN80201	经皮肝穿刺门静脉系统支架置入术	320100005	经皮静脉内支架置入术	手术费	手术收入	3.治疗类：(10)手术治疗费
HMN6K301	肝动脉结扎门静脉化疗泵置入术	HMN62301	肝动脉结扎门静脉化疗泵置入术	331005009	开腹肝动脉结扎门静脉置管皮下埋泵术	手术费	手术收入	3.治疗类：(10)手术治疗费
HMN6K302	门静脉支架置入术	HMN80301	门静脉支架置入术	320100005	经皮静脉内支架置入术	手术费	手术收入	3.治疗类：(10)手术治疗费
HMN6L301	门静脉瘤切除置换术					手术费	手术收入	3.治疗类：(10)手术治疗费
HMN6P301	门静脉切开取栓术	HMN65301	门静脉切开取栓术	331008023	门静脉切开取栓术	手术费	手术收入	3.治疗类：(10)手术治疗费
HMN6T301	门静脉奇静脉断流术	HMN58301	门静脉奇静脉断流术	331008026	门体静脉断流术	手术费	手术收入	3.治疗类：(10)手术治疗费
HMN6T302	门体静脉断流术	HPC58302	门体静脉断流术			手术费	手术收入	3.治疗类：(10)手术治疗费
HMN7D101	经皮肝穿刺门静脉栓塞术	HMN59101	经皮肝穿刺门静脉栓塞术			手术费	手术收入	3.治疗类：(10)手术治疗费
HMN7D102	经皮脾穿刺门静脉栓塞术	HMN59102	经皮脾穿刺门静脉栓塞术			手术费	手术收入	3.治疗类：(10)手术治疗费
HMN7D301	门静脉栓塞术	HMN59301	门静脉栓塞术	331005027	开腹门静脉栓塞术	手术费	手术收入	3.治疗类：(10)手术治疗费
HMN7K201	经颈内静脉穿刺肝内门腔静脉分流术(TIPS)	HMN86201	经颈内静脉穿刺肝内门腔静脉分流术(TIPS)	320300003	经颈内静脉肝内门腔静脉分流术(TIPS)	手术费	手术收入	3.治疗类：(10)手术治疗费
HMN7K301	门静脉肺分流术	HMN86301	门静脉肺分流术	331008024	门脉高压症门体静脉分流术	手术费	手术收入	3.治疗类：(10)手术治疗费
HMN7K302	门静脉腔静脉H型架桥分流术	HMN86302	门静脉腔静脉H型架桥分流术	331008025	门体静脉搭桥分流术	手术费	手术收入	3.治疗类：(10)手术治疗费
HMN7K303	门腔静脉侧侧吻合术	HMN86303	门腔静脉侧侧吻合术			手术费	手术收入	3.治疗类：(10)手术治疗费
HMN7K304	门腔静脉端侧吻合术	HMN86304	门腔静脉端侧吻合术			手术费	手术收入	3.治疗类：(10)手术治疗费
HMP7K301	肠系膜上静脉下腔静脉端侧吻合术(Marion手术)	HMP86301	肠系膜上静脉下腔静脉端侧吻合术(Marion手术)			手术费	手术收入	3.治疗类：(10)手术治疗费
HMP7K302	肠系膜上静脉下腔静脉H型分流术	HMP86302	肠系膜上静脉下腔静脉H型分流术	330804034	肠腔静脉“H”型架桥转流术	手术费	手术收入	3.治疗类：(10)手术治疗费
HMP7K303	肠系膜上静脉下腔静脉侧侧吻合术	HMP86303	肠系膜上静脉下腔静脉侧侧吻合术			手术费	手术收入	3.治疗类：(10)手术治疗费
HMP7K304	肠系膜上静脉-下腔静脉-右心房旁路移植术			330804037	下腔静脉肠系膜上静脉分流术	手术费	手术收入	3.治疗类：(10)手术治疗费
HMP7Q301	肠系膜上静脉重建术	HMP89301	肠系膜上静脉重建术			手术费	手术收入	3.治疗类：(10)手术治疗费
HMQ7D301	肠系膜下静脉结扎术	HMQ59301	肠系膜下静脉结扎术			手术费	手术收入	3.治疗类：(10)手术治疗费
HMQ7D302	十二指肠静脉曲张结扎术					手术费	手术收入	3.治疗类：(10)手术治疗费
HMQ7Q301	肠系膜下静脉重建术	HMQ89301	肠系膜下静脉重建术			手术费	手术收入	3.治疗类：(10)手术治疗费
HMR7K301	脾静脉腔静脉吻合术	HMR86304	脾静脉腔静脉吻合术			手术费	手术收入	3.治疗类：(10)手术治疗费
HMR7K302	脾肾静脉转流术	HMR86301	脾肾静脉转流术	330804033	脾肾动脉吻合术	手术费	手术收入	3.治疗类：(10)手术治疗费
HMR7K303	脾肾静脉分流术	HMR86302	脾肾静脉分流术			手术费	手术收入	3.治疗类：(10)手术治疗费
HMR7K304	远端脾静脉肾静脉吻合术(Warren手术)	HMR86303	远端脾静脉肾静脉吻合术(Warren手术)			手术费	手术收入	3.治疗类：(10)手术治疗费
HMR7Q301	脾静脉重建术	HMR89301	脾静脉重建术			手术费	手术收入	3.治疗类：(10)手术治疗费
HMS7D301	经胸食管下端曲张静脉缝扎术(Crile手术)	HMS59301	经胸食管下端曲张静脉缝扎术	331008027	经胸食管胃静脉结扎术	手术费	手术收入	3.治疗类：(10)手术治疗费
		HMS48601	经纤维内镜食管静脉曲张注射治疗	310901007	经胃镜食管静脉曲张治疗	手术费	手术收入	3.治疗类：(10)手术治疗费
		HMS59601	经纤维内镜食管静脉曲张套扎治疗			手术费	手术收入	3.治疗类：(10)手术治疗费
HMT7D101	经皮肝穿刺胃冠状静脉栓塞术	HMT59101	经皮肝穿刺胃冠状静脉栓塞术			手术费	手术收入	3.治疗类：(10)手术治疗费
HMT7D201	经皮肝穿刺胃底静脉曲张栓塞术	HMT59201	经皮肝穿刺胃底静脉曲张栓塞术			手术费	手术收入	3.治疗类：(10)手术治疗费
HMT7D202	经颈内静脉穿刺肝胃底静脉曲张栓塞术	HMT59202	经颈内静脉穿刺肝胃底静脉曲张栓塞术			手术费	手术收入	3.治疗类：(10)手术治疗费
HMT7D301	胃壁血管阻断术	HMT59302	胃壁血管阻断术			手术费	手术收入	3.治疗类：(10)手术治疗费
HMT7D302	胃底曲张静脉缝扎术(Boerema手术)	HMT59301	胃底曲张静脉缝扎术(Boerema手术)	331008027	经胸食管胃静脉结扎术	手术费	手术收入	3.治疗类：(10)手术治疗费
HMT7D303	胃冠状静脉结扎术	HMT59303	胃冠状静脉结扎术			手术费	手术收入	3.治疗类：(10)手术治疗费
HMT7D304	选择性胃冠状静脉栓塞术	HMT59304	经腹选择性胃冠状静脉栓塞术			手术费	手术收入	3.治疗类：(10)手术治疗费
HMT7D305	胃冠状静脉栓塞术	HMT59305	胃冠状静脉栓塞术	331002012	胃冠状静脉栓塞术	手术费	手术收入	3.治疗类：(10)手术治疗费
HMT7D501	经腹腔镜胃壁血管阻断术	HMT59501	经腹腔镜胃壁血管阻断术			手术费	手术收入	3.治疗类：(10)手术治疗费
HMT7D502	经腹腔镜胃底曲张静脉缝扎术	HMT83501	经腹腔镜胃底曲张静脉缝扎术			手术费	手术收入	3.治疗类：(10)手术治疗费
HMT7D503	经腹腔镜胃冠状静脉结扎术	HMT59502	经腹腔镜胃冠状静脉结扎术			手术费	手术收入	3.治疗类：(10)手术治疗费
HMT7D504	经腹腔镜胃冠状静脉栓塞术	HMT59503	经腹腔镜胃冠状静脉栓塞术			手术费	手术收入	3.治疗类：(10)手术治疗费
HMT7D601	经超声内镜胃底曲张静脉栓塞术					手术费	手术收入	3.治疗类：(10)手术治疗费
HMT7E201	经球囊导管阻塞下逆行闭塞静脉曲张术(BRTO)					手术费	手术收入	3.治疗类：(10)手术治疗费
HMU	肾静脉							
HMU7E201	经皮肾静脉球囊扩张+支架置入术	HMU80201	经皮肾静脉球囊扩张+支架置入术	320100006	经皮静脉内球囊扩张+支架置入术	手术费	手术收入	3.治疗类：(10)手术治疗费
HMU7P201	经皮穿刺肾静脉内激光再通成形术	HMU83201	经皮穿刺肾静脉内激光再通成形术	320100002	经皮静脉内激光成形术	手术费	手术收入	3.治疗类：(10)手术治疗费
HMU7Q301	肾静脉重建术	HMU89301	肾静脉重建术			手术费	手术收入	3.治疗类：(10)手术治疗费
		HMU60201	经皮穿刺双肾静脉取血术			手术费	手术收入	3.治疗类：(10)手术治疗费
HMW	生殖静脉							
HMW7D201	经皮选择性性腺静脉栓塞术	HMW59201	经皮选择性性腺静脉栓塞术			手术费	手术收入	3.治疗类：(10)手术治疗费
HMW7D301	生殖静脉结扎术	HMW59301	生殖静脉结扎术			手术费	手术收入	3.治疗类：(10)手术治疗费
HMW7Q301	生殖静脉重建术	HMW89301	生殖静脉重建术			手术费	手术收入	3.治疗类：(10)手术治疗费
HMX-HM0	髂静脉							
HMX6K201	经皮穿刺髂静脉支架置入术	HMX80201	经皮穿刺髂静脉支架置入术	320100005	经皮静脉内支架置入术	手术费	手术收入	3.治疗类：(10)手术治疗费
HMX6K202	经皮穿刺髂静脉内球囊扩张支架置入术	HMX80202	经皮穿刺髂静脉内球囊扩张+支架置入术	320100006	经皮静脉内球囊扩张+支架置入术	手术费	手术收入	3.治疗类：(10)手术治疗费
HMX6P201	经皮穿刺髂静脉内血管异物取出术	HMX65201	经皮穿刺髂静脉内血管异物取出术	320100012	经皮静脉内血管异物取出术	手术费	手术收入	3.治疗类：(10)手术治疗费
HMX6U301	髂静脉血管平滑肌肉瘤切除术	HMX73301	髂静脉血管平滑肌肉瘤切除术			手术费	手术收入	3.治疗类：(10)手术治疗费
HMX7E201	经皮髂静脉球囊扩张术	HMX80203	经皮髂静脉球囊扩张术	320100004	经皮静脉球囊扩张术	手术费	手术收入	3.治疗类：(10)手术治疗费
HMX7K301	髂静脉-股静脉旁路移植术					手术费	手术收入	3.治疗类：(10)手术治疗费
HMX7K302	髂静脉-下腔静脉人工血管转流术	HMX86301	髂静脉-下腔静脉人工血管转流术			手术费	手术收入	3.治疗类：(10)手术治疗费
HMX7K303	双髂静脉-下腔静脉人工血管转流术	HMX86302	双髂静脉-下腔静脉人工血管转流术	330804038	双髂总静脉下腔静脉“Y”型人工血管转流术	手术费	手术收入	3.治疗类：(10)手术治疗费
HMX7N201	经皮穿刺髂静脉血栓超声消融术	HMX72202	经皮穿刺髂静脉血栓超声消融术	320100009	经皮静脉内超声血栓消融术	手术费	手术收入	3.治疗类：(10)手术治疗费
HMX7P201	经皮穿刺髂静脉内激光再通成形术	HMX83201	经皮穿刺髂静脉内激光再通成形术	320100002	经皮静脉内激光成形术	手术费	手术收入	3.治疗类：(10)手术治疗费
HMX7P301	髂静脉修复术	HMX83301	髂静脉修复术	330804050	肢体动静脉修复术	手术费	手术收入	3.治疗类：(10)手术治疗费
HMX7Q301	髂静脉血管平滑肌肉瘤切除人工血管重建术	HMX74301	髂静脉血管平滑肌肉瘤切除人工血管重建术			手术费	手术收入	3.治疗类：(10)手术治疗费
HMY7D201	经皮选择性髂内静脉栓塞术	HMY59201	经皮选择性髂内静脉栓塞术	320200007	经皮动脉栓塞术	手术费	手术收入	3.治疗类：(10)手术治疗费
HM1	下肢静脉							
HM16E301	下肢静脉探查术					手术费	手术收入	3.治疗类：(10)手术治疗费
HM16U301	下肢静脉曲张刨吸术					手术费	手术收入	3.治疗类：(10)手术治疗费
HM17D601	经腔镜下肢静脉交通支结扎术	HM159601	腔镜下下肢静脉交通支结扎术	331008029	经腹腔镜门脉交通支结扎术	手术费	手术收入	3.治疗类：(10)手术治疗费
HM17L201	经皮穿刺下肢静脉内激光再通成形术	HM183201	经皮穿刺下肢静脉内激光再通成形术	320100002	经皮静脉内激光成形术	手术费	手术收入	3.治疗类：(10)手术治疗费
HM17N201	经皮穿刺下肢静脉血栓超声消融术	HM172201	经皮穿刺下肢静脉血栓超声消融术	320100009	经皮静脉内超声血栓消融术	手术费	手术收入	3.治疗类：(10)手术治疗费
HM17Q301	下肢深组静脉动脉化重建术	HM189301	下肢深组静脉动脉化重建术	330804053	肢体静脉动脉化	手术费	手术收入	3.治疗类：(10)手术治疗费
HM2	股静脉							
HM26K301	股静脉带戒术	HM262301	股静脉带戒术	330804058	股静脉带戒术	手术费	手术收入	3.治疗类：(10)手术治疗费
HM26L301	股静脉/腘静脉带瓣膜段置换术	HM266301	股静脉/腘静脉带瓣膜段植换术	330804060	下肢深静脉带瓣膜段置换术	手术费	手术收入	3.治疗类：(10)手术治疗费
HM26P201	经皮穿刺股静脉血栓抽吸术					手术费	手术收入	3.治疗类：(10)手术治疗费
HM26P202	经皮穿刺股总静脉内血管异物取出术	HM265201	经皮穿刺股总静脉内血管异物取出术	320100012	经皮静脉内血管异物取出术	手术费	手术收入	3.治疗类：(10)手术治疗费
HM27K301	股-股静脉耻骨上血管转流术	HM286302	股-股静脉耻骨上血管转流术	330804061	大隐静脉耻骨上转流术	手术费	手术收入	3.治疗类：(10)手术治疗费
HM27K302	股-股静脉自体大隐静脉耻骨上转流术	HM286301	股-股静脉自体大隐静脉耻骨上转流术			手术费	手术收入	3.治疗类：(10)手术治疗费
HM27K303	股静脉-大隐静脉原位移植术	HM286306	股静脉-大隐静脉原位转流术	330803028	连续动静脉转流术	手术费	手术收入	3.治疗类：(10)手术治疗费
HM27K304	股静脉-下腔静脉人工血管转流术	HM286303	股静脉-下腔静脉人工血管转流术			手术费	手术收入	3.治疗类：(10)手术治疗费
HM27K305	股静脉-腋静脉转流术	HM286307	股静脉-腋静脉自体大隐静脉转流术	330803028	连续动静脉转流术	手术费	手术收入	3.治疗类：(10)手术治疗费
HM27K306	双股静脉-下腔静脉人工血管转流术	HM286304	双股静脉-下腔静脉人工血管转流术			手术费	手术收入	3.治疗类：(10)手术治疗费
HM27L201	经皮穿刺股总静脉内激光再通成形术	HM283201	经皮穿刺股总静脉内激光再通成形术	320100002	经皮静脉内激光成形术	手术费	手术收入	3.治疗类：(10)手术治疗费
HM27N201	经皮穿刺股总静脉血栓超声消融术	HM272202	经皮穿刺股总静脉血栓超声消融术	320100009	经皮静脉内超声血栓消融术	手术费	手术收入	3.治疗类：(10)手术治疗费
HM27P201	经血管镜股静脉瓣修复术	HM283501	经血管镜股静脉瓣修复术	330804059	经血管镜股静脉瓣修复术	手术费	手术收入	3.治疗类：(10)手术治疗费
HM27P301	股静脉修复术	HM283301	股静脉修复术	330804050	肢体动静脉修复术	手术费	手术收入	3.治疗类：(10)手术治疗费
HM27P302	股静脉瓣膜切开修补术	HM283302	股静脉瓣膜切开修补术			手术费	手术收入	3.治疗类：(10)手术治疗费
		HM286305	股静脉-腋静脉人工血管转流术	330803028	连续动静脉转流术	手术费	手术收入	3.治疗类：(10)手术治疗费
HM3	腘静脉							
HM36K301	腘静脉带戒术	HM362301	腘静脉带戒术	330804058	股静脉带戒术	手术费	手术收入	3.治疗类：(10)手术治疗费
HM37C301	腘静脉松解术	HM357301	腘窝陷迫综合征腘静脉松解术			手术费	手术收入	3.治疗类：(10)手术治疗费
HM37P201	经血管镜腘静脉瓣修复术	HM383501	经血管镜腘静脉瓣修复术	330804059	经血管镜股静脉瓣修复术	手术费	手术收入	3.治疗类：(10)手术治疗费
HM37P301	腘静脉肌襻成形术	HM383301	腘静脉肌襻成形术			手术费	手术收入	3.治疗类：(10)手术治疗费
HM37P302	腘静脉修复术	HM383302	腘静脉修复术	330804050	肢体动静脉修复术	手术费	手术收入	3.治疗类：(10)手术治疗费
HM37P303	腘静脉瓣膜切开修补术	HM383303	腘静脉瓣膜切开修补术			手术费	手术收入	3.治疗类：(10)手术治疗费
HM4-HM6	下肢浅静脉							
HM46U301	下肢浅静脉静脉团激光旋切术	HM473301	下肢浅静脉静脉团透光旋切术			手术费	手术收入	3.治疗类：(10)手术治疗费
HM46U302	下肢曲张浅静脉团局部切除术	HM473302	下肢曲张浅静脉团局部切除术			手术费	手术收入	3.治疗类：(10)手术治疗费
HM47Q301	下肢浅组静脉动脉化重建术	HM489301	下肢浅组静脉动脉化重建术			手术费	手术收入	3.治疗类：(10)手术治疗费
HM56U301	大隐静脉高位结扎＋剥脱术	HM573301	大隐静脉高位结扎＋剥脱术	330804062	大隐静脉高位结扎＋剥脱术	手术费	手术收入	3.治疗类：(10)手术治疗费
HM57D301	大隐静脉腔内激光闭合术	HM559301	大隐静脉腔内激光闭合术	330804070	大隐静脉闭合术	手术费	手术收入	3.治疗类：(10)手术治疗费
		HM572201	大隐静脉激光治疗	320100002	经皮静脉内激光成形术	手术费	手术收入	3.治疗类：(10)手术治疗费
HM57D302	大隐静脉腔内射频闭合术	HM559302	大隐静脉腔内射频闭合术	330804070	大隐静脉闭合术	手术费	手术收入	3.治疗类：(10)手术治疗费
		HM572202	大隐静脉射频消融治疗			手术费	手术收入	3.治疗类：(10)手术治疗费
HM57S301	大隐静脉取材术	HM560301	大隐静脉取材术			手术费	手术收入	3.治疗类：(10)手术治疗费
HM66U301	小隐静脉高位结扎＋剥脱术	HM673301	小隐静脉高位结扎＋剥脱术			手术费	手术收入	3.治疗类：(10)手术治疗费
HM67D301	小隐静脉腔内激光闭合术	HM659301	小隐静脉腔内激光闭合术			手术费	手术收入	3.治疗类：(10)手术治疗费
HM67D302	小隐静脉腔内射频闭合术	HM659302	小隐静脉腔内射频闭合术			手术费	手术收入	3.治疗类：(10)手术治疗费
HM8	12.其他静脉							
HM86P201	经皮穿刺静脉内血栓抽吸术					手术费	手术收入	3.治疗类：(10)手术治疗费
HM86P301	瘤样曲张静脉团点式剥脱术					手术费	手术收入	3.治疗类：(10)手术治疗费
HM86P302	肢体静脉切开取栓术	HM865301	肢体静脉切开取栓术	330804043	肢体动静脉切开取栓术	手术费	手术收入	3.治疗类：(10)手术治疗费
		HM862201	经烧伤创面静脉切开置管术	331603008	经烧伤创面静脉切开术	手术费	手术收入	3.治疗类：(10)手术治疗费
HM86U201	经皮穿刺静脉内旋切术	HM873301	经皮静脉内旋切术	320100007	经皮静脉内旋切术	手术费	手术收入	3.治疗类：(10)手术治疗费
HM86U301	动静脉内瘘血管瘤切除成形术					手术费	手术收入	3.治疗类：(10)手术治疗费
HM86U302	内脏静脉瘤切除术	HM873303	内脏静脉瘤切除术			手术费	手术收入	3.治疗类：(10)手术治疗费
HM86U303	四肢深静脉瘤切除术	HM873302	四肢深静脉瘤切除术			手术费	手术收入	3.治疗类：(10)手术治疗费
HM86U304	肢体静脉畸形切除术					手术费	手术收入	3.治疗类：(10)手术治疗费
HM86W301	腹腔静脉瘤切除术					手术费	手术收入	3.治疗类：(10)手术治疗费
HM87D301	静脉动脉化二期结扎术	HM859301	静脉动脉化二期结扎术			手术费	手术收入	3.治疗类：(10)手术治疗费
HM87E201	经皮血液透析静脉回路球囊成形术	HM880201	经皮血液透析静脉回路球囊成形术			手术费	手术收入	3.治疗类：(10)手术治疗费
HM87E202	经皮穿刺血液透析静脉回路支架置入术	HM880202	经皮穿刺血液透析静脉回路支架置入术			手术费	手术收入	3.治疗类：(10)手术治疗费
HM87E203	经皮穿刺血液透析静脉回路球囊扩张+支架置入术	HM880203	经皮穿刺血液透析静脉回路球囊扩张+支架置入术	320100006	经皮静脉内球囊扩张+支架置入术	手术费	手术收入	3.治疗类：(10)手术治疗费
HM87K301	腹水静脉转流术	HM886301	腹水静脉转流术	331008028	腹水转流术	手术费	手术收入	3.治疗类：(10)手术治疗费
HM87N201	经皮穿刺血液透析通路血栓碎栓术	HM872202	经皮穿刺血液透析通路血栓碎栓术			手术费	手术收入	3.治疗类：(10)手术治疗费
HM87N202	功能不良导管介入处理					手术费	手术收入	3.治疗类：(10)手术治疗费
HM87P301	腔静脉损伤修复术	HM883301	腔静脉损伤修复术	330804014	胸腹主动脉损伤修复术	手术费	手术收入	3.治疗类：(10)手术治疗费
HM87Q301	体静脉异位连接矫治术	HM889301	体静脉异位连接矫治术	330802022	体静脉引流入肺静脉侧心房矫治术	手术费	手术收入	3.治疗类：(10)手术治疗费
HM87Q302	体静脉狭窄矫治术	HM889302	体静脉狭窄矫治术			手术费	手术收入	3.治疗类：(10)手术治疗费
HM87Q303	体静脉异位连接心房板障矫治术	HM889303	体静脉异位连接心房板障矫治术			手术费	手术收入	3.治疗类：(10)手术治疗费
HM9	13.其他							
HM96A301	体外循环	HM941301	体外循环	330100017	体外循环	手术费	手术收入	3.治疗类：(10)手术治疗费
HM96N201	经皮穿刺血管内滤器转换术					手术费	手术收入	3.治疗类：(10)手术治疗费
HM96P201	经皮穿刺静/动脉取栓术					手术费	手术收入	3.治疗类：(10)手术治疗费
HM96P202	经皮穿刺动静脉内瘘腔内取栓术					手术费	手术收入	3.治疗类：(10)手术治疗费
HM96P203	经皮穿刺选择性外周血管内吸栓术					手术费	手术收入	3.治疗类：(10)手术治疗费
HM96P204	经皮穿刺肢体静脉血栓抽吸术					手术费	手术收入	3.治疗类：(10)手术治疗费
HM96P301	动静脉内瘘切开取栓术					手术费	手术收入	3.治疗类：(10)手术治疗费
HM96U301	肢体血管球瘤切除术	HM973304	血管球瘤切除术	330900015	淋巴管瘤蔓状血管瘤切除术	手术费	手术收入	3.治疗类：(10)手术治疗费
HM96U302	海绵状血管瘤切除术(小)	HM973301	海绵状血管瘤切除术(小)	331602007	海绵状血管瘤切除术(小)	手术费	手术收入	3.治疗类：(10)手术治疗费
HM96U303	海绵状血管瘤切除术(中)	HM973302	海绵状血管瘤切除术(中)	331602006	海绵状血管瘤切除术(中)	手术费	手术收入	3.治疗类：(10)手术治疗费
HM96U304	海绵状血管瘤切除术(大)	HM973303	海绵状血管瘤切除术(大)	331602005	海绵状血管瘤切除术(大)	手术费	手术收入	3.治疗类：(10)手术治疗费
HM96U305	动静脉瘘切除术	HM973305	先天性动静脉瘘切除术	330804052	先天性动静脉瘘栓塞＋切除术	手术费	手术收入	3.治疗类：(10)手术治疗费
HM96W301	动静脉移植物内瘘切除术					手术费	手术收入	3.治疗类：(10)手术治疗费
HM97D201	经皮穿刺选择性静/动脉栓塞术					手术费	手术收入	3.治疗类：(10)手术治疗费
HM97D202	经皮血管暂时性球囊阻断术	HM959201	经皮穿刺临时性球囊闭塞术			手术费	手术收入	3.治疗类：(10)手术治疗费
HM97D203	经皮穿刺头颈部高血运肿瘤血管内栓塞术					手术费	手术收入	3.治疗类：(10)手术治疗费
HM97D204	经皮穿刺血管畸形栓塞术					手术费	手术收入	3.治疗类：(10)手术治疗费
HM97D301	临时动静脉瘘二期结扎术	HM959301	临时动静脉瘘二期结扎术			手术费	手术收入	3.治疗类：(10)手术治疗费
HM97D302	动静脉瘘栓塞术	HM959303	先天性动静脉瘘栓塞术	330804052	先天性动静脉瘘栓塞＋切除术	手术费	手术收入	3.治疗类：(10)手术治疗费
HM97E201	经皮穿刺静/动脉球囊扩张术					手术费	手术收入	3.治疗类：(10)手术治疗费
HM97E202	经皮穿刺静/动脉支架成形术					手术费	手术收入	3.治疗类：(10)手术治疗费
HM97E203	动静脉瘘腔内扩张修复术					手术费	手术收入	3.治疗类：(10)手术治疗费
HM97E204	经皮穿刺动静脉透析用内瘘经皮穿刺腔内血管成形术					手术费	手术收入	3.治疗类：(10)手术治疗费
HM97K301	人工动静脉内瘘血管转流术	HM986301	人工动静脉内瘘血管转流术	330804055	动静脉人工内瘘人工血管转流术	手术费	手术收入	3.治疗类：(10)手术治疗费
HM97N301	海绵状血管瘤激光切除术(小)	HM972301	海绵状血管瘤激光切除术(小)	330804067	海绵状血管瘤激光治疗术	手术费	手术收入	3.治疗类：(10)手术治疗费
HM97N302	海绵状血管瘤激光切除术(中)	HM972302	海绵状血管瘤激光切除术(中)			手术费	手术收入	3.治疗类：(10)手术治疗费
HM97N303	海绵状血管瘤激光切除术(大)	HM972303	海绵状血管瘤激光切除术(大)			手术费	手术收入	3.治疗类：(10)手术治疗费
HM97P301	临时性动静脉瘘成形术	HM983301	临时性动静脉瘘成形术	330804054	动静脉人工内瘘成形术	手术费	手术收入	3.治疗类：(10)手术治疗费
HM97P302	血管吻合口瘘修补术					手术费	手术收入	3.治疗类：(10)手术治疗费
HM97P303	自体动静脉内瘘成形术	HM983302	自体动静脉内瘘成形术	330804054	动静脉人工内瘘成形术	手术费	手术收入	3.治疗类：(10)手术治疗费
HM97P304	动静脉内瘘修复术					手术费	手术收入	3.治疗类：(10)手术治疗费
HM97Q301	人工动静脉瘘切除重造术	HM959302	人工动静脉瘘切除重造术	330804056	人工动静脉瘘切除重造术	手术费	手术收入	3.治疗类：(10)手术治疗费
		HM983303	烧伤破裂血管修补缝合术	331603003	烧伤血管破裂出血血管修补缝合术	手术费	手术收入	3.治疗类：(10)手术治疗费
		HM989302	烧伤破裂血管移植术			手术费	手术收入	3.治疗类：(10)手术治疗费
HN	(十)造血及淋巴系统							
HNA	1.骨髓							
HNB	2.脾							
HNB6R101	经皮脾脓肿切开引流术					手术费	手术收入	3.治疗类：(10)手术治疗费
HNB6R301	脾脏血肿清创引流术					手术费	手术收入	3.治疗类：(10)手术治疗费
HNB6R302	脾脓肿切开引流术					手术费	手术收入	3.治疗类：(10)手术治疗费
HNB6R501	经腹腔镜脾脓肿切开引流术					手术费	手术收入	3.治疗类：(10)手术治疗费
HNB6R502	经腹腔镜脾脏血肿清创引流术					手术费	手术收入	3.治疗类：(10)手术治疗费
HNB6U301	脾部分切除术	HNB73301	脾部分切除术	330900016	脾部分切除术	手术费	手术收入	3.治疗类：(10)手术治疗费
HNB6U501	经腹腔镜脾部分切除术	HNB73501	经腹腔镜脾部分切除术			手术费	手术收入	3.治疗类：(10)手术治疗费
HNB6W301	副脾切除术					手术费	手术收入	3.治疗类：(10)手术治疗费
HNB6W302	脾切除术	HNB75301	脾切除术	330900018	脾切除术	手术费	手术收入	3.治疗类：(10)手术治疗费
HNB6W501	经腹腔镜副脾切除术					手术费	手术收入	3.治疗类：(10)手术治疗费
HNB6W502	经腹腔镜脾切除术	HNB75501	经腹腔镜脾切除术			手术费	手术收入	3.治疗类：(10)手术治疗费
HNB7D101	经皮穿刺脾脏创伤出血栓塞术	HNB46101	超声造影引导经皮脾脏创伤出血栓塞术			手术费	手术收入	3.治疗类：(10)手术治疗费
HNB7K301	脾肺固定分流术	HNB86301	脾肺固定分流术	330804032	脾肺固定术(脾肺分流术)	手术费	手术收入	3.治疗类：(10)手术治疗费
HNB7P301	脾修补术	HNB83301	脾修补术	330900017	脾修补术	手术费	手术收入	3.治疗类：(10)手术治疗费
HNB7P501	经腹腔镜脾修补术	HNB83501	经腹腔镜脾修补术			手术费	手术收入	3.治疗类：(10)手术治疗费
HNB7S301	脾脏移植供体获取术	HNB60301	脾脏移植供体获取术			手术费	手术收入	3.治疗类：(10)手术治疗费
HNB7T301	脾切除自体脾移植术	HNB90301	脾切除自体脾移植术	330900019	脾切除自体脾移植术	手术费	手术收入	3.治疗类：(10)手术治疗费
HNB7T302	异体脾脏移植术	HNB90302	异体脾脏移植术	330900020	异体脾脏移植术	手术费	手术收入	3.治疗类：(10)手术治疗费
HNE	3.胸腺							
HNE6U301	胸腺部分切除术					手术费	手术收入	3.治疗类：(10)手术治疗费
HNE6U501	经胸腔镜胸腺部分切除术					手术费	手术收入	3.治疗类：(10)手术治疗费
HNE6W301	全胸腺切除术	HNE75301	胸腺切除术	330300018	胸腺切除术	手术费	手术收入	3.治疗类：(10)手术治疗费
HNE6W501	经胸腔镜全胸腺切除术	HNE75501	经胸腔镜胸腺切除术			手术费	手术收入	3.治疗类：(10)手术治疗费
				330300019	胸腺移值术	手术费	手术收入	3.治疗类：(10)手术治疗费
				330300020	胸腺细胞移植术	手术费	手术收入	3.治疗类：(10)手术治疗费
HNF-HNR	4.淋巴							
HNF6U301	肩胛舌骨上淋巴清扫术	HNF73302	肩胛舌骨上淋巴清扫术			手术费	手术收入	3.治疗类：(10)手术治疗费
HNF6U302	舌骨上淋巴清扫术	HNF73301	舌骨上淋巴清扫术	330605014	舌骨上淋巴清扫术	手术费	手术收入	3.治疗类：(10)手术治疗费
HNG6P301	颈部淋巴结结核灶清除术					手术费	手术收入	3.治疗类：(10)手术治疗费
HNG6U301	侧颈淋巴结清扫术	HNG73301	颈淋巴结清扫术	330900003	颈淋巴结清扫术	手术费	手术收入	3.治疗类：(10)手术治疗费
HNG6U302	择区性颈淋巴结清扫术	HNG73302	择区性颈淋巴结清扫术			手术费	手术收入	3.治疗类：(10)手术治疗费
HNG6U303	功能性颈淋巴结清扫术	HNG73303	功能性颈淋巴结清扫术			手术费	手术收入	3.治疗类：(10)手术治疗费
HNG6U304	根治性颈淋巴结清扫术	HNG73304	根治性颈淋巴结清扫术			手术费	手术收入	3.治疗类：(10)手术治疗费
HNG6U501	经腔镜颈淋巴结清扫术					手术费	手术收入	3.治疗类：(10)手术治疗费
HNG6U305	锁骨上窝淋巴结摘除术	HNG73305	锁骨上窝淋巴结摘除术	330900004	腋窝淋巴结清扫术	手术费	手术收入	3.治疗类：(10)手术治疗费
HNH6U301	局限性纵隔淋巴结清扫术	HNH73301	局限性纵隔淋巴结清扫术			手术费	手术收入	3.治疗类：(10)手术治疗费
HNH6U302	系统性纵隔淋巴结清扫术	HNH73302	恶性肿瘤系统性纵隔淋巴结清扫术			手术费	手术收入	3.治疗类：(10)手术治疗费
HNH6U501	经胸腔镜胸内淋巴结清扫术					手术费	手术收入	3.治疗类：(10)手术治疗费
HNH6U502	经胸腔镜局限性纵隔淋巴结清扫术					手术费	手术收入	3.治疗类：(10)手术治疗费
HNH6U503	经胸腔镜系统性纵隔淋巴结清扫术			330900010	经胸腔镜内乳淋巴链清除朮	手术费	手术收入	3.治疗类：(10)手术治疗费
HNJ6D301	腹主动脉旁淋巴结活检术					手术费	手术收入	3.治疗类：(10)手术治疗费
HNJ6D501	经腹腔镜腹腔淋巴结活检术	FNJ07501	经腹腔镜腹腔淋巴结活检术	330900007	经腹腔镜盆腔淋巴结活检术	手术费	手术收入	3.治疗类：(10)手术治疗费
HNJ6U301	骶前淋巴结切除术	HNJ73307	经腹骶前淋巴结切除术			手术费	手术收入	3.治疗类：(10)手术治疗费
HNJ6U302	腹膜后淋巴管瘤切除术(小)	HNJ73304	腹膜后淋巴管瘤切除术(小)			手术费	手术收入	3.治疗类：(10)手术治疗费
HNJ6U303	腹膜后淋巴管瘤切除术(中)	HNJ73305	腹膜后淋巴管瘤切除术(中)			手术费	手术收入	3.治疗类：(10)手术治疗费
HNJ6U304	腹膜后淋巴管瘤切除术(大)	HNJ73306	腹膜后淋巴管瘤切除术(大)			手术费	手术收入	3.治疗类：(10)手术治疗费
HNJ6U305	腹膜后乳糜返流淋巴管切除术					手术费	手术收入	3.治疗类：(10)手术治疗费
HNJ6U306	睾丸肿瘤腹膜后淋巴结清扫术	HNJ73303	睾丸肿瘤腹膜后淋巴结清扫术	331202012	睾丸肿瘤腹膜后淋巴结清扫术	手术费	手术收入	3.治疗类：(10)手术治疗费
HNJ6U307	腹腔淋巴结清扫术	HNJ73301	腹腔淋巴结清扫术			手术费	手术收入	3.治疗类：(10)手术治疗费
HNJ6U308	腹主动脉旁淋巴结切除术	HNJ73302	经腹腹主动脉旁淋巴结切除术			手术费	手术收入	3.治疗类：(10)手术治疗费
HNJ6U309	腹盆腔腹主动脉旁淋巴结清扫术					手术费	手术收入	3.治疗类：(10)手术治疗费
HNJ6U310	肠乳糜返流淋巴管切除术					手术费	手术收入	3.治疗类：(10)手术治疗费
HNJ6U501	经腹腔镜骶前淋巴结切除术	HNJ73501	经腹腔镜骶前淋巴结切除术			手术费	手术收入	3.治疗类：(10)手术治疗费
HNJ6U502	经腹腔镜睾丸肿瘤腹膜后淋巴结清扫术	HNJ73502	经腹腔镜睾丸肿瘤腹膜后淋巴结清扫术			手术费	手术收入	3.治疗类：(10)手术治疗费
HNJ6U503	经腹腔镜腹腔淋巴结清扫术	HNJ73504	经腹腔镜腹腔淋巴结清扫术			手术费	手术收入	3.治疗类：(10)手术治疗费
HNJ6U504	经腹腔镜腹主动脉旁淋巴结切除术	HNJ73503	经腹腔镜腹主动脉旁淋巴结切除术			手术费	手术收入	3.治疗类：(10)手术治疗费
HNJ6U505	经腹腔镜肝门淋巴结清扫术	HNJ73505	经腹腔镜肝门淋巴结清扫术			手术费	手术收入	3.治疗类：(10)手术治疗费
HNJ7D301	腹膜后淋巴管横断结扎术					手术费	手术收入	3.治疗类：(10)手术治疗费
HNJ7D302	髂淋巴干横断结扎术					手术费	手术收入	3.治疗类：(10)手术治疗费
HNJ7K301	腹腔淋巴管静脉吻合术	HNJ86301	显微镜下腹腔淋巴管静脉吻合术			手术费	手术收入	3.治疗类：(10)手术治疗费
HNJ7K302	腹腔淋巴管自体静脉移植桥接静脉吻合术	HNJ86302	显微镜下腹腔淋巴管自体静脉移植桥接静脉吻合术			手术费	手术收入	3.治疗类：(10)手术治疗费
HNJ7K303	腹膜后淋巴管静脉吻合术	HNJ86303	显微镜下腹膜后淋巴管静脉吻合术	330900012	腹股沟淋巴管-腰干淋巴管吻合术	手术费	手术收入	3.治疗类：(10)手术治疗费
HNJ7K304	腹膜后淋巴管自体移植静脉静脉吻合术	HNJ86304	显微镜下腹膜后淋巴管自体移植静脉静脉吻合术			手术费	手术收入	3.治疗类：(10)手术治疗费
HNK6U301	腹股沟淋巴结切除术	HNK73301	腹股沟淋巴结切除术	330900005	腹股沟淋巴结清扫术	手术费	手术收入	3.治疗类：(10)手术治疗费
HNK6U302	髂腹股沟淋巴结清扫术	HNK73302	髂腹股沟淋巴结清扫术	330900008	髂腹股沟淋巴结清扫术	手术费	手术收入	3.治疗类：(10)手术治疗费
HNK6U501	经腹腔镜腹股沟淋巴清扫					手术费	手术收入	3.治疗类：(10)手术治疗费
HNK6U502	经腹腔镜髂腹股沟淋巴结清扫术	HNK73501	经腹腔镜的髂腹股沟淋巴结清扫术			手术费	手术收入	3.治疗类：(10)手术治疗费
HNK7K301	腹股沟浅淋巴管静脉吻合术	HNK86301	显微镜下腹股沟浅淋巴管静脉吻合术	330900013	肢体淋巴管-静脉吻合术	手术费	手术收入	3.治疗类：(10)手术治疗费
HNK7K302	腹股沟下淋巴结输入淋巴管大隐静脉分支吻合术	HNK86302	显微镜下腹股沟下淋巴结输入淋巴管大隐静脉分支吻合术			手术费	手术收入	3.治疗类：(10)手术治疗费
HNK7K303	髂外深淋巴管静脉吻合术	HNK86303	显微镜下髂外深淋巴管静脉吻合术			手术费	手术收入	3.治疗类：(10)手术治疗费
HNK7K304	会阴浅淋巴管静脉分支吻合术	HNK86304	显微镜下会阴浅淋巴管静脉分支吻合术			手术费	手术收入	3.治疗类：(10)手术治疗费
HNL6U301	盆腔淋巴结切除术	HNL73301	经腹盆腔淋巴结切除术			手术费	手术收入	3.治疗类：(10)手术治疗费
HNL6U302	经腹膜外盆腔淋巴结切除术	HNL73302	经腹膜外盆腔淋巴结切除术			手术费	手术收入	3.治疗类：(10)手术治疗费
HNL6U501	经腹腔镜盆腔淋巴结切除术	HNL73501	经腹腔镜盆腔淋巴结切除术	330900006	经腹腔镜盆腔淋巴结清扫术	手术费	手术收入	3.治疗类：(10)手术治疗费
HNN6U301	腋窝淋巴结清扫术					手术费	手术收入	3.治疗类：(10)手术治疗费
HNN7K301	前臂浅淋巴管静脉吻合术	HNN86301	显微镜下前臂浅淋巴管静脉吻合术	330900013	肢体淋巴管-静脉吻合术	手术费	手术收入	3.治疗类：(10)手术治疗费
HNN7K302	前臂内侧浅淋巴管静脉吻合术	HNN86302	显微镜下前臂内侧浅淋巴管静脉吻合术			手术费	手术收入	3.治疗类：(10)手术治疗费
HNN7K303	尺动脉旁深淋巴管静脉吻合术	HNN86303	显微镜下尺动脉旁深淋巴管静脉吻合术			手术费	手术收入	3.治疗类：(10)手术治疗费
HNN7K304	上臂深淋巴管静脉吻合术	HNN86305	显微镜下上臂深淋巴管静脉吻合术			手术费	手术收入	3.治疗类：(10)手术治疗费
HNN7K305	头静脉伴行淋巴管静脉吻合术	HNN86307	显微镜下头静脉伴行淋巴管静脉吻合术			手术费	手术收入	3.治疗类：(10)手术治疗费
HNN7K306	桡动脉旁深淋巴管静脉吻合术	HNN86304	显微镜下桡动脉旁深淋巴管静脉吻合术			手术费	手术收入	3.治疗类：(10)手术治疗费
HNN7K307	手背浅淋巴管静脉吻合术	HNN86306	显微镜下手背浅淋巴管静脉吻合术			手术费	手术收入	3.治疗类：(10)手术治疗费
HNP7K301	淋巴结大隐静脉吻合术	HNP86303	淋巴结大隐静脉吻合术	330900014	淋巴管大隐静脉吻合术	手术费	手术收入	3.治疗类：(10)手术治疗费
HNP7K302	内踝深淋巴管-胫后静脉分支吻合术	HNP86305	显微镜下内踝深淋巴管-胫后静脉分支吻合术	330900013	肢体淋巴管-静脉吻合术	手术费	手术收入	3.治疗类：(10)手术治疗费
HNP7K303	股深淋巴管静脉吻合术	HNP86301	显微镜下股深淋巴管静脉吻合术			手术费	手术收入	3.治疗类：(10)手术治疗费
HNP7K304	大腿中部浅淋巴管大隐静脉分支吻合术	HNP86302	显微镜下大腿中部浅淋巴管大隐静脉分支吻合术			手术费	手术收入	3.治疗类：(10)手术治疗费
HNP7K305	小腿浅淋巴管静脉吻合术	HNP86304	显微镜下小腿浅淋巴管静脉吻合术	330900013	肢体淋巴管-静脉吻合术	手术费	手术收入	3.治疗类：(10)手术治疗费
HNP7K306	足背浅淋巴管静脉吻合术	HNP86306	显微镜下足背浅淋巴管静脉吻合术			手术费	手术收入	3.治疗类：(10)手术治疗费
HNQ6U301	海绵状淋巴管瘤切除术(小)	HNQ73301	海绵状淋巴管瘤切除术(小)	331602007	海绵状血管瘤切除术(小)	手术费	手术收入	3.治疗类：(10)手术治疗费
HNQ6U302	海绵状淋巴管瘤切除术(中)	HNQ73302	海绵状淋巴管瘤切除术(中)	331602006	海绵状血管瘤切除术(中)	手术费	手术收入	3.治疗类：(10)手术治疗费
HNQ6U303	海绵状淋巴管瘤切除术(大)	HNQ73303	海绵状淋巴管瘤切除术(大)	331602005	海绵状血管瘤切除术(大)	手术费	手术收入	3.治疗类：(10)手术治疗费
HNQ7Q301	周围淋巴管移植术					手术费	手术收入	3.治疗类：(10)手术治疗费
HNQ7Q302	血管化淋巴结游离移植术					手术费	手术收入	3.治疗类：(10)手术治疗费
HNR6P301	颈段胸导管狭窄段外膜剥除术	HNR65301	显微镜下颈段胸导管狭窄段外膜剥除术			手术费	手术收入	3.治疗类：(10)手术治疗费
HNR7C301	胸导管压迫束带松解术	HNR57301	显微镜下胸导管压迫束带松解术			手术费	手术收入	3.治疗类：(10)手术治疗费
HNR7D301	胸导管结扎术	HNR59302	胸导管结扎术	330900009	胸导管结扎术	手术费	手术收入	3.治疗类：(10)手术治疗费
HNR7D501	经胸腔镜胸导管结扎术	HNR59501	经胸腔镜胸导管结扎术			手术费	手术收入	3.治疗类：(10)手术治疗费
HNR7K301	胸导管颈内静脉端端吻合术	HNR86302	胸导管－颈内静脉吻合术			手术费	手术收入	3.治疗类：(10)手术治疗费
		HNR86301	显微镜下胸导管颈内静脉端端吻合术			手术费	手术收入	3.治疗类：(10)手术治疗费
HNR7K302	胸导管颈外静脉吻合术	HNR86303	显微镜下胸导管颈外静脉吻合术	330900011	颈静脉胸导管吻合术	手术费	手术收入	3.治疗类：(10)手术治疗费
HNR7K303	胸导管甲状腺中静脉吻合术	HNR86304	显微镜下胸导管甲状腺中静脉吻合术			手术费	手术收入	3.治疗类：(10)手术治疗费
HNR7K304	胸导管颈横静脉静脉吻合术	HNR86305	显微镜下胸导管颈横静脉静脉吻合术			手术费	手术收入	3.治疗类：(10)手术治疗费
HNR7K305	显微胸导管椎静脉吻合术	HNR86306	显微胸导管椎静脉吻合术			手术费	手术收入	3.治疗类：(10)手术治疗费
HNR7K306	胸导管奇静脉吻合术					手术费	手术收入	3.治疗类：(10)手术治疗费
HNR7K307	胸导管自体移植静脉奇静脉吻合术					手术费	手术收入	3.治疗类：(10)手术治疗费
HNR7K308	胸导管肋间静脉吻合术					手术费	手术收入	3.治疗类：(10)手术治疗费
HNR7K309	胸导管自体静脉移植肋间静脉吻合术					手术费	手术收入	3.治疗类：(10)手术治疗费
HNR7P301	胸导管狭窄成形术	HNR83301	显微镜下胸导管狭窄成形术			手术费	手术收入	3.治疗类：(10)手术治疗费
		HNR59301	乳糜胸外科治疗			手术费	手术收入	3.治疗类：(10)手术治疗费
HNZ	5.其他							
HNZ6U301	体表淋巴结摘除术	HNZ73301	体表淋巴结摘除术	330900002	体表淋巴结摘除术	手术费	手术收入	3.治疗类：(10)手术治疗费
HP	(十一)消化系统							
HPA-HPB	1.消化道							
HPA6U601	经内镜黏膜下肿物挖除术(ESE)					手术费	手术收入	3.治疗类：(10)手术治疗费
HPA6U602	经内镜黏膜下隧道肿瘤切除术(STER)					手术费	手术收入	3.治疗类：(10)手术治疗费
HPA6U603	经内镜消化道管壁全层切除术(EFTR)	HPU73601	经内镜直肠肿物切除术	331004003	经内镜直肠良性肿物切除术	手术费	手术收入	3.治疗类：(10)手术治疗费
HPA6W601	经内镜多环套扎黏膜切除术(MBM)					手术费	手术收入	3.治疗类：(10)手术治疗费
HPA7C601	经内镜消化道瘢痕松解术					手术费	手术收入	3.治疗类：(10)手术治疗费
HPA7D601	经内镜瘘口闭合术	HPC59601	经电子内镜食管瘘填堵术	310901010	经内镜食管瘘填堵术	手术费	手术收入	3.治疗类：(10)手术治疗费
HPA7P301	食管胃吻合口狭窄切开成形术	HPB83301	食管胃吻合口狭窄切开成形术	331001016	食管胃吻合口狭窄切开成形术	手术费	手术收入	3.治疗类：(10)手术治疗费
HPA7P302	胃-肠吻合口修补术					手术费	手术收入	3.治疗类：(10)手术治疗费
HPA7P303	消化道瘘修补术					手术费	手术收入	3.治疗类：(10)手术治疗费
HPA7P601	经内镜消化道创面修补术					手术费	手术收入	3.治疗类：(10)手术治疗费
		HPB46601	经纤维内镜上消化道出血治疗	310902006	经胃镜特殊治疗	手术费	手术收入	3.治疗类：(10)手术治疗费
		HPA46601	内镜下止血处置术			手术费	手术收入	3.治疗类：(10)手术治疗费
HPB6U601	经内镜上消化道病变高频电切术	HPB73602	经电子内镜食管胃十二指肠息肉高频电凝切除术			手术费	手术收入	3.治疗类：(10)手术治疗费
HPB6U602	经内镜上消化道病变微波切除术	HPB73604	经电子内镜食管胃十二指肠息肉微波切除术			手术费	手术收入	3.治疗类：(10)手术治疗费
HPB6U603	经内镜上消化道病变激光切除术	HPB73606	经电子内镜食管胃十二指肠息肉激光切除术			手术费	手术收入	3.治疗类：(10)手术治疗费
		HPB72601	经纤维内镜食管胃十二指肠息肉氩离子凝固术			手术费	手术收入	3.治疗类：(10)手术治疗费
		HPB73601	经纤维内镜食管胃十二指肠息肉高频电凝切除术			手术费	手术收入	3.治疗类：(10)手术治疗费
		HPB73607	经电子内镜食管胃十二指肠黏膜切除术(EMR)			手术费	手术收入	3.治疗类：(10)手术治疗费
HPB7P601	经内镜消化道憩室修补术					手术费	手术收入	3.治疗类：(10)手术治疗费
HPC	2.食管							
HPC6P301	颈侧入路切开食管异物取出术	HPC65301	颈侧入路切开食管异物取出术	331001001	颈侧切开食道异物取出术	手术费	手术收入	3.治疗类：(10)手术治疗费
HPC6S301	颈部食管造口术					手术费	手术收入	3.治疗类：(10)手术治疗费
HPC6S302	先天性食管闭锁分期手术	HPC50301	先天性食管闭锁分期手术(I期)	331001010	先天性食管闭锁经胸膜外吻合术	手术费	手术收入	3.治疗类：(10)手术治疗费
HPC6S303	食管旷置胃造口术	HPC50304	食管闭锁胃造瘘术	331001009	食管闭锁造瘘术	手术费	手术收入	3.治疗类：(10)手术治疗费
HPC6S304	经胸食管下段贲门肌层切开术	HPC50302	经胸食管下段贲门肌层切开术	331001021	贲门痉挛(失弛缓症)肌层切开术	手术费	手术收入	3.治疗类：(10)手术治疗费
HPC6S305	食管下段贲门肌层切开术	HPC50303	经腹食管下段贲门肌层切开术			手术费	手术收入	3.治疗类：(10)手术治疗费
HPC6S501	经胸腔镜食管下段贲门肌层切开术	HPC50501	经胸腔镜食管下段贲门肌层切开术			手术费	手术收入	3.治疗类：(10)手术治疗费
HPC6S502	经腹腔镜食管下段贲门肌层切开术					手术费	手术收入	3.治疗类：(10)手术治疗费
HPC6S601	经内镜食管憩室切开术					手术费	手术收入	3.治疗类：(10)手术治疗费
HPC6T301	胸腹联合断流术(Sugiura手术)	HPC58301	胸腹联合断流术(Sugiura手术)			手术费	手术收入	3.治疗类：(10)手术治疗费
HPC6U301	经左胸食管狭窄切除吻合术	HPC73302	食管狭窄切除吻合术	331001007	食管狭窄切除吻合术	手术费	手术收入	3.治疗类：(10)手术治疗费
HPC6U302	食管良性肿物切除术	HPC73303	食管良性肿物切除术	331001004	食管良性肿物切除术	手术费	手术收入	3.治疗类：(10)手术治疗费
				331001005	先天性食管囊肿切除术	手术费	手术收入	3.治疗类：(10)手术治疗费
HPC6U303	颈侧入路食管肿瘤切除术					手术费	手术收入	3.治疗类：(10)手术治疗费
HPC6U304	食管憩室切除术	HPC73301	食管憩室切除术	331001006	食管憩室切除术	手术费	手术收入	3.治疗类：(10)手术治疗费
				331001015	颈段食管切除术	手术费	手术收入	3.治疗类：(10)手术治疗费
HPC6U305	食管下端胃底切除术	HPC73304	食管下端胃底切除术			手术费	手术收入	3.治疗类：(10)手术治疗费
HPC6U501	经胸腔镜食管良性肿物切除术	HPC73502	经胸腔镜食管良性肿物切除术			手术费	手术收入	3.治疗类：(10)手术治疗费
HPC6U502	经胸腹腔镜颈胸腹三切口食管胃部分切除食管胃颈部吻合术	HPC73503	经胸腔镜食管癌切除术			手术费	手术收入	3.治疗类：(10)手术治疗费
HPC6U503	经腹腔镜食管下端胃底切除术	HPC73501	经腹腔镜食管下端胃底切除术			手术费	手术收入	3.治疗类：(10)手术治疗费
HPC6V301	颈段食管切除颈部皮瓣食管重建术	HPC74301	颈段食管癌切除颈部皮瓣食管重建术	331001013	颈段食管癌切除+颈部皮瓣食管再造术	手术费	手术收入	3.治疗类：(10)手术治疗费
				331001011	食管癌根治术	手术费	手术收入	3.治疗类：(10)手术治疗费
				331001012	颈段食管癌切除+结肠代食管术	手术费	手术收入	3.治疗类：(10)手术治疗费
HPC6V302	下咽颈段食管狭窄切除食管重建术	HPC74302	下咽颈段食管狭窄切除食管重建术	331001008	下咽颈段食管狭窄切除及颈段食管再造术	手术费	手术收入	3.治疗类：(10)手术治疗费
HPC6X501	经腹腔镜联合纵隔镜经颈经食管裂孔食管癌根治术					手术费	手术收入	3.治疗类：(10)手术治疗费
HPC7K301	经腹食管下端横断术	HPC83306	经腹食管下端横断术	331001017	食管横断吻合术	手术费	手术收入	3.治疗类：(10)手术治疗费
HPC7K302	食管胃短路手术	HPC86301	食管胃短路手术	331001019	食管胃短路捷径手术	手术费	手术收入	3.治疗类：(10)手术治疗费
HPC7K303	先天性食管闭锁经右胸端端吻合术	HPC86302	先天性食管闭锁经右胸端端吻合术	331001010	先天性食管闭锁经胸膜外吻合术	手术费	手术收入	3.治疗类：(10)手术治疗费
HPC7K304	食管内翻拔脱切除胃代食管颈部吻合术	HPC86304	食管内翻拔脱切除胃代食管颈部吻合术			手术费	手术收入	3.治疗类：(10)手术治疗费
HPC7K305	食管部分切除食管空肠胸内吻合术	HPC86305	食管癌切除空肠代食管吻合术	331001020	游离空肠代食管术	手术费	手术收入	3.治疗类：(10)手术治疗费
HPC7K306	经颈胸腹三切口食管部分切除结肠代食管颈部吻合术	HPC86306	食管癌切除结肠代食管颈部吻合术	331001014	食管癌根治+结肠代食管术	手术费	手术收入	3.治疗类：(10)手术治疗费
HPC7K307	经腹经胸两切口食管部分切除结肠代食管胸内吻合术	HPC86308	食管癌切除结肠代食管胸内吻合术			手术费	手术收入	3.治疗类：(10)手术治疗费
		HPC86307	肠代食管术	331001018	食管再造术	手术费	手术收入	3.治疗类：(10)手术治疗费
HPC7K308	经左胸食管胃部分切除食管胃胸内吻合术	HPC86310	食管癌切除胃代食管胸内吻合术			手术费	手术收入	3.治疗类：(10)手术治疗费
HPC7K309	经腹经胸两切口食管胃部分切除食管胃胸内吻合术	HPC86311	食管癌两切口切除胃代食管胸内吻合术			手术费	手术收入	3.治疗类：(10)手术治疗费
HPC7K310	经颈胸两切口食管胃部分切除食管胃颈部吻合术	HPC86312	食管癌两切口切除胃代食管颈部吻合术			手术费	手术收入	3.治疗类：(10)手术治疗费
HPC7K311	颈胸腹三切口食管胃部分切除食管胃颈部吻合术	HPC86313	食管癌三切口切除胃代食管颈部吻合术			手术费	手术收入	3.治疗类：(10)手术治疗费
		HPC86309	小儿胃代食管术	331001018	食管再造术	手术费	手术收入	3.治疗类：(10)手术治疗费
HPC7K312	胸骨前/后食管结肠颈部吻合术					手术费	手术收入	3.治疗类：(10)手术治疗费
HPC7K313	胸骨前/后食管胃吻合术					手术费	手术收入	3.治疗类：(10)手术治疗费
HPC7K314	经右胸食管狭窄切除吻合术					手术费	手术收入	3.治疗类：(10)手术治疗费
HPC7K315	经胸食管下端横断术	HPC83305	经胸食管下端横断术	331001017	食管横断吻合术	手术费	手术收入	3.治疗类：(10)手术治疗费
HPC7K501	经胸腔镜先天性食管闭锁经右胸端端吻合术	HPC86501	经胸腔镜先天性食管闭锁经右胸端端吻合术			手术费	手术收入	3.治疗类：(10)手术治疗费
HPC7P301	经颈部先天性食管闭锁修补术	HPC83301	经颈部先天性食管闭锁修补术	331001010	先天性食管闭锁经胸膜外吻合术	手术费	手术收入	3.治疗类：(10)手术治疗费
		HPC86303	先天性食管闭锁胃管替代吻合术	331001010	先天性食管闭锁经胸膜外吻合术	手术费	手术收入	3.治疗类：(10)手术治疗费
HPC7P302	食管破裂修补术	HPC83302	食管破裂修补术	331001002	食管破裂修补术	手术费	手术收入	3.治疗类：(10)手术治疗费
				331001003	食管瘘清创术	手术费	手术收入	3.治疗类：(10)手术治疗费
HPC7P303	食管裂孔疝修补术	HPC83303	经腹食管裂孔疝修补术	330703034	食管裂孔疝修补术	手术费	手术收入	3.治疗类：(10)手术治疗费
HPC7P304	经胸食管裂孔疝修补术	HPC83304	经胸食管裂孔疝修补术			手术费	手术收入	3.治疗类：(10)手术治疗费
				330703033	先天性食管裂孔疝修补术	手术费	手术收入	3.治疗类：(10)手术治疗费
HPC7P501	经胸腔镜食管破裂修补术	HPC83501	经胸腔镜食管破裂修补术			手术费	手术收入	3.治疗类：(10)手术治疗费
HPC7P502	经胸腔镜食管裂孔疝修补术	HPC83502	经胸腔镜食管裂孔疝修补术			手术费	手术收入	3.治疗类：(10)手术治疗费
HPC7P503	经腹腔镜食管裂孔疝修补术	HPC83503	经腹腔镜食管裂孔疝修补术			手术费	手术收入	3.治疗类：(10)手术治疗费
HPC7P504	经胸腔镜胃食管抗返流术					手术费	手术收入	3.治疗类：(10)手术治疗费
HPC7P505	经腹腔镜胃食管抗返流术					手术费	手术收入	3.治疗类：(10)手术治疗费
HPD-HPG	3.胃							
HPD6F301	胃出血切开缝扎止血术	HPD46301	胃出血切开缝扎止血术	331002002	胃出血切开缝扎止血术	手术费	手术收入	3.治疗类：(10)手术治疗费
HPD6F501	经腹腔镜胃出血切开缝扎止血术	HPD46501	经腹腔镜胃出血切开缝扎止血术			手术费	手术收入	3.治疗类：(10)手术治疗费
HPD6K301	可调节胃束带置入术	HPD62302	可调节胃束带置入术	331002016	胃减容术	手术费	手术收入	3.治疗类：(10)手术治疗费
HPD6K501	经腹腔镜可调节胃束带置入术	HPD62501	经腹腔镜可调节胃束带置入术			手术费	手术收入	3.治疗类：(10)手术治疗费
HPD6N501	经腹腔镜胃束带去除术	HPD64501	经腹腔镜胃束带去除术			手术费	手术收入	3.治疗类：(10)手术治疗费
HPD6P301	胃切开异物取出术	HPD65301	胃切开异物取出术	331002001	胃肠切开取异物	手术费	手术收入	3.治疗类：(10)手术治疗费
HPD6P501	经腹腔镜胃切开异物取出术	HPD65501	经腹腔镜胃切开异物取出术			手术费	手术收入	3.治疗类：(10)手术治疗费
HPD6P601	经内镜胃石碎石取石术	HPD65604	经电子内镜胃石碎石取石术	310902008	经胃镜碎石术	手术费	手术收入	3.治疗类：(10)手术治疗费
		HPD65603	经纤维内镜胃石碎石取石术			手术费	手术收入	3.治疗类：(10)手术治疗费
HPD6P602	经内镜胃石激光碎石取石术	HPD65606	经电子内镜胃石激光碎石取石术			手术费	手术收入	3.治疗类：(10)手术治疗费
		HPD65605	经纤维内镜胃石激光碎石取石术			手术费	手术收入	3.治疗类：(10)手术治疗费
HPD6P603	经内镜胃石爆破碎石取石术	HPD65607	经电子内镜胃石爆破碎石取石术			手术费	手术收入	3.治疗类：(10)手术治疗费
HPD6R301	胃血肿清创引流术					手术费	手术收入	3.治疗类：(10)手术治疗费
HPD6R501	经腹腔镜胃血肿清创引流术					手术费	手术收入	3.治疗类：(10)手术治疗费
HPD6S301	胃造口术	HPD50301	胃造瘘术	331002009	胃肠造瘘术	手术费	手术收入	3.治疗类：(10)手术治疗费
HPD6S501	经腹腔镜胃造口术	HPD50501	经腹腔镜胃造瘘术			手术费	手术收入	3.治疗类：(10)手术治疗费
HPD6U301	全胃姑息性切除术	HPD77303	姑息性全胃切除术			手术费	手术收入	3.治疗类：(10)手术治疗费
HPD6U302	胃部分切除术	HPD73301	胃部分切除术			手术费	手术收入	3.治疗类：(10)手术治疗费
HPD6U303	胃袖状切除术	HPD73302	胃袖状切除术			手术费	手术收入	3.治疗类：(10)手术治疗费
HPD6U304	残胃癌姑息性切除术	HPD77307	姑息性残胃癌切除术	331002007	胃癌姑息切除术	手术费	手术收入	3.治疗类：(10)手术治疗费
HPD6U305	近端胃大部切除术	HPD73303	近端胃大部切除术	331002003	近端胃大部切除术	手术费	手术收入	3.治疗类：(10)手术治疗费
HPD6U306	远端胃大部切除术	HPD73304	远端胃大部切除术	331002004	远端胃大部切除术	手术费	手术收入	3.治疗类：(10)手术治疗费
HPD6U307	近端胃大部姑息性切除术	HPD73305	姑息性近端胃大部切除术			手术费	手术收入	3.治疗类：(10)手术治疗费
HPD6U308	远端胃大部姑息性切除术	HPD73306	姑息性远端胃大部切除术			手术费	手术收入	3.治疗类：(10)手术治疗费
HPD6U501	经腹腔镜胃袖状切除术	HPD73501	经腹腔镜胃袖状切除术			手术费	手术收入	3.治疗类：(10)手术治疗费
HPD6U502	经腹腔镜近端胃大部切除术	HPD73502	经腹腔镜近端胃大部切除术			手术费	手术收入	3.治疗类：(10)手术治疗费
HPD6U503	经腹腔镜远端胃大部切除术	HPD73503	经腹腔镜远端胃大部切除术			手术费	手术收入	3.治疗类：(10)手术治疗费
HPD6U504	经腹腔镜经胃胰腺坏死组织清创术					手术费	手术收入	3.治疗类：(10)手术治疗费
HPD6W301	全胃切除术	HPD75301	全胃切除术	331002008	全胃切除术	手术费	手术收入	3.治疗类：(10)手术治疗费
HPD6W501	经腹腔镜全胃切除术	HPD75501	经腹腔镜全胃切除术			手术费	手术收入	3.治疗类：(10)手术治疗费
HPD6X301	全胃根治性切除术	HPD77304	根治性全胃切除术			手术费	手术收入	3.治疗类：(10)手术治疗费
HPD6X302	全胃扩大根治性切除术	HPD77305	扩大根治性全胃切除术	331002006	胃癌扩大根治术	手术费	手术收入	3.治疗类：(10)手术治疗费
HPD6X303	残胃癌根治性切除术	HPD77306	根治性残胃癌切除术			手术费	手术收入	3.治疗类：(10)手术治疗费
HPD6X304	残胃癌扩大根治性切除术	HPD77308	扩大根治性残胃癌切除术	331002006	胃癌扩大根治术	手术费	手术收入	3.治疗类：(10)手术治疗费
HPD6X305	近端胃大部根治性切除术	HPD73307	根治性近端胃大部切除术	331002005	胃癌根治术	手术费	手术收入	3.治疗类：(10)手术治疗费
HPD6X306	远端胃大部根治性切除术	HPD73308	根治性远端胃大部切除术			手术费	手术收入	3.治疗类：(10)手术治疗费
HPD6X307	近端胃大部扩大根治性切除术	HPD77301	扩大根治性近端胃大部切除术	331002006	胃癌扩大根治术	手术费	手术收入	3.治疗类：(10)手术治疗费
HPD6X308	远端胃大部扩大根治性切除术	HPD77302	扩大根治性远端胃大部切除术			手术费	手术收入	3.治疗类：(10)手术治疗费
HPD6X501	经腹腔镜全胃根治性切除术	HPD77503	经腹腔镜根治性全胃切除术			手术费	手术收入	3.治疗类：(10)手术治疗费
HPD6X502	经腹腔镜近端胃大部根治性切除术	HPD77501	经腹腔镜根治性近端胃大部切除术			手术费	手术收入	3.治疗类：(10)手术治疗费
HPD6X503	经腹腔镜远端胃大部根治性切除术	HPD77502	经腹腔镜根治性远端胃大部切除术			手术费	手术收入	3.治疗类：(10)手术治疗费
HPD7D301	胃瘘闭合术	HPD59301	胃瘘闭合术			手术费	手术收入	3.治疗类：(10)手术治疗费
HPD7H301	胃扭转复位术	HPD70301	胃扭转复位术	331002010	胃扭转复位术	手术费	手术收入	3.治疗类：(10)手术治疗费
HPD7H501	经腹腔镜胃扭转复位术	HPD70501	经腹腔镜胃扭转复位术			手术费	手术收入	3.治疗类：(10)手术治疗费
HPD7H601	经胃镜胃扭转复位术	HPD70601	经胃镜胃扭转复位术			手术费	手术收入	3.治疗类：(10)手术治疗费
HPD7K301	胃转流术					手术费	手术收入	3.治疗类：(10)手术治疗费
HPD7K302	胃肠短路术	HPD86301	胃肠短路术	331002015	胃肠短路术	手术费	手术收入	3.治疗类：(10)手术治疗费
HPD7K501	经腹腔镜胃肠转流术					手术费	手术收入	3.治疗类：(10)手术治疗费
HPD7K502	经腹腔镜胃旁路术					手术费	手术收入	3.治疗类：(10)手术治疗费
HPD7K503	经腹腔镜胃肠短路术	HPD86501	经腹腔镜胃肠短路术			手术费	手术收入	3.治疗类：(10)手术治疗费
HPD7M301	胃固定术					手术费	手术收入	3.治疗类：(10)手术治疗费
HPD7M501	经腹腔镜胃固定术					手术费	手术收入	3.治疗类：(10)手术治疗费
HPD7P301	胃穿孔修补术	HPD83301	胃穿孔修补术	331002011	胃肠穿孔修补术	手术费	手术收入	3.治疗类：(10)手术治疗费
HPD7P302	先天性胃壁肌层缺损胃穿孔修补术	HPD83302	先天性胃壁肌层缺损胃穿孔修补术			手术费	手术收入	3.治疗类：(10)手术治疗费
HPD7P303	垂直捆绑胃成形术	HPD83303	垂直捆绑胃成形术			手术费	手术收入	3.治疗类：(10)手术治疗费
HPD7P501	经腹腔镜胃穿孔修补术	HPD83501	经腹腔镜胃穿孔修补术	331002011	胃肠穿孔修补术	手术费	手术收入	3.治疗类：(10)手术治疗费
HPD7P502	经腹腔镜垂直捆绑胃成形术	HPD83502	经腹腔镜垂直捆绑胃成形术			手术费	手术收入	3.治疗类：(10)手术治疗费
HPE6S601	经内镜食管贲门肌切开术(POEM)					手术费	手术收入	3.治疗类：(10)手术治疗费
HPE6T301	贲门周围血管离断术	HPE73301	贲门周围血管离断术			手术费	手术收入	3.治疗类：(10)手术治疗费
HPE6T501	经胸腔镜贲门周围血管离断术	HPE73501	经胸腔镜贲门周围血管离断术			手术费	手术收入	3.治疗类：(10)手术治疗费
HPE6X301	经胸贲门癌切除术	HPE77301	经胸贲门癌切除术	331001022	贲门癌切除术	手术费	手术收入	3.治疗类：(10)手术治疗费
HPE6X302	胸腹联合切口贲门癌切除术	HPE77302	胸腹联合切口贲门癌切除术	331001023	贲门癌扩大根治术	手术费	手术收入	3.治疗类：(10)手术治疗费
HPE6X303	贲门癌切除术			331001022	贲门癌切除术	手术费	手术收入	3.治疗类：(10)手术治疗费
HPF7K301	胃底横断术(Tanner手术)	HPF58301	胃底横断术(Tanner手术)			手术费	手术收入	3.治疗类：(10)手术治疗费
HPF7K501	经腹腔镜胃底横断术	HPF58501	经腹腔镜胃底横断术			手术费	手术收入	3.治疗类：(10)手术治疗费
HPF7P301	胃底折叠术	HPF83301	胃底折叠术			手术费	手术收入	3.治疗类：(10)手术治疗费
HPF7P501	经腹腔镜胃底折叠术	HPF83501	经腹腔镜胃底折叠术			手术费	手术收入	3.治疗类：(10)手术治疗费
HPG6S301	幽门环肌切开术	HPG50301	幽门环肌切开术			手术费	手术收入	3.治疗类：(10)手术治疗费
HPG6S501	经腹腔镜幽门环肌切开术	HPG50501	经腹腔镜幽门环肌切开术			手术费	手术收入	3.治疗类：(10)手术治疗费
HPG6S601	经内镜幽门肌切开术					手术费	手术收入	3.治疗类：(10)手术治疗费
HPG7D301	幽门旷置术					手术费	手术收入	3.治疗类：(10)手术治疗费
HPG7D501	经腹腔镜幽门旷置术					手术费	手术收入	3.治疗类：(10)手术治疗费
HPG7P301	幽门成形术	HPG83301	幽门成形术	331002014	幽门成形术	手术费	手术收入	3.治疗类：(10)手术治疗费
HPG7P501	经腹腔镜幽门成形术	HPG83501	经腹腔镜幽门成形术			手术费	手术收入	3.治疗类：(10)手术治疗费
HPH	4.肠道							
HPH6F501	经腹腔镜肠出血切开缝扎止血术					手术费	手术收入	3.治疗类：(10)手术治疗费
HPH6P301	开腹肠粪石切开取出术	HPH65301	开腹排粪石术	331004034	开腹排粪石术	手术费	手术收入	3.治疗类：(10)手术治疗费
HPH6P302	肠道切开异物取出术	HPH65302	肠道切开异物取出术	331002001	胃肠切开取异物	手术费	手术收入	3.治疗类：(10)手术治疗费
HPH6S301	肠造口术	HPH50301	肠造瘘术	331003017	结肠造瘘(Colostomy)术	手术费	手术收入	3.治疗类：(10)手术治疗费
HPH6S302	先天性肠闭锁端侧吻合造口术	HPH73303	先天性肠腔闭锁端侧吻合造瘘术			手术费	手术收入	3.治疗类：(10)手术治疗费
HPH6S501	经腹腔镜肠造口术	HPH50501	经腹腔镜肠造瘘术			手术费	手术收入	3.治疗类：(10)手术治疗费
HPH6U301	肠切除肠吻合术	HPH73301	肠切除肠吻合术	331003007	肠切除术	手术费	手术收入	3.治疗类：(10)手术治疗费
				331004006	直肠前壁切除缝合术	手术费	手术收入	3.治疗类：(10)手术治疗费
				331004007	直肠前突开放式修补术	手术费	手术收入	3.治疗类：(10)手术治疗费
HPH6U302	肠瘘切除肠吻合术	HPH73302	肠瘘切除肠吻合术	331003012	肠瘘切除术	手术费	手术收入	3.治疗类：(10)手术治疗费
HPH6U303	肠重复畸形切除吻合术	HPH73304	肠重复畸形切除吻合术			手术费	手术收入	3.治疗类：(10)手术治疗费
HPH6U304	乳糜返流肠管部分切除术					手术费	手术收入	3.治疗类：(10)手术治疗费
HPH6U501	经腹腔镜肠切除肠吻合术	HPH73501	经腹腔镜肠切除肠吻合术			手术费	手术收入	3.治疗类：(10)手术治疗费
HPH7B301	肠切开减压术					手术费	手术收入	3.治疗类：(10)手术治疗费
HPH7C301	肠粘连松解术	HPH57301	肠粘连松解术	331003008	肠粘连松解术	手术费	手术收入	3.治疗类：(10)手术治疗费
HPH7C501	经腹腔镜肠粘连松解术	HPH57501	经腹腔镜肠粘连松解术			手术费	手术收入	3.治疗类：(10)手术治疗费
HPH7H301	肠造口还纳术	HPH70301	肠造瘘还纳术	331003011	肠造瘘还纳术	手术费	手术收入	3.治疗类：(10)手术治疗费
HPH7H302	肠扭转肠套叠复位术	HPH70302	肠扭转肠套叠复位术	331003006	肠扭转肠套叠复位术	手术费	手术收入	3.治疗类：(10)手术治疗费
HPH7H501	经腹腔镜肠扭转肠套叠复位术	HPH70501	经腹腔镜肠扭转肠套叠复位术			手术费	手术收入	3.治疗类：(10)手术治疗费
HPH7J301	肠倒置术	HPH83301	肠倒置术	331003009	肠倒置术	手术费	手术收入	3.治疗类：(10)手术治疗费
HPH7K301	肠吻合术	HPH86301	肠吻合术	331003023	肠吻合术	手术费	手术收入	3.治疗类：(10)手术治疗费
HPH7M301	肠排列固定术	HPH71301	肠排列固定术	331003013	肠排列术(固定术)	手术费	手术收入	3.治疗类：(10)手术治疗费
HPH7M501	经腹腔镜肠排列固定术	HPH71501	经腹腔镜肠排列固定术			手术费	手术收入	3.治疗类：(10)手术治疗费
HPH7P301	肠回转不良矫治术(Ladd.s'术)	HPH83302	肠回转不良矫治术(Lodd.s'术)	331003004	肠回转不良矫治术(Lodd.s'术)	手术费	手术收入	3.治疗类：(10)手术治疗费
HPH7P302	肠储存袋成形术	HPH83303	肠储存袋成形术	331003014	肠储存袋成形术	手术费	手术收入	3.治疗类：(10)手术治疗费
HPH7P303	肠穿孔修补术					手术费	手术收入	3.治疗类：(10)手术治疗费
HPH7P304	肠造口修复术					手术费	手术收入	3.治疗类：(10)手术治疗费
HPJ-HPM	5.小肠							
HPJ6R301	小肠血肿清创引流术					手术费	手术收入	3.治疗类：(10)手术治疗费
HPJ6R501	经腹腔镜小肠血肿清创引流术					手术费	手术收入	3.治疗类：(10)手术治疗费
HPJ6U601	经内镜小肠病变切除术					手术费	手术收入	3.治疗类：(10)手术治疗费
HPJ7K301	先天性小肠闭锁吻合术	HPJ83301	先天性小肠闭锁成形术	331003016	先天性肠腔闭锁成形术	手术费	手术收入	3.治疗类：(10)手术治疗费
HPJ7P301	人工乳头防返流术	HPH81301	人工乳头防返流术			手术费	手术收入	3.治疗类：(10)手术治疗费
HPJ7P302	小肠阴道瘘修补术					手术费	手术收入	3.治疗类：(10)手术治疗费
HPJ7P303	先天性小肠狭窄不全梗阻修复术	HPJ83302	先天性小肠狭窄不全梗阻修复术			手术费	手术收入	3.治疗类：(10)手术治疗费
HPJ7P304	小肠裂伤修补术					手术费	手术收入	3.治疗类：(10)手术治疗费
HPJ7P501	经腹腔镜小肠裂伤修补术					手术费	手术收入	3.治疗类：(10)手术治疗费
HPJ7S301	小肠供体获取术	HPJ60301	小肠供体获取术			手术费	手术收入	3.治疗类：(10)手术治疗费
HPJ7T301	异体小肠移植术	HPJ90301	异体小肠移植术	331003010	小肠移植术	手术费	手术收入	3.治疗类：(10)手术治疗费
HPK	十二指肠							
HPK6F301	十二指肠切开止血术					手术费	手术收入	3.治疗类：(10)手术治疗费
HPK6P101	经皮肝穿刺十二指肠乳头肌扩张顺行排石术					手术费	手术收入	3.治疗类：(10)手术治疗费
HPK6P601	经内镜奥狄氏括约肌切开取石术(ECT)	HPK64601	经内镜奥狄氏括约肌切开取石术(ECT)	331006015	经内镜奥狄氏括约肌切开取石术(ECT)	手术费	手术收入	3.治疗类：(10)手术治疗费
HPK6P602	经电子十二指肠镜奥狄氏括约肌切开胰管取石术	HPK65601	经电子十二指肠镜奥狄氏括约肌切开胰管取石术	331006016	经内镜奥狄氏括约肌切开胰管取石术	手术费	手术收入	3.治疗类：(10)手术治疗费
HPK6S601	经内镜十二指肠乳头括约肌切开术(EST)	HPK50601	经纤维内镜十二指肠乳头括约肌切开术(EST)			手术费	手术收入	3.治疗类：(10)手术治疗费
		HPK50602	经电子内镜十二指肠乳头括约肌切开术(EST)			手术费	手术收入	3.治疗类：(10)手术治疗费
HPK6U301	十二指肠憩室切除术	HPK73301	十二指肠憩室切除术	331003001	十二指肠憩室切除术	手术费	手术收入	3.治疗类：(10)手术治疗费
HPK6U302	十二指肠闭锁切除术	HPK73302	十二指肠闭锁切除术	331003002	十二指肠成形术	手术费	手术收入	3.治疗类：(10)手术治疗费
HPK6U303	法特氏壶腹部肿物局部切除术	HPK73303	壶腹部肿物局部切除术	331003003	壶腹部肿瘤局部切除术	手术费	手术收入	3.治疗类：(10)手术治疗费
HPK6U601	经内镜十二指肠壶腹部肿物切除术					手术费	手术收入	3.治疗类：(10)手术治疗费
HPK7P301	十二指肠憩室内翻术	HPK83301	十二指肠憩室内翻术	331003001	十二指肠憩室切除术	手术费	手术收入	3.治疗类：(10)手术治疗费
HPK7P302	十二指肠成形术	HPK83302	十二指肠成形术	331003002	十二指肠成形术	手术费	手术收入	3.治疗类：(10)手术治疗费
HPK7P303	十二指肠裂伤缝合术					手术费	手术收入	3.治疗类：(10)手术治疗费
HPK7P304	十二指肠溃疡穿孔修补术					手术费	手术收入	3.治疗类：(10)手术治疗费
HPK7P401	经十二指肠奥狄氏括约肌切开成形术	HPK83401	经十二指肠奥狄氏括约肌切开成形术	331006014	经十二指肠奥狄氏括约肌切开成形术	手术费	手术收入	3.治疗类：(10)手术治疗费
HPK7P501	经腹腔镜十二指肠裂伤修补术					手术费	手术收入	3.治疗类：(10)手术治疗费
HPK7P502	经腹腔镜十二指肠穿孔溃疡修补术					手术费	手术收入	3.治疗类：(10)手术治疗费
HPK7P601	经内镜十二指肠乳头成形术					手术费	手术收入	3.治疗类：(10)手术治疗费
HPK7P602	经电子十二指肠镜奥狄氏括约肌狭窄切开成形术	HPK83601	经电子十二指肠镜奥狄氏括约肌狭窄切开成形术			手术费	手术收入	3.治疗类：(10)手术治疗费
				310905018	经内镜十二指肠狭窄支架置入术	手术费	手术收入	3.治疗类：(10)手术治疗费
HPL-HPM	空肠、回肠							
HPL6K101	空肠营养管置入术	HPL62301	经鼻空肠营养管置管术	310903001	经胃镜胃肠置管术	手术费	手术收入	3.治疗类：(10)手术治疗费
		HPL66401	经鼻空肠营养管置换术			手术费	手术收入	3.治疗类：(10)手术治疗费
HPL6K301	空肠置管手术					手术费	手术收入	3.治疗类：(10)手术治疗费
		HPL62601	经纤维内镜空肠置管术	310903001	经胃镜胃肠置管术	手术费	手术收入	3.治疗类：(10)手术治疗费
HPM6U301	美克尔憩室切除术	HPM73301	美克尔憩室切除术	331004008	直肠肛门假性憩室切除术	手术费	手术收入	3.治疗类：(10)手术治疗费
HPM6U501	经腹腔镜美克尔憩室切除术	HPM73501	腹腔镜美克尔憩室切除术			手术费	手术收入	3.治疗类：(10)手术治疗费
HPP-HPV	6.大肠							
HPP	回盲部							
HPP6W301	回盲部切除术	HPP75301	回盲部切除术	331003007	肠切除术	手术费	手术收入	3.治疗类：(10)手术治疗费
HPP6W501	经腹腔镜回盲部切除术	HPP75501	经腹腔镜回盲部切除术			手术费	手术收入	3.治疗类：(10)手术治疗费
HPR	阑尾							
HPR6R102	经皮阑尾周围脓肿引流术					手术费	手术收入	3.治疗类：(10)手术治疗费
HPR6R301	阑尾周围脓肿引流术	HPR45301	阑尾周围脓肿引流术			手术费	手术收入	3.治疗类：(10)手术治疗费
HPR6R501	经腹腔镜阑尾周围脓肿引流术	HPR45501	经腹腔镜阑尾周围脓肿引流术			手术费	手术收入	3.治疗类：(10)手术治疗费
HPR6R601	经内镜阑尾引流术					手术费	手术收入	3.治疗类：(10)手术治疗费
HPR6U301	阑尾炎性包块切除术	HPR73301	阑尾炎性包块切除术			手术费	手术收入	3.治疗类：(10)手术治疗费
HPR6U501	经腹腔镜阑尾炎性包块切除术	HPR73501	经腹腔镜阑尾炎性包块切除术			手术费	手术收入	3.治疗类：(10)手术治疗费
HPR6U502	经腹腔镜阑尾切除术+盲肠部分切除术					手术费	手术收入	3.治疗类：(10)手术治疗费
HPR6W301	阑尾切除术	HPR75301	阑尾切除术	331003022	阑尾切除术	手术费	手术收入	3.治疗类：(10)手术治疗费
HPR6W302	坏疽性阑尾切除术	HPR75302	坏疽性阑尾切除术			手术费	手术收入	3.治疗类：(10)手术治疗费
HPR6W501	经腹腔镜阑尾切除术	HPR75501	经腹腔镜阑尾切除术			手术费	手术收入	3.治疗类：(10)手术治疗费
HPR6W502	经腹腔镜坏疽性阑尾切除术	HPR75502	经腹腔镜坏疽性阑尾切除术			手术费	手术收入	3.治疗类：(10)手术治疗费
HPS-HPT	结肠							
HPS6R301	结肠血肿清创引流术					手术费	手术收入	3.治疗类：(10)手术治疗费
HPS6R501	经腹腔镜结肠血肿清创引流术					手术费	手术收入	3.治疗类：(10)手术治疗费
HPS6U301	结肠息肉切除术	HPS73301	经腹结肠息肉切除术	331003007	肠切除术	手术费	手术收入	3.治疗类：(10)手术治疗费
HPS6U302	结肠区段切除术	HPS73302	结肠曲段切除术			手术费	手术收入	3.治疗类：(10)手术治疗费
HPS6U303	先天性巨结肠切除吻合术	HPS73305	先天性巨结肠切除吻合术			手术费	手术收入	3.治疗类：(10)手术治疗费
HPS6U304	先天性巨结肠切除+回肠袋形成形吻合术	HPS73306	先天性巨结肠切除+回肠袋形成形吻合术	331003019	先天性巨结肠切除术	手术费	手术收入	3.治疗类：(10)手术治疗费
HPS6U305	结肠癌局部切除术	HPS73307	结肠癌局部切除术	331003020	结肠癌根治术	手术费	手术收入	3.治疗类：(10)手术治疗费
HPS6U306	结肠癌姑息性切除术+短路术	HPS73308	结肠癌姑息切除术+短路	331003021	结肠癌扩大根治术	手术费	手术收入	3.治疗类：(10)手术治疗费
HPS6U307	全结肠切除吻合术	HPS75301	全结肠切除吻合术	331003018	全结肠切除吻合术	手术费	手术收入	3.治疗类：(10)手术治疗费
HPS6U501	经腹腔镜先天性巨结肠切除术	HPS73501	经腹腔镜先天性巨结肠切除术	331003019	先天性巨结肠切除术	手术费	手术收入	3.治疗类：(10)手术治疗费
HPS6U502	经腹腔镜结肠区段切除术	HPS73302	结肠曲段切除术	331003007	肠切除术	手术费	手术收入	3.治疗类：(10)手术治疗费
HPS6U601	经肛门腔镜结肠肿瘤切除术(TAMIS)					手术费	手术收入	3.治疗类：(10)手术治疗费
		HPS72601	经纤维内镜结肠息肉微波切除术			手术费	手术收入	3.治疗类：(10)手术治疗费
		HPS72602	经电子内镜结肠息肉微波切除术			手术费	手术收入	3.治疗类：(10)手术治疗费
HPS6U602 经内镜结肠息肉切除术全国医疗服务项目技术规范(2023年版）		全国医疗服务价格项目规范(2012年版)		全国医疗服务价格项目规范(2001年版)		收费票据分类	会计科目分类	病案首页费用分类
		HPS72603	经纤维内镜结肠息肉激光切除术			手术费	手术收入	3.治疗类：(10)手术治疗费
		HPS72604	经电子内镜结肠息肉激光切除术			手术费	手术收入	3.治疗类：(10)手术治疗费
		HPS73602	经纤维内镜结肠息肉高频电凝切除术			手术费	手术收入	3.治疗类：(10)手术治疗费
		HPS73603	经电子内镜结肠息肉高频电凝切除术			手术费	手术收入	3.治疗类：(10)手术治疗费
		HPS73604	经电子内镜结肠息肉吸引圈套切除术			手术费	手术收入	3.治疗类：(10)手术治疗费
				310903010	经肠镜特殊治疗	手术费	手术收入	3.治疗类：(10)手术治疗费
HPS6U603	经内镜结肠黏膜切除术(EMR)					手术费	手术收入	3.治疗类：(10)手术治疗费
HPS6W301	完整结肠系膜切除术(CME)					手术费	手术收入	3.治疗类：(10)手术治疗费
HPS6W501	经腹腔镜全结肠切除术					手术费	手术收入	3.治疗类：(10)手术治疗费
HPS6W502	经腹腔镜完整结肠系膜切除术(LA-CME)					手术费	手术收入	3.治疗类：(10)手术治疗费
HPS6X301	会阴先天性巨结肠根治术	HPS73304	经腹先天性巨结肠根治术			手术费	手术收入	3.治疗类：(10)手术治疗费
HPS6X302	结肠癌根治性切除术	HPS77301	根治性结肠癌切除术	331003020	结肠癌根治术	手术费	手术收入	3.治疗类：(10)手术治疗费
HPS6X303	结肠癌扩大根治性切除术	HPS77302	扩大根治性结肠癌切除术	331003021	结肠癌扩大根治术	手术费	手术收入	3.治疗类：(10)手术治疗费
HPS6X401	小儿经肛门先天性巨结肠改良根治术	HPS73401	经肛门先天性巨结肠改良根治术	331003019	先天性巨结肠切除术	手术费	手术收入	3.治疗类：(10)手术治疗费
HPS6X501	经腹腔镜结肠癌根治性切除术	HPS77501	经腹腔镜结肠癌根治术			手术费	手术收入	3.治疗类：(10)手术治疗费
HPS6X801	小儿经腹经肛门先天性巨结肠改良根治术	HPS73801	经腹经肛门先天性巨结肠改良根治术	331003019	先天性巨结肠切除术	手术费	手术收入	3.治疗类：(10)手术治疗费
HPS6X802	小儿经腹腔镜经肛门先天性巨结肠改良根治术	HPS73802	经腹腔镜经肛门先天性巨结肠改良根治术			手术费	手术收入	3.治疗类：(10)手术治疗费
HPS7N601	经内镜结肠息肉毁损术	HPS72605	经纤维内镜结肠息肉氩离子凝固术			手术费	手术收入	3.治疗类：(10)手术治疗费
		HPS72606	经电子内镜结肠息肉氩离子凝固术			手术费	手术收入	3.治疗类：(10)手术治疗费
HPS7P301	结肠-阴道瘘修补术					手术费	手术收入	3.治疗类：(10)手术治疗费
HPS7P501	经腹腔镜结肠裂伤修补术					手术费	手术收入	3.治疗类：(10)手术治疗费
HPT7M301	乙状结肠悬吊术	HPT71301	乙状结肠悬吊术	331003015	乙状结肠悬吊术	手术费	手术收入	3.治疗类：(10)手术治疗费
HPT7M501	经腹腔镜乙状结肠悬吊术	HPT71501	经腹腔镜乙状结肠悬吊术			手术费	手术收入	3.治疗类：(10)手术治疗费
HPU	直肠							
HPU6R301	直肠血肿清创引流术					手术费	手术收入	3.治疗类：(10)手术治疗费
HPU6R401	直肠肛门周围脓肿切开引流术	HPU45301	直肠肛门周围脓肿切开引流术	331004009	直肠肛门周围脓肿切开排脓术	手术费	手术收入	3.治疗类：(10)手术治疗费
HPU6R501	经腹腔镜直肠血肿清创引流术					手术费	手术收入	3.治疗类：(10)手术治疗费
HPU6T401	经肛门直肠脱垂手术(delorem手术)	HPU71402	经肛门直肠脱垂手术(delorem手术)	331004016	经肛门直肠脱垂手术	手术费	手术收入	3.治疗类：(10)手术治疗费
HPU6U301	直肠良性肿物切除术			331004002	直肠良性肿物切除术	手术费	手术收入	3.治疗类：(10)手术治疗费
HPU6U302	经骶经肛门括约肌直肠病损切除术					手术费	手术收入	3.治疗类：(10)手术治疗费
HPU6U303	直肠部分切除术					手术费	手术收入	3.治疗类：(10)手术治疗费
HPU6U401	经肛门直肠切除术					手术费	手术收入	3.治疗类：(10)手术治疗费
HPU6U501	经腹腔镜直肠部分切除术					手术费	手术收入	3.治疗类：(10)手术治疗费
HPU6U502	经腹腔镜直肠癌类NOSES术					手术费	手术收入	3.治疗类：(10)手术治疗费
HPU6U601	结直肠病变氩离子切除术					手术费	手术收入	3.治疗类：(10)手术治疗费
HPU6U602	经内镜结直肠病变高频电切术	HPU73605	经内镜直肠良性肿物电凝切除术			手术费	手术收入	3.治疗类：(10)手术治疗费
HPU6U603	经内镜直肠肿物切除术	HPU73602	经内镜直肠良性肿物切除术	331004003	经内镜直肠良性肿物切除术	手术费	手术收入	3.治疗类：(10)手术治疗费
HPU6W301	残余直肠肛管切除术					手术费	手术收入	3.治疗类：(10)手术治疗费
HPU6W302	直肠癌经肛全直肠系膜切除术(TaTME)					手术费	手术收入	3.治疗类：(10)手术治疗费
HPU6W501	经腹腔镜全直肠系膜切除术(TME)					手术费	手术收入	3.治疗类：(10)手术治疗费
HPU6W601	经肛门腔镜直肠肿瘤切除术(TEM)					手术费	手术收入	3.治疗类：(10)手术治疗费
HPU6X301	直肠癌根治性切除术	HPU77301	直肠癌根治术(Dixon手术)	331004012	经腹直肠癌根治术(Dixon手术)	手术费	手术收入	3.治疗类：(10)手术治疗费
HPU6X302	超低位直肠癌根治性切除术	HPU77302	超低位直肠癌根治术			手术费	手术收入	3.治疗类：(10)手术治疗费
HPU6X303	经骶尾部直肠癌根治性切除术	HPU77303	经骶尾部直肠癌根治术	331004010	经骶尾部直肠癌切除术	手术费	手术收入	3.治疗类：(10)手术治疗费
HPU6X304	拖出式直肠癌根治性切除术	HPU77304	拖出式直肠癌根治术			手术费	手术收入	3.治疗类：(10)手术治疗费
HPU6X305	直肠癌扩大根治性切除术	HPU77305	扩大根治性直肠癌切除术	331004013	直肠癌扩大根治术	手术费	手术收入	3.治疗类：(10)手术治疗费
HPU6X306	腹会阴直肠癌根治性切除术(Miles/ELAPE)	HPU77801	经腹会阴直肠癌根治术(Miles手术)	331004011	经腹会阴直肠癌根治术(Miles手术)	手术费	手术收入	3.治疗类：(10)手术治疗费
HPU6X501	经腹腔镜直肠癌根治性切除术	HPU77501	经腹腔镜直肠癌根治术(Dixon手术)	331004012	经腹直肠癌根治术(Dixon手术)	手术费	手术收入	3.治疗类：(10)手术治疗费
HPU6X502	经腹腔镜超低位直肠癌根治性切除术	HPU77502	经腹腔镜超低位直肠癌根治术			手术费	手术收入	3.治疗类：(10)手术治疗费
HPU6X503	经腹腔镜直肠癌扩大根治性切除术					手术费	手术收入	3.治疗类：(10)手术治疗费
HPU6X801	经腹腔镜腹会阴直肠癌根治性切除术(Miles/ELAPE)	HPU77802	经腹腔镜会阴直肠癌根治术(Miles手术)			手术费	手术收入	3.治疗类：(10)手术治疗费
HPU7C301	耻骨直肠肌松解术	HPU57301	耻骨直肠肌松解术	331004017	耻骨直肠肌松解术	手术费	手术收入	3.治疗类：(10)手术治疗费
HPU7F701	直肠黏膜紧缩术					手术费	手术收入	3.治疗类：(10)手术治疗费
HPU7M301	直肠脱垂悬吊术	HPU71301	直肠脱垂悬吊术	331004015	直肠脱垂悬吊术	手术费	手术收入	3.治疗类：(10)手术治疗费
HPU7M302	直肠悬吊术					手术费	手术收入	3.治疗类：(10)手术治疗费
HPU7M401	经肛门直肠黏膜环切钉合术(PPH)	HPU71401	经肛门直肠黏膜环切钉合术(PPH)			手术费	手术收入	3.治疗类：(10)手术治疗费
HPU7M501	经腹腔镜直肠悬吊术					手术费	手术收入	3.治疗类：(10)手术治疗费
HPU7N601	经内镜结直肠病变微波切除术	HPB73603	经纤维内镜食管胃十二指肠息肉微波切除术			手术费	手术收入	3.治疗类：(10)手术治疗费
HPU7N602	经内镜结直肠病变激光切除术	HPB73605	经纤维内镜食管胃十二指肠息肉激光切除术			手术费	手术收入	3.治疗类：(10)手术治疗费
		HPU73603	经内镜直肠良性肿物激光切除术	331004003	经内镜直肠良性肿物切除术	手术费	手术收入	3.治疗类：(10)手术治疗费
				310902006	经胃镜特殊治疗	手术费	手术收入	3.治疗类：(10)手术治疗费
HPU7P301	小儿感染性直肠前庭瘘修补术	HPU83301	感染性直肠前庭瘘修补术	331004030	会阴成形直肠前庭瘘修补术	手术费	手术收入	3.治疗类：(10)手术治疗费
HPU7P302	直肠裂伤修补术					手术费	手术收入	3.治疗类：(10)手术治疗费
HPU7P303	坐骨直肠窝疝修补术					手术费	手术收入	3.治疗类：(10)手术治疗费
HPU7P501	经腹腔镜直肠裂伤修补术					手术费	手术收入	3.治疗类：(10)手术治疗费
HPU7Q301	直肠癌Miles术盆腔腹膜重建术					手术费	手术收入	3.治疗类：(10)手术治疗费
				331004005	直肠后间隙切开术	手术费	手术收入	3.治疗类：(10)手术治疗费
HPV	肛门							
HPV6K401	人工肛门括约肌植入术					手术费	手术收入	3.治疗类：(10)手术治疗费
HPV6P301	血栓性外痔切开取栓术	HPV65301	血栓性外痔切开取栓术	460000005	血栓性外痔切除术	手术费	手术收入	3.治疗类：(10)手术治疗费
HPV6P401	人工肛门括约肌取出术					手术费	手术收入	3.治疗类：(10)手术治疗费
HPV6S301	低位肛瘘切开术	HPV50301	低位肛瘘切开术	331004020	肛周常见疾病手术治疗	手术费	手术收入	3.治疗类：(10)手术治疗费
HPV6S302	肛门内括约肌侧切术	HPV58301	肛门内括约肌侧切术	331004025	肛门内括约肌侧切术	手术费	手术收入	3.治疗类：(10)手术治疗费
HPV6T301	肛门后正中括约肌切断术	HPV58302	肛门后正中括约肌切断术			手术费	手术收入	3.治疗类：(10)手术治疗费
HPV6U301	肛裂切除术	HPV73304	肛裂切除术	331004020	肛周常见疾病手术治疗	手术费	手术收入	3.治疗类：(10)手术治疗费
HPV6U302	肛裂纵切横缝术	HPV73305	肛裂纵切横缝术			手术费	手术收入	3.治疗类：(10)手术治疗费
HPV6U303	低位肛瘘切除术	HPV73301	低位肛瘘切除术	331004021	低位肛瘘切除术	手术费	手术收入	3.治疗类：(10)手术治疗费
HPV6U304	高位肛瘘切除术	HPV73302	高位肛瘘切除术	331004022	高位肛瘘切除术	手术费	手术收入	3.治疗类：(10)手术治疗费
HPV6U305	复杂肛瘘切除术	HPV73303	复杂肛瘘切除术			手术费	手术收入	3.治疗类：(10)手术治疗费
HPV6U306	内痔环切术	HPV73307	内痔环切术	331004024	内痔环切术	手术费	手术收入	3.治疗类：(10)手术治疗费
HPV6U307	外痔切除术	HPV73306	外痔切除术	460000005	血栓性外痔切除术	手术费	手术收入	3.治疗类：(10)手术治疗费
HPV7F301	肛门环行缩窄术	HPV81301	肛门环行缩窄术	331004018	直肠粘膜环切术	手术费	手术收入	3.治疗类：(10)手术治疗费
HPV7N601	经肛门镜直肠肛门冷冻治疗	HPU72601	经肛门镜直肠肛门冷冻治疗	310904006	直肠肛门特殊治疗	手术费	手术收入	3.治疗类：(10)手术治疗费
HPV7N602	经肛门镜直肠病变微波治疗	HPU72602	经肛门镜直肠肛门微波治疗			手术费	手术收入	3.治疗类：(10)手术治疗费
HPV7N603	经肛门镜直肠病变激光治疗	HPU72603	经肛门镜直肠肛门激光治疗			手术费	手术收入	3.治疗类：(10)手术治疗费
				310904007	肛门皮下组织美兰注射神经阻滞术	手术费	手术收入	3.治疗类：(10)手术治疗费
HPV7P301	肛管成形术	HPV83305	肛管成形术	331004019	肛管缺损修补术	手术费	手术收入	3.治疗类：(10)手术治疗费
HPV7P302	肛门成形术	HPV83301	肛门成形术	331004026	肛门成形术	手术费	手术收入	3.治疗类：(10)手术治疗费
HPV7P303	尾路肛门成形术	HPV83302	尾路肛门成形术	331004028	尾路肛门成形术	手术费	手术收入	3.治疗类：(10)手术治疗费
HPV7P304	先天性肛门闭锁尾路肛门成形术(Pena手术)	HPV83303	先天性肛门闭锁尾路肛门成形术(pena手术)			手术费	手术收入	3.治疗类：(10)手术治疗费
HPV7P305	先天性肛门闭锁肛门后切成形术	HPV83304	先天性肛门闭锁肛门后切成形术			手术费	手术收入	3.治疗类：(10)手术治疗费
HPV7P306	瘢痕性肛门狭窄矫治术	HPV83306	肛门狭窄矫治术			手术费	手术收入	3.治疗类：(10)手术治疗费
HPV7P307	瘢痕性肛门狭窄肛门括约肌修复术	HPV83307	肛门括约肌修复术			手术费	手术收入	3.治疗类：(10)手术治疗费
HPV7P401	直肠肛门裂伤修补术					手术费	手术收入	3.治疗类：(10)手术治疗费
HPV7P402	肛门直肠括约肌成形术	HPV89303	股薄肌肌瓣转移肛门括约肌成形术	331004032	肛门括约肌再造术	手术费	手术收入	3.治疗类：(10)手术治疗费
HPV7P501	经腹腔镜先天性肛门闭锁腹会阴肛门成形术	HPV89501	经腹腔镜先天性肛门闭锁尾路肛门成形术(pena手术)			手术费	手术收入	3.治疗类：(10)手术治疗费
HPV7Q301	肛管皮肤移植术	HPV89301	肛管皮肤移植术	331004033	肛管皮肤移植术	手术费	手术收入	3.治疗类：(10)手术治疗费
HPV7Q302	先天性一穴肛矫治术	HPV89302	先天性一穴肛矫治术	331004031	先天一穴肛矫治术	手术费	手术收入	3.治疗类：(10)手术治疗费
HPV7Q303	局部皮瓣肛门再造术	HPV89304	局部皮瓣肛门再造术			手术费	手术收入	3.治疗类：(10)手术治疗费
HPW	7.肛周							
HPW6U301	骶尾部瘘道切除术	HPW73307	骶尾部瘘道切除术			手术费	手术收入	3.治疗类：(10)手术治疗费
HPW6U302	肛周表浅肿物切除术	HPW73301	肛周表浅肿物切除术	460000008	肛周脓肿一次性根治术	手术费	手术收入	3.治疗类：(10)手术治疗费
HPW6U303	肛周表浅肿物激光切除术	HPW73302	肛周表浅肿物激光切除术			手术费	手术收入	3.治疗类：(10)手术治疗费
HPW6U304	肛周表浅肿物电凝切除术	HPW73303	肛周表浅肿物电凝切除术			手术费	手术收入	3.治疗类：(10)手术治疗费
HPW6U305	肛周表浅肿物套扎切除术	HPW73304	肛周表浅肿物套扎切除术			手术费	手术收入	3.治疗类：(10)手术治疗费
HPW6U306	低位肛周窦道切除术	HPW73305	低位肛周窦道切除术	331004021	低位肛瘘切除术	手术费	手术收入	3.治疗类：(10)手术治疗费
HPW6U307	肛周尖锐湿疣切除术	HPW73306	肛周尖锐湿疣切除术			手术费	手术收入	3.治疗类：(10)手术治疗费
HPW7Q301	肛周尖锐湿疣切除皮瓣转移术	HPW89301	肛周尖锐湿疣切除皮瓣转移术			手术费	手术收入	3.治疗类：(10)手术治疗费
HQA-HQD	8.肝							
HQA6A301	尸体供肝修整术	HQA41301	尸体供肝修整术			手术费	手术收入	3.治疗类：(10)手术治疗费
HQA6A302	尸体供肝劈离式修整术	HQA41302	尸体供肝劈离式修整术			手术费	手术收入	3.治疗类：(10)手术治疗费
HQA6A303	尸体供肝减体积式修整术	HQA41303	尸体供肝减体积式修整术			手术费	手术收入	3.治疗类：(10)手术治疗费
HQA6B301	开腹肝囊肿药物注射治疗	HQA48301	开腹肝囊肿药物注射治疗	310905009	肝囊肿硬化剂注射治疗	手术费	手术收入	3.治疗类：(10)手术治疗费
HQA6B501	经腹腔镜肝囊肿药物注射治疗	HQA48501	经腹腔镜肝囊肿药物注射治疗			手术费	手术收入	3.治疗类：(10)手术治疗费
HQA6D301	开腹肝活检术	FQA07301	开腹肝活检术	331005002	开腹肝活检术	手术费	手术收入	3.治疗类：(10)手术治疗费
HQA6D501	经腹腔镜肝活检术	FQA07601	经腹腔镜肝活检术			手术费	手术收入	3.治疗类：(10)手术治疗费
HQA6F101	经皮穿刺肝脏创伤栓塞止血术	HQA46101	经皮肝脏创伤止血治疗			手术费	手术收入	3.治疗类：(10)手术治疗费
HQA6K301	肝脏肿物放化疗粒子置入术	HQA62301	肝脏肿物放化疗粒子置入术	331005010	开腹恶性肿瘤特殊治疗	手术费	手术收入	3.治疗类：(10)手术治疗费
HQA6K501	经腹腔镜肝脏肿物放疗化疗粒子置入术	HQA62501	经腹腔镜肝脏肿物放疗化疗粒子置入术			手术费	手术收入	3.治疗类：(10)手术治疗费
HQA6P301	肝实质切开取石术	HQA65301	肝实质切开取石术	331005024	肝实质切开取石术	手术费	手术收入	3.治疗类：(10)手术治疗费
HQA6P302	肝内异物取出术	HQA65302	肝内异物取出术	331005023	肝内异物取出术	手术费	手术收入	3.治疗类：(10)手术治疗费
HQA6P303	肝包虫内囊摘除术	HQA65303	肝包虫内囊摘除术	331005004	肝包虫内囊摘除术	手术费	手术收入	3.治疗类：(10)手术治疗费
HQA6P501	经腹腔镜肝实质切开取石术					手术费	手术收入	3.治疗类：(10)手术治疗费
HQA6R301	肝脓肿切开引流术	HQA45301	肝脓肿切开引流术	331602001	脓肿切开引流术	手术费	手术收入	3.治疗类：(10)手术治疗费
HQA6R302	肝外伤后血肿清创引流术	HQA45302	肝外伤后血肿清创引流术			手术费	手术收入	3.治疗类：(10)手术治疗费
HQA6R303	开腹肝脓肿置管引流术	HQA45303	开腹肝脓肿置管引流术	331008009	开腹腹腔内脓肿引流术	手术费	手术收入	3.治疗类：(10)手术治疗费
HQA6R501	经腹腔镜肝外伤后血肿清创引流术	HQA45501	经腹腔镜肝外伤后血肿清创引流术			手术费	手术收入	3.治疗类：(10)手术治疗费
HQA6R502	经腹腔镜肝脓肿置管引流术	HQA45502	经腹腔镜肝脓肿置管引流术			手术费	手术收入	3.治疗类：(10)手术治疗费
HQA6R503	经腹腔镜肝脓肿切开引流术	HQA45503	经腹腔镜肝脓肿切开引流术	331005003	经腹腔镜肝脓肿引流术	手术费	手术收入	3.治疗类：(10)手术治疗费
HQA6S301	肝囊肿开窗术	HQA73303	肝囊肿开窗术	331005006	肝内病灶清除术	手术费	手术收入	3.治疗类：(10)手术治疗费
HQA6S501	经腹腔镜肝囊肿开窗术	HQA73503	经腹腔镜肝囊肿开窗术			手术费	手术收入	3.治疗类：(10)手术治疗费
HQA6U301	开腹肝包虫囊肿切除术					手术费	手术收入	3.治疗类：(10)手术治疗费
HQA6U302	肝部分切除术	HQA73302	肝部分切除术	331005013	肝部分切除术	手术费	手术收入	3.治疗类：(10)手术治疗费
HQA6U303	左半肝切除术	HQA73306	左半肝切除术	331005015	半肝切除术	手术费	手术收入	3.治疗类：(10)手术治疗费
HQA6U304	肝癌肝部分切除术	HQA73311	肝癌肝部分切除术	331005007	肝癌切除术	手术费	手术收入	3.治疗类：(10)手术治疗费
HQA6U305	肝段切除术	HQA73309	肝段切除术			手术费	手术收入	3.治疗类：(10)手术治疗费
HQA6U306	联合肝段切除术	HQA73310	联合肝段切除术			手术费	手术收入	3.治疗类：(10)手术治疗费
HQA6U307	肝右三叶切除术	HQA73307	肝右三叶切除术	331005016	肝三叶切除术	手术费	手术收入	3.治疗类：(10)手术治疗费
HQA6U308	肝左三叶切除术	HQA73305	肝左三叶切除术			手术费	手术收入	3.治疗类：(10)手术治疗费
HQA6U309	肝左外叶切除术	HQA73304	肝左外叶切除术	331005014	肝左外叶切除术	手术费	手术收入	3.治疗类：(10)手术治疗费
HQA6U310	右半肝切除术	HQA73308	右半肝切除术	331005015	半肝切除术	手术费	手术收入	3.治疗类：(10)手术治疗费
HQA6U501	经腹腔镜肝包虫囊肿切除术					手术费	手术收入	3.治疗类：(10)手术治疗费
HQA6U502	经腹腔镜肝部分切除术	HQA73501	经腹腔镜肝部分切除术			手术费	手术收入	3.治疗类：(10)手术治疗费
HQA6U503	经腹腔镜肝囊肿切除术	HQA73502	经腹腔镜肝囊肿切除术	331005005	经腹腔镜肝囊肿切除术	手术费	手术收入	3.治疗类：(10)手术治疗费
HQA6U504	经腹腔镜肝段切除术	HQA73507	经腹腔镜肝段切除术			手术费	手术收入	3.治疗类：(10)手术治疗费
HQA6U505	经腹腔镜联合肝段切除术	HQA73508	经腹腔镜联合肝段切除术			手术费	手术收入	3.治疗类：(10)手术治疗费
HQA6U506	经腹腔镜肝左外叶切除术	HQA73504	经腹腔镜肝左外叶切除术			手术费	手术收入	3.治疗类：(10)手术治疗费
HQA6U507	经腹腔镜右半肝切除术	HQA73506	经腹腔镜右半肝切除术	331005015	半肝切除术	手术费	手术收入	3.治疗类：(10)手术治疗费
HQA6U508	经腹腔镜左半肝切除术	HQA73505	经腹腔镜左半肝切除术			手术费	手术收入	3.治疗类：(10)手术治疗费
HQA7N101	经皮肝脏肿物激光消融术	HQA72102	经皮肝脏肿物激光消融术	310905005	经皮穿刺肝肿物特殊治疗	手术费	手术收入	3.治疗类：(10)手术治疗费
HQA7N102	经皮肝脏肿物微波消融术	HQA72103	经皮肝脏肿物微波消融术			手术费	手术收入	3.治疗类：(10)手术治疗费
HQA7N103	经皮肝脏肿物冷冻消融术	HQA72105	经皮肝脏肿物冷冻消融术			手术费	手术收入	3.治疗类：(10)手术治疗费
HQA7N301	肝脏肿物药物注射消融术	HQA72301	肝脏肿物药物注射消融术			手术费	手术收入	3.治疗类：(10)手术治疗费
HQA7N302	肝脏肿物激光消融术	HQA72302	肝脏肿物激光消融术			手术费	手术收入	3.治疗类：(10)手术治疗费
HQA7N303	肝脏肿物微波消融术	HQA72303	肝脏肿物微波消融术			手术费	手术收入	3.治疗类：(10)手术治疗费
HQA7N304	肝脏肿物射频消融术	HQA72304	肝脏肿物射频消融术			手术费	手术收入	3.治疗类：(10)手术治疗费
HQA7N305	肝脏肿物冷冻消融术	HQA72305	肝脏肿物冷冻消融术			手术费	手术收入	3.治疗类：(10)手术治疗费
HQA7N501	经腹腔镜肝脏肿物药物注射消融术	HQA72501	经腹腔镜肝脏肿物药物注射消融术			手术费	手术收入	3.治疗类：(10)手术治疗费
HQA7N502	经腹腔镜肝脏肿物激光消融术	HQA72502	经腹腔镜肝脏肿物激光消融术			手术费	手术收入	3.治疗类：(10)手术治疗费
HQA7N503	经腹腔镜肝脏肿物微波消融术	HQA72503	经腹腔镜肝脏肿物微波消融术			手术费	手术收入	3.治疗类：(10)手术治疗费
HQA7N504	经腹腔镜肝脏肿物射频消融术	HQA72504	经腹腔镜肝脏肿物射频消融术			手术费	手术收入	3.治疗类：(10)手术治疗费
HQA7N505	经腹腔镜肝脏肿物冷冻消融术	HQA72505	经腹腔镜肝脏肿物冷冻消融术			手术费	手术收入	3.治疗类：(10)手术治疗费
HQA7P301	肝损伤清创修补术	HQA73301	肝损伤清创修补术	331005001	肝损伤清创修补术	手术费	手术收入	3.治疗类：(10)手术治疗费
		HQA46301	肝损伤填塞止血术			手术费	手术收入	3.治疗类：(10)手术治疗费
HQA7S301	活体供肝获取术	HQA60302	活体供肝获取术	331005017	异体供肝切除术	手术费	手术收入	3.治疗类：(10)手术治疗费
HQA7S501	经腹腔镜活体供肝获取术					手术费	手术收入	3.治疗类：(10)手术治疗费
HQA7T301	体外肝肿瘤切除回植术					手术费	手术收入	3.治疗类：(10)手术治疗费
HQA7T302	原位肝移植术	HQA90301	原位肝移植术	331005018	肝移植术	手术费	手术收入	3.治疗类：(10)手术治疗费
HQA7T303	部分供肝原位肝移植术	HQA90302	部分供肝原位肝移植术			手术费	手术收入	3.治疗类：(10)手术治疗费
HQA7T304	双供肝原位肝移植术	HQA90303	双供肝原位肝移植术			手术费	手术收入	3.治疗类：(10)手术治疗费
HQA7T305	原位辅助肝移植术	HQA90304	原位辅助肝移植术			手术费	手术收入	3.治疗类：(10)手术治疗费
HQA7T306	移植肝切除再移植术	HQA90305	移植肝切除再移植术	331005019	移植肝切除术+再移植术	手术费	手术收入	3.治疗类：(10)手术治疗费
HQA7T307	肝肾联合移植术					手术费	手术收入	3.治疗类：(10)手术治疗费
HQB6U301	肝方叶切除术	HQB73301	肝方叶切除术			手术费	手术收入	3.治疗类：(10)手术治疗费
HQB6U302	肝尾状叶切除术	HQB73303	肝尾状叶切除术			手术费	手术收入	3.治疗类：(10)手术治疗费
HQB6U303	中肝叶切除术	HQB73302	中肝叶切除术			手术费	手术收入	3.治疗类：(10)手术治疗费
HQB6U501	经腹腔镜肝方叶切除术	HQB73501	经腹腔镜肝方叶切除术			手术费	手术收入	3.治疗类：(10)手术治疗费
HQB6U502	经腹腔镜肝尾状叶切除术	HQB73503	经腹腔镜肝尾状叶切除术			手术费	手术收入	3.治疗类：(10)手术治疗费
HQB6U503	经腹腔镜中肝叶切除术	HQB73502	经腹腔镜中肝叶切除术			手术费	手术收入	3.治疗类：(10)手术治疗费
HQB6X301	肝癌根治性肝叶切除术	HQB77301	根治性肝癌肝叶切除术	331005007	肝癌切除术	手术费	手术收入	3.治疗类：(10)手术治疗费
HQC6K301	肝门部肿物支架置入内引流术	HQC45302	肝门部肿物支架置入内引流术			手术费	手术收入	3.治疗类：(10)手术治疗费
HQC6R301	肝门部肿物支架管外引流术	HQC45301	肝门部肿物支架管外引流术	331005021	肝门部肿瘤支架管外引流术	手术费	手术收入	3.治疗类：(10)手术治疗费
HQC7K301	胆道闭锁肝门空肠吻合术(Kasai手术)	HQC83301	先天胆道闭锁肝门空肠Roux-y成形术	331006018	先天胆道闭锁肝空肠Roux-y成形术(即葛西氏术)	手术费	手术收入	3.治疗类：(10)手术治疗费
HQD6P301	肝血管瘤包膜外剥除术	HQA65304	肝血管瘤包膜外剥除术	331005025	肝血管瘤包膜外剥脱术	手术费	手术收入	3.治疗类：(10)手术治疗费
HQD6U501	经腹腔镜肝血管瘤切除术					手术费	手术收入	3.治疗类：(10)手术治疗费
HQD7D301	肝血管瘤硬化剂注射栓塞术	HQD59301	肝血管瘤硬化剂注射栓塞术			手术费	手术收入	3.治疗类：(10)手术治疗费
HQD7D302	肝血管瘤缝扎术	HQD83302	肝血管瘤缝扎术	331005026	肝血管瘤缝扎术	手术费	手术收入	3.治疗类：(10)手术治疗费
HQD7P301	肝损伤血管修补术	HQD83301	肝损伤血管修补术			手术费	手术收入	3.治疗类：(10)手术治疗费
HQE-HQM	9.胆							
HQE6D301	术中胆道内病变活检术	FQE07301	术中胆道内病变活检术			手术费	手术收入	3.治疗类：(10)手术治疗费
HQE6E801	开腹胆道镜探查	FQE01601	开腹胆道镜检查			手术费	手术收入	3.治疗类：(10)手术治疗费
HQE6K301	胆管内支架置入术			310905022	胆道支架置入术	手术费	手术收入	3.治疗类：(10)手术治疗费
HQE6N301	胆管内支架取出术					手术费	手术收入	3.治疗类：(10)手术治疗费
HQE6P101	经皮经肝胆道碎石术					手术费	手术收入	3.治疗类：(10)手术治疗费
HQE6P301	胆管异物取出术	HQE65301	胆管异物取出术			手术费	手术收入	3.治疗类：(10)手术治疗费
HQE6P501	经皮经肝胆道镜取石术	HQE65501	经皮经肝胆道镜取石术	310905016	经皮经肝胆道镜取石术	手术费	手术收入	3.治疗类：(10)手术治疗费
HQE6P502	经腹腔镜胆管异物取出术	HQE65503	经腹腔镜胆管异物取出术			手术费	手术收入	3.治疗类：(10)手术治疗费
HQE6P601	经瘘管胆道镜异物取出术	HQE65601	经瘘管胆道镜异物取出术	310905013	经胆道镜瘘管取石术	手术费	手术收入	3.治疗类：(10)手术治疗费
HQE6P602	经瘘道经胆道镜碎石术					手术费	手术收入	3.治疗类：(10)手术治疗费
HQE6P603	经内镜胆管机械碎石取石术	HQE65602	经电子内镜胆管机械碎石取石术	310903003	经十二指肠镜胆道结石取出术	手术费	手术收入	3.治疗类：(10)手术治疗费
HQE6P604	经内镜胆管结石激光碎石取石术	HQE65603	经电子内镜胆管结石激光碎石取石术			手术费	手术收入	3.治疗类：(10)手术治疗费
HQE6P801	开腹经胆道镜碎石术					手术费	手术收入	3.治疗类：(10)手术治疗费
HQE6U301	肝门部良性胆管狭窄切除术	HQE73302	肝门部良性胆管狭窄切除术			手术费	手术收入	3.治疗类：(10)手术治疗费
				310905017	经皮经肝胆道镜胆管狭窄内瘘术	手术费	手术收入	3.治疗类：(10)手术治疗费
		HQE73303	肝门部高位胆管切除术	331006006	肝门部胆管病变切除术	手术费	手术收入	3.治疗类：(10)手术治疗费
		HQE73304	再次手术肝外胆管病变切除术			手术费	手术收入	3.治疗类：(10)手术治疗费
HQE6U302	肝外良性胆管狭窄切除胆总管对端吻合术	HQE73301	肝外良性胆管狭窄切除胆总管对端吻合术	331006006	肝门部胆管病变切除术	手术费	手术收入	3.治疗类：(10)手术治疗费
HQE6X301	肝门部胆管癌根治性切除术	HQE77301	肝门部胆管癌根治术	331006004	高位胆管癌根治术	手术费	手术收入	3.治疗类：(10)手术治疗费
HQE6X302	肝门部胆管癌扩大根治性切除术	HQE77302	肝门部胆管癌扩大根治术			手术费	手术收入	3.治疗类：(10)手术治疗费
HQE7E501	经胆道镜胆管球囊扩张术					手术费	手术收入	3.治疗类：(10)手术治疗费
HQE7K301	肝胆管整形胆肠吻合术					手术费	手术收入	3.治疗类：(10)手术治疗费
HQE7P301	矩形黏膜瓣防返流术	HQE83302	矩形黏膜瓣防返流术			手术费	手术收入	3.治疗类：(10)手术治疗费
HQE7P302	空肠间置代胆道防返流术	HQE86301	空肠间置代胆道防返流术	331006010	先天性胆总管囊肿切除胆道成形术	手术费	手术收入	3.治疗类：(10)手术治疗费
HQE7P303	胆管修补成形术	HQE83301	胆管修补成形术	331006008	胆管修补成形术	手术费	手术收入	3.治疗类：(10)手术治疗费
HQF6R301	肝内胆管U形管引流术	HQF45301	肝内胆管U形管引流术	331005022	肝内胆管U形管引流术	手术费	手术收入	3.治疗类：(10)手术治疗费
HQF6X301	门静脉受累肝门部胆管癌扩大根治性切除术	HQE77303	门静脉受累肝门部胆管癌扩大根治术			手术费	手术收入	3.治疗类：(10)手术治疗费
HQF6X302	肝动脉受累肝门部胆管癌扩大根治性切除术	HQE77304	肝动脉受累肝门部胆管癌扩大根治术			手术费	手术收入	3.治疗类：(10)手术治疗费
HQF6X501	经腹腔镜肝门部胆管癌根治性切除术					手术费	手术收入	3.治疗类：(10)手术治疗费
HQH7D101	经皮肝管栓塞术	HQH59101	经皮肝管栓塞术	331005012	开腹肝管栓塞术	手术费	手术收入	3.治疗类：(10)手术治疗费
HQH7D301	肝管栓塞术	HQH59301	肝管栓塞术			手术费	手术收入	3.治疗类：(10)手术治疗费
HQH7D501	经腹腔镜肝管栓塞术	HQH59501	经腹腔镜肝管栓塞术			手术费	手术收入	3.治疗类：(10)手术治疗费
HQH7P301	带蒂肠片肝管修补成形术					手术费	手术收入	3.治疗类：(10)手术治疗费
HQH7P302	肝管成形术					手术费	手术收入	3.治疗类：(10)手术治疗费
HQJ7P301	肝总管修补术					手术费	手术收入	3.治疗类：(10)手术治疗费
HQK6P101	经皮经肝胆囊穿刺超声碎石取石术	HQK65101	经皮经肝胆囊穿刺超声碎石取石术	310905015	经皮胆囊超声碎石取石术	手术费	手术收入	3.治疗类：(10)手术治疗费
HQK6P102	经皮经肝胆囊穿刺激光碎石取石术	HQK65102	经皮经肝胆囊穿刺激光碎石取石术			手术费	手术收入	3.治疗类：(10)手术治疗费
HQK6P301	胆囊切开取石术	HQK65301	胆囊切开取石术	331006017	开腹经胆道镜取石术	手术费	手术收入	3.治疗类：(10)手术治疗费
HQK6P501	经腹腔镜胆囊切开取石术	HQK65501	经腹腔镜胆囊切开取石术			手术费	手术收入	3.治疗类：(10)手术治疗费
HQK6P502	经皮经肝胆囊穿刺胆道镜胆囊结石取出术	HQK65801	经皮经肝胆囊穿刺胆道镜胆囊结石取出术	310905016	经皮经肝胆道镜取石术	手术费	手术收入	3.治疗类：(10)手术治疗费
HQK6P601	经超声内镜保胆取石术			310905014	经胆道镜胆道结石取出术	手术费	手术收入	3.治疗类：(10)手术治疗费
HQK6P602	经超声内镜经胃保胆取石术					手术费	手术收入	3.治疗类：(10)手术治疗费
HQK6P603	经内镜经乳头保胆取石术					手术费	手术收入	3.治疗类：(10)手术治疗费
HQK6R301	胆囊血肿清创引流术					手术费	手术收入	3.治疗类：(10)手术治疗费
HQK6R501	经腹腔镜胆囊血肿清创引流术					手术费	手术收入	3.治疗类：(10)手术治疗费
HQK6S301	胆囊造口术	HQK50301	胆囊造瘘术	331006003	胆囊造瘘术	手术费	手术收入	3.治疗类：(10)手术治疗费
HQK6S501	经腹腔镜胆囊造口术	HQK50501	经腹腔镜胆囊造瘘术			手术费	手术收入	3.治疗类：(10)手术治疗费
HQK6W301	胆囊切除术	HQK75301	胆囊切除术	331006002	胆囊切除术	手术费	手术收入	3.治疗类：(10)手术治疗费
HQK6W302	胆囊-空肠瘘切除术					手术费	手术收入	3.治疗类：(10)手术治疗费
HQK6W501	经腹腔镜胆囊切除术	HQK75501	经腹腔镜胆囊切除术			手术费	手术收入	3.治疗类：(10)手术治疗费
				331006019	胆管移植术	手术费	手术收入	3.治疗类：(10)手术治疗费
HQK6X301	胆囊癌根治性切除术	HQK77301	胆囊癌根治术	331006020	胆囊癌根治术	手术费	手术收入	3.治疗类：(10)手术治疗费
HQK6X302	胆囊癌扩大根治性切除术	HQK77302	胆囊癌扩大根治术			手术费	手术收入	3.治疗类：(10)手术治疗费
HQK6X501	经腹腔镜胆囊癌根治性切除术					手术费	手术收入	3.治疗类：(10)手术治疗费
HQK6X502	经腹腔镜胆囊癌扩大根治性切除术					手术费	手术收入	3.治疗类：(10)手术治疗费
HQK7K301	胆囊肠吻合术	HQK86301	胆囊肠吻合术	331006001	胆囊肠吻合术	手术费	手术收入	3.治疗类：(10)手术治疗费
HQK7K302	胆囊空肠吻合术	HQK86302	胆囊空肠Roux-y吻合术			手术费	手术收入	3.治疗类：(10)手术治疗费
HQK7K303	胆胰转流手术(BPD)	HQK86303	胆胰转流手术(BPD)			手术费	手术收入	3.治疗类：(10)手术治疗费
HQK7K501	经腹腔镜胆囊肠吻合术	HQK86501	经腹腔镜胆囊肠吻合术			手术费	手术收入	3.治疗类：(10)手术治疗费
HQK7K502	经腹腔镜胆囊空肠吻合术	HQK86502	经腹腔镜胆囊空肠Roux-y吻合术			手术费	手术收入	3.治疗类：(10)手术治疗费
HQK7P301	胆囊破裂修补术					手术费	手术收入	3.治疗类：(10)手术治疗费
HQK7P302	胆囊结肠瘘修补术					手术费	手术收入	3.治疗类：(10)手术治疗费
HQK7P303	胆囊十二指肠瘘修补术					手术费	手术收入	3.治疗类：(10)手术治疗费
HQK7P304	胆囊胃瘘修补术					手术费	手术收入	3.治疗类：(10)手术治疗费
HQK7P501	经腹腔镜胆囊破裂修补术					手术费	手术收入	3.治疗类：(10)手术治疗费
HQK7Q301	胆肠吻合口拆除重建术					手术费	手术收入	3.治疗类：(10)手术治疗费
HQM6P301	胆总管切开取石胆肠吻合术	HQM86301	胆总管切开取石+空肠Roux-y吻合术	331006005	肝胆总管切开取石+空肠Roux-y吻合术	手术费	手术收入	3.治疗类：(10)手术治疗费
HQM6R301	胆总管探查T管引流术	HQM45301	胆总管探查T管引流术	331006011	胆总管探查T管引流术	手术费	手术收入	3.治疗类：(10)手术治疗费
HQM6R302	胆总管囊肿外引流术	HQM45302	胆总管囊肿外引流术	331006009	胆总管囊肿外引流术	手术费	手术收入	3.治疗类：(10)手术治疗费
HQM6R501	经腹腔镜胆总管囊肿外引流术					手术费	手术收入	3.治疗类：(10)手术治疗费
HQM6R502	经腹腔镜胆总管探查T管引流术					手术费	手术收入	3.治疗类：(10)手术治疗费
HQM6U301	法特氏壶腹切除胆胰管十二指肠壁吻合术					手术费	手术收入	3.治疗类：(10)手术治疗费
HQM6U302	胆总管部分切除术					手术费	手术收入	3.治疗类：(10)手术治疗费
HQM6U303	先天性胰腺段胆总管囊肿切除术	HQM73302	先天性胰腺段胆总管囊肿切除术	331006010	先天性胆总管囊肿切除胆道成形术	手术费	手术收入	3.治疗类：(10)手术治疗费
HQM6U501	经腹腔镜先天性胰腺段胆总管囊肿切除术					手术费	手术收入	3.治疗类：(10)手术治疗费
HQM6V301	先天性胆总管囊肿切除肝门空肠Roux-y成形术	HQM73301	先天性胆总管囊肿切除肝门空肠Roux-y成形术			手术费	手术收入	3.治疗类：(10)手术治疗费
HQM6V501	经腹腔镜先天性胆总管囊肿切除肝门空肠Roux-y成形术	HQM73501	腹腔镜先天性胆总管囊肿切除肝门空肠Roux-y成形术			手术费	手术收入	3.治疗类：(10)手术治疗费
HQM7E301	经腹胆总管扩张术					手术费	手术收入	3.治疗类：(10)手术治疗费
HQN-HQP	10.胰							
HQN6D301	开腹胰腺穿刺活检术	FQN07301	开腹胰腺穿刺活检术			手术费	手术收入	3.治疗类：(10)手术治疗费
HQN6D501	经腹腔镜胰腺穿刺活检术					手术费	手术收入	3.治疗类：(10)手术治疗费
HQN6E301	胰十二指肠切除探查术	FQN09301	胰十二指肠切除探查术			手术费	手术收入	3.治疗类：(10)手术治疗费
HQN6K301	胰腺肿瘤放化疗粒子置入术	HQN62301	胰腺肿瘤放化疗粒子置入术			手术费	手术收入	3.治疗类：(10)手术治疗费
HQN6P301	胰腺肿物摘除术	HQN73301	胰腺肿物摘除术	331007009	胰岛细胞瘤摘除术	手术费	手术收入	3.治疗类：(10)手术治疗费
HQN6R301	胰腺囊肿外引流术	HQN45301	胰腺囊肿外引流术	331007004	胰腺囊肿外引流术	手术费	手术收入	3.治疗类：(10)手术治疗费
HQN6R302	坏死性胰腺炎清创引流术	HQN45303	坏死性胰腺炎清创引流术	331007019	坏死性胰腺炎清创引流术	手术费	手术收入	3.治疗类：(10)手术治疗费
HQN6R303	开腹胰腺脓肿引流术					手术费	手术收入	3.治疗类：(10)手术治疗费
HQN6R304	胰腺血肿清创引流术					手术费	手术收入	3.治疗类：(10)手术治疗费
HQN6R305	胰腺假性囊肿-空肠内引流术	HQN45302	胰腺假性囊肿内引流术	331007012	胰腺假性囊肿内引流术	手术费	手术收入	3.治疗类：(10)手术治疗费
HQN6R306	胰腺假性囊肿-胃内引流术					手术费	手术收入	3.治疗类：(10)手术治疗费
HQN6R501	经腹腔镜胰腺囊肿外引流术	HQN45501	经腹腔镜胰腺囊肿外引流术			手术费	手术收入	3.治疗类：(10)手术治疗费
HQN6R502	经腹腔镜胰腺血肿清创引流术					手术费	手术收入	3.治疗类：(10)手术治疗费
HQN6R503	经腹腔镜胰腺脓肿引流术					手术费	手术收入	3.治疗类：(10)手术治疗费
HQN6R504	经腹腔镜胰腺假性囊肿-空肠内引流术					手术费	手术收入	3.治疗类：(10)手术治疗费
HQN6R505	经腹腔镜胰腺假性囊肿-胃内引流术					手术费	手术收入	3.治疗类：(10)手术治疗费
HQN6R601	经超声内镜胰腺囊肿内引流术	HQN45601	经超声内镜引导下胰腺囊肿内引流术			手术费	手术收入	3.治疗类：(10)手术治疗费
HQN6U301	胰十二指肠切除术(Whipple手术)	HQN73311	胰十二指肠切除术(Whipple手术)	331007006	胰十二指肠切除术(Whipple手术)	手术费	手术收入	3.治疗类：(10)手术治疗费
HQN6U302	保留幽门的胰十二指肠切除术					手术费	手术收入	3.治疗类：(10)手术治疗费
HQN6U303	联合血管切除的胰十二指肠切除术					手术费	手术收入	3.治疗类：(10)手术治疗费
HQN6U304	胰体尾切除术	HQN73305	胰体尾切除术	331007007	胰体尾切除术	手术费	手术收入	3.治疗类：(10)手术治疗费
HQN6U305	保留脾脏胰体尾切除术	HQN73306	保留脾脏胰体尾切除术			手术费	手术收入	3.治疗类：(10)手术治疗费
HQN6U306	胰头部分切除胰肠吻合术	HQN73303	胰头部分切除胰肠吻合术			手术费	手术收入	3.治疗类：(10)手术治疗费
HQN6U307	保留十二指肠胰头切除术	HQN73304	保留十二指肠胰头切除术			手术费	手术收入	3.治疗类：(10)手术治疗费
HQN6U308	胰腺囊肿切除术	HQN73302	胰腺假性囊肿切除术	331007013	胰腺假性囊肿切除术	手术费	手术收入	3.治疗类：(10)手术治疗费
HQN6U309	胰腺节段性切除术	HQN73307	胰腺节段性切除术			手术费	手术收入	3.治疗类：(10)手术治疗费
HQN6U310	胰腺次全切除术	HQN73308	胰腺次全切除术			手术费	手术收入	3.治疗类：(10)手术治疗费
HQN6U311	胰腺癌姑息性手术	HQN73309	胰腺癌姑息性手术			手术费	手术收入	3.治疗类：(10)手术治疗费
HQN6U312	胰腺周围神经切除术	HQN73310	胰腺周围神经切除术	331007018	胰腺周围神经切除术	手术费	手术收入	3.治疗类：(10)手术治疗费
HQN6U313	胰腺癌联合脏器切除术	HQN73312	胰腺癌联合脏器切除术			手术费	手术收入	3.治疗类：(10)手术治疗费
HQN6U501	经腹腔镜胰十二指肠切除术					手术费	手术收入	3.治疗类：(10)手术治疗费
HQN6U502	经腹腔镜保留幽门的胰十二指肠切除术					手术费	手术收入	3.治疗类：(10)手术治疗费
HQN6U503	经腹腔镜联合血管切除的胰十二指肠切除术					手术费	手术收入	3.治疗类：(10)手术治疗费
HQN6U504	经腹腔镜胰体尾切除术	HQN73501	经腹腔镜胰体尾切除术			手术费	手术收入	3.治疗类：(10)手术治疗费
HQN6U505	经腹腔镜保留脾脏胰体尾切除术	HQN73502	经腹腔镜保留脾脏胰体尾切除术			手术费	手术收入	3.治疗类：(10)手术治疗费
HQN6U506	经腹腔镜胰腺囊肿切除术					手术费	手术收入	3.治疗类：(10)手术治疗费
HQN6U507	经腹腔镜胰腺周围神经切除术	HQN73503	经腹腔镜胰腺周围神经切除术			手术费	手术收入	3.治疗类：(10)手术治疗费
HQN6U508	经腹腔镜胰腺节段性切除术	HQN73504	经腹腔镜胰腺节段性切除术			手术费	手术收入	3.治疗类：(10)手术治疗费
HQN6U509	经腹腔镜胰腺次全切除术	HQN73505	经腹腔镜胰腺次全切除术			手术费	手术收入	3.治疗类：(10)手术治疗费
HQN6U510	经腹腔镜胰腺坏死组织清除术					手术费	手术收入	3.治疗类：(10)手术治疗费
HQN6U511	经腹腔镜胰腺肿瘤切除术					手术费	手术收入	3.治疗类：(10)手术治疗费
HQN6U512	视频辅助下胰腺坏死清创术					手术费	手术收入	3.治疗类：(10)手术治疗费
HQN6U601	经口消化内镜坏死组织清创术					手术费	手术收入	3.治疗类：(10)手术治疗费
HQN6W301	全胰腺切除术	HQN75301	全胰腺切除术	331007008	全胰腺切除术	手术费	手术收入	3.治疗类：(10)手术治疗费
HQN6W302	异位异体移植胰腺切除术	HQN75302	异位异体移植胰腺切除术	331007016	异位异体移植胰腺切除术	手术费	手术收入	3.治疗类：(10)手术治疗费
HQN7K301	胰腺囊肿十二指肠吻合术					手术费	手术收入	3.治疗类：(10)手术治疗费
HQN7K302	环状胰腺十二指肠侧侧吻合术	HQN86301	环状胰腺十二指肠侧侧吻合术	331007010	环状胰腺十二指肠侧侧吻合术	手术费	手术收入	3.治疗类：(10)手术治疗费
HQN7K303	胰腺囊肿胃吻合术	HPD86302	胃胰腺囊肿吻合术	331007003	胰腺囊肿内引流术	手术费	手术收入	3.治疗类：(10)手术治疗费
HQN7K304	胰腺囊肿空肠吻合术	HQN86302	胰腺囊肿空肠吻合术			手术费	手术收入	3.治疗类：(10)手术治疗费
HQN7K501	经腹腔镜胰腺囊肿十二指肠吻合术					手术费	手术收入	3.治疗类：(10)手术治疗费
HQN7N601	经超声内镜胰腺囊肿消融术					手术费	手术收入	3.治疗类：(10)手术治疗费
HQN7P301	胰腺修补术	HQN83301	胰腺修补术	331007002	胰腺修补术	手术费	手术收入	3.治疗类：(10)手术治疗费
HQN7P302	胰腺胰管断裂修补术	HQN83302	胰腺胰管断裂修补术			手术费	手术收入	3.治疗类：(10)手术治疗费
HQN7Q301	胰岛移植术	HQN89301	胰岛移植术	331007017	胰岛细胞移植术	手术费	手术收入	3.治疗类：(10)手术治疗费
HQN7S301	异体活体供胰节段切除术	HQN60301	异体活体供胰节段切除术	331007014	异体供胰切除术	手术费	手术收入	3.治疗类：(10)手术治疗费
HQN7T301	胰肾联合移植术					手术费	手术收入	3.治疗类：(10)手术治疗费
HQN7T302	胰腺移植术	HQN90301	胰腺移植术	331007015	胰腺移植术	手术费	手术收入	3.治疗类：(10)手术治疗费
HQP6P301	胰管切开取石术	HQP65301	胰管切开取石术	331007005	胰管切开取石术	手术费	手术收入	3.治疗类：(10)手术治疗费
HQP6S601	经内镜胰管括约肌切开术	HQP50601	经电子内镜胰管括约肌切开术			手术费	手术收入	3.治疗类：(10)手术治疗费
HQP6W301	胰瘘管切除术					手术费	手术收入	3.治疗类：(10)手术治疗费
HQP7K301	胰管空肠侧侧吻合术	HQP86301	胰管空肠侧侧吻合术			手术费	手术收入	3.治疗类：(10)手术治疗费
HQP7K302	胰管空肠吻合术	HQP86302	胰管空肠吻合术	331007011	胰管空肠吻合术	手术费	手术收入	3.治疗类：(10)手术治疗费
HQP7K303	胰管胃吻合术					手术费	手术收入	3.治疗类：(10)手术治疗费
HQP7K501	经腹腔镜胰腺囊肿胃吻合术					手术费	手术收入	3.治疗类：(10)手术治疗费
HQP7K502	经腹腔镜胰腺囊肿空肠吻合术					手术费	手术收入	3.治疗类：(10)手术治疗费
HQQ-HQZ	11.其他							
HQQ6U301	脐窦切除术	HQQ73302	脐窦切除术			手术费	手术收入	3.治疗类：(10)手术治疗费
HQQ6U302	脐茸切除术	HQQ73301	脐茸手术切除			手术费	手术收入	3.治疗类：(10)手术治疗费
HQQ6V301	脐瘘切除脐成形术	HQQ73303	脐瘘切除脐成形术			手术费	手术收入	3.治疗类：(10)手术治疗费
HQQ6V302	脐肠瘘切除脐部成形术	HQQ73304	脐肠瘘切除脐部成形术			手术费	手术收入	3.治疗类：(10)手术治疗费
HQQ6V303	脐部肿物切除脐成形术	HQQ73305	脐部肿物切除脐成形术			手术费	手术收入	3.治疗类：(10)手术治疗费
HQQ6W301	脐瘘切除术					手术费	手术收入	3.治疗类：(10)手术治疗费
		HQQ72301	脐茸烧灼术	331008007	脐瘘切除+修补术	手术费	手术收入	3.治疗类：(10)手术治疗费
HQQ7P301	脐整形术	HQQ83301	脐整形术	331008019	脐整形术	手术费	手术收入	3.治疗类：(10)手术治疗费
HQQ7P302	脐疝修补术	HQQ83302	脐疝修补术	331008004	脐疝修补术	手术费	手术收入	3.治疗类：(10)手术治疗费
				331008020	先天性脐膨出修补术	手术费	手术收入	3.治疗类：(10)手术治疗费
HQQ7P501	经腹腔镜脐疝修补术					手术费	手术收入	3.治疗类：(10)手术治疗费
HQR6R301	腹壁血肿清创引流术					手术费	手术收入	3.治疗类：(10)手术治疗费
HQR6R501	经腹腔镜腹壁血肿清创引流术					手术费	手术收入	3.治疗类：(10)手术治疗费
HQR6T301	腹壁组织分离术					手术费	手术收入	3.治疗类：(10)手术治疗费
HQR6T501	经腹腔镜腹壁组织分离术					手术费	手术收入	3.治疗类：(10)手术治疗费
HQR6U301	腹壁窦道扩创术	HQR73301	腹壁窦道扩创术	331008011	腹腔窦道扩创术	手术费	手术收入	3.治疗类：(10)手术治疗费
HQR6U302	腹壁窦道切除术	HQR73302	腹壁窦道切除术			手术费	手术收入	3.治疗类：(10)手术治疗费
HQR6U303	腹壁肿物切除术	HQR73303	腹壁肿物切除术	331008017	腹壁肿瘤切除术	手术费	手术收入	3.治疗类：(10)手术治疗费
HQR6U304	腹壁结核病灶清除术					手术费	手术收入	3.治疗类：(10)手术治疗费
HQR6W301	腹壁恶性肿瘤根治性切除术					手术费	手术收入	3.治疗类：(10)手术治疗费
HQR6W302	感染补片清除+腹壁窦道切除术					手术费	手术收入	3.治疗类：(10)手术治疗费
HQR7P301	腹壁疝修补术	HQR83301	腹壁疝修补术			手术费	手术收入	3.治疗类：(10)手术治疗费
HQR7P302	腹壁切口疝修补术	HQR83302	腹壁切口疝修补术	331008005	腹壁切口疝修补术	手术费	手术收入	3.治疗类：(10)手术治疗费
HQR7P303	腹壁疝术后复发修补术	HQR83303	腹壁疝术后复发修补术			手术费	手术收入	3.治疗类：(10)手术治疗费
HQR7P304	腹壁缺损修复术	HQR83304	腹壁缺损修复术	331008022	腹壁缺损修复术	手术费	手术收入	3.治疗类：(10)手术治疗费
		HQR71301	腹壁缺损外露肠管处置术			手术费	手术收入	3.治疗类：(10)手术治疗费
HQR7P305	先天性腹壁缺损修补术	HQR83305	先天性腹壁缺损修补术	331008021	先天性腹壁裂修补术	手术费	手术收入	3.治疗类：(10)手术治疗费
HQR7P306	先天性腹壁缺损人工疝囊成形术	HQR83306	先天性腹壁缺损分期修补术			手术费	手术收入	3.治疗类：(10)手术治疗费
HQR7P307	部分腹壁整形术	HQR83307	部分腹壁整形术			手术费	手术收入	3.治疗类：(10)手术治疗费
HQR7P308	腹壁整形术	HQR83308	腹壁整形术	331008018	腹壁整形术	手术费	手术收入	3.治疗类：(10)手术治疗费
HQR7P309	腹壁切口裂开缝合术					手术费	手术收入	3.治疗类：(10)手术治疗费
HQR7P501	经腹腔镜切口疝修补术					手术费	手术收入	3.治疗类：(10)手术治疗费
HQR7P502	经腹腔镜腹壁缺损人工材料修补术					手术费	手术收入	3.治疗类：(10)手术治疗费
HQS7D301	腹股沟疝囊高位结扎术	HQS59301	腹股沟疝囊高位结扎术			手术费	手术收入	3.治疗类：(10)手术治疗费
HQS7D501	经腹腔镜腹股沟疝囊高位结扎术					手术费	手术收入	3.治疗类：(10)手术治疗费
HQS7P301	腹股沟疝修补术	HQS83301	腹股沟疝修补术	331008001	腹股沟疝修补术	手术费	手术收入	3.治疗类：(10)手术治疗费
				331008002	嵌顿疝复位修补术	手术费	手术收入	3.治疗类：(10)手术治疗费
HQS7P302	无张力腹股沟疝修补术	HQS83302	无张力腹股沟疝修补术	331008003	充填式无张力疝修补术	手术费	手术收入	3.治疗类：(10)手术治疗费
HQS7P303	闭孔疝修补术					手术费	手术收入	3.治疗类：(10)手术治疗费
HQS7P304	股疝修补术					手术费	手术收入	3.治疗类：(10)手术治疗费
HQS7P501	经腹腔镜腹股沟疝修补术					手术费	手术收入	3.治疗类：(10)手术治疗费
HQT6D301	开腹腹腔病变活检术	FQT07301	开腹腹腔病变活检术	330900007	经腹腔镜盆腔淋巴结活检术	手术费	手术收入	3.治疗类：(10)手术治疗费
HQT6D501	经腹腔镜腹腔病变活检术	FQT07601	经腹腔镜腹腔病变活检术	310605013	胸腔镜检查	手术费	手术收入	3.治疗类：(10)手术治疗费
HQT6E301	开腹探查术	FQT09301	开腹探查术	331008008	剖腹探查术	手术费	手术收入	3.治疗类：(10)手术治疗费
		HQT63301	转流管探查取拴疏通术			手术费	手术收入	3.治疗类：(10)手术治疗费
HQT6E501	经腹腔镜探查术	FQT09501	腹腔镜探查术	310905007	腹腔镜检查	手术费	手术收入	3.治疗类：(10)手术治疗费
HQT6F501	经腹腔镜腹腔出血止血术					手术费	手术收入	3.治疗类：(10)手术治疗费
HQT6P301	腹腔包虫摘除术	HQT65301	腹腔包虫摘除术	331008010	腹腔包虫摘除术	手术费	手术收入	3.治疗类：(10)手术治疗费
HQT6R301	腹腔脓肿置管引流术	HQT45301	开腹腹腔脓肿置管引流术			手术费	手术收入	3.治疗类：(10)手术治疗费
HQT6R501	经腹腔镜腹腔脓肿置管引流术	HQT45501	经腹腔镜腹腔脓肿置管引流术			手术费	手术收入	3.治疗类：(10)手术治疗费
HQT6S301	造口闭袢切开术	HQT50301	造瘘闭袢切开术	331003017	结肠造瘘(Colostomy)术	手术费	手术收入	3.治疗类：(10)手术治疗费
HQT6U301	腹膜后肿物切除术	HQT73301	腹膜后肿物切除术	331008015	腹膜后肿瘤切除术	手术费	手术收入	3.治疗类：(10)手术治疗费
HQT6U302	神经母细胞瘤切除术	HQT73303	经腹神经母细胞瘤切除术			手术费	手术收入	3.治疗类：(10)手术治疗费
HQT6U303	腹腔内肿物切除术	HQT73302	腹腔内肿物切除术	331008012	腹腔内肿物切除术	手术费	手术收入	3.治疗类：(10)手术治疗费
HQT6U304	腹盆腔子宫内膜异位病灶切除术					手术费	手术收入	3.治疗类：(10)手术治疗费
HQT6X301	腹膜后肿物扩大切除术	HQT77301	腹膜后肿物扩大切除术			手术费	手术收入	3.治疗类：(10)手术治疗费
HQT7C301	腹盆腔粘连松解术	HQT57301	经腹盆腹腔粘连松解术			手术费	手术收入	3.治疗类：(10)手术治疗费
HQT7C501	经腹腔镜腹盆腔粘连松解术	HQT57501	经腹腔镜盆腹腔粘连松解术	331306002	经腹腔镜盆腔粘连分离术	手术费	手术收入	3.治疗类：(10)手术治疗费
				331306006	经宫腔镜盆腔粘连分离术	手术费	手术收入	3.治疗类：(10)手术治疗费
HQT7K301	胸水腹腔转流术	HQT86301	胸水腹腔转流术	331008028	腹水转流术	手术费	手术收入	3.治疗类：(10)手术治疗费
HQT7K302	腹腔-颈内静脉转流术	HQT86302	腹腔-颈内静脉转流术			手术费	手术收入	3.治疗类：(10)手术治疗费
HQT7K303	腹腔-股静脉转流术	HQT86303	腹腔-股静脉转流术			手术费	手术收入	3.治疗类：(10)手术治疗费
HQT7N101	腹腔恶性肿瘤冷冻治疗			331008013	腹腔恶性肿瘤特殊治疗	手术费	手术收入	3.治疗类：(10)手术治疗费
HQT7P301	造口旁疝原位修补术	HQT83301	造口旁疝原位修补术			手术费	手术收入	3.治疗类：(10)手术治疗费
HQT7P302	造口旁疝造口移位修补术	HQT83302	造口旁疝造口移位修补术			手术费	手术收入	3.治疗类：(10)手术治疗费
HQT7P501	经腹腔镜造口旁疝修补术					手术费	手术收入	3.治疗类：(10)手术治疗费
HQU6F301	腹盆腔出血止血术					手术费	手术收入	3.治疗类：(10)手术治疗费
HQU6P301	腹盆腔异物取出术					手术费	手术收入	3.治疗类：(10)手术治疗费
HQU6P501	经腹腔镜腹盆腔异物取出术					手术费	手术收入	3.治疗类：(10)手术治疗费
HQU6R301	盆腔脓肿置管引流术	HQU45301	开腹盆腔脓肿置管引流术			手术费	手术收入	3.治疗类：(10)手术治疗费
		HQU45104	经阴道盆腔脓肿穿刺引流术	311201058	经皮盆腔脓肿穿刺引流术	手术费	手术收入	3.治疗类：(10)手术治疗费
HQU6R401	经直肠盆腔脓肿切开引流术	HQU45402	经直肠盆腔脓肿切开引流术	331008014	经直肠盆腔脓肿切开引流术	手术费	手术收入	3.治疗类：(10)手术治疗费
HQU6R501	经腹腔镜盆腔脓肿置管引流术	HQU45501	经腹腔镜盆腔脓肿置管引流术			手术费	手术收入	3.治疗类：(10)手术治疗费
HQU6U301	盆底痉挛部肌肉神经切除术	HQU73302	盆底痉挛部肌肉神经切除术	331008016	盆底痉挛部肌肉神经切除术	手术费	手术收入	3.治疗类：(10)手术治疗费
HQU6U302	异位妊娠清除术					手术费	手术收入	3.治疗类：(10)手术治疗费
HQU6U303	小儿盆腔肿瘤切除术	HQU73301	盆腔肿瘤切除术	331303025	盆腔巨大肿瘤切除术	手术费	手术收入	3.治疗类：(10)手术治疗费
HQU6U304	直肠癌术后复发盆腔脏器切除术	HQU73303	直肠癌术后复发盆腔脏器切除术	331004014	直肠癌术后复发盆腔脏器切除术	手术费	手术收入	3.治疗类：(10)手术治疗费
HQU6U501	经腹腔镜腹盆腔病损切除术					手术费	手术收入	3.治疗类：(10)手术治疗费
HQU6U502	经腹腔镜直肠癌术后复发盆腔脏器切除术	HQU73501	经腹腔镜直肠癌术后复发盆腔脏器切除术			手术费	手术收入	3.治疗类：(10)手术治疗费
HQU7P301	腹盆底疝人工材料修补术					手术费	手术收入	3.治疗类：(10)手术治疗费
HQU7Q301	后盆底重建术					手术费	手术收入	3.治疗类：(10)手术治疗费
HQZ6R301	开腹膈下脓肿置管引流术	HQZ45301	开腹膈下脓肿置管引流术			手术费	手术收入	3.治疗类：(10)手术治疗费
HQZ6R501	经腹腔镜膈下脓肿置管引流术	HQZ45501	经腹腔镜膈下脓肿置管引流术			手术费	手术收入	3.治疗类：(10)手术治疗费
HQZ7S301	腹腔异体供体获取术	HQA60301	异体供体获取术			手术费	手术收入	3.治疗类：(10)手术治疗费
HR	(十二)泌尿系统							
HRB-HRE	1.肾							
HRB-HRC	肾							
HRB6A301	供体肾修整术	HRB41301	供体肾修整术	331101021	供体肾修复术	手术费	手术收入	3.治疗类：(10)手术治疗费
HRB6E301	移植肾探查术	FRB09301	移植肾探查术	331101022	移植肾探查术	手术费	手术收入	3.治疗类：(10)手术治疗费
HRB6P301	离体肾取石术	HRB65302	离体肾取石术	331101024	离体肾取石术	手术费	手术收入	3.治疗类：(10)手术治疗费
				331101025	肾肿瘤腔静脉内瘤栓切取术	手术费	手术收入	3.治疗类：(10)手术治疗费
HRB6P302	肾实质切开取石术	HRB65301	肾实质切开取石术	331101016	肾切开取石术	手术费	手术收入	3.治疗类：(10)手术治疗费
HRB6P501	经皮肾镜异物取出术	HRB65501	经皮肾镜异物取出术	311000019	经皮肾盂镜取石术	手术费	手术收入	3.治疗类：(10)手术治疗费
HRB6P502	经皮电子肾镜异物取出术	HRB65502	经皮电子肾镜异物取出术			手术费	手术收入	3.治疗类：(10)手术治疗费
HRB6P503	经皮纤维肾镜异物取出术	HRB65503	经皮纤维肾镜异物取出术			手术费	手术收入	3.治疗类：(10)手术治疗费
HRB6P504	经皮肾镜超声气压弹道碎石取石术	HRB65504	经皮肾镜超声气压弹道碎石取石术			手术费	手术收入	3.治疗类：(10)手术治疗费
HRB6P505	经皮电子肾镜超声气压弹道碎石取石术	HRB65505	经皮电子肾镜超声气压弹道碎石取石术			手术费	手术收入	3.治疗类：(10)手术治疗费
HRB6P506	经皮肾镜超声碎石取石术	HRB65506	经皮肾镜超声碎石取石术			手术费	手术收入	3.治疗类：(10)手术治疗费
HRB6P507	经皮电子肾镜超声碎石取石术	HRB65507	经皮电子肾镜超声碎石取石术			手术费	手术收入	3.治疗类：(10)手术治疗费
HRB6P508	经皮肾镜激光碎石取石术	HRB65508	经皮肾镜激光碎石取石术			手术费	手术收入	3.治疗类：(10)手术治疗费
HRB6P509	经皮电子肾镜激光碎石取石术	HRB65509	经皮电子肾镜激光碎石取石术			手术费	手术收入	3.治疗类：(10)手术治疗费
HRB6P510	经皮纤维肾镜激光碎石取石术	HRB65510	经皮纤维肾镜激光碎石取石术			手术费	手术收入	3.治疗类：(10)手术治疗费
HRB6P511	经皮肾镜移植肾结石气压弹道碎石取石术					手术费	手术收入	3.治疗类：(10)手术治疗费
HRB6P512	经腹腔镜肾实质切开取石术	HRB65511	经腹腔镜肾实质切开取石术			手术费	手术收入	3.治疗类：(10)手术治疗费
HRB6P601	经尿道移植肾输尿管镜气压弹道碎石取石术					手术费	手术收入	3.治疗类：(10)手术治疗费
HRB6P602	经尿道移植肾输尿管镜超声碎石取石术					手术费	手术收入	3.治疗类：(10)手术治疗费
HRB6P603	经尿道移植肾输尿管镜激光碎石术					手术费	手术收入	3.治疗类：(10)手术治疗费
HRB6R601	纤维输尿管镜肾囊肿内切开引流术					手术费	手术收入	3.治疗类：(10)手术治疗费
HRB6R602	电子输尿管镜肾囊肿内切开引流术					手术费	手术收入	3.治疗类：(10)手术治疗费
HRB6S101	经皮肾穿刺造口术	HRB50101	经皮肾穿刺造瘘术			手术费	手术收入	3.治疗类：(10)手术治疗费
HRB6S301	肾造口术	HRB50301	肾造瘘术	331101013	肾实质切开造瘘术	手术费	手术收入	3.治疗类：(10)手术治疗费
HRB6S302	肾囊肿去顶术	HRB73301	肾囊肿去顶术	331101014	肾囊肿切除术	手术费	手术收入	3.治疗类：(10)手术治疗费
HRB6S303	多囊肾去顶术	HRB73302	多囊肾去顶术	331101015	多囊肾去顶减压术	手术费	手术收入	3.治疗类：(10)手术治疗费
HRB6S501	经腹腔镜肾囊肿去顶术	HRB73501	经腹腔镜肾囊肿去顶术			手术费	手术收入	3.治疗类：(10)手术治疗费
HRB6S502	经腹腔镜多囊肾去顶术	HRB73502	经腹腔镜多囊肾去顶术			手术费	手术收入	3.治疗类：(10)手术治疗费
HRB6T301	融合肾离断术	HRB58301	融合肾离断术	331101012	融合肾分解术	手术费	手术收入	3.治疗类：(10)手术治疗费
HRB6T501	经腹腔镜融合肾离断术	HRB58501	经腹腔镜融合肾离断术			手术费	手术收入	3.治疗类：(10)手术治疗费
HRB6U301	肾部分切除术	HRB73303	肾部分切除术	331101009	肾部分切除术	手术费	手术收入	3.治疗类：(10)手术治疗费
HRB6U302	肾肿瘤剜除术	HRB73304	肾肿瘤摘除术	331101007	肾肿瘤剔除术	手术费	手术收入	3.治疗类：(10)手术治疗费
HRB6U303	重复肾重复输尿管切除术	HRB73305	重复肾重复输尿管切除术	331101011	重复肾重复输尿管切除术	手术费	手术收入	3.治疗类：(10)手术治疗费
HRB6U501	经腹腔镜肾部分切除术	HRB73503	经腹腔镜肾部分切除术			手术费	手术收入	3.治疗类：(10)手术治疗费
HRB6U502	经腹腔镜肾肿瘤剜除术	HRB73504	经腹腔镜肾肿瘤摘除术			手术费	手术收入	3.治疗类：(10)手术治疗费
HRB6U503	经腹腔镜重复肾重复输尿管切除术	HRB73505	经腹腔镜重复肾重复输尿管切除术			手术费	手术收入	3.治疗类：(10)手术治疗费
HRB6W301	肾切除术	HRB75301	肾切除术	331101008	肾切除术	手术费	手术收入	3.治疗类：(10)手术治疗费
HRB6W501	经腹腔镜肾切除术	HRB75501	经腹腔镜肾切除术			手术费	手术收入	3.治疗类：(10)手术治疗费
HRB6X301	根治性肾切除术	HRB77301	根治性肾切除术	331101010	根治性肾切除术	手术费	手术收入	3.治疗类：(10)手术治疗费
HRB6X302	肾母细胞瘤根治术	HRB77302	肾母细胞瘤根治术			手术费	手术收入	3.治疗类：(10)手术治疗费
HRB6X501	经腹腔镜根治性肾切除术	HRB77501	经腹腔镜根治性肾切除术			手术费	手术收入	3.治疗类：(10)手术治疗费
HRB7E501	经皮肾镜肾盏扩张术					手术费	手术收入	3.治疗类：(10)手术治疗费
HRB7K301	肾下盏输尿管吻合术	HRB86301	肾下盏输尿管吻合术	331102004	肾下盏输尿管吻合术	手术费	手术收入	3.治疗类：(10)手术治疗费
HRB7K501	经腹腔镜肾下盏输尿管吻合术	HRB86501	经腹腔镜肾下盏输尿管吻合术			手术费	手术收入	3.治疗类：(10)手术治疗费
HRB7M301	肾固定术	HRB71301	肾固定术	331101002	肾固定术	手术费	手术收入	3.治疗类：(10)手术治疗费
HRB7M501	经腹腔镜肾固定术	HRB71501	经腹腔镜肾固定术			手术费	手术收入	3.治疗类：(10)手术治疗费
HRB7N501	经皮肾镜激光治疗	HRB72501	经皮肾镜激光治疗			手术费	手术收入	3.治疗类：(10)手术治疗费
HRB7N502	经皮纤维肾镜激光治疗	HRB72502	经皮纤维肾镜激光治疗			手术费	手术收入	3.治疗类：(10)手术治疗费
HRB7N503	经皮电子肾镜激光治疗	HRB72503	经皮电子肾镜激光治疗			手术费	手术收入	3.治疗类：(10)手术治疗费
HRB7P301	肾折叠术	HRB81301	肾折叠术	331101003	肾折叠术	手术费	手术收入	3.治疗类：(10)手术治疗费
HRB7P302	肾破裂修补术	HRB83301	肾破裂修补术	331101001	肾破裂修补术	手术费	手术收入	3.治疗类：(10)手术治疗费
HRB7P501	经腹腔镜肾折叠术	HRB81501	经腹腔镜肾折叠术			手术费	手术收入	3.治疗类：(10)手术治疗费
HRB7S301	活体供肾获取术			331101020	异体供肾取肾术	手术费	手术收入	3.治疗类：(10)手术治疗费
HRB7S501	经腹腔镜活体供肾获取术					手术费	手术收入	3.治疗类：(10)手术治疗费
HRB7T301	自体肾移植术	HRB90301	自体肾移植术	331101018	自体肾移植术	手术费	手术收入	3.治疗类：(10)手术治疗费
HRB7T302	异体肾移植术	HRB90302	异体肾移植术	331101019	异体肾移植术	手术费	手术收入	3.治疗类：(10)手术治疗费
HRB7T501	经腹腔镜自体肾移植术					手术费	手术收入	3.治疗类：(10)手术治疗费
HRC6P301	肾盂切开取石术	HRC65301	肾盂切开取石术			手术费	手术收入	3.治疗类：(10)手术治疗费
HRC6P501	经腹腔镜肾盂切开取石术	HRC65501	经腹腔镜肾盂切开取石术			手术费	手术收入	3.治疗类：(10)手术治疗费
HRC6X301	肾盂癌根治术	HRC77301	肾盂癌根治术	331102001	肾盂癌根治术	手术费	手术收入	3.治疗类：(10)手术治疗费
HRC6X501	经腹腔镜肾盂癌根治术	HRC77501	经腹腔镜肾盂癌根治术			手术费	手术收入	3.治疗类：(10)手术治疗费
HRC6X801	联合经尿道电切肾盂癌根治术	HRC77801	联合经尿道电切肾盂癌根治术			手术费	手术收入	3.治疗类：(10)手术治疗费
HRC7K301	肾盂成形肾盂输尿管再吻合术	HRC89301	肾盂成形肾盂输尿管再吻合术	331102002	肾盂成形肾盂输尿管再吻合术	手术费	手术收入	3.治疗类：(10)手术治疗费
HRC7K501	经腹腔镜肾盂成形肾盂输尿管再吻合术					手术费	手术收入	3.治疗类：(10)手术治疗费
HRC7P301	肾盂成形术	HRC83301	肾盂成形术	331102005	肾盂输尿管成形术	手术费	手术收入	3.治疗类：(10)手术治疗费
HRC7P501	经腹腔镜肾盂成形术	HRC83501	经腹腔镜肾盂成形术			手术费	手术收入	3.治疗类：(10)手术治疗费
		HRB48301	肾封闭术	311000016	肾封闭术	手术费	手术收入	3.治疗类：(10)手术治疗费
HRE	肾周							
HRE6P301	移植肾肾周血肿清除术	HRE65301	移植肾肾周血肿清除术	331101023	移植肾肾周血肿清除术	手术费	手术收入	3.治疗类：(10)手术治疗费
HRE6P302	肾周围淋巴管剥脱术	HRE65302	肾周围淋巴管剥脱术	331101005	肾周围淋巴管剥脱术	手术费	手术收入	3.治疗类：(10)手术治疗费
HRE6P501	经腹腔镜肾周围淋巴管剥脱术	HRE65501	经腹腔镜肾周围淋巴管剥脱术			手术费	手术收入	3.治疗类：(10)手术治疗费
HRE6R301	肾周切开引流术	HRE45301	肾周切开引流术	311000017	肾周脓肿引流术	手术费	手术收入	3.治疗类：(10)手术治疗费
HRE6T301	肾周围粘连分解术	HRE58301	肾周围粘连分解术	331101006	肾周围粘连分解术	手术费	手术收入	3.治疗类：(10)手术治疗费
HRE6T501	经腹腔镜肾周围粘连分解术	HRE58501	经腹腔镜肾周围粘连分解术			手术费	手术收入	3.治疗类：(10)手术治疗费
HRF	2.输尿管							
HRF6K501	经皮肾输尿管支架管置入术	HRF62101	经皮肾输尿管支架管置入术	311000022	经皮输尿管内管置入术	手术费	手术收入	3.治疗类：(10)手术治疗费
HRF6K502	经皮肾电子镜输尿管支架管置入术	HRF62801	经皮肾电子镜输尿管支架管置入术			手术费	手术收入	3.治疗类：(10)手术治疗费
HRF6K503	经皮肾纤维镜输尿管支架管置入术	HRF62802	经皮肾纤维镜输尿管支架管置入术			手术费	手术收入	3.治疗类：(10)手术治疗费
HRF6L301	肠管代输尿管术	HRF86302	肠管代输尿管术	331102018	肠管代输尿管术	手术费	手术收入	3.治疗类：(10)手术治疗费
HRF6L302	膀胱瓣代输尿管术	HRF86303	膀胱瓣代输尿管术	331102019	膀胱瓣代输尿管术	手术费	手术收入	3.治疗类：(10)手术治疗费
HRF6L501	经腹腔镜肠管代输尿管术	HRF86502	经腹腔镜肠管代输尿管术			手术费	手术收入	3.治疗类：(10)手术治疗费
HRF6L502	经腹腔镜膀胱瓣代输尿管术	HRF86503	经腹腔镜膀胱瓣代输尿管术			手术费	手术收入	3.治疗类：(10)手术治疗费
HRF6P301	输尿管切开取石术	HRF65301	输尿管切开取石术	331102007	输尿管切开取石术	手术费	手术收入	3.治疗类：(10)手术治疗费
HRF6P501	经腹腔镜输尿管切开取石术	HRF65501	经腹腔镜输尿管切开取石术			手术费	手术收入	3.治疗类：(10)手术治疗费
HRF6P601	经尿道电子输尿管镜异物取出术	HRF65602	经尿道电子输尿管镜异物取出术			手术费	手术收入	3.治疗类：(10)手术治疗费
HRF6P602	经尿道纤维输尿管镜异物取出术	HRF65603	经尿道纤维输尿管镜异物取出术			手术费	手术收入	3.治疗类：(10)手术治疗费
HRF6P603	经尿道输尿管镜激光碎石取石术	HRF65604	经尿道输尿管镜激光碎石取石术	311000026	经输尿管镜碎石取石术	手术费	手术收入	3.治疗类：(10)手术治疗费
		HRF65606	经尿道纤维输尿管镜激光碎石取石术			手术费	手术收入	3.治疗类：(10)手术治疗费
HRF6P604	经尿道电子输尿管镜激光碎石取石术	HRF65605	经尿道电子输尿管镜激光碎石取石术			手术费	手术收入	3.治疗类：(10)手术治疗费
HRF6P605	经尿道输尿管镜气压弹道碎石取石术	HRF65607	经尿道输尿管镜气压弹道碎石取石术			手术费	手术收入	3.治疗类：(10)手术治疗费
		HRF65608	经尿道电子输尿管镜气压弹道碎石取石术			手术费	手术收入	3.治疗类：(10)手术治疗费
		HRF65609	经尿道纤维输尿管镜气压弹道碎石取石术			手术费	手术收入	3.治疗类：(10)手术治疗费
HRF6P606	经尿道输尿管镜超声碎石取石术	HRF65610	经尿道输尿管镜超声碎石取石术			手术费	手术收入	3.治疗类：(10)手术治疗费
		HRF65611	经尿道电子输尿管镜超声碎石取石术			手术费	手术收入	3.治疗类：(10)手术治疗费
		HRF65612	经尿道纤维输尿管镜超声碎石取石术			手术费	手术收入	3.治疗类：(10)手术治疗费
HRF6S301	输尿管膨出切开术	HRF50301	输尿管囊肿切开术	331102010	输尿管开口囊肿切除术	手术费	手术收入	3.治疗类：(10)手术治疗费
HRF6S302	输尿管皮肤造口术	HRF50302	输尿管皮肤造口术	331102013	输尿管皮肤造口术	手术费	手术收入	3.治疗类：(10)手术治疗费
HRF6S303	移植肾输尿管腹壁造口术					手术费	手术收入	3.治疗类：(10)手术治疗费
HRF6S501	经皮肾镜输尿管内切开术	HRF50501	经皮肾镜输尿管内切开术	331102003	经皮肾镜或输尿管镜内切开成形术	手术费	手术收入	3.治疗类：(10)手术治疗费
HRF6S502	经腹腔镜输尿管皮肤造口术	HRF50502	经腹腔镜输尿管皮肤造口术			手术费	手术收入	3.治疗类：(10)手术治疗费
HRF6S601	经输尿管镜输尿管内切开术	HRF50601	经输尿管镜输尿管内切开术			手术费	手术收入	3.治疗类：(10)手术治疗费
HRF6S602	经尿道电切输尿管膨出切开术	HRF50602	经尿道电切镜输尿管囊肿切开术			手术费	手术收入	3.治疗类：(10)手术治疗费
HRF6U301	输尿管狭窄段切除再吻合术	HRF73301	输尿管狭窄段切除再吻合术	331102009	输尿管狭窄段切除再吻合术	手术费	手术收入	3.治疗类：(10)手术治疗费
HRF6U302	输尿管残端切除术	HRF73303	输尿管残端切除术	331102011	输尿管残端切除术	手术费	手术收入	3.治疗类：(10)手术治疗费
HRF6U501	经腹腔镜输尿管狭窄段切除再吻合术	HRF73501	经腹腔镜输尿管狭窄段切除再吻合术			手术费	手术收入	3.治疗类：(10)手术治疗费
HRF6U502	经腹腔镜输尿管残端切除术	HRF73502	经腹腔镜输尿管残端切除术			手术费	手术收入	3.治疗类：(10)手术治疗费
HRF6U601	经尿道输尿管镜肿瘤电切术	HRF73601	经尿道输尿管镜肿瘤电切术	311000023	经输尿管镜肿瘤切除术	手术费	手术收入	3.治疗类：(10)手术治疗费
HRF6U602	经尿道输尿管镜肿瘤激光切除术	HRF73602	经尿道输尿管镜肿瘤激光切除术			手术费	手术收入	3.治疗类：(10)手术治疗费
HRF6U603	经尿道电子输尿管镜肿瘤电切术	HRF73603	经尿道电子输尿管镜肿瘤电切术			手术费	手术收入	3.治疗类：(10)手术治疗费
HRF6U604	经尿道纤维输尿管镜肿瘤电切术	HRF73604	经尿道纤维输尿管镜肿瘤电切术			手术费	手术收入	3.治疗类：(10)手术治疗费
HRF6U605	经尿道电子输尿管镜肿瘤激光切除术	HRF73605	经尿道电子输尿管镜肿瘤激光切除术			手术费	手术收入	3.治疗类：(10)手术治疗费
HRF6U606	经尿道纤维输尿管镜肿瘤激光切除术	HRF73606	经尿道纤维输尿管镜肿瘤激光切除术			手术费	手术收入	3.治疗类：(10)手术治疗费
		HRF73302	输尿管间嵴切除术	331203012	输尿管间嵴切除术	手术费	手术收入	3.治疗类：(10)手术治疗费
HRF7C301	输尿管松解术	HRF57301	输尿管松解术	331102015	输尿管松解术	手术费	手术收入	3.治疗类：(10)手术治疗费
HRF7C501	经腹腔镜输尿管松解术	HRF57501	经腹腔镜输尿管松解术			手术费	手术收入	3.治疗类：(10)手术治疗费
HRF7E601	经膀胱镜输尿管扩张术	HRF80601	经膀胱镜输尿管扩张术	311000024	经膀胱镜输尿管扩张术	手术费	手术收入	3.治疗类：(10)手术治疗费
HRF7E602	经电子膀胱镜输尿管扩张术	HRF80602	经电子膀胱镜输尿管扩张术			手术费	手术收入	3.治疗类：(10)手术治疗费
HRF7E603	经纤维膀胱镜输尿管扩张术	HRF80603	经纤维膀胱镜输尿管扩张术			手术费	手术收入	3.治疗类：(10)手术治疗费
HRF7E604	经内镜移植肾输尿管狭窄段扩张术					手术费	手术收入	3.治疗类：(10)手术治疗费
HRF7E605	输尿管狭窄球囊扩张术					手术费	手术收入	3.治疗类：(10)手术治疗费
HRF7E606	输尿管口扩张术					手术费	手术收入	3.治疗类：(10)手术治疗费
HRF7K301	输尿管乙状结肠吻合术	HRF86301	输尿管乙状结肠吻合术	331102014	输尿管乙状结肠吻合术	手术费	手术收入	3.治疗类：(10)手术治疗费
HRF7K501	经腹腔镜输尿管乙状结肠吻合术	HRF86501	经腹腔镜输尿管乙状结肠吻合术			手术费	手术收入	3.治疗类：(10)手术治疗费
HRF7L301	输尿管膀胱再植术	HRF86304	输尿管膀胱再植术	331102012	输尿管膀胱再植术	手术费	手术收入	3.治疗类：(10)手术治疗费
HRF7L501	经腹腔镜输尿管膀胱再植术	HRF86504	经腹腔镜输尿管膀胱再植术			手术费	手术收入	3.治疗类：(10)手术治疗费
HRF7P301	输尿管损伤修复术	HRF83301	输尿管损伤修复术	331102008	输尿管损伤修补术	手术费	手术收入	3.治疗类：(10)手术治疗费
HRF7P302	腔静脉后输尿管整形术	HRF83302	腔静脉后输尿管整形术	331102017	腔静脉后输尿管整形术	手术费	手术收入	3.治疗类：(10)手术治疗费
HRF7P303	输尿管阴道瘘修补术					手术费	手术收入	3.治疗类：(10)手术治疗费
HRF7P501	经腹腔镜输尿管损伤修复术	HRF83501	经腹腔镜输尿管损伤修复术			手术费	手术收入	3.治疗类：(10)手术治疗费
HRF7P502	经腹腔镜腔静脉后输尿管整形术	HRF83502	经腹腔镜腔静脉后输尿管整形术			手术费	手术收入	3.治疗类：(10)手术治疗费
				331102016	输尿管整形术	手术费	手术收入	3.治疗类：(10)手术治疗费
HRG-HRH	3.膀胱							
HRG6K301	膀胱/直肠/阴道同种异体植入物植入					手术费	手术收入	3.治疗类：(10)手术治疗费
HRG6K302	膀胱/直肠/阴道自体植入物植入					手术费	手术收入	3.治疗类：(10)手术治疗费
HRG6K303	膀胱/直肠/阴道异种植入物植入					手术费	手术收入	3.治疗类：(10)手术治疗费
HRG6L301	胃代膀胱术	HRG73305	胃代膀胱术	331103013	胃代膀胱术	手术费	手术收入	3.治疗类：(10)手术治疗费
HRG6L302	肠道新膀胱术	HRG73306	肠道新膀胱术	331103014	肠道原位膀胱术	手术费	手术收入	3.治疗类：(10)手术治疗费
HRG6L303	回肠膀胱术	HRG86301	回肠膀胱术	331103009	回肠膀胱术	手术费	手术收入	3.治疗类：(10)手术治疗费
HRG6L304	可控性回肠代膀胱术	HRG86302	可控性回肠代膀胱术	331103010	可控性回肠膀胱术	手术费	手术收入	3.治疗类：(10)手术治疗费
HRG6L305	直肠膀胱术	HRG86303	直肠膀胱术	331103012	直肠膀胱术	手术费	手术收入	3.治疗类：(10)手术治疗费
HRG6L501	经腹腔镜肠扩大膀胱术	HRG73503	经腹腔镜肠扩大膀胱术			手术费	手术收入	3.治疗类：(10)手术治疗费
HRG6L502	经腹腔镜胃代膀胱术	HRG73504	经腹腔镜胃代膀胱术			手术费	手术收入	3.治疗类：(10)手术治疗费
HRG6L503	经腹腔镜肠道新膀胱术	HRG73505	经腹腔镜肠道新膀胱术			手术费	手术收入	3.治疗类：(10)手术治疗费
HRG6L504	经腹腔镜回肠膀胱术	HRG86501	经腹腔镜回肠膀胱术			手术费	手术收入	3.治疗类：(10)手术治疗费
HRG6L505	经腹腔镜可控性回肠膀胱术	HRG86502	经腹腔镜可控性肠膀胱术			手术费	手术收入	3.治疗类：(10)手术治疗费
HRG6L506	经腹腔镜直肠膀胱术	HRG86503	经腹腔镜直肠膀胱术			手术费	手术收入	3.治疗类：(10)手术治疗费
				331103008	膀胱再造术	手术费	手术收入	3.治疗类：(10)手术治疗费
HRG6P301	膀胱切开取石术	HRG65301	膀胱切开取石术	331103001	膀胱切开取石术	手术费	手术收入	3.治疗类：(10)手术治疗费
HRG6P302	精囊结石碎石取石术					手术费	手术收入	3.治疗类：(10)手术治疗费
HRG6P601	经膀胱镜异物取出术	HRG65601	经膀胱镜异物取出术			手术费	手术收入	3.治疗类：(10)手术治疗费
HRG6P602	经纤维膀胱镜异物取出术	HRG65602	经纤维膀胱镜异物取出术			手术费	手术收入	3.治疗类：(10)手术治疗费
HRG6P603	经电子膀胱镜异物取出术	HRG65603	经电子膀胱镜异物取出术			手术费	手术收入	3.治疗类：(10)手术治疗费
HRG6P604	经尿道膀胱结石气压弹道碎石取石术	HRG65604	经尿道气压弹道膀胱碎石取石术	331103027	经尿道膀胱碎石取石术	手术费	手术收入	3.治疗类：(10)手术治疗费
HRG6P605	经尿道膀胱结石碎石取石术	HRG65605	经尿道碎石钳碎石取石术			手术费	手术收入	3.治疗类：(10)手术治疗费
HRG6P606	经尿道膀胱结石超声碎石取石术	HRG65606	经尿道超声碎石取石术			手术费	手术收入	3.治疗类：(10)手术治疗费
HRG6P607	经尿道膀胱结石激光碎石取石术	HRG65607	经尿道钬激光膀胱碎石取石术			手术费	手术收入	3.治疗类：(10)手术治疗费
HRG6S301	膀胱穿刺造口术	HRG50301	膀胱穿刺造瘘术	311000033	膀胱穿刺造瘘术	手术费	手术收入	3.治疗类：(10)手术治疗费
HRG6S302	膀胱切开造口术	HRG50302	膀胱切开造瘘术	331103005	膀胱造瘘术	手术费	手术收入	3.治疗类：(10)手术治疗费
HRG6T601	经尿道膀胱肿瘤内镜黏膜下剥离术					手术费	手术收入	3.治疗类：(10)手术治疗费
HRG6U301	膀胱部分切除术	HRG73301	膀胱部分切除术	331103003	膀胱部分切除术	手术费	手术收入	3.治疗类：(10)手术治疗费
HRG6U302	膀胱憩室切除术	HRG73302	膀胱憩室切除术	331103002	膀胱憩室切除术	手术费	手术收入	3.治疗类：(10)手术治疗费
HRG6U303	膀胱瘘管切除术	HRG73303	膀胱瘘管切除术	331103015	膀胱瘘管切除术	手术费	手术收入	3.治疗类：(10)手术治疗费
HRG6U304	脐尿管瘘切除术	HRG73307	脐尿管瘘切除术	331103024	脐尿管瘘切除术	手术费	手术收入	3.治疗类：(10)手术治疗费
HRG6U305	脐尿管囊肿切除术	HRG73308	脐尿管囊肿切除术			手术费	手术收入	3.治疗类：(10)手术治疗费
HRG6U306	脐尿管肿瘤切除术	HRG73309	脐尿管肿瘤切除术	331103028	脐尿管肿瘤切除术	手术费	手术收入	3.治疗类：(10)手术治疗费
HRG6U401	经尿道膀胱肿瘤电切治疗	HRG73401	经尿道膀胱肿瘤电切治疗	331103004	膀胱切开肿瘤烧灼术	手术费	手术收入	3.治疗类：(10)手术治疗费
HRG6U501	经腹腔镜膀胱部分切除术	HRG73501	经腹腔镜膀胱部分切除术			手术费	手术收入	3.治疗类：(10)手术治疗费
HRG6U502	经腹腔镜膀胱憩室切除术	HRG73502	经腹腔镜膀胱憩室切除术			手术费	手术收入	3.治疗类：(10)手术治疗费
HRG6U601	经尿道膀胱病损电切术					手术费	手术收入	3.治疗类：(10)手术治疗费
		HRG73601	经尿道膀胱镜电切术	331103025	经膀胱镜膀胱颈电切术	手术费	手术收入	3.治疗类：(10)手术治疗费
HRG6U602	经尿道膀胱肿瘤激光剜除术					手术费	手术收入	3.治疗类：(10)手术治疗费
HRG6W301	膀胱尿道全切术	HRG75301	膀胱尿道全切除术	331103007	膀胱尿道全切除术	手术费	手术收入	3.治疗类：(10)手术治疗费
HRG6X301	男性根治性膀胱切除术	HRG77301	男性根治性膀胱全切术	331103006	根治性膀胱全切除术	手术费	手术收入	3.治疗类：(10)手术治疗费
HRG6X302	女性根治性膀胱切除术	HRG77302	女性根治性膀胱全切术			手术费	手术收入	3.治疗类：(10)手术治疗费
HRG6X303	脐尿管癌根治切除术					手术费	手术收入	3.治疗类：(10)手术治疗费
HRG6X501	经腹腔镜男性根治性膀胱切除术	HRG77501	经腹腔镜男性根治性膀胱全切除术			手术费	手术收入	3.治疗类：(10)手术治疗费
HRG6X502	经腹腔镜女性根治性膀胱切除术	HRG77502	经腹腔镜女性根治性膀胱全切除术			手术费	手术收入	3.治疗类：(10)手术治疗费
HRG7E301	肠道膀胱扩大术	HRG73304	肠扩大膀胱术	331103011	回肠扩大膀胱术	手术费	手术收入	3.治疗类：(10)手术治疗费
HRG7J301	神经源性膀胱腹直肌移位术	HRG89301	神经源性膀胱腹直肌移位术	331103023	神经性膀胱腹直肌移位术	手术费	手术收入	3.治疗类：(10)手术治疗费
HRG7K301	阑尾输出道可控性尿流改道术	HRG86304	阑尾输出道可控性尿流改道术			手术费	手术收入	3.治疗类：(10)手术治疗费
HRG7N401	经尿道膀胱肿瘤电灼治疗	HRG72401	经尿道膀胱肿瘤电灼治疗	331103026	经尿道膀胱肿瘤特殊治疗	手术费	手术收入	3.治疗类：(10)手术治疗费
HRG7N402	经尿道膀胱肿瘤激光切除术	HRG72402	经尿道膀胱肿瘤激光切除术			手术费	手术收入	3.治疗类：(10)手术治疗费
HRG7N601	经尿道膀胱镜电灼治疗	HRG72604	经膀胱镜尿道镜电灼治疗			手术费	手术收入	3.治疗类：(10)手术治疗费
HRG7N602	经尿道电子膀胱镜电灼治疗	HRG72605	经电子膀胱镜尿道镜电灼治疗			手术费	手术收入	3.治疗类：(10)手术治疗费
HRG7N603	经尿道纤维膀胱镜电灼治疗	HRG72606	经纤维膀胱镜尿道镜电灼治疗			手术费	手术收入	3.治疗类：(10)手术治疗费
HRG7P301	膀胱破裂修补术	HRG83301	膀胱破裂修补术	331103016	膀胱破裂修补术	手术费	手术收入	3.治疗类：(10)手术治疗费
HRG7P302	膀胱膨出修补术	HRG83302	膀胱膨出修补术	331103017	膀胱膨出修补术	手术费	手术收入	3.治疗类：(10)手术治疗费
HRG7P303	带蒂皮瓣转移膀胱外翻修复术	HRG83304	带蒂皮瓣转移膀胱外翻修复术			手术费	手术收入	3.治疗类：(10)手术治疗费
HRG7P304	腹部筋膜鞘转移膀胱外翻修复术	HRG83305	腹部筋膜鞘转移膀胱外翻修复术			手术费	手术收入	3.治疗类：(10)手术治疗费
HRG7P305	肌皮瓣转移膀胱外翻修复术	HRG83306	阔筋膜张肌肌皮瓣转移膀胱外翻修复术			手术费	手术收入	3.治疗类：(10)手术治疗费
		HRG83303	膀胱外翻成形术	331103018	膀胱外翻成形术	手术费	手术收入	3.治疗类：(10)手术治疗费
HRG7P306	膀胱阴道瘘修补术	HRG83307	膀胱阴道瘘修补术	331103019	膀胱阴道瘘修补术	手术费	手术收入	3.治疗类：(10)手术治疗费
HRG7P307	膀胱子宫瘘修补术					手术费	手术收入	3.治疗类：(10)手术治疗费
HRG7P308	膀胱肠瘘修补术					手术费	手术收入	3.治疗类：(10)手术治疗费
HRG7P309	膀胱颈尿道成形术					手术费	手术收入	3.治疗类：(10)手术治疗费
HRG7P401	经阴道膀胱阴道瘘修补术	HRG83401	经阴道膀胱阴道瘘修补术			手术费	手术收入	3.治疗类：(10)手术治疗费
HRG7P501	经腹腔镜膀胱破裂修补术	HRG83501	经腹腔镜膀胱破裂修补术			手术费	手术收入	3.治疗类：(10)手术治疗费
HRG7P502	经腹腔镜膀胱阴道瘘修补术	HRG83502	经腹腔镜膀胱阴道瘘修补术			手术费	手术收入	3.治疗类：(10)手术治疗费
HRH6S601	经尿道膀胱颈内切开术					手术费	手术收入	3.治疗类：(10)手术治疗费
HRH7M301	膀胱颈悬吊术	HRH71301	膀胱颈悬吊术	331103022	膀胱颈悬吊术	手术费	手术收入	3.治疗类：(10)手术治疗费
HRH7M501	经腹腔镜膀胱颈悬吊术	HRH71501	经腹腔镜膀胱颈悬吊术			手术费	手术收入	3.治疗类：(10)手术治疗费
HRH7P301	膀胱颈部Y－V成形术	HRH83301	膀胱颈部Y－V成形术	331103020	膀胱颈部Y-V成形术	手术费	手术收入	3.治疗类：(10)手术治疗费
HRH7Q301	膀胱颈重建术	HRH89301	膀胱颈重建术	331103021	膀胱颈重建术	手术费	手术收入	3.治疗类：(10)手术治疗费
HRJ	4.尿道							
HRJ6K101	胎儿尿道支架放置					手术费	手术收入	3.治疗类：(10)手术治疗费
HRJ6M401	人工尿道括约肌装置更换术	HRJ61301	人工尿道括约肌植入术			手术费	手术收入	3.治疗类：(10)手术治疗费
HRJ6N401	人工尿道括约肌装置取出术					手术费	手术收入	3.治疗类：(10)手术治疗费
HRJ6P301	尿道切开取石术	HRJ65301	尿道切开取石术	331104005	尿道切开取石术	手术费	手术收入	3.治疗类：(10)手术治疗费
HRJ6P601	经尿道尿道结石气压弹道碎石取石术	HRJ65601	经尿道气压弹道碎石术			手术费	手术收入	3.治疗类：(10)手术治疗费
HRJ6P602	经尿道尿道结石激光碎石取石术	HRJ65602	经尿道激光尿道碎石术			手术费	手术收入	3.治疗类：(10)手术治疗费
HRJ6P603	经尿道尿道结石超声碎石取石术	HRJ65603	经尿道超声碎石术			手术费	手术收入	3.治疗类：(10)手术治疗费
HRJ6S301	尿道会阴造口术	HRJ50302	尿道会阴造口术	331104017	尿道会阴造口术	手术费	手术收入	3.治疗类：(10)手术治疗费
HRJ6S601	尿道狭窄切开术	HRJ50301	尿道狭窄切开吻合术			手术费	手术收入	3.治疗类：(10)手术治疗费
HRJ6U301	尿道黏膜脱垂切除术	HRJ73301	尿道黏膜脱垂切除术	331104020	尿道粘膜脱垂切除术	手术费	手术收入	3.治疗类：(10)手术治疗费
HRJ6U302	尿道旁腺囊肿切除术	HRJ73302	尿道旁腺囊肿切除术	331104010	尿道旁腺囊肿摘除术	手术费	手术收入	3.治疗类：(10)手术治疗费
HRJ6U303	尿道狭窄瘢痕切除术	HRJ73303	尿道狭窄瘢痕切除术	331104007	尿道狭窄瘢痕切除术	手术费	手术收入	3.治疗类：(10)手术治疗费
HRJ6U304	重复尿道切除术	HRJ73304	重复尿道切除术	331104012	重复尿道切除术	手术费	手术收入	3.治疗类：(10)手术治疗费
HRJ6U601	男性尿道憩室切除术	HRJ73603	男性尿道憩室切除术			手术费	手术收入	3.治疗类：(10)手术治疗费
HRJ6U602	尿道良性肿物激光汽化切除术	HRJ73601	尿道良性肿物激光气化切除术			手术费	手术收入	3.治疗类：(10)手术治疗费
HRJ6U603	尿道瓣膜切除术	HRJ73602	尿道瓣膜电切术	331104006	尿道瓣膜电切术	手术费	手术收入	3.治疗类：(10)手术治疗费
				331104019	尿道瓣膜切除成形术	手术费	手术收入	3.治疗类：(10)手术治疗费
HRJ6U604	女性尿道憩室切除术	HRJ73604	女性尿道憩室切除术	331104009	尿道憩室切除术	手术费	手术收入	3.治疗类：(10)手术治疗费
HRJ6U605	尿道良性肿物电切术	HRJ73605	尿道良性肿物电切术	331104008	尿道良性肿物切除术	手术费	手术收入	3.治疗类：(10)手术治疗费
HRJ6U606	尿道良性肿物冷刀切除术	HRJ73606	尿道良性肿物冷刀切除术			手术费	手术收入	3.治疗类：(10)手术治疗费
HRJ6X301	前尿道癌根治术	HRJ77301	前尿道癌根治术	331104011	尿道癌根治术	手术费	手术收入	3.治疗类：(10)手术治疗费
HRJ7E301	尿道狭窄扩张术	HRJ80301	尿道狭窄扩张术	311000036	尿道狭窄扩张术	手术费	手术收入	3.治疗类：(10)手术治疗费
HRJ7E302	尿道扩张尿管留置术	HRJ80302	尿道扩张+金属支架置入术			手术费	手术收入	3.治疗类：(10)手术治疗费
HRJ7F301	尿道缩窄术	HRJ81301	尿道缩窄术			手术费	手术收入	3.治疗类：(10)手术治疗费
HRJ7K301	尿道吻接术	HRJ86301	尿道吻接术			手术费	手术收入	3.治疗类：(10)手术治疗费
HRJ7K302	前尿道吻合术	HRJ86302	前尿道吻合术	331104004	前尿道吻合术	手术费	手术收入	3.治疗类：(10)手术治疗费
HRJ7M301	男性尿道中段悬吊术	HRJ71301	男性尿道悬吊术	331104022	尿道悬吊延长术	手术费	手术收入	3.治疗类：(10)手术治疗费
HRJ7M302	经闭孔阴道无张力尿道中段无张力悬吊术					手术费	手术收入	3.治疗类：(10)手术治疗费
HRJ7M303	经耻骨阴道无张力尿道中段无张力悬吊术					手术费	手术收入	3.治疗类：(10)手术治疗费
HRJ7M401	经阴道前壁尿道中段悬吊术	HRJ71401	经阴道前壁尿道悬吊术			手术费	手术收入	3.治疗类：(10)手术治疗费
HRJ7N601	尿道良性肿物电灼术	HRJ72601	尿道良性肿物电灼术			手术费	手术收入	3.治疗类：(10)手术治疗费
HRJ7P301	尿道折叠术	HRJ83301	尿道折叠术	331104002	尿道折叠术	手术费	手术收入	3.治疗类：(10)手术治疗费
HRJ7P302	尿道修补术	HRJ83302	尿道修补术	331104001	尿道修补术	手术费	手术收入	3.治疗类：(10)手术治疗费
HRJ7P303	尿道瘘修补术	HRJ83303	尿道瘘修补术	331104018	尿道瘘修补术	手术费	手术收入	3.治疗类：(10)手术治疗费
HRJ7P304	尿道直肠瘘修补术	HRJ83304	尿道直肠瘘修补术	331104015	尿道直肠瘘修补术	手术费	手术收入	3.治疗类：(10)手术治疗费
HRJ7P305	皮瓣耦合尿道下裂修复术	HRJ83307	皮瓣耦合尿道下裂修复术	331104026	尿道下裂修复术	手术费	手术收入	3.治疗类：(10)手术治疗费
HRJ7P306	阴囊中隔岛状皮瓣尿道下裂修复术	HRJ83308	阴囊中隔岛状皮瓣尿道下裂修复术			手术费	手术收入	3.治疗类：(10)手术治疗费
HRJ7P307	黏膜片游离移植尿道下裂分期修复术	HRJ83309	黏膜片游离移植尿道下裂分期修复术			手术费	手术收入	3.治疗类：(10)手术治疗费
HRJ7P308	皮瓣耦合尿道预制尿道下裂修复术	HRJ83310	皮瓣耦合尿道预制尿道下裂修复术			手术费	手术收入	3.治疗类：(10)手术治疗费
HRJ7P309	黏膜卷管分期尿道预制尿道下裂修复术	HRJ83311	黏膜卷管尿道预制尿道下裂修复术			手术费	手术收入	3.治疗类：(10)手术治疗费
HRJ7P310	尿道下裂修复术-皮瓣隧道法	HRJ83312	尿道下裂修复术-皮瓣隧道法			手术费	手术收入	3.治疗类：(10)手术治疗费
HRJ7P311	口腔黏膜游离移植与阴囊中隔岛状皮瓣耦合尿道下裂修复术	HRJ83313	口腔黏膜游离移植与阴囊中隔岛状皮瓣耦合尿道下裂修复术			手术费	手术收入	3.治疗类：(10)手术治疗费
HRJ7P312	局部皮瓣尿道下裂修复术	HRJ83314	局部皮瓣尿道下裂修复术			手术费	手术收入	3.治疗类：(10)手术治疗费
HRJ7P313	包皮瓣尿道成形修复术	HRJ83315	包皮瓣尿道成形修复术			手术费	手术收入	3.治疗类：(10)手术治疗费
HRJ7P314	局部皮瓣尿道上裂修复术	HRJ83316	局部皮瓣尿道上裂修复术	331104027	尿道上裂修复术	手术费	手术收入	3.治疗类：(10)手术治疗费
HRJ7P315	尿道外口成形术	HRJ83317	尿道外口成形术	331104021	尿道外口整形术	手术费	手术收入	3.治疗类：(10)手术治疗费
HRJ7P316	黏膜卷预制+尿道吻接一期成形术	HRJ83318	黏膜卷预制+尿道吻接一期成形术			手术费	手术收入	3.治疗类：(10)手术治疗费
HRJ7P317	尿道下裂Ⅰ期成形术	HRJ83319	尿道下裂Ⅰ期成形术	331104023	尿道下裂Ⅰ期成形术	手术费	手术收入	3.治疗类：(10)手术治疗费
HRJ7P318	尿道下裂Ⅱ期成形术	HRJ83320	尿道下裂Ⅱ期成形术	331104024	尿道下裂Ⅱ期成形术	手术费	手术收入	3.治疗类：(10)手术治疗费
HRJ7P319	尿道上裂膀胱外翻矫治术	HRJ83322	尿道上裂膀胱外翻矫治术	331104028	尿道上裂膀胱外翻矫治术	手术费	手术收入	3.治疗类：(10)手术治疗费
HRJ7P320	尿道下裂阴茎下弯矫治术	HRJ83323	尿道下裂阴茎下弯矫治术	331104025	尿道下裂阴茎下弯矫治术	手术费	手术收入	3.治疗类：(10)手术治疗费
HRJ7P321	男变女性尿道移位成形术	HRJ89304	男变女性尿道移位成形术	331305017	变性术	手术费	手术收入	3.治疗类：(10)手术治疗费
HRJ7P322	会阴阴囊皮瓣尿道成形术	HRJ83321	会阴阴囊皮瓣尿道成形术	331104016	会阴阴囊皮瓣尿道成型术	手术费	手术收入	3.治疗类：(10)手术治疗费
HRJ7P401	尿道阴道瘘修复术	HRJ83305	尿道阴道瘘修复术	331104014	尿道阴道瘘修补术	手术费	手术收入	3.治疗类：(10)手术治疗费
HRJ7Q301	包皮瓣转移术	HRJ89303	包皮瓣移植术			手术费	手术收入	3.治疗类：(10)手术治疗费
HRJ7Q302	男性尿道重建术	HRJ89302	男性尿道重建术			手术费	手术收入	3.治疗类：(10)手术治疗费
HRJ7Q303	女性尿道重建术	HRJ89301	女性尿道重建术	331104013	尿道重建术	手术费	手术收入	3.治疗类：(10)手术治疗费
HRJ7Q801	尿道会师牵引术	HRJ73801	尿道会师术	331104003	尿道会师术	手术费	手术收入	3.治疗类：(10)手术治疗费
HRK6X301	后尿道癌根治术	HRJ77302	后尿道癌根治术			手术费	手术收入	3.治疗类：(10)手术治疗费
HRK7K301	后尿道吻合术	HRJ86303	后尿道吻合术			手术费	手术收入	3.治疗类：(10)手术治疗费
HRK7L301	后尿道套入术	HRJ86304	后尿道拖入术			手术费	手术收入	3.治疗类：(10)手术治疗费
HRK7P301	经耻骨入路后尿道阴道修补术	HRJ83306	经耻骨入路后尿道阴道修补术			手术费	手术收入	3.治疗类：(10)手术治疗费
HRP	5.腹膜							
HRP6K101	经皮穿刺腹膜透析置管术	HRP62101	经皮穿刺腹膜透析置管术			手术费	手术收入	3.治疗类：(10)手术治疗费
HRP6K301	腹膜透析置管术	HRP62301	腹膜透析置管术	311000001	腹膜透析置管术	手术费	手术收入	3.治疗类：(10)手术治疗费
HRP6K501	经简易腹腔镜(Y-Tec)腹膜透析置管术	HRP62501	经简易腹腔镜(Y-Tec)腹膜透析置管术			手术费	手术收入	3.治疗类：(10)手术治疗费
HRP6K502	经腹腔镜腹膜透析置管术	HRP62502	经腹腔镜腹膜透析置管术			手术费	手术收入	3.治疗类：(10)手术治疗费
HRP6M301	腹膜透析管换管术	HRP63301	腹膜透析管换管术	311000004	腹膜透析换管	手术费	手术收入	3.治疗类：(10)手术治疗费
HRP6R301	后腹膜腔血肿清创引流术					手术费	手术收入	3.治疗类：(10)手术治疗费
HRP6R302	腹膜外血肿清创引流术					手术费	手术收入	3.治疗类：(10)手术治疗费
HRP6R501	经腹腔镜腹膜外血肿清创引流术					手术费	手术收入	3.治疗类：(10)手术治疗费
HRP6U301	腹膜后淋巴结清扫术					手术费	手术收入	3.治疗类：(10)手术治疗费
HRP6U501	经腹腔镜腹膜后肿物切除术					手术费	手术收入	3.治疗类：(10)手术治疗费
HRP6W301	大网膜切除术					手术费	手术收入	3.治疗类：(10)手术治疗费
HRP7H501	经腹腔镜腹膜透析导管复位术					手术费	手术收入	3.治疗类：(10)手术治疗费
HRP7P301	腹膜后疝修补术					手术费	手术收入	3.治疗类：(10)手术治疗费
HRP7P302	网膜疝修补术					手术费	手术收入	3.治疗类：(10)手术治疗费
HRP7Q301	心脏大网膜游离移植术	HM989301	大网膜游离移植术	330804065	大网膜游离移植术	手术费	手术收入	3.治疗类：(10)手术治疗费
				330201058	大网膜颅内移植术	手术费	手术收入	3.治疗类：(10)手术治疗费
HS	(十三)男性生殖系统							
HSB	1.睾丸							
HSB6D301	睾丸切开活检术	FSB07301	睾丸切开活检术			手术费	手术收入	3.治疗类：(10)手术治疗费
HSB6W301	睾丸切除术	HSB75301	睾丸切除术	331202011	睾丸切除术	手术费	手术收入	3.治疗类：(10)手术治疗费
HSB6W302	睾丸肿瘤切除术					手术费	手术收入	3.治疗类：(10)手术治疗费
HSB6X301	小儿睾丸肿瘤切除术					手术费	手术收入	3.治疗类：(10)手术治疗费
HSB6X302	睾丸肿瘤根治术	HSB77301	睾丸肿瘤根治切除术			手术费	手术收入	3.治疗类：(10)手术治疗费
HSB7H301	睾丸鞘膜翻转术	HSB70301	睾丸鞘膜翻转术	331202006	睾丸鞘膜翻转术	手术费	手术收入	3.治疗类：(10)手术治疗费
HSB7M301	睾丸固定术	HSB71301	睾丸固定术	331202010	睾丸固定术	手术费	手术收入	3.治疗类：(10)手术治疗费
HSB7M302	隐睾下降固定术	HSB71302	隐睾下降固定术	331202005	高位隐睾下降固定术	手术费	手术收入	3.治疗类：(10)手术治疗费
HSB7M501	经腹腔镜隐睾下降固定术	HSB71501	经腹腔镜隐睾下降固定术			手术费	手术收入	3.治疗类：(10)手术治疗费
		FSB09501	经腹腔镜隐睾探查术	331202014	经腹腔镜隐睾探查术	手术费	手术收入	3.治疗类：(10)手术治疗费
HSB7P301	睾丸扭转整复术	FSB09301	睾丸附件扭转探查术	331202008	睾丸附件扭转探查术	手术费	手术收入	3.治疗类：(10)手术治疗费
HSB7P302	睾丸破裂修补术	HSB83301	睾丸破裂修补术	331202009	睾丸破裂修补术	手术费	手术收入	3.治疗类：(10)手术治疗费
HSB7P303	交通性鞘膜积液修补术	HSB83302	交通性鞘膜积液修补术	331202007	交通性鞘膜积液修补术	手术费	手术收入	3.治疗类：(10)手术治疗费
HSB7S301	睾丸切开取精子术(TESE)	HSB60301	睾丸切开取精子术			手术费	手术收入	3.治疗类：(10)手术治疗费
HSB7S302	显微睾丸切开取精术(micro-TESE)	HSB60302	显微镜下睾丸切开取精术(MTSA)			手术费	手术收入	3.治疗类：(10)手术治疗费
HSB7T301	显微自体睾丸移植术	HSB90301	自体睾丸移植术	331202013	自体睾丸移植术	手术费	手术收入	3.治疗类：(10)手术治疗费
HSD-HSH	2.输精管道							
HSD	附睾							
HSD6U301	附睾肿物切除术	HSD73301	附睾切除术	331203001	附睾切除术	手术费	手术收入	3.治疗类：(10)手术治疗费
HSD7S101	经皮穿刺附睾精子抽吸术(PESA)	HSD60101	经皮穿刺附睾精子抽吸术(PESA)	311100007	附睾抽吸精子分离术	手术费	手术收入	3.治疗类：(10)手术治疗费
		HSD60301	显微镜下附睾切开取精术(MESA)			手术费	手术收入	3.治疗类：(10)手术治疗费
HSE	输精管							
HSE6U301	输精管痛性结节切除术	HSE73301	输精管角性结节切除术	331203010	输精管角性结节切除术	手术费	手术收入	3.治疗类：(10)手术治疗费
HSE7D101	输精管粘堵术	HSE59101	输精管粘堵术	331203009	输精管粘堵术	手术费	手术收入	3.治疗类：(10)手术治疗费
HSE7D301	输精管结扎术	HSE59301	输精管结扎术	331203008	输精管结扎术	手术费	手术收入	3.治疗类：(10)手术治疗费
HSE7K301	显微输精管-输精管吻合术	HSE86301	输精管吻合术	331203011	输精管吻合术	手术费	手术收入	3.治疗类：(10)手术治疗费
HSE7K302	显微输精管附睾吻合术	HSE86302	输精管副睾管吻合术	331203002	输精管附睾吻合术	手术费	手术收入	3.治疗类：(10)手术治疗费
		HSE62301	输精管插管术	331203007	输精管插管术	手术费	手术收入	3.治疗类：(10)手术治疗费
HSF	射精管							
HSF6S401	经尿道射精管切开术	HSF50401	经尿道射精管切开术	331203013	经尿道射精管切开术	手术费	手术收入	3.治疗类：(10)手术治疗费
HSF6S601	经尿道内镜下精阜切开术					手术费	手术收入	3.治疗类：(10)手术治疗费
HSF7E601	射精管狭窄扩张术					手术费	手术收入	3.治疗类：(10)手术治疗费
HSH	精索							
HSH7D201	经皮穿刺精索静脉曲张栓塞术	HSH59302	精索静脉曲张栓塞术	331203005	精索静脉曲张栓塞术	手术费	手术收入	3.治疗类：(10)手术治疗费
HSH7D301	精索静脉曲张高位结扎术	HSH59301	精索静脉曲张高位结扎术	331203006	精索静脉曲张高位结扎术	手术费	手术收入	3.治疗类：(10)手术治疗费
HSH7D501	经腹腔镜精索静脉高位结扎术	HSH59501	经腹腔镜精索静脉曲张高位结扎术			手术费	手术收入	3.治疗类：(10)手术治疗费
HSH7K301	精索淋巴管静脉吻合术	HSH86302	显微镜下精索淋巴管静脉吻合术			手术费	手术收入	3.治疗类：(10)手术治疗费
HSH7K302	精索静脉转流术	HSH86301	精索静脉转流术	331203003	精索静脉转流术	手术费	手术收入	3.治疗类：(10)手术治疗费
		HSH73301	精索静脉瘤切除术	331203004	精索静脉瘤切除术	手术费	手术收入	3.治疗类：(10)手术治疗费
HSJ-HSK	3.附属腺体							
HSJ	精囊							
HSJ6B601	精囊冲洗术					手术费	手术收入	3.治疗类：(10)手术治疗费
HSJ6P601	经精囊镜碎石取石术					手术费	手术收入	3.治疗类：(10)手术治疗费
HSJ6U301	经膀胱后精囊肿物切除术	HSJ73301	经膀胱后精囊肿物切除术	331201009	精囊肿物切除术	手术费	手术收入	3.治疗类：(10)手术治疗费
HSJ6U501	经腹腔镜膀胱后精囊肿物切除术	HSJ73501	经腹腔镜膀胱后精囊肿物切除术			手术费	手术收入	3.治疗类：(10)手术治疗费
HSJ6W601	经精囊镜肿物切除术					手术费	手术收入	3.治疗类：(10)手术治疗费
HSK	前列腺							
HSK6K401	经尿道前列腺支架置入术	HSK62401	经尿道前列腺支架置入术	331201008	经尿道前列腺支架置入术	手术费	手术收入	3.治疗类：(10)手术治疗费
HSK6S301	前列腺脓肿切开术	HSK45301	前列腺脓肿切开术	331201005	前列腺脓肿切开术	手术费	手术收入	3.治疗类：(10)手术治疗费
HSK6U301	耻骨上经膀胱前列腺摘除术	HSK73301	耻骨上前列腺摘除术	331201002	耻骨上前列腺切除术	手术费	手术收入	3.治疗类：(10)手术治疗费
HSK6U302	耻骨后前列腺摘除术	HSK73302	耻骨后前列腺摘除术	331201003	耻骨后前列腺切除术	手术费	手术收入	3.治疗类：(10)手术治疗费
HSK6U303	保留尿道耻骨后前列腺摘除术	HSK73303	保留尿道耻骨后前列腺摘除术			手术费	手术收入	3.治疗类：(10)手术治疗费
HSK6U401	经尿道前列腺激光气化切除术	HSK73401	经尿道前列腺激光气化切除术			手术费	手术收入	3.治疗类：(10)手术治疗费
HSK6U402	经尿道前列腺等离子切除术	HSK73402	经尿道前列腺等离子切除术			手术费	手术收入	3.治疗类：(10)手术治疗费
HSK6U403	经尿道前列腺激光切除术	HSK73403	经尿道前列腺激光切除术			手术费	手术收入	3.治疗类：(10)手术治疗费
HSK6U501	经腹腔镜耻骨后前列腺摘除术	HSK73502	经腹腔镜耻骨后前列腺摘除术			手术费	手术收入	3.治疗类：(10)手术治疗费
HSK6U601	经尿道前列腺电切术	HSK73601	经尿道膀胱镜前列腺电切术	331201006	经尿道前列腺电切术	手术费	手术收入	3.治疗类：(10)手术治疗费
HSK6X301	经耻骨后前列腺癌根治术	HSK77301	经耻骨后前列腺癌根治术	331201001	前列腺癌根治术	手术费	手术收入	3.治疗类：(10)手术治疗费
HSK6X302	经会阴前列腺癌根治术	HSK77302	经会阴前列腺癌根治术			手术费	手术收入	3.治疗类：(10)手术治疗费
HSK6X303	保留神经前列腺癌根治术	HSK77303	保留神经前列腺癌根治术			手术费	手术收入	3.治疗类：(10)手术治疗费
HSK6X501	经腹腔镜前列腺癌根治术	HSK77501	经腹腔镜前列腺癌根治术			手术费	手术收入	3.治疗类：(10)手术治疗费
HSK6X502	经腹腔镜保留神经前列腺癌根治术	HSK77502	经腹腔镜保留神经前列腺癌根治术			手术费	手术收入	3.治疗类：(10)手术治疗费
		HSK73304	前列腺囊肿切除术	331201004	前列腺囊肿切除术	手术费	手术收入	3.治疗类：(10)手术治疗费
		HSK73305	经会阴前列腺囊肿切除术			手术费	手术收入	3.治疗类：(10)手术治疗费
		HSK73501	经腹腔镜前列腺囊肿切除术			手术费	手术收入	3.治疗类：(10)手术治疗费
HSK7E401	经尿道前列腺气囊扩张术	HSK80401	经尿道前列腺气囊扩张术	331201007	经尿道前列腺气囊扩张术	手术费	手术收入	3.治疗类：(10)手术治疗费
HSK7N401	经尿道前列腺冷冻术					手术费	手术收入	3.治疗类：(10)手术治疗费
HSK7N601	经尿道膀胱镜前列腺汽化术	HSK72601	经尿道膀胱镜前列腺汽化术			手术费	手术收入	3.治疗类：(10)手术治疗费
HSM	4.阴囊							
HSM6R301	阴囊脓肿引流术	HSM45301	阴囊脓肿引流术	331202002	阴囊脓肿引流术	手术费	手术收入	3.治疗类：(10)手术治疗费
HSM6U301	阴囊肿物切除术	HSM73301	阴囊肿物切除术	331202004	阴囊肿物切除术	手术费	手术收入	3.治疗类：(10)手术治疗费
HSM6U302	阴囊坏死扩创术	HSM73302	阴囊坏死扩创术	331202001	阴囊坏死扩创术	手术费	手术收入	3.治疗类：(10)手术治疗费
HSM7P301	阴囊橡皮肿病变组织切除阴囊整形术(小)	HSM73303	阴囊橡皮肿病变组织切除阴囊整形术(小)	331604020	橡皮肿整形术	手术费	手术收入	3.治疗类：(10)手术治疗费
HSM7P302	阴囊橡皮肿病变组织切除阴囊整形术(中)	HSM73304	阴囊橡皮肿病变组织切除阴囊整形术(中)			手术费	手术收入	3.治疗类：(10)手术治疗费
HSM7P303	阴囊橡皮肿病变组织切除阴囊整形术(大)	HSM73305	阴囊橡皮肿病变组织切除阴囊整形术(大)			手术费	手术收入	3.治疗类：(10)手术治疗费
HSM7P304	阴囊阴茎部分缺失游离皮瓣修复术					手术费	手术收入	3.治疗类：(10)手术治疗费
HSM7P305	阴囊裂伤缝合术					手术费	手术收入	3.治疗类：(10)手术治疗费
HSM7P306	阴囊瘘管修补术					手术费	手术收入	3.治疗类：(10)手术治疗费
HSM7P307	假体置入阴囊成形术	HSM89301	假体置入阴囊成形术	331202003	阴囊成形术	手术费	手术收入	3.治疗类：(10)手术治疗费
HSM7P308	皮瓣转移阴囊成形术	HSM89302	皮瓣转移阴囊成形术			手术费	手术收入	3.治疗类：(10)手术治疗费
HSN-HSQ	5.阴茎							
HSN6B101	阴茎海绵体内药物注射	HSN48101	阴茎海绵体内药物注射	311100009	阴茎海绵体内药物注射	手术费	手术收入	3.治疗类：(10)手术治疗费
HSN6B102	阴茎海绵体灌流治疗	HSN48102	阴茎海绵体灌流治疗	311100012	阴茎海绵体灌流治疗术	手术费	手术收入	3.治疗类：(10)手术治疗费
HSN6K301	阴茎假体置入术	HSN62301	阴茎假体置入术	331204012	阴茎假体置放术	手术费	手术收入	3.治疗类：(10)手术治疗费
HSN6N301	阴茎假体取出术					手术费	手术收入	3.治疗类：(10)手术治疗费
HSN6P301	生殖器异物取出术					手术费	手术收入	3.治疗类：(10)手术治疗费
HSN6T301	阴茎海绵体分离术	HSN58301	阴茎海绵体分离术	331204018	阴茎海绵体分离术	手术费	手术收入	3.治疗类：(10)手术治疗费
HSN6U301	尿道外口囊肿切除术	HSN73304	阴茎囊肿切除术	331204006	阴茎囊肿切除术	手术费	手术收入	3.治疗类：(10)手术治疗费
HSN6U302	阴茎外伤清创术	HSN73301	阴茎外伤清创术	331204004	阴茎外伤清创术	手术费	手术收入	3.治疗类：(10)手术治疗费
HSN6U303	阴茎部分切除术	HSN73302	阴茎部分切除术	331204007	阴茎部分切除术	手术费	手术收入	3.治疗类：(10)手术治疗费
HSN6U304	阴茎硬结切除术	HSN73303	阴茎硬结切除术			手术费	手术收入	3.治疗类：(10)手术治疗费
HSN6U305	阴茎淋巴管瘤切除术	HSN73305	阴茎淋巴管瘤切除术			手术费	手术收入	3.治疗类：(10)手术治疗费
HSN6W301	阴茎全切术	HSN75301	阴茎全切术	331204008	阴茎全切术	手术费	手术收入	3.治疗类：(10)手术治疗费
HSN6W302	阴茎阴囊全切术	HSN75302	阴茎阴囊全切除术	331204009	阴茎阴囊全切术	手术费	手术收入	3.治疗类：(10)手术治疗费
HSN6X301	阴茎癌根治性手术	HSN77301	阴茎癌根治性手术			手术费	手术收入	3.治疗类：(10)手术治疗费
HSN7C301	阴茎瘢痕挛缩松解术	HSN57301	阴茎瘢痕挛缩松解术			手术费	手术收入	3.治疗类：(10)手术治疗费
HSN7G301	浅悬韧带切断阴茎延长术	HSN82301	浅悬韧带切断阴茎延长术			手术费	手术收入	3.治疗类：(10)手术治疗费
HSN7G302	阴茎增粗术	HSN82302	阴茎增粗术	331204014	阴茎延长术	手术费	手术收入	3.治疗类：(10)手术治疗费
HSN7K301	尿道阴茎海绵体分流术	HSN86301	尿道阴茎海绵体分流术	331204016	尿道阴茎海绵体分流术	手术费	手术收入	3.治疗类：(10)手术治疗费
HSN7L301	阴茎再植术	HSN87301	阴茎再植术	331204005	阴茎再植术	手术费	手术收入	3.治疗类：(10)手术治疗费
HSN7N301	阴茎赘生物冷冻术	HSN72302	阴茎赘生物冷冻术			手术费	手术收入	3.治疗类：(10)手术治疗费
HSN7P301	龟头成形术	HSN83306	龟头成形术			手术费	手术收入	3.治疗类：(10)手术治疗费
HSN7P302	阴茎畸形整形术	HSN83301	阴茎畸形整形术	331204013	阴茎畸型整形术	手术费	手术收入	3.治疗类：(10)手术治疗费
				331305016	两性畸形整形术	手术费	手术收入	3.治疗类：(10)手术治疗费
HSN7P303	阴茎弯曲矫正术	HSN83302	阴茎弯曲矫正术			手术费	手术收入	3.治疗类：(10)手术治疗费
HSN7P304	隐匿型阴茎矫治术	HSN83303	隐匿型阴茎矫治术			手术费	手术收入	3.治疗类：(10)手术治疗费
HSN7P305	阴茎阴囊粘连矫治术	HSN83304	阴茎阴囊粘连矫治术			手术费	手术收入	3.治疗类：(10)手术治疗费
HSN7P306	阴茎阴囊转位矫治术	HSN83305	阴茎阴囊转位矫治术	331204015	阴茎阴囊移位整形术	手术费	手术收入	3.治疗类：(10)手术治疗费
HSN7P307	阴茎海绵体损伤修补术					手术费	手术收入	3.治疗类：(10)手术治疗费
HSN7P308	阴茎重建成形术	HSN89301	阴茎重建成形术	331204010	阴茎重建成形术	手术费	手术收入	3.治疗类：(10)手术治疗费
HSN7Q301	阴茎再造术	HSN89302	阴茎再造术	331204011	阴茎再造术	手术费	手术收入	3.治疗类：(10)手术治疗费
HSN7Q302	部分阴茎再造术	HSN89303	部分阴茎再造术			手术费	手术收入	3.治疗类：(10)手术治疗费
HSN7Q303	岛状皮瓣阴茎再造术	HSN89304	岛状皮瓣阴茎再造术			手术费	手术收入	3.治疗类：(10)手术治疗费
HSN7Q304	局部皮瓣阴茎再造术	HSN89305	局部皮瓣阴茎再造术			手术费	手术收入	3.治疗类：(10)手术治疗费
HSN7Q305	吻合血管游离皮瓣阴茎再造术	HSN89306	吻合血管游离皮瓣阴茎再造术			手术费	手术收入	3.治疗类：(10)手术治疗费
HSN7Q306	女变男性阴茎再造术	HSN89307	女变男性阴茎再造术			手术费	手术收入	3.治疗类：(10)手术治疗费
HSN7Q307	阴茎阴囊皮肤撕脱伤回植术	HSN89308	阴茎阴囊皮肤撕脱伤回植术			手术费	手术收入	3.治疗类：(10)手术治疗费
HSP6S301	包皮纵切包茎口切开术	HSP80302	包皮纵切包茎扩张术			手术费	手术收入	3.治疗类：(10)手术治疗费
HSP6T301	包皮分离术	HSP58301	包皮分离术			手术费	手术收入	3.治疗类：(10)手术治疗费
HSP6U301	包皮环切术	HSP73301	包皮环切术	331204002	包皮环切术	手术费	手术收入	3.治疗类：(10)手术治疗费
HSP6U302	阴茎根部皮肤切除包皮过长矫治术	HSP73302	阴茎根部皮肤切除包皮过长矫治术			手术费	手术收入	3.治疗类：(10)手术治疗费
HSP6U303	包皮根部环切术					手术费	手术收入	3.治疗类：(10)手术治疗费
HSP7C301	嵌顿包茎松解术	HSP57301	嵌顿包茎松解术	331204001	嵌顿包茎松解术	手术费	手术收入	3.治疗类：(10)手术治疗费
HSP7D301	小儿包皮套扎术					手术费	手术收入	3.治疗类：(10)手术治疗费
HSP7M301	隐匿阴茎包皮成形筋膜固定术	HSP83305	隐匿阴茎包皮成形筋膜固定术			手术费	手术收入	3.治疗类：(10)手术治疗费
HSP7P301	包茎矫正术-无痛液压扩张法	HSP83301	包茎矫正术-无痛液压扩张法			手术费	手术收入	3.治疗类：(10)手术治疗费
HSP7P302	包茎整形术	HSP83302	包茎整形术			手术费	手术收入	3.治疗类：(10)手术治疗费
HSP7P303	包皮象皮肿病变组织切除包皮整形术	HSP73303	包皮橡皮肿病变组织切除包皮整形术			手术费	手术收入	3.治疗类：(10)手术治疗费
HSP7P304	阴茎包皮过短矫治术	HSP83303	阴茎包皮过短矫治术	331204003	阴茎包皮过短整形术	手术费	手术收入	3.治疗类：(10)手术治疗费
HSP7P305	包皮系带过短矫治术	HSP83304	包皮系带过短矫治术			手术费	手术收入	3.治疗类：(10)手术治疗费
HSQ7D301	阴茎背动脉结扎术	HSQ59302	阴茎背动脉结扎术			手术费	手术收入	3.治疗类：(10)手术治疗费
HSQ7D302	阴茎静脉结扎术	HSQ59301	阴茎静脉结扎术	331204019	阴茎静脉结扎术	手术费	手术收入	3.治疗类：(10)手术治疗费
HSQ7Q301	阴茎血管重建术	HSQ89301	阴茎血管重建术	331204017	阴茎血管重建术	手术费	手术收入	3.治疗类：(10)手术治疗费
HSZ6E301	两性畸形剖腹探查术	FSZ09301	两性畸形剖腹探查术	331202015	两性畸型剖腹探查术	手术费	手术收入	3.治疗类：(10)手术治疗费
HSZ6E501	经腹腔镜两性畸形剖腹探查术	FSZ09801	经腹腔镜两性畸形剖腹探查术			手术费	手术收入	3.治疗类：(10)手术治疗费
HSZ6U301	会阴淋巴管瘤切除术	HSZ73301	会阴淋巴管瘤切除术			手术费	手术收入	3.治疗类：(10)手术治疗费
HSZ7K301	腹壁下动脉-海绵体吻合术	HSZ86301	腹壁下动脉-海绵体吻合术			手术费	手术收入	3.治疗类：(10)手术治疗费
HSZ7K302	腹壁下动脉-阴茎背动脉端侧吻合术	HSZ86302	腹壁下动脉-阴茎背动脉端侧吻合术			手术费	手术收入	3.治疗类：(10)手术治疗费
HSZ7K303	腹壁下动脉-背深静脉端侧吻合术	HSZ86303	腹壁下动脉-背深静脉端侧吻合术			手术费	手术收入	3.治疗类：(10)手术治疗费
HT	(十四)女性生殖系统							
HTA	1.女性生殖器官							
HTA6X301	女性生殖系统肿瘤细胞减灭术	HTA77301	经腹女性生殖系统肿瘤细胞减灭术			手术费	手术收入	3.治疗类：(10)手术治疗费
HTA6X501	经腹腔镜女性生殖系统肿瘤细胞减灭术	HTA77501	经腹腔镜女性生殖系统肿瘤细胞减灭术	311201022	妇科晚期恶性肿瘤减瘤术	手术费	手术收入	3.治疗类：(10)手术治疗费
HTB	2.卵巢							
HTB6E301	腹盆腔探查术	FTB09301	经腹盆腔卵巢探查术	331301007	卵巢癌探查术	手术费	手术收入	3.治疗类：(10)手术治疗费
HTB6E302	卵巢切开探查术	FTB09302	经腹单侧卵巢切开探查术			手术费	手术收入	3.治疗类：(10)手术治疗费
HTB6E501	经腹腔镜腹盆腔探查术	FTB09501	经腹腔镜卵巢探查术			手术费	手术收入	3.治疗类：(10)手术治疗费
HTB6E502	经腹腔镜卵巢切开探查术	FTB09502	经腹腔镜单侧卵巢切开探查术			手术费	手术收入	3.治疗类：(10)手术治疗费
HTB6F501	经腹腔镜卵巢电凝止血术					手术费	手术收入	3.治疗类：(10)手术治疗费
HTB6P101	经腹腔镜卵巢囊肿/卵泡抽吸术					手术费	手术收入	3.治疗类：(10)手术治疗费
HTB6P301	卵巢囊肿/卵泡抽吸术					手术费	手术收入	3.治疗类：(10)手术治疗费
HTB6P302	卵巢囊肿剥除术	HTB73301	经腹单侧卵巢囊肿剥除术			手术费	手术收入	3.治疗类：(10)手术治疗费
HTB6P303	卵巢冠囊肿剥除术	HTB73302	经腹单侧卵巢冠囊肿剥除术	331301002	卵巢囊肿剔除术	手术费	手术收入	3.治疗类：(10)手术治疗费
HTB6P304	卵巢黄体血肿清除术					手术费	手术收入	3.治疗类：(10)手术治疗费
HTB6P401	经阴道卵巢囊肿剥除术					手术费	手术收入	3.治疗类：(10)手术治疗费
HTB6P501	经腹腔镜卵巢囊肿剥除术	HTB73501	经腹腔镜单侧卵巢囊肿剥除术			手术费	手术收入	3.治疗类：(10)手术治疗费
HTB6P502	经腹腔镜卵巢冠囊肿剥除术	HTB73502	经腹腔镜单侧卵巢冠囊肿剥除术			手术费	手术收入	3.治疗类：(10)手术治疗费
HTB6S301	卵巢打孔术	HTB72301	经腹单侧卵巢打孔术			手术费	手术收入	3.治疗类：(10)手术治疗费
HTB6S501	经腹腔镜卵巢囊肿开窗术					手术费	手术收入	3.治疗类：(10)手术治疗费
HTB6S502	经腹腔镜卵巢打孔术	HTB72501	经腹腔镜单侧卵巢打孔术			手术费	手术收入	3.治疗类：(10)手术治疗费
HTB6U301	卵巢楔形切除成形术	HTB73303	经腹单侧卵巢楔形切除术	331301004	卵巢楔形切除术	手术费	手术收入	3.治疗类：(10)手术治疗费
HTB6U302	卵巢切除术	HTB73304	经腹单侧卵巢切除术	331301005	卵巢切除术	手术费	手术收入	3.治疗类：(10)手术治疗费
HTB6U303	卵巢输卵管切除术	HTB73305	经腹单侧卵巢输卵管切除术	331301008	卵巢输卵管切除术	手术费	手术收入	3.治疗类：(10)手术治疗费
HTB6U304	卵巢部分切除术					手术费	手术收入	3.治疗类：(10)手术治疗费
HTB6U305	卵巢黄体切除术					手术费	手术收入	3.治疗类：(10)手术治疗费
HTB6U401	经阴道卵巢病损切除术					手术费	手术收入	3.治疗类：(10)手术治疗费
HTB6U402	经阴道卵巢切除术					手术费	手术收入	3.治疗类：(10)手术治疗费
HTB6U501	经腹腔镜卵巢楔形切除成形术	HTB73503	经腹腔镜单侧卵巢楔形切除术			手术费	手术收入	3.治疗类：(10)手术治疗费
HTB6U502	经腹腔镜卵巢切除术	HTB73504	经腹腔镜单侧卵巢切除术			手术费	手术收入	3.治疗类：(10)手术治疗费
HTB6U503	经腹腔镜卵巢输卵管切除术	HTB73505	经腹腔镜单侧卵巢输卵管切除术			手术费	手术收入	3.治疗类：(10)手术治疗费
HTB6X301	卵巢癌分期手术	HTB77301	经腹卵巢癌分期手术	331301006	卵巢癌根治术	手术费	手术收入	3.治疗类：(10)手术治疗费
HTB6X501	经腹腔镜卵巢癌分期手术	HTB77501	经腹腔镜卵巢癌分期手术			手术费	手术收入	3.治疗类：(10)手术治疗费
HTB7D301	卵巢动静脉高位结扎术					手术费	手术收入	3.治疗类：(10)手术治疗费
HTB7H301	卵巢扭转复位术					手术费	手术收入	3.治疗类：(10)手术治疗费
HTB7J301	卵巢移位术	HTB88301	经腹单侧卵巢移位术	331301009	卵巢移位术	手术费	手术收入	3.治疗类：(10)手术治疗费
HTB7J501	经腹腔镜卵巢移位术	HTB88501	经腹腔镜单侧卵巢移位术			手术费	手术收入	3.治疗类：(10)手术治疗费
HTB7N301	卵巢病损电凝术					手术费	手术收入	3.治疗类：(10)手术治疗费
HTB7N501	经腹腔镜卵巢病损电凝术					手术费	手术收入	3.治疗类：(10)手术治疗费
HTB7N502	经腹腔镜卵巢黄体电凝术					手术费	手术收入	3.治疗类：(10)手术治疗费
HTB7N503	经腹腔镜泡状附件电凝术					手术费	手术收入	3.治疗类：(10)手术治疗费
HTB7P301	卵巢成形术	HTB83301	经腹单侧卵巢成形术			手术费	手术收入	3.治疗类：(10)手术治疗费
		HTB83501	经腹腔镜单侧卵巢成形术			手术费	手术收入	3.治疗类：(10)手术治疗费
				331301003	卵巢修补术	手术费	手术收入	3.治疗类：(10)手术治疗费
HTB7P501	经腹腔镜卵巢破裂修补术					手术费	手术收入	3.治疗类：(10)手术治疗费
HTB7Q301	卵巢移植术	HTB89301	经腹单侧卵巢移植术	331301010	卵巢移植术	手术费	手术收入	3.治疗类：(10)手术治疗费
HTB7Q501	经腹腔镜卵巢移植术	HTB89501	经腹腔镜单侧卵巢移植术			手术费	手术收入	3.治疗类：(10)手术治疗费
HTB7S501	经腹腔镜取卵术	HTB60501	经腹腔镜取卵术	331306001	经腹腔镜取卵术	手术费	手术收入	3.治疗类：(10)手术治疗费
HTC-HTM	3.输送管道							
HTC	输卵管							
HTC6B301	输卵管内药物注射	HTC48301	经腹单侧输卵管内药物注射	331302010	输卵管介入治疗	手术费	手术收入	3.治疗类：(10)手术治疗费
HTC6B501	经腹腔镜输卵管内药物注射	HTC48501	经腹腔镜单侧输卵管内药物注射			手术费	手术收入	3.治疗类：(10)手术治疗费
HTC6D501	经腹腔镜输卵管活检术					手术费	手术收入	3.治疗类：(10)手术治疗费
HTC6P301	输卵管系膜囊肿剥除术	HTC73301	经腹单侧输卵管系膜囊肿剥除术			手术费	手术收入	3.治疗类：(10)手术治疗费
HTC6P501	经腹腔镜输卵管系膜囊肿剥除术	HTC73501	经腹腔镜单侧输卵管系膜囊肿剥除术			手术费	手术收入	3.治疗类：(10)手术治疗费
HTC6R501	经腹腔镜输卵管积水穿刺术	HTC45501	经腹腔镜单侧输卵管积水穿刺术			手术费	手术收入	3.治疗类：(10)手术治疗费
HTC6S301	输卵管开窗术	HTC50301	经腹单侧输卵管开窗术			手术费	手术收入	3.治疗类：(10)手术治疗费
HTC6S302	输卵管造口术					手术费	手术收入	3.治疗类：(10)手术治疗费
HTC6S501	经腹腔镜输卵管开窗术	HTC50501	经腹腔镜单侧输卵管开窗术			手术费	手术收入	3.治疗类：(10)手术治疗费
HTC6U301	输卵管切除术	HTC73302	经腹单侧输卵管切除术	331302004	输卵管切除术	手术费	手术收入	3.治疗类：(10)手术治疗费
HTC6U401	经阴道输卵管切除术					手术费	手术收入	3.治疗类：(10)手术治疗费
HTC6U402	经阴道输卵管病损切除术					手术费	手术收入	3.治疗类：(10)手术治疗费
HTC6U501	经腹腔镜输卵管切除术	HTC73502	经腹腔镜单侧输卵管切除术			手术费	手术收入	3.治疗类：(10)手术治疗费
HTC7D301	输卵管结扎术	HTC59301	经腹输卵管结扎术	311201047	输卵管绝育术	手术费	手术收入	3.治疗类：(10)手术治疗费
HTC7D501	经腹腔镜输卵管结扎术	HTC59501	经腹腔镜输卵管结扎术	331302001	输卵管结扎术	手术费	手术收入	3.治疗类：(10)手术治疗费
HTC7K301	输卵管吻合术	HTC87302	经腹显微镜下单侧输卵管吻合术	331302002	显微外科输卵管吻合术	手术费	手术收入	3.治疗类：(10)手术治疗费
HTC7K501	经腹腔镜输卵管吻合术	HTC86501	经腹腔镜单侧输卵管吻合术			手术费	手术收入	3.治疗类：(10)手术治疗费
HTC7L301	输卵管复通术	HTC80301	输卵管复通术			手术费	手术收入	3.治疗类：(10)手术治疗费
		HTC87401	经阴道输卵管通气术			手术费	手术收入	3.治疗类：(10)手术治疗费
				331302005	输卵管移植术	手术费	手术收入	3.治疗类：(10)手术治疗费
HTC7L302	输卵管宫角植入术	HTC87301	经腹单侧输卵管宫角植入术	331302009	输卵管宫角植入术	手术费	手术收入	3.治疗类：(10)手术治疗费
HTC7L501	经腹腔镜输卵管通液术	HTC48502	经腹腔镜输卵管高压洗注术	331302008	经腹腔镜输卵管高压洗注术	手术费	手术收入	3.治疗类：(10)手术治疗费
HTC7L502	经腹腔镜输卵管宫角植入术	HTC87501	经腹腔镜单侧输卵管宫角植入术			手术费	手术收入	3.治疗类：(10)手术治疗费
HTC7L801	经宫腔镜联合腹腔镜行宫颈输卵管插管疏通术	HTC48601	腹腔镜辅助下输卵管镜插管通水术	331302006	经输卵管镜插管通水术	手术费	手术收入	3.治疗类：(10)手术治疗费
HTC7P301	输卵管缝合术					手术费	手术收入	3.治疗类：(10)手术治疗费
HTC7P302	输卵管伞端成形术	HTC83301	经腹单侧输卵管伞端成形术			手术费	手术收入	3.治疗类：(10)手术治疗费
HTC7P303	输卵管整形术	HTC83302	经腹输卵管整形术	331302003	输卵管修复整形术	手术费	手术收入	3.治疗类：(10)手术治疗费
HTC7P501	经腹腔镜输卵管缝合术					手术费	手术收入	3.治疗类：(10)手术治疗费
HTC7P502	经腹腔镜输卵管伞端成形术	HTC83501	经腹腔镜单侧输卵管伞端成形术			手术费	手术收入	3.治疗类：(10)手术治疗费
HTC7P503	经腹腔镜输卵管整形术	HTC83502	经腹腔镜输卵管整形术			手术费	手术收入	3.治疗类：(10)手术治疗费
		HTC89501	经腹腔镜输卵管内配子移植术			手术费	手术收入	3.治疗类：(10)手术治疗费
HTD-HTK	子宫							
HTD6D301	子宫活检术					手术费	手术收入	3.治疗类：(10)手术治疗费
HTD6D302	子宫韧带活检术					手术费	手术收入	3.治疗类：(10)手术治疗费
HTD6D501	经腹腔镜子宫韧带活检术					手术费	手术收入	3.治疗类：(10)手术治疗费
HTD6D502	经腹腔镜子宫活检术					手术费	手术收入	3.治疗类：(10)手术治疗费
HTD6F301	子宫压迫缝合止血术					手术费	手术收入	3.治疗类：(10)手术治疗费
HTD6G301	胎盘植入剖宫产保留子宫术					手术费	手术收入	3.治疗类：(10)手术治疗费
HTD6G302	瘢痕子宫剖宫产术					手术费	手术收入	3.治疗类：(10)手术治疗费
HTD6U301	子宫肌瘤切除术	HTD73301	经腹子宫肌瘤切除术	331303011	经腹子宫肌瘤剔除术	手术费	手术收入	3.治疗类：(10)手术治疗费
HTD6U302	残角子宫切除术	HTD73302	经腹残角子宫切除术			手术费	手术收入	3.治疗类：(10)手术治疗费
HTD6U303	子宫次全切除术	HTD73303	经腹子宫次全切除术	331303012	子宫次全切除术	手术费	手术收入	3.治疗类：(10)手术治疗费
HTD6U304	宫角妊娠病灶切除术					手术费	手术收入	3.治疗类：(10)手术治疗费
HTD6U305	圆韧带病损切除术					手术费	手术收入	3.治疗类：(10)手术治疗费
HTD6U401	经阴道子宫肌瘤切除术	HTD73401	经阴道子宫肌瘤切除术			手术费	手术收入	3.治疗类：(10)手术治疗费
HTD6U402	经阴道子宫次全切除术	HTD73402	经阴道子宫次全切除术			手术费	手术收入	3.治疗类：(10)手术治疗费
HTD6U403	经阴道剖宫产瘢痕妊娠病灶切除术					手术费	手术收入	3.治疗类：(10)手术治疗费
HTD6U404	经阴道子宫瘢痕妊娠物清除术					手术费	手术收入	3.治疗类：(10)手术治疗费
HTD6U405	经阴道子宫内膜异位病灶切除术					手术费	手术收入	3.治疗类：(10)手术治疗费
HTD6U501	经腹腔镜子宫肌瘤切除术	HTD73501	经腹腔镜子宫肌瘤切除术			手术费	手术收入	3.治疗类：(10)手术治疗费
				331306008	经宫腔镜子宫肌瘤切除术	手术费	手术收入	3.治疗类：(10)手术治疗费
HTD6U502	经腹腔镜残角子宫切除术	HTD73502	经腹腔镜残角子宫切除术			手术费	手术收入	3.治疗类：(10)手术治疗费
HTD6U503	经腹腔镜子宫次全切除术	HTD73503	经腹腔镜子宫次全切除术			手术费	手术收入	3.治疗类：(10)手术治疗费
HTD6U504	经腹腔镜辅助阴式子宫瘢痕妊娠病灶切除术					手术费	手术收入	3.治疗类：(10)手术治疗费
HTD6U505	经腹腔镜辅助阴式子宫肌瘤挖除术					手术费	手术收入	3.治疗类：(10)手术治疗费
HTD6U506	经腹腔镜子宫病损激光切除术					手术费	手术收入	3.治疗类：(10)手术治疗费
HTD6U601	经宫腔镜子宫瘢痕妊娠胚物切除术					手术费	手术收入	3.治疗类：(10)手术治疗费
HTD6U602	经宫腔镜子宫切口憩室成形术					手术费	手术收入	3.治疗类：(10)手术治疗费
HTD6U801	经宫腔镜联合腹腔镜剖宫产瘢痕妊娠病灶切除术					手术费	手术收入	3.治疗类：(10)手术治疗费
HTD6U802	经宫腔镜联合腹腔镜子宫不全中隔切除术	HTD73601	经宫腔镜子宫不全中隔切除术			手术费	手术收入	3.治疗类：(10)手术治疗费
HTD6U803	经宫腔镜联合腹腔镜子宫完全中隔切除术	HTD73602	经宫腔镜子宫完全中隔切除术	331306007	经宫腔镜子宫纵隔切除术	手术费	手术收入	3.治疗类：(10)手术治疗费
HTD6U804	经宫腹腔镜联合子宫瘢痕妊娠病灶清除术					手术费	手术收入	3.治疗类：(10)手术治疗费
HTD6V301	子宫纵隔切除+子宫成形术	HTD83301	经腹子宫纵隔切除+子宫成形术	331303019	子宫整形术	手术费	手术收入	3.治疗类：(10)手术治疗费
HTD6W301	全子宫切除术	HTD75301	经腹全子宫切除术	331303014	腹式全子宫切除术	手术费	手术收入	3.治疗类：(10)手术治疗费
HTD6W302	筋膜外子宫切除术	HTD75302	经腹筋膜内子宫切除术			手术费	手术收入	3.治疗类：(10)手术治疗费
HTD6W303	胎盘植入剖宫产子宫切除术					手术费	手术收入	3.治疗类：(10)手术治疗费
HTD6W401	经阴道全子宫切除术	HTD75401	经阴道全子宫切除术	331303013	阴式全子宫切除术	手术费	手术收入	3.治疗类：(10)手术治疗费
HTD6W501	经腹腔镜全子宫切除术	HTD75501	经腹腔镜全子宫切除术			手术费	手术收入	3.治疗类：(10)手术治疗费
HTD6W502	经腹腔镜筋膜外子宫切除术	HTD75502	经腹腔镜筋膜内子宫切除术			手术费	手术收入	3.治疗类：(10)手术治疗费
HTD6W801	经腹腔镜联合阴式全子宫切除术	HTD75801	腹腔镜联合阴式全子宫切除术	331303018	经腹阴道联合子宫切除术	手术费	手术收入	3.治疗类：(10)手术治疗费
HTD6X301	次广泛子宫切除术	HTD77301	经腹次广泛子宫切除术	331303016	次广泛子宫切除术	手术费	手术收入	3.治疗类：(10)手术治疗费
HTD6X302	广泛性子宫切除术	HTD77302	经腹广泛性子宫切除术	331303017	广泛性子宫切除+盆腹腔淋巴结清除术	手术费	手术收入	3.治疗类：(10)手术治疗费
HTD6X401	经阴道次广泛子宫切除术	HTD77401	经阴道次广泛子宫切除术			手术费	手术收入	3.治疗类：(10)手术治疗费
HTD6X402	经阴道广泛子宫切除术	HTD77402	经阴道广泛子宫切除术			手术费	手术收入	3.治疗类：(10)手术治疗费
HTD6X501	经腹腔镜次广泛子宫切除术	HTD77501	经腹腔镜次广泛子宫切除术			手术费	手术收入	3.治疗类：(10)手术治疗费
HTD6X502	经腹腔镜广泛子宫切除术	HTD77502	经腹腔镜广泛子宫切除术			手术费	手术收入	3.治疗类：(10)手术治疗费
HTD6X503	经腹腔镜广泛性子宫切除术					手术费	手术收入	3.治疗类：(10)手术治疗费
HTD7D501	经腹腔镜子宫阴道瘘闭合术					手术费	手术收入	3.治疗类：(10)手术治疗费
HTD7F401	经阴道子宫颈环扎术					手术费	手术收入	3.治疗类：(10)手术治疗费
HTD7H301	子宫内翻复位术	HTD70301	经腹子宫内翻复位术	311201016	子宫内翻复位术	手术费	手术收入	3.治疗类：(10)手术治疗费
				331303024		手术费	手术收入	3.治疗类：(10)手术治疗费
HTD7M301	子宫骶骨固定术	HTD71301	经腹子宫骶前悬吊术	331303023	子宫悬吊术	手术费	手术收入	3.治疗类：(10)手术治疗费
HTD7M501	经腹腔镜子宫骶骨固定术	HTD71501	经腹腔镜子宫骶前悬吊术			手术费	手术收入	3.治疗类：(10)手术治疗费
HTD7N301	子宫病损射频消融术					手术费	手术收入	3.治疗类：(10)手术治疗费
HTD7N501	经腹腔镜子宫病损射频消融术					手术费	手术收入	3.治疗类：(10)手术治疗费
HTD7N502	经腹腔镜子宫病损电凝术					手术费	手术收入	3.治疗类：(10)手术治疗费
HTD7P301	双角子宫畸形成形术	HTD83302	经腹双角子宫畸形成形术			手术费	手术收入	3.治疗类：(10)手术治疗费
HTD7P302	子宫修补术	HTD83303	经腹子宫修补术	331303010	子宫修补术	手术费	手术收入	3.治疗类：(10)手术治疗费
HTD7P501	经腹腔镜剖宫产切口憩室修补术					手术费	手术收入	3.治疗类：(10)手术治疗费
HTD7P502	经腹腔镜子宫修补术	HTD83501	经腹腔镜子宫修补术			手术费	手术收入	3.治疗类：(10)手术治疗费
HTD7P503	经腹腔镜双角子宫畸形成形术	HTD83502	经腹腔镜双角子宫畸形成形术	331303006	非孕期子宫内口矫正术	手术费	手术收入	3.治疗类：(10)手术治疗费
HTD7P601	经宫腔镜子宫修补术					手术费	手术收入	3.治疗类：(10)手术治疗费
HTD7P801	经宫腔镜联合腹腔镜子宫瘢痕憩室修复术					手术费	手术收入	3.治疗类：(10)手术治疗费
HTE6N301	开腹移位宫内节育器取出术	HTE64301	开腹宫内节育器取出术	331303020	开腹取环术	手术费	手术收入	3.治疗类：(10)手术治疗费
HTE6N501	经腹腔镜移位宫内节育器取出术	HTE64501	经腹腔镜移位宫内节育器取出术	331303021	经腹腔镜取环术	手术费	手术收入	3.治疗类：(10)手术治疗费
HTE6N801	经宫腔镜联合腹腔镜移位节育器取出术	HTE64502	经腹腔镜经宫腔镜取环术			手术费	手术收入	3.治疗类：(10)手术治疗费
HTE6U601	经宫腔镜剖宫产瘢痕憩室切除术					手术费	手术收入	3.治疗类：(10)手术治疗费
HTE6U602	经宫腔镜残留胚物切除术					手术费	手术收入	3.治疗类：(10)手术治疗费
HTE7C401	经阴道宫腔粘连分离术	HTE57401	经阴道宫腔粘连分离术	311201018	宫腔粘连分离术	手术费	手术收入	3.治疗类：(10)手术治疗费
HTE7C601	经宫腔镜宫腔粘连分离术	HTE57601	经宫腔镜宫腔粘连分离术			手术费	手术收入	3.治疗类：(10)手术治疗费
HTE7C801	经宫腔镜联合腹腔镜宫腔粘连分离术	HTE57501	经宫腔镜联合腹腔镜宫腔粘连分离术			手术费	手术收入	3.治疗类：(10)手术治疗费
HTF6P601	经宫腔镜子宫内膜去除术	HTF72601	经宫腔镜热球子宫内膜去除术	331303027	热球子宫内膜去除术	手术费	手术收入	3.治疗类：(10)手术治疗费
		HTF72602	经宫腔镜电凝子宫内膜去除术			手术费	手术收入	3.治疗类：(10)手术治疗费
		HTF72603	经宫腔镜微波子宫内膜去除术	331306009	经宫腔镜子宫内膜剥离术	手术费	手术收入	3.治疗类：(10)手术治疗费
HTF6U301	黏膜下肌瘤切除术	HTF73301	经腹黏膜下肌瘤切除术	331303029	粘膜下子宫肌瘤圈套术	手术费	手术收入	3.治疗类：(10)手术治疗费
HTF6U302	子宫腺肌症病灶切除术	HTZ73301	经腹子宫腺肌病灶切除术			手术费	手术收入	3.治疗类：(10)手术治疗费
HTF6U303	子宫内膜异位病灶切除术					手术费	手术收入	3.治疗类：(10)手术治疗费
HTF6U401	经阴道黏膜下肌瘤切除术	HTF73401	经阴道黏膜下肌瘤切除术			手术费	手术收入	3.治疗类：(10)手术治疗费
HTF6U501	经腹腔镜子宫腺肌症病灶切除术	HTZ73501	经腹腔镜子宫腺肌病灶切除术			手术费	手术收入	3.治疗类：(10)手术治疗费
HTF6U502	经腹腔镜子宫内膜异位病灶切除术	HTF73501	经腹腔镜子宫内膜异位病灶切除术			手术费	手术收入	3.治疗类：(10)手术治疗费
HTF6U601	经宫腔镜黏膜下肌瘤切除术	HTF73603	经宫腔镜黏膜下肌瘤切除术			手术费	手术收入	3.治疗类：(10)手术治疗费
HTF6U602	经宫腔镜子宫内膜电切术	HTF73601	经宫腔镜子宫内膜电切术	331306009	经宫腔镜子宫内膜剥离术	手术费	手术收入	3.治疗类：(10)手术治疗费
HTF6U603	经宫腔镜子宫内膜息肉切除术	HTF73602	经宫腔镜子宫内膜息肉切除术			手术费	手术收入	3.治疗类：(10)手术治疗费
HTG6P401	宫颈息肉摘除术	HTG73404	宫颈息肉切除术	331303001	宫颈息肉切除术	手术费	手术收入	3.治疗类：(10)手术治疗费
HTG6U301	宫颈肌瘤剔除术	HTG73301	经腹宫颈肌瘤剔除术	331303002	宫颈肌瘤剔除术	手术费	手术收入	3.治疗类：(10)手术治疗费
HTG6U302	残端宫颈切除术	HTG77302	经腹残端宫颈切除术	331303003	宫颈残端切除术	手术费	手术收入	3.治疗类：(10)手术治疗费
HTG6U401	宫颈锥形切除术	HTG73401	宫颈锥形切除术	331303004	宫颈锥形切除术	手术费	手术收入	3.治疗类：(10)手术治疗费
HTG6U402	经阴道宫颈肌瘤剔除术	HTG73402	经阴道宫颈肌瘤剔除术			手术费	手术收入	3.治疗类：(10)手术治疗费
HTG6U403	经阴道子宫颈部分切除术	HTG73403	经阴道子宫颈部分切除术	331303009	子宫颈截除术	手术费	手术收入	3.治疗类：(10)手术治疗费
HTG6U404	宫颈环形电切术	HTG73405	宫颈环形电切术	331303005	宫颈环形电切术	手术费	手术收入	3.治疗类：(10)手术治疗费
HTG6U405	经阴道残端宫颈切除术	HTG77402	经阴道残端宫颈切除术			手术费	手术收入	3.治疗类：(10)手术治疗费
HTG6U501	经腹腔镜宫颈肌瘤切除术	HTG73501	经腹腔镜宫颈肌瘤切除术			手术费	手术收入	3.治疗类：(10)手术治疗费
HTG6U502	经腹腔镜残端宫颈切除术	HTG77502	经腹腔镜残端宫颈切除术			手术费	手术收入	3.治疗类：(10)手术治疗费
HTG6U601	经宫腔镜宫颈管息肉切除术	HTG73601	经宫腔镜宫颈管息肉切除术			手术费	手术收入	3.治疗类：(10)手术治疗费
HTG6V401	宫颈部分切除+成形术	HTG73406	宫颈部分切除及成形术	331303008	曼氏手术	手术费	手术收入	3.治疗类：(10)手术治疗费
		HTZ77301	经腹根治性宫旁组织切除术			手术费	手术收入	3.治疗类：(10)手术治疗费
HTG6X301	宫颈广泛切除术	HTG77301	经腹子宫颈广泛切除术	331303017	广泛性子宫切除+盆腹腔淋巴结清除术	手术费	手术收入	3.治疗类：(10)手术治疗费
HTG6X401	经阴道宫颈广泛切除术	HTG77401	经阴道宫颈广泛切除术	331303028	根治性宫颈切除术	手术费	手术收入	3.治疗类：(10)手术治疗费
HTG6X501	经腹腔镜子宫颈广泛切除术	HTG77501	经腹腔镜子宫颈广泛切除术			手术费	手术收入	3.治疗类：(10)手术治疗费
HTG6X502	经腹腔镜宫颈广泛切除术					手术费	手术收入	3.治疗类：(10)手术治疗费
		HTZ77501	经腹腔镜根治性宫旁组织切除术			手术费	手术收入	3.治疗类：(10)手术治疗费
HTG7C401	经阴道宫颈管粘连分离术	HTG57401	经阴道宫颈管粘连分离术			手术费	手术收入	3.治疗类：(10)手术治疗费
HTG7F401	经阴道宫颈内口环扎术(Shirodkar手术)	HTG81401	经阴道宫颈内口环扎术			手术费	手术收入	3.治疗类：(10)手术治疗费
HTG7F501	经腹腔镜子宫颈环扎术			331400019	子宫颈管环扎术(Mc-Donald)	手术费	手术收入	3.治疗类：(10)手术治疗费
HTG7N401	宫颈激光治疗	HTG72401	宫颈激光治疗	311201020	妇科特殊治疗	手术费	手术收入	3.治疗类：(10)手术治疗费
HTG7N402	宫颈微波治疗	HTG72402	宫颈微波治疗			手术费	手术收入	3.治疗类：(10)手术治疗费
HTG7N403	宫颈电熨治疗	HTG72403	宫颈电熨治疗			手术费	手术收入	3.治疗类：(10)手术治疗费
HTG7N404	宫颈冷冻治疗	HTG72404	宫颈冷冻治疗			手术费	手术收入	3.治疗类：(10)手术治疗费
HTG7P401	子宫颈阴道瘘修补术					手术费	手术收入	3.治疗类：(10)手术治疗费
HTG7P402	宫颈成形术	HTG83401	宫颈成形术			手术费	手术收入	3.治疗类：(10)手术治疗费
HTG7P403	胎盘植入宫颈内口止血缝合术					手术费	手术收入	3.治疗类：(10)手术治疗费
		HTK75301	经腹全子宫+单附件切除术			手术费	手术收入	3.治疗类：(10)手术治疗费
		HTK75302	经腹全子宫+双附件切除术	331303015	全子宫+双附件切除术	手术费	手术收入	3.治疗类：(10)手术治疗费
		HTK75401	经阴道全子宫+单附件切除术	331303013	阴式全子宫切除术	手术费	手术收入	3.治疗类：(10)手术治疗费
		HTK75402	经阴道全子宫+双附件切除术	331303015	全子宫+双附件切除术	手术费	手术收入	3.治疗类：(10)手术治疗费
		HTK75501	经腹腔镜全子宫+单附件切除术			手术费	手术收入	3.治疗类：(10)手术治疗费
		HTK75502	经腹腔镜全子宫+双附件切除术	331303015	全子宫+双附件切除术	手术费	手术收入	3.治疗类：(10)手术治疗费
HTL-HTM	阴道							
HTL6R401	阴道后穹隆切开引流术	HTL45401	阴道后穹隆切开引流术	331304013	后穹窿损伤缝合术	手术费	手术收入	3.治疗类：(10)手术治疗费
HTL6U301	部分阴道切除术					手术费	手术收入	3.治疗类：(10)手术治疗费
HTL6U302	阴道残端广泛切除术					手术费	手术收入	3.治疗类：(10)手术治疗费
HTL6U401	阴道隔切除缝合术	HTL73401	阴道隔切除缝合术	331304005	阴道横纵膈切开术	手术费	手术收入	3.治疗类：(10)手术治疗费
HTL6U402	阴道恶性肿瘤切除术					手术费	手术收入	3.治疗类：(10)手术治疗费
HTL6U403	阴道赘生物切除术					手术费	手术收入	3.治疗类：(10)手术治疗费
HTL6W401	全阴道切除术	HTL75301	全阴道切除术	331304015	全阴道切除术	手术费	手术收入	3.治疗类：(10)手术治疗费
HTL7C301	阴道粘连松解术					手术费	手术收入	3.治疗类：(10)手术治疗费
HTL7D401	阴道部分闭合术	HTL59401	阴道部分闭合术			手术费	手术收入	3.治疗类：(10)手术治疗费
HTL7D402	阴道完全闭合术	HTL59402	阴道完全闭合术			手术费	手术收入	3.治疗类：(10)手术治疗费
HTL7F301	阴道黏膜部分切除阴道缩窄术	HTL73302	阴道黏膜部分切除阴道缩窄术			手术费	手术收入	3.治疗类：(10)手术治疗费
HTL7F302	阴道紧缩术					手术费	手术收入	3.治疗类：(10)手术治疗费
HTL7F303	会阴体重建阴道紧缩术	HTL89309	会阴体重建阴道紧缩术	331304014	阴道缩紧术	手术费	手术收入	3.治疗类：(10)手术治疗费
HTL7M301	阴道骶棘韧带悬吊术	HTL70301	阴道断端骶棘韧带悬吊术			手术费	手术收入	3.治疗类：(10)手术治疗费
HTL7M302	阴道骶骨固定术	HTL70302	经腹阴道穹隆骶骨悬吊术			手术费	手术收入	3.治疗类：(10)手术治疗费
HTL7M401	经阴阴道骶骨固定术					手术费	手术收入	3.治疗类：(10)手术治疗费
HTL7M501	经腹腔镜阴道骶骨固定术	HTL70501	经腹腔镜阴道穹隆骶骨悬吊术			手术费	手术收入	3.治疗类：(10)手术治疗费
HTL7P301	外阴/阴道瘢痕切除修补术	HTL73301	外阴阴道疤痕切除术	331304004	阴道疤痕切除术	手术费	手术收入	3.治疗类：(10)手术治疗费
HTL7P302	阴道闭锁切开成形术	HTL83302	阴道闭锁切开成形术	331304006	阴道闭锁切开术	手术费	手术收入	3.治疗类：(10)手术治疗费
HTL7P303	经阴道阴道直肠瘘修补术	HTL83303	阴道直肠瘘修补术	331304009	阴道直肠瘘修补术	手术费	手术收入	3.治疗类：(10)手术治疗费
HTL7P304	乙状结肠代阴道成形术	HTL89306	经腹乙状结肠代阴道成形术			手术费	手术收入	3.治疗类：(10)手术治疗费
HTL7P305	回肠代阴道成形术	HTL89307	经腹回肠代阴道成形术			手术费	手术收入	3.治疗类：(10)手术治疗费
HTL7P306	腹膜代阴道成形术	HTL89308	经腹腹膜代阴道成形术			手术费	手术收入	3.治疗类：(10)手术治疗费
HTL7P307	局部黏膜瓣转移阴道直肠瘘修补术	HTL83305	局部黏膜瓣转移阴道直肠瘘修补术			手术费	手术收入	3.治疗类：(10)手术治疗费
HTL7P401	后穹窿裂伤缝合术					手术费	手术收入	3.治疗类：(10)手术治疗费
HTL7P402	阴道囊肿袋形缝合术					手术费	手术收入	3.治疗类：(10)手术治疗费
HTL7P403	阴道裂伤缝合术	HTL83401	阴道裂伤缝合术	331304002	阴道裂伤缝合术	手术费	手术收入	3.治疗类：(10)手术治疗费
HTL7P404	阴道旁修补术	HTL83402	阴道旁修补术			手术费	手术收入	3.治疗类：(10)手术治疗费
HTL7P405	阴道成形术	HTL89401	生物补片阴道成形术	331304008	阴道成形术	手术费	手术收入	3.治疗类：(10)手术治疗费
				331304012	阴道中隔成形术	手术费	手术收入	3.治疗类：(10)手术治疗费
HTL7P501	经腹腔镜乙状结肠代阴道成形术	HTL89501	经腹腔镜乙状结肠代阴道成形术			手术费	手术收入	3.治疗类：(10)手术治疗费
HTL7P502	经腹腔镜回肠代阴道成形术	HTL89502	经腹腔镜回肠代阴道成形术			手术费	手术收入	3.治疗类：(10)手术治疗费
HTL7P503	经腹腔镜腹膜代阴道成形术	HTL89503	经腹腔镜腹膜代阴道成形术			手术费	手术收入	3.治疗类：(10)手术治疗费
HTL7P801	腹会阴联合入路高位直肠阴道瘘修补术	HTL83304	腹会阴联合入路高位直肠阴道瘘修补术			手术费	手术收入	3.治疗类：(10)手术治疗费
HTL7Q301	游离皮瓣阴道再造术	HTL89301	游离皮瓣阴道再造术			手术费	手术收入	3.治疗类：(10)手术治疗费
HTL7Q302	带蒂皮瓣阴道再造术	HTL89302	带蒂皮瓣阴道再造术			手术费	手术收入	3.治疗类：(10)手术治疗费
HTL7Q303	皮片游离移植阴道再造术	HTL89303	皮片游离移植阴道再造术			手术费	手术收入	3.治疗类：(10)手术治疗费
HTL7Q304	口腔黏膜微粒游离移植阴道再造术	HTL89304	口腔黏膜微粒游离移植阴道再造术			手术费	手术收入	3.治疗类：(10)手术治疗费
HTL7Q305	带蒂肠管阴道再造术	HTL89305	带蒂肠管阴道再造术			手术费	手术收入	3.治疗类：(10)手术治疗费
HTL7Q306	男变女性阴道再造术	HTL89310	男变女性阴道再造术			手术费	手术收入	3.治疗类：(10)手术治疗费
HTL7Q401	阴道黏膜瓣移植术					手术费	手术收入	3.治疗类：(10)手术治疗费
HTM6S401	阴道壁血肿切开术	HTM50401	阴道壁血肿切开术	331304010	阴道壁血肿切开术	手术费	手术收入	3.治疗类：(10)手术治疗费
HTM6U401	阴道壁良性肿物切除术	HTM73401	阴道壁良性肿物切除术	331304007	阴道良性肿物切除术	手术费	手术收入	3.治疗类：(10)手术治疗费
HTM7P401	阴道壁缝合术	HTM83401	阴道壁缝合术			手术费	手术收入	3.治疗类：(10)手术治疗费
HTM7P402	阴道后壁修补术	HTM70402	阴道后壁修补术	331304011	阴道前后壁修补术	手术费	手术收入	3.治疗类：(10)手术治疗费
HTM7P403	阴道前壁修补术	HTM70401	阴道前壁修补术			手术费	手术收入	3.治疗类：(10)手术治疗费
		HTM70403	阴道前后壁修补术			手术费	手术收入	3.治疗类：(10)手术治疗费
HTP-HTQ	4.固定与周围结构							
HTP6U301	阔韧带内肿瘤切除术	HTP73301	经腹阔韧带内肿瘤切除术	331303026	阔韧带内肿瘤切除术	手术费	手术收入	3.治疗类：(10)手术治疗费
HTP6U302	主骶韧带折叠缝合术					手术费	手术收入	3.治疗类：(10)手术治疗费
HTP6U401	经阴道阔韧带内肿瘤切除术	HTP73401	经阴道阔韧带内肿瘤切除术			手术费	手术收入	3.治疗类：(10)手术治疗费
HTP6U501	经腹腔镜骶韧带部分切除术					手术费	手术收入	3.治疗类：(10)手术治疗费
HTP6U502	经腹腔镜阔韧带内肿瘤切除术	HTP73501	经腹腔镜阔韧带内肿瘤切除术			手术费	手术收入	3.治疗类：(10)手术治疗费
HTP7F401	经阴道子宫主韧带缩短术	HTP81401	经阴道子宫主韧带缩短术			手术费	手术收入	3.治疗类：(10)手术治疗费
HTP7M301	经腹宫骶韧带悬吊术			331303030	宫颈悬吊术	手术费	手术收入	3.治疗类：(10)手术治疗费
HTP7M401	经阴道子宫骶棘韧带悬吊术	HTP71401	经阴道子宫骶棘韧带悬吊术			手术费	手术收入	3.治疗类：(10)手术治疗费
HTP7M402	经阴道宫骶韧带悬吊术					手术费	手术收入	3.治疗类：(10)手术治疗费
HTP7M501	经腹腔镜宫骶韧带悬吊术					手术费	手术收入	3.治疗类：(10)手术治疗费
HTQ7D301	子宫直肠陷凹封闭术	HTQ59301	经腹子宫直肠陷凹封闭术	311201014	子宫直肠凹封闭术	手术费	手术收入	3.治疗类：(10)手术治疗费
HTQ7D401	经阴道子宫直肠陷凹封闭术	HTQ59401	经阴道子宫直肠陷凹封闭术			手术费	手术收入	3.治疗类：(10)手术治疗费
HTQ7D501	经腹腔镜子宫直肠陷凹封闭术	HTQ59501	经腹腔镜子宫直肠陷凹封闭术			手术费	手术收入	3.治疗类：(10)手术治疗费
HTR-HTV	5.外阴							
HTR6S301	外阴脓肿切开术	HTR45701	外阴脓肿切开术	331305004	外阴脓肿切开引流术	手术费	手术收入	3.治疗类：(10)手术治疗费
HTR6S302	外阴血肿切开术	HTR50701	外阴血肿切开术			手术费	手术收入	3.治疗类：(10)手术治疗费
HTR6U701	外阴良性肿瘤切除术	HTR73701	外阴良性肿瘤切除术	331305005	外阴良性肿物切除术	手术费	手术收入	3.治疗类：(10)手术治疗费
HTR6U702	单纯性外阴切除术	HTR73702	单纯性外阴切除术	331305008	单纯性外阴切除术	手术费	手术收入	3.治疗类：(10)手术治疗费
HTR6U703	外阴部分切除术	HTR73703	外阴部分切除术	331305009	外阴局部扩大切除术	手术费	手术收入	3.治疗类：(10)手术治疗费
HTR6X701	外阴广泛切除术	HTR77701	外阴广泛切除术			手术费	手术收入	3.治疗类：(10)手术治疗费
HTR6X702	外阴广泛切除成形术	HTR77702	外阴广泛切除成形术	331305010	外阴广泛切除+淋巴结清除术	手术费	手术收入	3.治疗类：(10)手术治疗费
HTR7P101	外阴阴道瘘修补术					手术费	手术收入	3.治疗类：(10)手术治疗费
HTR7P701	外阴裂伤清创缝合术	HTR83702	外阴裂伤清创缝合术	331305001	外阴损伤缝合术	手术费	手术收入	3.治疗类：(10)手术治疗费
		HTR83701	外阴缝合术			手术费	手术收入	3.治疗类：(10)手术治疗费
HTS7F701	阴蒂缩小术	HTS81701	阴蒂缩小术	331305007	阴蒂短缩成型术	手术费	手术收入	3.治疗类：(10)手术治疗费
HTS7P701	阴蒂肥大修复术	HTS83701	阴蒂肥大修整术	331305006	阴蒂肥大整复术	手术费	手术收入	3.治疗类：(10)手术治疗费
HTS7Q701	阴蒂再造术	HTS89701	阴蒂再造术			手术费	手术收入	3.治疗类：(10)手术治疗费
HTT7C701	小阴唇融合/粘连分离术	HTT57701	小阴唇粘连分离术			手术费	手术收入	3.治疗类：(10)手术治疗费
HTT7P701	小阴唇整形术	HTT83701	小阴唇整形术	331305011	外阴整形术	手术费	手术收入	3.治疗类：(10)手术治疗费
HTT7Q701	大阴唇再造术	HTT89702	大阴唇再造术			手术费	手术收入	3.治疗类：(10)手术治疗费
HTT7Q702	小阴唇再造术	HTT89701	小阴唇再造术			手术费	手术收入	3.治疗类：(10)手术治疗费
HTU7P701	处女膜修补术	HTU83701	处女膜修补术	331305015	处女膜修复术	手术费	手术收入	3.治疗类：(10)手术治疗费
HTU7P702	处女膜切开成形术	HTU83702	处女膜切开成形术	331305014	处女膜切开术	手术费	手术收入	3.治疗类：(10)手术治疗费
HTU7Q701	处女膜再造术	HTU89701	处女膜再造术			手术费	手术收入	3.治疗类：(10)手术治疗费
HTV6S301	前庭大腺囊肿造口术	HTV50701	前庭大腺囊肿造口术	331305012	前庭大腺囊肿造口术	手术费	手术收入	3.治疗类：(10)手术治疗费
HTV6U301	前庭大腺囊肿切除术	HTV73701	前庭大腺囊肿切除术	331305013	前庭大腺囊肿切除术	手术费	手术收入	3.治疗类：(10)手术治疗费
HTW	6.会阴							
HTW6U701	会阴部扩创术	HTW73701	会阴部扩创术			手术费	手术收入	3.治疗类：(10)手术治疗费
HTW7P301	会阴疝修补术	HTW83301	经腹会阴疝修补术	331008006	会阴疝修补术	手术费	手术收入	3.治疗类：(10)手术治疗费
HTW7P302	经会阴会阴疝修补术	HTW83306	经会阴会阴疝修补术			手术费	手术收入	3.治疗类：(10)手术治疗费
HTW7P303	腹骶会阴肛门成形术	HTW83302	腹骶会阴肛门成形术	331004027	腹会阴肛门成形术	手术费	手术收入	3.治疗类：(10)手术治疗费
HTW7P304	先天性肛门闭锁女性会阴肛门成形术	HTW83303	先天性肛门闭锁女性会阴肛门成形术			手术费	手术收入	3.治疗类：(10)手术治疗费
HTW7P305	先天性肛门闭锁男性会阴肛门成形术	HTW83304	先天性肛门闭锁男性会阴肛门成形术			手术费	手术收入	3.治疗类：(10)手术治疗费
HTW7P306	前矢状入路会阴肛门成形术	HTW83305	前矢状入路会阴肛门成形术	331004029	会阴肛门成形术	手术费	手术收入	3.治疗类：(10)手术治疗费
HTW7P701	会阴切开缝合术	HTW83701	会阴侧切缝合术			手术费	手术收入	3.治疗类：(10)手术治疗费
HTW7P702	会阴Ⅰ-Ⅱ度裂伤缝合术	HTW83702	会阴Ⅰ-Ⅱ度裂伤缝合术			手术费	手术收入	3.治疗类：(10)手术治疗费
HTW7P703	会阴Ⅲ-IV度裂伤缝合术	HTW83703	会阴Ⅲ-IV度裂伤缝合术			手术费	手术收入	3.治疗类：(10)手术治疗费
HTW7P704	陈旧性会阴Ⅱ度裂伤修补术	HTW83704	陈旧性会阴Ⅱ度裂伤修补术	331305002	陈旧性会阴裂伤修补术	手术费	手术收入	3.治疗类：(10)手术治疗费
HTW7P705	陈旧性会阴Ⅲ度裂伤修补术	HTW83705	陈旧性会阴Ⅲ度裂伤修补术	331305003	陈旧性会阴Ⅲ度裂伤缝合术	手术费	手术收入	3.治疗类：(10)手术治疗费
HTW7Q401	会阴体重建术					手术费	手术收入	3.治疗类：(10)手术治疗费
HTZ6K301	脉冲泵置入术	HTZ62901	脉冲泵置入术	311201036	脉冲自动注射促排卵检查	手术费	手术收入	3.治疗类：(10)手术治疗费
HTZ6N301	避孕药皮下取出术	HTZ64301	避孕药皮下取出术			手术费	手术收入	3.治疗类：(10)手术治疗费
HTZ7P301	暴露网片修剪术					手术费	手术收入	3.治疗类：(10)手术治疗费
HTZ7Q301	前盆腔重建术	HTZ89301	全盆底重建修补术			手术费	手术收入	3.治疗类：(10)手术治疗费
HU	(十五)孕产系统							
HUA	1.孕产系统							
HUE-HUH	2.胚胎及胚胎产物							
HUE	胎儿							
HUE6G301	腹腔妊娠取胎术	HUE52301	腹腔妊娠取胎术	331400016	腹腔妊娠取胎术	手术费	手术收入	3.治疗类：(10)手术治疗费
HUE6G302	古典式剖宫产术	HUE52302	古典式剖宫产术	331400012	剖宫产术	手术费	手术收入	3.治疗类：(10)手术治疗费
HUE6G303	子宫下段剖宫产术	HUE52303	子宫下段剖宫产术			手术费	手术收入	3.治疗类：(10)手术治疗费
HUE6G304	腹膜外剖宫产术	HUE52304	腹膜外剖宫取胎术			手术费	手术收入	3.治疗类：(10)手术治疗费
		HUE52305	双胎剖宫产术			手术费	手术收入	3.治疗类：(10)手术治疗费
				331400015	二次剖宫产术	手术费	手术收入	3.治疗类：(10)手术治疗费
HUE6S501	经胎儿镜胎儿后尿道瓣膜切开术					手术费	手术收入	3.治疗类：(10)手术治疗费
HUF-HUH	胎儿附属物							
HUF6U601	经宫腔镜胎盘植入电切术					手术费	手术收入	3.治疗类：(10)手术治疗费
HUF6U602	经宫腔镜残留胎盘切除术					手术费	手术收入	3.治疗类：(10)手术治疗费
HUL-HUM	3.孕产期子宫							
HUL6U301	产后子宫次全切术	HUL73302	产后子宫次全切术	331400014	剖宫产术中子宫次全切术	手术费	手术收入	3.治疗类：(10)手术治疗费
HUL6W301	产后子宫全切术	HUL75301	产后子宫全切术	331400013	剖宫产术中子宫全切术	手术费	手术收入	3.治疗类：(10)手术治疗费
		HUL73301	胎盘植入子宫楔形切除术			手术费	手术收入	3.治疗类：(10)手术治疗费
HUM7F401	经阴道宫颈内口环扎术(MacDonald 手术)	HUM81401	子宫颈管环扎术(Mc-Donald)			手术费	手术收入	3.治疗类：(10)手术治疗费
HUM7F402	妊娠期紧急宫颈环扎术	HUM81402	妊娠期紧急宫颈环扎术	331303007	孕期子宫内口缝合术	手术费	手术收入	3.治疗类：(10)手术治疗费
HUM7P401	轻度子宫颈裂伤修补术	HUM83401	轻度子宫颈裂伤修补术	331400018	子宫颈裂伤修补术	手术费	手术收入	3.治疗类：(10)手术治疗费
HUM7P402	中度子宫颈裂伤修补	HUM83402	中度子宫颈裂伤修补			手术费	手术收入	3.治疗类：(10)手术治疗费
HUM7P403	重度子宫颈裂伤修补	HUM83403	重度子宫颈裂伤修补			手术费	手术收入	3.治疗类：(10)手术治疗费
HV	(十六)肌肉骨骼系统							
HVA-HVD	1.头部肌肉骨骼							
HVB	颅骨							
HVB6D301	颅骨活检术					手术费	手术收入	3.治疗类：(10)手术治疗费
HVB6N301	颅骨修补材料取出术					手术费	手术收入	3.治疗类：(10)手术治疗费
HVB6P301	颅骨骨碎片取除术					手术费	手术收入	3.治疗类：(10)手术治疗费
HVB6U301	烧/创伤扩创颅骨坏死骨清除术	HVB73301	深度烧伤扩创颅骨坏死骨清除术	331603042	深度烧伤死骨摘除术	手术费	手术收入	3.治疗类：(10)手术治疗费
HVB6U302	颅骨烧伤凿骨扩创术	HVB73302	颅骨烧伤凿骨扩创术	331603005	颅骨烧伤凿骨扩创术	手术费	手术收入	3.治疗类：(10)手术治疗费
HVB6U303	颅骨肿瘤切除术	HVB73303	颅骨肿瘤切除修复术	330201002	颅骨骨瘤切除术	手术费	手术收入	3.治疗类：(10)手术治疗费
HVB6U601	经鼻内镜岩骨部分切除术					手术费	手术收入	3.治疗类：(10)手术治疗费
HVB7B301	去颅骨骨瓣减压术	HVB56301	去颅骨骨瓣减压术	330201008	去颅骨骨瓣减压术	手术费	手术收入	3.治疗类：(10)手术治疗费
HVB7H301	颅骨凹陷骨折复位术	HVB70301	颅骨凹陷骨折复位术	330201007	颅骨凹陷骨折复位术	手术费	手术收入	3.治疗类：(10)手术治疗费
HVB7H302	颅骨头环牵引术	HVB71302	颅骨头环牵引术	331523005	颅骨头环牵引术	手术费	手术收入	3.治疗类：(10)手术治疗费
HVB7M301	头环-背心外固定术	HVB71303	头环-背心外固定术			手术费	手术收入	3.治疗类：(10)手术治疗费
HVB7M302	颅骨头环固定术	HVB71304	颅骨头环固定术			手术费	手术收入	3.治疗类：(10)手术治疗费
HVB7P301	骨纤维异常增殖切除整形术	HVB73304	骨纤维异常增殖切除整形术	330201056	骨纤维异常增殖切除整形术	手术费	手术收入	3.治疗类：(10)手术治疗费
		HVB74301	骨纤维异常增殖切除整形+颅底重建术			手术费	手术收入	3.治疗类：(10)手术治疗费
		HVB74302	骨纤维异常增殖切除整形+视神经管减压术+颅底重建术			手术费	手术收入	3.治疗类：(10)手术治疗费
HVB7P302	颅骨缺损修补成形术	HVB83301	颅骨缺损修补成形术	330201009	颅骨修补术	手术费	手术收入	3.治疗类：(10)手术治疗费
HVB7P303	短头畸形矫正术	HVB83302	短头畸形矫正术	310522024	颅面畸形正畸治疗	手术费	手术收入	3.治疗类：(10)手术治疗费
HVB7P304	斜头畸形矫正术	HVB83303	斜头畸形矫正术			手术费	手术收入	3.治疗类：(10)手术治疗费
				330201057	颅缝再造术	手术费	手术收入	3.治疗类：(10)手术治疗费
HVB7P305	舟状头畸形矫正术	HVB83304	舟状头畸形矫正术			手术费	手术收入	3.治疗类：(10)手术治疗费
				330201055	颅缝骨化症整形术	手术费	手术收入	3.治疗类：(10)手术治疗费
HVB7P306	三角头矫正术	HVB83305	三角头矫正术			手术费	手术收入	3.治疗类：(10)手术治疗费
HVB7S301	自体颅骨外板切取术	HVB60301	自体颅骨外板切取术			手术费	手术收入	3.治疗类：(10)手术治疗费
HVD	头颈部肌肉软组织							
HVD7P301	肌性斜颈矫正术	HVD83301	肌性斜颈矫正术	331522002	肌性斜颈矫正术	手术费	手术收入	3.治疗类：(10)手术治疗费
HVE-HVH	2.脊柱							
HVE	脊柱							
HVE6D101	脊柱病灶穿刺活检术	FVE07101	脊柱骨穿刺活检术	311300012	骨穿刺术	手术费	手术收入	3.治疗类：(10)手术治疗费
HVE6D102	经皮脊柱骨穿刺活检术					手术费	手术收入	3.治疗类：(10)手术治疗费
HVE6D301	脊柱肿瘤切开活检术	FVE07301	脊柱骨肿瘤切开活检术	331503016	骨肿瘤切开活检术	手术费	手术收入	3.治疗类：(10)手术治疗费
HVE6L301	椎弓根动力稳定装置置换术					手术费	手术收入	3.治疗类：(10)手术治疗费
HVE6M301	脊柱内固定调整术	HVE63301	脊柱内固定调整术			手术费	手术收入	3.治疗类：(10)手术治疗费
HVE6N301	脊柱侧弯内固定取出术	HVE64301	脊柱侧弯内固定取出术	331501054	脊柱内固定物取出术	手术费	手术收入	3.治疗类：(10)手术治疗费
HVE6U301	椎体肿瘤切除术					手术费	手术收入	3.治疗类：(10)手术治疗费
HVE6U501	经皮内镜脊柱病灶清除术					手术费	手术收入	3.治疗类：(10)手术治疗费
HVE6W301	棘突切除术					手术费	手术收入	3.治疗类：(10)手术治疗费
HVE6W302	椎管内外肿瘤切除术					手术费	手术收入	3.治疗类：(10)手术治疗费
HVE7B301	脊柱肿瘤微创减压术					手术费	手术收入	3.治疗类：(10)手术治疗费
HVE7B501	经脊柱内镜神经减压术					手术费	手术收入	3.治疗类：(10)手术治疗费
HVE7M101	经皮穿刺椎弓根内固定术					手术费	手术收入	3.治疗类：(10)手术治疗费
HVE7M201	脊柱微创内固定术					手术费	手术收入	3.治疗类：(10)手术治疗费
HVE7M301	骶骨骨折复位内固定术					手术费	手术收入	3.治疗类：(10)手术治疗费
HVE7M302	后路关节突截骨矫正植骨融合内固定术	HVE71301	后路关节突截骨矫正植骨融合内固定术			手术费	手术收入	3.治疗类：(10)手术治疗费
HVE7M303	脊柱侧弯肋骨撑开术	HVE70301	脊柱侧弯肋骨撑开术			手术费	手术收入	3.治疗类：(10)手术治疗费
HVE7M304	经胸脊柱侧弯矫正植骨融合内固定术	HVE71302	经胸脊柱侧弯矫正植骨融合内固定术			手术费	手术收入	3.治疗类：(10)手术治疗费
HVE7M305	胸腹联合入路脊柱侧弯矫正植骨融合内固定术	HVE71303	胸腹联合入路脊柱侧弯矫正植骨融合内固定术			手术费	手术收入	3.治疗类：(10)手术治疗费
HVE7M306	腹膜后入路脊柱侧弯矫正植骨融合内固定术	HVE71304	腹膜后入路脊柱侧弯矫正植骨融合内固定术	331501050	前路脊柱旋转侧弯矫正术	手术费	手术收入	3.治疗类：(10)手术治疗费
HVE7M307	后路脊柱侧弯矫正植骨融合内固定胸廓成形术	HVE71305	后路脊柱侧弯矫正植骨融合内固定胸廓成形术	331501048	脊柱侧弯矫正术(后路)	手术费	手术收入	3.治疗类：(10)手术治疗费
		HVE71307	后路脊柱畸形矫正植骨融合内固定术	331501047	强直性脊柱炎多椎截骨矫正术	手术费	手术收入	3.治疗类：(10)手术治疗费
HVE7M308	脊柱侧弯翻修植骨融合内固定术	HVE71308	脊柱侧弯翻修植骨融合内固定术			手术费	手术收入	3.治疗类：(10)手术治疗费
HVE7M309	脊柱侧弯翻修经椎间隙截骨矫形植骨融合内固定术	HVE71309	脊柱侧弯翻修经椎间隙截骨矫形植骨融合内固定术			手术费	手术收入	3.治疗类：(10)手术治疗费
HVE7M310	脊柱侧弯翻修经椎弓根截骨矫形植骨融合内固定术	HVE71310	脊柱侧弯翻修经椎弓根截骨矫形植骨融合内固定术			手术费	手术收入	3.治疗类：(10)手术治疗费
HVE7M311	前后路一期脊柱侧弯矫正植骨融合内固定术	HVE71311	前后路一期脊柱侧弯矫正植骨融合内固定术			手术费	手术收入	3.治疗类：(10)手术治疗费
HVE7M312	脊柱侧弯翻修关节突截骨矫形植骨融合内固定术	HVE71312	脊柱侧弯翻修关节突截骨矫形植骨融合内固定术			手术费	手术收入	3.治疗类：(10)手术治疗费
HVE7M313	前路腰段脊柱侧弯矫正植骨融合内固定术	HVE71313	前路腰段脊柱侧弯矫正植骨融合内固定术			手术费	手术收入	3.治疗类：(10)手术治疗费
HVE7M314	经胸脊柱骨骺阻滞后路椎板凸侧融合术	HVE71314	经胸脊柱骨骺阻滞后路椎板凸侧融合术	331501051	前路脊柱骨骺阻滞术后路椎板凸侧融合术	手术费	手术收入	3.治疗类：(10)手术治疗费
HVE7M315	胸腹联合入路脊柱骨骺阻滞后路椎板凸侧融合术	HVE71315	胸腹联合入路脊柱骨骺阻滞后路椎板凸侧融合术			手术费	手术收入	3.治疗类：(10)手术治疗费
HVE7M316	腹膜后入路脊柱骨骺阻滞后路椎板凸侧融合术	HVE71316	腹膜后入路脊柱骨骺阻滞后路椎板凸侧融合术			手术费	手术收入	3.治疗类：(10)手术治疗费
HVE7M317	脊柱侧弯肋骨部分切除凹侧松解植骨融合术					手术费	手术收入	3.治疗类：(10)手术治疗费
HVE7M318	脊柱外固定架固定术					手术费	手术收入	3.治疗类：(10)手术治疗费
HVE7M319	全椎体切除重建内固定术					手术费	手术收入	3.治疗类：(10)手术治疗费
HVE7M320	后路棘突间弹性固定术					手术费	手术收入	3.治疗类：(10)手术治疗费
HVE7M321	前路脊椎骨折植骨融合内固定术					手术费	手术收入	3.治疗类：(10)手术治疗费
HVE7M322	后路全脊椎切除植骨融合内固定术	HVE75301	后路全脊椎切除植骨融合内固定术	331504007	脊椎结核病灶清除+植骨融合术	手术费	手术收入	3.治疗类：(10)手术治疗费
				331504006	脊椎结核病灶清除术	手术费	手术收入	3.治疗类：(10)手术治疗费
HVE7M323	后路经椎弓根截骨矫正植骨融合内固定术	HVE71317	后路经椎弓根截骨矫正植骨融合内固定术	331501047	强直性脊柱炎多椎截骨矫正术	手术费	手术收入	3.治疗类：(10)手术治疗费
HVE7M324	后路经椎间隙截骨矫正植骨融合内固定术	HVE71306	后路经椎间隙截骨矫正植骨融合内固定术			手术费	手术收入	3.治疗类：(10)手术治疗费
HVE7M501	经皮穿刺经镜脊椎减压融合术					手术费	手术收入	3.治疗类：(10)手术治疗费
HVE7P301	脊髓纵裂切除硬膜囊成形术	HVE83301	脊髓纵裂切除硬膜囊成形术			手术费	手术收入	3.治疗类：(10)手术治疗费
HVE7P501	经皮内镜脊椎翻修术					手术费	手术收入	3.治疗类：(10)手术治疗费
HVE7Q301	后路颈椎椎管扩大减压人工椎板重建术	HVE89301	椎管扩大减压人工椎板重建术			手术费	手术收入	3.治疗类：(10)手术治疗费
		HVE83302	椎板复位成形术	331501059	经皮椎体成形术	手术费	手术收入	3.治疗类：(10)手术治疗费
HVF	脊柱连结							
HVF6R501	经椎间孔镜椎间病灶清除引流术					手术费	手术收入	3.治疗类：(10)手术治疗费
HVF6U101	经皮椎间盘髓核切除术	HVF73101	经皮椎间盘髓核切除术			手术费	手术收入	3.治疗类：(10)手术治疗费
HVF6U102	经皮穿刺椎间盘纤维环成形术					手术费	手术收入	3.治疗类：(10)手术治疗费
HVF6U501	经椎间盘镜髓核摘除术(MED)	HVF56501	经椎间盘镜髓核摘除术(MED)	331501040	后路腰椎间盘镜椎间盘髓核摘除术(MED)	手术费	手术收入	3.治疗类：(10)手术治疗费
HVF6U502	经皮经脊柱内镜椎间盘摘除术					手术费	手术收入	3.治疗类：(10)手术治疗费
HVF7B101	经皮穿刺椎间盘减压镇痛术	HVF56101	经皮穿刺椎间盘减压术			手术费	手术收入	3.治疗类：(10)手术治疗费
HVF7N101	经皮穿刺髓核药物溶解术	HVF72101	经皮穿刺髓核药物溶解术			手术费	手术收入	3.治疗类：(10)手术治疗费
HVF7N102	经皮穿刺椎间盘激光髓核汽化术					手术费	手术收入	3.治疗类：(10)手术治疗费
HVF7N103	经皮穿刺椎体关节射频治疗					手术费	手术收入	3.治疗类：(10)手术治疗费
HVF7P101	经皮椎间孔外口扩大成形术					手术费	手术收入	3.治疗类：(10)手术治疗费
HVF7P501	经椎间孔镜椎间孔扩大成形术			331501035	经皮椎间盘吸引术	手术费	手术收入	3.治疗类：(10)手术治疗费
		HVF71301	脊柱椎间植骨融合内固定术	331501052	脊柱椎间融合器植入植骨融合术	手术费	手术收入	3.治疗类：(10)手术治疗费
HVG	躯干部肌肉软组织							
HVG6R301	腰大肌脓肿切开引流术					手术费	手术收入	3.治疗类：(10)手术治疗费
HVG6U301	颈伸肌部分切除术					手术费	手术收入	3.治疗类：(10)手术治疗费
HVG6U302	中斜角肌部分切除术					手术费	手术收入	3.治疗类：(10)手术治疗费
HVG6W301	前斜角肌切除术					手术费	手术收入	3.治疗类：(10)手术治疗费
HVG7N301	椎体肿瘤射频消融术	HVG72301	颈椎椎旁软组织肿瘤射频切除术			手术费	手术收入	3.治疗类：(10)手术治疗费
HVH	颈椎							
HVH6L301	前路颈椎人工椎体置换术	HVH66301	颈人工椎体置换术	331501060	人工椎体置换术	手术费	手术收入	3.治疗类：(10)手术治疗费
HVH6N301	前路颈椎内固定取出术	HVH64301	前路颈椎内固定取出术			手术费	手术收入	3.治疗类：(10)手术治疗费
HVH6N302	后路颈椎内固定取出术	HVH64302	后路颈椎内固定取出术			手术费	手术收入	3.治疗类：(10)手术治疗费
HVH6U301	单侧颈动脉三角入路寰枢椎肿瘤切除植骨术	HVH73302	单侧颈动脉三角入路枢椎肿瘤切除植骨术			手术费	手术收入	3.治疗类：(10)手术治疗费
HVH6U302	后路寰椎后弓切除术	HVH56301	后路寰椎后弓切除术	331501024	后入路环枢椎植骨融合术	手术费	手术收入	3.治疗类：(10)手术治疗费
HVH6U303	前路颈椎肿瘤切除术	HVG73301	前路颈椎椎旁软组织肿瘤切除术	331501002	颈3-7椎体肿瘤切除术(前入路)	手术费	手术收入	3.治疗类：(10)手术治疗费
HVH6U304	后路颈椎肿瘤切除术	HVG73302	后路颈椎旁软组织肿瘤切除术			手术费	手术收入	3.治疗类：(10)手术治疗费
HVH6U305	脊柱结核病灶清除术					手术费	手术收入	3.治疗类：(10)手术治疗费
HVH6U306	颈椎感染性病灶清除术	HVH73310	颈椎感染性病灶清除术			手术费	手术收入	3.治疗类：(10)手术治疗费
HVH6U307	颈椎前纵韧带骨化切除术					手术费	手术收入	3.治疗类：(10)手术治疗费
HVH6U308	颈椎椎板肿瘤切除术	HVH73308	颈椎椎板肿瘤切除术	331501003	颈1-7椎板肿瘤切除术(后入路)	手术费	手术收入	3.治疗类：(10)手术治疗费
HVH6U309	颈椎椎板及单侧附件肿瘤切除术	HVH73309	颈椎椎板及单侧附件肿瘤切除术			手术费	手术收入	3.治疗类：(10)手术治疗费
HVH6U310	侧路枢椎齿突切除术	HVH73301	侧路枢椎齿突切除术	331501023	颈椎侧方入路枢椎齿突切除术	手术费	手术收入	3.治疗类：(10)手术治疗费
HVH6U401	口咽入路齿状突切除术	HVH73401	口咽入路齿状突切除术	330201054	经口齿状突切除术	手术费	手术收入	3.治疗类：(10)手术治疗费
HVH6U402	口咽入路寰枢椎肿瘤切除植骨术	HVH73402	口咽入路寰枢椎肿瘤切除植骨术			手术费	手术收入	3.治疗类：(10)手术治疗费
HVH6V301	下颌骨入路寰枢椎肿瘤切除植骨融合内固定皮瓣重建术	HVH74301	下颌骨入路寰枢椎肿瘤切除植骨融合皮瓣重建术			手术费	手术收入	3.治疗类：(10)手术治疗费
HVH7B301	后路颈椎椎间盘切除神经根管减压术					手术费	手术收入	3.治疗类：(10)手术治疗费
HVH7B302	颈椎椎管扩大减压术	HVH56302	颈椎椎管扩大减压术	331501036	椎管扩大减压术	手术费	手术收入	3.治疗类：(10)手术治疗费
HVH7B303	颈椎椎管扩大减压神经根管减压术	HVH56303	颈椎椎管扩大减压神经根管减压术			手术费	手术收入	3.治疗类：(10)手术治疗费
HVH7H301	后路颈椎关节突切除骨折脱位复位植骨融合内固定术	HVH70302	后路颈椎关节突切除骨折脱位复位植骨融合内固定术			手术费	手术收入	3.治疗类：(10)手术治疗费
HVH7H302	后路颈椎关节突椎板切除骨折脱位复位植骨融合内固定术	HVH70303	后路颈椎关节突椎板切除骨折脱位复位植骨融合内固定术			手术费	手术收入	3.治疗类：(10)手术治疗费
HVH7H303	前后路联合颈椎骨折减压复位内固定术					手术费	手术收入	3.治疗类：(10)手术治疗费
HVH7H401	经口咽寰椎骨折复位内固定术					手术费	手术收入	3.治疗类：(10)手术治疗费
HVH7M301	前路齿状突内固定术	HVH71301	前路齿状突内固定术			手术费	手术收入	3.治疗类：(10)手术治疗费
HVH7M302	后路寰枢椎内固定植骨融合术	HVH71304	后路寰枢椎内固定植骨融合术			手术费	手术收入	3.治疗类：(10)手术治疗费
		HVH71310	后路下颈椎枕骨植骨融合内固定术	331501027	环枢椎侧块螺钉内固定术	手术费	手术收入	3.治疗类：(10)手术治疗费
HVH7M303	后路寰枢减压植骨融合内固定术	HVH71305	后路寰枢减压植骨融合内固定术	331501025	后入路环枢减压植骨融合固定术	手术费	手术收入	3.治疗类：(10)手术治疗费
HVH7M304	后路寰枢枕植骨融合固定术	HVH71306	后路寰枢枕植骨融合固定术	331501026	后入路枢环枕融合植骨固定术	手术费	手术收入	3.治疗类：(10)手术治疗费
		HVH71307	后路寰枢椎/枕颈植骨融合术	331501024	后入路环枢椎植骨融合术	手术费	手术收入	3.治疗类：(10)手术治疗费
HVH7M305	前路颈椎寰枢侧块关节植骨融合内固定术	HVH71308	前路颈椎寰枢侧块关节植骨融合内固定术	331501027	环枢椎侧块螺钉内固定术	手术费	手术收入	3.治疗类：(10)手术治疗费
HVH7M306	后路颈椎寰枢侧块关节内固定术	HVH71309	后路颈椎寰枢侧块关节植骨融合内固定术			手术费	手术收入	3.治疗类：(10)手术治疗费
HVH7M307	前路寰枢椎内固定植骨融合术					手术费	手术收入	3.治疗类：(10)手术治疗费
HVH7M308	后路寰枢减压微创内固定植骨融合术					手术费	手术收入	3.治疗类：(10)手术治疗费
HVH7M309	后路寰枢椎微创内固定植骨融合术					手术费	手术收入	3.治疗类：(10)手术治疗费
HVH7M310	单侧颈动脉三角入路寰枢椎骨肿瘤切除植骨融合内固定术	HVH73303	单侧颈动脉三角入路枢椎肿瘤切除植骨融合内固定术			手术费	手术收入	3.治疗类：(10)手术治疗费
HVH7M311	下颌骨入路寰枢椎肿瘤切除植骨融合内固定术	HVH73304	下颌骨入路枢椎肿瘤切除植骨融合内固定术			手术费	手术收入	3.治疗类：(10)手术治疗费
HVH7M312	口咽入路寰枢椎骨肿瘤切除植骨内固定术	HVH73305	口咽入路寰枢椎肿瘤切除植骨内固定术	331501001	经口咽部环枢椎肿瘤切除术	手术费	手术收入	3.治疗类：(10)手术治疗费
HVH7M313	后路寰椎骨折微创内固定术					手术费	手术收入	3.治疗类：(10)手术治疗费
HVH7M314	前后路联合颈椎感染性病灶清除植骨融合内固定术					手术费	手术收入	3.治疗类：(10)手术治疗费
HVH7M315	颈椎后路内固定翻修植骨融合内固定术					手术费	手术收入	3.治疗类：(10)手术治疗费
HVH7M316	颈椎前路内固定翻修植骨融合内固定术					手术费	手术收入	3.治疗类：(10)手术治疗费
HVH7M317	后路颈椎骨折微创内固定术					手术费	手术收入	3.治疗类：(10)手术治疗费
HVH7M318	后路颈椎减压微创内固定植骨融合术					手术费	手术收入	3.治疗类：(10)手术治疗费
HVH7M319	后路颈椎微创内固定植骨融合术					手术费	手术收入	3.治疗类：(10)手术治疗费
HVH7M320	后路颈椎植骨融合内固定术					手术费	手术收入	3.治疗类：(10)手术治疗费
HVH7M321	颈椎感染性病灶清除椎体重建内固定术	HVH73311	颈椎感染性病灶清除椎体重建内固定术			手术费	手术收入	3.治疗类：(10)手术治疗费
HVH7M322	后路颈椎融合术					手术费	手术收入	3.治疗类：(10)手术治疗费
HVH7M323	后路颈椎后凸畸形矫正植骨融合内固定术					手术费	手术收入	3.治疗类：(10)手术治疗费
HVH7M324	颈椎椎板及单侧附件肿瘤切除植骨融合内固定术	HVH73316	颈椎椎板及单侧附件肿瘤切除植骨融合内固定术			手术费	手术收入	3.治疗类：(10)手术治疗费
HVH7M325	后路颈椎椎板及双侧附件肿瘤切除植骨融合内固定术	HVH73317	后路颈椎板及双侧附件肿瘤切除植骨融合内固定术			手术费	手术收入	3.治疗类：(10)手术治疗费
HVH7M326	后路颈椎椎管扩大减压植骨融合内固定术	HVH71311	颈椎椎管扩大减压植骨融合内固定术			手术费	手术收入	3.治疗类：(10)手术治疗费
HVH7M327	后路颈椎椎管扩大减压神经根管减压植骨融合内固定术	HVH71312	颈椎椎管扩大减压神经根管减压植骨融合内固定术			手术费	手术收入	3.治疗类：(10)手术治疗费
HVH7M328	前后路联合颈椎管减压内固定植骨融合术					手术费	手术收入	3.治疗类：(10)手术治疗费
HVH7M329	后路颈椎椎管减压翻修植骨融合内固定术					手术费	手术收入	3.治疗类：(10)手术治疗费
HVH7M330	前路颈椎椎体次全切除椎间融合术					手术费	手术收入	3.治疗类：(10)手术治疗费
HVH7M331	前路颈椎椎体肿瘤切除植骨融合术	HVH73306	前路颈椎椎体肿瘤切除植骨融合术			手术费	手术收入	3.治疗类：(10)手术治疗费
HVH7M332	前路颈椎体肿瘤切除植骨融合内固定术	HVH73307	前路颈椎体肿瘤切除植骨融合内固定术			手术费	手术收入	3.治疗类：(10)手术治疗费
HVH7M333	前路颈椎椎体及双侧附件肿瘤切除植骨融合内固定术	HVH73312	前路颈椎体及双侧附件肿瘤切除植骨融合内固定术			手术费	手术收入	3.治疗类：(10)手术治疗费
HVH7M334	前路颈椎体及椎管内肿瘤切除植骨融合内固定术	HVH73313	前路颈椎体及椎管内肿瘤切除植骨融合内固定术			手术费	手术收入	3.治疗类：(10)手术治疗费
HVH7M335	前路颈椎椎体及单侧附件肿瘤切除植骨融合术	HVH73314	前路颈椎体及单侧附件肿瘤切除植骨融合术			手术费	手术收入	3.治疗类：(10)手术治疗费
HVH7M336	前路颈椎椎体及单侧附件肿瘤切除植骨融合内固定术	HVH73315	前路颈椎体及单侧附件肿瘤切除植骨融合内固定术			手术费	手术收入	3.治疗类：(10)手术治疗费
HVH7M337	前路颈椎椎体次全切除植骨融合术	HVH73318	前路颈椎椎体次全切除植骨融合术	331501021	颈椎体次全切除植骨融合术	手术费	手术收入	3.治疗类：(10)手术治疗费
HVH7M338	前路颈椎椎体次全切除植骨融合内固定术	HVH73319	前路颈椎椎体次全切除植骨融合内固定术			手术费	手术收入	3.治疗类：(10)手术治疗费
HVH7M339	前路颈椎椎体次全切后纵韧带骨化切除植骨融合术	HVH73320	颈椎椎体次全切后纵韧带骨化切除植骨融合术			手术费	手术收入	3.治疗类：(10)手术治疗费
HVH7M340	前路颈椎椎体次全切后纵韧带骨化切除植骨融合内固定术	HVH73321	颈椎椎体次全切后纵韧带骨化切除植骨融合内固定术			手术费	手术收入	3.治疗类：(10)手术治疗费
HVH7M341	后路全椎体切除矫正植骨融合内固定术					手术费	手术收入	3.治疗类：(10)手术治疗费
HVH7M342	后路枢椎内固定术	HVH71302	后路枢椎内固定术			手术费	手术收入	3.治疗类：(10)手术治疗费
HVH7M343	后路枢椎植骨融合内固定术	HVH71303	后路枢椎植骨融合内固定术			手术费	手术收入	3.治疗类：(10)手术治疗费
HVH7M344	后路枢椎骨折微创内固定术					手术费	手术收入	3.治疗类：(10)手术治疗费
HVH7M345	经口枕颈融合术					手术费	手术收入	3.治疗类：(10)手术治疗费
HVH7N101	经皮穿刺颈2-3横突射频镇痛术	HVH72101	经皮穿刺颈2-3横突射频治疗			手术费	手术收入	3.治疗类：(10)手术治疗费
HVH7N301	颈椎椎体及附件肿瘤射频切除术	HVH72301	颈椎椎体及附件肿瘤射频切除术			手术费	手术收入	3.治疗类：(10)手术治疗费
HVH7P101	经皮颈椎椎体成形术(PVP)	HVH83101	经皮颈椎椎体成形术(PVP)	331501059	经皮椎体成形术	手术费	手术收入	3.治疗类：(10)手术治疗费
HVH7P102	经皮颈椎椎体扩张成形术(PKP)	HVH83102	经皮颈椎椎体扩张成形术(PKP)			手术费	手术收入	3.治疗类：(10)手术治疗费
HVH7P301	颈椎椎板成形术					手术费	手术收入	3.治疗类：(10)手术治疗费
HVH7P302	前路颈椎后凸畸形矫正术	HVH83301	前路颈椎后凸畸形矫正术			手术费	手术收入	3.治疗类：(10)手术治疗费
HVH7P303	后路颈椎椎管扩大成形术					手术费	手术收入	3.治疗类：(10)手术治疗费
HVJ-HVK	颈椎连结							
HVJ6L301	前路颈椎间盘切除人工椎间盘置换术	HVJ66301	前路颈椎间盘切除人工椎间盘置换术			手术费	手术收入	3.治疗类：(10)手术治疗费
HVJ6U101	经皮穿刺颈椎间盘切除术	HVJ73101	经皮穿刺颈椎间盘切除术	331501056	经皮穿刺颈腰椎间盘切除术	手术费	手术收入	3.治疗类：(10)手术治疗费
HVJ6U301	前路颈椎间盘切除术	HVJ73302	颈椎间盘切除术	331501019	颈椎间盘切除术	手术费	手术收入	3.治疗类：(10)手术治疗费
HVJ6U302	前路颈椎间盘后纵韧带骨化切除术	HVK73301	前路颈椎间盘后纵韧带骨化切除术			手术费	手术收入	3.治疗类：(10)手术治疗费
		HVJ73301	前路颈椎间盘切除植骨融合术	331501020	颈椎间盘切除椎间植骨融合术	手术费	手术收入	3.治疗类：(10)手术治疗费
HVJ7B301	前路颈椎椎间盘切除神经根管减压术	HVJ56301	前路颈椎椎间盘切除神经根管减压术			手术费	手术收入	3.治疗类：(10)手术治疗费
HVJ7H301	前路颈椎椎间盘切除骨折脱位手术复位植骨融合内固定术	HVJ70301	颈椎椎间盘切除骨折脱位手术复位植骨融合内固定术	331501028	颈椎骨折脱位手术复位植骨融合内固定术	手术费	手术收入	3.治疗类：(10)手术治疗费
HVJ7M301	前路颈椎间盘切除椎间融合术					手术费	手术收入	3.治疗类：(10)手术治疗费
HVJ7M302	前路颈椎间盘切除椎间植骨融合术	HVJ73303	前路颈椎间盘切除椎间植骨融合术	331501020	颈椎间盘切除椎间植骨融合术	手术费	手术收入	3.治疗类：(10)手术治疗费
HVJ7M303	前路颈椎间盘切除椎间植骨融合内固定术	HVJ73304	前路颈椎间盘切除椎间植骨融合内固定术			手术费	手术收入	3.治疗类：(10)手术治疗费
HVJ7N101	经皮穿刺颈椎间盘化学消融术	HVJ72101	经皮穿刺颈椎间盘化学溶解术			手术费	手术收入	3.治疗类：(10)手术治疗费
HVJ7N102	经皮穿刺颈椎间盘激光消融术	HVJ72102	经皮穿刺颈椎间盘激光髓核汽化术			手术费	手术收入	3.治疗类：(10)手术治疗费
HVJ7N103	经皮穿刺医用臭氧颈椎间盘消融术	HVJ72103	经皮穿刺医用臭氧颈椎间盘髓核消融术			手术费	手术收入	3.治疗类：(10)手术治疗费
HVJ7N104	经皮穿刺颈椎间盘水冷射频消融术	HVJ72104	经皮穿刺单极水冷射频颈椎间盘髓核消融术			手术费	手术收入	3.治疗类：(10)手术治疗费
HVJ7N105	经皮穿刺颈椎间盘髓核射频消融术	HVJ72105	经皮穿刺颈椎间盘髓核射频热凝术			手术费	手术收入	3.治疗类：(10)手术治疗费
HVJ7N106	经皮穿刺颈椎间盘低温等离子消融术	HVJ83101	经皮穿刺低温等离子颈椎间盘髓核成形术			手术费	手术收入	3.治疗类：(10)手术治疗费
HVJ7N301	颈椎间盘射频消融术	HVJ72301	颈椎间盘射频消融术			手术费	手术收入	3.治疗类：(10)手术治疗费
HVK6U301	前路颈椎钩椎关节切除术	HVH73322	前路颈椎钩椎关节切除术	331501022	颈椎钩椎关节切除术	手术费	手术收入	3.治疗类：(10)手术治疗费
HVK6W301	颈椎后路小关节切除术					手术费	手术收入	3.治疗类：(10)手术治疗费
HVK6W302	项韧带切除术					手术费	手术收入	3.治疗类：(10)手术治疗费
HVK7C301	前路颈椎寰枢关节松解术	HVH70301	前路颈椎寰枢关节松解术			手术费	手术收入	3.治疗类：(10)手术治疗费
HVK7C302	颈椎后路小关节松解术					手术费	手术收入	3.治疗类：(10)手术治疗费
HVK7C401	口咽入路寰枢关节松解术	HVH70401	口咽入路寰枢关节松解术			手术费	手术收入	3.治疗类：(10)手术治疗费
HVK7N101	经皮穿刺颈椎小关节射频镇痛术	HVK72101	经皮穿刺颈椎小关节射频治疗			手术费	手术收入	3.治疗类：(10)手术治疗费
HVL	颈胸段椎骨与连结							
HVL6U301	前路颈胸段半椎体切除术	HVL56301	前路颈胸段半椎体切除术			手术费	手术收入	3.治疗类：(10)手术治疗费
HVL6U302	后路颈胸段半椎体切除术	HVL56303	后路颈胸段半椎体切除术			手术费	手术收入	3.治疗类：(10)手术治疗费
HVL6U303	前后联合入路颈胸段半椎体切除术	HVL56305	前后联合入路颈胸段半椎体切除术			手术费	手术收入	3.治疗类：(10)手术治疗费
HVL6U304	颈胸段感染性病灶清除术	HVL73301	颈胸段感染性病灶清除术			手术费	手术收入	3.治疗类：(10)手术治疗费
HVL7M301	前路颈胸段半椎体切除植骨融合内固定术	HVL56302	前路颈胸段半椎体切除植骨融合内固定术			手术费	手术收入	3.治疗类：(10)手术治疗费
HVL7M302	后路颈胸段半椎体切除植骨融合内固定术	HVL56304	后路颈胸段半椎体切除植骨融合内固定术			手术费	手术收入	3.治疗类：(10)手术治疗费
HVL7M303	前后联合入路颈胸段半椎体切除植骨融合内固定术	HVL56306	前后联合入路颈胸段半椎体切除植骨融合内固定术			手术费	手术收入	3.治疗类：(10)手术治疗费
HVL7M304	颈胸段感染性病灶清除椎体重建内固定术	HVL73302	颈胸段感染性病灶清除椎体重建内固定术			手术费	手术收入	3.治疗类：(10)手术治疗费
HVN	胸椎							
HVN6L301	胸人工椎体置换术	HVN66301	胸人工椎体置换术			手术费	手术收入	3.治疗类：(10)手术治疗费
HVN6N301	前路胸椎内固定取出术	HVN64301	前路胸椎内固定取出术			手术费	手术收入	3.治疗类：(10)手术治疗费
HVN6N302	后路胸椎内固定取出术	HVN64302	后路胸椎内固定取出术			手术费	手术收入	3.治疗类：(10)手术治疗费
HVN6U301	前后联合入路胸段半椎体切除术	HVN56304	前后联合入路胸段半椎体切除术			手术费	手术收入	3.治疗类：(10)手术治疗费
HVN6U302	胸椎感染性病灶清除术	HVN73319	胸椎感染性病灶清除术			手术费	手术收入	3.治疗类：(10)手术治疗费
HVN6U303	后路胸椎半椎体切除术	HVN56302	后路胸椎半椎体切除术	331501053	脊柱半椎体切除术	手术费	手术收入	3.治疗类：(10)手术治疗费
HVN6U304	后路胸椎附件骨肿瘤切除术	HVN73313	后路胸椎附件肿瘤切除术	331501005	胸椎椎板及附件肿瘤切除术	手术费	手术收入	3.治疗类：(10)手术治疗费
HVN6U305	后路胸椎附件及部分椎体骨肿瘤切除术	HVN73315	后路胸椎附件及部分椎体肿瘤切除术			手术费	手术收入	3.治疗类：(10)手术治疗费
HVN6U306	后路胸椎椎板骨肿瘤切除术	HVN73317	后路胸椎椎板肿瘤切除术	331501005	胸椎椎板及附件肿瘤切除术	手术费	手术收入	3.治疗类：(10)手术治疗费
HVN6U307	胸锁关节入路胸椎椎体骨肿瘤切除术	HVN73301	胸锁关节入路胸椎椎体肿瘤切除术	331501004	胸椎肿瘤切除术	手术费	手术收入	3.治疗类：(10)手术治疗费
HVN6U308	胸骨入路胸椎椎体骨肿瘤切除术	HVN73302	胸骨入路胸椎椎体肿瘤切除术			手术费	手术收入	3.治疗类：(10)手术治疗费
HVN6U309	肋间隙入路胸椎椎体骨肿瘤切除术	HVN73303	肋间隙入路胸椎椎体肿瘤切除术			手术费	手术收入	3.治疗类：(10)手术治疗费
HVN6U310	胸腹联合入路胸椎椎体骨肿瘤切除术	HVN73307	胸腹联合入路胸椎椎体肿瘤切除术			手术费	手术收入	3.治疗类：(10)手术治疗费
HVN6U311	腹膜后胸膜外入路椎体骨肿瘤切除术	HVN73309	腹膜后胸膜外入路椎体肿瘤切除术	331501008	经腹膜后胸膜外胸腰段椎体肿瘤切除术(胸11-腰2)	手术费	手术收入	3.治疗类：(10)手术治疗费
HVN6U312	肋间隙入路胸椎椎体椎旁软组织肿瘤切除术	HVN73311	肋间隙入路胸椎椎体椎旁软组织肿瘤切除术			手术费	手术收入	3.治疗类：(10)手术治疗费
HVN6W301	肋骨椎骨横突切除术					手术费	手术收入	3.治疗类：(10)手术治疗费
HVN7B301	胸椎椎管扩大减压术	HVN56306	胸椎椎管扩大减压术			手术费	手术收入	3.治疗类：(10)手术治疗费
HVN7B302	胸椎椎管扩大减压神经根管减压术	HVN56308	胸椎椎管扩大减压神经根管减压术			手术费	手术收入	3.治疗类：(10)手术治疗费
HVN7C101	经硬膜外腔镜松解镇痛术					手术费	手术收入	3.治疗类：(10)手术治疗费
HVN7M301	前后联合入路胸段半椎体切除植骨融合内固定术	HVN56305	前后联合入路胸段半椎体切除植骨融合内固定术			手术费	手术收入	3.治疗类：(10)手术治疗费
HVN7M302	前路胸椎松解融合术	HVN56301	前路胸椎松解融合术			手术费	手术收入	3.治疗类：(10)手术治疗费
HVN7M303	后路胸椎融合术	HVN71301	后路胸椎融合术	331501029	胸椎融合术	手术费	手术收入	3.治疗类：(10)手术治疗费
HVN7M304	前后路联合胸椎骨折减压复位内固定术					手术费	手术收入	3.治疗类：(10)手术治疗费
HVN7M305	前后路联合胸椎感染性病灶清除椎体植骨融合内固定术					手术费	手术收入	3.治疗类：(10)手术治疗费
HVN7M306	后路胸椎骨折微创内固定术					手术费	手术收入	3.治疗类：(10)手术治疗费
HVN7M307	后路胸椎减压微创内固定植骨融合术					手术费	手术收入	3.治疗类：(10)手术治疗费
HVN7M308	后路胸椎微创内固定植骨融合术					手术费	手术收入	3.治疗类：(10)手术治疗费
HVN7M309	前路椎体间再融合术					手术费	手术收入	3.治疗类：(10)手术治疗费
HVN7M310	前路胸椎融合术					手术费	手术收入	3.治疗类：(10)手术治疗费
HVN7M311	胸椎感染性病灶清除椎体植骨融合内固定术	HVN73320	胸椎感染性病灶清除椎体植骨融合内固定术			手术费	手术收入	3.治疗类：(10)手术治疗费
HVN7M312	后路胸椎半椎体切除植骨融合内固定术	HVN56303	后路胸椎半椎体切除植骨融合内固定术			手术费	手术收入	3.治疗类：(10)手术治疗费
HVN7M313	前路胸椎半椎体切除植骨融合内固定术					手术费	手术收入	3.治疗类：(10)手术治疗费
HVN7M314	胸椎部分椎板切除椎管神经根管减压植骨融合内固定术	HVN56309	胸椎部分椎板切除椎管神经根管减压植骨融合内固定术			手术费	手术收入	3.治疗类：(10)手术治疗费
HVN7M315	后路胸椎附件骨肿瘤切除植骨融合内固定术	HVN73314	后路胸椎附件肿瘤切除植骨融合内固定术			手术费	手术收入	3.治疗类：(10)手术治疗费
HVN7M316	后路胸椎附件及部分椎体骨肿瘤切除植骨融合内固定术	HVN73316	后路胸椎附件及部分椎体肿瘤切除植骨融合内固定术			手术费	手术收入	3.治疗类：(10)手术治疗费
HVN7M317	后路胸椎横突椎板植骨融合术	HVN71303	后路胸椎横突椎板植骨融合术	331501031	胸椎横突椎板植骨融合术	手术费	手术收入	3.治疗类：(10)手术治疗费
HVN7M318	胸椎全椎板切除椎管神经根管减压植骨融合内固定术	HVN56310	胸椎全椎板切除椎管神经根管减压植骨融合内固定术			手术费	手术收入	3.治疗类：(10)手术治疗费
HVN7M319	后路胸椎椎板骨肿瘤切除植骨融合内固定术	HVN73318	后路胸椎椎板肿瘤切除植骨融合内固定术			手术费	手术收入	3.治疗类：(10)手术治疗费
HVN7M320	胸椎椎管扩大减压植骨融合内固定术	HVN56307	胸椎椎管扩大减压植骨融合内固定术			手术费	手术收入	3.治疗类：(10)手术治疗费
HVN7M321	前后路联合胸椎管减压内固定植骨融合术					手术费	手术收入	3.治疗类：(10)手术治疗费
HVN7M322	前路胸椎椎间植骨融合术	HVN71302	前路胸椎椎间植骨融合术	331501052	脊柱椎间融合器植入植骨融合术	手术费	手术收入	3.治疗类：(10)手术治疗费
HVN7M323	胸锁关节入路胸椎椎体骨肿瘤切除植骨融合内固定术	HVN73304	胸锁关节入路胸椎椎体肿瘤切除植骨融合内固定术			手术费	手术收入	3.治疗类：(10)手术治疗费
HVN7M324	胸骨入路胸椎椎体骨肿瘤切除植骨融合内固定术	HVN73305	胸骨入路胸椎椎体肿瘤切除植骨融合内固定术			手术费	手术收入	3.治疗类：(10)手术治疗费
HVN7M325	肋间隙入路胸椎椎体骨肿瘤切除植骨融合内固定术	HVN73306	肋间隙入路胸椎椎体肿瘤切除植骨融合内固定术			手术费	手术收入	3.治疗类：(10)手术治疗费
HVN7M326	胸腹联合入路胸椎椎体骨肿瘤切除植骨融合内固定术	HVN73308	胸腹联合入路胸椎椎体肿瘤切除植骨融合内固定术			手术费	手术收入	3.治疗类：(10)手术治疗费
HVN7M327	腹膜后胸膜外入路椎体骨肿瘤切除植骨融合内固定术	HVN73310	腹膜后胸膜外入路胸椎椎体肿瘤切除植骨融合内固定术			手术费	手术收入	3.治疗类：(10)手术治疗费
HVN7M328	肋间隙入路胸椎椎体椎旁软组织骨肿瘤切除植骨融合内固定	HVN73312	肋间隙入路胸椎椎体椎旁软组织肿瘤切除植骨融合内固术			手术费	手术收入	3.治疗类：(10)手术治疗费
HVN7M501	术经胸腔镜前路胸椎骨折复位内固定术					手术费	手术收入	3.治疗类：(10)手术治疗费
HVN7M502	经胸腔镜前路胸椎松解融合术					手术费	手术收入	3.治疗类：(10)手术治疗费
HVN7M503	经胸腔镜前路胸椎骨折椎体切除人工椎体置入植骨融合内固					手术费	手术收入	3.治疗类：(10)手术治疗费
HVN7P101	经皮胸椎椎体成形术(PVP)	HVN62101	经皮胸椎椎体成形术(PVP)			手术费	手术收入	3.治疗类：(10)手术治疗费
HVN7P102	经皮胸椎椎体扩张成形术(PKP)	HVN83101	经皮胸椎椎体扩张成形术(PKP)			手术费	手术收入	3.治疗类：(10)手术治疗费
HVP-HVQ	胸椎连结							
HVP6U501	经椎间孔镜胸椎髓核摘除术					手术费	手术收入	3.治疗类：(10)手术治疗费
HVP7B301	胸椎间盘切除椎管减压术					手术费	手术收入	3.治疗类：(10)手术治疗费
HVP7M301	胸骨入路胸椎椎间盘切除植骨融合术	HVP56301	胸骨入路胸椎椎间盘切除植骨融合术			手术费	手术收入	3.治疗类：(10)手术治疗费
HVP7M302	肋间隙入路胸椎椎间盘切除植骨融合术	HVP56302	肋间隙入路胸椎椎间盘切除植骨融合术			手术费	手术收入	3.治疗类：(10)手术治疗费
HVP7M303	胸腹联合入路椎间盘切除植骨融合术	HVP56303	胸腹联合入路椎间盘切除植骨融合术	331501033	经胸腹联合切口胸椎间盘切除术	手术费	手术收入	3.治疗类：(10)手术治疗费
HVP7M304	肋间隙入路胸椎椎间盘切除植骨融合内固定术	HVP56304	肋间隙入路胸椎椎间盘切除植骨融合内固定术	331501030	胸椎腰椎前路内固定术	手术费	手术收入	3.治疗类：(10)手术治疗费
HVP7M305	胸骨入路胸椎椎间盘切除植骨融合内固定术	HVP56305	胸骨入路胸椎椎间盘切除植骨融合内固定术			手术费	手术收入	3.治疗类：(10)手术治疗费
HVP7M306	胸腹联合入路椎间盘切除植骨融合内固定术	HVP56306	胸腹联合入路椎间盘切除植骨融合内固定术			手术费	手术收入	3.治疗类：(10)手术治疗费
HVP7M501	经胸腔镜前路胸椎椎间盘切除植骨融合内固定术					手术费	手术收入	3.治疗类：(10)手术治疗费
HVP7M502	经胸腔镜前路胸椎椎间盘切除植骨融合术					手术费	手术收入	3.治疗类：(10)手术治疗费
HVQ7B301	胸椎后纵韧带骨化切除椎管扩大减压术	HVQ56301	胸椎后纵韧带骨化切除椎管扩大减压术			手术费	手术收入	3.治疗类：(10)手术治疗费
HVQ7M301	胸椎黄韧带骨化切除植骨融合内固定术					手术费	手术收入	3.治疗类：(10)手术治疗费
HVQ7N101	经皮穿刺胸椎小关节射频镇痛术	HVQ72101	经皮穿刺胸椎小关节射频治疗			手术费	手术收入	3.治疗类：(10)手术治疗费
HVR	胸腰段椎骨与连结							
HVR6U301	前后联合入路胸腰段半椎体切除术	HVR73303	前后联合入路胸腰段半椎体切除术			手术费	手术收入	3.治疗类：(10)手术治疗费
HVR6U302	前路胸腰椎半椎体切除术	HVR73301	前路胸腰椎半椎体切除术			手术费	手术收入	3.治疗类：(10)手术治疗费
HVR6U303	后路胸腰椎半椎体切除术	HVR73302	后路胸腰椎半椎体切除术			手术费	手术收入	3.治疗类：(10)手术治疗费
HVR7C301	胸腹联合入路胸腰段脊柱松解术	HVR56301	胸腹联合入路胸腰段松解术			手术费	手术收入	3.治疗类：(10)手术治疗费
HVR7H301	后路胸腰椎骨折复位内固定术	HVR70301	后路胸腰椎骨折复位内固定术	331501032	胸腰椎骨折切开复位内固定术	手术费	手术收入	3.治疗类：(10)手术治疗费
HVR7M301	前后路联合胸腰段半椎体切除植骨融合内固定术					手术费	手术收入	3.治疗类：(10)手术治疗费
HVR7M302	胸腹联合入路胸腰段脊柱松解融合术	HVR56302	胸腹联合入路胸腰段脊柱松解融合术	331501049	前路脊柱松解融合术	手术费	手术收入	3.治疗类：(10)手术治疗费
HVR7M303	后路胸腰椎骨折复位椎板切除减压内固定植骨融合术	HVR70302	后路胸腰椎骨折复位椎板切除减压植骨融合内固定术			手术费	手术收入	3.治疗类：(10)手术治疗费
HVR7M304	后路胸腰椎骨折复位椎板切除脊髓前外侧减压内固定植骨融	HVR70303	后路胸腰椎骨折切开复位脊髓前外侧减压植骨融合内固定术			手术费	手术收入	3.治疗类：(10)手术治疗费
HVR7M305	合术前后路联合胸腰椎骨折减压复位内固定术					手术费	手术收入	3.治疗类：(10)手术治疗费
HVR7M306	前路胸腰椎骨折椎体切除人工椎体置入植骨融合内固定术					手术费	手术收入	3.治疗类：(10)手术治疗费
HVT	腰椎							
HVT6K301	后路腰椎椎弓根动力稳定装置置入术					手术费	手术收入	3.治疗类：(10)手术治疗费
HVT6L301	腰椎人工椎体置换术	HVT66301	腰椎人工椎体置换术			手术费	手术收入	3.治疗类：(10)手术治疗费
HVT6N301	前路腰椎内固定取出术	HVT64301	前路腰椎内固定取出术			手术费	手术收入	3.治疗类：(10)手术治疗费
HVT6N302	后路腰椎内固定取出术	HVT64302	后路腰椎内固定取出术			手术费	手术收入	3.治疗类：(10)手术治疗费
HVT6U301	腰椎骶化浮棘/钩棘切除术	HVT73310	腰椎骶化浮棘/钩棘切除术			手术费	手术收入	3.治疗类：(10)手术治疗费
HVT6U302	腰椎感染性病灶清除术	HVT73311	腰椎感染性病灶清除术			手术费	手术收入	3.治疗类：(10)手术治疗费
HVT6U303	后路腰椎附件骨肿瘤切除术	HVT73308	后路腰椎附件肿瘤切除术	331501007	后路腰椎椎板及附件肿瘤切除术	手术费	手术收入	3.治疗类：(10)手术治疗费
HVT6U304	腰椎骶化横突切除术	HVT73301	腰椎骶化横突切除术	331501044	腰椎骶化横突切除术	手术费	手术收入	3.治疗类：(10)手术治疗费
HVT6U305	后路腰椎椎板骨肿瘤切除术	HVT73306	后路腰椎椎板肿瘤切除术	331501007	后路腰椎椎板及附件肿瘤切除术	手术费	手术收入	3.治疗类：(10)手术治疗费
HVT6U306	侧前方入路腰椎椎体骨肿瘤切除术	HVT73302	侧前方入路腰椎椎体肿瘤切除术	331501009	经腹膜后腰2-4椎体肿瘤切除术	手术费	手术收入	3.治疗类：(10)手术治疗费
HVT6U307	胸腹联合入路腰椎椎体骨肿瘤切除术	HVT73304	胸腹联合入路腰椎椎体肿瘤切除术	331501006	前路腰椎肿瘤切除术	手术费	手术收入	3.治疗类：(10)手术治疗费
HVT7B301	腰椎椎板部分切除髓核摘除神经根管减压术	HVT56310	腰椎椎板部分切除髓核摘除神经根管减压术			手术费	手术收入	3.治疗类：(10)手术治疗费
HVT7B302	腰椎椎管扩大减压神经根管减压术	HVT56308	腰椎椎管扩大减压神经根管减压术	331501036	椎管扩大减压术	手术费	手术收入	3.治疗类：(10)手术治疗费
		HVT56306	腰椎椎管扩大减压术			手术费	手术收入	3.治疗类：(10)手术治疗费
		HVT56307	腰椎椎管扩大减压植骨融合内固定术			手术费	手术收入	3.治疗类：(10)手术治疗费
HVT7B501	经椎间孔镜腰椎管狭窄减压术					手术费	手术收入	3.治疗类：(10)手术治疗费
HVT7C301	侧前路腰椎松解术	HVT56303	前路腰椎松解术			手术费	手术收入	3.治疗类：(10)手术治疗费
HVT7M301	后路胸腰椎骨折微创内固定术					手术费	手术收入	3.治疗类：(10)手术治疗费
HVT7M302	腰骶盆重建内固定术					手术费	手术收入	3.治疗类：(10)手术治疗费
HVT7M303	斜外侧腰椎融合内固定术					手术费	手术收入	3.治疗类：(10)手术治疗费
HVT7M304	前路腰椎滑脱植骨融合术	HVT71301	前路腰椎滑脱植骨融合术	331501041	腰椎滑脱植骨融合术	手术费	手术收入	3.治疗类：(10)手术治疗费
		HVT70301	腰椎滑脱复位植骨融合内固定术	331501042	腰椎滑脱椎弓根螺钉固定植骨融合术	手术费	手术收入	3.治疗类：(10)手术治疗费
HVT7M305	后路腰椎融合内固定术	HVT71302	后路腰椎滑脱植骨融合术	331501041	腰椎滑脱植骨融合术	手术费	手术收入	3.治疗类：(10)手术治疗费
HVT7M306	前后路联合腰椎感染性病灶清除椎体植骨融合内固定术					手术费	手术收入	3.治疗类：(10)手术治疗费
HVT7M307	腰椎后路微创减压固定融合术					手术费	手术收入	3.治疗类：(10)手术治疗费
HVT7M308	腰椎后路微创固定融合术					手术费	手术收入	3.治疗类：(10)手术治疗费
HVT7M309	腰椎感染性病灶清除椎体重建内固定术	HVT73312	腰椎感染性病灶清除椎体重建内固定术			手术费	手术收入	3.治疗类：(10)手术治疗费
HVT7M310	腰椎/骶椎后路内固定翻修植骨融合内固定术					手术费	手术收入	3.治疗类：(10)手术治疗费
HVT7M311	腰椎/骶椎前路内固定翻修植骨融合内固定术					手术费	手术收入	3.治疗类：(10)手术治疗费
HVT7M312	后路腰椎附件骨肿瘤切除植骨融合内固定术	HVT73309	后路腰椎附件肿瘤切除植骨融合内固定术			手术费	手术收入	3.治疗类：(10)手术治疗费
HVT7M313	腰椎横突间融合术	HVT71305	腰椎横突间融合术	331501043	腰椎横突间融合术	手术费	手术收入	3.治疗类：(10)手术治疗费
HVT7M314	腰椎峡部植骨内固定术	HVU56308	前路腰骶椎间盘切除植骨融合内固定术	331501030	胸椎腰椎前路内固定术	手术费	手术收入	3.治疗类：(10)手术治疗费
HVT7M315	腰椎后路微创峡部植骨融合内固定术					手术费	手术收入	3.治疗类：(10)手术治疗费
HVT7M316	后路腰椎椎板骨肿瘤切除植骨融合内固定术	HVT73307	后路腰椎椎板肿瘤切除植骨融合内固定术			手术费	手术收入	3.治疗类：(10)手术治疗费
HVT7M317	腰椎椎管减压滑脱复位植骨融合内固定术	HVT56301	腰椎椎管减压滑脱复位植骨融合内固定术	331501042	腰椎滑脱椎弓根螺钉固定植骨融合术	手术费	手术收入	3.治疗类：(10)手术治疗费
		HVT56302	腰椎椎管减压滑脱复位椎间植骨融合内固定术			手术费	手术收入	3.治疗类：(10)手术治疗费
HVT7M318	腰椎椎管扩大减压神经根管减压植骨融合内固定术	HVT56309	腰椎椎管扩大减压神经根管减压植骨融合内固定术			手术费	手术收入	3.治疗类：(10)手术治疗费
HVT7M319	前后路联合腰椎管减压内固定植骨融合术					手术费	手术收入	3.治疗类：(10)手术治疗费
HVT7M320	腰椎椎管减压翻修植骨融合内固定术					手术费	手术收入	3.治疗类：(10)手术治疗费
HVT7M321	腰段椎管内硬膜外骨肿瘤切除植骨融合内固定术					手术费	手术收入	3.治疗类：(10)手术治疗费
HVT7M322	侧前路腰椎椎间植骨融合术	HVT71303	前路腰椎椎间植骨融合术			手术费	手术收入	3.治疗类：(10)手术治疗费
HVT7M323	后路腰椎椎间植骨融合术	HVT71304	后路腰椎椎间植骨融合术	331501041	腰椎滑脱植骨融合术	手术费	手术收入	3.治疗类：(10)手术治疗费
		HVT56304	腰椎椎间复位植骨融合内固定术	331501055	滑板椎弓根钉复位植骨内固定术	手术费	手术收入	3.治疗类：(10)手术治疗费
		HVT56305	腰椎椎间复位360°植骨融合内固定术			手术费	手术收入	3.治疗类：(10)手术治疗费
HVT7M324	侧前方入路腰椎椎体骨肿瘤切除植骨融合内固定术	HVT73303	侧前方入路腰椎椎体肿瘤切除植骨融合内固定术			手术费	手术收入	3.治疗类：(10)手术治疗费
HVT7M325	胸腹联合入路腰椎椎体骨肿瘤切除植骨融合内固定术	HVT73305	胸腹联合入路腰椎椎体肿瘤切除植骨融合内固定术			手术费	手术收入	3.治疗类：(10)手术治疗费
HVT7M501	经腹腔镜前路腰椎松解融合术					手术费	手术收入	3.治疗类：(10)手术治疗费
HVT7N101	经皮穿刺腰椎横突射频镇痛术	HVT72101	经皮穿刺腰椎横突射频术			手术费	手术收入	3.治疗类：(10)手术治疗费
HVT7P101	经皮腰椎椎体成形术(PVP)	HVT83101	经皮腰椎椎体成形术(PVP)			手术费	手术收入	3.治疗类：(10)手术治疗费
HVT7P102	经皮腰椎椎体后凸成形术(PKP)	HVT83102	经皮腰椎椎体扩张成形术(PKP)			手术费	手术收入	3.治疗类：(10)手术治疗费
HVU-HVV	腰椎连结							
HVU6K301	前路人工腰椎间盘植入术	HVU66301	人工腰椎间盘植入术	331501057	人工椎间盘植入术	手术费	手术收入	3.治疗类：(10)手术治疗费
HVU6K302	前路腰椎间盘切除人工髓核置入术	HVU66303	前路腰椎间盘切除人工髓核置入术			手术费	手术收入	3.治疗类：(10)手术治疗费
		HVU66302	前路腰椎间盘切除人工椎间盘置换术			手术费	手术收入	3.治疗类：(10)手术治疗费
		HVU66306	前路腰骶椎间盘切除人工椎间盘置换术	331501030	胸椎腰椎前路内固定术	手术费	手术收入	3.治疗类：(10)手术治疗费
HVU6K303	腰椎间盘极外侧突出摘除人工髓核置入术	HVU66305	腰椎间盘极外侧突出摘除人工髓核置入术			手术费	手术收入	3.治疗类：(10)手术治疗费
HVU6K304	后路腰椎间盘髓核摘除神经根管减压椎弓根动力稳定装置置					手术费	手术收入	3.治疗类：(10)手术治疗费
	入术	HVU56305	后路腰椎间盘极外侧突出摘除棘突间弹性固定术			手术费	手术收入	3.治疗类：(10)手术治疗费
		HVU56306	腰椎间盘极外侧突出摘除植骨融合内固定术			手术费	手术收入	3.治疗类：(10)手术治疗费
HVU6K305	腰椎间盘髓核摘除神经根管减压人工髓核置入术	HVU66304	腰椎间盘髓核摘除神经根管减压人工髓核置入术			手术费	手术收入	3.治疗类：(10)手术治疗费
HVU6U101	经皮穿刺腰椎间盘旋切术	HVU73101	经皮穿刺腰椎间盘髓核自动切吸术			手术费	手术收入	3.治疗类：(10)手术治疗费
HVU6U301	腰椎间盘摘除术	HVU56302	腰椎间盘摘除术	331501038	腰椎间盘突出摘除术	手术费	手术收入	3.治疗类：(10)手术治疗费
		HVU56309	椎板开窗腰椎间盘髓核摘除术			手术费	手术收入	3.治疗类：(10)手术治疗费
HVU6U302	腰椎间盘极外侧突出摘除术	HVU56307	腰椎间盘极外侧突出摘除术	331501034	腰椎间盘极外侧突出摘除术	手术费	手术收入	3.治疗类：(10)手术治疗费
HVU6U303	小切口腰椎间盘髓核摘除术	HVU56303	小切口腰椎间盘髓核摘除术			手术费	手术收入	3.治疗类：(10)手术治疗费
HVU6U501	经椎间孔镜腰椎间盘髓核摘除术					手术费	手术收入	3.治疗类：(10)手术治疗费
HVU7M301	腰椎间盘极外侧突出摘除椎间植骨融合术	HVU56304	腰椎间盘极外侧突出摘除椎间植骨融合术			手术费	手术收入	3.治疗类：(10)手术治疗费
		HVU73301	前路腰椎间盘切除植骨融合内固定术	331501030	胸椎腰椎前路内固定术	手术费	手术收入	3.治疗类：(10)手术治疗费
		HVU73302	侧前入路腰椎间盘切除植骨融合内固定术			手术费	手术收入	3.治疗类：(10)手术治疗费
HVU7M302	后路腰椎间盘髓核摘除神经根管减压棘突间弹性固定术	HVU56301	后路腰椎间盘髓核摘除神经根管减压棘突间弹性固定术			手术费	手术收入	3.治疗类：(10)手术治疗费
HVU7M303	后路腰椎间盘髓核摘除神经根管减压椎间植骨融合术	HVU56310	后路腰椎间盘髓核摘除神经根管减压椎间植骨融合术			手术费	手术收入	3.治疗类：(10)手术治疗费
HVU7N101	经皮腰椎间盘激光汽化术	HVU72101	经皮腰椎间盘激光气化术			手术费	手术收入	3.治疗类：(10)手术治疗费
HVU7N102	经皮腰椎间盘热疗摘除术(IDET)	HVU72102	经皮腰椎间盘热疗摘除术(IDET)	331501039	经皮激光腰椎间盘摘除术	手术费	手术收入	3.治疗类：(10)手术治疗费
HVU7N103	经皮穿刺腰椎间盘化学消融术	HVU72103	经皮穿刺腰椎间盘化学溶解术			手术费	手术收入	3.治疗类：(10)手术治疗费
HVU7N104	经皮穿刺腰椎间盘低温等离子消融术	HVU72104	经皮穿刺低温等离子腰椎间盘髓核消融术			手术费	手术收入	3.治疗类：(10)手术治疗费
HVU7N105	经皮穿刺腰椎间盘激光消融术	HVU72105	经皮穿刺腰椎间盘髓核激光汽化术			手术费	手术收入	3.治疗类：(10)手术治疗费
HVU7N106	经皮穿刺腰椎间盘医用三氧消融术	HVU72106	经皮穿刺医用臭氧腰椎间盘髓核消融术			手术费	手术收入	3.治疗类：(10)手术治疗费
HVU7N107	经皮腰椎间盘化学溶核术	HVU72108	经皮腰椎间盘化学溶核术			手术费	手术收入	3.治疗类：(10)手术治疗费
HVU7N108	经皮穿刺腰椎间盘髓核射频消融术	HVU72107	经皮穿刺腰椎间盘髓核射频消融术			手术费	手术收入	3.治疗类：(10)手术治疗费
HVU7N301	腰椎间盘射频消融术	HVU72301	腰椎间盘射频消融术	331501058	椎间盘微创消融术	手术费	手术收入	3.治疗类：(10)手术治疗费
HVV7N101	经皮穿刺腰椎小关节射频镇痛术	HVV72101	经皮穿刺腰椎小关节射频术			手术费	手术收入	3.治疗类：(10)手术治疗费
HVW	腰骶段椎骨与连结							
HVW6U301	前路腰骶椎半椎体切除术	HVW73301	前路腰骶椎半椎体切除术			手术费	手术收入	3.治疗类：(10)手术治疗费
HVW6U302	后路腰骶椎半椎体切除术	HVW73302	后路腰骶椎半椎体切除术			手术费	手术收入	3.治疗类：(10)手术治疗费
HVW6U303	前后路联合入路腰骶段半椎体切除术	HVW73303	前后路联合入路腰骶段半椎体切除术			手术费	手术收入	3.治疗类：(10)手术治疗费
HVW6U304	前路腰骶椎体骨肿瘤切除术	HVW73304	前路腰骶椎体肿瘤切除术	331501010	经腹腰5骶1椎体肿瘤切除术	手术费	手术收入	3.治疗类：(10)手术治疗费
				331501014	腰骶髂连接部肿瘤切除术	手术费	手术收入	3.治疗类：(10)手术治疗费
HVW7M301	前后路联合入路腰骶段半椎体切除植骨融合内固定术					手术费	手术收入	3.治疗类：(10)手术治疗费
HVW7M302	后路腰骶椎管减压腰髂植骨融合内固定术					手术费	手术收入	3.治疗类：(10)手术治疗费
HVW7M303	前路腰骶椎体骨肿瘤切除植骨融合内固定术	HVW73305	前路腰骶椎体肿瘤切除植骨融合内固定术			手术费	手术收入	3.治疗类：(10)手术治疗费
HVX7M301	前路腰骶椎融合内固定术					手术费	手术收入	3.治疗类：(10)手术治疗费
HVY	骶椎							
HVY6U301	前路骶骨肿瘤切除术	HVY73301	前路骶骨肿瘤切除术			手术费	手术收入	3.治疗类：(10)手术治疗费
HVY6U302	后路骶骨肿瘤切除术	HVY73304	后路骶骨肿瘤切除术	331501012	骶骨肿瘤骶骨次全切除术	手术费	手术收入	3.治疗类：(10)手术治疗费
HVY6U303	骶椎感染性病灶清除术					手术费	手术收入	3.治疗类：(10)手术治疗费
HVY6W301	骶骨肿瘤全骶骨切除术	HVY75301	骶骨肿瘤全骶骨切除术	331501013	骶骨肿瘤骶骨全切除及骶骨重建术	手术费	手术收入	3.治疗类：(10)手术治疗费
HVY6W302	骶尾部骨肿瘤切除术					手术费	手术收入	3.治疗类：(10)手术治疗费
				331503008	耻骨与坐骨肿瘤切除术	手术费	手术收入	3.治疗类：(10)手术治疗费
HVY7M301	前后联合入路骶骨肿瘤切除内固定术	HVY73302	前后联合入路骶骨肿瘤切除术			手术费	手术收入	3.治疗类：(10)手术治疗费
HVY7M302	前路骶骨肿瘤切除植骨融合内固定术	HVY73303	前路骶骨肿瘤切除植骨融合内固定术	331501011	骶骨肿瘤骶骨部分切除术	手术费	手术收入	3.治疗类：(10)手术治疗费
HVY7M303	后路骶骨肿瘤切除植骨融合内固定术	HVY73305	后路骶骨肿瘤切除植骨融合内固定术			手术费	手术收入	3.治疗类：(10)手术治疗费
HVY7M304	前后路联合骶椎感染性病灶清除椎体植骨融合内固定术					手术费	手术收入	3.治疗类：(10)手术治疗费
		HVY48102	骶椎硬膜外封闭术			手术费	手术收入	3.治疗类：(10)手术治疗费
		HVY48101	骶管滴注	311300011	骶管滴注	手术费	手术收入	3.治疗类：(10)手术治疗费
HWA	3.上肢							
HWA7P301	上肢残端修整术	HWA83301	上肢残端修整术			手术费	手术收入	3.治疗类：(10)手术治疗费
HWB-HWE	4.肩部							
HWB	锁骨							
HWB6U301	先天性锁骨假关节切除术	HWB73301	先天性锁骨假关节切除术	331509007	先天性锁骨假关节切除植骨内固定术	手术费	手术收入	3.治疗类：(10)手术治疗费
HWB6U302	锁骨肿瘤切除术	HWB73303	锁骨肿瘤切除术	331503002	锁骨肿瘤锁骨全切除术	手术费	手术收入	3.治疗类：(10)手术治疗费
HWB6U303	锁骨远端切除术	HWB73302	锁骨远端切除术			手术费	手术收入	3.治疗类：(10)手术治疗费
HWB6U501	经关节镜锁骨远端切除术	HWB73501	关节镜下锁骨远端切除术			手术费	手术收入	3.治疗类：(10)手术治疗费
HWB7M301	锁骨骨折切开复位内固定术	HWB70301	锁骨骨折切开复位内固定术	331505001	锁骨骨折切开复位内固定术	手术费	手术收入	3.治疗类：(10)手术治疗费
HWB7M302	陈旧锁骨骨折切开复位内固定术	HWB70302	陈旧锁骨骨折切开复位内固定术			手术费	手术收入	3.治疗类：(10)手术治疗费
HWB7Q301	锁骨肿瘤切除重建术	HWB74301	锁骨肿瘤切除重建术			手术费	手术收入	3.治疗类：(10)手术治疗费
HWC	肩胛骨							
HWC6E501	经关节镜肩胛-胸壁间隙探查术	FWC09501	关节镜下肩胛-胸壁间隙探查术			手术费	手术收入	3.治疗类：(10)手术治疗费
HWC6U301	肩胛骨肿瘤切除术	HWC73301	肩胛骨肿瘤切除术			手术费	手术收入	3.治疗类：(10)手术治疗费
HWC6U302	肩胛骨截骨术					手术费	手术收入	3.治疗类：(10)手术治疗费
HWC6U501	经关节镜肩胛-胸壁间隙病灶清理术	HWC73501	关节镜下肩胛-胸壁间隙病灶清理术			手术费	手术收入	3.治疗类：(10)手术治疗费
HWC7J301	肩胛下移术	HWC88301	肩胛下移术	331522011	格林先天性高肩胛症手术	手术费	手术收入	3.治疗类：(10)手术治疗费
HWC7M301	肩胛骨骨折切开复位内固定术	HWC70301	肩胛骨骨折切开复位内固定术			手术费	手术收入	3.治疗类：(10)手术治疗费
HWC7M302	陈旧肩胛骨骨折切开复位内固定术	HWC70302	陈旧肩胛骨骨折切开复位内固定术			手术费	手术收入	3.治疗类：(10)手术治疗费
HWC7M303	肩胛盂骨损伤复位内固定术					手术费	手术收入	3.治疗类：(10)手术治疗费
HWC7P301	喙突切开成形术	HWC83301	喙突切开成形术			手术费	手术收入	3.治疗类：(10)手术治疗费
HWC7P302	肩胛骨整形术					手术费	手术收入	3.治疗类：(10)手术治疗费
HWC7P303	肩胛盂植骨修复术					手术费	手术收入	3.治疗类：(10)手术治疗费
HWC7P501	经关节镜喙突成形术	HWC83501	关节镜下喙突成形术			手术费	手术收入	3.治疗类：(10)手术治疗费
HWC7P502	经关节镜肩峰成形术	HWC83502	关节镜下肩峰成形术			手术费	手术收入	3.治疗类：(10)手术治疗费
HWC7Q301	肩胛骨肿瘤切除重建术	HWC74301	肩胛骨肿瘤切除重建术	331503001	肩胛骨肿瘤肩胛骨全切除重建术	手术费	手术收入	3.治疗类：(10)手术治疗费
HWD	上肢带连结							
HWD6D301	胸锁关节活检术					手术费	手术收入	3.治疗类：(10)手术治疗费
HWD6E301	肩峰下间隙切开探查术	FWD09301	肩峰下间隙切开探查术			手术费	手术收入	3.治疗类：(10)手术治疗费
HWD6E501	经关节镜肩峰下间隙探查术	FWD09501	关节镜下肩峰下间隙探查术			手术费	手术收入	3.治疗类：(10)手术治疗费
HWD6U301	胸锁关节病变切除术					手术费	手术收入	3.治疗类：(10)手术治疗费
HWD7C301	冈盂韧带松解术	HWD57301	冈盂韧带松解术			手术费	手术收入	3.治疗类：(10)手术治疗费
HWD7C302	上肢关节松解术	HWA57301	上肢关节松解术	331512019	上肢关节松解术	手术费	手术收入	3.治疗类：(10)手术治疗费
HWD7C501	经关节镜冈盂韧带松解术	HWD57501	关节镜下冈盂韧带松解术			手术费	手术收入	3.治疗类：(10)手术治疗费
HWD7M301	肩锁关节脱位切开复位内固定术	HWD70301	肩锁关节脱位切开复位内固定术	331506001	肩锁关节脱位切开复位内固定术	手术费	手术收入	3.治疗类：(10)手术治疗费
HWD7M302	胸锁关节脱位切开复位内固定术					手术费	手术收入	3.治疗类：(10)手术治疗费
HWD7Q301	肩锁关节脱位重建术	HWD89301	肩锁关节脱位重建术			手术费	手术收入	3.治疗类：(10)手术治疗费
HWD7Q302	肩锁关节脱位喙锁韧带修复重建术	HWD89302	肩锁关节脱位喙锁韧带修复重建术			手术费	手术收入	3.治疗类：(10)手术治疗费
HWD7Q501	经关节镜肩锁关节脱位喙锁韧带修复重建术	HWD89501	关节镜下肩锁关节脱位喙锁韧带修复重建术			手术费	手术收入	3.治疗类：(10)手术治疗费
HWE	上肢带肌及软组织							
HWE6P301	岗上肌腱钙化沉淀物取出术	HWE65301	岗上肌腱钙化沉淀物取出术	331522007	岗上肌腱钙化沉淀物取出术	手术费	手术收入	3.治疗类：(10)手术治疗费
HWE6S501	经关节镜肩袖射频打孔激活术	HWE73504	关节镜下肩袖射频打孔激活术			手术费	手术收入	3.治疗类：(10)手术治疗费
HWE6T301	臂丛神经松解肌肉软组织切断术	HWE56301	臂丛神经松解肌肉软组织切断术			手术费	手术收入	3.治疗类：(10)手术治疗费
HWE6T501	经腔镜臂丛神经松解肌肉软组织切断术	HWE56501	腔镜下臂丛神经松解肌肉软组织切断术			手术费	手术收入	3.治疗类：(10)手术治疗费
HWE6U301	肩胛舌骨肌部分切除术					手术费	手术收入	3.治疗类：(10)手术治疗费
HWE6U302	切开肩袖病灶清理术	HWE73301	切开肩袖病灶清理术			手术费	手术收入	3.治疗类：(10)手术治疗费
HWE6U501	经关节镜冈上肌腱清理术	HWE73501	关节镜下冈上肌腱清理术			手术费	手术收入	3.治疗类：(10)手术治疗费
HWE6U502	经关节镜冈下肌腱清理术	HWE73502	关节镜下冈下肌腱清理术			手术费	手术收入	3.治疗类：(10)手术治疗费
HWE6U503	经关节镜小圆肌腱清理术	HWE73503	关节镜下小圆肌腱清理术			手术费	手术收入	3.治疗类：(10)手术治疗费
HWE7D501	经关节镜肩袖间隙闭合术	HWE59501	关节镜下肩袖间隙闭合术			手术费	手术收入	3.治疗类：(10)手术治疗费
HWE7J301	巨大肩袖损伤肌腱移位治疗	HWE83304	背阔肌移位替代肩袖术			手术费	手术收入	3.治疗类：(10)手术治疗费
HWE7P301	肩袖小撕裂缝合术	HWE83301	肩袖小撕裂缝合术			手术费	手术收入	3.治疗类：(10)手术治疗费
HWE7P302	肩袖大撕裂缝合术	HWE83302	肩袖大撕裂缝合术			手术费	手术收入	3.治疗类：(10)手术治疗费
HWE7P303	肩袖损伤修补术	HWE83303	肩袖损伤修补术	331522008	肩袖破裂修补术	手术费	手术收入	3.治疗类：(10)手术治疗费
HWE7P501	经关节镜肩袖肌腱缝合术	HWE83501	关节镜下冈上肌腱缝合术			手术费	手术收入	3.治疗类：(10)手术治疗费
		HWE83502	关节镜下冈下肌腱缝合术			手术费	手术收入	3.治疗类：(10)手术治疗费
		HWE83503	关节镜下小圆肌腱缝合术			手术费	手术收入	3.治疗类：(10)手术治疗费
HWE7Q301	肩袖撕裂切开缝合止点重建术	HWE89301	肩袖撕裂切开缝合止点重建术			手术费	手术收入	3.治疗类：(10)手术治疗费
HWE7Q302	肩袖损伤重建术	HWE89302	肩袖损伤重建术			手术费	手术收入	3.治疗类：(10)手术治疗费
HWF6Y301	上臂截肢术	HWF79301	上臂截肢术	331513004	上肢截肢术	手术费	手术收入	3.治疗类：(10)手术治疗费
		HWF79302	深度烧伤上臂截肢术	331603006	深度烧伤截肢术	手术费	手术收入	3.治疗类：(10)手术治疗费
HWG-HWK	5.上臂							
HWG	肩关节							
HWG6E301	肩关节切开探查术	FWG09301	肩关节切开探查术			手术费	手术收入	3.治疗类：(10)手术治疗费
HWG6E501	经关节镜肩关节探查术	FWG09501	关节镜下肩关节探查术	311300001	关节镜检查	手术费	手术收入	3.治疗类：(10)手术治疗费
HWG6L301	全肩关节置换术	HWG66301	全肩关节置换术	331507001	人工全肩关节置换术	手术费	手术收入	3.治疗类：(10)手术治疗费
HWG6L302	反式人工肩关节置换术					手术费	手术收入	3.治疗类：(10)手术治疗费
HWG6L303	肩关节置换翻修术					手术费	手术收入	3.治疗类：(10)手术治疗费
HWG6P501	经关节镜肩关节游离体取出术	HWG65501	关节镜下肩关节游离体取出术			手术费	手术收入	3.治疗类：(10)手术治疗费
HWG6T301	肩关节离断术	HWG58301	肩关节离断术	331513001	肩关节离断术	手术费	手术收入	3.治疗类：(10)手术治疗费
HWG6U301	切开肩胛盂周围囊肿切除术	HWG73301	切开肩胛盂周围囊肿切除术			手术费	手术收入	3.治疗类：(10)手术治疗费
HWG6U501	经关节镜肩峰下滑囊切除术	HWG73503	关节镜下肩峰下滑囊切除术			手术费	手术收入	3.治疗类：(10)手术治疗费
HWG6U502	经关节镜肩关节病灶清理术	HWG73504	关节镜下肩关节病灶清理术	331506020	膝关节清理术	手术费	手术收入	3.治疗类：(10)手术治疗费
HWG6U503	经关节镜肩关节滑膜部分切除术	HWG73505	关节镜下肩关节滑膜部分切除术			手术费	手术收入	3.治疗类：(10)手术治疗费
HWG6U504	经关节镜肩胛下滑囊切除术	HWG73502	关节镜下肩胛下滑囊切除术			手术费	手术收入	3.治疗类：(10)手术治疗费
HWG6U505	经关节镜肩胛盂周围囊肿切除术	HWG73501	关节镜下肩胛盂周围囊肿切除术			手术费	手术收入	3.治疗类：(10)手术治疗费
HWG6W301	肩关节滑膜全切术	HWG75301	肩关节滑膜全切除术	331506016	关节滑膜切除术(大)	手术费	手术收入	3.治疗类：(10)手术治疗费
HWG6W501	经关节镜肩关节滑膜全切术	HWG75501	关节镜下肩关节滑膜全切除术			手术费	手术收入	3.治疗类：(10)手术治疗费
HWG7C301	肩关节松解术	HWG57301	肩关节松解术			手术费	手术收入	3.治疗类：(10)手术治疗费
HWG7C302	肩关节前关节囊松解术	HWG57302	肩关节前关节囊松解术			手术费	手术收入	3.治疗类：(10)手术治疗费
HWG7C501	经关节镜肩关节粘连松解术	HWG57501	关节镜下肩关节粘连松解术			手术费	手术收入	3.治疗类：(10)手术治疗费
HWG7F501	经关节镜肩关节关节囊皱缩术	HWG81501	关节镜下肩关节关节囊皱缩术			手术费	手术收入	3.治疗类：(10)手术治疗费
HWG7H301	肩关节脱位切开复位术	HWG70302	肩关节脱位切开复位术	331506002	肩关节脱位切开复位术	手术费	手术收入	3.治疗类：(10)手术治疗费
HWG7M301	肩关节融合术	HWG71301	肩关节融合术			手术费	手术收入	3.治疗类：(10)手术治疗费
HWG7M501	经关节镜肩关节盂唇缝合固定术	HWG71302	盂唇缝合固定术			手术费	手术收入	3.治疗类：(10)手术治疗费
HWG7M502	经关节镜肩胛盂骨性损伤复位内固定术	HWG71501	关节镜下肩胛盂骨性损伤复位内固定术			手术费	手术收入	3.治疗类：(10)手术治疗费
HWG7P301	肩关节关节囊折叠缝合术	HWG83301	肩关节关节囊折叠缝合术			手术费	手术收入	3.治疗类：(10)手术治疗费
HWG7P501	经关节镜肩关节关节囊折叠缝合术	HWG83504	关节镜下肩关节关节囊折叠缝合术			手术费	手术收入	3.治疗类：(10)手术治疗费
HWG7P502	经关节镜肩关节软骨修整术	HWG83502	关节镜下肩关节软骨修整术	331506024	关节骨软骨损伤修复术	手术费	手术收入	3.治疗类：(10)手术治疗费
HWG7P503	经关节镜肩关节盂成形术					手术费	手术收入	3.治疗类：(10)手术治疗费
HWG7P504	经关节镜肩关节前下后盂唇修复术	HWG83503	关节镜下肩关节盂唇修复术			手术费	手术收入	3.治疗类：(10)手术治疗费
HWG7Q301	功能性肌肉移植肩外展功能重建术	HWG89301	吻合血管肌瓣/肌皮瓣移植肩关节外展功能重建术	331521010	肩外展功能重建术	手术费	手术收入	3.治疗类：(10)手术治疗费
		HWG83501	关节镜下肩关节损伤修复术			手术费	手术收入	3.治疗类：(10)手术治疗费
HWG7Q302	带血管神经肌/皮瓣移位肩外展功能重建术	HWG89302	肩关节功能重建术			手术费	手术收入	3.治疗类：(10)手术治疗费
HWG7Q303	喙突联合肌腱重建肩盂稳定术	HWG89303	喙突联合肌腱重建肩盂稳定术			手术费	手术收入	3.治疗类：(10)手术治疗费
HWH	肱骨							
HWH6L301	人工肱骨头置换术	HWH66301	人工肱骨头置换术	331507002	人工肱骨头置换术	手术费	手术收入	3.治疗类：(10)手术治疗费
HWH6U301	肱骨内上髁炎切开清理术	HWH73301	肱骨内上髁炎切开清理术			手术费	手术收入	3.治疗类：(10)手术治疗费
HWH6U302	肱骨内上髁切除术	HWH73303	肱骨内上髁切除术			手术费	手术收入	3.治疗类：(10)手术治疗费
HWH6U303	肱骨上端截骨术					手术费	手术收入	3.治疗类：(10)手术治疗费
HWH6U304	肱骨外上髁炎切开清理术	HWH73302	肱骨外上髁炎切开清理术			手术费	手术收入	3.治疗类：(10)手术治疗费
HWH6U501	经关节镜肱骨内上髁炎清理术	HWH73501	关节镜下肱骨内上髁炎清理术			手术费	手术收入	3.治疗类：(10)手术治疗费
HWH6U502	经关节镜肱骨外上髁炎清理术	HWH73502	关节镜下肱骨外上髁炎清理术			手术费	手术收入	3.治疗类：(10)手术治疗费
HWH6V301	肱骨髁上畸形截骨矫形固定术	HWH71302	肱骨髁上畸形截骨矫形固定术			手术费	手术收入	3.治疗类：(10)手术治疗费
HWH7G301	肱骨延长术					手术费	手术收入	3.治疗类：(10)手术治疗费
HWH7G302	肱骨延伸术					手术费	手术收入	3.治疗类：(10)手术治疗费
HWH7M301	肱骨大结节撕脱骨折切开固定术	HWH71301	肱骨大结节撕脱骨折切开固定术			手术费	手术收入	3.治疗类：(10)手术治疗费
HWH7M302	肱骨单髁骨折切开复位内固定术	HWH70323	肱骨单髁骨折切开复位内固定术			手术费	手术收入	3.治疗类：(10)手术治疗费
HWH7M303	陈旧肱骨单髁骨折切开复位内固定术	HWH70324	陈旧肱骨单髁骨折切开复位内固定术	331505005	肱骨内外髁骨折切开复位内固定术	手术费	手术收入	3.治疗类：(10)手术治疗费
HWH7M304	肱骨干骨折闭合复位钢板螺丝钉内固定术	HWH70307	肱骨干骨折闭合复位钢板螺丝钉内固定术	331505003	肱骨干骨折切开复位内固定术	手术费	手术收入	3.治疗类：(10)手术治疗费
HWH7M305	肱骨干骨折闭合复位髓内针内固定术	HWH70308	肱骨干骨折闭合复位髓内针内固定术			手术费	手术收入	3.治疗类：(10)手术治疗费
HWH7M306	陈旧肱骨干骨折闭合复位髓内针内固定术	HWH70309	陈旧肱骨干骨折闭合复位髓内针内固定术			手术费	手术收入	3.治疗类：(10)手术治疗费
HWH7M307	肱骨干骨折切开复位钢板螺丝钉内固定术	HWH70310	肱骨干骨折切开复位钢板螺丝钉内固定术			手术费	手术收入	3.治疗类：(10)手术治疗费
HWH7M308	陈旧肱骨干骨折切开复位钢板螺丝钉内固定术	HWH70311	陈旧肱骨干骨折切开复位钢板螺丝钉内固定术			手术费	手术收入	3.治疗类：(10)手术治疗费
				331505024	肱骨干骨折不愈合切开植骨内固定术	手术费	手术收入	3.治疗类：(10)手术治疗费
				331505026	股骨干骨折不愈合切开植骨内固定术	手术费	手术收入	3.治疗类：(10)手术治疗费
HWH7M309	肱骨干骨折闭合复位外固定架固定术	HWH70312	肱骨干骨折闭合复位外固定架固定术			手术费	手术收入	3.治疗类：(10)手术治疗费
HWH7M310	陈旧肱骨干骨折闭合复位外固定架固定术	HWH70313	陈旧肱骨干骨折闭合复位外固定架固定术			手术费	手术收入	3.治疗类：(10)手术治疗费
HWH7M311	肱骨干骨折切开复位髓内针内固定术	HWH70314	肱骨干骨折切开复位髓内针内固定术			手术费	手术收入	3.治疗类：(10)手术治疗费
HWH7M312	陈旧肱骨干骨折切开复位髓内针内固定术	HWH70315	陈旧肱骨干骨折切开复位髓内针内固定术			手术费	手术收入	3.治疗类：(10)手术治疗费
HWH7M313	肱骨干骨折切开复位外固定架固定术	HWH70316	肱骨干骨折切开复位外固定架固定术			手术费	手术收入	3.治疗类：(10)手术治疗费
HWH7M314	陈旧肱骨干骨折切开复位外固定架固定术	HWH70317	陈旧肱骨干骨折切开复位外固定架固定术			手术费	手术收入	3.治疗类：(10)手术治疗费
HWH7M315	肱骨近端骨折切开复位内固定术	HWH70301	肱骨近端骨折切开复位内固定术	331505002	肱骨近端骨折切开复位内固定术	手术费	手术收入	3.治疗类：(10)手术治疗费
HWH7M316	陈旧肱骨近端骨折切开复位钢板螺丝钉内固定术	HWH70302	陈旧肱骨近端骨折切开复位钢板螺丝钉内固定术			手术费	手术收入	3.治疗类：(10)手术治疗费
HWH7M317	肱骨近端骨折闭合复位钢板螺丝钉内固定术	HWH70303	肱骨近端骨折闭合复位钢板螺丝钉内固定术			手术费	手术收入	3.治疗类：(10)手术治疗费
HWH7M318	肱骨近端骨折闭合复位髓内针内固定术	HWH70304	肱骨近端骨折闭合复位髓内针内固定术			手术费	手术收入	3.治疗类：(10)手术治疗费
HWH7M319	肱骨近端骨折切开复位髓内针内固定术	HWH70305	肱骨近端骨折切开复位髓内针内固定术			手术费	手术收入	3.治疗类：(10)手术治疗费
HWH7M320	陈旧肱骨近端骨折切开复位髓内针内固定术	HWH70306	陈旧肱骨近端骨折切开复位髓内针内固定术			手术费	手术收入	3.治疗类：(10)手术治疗费
HWH7M321	肱骨髁间骨折切开复位内固定术	HWH70325	肱骨髁间骨折切开复位内固定术	331505004	肱骨骨折切开复位内固定术	手术费	手术收入	3.治疗类：(10)手术治疗费
HWH7M322	陈旧肱骨髁间骨折切开复位内固定术	HWH70326	陈旧肱骨髁间骨折切开复位内固定术			手术费	手术收入	3.治疗类：(10)手术治疗费
HWH7M323	肱骨髁间骨折切开复位外固定架固定术	HWH70327	肱骨髁间骨折切开复位外固定架固定术			手术费	手术收入	3.治疗类：(10)手术治疗费
HWH7M324	陈旧肱骨髁间骨折切开复位外固定架固定术	HWH70328	陈旧肱骨髁间骨折切开复位外固定架固定术			手术费	手术收入	3.治疗类：(10)手术治疗费
HWH7M325	肱骨髁上骨折切开复位内固定术	HWH70318	肱骨髁上骨折切开复位内固定术	331505029	肱骨髁上骨折畸形愈合截骨矫形术	手术费	手术收入	3.治疗类：(10)手术治疗费
HWH7M326	陈旧肱骨髁上骨折切开复位内固定术	HWH70319	陈旧肱骨髁上骨折切开复位内固定术			手术费	手术收入	3.治疗类：(10)手术治疗费
HWH7M327	肱骨髁上骨折切开复位外固定架固定术	HWH70320	肱骨髁上骨折切开复位外固定架固定术			手术费	手术收入	3.治疗类：(10)手术治疗费
HWH7M328	肱骨髁上骨折闭合复位克氏针固定术	HWH70321	肱骨髁上骨折闭合复位克氏针固定术			手术费	手术收入	3.治疗类：(10)手术治疗费
HWH7M329	肱骨外髁骨折切开复位内固定术	HWH70322	肱骨外髁骨折切开复位内固定术			手术费	手术收入	3.治疗类：(10)手术治疗费
HWH7M330	肱骨远端骨骺分离复位内固定术					手术费	手术收入	3.治疗类：(10)手术治疗费
HWH7M501	经关节镜肱骨大结节撕脱骨折固定术	HWH71501	关节镜下肱骨大结节撕脱骨折固定术			手术费	手术收入	3.治疗类：(10)手术治疗费
HWH7Q301	肱骨外上髁炎切开清理重建术	HWH74301	肱骨外上髁炎切开清理重建术			手术费	手术收入	3.治疗类：(10)手术治疗费
HWH7Q501	经关节镜肱骨外上髁炎清理重建术	HWH58501	关节镜下肱骨外上髁炎清理重建术			手术费	手术收入	3.治疗类：(10)手术治疗费
HWJ	肘关节							
HWJ6E301	肘关节切开探查术	FWJ09301	肘关节切开探查术			手术费	手术收入	3.治疗类：(10)手术治疗费
HWJ6E501	经关节镜肘关节探查术	FWJ09501	关节镜下肘关节探查术			手术费	手术收入	3.治疗类：(10)手术治疗费
HWJ6L301	全肘人工关节置换术	HWJ66301	全肘人工关节置换术	331507003	人工肘关节置换术	手术费	手术收入	3.治疗类：(10)手术治疗费
HWJ6P301	肘关节游离体切开取出术	HWJ65301	肘关节游离体切开取出术			手术费	手术收入	3.治疗类：(10)手术治疗费
HWJ6P302	肘关节切开软骨修整游离体取出术	HWJ65302	肘关节切开软骨修整游离体取出术			手术费	手术收入	3.治疗类：(10)手术治疗费
HWJ6P303	肘关节切开滑膜部分切除游离体取出术	HWJ65303	肘关节切开滑膜部分切除游离体取出术			手术费	手术收入	3.治疗类：(10)手术治疗费
HWJ6P501	经关节镜肘关节单纯游离体取出术	HWJ65501	关节镜下肘关节单纯游离体取出术			手术费	手术收入	3.治疗类：(10)手术治疗费
HWJ6P502	经关节镜肘关节复杂游离体取出术	HWJ65502	关节镜下肘关节复杂游离体取出术			手术费	手术收入	3.治疗类：(10)手术治疗费
HWJ6P503	经关节镜肘关节软骨修整游离体取出术	HWJ65503	关节镜下肘关节软骨修整游离体取出术			手术费	手术收入	3.治疗类：(10)手术治疗费
HWJ6P504	经关节镜肘关节滑膜部分切除游离体取出术	HWJ65504	关节镜下肘关节滑膜部分切除游离体取出术			手术费	手术收入	3.治疗类：(10)手术治疗费
HWJ6T301	肘关节离断术	HWJ58301	肘关节离断术			手术费	手术收入	3.治疗类：(10)手术治疗费
HWJ6U301	肘关节切开软骨修整滑膜部分切除术	HWJ73301	肘关节切开软骨修整滑膜部分切除术			手术费	手术收入	3.治疗类：(10)手术治疗费
HWJ6U302	肘关节滑膜切除术	HWJ73302	肘关节滑膜切除术	331506017	关节滑膜切除术(中)	手术费	手术收入	3.治疗类：(10)手术治疗费
HWJ6U303	肘关节周围良性肿物切除术	HWJ73303	切开肘关节周围良性肿物切除术			手术费	手术收入	3.治疗类：(10)手术治疗费
HWJ6U304	肘关节感染病灶清除术	HWJ73304	肘关节感染病灶清除术			手术费	手术收入	3.治疗类：(10)手术治疗费
HWJ6U305	肘关节切开病灶清理术	HWJ73305	肘关节切开病灶清理术			手术费	手术收入	3.治疗类：(10)手术治疗费
HWJ6U306	肘关节髁上截骨术	HWJ73306	肘关节髁上截骨术	331510001	肘关节截骨术	手术费	手术收入	3.治疗类：(10)手术治疗费
HWJ6U307	肘关节鹰嘴窝切开贯通术	HWJ83308	肘关节鹰嘴窝切开贯通术			手术费	手术收入	3.治疗类：(10)手术治疗费
HWJ6U308	肘关节切开软骨微骨折术	HWJ83310	肘关节切开软骨微骨折术			手术费	手术收入	3.治疗类：(10)手术治疗费
HWJ6U501	经关节镜肘关节软骨修整滑膜部分切除术	HWJ73501	关节镜下肘关节软骨修整滑膜部分切除术			手术费	手术收入	3.治疗类：(10)手术治疗费
HWJ6U502	经关节镜肘关节周围良性肿物切除术	HWJ73502	关节镜辅助肘关节周围良性肿物切除术			手术费	手术收入	3.治疗类：(10)手术治疗费
HWJ6U503	经关节镜肘关节病灶清理术	HWJ73503	关节镜下肘关节病灶清理术			手术费	手术收入	3.治疗类：(10)手术治疗费
HWJ6U504	经关节镜肘关节滑膜切除术	HWJ73504	关节镜下肘关节滑膜切除术			手术费	手术收入	3.治疗类：(10)手术治疗费
HWJ6U505	经关节镜肘关节鹰嘴窝贯通术	HWJ83506	关节镜下肘关节鹰嘴窝贯通术			手术费	手术收入	3.治疗类：(10)手术治疗费
HWJ7C301	肘关节松解术	HWJ57301	肘关节松解术			手术费	手术收入	3.治疗类：(10)手术治疗费
HWJ7C302	肘关节骨痂切除松解术	HWJ57302	肘关节骨痂切除松解术			手术费	手术收入	3.治疗类：(10)手术治疗费
HWJ7C303	肘关节闭合松解术	HWJ57303	肘关节闭合松解术			手术费	手术收入	3.治疗类：(10)手术治疗费
HWJ7C304	网球肘松解术	HWJ57304	网球肘松解术	331512002	网球肘松解术	手术费	手术收入	3.治疗类：(10)手术治疗费
HWJ7C305	肘关节粘连松解术					手术费	手术收入	3.治疗类：(10)手术治疗费
HWJ7C501	经关节镜肘关节粘连松解术	HWJ57501	关节镜下肘关节松解术			手术费	手术收入	3.治疗类：(10)手术治疗费
HWJ7H301	陈旧性肘关节脱位切开复位术	HWJ70301	陈旧性肘关节脱位切开复位术	331506003	陈旧性肘关节前脱位切开复位术	手术费	手术收入	3.治疗类：(10)手术治疗费
HWJ7M301	陈旧孟氏骨折切开复位内固定术			331505009	孟氏骨折切开复位内固定术	手术费	手术收入	3.治疗类：(10)手术治疗费
HWJ7M302	肘关节内骨折切开复位固定术	HWJ70302	肘关节内骨折切开复位固定术			手术费	手术收入	3.治疗类：(10)手术治疗费
HWJ7M303	肘关节融合术	HWJ71301	肘关节融合术	331511001	肘关节融合术	手术费	手术收入	3.治疗类：(10)手术治疗费
HWJ7M304	肘关节剥脱性骨软骨炎切开复位固定术	HWJ71302	肘关节剥脱性骨软骨炎切开复位固定术			手术费	手术收入	3.治疗类：(10)手术治疗费
HWJ7M305	陈旧肘关节骨折切开复位内固定术					手术费	手术收入	3.治疗类：(10)手术治疗费
HWJ7M501	经关节镜肘关节内骨折复位固定术	HWJ70501	关节镜下肘关节内骨折复位固定术			手术费	手术收入	3.治疗类：(10)手术治疗费
HWJ7M502	经关节镜肘关节剥脱性骨软骨炎复位固定术	HWJ71501	关节镜下肘关节剥脱性骨软骨炎复位固定术			手术费	手术收入	3.治疗类：(10)手术治疗费
HWJ7P301	肘关节韧带修复术	HWJ83301	肘关节韧带修复术			手术费	手术收入	3.治疗类：(10)手术治疗费
HWJ7P302	肘关节叉状成形术	HWJ83302	肘关节叉状成形术	331512001	肘关节叉状成形术	手术费	手术收入	3.治疗类：(10)手术治疗费
HWJ7P303	肘关节切开关节成形术	HWJ83303	肘关节切开关节成形术			手术费	手术收入	3.治疗类：(10)手术治疗费
HWJ7P304	肘关节冠突切开成形术	HWJ83304	肘关节冠突切开成形术			手术费	手术收入	3.治疗类：(10)手术治疗费
HWJ7P305	肘关节冠突窝切开成形术	HWJ83305	肘关节冠突窝切开成形术			手术费	手术收入	3.治疗类：(10)手术治疗费
HWJ7P306	肘关节鹰嘴切开成形术	HWJ83306	肘关节鹰嘴切开成形术			手术费	手术收入	3.治疗类：(10)手术治疗费
HWJ7P307	肘关节鹰嘴窝切开成形术	HWJ83307	肘关节鹰嘴窝切开成形术			手术费	手术收入	3.治疗类：(10)手术治疗费
HWJ7P308	肘关节切开软骨修整术	HWJ83309	肘关节切开软骨修整术			手术费	手术收入	3.治疗类：(10)手术治疗费
HWJ7P309	陈旧肘关节损伤修复术					手术费	手术收入	3.治疗类：(10)手术治疗费
HWJ7P501	经关节镜肘关节成形术	HWJ83501	关节镜下肘关节成形术			手术费	手术收入	3.治疗类：(10)手术治疗费
HWJ7P502	经关节镜肘关节冠突成形术	HWJ83502	关节镜下肘关节冠突成形术			手术费	手术收入	3.治疗类：(10)手术治疗费
HWJ7P503	经关节镜肘关节冠突窝成形术	HWJ83503	关节镜下肘关节冠突窝成形术			手术费	手术收入	3.治疗类：(10)手术治疗费
HWJ7P504	经关节镜肘关节鹰嘴成形术	HWJ83504	关节镜下肘关节鹰嘴成形术			手术费	手术收入	3.治疗类：(10)手术治疗费
HWJ7P505	经关节镜肘关节鹰嘴窝成形术	HWJ83505	关节镜下肘关节鹰嘴窝成形术			手术费	手术收入	3.治疗类：(10)手术治疗费
HWJ7P506	经关节镜肘关节软骨修整术	HWJ83507	关节镜下肘关节软骨修整术			手术费	手术收入	3.治疗类：(10)手术治疗费
HWJ7P507	经关节镜肘关节软骨微骨折术	HWJ83508	关节镜下肘关节软骨微骨折术			手术费	手术收入	3.治疗类：(10)手术治疗费
HWJ7Q301	环状韧带修复重建术					手术费	手术收入	3.治疗类：(10)手术治疗费
HWJ7Q302	肘关节内侧稳定重建术	HWJ89301	肘关节内侧稳定重建术	331506023	肘关节稳定术	手术费	手术收入	3.治疗类：(10)手术治疗费
HWJ7Q303	功能性肌肉移植肘关节功能重建术	HWJ89302	肘关节屈曲功能重建术	331521011	屈肘功能重建术	手术费	手术收入	3.治疗类：(10)手术治疗费
HWJ7Q304	肘关节内侧陈旧损伤稳定重建术	HWJ89303	肘关节内侧陈旧损伤稳定重建术			手术费	手术收入	3.治疗类：(10)手术治疗费
HWJ7Q305	肘关节外侧稳定重建术	HWJ89304	肘关节外侧稳定重建术	331506023	肘关节稳定术	手术费	手术收入	3.治疗类：(10)手术治疗费
HWJ7Q306	肘关节外侧陈旧损伤稳定重建术	HWJ89305	肘关节外侧陈旧损伤稳定重建术			手术费	手术收入	3.治疗类：(10)手术治疗费
HWJ7Q307	肘关节屈伸功能重建术	HWJ89306	肘关节屈伸功能重建术			手术费	手术收入	3.治疗类：(10)手术治疗费
HWJ7Q501	经关节镜肘关节内侧稳定重建术	HWJ89501	关节镜下肘关节内侧稳定重建术			手术费	手术收入	3.治疗类：(10)手术治疗费
HWJ7Q502	经关节镜肘关节内侧陈旧损伤稳定重建术	HWJ89502	关节镜下肘关节内侧陈旧损伤稳定重建术			手术费	手术收入	3.治疗类：(10)手术治疗费
HWJ7Q503	经关节镜肘关节外侧稳定重建术	HWJ89503	关节镜下肘关节外侧稳定重建术			手术费	手术收入	3.治疗类：(10)手术治疗费
HWJ7Q504	经关节镜肘关节外侧陈旧损伤稳定重建术	HWJ89504	关节镜下肘关节外侧陈旧损伤稳定重建术			手术费	手术收入	3.治疗类：(10)手术治疗费
HWJ7Q505	经关节镜肘软骨细胞移植术					手术费	手术收入	3.治疗类：(10)手术治疗费
HWJ7Q506	经关节镜肘异体骨软骨移植术					手术费	手术收入	3.治疗类：(10)手术治疗费
HWJ7Q507	经关节镜肘自体骨软骨移植术					手术费	手术收入	3.治疗类：(10)手术治疗费
HWK	上臂肌肉软组织							
HWK6T301	肩胛带离断术	HWK58301	肩胛带离断术	331513002	肩胛胸部间离断术	手术费	手术收入	3.治疗类：(10)手术治疗费
HWK6T501	经关节镜肱二头肌腱长头切断术	HWK58502	关节镜下肱二头肌腱长头切断术			手术费	手术收入	3.治疗类：(10)手术治疗费
HWK6U301	上肢肌肉病变切除术					手术费	手术收入	3.治疗类：(10)手术治疗费
HWK6U501	经关节镜肱二头肌腱长头清理术	HWK73501	关节镜下肱二头肌腱长头清理术			手术费	手术收入	3.治疗类：(10)手术治疗费
HWK6U502	经关节镜肩胛下肌腱清理术	HWK58501	关节镜下肩胛下肌腱清理术			手术费	手术收入	3.治疗类：(10)手术治疗费
HWK7G301	烧伤后肘部肌腱延长术	HWK82301	烧伤后肘部肌腱延长术			手术费	手术收入	3.治疗类：(10)手术治疗费
HWK7J501	经关节镜肱二头肌腱长头移位至联合肌腱术	HWK83502	关节镜下肱二头肌腱长头移位至联合肌腱术			手术费	手术收入	3.治疗类：(10)手术治疗费
HWK7M501	经关节镜肱二头肌腱长头肱骨头固定术	HWK71501	关节镜下肱二头肌腱长头肱骨头固定术			手术费	手术收入	3.治疗类：(10)手术治疗费
HWK7P301	肱二头肌肌腱修补术	HWK83301	肱二头肌肌腱修补术	331522006	肱二头肌腱断裂修补术	手术费	手术收入	3.治疗类：(10)手术治疗费
HWK7P302	肱三头肌肌腱修补术	HWK83302	肱三头肌肌腱修补术			手术费	手术收入	3.治疗类：(10)手术治疗费
HWK7P303	前臂肌腱缝合术					手术费	手术收入	3.治疗类：(10)手术治疗费
HWK7P501	经关节镜肩胛下肌腱缝合术	HWK83501	关节镜下肩胛下肌腱缝合术			手术费	手术收入	3.治疗类：(10)手术治疗费
HWK7Q301	肱二头肌肌腱重建术	HWK89301	肱二头肌肌腱重建术	331522010	肱二头肌长头腱脱位修复术	手术费	手术收入	3.治疗类：(10)手术治疗费
HWK7Q302	肱三头肌肌腱重建术	HWK89302	肱三头肌肌腱重建术			手术费	手术收入	3.治疗类：(10)手术治疗费
HWK7Q303	功能性肌肉移植伸肘功能重建术					手术费	手术收入	3.治疗类：(10)手术治疗费
HWK7Q304	上肢肌旋后功能重建伴肌移位术					手术费	手术收入	3.治疗类：(10)手术治疗费
HWK7Q305	肌腱移位前臂旋前功能重建术					手术费	手术收入	3.治疗类：(10)手术治疗费
HWL-HWQ	6.前臂							
HWL6T301	前臂分叉术	HWL83301	前臂分叉术			手术费	手术收入	3.治疗类：(10)手术治疗费
HWL6Y301	前臂截肢术	HWL79301	前臂截肢术	331513004	上肢截肢术	手术费	手术收入	3.治疗类：(10)手术治疗费
		HWL79302	深度烧伤前臂截肢术	331603006	深度烧伤截肢术	手术费	手术收入	3.治疗类：(10)手术治疗费
HWL7C301	前臂缺血挛缩探查松解术					手术费	手术收入	3.治疗类：(10)手术治疗费
HWM	尺骨							
HWM6J301	尺骨人工骨植骨术					手术费	手术收入	3.治疗类：(10)手术治疗费
HWM6U301	尺骨头切除术	HWM73302	尺骨头切除术	331509001	尺骨头桡骨茎突切除术	手术费	手术收入	3.治疗类：(10)手术治疗费
HWM6U302	尺骨远端切除术	HWM73303	尺骨远端切除术			手术费	手术收入	3.治疗类：(10)手术治疗费
HWM6U501	经关节镜尺骨远端切除术	HWM73501	关节镜下尺骨远端切除术			手术费	手术收入	3.治疗类：(10)手术治疗费
HWM6V301	尺骨肿瘤切除截骨矫形术	HWM73301	尺骨肿瘤切除截骨矫形术			手术费	手术收入	3.治疗类：(10)手术治疗费
HWM6V302	尺骨截骨矫形术	HWM83301	尺骨截骨矫形术			手术费	手术收入	3.治疗类：(10)手术治疗费
HWM6W301	尺骨全部切除术					手术费	手术收入	3.治疗类：(10)手术治疗费
HWM7F301	尺骨短缩术	HWM81301	尺骨短缩术	331512004	尺骨短缩术	手术费	手术收入	3.治疗类：(10)手术治疗费
HWM7G301	尺骨延长骨移植术	HWM82301	尺骨延长术	331512003	尺骨延长术	手术费	手术收入	3.治疗类：(10)手术治疗费
HWM7G302	尺骨牵张延长术	HWM82302	尺骨牵张延长术			手术费	手术收入	3.治疗类：(10)手术治疗费
HWM7H701	尺骨骨骺损伤闭合性复位术					手术费	手术收入	3.治疗类：(10)手术治疗费
HWM7M301	尺骨干骨折闭合复位钢板螺丝钉内固定术	HWM70304	尺骨干骨折闭合复位钢板螺丝钉内固定术			手术费	手术收入	3.治疗类：(10)手术治疗费
HWM7M302	尺骨干骨折闭合复位髓内针内固定术	HWM70305	尺骨干骨折闭合复位髓内针内固定术			手术费	手术收入	3.治疗类：(10)手术治疗费
HWM7M303	陈旧尺骨干骨折闭合复位髓内针内固定术	HWM70306	陈旧尺骨干骨折闭合复位髓内针内固定术			手术费	手术收入	3.治疗类：(10)手术治疗费
HWM7M304	尺骨干骨折闭合复位外固定架固定术	HWM70307	尺骨干骨折闭合复位外固定架固定术			手术费	手术收入	3.治疗类：(10)手术治疗费
HWM7M305	陈旧尺骨干骨折闭合复位外固定架固定术	HWM70308	陈旧尺骨干骨折闭合复位外固定架固定术			手术费	手术收入	3.治疗类：(10)手术治疗费
HWM7M306	尺骨干骨折切开复位内固定术	HWM70309	尺骨干骨折切开复位内固定术	331505010	桡尺骨干骨折切开复位内固定术	手术费	手术收入	3.治疗类：(10)手术治疗费
HWM7M307	陈旧尺骨干骨折切开复位内固定术	HWM70310	陈旧尺骨干骨折切开复位内固定术			手术费	手术收入	3.治疗类：(10)手术治疗费
HWM7M308	尺骨干骨折切开复位髓内针内固定术	HWM70311	尺骨干骨折切开复位髓内针内固定术			手术费	手术收入	3.治疗类：(10)手术治疗费
HWM7M309	陈旧尺骨干骨折切开复位髓内针内固定术	HWM70312	陈旧尺骨干骨折切开复位髓内针内固定术			手术费	手术收入	3.治疗类：(10)手术治疗费
HWM7M310	尺骨干骨折切开复位外固定架固定术	HWM70313	尺骨干骨折切开复位外固定架固定术			手术费	手术收入	3.治疗类：(10)手术治疗费
HWM7M311	陈旧尺骨干骨折切开复位外固定架固定术	HWM70314	陈旧尺骨干骨折切开复位外固定架固定术			手术费	手术收入	3.治疗类：(10)手术治疗费
				331505025	尺桡骨骨折不愈合切开植骨内固定术	手术费	手术收入	3.治疗类：(10)手术治疗费
HWM7M312	尺骨冠状突骨折切开复位内固定术					手术费	手术收入	3.治疗类：(10)手术治疗费
HWM7M313	尺骨近端骨折伴肱桡关节脱位切开复位内固定术					手术费	手术收入	3.治疗类：(10)手术治疗费
				331505030	尺骨上1/3骨折畸形愈合+桡骨小头脱位矫正术	手术费	手术收入	3.治疗类：(10)手术治疗费
HWM7M314	尺骨鹰嘴骨折闭合复位内固定术	HWM70301	尺骨鹰嘴骨折闭合复位内固定术			手术费	手术收入	3.治疗类：(10)手术治疗费
HWM7M315	尺骨鹰嘴骨折切开复位内固定术	HWM70302	尺骨鹰嘴骨折切开复位内固定术	331505006	尺骨鹰嘴骨折切开复位内固定术	手术费	手术收入	3.治疗类：(10)手术治疗费
HWM7M316	陈旧尺骨鹰嘴骨折切开复位内固定术	HWM70303	陈旧尺骨鹰嘴骨折切开复位内固定术			手术费	手术收入	3.治疗类：(10)手术治疗费
HWM7M501	经关节镜尺骨茎突骨折复位内固定术	HWM70501	关节镜下尺骨茎突骨折复位内固定术			手术费	手术收入	3.治疗类：(10)手术治疗费
HWN	桡骨							
HWN6J301	桡骨人工骨植骨术					手术费	手术收入	3.治疗类：(10)手术治疗费
HWN6L301	人工桡骨头置换术	HWN66301	人工桡骨头置换术	331515010	人工桡骨头月骨置换术	手术费	手术收入	3.治疗类：(10)手术治疗费
HWN6L302	人工桡骨头翻修术	HWN66302	人工桡骨头翻修术			手术费	手术收入	3.治疗类：(10)手术治疗费
HWN6N301	人工桡骨头取出术	HWN64301	人工桡骨头取出术			手术费	手术收入	3.治疗类：(10)手术治疗费
HWN6T301	桡骨尺骨切断术					手术费	手术收入	3.治疗类：(10)手术治疗费
HWN6U301	桡骨茎突切除术	HWN73302	桡骨茎突切除术			手术费	手术收入	3.治疗类：(10)手术治疗费
HWN6U302	桡骨头切除术	HWN73301	桡骨头切除术	331505007	桡骨头切除术	手术费	手术收入	3.治疗类：(10)手术治疗费
HWN6U501	经关节镜桡骨茎突切除术	HWN73501	关节镜下桡骨茎突切除术			手术费	手术收入	3.治疗类：(10)手术治疗费
HWN6V301	桡骨截骨矫形术	HWN83301	桡骨截骨矫形术			手术费	手术收入	3.治疗类：(10)手术治疗费
HWN6W301	桡骨全部切除术					手术费	手术收入	3.治疗类：(10)手术治疗费
HWN7F301	桡骨短缩术	HWN81301	桡骨短缩术	331512006	桡骨短缩术	手术费	手术收入	3.治疗类：(10)手术治疗费
HWN7G301	桡骨牵张延长术	HWN82301	桡骨牵张延长术			手术费	手术收入	3.治疗类：(10)手术治疗费
HWN7G302	桡骨延长术	HWN82302	桡骨延长术	331512005	桡骨延长术	手术费	手术收入	3.治疗类：(10)手术治疗费
HWN7H301	桡骨头脱位切开复位术	HWN70301	桡骨头脱位切开复位术			手术费	手术收入	3.治疗类：(10)手术治疗费
HWN7H701	桡骨骨骺损伤闭合复位术					手术费	手术收入	3.治疗类：(10)手术治疗费
HWN7M301	桡骨干骨折闭合复位钢板螺丝钉内固定术	HWN70304	桡骨干骨折闭合复位钢板螺丝钉内固定术			手术费	手术收入	3.治疗类：(10)手术治疗费
HWN7M302	桡骨干骨折闭合复位髓内针内固定术	HWN70305	桡骨干骨折闭合复位髓内针内固定术			手术费	手术收入	3.治疗类：(10)手术治疗费
HWN7M303	桡骨干骨折切开复位钢板螺丝钉内固定术	HWN70306	桡骨干骨折切开复位钢板螺丝钉内固定术			手术费	手术收入	3.治疗类：(10)手术治疗费
HWN7M304	陈旧桡骨干骨折切开复位内固定术	HWN70307	陈旧桡骨干骨折切开复位内固定术			手术费	手术收入	3.治疗类：(10)手术治疗费
HWN7M305	桡骨干骨折切开复位髓内针内固定术	HWN70308	桡骨干骨折切开复位髓内针内固定术			手术费	手术收入	3.治疗类：(10)手术治疗费
HWN7M306	陈旧桡骨干骨折切开复位髓内针内固定术	HWN70309	陈旧桡骨干骨折切开复位髓内针内固定术			手术费	手术收入	3.治疗类：(10)手术治疗费
HWN7M307	桡骨干骨折闭合复位外固定架固定术	HWN70310	桡骨干骨折闭合复位外固定架固定术			手术费	手术收入	3.治疗类：(10)手术治疗费
HWN7M308	桡骨干骨折切开复位外固定架固定术	HWN70311	桡骨干骨折切开复位外固定架固定术			手术费	手术收入	3.治疗类：(10)手术治疗费
HWN7M309	陈旧桡骨干骨折切开复位外固定架固定术	HWN70312	陈旧桡骨干骨折切开复位外固定架固定术			手术费	手术收入	3.治疗类：(10)手术治疗费
HWN7M310	桡骨头骨折切开复位内固定术	HWN70302	桡骨头骨折切开复位内固定术	331505008	桡骨头骨折切开复位内固定术	手术费	手术收入	3.治疗类：(10)手术治疗费
				331505011	科雷氏骨折切开复位内固定术	手术费	手术收入	3.治疗类：(10)手术治疗费
HWN7M311	陈旧桡骨头骨折切开复位内固定术	HWN70303	陈旧桡骨头骨折切开复位内固定术			手术费	手术收入	3.治疗类：(10)手术治疗费
HWN7M312	桡骨远端骨折切开复位内固定术	HWN70313	桡骨远端骨折切开复位内固定术	331504009	桡骨远端切除腓骨移植成形术	手术费	手术收入	3.治疗类：(10)手术治疗费
HWN7M313	陈旧桡骨远端骨折切开复位内固定术	HWN70314	陈旧桡骨远端骨折切开复位内固定术			手术费	手术收入	3.治疗类：(10)手术治疗费
HWN7M314	桡骨远端骨折闭合复位外固定架固定术	HWN70315	桡骨远端骨折闭合复位外固定架固定术			手术费	手术收入	3.治疗类：(10)手术治疗费
HWN7M315	陈旧桡骨远端骨折闭合复位外固定架固定术	HWN70316	陈旧桡骨远端骨折闭合复位外固定架固定术			手术费	手术收入	3.治疗类：(10)手术治疗费
HWN7M316	桡骨远端骨折切开复位外固定架固定术	HWN70317	桡骨远端骨折切开复位外固定架固定术			手术费	手术收入	3.治疗类：(10)手术治疗费
HWN7M317	陈旧桡骨远端骨折切开复位外固定架固定术	HWN70318	陈旧桡骨远端骨折切开复位外固定架固定术			手术费	手术收入	3.治疗类：(10)手术治疗费
				331505031	桡骨下端骨折畸形愈合矫正术	手术费	手术收入	3.治疗类：(10)手术治疗费
HWN7M501	经关节镜桡骨远端骨折复位内固定术	HWN70501	关节镜下桡骨远端骨折复位内固定术			手术费	手术收入	3.治疗类：(10)手术治疗费
HWN7P301	先天性桡/尺骨缺损矫形术	HWN83302	先天性桡/尺骨缺损矫形术			手术费	手术收入	3.治疗类：(10)手术治疗费
HWP	桡尺连结							
HWP6U501	经关节镜腕三角纤维软骨切除术	HWW73501	关节镜下腕三角软骨切除术			手术费	手术收入	3.治疗类：(10)手术治疗费
HWP7M301	桡尺远侧关节融合术	HWP71301	桡尺远侧关节融合术			手术费	手术收入	3.治疗类：(10)手术治疗费
HWP7P301	上尺桡关节成形术					手术费	手术收入	3.治疗类：(10)手术治疗费
HWP7P501	经关节镜腕三角纤维软骨缝合修补术	HWP83501	关节镜下腕三角软骨缝合修补术	331518007	腕关节三角软骨复合体重建术	手术费	手术收入	3.治疗类：(10)手术治疗费
HWP7Q301	桡尺远侧关节韧带重建术	HWP89301	桡尺远侧关节韧带重建术			手术费	手术收入	3.治疗类：(10)手术治疗费
HWP7Q501	经关节镜腕三角纤维软骨复合体止点重建术	HWW89501	关节镜下腕三角软骨止点重建术			手术费	手术收入	3.治疗类：(10)手术治疗费
HWQ	前臂肌肉软组织							
HWQ7B301	前臂骨筋膜室切开减压术	HWQ56301	前臂骨筋膜室切开减压术			手术费	手术收入	3.治疗类：(10)手术治疗费
HWQ7G301	前臂屈肌腱延长术	HWQ82301	前臂屈肌腱延长术			手术费	手术收入	3.治疗类：(10)手术治疗费
HWQ7J301	前臂屈肌起点下移术	HWQ88301	前臂屈肌起点下移术			手术费	手术收入	3.治疗类：(10)手术治疗费
HWR	7.手部							
HWR6E501	经关节镜腕管探查术	FWR09501	关节镜下腕管探查术			手术费	手术收入	3.治疗类：(10)手术治疗费
HWR6U301	手部痛风病灶切除术	HWR73301	手部痛风病灶切除术			手术费	手术收入	3.治疗类：(10)手术治疗费
HWR6V301	手黏液囊切除植皮术					手术费	手术收入	3.治疗类：(10)手术治疗费
HWR6X301	手部恶性肿瘤扩大切除术	HWR77301	手部恶性肿瘤扩大切除术			手术费	手术收入	3.治疗类：(10)手术治疗费
		HWR65301	手部异物取出术			手术费	手术收入	3.治疗类：(10)手术治疗费
HWR6Y301	手掌截肢术	HWR79301	手掌截肢术			手术费	手术收入	3.治疗类：(10)手术治疗费
HWR7L301	断手再植术	HWR87302	显微镜下断手/足再植术			手术费	手术收入	3.治疗类：(10)手术治疗费
HWR7L302	断掌再植术	HWR87301	显微镜下断掌/跖再植术			手术费	手术收入	3.治疗类：(10)手术治疗费
HWR7M301	手畸形截骨内固定术					手术费	手术收入	3.治疗类：(10)手术治疗费
HWR7P301	手残端修整术	HWR83301	手残端修整术			手术费	手术收入	3.治疗类：(10)手术治疗费
HWR7Q301	手再造术	HWR89301	显微镜下手再造术			手术费	手术收入	3.治疗类：(10)手术治疗费
HWR7Q302	同种异体手移植术	HWR89302	显微镜下同种异体手移植术			手术费	手术收入	3.治疗类：(10)手术治疗费
HWS	手骨							
HWS6J301	掌/指骨内生软骨瘤刮除植骨术	HWS89301	掌/指骨内生软骨瘤刮除植骨术	331503019	内生软骨瘤切除术	手术费	手术收入	3.治疗类：(10)手术治疗费
		HWS73303	掌/指骨囊肿刮除植骨术			手术费	手术收入	3.治疗类：(10)手术治疗费
HWS6U301	掌/指骨及关节感染病灶清除术	HWS73301	掌/指骨及关节感染病灶清除术	331518002	掌指结核病灶清除术	手术费	手术收入	3.治疗类：(10)手术治疗费
HWS6U302	掌/指骨软骨瘤刮除术	HWS73302	掌/指骨软骨瘤刮除术	331518001	掌指骨软骨瘤刮除植骨术	手术费	手术收入	3.治疗类：(10)手术治疗费
HWS6V301	掌/指骨截骨矫形术	HWS83301	掌/指骨截骨矫形术	331510003	掌骨截骨矫形术	手术费	手术收入	3.治疗类：(10)手术治疗费
HWS7F301	掌/指骨干缩窄术	HWS81301	掌/指骨干缩窄术			手术费	手术收入	3.治疗类：(10)手术治疗费
HWS7M301	掌/指骨骨折切开复位固定术	HWS70301	掌/指骨骨折切开复位固定术	331515001	手部掌指骨骨折切开复位内固定术	手术费	手术收入	3.治疗类：(10)手术治疗费
HWS7M302	掌/指骨骺阻滞术	HWS62301	掌/指骨骺阻滞术			手术费	手术收入	3.治疗类：(10)手术治疗费
HWS7M303	掌/指骨骺融合术	HWS71301	掌/指骨骺融合术			手术费	手术收入	3.治疗类：(10)手术治疗费
HWT	手关节							
HWT6L301	腕掌/掌指/指间人工关节翻修术	HWT66301	腕掌/掌指/指间人工关节翻修术	331507014	人工关节翻修术	手术费	手术收入	3.治疗类：(10)手术治疗费
HWT6L302	腕掌/掌指/指间人工关节置换术	HWT66302	腕掌/掌指/指间人工关节置换术	331517004	手部人工关节置换术	手术费	手术收入	3.治疗类：(10)手术治疗费
HWT6N301	腕掌/掌指/指间人工关节取出术	HWT64301	腕掌/掌指/指间人工关节取出术	331507011	人工关节取出术	手术费	手术收入	3.治疗类：(10)手术治疗费
HWT6U301	手/腕关节软骨清创术	HWT73301	手/腕关节软骨清创术			手术费	手术收入	3.治疗类：(10)手术治疗费
HWT6U501	经关节镜手/腕关节软骨清创术	HWT73501	关节镜下手/腕关节软骨清创术			手术费	手术收入	3.治疗类：(10)手术治疗费
HWT7C301	腕掌/掌指关节松解术	HWT57301	腕掌/掌指关节松解术			手术费	手术收入	3.治疗类：(10)手术治疗费
HWT7M301	拇指/掌指/指间关节融合术	HWT71302	拇指/掌指/指间关节融合术			手术费	手术收入	3.治疗类：(10)手术治疗费
HWT7M302	腕掌/掌指/指间关节脱位切开复位内固定术	HWT71301	腕掌/掌指/指间关节脱位切开复位内固定术	331516001	手部关节脱位切开复位内固定术	手术费	手术收入	3.治疗类：(10)手术治疗费
HWT7M303	掌/指骨关节内骨折切开复位固定术	HWT70301	掌/指骨关节内骨折切开复位固定术	331515002	手部关节内骨折切开复位内固定术	手术费	手术收入	3.治疗类：(10)手术治疗费
HWT7P301	手/腕关节软骨修复术	HWT83302	手/腕关节软骨修复术			手术费	手术收入	3.治疗类：(10)手术治疗费
HWT7P302	掌指/指间关节侧副韧带损伤缝合术	HWT83301	掌指/指间关节侧副韧带缝合术			手术费	手术收入	3.治疗类：(10)手术治疗费
HWU	手和腕部肌肉软组织							
HWU6R301	手部切开引流术	HWU45301	手部切开引流术			手术费	手术收入	3.治疗类：(10)手术治疗费
HWU6R302	手部扩创引流术	HWU45303	手部扩创引流术			手术费	手术收入	3.治疗类：(10)手术治疗费
HWU6U301	手部窦道切除术	HWU73302	手部窦道切除术			手术费	手术收入	3.治疗类：(10)手术治疗费
HWU6W301	手部软组织肿物切除术					手术费	手术收入	3.治疗类：(10)手术治疗费
		HWU73301	手部创面切除术			手术费	手术收入	3.治疗类：(10)手术治疗费
HWU7B301	手部肌筋膜间室切开减压术	HWU56301	手部肌筋膜间室切开减压术	331522005	上肢筋膜间室综合征切开减压术	手术费	手术收入	3.治疗类：(10)手术治疗费
				331522009	腕管综合症切开减压术	手术费	手术收入	3.治疗类：(10)手术治疗费
HWU7C301	指/腕屈肌腱粘连松解术	HWU57301	指/腕屈肌腱粘连松解术			手术费	手术收入	3.治疗类：(10)手术治疗费
HWU7F301	指/腕屈/伸肌腱紧缩缝合术	HWU81301	指/腕屈/伸肌腱紧缩缝合术			手术费	手术收入	3.治疗类：(10)手术治疗费
HWU7F302	指伸肌腱中央腱束紧缩/重叠缝合术	HWU81302	指伸肌腱中央腱束紧缩/重叠缝合术			手术费	手术收入	3.治疗类：(10)手术治疗费
HWU7G301	烧伤后手腕部肌腱延长术	HWU83302	烧伤后手腕部肌腱延长术			手术费	手术收入	3.治疗类：(10)手术治疗费
HWU7G302	指/腕屈/伸肌腱延长缝合术	HWU82301	指/腕屈/伸肌腱延长缝合术			手术费	手术收入	3.治疗类：(10)手术治疗费
HWU7J301	手部骨间肌起点迁移术	HWU88301	手部骨间肌起点迁移术			手术费	手术收入	3.治疗类：(10)手术治疗费
HWU7M301	指/腕屈/伸肌腱固定术	HWU71301	指/腕屈/伸肌腱固定术			手术费	手术收入	3.治疗类：(10)手术治疗费
HWU7P301	手肌腱硅条成形术					手术费	手术收入	3.治疗类：(10)手术治疗费
HWU7P302	手筋膜疝修补术					手术费	手术收入	3.治疗类：(10)手术治疗费
HWU7P303	指/腕屈/伸肌腱缝合术	HWU83301	指/腕屈/伸肌腱缝合术	331521029	屈伸指肌腱吻合术	手术费	手术收入	3.治疗类：(10)手术治疗费
HWU7Q301	肌腱移位手内在肌功能重建术	HWU89302	手肌腱移位内在肌功能重建术	331521035	手内肌麻痹功能重建术	手术费	手术收入	3.治疗类：(10)手术治疗费
HWU7Q302	功能性肌肉移植手内在肌功能重建术	HWU89303	显微镜下复合组织移植手内在肌功能重建术			手术费	手术收入	3.治疗类：(10)手术治疗费
HWU7Q303	指/腕屈/伸肌腱止点重建术	HWU89301	指/腕屈/伸肌腱止点重建术	331521009	指固有伸肌腱移位功能重建术	手术费	手术收入	3.治疗类：(10)手术治疗费
HWV	腕骨							
HWV6J301	腕舟骨骨折不愈合切开复位内固定植骨术	HWV89301	舟骨骨折不愈合切开植骨术	331515007	舟骨骨折不愈合植骨术	手术费	手术收入	3.治疗类：(10)手术治疗费
				331515006	舟骨骨折不愈合切开植骨术+桡骨茎突切除术	手术费	手术收入	3.治疗类：(10)手术治疗费
HWV6L301	人工腕关节置换术	HWV66301	人工腕骨置换术			手术费	手术收入	3.治疗类：(10)手术治疗费
HWV6L302	人工腕关节翻修术	HWV66302	人工腕骨翻修术			手术费	手术收入	3.治疗类：(10)手术治疗费
HWV6N301	人工腕骨取出术	HWV64301	人工腕骨取出术			手术费	手术收入	3.治疗类：(10)手术治疗费
HWV6T301	腕骨切断术					手术费	手术收入	3.治疗类：(10)手术治疗费
HWV6T302	腕骨掌骨切断术					手术费	手术收入	3.治疗类：(10)手术治疗费
HWV6U301	大多角骨切除术	HWV73306	大多角骨切除术			手术费	手术收入	3.治疗类：(10)手术治疗费
HWV6U302	腕骨切除术	HWV73301	腕骨切除术	331518003	近排腕骨切除术	手术费	手术收入	3.治疗类：(10)手术治疗费
HWV6U303	腕骨截骨术	HWV83301	腕骨截骨矫形术			手术费	手术收入	3.治疗类：(10)手术治疗费
HWV6U304	腕舟骨近极切除术	HWV73303	舟骨近端切除术	331518004	舟骨近端切除术	手术费	手术收入	3.治疗类：(10)手术治疗费
HWV6U305	腕舟骨切除术	HWV73304	舟骨切除术			手术费	手术收入	3.治疗类：(10)手术治疗费
HWV6U306	月骨切除术	HWV73302	月骨切除术	331518005	月骨摘除术	手术费	手术收入	3.治疗类：(10)手术治疗费
HWV6U501	经关节镜大多角骨切除术	HWV73504	关节镜下大多角骨切除术			手术费	手术收入	3.治疗类：(10)手术治疗费
HWV6U502	经关节镜月骨切除术	HWV73501	关节镜下月骨切除术			手术费	手术收入	3.治疗类：(10)手术治疗费
HWV6U503	经关节镜舟骨近极部分切除术	HWV73502	关节镜下舟骨部分切除术			手术费	手术收入	3.治疗类：(10)手术治疗费
HWV7G301	腕骨延长术					手术费	手术收入	3.治疗类：(10)手术治疗费
HWV7H301	腕舟骨骨折不愈合切开复位内固定吻合血管的骨瓣移植术	HWV70309	显微镜下舟骨骨折不愈合切开复位内固定吻合血管骨瓣移植			手术费	手术收入	3.治疗类：(10)手术治疗费
HWV7H302	陈旧月骨骨折切开复位内固定吻合血管的骨瓣移植术	HWV70305	术陈旧月骨骨折切开复位内固定复合组织移植术			手术费	手术收入	3.治疗类：(10)手术治疗费
		HWV70306	陈旧月骨骨折切开复位内固定血管移植术	331515009	月骨骨折不愈合血管植入术	手术费	手术收入	3.治疗类：(10)手术治疗费
HWV7H303	陈旧月骨骨折切开复位内固定植骨术	HWV70307	陈旧月骨骨折切开复位植骨内固定术			手术费	手术收入	3.治疗类：(10)手术治疗费
HWV7H701	腕骨掌骨外固定复位术					手术费	手术收入	3.治疗类：(10)手术治疗费
HWV7J301	月骨切除带血管头状骨瓣移位术	HWV71302	月骨切除头状骨移位术			手术费	手术收入	3.治疗类：(10)手术治疗费
HWV7M301	腕骨骨折切开复位固定术	HWV70301	腕骨骨折切开复位固定术	331515004	腕骨骨折切开复位内固定术	手术费	手术收入	3.治疗类：(10)手术治疗费
HWV7M302	腕骨脱位切开复位内固定术	HWV71301	腕骨脱位切开复位内固定术			手术费	手术收入	3.治疗类：(10)手术治疗费
HWV7M303	月骨骨折切开复位内固定术	HWV70304	月骨骨折切开复位内固定术	331515008	月骨骨折切开复位内固定术	手术费	手术收入	3.治疗类：(10)手术治疗费
HWV7M304	经腕舟骨月骨周围脱位切开复位内固定术	HWV70308	舟骨月骨周围脱位骨折切开复位固定术			手术费	手术收入	3.治疗类：(10)手术治疗费
HWV7M305	月骨切除舟头关节融合术	HWV71303	月骨切除舟头关节融合术			手术费	手术收入	3.治疗类：(10)手术治疗费
HWV7M306	月骨脱位切开复位固定术	HWV71304	月骨脱位切开复位固定术			手术费	手术收入	3.治疗类：(10)手术治疗费
HWV7M307	舟骨骨折切开复位内固定术	HWV70302	舟骨骨折切开复位内固定术	331515005	舟骨骨折切开复位内固定术	手术费	手术收入	3.治疗类：(10)手术治疗费
HWV7M308	舟状骨骨折闭合复位内固定术	HWV70303	舟状骨骨折闭合复位内固定术			手术费	手术收入	3.治疗类：(10)手术治疗费
HWV7M501	经关节镜舟骨复位固定术	HWV71501	关节镜下舟骨复位固定术			手术费	手术收入	3.治疗类：(10)手术治疗费
HWV7M502	经关节镜舟骨骨折不愈合内固定植骨术	HWV71502	关节镜下舟骨骨折不愈合植骨内固定术			手术费	手术收入	3.治疗类：(10)手术治疗费
		HWV89501	关节镜下舟骨骨折不愈合植骨术			手术费	手术收入	3.治疗类：(10)手术治疗费
HWV7P301	三角纤维软骨盘缝合术					手术费	手术收入	3.治疗类：(10)手术治疗费
HWV7Q301	开放大多角骨切除肌腱填塞术	HWV73307	大多角骨切除肌腱填塞术			手术费	手术收入	3.治疗类：(10)手术治疗费
HWV7Q302	开放大多角骨切除肌腱悬吊填塞术	HWV73308	大多角骨切除肌腱悬吊填塞内固定术			手术费	手术收入	3.治疗类：(10)手术治疗费
HWV7Q303	腕骨掌骨移植术					手术费	手术收入	3.治疗类：(10)手术治疗费
HWV7Q304	月骨切除肌腱填塞术	HWV73305	月骨切除肌腱填塞术	331518006	月骨摘除肌腱填塞术	手术费	手术收入	3.治疗类：(10)手术治疗费
HWV7Q501	经关节镜月骨切除肌腱填塞术	HWV73503	关节镜下月骨切除肌腱填塞术			手术费	手术收入	3.治疗类：(10)手术治疗费
HWV7S301	腕骨掌骨切取术					手术费	手术收入	3.治疗类：(10)手术治疗费
		HWV73505	关节镜下腕骨切除术			手术费	手术收入	3.治疗类：(10)手术治疗费
		HWV73506	关节镜下腕骨骨赘切除术			手术费	手术收入	3.治疗类：(10)手术治疗费
HWW	腕部连结							
HWW6B501	经关节镜腕关节灌洗术	HWW48501	关节镜下腕关节灌洗术			手术费	手术收入	3.治疗类：(10)手术治疗费
HWW6E501	经关节镜腕关节间隙探查术	FWW09502	关节镜下腕关节间隙探查术			手术费	手术收入	3.治疗类：(10)手术治疗费
HWW6L301	腕人工关节置换术	HWW66301	腕人工关节置换术	331507004	人工腕关节置换术	手术费	手术收入	3.治疗类：(10)手术治疗费
HWW6L302	腕人工关节翻修术	HWW66302	腕人工关节翻修术			手术费	手术收入	3.治疗类：(10)手术治疗费
HWW6N301	腕人工关节取出术	HWW64301	腕人工关节取出术			手术费	手术收入	3.治疗类：(10)手术治疗费
HWW6P501	经关节镜腕关节游离体取出术	HWW65501	关节镜下腕关节游离体取出术	331504001	肘腕关节结核病灶清除术	手术费	手术收入	3.治疗类：(10)手术治疗费
		HWW65301	腕中关节游离体取出术			手术费	手术收入	3.治疗类：(10)手术治疗费
HWW6T301	腕关节离断术	HWW58301	腕关节离断术			手术费	手术收入	3.治疗类：(10)手术治疗费
HWW6U301	开放腕关节三角纤维软骨部分切除术	HWW73301	腕关节三角纤维软骨部分切除术			手术费	手术收入	3.治疗类：(10)手术治疗费
HWW6U302	开放腕关节感染病灶清除术	HWW73302	腕关节感染病灶清除术	331504001	肘腕关节结核病灶清除术	手术费	手术收入	3.治疗类：(10)手术治疗费
		HWW73303	腕中关节病灶清理术	331506020	膝关节清理术	手术费	手术收入	3.治疗类：(10)手术治疗费
HWW6U303	腕关节滑膜切除术	HWW73304	腕关节滑膜切除术			手术费	手术收入	3.治疗类：(10)手术治疗费
		HWW73504	关节镜下腕中关节滑膜切除术			手术费	手术收入	3.治疗类：(10)手术治疗费
HWW6U501	经关节镜腕关节微骨折术	HWW83503	关节镜下腕关节微骨折术			手术费	手术收入	3.治疗类：(10)手术治疗费
		HWW83303	腕中关节微骨折术	331506024	关节骨软骨损伤修复术	手术费	手术收入	3.治疗类：(10)手术治疗费
HWW6U502	经关节镜腕关节滑膜切除术	HWW73505	关节镜下腕关节滑膜切除术			手术费	手术收入	3.治疗类：(10)手术治疗费
HWW6U503	经关节镜腕关节间隙病灶清理术	HWW73503	关节镜下腕关节间隙病灶清理术			手术费	手术收入	3.治疗类：(10)手术治疗费
HWW6U504	经关节镜腕管囊肿切除术	HWW73502	关节镜下腕管囊肿切除术			手术费	手术收入	3.治疗类：(10)手术治疗费
HWW6V301	腕关节截骨矫形术	HWW83302	腕关节截骨矫形术	331510002	腕关节截骨术	手术费	手术收入	3.治疗类：(10)手术治疗费
HWW7C301	开放腕关节松解术	HWW57301	腕关节松解术			手术费	手术收入	3.治疗类：(10)手术治疗费
HWW7C302	开放腕横韧带松解术	HWW56301	腕横韧带松解术			手术费	手术收入	3.治疗类：(10)手术治疗费
HWW7C501	经关节镜腕关节松解术	HWW57501	关节镜下腕关节松解术			手术费	手术收入	3.治疗类：(10)手术治疗费
HWW7C502	经关节镜腕横韧带松解术	HWW56501	关节镜下腕横韧带松解术			手术费	手术收入	3.治疗类：(10)手术治疗费
HWW7F301	腕关节韧带紧缩术	HWW81301	腕关节韧带紧缩术			手术费	手术收入	3.治疗类：(10)手术治疗费
HWW7F501	经关节镜腕关节射频热皱缩术	HWW83501	关节镜下腕关节紧张术			手术费	手术收入	3.治疗类：(10)手术治疗费
HWW7M301	开放桡腕关节融合术	HWW71303	桡腕关节融合术			手术费	手术收入	3.治疗类：(10)手术治疗费
HWW7M302	开放桡月关节融合术	HWW71301	桡月关节融合术			手术费	手术收入	3.治疗类：(10)手术治疗费
HWW7M303	开放桡舟关节融合术	HWW71302	桡舟关节融合术			手术费	手术收入	3.治疗类：(10)手术治疗费
HWW7M304	开放腕骨间关节融合术	HWW71304	腕关节局限融合术			手术费	手术收入	3.治疗类：(10)手术治疗费
HWW7M305	开放腕关节融合术	HWW71305	腕关节融合术	331517002	腕关节融合术	手术费	手术收入	3.治疗类：(10)手术治疗费
HWW7M306	腕中关节融合术	HWW71306	腕中关节融合术	331517001	局限性腕骨融合术	手术费	手术收入	3.治疗类：(10)手术治疗费
		HWW71501	关节镜下腕中关节融合术			手术费	手术收入	3.治疗类：(10)手术治疗费
HWW7M307	掌腕关节固定术					手术费	手术收入	3.治疗类：(10)手术治疗费
HWW7M501	经关节镜腕骨间关节融合术	HWW71502	关节镜下腕骨间关节融合术			手术费	手术收入	3.治疗类：(10)手术治疗费
HWW7P301	伸肌支持带缝合术	HWW83301	伸肌支持带缝合术			手术费	手术收入	3.治疗类：(10)手术治疗费
HWW7P302	腕关节韧带缝合术	HWW83305	腕关节韧带缝合术			手术费	手术收入	3.治疗类：(10)手术治疗费
HWW7P303	腕横韧带修复术	HWW83304	腕横韧带修复术			手术费	手术收入	3.治疗类：(10)手术治疗费
HWW7P501	经关节镜腕韧带缝合术	HWW83502	关节镜下腕韧带缝合术			手术费	手术收入	3.治疗类：(10)手术治疗费
HWW7Q301	腕关节屈/伸功能重建术	HWW89301	腕关节屈伸功能重建术	331521012	伸腕功能重建术	手术费	手术收入	3.治疗类：(10)手术治疗费
HWW7Q302	功能性肌肉移植腕关节屈/伸功能重建术	HWW89302	腕关节复合组织移植屈伸功能重建术			手术费	手术收入	3.治疗类：(10)手术治疗费
HWW7Q303	腕关节韧带止点重建术	HWW89304	腕关节韧带止点重建术			手术费	手术收入	3.治疗类：(10)手术治疗费
HWW7Q304	腕关节韧带重建术	HWW89305	腕关节韧带重建术	331520001	腕关节韧带修补术	手术费	手术收入	3.治疗类：(10)手术治疗费
HWW7Q305	腕横韧带重建术	HWW89303	腕横韧带重建术			手术费	手术收入	3.治疗类：(10)手术治疗费
HWY	掌骨							
HWY6J301	掌/指骨人工骨植骨术					手术费	手术收入	3.治疗类：(10)手术治疗费
HWY6P301	掌/指骨死骨去除术					手术费	手术收入	3.治疗类：(10)手术治疗费
HWY6U301	重度爪形手掌骨头部分切除术	HWY73301	重度爪形手掌骨头部分切除术			手术费	手术收入	3.治疗类：(10)手术治疗费
HWY6W301	掌/指骨全部切除术					手术费	手术收入	3.治疗类：(10)手术治疗费
HWY7G301	掌/指骨延长术					手术费	手术收入	3.治疗类：(10)手术治疗费
HWY7M301	第一掌骨基底部骨折切开复位固定术	HWY70301	第一掌骨基底部骨折切开复位固定术	331515003	本氏(Bennet)骨折切开复位内固定术	手术费	手术收入	3.治疗类：(10)手术治疗费
HWY7M302	第一掌骨基底部骨折脱位闭合复位内固定术					手术费	手术收入	3.治疗类：(10)手术治疗费
HWZ	掌部连结							
HWZ6B501	经关节镜腕掌关节灌洗术	HWZ48501	关节镜下腕掌关节灌洗术			手术费	手术收入	3.治疗类：(10)手术治疗费
HWZ6C501	经关节镜腕掌关节检查	FWZ01501	腕掌关节镜检查	311300001	关节镜检查	手术费	手术收入	3.治疗类：(10)手术治疗费
HWZ6C502	经关节镜指间关节检查	FW401501	指间关节镜检查			手术费	手术收入	3.治疗类：(10)手术治疗费
HWZ6L301	第一腕掌人工关节置换术	HWZ66301	第一腕掌人工关节置换术			手术费	手术收入	3.治疗类：(10)手术治疗费
HWZ6U301	腕掌关节滑膜切除术	HWZ73301	腕掌关节滑膜切除术			手术费	手术收入	3.治疗类：(10)手术治疗费
HWZ6U501	经关节镜腕掌关节滑膜切除术	HWZ73501	关节镜下腕掌关节滑膜切除术			手术费	手术收入	3.治疗类：(10)手术治疗费
HWZ7M301	腕掌关节融合术	HWZ71301	腕掌关节融合术			手术费	手术收入	3.治疗类：(10)手术治疗费
HWZ7M501	经关节镜腕掌关节融合术	HWZ71501	关节镜下腕掌关节融合术			手术费	手术收入	3.治疗类：(10)手术治疗费
HWZ7P301	腕掌关节成形术					手术费	手术收入	3.治疗类：(10)手术治疗费
HW1	掌部肌肉软组织							
HW16T301	掌腱膜切断术	HW158301	掌腱膜切断术			手术费	手术收入	3.治疗类：(10)手术治疗费
HW16U301	掌腱膜部分切除术	HW173301	掌腱膜部分切除术			手术费	手术收入	3.治疗类：(10)手术治疗费
HW16U302	掌腱膜切除切口旷置术	HW173302	掌腱膜切除切口旷置术			手术费	手术收入	3.治疗类：(10)手术治疗费
HW16U303	掌腱膜挛缩切除术	HW173303	掌腱膜挛缩切除术	331521018	掌筋膜挛缩切除术	手术费	手术收入	3.治疗类：(10)手术治疗费
HW16U304	掌腱膜全部切除术	HW173304	掌腱膜全部切除术			手术费	手术收入	3.治疗类：(10)手术治疗费
HW17Q301	掌腱膜切除游离植皮术	HW189301	掌腱膜切除游离植皮术			手术费	手术收入	3.治疗类：(10)手术治疗费
HW2	指							
HW26T301	并指/趾分离术	HW283303	并指分离术	331519001	并指分离术	手术费	手术收入	3.治疗类：(10)手术治疗费
HW26V301	多指/趾切除矫形术	HW273301	多指/趾切除矫形术	331519008	多指切除术	手术费	手术收入	3.治疗类：(10)手术治疗费
HW26Y301	截指/趾术	HW279301	截指/趾术	331513009	截指术	手术费	手术收入	3.治疗类：(10)手术治疗费
		HW258301	烧伤指/趾截除术	331603034	烧伤截指术	手术费	手术收入	3.治疗类：(10)手术治疗费
		HW258302	冻伤指/趾截除术			手术费	手术收入	3.治疗类：(10)手术治疗费
HW27F301	指/趾清创短缩缝合术	HW281301	手指清创短缩缝合术			手术费	手术收入	3.治疗类：(10)手术治疗费
HW27K301	分裂手合并术	HW286301	分裂手合并术			手术费	手术收入	3.治疗类：(10)手术治疗费
HW27L301	断指再植术	HW287301	显微镜下断指再植术	331514002	断指再植术	手术费	手术收入	3.治疗类：(10)手术治疗费
HW27L302	断指/趾迟延再植术	HW287302	显微镜下断指迟延再植术			手术费	手术收入	3.治疗类：(10)手术治疗费
HW27L303	断指移位再植术	HW287303	显微镜下断指移位再植术			手术费	手术收入	3.治疗类：(10)手术治疗费
HW27L304	复合组织移植断指再植术	HW287304	显微镜下复合组织移植断指再植术			手术费	手术收入	3.治疗类：(10)手术治疗费
HW27P301	先天性巨指/趾矫形术	HW283301	先天性巨指/趾矫形术			手术费	手术收入	3.治疗类：(10)手术治疗费
HW27P302	指/趾残端修整术	HW283302	指/趾残端修整术			手术费	手术收入	3.治疗类：(10)手术治疗费
HW27Q301	组织移位/移植手指再造术	HW289301	组织移位/移植手指再造术	331519009	其他指再造术	手术费	手术收入	3.治疗类：(10)手术治疗费
HW27Q302	复合组织移植手指再造术	HW289302	复合组织移植手指再造术			手术费	手术收入	3.治疗类：(10)手术治疗费
HW27Q303	骨骼延长手指再造术	HW289303	骨骼延长手指再造术			手术费	手术收入	3.治疗类：(10)手术治疗费
HW27Q304	断指寄生移植术	HW289304	显微镜下断指寄生移植术			手术费	手术收入	3.治疗类：(10)手术治疗费
HW27Q305	足趾移植手指再造术	HW289305	显微镜下足趾移植手指再造术			手术费	手术收入	3.治疗类：(10)手术治疗费
HW27Q306	趾甲皮瓣移植手指再造术	HW289306	显微镜下趾甲皮瓣移植手指再造术			手术费	手术收入	3.治疗类：(10)手术治疗费
HW27Q307	手指拇化术					手术费	手术收入	3.治疗类：(10)手术治疗费
HW3	拇指							
HW37M301	骨移植拇指外展固定术	HW383301	骨移植拇指外展固定术			手术费	手术收入	3.治疗类：(10)手术治疗费
HW37Q301	手指/残指拇指再造术	HW389301	手指/残指拇指再造术			手术费	手术收入	3.治疗类：(10)手术治疗费
HW37Q302	肌腱移位拇指对掌功能重建术	HW389302	组织移位拇指对掌功能重建术	331521015	拇指对掌功能重建术	手术费	手术收入	3.治疗类：(10)手术治疗费
HW37Q303	指/趾移植拇指再造术	HW389303	趾/残趾移植拇指再造术			手术费	手术收入	3.治疗类：(10)手术治疗费
HW37Q304	拇指延长拇指再造术	HW389304	拇指延长拇指再造术			手术费	手术收入	3.治疗类：(10)手术治疗费
HW37Q305	腹部皮管拇指再造术	HW389305	腹部皮管拇指再造术			手术费	手术收入	3.治疗类：(10)手术治疗费
HW37Q306	复合组织移植拇指再造术	HW389306	复合组织移植拇指再造术			手术费	手术收入	3.治疗类：(10)手术治疗费
HW37Q307	复合组织移植拇指对掌功能重建术	HW389307	显微镜下复合组织移植拇指对掌功能重建术			手术费	手术收入	3.治疗类：(10)手术治疗费
				331519002	拇指再造术Ⅰ型	手术费	手术收入	3.治疗类：(10)手术治疗费
				331519003	拇指再造术Ⅱ型	手术费	手术收入	3.治疗类：(10)手术治疗费
				331519004	拇指再造术Ⅲ型	手术费	手术收入	3.治疗类：(10)手术治疗费
				331519005	拇指再造术Ⅳ型	手术费	手术收入	3.治疗类：(10)手术治疗费
				331519006	拇指再造术Ⅴ型	手术费	手术收入	3.治疗类：(10)手术治疗费
				331519007	拇指再造术Ⅵ型	手术费	手术收入	3.治疗类：(10)手术治疗费
HW4	指连结							
HW46B501	经关节镜掌指关节灌洗术	HW448501	关节镜下掌指关节灌洗术			手术费	手术收入	3.治疗类：(10)手术治疗费
HW46B502	经关节镜指间关节灌洗术	HW448502	关节镜下指间关节灌洗术			手术费	手术收入	3.治疗类：(10)手术治疗费
HW46T301	掌指关节侧副韧带切断术	HW458301	掌指关节侧副韧带切断术	331521019	侧副韧带挛缩切断术	手术费	手术收入	3.治疗类：(10)手术治疗费
HW46T302	指间关节侧副韧带切断术	HW458302	指间关节侧副韧带切断术			手术费	手术收入	3.治疗类：(10)手术治疗费
HW46U301	掌指关节侧副韧带切除术	HW473301	掌指关节侧副韧带切除术			手术费	手术收入	3.治疗类：(10)手术治疗费
HW46U302	掌指关节滑膜切除术	HW473302	掌指关节滑膜切除术	331506018	关节滑膜切除术(小)	手术费	手术收入	3.治疗类：(10)手术治疗费
HW46U303	近侧指间关节侧副韧带切除术	HW473303	近侧指间关节侧副韧带切除术			手术费	手术收入	3.治疗类：(10)手术治疗费
HW46U304	指间关节滑膜切除术	HW473304	指间关节滑膜切除术			手术费	手术收入	3.治疗类：(10)手术治疗费
HW46U305	指间关节侧副韧带削薄术	HW483305	指间关节侧副韧带削薄术			手术费	手术收入	3.治疗类：(10)手术治疗费
HW46U501	经关节镜掌指关节滑膜切除术	HW473502	关节镜下掌指关节滑膜切除术			手术费	手术收入	3.治疗类：(10)手术治疗费
HW46U502	经关节镜指间关节滑膜切除术	HW473501	关节镜下指间关节滑膜切除术			手术费	手术收入	3.治疗类：(10)手术治疗费
HW47C301	指韧带松解术					手术费	手术收入	3.治疗类：(10)手术治疗费
HW47F301	掌板紧缩术					手术费	手术收入	3.治疗类：(10)手术治疗费
HW47F302	指间关节侧副韧带紧缩缝合术	HW481301	指间关节侧副韧带紧缩缝合术			手术费	手术收入	3.治疗类：(10)手术治疗费
HW47M301	掌指关节复位克氏针固定术	HW471301	掌指关节复位克氏针固定术			手术费	手术收入	3.治疗类：(10)手术治疗费
HW47M302	掌指关节融合术	HW471302	掌指关节融合术			手术费	手术收入	3.治疗类：(10)手术治疗费
HW47M303	掌指关节掌板固定术	HW471303	掌指关节掌板固定术			手术费	手术收入	3.治疗类：(10)手术治疗费
HW47M304	指间关节融合术	HW471304	指间关节融合术	331517003	指间关节融合术	手术费	手术收入	3.治疗类：(10)手术治疗费
HW47P301	掌板修复术					手术费	手术收入	3.治疗类：(10)手术治疗费
HW47P302	掌指/指间关节掌板松解推进术	HW483303	掌指/指间关节掌板松解推进术	331519016	手部关节松解术	手术费	手术收入	3.治疗类：(10)手术治疗费
HW47P303	掌指/趾关节畸形矫正术	HW483302	掌指/指关节畸形矫正术			手术费	手术收入	3.治疗类：(10)手术治疗费
HW47P304	掌指关节成形术	HW483301	掌指关节成形术	331519017	掌指关节成形术	手术费	手术收入	3.治疗类：(10)手术治疗费
HW47P305	掌指关节过伸畸形矫正术	HW483304	掌指关节过伸畸形矫正术			手术费	手术收入	3.治疗类：(10)手术治疗费
HW47P306	指关节成形术	HW483306	指关节成形术	331519012	指关节成形术	手术费	手术收入	3.治疗类：(10)手术治疗费
HW47Q301	吻合血管的关节移植术			331503014	灭活再植或异体半关节移植术	手术费	手术收入	3.治疗类：(10)手术治疗费
HW47Q302	指关节软骨重建术					手术费	手术收入	3.治疗类：(10)手术治疗费
HW47Q303	指间关节侧副韧带止点重建术	HW489301	指间关节侧副韧带止点重建术			手术费	手术收入	3.治疗类：(10)手术治疗费
HW47Q304	指间关节侧副韧带重建术	HW489302	指间关节侧副韧带重建术	331520002	指间或掌指关节侧副韧带修补术	手术费	手术收入	3.治疗类：(10)手术治疗费
HW5	指肌肉软组织							
HW56U301	指伸肌腱腱帽部分切除术	HW573301	指伸肌腱腱帽部分切除术			手术费	手术收入	3.治疗类：(10)手术治疗费
HW57Q301	拇指/手指肌腱移位背伸功能重建术	HW589306	拇指/手指肌腱移位背伸功能重建术	331521013	伸指功能重建术	手术费	手术收入	3.治疗类：(10)手术治疗费
HW57Q302	拇指/手指肌腱移位屈拇/指功能重建术	HW589307	拇指/手指肌腱移位屈曲功能重建术			手术费	手术收入	3.治疗类：(10)手术治疗费
HW57Q303	功能性肌肉移植屈拇/屈指功能重建术	HW589310	显微镜下复合组织移植拇指/手指屈曲功能重建术	331521014	屈指功能重建术	手术费	手术收入	3.治疗类：(10)手术治疗费
HW57Q304	功能性肌肉移植伸拇/伸指功能重建术	HW589309	显微镜下复合组织移植拇指/手指背伸功能重建术			手术费	手术收入	3.治疗类：(10)手术治疗费
HW57Q305	肌腱移位伸拇功能重建术					手术费	手术收入	3.治疗类：(10)手术治疗费
HW57Q306	肌腱移位伸指功能重建术					手术费	手术收入	3.治疗类：(10)手术治疗费
HW57Q307	异体伸肌腱帽移植术	HW589308	异体腱帽移植术			手术费	手术收入	3.治疗类：(10)手术治疗费
HW57Q308	指屈肌腱滑车重建术	HW589301	指屈肌腱滑车重建术	331521031	滑车重建术	手术费	手术收入	3.治疗类：(10)手术治疗费
HW57Q309	指伸肌腱侧腱束移位中央腱束止点重建术	HW589303	指伸肌腱侧腱束移位中央腱束止点重建术	331521033	侧腱束劈开交叉缝合术	手术费	手术收入	3.治疗类：(10)手术治疗费
HW57Q310	指伸肌腱侧腱束交叉移位中央腱束止点重建术	HW589304	指伸肌腱侧腱束交叉移位中央腱束止点重建术			手术费	手术收入	3.治疗类：(10)手术治疗费
HW57Q311	指伸肌腱中央腱束止点重建术	HW589305	指伸肌腱中央腱束止点重建术			手术费	手术收入	3.治疗类：(10)手术治疗费
		HW589302	指伸肌支持带重建术			手术费	手术收入	3.治疗类：(10)手术治疗费
HW6	8.肢体							
		HW658301	烧伤肢体截除术			手术费	手术收入	3.治疗类：(10)手术治疗费
HW66D101	四肢骨病灶穿刺活检术	FW607101	四肢骨穿刺活检术	311300012	骨穿刺术	手术费	手术收入	3.治疗类：(10)手术治疗费
HW66D301	肢体骨肿瘤切开活检术	FW607301	肢体骨肿瘤切开活检术	331503016	骨肿瘤切开活检术	手术费	手术收入	3.治疗类：(10)手术治疗费
HW67L301	断肢再植术	HW687301	断肢再植术	331514001	断肢再植术	手术费	手术收入	3.治疗类：(10)手术治疗费
HW67L302	断肢移位再植术	HW687302	断肢移位再植术			手术费	手术收入	3.治疗类：(10)手术治疗费
HXA	9.下肢							
HXB-HXE	10.髋部							
HXB	骨盆							
HXB6D101	骨盆病灶穿刺活检术	FXB07101	骨盆骨穿刺活检术			手术费	手术收入	3.治疗类：(10)手术治疗费
HXB6D301	骨盆肿瘤切开活检术	FXB07301	骨盆骨肿瘤切开活检术			手术费	手术收入	3.治疗类：(10)手术治疗费
HXB6K101	骨髓植骨富集术					手术费	手术收入	3.治疗类：(10)手术治疗费
				310800020	骨髓移植术	手术费	手术收入	3.治疗类：(10)手术治疗费
HXB6K301	骨盆骨折盆腔填塞术	HXB62301	骨盆骨折盆腔填塞术			手术费	手术收入	3.治疗类：(10)手术治疗费
HXB6R301	髂窝脓肿切开引流术	HXB45301	髂窝脓肿切开引流术	331501017	髂窝脓肿切开引流术	手术费	手术收入	3.治疗类：(10)手术治疗费
HXB6U301	骨盆内移截骨术	HXB73302	骨盆内移截骨术			手术费	手术收入	3.治疗类：(10)手术治疗费
HXB6U302	半骨盆切除术	HXB73303	半骨盆切除术	331501015	半骨盆切除术	手术费	手术收入	3.治疗类：(10)手术治疗费
				331501016	半骨盆切除人工半骨盆置换术	手术费	手术收入	3.治疗类：(10)手术治疗费
HXB6U303	骨盆肿瘤切除术(小)	HXB73304	骨盆肿瘤切除术(小)			手术费	手术收入	3.治疗类：(10)手术治疗费
HXB6U304	骨盆肿瘤切除术(大)	HXB73305	骨盆肿瘤切除术(大)			手术费	手术收入	3.治疗类：(10)手术治疗费
HXB6U305	骨盆三联截骨术					手术费	手术收入	3.治疗类：(10)手术治疗费
HXB6U306	坐骨结节囊肿切除术	HXB73301	坐骨结节囊肿切除术	331503020	坐骨结节囊肿摘除术	手术费	手术收入	3.治疗类：(10)手术治疗费
HXB6V301	骨盆骨肿瘤切除重建术(小)	HXB74301	骨盆肿瘤切除重建术(小)			手术费	手术收入	3.治疗类：(10)手术治疗费
HXB6V302	骨盆肿瘤切除重建术(大)	HXB74302	骨盆肿瘤切除重建术(大)			手术费	手术收入	3.治疗类：(10)手术治疗费
				331503006	髂骨翼肿瘤切除术	手术费	手术收入	3.治疗类：(10)手术治疗费
HXB7M301	骨盆骨折闭合复位内固定术	HXB70301	骨盆骨折闭合复位内固定术			手术费	手术收入	3.治疗类：(10)手术治疗费
HXB7M302	骨盆骨折闭合复位外固定架固定术	HXB70302	骨盆骨折闭合复位外固定架固定术			手术费	手术收入	3.治疗类：(10)手术治疗费
HXB7M303	骨盆骨折切开复位内固定术	HXB70303	骨盆骨折切开复位内固定术	331501046	骨盆骨折切开复位内固定术	手术费	手术收入	3.治疗类：(10)手术治疗费
HXB7M304	陈旧骨盆骨折切开复位内固定术	HXB70304	陈旧骨盆骨折切开复位内固定术			手术费	手术收入	3.治疗类：(10)手术治疗费
HXB7M305	骨盆骨折切开复位外固定架固定术	HXB70305	骨盆骨折切开复位外固定架固定术			手术费	手术收入	3.治疗类：(10)手术治疗费
HXB7M306	陈旧骨盆骨折切开复位外固定架固定术	HXB70306	陈旧骨盆骨折切开复位外固定架固定术			手术费	手术收入	3.治疗类：(10)手术治疗费
HXB7M901	耻骨梳韧带悬吊术					手术费	手术收入	3.治疗类：(10)手术治疗费
HXB7P301	坐骨孔疝修补术					手术费	手术收入	3.治疗类：(10)手术治疗费
HXB7S301	髂骨取骨术	HXB60301	髂骨取骨术	331509005	髂骨取骨术	手术费	手术收入	3.治疗类：(10)手术治疗费
HXC	下肢带连结							
HXC6U301	骶髂关节感染性病灶清除术	HXC73301	骶髂关节感染性病灶清除术	331504002	骶髂关节结核病灶清除术	手术费	手术收入	3.治疗类：(10)手术治疗费
HXC7C301	下肢关节松解术	HXA57301	下肢关节松解术	331512020	下肢关节松解术	手术费	手术收入	3.治疗类：(10)手术治疗费
HXC7M301	骶髂关节脱位切开复位内固定术					手术费	手术收入	3.治疗类：(10)手术治疗费
HXC7M302	骶髂关节融合术					手术费	手术收入	3.治疗类：(10)手术治疗费
HXC7N101	经皮穿刺骶髂关节射频镇痛术	HXC72101	经皮穿刺骶髂关节射频术			手术费	手术收入	3.治疗类：(10)手术治疗费
HXD	髋关节							
HXD6C501	髋关节镜检查	FXD01501	髋关节镜检查			手术费	手术收入	3.治疗类：(10)手术治疗费
HXD6L301	全髋人工关节置换术	HXD66301	全髋人工关节置换术	331507005	人工全髋关节置换术	手术费	手术收入	3.治疗类：(10)手术治疗费
HXD6L302	髋关节表面置换术	HXD66302	髋关节表面置换术	331507012	髋关节表面置换术	手术费	手术收入	3.治疗类：(10)手术治疗费
HXD6L303	全髋人工关节翻修术	HXD66303	全髋人工关节翻修术			手术费	手术收入	3.治疗类：(10)手术治疗费
HXD6L304	全髋人工关节置换联合截骨术	HXD66304	全髋人工关节置换联合截骨术			手术费	手术收入	3.治疗类：(10)手术治疗费
HXD6L305	全髋人工关节置换联合植骨术	HXD66305	全髋人工关节置换联合植骨术			手术费	手术收入	3.治疗类：(10)手术治疗费
HXD6P501	经关节镜髋关节游离体取出术	HXD65501	关节镜下髋关节游离体取出术			手术费	手术收入	3.治疗类：(10)手术治疗费
HXD6T301	髋关节离断术	HXD58301	髋关节离断术	331513005	髋关节离断术	手术费	手术收入	3.治疗类：(10)手术治疗费
HXD6T302	髋关节外科脱位术					手术费	手术收入	3.治疗类：(10)手术治疗费
HXD6U301	髋关节病灶清理术	HXD73302	髋关节病灶清理术	331504003	髋关节结核病灶清除术	手术费	手术收入	3.治疗类：(10)手术治疗费
				331503005	髋臼肿瘤切除及髋关节融合术	手术费	手术收入	3.治疗类：(10)手术治疗费
HXD6U302	髋关节滑膜切除术	HXD73303	髋关节滑膜切除术	331506016	关节滑膜切除术(大)	手术费	手术收入	3.治疗类：(10)手术治疗费
HXD6U303	髋臼周围截骨术	HXD73301	骨盆髋臼周围截骨术			手术费	手术收入	3.治疗类：(10)手术治疗费
HXD6U304	髋臼盂唇切除术	HXD73304	髋臼盂唇切除术			手术费	手术收入	3.治疗类：(10)手术治疗费
HXD6U305	髋臼骨赘切除术	HXD73305	髋臼骨赘切除术			手术费	手术收入	3.治疗类：(10)手术治疗费
HXD6U306	髋臼旋转截骨术	HXD73306	髋臼旋转截骨术	331510004	髋臼旋转截骨术	手术费	手术收入	3.治疗类：(10)手术治疗费
HXD6U501	经关节镜股骨头韧带切除术	HXD73504	关节镜下股骨头韧带切除术			手术费	手术收入	3.治疗类：(10)手术治疗费
HXD6U502	经关节镜髋关节滑膜部分切除术	HXD73501	关节镜下髋关节滑膜部分切除术			手术费	手术收入	3.治疗类：(10)手术治疗费
HXD6U503	经关节镜髋关节软骨微骨折术	HXD83301	髋关节软骨微骨折术			手术费	手术收入	3.治疗类：(10)手术治疗费
HXD6U504	经关节镜髋臼骨赘切除术	HXD73503	关节镜下髋臼骨赘切除术			手术费	手术收入	3.治疗类：(10)手术治疗费
HXD6U505	经关节镜髋臼盂唇切除术	HXD73502	关节镜下髋臼盂唇切除术			手术费	手术收入	3.治疗类：(10)手术治疗费
HXD6W501	经关节镜髋关节滑膜全切术	HXD73505	关节镜下髋关节滑膜全切除术			手术费	手术收入	3.治疗类：(10)手术治疗费
HXD7C301	髋关节松解术	HXD57301	髋关节松解术			手术费	手术收入	3.治疗类：(10)手术治疗费
HXD7C501	经关节镜髋关节松解术	HXD57501	关节镜下髋关节松解术			手术费	手术收入	3.治疗类：(10)手术治疗费
HXD7H301	髋关节脱位切开复位术	HXD70301	髋关节脱位切开复位术	331506004	髋关节脱位切开复位术	手术费	手术收入	3.治疗类：(10)手术治疗费
HXD7M301	髋关节脱位切开复位石膏固定术	HXD71305	先天性髋关节脱位切开复位石膏固定术	331506006	先天性髋关节脱位切开复位石膏固定术	手术费	手术收入	3.治疗类：(10)手术治疗费
HXD7M302	全髋人工关节翻修联合内固定术	HXD71306	全髋人工关节翻修联合内固定术			手术费	手术收入	3.治疗类：(10)手术治疗费
HXD7M303	髋关节假体周围骨折内固定术	HXD71307	髋关节假体周围骨折内固定术			手术费	手术收入	3.治疗类：(10)手术治疗费
HXD7M304	髋关节脱位切开复位骨盆截骨内固定术	HXD71308	先天性髋关节脱位切开复位骨盆截骨内固定术	331506007	先天性髋关节脱位切开复位骨盆截骨内固定术	手术费	手术收入	3.治疗类：(10)手术治疗费
		HXD71309	先天性髋关节脱位切开复位骨盆股骨截骨内固定术	331506008	先天性髋关节脱位切开复位骨盆截骨股骨上端截骨内固定术	手术费	手术收入	3.治疗类：(10)手术治疗费
HXD7M305	髋关节融合术					手术费	手术收入	3.治疗类：(10)手术治疗费
HXD7M306	髋臼骨折切开复位内固定术	HXD70303	髋臼骨折切开复位内固定术	331505012	髋臼骨折切开复位内固定术	手术费	手术收入	3.治疗类：(10)手术治疗费
HXD7M307	陈旧髋臼骨折切开复位内固定术	HXD70304	陈旧髋臼骨折切开复位内固定术			手术费	手术收入	3.治疗类：(10)手术治疗费
HXD7M308	髋臼骨折闭合复位内固定术	HXD70305	髋臼骨折闭合复位内固定术			手术费	手术收入	3.治疗类：(10)手术治疗费
HXD7M501	经关节镜髋臼骨折复位内固定术	HXD70501	关节镜下髋臼骨折复位内固定术			手术费	手术收入	3.治疗类：(10)手术治疗费
HXD7P301	髋关节成形术					手术费	手术收入	3.治疗类：(10)手术治疗费
HXD7P302	髋臼造盖成形术	HXD83303	髋臼造盖成形术	331512008	髋臼造盖成形术	手术费	手术收入	3.治疗类：(10)手术治疗费
				331512009	血管束移植充填植骨术	手术费	手术收入	3.治疗类：(10)手术治疗费
HXD7P303	髋臼盂唇缝合术	HXD83302	髋臼盂唇缝合术			手术费	手术收入	3.治疗类：(10)手术治疗费
HXD7P501	经髋关节镜髋关节成形术					手术费	手术收入	3.治疗类：(10)手术治疗费
HXD7P502	经关节镜髋臼盂唇缝合术	HXD83501	关节镜下髋臼盂唇缝合术			手术费	手术收入	3.治疗类：(10)手术治疗费
HXD7P503	经关节镜髋臼盂唇成形术					手术费	手术收入	3.治疗类：(10)手术治疗费
HXE	髋肌及软组织							
HXE6R301	髂腰肌脓肿切开引流术	HXE45301	髂腰肌脓肿切开引流术	331501018	髂腰肌脓肿切开引流术	手术费	手术收入	3.治疗类：(10)手术治疗费
HXE6U501	经关节镜臀中肌清理术	HXE73501	关节镜下臀中肌清理术			手术费	手术收入	3.治疗类：(10)手术治疗费
HXE7C301	髂胫束松解术	HXE57303	髂胫束松解术	331522013	髂胫束松解术	手术费	手术收入	3.治疗类：(10)手术治疗费
HXE7C302	臀大肌挛缩切除松解术	HXE57302	臀大肌挛缩切除松解术	331522012	臀大肌挛缩切除术	手术费	手术收入	3.治疗类：(10)手术治疗费
HXE7C501	经关节镜髂胫束松解术	HXE57501	关节镜下髂胫束松解术			手术费	手术收入	3.治疗类：(10)手术治疗费
HXE7C502	经关节镜髂腰肌腱松解术	HXE57301	髂腰肌腱松解术			手术费	手术收入	3.治疗类：(10)手术治疗费
HXE7P301	腰疝修补术					手术费	手术收入	3.治疗类：(10)手术治疗费
HXF-HXM	11.大腿							
HXF6Y301	大腿截肢术	HXF79301	大腿截肢术	331513006	大腿截肢术	手术费	手术收入	3.治疗类：(10)手术治疗费
		HXF79302	深度烧伤大腿截肢术	331603006	深度烧伤截肢术	手术费	手术收入	3.治疗类：(10)手术治疗费
HXG	股骨							
HXG6K301	股骨头重建棒置入术					手术费	手术收入	3.治疗类：(10)手术治疗费
HXG6L301	人工股骨头置换术	HXG66301	人工股骨头置换术	331507006	人工股骨头置换术	手术费	手术收入	3.治疗类：(10)手术治疗费
HXG6U301	股骨中1/3截骨术	HXG73305	股骨中1/3截骨术			手术费	手术收入	3.治疗类：(10)手术治疗费
HXG6U302	股骨大粗隆下移截骨术	HXG73303	股骨大转子下移抬高截骨术			手术费	手术收入	3.治疗类：(10)手术治疗费
HXG6U303	股骨近端截骨术	HXG73304	股骨转子间/下内外翻截骨术			手术费	手术收入	3.治疗类：(10)手术治疗费
HXG6U304	股骨颈楔形截骨术	HXG73302	股骨颈楔形截骨术	331510005	股骨颈楔形截骨术	手术费	手术收入	3.治疗类：(10)手术治疗费
HXG6U305	经股骨转子间股骨头旋转截骨术	HXG73301	经股骨转子间股骨头旋转截骨术			手术费	手术收入	3.治疗类：(10)手术治疗费
HXG6U306	股骨头坏死病灶刮除植骨术			331504008	股骨头坏死病灶刮除植骨术	手术费	手术收入	3.治疗类：(10)手术治疗费
HXG6U307	股骨远端截骨术	HXG73306	股骨下端截骨术	331510007	股骨下端截骨术	手术费	手术收入	3.治疗类：(10)手术治疗费
HXG6V301	股骨转子下截骨矫形术					手术费	手术收入	3.治疗类：(10)手术治疗费
				331505032	股骨干骨折畸形愈合截骨内固定术	手术费	手术收入	3.治疗类：(10)手术治疗费
HXG7B301	股骨头钻孔减压术	HXG57301	股骨头钻孔减压术			手术费	手术收入	3.治疗类：(10)手术治疗费
HXG7B302	股骨头减压游离骨植骨术	HXG57302	股骨头减压游离骨植骨术			手术费	手术收入	3.治疗类：(10)手术治疗费
HXG7B501	经关节镜股骨头钻孔减压术	HXG57501	关节镜下股骨头钻孔减压术			手术费	手术收入	3.治疗类：(10)手术治疗费
HXG7G301	股骨牵张延长术	HXG82301	股骨牵张延长术			手术费	手术收入	3.治疗类：(10)手术治疗费
HXG7G302	股骨切开延长术	HXG82302	股骨延长术	331512007	股骨延长术	手术费	手术收入	3.治疗类：(10)手术治疗费
HXG7H301	股骨骨骺损伤开放性复位术					手术费	手术收入	3.治疗类：(10)手术治疗费
HXG7H701	股骨远端骨骺损伤闭合性复位术					手术费	手术收入	3.治疗类：(10)手术治疗费
HXG7M301	股骨干骨折闭合复位钢板螺丝钉内固定术	HXG70314	股骨干骨折闭合复位钢板螺丝钉内固定术			手术费	手术收入	3.治疗类：(10)手术治疗费
HXG7M302	陈旧股骨干骨折闭合复位钢板螺丝钉内固定术	HXG70315	陈旧股骨干骨折闭合复位钢板螺丝钉内固定术			手术费	手术收入	3.治疗类：(10)手术治疗费
HXG7M303	股骨干骨折闭合复位髓内针内固定术	HXG70316	股骨干骨折闭合复位髓内针内固定术			手术费	手术收入	3.治疗类：(10)手术治疗费
HXG7M304	陈旧股骨干骨折闭合复位髓内针内固定术	HXG70317	陈旧股骨干骨折闭合复位髓内针内固定术			手术费	手术收入	3.治疗类：(10)手术治疗费
HXG7M305	股骨干骨折闭合复位外固定架固定术	HXG70318	股骨干骨折闭合复位外固定架固定术			手术费	手术收入	3.治疗类：(10)手术治疗费
HXG7M306	陈旧股骨干骨折闭合复位外固定架固定术	HXG70319	陈旧股骨干骨折闭合复位外固定架固定术			手术费	手术收入	3.治疗类：(10)手术治疗费
HXG7M307	股骨干骨折切开复位内固定术	HXG70320	股骨干骨折切开复位内固定术	331505017	股骨干骨折切开复位内固定术	手术费	手术收入	3.治疗类：(10)手术治疗费
HXG7M308	陈旧股骨干骨折切开复位内固定术	HXG70321	陈旧股骨干骨折切开复位内固定术			手术费	手术收入	3.治疗类：(10)手术治疗费
HXG7M309	股骨干骨折切开复位髓内针内固定术	HXG70322	股骨干骨折切开复位髓内针内固定术			手术费	手术收入	3.治疗类：(10)手术治疗费
HXG7M310	陈旧股骨干骨折切开复位髓内针内固定术	HXG70323	陈旧股骨干骨折切开复位髓内针内固定术			手术费	手术收入	3.治疗类：(10)手术治疗费
HXG7M311	股骨干骨折切开复位外固定架固定术	HXG70324	股骨干骨折切开复位外固定架固定术			手术费	手术收入	3.治疗类：(10)手术治疗费
HXG7M312	陈旧股骨干骨折切开复位外固定架固定术	HXG70325	陈旧股骨干骨折切开复位外固定架固定术			手术费	手术收入	3.治疗类：(10)手术治疗费
HXG7M313	股骨颈骨折闭合复位内固定术	HXG70301	股骨颈骨折闭合复位内固定术	331505013	股骨颈骨折闭合复位内固定术	手术费	手术收入	3.治疗类：(10)手术治疗费
HXG7M314	陈旧股骨颈骨折闭合复位内固定术	HXG70302	陈旧股骨颈骨折闭合复位内固定术			手术费	手术收入	3.治疗类：(10)手术治疗费
HXG7M315	股骨颈骨折切开复位内固定术	HXG70303	股骨颈骨折切开复位内固定术	331505014	股骨颈骨折切开复位内固定术	手术费	手术收入	3.治疗类：(10)手术治疗费
HXG7M316	陈旧股骨颈骨折切开复位内固定术	HXG70304	陈旧股骨颈骨折切开复位内固定术			手术费	手术收入	3.治疗类：(10)手术治疗费
HXG7M317	双反牵引器微创骨折内固定术					手术费	手术收入	3.治疗类：(10)手术治疗费
HXG7M318	股骨髁间骨折闭合复位钢板螺丝钉内固定术	HXG70326	股骨髁间骨折闭合复位钢板螺丝钉内固定术			手术费	手术收入	3.治疗类：(10)手术治疗费
HXG7M319	股骨髁间骨折闭合复位髓内针内固定术	HXG70327	股骨髁间骨折闭合复位髓内针内固定术			手术费	手术收入	3.治疗类：(10)手术治疗费
HXG7M320	股骨髁间骨折闭合复位外固定架固定术	HXG70328	股骨髁间骨折闭合复位外固定架固定术			手术费	手术收入	3.治疗类：(10)手术治疗费
HXG7M321	陈旧股骨髁间骨折切开复位内固定术	HXG70329	陈旧股骨髁间骨折切开复位内固定术	331505018	股骨髁间骨折切开复位内固定术	手术费	手术收入	3.治疗类：(10)手术治疗费
HXG7M322	股骨髁间骨折切开复位钢板螺丝钉内固定术	HXG70330	股骨髁间骨折切开复位钢板螺丝钉内固定术			手术费	手术收入	3.治疗类：(10)手术治疗费
HXG7M323	股骨髁间骨折切开复位髓内针内固定术	HXG70331	股骨髁间骨折切开复位髓内针内固定术			手术费	手术收入	3.治疗类：(10)手术治疗费
HXG7M324	陈旧股骨髁间骨折切开复位髓内针内固定术	HXG70332	陈旧股骨髁间骨折切开复位髓内针内固定术			手术费	手术收入	3.治疗类：(10)手术治疗费
HXG7M325	股骨髁间骨折切开复位外固定架固定术	HXG70333	股骨髁间骨折切开复位外固定架固定术			手术费	手术收入	3.治疗类：(10)手术治疗费
HXG7M326	陈旧股骨髁间骨折切开复位外固定架固定术	HXG70334	陈旧股骨髁间骨折切开复位外固定架固定术			手术费	手术收入	3.治疗类：(10)手术治疗费
HXG7M327	股骨头骨骺滑脱牵引复位内固定术	HXG71301	股骨头骨骺滑脱牵引复位内固定术	331508004	股骨头骨骺滑脱牵引复位内固定术	手术费	手术收入	3.治疗类：(10)手术治疗费
HXG7M328	股骨头骨折切开复位内固定术					手术费	手术收入	3.治疗类：(10)手术治疗费
HXG7M329	股骨转子间骨折闭合复位钢板螺丝钉内固定术	HXG70305	股骨转子间骨折闭合复位钢板螺丝钉内固定术			手术费	手术收入	3.治疗类：(10)手术治疗费
HXG7M330	股骨转子间骨折闭合复位髓内针内固定术	HXG70306	股骨转子间骨折闭合复位髓内针内固定术			手术费	手术收入	3.治疗类：(10)手术治疗费
HXG7M331	股骨转子间骨折闭合复位外固定架固定术	HXG70307	股骨转子间骨折闭合复位外固定架固定术			手术费	手术收入	3.治疗类：(10)手术治疗费
HXG7M332	股骨转子间骨折切开复位髓内针内固定术	HXG70308	股骨转子间骨折切开复位髓内针内固定术			手术费	手术收入	3.治疗类：(10)手术治疗费
HXG7M333	陈旧股骨转子间骨折切开复位髓内针内固定术	HXG70309	陈旧股骨转子间骨折切开复位髓内针内固定术			手术费	手术收入	3.治疗类：(10)手术治疗费
HXG7M334	股骨转子间骨折切开复位内固定术	HXG70310	股骨转子间骨折切开复位内固定术	331505016	股骨转子间骨折内固定术	手术费	手术收入	3.治疗类：(10)手术治疗费
HXG7M335	陈旧股骨转子间骨折切开复位内固定术	HXG70311	陈旧股骨转子间骨折切开复位内固定术			手术费	手术收入	3.治疗类：(10)手术治疗费
HXG7M336	股骨转子间骨折切开复位外固定架固定术	HXG70312	股骨转子间骨折切开复位外固定架固定术			手术费	手术收入	3.治疗类：(10)手术治疗费
HXG7M337	陈旧股骨转子间骨折切开复位外固定架固定术	HXG70313	陈旧股骨转子间骨折切开复位外固定架固定术			手术费	手术收入	3.治疗类：(10)手术治疗费
HXG7M501	经关节镜股骨髁骨折复位内固定术	HXG70501	关节镜下股骨髁骨折复位内固定术			手术费	手术收入	3.治疗类：(10)手术治疗费
HXG7M502	经关节镜股骨头骨折复位内固定术	HXG70502	关节镜股骨头骨折复位内固定术			手术费	手术收入	3.治疗类：(10)手术治疗费
HXG7Q301	股骨颈骨折切开复位带血管组织移植术	HXG89301	股骨颈骨折切开复位带血管组织移植术	331505015	股骨颈骨折切开复位内固定+带血管蒂或肌蒂骨移植术	手术费	手术收入	3.治疗类：(10)手术治疗费
HXG7Q302	股骨头减压带肌蒂骨移植术	HXG89302	股骨头减压带肌蒂骨移植术	331510006	股骨头钻孔及植骨术	手术费	手术收入	3.治疗类：(10)手术治疗费
HXG7Q303	股骨头减压带血管蒂骨移植术	HXG89303	股骨头减压带血管蒂骨移植术			手术费	手术收入	3.治疗类：(10)手术治疗费
HXG7Q304	股骨头减压吻合血管的骨瓣移植术	HXG89304	股骨头减压吻合血管腓骨移植术	331512017	骨移植术	手术费	手术收入	3.治疗类：(10)手术治疗费
HXH	髌骨							
HXH6U301	髌骨清理术	HXH73301	髌骨清理术			手术费	手术收入	3.治疗类：(10)手术治疗费
HXH6U302	髌骨切除术	HXH73302	髌骨切除术			手术费	手术收入	3.治疗类：(10)手术治疗费
HXH6U303	二分髌骨切除术	HXH73304	二分髌骨切除术			手术费	手术收入	3.治疗类：(10)手术治疗费
HXH6U501	经关节镜二分髌骨切除术	HXH73501	关节镜下二分髌骨切除术			手术费	手术收入	3.治疗类：(10)手术治疗费
HXH6U502	经关节镜髌骨清理术	HXH73502	关节镜下髌骨清理术			手术费	手术收入	3.治疗类：(10)手术治疗费
HXH6U503	经关节镜髌骨切除术	HXH73503	关节镜下髌骨切除术			手术费	手术收入	3.治疗类：(10)手术治疗费
				331503007	髌骨肿瘤截除术	手术费	手术收入	3.治疗类：(10)手术治疗费
				331509004	移植取骨术	手术费	手术收入	3.治疗类：(10)手术治疗费
HXH6V301	髌骨切除股四头肌修补术	HXH73303	髌骨切除股四头肌修补术	331509003	髌骨切除+股四头肌修补术	手术费	手术收入	3.治疗类：(10)手术治疗费
HXH7M301	髌骨骨折切开复位内固定术	HXH70301	髌骨骨折切开复位内固定术	331505019	髌骨骨折切开复位内固定术	手术费	手术收入	3.治疗类：(10)手术治疗费
				331506009	髌骨半脱位外侧切开松解术	手术费	手术收入	3.治疗类：(10)手术治疗费
HXH7M302	陈旧髌骨骨折切开复位内固定术	HXH70302	陈旧髌骨骨折切开复位内固定术			手术费	手术收入	3.治疗类：(10)手术治疗费
HXH7M303	髌骨骨折闭合复位内固定术	HXH70303	髌骨骨折闭合复位内固定术			手术费	手术收入	3.治疗类：(10)手术治疗费
HXH7M304	陈旧髌骨骨折闭合复位内固定术	HXH70304	陈旧髌骨骨折闭合复位内固定术			手术费	手术收入	3.治疗类：(10)手术治疗费
HXH7M501	经关节镜髌骨骨折复位内固定术	HXH70501	关节镜下髌骨骨折复位内固定术			手术费	手术收入	3.治疗类：(10)手术治疗费
HXH7Q301	髌骨脱位伸膝装置重建术					手术费	手术收入	3.治疗类：(10)手术治疗费
				331506010	髌骨脱位成形术	手术费	手术收入	3.治疗类：(10)手术治疗费
HXJ	膝关节							
HXJ6C501	膝关节镜检查	FXJ01501	膝关节镜检查			手术费	手术收入	3.治疗类：(10)手术治疗费
HXJ6C502	经膝关节镜后侧关节囊检查	FXJ01502	膝关节镜下后侧关节囊检查			手术费	手术收入	3.治疗类：(10)手术治疗费
HXJ6L301	髌股关节置换术	HXJ66307	髌股关节置换术	331507010	人工髌股关节置换术	手术费	手术收入	3.治疗类：(10)手术治疗费
HXJ6L302	全膝人工关节置换术	HXJ66301	全膝人工关节置换术	331507007	人工膝关节表面置换术	手术费	手术收入	3.治疗类：(10)手术治疗费
HXJ6L303	全膝人工关节置换联合截骨术	HXJ66302	全膝人工关节置换联合截骨术			手术费	手术收入	3.治疗类：(10)手术治疗费
HXJ6L304	全膝关节置换联合植骨/垫片加强术	HXJ66303	全膝关节置换联合植骨/垫片加强术			手术费	手术收入	3.治疗类：(10)手术治疗费
HXJ6L305	全膝人工关节翻修术	HXJ66304	全膝人工关节翻修术			手术费	手术收入	3.治疗类：(10)手术治疗费
HXJ6L306	膝关节单髁置换术	HXJ66306	膝关节单髁置换术			手术费	手术收入	3.治疗类：(10)手术治疗费
HXJ6L307	膝关节部分置换术			331507008	人工膝关节绞链式置换术	手术费	手术收入	3.治疗类：(10)手术治疗费
HXJ6L308	膝关节髌骨表面置换术					手术费	手术收入	3.治疗类：(10)手术治疗费
HXJ6L309	膝关节双间室置换术					手术费	手术收入	3.治疗类：(10)手术治疗费
HXJ6P301	膝关节切开软骨取出术	HXJ65301	膝关节切开软骨取出术			手术费	手术收入	3.治疗类：(10)手术治疗费
HXJ6P501	经关节镜膝关节软骨取出术	HXJ65501	关节镜下膝关节软骨取出术			手术费	手术收入	3.治疗类：(10)手术治疗费
HXJ6P502	经关节镜膝关节游离体取出术			331506015	膝关节单纯游离体摘除术	手术费	手术收入	3.治疗类：(10)手术治疗费
HXJ6T301	膝关节离断术	HXJ58301	膝关节离断术			手术费	手术收入	3.治疗类：(10)手术治疗费
HXJ6U301	髌股关节病变软骨切除软骨下钻孔术	HXJ73306	髌股关节病变软骨切除软骨下钻孔术	331509002	髌股关节病变软骨切除软骨下钻孔术	手术费	手术收入	3.治疗类：(10)手术治疗费
HXJ6U302	鹅足滑囊切除术	HXJ73307	鹅足滑囊切除术			手术费	手术收入	3.治疗类：(10)手术治疗费
HXJ6U303	腘窝囊肿切除术	HXJ73304	腘窝囊肿切除术	331506022	腘窝囊肿切除术	手术费	手术收入	3.治疗类：(10)手术治疗费
HXJ6U304	腘窝囊肿复发切除术	HXJ73305	腘窝囊肿复发切除术			手术费	手术收入	3.治疗类：(10)手术治疗费
HXJ6U305	膝关节切开清创术	HXJ73302	膝关节切开清创术	331506020	膝关节清理术	手术费	手术收入	3.治疗类：(10)手术治疗费
HXJ6U306	膝关节滑膜切除术	HXJ73303	膝关节滑膜切除术			手术费	手术收入	3.治疗类：(10)手术治疗费
HXJ6U307	膝关节切开软骨损伤微骨折术	HXJ83301	膝关节切开软骨损伤微骨折术			手术费	手术收入	3.治疗类：(10)手术治疗费
HXJ6U501	经关节镜腘窝囊肿切除术	HXJ73503	关节镜下腘窝囊肿切除术			手术费	手术收入	3.治疗类：(10)手术治疗费
HXJ6U502	经关节镜膝关节清理术	HXJ73501	关节镜下膝关节清理术			手术费	手术收入	3.治疗类：(10)手术治疗费
HXJ6U503	经关节镜膝关节滑膜切除术	HXJ73502	关节镜下膝关节滑膜切除术			手术费	手术收入	3.治疗类：(10)手术治疗费
HXJ6U504	经关节镜膝关节滑膜皱襞切除术					手术费	手术收入	3.治疗类：(10)手术治疗费
HXJ6U505	经关节镜膝关节软骨损伤微骨折术	HXJ83501	关节镜下膝关节软骨损伤微骨折术			手术费	手术收入	3.治疗类：(10)手术治疗费
HXJ6V301	膝关节外畸形截骨矫形术	HXJ73301	膝内外翻定点闭式折骨术	331512011	膝内外翻定点闭式折骨术	手术费	手术收入	3.治疗类：(10)手术治疗费
HXJ7C301	膝关节切开松解术	HXJ57302	膝关节切开松解术			手术费	手术收入	3.治疗类：(10)手术治疗费
HXJ7C501	经关节镜膝关节粘连松解术	HXJ57501	关节镜下膝关节粘连松解术			手术费	手术收入	3.治疗类：(10)手术治疗费
HXJ7F501	经关节镜外侧半月板腘肌囊紧缩术	HXJ81501	关节镜下外侧半月板腘肌囊紧缩术			手术费	手术收入	3.治疗类：(10)手术治疗费
HXJ7M301	膝人工关节取出关节融合术	HXJ66305	膝人工关节取出关节融合术			手术费	手术收入	3.治疗类：(10)手术治疗费
HXJ7M302	膝关节脱位复位外固定架固定术					手术费	手术收入	3.治疗类：(10)手术治疗费
HXJ7M303	跨膝关节外架固定术					手术费	手术收入	3.治疗类：(10)手术治疗费
HXJ7P301	股骨滑车沟成形术	HXJ83304	股骨滑车沟成形术			手术费	手术收入	3.治疗类：(10)手术治疗费
HXJ7P302	膝关节软骨损伤切开修整术	HXJ83302	膝关节软骨损伤切开修整术			手术费	手术收入	3.治疗类：(10)手术治疗费
HXJ7P303	膝人工关节取出关节成形术	HXJ83303	膝人工关节取出关节成形术			手术费	手术收入	3.治疗类：(10)手术治疗费
HXJ7P304	鹅足弹响矫正术	HXJ83305	鹅足弹响矫正术			手术费	手术收入	3.治疗类：(10)手术治疗费
HXJ7P501	经关节镜软骨损伤修整术	HXJ83502	关节镜下软骨损伤修整术	331506024	关节骨软骨损伤修复术	手术费	手术收入	3.治疗类：(10)手术治疗费
HXJ7P502	经关节镜膝髁间窝成形术	HXJ83503	关节镜下膝髁间窝成形术			手术费	手术收入	3.治疗类：(10)手术治疗费
HXJ7Q301	膝关节切开关节骨软骨移植术	HXJ89301	膝关节切开关节骨软骨移植术			手术费	手术收入	3.治疗类：(10)手术治疗费
HXJ7Q302	膝关节自体软骨细胞移植术	HXJ89302	膝关节自体软骨细胞移植术			手术费	手术收入	3.治疗类：(10)手术治疗费
HXJ7Q303	膝关节切开骨膜移植术	HXJ89303	膝关节切开骨膜移植术			手术费	手术收入	3.治疗类：(10)手术治疗费
HXJ7Q304	伸膝装置重建术	HXJ89304	伸膝装置重建术			手术费	手术收入	3.治疗类：(10)手术治疗费
HXJ7Q305	膝关节半月板胫骨韧带切开重建术	HXJ89305	膝关节半月板胫骨韧带切开重建术			手术费	手术收入	3.治疗类：(10)手术治疗费
HXJ7Q306	膝关节陈旧性内外侧副韧带重建术					手术费	手术收入	3.治疗类：(10)手术治疗费
HXJ7Q307	膝关节后外复合体重建术					手术费	手术收入	3.治疗类：(10)手术治疗费
HXJ7Q308	膝后内复合体修复重建术	HXJ89306	膝后内复合体修复重建术			手术费	手术收入	3.治疗类：(10)手术治疗费
HXJ7Q501	经关节镜膝关节骨膜移植术	HXJ89501	关节镜下膝关节骨膜移植术			手术费	手术收入	3.治疗类：(10)手术治疗费
HXJ7Q502	经关节镜膝关节骨软骨移植术	HXJ89502	关节镜下膝关节骨软骨移植术			手术费	手术收入	3.治疗类：(10)手术治疗费
HXJ7Q503	经关节镜膝后外复合体修复重建术	HXJ89503	关节镜辅助下的膝后外复合体修复重建术			手术费	手术收入	3.治疗类：(10)手术治疗费
HXK	膝部韧带							
HXK6L301	前交叉韧带重建翻修术					手术费	手术收入	3.治疗类：(10)手术治疗费
HXK7C301	髌骨外侧支持带松解术	HXK57301	髌骨外侧支持带松解术			手术费	手术收入	3.治疗类：(10)手术治疗费
HXK7C501	经关节镜髌骨外侧支持带松解术	HXK57501	关节镜下髌骨外侧支持带松解术			手术费	手术收入	3.治疗类：(10)手术治疗费
HXK7F301	髌骨内侧支持带缝合紧缩术	HXK81301	髌骨内侧支持带缝合紧缩术			手术费	手术收入	3.治疗类：(10)手术治疗费
HXK7F501	经关节镜髌骨内侧支持带缝合紧缩术	HXK81501	关节镜下髌骨内侧支持带缝合紧缩术			手术费	手术收入	3.治疗类：(10)手术治疗费
HXK7M501	经关节镜膝后交叉韧带下止点撕脱骨折复位固定术	HXK70502	关节镜下膝后交叉韧带下止点撕脱骨折复位固定术			手术费	手术收入	3.治疗类：(10)手术治疗费
HXK7M502	经关节镜膝前交叉韧带下止点撕脱骨折复位固定术	HXK70501	关节镜下膝前交叉韧带下止点撕脱骨折复位固定术			手术费	手术收入	3.治疗类：(10)手术治疗费
HXK7P301	髌韧带成形术	HXK83301	髌韧带成形术	331512012	髌韧带成形术	手术费	手术收入	3.治疗类：(10)手术治疗费
HXK7P302	髌韧带缝合术	HXK83302	髌韧带缝合术			手术费	手术收入	3.治疗类：(10)手术治疗费
HXK7P303	膝内侧副韧带缝合修补术	HXK83303	膝内侧副韧带缝合修补术			手术费	手术收入	3.治疗类：(10)手术治疗费
HXK7P304	膝外侧副韧带缝合修补术	HXK83304	膝外侧副韧带缝合修补术			手术费	手术收入	3.治疗类：(10)手术治疗费
HXK7P501	经关节镜膝后交叉韧带断裂翻修术	HXK83502	关节镜下膝后交叉韧带断裂翻修术			手术费	手术收入	3.治疗类：(10)手术治疗费
HXK7P502	经关节镜膝前交叉韧带断裂翻修术	HXK83501	关节镜下膝前交叉韧带断裂翻修术			手术费	手术收入	3.治疗类：(10)手术治疗费
HXK7Q301	髌骨内侧髌股韧带重建术	HXK89301	髌骨内侧髌股韧带重建术			手术费	手术收入	3.治疗类：(10)手术治疗费
HXK7Q302	膝后交叉韧带切开重建术	HXK89305	膝后交叉韧带切开重建术			手术费	手术收入	3.治疗类：(10)手术治疗费
HXK7Q303	膝内侧副韧带修复重建术	HXK89302	膝内侧副韧带修复重建术	331506014	膝关节陈旧性内外侧副韧带重建术	手术费	手术收入	3.治疗类：(10)手术治疗费
HXK7Q304	膝前交叉韧带切开重建术	HXK89304	膝前交叉韧带切开重建术			手术费	手术收入	3.治疗类：(10)手术治疗费
HXK7Q305	膝外侧副韧带修复重建术	HXK89303	膝外侧副韧带修复重建术	331506014	膝关节陈旧性内外侧副韧带重建术	手术费	手术收入	3.治疗类：(10)手术治疗费
HXK7Q501	经关节镜膝后交叉韧带单束重建术	HXK89503	关节镜下膝后交叉韧带单束重建术			手术费	手术收入	3.治疗类：(10)手术治疗费
HXK7Q502	经关节镜膝后交叉韧带多束重建术	HXK89504	关节镜下膝后交叉韧带多束重建术	331506013	膝关节陈旧性后十字韧带重建术	手术费	手术收入	3.治疗类：(10)手术治疗费
HXK7Q503	经关节镜膝前交叉韧带单束重建术	HXK89501	关节镜下膝前交叉韧带单束重建术			手术费	手术收入	3.治疗类：(10)手术治疗费
HXK7Q504	经关节镜膝前交叉韧带多束重建术	HXK89502	关节镜下膝前交叉韧带多束重建术	331506012	膝关节陈旧性前十字韧带重建术	手术费	手术收入	3.治疗类：(10)手术治疗费
HXL	半月板							
HXL6U301	膝关节切开半月板切除术	HXL73301	膝关节切开半月板切除术	331506019	半月板切除术	手术费	手术收入	3.治疗类：(10)手术治疗费
HXL6U501	经关节镜半月板囊肿切除术	HXL73501	关节镜下半月板囊肿切除术			手术费	手术收入	3.治疗类：(10)手术治疗费
HXL6U502	经关节镜半月板切除术	HXL73502	关节镜下半月板切除术			手术费	手术收入	3.治疗类：(10)手术治疗费
		HXL73302	膝关节切开盘状半月板切除术			手术费	手术收入	3.治疗类：(10)手术治疗费
		HXL73503	关节镜下盘状半月板切除术			手术费	手术收入	3.治疗类：(10)手术治疗费
HXL7P301	半月板修补成形术					手术费	手术收入	3.治疗类：(10)手术治疗费
HXL7P501	经关节镜半月板缝合术	HXL83501	关节镜下半月板缝合术			手术费	手术收入	3.治疗类：(10)手术治疗费
HXL7P502	经关节镜半月板修整术	HXL83502	关节镜下盘状半月板修整术			手术费	手术收入	3.治疗类：(10)手术治疗费
HXL7P503	经关节镜半月板松弛症矫正术	HXL83503	关节镜下半月板松弛症矫正术			手术费	手术收入	3.治疗类：(10)手术治疗费
HXL7Q501	经关节镜同种异体半月板移植术	HXL89501	关节镜下同种异体半月板移植术			手术费	手术收入	3.治疗类：(10)手术治疗费
HXM	大腿和膝部肌肉软组织							
HXM6U301	切开髌腱腱围切除术	HXM73302	髌腱腱围切除术			手术费	手术收入	3.治疗类：(10)手术治疗费
HXM6U302	切开髌前滑囊切除术	HXM73301	髌前滑囊切除术			手术费	手术收入	3.治疗类：(10)手术治疗费
HXM6U501	经关节镜髌腱腱围切除术	HXM73502	关节镜下髌腱腱围切除术			手术费	手术收入	3.治疗类：(10)手术治疗费
HXM6U502	经关节镜髌前滑囊切除术	HXM73501	关节镜下髌前滑囊切除术			手术费	手术收入	3.治疗类：(10)手术治疗费
HXM7G301	股二头肌腱延长术					手术费	手术收入	3.治疗类：(10)手术治疗费
HXM7G302	股内收肌腱延长术					手术费	手术收入	3.治疗类：(10)手术治疗费
HXM7G303	股三头肌腱延长术					手术费	手术收入	3.治疗类：(10)手术治疗费
HXM7G304	烧伤后膝部肌腱延长术	HXM82301	烧伤后膝部肌腱延长术			手术费	手术收入	3.治疗类：(10)手术治疗费
HXM7J301	切开股四头肌内侧头移位术	HXM88301	股四头肌内侧头移位术			手术费	手术收入	3.治疗类：(10)手术治疗费
HXM7P301	髌腱断裂缝合修补术	HXM83301	髌腱断裂缝合修补术			手术费	手术收入	3.治疗类：(10)手术治疗费
HXM7P302	陈旧髌腱断裂缝合修补术	HXM83302	陈旧髌腱断裂缝合修补术			手术费	手术收入	3.治疗类：(10)手术治疗费
HXM7P303	陈旧髌腱断裂翻修术	HXM83303	陈旧髌腱断裂翻修术			手术费	手术收入	3.治疗类：(10)手术治疗费
HXM7P304	髌腱移植物取出修整术	HXM60302	髌腱移植物取出修整术			手术费	手术收入	3.治疗类：(10)手术治疗费
HXM7P305	股四头肌断裂修补术	HXM83304	股四头肌断裂修补术			手术费	手术收入	3.治疗类：(10)手术治疗费
HXM7P306	切开股四头肌成形术	HXM83305	股四头肌成形术	331512010	股四头肌成形术	手术费	手术收入	3.治疗类：(10)手术治疗费
HXM7P307	腘绳肌腱游离修整术	HXM60301	腘绳肌腱游离修整术			手术费	手术收入	3.治疗类：(10)手术治疗费
HXM7Q301	切开髌腱重建术	HXM89301	髌腱重建术			手术费	手术收入	3.治疗类：(10)手术治疗费
HXM7Q302	切开髌腱止点重建术	HXM89302	髌腱止点重建术			手术费	手术收入	3.治疗类：(10)手术治疗费
HXM7Q303	切开股四头肌止点重建术	HXM89303	股四头肌止点重建术			手术费	手术收入	3.治疗类：(10)手术治疗费
HXM7Q304	陈旧股四头肌止点重建术	HXM89304	陈旧股四头肌止点重建术			手术费	手术收入	3.治疗类：(10)手术治疗费
HXM7Q501	经关节镜股四头肌止点重建术	HXM89501	关节镜下股四头肌止点重建术			手术费	手术收入	3.治疗类：(10)手术治疗费
HXN-HXT	12.小腿							
HXN6Y301	小腿截肢术	HXN79301	小腿截肢术	331513007	小腿截肢术	手术费	手术收入	3.治疗类：(10)手术治疗费
		HXN79302	深度烧伤小腿截肢术	331603006	深度烧伤截肢术	手术费	手术收入	3.治疗类：(10)手术治疗费
HXP	胫骨							
HXP6U301	切开胫骨结节骨骺炎清理术	HXP73301	胫骨结节骨骺炎清理术			手术费	手术收入	3.治疗类：(10)手术治疗费
HXP6U302	胫骨截骨术	HXP73302	胫骨截骨术			手术费	手术收入	3.治疗类：(10)手术治疗费
HXP6U303	胫骨高位外侧截骨术	HXP73303	胫骨高位外侧截骨术	331510008	胫骨高位截骨术	手术费	手术收入	3.治疗类：(10)手术治疗费
HXP6U304	胫骨高位内侧截骨术	HXP73304	胫骨高位内侧截骨术			手术费	手术收入	3.治疗类：(10)手术治疗费
HXP6U501	经关节镜胫骨结节骨骺炎清理术	HXP73501	关节镜下胫骨结节骨骺炎清理术			手术费	手术收入	3.治疗类：(10)手术治疗费
HXP6V301	胫骨截骨垫片支撑矫形术					手术费	手术收入	3.治疗类：(10)手术治疗费
HXP7G301	胫骨切开延长术	HXP82301	胫骨延长术	331512018	胫骨延长术	手术费	手术收入	3.治疗类：(10)手术治疗费
HXP7G302	胫骨牵张延长术	HXP82302	胫骨牵张延长术			手术费	手术收入	3.治疗类：(10)手术治疗费
HXP7J301	切开胫骨结节移位术	HXP89302	胫骨结节移位术			手术费	手术收入	3.治疗类：(10)手术治疗费
		HXP62301	胫骨结节垫高术	331512013	胫骨结节垫高术	手术费	手术收入	3.治疗类：(10)手术治疗费
HXP7M301	胫腓骨远端融合术	HXP71302	胫腓骨远端融合术			手术费	手术收入	3.治疗类：(10)手术治疗费
		HXP71301	胫骨上端膝关节融合术	331511002	先天性胫骨缺如胫骨上端膝关节融合术	手术费	手术收入	3.治疗类：(10)手术治疗费
HXP7M302	胫骨平台骨折切开复位钢板螺丝钉内固定术	HXP70301	胫骨平台骨折切开复位钢板螺丝钉内固定术			手术费	手术收入	3.治疗类：(10)手术治疗费
HXP7M303	陈旧胫骨平台骨折切开复位钢板螺丝钉内固定术	HXP70302	陈旧胫骨平台骨折切开复位钢板螺丝钉内固定术			手术费	手术收入	3.治疗类：(10)手术治疗费
HXP7M304	陈旧胫骨平台骨折切开复位髓内针内固定术	HXP70303	陈旧胫骨平台骨折切开复位髓内针内固定术			手术费	手术收入	3.治疗类：(10)手术治疗费
HXP7M305	胫骨平台骨折切开复位外固定架固定术	HXP70304	胫骨平台骨折切开复位外固定架固定术			手术费	手术收入	3.治疗类：(10)手术治疗费
HXP7M306	胫骨平台骨折切开复位髓内针内固定术	HXP70305	胫骨平台骨折切开复位髓内针内固定术			手术费	手术收入	3.治疗类：(10)手术治疗费
HXP7M307	陈旧胫骨平台骨折切开复位外固定架固定术	HXP70306	陈旧胫骨平台骨折切开复位外固定架固定术			手术费	手术收入	3.治疗类：(10)手术治疗费
HXP7M308	胫骨平台骨折闭合复位内固定术	HXP70307	胫骨平台骨折闭合复位内固定术			手术费	手术收入	3.治疗类：(10)手术治疗费
HXP7M309	胫骨平台骨折闭合复位髓内针内固定术	HXP70308	胫骨平台骨折闭合复位髓内针内固定术			手术费	手术收入	3.治疗类：(10)手术治疗费
HXP7M310	胫骨平台骨折闭合复位外固定架固定术	HXP70309	胫骨平台骨折闭合复位外固定架固定术			手术费	手术收入	3.治疗类：(10)手术治疗费
HXP7M311	胫骨骨折闭合复位钢板螺丝钉内固定术	HXP70310	胫骨骨折闭合复位钢板螺丝钉内固定术			手术费	手术收入	3.治疗类：(10)手术治疗费
HXP7M312	陈旧胫骨骨折闭合复位钢板螺丝钉内固定术	HXP70311	陈旧胫骨骨折闭合复位钢板螺丝钉内固定术			手术费	手术收入	3.治疗类：(10)手术治疗费
HXP7M313	胫骨骨折闭合复位髓内针内固定术	HXP70312	胫骨骨折闭合复位髓内针内固定术			手术费	手术收入	3.治疗类：(10)手术治疗费
HXP7M314	陈旧胫骨骨折闭合复位髓内针内固定术	HXP70313	陈旧胫骨骨折闭合复位髓内针内固定术			手术费	手术收入	3.治疗类：(10)手术治疗费
HXP7M315	胫骨骨折切开复位髓内针内固定术	HXP70314	胫骨骨折切开复位髓内针内固定术			手术费	手术收入	3.治疗类：(10)手术治疗费
HXP7M316	陈旧胫骨骨折切开复位髓内针内固定术	HXP70315	陈旧胫骨骨折切开复位髓内针内固定术			手术费	手术收入	3.治疗类：(10)手术治疗费
HXP7M317	胫骨骨折切开复位内固定术	HXP70316	胫骨骨折切开复位内固定术	331505021	胫骨干骨折切开复位内固定术	手术费	手术收入	3.治疗类：(10)手术治疗费
HXP7M318	陈旧胫骨骨折切开复位内固定术	HXP70317	陈旧胫骨骨折切开复位内固定术			手术费	手术收入	3.治疗类：(10)手术治疗费
				331505027	胫腓骨骨折不愈合切开植骨内固定术	手术费	手术收入	3.治疗类：(10)手术治疗费
HXP7M319	胫骨骨折闭合复位外固定架固定术	HXP70318	胫骨骨折闭合复位外固定架固定术			手术费	手术收入	3.治疗类：(10)手术治疗费
HXP7M320	陈旧胫骨骨折闭合复位外固定架固定术	HXP70319	陈旧胫骨骨折闭合复位外固定架固定术			手术费	手术收入	3.治疗类：(10)手术治疗费
HXP7M321	胫骨骨折切开复位外固定架固定术	HXP70320	胫骨骨折切开复位外固定架固定术			手术费	手术收入	3.治疗类：(10)手术治疗费
HXP7M322	陈旧胫骨骨折切开复位外固定架固定术	HXP70321	陈旧胫骨骨折切开复位外固定架固定术			手术费	手术收入	3.治疗类：(10)手术治疗费
HXP7M323	皮隆骨折切开复位内固定术					手术费	手术收入	3.治疗类：(10)手术治疗费
HXP7M501	经关节镜胫骨平台骨折复位内固定术	HXP70501	关节镜下胫骨平台骨折复位内固定术	331505020	胫骨髁间骨折切开复位内固定术	手术费	手术收入	3.治疗类：(10)手术治疗费
HXP7Q301	先天性胫骨假关节切除带血管腓骨移植术	HXP89301	先天性胫骨假关节切除带血管腓骨移植术	331509008	先天性胫骨假关节切除带血管腓骨移植术	手术费	手术收入	3.治疗类：(10)手术治疗费
				331505033	胫腓骨骨折畸形愈合截骨矫形术	手术费	手术收入	3.治疗类：(10)手术治疗费
HXQ	腓骨							
HXQ6U301	腓骨截骨术					手术费	手术收入	3.治疗类：(10)手术治疗费
HXQ7G301	腓骨延长术					手术费	手术收入	3.治疗类：(10)手术治疗费
HXQ7H701	腓骨骨骺损伤闭合复位术					手术费	手术收入	3.治疗类：(10)手术治疗费
HXQ7M301	腓骨骨折切开复位钢板螺丝钉内固定术	HXQ70301	腓骨骨折切开复位钢板螺丝钉内固定术			手术费	手术收入	3.治疗类：(10)手术治疗费
HXQ7M302	陈旧腓骨骨折切开复位钢板螺丝钉内固定术	HXQ70302	陈旧腓骨骨折切开复位钢板螺丝钉内固定术			手术费	手术收入	3.治疗类：(10)手术治疗费
HXQ7M303	腓骨骨折闭合复位髓内针内固定术	HXQ70303	腓骨骨折闭合复位髓内针内固定术			手术费	手术收入	3.治疗类：(10)手术治疗费
HXQ7M304	腓骨骨折闭合复位钢板螺丝钉内固定术	HXQ70304	腓骨骨折闭合复位钢板螺丝钉内固定术			手术费	手术收入	3.治疗类：(10)手术治疗费
HXQ7M305	腓骨骨折切开复位髓内针内固定术	HXQ70305	腓骨骨折切开复位髓内针内固定术	331505039	腓骨骨折切开复位内固定术	手术费	手术收入	3.治疗类：(10)手术治疗费
HXQ7M306	腓骨骨折闭合复位外固定架固定术	HXQ70306	腓骨骨折闭合复位外固定架固定术			手术费	手术收入	3.治疗类：(10)手术治疗费
HXQ7M307	腓骨骨折切开复位外固定架固定术	HXQ70307	腓骨骨折切开复位外固定架固定术			手术费	手术收入	3.治疗类：(10)手术治疗费
				331509006	取腓骨术	手术费	手术收入	3.治疗类：(10)手术治疗费
HXR	胫腓连结							
HXR7Q301	陈旧胫腓韧带重建术	HXR89301	陈旧胫腓韧带重建术			手术费	手术收入	3.治疗类：(10)手术治疗费
HXS-HXT	小腿和踝部肌肉软组织							
HXS6P501	经关节镜小腿三头肌血肿清除术	HXS65501	关节镜下小腿三头肌血肿清除术			手术费	手术收入	3.治疗类：(10)手术治疗费
HXS7G301	小腿及足部肌腱延长术					手术费	手术收入	3.治疗类：(10)手术治疗费
HXS7P301	腓骨肌腱脱位修复术	HXS83301	腓骨肌腱脱位修复术	331522015	腓骨肌腱脱位修复术	手术费	手术收入	3.治疗类：(10)手术治疗费
HXT6U301	跟腱清理术	HXT73301	跟腱清理术			手术费	手术收入	3.治疗类：(10)手术治疗费
HXT6U501	经关节镜跟腱腱围切除术	HXT73501	关节镜下跟腱腱围切除术			手术费	手术收入	3.治疗类：(10)手术治疗费
HXT6U502	经关节镜跟腱清理术	HXT73502	关节镜下跟腱清理术			手术费	手术收入	3.治疗类：(10)手术治疗费
HXT6U503	经关节镜跟腱病灶清理术	HXT73503	关节镜下跟腱病灶清理术			手术费	手术收入	3.治疗类：(10)手术治疗费
HXT7G301	跟腱延长术	HXT82301	跟腱延长术			手术费	手术收入	3.治疗类：(10)手术治疗费
HXT7G302	跟腱瘢痕瓣延长术	HXT82302	跟腱瘢痕瓣延长术			手术费	手术收入	3.治疗类：(10)手术治疗费
HXT7J301	跟腱翻瓣加固术	HXT83303	跟腱翻瓣加固术			手术费	手术收入	3.治疗类：(10)手术治疗费
HXT7M301	跟腱止点撕脱骨折复位内固定术	HXT70301	跟腱止点撕脱骨折复位内固定术			手术费	手术收入	3.治疗类：(10)手术治疗费
HXT7P101	经皮跟腱修复术					手术费	手术收入	3.治疗类：(10)手术治疗费
HXT7P301	跟腱损伤修补术	HXT83301	跟腱损伤修补术			手术费	手术收入	3.治疗类：(10)手术治疗费
HXT7P302	陈旧跟腱断裂修补术	HXT83302	陈旧跟腱断裂修补术	331522016	跟腱断裂修补术	手术费	手术收入	3.治疗类：(10)手术治疗费
HXT7P501	经关节镜跟腱缝合术	HXT83501	关节镜下跟腱缝合术			手术费	手术收入	3.治疗类：(10)手术治疗费
HXT7Q301	跟腱止点重建术	HXT89301	跟腱止点重建术			手术费	手术收入	3.治疗类：(10)手术治疗费
HXU-HX4	13.足部							
HXU6P301	足踝部痛风结石清除术					手术费	手术收入	3.治疗类：(10)手术治疗费
HXU6Y301	后足截肢术	HXU79301	后足截肢术	331513008	足踝部截肢术	手术费	手术收入	3.治疗类：(10)手术治疗费
HXU6Y302	前足截肢术	HXU79302	前足截肢术			手术费	手术收入	3.治疗类：(10)手术治疗费
HXU7C301	足韧带松解术					手术费	手术收入	3.治疗类：(10)手术治疗费
HXU7L301	断足再植术	HXU87301	显微镜下断足再植术			手术费	手术收入	3.治疗类：(10)手术治疗费
HXU7L302	断跖再植术					手术费	手术收入	3.治疗类：(10)手术治疗费
HXU7M501	经关节镜足踝部骨折内固定术	HXY71501	关节镜下距骨骨软骨骨折内固定术			手术费	手术收入	3.治疗类：(10)手术治疗费
HXU7T301	同种异体足移植术	HXU90301	显微镜下同种异体足移植术			手术费	手术收入	3.治疗类：(10)手术治疗费
HXV	足骨							
HXV7M301	中足骨折脱位闭合复位内固定术	HXV70301	中足骨折脱位闭合复位内固定术			手术费	手术收入	3.治疗类：(10)手术治疗费
HXV7M302	陈旧中足骨折脱位闭合复位内固定术	HXV70302	陈旧中足骨折脱位闭合复位内固定术			手术费	手术收入	3.治疗类：(10)手术治疗费
HXV7M303	中足骨折脱位闭合复位外固定架固定术	HXV70303	中足骨折脱位闭合复位外固定架固定术			手术费	手术收入	3.治疗类：(10)手术治疗费
HXV7M304	陈旧中足骨折脱位闭合复位外固定架固定术	HXV70304	陈旧中足骨折脱位闭合复位外固定架固定术			手术费	手术收入	3.治疗类：(10)手术治疗费
HXV7M305	中足骨折脱位切开复位内固定术	HXV70305	中足骨折脱位切开复位内固定术	331505038	足部骨骨折切开复位内固定术	手术费	手术收入	3.治疗类：(10)手术治疗费
HXV7M306	陈旧中足骨折脱位切开复位内固定术	HXV70306	陈旧中足骨折脱位切开复位内固定术			手术费	手术收入	3.治疗类：(10)手术治疗费
HXV7M307	中足骨折脱位切开复位外固定架固定术	HXV70307	中足骨折脱位切开复位外固定架固定术			手术费	手术收入	3.治疗类：(10)手术治疗费
HXV7M308	陈旧中足骨折脱位切开复位外固定架固定术	HXV70308	陈旧中足骨折脱位切开复位外固定架固定术			手术费	手术收入	3.治疗类：(10)手术治疗费
HXV7P301	平足矫正术	HXV83301	平足矫正术	331505034	踝部骨折畸形愈合矫形术	手术费	手术收入	3.治疗类：(10)手术治疗费
HXW	足连结							
HXW6C501	关节镜足趾关节检查					手术费	手术收入	3.治疗类：(10)手术治疗费
HXW6P501	经关节镜跖趾游离体取出术					手术费	手术收入	3.治疗类：(10)手术治疗费
HXW6U301						手术费	手术收入	3.治疗类：(10)手术治疗费
HXW6W301	跖趾关节切除术					手术费	手术收入	3.治疗类：(10)手术治疗费
HXW7C301	踝管松解术					手术费	手术收入	3.治疗类：(10)手术治疗费
HXW7M301	跟骰关节融合术	HXW71302	跟骰关节融合术	331511004	跟骰关节融合术	手术费	手术收入	3.治疗类：(10)手术治疗费
HXW7M302	足关节融合术	HXW71301	足关节融合术			手术费	手术收入	3.治疗类：(10)手术治疗费
HXW7M303	足部三关节融合术	HXW71303	足部三关节融合术			手术费	手术收入	3.治疗类：(10)手术治疗费
HXW7P301	足关节囊缝合术					手术费	手术收入	3.治疗类：(10)手术治疗费
HXX	足部肌肉软组织							
HXX6T501	经关节镜跖腱膜切断术	HXX58501	关节镜下跖腱膜切断术			手术费	手术收入	3.治疗类：(10)手术治疗费
HXX6U301	足伸拇短肌去神经术	HXX73301	足伸拇短肌去神经术			手术费	手术收入	3.治疗类：(10)手术治疗费
HXX6W301	足筋膜切除术					手术费	手术收入	3.治疗类：(10)手术治疗费
HXX7C301	跖腱膜松解术	HXX57301	跖腱膜松解术			手术费	手术收入	3.治疗类：(10)手术治疗费
HXX7G301	烧伤后足部肌腱延长术	HXX82301	烧伤后足部肌腱延长术	331603044	烧伤后肌腱延长术	手术费	手术收入	3.治疗类：(10)手术治疗费
HXX7P301	趾肌腱缝合术					手术费	手术收入	3.治疗类：(10)手术治疗费
HXY	跗骨							
HXY6P301	跗骨跖骨死骨去除术					手术费	手术收入	3.治疗类：(10)手术治疗费
HXY6S101	跟骨钻孔术	HXY50101	跟骨钻孔术	331523012	跟骨钻孔术	手术费	手术收入	3.治疗类：(10)手术治疗费
HXY6U301	跗骨部分切除术					手术费	手术收入	3.治疗类：(10)手术治疗费
HXY6U302	跗骨切除术	HXZ73301	足踝副骨切除			手术费	手术收入	3.治疗类：(10)手术治疗费
HXY6U303	跟骨截骨术	HXY73301	跟骨截骨术	331510009	跟骨截骨术	手术费	手术收入	3.治疗类：(10)手术治疗费
HXY6U304	距骨切除术	HXY73302	距骨切除术	331509009	距骨切除术	手术费	手术收入	3.治疗类：(10)手术治疗费
		HXY73303	付舟骨切除术			手术费	手术收入	3.治疗类：(10)手术治疗费
HXY7G301	跗骨跖骨延伸术					手术费	手术收入	3.治疗类：(10)手术治疗费
HXY7G302	足外侧柱延长术					手术费	手术收入	3.治疗类：(10)手术治疗费
HXY7H301	跗骨跖骨内固定术					手术费	手术收入	3.治疗类：(10)手术治疗费
HXY7M301	跗骨间融合术	HXY71301	跗骨间融合术	331511005	近侧趾间关节融合术	手术费	手术收入	3.治疗类：(10)手术治疗费
HXY7M302	跟骨骨折闭合复位撬拨固定术	HXY70301	跟骨骨折闭合复位撬拨固定术			手术费	手术收入	3.治疗类：(10)手术治疗费
HXY7M303	跟骨骨折切开复位内固定术	HXY70302	跟骨骨折切开复位内固定术	331505035	跟骨骨折切开复位撬拨术	手术费	手术收入	3.治疗类：(10)手术治疗费
HXY7M304	陈旧跟骨骨折切开复位内固定术	HXY70303	陈旧跟骨骨折切开复位内固定术			手术费	手术收入	3.治疗类：(10)手术治疗费
HXY7M305	距骨骨折闭合复位内固定术	HXY70304	距骨骨折闭合复位内固定术			手术费	手术收入	3.治疗类：(10)手术治疗费
		HXY70305	陈旧距骨骨折闭合复位内固定术			手术费	手术收入	3.治疗类：(10)手术治疗费
HXY7M306	距骨骨折切开复位内固定术	HXY70306	距骨骨折切开复位内固定术	331505036	距骨骨折伴脱位切开复位内固定术	手术费	手术收入	3.治疗类：(10)手术治疗费
HXY7M307	陈旧距骨骨折切开复位内固定术	HXY70307	陈旧距骨骨折切开复位内固定术			手术费	手术收入	3.治疗类：(10)手术治疗费
HXY7M308	距骨骨折切开复位外固定架固定术	HXY70308	距骨骨折切开复位外固定架固定术			手术费	手术收入	3.治疗类：(10)手术治疗费
				331503018	跟骨肿瘤病灶刮除术	手术费	手术收入	3.治疗类：(10)手术治疗费
HXZ	踝关节							
HXZ6E501	经关节镜踝关节探查术					手术费	手术收入	3.治疗类：(10)手术治疗费
HXZ6L301	人工全踝关节置换术	HXZ66301	全踝人工关节置换术	331507009	人工踝关节置换术	手术费	手术收入	3.治疗类：(10)手术治疗费
HXZ6L302	全踝人工关节翻修术					手术费	手术收入	3.治疗类：(10)手术治疗费
HXZ6P501	经关节镜踝关节游离体取出术					手术费	手术收入	3.治疗类：(10)手术治疗费
HXZ6U301	足踝部肿物切除术	HXZ73303	足踝部肿物切除			手术费	手术收入	3.治疗类：(10)手术治疗费
HXZ6U302	踝关节截骨术					手术费	手术收入	3.治疗类：(10)手术治疗费
HXZ6U303	踝关节滑膜切除术	HXZ73302	踝关节滑膜切除术			手术费	手术收入	3.治疗类：(10)手术治疗费
HXZ6U501	经关节镜踝关节滑膜切除术	HXZ73501	关节镜下踝关节滑膜切除术			手术费	手术收入	3.治疗类：(10)手术治疗费
HXZ6W301	籽骨切除术					手术费	手术收入	3.治疗类：(10)手术治疗费
HXZ7C301	先天性马蹄内翻足松解术	HXZ57301	先天性马蹄内翻足松解术	331512014	先天性马蹄内翻足松解术	手术费	手术收入	3.治疗类：(10)手术治疗费
HXZ7H501	经关节镜踝关节骨折复位术	HXZ70501	关节镜下踝关节骨折复位术			手术费	手术收入	3.治疗类：(10)手术治疗费
HXZ7M301	踝关节骨折切开复位内固定术	HXZ70301	踝关节骨折切开复位内固定术	331505022	内外踝骨折切开复位内固定术	手术费	手术收入	3.治疗类：(10)手术治疗费
HXZ7M302	陈旧踝关节骨折切开复位内固定术	HXZ70302	陈旧踝关节骨折切开复位内固定术			手术费	手术收入	3.治疗类：(10)手术治疗费
HXZ7M303	踝关节骨折切开复位外固定架固定术	HXZ70303	踝关节骨折切开复位外固定架固定术			手术费	手术收入	3.治疗类：(10)手术治疗费
HXZ7M304	陈旧踝关节骨折切开复位外固定架固定术	HXZ70304	陈旧踝关节骨折切开复位外固定架固定术			手术费	手术收入	3.治疗类：(10)手术治疗费
				331505023	三踝骨折切开复位内固定术	手术费	手术收入	3.治疗类：(10)手术治疗费
HXZ7M305	踝关节融合术	HXZ71301	踝关节融合术	331511003	踝关节融合手术	手术费	手术收入	3.治疗类：(10)手术治疗费
HXZ7M306	踝部四关节融合术	HXZ71302	踝部四关节融合术			手术费	手术收入	3.治疗类：(10)手术治疗费
HXZ7M307	跨踝关节外架固定术					手术费	手术收入	3.治疗类：(10)手术治疗费
HXZ7M308	距下关节融合术					手术费	手术收入	3.治疗类：(10)手术治疗费
HXZ7M501	经关节镜踝关节融合术					手术费	手术收入	3.治疗类：(10)手术治疗费
HXZ7P301	先天性马蹄内翻足石膏固定矫形术	HXZ83302	先天性马蹄内翻足石膏固定矫形术			手术费	手术收入	3.治疗类：(10)手术治疗费
HXZ7P302	踝关节囊缝合术					手术费	手术收入	3.治疗类：(10)手术治疗费
HXZ7P303	踝关节韧带修补术	HXZ83301	踝关节韧带修补术			手术费	手术收入	3.治疗类：(10)手术治疗费
HXZ7P304	距下关节关节制动术					手术费	手术收入	3.治疗类：(10)手术治疗费
HXZ7P305	足韧带缝合术					手术费	手术收入	3.治疗类：(10)手术治疗费
HXZ7Q301	踝关节韧带损伤重建术	HXZ89301	踝关节韧带损伤重建术	331506021	踝关节稳定手术	手术费	手术收入	3.治疗类：(10)手术治疗费
HXZ7Q302	陈旧踝关节韧带损伤重建术	HXZ89302	陈旧踝关节韧带损伤重建术			手术费	手术收入	3.治疗类：(10)手术治疗费
HXZ7Q501	经关节镜踝关节骨软骨移植术					手术费	手术收入	3.治疗类：(10)手术治疗费
HXZ7Q502	经关节镜踝关节韧带重建术					手术费	手术收入	3.治疗类：(10)手术治疗费
HX1	跖骨							
HX16U301	跖骨近端截骨术	HX173302	跖骨近端截骨术			手术费	手术收入	3.治疗类：(10)手术治疗费
HX16U302	跖骨头截骨术	HX173301	跖骨头截骨术			手术费	手术收入	3.治疗类：(10)手术治疗费
HX16V301	跖骨头骨赘切除踇外翻矫形术	HX173303	跖骨头骨赘切除踇外翻矫形术			手术费	手术收入	3.治疗类：(10)手术治疗费
HX16V302	跖趾骨截骨矫形术	HX183302	跖趾骨截骨矫形术			手术费	手术收入	3.治疗类：(10)手术治疗费
HX16V501	经关节镜跖骨头骨赘切除拇外翻矫形术					手术费	手术收入	3.治疗类：(10)手术治疗费
HX17B301	跖管减压术					手术费	手术收入	3.治疗类：(10)手术治疗费
HX17F301	跖趾骨干缩窄术	HX181301	跖趾骨干缩窄术			手术费	手术收入	3.治疗类：(10)手术治疗费
HX17G301	跖骨延长术					手术费	手术收入	3.治疗类：(10)手术治疗费
HX17M301	跖骨骨折闭合复位外固定架固定术	HX170301	跖骨骨折闭合复位外固定架固定术			手术费	手术收入	3.治疗类：(10)手术治疗费
HX17M302	跖骨骨折切开复位内固定术	HX170302	跖骨骨折切开复位内固定术			手术费	手术收入	3.治疗类：(10)手术治疗费
HX17M303	陈旧跖骨骨折切开复位内固定术	HX170303	陈旧跖骨骨折切开复位内固定术			手术费	手术收入	3.治疗类：(10)手术治疗费
HX17M304	跖骨骨折切开复位外固定架固定术	HX170304	跖骨骨折切开复位外固定架固定术			手术费	手术收入	3.治疗类：(10)手术治疗费
HX17M305	陈旧跖骨骨折切开复位外固定架固定术	HX170305	陈旧跖骨骨折切开复位外固定架固定术			手术费	手术收入	3.治疗类：(10)手术治疗费
HX17M306	跖骨骨折闭合复位内固定术					手术费	手术收入	3.治疗类：(10)手术治疗费
HX17M307	跖趾骨骺阻滞术	HX148301	跖趾骨骺阻滞术			手术费	手术收入	3.治疗类：(10)手术治疗费
HX17M308	跖趾骨骺融合术	HX171301	跖趾骨骺融合术			手术费	手术收入	3.治疗类：(10)手术治疗费
HX17P301	第二跖骨头成形术	HX183301	第二跖骨头成形术	331512016	第二跖骨头修整成形术	手术费	手术收入	3.治疗类：(10)手术治疗费
		HX187301	显微镜下断跖再植术	331514002	断指再植术	手术费	手术收入	3.治疗类：(10)手术治疗费
HX2	跖趾连结							
HX26L301	人工跖趾关节置换术	HX266301	跖趾人工关节置换术	331507013	人工跖趾关节置换术	手术费	手术收入	3.治疗类：(10)手术治疗费
HX26U301	足关节滑膜切除术	HX273301	足关节滑膜切除术			手术费	手术收入	3.治疗类：(10)手术治疗费
HX26U501	经关节镜足关节滑膜切除术	HX273501	关节镜下足关节滑膜切除术			手术费	手术收入	3.治疗类：(10)手术治疗费
HX27P301	跖趾关节融合踇外翻矫形术	HX283301	跖趾关节融合拇外翻矫形术			手术费	手术收入	3.治疗类：(10)手术治疗费
HX27P501	经关节镜跖趾软骨成形术					手术费	手术收入	3.治疗类：(10)手术治疗费
HX27P502	经关节镜跖趾软骨修复术					手术费	手术收入	3.治疗类：(10)手术治疗费
HX3-HX4	趾							
HX36J301	趾骨人工骨植骨术					手术费	手术收入	3.治疗类：(10)手术治疗费
HX36T301	趾骨切断术					手术费	手术收入	3.治疗类：(10)手术治疗费
HX36U301	小趾囊病损切除术					手术费	手术收入	3.治疗类：(10)手术治疗费
HX36U501	经关节镜跖趾病损切除术					手术费	手术收入	3.治疗类：(10)手术治疗费
HX37L301	断趾再植术	HX387301	显微镜下断趾再植术			手术费	手术收入	3.治疗类：(10)手术治疗费
HX37M301	趾骨骨折闭合复位内固定术	HX370301	趾骨骨折闭合复位内固定术			手术费	手术收入	3.治疗类：(10)手术治疗费
HX37M302	趾骨骨折闭合复位外固定架固定术	HX370302	趾骨骨折闭合复位外固定架固定术			手术费	手术收入	3.治疗类：(10)手术治疗费
HX37M303	趾骨骨折切开复位内固定术	HX370303	趾骨骨折切开复位内固定术			手术费	手术收入	3.治疗类：(10)手术治疗费
HX37M304	陈旧趾骨骨折切开复位内固定术	HX370304	陈旧趾骨骨折切开复位内固定术			手术费	手术收入	3.治疗类：(10)手术治疗费
HX37M305	趾骨骨折切开复位外固定架固定术	HX370305	趾骨骨折切开复位外固定架固定术			手术费	手术收入	3.治疗类：(10)手术治疗费
HX37M306	陈旧趾骨骨折切开复位外固定架固定术	HX370306	陈旧趾骨骨折切开复位外固定架固定术			手术费	手术收入	3.治疗类：(10)手术治疗费
HX37P301	小趾囊病损切除矫正术					手术费	手术收入	3.治疗类：(10)手术治疗费
HX37P302	锤状趾修补术			331521032	锤状指修复术	手术费	手术收入	3.治疗类：(10)手术治疗费
HX37P303	锤状趾矫正术					手术费	手术收入	3.治疗类：(10)手术治疗费
HX37P304	爪形趾修补术					手术费	手术收入	3.治疗类：(10)手术治疗费
HX37P305	爪形趾矫正术					手术费	手术收入	3.治疗类：(10)手术治疗费
HX37P306	翘趾修补术					手术费	手术收入	3.治疗类：(10)手术治疗费
HX46U301	踇外翻米氏截骨术(Mitchell)	HX473302	踇外翻米氏截骨术			手术费	手术收入	3.治疗类：(10)手术治疗费
HX46U302	踇外翻克氏截骨术(Keller)	HX473303	踇外翻克氏截骨术			手术费	手术收入	3.治疗类：(10)手术治疗费
HX46V301	踇外翻截骨矫形术	HX483302	踇外翻截骨矫形术			手术费	手术收入	3.治疗类：(10)手术治疗费
HX46V302	踇外翻阿氏截骨矫形术(Akin)	HX473301	踇外翻阿氏截骨矫形术			手术费	手术收入	3.治疗类：(10)手术治疗费
HX47M301	踇囊病损切除矫正术					手术费	手术收入	3.治疗类：(10)手术治疗费
HX47P301	踇外翻远端软组织矫形术	HX483303	踇外翻远端软组织矫形术			手术费	手术收入	3.治疗类：(10)手术治疗费
HX47P302	踇外翻矫正术	HX483301	踇外翻矫正术	331512015	踇外翻矫形术	手术费	手术收入	3.治疗类：(10)手术治疗费
HX56L301	人工趾间关节置换术					手术费	手术收入	3.治疗类：(10)手术治疗费
HX56U301	趾关节病损切除术					手术费	手术收入	3.治疗类：(10)手术治疗费
		HX648301	骨膜封闭术	311300005	骨膜封闭术	治疗费	治疗收入	3.治疗类：(9)非手术治疗项目费
				331505037	骨折内固定装置取出术	手术费	手术收入	3.治疗类：(10)手术治疗费
				331504004	膝关节结核病灶清除术	手术费	手术收入	3.治疗类：(10)手术治疗费
				331504005	踝关节结核病灶清除+关节融合术	手术费	手术收入	3.治疗类：(10)手术治疗费
HX6-HX9	14.肌肉骨骼其他							
HX66B301	四肢长骨感染性病灶切开引流灌洗术	HX648303	四肢长骨感染性病灶切开引流灌洗术	331504011	骨髓炎切开引流灌洗术	手术费	手术收入	3.治疗类：(10)手术治疗费
HX66J301	感染性病灶清除间置器置入术					手术费	手术收入	3.治疗类：(10)手术治疗费
HX66J302	自体骨取骨植骨术	HX660302	自体骨取骨植骨术			手术费	手术收入	3.治疗类：(10)手术治疗费
HX66K301	骨水泥临时假体置入术					手术费	手术收入	3.治疗类：(10)手术治疗费
HX66M301	骨折固定装置调整术	HX663301	骨折固定装置调整术			手术费	手术收入	3.治疗类：(10)手术治疗费
HX66N301	外固定架取出术	HX664301	外固定架取出术			手术费	手术收入	3.治疗类：(10)手术治疗费
HX66N302	骨内固定物取出术	HX664302	骨内固定物取出术	330608019	骨内固定植入物取出术	手术费	手术收入	3.治疗类：(10)手术治疗费
HX66N303	骨水泥临时假体取出术					手术费	手术收入	3.治疗类：(10)手术治疗费
HX66P301	管状骨结核病灶清除术					手术费	手术收入	3.治疗类：(10)手术治疗费
HX66P302	带血管骨组织取出术	HX660301	带血管骨组织取出术			手术费	手术收入	3.治疗类：(10)手术治疗费
HX66S301	骨外露钻孔术					手术费	手术收入	3.治疗类：(10)手术治疗费
HX66S302	骨骺开放术					手术费	手术收入	3.治疗类：(10)手术治疗费
HX66U301	成骨不全多段截骨术	HX673304	成骨不全多段截骨术	331510010	成骨不全多段截骨术	手术费	手术收入	3.治疗类：(10)手术治疗费
HX66U302	开放骨折清创术	HX673305	开放骨折清创术			手术费	手术收入	3.治疗类：(10)手术治疗费
HX66U303	创面扩创死骨清除术	HX673306	深度烧伤扩创死骨清除术	331603042	深度烧伤死骨摘除术	手术费	手术收入	3.治疗类：(10)手术治疗费
HX66U304	肢体骨与软组织肿瘤切除术	HX673302	肢体骨与软组织肿瘤切除术	331522001	骨骼肌软组织肿瘤切除术	手术费	手术收入	3.治疗类：(10)手术治疗费
HX66U305	四肢长骨感染性病灶清除术	HX673301	四肢长骨感染性病灶清除术	331504010	骨髓炎病灶清除术	手术费	手术收入	3.治疗类：(10)手术治疗费
HX66V301	陈旧性骨骺损伤截骨矫形术					手术费	手术收入	3.治疗类：(10)手术治疗费
HX66V302	肢体骨与软组织肿瘤切除软组织修复术	HX673303	肢体骨与软组织肿瘤切除软组织修复术			手术费	手术收入	3.治疗类：(10)手术治疗费
HX66V303	肢体骨与软组织肿瘤切除骨重建软组织修复术	HX674301	肢体骨与软组织肿瘤切除骨重建软组织修复术			手术费	手术收入	3.治疗类：(10)手术治疗费
HX66V304	肢体骨与软组织骨肿瘤切除骨关节重建软组织修复术	HX674303	肢体骨与软组织肿瘤切除骨关节重建软组织修复术			手术费	手术收入	3.治疗类：(10)手术治疗费
HX66V305	肢体骨肿瘤切除重建翻修术	HX674305	肢体肿瘤切除重建翻修术			手术费	手术收入	3.治疗类：(10)手术治疗费
HX67H301	骨折闭合复位+外固定术	HX670303	骨折闭合复位+外固定术	420000004	骨折闭合复位经皮穿刺(钉)内固定术	手术费	手术收入	3.治疗类：(10)手术治疗费
HX67J301	带肌蒂骨骺/骨瓣移位术	HX689301	带肌蒂骨骺/骨瓣移位术			手术费	手术收入	3.治疗类：(10)手术治疗费
HX67J302	带筋膜蒂骨骺/骨瓣移位术	HX689302	带筋膜蒂骨骺/骨瓣移位术			手术费	手术收入	3.治疗类：(10)手术治疗费
HX67J303	带血管蒂骨骺/骨瓣移位术	HX689303	带血管蒂骨骺/骨瓣移位术	331508005	带血管蒂肌蒂骨骺移植术	手术费	手术收入	3.治疗类：(10)手术治疗费
HX67M301	骨折脱位复位钢针固定术	HX670302	骨折脱位复位钢针固定术			手术费	手术收入	3.治疗类：(10)手术治疗费
HX67M302	撕脱骨折切开复位内固定术	HX670304	撕脱骨折切开复位内固定术			手术费	手术收入	3.治疗类：(10)手术治疗费
HX67M303	临时骺阻滞术	HX648302	临时骺阻滞术			手术费	手术收入	3.治疗类：(10)手术治疗费
HX67M304	骨骺固定术	HX671301	骨骺固定术	331508003	骨骺固定术	手术费	手术收入	3.治疗类：(10)手术治疗费
HX67M305	肢体骨骺阻滞术					手术费	手术收入	3.治疗类：(10)手术治疗费
HX67P301	下肢残端修整术	HX683301	残端修整术	331513003	残端修整术	手术费	手术收入	3.治疗类：(10)手术治疗费
HX67P302	骨搬移术					手术费	手术收入	3.治疗类：(10)手术治疗费
HX67Q301	吻合血管的骨骺/骨瓣皮瓣移植术	HX689304	吻合血管的骨骺/骨瓣皮瓣移植术			手术费	手术收入	3.治疗类：(10)手术治疗费
HX67Q302	吻合血管的骨骺/骨瓣移植术	HX689305	吻合血管的骨骺/骨瓣移植术			手术费	手术收入	3.治疗类：(10)手术治疗费
HX67Q303	肢体骨与软组织肿瘤切除骨关节重建术	HX674302	肢体骨与软组织肿瘤切除骨关节重建术(大)			手术费	手术收入	3.治疗类：(10)手术治疗费
HX67Q304	肢体骨与软组织肿瘤切除骨重建术	HX674304	肢体骨与软组织肿瘤切除骨重建术	331503011	股骨干肿瘤段切除与重建术	手术费	手术收入	3.治疗类：(10)手术治疗费
				331503009	股骨上端肿瘤切除人工股骨头置换术	手术费	手术收入	3.治疗类：(10)手术治疗费
				331503010	股骨干肿瘤全股骨切除人工股骨置换术	手术费	手术收入	3.治疗类：(10)手术治疗费
HX76K301	人工关节取出关节间隔体植入术	HX762301	人工关节取出关节间隔体植入术			手术费	手术收入	3.治疗类：(10)手术治疗费
				331503012	股骨下段肿瘤刮除骨腔灭活植骨术	手术费	手术收入	3.治疗类：(10)手术治疗费
				331503013	股骨下段肿瘤切除术	手术费	手术收入	3.治疗类：(10)手术治疗费
				331508001	骨骺肌及软组织肿瘤切除术	手术费	手术收入	3.治疗类：(10)手术治疗费
				331503003	肱骨肿瘤切除及骨重建术	手术费	手术收入	3.治疗类：(10)手术治疗费
				331503004	尺桡骨肿瘤切除及骨重建术	手术费	手术收入	3.治疗类：(10)手术治疗费
				331503015	胫骨上段肿瘤刮除+植骨术	手术费	手术收入	3.治疗类：(10)手术治疗费
				331503017	胫腓骨肿瘤切除+重建术	手术费	手术收入	3.治疗类：(10)手术治疗费
HX76R101	化脓性关节引流术					手术费	手术收入	3.治疗类：(10)手术治疗费
HX76U301	创面小关节扩创术	HX773301	深度烧伤小关节扩创术			手术费	手术收入	3.治疗类：(10)手术治疗费
HX76U302	创面大关节扩创术	HX773302	深度烧伤大关节扩创术	331603041	深度烧伤扩创关节成型术	手术费	手术收入	3.治疗类：(10)手术治疗费
HX77H301	人工关节脱位复位术					手术费	手术收入	3.治疗类：(10)手术治疗费
HX77H302	关节骨软骨骨折复位内固定术					手术费	手术收入	3.治疗类：(10)手术治疗费
HX77H501	关节镜下关节骨软骨骨折复位内固定术					手术费	手术收入	3.治疗类：(10)手术治疗费
HX77M301	四肢关节感染性病灶清除植骨融合术	HX773303	四肢关节感染性病灶清除植骨融合术			手术费	手术收入	3.治疗类：(10)手术治疗费
HX77Q301	骨骺早闭骨桥切除脂肪移植术	HX789301	骨骺早闭骨桥切除脂肪移植术	331508002	骨骺早闭骨桥切除脂肪移植术	手术费	手术收入	3.治疗类：(10)手术治疗费
		HX848301	筋膜组织内封闭术	311300006	软组织内封闭术	手术费	手术收入	3.治疗类：(10)手术治疗费
HX86D301	肌肉活检术	FX807301	肌肉活检术	310100020	周围神经活检术	手术费	手术收入	3.治疗类：(10)手术治疗费
HX86D302	体表软组织切开活检术					手术费	手术收入	3.治疗类：(10)手术治疗费
HX86E301	肌腱探查术	FX809301	肌腱探查术			手术费	手术收入	3.治疗类：(10)手术治疗费
HX86P301	深部组织异物取出术					手术费	手术收入	3.治疗类：(10)手术治疗费
HX86R301	深部软组织感染切开引流术					手术费	手术收入	3.治疗类：(10)手术治疗费
HX86S301	腱鞘切开术	HX850301	腱鞘切开术			手术费	手术收入	3.治疗类：(10)手术治疗费
HX86T301	肌腱切断术	HX858302	肌腱切断术			手术费	手术收入	3.治疗类：(10)手术治疗费
HX86T302	小肌肉切断术	HX858301	小肌肉切断术	331521020	小肌肉挛缩切断术	手术费	手术收入	3.治疗类：(10)手术治疗费
HX86U301	肌腱清理术	HX873301	肌腱清理术	331521028	肌腱粘连松解术	手术费	手术收入	3.治疗类：(10)手术治疗费
HX86U302	肌肉去神经术	HX873305	肌肉去神经术			手术费	手术收入	3.治疗类：(10)手术治疗费
				331521038	手腕部神经损伤修复术	手术费	手术收入	3.治疗类：(10)手术治疗费
				331505028	开放折骨术	手术费	手术收入	3.治疗类：(10)手术治疗费
HX86U303	骨化性肌炎局部切除术			331522003	骨化性肌炎局部切除术	手术费	手术收入	3.治疗类：(10)手术治疗费
HX86U304	腱鞘切除术	HX873302	腱鞘部分切除术	331521016	缩窄性腱鞘炎切开术	手术费	手术收入	3.治疗类：(10)手术治疗费
HX86U305	腱鞘囊肿切除术	HX873303	腱鞘囊肿切除术	331521017	腱鞘囊肿切除术	手术费	手术收入	3.治疗类：(10)手术治疗费
HX86U306	腱鞘巨细胞瘤切除术	HX873304	腱鞘巨细胞瘤切除术			手术费	手术收入	3.治疗类：(10)手术治疗费
HX86U501	经关节镜钙化性肌腱炎病灶清理术	HX873502	关节镜下钙化性肌腱炎病灶清理术			手术费	手术收入	3.治疗类：(10)手术治疗费
HX86U502	肌腱腱鞘镜检+滑膜部分切除术	HX873501	肌腱腱鞘镜检+滑膜部分切除术			手术费	手术收入	3.治疗类：(10)手术治疗费
HX86U503	经关节镜腱鞘囊肿切除术	HX873503	关节镜下腱鞘囊肿切除术			手术费	手术收入	3.治疗类：(10)手术治疗费
HX87B301	肢体骨筋膜间室切开减压术	HX856301	肢体骨筋膜间室切开减压术	331522014	下肢筋膜间室综合征切开减压术	手术费	手术收入	3.治疗类：(10)手术治疗费
HX87C101	经软组织镜组织松解镇痛术					手术费	手术收入	3.治疗类：(10)手术治疗费
HX87C102	银质针软组织镇痛术					手术费	手术收入	3.治疗类：(10)手术治疗费
HX87C301	肌肉松解术	HX857301	肌肉松解术			手术费	手术收入	3.治疗类：(10)手术治疗费
HX87M301	肌肉固定术	HX871301	肌肉固定术			手术费	手术收入	3.治疗类：(10)手术治疗费
HX87P301	肌肉缝合术	HX883302	肌肉缝合术			手术费	手术收入	3.治疗类：(10)手术治疗费
HX87P302	肌肉成形术	HX883303	肌肉成形术			手术费	手术收入	3.治疗类：(10)手术治疗费
HX87P303	缩窄环畸形矫正术	HX883301	先天性束带综合征矫形术			手术费	手术收入	3.治疗类：(10)手术治疗费
HX87Q301	闭孔内肌自体移植术	HX889303	闭孔内肌自体移植术			手术费	手术收入	3.治疗类：(10)手术治疗费
HX87Q302	肌腱止点重建术	HX889301	肌腱重建术			手术费	手术收入	3.治疗类：(10)手术治疗费
HX87Q303	肌腱支持带修补/重建术	HX889302	肌腱复位支持带修补/重建术			手术费	手术收入	3.治疗类：(10)手术治疗费
HX87Q304	自体肌腱游离移植术	HX889304	自体肌腱游离移植术	331521034	“钮孔畸形”游离肌腱固定术	手术费	手术收入	3.治疗类：(10)手术治疗费
HX87Q305	异体/种肌腱移植术	HX889305	异体/种肌腱移植术	331603043	肌腱移植术	手术费	手术收入	3.治疗类：(10)手术治疗费
HX87Q306	人工肌腱移植术	HX889306	人工肌腱移植术			手术费	手术收入	3.治疗类：(10)手术治疗费
HX87Q307	腱鞘重建术					手术费	手术收入	3.治疗类：(10)手术治疗费
HX87Q308	异体带鞘管屈指肌腱移植术	HX889307	异体带鞘管屈指肌腱移植术	331521030	屈伸指肌腱游离移植术	手术费	手术收入	3.治疗类：(10)手术治疗费
HX87S301	肌腱切取术	HX860302	肌腱切取术			手术费	手术收入	3.治疗类：(10)手术治疗费
HX87S302	游离肌肉切取术	HX860301	游离肌肉切取术			手术费	手术收入	3.治疗类：(10)手术治疗费
		HX883304	肌力肌张力调整术	331522004	脑瘫肌力肌张力调整术	手术费	手术收入	3.治疗类：(10)手术治疗费
HX97P301	异体/自体移植物修整术	HX983301	异体移植物修整术			手术费	手术收入	3.治疗类：(10)手术治疗费
HY	(十七)体被系统							
HYA-HYB	1.乳腺							
HYA6D301	乳腺肿物切取活检术	FYA07301	乳腺肿物切开活检术			手术费	手术收入	3.治疗类：(10)手术治疗费
HYA6K301	隆乳术	HYA62301	隆乳术	331601011	隆乳术	手术费	手术收入	3.治疗类：(10)手术治疗费
HYA6K302	自体脂肪注射隆乳术	HYA62303	自体颗粒脂肪注射隆乳术			手术费	手术收入	3.治疗类：(10)手术治疗费
HYA6K801	经内窥镜假体置入隆乳术	HYA62302	内窥镜辅助假体置入隆乳术			手术费	手术收入	3.治疗类：(10)手术治疗费
HYA6L301	乳房假体置换术	HYA66301	乳房假体置换术			手术费	手术收入	3.治疗类：(10)手术治疗费
HYA6N301	乳房假体取出术	HYA64301	乳房假体取出术	331601013	乳腺假体取出术	手术费	手术收入	3.治疗类：(10)手术治疗费
HYA6N302	乳房内液态人工材料取出术	HYA64302	乳房内注射材料取出术			手术费	手术收入	3.治疗类：(10)手术治疗费
HYA6R301	乳房浅表脓肿切开引流术	HYA45301	乳房浅表脓肿切开引流术			手术费	手术收入	3.治疗类：(10)手术治疗费
HYA6R302	乳房深部脓肿切开引流术	HYA45302	乳房深部脓肿切开引流术			手术费	手术收入	3.治疗类：(10)手术治疗费
HYA6U301	单纯乳房切除术	HYA73301	单纯乳房切除术	331601004	单纯乳房切除术	手术费	手术收入	3.治疗类：(10)手术治疗费
HYA6U302	乳房内注射材料取出感染灶清除术	HYA73303	乳房内注射材料取出感染灶清除术			手术费	手术收入	3.治疗类：(10)手术治疗费
HYA6U303	乳房扩张器取出扩张包膜切除术	HYA73304	乳房扩张器取出扩张包膜切除术			手术费	手术收入	3.治疗类：(10)手术治疗费
HYA6U304	乳腺脓腔搔刮术					手术费	手术收入	3.治疗类：(10)手术治疗费
HYA6U305	保留皮肤的皮下乳腺切除术					手术费	手术收入	3.治疗类：(10)手术治疗费
HYA6U306	乳腺癌保乳手术	HYA73305	乳腺癌保乳手术			手术费	手术收入	3.治疗类：(10)手术治疗费
HYA6U307	乳腺肿物切除术	HYA73307	乳腺肿物切除术	331601002	乳腺肿物切除术	手术费	手术收入	3.治疗类：(10)手术治疗费
HYA6U308	乳腺区段切除术	HYA73308	乳腺区段切除术			手术费	手术收入	3.治疗类：(10)手术治疗费
HYA6U309	乳腺象限切除术	HYA73309	乳腺象限切除术			手术费	手术收入	3.治疗类：(10)手术治疗费
HYA6U310	乳腺窦道切除术	HYA73310	乳腺窦道切除术			手术费	手术收入	3.治疗类：(10)手术治疗费
HYA6U311	女性乳腺切除术	HYA73311	女性乳腺切除术			手术费	手术收入	3.治疗类：(10)手术治疗费
HYA6U312	男性乳腺切除术	HYA73312	男性乳腺切除术			手术费	手术收入	3.治疗类：(10)手术治疗费
HYA6U313	乳腺病灶旋切术					手术费	手术收入	3.治疗类：(10)手术治疗费
HYA6U314	保留乳头乳晕的皮下乳腺切除术					手术费	手术收入	3.治疗类：(10)手术治疗费
HYA6V301	乳腺癌保乳术+即刻乳房修复术	HYA73306	乳腺癌保乳术+即刻乳房修复术			手术费	手术收入	3.治疗类：(10)手术治疗费
HYA6X301	乳腺癌根治性切除术(Halsted)	HYA77301	乳腺癌根治术(Halsted)	331601005	乳腺癌根治术	手术费	手术收入	3.治疗类：(10)手术治疗费
HYA6X302	乳腺癌改良根治性切除术	HYA77302	乳腺癌改良根治术			手术费	手术收入	3.治疗类：(10)手术治疗费
HYA6X303	乳腺癌扩大根治性切除术	HYA77303	乳腺癌扩大根治术	331601006	乳腺癌扩大根治术	手术费	手术收入	3.治疗类：(10)手术治疗费
HYA7P301	乳房缺损真皮片修复假体置入乳房畸形矫正术	HYA83304	乳房缺损真皮片修复假体置入乳房畸形矫正术			手术费	手术收入	3.治疗类：(10)手术治疗费
HYA7P302	副乳切除整形术	HYA73313	副乳切除整形术	331601003	副乳切除术	手术费	手术收入	3.治疗类：(10)手术治疗费
HYA7P303	乳房缩小整形术	HYA81301	乳房缩小整形术			手术费	手术收入	3.治疗类：(10)手术治疗费
		HYA81302	巨乳缩小整形术	331601014	巨乳缩小整形术	手术费	手术收入	3.治疗类：(10)手术治疗费
		HYA81303	巨乳缩小术-抽吸法			手术费	手术收入	3.治疗类：(10)手术治疗费
HYA7P304	乳房上提整形术	HYA83301	乳房上提整形术			手术费	手术收入	3.治疗类：(10)手术治疗费
HYA7P305	乳房下皱襞成形术	HYA83302	乳房下皱襞成形术			手术费	手术收入	3.治疗类：(10)手术治疗费
HYA7P306	乳房包膜挛缩畸形矫正术	HYA83303	乳房包膜挛缩畸形矫正术			手术费	手术收入	3.治疗类：(10)手术治疗费
HYA7P307	隆乳术后继发畸形矫正术	HYA83305	隆乳术后继发畸形矫正术	331601012	隆乳术后继发畸形矫正术	手术费	手术收入	3.治疗类：(10)手术治疗费
HYA7P308	乳房切除联合假体I期乳房成形术	HYA89311	乳腺癌根治Ⅰ期乳房再造术	331601008	乳腺癌根治+乳房再造术	手术费	手术收入	3.治疗类：(10)手术治疗费
HYA7Q301	腹壁下动脉穿支皮瓣乳房重建术(DIEP)	HYA89301	腹壁下动脉穿支皮瓣乳房Ⅱ期重建术(DIEP)			手术费	手术收入	3.治疗类：(10)手术治疗费
HYA7Q302	背阔肌肌皮瓣转移乳房再造术	HYA89302	背阔肌肌皮瓣转移乳房Ⅱ期再造术			手术费	手术收入	3.治疗类：(10)手术治疗费
HYA7Q303	再造乳房皮瓣修复术	HYA89303	再造乳房皮瓣修整术			手术费	手术收入	3.治疗类：(10)手术治疗费
HYA7Q304	背阔肌肌皮瓣转移+假体乳房重建术	HYA89304	背阔肌肌皮瓣转移+人工乳房假体乳房Ⅱ期重建术			手术费	手术收入	3.治疗类：(10)手术治疗费
HYA7Q305	假体置入乳房再造术	HYA89305	假体置入乳房再造术	331601007	乳房再造术	手术费	手术收入	3.治疗类：(10)手术治疗费
HYA7Q306	横行腹直肌肌皮瓣乳房重建术(TRAM)	HYA89306	横行腹直肌肌皮瓣乳房Ⅱ期重建术(TRAM)			手术费	手术收入	3.治疗类：(10)手术治疗费
HYA7Q307	带蒂皮瓣假体置入乳房再造术	HYA89307	带蒂皮瓣假体置入乳房再造术			手术费	手术收入	3.治疗类：(10)手术治疗费
HYA7Q308	带蒂复合组织瓣移植乳房再造术	HYA89308	带蒂闭合组织瓣移植乳房再造术			手术费	手术收入	3.治疗类：(10)手术治疗费
HYA7Q309	吻合血管的游离组织瓣移植乳房再造术	HYA89310	吻合血管的游离组织瓣移植乳房再造术			手术费	手术收入	3.治疗类：(10)手术治疗费
HYA7Q310	SIEA皮瓣乳房再造术					手术费	手术收入	3.治疗类：(10)手术治疗费
HYA7Q311	游离臀大肌肌皮瓣乳房再造术					手术费	手术收入	3.治疗类：(10)手术治疗费
HYA7Q312	游离背阔肌肌皮瓣乳房再造术					手术费	手术收入	3.治疗类：(10)手术治疗费
HYA7Q313	游离大网膜移植乳房再造术					手术费	手术收入	3.治疗类：(10)手术治疗费
HYA7Q314	动/静脉旁路TRAM皮瓣乳房再造术					手术费	手术收入	3.治疗类：(10)手术治疗费
HYA7Q315	乳房再造术	HYA89309	乳房Ⅱ期再造术	331601009	乳房再造术II期	手术费	手术收入	3.治疗类：(10)手术治疗费
HYB7F301	乳晕缩小整形术	HYB81301	乳晕缩小整形术			手术费	手术收入	3.治疗类：(10)手术治疗费
HYB7P301	乳头整形术	HYB83301	乳头整形术			手术费	手术收入	3.治疗类：(10)手术治疗费
HYB7P302	乳头乳晕整形术	HYB83302	乳头乳晕整形术	331601010	乳头乳晕整形术	手术费	手术收入	3.治疗类：(10)手术治疗费
HYB7P303	乳头内陷矫正术-切开法	HYB83303	乳头内陷矫正术-切开法			手术费	手术收入	3.治疗类：(10)手术治疗费
HYB7P304	乳头内陷矫正术-组织瓣充填法	HYB83304	乳头内陷矫正术-组织瓣充填法			手术费	手术收入	3.治疗类：(10)手术治疗费
HYB7P305	乳头内陷支架牵引矫正术	HYB83305	乳头内陷支架牵引矫正术			手术费	手术收入	3.治疗类：(10)手术治疗费
HYB7Q301	乳头再造术	HYB89301	乳头再造术			手术费	手术收入	3.治疗类：(10)手术治疗费
HYB7Q302	乳头乳晕再造术	HYB89302	乳头乳晕再造术			手术费	手术收入	3.治疗类：(10)手术治疗费
HYB7Q303	皮片游离移植乳晕再造术	HYB89304	皮片游离移植乳晕再造术			手术费	手术收入	3.治疗类：(10)手术治疗费
		HYB89303	乳头乳晕Ⅱ期再造术			手术费	手术收入	3.治疗类：(10)手术治疗费
HYD-HYR	2.皮肤							
HYD6U301	切/削痂术	HYD73302	面颈部削痂术	331603010	削痂术	手术费	手术收入	3.治疗类：(10)手术治疗费
HYD7M501	经内窥镜颈皮肤悬吊术					手术费	手术收入	3.治疗类：(10)手术治疗费
HYD7Q301	面颈部切/削痂皮肤移植术	HYD73301	面颈部切痂术			手术费	手术收入	3.治疗类：(10)手术治疗费
HYE6J301	自体脂肪注射额部填充术	HYE61302	自体脂肪注射额部填充术			手术费	手术收入	3.治疗类：(10)手术治疗费
HYE6J302	自体脂肪注射面部填充术	HYE61301	面部脂肪填充术			手术费	手术收入	3.治疗类：(10)手术治疗费
HYE6J303	组织瓣移植颞部充填术	HYE89323	组织瓣移植颞部充填术	331604003	隆颞术	手术费	手术收入	3.治疗类：(10)手术治疗费
HYE6K301	假体置入隆额术	HYE62301	假体置入隆额术	331604004	隆额术	手术费	手术收入	3.治疗类：(10)手术治疗费
HYE6U301	面部凹陷瘢痕切除皮下组织瓣转移充填皮瓣转移改形术	HYE89315	面部凹陷瘢痕切除皮下组织瓣转移充填皮瓣转移改形术			手术费	手术收入	3.治疗类：(10)手术治疗费
HYE6U302	面部瘢痕切除缝合术	HYE73310	面部瘢痕切除缝合术	331604015	面部瘢痕切除整形术	手术费	手术收入	3.治疗类：(10)手术治疗费
HYE6U303	头面部扩创术	HYE73305	头面部扩创术			手术费	手术收入	3.治疗类：(10)手术治疗费
HYE6U304	头面良性肿物切除术(小)	HYE73306	头面良性肿物切除术(小)	331602004	浅表肿物切除术	手术费	手术收入	3.治疗类：(10)手术治疗费
HYE6U305	头面良性肿物切除术(中)	HYE73307	头面良性肿物切除术(中)			手术费	手术收入	3.治疗类：(10)手术治疗费
HYE6U306	头面良性肿物切除术(大)	HYE73308	头面良性肿物切除术(大)			手术费	手术收入	3.治疗类：(10)手术治疗费
HYE6U307	头皮干性坏死清创术	HYE73304	头皮干性坏死清创术			手术费	手术收入	3.治疗类：(10)手术治疗费
HYE6U701	头皮肿物切除术	HYE73701	头皮肿物切除术	330201001	头皮肿物切除术	手术费	手术收入	3.治疗类：(10)手术治疗费
HYE7C301	面颈部瘢痕切除松解术	HYE89309	颜面瘢痕切除松解人工真皮移植术	331603048	烧伤瘢痕切除松解植皮术	手术费	手术收入	3.治疗类：(10)手术治疗费
HYE7C302	手部瘢痕切除松解术	HYE89310	颜面瘢痕切除松解脱细胞真皮自体皮移植术			手术费	手术收入	3.治疗类：(10)手术治疗费
HYE7C303	指/趾瘢痕切除松解术	HYE89311	颜面瘢痕切除松解自体大张皮片移植术			手术费	手术收入	3.治疗类：(10)手术治疗费
HYE7M501	经内窥镜颊皮肤悬吊术					手术费	手术收入	3.治疗类：(10)手术治疗费
HYE7M502	经内窥镜上面部皮肤悬吊术					手术费	手术收入	3.治疗类：(10)手术治疗费
HYE7M503	经内窥镜颞皮肤悬吊术					手术费	手术收入	3.治疗类：(10)手术治疗费
HYE7P301	隆颏术后继发畸形矫正术	HYE83311	隆颏术后继发畸形矫正术	331604009	隆颏术后继发畸形矫正术	手术费	手术收入	3.治疗类：(10)手术治疗费
HYE7P302	额部除皱术					手术费	手术收入	3.治疗类：(10)手术治疗费
HYE7P303	颊部除皱术					手术费	手术收入	3.治疗类：(10)手术治疗费
HYE7P304	半侧颜面不对称畸形血管化组织瓣移植矫正术	HYE83302	半侧颜面不对称畸形血管化组织瓣移植矫正术	330606033	颜面部软组织不对称带血管游离组织瓣修复畸形矫正术	手术费	手术收入	3.治疗类：(10)手术治疗费
HYE7P305	局部皮肤整形面瘫畸形矫正术	HYE83303	局部皮肤整形面瘫畸形矫正术			手术费	手术收入	3.治疗类：(10)手术治疗费
HYE7P306	静态悬吊面瘫畸形矫正术	HYE83304	静态悬吊面瘫畸形矫正术	331604013	面瘫畸形矫正术	手术费	手术收入	3.治疗类：(10)手术治疗费
HYE7P307	神经移植面瘫矫正术	HYE83305	神经移植面瘫矫正术			手术费	手术收入	3.治疗类：(10)手术治疗费
HYE7P308	吻合血管神经肌瓣移植面瘫矫正术	HYE83306	吻合血管神经肌瓣移植面瘫矫正术			手术费	手术收入	3.治疗类：(10)手术治疗费
HYE7P309	去神经肌肉游离移植面瘫畸形矫正术	HYE83307	应用去神经的肌肉游离移植面瘫畸形矫正术			手术费	手术收入	3.治疗类：(10)手术治疗费
HYE7P310	带蒂肌筋膜瓣游离阔筋膜移植悬吊面瘫畸形矫正术	HYE83308	带蒂肌筋膜瓣游离阔筋膜移植悬吊面瘫畸形矫正术			手术费	手术收入	3.治疗类：(10)手术治疗费
HYE7P311	全面部除皱术			311400035	激光除皱术	手术费	手术收入	3.治疗类：(10)手术治疗费
HYE7P312	面部瘢痕切除Z字整形术	HYE83310	面部瘢痕切除Z字整形术			手术费	手术收入	3.治疗类：(10)手术治疗费
HYE7P313	局部皮瓣头皮缺损修复术	HYE83301	局部皮瓣头皮缺损修复术	331602010	头皮缺损修复术	手术费	手术收入	3.治疗类：(10)手术治疗费
HYE7P314	瘢痕秃发扩张皮瓣修复术	HYE83312	瘢痕秃发扩张皮瓣修复术			手术费	手术收入	3.治疗类：(10)手术治疗费
HYE7P501	经内窥镜面部皮肤提升术					手术费	手术收入	3.治疗类：(10)手术治疗费
HYE7Q301	头皮带蒂皮瓣转移术	HYE89306	头皮带蒂皮瓣转移术	331604034	带毛囊皮瓣移植术	手术费	手术收入	3.治疗类：(10)手术治疗费
HYE7Q302	局部皮瓣转位颊部缺损修复术	HYE89324	局部皮瓣转位颊部缺损修复术	331604012	颊部缺损修复术	手术费	手术收入	3.治疗类：(10)手术治疗费
HYE7Q303	颈胸旋转皮瓣颊部缺损修复术	HYE89325	颈胸旋转皮瓣颊部缺损修复术			手术费	手术收入	3.治疗类：(10)手术治疗费
HYE7Q304	皮下蒂皮瓣颊部缺损修复术	HYE89326	皮下蒂皮瓣颊部缺损修复术			手术费	手术收入	3.治疗类：(10)手术治疗费
HYE7Q305	游离皮片移植颊部缺损修复术	HYE89327	游离皮片移植颊部缺损修复术			手术费	手术收入	3.治疗类：(10)手术治疗费
HYE7Q306	游离皮瓣移植颊部缺损修复术	HYE89328	游离皮瓣移植颊部缺损修复术			手术费	手术收入	3.治疗类：(10)手术治疗费
HYE7Q307	酒窝再造术	HYE89329	酒窝再造术	331604011	酒窝再造术	手术费	手术收入	3.治疗类：(10)手术治疗费
HYE7Q308	面部清创植皮术	HYE89307	面部清创植皮术			手术费	手术收入	3.治疗类：(10)手术治疗费
HYE7Q309	面部瘢痕切除局部皮瓣转移术	HYE89313	面部瘢痕切除局部皮瓣转移术			手术费	手术收入	3.治疗类：(10)手术治疗费
HYE7Q310	自体脂肪注射半侧颜面萎缩矫正术	HYE89320	自体颗粒脂肪游离移植半侧颜面萎缩矫正术			手术费	手术收入	3.治疗类：(10)手术治疗费
HYE7Q311	真皮脂肪瓣游离移植半侧颜面萎缩畸形矫正术	HYE89321	真皮脂肪瓣游离移植半侧颜面萎缩畸形矫正术			手术费	手术收入	3.治疗类：(10)手术治疗费
HYE7Q312	游离皮瓣移植血管吻合半侧颜面萎缩畸形矫正术	HYE89322	游离皮瓣移植血管吻合半侧颜面萎缩畸形矫正术	331604017	半侧颜面萎缩整形术	手术费	手术收入	3.治疗类：(10)手术治疗费
HYE7Q313	面部瘢痕切除植皮术	HYE89312	面部瘢痕切除植皮术			手术费	手术收入	3.治疗类：(10)手术治疗费
HYE7Q314	面部瘢痕切除真皮下血管网皮片移植术	HYE89314	面部瘢痕切除真皮下血管网皮片移植术			手术费	手术收入	3.治疗类：(10)手术治疗费
HYE7Q315	面部清创局部皮瓣转移修复术	HYE89319	面部清创局部皮瓣转移修复术			手术费	手术收入	3.治疗类：(10)手术治疗费
HYE7Q316	面部/手部游离植皮术(小)	HYE89316	面部、手部游离植皮术(小)			手术费	手术收入	3.治疗类：(10)手术治疗费
HYE7Q317	面部/手部游离植皮术(中)	HYE89317	面部、手部游离植皮术(中)			手术费	手术收入	3.治疗类：(10)手术治疗费
HYE7Q318	面部/手部游离植皮术(大)	HYE89318	面部、手部游离植皮术(大)			手术费	手术收入	3.治疗类：(10)手术治疗费
HYE7Q319	头皮皮片移植术	HYE89301	头皮皮瓣移植术			手术费	手术收入	3.治疗类：(10)手术治疗费
HYE7Q320	皮瓣/肌皮瓣游离移植头皮缺损修复术	HYE89302	皮瓣/肌皮瓣游离移植头皮缺损修复术			手术费	手术收入	3.治疗类：(10)手术治疗费
HYE7Q321	头皮撕脱游离植皮术	HYE89303	头皮撕脱游离植皮术			手术费	手术收入	3.治疗类：(10)手术治疗费
HYE7Q322	头皮撕脱游离皮瓣移植术	HYE89304	头皮撕脱游离皮瓣移植术			手术费	手术收入	3.治疗类：(10)手术治疗费
HYE7Q323	头皮撕脱吻合血管游离回植术	HYE89305	头皮撕脱吻合血管游离回植术			手术费	手术收入	3.治疗类：(10)手术治疗费
HYE7S301	带毛囊头皮取皮术	HYE60301	带毛囊头皮取皮术	331603012	头皮取皮术	手术费	手术收入	3.治疗类：(10)手术治疗费
		HYE83309	去神经肌肉游离移植悬吊面瘫畸形矫治术			手术费	手术收入	3.治疗类：(10)手术治疗费
				331604014	除皱术	手术费	手术收入	3.治疗类：(10)手术治疗费
				331604023	纹饰美容术	手术费	手术收入	3.治疗类：(10)手术治疗费
		HYE89308	颜面切/削痂植皮术	331603032	颜面切痂植皮术	手术费	手术收入	3.治疗类：(10)手术治疗费
HYF6U301	颈部扩创术	HYF73301	颈部扩创术			手术费	手术收入	3.治疗类：(10)手术治疗费
HYF7B301	颈部烧伤焦痂切开减张术	HYF56301	颈部烧伤焦痂切开减张术			手术费	手术收入	3.治疗类：(10)手术治疗费
HYF7P301	颈部除皱术					手术费	手术收入	3.治疗类：(10)手术治疗费
HYF7P302	躯干带蒂扩张皮瓣修复颈部瘢痕挛缩/创面术	HYF89306	躯干带蒂扩张皮瓣修复颈部瘢痕挛缩术			手术费	手术收入	3.治疗类：(10)手术治疗费
HYF7Q301	颈部瘢痕/创面切除局部皮瓣转移术	HYF89304	颈部瘢痕切除局部皮瓣转移术			手术费	手术收入	3.治疗类：(10)手术治疗费
HYF7Q302	颈部瘢痕/创面切除植皮术	HYF89302	颈部瘢痕切除植皮术			手术费	手术收入	3.治疗类：(10)手术治疗费
HYF7Q303	颈部瘢痕/创面切除轴型皮瓣转移修复术	HYF89303	颈部瘢痕切除轴型皮瓣转移修复术			手术费	手术收入	3.治疗类：(10)手术治疗费
HYF7Q304	颈部瘢痕/创面切除游离皮瓣移植术	HYF89305	颈部瘢痕切除游离皮瓣移植术			手术费	手术收入	3.治疗类：(10)手术治疗费
		HYF89301	颈部切/削痂植皮术			手术费	手术收入	3.治疗类：(10)手术治疗费
		HYG73302	躯干四肢削痂术	331603010	削痂术	手术费	手术收入	3.治疗类：(10)手术治疗费
HYG7Q301	躯干四肢凹陷瘢痕/创面切除皮下组织瓣充填皮瓣转移术	HYG89301	躯干四肢凹陷瘢痕切除皮下组织瓣充填皮瓣转移术			手术费	手术收入	3.治疗类：(10)手术治疗费
HYG7Q302	躯干切/削痂皮肤移植术	HYG73301	躯干四肢切痂术			手术费	手术收入	3.治疗类：(10)手术治疗费
HYH6U301	躯干部扩创术	HYH73301	躯干部扩创术			手术费	手术收入	3.治疗类：(10)手术治疗费
HYH7Q301	躯干瘢痕切除植皮术	HYH89301	躯干瘢痕切除植皮术			手术费	手术收入	3.治疗类：(10)手术治疗费
HYH7Q302	躯干瘢痕切除局部皮瓣移植术	HYH89302	躯干瘢痕切除局部皮瓣移植术			手术费	手术收入	3.治疗类：(10)手术治疗费
HYJ6R301	心脏术后感染伤口清创引流术	HYJ45301	心脏术后感染伤口清创引流术	330803029	心脏术后感染伤口清创引流术	手术费	手术收入	3.治疗类：(10)手术治疗费
HYJ7B301	胸腹部烧伤焦痂切开减张术	HYJ56301	胸腹部烧伤焦痂切开减张术			手术费	手术收入	3.治疗类：(10)手术治疗费
HYJ7Q301	切/削痂真皮移植术	HYJ89302	胸部切/削痂人工真皮移植术	331603033	胸部切削痂自体皮移植术	手术费	手术收入	3.治疗类：(10)手术治疗费
		HYJ89301	胸部切/削痂自体皮移植术			手术费	手术收入	3.治疗类：(10)手术治疗费
		HYJ89303	胸部切削痂网状皮移植术			手术费	手术收入	3.治疗类：(10)手术治疗费
		HYJ89304	胸部切/削痂脱细胞真皮自体皮移植术			手术费	手术收入	3.治疗类：(10)手术治疗费
HYK6J301	自体脂肪注射臀部填充术	HYK62301	臀部脂肪填充术			手术费	手术收入	3.治疗类：(10)手术治疗费
HYK6U301	肛周瘢痕切除局部成形术	HYK73301	肛周瘢痕切除局部成形术			手术费	手术收入	3.治疗类：(10)手术治疗费
HYK7C301	会阴部瘢痕切除松解术	HYK89302	会阴瘢痕切除松解自体大张皮片移植术			手术费	手术收入	3.治疗类：(10)手术治疗费
HYK7C302	瘢痕切除松解术	HYK89303	会阴瘢痕切除松解脱细胞真皮自体皮移植术			手术费	手术收入	3.治疗类：(10)手术治疗费
HYK7Q301	会阴部切/削痂皮肤移植术	HYK89305	会阴部切痂植皮术			手术费	手术收入	3.治疗类：(10)手术治疗费
HYK7Q302	会阴瘢痕/创面松解带蒂皮瓣转移术	HYK89301	会阴瘢痕松解带蒂皮瓣转移术			手术费	手术收入	3.治疗类：(10)手术治疗费
HYK7Q303	会阴瘢痕切除松解人工真皮移植术	HYK89304	会阴瘢痕切除松解人工真皮移植术			手术费	手术收入	3.治疗类：(10)手术治疗费
HYK7Q304	会阴瘢痕/创面松解游离植皮术	HYK89306	会阴瘢痕松解游离植皮术			手术费	手术收入	3.治疗类：(10)手术治疗费
		HYL73302	手足切痂术	331603009	切痂术	手术费	手术收入	3.治疗类：(10)手术治疗费
		HYL73303	手足削痂术	331603010	削痂术	手术费	手术收入	3.治疗类：(10)手术治疗费
		HYL73305	指趾削痂术			手术费	手术收入	3.治疗类：(10)手术治疗费
HYL7B301	手足烧伤焦痂切开减张术	HYL56302	手足烧伤焦痂切开减张术	331603001	烧伤焦痂切开减张术	手术费	手术收入	3.治疗类：(10)手术治疗费
HYL7B302	四肢烧伤焦痂切开减张术	HYL56301	四肢烧伤焦痂切开减张术			手术费	手术收入	3.治疗类：(10)手术治疗费
HYL7P301	胼胝病变切除修复术	HYL73301	胼胝病变切除修复术	331602003	胼胝病变切除修复术	手术费	手术收入	3.治疗类：(10)手术治疗费
HYL7Q301	指/趾切/削痂皮肤移植术	HYL73304	指/趾切痂术			手术费	手术收入	3.治疗类：(10)手术治疗费
HYM6U301	上肢瘢痕切除局部改形术	HYM73301	上肢瘢痕切除局部改形术			手术费	手术收入	3.治疗类：(10)手术治疗费
HYM7Q301	前臂逆行筋膜瓣移植植皮术	HYM89301	前臂逆行筋膜瓣移植植皮术			手术费	手术收入	3.治疗类：(10)手术治疗费
HYM7Q302	前臂逆行皮瓣转移术	HYM89302	前臂逆行皮瓣转移术	331521026	前臂桡尺动脉倒转皮瓣术	手术费	手术收入	3.治疗类：(10)手术治疗费
HYM7Q303	腹部皮管带蒂上臂转移术	HYM89303	腹部皮管带蒂上臂转移术			手术费	手术收入	3.治疗类：(10)手术治疗费
HYM7Q304	腋窝瘢痕/创面切除局部皮瓣移植术	HYM89304	腋窝瘢痕切除局部皮瓣移植术			手术费	手术收入	3.治疗类：(10)手术治疗费
HYM7Q305	腋窝瘢痕/创面切除游离植皮术	HYM89305	腋窝瘢痕切除游离植皮术			手术费	手术收入	3.治疗类：(10)手术治疗费
HYM7Q306	肘部瘢痕/创面切除游离植皮术	HYM89306	肘部瘢痕切除游离植皮术			手术费	手术收入	3.治疗类：(10)手术治疗费
HYN6J301	自体脂肪注射手背填充术	HYN62301	手背脂肪填充术			手术费	手术收入	3.治疗类：(10)手术治疗费
HYN6P301	腹部埋藏手取出术	HYN65301	腹部埋藏手取出术			手术费	手术收入	3.治疗类：(10)手术治疗费
HYN6P302	腹部埋藏手取出分指植皮术	HYN65302	腹部埋藏手取出分指植皮术			手术费	手术收入	3.治疗类：(10)手术治疗费
HYN6U301	虎口瘢痕松解切除术	HYN73304	虎口瘢痕松解切除术			手术费	手术收入	3.治疗类：(10)手术治疗费
HYN6U302	手部皮肤瘢痕切除术	HYN73303	手部皮肤瘢痕切除术			手术费	手术收入	3.治疗类：(10)手术治疗费
HYN6U303	手部清创术	HYN73305	手部清创术	331521008	手外伤清创术	手术费	手术收入	3.治疗类：(10)手术治疗费
HYN6U304	手部扩创术	HYN73306	手部扩创术			手术费	手术收入	3.治疗类：(10)手术治疗费
HYN6U305	手部痂皮切除术	HYN73308	手部痂皮切除术	331603009	切痂术	手术费	手术收入	3.治疗类：(10)手术治疗费
HYN6U306	指蹼粘连松解局部改形术	HYN73301	指蹼粘连松解局部改形术			手术费	手术收入	3.治疗类：(10)手术治疗费
HYN7B301	手部皮肤减张缝合术	HYN56301	手部皮肤减张缝合术			手术费	手术收入	3.治疗类：(10)手术治疗费
HYN7C301	手指瘢痕/创面切除松解植皮术	HYN57302	手指瘢痕切除松解植皮术			手术费	手术收入	3.治疗类：(10)手术治疗费
HYN7C302	指/趾蹼瘢痕/创面切除松解植皮术	HYN57301	指/趾蹼瘢痕切除松解植皮术			手术费	手术收入	3.治疗类：(10)手术治疗费
HYN7C303	指蹼粘连/创面松解局部皮瓣转移术	HYN57303	指蹼粘连松解局部皮瓣转移术			手术费	手术收入	3.治疗类：(10)手术治疗费
HYN7C304	指蹼粘连/创面松解游离植皮术	HYN57304	指蹼粘连松解游离植皮术	331521040	指蹼成形术	手术费	手术收入	3.治疗类：(10)手术治疗费
HYN7H301	拇内收畸形缩窄牵引术	HYN70301	拇内收畸形缩窄牵引术			手术费	手术收入	3.治疗类：(10)手术治疗费
HYN7J301	手部带蒂皮瓣移位术	HYN88308	手部带蒂皮瓣移位术			手术费	手术收入	3.治疗类：(10)手术治疗费
HYN7J302	手部带蒂皮管移位术	HYN88302	手外带蒂皮瓣/管移位术	331521002	手外伤胸壁交叉皮瓣术	手术费	手术收入	3.治疗类：(10)手术治疗费
HYN7J303	手部交臂皮瓣断蒂术	HYN83305	手部交臂皮瓣断蒂术			手术费	手术收入	3.治疗类：(10)手术治疗费
HYN7J304	手部带蒂皮瓣旋转术	HYN83307	手部带蒂皮瓣旋转术			手术费	手术收入	3.治疗类：(10)手术治疗费
HYN7J305	腹部埋藏皮瓣移位术	HYN89343	腹部埋藏皮瓣移位术			手术费	手术收入	3.治疗类：(10)手术治疗费
HYN7J306	手部胸腹部带蒂皮瓣断蒂术	HYN83309	手部胸腹部带蒂皮瓣断蒂术			手术费	手术收入	3.治疗类：(10)手术治疗费
HYN7J307	手部鱼际皮瓣移位术	HYN89312	手部鱼际皮瓣移位术	331521005	手外伤鱼际皮瓣术	手术费	手术收入	3.治疗类：(10)手术治疗费
HYN7P301	虎口成形术	HYN83304	虎口成形术	331521039	虎口成形术	手术费	手术收入	3.治疗类：(10)手术治疗费
				331521040	指蹼成形术	手术费	手术收入	3.治疗类：(10)手术治疗费
HYN7P302	轻度瘢痕性拇指内收畸形矫正术	HYN83301	轻度瘢痕性拇指内收畸形矫正术			手术费	手术收入	3.治疗类：(10)手术治疗费
HYN7P303	手烧伤/创面切/削痂交臂皮瓣修复术	HYN73307	手烧伤切/削痂交臂皮瓣修复术			手术费	手术收入	3.治疗类：(10)手术治疗费
HYN7P304	手部皮肤瘢痕松解成形术	HYN83302	手部皮肤瘢痕松解成形术			手术费	手术收入	3.治疗类：(10)手术治疗费
HYN7P305	手部推进皮瓣(V-Y)术	HYN83308	手部推进皮瓣(V-Y)术	331521006	手外伤推进皮瓣(V-Y)术	手术费	手术收入	3.治疗类：(10)手术治疗费
HYN7P306	拳形手畸形矫正术	HYN83310	拳形手畸形矫正术			手术费	手术收入	3.治疗类：(10)手术治疗费
HYN7P307	掌侧手部瘢痕挛缩整形术	HYN83303	掌侧手部瘢痕挛缩整形术	331519011	手部瘢痕挛缩整形术	手术费	手术收入	3.治疗类：(10)手术治疗费
HYN7P308	仰指畸形矫正术	HYN83311	仰指畸形矫正术			手术费	手术收入	3.治疗类：(10)手术治疗费
HYN7P309	爪形手畸形矫正术	HYN83312	爪形手畸形矫正术			手术费	手术收入	3.治疗类：(10)手术治疗费
HYN7P310	指蹼瘢痕/创面切除局部皮瓣整形术	HYN89337	指蹼瘢痕切除局部皮瓣整形术			手术费	手术收入	3.治疗类：(10)手术治疗费
HYN7Q301	虎口开大中厚植皮术	HYN89309	虎口开大中厚植皮术			手术费	手术收入	3.治疗类：(10)手术治疗费
HYN7Q302	手背/掌瘢痕/创面切除松解植皮术	HYN89331	手背/掌瘢痕切除松解植皮术			手术费	手术收入	3.治疗类：(10)手术治疗费
HYN7Q303	手背瘢痕/创面切除游离植皮术	HYN89336	手背瘢痕切除游离植皮术			手术费	手术收入	3.治疗类：(10)手术治疗费
HYN7Q304	手部交臂皮瓣带蒂转移术	HYN89340	手部交臂皮瓣带蒂转移术	331521003	手外伤交臂皮瓣术	手术费	手术收入	3.治疗类：(10)手术治疗费
HYN7Q305	手部邻指交叉皮下组织瓣移植术	HYN83306	手部邻指交叉皮下组织瓣移植术	331521007	手外伤邻指交叉皮下组织瓣术	手术费	手术收入	3.治疗类：(10)手术治疗费
HYN7Q306	手部皮肤撕脱伤/创面带蒂皮瓣修复术	HYN88301	手部皮肤撕脱伤带蒂皮瓣修复术			手术费	手术收入	3.治疗类：(10)手术治疗费
HYN7Q307	手烧伤/创面扩创交臂皮瓣修复术	HYN88303	手烧伤扩创交臂皮瓣修复术	331603038	手烧伤扩创交臂皮瓣修复术	手术费	手术收入	3.治疗类：(10)手术治疗费
HYN7Q308	手烧伤/创面扩创胸部皮瓣修复术	HYN88304	手烧伤扩创胸部皮瓣修复术	331603039	手烧伤扩创胸皮瓣修复术	手术费	手术收入	3.治疗类：(10)手术治疗费
HYN7Q309	手烧伤/创面扩创腹部皮瓣修复术	HYN88305	手烧伤扩创腹部皮瓣修复术			手术费	手术收入	3.治疗类：(10)手术治疗费
HYN7Q310	手烧伤/创面切削痂腹部皮瓣修复术	HYN88306	手烧伤切削痂腹部皮瓣修复术			手术费	手术收入	3.治疗类：(10)手术治疗费
HYN7Q311	手烧伤切/削痂胸部皮瓣修复术	HYN88307	手烧伤切/削痂胸部皮瓣修复术			手术费	手术收入	3.治疗类：(10)手术治疗费
HYN7Q312	手部切/削痂皮肤移植术	HYN89301	全手切/削痂自体皮片移植术	331603036	全手切削痂植皮术	手术费	手术收入	3.治疗类：(10)手术治疗费
HYN7Q313	手部扩创延期自体皮片移植术	HYN89304	手部扩创延期自体皮片移植术	331603035	手部扩创延期植皮术	手术费	手术收入	3.治疗类：(10)手术治疗费
HYN7Q314	手部扩创延期脱细胞真皮自体皮移植术	HYN89308	手部扩创延期脱细胞真皮自体皮移植术	331603037	手背切削痂植皮术	手术费	手术收入	3.治疗类：(10)手术治疗费
HYN7Q315	手部扩创延期人工真皮移植术	HYN89310	手部扩创延期人工真皮移植术			手术费	手术收入	3.治疗类：(10)手术治疗费
HYN7Q316	手部大网膜移植植皮术	HYN89311	手部大网膜移植植皮术	331521023	手外伤大网膜移植植皮术	手术费	手术收入	3.治疗类：(10)手术治疗费
HYN7Q317	手部清创反取皮植皮术	HYN89313	手部清创反取皮植皮术	331521022	手外伤清创反取皮植皮术	手术费	手术收入	3.治疗类：(10)手术治疗费
HYN7Q318	手部外伤皮肤缺损游离皮片移植术	HYN89314	手部外伤皮肤缺损游离皮片移植术	331520003	手部外伤皮肤缺损游离植皮术	手术费	手术收入	3.治疗类：(10)手术治疗费
HYN7Q319	瘢痕/创面拇指内收畸形食指背旗状皮瓣移植术	HYN89320	瘢痕性拇指内收畸形食指背旗状皮瓣移植术			手术费	手术收入	3.治疗类：(10)手术治疗费
HYN7Q320	瘢痕/创面拇指内收畸形第二掌骨骨间背侧动脉轴型皮瓣移植	HYN89321	瘢痕性拇指内收畸形第二掌骨骨间背侧动脉轴型皮瓣移植术			手术费	手术收入	3.治疗类：(10)手术治疗费
HYN7Q321	术瘢痕/创面拇指内收畸形前臂桡动脉岛状皮瓣移植术	HYN89322	瘢痕性拇指内收畸形前臂桡动脉岛状皮瓣移植术			手术费	手术收入	3.治疗类：(10)手术治疗费
HYN7Q322	瘢痕/创面拇指内收畸形游离皮瓣移植术	HYN89323	瘢痕性拇指内收畸形游离皮瓣移植术			手术费	手术收入	3.治疗类：(10)手术治疗费
HYN7Q323	手外伤创面局部转移皮瓣移植术	HYN89330	手外伤局部转移皮瓣移植术	331520004	手外伤局部转移皮瓣术	手术费	手术收入	3.治疗类：(10)手术治疗费
HYN7Q324	手部皮肤撕脱伤皮片移植修复术	HYN89332	手部皮肤撕脱伤皮片移植修复术	331521021	手部皮肤撕脱伤修复术	手术费	手术收入	3.治疗类：(10)手术治疗费
HYN7Q325	手部皮肤撕脱伤创面游离皮瓣修复术	HYN89333	手部皮肤撕脱伤游离皮瓣修复术			手术费	手术收入	3.治疗类：(10)手术治疗费
HYN7Q326	手部邻指皮瓣移植术	HYN89341	手部邻指皮瓣移植术	331521004	手外伤邻指皮瓣术	手术费	手术收入	3.治疗类：(10)手术治疗费
HYN7Q327	手部胸腹部带蒂皮瓣转移术	HYN89342	手部胸腹部带蒂皮瓣转移术	331521001	手外伤腹部埋藏皮瓣术	手术费	手术收入	3.治疗类：(10)手术治疗费
HYN7Q328	烧伤爪形手皮管移植术Ⅰ期手术	HYN89315	严重烧伤爪形手皮管移植术Ⅰ期手术	331519010	严重烧伤手畸形矫正术	手术费	手术收入	3.治疗类：(10)手术治疗费
HYN7Q329	烧伤爪形手皮管移植术Ⅱ期手术	HYN89316	严重烧伤爪形手皮管移植术Ⅱ期手术			手术费	手术收入	3.治疗类：(10)手术治疗费
HYN7Q330	烧伤爪形手皮管移植术Ⅲ期手术	HYN89317	严重烧伤爪形手皮管移植术Ⅲ期手术			手术费	手术收入	3.治疗类：(10)手术治疗费
HYN7Q331	烧伤爪形手皮管移植术Ⅳ期手术	HYN89318	严重烧伤爪形手皮管移植术Ⅳ期手术			手术费	手术收入	3.治疗类：(10)手术治疗费
HYN7Q332	手掌瘢痕/创面切除游离植皮术	HYN89334	手掌瘢痕切除游离植皮术			手术费	手术收入	3.治疗类：(10)手术治疗费
HYN7Q333	手掌部分瘢痕/创面切除植皮术	HYN89335	手掌部分瘢痕切除植皮术			手术费	手术收入	3.治疗类：(10)手术治疗费
HYN7Q334	手掌皮肤缺损皮管移植术	HYN89326	手掌皮肤缺损皮管移植术			手术费	手术收入	3.治疗类：(10)手术治疗费
HYN7Q335	手掌皮肤缺损前臂逆行岛状皮瓣移植术	HYN89327	手掌皮肤缺损前臂逆行岛状皮瓣移植术			手术费	手术收入	3.治疗类：(10)手术治疗费
HYN7Q336	手掌皮肤缺损游离皮瓣移植术	HYN89328	手掌皮肤缺损游离皮瓣移植术			手术费	手术收入	3.治疗类：(10)手术治疗费
HYN7Q337	手掌皮肤缺损远位带蒂皮瓣转移术	HYN89329	手掌皮肤缺损远位带蒂皮瓣转移术			手术费	手术收入	3.治疗类：(10)手术治疗费
HYN7Q338	手指背侧岛状皮瓣移植术	HYN89319	手指背侧岛状皮瓣移植术	331521024	食指背侧岛状皮瓣术	手术费	手术收入	3.治疗类：(10)手术治疗费
HYN7Q339	腕部瘢痕/创面切除游离植皮术	HYN73302	腕部瘢痕切除游离植皮术			手术费	手术收入	3.治疗类：(10)手术治疗费
HYN7Q340	指/趾蹼瘢痕/创面切除植皮术	HYN89338	指/趾蹼瘢痕切除植皮术			手术费	手术收入	3.治疗类：(10)手术治疗费
HYN7Q341	指/趾瘢痕/创面切除植皮术	HYN89339	指/趾瘢痕切除植皮术			手术费	手术收入	3.治疗类：(10)手术治疗费
HYN7Q342	指蹼粘连/创面松解带蒂皮瓣转移术	HYN89324	指蹼粘连松解带蒂皮瓣转移术			手术费	手术收入	3.治疗类：(10)手术治疗费
HYN7Q343	指蹼粘连/创面松解游离皮瓣移植血管吻合术	HYN89325	指蹼粘连松解游离皮瓣移植血管吻合术			手术费	手术收入	3.治疗类：(10)手术治疗费
		HYN89302	全手切/削痂人工真皮移植术	331603036	全手切削痂植皮术	手术费	手术收入	3.治疗类：(10)手术治疗费
		HYN89303	全手切/削痂脱细胞真皮自体皮移植术			手术费	手术收入	3.治疗类：(10)手术治疗费
		HYN89305	手背切/削痂自体皮片移植术	331603037	手背切削痂植皮术	手术费	手术收入	3.治疗类：(10)手术治疗费
		HYN89306	手背切/削痂脱细胞真皮自体皮移植术			手术费	手术收入	3.治疗类：(10)手术治疗费
		HYN89307	手背切/削痂人工真皮移植术			手术费	手术收入	3.治疗类：(10)手术治疗费
				331521027	环指岛状皮瓣术	手术费	手术收入	3.治疗类：(10)手术治疗费
				331521025	掌骨间背动脉倒转皮瓣术	手术费	手术收入	3.治疗类：(10)手术治疗费
HYP7Q301	腘窝瘢痕/创面切除中厚植皮术	HYP89307	腘窝瘢痕切除中厚植皮术			手术费	手术收入	3.治疗类：(10)手术治疗费
HYP7Q302	膝部瘢痕/创面切除交腿皮瓣修复术	HYP89301	膝部瘢痕切除交腿皮瓣修复术			手术费	手术收入	3.治疗类：(10)手术治疗费
HYP7Q303	膝部创面扩创交腿肌皮瓣修复术	HYP89302	膝部扩创交腿肌皮瓣修复术			手术费	手术收入	3.治疗类：(10)手术治疗费
HYP7Q304	膝部创面扩创交腿皮瓣修复术	HYP89303	膝部扩创交腿皮瓣修复术			手术费	手术收入	3.治疗类：(10)手术治疗费
HYP7Q305	小腿瘢痕/创面切除交腿皮瓣修复术	HYP89304	小腿瘢痕切除交腿皮瓣修复术			手术费	手术收入	3.治疗类：(10)手术治疗费
HYP7Q306	小腿创面扩创交腿肌皮瓣修复术	HYP89305	小腿扩创交腿肌皮瓣修复术			手术费	手术收入	3.治疗类：(10)手术治疗费
HYP7Q307	小腿创面扩创交腿皮瓣修复术	HYP89306	小腿扩创交腿皮瓣修复术	331603040	小腿烧伤扩创交腿皮瓣修复术	手术费	手术收入	3.治疗类：(10)手术治疗费
		HYQ73301	鸡眼切除术	311400030	鸡眼刮除术	手术费	手术收入	3.治疗类：(10)手术治疗费
HYQ7P301	足部皮肤撕脱伤/创面带蒂皮瓣修复术					手术费	手术收入	3.治疗类：(10)手术治疗费
HYQ7P302	足部皮肤撕脱伤皮片移植修复术					手术费	手术收入	3.治疗类：(10)手术治疗费
HYQ7P303	足部皮肤撕脱伤/创面游离皮瓣修复术					手术费	手术收入	3.治疗类：(10)手术治疗费
HYQ7P304	足底缺损修复术	HYQ83304	足底缺损修复术	331604019	足底缺损修复术	手术费	手术收入	3.治疗类：(10)手术治疗费
HYQ7P305	足踝部瘢痕/创面切除交腿皮瓣修复术	HYQ83302	足踝部瘢痕切除交腿皮瓣修复术			手术费	手术收入	3.治疗类：(10)手术治疗费
HYQ7P306	足踝创面扩创交腿肌皮瓣修复术	HYQ83301	足踝部扩创交腿肌皮瓣修复术			手术费	手术收入	3.治疗类：(10)手术治疗费
HYQ7P307	足踝创面扩创交腿皮瓣修复术	HYQ83303	足踝部扩创交腿皮瓣修复术			手术费	手术收入	3.治疗类：(10)手术治疗费
HYQ7Q301	踝部瘢痕/创面切除中厚植皮术	HYQ89301	踝部瘢痕切除中厚植皮术			手术费	手术收入	3.治疗类：(10)手术治疗费
HYQ7Q302	足背瘢痕/创面切除中厚植皮术	HYQ89302	足背瘢痕切除中厚植皮术			手术费	手术收入	3.治疗类：(10)手术治疗费
HYQ7Q303	足部外伤皮肤缺损游离皮片移植术					手术费	手术收入	3.治疗类：(10)手术治疗费
HYQ7Q304	足部清创反取皮植皮术					手术费	手术收入	3.治疗类：(10)手术治疗费
HYQ7Q305	局部皮瓣转移足底缺损修复术	HYQ89303	局部皮瓣转移足底缺损修复术			手术费	手术收入	3.治疗类：(10)手术治疗费
HYQ7Q306	游离皮片移植足底缺损修复术	HYQ89304	游离皮片移植足底缺损修复术			手术费	手术收入	3.治疗类：(10)手术治疗费
HYQ7Q307	岛状瓣移植足底缺损修复术	HYQ89305	岛状瓣移植足底缺损修复术			手术费	手术收入	3.治疗类：(10)手术治疗费
HYQ7Q308	游离皮瓣移植足底缺损修复术	HYQ89306	游离皮瓣移植足底缺损修复术			手术费	手术收入	3.治疗类：(10)手术治疗费
HYQ7Q309	交腿皮瓣移植足底缺损修复术	HYQ89307	交腿皮瓣移植足底缺损修复术			手术费	手术收入	3.治疗类：(10)手术治疗费
				311400027	皮肤溃疡清创术	手术费	手术收入	3.治疗类：(10)手术治疗费
		HYR64301	扩张器取出术			手术费	手术收入	3.治疗类：(10)手术治疗费
HYR6A701	烧伤特殊备皮	HYR41701	烧伤特殊备皮	331603017	烧伤特殊备皮	手术费	手术收入	3.治疗类：(10)手术治疗费
HYR6D701	环钻皮肤活检术	FYR07701	环钻皮肤活检术	311400003	皮肤活检术	手术费	手术收入	3.治疗类：(10)手术治疗费
HYR6D702	切除皮肤活检术	FYR07702	切除皮肤活检术			手术费	手术收入	3.治疗类：(10)手术治疗费
HYR6J301	自体脂肪注射体表凹陷填充术	HYR62301	体表凹陷脂肪填充术			手术费	手术收入	3.治疗类：(10)手术治疗费
HYR6K301	皮肤扩张器置入术(小)	HYR62302	皮肤扩张器置入术(小)	331603045	皮肤扩张器置入术	手术费	手术收入	3.治疗类：(10)手术治疗费
HYR6K302	皮肤扩张器置入术(中)	HYR62303	皮肤扩张器置入术(中)			手术费	手术收入	3.治疗类：(10)手术治疗费
HYR6K303	皮肤扩张器置入术(大)	HYR62304	皮肤扩张器置入术(大)			手术费	手术收入	3.治疗类：(10)手术治疗费
HYR6L301	扩张器置换术	HYR66301	扩张器置换术			手术费	手术收入	3.治疗类：(10)手术治疗费
HYR6N301	体表液态人工材料取出术					手术费	手术收入	3.治疗类：(10)手术治疗费
HYR6N302	悬吊线取出术					手术费	手术收入	3.治疗类：(10)手术治疗费
HYR6P301	体表异物切开取出术	HYR65301	体表异物切开取出术	331602002	体表异物取出术	手术费	手术收入	3.治疗类：(10)手术治疗费
HYR6P302	脂肪抽吸术	HYR73314	脂肪抽吸术	331602008	脂肪抽吸术	手术费	手术收入	3.治疗类：(10)手术治疗费
HYR6P303	脂肪抽吸术-注射器法	HYR73315	脂肪抽吸术-注射器法			手术费	手术收入	3.治疗类：(10)手术治疗费
HYR6R301	体表脓肿切开引流术	HYR45302	体表脓肿切开引流术	331602001	脓肿切开引流术	手术费	手术收入	3.治疗类：(10)手术治疗费
HYR6U301	烧伤清创	HYR73301	烧伤清创术(小)	311400046	烧伤冲洗清创术(小)	手术费	手术收入	3.治疗类：(10)手术治疗费
HYR6U302	化学烧伤冲洗清创	HYR73304	化学烧伤冲洗清创术			手术费	手术收入	3.治疗类：(10)手术治疗费
HYR6U303	皮肤恶性肿物切除术	HYR73313	皮肤恶性肿物切除术	331602013	皮肤恶性肿瘤切除术	手术费	手术收入	3.治疗类：(10)手术治疗费
HYR6U304	烧伤磨痂术	HYR73319	烧伤磨痂术			手术费	手术收入	3.治疗类：(10)手术治疗费
HYR6U305	皮肤恶性肿物莫氏(Mohs)显微描记切除术	HYR99301	皮肤恶性肿物莫氏(Mohs)显微描记切除术			手术费	手术收入	3.治疗类：(10)手术治疗费
HYR6U306	体表肿物切除术(小)	HYR73310	体表肿物切除术(小)	331602004	浅表肿物切除术	手术费	手术收入	3.治疗类：(10)手术治疗费
HYR6U307	体表肿物切除术(中)	HYR73311	体表肿物切除术(中)			手术费	手术收入	3.治疗类：(10)手术治疗费
HYR6U308	体表肿物切除术(大)	HYR73312	体表肿物切除术(大)			手术费	手术收入	3.治疗类：(10)手术治疗费
HYR6U309	体表包裹性异物切除术	HYR65302	体表包裹性异物切除术			手术费	手术收入	3.治疗类：(10)手术治疗费
HYR6U310	肢体扩创术	HYR73308	肢体扩创术	331603002	烧伤扩创术	手术费	手术收入	3.治疗类：(10)手术治疗费
		HYR73303	烧伤清创术(大)	311400044	烧伤冲洗清创术(大)	手术费	手术收入	3.治疗类：(10)手术治疗费
		HYR73306	烧伤浸浴扩创术(中)	311400050	烧伤浸浴扩创术(中)	手术费	手术收入	3.治疗类：(10)手术治疗费
		HYR73307	烧伤浸浴扩创术(大)	311400049	烧伤浸浴扩创术(大)	手术费	手术收入	3.治疗类：(10)手术治疗费
HYR7B301	皮下气肿切开减压术	HYR56301	皮下气肿切开减压术	330703027	纵隔气肿切开减压术	手术费	手术收入	3.治疗类：(10)手术治疗费
HYR7C701	皮肤蹼状挛缩松解术					手术费	手术收入	3.治疗类：(10)手术治疗费
HYR7G301	皮肤牵张术					手术费	手术收入	3.治疗类：(10)手术治疗费
HYR7N702	瘢痕聚焦射频治疗					手术费	手术收入	3.治疗类：(10)手术治疗费
HYR7P301	扩张器取出+扩张皮瓣转移修复术(小)	HYR89320	扩张皮瓣转移修复术(小)	331603046	扩张器取出皮瓣移植术	手术费	手术收入	3.治疗类：(10)手术治疗费
HYR7P302	扩张器取出+扩张皮瓣转移修复术(中)	HYR89321	扩张皮瓣转移修复术(中)			手术费	手术收入	3.治疗类：(10)手术治疗费
HYR7P303	扩张器取出+扩张皮瓣转移修复术(大)	HYR89322	扩张皮瓣转移修复术(大)			手术费	手术收入	3.治疗类：(10)手术治疗费
HYR7P304	瘢痕切除修复术	HYR73318	瘢痕切除缝合术	331603047	烧伤瘢痕切除缝合术	手术费	手术收入	3.治疗类：(10)手术治疗费
HYR7P305	皮肤软组织埋线提升术					手术费	手术收入	3.治疗类：(10)手术治疗费
HYR7P306	躯干瘢痕切除局部整形术	HYR73317	躯干瘢痕切除局部整形术	331604001	瘢痕畸形矫正术	手术费	手术收入	3.治疗类：(10)手术治疗费
HYR7P307	慢性溃疡切除局部修复术	HYR73316	慢性溃疡切除局部修复术	331604002	慢性溃疡修复术	手术费	手术收入	3.治疗类：(10)手术治疗费
HYR7Q301	白癜风自体黑素细胞移植	HYR89314	白癜风自体黑素移植			手术费	手术收入	3.治疗类：(10)手术治疗费
HYR7Q302	白癜风皮肤移植术	HYR89315	白癜风皮肤移植术	311400017	白癜风皮肤移植术	手术费	手术收入	3.治疗类：(10)手术治疗费
HYR7Q303	瘢痕切除松解自体网状皮移植术	HYR89303	瘢痕切除松解自体网状皮移植术			手术费	手术收入	3.治疗类：(10)手术治疗费
HYR7Q304	瘢痕切除松解自体邮票皮移植术	HYR89304	瘢痕切除松解自体邮票皮移植术	331603026	自体皮移植术	手术费	手术收入	3.治疗类：(10)手术治疗费
HYR7Q305	瘢痕切除松解人工真皮移植术	HYR89305	瘢痕切除松解人工真皮移植术			手术费	手术收入	3.治疗类：(10)手术治疗费
HYR7Q306	瘢痕切除松解自体大张皮片移植术	HYR89306	瘢痕切除松解自体大张皮片移植术	331603026	自体皮移植术	手术费	手术收入	3.治疗类：(10)手术治疗费
HYR7Q307	瘢痕切除松解人工真皮自体皮移植术	HYR89307	瘢痕切除松解脱细胞真皮自体皮移植术			手术费	手术收入	3.治疗类：(10)手术治疗费
HYR7Q308	瘢痕皮回植术	HYR89311	瘢痕皮回植术			手术费	手术收入	3.治疗类：(10)手术治疗费
HYR7Q309	磨痂自体皮移植术	HYR89309	磨痂自体皮移植术	331603019	磨痂自体皮移植术	手术费	手术收入	3.治疗类：(10)手术治疗费
HYR7Q310	磨痂异体/种皮移植术	HYR89310	磨痂异体/种皮移植术			手术费	手术收入	3.治疗类：(10)手术治疗费
HYR7Q311	皮肤撕脱清创反鼓取皮回植术	HYR89312	皮肤撕脱清创反鼓取皮回植术	331603031	皮肤撕脱反取皮回植术	手术费	手术收入	3.治疗类：(10)手术治疗费
HYR7Q312	切/削痂异体/种真皮自体刃厚皮移植术	HYR89313	切/削痂异体/种真皮自体刃厚皮移植术			手术费	手术收入	3.治疗类：(10)手术治疗费
HYR7Q313	切/削痂微粒皮移植术	HYR89316	切/削痂自体微粒皮移植术	331603022	切(削)痂自体微粒皮移植术	手术费	手术收入	3.治疗类：(10)手术治疗费
HYR7Q314	切/削痂网状皮移植术	HYR89317	切/削痂网状自体皮移植术	331603023	切(削)痂网状自体皮移植术	手术费	手术收入	3.治疗类：(10)手术治疗费
HYR7Q315	切/削痂体外细胞培养皮肤细胞移植术	HYR89318	切/削痂体外细胞培养皮肤细胞移植术	331603024	体外细胞培养皮肤细胞移植术	手术费	手术收入	3.治疗类：(10)手术治疗费
HYR7Q316	切/削痂体外培养皮肤移植术	HYR89319	切/削痂体外培养皮肤细胞异体/种皮移植术			手术费	手术收入	3.治疗类：(10)手术治疗费
HYR7Q318	慢性溃疡切除局部组织瓣移植术	HYR89301	慢性溃疡切除局部组织瓣移植术			手术费	手术收入	3.治疗类：(10)手术治疗费
HYR7Q319	自/异体小块皮胶连移植术					手术费	手术收入	3.治疗类：(10)手术治疗费
HYR7Q320	慢性溃疡修复游离皮瓣移植术	HYR89302	慢性溃疡修复游离皮瓣移植术			手术费	手术收入	3.治疗类：(10)手术治疗费
HYR7Q701	瘢痕疙瘩切除皮瓣修复移植					手术费	手术收入	3.治疗类：(10)手术治疗费
HYR7S301	真皮脂肪切取术	HYR65304	真皮脂肪垫取出术			手术费	手术收入	3.治疗类：(10)手术治疗费
		HYR89308	焦痂开窗植皮术	331603020	焦痂开窗植皮术	手术费	手术收入	3.治疗类：(10)手术治疗费
HYS-HYU	3.附属器							
HYS7F301	瘢痕性脱发区缩小术	HYS83304	瘢痕性脱发区缩小术			手术费	手术收入	3.治疗类：(10)手术治疗费
HYS7P301	“八”字眉畸形矫正术	HYS83301	“八”字眉畸形矫正术	330409027	眉畸形矫正术	手术费	手术收入	3.治疗类：(10)手术治疗费
HYS7P302	眉移位畸形矫正术	HYS83302	眉移位畸形矫正术			手术费	手术收入	3.治疗类：(10)手术治疗费
HYS7P303	眉部分缺损修复术	HYS83303	眉部分缺损修复术	330409028	眉缺损修复术	手术费	手术收入	3.治疗类：(10)手术治疗费
HYS7Q301	眉毛游离皮瓣移植术	HYS89304	眉毛游离皮瓣移植术			手术费	手术收入	3.治疗类：(10)手术治疗费
HYS7Q302	眉毛带蒂皮瓣转移术	HYS89305	眉毛带蒂皮瓣转移术			手术费	手术收入	3.治疗类：(10)手术治疗费
HYS7Q303	头皮复合组织游离移植胡须再造术	HYS89310	头皮复合组织游离移植胡须再造术			手术费	手术收入	3.治疗类：(10)手术治疗费
HYS7Q304	颞浅动脉岛状头皮瓣胡须再造术	HYS89311	颞浅动脉岛状头皮瓣胡须再造术			手术费	手术收入	3.治疗类：(10)手术治疗费
HYS7Q305	睫毛移植术(FUTs法)	HYS89306	睫毛移植术			手术费	手术收入	3.治疗类：(10)手术治疗费
HYS7Q306	头皮游离移植睫毛再造术	HED89301	头皮游离移植睫毛再造术	330401010	游离植皮睑成形术	手术费	手术收入	3.治疗类：(10)手术治疗费
HYS7Q307	毛发移植眉缺损再造术	HYS89301	毛发移植眉缺损再造术			手术费	手术收入	3.治疗类：(10)手术治疗费
HYS7Q308	全厚头皮游离移植眉再造术	HYS89302	全厚头皮游离移植眉再造术			手术费	手术收入	3.治疗类：(10)手术治疗费
HYS7Q309	眉毛移植术(FUTs法)	HYS89307	眉毛移植术			手术费	手术收入	3.治疗类：(10)手术治疗费
HYS7Q310	眉下垂矫正术					手术费	手术收入	3.治疗类：(10)手术治疗费
HYS7Q311	头皮游离移植眉再造术					手术费	手术收入	3.治疗类：(10)手术治疗费
		HYS89303	颞浅动脉岛状瓣转移眉缺损修复再造术	330409028	眉缺损修复术	手术费	手术收入	3.治疗类：(10)手术治疗费
HYT7G301	甲床延长术					手术费	手术收入	3.治疗类：(10)手术治疗费
HYT7P301	指甲修复术			331604018	指甲成形术	手术费	手术收入	3.治疗类：(10)手术治疗费
HYT7Q301	甲床移植缝合术	HYT89301	甲床移植缝合术			手术费	手术收入	3.治疗类：(10)手术治疗费
HYU6U301	腋臭切除术	HYU73301	腋臭切除术	331602011	腋臭切除术	手术费	手术收入	3.治疗类：(10)手术治疗费
HYU6U302	小切口腋臭切除术	HYU73302	小切口腋臭切除术			手术费	手术收入	3.治疗类：(10)手术治疗费
HYV7J301	皮管断蒂术	HYV89307	皮管断蒂术			手术费	手术收入	3.治疗类：(10)手术治疗费
HYV7P301	皮管成形术	HYV83301	皮管成形术			手术费	手术收入	3.治疗类：(10)手术治疗费
HYV7Q301	扩创培养表皮移植术	HYV89323	扩创体外细胞培养皮肤细胞移植术			手术费	手术收入	3.治疗类：(10)手术治疗费
HYV7Q302	扩创异体/种真皮自体刃厚皮移植术	HYV89317	扩创异体/种真皮自体刃厚皮移植术			手术费	手术收入	3.治疗类：(10)手术治疗费
HYV7Q303	带毛囊游离皮肤移植术	HYV89319	带毛囊游离皮肤移植术	331603028	带毛囊游离皮肤移植术	手术费	手术收入	3.治疗类：(10)手术治疗费
HYV7Q304	慢性溃疡切除植皮术	HYV89305	慢性溃疡切除植皮术			手术费	手术收入	3.治疗类：(10)手术治疗费
HYV7Q305	游离植皮术(小)	HYV89301	游离植皮术(小)			手术费	手术收入	3.治疗类：(10)手术治疗费
HYV7Q306	游离植皮术(中)	HYV89302	游离植皮术(中)			手术费	手术收入	3.治疗类：(10)手术治疗费
HYV7Q307	游离植皮术(大)	HYV89303	游离植皮术(大)			手术费	手术收入	3.治疗类：(10)手术治疗费
HYV7Q308	游离植皮术(特大)	HYV89304	游离植皮术(特大)			手术费	手术收入	3.治疗类：(10)手术治疗费
HYV7Q309	烧伤/创面清创异体/种皮覆盖术	HYV89308	烧伤清创异体/种皮覆盖术	331603025	烧伤肉芽创面扩创植皮术	手术费	手术收入	3.治疗类：(10)手术治疗费
HYV7Q310	异体/种皮打洞自体皮嵌植术	HYV89320	异体/种皮打洞自体皮嵌植术	331603021	异体皮打洞嵌植自体皮术	手术费	手术收入	3.治疗类：(10)手术治疗费
HYV7Q311	扩创全厚皮片移植术	HYV89312	扩创游离全厚皮片移植术			手术费	手术收入	3.治疗类：(10)手术治疗费
HYV7Q312	切/削痂全厚皮片移植术	HYV89316	切/削痂游离全厚皮片移植术	331603030	游离皮片移植术	手术费	手术收入	3.治疗类：(10)手术治疗费
HYV7Q313	扩创刃厚皮片移植术	HYV89309	扩创游离刃厚皮片移植术			手术费	手术收入	3.治疗类：(10)手术治疗费
HYV7Q314	切/削痂刃厚皮片移植术	HYV89313	切/削痂游离刃厚皮片移植术			手术费	手术收入	3.治疗类：(10)手术治疗费
HYV7Q315	扩创网状皮移植术	HYV89322	扩创网状自体皮移植术			手术费	手术收入	3.治疗类：(10)手术治疗费
HYV7Q316	扩创微粒皮移植术	HYV89321	扩创自体微粒皮移植术			手术费	手术收入	3.治疗类：(10)手术治疗费
HYV7Q317	异体/种皮移植术	HYV89318	异体/种皮移植术	331603027	异体皮移植术	手术费	手术收入	3.治疗类：(10)手术治疗费
HYV7Q318	扩创邮票皮片移植术	HYV89310	扩创自体邮票皮片移植术			手术费	手术收入	3.治疗类：(10)手术治疗费
HYV7Q319	切/削痂邮票皮片移植术	HYV89314	切/削痂自体邮票皮片移植术			手术费	手术收入	3.治疗类：(10)手术治疗费
HYV7Q320	真皮下血管网皮肤游离移植术	HYV89306	真皮下血管网皮肤游离移植术	331519015	手部带真皮下血管网皮肤移植术	手术费	手术收入	3.治疗类：(10)手术治疗费
HYV7Q321	扩创中厚皮片移植术	HYV89311	扩创游离中厚皮片移植术			手术费	手术收入	3.治疗类：(10)手术治疗费
HYV7Q322	切/削痂中厚皮片移植术	HYV89315	切/削痂游离中厚皮片移植术			手术费	手术收入	3.治疗类：(10)手术治疗费
HYV7S301	取皮术	HYV60301	取皮术	331603011	取皮术	手术费	手术收入	3.治疗类：(10)手术治疗费
HYV7S302	断层取皮术	HYV60302	断层取皮术			手术费	手术收入	3.治疗类：(10)手术治疗费
HYV7S303	全厚皮切取术	HYV60303	全厚皮切取术			手术费	手术收入	3.治疗类：(10)手术治疗费
HYV7S304	带真皮下血管网游离皮片切取术	HYV60304	带真皮下血管网游离皮片切取术	331603029	带真皮血管网游离皮片切取术	手术费	手术收入	3.治疗类：(10)手术治疗费
HYW6E301	皮瓣探查术					手术费	手术收入	3.治疗类：(10)手术治疗费
HYW7J301	带蒂皮瓣二期断蒂术	HYW60301	带蒂皮瓣二期断蒂术	330606037	带蒂皮瓣二期断蒂术	手术费	手术收入	3.治疗类：(10)手术治疗费
HYW7J302	带蒂皮瓣/管断蒂术	HYW60302	带蒂皮瓣/管断蒂术			手术费	手术收入	3.治疗类：(10)手术治疗费
HYW7P301	岛状皮瓣成形术	HYW88310	岛状皮瓣成形术			手术费	手术收入	3.治疗类：(10)手术治疗费
HYW7P302	皮下蒂皮瓣转移整复术					手术费	手术收入	3.治疗类：(10)手术治疗费
HYW7P303	Z字成形术	HYW83301	Z字成形术			手术费	手术收入	3.治疗类：(10)手术治疗费
HYW7P304	皮瓣修整术	HYW60305	皮瓣修整术			手术费	手术收入	3.治疗类：(10)手术治疗费
HYW7P305	皮瓣延迟术	HYW83302	皮瓣延迟术	330606038	皮瓣肌皮瓣延迟术	手术费	手术收入	3.治疗类：(10)手术治疗费
HYW7P306	AT皮瓣转移整复术					手术费	手术收入	3.治疗类：(10)手术治疗费
HYW7P307	旋转皮瓣转移整复术					手术费	手术收入	3.治疗类：(10)手术治疗费
HYW7Q301	带蒂复合组织瓣移植术	HYW88302	带蒂复合组织瓣移植术	331519014	带蒂复合组织瓣成形术	手术费	手术收入	3.治疗类：(10)手术治疗费
HYW7Q302	带蒂皮瓣转移术	HYW88305	带蒂皮瓣转移术			手术费	手术收入	3.治疗类：(10)手术治疗费
HYW7Q303	带血管蒂组织瓣移位修复术	HYW88306	带血管蒂组织瓣移位修复术			手术费	手术收入	3.治疗类：(10)手术治疗费
HYW7Q304	真皮下血管网皮瓣带蒂转移术	HYW88303	真皮下血管网皮瓣带蒂转移术			手术费	手术收入	3.治疗类：(10)手术治疗费
HYW7Q305	局部皮瓣移植术	HYW89301	局部皮瓣移植术	331604024	任意皮瓣形成术	手术费	手术收入	3.治疗类：(10)手术治疗费
HYW7Q306	预构扩张皮瓣Ⅰ期转移术	HYW88307	预构扩张皮瓣Ⅰ期转移术			手术费	手术收入	3.治疗类：(10)手术治疗费
HYW7Q307	预构扩张皮瓣Ⅱ期转移术	HYW88308	预构扩张皮瓣Ⅱ期转移术			手术费	手术收入	3.治疗类：(10)手术治疗费
HYW7Q308	预构扩张皮瓣转移修复术	HYW88309	预构扩张皮瓣转移修复术			手术费	手术收入	3.治疗类：(10)手术治疗费
HYW7Q309	邻位皮瓣移植术	HYW89302	邻位皮瓣移植术	331604024	任意皮瓣形成术	手术费	手术收入	3.治疗类：(10)手术治疗费
HYW7Q310	吻合血管的皮瓣移植术	HYW88304	吻合血管皮瓣移植术			手术费	手术收入	3.治疗类：(10)手术治疗费
HYW7Q311	远位皮瓣移植术	HYW89303	远位皮瓣移植术			手术费	手术收入	3.治疗类：(10)手术治疗费
HYW7Q312	游离皮瓣移植术	HYW89305	游离皮瓣移植术	331604028	游离皮瓣切取移植术	手术费	手术收入	3.治疗类：(10)手术治疗费
HYW7Q313	轴型皮瓣移植术	HYW89304	轴型皮瓣移植术	331604025	轴型组织瓣形成术	手术费	手术收入	3.治疗类：(10)手术治疗费
HYW7S301	带穿支超薄皮瓣切取术	HYW60303	带穿支超薄皮瓣切取术			手术费	手术收入	3.治疗类：(10)手术治疗费
HYW7S302	带血运骨皮瓣切取术	HYW60304	带血运骨皮瓣切取术	331604033	带血运骨皮瓣切取移植术	手术费	手术收入	3.治疗类：(10)手术治疗费
		HYW88301	带蒂轴型皮瓣转移术	331604032	带蒂轴型皮瓣切取移植术	手术费	手术收入	3.治疗类：(10)手术治疗费
HYX6U301	橡皮肿病变组织部分切除术	HYX73301	橡皮肿病变组织部分切除术			手术费	手术收入	3.治疗类：(10)手术治疗费
HYX6U302	区域病变组织切除术(Homans-Macey手术)	HYX73302	区域病变组织切除术(Homans-Macey手术)			手术费	手术收入	3.治疗类：(10)手术治疗费
HYX7G301	筋膜延长术					手术费	手术收入	3.治疗类：(10)手术治疗费
HYX7Q301	带蒂肌瓣移植术	HYX89305	带蒂肌瓣移植术	331604031	带蒂肌瓣切取移植术	手术费	手术收入	3.治疗类：(10)手术治疗费
HYX7Q302	带蒂肌皮瓣转移术	HYX89304	带蒂肌皮瓣转移术	331604030	带蒂肌皮瓣切取移植术	手术费	手术收入	3.治疗类：(10)手术治疗费
HYX7Q303	复合组织游离移植术	HYX89306	复合组织游离移植术	331519013	复合组织游离移植	手术费	手术收入	3.治疗类：(10)手术治疗费
HYX7Q304	吻合血管的复合组织瓣移植术	HYX89309	显微镜下吻合血管复合组织移植术			手术费	手术收入	3.治疗类：(10)手术治疗费
HYX7Q305	吻合血管的肌瓣移植术	HYX89301	吻合血管肌肉瓣移植术			手术费	手术收入	3.治疗类：(10)手术治疗费
HYX7Q306	吻合血管的筋膜瓣移植术	HYX89302	吻合血管筋膜瓣移植术	331604029	带蒂筋膜瓣切取移植术	手术费	手术收入	3.治疗类：(10)手术治疗费
HYX7Q307	筋膜组织瓣切取移植术	HYX89303	筋膜组织瓣移植术	331604026	筋膜组织瓣形成术	手术费	手术收入	3.治疗类：(10)手术治疗费
HYX7Q308	橡皮肿病变组织切除中厚皮片移植术	HYX89307	橡皮肿病变组织切除中厚皮片移植术	331604020	橡皮肿整形术	手术费	手术收入	3.治疗类：(10)手术治疗费
HYX7Q309	区域病变组织切除真皮包埋术(Thompson手术)	HYX89308	区域病变组织切除真皮包埋术(Thompson手术)			手术费	手术收入	3.治疗类：(10)手术治疗费
HYX7S301	阔筋膜切取术	HYX60301	阔筋膜切取术	331604027	阔筋膜切取术	手术费	手术收入	3.治疗类：(10)手术治疗费
HYX7S501	经内窥镜组织瓣切取术	HYX60501	内窥镜下组织瓣切取术			手术费	手术收入	3.治疗类：(10)手术治疗费
HZX6K201	中枢靶控系统置入镇痛术					手术费	手术收入	3.治疗类：(10)手术治疗费
		HBG48301	侧脑室连续镇痛术	330100009	侧脑室连续镇痛	手术费	手术收入	3.治疗类：(10)手术治疗费
HZX6P601	经自然腔道取出外科标本术					手术费	手术收入	3.治疗类：(10)手术治疗费
HZX7N201	经皮穿刺肿瘤多靶点消融术					手术费	手术收入	3.治疗类：(10)手术治疗费
K	七、临床非手术治疗							
KB-KC	(一)神经系统							
KBA3N101	经储液囊穿刺脑脊液引流术					治疗费	治疗收入	3.治疗类：(9)非手术治疗项目费
KBA3N102	脑脊液引流术					治疗费	治疗收入	3.治疗类：(9)非手术治疗项目费
KBA3P101	脑脊液置换术	HBA66101	脑脊液置换术	330204020	脑脊液置换术	治疗费	治疗收入	3.治疗类：(9)非手术治疗项目费
KBA6B101	白血病化疗药物鞘内注射	HNA48101	白血病化疗药物鞘内注射	311300010	鞘内注射	治疗费	治疗收入	3.治疗类：(9)非手术治疗项目费
KBB6Q101	新生儿硬脑膜下穿刺术	FBB06101	新生儿硬脑膜下穿刺术	310100019	硬脑膜下穿刺术	治疗费	治疗收入	3.治疗类：(9)非手术治疗项目费
KBC1J701	术中皮层电刺激脑功能区定位	FBC03708	皮层电刺激脑功能区定位			治疗费	治疗收入	3.治疗类：(9)非手术治疗项目费
KBC1J702	头颅磁刺激语言功能区定位	FBC01701	经颅磁刺激语言功能区定位			治疗费	治疗收入	3.治疗类：(9)非手术治疗项目费
KBC4K701	经颅磁刺激治疗	FBC03716	经颅磁刺激诊断(TMS)			治疗费	治疗收入	3.治疗类：(9)非手术治疗项目费
KBC4K702	无创脑损伤目标体温控制					治疗费	治疗收入	3.治疗类：(9)非手术治疗项目费
KBG6Q101	新生儿侧脑室穿刺术	HBG45101	新生儿侧脑室穿刺术	311202013	新生儿囟门穿刺术	治疗费	治疗收入	3.治疗类：(9)非手术治疗项目费
KBH6B201	经皮穿刺脑血管腔内化疗术	HBH48201	经皮穿刺脑血管腔内化疗术	320600006	经皮穿刺脑血管腔内化疗术	治疗费	治疗收入	3.治疗类：(9)非手术治疗项目费
KBJ6B201	经皮超选择脑动脉灌注溶栓术	HBJ72201	超选择脑动脉灌注溶栓术	320600005	经皮穿刺脑血管腔内溶栓术	治疗费	治疗收入	3.治疗类：(9)非手术治疗项目费
KBJ6B202	经皮超选择脑动脉接触性溶栓术	HBJ72202	超选择脑动脉接触性溶栓术			治疗费	治疗收入	3.治疗类：(9)非手术治疗项目费
KBM6B201	经皮脑静脉系统血栓间接溶栓术	HBM72201	脑静脉系统血栓间接溶栓术			治疗费	治疗收入	3.治疗类：(9)非手术治疗项目费
KBM6B202	经皮超选择脑静脉窦接触性溶栓术	HBM72202	超选择脑静脉窦接触性溶栓术			治疗费	治疗收入	3.治疗类：(9)非手术治疗项目费
KBM6Q201	经皮穿刺选择性岩下窦静脉取血术	HBM60201	经皮穿刺选择性岩下窦静脉取血术			治疗费	治疗收入	3.治疗类：(9)非手术治疗项目费
KBQ3M101	经皮穿刺骶管单次阻滞镇痛术	HBQ48101	骶管单次阻滞镇痛术	330100003	椎管内麻醉	治疗费	治疗收入	3.治疗类：(9)非手术治疗项目费
KBQ3M102	经皮穿刺骶管连续阻滞镇痛术	HBQ48102	骶管连续阻滞镇痛术			治疗费	治疗收入	3.治疗类：(9)非手术治疗项目费
KBQ3M103	经皮穿刺内脏神经丛阻滞镇痛术	HAL48101	内脏神经丛单次阻滞镇痛术	311300009	神经丛封闭术	治疗费	治疗收入	3.治疗类：(9)非手术治疗项目费
KBQ3M106	经皮穿刺椎管内麻醉分娩镇痛					治疗费	治疗收入	3.治疗类：(9)非手术治疗项目费
KBQ6B101	经皮穿刺椎管内医用臭氧注射镇痛术					治疗费	治疗收入	3.治疗类：(9)非手术治疗项目费
KBQ3M104	经皮穿刺内脏神经丛连续阻滞镇痛术	HAL48102	内脏神经丛连续阻滞镇痛术	330100010	硬膜外连续镇痛	治疗费	治疗收入	3.治疗类：(9)非手术治疗项目费
KBQ3M105	经皮穿刺胸部硬膜外单次阻滞镇痛术	HBR48103	胸部硬膜外单次阻滞镇痛术			治疗费	治疗收入	3.治疗类：(9)非手术治疗项目费
KBR3M101	经皮穿刺颈部硬膜外单次阻滞镇痛术	HBR48101	颈部硬膜外单次阻滞镇痛术			治疗费	治疗收入	3.治疗类：(9)非手术治疗项目费
KBR3M102	经皮穿刺颈部硬膜外连续阻滞镇痛术	HBR48102	颈部硬膜外连续阻滞镇痛术	330100010	硬膜外连续镇痛	治疗费	治疗收入	3.治疗类：(9)非手术治疗项目费
KBR3M103	经皮穿刺胸部硬膜外连续阻滞镇痛术	HBR48104	胸部硬膜外连续阻滞镇痛术			治疗费	治疗收入	3.治疗类：(9)非手术治疗项目费
KBR3M104	经皮穿刺腰部硬膜外单次阻滞镇痛术	HBR48105	腰部硬膜外单次阻滞镇痛术			治疗费	治疗收入	3.治疗类：(9)非手术治疗项目费
KBR3M105	经皮穿刺蛛网膜下腔神经阻滞镇痛术	HBR48107	蛛网膜下腔神经阻滞镇痛术	330100003	椎管内麻醉	治疗费	治疗收入	3.治疗类：(9)非手术治疗项目费
		HCS48103	肩岬上神经阻滞镇痛术	330100002	神经阻滞麻醉	治疗费	治疗收入	3.治疗类：(9)非手术治疗项目费
		HCS48104	腋神经阻滞镇痛术			治疗费	治疗收入	3.治疗类：(9)非手术治疗项目费
		HCS48105	尺神经阻滞镇痛术			治疗费	治疗收入	3.治疗类：(9)非手术治疗项目费
		HCS48106	正中神经阻滞镇痛术	330100002	神经阻滞麻醉	治疗费	治疗收入	3.治疗类：(9)非手术治疗项目费
		HCS48107	桡神经阻滞镇痛术			治疗费	治疗收入	3.治疗类：(9)非手术治疗项目费
KBR3M106	蛛网膜下腔注药术	HBR48108	蛛网膜下腔注药			治疗费	治疗收入	3.治疗类：(9)非手术治疗项目费
KBZ3G701	电极置入术后程控调试					治疗费	治疗收入	3.治疗类：(9)非手术治疗项目费
KCF3M101	眶上神经封闭术	HCF48301	眶上神经封闭术	310300096	眶上神经封闭	治疗费	治疗收入	3.治疗类：(9)非手术治疗项目费
KCF3M102	经皮穿刺三叉神经干阻滞镇痛术	HCF48101	经皮穿刺三叉神经干阻滞镇痛术	330202004	三叉神经干鞘膜内注射术	治疗费	治疗收入	3.治疗类：(9)非手术治疗项目费
		HCF48102	经皮穿刺三叉神经末梢阻滞镇痛术			治疗费	治疗收入	3.治疗类：(9)非手术治疗项目费
KCH3M101	经皮穿刺蝶腭神经阻滞镇痛术	HCH48101	经皮穿刺蝶腭神经阻滞镇痛术			治疗费	治疗收入	3.治疗类：(9)非手术治疗项目费
KCH3M102	经皮穿刺面神经阻滞镇痛术	HCH48102	面神经阻滞镇痛术	330100002	神经阻滞麻醉	治疗费	治疗收入	3.治疗类：(9)非手术治疗项目费
KCH4J701	面神经功能训练	KCH19901	面神经功能训练	310515006	面神经功能训练	治疗费	治疗收入	3.治疗类：(9)非手术治疗项目费
KCK3M101	经皮穿刺舌咽神经阻滞镇痛术	HCK48101	舌咽神经阻滞镇痛术			治疗费	治疗收入	3.治疗类：(9)非手术治疗项目费
KCL3M101	喉返神经封闭术	HCL48102	喉返神经封闭术	310403016	咽部特殊治疗	治疗费	治疗收入	3.治疗类：(9)非手术治疗项目费
				330601006	鼻部神经封闭术	治疗费	治疗收入	3.治疗类：(9)非手术治疗项目费
KCL3M102	经皮穿刺喉上神经阻滞镇痛术	HCL48101	喉上神经阻滞镇痛术	310403015	喉上神经封闭术	治疗费	治疗收入	3.治疗类：(9)非手术治疗项目费
KCM3M101	经皮穿刺副神经阻滞镇痛术	HCM48101	副神经阻滞镇痛术			治疗费	治疗收入	3.治疗类：(9)非手术治疗项目费
KCP3M101	经皮穿刺脊神经阻滞镇痛术	HCP48101	脊神经阻滞镇痛术			治疗费	治疗收入	3.治疗类：(9)非手术治疗项目费
KCP3M102	经皮穿刺颈椎椎间孔神经阻滞镇痛术	HCP48103	经皮颈椎椎间孔神经阻滞镇痛术			治疗费	治疗收入	3.治疗类：(9)非手术治疗项目费
KCP3M103	经皮穿刺腰椎横突阻滞镇痛术					治疗费	治疗收入	3.治疗类：(9)非手术治疗项目费
KCP3M104	经皮穿刺椎旁神经单次阻滞镇痛术	HCP48105	椎旁神经单次阻滞镇痛术			治疗费	治疗收入	3.治疗类：(9)非手术治疗项目费
KCP6B101	椎旁神经阻滞术	HCP48106	椎旁神经连续阻滞镇痛术			治疗费	治疗收入	3.治疗类：(9)非手术治疗项目费
KCP7B101	经皮穿刺骶神经囊肿治疗	HCP73101	经皮穿刺骶神经囊肿治疗	330204018	经皮穿刺骶神经囊肿治疗术	治疗费	治疗收入	3.治疗类：(9)非手术治疗项目费
KCQ3M101	经皮穿刺颈7-胸2神经根阻滞镇痛术	HCQ48101	颈7-胸2神经根阻滞镇痛术			治疗费	治疗收入	3.治疗类：(9)非手术治疗项目费
KCQ3M102	经皮穿刺颈脊神经后支阻滞镇痛术	HCP48102	颈脊神经阻滞镇痛术			治疗费	治疗收入	3.治疗类：(9)非手术治疗项目费
KCQ3M103	经皮穿刺胸脊神经根阻滞镇痛术	HCQ48102	经皮穿刺胸椎间孔胸脊神经根阻滞镇痛术			治疗费	治疗收入	3.治疗类：(9)非手术治疗项目费
KCQ3M104	经皮穿刺腰脊神经根阻滞镇痛术	HCQ48103	经皮穿刺经腰椎间孔腰脊神经根阻滞镇痛术			治疗费	治疗收入	3.治疗类：(9)非手术治疗项目费
KCQ3M105	经皮穿刺腰脊神经后支阻滞镇痛术	HCQ48105	腰脊神经后支阻滞术	330100002	神经阻滞麻醉	治疗费	治疗收入	3.治疗类：(9)非手术治疗项目费
		HCQ48104	腰脊神经根阻滞镇痛术			治疗费	治疗收入	3.治疗类：(9)非手术治疗项目费
KCR3M101	经皮穿刺耳大神经阻滞镇痛术	HCR48103	耳大神经阻滞镇痛术	310401047	耳神经阻滞	治疗费	治疗收入	3.治疗类：(9)非手术治疗项目费
KCR3M102	经皮穿刺膈神经阻滞镇痛术	HCR48104	膈神经阻滞镇痛术			治疗费	治疗收入	3.治疗类：(9)非手术治疗项目费
KCR3M103	经皮穿刺颈丛神经阻滞镇痛术	HCR48101	颈丛神经阻滞镇痛术			治疗费	治疗收入	3.治疗类：(9)非手术治疗项目费
KCR3M104	经皮穿刺枕神经阻滞镇痛术	HCR48102	枕神经阻滞镇痛术			治疗费	治疗收入	3.治疗类：(9)非手术治疗项目费
KCS3M101	经皮穿刺臂丛神经单次阻滞镇痛术	HCS48101	臂丛神经单次阻滞镇痛术	330100002	神经阻滞麻醉	治疗费	治疗收入	3.治疗类：(9)非手术治疗项目费
KCS3M102	经皮穿刺臂丛神经连续阻滞镇痛术	HCS48102	臂丛神经连续阻滞镇痛术			治疗费	治疗收入	3.治疗类：(9)非手术治疗项目费
KCS3M103	经皮穿刺上肢周围神经干阻滞镇痛术	HCS48108	指间神经阻滞镇痛术			治疗费	治疗收入	3.治疗类：(9)非手术治疗项目费
KCT3M101	经皮穿刺肋间神经阻滞镇痛术	HCT48101	肋间神经阻滞镇痛术			治疗费	治疗收入	3.治疗类：(9)非手术治疗项目费
KCT3M102	经皮穿刺胸脊神经后支阻滞镇痛术	HCP48104	胸脊神经阻滞镇痛术			治疗费	治疗收入	3.治疗类：(9)非手术治疗项目费
KCU3M101	经皮穿刺闭孔神经阻滞镇痛术	HCU48105	闭孔神经阻滞镇痛术			治疗费	治疗收入	3.治疗类：(9)非手术治疗项目费
KCU3M102	经皮穿刺股外侧皮神经单次阻滞镇痛术	HCU48103	股外侧皮神经单次阻滞镇痛术			治疗费	治疗收入	3.治疗类：(9)非手术治疗项目费
KCU3M103	经皮穿刺股外侧皮神经连续阻滞镇痛术	HCU48104	股外侧皮神经连续阻滞镇痛术			治疗费	治疗收入	3.治疗类：(9)非手术治疗项目费
KCU3M104	经皮穿刺腰丛神经单次阻滞镇痛术	HCU48101	腰丛神经单次阻滞镇痛术			治疗费	治疗收入	3.治疗类：(9)非手术治疗项目费
KCU3M105	经皮穿刺腰丛神经连续阻滞镇痛术	HCU48102	腰丛神经连续阻滞镇痛术			治疗费	治疗收入	3.治疗类：(9)非手术治疗项目费
KCU3M106	经皮穿刺腰骶神经丛阻滞镇痛术	HCU48108	腰骶神经丛阻滞镇痛术	311300009	神经丛封闭术	治疗费	治疗收入	3.治疗类：(9)非手术治疗项目费
		HCU48106	股神经单次阻滞镇痛术			治疗费	治疗收入	3.治疗类：(9)非手术治疗项目费
		HCU48107	股神经连续阻滞镇痛术			治疗费	治疗收入	3.治疗类：(9)非手术治疗项目费
KCV3M101	经皮穿刺臀上皮神经阻滞镇痛术	HCV48103	臀上皮神经阻滞镇痛术			治疗费	治疗收入	3.治疗类：(9)非手术治疗项目费
KCV3M102	经皮穿刺下肢周围神经干阻滞镇痛术	HCV48101	下肢周围神经干阻滞镇痛术	311300008	周围神经封闭术	治疗费	治疗收入	3.治疗类：(9)非手术治疗项目费
KCV3M103	经皮穿刺坐骨神经单次阻滞镇痛术	HCV48104	坐骨神经单次阻滞镇痛术	311300007	神经根封闭术	治疗费	治疗收入	3.治疗类：(9)非手术治疗项目费
KCV3M104	经皮穿刺坐骨神经连续阻滞镇痛术	HCV48105	坐骨神经连续阻滞镇痛术			治疗费	治疗收入	3.治疗类：(9)非手术治疗项目费
		HCV48102	腰大肌肌间沟神经阻滞镇痛术			治疗费	治疗收入	3.治疗类：(9)非手术治疗项目费
		HCV48106	腘窝入路胫神经单次阻滞镇痛术			治疗费	治疗收入	3.治疗类：(9)非手术治疗项目费
		HCV48107	腘窝入路胫神经连续阻滞镇痛术			治疗费	治疗收入	3.治疗类：(9)非手术治疗项目费
		HCV48108	腓总神经阻滞镇痛术			治疗费	治疗收入	3.治疗类：(9)非手术治疗项目费
KCW3M101	经皮穿刺交感神经阻滞镇痛术	HCW48101	交感神经阻滞镇痛术			治疗费	治疗收入	3.治疗类：(9)非手术治疗项目费
KCW3M102	经皮穿刺颈交感神经阻滞镇痛术					治疗费	治疗收入	3.治疗类：(9)非手术治疗项目费
KCW3M103	经皮穿刺奇神经节阻滞镇痛术	HCW48103	经皮穿刺奇神经节注射术			治疗费	治疗收入	3.治疗类：(9)非手术治疗项目费
KCW3M104	经皮穿刺星状神经节阻滞镇痛术	HCW48102	星状神经节阻滞镇痛术			治疗费	治疗收入	3.治疗类：(9)非手术治疗项目费
KCW3M105	经皮穿刺胸交感神经节阻滞镇痛术	HCW48104	胸交感神经节阻滞镇痛术			治疗费	治疗收入	3.治疗类：(9)非手术治疗项目费
KCW3M106	经皮穿刺腰交感神经节阻滞镇痛术	HCW48105	腰交感神经节阻滞镇痛术			治疗费	治疗收入	3.治疗类：(9)非手术治疗项目费
KCW3M601	经超声胃镜腹腔神经丛阻滞镇痛术					治疗费	治疗收入	3.治疗类：(9)非手术治疗项目费
KCW7N101	经皮穿刺腹腔神经丛化学毁损术	HCW72108	经皮穿刺腹腔神经丛化学毁损术			治疗费	治疗收入	3.治疗类：(9)非手术治疗项目费
KCW7N102	交感神经毁损术	HCW72103	交感神经毁损术	310100034	交感神经节毁损术	治疗费	治疗收入	3.治疗类：(9)非手术治疗项目费
KCW7N104	经皮穿刺腰交感神经节/链化学毁损术	HCW72107	经皮穿刺腰交感神经节/链化学毁损术			治疗费	治疗收入	3.治疗类：(9)非手术治疗项目费
		HCW48106	腹腔神经丛阻滞镇痛术			治疗费	治疗收入	3.治疗类：(9)非手术治疗项目费
KCX3M101	经皮穿刺神经根连续阻滞镇痛术					治疗费	治疗收入	3.治疗类：(9)非手术治疗项目费
KCZ1J701	神经刺激器引导下神经定位	HCZ43701	神经刺激器引导下神经定位			治疗费	治疗收入	3.治疗类：(9)非手术治疗项目费
KD	(二)内分泌系统							
KDB3M101	垂体激素泵持续皮下注射促性腺激素释放激素					治疗费	治疗收入	3.治疗类：(9)非手术治疗项目费
KDC3D701	甲状腺移植细胞培养	HDC23701	甲状腺移植细胞培养			治疗费	治疗收入	3.治疗类：(9)非手术治疗项目费
KDC7N101	超声引导下甲状腺肿瘤射频消融术					治疗费	治疗收入	3.治疗类：(9)非手术治疗项目费
KDD3D701	甲状旁腺移植细胞培养制备	HDD23701	甲状旁腺移植细胞培养制备			治疗费	治疗收入	3.治疗类：(9)非手术治疗项目费
KDD7N301	甲状旁腺消融术					治疗费	治疗收入	3.治疗类：(9)非手术治疗项目费
KDE3E101	连续动态血糖监测仪安装术					治疗费	治疗收入	3.治疗类：(9)非手术治疗项目费
KDE3E301	胰岛素泵安装术	HDE62301	胰岛素泵安装术			治疗费	治疗收入	3.治疗类：(9)非手术治疗项目费
KDE3M101	胰岛素泵持续皮下注射胰岛素	HDE48102	胰岛素泵持续皮下注射胰岛素	310208001	胰岛素泵持续皮下注射胰岛素	治疗费	治疗收入	3.治疗类：(9)非手术治疗项目费
KDE3M102	胰岛素皮下注射	HDE48101	胰岛素皮下注射			治疗费	治疗收入	3.治疗类：(9)非手术治疗项目费
				311503007	胰岛素低血糖和休克治疗	治疗费	治疗收入	3.治疗类：(9)非手术治疗项目费
KDF7N101	经皮肾上腺病损消融术					治疗费	治疗收入	3.治疗类：(9)非手术治疗项目费
KE	(三)眼部							
KEA3C701	义眼制作					治疗费	治疗收入	3.治疗类：(9)非手术治疗项目费
KEA3C702	义眼片(球)治疗	HEA25703	义眼治疗			治疗费	治疗收入	3.治疗类：(9)非手术治疗项目费
KEA3G701	低视力助视器验配	KEA25701	低视力助视器验配	310300032	低视力助视器试验	治疗费	治疗收入	3.治疗类：(9)非手术治疗项目费
KEA3M701	干眼熏蒸治疗					治疗费	治疗收入	3.治疗类：(9)非手术治疗项目费
KEA4J901	双眼单视功能训练	KEA19901	双眼单视功能训练	310300107	双眼单视功能训练	治疗费	治疗收入	3.治疗类：(9)非手术治疗项目费
KEA4J902	视轴矫正训练					治疗费	治疗收入	3.治疗类：(9)非手术治疗项目费
KEA4K301	眼部冷冻治疗	HEA72302	眼部冷冻治疗	310300104	眼部冷冻治疗	治疗费	治疗收入	3.治疗类：(9)非手术治疗项目费
KEA4K701	经瞳孔温热疗法(TTT)	KEA32701	经瞳孔温热疗法(TTT)			治疗费	治疗收入	3.治疗类：(9)非手术治疗项目费
KEA4K702	强脉冲光干眼治疗					治疗费	治疗收入	3.治疗类：(9)非手术治疗项目费
KEC6R101	眶内血肿穿刺引流术	HEC45101	眶内血肿穿刺引流术	330409013	眶内血肿穿刺术	治疗费	治疗收入	3.治疗类：(9)非手术治疗项目费
KED3F701	倒睫拔除治疗	HED65701	倒睫拔除治疗			治疗费	治疗收入	3.治疗类：(9)非手术治疗项目费
KED3H701	睑板腺按摩	KED20701	睑板腺按摩	310300087	睑板腺按摩	治疗费	治疗收入	3.治疗类：(9)非手术治疗项目费
KED4K701	倒睫电解治疗	HED65702	倒睫电解治疗	310300085	电解倒睫	治疗费	治疗收入	3.治疗类：(9)非手术治疗项目费
KEE3E401	泪道置管术	HEE87303	激光泪道探通术			治疗费	治疗收入	3.治疗类：(9)非手术治疗项目费
KEE3F401	鼻泪管支架取出术					治疗费	治疗收入	3.治疗类：(9)非手术治疗项目费
KEE3J401	泪道冲洗	HEE48401	泪道冲洗	310300036	泪道冲洗	治疗费	治疗收入	3.治疗类：(9)非手术治疗项目费
KEE3S401	泪小点扩张术	HEE80401	泪小点扩张治疗	310300105	泪小点扩张	治疗费	治疗收入	3.治疗类：(9)非手术治疗项目费
KEE7D401	泪点栓塞术	HEE59301	泪小管填塞术	330402010	泪小管填塞术	治疗费	治疗收入	3.治疗类：(9)非手术治疗项目费
KEE7D701	泪点封闭术	HEE59701	泪小点封闭术			治疗费	治疗收入	3.治疗类：(9)非手术治疗项目费
KEE7L401	鼻泪管再通术	HEE87301	鼻泪管再通术	330402008	鼻泪道再通术	治疗费	治疗收入	3.治疗类：(9)非手术治疗项目费
KEE7L402	泪道探通术	HEE87302	泪道探通术	310300106	泪道探通术	治疗费	治疗收入	3.治疗类：(9)非手术治疗项目费
KEF3M101	球后注射	HEF48102	球后注射	310300095	球后注射	治疗费	治疗收入	3.治疗类：(9)非手术治疗项目费
KEF3M102	球旁注射	HEF48101	球旁注射			治疗费	治疗收入	3.治疗类：(9)非手术治疗项目费
KEF6B101	经筋膜囊球后注射	HEF48301	经筋膜囊球后注射			治疗费	治疗收入	3.治疗类：(9)非手术治疗项目费
KEG3H701	沙眼磨擦压挤术	KEG20701	沙眼磨擦压挤术	310300092	沙眼磨擦压挤术	治疗费	治疗收入	3.治疗类：(9)非手术治疗项目费
KEG3J301	睑结膜伪膜去除冲洗	HEG65301	睑结膜伪膜去除冲洗	310300089	睑结膜伪膜去除冲洗	治疗费	治疗收入	3.治疗类：(9)非手术治疗项目费
KEG3J302	结膜囊冲洗	HEG48302	结膜囊冲洗	310300088	冲洗结膜囊	治疗费	治疗收入	3.治疗类：(9)非手术治疗项目费
KEG3J303	化学伤结膜囊冲洗	HEG48303	化学伤结膜囊冲洗			治疗费	治疗收入	3.治疗类：(9)非手术治疗项目费
KEG3J701	结膜异物剔除术					治疗费	治疗收入	3.治疗类：(9)非手术治疗项目费
KEG3M301	球结膜下注射	HEG48301	球结膜下注射	310300094	球结膜下注射	治疗费	治疗收入	3.治疗类：(9)非手术治疗项目费
KEG6P301	结膜结石取出治疗	HEG65302	结膜结石取出治疗	310300091	取结膜结石	治疗费	治疗收入	3.治疗类：(9)非手术治疗项目费
KEH3D701	角膜植片制备	HEH24301	角膜植片制备			治疗费	治疗收入	3.治疗类：(9)非手术治疗项目费
KEH3J101	角膜层间冲洗术					治疗费	治疗收入	3.治疗类：(9)非手术治疗项目费
KEH3G701	绷带式角膜接触镜配置	KEH25701	角膜接触镜配置	310300009	隐形眼镜配置	治疗费	治疗收入	3.治疗类：(9)非手术治疗项目费
KEH3M701	角膜基质注射					治疗费	治疗收入	3.治疗类：(9)非手术治疗项目费
KEH6N301	角膜拆线	HEH64301	显微镜下角膜拆线	330404004	角膜拆线	治疗费	治疗收入	3.治疗类：(9)非手术治疗项目费
KEH6U301	准分子激光屈光性角膜切削术	HEH89301	准分子激光屈光性角膜切削术(PRK)	310300078	准分子激光屈光性角膜矫正术(PRK)	治疗费	治疗收入	3.治疗类：(9)非手术治疗项目费
KEH6U302	个体化准分子激光角膜切削术	HEH89303	个体化准分子激光屈光性角膜切削术			治疗费	治疗收入	3.治疗类：(9)非手术治疗项目费
KEJ3J101	前房冲洗术	HEJ48101	前房冲洗术	310300100	前房穿刺术	治疗费	治疗收入	3.治疗类：(9)非手术治疗项目费
KEJ3M101	前房穿刺术	HEJ48102	前房穿刺冲洗术			治疗费	治疗收入	3.治疗类：(9)非手术治疗项目费
KEJ6B101	前房注射	HEJ48103	前房注气术	310300101	前房注气术	治疗费	治疗收入	3.治疗类：(9)非手术治疗项目费
KEM7N301	外路经巩膜激光睫状体光凝术	HEM72301	外路经巩膜激光睫状体光凝术	330405010	睫状体特殊治疗	治疗费	治疗收入	3.治疗类：(9)非手术治疗项目费
KEM7N302	睫状体冷冻术	HEM72302	睫状体冷冻术			治疗费	治疗收入	3.治疗类：(9)非手术治疗项目费
KEM7N303	眼内路睫状体激光光凝术					治疗费	治疗收入	3.治疗类：(9)非手术治疗项目费
KEQ3M101	玻璃体腔穿刺术	HEQ45101	玻璃体腔穿刺术	330407001	玻璃体穿刺抽液术	治疗费	治疗收入	3.治疗类：(9)非手术治疗项目费
KEQ6B101	玻璃体腔灌洗术					治疗费	治疗收入	3.治疗类：(9)非手术治疗项目费
KEQ7N701	玻璃体激光消融术					治疗费	治疗收入	3.治疗类：(9)非手术治疗项目费
KET4J701	后像治疗	KET39901	后像治疗	310300099	后象治疗	治疗费	治疗收入	3.治疗类：(9)非手术治疗项目费
KEU6U301	眼内机化膜切除术					治疗费	治疗收入	3.治疗类：(9)非手术治疗项目费
KEV3M101	肉毒杆菌素眼部注射	HEV48101	肉毒杆菌素眼部注射	310300097	肉毒杆菌素眼外肌注射	治疗费	治疗收入	3.治疗类：(9)非手术治疗项目费
KEV4J701	精细训练	KEV19901	弱视训练	310300108	弱视训练	治疗费	治疗收入	3.治疗类：(9)非手术治疗项目费
KEV4J702	弱视协调器治疗	KEV39901	弱视协调器治疗	310300098	协调器治疗	治疗费	治疗收入	3.治疗类：(9)非手术治疗项目费
KEZ3D301	眼移植用组织保存	HEZ23301	眼移植用组织保存			治疗费	治疗收入	3.治疗类：(9)非手术治疗项目费
KF	(四)耳部							
KFA3M101	耳后注射					治疗费	治疗收入	3.治疗类：(9)非手术治疗项目费
KFA3M301	耳药物烧灼治疗	HFC48301	耳药物烧灼治疗	310401045	耳药物烧灼	治疗费	治疗收入	3.治疗类：(9)非手术治疗项目费
KFA3M601	经耳内镜药物烧灼治疗	HFC48601	经耳内镜药物烧灼治疗			治疗费	治疗收入	3.治疗类：(9)非手术治疗项目费
KFA4J701	平衡训练	KFA19901	平衡训练			治疗费	治疗收入	3.治疗类：(9)非手术治疗项目费
KFA4K401	耳正负压治疗	KFA32401	耳正负压治疗	310401042	耳正负压治疗	治疗费	治疗收入	3.治疗类：(9)非手术治疗项目费
KFA4K701	耳鸣声治疗					治疗费	治疗收入	3.治疗类：(9)非手术治疗项目费
KFA4K901	耳鸣习服治疗					治疗费	治疗收入	3.治疗类：(9)非手术治疗项目费
KFB3M101	耳部瘢痕注射治疗	HFB48301	耳部瘢痕注射治疗			治疗费	治疗收入	3.治疗类：(9)非手术治疗项目费
KFB3N101	耳廓假性囊肿穿刺压迫治疗	HFB45101	耳廓假性囊肿穿刺压迫治疗	310401048	耳廓假性囊肿穿刺压迫治疗	治疗费	治疗收入	3.治疗类：(9)非手术治疗项目费
KFC3G701	助听器验配	KFC25701	助听器选配试验	310401028	助听器选配试验	治疗费	治疗收入	3.治疗类：(9)非手术治疗项目费
KFC3J301	中耳乳突术腔换药	HFC65303	耳术腔痂皮取出术			治疗费	治疗收入	3.治疗类：(9)非手术治疗项目费
KFC3J401	耵聍取出	KFC65401	耵聍取出	310401041	耵聍冲洗	治疗费	治疗收入	3.治疗类：(9)非手术治疗项目费
KFC3J601	经耳内镜耵聍取出术	HFC65603	经耳内镜耵聍取出术			治疗费	治疗收入	3.治疗类：(9)非手术治疗项目费
KFC3J602	经耳内镜耳术腔痂皮清理术	HFC65604	经耳内镜耳术腔痂皮取出术			治疗费	治疗收入	3.治疗类：(9)非手术治疗项目费
KFC3J603	经耳内镜中耳乳突术腔换药					治疗费	治疗收入	3.治疗类：(9)非手术治疗项目费
KFC6P301	耳道异物取出术	HFC65301	耳道异物取出术	330501002	耳道异物取出术	治疗费	治疗收入	3.治疗类：(9)非手术治疗项目费
KFC6P601	经耳内镜耳道异物取出术	HFC65601	经耳内镜耳道异物取出术			治疗费	治疗收入	3.治疗类：(9)非手术治疗项目费
KFD3F601	经耳内镜中耳通气管取出术					治疗费	治疗收入	3.治疗类：(9)非手术治疗项目费
KFD3J401	中耳清洗	KFD45401	中耳吸脓			治疗费	治疗收入	3.治疗类：(9)非手术治疗项目费
KFD3J601	经耳内镜中耳清洗					治疗费	治疗收入	3.治疗类：(9)非手术治疗项目费
KFE3J301	上鼓室冲洗术	HFE48302	上鼓室冲洗术	310401039	上鼓室冲洗术	治疗费	治疗收入	3.治疗类：(9)非手术治疗项目费
KFE3J601	经耳内镜上鼓室冲洗术	HFE48601	经耳内镜上鼓室冲洗术			治疗费	治疗收入	3.治疗类：(9)非手术治疗项目费
KFE3M101	鼓室注药治疗	HFE48301	鼓室注药治疗			治疗费	治疗收入	3.治疗类：(9)非手术治疗项目费
KFE3M601	经耳内镜鼓室注药治疗					治疗费	治疗收入	3.治疗类：(9)非手术治疗项目费
		KFF20601	经西格氏耳镜鼓膜按摩			治疗费	治疗收入	3.治疗类：(9)非手术治疗项目费
KFF3N101	鼓膜穿刺引流术	HFF45101	鼓膜穿刺引流术	310401040	鼓膜穿刺术	治疗费	治疗收入	3.治疗类：(9)非手术治疗项目费
KFF3N601	经耳内镜鼓膜穿刺引流术	HFF45602	经耳内镜鼓膜穿刺引流术			治疗费	治疗收入	3.治疗类：(9)非手术治疗项目费
KFH4J901	前庭代偿功能训练					治疗费	治疗收入	3.治疗类：(9)非手术治疗项目费
KFH4K401	咽鼓管吹张治疗	KFH32401	咽鼓管吹张治疗-波氏法	310401043	波氏法咽鼓管吹张	治疗费	治疗收入	3.治疗类：(9)非手术治疗项目费
		KFH32402	咽鼓管吹张治疗-导管法	310401044	导管法咽鼓管吹张	治疗费	治疗收入	3.治疗类：(9)非手术治疗项目费
KFH4K601	经鼻内镜咽鼓管吹张治疗	HFH48601	经耳内镜咽鼓管吹张治疗-导管法	310401044	导管法咽鼓管吹张	治疗费	治疗收入	3.治疗类：(9)非手术治疗项目费
KFN3H901	耳石复位治疗	KFN70901	耳石复位治疗			治疗费	治疗收入	3.治疗类：(9)非手术治疗项目费
KFP3G701	电子耳蜗编程	KFP25701	电子耳蜗编程	310401029	电子耳蜗编程	治疗费	治疗收入	3.治疗类：(9)非手术治疗项目费
KFZ4J901	听力统合训练(AIT)	KAZ19901	听力统合训练	311503022	听力整合及语言训练	治疗费	治疗收入	3.治疗类：(9)非手术治疗项目费
KG	(五)鼻咽喉							
KGA3J401	鼻负压置换治疗	KGA65401	鼻负压置换治疗	310402019	鼻负压置换治疗	治疗费	治疗收入	3.治疗类：(9)非手术治疗项目费
KGC3F401	鼻后孔成形管取出术					治疗费	治疗收入	3.治疗类：(9)非手术治疗项目费
KGC3J401	鼻腔冲洗治疗	KGC48401	鼻腔冲洗治疗	310402012	鼻腔冲洗	治疗费	治疗收入	3.治疗类：(9)非手术治疗项目费
KGC3J601	鼻内镜鼻腔清理术	HGC65602	鼻内镜鼻腔清理术			治疗费	治疗收入	3.治疗类：(9)非手术治疗项目费
				310402004	鼻内镜手术后检查处理	治疗费	治疗收入	3.治疗类：(9)非手术治疗项目费
KGC3Q401	后鼻孔填塞术	HGC62401	后鼻孔填塞术	310402023	后鼻孔填塞	治疗费	治疗收入	3.治疗类：(9)非手术治疗项目费
KGC3Q601	前鼻孔填塞术	HGC62601	前鼻孔填塞术	310402022	前鼻孔填塞	治疗费	治疗收入	3.治疗类：(9)非手术治疗项目费
KGC3R601	经前鼻镜电凝止血术	HGC46601	经前鼻镜电凝止血术	310402025	鼻部特殊治疗	治疗费	治疗收入	3.治疗类：(9)非手术治疗项目费
KGC3R602	经前鼻镜药物烧灼止血术	HGC46602	经前鼻镜药物烧灼止血术			治疗费	治疗收入	3.治疗类：(9)非手术治疗项目费
KGC3R603	经鼻内镜微波止血术	HGC46603	经鼻内镜微波止血术			治疗费	治疗收入	3.治疗类：(9)非手术治疗项目费
KGC3R604	经鼻内镜电烧止血术	HGC46604	经鼻内镜电烧止血术			治疗费	治疗收入	3.治疗类：(9)非手术治疗项目费
KGC3R605	经鼻内镜激光止血术	HGC46605	经鼻内镜激光止血术			治疗费	治疗收入	3.治疗类：(9)非手术治疗项目费
KGC3R606	经鼻内镜鼻腔遗传性毛细血管扩张症止血术					治疗费	治疗收入	3.治疗类：(9)非手术治疗项目费
KGC6N601	鼻腔填塞物取出术	HGC64601	鼻腔填塞物取出术	310402024	鼻异物取出	治疗费	治疗收入	3.治疗类：(9)非手术治疗项目费
KGC6P401	鼻腔异物取出术	HGC65401	鼻腔异物取出术	330601007	鼻腔异物取出术	治疗费	治疗收入	3.治疗类：(9)非手术治疗项目费
KGC6P601	经鼻内镜鼻腔异物取出术	HGC65601	经鼻内镜鼻腔异物取出术			治疗费	治疗收入	3.治疗类：(9)非手术治疗项目费
KGC6S601	经鼻内镜鼻前庭囊肿开窗术	HGC73604	经鼻内镜鼻前庭囊肿开窗术			治疗费	治疗收入	3.治疗类：(9)非手术治疗项目费
KGD6R101	鼻中隔血肿穿刺引流术	HGD45101	鼻中隔血肿穿刺引流术			治疗费	治疗收入	3.治疗类：(9)非手术治疗项目费
KGE4K601	鼻甲微波烧灼术	HGE72601	鼻甲微波烧灼术			治疗费	治疗收入	3.治疗类：(9)非手术治疗项目费
KGF3J101	上颌窦穿刺冲洗术	HGF48101	上颌窦穿刺冲洗术	310402014	上颌窦穿刺术	治疗费	治疗收入	3.治疗类：(9)非手术治疗项目费
KGF3J401	鼻窦冲洗治疗	KGF48401	鼻窦冲洗治疗	310402015	鼻窦冲洗	治疗费	治疗收入	3.治疗类：(9)非手术治疗项目费
KGF7E601	经鼻内镜额窦口扩张术					治疗费	治疗收入	3.治疗类：(9)非手术治疗项目费
KGH3M101	咽封闭术	HGH48301	咽封闭术	310403014	咽封闭	治疗费	治疗收入	3.治疗类：(9)非手术治疗项目费
KGH3R601	咽喉部止血术					治疗费	治疗收入	3.治疗类：(9)非手术治疗项目费
KGH3R602	经喉内镜咽喉部止血术	HGT46601	经鼻内镜腺样体切除术后止血术			治疗费	治疗收入	3.治疗类：(9)非手术治疗项目费
KGH3S401	环咽肌球囊扩张术					治疗费	治疗收入	3.治疗类：(9)非手术治疗项目费
KGH6R301	颈外入路咽旁脓肿切开引流术	HGH45301	颈外径路咽旁脓肿切开引流术			治疗费	治疗收入	3.治疗类：(9)非手术治疗项目费
KGH6R401	咽后壁脓肿切开引流术	HGH45302	咽后壁脓肿切开引流术	330611001	咽后壁脓肿切开引流术	治疗费	治疗收入	3.治疗类：(9)非手术治疗项目费
KGH6R601	经喉内镜咽后壁脓肿切开引流术					治疗费	治疗收入	3.治疗类：(9)非手术治疗项目费
KGH6R602	经喉内镜口咽入路咽旁脓肿切开引流术					治疗费	治疗收入	3.治疗类：(9)非手术治疗项目费
KGK3F401	口咽部异物取出术	HGK65301	口咽部异物取出术			治疗费	治疗收入	3.治疗类：(9)非手术治疗项目费
KGK3F601	经喉内镜口咽部异物取出术					治疗费	治疗收入	3.治疗类：(9)非手术治疗项目费
KGM3F601	经间接喉镜喉部异物取出术	HGM65401	经间接喉镜喉部异物取出术			治疗费	治疗收入	3.治疗类：(9)非手术治疗项目费
KGM3F602	经纤维喉镜咽喉异物取出术	HGM65601	经纤维喉镜咽喉异物取出术			治疗费	治疗收入	3.治疗类：(9)非手术治疗项目费
KGM3F603	经直达喉镜咽喉异物取出术	HGM65602	经直达喉镜咽喉异物取出术			治疗费	治疗收入	3.治疗类：(9)非手术治疗项目费
KGM3M901	喉肌肉注射	HGM48301	喉肌肉注射			治疗费	治疗收入	3.治疗类：(9)非手术治疗项目费
KGM4J701	吞咽训练					治疗费	治疗收入	3.治疗类：(9)非手术治疗项目费
KGM4J702	言语矫正治疗	MBDZZ001	言语矫正治疗	310403005	计算机言语疾病矫治	治疗费	治疗收入	3.治疗类：(9)非手术治疗项目费
KGM6N601	喉支架取出术	HGM64301	喉T管取出术			治疗费	治疗收入	3.治疗类：(9)非手术治疗项目费
KGP7P601	颈外入路声带注射术	HGP83301	颈外径路声带注射术			治疗费	治疗收入	3.治疗类：(9)非手术治疗项目费
KGP7P602	内镜辅助下经支撑喉镜声带注射术	HGP83601	内镜下声带注射术	330701030	声带内移术	治疗费	治疗收入	3.治疗类：(9)非手术治疗项目费
KGR3M101	环甲膜穿刺注药术	HGR48101	环甲膜穿刺注药	330701003	环甲膜穿刺术	治疗费	治疗收入	3.治疗类：(9)非手术治疗项目费
KGS3R401	扁桃体切除术后止血术	HGS46301	扁桃体切除术后止血术			治疗费	治疗收入	3.治疗类：(9)非手术治疗项目费
KGS6R401	扁桃体周脓肿切开引流术	HGS45301	扁桃体周脓肿切开引流术	330610004	扁桃体周围脓肿切开引流术	治疗费	治疗收入	3.治疗类：(9)非手术治疗项目费
KH	(六)口腔颌面							
KHA	1.面部							
KHA3G701	颜面缺损赝复体治疗	HEB25701	义眼眶治疗			治疗费	治疗收入	3.治疗类：(9)非手术治疗项目费
KHA3M101	经皮穿刺颌面痛点封闭术	HHA48101	经皮颌面痛点封闭术	310516001	颞颌关节腔内封闭治疗	治疗费	治疗收入	3.治疗类：(9)非手术治疗项目费
KHA4C701	颅颌面赝复种植固位	KHS61701	颅颌面赝复种植固位	310523007	颜面赝复体种植修复	治疗费	治疗收入	3.治疗类：(9)非手术治疗项目费
KHA4G401	错合畸形复杂颅颌面畸形辅助正畸治疗	KHA27401	复杂颅颌面畸形的辅助正畸治疗			治疗费	治疗收入	3.治疗类：(9)非手术治疗项目费
KHA4G402	乳牙期颜面不对称畸形矫形治疗	KHA27402	乳牙期颜面不对称畸形正畸治疗	310522022	早期颜面不对称正畸治疗	治疗费	治疗收入	3.治疗类：(9)非手术治疗项目费
KHA4G403	替牙期颜面不对称畸形矫形治疗	KHA27403	替牙期颜面不对称畸形的正畸治疗			治疗费	治疗收入	3.治疗类：(9)非手术治疗项目费
KHA4G404	错合畸形恒牙期颜面不对称畸形正畸治疗	KHA27404	恒牙期颜面不对称畸形的正畸治疗	310522023	恒牙期颜面不对称正畸治疗	治疗费	治疗收入	3.治疗类：(9)非手术治疗项目费
KHA6B201	颌面部血管畸形腔内注射	HHA48301	颌面部血管畸形腔内注射术	330605030	颌面部血管瘤瘤腔内注射术	治疗费	治疗收入	3.治疗类：(9)非手术治疗项目费
KHA7N301	口腔颌面部良性病变冷冻治疗	HHA72301	口腔颌面部良性病变冷冻治疗	310515008	口腔颌面部各类冷冻治疗	治疗费	治疗收入	3.治疗类：(9)非手术治疗项目费
KHA7N302	口腔颌面部恶性肿瘤冷冻治疗	HHA72302	口腔颌面部恶性肿瘤冷冻治疗	310515008	口腔颌面部各类冷冻治疗	治疗费	治疗收入	3.治疗类：(9)非手术治疗项目费
KHC-KHG	颌面骨							
KHC6N301	外置式牵张器支架拆除术	HHC64301	外置式牵张器支架拆除术			治疗费	治疗收入	3.治疗类：(9)非手术治疗项目费
KHC7P301	颌骨骨性扩弓术					治疗费	治疗收入	3.治疗类：(9)非手术治疗项目费
KHE4A401	颌骨缺损自体骨组织移植手术导板制作	KHE24401	颌骨缺损自体骨组织移植手术导板制作			治疗费	治疗收入	3.治疗类：(9)非手术治疗项目费
KHE4D301	颌间牵引钉拆除术	HHE64302	颌间牵引钉拆除术			治疗费	治疗收入	3.治疗类：(9)非手术治疗项目费
KHE4D401	颌间固定物拆除术	HHE64301	颌间固定物拆除术	330608018	颌间固定拆除术	治疗费	治疗收入	3.治疗类：(9)非手术治疗项目费
KHE4F401	颌骨骨折单颌牙弓夹板结扎固定术	HHE71301	颌骨骨折单颌牙弓夹板结扎固定术	330608004	颌骨骨折单颌牙弓夹板固定术	治疗费	治疗收入	3.治疗类：(9)非手术治疗项目费
KHE4F701	牵张器加力调整	KHZ26701	牵张器加力调整			治疗费	治疗收入	3.治疗类：(9)非手术治疗项目费
KHE7M401	颌骨骨折颌间结扎固定术	HHE71302	颌骨骨折颌间结扎固定术	330608005	颌骨骨折颌间固定术	治疗费	治疗收入	3.治疗类：(9)非手术治疗项目费
KHF4C401	上颌骨缺损赝复体修复	KHF24401	上颌骨缺损阻塞器修复			治疗费	治疗收入	3.治疗类：(9)非手术治疗项目费
KHG4C401	下颌骨带翼导板修复	KHG24401	下颌骨带翼导板修复	310521002	义颌修复	治疗费	治疗收入	3.治疗类：(9)非手术治疗项目费
KHG6S301	下颌骨去皮质术解剖下牙槽神经血管束	HHG73306	下颌骨去皮质术解剖下牙槽神经血管束	330607009	下颌骨去骨皮质术	治疗费	治疗收入	3.治疗类：(9)非手术治疗项目费
KHJ	颞下颌关节							
KHJ3B401	颞下颌关节紊乱病系统设计	FHJ01401	颞下颌关节病系统设计	310506001	颞颌关节系统检查设计	治疗费	治疗收入	3.治疗类：(9)非手术治疗项目费
KHJ3H701	颞下颌脱位关节复位术	KHJ70701	颞下颌脱位关节复位术	310515001	颞下颌关节复位	治疗费	治疗收入	3.治疗类：(9)非手术治疗项目费
KHJ4B301	颞下颌关节腔灌洗术	KHJ48301	颞下颌关节腔灌洗治疗			治疗费	治疗收入	3.治疗类：(9)非手术治疗项目费
KHJ4C401	髁突骨折开口合板治疗	KHJ25401	髁突骨折开口合板治疗	310521004	疗	治疗费	治疗收入	3.治疗类：(9)非手术治疗项目费
KHJ4C901	咬合板治疗	KHJ32901	合板治疗	310520001	合垫	治疗费	治疗收入	3.治疗类：(9)非手术治疗项目费
KHJ4G401	错合畸形复杂颞下颌关节紊乱病正畸治疗	KHJ27402	复杂颞下颌关节病的正畸辅助治疗			治疗费	治疗收入	3.治疗类：(9)非手术治疗项目费
KHJ4G402	错合畸形颞下颌关节紊乱病正畸治疗	KHJ27401	颞下颌关节病的正畸辅助治疗	310522025	颞下颌关节病正畸治疗	治疗费	治疗收入	3.治疗类：(9)非手术治疗项目费
KHL	唾液腺							
KHL3S401	涎腺导管扩大术	KHL80401	涎腺导管扩大术	310515004	涎腺导管扩大术	治疗费	治疗收入	3.治疗类：(9)非手术治疗项目费
KHL4B401	腮腺导管内药物灌注治疗	KHL48401	腮腺导管内药物灌注治疗	310515005	腮腺导管内药物灌注治疗	治疗费	治疗收入	3.治疗类：(9)非手术治疗项目费
KHM	2.口腔							
KHM1A401	全口牙病系统检查与治疗设计	FHM07402	全口牙病系统检查与治疗设计	310501001	全口牙病系统检查与治疗设计	治疗费	治疗收入	3.治疗类：(9)非手术治疗项目费
KHM3R401	口腔局部缝合止血	HHM46301	口腔局部缝合止血			治疗费	治疗收入	3.治疗类：(9)非手术治疗项目费
KHM3R402	口腔局部止血术	KHM46401	口腔局部止血	310510007	口腔局部止血	治疗费	治疗收入	3.治疗类：(9)非手术治疗项目费
KHM4A701	口腔黏膜病系统检查治疗设计	KHM18701	口腔黏膜病系统检查治疗设计	310514001	口腔粘膜病系统治疗设计	治疗费	治疗收入	3.治疗类：(9)非手术治疗项目费
KHM4B301	口腔黏膜病局部注射药物治疗	HHM48301	口腔黏膜病局部注射药物治疗			治疗费	治疗收入	3.治疗类：(9)非手术治疗项目费
KHM4B401	口腔黏膜病局部上药	KHM48402	口腔黏膜病局部上药	310510004	口腔局部冲洗上药	治疗费	治疗收入	3.治疗类：(9)非手术治疗项目费
KHM4B402	黏膜病离子导入治疗	KHM32402	黏膜病离子导入治疗			治疗费	治疗收入	3.治疗类：(9)非手术治疗项目费
KHM4B403	口腔黏膜雾化治疗	KHM48401	口腔黏膜雾化治疗	310514002	口腔粘膜雾化治疗	治疗费	治疗收入	3.治疗类：(9)非手术治疗项目费
KHM4D401	矫治器拆除术	KHM64402	拆除口内牙齿固定装置	310510011	拆除固定装置	治疗费	治疗收入	3.治疗类：(9)非手术治疗项目费
KHM4D402	非铸造修复体拆除术	KHM64401	非铸造修复体拆除术	310510005	不良修复体拆除	治疗费	治疗收入	3.治疗类：(9)非手术治疗项目费
KHM4F401	辅助性调合治疗	KHM39401	辅助性调合治疗	310510001	调合	治疗费	治疗收入	3.治疗类：(9)非手术治疗项目费
KHM4F402	专科调合治疗	KHM39402	专科调合治疗			治疗费	治疗收入	3.治疗类：(9)非手术治疗项目费
KHM4F701	咬合板调磨	KHM26701	调磨合板	310516003	调磨合垫	治疗费	治疗收入	3.治疗类：(9)非手术治疗项目费
KHM4K401	口腔激光治疗	HHM73307	口腔黏膜激光治疗	310510008	激光口内治疗	治疗费	治疗收入	3.治疗类：(9)非手术治疗项目费
KHM4K701	肌松弛治疗	KHM32701	肌松弛治疗(Mymonitor)	310520002	肌松弛治疗	治疗费	治疗收入	3.治疗类：(9)非手术治疗项目费
KHM6R401	口内脓肿切开引流术	HHM45301	口内脓肿切开引流术	310510009	口内脓肿切开引流术	治疗费	治疗收入	3.治疗类：(9)非手术治疗项目费
KHM7N401	口病损射频消融术					治疗费	治疗收入	3.治疗类：(9)非手术治疗项目费
KHN	唇							
KHN4A701	新生儿唇腭裂术前修复矫治器制备	HHN24701	新生儿唇腭裂术前修复矫治器制备	310521002	义颌修复	治疗费	治疗收入	3.治疗类：(9)非手术治疗项目费
KHN4A702	唇弓制备	HHZ24704	唇弓制备	310505005	唇弓制备	治疗费	治疗收入	3.治疗类：(9)非手术治疗项目费
KHN4G401	错合畸形唇腭裂序列正畸治疗	KHN27401	唇腭裂序列正畸治疗	310522021	单侧唇腭裂序列正畸治疗	治疗费	治疗收入	3.治疗类：(9)非手术治疗项目费
KHN4G402	错合畸形复杂唇腭裂序列正畸治疗	KHN27402	复杂唇腭裂序列正畸治疗			治疗费	治疗收入	3.治疗类：(9)非手术治疗项目费
KHN6J101	自体脂肪注射唇部填充术	HHN89302	唇部脂肪填充术			治疗费	治疗收入	3.治疗类：(9)非手术治疗项目费
KHR	腭							
KHR4A401	腭裂腭护板制作	KHR24401	腭裂腭护板制作	310521001	腭护板导板矫治	治疗费	治疗收入	3.治疗类：(9)非手术治疗项目费
KHR4C401	软腭缺损赝复体修复	KHR24402	软腭缺损阻塞器修复	310521002	义颌修复	治疗费	治疗收入	3.治疗类：(9)非手术治疗项目费
KHR4C402	腭上举赝复体治疗	KHR25401	软腭抬高器治疗	310521003	软腭抬高器治疗	治疗费	治疗收入	3.治疗类：(9)非手术治疗项目费
KHR4J401	腭裂术后鼻音计反馈治疗	KHR39401	腭裂术后鼻音计反馈治疗	310515007	腭裂术后语音训练治疗	治疗费	治疗收入	3.治疗类：(9)非手术治疗项目费
KHR4J601	腭裂术后鼻咽纤维镜反馈治疗	KHR39601	腭裂术后鼻咽纤维镜反馈治疗			治疗费	治疗收入	3.治疗类：(9)非手术治疗项目费
KHR4J901	腭裂常规语音治疗	KHR39901	腭裂常规语音治疗			治疗费	治疗收入	3.治疗类：(9)非手术治疗项目费
KHS-KHV	牙							
KHS3G401	舌侧固定矫治器复诊处置	KHS26406	舌侧固定矫治器复诊处置	310507006	特殊矫治器复诊处置	治疗费	治疗收入	3.治疗类：(9)非手术治疗项目费
				310507007	错畸形正中位检查	治疗费	治疗收入	3.治疗类：(9)非手术治疗项目费
KHS3G402	固定矫治器复诊处置	KHS26403	固定矫治器复诊处置	310507003	固定矫治器复诊处置	治疗费	治疗收入	3.治疗类：(9)非手术治疗项目费
KHS3G403	活动矫治器复诊处置	KHS26404	活动矫治器复诊处置	310507004	活动矫治器复诊处置	治疗费	治疗收入	3.治疗类：(9)非手术治疗项目费
KHS3G404	功能矫治器复诊处置	KHS26405	功能矫治器复诊处置	310507005	功能矫治器复诊处置	治疗费	治疗收入	3.治疗类：(9)非手术治疗项目费
KHS3G405	无托槽隐形矫治器复诊处置	KHS26407	无托槽隐形矫治器复诊处置	310507006	特殊矫治器复诊处置	治疗费	治疗收入	3.治疗类：(9)非手术治疗项目费
KHS3G406	螺丝固位种植义齿拆卸清洗	KHS64402	螺丝固位种植义齿拆卸清洗			治疗费	治疗收入	3.治疗类：(9)非手术治疗项目费
KHS4A401	义齿添加人造牙术	KHS25401	加人造牙	310519009	加人工牙	治疗费	治疗收入	3.治疗类：(9)非手术治疗项目费
KHS4A402	义齿基托修理	KHS25402	义齿基托修理	310519011	义齿裂纹及折裂修理	治疗费	治疗收入	3.治疗类：(9)非手术治疗项目费
KHS4A701	铸造修复术	KHS24714	铸钛加工工艺	310519022	铸造加工	治疗费	治疗收入	3.治疗类：(9)非手术治疗项目费
				310519023	配金加工	治疗费	治疗收入	3.治疗类：(9)非手术治疗项目费
		KHS26712	种植烤瓷固定冠桥修复	310523006	全口固定种植义齿	治疗费	治疗收入	3.治疗类：(9)非手术治疗项目费
KHS4A702	咬合重建设计	KHS18703	咬合重建设计	310517008	咬合重建	治疗费	治疗收入	3.治疗类：(9)非手术治疗项目费
KHS4A703	数字化固定修复体设计	KHS18701	计算机辅助固定修复体设计	310517007	固定修复计算机辅助设计	治疗费	治疗收入	3.治疗类：(9)非手术治疗项目费
KHS4A704	错合畸形诊断设计	KHS18704	错合畸形诊断设计	310507002	错合畸形治疗设计	治疗费	治疗收入	3.治疗类：(9)非手术治疗项目费
KHS4A705	错合畸形二维诊断设计	KHS18705	错合畸形二维诊断设计			治疗费	治疗收入	3.治疗类：(9)非手术治疗项目费
KHS4A706	错合畸形三维诊断设计	KHS18706	错合畸形三维诊断设计			治疗费	治疗收入	3.治疗类：(9)非手术治疗项目费
				310507001	错畸形初检	治疗费	治疗收入	3.治疗类：(9)非手术治疗项目费
KHS4A707	附着体设计与安装	KHS24704	附着体设计与安装	310518006	附着体义齿	治疗费	治疗收入	3.治疗类：(9)非手术治疗项目费
				310518004	美容义齿	治疗费	治疗收入	3.治疗类：(9)非手术治疗项目费
				310518005	即刻义齿	治疗费	治疗收入	3.治疗类：(9)非手术治疗项目费
KHS4A708	套筒冠设计与制作	KHS24705	套筒冠设计安装			治疗费	治疗收入	3.治疗类：(9)非手术治疗项目费
KHS4A709	义齿金属部件激光焊接术	KHS24706	激光焊接	310519003	加焊	治疗费	治疗收入	3.治疗类：(9)非手术治疗项目费
				310519004	加装饰面	治疗费	治疗收入	3.治疗类：(9)非手术治疗项目费
KHS4A710	修复体崩瓷修理	KHS24707	烤瓷冠桥崩瓷修理	310519005	烤瓷冠崩瓷修理	治疗费	治疗收入	3.治疗类：(9)非手术治疗项目费
KHS4A711	可摘义齿增加弯制部件	KHS24709	义齿增加弯制部件	310519013	加卡环	治疗费	治疗收入	3.治疗类：(9)非手术治疗项目费
KHS4A712	可摘义齿增加铸造部件	KHS24710	义齿增加铸造部件	310519014	增加铸造基托	治疗费	治疗收入	3.治疗类：(9)非手术治疗项目费
		KHS24702	塑料可摘局部义齿连续增加修复缺牙	310518001	活动桥	治疗费	治疗收入	3.治疗类：(9)非手术治疗项目费
		KHS24703	铸造可摘局部义齿连续增加修复缺牙			治疗费	治疗收入	3.治疗类：(9)非手术治疗项目费
KHS4A713	咬合面塑料加高术	KHS24711	塑料加高咬合面	310519019	塑料合面加高咬合	治疗费	治疗收入	3.治疗类：(9)非手术治疗项目费
KHS4A714	修复体个性化调色	KHS24712	修复体个性调色			治疗费	治疗收入	3.治疗类：(9)非手术治疗项目费
KHS4A715	修复体表面镀金术	KHS24713	镀金加工工艺	310519021	镀金加工	治疗费	治疗收入	3.治疗类：(9)非手术治疗项目费
KHS4A716	高强度复合陶瓷固定修复术	KHS24716	高强度复合陶瓷加工工艺			治疗费	治疗收入	3.治疗类：(9)非手术治疗项目费
KHS4A717	铸造贵金属固定修复术	KHS24717	贵金属铸造加工工艺	310519024	黄金材料加工	治疗费	治疗收入	3.治疗类：(9)非手术治疗项目费
KHS4A718	冠桥修复体内冠金沉积术	KHS24718	金沉积加工工艺			治疗费	治疗收入	3.治疗类：(9)非手术治疗项目费
KHS4A719	修复体激光烧结术					治疗费	治疗收入	3.治疗类：(9)非手术治疗项目费
KHS4A720	金属烤塑修复术					治疗费	治疗收入	3.治疗类：(9)非手术治疗项目费
KHS4A721	数字化可摘义齿设计	KHS18702	计算机辅助可摘义齿设计			治疗费	治疗收入	3.治疗类：(9)非手术治疗项目费
KHS4A722	义齿调改修理	KHS24708	调改义齿	310519006	调改义齿	治疗费	治疗收入	3.治疗类：(9)非手术治疗项目费
KHS4A723	铸瓷固定修复术	KHS24715	铸瓷加工工艺	310519022	铸造加工	治疗费	治疗收入	3.治疗类：(9)非手术治疗项目费
KHS4B401	药物脱敏治疗术	KHU48401	药物脱敏治疗	310510003	牙脱敏治疗	治疗费	治疗收入	3.治疗类：(9)非手术治疗项目费
				310402021	快速脱敏治疗	治疗费	治疗收入	3.治疗类：(9)非手术治疗项目费
KHS4C401	义齿组织面重衬	KHS25403	义齿组织面重衬	310519012	义齿组织面重衬	治疗费	治疗收入	3.治疗类：(9)非手术治疗项目费
KHS4C402	制戴固定式缺隙保持器	KHS25404	制戴固定式缺隙保持器	310512005	制戴固定式缺隙保持器	治疗费	治疗收入	3.治疗类：(9)非手术治疗项目费
KHS4C403	制戴活动式缺隙保持器	KHS25405	制戴活动式缺隙保持器	310512006	制戴活动式缺隙保持器	治疗费	治疗收入	3.治疗类：(9)非手术治疗项目费
				310512007	制戴活动矫正器	治疗费	治疗收入	3.治疗类：(9)非手术治疗项目费
				310512004	儿童前牙树脂冠修复	治疗费	治疗收入	3.治疗类：(9)非手术治疗项目费
KHS4C404	橡皮障隔湿治疗术	KHS39401	橡皮障隔湿治疗	310511008	橡皮障隔湿法	治疗费	治疗收入	3.治疗类：(9)非手术治疗项目费
KHS4C405	自体牙植入物制备植入术					治疗费	治疗收入	3.治疗类：(9)非手术治疗项目费
KHS4C406	牙本质钉固位术	KHS71401	牙本质钉固位术	310511003	牙体桩钉固位修复术	治疗费	治疗收入	3.治疗类：(9)非手术治疗项目费
KHS4C701	弹性假牙龈修复术	KHS25701	弹性假牙龈安装	310519020	弹性假牙龈	治疗费	治疗收入	3.治疗类：(9)非手术治疗项目费
KHS4D401	种植基台及修复体固定螺丝折断取出	KHS64401	种植基台及修复体固定螺丝折断取出			治疗费	治疗收入	3.治疗类：(9)非手术治疗项目费
KHS4D402	牙弓夹板拆除术	HHS64301	牙弓夹板拆除术	330608017	单颌牙弓夹板拆除术	治疗费	治疗收入	3.治疗类：(9)非手术治疗项目费
KHS4D701	冠桥拆除术	KHS64701	拆冠桥	310519001	拆冠桥	治疗费	治疗收入	3.治疗类：(9)非手术治疗项目费
KHS4E401	窝沟封闭术	KHS59401	窝沟封闭术	310512002	窝沟封闭	治疗费	治疗收入	3.治疗类：(9)非手术治疗项目费
KHS4E402	牙体缺损充填术	KHS62401	牙体缺损充填术	310511001	简单充填术	治疗费	治疗收入	3.治疗类：(9)非手术治疗项目费
				310511002	复杂充填术	治疗费	治疗收入	3.治疗类：(9)非手术治疗项目费
KHS4F401	乳磨牙预成冠修复	KHS26401	乳磨牙金属预成冠修复	310512003	乳牙预成冠修复	治疗费	治疗收入	3.治疗类：(9)非手术治疗项目费
KHS4F402	树脂冠桥嵌体贴面间接修复术	KHS26402	树脂冠桥嵌体贴面间接制作修复术	310511007	树脂嵌体修复术	治疗费	治疗收入	3.治疗类：(9)非手术治疗项目费
				310511006	前牙美容修复术	治疗费	治疗收入	3.治疗类：(9)非手术治疗项目费
KHS4F403	种植过渡义齿修复术	KHS61401	种植过渡义齿	310523003	种植过渡义齿	治疗费	治疗收入	3.治疗类：(9)非手术治疗项目费
				310523004	种植体-真牙栓道式附着体	治疗费	治疗收入	3.治疗类：(9)非手术治疗项目费
KHS4F404	种植覆盖义齿修复术	KHS61402	种植覆盖义齿	310523005	种植覆盖义齿	治疗费	治疗收入	3.治疗类：(9)非手术治疗项目费
KHS4F405	全口种植固定树脂义齿修复术	KHS61403	全口种植固定树脂义齿	310523006	全口固定种植义齿	治疗费	治疗收入	3.治疗类：(9)非手术治疗项目费
KHS4F406	牙体缺损直接粘接修复术	KHS62402	牙体缺损直接粘接修复术	310511004	牙体缺损粘接修复术	治疗费	治疗收入	3.治疗类：(9)非手术治疗项目费
KHS4F407	微创修复术	KHS62403	微创修复术			治疗费	治疗收入	3.治疗类：(9)非手术治疗项目费
KHS4F408	牙列刚性结扎固定术	HHS71301	牙外伤结扎固定术	310510010	牙外伤结扎固定术	治疗费	治疗收入	3.治疗类：(9)非手术治疗项目费
KHS4F409	后牙纵向折裂固定术	HHS71302	后牙纵折固定术	310511027	后牙纵折固定术	治疗费	治疗收入	3.治疗类：(9)非手术治疗项目费
KHS4F410	覆盖义齿种植附着体部件更换	KHS26408	覆盖义齿种植附着体部件更换	310519026	附着体增换	治疗费	治疗收入	3.治疗类：(9)非手术治疗项目费
				310519010	义齿接长基托	治疗费	治疗收入	3.治疗类：(9)非手术治疗项目费
				310519017	增加加固装置	治疗费	治疗收入	3.治疗类：(9)非手术治疗项目费
				310519018	加连接杆	治疗费	治疗收入	3.治疗类：(9)非手术治疗项目费
				310519015	加支托	治疗费	治疗收入	3.治疗类：(9)非手术治疗项目费
				310519016	加铸面	治疗费	治疗收入	3.治疗类：(9)非手术治疗项目费
				310519025	加磁性固位体	治疗费	治疗收入	3.治疗类：(9)非手术治疗项目费
KHS4F701	固定修复体粘结术	KHS24701	粘结术	310517009	粘结	治疗费	治疗收入	3.治疗类：(9)非手术治疗项目费
KHS4F702	塑料基托全口义齿修复术	KHS25702	塑料基托全口义齿	310518007	总义齿	治疗费	治疗收入	3.治疗类：(9)非手术治疗项目费
KHS4F703	金属基托全口义齿修复术	KHS25703	铸造基托全口义齿			治疗费	治疗收入	3.治疗类：(9)非手术治疗项目费
KHS4F704	金属冠桥嵌体修复术	KHS26701	金属冠桥嵌体修复术	310517001	冠修复	治疗费	治疗收入	3.治疗类：(9)非手术治疗项目费
KHS4F705	暂时树脂冠桥修复术	KHS26702	暂时塑料冠桥修复术			治疗费	治疗收入	3.治疗类：(9)非手术治疗项目费
KHS4F706	金属烤瓷冠桥嵌体修复术	KHS26703	烤瓷冠桥嵌体修复术			治疗费	治疗收入	3.治疗类：(9)非手术治疗项目费
				310517002	嵌体修复	治疗费	治疗收入	3.治疗类：(9)非手术治疗项目费
				310517005	桩冠修复	治疗费	治疗收入	3.治疗类：(9)非手术治疗项目费
				310517006	固定桥	治疗费	治疗收入	3.治疗类：(9)非手术治疗项目费
KHS4F707	金属桩核修复术	KHS26704	金属桩核修复术	310517003	桩核根帽修复	治疗费	治疗收入	3.治疗类：(9)非手术治疗项目费
KHS4F708	纤维桩核修复术	KHS26705	纤维桩核修复术			治疗费	治疗收入	3.治疗类：(9)非手术治疗项目费
KHS4F709	光固化树脂贴面直接修复术	KHS26706	光固化树脂贴面修复术	310517004	贴面修复	治疗费	治疗收入	3.治疗类：(9)非手术治疗项目费
KHS4F710	瓷贴面修复术	KHS26707	瓷贴面修复术			治疗费	治疗收入	3.治疗类：(9)非手术治疗项目费
KHS4F711	塑料可摘局部义齿修复术	KHS26708	塑料可摘局部义齿修复术	310518002	塑料可摘局部义齿	治疗费	治疗收入	3.治疗类：(9)非手术治疗项目费
KHS4F712	金属支架可摘局部义齿修复术	KHS26709	铸造可摘局部义齿修复术	310518003	铸造可摘局部义齿	治疗费	治疗收入	3.治疗类：(9)非手术治疗项目费
KHS4F713	阻生磨牙矫治					治疗费	治疗收入	3.治疗类：(9)非手术治疗项目费
KHS4F714	种植过渡义齿颈缘调整	KHS26710	种植过渡义齿颈缘调整			治疗费	治疗收入	3.治疗类：(9)非手术治疗项目费
KHS4F715	种植固定冠桥修复术	KHS26711	种植金属固定冠桥修复			治疗费	治疗收入	3.治疗类：(9)非手术治疗项目费
KHS4G401	错合畸形复杂咬合创伤正畸治疗	KHS27401	咬合创伤的正畸治疗	310522020	合创伤正畸治疗	治疗费	治疗收入	3.治疗类：(9)非手术治疗项目费
KHS4G402	复杂咬合创伤正畸治疗	KHS27402	复杂咬合创伤的正畸治疗			治疗费	治疗收入	3.治疗类：(9)非手术治疗项目费
KHS4G403	正颌外科手术前后正畸治疗	KHS27403	正颌外科手术前后的正畸治疗	310522026	正颌外科术前术后正畸治疗	治疗费	治疗收入	3.治疗类：(9)非手术治疗项目费
KHS4G404	睡眠呼吸暂停综合征正畸辅助治疗	KHS27404	睡眠呼吸暂停综合征的正畸辅助治疗	310522027	睡眠呼吸暂停综合征(OSAS)正畸治疗	治疗费	治疗收入	3.治疗类：(9)非手术治疗项目费
KHS4G405	活动正畸保持器治疗	KHS27405	活动正畸保持器治疗	310522028	正畸保持器治疗	治疗费	治疗收入	3.治疗类：(9)非手术治疗项目费
KHS4G406	压膜式正畸保持器治疗	KHS27406	压膜式正畸保持器治疗			治疗费	治疗收入	3.治疗类：(9)非手术治疗项目费
KHS4G407	固定式正畸保持器治疗	KHS27407	固定式正畸保持器治疗			治疗费	治疗收入	3.治疗类：(9)非手术治疗项目费
KHS4G408	局部矫治器正畸治疗	KHS27408	局部矫治器正畸治疗			治疗费	治疗收入	3.治疗类：(9)非手术治疗项目费
KHS4G409	乳牙期安氏Ⅰ类错合正畸治疗	KHS27409	乳牙期安氏Ⅰ类错合正畸治疗	310522001	乳牙期安氏I类错合正畸治疗	治疗费	治疗收入	3.治疗类：(9)非手术治疗项目费
KHS4G410	乳牙期复杂安氏Ⅰ类错合正畸治疗	KHS27410	乳牙期复杂安氏Ⅰ类错合正畸治疗			治疗费	治疗收入	3.治疗类：(9)非手术治疗项目费
KHS4G411	替牙期安氏Ⅰ类错合活动矫治器正畸治疗	KHS27411	替牙期安氏Ⅰ类错合活动矫治器正畸治疗	310522002	替牙期安氏I类错合活动矫治器正畸治疗	治疗费	治疗收入	3.治疗类：(9)非手术治疗项目费
KHS4G412	替牙期安氏Ⅰ类错合固定矫治器正畸治疗	KHS27412	替牙期安氏Ⅰ类错合固定矫治器正畸治疗	310522003	替牙期安氏I类错合固定矫治器正畸治疗	治疗费	治疗收入	3.治疗类：(9)非手术治疗项目费
KHS4G413	替牙期复杂安氏Ⅰ类错合固定矫治器正畸治疗	KHS27413	替牙期复杂安氏Ⅰ类错合固定矫治器正畸治疗			治疗费	治疗收入	3.治疗类：(9)非手术治疗项目费
KHS4G414	恒牙期安氏Ⅰ类错合固定矫治器正畸治疗	KHS27414	恒牙期安氏Ⅰ类错合固定矫治器正畸治疗	310522004	恒牙期安氏I类错合固定矫治器正畸治疗	治疗费	治疗收入	3.治疗类：(9)非手术治疗项目费
KHS4G415	恒牙期复杂安氏Ⅰ类错合固定矫治器正畸治疗	KHS27415	恒牙期复杂安氏Ⅰ类错合固定矫治器正畸治疗			治疗费	治疗收入	3.治疗类：(9)非手术治疗项目费
KHS4G416	成人安氏Ⅰ类错合固定矫治器正畸治疗	KHS27416	成人安氏Ⅰ类错合固定矫治器正畸治疗			治疗费	治疗收入	3.治疗类：(9)非手术治疗项目费
KHS4G417	成人复杂安氏Ⅰ类错合固定矫治器正畸治疗	KHS27417	成人复杂安氏Ⅰ类错合固定矫治器正畸治疗			治疗费	治疗收入	3.治疗类：(9)非手术治疗项目费
KHS4G418	乳牙期安氏Ⅱ类错合正畸治疗	KHS27418	乳牙期安氏Ⅱ类错合正畸治疗	310522005	乳牙期安氏II类错合正畸治疗	治疗费	治疗收入	3.治疗类：(9)非手术治疗项目费
KHS4G419	乳牙期复杂安氏Ⅱ类错合正畸治疗	KHS27419	乳牙期复杂安氏Ⅱ类错合正畸治疗			治疗费	治疗收入	3.治疗类：(9)非手术治疗项目费
KHS4G420	替牙期安氏Ⅱ类错合活动矫治器正畸治疗	KHS27420	替牙期安氏Ⅱ类错合活动矫治器正畸治疗	310522007	替牙期牙性安氏II类错合活动矫治器正畸治疗	治疗费	治疗收入	3.治疗类：(9)非手术治疗项目费
				310522006	替牙期安氏II类错口腔不良习惯正畸治疗	治疗费	治疗收入	3.治疗类：(9)非手术治疗项目费
KHS4G421	替牙期复杂安氏Ⅱ类错合活动矫治器正畸治疗	KHS27421	替牙期复杂安氏Ⅱ类错合活动矫治器正畸治疗			治疗费	治疗收入	3.治疗类：(9)非手术治疗项目费
KHS4G422	替牙期安氏Ⅱ类错合固定矫治器正畸治疗	KHS27422	替牙期安氏Ⅱ类错合固定矫治器正畸治疗	310522008	替牙期牙性安氏II类错合固定矫治器正畸治疗	治疗费	治疗收入	3.治疗类：(9)非手术治疗项目费
KHS4G423	替牙期复杂安氏Ⅱ类错合固定矫治器正畸治疗	KHS27423	替牙期复杂安氏Ⅱ类错合固定矫治器正畸治疗			治疗费	治疗收入	3.治疗类：(9)非手术治疗项目费
KHS4G424	替牙期骨性Ⅱ类错合正畸治疗	KHS27424	替牙期骨性Ⅱ类错合正畸治疗	310522009	治疗	治疗费	治疗收入	3.治疗类：(9)非手术治疗项目费
KHS4G425	替牙期复杂骨性Ⅱ类错合正畸治疗	KHS27425	替牙期复杂骨性Ⅱ类错合正畸治疗			治疗费	治疗收入	3.治疗类：(9)非手术治疗项目费
KHS4G426	恒牙期安氏Ⅱ类错合功能矫治器正畸治疗	KHS27426	恒牙期安氏Ⅱ类错合功能矫治器正畸治疗	310522010	恒牙早期安氏II类错合功能矫治器治疗	治疗费	治疗收入	3.治疗类：(9)非手术治疗项目费
KHS4G427	恒牙期复杂安氏Ⅱ类错合功能矫治器正畸治疗	KHS27427	恒牙期复杂安氏Ⅱ类错合功能矫治器正畸治疗			治疗费	治疗收入	3.治疗类：(9)非手术治疗项目费
KHS4G428	恒牙期安氏Ⅱ类错合固定矫治器正畸治疗	KHS27428	恒牙期安氏Ⅱ类错合固定矫治器正畸治疗	310522011	恒牙期牙性安氏II类错合固定矫治器治疗	治疗费	治疗收入	3.治疗类：(9)非手术治疗项目费
KHS4G429	恒牙期复杂安氏Ⅱ类错合固定矫治器正畸治疗	KHS27429	恒牙期复杂安氏Ⅱ类错合固定矫治器正畸治疗			治疗费	治疗收入	3.治疗类：(9)非手术治疗项目费
KHS4G430	成人安氏Ⅱ类错合固定矫治器正畸治疗	KHS27430	成人安氏Ⅱ类错合固定矫治器正畸治疗			治疗费	治疗收入	3.治疗类：(9)非手术治疗项目费
KHS4G431	成人复杂安氏Ⅱ类错合固定矫治器正畸治疗	KHS27431	成人复杂安氏Ⅱ类错合固定矫治器正畸治疗			治疗费	治疗收入	3.治疗类：(9)非手术治疗项目费
KHS4G432	恒牙期骨性Ⅱ类错合固定矫治器正畸治疗	KHS27432	恒牙期骨性Ⅱ类错合固定矫治器正畸治疗	310522012	恒牙期骨性安氏II类错合固定矫治器拔牙治疗	治疗费	治疗收入	3.治疗类：(9)非手术治疗项目费
KHS4G433	恒牙期复杂骨性Ⅱ类错合固定矫治器正畸治疗	KHS27433	恒牙期复杂骨性Ⅱ类错合固定矫治器正畸治疗			治疗费	治疗收入	3.治疗类：(9)非手术治疗项目费
KHS4G434	乳牙期安氏Ⅲ类错合正畸治疗	KHS27434	乳牙期安氏Ⅲ类错合正畸治疗	310522013	乳牙期安氏III类错合正畸治疗	治疗费	治疗收入	3.治疗类：(9)非手术治疗项目费
KHS4G435	乳牙期复杂安氏Ⅲ类错合正畸治疗	KHS27435	乳牙期复杂安氏Ⅲ类错合正畸治疗			治疗费	治疗收入	3.治疗类：(9)非手术治疗项目费
KHS4G436	替牙期安氏Ⅲ类错合活动矫治器正畸治疗	KHS27436	替牙期安氏Ⅲ类错合活动矫治器正畸治疗	310522014	替牙期安氏III类错合正畸治疗	治疗费	治疗收入	3.治疗类：(9)非手术治疗项目费
KHS4G437	替牙期复杂安氏Ⅲ类错合活动矫治器正畸治疗	KHS27437	替牙期复杂安氏Ⅲ类错合活动矫治器正畸治疗			治疗费	治疗收入	3.治疗类：(9)非手术治疗项目费
KHS4G438	替牙期安氏Ⅲ类错合固定矫治器正畸治疗	KHS27438	替牙期安氏Ⅲ类错合固定矫治器正畸治疗			治疗费	治疗收入	3.治疗类：(9)非手术治疗项目费
KHS4G439	替牙期复杂安氏Ⅲ类错合固定矫治器正畸治疗	KHS27439	替牙期复杂安氏Ⅲ类错合固定矫治器正畸治疗			治疗费	治疗收入	3.治疗类：(9)非手术治疗项目费
KHS4G440	替牙期安氏Ⅲ类错合功能矫治器正畸治疗	KHS27440	替牙期安氏Ⅲ类错合功能矫治器正畸治疗	310522015	替牙期安氏III类错合功能矫治器治疗	治疗费	治疗收入	3.治疗类：(9)非手术治疗项目费
KHS4G441	替牙期复杂安氏Ⅲ类错合功能矫治器正畸治疗	KHS27441	替牙期复杂安氏Ⅲ类错合功能矫治器正畸治疗			治疗费	治疗收入	3.治疗类：(9)非手术治疗项目费
KHS4G442	恒牙期安氏Ⅲ类错合固定矫治器正畸治疗	KHS27442	恒牙期安氏Ⅲ类错合固定矫治器正畸治疗	310522016	恒牙期安氏III类错合固定矫治器治疗	治疗费	治疗收入	3.治疗类：(9)非手术治疗项目费
KHS4G443	恒牙期复杂安氏Ⅲ类错合固定矫治器正畸治疗	KHS27443	恒牙期复杂安氏Ⅲ类错合固定矫治器正畸治疗			治疗费	治疗收入	3.治疗类：(9)非手术治疗项目费
KHS4G444	成人安氏Ⅲ类错合固定矫治器正畸治疗	KHS27444	成人安氏Ⅲ类错合固定矫治器正畸治疗			治疗费	治疗收入	3.治疗类：(9)非手术治疗项目费
KHS4G445	成人复杂安氏Ⅲ类错合固定矫治器正畸治疗	KHS27445	成人复杂安氏Ⅲ类错合固定矫治器正畸治疗			治疗费	治疗收入	3.治疗类：(9)非手术治疗项目费
KHS4G446	恒牙期骨性Ⅲ类错合固定矫治器正畸治疗	KHS27446	恒牙期骨性Ⅲ类错合固定矫治器正畸治疗	310522017	恒牙期骨性安氏III类错合固定矫治器拔牙治疗	治疗费	治疗收入	3.治疗类：(9)非手术治疗项目费
KHS4G447	恒牙期复杂骨性Ⅲ类错合固定矫治器正畸治疗	KHS27447	恒牙期复杂骨性Ⅲ类错合固定矫治器正畸治疗			治疗费	治疗收入	3.治疗类：(9)非手术治疗项目费
KHS4G448	错合畸形伴牙周病活动矫治器正畸治疗	KHS27448	牙周病伴错合畸形活动矫治器正畸治疗	310522018	正畸治疗	治疗费	治疗收入	3.治疗类：(9)非手术治疗项目费
KHS4K401	防龋激光治疗术	KHS32401	防龋激光治疗	310510008	激光口内治疗	治疗费	治疗收入	3.治疗类：(9)非手术治疗项目费
KHS4K402	去龋激光治疗术	KHS72401	去龋激光治疗			治疗费	治疗收入	3.治疗类：(9)非手术治疗项目费
KHS6P401	乳牙拔除术	HHS65301	乳牙拔除术	330604001	乳牙拔除术	治疗费	治疗收入	3.治疗类：(9)非手术治疗项目费
KHS6U401	半牙切除术	HHS73303	半牙切除术	330604039	半牙切除术	治疗费	治疗收入	3.治疗类：(9)非手术治疗项目费
KHS7L401	牙再植术	HHS89301	牙再植术	330604008	牙再植术	治疗费	治疗收入	3.治疗类：(9)非手术治疗项目费
KHS7P401	牙缺损间接粘接修复术					治疗费	治疗收入	3.治疗类：(9)非手术治疗项目费
KHS7Q401	牙移植术	HHS89302	牙移植术	330604009	牙移植术	治疗费	治疗收入	3.治疗类：(9)非手术治疗项目费
KHT4B401	氟防龋治疗	KHT48401	氟防龋治疗	310510002	氟防龋治疗	治疗费	治疗收入	3.治疗类：(9)非手术治疗项目费
KHT4B402	牙齿内漂白术	KHT48402	牙齿内漂白术	310511010	牙齿漂白术	治疗费	治疗收入	3.治疗类：(9)非手术治疗项目费
KHT4B403	牙列套漂白术	KHT48403	牙列套漂白术			治疗费	治疗收入	3.治疗类：(9)非手术治疗项目费
KHT4B701	牙面光洁术	KHT31401	牙面光洁术	310513005	牙面光洁术	治疗费	治疗收入	3.治疗类：(9)非手术治疗项目费
KHT4B702	牙齿脱色术	KHT31402	牙齿脱色术	310511009	牙脱色术	治疗费	治疗收入	3.治疗类：(9)非手术治疗项目费
KHT4B703	邻面去釉	KHT31404	邻面去釉			治疗费	治疗收入	3.治疗类：(9)非手术治疗项目费
KHT4K401	牙齿冷光漂白术	KHT31403	牙齿冷光漂白术			治疗费	治疗收入	3.治疗类：(9)非手术治疗项目费
KHU3N401	开髓引流术	KHU45401	开髓引流术	310511013	开髓引流术	治疗费	治疗收入	3.治疗类：(9)非手术治疗项目费
KHU4B401	牙列套脱敏治疗术	KHU48402	牙列套脱敏治疗	310510003	牙脱敏治疗	治疗费	治疗收入	3.治疗类：(9)非手术治疗项目费
KHU4B402	牙髓摘除术	KHU65401	牙髓摘除术	310511015	牙髓摘除术	治疗费	治疗收入	3.治疗类：(9)非手术治疗项目费
KHU4E401	髓腔穿孔充填修补术	KHU83401	髓腔穿孔充填修补术	310511022	髓腔穿孔修补术	治疗费	治疗收入	3.治疗类：(9)非手术治疗项目费
KHU4E402	牙髓血运重建术					治疗费	治疗收入	3.治疗类：(9)非手术治疗项目费
KHU4E403	活髓切断术	KHU58401	活髓切断术	310512011	活髓切断术	治疗费	治疗收入	3.治疗类：(9)非手术治疗项目费
KHU4E404	直接盖髓术	KHU62401	直接盖髓术	310511011	盖髓术	治疗费	治疗收入	3.治疗类：(9)非手术治疗项目费
KHU4E405	间接盖髓术	KHU62402	间接盖髓术			治疗费	治疗收入	3.治疗类：(9)非手术治疗项目费
KHU4E406	牙髓失活术	KHU72401	牙髓失活术	310511012	牙髓失活术	治疗费	治疗收入	3.治疗类：(9)非手术治疗项目费
KHU4E407	干髓术	KHU72402	干髓术	310511014	干髓术	治疗费	治疗收入	3.治疗类：(9)非手术治疗项目费
				310511019	髓腔消毒术	治疗费	治疗收入	3.治疗类：(9)非手术治疗项目费
KHV3J301	根面平整术	HHV83301	根面平整术	310513008	根面平整术	治疗费	治疗收入	3.治疗类：(9)非手术治疗项目费
KHV4A401	超声根尖倒预备	HHV62302	超声根尖倒充填术			治疗费	治疗收入	3.治疗类：(9)非手术治疗项目费
KHV4A402	简单根管预备术	KHV18401	简单根管预备	310511016	根管预备	治疗费	治疗收入	3.治疗类：(9)非手术治疗项目费
KHV4A403	复杂根管预备术	KHV18402	复杂根管预备			治疗费	治疗收入	3.治疗类：(9)非手术治疗项目费
KHV4A404	声波根管预备术	KHV18403	超声根管预备			治疗费	治疗收入	3.治疗类：(9)非手术治疗项目费
KHV4A405	激光根管预备术	KHV18404	激光根管预备			治疗费	治疗收入	3.治疗类：(9)非手术治疗项目费
KHV4A406	显微根管治疗术	KHV39402	显微根管治疗	310511018	显微根管治疗术	治疗费	治疗收入	3.治疗类：(9)非手术治疗项目费
KHV4A701	根膜制备					治疗费	治疗收入	3.治疗类：(9)非手术治疗项目费
KHV4E401	单尖法根管充填术					治疗费	治疗收入	3.治疗类：(9)非手术治疗项目费
KHV4E402	根尖倒充填术	HHV62301	根尖倒充填术			治疗费	治疗收入	3.治疗类：(9)非手术治疗项目费
KHV4E403	根管冷牙胶侧压充填术	KHV62401	根管冷牙胶侧压充填术	310511017	根管充填术	治疗费	治疗收入	3.治疗类：(9)非手术治疗项目费
KHV4E404	根管热牙胶垂直加压充填术	KHV62402	根管热塑牙胶垂直加压充填术			治疗费	治疗收入	3.治疗类：(9)非手术治疗项目费
KHV4E405	根管常温牙胶注射式加压充填术	KHV62403	根管常温牙胶注射式加压充填术			治疗费	治疗收入	3.治疗类：(9)非手术治疗项目费
KHV4E406	根管再治疗术	KHV39401	根管再治疗	310511021	根管再治疗术	治疗费	治疗收入	3.治疗类：(9)非手术治疗项目费
				310511020	牙髓塑化治疗术	治疗费	治疗收入	3.治疗类：(9)非手术治疗项目费
KHV4F301	根尖诱导成形术	HHV83304	根尖诱导成形术	310512001	根尖诱导成形术	治疗费	治疗收入	3.治疗类：(9)非手术治疗项目费
KHV4F401	根管内分离器械取出术	KHV64401	根管内分离器械取出术			治疗费	治疗收入	3.治疗类：(9)非手术治疗项目费
KHV4F402	钙化根管疏通术	KHV65401	钙化桥打通术	310512009	钙化桥打通术	治疗费	治疗收入	3.治疗类：(9)非手术治疗项目费
KHV4F403	根管内固定术	KHV71401	根管内固定术	310511025	根管内固定术	治疗费	治疗收入	3.治疗类：(9)非手术治疗项目费
KHV4F404	根管桩钉固位术	KHV71402	根管钉固位术			治疗费	治疗收入	3.治疗类：(9)非手术治疗项目费
KHV4F405	根管穿孔内修补术	KHV83401	根管壁穿孔修补术	310511023	根管壁穿孔外科修补术	治疗费	治疗收入	3.治疗类：(9)非手术治疗项目费
KHV4G401	前牙牙根牵引术	KHV70401	前牙根折根牵引术	310512008	前牙根折根牵引	治疗费	治疗收入	3.治疗类：(9)非手术治疗项目费
KHV7P401	根管外科手术	HHV83302	显微镜下根管外科手术	330604032	显微根管外科手术	治疗费	治疗收入	3.治疗类：(9)非手术治疗项目费
KHV7P402	根管壁穿孔外科修补术	KHV83401	根管壁穿孔修补术	310511023	根管壁穿孔外科修补术	治疗费	治疗收入	3.治疗类：(9)非手术治疗项目费
KHW	牙周							
KHW4B401	牙周冲洗上药	KHW48401	牙周局部冲洗上药	310510004	口腔局部冲洗上药	治疗费	治疗收入	3.治疗类：(9)非手术治疗项目费
KHW4B402	冠周冲洗上药	KHW48402	冠周局部治疗	310515002	冠周炎局部治疗	治疗费	治疗收入	3.治疗类：(9)非手术治疗项目费
KHW4E401	牙周塞治术	KHW62401	牙龈保护剂塞治	310513006	牙龈保护剂塞治	治疗费	治疗收入	3.治疗类：(9)非手术治疗项目费
KHW4F301	激光根面平整术	HHW72301	牙周激光治疗	310510008	激光口内治疗	治疗费	治疗收入	3.治疗类：(9)非手术治疗项目费
KHW4F401	龈上洁治术	KHW65401	龈上洁治	310513001	洁治	治疗费	治疗收入	3.治疗类：(9)非手术治疗项目费
KHW4F402	龈下刮治术	KHW65402	龈下刮治	310513002	龈下刮治	治疗费	治疗收入	3.治疗类：(9)非手术治疗项目费
KHW4F403	牙周夹板松牙固定术	KHW71401	牙周夹板固定	310513003	牙周固定	治疗费	治疗收入	3.治疗类：(9)非手术治疗项目费
				310513004	去除牙周固定	治疗费	治疗收入	3.治疗类：(9)非手术治疗项目费
KHW4G401	错合畸形牙周病正畸治疗	KHW27401	牙周病伴错合畸形正畸治疗	310522019	牙周病伴错合畸形固定矫治器正畸治疗	治疗费	治疗收入	3.治疗类：(9)非手术治疗项目费
KHW4G402	错合畸形伴重度牙周病正畸治疗	KHW27402	重度牙周病伴错合畸形正畸治疗			治疗费	治疗收入	3.治疗类：(9)非手术治疗项目费
KHX-KHZ	3.其他							
KHX4A701	金属类充填体抛光术	KHU24701	金属类充填体抛光术	310511005	充填体抛光术	治疗费	治疗收入	3.治疗类：(9)非手术治疗项目费
KHX4A702	非金属类充填体抛光术	KHU24702	非金属类充填体抛光术			治疗费	治疗收入	3.治疗类：(9)非手术治疗项目费
KHX4A703	种植模型制备	HHX24701	种植模型制备	310523001	种植模型制备	治疗费	治疗收入	3.治疗类：(9)非手术治疗项目费
KHX4A704	种植外科导板制备	HHX24702	种植外科导板制备			治疗费	治疗收入	3.治疗类：(9)非手术治疗项目费
KHX4A705	种植治疗方案设计	HHX41701	种植治疗方案设计	310509001	种植治疗设计	治疗费	治疗收入	3.治疗类：(9)非手术治疗项目费
KHX4A706	数字化设计及制作种植外科导板	HHX41702	计算机辅助设计种植外科导板	310505001	正颌外科手术设计与面型预测	治疗费	治疗收入	3.治疗类：(9)非手术治疗项目费
				310505002	云纹仪检查	检查费	检查收入	2.诊断类：(8)临床诊断项目费
KHX4A707	数字化设计种植义齿	HHX41703	计算机辅助设计固定种植义齿	310523006	全口固定种植义齿	治疗费	治疗收入	3.治疗类：(9)非手术治疗项目费
KHX4A708	数字化种植辅助手术导板设计及制备					治疗费	治疗收入	3.治疗类：(9)非手术治疗项目费
KHX4F401	种植体周围洁治术	HHX65301	种植体周围洁治术			治疗费	治疗收入	3.治疗类：(9)非手术治疗项目费
KHX6K401	牙种植体植入术	HHX61303	牙种植体植入术	330609001	牙种植体植入术	治疗费	治疗收入	3.治疗类：(9)非手术治疗项目费
KHX6N401	骨结合种植体取出术	HHX64302	骨结合种植体取出术	330609011	种植体取出术	治疗费	治疗收入	3.治疗类：(9)非手术治疗项目费
KHX6P401	松动种植体拔除术	HHX64301	松动种植体拔除术			治疗费	治疗收入	3.治疗类：(9)非手术治疗项目费
KHY6N301	转流管取出术	HQT64301	转流管取出术			治疗费	治疗收入	3.治疗类：(9)非手术治疗项目费
KHZ3C701	钛重建板弯制复制口内咬合关系	HHZ60701	钛重建板弯制复制口内咬合关系			治疗费	治疗收入	3.治疗类：(9)非手术治疗项目费
KHZ4A701	复杂唇弓器制备	HHZ24705	复杂唇弓器制备			治疗费	治疗收入	3.治疗类：(9)非手术治疗项目费
KHZ4A702	带环制备	HHZ24703	带环制备	310505004	带环制备	治疗费	治疗收入	3.治疗类：(9)非手术治疗项目费
KHZ4A703	咬合导板制备	HHZ24706	合导板制备	310505006	合导板制备	治疗费	治疗收入	3.治疗类：(9)非手术治疗项目费
KHZ4A704	正颌外科咬合导板制备	HHZ24707	正颌外科咬合导板制备			治疗费	治疗收入	3.治疗类：(9)非手术治疗项目费
KHZ4A705	颌骨缺损咬合导板制作	HHZ24710	颌骨缺损咬合导板制作	310523002	外科引导颌板	治疗费	治疗收入	3.治疗类：(9)非手术治疗项目费
KHZ4A706	正颌外科手术设计	HHZ41701	正颌外科手术设计	310505001	正颌外科手术设计与面型预测	治疗费	治疗收入	3.治疗类：(9)非手术治疗项目费
KHZ4A707	正颌外科手术数字化设计与预测	HHZ41702	正颌外科手术数字化设计与预测			治疗费	治疗收入	3.治疗类：(9)非手术治疗项目费
KHZ4A708	颌面缺损重建手术设计	HHZ41703	颌面缺损重建手术设计			治疗费	治疗收入	3.治疗类：(9)非手术治疗项目费
KHZ4A709	模型外科设计	HHZ41704	模型外科设计	310505003	模型外科设计	治疗费	治疗收入	3.治疗类：(9)非手术治疗项目费
KHZ4A710	口腔常规印模及模型制备	HHZ24701	口腔常规模型制备	310501007	口腔模型制备	治疗费	治疗收入	3.治疗类：(9)非手术治疗项目费
KHZ4A711	口腔功能印模及模型制备	HHZ24702	口腔功能模型制备			治疗费	治疗收入	3.治疗类：(9)非手术治疗项目费
KHZ4A712	颌面头骨模型制作	HHZ24708	颌面头骨模型制作			治疗费	治疗收入	3.治疗类：(9)非手术治疗项目费
KHZ4A713	牙槽突模型测绘	HHZ24709	牙槽突模型测绘			治疗费	治疗收入	3.治疗类：(9)非手术治疗项目费
KHZ4A714	面部模型制备	HHZ24711	面部模型制备	310501009	面部模型制备	治疗费	治疗收入	3.治疗类：(9)非手术治疗项目费
KHZ4A715	正畸记存模型制备	HHZ24712	正畸记存模型制备	310501008	记存模型制备	治疗费	治疗收入	3.治疗类：(9)非手术治疗项目费
KHZ4A716	3D模型设计与制作					治疗费	治疗收入	3.治疗类：(9)非手术治疗项目费
KHZ4D701	根管内桩钉拆除术	KHZ64701	拆桩	310519002	拆桩	治疗费	治疗收入	3.治疗类：(9)非手术治疗项目费
KJ	(七)呼吸系统							
KJA3K401	经鼻高流量呼吸湿化氧疗					治疗费	治疗收入	3.治疗类：(9)非手术治疗项目费
KJA3K402	无创呼吸机辅助通气	KJA21401	无创呼吸机辅助通气	310603002	无创辅助通气	治疗费	治疗收入	3.治疗类：(9)非手术治疗项目费
KJA3K403	有创呼吸机辅助通气	KJA21402	有创呼吸机辅助通气	310603001	呼吸机辅助呼吸	治疗费	治疗收入	3.治疗类：(9)非手术治疗项目费
KJA3K404	高压氧舱内直排吸氧	KJA21403	舱内直排吸氧			治疗费	治疗收入	3.治疗类：(9)非手术治疗项目费
KJA3K405	持续高流量湿化吸氧	KJA21404	常压高流量吸氧	310607006	舱外高流量吸氧	治疗费	治疗收入	3.治疗类：(9)非手术治疗项目费
KJA3K901	空气加压舱内高压氧常规治疗	KJA21901	高压氧舱内常规治疗	310607001	高压氧舱治疗	治疗费	治疗收入	3.治疗类：(9)非手术治疗项目费
KJA3K902	空气加压舱内婴儿车治疗	KJA21902	舱内婴儿车治疗			治疗费	治疗收入	3.治疗类：(9)非手术治疗项目费
KJA3K903	婴儿氧舱治疗	KJA21903	婴儿氧舱治疗	310607003	婴儿氧舱治疗	治疗费	治疗收入	3.治疗类：(9)非手术治疗项目费
KJA3K904	超高压力高压氧治疗	KJA21904	超高压力高压氧治疗	310607001	高压氧舱治疗	治疗费	治疗收入	3.治疗类：(9)非手术治疗项目费
KJA3K905	高浓度氧射流雾化治疗	KJA21905	高浓度氧射流雾化治疗			治疗费	治疗收入	3.治疗类：(9)非手术治疗项目费
KJA3K906	单人高压氧舱治疗	KJA21906	单人舱治疗	310607002	单人舱治疗	治疗费	治疗收入	3.治疗类：(9)非手术治疗项目费
KJA3K907	医护陪舱治疗	KJA21907	医护陪舱治疗			治疗费	治疗收入	3.治疗类：(9)非手术治疗项目费
KJA3K908	单独开舱治疗	KJA21908	急救单独开舱治疗	310607004	急救单独开舱治疗	治疗费	治疗收入	3.治疗类：(9)非手术治疗项目费
KJA3U701	高压氧舱内监护	KJA28701	高压氧舱内监护			治疗费	治疗收入	3.治疗类：(9)非手术治疗项目费
KJA3V701	高压氧舱内抢救	KJA30901	高压氧舱内抢救	310607005	舱内抢救	治疗费	治疗收入	3.治疗类：(9)非手术治疗项目费
KJB3G401	气管套管置换术					治疗费	治疗收入	3.治疗类：(9)非手术治疗项目费
KJB3G402	气管导管置换术					治疗费	治疗收入	3.治疗类：(9)非手术治疗项目费
KJB3J901	吸入性损伤气道灌洗治疗	KJB48901	吸入性损伤气道灌洗治疗			治疗费	治疗收入	3.治疗类：(9)非手术治疗项目费
KJB6U601	经支气管镜电套圈治疗	HJD72606	经电子支气管镜电套圈治疗			治疗费	治疗收入	3.治疗类：(9)非手术治疗项目费
		HJC72606	经硬质气管镜电套圈治疗			治疗费	治疗收入	3.治疗类：(9)非手术治疗项目费
KJB7E401	气道腔内支架置入术					治疗费	治疗收入	3.治疗类：(9)非手术治疗项目费
KJB7E601	经支气管镜气道支架置入术	HJB80601	经纤维支气管镜气管支气管支架置入术	310605010	经纤支镜支架置入术	治疗费	治疗收入	3.治疗类：(9)非手术治疗项目费
KJB7N601	经支气管镜微波治疗	HJD72602	经电子支气管镜微波治疗			治疗费	治疗收入	3.治疗类：(9)非手术治疗项目费
		HJC72601	经硬质气管镜微波治疗			治疗费	治疗收入	3.治疗类：(9)非手术治疗项目费
KJB7N602	经支气管镜激光治疗	HJD72603	经电子支气管镜激光治疗			治疗费	治疗收入	3.治疗类：(9)非手术治疗项目费
		HJC72602	经硬质气管镜激光治疗			治疗费	治疗收入	3.治疗类：(9)非手术治疗项目费
KJB7N603	经支气管镜氩等离子体凝固治疗	HJD72604	经电子支气管镜氩离子凝固治疗			治疗费	治疗收入	3.治疗类：(9)非手术治疗项目费
		HJC72604	经硬质气管镜氩离子凝固治疗			治疗费	治疗收入	3.治疗类：(9)非手术治疗项目费
KJB7N604	经支气管镜冷冻治疗	HJD72605	经电子支气管镜冷冻治疗			治疗费	治疗收入	3.治疗类：(9)非手术治疗项目费
KJC3F601	经硬质气管镜气管异物取出术	HJC65601	硬质气管镜下气管异物取出术			治疗费	治疗收入	3.治疗类：(9)非手术治疗项目费
KJC3F602	经气管内镜气管异物取出术					治疗费	治疗收入	3.治疗类：(9)非手术治疗项目费
KJC3J701	气管造瘘口清理					治疗费	治疗收入	3.治疗类：(9)非手术治疗项目费
KJC6S301	气管切开术	HJC50301	气管切开术	330701005	气管切开术	治疗费	治疗收入	3.治疗类：(9)非手术治疗项目费
KJC6S302	纵隔气管造口术					治疗费	治疗收入	3.治疗类：(9)非手术治疗项目费
KJC7E601	经硬质气管镜气道支架置入术	HJC80601	经硬质气管镜支架置入术			治疗费	治疗收入	3.治疗类：(9)非手术治疗项目费
KJC7E602	经支气管镜气道球囊扩张术	HJC80603	经纤维支气管镜气管扩张术	310605009	经内镜气管扩张术	治疗费	治疗收入	3.治疗类：(9)非手术治疗项目费
KJC7N601	经硬质气管镜冷冻治疗	HJC72605	经硬质气管镜冷冻治疗			治疗费	治疗收入	3.治疗类：(9)非手术治疗项目费
KJC7Q301	颈部气管造口再造术	HJC89301	颈部气管造口再造术	330701045	颈部气管造口再造术	治疗费	治疗收入	3.治疗类：(9)非手术治疗项目费
KJD1J601	导航支气管镜呼吸运动门控					治疗费	治疗收入	3.治疗类：(9)非手术治疗项目费
KJD3F601	经内镜支气管内异物取出术					治疗费	治疗收入	3.治疗类：(9)非手术治疗项目费
KJD3F602	经支气管镜异物取出术	HJD65604	经纤维支气管镜异物取出术	310605003	经纤支镜治疗	治疗费	治疗收入	3.治疗类：(9)非手术治疗项目费
KJD3J601	经支气管镜吸痰	HJD65601	经电子支气管镜吸痰			治疗费	治疗收入	3.治疗类：(9)非手术治疗项目费
KJD3M601	经支气管镜滴药治疗	HJD48601	经电子支气管镜滴药治疗			治疗费	治疗收入	3.治疗类：(9)非手术治疗项目费
KJD6K601	经支气管封堵器置入术					治疗费	治疗收入	3.治疗类：(9)非手术治疗项目费
KJD7N601	经支气管肿瘤射频消融术					治疗费	治疗收入	3.治疗类：(9)非手术治疗项目费
KJD7P601	经支气管镜支气管热成形术					治疗费	治疗收入	3.治疗类：(9)非手术治疗项目费
KJE1J601	支气管镜下经肺实质病灶抵达术					治疗费	治疗收入	3.治疗类：(9)非手术治疗项目费
KJE3K901	俯卧位通气治疗					治疗费	治疗收入	3.治疗类：(9)非手术治疗项目费
KJE3M401	一氧化氮吸入治疗					治疗费	治疗收入	3.治疗类：(9)非手术治疗项目费
KJE3M601	经支气管镜支气管肺泡灌洗术	HJE48601	经支气管镜支气管肺泡灌洗术	310605006	经纤支镜肺泡灌洗诊疗术	治疗费	治疗收入	3.治疗类：(9)非手术治疗项目费
KJE6B401	全肺灌洗术	HJE48401	全肺灌洗术			治疗费	治疗收入	3.治疗类：(9)非手术治疗项目费
KJE7N101	经皮肺部病变射频消融术					治疗费	治疗收入	3.治疗类：(9)非手术治疗项目费
KJH3N101	经皮胸部穿刺引流术	HJH45101	胸壁肿块穿刺引流术			治疗费	治疗收入	3.治疗类：(9)非手术治疗项目费
KJH3N102	经皮胸部穿刺注药术					治疗费	治疗收入	3.治疗类：(9)非手术治疗项目费
KJM3M101	胸腔穿刺术	HJM48101	胸腔穿刺术	310604005	胸腔穿刺术	治疗费	治疗收入	3.治疗类：(9)非手术治疗项目费
KJM3N101	胸腔穿刺置管引流术	HJM45101	胸腔穿刺置管引流术			治疗费	治疗收入	3.治疗类：(9)非手术治疗项目费
KJM6R101	经皮气胸穿刺引流术	HJM45102	经皮气胸穿刺引流术			治疗费	治疗收入	3.治疗类：(9)非手术治疗项目费
KJM6R301	胸腔闭式引流术	HJM45301	经肋间胸腔闭式引流术	330703017	胸腔闭式引流术	治疗费	治疗收入	3.治疗类：(9)非手术治疗项目费
KJM6R302	经肋床胸腔闭式引流术	HJM45302	经肋床胸腔闭式引流术			治疗费	治疗收入	3.治疗类：(9)非手术治疗项目费
KJP4K701	体外膈肌起搏治疗	KJP39701	体外膈肌起搏治疗	310603003	体外膈肌起搏治疗	治疗费	治疗收入	3.治疗类：(9)非手术治疗项目费
KJT3M101	胸腔灌注治疗	KJT48101	胸腔灌注治疗	310606002	恶性肿瘤腔内灌注治疗	治疗费	治疗收入	3.治疗类：(9)非手术治疗项目费
KJT6M301	经皮胸腔引流管调换管术	HJT63301	经皮胸腔引流管调管术			治疗费	治疗收入	3.治疗类：(9)非手术治疗项目费
KJT6N301	胸腔引流管取出术					治疗费	治疗收入	3.治疗类：(9)非手术治疗项目费
KJT7N101	经皮胸部肿瘤冷冻消融术	HJT72101	经皮胸部肿瘤冷冻消融术			治疗费	治疗收入	3.治疗类：(9)非手术治疗项目费
KK-KM	(八)循环系统							
KKA3G701	心脏再同步化治疗程控功能检查	KKA26702	心脏再同步化治疗的程控功能检查			治疗费	治疗收入	3.治疗类：(9)非手术治疗项目费
KKA3U701	院内移动心电监护	KKA28701	院内遥测心电监护	310701008	遥测心电监护	治疗费	治疗收入	3.治疗类：(9)非手术治疗项目费
KKA4K401	经食管心脏调搏	FKA03402	经食管心脏调搏	310702015	经食管心脏调搏术	治疗费	治疗收入	3.治疗类：(9)非手术治疗项目费
				310702014	经食管心脏起搏术	治疗费	治疗收入	3.治疗类：(9)非手术治疗项目费
KKA4K402	经食管心脏超速抑制治疗	KKA32401	经食管心脏超速抑制治疗			治疗费	治疗收入	3.治疗类：(9)非手术治疗项目费
KKA4K701	临时心脏起搏治疗	KKA26701	临时起搏器应用	310702006	临时起搏器应用	治疗费	治疗收入	3.治疗类：(9)非手术治疗项目费
KKA4K702	体外经胸壁心脏临时起搏术	KKA32701	体外经胸壁心脏临时起搏术	310702013	体外经胸型心脏临时起搏术	治疗费	治疗收入	3.治疗类：(9)非手术治疗项目费
KKA4K703	体外心脏电复律	KKA32702	心脏电复律	310702016	心脏电复律术	治疗费	治疗收入	3.治疗类：(9)非手术治疗项目费
KKA4K704	体外心脏电除颤	KKA32703	心脏电除颤	310702017	心脏电除颤术	治疗费	治疗收入	3.治疗类：(9)非手术治疗项目费
KKA4K705	体外反搏治疗	KKA32704	体外反搏治疗	310702019	体外反搏治疗	治疗费	治疗收入	3.治疗类：(9)非手术治疗项目费
KKA4K706	体外自动心脏除颤术	KKA32705	体外自动心脏除颤术	310702018	体外自动心脏变律除颤术	治疗费	治疗收入	3.治疗类：(9)非手术治疗项目费
KKA6B101	心内注射	HKA48101	心内注射	120400003	心内注射	治疗费	治疗收入	3.治疗类：(9)非手术治疗项目费
KKA6L201	经皮穿刺心脏辅助装置置换术					治疗费	治疗收入	3.治疗类：(9)非手术治疗项目费
KKA6N301	外置式心脏辅助装置拆除术					治疗费	治疗收入	3.治疗类：(9)非手术治疗项目费
KKA6P201	经皮穿刺心腔异物取出术	HKA65201	经皮穿刺心腔异物取出术			治疗费	治疗收入	3.治疗类：(9)非手术治疗项目费
KKB6B101	经皮心包穿刺术	HKB48101	心包穿刺术	310702022	心包穿刺术	治疗费	治疗收入	3.治疗类：(9)非手术治疗项目费
KKB6R101	经皮心包穿刺置管引流术	HKB45101	心包穿刺置管引流术	330803005	心包开窗引流术	治疗费	治疗收入	3.治疗类：(9)非手术治疗项目费
KKT3E301	术中心脏起搏器使用					治疗费	治疗收入	3.治疗类：(9)非手术治疗项目费
KKT3F301	心外膜临时起搏器导线拔除术					治疗费	治疗收入	3.治疗类：(9)非手术治疗项目费
KKT6K201	经皮穿刺单腔永久起搏器安置术	HKT62201	单腔永久起搏器安置术	310702007	永久起搏器安置术	治疗费	治疗收入	3.治疗类：(9)非手术治疗项目费
KKT6K202	经皮穿刺双腔永久起搏器安置术	HKT62202	双腔永久起搏器安置术			治疗费	治疗收入	3.治疗类：(9)非手术治疗项目费
KKT6K203	经皮穿刺三腔永久起搏器安置术	HKT62203	三腔永久起搏器安置术			治疗费	治疗收入	3.治疗类：(9)非手术治疗项目费
KKT6K204	经皮穿刺埋藏式单腔心脏复律除颤器安置术	HKT62204	埋藏式单腔心脏复律除颤器安置术	310702009	埋藏式心脏复律除颤器安置术	治疗费	治疗收入	3.治疗类：(9)非手术治疗项目费
KKT6K205	经皮穿刺埋藏式双腔心脏复律除颤器安置术	HKT62205	埋藏式双腔心脏复律除颤器安置术			治疗费	治疗收入	3.治疗类：(9)非手术治疗项目费
KKT6K206	经皮穿刺埋藏式三腔心脏复律除颤器安置术	HKT62206	埋藏式三腔心脏复律除颤器安置术			治疗费	治疗收入	3.治疗类：(9)非手术治疗项目费
KKT6K207	经皮穿刺心脏希浦系统起搏术					治疗费	治疗收入	3.治疗类：(9)非手术治疗项目费
KKT6K208	经皮穿刺临时起搏器安置术	HKT62301	临时起搏器安置术	310702005	临时起搏器安置术	治疗费	治疗收入	3.治疗类：(9)非手术治疗项目费
KKT6K301	经皮穿刺植入式心电监测器安置术	HKT62302	植入式心电记录器安置术			治疗费	治疗收入	3.治疗类：(9)非手术治疗项目费
KKT6N301	起搏器电极取出术	HKT64301	起搏器电极取出术			治疗费	治疗收入	3.治疗类：(9)非手术治疗项目费
KKT6U301	起搏器囊袋清创术	HKT64302	起搏器囊袋清创术			治疗费	治疗收入	3.治疗类：(9)非手术治疗项目费
KKU6K201	经皮穿刺冠状动脉内局部放射治疗	HKU62201	冠脉内局部放射治疗	320500014	冠脉内局部放射治疗术	治疗费	治疗收入	3.治疗类：(9)非手术治疗项目费
KLA6B201	经皮穿刺肺动脉内溶栓术	HLA72201	经皮穿刺肺动脉内溶栓术			治疗费	治疗收入	3.治疗类：(9)非手术治疗项目费
KLB6K201	经皮穿刺主动脉置管术					治疗费	治疗收入	3.治疗类：(9)非手术治疗项目费
KLB6K901	主动脉内球囊反搏(IABP)安装术	HLB62901	主动脉内球囊反搏安装术	330803023	主动脉内球囊反搏置管术	治疗费	治疗收入	3.治疗类：(9)非手术治疗项目费
KLB6N701	主动脉内球囊反搏(IABP)撤除术	HLB64701	主动脉内球囊反搏撤除术			治疗费	治疗收入	3.治疗类：(9)非手术治疗项目费
KLF4J901	颈动脉压迫训练	KLF19901	颈动脉压迫训练			治疗费	治疗收入	3.治疗类：(9)非手术治疗项目费
KLF6B301	颈动脉置管溶栓术					治疗费	治疗收入	3.治疗类：(9)非手术治疗项目费
KLG6B201	表浅动脉假性动脉瘤腔内凝血酶注射术					治疗费	治疗收入	3.治疗类：(9)非手术治疗项目费
KLH6B201	椎动脉假性动脉瘤腔内凝血酶注射					治疗费	治疗收入	3.治疗类：(9)非手术治疗项目费
KLK7L201	经皮穿刺腹主动脉-髂动脉置管溶栓复通术	HLK87202	腹主动脉-髂动脉置管溶栓复通术			治疗费	治疗收入	3.治疗类：(9)非手术治疗项目费
KLP6B201	经皮穿刺肝动脉内溶栓术	HLP72201	经皮穿刺肝动脉内溶栓术			治疗费	治疗收入	3.治疗类：(9)非手术治疗项目费
KLP6K201	经皮穿刺肝动脉置管术	HLP62201	经皮穿刺肝动脉置管术	320200004	经皮选择性动脉置管术	治疗费	治疗收入	3.治疗类：(9)非手术治疗项目费
KLP7N201	经皮肝动脉内血栓碎栓术	HLP72202	经皮肝动脉内血栓碎栓术			治疗费	治疗收入	3.治疗类：(9)非手术治疗项目费
KLT6B201	经皮穿刺肠系膜上动脉内溶栓术	HLT72202	经皮穿刺肠系膜上动脉内溶栓术			治疗费	治疗收入	3.治疗类：(9)非手术治疗项目费
KLT6K201	经皮穿刺肠系膜上动脉置管术	HLT62201	经皮穿刺肠系膜上动脉置管术	320200004	经皮选择性动脉置管术	治疗费	治疗收入	3.治疗类：(9)非手术治疗项目费
KLU6K201	经皮穿刺肠系膜下动脉置管术	HLU62201	经皮穿刺肠系膜下动脉置管术			治疗费	治疗收入	3.治疗类：(9)非手术治疗项目费
KLW6B201	经皮穿刺肾动脉溶栓术	HLW72202	经皮穿刺肾动脉溶栓术			治疗费	治疗收入	3.治疗类：(9)非手术治疗项目费
KLW6K201	经皮穿刺肾动脉置管术	HLW62201	经皮穿刺肾动脉置管术	320200004	经皮选择性动脉置管术	治疗费	治疗收入	3.治疗类：(9)非手术治疗项目费
KLX6K201	经皮穿刺子宫动脉置管术	HLX62201	经皮穿刺子宫动脉置管术			治疗费	治疗收入	3.治疗类：(9)非手术治疗项目费
KL06B201	经皮穿刺髂动脉置管溶栓术	HL087202	经皮穿刺髂动脉置管溶栓术	320100008	经皮静脉内溶栓术	治疗费	治疗收入	3.治疗类：(9)非手术治疗项目费
KL36B201	经皮穿刺上肢血管瘤腔内药物灌注术	HL348201	经皮穿刺上肢血管瘤腔内药物灌注术	320200013	经皮血管瘤腔内药物灌注术	治疗费	治疗收入	3.治疗类：(9)非手术治疗项目费
KL37N201	经皮穿刺上肢动脉内超声消融术	HL372201	经皮穿刺上肢动脉内超声消融术	320200008	经皮动脉内超声血栓消融术	治疗费	治疗收入	3.治疗类：(9)非手术治疗项目费
KL56B201	经皮穿刺下肢血管瘤腔内药物灌注术	HL548201	经皮穿刺下肢血管瘤腔内药物灌注术	320200013	经皮血管瘤腔内药物灌注术	治疗费	治疗收入	3.治疗类：(9)非手术治疗项目费
KL56K201	经皮穿刺下肢动脉置管术	HL562201	经皮穿刺下肢动脉置管术	320200004	经皮选择性动脉置管术	治疗费	治疗收入	3.治疗类：(9)非手术治疗项目费
KL57N201	经皮穿刺下肢动脉内超声消融术	HL572201	经皮穿刺下肢动脉内超声消融术	320200008	经皮动脉内超声血栓消融术	治疗费	治疗收入	3.治疗类：(9)非手术治疗项目费
KL63M201	超声引导下股动脉假性动脉瘤凝血酶注入封闭术	HL648201	股动脉假性动脉瘤凝血酶注入封闭术			治疗费	治疗收入	3.治疗类：(9)非手术治疗项目费
KL93F301	经皮动脉置管拔除术	HL964301	动脉置管拔除术			治疗费	治疗收入	3.治疗类：(9)非手术治疗项目费
KL96B201	经皮动脉内灌注化疗术	HL948202	经皮动脉内灌注化疗术			治疗费	治疗收入	3.治疗类：(9)非手术治疗项目费
KL96K201	经皮动脉化疗泵置入术	HL962201	动脉化疗泵置入术			治疗费	治疗收入	3.治疗类：(9)非手术治疗项目费
KL96K202	经皮穿刺外周动脉穿刺置管术	HL962202	外周动脉穿刺置管术	120400012	动脉穿刺置管术	治疗费	治疗收入	3.治疗类：(9)非手术治疗项目费
KL96K301	动脉切开插管术	HL962301	动脉切开置管术			治疗费	治疗收入	3.治疗类：(9)非手术治疗项目费
KL96N201	经皮穿刺动脉内滤网取出术					治疗费	治疗收入	3.治疗类：(9)非手术治疗项目费
KL96N301	动脉化疗泵取出术	HL964201	动脉化疗泵取出术			治疗费	治疗收入	3.治疗类：(9)非手术治疗项目费
KMB6B201	经皮穿刺上腔静脉内插管溶栓术	HMB87201	经皮穿刺上腔静脉内插管溶栓术	320100008	经皮静脉内溶栓术	治疗费	治疗收入	3.治疗类：(9)非手术治疗项目费
KMC6B201	经皮穿刺无名静脉内溶栓术	HMC72201	经皮穿刺无名静脉内溶栓术			治疗费	治疗收入	3.治疗类：(9)非手术治疗项目费
KMD3F201	经皮穿刺颈静脉透析导管拔除术					治疗费	治疗收入	3.治疗类：(9)非手术治疗项目费
KMD6B201	经皮穿刺颈静脉置管溶栓术					治疗费	治疗收入	3.治疗类：(9)非手术治疗项目费
KMD6K201	经皮穿刺颈静脉透析管置入术	HMD62202	经皮穿刺颈静脉透析管置入术	320100011	经颈静脉长期透析管植入术	治疗费	治疗收入	3.治疗类：(9)非手术治疗项目费
KMD6K202	经皮穿刺颈内静脉置管术	HMD62201	经皮穿刺颈内静脉置管术	320100010	经皮选择性静脉置管术	治疗费	治疗收入	3.治疗类：(9)非手术治疗项目费
KMD6K203	经皮颈内静脉穿刺中心静脉置管术					治疗费	治疗收入	3.治疗类：(9)非手术治疗项目费
KME6B201	经皮穿刺锁骨下静脉内溶栓术	HME72202	经皮穿刺锁骨下静脉内溶栓术	320100008	经皮静脉内溶栓术	治疗费	治疗收入	3.治疗类：(9)非手术治疗项目费
KME6B202	经皮穿刺锁骨下静脉置管溶栓术					治疗费	治疗收入	3.治疗类：(9)非手术治疗项目费
KME6K201	经皮穿刺锁骨下静脉置管术	HME62201	经皮穿刺锁骨下静脉置管术			治疗费	治疗收入	3.治疗类：(9)非手术治疗项目费
KME6K203	经皮锁骨下静脉穿刺中心静脉置管术					治疗费	治疗收入	3.治疗类：(9)非手术治疗项目费
KMF6B201	经皮穿刺上肢静脉内插管溶栓术					治疗费	治疗收入	3.治疗类：(9)非手术治疗项目费
KMF7N201	经皮穿刺上肢静脉血栓超声消融术	HMF72201	经皮穿刺上肢静脉血栓超声消融术	320100009	经皮静脉内超声血栓消融术	治疗费	治疗收入	3.治疗类：(9)非手术治疗项目费
KMH6B201	经皮穿刺腋静脉内溶栓术	HMH72202	经皮穿刺腋静脉内溶栓术			治疗费	治疗收入	3.治疗类：(9)非手术治疗项目费
KMH7N201	经皮穿刺腋静脉血栓超声消融术	HMH72201	经皮穿刺腋静脉血栓超声消融术	320100009	经皮静脉内超声血栓消融术	治疗费	治疗收入	3.治疗类：(9)非手术治疗项目费
KML6B201	经皮穿刺下腔静脉内插管溶栓术	HML72201	经皮穿刺下腔静脉内插管溶栓术	320100008	经皮静脉内溶栓术	治疗费	治疗收入	3.治疗类：(9)非手术治疗项目费
KMN6B101	经皮肝穿刺门静脉药物灌注	HMN48101	经皮肝穿刺门静脉化疗术	310905004	经皮肝穿刺门静脉插管术	治疗费	治疗收入	3.治疗类：(9)非手术治疗项目费
KMN6B102	经皮脾穿刺门静脉药物灌注	HMN48102	经皮脾穿刺门静脉化疗术			治疗费	治疗收入	3.治疗类：(9)非手术治疗项目费
KMN6B201	经颈内静脉穿刺肝门静脉溶栓术	HMN72201	经颈内静脉穿刺肝门静脉溶栓术	320100008	经皮静脉内溶栓术	治疗费	治疗收入	3.治疗类：(9)非手术治疗项目费
KMN6K201	经皮穿刺颈静脉肝内门静脉-腔静脉置管术					治疗费	治疗收入	3.治疗类：(9)非手术治疗项目费
KMN6K202	经皮肝穿刺门静脉导管药盒系统置入术	HMN62201	经皮肝穿刺门静脉导管药盒系统置入术			治疗费	治疗收入	3.治疗类：(9)非手术治疗项目费
KMS6B601	经内镜食管胃底静脉曲张注射治疗	HMS48602	经电子内镜食管静脉曲张注射治疗	310901007	经胃镜食管静脉曲张治疗	治疗费	治疗收入	3.治疗类：(9)非手术治疗项目费
KMS7D601	经内镜食管胃底静脉曲张套扎治疗	HMS59602	经电子内镜食管静脉曲张套扎治疗			治疗费	治疗收入	3.治疗类：(9)非手术治疗项目费
KMX6B201	经皮穿刺髂静脉内溶栓术	HMX72201	经皮穿刺髂静脉内溶栓术	320100008	经皮静脉内溶栓术	治疗费	治疗收入	3.治疗类：(9)非手术治疗项目费
KM16B201	经皮穿刺下肢静脉内插管溶栓术					治疗费	治疗收入	3.治疗类：(9)非手术治疗项目费
KM26B201	经皮穿刺股总静脉内溶栓术	HM272201	经皮穿刺股总静脉内溶栓术	320100008	经皮静脉内溶栓术	治疗费	治疗收入	3.治疗类：(9)非手术治疗项目费
KM26K201	经皮穿刺股静脉置管术	HM262201	经皮穿刺股静脉置管术	320100010	经皮选择性静脉置管术	治疗费	治疗收入	3.治疗类：(9)非手术治疗项目费
KM26K202	经皮穿刺股静脉长期透析管置入术	HM262202	经皮穿刺股静脉长期透析管置入术	320100011	经颈静脉长期透析管植入术	治疗费	治疗收入	3.治疗类：(9)非手术治疗项目费
KM46B201	下肢曲张浅静脉硬化剂治疗	HM448201	下肢曲张浅静脉硬化剂治疗			治疗费	治疗收入	3.治疗类：(9)非手术治疗项目费
KM56B201	大隐静脉硬化剂注射治疗	HM548201	大隐静脉硬化剂注射治疗			治疗费	治疗收入	3.治疗类：(9)非手术治疗项目费
KM81J201	经皮深静脉穿刺术	ABCC0001	经烧伤创面静脉穿刺术			治疗费	治疗收入	3.治疗类：(9)非手术治疗项目费
KM83F301	静脉导管拔除术	HM864201	静脉导管拔除术			治疗费	治疗收入	3.治疗类：(9)非手术治疗项目费
KM83F302	静脉透析管拔除术	HMD64201	经皮穿刺颈静脉透析管拔除术			治疗费	治疗收入	3.治疗类：(9)非手术治疗项目费
KM83M201	急性缺血性卒中静脉溶栓全过程治疗					治疗费	治疗收入	3.治疗类：(9)非手术治疗项目费
KM83M203	急性ST段抬高型心肌梗死溶栓治疗					治疗费	治疗收入	3.治疗类：(9)非手术治疗项目费
KM84K701	压力抗栓治疗					治疗费	治疗收入	3.治疗类：(9)非手术治疗项目费
KM86B201	经皮血液透析通路溶栓术	HM872201	经皮血液透析通路溶栓术			治疗费	治疗收入	3.治疗类：(9)非手术治疗项目费
KM86K301	静脉切开置管术	HM862301	静脉切开置管术	120400009	静脉切开置管术	治疗费	治疗收入	3.治疗类：(9)非手术治疗项目费
KM86L201	麻醉诱导下中心静脉导管置换					治疗费	治疗收入	3.治疗类：(9)非手术治疗项目费
KM93M201	皮肤血管淋巴管疾病硬化剂注射治疗	HM948201	血管瘤硬化剂注射治疗	311400031	血管瘤硬化剂注射治疗	治疗费	治疗收入	3.治疗类：(9)非手术治疗项目费
KM93M202	血管畸形硬化剂注射治疗					治疗费	治疗收入	3.治疗类：(9)非手术治疗项目费
KM93M901	动静脉内瘘溶栓治疗	KRZ48202	功能不良内瘘溶栓处理			治疗费	治疗收入	3.治疗类：(9)非手术治疗项目费
KM96A701	备体外循环	HM941701	备体外循环	330802045	外通道手术	治疗费	治疗收入	3.治疗类：(9)非手术治疗项目费
KM96B201	经皮穿刺静/动脉溶栓术					治疗费	治疗收入	3.治疗类：(9)非手术治疗项目费
KM96K901	体外膜肺(ECMO)安装术	HM962901	体外人工膜肺(ECMO)安装术	330803025	体外人工膜肺(ECOM)	治疗费	治疗收入	3.治疗类：(9)非手术治疗项目费
KM96M301	体外膜肺(ECMO)血泵更换术	HM963301	体外膜肺(ECMO)的血泵更换术			治疗费	治疗收入	3.治疗类：(9)非手术治疗项目费
KM96M302	体外膜肺(ECMO)膜肺更换术	HM963302	体外膜肺(ECMO)的膜肺更换术			治疗费	治疗收入	3.治疗类：(9)非手术治疗项目费
KM96N301	体外膜肺(ECMO)撤除术	HM964301	体外膜肺(ECMO)撤除术			治疗费	治疗收入	3.治疗类：(9)非手术治疗项目费
KM97D201	经皮穿刺血管瘤栓塞术					治疗费	治疗收入	3.治疗类：(9)非手术治疗项目费
KN	(九)造血及淋巴系统							
KNA3D701	骨髓冷藏保存					治疗费	治疗收入	3.治疗类：(9)非手术治疗项目费
KNA3D702	骨髓红细胞去除	KNA65701	骨髓红细胞去除	310800006	白细胞除滤	治疗费	治疗收入	3.治疗类：(9)非手术治疗项目费
KNA3D703	骨髓血浆去除	KNA65702	骨髓血浆去除	310800019	配型不合异基因骨髓移植T细胞去除术	治疗费	治疗收入	3.治疗类：(9)非手术治疗项目费
KNA3D704	自体骨髓干细胞分离制备					治疗费	治疗收入	3.治疗类：(9)非手术治疗项目费
KNA3D705	造血干细胞超低温冻存	KNA23701	造血干细胞超低温冻存	310800016	骨髓或外周血干细胞冷冻保存	治疗费	治疗收入	3.治疗类：(9)非手术治疗项目费
				310800015	骨髓或外周血干细胞体外净化	治疗费	治疗收入	3.治疗类：(9)非手术治疗项目费
KNA3D706	造血干细胞液氮冻存	KNA23702	造血干细胞液氮冻存			治疗费	治疗收入	3.治疗类：(9)非手术治疗项目费
KNA3D707	造血干细胞解冻	KNA23703	造血干细胞解冻			治疗费	治疗收入	3.治疗类：(9)非手术治疗项目费
KNA3L101	骨髓腔穿刺输液					治疗费	治疗收入	3.治疗类：(9)非手术治疗项目费
KNA3L201	造血干细胞回输	KNA49201	造血干细胞回输	310800014	外周血干细胞回输	治疗费	治疗收入	3.治疗类：(9)非手术治疗项目费
KNA3P201	干细胞分离单采治疗	KNA39201	干细胞分离单采治疗	310800005	血细胞分离单采	治疗费	治疗收入	3.治疗类：(9)非手术治疗项目费
		KNC39201	血浆分离单采治疗			治疗费	治疗收入	3.治疗类：(9)非手术治疗项目费
				310800018	血细胞分化簇抗原(CD)34阳性造血干细胞移植	治疗费	治疗收入	3.治疗类：(9)非手术治疗项目费
				310800021	外周血干细胞移植术	治疗费	治疗收入	3.治疗类：(9)非手术治疗项目费
				310800022	自体骨髓或外周血干细胞支持治疗	治疗费	治疗收入	3.治疗类：(9)非手术治疗项目费
KNA6J101	富集器富集骨髓植骨术					治疗费	治疗收入	3.治疗类：(9)非手术治疗项目费
KNA6Q301	骨髓采集术	HNA60301	骨髓采集术	310800012	骨髓采集术	治疗费	治疗收入	3.治疗类：(9)非手术治疗项目费
				310800013	骨髓血回输	治疗费	治疗收入	3.治疗类：(9)非手术治疗项目费
KNB6R101	经皮脾囊肿穿刺引流术	HNB45101	经皮脾囊肿穿刺引流术	310800027	脾穿刺术	治疗费	治疗收入	3.治疗类：(9)非手术治疗项目费
KNB6R102	经皮脾脓肿穿刺引流术	HNB45102	经皮脾脓肿穿刺引流术			治疗费	治疗收入	3.治疗类：(9)非手术治疗项目费
KNB7N301	脾肿物射频消融术					治疗费	治疗收入	3.治疗类：(9)非手术治疗项目费
KNC1F201	自体血采集	FNC06201	自体血采集	310800004	采自体血及保存	治疗费	治疗收入	3.治疗类：(9)非手术治疗项目费
KNC3D701	富血小板血浆制备					治疗费	治疗收入	3.治疗类：(9)非手术治疗项目费
KNC3L201	术中自体血回输	KNC49201	术中自体血回输	310800007	自体血回收	治疗费	治疗收入	3.治疗类：(9)非手术治疗项目费
KNC3L202	急性等容稀释自体输血					治疗费	治疗收入	3.治疗类：(9)非手术治疗项目费
KNC3L301	新生儿换血术	ABCK0001	新生儿换血术	311202010	新生儿换血术	治疗费	治疗收入	3.治疗类：(9)非手术治疗项目费
KNC3P201	单重血浆置换	KNC66201	单重血浆置换	310800008	血浆置换术	治疗费	治疗收入	3.治疗类：(9)非手术治疗项目费
KNC3P202	双重血浆置换	KNC66202	双膜血浆置换			治疗费	治疗收入	3.治疗类：(9)非手术治疗项目费
				310800010	血液稀释疗法	治疗费	治疗收入	3.治疗类：(9)非手术治疗项目费
KNC3P203	单采治疗	KND39201	粒细胞分离单采治疗	310800005	血细胞分离单采	治疗费	治疗收入	3.治疗类：(9)非手术治疗项目费
		KND39202	淋巴细胞分离单采治疗			治疗费	治疗收入	3.治疗类：(9)非手术治疗项目费
		KND39203	红细胞分离单采治疗			治疗费	治疗收入	3.治疗类：(9)非手术治疗项目费
KNC3P203	单采治疗	KND39701	血小板分离单采治疗	310800005	血细胞分离单采	治疗费	治疗收入	3.治疗类：(9)非手术治疗项目费
KNC3P701	体外循环血液超滤					治疗费	治疗收入	3.治疗类：(9)非手术治疗项目费
KNC4K701	血液光量子照射治疗	KNC32701	血液光量子照射治疗			治疗费	治疗收入	3.治疗类：(9)非手术治疗项目费
KND3D701	脐带血干细胞分离制备					治疗费	治疗收入	3.治疗类：(9)非手术治疗项目费
				310800023	脐血移植术	治疗费	治疗收入	3.治疗类：(9)非手术治疗项目费
KND3L701	富血小板血浆(PRP)治疗					治疗费	治疗收入	3.治疗类：(9)非手术治疗项目费
		KND48101	细胞因子活化杀伤(CIK)细胞输注治疗	310800024	细胞因子活化杀伤(CIK)细胞输注治疗	治疗费	治疗收入	3.治疗类：(9)非手术治疗项目费
KND6K201	自体富血小板血液成分植入术					治疗费	治疗收入	3.治疗类：(9)非手术治疗项目费
KNQ3H701	淋巴水肿综合消肿治疗					治疗费	治疗收入	1.综合医疗服务类：(2)一般治疗操作费
KP-KQ	(十)消化系统							
KPA1J601	经内镜消化道定位(示踪)术					治疗费	治疗收入	3.治疗类：(9)非手术治疗项目费
KPA6L301	消化道造口管置换术	HPA66301	消化道造瘘管置换术	310905025	消化道造瘘管换管术	治疗费	治疗收入	3.治疗类：(9)非手术治疗项目费
KPA6R101	经超声内镜穿刺引流术	HPD45101	超声胃镜引导下穿刺引流术			治疗费	治疗收入	3.治疗类：(9)非手术治疗项目费
KPA7D601	经内镜胃肠道病变套扎术	HPU73604	经内镜直肠良性肿物套扎切除术			治疗费	治疗收入	3.治疗类：(9)非手术治疗项目费
KPA7N601	经内镜消化道病变射频消融术					治疗费	治疗收入	3.治疗类：(9)非手术治疗项目费
KPA7N602	经内镜消化道病变微波消融术					治疗费	治疗收入	3.治疗类：(9)非手术治疗项目费
KPB3F601	经内镜上消化道异物取出术	HPC65603	经电子内镜食管异物取出术	310901005	经食管镜取异物	治疗费	治疗收入	3.治疗类：(9)非手术治疗项目费
		HPD65601	经纤维内镜胃内异物取出术			治疗费	治疗收入	3.治疗类：(9)非手术治疗项目费
		HPD65602	经电子内镜胃内异物取出术			治疗费	治疗收入	3.治疗类：(9)非手术治疗项目费
KPB3R601	经内镜上消化道止血术	HPB46602	经电子内镜上消化道出血治疗	310902006	经胃镜特殊治疗	治疗费	治疗收入	3.治疗类：(9)非手术治疗项目费
KPB3R602	经内镜上消化道出血金属夹止血术					治疗费	治疗收入	3.治疗类：(9)非手术治疗项目费
KPB3R603	经内镜上消化道出血电凝止血术					治疗费	治疗收入	3.治疗类：(9)非手术治疗项目费
KPB3R604	经内镜上消化道出血喷洒治疗					治疗费	治疗收入	3.治疗类：(9)非手术治疗项目费
KPB6L601	经内镜上消化道支架置换术	HPC66601	经电子内镜食管支架置换术			治疗费	治疗收入	3.治疗类：(9)非手术治疗项目费
		HPD66601	经电子内镜胃内支架置换术	310902007	经胃镜胃内支架置入术	治疗费	治疗收入	3.治疗类：(9)非手术治疗项目费
KPB6N601	经内镜上消化道支架取出术	HPC64601	经电子内镜食管支架取出术			治疗费	治疗收入	3.治疗类：(9)非手术治疗项目费
		HPD64601	经电子内镜胃内支架取出术			治疗费	治疗收入	3.治疗类：(9)非手术治疗项目费
KPB6T601	经内镜上消化道黏膜剥离术(ESD)					治疗费	治疗收入	3.治疗类：(9)非手术治疗项目费
KPB7E601	经内镜上消化道狭窄扩张术	HPK80602	经电子内镜十二指肠狭窄扩张术	310901008	食管狭窄扩张术	治疗费	治疗收入	3.治疗类：(9)非手术治疗项目费
		HPB65601	经电子内镜食管胃十二指肠黏膜剥离术(ESD)	310902006	经胃镜特殊治疗	治疗费	治疗收入	3.治疗类：(9)非手术治疗项目费
		HPC80601	经电子内镜食管狭窄扩张术	310901008	食管狭窄扩张术	治疗费	治疗收入	3.治疗类：(9)非手术治疗项目费
KPB7N601	上消化道病变氩离子凝固术	HPB72602	经电子内镜食管胃十二指肠息肉氩离子凝固术	310902006	经胃镜特殊治疗	治疗费	治疗收入	3.治疗类：(9)非手术治疗项目费
KPC3F401	气囊导尿管辅助食管异物取出术					治疗费	治疗收入	3.治疗类：(9)非手术治疗项目费
KPC3F601	经硬质食管镜异物取出术	HPC65601	硬质食管镜下异物取出术	310901005	经食管镜取异物	治疗费	治疗收入	3.治疗类：(9)非手术治疗项目费
KPC3F602	经食管内镜气囊导尿管辅助食管异物取出术	HPC65602	经纤维食管镜食管异物取出术			治疗费	治疗收入	3.治疗类：(9)非手术治疗项目费
KPC3F603	经食管内镜异物取出术					治疗费	治疗收入	3.治疗类：(9)非手术治疗项目费
KPC6K601	经内镜上消化道支架置入术	HPC62601	经电子内镜食管支架置入术	310901006	食管腔内支架置入术	治疗费	治疗收入	3.治疗类：(9)非手术治疗项目费
		HPD62601	经电子内镜胃内支架置入术	310902007	经胃镜胃内支架置入术	治疗费	治疗收入	3.治疗类：(9)非手术治疗项目费
KPD4K701	体表胃起搏治疗	KPD39701	体表胃起搏治疗			治疗费	治疗收入	3.治疗类：(9)非手术治疗项目费
KPD6K401	三腔二囊管置入术	HPD62301	三腔两囊管安置术	310901009	三腔管安置术	治疗费	治疗收入	3.治疗类：(9)非手术治疗项目费
KPD6N301	胃束带去除术	HPD64301	胃束带去除术			治疗费	治疗收入	3.治疗类：(9)非手术治疗项目费
KPD6S601	经内镜胃造口术(PEG)	HPD50601	经电子内镜胃造瘘术(PEG)	331002009	胃肠造瘘术	治疗费	治疗收入	3.治疗类：(9)非手术治疗项目费
KPD7K601	经超声内镜胃空肠吻合术					治疗费	治疗收入	3.治疗类：(9)非手术治疗项目费
KPH3H401	肠套叠充气整复	EACPH001	肠套叠充气造影及整复	310903013	肠套叠充气造影及整复	治疗费	治疗收入	3.治疗类：(9)非手术治疗项目费
KPH3H701	肠套叠手法复位	KPH70701	肠套叠手法复位	310903012	肠套叠手法复位	治疗费	治疗收入	3.治疗类：(9)非手术治疗项目费
		HPH83304	肠套叠手法复位及肠切除吻合术	331003005	小儿原发性肠套叠手术复位	手术费	手术收入	3.治疗类：(10)手术治疗费
KPH3H702	嵌顿疝手法复位	KPH70702	嵌顿疝手法复位			治疗费	治疗收入	3.治疗类：(9)非手术治疗项目费
KPH3J401	经肠造口肠道冲洗					治疗费	治疗收入	3.治疗类：(9)非手术治疗项目费
KPH3M401	肠道菌群移植					治疗费	治疗收入	3.治疗类：(9)非手术治疗项目费
KPH6K401	经鼻肠梗阻导管置入术	HPH62401	经鼻肠梗阻导管置入术			治疗费	治疗收入	3.治疗类：(9)非手术治疗项目费
KPH7E601	经内镜肠道狭窄扩张术	HPH80601	经电子内镜肠道狭窄扩张术	310903007	经内镜肠道球囊扩张术	治疗费	治疗收入	3.治疗类：(9)非手术治疗项目费
KPJ3R601	经内镜小肠出血止血术					治疗费	治疗收入	3.治疗类：(9)非手术治疗项目费
KPJ6K601	经内镜小肠支架置入术					治疗费	治疗收入	3.治疗类：(9)非手术治疗项目费
KPK7E601	经内镜十二指肠乳头括约肌扩张术					治疗费	治疗收入	3.治疗类：(9)非手术治疗项目费
KPK7E602	经十二指肠镜乳头狭窄扩张术	HPK80601	经十二指肠镜乳头狭窄扩张术	331006013	经十二指肠镜乳头扩张术	治疗费	治疗收入	3.治疗类：(9)非手术治疗项目费
KPL6K401	经胃造瘘口空肠营养管置入术	HPL62401	经胃造瘘口空肠营养管置入术	310903001	经胃镜胃肠置管术	治疗费	治疗收入	3.治疗类：(9)非手术治疗项目费
KPL6K402	经鼻十二指肠/空肠置管术					治疗费	治疗收入	3.治疗类：(9)非手术治疗项目费
KPL6K601	经内镜空肠置管术	HPL62602	经电子内镜空肠置管术	310903001	经胃镜胃肠置管术	治疗费	治疗收入	3.治疗类：(9)非手术治疗项目费
KPL6M401	经鼻空肠营养管调管术	HPL63301	经鼻空肠营养管调管术			治疗费	治疗收入	3.治疗类：(9)非手术治疗项目费
KPL6S601	经内镜空肠造口术	HPL50601	经内镜空肠造瘘术	331002009	胃肠造瘘术	治疗费	治疗收入	3.治疗类：(9)非手术治疗项目费
KPR6R101	经直肠阑尾脓肿穿刺引流术	HPR45101	经直肠阑尾脓肿穿刺引流术			治疗费	治疗收入	3.治疗类：(9)非手术治疗项目费
KPS3J401	先天性巨结肠回流洗肠治疗	KPS48401	先天性巨结肠回流洗肠治疗			治疗费	治疗收入	3.治疗类：(9)非手术治疗项目费
KPS3J402	先天性巨结肠术前清洁洗肠治疗	KPS48402	先天性巨结肠术前清洁洗肠治疗	310903011	先天性巨结肠清洁洗肠术	治疗费	治疗收入	3.治疗类：(9)非手术治疗项目费
KPS3R601	经内镜结肠黏膜出血夹闭止血术	HPS46602	经电子内镜结肠黏膜出血治疗			治疗费	治疗收入	3.治疗类：(9)非手术治疗项目费
		HPS46601	经纤维内镜结肠黏膜出血治疗			治疗费	治疗收入	3.治疗类：(9)非手术治疗项目费
KPS3R602	经内镜结肠黏膜出血喷洒治疗	HPS46602	经电子内镜结肠黏膜出血治疗			治疗费	治疗收入	3.治疗类：(9)非手术治疗项目费
		HPS46601	经纤维内镜结肠黏膜出血治疗			治疗费	治疗收入	3.治疗类：(9)非手术治疗项目费
KPS6K601	经内镜结肠支架置入术	HPS62601	经电子内镜结肠支架置入术	310903008	经内镜肠道支架置入术	治疗费	治疗收入	3.治疗类：(9)非手术治疗项目费
				310903009	经内镜结肠治疗	治疗费	治疗收入	3.治疗类：(9)非手术治疗项目费
				311000013	结肠透析	治疗费	治疗收入	3.治疗类：(9)非手术治疗项目费
KPS6L601	经内镜结肠支架置换术	HPS66601	经电子内镜结肠支架置换术			治疗费	治疗收入	3.治疗类：(9)非手术治疗项目费
KPS6N601	经内镜结肠支架取出术	HPS64601	经电子内镜结肠支架取出术			治疗费	治疗收入	3.治疗类：(9)非手术治疗项目费
KPS6S301	先天性巨结肠术后夹膈术	HPS73303	先天性巨结肠术后夹膈术			治疗费	治疗收入	3.治疗类：(9)非手术治疗项目费
KPS6T601	经内镜结直肠黏膜剥离术(ESD)	HPS73601	经电子内镜结肠黏膜剥离术(结肠ESD)			治疗费	治疗收入	3.治疗类：(9)非手术治疗项目费
KPU3R601	经内镜结直肠黏膜止血术					治疗费	治疗收入	3.治疗类：(9)非手术治疗项目费
KPU3R602	经内镜结直肠黏膜出血电凝止血术					治疗费	治疗收入	3.治疗类：(9)非手术治疗项目费
KPU3R603	经直肠镜直肠出血电凝术	HPU46601	经直肠镜直肠出血电凝术			治疗费	治疗收入	3.治疗类：(9)非手术治疗项目费
KPU7D601	经直肠镜直肠出血缝扎术	HPU46602	经直肠镜直肠出血缝扎术	331004001	直肠出血缝扎术	治疗费	治疗收入	3.治疗类：(9)非手术治疗项目费
KPU7E401	直肠狭窄扩张术	HPU80301	直肠狭窄扩张术	331004004	直肠狭窄扩张术	治疗费	治疗收入	3.治疗类：(9)非手术治疗项目费
KPV3H701	混合痔嵌顿手法还纳术	KPV70701	混合痔嵌顿手法还纳术	331004023	混合痔嵌顿手法松解回纳术	治疗费	治疗收入	3.治疗类：(9)非手术治疗项目费
KPV3S301	扩肛术	HPV80301	扩肛术			治疗费	治疗收入	3.治疗类：(9)非手术治疗项目费
KPV4K401	肛门直肠生物反馈治疗	KPV39401	肛门直肠生物反馈治疗	310904008	便秘及腹泻的生物反馈治疗	治疗费	治疗收入	3.治疗类：(9)非手术治疗项目费
KPV7H301	痔嵌顿切开还纳术	HPV50302	痔嵌顿切开还纳术			治疗费	治疗收入	3.治疗类：(9)非手术治疗项目费
KQA6B101	经皮肝囊肿穿刺药物注射治疗	HQA48101	经皮肝囊肿穿刺药物注射治疗	310905009	肝囊肿硬化剂注射治疗	治疗费	治疗收入	3.治疗类：(9)非手术治疗项目费
KQA6K101	经皮肝脏肿物放化疗粒子置入术	HQA62101	经皮肝脏肿物放化疗粒子置入术			治疗费	治疗收入	3.治疗类：(9)非手术治疗项目费
KQA6M101	经皮肝脓肿引流管调换管术	HQA63101	经皮肝脓肿引流管调管术			治疗费	治疗收入	3.治疗类：(9)非手术治疗项目费
KQA6R101	经皮肝囊肿穿刺引流术	HQA45101	经皮肝囊肿穿刺引流术	310905003	肝穿刺术	治疗费	治疗收入	3.治疗类：(9)非手术治疗项目费
KQA6R102	经皮肝脓肿穿刺引流术	HQA45102	经皮肝脓肿穿刺引流术	310905008	膈下脓肿穿刺引流术	治疗费	治疗收入	3.治疗类：(9)非手术治疗项目费
KQA7N101	经皮肝脏肿物药物注射消融术	HQA72101	经皮肝脏肿物药物注射消融术			治疗费	治疗收入	3.治疗类：(9)非手术治疗项目费
KQA7N102	经皮肝脏肿物射频消融术	HQA72104	经皮肝脏肿物射频消融术			治疗费	治疗收入	3.治疗类：(9)非手术治疗项目费
KQC6K101	经皮经肝肝门部肿物支架置入内引流术	HQC45102	经皮经肝肝门部肿物支架置入内引流术			治疗费	治疗收入	3.治疗类：(9)非手术治疗项目费
KQC6R101	经皮经肝肝门部肿物支架管外引流术	HQC45101	经皮经肝肝门部肿物支架管外引流术	331005021	肝门部肿瘤支架管外引流术	治疗费	治疗收入	3.治疗类：(9)非手术治疗项目费
KQD7D101	经皮肝血管瘤硬化剂注射栓塞术	HQD59101	经皮肝血管瘤硬化剂注射栓塞术			治疗费	治疗收入	3.治疗类：(9)非手术治疗项目费
KQE6K101	经皮经肝胆道支架置入术	HQE62101	经皮经肝胆道支架置入术	310905022	胆道支架置入术	治疗费	治疗收入	3.治疗类：(9)非手术治疗项目费
KQE6K601	经内镜胆管内支架置入术	HQE62601	经内镜胆管内支架置入术	310905011	经内镜胆管内引流术＋支架置入术	治疗费	治疗收入	3.治疗类：(9)非手术治疗项目费
KQE6M101	经皮经肝胆道引流管调换管术	HQE63101	经皮经肝胆道引流管调管术	310905010	经皮肝穿胆道引流术(PTCD)	治疗费	治疗收入	3.治疗类：(9)非手术治疗项目费
KQE6N601	经内镜胆管内支架取出术	HQE64601	经内镜胆管内支架取出术	310905011	经内镜胆管内引流术＋支架置入术	治疗费	治疗收入	3.治疗类：(9)非手术治疗项目费
KQE6P501	术中胆道镜异物取出术	HQE65502	术中胆道镜异物取出术			治疗费	治疗收入	3.治疗类：(9)非手术治疗项目费
KQE6R101	经皮肝穿胆道引流术(PTCD)	HQE45101	经皮肝穿胆道引流术(PTCD)	310905010	经皮肝穿胆道引流术(PTCD)	治疗费	治疗收入	3.治疗类：(9)非手术治疗项目费
KQE6R601	经内镜鼻-胆管引流术(ENBD)	HQE45601	经电子内镜鼻-胆管引流术(ENBD)	310905012	经内镜鼻胆管引流术(ENBD)	治疗费	治疗收入	3.治疗类：(9)非手术治疗项目费
KQE6R602	经超声内镜胆管穿刺引流术			310905011	经内镜胆管内引流术＋支架置入术	治疗费	治疗收入	3.治疗类：(9)非手术治疗项目费
KQE6R603	经内镜胆管内引流术	HQE45602	经内镜胆管内引流术			治疗费	治疗收入	3.治疗类：(9)非手术治疗项目费
KQE7E101	经皮经肝胆道狭窄球囊扩张术	HQE80101	经皮经肝胆道狭窄球囊扩张术	310905021	胆道球囊扩张术	治疗费	治疗收入	3.治疗类：(9)非手术治疗项目费
KQE7E102	经皮胆管球囊扩张术					治疗费	治疗收入	3.治疗类：(9)非手术治疗项目费
KQK6S101	经皮胆囊穿刺造口术	HQK50101	经皮胆囊穿刺造瘘术			治疗费	治疗收入	3.治疗类：(9)非手术治疗项目费
KQK7N601	经内镜胆胰管射频消融术					治疗费	治疗收入	3.治疗类：(9)非手术治疗项目费
KQM6P101	经皮胆总管支架取出术					治疗费	治疗收入	3.治疗类：(9)非手术治疗项目费
KQM7E601	经内镜胆总管球囊扩张术					治疗费	治疗收入	3.治疗类：(9)非手术治疗项目费
KQN3M101	经皮胰腺穿刺引流/注药术	HQN45101	经皮胰腺穿刺引流术	331007001	胰腺穿刺术	治疗费	治疗收入	3.治疗类：(9)非手术治疗项目费
KQN6B601	经超声内镜注射					治疗费	治疗收入	3.治疗类：(9)非手术治疗项目费
KQN6R101	经皮胰腺囊肿穿刺引流术	HQN45102	经皮胰腺囊肿穿刺引流术			治疗费	治疗收入	3.治疗类：(9)非手术治疗项目费
KQN6R102	经皮胰腺脓肿穿刺引流术	HQN45103	经皮胰腺脓肿穿刺引流术			治疗费	治疗收入	3.治疗类：(9)非手术治疗项目费
KQP6K601	经内镜胰管内支架置入术	HQP62601	经电子内镜胰管内支架置入术	310905020	经内镜胰胆管扩张术＋支架置入术	治疗费	治疗收入	3.治疗类：(9)非手术治疗项目费
KQP6L601	经内镜胰管支架置换术	HQP66601	经电子内镜胰管支架置换术			治疗费	治疗收入	3.治疗类：(9)非手术治疗项目费
KQP6N601	经内镜胰管支架取出术	HQP64601	经电子内镜胰管支架取出术			治疗费	治疗收入	3.治疗类：(9)非手术治疗项目费
KQP6P601	经内镜胰管结石取石术	HQP65601	经电子内镜胰管结石取石术			治疗费	治疗收入	3.治疗类：(9)非手术治疗项目费
KQP6R601	经内镜鼻-胰管引流术	HQP45602	经电子内镜鼻-胰管引流术			治疗费	治疗收入	3.治疗类：(9)非手术治疗项目费
KQP6R602	经内镜胰管内引流术	HQP45601	经电子内镜胰管内引流术	310905019	经内镜胰管内引流术	治疗费	治疗收入	3.治疗类：(9)非手术治疗项目费
KQP6R603	经超声内镜胰管穿刺引流术					治疗费	治疗收入	3.治疗类：(9)非手术治疗项目费
KQP7E601	经内镜胰管狭窄扩张术	HQP80601	经电子内镜胰管狭窄扩张术			治疗费	治疗收入	3.治疗类：(9)非手术治疗项目费
KQQ3Q301	脐带残端处置术	HQQ59301	脐带残端处置术			治疗费	治疗收入	3.治疗类：(9)非手术治疗项目费
KQQ3Q302	脐茸结扎术	HQQ59302	脐茸结扎术	331008007	脐瘘切除+修补术	治疗费	治疗收入	3.治疗类：(9)非手术治疗项目费
KQQ6K301	新生儿脐血管置管术	ABDB0001	新生儿脐血管置管术	311202008	新生儿脐静脉穿刺和注射	治疗费	治疗收入	3.治疗类：(9)非手术治疗项目费
KQR3H301	腹壁缺损人工疝囊还纳术	HQR70301	腹壁缺损人工疝囊还纳术			治疗费	治疗收入	3.治疗类：(9)非手术治疗项目费
KQT3L101	腹水超滤间接回输治疗	HQT48102	腹水超滤间接回输治疗			治疗费	治疗收入	3.治疗类：(9)非手术治疗项目费
KQT3M101	腹水直接回输治疗	HQT48101	腹水直接回输治疗	310905002	腹水直接回输治疗	治疗费	治疗收入	3.治疗类：(9)非手术治疗项目费
KQT3N101	经皮腹腔/腹壁穿刺引流术	HQT45101	经皮腹腔包块穿刺引流术			治疗费	治疗收入	3.治疗类：(9)非手术治疗项目费
KQT3P201	分子吸附循环系统治疗(MARS)	KQT39201	分子吸附循环系统治疗(MARS)	310905023	人工肝治疗	治疗费	治疗收入	3.治疗类：(9)非手术治疗项目费
KQT6B101	经皮腹腔穿刺注药术	HQT48103	经皮腹腔穿刺注药术			治疗费	治疗收入	3.治疗类：(9)非手术治疗项目费
KQT6B102	人工气腹术	HQT48104	人工气腹术	310604004	人工气腹术	治疗费	治疗收入	3.治疗类：(9)非手术治疗项目费
KQT6B103	经腹腔穿刺插管注液	HQT48105	经腹腔穿刺插管注液	311201021	腹腔穿刺插管盆腔滴注术	治疗费	治疗收入	3.治疗类：(9)非手术治疗项目费
KQT6B104	体腔热灌注术					治疗费	治疗收入	3.治疗类：(9)非手术治疗项目费
KQT6M101	经皮腹腔引流管调换管术	HQT63101	经皮腹腔引流管调管术			治疗费	治疗收入	3.治疗类：(9)非手术治疗项目费
KQT6Q101	腹腔穿刺术					治疗费	治疗收入	3.治疗类：(9)非手术治疗项目费
KQT6R101	经皮腹腔脓肿穿刺引流术	HQT45102	经皮腹腔脓肿穿刺引流术			治疗费	治疗收入	3.治疗类：(9)非手术治疗项目费
KQT6R102	经皮腹腔积液穿刺引流术	HQT45103	经皮腹腔积液穿刺引流术	310905001	腹腔穿刺术	治疗费	治疗收入	3.治疗类：(9)非手术治疗项目费
KQU3M101	经皮盆腔穿刺置管/注药术	HQU45101	经腹壁盆腔穿刺引流术			治疗费	治疗收入	3.治疗类：(9)非手术治疗项目费
KQU3N401	经阴道盆腔液性包块穿刺引流术	HQU45401	经阴道盆腔液性包块穿刺引流术			治疗费	治疗收入	3.治疗类：(9)非手术治疗项目费
KQU6B301	腹盆腔灌洗术					治疗费	治疗收入	3.治疗类：(9)非手术治疗项目费
KQU6M101	经皮盆腔引流管调换管术	HQU63101	经皮盆腔引流管调管术			治疗费	治疗收入	3.治疗类：(9)非手术治疗项目费
KQU6R101	腹盆腔液性包块穿刺引流术	HQU45102	经腹盆腹腔液性包块穿刺引流术			治疗费	治疗收入	3.治疗类：(9)非手术治疗项目费
KQU6R102	经皮盆腔脓肿穿刺引流术	HQU45103	经皮盆腔脓肿穿刺引流术	310905008	膈下脓肿穿刺引流术	治疗费	治疗收入	3.治疗类：(9)非手术治疗项目费
KQZ6R101	经皮膈下脓肿穿刺引流术	HQZ45101	经皮膈下脓肿穿刺引流术			治疗费	治疗收入	3.治疗类：(9)非手术治疗项目费
KR	(十一)泌尿系统							
KRB3P201	连续性肾脏替代治疗	KRB39201	连续性肾脏替代治疗	311000011	连续性血液净化	治疗费	治疗收入	3.治疗类：(9)非手术治疗项目费
KRB6B101	肾囊肿穿刺硬化剂治疗	HRB48101	肾囊肿穿刺硬化剂治疗			治疗费	治疗收入	3.治疗类：(9)非手术治疗项目费
KRB6B102	经皮穿刺肾脏创伤栓塞出血注射治疗	HRB48102	经皮肾脏创伤出血注射治疗			治疗费	治疗收入	3.治疗类：(9)非手术治疗项目费
KRB6B701	肾脏低温机械灌注					治疗费	治疗收入	3.治疗类：(9)非手术治疗项目费
KRC3N101	经皮穿刺肾穿肾盂引流术	HRC45101	经皮肾穿肾盂引流术			治疗费	治疗收入	3.治疗类：(9)非手术治疗项目费
KRC6M101	经皮肾盂造口引流管调换管术	HRC50101	经皮肾盂造瘘引流管调管术			治疗费	治疗收入	3.治疗类：(9)非手术治疗项目费
KRE6M101	经皮肾周引流管调换管术	HRE63101	经皮肾周引流管调管术			治疗费	治疗收入	3.治疗类：(9)非手术治疗项目费
KRE6R101	经皮肾周穿刺引流术	HRE45101	经皮肾周穿刺引流术			治疗费	治疗收入	3.治疗类：(9)非手术治疗项目费
KRF3J301	输尿管冲洗	HRF48301	输尿管冲洗	311000029	输尿管支架管冲洗	治疗费	治疗收入	3.治疗类：(9)非手术治疗项目费
KRF6K401	经尿道输尿管插管术	HRF62401	经尿道输尿管插管术			治疗费	治疗收入	3.治疗类：(9)非手术治疗项目费
KRF6K601	经尿道电子膀胱镜输尿管插管术	HRF62601	经尿道电子膀胱镜输尿管插管术	311000021	经膀胱镜输尿管插管术	治疗费	治疗收入	3.治疗类：(9)非手术治疗项目费
KRF6K602	经尿道纤维膀胱镜输尿管插管术	HRF62602	经尿道纤维膀胱镜输尿管插管术			治疗费	治疗收入	3.治疗类：(9)非手术治疗项目费
KRF6K603	经尿道输尿管镜支架置入术	HRF62603	经尿道输尿管镜支架置入术	311000028	经输尿管镜支架置入术	治疗费	治疗收入	3.治疗类：(9)非手术治疗项目费
KRF6K604	经膀胱镜输尿管支架置入术	HRF62604	经膀胱镜输尿管支架置入术	311000027	经膀胱镜输尿管支架置入术	治疗费	治疗收入	3.治疗类：(9)非手术治疗项目费
KRF6K605	经纤维膀胱镜输尿管支架置入术	HRF62605	经纤维膀胱镜输尿管支架置入术			治疗费	治疗收入	3.治疗类：(9)非手术治疗项目费
KRF6K606	经电子膀胱镜输尿管支架置入术	HRF62606	经电子膀胱镜输尿管支架置入术			治疗费	治疗收入	3.治疗类：(9)非手术治疗项目费
KRF6K607	经尿道电子输尿管镜支架置入术	HRF62607	经尿道电子输尿管镜支架置入术			治疗费	治疗收入	3.治疗类：(9)非手术治疗项目费
KRF6N601	经尿道输尿管镜支架取出术	HRF64601	经尿道输尿管镜支架取出术			治疗费	治疗收入	3.治疗类：(9)非手术治疗项目费
KRF6N602	经膀胱镜输尿管支架取出术	HRF64602	经膀胱镜输尿管支架取出术			治疗费	治疗收入	3.治疗类：(9)非手术治疗项目费
KRF6N603	经纤维膀胱镜输尿管支架取出术	HRF64603	经纤维膀胱镜输尿管支架取出术			治疗费	治疗收入	3.治疗类：(9)非手术治疗项目费
KRF6N604	经电子膀胱镜输尿管支架取出术	HRF64604	经电子膀胱镜输尿管支架取出术			治疗费	治疗收入	3.治疗类：(9)非手术治疗项目费
KRF6N605	经尿道电子输尿管镜支架取出术	HRF64605	经尿道电子输尿管镜支架取出术			治疗费	治疗收入	3.治疗类：(9)非手术治疗项目费
KRF6P601	经尿道输尿管镜异物取出术	HRF65601	经尿道输尿管镜异物取出术			治疗费	治疗收入	3.治疗类：(9)非手术治疗项目费
KRF7E601	经尿道输尿管镜输尿管扩张术	HRF80604	经尿道输尿管镜输尿管扩张术			治疗费	治疗收入	3.治疗类：(9)非手术治疗项目费
KRF7E602	经尿道电子输尿管镜输尿管扩张术	HRF80605	经尿道电子输尿管镜输尿管扩张术			治疗费	治疗收入	3.治疗类：(9)非手术治疗项目费
KRF7E603	经尿道纤维输尿管镜输尿管扩张术	HRF80606	经尿道纤维输尿管镜输尿管扩张术			治疗费	治疗收入	3.治疗类：(9)非手术治疗项目费
KRG3M401	膀胱灌注	HRG48401	膀胱灌注	311000031	膀胱灌注	治疗费	治疗收入	3.治疗类：(9)非手术治疗项目费
KRG6B401	经尿道肉毒杆菌毒素括约肌注射	HRG48402	经尿道肉毒杆菌毒素括约肌注射术			治疗费	治疗收入	3.治疗类：(9)非手术治疗项目费
KRG6B601	经尿道膀胱镜膀胱注射	HRG48601	经尿道膀胱镜下膀胱注射	311000030	膀胱注射	治疗费	治疗收入	3.治疗类：(9)非手术治疗项目费
		HRG48602	经尿道膀胱镜肉毒杆菌毒素胱壁注射术			治疗费	治疗收入	3.治疗类：(9)非手术治疗项目费
		HRG48101	膀胱区封闭术	311000032	膀胱区封闭	治疗费	治疗收入	3.治疗类：(9)非手术治疗项目费
KRG6B602	膀胱镜尿失禁治疗	HRG48603	经膀胱镜尿失禁治疗	311000037	经尿道治疗尿失禁	治疗费	治疗收入	3.治疗类：(9)非手术治疗项目费
KRG6B603	经电子膀胱镜尿失禁治疗	HRG48604	经电子膀胱镜尿失禁治疗			治疗费	治疗收入	3.治疗类：(9)非手术治疗项目费
KRG6B604	纤维膀胱镜尿失禁治疗	HRG48605	经纤维膀胱镜尿失禁治疗			治疗费	治疗收入	3.治疗类：(9)非手术治疗项目费
KRG6F601	经尿道内镜止血术					治疗费	治疗收入	3.治疗类：(9)非手术治疗项目费
KRG6P101	经皮膀胱抽吸术					治疗费	治疗收入	3.治疗类：(9)非手术治疗项目费
KRG7E601	经尿道膀胱镜膀胱水扩张术					治疗费	治疗收入	3.治疗类：(9)非手术治疗项目费
KRG7N401	经尿道膀胱腔内微射频治疗					治疗费	治疗收入	3.治疗类：(9)非手术治疗项目费
KRG7N601	经膀胱镜尿道镜激光治疗	HRG72601	经膀胱镜尿道镜激光治疗	311000035	经膀胱镜尿道镜特殊治疗	治疗费	治疗收入	3.治疗类：(9)非手术治疗项目费
KRG7N602	经电子膀胱镜尿道镜激光治疗	HRG72602	经电子膀胱镜尿道镜激光治疗			治疗费	治疗收入	3.治疗类：(9)非手术治疗项目费
KRG7N603	经纤维膀胱镜尿道镜激光治疗	HRG72603	经纤维膀胱镜尿道镜激光治疗			治疗费	治疗收入	3.治疗类：(9)非手术治疗项目费
KRJ6P401	尿道悬吊带部分取出术					治疗费	治疗收入	3.治疗类：(9)非手术治疗项目费
KRP3A701	家庭腹膜透析随访治疗	KRP22702	家庭腹膜透析治疗			治疗费	治疗收入	3.治疗类：(9)非手术治疗项目费
KRP3G301	腹膜透析导管导丝复位术	HRP63303	腹膜透析导管导丝复位术			治疗费	治疗收入	3.治疗类：(9)非手术治疗项目费
KRP3G701	腹膜透析液更换	KRP26701	腹膜透析液更换	311000003	腹膜透析换液	治疗费	治疗收入	3.治疗类：(9)非手术治疗项目费
KRP3G702	腹膜透析体外短管换管	KRP26702	腹膜透析体外短管换管			治疗费	治疗收入	3.治疗类：(9)非手术治疗项目费
KRP3G703	腹膜透析管封管术	KRP59701	腹膜透析管封管			治疗费	治疗收入	3.治疗类：(9)非手术治疗项目费
KRP3J301	腹膜透析导管感染外涤纶套清除术	HRP64302	腹膜透析导管感染外涤纶套清除术			治疗费	治疗收入	3.治疗类：(9)非手术治疗项目费
KRP3N101	经皮腹膜后肿物穿刺引流/注药术	HQT45104	经皮腹膜后肿物穿刺引流术			治疗费	治疗收入	3.治疗类：(9)非手术治疗项目费
KRP3P701	腹透机自动腹膜透析	KRP22701	腹透机自动腹膜透析	311000002	腹透机自动腹膜透析	治疗费	治疗收入	3.治疗类：(9)非手术治疗项目费
KRP4J901	腹膜透析在院治疗指导	KRP19701	家庭腹膜透析治疗指导			治疗费	治疗收入	3.治疗类：(9)非手术治疗项目费
KRP6M301	腹膜透析导管复位术	HRP63302	腹膜透析导管手术复位术			治疗费	治疗收入	3.治疗类：(9)非手术治疗项目费
KRP6N301	腹膜透析管取出术	HRP64301	腹膜透析管取出术			治疗费	治疗收入	3.治疗类：(9)非手术治疗项目费
KRZ3F301	血液净化用中心静脉临时管拔除术	HRZ64301	血液净化用中心静脉临时管拔除术			治疗费	治疗收入	3.治疗类：(9)非手术治疗项目费
KRZ3F302	血液净化用中心静脉长期管拔除术	HRZ64302	血液净化用中心静脉长期管拔除术			治疗费	治疗收入	3.治疗类：(9)非手术治疗项目费
KRZ3G301	血液透析导管封管术	HRZ63301	血液透析导管封管术	311000004	腹膜透析换管	治疗费	治疗收入	3.治疗类：(9)非手术治疗项目费
KRZ3G401	泌尿系引流管换管术					治疗费	治疗收入	3.治疗类：(9)非手术治疗项目费
KRZ3G701	人工法透析器检测和准备	KRZ26701	人工透析器复用			治疗费	治疗收入	3.治疗类：(9)非手术治疗项目费
KRZ3G702	半自动法透析器检测和准备	KRZ26702	半自动透析器复用			治疗费	治疗收入	3.治疗类：(9)非手术治疗项目费
KRZ3G703	全自动法透析器检测和准备	KRZ26703	全自动透析器复用			治疗费	治疗收入	3.治疗类：(9)非手术治疗项目费
KRZ3M201	功能不良导管药物处理	KRZ48201	功能不良导管处理			治疗费	治疗收入	3.治疗类：(9)非手术治疗项目费
KRZ3P201	连续性配对血浆滤过吸附(CPFA)治疗	KRZ39202	连续性血浆滤过吸附(CPFA)治疗	311000009	连续性血浆滤过吸附	治疗费	治疗收入	3.治疗类：(9)非手术治疗项目费
KRZ3P202	血液透析	KRZ22201	血液透析	311000006	血液透析	治疗费	治疗收入	3.治疗类：(9)非手术治疗项目费
KRZ3P203	在线血液滤过	KRZ22202	在线血液滤过	311000007	血液滤过	治疗费	治疗收入	3.治疗类：(9)非手术治疗项目费
KRZ3P204	非在线血液滤过	KRZ22203	非在线血液滤过			治疗费	治疗收入	3.治疗类：(9)非手术治疗项目费
KRZ3P205	在线血液透析滤过	KRZ22204	在线血液透析滤过	311000008	血液透析滤过	治疗费	治疗收入	3.治疗类：(9)非手术治疗项目费
KRZ3P206	非在线血液透析滤过	KRZ22205	非在线血液透析滤过			治疗费	治疗收入	3.治疗类：(9)非手术治疗项目费
KRZ3P207	血液灌流治疗	KRZ39201	血液灌流治疗	311000010	血液灌流	治疗费	治疗收入	3.治疗类：(9)非手术治疗项目费
KRZ4K701	体外冲击波碎石	KRZ72701	体外冲击波碎石	311000040	体外冲击波碎石	治疗费	治疗收入	3.治疗类：(9)非手术治疗项目费
KRZ6K301	血液净化用中心静脉临时导管置管术	HRZ62301	血液净化用中心静脉临时导管置管术	120400011	中心静脉穿刺置管术	治疗费	治疗收入	3.治疗类：(9)非手术治疗项目费
KRZ6K302	血液净化用中心静脉长期管置管术	HRZ62302	血液净化用中心静脉长期管置管术			治疗费	治疗收入	3.治疗类：(9)非手术治疗项目费
KS	(十二)男性生殖系统							
KSB3N101	鞘膜积液穿刺抽液术	FSB06101	鞘膜积液穿刺抽液术	311100018	鞘膜积液穿刺抽液术	治疗费	治疗收入	3.治疗类：(9)非手术治疗项目费
KSB7S101	睾丸穿刺精子抽吸术(TESA)	HSB60101	睾丸穿刺抽吸精子术(TESA)			治疗费	治疗收入	3.治疗类：(9)非手术治疗项目费
KSF6B601	经精囊镜射精管疏通冲洗术					治疗费	治疗收入	3.治疗类：(9)非手术治疗项目费
KSJ6F601	精囊电灼止血术					治疗费	治疗收入	3.治疗类：(9)非手术治疗项目费
KSK3H401	前列腺按摩	KSK20401	前列腺按摩	311100015	前列腺按摩	治疗费	治疗收入	3.治疗类：(9)非手术治疗项目费
KSK3M101	前列腺穿刺术	HSK45101	前列腺脓肿抽液治疗	311100017	前列腺特殊治疗	治疗费	治疗收入	3.治疗类：(9)非手术治疗项目费
		HSK73101	前列腺囊肿抽液治疗			治疗费	治疗收入	3.治疗类：(9)非手术治疗项目费
		HSK48101	前列腺注射	311100016	前列腺注射	治疗费	治疗收入	3.治疗类：(9)非手术治疗项目费
		HSK48102	前列腺包膜外注射药物			治疗费	治疗收入	3.治疗类：(9)非手术治疗项目费
KSK4K701	体外高频前列腺治疗	HSK72301	体外高频前列腺治疗			治疗费	治疗收入	3.治疗类：(9)非手术治疗项目费
KSK6F601	经尿道膀胱镜前列腺止血术					治疗费	治疗收入	3.治疗类：(9)非手术治疗项目费
KSK6N601	前列腺支架去除					治疗费	治疗收入	3.治疗类：(9)非手术治疗项目费
KSK7N401	经尿道前列腺热疗					治疗费	治疗收入	3.治疗类：(9)非手术治疗项目费
KSK7N402	经直肠前列腺微波治疗	HSK72401	经直肠前列腺微波治疗			治疗费	治疗收入	3.治疗类：(9)非手术治疗项目费
		HSK72403	经尿道前列腺射频治疗			治疗费	治疗收入	3.治疗类：(9)非手术治疗项目费
		HSK72402	经尿道前列腺微波治疗			治疗费	治疗收入	3.治疗类：(9)非手术治疗项目费
KSK7S401	经直肠电刺激取精	HSK60401	经直肠电刺激取精			治疗费	治疗收入	3.治疗类：(9)非手术治疗项目费
KSN7N301	阴茎赘生物烧灼术	HSN72301	阴茎赘生物电灼术	311100010	阴茎赘生物电灼术	治疗费	治疗收入	3.治疗类：(9)非手术治疗项目费
KSP3H701	嵌顿包茎手法复位	KSP70701	嵌顿包茎手法复位	311100002	嵌顿包茎手法复位术	治疗费	治疗收入	3.治疗类：(9)非手术治疗项目费
KSP7E301	小儿包茎扩张术	HSP80301	小儿包茎气囊导管扩张术	311100001	小儿包茎气囊导管扩张术	治疗费	治疗收入	3.治疗类：(9)非手术治疗项目费
KSS3A901	精子库供精信息技术咨询	KSS16701	精子库供精信息技术咨询			治疗费	治疗收入	3.治疗类：(9)非手术治疗项目费
KSS3B701	龟头按摩辅助取精	KSS60702	电动按摩辅助取精	311100008	促射精电动按摩	治疗费	治疗收入	3.治疗类：(9)非手术治疗项目费
KSS3B702	阴道模拟辅助取精	KSS60701	电动模拟辅助取精			治疗费	治疗收入	3.治疗类：(9)非手术治疗项目费
KSS3D701	睾丸/附睾精子分离	KSS23702	睾丸/附睾精子分离			治疗费	治疗收入	3.治疗类：(9)非手术治疗项目费
KSS3D702	睾丸/附睾精子解冻	KSS23706	睾丸/附睾精子复苏			治疗费	治疗收入	3.治疗类：(9)非手术治疗项目费
KSS3D703	精液液化处理					治疗费	治疗收入	3.治疗类：(9)非手术治疗项目费
KSS3D704	精液冷冻	KSS23701	精液冷冻			治疗费	治疗收入	3.治疗类：(9)非手术治疗项目费
KSS3D705	精液冷冻保存	KSS23704	精液冷冻保存			治疗费	治疗收入	3.治疗类：(9)非手术治疗项目费
KSS3D706	精液解冻	KSS23705	精液冷冻复苏			治疗费	治疗收入	3.治疗类：(9)非手术治疗项目费
KSS3D707	睾丸/附睾精子冷冻	KSS23703	睾丸/附睾精子冷冻			治疗费	治疗收入	3.治疗类：(9)非手术治疗项目费
KSS3D708	精子优选处理	KSS23707	精子优选处理	311100019	精液优化处理	治疗费	治疗收入	3.治疗类：(9)非手术治疗项目费
KSS3D709	精子优选处理-密度梯度离心法	KSS23708	精子优选处理-密度梯度离心法			治疗费	治疗收入	3.治疗类：(9)非手术治疗项目费
KSS3D710	不成熟精子孵育					治疗费	治疗收入	3.治疗类：(9)非手术治疗项目费
KT	(十三)女性生殖系统							
KTB3D701	卵巢组织冷冻	KTB23701	卵巢组织冷冻			治疗费	治疗收入	3.治疗类：(9)非手术治疗项目费
KTB3D702	卵巢组织冷冻保存	KTB23702	卵巢组织冷冻保存			治疗费	治疗收入	3.治疗类：(9)非手术治疗项目费
KTB3D703	卵巢组织解冻	KTB23703	卵巢组织冷冻复苏			治疗费	治疗收入	3.治疗类：(9)非手术治疗项目费
KTB3D704	卵巢组织处理					治疗费	治疗收入	3.治疗类：(9)非手术治疗项目费
KTB3N401	经阴道卵巢囊肿穿刺引流术	HTB45401	经阴道卵巢囊肿穿刺引流术	331301001	经阴道卵巢囊肿穿刺术	治疗费	治疗收入	3.治疗类：(9)非手术治疗项目费
KTB6R101	经皮卵巢囊肿穿刺引流术	HTB45101	经腹卵巢囊肿穿刺引流术	311201038	B超下卵巢囊肿穿刺术	治疗费	治疗收入	3.治疗类：(9)非手术治疗项目费
KTB7S101	超声引导下经阴道穿刺取卵术	HTB60101	经阴道穿刺采卵术	311201037	B超下采卵术	治疗费	治疗收入	3.治疗类：(9)非手术治疗项目费
KTB7S102	超声引导下经腹穿刺取卵术	HTB60301	经腹取卵术			治疗费	治疗收入	3.治疗类：(9)非手术治疗项目费
KTC3M401	经阴道输卵管内药物注射	HTC48401	经阴道单侧输卵管内药物注射			治疗费	治疗收入	3.治疗类：(9)非手术治疗项目费
KTC3N401	苗勒氏管囊肿穿刺抽液治疗	HTC45402	苗勒氏管囊肿穿刺抽液治疗			治疗费	治疗收入	3.治疗类：(9)非手术治疗项目费
KTC3N402	经阴道输卵管积水穿刺术	HTC45401	经阴道单侧输卵管积水穿刺术			治疗费	治疗收入	3.治疗类：(9)非手术治疗项目费
KTC3Q301	经阴道输卵管粘堵绝育术	HTC59302	经阴道输卵管粘堵绝育术			治疗费	治疗收入	3.治疗类：(9)非手术治疗项目费
KTC6K401	输卵管插管术	HTC62301	输卵管选择性插管术	331302007	输卵管选择性插管术	治疗费	治疗收入	3.治疗类：(9)非手术治疗项目费
KTC6R101	输卵管积水穿刺引流术	HTC45301	经腹单侧输卵管积水穿刺引流术			治疗费	治疗收入	3.治疗类：(9)非手术治疗项目费
KTC7L401	经阴道输卵管通液术	HTC87402	经阴道输卵管通液术	311201015	子宫输卵管通液术	治疗费	治疗收入	3.治疗类：(9)非手术治疗项目费
KTC7L601	经宫腔镜输卵管插管通液术	HTC87601	经宫腔镜双侧输卵管插管通液术	331306005	经宫腔镜输卵管插管术	治疗费	治疗收入	3.治疗类：(9)非手术治疗项目费
		HTC99601	经宫腔镜输卵管镜治疗			治疗费	治疗收入	3.治疗类：(9)非手术治疗项目费
KTD3E401	宫内节育器放置术	HTD62401	宫内节育器放置术	311201048	宫内节育器放置术	治疗费	治疗收入	3.治疗类：(9)非手术治疗项目费
KTD6N401	宫内节育器取出术	HTD64401	宫内节育器取出术			治疗费	治疗收入	3.治疗类：(9)非手术治疗项目费
KTD7H401	经阴道子宫内翻复位术	HTD70401	经阴道子宫内翻复位术			治疗费	治疗收入	3.治疗类：(9)非手术治疗项目费
KTE3B301	宫腔内人工授精术	HTE61301	宫腔内人工授精术	311201045	宫腔内人工授精术	治疗费	治疗收入	3.治疗类：(9)非手术治疗项目费
KTE3F401	经阴道宫腔支架取出术					治疗费	治疗收入	3.治疗类：(9)非手术治疗项目费
KTE3J401	宫腔置管灌洗术					治疗费	治疗收入	3.治疗类：(9)非手术治疗项目费
KTE3J402	宫腔填塞物取出术					治疗费	治疗收入	3.治疗类：(9)非手术治疗项目费
KTE3M401	宫腔导入治疗术					治疗费	治疗收入	3.治疗类：(9)非手术治疗项目费
KTE3Q401	宫腔填塞	KTE62401	宫腔填塞	311201019	宫腔填塞	治疗费	治疗收入	3.治疗类：(9)非手术治疗项目费
KTE3R401	宫腔适型球囊压迫术					治疗费	治疗收入	3.治疗类：(9)非手术治疗项目费
KTE6N601	经宫腔镜取环术	HTE64601	宫腔镜取环术	331306004	经宫腔镜取环术	治疗费	治疗收入	3.治疗类：(9)非手术治疗项目费
KTE6P601	经宫腔镜宫腔异物取出术	HTE65601	宫腔镜宫腔异物取出术			治疗费	治疗收入	3.治疗类：(9)非手术治疗项目费
KTE6Q401	产后刮宫术	HUL65401	产后刮宫术	311201051	产后刮宫术	治疗费	治疗收入	3.治疗类：(9)非手术治疗项目费
KTE7Q401	宫腔内配子移植术	HTE89402	宫腔内配子移植术			治疗费	治疗收入	3.治疗类：(9)非手术治疗项目费
		HTC89401	经阴道配子移植术	311201044	输卵管内胚子移植术	治疗费	治疗收入	3.治疗类：(9)非手术治疗项目费
KTE7Q402	胚胎移植术	HTE89401	胚胎移植术	311201041	胚胎移植术	治疗费	治疗收入	3.治疗类：(9)非手术治疗项目费
KTF6P401	葡萄胎清宫术	HTF65401	葡萄胎清宫术	311201052	葡萄胎刮宫术	治疗费	治疗收入	3.治疗类：(9)非手术治疗项目费
KTG3E401	子宫托放置	HTG62401	子宫托放置	311201012	子宫托治疗	治疗费	治疗收入	3.治疗类：(9)非手术治疗项目费
KTG3M401	宫颈管上药	KTG48401	宫颈管上药			治疗费	治疗收入	3.治疗类：(9)非手术治疗项目费
KTG3M402	宫颈注射	HTG48401	宫颈注射	311201009	宫颈注射	治疗费	治疗收入	3.治疗类：(9)非手术治疗项目费
KTG4K401	宫颈红外线治疗	KTG72401	宫颈红外线治疗			治疗费	治疗收入	3.治疗类：(9)非手术治疗项目费
KTG6H401	子宫颈扩张球囊引产					治疗费	治疗收入	3.治疗类：(9)非手术治疗项目费
KTG7E401	宫颈扩张术	HTG80401	宫颈扩张术	311201010	宫颈扩张术	治疗费	治疗收入	3.治疗类：(9)非手术治疗项目费
				311201011	宫颈内口探查术	治疗费	治疗收入	3.治疗类：(9)非手术治疗项目费
KTL1J101	经阴道后穹隆穿刺术	FTL06101	经阴道后穹隆穿刺术	311201007	后穹窿穿刺术	治疗费	治疗收入	3.治疗类：(9)非手术治疗项目费
KTL3B401	阴道内人工授精术	HTL61401	阴道内人工授精术	311201046	阴道内人工授精术	治疗费	治疗收入	3.治疗类：(9)非手术治疗项目费
KTL3F401	阴道异物取出术	HTL65401	阴道异物取出术	331304001	阴道异物取出术	治疗费	治疗收入	3.治疗类：(9)非手术治疗项目费
KTL3J401	阴道填塞物取出术					治疗费	治疗收入	3.治疗类：(9)非手术治疗项目费
KTL3M401	妇科臭氧治疗					治疗费	治疗收入	3.治疗类：(9)非手术治疗项目费
KTL3M402	阴道灌洗上药	KTL48401	阴道灌洗上药	311201006	阴道灌洗上药	治疗费	治疗收入	3.治疗类：(9)非手术治疗项目费
KTL3M403	经阴道肌筋膜扳机点注射	HTL48401	阴道穹隆封闭术			治疗费	治疗收入	3.治疗类：(9)非手术治疗项目费
KTL3Q401	阴道填塞	KTL62401	阴道填塞	311201005	阴道填塞	治疗费	治疗收入	3.治疗类：(9)非手术治疗项目费
KTL3S401	阴道狭窄扩张术	HTL80401	阴道狭窄扩张术	331304003	阴道扩张术	治疗费	治疗收入	3.治疗类：(9)非手术治疗项目费
KTL4K301	阴道成形术-压顶法	HTL83301	阴道成形术-压顶法	331304008	阴道成形术	治疗费	治疗收入	3.治疗类：(9)非手术治疗项目费
KTL4K401	阴道生物反馈治疗					治疗费	治疗收入	3.治疗类：(9)非手术治疗项目费
KTL6P601	经宫腔镜阴道异物取出术	HTL65601	经宫腔镜阴道异物取出术			治疗费	治疗收入	3.治疗类：(9)非手术治疗项目费
KTR4K701	外阴病变光动力学治疗	KTR39701	外阴病变光照射治疗	311201003	外阴病光照射治疗	治疗费	治疗收入	3.治疗类：(9)非手术治疗项目费
KTX3M701	卵母细胞胞浆内单精子注射	HTX48701	卵母细胞胞浆内单精子注射	311201042	单精子卵泡注射	治疗费	治疗收入	3.治疗类：(9)非手术治疗项目费
				311201043	单精子显微镜下卵细胞内授精术	治疗费	治疗收入	3.治疗类：(9)非手术治疗项目费
KTR7N701	外阴激光治疗	HTR72701	外阴激光治疗			治疗费	治疗收入	3.治疗类：(9)非手术治疗项目费
KTR7N702	外阴微波治疗	HTR72702	外阴微波治疗			治疗费	治疗收入	3.治疗类：(9)非手术治疗项目费
KTR7N703	外阴冷冻治疗	HTR72703	外阴冷冻治疗			治疗费	治疗收入	3.治疗类：(9)非手术治疗项目费
KTZ6K301	避孕药皮下埋置术	HTZ62301	避孕药皮下埋置术	311201049	避孕药皮下埋植术	治疗费	治疗收入	3.治疗类：(9)非手术治疗项目费
KU	(十四)孕产系统							
KUA3U901	产程观察	KUA28901	产程观察			治疗费	治疗收入	3.治疗类：(9)非手术治疗项目费
KUB3A901	赠卵技术咨询	KUB16701	卵子赠送技术咨询			治疗费	治疗收入	3.治疗类：(9)非手术治疗项目费
KUB3D701	卵母细胞冷冻	KUB23702	卵子冷冻			治疗费	治疗收入	3.治疗类：(9)非手术治疗项目费
KUB3D702	卵母细胞冷冻保存	KUB23703	卵子冷冻保存			治疗费	治疗收入	3.治疗类：(9)非手术治疗项目费
KUB3D703	卵母细胞解冻	KUB23704	卵子冷冻复苏			治疗费	治疗收入	3.治疗类：(9)非手术治疗项目费
KUB3D704	未成熟卵体外成熟培养	KUB23701	未成熟卵体外成熟培养	311201059	未成熟卵体外成熟培养	治疗费	治疗收入	3.治疗类：(9)非手术治疗项目费
		KUD23702	体外受精早期胚胎辅助孵化透明带切割术	311201060	体外受精早期胚胎辅助孵化	治疗费	治疗收入	3.治疗类：(9)非手术治疗项目费
		KUD23705	体外受精早期胚胎辅助孵化透明带化学削薄术			治疗费	治疗收入	3.治疗类：(9)非手术治疗项目费
KUD3D701	囊胚培养	KUD23706	囊胚培养	311201061	囊胚培养	治疗费	治疗收入	3.治疗类：(9)非手术治疗项目费
KUD3D702	体外受精胚胎培养	KUD23701	体外受精胚胎培养	311201040	胚胎培养	治疗费	治疗收入	3.治疗类：(9)非手术治疗项目费
KUD3D703	体外受精早期胚胎辅助孵化透明带激光削薄术	KUD23704	体外受精早期胚胎辅助孵化透明带激光削薄术	311201060	体外受精早期胚胎辅助孵化	治疗费	治疗收入	3.治疗类：(9)非手术治疗项目费
KUD3D704	胚胎冷冻	KUD23707	胚胎冷冻	311201062	胚胎冷冻	治疗费	治疗收入	3.治疗类：(9)非手术治疗项目费
				311201039	胎盘成熟度检测	治疗费	治疗收入	3.治疗类：(9)非手术治疗项目费
KUD3D705	胚胎冷冻保存	KUD23708	胚胎冷冻保存			治疗费	治疗收入	3.治疗类：(9)非手术治疗项目费
KUD3D706	胚胎玻璃化冷冻	KUD23709	胚胎玻璃化冷冻			治疗费	治疗收入	3.治疗类：(9)非手术治疗项目费
KUD3D707	冷冻胚胎解冻	KUD23710	冷冻胚胎复苏	311201063	冷冻胚胎复苏	治疗费	治疗收入	3.治疗类：(9)非手术治疗项目费
KUD3D709	透明带激光打孔术	KUD23703	体外受精早期胚胎辅助孵化透明带激光打孔术	311201060	体外受精早期胚胎辅助孵化	治疗费	治疗收入	3.治疗类：(9)非手术治疗项目费
KUE3B701	导乐分娩					治疗费	治疗收入	3.治疗类：(9)非手术治疗项目费
KUE3M201	胎儿宫内输血					治疗费	治疗收入	3.治疗类：(9)非手术治疗项目费
KUE3M401	经阴道药物引产术	HUE53401	经阴道药物引产术	311201056	药物性引产处置术	治疗费	治疗收入	3.治疗类：(9)非手术治疗项目费
KUE6G301	胎儿锁骨切断助产术					治疗费	治疗收入	3.治疗类：(9)非手术治疗项目费
KUE6G401	单胎顺产接生	HUE52401	单胎顺产接生	331400002	单胎顺产接生	治疗费	治疗收入	3.治疗类：(9)非手术治疗项目费
		HUE52402	双胎接生	331400003	双胎接生	治疗费	治疗收入	3.治疗类：(9)非手术治疗项目费
KUE6G402	多胎接生	HUE52403	多胎接生	331400004	多胎接生	治疗费	治疗收入	3.治疗类：(9)非手术治疗项目费
KUE6G403	死胎接生	HUE52404	死胎接生	331400005	死胎接生	治疗费	治疗收入	3.治疗类：(9)非手术治疗项目费
KUE6G404	臀位助产术	HUE52405	臀位助产术	331400007	难产接生	治疗费	治疗收入	3.治疗类：(9)非手术治疗项目费
KUE6G405	臀位牵引术	HUE52406	臀位牵引助产术			治疗费	治疗收入	3.治疗类：(9)非手术治疗项目费
KUE6G406	胎头旋转术	HUE52407	胎头旋转助产术			治疗费	治疗收入	3.治疗类：(9)非手术治疗项目费
KUE6G407	产钳助产术	HUE52408	产钳助产术			治疗费	治疗收入	3.治疗类：(9)非手术治疗项目费
KUE6G408	胎头吸引助产术	HUE52409	胎头吸引助产术			治疗费	治疗收入	3.治疗类：(9)非手术治疗项目费
KUE6G409	外倒转术	HUE52410	外倒转术	331400008	外倒转术	治疗费	治疗收入	3.治疗类：(9)非手术治疗项目费
KUE6G410	内倒转术	HUE52411	内倒转术	331400009	内倒转术	治疗费	治疗收入	3.治疗类：(9)非手术治疗项目费
KUE6H101	早孕减胎术	HUE53101	早孕减胎术			治疗费	治疗收入	3.治疗类：(9)非手术治疗项目费
KUE6H102	妊娠中期选择性减胎术	HUE53102	妊娠中期选择性减胎术	331400017	选择性减胎术	治疗费	治疗收入	3.治疗类：(9)非手术治疗项目费
KUE6H103	超声引导下射频消融减胎术					治疗费	治疗收入	3.治疗类：(9)非手术治疗项目费
KUE6H201	静脉药物引产术	HUE53201	静脉药物引产术	311201055	催产素滴注引产术	治疗费	治疗收入	3.治疗类：(9)非手术治疗项目费
KUE6H401	子宫颈扩张引产术	HUE53403	晚期妊娠水囊引产术			治疗费	治疗收入	3.治疗类：(9)非手术治疗项目费
KUE6H402	中期妊娠水囊引产术	HUE53402	中期妊娠水囊引产术	311201054	子宫内水囊引产术	治疗费	治疗收入	3.治疗类：(9)非手术治疗项目费
KUE6H403	人工流产钳刮术	HUE53404	人工流产钳刮术			治疗费	治疗收入	3.治疗类：(9)非手术治疗项目费
KUE6H404	人工流产负压吸引术	HUE53405	人工流产负压吸引术	311201053	人工流产术	治疗费	治疗收入	3.治疗类：(9)非手术治疗项目费
KUE6H601	内窥可视人工流产负压吸引术					治疗费	治疗收入	3.治疗类：(9)非手术治疗项目费
KUE6R101	胎儿体腔穿刺放液术					治疗费	治疗收入	3.治疗类：(9)非手术治疗项目费
KUE6R102	宫内胎儿体腔羊膜腔引流术					治疗费	治疗收入	3.治疗类：(9)非手术治疗项目费
KUE6T401	死胎分解术	HUE72401	死胎分解术	331400006	各种死胎分解术	治疗费	治疗收入	3.治疗类：(9)非手术治疗项目费
KUE7D501	经胎儿镜胎儿脐带结扎术					治疗费	治疗收入	3.治疗类：(9)非手术治疗项目费
KUE7E101	胎儿肺/主动脉瓣膜球囊扩张成形术					治疗费	治疗收入	3.治疗类：(9)非手术治疗项目费
KUE7N501	经胎儿镜脐带电凝术					治疗费	治疗收入	3.治疗类：(9)非手术治疗项目费
KUF3D701	孕早期绒毛细胞培养	FUF06701	孕早期绒毛细胞培养			治疗费	治疗收入	3.治疗类：(9)非手术治疗项目费
KUF6P401	手取胎盘术	HUF65401	手取胎盘术	331400010	手取胎盘术	治疗费	治疗收入	3.治疗类：(9)非手术治疗项目费
KUF7N501	经胎儿镜胎盘血管交通支激光凝固术					治疗费	治疗收入	3.治疗类：(9)非手术治疗项目费
KUG1J201	脐静脉穿刺术	FUG07201	经腹脐静脉穿刺术	311201031	经皮脐静脉穿刺术	治疗费	治疗收入	3.治疗类：(9)非手术治疗项目费
				311202008	新生儿脐静脉穿刺和注射	治疗费	治疗收入	3.治疗类：(9)非手术治疗项目费
KUG3H401	脐带还纳术	HUG70401	脐带还纳术	331400011	脐带还纳术	治疗费	治疗收入	3.治疗类：(9)非手术治疗项目费
KUG7N101	超声引导下脐带电凝术					治疗费	治疗收入	3.治疗类：(9)非手术治疗项目费
KUH6B101	促肺成熟性羊膜腔穿刺注药术	HUH48101	经腹促肺成熟性羊膜腔穿刺注药			治疗费	治疗收入	3.治疗类：(9)非手术治疗项目费
KUH6B102	中期引产羊膜腔穿刺注药术	HUH48301	经腹中期引产羊膜腔穿刺注药			治疗费	治疗收入	3.治疗类：(9)非手术治疗项目费
KUH6S301	低位人工破膜术	HUH50301	低位人工破膜术	331400001	人工破膜术	治疗费	治疗收入	3.治疗类：(9)非手术治疗项目费
KUH6S302	高位人工破膜术	HUH50302	高位人工破膜术			治疗费	治疗收入	3.治疗类：(9)非手术治疗项目费
KUH6S501	经胎儿镜双胎羊膜隔膜造口术					治疗费	治疗收入	3.治疗类：(9)非手术治疗项目费
KUH7C501	经胎儿镜羊膜带松解术					治疗费	治疗收入	3.治疗类：(9)非手术治疗项目费
KUK6B101	恒温羊水灌注术					治疗费	治疗收入	3.治疗类：(9)非手术治疗项目费
KUK6L101	羊水置换术	HUH66301	经腹羊水置换术	311201034	羊水置换	治疗费	治疗收入	3.治疗类：(9)非手术治疗项目费
KUK6P101	羊水减量术					治疗费	治疗收入	3.治疗类：(9)非手术治疗项目费
KUL3U701	特殊待产观察					治疗费	治疗收入	3.治疗类：(9)非手术治疗项目费
KUN3M701	新生儿治疗浴	ACBE0001	新生儿治疗浴	120100008	新生儿特殊护理	治疗费	治疗收入	3.治疗类：(9)非手术治疗项目费
KUN3U701	早产儿发育支持照护					治疗费	治疗收入	3.治疗类：(9)非手术治疗项目费
KUN4K701	新生儿暖箱治疗	KUN39701	新生儿暖箱治疗	311202001	新生儿暖箱	治疗费	治疗收入	3.治疗类：(9)非手术治疗项目费
KUN4K702	新生儿多功能暖箱治疗	KUN39702	新生儿多功能暖箱治疗			治疗费	治疗收入	3.治疗类：(9)非手术治疗项目费
KUN6S301	产时宫外治疗					治疗费	治疗收入	3.治疗类：(9)非手术治疗项目费
		KUZ39101	复发性流产主动免疫治疗			治疗费	治疗收入	3.治疗类：(9)非手术治疗项目费
KUZ3A901	体外受精随访	KUZ16701	体外受精随访			治疗费	治疗收入	3.治疗类：(9)非手术治疗项目费
KV-KX	(十五)肌肉骨骼系统							
KVB7H301	颅骨牵引术	HVB71301	颅骨牵引术	331523004	颅骨牵引术	治疗费	治疗收入	3.治疗类：(9)非手术治疗项目费
KVE3F701	头盆环牵引去除					治疗费	治疗收入	3.治疗类：(9)非手术治疗项目费
KVE3T701	石膏背心固定					治疗费	治疗收入	3.治疗类：(9)非手术治疗项目费
KVE3M101	脊椎小关节阻滞术					治疗费	治疗收入	3.治疗类：(9)非手术治疗项目费
KVF5D101	经皮穿刺椎间小关节注射阻滞麻醉	HVF48101	椎间小关节封闭阻滞	330100002	神经阻滞麻醉	治疗费	治疗收入	3.治疗类：(9)非手术治疗项目费
KVF6B101	经皮穿刺医用臭氧注射镇痛术					治疗费	治疗收入	3.治疗类：(9)非手术治疗项目费
KVH3H701	儿童牵引带牵引					治疗费	治疗收入	3.治疗类：(9)非手术治疗项目费
KVH3M101	经皮穿刺颈椎3-6横突阻滞镇痛术	HVH48101	颈椎2-5横突局部封闭术			治疗费	治疗收入	3.治疗类：(9)非手术治疗项目费
KVH3M102	经皮穿刺椎体前外侧钩椎关节阻滞镇痛术	HVH48103	椎体前外侧钩椎关节局部封闭术			治疗费	治疗收入	3.治疗类：(9)非手术治疗项目费
KVH7H701	颈椎脱位闭合复位术					治疗费	治疗收入	3.治疗类：(9)非手术治疗项目费
KVK3M101	经皮穿刺局部阻滞镇痛术	HVK48101	项韧带局部封闭术	311300006	软组织内封闭术	治疗费	治疗收入	3.治疗类：(9)非手术治疗项目费
		HVH48102	颈椎第6横突局部封闭术			治疗费	治疗收入	3.治疗类：(9)非手术治疗项目费
KVT3M101	经皮穿刺腰椎硬膜外连续阻滞镇痛术	HBR48106	腰部硬膜外连续神经阻滞镇痛术	330100010	硬膜外连续镇痛	治疗费	治疗收入	3.治疗类：(9)非手术治疗项目费
		HVT48101	腰椎硬膜外封闭术			治疗费	治疗收入	3.治疗类：(9)非手术治疗项目费
		HVN48101	胸椎硬膜外封闭术			治疗费	治疗收入	3.治疗类：(9)非手术治疗项目费
KWG7H701	肩关节脱位闭合复位术	HWG70301	肩关节脱位闭合复位术			治疗费	治疗收入	3.治疗类：(9)非手术治疗项目费
KWH6B101	骨断端骨髓注射					治疗费	治疗收入	3.治疗类：(9)非手术治疗项目费
KWU6R301	手部切开引流灌洗管留置术	HWU45302	手部切开引流灌洗管留置术			治疗费	治疗收入	3.治疗类：(9)非手术治疗项目费
KWV7H301	腕骨骨折闭合性复位术					治疗费	治疗收入	3.治疗类：(9)非手术治疗项目费
KWW6B101	腕关节灌洗术	HWW48101	腕关节灌洗术			治疗费	治疗收入	3.治疗类：(9)非手术治疗项目费
KWW7H301	腕关节牵引术	HWW70301	腕关节牵引术			治疗费	治疗收入	3.治疗类：(9)非手术治疗项目费
KWZ6B101	腕掌关节灌洗术	HWZ48101	腕掌关节灌洗术	310516002	关节腔灌洗治疗	治疗费	治疗收入	3.治疗类：(9)非手术治疗项目费
KW46B101	掌指关节灌洗术	HW448101	掌指关节灌洗术			治疗费	治疗收入	3.治疗类：(9)非手术治疗项目费
KW46B102	指间关节灌洗术	HW448102	指间关节灌洗术	311300003	关节腔灌注治疗	治疗费	治疗收入	3.治疗类：(9)非手术治疗项目费
KW63F701	石膏拆除术	KW664701	石膏拆除术	331523010	石膏拆除术	治疗费	治疗收入	3.治疗类：(9)非手术治疗项目费
KW63T701	包扎固定术	KW671701	创伤包扎固定术	331523011	各部位多头带包扎术	治疗费	治疗收入	3.治疗类：(9)非手术治疗项目费
KW63T702	石膏托固定术(小)	KW671702	石膏托固定术(小)	331523009	石膏固定术(小)	治疗费	治疗收入	3.治疗类：(9)非手术治疗项目费
KW63T703	石膏托固定术(中)	KW671703	石膏托固定术(中)	331523008	石膏固定术(中)	治疗费	治疗收入	3.治疗类：(9)非手术治疗项目费
KW63T704	石膏托固定术(大)	KW671704	石膏托固定术(大)	331523007	石膏固定术(大)	治疗费	治疗收入	3.治疗类：(9)非手术治疗项目费
KW63T705	石膏托固定术(特大)	KW671705	石膏固定术(特大)	331523006	石膏固定术(特大)	治疗费	治疗收入	3.治疗类：(9)非手术治疗项目费
KW63T706	管型石膏固定术(小)	KW671706	管型石膏固定术(小)	331523009	石膏固定术(小)	治疗费	治疗收入	3.治疗类：(9)非手术治疗项目费
KW63T707	管型石膏固定术(中)	KW671707	管型石膏固定术(中)	331523008	石膏固定术(中)	治疗费	治疗收入	3.治疗类：(9)非手术治疗项目费
KW63T708	管型石膏固定术(大)	KW671708	管型石膏固定术(大)	331523007	石膏固定术(大)	治疗费	治疗收入	3.治疗类：(9)非手术治疗项目费
KW63T709	管型石膏固定术(特大)	KW671709	管型石膏固定术(特大)	331523006	石膏固定术(特大)	治疗费	治疗收入	3.治疗类：(9)非手术治疗项目费
KW63T710	伊氏架拆除石膏固定术	KW671710	伊氏架拆除石膏固定术			治疗费	治疗收入	3.治疗类：(9)非手术治疗项目费
KXC3M101	经皮穿刺骶髂关节阻滞镇痛术					治疗费	治疗收入	3.治疗类：(9)非手术治疗项目费
KXC6B101	经皮骶髂关节腔内穿刺注射					治疗费	治疗收入	3.治疗类：(9)非手术治疗项目费
KXD6B101	经皮髋关节腔内穿刺注射					治疗费	治疗收入	3.治疗类：(9)非手术治疗项目费
KXD7H301	髋关节牵引术	HXD70302	髋关节牵引术			治疗费	治疗收入	3.治疗类：(9)非手术治疗项目费
KXD7M301	先天性髋脱位Ⅰ期石膏固定术	HXD71301	先天性髋脱位Ⅰ期石膏固定术			治疗费	治疗收入	3.治疗类：(9)非手术治疗项目费
KXD7M302	先天性髋脱位Ⅱ期石膏固定术	HXD71302	先天性髋脱位Ⅱ期石膏固定术			治疗费	治疗收入	3.治疗类：(9)非手术治疗项目费
KXD7M303	先天性髋脱位Ⅲ期石膏固定术	HXD71303	先天性髋脱位Ⅲ期石膏固定术			治疗费	治疗收入	3.治疗类：(9)非手术治疗项目费
KXD7M304	先天性髋脱位术后石膏固定术	HXD71304	先天性髋脱位术后石膏固定术	331506005	先天性髋关节脱位手法复位石膏固定术	治疗费	治疗收入	3.治疗类：(9)非手术治疗项目费
KXJ3H301	膝关节粘连麻醉下推拿松解术	HXJ57301	膝关节粘连麻醉下推拿松解术			治疗费	治疗收入	3.治疗类：(9)非手术治疗项目费
KXJ3M101	膝关节注射治疗	HXJ48101	膝关节注射治疗			治疗费	治疗收入	3.治疗类：(9)非手术治疗项目费
KXJ3N101	膝关节穿刺术	HXJ45101	膝关节穿刺术	311300002	关节穿刺术	治疗费	治疗收入	3.治疗类：(9)非手术治疗项目费
KXJ6R101	经皮腘窝囊肿穿刺置管引流术					治疗费	治疗收入	3.治疗类：(9)非手术治疗项目费
KXJ6R301	膝关节引流术	HXJ45301	膝关节引流术			治疗费	治疗收入	3.治疗类：(9)非手术治疗项目费
KX63H701	骨折脱位手法闭合复位术	KX670702	骨折脱位手法闭合复位术	331523001	手法牵引复位术	治疗费	治疗收入	3.治疗类：(9)非手术治疗项目费
		KX670701	陈旧骨折手法复位术			治疗费	治疗收入	3.治疗类：(9)非手术治疗项目费
KX66B101	骨囊肿药物及自体骨髓注射术	HX648101	骨囊肿注药+骨髓术			治疗费	治疗收入	3.治疗类：(9)非手术治疗项目费
KX67H301	骨骼牵引术	HX670301	骨骼牵引术	331523003	骨骼牵引术	治疗费	治疗收入	3.治疗类：(9)非手术治疗项目费
KX67N101	经皮骨肿瘤消融术	HX672101	经皮骨肿瘤消融术			治疗费	治疗收入	3.治疗类：(9)非手术治疗项目费
KX73J101	持续关节腔冲洗	HX748102	持续关节腔冲洗	311300004	持续关节腔冲洗	治疗费	治疗收入	3.治疗类：(9)非手术治疗项目费
KX73M101	微小关节内注射					治疗费	治疗收入	3.治疗类：(9)非手术治疗项目费
KX73M102	关节腔穿刺注药术	HX748101	关节腔穿刺术			治疗费	治疗收入	3.治疗类：(9)非手术治疗项目费
KX73N101	关节腔穿刺引流术					治疗费	治疗收入	3.治疗类：(9)非手术治疗项目费
KX83J101	皮肤和皮下组织脓肿抽吸术					治疗费	治疗收入	3.治疗类：(9)非手术治疗项目费
KX83J102	经皮软组织穿刺抽吸术	HX845101	软组织穿刺抽吸术			治疗费	治疗收入	3.治疗类：(9)非手术治疗项目费
KX83M101	肌腱/韧带/周围神经旁注药治疗	HX848104	肌腱/韧带/周围神经旁注药治疗			治疗费	治疗收入	3.治疗类：(9)非手术治疗项目费
KX83M102	肉毒杆菌毒素注射	HX848105	肉毒杆菌毒素注射	310100032	肉毒素注射治疗	治疗费	治疗收入	3.治疗类：(9)非手术治疗项目费
KX83M103	腱鞘内注药治疗	HX848103	腱鞘内抽液/注药治疗			治疗费	治疗收入	3.治疗类：(9)非手术治疗项目费
KX86B101	经皮穿刺肌肉/筋膜组织镇痛术	HX848102	肌肉组织内封闭术			治疗费	治疗收入	3.治疗类：(9)非手术治疗项目费
		HX848101	肌腱组织内封闭术	311300006	软组织内封闭术	治疗费	治疗收入	3.治疗类：(9)非手术治疗项目费
KX86Q101	腱鞘内抽液治疗	HX848103	腱鞘内抽液/注药治疗			治疗费	治疗收入	3.治疗类：(9)非手术治疗项目费
KX87C102	经皮穿刺软组织松解镇痛术					治疗费	治疗收入	3.治疗类：(9)非手术治疗项目费
KX97P301	伊氏架矫形术	HX983302	伊氏架矫形术			治疗费	治疗收入	3.治疗类：(9)非手术治疗项目费
KY	(十六)体被系统							
KYA1J101	经皮乳腺术前钼靶定位	HYA43302	乳腺术前定位术	210102014	乳腺钼靶摄片18×24吋	治疗费	治疗收入	3.治疗类：(9)非手术治疗项目费
KYA1J301	经皮乳腺病灶穿刺导丝定位	HYA43301	经皮乳腺病灶导丝定位			治疗费	治疗收入	3.治疗类：(9)非手术治疗项目费
KYA3H701	产后围产期乳房疏通治疗	KYA20701	产后围产期乳房按摩	311201057	乳房按摩	治疗费	治疗收入	3.治疗类：(9)非手术治疗项目费
KYA3M101	经皮乳腺导管注射治疗					治疗费	治疗收入	3.治疗类：(9)非手术治疗项目费
KYA3M102	乳腺病变穿刺引流/注药术	HYA45102	乳腺肿块穿刺引流术	331601001	乳腺肿物穿刺术	治疗费	治疗收入	3.治疗类：(9)非手术治疗项目费
KYA6B301	经乳腺导管灌注治疗					治疗费	治疗收入	3.治疗类：(9)非手术治疗项目费
KYA6K101	经皮穿刺术前标记物植入术					治疗费	治疗收入	3.治疗类：(9)非手术治疗项目费
KYA6K102	经皮乳腺肿物标记物穿刺置入术					治疗费	治疗收入	3.治疗类：(9)非手术治疗项目费
KYA6P301	乳房肥大抽吸术	HYA73302	乳房肥大抽吸术			治疗费	治疗收入	3.治疗类：(9)非手术治疗项目费
KYA6P302	副乳矫正术-抽吸法	HYA83306	副乳矫正术-抽吸法			治疗费	治疗收入	3.治疗类：(9)非手术治疗项目费
KYA6R101	经皮乳房脓肿穿刺引流术	HYA45101	经皮穿刺乳房脓肿引流术			治疗费	治疗收入	3.治疗类：(9)非手术治疗项目费
KYA7N101	经皮乳腺肿物消融术					治疗费	治疗收入	3.治疗类：(9)非手术治疗项目费
KYC3J701	全身疱病冲洗清创					治疗费	治疗收入	3.治疗类：(9)非手术治疗项目费
KYC3M101	瘢痕药物注射					治疗费	治疗收入	3.治疗类：(9)非手术治疗项目费
KYC3M701	水光针治疗					治疗费	治疗收入	3.治疗类：(9)非手术治疗项目费
KYC3M702	全身熏蒸治疗	KYC48701	全身熏蒸治疗			治疗费	治疗收入	3.治疗类：(9)非手术治疗项目费
KYE3M701	药物面膜综合治疗	KYE48701	药物面膜综合治疗	311400024	药物面膜综合治疗	治疗费	治疗收入	3.治疗类：(9)非手术治疗项目费
KYE3M702	面部药物熏蒸治疗	KYE48702	面部药物熏蒸治疗			治疗费	治疗收入	3.治疗类：(9)非手术治疗项目费
KYE6R301	帽状腱膜下血肿切开引流术	HYE45301	帽状腱膜下血肿切开引流术			治疗费	治疗收入	3.治疗类：(9)非手术治疗项目费
KYE6R302	帽状腱膜下脓肿切开引流术	HYE45302	帽状腱膜下脓肿切开引流术	330201003	帽状腱膜下血肿切开引流术	治疗费	治疗收入	3.治疗类：(9)非手术治疗项目费
KYE6U301	面部清创直接缝合术	HYE73309	面部清创直接缝合术	331604016	面部外伤清创整形术	治疗费	治疗收入	3.治疗类：(9)非手术治疗项目费
KYE7P301	头皮外伤清创缝合术(小)	HYE73301	头皮外伤清创缝合术(小)	331602009	头皮撕脱清创修复术	治疗费	治疗收入	3.治疗类：(9)非手术治疗项目费
KYE7P302	头皮外伤清创缝合术(中)	HYE73302	头皮外伤清创缝合术(中)			治疗费	治疗收入	3.治疗类：(9)非手术治疗项目费
KYE7P303	头皮外伤清创缝合术(大)	HYE73303	头皮外伤清创缝合术(大)			治疗费	治疗收入	3.治疗类：(9)非手术治疗项目费
KYL3H701	皮肤牵引术	KYL70701	皮肤牵引术	331523002	皮肤牵引术	治疗费	治疗收入	3.治疗类：(9)非手术治疗项目费
KYR3G701	引流装置更换	ABZG0001	引流管更换	121400001	引流管冲洗	治疗费	治疗收入	3.治疗类：(9)非手术治疗项目费
KYR3J101	疱液抽取术	HYR73101	疱液抽取术	311400026	疱液抽取术	治疗费	治疗收入	3.治疗类：(9)非手术治疗项目费
KYR3J301	慢性创面清创术	HYR73302	烧伤清创术(中)	311400045	烧伤冲洗清创术(中)	治疗费	治疗收入	3.治疗类：(9)非手术治疗项目费
KYR3J302	烧伤创面浸浴疗法	HYR73305	烧伤浸浴扩创术(小)	311400051	烧伤浸浴扩创术(小)	治疗费	治疗收入	3.治疗类：(9)非手术治疗项目费
KYR3J701	烧伤换药	KYR48701	烧伤换药	311400056	烧伤换药	治疗费	治疗收入	3.治疗类：(9)非手术治疗项目费
KYR3J702	粟丘疹挑治术	KYR65701	粟丘疹去除术	311400020	丘疹挤粟治疗	治疗费	治疗收入	3.治疗类：(9)非手术治疗项目费
KYR3J703	软疣刮除术	KYR65703	刮疣治疗	311400019	刮疣治疗	治疗费	治疗收入	3.治疗类：(9)非手术治疗项目费
KYR3J704	皮肤创面冲洗清创					治疗费	治疗收入	3.治疗类：(9)非手术治疗项目费
KYR3J705	皮肤病损挤刮治疗	KYR65702	粉刺挤压术	311400029	粉刺去除术	治疗费	治疗收入	3.治疗类：(9)非手术治疗项目费
KYR3J706	烧伤特殊部位换药	KYR48702	烧伤特殊部位换药			治疗费	治疗收入	3.治疗类：(9)非手术治疗项目费
KYR3M101	皮损内注射	HYR48101	皮损内注射术	311400028	皮损内注射	治疗费	治疗收入	3.治疗类：(9)非手术治疗项目费
KYR3M102	填充剂注射	HYR48102	填充剂注射			治疗费	治疗收入	3.治疗类：(9)非手术治疗项目费
KYR3M103	吸入过敏原注射免疫治疗	KYR48101	吸入过敏原注射免疫治疗			治疗费	治疗收入	3.治疗类：(9)非手术治疗项目费
KYR3M701	化学剥脱术	KYR72706	化学换肤术			治疗费	治疗收入	3.治疗类：(9)非手术治疗项目费
KYR3M702	皮肤药物烧灼治疗					治疗费	治疗收入	3.治疗类：(9)非手术治疗项目费
KYR3M703	经皮导入给药					治疗费	治疗收入	3.治疗类：(9)非手术治疗项目费
KYR3M704	皮肤着色治疗					治疗费	治疗收入	3.治疗类：(9)非手术治疗项目费
KYR3N701	引流管持续负压引流					治疗费	治疗收入	3.治疗类：(9)非手术治疗项目费
KYR3N702	浅表囊肿穿刺术					治疗费	治疗收入	3.治疗类：(9)非手术治疗项目费
KYR3V901	烧伤抢救(小)	KYR30901	烧伤抢救(小)	311400042	烧伤抢救(小)	治疗费	治疗收入	3.治疗类：(9)非手术治疗项目费
KYR3V902	烧伤抢救(中)	KYR30902	烧伤抢救(中)	311400041	烧伤抢救(中)	治疗费	治疗收入	3.治疗类：(9)非手术治疗项目费
KYR3V903	烧伤抢救(大)	KYR30903	烧伤抢救(大)	311400040	烧伤抢救(大)	治疗费	治疗收入	3.治疗类：(9)非手术治疗项目费
KYR4K301	皮肤肿物电解治疗	HYR72302	皮肤肿物电解治疗			治疗费	治疗收入	3.治疗类：(9)非手术治疗项目费
KYR4K302	皮损冷冻治疗	HYR72303	皮损冷冻治疗	311400039	液氮冷冻治疗	治疗费	治疗收入	3.治疗类：(9)非手术治疗项目费
KYR4K701	温热疗法					治疗费	治疗收入	3.治疗类：(9)非手术治疗项目费
KYR4K702	护架烤灯照射	KYR32701	护架烤灯照射	311400047	护架烤灯	治疗费	治疗收入	3.治疗类：(9)非手术治疗项目费
KYR4K703	烧伤远红外治疗	KYR32702	烧伤远红外治疗	311400048	烧伤大型远红外线治疗机治疗	治疗费	治疗收入	3.治疗类：(9)非手术治疗项目费
KYR4K704	窄谱UVB紫外线治疗	KYR32703	窄谱UVB紫外线治疗	311400058	窄谱紫外线治疗	治疗费	治疗收入	3.治疗类：(9)非手术治疗项目费
KYR4K705	紫外线(UVA/UVB)治疗	KYR32704	宽波UVB紫外线治疗			治疗费	治疗收入	3.治疗类：(9)非手术治疗项目费
KYR4K706	光化学疗法(PUVA)	KYR32705	光化学疗法(PUVA)	311400015	黑光治疗(PUVA治疗)	治疗费	治疗收入	3.治疗类：(9)非手术治疗项目费
KYR4K707	光动力治疗	KYR32706	光动力治疗	311400032	脉冲激光治疗	治疗费	治疗收入	3.治疗类：(9)非手术治疗项目费
KYR4K708	二氧化碳激光治疗	KYR32707	连续二氧化碳激光治疗	311400033	二氧化碳(CO2)激光治疗	治疗费	治疗收入	3.治疗类：(9)非手术治疗项目费
KYR4K709	血管性疾患激光治疗	KYR72702	血管性疾患激光治疗			治疗费	治疗收入	3.治疗类：(9)非手术治疗项目费
KYR4K710	瘢痕激光治疗	KYR72703	瘢痕激光治疗	311400037	氩激光治疗	治疗费	治疗收入	3.治疗类：(9)非手术治疗项目费
KYR4K711	肤质调节激光治疗	KYR72704	肤质调节激光治疗			治疗费	治疗收入	3.治疗类：(9)非手术治疗项目费
KYR4K712	色素性疾患激光治疗	KYR72705	色素性疾患激光治疗			治疗费	治疗收入	3.治疗类：(9)非手术治疗项目费
KYR4K713	皮肤黏膜溃疡紫外线照射	KYR32708	皮肤黏膜溃疡紫外线照射			治疗费	治疗收入	3.治疗类：(9)非手术治疗项目费
KYR4K714	激光祛文身					治疗费	治疗收入	3.治疗类：(9)非手术治疗项目费
KYR4K715	准分子激光皮肤病治疗					治疗费	治疗收入	3.治疗类：(9)非手术治疗项目费
		KYR72701	氦氖(He-Ne)激光照射治疗	311400036	氦氖(He-Ne)激光照射治疗	治疗费	治疗收入	3.治疗类：(9)非手术治疗项目费
KYR4K716	创面保痂治疗					治疗费	治疗收入	3.治疗类：(9)非手术治疗项目费
KYR4K901	悬浮床治疗	KYR39901	悬浮床治疗	311400052	悬浮床治疗	治疗费	治疗收入	3.治疗类：(9)非手术治疗项目费
KYR6M301	扩张器注水术					治疗费	治疗收入	3.治疗类：(9)非手术治疗项目费
KYR6P301	体被血肿清除术	HYR65303	体被血肿清除术			治疗费	治疗收入	3.治疗类：(9)非手术治疗项目费
KYR6R101	体表皮下组织穿刺引流术	HYR45101	体表皮下组织穿刺引流术	311400057	皮下组织穿刺术	治疗费	治疗收入	3.治疗类：(9)非手术治疗项目费
KYR6R301	创面密封负压引流术	HYR45301	创面密封负压引流术			治疗费	治疗收入	3.治疗类：(9)非手术治疗项目费
KYR6R302	痈清创引流术	HYR45303	痈清创引流术	311400025	疱病清疮术	治疗费	治疗收入	3.治疗类：(9)非手术治疗项目费
KYR6U301	激光磨削术	HYR73309	激光磨削术	331604022	磨削术	治疗费	治疗收入	3.治疗类：(9)非手术治疗项目费
				311400018	面部磨削术	治疗费	治疗收入	3.治疗类：(9)非手术治疗项目费
KYR7F301	微晶磨削术	HYR81301	微晶磨削术	331604022	磨削术	治疗费	治疗收入	3.治疗类：(9)非手术治疗项目费
KYR7F302	机械磨削术	HYR81302	机械磨削术			治疗费	治疗收入	3.治疗类：(9)非手术治疗项目费
KYR7N301	皮肤赘生物电灼切除术	HYR72301	皮肤赘生物电灼切除术	311400014	皮肤赘生物电烧治疗	治疗费	治疗收入	3.治疗类：(9)非手术治疗项目费
KYR7N701	体表射频消融术	HYR72701	体表射频消融术			治疗费	治疗收入	3.治疗类：(9)非手术治疗项目费
KYS4K301	电解脱毛治疗	HYS72301	电解脱毛治疗	311400013	电解脱毛治疗	治疗费	治疗收入	3.治疗类：(9)非手术治疗项目费
KYS4K701	激光脱毛治疗			311400034	激光脱毛术	治疗费	治疗收入	3.治疗类：(9)非手术治疗项目费
KYS7Q301	毛发移植胡须再造术	HYS89309	毛发移植胡须再造术	331604007	胡须再造术	治疗费	治疗收入	3.治疗类：(9)非手术治疗项目费
KYS7Q302	胡须移植术(FUTs法)	HYS89308	胡须移植术			治疗费	治疗收入	3.治疗类：(9)非手术治疗项目费
KYS7Q303	毛囊单位提取毛发移植术	HYS89315	体毛移植术			治疗费	治疗收入	3.治疗类：(9)非手术治疗项目费
KYS7Q304	头部毛发移植术(FUTs法)	HYS89312	头部毛发移植术	331604021	毛发移植术	治疗费	治疗收入	3.治疗类：(9)非手术治疗项目费
KYS7Q305	腋毛移植术(FUTs法)	HYS89313	腋毛移植术			治疗费	治疗收入	3.治疗类：(9)非手术治疗项目费
KYS7Q306	阴毛移植术(FUTs法)	HYS89314	阴毛移植术			治疗费	治疗收入	3.治疗类：(9)非手术治疗项目费
KYT3J101	甲下脓肿抽吸术					治疗费	治疗收入	3.治疗类：(9)非手术治疗项目费
KYT3M701	甲癣封包治疗	KYT48701	甲癣封包治疗	311400021	甲癣封包治疗	治疗费	治疗收入	3.治疗类：(9)非手术治疗项目费
KYT6P301	甲板拔出术	HYT65301	甲板拔出术	311400022	拔甲治疗	治疗费	治疗收入	3.治疗类：(9)非手术治疗项目费
KYT7P301	甲床缝合术	HYT83301	甲床缝合术	331521041	甲床修补术	治疗费	治疗收入	3.治疗类：(9)非手术治疗项目费
KYU4K701	腋臭激光治疗	KYU72701	腋臭激光治疗	311400038	激光治疗腋臭	治疗费	治疗收入	3.治疗类：(9)非手术治疗项目费
KYV3B301	网状皮制备	HYV41301	网状皮制备	331603013	网状自体皮制备	治疗费	治疗收入	3.治疗类：(9)非手术治疗项目费
KYV3B302	微粒皮制备	HYV41302	微粒皮制备	331603014	微粒自体皮制备	治疗费	治疗收入	3.治疗类：(9)非手术治疗项目费
KYV3B303	自体皮细胞悬液制备	HYV41303	自体皮细胞悬液制备	331603015	自体皮细胞悬液制备	治疗费	治疗收入	3.治疗类：(9)非手术治疗项目费
KYV3B304	异体/种皮制备	HYV41304	异体/种皮制备	331603016	异体皮制备	治疗费	治疗收入	3.治疗类：(9)非手术治疗项目费
KYV3B305	异体/种组织制备	HYV41305	异体/种组织制备	331603018	异体组织制备	治疗费	治疗收入	3.治疗类：(9)非手术治疗项目费
KYV3D301	自体皮肤细胞体外培养	HYV23301	自体皮肤细胞体外培养			治疗费	治疗收入	3.治疗类：(9)非手术治疗项目费
KYV7Q301	扩创体外细胞培养皮肤细胞移植术	HYV89324	扩创体外培养皮肤细胞异体/种皮移植术			治疗费	治疗收入	3.治疗类：(9)非手术治疗项目费
KYZ3G401	更换膀胱造口管					治疗费	治疗收入	3.治疗类：(9)非手术治疗项目费
KYZ3V901	烧伤合并吸入性损伤抢救	KYZ30902	烧伤合并吸入性损伤抢救	311400043	烧伤复合伤抢救	治疗费	治疗收入	3.治疗类：(9)非手术治疗项目费
KYZ3V902	烧伤合并爆震伤抢救	KYZ30903	烧伤合并爆震伤抢救			治疗费	治疗收入	3.治疗类：(9)非手术治疗项目费
KYZ3V903	烧伤合并中毒抢救	KYZ30904	烧伤合并中毒抢救			治疗费	治疗收入	3.治疗类：(9)非手术治疗项目费
		KYZ30901	严重电烧伤抢救	311400043	烧伤复合伤抢救	治疗费	治疗收入	3.治疗类：(9)非手术治疗项目费
KYZ4K901	翻身床治疗	KYZ39901	翻身床治疗	311400053	翻身床治疗	治疗费	治疗收入	3.治疗类：(9)非手术治疗项目费
KZC3T701	颈托固定					治疗费	治疗收入	3.治疗类：(9)非手术治疗项目费
KZX3M201	载药囊泡化肿瘤靶向治疗术					治疗费	治疗收入	3.治疗类：(9)非手术治疗项目费
KZX6B201	中枢靶控系统药物再灌注					治疗费	治疗收入	3.治疗类：(9)非手术治疗项目费
KZX6K101	经皮穿刺肿瘤放射性碘粒子植入术					治疗费	治疗收入	3.治疗类：(9)非手术治疗项目费
KZX7N101	经皮实体肿瘤射频消融术					治疗费	治疗收入	3.治疗类：(9)非手术治疗项目费
KZZ3B701	磁共振三维导航定位	ECCZZ001	磁共振三维导航定位			治疗费	治疗收入	3.治疗类：(9)非手术治疗项目费
KZZ3B702	磁共振增强三维导航定位	ECCZZ002	磁共振增强三维导航定位			治疗费	治疗收入	3.治疗类：(9)非手术治疗项目费
KZZ4K701	体外物理振动排石治疗					治疗费	治疗收入	3.治疗类：(9)非手术治疗项目费
KA	(十七)精神心理							
KAA3U001	精神科监护	ACBC0002	精神科监护	311503003	精神科监护	治疗费	治疗收入	3.治疗类：(9)非手术治疗项目费
KAD4H901	进食障碍治疗	KAZ38903	进食障碍治疗			治疗费	治疗收入	3.治疗类：(9)非手术治疗项目费
KAH4H701	个体心理治疗	KAZ38701	心理治疗	311503024	心理治疗	治疗费	治疗收入	3.治疗类：(9)非手术治疗项目费
KAH4H702	家庭心理治疗					治疗费	治疗收入	3.治疗类：(9)非手术治疗项目费
KAH4H703	团体心理治疗					治疗费	治疗收入	3.治疗类：(9)非手术治疗项目费
KAH4H901	常温冬眠治疗	KAZ38902	常温冬眠治疗	311503002	常温冬眠治疗监测	治疗费	治疗收入	3.治疗类：(9)非手术治疗项目费
KAH4H902	暴露治疗	KAZ38904	暴露疗法治疗	311503006	暴露疗法和半暴露疗法	治疗费	治疗收入	3.治疗类：(9)非手术治疗项目费
KAH4H903	工娱治疗	KAZ38909	工娱治疗	311503016	工娱治疗	治疗费	治疗收入	3.治疗类：(9)非手术治疗项目费
KAH4H904	特殊工娱治疗	KAZ38910	特殊工娱治疗	311503017	特殊工娱治疗	治疗费	治疗收入	3.治疗类：(9)非手术治疗项目费
KAH4H905	放松治疗	KAZ38911	松驰治疗	311503020	松驰治疗	治疗费	治疗收入	3.治疗类：(9)非手术治疗项目费
KAM4H901	感觉统合治疗	KAZ38908	感觉统合治疗	311503015	感觉统合治疗	治疗费	治疗收入	3.治疗类：(9)非手术治疗项目费
KAP3A901	心理咨询	KAZ16701	心理咨询	311503023	心理咨询	治疗费	治疗收入	3.治疗类：(9)非手术治疗项目费
KAP4H901	认知矫正治疗(CCRT)	KAZ38907	认知矫正治疗(CCRT)			治疗费	治疗收入	3.治疗类：(9)非手术治疗项目费
KAP4J901	社会认知与互动训练			340200028	文体训练	治疗费	治疗收入	3.治疗类：(9)非手术治疗项目费
KAT4H701	森田治疗	KAZ38708	森田疗法	311503027	森田疗法	治疗费	治疗收入	3.治疗类：(9)非手术治疗项目费
KAT4H901	行为观察治疗	KAZ38905	行为观察治疗	311503008	行为观察和治疗	治疗费	治疗收入	3.治疗类：(9)非手术治疗项目费
KAT4H902	冲动行为干预治疗	KAZ38906	冲动行为干预治疗	311503009	冲动行为干预治疗	治疗费	治疗收入	3.治疗类：(9)非手术治疗项目费
KAT4H903	行为矫正治疗	KAZ38913	行为矫正治疗	311503028	行为矫正治疗	治疗费	治疗收入	3.治疗类：(9)非手术治疗项目费
KAV4H701	脱瘾治疗	KAZ38710	脱瘾治疗	311503030	脱瘾治疗	治疗费	治疗收入	3.治疗类：(9)非手术治疗项目费
		KAZ38705	漂浮治疗	311503021	漂浮治疗	治疗费	治疗收入	3.治疗类：(9)非手术治疗项目费
		KAZ38706	暗示治疗	311503019	暗示治疗	治疗费	治疗收入	3.治疗类：(9)非手术治疗项目费
		KAZ38707	催眠治疗	311503026	催眠治疗	治疗费	治疗收入	3.治疗类：(9)非手术治疗项目费
		KAZ38709	厌恶治疗	311503029	厌恶治疗	治疗费	治疗收入	3.治疗类：(9)非手术治疗项目费
		KBA32701	经颅重复磁刺激治疗			治疗费	治疗收入	3.治疗类：(9)非手术治疗项目费
L	八、临床物理治疗							
LA	(一)放射治疗							
LAA	1.放射计划设计							
LAAZZ001	人工制定治疗计划	LAAZZ001	人工制定治疗计划	240100002	人工制定治疗计划(复杂)	治疗费	治疗收入	3.治疗类：(9)非手术治疗项目费
				240100001	人工制定治疗计划(简单)	治疗费	治疗收入	3.治疗类：(9)非手术治疗项目费
LAAZZ002	二维放疗计划设计	LAAZZ002	二维放疗计划设计	240100003	计算机治疗计划系统(TPS)	治疗费	治疗收入	3.治疗类：(9)非手术治疗项目费
LAAZZ003	三维适形放疗计划设计	LAAZZ003	三维适形放疗计划设计	240100004	特定计算机治疗计划系统	治疗费	治疗收入	3.治疗类：(9)非手术治疗项目费
LAAZZ004	调强放疗计划设计	LAAZZ004	调强放疗计划设计			治疗费	治疗收入	3.治疗类：(9)非手术治疗项目费
LAAZZ005	立体定向放疗计划设计	LAAZZ007	图像引导的三维立体定向放疗计划设计	240100004	特定计算机治疗计划系统	治疗费	治疗收入	3.治疗类：(9)非手术治疗项目费
		LAAZZ005	伽玛刀治疗计划设计			治疗费	治疗收入	3.治疗类：(9)非手术治疗项目费
LAAZZ006	热疗计划设计					治疗费	治疗收入	3.治疗类：(9)非手术治疗项目费
		LAAZZ006	X刀治疗计划设计			治疗费	治疗收入	3.治疗类：(9)非手术治疗项目费
LAB	2.剂量验证与监控							
LABZX001	点剂量验证	LABZX001	点剂量验证			治疗费	治疗收入	3.治疗类：(9)非手术治疗项目费
LABZX002	二维剂量验证	LABZX002	二维剂量验证			治疗费	治疗收入	3.治疗类：(9)非手术治疗项目费
LABZX003	三维剂量验证	LABZX003	三维剂量验证			治疗费	治疗收入	3.治疗类：(9)非手术治疗项目费
LABZX004	X线/体表光学实时显像监控	LABZX004	二维实时显像监控	240100005	放射治疗的适时监控	治疗费	治疗收入	3.治疗类：(9)非手术治疗项目费
LABZX005	磁共振成像(MRI)实时显像监控	LABZX005	三维实时显像监控			治疗费	治疗收入	3.治疗类：(9)非手术治疗项目费
LABZX006	超声实时监控	LABZX006	超声实时监控			治疗费	治疗收入	3.治疗类：(9)非手术治疗项目费
LABZX007	器官运动控制	LABZX007	呼吸门控			治疗费	治疗收入	3.治疗类：(9)非手术治疗项目费
LABZX008	在体剂量验证					治疗费	治疗收入	3.治疗类：(9)非手术治疗项目费
LAC	3.模拟定位与校位							
LACZX001	X线模拟机定位	LACZX004	专用X线模拟机定位	240200002	专用X线机模拟定位	治疗费	治疗收入	3.治疗类：(9)非手术治疗项目费
		LACZX001	X线机简易模拟定位	240200001	简易定位	治疗费	治疗收入	3.治疗类：(9)非手术治疗项目费
LACZX002	X线模拟机校位	LACZX005	专用X线模拟机校位			治疗费	治疗收入	3.治疗类：(9)非手术治疗项目费
		LACZX002	B超简易模拟定位	240200001	简易定位	治疗费	治疗收入	3.治疗类：(9)非手术治疗项目费
LACZX003	CT模拟机三维定位	LACZX006	CT模拟机三维定位	240200003	专用X线机复杂模拟定位	治疗费	治疗收入	3.治疗类：(9)非手术治疗项目费
		LACZX003	CT简易模拟定位	240200001	简易定位	治疗费	治疗收入	3.治疗类：(9)非手术治疗项目费
LACZX004	CT模拟机四维定位	LACZX007	四维CT模拟机定位	240200003	专用X线机复杂模拟定位	治疗费	治疗收入	3.治疗类：(9)非手术治疗项目费
LACZX005	CT模拟机校位	LACZX008	CT模拟机校位			治疗费	治疗收入	3.治疗类：(9)非手术治疗项目费
LACZX006	磁共振成像(MRI)模拟定位			240200003	专用X线机复杂模拟定位	治疗费	治疗收入	3.治疗类：(9)非手术治疗项目费
LAD	4.外照射治疗							
		LADBP002	头部伽马刀治疗	240300008	伽马刀治疗	治疗费	治疗收入	3.治疗类：(9)非手术治疗项目费
LADWA001	半身照射	LADWA001	半身照射	240300010	半身照射	治疗费	治疗收入	3.治疗类：(9)非手术治疗项目费
		LADZW001	体部X线立体定向放疗	240300007	X刀治疗	治疗费	治疗收入	3.治疗类：(9)非手术治疗项目费
LADZX001	血液照射	LADZX001	血液照射	310800009	血液照射	治疗费	治疗收入	3.治疗类：(9)非手术治疗项目费
LADZX002	深/浅部X线照射	LADZX002	深/浅部X线照射	240300001	深部X线照射	治疗费	治疗收入	3.治疗类：(9)非手术治疗项目费
LADZX003	60钴固定野照射	LADZX003	60钴固定源皮距照射	240300002	60钴外照射(固定照射)	治疗费	治疗收入	3.治疗类：(9)非手术治疗项目费
LADZX004	60钴旋转弧照射	LADZX004	60钴旋转等中心照射	240300003	60钴外照射(特殊照射)	治疗费	治疗收入	3.治疗类：(9)非手术治疗项目费
LADZX005	60钴楔形滤板照射	LADZX005	60钴楔形滤板照射			治疗费	治疗收入	3.治疗类：(9)非手术治疗项目费
LADZX006	60钴射野适形照射	LADZX006	60钴多叶光栅照射			治疗费	治疗收入	3.治疗类：(9)非手术治疗项目费
LADZX007	直线加速器三维适形照射	LADZX011	直线加速器三维适形照射	240300006	直线加速器适型治疗	治疗费	治疗收入	3.治疗类：(9)非手术治疗项目费
		LADZX007	直线加速器固定照射	240300004	直线加速器放疗(固定照射)	治疗费	治疗收入	3.治疗类：(9)非手术治疗项目费
LADZX008	不规则野大面积照射	LADZX012	不规则野大面积照射	240300009	不规则野大面积照射	治疗费	治疗收入	3.治疗类：(9)非手术治疗项目费
		LADZX008	直线加速器普通准直器照射	240300004	直线加速器放疗(固定照射)	治疗费	治疗收入	3.治疗类：(9)非手术治疗项目费
LADZX009	立体定向放射治疗	LADZX013	图像引导的三维立体定向放疗	240300008	伽马刀治疗	治疗费	治疗收入	3.治疗类：(9)非手术治疗项目费
		LADZX009	直线加速器楔形滤板照射	240300005	直线加速器放疗(特殊照射)	治疗费	治疗收入	3.治疗类：(9)非手术治疗项目费
LADZX010	术中电子线放疗	LADZX014	术中电子线放疗	240300014	术中放疗	治疗费	治疗收入	3.治疗类：(9)非手术治疗项目费
		LADZX010	直线加速器多叶光栅照射	240300005	直线加速器放疗(特殊照射)	治疗费	治疗收入	3.治疗类：(9)非手术治疗项目费
LADZX011	图像引导的固定野调强放疗	LADZX015	普通调强放疗	240300015	适型调强放射治疗(IMRT)	治疗费	治疗收入	3.治疗类：(9)非手术治疗项目费
LADZX012	图像引导的旋转调强放疗	LADZX016	旋转调强放疗			治疗费	治疗收入	3.治疗类：(9)非手术治疗项目费
LADZX013	图像引导的局部断层调强放疗	LADZX017	局部断层调强放疗			治疗费	治疗收入	3.治疗类：(9)非手术治疗项目费
LADZX014	质子放疗	LADZX019	质子放疗			治疗费	治疗收入	3.治疗类：(9)非手术治疗项目费
LADZX015	重粒子放疗	LADZX020	重粒子放疗			治疗费	治疗收入	3.治疗类：(9)非手术治疗项目费
LADZX016	术中X线放疗			240300015	适型调强放射治疗(IMRT)	治疗费	治疗收入	3.治疗类：(9)非手术治疗项目费
LADZX017	放射性粒子体外辐射剂量测量					治疗费	治疗收入	3.治疗类：(9)非手术治疗项目费
LADZX018	机器人立体定向放射治疗	LADBP001	头部X线立体定向放疗	240300007	X刀治疗	治疗费	治疗收入	3.治疗类：(9)非手术治疗项目费
		LADZX018	图像引导的调强放疗			治疗费	治疗收入	3.治疗类：(9)非手术治疗项目费
LADZX019	图像引导的全身断层调强放疗	LADZY004	全身断层调强放疗	240300015	适型调强放射治疗(IMRT)	治疗费	治疗收入	3.治疗类：(9)非手术治疗项目费
LADZY001	全身60钴照射	LADZY001	全身60钴照射	240300011	全身60钴照射	治疗费	治疗收入	3.治疗类：(9)非手术治疗项目费
LADZY002	全身X线照射	LADZY002	全身X线照射	240300012	全身X线照射	治疗费	治疗收入	3.治疗类：(9)非手术治疗项目费
LADZY003	全身电子线照射	LADZY003	全身电子线照射	240300013	全身电子线照射	治疗费	治疗收入	3.治疗类：(9)非手术治疗项目费
LAE	5.后装放疗							
		LAEGJ001	鼻咽鼻腔腔内后装放疗	240400002	腔内后装放疗	治疗费	治疗收入	3.治疗类：(9)非手术治疗项目费
LAEJB001	经鼻气管支气管腔内放疗	LAEJB001	经鼻气管支气管腔内放疗			治疗费	治疗收入	3.治疗类：(9)非手术治疗项目费
LAEJB002	经支气管镜气管/支气管腔内放疗	LAEJB002	经支气管镜气管支气管腔内放疗	310605011	经纤支镜引导支气管腔内放疗	治疗费	治疗收入	3.治疗类：(9)非手术治疗项目费
		LAEPC001	食管腔内放疗	240400002	腔内后装放疗	治疗费	治疗收入	3.治疗类：(9)非手术治疗项目费
		LAEPU001	直肠内后装放疗			治疗费	治疗收入	3.治疗类：(9)非手术治疗项目费
		LAEQE001	胆管内后装放疗			治疗费	治疗收入	3.治疗类：(9)非手术治疗项目费
LAETA001	腔内施源器置入术	LAETA001	妇科三管腔内后装放疗			治疗费	治疗收入	3.治疗类：(9)非手术治疗项目费
LAETA002	后装近距离治疗	LAETA002	妇科单管腔内后装放疗			治疗费	治疗收入	3.治疗类：(9)非手术治疗项目费
		LAETA003	妇科卵型容器腔内后装放疗			治疗费	治疗收入	3.治疗类：(9)非手术治疗项目费
		LAETL001	阴道内腔内放疗			治疗费	治疗收入	3.治疗类：(9)非手术治疗项目费
		LAEYA001	乳腺手术残腔后装放疗			治疗费	治疗收入	3.治疗类：(9)非手术治疗项目费
				240400003	组织间插置放疗	治疗费	治疗收入	3.治疗类：(9)非手术治疗项目费
				240400006	血管内后装放疗	治疗费	治疗收入	3.治疗类：(9)非手术治疗项目费
LAEZX001	浅表部位施源器置入术	LAEZX001	浅表部位后装治疗	240400001	浅表部位后装治疗	治疗费	治疗收入	3.治疗类：(9)非手术治疗项目费
				240400005	皮肤贴敷后装放疗	治疗费	治疗收入	3.治疗类：(9)非手术治疗项目费
LAEZX002	术中施源器置入术	LAEZX002	手术置管后装放疗	240400004	手术置管放疗	治疗费	治疗收入	3.治疗类：(9)非手术治疗项目费
LAEZX003	硼中子俘获治疗	LAEZX003	快中子后装治疗	240400007	快中子后装治疗(中子刀)	治疗费	治疗收入	3.治疗类：(9)非手术治疗项目费
		LAEZX004	术中后装放疗			治疗费	治疗收入	3.治疗类：(9)非手术治疗项目费
				240400004	手术置管放疗	治疗费	治疗收入	3.治疗类：(9)非手术治疗项目费
				240300016	快中子外照射	治疗费	治疗收入	3.治疗类：(9)非手术治疗项目费
LAEZX004	后装组织间治疗			240600001	低氧放疗耐力测定	治疗费	治疗收入	3.治疗类：(9)非手术治疗项目费
LAF	6.模具制备与使用							
LAFZC001	头颈肩网罩制备	LAFZC001	头颈肩网罩制备			治疗费	治疗收入	3.治疗类：(9)非手术治疗项目费
LAFZW001	体部固定膜制备	LAFZW001	体部固定膜制备	240500005	体架	治疗费	治疗收入	3.治疗类：(9)非手术治疗项目费
LAFZX001	临床靶区勾画					治疗费	治疗收入	3.治疗类：(9)非手术治疗项目费
		LAFZX001	体位固定器辅助固定			治疗费	治疗收入	3.治疗类：(9)非手术治疗项目费
LAFZX002	质子补偿器制备					治疗费	治疗收入	3.治疗类：(9)非手术治疗项目费
LAFZX003	质子限束器制备					治疗费	治疗收入	3.治疗类：(9)非手术治疗项目费
LAFZZ001	薄铅皮挡块制备	LAFZZ001	薄铅皮挡块制备	240500001	合金模具设计及制作	治疗费	治疗收入	3.治疗类：(9)非手术治疗项目费
LAFZZ002	电子束铅模制备	LAFZZ002	电子束铅模制备			治疗费	治疗收入	3.治疗类：(9)非手术治疗项目费
LAFZZ003	X线铅模制备	LAFZZ003	X线铅模制备			治疗费	治疗收入	3.治疗类：(9)非手术治疗项目费
LAFZZ004	大面积不规则野铅模制备	LAFZZ004	大面积不规则野铅模制备			治疗费	治疗收入	3.治疗类：(9)非手术治疗项目费
LAFZZ005	非均匀性补偿铅模制备	LAFZZ005	非均匀性补偿铅模制备			治疗费	治疗收入	3.治疗类：(9)非手术治疗项目费
LAFZZ006	校位模板制备	LAFZZ006	校位模板制备			治疗费	治疗收入	3.治疗类：(9)非手术治疗项目费
LAFZZ007	发泡胶模具制备	LAFZZ007	填充模具制备	240500002	填充模具设计及制作	治疗费	治疗收入	3.治疗类：(9)非手术治疗项目费
LAFZZ008	等效胶体制备	LAFZZ008	等效胶体制备			治疗费	治疗收入	3.治疗类：(9)非手术治疗项目费
LAFZZ009	蜡模制备	LAFZZ009	蜡模制备			治疗费	治疗收入	3.治疗类：(9)非手术治疗项目费
LAFZZ010	凡士林垫块制备	LAFZZ010	凡士林垫块制备			治疗费	治疗收入	3.治疗类：(9)非手术治疗项目费
LAFZZ011	水囊补偿物制备	LAFZZ011	水囊补偿物制备	240500003	补偿物设计及制作	治疗费	治疗收入	3.治疗类：(9)非手术治疗项目费
LAFZZ012	口含器补偿物制备	LAFZZ012	压舌器补偿物制备			治疗费	治疗收入	3.治疗类：(9)非手术治疗项目费
LAFZZ013	立体定向放疗固定	LAFZZ013	X刀与伽玛刀固定模制备			治疗费	治疗收入	3.治疗类：(9)非手术治疗项目费
LAFZZ014	面罩制备	LAFZZ014	普通型面罩制备	240500004	面模设计及制作	治疗费	治疗收入	3.治疗类：(9)非手术治疗项目费
LAFZZ015	真空垫制备	LAFZZ015	真空垫制备			治疗费	治疗收入	3.治疗类：(9)非手术治疗项目费
LB	(二)放射性核素治疗							
LBADC001	放射性核素甲亢治疗	LBADC001	碘[131I]甲亢治疗	230600001	131碘-甲亢治疗	治疗费	治疗收入	3.治疗类：(9)非手术治疗项目费
LBADC002	放射性核素功能自主性甲状腺瘤治疗	LBADC002	碘[131I]功能自主性甲状腺瘤治疗	230600002	131碘-功能自主性甲状腺瘤治疗	治疗费	治疗收入	3.治疗类：(9)非手术治疗项目费
LBADC003	放射性核素甲状腺癌治疗	LBADC003	碘[131I]甲状腺癌治疗	230600003	131碘-甲状腺癌转移灶治疗	治疗费	治疗收入	3.治疗类：(9)非手术治疗项目费
LBAZX001	放射性核素受体恶性肿瘤治疗	LBAZX001	碘[131I]-间碘苄胍恶性肿瘤治疗	230600012	131碘-MIBG恶性肿瘤治疗	治疗费	治疗收入	3.治疗类：(9)非手术治疗项目费
LBAZX002	放射性核素肿瘤免疫治疗	LBAZX002	碘[131I]肿瘤抗体放免治疗	230600004	131碘-肿瘤抗体放免治疗	治疗费	治疗收入	3.治疗类：(9)非手术治疗项目费
LBAZX003	放射性核素血液病治疗	LBBZX002	磷[32P]血液病治疗	230600006	32磷-血液病治疗	治疗费	治疗收入	3.治疗类：(9)非手术治疗项目费
LBAZX004	放射性核素适形性敷贴治疗	LBBZX004	磷[32P]贴敷治疗			治疗费	治疗收入	3.治疗类：(9)非手术治疗项目费
LBAZX005	放射性核素骨转移瘤治疗	LBCX6001	锶[89Sr]骨转移瘤治疗	230600009	89锶-骨转移瘤治疗	治疗费	治疗收入	3.治疗类：(9)非手术治疗项目费
LBAZX006	放射性核素敷贴器治疗	LBFZX002	钇[90Y]敷贴治疗	230600016	90锶贴敷治疗	治疗费	治疗收入	3.治疗类：(9)非手术治疗项目费
		LBBZX001	磷[32P]胶体腔内治疗	230600005	32磷-胶体腔内治疗	治疗费	治疗收入	3.治疗类：(9)非手术治疗项目费
		LBBZX003	磷[32P]微球介入治疗	230600007	32磷-微球介入治疗	治疗费	治疗收入	3.治疗类：(9)非手术治疗项目费
		LBDX6001	钐[153Sm]骨转移瘤治疗	230600010	153钐-EDTMP骨转移瘤治疗	治疗费	治疗收入	3.治疗类：(9)非手术治疗项目费
		LBEX6001	铼[186/188Re]骨转移瘤治疗	230600011	188铼-HEDP骨转移瘤治疗	治疗费	治疗收入	3.治疗类：(9)非手术治疗项目费
		LBFZX001	钇[90Y]微球介入治疗	230600008	90钇-微球介入治疗	治疗费	治疗收入	3.治疗类：(9)非手术治疗项目费
LBZZX001	核素组织间介入治疗	LBZZX001	核素组织间介入治疗	230600013	核素组织间介入治疗	治疗费	治疗收入	3.治疗类：(9)非手术治疗项目费
LBZZX002	核素血管内介入治疗	LBZZX002	核素血管内介入治疗	230600014	核素血管内介入治疗	治疗费	治疗收入	3.治疗类：(9)非手术治疗项目费
LBZZX003	锝[99Tc]-亚甲基二磷酸盐(MDP)云克治疗	LBZZX003	锝[99Tc]治疗	230600015	99锝(云克)治疗	治疗费	治疗收入	3.治疗类：(9)非手术治疗项目费
		LBZZX004	核素组织间粒子置入治疗	230600017	组织间粒子植入术	治疗费	治疗收入	3.治疗类：(9)非手术治疗项目费
LC	(三)聚焦超声治疗							
LCAGA001	聚焦超声治疗鼻炎	LCAGA001	聚焦超声治疗鼻炎			治疗费	治疗收入	3.治疗类：(9)非手术治疗项目费
LCATA001	聚焦超声妇科疾病治疗	LCATA001	聚焦超声妇科疾病治疗			治疗费	治疗收入	3.治疗类：(9)非手术治疗项目费
LCAZX001	高强度精确聚焦超声热消融肿瘤治疗	LCAZX001	高强度精确聚焦超声热消融肿瘤治疗			治疗费	治疗收入	3.治疗类：(9)非手术治疗项目费
LCAZX002	高强度聚焦超声热消融肿瘤治疗	LCAZX002	高强度聚焦超声热消融肿瘤治疗	240700002	高强度超声聚焦刀治疗	治疗费	治疗收入	3.治疗类：(9)非手术治疗项目费
LCAZX003	磁共振引导聚焦超声治疗					治疗费	治疗收入	3.治疗类：(9)非手术治疗项目费
LD	(四)热疗							
LDAZX001	局部微波热疗	LDAZX001	局部微波热疗	240700001	深部热疗	治疗费	治疗收入	3.治疗类：(9)非手术治疗项目费
LDAZX002	局部大功率微波热疗	LDAZX002	区域大功率微波热疗			治疗费	治疗收入	3.治疗类：(9)非手术治疗项目费
LDAZY001	全身大功率微波热疗	LDAZY001	全身大功率微波热疗			治疗费	治疗收入	3.治疗类：(9)非手术治疗项目费
LDBZX001	局部射频热疗	LDBZX001	区域射频热疗			治疗费	治疗收入	3.治疗类：(9)非手术治疗项目费
LDBZY001	全身射频热疗	LDBZY001	全身射频热疗			治疗费	治疗收入	3.治疗类：(9)非手术治疗项目费
LDCZX001	局部超声热疗	LDCZX001	区域超声热疗			治疗费	治疗收入	3.治疗类：(9)非手术治疗项目费
LDDZX001	局部环形阵列热疗	LDDZX001	区域环形阵列热疗	240700001	深部热疗	治疗费	治疗收入	3.治疗类：(9)非手术治疗项目费
LDEZX001	局部热循环灌注热疗	LDEZX001	区域热循环灌注热疗			治疗费	治疗收入	3.治疗类：(9)非手术治疗项目费
LDFZY001	全身体外循环热疗	LDFZY001	全身体外循环热疗			治疗费	治疗收入	3.治疗类：(9)非手术治疗项目费
LDGZY001	全身红外热疗	LDGZY001	全身红外热疗			治疗费	治疗收入	3.治疗类：(9)非手术治疗项目费
		LEAYC002	紫外线全身光敏治疗	340100004	紫外线治疗	治疗费	治疗收入	3.治疗类：(9)非手术治疗项目费
		LEAYR009	长波紫外线黑光治疗			治疗费	治疗收入	3.治疗类：(9)非手术治疗项目费
		LEAYR013	紫外线局部光敏治疗			治疗费	治疗收入	3.治疗类：(9)非手术治疗项目费
		LEAYR014	紫外线光浴光敏治疗			治疗费	治疗收入	3.治疗类：(9)非手术治疗项目费
		LEAYR017	激光光敏治疗	340100006	光敏疗法	治疗费	治疗收入	3.治疗类：(9)非手术治疗项目费
		LEAZX001	紫外线照射充氧血液回输治疗	310800011	血液光量子自体血回输治疗	治疗费	治疗收入	3.治疗类：(9)非手术治疗项目费
		LEBZX005	电化学疗法	340100008	直流电治疗	治疗费	治疗收入	3.治疗类：(9)非手术治疗项目费
		LEBZX014	微机功能性电刺激治疗			治疗费	治疗收入	3.治疗类：(9)非手术治疗项目费
M	九、康复理疗							
MA	(一)康复评定							
MABW6001	偏瘫肢体功能评定	MABW6001	偏瘫肢体功能评定			检查费	检查收入	4.康复类：(11)康复费
MABW6002	肢体残疾评定	MABW6002	肢体残疾评定	340200019	人体残伤测定	检查费	检查收入	4.康复类：(11)康复费
MABX7001	关节活动度检查	MABX7001	关节活动度检查			检查费	检查收入	4.康复类：(11)康复费
MABX8001	肌张力评定	MABX8001	肌张力评定			检查费	检查收入	4.康复类：(11)康复费
MABX8002	等速肌力测定	MABX8002	等速肌力测定	340200004	等速肌力测定	检查费	检查收入	4.康复类：(11)康复费
MABX8003	等长肌力测定	MABX8003	等长肌力评价			检查费	检查收入	4.康复类：(11)康复费
MABX8004	肌肉疲劳度测定	MABX8004	肌肉疲劳度测定	340200006	疲劳度测定	检查费	检查收入	4.康复类：(11)康复费
MABX8005	徒手肌力检查					检查费	检查收入	4.康复类：(11)康复费
MABXA001	6分钟步行测试	MABXA001	6分钟步行测试			检查费	检查收入	4.康复类：(11)康复费
MABXA002	步态分析	MABXA002	步态分析检查	340200007	步态分析检查	检查费	检查收入	4.康复类：(11)康复费
		MABXA003	步态动力学分析检查			检查费	检查收入	4.康复类：(11)康复费
MABZY001	Peabody运动发育量表检查					检查费	检查收入	4.康复类：(11)康复费
MACZY001	协调功能评价	MACZY002	运动协调性检查			检查费	检查收入	4.康复类：(11)康复费
MACZY002	跌倒/坠床风险评估	MACZY001	跌倒风险评估			检查费	检查收入	4.康复类：(11)康复费
MADJE001	肺功能康复评定	MADJE001	肺功能康复评定	340200018	肺功能康复评定	检查费	检查收入	4.康复类：(11)康复费
MADJE002	呼吸方式呼吸肌功能评定	MADJE002	呼吸方式+呼吸肌功能的评定			检查费	检查收入	4.康复类：(11)康复费
MADKA001	心功能康复评定	MADKA001	心功能康复评定	340200017	心功能康复评定	检查费	检查收入	4.康复类：(11)康复费
MAEBZ001	定量感觉障碍检查	MAEBZ001	感觉障碍检查			检查费	检查收入	4.康复类：(11)康复费
MAEBZ002	疼痛综合评定	MAZZY001	疼痛综合评定			检查费	检查收入	4.康复类：(11)康复费
MAEYR001	单丝皮肤感觉检查	MAEYR001	单丝皮肤感觉检查			检查费	检查收入	4.康复类：(11)康复费
MAEZY001	感觉评定					检查费	检查收入	4.康复类：(11)康复费
MAFAZ001	反应时检查	MAFAZ001	反应时检查			检查费	检查收入	4.康复类：(11)康复费
MAFAZ002	失认症评定	MAFAZ002	失认症评定			检查费	检查收入	4.康复类：(11)康复费
MAFAZ003	失用症评定	MAFAZ003	失用症评定			检查费	检查收入	4.康复类：(11)康复费
MAFAZ004	失算症检查	MAFAZ004	失算症检查			检查费	检查收入	4.康复类：(11)康复费
MAFAZ005	听觉功能评定					检查费	检查收入	4.康复类：(11)康复费
MAFAZ006	婴幼儿视觉强化测听					检查费	检查收入	4.康复类：(11)康复费
MAGAZ001	言语功能筛查	MAGAZ001	言语能力筛查	340200008	言语能力评定	检查费	检查收入	4.康复类：(11)康复费
MAGAZ002	语言功能筛查	MAGAZ002	失语症筛查			检查费	检查收入	4.康复类：(11)康复费
MAGAZ003	儿童语言发育筛查	MAGAZ004	儿童言语障碍筛查表			检查费	检查收入	4.康复类：(11)康复费
		MAGAZ003	构音障碍筛查			检查费	检查收入	4.康复类：(11)康复费
MAGAZ004	言语功能全面检查	MAGAZ005	构音障碍检查			检查费	检查收入	4.康复类：(11)康复费
MAGAZ005	言语评估检查	MAGAZ007	言语评估检查			检查费	检查收入	4.康复类：(11)康复费
MAGAZ006	语言功能全面检查	MAGAZ008	失语症检查	340200009	失语症检查	检查费	检查收入	4.康复类：(11)康复费
		MAGAZ006	言语失用检查			检查费	检查收入	4.康复类：(11)康复费
MAGAZ007	语言功能单项检查	MAGAZ009	代币检查(TokenTest)			检查费	检查收入	4.康复类：(11)康复费
MAGAZ008	实用性语言交流能力检查	MAGAZ010	实用性语言交流能力检查(CADL)			检查费	检查收入	4.康复类：(11)康复费
MAGAZ009	口吃检查	MAGAZ013	口吃检查	340200010	口吃检查	检查费	检查收入	4.康复类：(11)康复费
MAGAZ010	计算机语音分析	MAGAZ014	语音频谱分析检查			检查费	检查收入	4.康复类：(11)康复费
MAGAZ011	听力障碍儿童语言检查	MAGAZ015	听力障碍儿童语言检查			检查费	检查收入	4.康复类：(11)康复费
		MAGAZ011	100单词听理解检查			检查费	检查收入	4.康复类：(11)康复费
MAGAZ012	发声功能检查	MAGAZ016	发声障碍检查			检查费	检查收入	4.康复类：(11)康复费
		MAGAZ012	100单词命名检查			检查费	检查收入	4.康复类：(11)康复费
MAGAZ013	儿童语言发育评估	MAGAZ017	儿童语言障碍检查			检查费	检查收入	4.康复类：(11)康复费
		MAGGA001	鼻流量检查			检查费	检查收入	4.康复类：(11)康复费
MAGGK001	吞咽功能评估	MAGGK001	吞咽功能障碍检查	340200011	吞咽功能障碍评定	检查费	检查收入	4.康复类：(11)康复费
		MAGGM001	喉发声检查			检查费	检查收入	4.康复类：(11)康复费
		MAGZX001	腭裂构音检查			检查费	检查收入	4.康复类：(11)康复费
MAHWR001	手功能评定	MAHWR001	手功能评定	340200005	手功能评定	检查费	检查收入	4.康复类：(11)康复费
				340200001	徒手平衡功能检查	检查费	检查收入	4.康复类：(11)康复费
MAHZZ001	辅助器具使用评价	MAHZZ001	辅助器具使用评价	340200002	仪器平衡功能评定	治疗费	治疗收入	4.康复类：(11)康复费
MAHZZ002	轮椅肢位摆放评定	MAHZZ002	轮椅肢位摆放评定			检查费	检查收入	4.康复类：(11)康复费
MAKZY001	徒手职业能力评定	MAKZY001	徒手职业能力评定	340200015	职业能力评定	检查费	检查收入	4.康复类：(11)康复费
MAKZY002	器械职业能力评定	MAKZY002	器械职业能力评定			检查费	检查收入	4.康复类：(11)康复费
MAMBS001	脊髓损伤ASIA评价					检查费	检查收入	4.康复类：(11)康复费
MAMW6001	截瘫功能评定					检查费	检查收入	4.康复类：(11)康复费
MAMX8001	儿童运动功能评定					检查费	检查收入	4.康复类：(11)康复费
MAMZY001	综合能力评估	MAMZY001	综合能力评估			检查费	检查收入	4.康复类：(11)康复费
MAMZY002	生活质量评定	MAMZY002	生活质量评定			检查费	检查收入	4.康复类：(11)康复费
MAMZY003	康复综合评定	MAMZY003	康复综合评定	340200039	康复评定	检查费	检查收入	4.康复类：(11)康复费
MAMZY004	多发性硬化功能残缺评分检查	MAMZY004	多发性硬化功能残缺评分检查(EDSS)			检查费	检查收入	4.康复类：(11)康复费
MAMZY005	卒中功能评分	MAMZY005	卒中功能评分(NIHSS)			检查费	检查收入	4.康复类：(11)康复费
MAZRG001	膀胱容量测定	MAZRG001	膀胱容量测定			检查费	检查收入	4.康复类：(11)康复费
MAZRG002	超声膀胱容量测定	MAZRG002	仪器法膀胱容量测定			检查费	检查收入	4.康复类：(11)康复费
MAZTZ001	盆底肌肉压力功能检测					检查费	检查收入	4.康复类：(11)康复费
MAZW6001	截肢前评定	MAZW6001	截肢前评定			检查费	检查收入	4.康复类：(11)康复费
MAZW6002	截肢初期评价	MAZW6002	截肢患者初期评价			检查费	检查收入	4.康复类：(11)康复费
MAZW6003	截肢中期评价	MAZW6003	截肢患者中期评价			检查费	检查收入	4.康复类：(11)康复费
MAZW6004	截肢末期评价	MAZW6004	截肢患者末期评价			检查费	检查收入	4.康复类：(11)康复费
MAZW6005	肢体形态学测量	MAZW6005	肢体形态学测量			检查费	检查收入	4.康复类：(11)康复费
MAZXU001	足底压力检查	MAZXU001	足底压力检查			检查费	检查收入	4.康复类：(11)康复费
MAZZZ001	假肢评定	MAZZZ001	假肢评定			检查费	检查收入	4.康复类：(11)康复费
MAZZZ002	静脉血栓风险评估					检查费	检查收入	4.康复类：(11)康复费
MB	(二)康复治疗							
MBAVE001	脊柱侧凸康复治疗					治疗费	治疗收入	4.康复类：(11)康复费
MBAW6001	水中肢体功能训练	MBAW6001	水中肢体功能训练			治疗费	治疗收入	4.康复类：(11)康复费
MBAYR001	压力绷带治疗					治疗费	治疗收入	4.康复类：(11)康复费
MBAYR002	压力损伤治疗					治疗费	治疗收入	4.康复类：(11)康复费
MBAZX001	步行浴训练	MBAZX001	步行浴训练			治疗费	治疗收入	4.康复类：(11)康复费
MBAZX002	电动浴缸训练	MBAZX002	电动浴缸训练			治疗费	治疗收入	4.康复类：(11)康复费
MBAZX003	水中步行运动训练	MBAZX003	水中步行运动训练			治疗费	治疗收入	4.康复类：(11)康复费
MBAZZ001	贴布治疗					治疗费	治疗收入	4.康复类：(11)康复费
MBBHB001	肌肉功能训练					治疗费	治疗收入	4.康复类：(11)康复费
MBBHM001	儿童口部感觉运动功能训练					治疗费	治疗收入	4.康复类：(11)康复费
MBBHY001	颈部综合运动训练	MBBHY001	颈部综合运动训练	340200020	运动疗法	治疗费	治疗收入	4.康复类：(11)康复费
MBBPH001	肠道功能训练					治疗费	治疗收入	4.康复类：(11)康复费
MBBTZ001	盆底功能康复治疗					治疗费	治疗收入	4.康复类：(11)康复费
MBBVE001	脊柱矫形器康复治疗					治疗费	治疗收入	4.康复类：(11)康复费
MBBVF001	脊柱关节松动训练	MBBVF001	脊柱关节松动训练	340200026	关节松动训练	治疗费	治疗收入	4.康复类：(11)康复费
MBBVG001	呼吸功能训练	MBBVG001	呼吸训练			治疗费	治疗收入	4.康复类：(11)康复费
MBBVG002	腰背肌器械训练	MBBVG002	腰背肌器械训练			治疗费	治疗收入	4.康复类：(11)康复费
MBBW6001	偏瘫肢体综合训练	MBBW6001	偏瘫肢体综合训练	340200040	偏瘫肢体综合训练	治疗费	治疗收入	4.康复类：(11)康复费
MBBW6002	脑瘫肢体综合训练	MBBW6002	脑瘫肢体综合训练	340200041	脑瘫肢体综合训练	治疗费	治疗收入	4.康复类：(11)康复费
MBBW6003	截瘫肢体综合训练	MBBW6003	截瘫肢体综合训练	340200042	截瘫肢体综合训练	治疗费	治疗收入	4.康复类：(11)康复费
MBBW6004	四肢瘫肢体综合训练	MBBW6004	四肢瘫肢体综合训练			治疗费	治疗收入	4.康复类：(11)康复费
MBBW6005	截肢肢体综合训练	MBBW6005	截肢肢体综合训练			治疗费	治疗收入	4.康复类：(11)康复费
MBBW6006	上下肢协调功能训练					治疗费	治疗收入	4.康复类：(11)康复费
MBBWA001	上肢综合运动训练	MBBWA001	上肢综合运动训练	340200020	运动疗法	治疗费	治疗收入	4.康复类：(11)康复费
MBBWR001	烧伤后手功能训练	MBBWR001	烧伤后手功能训练	311400055	烧伤后功能训练	治疗费	治疗收入	4.康复类：(11)康复费
MBBX7001	烧伤后关节功能训练	MBBX7001	烧伤后关节功能训练			治疗费	治疗收入	4.康复类：(11)康复费
MBBX7002	小关节松动训练	MBBX7002	小关节松动训练	340200026	关节松动训练	治疗费	治疗收入	4.康复类：(11)康复费
MBBX7003	大关节松动训练	MBBX7003	大关节松动训练			治疗费	治疗收入	4.康复类：(11)康复费
MBBX8001	肌肉肌腱牵拉训练					治疗费	治疗收入	4.康复类：(11)康复费
MBBX8002	徒手肌力训练					治疗费	治疗收入	4.康复类：(11)康复费
MBBXA001	下肢综合运动训练	MBBXA001	下肢综合运动训练	340200020	运动疗法	治疗费	治疗收入	4.康复类：(11)康复费
MBBXA002	站立步行能力综合训练	MBBXA002	站立+步行能力综合训练			治疗费	治疗收入	4.康复类：(11)康复费
MBBXA003	平衡生物反馈训练	MBBXA003	平衡生物反馈训练	340200024	平衡功能训练	治疗费	治疗收入	4.康复类：(11)康复费
MBBZH001	腰部综合运动训练	MBBZH001	腰部综合运动训练			治疗费	治疗收入	4.康复类：(11)康复费
MBBZX001	转移动作训练	MBBZX001	转移动作训练			治疗费	治疗收入	4.康复类：(11)康复费
MBBZX002	等速肌力训练	MBBZX002	等速肌力训练	340200030	等速肌力训练	治疗费	治疗收入	4.康复类：(11)康复费
MBBZX003	持续性被动关节活动范围训练	MBBZX003	持续性被动关节活动范围训练(CPM)			治疗费	治疗收入	4.康复类：(11)康复费
MBBZX004	床边徒手肢体运动训练	MBBZX004	床边徒手肢体运动训练			治疗费	治疗收入	4.康复类：(11)康复费
MBBZX005	博巴斯训练(Bobath)	MBBZX005	博巴斯训练(Bobath)			治疗费	治疗收入	4.康复类：(11)康复费
MBBZX006	布氏训练(Brunnstrom)	MBBZX006	布伦斯特伦训练(Brunnstrom)			治疗费	治疗收入	4.康复类：(11)康复费
MBBZX007	本体感觉神经肌肉促进训练	MBBZX007	本体感觉神经肌肉促进训练(PNF)			治疗费	治疗收入	4.康复类：(11)康复费
MBBZX008	运动再学习训练	MBBZX008	运动再学习训练(MRP)			治疗费	治疗收入	4.康复类：(11)康复费
MBBZX009	减重支持系统训练	MBBZX009	减重支持系统训练	340200021	减重支持系统训练	治疗费	治疗收入	4.康复类：(11)康复费
MBBZX010	电动起立床训练	MBBZX010	电动起立床训练	340200023	电动起立床训练	治疗费	治疗收入	4.康复类：(11)康复费
MBBZX011	跑台康复训练	MBBZX011	跑台康复训练			治疗费	治疗收入	4.康复类：(11)康复费
MBBZX012	功率自行车康复训练	MBBZX012	功率自行车康复训练			治疗费	治疗收入	4.康复类：(11)康复费
MBBZX013	肢体平衡功能训练	MBBZX013	肢体平衡功能训练	340200024	平衡功能训练	治疗费	治疗收入	4.康复类：(11)康复费
MBBZX014	协调性训练	MBBZX014	运动协调性训练			治疗费	治疗收入	4.康复类：(11)康复费
MBBZX015	引导式教育训练	MBBZX015	引导式教育训练	340200029	引导式教育训练	治疗费	治疗收入	4.康复类：(11)康复费
MBBZX016	烧伤功能训练床治疗	MBBZX016	烧伤功能训练床治疗	311400054	烧伤功能训练床治疗	治疗费	治疗收入	4.康复类：(11)康复费
MBBZX017	截肢术后康复训练	MBBZX017	截肢术后康复训练			治疗费	治疗收入	4.康复类：(11)康复费
MBBZX018	假肢使用训练	MBBZX018	假肢使用训练			治疗费	治疗收入	4.康复类：(11)康复费
MBBZX019	耐力训练	MBBZX019	耐力训练	340200027	有氧训练	治疗费	治疗收入	4.康复类：(11)康复费
MBBZX020	悬吊网架训练	LEJZX001	悬吊治疗			治疗费	治疗收入	4.康复类：(11)康复费
MBBZY001	筋膜松解治疗					治疗费	治疗收入	4.康复类：(11)康复费
MBBZY002	体力耐力训练					治疗费	治疗收入	4.康复类：(11)康复费
MBBZY003	矫形器使用训练					治疗费	治疗收入	4.康复类：(11)康复费
MBBZY004	动静态平衡训练					治疗费	治疗收入	4.康复类：(11)康复费
MBBZZ001	固定矫形器康复治疗					治疗费	治疗收入	4.康复类：(11)康复费
MBBZZ002	综合康复护理					治疗费	治疗收入	4.康复类：(11)康复费
MBBZZ003	体感互动康复训练					治疗费	治疗收入	4.康复类：(11)康复费
MBCKA001	心功能康复训练					治疗费	治疗收入	4.康复类：(11)康复费
MBCW6001	良肢位摆放					治疗费	治疗收入	4.康复类：(11)康复费
MBCWR001	徒手手功能训练	MBCWR001	徒手手功能训练	340200025	手功能训练	治疗费	治疗收入	4.康复类：(11)康复费
MBCWR002	器械手功能训练	MBCWR002	器械手功能训练			治疗费	治疗收入	4.康复类：(11)康复费
MBCZX001	身体功能障碍作业疗法训练	MBCZX001	身体功能障碍作业疗法训练	340200031	作业疗法	治疗费	治疗收入	4.康复类：(11)康复费
MBCZX002	精神障碍作业疗法训练	MBCZX002	精神障碍作业疗法训练			治疗费	治疗收入	4.康复类：(11)康复费
MBCZX003	日常生活能力训练	MBCZX004	日常生活动作训练			治疗费	治疗收入	4.康复类：(11)康复费
		MBCZX003	认知功能障碍作业疗法训练	340200031	作业疗法	治疗费	治疗收入	4.康复类：(11)康复费
MBCZX004	辅助器具作业疗法训练	MBCZX005	辅助(器)具作业疗法训练			治疗费	治疗收入	4.康复类：(11)康复费
MBCZZ001	自助具康复治疗	MBCZZ001	自助具制作			治疗费	治疗收入	4.康复类：(11)康复费
MBCZZ002	儿童作业治疗					治疗费	治疗收入	4.康复类：(11)康复费
MBDHQ001	吞咽障碍治疗					治疗费	治疗收入	4.康复类：(11)康复费
MBDZX001	口吃治疗	MBDZX001	口吃训练	340200033	口吃训练	治疗费	治疗收入	4.康复类：(11)康复费
MBDZX002	失语症治疗	MBDZX002	失语症训练	340200034	言语训练	治疗费	治疗收入	4.康复类：(11)康复费
MBDZX003	儿童语言康复治疗	MBDZX004	儿童语言障碍训练			治疗费	治疗收入	4.康复类：(11)康复费
		MBDZX003	腭裂构音训练			治疗费	治疗收入	4.康复类：(11)康复费
MBDZX004	孤独症儿童语言障碍训练	MBDZX005	孤独症儿童语言障碍训练			治疗费	治疗收入	4.康复类：(11)康复费
MBDZX005	儿童听力障碍语言训练	MBDZX006	儿童听力障碍语言训练	340200035	儿童听力障碍语言训练	治疗费	治疗收入	4.康复类：(11)康复费
MBDZX006	构音障碍治疗	MBDZX007	构音障碍训练	340200036	构音障碍训练	治疗费	治疗收入	4.康复类：(11)康复费
MBDZX007	发声障碍治疗	MBDZX008	发声障碍训练			治疗费	治疗收入	4.康复类：(11)康复费
MBDZX008	喉切除术后语音治疗	MBDZX009	无喉者发声障碍训练			治疗费	治疗收入	4.康复类：(11)康复费
MBDZX009	吞咽电刺激治疗	MBDZX010	吞咽障碍电刺激训练	340200037	吞咽功能障碍训练	治疗费	治疗收入	4.康复类：(11)康复费
MBDZZ001	实用语言交流能力治疗			310403005	计算机言语疾病矫治	治疗费	治疗收入	4.康复类：(11)康复费
MBDZZ002	诵读训练					治疗费	治疗收入	4.康复类：(11)康复费
MBDZZ003	儿童言语治疗					治疗费	治疗收入	4.康复类：(11)康复费
MBDZZ004	儿童孤独症综合训练					治疗费	治疗收入	4.康复类：(11)康复费
MBEBZ001	儿童视觉感觉统合训练					治疗费	治疗收入	4.康复类：(11)康复费
MBEGG001	吞咽球囊治疗					治疗费	治疗收入	4.康复类：(11)康复费
MBEZX001	知觉障碍康复训练	MBEZX001	知觉障碍康复训练	340200038	认知知觉功能障碍训练	治疗费	治疗收入	4.康复类：(11)康复费
MBEZX002	视听音乐综合训练					治疗费	治疗收入	4.康复类：(11)康复费
MBEZX003	感觉训练					治疗费	治疗收入	4.康复类：(11)康复费
MBFBZ001	情景互动训练					治疗费	治疗收入	4.康复类：(11)康复费
MBFZX001	儿童认知能力训练	MBFZX001	儿童认知能力训练			治疗费	治疗收入	4.康复类：(11)康复费
MBFZX002	儿童适应能力训练	MBFZX002	儿童适应能力训练			治疗费	治疗收入	4.康复类：(11)康复费
MBFZX003	认知障碍康复训练	MBFZX003	认知障碍康复训练	340200038	认知知觉功能障碍训练	治疗费	治疗收入	4.康复类：(11)康复费
MBGBZ001	音乐心理治疗	KAZ38912	音乐心理治疗	311503018	音乐治疗	治疗费	治疗收入	4.康复类：(11)康复费
MBGBZ002	社交技能训练					治疗费	治疗收入	4.康复类：(11)康复费
MBGBZ003	儿童精神康复训练					治疗费	治疗收入	4.康复类：(11)康复费
MBGZX001	认知行为塑造训练	MBGZX001	认知行为塑造训练			治疗费	治疗收入	4.康复类：(11)康复费
MBGZX002	神经学音乐治疗					治疗费	治疗收入	4.康复类：(11)康复费
MBHZX001	轮椅技能训练	MBHZX001	轮椅技能训练	340200022	轮椅功能训练	治疗费	治疗收入	4.康复类：(11)康复费
MBHZX002	轮椅篮球训练	MBHZX002	轮椅篮球训练			治疗费	治疗收入	4.康复类：(11)康复费
MBHZX003	轮椅跑台训练	MBHZX003	轮椅跑台训练			治疗费	治疗收入	4.康复类：(11)康复费
MBHZX004	轮椅体操训练	MBHZX004	轮椅体操训练			治疗费	治疗收入	4.康复类：(11)康复费
MBHZZ001	文体活动疗法					治疗费	治疗收入	4.康复类：(11)康复费
MBHZZ002	医疗体操训练					治疗费	治疗收入	4.康复类：(11)康复费
MBKCQ001	经皮骶神经电刺激	MBKCQ001	经皮骶神经电刺激测试			治疗费	治疗收入	4.康复类：(11)康复费
MBKZX001	家居环境改造指导	MBKZX001	家居环境改造咨询			治疗费	治疗收入	4.康复类：(11)康复费
MBKZX002	职业功能训练	MBKZX002	职业功能训练	340200032	职业功能训练	治疗费	治疗收入	4.康复类：(11)康复费
MBKZX003	工作模拟训练	MBKZX003	工作模拟训练			治疗费	治疗收入	4.康复类：(11)康复费
MBKZX004	工作强化训练	MBKZX004	工作强化训练			治疗费	治疗收入	4.康复类：(11)康复费
MBKZX005	工作行为教育与训练	MBKZX005	工作行为教育与训练			治疗费	治疗收入	4.康复类：(11)康复费
MBKZX006	压力衣康复治疗	MBKZX007	压力衣制作			治疗费	治疗收入	4.康复类：(11)康复费
		MBKZX006	工作重塑			治疗费	治疗收入	4.康复类：(11)康复费
MBKZX007	岩盐气溶胶康复治疗					治疗费	治疗收入	4.康复类：(11)康复费
MBKZZ001	家庭康复训练指导					治疗费	治疗收入	4.康复类：(11)康复费
MBLZZ001	上肢矫形器康复治疗	MBLZZ001	上肢矫形器制作			治疗费	治疗收入	4.康复类：(11)康复费
MBLZZ002	下肢矫形器康复治疗	MBLZZ002	下肢矫形器制作			治疗费	治疗收入	4.康复类：(11)康复费
MBLZZ003	即装假肢安装	MBLZZ003	即刻假肢安装			治疗费	治疗收入	4.康复类：(11)康复费
MBLZZ004	机器人辅助康复训练					治疗费	治疗收入	4.康复类：(11)康复费
MBZCA001	痉挛肢体外周神经阻滞治疗	MBZCA001	痉挛肢体外周神经切断治疗			治疗费	治疗收入	4.康复类：(11)康复费
MBZEA001	镜像视觉反馈训练					治疗费	治疗收入	4.康复类：(11)康复费
MBZJE001	肺功能综合训练					治疗费	治疗收入	4.康复类：(11)康复费
MBZPX001	肛周肌群功能训练					治疗费	治疗收入	4.康复类：(11)康复费
MBZRG001	膀胱功能训练	MBZRG001	膀胱功能训练			治疗费	治疗收入	4.康复类：(11)康复费
MBZRG002	产后尿潴留治疗					治疗费	治疗收入	4.康复类：(11)康复费
MBZRJ001	清洁导尿指导	MBZRJ001	康复清洁导尿培训			治疗费	治疗收入	4.康复类：(11)康复费
MBZTD001	产后促进子宫复旧					治疗费	治疗收入	4.康复类：(11)康复费
MBZZZ001	出院康复指导					治疗费	治疗收入	4.康复类：(11)康复费
MBZZZ002	独立生活能力训练					治疗费	治疗收入	4.康复类：(11)康复费
MBZZZ003	家务劳动训练					治疗费	治疗收入	4.康复类：(11)康复费
ME	(三)理疗							
MEAYC001	红外线全身照射治疗	LEAYC001	红外线全身照射治疗	340100001	红外线治疗	治疗费	治疗收入	4.康复类：(11)康复费
MEAYR001	红外线局部照射治疗	LEAYR001	红外线局部照射治疗			治疗费	治疗收入	4.康复类：(11)康复费
MEAYR002	红外线光浴治疗	LEAYR002	红外线光浴治疗			治疗费	治疗收入	4.康复类：(11)康复费
MEAYR003	红光照射治疗	LEAYR003	红光照射治疗	311400016	红光治疗	治疗费	治疗收入	4.康复类：(11)康复费
MEAYR004	蓝光照射治疗	LEAYR004	蓝光照射治疗			治疗费	治疗收入	4.康复类：(11)康复费
MEAYR005	蓝光治疗	LEAYR005	新生儿蓝光治疗	311202009	新生儿兰光治疗	治疗费	治疗收入	4.康复类：(11)康复费
MEAYR006	蓝紫光浴照射治疗	LEAYR006	蓝紫光浴照射治疗			治疗费	治疗收入	4.康复类：(11)康复费
MEAYR007	可见光照射治疗	LEAYR007	可见光照射治疗	340100002	可见光治疗	治疗费	治疗收入	4.康复类：(11)康复费
MEAYR008	红外偏振光照射治疗	LEAYR008	偏振光照射治疗	340100003	偏振光照射	治疗费	治疗收入	4.康复类：(11)康复费
MEAYR009	高压汞灯紫外线治疗	LEAYR010	高压汞灯紫外线治疗	340100004	紫外线治疗	治疗费	治疗收入	4.康复类：(11)康复费
MEAYR010	低压汞灯紫外线治疗	LEAYR011	低压汞灯紫外线治疗	340100004	紫外线治疗	治疗费	治疗收入	4.康复类：(11)康复费
MEAYR011	紫外线导子治疗	LEAYR012	紫外线导子治疗			治疗费	治疗收入	4.康复类：(11)康复费
MEAYR012	原光束激光治疗	LEAYR015	原光束激光治疗	340100005	激光疗法	治疗费	治疗收入	4.康复类：(11)康复费
MEAYR013	散焦激光治疗	LEAYR016	散焦激光治疗			治疗费	治疗收入	4.康复类：(11)康复费
MEAYR014	准分子光疗					治疗费	治疗收入	4.康复类：(11)康复费
MEBBA001	经颅直流电刺激					治疗费	治疗收入	4.康复类：(11)康复费
MEBCP001	骶神经调控电刺激程控					治疗费	治疗收入	4.康复类：(11)康复费
MEBCV001	阴部神经电刺激治疗	LEBCV001	阴部神经电刺激治疗			治疗费	治疗收入	4.康复类：(11)康复费
MEBCV002	阴茎/阴蒂背神经电刺激	LEBCV002	阴茎/阴蒂背神经电刺激			治疗费	治疗收入	4.康复类：(11)康复费
MEBCZ001	脊髓/外周神经刺激器功能调控					治疗费	治疗收入	4.康复类：(11)康复费
MEBEA001	直流电眼杯药物离子导入治疗	LEBEA001	直流电眼杯药物离子导入治疗	340100008	直流电治疗	治疗费	治疗收入	4.康复类：(11)康复费
MEBRG001	膀胱腔内电刺激治疗	LEBRG001	膀胱腔内电刺激治疗			治疗费	治疗收入	4.康复类：(11)康复费
MEBTZ001	盆底肌电刺激治疗					治疗费	治疗收入	4.康复类：(11)康复费
MEBW6001	直流电肢体水浴治疗	LEBW6001	直流电肢体水浴治疗	340100008	直流电治疗	治疗费	治疗收入	4.康复类：(11)康复费
MEBYR001	直流电体表治疗	LEBYR001	直流电体表治疗			治疗费	治疗收入	4.康复类：(11)康复费
MEBYR002	直流电体表药物离子导入治疗	LEBYR002	直流电体表药物离子导入治疗			治疗费	治疗收入	4.康复类：(11)康复费
MEBYR003	体表微波消融术	LEBYR003	体表微波消融术	340100014	射频电疗	治疗费	治疗收入	4.康复类：(11)康复费
MEBZX001	超短波体腔治疗	LEBZX001	超短波体腔治疗			治疗费	治疗收入	4.康复类：(11)康复费
MEBZX002	分米波体腔治疗	LEBZX002	分米波体腔治疗			治疗费	治疗收入	4.康复类：(11)康复费
MEBZX003	直流电体腔治疗	LEBZX003	直流电体腔治疗	340100008	直流电治疗	治疗费	治疗收入	4.康复类：(11)康复费
MEBZX004	直流电体腔药物离子导入治疗	LEBZX004	直流电体腔药物离子导入治疗			治疗费	治疗收入	4.康复类：(11)康复费
MEBZX005	感应电治疗	LEBZX006	感应电治疗			治疗费	治疗收入	4.康复类：(11)康复费
MEBZX006	电兴奋治疗	LEBZX007	电兴奋治疗			治疗费	治疗收入	4.康复类：(11)康复费
MEBZX007	间动电治疗	LEBZX008	间动电治疗			治疗费	治疗收入	4.康复类：(11)康复费
MEBZX008	温热电脉冲治疗	LEBZX009	温热电脉冲治疗	340100009	低频脉冲治疗	治疗费	治疗收入	4.康复类：(11)康复费
MEBZX009	微电流疼痛治疗	LEBZX010	微电流疼痛治疗			治疗费	治疗收入	4.康复类：(11)康复费
MEBZX010	神经肌肉电刺激治疗	LEBZX011	神经肌肉电刺激治疗			治疗费	治疗收入	4.康复类：(11)康复费
MEBZX011	经皮神经电刺激治疗	LEBZX012	经皮神经电刺激治疗			治疗费	治疗收入	4.康复类：(11)康复费
MEBZX012	功能性电刺激治疗	LEBZX013	功能性电刺激治疗			治疗费	治疗收入	4.康复类：(11)康复费
MEBZX013	银棘电极负压电刺激治疗(SSP)	LEBZX015	银棘电极负压电刺激治疗(SSP)			治疗费	治疗收入	4.康复类：(11)康复费
MEBZX014	中频电治疗	LEBZX016	中频电治疗	340100010	中频脉冲电治疗	治疗费	治疗收入	4.康复类：(11)康复费
MEBZX015	干扰电治疗	LEBZX017	干扰电治疗			治疗费	治疗收入	4.康复类：(11)康复费
MEBZX016	负压干扰电治疗	LEBZX018	负压干扰电治疗			治疗费	治疗收入	4.康复类：(11)康复费
MEBZX017	动态干扰电治疗	LEBZX019	动态干扰电治疗			治疗费	治疗收入	4.康复类：(11)康复费
MEBZX018	负压动态干扰电治疗	LEBZX020	负压动态干扰电治疗			治疗费	治疗收入	4.康复类：(11)康复费
MEBZX019	立体动态干扰电治疗	LEBZX021	立体动态干扰电治疗			治疗费	治疗收入	4.康复类：(11)康复费
MEBZX020	负压立体动态干扰电治疗	LEBZX022	负压立体动态干扰电治疗			治疗费	治疗收入	4.康复类：(11)康复费
MEBZX021	音乐电治疗	LEBZX023	音乐电治疗			治疗费	治疗收入	4.康复类：(11)康复费
MEBZX022	共鸣火花治疗	LEBZX024	共鸣火花治疗	340100011	共鸣火花治疗	治疗费	治疗收入	4.康复类：(11)康复费
MEBZX023	短波治疗	LEBZX025	短波治疗			治疗费	治疗收入	4.康复类：(11)康复费
MEBZX024	小功率短波治疗	LEBZX026	小功率短波治疗			治疗费	治疗收入	4.康复类：(11)康复费
MEBZX025	脉冲短波治疗	LEBZX027	脉冲短波治疗			治疗费	治疗收入	4.康复类：(11)康复费
MEBZX026	短波体腔治疗	LEBZX028	短波体腔治疗			治疗费	治疗收入	4.康复类：(11)康复费
MEBZX027	短波热疗	LEBZX029	短波热疗	340100014	射频电疗	治疗费	治疗收入	4.康复类：(11)康复费
MEBZX028	超短波治疗	LEBZX030	超短波治疗	340100012	超短波短波治疗	治疗费	治疗收入	4.康复类：(11)康复费
MEBZX029	小功率超短波治疗	LEBZX031	小功率超短波治疗			治疗费	治疗收入	4.康复类：(11)康复费
MEBZX030	脉冲超短波治疗	LEBZX032	脉冲超短波治疗			治疗费	治疗收入	4.康复类：(11)康复费
MEBZX031	超短波热疗	LEBZX033	超短波热疗			治疗费	治疗收入	4.康复类：(11)康复费
MEBZX032	分米波治疗	LEBZX034	分米波治疗	340100013	微波治疗	治疗费	治疗收入	4.康复类：(11)康复费
MEBZX033	分米波热疗	LEBZX035	分米波热疗			治疗费	治疗收入	4.康复类：(11)康复费
MEBZX034	厘米波治疗	LEBZX036	厘米波治疗	340100013	微波治疗	治疗费	治疗收入	4.康复类：(11)康复费
MEBZX035	厘米波体腔治疗	LEBZX037	厘米波体腔治疗			治疗费	治疗收入	4.康复类：(11)康复费
MEBZX036	厘米波热疗	LEBZX038	厘米波热疗	340100014	射频电疗	治疗费	治疗收入	4.康复类：(11)康复费
MEBZX037	毫米波治疗	LEBZX039	毫米波治疗	340100013	微波治疗	治疗费	治疗收入	4.康复类：(11)康复费
MEBZX038	毫米波体腔治疗	LEBZX040	毫米波体腔治疗			治疗费	治疗收入	4.康复类：(11)康复费
MEBZX039	低压静电治疗	LEBZX041	低压静电治疗	340100015	静电治疗	治疗费	治疗收入	4.康复类：(11)康复费
MEBZX040	高压静电治疗	LEBZX042	高压静电治疗			治疗费	治疗收入	4.康复类：(11)康复费
MEBZX041	9000伏以下高压交变电场治疗	LEBZX043	9000伏以下高压交变电场治疗			治疗费	治疗收入	4.康复类：(11)康复费
MEBZX042	9000伏以上高压交变电场治疗	LEBZX044	9000伏以上高压交变电场治疗			治疗费	治疗收入	4.康复类：(11)康复费
MEBZX043	空气负离子治疗	LEBZX045	空气负离子治疗	340100016	空气负离子治疗	治疗费	治疗收入	4.康复类：(11)康复费
MEBZX044	多参数监护无抽搐电休克治疗	KAZ28901	多参数监护无抽搐电休克治疗	311503005	多参数监护无抽搐电休克治疗	治疗费	治疗收入	4.康复类：(11)康复费
MEBZX045	电休克治疗	KAZ38702	电休克治疗	311503004	电休克治疗	治疗费	治疗收入	4.康复类：(11)康复费
MEBZX046	电针脉冲疗法	KAZ38703	电针脉冲疗法	311503013	智能电针治疗	治疗费	治疗收入	4.康复类：(11)康复费
MEBZX047	电针经络氧疗法	KAZ38704	电针经络氧疗法	311503014	经络氧疗法	治疗费	治疗收入	4.康复类：(11)康复费
MEBZY001	直流电全身水浴治疗	LEBZY001	直流电全身水浴治疗	340100008	直流电治疗	治疗费	治疗收入	4.康复类：(11)康复费
MECZX001	超声波治疗	LECZX001	超声波治疗	340100017	超声波治疗	治疗费	治疗收入	4.康复类：(11)康复费
MECZX002	超声波药物透入治疗	LECZX002	超声波药物透入治疗			治疗费	治疗收入	4.康复类：(11)康复费
MECZX003	冲击波疼痛治疗	LECZX003	放射式冲击波疼痛治疗(RSWT)			治疗费	治疗收入	4.康复类：(11)康复费
MEDYR001	皮温生物反馈治疗	LEDYR001	皮温生物反馈治疗	340100018	电子生物反馈疗法	治疗费	治疗收入	4.康复类：(11)康复费
MEDYR002	皮肤电阻生物反馈治疗	LEDYR002	皮肤电阻生物反馈治疗			治疗费	治疗收入	4.康复类：(11)康复费
MEDZX001	心率生物反馈治疗	LEDZX001	心率生物反馈治疗			治疗费	治疗收入	4.康复类：(11)康复费
MEDZX002	脑电生物反馈治疗	LEDZX002	脑电生物心理反馈治疗	311503010	脑电生物反馈治疗	治疗费	治疗收入	4.康复类：(11)康复费
				311503011	脑反射治疗	治疗费	治疗收入	4.康复类：(11)康复费
				311503012	脑电治疗(A620)	治疗费	治疗收入	4.康复类：(11)康复费
MEDZX003	肌电生物反馈治疗	LEDZX003	肌电生物反馈治疗	340100018	电子生物反馈疗法	治疗费	治疗收入	4.康复类：(11)康复费
MEEQU001	阴部/盆底肌磁刺激治疗	LEEQU001	阴部/盆底肌磁刺激治疗			治疗费	治疗收入	4.康复类：(11)康复费
MEEZX001	低频交变电磁场治疗	LEEZX001	电磁场治疗	340100019	磁疗	治疗费	治疗收入	4.康复类：(11)康复费
MEEZX002	旋转磁场治疗	LEEZX002	旋转磁场治疗			治疗费	治疗收入	4.康复类：(11)康复费
MEEZX003	磁热振治疗	LEEZX004	磁热振治疗			治疗费	治疗收入	4.康复类：(11)康复费
MEEZX004	低频脉冲磁场局部治疗	LEEZX005	低频脉冲磁场局部治疗	340100019	磁疗	治疗费	治疗收入	4.康复类：(11)康复费
MEEZY001	低频脉冲磁场全身治疗	LEEZY001	低频脉冲磁场全身治疗			治疗费	治疗收入	4.康复类：(11)康复费
MEFWA001	上肢旋涡浴治疗	LEFWA001	上肢旋涡浴治疗	340100020	水疗	治疗费	治疗收入	4.康复类：(11)康复费
MEFXA001	下肢旋涡浴治疗	LEFXA001	下肢旋涡浴治疗			治疗费	治疗收入	4.康复类：(11)康复费
MEFYR001	烧伤康复浸浴疗法	LEFYR001	烧伤浸浴治疗			治疗费	治疗收入	4.康复类：(11)康复费
MEFZX001	气泡浴治疗	LEFZX001	气泡浴治疗			治疗费	治疗收入	4.康复类：(11)康复费
MEFZX002	哈巴氏槽治疗	LEFZX002	哈巴氏槽治疗			治疗费	治疗收入	4.康复类：(11)康复费
MEFZY001	药物浸浴治疗	LEFZY001	药物浸浴治疗			治疗费	治疗收入	4.康复类：(11)康复费
MEGYR001	浸蜡治疗	LEGYR001	浸蜡治疗	340100021	蜡疗	治疗费	治疗收入	4.康复类：(11)康复费
MEGYR002	刷蜡治疗	LEGYR002	刷蜡治疗			治疗费	治疗收入	4.康复类：(11)康复费
MEGYR003	蜡敷治疗	LEGYR003	蜡敷治疗			治疗费	治疗收入	4.康复类：(11)康复费
MEGYR004	电泥疗	LEGYR004	电泥疗	340100022	泥疗	治疗费	治疗收入	4.康复类：(11)康复费
MEGYR005	泥敷治疗	LEGYR005	泥敷治疗			治疗费	治疗收入	4.康复类：(11)康复费
MEGYR006	体表肿瘤电化学治疗	KYR72707	体表肿瘤电化学治疗	240700003	体表肿瘤电化学治疗	治疗费	治疗收入	4.康复类：(11)康复费
MEGZY001	全身泥疗	LEGZY001	全身泥疗	340100022	泥疗	治疗费	治疗收入	4.康复类：(11)康复费
MEHZX001	冷空气治疗	LEHZX001	冷空气治疗	340100025	冷疗	治疗费	治疗收入	4.康复类：(11)康复费
MEHZX002	冰敷治疗	LEHZX002	冰敷治疗			治疗费	治疗收入	4.康复类：(11)康复费
MEHZX003	冰按摩治疗	LEHZX003	冰按摩治疗			治疗费	治疗收入	4.康复类：(11)康复费
MEJVH001	颈椎机械牵引	LEJVH001	颈椎机械牵引	340100023	牵引	治疗费	治疗收入	4.康复类：(11)康复费
MEJVH002	颈椎电动牵引	LEJVH002	颈椎电动牵引			治疗费	治疗收入	4.康复类：(11)康复费
MEJVT001	腰椎机械牵引	LEJVT001	腰椎机械牵引			治疗费	治疗收入	4.康复类：(11)康复费
MEJVT002	腰椎电动牵引	LEJVT002	腰椎电动牵引			治疗费	治疗收入	4.康复类：(11)康复费
MEJVT003	三维快速牵引	LEJVT003	三维快速牵引			治疗费	治疗收入	4.康复类：(11)康复费
MEJW6001	肢体加压治疗	LEJW6001	肢体加压治疗	340100024	气压治疗	治疗费	治疗收入	4.康复类：(11)康复费
MEJW6002	肢体负压吸引治疗	LEJW6002	肢体负压吸引治疗			治疗费	治疗收入	4.康复类：(11)康复费
MEJW8001	四肢关节功能牵引	LEJW8001	四肢关节功能牵引	340100023	牵引	治疗费	治疗收入	4.康复类：(11)康复费
MEJZX001	局部电动按摩治疗	LEJZX002	局部电动按摩	340100026	电按摩	治疗费	治疗收入	4.康复类：(11)康复费
MEJZX002	局部电热按摩治疗	LEJZX003	局部电热按摩			治疗费	治疗收入	4.康复类：(11)康复费
MEJZY001	全身电动按摩治疗	LEJZY001	全身电动按摩			治疗费	治疗收入	4.康复类：(11)康复费
MEJZY002	全身电热按摩治疗	LEJZY002	全身电热按摩			治疗费	治疗收入	4.康复类：(11)康复费
MEZHM001	口腔黏膜物理治疗	KHM32401	口腔黏膜物理治疗	310514003	口腔粘膜病特殊治疗	治疗费	治疗收入	4.康复类：(11)康复费
MEZHU001	激光脱敏治疗术	KHU39401	激光脱敏治疗	310402020	脱敏治疗	治疗费	治疗收入	4.康复类：(11)康复费
MEZZX001	场效应治疗	LEZZX001	场效应治疗	340100027	场效应治疗	治疗费	治疗收入	4.康复类：(11)康复费
MEZZX002	射频超声治疗腋臭					治疗费	治疗收入	4.康复类：(11)康复费
P	十、中医医疗							
PA	(一)中医诊查							
PAAA0001	经络穴位诊断	PAAA0101	经络穴位诊断			检查费-中医	检查收入-中医	5.中医类：中医诊断费
PAAA0002	经络穴位分析	PAAA0102	经络穴位分析			检查费-中医	检查收入-中医	5.中医类：中医诊断费
PAAA0003	耳穴诊断	PAAA0201	耳穴诊断			检查费-中医	检查收入-中医	5.中医类：中医诊断费
PAAA0004	脉图诊断	PAAA0301	脉图诊断	480000002	脉图诊断	检查费-中医	检查收入-中医	5.中医类：中医诊断费
PAAA0005	舌象图诊断	PAAA0401	舌象图诊断			检查费-中医	检查收入-中医	5.中医类：中医诊断费
PB	(二)中医治疗							
PBA	1.中医外治							
PBAA0001	中药贴敷治疗(小)	PBAA0101	贴敷治疗(小)	410000001	贴敷疗法	治疗费-中医	治疗收入-中医	5.中医类：(12)中医治疗费
PBAA0002	中药贴敷治疗(中)	PBAA0102	贴敷治疗(中)			治疗费-中医	治疗收入-中医	5.中医类：(12)中医治疗费
PBAA0003	中药贴敷治疗(大)	PBAA0103	贴敷治疗(大)			治疗费-中医	治疗收入-中医	5.中医类：(12)中医治疗费
PBAA0004	中药贴敷治疗(特大)	PBAA0104	贴敷治疗(特大)			治疗费-中医	治疗收入-中医	5.中医类：(12)中医治疗费
PBAB0001	中药涂擦治疗	PBAA0201	中药涂擦治疗	410000003	中药涂擦治疗	治疗费-中医	治疗收入-中医	5.中医类：(12)中医治疗费
PBAC0001	中药热奄包治疗(小)	PBAA0301	中药热奄包治疗(小)	410000004	中药热奄包治疗	治疗费-中医	治疗收入-中医	5.中医类：(12)中医治疗费
PBAC0002	中药热奄包治疗(中)	PBAA0302	中药热奄包治疗(中)	410000004	中药热奄包治疗	治疗费-中医	治疗收入-中医	5.中医类：(12)中医治疗费
PBAC0003	中药热奄包治疗(大)	PBAA0303	中药热奄包治疗(大)			治疗费-中医	治疗收入-中医	5.中医类：(12)中医治疗费
PBAC0004	中药热奄包治疗(特大)	PBAA0304	中药热奄包治疗(特大)			治疗费-中医	治疗收入-中医	5.中医类：(12)中医治疗费
PBAD0001	中药封包治疗(小)	PBAA0401	中药封包治疗(小)	410000005	中药封包治疗	治疗费-中医	治疗收入-中医	5.中医类：(12)中医治疗费
PBAD0002	中药封包治疗(中)	PBAA0402	中药封包治疗(中)			治疗费-中医	治疗收入-中医	5.中医类：(12)中医治疗费
PBAD0003	中药封包治疗(大)	PBAA0403	中药封包治疗(大)			治疗费-中医	治疗收入-中医	5.中医类：(12)中医治疗费
PBAD0004	中药封包治疗(特大)	PBAA0404	中药封包治疗(特大)			治疗费-中医	治疗收入-中医	5.中医类：(12)中医治疗费
PBAE0001	中药局部熏洗治疗	PBAA0501	中药局部熏洗治疗	410000006	中药熏洗治疗	治疗费-中医	治疗收入-中医	5.中医类：(12)中医治疗费
PBAE0002	中药半身熏洗治疗	PBAA0502	中药半身熏洗治疗			治疗费-中医	治疗收入-中医	5.中医类：(12)中医治疗费
PBAE0003	中药全身熏洗治疗	PBAA0503	中药全身熏洗治疗			治疗费-中医	治疗收入-中医	5.中医类：(12)中医治疗费
PBAE0004	中药蒸汽浴治疗	PBAA0601	中药蒸汽浴治疗	410000007	中药蒸汽浴治疗	治疗费-中医	治疗收入-中医	5.中医类：(12)中医治疗费
PBAE0005	中药溻渍治疗	PBAA0701	中药塌渍治疗	410000008	中药塌渍治疗	治疗费-中医	治疗收入-中医	5.中医类：(12)中医治疗费
PBAE0006	中药熏药治疗	PBAA0801	中药熏药治疗	410000009	中药熏药治疗	治疗费-中医	治疗收入-中医	5.中医类：(12)中医治疗费
PBAE0007	中药硬膏治疗	PBAA0901	中药硬膏热贴敷治疗	470000010	中药硬膏热贴敷治疗	治疗费-中医	治疗收入-中医	5.中医类：(12)中医治疗费
PBAF0001	烫熨治疗(小)	PBAA1001	烫熨治疗(小)	470000013	烫熨治疗	治疗费-中医	治疗收入-中医	5.中医类：(12)中医治疗费
PBAF0002	烫熨治疗(中)	PBAA1002	烫熨治疗(中)			治疗费-中医	治疗收入-中医	5.中医类：(12)中医治疗费
PBAF0003	烫熨治疗(大)	PBAA1003	烫熨治疗(大)			治疗费-中医	治疗收入-中医	5.中医类：(12)中医治疗费
PBAF0004	烫熨治疗(特大)	PBAA1004	烫熨治疗(特大)			治疗费-中医	治疗收入-中医	5.中医类：(12)中医治疗费
PBAG0001	中药腐蚀治疗	PBAA1101	赘生物中药腐蚀治疗	410000010	赘生物中药腐蚀治疗	治疗费-中医	治疗收入-中医	5.中医类：(12)中医治疗费
PBAH0001	中药化腐清创治疗(小)	PBAA1201	中药化腐清创术(小)	410000002	中药化腐清创术	手术费-中医	手术收入-中医	5.中医类：中医手术费
PBAH0002	中药化腐清创治疗(中)	PBAA1202	中药化腐清创术(中)			手术费-中医	手术收入-中医	5.中医类：中医手术费
PBAH0003	中药化腐清创治疗(大)	PBAA1203	中药化腐清创术(大)			手术费-中医	手术收入-中医	5.中医类：中医手术费
PBAH0004	中药化腐清创治疗(特大)	PBAA1204	中药化腐清创术(特大)			手术费-中医	手术收入-中医	5.中医类：中医手术费
PBAJ0001	挑治	PBAA1301	挑治	410000011	挑治	治疗费-中医	治疗收入-中医	5.中医类：(12)中医治疗费
PBAJ0002	甲床放血治疗	PBAA1401	甲床放血治疗	410000013	甲床放血治疗术	治疗费-中医	治疗收入-中医	5.中医类：(12)中医治疗费
PBAJ0003	药捻引流治疗	PBAA1501	药线引流治疗	470000008	药线引流治疗	治疗费-中医	治疗收入-中医	5.中医类：(12)中医治疗费
PBAK0001	体表窦道搔爬治疗	PBAA1601	体表窦道切开搔爬术	470000015	体表瘘管切开搔爬术	治疗费-中医	治疗收入-中医	5.中医类：(12)中医治疗费
PBAK0002	耳前窦道搔爬治疗	PBAA1602	耳前窦道切开搔爬术			治疗费-中医	治疗收入-中医	5.中医类：(12)中医治疗费
PBAK0003	乳腺窦道搔爬治疗	PBAA1603	乳腺窦道切开搔爬术			治疗费-中医	治疗收入-中医	5.中医类：(12)中医治疗费
PBAL0001	中药热烘治疗					治疗费-中医	治疗收入-中医	5.中医类：(12)中医治疗费
PBAL0002	中药浸泡治疗					治疗费-中医	治疗收入-中医	5.中医类：(12)中医治疗费
PBAL0003	中药熥敷治疗					治疗费-中医	治疗收入-中医	5.中医类：(12)中医治疗费
PBAM0001	红皮病清消治疗			470000006	红皮病清消术	治疗费-中医	治疗收入-中医	5.中医类：(12)中医治疗费
PBAM0002	脐疗法治疗					治疗费-中医	治疗收入-中医	5.中医类：(12)中医治疗费
PBAN0001	热敷通乳治疗					治疗费-中医	治疗收入-中医	5.中医类：(12)中医治疗费
PBAN0002	手法通乳治疗					治疗费-中医	治疗收入-中医	5.中医类：(12)中医治疗费
PBAN0003	衣冠治疗					治疗费-中医	治疗收入-中医	5.中医类：(12)中医治疗费
PBAN0004	经筋松解术					治疗费-中医	治疗收入-中医	5.中医类：(12)中医治疗费
PBAN0005	中药淋洗治疗					治疗费-中医	治疗收入-中医	5.中医类：(12)中医治疗费
PBAN0006	垫棉治疗					治疗费-中医	治疗收入-中医	5.中医类：(12)中医治疗费
PBAP0001	箍围治疗(小)					治疗费-中医	治疗收入-中医	5.中医类：(12)中医治疗费
PBAP0002	箍围治疗(中)					治疗费-中医	治疗收入-中医	5.中医类：(12)中医治疗费
PBAP0003	箍围治疗(大)					治疗费-中医	治疗收入-中医	5.中医类：(12)中医治疗费
PBAP0004	缠缚治疗					治疗费-中医	治疗收入-中医	5.中医类：(12)中医治疗费
PBB	2.中医骨伤治疗							
PBBA0001	锁骨骨折手法整复术	PBBA0101	锁骨骨折手法整复术	420000001	骨折手法整复术	治疗费-中医	治疗收入-中医	5.中医类：(12)中医治疗费
PBBA0002	肱骨外科颈骨折手法整复术	PBBA0102	肱骨外科颈骨折手法整复术			治疗费-中医	治疗收入-中医	5.中医类：(12)中医治疗费
PBBA0003	肱骨大结节骨折手法整复术	PBBA0103	肱骨大结节骨折手法整复术			治疗费-中医	治疗收入-中医	5.中医类：(12)中医治疗费
PBBA0004	肱骨干骨折手法整复术	PBBA0104	肱骨干骨折手法整复术			治疗费-中医	治疗收入-中医	5.中医类：(12)中医治疗费
PBBA0005	肱骨髁上骨折手法整复术	PBBA0105	肱骨髁上骨折手法整复术			治疗费-中医	治疗收入-中医	5.中医类：(12)中医治疗费
PBBA0006	肱骨髁间骨折手法整复术	PBBA0106	肱骨髁间骨折手法整复术			治疗费-中医	治疗收入-中医	5.中医类：(12)中医治疗费
PBBA0007	肱骨内外髁骨折手法整复术	PBBA0107	肱骨内外髁骨折手法整复术			治疗费-中医	治疗收入-中医	5.中医类：(12)中医治疗费
PBBA0008	尺骨鹰嘴骨折手法整复术	PBBA0108	尺骨鹰嘴骨折手法整复术	420000001	骨折手法整复术	治疗费-中医	治疗收入-中医	5.中医类：(12)中医治疗费
PBBA0009	桡骨头骨折手法整复术	PBBA0109	桡骨头骨折手法整复术			治疗费-中医	治疗收入-中医	5.中医类：(12)中医治疗费
PBBA0010	桡尺骨干双骨折手法整复术	PBBA0110	桡尺骨干双骨折手法整复术			治疗费-中医	治疗收入-中医	5.中医类：(12)中医治疗费
PBBA0011	桡尺骨干单骨折手法整复术	PBBA0111	桡尺骨干单骨折手法整复术			治疗费-中医	治疗收入-中医	5.中医类：(12)中医治疗费
PBBA0012	尺骨上1/3骨折合并桡骨头脱位手法整复术	PBBA0112	尺骨上1/3骨折合并桡骨头脱位手法整复术			治疗费-中医	治疗收入-中医	5.中医类：(12)中医治疗费
PBBA0013	桡骨下1/3骨折合并下尺桡关节脱位手法整复术	PBBA0113	桡骨下1/3骨折合并下尺桡关节脱位手法整复术			治疗费-中医	治疗收入-中医	5.中医类：(12)中医治疗费
PBBA0014	桡骨下端骨折手法整复术	PBBA0114	桡骨下端骨折手法整复术			治疗费-中医	治疗收入-中医	5.中医类：(12)中医治疗费
PBBA0015	腕舟骨骨折手法整复术	PBBA0115	腕舟骨骨折手法整复术			治疗费-中医	治疗收入-中医	5.中医类：(12)中医治疗费
PBBA0016	掌指骨骨折手法整复术	PBBA0116	掌指骨骨折手法整复术			治疗费-中医	治疗收入-中医	5.中医类：(12)中医治疗费
PBBB0001	股骨颈/股骨转子间骨折手法整复术	PBBA0117	股骨颈/股骨转子间骨折手法整复术			治疗费-中医	治疗收入-中医	5.中医类：(12)中医治疗费
PBBB0002	股骨干骨折手法整复术	PBBA0118	股骨干骨折手法整复术			治疗费-中医	治疗收入-中医	5.中医类：(12)中医治疗费
PBBB0003	股骨髁上骨折手法整复术	PBBA0119	股骨髁上骨折手法整复术			治疗费-中医	治疗收入-中医	5.中医类：(12)中医治疗费
PBBB0004	髌骨骨折手法整复术	PBBA0120	髌骨骨折手法整复术			治疗费-中医	治疗收入-中医	5.中医类：(12)中医治疗费
PBBB0005	胫骨髁骨折手法整复术	PBBA0121	胫骨髁骨折手法整复术			治疗费-中医	治疗收入-中医	5.中医类：(12)中医治疗费
PBBB0006	胫腓骨干骨折手法整复术	PBBA0122	胫腓骨干骨折手法整复术			治疗费-中医	治疗收入-中医	5.中医类：(12)中医治疗费
PBBB0007	踝关节单踝骨折手法整复术	PBBA0123	踝关节单踝骨折手法整复术			治疗费-中医	治疗收入-中医	5.中医类：(12)中医治疗费
PBBB0008	踝关节骨折脱位手法整复术	PBBA0124	踝关节骨折脱位手法整复术	420000001	骨折手法整复术	治疗费-中医	治疗收入-中医	5.中医类：(12)中医治疗费
PBBB0009	足部骨折手法整复术	PBBA0125	足部骨折手法整复术			治疗费-中医	治疗收入-中医	5.中医类：(12)中医治疗费
PBBC0001	脊柱骨折手法整复术	PBBA0126	脊柱骨折手法整复术			治疗费-中医	治疗收入-中医	5.中医类：(12)中医治疗费
PBBC0002	尾骨骨折手法整复术					治疗费-中医	治疗收入-中医	5.中医类：(12)中医治疗费
PBBD0001	肱骨外髁骨折撬拨复位术	PBBA0201	肱骨外髁骨折橇拨复位术	420000002	骨折橇拨复位术	治疗费-中医	治疗收入-中医	5.中医类：(12)中医治疗费
PBBD0002	肱骨小头骨折撬拨复位术	PBBA0202	肱骨小头骨折橇拨复位术			治疗费-中医	治疗收入-中医	5.中医类：(12)中医治疗费
PBBD0003	肱骨内上髁骨折撬拨复位术	PBBA0203	肱骨内上髁骨折橇拨复位术			治疗费-中医	治疗收入-中医	5.中医类：(12)中医治疗费
PBBD0004	桡骨头颈部骨折撬拨复位术	PBBA0204	桡骨头颈部骨折橇拨复位术			治疗费-中医	治疗收入-中医	5.中医类：(12)中医治疗费
PBBD0005	腕部经舟骨月骨周围脱位撬拨复位术	PBBA0205	腕部经舟骨月骨周围脱位橇拨复位术			治疗费-中医	治疗收入-中医	5.中医类：(12)中医治疗费
PBBE0001	股骨髁部骨折撬拨复位术	PBBA0206	股骨髁部骨折橇拨复位术			手术费-中医	手术收入-中医	5.中医类：中医手术费
PBBE0002	胫骨髁部骨折撬拨复位术	PBBA0207	胫骨髁部骨折橇拨复位术			治疗费-中医	治疗收入-中医	5.中医类：(12)中医治疗费
PBBE0003	踝关节骨折撬拨复位术	PBBA0208	踝关节骨折橇拨复位术			手术费-中医	手术收入-中医	5.中医类：中医手术费
PBBE0004	跟骨骨折撬拨复位术	PBBA0209	跟骨骨折橇拨复位术			治疗费-中医	治疗收入-中医	5.中医类：(12)中医治疗费
PBBF0001	骨折经皮钳夹复位术	PBBA0301	骨折经皮钳夹复位术	420000003	骨折经皮钳夹复位术	治疗费-中医	治疗收入-中医	5.中医类：(12)中医治疗费
PBBF0002	经皮穿刺管状骨骨折闭合复位内固定术	PBBA0401	经皮穿刺管状骨骨折闭合复位内固定术	420000004	骨折闭合复位经皮穿刺(钉)内固定术	治疗费-中医	治疗收入-中医	5.中医类：(12)中医治疗费
PBBF0003	经皮穿刺关节骨折闭合复位内固定术	PBBA0402	经皮穿刺关节骨折闭合复位内固定术			治疗费-中医	治疗收入-中医	5.中医类：(12)中医治疗费
PBBG0001	颞颌关节脱位手法整复术	PBBA0501	颞颌关节脱位手法整复术	420000005	关节脱位手法整复术	治疗费-中医	治疗收入-中医	5.中医类：(12)中医治疗费
PBBG0002	肩锁关节脱位手法整复术	PBBA0502	肩锁关节脱位手法整复术			治疗费-中医	治疗收入-中医	5.中医类：(12)中医治疗费
PBBG0003	胸锁关节脱位手法整复术	PBBA0503	胸锁关节脱位手法整复术			治疗费-中医	治疗收入-中医	5.中医类：(12)中医治疗费
PBBG0004	肩关节脱位手法整复术	PBBA0504	肩关节脱位手法整复术			治疗费-中医	治疗收入-中医	5.中医类：(12)中医治疗费
PBBG0005	肘关节脱位手法整复术	PBBA0505	肘关节脱位手法整复术			治疗费-中医	治疗收入-中医	5.中医类：(12)中医治疗费
PBBG0006	桡骨头半脱位手法整复术	PBBA0506	桡骨头半脱位手法整复术			治疗费-中医	治疗收入-中医	5.中医类：(12)中医治疗费
PBBG0007	桡骨头脱位手法整复术	PBBA0507	桡骨头脱位手法整复术			治疗费-中医	治疗收入-中医	5.中医类：(12)中医治疗费
PBBG0008	下桡尺关节脱位手法整复术	PBBA0508	下桡尺关节脱位手法整复术			治疗费-中医	治疗收入-中医	5.中医类：(12)中医治疗费
PBBG0009	桡腕关节脱位手法整复术	PBBA0509	桡腕关节脱位手法整复术			治疗费-中医	治疗收入-中医	5.中医类：(12)中医治疗费
PBBG0010	手腕部脱位手法整复术	PBBA0510	手腕部脱位手法整复术			治疗费-中医	治疗收入-中医	5.中医类：(12)中医治疗费
PBBG0011	髋关节脱位手法整复术	PBBA0511	髋关节脱位手法整复术			治疗费-中医	治疗收入-中医	5.中医类：(12)中医治疗费
PBBG0012	髌骨脱位手法整复术	PBBA0512	髌骨脱位手法整复术			治疗费-中医	治疗收入-中医	5.中医类：(12)中医治疗费
PBBG0013	足部关节脱位手法整复术	PBBA0513	足部关节脱位手法整复术			治疗费-中医	治疗收入-中医	5.中医类：(12)中医治疗费
PBBG0014	脱位合并撕脱骨折手法整复术	PBBA0514	脱位合并撕脱骨折手法整复术			治疗费-中医	治疗收入-中医	5.中医类：(12)中医治疗费
PBBH0001	四肢骨干骨折外固定架固定术	PBBA0601	四肢骨干骨折外固定架固定术	420000006	骨折外固定架固定术	手术费-中医	手术收入-中医	5.中医类：中医手术费
PBBH0002	关节骨折外固定架固定术	PBBA0602	关节骨折外固定架固定术			手术费-中医	手术收入-中医	5.中医类：中医手术费
PBBH0003	锁骨骨折锁骨带外固定术	PBBA0603	锁骨骨折锁骨带外固定术			治疗费-中医	治疗收入-中医	5.中医类：(12)中医治疗费
PBBH0004	锁骨骨折外固定架固定术	PBBA0604	锁骨骨折外固定架固定术			手术费-中医	手术收入-中医	5.中医类：中医手术费
PBBH0005	肋骨骨折叠瓦式外固定术	PBBA0605	肋骨骨折叠瓦式外固定术			治疗费-中医	治疗收入-中医	5.中医类：(12)中医治疗费
PBBH0006	骨折夹板局部外固定术	PBBA0701	骨折夹板局部外固定术	420000007	骨折夹板外固定术	治疗费-中医	治疗收入-中医	5.中医类：(12)中医治疗费
PBBH0007	骨折超关节夹板外固定术	PBBA0702	骨折超关节夹板外固定术			治疗费-中医	治疗收入-中医	5.中医类：(12)中医治疗费
PBBH0008	外固定架安装术	PBBA0801	外固定架使用	420000010	外固定架使用	治疗费-中医	治疗收入-中医	5.中医类：(12)中医治疗费
PBBJ0001	关节粘连手法松解术	PBBA0901	关节粘连手法松解术	420000011	关节粘连传统松解术	治疗费-中医	治疗收入-中医	5.中医类：(12)中医治疗费
PBBJ0002	大关节粘连手法松解术	PBBA0902	大关节粘连手法松解术			治疗费-中医	治疗收入-中医	5.中医类：(12)中医治疗费
PBBK0001	外固定架调整术	PBBA1001	外固定架调整术	420000012	外固定调整术	治疗费-中医	治疗收入-中医	5.中医类：(12)中医治疗费
PBBK0002	小夹板调整术	PBBA1002	小夹板调整术			治疗费-中医	治疗收入-中医	5.中医类：(12)中医治疗费
PBBK0003	中医定向透药治疗	PBBA1101	中医定向透药治疗	420000013	中医定向透药疗法	治疗费-中医	治疗收入-中医	5.中医类：(12)中医治疗费
PBBK0004	外固定架拆除术	PBBA1201	外固定架拆除术	420000014	外固定架拆除术	治疗费-中医	治疗收入-中医	5.中医类：(12)中医治疗费
PBBL0001	骨圆针拔出术	PBBA1301	骨圆针拔出术			治疗费-中医	治疗收入-中医	5.中医类：(12)中医治疗费
PBBL0002	腱鞘囊肿挤压术	PBBA1401	腱鞘囊肿挤压术	420000015	腱鞘囊肿挤压术	治疗费-中医	治疗收入-中医	5.中医类：(12)中医治疗费
PBBL0003	骨折畸形愈合手法折骨术	PBBA1501	骨折畸形愈合手法折骨术	420000016	骨折畸形愈合手法折骨术	治疗费-中医	治疗收入-中医	5.中医类：(12)中医治疗费
PBBL0004	腰椎间盘三维牵引复位治疗	PBBA1601	腰椎间盘三维牵引复位法	420000017	腰间盘三维牵引复位术	治疗费-中医	治疗收入-中医	5.中医类：(12)中医治疗费
PBBL0005	钩活治疗					治疗费-中医	治疗收入-中医	5.中医类：(12)中医治疗费
PBBL0006	窦道刮骨治疗					治疗费-中医	治疗收入-中医	5.中医类：(12)中医治疗费
PBC	3.针刺与灸法							
PBCA	针刺法							
PBCA0001	普通针刺	PBCA0101	普通针刺	430000001	普通针刺	治疗费-中医	治疗收入-中医	5.中医类：(12)中医治疗费
PBCA0002	特殊穴位针刺	PBCA0102	特殊穴位针刺			治疗费-中医	治疗收入-中医	5.中医类：(12)中医治疗费
PBCA0003	特殊手法针刺	PBCA0103	特殊手法针刺			治疗费-中医	治疗收入-中医	5.中医类：(12)中医治疗费
PBCA0004	针刺运动治疗	PBCA0104	针刺运动治疗	430000014	针刺运动疗法	治疗费-中医	治疗收入-中医	5.中医类：(12)中医治疗费
PBCA0005	头针治疗	PBCA0201	头针治疗	430000007	头皮针	治疗费-中医	治疗收入-中医	5.中医类：(12)中医治疗费
PBCA0006	耳针治疗	PBCA0301	耳针治疗	430000012	耳针	治疗费-中医	治疗收入-中医	5.中医类：(12)中医治疗费
PBCA0007	眼针治疗	PBCA0401	眼针治疗	430000008	眼针	治疗费-中医	治疗收入-中医	5.中医类：(12)中医治疗费
PBCA0008	面针治疗	PBCA0501	面针治疗	430000005	微针针刺	治疗费-中医	治疗收入-中医	5.中医类：(12)中医治疗费
PBCA0009	鼻针治疗	PBCA0601	鼻针治疗			治疗费-中医	治疗收入-中医	5.中医类：(12)中医治疗费
PBCA0010	鼻腔针刺治疗	PBCA0701	鼻腔针刺治疗			治疗费-中医	治疗收入-中医	5.中医类：(12)中医治疗费
PBCA0011	口针治疗	PBCA0801	口针治疗			治疗费-中医	治疗收入-中医	5.中医类：(12)中医治疗费
PBCA0012	舌针治疗	PBCA0901	舌针治疗			治疗费-中医	治疗收入-中医	5.中医类：(12)中医治疗费
PBCA0013	腹针治疗	PBCA1001	腹针治疗			治疗费-中医	治疗收入-中医	5.中医类：(12)中医治疗费
PBCA0014	手针治疗	PBCA1101	手针治疗			治疗费-中医	治疗收入-中医	5.中医类：(12)中医治疗费
PBCA0015	腕踝针治疗	PBCA1201	腕踝针治疗	430000005	微针针刺	治疗费-中医	治疗收入-中医	5.中医类：(12)中医治疗费
PBCA0016	项针治疗	PBCA1301	项针治疗			治疗费-中医	治疗收入-中医	5.中医类：(12)中医治疗费
PBCA0017	夹脊针治疗	PBCA1401	夹脊针治疗			治疗费-中医	治疗收入-中医	5.中医类：(12)中医治疗费
PBCA0018	芒针治疗	PBCA1501	芒针治疗	430000013	芒针	治疗费-中医	治疗收入-中医	5.中医类：(12)中医治疗费
PBCA0019	皮肤针治疗	PBCA1601	梅花针治疗	430000009	梅花针	治疗费-中医	治疗收入-中医	5.中医类：(12)中医治疗费
PBCA0020	火针治疗	PBCA1701	火针治疗	430000010	火针	治疗费-中医	治疗收入-中医	5.中医类：(12)中医治疗费
PBCA0021	锋钩针治疗	PBCA1801	锋钩针治疗	430000006	锋钩针	治疗费-中医	治疗收入-中医	5.中医类：(12)中医治疗费
PBCA0022	镵针治疗	PBCA1901	镵针治疗	430000004	馋针	治疗费-中医	治疗收入-中医	5.中医类：(12)中医治疗费
PBCA0023	杵针治疗	PBCA2001	杵针治疗	430000028	杵针	治疗费-中医	治疗收入-中医	5.中医类：(12)中医治疗费
PBCA0024	圆针治疗	PBCA2101	圆针治疗			治疗费-中医	治疗收入-中医	5.中医类：(12)中医治疗费
PBCA0025	蜂针治疗	PBCA2201	蜂针治疗	430000026	蜂蛰疗法	治疗费-中医	治疗收入-中医	5.中医类：(12)中医治疗费
PBCA0026	金针治疗	PBCA2301	金针治疗			治疗费-中医	治疗收入-中医	5.中医类：(12)中医治疗费
PBCA0027	微波针治疗	PBCA2401	微波针治疗	430000018	微波针	治疗费-中医	治疗收入-中医	5.中医类：(12)中医治疗费
PBCA0028	普通电针治疗	PBCA2501	普通电针治疗	430000016	电针	治疗费-中医	治疗收入-中医	5.中医类：(12)中医治疗费
PBCA0029	电冷针灸治疗	PBCA2502	电冷针灸治疗			治疗费-中医	治疗收入-中医	5.中医类：(12)中医治疗费
PBCA0030	电火针治疗	PBCA2503	电火针治疗			治疗费-中医	治疗收入-中医	5.中医类：(12)中医治疗费
PBCA0031	电热针灸治疗	PBCA2504	电热针灸治疗	430000016	电针	治疗费-中医	治疗收入-中医	5.中医类：(12)中医治疗费
PBCA0032	模拟针刺手法电针治疗	PBCA2505	模拟针刺手法电针治疗			治疗费-中医	治疗收入-中医	5.中医类：(12)中医治疗费
PBCA0033	眼内针电刺激					治疗费-中医	治疗收入-中医	5.中医类：(12)中医治疗费
PBCA0034	内热针治疗					治疗费-中医	治疗收入-中医	5.中医类：(12)中医治疗费
PBCA0035	脐针治疗					治疗费-中医	治疗收入-中医	5.中医类：(12)中医治疗费
PBCA0036	蝶腭神经节针刺治疗					治疗费-中医	治疗收入-中医	5.中医类：(12)中医治疗费
PBCA0037	长圆针治疗					治疗费-中医	治疗收入-中医	5.中医类：(12)中医治疗费
PBCA0038	鍉针治疗					治疗费-中医	治疗收入-中医	5.中医类：(12)中医治疗费
PBCA0039	靳三针治疗					治疗费-中医	治疗收入-中医	5.中医类：(12)中医治疗费
PBCA0040	平衡针治疗					治疗费-中医	治疗收入-中医	5.中医类：(12)中医治疗费
PBCA0041	醒脑开窍针刺治疗					治疗费-中医	治疗收入-中医	5.中医类：(12)中医治疗费
PBCB	灸法							
PBCB0001	艾条灸治疗	PBCB0101	艾条灸治疗	440000001	灸法	治疗费-中医	治疗收入-中医	5.中医类：(12)中医治疗费
PBCB0002	直接灸治疗	PBCB0201	直接灸治疗			治疗费-中医	治疗收入-中医	5.中医类：(12)中医治疗费
PBCB0003	隔物灸治疗	PBCB0301	隔物灸治疗	440000002	隔物灸法	治疗费-中医	治疗收入-中医	5.中医类：(12)中医治疗费
PBCB0004	温灸器灸治疗	PBCB0401	温灸器灸法	440000001	灸法	治疗费-中医	治疗收入-中医	5.中医类：(12)中医治疗费
PBCB0005	温针灸治疗	PBCB0501	温针灸治疗	430000002	温针	治疗费-中医	治疗收入-中医	5.中医类：(12)中医治疗费
PBCB0006	天灸治疗	PBCB0601	天灸治疗	440000001	灸法	治疗费-中医	治疗收入-中医	5.中医类：(12)中医治疗费
PBCB0007	灯火灸治疗	PBCB0701	灯火灸治疗	440000003	灯火灸	治疗费-中医	治疗收入-中医	5.中医类：(12)中医治疗费
PBCB0008	药线点灸治疗	PBCB0801	药线点灸治疗			治疗费-中医	治疗收入-中医	5.中医类：(12)中医治疗费
PBCB0009	督灸治疗	PBCB0901	督灸治疗	440000007	督灸	治疗费-中医	治疗收入-中医	5.中医类：(12)中医治疗费
PBCB0010	大灸治疗	PBCB1001	大灸治疗			治疗费-中医	治疗收入-中医	5.中医类：(12)中医治疗费
PBCB0011	雷火针灸治疗	PBCB1101	雷火灸治疗	440000008	雷火灸	治疗费-中医	治疗收入-中医	5.中医类：(12)中医治疗费
PBCB0012	太乙神针灸治疗	PBCB1201	太乙神针灸治疗			治疗费-中医	治疗收入-中医	5.中医类：(12)中医治疗费
PBCB0013	火龙灸治疗					治疗费-中医	治疗收入-中医	5.中医类：(12)中医治疗费
PBCB0014	热敏灸治疗					治疗费-中医	治疗收入-中医	5.中医类：(12)中医治疗费
PBCB0015	熨灸治疗					治疗费-中医	治疗收入-中医	5.中医类：(12)中医治疗费
PBCB0016	循经灸治疗					治疗费-中医	治疗收入-中医	5.中医类：(12)中医治疗费
PBCB0017	铺棉灸治疗					治疗费-中医	治疗收入-中医	5.中医类：(12)中医治疗费
PBCB0018	中药泥灸治疗					治疗费-中医	治疗收入-中医	5.中医类：(12)中医治疗费
PBCB0019	透灸治疗					治疗费-中医	治疗收入-中医	5.中医类：(12)中医治疗费
PBCB0020	麦粒灸治疗					治疗费-中医	治疗收入-中医	5.中医类：(12)中医治疗费
PBCB0021	三伏灸治疗					治疗费-中医	治疗收入-中医	5.中医类：(12)中医治疗费
PBCC	拔罐法							
PBCC0001	普通拔罐治疗	PBCC0101	普通拔罐治疗	440000004	拔罐疗法	治疗费-中医	治疗收入-中医	5.中医类：(12)中医治疗费
PBCC0002	走罐治疗	PBCC0201	走罐治疗	440000006	游走罐	治疗费-中医	治疗收入-中医	5.中医类：(12)中医治疗费
PBCC0003	水罐治疗	PBCC0301	水罐治疗	440000005	药物罐	治疗费-中医	治疗收入-中医	5.中医类：(12)中医治疗费
PBCC0004	磁罐治疗	PBCC0401	磁罐治疗			治疗费-中医	治疗收入-中医	5.中医类：(12)中医治疗费
PBCC0005	电罐治疗	PBCC0501	电罐治疗			治疗费-中医	治疗收入-中医	5.中医类：(12)中医治疗费
PBCC0006	电火罐治疗	PBCC0601	电火罐治疗			治疗费-中医	治疗收入-中医	5.中医类：(12)中医治疗费
PBCC0007	真空罐治疗	PBCC0701	真空罐治疗			治疗费-中医	治疗收入-中医	5.中医类：(12)中医治疗费
PBCC0008	刺络拔罐治疗					治疗费-中医	治疗收入-中医	5.中医类：(12)中医治疗费
PBCD	其他针灸治疗							
PBCD0001	穴位放血治疗	PBCD0101	穴位放血治疗	430000021	放血疗法	治疗费-中医	治疗收入-中医	5.中医类：(12)中医治疗费
PBCD0002	静脉放血治疗	PBCD0102	静脉放血治疗			治疗费-中医	治疗收入-中医	5.中医类：(12)中医治疗费
PBCD0003	穴位埋线治疗	PBCD0201	穴位埋线治疗	430000011	埋针治疗	治疗费-中医	治疗收入-中医	5.中医类：(12)中医治疗费
PBCD0004	穴位注射治疗	PBCD0301	穴位注射治疗	430000022	穴位注射	治疗费-中医	治疗收入-中医	5.中医类：(12)中医治疗费
PBCD0005	穴位贴敷治疗	PBCD0401	穴位贴敷治疗	430000023	穴位贴敷治疗	治疗费-中医	治疗收入-中医	5.中医类：(12)中医治疗费
PBCD0006	浮针治疗	PBCD0501	浮针治疗	430000017	浮针	治疗费-中医	治疗收入-中医	5.中医类：(12)中医治疗费
PBCD0007	普通滚针治疗	PBCD0601	普通滚针治疗	430000027	滚针	治疗费-中医	治疗收入-中医	5.中医类：(12)中医治疗费
PBCD0008	电滚针治疗	PBCD0602	电滚针治疗			治疗费-中医	治疗收入-中医	5.中医类：(12)中医治疗费
PBCD0009	磁针治疗	PBCD0701	磁针治疗			治疗费-中医	治疗收入-中医	5.中医类：(12)中医治疗费
PBCD0010	皮内针治疗	PBCD0801	皮内针治疗			治疗费-中医	治疗收入-中医	5.中医类：(12)中医治疗费
PBCD0011	激光针治疗	PBCD0901	激光针治疗	430000019	激光针	治疗费-中医	治疗收入-中医	5.中医类：(12)中医治疗费
PBCD0012	割治治疗	PBCD1001	割治	410000012	割治	治疗费-中医	治疗收入-中医	5.中医类：(12)中医治疗费
PBCD0013	针刺麻醉	PBCD1101	针刺麻醉	430000015	针刺麻醉	治疗费-中医	治疗收入-中医	5.中医类：(12)中医治疗费
PBCD0014	经络穴位测评治疗	PBCD1201	经络穴位测评治疗	430000025	经络穴位测评疗法	治疗费-中医	治疗收入-中医	5.中医类：(12)中医治疗费
PBCD0015	子午流注开穴法	PBCD1301	子午流注开穴法	430000024	子午流注开穴法	治疗费-中医	治疗收入-中医	5.中医类：(12)中医治疗费
PBCD0016	灵龟八法开穴法	PBCD1302	灵龟八法开穴法			治疗费-中医	治疗收入-中医	5.中医类：(12)中医治疗费
PBCD0017	飞腾八法开穴法	PBCD1303	飞腾八法开穴法			治疗费-中医	治疗收入-中医	5.中医类：(12)中医治疗费
PBCD0018	耳穴压丸治疗	PBCD1401	耳穴压丸治疗			治疗费-中医	治疗收入-中医	5.中医类：(12)中医治疗费
PBCD0019	砭石治疗	PBCD1501	砭石治疗			治疗费-中医	治疗收入-中医	5.中医类：(12)中医治疗费
PBCD0020	大接经法治疗					治疗费-中医	治疗收入-中医	5.中医类：(12)中医治疗费
PBCD0021	中药倒膜治疗					治疗费-中医	治疗收入-中医	5.中医类：(12)中医治疗费
PBCD0022	赤医针治疗					治疗费-中医	治疗收入-中医	5.中医类：(12)中医治疗费
PBCD0023	磁圆梅针治疗					治疗费-中医	治疗收入-中医	5.中医类：(12)中医治疗费
PBCD0024	银质针松解术					治疗费-中医	治疗收入-中医	5.中医类：(12)中医治疗费
PBCD0025	内热针经皮骨骼肌松解术					治疗费-中医	治疗收入-中医	5.中医类：(12)中医治疗费
PBCD0026	火针洞式引流治疗					治疗费-中医	治疗收入-中医	5.中医类：(12)中医治疗费
PBCD0027	切脉针刺治疗					治疗费-中医	治疗收入-中医	5.中医类：(12)中医治疗费
PBCD0028	拨针治疗					治疗费-中医	治疗收入-中医	5.中医类：(12)中医治疗费
PBCD0029	铍针治疗					治疗费-中医	治疗收入-中医	5.中医类：(12)中医治疗费
PBCD0030	贺氏三通治疗					治疗费-中医	治疗收入-中医	5.中医类：(12)中医治疗费
PBCD0031	砭镰治疗					治疗费-中医	治疗收入-中医	5.中医类：(12)中医治疗费
				470000004	眼结膜囊穴位注射	治疗费-中医	治疗收入-中医	5.中医类：(12)中医治疗费
PBD	4.中医推拿治疗							
PBDA0001	颈椎病推拿治疗	PBDA0101	颈椎病推拿治疗	450000002	颈椎病推拿治疗	治疗费-中医	治疗收入-中医	5.中医类：(12)中医治疗费
PBDA0002	寰枢关节失稳推拿治疗	PBDA0201	寰枢关节失稳推拿治疗	450000014	环枢关节半脱位推拿治疗	治疗费-中医	治疗收入-中医	5.中医类：(12)中医治疗费
PBDA0003	颈椎小关节紊乱推拿治疗	PBDA0301	颈椎小关节紊乱推拿治疗	450000012	脊柱小关节紊乱推拿治疗	治疗费-中医	治疗收入-中医	5.中医类：(12)中医治疗费
PBDA0004	胸椎小关节紊乱推拿治疗	PBDA0401	胸椎小关节紊乱推拿治疗			治疗费-中医	治疗收入-中医	5.中医类：(12)中医治疗费
PBDA0005	腰椎小关节紊乱推拿治疗	PBDA0501	腰椎小关节紊乱推拿治疗			治疗费-中医	治疗收入-中医	5.中医类：(12)中医治疗费
PBDA0006	腰椎间盘突出推拿治疗	PBDA0601	腰椎间盘突出推拿治疗	450000006	腰椎间盘突出推拿治疗	治疗费-中医	治疗收入-中医	5.中医类：(12)中医治疗费
PBDA0007	第三腰椎横突综合征推拿治疗	PBDA0701	第三腰椎横突综合征推拿治疗			治疗费-中医	治疗收入-中医	5.中医类：(12)中医治疗费
PBDA0008	骶髂关节紊乱症推拿治疗	PBDA0801	骶髂关节紊乱症推拿治疗	450000009	其他推拿治疗	治疗费-中医	治疗收入-中医	5.中医类：(12)中医治疗费
PBDA0009	强直性脊柱炎推拿治疗	PBDA0901	强直性脊柱炎推拿治疗			治疗费-中医	治疗收入-中医	5.中医类：(12)中医治疗费
PBDA0010	外伤性截瘫推拿治疗	PBDA1001	外伤性截瘫推拿治疗	450000009	其他推拿治疗	治疗费-中医	治疗收入-中医	5.中医类：(12)中医治疗费
PBDA0011	退行性脊柱炎推拿治疗	PBDA1101	退行性脊柱炎推拿治疗			治疗费-中医	治疗收入-中医	5.中医类：(12)中医治疗费
PBDA0012	落枕推拿治疗	PBDA1201	落枕推拿治疗	450000001	落枕推拿治疗	治疗费-中医	治疗收入-中医	5.中医类：(12)中医治疗费
PBDA0013	四肢关节错缝推拿治疗	PBDA1301	四肢关节错缝推拿治疗	420000008	关节错缝术	治疗费-中医	治疗收入-中医	5.中医类：(12)中医治疗费
PBDA0014	耻骨联合错缝推拿治疗					治疗费-中医	治疗收入-中医	5.中医类：(12)中医治疗费
PBDA0015	项背肌筋膜炎推拿治疗	PBDA1401	项背肌筋膜炎推拿治疗	450000009	其他推拿治疗	治疗费-中医	治疗收入-中医	5.中医类：(12)中医治疗费
PBDA0016	急性腰扭伤推拿治疗	PBDA1501	急性腰扭伤推拿治疗	450000005	急性腰扭伤推拿治疗	治疗费-中医	治疗收入-中医	5.中医类：(12)中医治疗费
PBDA0017	腰肌劳损推拿治疗	PBDA1601	腰肌劳损推拿治疗			治疗费-中医	治疗收入-中医	5.中医类：(12)中医治疗费
PBDA0018	梨状肌综合征推拿治疗	PBDA1701	梨状肌综合征推拿治疗	450000009	其他推拿治疗	治疗费-中医	治疗收入-中医	5.中医类：(12)中医治疗费
PBDA0019	臀上皮神经损伤推拿治疗	PBDA1801	臀上皮神经损伤推拿治疗			治疗费-中医	治疗收入-中医	5.中医类：(12)中医治疗费
PBDA0020	肩周炎推拿治疗	PBDA1901	肩周炎推拿治疗	450000003	肩周炎推拿治疗	治疗费-中医	治疗收入-中医	5.中医类：(12)中医治疗费
PBDA0021	滑囊炎推拿治疗	PBDA2001	滑囊炎推拿治疗	450000009	其他推拿治疗	治疗费-中医	治疗收入-中医	5.中医类：(12)中医治疗费
PBDA0022	肱骨外上髁炎推拿治疗	PBDA2101	肱骨外上髁炎推拿治疗	450000004	网球肘推拿治疗	治疗费-中医	治疗收入-中医	5.中医类：(12)中医治疗费
PBDA0023	神经卡压综合征推拿治疗	PBDA2201	神经卡压综合征推拿治疗	450000009	其他推拿治疗	治疗费-中医	治疗收入-中医	5.中医类：(12)中医治疗费
PBDA0024	桡骨茎突狭窄性腱鞘炎推拿治疗	PBDA2301	桡骨茎突狭窄性腱鞘炎推拿治疗			治疗费-中医	治疗收入-中医	5.中医类：(12)中医治疗费
PBDA0025	退行性膝关节炎推拿治疗	PBDA2401	退行性膝关节炎推拿治疗	450000007	膝关节骨性关节炎推拿治疗	治疗费-中医	治疗收入-中医	5.中医类：(12)中医治疗费
PBDA0026	踝关节损伤推拿治疗	PBDA2501	踝关节损伤推拿治疗	450000009	其他推拿治疗	治疗费-中医	治疗收入-中医	5.中医类：(12)中医治疗费
PBDA0027	腕关节损伤推拿治疗	PBDA2601	腕关节损伤推拿治疗			治疗费-中医	治疗收入-中医	5.中医类：(12)中医治疗费
PBDA0028	整脊推拿治疗					治疗费-中医	治疗收入-中医	5.中医类：(12)中医治疗费
PBDA0029	正骨推拿治疗					治疗费-中医	治疗收入-中医	5.中医类：(12)中医治疗费
				420000009	麻醉下腰椎间盘突出症大手法治疗	治疗费-中医	治疗收入-中医	5.中医类：(12)中医治疗费
PBDB0001	头痛推拿治疗	PBDB0101	头痛推拿治疗			治疗费-中医	治疗收入-中医	5.中医类：(12)中医治疗费
PBDB0002	眩晕推拿治疗	PBDB0201	眩晕推拿治疗			治疗费-中医	治疗收入-中医	5.中医类：(12)中医治疗费
PBDB0003	失眠推拿治疗	PBDB0301	失眠推拿治疗			治疗费-中医	治疗收入-中医	5.中医类：(12)中医治疗费
PBDB0004	感冒推拿治疗	PBDB0401	感冒推拿治疗			治疗费-中医	治疗收入-中医	5.中医类：(12)中医治疗费
PBDB0005	咳喘推拿治疗	PBDB0501	咳喘推拿治疗			治疗费-中医	治疗收入-中医	5.中医类：(12)中医治疗费
PBDB0006	心悸推拿治疗	PBDB0601	心悸推拿治疗			治疗费-中医	治疗收入-中医	5.中医类：(12)中医治疗费
PBDB0007	消渴推拿治疗	PBDB0701	消渴推拿治疗			治疗费-中医	治疗收入-中医	5.中医类：(12)中医治疗费
PBDB0008	胃脘痛推拿治疗	PBDB0801	胃脘痛推拿治疗			治疗费-中医	治疗收入-中医	5.中医类：(12)中医治疗费
PBDB0009	慢性胆囊炎推拿治疗	PBDB0901	慢性胆囊炎推拿治疗			治疗费-中医	治疗收入-中医	5.中医类：(12)中医治疗费
PBDB0010	呃逆推拿治疗	PBDB1001	呃逆推拿治疗			治疗费-中医	治疗收入-中医	5.中医类：(12)中医治疗费
PBDB0011	腹泻推拿治疗	PBDB1101	腹泻推拿治疗			治疗费-中医	治疗收入-中医	5.中医类：(12)中医治疗费
PBDB0012	便秘推拿治疗	PBDB1201	便秘推拿治疗			治疗费-中医	治疗收入-中医	5.中医类：(12)中医治疗费
PBDB0013	癃闭推拿治疗	PBDB1301	癃闭推拿治疗			治疗费-中医	治疗收入-中医	5.中医类：(12)中医治疗费
PBDB0014	面瘫推拿治疗	PBDB1401	面瘫推拿治疗			治疗费-中医	治疗收入-中医	5.中医类：(12)中医治疗费
PBDB0015	中风后遗症推拿治疗	PBDB1501	中风后遗症推拿治疗			治疗费-中医	治疗收入-中医	5.中医类：(12)中医治疗费
PBDC0001	痛经推拿治疗	PBDC0101	痛经推拿治疗			治疗费-中医	治疗收入-中医	5.中医类：(12)中医治疗费
PBDC0002	月经不调推拿治疗	PBDC0201	月经不调推拿治疗			治疗费-中医	治疗收入-中医	5.中医类：(12)中医治疗费
PBDC0003	近视推拿治疗	PBDD0101	近视推拿治疗			治疗费-中医	治疗收入-中医	5.中医类：(12)中医治疗费
PBDD0001	乳蛾推拿治疗	PBDD0201	乳蛾推拿治疗	450000008	内科妇科疾病推拿治疗	治疗费-中医	治疗收入-中医	5.中医类：(12)中医治疗费
PBDE0001	小儿肌性斜颈推拿治疗	PBDE0101	小儿肌性斜颈推拿治疗	450000013	小儿斜颈推拿治疗	治疗费-中医	治疗收入-中医	5.中医类：(12)中医治疗费
PBDE0002	小儿发热推拿治疗	PBDE0201	小儿发热推拿治疗			治疗费-中医	治疗收入-中医	5.中医类：(12)中医治疗费
PBDE0003	小儿腹泻推拿治疗	PBDE0301	小儿腹泻推拿治疗			治疗费-中医	治疗收入-中医	5.中医类：(12)中医治疗费
PBDE0004	小儿咳嗽推拿治疗	PBDE0401	小儿咳嗽推拿治疗			治疗费-中医	治疗收入-中医	5.中医类：(12)中医治疗费
PBDE0005	小儿疳积推拿治疗	PBDE0501	小儿疳积推拿治疗			治疗费-中医	治疗收入-中医	5.中医类：(12)中医治疗费
PBDE0006	小儿脱肛推拿治疗	PBDE0601	小儿脱肛推拿治疗			治疗费-中医	治疗收入-中医	5.中医类：(12)中医治疗费
PBDE0007	小儿遗尿推拿治疗	PBDE0701	小儿遗尿推拿治疗			治疗费-中医	治疗收入-中医	5.中医类：(12)中医治疗费
PBDE0008	小儿便秘推拿治疗	PBDE0801	小儿便秘推拿治疗			治疗费-中医	治疗收入-中医	5.中医类：(12)中医治疗费
PBDE0009	小儿呕吐推拿治疗	PBDE0901	小儿呕吐推拿治疗			治疗费-中医	治疗收入-中医	5.中医类：(12)中医治疗费
PBDE0010	小儿厌食推拿治疗	PBDE1001	小儿厌食推拿治疗			治疗费-中医	治疗收入-中医	5.中医类：(12)中医治疗费
PBDE0011	小儿夜啼推拿治疗	PBDE1101	小儿夜啼推拿治疗			治疗费-中医	治疗收入-中医	5.中医类：(12)中医治疗费
PBDE0012	小儿腹痛推拿治疗	PBDE1201	小儿腹痛推拿治疗			治疗费-中医	治疗收入-中医	5.中医类：(12)中医治疗费
PBDE0013	小儿流涎症推拿治疗	PBDE1301	小儿流涎症推拿治疗			治疗费-中医	治疗收入-中医	5.中医类：(12)中医治疗费
PBDE0014	小儿捏脊治疗	PBDE1401	小儿捏脊治疗	450000010	小儿捏脊治疗	治疗费-中医	治疗收入-中医	5.中医类：(12)中医治疗费
PBDE0015	分娩性小儿臂丛神经损伤推拿治疗	PBDE1501	分娩性小儿臂丛神经损伤推拿治疗			治疗费-中医	治疗收入-中医	5.中医类：(12)中医治疗费
PBDE0016	小儿脏腑推拿治疗					治疗费-中医	治疗收入-中医	5.中医类：(12)中医治疗费
PBDF0001	基本手法推拿治疗	PBDF0101	基本手法推拿治疗	450000009	其他推拿治疗	治疗费-中医	治疗收入-中医	5.中医类：(12)中医治疗费
PBDF0002	复合手法推拿治疗	PBDF0102	复合手法推拿治疗			治疗费-中医	治疗收入-中医	5.中医类：(12)中医治疗费
PBDF0003	运动关节手法推拿治疗	PBDF0201	运动关节手法推拿治疗			治疗费-中医	治疗收入-中医	5.中医类：(12)中医治疗费
PBDF0004	药棒穴位按摩治疗	PBDF0301	药棒穴位按摩治疗	450000011	药棒穴位按摩治疗	治疗费-中医	治疗收入-中医	5.中医类：(12)中医治疗费
PBDF0005	器具推拿治疗					治疗费-中医	治疗收入-中医	5.中医类：(12)中医治疗费
PBDF0006	手指点穴治疗	PBDF0401	手指点穴治疗	430000003	手指点穴	治疗费-中医	治疗收入-中医	5.中医类：(12)中医治疗费
PBDF0007	中药膏摩	PBDF0501	中药膏摩			治疗费-中医	治疗收入-中医	5.中医类：(12)中医治疗费
PBDF0008	足底反射治疗	PBDF0601	足底反射治疗	470000016	足底反射治疗	治疗费-中医	治疗收入-中医	5.中医类：(12)中医治疗费
PBDF0009	脏腑推拿治疗					治疗费-中医	治疗收入-中医	5.中医类：(12)中医治疗费
PBDF0010	经络推拿治疗					治疗费-中医	治疗收入-中医	5.中医类：(12)中医治疗费
PBDF0011	振腹推拿治疗					治疗费-中医	治疗收入-中医	5.中医类：(12)中医治疗费
PBE	5.中医肛肠治疗							
PBEA0001	血栓性外痔切除术	PBEA0101	血栓性外痔切除术	460000005	血栓性外痔切除术	手术费-中医	手术收入-中医	5.中医类：中医手术费
PBEA0002	复杂性血栓性外痔切除术	PBEA0102	复杂性血栓性外痔切除术			手术费-中医	手术收入-中医	5.中医类：中医手术费
PBEA0003	环状混合痔切除术	PBEA0103	环状混合痔切除术	460000006	环状混合痔切除术	手术费-中医	手术收入-中医	5.中医类：中医手术费
PBEA0004	嵌顿型环状混合痔脱出切除术	PBEA0104	嵌顿型环状混合痔脱出切除术			手术费-中医	手术收入-中医	5.中医类：中医手术费
PBEA0005	藏毛窦切除术	PBEA0105	藏毛窦囊肿切除术			手术费-中医	手术收入-中医	5.中医类：中医手术费
PBEA0006	经骶尾部骶前囊肿切除术	PBEA0106	经骶尾部骶前囊肿切除术			手术费-中医	手术收入-中医	5.中医类：中医手术费
PBEA0007	内痔硬化剂注射术	PBEA0201	内痔硬化剂注射治疗	460000003	内痔硬化剂注射治疗(枯痔治疗)	治疗费-中医	治疗收入-中医	5.中医类：(12)中医治疗费
PBEA0008	环状混合痔硬化剂注射术	PBEA0202	环状混合痔硬化剂注射治疗			治疗费-中医	治疗收入-中医	5.中医类：(12)中医治疗费
PBEA0009	直肠脱垂黏膜下注射术	PBEA0301	直肠脱垂黏膜下注射治疗	460000022	直肠脱垂注射术	手术费-中医	手术收入-中医	5.中医类：中医手术费
PBEA0010	完全性直肠脱垂双层硬化剂注射术	PBEA0302	完全性直肠脱垂双层硬化剂注射治疗	460000002	直肠周围硬化剂注射治疗	治疗费-中医	治疗收入-中医	5.中医类：(12)中医治疗费
PBEA0011	直肠前突出注射术	PBEA0303	直肠前突出注射治疗	460000021	直肠前突出注射术	治疗费-中医	治疗收入-中医	5.中医类：(12)中医治疗费
PBEA0012	混合痔外剥内扎术	PBEA0401	混合痔外剥内扎术	460000007	混合痔外剥内扎术	治疗费-中医	治疗收入-中医	5.中医类：(12)中医治疗费
PBEA0013	混合痔铜离子电化学治疗术	PBEA0501	混合痔铜离子电化学治疗	460000020	混合痔铜离子电化学治疗术	治疗费-中医	治疗收入-中医	5.中医类：(12)中医治疗费
PBEA0014	内痔套扎术	PBEA0601	内痔套扎术			治疗费-中医	治疗收入-中医	5.中医类：(12)中医治疗费
		HPV59601	经肛门镜内痔套扎术			治疗费-中医	治疗收入-中医	5.中医类：(12)中医治疗费
PBEA0015	经直肠多普勒痔动脉结扎术	PBEA0701	经直肠多普勒痔动脉结扎术			治疗费-中医	治疗收入-中医	5.中医类：(12)中医治疗费
PBEA0016	肛周脓肿切开引流原发病灶清除术	PBEA0801	肛周脓肿切开引流原发病灶清除术	460000008	肛周脓肿一次性根治术	手术费-中医	手术收入-中医	5.中医类：中医手术费
PBEA0017	高位肛周脓肿切开引流原发病灶清除挂线术	PBEA0901	复杂性高位肛周脓肿切开引流原发病灶清除挂线术			治疗费-中医	治疗收入-中医	5.中医类：(12)中医治疗费
PBEA0018	肛门直肠周围脓腔搔刮术	PBEA1001	肛门直肠周围脓腔搔刮术	460000018	肛门直肠周围脓腔搔刮术	手术费-中医	手术收入-中医	5.中医类：中医手术费
PBEA0019	肛瘘封堵术	PBEA1101	肛瘘封堵术	460000011	肛瘘封堵术	手术费-中医	手术收入-中医	5.中医类：中医手术费
PBEA0020	高位复杂性肛瘘挂线治疗术	PBEA1201	高位复杂肛瘘挂线治疗	460000004	高位复杂肛瘘挂线治疗	手术费-中医	手术收入-中医	5.中医类：中医手术费
PBEA0021	肛肠术后紧线术	PBEA1301	肛肠术后紧线术	460000019	中医肛肠术后紧线术	治疗费-中医	治疗收入-中医	5.中医类：(12)中医治疗费
PBEA0022	直肠脱垂复位术	PBEA1401	直肠脱垂复位治疗	460000001	直肠脱出复位治疗	治疗费-中医	治疗收入-中医	5.中医类：(12)中医治疗费
PBEA0023	嵌顿直肠脱垂复位术	PBEA1402	Ⅲ度直肠脱垂复位治疗			治疗费-中医	治疗收入-中医	5.中医类：(12)中医治疗费
PBEA0024	直肠黏膜脱垂结扎术					手术费-中医	手术收入-中医	5.中医类：中医手术费
PBEA0025	肛门外括约肌折叠术	PBEA1501	肛门外括约肌折叠术	460000009	肛外括约肌折叠术	手术费-中医	手术收入-中医	5.中医类：中医手术费
PBEA0026	经阴道直肠前突修补术	PBEA1601	经阴道直肠前突修补术	460000010	直肠前突修补术	手术费-中医	手术收入-中医	5.中医类：中医手术费
PBEA0027	经肛门直肠前突修补术	PBEA1602	经肛门直肠前突修补术			手术费-中医	手术收入-中医	5.中医类：中医手术费
PBEA0028	手术扩肛术	PBEA1701	手术扩肛治疗	460000014	手术扩肛治疗	手术费-中医	手术收入-中医	5.中医类：中医手术费
PBEA0029	人工扩肛术	PBEA1702	人工扩肛治疗	460000015	人工扩肛治疗	手术费-中医	手术收入-中医	5.中医类：中医手术费
PBEA0030	器械扩肛术	PBEA1703	器械扩肛治疗			手术费-中医	手术收入-中医	5.中医类：中医手术费
PBEA0031	肛门狭窄挂线术	PBEA1801	肛门狭窄挂线术			治疗费-中医	治疗收入-中医	5.中医类：(12)中医治疗费
PBEA0032	直肠狭窄挂线术	PBEA1802	直肠狭窄挂线术			治疗费-中医	治疗收入-中医	5.中医类：(12)中医治疗费
PBEA0033	经肛门直肠内异物取出术	PBEA1901	经肛门直肠内异物取出术			治疗费-中医	治疗收入-中医	5.中医类：(12)中医治疗费
PBEA0034	会阴联合直肠内异物取出术	PBEA1902	经腹会阴联合直肠内异物取出术			手术费-中医	手术收入-中医	5.中医类：中医手术费
PBEA0035	肛周药物注射封闭术	PBEA2001	肛周药物注射封闭术	460000013	肛周药物注射封闭术	治疗费-中医	治疗收入-中医	5.中医类：(12)中医治疗费
PBEA0036	肛周穴位药物注射封闭术	PBEA2002	肛周穴位药物注射封闭术			治疗费-中医	治疗收入-中医	5.中医类：(12)中医治疗费
PBEA0037	化脓性肛周大汗腺炎切开清创引流术	PBEA2101	化脓性肛周大汗腺炎切开清创引流术	460000016	化脓性肛周大汗腺炎切开清创引流术	手术费-中医	手术收入-中医	5.中医类：中医手术费
PBEA0038	复杂性化脓性肛周大汗腺炎切开清创引流术	PBEA2102	复杂性化脓性肛周大汗腺炎切开清创引流术			手术费-中医	手术收入-中医	5.中医类：中医手术费
PBEA0039	肛周坏死性筋膜炎清创术	PBEA2201	肛周坏死性筋膜炎清创术	460000017	肛周坏死性筋膜炎清创术	手术费-中医	手术收入-中医	5.中医类：中医手术费
PBEA0040	复杂性肛周坏死性筋膜炎清创术	PBEA2202	复杂性肛周坏死性筋膜炎清创术			手术费-中医	手术收入-中医	5.中医类：中医手术费
PBEA0041	结肠水疗	PBEA2301	结肠水疗	460000012	结肠水疗	治疗费-中医	治疗收入-中医	5.中医类：(12)中医治疗费
PBEA0042	腰俞穴麻醉	PBEA2401	腰俞穴麻醉			治疗费-中医	治疗收入-中医	5.中医类：(12)中医治疗费
PBEA0043	肛瘘搔爬术					手术费-中医	手术收入-中医	5.中医类：中医手术费
PBEA0044	肛周病术后清创术					手术费-中医	手术收入-中医	5.中医类：中医手术费
PBF	6.中医特殊治疗							
PBFA0001	白内障针拨术	PBFA0101	白内障针拨术	470000001	白内障针拨术	手术费-中医	手术收入-中医	5.中医类：中医手术费
PBFA0002	鼻中隔烙法治疗	PBFA0201	鼻中隔烙法治疗			治疗费-中医	治疗收入-中医	5.中医类：(12)中医治疗费
PBFA0003	扁桃体烙法治疗	PBFA0202	扁桃体烙法治疗	470000007	扁桃体烙法治疗	治疗费-中医	治疗收入-中医	5.中医类：(12)中医治疗费
PBFA0004	鼻腔割治	PBFA0301	鼻腔割治			治疗费-中医	治疗收入-中医	5.中医类：(12)中医治疗费
PBFA0005	扁桃体啄治	PBFA0401	扁桃体啄治法			治疗费-中医	治疗收入-中医	5.中医类：(12)中医治疗费
PBFA0006	耳部吹药治疗	PBFA0501	耳部吹药治疗	470000009	耳咽中药吹粉治疗	治疗费-中医	治疗收入-中医	5.中医类：(12)中医治疗费
PBFA0007	咽部吹药治疗	PBFA0502	咽部吹药治疗			治疗费-中医	治疗收入-中医	5.中医类：(12)中医治疗费
PBFA0008	鼻息肉注射治疗	PBFA0601	鼻息肉注射治疗			治疗费-中医	治疗收入-中医	5.中医类：(12)中医治疗费
PBFA0009	脊柱针刀治疗	PBFA0701	脊柱针刀治疗	470000005	小针刀治疗	治疗费-中医	治疗收入-中医	5.中医类：(12)中医治疗费
PBFA0010	四肢关节针刀治疗	PBFA0702	四肢关节针刀治疗			治疗费-中医	治疗收入-中医	5.中医类：(12)中医治疗费
PBFA0011	手足针刀治疗	PBFA0703	手足针刀治疗			治疗费-中医	治疗收入-中医	5.中医类：(12)中医治疗费
PBFA0012	急性扁桃体炎针刀刺营治疗					治疗费-中医	治疗收入-中医	5.中医类：(12)中医治疗费
PBFA0013	脊柱刃针治疗	PBFA0801	脊柱刃针治疗			治疗费-中医	治疗收入-中医	5.中医类：(12)中医治疗费
PBFA0014	四肢关节刃针治疗	PBFA0802	四肢关节刃针治疗			治疗费-中医	治疗收入-中医	5.中医类：(12)中医治疗费
PBFA0015	手足刃针治疗	PBFA0803	手足刃针治疗			治疗费-中医	治疗收入-中医	5.中医类：(12)中医治疗费
PBFA0016	刃针治疗					治疗费-中医	治疗收入-中医	5.中医类：(12)中医治疗费
PBFA0017	刮痧治疗	PBFA0901	刮痧治疗	470000012	刮痧治疗	治疗费-中医	治疗收入-中医	5.中医类：(12)中医治疗费
PBFA0018	撮痧治疗					治疗费-中医	治疗收入-中医	5.中医类：(12)中医治疗费
PBFA0019	经直肠中药滴入治疗	PBFA1001	经直肠中药滴入治疗	470000011	中药直肠滴入治疗	治疗费-中医	治疗收入-中医	5.中医类：(12)中医治疗费
PBFA0020	外气功治疗	PBFA1101	外气功治疗	470000014	医疗气功治疗	治疗费-中医	治疗收入-中医	5.中医类：(12)中医治疗费
PBFA0021	内养功治疗	PBFA1102	内养功治疗			治疗费-中医	治疗收入-中医	5.中医类：(12)中医治疗费
PBFA0022	放松功治疗	PBFA1103	放松功治疗			治疗费-中医	治疗收入-中医	5.中医类：(12)中医治疗费
PBFA0023	中医五音治疗	PBFA1104	气功音乐治疗			治疗费-中医	治疗收入-中医	5.中医类：(12)中医治疗费
PBFA0024	中医心理治疗					治疗费-中医	治疗收入-中医	5.中医类：(12)中医治疗费
PBFA0025	神阙穴药饼灸治疗					治疗费-中医	治疗收入-中医	5.中医类：(12)中医治疗费
PBFA0026	砭石通乳治疗					治疗费-中医	治疗收入-中医	5.中医类：(12)中医治疗费
PBFA0027	水针刀治疗					治疗费-中医	治疗收入-中医	5.中医类：(12)中医治疗费
PBFA0028	自血穴位脱敏治疗					治疗费-中医	治疗收入-中医	5.中医类：(12)中医治疗费
PBFA0029	磁热治疗	LEEZX003	磁热治疗	430000020	磁热疗法	治疗费-中医	治疗收入-中医	5.中医类：(12)中医治疗费
				470000002	白内障针拨吸出术	治疗费-中医	治疗收入-中医	5.中医类：(12)中医治疗费
				470000003	白内障针拨套出术	治疗费-中医	治疗收入-中医	5.中医类：(12)中医治疗费
PC	(三)中医综合							
PCA	1.中药特殊调配加工							
PCAA0001	中药散装饮片调剂	PCAA0101	中药普通饮片调配	480000003	中药特殊调配	治疗费-中医	治疗收入-中医	5.中医类：(12)中医治疗费
PCAA0002	中药小包装饮片调剂	PCAA0102	中药小包装饮片调配			治疗费-中医	治疗收入-中医	5.中医类：(12)中医治疗费
PCAA0003	中药免煎颗粒小包装调剂	PCAA0103	中药免煎颗粒调配			治疗费-中医	治疗收入-中医	5.中医类：(12)中医治疗费
PCAA0004	中药免煎颗粒机器调剂	PCAA0104	中药免煎颗粒机器调配	480000003	中药特殊调配	治疗费-中医	治疗收入-中医	5.中医类：(12)中医治疗费
PCAA0005	中药饮片调配临方炮制炒法	PCAA0201	中药饮片调配临方炮制炒法			治疗费-中医	治疗收入-中医	5.中医类：(12)中医治疗费
PCAA0006	中药饮片调配临方炮制炙法	PCAA0202	中药饮片调配临方炮制炙法			治疗费-中医	治疗收入-中医	5.中医类：(12)中医治疗费
PCAA0007	中药饮片调配临方复杂性炮制	PCAA0203	中药饮片调配临方复杂炮制			治疗费-中医	治疗收入-中医	5.中医类：(12)中医治疗费
PCAA0008	人工煎药	PCAA0301	人工煎药	480000004	人工煎药	治疗费-中医	治疗收入-中医	5.中医类：(12)中医治疗费
PCAA0009	压力煎药	PCAA0302	机械煎药	480000005	煎药机煎药	治疗费-中医	治疗收入-中医	5.中医类：(12)中医治疗费
PCAA0010	常压煎药					治疗费-中医	治疗收入-中医	5.中医类：(12)中医治疗费
PCAA0011	中药膏剂临方加工	PCAA0401	中药膏剂临方加工			治疗费-中医	治疗收入-中医	5.中医类：(12)中医治疗费
PCAA0012	中药合剂临方加工	PCAA0402	中药合剂临方加工			治疗费-中医	治疗收入-中医	5.中医类：(12)中医治疗费
PCAA0013	中药浸出胶囊剂临方加工	PCAA0403	中药浸出胶囊剂临方加工			治疗费-中医	治疗收入-中医	5.中医类：(12)中医治疗费
PCAA0014	中药原粉胶囊剂临方加工	PCAA0404	中药原粉胶囊剂临方加工			治疗费-中医	治疗收入-中医	5.中医类：(12)中医治疗费
PCAA0015	中药蜜丸临方加工	PCAA0405	中药蜜丸临方加工			治疗费-中医	治疗收入-中医	5.中医类：(12)中医治疗费
PCAA0016	中药水蜜丸临方加工	PCAA0406	中药水蜜丸临方加工			治疗费-中医	治疗收入-中医	5.中医类：(12)中医治疗费
PCAA0017	中药水丸临方加工	PCAA0407	中药水丸临方加工			治疗费-中医	治疗收入-中医	5.中医类：(12)中医治疗费
PCAA0018	中药粉碎临方加工					治疗费-中医	治疗收入-中医	5.中医类：(12)中医治疗费
PCAA0019	中药颗粒剂临方加工					治疗费-中医	治疗收入-中医	5.中医类：(12)中医治疗费
PCAA0020	中药酒剂临方加工					治疗费-中医	治疗收入-中医	5.中医类：(12)中医治疗费
PCB	2.辨证施膳							
PCBA0001	普通医师辨证施膳指导	PCBA0101	普通辨证施膳指导	480000001	辩证施膳指导	治疗费-中医	治疗收入-中医	5.中医类：(12)中医治疗费
PCBA0002	副主任医师辨证施膳指导	PCBA0102	专家辨证施膳指导			治疗费-中医	治疗收入-中医	5.中医类：(12)中医治疗费
PCBA0003	主任医师辨证施膳指导	PCBA0103	高级专家辨证施膳指导			治疗费-中医	治疗收入-中医	5.中医类：(12)中医治疗费
PCBA0004	中医体质辨识与调养					治疗费-中医	治疗收入-中医	5.中医类：(12)中医治疗费
N	十一、辅助操作							
NA	(一)设备辅助操作							
NAAA0001	神经内镜辅助操作	NAAA0000	颅内镜辅助操作					
NAAA0002	手术显微镜辅助操作	NABA0000	手术显微镜辅助操作					
NAAA0003	激光辅助操作	NACA0000	激光辅助操作					
NAAA0004	射频辅助操作	NAEA0000	射频辅助操作					
NAAA0005	微波辅助操作	NADA0000	微波辅助操作					
NAAB0001	超声刀辅助操作	NAFA0000	超声刀辅助操作					
NAAB0002	等离子刀辅助操作	NAGA0000	等离子刀辅助操作					
NAAB0003	清创水动力系统辅助操作							
NAAB0004	高频超声辅助操作							
NAAC0001	内窥镜机器人手术辅助操作							
NAAC0002	骨科机器人手术辅助操作							
		NAAB0000	胸腔镜辅助操作					
		NAAC0000	腹腔镜辅助操作					
		NAAD0000	宫腔镜辅助操作					
NB	(二)微动力辅助操作							
NBAA0001	颅微动力辅助操作	NBAA0000	颅微动力系统					
NBAA0002	眼耳鼻喉微动力辅助操作	NBBA0000	眼耳鼻喉微动力系统					
NBAA0003	骨微动力辅助操作	NBCA0000	骨微动力系统					
NBAA0004	颌面微动力辅助操作	NBDA0000	颌面微动力系统					
NBAA0005	齿科微动力辅助操作	NBEA0000	齿科微动力系统					
NC	(三)引导类辅助操作							
NCAA0001	临床操作X线透视引导	EAZZZ001	临床操作X线透视引导					
NCAA0002	临床操作C/U形臂引导	EAZZZ002	临床操作C/U形臂引导	210101004	C型臂术中透视			
NCAA0003	临床操作数字减影(DSA)引导	EAZZZ003	临床操作数字减影(DSA)引导	210102017	非血管介入临床操作数字减影(DSA)引导			
NCAA0004	临床操作CT引导	EBZZZ001	临床操作CT引导	210300005	临床操作的CT引导			
NCAA0005	临床操作磁共振引导	ECZZZ004	临床操作磁共振引导	210200009	临床操作的磁共振引导			
NCAA0006	临床操作B型超声引导	EDZZZ001	临床操作B超引导	220201009	临床操作的B超引导			
				220202003	临床操作的腔内B超引导			
NCAA0007	临床操作彩色多普勒超声引导	EDZZZ002	临床操作彩色多普勒超声引导	220302012	临床操作的彩色多普勒超声引导			
				220100002	临床操作的A超引导			
ND	(四)手术导航类辅助操作							
NDAA0001	手术操作的术中导航引导							
NDAA0002	骨科系统手术导航	HX943701	骨科手术导航引导					
NDAA0003	口腔手术导航							
NDAA0004	眼部手术导航							
NDAA0005	耳鼻喉手术导航							
NDAA0006	神经系统手术导航	HCZ43702	神经外科手术导航引导					
