chapter_name	dict_code	dict_name	val_code	val_name	remark
标识	CT01.00.002	是否代码	1	是	
标识	CT01.00.002	是否代码	2	否	
标识	CT01.00.007	中西医标识代码	1	中	
标识	CT01.00.007	中西医标识代码	11	中医	
标识	CT01.00.007	中西医标识代码	12	民族医	
标识	CT01.00.007	中西医标识代码	2	西	
标识	CT01.00.007	中西医标识代码	3	中西	
标识	WHCT02.01.110	补传标志	1	正常	
标识	WHCT02.01.110	补传标志	2	补传	
标识	WHCT02.01.111	特需标志	0	非特需	
标识	WHCT02.01.111	特需标志	1	特需	
标识	WHCT02.01.111	特需标志	2	日间手术	
标识	WHCT02.01.112	修改标志	0	正常	
标识	WHCT02.01.112	修改标志	1	撤销	
标识	WHCT01.00.012	有无情况代码	1	有	
标识	WHCT01.00.012	有无情况代码	2	无	
标识	WHCT01.00.012	有无情况代码	3	不详	
标识	WHCT01.00.003	建议级别	1	强制	
标识	WHCT01.00.003	建议级别	2	非强制	
标识	WHCT01.00.004	质控水平	1	低水平	
标识	WHCT01.00.004	质控水平	2	中水平	
标识	WHCT01.00.004	质控水平	3	高水平	
人口学及社会经济学特征	CV02.01.101	身份证件类别	1	居民身份证	
人口学及社会经济学特征	CV02.01.101	身份证件类别	19	母亲身份证	
人口学及社会经济学特征	CV02.01.101	身份证件类别	2	居民户口本	
人口学及社会经济学特征	CV02.01.101	身份证件类别	3	护照	
人口学及社会经济学特征	CV02.01.101	身份证件类别	4	军官证	
人口学及社会经济学特征	CV02.01.101	身份证件类别	5	驾驶证	
人口学及社会经济学特征	CV02.01.101	身份证件类别	6	港澳居民来往内地通行证	
人口学及社会经济学特征	CV02.01.101	身份证件类别	7	台湾居民来往内地通行证	
人口学及社会经济学特征	CV02.01.101	身份证件类别	8	永居证	
人口学及社会经济学特征	CV02.01.101	身份证件类别	98	中国人民武装警察身份证件	
人口学及社会经济学特征	CV02.01.101	身份证件类别	99	其他法定有效证件	
人口学及社会经济学特征	CV02.01.205	地址类别代码表	1	户籍住址	
人口学及社会经济学特征	CV02.01.205	地址类别代码表	2	工作场所住址	
人口学及社会经济学特征	CV02.01.205	地址类别代码表	3	家庭常住住址	
人口学及社会经济学特征	CV02.01.205	地址类别代码表	4	通讯地址	
人口学及社会经济学特征	CV02.01.205	地址类别代码表	5	暂住地址	
人口学及社会经济学特征	CV02.01.205	地址类别代码表	6	出生地址	
人口学及社会经济学特征	CV02.01.205	地址类别代码表	7	产后修养地址	
人口学及社会经济学特征	CV02.01.205	地址类别代码表	8	变迁地址	
人口学及社会经济学特征	CV02.01.205	地址类别代码表	9	现住址	
人口学及社会经济学特征	CV02.01.205	地址类别代码表	99	其他地址	
人口学及社会经济学特征	CV02.10.003	分娩方式代码表	1	阴道自然分娩	
人口学及社会经济学特征	CV02.10.003	分娩方式代码表	11	会阴切开	
人口学及社会经济学特征	CV02.10.003	分娩方式代码表	12	会阴未切	
人口学及社会经济学特征	CV02.10.003	分娩方式代码表	2	阴道手术助产	
人口学及社会经济学特征	CV02.10.003	分娩方式代码表	21	产钳助产	
人口学及社会经济学特征	CV02.10.003	分娩方式代码表	22	臀位助产	
人口学及社会经济学特征	CV02.10.003	分娩方式代码表	23	胎头吸引	
人口学及社会经济学特征	CV02.10.003	分娩方式代码表	3	剖宫产	
人口学及社会经济学特征	CV02.10.003	分娩方式代码表	31	子宫下段横切口剖宫产	
人口学及社会经济学特征	CV02.10.003	分娩方式代码表	32	子宫体剖宫产	
人口学及社会经济学特征	CV02.10.003	分娩方式代码表	33	腹膜外剖宫产	
人口学及社会经济学特征	CV02.10.003	分娩方式代码表	9	其他	
人口学及社会经济学特征	CV05.01.010	会阴裂伤情况代码	1	无裂伤	
人口学及社会经济学特征	CV05.01.010	会阴裂伤情况代码	2	I°裂伤	
人口学及社会经济学特征	CV05.01.010	会阴裂伤情况代码	3	Ⅱ°裂伤	
人口学及社会经济学特征	CV05.01.010	会阴裂伤情况代码	4	Ⅲ°裂伤	
人口学及社会经济学特征	CV05.01.010	会阴裂伤情况代码	5	会阴切开	
人口学及社会经济学特征	GB 3304-1991	民族代码	1	汉族	
人口学及社会经济学特征	GB 3304-1991	民族代码	10	朝鲜族	
人口学及社会经济学特征	GB 3304-1991	民族代码	11	满族	
人口学及社会经济学特征	GB 3304-1991	民族代码	12	侗族	
人口学及社会经济学特征	GB 3304-1991	民族代码	13	瑶族	
人口学及社会经济学特征	GB 3304-1991	民族代码	14	白族	
人口学及社会经济学特征	GB 3304-1991	民族代码	15	土家族	
人口学及社会经济学特征	GB 3304-1991	民族代码	16	哈尼族	
人口学及社会经济学特征	GB 3304-1991	民族代码	17	哈萨克族	
人口学及社会经济学特征	GB 3304-1991	民族代码	18	傣族	
人口学及社会经济学特征	GB 3304-1991	民族代码	19	黎族	
人口学及社会经济学特征	GB 3304-1991	民族代码	2	蒙古族	
人口学及社会经济学特征	GB 3304-1991	民族代码	20	傈僳族	
人口学及社会经济学特征	GB 3304-1991	民族代码	21	佤族	
人口学及社会经济学特征	GB 3304-1991	民族代码	22	畲族	
人口学及社会经济学特征	GB 3304-1991	民族代码	23	高山族	
人口学及社会经济学特征	GB 3304-1991	民族代码	24	拉祜族	
人口学及社会经济学特征	GB 3304-1991	民族代码	25	水族	
人口学及社会经济学特征	GB 3304-1991	民族代码	26	东乡族	
人口学及社会经济学特征	GB 3304-1991	民族代码	27	纳西族	
人口学及社会经济学特征	GB 3304-1991	民族代码	28	景颇族	
人口学及社会经济学特征	GB 3304-1991	民族代码	29	柯尔克孜族	
人口学及社会经济学特征	GB 3304-1991	民族代码	3	回族	
人口学及社会经济学特征	GB 3304-1991	民族代码	30	土族	
人口学及社会经济学特征	GB 3304-1991	民族代码	31	达斡尔族	
人口学及社会经济学特征	GB 3304-1991	民族代码	32	仫佬族	
人口学及社会经济学特征	GB 3304-1991	民族代码	33	羌族	
人口学及社会经济学特征	GB 3304-1991	民族代码	34	布朗族	
人口学及社会经济学特征	GB 3304-1991	民族代码	35	撒拉族	
人口学及社会经济学特征	GB 3304-1991	民族代码	36	毛南族	
人口学及社会经济学特征	GB 3304-1991	民族代码	37	仡佬族	
人口学及社会经济学特征	GB 3304-1991	民族代码	38	锡伯族	
人口学及社会经济学特征	GB 3304-1991	民族代码	39	阿昌族	
人口学及社会经济学特征	GB 3304-1991	民族代码	4	藏族	
人口学及社会经济学特征	GB 3304-1991	民族代码	40	普米族	
人口学及社会经济学特征	GB 3304-1991	民族代码	41	塔吉克族	
人口学及社会经济学特征	GB 3304-1991	民族代码	42	怒族	
人口学及社会经济学特征	GB 3304-1991	民族代码	43	乌孜别克族	
人口学及社会经济学特征	GB 3304-1991	民族代码	44	俄罗斯族	
人口学及社会经济学特征	GB 3304-1991	民族代码	45	鄂温克族	
人口学及社会经济学特征	GB 3304-1991	民族代码	46	德昂族	
人口学及社会经济学特征	GB 3304-1991	民族代码	47	保安族	
人口学及社会经济学特征	GB 3304-1991	民族代码	48	裕固族	
人口学及社会经济学特征	GB 3304-1991	民族代码	49	京族	
人口学及社会经济学特征	GB 3304-1991	民族代码	5	维吾尔族	
人口学及社会经济学特征	GB 3304-1991	民族代码	50	塔塔尔族	
人口学及社会经济学特征	GB 3304-1991	民族代码	51	独龙族	
人口学及社会经济学特征	GB 3304-1991	民族代码	52	鄂伦春族	
人口学及社会经济学特征	GB 3304-1991	民族代码	53	赫哲族	
人口学及社会经济学特征	GB 3304-1991	民族代码	54	门巴族	
人口学及社会经济学特征	GB 3304-1991	民族代码	55	珞巴族	
人口学及社会经济学特征	GB 3304-1991	民族代码	56	基诺族	
人口学及社会经济学特征	GB 3304-1991	民族代码	6	苗族	
人口学及社会经济学特征	GB 3304-1991	民族代码	7	彝族	
人口学及社会经济学特征	GB 3304-1991	民族代码	8	壮族	
人口学及社会经济学特征	GB 3304-1991	民族代码	9	布依族	
人口学及社会经济学特征	GB 3304-1991	民族代码	98	其他民族	
人口学及社会经济学特征	GB 3304-1991	民族代码	99	外籍人士	
人口学及社会经济学特征	WH2260.1.2020	地址类型	111	主城区	
人口学及社会经济学特征	WH2260.1.2020	地址类型	112	城乡结合区	
人口学及社会经济学特征	WH2260.1.2020	地址类型	121	镇中心区	
人口学及社会经济学特征	WH2260.1.2020	地址类型	122	镇乡结合区	
人口学及社会经济学特征	WH2260.1.2020	地址类型	123	特殊区域	
人口学及社会经济学特征	WH2260.1.2020	地址类型	210	乡中心区	
人口学及社会经济学特征	WH2260.1.2020	地址类型	220	村庄	
人口学及社会经济学特征	GB/T 2261.1-2003	人的性别代码	0	未知的性别	
人口学及社会经济学特征	GB/T 2261.1-2003	人的性别代码	1	男性	
人口学及社会经济学特征	GB/T 2261.1-2003	人的性别代码	2	女性	
人口学及社会经济学特征	GB/T 2261.1-2003	人的性别代码	9	未说明的性别	
人口学及社会经济学特征	GB/T 2261.2-2003	婚姻状态代码	10	未婚	
人口学及社会经济学特征	GB/T 2261.2-2003	婚姻状态代码	20	已婚	
人口学及社会经济学特征	GB/T 2261.2-2003	婚姻状态代码	21	初婚	
人口学及社会经济学特征	GB/T 2261.2-2003	婚姻状态代码	22	再婚	
人口学及社会经济学特征	GB/T 2261.2-2003	婚姻状态代码	23	复婚	
人口学及社会经济学特征	GB/T 2261.2-2003	婚姻状态代码	30	丧偶	
人口学及社会经济学特征	GB/T 2261.2-2003	婚姻状态代码	40	离婚	
人口学及社会经济学特征	GB/T 2261.2-2003	婚姻状态代码	90	未说明的婚姻状况	
人口学及社会经济学特征	GB/T 2261.4-2003	从业状况(个人身份)代码	11	国家公务员	
人口学及社会经济学特征	GB/T 2261.4-2003	从业状况(个人身份)代码	13	专业技术人员	
人口学及社会经济学特征	GB/T 2261.4-2003	从业状况(个人身份)代码	17	职员	
人口学及社会经济学特征	GB/T 2261.4-2003	从业状况(个人身份)代码	21	企业管理人员	
人口学及社会经济学特征	GB/T 2261.4-2003	从业状况(个人身份)代码	24	工人	
人口学及社会经济学特征	GB/T 2261.4-2003	从业状况(个人身份)代码	27	农民	
人口学及社会经济学特征	GB/T 2261.4-2003	从业状况(个人身份)代码	31	学生	
人口学及社会经济学特征	GB/T 2261.4-2003	从业状况(个人身份)代码	37	现役军人	
人口学及社会经济学特征	GB/T 2261.4-2003	从业状况(个人身份)代码	51	自由职业者	
人口学及社会经济学特征	GB/T 2261.4-2003	从业状况(个人身份)代码	54	个体经营者	
人口学及社会经济学特征	GB/T 2261.4-2003	从业状况(个人身份)代码	70	无业人员	
人口学及社会经济学特征	GB/T 2261.4-2003	从业状况(个人身份)代码	80	退（离）休人员	
人口学及社会经济学特征	GB/T 2261.4-2003	从业状况(个人身份)代码	90	其他	
人口学及社会经济学特征	GB/T 2659-2000	世界各国和地区名称代码	004	阿富汗	
人口学及社会经济学特征	GB/T 2659-2000	世界各国和地区名称代码	008	阿尔巴尼亚	
人口学及社会经济学特征	GB/T 2659-2000	世界各国和地区名称代码	010	南极洲	
人口学及社会经济学特征	GB/T 2659-2000	世界各国和地区名称代码	012	阿尔及利亚	
人口学及社会经济学特征	GB/T 2659-2000	世界各国和地区名称代码	016	美属萨摩亚	
人口学及社会经济学特征	GB/T 2659-2000	世界各国和地区名称代码	020	安道尔	
人口学及社会经济学特征	GB/T 2659-2000	世界各国和地区名称代码	024	安哥拉	
人口学及社会经济学特征	GB/T 2659-2000	世界各国和地区名称代码	028	安提瓜与巴布达	
人口学及社会经济学特征	GB/T 2659-2000	世界各国和地区名称代码	031	阿塞拜疆	
人口学及社会经济学特征	GB/T 2659-2000	世界各国和地区名称代码	032	阿根廷	
人口学及社会经济学特征	GB/T 2659-2000	世界各国和地区名称代码	036	澳大利亚	
人口学及社会经济学特征	GB/T 2659-2000	世界各国和地区名称代码	040	奥地利	
人口学及社会经济学特征	GB/T 2659-2000	世界各国和地区名称代码	044	巴哈马	
人口学及社会经济学特征	GB/T 2659-2000	世界各国和地区名称代码	048	巴林	
人口学及社会经济学特征	GB/T 2659-2000	世界各国和地区名称代码	050	孟加拉国	
人口学及社会经济学特征	GB/T 2659-2000	世界各国和地区名称代码	051	亚美尼亚	
人口学及社会经济学特征	GB/T 2659-2000	世界各国和地区名称代码	052	巴巴多斯	
人口学及社会经济学特征	GB/T 2659-2000	世界各国和地区名称代码	056	比利时	
人口学及社会经济学特征	GB/T 2659-2000	世界各国和地区名称代码	060	百慕大	
人口学及社会经济学特征	GB/T 2659-2000	世界各国和地区名称代码	064	不丹	
人口学及社会经济学特征	GB/T 2659-2000	世界各国和地区名称代码	068	玻利维亚	
人口学及社会经济学特征	GB/T 2659-2000	世界各国和地区名称代码	070	波黑	
人口学及社会经济学特征	GB/T 2659-2000	世界各国和地区名称代码	072	博茨瓦纳	
人口学及社会经济学特征	GB/T 2659-2000	世界各国和地区名称代码	074	布维岛	
人口学及社会经济学特征	GB/T 2659-2000	世界各国和地区名称代码	076	巴西	
人口学及社会经济学特征	GB/T 2659-2000	世界各国和地区名称代码	084	伯利兹	
人口学及社会经济学特征	GB/T 2659-2000	世界各国和地区名称代码	086	英属印度洋领地	
人口学及社会经济学特征	GB/T 2659-2000	世界各国和地区名称代码	090	所罗门群岛	
人口学及社会经济学特征	GB/T 2659-2000	世界各国和地区名称代码	092	英属维尔京群岛	
人口学及社会经济学特征	GB/T 2659-2000	世界各国和地区名称代码	096	文莱	
人口学及社会经济学特征	GB/T 2659-2000	世界各国和地区名称代码	100	保加利亚	
人口学及社会经济学特征	GB/T 2659-2000	世界各国和地区名称代码	104	缅甸	
人口学及社会经济学特征	GB/T 2659-2000	世界各国和地区名称代码	108	布隆迪	
人口学及社会经济学特征	GB/T 2659-2000	世界各国和地区名称代码	112	白俄罗斯	
人口学及社会经济学特征	GB/T 2659-2000	世界各国和地区名称代码	116	柬埔寨	
人口学及社会经济学特征	GB/T 2659-2000	世界各国和地区名称代码	120	喀麦隆	
人口学及社会经济学特征	GB/T 2659-2000	世界各国和地区名称代码	124	加拿大	
人口学及社会经济学特征	GB/T 2659-2000	世界各国和地区名称代码	132	佛得角	
人口学及社会经济学特征	GB/T 2659-2000	世界各国和地区名称代码	136	开曼群岛	
人口学及社会经济学特征	GB/T 2659-2000	世界各国和地区名称代码	140	中非	
人口学及社会经济学特征	GB/T 2659-2000	世界各国和地区名称代码	144	斯里兰卡	
人口学及社会经济学特征	GB/T 2659-2000	世界各国和地区名称代码	148	乍得	
人口学及社会经济学特征	GB/T 2659-2000	世界各国和地区名称代码	152	智利	
人口学及社会经济学特征	GB/T 2659-2000	世界各国和地区名称代码	156	中国	
人口学及社会经济学特征	GB/T 2659-2000	世界各国和地区名称代码	158	中国台湾	
人口学及社会经济学特征	GB/T 2659-2000	世界各国和地区名称代码	162	圣诞岛	
人口学及社会经济学特征	GB/T 2659-2000	世界各国和地区名称代码	166	科科斯(基林)群岛	
人口学及社会经济学特征	GB/T 2659-2000	世界各国和地区名称代码	170	哥伦比亚	
人口学及社会经济学特征	GB/T 2659-2000	世界各国和地区名称代码	174	科摩罗	
人口学及社会经济学特征	GB/T 2659-2000	世界各国和地区名称代码	175	马约特	
人口学及社会经济学特征	GB/T 2659-2000	世界各国和地区名称代码	178	刚果(布)	
人口学及社会经济学特征	GB/T 2659-2000	世界各国和地区名称代码	180	刚果(金)	
人口学及社会经济学特征	GB/T 2659-2000	世界各国和地区名称代码	184	库克群岛	
人口学及社会经济学特征	GB/T 2659-2000	世界各国和地区名称代码	188	哥斯达黎加	
人口学及社会经济学特征	GB/T 2659-2000	世界各国和地区名称代码	191	克罗地亚	
人口学及社会经济学特征	GB/T 2659-2000	世界各国和地区名称代码	192	古巴	
人口学及社会经济学特征	GB/T 2659-2000	世界各国和地区名称代码	196	塞浦路斯	
人口学及社会经济学特征	GB/T 2659-2000	世界各国和地区名称代码	203	捷克	
人口学及社会经济学特征	GB/T 2659-2000	世界各国和地区名称代码	204	贝宁	
人口学及社会经济学特征	GB/T 2659-2000	世界各国和地区名称代码	208	丹麦	
人口学及社会经济学特征	GB/T 2659-2000	世界各国和地区名称代码	212	多米尼克	
人口学及社会经济学特征	GB/T 2659-2000	世界各国和地区名称代码	214	多米尼加	
人口学及社会经济学特征	GB/T 2659-2000	世界各国和地区名称代码	218	厄瓜多尔	
人口学及社会经济学特征	GB/T 2659-2000	世界各国和地区名称代码	222	萨尔瓦多	
人口学及社会经济学特征	GB/T 2659-2000	世界各国和地区名称代码	226	赤道几内亚	
人口学及社会经济学特征	GB/T 2659-2000	世界各国和地区名称代码	231	埃塞俄比亚	
人口学及社会经济学特征	GB/T 2659-2000	世界各国和地区名称代码	232	厄立特里亚	
人口学及社会经济学特征	GB/T 2659-2000	世界各国和地区名称代码	233	爱沙尼亚	
人口学及社会经济学特征	GB/T 2659-2000	世界各国和地区名称代码	234	法罗群岛	
人口学及社会经济学特征	GB/T 2659-2000	世界各国和地区名称代码	238	福克兰群岛(马尔维纳斯)	
人口学及社会经济学特征	GB/T 2659-2000	世界各国和地区名称代码	239	南乔治亚岛和南桑德韦奇岛	
人口学及社会经济学特征	GB/T 2659-2000	世界各国和地区名称代码	242	斐济	
人口学及社会经济学特征	GB/T 2659-2000	世界各国和地区名称代码	246	芬兰	
人口学及社会经济学特征	GB/T 2659-2000	世界各国和地区名称代码	250	法国	
人口学及社会经济学特征	GB/T 2659-2000	世界各国和地区名称代码	254	法属圭亚那	
人口学及社会经济学特征	GB/T 2659-2000	世界各国和地区名称代码	258	法属波利尼西亚	
人口学及社会经济学特征	GB/T 2659-2000	世界各国和地区名称代码	260	法属南部领地	
人口学及社会经济学特征	GB/T 2659-2000	世界各国和地区名称代码	262	吉布提	
人口学及社会经济学特征	GB/T 2659-2000	世界各国和地区名称代码	266	加蓬	
人口学及社会经济学特征	GB/T 2659-2000	世界各国和地区名称代码	268	格鲁吉亚	
人口学及社会经济学特征	GB/T 2659-2000	世界各国和地区名称代码	270	冈比亚	
人口学及社会经济学特征	GB/T 2659-2000	世界各国和地区名称代码	275	巴勒斯坦	
人口学及社会经济学特征	GB/T 2659-2000	世界各国和地区名称代码	276	德国	
人口学及社会经济学特征	GB/T 2659-2000	世界各国和地区名称代码	288	加纳	
人口学及社会经济学特征	GB/T 2659-2000	世界各国和地区名称代码	292	直布罗陀	
人口学及社会经济学特征	GB/T 2659-2000	世界各国和地区名称代码	296	基里巴斯	
人口学及社会经济学特征	GB/T 2659-2000	世界各国和地区名称代码	300	希腊	
人口学及社会经济学特征	GB/T 2659-2000	世界各国和地区名称代码	304	格陵兰	
人口学及社会经济学特征	GB/T 2659-2000	世界各国和地区名称代码	308	格林纳达	
人口学及社会经济学特征	GB/T 2659-2000	世界各国和地区名称代码	312	瓜德罗普	
人口学及社会经济学特征	GB/T 2659-2000	世界各国和地区名称代码	316	关岛	
人口学及社会经济学特征	GB/T 2659-2000	世界各国和地区名称代码	320	危地马拉	
人口学及社会经济学特征	GB/T 2659-2000	世界各国和地区名称代码	324	几内亚	
人口学及社会经济学特征	GB/T 2659-2000	世界各国和地区名称代码	328	圭亚那	
人口学及社会经济学特征	GB/T 2659-2000	世界各国和地区名称代码	332	海地	
人口学及社会经济学特征	GB/T 2659-2000	世界各国和地区名称代码	334	赫德岛和麦克唐纳岛	
人口学及社会经济学特征	GB/T 2659-2000	世界各国和地区名称代码	336	梵蒂冈	
人口学及社会经济学特征	GB/T 2659-2000	世界各国和地区名称代码	340	洪都拉斯	
人口学及社会经济学特征	GB/T 2659-2000	世界各国和地区名称代码	344	中国香港特别行政区	
人口学及社会经济学特征	GB/T 2659-2000	世界各国和地区名称代码	348	匈牙利	
人口学及社会经济学特征	GB/T 2659-2000	世界各国和地区名称代码	352	冰岛	
人口学及社会经济学特征	GB/T 2659-2000	世界各国和地区名称代码	356	印度	
人口学及社会经济学特征	GB/T 2659-2000	世界各国和地区名称代码	360	印度尼西亚	
人口学及社会经济学特征	GB/T 2659-2000	世界各国和地区名称代码	364	伊朗	
人口学及社会经济学特征	GB/T 2659-2000	世界各国和地区名称代码	368	伊拉克	
人口学及社会经济学特征	GB/T 2659-2000	世界各国和地区名称代码	372	爱尔兰	
人口学及社会经济学特征	GB/T 2659-2000	世界各国和地区名称代码	376	以色列	
人口学及社会经济学特征	GB/T 2659-2000	世界各国和地区名称代码	380	意大利	
人口学及社会经济学特征	GB/T 2659-2000	世界各国和地区名称代码	384	科特迪瓦	
人口学及社会经济学特征	GB/T 2659-2000	世界各国和地区名称代码	388	牙买加	
人口学及社会经济学特征	GB/T 2659-2000	世界各国和地区名称代码	392	日本	
人口学及社会经济学特征	GB/T 2659-2000	世界各国和地区名称代码	398	哈萨克斯坦	
人口学及社会经济学特征	GB/T 2659-2000	世界各国和地区名称代码	400	约旦	
人口学及社会经济学特征	GB/T 2659-2000	世界各国和地区名称代码	404	肯尼亚	
人口学及社会经济学特征	GB/T 2659-2000	世界各国和地区名称代码	408	朝鲜	
人口学及社会经济学特征	GB/T 2659-2000	世界各国和地区名称代码	410	韩国	
人口学及社会经济学特征	GB/T 2659-2000	世界各国和地区名称代码	414	科威特	
人口学及社会经济学特征	GB/T 2659-2000	世界各国和地区名称代码	417	吉尔吉斯斯坦	
人口学及社会经济学特征	GB/T 2659-2000	世界各国和地区名称代码	418	老挝	
人口学及社会经济学特征	GB/T 2659-2000	世界各国和地区名称代码	422	黎巴嫩	
人口学及社会经济学特征	GB/T 2659-2000	世界各国和地区名称代码	426	莱索托	
人口学及社会经济学特征	GB/T 2659-2000	世界各国和地区名称代码	428	拉脱维亚	
人口学及社会经济学特征	GB/T 2659-2000	世界各国和地区名称代码	430	利比里亚	
人口学及社会经济学特征	GB/T 2659-2000	世界各国和地区名称代码	434	利比亚	
人口学及社会经济学特征	GB/T 2659-2000	世界各国和地区名称代码	438	列支敦士登	
人口学及社会经济学特征	GB/T 2659-2000	世界各国和地区名称代码	440	立陶宛	
人口学及社会经济学特征	GB/T 2659-2000	世界各国和地区名称代码	442	卢森堡	
人口学及社会经济学特征	GB/T 2659-2000	世界各国和地区名称代码	446	中国澳门特别行政区	
人口学及社会经济学特征	GB/T 2659-2000	世界各国和地区名称代码	450	马达加斯加	
人口学及社会经济学特征	GB/T 2659-2000	世界各国和地区名称代码	454	马拉维	
人口学及社会经济学特征	GB/T 2659-2000	世界各国和地区名称代码	458	马来西亚	
人口学及社会经济学特征	GB/T 2659-2000	世界各国和地区名称代码	462	马尔代夫	
人口学及社会经济学特征	GB/T 2659-2000	世界各国和地区名称代码	466	马里	
人口学及社会经济学特征	GB/T 2659-2000	世界各国和地区名称代码	470	马耳他	
人口学及社会经济学特征	GB/T 2659-2000	世界各国和地区名称代码	474	马提尼克	
人口学及社会经济学特征	GB/T 2659-2000	世界各国和地区名称代码	478	毛里塔尼亚	
人口学及社会经济学特征	GB/T 2659-2000	世界各国和地区名称代码	480	毛里求斯	
人口学及社会经济学特征	GB/T 2659-2000	世界各国和地区名称代码	484	墨西哥	
人口学及社会经济学特征	GB/T 2659-2000	世界各国和地区名称代码	492	摩纳哥	
人口学及社会经济学特征	GB/T 2659-2000	世界各国和地区名称代码	496	蒙古	
人口学及社会经济学特征	GB/T 2659-2000	世界各国和地区名称代码	498	摩尔多瓦	
人口学及社会经济学特征	GB/T 2659-2000	世界各国和地区名称代码	500	蒙特塞拉特	
人口学及社会经济学特征	GB/T 2659-2000	世界各国和地区名称代码	504	摩洛哥	
人口学及社会经济学特征	GB/T 2659-2000	世界各国和地区名称代码	508	莫桑比克	
人口学及社会经济学特征	GB/T 2659-2000	世界各国和地区名称代码	512	阿曼	
人口学及社会经济学特征	GB/T 2659-2000	世界各国和地区名称代码	516	纳米比亚	
人口学及社会经济学特征	GB/T 2659-2000	世界各国和地区名称代码	520	瑙鲁	
人口学及社会经济学特征	GB/T 2659-2000	世界各国和地区名称代码	524	尼泊尔	
人口学及社会经济学特征	GB/T 2659-2000	世界各国和地区名称代码	528	荷兰	
人口学及社会经济学特征	GB/T 2659-2000	世界各国和地区名称代码	530	荷属安的列斯	
人口学及社会经济学特征	GB/T 2659-2000	世界各国和地区名称代码	533	阿鲁巴	
人口学及社会经济学特征	GB/T 2659-2000	世界各国和地区名称代码	540	新喀里多尼亚	
人口学及社会经济学特征	GB/T 2659-2000	世界各国和地区名称代码	548	瓦努阿图	
人口学及社会经济学特征	GB/T 2659-2000	世界各国和地区名称代码	554	新西兰	
人口学及社会经济学特征	GB/T 2659-2000	世界各国和地区名称代码	558	尼加拉瓜	
人口学及社会经济学特征	GB/T 2659-2000	世界各国和地区名称代码	562	尼日尔	
人口学及社会经济学特征	GB/T 2659-2000	世界各国和地区名称代码	566	尼日利亚	
人口学及社会经济学特征	GB/T 2659-2000	世界各国和地区名称代码	570	纽埃	
人口学及社会经济学特征	GB/T 2659-2000	世界各国和地区名称代码	574	诺福克岛	
人口学及社会经济学特征	GB/T 2659-2000	世界各国和地区名称代码	578	挪威	
人口学及社会经济学特征	GB/T 2659-2000	世界各国和地区名称代码	580	北马里亚纳	
人口学及社会经济学特征	GB/T 2659-2000	世界各国和地区名称代码	581	美国本土外小岛屿	
人口学及社会经济学特征	GB/T 2659-2000	世界各国和地区名称代码	583	密克罗尼西亚联邦	
人口学及社会经济学特征	GB/T 2659-2000	世界各国和地区名称代码	584	马绍尔群岛	
人口学及社会经济学特征	GB/T 2659-2000	世界各国和地区名称代码	585	帕劳	
人口学及社会经济学特征	GB/T 2659-2000	世界各国和地区名称代码	586	巴基斯坦	
人口学及社会经济学特征	GB/T 2659-2000	世界各国和地区名称代码	591	巴拿马	
人口学及社会经济学特征	GB/T 2659-2000	世界各国和地区名称代码	598	巴布亚新几内亚	
人口学及社会经济学特征	GB/T 2659-2000	世界各国和地区名称代码	600	巴拉圭	
人口学及社会经济学特征	GB/T 2659-2000	世界各国和地区名称代码	604	秘鲁	
人口学及社会经济学特征	GB/T 2659-2000	世界各国和地区名称代码	608	菲律宾	
人口学及社会经济学特征	GB/T 2659-2000	世界各国和地区名称代码	612	皮特凯恩	
人口学及社会经济学特征	GB/T 2659-2000	世界各国和地区名称代码	616	波兰	
人口学及社会经济学特征	GB/T 2659-2000	世界各国和地区名称代码	620	葡萄牙	
人口学及社会经济学特征	GB/T 2659-2000	世界各国和地区名称代码	624	几内亚比绍	
人口学及社会经济学特征	GB/T 2659-2000	世界各国和地区名称代码	626	东帝汉	
人口学及社会经济学特征	GB/T 2659-2000	世界各国和地区名称代码	630	波多黎各	
人口学及社会经济学特征	GB/T 2659-2000	世界各国和地区名称代码	634	卡塔尔	
人口学及社会经济学特征	GB/T 2659-2000	世界各国和地区名称代码	638	留尼汪	
人口学及社会经济学特征	GB/T 2659-2000	世界各国和地区名称代码	642	罗马尼亚	
人口学及社会经济学特征	GB/T 2659-2000	世界各国和地区名称代码	643	俄罗斯联邦	
人口学及社会经济学特征	GB/T 2659-2000	世界各国和地区名称代码	646	卢旺达	
人口学及社会经济学特征	GB/T 2659-2000	世界各国和地区名称代码	654	圣赫勒拿	
人口学及社会经济学特征	GB/T 2659-2000	世界各国和地区名称代码	659	圣基茨和尼维斯	
人口学及社会经济学特征	GB/T 2659-2000	世界各国和地区名称代码	660	安圭拉	
人口学及社会经济学特征	GB/T 2659-2000	世界各国和地区名称代码	662	圣卢西亚	
人口学及社会经济学特征	GB/T 2659-2000	世界各国和地区名称代码	666	圣皮埃尔和密克隆	
人口学及社会经济学特征	GB/T 2659-2000	世界各国和地区名称代码	670	圣文森特和格林纳丁斯	
人口学及社会经济学特征	GB/T 2659-2000	世界各国和地区名称代码	674	圣马力诺	
人口学及社会经济学特征	GB/T 2659-2000	世界各国和地区名称代码	678	圣多美和普林西比	
人口学及社会经济学特征	GB/T 2659-2000	世界各国和地区名称代码	682	沙特阿拉伯	
人口学及社会经济学特征	GB/T 2659-2000	世界各国和地区名称代码	686	塞内加尔	
人口学及社会经济学特征	GB/T 2659-2000	世界各国和地区名称代码	690	塞舌尔	
人口学及社会经济学特征	GB/T 2659-2000	世界各国和地区名称代码	694	塞拉利昂	
人口学及社会经济学特征	GB/T 2659-2000	世界各国和地区名称代码	702	新加坡	
人口学及社会经济学特征	GB/T 2659-2000	世界各国和地区名称代码	703	斯洛伐克	
人口学及社会经济学特征	GB/T 2659-2000	世界各国和地区名称代码	704	越南	
人口学及社会经济学特征	GB/T 2659-2000	世界各国和地区名称代码	705	斯洛文尼亚	
人口学及社会经济学特征	GB/T 2659-2000	世界各国和地区名称代码	706	索马里	
人口学及社会经济学特征	GB/T 2659-2000	世界各国和地区名称代码	710	南非	
人口学及社会经济学特征	GB/T 2659-2000	世界各国和地区名称代码	716	津巴布韦	
人口学及社会经济学特征	GB/T 2659-2000	世界各国和地区名称代码	724	西班牙	
人口学及社会经济学特征	GB/T 2659-2000	世界各国和地区名称代码	732	西撒哈拉	
人口学及社会经济学特征	GB/T 2659-2000	世界各国和地区名称代码	736	苏丹	
人口学及社会经济学特征	GB/T 2659-2000	世界各国和地区名称代码	740	苏里南	
人口学及社会经济学特征	GB/T 2659-2000	世界各国和地区名称代码	744	斯瓦尔巴岛和扬马延岛	
人口学及社会经济学特征	GB/T 2659-2000	世界各国和地区名称代码	748	斯威士兰	
人口学及社会经济学特征	GB/T 2659-2000	世界各国和地区名称代码	752	瑞典	
人口学及社会经济学特征	GB/T 2659-2000	世界各国和地区名称代码	756	瑞士	
人口学及社会经济学特征	GB/T 2659-2000	世界各国和地区名称代码	760	叙利亚	
人口学及社会经济学特征	GB/T 2659-2000	世界各国和地区名称代码	762	塔吉克斯坦	
人口学及社会经济学特征	GB/T 2659-2000	世界各国和地区名称代码	764	泰国	
人口学及社会经济学特征	GB/T 2659-2000	世界各国和地区名称代码	768	多哥	
人口学及社会经济学特征	GB/T 2659-2000	世界各国和地区名称代码	772	托克劳	
人口学及社会经济学特征	GB/T 2659-2000	世界各国和地区名称代码	776	汤加	
人口学及社会经济学特征	GB/T 2659-2000	世界各国和地区名称代码	780	特立尼达和多巴哥	
人口学及社会经济学特征	GB/T 2659-2000	世界各国和地区名称代码	784	阿联酋	
人口学及社会经济学特征	GB/T 2659-2000	世界各国和地区名称代码	788	突尼斯	
人口学及社会经济学特征	GB/T 2659-2000	世界各国和地区名称代码	792	土耳其	
人口学及社会经济学特征	GB/T 2659-2000	世界各国和地区名称代码	795	土库曼斯坦	
人口学及社会经济学特征	GB/T 2659-2000	世界各国和地区名称代码	796	特克斯和凯科斯群岛	
人口学及社会经济学特征	GB/T 2659-2000	世界各国和地区名称代码	798	图瓦卢	
人口学及社会经济学特征	GB/T 2659-2000	世界各国和地区名称代码	800	乌干达	
人口学及社会经济学特征	GB/T 2659-2000	世界各国和地区名称代码	804	乌克兰	
人口学及社会经济学特征	GB/T 2659-2000	世界各国和地区名称代码	807	前南马其顿	
人口学及社会经济学特征	GB/T 2659-2000	世界各国和地区名称代码	818	埃及	
人口学及社会经济学特征	GB/T 2659-2000	世界各国和地区名称代码	826	英国	
人口学及社会经济学特征	GB/T 2659-2000	世界各国和地区名称代码	834	坦桑尼亚	
人口学及社会经济学特征	GB/T 2659-2000	世界各国和地区名称代码	840	美国	
人口学及社会经济学特征	GB/T 2659-2000	世界各国和地区名称代码	850	美属维尔京群岛	
人口学及社会经济学特征	GB/T 2659-2000	世界各国和地区名称代码	854	布基纳法索	
人口学及社会经济学特征	GB/T 2659-2000	世界各国和地区名称代码	858	乌拉圭	
人口学及社会经济学特征	GB/T 2659-2000	世界各国和地区名称代码	860	乌兹别克斯坦	
人口学及社会经济学特征	GB/T 2659-2000	世界各国和地区名称代码	862	委内瑞拉	
人口学及社会经济学特征	GB/T 2659-2000	世界各国和地区名称代码	876	瓦利斯和富图纳	
人口学及社会经济学特征	GB/T 2659-2000	世界各国和地区名称代码	882	萨摩亚	
人口学及社会经济学特征	GB/T 2659-2000	世界各国和地区名称代码	887	也门	
人口学及社会经济学特征	GB/T 2659-2000	世界各国和地区名称代码	891	南斯拉夫	
人口学及社会经济学特征	GB/T 2659-2000	世界各国和地区名称代码	894	赞比亚	
人口学及社会经济学特征	GB/T 4658-2006	学历代码	10	研究生教育	
人口学及社会经济学特征	GB/T 4658-2006	学历代码	11	博士研究生毕业	
人口学及社会经济学特征	GB/T 4658-2006	学历代码	12	博士研究生结业	
人口学及社会经济学特征	GB/T 4658-2006	学历代码	13	博士研究生肄业	
人口学及社会经济学特征	GB/T 4658-2006	学历代码	14	硕士研究生毕业	
人口学及社会经济学特征	GB/T 4658-2006	学历代码	15	硕士研究生结业	
人口学及社会经济学特征	GB/T 4658-2006	学历代码	16	硕士研究生肄业	
人口学及社会经济学特征	GB/T 4658-2006	学历代码	17	研究生班毕业	
人口学及社会经济学特征	GB/T 4658-2006	学历代码	18	研究生班结业	
人口学及社会经济学特征	GB/T 4658-2006	学历代码	19	研究生班肄业	
人口学及社会经济学特征	GB/T 4658-2006	学历代码	20	大学本科	
人口学及社会经济学特征	GB/T 4658-2006	学历代码	21	大学本科毕业	
人口学及社会经济学特征	GB/T 4658-2006	学历代码	22	大学本科结业	
人口学及社会经济学特征	GB/T 4658-2006	学历代码	23	大学本科肄业	
人口学及社会经济学特征	GB/T 4658-2006	学历代码	28	大学普通班毕业	
人口学及社会经济学特征	GB/T 4658-2006	学历代码	30	专科教育	
人口学及社会经济学特征	GB/T 4658-2006	学历代码	31	大学专科毕业	
人口学及社会经济学特征	GB/T 4658-2006	学历代码	32	大学专科结业	
人口学及社会经济学特征	GB/T 4658-2006	学历代码	33	大学专科肄业	
人口学及社会经济学特征	GB/T 4658-2006	学历代码	40	中等职业教育	
人口学及社会经济学特征	GB/T 4658-2006	学历代码	41	中等专科毕业	
人口学及社会经济学特征	GB/T 4658-2006	学历代码	42	中等专科结业	
人口学及社会经济学特征	GB/T 4658-2006	学历代码	43	中等专科肄业	
人口学及社会经济学特征	GB/T 4658-2006	学历代码	44	职业高中毕业	
人口学及社会经济学特征	GB/T 4658-2006	学历代码	45	职业高中结业	
人口学及社会经济学特征	GB/T 4658-2006	学历代码	46	职业高中肄业	
人口学及社会经济学特征	GB/T 4658-2006	学历代码	47	技工学校毕业	
人口学及社会经济学特征	GB/T 4658-2006	学历代码	48	技工学校结业	
人口学及社会经济学特征	GB/T 4658-2006	学历代码	49	技工学校肄业	
人口学及社会经济学特征	GB/T 4658-2006	学历代码	60	普通高等中学教育	
人口学及社会经济学特征	GB/T 4658-2006	学历代码	61	普通高中毕业	
人口学及社会经济学特征	GB/T 4658-2006	学历代码	62	普通高中结业	
人口学及社会经济学特征	GB/T 4658-2006	学历代码	63	普通高中肄业	
人口学及社会经济学特征	GB/T 4658-2006	学历代码	70	初等中学教育	
人口学及社会经济学特征	GB/T 4658-2006	学历代码	71	初中毕业	
人口学及社会经济学特征	GB/T 4658-2006	学历代码	72	初中肄业	
人口学及社会经济学特征	GB/T 4658-2006	学历代码	80	小学教育	
人口学及社会经济学特征	GB/T 4658-2006	学历代码	81	小学毕业	
人口学及社会经济学特征	GB/T 4658-2006	学历代码	82	小学肄业	
人口学及社会经济学特征	GB/T 4658-2006	学历代码	90	其他	
人口学及社会经济学特征	GB/T 4754-2017	国民经济行业分类	A	农、林、牧、渔业	本门类包括01～05大类
人口学及社会经济学特征	GB/T 4754-2017	国民经济行业分类	A1	农业	指对各种农作物的种植
人口学及社会经济学特征	GB/T 4754-2017	国民经济行业分类	A11	谷物种植	指以收获籽实为主的农作物的种植，包括稻谷、小麦、玉米等农作物的种植和作为饲料和工业原料的谷物的种植
人口学及社会经济学特征	GB/T 4754-2017	国民经济行业分类	A111	稻谷种植	
人口学及社会经济学特征	GB/T 4754-2017	国民经济行业分类	A112	小麦种植	
人口学及社会经济学特征	GB/T 4754-2017	国民经济行业分类	A113	玉米种植	
人口学及社会经济学特征	GB/T 4754-2017	国民经济行业分类	A119	其他谷物种植	
人口学及社会经济学特征	GB/T 4754-2017	国民经济行业分类	A12	豆类、油料和薯类种植	
人口学及社会经济学特征	GB/T 4754-2017	国民经济行业分类	A121	豆类种植	
人口学及社会经济学特征	GB/T 4754-2017	国民经济行业分类	A122	油料种植	
人口学及社会经济学特征	GB/T 4754-2017	国民经济行业分类	A123	薯类种植	
人口学及社会经济学特征	GB/T 4754-2017	国民经济行业分类	A13	棉、麻、糖、烟草种植	
人口学及社会经济学特征	GB/T 4754-2017	国民经济行业分类	A131	棉花种植	
人口学及社会经济学特征	GB/T 4754-2017	国民经济行业分类	A132	麻类种植	
人口学及社会经济学特征	GB/T 4754-2017	国民经济行业分类	A133	糖料种植	指用于制糖的甘蔗和甜菜的种植
人口学及社会经济学特征	GB/T 4754-2017	国民经济行业分类	A134	烟草种植	
人口学及社会经济学特征	GB/T 4754-2017	国民经济行业分类	A14	蔬菜、食用菌及园艺作物种植	
人口学及社会经济学特征	GB/T 4754-2017	国民经济行业分类	A141	蔬菜种植	
人口学及社会经济学特征	GB/T 4754-2017	国民经济行业分类	A142	食用菌种植	
人口学及社会经济学特征	GB/T 4754-2017	国民经济行业分类	A143	花卉种植	
人口学及社会经济学特征	GB/T 4754-2017	国民经济行业分类	A149	其他园艺作物种植	
人口学及社会经济学特征	GB/T 4754-2017	国民经济行业分类	A15	水果种植	
人口学及社会经济学特征	GB/T 4754-2017	国民经济行业分类	A151	仁果类和核果类水果种植	指苹果、梨、桃、杏、李子等水果种植
人口学及社会经济学特征	GB/T 4754-2017	国民经济行业分类	A152	葡萄种植	
人口学及社会经济学特征	GB/T 4754-2017	国民经济行业分类	A153	柑橘类种植	
人口学及社会经济学特征	GB/T 4754-2017	国民经济行业分类	A154	香蕉等亚热带水果种植	指香蕉、菠萝、芒果等亚热带水果种植
人口学及社会经济学特征	GB/T 4754-2017	国民经济行业分类	A159	其他水果种植	
人口学及社会经济学特征	GB/T 4754-2017	国民经济行业分类	A16	坚果、含油果、香料和饮料作物种植	
人口学及社会经济学特征	GB/T 4754-2017	国民经济行业分类	A161	坚果种植	
人口学及社会经济学特征	GB/T 4754-2017	国民经济行业分类	A162	含油果种植	指油茶、橄榄、油棕榈、油桐籽、椰子等种植
人口学及社会经济学特征	GB/T 4754-2017	国民经济行业分类	A163	香料作物种植	
人口学及社会经济学特征	GB/T 4754-2017	国民经济行业分类	A164	茶叶种植	
人口学及社会经济学特征	GB/T 4754-2017	国民经济行业分类	A169	其他饮料作物种植	
人口学及社会经济学特征	GB/T 4754-2017	国民经济行业分类	A17	中药材种植	指主要用于中药配制以及中成药加工的药材作物的种植
人口学及社会经济学特征	GB/T 4754-2017	国民经济行业分类	A171	中草药种植	指主要用于中药配制以及中成药加工的各种中草药材作物的种植
人口学及社会经济学特征	GB/T 4754-2017	国民经济行业分类	A179	其他中药材种植	
人口学及社会经济学特征	GB/T 4754-2017	国民经济行业分类	A18	草种植及割草	
人口学及社会经济学特征	GB/T 4754-2017	国民经济行业分类	A181	草种植	指人工种植收获牧草
人口学及社会经济学特征	GB/T 4754-2017	国民经济行业分类	A182	天然草原割草	指天然草原刈割收获牧草
人口学及社会经济学特征	GB/T 4754-2017	国民经济行业分类	A19190	其他农业	
人口学及社会经济学特征	GB/T 4754-2017	国民经济行业分类	A2	林业	
人口学及社会经济学特征	GB/T 4754-2017	国民经济行业分类	A21	林木育种和育苗	
人口学及社会经济学特征	GB/T 4754-2017	国民经济行业分类	A211	林木育种	指应用遗传学原理选育、繁殖林木良种和繁殖林木新品种核心的栽植材料的林木遗传改良活动
人口学及社会经济学特征	GB/T 4754-2017	国民经济行业分类	A212	林木育苗	指通过人为活动将种子、穗条或植物其他组织培育成苗木的活动
人口学及社会经济学特征	GB/T 4754-2017	国民经济行业分类	A22220	造林和更新	指在宜林荒山荒地荒沙、采伐迹地、火烧迹地、疏林地、灌木林地等一切可造林的土地上通过人工造林、人工更新、封山育林、飞播造林等方式培育和恢复森林的活动
人口学及社会经济学特征	GB/T 4754-2017	国民经济行业分类	A23	森林经营、管护和改培	
人口学及社会经济学特征	GB/T 4754-2017	国民经济行业分类	A231	森林经营和管护	指为促进林木生长发育，在林木生长的不同时期进行的促进林木生长发育的活动
人口学及社会经济学特征	GB/T 4754-2017	国民经济行业分类	A232	森林改培	指为调整林分结构和树种组成，形成密度合理、物种丰富、功能完备的优质、高产、高效林而采取林分抚育、补植、补播等人工措施的活动
人口学及社会经济学特征	GB/T 4754-2017	国民经济行业分类	A24	木材和竹材采运	指对林木和竹木的采伐，并将其运出山场至贮木场的生产活动
人口学及社会经济学特征	GB/T 4754-2017	国民经济行业分类	A241	木材采运	
人口学及社会经济学特征	GB/T 4754-2017	国民经济行业分类	A242	竹材采运	
人口学及社会经济学特征	GB/T 4754-2017	国民经济行业分类	A25	林产品采集	指在天然林地和人工林地进行的各种林木产品和其他野生植物的采集等活动
人口学及社会经济学特征	GB/T 4754-2017	国民经济行业分类	A251	木竹材林产品采集	
人口学及社会经济学特征	GB/T 4754-2017	国民经济行业分类	A252	非木竹材林产品采集	指在天然林地和人工林地进行的除木材、竹材产品外的其他各种林产品的采集活动
人口学及社会经济学特征	GB/T 4754-2017	国民经济行业分类	A3	畜牧业	指为了获得各种畜禽产品而从事的动物饲养、捕捉活动
人口学及社会经济学特征	GB/T 4754-2017	国民经济行业分类	A31	牲畜饲养	
人口学及社会经济学特征	GB/T 4754-2017	国民经济行业分类	A311	牛的饲养	
人口学及社会经济学特征	GB/T 4754-2017	国民经济行业分类	A312	马的饲养	
人口学及社会经济学特征	GB/T 4754-2017	国民经济行业分类	A313	猪的饲养	
人口学及社会经济学特征	GB/T 4754-2017	国民经济行业分类	A314	羊的饲养	
人口学及社会经济学特征	GB/T 4754-2017	国民经济行业分类	A315	骆驼饲养	
人口学及社会经济学特征	GB/T 4754-2017	国民经济行业分类	A319	其他牲畜饲养	
人口学及社会经济学特征	GB/T 4754-2017	国民经济行业分类	A32	家禽饲养	
人口学及社会经济学特征	GB/T 4754-2017	国民经济行业分类	A321	鸡的饲养	
人口学及社会经济学特征	GB/T 4754-2017	国民经济行业分类	A322	鸭的饲养	
人口学及社会经济学特征	GB/T 4754-2017	国民经济行业分类	A323	鹅的饲养	
人口学及社会经济学特征	GB/T 4754-2017	国民经济行业分类	A329	其他家禽饲养	
人口学及社会经济学特征	GB/T 4754-2017	国民经济行业分类	A33330	狩猎和捕捉动物	指对各种野生动物的捕捉以及与此相关的活动
人口学及社会经济学特征	GB/T 4754-2017	国民经济行业分类	A39	其他畜牧业	
人口学及社会经济学特征	GB/T 4754-2017	国民经济行业分类	A391	兔的饲养	
人口学及社会经济学特征	GB/T 4754-2017	国民经济行业分类	A392	蜜蜂饲养	
人口学及社会经济学特征	GB/T 4754-2017	国民经济行业分类	A399	其他未列明畜牧业	
人口学及社会经济学特征	GB/T 4754-2017	国民经济行业分类	A4	渔业	
人口学及社会经济学特征	GB/T 4754-2017	国民经济行业分类	A41	水产养殖	
人口学及社会经济学特征	GB/T 4754-2017	国民经济行业分类	A411	海水养殖	指利用海水对各种水生动植物的养殖
人口学及社会经济学特征	GB/T 4754-2017	国民经济行业分类	A412	内陆养殖	指在内陆水域进行的各种水生动植物的养殖
人口学及社会经济学特征	GB/T 4754-2017	国民经济行业分类	A42	水产捕捞	
人口学及社会经济学特征	GB/T 4754-2017	国民经济行业分类	A421	海水捕捞	指在海洋中对各种天然水生动植物的捕捞
人口学及社会经济学特征	GB/T 4754-2017	国民经济行业分类	A422	内陆捕捞	指在内陆水域对各种天然水生动植物的捕捞
人口学及社会经济学特征	GB/T 4754-2017	国民经济行业分类	A5	农、林、牧、渔专业及辅助性活动	
人口学及社会经济学特征	GB/T 4754-2017	国民经济行业分类	A51	农业专业及辅助性活动	指对农业提供的各种专业及辅助性生产活动，不包括各种科学技术和专业技术服务
人口学及社会经济学特征	GB/T 4754-2017	国民经济行业分类	A511	种子种苗培育活动	
人口学及社会经济学特征	GB/T 4754-2017	国民经济行业分类	A512	农业机械活动	指为农业生产提供农业机械并配备操作人员的活动
人口学及社会经济学特征	GB/T 4754-2017	国民经济行业分类	A513	灌溉活动	指对农业生产灌溉排水系统的经营与管理
人口学及社会经济学特征	GB/T 4754-2017	国民经济行业分类	A514	农产品初加工活动	指对各种农产品（包括天然橡胶、纺织纤维原料）进行脱水、凝固、打蜡、去籽、净化、分类、晒干、剥皮、初烤、沤软或大批包装以提供初级市场的服务，以及其他农产品的初加工；其中棉花等纺织纤维原料加工指对棉纤维、短绒剥离后的棉籽以及棉花秸秆、铃壳等副产品的综合加工和利用活动
人口学及社会经济学特征	GB/T 4754-2017	国民经济行业分类	A515	农作物病虫害防治活动	指从事农作物重大病虫害防治等活动
人口学及社会经济学特征	GB/T 4754-2017	国民经济行业分类	A519	其他农业专业及辅助性活动	指代耕代种代收、大田托管等其他农业活动
人口学及社会经济学特征	GB/T 4754-2017	国民经济行业分类	A52	林业专业及辅助性活动	指为林业生产提供的林业有害生物防治、林地防火等各种辅助性活动
人口学及社会经济学特征	GB/T 4754-2017	国民经济行业分类	A521	林业有害生物防治活动	
人口学及社会经济学特征	GB/T 4754-2017	国民经济行业分类	A522	森林防火活动	
人口学及社会经济学特征	GB/T 4754-2017	国民经济行业分类	A523	林产品初级加工活动	指对各种林产品进行去皮、打枝或去料、净化、初包装提供至贮木场或初级加工活动
人口学及社会经济学特征	GB/T 4754-2017	国民经济行业分类	A529	其他林业专业及辅助性活动	
人口学及社会经济学特征	GB/T 4754-2017	国民经济行业分类	A53	畜牧专业及辅助性活动	指提供牲畜繁殖、圈舍清理、畜产品生产、初级加工、动物免疫接种、标识佩戴和动物诊疗等活动
人口学及社会经济学特征	GB/T 4754-2017	国民经济行业分类	A531	畜牧良种繁殖活动	
人口学及社会经济学特征	GB/T 4754-2017	国民经济行业分类	A532	畜禽粪污处理活动	
人口学及社会经济学特征	GB/T 4754-2017	国民经济行业分类	A539	其他畜牧专业及辅助性活动	
人口学及社会经济学特征	GB/T 4754-2017	国民经济行业分类	A54	渔业专业及辅助性活动	指对渔业生产提供的各种活动，包括鱼苗及鱼种场、水产良种场和水产增殖场等活动
人口学及社会经济学特征	GB/T 4754-2017	国民经济行业分类	A541	鱼苗及鱼种场活动	
人口学及社会经济学特征	GB/T 4754-2017	国民经济行业分类	A549	其他渔业专业及辅助性活动	
人口学及社会经济学特征	GB/T 4754-2017	国民经济行业分类	B	采矿业	本类包括06～12大类，采矿业指对固体（如煤和矿物）、液体（如原油）或气体（如天然气）等自然产生的矿物的采掘；包括地下或地上采掘、矿井的运行，以及一般在矿址或矿址附近从事的旨在加工原材料的所有辅助性工作，例如碾磨、选矿和处理，均属本类活动；还包括使原料得以销售所需的准备工作；不包括水的蓄集、净化和分配，以及地质勘查、建筑工程活动
人口学及社会经济学特征	GB/T 4754-2017	国民经济行业分类	B10	非金属矿采选业	
人口学及社会经济学特征	GB/T 4754-2017	国民经济行业分类	B101	土砂石开采	
人口学及社会经济学特征	GB/T 4754-2017	国民经济行业分类	B1011	石灰石、石膏开采	指对石灰、石膏，以及石灰石助熔剂的开采
人口学及社会经济学特征	GB/T 4754-2017	国民经济行业分类	B1012	建筑装饰用石开采	指通常在采石场切制加工各种纪念碑及建筑用石料的活动
人口学及社会经济学特征	GB/T 4754-2017	国民经济行业分类	B1013	耐火土石开采	
人口学及社会经济学特征	GB/T 4754-2017	国民经济行业分类	B1019	粘土及其他土砂石开采	指用于建筑、陶瓷等方面的粘土开采，以及用于铺路和建筑材料的石料、石渣、砂的开采
人口学及社会经济学特征	GB/T 4754-2017	国民经济行业分类	B1021020	化学矿开采	指对化学矿和肥料矿物的开采，包括海底化学矿开采
人口学及社会经济学特征	GB/T 4754-2017	国民经济行业分类	B1031030	采盐	指通过以海水（含沿海浅层地下卤水）为原料晒制，或以钻井汲取地下卤水，或注水溶解地下岩盐为原料，经真空蒸发干燥，以及从盐湖中采掘制成的以氯化钠为主要成分的盐产品的开采、粉碎和筛选
人口学及社会经济学特征	GB/T 4754-2017	国民经济行业分类	B109	石棉及其他非金属矿采选	指对石棉、石墨、贵重宝石、金刚石、天然磨料及其他矿石的开采
人口学及社会经济学特征	GB/T 4754-2017	国民经济行业分类	B1091	石棉、云母矿采选	
人口学及社会经济学特征	GB/T 4754-2017	国民经济行业分类	B1092	石墨、滑石采选	指对天然石墨、滑石的开采
人口学及社会经济学特征	GB/T 4754-2017	国民经济行业分类	B1093	宝石、玉石采选	指对贵重宝石、玉石、彩石的开采
人口学及社会经济学特征	GB/T 4754-2017	国民经济行业分类	B1099	其他未列明非金属矿采选	
人口学及社会经济学特征	GB/T 4754-2017	国民经济行业分类	B11	开采专业及辅助性活动	指为煤炭、石油和天然气等矿物开采提供的活动
人口学及社会经济学特征	GB/T 4754-2017	国民经济行业分类	B1111110	煤炭开采和洗选专业及辅助性活动	
人口学及社会经济学特征	GB/T 4754-2017	国民经济行业分类	B1121120	石油和天然气开采专业及辅助性活动	
人口学及社会经济学特征	GB/T 4754-2017	国民经济行业分类	B1191190	其他开采专业及辅助性活动	
人口学及社会经济学特征	GB/T 4754-2017	国民经济行业分类	B12	其他采矿业	
人口学及社会经济学特征	GB/T 4754-2017	国民经济行业分类	B1201200	其他采矿业	指对地热资源、矿泉水资源以及其他未列明的自然资源的开采，但不包括利用这些资源建立的热电厂和矿泉水厂的活动
人口学及社会经济学特征	GB/T 4754-2017	国民经济行业分类	B6	煤炭开采和洗选业	指对各种煤炭的开采、洗选、分级等生产活动；不包括煤制品的生产和煤炭勘探活动
人口学及社会经济学特征	GB/T 4754-2017	国民经济行业分类	B61610	烟煤和无烟煤开采洗选	指对地下或露天烟煤、无烟煤的开采，以及对采出的烟煤、无烟煤及其他硬煤进行洗选、分级等提高质量的活动
人口学及社会经济学特征	GB/T 4754-2017	国民经济行业分类	B62620	褐煤开采洗选	指对褐煤——煤化程度较低的一种燃料的地下或露天开采，以及对采出的褐煤进行洗选、分级等提高质量的活动
人口学及社会经济学特征	GB/T 4754-2017	国民经济行业分类	B69690	其他煤炭采选	指对生长在古生代地层中的含碳量低、灰分高的煤炭资源（如石煤、泥炭）的开采
人口学及社会经济学特征	GB/T 4754-2017	国民经济行业分类	B7	石油和天然气开采业	指在陆地或海洋，对天然原油、液态或气态天然气的开采，对煤矿瓦斯气（煤层气）的开采；为运输目的所进行的天然气液化和从天然气田气体中生产液化烃的活动，还包括对含沥青的页岩或油母页岩矿的开采，以及对焦油沙矿进行的同类作业
人口学及社会经济学特征	GB/T 4754-2017	国民经济行业分类	B71	石油开采	
人口学及社会经济学特征	GB/T 4754-2017	国民经济行业分类	B711	陆地石油开采	
人口学及社会经济学特征	GB/T 4754-2017	国民经济行业分类	B712	海洋石油开采	
人口学及社会经济学特征	GB/T 4754-2017	国民经济行业分类	B72	天然气开采	
人口学及社会经济学特征	GB/T 4754-2017	国民经济行业分类	B721	陆地天然气开采	
人口学及社会经济学特征	GB/T 4754-2017	国民经济行业分类	B722	海洋天然气及可燃冰开采	
人口学及社会经济学特征	GB/T 4754-2017	国民经济行业分类	B8	黑色金属矿采选业	
人口学及社会经济学特征	GB/T 4754-2017	国民经济行业分类	B81810	铁矿采选	指对铁矿石的采矿、选矿活动
人口学及社会经济学特征	GB/T 4754-2017	国民经济行业分类	B82820	锰矿、铬矿采选	
人口学及社会经济学特征	GB/T 4754-2017	国民经济行业分类	B89890	其他黑色金属矿采选	指对钒矿等钢铁工业黑色金属辅助原料矿的采矿、选矿活动
人口学及社会经济学特征	GB/T 4754-2017	国民经济行业分类	B9	有色金属矿采选业	指对常用有色金属矿、贵金属矿，以及稀有稀土金属矿的开采、选矿活动，包括深海有色金属矿开采
人口学及社会经济学特征	GB/T 4754-2017	国民经济行业分类	B91	常用有色金属矿采选	指对铜、铅锌、镍钴、锡、锑、铝、镁、汞、镉、铋等常用有色金属矿的采选
人口学及社会经济学特征	GB/T 4754-2017	国民经济行业分类	B911	铜矿采选	
人口学及社会经济学特征	GB/T 4754-2017	国民经济行业分类	B912	铅锌矿采选	
人口学及社会经济学特征	GB/T 4754-2017	国民经济行业分类	B913	镍钴矿采选	
人口学及社会经济学特征	GB/T 4754-2017	国民经济行业分类	B914	锡矿采选	
人口学及社会经济学特征	GB/T 4754-2017	国民经济行业分类	B915	锑矿采选	
人口学及社会经济学特征	GB/T 4754-2017	国民经济行业分类	B916	铝矿采选	
人口学及社会经济学特征	GB/T 4754-2017	国民经济行业分类	B917	镁矿采选	
人口学及社会经济学特征	GB/T 4754-2017	国民经济行业分类	B919	其他常用有色金属矿采选	
人口学及社会经济学特征	GB/T 4754-2017	国民经济行业分类	B92	贵金属矿采选	指对在地壳中含量极少的金、银和铂族元素（铂、铱、锇、钌、钯、铑）矿的采选
人口学及社会经济学特征	GB/T 4754-2017	国民经济行业分类	B921	金矿采选	
人口学及社会经济学特征	GB/T 4754-2017	国民经济行业分类	B922	银矿采选	
人口学及社会经济学特征	GB/T 4754-2017	国民经济行业分类	B929	其他贵金属矿采选	
人口学及社会经济学特征	GB/T 4754-2017	国民经济行业分类	B93	稀有稀土金属矿采选	指对在自然界中含量较小，分布稀散或难以从原料中提取，以及研究和使用较晚的金属矿开采、精选
人口学及社会经济学特征	GB/T 4754-2017	国民经济行业分类	B931	钨钼矿采选	
人口学及社会经济学特征	GB/T 4754-2017	国民经济行业分类	B932	稀土金属矿采选	指镧系金属及与镧系金属性质相近的金属矿的采选
人口学及社会经济学特征	GB/T 4754-2017	国民经济行业分类	B933	放射性金属矿采选	指对主要含钍和铀的矿石开采，以及对这类矿石的精选
人口学及社会经济学特征	GB/T 4754-2017	国民经济行业分类	B939	其他稀有金属矿采选	指对稀有轻金属矿、稀有高熔点金属矿、稀散金属矿采选活动，以及其他稀有金属矿的采选
人口学及社会经济学特征	GB/T 4754-2017	国民经济行业分类	C	制造业	本门类包括13～43大类，指经物理变化或化学变化后成为新的产品，不论是动力机械制造或手工制作，也不论产品是批发销售或零售，均视为制造；建筑物中的各种制成品、零部件的生产应视为制造，但在建筑预制品工地，把主要部件组装成桥梁、仓库设备、铁路与高架公路、升降机与电梯、管道设备、喷水设备、暖气设备、通风设备与空调设备，照明与安装电线等组装活动，以及建筑物的装置，均列为建筑活动；本门类包括机电产品的再制造，指将废旧汽车零部件、工程机械、机床等进行专业化修复的批量化生产过程，再制造的产品达到与原有新产品相同的质量和性能
人口学及社会经济学特征	GB/T 4754-2017	国民经济行业分类	C13	农副食品加工业	指直接以农、林、牧、渔业产品为原料进行的谷物磨制、饲料加工、植物油和制糖加工、屠宰及肉类加工、水产品加工，以及蔬菜、水果和坚果等食品的加工
人口学及社会经济学特征	GB/T 4754-2017	国民经济行业分类	C131	谷物磨制	也称粮食加工，指将稻谷、小麦、玉米、谷子、高粱等谷物去壳、碾磨，加工为成品粮的生产活动
人口学及社会经济学特征	GB/T 4754-2017	国民经济行业分类	C1311	稻谷加工	指将稻谷去壳、碾磨成大米的生产活动
人口学及社会经济学特征	GB/T 4754-2017	国民经济行业分类	C1312	小麦加工	指将小麦碾磨成小麦粉的生产活动
人口学及社会经济学特征	GB/T 4754-2017	国民经济行业分类	C1313	玉米加工	指将玉米碾碎或碾磨成玉米碴或玉米粉的生产活动，不含以玉米为原料的饲料加工、淀粉及淀粉制品制造、酒精制造等
人口学及社会经济学特征	GB/T 4754-2017	国民经济行业分类	C1314	杂粮加工	指将谷子、高粱、绿豆、红小豆等小宗谷类、豆类作物进行清理去壳、碾磨，加工为成品粮的生产活动
人口学及社会经济学特征	GB/T 4754-2017	国民经济行业分类	C1319	其他谷物磨制	
人口学及社会经济学特征	GB/T 4754-2017	国民经济行业分类	C132	饲料加工	
人口学及社会经济学特征	GB/T 4754-2017	国民经济行业分类	C1321	宠物饲料加工	指专门为合法饲养的猫、狗、鱼、鸟等小动物提供食物的加工
人口学及社会经济学特征	GB/T 4754-2017	国民经济行业分类	C1329	其他饲料加工	指适用于农场、农户饲养牲畜、家禽、水产品的饲料生产加工和用低值水产品及水产品加工废弃物（如鱼骨、内脏、虾壳）等为主要原料的饲料加工
人口学及社会经济学特征	GB/T 4754-2017	国民经济行业分类	C133	植物油加工	
人口学及社会经济学特征	GB/T 4754-2017	国民经济行业分类	C1331	食用植物油加工	指用各种食用植物油料生产油脂，以及精制食用油的加工
人口学及社会经济学特征	GB/T 4754-2017	国民经济行业分类	C1332	非食用植物油加工	指用各种非食用植物油料生产油脂的活动
人口学及社会经济学特征	GB/T 4754-2017	国民经济行业分类	C1341340	制糖业	指以甘蔗、甜菜等为原料制作成品糖，以及以原糖或砂糖为原料精炼加工各种精制糖的生产活动
人口学及社会经济学特征	GB/T 4754-2017	国民经济行业分类	C135	屠宰及肉类加工	
人口学及社会经济学特征	GB/T 4754-2017	国民经济行业分类	C1351	牲畜屠宰	指对各种牲畜进行宰杀，以及鲜肉冷冻等保鲜活动，但不包括商业冷藏活动
人口学及社会经济学特征	GB/T 4754-2017	国民经济行业分类	C1352	禽类屠宰	指对各种禽类进行宰杀，以及鲜肉冷冻等保鲜活动，但不包括商业冷藏活动
人口学及社会经济学特征	GB/T 4754-2017	国民经济行业分类	C1353	肉制品及副产品加工	指主要以各种畜、禽肉及畜、禽副产品为原料加工成熟肉制品
人口学及社会经济学特征	GB/T 4754-2017	国民经济行业分类	C136	水产品加工	
人口学及社会经济学特征	GB/T 4754-2017	国民经济行业分类	C1361	水产品冷冻加工	指为了保鲜，将海水、淡水养殖或捕捞的鱼类、虾类、甲壳类、贝类、藻类等水生动物或植物进行的冷冻加工，但不包括商业冷藏活动
人口学及社会经济学特征	GB/T 4754-2017	国民经济行业分类	C1362	鱼糜制品及水产品干腌制加工	指鱼糜制品制造，以及水产品的干制、腌制等加工活动
人口学及社会经济学特征	GB/T 4754-2017	国民经济行业分类	C1363	鱼油提取及制品制造	指从鱼或鱼肝中提取油脂，并生产制品的活动
人口学及社会经济学特征	GB/T 4754-2017	国民经济行业分类	C1369	其他水产品加工	指对水生动植物进行的其他加工
人口学及社会经济学特征	GB/T 4754-2017	国民经济行业分类	C137	蔬菜、菌类、水果和坚果加工	指用脱水、干制、冷藏、冷冻、腌制等方法，对蔬菜、菌类、水果、坚果的加工
人口学及社会经济学特征	GB/T 4754-2017	国民经济行业分类	C1371	蔬菜加工	
人口学及社会经济学特征	GB/T 4754-2017	国民经济行业分类	C1372	食用菌加工	
人口学及社会经济学特征	GB/T 4754-2017	国民经济行业分类	C1373	水果和坚果加工	
人口学及社会经济学特征	GB/T 4754-2017	国民经济行业分类	C139	其他农副食品加工	
人口学及社会经济学特征	GB/T 4754-2017	国民经济行业分类	C1391	淀粉及淀粉制品制造	指用玉米、薯类、豆类及其他植物原料制作淀粉和淀粉制品的生产；还包括以淀粉为原料，经酶法或酸法转换得到的糖品生产活动
人口学及社会经济学特征	GB/T 4754-2017	国民经济行业分类	C1392	豆制品制造	指以大豆、小豆、绿豆、豌豆、蚕豆等豆类为主要原料，经加工制成食品的活动
人口学及社会经济学特征	GB/T 4754-2017	国民经济行业分类	C1393	蛋品加工	
人口学及社会经济学特征	GB/T 4754-2017	国民经济行业分类	C1399	其他未列明农副食品加工	
人口学及社会经济学特征	GB/T 4754-2017	国民经济行业分类	C14	食品制造业	
人口学及社会经济学特征	GB/T 4754-2017	国民经济行业分类	C141	焙烤食品制造	
人口学及社会经济学特征	GB/T 4754-2017	国民经济行业分类	C1411	糕点、面包制造	指用米粉、小麦粉、豆粉为主要原料，配以辅料，经成型、油炸、烤制而成的各种食品生产活动
人口学及社会经济学特征	GB/T 4754-2017	国民经济行业分类	C1419	饼干及其他焙烤食品制造	指以小麦粉（或糯米粉）、糖和油脂为主要原料，配以奶制品、蛋制品等辅料，经成型、焙烤制成的各种饼干，以及用薯类、谷类、豆类等制作的各种易于保存、食用方便的焙烤食品生产活动
人口学及社会经济学特征	GB/T 4754-2017	国民经济行业分类	C142	糖果、巧克力及蜜饯制造	
人口学及社会经济学特征	GB/T 4754-2017	国民经济行业分类	C1421	糖果、巧克力制造	糖果制造指以砂糖、葡萄糖浆或饴糖为主要原料，加入油脂、乳品、胶体、果仁、香料、食用色素等辅料制成甜味块状食品的生产活动；巧克力制造指以浆状、粉状或块状可可、可可脂、可可酱、砂糖、乳品等为主要原料加工制成巧克力及巧克力制品的生产活动
人口学及社会经济学特征	GB/T 4754-2017	国民经济行业分类	C1422	蜜饯制作	指以水果、坚果、果皮及植物的其他部分制作糖果蜜饯的活动
人口学及社会经济学特征	GB/T 4754-2017	国民经济行业分类	C143	方便食品制造	指以米、小麦粉、杂粮等为主要原料加工制成，只需简单烹制即可作为主食，具有食用简便、携带方便，易于储藏等特点的食品制造
人口学及社会经济学特征	GB/T 4754-2017	国民经济行业分类	C1431	米、面制品制造	指以大米、小麦粉、杂粮等为主要原料，经加工制成各种未经蒸煮类米面制品的生产活动
人口学及社会经济学特征	GB/T 4754-2017	国民经济行业分类	C1432	速冻食品制造	指以米、小麦粉、杂粮等为主要原料，以肉类、蔬菜等为辅料，经加工制成各类烹制或未烹制的主食食品后，立即采用速冻工艺制成的，并可以在冻结条件下运输储存及销售的各类主食食品的生产活动
人口学及社会经济学特征	GB/T 4754-2017	国民经济行业分类	C1433	方便面制造	
人口学及社会经济学特征	GB/T 4754-2017	国民经济行业分类	C1439	其他方便食品制造	指用米、杂粮等为主要原料加工制成的，可以直接食用或只需简单蒸煮即可作为主食的各种方便主食食品的生产活动，以及其他未列明的方便食品制造
人口学及社会经济学特征	GB/T 4754-2017	国民经济行业分类	C144	乳制品制造	指以生鲜牛（羊）乳及其制品为主要原料，经加工制成的液体乳及固体乳（乳粉、炼乳、乳脂肪、干酪等）制品的生产活动；不包括含乳饮料和植物蛋白饮料生产活动
人口学及社会经济学特征	GB/T 4754-2017	国民经济行业分类	C1441	液体乳制造	
人口学及社会经济学特征	GB/T 4754-2017	国民经济行业分类	C1442	乳粉制造	
人口学及社会经济学特征	GB/T 4754-2017	国民经济行业分类	C1449	其他乳制品制造	
人口学及社会经济学特征	GB/T 4754-2017	国民经济行业分类	C145	罐头食品制造	指将符合要求的原料经处理、分选、修整、烹调（或不经烹调）、装罐、密封、杀菌、冷却（或无菌包装）等罐头生产工艺制成的，达到商业无菌要求，并可以在常温下储存的罐头食品的制造
人口学及社会经济学特征	GB/T 4754-2017	国民经济行业分类	C1451	肉、禽类罐头制造	
人口学及社会经济学特征	GB/T 4754-2017	国民经济行业分类	C1452	水产品罐头制造	
人口学及社会经济学特征	GB/T 4754-2017	国民经济行业分类	C1453	蔬菜、水果罐头制造	
人口学及社会经济学特征	GB/T 4754-2017	国民经济行业分类	C1459	其他罐头食品制造	指婴幼儿辅助食品类罐头、米面食品类罐头（如八宝粥罐头等）及上述未列明的罐头食品制造
人口学及社会经济学特征	GB/T 4754-2017	国民经济行业分类	C146	调味品、发酵制品制造	
人口学及社会经济学特征	GB/T 4754-2017	国民经济行业分类	C1461	味精制造	指以淀粉或糖蜜为原料，经微生物发酵、提取、精制等工序制成的，谷氨酸钠含量在80％及以上的鲜味剂的生产活动
人口学及社会经济学特征	GB/T 4754-2017	国民经济行业分类	C1462	酱油、食醋及类似制品制造	指以大豆和（或）脱脂大豆，小麦和（或）麸皮为原料，经微生物发酵制成的各种酱油和酱类制品，以及以单独或混合使用各种含有淀粉、糖的物料或酒精，经微生物发酵酿制的酸性调味品的生产活动
人口学及社会经济学特征	GB/T 4754-2017	国民经济行业分类	C1469	其他调味品、发酵制品制造	
人口学及社会经济学特征	GB/T 4754-2017	国民经济行业分类	C149	其他食品制造	
人口学及社会经济学特征	GB/T 4754-2017	国民经济行业分类	C1491	营养食品制造	指以新食品原料和其他富含营养成分的传统食材为原料，经各种常规食品制造技术生产的特殊医学用途配方食品、婴幼儿配方食品和其他适用于特定人群的主辅食品的生产活动
人口学及社会经济学特征	GB/T 4754-2017	国民经济行业分类	C1492	保健食品制造	指标明具有特定保健功能的食品，适用于特定人群食用，具有调节机体功能，不以治疗为目的，对人体不产生急性、亚急性或慢性危害，以补充维生素、矿物质为目的的营养素补充等保健食品制造
人口学及社会经济学特征	GB/T 4754-2017	国民经济行业分类	C1493	冷冻饮品及食用冰制造	指以砂糖、乳制品、豆制品、蛋制品、油脂、果料和食用添加剂等经混合配制、加热杀菌、均质、老化、冻结（凝冻）而成的冷食饮品的制造，以及食用冰的制造
人口学及社会经济学特征	GB/T 4754-2017	国民经济行业分类	C1494	盐加工	指以原盐为原料，经过化卤、蒸发、洗涤、粉碎、干燥、脱水、筛分等工序，或在其中添加碘酸钾及调味品等加工制成盐产品的生产活动
人口学及社会经济学特征	GB/T 4754-2017	国民经济行业分类	C1495	食品及饲料添加剂制造	指增加或改善食品特色的化学品，以及补充动物饲料的营养成分和促进生长、防治疫病的制剂的生产活动
人口学及社会经济学特征	GB/T 4754-2017	国民经济行业分类	C1499	其他未列明食品制造	
人口学及社会经济学特征	GB/T 4754-2017	国民经济行业分类	C15	酒、饮料和精制茶制造业	
人口学及社会经济学特征	GB/T 4754-2017	国民经济行业分类	C151	酒的制造	指酒精、白酒、啤酒及其专用麦芽、黄酒、葡萄酒、果酒、配制酒以及其他酒的生产
人口学及社会经济学特征	GB/T 4754-2017	国民经济行业分类	C1511	酒精制造	指用玉米、小麦、薯类等淀粉质原料或用糖蜜等含糖质原料，经蒸煮、糖化、发酵及蒸馏等工艺制成的酒精产品的生产活动
人口学及社会经济学特征	GB/T 4754-2017	国民经济行业分类	C1512	白酒制造	指以高粱等粮谷为主要原料，以大曲、小曲或麸曲及酒母等为糖化发酵剂，经蒸煮、糖化、发酵、蒸馏、陈酿、勾兑而制成的蒸馏酒产品的生产活动
人口学及社会经济学特征	GB/T 4754-2017	国民经济行业分类	C1513	啤酒制造	指以麦芽（包括特种麦芽）、水为主要原料，加啤酒花，经酵母发酵酿制而成，含二氧化碳、起泡、低酒精度的发酵酒产品（包括无醇啤酒，也称脱醇啤酒）的生产活动，以及啤酒专用原料麦芽的生产活动
人口学及社会经济学特征	GB/T 4754-2017	国民经济行业分类	C1514	黄酒制造	指以稻米、黍米、黑米、小麦、玉米等为主要原料，加曲、酵母等糖化发酵剂发酵酿制而成的发酵酒产品的生产活动
人口学及社会经济学特征	GB/T 4754-2017	国民经济行业分类	C1515	葡萄酒制造	指以新鲜葡萄或葡萄汁为原料，经全部或部分发酵酿制而成，含有一定酒精度的发酵酒产品的生产活动
人口学及社会经济学特征	GB/T 4754-2017	国民经济行业分类	C1519	其他酒制造	指除葡萄酒以外的果酒、配制酒以及上述未列明的其他酒产品的生产活动
人口学及社会经济学特征	GB/T 4754-2017	国民经济行业分类	C152	饮料制造	
人口学及社会经济学特征	GB/T 4754-2017	国民经济行业分类	C1521	碳酸饮料制造	指在一定条件下充入二氧化碳气的饮用品制造，其成品中二氧化碳气的含量（20℃时的体积倍数）不低于2.0倍
人口学及社会经济学特征	GB/T 4754-2017	国民经济行业分类	C1522	瓶（罐）装饮用水制造	指以地下矿泉水和符合生活饮用水卫生标准的水为水源加工制成的，密封于塑料瓶（罐）、玻璃瓶或其他容器中，不含任何添加剂，可直接饮用的水的生产活动
人口学及社会经济学特征	GB/T 4754-2017	国民经济行业分类	C1523	果菜汁及果菜汁饮料制造	指以新鲜或冷藏水果和蔬菜为原料，经加工制得的果菜汁液制品生产活动，以及在果汁或浓缩果汁、蔬菜汁中加入水、糖液、酸味剂等，经调制而成的可直接饮用的饮品（果汁含量不低于10％）的生产活动
人口学及社会经济学特征	GB/T 4754-2017	国民经济行业分类	C1524	含乳饮料和植物蛋白饮料制造	指以鲜乳或乳制品为原料（经发酵或未经发酵），加入水、糖液等调制而成的可直接饮用的含乳饮品的生产活动，以及以蛋白质含量较高的植物的果实、种子或核果类、坚果类的果仁等为原料，在其加工制得的浆液中加入水、糖液等调制而成的可直接饮用的植物蛋白饮品的生产活动
人口学及社会经济学特征	GB/T 4754-2017	国民经济行业分类	C1525	固体饮料制造	指以糖、食品添加剂、果汁或植物抽提物等为原料，加工制成粉末状、颗粒状或块状制品[其成品水分(质量分数)不高于5％]的生产活动
人口学及社会经济学特征	GB/T 4754-2017	国民经济行业分类	C1529	茶饮料及其他饮料制造	指茶饮料、特殊用途饮料以及其他未列明的饮料制造
人口学及社会经济学特征	GB/T 4754-2017	国民经济行业分类	C1531530	精制茶加工	指对毛茶或半成品原料茶进行筛分、轧切、风选、干燥、匀堆、拼配等精制加工茶叶的生产活动
人口学及社会经济学特征	GB/T 4754-2017	国民经济行业分类	C16	烟草制品业	
人口学及社会经济学特征	GB/T 4754-2017	国民经济行业分类	C1611610	烟叶复烤	指在原烟（初烤）基础上进行第二次烟叶水分调整的活动
人口学及社会经济学特征	GB/T 4754-2017	国民经济行业分类	C1621620	卷烟制造	指各种卷烟生产，但不包括生产烟用滤嘴棒的纤维丝束原料的制造
人口学及社会经济学特征	GB/T 4754-2017	国民经济行业分类	C1691690	其他烟草制品制造	
人口学及社会经济学特征	GB/T 4754-2017	国民经济行业分类	C17	纺织业	
人口学及社会经济学特征	GB/T 4754-2017	国民经济行业分类	C171	棉纺织及印染精加工	指棉、棉型化纤（化纤短丝）纺织及印染精加工
人口学及社会经济学特征	GB/T 4754-2017	国民经济行业分类	C1711	棉纺纱加工	指以棉及棉型化学纤维为主要原料进行的纺纱加工
人口学及社会经济学特征	GB/T 4754-2017	国民经济行业分类	C1712	棉织造加工	指以棉纱、混纺纱、化学纤维纱为主要原料进行的机织物织造加工
人口学及社会经济学特征	GB/T 4754-2017	国民经济行业分类	C1713	棉印染精加工	指对非自产的棉和化学纤维织物进行漂白、染色、印花、轧光、起绒、缩水等工序的加工
人口学及社会经济学特征	GB/T 4754-2017	国民经济行业分类	C172	毛纺织及染整精加工	
人口学及社会经济学特征	GB/T 4754-2017	国民经济行业分类	C1721	毛条和毛纱线加工	指以毛及毛型化学纤维为原料进行梳条的加工，按毛纺工艺（精梳、粗梳、半精梳）进行纺纱的加工
人口学及社会经济学特征	GB/T 4754-2017	国民经济行业分类	C1722	毛织造加工	指以毛及毛型化学纤维纱线为原料进行的机织物织造加工
人口学及社会经济学特征	GB/T 4754-2017	国民经济行业分类	C1723	毛染整精加工	指对非自产的毛织物进行漂白、染色、印花等工序的染整精加工
人口学及社会经济学特征	GB/T 4754-2017	国民经济行业分类	C173	麻纺织及染整精加工	
人口学及社会经济学特征	GB/T 4754-2017	国民经济行业分类	C1731	麻纤维纺前加工和纺纱	指以苎麻、亚麻、大麻、黄麻、剑麻、罗布麻等为原料的纺前纤维加工和纺纱加工
人口学及社会经济学特征	GB/T 4754-2017	国民经济行业分类	C1732	麻织造加工	指以苎麻、亚麻、大麻、黄麻、剑麻、罗布麻纤维纱线等为主要原料的机织物织造加工
人口学及社会经济学特征	GB/T 4754-2017	国民经济行业分类	C1733	麻染整精加工	指对非自产的麻织物进行漂白、染色、印花等工序的染整精加工
人口学及社会经济学特征	GB/T 4754-2017	国民经济行业分类	C174	丝绢纺织及印染精加工	
人口学及社会经济学特征	GB/T 4754-2017	国民经济行业分类	C1741	缫丝加工	指由蚕茧经过加工缫制成丝的活动
人口学及社会经济学特征	GB/T 4754-2017	国民经济行业分类	C1742	绢纺和丝织加工	指以丝为主要原料进行的丝织物织造加工
人口学及社会经济学特征	GB/T 4754-2017	国民经济行业分类	C1743	丝印染精加工	指对非自产的丝织物进行漂白、染色、印花、轧光、起绒、缩水等工序的加工
人口学及社会经济学特征	GB/T 4754-2017	国民经济行业分类	C175	化纤织造及印染精加工	指经纬双向或经向以化纤长丝(不包括化纤短纤）为主要原料生产的机织物
人口学及社会经济学特征	GB/T 4754-2017	国民经济行业分类	C1751	化纤织造加工	指以化纤长丝(含有色长丝)为主要原料生产的机织坯布、色织布
人口学及社会经济学特征	GB/T 4754-2017	国民经济行业分类	C1752	化纤织物染整精加工	指对化纤长丝坯布进行漂白、染色、印花、轧光、起绒、缩水等染整工序的加工
人口学及社会经济学特征	GB/T 4754-2017	国民经济行业分类	C176	针织或钩针编织物及其制品制造	
人口学及社会经济学特征	GB/T 4754-2017	国民经济行业分类	C1761	针织或钩针编织物织造	指采用经编、纬编、横编及钩针编工艺进行的针织物织造加工
人口学及社会经济学特征	GB/T 4754-2017	国民经济行业分类	C1762	针织或钩针编织物印染精加工	指对非自产的针织品进行漂白、染色、印花、轧光、起绒、缩水等工序的加工
人口学及社会经济学特征	GB/T 4754-2017	国民经济行业分类	C1763	针织或钩针编织品制造	指除针织或钩针编织服装以外的其他针织品或钩针编织品的加工
人口学及社会经济学特征	GB/T 4754-2017	国民经济行业分类	C177	家用纺织制成品制造	
人口学及社会经济学特征	GB/T 4754-2017	国民经济行业分类	C1771	床上用品制造	指以棉、麻、竹、丝、毛、化学纤维等纤维及纺织品为主要原料，加工制造床上用品（包括含有填充物的被子、睡袋、枕头等类产品）的生产活动
人口学及社会经济学特征	GB/T 4754-2017	国民经济行业分类	C1772	毛巾类制品制造	指以棉、麻、竹、丝及化学纤维等为主要原料，加工制造毛巾类产品的生产活动
人口学及社会经济学特征	GB/T 4754-2017	国民经济行业分类	C1773	窗帘、布艺类产品制造	指以棉、麻、丝、毛及化学纤维等为主要原料，加工制造窗帘、各种装饰罩（套）、靠垫、坐垫、贮物袋等生活用布艺产品的生产活动
人口学及社会经济学特征	GB/T 4754-2017	国民经济行业分类	C1779	其他家用纺织制成品制造	指以棉、麻、丝、毛及化学纤维等为主要原料，加工制造毛毯、桌布、台布、餐巾、擦布、洗碗巾等餐厨生活制品的其他家用纺织制成品生产活动
人口学及社会经济学特征	GB/T 4754-2017	国民经济行业分类	C178	产业用纺织制成品制造	也称产业用纺织制成品制造（包括帐篷等户外及庭院休闲用品制造）
人口学及社会经济学特征	GB/T 4754-2017	国民经济行业分类	C1781	非织造布制造	指定向或随机排列的纤维，通过摩擦、抱合或粘合，或者这些方法的组合而相互结合制成的片状物、纤网或絮垫的生产活动；所用纤维可以是天然纤维、化学纤维和无机纤维，也可以是短纤维、长丝或直接形成的纤维状物
人口学及社会经济学特征	GB/T 4754-2017	国民经济行业分类	C1782	绳、索、缆制造	指用天然纤维和化学纤维制造绳、索具、缆绳、合股线的生产活动
人口学及社会经济学特征	GB/T 4754-2017	国民经济行业分类	C1783	纺织带和帘子布制造	指帘子布、复合材料用基布、输送带基布、传送带和胶管等增强材料的生产活动
人口学及社会经济学特征	GB/T 4754-2017	国民经济行业分类	C1784	篷、帆布制造	指车用篷布、帐篷布、鞋用纺织材料、灯箱布等纺织材料的生产活动
人口学及社会经济学特征	GB/T 4754-2017	国民经济行业分类	C1789	其他产业用纺织制成品制造	指革基布，过滤、防护用纺织品，工业用毡、呢，建筑用纺织品，交通运输用纺织品，包装用纺织品，文体用纺织品，绝缘隔热纺织品，农业用纺织品，渔业用纺织品，造纸用纺织品等其他产业用纺织制成品的生产活动
人口学及社会经济学特征	GB/T 4754-2017	国民经济行业分类	C18	纺织服装、服饰业	
人口学及社会经济学特征	GB/T 4754-2017	国民经济行业分类	C181	机织服装制造	指以机织面料为主要原料，缝制各种男、女服装，以及儿童成衣的活动；包括非自产原料制作的服装，以及固定生产地点的服装制作活动
人口学及社会经济学特征	GB/T 4754-2017	国民经济行业分类	C1811	运动机织服装制造	指运动服、滑雪服、登山服、游泳衣等服装制造
人口学及社会经济学特征	GB/T 4754-2017	国民经济行业分类	C1819	其他机织服装制造	指除运动机织服装以外的其他机织服装制造
人口学及社会经济学特征	GB/T 4754-2017	国民经济行业分类	C182	针织或钩针编织服装制造	指以针织、钩针编织面料为主要原料，经裁剪后缝制各种男、女服装，以及儿童成衣的活动
人口学及社会经济学特征	GB/T 4754-2017	国民经济行业分类	C1821	运动休闲针织服装制造	指针织T恤、针织休闲衫、针织运动类服装制造
人口学及社会经济学特征	GB/T 4754-2017	国民经济行业分类	C1829	其他针织或钩针编织服装制造	指除运动休闲针织服装以外其他针织或钩织编织服装制造
人口学及社会经济学特征	GB/T 4754-2017	国民经济行业分类	C1831830	服饰制造	指帽子、手套、围巾、领带、领结、手绢，以及袜子等服装饰品的加工
人口学及社会经济学特征	GB/T 4754-2017	国民经济行业分类	C19	皮革、毛皮、羽毛及其制品和制鞋业	
人口学及社会经济学特征	GB/T 4754-2017	国民经济行业分类	C1911910	皮革鞣制加工	指动物生皮经脱毛、鞣制等物理和化学方法加工，再经涂饰和整理，制成具有不易腐烂、柔韧、透气等性能的皮革生产活动
人口学及社会经济学特征	GB/T 4754-2017	国民经济行业分类	C192	皮革制品制造	
人口学及社会经济学特征	GB/T 4754-2017	国民经济行业分类	C1921	皮革服装制造	指全部或大部分用皮革、人造革、合成革为面料，制作各式服装的活动
人口学及社会经济学特征	GB/T 4754-2017	国民经济行业分类	C1922	皮箱、包（袋）制造	指全部或大部分用皮革、人造革、合成革为材料，或者以塑料、纺织物为材料，制作各种用途的皮箱、皮包(袋)，或其他材料的箱、包(袋)等制作活动
人口学及社会经济学特征	GB/T 4754-2017	国民经济行业分类	C1923	皮手套及皮装饰制品制造	指全部或大部分用皮革、人造革、合成革为材料制成的皮手套、皮带，以及皮领带等皮装饰制品的生产活动
人口学及社会经济学特征	GB/T 4754-2017	国民经济行业分类	C1929	其他皮革制品制造	指全部或大部分用皮革、人造革、合成革为材料制成上述未列明的其他各种皮革制品的生产活动
人口学及社会经济学特征	GB/T 4754-2017	国民经济行业分类	C193	毛皮鞣制及制品加工	
人口学及社会经济学特征	GB/T 4754-2017	国民经济行业分类	C1931	毛皮鞣制加工	指带毛动物生皮经鞣制等化学和物理方法处理后，保持其绒毛形态及特点的毛皮(又称裘皮)的生产活动
人口学及社会经济学特征	GB/T 4754-2017	国民经济行业分类	C1932	毛皮服装加工	指用各种动物毛皮和人造毛皮为面料或里料，加工制作毛皮服装的生产活动
人口学及社会经济学特征	GB/T 4754-2017	国民经济行业分类	C1939	其他毛皮制品加工	指用各种动物毛皮和人造毛皮为材料，加工制作上述类别未列明的其他各种用途毛皮制品的生产活动
人口学及社会经济学特征	GB/T 4754-2017	国民经济行业分类	C194	羽毛(绒)加工及制品制造	
人口学及社会经济学特征	GB/T 4754-2017	国民经济行业分类	C1941	羽毛（绒）加工	指对鹅、鸭等禽类羽毛进行加工成标准毛的生产活动
人口学及社会经济学特征	GB/T 4754-2017	国民经济行业分类	C1942	羽毛（绒）制品加工	指用加工过的羽毛(绒)作为填充物制作各种用途的羽绒制品(如羽绒服装、羽绒寝具、羽绒睡袋等)的生产活动
人口学及社会经济学特征	GB/T 4754-2017	国民经济行业分类	C195	制鞋业	指纺织面料鞋、皮鞋、塑料鞋、橡胶鞋及其他各种鞋的生产活动
人口学及社会经济学特征	GB/T 4754-2017	国民经济行业分类	C1951	纺织面料鞋制造	指用各种纺织面料、木材、棕草等原料缝制、模压或编制各种鞋的生产活动
人口学及社会经济学特征	GB/T 4754-2017	国民经济行业分类	C1952	皮鞋制造	指全部或大部分用皮革、人造革、合成革为面料，以橡胶、塑料或合成材料等为外底，按缝绱、胶粘、模压、注塑等工艺方法制作各种皮鞋的生产活动
人口学及社会经济学特征	GB/T 4754-2017	国民经济行业分类	C1953	塑料鞋制造	指以聚氯乙烯、聚乙烯、聚氨酯和乙烯醋酸乙烯等树脂为原料生产发泡或不发泡的塑料鞋类制品的活动
人口学及社会经济学特征	GB/T 4754-2017	国民经济行业分类	C1954	橡胶鞋制造	指以橡胶作为鞋底、鞋帮的运动鞋及其他橡胶鞋和橡胶鞋部件的生产活动
人口学及社会经济学特征	GB/T 4754-2017	国民经济行业分类	C1959	其他制鞋业	
人口学及社会经济学特征	GB/T 4754-2017	国民经济行业分类	C20	木材加工和木、竹、藤、棕、草制品业	
人口学及社会经济学特征	GB/T 4754-2017	国民经济行业分类	C201	木材加工	
人口学及社会经济学特征	GB/T 4754-2017	国民经济行业分类	C2011	锯材加工	指以原木为原料，利用锯木机械或手工工具将原木纵向锯成具有一定断面尺寸（宽、厚度）的木材加工生产活动，用防腐剂和其他物质浸渍木料或对木料进行化学处理的加工，以及地板毛料的制造
人口学及社会经济学特征	GB/T 4754-2017	国民经济行业分类	C2012	木片加工	指利用森林采伐、造材、加工等剩余物和定向培育的木材，经削（刨）片机加工成一定规格的产品生产活动
人口学及社会经济学特征	GB/T 4754-2017	国民经济行业分类	C2013	单板加工	指用于胶合板、细工木板、木质重组装饰材、装饰单板（厚度0.55mm以下)、单层板积材（LVL）、纺织用木质层压板、电工层压板和木质层积塑料等材料的生产活动
人口学及社会经济学特征	GB/T 4754-2017	国民经济行业分类	C2019	其他木材加工	指对木材进行干燥、防腐、改性、染色加工等活动
人口学及社会经济学特征	GB/T 4754-2017	国民经济行业分类	C202	人造板制造	指用木材及其剩余物、棉秆、甘蔗渣和芦苇等植物纤维为原料，加工成符合国家标准的胶合板、纤维板、刨花板、细木工板和木丝板等产品的生产活动，以及人造板二次加工装饰板的制造
人口学及社会经济学特征	GB/T 4754-2017	国民经济行业分类	C2021	胶合板制造	指具有一定规格的原木经旋（刨）切成单板，再经干燥、涂胶、组坯、热压而成的符合国家标准及供需双方协定标准的产品生产活动
人口学及社会经济学特征	GB/T 4754-2017	国民经济行业分类	C2022	纤维板制造	指用木材碎料（包括木片）、棉秆、甘蔗渣、芦苇等植物纤维作原料，经削片纤维分离，铺装成型，热压而成的产品生产活动
人口学及社会经济学特征	GB/T 4754-2017	国民经济行业分类	C2023	刨花板制造	指用木材碎料（包括木片）和其他植物纤维作原料，制成刨花，经干燥、施胶，铺装成型，热压而成的产品生产活动
人口学及社会经济学特征	GB/T 4754-2017	国民经济行业分类	C2029	其他人造板制造	包括非木质人造板、细工木板、胶合木等其他各类人造板的制造
人口学及社会经济学特征	GB/T 4754-2017	国民经济行业分类	C203	木质制品制造	指以木材为原料加工成建筑用木料和木材组件、木容器、软木制品及其他木制品的生产活动，但不包括木质家具的制造
人口学及社会经济学特征	GB/T 4754-2017	国民经济行业分类	C2031	建筑用木料及木材组件加工	指主要用于建筑施工工程的木质制品，如建筑施工用的大木工或其他支撑物，以及建筑木工的生产活动
人口学及社会经济学特征	GB/T 4754-2017	国民经济行业分类	C2032	木门窗制造	
人口学及社会经济学特征	GB/T 4754-2017	国民经济行业分类	C2033	木楼梯制造	
人口学及社会经济学特征	GB/T 4754-2017	国民经济行业分类	C2034	木地板制造	
人口学及社会经济学特征	GB/T 4754-2017	国民经济行业分类	C2035	木制容器制造	
人口学及社会经济学特征	GB/T 4754-2017	国民经济行业分类	C2039	软木制品及其他木制品制造	指天然软木除去表皮，经初加工后获得的结块软木及其制品的生产活动，以及其他未列明的木质产品的生产活动，包括整体定制家具制造的活动
人口学及社会经济学特征	GB/T 4754-2017	国民经济行业分类	C204	竹、藤、棕、草等制品制造	指除木材以外，以竹、藤、棕、草等天然植物为原料生产制品的活动，但不包括家具的制造
人口学及社会经济学特征	GB/T 4754-2017	国民经济行业分类	C2041	竹制品制造	指竹胶合板、竹地板、竹丝板、竹梯子、竹键盘、竹篮子、竹筷子、竹席、高温竹炭制品等竹制工业用品、建筑用品、包装用品、保健品和生活日用品的制造
人口学及社会经济学特征	GB/T 4754-2017	国民经济行业分类	C2042	藤制品制造	
人口学及社会经济学特征	GB/T 4754-2017	国民经济行业分类	C2043	棕制品制造	
人口学及社会经济学特征	GB/T 4754-2017	国民经济行业分类	C2049	草及其他制品制造	
人口学及社会经济学特征	GB/T 4754-2017	国民经济行业分类	C21	家具制造业	指用木材、金属、塑料、竹、藤等材料制作的，具有坐卧、凭倚、储藏、间隔等功能，可用于住宅、旅馆、办公室、学校、餐馆、医院、剧场、公园、船舰、飞机、机动车等任何场所的各种家具的制造
人口学及社会经济学特征	GB/T 4754-2017	国民经济行业分类	C2112110	木质家具制造	指以天然木材和木质人造板为主要材料，配以其他辅料（如油漆、贴面材料、玻璃、五金配件等）制作各种家具的生产活动
人口学及社会经济学特征	GB/T 4754-2017	国民经济行业分类	C2122120	竹、藤家具制造	指以竹材和藤材为主要材料，配以其他辅料制作各种家具的生产活动
人口学及社会经济学特征	GB/T 4754-2017	国民经济行业分类	C2132130	金属家具制造	指支(框)架及主要部件以铸铁、钢材、钢板、钢管、合金等金属为主要材料，结合使用木、竹、塑等材料，配以人造革、尼龙布、泡沫塑料等其他辅料制作各种家具的生产活动
人口学及社会经济学特征	GB/T 4754-2017	国民经济行业分类	C2142140	塑料家具制造	指用塑料管、板、异型材加工或用塑料、玻璃钢（即增强塑料）直接在模具中成型的家具的生产活动
人口学及社会经济学特征	GB/T 4754-2017	国民经济行业分类	C2192190	其他家具制造	指主要由弹性材料(如弹簧、蛇簧、拉簧等)和软质材料(如棕丝、棉花、乳胶海绵、泡沫塑料等)，辅以绷结材料(如绷绳、绷带、麻布等)和装饰面料及饰物(如棉、毛、化纤织物及牛皮、羊皮、人造革等)制成的各种软家具；以玻璃为主要材料，辅以木材或金属材料制成的各种玻璃家具，以及其他未列明的原材料制作各种家具的生产活动
人口学及社会经济学特征	GB/T 4754-2017	国民经济行业分类	C22	造纸和纸制品业	
人口学及社会经济学特征	GB/T 4754-2017	国民经济行业分类	C221	纸浆制造	指经机械或化学方法加工纸浆的生产活动
人口学及社会经济学特征	GB/T 4754-2017	国民经济行业分类	C2211	木竹浆制造	
人口学及社会经济学特征	GB/T 4754-2017	国民经济行业分类	C2212	非木竹浆制造	
人口学及社会经济学特征	GB/T 4754-2017	国民经济行业分类	C222	造纸	指用纸浆或其他原料（如矿渣棉、云母、石棉等）悬浮在流体中的纤维，经过造纸机或其他设备成型，或手工操作而成的纸及纸板的制造
人口学及社会经济学特征	GB/T 4754-2017	国民经济行业分类	C2221	机制纸及纸板制造	
人口学及社会经济学特征	GB/T 4754-2017	国民经济行业分类	C2222	手工纸制造	指采用手工操作成型，制成纸的生产活动
人口学及社会经济学特征	GB/T 4754-2017	国民经济行业分类	C2223	加工纸制造	指对原纸及纸板进一步加工的生产活动
人口学及社会经济学特征	GB/T 4754-2017	国民经济行业分类	C223	纸制品制造	指用纸及纸板为原料，进一步加工制成纸制品的生产活动
人口学及社会经济学特征	GB/T 4754-2017	国民经济行业分类	C2231	纸和纸板容器制造	
人口学及社会经济学特征	GB/T 4754-2017	国民经济行业分类	C2239	其他纸制品制造	指符合出售规格或包装要求的纸制品，以及其他未列明的纸制品的制造
人口学及社会经济学特征	GB/T 4754-2017	国民经济行业分类	C23	印刷和记录媒介复制业	
人口学及社会经济学特征	GB/T 4754-2017	国民经济行业分类	C231	印刷	
人口学及社会经济学特征	GB/T 4754-2017	国民经济行业分类	C2311	书、报刊印刷	
人口学及社会经济学特征	GB/T 4754-2017	国民经济行业分类	C2312	本册印制	指由各种纸及纸板制作的，用于书写和其他用途的本册生产活动
人口学及社会经济学特征	GB/T 4754-2017	国民经济行业分类	C2319	包装装潢及其他印刷	指根据一定的商品属性、形态，采用一定的包装材料，经过对商品包装的造型结构艺术和图案文字的设计与安排来装饰美化商品的印刷，以及其他印刷活动
人口学及社会经济学特征	GB/T 4754-2017	国民经济行业分类	C2322320	装订及印刷相关服务	指专门企业从事的装订、压印媒介制造等与印刷有关的服务
人口学及社会经济学特征	GB/T 4754-2017	国民经济行业分类	C2332330	记录媒介复制	指将母带、母盘上的信息进行批量翻录的生产活动
人口学及社会经济学特征	GB/T 4754-2017	国民经济行业分类	C24	文教、工美、体育和娱乐用品制造业	
人口学及社会经济学特征	GB/T 4754-2017	国民经济行业分类	C241	文教办公用品制造	
人口学及社会经济学特征	GB/T 4754-2017	国民经济行业分类	C2411	文具制造	指办公、学习等使用的各种文具的制造
人口学及社会经济学特征	GB/T 4754-2017	国民经济行业分类	C2412	笔的制造	指用于学习、办公或绘画等用途的各种笔制品的制造
人口学及社会经济学特征	GB/T 4754-2017	国民经济行业分类	C2413	教学用模型及教具制造	指主要用于教学的各种专用模型、标本及教具的制造
人口学及社会经济学特征	GB/T 4754-2017	国民经济行业分类	C2414	墨水、墨汁制造	
人口学及社会经济学特征	GB/T 4754-2017	国民经济行业分类	C2419	其他文教办公用品制造	指上述未列明的文教办公类用品的制造
人口学及社会经济学特征	GB/T 4754-2017	国民经济行业分类	C242	乐器制造	指中国民族乐器、西乐器等各种乐器及乐器零部件和配套产品的制造，但不包括玩具乐器的制造
人口学及社会经济学特征	GB/T 4754-2017	国民经济行业分类	C2421	中乐器制造	
人口学及社会经济学特征	GB/T 4754-2017	国民经济行业分类	C2422	西乐器制造	
人口学及社会经济学特征	GB/T 4754-2017	国民经济行业分类	C2423	电子乐器制造	
人口学及社会经济学特征	GB/T 4754-2017	国民经济行业分类	C2429	其他乐器及零件制造	指其他未列明的乐器、乐器零件及配套产品的制造
人口学及社会经济学特征	GB/T 4754-2017	国民经济行业分类	C243	工艺美术及礼仪用品制造	
人口学及社会经济学特征	GB/T 4754-2017	国民经济行业分类	C2431	雕塑工艺品制造	指以玉石、宝石、象牙、角、骨、贝壳等硬质材料，木、竹、椰壳、树根、软木等天然植物，以及石膏、泥、面、塑料等为原料，经雕刻、琢、磨、捏或塑等艺术加工而制成的各种供欣赏、实用和礼仪用的工艺品制作活动
人口学及社会经济学特征	GB/T 4754-2017	国民经济行业分类	C2432	金属工艺品制造	指以金、银、铜、铁、锡等各种金属为原料，经过制胎、浇铸、锻打、錾刻、搓丝、焊接、纺织、镶嵌、点兰、烧制、打磨、电镀等各种工艺加工制成的造型美观、花纹图案精致的各种供欣赏、实用和礼仪用的工艺美术品制作活动
人口学及社会经济学特征	GB/T 4754-2017	国民经济行业分类	C2433	漆器工艺品制造	指将半生漆、腰果漆加工调配成各种鲜艳的漆料，以木、纸、塑料、铜、布等作胎，采用推光、雕填、彩画、镶嵌、刻灰等传统工艺和现代漆器工艺进行的各种供欣赏、实用和礼仪用的工艺制品制作活动
人口学及社会经济学特征	GB/T 4754-2017	国民经济行业分类	C2434	花画工艺品制造	指以绢、丝、绒、纸、涤纶、塑料、羽毛、通草以及鲜花草等为原料，经造型设计、模压、剪贴、干燥等工艺精制而成的花、果、叶等人造花类工艺品，以画面出现、可以挂或摆的具有欣赏性、装饰性和礼仪用的画类工艺品制作活动
人口学及社会经济学特征	GB/T 4754-2017	国民经济行业分类	C2435	天然植物纤维编织工艺品制造	指以竹、藤、棕、草、柳、葵、麻等天然植物纤维为材料，经编织或镶嵌而成具有造型艺术或图案花纹，以欣赏为主的工艺陈列品、礼仪用品以及工艺实用品的制作活动
人口学及社会经济学特征	GB/T 4754-2017	国民经济行业分类	C2436	抽纱刺绣工艺品制造	指以棉、麻、丝、毛及人造纤维纺织品等为主要原料，经设计、刺绣、抽、拉、钩等工艺加工各种生活装饰用品，以及以纺织品为主要原料，经特殊手工工艺或民间工艺方法加工成各种具有较强装饰效果的生活用纺织品和礼仪用品的制作活动
人口学及社会经济学特征	GB/T 4754-2017	国民经济行业分类	C2437	地毯、挂毯制造	指以羊毛、丝、棉、麻及人造纤维等为原料，经手工编织、机织、栽绒等方式加工而成的各种具有装饰性的地面覆盖物或可用于悬挂、垫坐等用途的生活装饰用品和礼仪用品的制作活动
人口学及社会经济学特征	GB/T 4754-2017	国民经济行业分类	C2438	珠宝首饰及有关物品制造	指以金、银、铂等贵金属及其合金以及钻石、宝石、玉石、翡翠、珍珠等为原料，经金属加工和连结组合、镶嵌等工艺加工制作各种图案的装饰品和礼仪用品的制作活动
人口学及社会经济学特征	GB/T 4754-2017	国民经济行业分类	C2439	其他工艺美术及礼仪用品制造	
人口学及社会经济学特征	GB/T 4754-2017	国民经济行业分类	C244	体育用品制造	
人口学及社会经济学特征	GB/T 4754-2017	国民经济行业分类	C2441	球类制造	指各种皮制、胶制、革制的可充气的运动用球，以及其他材料制成的各种运动用硬球、软球等球类产品的生产活动
人口学及社会经济学特征	GB/T 4754-2017	国民经济行业分类	C2442	专项运动器材及配件制造	指各项竞技比赛和训练用器材及用品，体育场馆设施及器件的生产活动
人口学及社会经济学特征	GB/T 4754-2017	国民经济行业分类	C2443	健身器材制造	指供健身房、家庭或体育训练用的健身器材及运动物品的制造
人口学及社会经济学特征	GB/T 4754-2017	国民经济行业分类	C2444	运动防护用具制造	指用各种材质，为各项运动特制手套、鞋、帽和护具的生产活动
人口学及社会经济学特征	GB/T 4754-2017	国民经济行业分类	C2449	其他体育用品制造	指钓鱼专用的各种用具及用品，以及上述未列明的体育用品制造
人口学及社会经济学特征	GB/T 4754-2017	国民经济行业分类	C245	玩具制造	指以儿童为主要使用者，用于玩耍、智力开发等娱乐器具的制造
人口学及社会经济学特征	GB/T 4754-2017	国民经济行业分类	C2451	电玩具制造	指制造供14岁以下儿童玩耍的、至少有一种玩耍功能需要使用额定电压小于或等于24V的玩具产品
人口学及社会经济学特征	GB/T 4754-2017	国民经济行业分类	C2452	塑胶玩具制造	指制造供14岁以下儿童玩耍的、玩具主体或主要玩耍部分由塑胶制成的，非预定承载儿童体重的非电玩具产品
人口学及社会经济学特征	GB/T 4754-2017	国民经济行业分类	C2453	金属玩具制造	指制造供14岁以下儿童玩耍的、玩具主体或主要玩耍部分由金属材料制成的，非预定承载儿童体重的非电玩具产品
人口学及社会经济学特征	GB/T 4754-2017	国民经济行业分类	C2454	弹射玩具制造	指制造供14岁以下儿童玩耍的，各种材质的通过可贮存和释放能量的弹射机构发射弹射物的蓄能弹射玩具和由儿童给予的能量发射弹射物的非蓄能弹射玩具的玩具产品
人口学及社会经济学特征	GB/T 4754-2017	国民经济行业分类	C2455	娃娃玩具制造	指制造供14岁以下儿童玩耍的、至少头部和四肢由非纺织物材质的聚合材料制成，并带有服装或身体由软性材料填充的非电的婴儿娃娃或人物娃娃玩具产品
人口学及社会经济学特征	GB/T 4754-2017	国民经济行业分类	C2456	儿童乘骑玩耍的童车类产品制造	指制造供儿童乘骑玩耍的童车类产品（含儿童推车、婴儿学步车）
人口学及社会经济学特征	GB/T 4754-2017	国民经济行业分类	C2459	其他玩具制造	
人口学及社会经济学特征	GB/T 4754-2017	国民经济行业分类	C246	游艺器材及娱乐用品制造	
人口学及社会经济学特征	GB/T 4754-2017	国民经济行业分类	C2461	露天游乐场所游乐设备制造	指主要安装在公园、游乐园、水上乐园、儿童乐园等露天游乐场所的电动及非电动游乐设备和游艺器材的制造
人口学及社会经济学特征	GB/T 4754-2017	国民经济行业分类	C2462	游艺用品及室内游艺器材制造	指主要供室内、桌上等游艺及娱乐场所使用的游乐设备、游艺器材和游艺娱乐用品，以及主要安装在室内游乐场所的电子游乐设备的制造
人口学及社会经济学特征	GB/T 4754-2017	国民经济行业分类	C2469	其他娱乐用品制造	
人口学及社会经济学特征	GB/T 4754-2017	国民经济行业分类	C25	石油、煤炭及其他燃料加工业	
人口学及社会经济学特征	GB/T 4754-2017	国民经济行业分类	C251	精炼石油产品制造	
人口学及社会经济学特征	GB/T 4754-2017	国民经济行业分类	C2511	原油加工及石油制品制造	指从天然原油、人造原油中提炼液态或气态燃料以及石油制品的生产活动
人口学及社会经济学特征	GB/T 4754-2017	国民经济行业分类	C2519	其他原油制造	指采用油页岩、油砂、焦油以及一氧化碳、氢等气体等加工得到的类似天然石油的液体燃料的生产活动
人口学及社会经济学特征	GB/T 4754-2017	国民经济行业分类	C252	煤炭加工	
人口学及社会经济学特征	GB/T 4754-2017	国民经济行业分类	C2521	炼焦	指主要从硬煤和褐煤中生产焦炭、干馏炭及煤焦油或沥青等副产品的炼焦炉的操作活动
人口学及社会经济学特征	GB/T 4754-2017	国民经济行业分类	C2522	煤制合成气生产	
人口学及社会经济学特征	GB/T 4754-2017	国民经济行业分类	C2523	煤制液体燃料生产	指通过化学加工过程把固体煤炭转化成为液体燃料、化工原料和产品的活动，如煤制甲醇、煤制烯烃等
人口学及社会经济学特征	GB/T 4754-2017	国民经济行业分类	C2524	煤制品制造	指用烟煤、无烟煤、褐煤及其他各种煤炭制成的煤砖、煤球等固体燃料制品的活动
人口学及社会经济学特征	GB/T 4754-2017	国民经济行业分类	C2529	其他煤炭加工	指煤质活性炭等其他煤炭加工活动
人口学及社会经济学特征	GB/T 4754-2017	国民经济行业分类	C2532530	核燃料加工	指从沥青铀矿或其他含铀矿石中提取铀、浓缩铀的生产，对铀金属的冶炼、加工，以及其他放射性元素、同位素标记、核反应堆燃料元件的制造，还包括与核燃料加工有关的核废物处置活动
人口学及社会经济学特征	GB/T 4754-2017	国民经济行业分类	C254	生物质燃料加工	
人口学及社会经济学特征	GB/T 4754-2017	国民经济行业分类	C2541	生物质液体燃料生产	指利用农作物秸秆和农业加工剩余物、薪材及林业加工剩余物、禽畜粪便、工业有机废水和废渣、城市生活垃圾和能源植物等生物质资源作为原料转化为液体燃料的活动
人口学及社会经济学特征	GB/T 4754-2017	国民经济行业分类	C2542	生物质致密成型燃料加工	包括对下列生物质燃料的加工活动：林木致密成型燃料，秸秆致密成型燃料，废物、废料致密成型燃料，其他生物致密成型燃料；不包括：木炭、竹炭加工
人口学及社会经济学特征	GB/T 4754-2017	国民经济行业分类	C26	化学原料和化学制品制造业	
人口学及社会经济学特征	GB/T 4754-2017	国民经济行业分类	C261	基础化学原料制造	
人口学及社会经济学特征	GB/T 4754-2017	国民经济行业分类	C2611	无机酸制造	
人口学及社会经济学特征	GB/T 4754-2017	国民经济行业分类	C2612	无机碱制造	指烧碱、纯碱等生产活动
人口学及社会经济学特征	GB/T 4754-2017	国民经济行业分类	C2613	无机盐制造	
人口学及社会经济学特征	GB/T 4754-2017	国民经济行业分类	C2614	有机化学原料制造	
人口学及社会经济学特征	GB/T 4754-2017	国民经济行业分类	C2619	其他基础化学原料制造	
人口学及社会经济学特征	GB/T 4754-2017	国民经济行业分类	C262	肥料制造	指化学肥料、有机肥料及微生物肥料的制造
人口学及社会经济学特征	GB/T 4754-2017	国民经济行业分类	C2621	氮肥制造	指矿物氮肥及用化学方法制成含有作物营养元素氮的化肥的生产活动
人口学及社会经济学特征	GB/T 4754-2017	国民经济行业分类	C2622	磷肥制造	指以磷矿石为主要原料，用化学或物理方法制成含有作物营养元素磷的化肥的生产活动
人口学及社会经济学特征	GB/T 4754-2017	国民经济行业分类	C2623	钾肥制造	指用天然钾盐矿经富集精制加工制成含有作物营养元素钾的化肥的生产活动
人口学及社会经济学特征	GB/T 4754-2017	国民经济行业分类	C2624	复混肥料制造	指经过化学或物理方法加工制成的，含有两种以上作物所需主要营养元素（氮、磷、钾）的化肥的生产活动；包括通用型复混肥料和专用型复混肥料
人口学及社会经济学特征	GB/T 4754-2017	国民经济行业分类	C2625	有机肥料及微生物肥料制造	指来源于动植物，经发酵或腐熟等化学处理后，适用于土壤并提供植物养分供给的，其主要成分为含氮物质的肥料制造
人口学及社会经济学特征	GB/T 4754-2017	国民经济行业分类	C2629	其他肥料制造	指上述未列明的微量元素肥料及其他肥料的生产
人口学及社会经济学特征	GB/T 4754-2017	国民经济行业分类	C263	农药制造	指用于防治农业、林业作物的病、虫、草、鼠和其他有害生物，调节植物生长的各种化学农药、微生物农药、生物化学农药，以及仓储、农林产品的防蚀、河流堤坝、铁路、机场、建筑物及其他场所用药的原药和制剂的生产活动
人口学及社会经济学特征	GB/T 4754-2017	国民经济行业分类	C2631	化学农药制造	指化学农药原药，以及经过机械粉碎、混合或稀释制成粉状、乳状和水状的化学农药制剂的生产活动
人口学及社会经济学特征	GB/T 4754-2017	国民经济行业分类	C2632	生物化学农药及微生物农药制造	指由细菌、真菌、病毒和原生动物或基因修饰的微生物等自然产生，以及由植物提取的防治病、虫、草、鼠和其他有害生物的农药制剂生产活动
人口学及社会经济学特征	GB/T 4754-2017	国民经济行业分类	C264	涂料、油墨、颜料及类似产品制造	
人口学及社会经济学特征	GB/T 4754-2017	国民经济行业分类	C2641	涂料制造	指在天然树脂或合成树脂中加入颜料、溶剂和辅助材料，经加工后制成的覆盖材料的生产活动
人口学及社会经济学特征	GB/T 4754-2017	国民经济行业分类	C2642	油墨及类似产品制造	指由颜料、联接料（植物油、矿物油、树脂、溶剂）和填充料经过混合、研磨调制而成，用于印刷的有色胶浆状物质，以及用于计算机打印、复印机用墨等生产活动
人口学及社会经济学特征	GB/T 4754-2017	国民经济行业分类	C2643	工业颜料制造	指用于陶瓷、搪瓷、玻璃等工业的无机颜料及类似材料的生产活动
人口学及社会经济学特征	GB/T 4754-2017	国民经济行业分类	C2644	工艺美术颜料制造	指油画、水粉画、广告等艺术用颜料的制造
人口学及社会经济学特征	GB/T 4754-2017	国民经济行业分类	C2645	染料制造	指有机合成、植物性或动物性色料，以及有机颜料的生产活动
人口学及社会经济学特征	GB/T 4754-2017	国民经济行业分类	C2646	密封用填料及类似品制造	指用于建筑涂料、密封和漆工用的填充料，以及其他类似化学材料的制造
人口学及社会经济学特征	GB/T 4754-2017	国民经济行业分类	C265	合成材料制造	
人口学及社会经济学特征	GB/T 4754-2017	国民经济行业分类	C2651	初级形态塑料及合成树脂制造	也称初级塑料或原状塑料的生产活动，包括通用塑料、工程塑料、功能高分子塑料的制造
人口学及社会经济学特征	GB/T 4754-2017	国民经济行业分类	C2652	合成橡胶制造	指用一种或多种单体为原料进行聚合生产合成橡胶或高分析弹性体的生产活动
人口学及社会经济学特征	GB/T 4754-2017	国民经济行业分类	C2653	合成纤维单（聚合）体制造	指以石油、天然气、煤等为主要原料，用有机合成的方法制成合成纤维单体或聚合体的生产活动
人口学及社会经济学特征	GB/T 4754-2017	国民经济行业分类	C2659	其他合成材料制造	指陶瓷纤维等特种纤维及其增强的复合材料的生产活动；其他专用合成材料的制造
人口学及社会经济学特征	GB/T 4754-2017	国民经济行业分类	C266	专用化学产品制造	
人口学及社会经济学特征	GB/T 4754-2017	国民经济行业分类	C2661	化学试剂和助剂制造	指各种化学试剂、催化剂及专用助剂的生产活动
人口学及社会经济学特征	GB/T 4754-2017	国民经济行业分类	C2662	专项化学用品制造	指水处理化学品、造纸化学品、皮革化学品、油脂化学品、油田化学品、生物工程化学品、日化产品专用化学品等产品的生产活动
人口学及社会经济学特征	GB/T 4754-2017	国民经济行业分类	C2663	林产化学产品制造	指以林产品为原料，经过化学和物理加工方法生产产品的活动，包括木炭、竹炭生产活动
人口学及社会经济学特征	GB/T 4754-2017	国民经济行业分类	C2664	文化用信息化学品制造	指电影、照相、幻灯及投影用感光材料、冲洗套药，磁、光记录材料，光纤维通讯用辅助材料，及其专用化学制剂的制造
人口学及社会经济学特征	GB/T 4754-2017	国民经济行业分类	C2665	医学生产用信息化学品制造	指医学和其他生产用感光材料、冲洗套药等化学制剂制造
人口学及社会经济学特征	GB/T 4754-2017	国民经济行业分类	C2666	环境污染处理专用药剂材料制造	指对水污染、空气污染、固体废物、土壤污染等污染物处理所专用的化学药剂及材料的制造
人口学及社会经济学特征	GB/T 4754-2017	国民经济行业分类	C2667	动物胶制造	指以动物骨、皮为原料，经一系列工艺处理制成有一定透明度、黏度、纯度的胶产品的生产活动
人口学及社会经济学特征	GB/T 4754-2017	国民经济行业分类	C2669	其他专用化学产品制造	指其他各种用途的专用化学用品的制造
人口学及社会经济学特征	GB/T 4754-2017	国民经济行业分类	C267	炸药、火工及焰火产品制造	
人口学及社会经济学特征	GB/T 4754-2017	国民经济行业分类	C2671	炸药及火工产品制造	指各种军用和生产用炸药、雷管及类似的火工产品的制造
人口学及社会经济学特征	GB/T 4754-2017	国民经济行业分类	C2672	焰火、鞭炮产品制造	指节日、庆典用焰火及民用烟花、鞭炮等产品的制造
人口学及社会经济学特征	GB/T 4754-2017	国民经济行业分类	C268	日用化学产品制造	
人口学及社会经济学特征	GB/T 4754-2017	国民经济行业分类	C2681	肥皂及洗涤剂制造	指以喷洒、涂抹、浸泡等方式施用于肌肤、器皿、织物、硬表面，即冲即洗，起到清洁、去污、渗透、乳化、分散、护理、消毒除菌等功能，广泛用于家居、个人清洁卫生、织物清洁护理、工业清洗、公共设施及环境卫生清洗等领域的产品（固、液、粉、膏、片状等），以及中间体表面活性剂产品的制造
人口学及社会经济学特征	GB/T 4754-2017	国民经济行业分类	C2682	化妆品制造	指以涂抹、喷洒或者其他类似方法，撒布于人体表面任何部位（皮肤、毛发、指甲、口唇等），以达到清洁、消除不良气味、护肤、美容和修饰目的的日用化学工业产品的制造
人口学及社会经济学特征	GB/T 4754-2017	国民经济行业分类	C2683	口腔清洁用品制造	指用于口腔或牙齿清洁卫生制品的生产活动
人口学及社会经济学特征	GB/T 4754-2017	国民经济行业分类	C2684	香料、香精制造	指具有香气和香味，用于调配香精的物质——香料的生产，以及以多种天然香料和合成香料为主要原料，并与其他辅料一起按合理的配方和工艺调配制得的具有一定香型的复杂混合物，主要用于各类加香产品中的香精的生产活动
人口学及社会经济学特征	GB/T 4754-2017	国民经济行业分类	C2689	其他日用化学产品制造	指室内散香或除臭制品，光洁用品，擦洗膏及类似制品，动物用化妆盥洗品，火柴，蜡烛及类似制品等日用化学产品的生产活动
人口学及社会经济学特征	GB/T 4754-2017	国民经济行业分类	C27	医药制造业	
人口学及社会经济学特征	GB/T 4754-2017	国民经济行业分类	C2712710	化学药品原料药制造	指供进一步加工化学药品制剂、生物药品制剂所需的原料药生产活动
人口学及社会经济学特征	GB/T 4754-2017	国民经济行业分类	C2722720	化学药品制剂制造	指直接用于人体疾病防治、诊断的化学药品制剂的制造
人口学及社会经济学特征	GB/T 4754-2017	国民经济行业分类	C2732730	中药饮片加工	指对采集的天然或人工种植、养殖的动物、植物和矿物的药材部位进行加工、炮制，使其符合中药处方调剂或中成药生产使用的活动
人口学及社会经济学特征	GB/T 4754-2017	国民经济行业分类	C2742740	中成药生产	指直接用于人体疾病防治的传统药的加工生产活动
人口学及社会经济学特征	GB/T 4754-2017	国民经济行业分类	C2752750	兽用药品制造	指用于动物疾病防治医药的制造
人口学及社会经济学特征	GB/T 4754-2017	国民经济行业分类	C276	生物药品制品制造	指利用生物技术生产生物化学药品、基因工程药物和疫苗的制剂生产活动
人口学及社会经济学特征	GB/T 4754-2017	国民经济行业分类	C2761	生物药品制造	指利用生物技术生产生物化学药品的生产活动
人口学及社会经济学特征	GB/T 4754-2017	国民经济行业分类	C2762	基因工程药物和疫苗制造	
人口学及社会经济学特征	GB/T 4754-2017	国民经济行业分类	C2772770	卫生材料及医药用品制造	指卫生材料、外科敷料以及其他内、外科用医药制品的制造
人口学及社会经济学特征	GB/T 4754-2017	国民经济行业分类	C2782780	药用辅料及包装材料	
人口学及社会经济学特征	GB/T 4754-2017	国民经济行业分类	C28	化学纤维制造业	
人口学及社会经济学特征	GB/T 4754-2017	国民经济行业分类	C281	纤维素纤维原料及纤维制造	
人口学及社会经济学特征	GB/T 4754-2017	国民经济行业分类	C2811	化纤浆粕制造	指纺织生产用粘胶纤维的基本原料生产活动
人口学及社会经济学特征	GB/T 4754-2017	国民经济行业分类	C2812	人造纤维（纤维素纤维）制造	指用化纤浆粕经化学加工生产纤维的活动
人口学及社会经济学特征	GB/T 4754-2017	国民经济行业分类	C282	合成纤维制造	指以石油、天然气、煤等为主要原料，用有机合成的方法制成单体，聚合后经纺丝加工生产纤维的活动
人口学及社会经济学特征	GB/T 4754-2017	国民经济行业分类	C2821	锦纶纤维制造	也称聚酰胺纤维制造，指由尼龙66盐和聚己内酰胺为主要原料生产合成纤维的活动
人口学及社会经济学特征	GB/T 4754-2017	国民经济行业分类	C2822	涤纶纤维制造	是聚酯纤维制造的一种，指以聚对苯二甲酸乙二醇酯为原料生产合成纤维的活动
人口学及社会经济学特征	GB/T 4754-2017	国民经济行业分类	C2823	腈纶纤维制造	也称聚丙烯腈纤维制造，指以丙烯腈为主要原料（含丙烯腈85%以上）生产合成纤维的活动
人口学及社会经济学特征	GB/T 4754-2017	国民经济行业分类	C2824	维纶纤维制造	也称聚乙烯醇纤维制造，指以聚乙烯醇为主要原料生产合成纤维的活动
人口学及社会经济学特征	GB/T 4754-2017	国民经济行业分类	C2825	丙纶纤维制造	也称聚丙烯纤维制造，指以聚丙烯为主要原料生产合成纤维的活动
人口学及社会经济学特征	GB/T 4754-2017	国民经济行业分类	C2826	氨纶纤维制造	也称聚氨酯纤维制造，指以聚氨基甲酸酯为主要原料生产合成纤维的活动
人口学及社会经济学特征	GB/T 4754-2017	国民经济行业分类	C2829	其他合成纤维制造	
人口学及社会经济学特征	GB/T 4754-2017	国民经济行业分类	C283	生物基材料制造	
人口学及社会经济学特征	GB/T 4754-2017	国民经济行业分类	C2831	生物基化学纤维制造	指以生物单体或天然有机高分子为原料生产纤维的活动，除天然动植物纤维外，特指生物基再生纤维、生物基合成纤维等
人口学及社会经济学特征	GB/T 4754-2017	国民经济行业分类	C2832	生物基、淀粉基新材料制造	指使用可再生生物资源（如玉米、木薯、秸秆等）经过糖化、发酵、聚合等步骤制成的聚乳酸等生物基、淀粉基材料的活动
人口学及社会经济学特征	GB/T 4754-2017	国民经济行业分类	C29	橡胶和塑料制品业	
人口学及社会经济学特征	GB/T 4754-2017	国民经济行业分类	C291	橡胶制品业	指以天然及合成橡胶为原料生产各种橡胶制品的活动，还包括利用废橡胶再生产橡胶制品的活动；不包括橡胶鞋制造
人口学及社会经济学特征	GB/T 4754-2017	国民经济行业分类	C2911	轮胎制造	
人口学及社会经济学特征	GB/T 4754-2017	国民经济行业分类	C2912	橡胶板、管、带制造	指用未硫化的、硫化的或硬质橡胶生产橡胶板状、片状、管状、带状、棒状和异型橡胶制品的活动，以及以橡胶为主要成分，用橡胶灌注、涂层、覆盖或层叠的纺织物、纱绳、钢丝（钢缆）等制作的传动带或输送带的生产活动
人口学及社会经济学特征	GB/T 4754-2017	国民经济行业分类	C2913	橡胶零件制造	指各种用途的橡胶异形制品、橡胶零配件制品的生产活动
人口学及社会经济学特征	GB/T 4754-2017	国民经济行业分类	C2914	再生橡胶制造	指用废橡胶生产再生橡胶的活动
人口学及社会经济学特征	GB/T 4754-2017	国民经济行业分类	C2915	日用及医用橡胶制品制造	
人口学及社会经济学特征	GB/T 4754-2017	国民经济行业分类	C2916	运动场地用塑胶制造	指运动场地、操场及其他特殊场地用的合成材料跑道面层制造和其他塑胶制造
人口学及社会经济学特征	GB/T 4754-2017	国民经济行业分类	C2919	其他橡胶制品制造	
人口学及社会经济学特征	GB/T 4754-2017	国民经济行业分类	C292	塑料制品业	指以合成树脂（高分子化合物）为主要原料，经采用挤塑、注塑、吹塑、压延、层压等工艺加工成型的各种制品的生产，以及利用回收的废旧塑料加工再生产塑料制品的活动；不包括塑料鞋制造
人口学及社会经济学特征	GB/T 4754-2017	国民经济行业分类	C2921	塑料薄膜制造	指用于农业覆盖，工业、商业及日用包装薄膜的制造
人口学及社会经济学特征	GB/T 4754-2017	国民经济行业分类	C2922	塑料板、管、型材制造	指各种塑料板、管及管件、棒材、薄片等生产活动，以及以聚氯乙烯为主要原料，经连续挤出成型的塑料异型材的生产活动
人口学及社会经济学特征	GB/T 4754-2017	国民经济行业分类	C2923	塑料丝、绳及编织品制造	指塑料制丝、绳、扁条，塑料袋及编织袋、编织布等生产活动
人口学及社会经济学特征	GB/T 4754-2017	国民经济行业分类	C2924	泡沫塑料制造	指以合成树脂为主要原料，经发泡成型工艺加工制成内部具有微孔的塑料制品的生产活动
人口学及社会经济学特征	GB/T 4754-2017	国民经济行业分类	C2925	塑料人造革、合成革制造	指外观和手感似皮革，其透气、透湿性虽然略逊色于天然革，但具有优异的物理、机械性能，如强度和耐磨性等，并可代替天然革使用的塑料人造革的生产活动；模拟天然人造革的组成和结构，正反面都与皮革十分相似，比普通人造革更近似天然革，并可代替天然革的塑料合成革的生产活动
人口学及社会经济学特征	GB/T 4754-2017	国民经济行业分类	C2926	塑料包装箱及容器制造	指用吹塑或注塑工艺等制成的，可盛装各种物品或液体物质，以便于储存、运输等用途的塑料包装箱及塑料容器制品的生产活动
人口学及社会经济学特征	GB/T 4754-2017	国民经济行业分类	C2927	日用塑料制品制造	指塑料制餐、厨用具，卫生设备、洁具及其配件，塑料服装，日用塑料装饰品，以及其他日用塑料制品的生产活动
人口学及社会经济学特征	GB/T 4754-2017	国民经济行业分类	C2928	人造草坪制造	指采用合成纤维，植入在机织的基布上，并具有天然草运动性能的人造草制造
人口学及社会经济学特征	GB/T 4754-2017	国民经济行业分类	C2929	塑料零件及其他塑料制品制造	指塑料制绝缘零件、密封制品、紧固件，以及汽车、家具等专用零配件的制造，以及上述未列明的其他各类非日用塑料制品的生产活动
人口学及社会经济学特征	GB/T 4754-2017	国民经济行业分类	C30	非金属矿物制品业	
人口学及社会经济学特征	GB/T 4754-2017	国民经济行业分类	C301	水泥、石灰和石膏制造	
人口学及社会经济学特征	GB/T 4754-2017	国民经济行业分类	C3011	水泥制造	指以水泥熟料加入适量石膏或一定混合材，经研磨设备（水泥磨）磨制到规定的细度，制成水凝水泥的生产活动，还包括水泥熟料的生产活动
人口学及社会经济学特征	GB/T 4754-2017	国民经济行业分类	C3012	石灰和石膏制造	
人口学及社会经济学特征	GB/T 4754-2017	国民经济行业分类	C302	石膏、水泥制品及类似制品制造	
人口学及社会经济学特征	GB/T 4754-2017	国民经济行业分类	C3021	水泥制品制造	指水泥制管、杆、桩、砖、瓦等制品制造
人口学及社会经济学特征	GB/T 4754-2017	国民经济行业分类	C3022	砼结构构件制造	指用于建筑施工工程的水泥混凝土预制构件的生产活动
人口学及社会经济学特征	GB/T 4754-2017	国民经济行业分类	C3023	石棉水泥制品制造	
人口学及社会经济学特征	GB/T 4754-2017	国民经济行业分类	C3024	轻质建筑材料制造	指石膏板、石膏制品及类似轻质建筑材料的制造
人口学及社会经济学特征	GB/T 4754-2017	国民经济行业分类	C3029	其他水泥类似制品制造	指玻璃纤维增强水泥制品，以及其他未列明的水泥制品的制造
人口学及社会经济学特征	GB/T 4754-2017	国民经济行业分类	C303	砖瓦、石材等建筑材料制造	指粘土、陶瓷砖瓦的生产，建筑用石的加工，用废料或废渣生产的建筑材料，以及其他建筑材料的制造
人口学及社会经济学特征	GB/T 4754-2017	国民经济行业分类	C3031	粘土砖瓦及建筑砌块制造	指用粘土和其他材料生产的砖、瓦及建筑砌块的活动
人口学及社会经济学特征	GB/T 4754-2017	国民经济行业分类	C3032	建筑用石加工	指用于建筑、筑路、墓地及其他用途的大理石板、花岗岩等石材的切割、成形和修饰活动
人口学及社会经济学特征	GB/T 4754-2017	国民经济行业分类	C3033	防水建筑材料制造	指以沥青或类似材料为主要原料制造防水材料的活动
人口学及社会经济学特征	GB/T 4754-2017	国民经济行业分类	C3034	隔热和隔音材料制造	指用于隔热、隔音、保温的岩石棉、矿渣棉、膨胀珍珠岩、膨胀蛭石等矿物绝缘材料及其制品的制造，但不包括石棉隔热、隔音材料的制造
人口学及社会经济学特征	GB/T 4754-2017	国民经济行业分类	C3039	其他建筑材料制造	
人口学及社会经济学特征	GB/T 4754-2017	国民经济行业分类	C304	玻璃制造	指任何形态玻璃的生产，以及利用废玻璃再生产玻璃活动，包括特制玻璃的生产
人口学及社会经济学特征	GB/T 4754-2017	国民经济行业分类	C3041	平板玻璃制造	指用浮法、垂直引上法、压延法等生产平板玻璃原片的活动
人口学及社会经济学特征	GB/T 4754-2017	国民经济行业分类	C3042	特种玻璃制造	指具有钢化、单向透视、耐高压、耐高温、隔音、防紫外线、防弹、防爆、中空、夹层、变形、超厚、超薄等某一种特殊功能或特殊工艺的玻璃制造
人口学及社会经济学特征	GB/T 4754-2017	国民经济行业分类	C3049	其他玻璃制造	指未列明的玻璃制造
人口学及社会经济学特征	GB/T 4754-2017	国民经济行业分类	C305	玻璃制品制造	指任何形态玻璃制品的生产，以及利用废玻璃再生产玻璃制品的活动
人口学及社会经济学特征	GB/T 4754-2017	国民经济行业分类	C3051	技术玻璃制品制造	指用于建筑、工业生产的技术玻璃制品的制造
人口学及社会经济学特征	GB/T 4754-2017	国民经济行业分类	C3052	光学玻璃制造	指用于放大镜、显微镜、光学仪器等方面的光学玻璃，日用光学玻璃，钟表用玻璃或类似玻璃，光学玻璃眼镜毛坯的制造，以及未进行光学加工的光学玻璃元件的制造
人口学及社会经济学特征	GB/T 4754-2017	国民经济行业分类	C3053	玻璃仪器制造	指实验室、医疗卫生用各种玻璃仪器和玻璃器皿以及玻璃管的制造
人口学及社会经济学特征	GB/T 4754-2017	国民经济行业分类	C3054	日用玻璃制品制造	指餐厅、厨房、卫生间、室内装饰及其他生活用玻璃制品的制造
人口学及社会经济学特征	GB/T 4754-2017	国民经济行业分类	C3055	玻璃包装容器制造	指主要用于产品包装的各种玻璃容器的制造
人口学及社会经济学特征	GB/T 4754-2017	国民经济行业分类	C3056	玻璃保温容器制造	指玻璃保温瓶和其他个人或家庭用玻璃保温容器的制造
人口学及社会经济学特征	GB/T 4754-2017	国民经济行业分类	C3057	制镜及类似品加工	指以平板玻璃为材料，经对其进行镀银、镀铝，或冷、热加工后成型的镜子及类似制品的制造
人口学及社会经济学特征	GB/T 4754-2017	国民经济行业分类	C3059	其他玻璃制品制造	
人口学及社会经济学特征	GB/T 4754-2017	国民经济行业分类	C306	玻璃纤维和玻璃纤维增强塑料制品制造	
人口学及社会经济学特征	GB/T 4754-2017	国民经济行业分类	C3061	玻璃纤维及制品制造	
人口学及社会经济学特征	GB/T 4754-2017	国民经济行业分类	C3062	玻璃纤维增强塑料制品制造	也称玻璃钢，指用玻璃纤维增强热固性树脂生产塑料制品的活动
人口学及社会经济学特征	GB/T 4754-2017	国民经济行业分类	C307	陶瓷制品制造	
人口学及社会经济学特征	GB/T 4754-2017	国民经济行业分类	C3071	建筑陶瓷制品制造	指用于建筑物的内、外墙及地面装饰或耐酸腐蚀的陶瓷材料（不论是否涂釉）的生产活动，以及水道、排水沟的陶瓷管道及配件的制造
人口学及社会经济学特征	GB/T 4754-2017	国民经济行业分类	C3072	卫生陶瓷制品制造	指卫生和清洁盥洗用的陶瓷用具的生产活动
人口学及社会经济学特征	GB/T 4754-2017	国民经济行业分类	C3073	特种陶瓷制品制造	指专为工业、农业、实验室等领域的各种特定用途和要求，采用特殊生产工艺制造陶瓷制品的生产活动
人口学及社会经济学特征	GB/T 4754-2017	国民经济行业分类	C3074	日用陶瓷制品制造	指以粘土、瓷石、长石、石英等为原料，经破碎、制泥、成型、烧炼等工艺制成，主要供日常生活用的各种瓷器、炻器、陶器等陶瓷制品的制造
人口学及社会经济学特征	GB/T 4754-2017	国民经济行业分类	C3075	陈设艺术陶瓷制造	指以粘土、瓷土、瓷石、长石、石英等为原料，经制胎、施釉、装饰、烧制等工艺制成，主要供欣赏、装饰的陶瓷工艺美术品制造
人口学及社会经济学特征	GB/T 4754-2017	国民经济行业分类	C3076	园艺陶瓷制造	指专门为园林、公园、室外景观的摆设或具有一定功能的大型陶瓷制造
人口学及社会经济学特征	GB/T 4754-2017	国民经济行业分类	C3079	其他陶瓷制品制造	指以石英、长石、瓷土等为原料，经制胎、施釉、装饰、烧成等工艺制成的实用陶瓷的制造，以及其他未列明的陶瓷制品的制造
人口学及社会经济学特征	GB/T 4754-2017	国民经济行业分类	C308	耐火材料制品制造	
人口学及社会经济学特征	GB/T 4754-2017	国民经济行业分类	C3081	石棉制品制造	指以石棉或其他矿物纤维素为基础，制造摩擦制品、石棉纺织制品、石棉橡胶制品、石棉保温隔热材料制品的生产活动
人口学及社会经济学特征	GB/T 4754-2017	国民经济行业分类	C3082	云母制品制造	
人口学及社会经济学特征	GB/T 4754-2017	国民经济行业分类	C3089	耐火陶瓷制品及其他耐火材料制造	指用硅质、粘土质、高铝质等石粉成形的陶瓷隔热制品的制造
人口学及社会经济学特征	GB/T 4754-2017	国民经济行业分类	C309	石墨及其他非金属矿物制品制造	
人口学及社会经济学特征	GB/T 4754-2017	国民经济行业分类	C3091	石墨及碳素制品制造	指以炭、石墨材料加工的特种石墨制品、石墨烯、碳素制品、异形制品，以及用树脂和各种有机物浸渍加工而成的碳素异形产品的制造
人口学及社会经济学特征	GB/T 4754-2017	国民经济行业分类	C3099	其他非金属矿物制品制造	
人口学及社会经济学特征	GB/T 4754-2017	国民经济行业分类	C31	黑色金属冶炼和压延加工业	
人口学及社会经济学特征	GB/T 4754-2017	国民经济行业分类	C3113110	炼铁	指用高炉法、直接还原法、熔融还原法等，将铁从矿石等含铁化合物中还原出来的生产活动
人口学及社会经济学特征	GB/T 4754-2017	国民经济行业分类	C3123120	炼钢	指利用不同来源的氧（如空气、氧气）来氧化炉料（主要是生铁）所含杂质的金属提纯活动
人口学及社会经济学特征	GB/T 4754-2017	国民经济行业分类	C3133130	钢压延加工	指通过热轧、冷加工、锻压和挤压等塑性加工使连铸坯、钢锭产生塑性变形，制成具有一定形状尺寸的钢材产品的生产活动
人口学及社会经济学特征	GB/T 4754-2017	国民经济行业分类	C3143140	铁合金冶炼	指铁与其他一种或一种以上的金属或非金属元素组成的合金生产活动
人口学及社会经济学特征	GB/T 4754-2017	国民经济行业分类	C32	有色金属冶炼和压延加工业	
人口学及社会经济学特征	GB/T 4754-2017	国民经济行业分类	C321	常用有色金属冶炼	指通过熔炼、精炼、电解或其他方法从有色金属矿、废杂金属料等有色金属原料中提炼常用有色金属的生产活动
人口学及社会经济学特征	GB/T 4754-2017	国民经济行业分类	C3211	铜冶炼	指对铜精矿等矿山原料、废杂铜料进行熔炼、精炼、电解等提炼铜的生产活动
人口学及社会经济学特征	GB/T 4754-2017	国民经济行业分类	C3212	铅锌冶炼	
人口学及社会经济学特征	GB/T 4754-2017	国民经济行业分类	C3213	镍钴冶炼	
人口学及社会经济学特征	GB/T 4754-2017	国民经济行业分类	C3214	锡冶炼	
人口学及社会经济学特征	GB/T 4754-2017	国民经济行业分类	C3215	锑冶炼	
人口学及社会经济学特征	GB/T 4754-2017	国民经济行业分类	C3216	铝冶炼	指对铝矿山原料通过冶炼、电解、铸型，以及对废杂铝料进行熔炼等提炼铝的生产活动
人口学及社会经济学特征	GB/T 4754-2017	国民经济行业分类	C3217	镁冶炼	
人口学及社会经济学特征	GB/T 4754-2017	国民经济行业分类	C3218	硅冶炼	
人口学及社会经济学特征	GB/T 4754-2017	国民经济行业分类	C3219	其他常用有色金属冶炼	
人口学及社会经济学特征	GB/T 4754-2017	国民经济行业分类	C322	贵金属冶炼	指对金、银及铂族金属的提炼活动
人口学及社会经济学特征	GB/T 4754-2017	国民经济行业分类	C3221	金冶炼	指用金精（块）矿、阳极泥（冶炼其他有色金属时回收的阳极泥含金）、废杂金提炼黄金的生产活动
人口学及社会经济学特征	GB/T 4754-2017	国民经济行业分类	C3222	银冶炼	指用银精（块）矿、阳极泥（冶炼其他有色金属时回收的阳极泥含银）、废杂银提炼白银的生产活动
人口学及社会经济学特征	GB/T 4754-2017	国民经济行业分类	C3229	其他贵金属冶炼	
人口学及社会经济学特征	GB/T 4754-2017	国民经济行业分类	C323	稀有稀土金属冶炼	指钨钼、稀有轻金属、稀有高熔点金属、稀散金属、稀土金属及其他稀有稀土金属冶炼活动，但不包括钍和铀等放射性金属的冶炼加工
人口学及社会经济学特征	GB/T 4754-2017	国民经济行业分类	C3231	钨钼冶炼	
人口学及社会经济学特征	GB/T 4754-2017	国民经济行业分类	C3232	稀土金属冶炼	
人口学及社会经济学特征	GB/T 4754-2017	国民经济行业分类	C3239	其他稀有金属冶炼	
人口学及社会经济学特征	GB/T 4754-2017	国民经济行业分类	C3243240	有色金属合金制造	指以有色金属为基体，加入一种或几种其他元素所构成的合金生产活动
人口学及社会经济学特征	GB/T 4754-2017	国民经济行业分类	C325	有色金属压延加工	
人口学及社会经济学特征	GB/T 4754-2017	国民经济行业分类	C3251	铜压延加工	指铜及铜合金的压延加工生产活动
人口学及社会经济学特征	GB/T 4754-2017	国民经济行业分类	C3252	铝压延加工	指铝及铝合金的压延加工生产活动
人口学及社会经济学特征	GB/T 4754-2017	国民经济行业分类	C3253	贵金属压延加工	指对金、银及铂族等贵金属，进行轧制、拉制或挤压加工的生产活动
人口学及社会经济学特征	GB/T 4754-2017	国民经济行业分类	C3254	稀有稀土金属压延加工	指对钨、钼、钽等稀有金属材的加工
人口学及社会经济学特征	GB/T 4754-2017	国民经济行业分类	C3259	其他有色金属压延加工	
人口学及社会经济学特征	GB/T 4754-2017	国民经济行业分类	C33	金属制品业	
人口学及社会经济学特征	GB/T 4754-2017	国民经济行业分类	C331	结构性金属制品制造	
人口学及社会经济学特征	GB/T 4754-2017	国民经济行业分类	C3311	金属结构制造	指以铁、钢或铝等金属为主要材料，制造金属构件、金属构件零件、建筑用钢制品及类似品的生产活动，这些制品可以运输，并便于装配、安装或竖立
人口学及社会经济学特征	GB/T 4754-2017	国民经济行业分类	C3312	金属门窗制造	指用金属材料（铝合金或其他金属）制作建筑物用门窗及类似品的生产活动
人口学及社会经济学特征	GB/T 4754-2017	国民经济行业分类	C332	金属工具制造	
人口学及社会经济学特征	GB/T 4754-2017	国民经济行业分类	C3321	切削工具制造	指手工或机床用可互换的切削工具的制造
人口学及社会经济学特征	GB/T 4754-2017	国民经济行业分类	C3322	手工具制造	指在生产和日常生活中，进行装配、安装、维修时使用的手工工具的制造
人口学及社会经济学特征	GB/T 4754-2017	国民经济行业分类	C3323	农用及园林用金属工具制造	指主要用于农牧业生产的小农具，园艺或林业作业用金属工具的制造
人口学及社会经济学特征	GB/T 4754-2017	国民经济行业分类	C3324	刀剪及类似日用金属工具制造	指日常生活用刀剪、刀具、指甲钳等类似金属工具的制造
人口学及社会经济学特征	GB/T 4754-2017	国民经济行业分类	C3329	其他金属工具制造	指上述类别未包括的用于各种用途的金属工具的制造
人口学及社会经济学特征	GB/T 4754-2017	国民经济行业分类	C333	集装箱及金属包装容器制造	
人口学及社会经济学特征	GB/T 4754-2017	国民经济行业分类	C3331	集装箱制造	指专门设计，可长期反复使用，不用换箱内货物，便可从一种运输方式转移到另一种运输方式的放置货物的钢质箱体（其容积大于1m3）的生产活动
人口学及社会经济学特征	GB/T 4754-2017	国民经济行业分类	C3332	金属压力容器制造	指用于存装压缩气体、液化气体及其他具有一定压力的液体物质的金属容器（不论其是否配有顶盖、塞子，或衬有除铁、钢、铝以外的材料）的制造
人口学及社会经济学特征	GB/T 4754-2017	国民经济行业分类	C3333	金属包装容器及材料制造	指主要为商品运输或包装而制作的金属包装容器及附件的制造
人口学及社会经济学特征	GB/T 4754-2017	国民经济行业分类	C3343340	金属丝绳及其制品制造	
人口学及社会经济学特征	GB/T 4754-2017	国民经济行业分类	C335	建筑、安全用金属制品制造	
人口学及社会经济学特征	GB/T 4754-2017	国民经济行业分类	C3351	建筑、家具用金属配件制造	指用于建筑物、家具、交通工具或其他场所和用具的金属装置、锁及其金属配件的制造
人口学及社会经济学特征	GB/T 4754-2017	国民经济行业分类	C3352	建筑装饰及水暖管道零件制造	指用于建筑方面的金属装饰材料，以及建筑工程对中性介质（如水、油、蒸汽、空气、煤气等没有腐蚀性的气体和液体物质）在低压下进行工作的设备和管道上所使用的金属附件的制造
人口学及社会经济学特征	GB/T 4754-2017	国民经济行业分类	C3353	安全、消防用金属制品制造	指安全、消防用金属保险柜、保险箱、消防梯等金属制品的制造
人口学及社会经济学特征	GB/T 4754-2017	国民经济行业分类	C3359	其他建筑、安全用金属制品制造	
人口学及社会经济学特征	GB/T 4754-2017	国民经济行业分类	C3363360	金属表面处理及热处理加工	指对外来的金属物件表面进行的电镀、镀层、抛光、喷涂、着色等专业性作业加工
人口学及社会经济学特征	GB/T 4754-2017	国民经济行业分类	C337	搪瓷制品制造	指在金属坯体表面涂搪瓷釉制成的，具有金属机械强度和瓷釉物化特征，及可装饰性的制品制造
人口学及社会经济学特征	GB/T 4754-2017	国民经济行业分类	C3371	生产专用搪瓷制品制造	指专为工业生产设备、工业产品及家电配套的各种搪瓷制品的制造
人口学及社会经济学特征	GB/T 4754-2017	国民经济行业分类	C3372	建筑装饰搪瓷制品制造	指用于建筑及其装饰方面的搪瓷制品和搪瓷制建筑材料的制造
人口学及社会经济学特征	GB/T 4754-2017	国民经济行业分类	C3373	搪瓷卫生洁具制造	指卫生用和清洁盥洗用搪瓷用具的生产活动
人口学及社会经济学特征	GB/T 4754-2017	国民经济行业分类	C3379	搪瓷日用品及其他搪瓷制品制造	指金属薄板经过成型、搪烧制成的日用品及其他搪瓷制品的制造
人口学及社会经济学特征	GB/T 4754-2017	国民经济行业分类	C338	金属制日用品制造	指以不锈钢、铝等金属为主要原材料，加工制作各种日常生活用金属制品的生产活动
人口学及社会经济学特征	GB/T 4754-2017	国民经济行业分类	C3381	金属制厨房用器具制造	指厨房烹制、调理用各种金属器具、用具的生产活动
人口学及社会经济学特征	GB/T 4754-2017	国民经济行业分类	C3382	金属制餐具和器皿制造	
人口学及社会经济学特征	GB/T 4754-2017	国民经济行业分类	C3383	金属制卫生器具制造	指卫生用和清洁盥洗用的各种金属器具、用具的生产活动
人口学及社会经济学特征	GB/T 4754-2017	国民经济行业分类	C3389	其他金属制日用品制造	
人口学及社会经济学特征	GB/T 4754-2017	国民经济行业分类	C339	铸造及其他金属制品制造	
人口学及社会经济学特征	GB/T 4754-2017	国民经济行业分类	C3391	黑色金属铸造	指铸铁件、铸钢件等各种成品、半成品的制造
人口学及社会经济学特征	GB/T 4754-2017	国民经济行业分类	C3392	有色金属铸造	指有色金属及其合金铸造的各种成品、半成品的制造
人口学及社会经济学特征	GB/T 4754-2017	国民经济行业分类	C3393	锻件及粉末冶金制品制造	指通过对金属坯料进行锻造变形而得到的工件或毛坯，或者将金属粉末和与非金属粉末的混合物通过压制变形、烘焙制作制品和材料的活动，包括自由锻件、模锻件、特殊成形锻件、冷锻件、温锻件、粉末冶金件等制造
人口学及社会经济学特征	GB/T 4754-2017	国民经济行业分类	C3394	交通及公共管理用金属标牌制造	
人口学及社会经济学特征	GB/T 4754-2017	国民经济行业分类	C3399	其他未列明金属制品制造	指其他上述未包括的金属制品的制造；本类别还包括武器弹药的制造
人口学及社会经济学特征	GB/T 4754-2017	国民经济行业分类	C34	通用设备制造业	
人口学及社会经济学特征	GB/T 4754-2017	国民经济行业分类	C341	锅炉及原动设备制造	
人口学及社会经济学特征	GB/T 4754-2017	国民经济行业分类	C3411	锅炉及辅助设备制造	指各种蒸汽锅炉、汽化锅炉，以及除同位素分离器以外的各种核反应堆的制造
人口学及社会经济学特征	GB/T 4754-2017	国民经济行业分类	C3412	内燃机及配件制造	指用于移动或固定用途的往复式、旋转式、火花点火式或压燃式内燃机及配件的制造，但不包括飞机、汽车和摩托车发动机的制造
人口学及社会经济学特征	GB/T 4754-2017	国民经济行业分类	C3413	汽轮机及辅机制造	指汽轮机和燃气轮机（蒸汽涡轮机）的制造
人口学及社会经济学特征	GB/T 4754-2017	国民经济行业分类	C3414	水轮机及辅机制造	
人口学及社会经济学特征	GB/T 4754-2017	国民经济行业分类	C3415	风能原动设备制造	指风能发电设备及其他风能原动设备制造
人口学及社会经济学特征	GB/T 4754-2017	国民经济行业分类	C3419	其他原动设备制造	
人口学及社会经济学特征	GB/T 4754-2017	国民经济行业分类	C342	金属加工机械制造	
人口学及社会经济学特征	GB/T 4754-2017	国民经济行业分类	C3421	金属切削机床制造	指用于加工金属的各种切削加工数控机床及普通机床的制造
人口学及社会经济学特征	GB/T 4754-2017	国民经济行业分类	C3422	金属成形机床制造	指以锻压、锤击和模压方式加工金属的机床，或以弯曲、折叠、矫直、剪切、冲压、开槽、拉丝等方式加工金属的数控机床及普通机床的制造
人口学及社会经济学特征	GB/T 4754-2017	国民经济行业分类	C3423	铸造机械制造	指金属铸件（机械零件毛坯件）铸造用专用设备及其专门配套件的制造，普通铸造设备、制芯设备、砂处理设备、清理设备和特种铸造设备等制造
人口学及社会经济学特征	GB/T 4754-2017	国民经济行业分类	C3424	金属切割及焊接设备制造	指将电能及其他形式的能量转换为切割、焊接能量对金属进行切割、焊接设备的制造
人口学及社会经济学特征	GB/T 4754-2017	国民经济行业分类	C3425	机床功能部件及附件制造	指实现机床核心功能的零件和部件的制造，以及扩大机床加工性能和使用范围的附属装置的制造
人口学及社会经济学特征	GB/T 4754-2017	国民经济行业分类	C3429	其他金属加工机械制造	
人口学及社会经济学特征	GB/T 4754-2017	国民经济行业分类	C343	物料搬运设备制造	指在工厂、仓库、码头、站台及其他场地，进行起重、输送、装卸、搬运、堆码、存储等作业的机械设备以及车辆及其专门配套件的制造
人口学及社会经济学特征	GB/T 4754-2017	国民经济行业分类	C3431	轻小型起重设备制造	指结构轻巧、动作简单、可在狭小场地升降或移动重物的简易起重设备及器具的制造；包括起重滑车、手动葫芦、电动葫芦、普通卷扬机、千斤顶、汽车举升机、单轨小车等制造
人口学及社会经济学特征	GB/T 4754-2017	国民经济行业分类	C3432	生产专用起重机制造	指具有起升、行走等主要工作机构的各种起重机及其专门配套件的制造
人口学及社会经济学特征	GB/T 4754-2017	国民经济行业分类	C3433	生产专用车辆制造	指用于生产企业内部，进行装卸、堆跺或短距离搬运、牵引、顶推等作业的无轨车辆及其专门配套件的制造；包括电动叉车、内燃叉车、集装箱正面吊运机、短距离牵引车及固定平台搬运车、跨运车，以及手动搬运、堆跺车等制造
人口学及社会经济学特征	GB/T 4754-2017	国民经济行业分类	C3434	连续搬运设备制造	指在同一方向上，按照规定的线路连续或间歇地运送或装卸散状物料和成件物品的搬运设备及其专门配套件的制造；包括输送机械、装卸机械、给料机械等三类产品及其专门配套件的制造
人口学及社会经济学特征	GB/T 4754-2017	国民经济行业分类	C3435	电梯、自动扶梯及升降机制造	指各种电梯、自动扶梯及自动人行道、升降机及其专门配套件的制造
人口学及社会经济学特征	GB/T 4754-2017	国民经济行业分类	C3436	客运索道制造	指动力驱动，利用柔性绳索牵引箱体等运载工具运送人员的机电设备，包括客运架空索道、客运缆车、客运拖牵索道等制造
人口学及社会经济学特征	GB/T 4754-2017	国民经济行业分类	C3437	机械式停车设备制造	指采用机械方法存取、停放汽车的机械装置或设备系统的制造，包括平面移动类、巷道堆垛类、垂直升降类、升降横移类、简易升降类停车设备
人口学及社会经济学特征	GB/T 4754-2017	国民经济行业分类	C3439	其他物料搬运设备制造	指除上述以外的其他物料搬运设备及其专门配套件的制造
人口学及社会经济学特征	GB/T 4754-2017	国民经济行业分类	C344	泵、阀门、压缩机及类似机械制造	指泵、真空设备、压缩机，液压和气压动力机械及类似机械和阀门的制造
人口学及社会经济学特征	GB/T 4754-2017	国民经济行业分类	C3441	泵及真空设备制造	指用以输送各种液体、液固混合体、液气混合体及其增压、循环、真空等用途的设备制造
人口学及社会经济学特征	GB/T 4754-2017	国民经济行业分类	C3442	气体压缩机械制造	指对气体进行压缩，使其压力提高到340kPa以上的压缩机械的制造
人口学及社会经济学特征	GB/T 4754-2017	国民经济行业分类	C3443	阀门和旋塞制造	指通过改变其流道面积的大小，用以控制流体流量、压力和流向的装置制造
人口学及社会经济学特征	GB/T 4754-2017	国民经济行业分类	C3444	液压动力机械及元件制造	指以液体为工作介质，依靠液体压力能，来进行能量转换、传递、控制和分配的元件和装置制造
人口学及社会经济学特征	GB/T 4754-2017	国民经济行业分类	C3445	液力动力机械元件制造	指以液体为工作介质，依靠液体动量矩，来进行能量转换、传递、控制和分配的元件和装置制造
人口学及社会经济学特征	GB/T 4754-2017	国民经济行业分类	C3446	气压动力机械及元件制造	指以气体为工作介质，靠气压动力来传送能量的装置制造
人口学及社会经济学特征	GB/T 4754-2017	国民经济行业分类	C345	轴承、齿轮和传动部件制造	
人口学及社会经济学特征	GB/T 4754-2017	国民经济行业分类	C3451	滚动轴承制造	指将运转的轴与轴座之间的滑动摩擦变为滚动摩擦，从而减少摩擦损失的一种精密的机械元件的制造
人口学及社会经济学特征	GB/T 4754-2017	国民经济行业分类	C3452	滑动轴承制造	指在滑动摩擦下工作的轴承制造
人口学及社会经济学特征	GB/T 4754-2017	国民经济行业分类	C3453	齿轮及齿轮减、变速箱制造	指用于传递动力和转速的齿轮和齿轮减(增）速箱（机、器）、齿轮变速箱的制造；不包括汽车变速箱等制造
人口学及社会经济学特征	GB/T 4754-2017	国民经济行业分类	C3459	其他传动部件制造	指除齿轮及齿轮减、变速箱以外的其他相关传动装置制造；包括链传动、带传动、离合器、联轴节、制动器、平衡系统及其配套件制造
人口学及社会经济学特征	GB/T 4754-2017	国民经济行业分类	C346	烘炉、风机、包装等设备制造	
人口学及社会经济学特征	GB/T 4754-2017	国民经济行业分类	C3461	烘炉、熔炉及电炉制造	指使用液体燃料、粉状固体燃料（焚化炉）或气体燃料，进行煅烧、熔化或其他热处理用的非电力熔炉、窑炉和烘炉等燃烧器的制造，以及工业或实验室用电炉及零件的制造
人口学及社会经济学特征	GB/T 4754-2017	国民经济行业分类	C3462	风机、风扇制造	指用来输送各种气体，以及气体增压、循环、通风换气、排尘等设备的制造
人口学及社会经济学特征	GB/T 4754-2017	国民经济行业分类	C3463	气体、液体分离及纯净设备制造	指对气体进行杂质的去除，提高气体的纯度的气体净化设备制造；仅对气、液混合物进行分离，不改变气体、液体性质的气、液分离设备制造；对各种混合气体进行分离及液化的气体分离成套设备制造
人口学及社会经济学特征	GB/T 4754-2017	国民经济行业分类	C3464	制冷、空调设备制造	指用于专业生产、商业经营等方面的制冷设备和空调设备的制造，但不包括家用空调设备的制造
人口学及社会经济学特征	GB/T 4754-2017	国民经济行业分类	C3465	风动和电动工具制造	指带有电动机、非电力发动机或风动装置的手工操作加工工具的制造
人口学及社会经济学特征	GB/T 4754-2017	国民经济行业分类	C3466	喷枪及类似器具制造	
人口学及社会经济学特征	GB/T 4754-2017	国民经济行业分类	C3467	包装专用设备制造	指对瓶、桶、箱、袋或其他容器的洗涤、干燥、装填、密封和贴标签等专用包装机械的制造
人口学及社会经济学特征	GB/T 4754-2017	国民经济行业分类	C347	文化、办公用机械制造	
人口学及社会经济学特征	GB/T 4754-2017	国民经济行业分类	C3471	电影机械制造	指各种类型或用途的电影摄影机、电影录音摄影机、影像放映机及电影辅助器材和配件的制造
人口学及社会经济学特征	GB/T 4754-2017	国民经济行业分类	C3472	幻灯及投影设备制造	指通过媒体将在电子成像器件上的文字图像、胶片上的文字图像、纸张上的文字图像及实物投射到银幕上的各种设备、器材及零配件的制造
人口学及社会经济学特征	GB/T 4754-2017	国民经济行业分类	C3473	照相机及器材制造	指各种类型或用途的照相机的制造；包括用以制备印刷板，用于水下或空中照相的照相机制造，以及照相机用闪光装置、摄影暗室装置和零件的制造
人口学及社会经济学特征	GB/T 4754-2017	国民经济行业分类	C3474	复印和胶印设备制造	指各种用途的复印设备和集复印、打印、扫描、传真为一体的多功能一体机的制造；以及主要用于办公室的胶印设备、文字处理设备及零件的制造
人口学及社会经济学特征	GB/T 4754-2017	国民经济行业分类	C3475	计算器及货币专用设备制造	指金融、商业、交通及办公等使用的电子计算器、具有计算功能的数据记录、重现和显示机器的制造；以及货币专用设备及类似机械的制造
人口学及社会经济学特征	GB/T 4754-2017	国民经济行业分类	C3479	其他文化、办公用机械制造	
人口学及社会经济学特征	GB/T 4754-2017	国民经济行业分类	C348	通用零部件制造	
人口学及社会经济学特征	GB/T 4754-2017	国民经济行业分类	C3481	金属密封件制造	指以金属为原料制作密封件的生产活动
人口学及社会经济学特征	GB/T 4754-2017	国民经济行业分类	C3482	紧固件制造	
人口学及社会经济学特征	GB/T 4754-2017	国民经济行业分类	C3483	弹簧制造	
人口学及社会经济学特征	GB/T 4754-2017	国民经济行业分类	C3484	机械零部件加工	指对专用和通用机械零部件的加工
人口学及社会经济学特征	GB/T 4754-2017	国民经济行业分类	C3489	其他通用零部件制造	
人口学及社会经济学特征	GB/T 4754-2017	国民经济行业分类	C349	其他通用设备制造业	
人口学及社会经济学特征	GB/T 4754-2017	国民经济行业分类	C3491	工业机器人制造	指用于工业自动化领域的工业机器人的制造
人口学及社会经济学特征	GB/T 4754-2017	国民经济行业分类	C3492	特殊作业机器人制造	指用于特殊性作业的机器人制造，如水下、危险环境、高空作业、国防、科考、特殊搬运、农业等特殊作业机器人制造
人口学及社会经济学特征	GB/T 4754-2017	国民经济行业分类	C3493	增材制造装备制造	指以增材制造技术进行加工的设备制造和零部件制造
人口学及社会经济学特征	GB/T 4754-2017	国民经济行业分类	C3499	其他未列明通用设备制造业	
人口学及社会经济学特征	GB/T 4754-2017	国民经济行业分类	C35	专用设备制造业	
人口学及社会经济学特征	GB/T 4754-2017	国民经济行业分类	C351	采矿、冶金、建筑专用设备制造	
人口学及社会经济学特征	GB/T 4754-2017	国民经济行业分类	C3511	矿山机械制造	指用于各种固体矿物及石料的开采和洗选的机械设备及其专门配套设备的制造；包括建井设备，采掘、凿岩设备，矿山提升设备，矿物破碎、粉磨设备，矿物筛分、洗选设备，矿用牵引车及矿车等产品及其专用配套件的制造
人口学及社会经济学特征	GB/T 4754-2017	国民经济行业分类	C3512	石油钻采专用设备制造	指对陆地和近海石油、天然气等专用开采设备的制造；不包括深海石油、天然气勘探开采平台及相关漂浮设备的制造
人口学及社会经济学特征	GB/T 4754-2017	国民经济行业分类	C3513	深海石油钻探设备制造	指对万米以上海洋的石油、天然气等专用开采设备的制造；不包括万米以下浅海和陆地石油、天然气勘探开采平台及相关漂浮设备的制造
人口学及社会经济学特征	GB/T 4754-2017	国民经济行业分类	C3514	建筑工程用机械制造	指建筑施工及市政公共工程用机械的制造，包括土方机械、筑路机械、具有回转、变幅功能的工程起重机、建筑起重机等
人口学及社会经济学特征	GB/T 4754-2017	国民经济行业分类	C3515	建筑材料生产专用机械制造	指生产水泥、水泥制品、玻璃及玻璃纤维、建筑陶瓷、砖瓦等建筑材料所使用的各种生产、搅拌成型机械的制造
人口学及社会经济学特征	GB/T 4754-2017	国民经济行业分类	C3516	冶金专用设备制造	指金属冶炼、锭坯铸造、轧制及其专用配套设备等生产专用设备的制造
人口学及社会经济学特征	GB/T 4754-2017	国民经济行业分类	C3517	隧道施工专用机械制造	指用于地下非开挖施工专用机械的制造，包括隧道掘进机（盾构机和硬岩掘进机）、顶管机、水平定向钻等
人口学及社会经济学特征	GB/T 4754-2017	国民经济行业分类	C352	化工、木材、非金属加工专用设备制造	
人口学及社会经济学特征	GB/T 4754-2017	国民经济行业分类	C3521	炼油、化工生产专用设备制造	指炼油、化学工业生产专用设备的制造，但不包括包装机械等通用设备的制造
人口学及社会经济学特征	GB/T 4754-2017	国民经济行业分类	C3522	橡胶加工专用设备制造	指加工橡胶，或以橡胶为材料生产橡胶制品的专用机械制造
人口学及社会经济学特征	GB/T 4754-2017	国民经济行业分类	C3523	塑料加工专用设备制造	指塑料加工工业中所使用的各类专用机械和装置的制造
人口学及社会经济学特征	GB/T 4754-2017	国民经济行业分类	C3524	木竹材加工机械制造	指在木竹材、木竹质板材、木制品及竹制品加工过程中的各类机械和设备的制造
人口学及社会经济学特征	GB/T 4754-2017	国民经济行业分类	C3525	模具制造	指金属铸造用模具、矿物材料用模具、橡胶或塑料用模具及其他用途的模具的制造
人口学及社会经济学特征	GB/T 4754-2017	国民经济行业分类	C3529	其他非金属加工专用设备制造	
人口学及社会经济学特征	GB/T 4754-2017	国民经济行业分类	C353	食品、饮料、烟草及饲料生产专用设备制造	
人口学及社会经济学特征	GB/T 4754-2017	国民经济行业分类	C3531	食品、酒、饮料及茶生产专用设备制造	指主要用于食品、酒、饮料生产及茶制品加工等专用设备的制造
人口学及社会经济学特征	GB/T 4754-2017	国民经济行业分类	C3532	农副食品加工专用设备制造	指对谷物、干豆类等农作物的筛选、碾磨、储存等专用机械，糖料和油料作物加工机械，畜禽屠宰、水产品加工及盐加工机械的制造
人口学及社会经济学特征	GB/T 4754-2017	国民经济行业分类	C3533	烟草生产专用设备制造	
人口学及社会经济学特征	GB/T 4754-2017	国民经济行业分类	C3534	饲料生产专用设备制造	
人口学及社会经济学特征	GB/T 4754-2017	国民经济行业分类	C354	印刷、制药、日化及日用品生产专用设备制造	
人口学及社会经济学特征	GB/T 4754-2017	国民经济行业分类	C3541	制浆和造纸专用设备制造	指在制浆、造纸、纸加工及纸制品的生产过程中所用的各类机械和设备的制造
人口学及社会经济学特征	GB/T 4754-2017	国民经济行业分类	C3542	印刷专用设备制造	指使用印刷或其他方式将图文信息转移到承印物上的专用生产设备的制造
人口学及社会经济学特征	GB/T 4754-2017	国民经济行业分类	C3543	日用化工专用设备制造	指日用化学工业产品，如洗涤用品、口腔清洁用品、化妆品、香精、香料、动物胶、感光材料及其他日用化学制品专用生产设备的制造
人口学及社会经济学特征	GB/T 4754-2017	国民经济行业分类	C3544	制药专用设备制造	指化学原料药和药剂、中药饮片及中成药专用生产设备的制造
人口学及社会经济学特征	GB/T 4754-2017	国民经济行业分类	C3545	照明器具生产专用设备制造	指用于生产各种类型电光源产品和各种照明器具产品的专用生产设备的制造
人口学及社会经济学特征	GB/T 4754-2017	国民经济行业分类	C3546	玻璃、陶瓷和搪瓷制品生产专用设备制造	指用于生产加工玻璃制品、玻璃器皿的专用机械，陶瓷器等类似产品的加工机床和生产专用机械，以及搪瓷制品生产设备的制造
人口学及社会经济学特征	GB/T 4754-2017	国民经济行业分类	C3549	其他日用品生产专用设备制造	指上述未列明的日用品、工艺美术品的生产专用机械设备的制造
人口学及社会经济学特征	GB/T 4754-2017	国民经济行业分类	C355	纺织、服装和皮革加工专用设备制造	
人口学及社会经济学特征	GB/T 4754-2017	国民经济行业分类	C3551	纺织专用设备制造	指纺织纤维预处理、纺纱、织造和针织机械的制造
人口学及社会经济学特征	GB/T 4754-2017	国民经济行业分类	C3552	皮革、毛皮及其制品加工专用设备制造	指在制革、毛皮鞣制及其制品的加工生产过程中所使用的各种专用设备的制造
人口学及社会经济学特征	GB/T 4754-2017	国民经济行业分类	C3553	缝制机械制造	指用于服装、鞋帽、箱包等制作的专用缝纫机械制造，以及生产加工各种面料服装、鞋帽所包括的铺布、裁剪、整烫、输送管理等机械和羽绒加工设备的制造
人口学及社会经济学特征	GB/T 4754-2017	国民经济行业分类	C3554	洗涤机械制造	指洗衣店等专业洗衣机械的制造；不包括家用洗衣机的制造
人口学及社会经济学特征	GB/T 4754-2017	国民经济行业分类	C356	电子和电工机械专用设备制造	
人口学及社会经济学特征	GB/T 4754-2017	国民经济行业分类	C3561	电工机械专用设备制造	指电机、电线、电缆等电站、电工专用机械及器材的生产设备的制造
人口学及社会经济学特征	GB/T 4754-2017	国民经济行业分类	C3562	半导体器件专用设备制造	指生产集成电路、二极管（含发光二极管）、三极管、太阳能电池片的设备的制造
人口学及社会经济学特征	GB/T 4754-2017	国民经济行业分类	C3563	电子元器件与机电组件设备制造	指生产电容、电阻、电感、印制电路板、电声元件、锂离子电池等电子元器件与机电组件的设备的制造
人口学及社会经济学特征	GB/T 4754-2017	国民经济行业分类	C3569	其他电子专用设备制造	指电子（气）物理设备及其他未列明的电子设备的制造
人口学及社会经济学特征	GB/T 4754-2017	国民经济行业分类	C357	农、林、牧、渔专用机械制造	
人口学及社会经济学特征	GB/T 4754-2017	国民经济行业分类	C3571	拖拉机制造	
人口学及社会经济学特征	GB/T 4754-2017	国民经济行业分类	C3572	机械化农业及园艺机具制造	指用于土壤处理，作物种植或施肥，种植物收割的农业、园艺或其他机械的制造
人口学及社会经济学特征	GB/T 4754-2017	国民经济行业分类	C3573	营林及木竹采伐机械制造	
人口学及社会经济学特征	GB/T 4754-2017	国民经济行业分类	C3574	畜牧机械制造	指草原建设、管理，畜禽养殖及畜禽产品采集等专用机械的制造
人口学及社会经济学特征	GB/T 4754-2017	国民经济行业分类	C3575	渔业机械制造	指渔业养殖、渔业捕捞等专用设备的制造
人口学及社会经济学特征	GB/T 4754-2017	国民经济行业分类	C3576	农林牧渔机械配件制造	指拖拉机配件和其他农林牧渔机械配件的制造
人口学及社会经济学特征	GB/T 4754-2017	国民经济行业分类	C3577	棉花加工机械制造	指棉花加工专用机械制造，棉花加工成套设备的制造和安装
人口学及社会经济学特征	GB/T 4754-2017	国民经济行业分类	C3579	其他农、林、牧、渔业机械制造	指用于农产品初加工机械，以及其他未列明的农、林、牧、渔业机械的制造
人口学及社会经济学特征	GB/T 4754-2017	国民经济行业分类	C358	医疗仪器设备及器械制造	
人口学及社会经济学特征	GB/T 4754-2017	国民经济行业分类	C3581	医疗诊断、监护及治疗设备制造	指用于内科、外科、眼科、妇产科等医疗专用诊断、监护、治疗等方面的设备制造
人口学及社会经济学特征	GB/T 4754-2017	国民经济行业分类	C3582	口腔科用设备及器具制造	指用于口腔治疗、修补设备及器械的制造
人口学及社会经济学特征	GB/T 4754-2017	国民经济行业分类	C3583	医疗实验室及医用消毒设备和器具制造	指医疗实验室或医疗用消毒、灭菌设备及器具的制造
人口学及社会经济学特征	GB/T 4754-2017	国民经济行业分类	C3584	医疗、外科及兽医用器械制造	指各种手术室、急救室、诊疗室等医疗专用及兽医用手术器械、医疗诊断用品和医疗用具的制造
人口学及社会经济学特征	GB/T 4754-2017	国民经济行业分类	C3585	机械治疗及病房护理设备制造	指各种治疗设备、病房护理及康复专用设备的制造
人口学及社会经济学特征	GB/T 4754-2017	国民经济行业分类	C3586	康复辅具制造	指用于改善、补偿、替代人体功能和辅助性治疗康复辅助器具的制造，适用于残疾人和老年人生活护理、运动康复、教育和就业辅助、残疾儿童康复等；主要包括假肢、矫形器、轮椅和助行器、助听器和人工耳蜗等产品和零部件的制造，也包括智能仿生假肢、远程康复系统、虚拟现实康复训练设备等其他康复类产品的制造
人口学及社会经济学特征	GB/T 4754-2017	国民经济行业分类	C3587	眼镜制造	指眼镜成镜、眼镜框架和零配件、眼镜镜片、角膜接触镜（隐形眼镜）及护理产品的制造
人口学及社会经济学特征	GB/T 4754-2017	国民经济行业分类	C3589	其他医疗设备及器械制造	指外科、牙科等医疗专用及兽医用家具器械的制造和人工器官及植（介）入器械制造，以及其他未列明的医疗设备及器械的制造
人口学及社会经济学特征	GB/T 4754-2017	国民经济行业分类	C359	环保、邮政、社会公共服务及其他专用设备制造	
人口学及社会经济学特征	GB/T 4754-2017	国民经济行业分类	C3591	环境保护专用设备制造	指用于大气污染防治、水污染防治、固体废弃物处理、土壤修复和抽样、噪声与振动控制、环境应急等环境污染防治专用设备制造
人口学及社会经济学特征	GB/T 4754-2017	国民经济行业分类	C3592	地质勘查专用设备制造	指地质勘查（勘探）专用设备的制造；不包括通用钻采、挖掘机械的制造
人口学及社会经济学特征	GB/T 4754-2017	国民经济行业分类	C3593	邮政专用机械及器材制造	
人口学及社会经济学特征	GB/T 4754-2017	国民经济行业分类	C3594	商业、饮食、服务专用设备制造	
人口学及社会经济学特征	GB/T 4754-2017	国民经济行业分类	C3595	社会公共安全设备及器材制造	指公安、消防、安全等社会公共安全设备及器材的制造和加工
人口学及社会经济学特征	GB/T 4754-2017	国民经济行业分类	C3596	交通安全、管制及类似专用设备制造	指除铁路运输以外的道路运输、水上运输及航空运输等有关的管理、安全、控制专用设备的制造；不包括电气照明设备、信号设备的制造
人口学及社会经济学特征	GB/T 4754-2017	国民经济行业分类	C3597	水资源专用机械制造	指水利工程管理、节水工程及水的生产、供应专用设备的制造
人口学及社会经济学特征	GB/T 4754-2017	国民经济行业分类	C3599	其他专用设备制造	指上述类别中未列明的其他专用设备的制造，包括同位素设备的制造
人口学及社会经济学特征	GB/T 4754-2017	国民经济行业分类	C36	汽车制造业	
人口学及社会经济学特征	GB/T 4754-2017	国民经济行业分类	C361	汽车整车制造	
人口学及社会经济学特征	GB/T 4754-2017	国民经济行业分类	C3611	汽柴油车整车制造	指由传统燃料动力装置驱动，具有四个以上车轮的非轨道、无架线的车辆，并主要用于载送人员和（或）货物、牵引输送人员和（或）货物的车辆制造
人口学及社会经济学特征	GB/T 4754-2017	国民经济行业分类	C3612	新能源车整车制造	指采用新型动力系统，完全或主要依靠新型能源驱动的汽车，包括插电式混合动力（含增程式）汽车、纯电动汽车和燃料电池电动汽车等
人口学及社会经济学特征	GB/T 4754-2017	国民经济行业分类	C3623620	汽车用发动机制造	
人口学及社会经济学特征	GB/T 4754-2017	国民经济行业分类	C3633630	改装汽车制造	指利用外购汽车底盘改装各类汽车的制造
人口学及社会经济学特征	GB/T 4754-2017	国民经济行业分类	C3643640	低速汽车制造	指最高时速限制在规定范围内的农用三轮或四轮等载货汽车的制造
人口学及社会经济学特征	GB/T 4754-2017	国民经济行业分类	C3653650	电车制造	指以电作为动力，以屏板或可控硅方式控制的城市内交通工具和专用交通工具的制造
人口学及社会经济学特征	GB/T 4754-2017	国民经济行业分类	C3663660	汽车车身、挂车制造	指其设计和技术特性需由汽车牵引，才能正常行驶的一种无动力的道路车辆的制造
人口学及社会经济学特征	GB/T 4754-2017	国民经济行业分类	C3673670	汽车零部件及配件制造	指机动车辆及其车身的各种零配件的制造
人口学及社会经济学特征	GB/T 4754-2017	国民经济行业分类	C37	铁路、船舶、航空航天和其他运输设备制造业	
人口学及社会经济学特征	GB/T 4754-2017	国民经济行业分类	C371	铁路运输设备制造	
人口学及社会经济学特征	GB/T 4754-2017	国民经济行业分类	C3711	高铁车组制造	指以外来电源或以蓄电池驱动的，或以压燃式发动机及其他方式驱动的，能够牵引高速铁路车辆的动力机车、高铁车组、铁路动车组的制造
人口学及社会经济学特征	GB/T 4754-2017	国民经济行业分类	C3712	铁路机车车辆制造	指非高铁、动车机组的铁路机车制造，以及用于运送旅客和用以装运货物的客车、货车及其他铁路专用车辆的制造
人口学及社会经济学特征	GB/T 4754-2017	国民经济行业分类	C3713	窄轨机车车辆制造	指可用于交通运输的窄轨内燃机车、电力机车和窄轨非机动车的制造
人口学及社会经济学特征	GB/T 4754-2017	国民经济行业分类	C3714	高铁设备、配件制造	
人口学及社会经济学特征	GB/T 4754-2017	国民经济行业分类	C3715	铁路机车车辆配件制造	指铁道或有轨机车及其拖拽车辆的专用零配件的制造
人口学及社会经济学特征	GB/T 4754-2017	国民经济行业分类	C3716	铁路专用设备及器材、配件制造	指铁路安全或交通控制设备的制造，以及其他铁路专用设备及器材、配件的制造
人口学及社会经济学特征	GB/T 4754-2017	国民经济行业分类	C3719	其他铁路运输设备制造	
人口学及社会经济学特征	GB/T 4754-2017	国民经济行业分类	C3723720	城市轨道交通设备制造	
人口学及社会经济学特征	GB/T 4754-2017	国民经济行业分类	C373	船舶及相关装置制造	
人口学及社会经济学特征	GB/T 4754-2017	国民经济行业分类	C3731	金属船舶制造	指以钢质、铝质等各种金属为主要材料，为民用或军事部门建造远洋、近海或内陆河湖的金属船舶的制造
人口学及社会经济学特征	GB/T 4754-2017	国民经济行业分类	C3732	非金属船舶制造	指以各种木材、水泥、玻璃钢等非金属材料，为民用或军事部门建造船舶的活动
人口学及社会经济学特征	GB/T 4754-2017	国民经济行业分类	C3733	娱乐船和运动船制造	指游艇和用于娱乐或运动的其他船只的制造
人口学及社会经济学特征	GB/T 4754-2017	国民经济行业分类	C3734	船用配套设备制造	指船用主机、辅机设备的制造
人口学及社会经济学特征	GB/T 4754-2017	国民经济行业分类	C3735	船舶改装	指按规范要求对船舶船体、设备、系统、结构等改装
人口学及社会经济学特征	GB/T 4754-2017	国民经济行业分类	C3736	船舶拆除	
人口学及社会经济学特征	GB/T 4754-2017	国民经济行业分类	C3737	海洋工程装备制造	指海上工程、海底工程、近海工程的专用设备制造，不含港口工程设备以及船舶、潜水、救捞等设备制造
人口学及社会经济学特征	GB/T 4754-2017	国民经济行业分类	C3739	航标器材及其他相关装置制造	指用于航标的各种器材，以及不以航行为主的船只的制造，不含海上浮动装置的制造
人口学及社会经济学特征	GB/T 4754-2017	国民经济行业分类	C374	航空、航天器及设备制造	
人口学及社会经济学特征	GB/T 4754-2017	国民经济行业分类	C3741	飞机制造	指在大气同温层以内飞行的用于运货或载客，用于国防，以及用于体育运动或其他用途的各种飞机及其零件的制造，包括飞机发动机的制造
人口学及社会经济学特征	GB/T 4754-2017	国民经济行业分类	C3742	航天器及运载火箭制造	
人口学及社会经济学特征	GB/T 4754-2017	国民经济行业分类	C3743	航天相关设备制造	包括航天试验专用设备设施（宇航模拟设备、航天风洞、电磁、真空专用设备设施、其他航天试验专用设备设施）和总装调试测试设备（航天器总装调试测试设备、运载火箭总装调试测试设备）等专用设备、设施的制造
人口学及社会经济学特征	GB/T 4754-2017	国民经济行业分类	C3744	航空相关设备制造	
人口学及社会经济学特征	GB/T 4754-2017	国民经济行业分类	C3749	其他航空航天器制造	
人口学及社会经济学特征	GB/T 4754-2017	国民经济行业分类	C375	摩托车制造	
人口学及社会经济学特征	GB/T 4754-2017	国民经济行业分类	C3751	摩托车整车制造	指不论是否装有边斗的摩托车制造，包括摩托车发动机的制造
人口学及社会经济学特征	GB/T 4754-2017	国民经济行业分类	C3752	摩托车零部件及配件制造	
人口学及社会经济学特征	GB/T 4754-2017	国民经济行业分类	C376	自行车和残疾人座车制造	
人口学及社会经济学特征	GB/T 4754-2017	国民经济行业分类	C3761	自行车制造	指未装马达，主要以脚蹬驱动，装有一个或多个轮子的脚踏车辆及其零件的制造
人口学及社会经济学特征	GB/T 4754-2017	国民经济行业分类	C3762	残疾人座车制造	
人口学及社会经济学特征	GB/T 4754-2017	国民经济行业分类	C3773770	助动车制造	指以出行代步为主要功能，主要以蓄电池等作为辅助能源，具有两个、三个、四个车轮，电动或电动助力功能的特种助力车及其零件的制造
人口学及社会经济学特征	GB/T 4754-2017	国民经济行业分类	C3783780	非公路休闲车及零配件制造	指以运动休闲娱乐为主要功能，包括运动休闲车（不含跑车、山地车和越野车）、一轮、两轮、四轮休闲车、滑板车、草地车、观光车等制造
人口学及社会经济学特征	GB/T 4754-2017	国民经济行业分类	C379	潜水救捞及其他未列明运输设备制造	
人口学及社会经济学特征	GB/T 4754-2017	国民经济行业分类	C3791	潜水装备制造	指潜水装置的制造
人口学及社会经济学特征	GB/T 4754-2017	国民经济行业分类	C3792	水下救捞装备制造	指水下作业、救捞装备的制造
人口学及社会经济学特征	GB/T 4754-2017	国民经济行业分类	C3799	其他未列明运输设备制造	指手推车辆、牲畜牵引车辆的制造，以及上述未列明的交通运输设备的制造
人口学及社会经济学特征	GB/T 4754-2017	国民经济行业分类	C38	电气机械和器材制造业	
人口学及社会经济学特征	GB/T 4754-2017	国民经济行业分类	C381	电机制造	
人口学及社会经济学特征	GB/T 4754-2017	国民经济行业分类	C3811	发电机及发电机组制造	指发电机及其辅助装置、发电成套设备的制造
人口学及社会经济学特征	GB/T 4754-2017	国民经济行业分类	C3812	电动机制造	指交流或直流电动机及零件的制造
人口学及社会经济学特征	GB/T 4754-2017	国民经济行业分类	C3813	微特电机及组件制造	指微型特种电机、减速器及零组件的制造
人口学及社会经济学特征	GB/T 4754-2017	国民经济行业分类	C3819	其他电机制造	
人口学及社会经济学特征	GB/T 4754-2017	国民经济行业分类	C382	输配电及控制设备制造	
人口学及社会经济学特征	GB/T 4754-2017	国民经济行业分类	C3821	变压器、整流器和电感器制造	指变压器、静止式变流器等电力电子设备和互感器的制造
人口学及社会经济学特征	GB/T 4754-2017	国民经济行业分类	C3822	电容器及其配套设备制造	指电力电容器及其配套装置和电容器零件的制造
人口学及社会经济学特征	GB/T 4754-2017	国民经济行业分类	C3823	配电开关控制设备制造	指用于电压超过1000V的，诸如一般在配电系统中使用的接通及断开或保护电路的电器，以及用于电压不超过1000V的，如在住房、工业设备或家用电器中使用的配电开关控制设备及其零件的制造
人口学及社会经济学特征	GB/T 4754-2017	国民经济行业分类	C3824	电力电子元器件制造	指用于电能变换和控制（从而实现运动控制）的电子元器件的制造
人口学及社会经济学特征	GB/T 4754-2017	国民经济行业分类	C3825	光伏设备及元器件制造	指太阳能组件（太阳能电池）、控制设备及其他太阳能设备和元器件制造；不包括太阳能用蓄电池制造
人口学及社会经济学特征	GB/T 4754-2017	国民经济行业分类	C3829	其他输配电及控制设备制造	指开关设备和控制设备内部的元器件之间，以及与外部电路之间的电连接所需用的器件和配件的制造
人口学及社会经济学特征	GB/T 4754-2017	国民经济行业分类	C383	电线、电缆、光缆及电工器材制造	
人口学及社会经济学特征	GB/T 4754-2017	国民经济行业分类	C3831	电线、电缆制造	指在电力输配、电能传送，声音、文字、图像等信息传播，以及照明等各方面所使用的电线电缆的制造
人口学及社会经济学特征	GB/T 4754-2017	国民经济行业分类	C3832	光纤制造	指将电的信号变成光的信号，进行声音、文字、图像等信息传输的光纤的制造
人口学及社会经济学特征	GB/T 4754-2017	国民经济行业分类	C3833	光缆制造	指利用置于包覆套中的一根或多根光纤作为传输媒质并可以单独或成组使用的光缆的制造
人口学及社会经济学特征	GB/T 4754-2017	国民经济行业分类	C3834	绝缘制品制造	指电气绝缘子、电机或电气设备用的绝缘零件，以及带有绝缘材料的金属制电导管及接头的制造，但不包括玻璃、陶瓷绝缘体和绝缘漆制品的制造
人口学及社会经济学特征	GB/T 4754-2017	国民经济行业分类	C3839	其他电工器材制造	
人口学及社会经济学特征	GB/T 4754-2017	国民经济行业分类	C384	电池制造	指以正极活性材料、负极活性材料，配合电介质，以密封式结构制成的，并具有一定公称电压和额定容量的化学电源的制造；包括一次性、不可充电和二次可充电，重复使用的干电池、蓄电池（含太阳能用蓄电池）的制造，以及利用氢与氧的合成转换成电能的装置，即燃料电池制造；不包括利用太阳光转换成电能的太阳能电池制造
人口学及社会经济学特征	GB/T 4754-2017	国民经济行业分类	C3841	锂离子电池制造	指以锂离子嵌入化合物为正极材料电池的制造
人口学及社会经济学特征	GB/T 4754-2017	国民经济行业分类	C3842	镍氢电池制造	指以储氢合金为负极材料，氢氧化镍为正极材料，电解液是含氢氧化锂（LiOH）的氢氧化钾（KOH）水溶液的电池的制造
人口学及社会经济学特征	GB/T 4754-2017	国民经济行业分类	C3843	铅蓄电池制造	指以铅及氧化物为正负极材料，电解液为硫酸水溶液的电池制造
人口学及社会经济学特征	GB/T 4754-2017	国民经济行业分类	C3844	锌锰电池制造	指以二氧化锰为正极，锌为负极的原电池的制造
人口学及社会经济学特征	GB/T 4754-2017	国民经济行业分类	C3849	其他电池制造	
人口学及社会经济学特征	GB/T 4754-2017	国民经济行业分类	C385	家用电力器具制造	指使用交流电源或电池的各种家用电器的制造
人口学及社会经济学特征	GB/T 4754-2017	国民经济行业分类	C3851	家用制冷电器具制造	
人口学及社会经济学特征	GB/T 4754-2017	国民经济行业分类	C3852	家用空气调节器制造	指使用交流电源(制冷量14000W及以下)，调节室内温度、湿度、气流速度和空气洁净度的房间空气调节器的制造
人口学及社会经济学特征	GB/T 4754-2017	国民经济行业分类	C3853	家用通风电器具制造	指由单相交流电动机驱动扇叶旋转，产生强制气流，以改善人体与周围空气间的热交换条件的电器制造
人口学及社会经济学特征	GB/T 4754-2017	国民经济行业分类	C3854	家用厨房电器具制造	指家庭厨房用的电热蒸煮器具、电热烘烤器具、电热水和饮料加热器具、电热煎炒器具、家用电灶、家用食品加工电器具、家用厨房电清洁器具等电器具的制造
人口学及社会经济学特征	GB/T 4754-2017	国民经济行业分类	C3855	家用清洁卫生电器具制造	指家用洗衣机、吸尘器等电力器具的制造
人口学及社会经济学特征	GB/T 4754-2017	国民经济行业分类	C3856	家用美容、保健护理电器具制造	
人口学及社会经济学特征	GB/T 4754-2017	国民经济行业分类	C3857	家用电力器具专用配件制造	指家用电力器具专用配件的制造，不包括通用零部件制造
人口学及社会经济学特征	GB/T 4754-2017	国民经济行业分类	C3859	其他家用电力器具制造	
人口学及社会经济学特征	GB/T 4754-2017	国民经济行业分类	C386	非电力家用器具制造	
人口学及社会经济学特征	GB/T 4754-2017	国民经济行业分类	C3861	燃气及类似能源家用器具制造	指以液化气、天然气、人工煤气、沼气作燃料，以马口铁、搪瓷、不锈钢等为材料加工制成的家用器具的生产活动
人口学及社会经济学特征	GB/T 4754-2017	国民经济行业分类	C3862	太阳能器具制造	
人口学及社会经济学特征	GB/T 4754-2017	国民经济行业分类	C3869	其他非电力家用器具制造	
人口学及社会经济学特征	GB/T 4754-2017	国民经济行业分类	C387	照明器具制造	
人口学及社会经济学特征	GB/T 4754-2017	国民经济行业分类	C3871	电光源制造	指将电能转变为光的器件的制造，按发光原理可分为白炽灯（指对灯丝通电加热到白炽状态，利用热辐射发出可见光的电光源）；气体放电灯（指通过气体放电将电能转换为光的一种电光源）；半导体照明等固态光源（通过半导体芯片作为发光材料，将电能转换为光的一种电光源）
人口学及社会经济学特征	GB/T 4754-2017	国民经济行业分类	C3872	照明灯具制造	指将起支撑、固定和保护作用的零部件与能反射、透过、分配、控制或改变一个或多个电光源发出的光的零部件以及所必需的电路辅助装置组合在一起的制造，包括室内外建筑照明、道路照明、生产照明、运输设备照明及特种照明等各种灯具的制造，不包括舞台及场地用灯制造
人口学及社会经济学特征	GB/T 4754-2017	国民经济行业分类	C3873	舞台及场地用灯制造	指演出舞台、演出场地、运动场地、大型活动场地用灯制造
人口学及社会经济学特征	GB/T 4754-2017	国民经济行业分类	C3874	智能照明器具制造	指利用计算机、无线通讯数据传输、扩频电力载波通讯技术、计算机智能化信息处理及节能型电器控制等技术组成的分布式无线遥测、遥控、遥讯控制系统，具有灯光亮度的强弱调节、灯光软启动、定时控制、场景设置等功能的照明器具制造
人口学及社会经济学特征	GB/T 4754-2017	国民经济行业分类	C3879	灯用电器附件及其他照明器具制造	指用于生产各种电光源用电器附件以及为各类电光源配套的灯座及其他照明器具的制造
人口学及社会经济学特征	GB/T 4754-2017	国民经济行业分类	C389	其他电气机械及器材制造	
人口学及社会经济学特征	GB/T 4754-2017	国民经济行业分类	C3891	电气信号设备装置制造	指交通运输工具（如机动车、船舶、铁道车辆等）专用信号装置及各种电气音响或视觉报警、警告、指示装置的制造，以及其他电气声像信号装置的制造
人口学及社会经济学特征	GB/T 4754-2017	国民经济行业分类	C3899	其他未列明电气机械及器材制造	指上述未列明的电气机械及器材的制造
人口学及社会经济学特征	GB/T 4754-2017	国民经济行业分类	C39	计算机、通信和其他电子设备制造业	
人口学及社会经济学特征	GB/T 4754-2017	国民经济行业分类	C391	计算机制造	
人口学及社会经济学特征	GB/T 4754-2017	国民经济行业分类	C3911	计算机整机制造	指将可进行算术或逻辑运算的中央处理器和外围设备集成计算整机的制造，也包括硬件与软件集成计算机系统的制造，还包括来件组装计算机的加工
人口学及社会经济学特征	GB/T 4754-2017	国民经济行业分类	C3912	计算机零部件制造	指组成电子计算机的内存、板卡、硬盘、电源、机箱、显示器等部件的制造
人口学及社会经济学特征	GB/T 4754-2017	国民经济行业分类	C3913	计算机外围设备制造	指计算机外围设备及附属设备的制造；包括输入设备、输出设备和外存储设备等制造
人口学及社会经济学特征	GB/T 4754-2017	国民经济行业分类	C3914	工业控制计算机及系统制造	是一种采用总线结构，对生产过程及机电设备、工艺装备进行检测与控制的工具总称；工控机具有重要的计算机属性和特征，如具有计算机CPU、硬盘、内存、外设及接口，并有操作系统、控制网络和协议、计算能力、友好的人机界面；工控行业的产品和技术非常特殊，属于中间产品，是为其他各行业提供可靠、嵌入式、智能化的工业计算机制造
人口学及社会经济学特征	GB/T 4754-2017	国民经济行业分类	C3915	信息安全设备制造	指用于保护网络和计算机中信息和数据安全的专用设备的制造，包括边界安全、通信安全、身份鉴别与访问控制、数据安全、基础平台、内容安全、评估审计与监控、安全应用设备等制造
人口学及社会经济学特征	GB/T 4754-2017	国民经济行业分类	C3919	其他计算机制造	指计算机应用电子设备（以中央处理器为核心，配以专业功能模块、外围设备等构成各行业应用领域专用的电子产品及设备，如金融电子、汽车电子、医疗电子、工业控制计算机及装置、信息采集及识别设备、数字化3C产品等），以及其他未列明计算机设备的制造
人口学及社会经济学特征	GB/T 4754-2017	国民经济行业分类	C392	通信设备制造	
人口学及社会经济学特征	GB/T 4754-2017	国民经济行业分类	C3921	通信系统设备制造	指固定或移动通信接入、传输、交换设备等通信系统建设所需设备的制造
人口学及社会经济学特征	GB/T 4754-2017	国民经济行业分类	C3922	通信终端设备制造	指固定或移动通信终端设备的制造
人口学及社会经济学特征	GB/T 4754-2017	国民经济行业分类	C393	广播电视设备制造	
人口学及社会经济学特征	GB/T 4754-2017	国民经济行业分类	C3931	广播电视节目制作及发射设备制造	指广播电视节目制作、发射设备及器材的制造
人口学及社会经济学特征	GB/T 4754-2017	国民经济行业分类	C3932	广播电视接收设备制造	指专业广播电视接收设备的制造，但不包括家用广播电视接收设备的制造
人口学及社会经济学特征	GB/T 4754-2017	国民经济行业分类	C3933	广播电视专用配件制造	指专业用录像重放及其他配套的广播电视设备的制造，但不包括家用广播电视装置的制造
人口学及社会经济学特征	GB/T 4754-2017	国民经济行业分类	C3934	专业音响设备制造	指广播电视、影剧院、各种场地等专业用录音、音响设备及其他配套设备的制造
人口学及社会经济学特征	GB/T 4754-2017	国民经济行业分类	C3939	应用电视设备及其他广播电视设备制造	指应用电视设备、其他广播电视设备和器材的制造
人口学及社会经济学特征	GB/T 4754-2017	国民经济行业分类	C3943940	雷达及配套设备制造	指雷达整机及雷达配套产品的制造
人口学及社会经济学特征	GB/T 4754-2017	国民经济行业分类	C395	非专业视听设备制造	
人口学及社会经济学特征	GB/T 4754-2017	国民经济行业分类	C3951	电视机制造	指非专业用电视机制造
人口学及社会经济学特征	GB/T 4754-2017	国民经济行业分类	C3952	音响设备制造	指非专业用智能音响、无线电收音机、收录音机、唱机等音响设备的制造
人口学及社会经济学特征	GB/T 4754-2017	国民经济行业分类	C3953	影视录放设备制造	指非专业用智能机顶盒、录像机、摄像机、激光视盘机等影视设备整机及零部件的制造，包括教学用影视设备的制造，但不包括广播电视等专业影视设备的制造
人口学及社会经济学特征	GB/T 4754-2017	国民经济行业分类	C396	智能消费设备制造	
人口学及社会经济学特征	GB/T 4754-2017	国民经济行业分类	C3961	可穿戴智能设备制造	指由用户穿戴和控制，并且自然、持续地运行和交互的个人移动计算设备产品的制造，包括可穿戴运动监测设备制造
人口学及社会经济学特征	GB/T 4754-2017	国民经济行业分类	C3962	智能车载设备制造	指包含具备汽车联网、自动驾驶、车内及车际通讯、智能交通基础设施通信等功能要素，融合了传感器、雷达、卫星定位、导航、人工智能等技术，使汽车具备智能环境感知能力，自动分析汽车行驶的安全及危险状态目的的车载终端产品及相关配套设备的制造
人口学及社会经济学特征	GB/T 4754-2017	国民经济行业分类	C3963	智能无人飞行器制造	指按照国家有关安全规定标准，经允许生产并主要用于娱乐、科普等的智能无人飞行器的制造
人口学及社会经济学特征	GB/T 4754-2017	国民经济行业分类	C3964	服务消费机器人制造	指除工业和特殊作业以外的各种机器人，包括用于个人、家庭及商业服务类机器人，如家务机器人、餐饮用机器人、宾馆用机器人、销售用机器人、娱乐机器人、助老助残机器人、医疗机器人、清洁机器人等
人口学及社会经济学特征	GB/T 4754-2017	国民经济行业分类	C3969	其他智能消费设备制造	指其他未列明的智能消费设备的制造
人口学及社会经济学特征	GB/T 4754-2017	国民经济行业分类	C397	电子器件制造	
人口学及社会经济学特征	GB/T 4754-2017	国民经济行业分类	C3971	电子真空器件制造	指电子热离子管、冷阴极管或光电阴极管及其他真空电子器件，以及电子管零件的制造
人口学及社会经济学特征	GB/T 4754-2017	国民经济行业分类	C3972	半导体分立器件制造	
人口学及社会经济学特征	GB/T 4754-2017	国民经济行业分类	C3973	集成电路制造	指单片集成电路、混合式集成电路的制造
人口学及社会经济学特征	GB/T 4754-2017	国民经济行业分类	C3974	显示器件制造	指基于电子手段呈现信息供视觉感受的器件及模组的制造，包括薄膜晶体管液晶显示器件（TN/STN-LCD、TFT-LCD）、场发射显示器件（FED）、真空荧光显示器件（VFD）、有机发光二极管显示器件（OLED）、等离子显示器件（PDP）、发光二极管显示器件（LED）、曲面显示器件以及柔性显示器件等
人口学及社会经济学特征	GB/T 4754-2017	国民经济行业分类	C3975	半导体照明器件制造	指用于半导体照明的发光二极管（LED）、有机发光二极管（OLED）器件等制造
人口学及社会经济学特征	GB/T 4754-2017	国民经济行业分类	C3976	光电子器件制造	指利用半导体光—电子（或电—光子）转换效应制成的各种功能器件制造
人口学及社会经济学特征	GB/T 4754-2017	国民经济行业分类	C3979	其他电子器件制造	指其他未列明的电子器件的制造
人口学及社会经济学特征	GB/T 4754-2017	国民经济行业分类	C398	电子元件及电子专用材料制造	
人口学及社会经济学特征	GB/T 4754-2017	国民经济行业分类	C3981	电阻电容电感元件制造	指电容器（包括超级电容器）、电阻器、电位器、电感器件、电子变压器件的制造
人口学及社会经济学特征	GB/T 4754-2017	国民经济行业分类	C3982	电子电路制造	指在绝缘基材上采用印制工艺形成电气电子连接电路，以及附有无源与有源元件的制造，包括印刷电路板及附有元器件构成电子电路功能组合件
人口学及社会经济学特征	GB/T 4754-2017	国民经济行业分类	C3983	敏感元件及传感器制造	指按一定规律，将感受到的信息转换成为电信号或其他所需形式的信息输出的敏感元件及传感器的制造
人口学及社会经济学特征	GB/T 4754-2017	国民经济行业分类	C3984	电声器件及零件制造	指扬声器、送受话器、耳机、音箱及零件等制造
人口学及社会经济学特征	GB/T 4754-2017	国民经济行业分类	C3985	电子专用材料制造	指用于电子元器件、组件及系统制备的专用电子功能材料、互联与封装材料、工艺及辅助材料的制造，包括半导体材料、光电子材料、磁性材料、锂电池材料、电子陶瓷材料、覆铜板及铜箔材料、电子化工材料等
人口学及社会经济学特征	GB/T 4754-2017	国民经济行业分类	C3989	其他电子元件制造	指未列明的电子元件及组件的制造
人口学及社会经济学特征	GB/T 4754-2017	国民经济行业分类	C3993990	其他电子设备制造	指电子（气）物理设备及其他未列明的电子设备的制造
人口学及社会经济学特征	GB/T 4754-2017	国民经济行业分类	C40	仪器仪表制造业	
人口学及社会经济学特征	GB/T 4754-2017	国民经济行业分类	C401	通用仪器仪表制造	
人口学及社会经济学特征	GB/T 4754-2017	国民经济行业分类	C4011	工业自动控制系统装置制造	指用于连续或断续生产制造过程中，测量和控制生产制造过程的温度、压力、流量、物位等变量或者物体位置、倾斜、旋转等参数的工业用计算机控制系统、检测仪表、执行机构和装置的制造
人口学及社会经济学特征	GB/T 4754-2017	国民经济行业分类	C4012	电工仪器仪表制造	指用于电压、电流、电阻、功率等电磁量的测量、计量、采集、监测、分析、处理、检验与控制用仪器仪表及系统装置的制造
人口学及社会经济学特征	GB/T 4754-2017	国民经济行业分类	C4013	绘图、计算及测量仪器制造	指供设计、制图、绘图、计算、测量，以及学习或办公、教学等使用的测量和绘图用具、器具及量仪的制造
人口学及社会经济学特征	GB/T 4754-2017	国民经济行业分类	C4014	实验分析仪器制造	指利用物质的物理、化学、电学等性能对物质进行定性、定量分析和结构分析，以及湿度、黏度、质量、比重等性能测定所使用的仪器的制造；用于对各种物体在温度、湿度、光照、辐射等环境变化后适应能力的实验装置的制造；各种物体物化特性参数测量的仪器、实验装置及相关器具的制造
人口学及社会经济学特征	GB/T 4754-2017	国民经济行业分类	C4015	试验机制造	指测试、评定和研究材料、零部件及其制成品的物理性能、机械（力学）性能、工艺性能、安全性能、舒适性能的实验仪器和设备的制造
人口学及社会经济学特征	GB/T 4754-2017	国民经济行业分类	C4016	供应用仪器仪表制造	指电、气、水、油和热等类似气体或液体的供应过程中使用的计量仪表、自动调节或控制仪器及装置的制造
人口学及社会经济学特征	GB/T 4754-2017	国民经济行业分类	C4019	其他通用仪器制造	指其他未列明的通用仪器仪表和仪表元器件的制造
人口学及社会经济学特征	GB/T 4754-2017	国民经济行业分类	C402	专用仪器仪表制造	
人口学及社会经济学特征	GB/T 4754-2017	国民经济行业分类	C4021	环境监测专用仪器仪表制造	指对环境中的污染物、噪声、放射性物质、电磁波等进行监测和监控的专用仪器仪表及系统装置的制造
人口学及社会经济学特征	GB/T 4754-2017	国民经济行业分类	C4022	运输设备及生产用计数仪表制造	指汽车、船舶及工业生产用转数计、生产计数器、里程记录器及类似仪表的制造
人口学及社会经济学特征	GB/T 4754-2017	国民经济行业分类	C4023	导航、测绘、气象及海洋专用仪器制造	指用于气象、海洋、水文、天文、航海、航空等方面的导航、测绘、制导、测量仪器和仪表及类似装置的制造
人口学及社会经济学特征	GB/T 4754-2017	国民经济行业分类	C4024	农林牧渔专用仪器仪表制造	指农、林、牧、渔生产专用仪器、仪表及类似装置的制造
人口学及社会经济学特征	GB/T 4754-2017	国民经济行业分类	C4025	地质勘探和地震专用仪器制造	指地质勘探、钻采、地震等地球物理专用仪器、仪表及类似装置的制造
人口学及社会经济学特征	GB/T 4754-2017	国民经济行业分类	C4026	教学专用仪器制造	指专供教学示范或展览，而无其他用途的专用仪器的制造
人口学及社会经济学特征	GB/T 4754-2017	国民经济行业分类	C4027	核子及核辐射测量仪器制造	指专门用于核离子射线的测量或检验的仪器、装置，核辐射探测器等核专业用仪器仪表的制造
人口学及社会经济学特征	GB/T 4754-2017	国民经济行业分类	C4028	电子测量仪器制造	指用电子技术实现对被测对象（电子产品）的电参数定量检测装置的制造
人口学及社会经济学特征	GB/T 4754-2017	国民经济行业分类	C4029	其他专用仪器制造	指用于纺织、电站热工仪表等其他未列明的专用仪器的制造
人口学及社会经济学特征	GB/T 4754-2017	国民经济行业分类	C4034030	钟表与计时仪器制造	指各种钟、表、钟表机芯、时间记录装置、计时器的制造，还包括装有钟表机芯或同步马达，用以测量、记录或指示时间间隔的装置、定时开关、卫星导航时间频率原子钟，以及钟表零配件的制造
人口学及社会经济学特征	GB/T 4754-2017	国民经济行业分类	C4044040	光学仪器制造	指用玻璃或其他材料（如石英、萤石、塑料或金属）制作的光学配件、装配好的光学元件、组合式光学显微镜，以及军用望远镜等光学仪器的制造
人口学及社会经济学特征	GB/T 4754-2017	国民经济行业分类	C4054050	衡器制造	指用来测定物质重量的各种机械、电子或机电结合的装置或设备的生产活动
人口学及社会经济学特征	GB/T 4754-2017	国民经济行业分类	C4094090	其他仪器仪表制造业	指上述未列明的仪器、仪表的制造
人口学及社会经济学特征	GB/T 4754-2017	国民经济行业分类	C41	其他制造业	
人口学及社会经济学特征	GB/T 4754-2017	国民经济行业分类	C411	日用杂品制造	
人口学及社会经济学特征	GB/T 4754-2017	国民经济行业分类	C4111	鬃毛加工、制刷及清扫工具制造	指用原毛加工成生产刷子类产品的成品毛的生产，或以成品毛和棕、金属丝、塑料丝等为原料加工制刷的生产，以及其他清扫工具的制造
人口学及社会经济学特征	GB/T 4754-2017	国民经济行业分类	C4119	其他日用杂品制造	指制伞及其他未列明的各种日常生活用杂品的生产活动
人口学及社会经济学特征	GB/T 4754-2017	国民经济行业分类	C4124120	核辐射加工	指核技术与同位素技术的应用，由核辐照站利用核技术对原有产品改良、改变性质并使其增值的加工活动
人口学及社会经济学特征	GB/T 4754-2017	国民经济行业分类	C4194190	其他未列明制造业	
人口学及社会经济学特征	GB/T 4754-2017	国民经济行业分类	C42	废弃资源综合利用业	指废弃资源和废旧材料回收加工
人口学及社会经济学特征	GB/T 4754-2017	国民经济行业分类	C4214210	金属废料和碎屑加工处理	指从各种废料［包括固体废料、废水（液）、废气等］中回收，并使之便于转化为新的原材料，或适于进一步加工为金属原料的金属废料和碎屑的再加工处理活动，包括废旧电器、电子产品拆解回收
人口学及社会经济学特征	GB/T 4754-2017	国民经济行业分类	C4224220	非金属废料和碎屑加工处理	指从各种废料［包括固体废料、废水（液）、废气等］中回收，或经过分类，使其适于进一步加工为新原料的非金属废料和碎屑的再加工处理活动
人口学及社会经济学特征	GB/T 4754-2017	国民经济行业分类	C43	金属制品、机械和设备修理业	
人口学及社会经济学特征	GB/T 4754-2017	国民经济行业分类	C4314310	金属制品修理	
人口学及社会经济学特征	GB/T 4754-2017	国民经济行业分类	C4324320	通用设备修理	
人口学及社会经济学特征	GB/T 4754-2017	国民经济行业分类	C4334330	专用设备修理	
人口学及社会经济学特征	GB/T 4754-2017	国民经济行业分类	C434	铁路、船舶、航空航天等运输设备修理	
人口学及社会经济学特征	GB/T 4754-2017	国民经济行业分类	C4341	铁路运输设备修理	不包括火车机车回厂修理和发动机修理活动
人口学及社会经济学特征	GB/T 4754-2017	国民经济行业分类	C4342	船舶修理	不包括船舶回厂修复、发动机修理以及船舶拆除活动
人口学及社会经济学特征	GB/T 4754-2017	国民经济行业分类	C4343	航空航天器修理	不包括航空航天器回厂修理和发动机修理活动
人口学及社会经济学特征	GB/T 4754-2017	国民经济行业分类	C4349	其他运输设备修理	
人口学及社会经济学特征	GB/T 4754-2017	国民经济行业分类	C4354350	电气设备修理	
人口学及社会经济学特征	GB/T 4754-2017	国民经济行业分类	C4364360	仪器仪表修理	
人口学及社会经济学特征	GB/T 4754-2017	国民经济行业分类	C4394390	其他机械和设备修理业	
人口学及社会经济学特征	GB/T 4754-2017	国民经济行业分类	D	电力、热力、燃气及水生产和供应业	本门类包括44～46大类
人口学及社会经济学特征	GB/T 4754-2017	国民经济行业分类	D44	电力、热力生产和供应业	
人口学及社会经济学特征	GB/T 4754-2017	国民经济行业分类	D441	电力生产	
人口学及社会经济学特征	GB/T 4754-2017	国民经济行业分类	D4411	火力发电	不包括既发电又提供热力的活动
人口学及社会经济学特征	GB/T 4754-2017	国民经济行业分类	D4412	热电联产	指既发电又提供热力的生产活动
人口学及社会经济学特征	GB/T 4754-2017	国民经济行业分类	D4413	水力发电	指通过建设水电站、水利枢纽、航电枢纽等工程、将水能转换成电能的生产活动
人口学及社会经济学特征	GB/T 4754-2017	国民经济行业分类	D4414	核力发电	指利用核反应堆中重核裂变所释放出的热能转换成电能的生产活动
人口学及社会经济学特征	GB/T 4754-2017	国民经济行业分类	D4415	风力发电	
人口学及社会经济学特征	GB/T 4754-2017	国民经济行业分类	D4416	太阳能发电	
人口学及社会经济学特征	GB/T 4754-2017	国民经济行业分类	D4417	生物质能发电	指主要利用农业、林业和工业废弃物、甚至城市垃圾为原料，采取直接燃烧或气化等方式的发电活动
人口学及社会经济学特征	GB/T 4754-2017	国民经济行业分类	D4419	其他电力生产	指利用地热、潮汐能、温差能、波浪能及其他未列明的能源的发电活动
人口学及社会经济学特征	GB/T 4754-2017	国民经济行业分类	D4424420	电力供应	指利用电网出售给用户电能的输送与分配活动，以及供电局的供电活动
人口学及社会经济学特征	GB/T 4754-2017	国民经济行业分类	D4434430	热力生产和供应	指利用煤炭、油、燃气等能源，通过锅炉等装置生产蒸汽和热水，或外购蒸汽、热水进行供应销售、供热设施的维护和管理的活动，包括利用地热和温泉供应销售的活动
人口学及社会经济学特征	GB/T 4754-2017	国民经济行业分类	D45	燃气生产和供应业	
人口学及社会经济学特征	GB/T 4754-2017	国民经济行业分类	D451	燃气生产和供应业	指利用煤炭、油、燃气等能源生产燃气，或外购液化石油气、天然气等燃气，并进行输配，向用户销售燃气的活动，以及对煤气、液化石油气、天然气输配及使用过程中的维修和管理活动
人口学及社会经济学特征	GB/T 4754-2017	国民经济行业分类	D4511	天然气生产和供应业	
人口学及社会经济学特征	GB/T 4754-2017	国民经济行业分类	D4512	液化石油气生产和供应业	
人口学及社会经济学特征	GB/T 4754-2017	国民经济行业分类	D4513	煤气生产和供应业	
人口学及社会经济学特征	GB/T 4754-2017	国民经济行业分类	D4524520	生物质燃气生产和供应业	指利用农作物秸秆、林木废弃物、食用菌渣、禽畜粪便等生物质资源作为原料转化为可燃性气体能源
人口学及社会经济学特征	GB/T 4754-2017	国民经济行业分类	D46	水的生产和供应业	
人口学及社会经济学特征	GB/T 4754-2017	国民经济行业分类	D4614610	自来水生产和供应	指将天然水（地下水、地表水）经过蓄集、净化达到生活饮用水或其他用水标准，并向居民家庭、企业和其他用户供应的活动
人口学及社会经济学特征	GB/T 4754-2017	国民经济行业分类	D4624620	污水处理及其再生利用	指对污水污泥的处理和处置，及净化后的再利用活动
人口学及社会经济学特征	GB/T 4754-2017	国民经济行业分类	D4634630	海水淡化处理	指将海水淡化处理，达到可以使用标准的生产活动
人口学及社会经济学特征	GB/T 4754-2017	国民经济行业分类	D4694690	其他水的处理、利用与分配	指对雨水、微咸水等类似水进行收集、处理和利用活动
人口学及社会经济学特征	GB/T 4754-2017	国民经济行业分类	E	建筑业	本门类包括47～50大类
人口学及社会经济学特征	GB/T 4754-2017	国民经济行业分类	E47	房屋建筑业	指房屋主体工程的施工活动；不包括主体工程施工前的工程准备活动
人口学及社会经济学特征	GB/T 4754-2017	国民经济行业分类	E4714710	住宅房屋建筑	
人口学及社会经济学特征	GB/T 4754-2017	国民经济行业分类	E4724720	体育场馆建筑	指体育馆工程服务、体育及休闲健身用房屋建设活动
人口学及社会经济学特征	GB/T 4754-2017	国民经济行业分类	E4794790	其他房屋建筑业	
人口学及社会经济学特征	GB/T 4754-2017	国民经济行业分类	E48	土木工程建筑业	指土木工程主体的施工活动；不包括施工前的工程准备活动
人口学及社会经济学特征	GB/T 4754-2017	国民经济行业分类	E481	铁路、道路、隧道和桥梁工程建筑	
人口学及社会经济学特征	GB/T 4754-2017	国民经济行业分类	E4811	铁路工程建筑	
人口学及社会经济学特征	GB/T 4754-2017	国民经济行业分类	E4812	公路工程建筑	
人口学及社会经济学特征	GB/T 4754-2017	国民经济行业分类	E4813	市政道路工程建筑	
人口学及社会经济学特征	GB/T 4754-2017	国民经济行业分类	E4814	城市轨道交通工程建筑	
人口学及社会经济学特征	GB/T 4754-2017	国民经济行业分类	E4819	其他道路、隧道和桥梁工程建筑	
人口学及社会经济学特征	GB/T 4754-2017	国民经济行业分类	E482	水利和水运工程建筑	
人口学及社会经济学特征	GB/T 4754-2017	国民经济行业分类	E4821	水源及供水设施工程建筑	
人口学及社会经济学特征	GB/T 4754-2017	国民经济行业分类	E4822	河湖治理及防洪设施工程建筑	
人口学及社会经济学特征	GB/T 4754-2017	国民经济行业分类	E4823	港口及航运设施工程建筑	
人口学及社会经济学特征	GB/T 4754-2017	国民经济行业分类	E483	海洋工程建筑	指海上工程、海底工程、近海工程建筑活动，不含港口工程建筑活动
人口学及社会经济学特征	GB/T 4754-2017	国民经济行业分类	E4831	海洋油气资源开发利用工程建筑	
人口学及社会经济学特征	GB/T 4754-2017	国民经济行业分类	E4832	海洋能源开发利用工程建筑	
人口学及社会经济学特征	GB/T 4754-2017	国民经济行业分类	E4833	海底隧道工程建筑	
人口学及社会经济学特征	GB/T 4754-2017	国民经济行业分类	E4834	海底设施铺设工程建筑	
人口学及社会经济学特征	GB/T 4754-2017	国民经济行业分类	E4839	其他海洋工程建筑	
人口学及社会经济学特征	GB/T 4754-2017	国民经济行业分类	E4844840	工矿工程建筑	指除厂房、电力工程外的非节能环保型矿山和工厂生产设施、设备的施工和安装
人口学及社会经济学特征	GB/T 4754-2017	国民经济行业分类	E485	架线和管道工程建筑	指建筑物外的架线、管道和设备的施工活动
人口学及社会经济学特征	GB/T 4754-2017	国民经济行业分类	E4851	架线及设备工程建筑	指敷设于地面以上的电力、通信、广播电视等线缆、杆塔等工程建筑
人口学及社会经济学特征	GB/T 4754-2017	国民经济行业分类	E4852	管道工程建筑	指供水、排水、燃气、集中供热、线缆排管、工业和长输等管道工程建筑
人口学及社会经济学特征	GB/T 4754-2017	国民经济行业分类	E4853	地下综合管廊工程建筑	指建于城市地下用于容纳两类及以上城市工程管线的构筑物及其附属设施，如水管网、燃气网、电信网等
人口学及社会经济学特征	GB/T 4754-2017	国民经济行业分类	E486	节能环保工程施工	
人口学及社会经济学特征	GB/T 4754-2017	国民经济行业分类	E4861	节能工程施工	
人口学及社会经济学特征	GB/T 4754-2017	国民经济行业分类	E4862	环保工程施工	
人口学及社会经济学特征	GB/T 4754-2017	国民经济行业分类	E4863	生态保护工程施工	
人口学及社会经济学特征	GB/T 4754-2017	国民经济行业分类	E487	电力工程施工	
人口学及社会经济学特征	GB/T 4754-2017	国民经济行业分类	E4871	火力发电工程施工	
人口学及社会经济学特征	GB/T 4754-2017	国民经济行业分类	E4872	水力发电工程施工	
人口学及社会经济学特征	GB/T 4754-2017	国民经济行业分类	E4873	核电工程施工	
人口学及社会经济学特征	GB/T 4754-2017	国民经济行业分类	E4874	风能发电工程施工	
人口学及社会经济学特征	GB/T 4754-2017	国民经济行业分类	E4875	太阳能发电工程施工	
人口学及社会经济学特征	GB/T 4754-2017	国民经济行业分类	E4879	其他电力工程施工	
人口学及社会经济学特征	GB/T 4754-2017	国民经济行业分类	E489	其他土木工程建筑	
人口学及社会经济学特征	GB/T 4754-2017	国民经济行业分类	E4891	园林绿化工程施工	
人口学及社会经济学特征	GB/T 4754-2017	国民经济行业分类	E4892	体育场地设施工程施工	指田径场、篮球场、足球场、网球场、高尔夫球场、跑马场、赛车场、卡丁车赛场、全民体育健身工程设施等室内外场地设施的工程施工
人口学及社会经济学特征	GB/T 4754-2017	国民经济行业分类	E4893	游乐设施工程施工	
人口学及社会经济学特征	GB/T 4754-2017	国民经济行业分类	E4899	其他土木工程建筑施工	
人口学及社会经济学特征	GB/T 4754-2017	国民经济行业分类	E49	建筑安装业	指建筑物主体工程竣工后，建筑物内各种设备的安装活动，以及施工中的线路敷设和管道安装活动；不包括工程收尾的装饰，如对墙面、地板、天花板、门窗等处理活动
人口学及社会经济学特征	GB/T 4754-2017	国民经济行业分类	E4914910	电气安装	指建筑物及土木工程构筑物内电气系统（含电力线路）的安装活动
人口学及社会经济学特征	GB/T 4754-2017	国民经济行业分类	E4924920	管道和设备安装	指管道、取暖及空调系统等安装活动
人口学及社会经济学特征	GB/T 4754-2017	国民经济行业分类	E499	其他建筑安装业	
人口学及社会经济学特征	GB/T 4754-2017	国民经济行业分类	E4991	体育场地设施安装	指运动地面（如足球场、篮球场、网球场等）、滑冰、游泳设施（含可拼装设施、健身步道）的安装等
人口学及社会经济学特征	GB/T 4754-2017	国民经济行业分类	E4999	其他建筑安装	包括智能化安装、救援逃生设备安装及其他未列明的安装活动
人口学及社会经济学特征	GB/T 4754-2017	国民经济行业分类	E50	建筑装饰、装修和其他建筑业	
人口学及社会经济学特征	GB/T 4754-2017	国民经济行业分类	E501	建筑装饰和装修业	指对建筑工程后期的装饰、装修、维护和清理活动，以及对居室的装修活动
人口学及社会经济学特征	GB/T 4754-2017	国民经济行业分类	E5011	公共建筑装饰和装修	
人口学及社会经济学特征	GB/T 4754-2017	国民经济行业分类	E5012	住宅装饰和装修	
人口学及社会经济学特征	GB/T 4754-2017	国民经济行业分类	E5013	建筑幕墙装饰和装修	
人口学及社会经济学特征	GB/T 4754-2017	国民经济行业分类	E502	建筑物拆除和场地准备活动	指房屋、土木工程建筑施工前的准备活动
人口学及社会经济学特征	GB/T 4754-2017	国民经济行业分类	E5021	建筑物拆除活动	
人口学及社会经济学特征	GB/T 4754-2017	国民经济行业分类	E5022	场地准备活动	
人口学及社会经济学特征	GB/T 4754-2017	国民经济行业分类	E5035030	提供施工设备服务	指为建筑工程提供配有操作人员的施工设备的服务
人口学及社会经济学特征	GB/T 4754-2017	国民经济行业分类	E5095090	其他未列明建筑业	指上述未列明的其他工程建筑活动
人口学及社会经济学特征	GB/T 4754-2017	国民经济行业分类	F	批发和零售业	本门类包括51和52大类，指商品在流通环节中的批发活动和零售活动
人口学及社会经济学特征	GB/T 4754-2017	国民经济行业分类	F51	批发业	指向其他批发或零售单位（含个体经营者）及其他企事业单位、机关团体等批量销售生活用品、生产资料的活动，以及从事进出口贸易和贸易经纪与代理的活动，包括拥有货物所有权，并以本单位(公司)的名义进行交易活动,也包括不拥有货物的所有权，收取佣金的商品代理、商品代售活动；本类还包括各类商品批发市场中固定摊位的批发活动，以及以销售为目的的收购活动
人口学及社会经济学特征	GB/T 4754-2017	国民经济行业分类	F511	农、林、牧、渔产品批发	指未经过加工的农作物、林产品及牲畜、畜产品、鱼苗的批发和进出口活动，但不包括蔬菜、水果、肉、禽、蛋、奶及水产品的批发和进出口活动，包括以批发为目的的农副产品收购活动
人口学及社会经济学特征	GB/T 4754-2017	国民经济行业分类	F5111	谷物、豆及薯类批发	
人口学及社会经济学特征	GB/T 4754-2017	国民经济行业分类	F5112	种子批发	
人口学及社会经济学特征	GB/T 4754-2017	国民经济行业分类	F5113	畜牧渔业饲料批发	不包括宠物
人口学及社会经济学特征	GB/T 4754-2017	国民经济行业分类	F5114	棉、麻批发	
人口学及社会经济学特征	GB/T 4754-2017	国民经济行业分类	F5115	林业产品批发	指林木种苗、采伐产品及采集产品等批发和进出口活动
人口学及社会经济学特征	GB/T 4754-2017	国民经济行业分类	F5116	牲畜批发	
人口学及社会经济学特征	GB/T 4754-2017	国民经济行业分类	F5117	渔业产品批发	
人口学及社会经济学特征	GB/T 4754-2017	国民经济行业分类	F5119	其他农牧产品批发	
人口学及社会经济学特征	GB/T 4754-2017	国民经济行业分类	F512	食品、饮料及烟草制品批发	指经过加工和制造的食品、饮料及烟草制品的批发和进出口活动，以及蔬菜、水果、肉、禽、蛋、奶及水产品的批发和进出口活动
人口学及社会经济学特征	GB/T 4754-2017	国民经济行业分类	F5121	米、面制品及食用油批发	
人口学及社会经济学特征	GB/T 4754-2017	国民经济行业分类	F5122	糕点、糖果及糖批发	
人口学及社会经济学特征	GB/T 4754-2017	国民经济行业分类	F5123	果品、蔬菜批发	
人口学及社会经济学特征	GB/T 4754-2017	国民经济行业分类	F5124	肉、禽、蛋、奶及水产品批发	
人口学及社会经济学特征	GB/T 4754-2017	国民经济行业分类	F5125	盐及调味品批发	
人口学及社会经济学特征	GB/T 4754-2017	国民经济行业分类	F5126	营养和保健品批发	
人口学及社会经济学特征	GB/T 4754-2017	国民经济行业分类	F5127	酒、饮料及茶叶批发	指可直接饮用或稀释、冲泡后饮用的饮料、酒及茶叶的批发和进出口活动
人口学及社会经济学特征	GB/T 4754-2017	国民经济行业分类	F5128	烟草制品批发	指经过加工、生产的烟草制品的批发和进出口活动
人口学及社会经济学特征	GB/T 4754-2017	国民经济行业分类	F5129	其他食品批发	
人口学及社会经济学特征	GB/T 4754-2017	国民经济行业分类	F513	纺织、服装及家庭用品批发	指纺织面料、纺织品、服装、鞋、帽及日杂品、家用电器、家具等生活日用品的批发和进出口活动
人口学及社会经济学特征	GB/T 4754-2017	国民经济行业分类	F5131	纺织品、针织品及原料批发	
人口学及社会经济学特征	GB/T 4754-2017	国民经济行业分类	F5132	服装批发	
人口学及社会经济学特征	GB/T 4754-2017	国民经济行业分类	F5133	鞋帽批发	
人口学及社会经济学特征	GB/T 4754-2017	国民经济行业分类	F5134	化妆品及卫生用品批发	
人口学及社会经济学特征	GB/T 4754-2017	国民经济行业分类	F5135	厨具卫具及日用杂品批发	指灶具、炊具、厨具、餐具及各种容器、器皿等批发和进出口活动；卫生间的用品用具和生活用清洁、清扫用品、用具等批发和进出口活动
人口学及社会经济学特征	GB/T 4754-2017	国民经济行业分类	F5136	灯具、装饰物品批发	
人口学及社会经济学特征	GB/T 4754-2017	国民经济行业分类	F5137	家用视听设备批发	
人口学及社会经济学特征	GB/T 4754-2017	国民经济行业分类	F5138	日用家电批发	
人口学及社会经济学特征	GB/T 4754-2017	国民经济行业分类	F5139	其他家庭用品批发	指上述未列明的其他生活日用品的批发和进出口活动
人口学及社会经济学特征	GB/T 4754-2017	国民经济行业分类	F514	文化、体育用品及器材批发	指各类文具用品、体育用品、图书、报刊、音像制品、电子出版物、数字出版物、首饰、工艺美术品、收藏品及其他文化用品、器材的批发和进出口活动
人口学及社会经济学特征	GB/T 4754-2017	国民经济行业分类	F5141	文具用品批发	
人口学及社会经济学特征	GB/T 4754-2017	国民经济行业分类	F5142	体育用品及器材批发	
人口学及社会经济学特征	GB/T 4754-2017	国民经济行业分类	F5143	图书批发	
人口学及社会经济学特征	GB/T 4754-2017	国民经济行业分类	F5144	报刊批发	
人口学及社会经济学特征	GB/T 4754-2017	国民经济行业分类	F5145	音像制品、电子和数字出版物批发	
人口学及社会经济学特征	GB/T 4754-2017	国民经济行业分类	F5146	首饰、工艺品及收藏品批发	
人口学及社会经济学特征	GB/T 4754-2017	国民经济行业分类	F5147	乐器批发	
人口学及社会经济学特征	GB/T 4754-2017	国民经济行业分类	F5149	其他文化用品批发	
人口学及社会经济学特征	GB/T 4754-2017	国民经济行业分类	F515	医药及医疗器材批发	指各种化学药品、生物药品、中药及医疗器材的批发和进出口活动；包括兽用药的批发和进出口活动
人口学及社会经济学特征	GB/T 4754-2017	国民经济行业分类	F5151	西药批发	指人用化学药品和生物药品的批发与进出口活动
人口学及社会经济学特征	GB/T 4754-2017	国民经济行业分类	F5152	中药批发	指人用中成药、中药材中药饮片（含中药配方颗粒）的批发和进出口活动
人口学及社会经济学特征	GB/T 4754-2017	国民经济行业分类	F5153	动物用药品批发	
人口学及社会经济学特征	GB/T 4754-2017	国民经济行业分类	F5154	医疗用品及器材批发	
人口学及社会经济学特征	GB/T 4754-2017	国民经济行业分类	F516	矿产品、建材及化工产品批发	指煤及煤制品、石油制品、矿产品及矿物制品、金属材料、建筑和装饰装修材料以及化工产品的批发和进出口活动
人口学及社会经济学特征	GB/T 4754-2017	国民经济行业分类	F5161	煤炭及制品批发	
人口学及社会经济学特征	GB/T 4754-2017	国民经济行业分类	F5162	石油及制品批发	
人口学及社会经济学特征	GB/T 4754-2017	国民经济行业分类	F5163	非金属矿及制品批发	
人口学及社会经济学特征	GB/T 4754-2017	国民经济行业分类	F5164	金属及金属矿批发	
人口学及社会经济学特征	GB/T 4754-2017	国民经济行业分类	F5165	建材批发	指建筑用材料和装饰装修材料的批发和进出口活动
人口学及社会经济学特征	GB/T 4754-2017	国民经济行业分类	F5166	化肥批发	
人口学及社会经济学特征	GB/T 4754-2017	国民经济行业分类	F5167	农药批发	
人口学及社会经济学特征	GB/T 4754-2017	国民经济行业分类	F5168	农用薄膜批发	
人口学及社会经济学特征	GB/T 4754-2017	国民经济行业分类	F5169	其他化工产品批发	
人口学及社会经济学特征	GB/T 4754-2017	国民经济行业分类	F517	机械设备、五金产品及电子产品批发	指提供通用机械、专用设备、交通运输设备、电气机械、五金、交通器材、电料、计算机设备、通讯设备、电子产品、仪器仪表及办公用机械的批发和进出口活动
人口学及社会经济学特征	GB/T 4754-2017	国民经济行业分类	F5171	农业机械批发	
人口学及社会经济学特征	GB/T 4754-2017	国民经济行业分类	F5172	汽车及零配件批发	
人口学及社会经济学特征	GB/T 4754-2017	国民经济行业分类	F5173	摩托车及零配件批发	
人口学及社会经济学特征	GB/T 4754-2017	国民经济行业分类	F5174	五金产品批发	指小五金、工具、水暖部件及材料的批发和进出口活动，不包括自行车及零配件的批发和进出口
人口学及社会经济学特征	GB/T 4754-2017	国民经济行业分类	F5175	电气设备批发	
人口学及社会经济学特征	GB/T 4754-2017	国民经济行业分类	F5176	计算机、软件及辅助设备批发	
人口学及社会经济学特征	GB/T 4754-2017	国民经济行业分类	F5177	通讯设备批发	指电信设备的批发和进出口活动
人口学及社会经济学特征	GB/T 4754-2017	国民经济行业分类	F5178	广播影视设备批发	指广播影视设备的批发和进出口活动
人口学及社会经济学特征	GB/T 4754-2017	国民经济行业分类	F5179	其他机械设备及电子产品批发	
人口学及社会经济学特征	GB/T 4754-2017	国民经济行业分类	F518	贸易经纪与代理	指代办商、商品经纪人、拍卖商的活动；专门为某一生产企业做销售代理的活动；为买卖双方提供贸易机会或代表委托人进行商品交易代理活动
人口学及社会经济学特征	GB/T 4754-2017	国民经济行业分类	F5181	贸易代理	指不拥有货物的所有权，为实现供求双方达成交易，按协议收取佣金的贸易代理
人口学及社会经济学特征	GB/T 4754-2017	国民经济行业分类	F5182	一般物品拍卖	
人口学及社会经济学特征	GB/T 4754-2017	国民经济行业分类	F5183	艺术品、收藏品拍卖	
人口学及社会经济学特征	GB/T 4754-2017	国民经济行业分类	F5184	艺术品代理	指艺术品、收藏品销售代理，以及画廊艺术经纪代理
人口学及社会经济学特征	GB/T 4754-2017	国民经济行业分类	F5189	其他贸易经纪与代理	
人口学及社会经济学特征	GB/T 4754-2017	国民经济行业分类	F519	其他批发业	指上述未包括的批发和进出口活动
人口学及社会经济学特征	GB/T 4754-2017	国民经济行业分类	F5191	再生物资回收与批发	指将可再生的废旧物资回收，并批发给制造企业作初级原料的活动
人口学及社会经济学特征	GB/T 4754-2017	国民经济行业分类	F5192	宠物食品用品批发	
人口学及社会经济学特征	GB/T 4754-2017	国民经济行业分类	F5193	互联网批发	指通过互联网电子商务平台开展的商品批发活动
人口学及社会经济学特征	GB/T 4754-2017	国民经济行业分类	F5199	其他未列明批发业	
人口学及社会经济学特征	GB/T 4754-2017	国民经济行业分类	F52	零售业	指百货商店、超级市场、专门零售商店、品牌专卖店、售货摊等主要面向最终消费者（如居民等）的销售活动，以互联网、邮政、电话、售货机等方式的销售活动，还包括在同一地点，后面加工生产，前面销售的店铺（如面包房）；谷物、种子、饲料、牲畜、矿产品、生产用原料、化工原料、农用化工产品、机械设备（乘用车、计算机及通信设备除外）等生产资料的销售不作为零售活动；多数零售商对其销售的货物拥有所有权，但有些则是充当委托人的代理人，进行委托销售或以收取佣金的方式进行销售；零售业按销售渠道分为有店铺零售和无店铺零售，其中有店铺零售分为综合零售和专门零售
人口学及社会经济学特征	GB/T 4754-2017	国民经济行业分类	F521	综合零售	
人口学及社会经济学特征	GB/T 4754-2017	国民经济行业分类	F5211	百货零售	指经营的商品品种较齐全，经营规模较大的综合零售活动
人口学及社会经济学特征	GB/T 4754-2017	国民经济行业分类	F5212	超级市场零售	指经营生鲜、食品、日用品等大众化实用品的超级市场的综合零售活动
人口学及社会经济学特征	GB/T 4754-2017	国民经济行业分类	F5213	便利店零售	指以满足顾客便利性需求为主要目的，以小型超市形式的零售活动
人口学及社会经济学特征	GB/T 4754-2017	国民经济行业分类	F5219	其他综合零售	指日用杂品综合零售活动；在街道、社区、乡镇、农村、工矿区、校区、交通要道口等人口稠密地区开办的小型综合零售店的活动；农村供销社的零售活动；不包括便利店零售
人口学及社会经济学特征	GB/T 4754-2017	国民经济行业分类	F522	食品、饮料及烟草制品专门零售	指专门经营粮油、食品、饮料及烟草制品的店铺零售活动
人口学及社会经济学特征	GB/T 4754-2017	国民经济行业分类	F5221	粮油零售	
人口学及社会经济学特征	GB/T 4754-2017	国民经济行业分类	F5222	糕点、面包零售	
人口学及社会经济学特征	GB/T 4754-2017	国民经济行业分类	F5223	果品、蔬菜零售	
人口学及社会经济学特征	GB/T 4754-2017	国民经济行业分类	F5224	肉、禽、蛋、奶及水产品零售	
人口学及社会经济学特征	GB/T 4754-2017	国民经济行业分类	F5225	营养和保健品零售	
人口学及社会经济学特征	GB/T 4754-2017	国民经济行业分类	F5226	酒、饮料及茶叶零售	指专门经营酒、茶叶及各种饮料的店铺零售活动
人口学及社会经济学特征	GB/T 4754-2017	国民经济行业分类	F5227	烟草制品零售	
人口学及社会经济学特征	GB/T 4754-2017	国民经济行业分类	F5229	其他食品零售	指上述未列明的店铺食品零售活动
人口学及社会经济学特征	GB/T 4754-2017	国民经济行业分类	F523	纺织、服装及日用品专门零售	指专门经营纺织面料、纺织品、服装、鞋、帽及各种生活日用品的店铺零售活动
人口学及社会经济学特征	GB/T 4754-2017	国民经济行业分类	F5231	纺织品及针织品零售	
人口学及社会经济学特征	GB/T 4754-2017	国民经济行业分类	F5232	服装零售	
人口学及社会经济学特征	GB/T 4754-2017	国民经济行业分类	F5233	鞋帽零售	
人口学及社会经济学特征	GB/T 4754-2017	国民经济行业分类	F5234	化妆品及卫生用品零售	
人口学及社会经济学特征	GB/T 4754-2017	国民经济行业分类	F5235	厨具卫具及日用杂品零售	指专门经营炊具、厨具、餐具、日用陶瓷、日用玻璃器皿、塑料器皿、清洁用具和用品的店铺零售活动，以及各种材质其他日用杂品的零售活动
人口学及社会经济学特征	GB/T 4754-2017	国民经济行业分类	F5236	钟表、眼镜零售	
人口学及社会经济学特征	GB/T 4754-2017	国民经济行业分类	F5237	箱包零售	
人口学及社会经济学特征	GB/T 4754-2017	国民经济行业分类	F5238	自行车等代步设备零售	包括自行车、助动自行车（包括电力助动自行车和燃油助动自行车）以及平衡车、老年代步车、三轮车等汽车、摩托车以外的代步车及零配件零售
人口学及社会经济学特征	GB/T 4754-2017	国民经济行业分类	F5239	其他日用品零售	指专门经营小饰物、礼品花卉及其他未列明日用品的店铺零售活动
人口学及社会经济学特征	GB/T 4754-2017	国民经济行业分类	F524	文化、体育用品及器材专门零售	指专门经营文具、体育用品、图书、报刊、音像制品、电子出版物、数字出版物、首饰、工艺美术品、收藏品、照相器材及其他文化用品的店铺零售活动
人口学及社会经济学特征	GB/T 4754-2017	国民经济行业分类	F5241	文具用品零售	
人口学及社会经济学特征	GB/T 4754-2017	国民经济行业分类	F5242	体育用品及器材零售	
人口学及社会经济学特征	GB/T 4754-2017	国民经济行业分类	F5243	图书、报刊零售	
人口学及社会经济学特征	GB/T 4754-2017	国民经济行业分类	F5244	音像制品、电子和数字出版物零售	
人口学及社会经济学特征	GB/T 4754-2017	国民经济行业分类	F5245	珠宝首饰零售	
人口学及社会经济学特征	GB/T 4754-2017	国民经济行业分类	F5246	工艺美术品及收藏品零售	指专门经营具有收藏价值和艺术价值的工艺品、艺术品、古玩、字画、邮品等店铺零售活动
人口学及社会经济学特征	GB/T 4754-2017	国民经济行业分类	F5247	乐器零售	
人口学及社会经济学特征	GB/T 4754-2017	国民经济行业分类	F5248	照相器材零售	
人口学及社会经济学特征	GB/T 4754-2017	国民经济行业分类	F5249	其他文化用品零售	指专门经营游艺用品及其他未列明文化用品的店铺零售活动
人口学及社会经济学特征	GB/T 4754-2017	国民经济行业分类	F525	医药及医疗器材专门零售	指专门经营各种化学药品、生物药品、中药、医疗用品及器材的店铺零售活动
人口学及社会经济学特征	GB/T 4754-2017	国民经济行业分类	F5251	西药零售	指人用化学药品和生物药品的零售活动
人口学及社会经济学特征	GB/T 4754-2017	国民经济行业分类	F5252	中药零售	指人用中成药、中药材中药饮片的零售活动
人口学及社会经济学特征	GB/T 4754-2017	国民经济行业分类	F5253	动物用药品零售	指畜牧业、渔业及禽类等动物用药品的零售
人口学及社会经济学特征	GB/T 4754-2017	国民经济行业分类	F5254	医疗用品及器材零售	
人口学及社会经济学特征	GB/T 4754-2017	国民经济行业分类	F5255	保健辅助治疗器材零售	
人口学及社会经济学特征	GB/T 4754-2017	国民经济行业分类	F526	汽车、摩托车、零配件和燃料及其他动力销售	指专门经营汽车、摩托车、汽车部件、汽车零配件及燃料、燃气的零售活动以及汽车充电桩服务
人口学及社会经济学特征	GB/T 4754-2017	国民经济行业分类	F5261	汽车新车零售	
人口学及社会经济学特征	GB/T 4754-2017	国民经济行业分类	F5262	汽车旧车零售	
人口学及社会经济学特征	GB/T 4754-2017	国民经济行业分类	F5263	汽车零配件零售	
人口学及社会经济学特征	GB/T 4754-2017	国民经济行业分类	F5264	摩托车及零配件零售	
人口学及社会经济学特征	GB/T 4754-2017	国民经济行业分类	F5265	机动车燃油零售	指专门经营机动车燃油及相关产品（润滑油）的店铺零售活动
人口学及社会经济学特征	GB/T 4754-2017	国民经济行业分类	F5266	机动车燃气零售	
人口学及社会经济学特征	GB/T 4754-2017	国民经济行业分类	F5267	机动车充电销售	
人口学及社会经济学特征	GB/T 4754-2017	国民经济行业分类	F527	家用电器及电子产品专门零售	指专门经营家用电器和计算机、软件及辅助设备、电子通信设备、电子元器件及办公设备的店铺零售活动
人口学及社会经济学特征	GB/T 4754-2017	国民经济行业分类	F5271	家用视听设备零售	指专门经营电视、音响设备、摄录像设备等店铺零售活动
人口学及社会经济学特征	GB/T 4754-2017	国民经济行业分类	F5272	日用家电零售	指专门经营冰箱、洗衣机、空调、吸尘器及其他家用电器设备的店铺零售活动
人口学及社会经济学特征	GB/T 4754-2017	国民经济行业分类	F5273	计算机、软件及辅助设备零售	
人口学及社会经济学特征	GB/T 4754-2017	国民经济行业分类	F5274	通信设备零售	不包括专业通信设备的销售
人口学及社会经济学特征	GB/T 4754-2017	国民经济行业分类	F5279	其他电子产品零售	
人口学及社会经济学特征	GB/T 4754-2017	国民经济行业分类	F528	五金、家具及室内装饰材料专门零售	指专门经营五金用品、家具和装修材料的店铺零售活动，以及在家具、家居装饰、建材城（中心）及展销会上设摊位的销售活动
人口学及社会经济学特征	GB/T 4754-2017	国民经济行业分类	F5281	五金零售	
人口学及社会经济学特征	GB/T 4754-2017	国民经济行业分类	F5282	灯具零售	
人口学及社会经济学特征	GB/T 4754-2017	国民经济行业分类	F5283	家具零售	
人口学及社会经济学特征	GB/T 4754-2017	国民经济行业分类	F5284	涂料零售	
人口学及社会经济学特征	GB/T 4754-2017	国民经济行业分类	F5285	卫生洁具零售	
人口学及社会经济学特征	GB/T 4754-2017	国民经济行业分类	F5286	木质装饰材料零售	指专门经营木质地板、门、窗等店铺零售活动，不包括板材销售活动
人口学及社会经济学特征	GB/T 4754-2017	国民经济行业分类	F5287	陶瓷、石材装饰材料零售	指专门经营陶瓷、石材制地板砖、壁砖等店铺零售活动
人口学及社会经济学特征	GB/T 4754-2017	国民经济行业分类	F5289	其他室内装饰材料零售	
人口学及社会经济学特征	GB/T 4754-2017	国民经济行业分类	F529	货摊、无店铺及其他零售业	
人口学及社会经济学特征	GB/T 4754-2017	国民经济行业分类	F5291	流动货摊零售	
人口学及社会经济学特征	GB/T 4754-2017	国民经济行业分类	F5292	互联网零售	指零售商通过电子商务平台开展销售的活动，不包括仅提供网络支付的活动，以及仅建立或提供网络交易平台和接入的活动
人口学及社会经济学特征	GB/T 4754-2017	国民经济行业分类	F5293	邮购及电视、电话零售	指通过寄递及电视、电话等方式进行销售，并送货上门的零售活动
人口学及社会经济学特征	GB/T 4754-2017	国民经济行业分类	F5294	自动售货机零售	
人口学及社会经济学特征	GB/T 4754-2017	国民经济行业分类	F5295	旧货零售	
人口学及社会经济学特征	GB/T 4754-2017	国民经济行业分类	F5296	生活用燃料零售	指从事生活用煤、煤油、酒精、薪柴、木炭以及罐装液化石油气等专门零售活动
人口学及社会经济学特征	GB/T 4754-2017	国民经济行业分类	F5297	宠物食品用品零售	
人口学及社会经济学特征	GB/T 4754-2017	国民经济行业分类	F5299	其他未列明零售业	
人口学及社会经济学特征	GB/T 4754-2017	国民经济行业分类	G	交通运输、仓储和邮政业	本门类包括53～60大类
人口学及社会经济学特征	GB/T 4754-2017	国民经济行业分类	G53	铁路运输业	指铁路的安全管理、调度指挥、行车组织、客运组织、货运组织，以及机车车辆、线桥隧涵、牵引供电、通信信号、信息系统的运用及维修养护；不包括铁路机车车辆、线桥隧涵、牵引供电、通信信号、信息系统设备的制造厂（公司）、建筑工程公司、商店、学校、科研所、医院等活动
人口学及社会经济学特征	GB/T 4754-2017	国民经济行业分类	G531	铁路旅客运输	
人口学及社会经济学特征	GB/T 4754-2017	国民经济行业分类	G5311	高速铁路旅客运输	
人口学及社会经济学特征	GB/T 4754-2017	国民经济行业分类	G5312	城际铁路旅客运输	
人口学及社会经济学特征	GB/T 4754-2017	国民经济行业分类	G5313	普通铁路旅客运输	
人口学及社会经济学特征	GB/T 4754-2017	国民经济行业分类	G5325320	铁路货物运输	
人口学及社会经济学特征	GB/T 4754-2017	国民经济行业分类	G533	铁路运输辅助活动	
人口学及社会经济学特征	GB/T 4754-2017	国民经济行业分类	G5331	客运火车站	
人口学及社会经济学特征	GB/T 4754-2017	国民经济行业分类	G5332	货运火车站（场）	
人口学及社会经济学特征	GB/T 4754-2017	国民经济行业分类	G5333	铁路运输维护活动	指车辆运用及维护、线桥遂涵运用及维护、牵引供电运用及维护、通信信号运用及维护、铁路专用线运用及维护等
人口学及社会经济学特征	GB/T 4754-2017	国民经济行业分类	G5339	其他铁路运输辅助活动	指除铁路旅客和货物公共运输、专用铁路运输和为其服务的铁路场站、机车车辆、线桥隧涵、牵引供电、通信信号的运用及维修养护，以及铁路专用线外的运输辅助活动
人口学及社会经济学特征	GB/T 4754-2017	国民经济行业分类	G54	道路运输业	
人口学及社会经济学特征	GB/T 4754-2017	国民经济行业分类	G541	城市公共交通运输	指城市旅客运输活动
人口学及社会经济学特征	GB/T 4754-2017	国民经济行业分类	G5411	公共电汽车客运	
人口学及社会经济学特征	GB/T 4754-2017	国民经济行业分类	G5412	城市轨道交通	指城市地铁、轻轨、有轨电车等活动
人口学及社会经济学特征	GB/T 4754-2017	国民经济行业分类	G5413	出租车客运	指出租车公司以及与出租车公司签协议的出租车驾驶员的服务，还包括网络约车公司以及承揽网络预约客运的驾驶员的服务
人口学及社会经济学特征	GB/T 4754-2017	国民经济行业分类	G5414	公共自行车服务	指政府或社会机构以低价格为居民提供的自行车出行服务
人口学及社会经济学特征	GB/T 4754-2017	国民经济行业分类	G5419	其他城市公共交通运输	指其他未列明的城市旅客运输活动
人口学及社会经济学特征	GB/T 4754-2017	国民经济行业分类	G542	公路旅客运输	指城市以外道路的旅客运输活动
人口学及社会经济学特征	GB/T 4754-2017	国民经济行业分类	G5421	长途客运	指由始发站至终点站定线、定站、定班运行和停靠的旅客运输
人口学及社会经济学特征	GB/T 4754-2017	国民经济行业分类	G5422	旅游客运	指专门为观光消遣为目的的团体或个人提供的，或者在特定旅游线路上提供的客运服务
人口学及社会经济学特征	GB/T 4754-2017	国民经济行业分类	G5429	其他公路客运	指其他未列明的公路旅客运输活动
人口学及社会经济学特征	GB/T 4754-2017	国民经济行业分类	G543	道路货物运输	指所有道路的货物运输活动
人口学及社会经济学特征	GB/T 4754-2017	国民经济行业分类	G5431	普通货物道路运输	指对运输、装卸、保管没有特殊要求的道路货物运输活动
人口学及社会经济学特征	GB/T 4754-2017	国民经济行业分类	G5432	冷藏车道路运输	指农产品、食品、植物等货物始终处于适宜温度环境下，保证产品质量的配有专门运输设备的道路货物运输活动
人口学及社会经济学特征	GB/T 4754-2017	国民经济行业分类	G5433	集装箱道路运输	指以集装箱为承载货物容器的道路运输活动
人口学及社会经济学特征	GB/T 4754-2017	国民经济行业分类	G5434	大型货物道路运输	指具备长度超过6m，高度超过2.7m，宽度超过2.5m，质量超过4t中一个及以上条件货物的道路运输活动
人口学及社会经济学特征	GB/T 4754-2017	国民经济行业分类	G5435	危险货物道路运输	指具有燃烧、爆炸、腐蚀、有毒、放射性等物质，在运输、装卸、保管过程中可能引起人身伤亡和财产毁损而需要特别防护的货物道路运输活动
人口学及社会经济学特征	GB/T 4754-2017	国民经济行业分类	G5436	邮件包裹道路运输	
人口学及社会经济学特征	GB/T 4754-2017	国民经济行业分类	G5437	城市配送	指服务于城区以及市近郊的货物配送活动的货物临时存放地，在经济合理区域内，根据客户的要求对物品进行加工、包装、分割、组配等作业，并按时送达指定地点的物流活动
人口学及社会经济学特征	GB/T 4754-2017	国民经济行业分类	G5438	搬家运输	
人口学及社会经济学特征	GB/T 4754-2017	国民经济行业分类	G5439	其他道路货物运输	指其他未列明的道路货物运输活动
人口学及社会经济学特征	GB/T 4754-2017	国民经济行业分类	G544	道路运输辅助活动	指与道路运输相关的运输辅助活动
人口学及社会经济学特征	GB/T 4754-2017	国民经济行业分类	G5441	客运汽车站	指长途旅客运输汽车站的服务
人口学及社会经济学特征	GB/T 4754-2017	国民经济行业分类	G5442	货运枢纽（站）	
人口学及社会经济学特征	GB/T 4754-2017	国民经济行业分类	G5443	公路管理与养护	
人口学及社会经济学特征	GB/T 4754-2017	国民经济行业分类	G5449	其他道路运输辅助活动	
人口学及社会经济学特征	GB/T 4754-2017	国民经济行业分类	G55	水上运输业	
人口学及社会经济学特征	GB/T 4754-2017	国民经济行业分类	G551	水上旅客运输	
人口学及社会经济学特征	GB/T 4754-2017	国民经济行业分类	G5511	海上旅客运输	指沿海、远洋客轮的运输活动和以客运为主的沿海、远洋运输活动
人口学及社会经济学特征	GB/T 4754-2017	国民经济行业分类	G5512	内河旅客运输	指江、河、湖泊、水库的水上旅客运输活动
人口学及社会经济学特征	GB/T 4754-2017	国民经济行业分类	G5513	客运轮渡运输	指城市及其他水域旅客轮渡运输活动
人口学及社会经济学特征	GB/T 4754-2017	国民经济行业分类	G552	水上货物运输	
人口学及社会经济学特征	GB/T 4754-2017	国民经济行业分类	G5521	远洋货物运输	
人口学及社会经济学特征	GB/T 4754-2017	国民经济行业分类	G5522	沿海货物运输	
人口学及社会经济学特征	GB/T 4754-2017	国民经济行业分类	G5523	内河货物运输	指江、河、湖泊、水库的水上货物运输活动
人口学及社会经济学特征	GB/T 4754-2017	国民经济行业分类	G553	水上运输辅助活动	
人口学及社会经济学特征	GB/T 4754-2017	国民经济行业分类	G5531	客运港口	含水上运动码头
人口学及社会经济学特征	GB/T 4754-2017	国民经济行业分类	G5532	货运港口	
人口学及社会经济学特征	GB/T 4754-2017	国民经济行业分类	G5539	其他水上运输辅助活动	指其他未列明的水上运输辅助活动
人口学及社会经济学特征	GB/T 4754-2017	国民经济行业分类	G56	航空运输业	
人口学及社会经济学特征	GB/T 4754-2017	国民经济行业分类	G561	航空客货运输	
人口学及社会经济学特征	GB/T 4754-2017	国民经济行业分类	G5611	航空旅客运输	指以旅客运输为主的航空运输活动
人口学及社会经济学特征	GB/T 4754-2017	国民经济行业分类	G5612	航空货物运输	指以货物或邮件为主的航空运输活动
人口学及社会经济学特征	GB/T 4754-2017	国民经济行业分类	G562	通用航空服务	指使用民用航空器从事除公共航空运输以外的民用航空活动
人口学及社会经济学特征	GB/T 4754-2017	国民经济行业分类	G5621	通用航空生产服务	指通用航空为农业、测绘、航拍、抢险、救援等活动的服务
人口学及社会经济学特征	GB/T 4754-2017	国民经济行业分类	G5622	观光游览航空服务	包括直升机、热气球的游览服务
人口学及社会经济学特征	GB/T 4754-2017	国民经济行业分类	G5623	体育航空运动服务	指通过各种航空器进行运动活动的服务，包括航空俱乐部服务
人口学及社会经济学特征	GB/T 4754-2017	国民经济行业分类	G5629	其他通用航空服务	
人口学及社会经济学特征	GB/T 4754-2017	国民经济行业分类	G563	航空运输辅助活动	
人口学及社会经济学特征	GB/T 4754-2017	国民经济行业分类	G5631	机场	
人口学及社会经济学特征	GB/T 4754-2017	国民经济行业分类	G5632	空中交通管理	
人口学及社会经济学特征	GB/T 4754-2017	国民经济行业分类	G5639	其他航空运输辅助活动	指其他未列明的航空运输辅助活动
人口学及社会经济学特征	GB/T 4754-2017	国民经济行业分类	G57	管道运输业	
人口学及社会经济学特征	GB/T 4754-2017	国民经济行业分类	G5715710	海底管道运输	指通过海底管道对气体、液体等运输活动
人口学及社会经济学特征	GB/T 4754-2017	国民经济行业分类	G5725720	陆地管道运输	指通过陆地管道对气体、液体等运输活动
人口学及社会经济学特征	GB/T 4754-2017	国民经济行业分类	G58	多式联运和运输代理业	
人口学及社会经济学特征	GB/T 4754-2017	国民经济行业分类	G5815810	多式联运	指由两种及其以上的交通工具相互衔接、转运而共同完成的货物复合运输活动
人口学及社会经济学特征	GB/T 4754-2017	国民经济行业分类	G582	运输代理业	指与运输有关的代理及服务活动
人口学及社会经济学特征	GB/T 4754-2017	国民经济行业分类	G5821	货物运输代理	
人口学及社会经济学特征	GB/T 4754-2017	国民经济行业分类	G5822	旅客票务代理	
人口学及社会经济学特征	GB/T 4754-2017	国民经济行业分类	G5829	其他运输代理业	
人口学及社会经济学特征	GB/T 4754-2017	国民经济行业分类	G59	装卸搬运和仓储业	指装卸搬运活动和专门从事货物仓储、货物运输中转仓储，以及以仓储为主的货物送配活动，还包括以仓储为目的的收购活动
人口学及社会经济学特征	GB/T 4754-2017	国民经济行业分类	G5915910	装卸搬运	
人口学及社会经济学特征	GB/T 4754-2017	国民经济行业分类	G5925920	通用仓储	指除冷藏冷冻物品、危险物品、谷物、棉花、中药材等具有特殊要求以外的物品的仓储活动
人口学及社会经济学特征	GB/T 4754-2017	国民经济行业分类	G5935930	低温仓储	指对冷藏冷冻物品等低温货物的仓储活动
人口学及社会经济学特征	GB/T 4754-2017	国民经济行业分类	G594	危险品仓储	指对具有易燃易爆物品、危险化学品、放射性物品等能够危及人身安全和财产安全的物品的仓储活动
人口学及社会经济学特征	GB/T 4754-2017	国民经济行业分类	G5941	油气仓储	
人口学及社会经济学特征	GB/T 4754-2017	国民经济行业分类	G5942	危险化学品仓储	
人口学及社会经济学特征	GB/T 4754-2017	国民经济行业分类	G5949	其他危险品仓储	
人口学及社会经济学特征	GB/T 4754-2017	国民经济行业分类	G595	谷物、棉花等农产品仓储	
人口学及社会经济学特征	GB/T 4754-2017	国民经济行业分类	G5951	谷物仓储	指国家储备及其他谷物仓储活动
人口学及社会经济学特征	GB/T 4754-2017	国民经济行业分类	G5952	棉花仓储	指棉花加工厂仓储、中转仓储、棉花专业仓储、棉花物流配送活动，还包括在棉花仓储、物流配送过程中的棉花信息化管理活动
人口学及社会经济学特征	GB/T 4754-2017	国民经济行业分类	G5959	其他农产品仓储	指未列明的其他农产品仓储活动，包括林产品的仓储
人口学及社会经济学特征	GB/T 4754-2017	国民经济行业分类	G5965960	中药材仓储	
人口学及社会经济学特征	GB/T 4754-2017	国民经济行业分类	G5995990	其他仓储业	
人口学及社会经济学特征	GB/T 4754-2017	国民经济行业分类	G60	邮政业	
人口学及社会经济学特征	GB/T 4754-2017	国民经济行业分类	G6016010	邮政基本服务	指邮政企业或者受邮政企业委托的企业提供的信件、印刷品、包裹、汇兑、报刊发行等邮政服务，以及国家规定的其他邮政服务；不包括邮政企业提供的快递服务
人口学及社会经济学特征	GB/T 4754-2017	国民经济行业分类	G6026020	快递服务	指快递服务组织在承诺的时限内快速完成的寄递服务
人口学及社会经济学特征	GB/T 4754-2017	国民经济行业分类	G6096090	其他寄递服务	指邮政企业和快递企业之外的企业提供的多种类型的寄递服务
人口学及社会经济学特征	GB/T 4754-2017	国民经济行业分类	H	住宿和餐饮业	本门类包括61和62大类
人口学及社会经济学特征	GB/T 4754-2017	国民经济行业分类	H61	住宿业	指为旅行者提供短期留宿场所的活动，有些单位只提供住宿，也有些单位提供住宿、饮食、商务、娱乐一体的服务，本类不包括主要按月或按年长期出租房屋住所的活动
人口学及社会经济学特征	GB/T 4754-2017	国民经济行业分类	H6116110	旅游饭店	指按照国家有关规定评定的旅游饭店和具有同等质量、水平的饭店活动
人口学及社会经济学特征	GB/T 4754-2017	国民经济行业分类	H612	一般旅馆	指不具备评定旅游饭店和同等水平饭店的一般旅馆的活动
人口学及社会经济学特征	GB/T 4754-2017	国民经济行业分类	H6121	经济型连锁酒店	指以客房为唯一或核心产品，以连锁为经营模式，统一装修风格，统一服务标准，面向大众、价格经济、满足消费者在外出住宿时对安全、卫生、便捷等方面基本要求的并具有国际接待水准的有限服务型住宿企业
人口学及社会经济学特征	GB/T 4754-2017	国民经济行业分类	H6129	其他一般旅馆	
人口学及社会经济学特征	GB/T 4754-2017	国民经济行业分类	H6136130	民宿服务	指城乡居民及社会机构利用闲置房屋开展的住宿活动和短期出租公寓服务
人口学及社会经济学特征	GB/T 4754-2017	国民经济行业分类	H6146140	露营地服务	指在游览景区或其他地区，为自驾游、自行车游客及其他游客外出旅行提供使用自备露营设施（如帐篷、房车）或租借小木屋、移动别墅、房车等住宿和生活场所
人口学及社会经济学特征	GB/T 4754-2017	国民经济行业分类	H6196190	其他住宿业	指上述未列明的住宿服务
人口学及社会经济学特征	GB/T 4754-2017	国民经济行业分类	H62	餐饮业	指通过即时制作加工、商业销售和服务性劳动等，向消费者提供食品和消费场所及设施的服务
人口学及社会经济学特征	GB/T 4754-2017	国民经济行业分类	H6216210	正餐服务	指在一定场所内提供以中餐、晚餐为主的各种中西式炒菜和主食，并由服务员送餐上桌的餐饮活动
人口学及社会经济学特征	GB/T 4754-2017	国民经济行业分类	H6226220	快餐服务	指在一定场所内或通过特定设备提供快捷、便利的餐饮服务
人口学及社会经济学特征	GB/T 4754-2017	国民经济行业分类	H623	饮料及冷饮服务	指在一定场所内以提供饮料和冷饮为主的服务
人口学及社会经济学特征	GB/T 4754-2017	国民经济行业分类	H6231	茶馆服务	
人口学及社会经济学特征	GB/T 4754-2017	国民经济行业分类	H6232	咖啡馆服务	
人口学及社会经济学特征	GB/T 4754-2017	国民经济行业分类	H6233	酒吧服务	
人口学及社会经济学特征	GB/T 4754-2017	国民经济行业分类	H6239	其他饮料及冷饮服务	
人口学及社会经济学特征	GB/T 4754-2017	国民经济行业分类	H624	餐饮配送及外卖送餐服务	
人口学及社会经济学特征	GB/T 4754-2017	国民经济行业分类	H6241	餐饮配送服务	指根据协议或合同，为民航、铁路、学校、公司、机关等机构提供餐饮配送服务
人口学及社会经济学特征	GB/T 4754-2017	国民经济行业分类	H6242	外卖送餐服务	指根据消费者的订单和食品安全的要求，选择适当的交通工具、设备，按时、按质、按量送达消费者，并提供相应单据的服务
人口学及社会经济学特征	GB/T 4754-2017	国民经济行业分类	H629	其他餐饮业	
人口学及社会经济学特征	GB/T 4754-2017	国民经济行业分类	H6291	小吃服务	指提供全天就餐的简便餐饮服务，包括路边小饭馆、农家饭馆、流动餐饮和单一小吃等餐饮服务
人口学及社会经济学特征	GB/T 4754-2017	国民经济行业分类	H6299	其他未列明餐饮业	
人口学及社会经济学特征	GB/T 4754-2017	国民经济行业分类	I	信息传输、软件和信息技术服务业	本门类包括63～65大类
人口学及社会经济学特征	GB/T 4754-2017	国民经济行业分类	I63	电信、广播电视和卫星传输服务	
人口学及社会经济学特征	GB/T 4754-2017	国民经济行业分类	I631	电信	指利用有线、无线的电磁系统或者光电系统，传送、发射或者接收语音、文字、数据、图像以及其他任何形式信息的活动
人口学及社会经济学特征	GB/T 4754-2017	国民经济行业分类	I6311	固定电信服务	指从事固定通信业务活动
人口学及社会经济学特征	GB/T 4754-2017	国民经济行业分类	I6312	移动电信服务	指从事移动通信业务活动
人口学及社会经济学特征	GB/T 4754-2017	国民经济行业分类	I6319	其他电信服务	指除固定电信服务、移动电信服务外，利用固定、移动通信网从事的信息服务
人口学及社会经济学特征	GB/T 4754-2017	国民经济行业分类	I632	广播电视传输服务	
人口学及社会经济学特征	GB/T 4754-2017	国民经济行业分类	I6321	有线广播电视传输服务	指有线广播电视网络及其信息传输分发交换接入服务和信号的传输服务
人口学及社会经济学特征	GB/T 4754-2017	国民经济行业分类	I6322	无线广播电视传输服务	指无线广播电视传输覆盖网及其信息传输分发交换服务信号的传输服务
人口学及社会经济学特征	GB/T 4754-2017	国民经济行业分类	I633	卫星传输服务	指利用卫星提供通讯传输和广播电视传输服务、以及导航、定位、测绘、气象、地质勘查、空间信息等应用服务
人口学及社会经济学特征	GB/T 4754-2017	国民经济行业分类	I6331	广播电视卫星传输服务	
人口学及社会经济学特征	GB/T 4754-2017	国民经济行业分类	I6339	其他卫星传输服务	
人口学及社会经济学特征	GB/T 4754-2017	国民经济行业分类	I64	互联网和相关服务	
人口学及社会经济学特征	GB/T 4754-2017	国民经济行业分类	I6416410	互联网接入及相关服务	指除基础电信运营商外，基于基础传输网络为存储数据、数据处理及相关活动，提供接入互联网的有关应用设施的服务
人口学及社会经济学特征	GB/T 4754-2017	国民经济行业分类	I642	互联网信息服务	指除基础电信运营商外，通过互联网提供在线信息、电子邮箱、数据检索、网络游戏、网上新闻、网上音乐等信息服务；不包括互联网支付、互联网基金销售、互联网保险、互联网信托和互联网消费金融，有关内容列入相应的金融行业中
人口学及社会经济学特征	GB/T 4754-2017	国民经济行业分类	I6421	互联网搜索服务	
人口学及社会经济学特征	GB/T 4754-2017	国民经济行业分类	I6422	互联网游戏服务	含互联网电子竞技服务
人口学及社会经济学特征	GB/T 4754-2017	国民经济行业分类	I6429	互联网其他信息服务	
人口学及社会经济学特征	GB/T 4754-2017	国民经济行业分类	I643	互联网平台	
人口学及社会经济学特征	GB/T 4754-2017	国民经济行业分类	I6431	互联网生产服务平台	指专门为生产服务提供第三方服务平台的互联网活动，包括互联网大宗商品交易平台、互联网货物运输平台等
人口学及社会经济学特征	GB/T 4754-2017	国民经济行业分类	I6432	互联网生活服务平台	指专门为居民生活服务提供第三方服务平台的互联网活动，包括互联网销售平台、互联网约车服务平台、互联网旅游出行服务平台、互联网体育平台等
人口学及社会经济学特征	GB/T 4754-2017	国民经济行业分类	I6433	互联网科技创新平台	指专门为科技创新、创业等提供第三方服务平台的互联网活动，包括网络众创平台、网络众包平台、网络众扶平台、技术创新网络平台、技术交易网络平台、科技成果网络推广平台、知识产权交易平台、开源社区平台等
人口学及社会经济学特征	GB/T 4754-2017	国民经济行业分类	I6434	互联网公共服务平台	指专门为公共服务提供第三方服务平台的互联网活动
人口学及社会经济学特征	GB/T 4754-2017	国民经济行业分类	I6439	其他互联网平台	
人口学及社会经济学特征	GB/T 4754-2017	国民经济行业分类	I6446440	互联网安全服务	包括网络安全监控，以及网络服务质量、可信度和安全等评估测评活动
人口学及社会经济学特征	GB/T 4754-2017	国民经济行业分类	I6456450	互联网数据服务	指以互联网技术为基础的大数据处理、云存储、云计算、云加工等服务
人口学及社会经济学特征	GB/T 4754-2017	国民经济行业分类	I6496490	其他互联网服务	指除基础电信运营商服务、互联网接入及相关服务、互联网信息服务以外的其他未列明互联网服务
人口学及社会经济学特征	GB/T 4754-2017	国民经济行业分类	I65	软件和信息技术服务业	指对信息传输、信息制作、信息提供和信息接收过程中产生的技术问题或技术需求所提供的服务
人口学及社会经济学特征	GB/T 4754-2017	国民经济行业分类	I651	软件开发	
人口学及社会经济学特征	GB/T 4754-2017	国民经济行业分类	I6511	基础软件开发	指能够对硬件资源进行调度和管理、为应用软件提供运行支撑的软件，包括操作系统、数据库、中间件、各类固件等
人口学及社会经济学特征	GB/T 4754-2017	国民经济行业分类	I6512	支撑软件开发	指软件开发过程中使用到的支撑软件开发的工具和集成环境、测试工具软件等
人口学及社会经济学特征	GB/T 4754-2017	国民经济行业分类	I6513	应用软件开发	指独立销售的面向应用需求的软件和解决方案软件等，包括通用软件、工业软件、行业软件、嵌入式应用软件等
人口学及社会经济学特征	GB/T 4754-2017	国民经济行业分类	I6519	其他软件开发	指未列明的软件开发，如平台软件、信息安全软件等
人口学及社会经济学特征	GB/T 4754-2017	国民经济行业分类	I6526520	集成电路设计	指IC设计服务，即企业开展的集成电路功能研发、设计等服务
人口学及社会经济学特征	GB/T 4754-2017	国民经济行业分类	I653	信息系统集成和物联网技术服务	
人口学及社会经济学特征	GB/T 4754-2017	国民经济行业分类	I6531	信息系统集成服务	指基于需方业务需求进行的信息系统需求分析和系统设计，并通过结构化的综合布缆系统、计算机网络技术和软件技术，将各个分离的设备、功能和信息等集成到相互关联的、统一和协调的系统之中，以及为信息系统的正常运行提供支持的服务；包括信息系统设计、集成实施、运行维护等服务
人口学及社会经济学特征	GB/T 4754-2017	国民经济行业分类	I6532	物联网技术服务	指提供各种物联网技术支持服务
人口学及社会经济学特征	GB/T 4754-2017	国民经济行业分类	I6546540	运行维护服务	指基础环境运行维护、网络运行维护、软件运行维护、硬件运行维护、其他运行维护服务
人口学及社会经济学特征	GB/T 4754-2017	国民经济行业分类	I6556550	信息处理和存储支持服务	指供方向需方提供的信息和数据的分析、整理、计算、编辑、存储等加工处理服务，以及应用软件、信息系统基础设施等租用服务；包括在线企业资源规划（ERP）、在线杀毒、服务器托管、虚拟主机等
人口学及社会经济学特征	GB/T 4754-2017	国民经济行业分类	I6566560	信息技术咨询服务	指在信息资源开发利用、工程建设、人员培训、管理体系建设、技术支撑等方面向需方提供的管理或技术咨询评估服务；包括信息化规划、信息技术管理咨询、信息系统工程监理、测试评估、信息技术培训等
人口学及社会经济学特征	GB/T 4754-2017	国民经济行业分类	I657	数字内容服务	指数字内容的加工处理，即将图片、文字、视频、音频等信息内容运用数字化技术进行加工处理并整合应用的服务
人口学及社会经济学特征	GB/T 4754-2017	国民经济行业分类	I6571	地理遥感信息服务	指互联网地图服务软件、地理信息系统软件、测绘软件、遥感软件、导航与位置服务软件、地图制图软件等，以及地理信息加工处理（包括导航电子地图制作、遥感影像处理等）、地理信息系统工程服务、导航及位置服务等
人口学及社会经济学特征	GB/T 4754-2017	国民经济行业分类	I6572	动漫、游戏数字内容服务	
人口学及社会经济学特征	GB/T 4754-2017	国民经济行业分类	I6579	其他数字内容服务	含数字文化和数字体育内容服务
人口学及社会经济学特征	GB/T 4754-2017	国民经济行业分类	I659	其他信息技术服务业	
人口学及社会经济学特征	GB/T 4754-2017	国民经济行业分类	I6591	呼叫中心	指受企事业单位委托，利用与公用电话网或因特网连接的呼叫中心系统和数据库技术，经过信息采集、加工、存储等建立信息库，通过固定网、移动网或因特网等公众通信网络向用户提供有关该企事业单位的业务咨询、信息咨询和数据查询等服务
人口学及社会经济学特征	GB/T 4754-2017	国民经济行业分类	I6599	其他未列明信息技术服务业	
人口学及社会经济学特征	GB/T 4754-2017	国民经济行业分类	J	金融业	本门类包括66～69大类
人口学及社会经济学特征	GB/T 4754-2017	国民经济行业分类	J66	货币金融服务	
人口学及社会经济学特征	GB/T 4754-2017	国民经济行业分类	J6616610	中央银行服务	指代表政府管理金融活动，并制定和执行货币政策，维护金融稳定，管理金融市场的特殊金融机构的活动
人口学及社会经济学特征	GB/T 4754-2017	国民经济行业分类	J662	货币银行服务	指除中央银行以外的各类银行所从事存款、贷款和信用卡等货币媒介活动，还包括在中国开展货币业务的外资银行及分支机构的活动
人口学及社会经济学特征	GB/T 4754-2017	国民经济行业分类	J6621	商业银行服务	
人口学及社会经济学特征	GB/T 4754-2017	国民经济行业分类	J6622	政策性银行服务	
人口学及社会经济学特征	GB/T 4754-2017	国民经济行业分类	J6623	信用合作社服务	
人口学及社会经济学特征	GB/T 4754-2017	国民经济行业分类	J6624	农村资金互助社服务	指经银行业监督管理机构批准，由自愿入股组成的社区互助性银行业金融业务
人口学及社会经济学特征	GB/T 4754-2017	国民经济行业分类	J6629	其他货币银行服务	
人口学及社会经济学特征	GB/T 4754-2017	国民经济行业分类	J663	非货币银行服务	指主要与非货币媒介机构以各种方式发放贷款有关的金融服务
人口学及社会经济学特征	GB/T 4754-2017	国民经济行业分类	J6631	融资租赁服务	指经银行业监督管理部门或商务部批准，以经营融资租赁业务为主的活动
人口学及社会经济学特征	GB/T 4754-2017	国民经济行业分类	J6632	财务公司服务	指经银行业监督管理部门批准，为企业融资提供的金融活动
人口学及社会经济学特征	GB/T 4754-2017	国民经济行业分类	J6633	典当	指以动产、不动产或其他财产权利质押或抵押的融资活动
人口学及社会经济学特征	GB/T 4754-2017	国民经济行业分类	J6634	汽车金融公司服务	指经中国银监会批准设立的专门为中国境内的汽车购买者及销售者提供金融服务的非银行金融机构的活动
人口学及社会经济学特征	GB/T 4754-2017	国民经济行业分类	J6635	小额贷款公司服务	包括中国银监会和地方政府批准设立的贷款公司，即由境内商业银行或农村合作银行在农村地区设立的专门为县域农民、农业、农村经济发展提供贷款服务的金融机构
人口学及社会经济学特征	GB/T 4754-2017	国民经济行业分类	J6636	消费金融公司服务	指经中国银监会批准设立的为中国境内居民个人提供以消费（不包括购买房屋和汽车）为目的贷款的非银行金融机构的活动
人口学及社会经济学特征	GB/T 4754-2017	国民经济行业分类	J6637	网络借贷服务	指依法成立，专门从事网络借贷信息中介业务活动的金融信息中介公司，以及个体和个体之间通过互联网平台实现的直接借贷，个体包含自然人、法人及其他组织
人口学及社会经济学特征	GB/T 4754-2017	国民经济行业分类	J6639	其他非货币银行服务	指上述未包括的从事融资、抵押等非货币银行的服务，包括各种消费信贷抵押顾问和经纪人的活动；还包括金融保理活动
人口学及社会经济学特征	GB/T 4754-2017	国民经济行业分类	J6646640	银行理财服务	指银行提供的非保本理财产品服务
人口学及社会经济学特征	GB/T 4754-2017	国民经济行业分类	J6656650	银行监管服务	指代表政府管理银行业活动，制定并发布对银行业金融机构及其业务活动监督管理的规章、规则
人口学及社会经济学特征	GB/T 4754-2017	国民经济行业分类	J67	资本市场服务	
人口学及社会经济学特征	GB/T 4754-2017	国民经济行业分类	J671	证券市场服务	
人口学及社会经济学特征	GB/T 4754-2017	国民经济行业分类	J6711	证券市场管理服务	指非政府机关进行的证券市场经营和监管，包括证券交易所、登记结算机构的活动
人口学及社会经济学特征	GB/T 4754-2017	国民经济行业分类	J6712	证券经纪交易服务	指在金融市场上代他人进行交易、代理发行证券和其他有关活动，包括证券经纪、证券承销与保荐、融资融券业务、客户资产管理业务等活动
人口学及社会经济学特征	GB/T 4754-2017	国民经济行业分类	J6726720	公开募集证券投资基金	指向不特定投资者公开发行受益凭证的证券投资基金，由专业基金管理人管理，在法律的严格监管下进行投资，依照《公开募集证券投资基金运作管理办法》进行运作（包括基金投资类理财服务）
人口学及社会经济学特征	GB/T 4754-2017	国民经济行业分类	J673	非公开募集证券投资基金	指以投资活动为目的设立，非公开募集，由基金管理人或者普通合伙人管理的基金，依照《私募投资基金监督管理暂行办法》进行运作
人口学及社会经济学特征	GB/T 4754-2017	国民经济行业分类	J6731	创业投资基金	指向处于创业各阶段的成长性企业进行股权投资，以期所投资的企业成熟或相对成熟后主要通过股权转让获得增值收益的基金
人口学及社会经济学特征	GB/T 4754-2017	国民经济行业分类	J6732	天使投资	指除被投资企业职员及其家庭成员和直系亲属以外的个人以其自有资金开展的创业投资的活动
人口学及社会经济学特征	GB/T 4754-2017	国民经济行业分类	J6739	其他非公开募集证券投资基金	包括基金投资类理财服务
人口学及社会经济学特征	GB/T 4754-2017	国民经济行业分类	J674	期货市场服务	
人口学及社会经济学特征	GB/T 4754-2017	国民经济行业分类	J6741	期货市场管理服务	指非政府机关进行的期货市场经营和监管，包括商品期货交易所、金融期货交易所、期货保证金监控中心的活动
人口学及社会经济学特征	GB/T 4754-2017	国民经济行业分类	J6749	其他期货市场服务	指商品合约经纪及其他未列明的期货市场的服务
人口学及社会经济学特征	GB/T 4754-2017	国民经济行业分类	J6756750	证券期货监管服务	指由政府或行业自律组织进行的对证券期货市场的监管活动
人口学及社会经济学特征	GB/T 4754-2017	国民经济行业分类	J6766760	资本投资服务	指经批准的证券投资机构的自营投资、直接投资活动和其他投资活动
人口学及社会经济学特征	GB/T 4754-2017	国民经济行业分类	J6796790	其他资本市场服务	指投资咨询服务、财务咨询服务、资信评级服务，以及其他未列明的资本市场的服务
人口学及社会经济学特征	GB/T 4754-2017	国民经济行业分类	J68	保险业	
人口学及社会经济学特征	GB/T 4754-2017	国民经济行业分类	J681	人身保险	指以人的寿命和身体为保险标的的保险活动，包括人寿保险、年金保险、健康保险和意外伤害保险
人口学及社会经济学特征	GB/T 4754-2017	国民经济行业分类	J6811	人寿保险	指以人的寿命为保险标的的人身保险，包括定期寿险、终身寿险和两全保险
人口学及社会经济学特征	GB/T 4754-2017	国民经济行业分类	J6812	年金保险	指以被保险人生存为给付保险金条件，并按约定的时间间隔分期给付生存保险金的人身保险
人口学及社会经济学特征	GB/T 4754-2017	国民经济行业分类	J6813	健康保险	指以因健康原因导致损失为给付保险金条件的人身保险，包括疾病保险、医疗保险、失能收入损失保险和护理保险
人口学及社会经济学特征	GB/T 4754-2017	国民经济行业分类	J6814	意外伤害保险	指以被保险人因意外事故而导致身故、残疾或者发生保险合同约定的其他事故为给付保险金条件的人身保险
人口学及社会经济学特征	GB/T 4754-2017	国民经济行业分类	J6826820	财产保险	指以财产及其有关利益为保险标的的保险，包括财产损失保险、责任保险、信用保险、保证保险等
人口学及社会经济学特征	GB/T 4754-2017	国民经济行业分类	J6836830	再保险	指承担与其他保险公司承保的现有保单相关的所有或部分风险的活动
人口学及社会经济学特征	GB/T 4754-2017	国民经济行业分类	J6846840	商业养老金	指专为个人和单位雇员或成员提供退休金补贴而设立的法定实体的活动(如基金、计划、项目等)，包括养老金定额补贴计划以及完全根据成员贡献确定补贴数额的个人养老金计划等
人口学及社会经济学特征	GB/T 4754-2017	国民经济行业分类	J685	保险中介服务	指保险代理人、保险经纪人开展的保险销售、谈判、促合以及防灾、防损或风险评估、风险管理咨询、协助查勘理赔等活动，以及保险公估人开展的对保险标的或保险事故的评估、鉴定、勘验、估损、理算等活动
人口学及社会经济学特征	GB/T 4754-2017	国民经济行业分类	J6851	保险经纪服务	指基于投保人的利益，为投保人与保险人订立保险合同提供中介服务并依法收取佣金的活动
人口学及社会经济学特征	GB/T 4754-2017	国民经济行业分类	J6852	保险代理服务	指根据保险人的委托，向保险人收取佣金，并在保险人授权的范围内代为办理保险业务的活动
人口学及社会经济学特征	GB/T 4754-2017	国民经济行业分类	J6853	保险公估服务	指接受委托，专门从事保险标的或者保险事故评估、勘验、鉴定、估损理算等业务，并按约定收取报酬的活动
人口学及社会经济学特征	GB/T 4754-2017	国民经济行业分类	J6866860	保险资产管理	指保险资产管理公司接受委托，开展的保险资金、商业养老金等资金的投资管理活动
人口学及社会经济学特征	GB/T 4754-2017	国民经济行业分类	J6876870	保险监管服务	指根据国务院授权及相关法律、法规规定所履行的对保险市场的监督、管理活动
人口学及社会经济学特征	GB/T 4754-2017	国民经济行业分类	J6896890	其他保险活动	指其他未列明的与保险和商业养老金相关或密切相关的活动，包括救助管理、保险精算等
人口学及社会经济学特征	GB/T 4754-2017	国民经济行业分类	J69	其他金融业	
人口学及社会经济学特征	GB/T 4754-2017	国民经济行业分类	J691	金融信托与管理服务	指根据委托书、遗嘱或代理协议代表受益人管理的信托基金、房地产账户或代理账户等活动，包括单位投资信托管理，还包括信托公司通过互联网销售信托产品及开展其他信托业务的互联网信托活动
人口学及社会经济学特征	GB/T 4754-2017	国民经济行业分类	J6911	信托公司	指经中国银监会批准设立的，主要经营信托业务的金融机构；信托业务是指信托公司以营业和收取报酬为目的，以受托人身份承诺信托和处理信托事务的经营行为
人口学及社会经济学特征	GB/T 4754-2017	国民经济行业分类	J6919	其他金融信托与管理服务	
人口学及社会经济学特征	GB/T 4754-2017	国民经济行业分类	J6926920	控股公司服务	指通过一定比例股份，控制某个公司或多个公司的集团，控股公司仅控制股权，不直接参与经营管理，以及其他类似的活动
人口学及社会经济学特征	GB/T 4754-2017	国民经济行业分类	J6936930	非金融机构支付服务	指非金融机构在收付款人之间作为中介机构提供下列部分或全部货币资金转移服务，包括第三方支付机构从事的互联网支付、预付卡的发行与受理、银行卡收单及中国人民银行确定的其他支付等服务
人口学及社会经济学特征	GB/T 4754-2017	国民经济行业分类	J6946940	金融信息服务	指向从事金融分析、金融交易、金融决策或者其他金融活动的用户提供可能影响金融市场的信息（或者金融数据）的服务，包括征信机构服务
人口学及社会经济学特征	GB/T 4754-2017	国民经济行业分类	J6956950	金融资产管理公司	指经批准成立的，以从事收购、管理和处置不良资产业务为主，同时通过全资或控股金融类子公司提供银行、信托、证券、租赁、保险等综合化金融服务的金融企业
人口学及社会经济学特征	GB/T 4754-2017	国民经济行业分类	J699	其他未列明金融业	
人口学及社会经济学特征	GB/T 4754-2017	国民经济行业分类	J6991	货币经纪公司服务	指经中国银监会批准设立的专门从事促进金融机构间资金融通和外汇交易等经纪服务的非银行金融机构的活动
人口学及社会经济学特征	GB/T 4754-2017	国民经济行业分类	J6999	其他未包括金融业	指主要与除提供贷款以外的资金分配有关的其他金融媒介活动，包括保理活动、掉期、期权和其他套期保值安排、保单贴现公司的活动、金融交易处理与结算，以及借款担保服务、发行债券担保服务等融资担保活动，还包括信用卡交易的处理与结算、外币兑换等活动
人口学及社会经济学特征	GB/T 4754-2017	国民经济行业分类	K	房地产业	本门类包括70大类
人口学及社会经济学特征	GB/T 4754-2017	国民经济行业分类	K70	房地产业	
人口学及社会经济学特征	GB/T 4754-2017	国民经济行业分类	K7017010	房地产开发经营	指房地产开发企业进行的房屋、基础设施建设等开发，以及转让房地产开发项目或者销售房屋等活动
人口学及社会经济学特征	GB/T 4754-2017	国民经济行业分类	K7027020	物业管理	指物业服务企业按照合同约定，对房屋及配套的设施设备和相关场地进行维修、养护、管理，维护环境卫生和相关秩序的活动
人口学及社会经济学特征	GB/T 4754-2017	国民经济行业分类	K7037030	房地产中介服务	指房地产咨询、房地产价格评估、房地产经纪等活动
人口学及社会经济学特征	GB/T 4754-2017	国民经济行业分类	K7047040	房地产租赁经营	指各类单位和居民住户的营利性房地产租赁活动，以及房地产管理部门和企事业单位、机关提供的非营利性租赁服务，包括体育场地租赁服务
人口学及社会经济学特征	GB/T 4754-2017	国民经济行业分类	K7097090	其他房地产业	
人口学及社会经济学特征	GB/T 4754-2017	国民经济行业分类	L	租赁和商务服务业	本门类包括71和72大类
人口学及社会经济学特征	GB/T 4754-2017	国民经济行业分类	L71	租赁业	
人口学及社会经济学特征	GB/T 4754-2017	国民经济行业分类	L711	机械设备经营租赁	指不配备操作人员的机械设备的租赁服务
人口学及社会经济学特征	GB/T 4754-2017	国民经济行业分类	L7111	汽车租赁	
人口学及社会经济学特征	GB/T 4754-2017	国民经济行业分类	L7112	农业机械经营租赁	
人口学及社会经济学特征	GB/T 4754-2017	国民经济行业分类	L7113	建筑工程机械与设备经营租赁	
人口学及社会经济学特征	GB/T 4754-2017	国民经济行业分类	L7114	计算机及通讯设备经营租赁	
人口学及社会经济学特征	GB/T 4754-2017	国民经济行业分类	L7115	医疗设备经营租赁	
人口学及社会经济学特征	GB/T 4754-2017	国民经济行业分类	L7119	其他机械与设备经营租赁	
人口学及社会经济学特征	GB/T 4754-2017	国民经济行业分类	L712	文体设备和用品出租	
人口学及社会经济学特征	GB/T 4754-2017	国民经济行业分类	L7121	休闲娱乐用品设备出租	
人口学及社会经济学特征	GB/T 4754-2017	国民经济行业分类	L7122	体育用品设备出租	
人口学及社会经济学特征	GB/T 4754-2017	国民经济行业分类	L7123	文化用品设备出租	不包括图书、音响制品出租
人口学及社会经济学特征	GB/T 4754-2017	国民经济行业分类	L7124	图书出租	
人口学及社会经济学特征	GB/T 4754-2017	国民经济行业分类	L7125	音像制品出租	
人口学及社会经济学特征	GB/T 4754-2017	国民经济行业分类	L7129	其他文体设备和用品出租	
人口学及社会经济学特征	GB/T 4754-2017	国民经济行业分类	L7137130	日用品出租	
人口学及社会经济学特征	GB/T 4754-2017	国民经济行业分类	L72	商务服务业	
人口学及社会经济学特征	GB/T 4754-2017	国民经济行业分类	L721	组织管理服务	指市场化组织管理和经营性组织管理
人口学及社会经济学特征	GB/T 4754-2017	国民经济行业分类	L7211	企业总部管理	指不具体从事对外经营业务，只负责企业的重大决策、资产管理，协调管理下属各机构和内部日常工作的企业总部的活动，其对外经营业务由下属的独立核算单位或单独核算单位承担，还包括派出机构的活动（如办事处等）
人口学及社会经济学特征	GB/T 4754-2017	国民经济行业分类	L7212	投资与资产管理	指政府主管部门转变职能后，成立的国有资产管理机构和行业管理机构的活动；投资活动,不包括资本活动的投资
人口学及社会经济学特征	GB/T 4754-2017	国民经济行业分类	L7213	资源与产权交易服务	指除货物、资本市场、黄金、外汇、房地产、土地、知识产权交易以外的所有资源与产权交易活动
人口学及社会经济学特征	GB/T 4754-2017	国民经济行业分类	L7214	单位后勤管理服务	指为企事业、机关提供综合后勤服务的活动
人口学及社会经济学特征	GB/T 4754-2017	国民经济行业分类	L7215	农村集体经济组织管理	指以土地等生产资料劳动群众集体所有制为基础，承担管理集体资产、开发集体资源、发展集体经济、服务集体成员的基层经济组织
人口学及社会经济学特征	GB/T 4754-2017	国民经济行业分类	L7219	其他组织管理服务	指其他各类企业、行业管理机构和未列明的综合跨界管理的活动
人口学及社会经济学特征	GB/T 4754-2017	国民经济行业分类	L722	综合管理服务	
人口学及社会经济学特征	GB/T 4754-2017	国民经济行业分类	L7221	园区管理服务	指非政府部门的各类园区管理服务
人口学及社会经济学特征	GB/T 4754-2017	国民经济行业分类	L7222	商业综合体管理服务	指以购物中心为主导，融合了商业零售、餐饮、休闲健身、娱乐、文化等多项活动的大型建筑综合体
人口学及社会经济学特征	GB/T 4754-2017	国民经济行业分类	L7223	市场管理服务	指各种交易市场的管理活动
人口学及社会经济学特征	GB/T 4754-2017	国民经济行业分类	L7224	供应链管理服务	指基于现代信息技术对供应链中的物流、商流、信息流和资金流进行设计、规划、控制和优化，将单一、分散的订单管理、采购执行、报关退税、物流管理、资金融通、数据管理、贸易商务、结算等进行一体化整合的服务
人口学及社会经济学特征	GB/T 4754-2017	国民经济行业分类	L7229	其他综合管理服务	指其他未列明的综合跨界管理的活动
人口学及社会经济学特征	GB/T 4754-2017	国民经济行业分类	L723	法律服务	指律师、公证、仲裁、调解等活动
人口学及社会经济学特征	GB/T 4754-2017	国民经济行业分类	L7231	律师及相关法律服务	指在民事案件、刑事案件和其他案件中，为原被告双方提供法律代理服务，以及为一般民事行为提供的法律咨询服务
人口学及社会经济学特征	GB/T 4754-2017	国民经济行业分类	L7232	公证服务	
人口学及社会经济学特征	GB/T 4754-2017	国民经济行业分类	L7239	其他法律服务	
人口学及社会经济学特征	GB/T 4754-2017	国民经济行业分类	L724	咨询与调查	
人口学及社会经济学特征	GB/T 4754-2017	国民经济行业分类	L7241	会计、审计及税务服务	
人口学及社会经济学特征	GB/T 4754-2017	国民经济行业分类	L7242	市场调查	包含广播电视收听、收视调查
人口学及社会经济学特征	GB/T 4754-2017	国民经济行业分类	L7243	社会经济咨询	
人口学及社会经济学特征	GB/T 4754-2017	国民经济行业分类	L7244	健康咨询	
人口学及社会经济学特征	GB/T 4754-2017	国民经济行业分类	L7245	环保咨询	
人口学及社会经济学特征	GB/T 4754-2017	国民经济行业分类	L7246	体育咨询	含体育策划
人口学及社会经济学特征	GB/T 4754-2017	国民经济行业分类	L7249	其他专业咨询与调查	指上述咨询以外的其他专业咨询和其他调查活动
人口学及社会经济学特征	GB/T 4754-2017	国民经济行业分类	L725	广告业	指在报纸、期刊、路牌、灯箱、橱窗、互联网、通讯设备及广播电影电视等媒介上为客户策划、制作的有偿宣传活动
人口学及社会经济学特征	GB/T 4754-2017	国民经济行业分类	L7251	互联网广告服务	指提供互联网推送及其他互联网广告服务
人口学及社会经济学特征	GB/T 4754-2017	国民经济行业分类	L7259	其他广告服务	指除互联网广告以外的广告服务
人口学及社会经济学特征	GB/T 4754-2017	国民经济行业分类	L726	人力资源服务	指为劳动者就业和职业发展，为用人单位管理和开发人力资源提供的相关服务，主要包括人力资源招聘、职业指导、人力资源和社会保障事务代理、人力资源外包、人力资源管理咨询、人力资源信息软件服务等
人口学及社会经济学特征	GB/T 4754-2017	国民经济行业分类	L7261	公共就业服务	指向劳动者提供公益性的就业服务
人口学及社会经济学特征	GB/T 4754-2017	国民经济行业分类	L7262	职业中介服务	指为求职者寻找、选择、介绍工作，为用人单位提供劳动力的服务
人口学及社会经济学特征	GB/T 4754-2017	国民经济行业分类	L7263	劳务派遣服务	指劳务派遣单位招用劳动力后，将其派到用工单位从事劳动的行为
人口学及社会经济学特征	GB/T 4754-2017	国民经济行业分类	L7264	创业指导服务	指除众创空间、孵化器等创业服务载体外的其他机构为初创企业或创业者提供的创业辅导、创业培训、技术转移、人才引进、金融投资、市场开拓、国际合作等一系列服务
人口学及社会经济学特征	GB/T 4754-2017	国民经济行业分类	L7269	其他人力资源服务	指其他未列明的人力资源服务
人口学及社会经济学特征	GB/T 4754-2017	国民经济行业分类	L727	安全保护服务	指为社会提供的专业化、有偿安全防范服务
人口学及社会经济学特征	GB/T 4754-2017	国民经济行业分类	L7271	安全服务	
人口学及社会经济学特征	GB/T 4754-2017	国民经济行业分类	L7272	安全系统监控服务	
人口学及社会经济学特征	GB/T 4754-2017	国民经济行业分类	L7279	其他安全保护服务	
人口学及社会经济学特征	GB/T 4754-2017	国民经济行业分类	L728	会议、展览及相关服务	指以会议、展览为主，也可附带其他相关的活动形式，包括项目策划组织、场馆租赁、安全保障等相关服务
人口学及社会经济学特征	GB/T 4754-2017	国民经济行业分类	L7281	科技会展服务	
人口学及社会经济学特征	GB/T 4754-2017	国民经济行业分类	L7282	旅游会展服务	
人口学及社会经济学特征	GB/T 4754-2017	国民经济行业分类	L7283	体育会展服务	
人口学及社会经济学特征	GB/T 4754-2017	国民经济行业分类	L7284	文化会展服务	
人口学及社会经济学特征	GB/T 4754-2017	国民经济行业分类	L7289	其他会议、会展及相关服务	
人口学及社会经济学特征	GB/T 4754-2017	国民经济行业分类	L729	其他商务服务业	
人口学及社会经济学特征	GB/T 4754-2017	国民经济行业分类	L7291	旅行社及相关服务	指为社会各界提供商务、组团和散客旅游的服务，包括向顾客提供咨询、旅游计划和建议、日程安排、导游、食宿和交通等服务
人口学及社会经济学特征	GB/T 4754-2017	国民经济行业分类	L7292	包装服务	指有偿或按协议为客户提供包装服务
人口学及社会经济学特征	GB/T 4754-2017	国民经济行业分类	L7293	办公服务	指为商务、公务及个人提供的各种办公服务
人口学及社会经济学特征	GB/T 4754-2017	国民经济行业分类	L7294	翻译服务	指专业提供口译和笔译的服务
人口学及社会经济学特征	GB/T 4754-2017	国民经济行业分类	L7295	信用服务	指专门从事信用信息采集、整理和加工，并提供相关信用产品和信用服务的活动，包括信用评级、商账管理等活动
人口学及社会经济学特征	GB/T 4754-2017	国民经济行业分类	L7296	非融资担保服务	指保证人和债权人约定，当债务人不履行债务时，保证人按照约定履行债务或者承担责任的专业担保机构的活动；不包括贷款担保服务和信誉担保服务，相关内容列入相应的金融行业中
人口学及社会经济学特征	GB/T 4754-2017	国民经济行业分类	L7297	商务代理代办服务	指为机构单位提供的各种代理、代办服务
人口学及社会经济学特征	GB/T 4754-2017	国民经济行业分类	L7298	票务代理服务	指除旅客交通票务代理外的各种票务代理服务（旅客交通票务代理是指除交通运输外的票务代理，包含体育文化等）
人口学及社会经济学特征	GB/T 4754-2017	国民经济行业分类	L7299	其他未列明商务服务业	指上述未列明的商务、代理等活动，包括商业保理活动
人口学及社会经济学特征	GB/T 4754-2017	国民经济行业分类	M	科学研究和技术服务业	本门类包括73～75大类
人口学及社会经济学特征	GB/T 4754-2017	国民经济行业分类	M73	研究和试验发展	指为了增加知识（包括有关自然、工程、人类、文化和社会的知识），以及运用这些知识创造新的应用，所进行的系统的、创造性的活动；该活动仅限于对新发现、新理论的研究，新技术、新产品、新工艺的研制研究与试验发展，包括基础研究、应用研究和试验发展
人口学及社会经济学特征	GB/T 4754-2017	国民经济行业分类	M7317310	自然科学研究和试验发展	
人口学及社会经济学特征	GB/T 4754-2017	国民经济行业分类	M7327320	工程和技术研究和试验发展	
人口学及社会经济学特征	GB/T 4754-2017	国民经济行业分类	M7337330	农业科学研究和试验发展	
人口学及社会经济学特征	GB/T 4754-2017	国民经济行业分类	M7347340	医学研究和试验发展	
人口学及社会经济学特征	GB/T 4754-2017	国民经济行业分类	M7357350	社会人文科学研究	
人口学及社会经济学特征	GB/T 4754-2017	国民经济行业分类	M74	专业技术服务业	
人口学及社会经济学特征	GB/T 4754-2017	国民经济行业分类	M7417410	气象服务	指从事气象探测、预报、服务和气象灾害防御、气候资源利用等活动
人口学及社会经济学特征	GB/T 4754-2017	国民经济行业分类	M7427420	地震服务	指地震监测预报、震灾预防和紧急救援等防震减灾活动
人口学及社会经济学特征	GB/T 4754-2017	国民经济行业分类	M743	海洋服务	
人口学及社会经济学特征	GB/T 4754-2017	国民经济行业分类	M7431	海洋气象服务	
人口学及社会经济学特征	GB/T 4754-2017	国民经济行业分类	M7432	海洋环境服务	
人口学及社会经济学特征	GB/T 4754-2017	国民经济行业分类	M7439	其他海洋服务	
人口学及社会经济学特征	GB/T 4754-2017	国民经济行业分类	M744	测绘地理信息服务	
人口学及社会经济学特征	GB/T 4754-2017	国民经济行业分类	M7441	遥感测绘服务	
人口学及社会经济学特征	GB/T 4754-2017	国民经济行业分类	M7449	其他测绘地理信息服务	
人口学及社会经济学特征	GB/T 4754-2017	国民经济行业分类	M745	质检技术服务	指通过专业技术手段对动植物、工业产品、商品、专项技术、成果及其他需要鉴定的物品、服务、管理体系、人员能力等所进行的检测、检验、检疫、测试、鉴定等活动，还包括产品质量、标准、计量、认证认可等活动
人口学及社会经济学特征	GB/T 4754-2017	国民经济行业分类	M7451	检验检疫服务	指审查产品设计、产品、过程或安装并确定其与特定要求的符合性，或根据专业判断确定其与通用要求的符合性的活动；对出入境的货物、人员、交通工具、集装箱、行李邮包携带物等进行检验检疫，以保障人员、动植物安全卫生和商品质量的活动
人口学及社会经济学特征	GB/T 4754-2017	国民经济行业分类	M7452	检测服务	指依据相关标准或者技术规范，利用仪器设备、环境设施等技术条件，对产品或者特定对象进行的技术判断
人口学及社会经济学特征	GB/T 4754-2017	国民经济行业分类	M7453	计量服务	指为了保障国家计量单位的统一和量值的准确可靠，维护国家、公民，法人和其他社会组织的利益，计量技术机构或相关单位开展的检定、校准、检验、检测、测试、鉴定、仲裁、技术咨询和技术培训等计量活动
人口学及社会经济学特征	GB/T 4754-2017	国民经济行业分类	M7454	标准化服务	指利用标准化的理念、原理和方法，为各类主体提供标准化解决方案的产业，包括标准技术指标实验验证、标准信息服务、标准研制过程指导、标准实施宣贯等服务，基于标准化的组织战略咨询、管理流程再造、科技成果转移转化等服务，标准与相关产业融合发展而衍生的各类“标准化+”服务
人口学及社会经济学特征	GB/T 4754-2017	国民经济行业分类	M7455	认证认可服务	指由认证机构证明产品、服务、管理体系符合相关技术规范、相关技术规范的强制性要求或者标准的合格评定活动；由认可机构对认证机构、检查机构、实验室以及从事评审、审核等认证活动人员的能力和执业资格，予以承认的合格评定活动
人口学及社会经济学特征	GB/T 4754-2017	国民经济行业分类	M7459	其他质检技术服务	指质量相关的代理、咨询、评价、保险等活动，还包括质量品牌保护等活动
人口学及社会经济学特征	GB/T 4754-2017	国民经济行业分类	M746	环境与生态监测检测服务	
人口学及社会经济学特征	GB/T 4754-2017	国民经济行业分类	M7461	环境保护监测	指对环境各要素，对生产与生活等各类污染源排放的液体、气体、固体、辐射等污染物或污染因子指标进行的测试、监测和评估活动
人口学及社会经济学特征	GB/T 4754-2017	国民经济行业分类	M7462	生态资源监测	指对海洋资源、森林资源、湿地资源、荒漠化、珍稀濒危野生动植物资源及外来物种的调查与监测活动，以及对生态工程的监测活动
人口学及社会经济学特征	GB/T 4754-2017	国民经济行业分类	M7463	野生动物疫源疫病防控监测	
人口学及社会经济学特征	GB/T 4754-2017	国民经济行业分类	M747	地质勘查	指对矿产资源、工程地质、科学研究进行的地质勘查、测试、监测、评估等活动
人口学及社会经济学特征	GB/T 4754-2017	国民经济行业分类	M7471	能源矿产地质勘查	
人口学及社会经济学特征	GB/T 4754-2017	国民经济行业分类	M7472	固体矿产地质勘查	
人口学及社会经济学特征	GB/T 4754-2017	国民经济行业分类	M7473	水、二氧化碳等矿产地质勘查	
人口学及社会经济学特征	GB/T 4754-2017	国民经济行业分类	M7474	基础地质勘查	指区域、海洋、环境和水文地质勘查活动
人口学及社会经济学特征	GB/T 4754-2017	国民经济行业分类	M7475	地质勘查技术服务	指除矿产地质勘查、基础地质勘查以外的其他勘查和相关的技术服务
人口学及社会经济学特征	GB/T 4754-2017	国民经济行业分类	M748	工程技术与设计服务	
人口学及社会经济学特征	GB/T 4754-2017	国民经济行业分类	M7481	工程管理服务	指工程项目建设中的项目策划、投资与造价咨询、招标代理、项目管理等服务
人口学及社会经济学特征	GB/T 4754-2017	国民经济行业分类	M7482	工程监理服务	
人口学及社会经济学特征	GB/T 4754-2017	国民经济行业分类	M7483	工程勘察活动	指建筑工程施工前的工程测量、工程地质勘察和咨询等活动
人口学及社会经济学特征	GB/T 4754-2017	国民经济行业分类	M7484	工程设计活动	
人口学及社会经济学特征	GB/T 4754-2017	国民经济行业分类	M7485	规划设计管理	指对区域和城镇、乡村的规划，以及其他规划
人口学及社会经济学特征	GB/T 4754-2017	国民经济行业分类	M7486	土地规划服务	指开展土地利用总体规划、专项规划、详细规划的调查评价、编制设计、论证评估、修改、咨询活动
人口学及社会经济学特征	GB/T 4754-2017	国民经济行业分类	M749	工业与专业设计及其他专业技术服务	
人口学及社会经济学特征	GB/T 4754-2017	国民经济行业分类	M7491	工业设计服务	
人口学及社会经济学特征	GB/T 4754-2017	国民经济行业分类	M7492	专业设计服务	指除工程设计、软件设计、集成电路设计、工业设计以外的各种专业设计服务
人口学及社会经济学特征	GB/T 4754-2017	国民经济行业分类	M7493	兽医服务	指除宠物医院以外的各类兽医服务
人口学及社会经济学特征	GB/T 4754-2017	国民经济行业分类	M7499	其他未列明专业技术服务业	
人口学及社会经济学特征	GB/T 4754-2017	国民经济行业分类	M75	科技推广和应用服务业	
人口学及社会经济学特征	GB/T 4754-2017	国民经济行业分类	M751	技术推广服务	指将新技术、新产品、新工艺直接推向市场而进行的相关技术活动，以及技术推广和转让活动
人口学及社会经济学特征	GB/T 4754-2017	国民经济行业分类	M7511	农林牧渔技术推广服务	
人口学及社会经济学特征	GB/T 4754-2017	国民经济行业分类	M7512	生物技术推广服务	
人口学及社会经济学特征	GB/T 4754-2017	国民经济行业分类	M7513	新材料技术推广服务	
人口学及社会经济学特征	GB/T 4754-2017	国民经济行业分类	M7514	节能技术推广服务	指仅包括节能技术和产品的开发、交流、转让、推广服务，以及一站式合同能源管理综合服务；节能技术咨询、节能评估、能源审计、节能量审核服务
人口学及社会经济学特征	GB/T 4754-2017	国民经济行业分类	M7515	新能源技术推广服务	
人口学及社会经济学特征	GB/T 4754-2017	国民经济行业分类	M7516	环保技术推广服务	
人口学及社会经济学特征	GB/T 4754-2017	国民经济行业分类	M7517	三维（3D)打印技术推广服务	
人口学及社会经济学特征	GB/T 4754-2017	国民经济行业分类	M7519	其他技术推广服务	
人口学及社会经济学特征	GB/T 4754-2017	国民经济行业分类	M7527520	知识产权服务	指专利、商标、版权、软件、集成电路布图设计、技术秘密、地理标志等各类知识产权的代理、转让、登记、鉴定、检索、分析、咨询、评估、运营、认证等服务
人口学及社会经济学特征	GB/T 4754-2017	国民经济行业分类	M7537530	科技中介服务	指为科技活动提供社会化服务与管理，在政府、各类科技活动主体与市场之间提供居间服务的组织，主要开展信息交流、技术咨询、科技评估和科技鉴证等活动
人口学及社会经济学特征	GB/T 4754-2017	国民经济行业分类	M7547540	创业空间服务	指顺应新科技革命和产业变革新趋势、有效满足网络时代大众创业创新需求的新型创业服务平台，它是针对早期创业的重要服务载体，主要为创业者提供低成本的工作空间、网络空间、社交空间和资源共享空间，包括众创空间、孵化器、创业基地等
人口学及社会经济学特征	GB/T 4754-2017	国民经济行业分类	M7597590	其他科技推广服务业	指除技术推广、科技中介以外的其他科技服务，但不包括短期的日常业务活动
人口学及社会经济学特征	GB/T 4754-2017	国民经济行业分类	N	水利、环境和公共设施管理业	本门类包括76～79大类
人口学及社会经济学特征	GB/T 4754-2017	国民经济行业分类	N76	水利管理业	
人口学及社会经济学特征	GB/T 4754-2017	国民经济行业分类	N7617610	防洪除涝设施管理	指对江河湖泊开展的河道、堤防、岸线整治等活动及对河流、湖泊、行蓄洪区和沿海的防洪设施的管理活动，包括防洪工程设施的管理及运行维护等
人口学及社会经济学特征	GB/T 4754-2017	国民经济行业分类	N7627620	水资源管理	指对水资源的开发、利用、配置、节约、保护、监测、管理等活动
人口学及社会经济学特征	GB/T 4754-2017	国民经济行业分类	N7637630	天然水收集与分配	指通过各种方式收集、分配天然水资源的活动，包括通过蓄水（水库、塘堰等）、提水、引水和井等水源工程，收集和分配各类地表和地下淡水资源的活动
人口学及社会经济学特征	GB/T 4754-2017	国民经济行业分类	N7647640	水文服务	指通过布设水文站网对水的时空分布规律、泥沙、水质进行监测、收集和分析处理的活动
人口学及社会经济学特征	GB/T 4754-2017	国民经济行业分类	N7697690	其他水利管理业	
人口学及社会经济学特征	GB/T 4754-2017	国民经济行业分类	N77	生态保护和环境治理业	
人口学及社会经济学特征	GB/T 4754-2017	国民经济行业分类	N771	生态保护	
人口学及社会经济学特征	GB/T 4754-2017	国民经济行业分类	N7711	自然生态系统保护管理	指对自然生态系统的保护和管理活动，包括森林、草原和草甸、荒漠、湿地、内陆水域以及海洋生态系统的保护和管理
人口学及社会经济学特征	GB/T 4754-2017	国民经济行业分类	N7712	自然遗迹保护管理	包括地质遗迹保护管理、古生物遗迹保护管理等
人口学及社会经济学特征	GB/T 4754-2017	国民经济行业分类	N7713	野生动物保护	指对野生及濒危动物的饲养、繁殖等保护活动，以及对栖息地的管理活动，包括野生动物保护区管理
人口学及社会经济学特征	GB/T 4754-2017	国民经济行业分类	N7714	野生植物保护	指对野生及濒危植物的收集、保存、培育及其生存环境的维持等保护活动，包括野生植物保护区管理
人口学及社会经济学特征	GB/T 4754-2017	国民经济行业分类	N7715	动物园、水族馆管理服务	
人口学及社会经济学特征	GB/T 4754-2017	国民经济行业分类	N7716	植物园管理服务	
人口学及社会经济学特征	GB/T 4754-2017	国民经济行业分类	N7719	其他自然保护	指除自然生态系统保护管理、自然遗迹保护管理、野生动植物保护以外的其他自然保护活动
人口学及社会经济学特征	GB/T 4754-2017	国民经济行业分类	N772	环境治理业	
人口学及社会经济学特征	GB/T 4754-2017	国民经济行业分类	N7721	水污染治理	指对江、河、湖泊、水库及地下水、地表水的污染综合治理活动，不包括排放污水的搜集和治理活动
人口学及社会经济学特征	GB/T 4754-2017	国民经济行业分类	N7722	大气污染治理	指对大气污染的综合治理以及对工业废气的治理活动
人口学及社会经济学特征	GB/T 4754-2017	国民经济行业分类	N7723	固体废物治理	指除城乡居民生活垃圾以外的固体废物治理及其他非危险废物的治理
人口学及社会经济学特征	GB/T 4754-2017	国民经济行业分类	N7724	危险废物治理	指对制造、维修、医疗等活动产生的危险废物进行收集、贮存、利用、处理和处置等活动
人口学及社会经济学特征	GB/T 4754-2017	国民经济行业分类	N7725	放射性废物治理	指对生产及其他活动过程产生的放射性废物进行收集、运输、贮存、利用、处理和处置等活动
人口学及社会经济学特征	GB/T 4754-2017	国民经济行业分类	N7726	土壤污染治理与修复服务	
人口学及社会经济学特征	GB/T 4754-2017	国民经济行业分类	N7727	噪声与振动控制服务	
人口学及社会经济学特征	GB/T 4754-2017	国民经济行业分类	N7729	其他污染治理	指除上述治理以外的其他环境治理活动
人口学及社会经济学特征	GB/T 4754-2017	国民经济行业分类	N78	公共设施管理业	
人口学及社会经济学特征	GB/T 4754-2017	国民经济行业分类	N7817810	市政设施管理	指污水排放、雨水排放、路灯、道路、桥梁、隧道、广场、涵洞、防空等城乡公共设施的抢险、紧急处理、管理等活动
人口学及社会经济学特征	GB/T 4754-2017	国民经济行业分类	N7827820	环境卫生管理	指城乡生活垃圾的清扫、收集、运输、处理和处置、管理等活动，以及对公共厕所、化粪池的清扫、收集、运输、处理和处置、管理等活动
人口学及社会经济学特征	GB/T 4754-2017	国民经济行业分类	N7837830	城乡市容管理	指城市户外广告和景观灯光的规划、设置、设计、运行、维护、安全监督等管理活动；城市路街整治的管理和监察活动；乡、村户外标志、村容镇貌、柴草堆放、树木花草养护等管理活动
人口学及社会经济学特征	GB/T 4754-2017	国民经济行业分类	N7847840	绿化管理	指城市绿地和生产绿地、防护绿地、附属绿地等管理活动
人口学及社会经济学特征	GB/T 4754-2017	国民经济行业分类	N7857850	城市公园管理	指主要为人们提供休闲、观赏、运动、游览以及开展科普活动的城市各类公园管理活动
人口学及社会经济学特征	GB/T 4754-2017	国民经济行业分类	N786	游览景区管理	指对具有一定规模的自然景观、人文景物的管理和保护活动，以及对环境优美，具有观赏、文化或科学价值的风景名胜区的保护和管理活动；包括风景名胜和其他类似的自然景区管理
人口学及社会经济学特征	GB/T 4754-2017	国民经济行业分类	N7861	名胜风景区管理	不含自然保护区管理
人口学及社会经济学特征	GB/T 4754-2017	国民经济行业分类	N7862	森林公园管理	
人口学及社会经济学特征	GB/T 4754-2017	国民经济行业分类	N7869	其他游览景区管理	
人口学及社会经济学特征	GB/T 4754-2017	国民经济行业分类	N79	土地管理业	
人口学及社会经济学特征	GB/T 4754-2017	国民经济行业分类	N7917910	土地整治服务	指对土地开发、整理、复垦等进行勘测、监测监管、评估等活动
人口学及社会经济学特征	GB/T 4754-2017	国民经济行业分类	N7927920	土地调查评估服务	指对土地利用现状、城乡地籍、土地变更等进行调查和进行城镇基准地价评估、宗地价格评估、地价监测、土地等级评定、土地节约集约利用评价咨询活动
人口学及社会经济学特征	GB/T 4754-2017	国民经济行业分类	N7937930	土地登记服务	指在土地登记过程中进行受理申请、登记事项审核、登记簿册填写和权属证书发放、土地产权产籍档案管理和应用等活动
人口学及社会经济学特征	GB/T 4754-2017	国民经济行业分类	N7947940	土地登记代理服务	指接受申请人委托，通过实地调查、资料收集、权属判别等工作，代为办理土地、林木等不动产登记的申请和领证等事项，提供社会服务等活动
人口学及社会经济学特征	GB/T 4754-2017	国民经济行业分类	N7997990	其他土地管理服务	指土地交易服务、土地储备管理及其他未列明的土地管理服务
人口学及社会经济学特征	GB/T 4754-2017	国民经济行业分类	O	居民服务、修理和其他服务业	本门类包括80～82大类
人口学及社会经济学特征	GB/T 4754-2017	国民经济行业分类	O80	居民服务业	
人口学及社会经济学特征	GB/T 4754-2017	国民经济行业分类	O8018010	家庭服务	指雇佣家庭雇工的家庭住户和家庭户的自营活动，以及在雇主家庭从事有报酬的家庭雇工的活动，包括钟点工和居住在雇主家里的家政劳动者的活动
人口学及社会经济学特征	GB/T 4754-2017	国民经济行业分类	O8028020	托儿所服务	指社会、街道、个人办的面向不足三岁幼儿的看护活动，可分为全托、日托、半托，或计时的服务
人口学及社会经济学特征	GB/T 4754-2017	国民经济行业分类	O8038030	洗染服务	指专营的洗染店的服务，含各种干洗、湿洗等服务
人口学及社会经济学特征	GB/T 4754-2017	国民经济行业分类	O8048040	理发及美容服务	指专业理发、美发、美容、美甲等保健服务
人口学及社会经济学特征	GB/T 4754-2017	国民经济行业分类	O805	洗浴和保健养生服务	
人口学及社会经济学特征	GB/T 4754-2017	国民经济行业分类	O8051	洗浴服务	指专业洗浴以及温泉、水疗等服务
人口学及社会经济学特征	GB/T 4754-2017	国民经济行业分类	O8052	足浴服务	
人口学及社会经济学特征	GB/T 4754-2017	国民经济行业分类	O8053	养生保健服务	指中医养生保健（非医疗）和其他专业养生保健等服务
人口学及社会经济学特征	GB/T 4754-2017	国民经济行业分类	O8068060	摄影扩印服务	
人口学及社会经济学特征	GB/T 4754-2017	国民经济行业分类	O8078070	婚姻服务	指婚姻介绍、婚庆典礼等服务
人口学及社会经济学特征	GB/T 4754-2017	国民经济行业分类	O8088080	殡葬服务	指与殡葬有关的各类服务
人口学及社会经济学特征	GB/T 4754-2017	国民经济行业分类	O8098090	其他居民服务业	指上述未包括的居民服务
人口学及社会经济学特征	GB/T 4754-2017	国民经济行业分类	O81	机动车、电子产品和日用产品修理业	
人口学及社会经济学特征	GB/T 4754-2017	国民经济行业分类	O811	汽车、摩托车等修理与维护	
人口学及社会经济学特征	GB/T 4754-2017	国民经济行业分类	O8111	汽车修理与维护	指汽车修理厂及路边门店的专业修理服务，包括为汽车提供上油、充气、打蜡、抛光、喷漆、清洗、换零配件、出售零部件等服务，不包括汽车回厂拆卸、改装、大修的活动
人口学及社会经济学特征	GB/T 4754-2017	国民经济行业分类	O8112	大型车辆装备修理与维护	
人口学及社会经济学特征	GB/T 4754-2017	国民经济行业分类	O8113	摩托车修理与维护	
人口学及社会经济学特征	GB/T 4754-2017	国民经济行业分类	O8114	助动车等修理与维护	
人口学及社会经济学特征	GB/T 4754-2017	国民经济行业分类	O812	计算机和办公设备维修	指对计算机硬件及系统环境的维护和修理活动
人口学及社会经济学特征	GB/T 4754-2017	国民经济行业分类	O8121	计算机和辅助设备修理	
人口学及社会经济学特征	GB/T 4754-2017	国民经济行业分类	O8122	通讯设备修理	
人口学及社会经济学特征	GB/T 4754-2017	国民经济行业分类	O8129	其他办公设备维修	指其他未列明的各种办公设备的修理公司（中心）、修理门市部和修理网点的修理活动
人口学及社会经济学特征	GB/T 4754-2017	国民经济行业分类	O813	家用电器修理	
人口学及社会经济学特征	GB/T 4754-2017	国民经济行业分类	O8131	家用电子产品修理	指电视、音响等家用视频、音频产品的修理活动
人口学及社会经济学特征	GB/T 4754-2017	国民经济行业分类	O8132	日用电器修理	指洗衣机、电冰箱、空调等日用电器维修门市部，以及生产企业驻各地的维修网点和维修公司（中心）的修理活动
人口学及社会经济学特征	GB/T 4754-2017	国民经济行业分类	O819	其他日用产品修理业	
人口学及社会经济学特征	GB/T 4754-2017	国民经济行业分类	O8191	自行车修理	
人口学及社会经济学特征	GB/T 4754-2017	国民经济行业分类	O8192	鞋和皮革修理	
人口学及社会经济学特征	GB/T 4754-2017	国民经济行业分类	O8193	家具和相关物品修理	
人口学及社会经济学特征	GB/T 4754-2017	国民经济行业分类	O8199	其他未列明日用产品修理业	指其他日用产品维修门市部、修理摊点的活动，以及生产企业驻各地的维修网点和维修中心的修理活动
人口学及社会经济学特征	GB/T 4754-2017	国民经济行业分类	O82	其他服务业	
人口学及社会经济学特征	GB/T 4754-2017	国民经济行业分类	O821	清洁服务	指对建筑物、办公用品、家庭用品的清洗和消毒服务；包括专业公司和个人提供的清洗服务
人口学及社会经济学特征	GB/T 4754-2017	国民经济行业分类	O8211	建筑物清洁服务	指对建筑物内外墙、玻璃幕墙、地面、天花板及烟囱的清洗活动
人口学及社会经济学特征	GB/T 4754-2017	国民经济行业分类	O8219	其他清洁服务	指专业清洗人员为企业的机器、办公设备的清洗活动，以及为居民的日用品、器具及设备的清洗活动，包括清扫、消毒等服务
人口学及社会经济学特征	GB/T 4754-2017	国民经济行业分类	O822	宠物服务	
人口学及社会经济学特征	GB/T 4754-2017	国民经济行业分类	O8221	宠物饲养	指专门以观赏、领养（出售）为目的的宠物饲养活动
人口学及社会经济学特征	GB/T 4754-2017	国民经济行业分类	O8222	宠物医院服务	
人口学及社会经济学特征	GB/T 4754-2017	国民经济行业分类	O8223	宠物美容服务	
人口学及社会经济学特征	GB/T 4754-2017	国民经济行业分类	O8224	宠物寄托收养服务	
人口学及社会经济学特征	GB/T 4754-2017	国民经济行业分类	O8229	其他宠物服务	指宠物运输、宠物培训及其他未列明的宠物活动
人口学及社会经济学特征	GB/T 4754-2017	国民经济行业分类	O8298290	其他未列明服务业	
人口学及社会经济学特征	GB/T 4754-2017	国民经济行业分类	P	教育	本门类包括83大类
人口学及社会经济学特征	GB/T 4754-2017	国民经济行业分类	P83	教育	
人口学及社会经济学特征	GB/T 4754-2017	国民经济行业分类	P8318310	学前教育	指经教育行政部门批准举办的对学龄前幼儿进行保育和教育的活动
人口学及社会经济学特征	GB/T 4754-2017	国民经济行业分类	P832	初等教育	指《义务教育法》规定的小学教育以及成人小学教育（含扫盲）的活动
人口学及社会经济学特征	GB/T 4754-2017	国民经济行业分类	P8321	普通小学教育	
人口学及社会经济学特征	GB/T 4754-2017	国民经济行业分类	P8322	成人小学教育	
人口学及社会经济学特征	GB/T 4754-2017	国民经济行业分类	P833	中等教育	
人口学及社会经济学特征	GB/T 4754-2017	国民经济行业分类	P8331	普通初中教育	指《义务教育法》规定的对小学毕业生进行初级中等教育的活动
人口学及社会经济学特征	GB/T 4754-2017	国民经济行业分类	P8332	职业初中教育	
人口学及社会经济学特征	GB/T 4754-2017	国民经济行业分类	P8333	成人初中教育	
人口学及社会经济学特征	GB/T 4754-2017	国民经济行业分类	P8334	普通高中教育	指非义务教育阶段，通过考试招收初中毕业生进行普通高中教育的活动
人口学及社会经济学特征	GB/T 4754-2017	国民经济行业分类	P8335	成人高中教育	
人口学及社会经济学特征	GB/T 4754-2017	国民经济行业分类	P8336	中等职业学校教育	指经教育行政部门或人力资源社会保障行政部门批准举办的中等技术学校、中等师范学校、成人中等专业学校、职业高中学校、技工学校等教育活动
人口学及社会经济学特征	GB/T 4754-2017	国民经济行业分类	P834	高等教育	
人口学及社会经济学特征	GB/T 4754-2017	国民经济行业分类	P8341	普通高等教育	指经教育行政部门批准，由国家、地方、社会办的在完成高级中等教育基础上实施的获取学历的高等教育活动
人口学及社会经济学特征	GB/T 4754-2017	国民经济行业分类	P8342	成人高等教育	指经教育主管部门批准办的成人高等教育活动
人口学及社会经济学特征	GB/T 4754-2017	国民经济行业分类	P8358350	特殊教育	指为残障儿童提供的特殊教育活动
人口学及社会经济学特征	GB/T 4754-2017	国民经济行业分类	P839	技能培训、教育辅助及其他教育	指我国学校教育制度以外，经教育主管部门、劳动部门或有关主管部门批准，由政府部门、企业、社会办的职业培训、就业培训和各种知识、技能的培训活动，以及教育辅助和其他教育活动
人口学及社会经济学特征	GB/T 4754-2017	国民经济行业分类	P8391	职业技能培训	指由教育部门、劳动部门或其他政府部门批准举办，或由社会机构举办的为提高就业人员就业技能的就业前的培训和其他技能培训活动，不包括社会上办的各类培训班、速成班、讲座等
人口学及社会经济学特征	GB/T 4754-2017	国民经济行业分类	P8392	体校及体育培训	指各类、各级体校培训，以及其他各类体育运动培训活动，不包括学校教育制度范围内的体育大学、学院、学校的体育专业教育
人口学及社会经济学特征	GB/T 4754-2017	国民经济行业分类	P8393	文化艺术培训	指国家学校教育制度以外，由正规学校或社会各界办的文化艺术培训活动，不包括少年儿童的课外艺术辅导班
人口学及社会经济学特征	GB/T 4754-2017	国民经济行业分类	P8394	教育辅助服务	指专门从事教育检测、评价、考试、招生等辅助活动
人口学及社会经济学特征	GB/T 4754-2017	国民经济行业分类	P8399	其他未列明教育	指经批准的宗教院校教育及上述未列明的教育活动
人口学及社会经济学特征	GB/T 4754-2017	国民经济行业分类	Q	卫生和社会工作	本门类包括84和85大类
人口学及社会经济学特征	GB/T 4754-2017	国民经济行业分类	Q84	卫生	
人口学及社会经济学特征	GB/T 4754-2017	国民经济行业分类	Q841	医院	
人口学及社会经济学特征	GB/T 4754-2017	国民经济行业分类	Q8411	综合医院	
人口学及社会经济学特征	GB/T 4754-2017	国民经济行业分类	Q8412	中医医院	
人口学及社会经济学特征	GB/T 4754-2017	国民经济行业分类	Q8413	中西医结合医院	
人口学及社会经济学特征	GB/T 4754-2017	国民经济行业分类	Q8414	民族医院	指民族医医院
人口学及社会经济学特征	GB/T 4754-2017	国民经济行业分类	Q8415	专科医院	
人口学及社会经济学特征	GB/T 4754-2017	国民经济行业分类	Q8416	疗养院	指以疗养、康复为主，治疗为辅的医疗服务活动
人口学及社会经济学特征	GB/T 4754-2017	国民经济行业分类	Q842	基层医疗卫生服务	
人口学及社会经济学特征	GB/T 4754-2017	国民经济行业分类	Q8421	社区卫生服务中心（站）	
人口学及社会经济学特征	GB/T 4754-2017	国民经济行业分类	Q8422	街道卫生院	
人口学及社会经济学特征	GB/T 4754-2017	国民经济行业分类	Q8423	乡镇卫生院	
人口学及社会经济学特征	GB/T 4754-2017	国民经济行业分类	Q8424	村卫生室	
人口学及社会经济学特征	GB/T 4754-2017	国民经济行业分类	Q8425	门诊部（所）	指门诊部、诊所、医务室、卫生站、护理院等卫生机构的活动
人口学及社会经济学特征	GB/T 4754-2017	国民经济行业分类	Q843	专业公共卫生服务	
人口学及社会经济学特征	GB/T 4754-2017	国民经济行业分类	Q8431	疾病预防控制中心	指卫生防疫站、卫生防病中心、预防保健中心等活动
人口学及社会经济学特征	GB/T 4754-2017	国民经济行业分类	Q8432	专科疾病防治院（所、站）	指对各种专科疾病进行预防及群众预防的活动
人口学及社会经济学特征	GB/T 4754-2017	国民经济行业分类	Q8433	妇幼保健院（所、站）	指非医院的妇女及婴幼儿保健活动
人口学及社会经济学特征	GB/T 4754-2017	国民经济行业分类	Q8434	急救中心（站）服务	
人口学及社会经济学特征	GB/T 4754-2017	国民经济行业分类	Q8435	采供血机构服务	
人口学及社会经济学特征	GB/T 4754-2017	国民经济行业分类	Q8436	计划生育技术服务活动	指各地区计划生育技术服务机构的活动
人口学及社会经济学特征	GB/T 4754-2017	国民经济行业分类	Q849	其他卫生活动	指急救中心及其他未列明的卫生机构的活动
人口学及社会经济学特征	GB/T 4754-2017	国民经济行业分类	Q8491	健康体检服务	
人口学及社会经济学特征	GB/T 4754-2017	国民经济行业分类	Q8492	临床检验服务	
人口学及社会经济学特征	GB/T 4754-2017	国民经济行业分类	Q8499	其他未列明卫生服务	
人口学及社会经济学特征	GB/T 4754-2017	国民经济行业分类	Q85	社会工作	指提供慈善、救助、福利、护理、帮助等社会工作的活动
人口学及社会经济学特征	GB/T 4754-2017	国民经济行业分类	Q851	提供住宿社会工作	指提供临时、长期住宿的福利和救济活动
人口学及社会经济学特征	GB/T 4754-2017	国民经济行业分类	Q8511	干部休养所	
人口学及社会经济学特征	GB/T 4754-2017	国民经济行业分类	Q8512	护理机构服务	指各级政府、企业和社会力量兴办的主要面向老年人、残疾人提供的专业化护理的服务机构的活动
人口学及社会经济学特征	GB/T 4754-2017	国民经济行业分类	Q8513	精神康复服务	指智障、精神疾病、吸毒、酗酒等人员的住宿康复治疗活动
人口学及社会经济学特征	GB/T 4754-2017	国民经济行业分类	Q8514	老年人、残疾人养护服务	指各级政府、企业和社会力量兴办的主要面向老年人和残疾人提供的长期照料、养护、关爱等服务机构的活动
人口学及社会经济学特征	GB/T 4754-2017	国民经济行业分类	Q8515	临终关怀服务	
人口学及社会经济学特征	GB/T 4754-2017	国民经济行业分类	Q8516	孤残儿童收养和庇护服务	指对孤残儿童、生活无着流浪儿童等人员的收养救助活动
人口学及社会经济学特征	GB/T 4754-2017	国民经济行业分类	Q8519	其他提供住宿社会救助	指对生活无着流浪等其他人员的收养救助等活动
人口学及社会经济学特征	GB/T 4754-2017	国民经济行业分类	Q852	不提供住宿社会工作	指为孤儿、老人、残疾人、智障、军烈属、五保户、低保户、受灾群众及其他弱势群体提供不住宿的看护、帮助活动，以及慈善、募捐等其他社会工作的活动
人口学及社会经济学特征	GB/T 4754-2017	国民经济行业分类	Q8521	社会看护与帮助服务	指为老人、残疾人、五保户及其他弱势群体提供不住宿的看护、帮助活动
人口学及社会经济学特征	GB/T 4754-2017	国民经济行业分类	Q8522	康复辅具适配服务	指为老年人、残疾人、运动伤残人员、孤残儿童及其他弱势群体提供的假肢、矫形器、轮椅车、助行器、助听器等康复辅具适配服务的活动
人口学及社会经济学特征	GB/T 4754-2017	国民经济行业分类	Q8529	其他不提供住宿社会工作	指慈善、募捐等其他社会工作的活动
人口学及社会经济学特征	GB/T 4754-2017	国民经济行业分类	R	文化、体育和娱乐业	本门类包括86～90大类
人口学及社会经济学特征	GB/T 4754-2017	国民经济行业分类	R86	新闻和出版业	
人口学及社会经济学特征	GB/T 4754-2017	国民经济行业分类	R8618610	新闻业	
人口学及社会经济学特征	GB/T 4754-2017	国民经济行业分类	R862	出版业	
人口学及社会经济学特征	GB/T 4754-2017	国民经济行业分类	R8621	图书出版	
人口学及社会经济学特征	GB/T 4754-2017	国民经济行业分类	R8622	报纸出版	
人口学及社会经济学特征	GB/T 4754-2017	国民经济行业分类	R8623	期刊出版	
人口学及社会经济学特征	GB/T 4754-2017	国民经济行业分类	R8624	音像制品出版	
人口学及社会经济学特征	GB/T 4754-2017	国民经济行业分类	R8625	电子出版物出版	
人口学及社会经济学特征	GB/T 4754-2017	国民经济行业分类	R8626	数字出版	指利用数字技术进行内容编辑加工，并通过网络传播数字内容产品的出版服务
人口学及社会经济学特征	GB/T 4754-2017	国民经济行业分类	R8629	其他出版业	
人口学及社会经济学特征	GB/T 4754-2017	国民经济行业分类	R87	广播、电视、电影和录音制作业	指对广播、电视、电影、影视录音内容的制作、编导、主持、播出、放映等活动；不包括广播电视信号的传输和接收活动
人口学及社会经济学特征	GB/T 4754-2017	国民经济行业分类	R8718710	广播	指广播节目的现场制作、播放及其他相关活动，还包括互联网广播
人口学及社会经济学特征	GB/T 4754-2017	国民经济行业分类	R8728720	电视	指有线和无线电视节目的现场制作、播放及其他相关活动，还包括互联网电视
人口学及社会经济学特征	GB/T 4754-2017	国民经济行业分类	R8738730	影视节目制作	指电影、电视、录像（含以磁带、光盘为载体）和网络节目的制作活动，该节目可以作为电视、电影播出、放映，也可以作为出版、销售的原版录像带（或光盘），还可以在其他场合宣传播放，还包括影视节目的后期制作，但不包括电视台制作节目的活动
人口学及社会经济学特征	GB/T 4754-2017	国民经济行业分类	R8748740	广播电视集成播控	指IP电视、手机电视、互联网电视等专网及定向传播视听节目服务的集成播控
人口学及社会经济学特征	GB/T 4754-2017	国民经济行业分类	R8758750	电影和广播电视节目发行	不含录像制品（以磁带、光盘为载体）的发行
人口学及社会经济学特征	GB/T 4754-2017	国民经济行业分类	R8768760	电影放映	指专业电影院以及设在娱乐场所独立（或相对独立）的电影放映等活动
人口学及社会经济学特征	GB/T 4754-2017	国民经济行业分类	R8778770	录音制作	指从事录音节目、音乐作品的制作活动，其节目或作品可以在广播电台播放，也可以制作成出版、销售的原版录音带（磁带或光盘），还可以在其他宣传场合播放，但不包括广播电台制作节目的活动
人口学及社会经济学特征	GB/T 4754-2017	国民经济行业分类	R88	文化艺术业	
人口学及社会经济学特征	GB/T 4754-2017	国民经济行业分类	R8818810	文艺创作与表演	指文学、美术创造和表演艺术（如戏曲、歌舞、话剧、音乐、杂技、马戏、木偶等表演艺术）等活动
人口学及社会经济学特征	GB/T 4754-2017	国民经济行业分类	R8828820	艺术表演场馆	指有观众席、舞台、灯光设备，专供文艺团体演出的场所管理活动
人口学及社会经济学特征	GB/T 4754-2017	国民经济行业分类	R883	图书馆与档案馆	
人口学及社会经济学特征	GB/T 4754-2017	国民经济行业分类	R8831	图书馆	
人口学及社会经济学特征	GB/T 4754-2017	国民经济行业分类	R8832	档案馆	
人口学及社会经济学特征	GB/T 4754-2017	国民经济行业分类	R8848840	文物及非物质文化遗产保护	指对具有历史、文化、艺术、体育、科学价值，并经有关部门鉴定，列入文物保护范围的不可移动文物的保护和管理活动；对我国口头传统和表现形式，传统表演艺术，社会实践、意识、节庆活动，有关的自然界和宇宙的知识和实践，传统手工艺等非物质文化遗产的保护和管理活动
人口学及社会经济学特征	GB/T 4754-2017	国民经济行业分类	R8858850	博物馆	指收藏、研究、展示文物和标本的博物馆的活动，以及展示人类文化、艺术、体育、科技、文明的美术馆、艺术馆、展览馆、科技馆、天文馆等管理活动
人口学及社会经济学特征	GB/T 4754-2017	国民经济行业分类	R8868860	烈士陵园、纪念馆	
人口学及社会经济学特征	GB/T 4754-2017	国民经济行业分类	R8878870	群众文体活动	指对各种主要由城乡群众参与的文艺类演出、比赛、展览、文艺知识鉴赏等公益性文化活动的管理活动，以及群众参与的各级各类体育竞赛和活动
人口学及社会经济学特征	GB/T 4754-2017	国民经济行业分类	R8898890	其他文化艺术业	
人口学及社会经济学特征	GB/T 4754-2017	国民经济行业分类	R89	体育	
人口学及社会经济学特征	GB/T 4754-2017	国民经济行业分类	R891	体育组织	指专业从事体育比赛、训练、辅导和管理的组织的活动
人口学及社会经济学特征	GB/T 4754-2017	国民经济行业分类	R8911	体育竞赛组织	指专业从事各类体育比赛、表演、训练、辅导、管理的体育组织
人口学及社会经济学特征	GB/T 4754-2017	国民经济行业分类	R8912	体育保障组织	指体育战略规划、竞技体育、全民健身、体育产业、反兴奋剂、体育器材装备及其他未列明的保障性体育管理和服务
人口学及社会经济学特征	GB/T 4754-2017	国民经济行业分类	R8919	其他体育组织	指其他由体育专业协会、体育类社会服务机构、基层体育组织、全民健身活动站点、互联网体育组织等提供的服务
人口学及社会经济学特征	GB/T 4754-2017	国民经济行业分类	R892	体育场地设施管理	指可供观赏比赛的场馆和专供运动员训练用的场地设施管理活动
人口学及社会经济学特征	GB/T 4754-2017	国民经济行业分类	R8921	体育场馆管理	指对可用于体育竞赛、训练、表演、教学及全民健身活动的体育建筑和室内外体育场地及相关设施等管理活动，如体育场、田径场、体育馆、游泳馆、足球场、篮球场、乒乓球场等
人口学及社会经济学特征	GB/T 4754-2017	国民经济行业分类	R8929	其他体育场地设施管理	指设在社区、村庄、公园、广场等对可提供体育服务的固定安装的体育器材、临时性体育场地设施和其他室外体育场地设施等管理活动，如全民健身路径、健身步道、拼装式游泳池等
人口学及社会经济学特征	GB/T 4754-2017	国民经济行业分类	R8938930	健身休闲活动	指主要面向社会开放的休闲健身场所和其他体育娱乐场所的管理活动
人口学及社会经济学特征	GB/T 4754-2017	国民经济行业分类	R899	其他体育	指上述未包括的体育活动
人口学及社会经济学特征	GB/T 4754-2017	国民经济行业分类	R8991	体育中介代理服务	指各类体育赞助活动、体育招商活动、体育文化活动推广，以及其他体育音像、动漫、影视代理等服务
人口学及社会经济学特征	GB/T 4754-2017	国民经济行业分类	R8992	体育健康服务	指国民体质监测与康体服务，以及科学健身调理、社会体育指导员、运动康复按摩、体育健康指导等服务
人口学及社会经济学特征	GB/T 4754-2017	国民经济行业分类	R8999	其他未列明体育	指其他未包括的体育活动
人口学及社会经济学特征	GB/T 4754-2017	国民经济行业分类	R90	娱乐业	
人口学及社会经济学特征	GB/T 4754-2017	国民经济行业分类	R901	室内娱乐活动	指室内各种娱乐活动和以娱乐为主的活动
人口学及社会经济学特征	GB/T 4754-2017	国民经济行业分类	R9011	歌舞厅娱乐活动	
人口学及社会经济学特征	GB/T 4754-2017	国民经济行业分类	R9012	电子游艺厅娱乐活动	
人口学及社会经济学特征	GB/T 4754-2017	国民经济行业分类	R9013	网吧活动	指通过计算机等装置向公众提供互联网上网服务的网吧、电脑休闲室等营业性场所的服务
人口学及社会经济学特征	GB/T 4754-2017	国民经济行业分类	R9019	其他室内娱乐活动	
人口学及社会经济学特征	GB/T 4754-2017	国民经济行业分类	R9029020	游乐园	指配有大型娱乐设施的室外娱乐活动及以娱乐为主的活动
人口学及社会经济学特征	GB/T 4754-2017	国民经济行业分类	R9039030	休闲观光活动	指以农林牧渔业、制造业等生产和服务领域为对象的休闲观光旅游活动
人口学及社会经济学特征	GB/T 4754-2017	国民经济行业分类	R904	彩票活动	指各种形式的彩票活动
人口学及社会经济学特征	GB/T 4754-2017	国民经济行业分类	R9041	体育彩票服务	
人口学及社会经济学特征	GB/T 4754-2017	国民经济行业分类	R9042	福利彩票服务	
人口学及社会经济学特征	GB/T 4754-2017	国民经济行业分类	R9049	其他彩票服务	
人口学及社会经济学特征	GB/T 4754-2017	国民经济行业分类	R905	文化体育娱乐活动与经纪代理服务	
人口学及社会经济学特征	GB/T 4754-2017	国民经济行业分类	R9051	文化活动服务	指策划、组织、实施各类文化、晚会、娱乐、演出、庆典、节日等活动的服务
人口学及社会经济学特征	GB/T 4754-2017	国民经济行业分类	R9052	体育表演服务	指策划、组织、实施各类职业化、商业化、群众性体育赛事等体育活动的服务
人口学及社会经济学特征	GB/T 4754-2017	国民经济行业分类	R9053	文化娱乐经纪人	
人口学及社会经济学特征	GB/T 4754-2017	国民经济行业分类	R9054	体育经纪人	
人口学及社会经济学特征	GB/T 4754-2017	国民经济行业分类	R9059	其他文化艺术经纪代理	指除文化娱乐经纪人、体育经纪人、艺术品、收藏品经纪代理以外的其他文化艺术经纪代理
人口学及社会经济学特征	GB/T 4754-2017	国民经济行业分类	R9099090	其他娱乐业	指公园、海滩和旅游景点内小型设施的娱乐活动及其他娱乐活动
人口学及社会经济学特征	GB/T 4754-2017	国民经济行业分类	S	公共管理、社会保障和社会组织	本类包括91～96大类
人口学及社会经济学特征	GB/T 4754-2017	国民经济行业分类	S91	中国共产党机关	
人口学及社会经济学特征	GB/T 4754-2017	国民经济行业分类	S9109100	中国共产党机关	
人口学及社会经济学特征	GB/T 4754-2017	国民经济行业分类	S92	国家机构	
人口学及社会经济学特征	GB/T 4754-2017	国民经济行业分类	S9219210	国家权力机构	指宪法规定的全国和地方各级人民代表大会及常委会机关的活动
人口学及社会经济学特征	GB/T 4754-2017	国民经济行业分类	S922	国家行政机构	指国务院及所属行政主管部门的活动；县以上地方各级人民政府及所属各工作部门的活动；乡（镇）级地方人民政府的活动；行政管理部门下属的监督、检查机构的活动
人口学及社会经济学特征	GB/T 4754-2017	国民经济行业分类	S9221	综合事务管理机构	指中央和地方人民政府的活动，以及依法管理全国或地方综合事务的政府主管部门的活动，还包括政府事务管理
人口学及社会经济学特征	GB/T 4754-2017	国民经济行业分类	S9222	对外事务管理机构	
人口学及社会经济学特征	GB/T 4754-2017	国民经济行业分类	S9223	公共安全管理机构	指除消防服务以外的公共安全管理机构
人口学及社会经济学特征	GB/T 4754-2017	国民经济行业分类	S9224	社会事务管理机构	
人口学及社会经济学特征	GB/T 4754-2017	国民经济行业分类	S9225	经济事务管理机构	
人口学及社会经济学特征	GB/T 4754-2017	国民经济行业分类	S9226	行政监督检查机构	指依法对社会经济活动进行监督、稽查、检查、查处等活动，包括独立（或相对独立）于各级行政管理机构的执法检查大队的活动
人口学及社会经济学特征	GB/T 4754-2017	国民经济行业分类	S923	人民法院和人民检察院	指宪法规定的人民法院和人民检察院的活动
人口学及社会经济学特征	GB/T 4754-2017	国民经济行业分类	S9231	人民法院	指各级人民法院的活动
人口学及社会经济学特征	GB/T 4754-2017	国民经济行业分类	S9232	人民检察院	指各级人民检察院的活动
人口学及社会经济学特征	GB/T 4754-2017	国民经济行业分类	S929	其他国家机构	指其他未另列明的国家机构的活动
人口学及社会经济学特征	GB/T 4754-2017	国民经济行业分类	S9291	消防管理机构	
人口学及社会经济学特征	GB/T 4754-2017	国民经济行业分类	S9299	其他未列明国家机构	
人口学及社会经济学特征	GB/T 4754-2017	国民经济行业分类	S93	人民政协、民主党派	
人口学及社会经济学特征	GB/T 4754-2017	国民经济行业分类	S9319310	人民政协	指全国人民政治协商会议及各级人民政协的活动
人口学及社会经济学特征	GB/T 4754-2017	国民经济行业分类	S9329320	民主党派	
人口学及社会经济学特征	GB/T 4754-2017	国民经济行业分类	S94	社会保障	
人口学及社会经济学特征	GB/T 4754-2017	国民经济行业分类	S941	基本保险	指依据国家有关规定开展的各种社会保障活动
人口学及社会经济学特征	GB/T 4754-2017	国民经济行业分类	S9411	基本养老保险	指职工基本养老保险、城乡居民基本养老保险的基金、经办、投资、管理等有关活动
人口学及社会经济学特征	GB/T 4754-2017	国民经济行业分类	S9412	基本医疗保险	指职工基本医疗保险、城乡居民基本医疗保险的基金、经办、投资、管理等有关活动
人口学及社会经济学特征	GB/T 4754-2017	国民经济行业分类	S9413	失业保险	指失业保险的基金、经办、投资、管理等有关活动
人口学及社会经济学特征	GB/T 4754-2017	国民经济行业分类	S9414	工伤保险	指工伤医疗保险的基金、经办、投资、管理等有关活动
人口学及社会经济学特征	GB/T 4754-2017	国民经济行业分类	S9415	生育保险	指生育保险的基金、经办、投资、管理等有关活动
人口学及社会经济学特征	GB/T 4754-2017	国民经济行业分类	S9419	其他基本保险	指其他基本保险活动
人口学及社会经济学特征	GB/T 4754-2017	国民经济行业分类	S9429420	补充保险	指企业年金、职业年金、补充医疗和其他补充保险
人口学及社会经济学特征	GB/T 4754-2017	国民经济行业分类	S9499490	其他社会保障	
人口学及社会经济学特征	GB/T 4754-2017	国民经济行业分类	S95	群众团体、社会团体和其他成员组织	
人口学及社会经济学特征	GB/T 4754-2017	国民经济行业分类	S951	群众团体	指不在社会团体登记管理机关登记的群众团体的活动
人口学及社会经济学特征	GB/T 4754-2017	国民经济行业分类	S9511	工会	
人口学及社会经济学特征	GB/T 4754-2017	国民经济行业分类	S9512	妇联	
人口学及社会经济学特征	GB/T 4754-2017	国民经济行业分类	S9513	共青团	
人口学及社会经济学特征	GB/T 4754-2017	国民经济行业分类	S9519	其他群众团体	
人口学及社会经济学特征	GB/T 4754-2017	国民经济行业分类	S952	社会团体	指依法在社会团体登记管理机关登记的单位的活动
人口学及社会经济学特征	GB/T 4754-2017	国民经济行业分类	S9521	专业性团体	指由同一领域的成员、专家组成的社会团体（如学科、学术、文化、艺术、体育、教育、卫生等）的活动
人口学及社会经济学特征	GB/T 4754-2017	国民经济行业分类	S9522	行业性团体	指由一个行业，或某一类企业，或不同企业的雇主（经理、厂长）组成的社会团体的活动
人口学及社会经济学特征	GB/T 4754-2017	国民经济行业分类	S9529	其他社会团体	指未列明的其他社会团体的活动
人口学及社会经济学特征	GB/T 4754-2017	国民经济行业分类	S9539530	基金会	指利用自然人、法人或者其他组织捐赠的财产，以从事公益事业为目的，按照国务院颁布的《基金会管理条例》的规定成立的非营利性法人的活动
人口学及社会经济学特征	GB/T 4754-2017	国民经济行业分类	S954	宗教组织	指在民政部门登记的宗教团体的活动和在政府宗教事务部门登记的宗教活动场所的活动
人口学及社会经济学特征	GB/T 4754-2017	国民经济行业分类	S9541	宗教团体服务	
人口学及社会经济学特征	GB/T 4754-2017	国民经济行业分类	S9542	宗教活动场所服务	
人口学及社会经济学特征	GB/T 4754-2017	国民经济行业分类	S96	基层群众自治组织及其他组织	指通过选举产生的社区性组织，该组织为本地区提供一般性管理、调解、治安、优抚、计划生育等服务
人口学及社会经济学特征	GB/T 4754-2017	国民经济行业分类	S9619610	社区居民自治组织	指城市、镇的居民通过选举产生的群众性自治组织的管理活动
人口学及社会经济学特征	GB/T 4754-2017	国民经济行业分类	S9629620	村民自治组织	指农村村民通过选举产生的群众性自治组织的管理活动
人口学及社会经济学特征	GB/T 4754-2017	国民经济行业分类	T	国际组织	本门类包括97大类
人口学及社会经济学特征	GB/T 4754-2017	国民经济行业分类	T97	国际组织	
人口学及社会经济学特征	GB/T 4754-2017	国民经济行业分类	T9709700	国际组织	指联合国和其他国际组织驻我国境内机构等活动
人口学及社会经济学特征	GB/T 4754-2017	国民经济行业分类	None	None	指药品用辅料和包装材料等制造
人口学及社会经济学特征	GB/T 4754-2017	国民经济行业分类	None	None	
人口学及社会经济学特征	GB/T 4761-2008	家庭关系代码	01	本人	
人口学及社会经济学特征	GB/T 4761-2008	家庭关系代码	02	户主	
人口学及社会经济学特征	GB/T 4761-2008	家庭关系代码	10	配偶	
人口学及社会经济学特征	GB/T 4761-2008	家庭关系代码	11	夫	
人口学及社会经济学特征	GB/T 4761-2008	家庭关系代码	12	妻	
人口学及社会经济学特征	GB/T 4761-2008	家庭关系代码	20	子	
人口学及社会经济学特征	GB/T 4761-2008	家庭关系代码	21	独生子	
人口学及社会经济学特征	GB/T 4761-2008	家庭关系代码	22	长子	
人口学及社会经济学特征	GB/T 4761-2008	家庭关系代码	23	次子	
人口学及社会经济学特征	GB/T 4761-2008	家庭关系代码	24	三子	
人口学及社会经济学特征	GB/T 4761-2008	家庭关系代码	25	四子	
人口学及社会经济学特征	GB/T 4761-2008	家庭关系代码	26	五子	
人口学及社会经济学特征	GB/T 4761-2008	家庭关系代码	27	养子或继子	
人口学及社会经济学特征	GB/T 4761-2008	家庭关系代码	28	女婿	
人口学及社会经济学特征	GB/T 4761-2008	家庭关系代码	29	其他儿子	
人口学及社会经济学特征	GB/T 4761-2008	家庭关系代码	30	女	
人口学及社会经济学特征	GB/T 4761-2008	家庭关系代码	31	独生女	
人口学及社会经济学特征	GB/T 4761-2008	家庭关系代码	32	长女	
人口学及社会经济学特征	GB/T 4761-2008	家庭关系代码	33	次女	
人口学及社会经济学特征	GB/T 4761-2008	家庭关系代码	34	三女	
人口学及社会经济学特征	GB/T 4761-2008	家庭关系代码	35	四女	
人口学及社会经济学特征	GB/T 4761-2008	家庭关系代码	36	五女	
人口学及社会经济学特征	GB/T 4761-2008	家庭关系代码	37	养女或继女	
人口学及社会经济学特征	GB/T 4761-2008	家庭关系代码	38	儿媳	
人口学及社会经济学特征	GB/T 4761-2008	家庭关系代码	39	其他女儿	
人口学及社会经济学特征	GB/T 4761-2008	家庭关系代码	40	孙子、孙女或外孙子、外孙女	
人口学及社会经济学特征	GB/T 4761-2008	家庭关系代码	41	孙子	
人口学及社会经济学特征	GB/T 4761-2008	家庭关系代码	42	孙女	
人口学及社会经济学特征	GB/T 4761-2008	家庭关系代码	43	外孙子	
人口学及社会经济学特征	GB/T 4761-2008	家庭关系代码	44	外孙女	
人口学及社会经济学特征	GB/T 4761-2008	家庭关系代码	45	孙媳妇或外孙媳妇	
人口学及社会经济学特征	GB/T 4761-2008	家庭关系代码	46	孙女婿或外孙女婿	
人口学及社会经济学特征	GB/T 4761-2008	家庭关系代码	47	曾孙子或曾外孙子	
人口学及社会经济学特征	GB/T 4761-2008	家庭关系代码	48	曾孙女或曾外孙女	
人口学及社会经济学特征	GB/T 4761-2008	家庭关系代码	49	其他孙子、孙女或外孙子、外孙女	
人口学及社会经济学特征	GB/T 4761-2008	家庭关系代码	50	父母	
人口学及社会经济学特征	GB/T 4761-2008	家庭关系代码	51	父亲	
人口学及社会经济学特征	GB/T 4761-2008	家庭关系代码	52	母亲	
人口学及社会经济学特征	GB/T 4761-2008	家庭关系代码	53	公公	
人口学及社会经济学特征	GB/T 4761-2008	家庭关系代码	54	婆婆	
人口学及社会经济学特征	GB/T 4761-2008	家庭关系代码	55	岳父	
人口学及社会经济学特征	GB/T 4761-2008	家庭关系代码	56	岳母	
人口学及社会经济学特征	GB/T 4761-2008	家庭关系代码	57	继父或养父	
人口学及社会经济学特征	GB/T 4761-2008	家庭关系代码	58	继母或养母	
人口学及社会经济学特征	GB/T 4761-2008	家庭关系代码	59	其他父母关系	
人口学及社会经济学特征	GB/T 4761-2008	家庭关系代码	60	祖父母或外祖父母	
人口学及社会经济学特征	GB/T 4761-2008	家庭关系代码	61	祖父	
人口学及社会经济学特征	GB/T 4761-2008	家庭关系代码	62	祖母	
人口学及社会经济学特征	GB/T 4761-2008	家庭关系代码	63	外祖父	
人口学及社会经济学特征	GB/T 4761-2008	家庭关系代码	64	外祖母	
人口学及社会经济学特征	GB/T 4761-2008	家庭关系代码	65	配偶的祖父母或外祖父母	
人口学及社会经济学特征	GB/T 4761-2008	家庭关系代码	66	曾祖父	
人口学及社会经济学特征	GB/T 4761-2008	家庭关系代码	67	曾祖母	
人口学及社会经济学特征	GB/T 4761-2008	家庭关系代码	68	配偶的曾祖父母或外曾祖父母	
人口学及社会经济学特征	GB/T 4761-2008	家庭关系代码	69	其他祖父母或外祖父母关系	
人口学及社会经济学特征	GB/T 4761-2008	家庭关系代码	70	兄弟姐妹	
人口学及社会经济学特征	GB/T 4761-2008	家庭关系代码	71	兄	
人口学及社会经济学特征	GB/T 4761-2008	家庭关系代码	72	嫂	
人口学及社会经济学特征	GB/T 4761-2008	家庭关系代码	73	弟	
人口学及社会经济学特征	GB/T 4761-2008	家庭关系代码	74	弟媳	
人口学及社会经济学特征	GB/T 4761-2008	家庭关系代码	75	姐姐	
人口学及社会经济学特征	GB/T 4761-2008	家庭关系代码	76	姐夫	
人口学及社会经济学特征	GB/T 4761-2008	家庭关系代码	77	妹妹	
人口学及社会经济学特征	GB/T 4761-2008	家庭关系代码	78	妹夫	
人口学及社会经济学特征	GB/T 4761-2008	家庭关系代码	79	其他兄弟姐妹	
人口学及社会经济学特征	GB/T 4761-2008	家庭关系代码	80	其他	
人口学及社会经济学特征	GB/T 4761-2008	家庭关系代码	81	伯父	
人口学及社会经济学特征	GB/T 4761-2008	家庭关系代码	82	伯母	
人口学及社会经济学特征	GB/T 4761-2008	家庭关系代码	83	叔父	
人口学及社会经济学特征	GB/T 4761-2008	家庭关系代码	84	婶母	
人口学及社会经济学特征	GB/T 4761-2008	家庭关系代码	85	舅父	
人口学及社会经济学特征	GB/T 4761-2008	家庭关系代码	86	舅母	
人口学及社会经济学特征	GB/T 4761-2008	家庭关系代码	87	姨父	
人口学及社会经济学特征	GB/T 4761-2008	家庭关系代码	88	姨母	
人口学及社会经济学特征	GB/T 4761-2008	家庭关系代码	89	姑父	
人口学及社会经济学特征	GB/T 4761-2008	家庭关系代码	90	姑母	
人口学及社会经济学特征	GB/T 4761-2008	家庭关系代码	91	堂兄弟、堂姐妹	
人口学及社会经济学特征	GB/T 4761-2008	家庭关系代码	92	表兄弟、表姐妹	
人口学及社会经济学特征	GB/T 4761-2008	家庭关系代码	93	侄子	
人口学及社会经济学特征	GB/T 4761-2008	家庭关系代码	94	侄女	
人口学及社会经济学特征	GB/T 4761-2008	家庭关系代码	95	外甥	
人口学及社会经济学特征	GB/T 4761-2008	家庭关系代码	96	外甥女	
人口学及社会经济学特征	GB/T 4761-2008	家庭关系代码	97	其他亲属	
人口学及社会经济学特征	GB/T 4761-2008	家庭关系代码	99	非亲属	
人口学及社会经济学特征	GB/T 8561-2001	专业技术职务代码	10	高等学校教师	
人口学及社会经济学特征	GB/T 8561-2001	专业技术职务代码	100	农业技术人员（兽医）	
人口学及社会经济学特征	GB/T 8561-2001	专业技术职务代码	102	高级兽医师	
人口学及社会经济学特征	GB/T 8561-2001	专业技术职务代码	103	兽医师	
人口学及社会经济学特征	GB/T 8561-2001	专业技术职务代码	104	助理兽医师	
人口学及社会经济学特征	GB/T 8561-2001	专业技术职务代码	105	兽医技术员	
人口学及社会经济学特征	GB/T 8561-2001	专业技术职务代码	11	教授	
人口学及社会经济学特征	GB/T 8561-2001	专业技术职务代码	110	农业技术人员（畜牧）	
人口学及社会经济学特征	GB/T 8561-2001	专业技术职务代码	112	高级畜牧师	
人口学及社会经济学特征	GB/T 8561-2001	专业技术职务代码	113	畜牧师	
人口学及社会经济学特征	GB/T 8561-2001	专业技术职务代码	114	助理畜牧师	
人口学及社会经济学特征	GB/T 8561-2001	专业技术职务代码	115	畜牧技术员	
人口学及社会经济学特征	GB/T 8561-2001	专业技术职务代码	12	副教授	
人口学及社会经济学特征	GB/T 8561-2001	专业技术职务代码	120	经济专业人员	
人口学及社会经济学特征	GB/T 8561-2001	专业技术职务代码	122	高级经济师	
人口学及社会经济学特征	GB/T 8561-2001	专业技术职务代码	123	经济师	
人口学及社会经济学特征	GB/T 8561-2001	专业技术职务代码	124	助理经济师	
人口学及社会经济学特征	GB/T 8561-2001	专业技术职务代码	125	经济员	
人口学及社会经济学特征	GB/T 8561-2001	专业技术职务代码	13	讲师	
人口学及社会经济学特征	GB/T 8561-2001	专业技术职务代码	130	会计专业人员	
人口学及社会经济学特征	GB/T 8561-2001	专业技术职务代码	132	高级会计师	
人口学及社会经济学特征	GB/T 8561-2001	专业技术职务代码	133	会计师	
人口学及社会经济学特征	GB/T 8561-2001	专业技术职务代码	134	助理会计师	
人口学及社会经济学特征	GB/T 8561-2001	专业技术职务代码	135	会计员	
人口学及社会经济学特征	GB/T 8561-2001	专业技术职务代码	14	助教	
人口学及社会经济学特征	GB/T 8561-2001	专业技术职务代码	140	统计专业人员	
人口学及社会经济学特征	GB/T 8561-2001	专业技术职务代码	142	高级统计师	
人口学及社会经济学特征	GB/T 8561-2001	专业技术职务代码	143	统计师	
人口学及社会经济学特征	GB/T 8561-2001	专业技术职务代码	144	助理统计师	
人口学及社会经济学特征	GB/T 8561-2001	专业技术职务代码	145	统计员	
人口学及社会经济学特征	GB/T 8561-2001	专业技术职务代码	150	出版专业人员（编审）	
人口学及社会经济学特征	GB/T 8561-2001	专业技术职务代码	151	编审	
人口学及社会经济学特征	GB/T 8561-2001	专业技术职务代码	152	副编审	
人口学及社会经济学特征	GB/T 8561-2001	专业技术职务代码	153	编辑	
人口学及社会经济学特征	GB/T 8561-2001	专业技术职务代码	154	助理编辑	
人口学及社会经济学特征	GB/T 8561-2001	专业技术职务代码	160	出版专业人员（编辑）	
人口学及社会经济学特征	GB/T 8561-2001	专业技术职务代码	163	技术编辑	
人口学及社会经济学特征	GB/T 8561-2001	专业技术职务代码	164	助理技术编辑	
人口学及社会经济学特征	GB/T 8561-2001	专业技术职务代码	165	技术设计员	
人口学及社会经济学特征	GB/T 8561-2001	专业技术职务代码	170	出版专业人员（校对）	
人口学及社会经济学特征	GB/T 8561-2001	专业技术职务代码	173	一级校对	
人口学及社会经济学特征	GB/T 8561-2001	专业技术职务代码	174	二级校对	
人口学及社会经济学特征	GB/T 8561-2001	专业技术职务代码	175	三级校对	
人口学及社会经济学特征	GB/T 8561-2001	专业技术职务代码	180	翻译人员	
人口学及社会经济学特征	GB/T 8561-2001	专业技术职务代码	181	译审	
人口学及社会经济学特征	GB/T 8561-2001	专业技术职务代码	182	副译审	
人口学及社会经济学特征	GB/T 8561-2001	专业技术职务代码	183	翻译	
人口学及社会经济学特征	GB/T 8561-2001	专业技术职务代码	184	助理翻译	
人口学及社会经济学特征	GB/T 8561-2001	专业技术职务代码	190	新闻专业人员（记者）	
人口学及社会经济学特征	GB/T 8561-2001	专业技术职务代码	191	高级记者	
人口学及社会经济学特征	GB/T 8561-2001	专业技术职务代码	192	主任记者	
人口学及社会经济学特征	GB/T 8561-2001	专业技术职务代码	193	记者	
人口学及社会经济学特征	GB/T 8561-2001	专业技术职务代码	194	助理记者	
人口学及社会经济学特征	GB/T 8561-2001	专业技术职务代码	20	中等专业学校教师	
人口学及社会经济学特征	GB/T 8561-2001	专业技术职务代码	200	新闻专业人员（编辑）	
人口学及社会经济学特征	GB/T 8561-2001	专业技术职务代码	201	高级编辑	
人口学及社会经济学特征	GB/T 8561-2001	专业技术职务代码	202	主任编辑	
人口学及社会经济学特征	GB/T 8561-2001	专业技术职务代码	203	编辑	
人口学及社会经济学特征	GB/T 8561-2001	专业技术职务代码	204	助理编辑	
人口学及社会经济学特征	GB/T 8561-2001	专业技术职务代码	22	高级讲师(中专)	
人口学及社会经济学特征	GB/T 8561-2001	专业技术职务代码	220	播音员	
人口学及社会经济学特征	GB/T 8561-2001	专业技术职务代码	221	播音指导	
人口学及社会经济学特征	GB/T 8561-2001	专业技术职务代码	222	主任播音员	
人口学及社会经济学特征	GB/T 8561-2001	专业技术职务代码	223	一级播音员	
人口学及社会经济学特征	GB/T 8561-2001	专业技术职务代码	224	二级播音员	
人口学及社会经济学特征	GB/T 8561-2001	专业技术职务代码	225	三级播音员	
人口学及社会经济学特征	GB/T 8561-2001	专业技术职务代码	23	讲师(中专)	
人口学及社会经济学特征	GB/T 8561-2001	专业技术职务代码	230	卫生技术人员（医疗）	
人口学及社会经济学特征	GB/T 8561-2001	专业技术职务代码	231	主任医师	
人口学及社会经济学特征	GB/T 8561-2001	专业技术职务代码	232	副主任医师	
人口学及社会经济学特征	GB/T 8561-2001	专业技术职务代码	233	主治医师	
人口学及社会经济学特征	GB/T 8561-2001	专业技术职务代码	234	医师	
人口学及社会经济学特征	GB/T 8561-2001	专业技术职务代码	235	医士	
人口学及社会经济学特征	GB/T 8561-2001	专业技术职务代码	24	助理讲师(中专)	
人口学及社会经济学特征	GB/T 8561-2001	专业技术职务代码	240	卫生技术人员（药剂）	
人口学及社会经济学特征	GB/T 8561-2001	专业技术职务代码	241	主任药师	
人口学及社会经济学特征	GB/T 8561-2001	专业技术职务代码	242	副主任药师	
人口学及社会经济学特征	GB/T 8561-2001	专业技术职务代码	243	主管药师	
人口学及社会经济学特征	GB/T 8561-2001	专业技术职务代码	244	药师	
人口学及社会经济学特征	GB/T 8561-2001	专业技术职务代码	245	药士	
人口学及社会经济学特征	GB/T 8561-2001	专业技术职务代码	25	教员(中专)	
人口学及社会经济学特征	GB/T 8561-2001	专业技术职务代码	250	卫生技术（护理）	
人口学及社会经济学特征	GB/T 8561-2001	专业技术职务代码	251	主任护师	
人口学及社会经济学特征	GB/T 8561-2001	专业技术职务代码	252	副主任护师	
人口学及社会经济学特征	GB/T 8561-2001	专业技术职务代码	253	主管护师	
人口学及社会经济学特征	GB/T 8561-2001	专业技术职务代码	254	护师	
人口学及社会经济学特征	GB/T 8561-2001	专业技术职务代码	255	护士	
人口学及社会经济学特征	GB/T 8561-2001	专业技术职务代码	260	卫生技术人员（技师）	
人口学及社会经济学特征	GB/T 8561-2001	专业技术职务代码	261	主任技师	
人口学及社会经济学特征	GB/T 8561-2001	专业技术职务代码	262	副主任技师	
人口学及社会经济学特征	GB/T 8561-2001	专业技术职务代码	263	主管技师	
人口学及社会经济学特征	GB/T 8561-2001	专业技术职务代码	264	技师	
人口学及社会经济学特征	GB/T 8561-2001	专业技术职务代码	265	技士	
人口学及社会经济学特征	GB/T 8561-2001	专业技术职务代码	270	工艺美术人员	
人口学及社会经济学特征	GB/T 8561-2001	专业技术职务代码	272	高级工艺美术师	
人口学及社会经济学特征	GB/T 8561-2001	专业技术职务代码	273	工艺美术师	
人口学及社会经济学特征	GB/T 8561-2001	专业技术职务代码	274	助理工艺美术师	
人口学及社会经济学特征	GB/T 8561-2001	专业技术职务代码	275	工艺美术员	
人口学及社会经济学特征	GB/T 8561-2001	专业技术职务代码	280	艺术人员（演员）	
人口学及社会经济学特征	GB/T 8561-2001	专业技术职务代码	281	一级演员	
人口学及社会经济学特征	GB/T 8561-2001	专业技术职务代码	282	二级演员	
人口学及社会经济学特征	GB/T 8561-2001	专业技术职务代码	283	三级演员	
人口学及社会经济学特征	GB/T 8561-2001	专业技术职务代码	284	四级演员	
人口学及社会经济学特征	GB/T 8561-2001	专业技术职务代码	290	艺术人员（演奏员）	
人口学及社会经济学特征	GB/T 8561-2001	专业技术职务代码	291	一级演奏员	
人口学及社会经济学特征	GB/T 8561-2001	专业技术职务代码	292	二级演奏员	
人口学及社会经济学特征	GB/T 8561-2001	专业技术职务代码	293	三级演奏员	
人口学及社会经济学特征	GB/T 8561-2001	专业技术职务代码	294	四级演奏员	
人口学及社会经济学特征	GB/T 8561-2001	专业技术职务代码	30	技工学校教师（讲师）	
人口学及社会经济学特征	GB/T 8561-2001	专业技术职务代码	300	艺术人员（编剧）	
人口学及社会经济学特征	GB/T 8561-2001	专业技术职务代码	301	一级编剧	
人口学及社会经济学特征	GB/T 8561-2001	专业技术职务代码	302	二级编剧	
人口学及社会经济学特征	GB/T 8561-2001	专业技术职务代码	303	三级编剧	
人口学及社会经济学特征	GB/T 8561-2001	专业技术职务代码	304	四级编剧	
人口学及社会经济学特征	GB/T 8561-2001	专业技术职务代码	310	艺术人员（导演）	
人口学及社会经济学特征	GB/T 8561-2001	专业技术职务代码	311	一级导演	
人口学及社会经济学特征	GB/T 8561-2001	专业技术职务代码	312	二级导演	
人口学及社会经济学特征	GB/T 8561-2001	专业技术职务代码	313	三级导演	
人口学及社会经济学特征	GB/T 8561-2001	专业技术职务代码	314	四级导演	
人口学及社会经济学特征	GB/T 8561-2001	专业技术职务代码	32	高级讲师(技校)	
人口学及社会经济学特征	GB/T 8561-2001	专业技术职务代码	320	艺术人员（指挥）	
人口学及社会经济学特征	GB/T 8561-2001	专业技术职务代码	321	一级指挥	
人口学及社会经济学特征	GB/T 8561-2001	专业技术职务代码	322	二级指挥	
人口学及社会经济学特征	GB/T 8561-2001	专业技术职务代码	323	三级指挥	
人口学及社会经济学特征	GB/T 8561-2001	专业技术职务代码	324	四级指挥	
人口学及社会经济学特征	GB/T 8561-2001	专业技术职务代码	33	讲师(技校)	
人口学及社会经济学特征	GB/T 8561-2001	专业技术职务代码	330	艺术人员（作曲）	
人口学及社会经济学特征	GB/T 8561-2001	专业技术职务代码	331	一级作曲	
人口学及社会经济学特征	GB/T 8561-2001	专业技术职务代码	332	二级作曲	
人口学及社会经济学特征	GB/T 8561-2001	专业技术职务代码	333	三级作曲	
人口学及社会经济学特征	GB/T 8561-2001	专业技术职务代码	334	四级作曲	
人口学及社会经济学特征	GB/T 8561-2001	专业技术职务代码	34	助理讲师(技校)	
人口学及社会经济学特征	GB/T 8561-2001	专业技术职务代码	340	艺术人员（美术）	
人口学及社会经济学特征	GB/T 8561-2001	专业技术职务代码	341	一级美术师	
人口学及社会经济学特征	GB/T 8561-2001	专业技术职务代码	342	二级美术师	
人口学及社会经济学特征	GB/T 8561-2001	专业技术职务代码	343	三级美术师	
人口学及社会经济学特征	GB/T 8561-2001	专业技术职务代码	344	美术员	
人口学及社会经济学特征	GB/T 8561-2001	专业技术职务代码	35	教员(技校)	
人口学及社会经济学特征	GB/T 8561-2001	专业技术职务代码	350	艺术人员（舞美设计）	
人口学及社会经济学特征	GB/T 8561-2001	专业技术职务代码	351	一级舞美设计师	
人口学及社会经济学特征	GB/T 8561-2001	专业技术职务代码	352	二级舞美设计师	
人口学及社会经济学特征	GB/T 8561-2001	专业技术职务代码	353	三级舞美设计师	
人口学及社会经济学特征	GB/T 8561-2001	专业技术职务代码	354	舞美设计员	
人口学及社会经济学特征	GB/T 8561-2001	专业技术职务代码	360	艺术人员（舞台技术）	
人口学及社会经济学特征	GB/T 8561-2001	专业技术职务代码	362	主任舞台技师	
人口学及社会经济学特征	GB/T 8561-2001	专业技术职务代码	363	舞台技师	
人口学及社会经济学特征	GB/T 8561-2001	专业技术职务代码	364	舞台技术员	
人口学及社会经济学特征	GB/T 8561-2001	专业技术职务代码	370	体育教练	
人口学及社会经济学特征	GB/T 8561-2001	专业技术职务代码	371	国家级教练	
人口学及社会经济学特征	GB/T 8561-2001	专业技术职务代码	372	高级教练	
人口学及社会经济学特征	GB/T 8561-2001	专业技术职务代码	373	一级教练	
人口学及社会经济学特征	GB/T 8561-2001	专业技术职务代码	374	二级教练	
人口学及社会经济学特征	GB/T 8561-2001	专业技术职务代码	375	三级教练	
人口学及社会经济学特征	GB/T 8561-2001	专业技术职务代码	390	律师	
人口学及社会经济学特征	GB/T 8561-2001	专业技术职务代码	391	一级律师	
人口学及社会经济学特征	GB/T 8561-2001	专业技术职务代码	392	二级律师	
人口学及社会经济学特征	GB/T 8561-2001	专业技术职务代码	393	三级律师	
人口学及社会经济学特征	GB/T 8561-2001	专业技术职务代码	394	四级律师	
人口学及社会经济学特征	GB/T 8561-2001	专业技术职务代码	395	律师助理	
人口学及社会经济学特征	GB/T 8561-2001	专业技术职务代码	40	技工学校教师(实习指导)	
人口学及社会经济学特征	GB/T 8561-2001	专业技术职务代码	400	公证员	
人口学及社会经济学特征	GB/T 8561-2001	专业技术职务代码	401	一级公证员	
人口学及社会经济学特征	GB/T 8561-2001	专业技术职务代码	402	二级公证员	
人口学及社会经济学特征	GB/T 8561-2001	专业技术职务代码	403	三级公证员	
人口学及社会经济学特征	GB/T 8561-2001	专业技术职务代码	404	四级公证员	
人口学及社会经济学特征	GB/T 8561-2001	专业技术职务代码	405	公证员助理	
人口学及社会经济学特征	GB/T 8561-2001	专业技术职务代码	410	小学教师	
人口学及社会经济学特征	GB/T 8561-2001	专业技术职务代码	413	高级教师(小学)	
人口学及社会经济学特征	GB/T 8561-2001	专业技术职务代码	414	一级教师(小学)	
人口学及社会经济学特征	GB/T 8561-2001	专业技术职务代码	415	二级教师(小学)	
人口学及社会经济学特征	GB/T 8561-2001	专业技术职务代码	416	三级教师(小学)	
人口学及社会经济学特征	GB/T 8561-2001	专业技术职务代码	420	船舶技术人员（驾驶）	
人口学及社会经济学特征	GB/T 8561-2001	专业技术职务代码	42	高级实习指导教师	
人口学及社会经济学特征	GB/T 8561-2001	专业技术职务代码	422	高级船长	
人口学及社会经济学特征	GB/T 8561-2001	专业技术职务代码	423	船长（大副）	
人口学及社会经济学特征	GB/T 8561-2001	专业技术职务代码	424	二副	
人口学及社会经济学特征	GB/T 8561-2001	专业技术职务代码	425	三副	
人口学及社会经济学特征	GB/T 8561-2001	专业技术职务代码	43	一级实习指导教师	
人口学及社会经济学特征	GB/T 8561-2001	专业技术职务代码	430	船舶技术人员（轮机）	
人口学及社会经济学特征	GB/T 8561-2001	专业技术职务代码	432	高级轮机长	
人口学及社会经济学特征	GB/T 8561-2001	专业技术职务代码	433	轮机长(大管轮)	
人口学及社会经济学特征	GB/T 8561-2001	专业技术职务代码	434	二管轮	
人口学及社会经济学特征	GB/T 8561-2001	专业技术职务代码	435	三管轮	
人口学及社会经济学特征	GB/T 8561-2001	专业技术职务代码	44	二级实习指导教师	
人口学及社会经济学特征	GB/T 8561-2001	专业技术职务代码	440	船舶技术人员（电机）	
人口学及社会经济学特征	GB/T 8561-2001	专业技术职务代码	442	高级电机员	
人口学及社会经济学特征	GB/T 8561-2001	专业技术职务代码	443	通用电机员(一等电机员)	
人口学及社会经济学特征	GB/T 8561-2001	专业技术职务代码	444	二等电机员	
人口学及社会经济学特征	GB/T 8561-2001	专业技术职务代码	450	船舶技术人员（报务）	
人口学及社会经济学特征	GB/T 8561-2001	专业技术职务代码	45	三级实习指导教师	
人口学及社会经济学特征	GB/T 8561-2001	专业技术职务代码	452	高级报务员	
人口学及社会经济学特征	GB/T 8561-2001	专业技术职务代码	453	通用报务员	
人口学及社会经济学特征	GB/T 8561-2001	专业技术职务代码	454	二等报务员	
人口学及社会经济学特征	GB/T 8561-2001	专业技术职务代码	455	限用报务员	
人口学及社会经济学特征	GB/T 8561-2001	专业技术职务代码	460	民用航空飞行技术人员（驾驶）	
人口学及社会经济学特征	GB/T 8561-2001	专业技术职务代码	462	一级飞行员	
人口学及社会经济学特征	GB/T 8561-2001	专业技术职务代码	463	二级飞行员	
人口学及社会经济学特征	GB/T 8561-2001	专业技术职务代码	464	三级飞行员	
人口学及社会经济学特征	GB/T 8561-2001	专业技术职务代码	465	四级飞行员	
人口学及社会经济学特征	GB/T 8561-2001	专业技术职务代码	470	民用航空飞行技术人员（领航）	
人口学及社会经济学特征	GB/T 8561-2001	专业技术职务代码	472	一级领航员	
人口学及社会经济学特征	GB/T 8561-2001	专业技术职务代码	473	二级领航员	
人口学及社会经济学特征	GB/T 8561-2001	专业技术职务代码	474	三级领航员	
人口学及社会经济学特征	GB/T 8561-2001	专业技术职务代码	475	四级领航员	
人口学及社会经济学特征	GB/T 8561-2001	专业技术职务代码	480	民用航空飞行技术人员（通信）	
人口学及社会经济学特征	GB/T 8561-2001	专业技术职务代码	482	一级飞行通信员	
人口学及社会经济学特征	GB/T 8561-2001	专业技术职务代码	483	二级飞行通信员	
人口学及社会经济学特征	GB/T 8561-2001	专业技术职务代码	484	三级飞行通信员	
人口学及社会经济学特征	GB/T 8561-2001	专业技术职务代码	485	四级飞行通信员	
人口学及社会经济学特征	GB/T 8561-2001	专业技术职务代码	490	民用航空飞行技术人员（机械）	
人口学及社会经济学特征	GB/T 8561-2001	专业技术职务代码	492	一级飞行机械员	
人口学及社会经济学特征	GB/T 8561-2001	专业技术职务代码	493	二级飞行机械员	
人口学及社会经济学特征	GB/T 8561-2001	专业技术职务代码	494	三级飞行机械员	
人口学及社会经济学特征	GB/T 8561-2001	专业技术职务代码	495	四级飞行机械员	
人口学及社会经济学特征	GB/T 8561-2001	专业技术职务代码	50	中学教师	
人口学及社会经济学特征	GB/T 8561-2001	专业技术职务代码	500	民用航空飞行技术人员(引航)	
人口学及社会经济学特征	GB/T 8561-2001	专业技术职务代码	502	高级引航员	
人口学及社会经济学特征	GB/T 8561-2001	专业技术职务代码	503	一、二级引航员	
人口学及社会经济学特征	GB/T 8561-2001	专业技术职务代码	504	三、四级引航员	
人口学及社会经济学特征	GB/T 8561-2001	专业技术职务代码	52	高级教师(中学)	
人口学及社会经济学特征	GB/T 8561-2001	专业技术职务代码	53	一级教师(中学)	
人口学及社会经济学特征	GB/T 8561-2001	专业技术职务代码	54	二级教师(中学)	
人口学及社会经济学特征	GB/T 8561-2001	专业技术职务代码	55	三级教师(中学)	
人口学及社会经济学特征	GB/T 8561-2001	专业技术职务代码	610	自然科学研究人员	
人口学及社会经济学特征	GB/T 8561-2001	专业技术职务代码	611	研究员(自然科学)	
人口学及社会经济学特征	GB/T 8561-2001	专业技术职务代码	612	副研究员(自然科学)	
人口学及社会经济学特征	GB/T 8561-2001	专业技术职务代码	613	助理研究员(自然科学)	
人口学及社会经济学特征	GB/T 8561-2001	专业技术职务代码	614	研究实习员(自然科学)	
人口学及社会经济学特征	GB/T 8561-2001	专业技术职务代码	620	自然科学研究人员	
人口学及社会经济学特征	GB/T 8561-2001	专业技术职务代码	621	研究员(社会科学)	
人口学及社会经济学特征	GB/T 8561-2001	专业技术职务代码	622	副研究员(社会科学)	
人口学及社会经济学特征	GB/T 8561-2001	专业技术职务代码	623	助理研究员(社会科学)	
人口学及社会经济学特征	GB/T 8561-2001	专业技术职务代码	624	研究实习员(社会科学)	
人口学及社会经济学特征	GB/T 8561-2001	专业技术职务代码	640	图书、资料专业人员	
人口学及社会经济学特征	GB/T 8561-2001	专业技术职务代码	641	研究馆员（图书）	
人口学及社会经济学特征	GB/T 8561-2001	专业技术职务代码	642	副研究馆员（图书）	
人口学及社会经济学特征	GB/T 8561-2001	专业技术职务代码	643	馆员（图书）	
人口学及社会经济学特征	GB/T 8561-2001	专业技术职务代码	644	助理馆员（图书）	
人口学及社会经济学特征	GB/T 8561-2001	专业技术职务代码	645	管理员（图书）	
人口学及社会经济学特征	GB/T 8561-2001	专业技术职务代码	650	文博专业人员	
人口学及社会经济学特征	GB/T 8561-2001	专业技术职务代码	651	研究馆员（文博）	
人口学及社会经济学特征	GB/T 8561-2001	专业技术职务代码	652	副研究馆员（文博）	
人口学及社会经济学特征	GB/T 8561-2001	专业技术职务代码	653	馆员（文博）	
人口学及社会经济学特征	GB/T 8561-2001	专业技术职务代码	654	助理馆员（文博）	
人口学及社会经济学特征	GB/T 8561-2001	专业技术职务代码	655	管理员（文博）	
人口学及社会经济学特征	GB/T 8561-2001	专业技术职务代码	660	档案专业人员	
人口学及社会经济学特征	GB/T 8561-2001	专业技术职务代码	661	研究馆员（档案）	
人口学及社会经济学特征	GB/T 8561-2001	专业技术职务代码	662	副研究馆员（档案）	
人口学及社会经济学特征	GB/T 8561-2001	专业技术职务代码	663	馆员（档案）	
人口学及社会经济学特征	GB/T 8561-2001	专业技术职务代码	664	助理馆员（档案）	
人口学及社会经济学特征	GB/T 8561-2001	专业技术职务代码	665	管理员（档案）	
人口学及社会经济学特征	GB/T 8561-2001	专业技术职务代码	670	群众文化专业人员	
人口学及社会经济学特征	GB/T 8561-2001	专业技术职务代码	671	研究馆员（群众文化）	
人口学及社会经济学特征	GB/T 8561-2001	专业技术职务代码	672	副研究馆员（群众文化）	
人口学及社会经济学特征	GB/T 8561-2001	专业技术职务代码	673	馆员（群众文化）	
人口学及社会经济学特征	GB/T 8561-2001	专业技术职务代码	674	助理馆员（群众文化）	
人口学及社会经济学特征	GB/T 8561-2001	专业技术职务代码	675	管理员（群众文化）	
人口学及社会经济学特征	GB/T 8561-2001	专业技术职务代码	680	审计专业人员	
人口学及社会经济学特征	GB/T 8561-2001	专业技术职务代码	682	高级审计师	
人口学及社会经济学特征	GB/T 8561-2001	专业技术职务代码	683	审计师	
人口学及社会经济学特征	GB/T 8561-2001	专业技术职务代码	684	助理审计师	
人口学及社会经济学特征	GB/T 8561-2001	专业技术职务代码	685	审计员	
人口学及社会经济学特征	GB/T 8561-2001	专业技术职务代码	690	法医专业人员	
人口学及社会经济学特征	GB/T 8561-2001	专业技术职务代码	691	主任法医师	
人口学及社会经济学特征	GB/T 8561-2001	专业技术职务代码	692	副主任法医师	
人口学及社会经济学特征	GB/T 8561-2001	专业技术职务代码	693	主检法医师	
人口学及社会经济学特征	GB/T 8561-2001	专业技术职务代码	694	法医师	
人口学及社会经济学特征	GB/T 8561-2001	专业技术职务代码	695	法医士	
人口学及社会经济学特征	GB/T 8561-2001	专业技术职务代码	70	实验技术人员	
人口学及社会经济学特征	GB/T 8561-2001	专业技术职务代码	72	高级实验师	
人口学及社会经济学特征	GB/T 8561-2001	专业技术职务代码	73	实验师	
人口学及社会经济学特征	GB/T 8561-2001	专业技术职务代码	74	助理实验师	
人口学及社会经济学特征	GB/T 8561-2001	专业技术职务代码	75	实验员	
人口学及社会经济学特征	GB/T 8561-2001	专业技术职务代码	80	工程技术人员	
人口学及社会经济学特征	GB/T 8561-2001	专业技术职务代码	82	高级工程师	
人口学及社会经济学特征	GB/T 8561-2001	专业技术职务代码	83	工程师	
人口学及社会经济学特征	GB/T 8561-2001	专业技术职务代码	84	助理工程师	
人口学及社会经济学特征	GB/T 8561-2001	专业技术职务代码	85	技术员	
人口学及社会经济学特征	GB/T 8561-2001	专业技术职务代码	90	农业技术人员（农艺）	
人口学及社会经济学特征	GB/T 8561-2001	专业技术职务代码	92	高级农艺师	
人口学及社会经济学特征	GB/T 8561-2001	专业技术职务代码	93	农艺师	
人口学及社会经济学特征	GB/T 8561-2001	专业技术职务代码	94	助理农艺师	
人口学及社会经济学特征	GB/T 8561-2001	专业技术职务代码	95	农业技术员	
人口学及社会经济学特征	GB/T 8561-2001	专业技术职务代码	980	思想政治工作人员	
人口学及社会经济学特征	GB/T 8561-2001	专业技术职务代码	982	高级政工师	
人口学及社会经济学特征	GB/T 8561-2001	专业技术职务代码	983	政工师	
人口学及社会经济学特征	GB/T 8561-2001	专业技术职务代码	984	助理政工师	
人口学及社会经济学特征	GB/T 8561-2001	专业技术职务代码	985	政工员	
人口学及社会经济学特征	GB/T 8561-2001	专业技术职务代码	None	None	
人口学及社会经济学特征	GB/T 12407-2008	职务级别代码	1	务员职务级别	
人口学及社会经济学特征	GB/T 12407-2008	职务级别代码	101	国家级正职	
人口学及社会经济学特征	GB/T 12407-2008	职务级别代码	102	国家级副职	
人口学及社会经济学特征	GB/T 12407-2008	职务级别代码	111	省部级正职	
人口学及社会经济学特征	GB/T 12407-2008	职务级别代码	112	省部级副职	
人口学及社会经济学特征	GB/T 12407-2008	职务级别代码	121	厅局级正职	
人口学及社会经济学特征	GB/T 12407-2008	职务级别代码	122	厅局级副职	
人口学及社会经济学特征	GB/T 12407-2008	职务级别代码	131	县处级正职	
人口学及社会经济学特征	GB/T 12407-2008	职务级别代码	132	县处级副职	
人口学及社会经济学特征	GB/T 12407-2008	职务级别代码	141	乡科级正职	
人口学及社会经济学特征	GB/T 12407-2008	职务级别代码	142	乡科级副职	
人口学及社会经济学特征	GB/T 12407-2008	职务级别代码	150	科员级	
人口学及社会经济学特征	GB/T 12407-2008	职务级别代码	160	办事员级	由150更正成160
人口学及社会经济学特征	GB/T 12407-2008	职务级别代码	199	未定职公务员	
人口学及社会经济学特征	GB/T 12407-2008	职务级别代码	2	职员级别	
人口学及社会经济学特征	GB/T 12407-2008	职务级别代码	211	一级职员	
人口学及社会经济学特征	GB/T 12407-2008	职务级别代码	212	二级职员	
人口学及社会经济学特征	GB/T 12407-2008	职务级别代码	221	三级职员	
人口学及社会经济学特征	GB/T 12407-2008	职务级别代码	222	四级职员	
人口学及社会经济学特征	GB/T 12407-2008	职务级别代码	231	五级职员	
人口学及社会经济学特征	GB/T 12407-2008	职务级别代码	232	六级职员	
人口学及社会经济学特征	GB/T 12407-2008	职务级别代码	241	七级职员	
人口学及社会经济学特征	GB/T 12407-2008	职务级别代码	242	八级职员	
人口学及社会经济学特征	GB/T 12407-2008	职务级别代码	250	九级职员	
人口学及社会经济学特征	GB/T 12407-2008	职务级别代码	260	十级职员	
人口学及社会经济学特征	GB/T 12407-2008	职务级别代码	299	未定级职员	
人口学及社会经济学特征	GB/T 12407-2008	职务级别代码	4	专业技术职务级别	
人口学及社会经济学特征	GB/T 12407-2008	职务级别代码	410	高级	
人口学及社会经济学特征	GB/T 12407-2008	职务级别代码	411	正高级	
人口学及社会经济学特征	GB/T 12407-2008	职务级别代码	412	副高级	
人口学及社会经济学特征	GB/T 12407-2008	职务级别代码	420	中级	
人口学及社会经济学特征	GB/T 12407-2008	职务级别代码	430	初级	
人口学及社会经济学特征	GB/T 12407-2008	职务级别代码	434	助理级	
人口学及社会经济学特征	GB/T 12407-2008	职务级别代码	435	员级	
人口学及社会经济学特征	GB/T 12407-2008	职务级别代码	499	未定职级专业技术人员	
人口学及社会经济学特征	GB/T 8664-2003	学位代码	1	博士	
人口学及社会经济学特征	GB/T 8664-2003	学位代码	2	硕士	
人口学及社会经济学特征	GB/T 8664-2003	学位代码	3	学士	
人口学及社会经济学特征	WHGB/T 8664-2003	学位代码	1	博士	
人口学及社会经济学特征	WHGB/T 8664-2003	学位代码	2	硕士	
人口学及社会经济学特征	WHGB/T 8664-2003	学位代码	3	学士	
人口学及社会经济学特征	WHGB/T 8664-2003	学位代码	9	无	
人口学及社会经济学特征	WHCV02.01.104	患者归属地	1	本县区	
人口学及社会经济学特征	WHCV02.01.104	患者归属地	2	本市其他县区	
人口学及社会经济学特征	WHCV02.01.104	患者归属地	3	本省其他地市	
人口学及社会经济学特征	WHCV02.01.104	患者归属地	4	外省	
人口学及社会经济学特征	WHCV02.01.104	患者归属地	5	港澳台	
人口学及社会经济学特征	WHCV02.01.104	患者归属地	6	外籍	
人口学及社会经济学特征	WHDB02.01.105	人群分类代码	01	幼托儿童	
人口学及社会经济学特征	WHDB02.01.105	人群分类代码	02	散居儿童	
人口学及社会经济学特征	WHDB02.01.105	人群分类代码	03	学生	
人口学及社会经济学特征	WHDB02.01.105	人群分类代码	04	教师	
人口学及社会经济学特征	WHDB02.01.105	人群分类代码	05	保育员及保姆	
人口学及社会经济学特征	WHDB02.01.105	人群分类代码	06	餐饮食品业	
人口学及社会经济学特征	WHDB02.01.105	人群分类代码	07	公共场所服务员	
人口学及社会经济学特征	WHDB02.01.105	人群分类代码	08	商业服务	
人口学及社会经济学特征	WHDB02.01.105	人群分类代码	09	医务人员	
人口学及社会经济学特征	WHDB02.01.105	人群分类代码	10	工人	
人口学及社会经济学特征	WHDB02.01.105	人群分类代码	11	民工	
人口学及社会经济学特征	WHDB02.01.105	人群分类代码	12	农民	
人口学及社会经济学特征	WHDB02.01.105	人群分类代码	13	牧民	
人口学及社会经济学特征	WHDB02.01.105	人群分类代码	14	渔(船)民	
人口学及社会经济学特征	WHDB02.01.105	人群分类代码	15	海员及长途驾驶员	
人口学及社会经济学特征	WHDB02.01.105	人群分类代码	16	干部职员	
人口学及社会经济学特征	WHDB02.01.105	人群分类代码	17	离退人员	
人口学及社会经济学特征	WHDB02.01.105	人群分类代码	18	家务及待业	
人口学及社会经济学特征	WHDB02.01.105	人群分类代码	19	羁押人员	暂不可使用
人口学及社会经济学特征	WHDB02.01.105	人群分类代码	20	不详	
人口学及社会经济学特征	WHDB02.01.105	人群分类代码	99	其他	
体格检查	CT06.00.002	检查方法代码	1	镜检	
体格检查	CT06.00.002	检查方法代码	2	培养	
体格检查	CT06.00.002	检查方法代码	3	血清学	
实验室检查	CT01.00.006	检查结果异常标识	1	正常	
实验室检查	CT01.00.006	检查结果异常标识	2	异常	
实验室检查	CT01.00.006	检查结果异常标识	11	阳性异常	
实验室检查	CT01.00.006	检查结果异常标识	12	阴性异常	
实验室检查	CT01.00.006	检查结果异常标识	21	异常偏高	
实验室检查	CT01.00.006	检查结果异常标识	22	异常偏低	
实验室检查	CT01.00.006	检查结果异常标识	23	无法识别的异常	
实验室检查	CT01.00.008	报告类别代码	01	首次报告	
实验室检查	CT01.00.008	报告类别代码	02	随访报告	
实验室检查	CT01.00.008	报告类别代码	03	总结报告	
实验室检查	CT01.00.008	报告类别代码	04	跟踪报告	
实验室检查	CT01.00.026	血液学检查结果代码	0	未做	
实验室检查	CT01.00.026	血液学检查结果代码	1	阴性	
实验室检查	CT01.00.026	血液学检查结果代码	2	阳性	
实验室检查	WHCT04.50.001	检验报告单类别	1	一般临床检验	检验报告单类别
实验室检查	WHCT04.50.001	检验报告单类别	2	血液学检查	检验报告单类别
实验室检查	WHCT04.50.001	检验报告单类别	3	临床化学检查	检验报告单类别
实验室检查	WHCT04.50.001	检验报告单类别	4	临床免疫学检查	检验报告单类别
实验室检查	WHCT04.50.001	检验报告单类别	5	临床微生物学检查	检验报告单类别
实验室检查	WHCT04.50.001	检验报告单类别	51	细菌检测	检验报告单类别
实验室检查	WHCT04.50.001	检验报告单类别	52	药敏检测	检验报告单类别
实验室检查	WHCT04.50.001	检验报告单类别	6	临床寄生虫学检查	检验报告单类别
实验室检查	WHCT04.50.001	检验报告单类别	7	分子生物学检查	检验报告单类别
实验室检查	WHCT04.50.001	检验报告单类别	99	其它	检验报告单类别
实验室检查	CV04.50.005	ABO血型代码	1	A 型	
实验室检查	CV04.50.005	ABO血型代码	2	B 型	
实验室检查	CV04.50.005	ABO血型代码	3	O 型	
实验室检查	CV04.50.005	ABO血型代码	4	AB 型	
实验室检查	CV04.50.005	ABO血型代码	5	不详	
实验室检查	CV04.50.005	ABO血型代码	9	未查	
实验室检查	CV04.50.021	输血品种代码	1	红细胞	
实验室检查	CV04.50.021	输血品种代码	11	浓缩红细胞	
实验室检查	CV04.50.021	输血品种代码	12	滤白红细胞	
实验室检查	CV04.50.021	输血品种代码	13	红细胞悬液	
实验室检查	CV04.50.021	输血品种代码	14	洗涤红细胞	
实验室检查	CV04.50.021	输血品种代码	15	冰冻红细胞	
实验室检查	CV04.50.021	输血品种代码	16	冰冻解冻去甘油红细胞	
实验室检查	CV04.50.021	输血品种代码	17	Rh 阴性悬浮红细胞	
实验室检查	CV04.50.021	输血品种代码	2	全血	
实验室检查	CV04.50.021	输血品种代码	21	滤白全血	
实验室检查	CV04.50.021	输血品种代码	22	重组全血	
实验室检查	CV04.50.021	输血品种代码	23	Rh 阴性全血	
实验室检查	CV04.50.021	输血品种代码	3	血小板	
实验室检查	CV04.50.021	输血品种代码	31	手工分离浓缩血小板	
实验室检查	CV04.50.021	输血品种代码	32	机采血小板	
实验室检查	CV04.50.021	输血品种代码	33	滤白机采血小板	
实验室检查	CV04.50.021	输血品种代码	34	冷冻机采血小板	
实验室检查	CV04.50.021	输血品种代码	4	血浆	
实验室检查	CV04.50.021	输血品种代码	41	新鲜液体血浆	
实验室检查	CV04.50.021	输血品种代码	42	新鲜冰冻血浆	
实验室检查	CV04.50.021	输血品种代码	43	普通冰冻血浆	
实验室检查	CV04.50.021	输血品种代码	44	滤白病毒灭活冰冻血浆	
实验室检查	CV04.50.021	输血品种代码	45	滤白新鲜冰冻血浆	
实验室检查	CV04.50.021	输血品种代码	46	滤白普通冰冻血浆	
实验室检查	CV04.50.021	输血品种代码	5	冷沉淀	
实验室检查	CV04.50.021	输血品种代码	51	滤白冷沉淀	
实验室检查	CV04.50.021	输血品种代码	6	机采浓缩白细胞悬液	
实验室检查	CV04.50.021	输血品种代码	9	其他	
实验室检查	CV5199.01	检验检查类别代码	1	问询	
实验室检查	CV5199.01	检验检查类别代码	2	物理	
实验室检查	CV5199.01	检验检查类别代码	201	计算机 X 线断层摄影	
实验室检查	CV5199.01	检验检查类别代码	202	核磁共振成像	
实验室检查	CV5199.01	检验检查类别代码	203	数字减影血管造影	
实验室检查	CV5199.01	检验检查类别代码	204	普通 X 光摄影	
实验室检查	CV5199.01	检验检查类别代码	205	特殊 X 光摄影	
实验室检查	CV5199.01	检验检查类别代码	206	超声检查	
实验室检查	CV5199.01	检验检查类别代码	207	病理检查	
实验室检查	CV5199.01	检验检查类别代码	208	内镜检查	
实验室检查	CV5199.01	检验检查类别代码	209	核医学检查	
实验室检查	CV5199.01	检验检查类别代码	299	其他检查项目	
实验室检查	CV5199.01	检验检查类别代码	3	实验室	
实验室检查	CV5199.01	检验检查类别代码	301	临检项目	
实验室检查	CV5199.01	检验检查类别代码	302	血生化项目	
实验室检查	CV5199.01	检验检查类别代码	303	免疫项目	
实验室检查	CV5199.01	检验检查类别代码	304	微生物项目	
实验室检查	CV5199.01	检验检查类别代码	305	血液学项目	
实验室检查	CV5199.01	检验检查类别代码	399	其他检验项目	
实验室检查	CV5199.01	检验检查类别代码	4	心电	
实验室检查	CV5199.01	检验检查类别代码	401	12 导同步心电检查	
实验室检查	CV5199.01	检验检查类别代码	9	影像	
实验室检查	CV04.30.002	常用放射诊断检查技术编码表	B02010ZZZ	颅脑CT平扫加增强扫描	
实验室检查	CV04.30.002	常用放射诊断检查技术编码表	B020ZYZZZ	颅脑CT普通扫描(平扫)	
实验室检查	CV04.30.002	常用放射诊断检查技术编码表	B02910ZZZ	垂体CT平扫加增强扫描	
实验室检查	CV04.30.002	常用放射诊断检查技术编码表	B029ZYZZZ	垂体CT普通扫描(平扫)	
实验室检查	CV04.30.002	常用放射诊断检查技术编码表	B02C10ZZZ	内听道CT平扫加增强扫描	
实验室检查	CV04.30.002	常用放射诊断检查技术编码表	B02CZYZZZ	内听道CT普通扫描(平扫)	
实验室检查	CV04.30.002	常用放射诊断检查技术编码表	B03050ZZZ	颅脑MRI平扫加增强扫描	
实验室检查	CV04.30.002	常用放射诊断检查技术编码表	B0305FZZZ	颅脑MRI灌注成像	
实验室检查	CV04.30.002	常用放射诊断检查技术编码表	B030ZGZZZ	颅脑MRI波谱成像(MRS)	
实验室检查	CV04.30.002	常用放射诊断检查技术编码表	B030ZHZZZ	颅脑MRI扩散加权成像	
实验室检查	CV04.30.002	常用放射诊断检查技术编码表	B030ZJZZZ	颅脑MRI扩散张量成像	
实验室检查	CV04.30.002	常用放射诊断检查技术编码表	B030ZYZZZ	颅脑MRI普通扫描(平扫)	
实验室检查	CV04.30.002	常用放射诊断检查技术编码表	B03950ZZZ	垂体MRI平扫加增强扫描	
实验室检查	CV04.30.002	常用放射诊断检查技术编码表	B039ZYZZZ	垂体MRI普通扫描(平扫)	
实验室检查	CV04.30.002	常用放射诊断检查技术编码表	B03BZYZZZ	脊髓MRI普通扫描(平扫)	
实验室检查	CV04.30.002	常用放射诊断检查技术编码表	B03C50ZZZ	听神经MRI平扫加增强扫描	
实验室检查	CV04.30.002	常用放射诊断检查技术编码表	B03CZYZZZ	听神经MRI普通扫描(平扫)	
实验室检查	CV04.30.002	常用放射诊断检查技术编码表	B03DZYZZZ	三叉神经MRI普通扫描(平扫)	
实验室检查	CV04.30.002	常用放射诊断检查技术编码表	B2063ZZ5Z	X线心脏右前斜位(吞钡)	
实验室检查	CV04.30.002	常用放射诊断检查技术编码表	B206ZZZ4Z	X线心脏左前斜位	
实验室检查	CV04.30.002	常用放射诊断检查技术编码表	B206ZZZZ1	X线心脏后前位	
实验室检查	CV04.30.002	常用放射诊断检查技术编码表	B206ZZZZ6	X线心脏左侧位	
实验室检查	CV04.30.002	常用放射诊断检查技术编码表	B206ZZZZ7	X线心脏右侧位	
实验室检查	CV04.30.002	常用放射诊断检查技术编码表	B2211WZZZ	心脏CT冠状动脉造影	
实验室检查	CV04.30.002	常用放射诊断检查技术编码表	B2261XZZZ	心脏CT付增强扫描	
实验室检查	CV04.30.002	常用放射诊断检查技术编码表	B226ZYZZZ	以及CT普通扫描	
实验室检查	CV04.30.002	常用放射诊断检查技术编码表	B2365WZZZ	心脏MRI冠状动脉造影	
实验室检查	CV04.30.002	常用放射诊断检查技术编码表	B2365XZZZ	心脏MRI增强扫描	
实验室检查	CV04.30.002	常用放射诊断检查技术编码表	B236ZYZZZ	心脏MRI普通扫描	
实验室检查	CV04.30.002	常用放射诊断检查技术编码表	B3201WZZZ	胸部及纵膈血管CT血管造影	
实验室检查	CV04.30.002	常用放射诊断检查技术编码表	B3251WZZZ	颈部CT血管造影	
实验室检查	CV04.30.002	常用放射诊断检查技术编码表	B32G1WZZZ	椎动脉CT血管造影	
实验室检查	CV04.30.002	常用放射诊断检查技术编码表	B32H1WZZZ	右侧上肢动脉CT血管造影	
实验室检查	CV04.30.002	常用放射诊断检查技术编码表	B32J1WZZZ	左侧上肢动脉CT血管造影	
实验室检查	CV04.30.002	常用放射诊断检查技术编码表	B32P1WZZZ	胸、腹主动脉CT血管影	
实验室检查	CV04.30.002	常用放射诊断检查技术编码表	B32R1WZZZ	颅脑CT血管造影	
实验室检查	CV04.30.002	常用放射诊断检查技术编码表	B32W1WZZZ	肺动脉CT血管造影	
实验室检查	CV04.30.002	常用放射诊断检查技术编码表	B3305WZZZ	胸部及纵膈血管MRI血管造影(用造影剂)	
实验室检查	CV04.30.002	常用放射诊断检查技术编码表	B330ZWZZZ	胸部及纵膈血管MRI血管造影(不用造影剂)	
实验室检查	CV04.30.002	常用放射诊断检查技术编码表	B3355WZZZ	颈动脉MRI血管造影(用造影剂)	
实验室检查	CV04.30.002	常用放射诊断检查技术编码表	B335ZWZZZ	颈动脉MRI血管造影(不用造影剂)	
实验室检查	CV04.30.002	常用放射诊断检查技术编码表	B33G5WZZZ	椎动脉MRI血管造影(用造影剂)	
实验室检查	CV04.30.002	常用放射诊断检查技术编码表	B33GZWZZZ	椎动脉MRI血管造影(不用造影剂)	
实验室检查	CV04.30.002	常用放射诊断检查技术编码表	B33H5WZZZ	右侧上肢动脉MRI血管造影(用造影剂)	
实验室检查	CV04.30.002	常用放射诊断检查技术编码表	B33HZWZZZ	右侧上肢动脉MRI血管造影(不用造影剂)	
实验室检查	CV04.30.002	常用放射诊断检查技术编码表	B33J5WZZZ	左侧上肢动脉MRI血管造影(用造影剂)	
实验室检查	CV04.30.002	常用放射诊断检查技术编码表	B33JZWZZZ	左侧上肢动脉MRI血管造影(不用造影剂)	
实验室检查	CV04.30.002	常用放射诊断检查技术编码表	B33P5WZZZ	胸、腹主动脉MRI血管造影用造影剂)	
实验室检查	CV04.30.002	常用放射诊断检查技术编码表	B33PZWZZZ	胸、腹主动脉MRI血管造影(不用造影剂)	
实验室检查	CV04.30.002	常用放射诊断检查技术编码表	B33R5WZZZ	颅脑血管造影(用造影剂)，MRI	
实验室检查	CV04.30.002	常用放射诊断检查技术编码表	B33RZWZZZ	颅脑血管造影(不用造影剂)，MRI	
实验室检查	CV04.30.002	常用放射诊断检查技术编码表	B33W5WZZZ	肺动脉MRI血管造影(用造影剂)	
实验室检查	CV04.30.002	常用放射诊断检查技术编码表	B33WZWZZZ	肺动脉MRI血管造影(不用造影剂)	
实验室检查	CV04.30.002	常用放射诊断检查技术编码表	B3D50ZZZ	三叉神经MRI平扫加增强扫描	
实验室检查	CV04.30.002	常用放射诊断检查技术编码表	B4201WZZZ	腹主动脉CT造影	
实验室检查	CV04.30.002	常用放射诊断检查技术编码表	B4211WZZZ	腹腔干 腹腔动脉CT造影	
实验室检查	CV04.30.002	常用放射诊断检查技术编码表	B4221WZZZ	肝动脉CT造影	
实验室检查	CV04.30.002	常用放射诊断检查技术编码表	B4231WZZZ	脾动脉CT造影	
实验室检查	CV04.30.002	常用放射诊断检查技术编码表	B4241WZZZ	肠系膜上动脉CT造影	
实验室检查	CV04.30.002	常用放射诊断检查技术编码表	B4251WZZZ	肠系膜下动脉CT造影	
实验室检查	CV04.30.002	常用放射诊断检查技术编码表	B4281WZZZ	两侧肾动脉CT造影	
实验室检查	CV04.30.002	常用放射诊断检查技术编码表	B42H1WZZZ	两侧下肢动脑CT造影	
实验室检查	CV04.30.002	常用放射诊断检查技术编码表	B42M1WZZZ	移植肾动脉CT造影	
实验室检查	CV04.30.002	常用放射诊断检查技术编码表	B42P1WZZZ	髂动脉CT造影	
实验室检查	CV04.30.002	常用放射诊断检查技术编码表	B4305WZZZ	腹主动脉MRI造影(用造影剂)	
实验室检查	CV04.30.002	常用放射诊断检查技术编码表	B430ZWZZZ	腹主动脉MRI造影(不用造影剂)	
实验室检查	CV04.30.002	常用放射诊断检查技术编码表	B4315WZZZ	腹腔干 腹腔动脉MRI造影(用造影剂)	
实验室检查	CV04.30.002	常用放射诊断检查技术编码表	B431ZWZZZ	腹腔干 腹腔动脉MRI造影(不用造影剂)	
实验室检查	CV04.30.002	常用放射诊断检查技术编码表	B4325WZZZ	肝动脉MRI造影(用造影剂)	
实验室检查	CV04.30.002	常用放射诊断检查技术编码表	B432ZWZZZ	肝动脉MRI造影(不用造影剂)	
实验室检查	CV04.30.002	常用放射诊断检查技术编码表	B4335WZZZ	脾动脉MRI造影(用造影剂)	
实验室检查	CV04.30.002	常用放射诊断检查技术编码表	B433ZWZZZ	脾动脉MRI造影(不用造影剂)	
实验室检查	CV04.30.002	常用放射诊断检查技术编码表	B4345WZZZ	肠系膜上动脉MRI造影(用造影剂)	
实验室检查	CV04.30.002	常用放射诊断检查技术编码表	B434ZWZZZ	肠系膜上动脉MRI造影(不用造影剂)	
实验室检查	CV04.30.002	常用放射诊断检查技术编码表	B4355WZZZ	肠系膜下动脉MRI造影(用造影剂)	
实验室检查	CV04.30.002	常用放射诊断检查技术编码表	B435ZWZZZ	肠系膜下动脉MRI造影(不用造影剂)	
实验室检查	CV04.30.002	常用放射诊断检查技术编码表	B4385WZZZ	两侧肾动脉MRI造影(用造影剂)	
实验室检查	CV04.30.002	常用放射诊断检查技术编码表	B438ZWZZZ	两侧肾动脉MRI造影(不用造影剂)	
实验室检查	CV04.30.002	常用放射诊断检查技术编码表	B43H5WZZZ	两侧下肢动脑MRI造影(用造影剂)	
实验室检查	CV04.30.002	常用放射诊断检查技术编码表	B43HZWZZZ	两侧下肢动脉MRI造影(不用造影)	
实验室检查	CV04.30.002	常用放射诊断检查技术编码表	B43M5WZZZ	移植肾动脉MRI造影(用造影剂)	
实验室检查	CV04.30.002	常用放射诊断检查技术编码表	B43MZWZZZ	移植肾动脉MRI造影(不用造影剂)	
实验室检查	CV04.30.002	常用放射诊断检查技术编码表	B43P5WZZZ	髂动脉MRI造影(用造影剂)	
实验室检查	CV04.30.002	常用放射诊断检查技术编码表	B43PZWZZZ	髂动脉MRI造影(不用造影剂)	
实验室检查	CV04.30.002	常用放射诊断检查技术编码表	B50B0ZZZ	右侧X线下肢静脉造影	
实验室检查	CV04.30.002	常用放射诊断检查技术编码表	B50C0ZZZ	左侧X线下肢静脉造影	
实验室检查	CV04.30.002	常用放射诊断检查技术编码表	B50D0ZZZ	两侧X线下肢静脉造影	
实验室检查	CV04.30.002	常用放射诊断检查技术编码表	B52T1WZZZ	门静脉和脾静脉CT血管造影	
实验室检查	CV04.30.002	常用放射诊断检查技术编码表	B531Z	大脑和小脑静脉MRI成像(SWI)	
实验室检查	CV04.30.002	常用放射诊断检查技术编码表	B532ZWZZZ	脑内静脉窦MRI成像	
实验室检查	CV04.30.002	常用放射诊断检查技术编码表	B533ZWZZZ	右侧颈静脉MRI造影	
实验室检查	CV04.30.002	常用放射诊断检查技术编码表	B534ZWZZZ	左侧颈静脉MRI造影	
实验室检查	CV04.30.002	常用放射诊断检查技术编码表	B535ZWZZZ	两侧颈静脉MRI造影	
实验室检查	CV04.30.002	常用放射诊断检查技术编码表	B536ZWZZZ	右侧锁骨下静脉MRI造影	
实验室检查	CV04.30.002	常用放射诊断检查技术编码表	B5375WZZZ	门静脉和脾静脉MRI血管造影	
实验室检查	CV04.30.002	常用放射诊断检查技术编码表	B537ZWZZZ	左侧锁骨下静脉MRI造影	
实验室检查	CV04.30.002	常用放射诊断检查技术编码表	B538ZWZZZ	上腔静脉MRI造影	
实验室检查	CV04.30.002	常用放射诊断检查技术编码表	B539ZWZZZ	下腔静脉MRI造影	
实验室检查	CV04.30.002	常用放射诊断检查技术编码表	B53HZWZZZ	两侧盆(髂)静脉MRI造影	
实验室检查	CV04.30.002	常用放射诊断检查技术编码表	B8020ZZZZ	X线泪管造影	
实验室检查	CV04.30.002	常用放射诊断检查技术编码表	B83550ZZZ	右眼部MRI平扫加增强扫描	
实验室检查	CV04.30.002	常用放射诊断检查技术编码表	B835ZYZZZ	右眼部MRI普通扫描	
实验室检查	CV04.30.002	常用放射诊断检查技术编码表	B83650ZZZ	左眼部MRI平扫加增强扫描	
实验室检查	CV04.30.002	常用放射诊断检查技术编码表	B836ZYZZZ	左眼部MRI普通扫描	
实验室检查	CV04.30.002	常用放射诊断检查技术编码表	B83750ZZZ	双眼部MRI平扫加增强扫描	
实验室检查	CV04.30.002	常用放射诊断检查技术编码表	B837ZYZZZ	双眼部MRI普通扫描	
实验室检查	CV04.30.002	常用放射诊断检查技术编码表	B902AZZZZ	X线副鼻窦华氏位(Water)	
实验室检查	CV04.30.002	常用放射诊断检查技术编码表	B902BZZZZ	X线副鼻窦柯氏位(Caldwell)	
实验室检查	CV04.30.002	常用放射诊断检查技术编码表	B902ZZZ1Z	X线副鼻窦侧位	
实验室检查	CV04.30.002	常用放射诊断检查技术编码表	B92210ZZZ	CT鼻旁窦平扫加增强扫描	
实验室检查	CV04.30.002	常用放射诊断检查技术编码表	B922ZYZZZ	CT鼻旁窦普通扫描(平扫)	
实验室检查	CV04.30.002	常用放射诊断检查技术编码表	B92B10ZZZ	唾液腺CT平扫加增加扫描	
实验室检查	CV04.30.002	常用放射诊断检查技术编码表	B92BZYZZZ	唾液腺CT普通扫描(平扫)	
实验室检查	CV04.30.002	常用放射诊断检查技术编码表	B92F10ZZZ	鼻咽部CT平扫加增强扫描	
实验室检查	CV04.30.002	常用放射诊断检查技术编码表	B92FZYZZZ	鼻咽部CT普通扫描(平扫)	
实验室检查	CV04.30.002	常用放射诊断检查技术编码表	B92J20ZZZ	喉部CT平扫加增强扫描	
实验室检查	CV04.30.002	常用放射诊断检查技术编码表	B92JZYZZZ	喉部CT普通扫描(平扫)	
实验室检查	CV04.30.002	常用放射诊断检查技术编码表	B93050ZZZ	耳部平MRI扫加增强扫描	
实验室检查	CV04.30.002	常用放射诊断检查技术编码表	B930ZYZZZ	耳部MRI普通扫描	
实验室检查	CV04.30.002	常用放射诊断检查技术编码表	B93F50ZZZ	鼻咽口咽部平MRI扫加增强扫描	
实验室检查	CV04.30.002	常用放射诊断检查技术编码表	B93FZYZZZ	鼻咽口咽部MRI普通扫描	
实验室检查	CV04.30.002	常用放射诊断检查技术编码表	B93J50ZZZ	喉部MRI平扫加增强扫描	
实验室检查	CV04.30.002	常用放射诊断检查技术编码表	B93JZYZZZ	喉部MRI普通扫描	
实验室检查	CV04.30.002	常用放射诊断检查技术编码表	BB04ZZZ21	X线胸部侧卧后前位	
实验室检查	CV04.30.002	常用放射诊断检查技术编码表	BB04ZZZ4Z	X线胸部左前斜位	
实验室检查	CV04.30.002	常用放射诊断检查技术编码表	BB04ZZZ5Z	X线胸部右前斜位	
实验室检查	CV04.30.002	常用放射诊断检查技术编码表	BB04ZZZSZ	X线胸部前弓位	
实验室检查	CV04.30.002	常用放射诊断检查技术编码表	BB04ZZZZ1	X线胸部后前位	
实验室检查	CV04.30.002	常用放射诊断检查技术编码表	BB04ZZZZ6	X线胸部左侧位	
实验室检查	CV04.30.002	常用放射诊断检查技术编码表	BB04ZZZZ7	X线胸部右侧位	
实验室检查	CV04.30.002	常用放射诊断检查技术编码表	BB0GZZZZ0	X线胸部肺尖前后位	
实验室检查	CV04.30.002	常用放射诊断检查技术编码表	BB2410ZZZ	肺部CT平扫加增强扫描	
实验室检查	CV04.30.002	常用放射诊断检查技术编码表	BB24ZBZZZ	肺部CT高分辨率扫描	
实验室检查	CV04.30.002	常用放射诊断检查技术编码表	BB24ZYZZZ	肺部CT普通扫描	
实验室检查	CV04.30.002	常用放射诊断检查技术编码表	BB3C50ZZZ	纵膈MRI平扫加增强扫描	
实验室检查	CV04.30.002	常用放射诊断检查技术编码表	BB3CZYZZZ	纵膈MRI普通扫描	
实验室检查	CV04.30.002	常用放射诊断检查技术编码表	BD0	结肠运行试验	
实验室检查	CV04.30.002	常用放射诊断检查技术编码表	BD013ZZZZ	食道钡餐	
实验室检查	CV04.30.002	常用放射诊断检查技术编码表	BD033Z2ZZ	口服钡餐+双向注气法小肠双对比造影	
实验室检查	CV04.30.002	常用放射诊断检查技术编码表	BD033Z3ZZ	小肠钡剂灌肠造影	
实验室检查	CV04.30.002	常用放射诊断检查技术编码表	BD033ZZZZ	口服钡餐追踪小肠造影	
实验室检查	CV04.30.002	常用放射诊断检查技术编码表	BD0433ZZZ	急诊结肠钡剂灌肠造影	
实验室检查	CV04.30.002	常用放射诊断检查技术编码表	BD043Z4ZZ	双对比结肠钡灌肠造影	
实验室检查	CV04.30.002	常用放射诊断检查技术编码表	BD053ZZZZ	上消化道造影	
实验室检查	CV04.30.002	常用放射诊断检查技术编码表	BD0C3ZZZZ	直肠排便钡剂造影	
实验室检查	CV04.30.002	常用放射诊断检查技术编码表	BD2210ZZZ	胃平扫加增强扫描,CT	
实验室检查	CV04.30.002	常用放射诊断检查技术编码表	BD22ZYZZZ	胃普通扫描,CT	
实验室检查	CV04.30.002	常用放射诊断检查技术编码表	BD2310ZZZ	小肠平扫加增强扫描,CT	
实验室检查	CV04.30.002	常用放射诊断检查技术编码表	BD23ZYZZZ	小肠普通扫描,CT	
实验室检查	CV04.30.002	常用放射诊断检查技术编码表	BD241YZZZ	结肠平扫加增强扫描,CT	
实验室检查	CV04.30.002	常用放射诊断检查技术编码表	BD24ZYZZZ	结肠普通扫描,CT	
实验室检查	CV04.30.002	常用放射诊断检查技术编码表	BD2910ZZZ	十二指肠平扫加增强扫描,CT	
实验室检查	CV04.30.002	常用放射诊断检查技术编码表	BD29ZYZZZ	十二指肠普通扫描,CT	
实验室检查	CV04.30.002	常用放射诊断检查技术编码表	BD2C1YZZZ	直肠平扫加增强扫描,CT	
实验室检查	CV04.30.002	常用放射诊断检查技术编码表	BD2CZYZZZ	直肠普通扫描,CT	
实验室检查	CV04.30.002	常用放射诊断检查技术编码表	BF000ZPZZ	经皮穿刺胆道造影	
实验室检查	CV04.30.002	常用放射诊断检查技术编码表	BF000ZRZZ	经引流管(T字管)胆道造影	
实验室检查	CV04.30.002	常用放射诊断检查技术编码表	BF00QZQZZ	经内镜逆行胆胰管造影	
实验室检查	CV04.30.002	常用放射诊断检查技术编码表	BF2	口服CT胆囊造影	
实验室检查	CV04.30.002	常用放射诊断检查技术编码表	BF221YZZZ	胆囊CT平扫加增强扫描	
实验室检查	CV04.30.002	常用放射诊断检查技术编码表	BF22ZYZZZ	胆囊CT普通扫描	
实验室检查	CV04.30.002	常用放射诊断检查技术编码表	BF251YZZZ	肝脏CT平扫加增强扫描	
实验室检查	CV04.30.002	常用放射诊断检查技术编码表	BF25ZYZZZ	肝脏CT普通扫描	
实验室检查	CV04.30.002	常用放射诊断检查技术编码表	BF261YZZZ	脾脏 CT平扫加增强扫描	
实验室检查	CV04.30.002	常用放射诊断检查技术编码表	BF26ZYZZZ	脾脏 CT普通扫描	
实验室检查	CV04.30.002	常用放射诊断检查技术编码表	BF271YZZZ	胰腺CT平扫加增强扫描	
实验室检查	CV04.30.002	常用放射诊断检查技术编码表	BF27ZYZZZ	胰腺CT普通扫描	
实验室检查	CV04.30.002	常用放射诊断检查技术编码表	BF34	胆囊、胆管和胰管MRI水成像(MRCP)	
实验室检查	CV04.30.002	常用放射诊断检查技术编码表	BF3550ZZZ	肝脏MRI平扫加增强扫描	
实验室检查	CV04.30.002	常用放射诊断检查技术编码表	BF35ZYZZZ	肝脏MRI普通扫描	
实验室检查	CV04.30.002	常用放射诊断检查技术编码表	BF3750ZZZ	胰腺 MRI平扫加增强扫描	
实验室检查	CV04.30.002	常用放射诊断检查技术编码表	BF37ZYZZZ	胰腺MRI普通扫描	
实验室检查	CV04.30.002	常用放射诊断检查技术编码表	BG201YZZZ	肾上腺CT平扫加增强扫描	
实验室检查	CV04.30.002	常用放射诊断检查技术编码表	BG20ZYZZZ	肾上腺CT普通扫描	
实验室检查	CV04.30.002	常用放射诊断检查技术编码表	BG241YZZZ	甲状腺CT增强扫描	
实验室检查	CV04.30.002	常用放射诊断检查技术编码表	BG24ZYZZZ	甲状腺CT普通扫描	
实验室检查	CV04.30.002	常用放射诊断检查技术编码表	BG350ZZZ	肾上腺MRI平扫加增强扫描	
实验室检查	CV04.30.002	常用放射诊断检查技术编码表	BG3ZYZZZ	肾上腺MRI普通扫描	
实验室检查	CV04.30.002	常用放射诊断检查技术编码表	BH000ZFZG	右侧乳腺导管造影	
实验室检查	CV04.30.002	常用放射诊断检查技术编码表	BH00ZZZZG	右侧X线乳腺摄影	
实验室检查	CV04.30.002	常用放射诊断检查技术编码表	BH010ZFZG	左侧乳腺导管造影	
实验室检查	CV04.30.002	常用放射诊断检查技术编码表	BH01ZZZZG	左侧X线乳腺摄影	
实验室检查	CV04.30.002	常用放射诊断检查技术编码表	BH020ZFZG	双侧乳腺导管造影	
实验室检查	CV04.30.002	常用放射诊断检查技术编码表	BH02ZZZZG	双侧X线乳腺摄影	
实验室检查	CV04.30.002	常用放射诊断检查技术编码表	BH325AZZZ	双侧乳腺MRI平扫加(动态)增强扫描	
实验室检查	CV04.30.002	常用放射诊断检查技术编码表	BH32ZYZZZ	双侧乳腺MRI普通扫描	
实验室检查	CV04.30.002	常用放射诊断检查技术编码表	BN00ZZZ03	X线头颅前后轴位(头颅汤氏位)	
实验室检查	CV04.30.002	常用放射诊断检查技术编码表	BN00ZZZ11	X线头颅后前位	
实验室检查	CV04.30.002	常用放射诊断检查技术编码表	BN00ZZZ1A	X线头颅侧位	
实验室检查	CV04.30.002	常用放射诊断检查技术编码表	BN03ZZZ11	X线眼眶后前位	
实验室检查	CV04.30.002	常用放射诊断检查技术编码表	BN03ZZZ1A	X线眼眶侧位	
实验室检查	CV04.30.002	常用放射诊断检查技术编码表	BN04ZZZ1A	X线鼻骨侧位	
实验室检查	CV04.30.002	常用放射诊断检查技术编码表	BN06ZZZ1A	X线下颌骨侧位	
实验室检查	CV04.30.002	常用放射诊断检查技术编码表	BN09ZZ51A	X线颞颌关节张口闭口位	
实验室检查	CV04.30.002	常用放射诊断检查技术编码表	BN0LZZZ03	X线蝶鞍前后轴位	
实验室检查	CV04.30.002	常用放射诊断检查技术编码表	BN0LZZZ11	X线蝶鞍后前位	
实验室检查	CV04.30.002	常用放射诊断检查技术编码表	BN0LZZZ1A	X线蝶鞍侧位 sella Turcica	
实验室检查	CV04.30.002	常用放射诊断检查技术编码表	BN0MZZZ02	X线颅底轴位 subment0vertical(SMV)	
实验室检查	CV04.30.002	常用放射诊断检查技术编码表	BN0NZZZCZ	颞骨岩部前后位,X线	
实验室检查	CV04.30.002	常用放射诊断检查技术编码表	BN0NZZZGZ	颞骨岩部轴位,X线	
实验室检查	CV04.30.002	常用放射诊断检查技术编码表	BN0NZZZHZ	颞骨岩部后前斜位,X线	
实验室检查	CV04.30.002	常用放射诊断检查技术编码表	BN0PZZZDZ	X线颞骨乳突伦氏位	
实验室检查	CV04.30.002	常用放射诊断检查技术编码表	BN0PZZZFZ	X线颞骨乳突许氏位	
实验室检查	CV04.30.002	常用放射诊断检查技术编码表	BN0QZZZ00	颞骨茎突前后位,X线	
实验室检查	CV04.30.002	常用放射诊断检查技术编码表	BN0QZZZ1A	颞骨茎突侧位(张口),X线	
实验室检查	CV04.30.002	常用放射诊断检查技术编码表	BN2310ZZZ	CT眼眶平扫加增强扫描	
实验室检查	CV04.30.002	常用放射诊断检查技术编码表	BN23ZYZZZ	CT眼眶普通扫描(平扫)	
实验室检查	CV04.30.002	常用放射诊断检查技术编码表	BN25ZUZZZ	CT颅面骨薄层扫描(3D VR)	
实验室检查	CV04.30.002	常用放射诊断检查技术编码表	BN26ZUZZZ	CT下颌骨薄层扫描(3D VR)	
实验室检查	CV04.30.002	常用放射诊断检查技术编码表	BN2FZUZZZ	CT颞骨高分辨率扫描	
实验室检查	CV04.30.002	常用放射诊断检查技术编码表	BN2JZUZZZ	CT牙齿薄层扫描(3D VR)	
实验室检查	CV04.30.002	常用放射诊断检查技术编码表	BN2L10ZZZ	CT蝶鞍平扫加增强扫描	
实验室检查	CV04.30.002	常用放射诊断检查技术编码表	BN2LZYZZZ	CT蝶鞍普通扫描(平扫)	
实验室检查	CV04.30.002	常用放射诊断检查技术编码表	BN39ZYZZZ	颞下颌关节MRI普通扫描	
实验室检查	CV04.30.002	常用放射诊断检查技术编码表	BP02ZZZ01	X线双侧胸锁关节后前位	
实验室检查	CV04.30.002	常用放射诊断检查技术编码表	BP02ZZZ07	X线双侧胸锁关节后前斜位	
实验室检查	CV04.30.002	常用放射诊断检查技术编码表	BP03ZZZ11	X线双侧肩锁关节后前位	
实验室检查	CV04.30.002	常用放射诊断检查技术编码表	BP06ZZZ80	X线右侧肩胛骨前后位	
实验室检查	CV04.30.002	常用放射诊断检查技术编码表	BP06ZZZZA	X线右侧肩胛骨侧位	
实验室检查	CV04.30.002	常用放射诊断检查技术编码表	BP07ZZZ80	X线左侧肩胛骨前后位	
实验室检查	CV04.30.002	常用放射诊断检查技术编码表	BP07ZZZZA	X线左侧肩胛骨侧位	
实验室检查	CV04.30.002	常用放射诊断检查技术编码表	BP08ZZZ02	X线右侧肩关节仰卧轴位	
实验室检查	CV04.30.002	常用放射诊断检查技术编码表	BP08ZZZ80	X线右侧肩关节前后位	
实验室检查	CV04.30.002	常用放射诊断检查技术编码表	BP08ZZZVZ	X线右侧肩关节冈上肌出口位	
实验室检查	CV04.30.002	常用放射诊断检查技术编码表	BP08ZZZZD	X线右侧肩关节穿胸位	
实验室检查	CV04.30.002	常用放射诊断检查技术编码表	BP09ZZZ02	X线左侧肩关节仰卧轴位	
实验室检查	CV04.30.002	常用放射诊断检查技术编码表	BP09ZZZ80	X线左侧肩关节前后位	
实验室检查	CV04.30.002	常用放射诊断检查技术编码表	BP09ZZZVZ	X线左侧肩关节冈上肌出口位	
实验室检查	CV04.30.002	常用放射诊断检查技术编码表	BP09ZZZZD	X线左侧肩关节穿胸位	
实验室检查	CV04.30.002	常用放射诊断检查技术编码表	BP0AZZZ80	X线右侧肱骨前后位	
实验室检查	CV04.30.002	常用放射诊断检查技术编码表	BP0AZZZ8A	X线右侧肱骨侧位	
实验室检查	CV04.30.002	常用放射诊断检查技术编码表	BP0BZZZ80	X线左侧肱骨前后位	
实验室检查	CV04.30.002	常用放射诊断检查技术编码表	BP0BZZZ8A	X线左侧肱骨侧位	
实验室检查	CV04.30.002	常用放射诊断检查技术编码表	BP0GZZZZ0	X线右侧肘关节前后位	
实验室检查	CV04.30.002	常用放射诊断检查技术编码表	BP0GZZZZ2	X线右侧肘关节轴位	
实验室检查	CV04.30.002	常用放射诊断检查技术编码表	BP0GZZZZA	X线右侧肘关节侧位	
实验室检查	CV04.30.002	常用放射诊断检查技术编码表	BP0HZZZZ0	X线左侧肘关节前后位	
实验室检查	CV04.30.002	常用放射诊断检查技术编码表	BP0HZZZZ2	X线左侧肘关节轴位	
实验室检查	CV04.30.002	常用放射诊断检查技术编码表	BP0HZZZZA	X线左侧肘关节侧位	
实验室检查	CV04.30.002	常用放射诊断检查技术编码表	BP0JZZZZ0	X线右侧尺桡骨前后位	
实验室检查	CV04.30.002	常用放射诊断检查技术编码表	BP0JZZZZA	X线右侧尺桡骨侧位	
实验室检查	CV04.30.002	常用放射诊断检查技术编码表	BP0KZZZM1	X线左侧腕关节尺侧偏展位	
实验室检查	CV04.30.002	常用放射诊断检查技术编码表	BP0KZZZZ0	X线左侧尺桡骨前后位	
实验室检查	CV04.30.002	常用放射诊断检查技术编码表	BP0KZZZZ1	X线左侧腕关节后前位	
实验室检查	CV04.30.002	常用放射诊断检查技术编码表	BP0KZZZZ2	X线左侧腕关节轴位	
实验室检查	CV04.30.002	常用放射诊断检查技术编码表	BP0KZZZZ7	X线左侧腕关节后前斜位	
实验室检查	CV04.30.002	常用放射诊断检查技术编码表	BP0KZZZZA	X线左侧尺桡骨侧位	
实验室检查	CV04.30.002	常用放射诊断检查技术编码表	BP0KZZZZA	X线左侧腕关节侧位	
实验室检查	CV04.30.002	常用放射诊断检查技术编码表	BP0LZZZM1	X线右侧腕关节尺侧偏展位	
实验室检查	CV04.30.002	常用放射诊断检查技术编码表	BP0LZZZZ1	X线右侧腕关节后前位	
实验室检查	CV04.30.002	常用放射诊断检查技术编码表	BP0LZZZZ2	X线右侧腕关节轴位	
实验室检查	CV04.30.002	常用放射诊断检查技术编码表	BP0LZZZZ7	X线右侧腕关节后前斜位	
实验室检查	CV04.30.002	常用放射诊断检查技术编码表	BP0LZZZZA	X线右侧腕关节侧位	
实验室检查	CV04.30.002	常用放射诊断检查技术编码表	BP0NZZZZ1	X线右侧手后前位	
实验室检查	CV04.30.002	常用放射诊断检查技术编码表	BP0NZZZZ6	X线右侧手前后斜位	
实验室检查	CV04.30.002	常用放射诊断检查技术编码表	BP0NZZZZ7	X线右侧手后前斜位	
实验室检查	CV04.30.002	常用放射诊断检查技术编码表	BP0NZZZZA	X线右侧手侧位	
实验室检查	CV04.30.002	常用放射诊断检查技术编码表	BP0PZZZZ1	X线左侧手后前位	
实验室检查	CV04.30.002	常用放射诊断检查技术编码表	BP0PZZZZ6	X线左侧手前后斜位	
实验室检查	CV04.30.002	常用放射诊断检查技术编码表	BP0PZZZZ7	X线左侧手后前斜位	
实验室检查	CV04.30.002	常用放射诊断检查技术编码表	BP0PZZZZA	X线左侧手侧位	
实验室检查	CV04.30.002	常用放射诊断检查技术编码表	BP0WZZZ80	X线肋骨前后位	
实验室检查	CV04.30.002	常用放射诊断检查技术编码表	BP0WZZZ81	X线肋骨后前位	
实验室检查	CV04.30.002	常用放射诊断检查技术编码表	BP0WZZZ86	X线肋骨前后斜位	
实验室检查	CV04.30.002	常用放射诊断检查技术编码表	BP0WZZZ87	X线肋骨后前斜位	
实验室检查	CV04.30.002	常用放射诊断检查技术编码表	BP0XZZC80	X线右侧膈上肋骨前后位	
实验室检查	CV04.30.002	常用放射诊断检查技术编码表	BP0XZZC81	X线右侧膈上肋骨后前位	
实验室检查	CV04.30.002	常用放射诊断检查技术编码表	BP0XZZC86	X线右侧膈上肋骨前后斜位	
实验室检查	CV04.30.002	常用放射诊断检查技术编码表	BP0XZZC87	X线右侧膈上肋骨后前斜位	
实验室检查	CV04.30.002	常用放射诊断检查技术编码表	BP0XZZD80	X线右侧膈下肋骨前后位	
实验室检查	CV04.30.002	常用放射诊断检查技术编码表	BP0XZZD81	X线右侧膈下肋骨后前位	
实验室检查	CV04.30.002	常用放射诊断检查技术编码表	BP0XZZD86	X线右侧膈下肋骨前后斜位	
实验室检查	CV04.30.002	常用放射诊断检查技术编码表	BP0XZZD87	X线右侧膈下肋骨后前斜位	
实验室检查	CV04.30.002	常用放射诊断检查技术编码表	BP0YZZC80	X线左侧膈上肋骨前后位	
实验室检查	CV04.30.002	常用放射诊断检查技术编码表	BP0YZZC81	X线左侧膈上肋骨后前位	
实验室检查	CV04.30.002	常用放射诊断检查技术编码表	BP0YZZC86	X线左侧膈上肋骨前后斜位	
实验室检查	CV04.30.002	常用放射诊断检查技术编码表	BP0YZZC87	X线左侧膈上肋骨后前斜位	
实验室检查	CV04.30.002	常用放射诊断检查技术编码表	BP0YZZD80	X线左侧膈下肋骨前后位	
实验室检查	CV04.30.002	常用放射诊断检查技术编码表	BP0YZZD81	X线左侧膈下肋骨后前位	
实验室检查	CV04.30.002	常用放射诊断检查技术编码表	BP0YZZD86	X线左侧膈下肋骨前后斜位	
实验室检查	CV04.30.002	常用放射诊断检查技术编码表	BP0YZZD87	X线左侧膈下肋骨后前斜位	
实验室检查	CV04.30.002	常用放射诊断检查技术编码表	BP2810ZZZ	右侧肩关节CT平扫加增强扫描	
实验室检查	CV04.30.002	常用放射诊断检查技术编码表	BP28ZUZZZ	右侧肩关节CT薄层扫描(3D VR处理)	
实验室检查	CV04.30.002	常用放射诊断检查技术编码表	BP2910ZZZ	左侧肩关节CT平扫加增强扫描	
实验室检查	CV04.30.002	常用放射诊断检查技术编码表	BP29ZUZZZ	左侧肩关节CT薄层扫描(3D VR处理)	
实验室检查	CV04.30.002	常用放射诊断检查技术编码表	BP2E10ZZZ	右侧上臂CT平扫加增强扫描	
实验室检查	CV04.30.002	常用放射诊断检查技术编码表	BP2EZUZZZ	右侧上臂CT薄层扫描(3D VR处理)	
实验室检查	CV04.30.002	常用放射诊断检查技术编码表	BP2F10ZZZ	左侧上臂CT平扫加增强扫描	
实验室检查	CV04.30.002	常用放射诊断检查技术编码表	BP2FZUZZZ	左侧上臂CT薄层扫描(3D VR处理)	
实验室检查	CV04.30.002	常用放射诊断检查技术编码表	BP2G10ZZZ	右侧腕关节CT平扫加增强扫描	
实验室检查	CV04.30.002	常用放射诊断检查技术编码表	BP2GZUZZZ	右侧肩关节CT薄层扫描(3D VR处理)	
实验室检查	CV04.30.002	常用放射诊断检查技术编码表	BP2H10ZZZ	左侧肘关节CT平扫加增强扫描	
实验室检查	CV04.30.002	常用放射诊断检查技术编码表	BP2HZUZZZ	左侧肘关节CT薄层扫描(3D VR处理)	
实验室检查	CV04.30.002	常用放射诊断检查技术编码表	BP2J10ZZZ	右侧前臂CT平扫加增强扫描	
实验室检查	CV04.30.002	常用放射诊断检查技术编码表	BP2JZUZZZ	右侧前臂CT薄层扫描(3D VR处理)	
实验室检查	CV04.30.002	常用放射诊断检查技术编码表	BP2K10ZZZ	左侧前臂CT平扫加增强扫描	
实验室检查	CV04.30.002	常用放射诊断检查技术编码表	BP2KZUZZZ	左侧前臂CT薄层扫描(3D VR处理)	
实验室检查	CV04.30.002	常用放射诊断检查技术编码表	BP2L10ZZZ	右侧肘关节CT平扫加增强扫描	
实验室检查	CV04.30.002	常用放射诊断检查技术编码表	BP2LZUZZZ	右侧肘关节CT薄层扫描(3D VR处理)	
实验室检查	CV04.30.002	常用放射诊断检查技术编码表	BP2M10ZZZ	左侧腕关节平扫加CT增强扫描	
实验室检查	CV04.30.002	常用放射诊断检查技术编码表	BP2MZUZZZ	左侧腕关节CT薄层扫描(3D VR处理)	
实验室检查	CV04.30.002	常用放射诊断检查技术编码表	BP2N10ZZZ	右侧腕关节CT平扫加增强扫描	
实验室检查	CV04.30.002	常用放射诊断检查技术编码表	BP2NZUZZZ	右侧手CT薄层扫描(3D VR处理)	
实验室检查	CV04.30.002	常用放射诊断检查技术编码表	BP2P10ZZZ	左侧手平扫加CT增强扫描	
实验室检查	CV04.30.002	常用放射诊断检查技术编码表	BP2PZUZZZ	左侧手CT薄层扫描(3D VR处理)	
实验室检查	CV04.30.002	常用放射诊断检查技术编码表	BP3850ZZZ	右侧肩关节MRI平扫加增强扫描	
实验室检查	CV04.30.002	常用放射诊断检查技术编码表	BP38ZYZZZ	右侧肩关节MRI普通扫描	
实验室检查	CV04.30.002	常用放射诊断检查技术编码表	BP3950ZZZ	左侧肩关节MRI平扫加增强扫描	
实验室检查	CV04.30.002	常用放射诊断检查技术编码表	BP39ZYZZZ	左侧肩关节MRI普通扫描	
实验室检查	CV04.30.002	常用放射诊断检查技术编码表	BP3E50ZZZ	右侧上臂MRI平扫加增强扫描	
实验室检查	CV04.30.002	常用放射诊断检查技术编码表	BP3EZYZZZ	右侧上臂MRI普通扫描	
实验室检查	CV04.30.002	常用放射诊断检查技术编码表	BP3F50ZZZ	左侧上臂MRI平扫加增强扫描	
实验室检查	CV04.30.002	常用放射诊断检查技术编码表	BP3FZYZZZ	左侧上臂MRI普通扫描	
实验室检查	CV04.30.002	常用放射诊断检查技术编码表	BP3G50ZZZ	右侧肘关节MRI平扫加增强扫描	
实验室检查	CV04.30.002	常用放射诊断检查技术编码表	BP3GZYZZZ	右侧肘关节MRI普通扫描	
实验室检查	CV04.30.002	常用放射诊断检查技术编码表	BP3H50ZZZ	左侧肘关节MRI平扫加增强扫描	
实验室检查	CV04.30.002	常用放射诊断检查技术编码表	BP3HZYZZZ	左侧肘关节MRI普通扫描	
实验室检查	CV04.30.002	常用放射诊断检查技术编码表	BP3J50ZZZ	右侧前臂MRI平扫加增强扫描	
实验室检查	CV04.30.002	常用放射诊断检查技术编码表	BP3JZYZZZ	右侧前臂MRI普通扫描	
实验室检查	CV04.30.002	常用放射诊断检查技术编码表	BP3K50ZZZ	左侧前臂MRI平扫加增强扫描	
实验室检查	CV04.30.002	常用放射诊断检查技术编码表	BP3KZYZZZ	左侧前臂MRI普通扫描	
实验室检查	CV04.30.002	常用放射诊断检查技术编码表	BP3L50ZZZ	右侧腕关节MRI平扫加增强扫描	
实验室检查	CV04.30.002	常用放射诊断检查技术编码表	BP3LZYZZZ	右侧腕关节MRI普通扫描	
实验室检查	CV04.30.002	常用放射诊断检查技术编码表	BP3M50ZZZ	左侧腕关节MRI平扫加增强扫描	
实验室检查	CV04.30.002	常用放射诊断检查技术编码表	BP3MZYZZZ	左侧腕关节MRI普通扫描	
实验室检查	CV04.30.002	常用放射诊断检查技术编码表	BP3N50ZZZ	右侧手MRI平扫加增强扫描	
实验室检查	CV04.30.002	常用放射诊断检查技术编码表	BP3NZYZZZ	右侧手MRI普通扫描	
实验室检查	CV04.30.002	常用放射诊断检查技术编码表	BP3P50ZZZ	左侧手MRI平扫加增强扫描	
实验室检查	CV04.30.002	常用放射诊断检查技术编码表	BP3PZYZZZ	左侧手MRI普通扫描	
实验室检查	CV04.30.002	常用放射诊断检查技术编码表	BQ00ZZZZA	右侧髋关节侧位(股骨颈蛙形位)	
实验室检查	CV04.30.002	常用放射诊断检查技术编码表	BQ01ZZZZA	左侧髋关节侧位(股骨颈蛙形位)	
实验室检查	CV04.30.002	常用放射诊断检查技术编码表	BQ02ZZZ00	双侧髋关节前后位	
实验室检查	CV04.30.002	常用放射诊断检查技术编码表	BQ02ZZZT0	双侧髋关节(股骨颈)蛙形位	
实验室检查	CV04.30.002	常用放射诊断检查技术编码表	BQ03ZZ800	右侧股骨前后位(近膝)	
实验室检查	CV04.30.002	常用放射诊断检查技术编码表	BQ03ZZ900	右侧股骨前后位(近髋)	
实验室检查	CV04.30.002	常用放射诊断检查技术编码表	BQ03ZZZZB	右侧股骨侧卧侧位	
实验室检查	CV04.30.002	常用放射诊断检查技术编码表	BQ04ZZ800	左侧股骨前后位(近膝)	
实验室检查	CV04.30.002	常用放射诊断检查技术编码表	BQ04ZZ900	左侧股骨前后位(近髋)	
实验室检查	CV04.30.002	常用放射诊断检查技术编码表	BQ04ZZZZB	左侧股骨侧卧侧位	
实验室检查	CV04.30.002	常用放射诊断检查技术编码表	BQ07ZZZ00	右侧膝关节前后位	
实验室检查	CV04.30.002	常用放射诊断检查技术编码表	BQ07ZZZZA	右侧膝关节外侧位	
实验室检查	CV04.30.002	常用放射诊断检查技术编码表	BQ08ZZZ00	左侧膝关节前后位	
实验室检查	CV04.30.002	常用放射诊断检查技术编码表	BQ08ZZZA	左侧膝关节外侧位	
实验室检查	CV04.30.002	常用放射诊断检查技术编码表	BQ0BZZZ00	右侧胫腓骨前后位	
实验室检查	CV04.30.002	常用放射诊断检查技术编码表	BQ0BZZZZA	右侧胫腓骨侧位	
实验室检查	CV04.30.002	常用放射诊断检查技术编码表	BQ0CZZZ00	左侧胫腓骨前后位	
实验室检查	CV04.30.002	常用放射诊断检查技术编码表	BQ0CZZZZA	左侧胫腓骨侧位	
实验室检查	CV04.30.002	常用放射诊断检查技术编码表	BQ0GZZZ00	右侧踝关节前后位	
实验室检查	CV04.30.002	常用放射诊断检查技术编码表	BQ0GZZZZA	右侧踝关节外侧位	
实验室检查	CV04.30.002	常用放射诊断检查技术编码表	BQ0HZZZ00	左侧踝关节前后位	
实验室检查	CV04.30.002	常用放射诊断检查技术编码表	BQ0HZZZZA	左侧踝关节外侧位	
实验室检查	CV04.30.002	常用放射诊断检查技术编码表	BQ0JZZZZ2	右侧跟骨轴位	
实验室检查	CV04.30.002	常用放射诊断检查技术编码表	BQ0JZZZZA	右侧跟骨外侧位	
实验室检查	CV04.30.002	常用放射诊断检查技术编码表	BQ0KZZZZ2	左侧跟骨轴位	
实验室检查	CV04.30.002	常用放射诊断检查技术编码表	BQ0KZZZZA	左侧跟骨外侧位	
实验室检查	CV04.30.002	常用放射诊断检查技术编码表	BQ0LZZGZA	右侧足负重侧位	
实验室检查	CV04.30.002	常用放射诊断检查技术编码表	BQ0LZZZK0	右侧足外斜位	
实验室检查	CV04.30.002	常用放射诊断检查技术编码表	BQ0LZZZN0	右侧足内斜位	
实验室检查	CV04.30.002	常用放射诊断检查技术编码表	BQ0LZZZZ0	右侧足前后位	
实验室检查	CV04.30.002	常用放射诊断检查技术编码表	BQ0LZZZZA	右侧足外侧位	
实验室检查	CV04.30.002	常用放射诊断检查技术编码表	BQ0MZZGZA	左侧足负重侧位	
实验室检查	CV04.30.002	常用放射诊断检查技术编码表	BQ0MZZZK0	左侧足外斜位	
实验室检查	CV04.30.002	常用放射诊断检查技术编码表	BQ0MZZZN0	左侧足内斜位	
实验室检查	CV04.30.002	常用放射诊断检查技术编码表	BQ0MZZZZ0	左侧足前后位	
实验室检查	CV04.30.002	常用放射诊断检查技术编码表	BQ0MZZZZA	左侧足外侧位	
实验室检查	CV04.30.002	常用放射诊断检查技术编码表	BQ0VZZZ11	右侧髌骨后前位	
实验室检查	CV04.30.002	常用放射诊断检查技术编码表	BQ0VZZZZ2	右侧髌骨轴位	
实验室检查	CV04.30.002	常用放射诊断检查技术编码表	BQ0VZZZZA	右侧髌骨外侧位	
实验室检查	CV04.30.002	常用放射诊断检查技术编码表	BQ0WZZZ11	左侧髌骨后前位	
实验室检查	CV04.30.002	常用放射诊断检查技术编码表	BQ0WZZZZ2	左侧髌骨轴位	
实验室检查	CV04.30.002	常用放射诊断检查技术编码表	BQ0WZZZZA	左侧髌骨外侧位	
实验室检查	CV04.30.002	常用放射诊断检查技术编码表	BQ2010ZZZ	右侧髋关节CT平扫加增强扫描	
实验室检查	CV04.30.002	常用放射诊断检查技术编码表	BQ20ZUZZZ	右侧髋关节CT薄层扫描(3D VR处理)	
实验室检查	CV04.30.002	常用放射诊断检查技术编码表	BQ2110ZZZ	左侧髋关节CT平扫加增强扫描	
实验室检查	CV04.30.002	常用放射诊断检查技术编码表	BQ21ZUZZZ	左侧髋关节CT薄层扫描(3D VR处理)	
实验室检查	CV04.30.002	常用放射诊断检查技术编码表	BQ2710ZZZ	右侧膝关节CT平扫加增强扫描	
实验室检查	CV04.30.002	常用放射诊断检查技术编码表	BQ27ZUZZZ	右侧膝关节CT薄层扫描(3D VR处理)	
实验室检查	CV04.30.002	常用放射诊断检查技术编码表	BQ2810ZZZ	左侧膝关节CT平扫加增强扫描	
实验室检查	CV04.30.002	常用放射诊断检查技术编码表	BQ28ZUZZZ	左侧膝关节CT薄层扫描(3D VR处理)	
实验室检查	CV04.30.002	常用放射诊断检查技术编码表	BQ2D10ZZZ	右侧小腿CT平扫加增强扫描	
实验室检查	CV04.30.002	常用放射诊断检查技术编码表	BQ2DZUZZZ	右侧小腿CT薄层扫描(3D VR处理)	
实验室检查	CV04.30.002	常用放射诊断检查技术编码表	BQ2FZUZZZ	左侧小腿CT平扫加增强扫描	
实验室检查	CV04.30.002	常用放射诊断检查技术编码表	BQ2FZUZZZ	左侧小腿CT薄层扫描(3D VR处理)	
实验室检查	CV04.30.002	常用放射诊断检查技术编码表	BQ2X10ZZZ	右侧足及踝关节CT平扫加增强扫描	
实验室检查	CV04.30.002	常用放射诊断检查技术编码表	BQ2XZUZZZ	右侧足及踝关节CT薄层扫描(3D VR处理)	
实验室检查	CV04.30.002	常用放射诊断检查技术编码表	BQ2Y10ZZZ	左侧足及踝关节CT平扫加增强扫描	
实验室检查	CV04.30.002	常用放射诊断检查技术编码表	BQ2YZUZZZ	左侧足及踝关节CT薄层扫描(3D VR处理)	
实验室检查	CV04.30.002	常用放射诊断检查技术编码表	BQ3050ZZZ	右侧髋关节MRI平扫加增强扫描	
实验室检查	CV04.30.002	常用放射诊断检查技术编码表	BQ30ZYZZZ	右侧髋关节MRI普通扫描	
实验室检查	CV04.30.002	常用放射诊断检查技术编码表	BQ3150ZZZ	左侧髋关节MRI平扫加增强扫描	
实验室检查	CV04.30.002	常用放射诊断检查技术编码表	BQ31ZYZZZ	左侧髋关节MRI普通扫描	
实验室检查	CV04.30.002	常用放射诊断检查技术编码表	BQ3750ZZZ	右侧膝关节MR1平扫加增强扫描	
实验室检查	CV04.30.002	常用放射诊断检查技术编码表	BQ37ZYZZZ	右侧膝关节MRI普通扫描	
实验室检查	CV04.30.002	常用放射诊断检查技术编码表	BQ3850ZZZ	左侧膝关节MRI平扫加增强扫描	
实验室检查	CV04.30.002	常用放射诊断检查技术编码表	BQ38ZYZZZ	左侧膝关节MRI普通扫描	
实验室检查	CV04.30.002	常用放射诊断检查技术编码表	BQ3D50ZZZ	右侧小腿MRI平扫加增强扫描	
实验室检查	CV04.30.002	常用放射诊断检查技术编码表	BQ3DZYZZZ	右侧小腿MRI普通扫描	
实验室检查	CV04.30.002	常用放射诊断检查技术编码表	BQ3F50ZZZ	左侧小腿MRI平扫加增强扫描	
实验室检查	CV04.30.002	常用放射诊断检查技术编码表	BQ3FZYZZZ	左侧小腿MRI普通扫描	
实验室检查	CV04.30.002	常用放射诊断检查技术编码表	BQ3X50ZZZ	右侧足及踝关节MRI平扫加增强扫描	
实验室检查	CV04.30.002	常用放射诊断检查技术编码表	BQ3XZYZZZ	右侧足及踝关节MRI普通扫描	
实验室检查	CV04.30.002	常用放射诊断检查技术编码表	BQ3Y50ZZZ	左侧足及踝关节MRI平扫加增强扫描	
实验室检查	CV04.30.002	常用放射诊断检查技术编码表	BQ3YZYZZZ	左侧足及踝关节MRI普通扫描	
实验室检查	CV04.30.002	常用放射诊断检查技术编码表	BR00ZZZ2Z	X线颈椎侧位	
实验室检查	CV04.30.002	常用放射诊断检查技术编码表	BR00ZZZ4Z	X线颈椎左前斜位	
实验室检查	CV04.30.002	常用放射诊断检查技术编码表	BR00ZZZ5Z	X线颈椎右前斜位	
实验室检查	CV04.30.002	常用放射诊断检查技术编码表	BR00ZZZP2	X线颈椎过伸侧位	
实验室检查	CV04.30.002	常用放射诊断检查技术编码表	BR00ZZZQ2	X线颈椎过屈侧位	
实验室检查	CV04.30.002	常用放射诊断检查技术编码表	BR00ZZZZ0	X线颈椎前后位	
实验室检查	CV04.30.002	常用放射诊断检查技术编码表	BR07ZZZ2Z	X线胸椎侧位	
实验室检查	CV04.30.002	常用放射诊断检查技术编码表	BR07ZZZZ0	X线胸椎前后位	
实验室检查	CV04.30.002	常用放射诊断检查技术编码表	BR09ZZZ2Z	X线腰椎侧位	
实验室检查	CV04.30.002	常用放射诊断检查技术编码表	BR09ZZZ5Z	X线腰椎右前斜位	
实验室检查	CV04.30.002	常用放射诊断检查技术编码表	BR09ZZZ6Z	X线腰椎左前斜位	
实验室检查	CV04.30.002	常用放射诊断检查技术编码表	BR09ZZZZ0	X线腰椎前后位	
实验室检查	CV04.30.002	常用放射诊断检查技术编码表	BR0CZZZZ0	X线骨盆前后位	
实验室检查	CV04.30.002	常用放射诊断检查技术编码表	BR0DZZZ00	X线骶髂关节前后位	
实验室检查	CV04.30.002	常用放射诊断检查技术编码表	BR0DZZZ06	X线骶髂关节前后斜位	
实验室检查	CV04.30.002	常用放射诊断检查技术编码表	BR0FZZZ0Z	X线骶尾椎侧位	
实验室检查	CV04.30.002	常用放射诊断检查技术编码表	BR0FZZZZ0	X线骶尾椎前后位	
实验室检查	CV04.30.002	常用放射诊断检查技术编码表	BR0HZZZ17	X线胸骨后前斜位	
实验室检查	CV04.30.002	常用放射诊断检查技术编码表	BR0HZZZ2Z	X线胸骨侧位	
实验室检查	CV04.30.002	常用放射诊断检查技术编码表	BR0LZZZR0	X线寰椎和枢椎前后张口位	
实验室检查	CV04.30.002	常用放射诊断检查技术编码表	BR20ZYZZZ	颈椎CT普通扫描	
实验室检查	CV04.30.002	常用放射诊断检查技术编码表	BR21ZYZZZ	颈椎间盘CT普通扫描	
实验室检查	CV04.30.002	常用放射诊断检查技术编码表	BR22ZYZZZ	胸椎间盘CT普通扫描	
实验室检查	CV04.30.002	常用放射诊断检查技术编码表	BR23ZYZZZ	腰椎间盘CT普通扫描	
实验室检查	CV04.30.002	常用放射诊断检查技术编码表	BR27ZYZZZ	胸椎CT普通扫描	
实验室检查	CV04.30.002	常用放射诊断检查技术编码表	BR29ZYZZZ	腰椎CT普通扫描	
实验室检查	CV04.30.002	常用放射诊断检查技术编码表	BR2CZUZZZ	骨盆CT薄层扫描(3D VR处理)	
实验室检查	CV04.30.002	常用放射诊断检查技术编码表	BR2CZYZZZ	骨盆 CT普通扫描	
实验室检查	CV04.30.002	常用放射诊断检查技术编码表	BR2DZYZZZ	骶髂关节CT普通扫描	
实验室检查	CV04.30.002	常用放射诊断检查技术编码表	BR2FZYZZZ	骶尾椎CT普通扫描	
实验室检查	CV04.30.002	常用放射诊断检查技术编码表	BR30ZYZZZ	颈椎 MRI普通扫描	
实验室检查	CV04.30.002	常用放射诊断检查技术编码表	BR31ZYZZZ	颈椎间盘MRI普通扫描	
实验室检查	CV04.30.002	常用放射诊断检查技术编码表	BR32ZYZZZ	胸椎间盘MRI普通扫描	
实验室检查	CV04.30.002	常用放射诊断检查技术编码表	BR33ZYZZZ	腰椎间盘MR1普通扫描	
实验室检查	CV04.30.002	常用放射诊断检查技术编码表	BR37ZYZZZ	胸椎MRI普通扫描	
实验室检查	CV04.30.002	常用放射诊断检查技术编码表	BR39ZYZZZ	腰椎MRI普通扫描	
实验室检查	CV04.30.002	常用放射诊断检查技术编码表	BR3DZYZZZ	骶髂关节MRI普通扫描	
实验室检查	CV04.30.002	常用放射诊断检查技术编码表	BR3FZYZZZ	骶尾椎MRI普通扫描	
实验室检查	CV04.30.002	常用放射诊断检查技术编码表	BT00ZZZZ	膀胱造影	
实验室检查	CV04.30.002	常用放射诊断检查技术编码表	BT00ZZZZ	静脉肾盂造影(IVP)	
实验室检查	CV04.30.002	常用放射诊断检查技术编码表	BT05ZZZZ	男性尿道造影	
实验室检查	CV04.30.002	常用放射诊断检查技术编码表	BT2010ZZZ	膀胱CT平扫加增强扫描	
实验室检查	CV04.30.002	常用放射诊断检查技术编码表	BT20ZYZZZ	膀胱CT普通扫描	
实验室检查	CV04.30.002	常用放射诊断检查技术编码表	BT2310ZZZ	肾脏CT平扫加增强扫描	
实验室检查	CV04.30.002	常用放射诊断检查技术编码表	BT23ZYZZZ	肾脏CT普通扫描	
实验室检查	CV04.30.002	常用放射诊断检查技术编码表	BT2810ZZZ	双侧输尿管CT平扫加增强扫描	
实验室检查	CV04.30.002	常用放射诊断检查技术编码表	BT28ZYZZZ	双侧输尿管CT普通扫描	
实验室检查	CV04.30.002	常用放射诊断检查技术编码表	BT3350ZZZ	肾脏MRI平扫加增强扫描	
实验室检查	CV04.30.002	常用放射诊断检查技术编码表	BT33ZYZZZ	肾脏MRI普通扫描	
实验室检查	CV04.30.002	常用放射诊断检查技术编码表	BT39ZHZZZ	移植肾MRI DWI成像	
实验室检查	CV04.30.002	常用放射诊断检查技术编码表	BT39ZYZZZ	移植肾MRI普通扫描	
实验室检查	CV04.30.002	常用放射诊断检查技术编码表	BU080ZZZZ	子宫、输卵管造影	
实验室检查	CV04.30.002	常用放射诊断检查技术编码表	BU090ZZZZ	阴道造影	
实验室检查	CV04.30.002	常用放射诊断检查技术编码表	BU3D50ZZZ	子宫及附件 MRI平扫加增强扫描	
实验室检查	CV04.30.002	常用放射诊断检查技术编码表	BU3DZYZZZ	子宫及附件 MRI普通扫描	
实验室检查	CV04.30.002	常用放射诊断检查技术编码表	BV2910ZZZ	前列腺CT平扫加增强扫描	
实验室检查	CV04.30.002	常用放射诊断检查技术编码表	BV29ZYZZZ	前列腺CT普通扫描	
实验室检查	CV04.30.002	常用放射诊断检查技术编码表	BV3950ZZZ	前列腺MRI平扫加增强扫描	
实验室检查	CV04.30.002	常用放射诊断检查技术编码表	BV39ZYZZZ	前列腺MRI普通扫描	
实验室检查	CV04.30.002	常用放射诊断检查技术编码表	BW00ZZZ00	X线全腹部仰卧前后位	
实验室检查	CV04.30.002	常用放射诊断检查技术编码表	BW00ZZZ20	X线全腹部，侧卧水平前后位	
实验室检查	CV04.30.002	常用放射诊断检查技术编码表	BW00ZZZ80	X线全腹部前后立位	
实验室检查	CV04.30.002	常用放射诊断检查技术编码表	BW0QZZZ90	X线小儿腹部，倒立前后位	
实验室检查	CV04.30.002	常用放射诊断检查技术编码表	BW2110ZZZ	腹盆部CT平扫加增强扫描	
实验室检查	CV04.30.002	常用放射诊断检查技术编码表	BW21ZYZZZ	腹盆部CT普通扫描	
实验室检查	CV04.30.002	常用放射诊断检查技术编码表	BW2310ZZZ	胸部CT平扫加增强扫描	
实验室检查	CV04.30.002	常用放射诊断检查技术编码表	BW2510ZZZ	胸、腹、盆部CT平扫加增强扫描	
实验室检查	CV04.30.002	常用放射诊断检查技术编码表	BW25ZYZZZ	胸、腹、盆部CT普通扫描	
实验室检查	CV04.30.002	常用放射诊断检查技术编码表	BW2G10ZZZ	盆腔CT平扫加增强扫描	
实验室检查	CV04.30.002	常用放射诊断检查技术编码表	BW2H10ZZZ	后腹膜区CT平扫加增强扫描	
实验室检查	CV04.30.002	常用放射诊断检查技术编码表	BW3350ZZZ	胸部MRI平扫加增强扫描	
实验室检查	CV04.30.002	常用放射诊断检查技术编码表	BW33ZYZZZ	胸部MRI普通扫描	
实验室检查	CV04.30.002	常用放射诊断检查技术编码表	BW3G50ZZZ	盆腔MRI平扫加增强扫描	
实验室检查	CV04.30.002	常用放射诊断检查技术编码表	BW3GZYZZZ	盆腔 MRI普通扫描	
实验室检查	CV04.30.002	常用放射诊断检查技术编码表	BW3MZYZZZ	臂丛神经MRI普通扫描	
实验室检查	CV04.30.002	常用放射诊断检查技术编码表	BWZ3ZYZZZ	胸部CT普通扫描	
实验室检查	CV04.30.002	常用放射诊断检查技术编码表	BWZGZYZZZ	盆腔CT普通扫描	
实验室检查	CV04.30.002	常用放射诊断检查技术编码表	BWZHZYZZZ	后腹膜区CT普通扫描	
实验室检查	WHCV04.30.003	检查类型字典表	01	计算机X线断层摄影	CT
实验室检查	WHCV04.30.003	检查类型字典表	02	核磁共振成像	MR
实验室检查	WHCV04.30.003	检查类型字典表	03	数字减影血管造影	DSA
实验室检查	WHCV04.30.003	检查类型字典表	04	普通X光摄影	X-Ray
实验室检查	WHCV04.30.003	检查类型字典表	05	特殊X光摄影	X-Ray
实验室检查	WHCV04.30.003	检查类型字典表	06	超声检查	US
实验室检查	WHCV04.30.003	检查类型字典表	07	病理检查	Microscopy
实验室检查	WHCV04.30.003	检查类型字典表	08	內镜检查	ES
实验室检查	WHCV04.30.003	检查类型字典表	09	核医学检查	NM
实验室检查	WHCV04.30.003	检查类型字典表	10	其他检查	OT
实验室检查	WHCV04.50.013	实验室标本类型代码	1	静脉血清	
实验室检查	WHCV04.50.013	实验室标本类型代码	10	溶血液	
实验室检查	WHCV04.50.013	实验室标本类型代码	11	血液抽提液	
实验室检查	WHCV04.50.013	实验室标本类型代码	12	白细胞	
实验室检查	WHCV04.50.013	实验室标本类型代码	13	血小板	
实验室检查	WHCV04.50.013	实验室标本类型代码	2	静脉全血	
实验室检查	WHCV04.50.013	实验室标本类型代码	21	尿液	
实验室检查	WHCV04.50.013	实验室标本类型代码	22	新鲜尿	
实验室检查	WHCV04.50.013	实验室标本类型代码	23	定时尿	
实验室检查	WHCV04.50.013	实验室标本类型代码	24	中段尿	
实验室检查	WHCV04.50.013	实验室标本类型代码	25	晨尿	
实验室检查	WHCV04.50.013	实验室标本类型代码	26	分杯尿	
实验室检查	WHCV04.50.013	实验室标本类型代码	27	膀胱穿刺尿	
实验室检查	WHCV04.50.013	实验室标本类型代码	3	静脉血浆	
实验室检查	WHCV04.50.013	实验室标本类型代码	30	粪便	
实验室检查	WHCV04.50.013	实验室标本类型代码	31	痰液	
实验室检查	WHCV04.50.013	实验室标本类型代码	32	上呼吸道标本	
实验室检查	WHCV04.50.013	实验室标本类型代码	33	下呼吸道标本	
实验室检查	WHCV04.50.013	实验室标本类型代码	34	穿刺液	
实验室检查	WHCV04.50.013	实验室标本类型代码	35	骨髓液	
实验室检查	WHCV04.50.013	实验室标本类型代码	36	胸水	
实验室检查	WHCV04.50.013	实验室标本类型代码	37	腹水	
实验室检查	WHCV04.50.013	实验室标本类型代码	38	心包液	
实验室检查	WHCV04.50.013	实验室标本类型代码	39	胃液	
实验室检查	WHCV04.50.013	实验室标本类型代码	4	末梢全血	
实验室检查	WHCV04.50.013	实验室标本类型代码	40	十二指肠液	
实验室检查	WHCV04.50.013	实验室标本类型代码	41	胆汁	
实验室检查	WHCV04.50.013	实验室标本类型代码	42	唾液	
实验室检查	WHCV04.50.013	实验室标本类型代码	43	口腔及咽喉分泌物	
实验室检查	WHCV04.50.013	实验室标本类型代码	44	呕吐物	
实验室检查	WHCV04.50.013	实验室标本类型代码	45	眼分泌物	
实验室检查	WHCV04.50.013	实验室标本类型代码	46	关节液	
实验室检查	WHCV04.50.013	实验室标本类型代码	47	精液	
实验室检查	WHCV04.50.013	实验室标本类型代码	48	前列腺液	
实验室检查	WHCV04.50.013	实验室标本类型代码	49	乳汁	
实验室检查	WHCV04.50.013	实验室标本类型代码	5	末梢血浆	
实验室检查	WHCV04.50.013	实验室标本类型代码	50	羊水	
实验室检查	WHCV04.50.013	实验室标本类型代码	51	阴道、子宫颈分泌物	
实验室检查	WHCV04.50.013	实验室标本类型代码	52	子宫内膜	
实验室检查	WHCV04.50.013	实验室标本类型代码	53	汗液	
实验室检查	WHCV04.50.013	实验室标本类型代码	54	脓液及创伤感染分泌物	
实验室检查	WHCV04.50.013	实验室标本类型代码	55	浸出液	
实验室检查	WHCV04.50.013	实验室标本类型代码	56	鼻拭子	
实验室检查	WHCV04.50.013	实验室标本类型代码	57	咽拭子	
实验室检查	WHCV04.50.013	实验室标本类型代码	58	肺泡灌洗液	
实验室检查	WHCV04.50.013	实验室标本类型代码	59	肛拭子	
实验室检查	WHCV04.50.013	实验室标本类型代码	6	末梢血清	
实验室检查	WHCV04.50.013	实验室标本类型代码	7	动脉血	
实验室检查	WHCV04.50.013	实验室标本类型代码	8	红细胞	
实验室检查	WHCV04.50.013	实验室标本类型代码	9	脐带血	
实验室检查	WHCV04.50.013	实验室标本类型代码	9999	其他	
实验室检查	WHCV04.50.014	检验指标类型	1	核酸	新冠核酸检测
实验室检查	WHCV04.50.014	检验指标类型	2	IgG	新冠抗体IgG
实验室检查	WHCV04.50.014	检验指标类型	3	IgM	新冠抗体IgM
实验室检查	WHCV04.50.014	检验指标类型	99	其他	
实验室检查	WHCV04.50.021	全血或血液成分的代码	1	全血	
实验室检查	WHCV04.50.021	全血或血液成分的代码	10	新鲜冰冻血浆	
实验室检查	WHCV04.50.021	全血或血液成分的代码	11	单采新鲜冰冻血浆	
实验室检查	WHCV04.50.021	全血或血液成分的代码	13	浓缩血小板	
实验室检查	WHCV04.50.021	全血或血液成分的代码	15	去白细胞单采血小板	
实验室检查	WHCV04.50.021	全血或血液成分的代码	16	单采血小板	
实验室检查	WHCV04.50.021	全血或血液成分的代码	17	冰冻单采血小板	
实验室检查	WHCV04.50.021	全血或血液成分的代码	18	解冻单采血小板	
实验室检查	WHCV04.50.021	全血或血液成分的代码	2	浓缩红细胞	
实验室检查	WHCV04.50.021	全血或血液成分的代码	20	冷沉淀凝血因子	
实验室检查	WHCV04.50.021	全血或血液成分的代码	22	单采粒细胞	
实验室检查	WHCV04.50.021	全血或血液成分的代码	24	浓缩白细胞	
实验室检查	WHCV04.50.021	全血或血液成分的代码	25	单采浓缩白细胞	
实验室检查	WHCV04.50.021	全血或血液成分的代码	26	富含血小板白膜	
实验室检查	WHCV04.50.021	全血或血液成分的代码	27	单采红细胞	
实验室检查	WHCV04.50.021	全血或血液成分的代码	28	单采少白红细胞	
实验室检查	WHCV04.50.021	全血或血液成分的代码	29	单采洗涤红细胞	
实验室检查	WHCV04.50.021	全血或血液成分的代码	3	悬浮红细胞	
实验室检查	WHCV04.50.021	全血或血液成分的代码	30	单采洗涤少白红细胞	
实验室检查	WHCV04.50.021	全血或血液成分的代码	31	冰冻血浆	
实验室检查	WHCV04.50.021	全血或血液成分的代码	32	血清	
实验室检查	WHCV04.50.021	全血或血液成分的代码	33	液体血浆	
实验室检查	WHCV04.50.021	全血或血液成分的代码	34	悬浮少白细胞红细胞	
实验室检查	WHCV04.50.021	全血或血液成分的代码	35	病毒灭活冰冻血浆	
实验室检查	WHCV04.50.021	全血或血液成分的代码	4	洗涤红细胞	
实验室检查	WHCV04.50.021	全血或血液成分的代码	5	冰冻红细胞	
实验室检查	WHCV04.50.021	全血或血液成分的代码	7	解冻红细胞	
实验室检查	WHCV04.50.021	全血或血液成分的代码	8	解冻复壮红细胞	
实验室检查	WHCV04.50.021	全血或血液成分的代码	9	去甘油解冻红细胞	
实验室检查	WHCV04.50.023	实验室标本容器代码	1	试管	
实验室检查	WHCV04.50.023	实验室标本容器代码	10	紫色胶帽管	
实验室检查	WHCV04.50.023	实验室标本容器代码	11	蓝色胶帽管	
实验室检查	WHCV04.50.023	实验室标本容器代码	12	绿色胶帽管	
实验室检查	WHCV04.50.023	实验室标本容器代码	13	灰色胶帽管	
实验室检查	WHCV04.50.023	实验室标本容器代码	14	黑色胶帽管	
实验室检查	WHCV04.50.023	实验室标本容器代码	15	红色胶帽管	
实验室检查	WHCV04.50.023	实验室标本容器代码	16	红色无菌管	
实验室检查	WHCV04.50.023	实验室标本容器代码	17	橙色胶帽管	
实验室检查	WHCV04.50.023	实验室标本容器代码	18	黄色胶帽管	
实验室检查	WHCV04.50.023	实验室标本容器代码	2	尿管	
实验室检查	WHCV04.50.023	实验室标本容器代码	21	有盖尿杯	
实验室检查	WHCV04.50.023	实验室标本容器代码	22	无盖尿杯	
实验室检查	WHCV04.50.023	实验室标本容器代码	3	无菌容器	
实验室检查	WHCV04.50.023	实验室标本容器代码	30	一次性采样杯	
实验室检查	WHCV04.50.023	实验室标本容器代码	31	粪便采集管	
实验室检查	WHCV04.50.023	实验室标本容器代码	32	无菌痰杯	
实验室检查	WHCV04.50.023	实验室标本容器代码	33	无菌试管	
实验室检查	WHCV04.50.023	实验室标本容器代码	34	血气采集器	
实验室检查	WHCV04.50.023	实验室标本容器代码	35	采精杯	
实验室检查	WHCV04.50.023	实验室标本容器代码	36	棉签拭子	
实验室检查	WHCV04.50.023	实验室标本容器代码	37	干燥管	
实验室检查	WHCV04.50.023	实验室标本容器代码	4	培养瓶	
实验室检查	WHCV04.50.023	实验室标本容器代码	40	血培养瓶	
实验室检查	WHCV04.50.023	实验室标本容器代码	41	尿培养瓶	
实验室检查	WHCV04.50.023	实验室标本容器代码	42	大便培养瓶	
实验室检查	WHCV04.50.023	实验室标本容器代码	43	培养瓶(绿帽)	
实验室检查	WHCV04.50.023	实验室标本容器代码	44	培养瓶(橙帽)	
实验室检查	WHCV04.50.023	实验室标本容器代码	45	培养瓶(黄帽)	
实验室检查	WHCV04.50.023	实验室标本容器代码	46	培养瓶(绿帽+橙帽)	
实验室检查	WHCV04.50.023	实验室标本容器代码	8	专用管	
实验室检查	WHCV04.50.023	实验室标本容器代码	81	注射器	
实验室检查	WHCV04.50.023	实验室标本容器代码	82	无菌杯	
实验室检查	WHCV04.50.023	实验室标本容器代码	83	拭子(运送培养基)	
实验室检查	WHCV04.50.023	实验室标本容器代码	84	拭子(棉拭子)	
实验室检查	WHCV04.50.023	实验室标本容器代码	85	玻片	
实验室检查	WHCV04.50.023	实验室标本容器代码	86	子弹头	
实验室检查	WHCV04.50.023	实验室标本容器代码	87	试管(PCR专用)	
实验室检查	WHCV04.50.023	实验室标本容器代码	88	高血压专用管	
实验室检查	WHCV04.50.023	实验室标本容器代码	9	其他采样管	
实验室检查	WHCV04.50.024	检验标本质量代码	01	无异常	
实验室检查	WHCV04.50.024	检验标本质量代码	02	溶血	
实验室检查	WHCV04.50.024	检验标本质量代码	03	脂血	
实验室检查	WHCV04.50.024	检验标本质量代码	04	黄疸	
实验室检查	WHCV04.50.024	检验标本质量代码	05	量少	
实验室检查	WHCV04.50.024	检验标本质量代码	99	其他	
实验室检查	WHCV04.50.025	检验结果异常提示标记	1	偏高提示字符	通用
实验室检查	WHCV04.50.025	检验结果异常提示标记	2	偏低提示字符	通用
实验室检查	WHCV04.50.025	检验结果异常提示标记	3	异常提示字符	通用
实验室检查	WHCV04.50.025	检验结果异常提示标记	4	阳性异常提示字符	通用
实验室检查	WHCV04.50.025	检验结果异常提示标记	5	阴性异常提示字符	通用
实验室检查	WHCV04.50.025	检验结果异常提示标记	6	偏高提示字符	可选
实验室检查	WHCV04.50.025	检验结果异常提示标记	7	偏低提示字符	可选
实验室检查	WHCV04.50.025	检验结果异常提示标记	8	偏高	可选
实验室检查	WHCV04.50.025	检验结果异常提示标记	9	偏低	可选
实验室检查	WHCV04.50.025	检验结果异常提示标记	10	正常	可选
实验室检查	WHCV04.50.026	室内质控适用规则	11	1个质控结果超过X±2S，为违背此规则，提示警告	
实验室检查	WHCV04.50.026	室内质控适用规则	12	1个质控结果超过X±3S，为违背此规则，提示存在随机误差	
实验室检查	WHCV04.50.026	室内质控适用规则	13	1个质控结果超过X±3.5S，为违背此规则，提示存在随机误差	
实验室检查	WHCV04.50.026	室内质控适用规则	14	1个质控结果超过X±4S，为违背此规则，提示失控	
实验室检查	WHCV04.50.026	室内质控适用规则	21	2个连续质控结果同时超过X+2S 或X-2S，为违背此规则，表示存在系统误差	
实验室检查	WHCV04.50.026	室内质控适用规则	22	2个连续质控结果差距>4S，为违背此规则，表示存在系统误差	
实验室检查	WHCV04.50.026	室内质控适用规则	31	3个连续质控结果中有2个连续质控结果同时超过?X +2S或同时超过?X -2S，违背此规则，表示存在系统误差	
实验室检查	WHCV04.50.026	室内质控适用规则	32	3个连续的质控结果同时超过?X +1S或同时超过?X -1S，违背此规则，表示存在系统误差	
实验室检查	WHCV04.50.026	室内质控适用规则	4	4个连续的质控测定结果同时超过X+1S或X-1S，为违背此规则，表示存在系统误差	
实验室检查	WHCV04.50.026	室内质控适用规则	41	连续4个点在同一侧	
实验室检查	WHCV04.50.026	室内质控适用规则	5	5个连续的质控测定结果同时超过X+1S或X-1S，为违背此规则，表示存在系统误差	
实验室检查	WHCV04.50.026	室内质控适用规则	51	连续5个点在同一侧	
实验室检查	WHCV04.50.026	室内质控适用规则	52	连续5次结果渐升或渐降	
实验室检查	WHCV04.50.026	室内质控适用规则	65	6-X：6个连续的质控结果落在平均数的上方或下方一侧，违背此规则，表示存在系统误差x	
实验室检查	WHCV04.50.026	室内质控适用规则	72	7个连续的质控测定结渐升或渐减	
实验室检查	WHCV04.50.026	室内质控适用规则	85	8个连续的质控结果落在平均数的下方一侧，为违背此规则，表示存在系统误差	
实验室检查	WHCV04.50.026	室内质控适用规则	95	9个连续的质控结果落在平均数的下方一侧，为违背此规则，表示存在系统误差	
实验室检查	WHCV04.50.026	室内质控适用规则	105	10个连续的质控结果落在平均数的下方一侧，为违背此规则，表示存在系统误差	
实验室检查	WHCV04.50.026	室内质控适用规则	115	11个连续的质控结果落在平均数的下方一侧，为违背此规则，表示存在系统误差	
实验室检查	WHCV04.50.026	室内质控适用规则	125	12个连续的质控结果落在平均数的上方一侧，为违背此规则，表示存在系统误差	
实验室检查	WHCV04.50.026	室内质控适用规则	951	95%数据落在 X ± 2S内	
实验室检查	WHCV04.50.026	室内质控适用规则	999	其他	
实验室检查	WHCV04.50.028	检测指标类型	0	定量	
实验室检查	WHCV04.50.028	检测指标类型	1	定性	
实验室检查	WHCV04.50.028	检测指标类型	2	对数	
医学诊断	CT03.00.002	易感因素代码	01	糖尿病	
医学诊断	CT03.00.002	易感因素代码	02	抗生素	
医学诊断	CT03.00.002	易感因素代码	03	泌尿道插管	
医学诊断	CT03.00.002	易感因素代码	04	动静脉插管口肝硬化	
医学诊断	CT03.00.002	易感因素代码	05	慢性病	
医学诊断	CT03.00.002	易感因素代码	06	放疗	
医学诊断	CT03.00.002	易感因素代码	07	化疗	
医学诊断	CT03.00.002	易感因素代码	08	肥胖	
医学诊断	CT03.00.002	易感因素代码	09	免疫抑制剂	
医学诊断	CT03.00.002	易感因素代码	10	人工装置	
医学诊断	CT03.00.002	易感因素代码	11	肿瘤	
医学诊断	CT03.00.002	易感因素代码	12	引流管	
医学诊断	CT03.00.002	易感因素代码	13	营养不良	
医学诊断	CT03.00.002	易感因素代码	14	WBC 计数＜1.5×109/L	
医学诊断	CT03.00.002	易感因素代码	15	手术	
医学诊断	CT03.00.002	易感因素代码	99	其他	
医学诊断	CT03.00.003	感染类型代码	1	外源性	
医学诊断	CT03.00.003	感染类型代码	2	内源性	
医学诊断	WHCT03.00.004	感染部位代码	1	呼吸系统	
医学诊断	WHCT03.00.004	感染部位代码	100	生殖道	
医学诊断	WHCT03.00.004	感染部位代码	101	外阴切口感染	
医学诊断	WHCT03.00.004	感染部位代码	102	阴道穹窿部感染	
医学诊断	WHCT03.00.004	感染部位代码	103	急性盆腔炎	
医学诊断	WHCT03.00.004	感染部位代码	104	子宫内膜炎	
医学诊断	WHCT03.00.004	感染部位代码	105	男女生殖道的其他感染	
医学诊断	WHCT03.00.004	感染部位代码	11	上呼吸道感染	
医学诊断	WHCT03.00.004	感染部位代码	110	口腔	
医学诊断	WHCT03.00.004	感染部位代码	12	下呼吸道感染	
医学诊断	WHCT03.00.004	感染部位代码	121	呼吸机相关性肺炎	
医学诊断	WHCT03.00.004	感染部位代码	13	胸膜腔感染	
医学诊断	WHCT03.00.004	感染部位代码	2	手术部位	
医学诊断	WHCT03.00.004	感染部位代码	20	心血管系统	
医学诊断	WHCT03.00.004	感染部位代码	21	心内膜炎	
医学诊断	WHCT03.00.004	感染部位代码	22	心肌炎或心包炎	
医学诊断	WHCT03.00.004	感染部位代码	3	泌尿系统	
医学诊断	WHCT03.00.004	感染部位代码	31	血流感染	
医学诊断	WHCT03.00.004	感染部位代码	32	中心静脉导管相关血流感染	
医学诊断	WHCT03.00.004	感染部位代码	33	输血相关感染	
医学诊断	WHCT03.00.004	感染部位代码	34	导尿管相关尿路感染	
医学诊断	WHCT03.00.004	感染部位代码	4	血液系统	
医学诊断	WHCT03.00.004	感染部位代码	41	感染性腹泻	
医学诊断	WHCT03.00.004	感染部位代码	42	胃肠道感染	
医学诊断	WHCT03.00.004	感染部位代码	44	病毒性肝炎	
医学诊断	WHCT03.00.004	感染部位代码	45	腹（盆）腔内组织感染	
医学诊断	WHCT03.00.004	感染部位代码	46	腹水感染	
医学诊断	WHCT03.00.004	感染部位代码	5	腹部和消化系统	
医学诊断	WHCT03.00.004	感染部位代码	50	中枢神经系统	
医学诊断	WHCT03.00.004	感染部位代码	51	细菌性脑膜炎、脑室炎	
医学诊断	WHCT03.00.004	感染部位代码	52	颅内脓肿WS 670—2021	
医学诊断	WHCT03.00.004	感染部位代码	53	椎管内感染	
医学诊断	WHCT03.00.004	感染部位代码	6	皮肤和软组织	
医学诊断	WHCT03.00.004	感染部位代码	7	抗菌药物相关性腹泻	
医学诊断	WHCT03.00.004	感染部位代码	71	切口表浅手术感染	
医学诊断	WHCT03.00.004	感染部位代码	72	切口深部手术感染	
医学诊断	WHCT03.00.004	感染部位代码	73	器官和腔隙感染	
医学诊断	WHCT03.00.004	感染部位代码	81	皮肤感染	
医学诊断	WHCT03.00.004	感染部位代码	82	软组织感染	
医学诊断	WHCT03.00.004	感染部位代码	83	褥疮感染	
医学诊断	WHCT03.00.004	感染部位代码	84	烧伤感染	
医学诊断	WHCT03.00.004	感染部位代码	85	乳腺脓肿或乳腺炎	
医学诊断	WHCT03.00.004	感染部位代码	86	脐炎	
医学诊断	WHCT03.00.004	感染部位代码	87	婴儿脓包病	
医学诊断	WHCT03.00.004	感染部位代码	9	其他部位	
医学诊断	WHCT03.00.004	感染部位代码	90	骨、关节	
医学诊断	WHCT03.00.004	感染部位代码	91	关节和关节囊感染	
医学诊断	WHCT03.00.004	感染部位代码	92	骨髓炎	
医学诊断	WHCT03.00.004	感染部位代码	93	椎间盘感染	
医学诊断	WHCT06.00.388	病原体感染类型	1.1	医疗机构感染（首次分离）	
医学诊断	WHCT06.00.388	病原体感染类型	1.2	医疗机构感染（重复）	
医学诊断	WHCT06.00.388	病原体感染类型	2.1	社区感染（首次分离）	
医学诊断	WHCT06.00.388	病原体感染类型	2.2	社区感染（重复）	
医学诊断	WHCT06.00.388	病原体感染类型	3.1	定植（首次分离）	
医学诊断	WHCT06.00.388	病原体感染类型	3.2	定植（重复）	
医学诊断	WHCT06.00.388	病原体感染类型	4	污染	
医学诊断	WHCT06.00.388	病原体感染类型	5	其他医疗机构为来源的感染	
医学诊断	CT05.01.001	诊断依据代码	1	临床诊断	
医学诊断	CT05.01.001	诊断依据代码	2	病理诊断	
医学诊断	WHCT05.01.001	最高诊断依据代码	1	临床	
医学诊断	WHCT05.01.001	最高诊断依据代码	2	X 线	
医学诊断	WHCT05.01.001	最高诊断依据代码	3	手术	
医学诊断	WHCT05.01.001	最高诊断依据代码	4	生化	
医学诊断	WHCT05.01.001	最高诊断依据代码	5	细胞学	
医学诊断	WHCT05.01.001	最高诊断依据代码	6	病理	
医学诊断	WHCT05.01.001	最高诊断依据代码	8	尸检	
医学诊断	WHCT05.01.001	最高诊断依据代码	9	不详	
医学诊断	CT05.01.002	转诊类型代码	1	转入	
医学诊断	CT05.01.002	转诊类型代码	2	回转	
医学诊断	CT05.10.001	RH血型代码	1	Rh 阴性	
医学诊断	CT05.10.001	RH血型代码	2	Rh 阳性	
医学诊断	CT05.10.001	RH血型代码	3	不详	
医学诊断	CT05.10.001	RH血型代码	4	未查	
医学诊断	CT05.10.002	住院患者出院方式代码	1	医嘱离院	
医学诊断	CT05.10.002	住院患者出院方式代码	2	医嘱转院	
医学诊断	CT05.10.002	住院患者出院方式代码	3	医嘱转社区卫生服务机构/乡镇卫生院	向下转诊
医学诊断	CT05.10.002	住院患者出院方式代码	4	非医嘱离院	
医学诊断	CT05.10.002	住院患者出院方式代码	5	死亡	
医学诊断	CT05.10.002	住院患者出院方式代码	6	向上转诊	
医学诊断	CT05.10.002	住院患者出院方式代码	9	其他	
医学诊断	CT05.10.006	预约途径代码	1	现场预约	
医学诊断	CT05.10.006	预约途径代码	2	电话预约	
医学诊断	CT05.10.006	预约途径代码	3	短信预约	
医学诊断	CT05.10.006	预约途径代码	4	网上预约	
医学诊断	CT05.10.006	预约途径代码	5	APP 预约	
医学诊断	CT05.10.006	预约途径代码	9	其他	
医学诊断	CT06.00.004	变异原因编码	01	病情变化(含并发症)	
医学诊断	CT06.00.004	变异原因编码	02	入院即合并有其它疾病	
医学诊断	CT06.00.004	变异原因编码	03	要求其它治疗(或会诊)	
医学诊断	CT06.00.004	变异原因编码	04	无法配合医护指导	
医学诊断	CT06.00.004	变异原因编码	05	医嘱延迟	
医学诊断	CT06.00.004	变异原因编码	06	执行医嘱延迟	
医学诊断	CT06.00.004	变异原因编码	07	会诊延迟	
医学诊断	CT06.00.004	变异原因编码	08	主治医师决定手术耗材	
医学诊断	CT06.00.004	变异原因编码	09	主治医师决定药物	
医学诊断	CT06.00.004	变异原因编码	10	设备故障	
医学诊断	CT06.00.004	变异原因编码	11	排定之检查(验)延迟	
医学诊断	CT06.00.004	变异原因编码	12	检查(验)报告延迟	
医学诊断	CT06.00.004	变异原因编码	13	手术室排刀问题	
医学诊断	CT06.00.004	变异原因编码	14	没有合适病床供转出使用	
医学诊断	CT06.00.004	变异原因编码	15	部门休假致延迟	
医学诊断	CT06.00.004	变异原因编码	16	病人／家属拒绝出院安排	
医学诊断	CT06.00.004	变异原因编码	17	家属无法依预出时间接病人出院	
医学诊断	CT06.00.004	变异原因编码	18	经济问题不愿接病人出院	
医学诊断	CT06.00.004	变异原因编码	19	其它	
医学诊断	CV05.01.001	住院患者疾病状态代码	1	危急	
医学诊断	CV05.01.001	住院患者疾病状态代码	2	严重	
医学诊断	CV05.01.001	住院患者疾病状态代码	3	一般	
医学诊断	CV05.01.001	住院患者疾病状态代码	4	不适用	
医学诊断	CV05.01.001	住院患者疾病状态代码	9	其他	
医学诊断	CV05.01.038	过敏源代码	1	药物	
医学诊断	CV05.01.038	过敏源代码	101	青霉素类抗生素	
医学诊断	CV05.01.038	过敏源代码	102	磺胺类抗生素	
医学诊断	CV05.01.038	过敏源代码	103	头孢类抗生素	
医学诊断	CV05.01.038	过敏源代码	104	含碘药品	
医学诊断	CV05.01.038	过敏源代码	105	酒精	
医学诊断	CV05.01.038	过敏源代码	106	镇静麻醉剂	
医学诊断	CV05.01.038	过敏源代码	107	链霉素类抗生素	
医学诊断	CV05.01.038	过敏源代码	199	其他药物过敏源	
医学诊断	CV05.01.038	过敏源代码	2	食物	
医学诊断	CV05.01.038	过敏源代码	201	猪肉	
医学诊断	CV05.01.038	过敏源代码	202	羊肉	
医学诊断	CV05.01.038	过敏源代码	203	牛肉	
医学诊断	CV05.01.038	过敏源代码	204	牛奶	
医学诊断	CV05.01.038	过敏源代码	205	蛋及蛋制品	
医学诊断	CV05.01.038	过敏源代码	206	鸡、鸭等禽类食品	
医学诊断	CV05.01.038	过敏源代码	207	鱼、虾等水产类食品	
医学诊断	CV05.01.038	过敏源代码	208	水果（包括带壳的果仁）	
医学诊断	CV05.01.038	过敏源代码	299	其他食物过敏源	
医学诊断	CV05.01.038	过敏源代码	3	环境	
医学诊断	CV05.01.038	过敏源代码	301	植物花粉	
医学诊断	CV05.01.038	过敏源代码	302	动物毛发	
医学诊断	CV05.01.038	过敏源代码	303	空气粉尘	
医学诊断	CV05.01.038	过敏源代码	399	其他环境过敏源	
医学诊断	CV05.01.038	过敏源代码	4	混合型过敏源	
医学诊断	CV05.01.038	过敏源代码	9	其他过敏源	
医学诊断	CV05.01.040	输血反应类型代码	1	发热	
医学诊断	CV05.01.040	输血反应类型代码	2	过敏	
医学诊断	CV05.01.040	输血反应类型代码	3	溶血	
医学诊断	CV05.01.040	输血反应类型代码	4	细菌感染	
医学诊断	CV05.01.040	输血反应类型代码	5	血红蛋白尿	
医学诊断	CV05.01.040	输血反应类型代码	9	其他	
医学诊断	CV5101.03	过敏源代码	01	镇静麻醉剂过敏	
医学诊断	CV5101.03	过敏源代码	02	动物毛发过敏	
医学诊断	CV5101.03	过敏源代码	03	抗生素过敏	
医学诊断	CV5101.03	过敏源代码	04	柑橘类水果过敏	
医学诊断	CV5101.03	过敏源代码	05	室内灰尘过敏	
医学诊断	CV5101.03	过敏源代码	06	鸡蛋过敏	
医学诊断	CV5101.03	过敏源代码	07	鱼及贝壳类食物过敏	
医学诊断	CV5101.03	过敏源代码	08	碘过敏	
医学诊断	CV5101.03	过敏源代码	09	牛奶过敏	
医学诊断	CV5101.03	过敏源代码	10	带壳的果仁过敏	
医学诊断	CV5101.03	过敏源代码	11	花粉过敏	
医学诊断	CV5101.03	过敏源代码	99	其他过敏	
医学诊断	CV5101.27	症状代码	01	通用	
医学诊断	CV5101.27	症状代码	0101	头痛	
医学诊断	CV5101.27	症状代码	0102	头晕	
医学诊断	CV5101.27	症状代码	0103	心悸	
医学诊断	CV5101.27	症状代码	0104	胸闷	
医学诊断	CV5101.27	症状代码	0105	胸痛	
医学诊断	CV5101.27	症状代码	0106	咳嗽	
医学诊断	CV5101.27	症状代码	0107	咳痰	
医学诊断	CV5101.27	症状代码	0108	呼吸困难	
医学诊断	CV5101.27	症状代码	0109	多饮	
医学诊断	CV5101.27	症状代码	0110	多尿	
医学诊断	CV5101.27	症状代码	0111	体重下降	
医学诊断	CV5101.27	症状代码	0112	乏力	
医学诊断	CV5101.27	症状代码	0113	关节肿痛	
医学诊断	CV5101.27	症状代码	0114	视力模糊	
医学诊断	CV5101.27	症状代码	0115	四肢麻木	
医学诊断	CV5101.27	症状代码	0116	消瘦	
医学诊断	CV5101.27	症状代码	0117	尿痛	
医学诊断	CV5101.27	症状代码	0118	便秘	
医学诊断	CV5101.27	症状代码	0119	腹泻	
医学诊断	CV5101.27	症状代码	0120	恶心呕吐	
医学诊断	CV5101.27	症状代码	0121	眼花	
医学诊断	CV5101.27	症状代码	0122	耳鸣	
医学诊断	CV5101.27	症状代码	0123	发热	
医学诊断	CV5101.27	症状代码	0124	鼻衄	
医学诊断	CV5101.27	症状代码	0125	浮肿	
医学诊断	CV5101.27	症状代码	0126	多食	
医学诊断	CV5101.27	症状代码	0127	皮疹	
医学诊断	CV5101.27	症状代码	0199	其他	
医学诊断	CV5101.27	症状代码	02	高血压	
医学诊断	CV5101.27	症状代码	0201	无症状	
医学诊断	CV5101.27	症状代码	0202	头痛头晕	
医学诊断	CV5101.27	症状代码	0203	恶心呕吐	
医学诊断	CV5101.27	症状代码	0204	眼花耳鸣	
医学诊断	CV5101.27	症状代码	0205	呼吸困难	
医学诊断	CV5101.27	症状代码	0206	心悸胸闷	
医学诊断	CV5101.27	症状代码	0207	鼻衄出血不止	
医学诊断	CV5101.27	症状代码	0208	四肢发麻	
医学诊断	CV5101.27	症状代码	0209	下肢水肿	
医学诊断	CV5101.27	症状代码	03	糖尿病	
医学诊断	CV5101.27	症状代码	0301	无症状	
医学诊断	CV5101.27	症状代码	0302	多饮	
医学诊断	CV5101.27	症状代码	0303	多食	
医学诊断	CV5101.27	症状代码	0304	多尿	
医学诊断	CV5101.27	症状代码	0305	视力模糊	
医学诊断	CV5101.27	症状代码	0306	感染	
医学诊断	CV5101.27	症状代码	0307	手脚麻木	
医学诊断	CV5101.27	症状代码	0308	下肢浮肿	
医学诊断	CV5101.27	症状代码	0309	体重明显下降	
医学诊断	CV5101.27	症状代码	04	健康体检	
医学诊断	CV5101.27	症状代码	0401	无症状	
医学诊断	CV5101.27	症状代码	0402	头痛_	
医学诊断	CV5101.27	症状代码	0403	头晕	
医学诊断	CV5101.27	症状代码	0404	心悸	
医学诊断	CV5101.27	症状代码	0405	胸闷	
医学诊断	CV5101.27	症状代码	0406	胸痛	
医学诊断	CV5101.27	症状代码	0407	慢性咳嗽	
医学诊断	CV5101.27	症状代码	0408	咳痰	
医学诊断	CV5101.27	症状代码	0409	呼吸困难	
医学诊断	CV5101.27	症状代码	0410	多饮	
医学诊断	CV5101.27	症状代码	0411	多尿	
医学诊断	CV5101.27	症状代码	0412	体重下降	
医学诊断	CV5101.27	症状代码	0413	乏力	
医学诊断	CV5101.27	症状代码	0414	关节肿痛	
医学诊断	CV5101.27	症状代码	0415	视力模糊	
医学诊断	CV5101.27	症状代码	0416	手脚麻木	
医学诊断	CV5101.27	症状代码	0417	尿急	
医学诊断	CV5101.27	症状代码	0418	尿痛	
医学诊断	CV5101.27	症状代码	0419	便秘	
医学诊断	CV5101.27	症状代码	0420	腹泻	
医学诊断	CV5101.27	症状代码	0421	恶心呕吐	
医学诊断	CV5101.27	症状代码	0422	眼花	
医学诊断	CV5101.27	症状代码	0423	耳鸣	
医学诊断	CV5101.27	症状代码	0424	乳房肿痛	
医学诊断	CV5101.27	症状代码	0425	其他	
医学诊断	CV5502.20	住院患者疾病诊断类型-代码	1	出院诊断	
医学诊断	CV5502.20	住院患者疾病诊断类型-代码	10	并发症诊断	
医学诊断	CV5502.20	住院患者疾病诊断类型-代码	11	院内感染诊断	
医学诊断	CV5502.20	住院患者疾病诊断类型-代码	12	主要诊断	
医学诊断	CV5502.20	住院患者疾病诊断类型-代码	13	次要诊断	
医学诊断	CV5502.20	住院患者疾病诊断类型-代码	14	中医出院诊断病名	
医学诊断	CV5502.20	住院患者疾病诊断类型-代码	141	中医出院主病	
医学诊断	CV5502.20	住院患者疾病诊断类型-代码	142	中医出院主证	
医学诊断	CV5502.20	住院患者疾病诊断类型-代码	2	门诊诊断	
医学诊断	CV5502.20	住院患者疾病诊断类型-代码	3	入院初步诊断	
医学诊断	CV5502.20	住院患者疾病诊断类型-代码	31	入院诊断	
医学诊断	CV5502.20	住院患者疾病诊断类型-代码	4	术前诊断	
医学诊断	CV5502.20	住院患者疾病诊断类型-代码	5	术后诊断	
医学诊断	CV5502.20	住院患者疾病诊断类型-代码	6	尸检诊断	
医学诊断	CV5502.20	住院患者疾病诊断类型-代码	7	放射诊断	
医学诊断	CV5502.20	住院患者疾病诊断类型-代码	8	超声诊断	
医学诊断	CV5502.20	住院患者疾病诊断类型-代码	9	病理诊断	
医学诊断	CV5502.20	住院患者疾病诊断类型-代码	98	损伤、中毒的外部原因	
医学诊断	CV5502.20	住院患者疾病诊断类型-代码	99	其他	
医学诊断	CV5502.21	中医疾病诊断类别代码	1	门诊中医诊断病名	指患者在门诊或急诊确定的中医诊断病名
医学诊断	CV5502.21	中医疾病诊断类别代码	2	入院中医诊断病名	指患者在住院后第一次确定的中医诊断病名
医学诊断	CV5502.21	中医疾病诊断类别代码	3	出院中医诊断病名	指患者在住院期间经治医师确定的最后中医诊断病名
医学诊断	CV5502.21	中医疾病诊断类别代码	4	门诊中医诊断证候	指患者在门诊或急诊确定的中医诊断证候
医学诊断	CV5502.21	中医疾病诊断类别代码	5	入院中医诊断证候	指患者在住院后第一次确定的中医诊断证候
医学诊断	CV5502.21	中医疾病诊断类别代码	6	出院中医诊断证候	指患者在住院期间经治医师确定的最后中医诊断证候
医学诊断	WHCV5502.21	中医疾病诊断及症候类别代码	1	门诊	
医学诊断	WHCV5502.21	中医疾病诊断及症候类别代码	2	入院	
医学诊断	WHCV5502.21	中医疾病诊断及症候类别代码	3	出院	
医学诊断	GB/T 15657-1995	中医病证分类与代码	ABRD	热、毒证类	
医学诊断	GB/T 15657-1995	中医病证分类与代码	ABRD00	热毒证	
医学诊断	GB/T 15657-1995	中医病证分类与代码	ABRD01	邪毒热证	
医学诊断	GB/T 15657-1995	中医病证分类与代码	ABRD10	热毒炽盛证	
医学诊断	GB/T 15657-1995	中医病证分类与代码	ABRD11	热毒炽盛，邪入营血证	
医学诊断	GB/T 15657-1995	中医病证分类与代码	ABRD12	热毒炽盛，热传心包证	
医学诊断	GB/T 15657-1995	中医病证分类与代码	ABRD20	热毒壅盛证	
医学诊断	GB/T 15657-1995	中医病证分类与代码	ABRD30	热毒壅结证	
医学诊断	GB/T 15657-1995	中医病证分类与代码	ABRD31	热毒壅滞证	
医学诊断	GB/T 15657-1995	中医病证分类与代码	ABRD40	热毒蕴 结证	
医学诊断	GB/T 15657-1995	中医病证分类与代码	ABRD50	热毒蕴 肤证	
医学诊断	GB/T 15657-1995	中医病证分类与代码	ABRD60	热毒凝结证	
医学诊断	GB/T 15657-1995	中医病证分类与代码	ABRD70	热毒内蕴证	
医学诊断	GB/T 15657-1995	中医病证分类与代码	ABRD80	热毒内陷证	
医学诊断	GB/T 15657-1995	中医病证分类与代码	ABRD81	热毒陷营证	
医学诊断	GB/T 15657-1995	中医病证分类与代码	ABRD90	热毒内攻证	
医学诊断	GB/T 15657-1995	中医病证分类与代码	ABRD91	热毒传心证	
医学诊断	GB/T 15657-1995	中医病证分类与代码	ABRD92	热毒传肝证	
医学诊断	GB/T 15657-1995	中医病证分类与代码	ABRD93	热毒传脾证	
医学诊断	GB/T 15657-1995	中医病证分类与代码	ABRYB0	热灼营阴证	
医学诊断	GB/T 15657-1995	中医病证分类与代码	BE	儿科病	
医学诊断	GB/T 15657-1995	中医病证分类与代码	BEA000	儿科癌病	
医学诊断	GB/T 15657-1995	中医病证分类与代码	BEA	儿科癌病类	
医学诊断	GB/T 15657-1995	中医病证分类与代码	BEC000	儿科虫病（小儿囊虫病）	
医学诊断	GB/T 15657-1995	中医病证分类与代码	BEC000	儿科虫病（小儿丝虫病）	
医学诊断	GB/T 15657-1995	中医病证分类与代码	BEC	儿科虫病	
医学诊断	GB/T 15657-1995	中医病证分类与代码	BEC000	儿科虫病（小儿姜片虫病）	
医学诊断	GB/T 15657-1995	中医病证分类与代码	BEC000	儿科虫病（小儿钩虫病）	
医学诊断	GB/T 15657-1995	中医病证分类与代码	BEC000	儿科虫病（小儿绦虫病）	
医学诊断	GB/T 15657-1995	中医病证分类与代码	BEC000	儿科虫病（小儿蛔虫病）	
医学诊断	GB/T 15657-1995	中医病证分类与代码	BEC000	儿科虫病（小儿蛲虫病）	
医学诊断	GB/T 15657-1995	中医病证分类与代码	BEC000	儿科虫病（小儿血吸虫病）	
医学诊断	GB/T 15657-1995	中医病证分类与代码	BEL	儿科瘤病类	
医学诊断	GB/T 15657-1995	中医病证分类与代码	BEL000	儿科瘤病	
医学诊断	GB/T 15657-1995	中医病证分类与代码	BES	儿科时行病类	
医学诊断	GB/T 15657-1995	中医病证分类与代码	BES000	儿科时行病（水痘病）	
医学诊断	GB/T 15657-1995	中医病证分类与代码	BES000	儿科时行病（麻疹病）	
医学诊断	GB/T 15657-1995	中医病证分类与代码	BES000	儿科时行病（白喉病）	
医学诊断	GB/T 15657-1995	中医病证分类与代码	BES010	小儿感冒病	
医学诊断	GB/T 15657-1995	中医病证分类与代码	BES020	奶麻病	
医学诊断	GB/T 15657-1995	中医病证分类与代码	BES030	风痧病	
医学诊断	GB/T 15657-1995	中医病证分类与代码	BES040	丹痧病	
医学诊断	GB/T 15657-1995	中医病证分类与代码	BES050	痄肋病	
医学诊断	GB/T 15657-1995	中医病证分类与代码	BES060	顿咳病	
医学诊断	GB/T 15657-1995	中医病证分类与代码	BES070	软脚瘟病	
医学诊断	GB/T 15657-1995	中医病证分类与代码	BES080	小儿疫毒痢病	
医学诊断	GB/T 15657-1995	中医病证分类与代码	BES090	夏病	
医学诊断	GB/T 15657-1995	中医病证分类与代码	BES100	夏季热病	
医学诊断	GB/T 15657-1995	中医病证分类与代码	BEX	新生儿病类	
医学诊断	GB/T 15657-1995	中医病证分类与代码	BEX010	胎黄病	
医学诊断	GB/T 15657-1995	中医病证分类与代码	BEX020	赤游丹病	
医学诊断	GB/T 15657-1995	中医病证分类与代码	BEX030	脐风病	
医学诊断	GB/T 15657-1995	中医病证分类与代码	BEX040	脐湿病	
医学诊断	GB/T 15657-1995	中医病证分类与代码	BEX050	脐血病	
医学诊断	GB/T 15657-1995	中医病证分类与代码	BEX060	脐突病	
医学诊断	GB/T 15657-1995	中医病证分类与代码	BEZ	儿科杂病类	
医学诊断	GB/T 15657-1995	中医病证分类与代码	BEZ010	小儿咳嗽病	
医学诊断	GB/T 15657-1995	中医病证分类与代码	BEZ020	肺炎喘嗽病	
医学诊断	GB/T 15657-1995	中医病证分类与代码	BEZ030	哮喘病	
医学诊断	GB/T 15657-1995	中医病证分类与代码	BEZ040	鹅口疮病	
医学诊断	GB/T 15657-1995	中医病证分类与代码	BEZ050	小儿口疮病	
医学诊断	GB/T 15657-1995	中医病证分类与代码	BEZ060	小儿乳蛾病	
医学诊断	GB/T 15657-1995	中医病证分类与代码	BEZ070	厌食病	
医学诊断	GB/T 15657-1995	中医病证分类与代码	BEZ080	积滞病	
医学诊断	GB/T 15657-1995	中医病证分类与代码	BEZ090	疳病	
医学诊断	GB/T 15657-1995	中医病证分类与代码	BEZ100	小儿呕吐病	
医学诊断	GB/T 15657-1995	中医病证分类与代码	BEZ110	小儿腹痛病	
医学诊断	GB/T 15657-1995	中医病证分类与代码	BEZ120	小儿泄泻病	
医学诊断	GB/T 15657-1995	中医病证分类与代码	BEZ130	小儿脱肛病	
医学诊断	GB/T 15657-1995	中医病证分类与代码	BEZ140	小儿痫病	
医学诊断	GB/T 15657-1995	中医病证分类与代码	BEZ150	惊风病	
医学诊断	GB/T 15657-1995	中医病证分类与代码	BEZ151	急惊风病	
医学诊断	GB/T 15657-1995	中医病证分类与代码	BEZ152	慢惊风病	
医学诊断	GB/T 15657-1995	中医病证分类与代码	BEZ160	五迟、五软病	
医学诊断	GB/T 15657-1995	中医病证分类与代码	BEZ161	佝偻病	
医学诊断	GB/T 15657-1995	中医病证分类与代码	BEZ170	小儿痿病	
医学诊断	GB/T 15657-1995	中医病证分类与代码	BEZ180	五硬病	
医学诊断	GB/T 15657-1995	中医病证分类与代码	BEZ190	解颅病	
医学诊断	GB/T 15657-1995	中医病证分类与代码	BEZ200	尿频病	
医学诊断	GB/T 15657-1995	中医病证分类与代码	BEZ210	小儿遗尿病	
医学诊断	GB/T 15657-1995	中医病证分类与代码	BEZ220	小儿水肿病	
医学诊断	GB/T 15657-1995	中医病证分类与代码	BEZ230	夜啼病	
医学诊断	GB/T 15657-1995	中医病证分类与代码	BEZ240	小儿紫癜病	
医学诊断	GB/T 15657-1995	中医病证分类与代码	BEZ250	小儿汗病	
医学诊断	GB/T 15657-1995	中医病证分类与代码	BF	妇科病	
医学诊断	GB/T 15657-1995	中医病证分类与代码	BFA	妇科癌 病类	
医学诊断	GB/T 15657-1995	中医病证分类与代码	BFA000	妇科癌病	
医学诊断	GB/T 15657-1995	中医病证分类与代码	BFC	产后病类	
医学诊断	GB/T 15657-1995	中医病证分类与代码	BFC010	产后血晕病	
医学诊断	GB/T 15657-1995	中医病证分类与代码	BFC011	产后血崩病	
医学诊断	GB/T 15657-1995	中医病证分类与代码	BFC020	产后痉病	
医学诊断	GB/T 15657-1995	中医病证分类与代码	BFC030	产后腹痛病	
医学诊断	GB/T 15657-1995	中医病证分类与代码	BFC040	产后恶露不绝病	
医学诊断	GB/T 15657-1995	中医病证分类与代码	BFC050	产后恶露不下病	
医学诊断	GB/T 15657-1995	中医病证分类与代码	BFC060	产后大便难病	
医学诊断	GB/T 15657-1995	中医病证分类与代码	BFC070	产后遗粪病	
医学诊断	GB/T 15657-1995	中医病证分类与代码	BFC080	产后发热病	
医学诊断	GB/T 15657-1995	中医病证分类与代码	BFC081	产后感染发热病	
医学诊断	GB/T 15657-1995	中医病证分类与代码	BFC090	产后汗病	
医学诊断	GB/T 15657-1995	中医病证分类与代码	BFC091	产后自汗、盗汗病	
医学诊断	GB/T 15657-1995	中医病证分类与代码	BFC100	产后身痛病	
医学诊断	GB/T 15657-1995	中医病证分类与代码	BFC110	产后缺乳病	
医学诊断	GB/T 15657-1995	中医病证分类与代码	BFC120	产后乳汁自出病	
医学诊断	GB/T 15657-1995	中医病证分类与代码	BFC130	产后小便不通病	
医学诊断	GB/T 15657-1995	中医病证分类与代码	BFC140	产后小便频数病	
医学诊断	GB/T 15657-1995	中医病证分类与代码	BFC150	产后小便淋沥病	
医学诊断	GB/T 15657-1995	中医病证分类与代码	BFC160	产后尿血病	
医学诊断	GB/T 15657-1995	中医病证分类与代码	BFC170	产后遗尿病	
医学诊断	GB/T 15657-1995	中医病证分类与代码	BFC180	交肠病	
医学诊断	GB/T 15657-1995	中医病证分类与代码	BFD	带下病类	
医学诊断	GB/T 15657-1995	中医病证分类与代码	BFD010	带下病	
医学诊断	GB/T 15657-1995	中医病证分类与代码	BFL	妇科瘤病类	
医学诊断	GB/T 15657-1995	中医病证分类与代码	BFL000	妇科瘤病	
医学诊断	GB/T 15657-1995	中医病证分类与代码	BFR	妊娠病类	
医学诊断	GB/T 15657-1995	中医病证分类与代码	BFR010	妊娠恶阻病	
医学诊断	GB/T 15657-1995	中医病证分类与代码	BFR020	妊娠腹痛病	
医学诊断	GB/T 15657-1995	中医病证分类与代码	BFR030	胎漏病	
医学诊断	GB/T 15657-1995	中医病证分类与代码	BFR040	胎动不安病	
医学诊断	GB/T 15657-1995	中医病证分类与代码	BFR050	滑胎病	
医学诊断	GB/T 15657-1995	中医病证分类与代码	BFR051	堕胎病	
医学诊断	GB/T 15657-1995	中医病证分类与代码	BFR052	小产病	
医学诊断	GB/T 15657-1995	中医病证分类与代码	BFR060	胎萎不长病	
医学诊断	GB/T 15657-1995	中医病证分类与代码	BFR070	胎死不下病	
医学诊断	GB/T 15657-1995	中医病证分类与代码	BFR080	子烦病	
医学诊断	GB/T 15657-1995	中医病证分类与代码	BFR090	子肿病	
医学诊断	GB/T 15657-1995	中医病证分类与代码	BFR100	子满病	
医学诊断	GB/T 15657-1995	中医病证分类与代码	BFR110	子晕病	
医学诊断	GB/T 15657-1995	中医病证分类与代码	BFR120	子痫病	
医学诊断	GB/T 15657-1995	中医病证分类与代码	BFR130	子悬病	
医学诊断	GB/T 15657-1995	中医病证分类与代码	BFR140	子 病	
医学诊断	GB/T 15657-1995	中医病证分类与代码	BFR150	子嗽病	
医学诊断	GB/T 15657-1995	中医病证分类与代码	BFR160	子淋病	
医学诊断	GB/T 15657-1995	中医病证分类与代码	BFR170	转胞病	
医学诊断	GB/T 15657-1995	中医病证分类与代码	BFR180	难产病	
医学诊断	GB/T 15657-1995	中医病证分类与代码	BFR190	胞衣不下病	
医学诊断	GB/T 15657-1995	中医病证分类与代码	BFR200	孕痈病	
医学诊断	GB/T 15657-1995	中医病证分类与代码	BFY	月经病类	
医学诊断	GB/T 15657-1995	中医病证分类与代码	BFY010	月经先期病	
医学诊断	GB/T 15657-1995	中医病证分类与代码	BFY020	月经后期病	
医学诊断	GB/T 15657-1995	中医病证分类与代码	BFY030	月经先后无定期病	
医学诊断	GB/T 15657-1995	中医病证分类与代码	BFY040	月经过多病	
医学诊断	GB/T 15657-1995	中医病证分类与代码	BFY050	月经过少病	
医学诊断	GB/T 15657-1995	中医病证分类与代码	BFY060	经期延长病	
医学诊断	GB/T 15657-1995	中医病证分类与代码	BFY080	经间期出血病	
医学诊断	GB/T 15657-1995	中医病证分类与代码	BFY090	闭经病	
医学诊断	GB/T 15657-1995	中医病证分类与代码	BFY100	崩漏病	
医学诊断	GB/T 15657-1995	中医病证分类与代码	BFY110	经行乳房胀痛病	
医学诊断	GB/T 15657-1995	中医病证分类与代码	BFY120	经行发热病	
医学诊断	GB/T 15657-1995	中医病证分类与代码	BFY130	经行头痛病	
医学诊断	GB/T 15657-1995	中医病证分类与代码	BFY140	经行眩晕病	
医学诊断	GB/T 15657-1995	中医病证分类与代码	BFY150	经行身痛病	
医学诊断	GB/T 15657-1995	中医病证分类与代码	BFY160	经行口糜病	
医学诊断	GB/T 15657-1995	中医病证分类与代码	BFY170	经行风疹块病	
医学诊断	GB/T 15657-1995	中医病证分类与代码	BFY180	经行吐衄病	
医学诊断	GB/T 15657-1995	中医病证分类与代码	BFY190	经行泄泻病	
医学诊断	GB/T 15657-1995	中医病证分类与代码	BFY200	经行浮肿病	
医学诊断	GB/T 15657-1995	中医病证分类与代码	BFY210	经行情志异常病	
医学诊断	GB/T 15657-1995	中医病证分类与代码	BFY220	绝经前后诸病	
医学诊断	GB/T 15657-1995	中医病证分类与代码	BFY70	痛经病	
医学诊断	GB/T 15657-1995	中医病证分类与代码	BFZ	妇科其他病类	
医学诊断	GB/T 15657-1995	中医病证分类与代码	BG	骨伤科病	
医学诊断	GB/T 15657-1995	中医病证分类与代码	BGC	创伤病类	
医学诊断	GB/T 15657-1995	中医病证分类与代码	BGC000	创伤病	
医学诊断	GB/T 15657-1995	中医病证分类与代码	BGG	骨折病类	
医学诊断	GB/T 15657-1995	中医病证分类与代码	BGG000	骨折病	
医学诊断	GB/T 15657-1995	中医病证分类与代码	BGL	骨伤科瘤病类	
医学诊断	GB/T 15657-1995	中医病证分类与代码	BGL000	骨伤科瘤病	
医学诊断	GB/T 15657-1995	中医病证分类与代码	BGS	伤筋病类	
医学诊断	GB/T 15657-1995	中医病证分类与代码	BGS000	伤筋病	
医学诊断	GB/T 15657-1995	中医病证分类与代码	BGS010	落枕病	
医学诊断	GB/T 15657-1995	中医病证分类与代码	BGS020	漏肩风病	
医学诊断	GB/T 15657-1995	中医病证分类与代码	BGT	脱位病类	
医学诊断	GB/T 15657-1995	中医病证分类与代码	BGT000	脱位病	
医学诊断	GB/T 15657-1995	中医病证分类与代码	BGU	损伤内证病类	
医学诊断	GB/T 15657-1995	中医病证分类与代码	BGU010	头部内伤病	
医学诊断	GB/T 15657-1995	中医病证分类与代码	BGU020	胸部内伤病	
医学诊断	GB/T 15657-1995	中医病证分类与代码	BGU030	腹部内伤病	
医学诊断	GB/T 15657-1995	中医病证分类与代码	BGU040	损伤出血病	
医学诊断	GB/T 15657-1995	中医病证分类与代码	BGU050	损伤疼痛病	
医学诊断	GB/T 15657-1995	中医病证分类与代码	BGU060	伤后发热病	
医学诊断	GB/T 15657-1995	中医病证分类与代码	BGU070	损伤昏厥病	
医学诊断	GB/T 15657-1995	中医病证分类与代码	BGU080	伤后癃闭病	
医学诊断	GB/T 15657-1995	中医病证分类与代码	BGU090	损伤痿软麻木病	
医学诊断	GB/T 15657-1995	中医病证分类与代码	BGU100	损伤眩晕病	
医学诊断	GB/T 15657-1995	中医病证分类与代码	BGU110	损伤喘咳病	
医学诊断	GB/T 15657-1995	中医病证分类与代码	BGZ010	癥瘕病	
医学诊断	GB/T 15657-1995	中医病证分类与代码	BGZ020	阴挺病	
医学诊断	GB/T 15657-1995	中医病证分类与代码	BGZ030	脏躁病	
医学诊断	GB/T 15657-1995	中医病证分类与代码	BGZ040	不孕病	
医学诊断	GB/T 15657-1995	中医病证分类与代码	BGZ050	阴痒病	
医学诊断	GB/T 15657-1995	中医病证分类与代码	BGZ060	阴疮病	
医学诊断	GB/T 15657-1995	中医病证分类与代码	BGZ070	阴吹病	
医学诊断	GB/T 15657-1995	中医病证分类与代码	BGZ080	热入血室病	
医学诊断	GB/T 15657-1995	中医病证分类与代码	BN	内科病	
医学诊断	GB/T 15657-1995	中医病证分类与代码	BNA000	内科癌病	
医学诊断	GB/T 15657-1995	中医病证分类与代码	BNA	内科癌病类	
医学诊断	GB/T 15657-1995	中医病证分类与代码	BNC	虫病类	
医学诊断	GB/T 15657-1995	中医病证分类与代码	BNC000	虫病（丝虫病）	
医学诊断	GB/T 15657-1995	中医病证分类与代码	BNC000	虫病（囊虫病）	
医学诊断	GB/T 15657-1995	中医病证分类与代码	BNC000	虫病（姜片虫病）	
医学诊断	GB/T 15657-1995	中医病证分类与代码	BNC000	虫病（钩虫病）	
医学诊断	GB/T 15657-1995	中医病证分类与代码	BNC000	虫病（蛔虫病）	
医学诊断	GB/T 15657-1995	中医病证分类与代码	BNC000	虫病（蛲虫病）	
医学诊断	GB/T 15657-1995	中医病证分类与代码	BNC000	虫病（血吸虫病）	
医学诊断	GB/T 15657-1995	中医病证分类与代码	BNC000	虫病（绦虫病）	
医学诊断	GB/T 15657-1995	中医病证分类与代码	BNF	肺系病类	
医学诊断	GB/T 15657-1995	中医病证分类与代码	BNF0051	暴喘病	
医学诊断	GB/T 15657-1995	中医病证分类与代码	BNF010	咳嗽病	
医学诊断	GB/T 15657-1995	中医病证分类与代码	BNF011	外感咳嗽病	
医学诊断	GB/T 15657-1995	中医病证分类与代码	BNF012	内伤咳嗽病	
医学诊断	GB/T 15657-1995	中医病证分类与代码	BNF020	肺痿病	
医学诊断	GB/T 15657-1995	中医病证分类与代码	BNF030	肺痈病	
医学诊断	GB/T 15657-1995	中医病证分类与代码	BNF040	哮病	
医学诊断	GB/T 15657-1995	中医病证分类与代码	BNF050	喘病	
医学诊断	GB/T 15657-1995	中医病证分类与代码	BNF060	肺胀病	
医学诊断	GB/T 15657-1995	中医病证分类与代码	BNF070	肺痨病	
医学诊断	GB/T 15657-1995	中医病证分类与代码	BNF080	咯血病	
医学诊断	GB/T 15657-1995	中医病证分类与代码	BNF090	鼻衄病	
医学诊断	GB/T 15657-1995	中医病证分类与代码	BNF100	失音病	
医学诊断	GB/T 15657-1995	中医病证分类与代码	BNF110	肺衰病	
医学诊断	GB/T 15657-1995	中医病证分类与代码	BNG	肺系病类	
医学诊断	GB/T 15657-1995	中医病证分类与代码	BNG010	胁痛病	
医学诊断	GB/T 15657-1995	中医病证分类与代码	BNG020	黄疽病	
医学诊断	GB/T 15657-1995	中医病证分类与代码	BNG021	阴黄病	
医学诊断	GB/T 15657-1995	中医病证分类与代码	BNG022	阳黄病	
医学诊断	GB/T 15657-1995	中医病证分类与代码	BNG023	急黄病	
医学诊断	GB/T 15657-1995	中医病证分类与代码	BNG030	萎黄病	
医学诊断	GB/T 15657-1995	中医病证分类与代码	BNG040	积聚病	
医学诊断	GB/T 15657-1995	中医病证分类与代码	BNG041	积病	
医学诊断	GB/T 15657-1995	中医病证分类与代码	BNG042	聚病	
医学诊断	GB/T 15657-1995	中医病证分类与代码	BNG050	膨胀病	
医学诊断	GB/T 15657-1995	中医病证分类与代码	BNG051	水臌病	
医学诊断	GB/T 15657-1995	中医病证分类与代码	BNG052	气臌病	
医学诊断	GB/T 15657-1995	中医病证分类与代码	BNG053	血臌病	
医学诊断	GB/T 15657-1995	中医病证分类与代码	BNG054	虫臌病	
医学诊断	GB/T 15657-1995	中医病证分类与代码	BNG060	头痛病	
医学诊断	GB/T 15657-1995	中医病证分类与代码	BNG061	头风病	
医学诊断	GB/T 15657-1995	中医病证分类与代码	BNG070	眩晕病	
医学诊断	GB/T 15657-1995	中医病证分类与代码	BNG080	中风病	
医学诊断	GB/T 15657-1995	中医病证分类与代码	BNG090	痉病	
医学诊断	GB/T 15657-1995	中医病证分类与代码	BNG100	厥病	
医学诊断	GB/T 15657-1995	中医病证分类与代码	BNG101	气厥病	
医学诊断	GB/T 15657-1995	中医病证分类与代码	BNG102	血厥病	
医学诊断	GB/T 15657-1995	中医病证分类与代码	BNG103	痰厥病	
医学诊断	GB/T 15657-1995	中医病证分类与代码	BNG104	食厥病	
医学诊断	GB/T 15657-1995	中医病证分类与代码	BNG105	寒厥病	
医学诊断	GB/T 15657-1995	中医病证分类与代码	BNG106	热厥病	
医学诊断	GB/T 15657-1995	中医病证分类与代码	BNG110	郁病	
医学诊断	GB/T 15657-1995	中医病证分类与代码	BNG120	瘿病	
医学诊断	GB/T 15657-1995	中医病证分类与代码	BNG121	气瘿病	
医学诊断	GB/T 15657-1995	中医病证分类与代码	BNG122	肉瘿病	
医学诊断	GB/T 15657-1995	中医病证分类与代码	BNG123	瘿痈病	
医学诊断	GB/T 15657-1995	中医病证分类与代码	BNG130	胆胀病	
医学诊断	GB/T 15657-1995	中医病证分类与代码	BNL000	内科瘤病	
医学诊断	GB/T 15657-1995	中医病证分类与代码	BNL	骨伤科瘤病类	
医学诊断	GB/T 15657-1995	中医病证分类与代码	BNP	脾系病类	
医学诊断	GB/T 15657-1995	中医病证分类与代码	BNP000	脾系病（便秘病）	
医学诊断	GB/T 15657-1995	中医病证分类与代码	BNP010	胃脘痛病	
医学诊断	GB/T 15657-1995	中医病证分类与代码	BNP020	胃痞病	
医学诊断	GB/T 15657-1995	中医病证分类与代码	BNP030	吐酸病	
医学诊断	GB/T 15657-1995	中医病证分类与代码	BNP040	反胃病	
医学诊断	GB/T 15657-1995	中医病证分类与代码	BNP050	呕吐病	
医学诊断	GB/T 15657-1995	中医病证分类与代码	BNP051	暴吐病	
医学诊断	GB/T 15657-1995	中医病证分类与代码	BNP060	呃逆病	
医学诊断	GB/T 15657-1995	中医病证分类与代码	BNP070	嘈杂病	
医学诊断	GB/T 15657-1995	中医病证分类与代码	BNP080	噎膈病	
医学诊断	GB/T 15657-1995	中医病证分类与代码	BNP090	腹痛病	
医学诊断	GB/T 15657-1995	中医病证分类与代码	BNP091	卒腹痛病	
医学诊断	GB/T 15657-1995	中医病证分类与代码	BNP100	腹胀满病	
医学诊断	GB/T 15657-1995	中医病证分类与代码	BNP110	泄泻病	
医学诊断	GB/T 15657-1995	中医病证分类与代码	BNP111	暴泻病	
医学诊断	GB/T 15657-1995	中医病证分类与代码	BNP120	吐血病	
医学诊断	GB/T 15657-1995	中医病证分类与代码	BNP130	便血病	
医学诊断	GB/T 15657-1995	中医病证分类与代码	BNP140	齿衄病	
医学诊断	GB/T 15657-1995	中医病证分类与代码	BNP150	紫癜病	
医学诊断	GB/T 15657-1995	中医病证分类与代码	BNP160	痰饮病	
医学诊断	GB/T 15657-1995	中医病证分类与代码	BNP170	悬饮病	
医学诊断	GB/T 15657-1995	中医病证分类与代码	BNP180	溢饮病	
医学诊断	GB/T 15657-1995	中医病证分类与代码	BNP190	支饮病	
医学诊断	GB/T 15657-1995	中医病证分类与代码	BNS	肾系病类	
医学诊断	GB/T 15657-1995	中医病证分类与代码	BNS010	水肿病	
医学诊断	GB/T 15657-1995	中医病证分类与代码	BNS011	阳水病	
医学诊断	GB/T 15657-1995	中医病证分类与代码	BNS012	阴水病	
医学诊断	GB/T 15657-1995	中医病证分类与代码	BNS020	热淋病	
医学诊断	GB/T 15657-1995	中医病证分类与代码	BNS030	石淋病	
医学诊断	GB/T 15657-1995	中医病证分类与代码	BNS040	气淋病	
医学诊断	GB/T 15657-1995	中医病证分类与代码	BNS050	血淋病	
医学诊断	GB/T 15657-1995	中医病证分类与代码	BNS060	膏淋病	
医学诊断	GB/T 15657-1995	中医病证分类与代码	BNS070	劳淋病	
医学诊断	GB/T 15657-1995	中医病证分类与代码	BNS080	乳糜尿病	
医学诊断	GB/T 15657-1995	中医病证分类与代码	BNS090	尿浊病	
医学诊断	GB/T 15657-1995	中医病证分类与代码	BNS100	尿血病	
医学诊断	GB/T 15657-1995	中医病证分类与代码	BNS110	遗尿病	
医学诊断	GB/T 15657-1995	中医病证分类与代码	BNS120	癃闭病	
医学诊断	GB/T 15657-1995	中医病证分类与代码	BNS130	关格病	
医学诊断	GB/T 15657-1995	中医病证分类与代码	BNS140	肾衰病	
医学诊断	GB/T 15657-1995	中医病证分类与代码	BNS150	腰痛病	
医学诊断	GB/T 15657-1995	中医病证分类与代码	BNS160	遗精病	
医学诊断	GB/T 15657-1995	中医病证分类与代码	BNS161	梦遗病	
医学诊断	GB/T 15657-1995	中医病证分类与代码	BNS162	滑精病	
医学诊断	GB/T 15657-1995	中医病证分类与代码	BNS170	早泄病	
医学诊断	GB/T 15657-1995	中医病证分类与代码	BNS180	阳萎病	
医学诊断	GB/T 15657-1995	中医病证分类与代码	BNS190	耳鸣、耳聋病	
医学诊断	GB/T 15657-1995	中医病证分类与代码	BNS191	耳鸣病	
医学诊断	GB/T 15657-1995	中医病证分类与代码	BNS192	耳聋病	
医学诊断	GB/T 15657-1995	中医病证分类与代码	BNV	内科其他病类	
医学诊断	GB/T 15657-1995	中医病证分类与代码	BNV000	内科其他病（脚气病）	
医学诊断	GB/T 15657-1995	中医病证分类与代码	BNV010	内伤发热病	
医学诊断	GB/T 15657-1995	中医病证分类与代码	BNV020	虚病	
医学诊断	GB/T 15657-1995	中医病证分类与代码	BNV030	痿病	
医学诊断	GB/T 15657-1995	中医病证分类与代码	BNV040	汗病	
医学诊断	GB/T 15657-1995	中医病证分类与代码	BNV041	自汗病	
医学诊断	GB/T 15657-1995	中医病证分类与代码	BNV042	盗汗病	
医学诊断	GB/T 15657-1995	中医病证分类与代码	BNV050	痛风病	
医学诊断	GB/T 15657-1995	中医病证分类与代码	BNV060	消渴病	
医学诊断	GB/T 15657-1995	中医病证分类与代码	BNV070	风湿痹病	
医学诊断	GB/T 15657-1995	中医病证分类与代码	BNV080	痹病	
医学诊断	GB/T 15657-1995	中医病证分类与代码	BNV090	骨痹病	
医学诊断	GB/T 15657-1995	中医病证分类与代码	BNV100	肌痹病	
医学诊断	GB/T 15657-1995	中医病证分类与代码	BNV110	面痛病	
医学诊断	GB/T 15657-1995	中医病证分类与代码	BNV120	面瘫病	
医学诊断	GB/T 15657-1995	中医病证分类与代码	BNV130	颤病	
医学诊断	GB/T 15657-1995	中医病证分类与代码	BNV140	急风病	
医学诊断	GB/T 15657-1995	中医病证分类与代码	BNV150	厥脱病	
医学诊断	GB/T 15657-1995	中医病证分类与代码	BNV160	脱病	
医学诊断	GB/T 15657-1995	中医病证分类与代码	BNV170	闭病	
医学诊断	GB/T 15657-1995	中医病证分类与代码	BNV180	肥胖病	
医学诊断	GB/T 15657-1995	中医病证分类与代码	BNV190	中毒病	
医学诊断	GB/T 15657-1995	中医病证分类与代码	BNW	外感热病类	
医学诊断	GB/T 15657-1995	中医病证分类与代码	BNW000	外感热病（疟疾病）	
医学诊断	GB/T 15657-1995	中医病证分类与代码	BNW000	外感热病（痢疾病）	
医学诊断	GB/T 15657-1995	中医病证分类与代码	BNW000	外感热病（霍乱病）	
医学诊断	GB/T 15657-1995	中医病证分类与代码	BNW010	感冒病	
医学诊断	GB/T 15657-1995	中医病证分类与代码	BNW011	时行感冒病	
医学诊断	GB/T 15657-1995	中医病证分类与代码	BNW020	外感高热病	
医学诊断	GB/T 15657-1995	中医病证分类与代码	BNW030	风温病	
医学诊断	GB/T 15657-1995	中医病证分类与代码	BNW031	风温肺热病	
医学诊断	GB/T 15657-1995	中医病证分类与代码	BNW040	春温病	
医学诊断	GB/T 15657-1995	中医病证分类与代码	BNW050	暑温病	
医学诊断	GB/T 15657-1995	中医病证分类与代码	BNW060	冒暑病	
医学诊断	GB/T 15657-1995	中医病证分类与代码	BNW070	暑秽病	
医学诊断	GB/T 15657-1995	中医病证分类与代码	BNW080	中暑病	
医学诊断	GB/T 15657-1995	中医病证分类与代码	BNW090	湿温病	
医学诊断	GB/T 15657-1995	中医病证分类与代码	BNW091	湿阻病	
医学诊断	GB/T 15657-1995	中医病证分类与代码	BNW100	伏暑病	
医学诊断	GB/T 15657-1995	中医病证分类与代码	BNW110	秋燥病	
医学诊断	GB/T 15657-1995	中医病证分类与代码	BNW111	温燥病	
医学诊断	GB/T 15657-1995	中医病证分类与代码	BNW112	凉燥病	
医学诊断	GB/T 15657-1995	中医病证分类与代码	BNW120	大头瘟病	
医学诊断	GB/T 15657-1995	中医病证分类与代码	BNW130	烂喉痧病	
医学诊断	GB/T 15657-1995	中医病证分类与代码	BNW140	疫毒痢病	
医学诊断	GB/T 15657-1995	中医病证分类与代码	BNW150	太阳病	
医学诊断	GB/T 15657-1995	中医病证分类与代码	BNW160	少阳病	
医学诊断	GB/T 15657-1995	中医病证分类与代码	BNW170	阳明病	
医学诊断	GB/T 15657-1995	中医病证分类与代码	BNW180	太阴病	
医学诊断	GB/T 15657-1995	中医病证分类与代码	BNW190	少阴病	
医学诊断	GB/T 15657-1995	中医病证分类与代码	BNW200	厥阴病	
医学诊断	GB/T 15657-1995	中医病证分类与代码	BNX	心系病类	
医学诊断	GB/T 15657-1995	中医病证分类与代码	BNX010	心悸病	
医学诊断	GB/T 15657-1995	中医病证分类与代码	BNX011	惊悸病	
医学诊断	GB/T 15657-1995	中医病证分类与代码	BNX012	怔忡病	
医学诊断	GB/T 15657-1995	中医病证分类与代码	BNX020	胸痹心痛病	
医学诊断	GB/T 15657-1995	中医病证分类与代码	BNX021	卒心痛病	
医学诊断	GB/T 15657-1995	中医病证分类与代码	BNX030	心衰病	
医学诊断	GB/T 15657-1995	中医病证分类与代码	BNX040	不寐病	
医学诊断	GB/T 15657-1995	中医病证分类与代码	BNX050	多寐病	
医学诊断	GB/T 15657-1995	中医病证分类与代码	BNX060	健忘病	
医学诊断	GB/T 15657-1995	中医病证分类与代码	BNX070	癫狂病	
医学诊断	GB/T 15657-1995	中医病证分类与代码	BNX071	癫病	
医学诊断	GB/T 15657-1995	中医病证分类与代码	BNX072	狂病	
医学诊断	GB/T 15657-1995	中医病证分类与代码	BNX080	痫病	
医学诊断	GB/T 15657-1995	中医病证分类与代码	BNX090	昏迷病	
医学诊断	GB/T 15657-1995	中医病证分类与代码	BNX091	神昏病	
医学诊断	GB/T 15657-1995	中医病证分类与代码	BNX100	痴呆病	
医学诊断	GB/T 15657-1995	中医病证分类与代码	BNX110	抽搐病	
医学诊断	GB/T 15657-1995	中医病证分类与代码	BNX120	薄厥病	
医学诊断	GB/T 15657-1995	中医病证分类与代码	BNX130	卒死病	
医学诊断	GB/T 15657-1995	中医病证分类与代码	BR	耳鼻喉科病	
医学诊断	GB/T 15657-1995	中医病证分类与代码	BRA	耳鼻喉癌病类	
医学诊断	GB/T 15657-1995	中医病证分类与代码	BRA000	耳鼻喉癌病（舌癌病）	
医学诊断	GB/T 15657-1995	中医病证分类与代码	BRA010	咽喉菌病	
医学诊断	GB/T 15657-1995	中医病证分类与代码	BRA011	咽菌病	
医学诊断	GB/T 15657-1995	中医病证分类与代码	BRA012	喉菌病	
医学诊断	GB/T 15657-1995	中医病证分类与代码	BRB	鼻病类	
医学诊断	GB/T 15657-1995	中医病证分类与代码	BRB010	鼻疔病	
医学诊断	GB/T 15657-1995	中医病证分类与代码	BRB020	鼻疳病	
医学诊断	GB/T 15657-1995	中医病证分类与代码	BRB030	鼻寒病	
医学诊断	GB/T 15657-1995	中医病证分类与代码	BRB031	伤风鼻寒病	
医学诊断	GB/T 15657-1995	中医病证分类与代码	BRB032	鼻窒病	
医学诊断	GB/T 15657-1995	中医病证分类与代码	BRB040	鼻槁病	
医学诊断	GB/T 15657-1995	中医病证分类与代码	BRB050	鼻鼽病	
医学诊断	GB/T 15657-1995	中医病证分类与代码	BRB060	鼻渊病	
医学诊断	GB/T 15657-1995	中医病证分类与代码	BRB070	鼻息肉病	
医学诊断	GB/T 15657-1995	中医病证分类与代码	BRB080	鼻损伤病	
医学诊断	GB/T 15657-1995	中医病证分类与代码	BRB090	异物入鼻病	
医学诊断	GB/T 15657-1995	中医病证分类与代码	BRE	耳病类	
医学诊断	GB/T 15657-1995	中医病证分类与代码	BRE010	耳疖病	
医学诊断	GB/T 15657-1995	中医病证分类与代码	BRE020	耳疮病	
医学诊断	GB/T 15657-1995	中医病证分类与代码	BRE030	耳壳流痰病	
医学诊断	GB/T 15657-1995	中医病证分类与代码	BRE040	断耳疮病	
医学诊断	GB/T 15657-1995	中医病证分类与代码	BRE050	耳胀、耳闭病	
医学诊断	GB/T 15657-1995	中医病证分类与代码	BRE051	耳胀病	
医学诊断	GB/T 15657-1995	中医病证分类与代码	BRE052	耳闭病	
医学诊断	GB/T 15657-1995	中医病证分类与代码	BRE060	脓耳病	
医学诊断	GB/T 15657-1995	中医病证分类与代码	BRE070	暴聋病	
医学诊断	GB/T 15657-1995	中医病证分类与代码	BRE080	久聋病	
医学诊断	GB/T 15657-1995	中医病证分类与代码	BRE090	耳眩晕病	
医学诊断	GB/T 15657-1995	中医病证分类与代码	BRE100	异物入耳病	
医学诊断	GB/T 15657-1995	中医病证分类与代码	BRE110	耵耳病	
医学诊断	GB/T 15657-1995	中医病证分类与代码	BRE120	聋哑病	
医学诊断	GB/T 15657-1995	中医病证分类与代码	BRE130	耳根毒病	
医学诊断	GB/T 15657-1995	中医病证分类与代码	BRE140	脓耳口眼吩 斜病	
医学诊断	GB/T 15657-1995	中医病证分类与代码	BRE150	黄耳伤寒病	
医学诊断	GB/T 15657-1995	中医病证分类与代码	BRK	口齿病类	
医学诊断	GB/T 15657-1995	中医病证分类与代码	BRK000	口齿病（龋齿病）	
医学诊断	GB/T 15657-1995	中医病证分类与代码	BRK010	牙痛病	
医学诊断	GB/T 15657-1995	中医病证分类与代码	BRK020	牙痈病	
医学诊断	GB/T 15657-1995	中医病证分类与代码	BRK030	牙 痈病	
医学诊断	GB/T 15657-1995	中医病证分类与代码	BRK040	牙宣病	
医学诊断	GB/T 15657-1995	中医病证分类与代码	BRK050	飞扬喉病	
医学诊断	GB/T 15657-1995	中医病证分类与代码	BRK060	口疮病	
医学诊断	GB/T 15657-1995	中医病证分类与代码	BRK070	口糜病	
医学诊断	GB/T 15657-1995	中医病证分类与代码	BRK080	唇风病	
医学诊断	GB/T 15657-1995	中医病证分类与代码	BRK090	骨槽风病	
医学诊断	GB/T 15657-1995	中医病证分类与代码	BRL	耳鼻喉瘤病类	
医学诊断	GB/T 15657-1995	中医病证分类与代码	BRL010	口舌痰包病	
医学诊断	GB/T 15657-1995	中医病证分类与代码	BRL020	喉瘤病	
医学诊断	GB/T 15657-1995	中医病证分类与代码	BRL030	耳 病	
医学诊断	GB/T 15657-1995	中医病证分类与代码	BRY	咽喉病类	
医学诊断	GB/T 15657-1995	中医病证分类与代码	BRY010	乳蛾病	
医学诊断	GB/T 15657-1995	中医病证分类与代码	BRY011	急乳蛾病	
医学诊断	GB/T 15657-1995	中医病证分类与代码	BRY012	慢乳蛾病	
医学诊断	GB/T 15657-1995	中医病证分类与代码	BRY020	喉痹病	
医学诊断	GB/T 15657-1995	中医病证分类与代码	BRY021	急喉痹病	
医学诊断	GB/T 15657-1995	中医病证分类与代码	BRY022	慢喉痹病	
医学诊断	GB/T 15657-1995	中医病证分类与代码	BRY030	喉痈病	
医学诊断	GB/T 15657-1995	中医病证分类与代码	BRY031	喉关痈病	
医学诊断	GB/T 15657-1995	中医病证分类与代码	BRY032	里喉痈病	
医学诊断	GB/T 15657-1995	中医病证分类与代码	BRY033	颌下痈病	
医学诊断	GB/T 15657-1995	中医病证分类与代码	BRY034	上颚痈病	
医学诊断	GB/T 15657-1995	中医病证分类与代码	BRY040	喉癣病	
医学诊断	GB/T 15657-1995	中医病证分类与代码	BRY050	喉 病	
医学诊断	GB/T 15657-1995	中医病证分类与代码	BRY051	急喉 病	
医学诊断	GB/T 15657-1995	中医病证分类与代码	BRY052	慢喉 病	
医学诊断	GB/T 15657-1995	中医病证分类与代码	BRY060	急喉风病	
医学诊断	GB/T 15657-1995	中医病证分类与代码	BRY070	梅核气病	
医学诊断	GB/T 15657-1995	中医病证分类与代码	BRY080	异物梗喉病	
医学诊断	GB/T 15657-1995	中医病证分类与代码	BW	外科病	
医学诊断	GB/T 15657-1995	中医病证分类与代码	BWA	外科癌病类	
医学诊断	GB/T 15657-1995	中医病证分类与代码	BWA010	石瘿病	
医学诊断	GB/T 15657-1995	中医病证分类与代码	BWA020	茧唇病	
医学诊断	GB/T 15657-1995	中医病证分类与代码	BWA030	失荣病	
医学诊断	GB/T 15657-1995	中医病证分类与代码	BWA040	乳癌病	
医学诊断	GB/T 15657-1995	中医病证分类与代码	BWA050	肾癌翻花病	
医学诊断	GB/T 15657-1995	中医病证分类与代码	BWA060	锁肛痔病	
医学诊断	GB/T 15657-1995	中医病证分类与代码	BWC	疮疡病类	
医学诊断	GB/T 15657-1995	中医病证分类与代码	BWC010	疖病	
医学诊断	GB/T 15657-1995	中医病证分类与代码	BWC011	暑疖病	
医学诊断	GB/T 15657-1995	中医病证分类与代码	BWC012	石疖病	
医学诊断	GB/T 15657-1995	中医病证分类与代码	BWC013	软疖病	
医学诊断	GB/T 15657-1995	中医病证分类与代码	BWC014	蝼蛄疖病	
医学诊断	GB/T 15657-1995	中医病证分类与代码	BWC020	颜面疔疮病	
医学诊断	GB/T 15657-1995	中医病证分类与代码	BWC030	手足疔疮病	
医学诊断	GB/T 15657-1995	中医病证分类与代码	BWC031	蛇眼疔病	
医学诊断	GB/T 15657-1995	中医病证分类与代码	BWC032	蛇头疔病	
医学诊断	GB/T 15657-1995	中医病证分类与代码	BWC033	蛇腹病	
医学诊断	GB/T 15657-1995	中医病证分类与代码	BWC034	托盘疔病	
医学诊断	GB/T 15657-1995	中医病证分类与代码	BWC035	足底病	
医学诊断	GB/T 15657-1995	中医病证分类与代码	BWC040	红丝疔病	
医学诊断	GB/T 15657-1995	中医病证分类与代码	BWC050	烂疔病	
医学诊断	GB/T 15657-1995	中医病证分类与代码	BWC060	疫疔病	
医学诊断	GB/T 15657-1995	中医病证分类与代码	BWC070	痈病	
医学诊断	GB/T 15657-1995	中医病证分类与代码	BWC071	肘痈病	
医学诊断	GB/T 15657-1995	中医病证分类与代码	BWC072	脐痈病	
医学诊断	GB/T 15657-1995	中医病证分类与代码	BWC073	腘窝痈病	
医学诊断	GB/T 15657-1995	中医病证分类与代码	BWC080	丹毒病	
医学诊断	GB/T 15657-1995	中医病证分类与代码	BWC090	发病	
医学诊断	GB/T 15657-1995	中医病证分类与代码	BWC091	锁喉痈病	
医学诊断	GB/T 15657-1995	中医病证分类与代码	BWC092	臀痈病	
医学诊断	GB/T 15657-1995	中医病证分类与代码	BWC093	腓 发病	
医学诊断	GB/T 15657-1995	中医病证分类与代码	BWC094	手发背病	
医学诊断	GB/T 15657-1995	中医病证分类与代码	BWC095	足发背病	
医学诊断	GB/T 15657-1995	中医病证分类与代码	BWC100	有头疽病	
医学诊断	GB/T 15657-1995	中医病证分类与代码	BWC101	脑疽病	
医学诊断	GB/T 15657-1995	中医病证分类与代码	BWC102	发背疽病	
医学诊断	GB/T 15657-1995	中医病证分类与代码	BWC103	膻中疽病	
医学诊断	GB/T 15657-1995	中医病证分类与代码	BWC104	少腹疽病	
医学诊断	GB/T 15657-1995	中医病证分类与代码	BWC110	发颐病	
医学诊断	GB/T 15657-1995	中医病证分类与代码	BWC120	流注病	
医学诊断	GB/T 15657-1995	中医病证分类与代码	BWC130	无头疽病	
医学诊断	GB/T 15657-1995	中医病证分类与代码	BWC131	附骨疽病	
医学诊断	GB/T 15657-1995	中医病证分类与代码	BWC132	环跳疽病	
医学诊断	GB/T 15657-1995	中医病证分类与代码	BWC133	腓 疽病	
医学诊断	GB/T 15657-1995	中医病证分类与代码	BWC140	走黄病	
医学诊断	GB/T 15657-1995	中医病证分类与代码	BWC150	内陷病	
医学诊断	GB/T 15657-1995	中医病证分类与代码	BWC160	瘰疬病	
医学诊断	GB/T 15657-1995	中医病证分类与代码	BWC170	流痰病	
医学诊断	GB/T 15657-1995	中医病证分类与代码	BWC180	臁疮病	
医学诊断	GB/T 15657-1995	中医病证分类与代码	BWC190	褥疮病	
医学诊断	GB/T 15657-1995	中医病证分类与代码	BWC200	脱疽病	
医学诊断	GB/T 15657-1995	中医病证分类与代码	BWC210	青蛇毒病	
医学诊断	GB/T 15657-1995	中医病证分类与代码	BWC220	股肿病	
医学诊断	GB/T 15657-1995	中医病证分类与代码	BWC230	痰毒病	
医学诊断	GB/T 15657-1995	中医病证分类与代码	BWC231	颈痈病	
医学诊断	GB/T 15657-1995	中医病证分类与代码	BWC232	腋痈病	
医学诊断	GB/T 15657-1995	中医病证分类与代码	BWC233	胯腹痈病	
医学诊断	GB/T 15657-1995	中医病证分类与代码	BWG	肛肠病类	
医学诊断	GB/T 15657-1995	中医病证分类与代码	BWG000	肛肠病（痔病）	
医学诊断	GB/T 15657-1995	中医病证分类与代码	BWG000	肛肠病（混合痔病）	
医学诊断	GB/T 15657-1995	中医病证分类与代码	BWG000	肛肠病（外痔病）	
医学诊断	GB/T 15657-1995	中医病证分类与代码	BWG000	肛肠病（内痔病）	
医学诊断	GB/T 15657-1995	中医病证分类与代码	BWG010	悬珠痔病	
医学诊断	GB/T 15657-1995	中医病证分类与代码	BWG020	息肉痔病	
医学诊断	GB/T 15657-1995	中医病证分类与代码	BWG030	肛裂病	
医学诊断	GB/T 15657-1995	中医病证分类与代码	BWG040	肛痈病	
医学诊断	GB/T 15657-1995	中医病证分类与代码	BWG050	肛漏病	
医学诊断	GB/T 15657-1995	中医病证分类与代码	BWG060	脱肛病	
医学诊断	GB/T 15657-1995	中医病证分类与代码	BWG070	肛门湿疡病	
医学诊断	GB/T 15657-1995	中医病证分类与代码	BWL	外科瘤瘤类	
医学诊断	GB/T 15657-1995	中医病证分类与代码	BWL010	气瘤病	
医学诊断	GB/T 15657-1995	中医病证分类与代码	BWL020	血瘤病	
医学诊断	GB/T 15657-1995	中医病证分类与代码	BWL030	肉瘤病	
医学诊断	GB/T 15657-1995	中医病证分类与代码	BWL040	筋瘤病	
医学诊断	GB/T 15657-1995	中医病证分类与代码	BWL050	骨瘤病	
医学诊断	GB/T 15657-1995	中医病证分类与代码	BWL060	脂瘤病	
医学诊断	GB/T 15657-1995	中医病证分类与代码	BWN	男性前阴病类	
医学诊断	GB/T 15657-1995	中医病证分类与代码	BWN010	子痈病	
医学诊断	GB/T 15657-1995	中医病证分类与代码	BWN020	子痰病	
医学诊断	GB/T 15657-1995	中医病证分类与代码	BWN030	囊痈病	
医学诊断	GB/T 15657-1995	中医病证分类与代码	BWN040	脱囊病	
医学诊断	GB/T 15657-1995	中医病证分类与代码	BWN050	阴茎痰核病	
医学诊断	GB/T 15657-1995	中医病证分类与代码	BWN060	血精病	
医学诊断	GB/T 15657-1995	中医病证分类与代码	BWN070	精浊病	
医学诊断	GB/T 15657-1995	中医病证分类与代码	BWN080	精癃病	
医学诊断	GB/T 15657-1995	中医病证分类与代码	BWP	皮肤病类	
医学诊断	GB/T 15657-1995	中医病证分类与代码	BWP010	热疮病	
医学诊断	GB/T 15657-1995	中医病证分类与代码	BWP020	蛇串疮病	
医学诊断	GB/T 15657-1995	中医病证分类与代码	BWP030	疣病	
医学诊断	GB/T 15657-1995	中医病证分类与代码	BWP031	扁瘊病	
医学诊断	GB/T 15657-1995	中医病证分类与代码	BWP032	疣目病	
医学诊断	GB/T 15657-1995	中医病证分类与代码	BWP033	鼠乳病	
医学诊断	GB/T 15657-1995	中医病证分类与代码	BWP040	黄水疮病	
医学诊断	GB/T 15657-1995	中医病证分类与代码	BWP050	登豆疮病	
医学诊断	GB/T 15657-1995	中医病证分类与代码	BWP060	癣病	
医学诊断	GB/T 15657-1995	中医病证分类与代码	BWR000	皮肤病（鸡眼病）	
医学诊断	GB/T 15657-1995	中医病证分类与代码	BWR000	皮肤病（胼胝病）	
医学诊断	GB/T 15657-1995	中医病证分类与代码	BWR000	皮肤病（疥疮病）	
医学诊断	GB/T 15657-1995	中医病证分类与代码	BWR000	皮肤病（淋病）	
医学诊断	GB/T 15657-1995	中医病证分类与代码	BWR000	皮肤病（梅毒病）	
医学诊断	GB/T 15657-1995	中医病证分类与代码	BWR	乳房病类	
医学诊断	GB/T 15657-1995	中医病证分类与代码	BWR000	皮肤病（麻风病）	
医学诊断	GB/T 15657-1995	中医病证分类与代码	BWR010	乳头破碎病	
医学诊断	GB/T 15657-1995	中医病证分类与代码	BWR020	乳痈病	
医学诊断	GB/T 15657-1995	中医病证分类与代码	BWR030	乳发病	
医学诊断	GB/T 15657-1995	中医病证分类与代码	BWR040	乳痨病	
医学诊断	GB/T 15657-1995	中医病证分类与代码	BWR050	乳癖病	
医学诊断	GB/T 15657-1995	中医病证分类与代码	BWR060	乳疬病	
医学诊断	GB/T 15657-1995	中医病证分类与代码	BWR061	白秃疮病	
医学诊断	GB/T 15657-1995	中医病证分类与代码	BWR062	肥疮病	
医学诊断	GB/T 15657-1995	中医病证分类与代码	BWR063	鹅掌风病	
医学诊断	GB/T 15657-1995	中医病证分类与代码	BWR064	脚湿气病	
医学诊断	GB/T 15657-1995	中医病证分类与代码	BWR065	灰指（趾）甲病	
医学诊断	GB/T 15657-1995	中医病证分类与代码	BWR066	圆癣病	
医学诊断	GB/T 15657-1995	中医病证分类与代码	BWR067	紫白癜风病	
医学诊断	GB/T 15657-1995	中医病证分类与代码	BWR070	乳漏病	
医学诊断	GB/T 15657-1995	中医病证分类与代码	BWR070	湿疮病	
医学诊断	GB/T 15657-1995	中医病证分类与代码	BWR071	奶癣病	
医学诊断	GB/T 15657-1995	中医病证分类与代码	BWR072	旋耳疮病	
医学诊断	GB/T 15657-1995	中医病证分类与代码	BWR073	窝疮病	
医学诊断	GB/T 15657-1995	中医病证分类与代码	BWR074	脐疮病	
医学诊断	GB/T 15657-1995	中医病证分类与代码	BWR075	乳头风病	
医学诊断	GB/T 15657-1995	中医病证分类与代码	BWR076	肾囊风病	
医学诊断	GB/T 15657-1995	中医病证分类与代码	BWR077	四弯风病	
医学诊断	GB/T 15657-1995	中医病证分类与代码	BWR080	乳衄病	
医学诊断	GB/T 15657-1995	中医病证分类与代码	BWR080	火赤疮病	
医学诊断	GB/T 15657-1995	中医病证分类与代码	BWR090	乳核病	
医学诊断	GB/T 15657-1995	中医病证分类与代码	BWR090	顽湿聚结病	
医学诊断	GB/T 15657-1995	中医病证分类与代码	BWR100	乳疽病	
医学诊断	GB/T 15657-1995	中医病证分类与代码	BWR100	药毒病	
医学诊断	GB/T 15657-1995	中医病证分类与代码	BWR110	粉刺性乳痈病	
医学诊断	GB/T 15657-1995	中医病证分类与代码	BWR110	瘾疹病	
医学诊断	GB/T 15657-1995	中医病证分类与代码	BWR120	土风疮病	
医学诊断	GB/T 15657-1995	中医病证分类与代码	BWR130	摄颂疮病	
医学诊断	GB/T 15657-1995	中医病证分类与代码	BWR140	风瘙痒病	
医学诊断	GB/T 15657-1995	中医病证分类与代码	BWR150	风热疮病	
医学诊断	GB/T 15657-1995	中医病证分类与代码	BWR160	紫癜风病	
医学诊断	GB/T 15657-1995	中医病证分类与代码	BWR170	白 病	
医学诊断	GB/T 15657-1995	中医病证分类与代码	BWR180	天疱疮病	
医学诊断	GB/T 15657-1995	中医病证分类与代码	BWR190	面游风病	
医学诊断	GB/T 15657-1995	中医病证分类与代码	BWR200	粉刺病	
医学诊断	GB/T 15657-1995	中医病证分类与代码	BWR210	酒齄鼻病	
医学诊断	GB/T 15657-1995	中医病证分类与代码	BWR220	油风病	
医学诊断	GB/T 15657-1995	中医病证分类与代码	BWR230	猫眼疮病	
医学诊断	GB/T 15657-1995	中医病证分类与代码	BWR240	瓜藤缠病	
医学诊断	GB/T 15657-1995	中医病证分类与代码	BWR250	红蝴蝶疮病	
医学诊断	GB/T 15657-1995	中医病证分类与代码	BWR260	皮痹病	
医学诊断	GB/T 15657-1995	中医病证分类与代码	BWR270	狐惑病	
医学诊断	GB/T 15657-1995	中医病证分类与代码	BWR280	流皮漏病	
医学诊断	GB/T 15657-1995	中医病证分类与代码	BWR290	白驳风病	
医学诊断	GB/T 15657-1995	中医病证分类与代码	BWR300	黧黑斑病	
医学诊断	GB/T 15657-1995	中医病证分类与代码	BWR310	蟹足肿病	
医学诊断	GB/T 15657-1995	中医病证分类与代码	BWV	外科其他病类	
医学诊断	GB/T 15657-1995	中医病证分类与代码	BWV000	外科其他病（冻疮病）	
医学诊断	GB/T 15657-1995	中医病证分类与代码	BWV000	外科其他病（毒虫咬伤病）	
医学诊断	GB/T 15657-1995	中医病证分类与代码	BWV000	外科其他病（毒蛇咬伤病）	
医学诊断	GB/T 15657-1995	中医病证分类与代码	BWV000	外科其他病（水火烫伤病）	
医学诊断	GB/T 15657-1995	中医病证分类与代码	BWV000	外科其他病（狗咬伤病）	
医学诊断	GB/T 15657-1995	中医病证分类与代码	BWV000	外科其他病（破伤风病）	
医学诊断	GB/T 15657-1995	中医病证分类与代码	BWV000	外科其他病（蝎螫伤病）	
医学诊断	GB/T 15657-1995	中医病证分类与代码	BWV000	外科其他病（蜈蚣螫伤病）	
医学诊断	GB/T 15657-1995	中医病证分类与代码	BWV000	外科其他病（蜂螫伤病）	
医学诊断	GB/T 15657-1995	中医病证分类与代码	BWV010	疝气病	
医学诊断	GB/T 15657-1995	中医病证分类与代码	BWV011	水疝病	
医学诊断	GB/T 15657-1995	中医病证分类与代码	BWV012	狐疝病	
医学诊断	GB/T 15657-1995	中医病证分类与代码	BWV020	肠痈病	
医学诊断	GB/T 15657-1995	中医病证分类与代码	BY	眼科病	
医学诊断	GB/T 15657-1995	中医病证分类与代码	BYA	眼科癌病类	
医学诊断	GB/T 15657-1995	中医病证分类与代码	BYA000	眼科癌病	
医学诊断	GB/T 15657-1995	中医病证分类与代码	BYB	胞睑病类	
医学诊断	GB/T 15657-1995	中医病证分类与代码	BYB010	针眼病	
医学诊断	GB/T 15657-1995	中医病证分类与代码	BYB020	胞生痰核病	
医学诊断	GB/T 15657-1995	中医病证分类与代码	BYB030	椒疮病	
医学诊断	GB/T 15657-1995	中医病证分类与代码	BYB031	沙眼病	
医学诊断	GB/T 15657-1995	中医病证分类与代码	BYB040	粟疮病	
医学诊断	GB/T 15657-1995	中医病证分类与代码	BYB050	睑弦赤烂病	
医学诊断	GB/T 15657-1995	中医病证分类与代码	BYB060	风赤疮痍病	
医学诊断	GB/T 15657-1995	中医病证分类与代码	BYB070	胞肿如桃病	
医学诊断	GB/T 15657-1995	中医病证分类与代码	BYB080	胞虚如球病	
医学诊断	GB/T 15657-1995	中医病证分类与代码	BYB090	上胞下垂病	
医学诊断	GB/T 15657-1995	中医病证分类与代码	BYB100	胞轮振跳病	
医学诊断	GB/T 15657-1995	中医病证分类与代码	BYB110	目 病	
医学诊断	GB/T 15657-1995	中医病证分类与代码	BYB120	睑内结石病	
医学诊断	GB/T 15657-1995	中医病证分类与代码	BYB130	眼丹病	
医学诊断	GB/T 15657-1995	中医病证分类与代码	BYB140	胞睑外翻病	
医学诊断	GB/T 15657-1995	中医病证分类与代码	BYB150	胞肉粘轮病	
医学诊断	GB/T 15657-1995	中医病证分类与代码	BYB160	倒睫卷毛病	
医学诊断	GB/T 15657-1995	中医病证分类与代码	BYH	黑睛病类	
医学诊断	GB/T 15657-1995	中医病证分类与代码	BYH010	聚星障病	
医学诊断	GB/T 15657-1995	中医病证分类与代码	BYH020	花翳白陷病	
医学诊断	GB/T 15657-1995	中医病证分类与代码	BYH030	凝脂翳病	
医学诊断	GB/T 15657-1995	中医病证分类与代码	BYH040	黄液上冲病	
医学诊断	GB/T 15657-1995	中医病证分类与代码	BYH050	蟹睛病	
医学诊断	GB/T 15657-1995	中医病证分类与代码	BYH060	混睛障病	
医学诊断	GB/T 15657-1995	中医病证分类与代码	BYH070	风轮赤豆病	
医学诊断	GB/T 15657-1995	中医病证分类与代码	BYH080	白膜侵睛病	
医学诊断	GB/T 15657-1995	中医病证分类与代码	BYH090	赤膜下垂病	
医学诊断	GB/T 15657-1995	中医病证分类与代码	BYH100	血翳包睛病	
医学诊断	GB/T 15657-1995	中医病证分类与代码	BYH110	宿翳病	
医学诊断	GB/T 15657-1995	中医病证分类与代码	BYL000	眼科瘤病	
医学诊断	GB/T 15657-1995	中医病证分类与代码	BYL	眼科瘤病类	
医学诊断	GB/T 15657-1995	中医病证分类与代码	BYM	白睛病类	
医学诊断	GB/T 15657-1995	中医病证分类与代码	BYM010	暴风客热病	
医学诊断	GB/T 15657-1995	中医病证分类与代码	BYM020	天行赤眼病	
医学诊断	GB/T 15657-1995	中医病证分类与代码	BYM030	天行赤眼暴翳病	
医学诊断	GB/T 15657-1995	中医病证分类与代码	BYM040	金疳病	
医学诊断	GB/T 15657-1995	中医病证分类与代码	BYM050	火疳病	
医学诊断	GB/T 15657-1995	中医病证分类与代码	BYM060	白睛青蓝病	
医学诊断	GB/T 15657-1995	中医病证分类与代码	BYM070	白涩病	
医学诊断	GB/T 15657-1995	中医病证分类与代码	BYM080	白睛溢血病	
医学诊断	GB/T 15657-1995	中医病证分类与代码	BYM090	时复病	
医学诊断	GB/T 15657-1995	中医病证分类与代码	BYT	瞳神病类	
医学诊断	GB/T 15657-1995	中医病证分类与代码	BYT010	瞳神紧小病	
医学诊断	GB/T 15657-1995	中医病证分类与代码	BYT011	瞳神干缺病	
医学诊断	GB/T 15657-1995	中医病证分类与代码	BYT020	绿风内障病	
医学诊断	GB/T 15657-1995	中医病证分类与代码	BYT030	青风内障病	
医学诊断	GB/T 15657-1995	中医病证分类与代码	BYT040	圆翳内障病》	
医学诊断	GB/T 15657-1995	中医病证分类与代码	BYT050	胎患内障病	
医学诊断	GB/T 15657-1995	中医病证分类与代码	BYT060	支雾移睛病	
医学诊断	GB/T 15657-1995	中医病证分类与代码	BYT070	暴盲病	
医学诊断	GB/T 15657-1995	中医病证分类与代码	BYT080	视瞻昏渺病	
医学诊断	GB/T 15657-1995	中医病证分类与代码	BYT090	青盲病	
医学诊断	GB/T 15657-1995	中医病证分类与代码	BYT100	高风雀目病	
医学诊断	GB/T 15657-1995	中医病证分类与代码	BYT110	视直如曲病	
医学诊断	GB/T 15657-1995	中医病证分类与代码	BYT120	血灌瞳神病	
医学诊断	GB/T 15657-1995	中医病证分类与代码	BYV	眼科其他病类	
医学诊断	GB/T 15657-1995	中医病证分类与代码	BYV000	眼科其他病（老视病）	
医学诊断	GB/T 15657-1995	中医病证分类与代码	BYV000	眼科其他病（近视病）	
医学诊断	GB/T 15657-1995	中医病证分类与代码	BYV000	眼科其他病（远视病）	
医学诊断	GB/T 15657-1995	中医病证分类与代码	BYV010	疳积上目病	
医学诊断	GB/T 15657-1995	中医病证分类与代码	BYV020	目偏视病	
医学诊断	GB/T 15657-1995	中医病证分类与代码	BYV030	辘轳转关病	
医学诊断	GB/T 15657-1995	中医病证分类与代码	BYV040	眉棱骨痛病	
医学诊断	GB/T 15657-1995	中医病证分类与代码	BYV050	鹘眼凝睛病	
医学诊断	GB/T 15657-1995	中医病证分类与代码	BYV060	突起睛高病	
医学诊断	GB/T 15657-1995	中医病证分类与代码	BYV070	神水将枯病	
医学诊断	GB/T 15657-1995	中医病证分类与代码	BYV080	目痒病	
医学诊断	GB/T 15657-1995	中医病证分类与代码	BYW	外伤眼病类	
医学诊断	GB/T 15657-1995	中医病证分类与代码	BYW000	外伤眼病（热烫伤目病）	
医学诊断	GB/T 15657-1995	中医病证分类与代码	BYW000	外伤眼病（电光伤目病）	
医学诊断	GB/T 15657-1995	中医病证分类与代码	BYW000	外伤眼病（酸碱伤目病）	
医学诊断	GB/T 15657-1995	中医病证分类与代码	BYW010	异物入目病	
医学诊断	GB/T 15657-1995	中医病证分类与代码	BYW020	振胞瘀痛病	
医学诊断	GB/T 15657-1995	中医病证分类与代码	BYW030	物损真睛病	
医学诊断	GB/T 15657-1995	中医病证分类与代码	BYW040	惊震内障病	
医学诊断	GB/T 15657-1995	中医病证分类与代码	BYW050	撞击伤目病	
医学诊断	GB/T 15657-1995	中医病证分类与代码	BYZ	眦病类	
医学诊断	GB/T 15657-1995	中医病证分类与代码	BYZ010	冷泪病	
医学诊断	GB/T 15657-1995	中医病证分类与代码	BYZ011	无时冷泪病	
医学诊断	GB/T 15657-1995	中医病证分类与代码	BYZ012	迎风冷泪病	
医学诊断	GB/T 15657-1995	中医病证分类与代码	BYZ020	漏睛病	
医学诊断	GB/T 15657-1995	中医病证分类与代码	BYZ030	漏睛疮病	
医学诊断	GB/T 15657-1995	中医病证分类与代码	BYZ040	赤脉传睛病	
医学诊断	GB/T 15657-1995	中医病证分类与代码	BYZ050	胬肉攀睛病	
医学诊断	GB/T 15657-1995	中医病证分类与代码	ZB	病因证候类	
医学诊断	GB/T 15657-1995	中医病证分类与代码	ZBC	虫证类	
医学诊断	GB/T 15657-1995	中医病证分类与代码	ZBC010	虫积证	
医学诊断	GB/T 15657-1995	中医病证分类与代码	ZBC011	虫结证	
医学诊断	GB/T 15657-1995	中医病证分类与代码	ZBC020	虫积化疳证	
医学诊断	GB/T 15657-1995	中医病证分类与代码	ZBC030	虫寄皮下证	
医学诊断	GB/T 15657-1995	中医病证分类与代码	ZBC040	虫侵于脑证	
医学诊断	GB/T 15657-1995	中医病证分类与代码	ZBC041	囊虫侵脑证	
医学诊断	GB/T 15657-1995	中医病证分类与代码	ZBC050	虫扰魄门证	
医学诊断	GB/T 15657-1995	中医病证分类与代码	ZBC060	蛔虫上扰证	
医学诊断	GB/T 15657-1995	中医病证分类与代码	ZBC070	蛔厥证	
医学诊断	GB/T 15657-1995	中医病证分类与代码	ZBCD	虫、毒证类	
医学诊断	GB/T 15657-1995	中医病证分类与代码	ZBCD10	虫毒结聚证	
医学诊断	GB/T 15657-1995	中医病证分类与代码	ZBCD20	虫毒结肤证	
医学诊断	GB/T 15657-1995	中医病证分类与代码	ZBCD30	蛊毒侵肺证	
医学诊断	GB/T 15657-1995	中医病证分类与代码	ZBCF	虫、肺证类	
医学诊断	GB/T 15657-1995	中医病证分类与代码	ZBCF10	虫邪犯肺证	
医学诊断	GB/T 15657-1995	中医病证分类与代码	ZBCF20	虫扰于肠证	
医学诊断	GB/T 15657-1995	中医病证分类与代码	ZBCF30	虫积肠道证	
医学诊断	GB/T 15657-1995	中医病证分类与代码	ZBCM	虫、湿证类	
医学诊断	GB/T 15657-1995	中医病证分类与代码	ZBCM10	虫湿壅络证	
医学诊断	GB/T 15657-1995	中医病证分类与代码	ZBCP	虫、脾证类	
医学诊断	GB/T 15657-1995	中医病证分类与代码	ZBCP10	虫积伤脾证	
医学诊断	GB/T 15657-1995	中医病证分类与代码	ZBCT	虫、痰证类	
医学诊断	GB/T 15657-1995	中医病证分类与代码	ZBCT10	虫痰互结证	
医学诊断	GB/T 15657-1995	中医病证分类与代码	ZBD	毒证类	
医学诊断	GB/T 15657-1995	中医病证分类与代码	ZBD010	毒腐肌骨证	
医学诊断	GB/T 15657-1995	中医病证分类与代码	ZBD020	毒滞肌肤证	
医学诊断	GB/T 15657-1995	中医病证分类与代码	ZBD030	毒盛酿脓证	
医学诊断	GB/T 15657-1995	中医病证分类与代码	ZBD040	毒盛肉腐证	
医学诊断	GB/T 15657-1995	中医病证分类与代码	ZBD050	毒蕴溃烂证	
医学诊断	GB/T 15657-1995	中医病证分类与代码	ZBD051	蕴毒腐溃证	
医学诊断	GB/T 15657-1995	中医病证分类与代码	ZBD060	脓毒侵袭证	
医学诊断	GB/T 15657-1995	中医病证分类与代码	ZBD070	脓毒蚀骨证	
医学诊断	GB/T 15657-1995	中医病证分类与代码	ZBD080	脓毒犯脏证	
医学诊断	GB/T 15657-1995	中医病证分类与代码	ZBD090	瘟毒下注证	
医学诊断	GB/T 15657-1995	中医病证分类与代码	ZBD100	温毒袭表证	
医学诊断	GB/T 15657-1995	中医病证分类与代码	ZBD110	温毒在表证	
医学诊断	GB/T 15657-1995	中医病证分类与代码	ZBD120	蛇毒内攻证	
医学诊断	GB/T 15657-1995	中医病证分类与代码	ZBD130	蛇毒上攻证	
医学诊断	GB/T 15657-1995	中医病证分类与代码	ZBD140	痧毒上攻证	
医学诊断	GB/T 15657-1995	中医病证分类与代码	ZBD150	疫毒攻窜证	
医学诊断	GB/T 15657-1995	中医病证分类与代码	ZBD160	疫毒攻喉证	
医学诊断	GB/T 15657-1995	中医病证分类与代码	ZBD170	疫毒内闭证	
医学诊断	GB/T 15657-1995	中医病证分类与代码	ZBD180	疫毒侵袭证	
医学诊断	GB/T 15657-1995	中医病证分类与代码	ZBD190	疫毒薰蒸证	
医学诊断	GB/T 15657-1995	中医病证分类与代码	ZBD200	余毒攻窜证	
医学诊断	GB/T 15657-1995	中医病证分类与代码	ZBD210	余毒凝滞证	
医学诊断	GB/T 15657-1995	中医病证分类与代码	ZBD220	余毒未清证	
医学诊断	GB/T 15657-1995	中医病证分类与代码	ZBD221	余毒未清，卫气虚弱证	
医学诊断	GB/T 15657-1995	中医病证分类与代码	ZBD230	正虚毒炽证	
医学诊断	GB/T 15657-1995	中医病证分类与代码	ZBD240	正虚毒结证	
医学诊断	GB/T 15657-1995	中医病证分类与代码	ZBD250	正虚毒恋证	
医学诊断	GB/T 15657-1995	中医病证分类与代码	ZBD251	体虚毒恋证	
医学诊断	GB/T 15657-1995	中医病证分类与代码	ZBD260	先天遗毒证	
医学诊断	GB/T 15657-1995	中医病证分类与代码	ZBD270	毒邪蕴结证	
医学诊断	GB/T 15657-1995	中医病证分类与代码	ZBD280	毒邪流窜证	
医学诊断	GB/T 15657-1995	中医病证分类与代码	ZBD290	毒邪内闭证	
医学诊断	GB/T 15657-1995	中医病证分类与代码	ZBD300	毒邪内攻证	
医学诊断	GB/T 15657-1995	中医病证分类与代码	ZBD310	邪毒在表证	
医学诊断	GB/T 15657-1995	中医病证分类与代码	ZBD320	邪毒内拢证	
医学诊断	GB/T 15657-1995	中医病证分类与代码	ZBD330	邪毒内陷证	
医学诊断	GB/T 15657-1995	中医病证分类与代码	ZBD331	邪毒内陷心脏证	
医学诊断	GB/T 15657-1995	中医病证分类与代码	ZBD340	邪毒久留证	
医学诊断	GB/T 15657-1995	中医病证分类与代码	ZBD341	邪毒久留，气滞血瘀证	
医学诊断	GB/T 15657-1995	中医病证分类与代码	ZBD350	邪毒滞留，气血瘀阻证	
医学诊断	GB/T 15657-1995	中医病证分类与代码	ZBD360	邪毒入营证	
医学诊断	GB/T 15657-1995	中医病证分类与代码	ZBD370	邪毒壅塞证	
医学诊断	GB/T 15657-1995	中医病证分类与代码	ZBD380	邪毒引睾窜腹证	
医学诊断	GB/T 15657-1995	中医病证分类与代码	ZBD390	邪毒传里，肺胃热盛证	
医学诊断	GB/T 15657-1995	中医病证分类与代码	ZBDF	毒、肺证类	
医学诊断	GB/T 15657-1995	中医病证分类与代码	ZBDF10	毒侵肺卫证	
医学诊断	GB/T 15657-1995	中医病证分类与代码	ZBDV	毒、气分证类	
医学诊断	GB/T 15657-1995	中医病证分类与代码	ZBDV10	毒入气营证	
医学诊断	GB/T 15657-1995	中医病证分类与代码	ZBDV11	毒在气营证	
医学诊断	GB/T 15657-1995	中医病证分类与代码	ZBDV20	毒燔气营证	
医学诊断	GB/T 15657-1995	中医病证分类与代码	ZBDV30	毒壅气分证	
医学诊断	GB/T 15657-1995	中医病证分类与代码	ZBDV40	毒燔气血证	
医学诊断	GB/T 15657-1995	中医病证分类与代码	ZBDX	毒、心证类	
医学诊断	GB/T 15657-1995	中医病证分类与代码	ZBDX	毒、血分证类	
医学诊断	GB/T 15657-1995	中医病证分类与代码	ZBDX10	毒陷心肝证	
医学诊断	GB/T 15657-1995	中医病证分类与代码	ZBDXA0	毒入血分证	
医学诊断	GB/T 15657-1995	中医病证分类与代码	ZBDY	毒、营分证类	
医学诊断	GB/T 15657-1995	中医病证分类与代码	ZBDY	毒、阴证类	
医学诊断	GB/T 15657-1995	中医病证分类与代码	ZBDY10	余毒伤阴证	
医学诊断	GB/T 15657-1995	中医病证分类与代码	ZBDYA0	毒入营血证	
医学诊断	GB/T 15657-1995	中医病证分类与代码	ZBF	风证类	
医学诊断	GB/T 15657-1995	中医病证分类与代码	ZBF000	风邪证	
医学诊断	GB/T 15657-1995	中医病证分类与代码	ZBF001	风邪偏盛证	
医学诊断	GB/T 15657-1995	中医病证分类与代码	ZBF010	风邪袭表证	
医学诊断	GB/T 15657-1995	中医病证分类与代码	ZBF011	风邪外袭证	
医学诊断	GB/T 15657-1995	中医病证分类与代码	ZBF012	风邪外袭，经气痞塞证	
医学诊断	GB/T 15657-1995	中医病证分类与代码	ZBF013	风邪侵袭证	
医学诊断	GB/T 15657-1995	中医病证分类与代码	ZBF020	风邪袭络证	
医学诊断	GB/T 15657-1995	中医病证分类与代码	ZBF030	风邪阻络证	
医学诊断	GB/T 15657-1995	中医病证分类与代码	ZBF031	卫外失固，风邪中络证	
医学诊断	GB/T 15657-1995	中医病证分类与代码	ZBF040	风邪犯肺证	
医学诊断	GB/T 15657-1995	中医病证分类与代码	ZBF050	风邪犯耳证	
医学诊断	GB/T 15657-1995	中医病证分类与代码	ZBF060	风邪热毒证	
医学诊断	GB/T 15657-1995	中医病证分类与代码	ZBFD	风、毒证类	
医学诊断	GB/T 15657-1995	中医病证分类与代码	ZBFD00	风毒证	
医学诊断	GB/T 15657-1995	中医病证分类与代码	ZBFD10	风毒入里证	
医学诊断	GB/T 15657-1995	中医病证分类与代码	ZBFD20	风毒在表证	
医学诊断	GB/T 15657-1995	中医病证分类与代码	ZBFH 91	风寒湿痹证	
医学诊断	GB/T 15657-1995	中医病证分类与代码	ZBFH	风、寒证类	
医学诊断	GB/T 15657-1995	中医病证分类与代码	ZBFH00	风寒证	
医学诊断	GB/T 15657-1995	中医病证分类与代码	ZBFH10	风寒袭表证	
医学诊断	GB/T 15657-1995	中医病证分类与代码	ZBFH11	风寒外袭证	
医学诊断	GB/T 15657-1995	中医病证分类与代码	ZBFH20	风寒束表证	
医学诊断	GB/T 15657-1995	中医病证分类与代码	ZBFH30	风寒化热证	
医学诊断	GB/T 15657-1995	中医病证分类与代码	ZBFH40	风寒闭肺证	
医学诊断	GB/T 15657-1995	中医病证分类与代码	ZBFH41	风寒束肺证	
医学诊断	GB/T 15657-1995	中医病证分类与代码	ZBFH50	风寒犯肺证	
医学诊断	GB/T 15657-1995	中医病证分类与代码	ZBFH51	风寒袭肺证	
医学诊断	GB/T 15657-1995	中医病证分类与代码	ZBFH60	风寒犯目证	
医学诊断	GB/T 15657-1995	中医病证分类与代码	ZBFH70	风寒阻络证	
医学诊断	GB/T 15657-1995	中医病证分类与代码	ZBFH80	风寒痹阻证	
医学诊断	GB/T 15657-1995	中医病证分类与代码	ZBFH90	风寒湿阻证	
医学诊断	GB/T 15657-1995	中医病证分类与代码	ZBFH92	风寒湿邪证	
医学诊断	GB/T 15657-1995	中医病证分类与代码	ZBFM	风、湿证类	
医学诊断	GB/T 15657-1995	中医病证分类与代码	ZBFM00	风湿证	
医学诊断	GB/T 15657-1995	中医病证分类与代码	ZBFM10	风湿滞表证	
医学诊断	GB/T 15657-1995	中医病证分类与代码	ZBFM20	风湿化火证	
医学诊断	GB/T 15657-1995	中医病证分类与代码	ZBFM21	风湿化热证	
医学诊断	GB/T 15657-1995	中医病证分类与代码	ZBFM30	风湿郁热证	
医学诊断	GB/T 15657-1995	中医病证分类与代码	ZBFM40	风湿蕴结证	
医学诊断	GB/T 15657-1995	中医病证分类与代码	ZBFM50	风湿蕴肤证	
医学诊断	GB/T 15657-1995	中医病证分类与代码	ZBFM60	风湿毒聚证	
医学诊断	GB/T 15657-1995	中医病证分类与代码	ZBFM70	风湿凌目证	
医学诊断	GB/T 15657-1995	中医病证分类与代码	ZBFM80	风湿热证	
医学诊断	GB/T 15657-1995	中医病证分类与代码	ZBFM81	风湿热盛证	
医学诊断	GB/T 15657-1995	中医病证分类与代码	ZBFM90	风湿热郁证	
医学诊断	GB/T 15657-1995	中医病证分类与代码	ZBFMA0	风湿热邪攻目证	
医学诊断	GB/T 15657-1995	中医病证分类与代码	ZBFP	风、脾证类	
医学诊断	GB/T 15657-1995	中医病证分类与代码	ZBFP10	风盛脾虚证	
医学诊断	GB/T 15657-1995	中医病证分类与代码	ZBFR	风、热证类	
医学诊断	GB/T 15657-1995	中医病证分类与代码	ZBFR01	风热偏盛证	
医学诊断	GB/T 15657-1995	中医病证分类与代码	ZBFR02	风重于热证	
医学诊断	GB/T 15657-1995	中医病证分类与代码	ZBFR03	热重于风证	
医学诊断	GB/T 15657-1995	中医病证分类与代码	ZBFR04	风热俱盛证	
医学诊断	GB/T 15657-1995	中医病证分类与代码	ZBFR10	风热壅盛证	
医学诊断	GB/T 15657-1995	中医病证分类与代码	ZBFR20	风热袭表证	
医学诊断	GB/T 15657-1995	中医病证分类与代码	ZBFR21	风热外袭证	
医学诊断	GB/T 15657-1995	中医病证分类与代码	ZBFR22	风热外袭，肺经有热证	
医学诊断	GB/T 15657-1995	中医病证分类与代码	ZBFR23	风热外侵证	
医学诊断	GB/T 15657-1995	中医病证分类与代码	ZBFR24	风热外犯证	
医学诊断	GB/T 15657-1995	中医病证分类与代码	ZBFR30	风热在表证	
医学诊断	GB/T 15657-1995	中医病证分类与代码	ZBFR40	风热化火证	
医学诊断	GB/T 15657-1995	中医病证分类与代码	ZBFR50	风热犯肺证	
医学诊断	GB/T 15657-1995	中医病证分类与代码	ZBFR60	风热闭肺证	
医学诊断	GB/T 15657-1995	中医病证分类与代码	ZBFR61	风热闭肺，心气虚衰证	
医学诊断	GB/T 15657-1995	中医病证分类与代码	ZBFR70	风热客睑证	
医学诊断	GB/T 15657-1995	中医病证分类与代码	ZBFR80	风热上犯证	
医学诊断	GB/T 15657-1995	中医病证分类与代码	ZBFR81	风热上扰证	
医学诊断	GB/T 15657-1995	中医病证分类与代码	ZBFR82	风热上攻证	
医学诊断	GB/T 15657-1995	中医病证分类与代码	ZBFR90	风热伤络证	
医学诊断	GB/T 15657-1995	中医病证分类与代码	ZBFRA0	风热阻络证	
医学诊断	GB/T 15657-1995	中医病证分类与代码	ZBFRB0	风热壅目证	
医学诊断	GB/T 15657-1995	中医病证分类与代码	ZBFRC0	风热蕴肤证	
医学诊断	GB/T 15657-1995	中医病证分类与代码	ZBFRD0	风热蕴肌证	
医学诊断	GB/T 15657-1995	中医病证分类与代码	ZBFRE0	风热血热证	
医学诊断	GB/T 15657-1995	中医病证分类与代码	ZBFRF0	风热血燥证	
医学诊断	GB/T 15657-1995	中医病证分类与代码	ZBFRG0	风热痰毒证	
医学诊断	GB/T 15657-1995	中医病证分类与代码	ZBFRH0	风热痰凝证	
医学诊断	GB/T 15657-1995	中医病证分类与代码	ZBFRJ0	风热疫毒证	
医学诊断	GB/T 15657-1995	中医病证分类与代码	ZBFRK0	风热邪毒证	
医学诊断	GB/T 15657-1995	中医病证分类与代码	ZBFRK1	风热邪毒外侵证	
医学诊断	GB/T 15657-1995	中医病证分类与代码	ZBFRL0	风热湿毒壅盛证	
医学诊断	GB/T 15657-1995	中医病证分类与代码	ZBFRM0	风热毒蕴证	
医学诊断	GB/T 15657-1995	中医病证分类与代码	ZBFRN0	风热湿邪浸渍证	
医学诊断	GB/T 15657-1995	中医病证分类与代码	ZBFRO0	风热停留证	
医学诊断	GB/T 15657-1995	中医病证分类与代码	ZBFROO	风热证	
医学诊断	GB/T 15657-1995	中医病证分类与代码	ZBFT	风、痰证类	
医学诊断	GB/T 15657-1995	中医病证分类与代码	ZBFT00	风痰证	
医学诊断	GB/T 15657-1995	中医病证分类与代码	ZBFT10	风痰闭阻证	
医学诊断	GB/T 15657-1995	中医病证分类与代码	ZBFT11	风痰闭窍证	
医学诊断	GB/T 15657-1995	中医病证分类与代码	ZBFT20	风痰入络证	
医学诊断	GB/T 15657-1995	中医病证分类与代码	ZBFT30	风痰阻络证	
医学诊断	GB/T 15657-1995	中医病证分类与代码	ZBFT40	风痰上扰证	
医学诊断	GB/T 15657-1995	中医病证分类与代码	ZBFT41	风痰上攻证	
医学诊断	GB/T 15657-1995	中医病证分类与代码	ZBFT50	风痰瘀血证	
医学诊断	GB/T 15657-1995	中医病证分类与代码	ZBFT51	风痰瘀血，痹阻脉络证	
医学诊断	GB/T 15657-1995	中医病证分类与代码	ZBFT60	风动痰阻证	
医学诊断	GB/T 15657-1995	中医病证分类与代码	ZBFT61	风动痰阻，浊邪上犯证	
医学诊断	GB/T 15657-1995	中医病证分类与代码	ZBFT70	风水泛滥证	
医学诊断	GB/T 15657-1995	中医病证分类与代码	ZBFT80	风水相搏证	
医学诊断	GB/T 15657-1995	中医病证分类与代码	ZBFU	风、火证类	
医学诊断	GB/T 15657-1995	中医病证分类与代码	ZBFU00	风火证	
医学诊断	GB/T 15657-1995	中医病证分类与代码	ZBFU10	风火蔽窍证	
医学诊断	GB/T 15657-1995	中医病证分类与代码	ZBFU20	风火上炎证	
医学诊断	GB/T 15657-1995	中医病证分类与代码	ZBFU21	风火上炎，痰热闭窍证	
医学诊断	GB/T 15657-1995	中医病证分类与代码	ZBFU22	风火上扰证	
医学诊断	GB/T 15657-1995	中医病证分类与代码	ZBFU23	风火上扰清窍证	
医学诊断	GB/T 15657-1995	中医病证分类与代码	ZBFU24	风火上攻证	
医学诊断	GB/T 15657-1995	中医病证分类与代码	ZBFU25	风火攻目证	
医学诊断	GB/T 15657-1995	中医病证分类与代码	ZBFU30	风火内动证	
医学诊断	GB/T 15657-1995	中医病证分类与代码	ZBFU40	风火毒证	
医学诊断	GB/T 15657-1995	中医病证分类与代码	ZBFU50	风火热毒证	
医学诊断	GB/T 15657-1995	中医病证分类与代码	ZBFU51	风火热毒炽盛证	
医学诊断	GB/T 15657-1995	中医病证分类与代码	ZBFX	风、血证类	
医学诊断	GB/T 15657-1995	中医病证分类与代码	ZBFX10	风盛血燥证	
医学诊断	GB/T 15657-1995	中医病证分类与代码	ZBFX20	风瘀证	
医学诊断	GB/T 15657-1995	中医病证分类与代码	ZBFZ	风、燥证类	
医学诊断	GB/T 15657-1995	中医病证分类与代码	ZBFZ00	风燥证	
医学诊断	GB/T 15657-1995	中医病证分类与代码	ZBFZ10	风燥伤肺证	
医学诊断	GB/T 15657-1995	中医病证分类与代码	ZBH000	寒证	
医学诊断	GB/T 15657-1995	中医病证分类与代码	ZBH	寒证类	
医学诊断	GB/T 15657-1995	中医病证分类与代码	ZBH001	寒邪偏盛证	
医学诊断	GB/T 15657-1995	中医病证分类与代码	ZBH010	虚寒证	
医学诊断	GB/T 15657-1995	中医病证分类与代码	ZBH020	腹部中寒证	
医学诊断	GB/T 15657-1995	中医病证分类与代码	ZBH030	寒实证	
医学诊断	GB/T 15657-1995	中医病证分类与代码	ZBH031	寒实阻遏证	
医学诊断	GB/T 15657-1995	中医病证分类与代码	ZBH040	寒凝证	
医学诊断	GB/T 15657-1995	中医病证分类与代码	ZBH050	寒凝胞中证	
医学诊断	GB/T 15657-1995	中医病证分类与代码	ZBH051	寒凝胞中，寒湿凝滞证	
医学诊断	GB/T 15657-1995	中医病证分类与代码	ZBH052	寒凝胞中，阳虚内寒证	
医学诊断	GB/T 15657-1995	中医病证分类与代码	ZBH060	寒痛证	
医学诊断	GB/T 15657-1995	中医病证分类与代码	ZBH070	寒邪凝固证	
医学诊断	GB/T 15657-1995	中医病证分类与代码	ZBH080	寒邪外感证	
医学诊断	GB/T 15657-1995	中医病证分类与代码	ZBH090	寒邪内阻证	
医学诊断	GB/T 15657-1995	中医病证分类与代码	ZBH100	寒邪内积证	
医学诊断	GB/T 15657-1995	中医病证分类与代码	ZBH110	寒邪直中证	
医学诊断	GB/T 15657-1995	中医病证分类与代码	ZBHA	寒、阳证类	
医学诊断	GB/T 15657-1995	中医病证分类与代码	ZBHA10	寒凝阳衰证	
医学诊断	GB/T 15657-1995	中医病证分类与代码	ZBHF	寒、肺证类	
医学诊断	GB/T 15657-1995	中医病证分类与代码	ZBHF10	大寒犯肺证	
医学诊断	GB/T 15657-1995	中医病证分类与代码	ZBHF20	外寒肺热证	
医学诊断	GB/T 15657-1995	中医病证分类与代码	ZBHF30	寒滞肠胃证	
医学诊断	GB/T 15657-1995	中医病证分类与代码	ZBHJ	寒、经络证类	
医学诊断	GB/T 15657-1995	中医病证分类与代码	ZBHJ10	寒滞经络证	
医学诊断	GB/T 15657-1995	中医病证分类与代码	ZBHM 11	寒湿凝聚证	
医学诊断	GB/T 15657-1995	中医病证分类与代码	ZBHM	寒、湿证类	
医学诊断	GB/T 15657-1995	中医病证分类与代码	ZBHM00	寒湿证	
医学诊断	GB/T 15657-1995	中医病证分类与代码	ZBHM10	寒湿凝滞证	
医学诊断	GB/T 15657-1995	中医病证分类与代码	ZBHM20	寒湿阻滞证	
医学诊断	GB/T 15657-1995	中医病证分类与代码	ZBHM30	寒湿瘀滞证	
医学诊断	GB/T 15657-1995	中医病证分类与代码	ZBHM40	寒湿瘀郁证	
医学诊断	GB/T 15657-1995	中医病证分类与代码	ZBHM50	寒湿蕴肤证	
医学诊断	GB/T 15657-1995	中医病证分类与代码	ZBHM60	寒湿困脾证	
医学诊断	GB/T 15657-1995	中医病证分类与代码	ZBHM70	寒湿入络证	
医学诊断	GB/T 15657-1995	中医病证分类与代码	ZBHM80	寒湿阻络证	
医学诊断	GB/T 15657-1995	中医病证分类与代码	ZBHP	寒、脾证类	
医学诊断	GB/T 15657-1995	中医病证分类与代码	ZBHP10	寒邪犯胃证	
医学诊断	GB/T 15657-1995	中医病证分类与代码	ZBHP11	寒邪客胃证	
医学诊断	GB/T 15657-1995	中医病证分类与代码	ZBHR	寒、热证类	
医学诊断	GB/T 15657-1995	中医病证分类与代码	ZBHR10	寒热错杂证	
医学诊断	GB/T 15657-1995	中医病证分类与代码	ZBHR20	表寒里热证	
医学诊断	GB/T 15657-1995	中医病证分类与代码	ZBHR21	外寒内热证	
医学诊断	GB/T 15657-1995	中医病证分类与代码	ZBHT	寒、痰证类	
医学诊断	GB/T 15657-1995	中医病证分类与代码	ZBHT10	寒饮停肺证	
医学诊断	GB/T 15657-1995	中医病证分类与代码	ZBHT20	寒饮伏肺证	
医学诊断	GB/T 15657-1995	中医病证分类与代码	ZBHT30	寒饮射肺证	
医学诊断	GB/T 15657-1995	中医病证分类与代码	ZBHT40	寒水上泛证	
医学诊断	GB/T 15657-1995	中医病证分类与代码	ZBHT50	表寒里饮证	
医学诊断	GB/T 15657-1995	中医病证分类与代码	ZBHV	寒、气证类	
医学诊断	GB/T 15657-1995	中医病证分类与代码	ZBHV10	寒凝气滞证	
医学诊断	GB/T 15657-1995	中医病证分类与代码	ZBHV20	寒凝气聚证	
医学诊断	GB/T 15657-1995	中医病证分类与代码	ZBHX	寒、血证类	
医学诊断	GB/T 15657-1995	中医病证分类与代码	ZBHX	寒、心证类	
医学诊断	GB/T 15657-1995	中医病证分类与代码	ZBHX10	寒凝血瘀证	
医学诊断	GB/T 15657-1995	中医病证分类与代码	ZBHX20	寒凝血涩证	
医学诊断	GB/T 15657-1995	中医病证分类与代码	ZBHX30	寒凝瘀结证	
医学诊断	GB/T 15657-1995	中医病证分类与代码	ZBHXA0	寒凝心脉证	
医学诊断	GB/T 15657-1995	中医病证分类与代码	ZBM	湿证类	
医学诊断	GB/T 15657-1995	中医病证分类与代码	ZBM000	湿证	
医学诊断	GB/T 15657-1995	中医病证分类与代码	ZBM001	湿邪偏盛证	
医学诊断	GB/T 15657-1995	中医病证分类与代码	ZBM010	湿困中焦证	
医学诊断	GB/T 15657-1995	中医病证分类与代码	ZBM020	湿郁三焦证	
医学诊断	GB/T 15657-1995	中医病证分类与代码	ZBM030	湿邪外感证	
医学诊断	GB/T 15657-1995	中医病证分类与代码	ZBM040	湿邪蕴积证	
医学诊断	GB/T 15657-1995	中医病证分类与代码	ZBM050	湿邪浸渍证	
医学诊断	GB/T 15657-1995	中医病证分类与代码	ZBMD	湿、毒证类	
医学诊断	GB/T 15657-1995	中医病证分类与代码	ZBMD00	湿毒证	
医学诊断	GB/T 15657-1995	中医病证分类与代码	ZBMD10	湿毒侵淫证	
医学诊断	GB/T 15657-1995	中医病证分类与代码	ZBMD20	湿毒蕴结证	
医学诊断	GB/T 15657-1995	中医病证分类与代码	ZBMD30	湿毒蕴肤证	
医学诊断	GB/T 15657-1995	中医病证分类与代码	ZBMD40	湿毒中阻证	
医学诊断	GB/T 15657-1995	中医病证分类与代码	ZBMF	湿、肺证类	
医学诊断	GB/T 15657-1995	中医病证分类与代码	ZBMF10	湿阻肠道证	
医学诊断	GB/T 15657-1995	中医病证分类与代码	ZBMF11	湿阻肠道，传导失司证	
医学诊断	GB/T 15657-1995	中医病证分类与代码	ZBMJ	湿、经络证类	
医学诊断	GB/T 15657-1995	中医病证分类与代码	ZBMJ10	湿阻盘络证	
医学诊断	GB/T 15657-1995	中医病证分类与代码	ZBMJ20	湿邪阻络证	
医学诊断	GB/T 15657-1995	中医病证分类与代码	ZBMP	湿、脾证类	
医学诊断	GB/T 15657-1995	中医病证分类与代码	ZBMP10	湿脾胃证	
医学诊断	GB/T 15657-1995	中医病证分类与代码	ZBMP11	湿邪困脾证	
医学诊断	GB/T 15657-1995	中医病证分类与代码	ZBMP12	湿阻脾胃证	
医学诊断	GB/T 15657-1995	中医病证分类与代码	ZBMR	湿、热证类	
医学诊断	GB/T 15657-1995	中医病证分类与代码	ZBMR00	湿热证	
医学诊断	GB/T 15657-1995	中医病证分类与代码	ZBMR01	湿热并重证	
医学诊断	GB/T 15657-1995	中医病证分类与代码	ZBMR02	湿重于热证	
医学诊断	GB/T 15657-1995	中医病证分类与代码	ZBMR03	热重于湿证	
医学诊断	GB/T 15657-1995	中医病证分类与代码	ZBMR10	湿热内侵证	
医学诊断	GB/T 15657-1995	中医病证分类与代码	ZBMR20	湿热内蕴证	
医学诊断	GB/T 15657-1995	中医病证分类与代码	ZBMR30	湿热化燥证	
医学诊断	GB/T 15657-1995	中医病证分类与代码	ZBMR40	湿热化火证	
医学诊断	GB/T 15657-1995	中医病证分类与代码	ZBMR50	湿热冲心证	
医学诊断	GB/T 15657-1995	中医病证分类与代码	ZBMR60	湿热蒙心证	
医学诊断	GB/T 15657-1995	中医病证分类与代码	ZBMR70	湿热动血证	
医学诊断	GB/T 15657-1995	中医病证分类与代码	ZBMR80	湿热酿痰证	
医学诊断	GB/T 15657-1995	中医病证分类与代码	ZBMR81	湿热酿痰，蒙蔽心包证	
医学诊断	GB/T 15657-1995	中医病证分类与代码	ZBMR90	湿热浸淫证	
医学诊断	GB/T 15657-1995	中医病证分类与代码	ZBMR91	湿热浸淫，气血不运证	
医学诊断	GB/T 15657-1995	中医病证分类与代码	ZBMRA0	湿热伤胃证	
医学诊断	GB/T 15657-1995	中医病证分类与代码	ZBMRB0	湿热伤阴证	
医学诊断	GB/T 15657-1995	中医病证分类与代码	ZBMRC0	湿热上蒸证	
医学诊断	GB/T 15657-1995	中医病证分类与代码	ZBMRD0	湿热下注证	
医学诊断	GB/T 15657-1995	中医病证分类与代码	ZBMRD1	湿热下注，膀胱滞涩证	
医学诊断	GB/T 15657-1995	中医病证分类与代码	ZBMRD2	湿热下注，扰动精室证	
医学诊断	GB/T 15657-1995	中医病证分类与代码	ZBMRD3	湿热下注，肝胆湿热证	
医学诊断	GB/T 15657-1995	中医病证分类与代码	ZBMRE0	湿热蕴结证	
医学诊断	GB/T 15657-1995	中医病证分类与代码	ZBMRE1	湿热蕴阻证	
医学诊断	GB/T 15657-1995	中医病证分类与代码	ZBMRF0	湿热蕴 蒸证	
医学诊断	GB/T 15657-1995	中医病证分类与代码	ZBMRF1	湿热薰蒸证	
医学诊断	GB/T 15657-1995	中医病证分类与代码	ZBMRG0	湿热蕴伏证	
医学诊断	GB/T 15657-1995	中医病证分类与代码	ZBMRG0	湿热蕴毒证	
医学诊断	GB/T 15657-1995	中医病证分类与代码	ZBMRJ0	湿热壅盛证	
医学诊断	GB/T 15657-1995	中医病证分类与代码	ZBMRK0	湿热壅结证	
医学诊断	GB/T 15657-1995	中医病证分类与代码	ZBMRK1	湿热壅滞证	
医学诊断	GB/T 15657-1995	中医病证分类与代码	ZBMRK2	湿热壅阻证	
医学诊断	GB/T 15657-1995	中医病证分类与代码	ZBMRL0	湿热瘀阻证	
医学诊断	GB/T 15657-1995	中医病证分类与代码	ZBMRL1	湿热瘀滞证	
医学诊断	GB/T 15657-1995	中医病证分类与代码	ZBMRL2	湿热血瘀证	
医学诊断	GB/T 15657-1995	中医病证分类与代码	ZBMRM0	湿热蕴肠证	
医学诊断	GB/T 15657-1995	中医病证分类与代码	ZBMRN0	湿热中阻证	
医学诊断	GB/T 15657-1995	中医病证分类与代码	ZBMRO0	湿热阻络证	
医学诊断	GB/T 15657-1995	中医病证分类与代码	ZBMRP0	湿热火毒蕴结证	
医学诊断	GB/T 15657-1995	中医病证分类与代码	ZBMRP1	湿热火毒蕴盛证	
医学诊断	GB/T 15657-1995	中医病证分类与代码	ZBMRR0	湿热疫毒证	
医学诊断	GB/T 15657-1995	中医病证分类与代码	ZBMRS0	中焦湿热证	
医学诊断	GB/T 15657-1995	中医病证分类与代码	ZBMRT0	下焦湿热证	
医学诊断	GB/T 15657-1995	中医病证分类与代码	ZBMRU0	湿郁化热证	
医学诊断	GB/T 15657-1995	中医病证分类与代码	ZBMRV0	湿热毒盛证	
医学诊断	GB/T 15657-1995	中医病证分类与代码	ZBMRV1	湿热毒聚证	
医学诊断	GB/T 15657-1995	中医病证分类与代码	ZBMRV2	湿热毒蕴证	
医学诊断	GB/T 15657-1995	中医病证分类与代码	ZBMRV3	湿热毒结证	
医学诊断	GB/T 15657-1995	中医病证分类与代码	ZBMRW0	湿邪热毒证	
医学诊断	GB/T 15657-1995	中医病证分类与代码	ZBMT	湿、痰证类	
医学诊断	GB/T 15657-1995	中医病证分类与代码	ZBMT10	湿浊内蕴证	
医学诊断	GB/T 15657-1995	中医病证分类与代码	ZBMT20	湿浊壅滞证	
医学诊断	GB/T 15657-1995	中医病证分类与代码	ZBMT30	湿浊阻滞证	
医学诊断	GB/T 15657-1995	中医病证分类与代码	ZBMT40	湿浊冲心证	
医学诊断	GB/T 15657-1995	中医病证分类与代码	ZBMT50	湿浊蒙上证	
医学诊断	GB/T 15657-1995	中医病证分类与代码	ZBMT51	湿浊蒙上，泌别失职证	
医学诊断	GB/T 15657-1995	中医病证分类与代码	ZBMT60	湿浊上泛证	
医学诊断	GB/T 15657-1995	中医病证分类与代码	ZBMT61	湿浊上泛，脾蒌湿困证	
医学诊断	GB/T 15657-1995	中医病证分类与代码	ZBMT62	湿浊上泛，湿热蕴蒸证	
医学诊断	GB/T 15657-1995	中医病证分类与代码	ZBMT70	湿浊下注证	
医学诊断	GB/T 15657-1995	中医病证分类与代码	ZBMT80	湿浊中阻证	
医学诊断	GB/T 15657-1995	中医病证分类与代码	ZBMT90	湿浊内闭证	
医学诊断	GB/T 15657-1995	中医病证分类与代码	ZBMT91	湿浊壅闭证	
医学诊断	GB/T 15657-1995	中医病证分类与代码	ZBMU	湿、火证类	
医学诊断	GB/T 15657-1995	中医病证分类与代码	ZBMU10	湿火炽盛证	
医学诊断	GB/T 15657-1995	中医病证分类与代码	ZBMU20	湿郁化火证	
医学诊断	GB/T 15657-1995	中医病证分类与代码	ZBMW	湿、卫分证类	
医学诊断	GB/T 15657-1995	中医病证分类与代码	ZBMW10	湿郁卫气证	
医学诊断	GB/T 15657-1995	中医病证分类与代码	ZBR	热证类	
医学诊断	GB/T 15657-1995	中医病证分类与代码	ZBR000	热证	
医学诊断	GB/T 15657-1995	中医病证分类与代码	ZBR001	热邪偏盛证	
医学诊断	GB/T 15657-1995	中医病证分类与代码	ZBR010	热盛酿脓证	
医学诊断	GB/T 15657-1995	中医病证分类与代码	ZBR020	热盛肉腐证	
医学诊断	GB/T 15657-1995	中医病证分类与代码	ZBR030	热炽腑实证	
医学诊断	GB/T 15657-1995	中医病证分类与代码	ZBR040	腑实热结证	
医学诊断	GB/T 15657-1995	中医病证分类与代码	ZBR050	热入胞宫证	
医学诊断	GB/T 15657-1995	中医病证分类与代码	ZBR051	热入胞宫，气血两燔证	
医学诊断	GB/T 15657-1995	中医病证分类与代码	ZBR060	疹出热退证	
医学诊断	GB/T 15657-1995	中医病证分类与代码	ZBR070	热郁胸膈证	
医学诊断	GB/T 15657-1995	中医病证分类与代码	ZBR080	热郁成痈证	
医学诊断	GB/T 15657-1995	中医病证分类与代码	ZBR090	热灼胸膈证	
医学诊断	GB/T 15657-1995	中医病证分类与代码	ZBR100	里热炽盛证	
医学诊断	GB/T 15657-1995	中医病证分类与代码	ZBR110	余热未清证	
医学诊断	GB/T 15657-1995	中医病证分类与代码	ZBR120	热未尽证	
医学诊断	GB/T 15657-1995	中医病证分类与代码	ZBR121	余热未尽，肺胃阴伤证	
医学诊断	GB/T 15657-1995	中医病证分类与代码	ZBR130	下焦热盛证	
医学诊断	GB/T 15657-1995	中医病证分类与代码	ZBR140	热泪证	
医学诊断	GB/T 15657-1995	中医病证分类与代码	ZBR150	实热证	
医学诊断	GB/T 15657-1995	中医病证分类与代码	ZBR160	虚热证	
医学诊断	GB/T 15657-1995	中医病证分类与代码	ZBR170	热闭证	
医学诊断	GB/T 15657-1995	中医病证分类与代码	ZBR171	阳热内闭证	
医学诊断	GB/T 15657-1995	中医病证分类与代码	ZBR180	热盛动风证	
医学诊断	GB/T 15657-1995	中医病证分类与代码	ZBR181	热极生风证	
医学诊断	GB/T 15657-1995	中医病证分类与代码	ZBR190	热邪内郁证	
医学诊断	GB/T 15657-1995	中医病证分类与代码	ZBR200	热结血室证	
医学诊断	GB/T 15657-1995	中医病证分类与代码	ZBR210	邪热炽盛证	
医学诊断	GB/T 15657-1995	中医病证分类与代码	ZBR220	邪热留恋证	
医学诊断	GB/T 15657-1995	中医病证分类与代码	ZBR230	邪热郁蒸证	
医学诊断	GB/T 15657-1995	中医病证分类与代码	ZBR240	邪热壅结证	
医学诊断	GB/T 15657-1995	中医病证分类与代码	ZBR250	邪热内扰证	
医学诊断	GB/T 15657-1995	中医病证分类与代码	ZBR251	邪热内陷证	
医学诊断	GB/T 15657-1995	中医病证分类与代码	ZBR252	邪热内闭证	
医学诊断	GB/T 15657-1995	中医病证分类与代码	ZBR260	邪热传里证	
医学诊断	GB/T 15657-1995	中医病证分类与代码	ZBR261	邪热传里，肺胃热盛证	
医学诊断	GB/T 15657-1995	中医病证分类与代码	ZBR270	邪热未清证	
医学诊断	GB/T 15657-1995	中医病证分类与代码	ZBR271	邪热未清，阴液亏损证	
医学诊断	GB/T 15657-1995	中医病证分类与代码	ZBR280	邪郁化热证	
医学诊断	GB/T 15657-1995	中医病证分类与代码	ZBRD94	热毒传肺证	
医学诊断	GB/T 15657-1995	中医病证分类与代码	ZBRD95	热毒传肾证	
医学诊断	GB/T 15657-1995	中医病证分类与代码	ZBRDA0	热毒入络证	
医学诊断	GB/T 15657-1995	中医病证分类与代码	ZBRDB0	热毒入营证	
医学诊断	GB/T 15657-1995	中医病证分类与代码	ZBRDC0	热毒上攻证	
医学诊断	GB/T 15657-1995	中医病证分类与代码	ZBRDC1	热毒攻喉证	
医学诊断	GB/T 15657-1995	中医病证分类与代码	ZBRDD0	热毒闭肺证	
医学诊断	GB/T 15657-1995	中医病证分类与代码	ZBRDE0	热毒冲心证	
医学诊断	GB/T 15657-1995	中医病证分类与代码	ZBRDF0	热毒酿脓证	
医学诊断	GB/T 15657-1995	中医病证分类与代码	ZBRDG0	热毒伤阴证	
医学诊断	GB/T 15657-1995	中医病证分类与代码	ZBRDG1	热毒伤津证	
医学诊断	GB/T 15657-1995	中医病证分类与代码	ZBRDH0	热毒火盛证	
医学诊断	GB/T 15657-1995	中医病证分类与代码	ZBRDM0	胎毒蕴热证	
医学诊断	GB/T 15657-1995	中医病证分类与代码	ZBRF	热、肺证类	
医学诊断	GB/T 15657-1995	中医病证分类与代码	ZBRF10	热伤肺津证	
医学诊断	GB/T 15657-1995	中医病证分类与代码	ZBRF20	热伤肺络证	
医学诊断	GB/T 15657-1995	中医病证分类与代码	ZBRF30	热客肺经证	
医学诊断	GB/T 15657-1995	中医病证分类与代码	ZBRF40	热犯肺胃证	
医学诊断	GB/T 15657-1995	中医病证分类与代码	ZBRF50	热壅肺窍证	
医学诊断	GB/T 15657-1995	中医病证分类与代码	ZBRF60	热入肺卫证	
医学诊断	GB/T 15657-1995	中医病证分类与代码	ZBRF61	热在肺卫证	
医学诊断	GB/T 15657-1995	中医病证分类与代码	ZBRF70	热蕴大肠证	
医学诊断	GB/T 15657-1995	中医病证分类与代码	ZBRF80	热结肠燥证	
医学诊断	GB/T 15657-1995	中医病证分类与代码	ZBRF90	热邪犯肺证	
医学诊断	GB/T 15657-1995	中医病证分类与代码	ZBRFA0	热邪壅肺证	
医学诊断	GB/T 15657-1995	中医病证分类与代码	ZBRG	热、肝证类	
医学诊断	GB/T 15657-1995	中医病证分类与代码	ZBRG10	热郁胆腑证	
医学诊断	GB/T 15657-1995	中医病证分类与代码	ZBRJ	热、厥阴证类	
医学诊断	GB/T 15657-1995	中医病证分类与代码	ZBRJ	热、津液证类	
医学诊断	GB/T 15657-1995	中医病证分类与代码	ZBRJ	热、经络证类	
医学诊断	GB/T 15657-1995	中医病证分类与代码	ZBRJ10	热盛伤络证	
医学诊断	GB/T 15657-1995	中医病证分类与代码	ZBRJ20	热蕴络瘀证	
医学诊断	GB/T 15657-1995	中医病证分类与代码	ZBRJ30	疫热伤络证	
医学诊断	GB/T 15657-1995	中医病证分类与代码	ZBRJA0	热盛津枯证	
医学诊断	GB/T 15657-1995	中医病证分类与代码	ZBRJB0	热盛伤津证	
医学诊断	GB/T 15657-1995	中医病证分类与代码	ZBRJL0	热陷厥阴证	
医学诊断	GB/T 15657-1995	中医病证分类与代码	ZBRS	热、少阳证类	
医学诊断	GB/T 15657-1995	中医病证分类与代码	ZBRS	热、肾证类	
医学诊断	GB/T 15657-1995	中医病证分类与代码	ZBRS10	热伤肾阴证	
医学诊断	GB/T 15657-1995	中医病证分类与代码	ZBRS20	热迫膀胱证	
医学诊断	GB/T 15657-1995	中医病证分类与代码	ZBRSA0	热伏少阳证	
医学诊断	GB/T 15657-1995	中医病证分类与代码	ZBRSB0	热郁少阳证	
医学诊断	GB/T 15657-1995	中医病证分类与代码	ZBRV	热、气分证类	
医学诊断	GB/T 15657-1995	中医病证分类与代码	ZBRV10	热入气分证	
医学诊断	GB/T 15657-1995	中医病证分类与代码	ZBRV11	热在气分证	
医学诊断	GB/T 15657-1995	中医病证分类与代码	ZBRX	热、血分证类	
医学诊断	GB/T 15657-1995	中医病证分类与代码	ZBRX	热、心证类	
医学诊断	GB/T 15657-1995	中医病证分类与代码	ZBRX	热、血证类	
医学诊断	GB/T 15657-1995	中医病证分类与代码	ZBRX10	热陷心包证	
医学诊断	GB/T 15657-1995	中医病证分类与代码	ZBRX20	热闭心包证	
医学诊断	GB/T 15657-1995	中医病证分类与代码	ZBRX21	热闭心包，血络瘀滞证	
医学诊断	GB/T 15657-1995	中医病证分类与代码	ZBRX30	热入心包证	
医学诊断	GB/T 15657-1995	中医病证分类与代码	ZBRX31	热入心包，阳明腑实证	
医学诊断	GB/T 15657-1995	中医病证分类与代码	ZBRX40	热在心营证	
医学诊断	GB/T 15657-1995	中医病证分类与代码	ZBRX41	热在心营，下移小肠证	
医学诊断	GB/T 15657-1995	中医病证分类与代码	ZBRXA0	热盛血瘀证	
医学诊断	GB/T 15657-1995	中医病证分类与代码	ZBRXB0	热盛动血证	
医学诊断	GB/T 15657-1995	中医病证分类与代码	ZBRXC0	热迫血证	
医学诊断	GB/T 15657-1995	中医病证分类与代码	ZBRXD0	热结血瘀证	
医学诊断	GB/T 15657-1995	中医病证分类与代码	ZBRXE0	热与血结证	
医学诊断	GB/T 15657-1995	中医病证分类与代码	ZBRXF0	热入血结证	
医学诊断	GB/T 15657-1995	中医病证分类与代码	ZBRXL0	热入血分证	
医学诊断	GB/T 15657-1995	中医病证分类与代码	ZBRXL1	热在血分证	
医学诊断	GB/T 15657-1995	中医病证分类与代码	ZBRY	热、营分证类	
医学诊断	GB/T 15657-1995	中医病证分类与代码	ZBRY	热、阳明证类	
医学诊断	GB/T 15657-1995	中医病证分类与代码	ZBRY	热、阴证类	
医学诊断	GB/T 15657-1995	中医病证分类与代码	ZBRY10	热盛伤阴证	
医学诊断	GB/T 15657-1995	中医病证分类与代码	ZBRY11	高热伤阴证	
医学诊断	GB/T 15657-1995	中医病证分类与代码	ZBRY20	热退阴伤证	
医学诊断	GB/T 15657-1995	中医病证分类与代码	ZBRY30	热留阴分证	
医学诊断	GB/T 15657-1995	中医病证分类与代码	ZBRY40	热灼真阴证	
医学诊断	GB/T 15657-1995	中医病证分类与代码	ZBRYA0	热入营血证	
医学诊断	GB/T 15657-1995	中医病证分类与代码	ZBRYA1	热在营务	
医学诊断	GB/T 15657-1995	中医病证分类与代码	ZBRYL0	热入阳明证	
医学诊断	GB/T 15657-1995	中医病证分类与代码	ZBRYN0	热滞阳明证	
医学诊断	GB/T 15657-1995	中医病证分类与代码	ZBS	暑证类	
医学诊断	GB/T 15657-1995	中医病证分类与代码	ZBS000	暑证	
医学诊断	GB/T 15657-1995	中医病证分类与代码	ZBS010	暑厥证	
医学诊断	GB/T 15657-1995	中医病证分类与代码	ZBSF	暑、肺证类	
医学诊断	GB/T 15657-1995	中医病证分类与代码	ZBSF10	暑伤肺胃证	
医学诊断	GB/T 15657-1995	中医病证分类与代码	ZBSF20	暑伤肺络证	
医学诊断	GB/T 15657-1995	中医病证分类与代码	ZBSF30	暑犯肺卫证	
医学诊断	GB/T 15657-1995	中医病证分类与代码	ZBSJ	暑、津液证类	
医学诊断	GB/T 15657-1995	中医病证分类与代码	ZBSJ10	暑伤津气证	
医学诊断	GB/T 15657-1995	中医病证分类与代码	ZBSR	暑、热证类	
医学诊断	GB/T 15657-1995	中医病证分类与代码	ZBSR00	暑热证	
医学诊断	GB/T 15657-1995	中医病证分类与代码	ZBSR10	暑热炽盛证	
医学诊断	GB/T 15657-1995	中医病证分类与代码	ZBSR20	暑热动风证	
医学诊断	GB/T 15657-1995	中医病证分类与代码	ZBSR21	暑动肝风证	
医学诊断	GB/T 15657-1995	中医病证分类与代码	ZBSR22	暑风证	
医学诊断	GB/T 15657-1995	中医病证分类与代码	ZBSR30	暑热内郁证	
医学诊断	GB/T 15657-1995	中医病证分类与代码	ZBSR40	暑热蒙心证	
医学诊断	GB/T 15657-1995	中医病证分类与代码	ZBSR50	暑热扰心证	
医学诊断	GB/T 15657-1995	中医病证分类与代码	ZBSR60	暑热浸淫证	
医学诊断	GB/T 15657-1995	中医病证分类与代码	ZBSX	暑、心证类	
医学诊断	GB/T 15657-1995	中医病证分类与代码	ZBSX	暑、血证类	
医学诊断	GB/T 15657-1995	中医病证分类与代码	ZBSX10	暑入心营证	
医学诊断	GB/T 15657-1995	中医病证分类与代码	ZBSX20	暑入心肾证	
医学诊断	GB/T 15657-1995	中医病证分类与代码	ZBSX21	暑伤心肾证	
医学诊断	GB/T 15657-1995	中医病证分类与代码	ZBSXA0	暑伤血络证	
医学诊断	GB/T 15657-1995	中医病证分类与代码	ZBSXB0	暑入血分证	
医学诊断	GB/T 15657-1995	中医病证分类与代码	ZBSY	暑、营分证类	
医学诊断	GB/T 15657-1995	中医病证分类与代码	ZBSY	暑、阳明证类	
医学诊断	GB/T 15657-1995	中医病证分类与代码	ZBSY10	暑入营血证	
医学诊断	GB/T 15657-1995	中医病证分类与代码	ZBSYA0	暑入阳明证	
医学诊断	GB/T 15657-1995	中医病证分类与代码	ZBU	火证类	
医学诊断	GB/T 15657-1995	中医病证分类与代码	ZBU010	火邪郁结证	
医学诊断	GB/T 15657-1995	中医病证分类与代码	ZBUD	火、毒证类	
医学诊断	GB/T 15657-1995	中医病证分类与代码	ZBUD00	火毒证	
医学诊断	GB/T 15657-1995	中医病证分类与代码	ZBUD10	火毒炽盛证	
医学诊断	GB/T 15657-1995	中医病证分类与代码	ZBUD11	火毒炽盛，热入营血证	
医学诊断	GB/T 15657-1995	中医病证分类与代码	ZBUD12	火毒炽盛，气血凝结证	
医学诊断	GB/T 15657-1995	中医病证分类与代码	ZBUD20	火毒壅盛证	
医学诊断	GB/T 15657-1995	中医病证分类与代码	ZBUD30	火毒蕴结证	
医学诊断	GB/T 15657-1995	中医病证分类与代码	ZBUD31	火毒困结证	
医学诊断	GB/T 15657-1995	中医病证分类与代码	ZBUD32	火毒郁结证	
医学诊断	GB/T 15657-1995	中医病证分类与代码	ZBUD33	火毒凝结证	
医学诊断	GB/T 15657-1995	中医病证分类与代码	ZBUD40	火毒内陷证	
医学诊断	GB/T 15657-1995	中医病证分类与代码	ZBUD50	火毒内攻证	
医学诊断	GB/T 15657-1995	中医病证分类与代码	ZBUD51	火毒传心证	
医学诊断	GB/T 15657-1995	中医病证分类与代码	ZBUD52	火毒传肝证	
医学诊断	GB/T 15657-1995	中医病证分类与代码	ZBUD53	火毒传脾证	
医学诊断	GB/T 15657-1995	中医病证分类与代码	ZBUD54	火毒传肺证	
医学诊断	GB/T 15657-1995	中医病证分类与代码	ZBUD55	火毒传肾证	
医学诊断	GB/T 15657-1995	中医病证分类与代码	ZBUD60	火毒入络证	
医学诊断	GB/T 15657-1995	中医病证分类与代码	ZBUD61	火毒窜络证	
医学诊断	GB/T 15657-1995	中医病证分类与代码	ZBUD70	火毒入营证	
医学诊断	GB/T 15657-1995	中医病证分类与代码	ZBUD80	火毒迫血证	
医学诊断	GB/T 15657-1995	中医病证分类与代码	ZBUD90	火毒上攻证	
医学诊断	GB/T 15657-1995	中医病证分类与代码	ZBUD91	火毒攻目证	
医学诊断	GB/T 15657-1995	中医病证分类与代码	ZBUDA0	火毒伤阴证	
医学诊断	GB/T 15657-1995	中医病证分类与代码	ZBUDA1	火毒伤津证	
医学诊断	GB/T 15657-1995	中医病证分类与代码	ZBUDB0	火毒外泄证	
医学诊断	GB/T 15657-1995	中医病证分类与代码	ZBUDC0	胎火蕴毒证	
医学诊断	GB/T 15657-1995	中医病证分类与代码	ZBUJ	火、经络证类	
医学诊断	GB/T 15657-1995	中医病证分类与代码	ZBUJ10	虚火灼络证	
医学诊断	GB/T 15657-1995	中医病证分类与代码	ZBUR	火、热证类	
医学诊断	GB/T 15657-1995	中医病证分类与代码	ZBUR10	火热炽盛证	
医学诊断	GB/T 15657-1995	中医病证分类与代码	ZBUR20	火热伤阴证	
医学诊断	GB/T 15657-1995	中医病证分类与代码	ZBUR21	火热伤津证	
医学诊断	GB/T 15657-1995	中医病证分类与代码	ZBUR30	火热扰心证	
医学诊断	GB/T 15657-1995	中医病证分类与代码	ZBUR40	火热邪毒壅盛证	
医学诊断	GB/T 15657-1995	中医病证分类与代码	ZBUY	火、阴证类	
医学诊断	GB/T 15657-1995	中医病证分类与代码	ZBUY10	火盛伤阴证	
医学诊断	GB/T 15657-1995	中医病证分类与代码	ZBUY20	郁火伤阴证	
医学诊断	GB/T 15657-1995	中医病证分类与代码	ZBV	情志证类	
医学诊断	GB/T 15657-1995	中医病证分类与代码	ZBV010	情志郁结证	
医学诊断	GB/T 15657-1995	中医病证分类与代码	ZBV011	情志抑郁证	
医学诊断	GB/T 15657-1995	中医病证分类与代码	ZBV020	情志内伤证	
医学诊断	GB/T 15657-1995	中医病证分类与代码	ZBV030	情志失调证	
医学诊断	GB/T 15657-1995	中医病证分类与代码	ZBV040	忧郁伤神证	
医学诊断	GB/T 15657-1995	中医病证分类与代码	ZBV050	惊恐证	
医学诊断	GB/T 15657-1995	中医病证分类与代码	ZBV060	惊恐伤神证	
医学诊断	GB/T 15657-1995	中医病证分类与代码	ZBV070	惊恐惊厥证	
医学诊断	GB/T 15657-1995	中医病证分类与代码	ZBV080	惊恐痉厥证	
医学诊断	GB/T 15657-1995	中医病证分类与代码	ZBV090	暴受惊恐证	
医学诊断	GB/T 15657-1995	中医病证分类与代码	ZBV100	惊恐惊风证	
医学诊断	GB/T 15657-1995	中医病证分类与代码	ZBVP	情志、脾证类	
医学诊断	GB/T 15657-1995	中医病证分类与代码	ZBVP10	思虚伤脾证	
医学诊断	GB/T 15657-1995	中医病证分类与代码	ZBVS	情志、肾证类	
医学诊断	GB/T 15657-1995	中医病证分类与代码	ZBVS10	惊恐伤肾证	
医学诊断	GB/T 15657-1995	中医病证分类与代码	ZBVS11	恐惧伤肾证	
医学诊断	GB/T 15657-1995	中医病证分类与代码	ZBVV	情志、气证类	
医学诊断	GB/T 15657-1995	中医病证分类与代码	ZBVV10	惊恐气逆证	
医学诊断	GB/T 15657-1995	中医病证分类与代码	ZBW	外伤证类	
医学诊断	GB/T 15657-1995	中医病证分类与代码	ZBW000	外伤证	
医学诊断	GB/T 15657-1995	中医病证分类与代码	ZBW010	跌仆伤胎证	
医学诊断	GB/T 15657-1995	中医病证分类与代码	ZBW020	皮肉破损证	
医学诊断	GB/T 15657-1995	中医病证分类与代码	ZBW030	眼珠破损证	
医学诊断	GB/T 15657-1995	中医病证分类与代码	ZBW031	眼珠破损，风邪乘袭证	
医学诊断	GB/T 15657-1995	中医病证分类与代码	ZBWJ	外伤、经络证类	
医学诊断	GB/T 15657-1995	中医病证分类与代码	ZBWJ10	外伤损络证	
医学诊断	GB/T 15657-1995	中医病证分类与代码	ZBWJ20	外伤目络证	
医学诊断	GB/T 15657-1995	中医病证分类与代码	ZBWX	外伤、血证类	
医学诊断	GB/T 15657-1995	中医病证分类与代码	ZBWX10	外伤血瘀证	
医学诊断	GB/T 15657-1995	中医病证分类与代码	ZBWX11	外伤瘀滞证	
医学诊断	GB/T 15657-1995	中医病证分类与代码	ZBWX20	鼻伤衄血证	
医学诊断	GB/T 15657-1995	中医病证分类与代码	ZBX	邪证类	
医学诊断	GB/T 15657-1995	中医病证分类与代码	ZBX010	邪犯脏腑证	
医学诊断	GB/T 15657-1995	中医病证分类与代码	ZBX020	邪陷正脱证	
医学诊断	GB/T 15657-1995	中医病证分类与代码	ZBX030	邪阻膜原证	
医学诊断	GB/T 15657-1995	中医病证分类与代码	ZBX031	邪伏膜原证	
医学诊断	GB/T 15657-1995	中医病证分类与代码	ZBX040	外邪侵入证	
医学诊断	GB/T 15657-1995	中医病证分类与代码	ZBX041	外邪侵入，热毒炽盛证	
医学诊断	GB/T 15657-1995	中医病证分类与代码	ZBX050	温邪内陷证	
医学诊断	GB/T 15657-1995	中医病证分类与代码	ZBX060	余邪未尽证	
医学诊断	GB/T 15657-1995	中医病证分类与代码	ZBX061	余邪未尽，痰瘀滞络证	
医学诊断	GB/T 15657-1995	中医病证分类与代码	ZBX070	余邪留恋证	
医学诊断	GB/T 15657-1995	中医病证分类与代码	ZBX071	余邪留恋，气阴两伤证	
医学诊断	GB/T 15657-1995	中医病证分类与代码	ZBX080	余邪扰目证	
医学诊断	GB/T 15657-1995	中医病证分类与代码	ZBX090	正盛邪实证	
医学诊断	GB/T 15657-1995	中医病证分类与代码	ZBX100	正虚邪恋证	
医学诊断	GB/T 15657-1995	中医病证分类与代码	ZBX101	正虚邪恋，肺脾气虚证	
医学诊断	GB/T 15657-1995	中医病证分类与代码	ZBX102	正虚邪恋，风内扰动证	
医学诊断	GB/T 15657-1995	中医病证分类与代码	ZBX103	正虚邪恋，痰蒙清窍证	
医学诊断	GB/T 15657-1995	中医病证分类与代码	ZBX104	正虚邪恋，阴虚肺热证	
医学诊断	GB/T 15657-1995	中医病证分类与代码	ZBX105	正虚邪恋，余热未清证	
医学诊断	GB/T 15657-1995	中医病证分类与代码	ZBX110	正虚邪留证	
医学诊断	GB/T 15657-1995	中医病证分类与代码	ZBX120	正虚邪实证	
医学诊断	GB/T 15657-1995	中医病证分类与代码	ZBX130	正虚邪衰证	
医学诊断	GB/T 15657-1995	中医病证分类与代码	ZBX140	邪气阻闭证	
医学诊断	GB/T 15657-1995	中医病证分类与代码	ZBXF	邪、肺证类	
医学诊断	GB/T 15657-1995	中医病证分类与代码	ZBXF10	邪入肺卫证	
医学诊断	GB/T 15657-1995	中医病证分类与代码	ZBXF11	邪在肺卫证	
医学诊断	GB/T 15657-1995	中医病证分类与代码	ZBXF20	邪郁肺卫证	
医学诊断	GB/T 15657-1995	中医病证分类与代码	ZBXF30	邪侵肺卫证	
医学诊断	GB/T 15657-1995	中医病证分类与代码	ZBXF31	邪袭肺卫证	
医学诊断	GB/T 15657-1995	中医病证分类与代码	ZBXF40	邪犯肺胃证	
医学诊断	GB/T 15657-1995	中医病证分类与代码	ZBXF50	邪郁肺胃证	
医学诊断	GB/T 15657-1995	中医病证分类与代码	ZBXF60	邪犯胸肺证	
医学诊断	GB/T 15657-1995	中医病证分类与代码	ZBXF70	邪结肠腑证	
医学诊断	GB/T 15657-1995	中医病证分类与代码	ZBXG	邪、肝证类	
医学诊断	GB/T 15657-1995	中医病证分类与代码	ZBXG10	邪犯肝脾证	
医学诊断	GB/T 15657-1995	中医病证分类与代码	ZBXG20	邪窜肝经证	
医学诊断	GB/T 15657-1995	中医病证分类与代码	ZBXJ	邪、厥阴证类	
医学诊断	GB/T 15657-1995	中医病证分类与代码	ZBXJ	邪、经络证类	
医学诊断	GB/T 15657-1995	中医病证分类与代码	ZBXJ10	邪注经络证	
医学诊断	GB/T 15657-1995	中医病证分类与代码	ZBXJ20	邪壅经络证	
医学诊断	GB/T 15657-1995	中医病证分类与代码	ZBXJ30	邪窜经络证	
医学诊断	GB/T 15657-1995	中医病证分类与代码	ZBXJA0	邪犯厥阴证	
医学诊断	GB/T 15657-1995	中医病证分类与代码	ZBXM	暑、湿证类	
医学诊断	GB/T 15657-1995	中医病证分类与代码	ZBXM00	暑湿证	
医学诊断	GB/T 15657-1995	中医病证分类与代码	ZBXM10	暑湿袭表证	
医学诊断	GB/T 15657-1995	中医病证分类与代码	ZBXM20	暑湿在表证	
医学诊断	GB/T 15657-1995	中医病证分类与代码	ZBXM30	暑湿内蕴证	
医学诊断	GB/T 15657-1995	中医病证分类与代码	ZBXM31	暑湿内蕴，寒邪束表证	
医学诊断	GB/T 15657-1995	中医病证分类与代码	ZBXM40	暑湿热蕴证	
医学诊断	GB/T 15657-1995	中医病证分类与代码	ZBXM50	暑湿蕴结证	
医学诊断	GB/T 15657-1995	中医病证分类与代码	ZBXM60	暑湿交阻证	
医学诊断	GB/T 15657-1995	中医病证分类与代码	ZBXM70	暑湿困脾证	
医学诊断	GB/T 15657-1995	中医病证分类与代码	ZBXM71	暑湿伤脾证	
医学诊断	GB/T 15657-1995	中医病证分类与代码	ZBXM80	暑湿困阻中焦证	
医学诊断	GB/T 15657-1995	中医病证分类与代码	ZBXM90	暑湿困伤心脾证	
医学诊断	GB/T 15657-1995	中医病证分类与代码	ZBXMA0	暑湿弥漫三焦证	
医学诊断	GB/T 15657-1995	中医病证分类与代码	ZBXP	邪、脾证类	
医学诊断	GB/T 15657-1995	中医病证分类与代码	ZBXP10	外邪犯胃证	
医学诊断	GB/T 15657-1995	中医病证分类与代码	ZBXS	邪、少阳证类	
医学诊断	GB/T 15657-1995	中医病证分类与代码	ZBXS10	邪入少阳证	
医学诊断	GB/T 15657-1995	中医病证分类与代码	ZBXS10	邪郁少阳证	
医学诊断	GB/T 15657-1995	中医病证分类与代码	ZBXS21	邪在少阳证	
医学诊断	GB/T 15657-1995	中医病证分类与代码	ZBXU	邪、火证类	
医学诊断	GB/T 15657-1995	中医病证分类与代码	ZBXU10	邪郁化火证	
医学诊断	GB/T 15657-1995	中医病证分类与代码	ZBXV	邪、气分证类	
医学诊断	GB/T 15657-1995	中医病证分类与代码	ZBXV10	邪入气营证	
医学诊断	GB/T 15657-1995	中医病证分类与代码	ZBXV11	邪在气营证	
医学诊断	GB/T 15657-1995	中医病证分类与代码	ZBXV12	邪入气营，热毒内陷证	
医学诊断	GB/T 15657-1995	中医病证分类与代码	ZBXV13	邪入气营，热毒内蕴证	
医学诊断	GB/T 15657-1995	中医病证分类与代码	ZBXV20	邪入气分证	
医学诊断	GB/T 15657-1995	中医病证分类与代码	ZBXV21	邪在气分证	
医学诊断	GB/T 15657-1995	中医病证分类与代码	ZBXW	邪、卫分证类	
医学诊断	GB/T 15657-1995	中医病证分类与代码	ZBXW10	邪入卫气证	
医学诊断	GB/T 15657-1995	中医病证分类与代码	ZBXW11	邪在卫气证	
医学诊断	GB/T 15657-1995	中医病证分类与代码	ZBXW20	邪遏卫气证	
医学诊断	GB/T 15657-1995	中医病证分类与代码	ZBXW30	邪郁卫气证	
医学诊断	GB/T 15657-1995	中医病证分类与代码	ZBXX	邪、心证类	
医学诊断	GB/T 15657-1995	中医病证分类与代码	ZBXX	邪、血分证类	
医学诊断	GB/T 15657-1995	中医病证分类与代码	ZBXX10	邪犯心肝证	
医学诊断	GB/T 15657-1995	中医病证分类与代码	ZBXX20	邪陷心肝证	
医学诊断	GB/T 15657-1995	中医病证分类与代码	ZBXX21	邪陷心肝，血热动风证	
医学诊断	GB/T 15657-1995	中医病证分类与代码	ZBXX30	邪陷心包证	
医学诊断	GB/T 15657-1995	中医病证分类与代码	ZBXXA0	邪入血分证	
医学诊断	GB/T 15657-1995	中医病证分类与代码	ZBXXA1	邪在血分证	
医学诊断	GB/T 15657-1995	中医病证分类与代码	ZBXY	邪、营分证类	
医学诊断	GB/T 15657-1995	中医病证分类与代码	ZBXY	邪、阴证类	
医学诊断	GB/T 15657-1995	中医病证分类与代码	ZBXY10	邪恋阴伤证	
医学诊断	GB/T 15657-1995	中医病证分类与代码	ZBXY20	邪留阴分证	
医学诊断	GB/T 15657-1995	中医病证分类与代码	ZBXYA0	邪入营血证	
医学诊断	GB/T 15657-1995	中医病证分类与代码	ZBXYA1	邪在营血证	
医学诊断	GB/T 15657-1995	中医病证分类与代码	ZBXYB0	邪入营分证	
医学诊断	GB/T 15657-1995	中医病证分类与代码	ZBXYB1	邪在营分证	
医学诊断	GB/T 15657-1995	中医病证分类与代码	ZBY	饮食证类	
医学诊断	GB/T 15657-1995	中医病证分类与代码	ZBY010	食滞证	
医学诊断	GB/T 15657-1995	中医病证分类与代码	ZBY011	饮食积滞证	
医学诊断	GB/T 15657-1995	中医病证分类与代码	ZBY020	饮食停滞证	
医学诊断	GB/T 15657-1995	中医病证分类与代码	ZBY030	伤食证	
医学诊断	GB/T 15657-1995	中医病证分类与代码	ZBY040	伤食痛证	
医学诊断	GB/T 15657-1995	中医病证分类与代码	ZBY050	伤乳证	
医学诊断	GB/T 15657-1995	中医病证分类与代码	ZBY060	乳食积滞证	
医学诊断	GB/T 15657-1995	中医病证分类与代码	ZBY061	乳食内积证	
医学诊断	GB/T 15657-1995	中医病证分类与代码	ZBY062	乳食壅积证	
医学诊断	GB/T 15657-1995	中医病证分类与代码	ZBYP	饮食、脾证类	
医学诊断	GB/T 15657-1995	中医病证分类与代码	ZBYP10	宿食伤脾证	
医学诊断	GB/T 15657-1995	中医病证分类与代码	ZBYP20	食滞胃肠证	
医学诊断	GB/T 15657-1995	中医病证分类与代码	ZBYP30	乳食伤胃证	
医学诊断	GB/T 15657-1995	中医病证分类与代码	ZBYP40	积滞伤胃证	
医学诊断	GB/T 15657-1995	中医病证分类与代码	ZBYT	饮食、痰证类	
医学诊断	GB/T 15657-1995	中医病证分类与代码	ZBYT10	食滞痰阻证	
医学诊断	GB/T 15657-1995	中医病证分类与代码	ZBYT20	食浊阻滞证	
医学诊断	GB/T 15657-1995	中医病证分类与代码	ZBZ	燥证类	
医学诊断	GB/T 15657-1995	中医病证分类与代码	ZBZ010	燥结证	
医学诊断	GB/T 15657-1995	中医病证分类与代码	ZBZ020	燥干清窍证	
医学诊断	GB/T 15657-1995	中医病证分类与代码	ZBZF	燥、肺证类	
医学诊断	GB/T 15657-1995	中医病证分类与代码	ZBZF10	凉燥袭肺证	
医学诊断	GB/T 15657-1995	中医病证分类与代码	ZBZF20	燥邪伤肺证	
医学诊断	GB/T 15657-1995	中医病证分类与代码	ZBZR	燥、热证类	
医学诊断	GB/T 15657-1995	中医病证分类与代码	ZBZR10	燥热外犯证	
医学诊断	GB/T 15657-1995	中医病证分类与代码	ZBZR20	燥热伤津证	
医学诊断	GB/T 15657-1995	中医病证分类与代码	ZBZR30	燥热伤肺证	
医学诊断	GB/T 15657-1995	中医病证分类与代码	ZBZV	燥、气证类	
医学诊断	GB/T 15657-1995	中医病证分类与代码	ZBZV10	燥气化火证	
医学诊断	GB/T 15657-1995	中医病证分类与代码	ZBZY	燥、阴证类	
医学诊断	GB/T 15657-1995	中医病证分类与代码	ZBZY10	燥伤真阴证	
医学诊断	GB/T 15657-1995	中医病证分类与代码	ZBZY20	燥邪伤阴证	
医学诊断	GB/T 15657-1995	中医病证分类与代码	ZL	六经证候类	
医学诊断	GB/T 15657-1995	中医病证分类与代码	ZLA	太阴证类	
医学诊断	GB/T 15657-1995	中医病证分类与代码	ZLA000	太阴证	
医学诊断	GB/T 15657-1995	中医病证分类与代码	ZLA010	太阴兼表证	
医学诊断	GB/T 15657-1995	中医病证分类与代码	ZLA020	太阴腹痛证	
医学诊断	GB/T 15657-1995	中医病证分类与代码	ZLH	少阴证类	
医学诊断	GB/T 15657-1995	中医病证分类与代码	ZLH000	少阴证	
医学诊断	GB/T 15657-1995	中医病证分类与代码	ZLH010	少阴咽痛证	
医学诊断	GB/T 15657-1995	中医病证分类与代码	ZLHH	少阴、寒证类	
医学诊断	GB/T 15657-1995	中医病证分类与代码	ZLHH10	少阴寒化证	
医学诊断	GB/T 15657-1995	中医病证分类与代码	ZLHJ	少阴、津液证类	
医学诊断	GB/T 15657-1995	中医病证分类与代码	ZLHJ10	少阴伤津动血证	
医学诊断	GB/T 15657-1995	中医病证分类与代码	ZLHR	少阴、热证类	
医学诊断	GB/T 15657-1995	中医病证分类与代码	ZLHR10	少阴热证	
医学诊断	GB/T 15657-1995	中医病证分类与代码	ZLHR20	少阴热移膀胱证	
医学诊断	GB/T 15657-1995	中医病证分类与代码	ZLHR30	少阴热化证	
医学诊断	GB/T 15657-1995	中医病证分类与代码	ZLJ	厥阴证类	
医学诊断	GB/T 15657-1995	中医病证分类与代码	ZLJ000	厥阴证	
医学诊断	GB/T 15657-1995	中医病证分类与代码	ZLJ010	厥阴厥证	
医学诊断	GB/T 15657-1995	中医病证分类与代码	ZLJ020	内陷厥阴证	
医学诊断	GB/T 15657-1995	中医病证分类与代码	ZLJ030	厥阴呕哕证	
医学诊断	GB/T 15657-1995	中医病证分类与代码	ZLJ040	厥阴下利证	
医学诊断	GB/T 15657-1995	中医病证分类与代码	ZLJR	厥阴、热证类	
医学诊断	GB/T 15657-1995	中医病证分类与代码	ZLJR10	厥阴上热下寒证	
医学诊断	GB/T 15657-1995	中医病证分类与代码	ZLS000	少阳证	
医学诊断	GB/T 15657-1995	中医病证分类与代码	ZLS	少阳证类	
医学诊断	GB/T 15657-1995	中医病证分类与代码	ZLT	太阳证类	
医学诊断	GB/T 15657-1995	中医病证分类与代码	ZLT000	太阳证	
医学诊断	GB/T 15657-1995	中医病证分类与代码	ZLT010	太阳中风表虚证	
医学诊断	GB/T 15657-1995	中医病证分类与代码	ZLT020	太阳伤寒表实证	
医学诊断	GB/T 15657-1995	中医病证分类与代码	ZLT030	太阳表郁轻证	
医学诊断	GB/T 15657-1995	中医病证分类与代码	ZLT040	太阳结胸证	
医学诊断	GB/T 15657-1995	中医病证分类与代码	ZLT050	太阳脏结证	
医学诊断	GB/T 15657-1995	中医病证分类与代码	ZLT060	太阳痞证	
医学诊断	GB/T 15657-1995	中医病证分类与代码	ZLT070	太阳下焦滑脱痞证	
医学诊断	GB/T 15657-1995	中医病证分类与代码	ZLTH	太阳、寒证类	
医学诊断	GB/T 15657-1995	中医病证分类与代码	ZLTH00	太阳寒证	
医学诊断	GB/T 15657-1995	中医病证分类与代码	ZLTH10	太阳虚寒证	
医学诊断	GB/T 15657-1995	中医病证分类与代码	ZLTH11	太阳虚寒――心阳虚证	
医学诊断	GB/T 15657-1995	中医病证分类与代码	ZLTH12	太阳虚寒――阳虚兼水气证	
医学诊断	GB/T 15657-1995	中医病证分类与代码	ZLTH13	太阳虚寒――脾虚证	
医学诊断	GB/T 15657-1995	中医病证分类与代码	ZLTH14	太阳虚寒――肾阳虚证	
医学诊断	GB/T 15657-1995	中医病证分类与代码	ZLTH20	太阳寒实结胸证	
医学诊断	GB/T 15657-1995	中医病证分类与代码	ZLTH30	太阳寒热错杂痞证	
医学诊断	GB/T 15657-1995	中医病证分类与代码	ZLTR	太阳、热证类	
医学诊断	GB/T 15657-1995	中医病证分类与代码	ZLTR10	太阳热证	
医学诊断	GB/T 15657-1995	中医病证分类与代码	ZLTR20	太阳热实结胸证	
医学诊断	GB/T 15657-1995	中医病证分类与代码	ZLTR30	太阳热痞证	
医学诊断	GB/T 15657-1995	中医病证分类与代码	ZLTR40	太阳上热下寒证	
医学诊断	GB/T 15657-1995	中医病证分类与代码	ZLTT	太阳、痰证类	
医学诊断	GB/T 15657-1995	中医病证分类与代码	ZLTT10	太阳痰气痞证	
医学诊断	GB/T 15657-1995	中医病证分类与代码	ZLTT20	太阳蓄水证	
医学诊断	GB/T 15657-1995	中医病证分类与代码	ZLTT30	太阳水痞证	
医学诊断	GB/T 15657-1995	中医病证分类与代码	ZLTU	太阳、火证类	
医学诊断	GB/T 15657-1995	中医病证分类与代码	ZLTU10	太阳火逆证	
医学诊断	GB/T 15657-1995	中医病证分类与代码	ZLTX	太阳、血证类	
医学诊断	GB/T 15657-1995	中医病证分类与代码	ZLTX10	太阳蓄血证	
医学诊断	GB/T 15657-1995	中医病证分类与代码	ZLTY	太阳、阴证类	
医学诊断	GB/T 15657-1995	中医病证分类与代码	ZLTY10	太阳阴阳两虚证	
医学诊断	GB/T 15657-1995	中医病证分类与代码	ZLY	阳明证类	
医学诊断	GB/T 15657-1995	中医病证分类与代码	ZLY000	阳明证	
医学诊断	GB/T 15657-1995	中医病证分类与代码	ZLY010	阳明实证	
医学诊断	GB/T 15657-1995	中医病证分类与代码	ZLY020	阳明发黄证	
医学诊断	GB/T 15657-1995	中医病证分类与代码	ZLY030	阳明腑实证	
医学诊断	GB/T 15657-1995	中医病证分类与代码	ZLY031	阳明腑实，小肠热盛证	
医学诊断	GB/T 15657-1995	中医病证分类与代码	ZLYR	阳明、热证类	
医学诊断	GB/T 15657-1995	中医病证分类与代码	ZLYR10	阳明热证	
医学诊断	GB/T 15657-1995	中医病证分类与代码	ZLYR20	阳明热盛证	
医学诊断	GB/T 15657-1995	中医病证分类与代码	ZLYR30	阳明热结证	
医学诊断	GB/T 15657-1995	中医病证分类与代码	ZLYR31	阳明热药，气液两虚证	
医学诊断	GB/T 15657-1995	中医病证分类与代码	ZLYR32	阳明热结，阴液亏损证	
医学诊断	GB/T 15657-1995	中医病证分类与代码	ZLYX	阳明、血证类	
医学诊断	GB/T 15657-1995	中医病证分类与代码	ZLYX10	阳明血热证	
医学诊断	GB/T 15657-1995	中医病证分类与代码	ZLYZ	阳明、燥证类	
医学诊断	GB/T 15657-1995	中医病证分类与代码	ZLYZ10	阳明燥结证	
医学诊断	GB/T 15657-1995	中医病证分类与代码	ZV	其他证候类	
医学诊断	GB/T 15657-1995	中医病证分类与代码	ZVM	期类	
医学诊断	GB/T 15657-1995	中医病证分类与代码	ZVM010	一期	
医学诊断	GB/T 15657-1995	中医病证分类与代码	ZVM020	二期	
医学诊断	GB/T 15657-1995	中医病证分类与代码	ZVM030	三期	
医学诊断	GB/T 15657-1995	中医病证分类与代码	ZVM040	初期	
医学诊断	GB/T 15657-1995	中医病证分类与代码	ZVM050	中期	
医学诊断	GB/T 15657-1995	中医病证分类与代码	ZVM060	后期	
医学诊断	GB/T 15657-1995	中医病证分类与代码	ZVM070	晚期	
医学诊断	GB/T 15657-1995	中医病证分类与代码	ZVM080	见形期	
医学诊断	GB/T 15657-1995	中医病证分类与代码	ZVM090	出疹期	
医学诊断	GB/T 15657-1995	中医病证分类与代码	ZVM100	收没期	
医学诊断	GB/T 15657-1995	中医病证分类与代码	ZVM110	收口期	
医学诊断	GB/T 15657-1995	中医病证分类与代码	ZVM120	成痈期	
医学诊断	GB/T 15657-1995	中医病证分类与代码	ZVM130	酿脓期	
医学诊断	GB/T 15657-1995	中医病证分类与代码	ZVM140	成脓期	
医学诊断	GB/T 15657-1995	中医病证分类与代码	ZVM150	溃脓期	
医学诊断	GB/T 15657-1995	中医病证分类与代码	ZVM160	溃后期	
医学诊断	GB/T 15657-1995	中医病证分类与代码	ZVM170	恢复期	
医学诊断	GB/T 15657-1995	中医病证分类与代码	ZVM180	初咳期	
医学诊断	GB/T 15657-1995	中医病证分类与代码	ZVM190	痉咳期	
医学诊断	GB/T 15657-1995	中医病证分类与代码	ZVM200	疹前期	
医学诊断	GB/T 15657-1995	中医病证分类与代码	ZVM210	疹回期	
医学诊断	GB/T 15657-1995	中医病证分类与代码	ZVM220	未破损期	
医学诊断	GB/T 15657-1995	中医病证分类与代码	ZVM230	已破损期	
医学诊断	GB/T 15657-1995	中医病证分类与代码	ZVM240	发热期	
医学诊断	GB/T 15657-1995	中医病证分类与代码	ZVM250	膨胀胀	
医学诊断	GB/T 15657-1995	中医病证分类与代码	ZVM260	成熟期	
医学诊断	GB/T 15657-1995	中医病证分类与代码	ZVM270	过熟期	
医学诊断	GB/T 15657-1995	中医病证分类与代码	ZVM280	初发期	
医学诊断	GB/T 15657-1995	中医病证分类与代码	ZVM290	进行期	
医学诊断	GB/T 15657-1995	中医病证分类与代码	ZVM300	退行期	
医学诊断	GB/T 15657-1995	中医病证分类与代码	ZVM310	昏溃期	
医学诊断	GB/T 15657-1995	中医病证分类与代码	ZVM320	清醒期	
医学诊断	GB/T 15657-1995	中医病证分类与代码	ZVM330	发作期	
医学诊断	GB/T 15657-1995	中医病证分类与代码	ZVM340	缓解期	
医学诊断	GB/T 15657-1995	中医病证分类与代码	ZVV	其他证类	
医学诊断	GB/T 15657-1995	中医病证分类与代码	ZVV000	其他证	
医学诊断	GB/T 15657-1995	中医病证分类与代码	ZVV010	禀赋不足证	
医学诊断	GB/T 15657-1995	中医病证分类与代码	ZVV011	先天不足证	
医学诊断	GB/T 15657-1995	中医病证分类与代码	ZVV020	干陷证	
医学诊断	GB/T 15657-1995	中医病证分类与代码	ZVV030	干疳证	
医学诊断	GB/T 15657-1995	中医病证分类与代码	ZVV040	疳积证	
医学诊断	GB/T 15657-1995	中医病证分类与代码	ZVV050	疳气证	
医学诊断	GB/T 15657-1995	中医病证分类与代码	ZVV060	疳肿胀证	
医学诊断	GB/T 15657-1995	中医病证分类与代码	ZVV070	筋断筋伤证	
医学诊断	GB/T 15657-1995	中医病证分类与代码	ZVV080	筋骨不用证	
医学诊断	GB/T 15657-1995	中医病证分类与代码	ZVV090	筋脉失养证	
医学诊断	GB/T 15657-1995	中医病证分类与代码	ZVV100	腐筋损骨证	
医学诊断	GB/T 15657-1995	中医病证分类与代码	ZVV110	劳伤筋脉证	
医学诊断	GB/T 15657-1995	中医病证分类与代码	ZVV120	鼻梁内陷，血脉损伤证	
医学诊断	GB/T 15657-1995	中医病证分类与代码	ZVV130	感伤健眼证	
医学诊断	GB/T 15657-1995	中医病证分类与代码	ZVV140	脑髓失养证	
医学诊断	GB/T 15657-1995	中医病证分类与代码	ZVV150	脑窍被蒙证	
医学诊断	GB/T 15657-1995	中医病证分类与代码	ZVV160	神明失职证	
医学诊断	GB/T 15657-1995	中医病证分类与代码	ZVV170	乳房部漏证	
医学诊断	GB/T 15657-1995	中医病证分类与代码	ZVV180	乳晕部漏证	
医学诊断	GB/T 15657-1995	中医病证分类与代码	ZVV190	髓海不足证	
医学诊断	GB/T 15657-1995	中医病证分类与代码	ZVV200	元神外脱证	
医学诊断	GB/T 15657-1995	中医病证分类与代码	ZVV210	内闭外脱证	
医学诊断	GB/T 15657-1995	中医病证分类与代码	ZVV220	内陷外脱证	
医学诊断	GB/T 15657-1995	中医病证分类与代码	ZVV230	上盛下虚证	
医学诊断	GB/T 15657-1995	中医病证分类与代码	ZVV240	下焦虚冷证	
医学诊断	GB/T 15657-1995	中医病证分类与代码	ZVV250	脏腑虚冷证	
医学诊断	GB/T 15657-1995	中医病证分类与代码	ZVV260	虚实夹杂证	
医学诊断	GB/T 15657-1995	中医病证分类与代码	ZVV270	三焦壅塞证	
医学诊断	GB/T 15657-1995	中医病证分类与代码	ZVV280	脱证	
医学诊断	GB/T 15657-1995	中医病证分类与代码	ZVV290	营卫不和证	
医学诊断	GB/T 15657-1995	中医病证分类与代码	ZVX	型类	
医学诊断	GB/T 15657-1995	中医病证分类与代码	ZVX010	脱屑型	
医学诊断	GB/T 15657-1995	中医病证分类与代码	ZVX020	鼻赘型	
医学诊断	GB/T 15657-1995	中医病证分类与代码	ZVX030	糜烂型	
医学诊断	GB/T 15657-1995	中医病证分类与代码	ZVX040	包块型	
医学诊断	GB/T 15657-1995	中医病证分类与代码	ZVX050	丘疹型	
医学诊断	GB/T 15657-1995	中医病证分类与代码	ZVX060	红斑型	
医学诊断	GB/T 15657-1995	中医病证分类与代码	ZVX070	界线型	
医学诊断	GB/T 15657-1995	中医病证分类与代码	ZVX080	瘤型	
医学诊断	GB/T 15657-1995	中医病证分类与代码	ZW	卫气营血证候类	
医学诊断	GB/T 15657-1995	中医病证分类与代码	ZWV	气分证类	
医学诊断	GB/T 15657-1995	中医病证分类与代码	ZWV000	气分证	
医学诊断	GB/T 15657-1995	中医病证分类与代码	ZWVM	气分、湿证类	
医学诊断	GB/T 15657-1995	中医病证分类与代码	ZWVM10	气分淡热证	
医学诊断	GB/T 15657-1995	中医病证分类与代码	ZWVX	气分、血分证类	
医学诊断	GB/T 15657-1995	中医病证分类与代码	ZWVX10	气血两燔证	
医学诊断	GB/T 15657-1995	中医病证分类与代码	ZWVY	气分、营分证类	
医学诊断	GB/T 15657-1995	中医病证分类与代码	ZWVY10	气营两燔证	
医学诊断	GB/T 15657-1995	中医病证分类与代码	ZWW	卫分证类	
医学诊断	GB/T 15657-1995	中医病证分类与代码	ZWW010	卫分证	
医学诊断	GB/T 15657-1995	中医病证分类与代码	ZWWV	卫分、气分证类	
医学诊断	GB/T 15657-1995	中医病证分类与代码	ZWWV10	卫气同病证	
医学诊断	GB/T 15657-1995	中医病证分类与代码	ZWWV11	卫气同病，痰热蕴肺证	
医学诊断	GB/T 15657-1995	中医病证分类与代码	ZWWY	卫分、营分证类	
医学诊断	GB/T 15657-1995	中医病证分类与代码	ZWWY10	卫营同病证	
医学诊断	GB/T 15657-1995	中医病证分类与代码	ZWX	血分证类	
医学诊断	GB/T 15657-1995	中医病证分类与代码	ZWX000	血分证	
医学诊断	GB/T 15657-1995	中医病证分类与代码	ZWY	营分证类	
医学诊断	GB/T 15657-1995	中医病证分类与代码	ZWY000	营分证	
医学诊断	GB/T 15657-1995	中医病证分类与代码	ZY	阴阳气血津液痰证候类	
医学诊断	GB/T 15657-1995	中医病证分类与代码	ZYA	阳证类	
医学诊断	GB/T 15657-1995	中医病证分类与代码	ZYA010	元阳外脱证	
医学诊断	GB/T 15657-1995	中医病证分类与代码	ZYA020	阳虚失养证	
医学诊断	GB/T 15657-1995	中医病证分类与代码	ZYA030	阳虚欲脱证	
医学诊断	GB/T 15657-1995	中医病证分类与代码	ZYA040	清阳不升证	
医学诊断	GB/T 15657-1995	中医病证分类与代码	ZYA050	虚阳上浮证	
医学诊断	GB/T 15657-1995	中医病证分类与代码	ZYA060	阳闭证	
医学诊断	GB/T 15657-1995	中医病证分类与代码	ZYA070	伤阳证	
医学诊断	GB/T 15657-1995	中医病证分类与代码	ZYA080	亡阳证	
医学诊断	GB/T 15657-1995	中医病证分类与代码	ZYA090	阳气亏虚证	
医学诊断	GB/T 15657-1995	中医病证分类与代码	ZYA100	阳气虚衰证	
医学诊断	GB/T 15657-1995	中医病证分类与代码	ZYA110	阳气欲脱证	
医学诊断	GB/T 15657-1995	中医病证分类与代码	ZYA120	阳气暴脱证	
医学诊断	GB/T 15657-1995	中医病证分类与代码	ZYAD	阳、毒证类	
医学诊断	GB/T 15657-1995	中医病证分类与代码	ZYAD10	阳毒外发证	
医学诊断	GB/T 15657-1995	中医病证分类与代码	ZYAH	阳、寒证类	
医学诊断	GB/T 15657-1995	中医病证分类与代码	ZYAH10	阳虚内寒证	
医学诊断	GB/T 15657-1995	中医病证分类与代码	ZYAH20	阳虚寒凝证	
医学诊断	GB/T 15657-1995	中医病证分类与代码	ZYAH30	阳虚寒盛证	
医学诊断	GB/T 15657-1995	中医病证分类与代码	ZYAH40	阳虚寒湿阻络证	
医学诊断	GB/T 15657-1995	中医病证分类与代码	ZYAH50	阳虚寒痰证	
医学诊断	GB/T 15657-1995	中医病证分类与代码	ZYAS	阳、暑证类	
医学诊断	GB/T 15657-1995	中医病证分类与代码	ZYAS00	阳暑证	
医学诊断	GB/T 15657-1995	中医病证分类与代码	ZYAT	阳、痰证类	
医学诊断	GB/T 15657-1995	中医病证分类与代码	ZYAT10	阳虚痰凝证	
医学诊断	GB/T 15657-1995	中医病证分类与代码	ZYAT20	阳虚水泛证	
医学诊断	GB/T 15657-1995	中医病证分类与代码	ZYAX	阳、血证类	
医学诊断	GB/T 15657-1995	中医病证分类与代码	ZYAX10	阳虚血瘀证	
医学诊断	GB/T 15657-1995	中医病证分类与代码	ZYJ	津液证类	
医学诊断	GB/T 15657-1995	中医病证分类与代码	ZYJ010	津液干枯证	
医学诊断	GB/T 15657-1995	中医病证分类与代码	ZYJ020	津液亏耗证	
医学诊断	GB/T 15657-1995	中医病证分类与代码	ZYJ021	津液亏损证	
医学诊断	GB/T 15657-1995	中医病证分类与代码	ZYJ030	阴液不足证	
医学诊断	GB/T 15657-1995	中医病证分类与代码	ZYJ031	阴液不足，火毒炽盛证	
医学诊断	GB/T 15657-1995	中医病证分类与代码	ZYJ032	阴津不足证	
医学诊断	GB/T 15657-1995	中医病证分类与代码	ZYJ040	阴液亏虚证	
医学诊断	GB/T 15657-1995	中医病证分类与代码	ZYJ050	阴液乏竭证	
医学诊断	GB/T 15657-1995	中医病证分类与代码	ZYJ060	阴虚津亏证	
医学诊断	GB/T 15657-1995	中医病证分类与代码	ZYJF	津液、肺证类	
医学诊断	GB/T 15657-1995	中医病证分类与代码	ZYJF10	津伤肠燥证	
医学诊断	GB/T 15657-1995	中医病证分类与代码	ZYJF20	津枯肠结证	
医学诊断	GB/T 15657-1995	中医病证分类与代码	ZYJR	津液、热证类	
医学诊断	GB/T 15657-1995	中医病证分类与代码	ZYJR10	津亏热结证	
医学诊断	GB/T 15657-1995	中医病证分类与代码	ZYJV	津液、气证类	
医学诊断	GB/T 15657-1995	中医病证分类与代码	ZYJV10	津气欲脱证	
医学诊断	GB/T 15657-1995	中医病证分类与代码	ZYJZ	津液、燥证类	
医学诊断	GB/T 15657-1995	中医病证分类与代码	ZYJZ10	津伤化燥证	
医学诊断	GB/T 15657-1995	中医病证分类与代码	ZYT	痰证类	
医学诊断	GB/T 15657-1995	中医病证分类与代码	ZYT010	痰饮内停证	
医学诊断	GB/T 15657-1995	中医病证分类与代码	ZYT011	痰饮内阻证	
医学诊断	GB/T 15657-1995	中医病证分类与代码	ZYT020	痰饮内盛证	
医学诊断	GB/T 15657-1995	中医病证分类与代码	ZYT030	痰饮上逆证	
医学诊断	GB/T 15657-1995	中医病证分类与代码	ZYT040	痰饮留腹证	
医学诊断	GB/T 15657-1995	中医病证分类与代码	ZYT050	痰饮留膈证	
医学诊断	GB/T 15657-1995	中医病证分类与代码	ZYT060	饮停胸胁证	
医学诊断	GB/T 15657-1995	中医病证分类与代码	ZYT070	饮溢 四肢证	
医学诊断	GB/T 15657-1995	中医病证分类与代码	ZYT080	饮阻胸膈证	
医学诊断	GB/T 15657-1995	中医病证分类与代码	ZYT090	水饮内停证	
医学诊断	GB/T 15657-1995	中医病证分类与代码	ZYT091	水饮内扰证	
医学诊断	GB/T 15657-1995	中医病证分类与代码	ZYT100	浊痰上逆证	
医学诊断	GB/T 15657-1995	中医病证分类与代码	ZYT110	痰闭证	
医学诊断	GB/T 15657-1995	中医病证分类与代码	ZYT120	浊闭证	
医学诊断	GB/T 15657-1995	中医病证分类与代码	ZYT130	痰核留结证	
医学诊断	GB/T 15657-1995	中医病证分类与代码	ZYT140	痰蒙清窍证	
医学诊断	GB/T 15657-1995	中医病证分类与代码	ZYT141	痰浊上蒙证	
医学诊断	GB/T 15657-1995	中医病证分类与代码	ZYT142	痰浊蒙窍证	
医学诊断	GB/T 15657-1995	中医病证分类与代码	ZYT143	痰蒙神窍证	
医学诊断	GB/T 15657-1995	中医病证分类与代码	ZYT144	痰壅神窍证	
医学诊断	GB/T 15657-1995	中医病证分类与代码	ZYT150	痰浊证	
医学诊断	GB/T 15657-1995	中医病证分类与代码	ZYT160	痰浊闭塞证	
医学诊断	GB/T 15657-1995	中医病证分类与代码	ZYT161	痰浊壅塞证	
医学诊断	GB/T 15657-1995	中医病证分类与代码	ZYT162	痰浊阻滞证	
医学诊断	GB/T 15657-1995	中医病证分类与代码	ZYT163	痰浊闭阻证	
医学诊断	GB/T 15657-1995	中医病证分类与代码	ZYT170	痰浊结聚证	
医学诊断	GB/T 15657-1995	中医病证分类与代码	ZYT171	痰浊积聚证	
医学诊断	GB/T 15657-1995	中医病证分类与代码	ZYT172	痰浊凝聚证	
医学诊断	GB/T 15657-1995	中医病证分类与代码	ZYT180	痰浊内阻证	
医学诊断	GB/T 15657-1995	中医病证分类与代码	ZYT181	痰浊内蕴证	
医学诊断	GB/T 15657-1995	中医病证分类与代码	ZYT190	痰浊上扰证	
医学诊断	GB/T 15657-1995	中医病证分类与代码	ZYT200	痰浊中阻证	
医学诊断	GB/T 15657-1995	中医病证分类与代码	ZYT210	痰涎壅盛证	
医学诊断	GB/T 15657-1995	中医病证分类与代码	ZYT220	浊邪上犯证	
医学诊断	GB/T 15657-1995	中医病证分类与代码	ZYT230	饮邪上犯证	
医学诊断	GB/T 15657-1995	中医病证分类与代码	ZYTD	痰、毒证类	
医学诊断	GB/T 15657-1995	中医病证分类与代码	ZYTD10	痰结毒滞证	
医学诊断	GB/T 15657-1995	中医病证分类与代码	ZYTD20	水毒内闭证	
医学诊断	GB/T 15657-1995	中医病证分类与代码	ZYTD30	水毒内郁证	
医学诊断	GB/T 15657-1995	中医病证分类与代码	ZYTD40	水毒上扰证	
医学诊断	GB/T 15657-1995	中医病证分类与代码	ZYTD50	水毒凌心犯肺证	
医学诊断	GB/T 15657-1995	中医病证分类与代码	ZYTF	痰、肺证类	
医学诊断	GB/T 15657-1995	中医病证分类与代码	ZYTF10	痰浊阻肺证	
医学诊断	GB/T 15657-1995	中医病证分类与代码	ZYTF20	痰浊壅肺证	
医学诊断	GB/T 15657-1995	中医病证分类与代码	ZYTF30	痰浊蕴肺证	
医学诊断	GB/T 15657-1995	中医病证分类与代码	ZYTF40	水饮留肠证	
医学诊断	GB/T 15657-1995	中医病证分类与代码	ZYTM	痰、湿证类	
医学诊断	GB/T 15657-1995	中医病证分类与代码	ZYTM00	痰湿证	
医学诊断	GB/T 15657-1995	中医病证分类与代码	ZYTM10	痰湿痹阻证	
医学诊断	GB/T 15657-1995	中医病证分类与代码	ZYTM20	痰湿蒙蔽证	
医学诊断	GB/T 15657-1995	中医病证分类与代码	ZYTM21	痰湿蒙窍证	
医学诊断	GB/T 15657-1995	中医病证分类与代码	ZYTM22	痰湿蒙蔽心神证	
医学诊断	GB/T 15657-1995	中医病证分类与代码	ZYTM23	痰湿蒙塞清窍证	
医学诊断	GB/T 15657-1995	中医病证分类与代码	ZYTM30	痰湿内阻证	
医学诊断	GB/T 15657-1995	中医病证分类与代码	ZYTM40	痰湿上阻证	
医学诊断	GB/T 15657-1995	中医病证分类与代码	ZYTM50	痰湿中阻证	
医学诊断	GB/T 15657-1995	中医病证分类与代码	ZYTM60	痰湿阻滞证	
医学诊断	GB/T 15657-1995	中医病证分类与代码	ZYTM61	痰湿结滞证	
医学诊断	GB/T 15657-1995	中医病证分类与代码	ZYTM70	痰湿阻结证	
医学诊断	GB/T 15657-1995	中医病证分类与代码	ZYTM71	痰湿结聚	
医学诊断	GB/T 15657-1995	中医病证分类与代码	ZYTM72	痰湿凝结证	
医学诊断	GB/T 15657-1995	中医病证分类与代码	ZYTM80	痰湿蕴结证	
医学诊断	GB/T 15657-1995	中医病证分类与代码	ZYTM90	痰湿蕴肺证	
医学诊断	GB/T 15657-1995	中医病证分类与代码	ZYTM91	痰湿侵肺证	
医学诊断	GB/T 15657-1995	中医病证分类与代码	ZYTM92	痰湿壅肺证	
医学诊断	GB/T 15657-1995	中医病证分类与代码	ZYTMA0	痰湿阻胞证	
医学诊断	GB/T 15657-1995	中医病证分类与代码	ZYTMB0	痰湿阻络证	
医学诊断	GB/T 15657-1995	中医病证分类与代码	ZYTMC0	痰湿瘀滞证	
医学诊断	GB/T 15657-1995	中医病证分类与代码	ZYTMD0	水湿浸渍证	
医学诊断	GB/T 15657-1995	中医病证分类与代码	ZYTME0	水湿内停证	
医学诊断	GB/T 15657-1995	中医病证分类与代码	ZYTME1	水湿内蕴证	
医学诊断	GB/T 15657-1995	中医病证分类与代码	ZYTMF0	痰湿蕴脾证	
医学诊断	GB/T 15657-1995	中医病证分类与代码	ZYTP	痰、脾证类	
医学诊断	GB/T 15657-1995	中医病证分类与代码	ZYTP10	痰浊阻胃证	
医学诊断	GB/T 15657-1995	中医病证分类与代码	ZYTP20	痰饮停胃证	
医学诊断	GB/T 15657-1995	中医病证分类与代码	ZYTP30	饮留胃肠证	
医学诊断	GB/T 15657-1995	中医病证分类与代码	ZYTR	痰、热证类	
医学诊断	GB/T 15657-1995	中医病证分类与代码	ZYTR00	痰热证	
医学诊断	GB/T 15657-1995	中医病证分类与代码	ZYTR10	痰热动风证	
医学诊断	GB/T 15657-1995	中医病证分类与代码	ZYTR20	痰热腑实证	
医学诊断	GB/T 15657-1995	中医病证分类与代码	ZYTR21	痰热腑实，风痰上扰证	
医学诊断	GB/T 15657-1995	中医病证分类与代码	ZYTR30	痰热结胸证	
医学诊断	GB/T 15657-1995	中医病证分类与代码	ZYTR40	痰热内闭证	
医学诊断	GB/T 15657-1995	中医病证分类与代码	ZYTR41	痰热内闭心窍证	
医学诊断	GB/T 15657-1995	中医病证分类与代码	ZYTR42	痰热闭肺证	
医学诊断	GB/T 15657-1995	中医病证分类与代码	ZYTR43	痰热闭窍证	
医学诊断	GB/T 15657-1995	中医病证分类与代码	ZYTR44	痰热内闭清窍证	
医学诊断	GB/T 15657-1995	中医病证分类与代码	ZYTR45	痰热蔽窍证	
医学诊断	GB/T 15657-1995	中医病证分类与代码	ZYTR50	痰热内扰证	
医学诊断	GB/T 15657-1995	中医病证分类与代码	ZYTR60	痰热上蒙证	
医学诊断	GB/T 15657-1995	中医病证分类与代码	ZYTR61	痰热上壅证	
医学诊断	GB/T 15657-1995	中医病证分类与代码	ZYTR70	痰热蕴 结证	
医学诊断	GB/T 15657-1995	中医病证分类与代码	ZYTR71	痰热搏结证	
医学诊断	GB/T 15657-1995	中医病证分类与代码	ZYTR72	痰热阻结证	
医学诊断	GB/T 15657-1995	中医病证分类与代码	ZYTR80	痰热阻肺证	
医学诊断	GB/T 15657-1995	中医病证分类与代码	ZYTR81	痰热阻肺，腑有热结证	
医学诊断	GB/T 15657-1995	中医病证分类与代码	ZYTR90	痰热壅肺证	
医学诊断	GB/T 15657-1995	中医病证分类与代码	ZYTRA0	痰热郁肺证	
医学诊断	GB/T 15657-1995	中医病证分类与代码	ZYTRB0	痰热瘀肺证	
医学诊断	GB/T 15657-1995	中医病证分类与代码	ZYTRC0	痰浊化热证	
医学诊断	GB/T 15657-1995	中医病证分类与代码	ZYTU00	痰火证	
医学诊断	GB/T 15657-1995	中医病证分类与代码	ZYTU	痰、火证类	
医学诊断	GB/T 15657-1995	中医病证分类与代码	ZYTU10	痰火动风证	
医学诊断	GB/T 15657-1995	中医病证分类与代码	ZYTU11	痰火动风，上阻清窍证	
医学诊断	GB/T 15657-1995	中医病证分类与代码	ZYTU12	痰火动风，上扰清窍证	
医学诊断	GB/T 15657-1995	中医病证分类与代码	ZYTU20	痰火犯肺证	
医学诊断	GB/T 15657-1995	中医病证分类与代码	ZYTU30	炎火积滞证	
医学诊断	GB/T 15657-1995	中医病证分类与代码	ZYTU40	痰火内闭证	
医学诊断	GB/T 15657-1995	中医病证分类与代码	ZYTU41	痰火闭窍证	
医学诊断	GB/T 15657-1995	中医病证分类与代码	ZYTU50	痰火内蕴证	
医学诊断	GB/T 15657-1995	中医病证分类与代码	ZYTU60	痰火内盛证	
医学诊断	GB/T 15657-1995	中医病证分类与代码	ZYTU70	痰火内扰证	
医学诊断	GB/T 15657-1995	中医病证分类与代码	ZYTU71	痰火扰神证	
医学诊断	GB/T 15657-1995	中医病证分类与代码	ZYTU72	痰火扰心证	
医学诊断	GB/T 15657-1995	中医病证分类与代码	ZYTU80	痰火上扰证	
医学诊断	GB/T 15657-1995	中医病证分类与代码	ZYTU81	痰火升扰证	
医学诊断	GB/T 15657-1995	中医病证分类与代码	ZYTU90	痰火郁结证	
医学诊断	GB/T 15657-1995	中医病证分类与代码	ZYTU91	痰火壅结证	
医学诊断	GB/T 15657-1995	中医病证分类与代码	ZYTUA0	痰浊化火证	
医学诊断	GB/T 15657-1995	中医病证分类与代码	ZYTV	痰、气证类	
医学诊断	GB/T 15657-1995	中医病证分类与代码	ZYTV10	痰气互结证	
医学诊断	GB/T 15657-1995	中医病证分类与代码	ZYTV20	痰气交阻证	
医学诊断	GB/T 15657-1995	中医病证分类与代码	ZYTV30	痰气阻膈证	
医学诊断	GB/T 15657-1995	中医病证分类与代码	ZYTV40	痰郁结证	
医学诊断	GB/T 15657-1995	中医病证分类与代码	ZYTV41	痰气凝结证	
医学诊断	GB/T 15657-1995	中医病证分类与代码	ZYTV50	痰气壅实证	
医学诊断	GB/T 15657-1995	中医病证分类与代码	ZYTV60	水气上凌证	
医学诊断	GB/T 15657-1995	中医病证分类与代码	ZYTV61	水气凌心证	
医学诊断	GB/T 15657-1995	中医病证分类与代码	ZYTV62	水气凌心犯肺证	
医学诊断	GB/T 15657-1995	中医病证分类与代码	ZYTX	痰、血证类	
医学诊断	GB/T 15657-1995	中医病证分类与代码	ZYTX10	痰血瘀滞证	
医学诊断	GB/T 15657-1995	中医病证分类与代码	ZYTX20	痰瘀互结证	
医学诊断	GB/T 15657-1995	中医病证分类与代码	ZYTX21	痰瘀搏结证	
医学诊断	GB/T 15657-1995	中医病证分类与代码	ZYTX22	痰瘀痹阻证	
医学诊断	GB/T 15657-1995	中医病证分类与代码	ZYTX30	痰瘀化火证	
医学诊断	GB/T 15657-1995	中医病证分类与代码	ZYTX40	痰瘀滞络证	
医学诊断	GB/T 15657-1995	中医病证分类与代码	ZYTX50	痰结血瘀证	
医学诊断	GB/T 15657-1995	中医病证分类与代码	ZYTX60	痰浊瘀阻证	
医学诊断	GB/T 15657-1995	中医病证分类与代码	ZYTY	痰、饮食证类	
医学诊断	GB/T 15657-1995	中医病证分类与代码	ZYTY10	痰食互结证	
医学诊断	GB/T 15657-1995	中医病证分类与代码	ZYTY20	痰食壅结证	
医学诊断	GB/T 15657-1995	中医病证分类与代码	ZYV	气证类	
医学诊断	GB/T 15657-1995	中医病证分类与代码	ZYV010	气闭证	
医学诊断	GB/T 15657-1995	中医病证分类与代码	ZYV020	气结证	
医学诊断	GB/T 15657-1995	中医病证分类与代码	ZYV030	气机不利证	
医学诊断	GB/T 15657-1995	中医病证分类与代码	ZYV040	气机阻滞证	
医学诊断	GB/T 15657-1995	中医病证分类与代码	ZYV041	气机郁滞证	
医学诊断	GB/T 15657-1995	中医病证分类与代码	ZYV042	气机壅闭证	
医学诊断	GB/T 15657-1995	中医病证分类与代码	ZYV050	气机失调证	
医学诊断	GB/T 15657-1995	中医病证分类与代码	ZYV060	气机逆乱证	
医学诊断	GB/T 15657-1995	中医病证分类与代码	ZYV061	气机逆乱，阻塞清窍证	
医学诊断	GB/T 15657-1995	中医病证分类与代码	ZYV070	气化不及证	
医学诊断	GB/T 15657-1995	中医病证分类与代码	ZYV071	气化不及，膀胱空虚证	
医学诊断	GB/T 15657-1995	中医病证分类与代码	ZYV080	气滞胸膈证	
医学诊断	GB/T 15657-1995	中医病证分类与代码	ZYV090	气虚证	
医学诊断	GB/T 15657-1995	中医病证分类与代码	ZYV100	气虚不摄证	
医学诊断	GB/T 15657-1995	中医病证分类与代码	ZYV101	气不摄精证	
医学诊断	GB/T 15657-1995	中医病证分类与代码	ZYV110	气虚不运证	
医学诊断	GB/T 15657-1995	中医病证分类与代码	ZYV120	气虚下陷证	
医学诊断	GB/T 15657-1995	中医病证分类与代码	ZYV130	气虚欲脱证	
医学诊断	GB/T 15657-1995	中医病证分类与代码	ZYV140	气郁证	
医学诊断	GB/T 15657-1995	中医病证分类与代码	ZYV150	气滞证	
医学诊断	GB/T 15657-1995	中医病证分类与代码	ZYV160	气脱证	
医学诊断	GB/T 15657-1995	中医病证分类与代码	ZYV170	清气不升证	
医学诊断	GB/T 15657-1995	中医病证分类与代码	ZYV180	上气不足证	
医学诊断	GB/T 15657-1995	中医病证分类与代码	ZYV190	元气衰败证	
医学诊断	GB/T 15657-1995	中医病证分类与代码	ZYV200	元气败脱证	
医学诊断	GB/T 15657-1995	中医病证分类与代码	ZYV201	元气败脱，心神散乱证	
医学诊断	GB/T 15657-1995	中医病证分类与代码	ZYV210	元气不足证	
医学诊断	GB/T 15657-1995	中医病证分类与代码	ZYV211	元气不足，阴血亏损证	
医学诊断	GB/T 15657-1995	中医病证分类与代码	ZYV220	元气亏虚证	
医学诊断	GB/T 15657-1995	中医病证分类与代码	ZYV230	中气不中证	
医学诊断	GB/T 15657-1995	中医病证分类与代码	ZYV231	中气不足，膀胱失约证	
医学诊断	GB/T 15657-1995	中医病证分类与代码	ZYV240	中气亏虚证	
医学诊断	GB/T 15657-1995	中医病证分类与代码	ZYV250	中气下陷证	
医学诊断	GB/T 15657-1995	中医病证分类与代码	ZYV251	中气下陷，清阳不升证	
医学诊断	GB/T 15657-1995	中医病证分类与代码	ZYV252	中气下陷，膀胱失约证	
医学诊断	GB/T 15657-1995	中医病证分类与代码	ZYV260	腑气不通证	
医学诊断	GB/T 15657-1995	中医病证分类与代码	ZYV270	痹气郁结证	
医学诊断	GB/T 15657-1995	中医病证分类与代码	ZYVA	气、阳证类	
医学诊断	GB/T 15657-1995	中医病证分类与代码	ZYVA10	气虚阳微证	
医学诊断	GB/T 15657-1995	中医病证分类与代码	ZYVD	气、毒证类	
医学诊断	GB/T 15657-1995	中医病证分类与代码	ZYVD10	气虚毒滞证	
医学诊断	GB/T 15657-1995	中医病证分类与代码	ZYVH	气、寒证类	
医学诊断	GB/T 15657-1995	中医病证分类与代码	ZYVH10	中气虚寒证	
医学诊断	GB/T 15657-1995	中医病证分类与代码	ZYVJ	气、经络证类	
医学诊断	GB/T 15657-1995	中医病证分类与代码	ZYVJ10	气虚络损证	
医学诊断	GB/T 15657-1995	中医病证分类与代码	ZYVM	气、湿证类	
医学诊断	GB/T 15657-1995	中医病证分类与代码	ZYVM10	气滞湿阻证	
医学诊断	GB/T 15657-1995	中医病证分类与代码	ZYVM20	气虚湿阻证	
医学诊断	GB/T 15657-1995	中医病证分类与代码	ZYVR	气、热证类	
医学诊断	GB/T 15657-1995	中医病证分类与代码	ZYVR10	气郁化热证	
医学诊断	GB/T 15657-1995	中医病证分类与代码	ZYVR20	气滞热壅证	
医学诊断	GB/T 15657-1995	中医病证分类与代码	ZYVT	气、痰证类	
医学诊断	GB/T 15657-1995	中医病证分类与代码	ZYVT10	气滞痰凝证	
医学诊断	GB/T 15657-1995	中医病证分类与代码	ZYVT11	气滞痰郁证	
医学诊断	GB/T 15657-1995	中医病证分类与代码	ZYVT12	气痰阻证	
医学诊断	GB/T 15657-1995	中医病证分类与代码	ZYVT20	气滞痰瘀证	
医学诊断	GB/T 15657-1995	中医病证分类与代码	ZYVT30	气滞水停证	
医学诊断	GB/T 15657-1995	中医病证分类与代码	ZYVT40	气虚水停证	
医学诊断	GB/T 15657-1995	中医病证分类与代码	ZYVT50	气虚痰结证	
医学诊断	GB/T 15657-1995	中医病证分类与代码	ZYVT51	气虚痰滞证	
医学诊断	GB/T 15657-1995	中医病证分类与代码	ZYVT60	气郁痰凝证	
医学诊断	GB/T 15657-1995	中医病证分类与代码	ZYVT61	气郁痰结证	
医学诊断	GB/T 15657-1995	中医病证分类与代码	ZYVT70	气郁痰阻证	
医学诊断	GB/T 15657-1995	中医病证分类与代码	ZYVU	气、火证类	
医学诊断	GB/T 15657-1995	中医病证分类与代码	ZYVU10	气火郁结证	
医学诊断	GB/T 15657-1995	中医病证分类与代码	ZYVU20	气郁化火证	
医学诊断	GB/T 15657-1995	中医病证分类与代码	ZYVX	气、血证类	
医学诊断	GB/T 15657-1995	中医病证分类与代码	ZYVX10	气血不足证	
医学诊断	GB/T 15657-1995	中医病证分类与代码	ZYVX11	气血不足，收摄失司证	
医学诊断	GB/T 15657-1995	中医病证分类与代码	ZYVX20	气血亏虚证	
医学诊断	GB/T 15657-1995	中医病证分类与代码	ZYVX21	气血亏虚，毒滞难化证	
医学诊断	GB/T 15657-1995	中医病证分类与代码	ZYVX22	气血亏虚，邪毒久证	
医学诊断	GB/T 15657-1995	中医病证分类与代码	ZYVX30	气血两虚证	
医学诊断	GB/T 15657-1995	中医病证分类与代码	ZYVX31	气血两亏证	
医学诊断	GB/T 15657-1995	中医病证分类与代码	ZYVX40	气血两脱证	
医学诊断	GB/T 15657-1995	中医病证分类与代码	ZYVX50	气血两伤证	
医学诊断	GB/T 15657-1995	中医病证分类与代码	ZYVX60	气血凝结证	
医学诊断	GB/T 15657-1995	中医病证分类与代码	ZYVX61	气血凝滞证	
医学诊断	GB/T 15657-1995	中医病证分类与代码	ZYVX70	气血失调证	
医学诊断	GB/T 15657-1995	中医病证分类与代码	ZYVX80	气血痹阻证	
医学诊断	GB/T 15657-1995	中医病证分类与代码	ZYVX90	气血衰竭证	
医学诊断	GB/T 15657-1995	中医病证分类与代码	ZYVXA0	气血瘀滞证	
医学诊断	GB/T 15657-1995	中医病证分类与代码	ZYVXA1	气血瘀积证	
医学诊断	GB/T 15657-1995	中医病证分类与代码	ZYVXA2	气血瘀阻证	
医学诊断	GB/T 15657-1995	中医病证分类与代码	ZYVXB0	气随血脱证	
医学诊断	GB/T 15657-1995	中医病证分类与代码	ZYVXC0	气不摄血证	
医学诊断	GB/T 15657-1995	中医病证分类与代码	ZYVXD0	气虚血亏证	
医学诊断	GB/T 15657-1995	中医病证分类与代码	ZYVXE0	气虚血凝证	
医学诊断	GB/T 15657-1995	中医病证分类与代码	ZYVXF0	气虚血脱证	
医学诊断	GB/T 15657-1995	中医病证分类与代码	ZYVXG0	气虚血溢证	
医学诊断	GB/T 15657-1995	中医病证分类与代码	ZYVXH0	气虚血滞证	
医学诊断	GB/T 15657-1995	中医病证分类与代码	ZYVXH1	气虚血滞，络脉瘀阻证	
医学诊断	GB/T 15657-1995	中医病证分类与代码	ZYVXH2	气虚血滞，络脉痰阻证	
医学诊断	GB/T 15657-1995	中医病证分类与代码	ZYVXJ0	气衰血脱证	
医学诊断	GB/T 15657-1995	中医病证分类与代码	ZYVXK0	气滞血瘀证	
医学诊断	GB/T 15657-1995	中医病证分类与代码	ZYVXK1	气滞血郁证	
医学诊断	GB/T 15657-1995	中医病证分类与代码	ZYVXK2	气滞血阻证	
医学诊断	GB/T 15657-1995	中医病证分类与代码	ZYVXK3	气滞瘀血证	
医学诊断	GB/T 15657-1995	中医病证分类与代码	ZYVXK4	气结血瘀证	
医学诊断	GB/T 15657-1995	中医病证分类与代码	ZYVXM0	气虚血瘀证	
医学诊断	GB/T 15657-1995	中医病证分类与代码	ZYVXM1	气虚瘀滞证	
医学诊断	GB/T 15657-1995	中医病证分类与代码	ZYVY	气、阴证类	
医学诊断	GB/T 15657-1995	中医病证分类与代码	ZYVY10	气阴不足证	
医学诊断	GB/T 15657-1995	中医病证分类与代码	ZYVY20	气阴亏虚证	
医学诊断	GB/T 15657-1995	中医病证分类与代码	ZYVY21	气阴亏虚，湿热内蕴证	
医学诊断	GB/T 15657-1995	中医病证分类与代码	ZYVY30	气阴两虚证	
医学诊断	GB/T 15657-1995	中医病证分类与代码	ZYVY40	气阴两伤证	
医学诊断	GB/T 15657-1995	中医病证分类与代码	ZYVY41	气阴两伤，余热不尽证	
医学诊断	GB/T 15657-1995	中医病证分类与代码	ZYVY50	气阴耗伤证	
医学诊断	GB/T 15657-1995	中医病证分类与代码	ZYVY51	气阴耗竭证	
医学诊断	GB/T 15657-1995	中医病证分类与代码	ZYVY52	气液耗伤证	
医学诊断	GB/T 15657-1995	中医病证分类与代码	ZYX	血证类	
医学诊断	GB/T 15657-1995	中医病证分类与代码	ZYX0060	血败肉腐证	
医学诊断	GB/T 15657-1995	中医病证分类与代码	ZYX0070	干血内结证	
医学诊断	GB/T 15657-1995	中医病证分类与代码	ZYX010	血滞证	
医学诊断	GB/T 15657-1995	中医病证分类与代码	ZYX020	血枯证	
医学诊断	GB/T 15657-1995	中医病证分类与代码	ZYX030	血虚证	
医学诊断	GB/T 15657-1995	中医病证分类与代码	ZYX031	阴血不足证	
医学诊断	GB/T 15657-1995	中医病证分类与代码	ZYX032	阴血亏虚证	
医学诊断	GB/T 15657-1995	中医病证分类与代码	ZYX040	血虚失养证	
医学诊断	GB/T 15657-1995	中医病证分类与代码	ZYX050	败血入胞证	
医学诊断	GB/T 15657-1995	中医病证分类与代码	ZYX080	血行郁滞证	
医学诊断	GB/T 15657-1995	中医病证分类与代码	ZYX090	血结胸证	
医学诊断	GB/T 15657-1995	中医病证分类与代码	ZYX100	精血亏虚证	
医学诊断	GB/T 15657-1995	中医病证分类与代码	ZYX110	下焦蓄血证	
医学诊断	GB/T 15657-1995	中医病证分类与代码	ZYX111	下焦蓄血，瘀阻膀胱证	
医学诊断	GB/T 15657-1995	中医病证分类与代码	ZYX120	血瘀证	
医学诊断	GB/T 15657-1995	中医病证分类与代码	ZYX130	血瘀积结证	
医学诊断	GB/T 15657-1995	中医病证分类与代码	ZYX131	血瘀成积证	
医学诊断	GB/T 15657-1995	中医病证分类与代码	ZYX140	血瘀成痈证	
医学诊断	GB/T 15657-1995	中医病证分类与代码	ZYX150	血瘀肉腐证	
医学诊断	GB/T 15657-1995	中医病证分类与代码	ZYX160	血瘀失养证	
医学诊断	GB/T 15657-1995	中医病证分类与代码	ZYX170	瘀血证	
医学诊断	GB/T 15657-1995	中医病证分类与代码	ZYX180	瘀血痹闭证	
医学诊断	GB/T 15657-1995	中医病证分类与代码	ZYX181	瘀血痹阻证	
医学诊断	GB/T 15657-1995	中医病证分类与代码	ZYX190	瘀血内滞证	
医学诊断	GB/T 15657-1995	中医病证分类与代码	ZYX191	瘀血内结证	
医学诊断	GB/T 15657-1995	中医病证分类与代码	ZYX192	瘀血内停证	
医学诊断	GB/T 15657-1995	中医病证分类与代码	ZYX193	瘀血内停，清窍受阻证	
医学诊断	GB/T 15657-1995	中医病证分类与代码	ZYX194	瘀血内阻证	
医学诊断	GB/T 15657-1995	中医病证分类与代码	ZYX195	瘀结证	
医学诊断	GB/T 15657-1995	中医病证分类与代码	ZYX200	瘀血阻滞证	
医学诊断	GB/T 15657-1995	中医病证分类与代码	ZYX201	瘀血凝滞证	
医学诊断	GB/T 15657-1995	中医病证分类与代码	ZYX202	瘀血停滞证	
医学诊断	GB/T 15657-1995	中医病证分类与代码	ZYX203	瘀血停着证	
医学诊断	GB/T 15657-1995	中医病证分类与代码	ZYX204	瘀血留滞证	
医学诊断	GB/T 15657-1995	中医病证分类与代码	ZYX210	瘀血阻膈证	
医学诊断	GB/T 15657-1995	中医病证分类与代码	ZYX220	瘀肿疼痛证	
医学诊断	GB/T 15657-1995	中医病证分类与代码	ZYX230	瘀滞证	
医学诊断	GB/T 15657-1995	中医病证分类与代码	ZYX240	瘀滞胞宫证	
医学诊断	GB/T 15657-1995	中医病证分类与代码	ZYX250	瘀滞肌肤证	
医学诊断	GB/T 15657-1995	中医病证分类与代码	ZYX260	下焦瘀滞证	
医学诊断	GB/T 15657-1995	中医病证分类与代码	ZYX270	瘀积发黄证	
医学诊断	GB/T 15657-1995	中医病证分类与代码	ZYX280	瘀扰神明证	
医学诊断	GB/T 15657-1995	中医病证分类与代码	ZYX290	瘀阻清窍证	
医学诊断	GB/T 15657-1995	中医病证分类与代码	ZYX291	瘀停清窍证	
医学诊断	GB/T 15657-1995	中医病证分类与代码	ZYX300	瘀阻胸胁证	
医学诊断	GB/T 15657-1995	中医病证分类与代码	ZYX301	瘀停胸胁证	
医学诊断	GB/T 15657-1995	中医病证分类与代码	ZYX310	瘀阻于上证	
医学诊断	GB/T 15657-1995	中医病证分类与代码	ZYX320	瘀阻中焦证	
医学诊断	GB/T 15657-1995	中医病证分类与代码	ZYX330	正虚瘀结证	
医学诊断	GB/T 15657-1995	中医病证分类与代码	ZYX340	亡血证	
医学诊断	GB/T 15657-1995	中医病证分类与代码	ZYX350	瘀闭血脉证	
医学诊断	GB/T 15657-1995	中医病证分类与代码	ZYX360	血脉瘀阻证	
医学诊断	GB/T 15657-1995	中医病证分类与代码	ZYX370	血虚血瘀证	
医学诊断	GB/T 15657-1995	中医病证分类与代码	ZYX380	血不濡筋证	
医学诊断	GB/T 15657-1995	中医病证分类与代码	ZYXA	血、阳证类	
医学诊断	GB/T 15657-1995	中医病证分类与代码	ZYXA10	血虚阳浮证	
医学诊断	GB/T 15657-1995	中医病证分类与代码	ZYXF	血、肺证类	
医学诊断	GB/T 15657-1995	中医病证分类与代码	ZYXF10	瘀血乘肺证	
医学诊断	GB/T 15657-1995	中医病证分类与代码	ZYXF20	血虚肠燥证	
医学诊断	GB/T 15657-1995	中医病证分类与代码	ZYXF30	瘀阻肠络证	
医学诊断	GB/T 15657-1995	中医病证分类与代码	ZYXG	血、肝证类	
医学诊断	GB/T 15657-1995	中医病证分类与代码	ZYXG10	血虚肝旺证	
医学诊断	GB/T 15657-1995	中医病证分类与代码	ZYXG20	血虚生风证	
医学诊断	GB/T 15657-1995	中医病证分类与代码	ZYXG21	血虚风动证	
医学诊断	GB/T 15657-1995	中医病证分类与代码	ZYXG22	血虚风扰证	
医学诊断	GB/T 15657-1995	中医病证分类与代码	ZYXG30	血虚风燥证	
医学诊断	GB/T 15657-1995	中医病证分类与代码	ZYXG40	血瘀风燥证	
医学诊断	GB/T 15657-1995	中医病证分类与代码	ZYXH	血、寒证类	
医学诊断	GB/T 15657-1995	中医病证分类与代码	ZYXH00	血寒证	
医学诊断	GB/T 15657-1995	中医病证分类与代码	ZYXH10	血寒凝滞证	
医学诊断	GB/T 15657-1995	中医病证分类与代码	ZYXH20	血虚寒凝证	
医学诊断	GB/T 15657-1995	中医病证分类与代码	ZYXJ	血、津液证类	
医学诊断	GB/T 15657-1995	中医病证分类与代码	ZYXJ	血、经络证类	
医学诊断	GB/T 15657-1995	中医病证分类与代码	ZYXJ10	瘀阻胃络证	
医学诊断	GB/T 15657-1995	中医病证分类与代码	ZYXJ20	血虚络损证	
医学诊断	GB/T 15657-1995	中医病证分类与代码	ZYXJ30	血瘀络滞证	
医学诊断	GB/T 15657-1995	中医病证分类与代码	ZYXJ31	血瘀阻络证	
医学诊断	GB/T 15657-1995	中医病证分类与代码	ZYXJ40	瘀血阻络证	
医学诊断	GB/T 15657-1995	中医病证分类与代码	ZYXJ50	瘀血伤络证	
医学诊断	GB/T 15657-1995	中医病证分类与代码	ZYXJ60	瘀阻经络证	
医学诊断	GB/T 15657-1995	中医病证分类与代码	ZYXJ61	瘀阻脉络证	
医学诊断	GB/T 15657-1995	中医病证分类与代码	ZYXJ62	瘀阻胞脉证	
医学诊断	GB/T 15657-1995	中医病证分类与代码	ZYXJ63	瘀阻脑络证	
医学诊断	GB/T 15657-1995	中医病证分类与代码	ZYXJ64	瘀阻冲任证	
医学诊断	GB/T 15657-1995	中医病证分类与代码	ZYXJ65	瘀阻心脉证	
医学诊断	GB/T 15657-1995	中医病证分类与代码	ZYXJ66	瘀阻宗脉证	
医学诊断	GB/T 15657-1995	中医病证分类与代码	ZYXJA0	血虚津亏证	
医学诊断	GB/T 15657-1995	中医病证分类与代码	ZYXR	血、热证类	
医学诊断	GB/T 15657-1995	中医病证分类与代码	ZYXR00	血热证	
医学诊断	GB/T 15657-1995	中医病证分类与代码	ZYXR10	血热动风证	
医学诊断	GB/T 15657-1995	中医病证分类与代码	ZYXR20	血热内扰证	
医学诊断	GB/T 15657-1995	中医病证分类与代码	ZYXR21	血热内盛证	
医学诊断	GB/T 15657-1995	中医病证分类与代码	ZYXR22	血热内陷证	
医学诊断	GB/T 15657-1995	中医病证分类与代码	ZYXR30	血热壅滞证	
医学诊断	GB/T 15657-1995	中医病证分类与代码	ZYXR40	血热妄行证	
医学诊断	GB/T 15657-1995	中医病证分类与代码	ZYXR50	血热肠燥证	
医学诊断	GB/T 15657-1995	中医病证分类与代码	ZYXR60	血热伤络证	
医学诊断	GB/T 15657-1995	中医病证分类与代码	ZYXR70	血热瘀滞证	
医学诊断	GB/T 15657-1995	中医病证分类与代码	ZYXR71	血热瘀结证	
医学诊断	GB/T 15657-1995	中医病证分类与代码	ZYXR80	瘀热证	
医学诊断	GB/T 15657-1995	中医病证分类与代码	ZYXR90	瘀热互结证	
医学诊断	GB/T 15657-1995	中医病证分类与代码	ZYXR91	瘀热交阻证	
医学诊断	GB/T 15657-1995	中医病证分类与代码	ZYXRA0	瘀热内郁证	
医学诊断	GB/T 15657-1995	中医病证分类与代码	ZYXRB0	瘀热入络证	
医学诊断	GB/T 15657-1995	中医病证分类与代码	ZYXRC0	瘀热阻络证	
医学诊断	GB/T 15657-1995	中医病证分类与代码	ZYXRD0	瘀热阻滞证	
医学诊断	GB/T 15657-1995	中医病证分类与代码	ZYXRD1	瘀热壅阻证	
医学诊断	GB/T 15657-1995	中医病证分类与代码	ZYXRE0	血瘀化热证	
医学诊断	GB/T 15657-1995	中医病证分类与代码	ZYXRE1	瘀血化热证	
医学诊断	GB/T 15657-1995	中医病证分类与代码	ZYXRE2	积瘀化热证	
医学诊断	GB/T 15657-1995	中医病证分类与代码	ZYXRF0	瘀滞化热证	
医学诊断	GB/T 15657-1995	中医病证分类与代码	ZYXT	血、炎证类	
医学诊断	GB/T 15657-1995	中医病证分类与代码	ZYXT10	瘀浊阻塞证	
医学诊断	GB/T 15657-1995	中医病证分类与代码	ZYXT20	血瘀痰凝证	
医学诊断	GB/T 15657-1995	中医病证分类与代码	ZYXT21	血瘀痰滞证	
医学诊断	GB/T 15657-1995	中医病证分类与代码	ZYXT30	瘀痰化火证	
医学诊断	GB/T 15657-1995	中医病证分类与代码	ZYXU	血、火证类	
医学诊断	GB/T 15657-1995	中医病证分类与代码	ZYXU10	血瘀化火证	
医学诊断	GB/T 15657-1995	中医病证分类与代码	ZYXU20	瘀滞化火证	
医学诊断	GB/T 15657-1995	中医病证分类与代码	ZYXV	血、气证类	
医学诊断	GB/T 15657-1995	中医病证分类与代码	ZYXV10	瘀阻气道证	
医学诊断	GB/T 15657-1995	中医病证分类与代码	ZYXV20	瘀阻气闭证	
医学诊断	GB/T 15657-1995	中医病证分类与代码	ZYXV30	血虚气脱证	
医学诊断	GB/T 15657-1995	中医病证分类与代码	ZYXV40	血瘀气滞证	
医学诊断	GB/T 15657-1995	中医病证分类与代码	ZYXV50	血瘀气逆证	
医学诊断	GB/T 15657-1995	中医病证分类与代码	ZYXV51	血瘀气逆，阻塞清窍证	
医学诊断	GB/T 15657-1995	中医病证分类与代码	ZYXX	血、心证类	
医学诊断	GB/T 15657-1995	中医病证分类与代码	ZYXX10	败血冲心证	
医学诊断	GB/T 15657-1995	中医病证分类与代码	ZYXX20	瘀血凌心证	
医学诊断	GB/T 15657-1995	中医病证分类与代码	ZYXX30	血不养心证	
医学诊断	GB/T 15657-1995	中医病证分类与代码	ZYXY	血、阴证类	
医学诊断	GB/T 15657-1995	中医病证分类与代码	ZYXY10	血虚阴亏证	
医学诊断	GB/T 15657-1995	中医病证分类与代码	ZYXZ	血、燥证类	
医学诊断	GB/T 15657-1995	中医病证分类与代码	ZYXZ10	血燥生风证	
医学诊断	GB/T 15657-1995	中医病证分类与代码	ZYXZ20	血燥失养证	
医学诊断	GB/T 15657-1995	中医病证分类与代码	ZYY	阴证类	
医学诊断	GB/T 15657-1995	中医病证分类与代码	ZYY010	亡阴证	
医学诊断	GB/T 15657-1995	中医病证分类与代码	ZYY020	阴闭证	
医学诊断	GB/T 15657-1995	中医病证分类与代码	ZYY030	伤阴证	
医学诊断	GB/T 15657-1995	中医病证分类与代码	ZYY040	腑实阴伤证	
医学诊断	GB/T 15657-1995	中医病证分类与代码	ZYY050	久病伤阴证	
医学诊断	GB/T 15657-1995	中医病证分类与代码	ZYY051	久病伤阴，虚火上炎证	
医学诊断	GB/T 15657-1995	中医病证分类与代码	ZYY060	疹后阴伤证	
医学诊断	GB/T 15657-1995	中医病证分类与代码	ZYY070	真阴衰竭证	
医学诊断	GB/T 15657-1995	中医病证分类与代码	ZYYA	阴、阳证类	
医学诊断	GB/T 15657-1995	中医病证分类与代码	ZYYA10	阴阳两虚证	
医学诊断	GB/T 15657-1995	中医病证分类与代码	ZYYA20	阴阳失调证	
医学诊断	GB/T 15657-1995	中医病证分类与代码	ZYYA30	阴阳离决证	
医学诊断	GB/T 15657-1995	中医病证分类与代码	ZYYA40	阴盛阳衰证	
医学诊断	GB/T 15657-1995	中医病证分类与代码	ZYYA41	阴盛阳虚证	
医学诊断	GB/T 15657-1995	中医病证分类与代码	ZYYA50	阴损及阳证	
医学诊断	GB/T 15657-1995	中医病证分类与代码	ZYYA60	阴损阳亏证	
医学诊断	GB/T 15657-1995	中医病证分类与代码	ZYYA70	阴竭阳脱证	
医学诊断	GB/T 15657-1995	中医病证分类与代码	ZYYA80	阴虚阳浮证	
医学诊断	GB/T 15657-1995	中医病证分类与代码	ZYYA90	阴虚阳亢证	
医学诊断	GB/T 15657-1995	中医病证分类与代码	ZYYA91	阴虚阳亢，风阳上扰证	
医学诊断	GB/T 15657-1995	中医病证分类与代码	ZYYD	阴、毒证类	
医学诊断	GB/T 15657-1995	中医病证分类与代码	ZYYD10	阴毒外发证	
医学诊断	GB/T 15657-1995	中医病证分类与代码	ZYYD20	阴虚毒恋证	
医学诊断	GB/T 15657-1995	中医病证分类与代码	ZYYF	阴、肺证类	
医学诊断	GB/T 15657-1995	中医病证分类与代码	ZYYF10	阴虚肺热证	
医学诊断	GB/T 15657-1995	中医病证分类与代码	ZYYF20	阴虚肺燥证	
医学诊断	GB/T 15657-1995	中医病证分类与代码	ZYYF30	阴虚肠燥证	
医学诊断	GB/T 15657-1995	中医病证分类与代码	ZYYG	阴、肝证类	
医学诊断	GB/T 15657-1995	中医病证分类与代码	ZYYG10	阴虚肝旺证	
医学诊断	GB/T 15657-1995	中医病证分类与代码	ZYYG20	阴虚风动证	
医学诊断	GB/T 15657-1995	中医病证分类与代码	ZYYH	阴、寒证类	
医学诊断	GB/T 15657-1995	中医病证分类与代码	ZYYH00	阴寒证	
医学诊断	GB/T 15657-1995	中医病证分类与代码	ZYYH10	阴寒凝聚证	
医学诊断	GB/T 15657-1995	中医病证分类与代码	ZYYH11	阴寒凝滞证	
医学诊断	GB/T 15657-1995	中医病证分类与代码	ZYYH20	阴寒内闭证	
医学诊断	GB/T 15657-1995	中医病证分类与代码	ZYYH21	阴寒内结证	
医学诊断	GB/T 15657-1995	中医病证分类与代码	ZYYM	阴、湿证类	
医学诊断	GB/T 15657-1995	中医病证分类与代码	ZYYM10	阴虚湿热证	
医学诊断	GB/T 15657-1995	中医病证分类与代码	ZYYP	阴、脾证类	
医学诊断	GB/T 15657-1995	中医病证分类与代码	ZYYP10	阴伤胃败证	
医学诊断	GB/T 15657-1995	中医病证分类与代码	ZYYR	阴、热证类	
医学诊断	GB/T 15657-1995	中医病证分类与代码	ZYYR10	阴虚内热证	
医学诊断	GB/T 15657-1995	中医病证分类与代码	ZYYR20	阴虚热郁证	
医学诊断	GB/T 15657-1995	中医病证分类与代码	ZYYR30	阴虚热毒证	
医学诊断	GB/T 15657-1995	中医病证分类与代码	ZYYS	阴、暑证类	
医学诊断	GB/T 15657-1995	中医病证分类与代码	ZYYS	阴、肾证类	
医学诊断	GB/T 15657-1995	中医病证分类与代码	ZYYS00	阴暑证	
医学诊断	GB/T 15657-1995	中医病证分类与代码	ZYYSA0	阴虚肾亏证	
医学诊断	GB/T 15657-1995	中医病证分类与代码	ZYYT	阴、痰证类	
医学诊断	GB/T 15657-1995	中医病证分类与代码	ZYYT10	阴闭痰湿证	
医学诊断	GB/T 15657-1995	中医病证分类与代码	ZYYT20	阴虚痰热证	
医学诊断	GB/T 15657-1995	中医病证分类与代码	ZYYT30	阴虚痰火证	
医学诊断	GB/T 15657-1995	中医病证分类与代码	ZYYU	阴、火证类	
医学诊断	GB/T 15657-1995	中医病证分类与代码	ZYYU10	阴虚火动证	
医学诊断	GB/T 15657-1995	中医病证分类与代码	ZYYU20	阴虚火浮证	
医学诊断	GB/T 15657-1995	中医病证分类与代码	ZYYU30	阴虚火旺证	
医学诊断	GB/T 15657-1995	中医病证分类与代码	ZYYU31	阴虚火炽证	
医学诊断	GB/T 15657-1995	中医病证分类与代码	ZYYU40	虚火上炎证	
医学诊断	GB/T 15657-1995	中医病证分类与代码	ZYYU41	虚火上浮证	
医学诊断	GB/T 15657-1995	中医病证分类与代码	ZYYU50	虚火灼络证	
医学诊断	GB/T 15657-1995	中医病证分类与代码	ZYYV	阴、气证类	
医学诊断	GB/T 15657-1995	中医病证分类与代码	ZYYV10	阴伤气耗证	
医学诊断	GB/T 15657-1995	中医病证分类与代码	ZYYX	阴、血证类	
医学诊断	GB/T 15657-1995	中医病证分类与代码	ZYYX	阴、邪证类	
医学诊断	GB/T 15657-1995	中医病证分类与代码	ZYYX10	阴虚邪恋证	
医学诊断	GB/T 15657-1995	中医病证分类与代码	ZYYX11	阴虚邪留证	
医学诊断	GB/T 15657-1995	中医病证分类与代码	ZYYXA0	阴虚血瘀证	
医学诊断	GB/T 15657-1995	中医病证分类与代码	ZYYXB0	阴虚血热证	
医学诊断	GB/T 15657-1995	中医病证分类与代码	ZYYXC0	阴虚血燥证	
医学诊断	GB/T 15657-1995	中医病证分类与代码	ZYYZ	阴、燥证类	
医学诊断	GB/T 15657-1995	中医病证分类与代码	ZYYZ10	阴虚燥热证	
医学诊断	GB/T 15657-1995	中医病证分类与代码	ZZ	脏腑经络证候类	
医学诊断	GB/T 15657-1995	中医病证分类与代码	ZZF	肺证类	
医学诊断	GB/T 15657-1995	中医病证分类与代码	ZZF010	肺脏亏虚证	
医学诊断	GB/T 15657-1995	中医病证分类与代码	ZZF020	肺失治节，水道不利证	
医学诊断	GB/T 15657-1995	中医病证分类与代码	ZZF030	肺虚不固证	
医学诊断	GB/T 15657-1995	中医病证分类与代码	ZZF040	肺卫不固证	
医学诊断	GB/T 15657-1995	中医病证分类与代码	ZZF041	肺卫气虚证	
医学诊断	GB/T 15657-1995	中医病证分类与代码	ZZFG	肺、肝证类	
医学诊断	GB/T 15657-1995	中医病证分类与代码	ZZFG10	肺肝风热证	
医学诊断	GB/T 15657-1995	中医病证分类与代码	ZZFG11	肺肝风热，血热壅滞证	
医学诊断	GB/T 15657-1995	中医病证分类与代码	ZZFG20	肝肺热盛证	
医学诊断	GB/T 15657-1995	中医病证分类与代码	ZZFH	肺、寒证类	
医学诊断	GB/T 15657-1995	中医病证分类与代码	ZZFH10	肺虚寒证	
医学诊断	GB/T 15657-1995	中医病证分类与代码	ZZFH20	肺虚感寒证	
医学诊断	GB/T 15657-1995	中医病证分类与代码	ZZFJ	肺、经络证类	
医学诊断	GB/T 15657-1995	中医病证分类与代码	ZZFJ10	肺经风热证	
医学诊断	GB/T 15657-1995	中医病证分类与代码	ZZFJ20	肺经热盛证	
医学诊断	GB/T 15657-1995	中医病证分类与代码	ZZFJ30	肺经受热证	
医学诊断	GB/T 15657-1995	中医病证分类与代码	ZZFJ31	肺经受热，痰湿凝滞证	
医学诊断	GB/T 15657-1995	中医病证分类与代码	ZZFJ40	肺经湿热证	
医学诊断	GB/T 15657-1995	中医病证分类与代码	ZZFJ41	肺经湿热，编造结鼻窍证	
医学诊断	GB/T 15657-1995	中医病证分类与代码	ZZFJ50	肺经虚热证	
医学诊断	GB/T 15657-1995	中医病证分类与代码	ZZFJ60	肺经郁火证	
医学诊断	GB/T 15657-1995	中医病证分类与代码	ZZFJ70	肺经蕴热证	
医学诊断	GB/T 15657-1995	中医病证分类与代码	ZZFJ71	肺经蕴热，邪毒外袭证	
医学诊断	GB/T 15657-1995	中医病证分类与代码	ZZFJ80	肺经燥热证	
医学诊断	GB/T 15657-1995	中医病证分类与代码	ZZFJ90	肺经瘀阻证	
医学诊断	GB/T 15657-1995	中医病证分类与代码	ZZFJA0	肺络不畅证	
医学诊断	GB/T 15657-1995	中医病证分类与代码	ZZFJB0	肠风伤络证	
医学诊断	GB/T 15657-1995	中医病证分类与代码	ZZFJB1	风伤肠络证	
医学诊断	GB/T 15657-1995	中医病证分类与代码	ZZFM	肺、湿证类	
医学诊断	GB/T 15657-1995	中医病证分类与代码	ZZFM10	肠道湿热证	
医学诊断	GB/T 15657-1995	中医病证分类与代码	ZZFM11	大肠湿热证	
医学诊断	GB/T 15657-1995	中医病证分类与代码	ZZFP	肺、脾证类	
医学诊断	GB/T 15657-1995	中医病证分类与代码	ZZFP10	肺脾两虚证	
医学诊断	GB/T 15657-1995	中医病证分类与代码	ZZFP11	肺脾两虚，邪滞鼻窍证	
医学诊断	GB/T 15657-1995	中医病证分类与代码	ZZFP20	肺脾气虚证	
医学诊断	GB/T 15657-1995	中医病证分类与代码	ZZFP30	肺脾湿热证	
医学诊断	GB/T 15657-1995	中医病证分类与代码	ZZFP40	肺脾积热证	
医学诊断	GB/T 15657-1995	中医病证分类与代码	ZZFP50	肺胃热盛证	
医学诊断	GB/T 15657-1995	中医病证分类与代码	ZZFP60	肺胃积热证	
医学诊断	GB/T 15657-1995	中医病证分类与代码	ZZFP61	肺胃蕴热证	
医学诊断	GB/T 15657-1995	中医病证分类与代码	ZZFP70	肺胃实热证	
医学诊断	GB/T 15657-1995	中医病证分类与代码	ZZFP80	肺胃湿热证	
医学诊断	GB/T 15657-1995	中医病证分类与代码	ZZFP90	肺胃燥热证	
医学诊断	GB/T 15657-1995	中医病证分类与代码	ZZFPA0	肺胃阴伤证	
医学诊断	GB/T 15657-1995	中医病证分类与代码	ZZFPB0	肠胃湿热证	
医学诊断	GB/T 15657-1995	中医病证分类与代码	ZZFPC0	肠胃实热证	
医学诊断	GB/T 15657-1995	中医病证分类与代码	ZZFR	肺、热证类	
医学诊断	GB/T 15657-1995	中医病证分类与代码	ZZFR00	肺热证	
医学诊断	GB/T 15657-1995	中医病证分类与代码	ZZFR10	肺热亢盛证	
医学诊断	GB/T 15657-1995	中医病证分类与代码	ZZFR11	肺热壅盛证	
医学诊断	GB/T 15657-1995	中医病证分类与代码	ZZFR20	肺热气壅证	
医学诊断	GB/T 15657-1995	中医病证分类与代码	ZZFR30	肺热津伤证	
医学诊断	GB/T 15657-1995	中医病证分类与代码	ZZFR31	肺热津伤，筋失濡润证	
医学诊断	GB/T 15657-1995	中医病证分类与代码	ZZFR40	肺热失宣证	
医学诊断	GB/T 15657-1995	中医病证分类与代码	ZZFR50	肺热上郁证	
医学诊断	GB/T 15657-1995	中医病证分类与代码	ZZFR60	肺热下移证	
医学诊断	GB/T 15657-1995	中医病证分类与代码	ZZFR70	肺热血热证	
医学诊断	GB/T 15657-1995	中医病证分类与代码	ZZFR80	肺热血瘀证	
医学诊断	GB/T 15657-1995	中医病证分类与代码	ZZFR90	肺热移肠证	
医学诊断	GB/T 15657-1995	中医病证分类与代码	ZZFRA0	肺热发疹证	
医学诊断	GB/T 15657-1995	中医病证分类与代码	ZZFRB0	肠道实热证	
医学诊断	GB/T 15657-1995	中医病证分类与代码	ZZFS	肺、肾证类	
医学诊断	GB/T 15657-1995	中医病证分类与代码	ZZFS10	肺肾两虚证	
医学诊断	GB/T 15657-1995	中医病证分类与代码	ZZFS20	肺肾气虚证	
医学诊断	GB/T 15657-1995	中医病证分类与代码	ZZFS30	肺肾阴虚证	
医学诊断	GB/T 15657-1995	中医病证分类与代码	ZZFS40	肺肾阳虚证	
医学诊断	GB/T 15657-1995	中医病证分类与代码	ZZFV	肺、气证类	
医学诊断	GB/T 15657-1995	中医病证分类与代码	ZZFV10	肺气亏虚证	
医学诊断	GB/T 15657-1995	中医病证分类与代码	ZZFV20	肺气虚寒证	
医学诊断	GB/T 15657-1995	中医病证分类与代码	ZZFV30	肺气郁痹证	
医学诊断	GB/T 15657-1995	中医病证分类与代码	ZZFV40	肠道气滞证	
医学诊断	GB/T 15657-1995	中医病证分类与代码	ZZFX	肺、邪证类	
医学诊断	GB/T 15657-1995	中医病证分类与代码	ZZFX10	肺虚邪滞证	
医学诊断	GB/T 15657-1995	中医病证分类与代码	ZZFY	肺、阴证类	
医学诊断	GB/T 15657-1995	中医病证分类与代码	ZZFY10	肺阴不中证	
医学诊断	GB/T 15657-1995	中医病证分类与代码	ZZFY20	肺阴亏虚证	
医学诊断	GB/T 15657-1995	中医病证分类与代码	ZZFY21	肺阴亏耗证	
医学诊断	GB/T 15657-1995	中医病证分类与代码	ZZFY30	肺阴伤证	
医学诊断	GB/T 15657-1995	中医病证分类与代码	ZZFY40	肺阴火旺证	
医学诊断	GB/T 15657-1995	中医病证分类与代码	ZZFZ	肺、燥证类	
医学诊断	GB/T 15657-1995	中医病证分类与代码	ZZFZ00	肺燥证	
医学诊断	GB/T 15657-1995	中医病证分类与代码	ZZFZ10	肺燥郁热证	
医学诊断	GB/T 15657-1995	中医病证分类与代码	ZZFZ20	肺燥伤阴证	
医学诊断	GB/T 15657-1995	中医病证分类与代码	ZZFZ21	肺燥津伤证	
医学诊断	GB/T 15657-1995	中医病证分类与代码	ZZFZ30	肺燥肠闭证	
医学诊断	GB/T 15657-1995	中医病证分类与代码	ZZFZ40	肺燥肠热证	
医学诊断	GB/T 15657-1995	中医病证分类与代码	ZZFZ41	肺燥肠热，络伤咳血证	
医学诊断	GB/T 15657-1995	中医病证分类与代码	ZZFZ50	肺虚燥证	
医学诊断	GB/T 15657-1995	中医病证分类与代码	ZZFZ60	肠燥津伤证	
医学诊断	GB/T 15657-1995	中医病证分类与代码	ZZG	肝证类	
医学诊断	GB/T 15657-1995	中医病证分类与代码	ZZG010	肝郁证	
医学诊断	GB/T 15657-1995	中医病证分类与代码	ZZG011	肝郁不舒证	
医学诊断	GB/T 15657-1995	中医病证分类与代码	ZZGA	肝、阳证类	
医学诊断	GB/T 15657-1995	中医病证分类与代码	ZZGA10	肝阳暴亢证	
医学诊断	GB/T 15657-1995	中医病证分类与代码	ZZGA11	肝阳暴亢，风火止逆证	
医学诊断	GB/T 15657-1995	中医病证分类与代码	ZZGA12	肝阳暴亢，风火上扰证	
医学诊断	GB/T 15657-1995	中医病证分类与代码	ZZGA20	肝阳化风证	
医学诊断	GB/T 15657-1995	中医病证分类与代码	ZZGA21	肝阳化风，痰热上扰证	
医学诊断	GB/T 15657-1995	中医病证分类与代码	ZZGA30	肝阳上亢证	
医学诊断	GB/T 15657-1995	中医病证分类与代码	ZZGA31	肝阳上亢，脉络瘀阻证	
医学诊断	GB/T 15657-1995	中医病证分类与代码	ZZGA32	肝阳上亢，痰邪阻窍证	
医学诊断	GB/T 15657-1995	中医病证分类与代码	ZZGA40	肝阳上扰证	
医学诊断	GB/T 15657-1995	中医病证分类与代码	ZZGA50	风阳内动证	
医学诊断	GB/T 15657-1995	中医病证分类与代码	ZZGA60	风阳痰火证	
医学诊断	GB/T 15657-1995	中医病证分类与代码	ZZGF	肝、风证类	
医学诊断	GB/T 15657-1995	中医病证分类与代码	ZZGF01	肝风证	
医学诊断	GB/T 15657-1995	中医病证分类与代码	ZZGF10	肝风内动证	
医学诊断	GB/T 15657-1995	中医病证分类与代码	ZZGF11	肝风内动――风窜络脉证	
医学诊断	GB/T 15657-1995	中医病证分类与代码	ZZGF12	肝风内动――阴虚风动证	
医学诊断	GB/T 15657-1995	中医病证分类与代码	ZZGF13	虚风内动证	
医学诊断	GB/T 15657-1995	中医病证分类与代码	ZZGF20	肝风痰浊证	
医学诊断	GB/T 15657-1995	中医病证分类与代码	ZZGJ	肝、经络证类	
医学诊断	GB/T 15657-1995	中医病证分类与代码	ZZGJ10	肝经风热证	
医学诊断	GB/T 15657-1995	中医病证分类与代码	ZZGJ20	肝经积热证	
医学诊断	GB/T 15657-1995	中医病证分类与代码	ZZGJ30	肝经热盛证	
医学诊断	GB/T 15657-1995	中医病证分类与代码	ZZGJ40	肝经郁热证	
医学诊断	GB/T 15657-1995	中医病证分类与代码	ZZGJ50	肝经火盛证	
医学诊断	GB/T 15657-1995	中医病证分类与代码	ZZGJ60	肝经郁火证	
医学诊断	GB/T 15657-1995	中医病证分类与代码	ZZGJ70	肝经湿热证	
医学诊断	GB/T 15657-1995	中医病证分类与代码	ZZGJ80	胆经郁热证	
医学诊断	GB/T 15657-1995	中医病证分类与代码	ZZGM	肝、湿证类	
医学诊断	GB/T 15657-1995	中医病证分类与代码	ZZGM10	肝郁湿热证	
医学诊断	GB/T 15657-1995	中医病证分类与代码	ZZGM20	肝胆湿热证	
医学诊断	GB/T 15657-1995	中医病证分类与代码	ZZGM21	肝胆湿热上蒸证	
医学诊断	GB/T 15657-1995	中医病证分类与代码	ZZGP	肝、脾证类	
医学诊断	GB/T 15657-1995	中医病证分类与代码	ZZGP10	肝脾亏虚证	
医学诊断	GB/T 15657-1995	中医病证分类与代码	ZZGP20	肝脾两虚证	
医学诊断	GB/T 15657-1995	中医病证分类与代码	ZZGP30	肝脾气滞证	
医学诊断	GB/T 15657-1995	中医病证分类与代码	ZZGP40	肝脾湿热证	
医学诊断	GB/T 15657-1995	中医病证分类与代码	ZZGP41	肝脾湿火证	
医学诊断	GB/T 15657-1995	中医病证分类与代码	ZZGP50	肝脾血瘀证	
医学诊断	GB/T 15657-1995	中医病证分类与代码	ZZGP60	肝旺脾虚证	
医学诊断	GB/T 15657-1995	中医病证分类与代码	ZZGP70	肝旺脾困证	
医学诊断	GB/T 15657-1995	中医病证分类与代码	ZZGP80	肝胃不和证	
医学诊断	GB/T 15657-1995	中医病证分类与代码	ZZGP90	肝胃气滞证	
医学诊断	GB/T 15657-1995	中医病证分类与代码	ZZGPA0	肝胃虚寒证	
医学诊断	GB/T 15657-1995	中医病证分类与代码	ZZGPA1	肝胃虚寒，饮邪上犯证	
医学诊断	GB/T 15657-1995	中医病证分类与代码	ZZGPB0	肝胃阴虚证	
医学诊断	GB/T 15657-1995	中医病证分类与代码	ZZGPC0	肝胃郁热证	
医学诊断	GB/T 15657-1995	中医病证分类与代码	ZZGPD0	肝郁脾虚证	
医学诊断	GB/T 15657-1995	中医病证分类与代码	ZZGPE0	肝木犯胃证	
医学诊断	GB/T 15657-1995	中医病证分类与代码	ZZGR	肝、热证类	
医学诊断	GB/T 15657-1995	中医病证分类与代码	ZZGR10	肝热上扰证	
医学诊断	GB/T 15657-1995	中医病证分类与代码	ZZGR20	肝郁化热证	
医学诊断	GB/T 15657-1995	中医病证分类与代码	ZZGR30	肝胆热毒证	
医学诊断	GB/T 15657-1995	中医病证分类与代码	ZZGR40	肝胆郁热证	
医学诊断	GB/T 15657-1995	中医病证分类与代码	ZZGR50	肝郁胆热热	
医学诊断	GB/T 15657-1995	中医病证分类与代码	ZZGR60	胆腑郁热证	
医学诊断	GB/T 15657-1995	中医病证分类与代码	ZZGR70	胆热证	
医学诊断	GB/T 15657-1995	中医病证分类与代码	ZZGS	肝、肾证类	
医学诊断	GB/T 15657-1995	中医病证分类与代码	ZZGS10	肝肾不足证	
医学诊断	GB/T 15657-1995	中医病证分类与代码	ZZGS11	肝肾亏损证	
医学诊断	GB/T 15657-1995	中医病证分类与代码	ZZGS20	肝肾亏虚证	
医学诊断	GB/T 15657-1995	中医病证分类与代码	ZZGS21	肝肾亏虚，髓枯筋痿证	
医学诊断	GB/T 15657-1995	中医病证分类与代码	ZZGS22	肝肾亏虚，阴血不足证	
医学诊断	GB/T 15657-1995	中医病证分类与代码	ZZGS30	肝肾两虚证	
医学诊断	GB/T 15657-1995	中医病证分类与代码	ZZGS31	肝肾两亏证	
医学诊断	GB/T 15657-1995	中医病证分类与代码	ZZGS32	肝肾两虚，约束无权证	
医学诊断	GB/T 15657-1995	中医病证分类与代码	ZZGS40	肝肾阴虚证	
医学诊断	GB/T 15657-1995	中医病证分类与代码	ZZGS41	肝肾阴虚，风阳上扰证	
医学诊断	GB/T 15657-1995	中医病证分类与代码	ZZGS42	肝肾阴虚，肝阳上亢证	
医学诊断	GB/T 15657-1995	中医病证分类与代码	ZZGS50	肝郁肾虚证	
医学诊断	GB/T 15657-1995	中医病证分类与代码	ZZGT	肝、痰证类	
医学诊断	GB/T 15657-1995	中医病证分类与代码	ZZGT10	肝郁痰火证	
医学诊断	GB/T 15657-1995	中医病证分类与代码	ZZGT20	肝郁痰凝证	
医学诊断	GB/T 15657-1995	中医病证分类与代码	ZZGU	肝、火证类	
医学诊断	GB/T 15657-1995	中医病证分类与代码	ZZGU10	肝火炽盛证	
医学诊断	GB/T 15657-1995	中医病证分类与代码	ZZGU11	肝火亢盛证	
医学诊断	GB/T 15657-1995	中医病证分类与代码	ZZGU12	肝火旺盛证	
医学诊断	GB/T 15657-1995	中医病证分类与代码	ZZGU20	肝火上炎证	
医学诊断	GB/T 15657-1995	中医病证分类与代码	ZZGU21	肝火上扰证	
医学诊断	GB/T 15657-1995	中医病证分类与代码	ZZGU22	肝火上扰清窍证	
医学诊断	GB/T 15657-1995	中医病证分类与代码	ZZGU30	肝火湿热证	
医学诊断	GB/T 15657-1995	中医病证分类与代码	ZZGU31	肝火湿热上攻证	
医学诊断	GB/T 15657-1995	中医病证分类与代码	ZZGU40	肝火痰热证	
医学诊断	GB/T 15657-1995	中医病证分类与代码	ZZGU50	肝火犯肺证	
医学诊断	GB/T 15657-1995	中医病证分类与代码	ZZGU60	肝火犯胃证	
医学诊断	GB/T 15657-1995	中医病证分类与代码	ZZGU70	肝火流筋证	
医学诊断	GB/T 15657-1995	中医病证分类与代码	ZZGU80	肝郁化火证	
医学诊断	GB/T 15657-1995	中医病证分类与代码	ZZGU90	肝郁火旺证	
医学诊断	GB/T 15657-1995	中医病证分类与代码	ZZGUA0	肝胆火炽证	
医学诊断	GB/T 15657-1995	中医病证分类与代码	ZZGUA1	肝胆火炽，风火攻目证	
医学诊断	GB/T 15657-1995	中医病证分类与代码	ZZGUB0	肝胆火热证	
医学诊断	GB/T 15657-1995	中医病证分类与代码	ZZGUC0	肝胆火盛证	
医学诊断	GB/T 15657-1995	中医病证分类与代码	ZZGUC1	肝胆火盛，邪热外侵证	
医学诊断	GB/T 15657-1995	中医病证分类与代码	ZZGUD0	肝胆火旺证	
医学诊断	GB/T 15657-1995	中医病证分类与代码	ZZGUE0	胆火上逆证	
医学诊断	GB/T 15657-1995	中医病证分类与代码	ZZGV	肝、气证类	
医学诊断	GB/T 15657-1995	中医病证分类与代码	ZZGV10	肝气郁结证	
医学诊断	GB/T 15657-1995	中医病证分类与代码	ZZGV11	肝气郁结，气滞血瘀证	
医学诊断	GB/T 15657-1995	中医病证分类与代码	ZZGV12	肝气郁滞证	
医学诊断	GB/T 15657-1995	中医病证分类与代码	ZZGV20	肝气乘脾证	
医学诊断	GB/T 15657-1995	中医病证分类与代码	ZZGV30	肝气犯胃证	
医学诊断	GB/T 15657-1995	中医病证分类与代码	ZZGV40	肝郁气滞证	
医学诊断	GB/T 15657-1995	中医病证分类与代码	ZZGV41	肝郁气滞，气火上逆证	
医学诊断	GB/T 15657-1995	中医病证分类与代码	ZZGV42	肝郁气滞，痰浊阻络证	
医学诊断	GB/T 15657-1995	中医病证分类与代码	ZZGX	肝、血证类	
医学诊断	GB/T 15657-1995	中医病证分类与代码	ZZGX10	肝血不足证	
医学诊断	GB/T 15657-1995	中医病证分类与代码	ZZGX11	肝血不足，风中脉络证	
医学诊断	GB/T 15657-1995	中医病证分类与代码	ZZGX12	肝血不足，外感风邪证	
医学诊断	GB/T 15657-1995	中医病证分类与代码	ZZGX20	肝血亏虚证	
医学诊断	GB/T 15657-1995	中医病证分类与代码	ZZGX30	肝郁血热证	
医学诊断	GB/T 15657-1995	中医病证分类与代码	ZZGX40	肝郁血虚证	
医学诊断	GB/T 15657-1995	中医病证分类与代码	ZZGX50	肝郁血瘀证	
医学诊断	GB/T 15657-1995	中医病证分类与代码	ZZGX60	肝胆瘀阻证	
医学诊断	GB/T 15657-1995	中医病证分类与代码	ZZGY	肝、阴证类	
医学诊断	GB/T 15657-1995	中医病证分类与代码	ZZGY10	肝阴不足证	
医学诊断	GB/T 15657-1995	中医病证分类与代码	ZZGY20	肝阴亏虚证	
医学诊断	GB/T 15657-1995	中医病证分类与代码	ZZJ	经络证类	
医学诊断	GB/T 15657-1995	中医病证分类与代码	ZZJ010	冲任失调证	
医学诊断	GB/T 15657-1995	中医病证分类与代码	ZZJ020	经脉不和证	
医学诊断	GB/T 15657-1995	中医病证分类与代码	ZZJ030	经脉空虚证	
医学诊断	GB/T 15657-1995	中医病证分类与代码	ZZJ031	络脉空虚，风邪入中证	
医学诊断	GB/T 15657-1995	中医病证分类与代码	ZZJ040	络脉破损证	
医学诊断	GB/T 15657-1995	中医病证分类与代码	ZZJ050	胸络不和证	
医学诊断	GB/T 15657-1995	中医病证分类与代码	ZZJ060	窍络被蒙证	
医学诊断	GB/T 15657-1995	中医病证分类与代码	ZZJ070	络气不和证	
医学诊断	GB/T 15657-1995	中医病证分类与代码	ZZJX	经络、血证类	
医学诊断	GB/T 15657-1995	中医病证分类与代码	ZZJX10	络伤出血证	
医学诊断	GB/T 15657-1995	中医病证分类与代码	ZZJX20	伤络便血证	
医学诊断	GB/T 15657-1995	中医病证分类与代码	ZZJX30	经络瘀滞证	
医学诊断	GB/T 15657-1995	中医病证分类与代码	ZZJX31	经络瘀阻证	
医学诊断	GB/T 15657-1995	中医病证分类与代码	ZZJX32	经脉瘀阻证	
医学诊断	GB/T 15657-1995	中医病证分类与代码	ZZP	脾证类	
医学诊断	GB/T 15657-1995	中医病证分类与代码	ZZP010	脾虚证	
医学诊断	GB/T 15657-1995	中医病证分类与代码	ZZP020	脾虚不摄证	
医学诊断	GB/T 15657-1995	中医病证分类与代码	ZZP030	脾虚不固证	
医学诊断	GB/T 15657-1995	中医病证分类与代码	ZZP040	脾虚失运证	
医学诊断	GB/T 15657-1995	中医病证分类与代码	ZZP041	脾虚失运，中气不足证	
医学诊断	GB/T 15657-1995	中医病证分类与代码	ZZP050	脾虚中衰证	
医学诊断	GB/T 15657-1995	中医病证分类与代码	ZZP051	脾虚中衰，清阳不升证	
医学诊断	GB/T 15657-1995	中医病证分类与代码	ZZP060	脾失健运证	
医学诊断	GB/T 15657-1995	中医病证分类与代码	ZZP061	脾失健运，湿浊流注证	
医学诊断	GB/T 15657-1995	中医病证分类与代码	ZZP070	脾胃亏虚证	
医学诊断	GB/T 15657-1995	中医病证分类与代码	ZZP071	脾胃亏虚，肝阴不足证	
医学诊断	GB/T 15657-1995	中医病证分类与代码	ZZP072	脾胃亏虚，精微不运证	
医学诊断	GB/T 15657-1995	中医病证分类与代码	ZZP073	脾胃亏虚，余湿未尽证	
医学诊断	GB/T 15657-1995	中医病证分类与代码	ZZP080	脾胃虚弱证	
医学诊断	GB/T 15657-1995	中医病证分类与代码	ZZP090	脾胃失调证	
医学诊断	GB/T 15657-1995	中医病证分类与代码	ZZP091	脾胃失调，湿热郁蒸证	
医学诊断	GB/T 15657-1995	中医病证分类与代码	ZZP092	脾胃不和证	
医学诊断	GB/T 15657-1995	中医病证分类与代码	ZZP100	胃腑不和证	
医学诊断	GB/T 15657-1995	中医病证分类与代码	ZZPA	脾、阳证类	
医学诊断	GB/T 15657-1995	中医病证分类与代码	ZZPA10	脾阳不足证	
医学诊断	GB/T 15657-1995	中医病证分类与代码	ZZPA20	脾阳亏虚证	
医学诊断	GB/T 15657-1995	中医病证分类与代码	ZZPA30	脾阳虚衰证	
医学诊断	GB/T 15657-1995	中医病证分类与代码	ZZPA40	脾胃阳虚证	
医学诊断	GB/T 15657-1995	中医病证分类与代码	ZZPA50	脾阳不振证	
医学诊断	GB/T 15657-1995	中医病证分类与代码	ZZPF	脾、肺证类	
医学诊断	GB/T 15657-1995	中医病证分类与代码	ZZPF10	脾肺气虚证	
医学诊断	GB/T 15657-1995	中医病证分类与代码	ZZPF11	脾肺气虚，膀胱失约证	
医学诊断	GB/T 15657-1995	中医病证分类与代码	ZZPF20	胃肠积热证	
医学诊断	GB/T 15657-1995	中医病证分类与代码	ZZPF30	胃肠湿热证	
医学诊断	GB/T 15657-1995	中医病证分类与代码	ZZPF40	胃肠虚热证	
医学诊断	GB/T 15657-1995	中医病证分类与代码	ZZPG	脾、肝证类	
医学诊断	GB/T 15657-1995	中医病证分类与代码	ZZPG10	脾虚肝热证	
医学诊断	GB/T 15657-1995	中医病证分类与代码	ZZPG20	脾虚肝旺证	
医学诊断	GB/T 15657-1995	中医病证分类与代码	ZZPH	脾、寒证类	
医学诊断	GB/T 15657-1995	中医病证分类与代码	ZZPH10	胃寒证	
医学诊断	GB/T 15657-1995	中医病证分类与代码	ZZPH20	脾虚寒湿证	
医学诊断	GB/T 15657-1995	中医病证分类与代码	ZZPH30	脾胃虚寒证	
医学诊断	GB/T 15657-1995	中医病证分类与代码	ZZPH40	中焦虚寒证	
医学诊断	GB/T 15657-1995	中医病证分类与代码	ZZPH50	中虚脏寒证	
医学诊断	GB/T 15657-1995	中医病证分类与代码	ZZPH60	胃中寒冷证	
医学诊断	GB/T 15657-1995	中医病证分类与代码	ZZPJ	脾、经络证类	
医学诊断	GB/T 15657-1995	中医病证分类与代码	ZZPJ10	脾经风热证	
医学诊断	GB/T 15657-1995	中医病证分类与代码	ZZPJ20	脾经湿热证	
医学诊断	GB/T 15657-1995	中医病证分类与代码	ZZPJ30	脾经血燥	
医学诊断	GB/T 15657-1995	中医病证分类与代码	ZZPM	脾、湿证类	
医学诊断	GB/T 15657-1995	中医病证分类与代码	ZZPM10	脾虚湿蕴证	
医学诊断	GB/T 15657-1995	中医病证分类与代码	ZZPM20	脾虚湿泛证	
医学诊断	GB/T 15657-1995	中医病证分类与代码	ZZPM30	脾虚湿困证	
医学诊断	GB/T 15657-1995	中医病证分类与代码	ZZPM31	脾虚湿困，上犯耳窍证	
医学诊断	GB/T 15657-1995	中医病证分类与代码	ZZPM32	脾虚湿困，虚火上浮证	
医学诊断	GB/T 15657-1995	中医病证分类与代码	ZZPM40	脾虚湿滞证	
医学诊断	GB/T 15657-1995	中医病证分类与代码	ZZPM41	脾虚湿阻证	
医学诊断	GB/T 15657-1995	中医病证分类与代码	ZZPM50	脾虚湿热证	
医学诊断	GB/T 15657-1995	中医病证分类与代码	ZZPM60	脾虚湿盛证	
医学诊断	GB/T 15657-1995	中医病证分类与代码	ZZPM61	脾虚湿盛，风痰阻络证	
医学诊断	GB/T 15657-1995	中医病证分类与代码	ZZPM70	脾胃湿热证	
医学诊断	GB/T 15657-1995	中医病证分类与代码	ZZPR	脾、热证类	
医学诊断	GB/T 15657-1995	中医病证分类与代码	ZZPR10	脾胃伏热证	
医学诊断	GB/T 15657-1995	中医病证分类与代码	ZZPR20	脾胃积热证	
医学诊断	GB/T 15657-1995	中医病证分类与代码	ZZPR21	脾胃积热，血热伤络证	
医学诊断	GB/T 15657-1995	中医病证分类与代码	ZZPR30	脾胃热盛证	
医学诊断	GB/T 15657-1995	中医病证分类与代码	ZZPR40	脾胃实热证	
医学诊断	GB/T 15657-1995	中医病证分类与代码	ZZPR50	胃热证	
医学诊断	GB/T 15657-1995	中医病证分类与代码	ZZPR60	胃热炽盛证	
医学诊断	GB/T 15657-1995	中医病证分类与代码	ZZPR61	胃热壅盛证	
医学诊断	GB/T 15657-1995	中医病证分类与代码	ZZPR70	胃热薰蒸证	
医学诊断	GB/T 15657-1995	中医病证分类与代码	ZZPR80	胃热津亏证	
医学诊断	GB/T 15657-1995	中医病证分类与代码	ZZPR90	胃热阴虚证	
医学诊断	GB/T 15657-1995	中医病证分类与代码	ZZPRA0	胃热灼阴证	
医学诊断	GB/T 15657-1995	中医病证分类与代码	ZZPRB0	胃中积热证	
医学诊断	GB/T 15657-1995	中医病证分类与代码	ZZPRB1	胃中蕴热证	
医学诊断	GB/T 15657-1995	中医病证分类与代码	ZZPRC0	胃热滞脾证	
医学诊断	GB/T 15657-1995	中医病证分类与代码	ZZPS	脾、肾证类	
医学诊断	GB/T 15657-1995	中医病证分类与代码	ZZPS10	脾肾不固证	
医学诊断	GB/T 15657-1995	中医病证分类与代码	ZZPS20	脾肾不足证	
医学诊断	GB/T 15657-1995	中医病证分类与代码	ZZPS30	脾肾亏虚证	
医学诊断	GB/T 15657-1995	中医病证分类与代码	ZZPS31	脾肾亏虚，浊阴上逆证	
医学诊断	GB/T 15657-1995	中医病证分类与代码	ZZPS40	脾肾两虚证	
医学诊断	GB/T 15657-1995	中医病证分类与代码	ZZPS50	脾肾气虚证	
医学诊断	GB/T 15657-1995	中医病证分类与代码	ZZPS60	脾肾虚衰证	
医学诊断	GB/T 15657-1995	中医病证分类与代码	ZZPS61	脾肾虚弱证	
医学诊断	GB/T 15657-1995	中医病证分类与代码	ZZPS70	脾肾阳衰证	
医学诊断	GB/T 15657-1995	中医病证分类与代码	ZZPS80	脾肾阳虚证	
医学诊断	GB/T 15657-1995	中医病证分类与代码	ZZPS90	脾肾阴虚证	
医学诊断	GB/T 15657-1995	中医病证分类与代码	ZZPT	脾、痰证类	
医学诊断	GB/T 15657-1995	中医病证分类与代码	ZZPT10	脾虚痰湿证	
医学诊断	GB/T 15657-1995	中医病证分类与代码	ZZPT11	脾虚痰湿，风邪犯耳证	
医学诊断	GB/T 15657-1995	中医病证分类与代码	ZZPT20	脾虚痰盛证	
医学诊断	GB/T 15657-1995	中医病证分类与代码	ZZPT30	脾虚痰阻证	
医学诊断	GB/T 15657-1995	中医病证分类与代码	ZZPT40	脾虚痰浊证	
医学诊断	GB/T 15657-1995	中医病证分类与代码	ZZPT50	脾虚水泛证	
医学诊断	GB/T 15657-1995	中医病证分类与代码	ZZPT60	脾虚水困证	
医学诊断	GB/T 15657-1995	中医病证分类与代码	ZZPU	脾、火证类	
医学诊断	GB/T 15657-1995	中医病证分类与代码	ZZPU10	脾虚火旺证	
医学诊断	GB/T 15657-1995	中医病证分类与代码	ZZPU20	脾胃火毒证	
医学诊断	GB/T 15657-1995	中医病证分类与代码	ZZPU30	胃火上逆证	
医学诊断	GB/T 15657-1995	中医病证分类与代码	ZZPU40	胃火炽盛证	
医学诊断	GB/T 15657-1995	中医病证分类与代码	ZZPV	脾、气证类	
医学诊断	GB/T 15657-1995	中医病证分类与代码	ZZPV10	脾气不足证	
医学诊断	GB/T 15657-1995	中医病证分类与代码	ZZPV11	脾气不足，胃阴损伤证	
医学诊断	GB/T 15657-1995	中医病证分类与代码	ZZPV20	脾气亏虚证	
医学诊断	GB/T 15657-1995	中医病证分类与代码	ZZPV30	脾虚气弱证	
医学诊断	GB/T 15657-1995	中医病证分类与代码	ZZPV40	脾虚气陷证	
医学诊断	GB/T 15657-1995	中医病证分类与代码	ZZPV50	脾气不升证	
医学诊断	GB/T 15657-1995	中医病证分类与代码	ZZPV60	脾胃气虚证	
医学诊断	GB/T 15657-1995	中医病证分类与代码	ZZPV70	胃气不和证	
医学诊断	GB/T 15657-1995	中医病证分类与代码	ZZPV71	胃气失和证	
医学诊断	GB/T 15657-1995	中医病证分类与代码	ZZPV80	胃气虚败证	
医学诊断	GB/T 15657-1995	中医病证分类与代码	ZZPX	脾、血证类	
医学诊断	GB/T 15657-1995	中医病证分类与代码	ZZPX10	脾不统血证	
医学诊断	GB/T 15657-1995	中医病证分类与代码	ZZPX20	脾虚血亏证	
医学诊断	GB/T 15657-1995	中医病证分类与代码	ZZPX30	脾虚血燥证	
医学诊断	GB/T 15657-1995	中医病证分类与代码	ZZPY	脾、阴证类	
医学诊断	GB/T 15657-1995	中医病证分类与代码	ZZPY10	脾胃阴虚证	
医学诊断	GB/T 15657-1995	中医病证分类与代码	ZZPY20	胃阴不足证	
医学诊断	GB/T 15657-1995	中医病证分类与代码	ZZPY30	胃阴亏虚证	
医学诊断	GB/T 15657-1995	中医病证分类与代码	ZZPZ	脾、燥证类	
医学诊断	GB/T 15657-1995	中医病证分类与代码	ZZPZ00	脾燥证	
医学诊断	GB/T 15657-1995	中医病证分类与代码	ZZPZ10	胃燥津伤证	
医学诊断	GB/T 15657-1995	中医病证分类与代码	ZZPZ20	胃燥血虚证	
医学诊断	GB/T 15657-1995	中医病证分类与代码	ZZS	肾证类	
医学诊断	GB/T 15657-1995	中医病证分类与代码	ZZS010	肾精不足证	
医学诊断	GB/T 15657-1995	中医病证分类与代码	ZZS011	肾精亏耗证	
医学诊断	GB/T 15657-1995	中医病证分类与代码	ZZS012	肾精亏损证	
医学诊断	GB/T 15657-1995	中医病证分类与代码	ZZS020	肾精亏虚证	
医学诊断	GB/T 15657-1995	中医病证分类与代码	ZZS030	肾虚证	
医学诊断	GB/T 15657-1995	中医病证分类与代码	ZZS040	肾虚精亏证	
医学诊断	GB/T 15657-1995	中医病证分类与代码	ZZS050	肾虚不固证	
医学诊断	GB/T 15657-1995	中医病证分类与代码	ZZS051	肾虚失约证	
医学诊断	GB/T 15657-1995	中医病证分类与代码	ZZS052	肾虚不固――阳虚证	
医学诊断	GB/T 15657-1995	中医病证分类与代码	ZZS053	肾虚不固――阴虚证	
医学诊断	GB/T 15657-1995	中医病证分类与代码	ZZS060	肾虚骨弱证	
医学诊断	GB/T 15657-1995	中医病证分类与代码	ZZS070	肾虚滑脱证	
医学诊断	GB/T 15657-1995	中医病证分类与代码	ZZS071	肾虚滑脱，精关不固证	
医学诊断	GB/T 15657-1995	中医病证分类与代码	ZZS080	肾虚髓亏证	
医学诊断	GB/T 15657-1995	中医病证分类与代码	ZZS081	肾虚髓减证	
医学诊断	GB/T 15657-1995	中医病证分类与代码	ZZS090	肾元不足证	
医学诊断	GB/T 15657-1995	中医病证分类与代码	ZZS091	肾元不足，内风暗煽证	
医学诊断	GB/T 15657-1995	中医病证分类与代码	ZZS100	肾元亏虚证	
医学诊断	GB/T 15657-1995	中医病证分类与代码	ZZS101	肾元亏虚，邪毒停聚证	
医学诊断	GB/T 15657-1995	中医病证分类与代码	ZZS110	膀胱损伤证	
医学诊断	GB/T 15657-1995	中医病证分类与代码	ZZS120	膀胱虚冷证	
医学诊断	GB/T 15657-1995	中医病证分类与代码	ZZSA	肾、阳证类	
医学诊断	GB/T 15657-1995	中医病证分类与代码	ZZSA10	肾阳不足证	
医学诊断	GB/T 15657-1995	中医病证分类与代码	ZZSA11	肾阳不足，气化无权证	
医学诊断	GB/T 15657-1995	中医病证分类与代码	ZZSA20	肾阳亏虚证	
医学诊断	GB/T 15657-1995	中医病证分类与代码	ZZSA30	肾阳虚损证	
医学诊断	GB/T 15657-1995	中医病证分类与代码	ZZSA40	肾阳虚衰证	
医学诊断	GB/T 15657-1995	中医病证分类与代码	ZZSA41	肾阳衰惫证	
医学诊断	GB/T 15657-1995	中医病证分类与代码	ZZSA42	肾阳衰微证	
医学诊断	GB/T 15657-1995	中医病证分类与代码	ZZSA50	命门火衰证	
医学诊断	GB/T 15657-1995	中医病证分类与代码	ZZSA51	命门火衰，脾阳不足证	
医学诊断	GB/T 15657-1995	中医病证分类与代码	ZZSG	肾、肝证类	
医学诊断	GB/T 15657-1995	中医病证分类与代码	ZZSG10	肾虚肝亢证	
医学诊断	GB/T 15657-1995	中医病证分类与代码	ZZSH	肾、寒证类	
医学诊断	GB/T 15657-1995	中医病证分类与代码	ZZSH10	肾虚寒凝证	
医学诊断	GB/T 15657-1995	中医病证分类与代码	ZZSH20	肾虚寒湿证	
医学诊断	GB/T 15657-1995	中医病证分类与代码	ZZSH30	肾虚寒痰证	
医学诊断	GB/T 15657-1995	中医病证分类与代码	ZZSH40	下元虚寒证	
医学诊断	GB/T 15657-1995	中医病证分类与代码	ZZSH41	下元虚寒，肾气不足证	
医学诊断	GB/T 15657-1995	中医病证分类与代码	ZZSM	肾、湿证类	
医学诊断	GB/T 15657-1995	中医病证分类与代码	ZZSM10	肾虚湿热证	
医学诊断	GB/T 15657-1995	中医病证分类与代码	ZZSM20	膀胱湿热证	
医学诊断	GB/T 15657-1995	中医病证分类与代码	ZZSR	肾、热证类	
医学诊断	GB/T 15657-1995	中医病证分类与代码	ZZSR10	肾虚内热证	
医学诊断	GB/T 15657-1995	中医病证分类与代码	ZZSR20	肾虚髓热证	
医学诊断	GB/T 15657-1995	中医病证分类与代码	ZZST	肾、痰证类	
医学诊断	GB/T 15657-1995	中医病证分类与代码	ZZST10	肾虚水泛证	
医学诊断	GB/T 15657-1995	中医病证分类与代码	ZZSU	肾、火证类	
医学诊断	GB/T 15657-1995	中医病证分类与代码	ZZSU	肾虚火旺证	
医学诊断	GB/T 15657-1995	中医病证分类与代码	ZZSU20	相火炽盛证	
医学诊断	GB/T 15657-1995	中医病证分类与代码	ZZSU30	相火上炎证	
医学诊断	GB/T 15657-1995	中医病证分类与代码	ZZSU40	君相火动证	
医学诊断	GB/T 15657-1995	中医病证分类与代码	ZZSU41	君相火动，心肾不交证	
医学诊断	GB/T 15657-1995	中医病证分类与代码	ZZSU42	君相火旺证	
医学诊断	GB/T 15657-1995	中医病证分类与代码	ZZSV	肾、气证类	
医学诊断	GB/T 15657-1995	中医病证分类与代码	ZZSV10	肾气不足证	
医学诊断	GB/T 15657-1995	中医病证分类与代码	ZZSV11	肾气不充证	
医学诊断	GB/T 15657-1995	中医病证分类与代码	ZZSV20	肾气亏虚证	
医学诊断	GB/T 15657-1995	中医病证分类与代码	ZZSV21	肾气亏虚――阴虚证	
医学诊断	GB/T 15657-1995	中医病证分类与代码	ZZSV22	肾气亏虚――阳虚证	
医学诊断	GB/T 15657-1995	中医病证分类与代码	ZZSV30	肾气衰微证	
医学诊断	GB/T 15657-1995	中医病证分类与代码	ZZSV40	肾气不固证	
医学诊断	GB/T 15657-1995	中医病证分类与代码	ZZSV50	肾气不摄证	
医学诊断	GB/T 15657-1995	中医病证分类与代码	ZZSV60	肾不纳气证	
医学诊断	GB/T 15657-1995	中医病证分类与代码	ZZSY	肾、阴证类	
医学诊断	GB/T 15657-1995	中医病证分类与代码	ZZSY10	肾阴不足证	
医学诊断	GB/T 15657-1995	中医病证分类与代码	ZZSY11	肾阴不足，水液不利证	
医学诊断	GB/T 15657-1995	中医病证分类与代码	ZZSY20	肾阴亏虚证	
医学诊断	GB/T 15657-1995	中医病证分类与代码	ZZSY30	肾阴耗损证	
医学诊断	GB/T 15657-1995	中医病证分类与代码	ZZSY31	肾阴虚损证	
医学诊断	GB/T 15657-1995	中医病证分类与代码	ZZX	心证类	
医学诊断	GB/T 15657-1995	中医病证分类与代码	ZZX010	心神不宁证	
医学诊断	GB/T 15657-1995	中医病证分类与代码	ZZX020	心神惑乱证	
医学诊断	GB/T 15657-1995	中医病证分类与代码	ZZX030	素体不足，劳心过度证	
医学诊断	GB/T 15657-1995	中医病证分类与代码	ZZXA	心、阳证类	
医学诊断	GB/T 15657-1995	中医病证分类与代码	ZZXA10	心阳不足证	
医学诊断	GB/T 15657-1995	中医病证分类与代码	ZZXA20	心阳亏虚证	
医学诊断	GB/T 15657-1995	中医病证分类与代码	ZZXA30	心阳虚衰证	
医学诊断	GB/T 15657-1995	中医病证分类与代码	ZZXA40	心阳不振证	
医学诊断	GB/T 15657-1995	中医病证分类与代码	ZZXA50	心阳欲脱证	
医学诊断	GB/T 15657-1995	中医病证分类与代码	ZZXA60	心阳暴脱证	
医学诊断	GB/T 15657-1995	中医病证分类与代码	ZZXF	心、肺证类	
医学诊断	GB/T 15657-1995	中医病证分类与代码	ZZXF10	心肺风热证	
医学诊断	GB/T 15657-1995	中医病证分类与代码	ZZXF20	心肺热毒证	
医学诊断	GB/T 15657-1995	中医病证分类与代码	ZZXF30	心肺郁热证	
医学诊断	GB/T 15657-1995	中医病证分类与代码	ZZXF40	心肺气虚证	
医学诊断	GB/T 15657-1995	中医病证分类与代码	ZZXF50	心肺阴虚证	
医学诊断	GB/T 15657-1995	中医病证分类与代码	ZZXG	心、肝证类	
医学诊断	GB/T 15657-1995	中医病证分类与代码	ZZXG10	心肝风火证	
医学诊断	GB/T 15657-1995	中医病证分类与代码	ZZXG20	心肝热炽证	
医学诊断	GB/T 15657-1995	中医病证分类与代码	ZZXG21	心肝热炽，热壅血瘀证	
医学诊断	GB/T 15657-1995	中医病证分类与代码	ZZXG30	心肝阴虚证	
医学诊断	GB/T 15657-1995	中医病证分类与代码	ZZXG40	心胆气虚证	
医学诊断	GB/T 15657-1995	中医病证分类与代码	ZZXG50	心虚胆怯证	
医学诊断	GB/T 15657-1995	中医病证分类与代码	ZZXJ10	心经积热证	
医学诊断	GB/T 15657-1995	中医病证分类与代码	ZZXJ30	心经实火证	
医学诊断	GB/T 15657-1995	中医病证分类与代码	ZZXJ50	心脉痹阻证	
医学诊断	GB/T 15657-1995	中医病证分类与代码	ZZXP	心、脾证类	
医学诊断	GB/T 15657-1995	中医病证分类与代码	ZZXP10	心脾风热证	
医学诊断	GB/T 15657-1995	中医病证分类与代码	ZZXP20	心脾火炽证	
医学诊断	GB/T 15657-1995	中医病证分类与代码	ZZXP30	心脾火郁证	
医学诊断	GB/T 15657-1995	中医病证分类与代码	ZZXP40	心脾积热证	
医学诊断	GB/T 15657-1995	中医病证分类与代码	ZZXP41	心脾积热，循经上炎证	
医学诊断	GB/T 15657-1995	中医病证分类与代码	ZZXP50	心脾亏虚证	
医学诊断	GB/T 15657-1995	中医病证分类与代码	ZZXP60	心脾两虚证	
医学诊断	GB/T 15657-1995	中医病证分类与代码	ZZXP61	心脾两虚，虚风动越证	
医学诊断	GB/T 15657-1995	中医病证分类与代码	ZZXP70	心脾气虚证	
医学诊断	GB/T 15657-1995	中医病证分类与代码	ZZXP80	心脾血虚证	
医学诊断	GB/T 15657-1995	中医病证分类与代码	ZZXP90	心脾湿热证	
医学诊断	GB/T 15657-1995	中医病证分类与代码	ZZXPA0	心脾受损证	
医学诊断	GB/T 15657-1995	中医病证分类与代码	ZZXPB0	心脾郁热证	
医学诊断	GB/T 15657-1995	中医病证分类与代码	ZZXPC0	劳伤心脾证	
医学诊断	GB/T 15657-1995	中医病证分类与代码	ZZXPC1	劳伤心脾，气不摄精证	
医学诊断	GB/T 15657-1995	中医病证分类与代码	ZZXS	心、肾证类	
医学诊断	GB/T 15657-1995	中医病证分类与代码	ZZXS10	心肾不交证	
医学诊断	GB/T 15657-1995	中医病证分类与代码	ZZXS20	心肾亏虚证	
医学诊断	GB/T 15657-1995	中医病证分类与代码	ZZXS30	心肾气虚证	
医学诊断	GB/T 15657-1995	中医病证分类与代码	ZZXS40	心肾阳虚证	
医学诊断	GB/T 15657-1995	中医病证分类与代码	ZZXS50	心肾阴虚证	
医学诊断	GB/T 15657-1995	中医病证分类与代码	ZZXU	心、火证类	
医学诊断	GB/T 15657-1995	中医病证分类与代码	ZZXU10	心火炽盛证	
医学诊断	GB/T 15657-1995	中医病证分类与代码	ZZXU11	心火偏亢证	
医学诊断	GB/T 15657-1995	中医病证分类与代码	ZZXU20	心火上炎证	
医学诊断	GB/T 15657-1995	中医病证分类与代码	ZZXV	主、气证类	
医学诊断	GB/T 15657-1995	中医病证分类与代码	ZZXV10	心气不足证	
医学诊断	GB/T 15657-1995	中医病证分类与代码	ZZXV20	心气亏虚证	
医学诊断	GB/T 15657-1995	中医病证分类与代码	ZZXX	心、血证类	
医学诊断	GB/T 15657-1995	中医病证分类与代码	ZZXX10	心血不足证	
医学诊断	GB/T 15657-1995	中医病证分类与代码	ZZXX20	心血亏虚证	
医学诊断	GB/T 15657-1995	中医病证分类与代码	ZZXX30	心血瘀阻证	
医学诊断	GB/T 15657-1995	中医病证分类与代码	ZZXX40	心脉瘀阻证	
医学诊断	GB/T 15657-1995	中医病证分类与代码	ZZXX50	心虚血少证	
医学诊断	GB/T 15657-1995	中医病证分类与代码	ZZXY	心、阴证类	
医学诊断	GB/T 15657-1995	中医病证分类与代码	ZZXY10	心阴不足证	
医学诊断	GB/T 15657-1995	中医病证分类与代码	ZZXY20	心阴亏虚证	
医学诊断	GB/T 15657-1995	中医病证分类与代码	ZZXY21	心阴亏损证	
医学诊断	GB/T 15657-1995	中医病证分类与代码	ZZXY22	心营亏虚证	
医学诊断	GB/T 15657-1995	中医病证分类与代码	ZZXY30	心营耗损证	
医学诊断	GB/T 15657-1995	中医病证分类与代码	ZZXY31	心营耗损，肝肾不足证	
医学诊断	GB/T 15657-1995	中医病证分类与代码	ZZYJ	心、经络证类	
医学诊断	GB/T 15657-1995	中医病证分类与代码	ZZYJ20	心经火盛证	
医学诊断	GB/T 15657-1995	中医病证分类与代码	ZZYJ40	心经虚火证	
医学诊断	GB/T 15657-1995	中医病证分类与代码	None	None	
医学诊断	GB/T 15657-1995-6	中医证候代码	ABRD00	热毒证	
医学诊断	GB/T 15657-1995-6	中医证候代码	ABRD01	邪毒热证	
医学诊断	GB/T 15657-1995-6	中医证候代码	ABRD10	热毒炽盛证	
医学诊断	GB/T 15657-1995-6	中医证候代码	ABRD11	热毒炽盛，邪入营血证	
医学诊断	GB/T 15657-1995-6	中医证候代码	ABRD12	热毒炽盛，热传心包证	
医学诊断	GB/T 15657-1995-6	中医证候代码	ABRD20	热毒壅盛证	
医学诊断	GB/T 15657-1995-6	中医证候代码	ABRD30	热毒壅结证	
医学诊断	GB/T 15657-1995-6	中医证候代码	ABRD31	热毒壅滞证	
医学诊断	GB/T 15657-1995-6	中医证候代码	ABRD40	热毒蕴 结证	
医学诊断	GB/T 15657-1995-6	中医证候代码	ABRD50	热毒蕴 肤证	
医学诊断	GB/T 15657-1995-6	中医证候代码	ABRD60	热毒凝结证	
医学诊断	GB/T 15657-1995-6	中医证候代码	ABRD70	热毒内蕴证	
医学诊断	GB/T 15657-1995-6	中医证候代码	ABRD80	热毒内陷证	
医学诊断	GB/T 15657-1995-6	中医证候代码	ABRD81	热毒陷营证	
医学诊断	GB/T 15657-1995-6	中医证候代码	ABRD90	热毒内攻证	
医学诊断	GB/T 15657-1995-6	中医证候代码	ABRD91	热毒传心证	
医学诊断	GB/T 15657-1995-6	中医证候代码	ABRD92	热毒传肝证	
医学诊断	GB/T 15657-1995-6	中医证候代码	ABRD93	热毒传脾证	
医学诊断	GB/T 15657-1995-6	中医证候代码	ABRYB0	热灼营阴证	
医学诊断	GB/T 15657-1995-6	中医证候代码	ZB	病因证候类	
医学诊断	GB/T 15657-1995-6	中医证候代码	ZBC	虫证类	
医学诊断	GB/T 15657-1995-6	中医证候代码	ZBC010	虫积证	
医学诊断	GB/T 15657-1995-6	中医证候代码	ZBC011	虫结证	
医学诊断	GB/T 15657-1995-6	中医证候代码	ZBC020	虫积化疳证	
医学诊断	GB/T 15657-1995-6	中医证候代码	ZBC030	虫寄皮下证	
医学诊断	GB/T 15657-1995-6	中医证候代码	ZBC040	虫侵于脑证	
医学诊断	GB/T 15657-1995-6	中医证候代码	ZBC041	囊虫侵脑证	
医学诊断	GB/T 15657-1995-6	中医证候代码	ZBC050	虫扰魄门证	
医学诊断	GB/T 15657-1995-6	中医证候代码	ZBC060	蛔虫上扰证	
医学诊断	GB/T 15657-1995-6	中医证候代码	ZBC070	蛔厥证	
医学诊断	GB/T 15657-1995-6	中医证候代码	ZBCD	虫、毒证类	
医学诊断	GB/T 15657-1995-6	中医证候代码	ZBCD10	虫毒结聚证	
医学诊断	GB/T 15657-1995-6	中医证候代码	ZBCD20	虫毒结肤证	
医学诊断	GB/T 15657-1995-6	中医证候代码	ZBCD30	蛊毒侵肺证	
医学诊断	GB/T 15657-1995-6	中医证候代码	ZBCF	虫、肺证类	
医学诊断	GB/T 15657-1995-6	中医证候代码	ZBCF10	虫邪犯肺证	
医学诊断	GB/T 15657-1995-6	中医证候代码	ZBCF20	虫扰于肠证	
医学诊断	GB/T 15657-1995-6	中医证候代码	ZBCF30	虫积肠道证	
医学诊断	GB/T 15657-1995-6	中医证候代码	ZBCM	虫、湿证类	
医学诊断	GB/T 15657-1995-6	中医证候代码	ZBCM10	虫湿壅络证	
医学诊断	GB/T 15657-1995-6	中医证候代码	ZBCP	虫、脾证类	
医学诊断	GB/T 15657-1995-6	中医证候代码	ZBCP10	虫积伤脾证	
医学诊断	GB/T 15657-1995-6	中医证候代码	ZBCT	虫、痰证类	
医学诊断	GB/T 15657-1995-6	中医证候代码	ZBCT10	虫痰互结证	
医学诊断	GB/T 15657-1995-6	中医证候代码	ZBD	毒证类	
医学诊断	GB/T 15657-1995-6	中医证候代码	ZBD010	毒腐肌骨证	
医学诊断	GB/T 15657-1995-6	中医证候代码	ZBD020	毒滞肌肤证	
医学诊断	GB/T 15657-1995-6	中医证候代码	ZBD030	毒盛酿脓证	
医学诊断	GB/T 15657-1995-6	中医证候代码	ZBD040	毒盛肉腐证	
医学诊断	GB/T 15657-1995-6	中医证候代码	ZBD050	毒蕴溃烂证	
医学诊断	GB/T 15657-1995-6	中医证候代码	ZBD051	蕴毒腐溃证	
医学诊断	GB/T 15657-1995-6	中医证候代码	ZBD060	脓毒侵袭证	
医学诊断	GB/T 15657-1995-6	中医证候代码	ZBD070	脓毒蚀骨证	
医学诊断	GB/T 15657-1995-6	中医证候代码	ZBD080	脓毒犯脏证	
医学诊断	GB/T 15657-1995-6	中医证候代码	ZBD090	瘟毒下注证	
医学诊断	GB/T 15657-1995-6	中医证候代码	ZBD100	温毒袭表证	
医学诊断	GB/T 15657-1995-6	中医证候代码	ZBD110	温毒在表证	
医学诊断	GB/T 15657-1995-6	中医证候代码	ZBD120	蛇毒内攻证	
医学诊断	GB/T 15657-1995-6	中医证候代码	ZBD130	蛇毒上攻证	
医学诊断	GB/T 15657-1995-6	中医证候代码	ZBD140	痧毒上攻证	
医学诊断	GB/T 15657-1995-6	中医证候代码	ZBD150	疫毒攻窜证	
医学诊断	GB/T 15657-1995-6	中医证候代码	ZBD160	疫毒攻喉证	
医学诊断	GB/T 15657-1995-6	中医证候代码	ZBD170	疫毒内闭证	
医学诊断	GB/T 15657-1995-6	中医证候代码	ZBD180	疫毒侵袭证	
医学诊断	GB/T 15657-1995-6	中医证候代码	ZBD190	疫毒薰蒸证	
医学诊断	GB/T 15657-1995-6	中医证候代码	ZBD200	余毒攻窜证	
医学诊断	GB/T 15657-1995-6	中医证候代码	ZBD210	余毒凝滞证	
医学诊断	GB/T 15657-1995-6	中医证候代码	ZBD220	余毒未清证	
医学诊断	GB/T 15657-1995-6	中医证候代码	ZBD221	余毒未清，卫气虚弱证	
医学诊断	GB/T 15657-1995-6	中医证候代码	ZBD230	正虚毒炽证	
医学诊断	GB/T 15657-1995-6	中医证候代码	ZBD240	正虚毒结证	
医学诊断	GB/T 15657-1995-6	中医证候代码	ZBD250	正虚毒恋证	
医学诊断	GB/T 15657-1995-6	中医证候代码	ZBD251	体虚毒恋证	
医学诊断	GB/T 15657-1995-6	中医证候代码	ZBD260	先天遗毒证	
医学诊断	GB/T 15657-1995-6	中医证候代码	ZBD270	毒邪蕴结证	
医学诊断	GB/T 15657-1995-6	中医证候代码	ZBD280	毒邪流窜证	
医学诊断	GB/T 15657-1995-6	中医证候代码	ZBD290	毒邪内闭证	
医学诊断	GB/T 15657-1995-6	中医证候代码	ZBD300	毒邪内攻证	
医学诊断	GB/T 15657-1995-6	中医证候代码	ZBD310	邪毒在表证	
医学诊断	GB/T 15657-1995-6	中医证候代码	ZBD320	邪毒内拢证	
医学诊断	GB/T 15657-1995-6	中医证候代码	ZBD330	邪毒内陷证	
医学诊断	GB/T 15657-1995-6	中医证候代码	ZBD331	邪毒内陷心脏证	
医学诊断	GB/T 15657-1995-6	中医证候代码	ZBD340	邪毒久留证	
医学诊断	GB/T 15657-1995-6	中医证候代码	ZBD341	邪毒久留，气滞血瘀证	
医学诊断	GB/T 15657-1995-6	中医证候代码	ZBD350	邪毒滞留，气血瘀阻证	
医学诊断	GB/T 15657-1995-6	中医证候代码	ZBD360	邪毒入营证	
医学诊断	GB/T 15657-1995-6	中医证候代码	ZBD370	邪毒壅塞证	
医学诊断	GB/T 15657-1995-6	中医证候代码	ZBD380	邪毒引睾窜腹证	
医学诊断	GB/T 15657-1995-6	中医证候代码	ZBD390	邪毒传里，肺胃热盛证	
医学诊断	GB/T 15657-1995-6	中医证候代码	ZBDF	毒、肺证类	
医学诊断	GB/T 15657-1995-6	中医证候代码	ZBDF10	毒侵肺卫证	
医学诊断	GB/T 15657-1995-6	中医证候代码	ZBDV	毒、气分证类	
医学诊断	GB/T 15657-1995-6	中医证候代码	ZBDV10	毒入气营证	
医学诊断	GB/T 15657-1995-6	中医证候代码	ZBDV11	毒在气营证	
医学诊断	GB/T 15657-1995-6	中医证候代码	ZBDV20	毒燔气营证	
医学诊断	GB/T 15657-1995-6	中医证候代码	ZBDV30	毒壅气分证	
医学诊断	GB/T 15657-1995-6	中医证候代码	ZBDV40	毒燔气血证	
医学诊断	GB/T 15657-1995-6	中医证候代码	ZBDX	毒、心证类	
医学诊断	GB/T 15657-1995-6	中医证候代码	ZBDX	毒、血分证类	
医学诊断	GB/T 15657-1995-6	中医证候代码	ZBDX10	毒陷心肝证	
医学诊断	GB/T 15657-1995-6	中医证候代码	ZBDXA0	毒入血分证	
医学诊断	GB/T 15657-1995-6	中医证候代码	ZBDY	毒、营分证类	
医学诊断	GB/T 15657-1995-6	中医证候代码	ZBDY	毒、阴证类	
医学诊断	GB/T 15657-1995-6	中医证候代码	ZBDY10	余毒伤阴证	
医学诊断	GB/T 15657-1995-6	中医证候代码	ZBDYA0	毒入营血证	
医学诊断	GB/T 15657-1995-6	中医证候代码	ZBF	风证类	
医学诊断	GB/T 15657-1995-6	中医证候代码	ZBF000	风邪证	
医学诊断	GB/T 15657-1995-6	中医证候代码	ZBF001	风邪偏盛证	
医学诊断	GB/T 15657-1995-6	中医证候代码	ZBF010	风邪袭表证	
医学诊断	GB/T 15657-1995-6	中医证候代码	ZBF011	风邪外袭证	
医学诊断	GB/T 15657-1995-6	中医证候代码	ZBF012	风邪外袭，经气痞塞证	
医学诊断	GB/T 15657-1995-6	中医证候代码	ZBF013	风邪侵袭证	
医学诊断	GB/T 15657-1995-6	中医证候代码	ZBF020	风邪袭络证	
医学诊断	GB/T 15657-1995-6	中医证候代码	ZBF030	风邪阻络证	
医学诊断	GB/T 15657-1995-6	中医证候代码	ZBF031	卫外失固，风邪中络证	
医学诊断	GB/T 15657-1995-6	中医证候代码	ZBF040	风邪犯肺证	
医学诊断	GB/T 15657-1995-6	中医证候代码	ZBF050	风邪犯耳证	
医学诊断	GB/T 15657-1995-6	中医证候代码	ZBF060	风邪热毒证	
医学诊断	GB/T 15657-1995-6	中医证候代码	ZBFD	风、毒证类	
医学诊断	GB/T 15657-1995-6	中医证候代码	ZBFD00	风毒证	
医学诊断	GB/T 15657-1995-6	中医证候代码	ZBFD10	风毒入里证	
医学诊断	GB/T 15657-1995-6	中医证候代码	ZBFD20	风毒在表证	
医学诊断	GB/T 15657-1995-6	中医证候代码	ZBFH	风、寒证类	
医学诊断	GB/T 15657-1995-6	中医证候代码	ZBFH00	风寒证	
医学诊断	GB/T 15657-1995-6	中医证候代码	ZBFH10	风寒袭表证	
医学诊断	GB/T 15657-1995-6	中医证候代码	ZBFH11	风寒外袭证	
医学诊断	GB/T 15657-1995-6	中医证候代码	ZBFH20	风寒束表证	
医学诊断	GB/T 15657-1995-6	中医证候代码	ZBFH30	风寒化热证	
医学诊断	GB/T 15657-1995-6	中医证候代码	ZBFH40	风寒闭肺证	
医学诊断	GB/T 15657-1995-6	中医证候代码	ZBFH41	风寒束肺证	
医学诊断	GB/T 15657-1995-6	中医证候代码	ZBFH50	风寒犯肺证	
医学诊断	GB/T 15657-1995-6	中医证候代码	ZBFH51	风寒袭肺证	
医学诊断	GB/T 15657-1995-6	中医证候代码	ZBFH60	风寒犯目证	
医学诊断	GB/T 15657-1995-6	中医证候代码	ZBFH70	风寒阻络证	
医学诊断	GB/T 15657-1995-6	中医证候代码	ZBFH80	风寒痹阻证	
医学诊断	GB/T 15657-1995-6	中医证候代码	ZBFH90	风寒湿阻证	
医学诊断	GB/T 15657-1995-6	中医证候代码	ZBFH91	风寒湿痹证	
医学诊断	GB/T 15657-1995-6	中医证候代码	ZBFH92	风寒湿邪证	
医学诊断	GB/T 15657-1995-6	中医证候代码	ZBFM	风、湿证类	
医学诊断	GB/T 15657-1995-6	中医证候代码	ZBFM00	风湿证	
医学诊断	GB/T 15657-1995-6	中医证候代码	ZBFM10	风湿滞表证	
医学诊断	GB/T 15657-1995-6	中医证候代码	ZBFM20	风湿化火证	
医学诊断	GB/T 15657-1995-6	中医证候代码	ZBFM21	风湿化热证	
医学诊断	GB/T 15657-1995-6	中医证候代码	ZBFM30	风湿郁热证	
医学诊断	GB/T 15657-1995-6	中医证候代码	ZBFM40	风湿蕴结证	
医学诊断	GB/T 15657-1995-6	中医证候代码	ZBFM50	风湿蕴肤证	
医学诊断	GB/T 15657-1995-6	中医证候代码	ZBFM60	风湿毒聚证	
医学诊断	GB/T 15657-1995-6	中医证候代码	ZBFM70	风湿凌目证	
医学诊断	GB/T 15657-1995-6	中医证候代码	ZBFM80	风湿热证	
医学诊断	GB/T 15657-1995-6	中医证候代码	ZBFM81	风湿热盛证	
医学诊断	GB/T 15657-1995-6	中医证候代码	ZBFM90	风湿热郁证	
医学诊断	GB/T 15657-1995-6	中医证候代码	ZBFMA0	风湿热邪攻目证	
医学诊断	GB/T 15657-1995-6	中医证候代码	ZBFP	风、脾证类	
医学诊断	GB/T 15657-1995-6	中医证候代码	ZBFP10	风盛脾虚证	
医学诊断	GB/T 15657-1995-6	中医证候代码	ZBFR	风、热证类	
医学诊断	GB/T 15657-1995-6	中医证候代码	ZBFR00	风热证	
医学诊断	GB/T 15657-1995-6	中医证候代码	ZBFR01	风热偏盛证	
医学诊断	GB/T 15657-1995-6	中医证候代码	ZBFR02	风重于热证	
医学诊断	GB/T 15657-1995-6	中医证候代码	ZBFR03	热重于风证	
医学诊断	GB/T 15657-1995-6	中医证候代码	ZBFR04	风热俱盛证	
医学诊断	GB/T 15657-1995-6	中医证候代码	ZBFR10	风热壅盛证	
医学诊断	GB/T 15657-1995-6	中医证候代码	ZBFR20	风热袭表证	
医学诊断	GB/T 15657-1995-6	中医证候代码	ZBFR21	风热外袭证	
医学诊断	GB/T 15657-1995-6	中医证候代码	ZBFR22	风热外袭，肺经有热证	
医学诊断	GB/T 15657-1995-6	中医证候代码	ZBFR23	风热外侵证	
医学诊断	GB/T 15657-1995-6	中医证候代码	ZBFR24	风热外犯证	
医学诊断	GB/T 15657-1995-6	中医证候代码	ZBFR30	风热在表证	
医学诊断	GB/T 15657-1995-6	中医证候代码	ZBFR40	风热化火证	
医学诊断	GB/T 15657-1995-6	中医证候代码	ZBFR50	风热犯肺证	
医学诊断	GB/T 15657-1995-6	中医证候代码	ZBFR60	风热闭肺证	
医学诊断	GB/T 15657-1995-6	中医证候代码	ZBFR61	风热闭肺，心气虚衰证	
医学诊断	GB/T 15657-1995-6	中医证候代码	ZBFR70	风热客睑证	
医学诊断	GB/T 15657-1995-6	中医证候代码	ZBFR80	风热上犯证	
医学诊断	GB/T 15657-1995-6	中医证候代码	ZBFR81	风热上扰证	
医学诊断	GB/T 15657-1995-6	中医证候代码	ZBFR82	风热上攻证	
医学诊断	GB/T 15657-1995-6	中医证候代码	ZBFR90	风热伤络证	
医学诊断	GB/T 15657-1995-6	中医证候代码	ZBFRA0	风热阻络证	
医学诊断	GB/T 15657-1995-6	中医证候代码	ZBFRB0	风热壅目证	
医学诊断	GB/T 15657-1995-6	中医证候代码	ZBFRC0	风热蕴肤证	
医学诊断	GB/T 15657-1995-6	中医证候代码	ZBFRD0	风热蕴肌证	
医学诊断	GB/T 15657-1995-6	中医证候代码	ZBFRE0	风热血热证	
医学诊断	GB/T 15657-1995-6	中医证候代码	ZBFRF0	风热血燥证	
医学诊断	GB/T 15657-1995-6	中医证候代码	ZBFRG0	风热痰毒证	
医学诊断	GB/T 15657-1995-6	中医证候代码	ZBFRH0	风热痰凝证	
医学诊断	GB/T 15657-1995-6	中医证候代码	ZBFRJ0	风热疫毒证	
医学诊断	GB/T 15657-1995-6	中医证候代码	ZBFRK0	风热邪毒证	
医学诊断	GB/T 15657-1995-6	中医证候代码	ZBFRK1	风热邪毒外侵证	
医学诊断	GB/T 15657-1995-6	中医证候代码	ZBFRL0	风热湿毒壅盛证	
医学诊断	GB/T 15657-1995-6	中医证候代码	ZBFRM0	风热毒蕴证	
医学诊断	GB/T 15657-1995-6	中医证候代码	ZBFRN0	风热湿邪浸渍证	
医学诊断	GB/T 15657-1995-6	中医证候代码	ZBFRO0	风热停留证	
医学诊断	GB/T 15657-1995-6	中医证候代码	ZBFT	风、痰证类	
医学诊断	GB/T 15657-1995-6	中医证候代码	ZBFT00	风痰证	
医学诊断	GB/T 15657-1995-6	中医证候代码	ZBFT10	风痰闭阻证	
医学诊断	GB/T 15657-1995-6	中医证候代码	ZBFT11	风痰闭窍证	
医学诊断	GB/T 15657-1995-6	中医证候代码	ZBFT20	风痰入络证	
医学诊断	GB/T 15657-1995-6	中医证候代码	ZBFT30	风痰阻络证	
医学诊断	GB/T 15657-1995-6	中医证候代码	ZBFT40	风痰上扰证	
医学诊断	GB/T 15657-1995-6	中医证候代码	ZBFT41	风痰上攻证	
医学诊断	GB/T 15657-1995-6	中医证候代码	ZBFT50	风痰瘀血证	
医学诊断	GB/T 15657-1995-6	中医证候代码	ZBFT51	风痰瘀血，痹阻脉络证	
医学诊断	GB/T 15657-1995-6	中医证候代码	ZBFT60	风动痰阻证	
医学诊断	GB/T 15657-1995-6	中医证候代码	ZBFT61	风动痰阻，浊邪上犯证	
医学诊断	GB/T 15657-1995-6	中医证候代码	ZBFT70	风水泛滥证	
医学诊断	GB/T 15657-1995-6	中医证候代码	ZBFT80	风水相搏证	
医学诊断	GB/T 15657-1995-6	中医证候代码	ZBFU	风、火证类	
医学诊断	GB/T 15657-1995-6	中医证候代码	ZBFU00	风火证	
医学诊断	GB/T 15657-1995-6	中医证候代码	ZBFU10	风火蔽窍证	
医学诊断	GB/T 15657-1995-6	中医证候代码	ZBFU20	风火上炎证	
医学诊断	GB/T 15657-1995-6	中医证候代码	ZBFU21	风火上炎，痰热闭窍证	
医学诊断	GB/T 15657-1995-6	中医证候代码	ZBFU22	风火上扰证	
医学诊断	GB/T 15657-1995-6	中医证候代码	ZBFU23	风火上扰清窍证	
医学诊断	GB/T 15657-1995-6	中医证候代码	ZBFU24	风火上攻证	
医学诊断	GB/T 15657-1995-6	中医证候代码	ZBFU25	风火攻目证	
医学诊断	GB/T 15657-1995-6	中医证候代码	ZBFU30	风火内动证	
医学诊断	GB/T 15657-1995-6	中医证候代码	ZBFU40	风火毒证	
医学诊断	GB/T 15657-1995-6	中医证候代码	ZBFU50	风火热毒证	
医学诊断	GB/T 15657-1995-6	中医证候代码	ZBFU51	风火热毒炽盛证	
医学诊断	GB/T 15657-1995-6	中医证候代码	ZBFX	风、血证类	
医学诊断	GB/T 15657-1995-6	中医证候代码	ZBFX10	风盛血燥证	
医学诊断	GB/T 15657-1995-6	中医证候代码	ZBFX20	风瘀证	
医学诊断	GB/T 15657-1995-6	中医证候代码	ZBFZ	风、燥证类	
医学诊断	GB/T 15657-1995-6	中医证候代码	ZBFZ00	风燥证	
医学诊断	GB/T 15657-1995-6	中医证候代码	ZBFZ10	风燥伤肺证	
医学诊断	GB/T 15657-1995-6	中医证候代码	ZBH	寒证类	
医学诊断	GB/T 15657-1995-6	中医证候代码	ZBH000	寒证	
医学诊断	GB/T 15657-1995-6	中医证候代码	ZBH001	寒邪偏盛证	
医学诊断	GB/T 15657-1995-6	中医证候代码	ZBH010	虚寒证	
医学诊断	GB/T 15657-1995-6	中医证候代码	ZBH020	腹部中寒证	
医学诊断	GB/T 15657-1995-6	中医证候代码	ZBH030	寒实证	
医学诊断	GB/T 15657-1995-6	中医证候代码	ZBH031	寒实阻遏证	
医学诊断	GB/T 15657-1995-6	中医证候代码	ZBH040	寒凝证	
医学诊断	GB/T 15657-1995-6	中医证候代码	ZBH050	寒凝胞中证	
医学诊断	GB/T 15657-1995-6	中医证候代码	ZBH051	寒凝胞中，寒湿凝滞证	
医学诊断	GB/T 15657-1995-6	中医证候代码	ZBH052	寒凝胞中，阳虚内寒证	
医学诊断	GB/T 15657-1995-6	中医证候代码	ZBH060	寒痛证	
医学诊断	GB/T 15657-1995-6	中医证候代码	ZBH070	寒邪凝固证	
医学诊断	GB/T 15657-1995-6	中医证候代码	ZBH080	寒邪外感证	
医学诊断	GB/T 15657-1995-6	中医证候代码	ZBH090	寒邪内阻证	
医学诊断	GB/T 15657-1995-6	中医证候代码	ZBH100	寒邪内积证	
医学诊断	GB/T 15657-1995-6	中医证候代码	ZBH110	寒邪直中证	
医学诊断	GB/T 15657-1995-6	中医证候代码	ZBHA	寒、阳证类	
医学诊断	GB/T 15657-1995-6	中医证候代码	ZBHA10	寒凝阳衰证	
医学诊断	GB/T 15657-1995-6	中医证候代码	ZBHF	寒、肺证类	
医学诊断	GB/T 15657-1995-6	中医证候代码	ZBHF10	大寒犯肺证	
医学诊断	GB/T 15657-1995-6	中医证候代码	ZBHF20	外寒肺热证	
医学诊断	GB/T 15657-1995-6	中医证候代码	ZBHF30	寒滞肠胃证	
医学诊断	GB/T 15657-1995-6	中医证候代码	ZBHJ	寒、经络证类	
医学诊断	GB/T 15657-1995-6	中医证候代码	ZBHJ10	寒滞经络证	
医学诊断	GB/T 15657-1995-6	中医证候代码	ZBHM	寒、湿证类	
医学诊断	GB/T 15657-1995-6	中医证候代码	ZBHM00	寒湿证	
医学诊断	GB/T 15657-1995-6	中医证候代码	ZBHM10	寒湿凝滞证	
医学诊断	GB/T 15657-1995-6	中医证候代码	ZBHM11	寒湿凝聚证	
医学诊断	GB/T 15657-1995-6	中医证候代码	ZBHM20	寒湿阻滞证	
医学诊断	GB/T 15657-1995-6	中医证候代码	ZBHM30	寒湿瘀滞证	
医学诊断	GB/T 15657-1995-6	中医证候代码	ZBHM40	寒湿瘀郁证	
医学诊断	GB/T 15657-1995-6	中医证候代码	ZBHM50	寒湿蕴肤证	
医学诊断	GB/T 15657-1995-6	中医证候代码	ZBHM60	寒湿困脾证	
医学诊断	GB/T 15657-1995-6	中医证候代码	ZBHM70	寒湿入络证	
医学诊断	GB/T 15657-1995-6	中医证候代码	ZBHM80	寒湿阻络证	
医学诊断	GB/T 15657-1995-6	中医证候代码	ZBHP	寒、脾证类	
医学诊断	GB/T 15657-1995-6	中医证候代码	ZBHP10	寒邪犯胃证	
医学诊断	GB/T 15657-1995-6	中医证候代码	ZBHP11	寒邪客胃证	
医学诊断	GB/T 15657-1995-6	中医证候代码	ZBHR	寒、热证类	
医学诊断	GB/T 15657-1995-6	中医证候代码	ZBHR10	寒热错杂证	
医学诊断	GB/T 15657-1995-6	中医证候代码	ZBHR20	表寒里热证	
医学诊断	GB/T 15657-1995-6	中医证候代码	ZBHR21	外寒内热证	
医学诊断	GB/T 15657-1995-6	中医证候代码	ZBHT	寒、痰证类	
医学诊断	GB/T 15657-1995-6	中医证候代码	ZBHT10	寒饮停肺证	
医学诊断	GB/T 15657-1995-6	中医证候代码	ZBHT20	寒饮伏肺证	
医学诊断	GB/T 15657-1995-6	中医证候代码	ZBHT30	寒饮射肺证	
医学诊断	GB/T 15657-1995-6	中医证候代码	ZBHT40	寒水上泛证	
医学诊断	GB/T 15657-1995-6	中医证候代码	ZBHT50	表寒里饮证	
医学诊断	GB/T 15657-1995-6	中医证候代码	ZBHV	寒、气证类	
医学诊断	GB/T 15657-1995-6	中医证候代码	ZBHV10	寒凝气滞证	
医学诊断	GB/T 15657-1995-6	中医证候代码	ZBHV20	寒凝气聚证	
医学诊断	GB/T 15657-1995-6	中医证候代码	ZBHX	寒、心证类	
医学诊断	GB/T 15657-1995-6	中医证候代码	ZBHX	寒、血证类	
医学诊断	GB/T 15657-1995-6	中医证候代码	ZBHX10	寒凝血瘀证	
医学诊断	GB/T 15657-1995-6	中医证候代码	ZBHX20	寒凝血涩证	
医学诊断	GB/T 15657-1995-6	中医证候代码	ZBHX30	寒凝瘀结证	
医学诊断	GB/T 15657-1995-6	中医证候代码	ZBHXA0	寒凝心脉证	
医学诊断	GB/T 15657-1995-6	中医证候代码	ZBM	湿证类	
医学诊断	GB/T 15657-1995-6	中医证候代码	ZBM000	湿证	
医学诊断	GB/T 15657-1995-6	中医证候代码	ZBM001	湿邪偏盛证	
医学诊断	GB/T 15657-1995-6	中医证候代码	ZBM010	湿困中焦证	
医学诊断	GB/T 15657-1995-6	中医证候代码	ZBM020	湿郁三焦证	
医学诊断	GB/T 15657-1995-6	中医证候代码	ZBM030	湿邪外感证	
医学诊断	GB/T 15657-1995-6	中医证候代码	ZBM040	湿邪蕴积证	
医学诊断	GB/T 15657-1995-6	中医证候代码	ZBM050	湿邪浸渍证	
医学诊断	GB/T 15657-1995-6	中医证候代码	ZBMD	湿、毒证类	
医学诊断	GB/T 15657-1995-6	中医证候代码	ZBMD00	湿毒证	
医学诊断	GB/T 15657-1995-6	中医证候代码	ZBMD10	湿毒侵淫证	
医学诊断	GB/T 15657-1995-6	中医证候代码	ZBMD20	湿毒蕴结证	
医学诊断	GB/T 15657-1995-6	中医证候代码	ZBMD30	湿毒蕴肤证	
医学诊断	GB/T 15657-1995-6	中医证候代码	ZBMD40	湿毒中阻证	
医学诊断	GB/T 15657-1995-6	中医证候代码	ZBMF	湿、肺证类	
医学诊断	GB/T 15657-1995-6	中医证候代码	ZBMF10	湿阻肠道证	
医学诊断	GB/T 15657-1995-6	中医证候代码	ZBMF11	湿阻肠道，传导失司证	
医学诊断	GB/T 15657-1995-6	中医证候代码	ZBMJ	湿、经络证类	
医学诊断	GB/T 15657-1995-6	中医证候代码	ZBMJ10	湿阻盘络证	
医学诊断	GB/T 15657-1995-6	中医证候代码	ZBMJ20	湿邪阻络证	
医学诊断	GB/T 15657-1995-6	中医证候代码	ZBMP	湿、脾证类	
医学诊断	GB/T 15657-1995-6	中医证候代码	ZBMP10	湿脾胃证	
医学诊断	GB/T 15657-1995-6	中医证候代码	ZBMP11	湿邪困脾证	
医学诊断	GB/T 15657-1995-6	中医证候代码	ZBMP12	湿阻脾胃证	
医学诊断	GB/T 15657-1995-6	中医证候代码	ZBMR	湿、热证类	
医学诊断	GB/T 15657-1995-6	中医证候代码	ZBMR00	湿热证	
医学诊断	GB/T 15657-1995-6	中医证候代码	ZBMR01	湿热并重证	
医学诊断	GB/T 15657-1995-6	中医证候代码	ZBMR02	湿重于热证	
医学诊断	GB/T 15657-1995-6	中医证候代码	ZBMR03	热重于湿证	
医学诊断	GB/T 15657-1995-6	中医证候代码	ZBMR10	湿热内侵证	
医学诊断	GB/T 15657-1995-6	中医证候代码	ZBMR20	湿热内蕴证	
医学诊断	GB/T 15657-1995-6	中医证候代码	ZBMR30	湿热化燥证	
医学诊断	GB/T 15657-1995-6	中医证候代码	ZBMR40	湿热化火证	
医学诊断	GB/T 15657-1995-6	中医证候代码	ZBMR50	湿热冲心证	
医学诊断	GB/T 15657-1995-6	中医证候代码	ZBMR60	湿热蒙心证	
医学诊断	GB/T 15657-1995-6	中医证候代码	ZBMR70	湿热动血证	
医学诊断	GB/T 15657-1995-6	中医证候代码	ZBMR80	湿热酿痰证	
医学诊断	GB/T 15657-1995-6	中医证候代码	ZBMR81	湿热酿痰，蒙蔽心包证	
医学诊断	GB/T 15657-1995-6	中医证候代码	ZBMR90	湿热浸淫证	
医学诊断	GB/T 15657-1995-6	中医证候代码	ZBMR91	湿热浸淫，气血不运证	
医学诊断	GB/T 15657-1995-6	中医证候代码	ZBMRA0	湿热伤胃证	
医学诊断	GB/T 15657-1995-6	中医证候代码	ZBMRB0	湿热伤阴证	
医学诊断	GB/T 15657-1995-6	中医证候代码	ZBMRC0	湿热上蒸证	
医学诊断	GB/T 15657-1995-6	中医证候代码	ZBMRD0	湿热下注证	
医学诊断	GB/T 15657-1995-6	中医证候代码	ZBMRD1	湿热下注，膀胱滞涩证	
医学诊断	GB/T 15657-1995-6	中医证候代码	ZBMRD2	湿热下注，扰动精室证	
医学诊断	GB/T 15657-1995-6	中医证候代码	ZBMRD3	湿热下注，肝胆湿热证	
医学诊断	GB/T 15657-1995-6	中医证候代码	ZBMRE0	湿热蕴结证	
医学诊断	GB/T 15657-1995-6	中医证候代码	ZBMRE1	湿热蕴阻证	
医学诊断	GB/T 15657-1995-6	中医证候代码	ZBMRF0	湿热蕴 蒸证	
医学诊断	GB/T 15657-1995-6	中医证候代码	ZBMRF1	湿热薰蒸证	
医学诊断	GB/T 15657-1995-6	中医证候代码	ZBMRG0	湿热蕴伏证	
医学诊断	GB/T 15657-1995-6	中医证候代码	ZBMRG0	湿热蕴毒证	
医学诊断	GB/T 15657-1995-6	中医证候代码	ZBMRJ0	湿热壅盛证	
医学诊断	GB/T 15657-1995-6	中医证候代码	ZBMRK0	湿热壅结证	
医学诊断	GB/T 15657-1995-6	中医证候代码	ZBMRK1	湿热壅滞证	
医学诊断	GB/T 15657-1995-6	中医证候代码	ZBMRK2	湿热壅阻证	
医学诊断	GB/T 15657-1995-6	中医证候代码	ZBMRL0	湿热瘀阻证	
医学诊断	GB/T 15657-1995-6	中医证候代码	ZBMRL1	湿热瘀滞证	
医学诊断	GB/T 15657-1995-6	中医证候代码	ZBMRL2	湿热血瘀证	
医学诊断	GB/T 15657-1995-6	中医证候代码	ZBMRM0	湿热蕴肠证	
医学诊断	GB/T 15657-1995-6	中医证候代码	ZBMRN0	湿热中阻证	
医学诊断	GB/T 15657-1995-6	中医证候代码	ZBMRO0	湿热阻络证	
医学诊断	GB/T 15657-1995-6	中医证候代码	ZBMRP0	湿热火毒蕴结证	
医学诊断	GB/T 15657-1995-6	中医证候代码	ZBMRP1	湿热火毒蕴盛证	
医学诊断	GB/T 15657-1995-6	中医证候代码	ZBMRR0	湿热疫毒证	
医学诊断	GB/T 15657-1995-6	中医证候代码	ZBMRS0	中焦湿热证	
医学诊断	GB/T 15657-1995-6	中医证候代码	ZBMRT0	下焦湿热证	
医学诊断	GB/T 15657-1995-6	中医证候代码	ZBMRU0	湿郁化热证	
医学诊断	GB/T 15657-1995-6	中医证候代码	ZBMRV0	湿热毒盛证	
医学诊断	GB/T 15657-1995-6	中医证候代码	ZBMRV1	湿热毒聚证	
医学诊断	GB/T 15657-1995-6	中医证候代码	ZBMRV2	湿热毒蕴证	
医学诊断	GB/T 15657-1995-6	中医证候代码	ZBMRV3	湿热毒结证	
医学诊断	GB/T 15657-1995-6	中医证候代码	ZBMRW0	湿邪热毒证	
医学诊断	GB/T 15657-1995-6	中医证候代码	ZBMT	湿、痰证类	
医学诊断	GB/T 15657-1995-6	中医证候代码	ZBMT10	湿浊内蕴证	
医学诊断	GB/T 15657-1995-6	中医证候代码	ZBMT20	湿浊壅滞证	
医学诊断	GB/T 15657-1995-6	中医证候代码	ZBMT30	湿浊阻滞证	
医学诊断	GB/T 15657-1995-6	中医证候代码	ZBMT40	湿浊冲心证	
医学诊断	GB/T 15657-1995-6	中医证候代码	ZBMT50	湿浊蒙上证	
医学诊断	GB/T 15657-1995-6	中医证候代码	ZBMT51	湿浊蒙上，泌别失职证	
医学诊断	GB/T 15657-1995-6	中医证候代码	ZBMT60	湿浊上泛证	
医学诊断	GB/T 15657-1995-6	中医证候代码	ZBMT61	湿浊上泛，脾蒌湿困证	
医学诊断	GB/T 15657-1995-6	中医证候代码	ZBMT62	湿浊上泛，湿热蕴蒸证	
医学诊断	GB/T 15657-1995-6	中医证候代码	ZBMT70	湿浊下注证	
医学诊断	GB/T 15657-1995-6	中医证候代码	ZBMT80	湿浊中阻证	
医学诊断	GB/T 15657-1995-6	中医证候代码	ZBMT90	湿浊内闭证	
医学诊断	GB/T 15657-1995-6	中医证候代码	ZBMT91	湿浊壅闭证	
医学诊断	GB/T 15657-1995-6	中医证候代码	ZBMU	湿、火证类	
医学诊断	GB/T 15657-1995-6	中医证候代码	ZBMU10	湿火炽盛证	
医学诊断	GB/T 15657-1995-6	中医证候代码	ZBMU20	湿郁化火证	
医学诊断	GB/T 15657-1995-6	中医证候代码	ZBMW	湿、卫分证类	
医学诊断	GB/T 15657-1995-6	中医证候代码	ZBMW10	湿郁卫气证	
医学诊断	GB/T 15657-1995-6	中医证候代码	ZBR	热证类	
医学诊断	GB/T 15657-1995-6	中医证候代码	ZBR000	热证	
医学诊断	GB/T 15657-1995-6	中医证候代码	ZBR001	热邪偏盛证	
医学诊断	GB/T 15657-1995-6	中医证候代码	ZBR010	热盛酿脓证	
医学诊断	GB/T 15657-1995-6	中医证候代码	ZBR020	热盛肉腐证	
医学诊断	GB/T 15657-1995-6	中医证候代码	ZBR030	热炽腑实证	
医学诊断	GB/T 15657-1995-6	中医证候代码	ZBR040	腑实热结证	
医学诊断	GB/T 15657-1995-6	中医证候代码	ZBR050	热入胞宫证	
医学诊断	GB/T 15657-1995-6	中医证候代码	ZBR051	热入胞宫，气血两燔证	
医学诊断	GB/T 15657-1995-6	中医证候代码	ZBR060	疹出热退证	
医学诊断	GB/T 15657-1995-6	中医证候代码	ZBR070	热郁胸膈证	
医学诊断	GB/T 15657-1995-6	中医证候代码	ZBR080	热郁成痈证	
医学诊断	GB/T 15657-1995-6	中医证候代码	ZBR090	热灼胸膈证	
医学诊断	GB/T 15657-1995-6	中医证候代码	ZBR100	里热炽盛证	
医学诊断	GB/T 15657-1995-6	中医证候代码	ZBR110	余热未清证	
医学诊断	GB/T 15657-1995-6	中医证候代码	ZBR120	热未尽证	
医学诊断	GB/T 15657-1995-6	中医证候代码	ZBR121	余热未尽，肺胃阴伤证	
医学诊断	GB/T 15657-1995-6	中医证候代码	ZBR130	下焦热盛证	
医学诊断	GB/T 15657-1995-6	中医证候代码	ZBR140	热泪证	
医学诊断	GB/T 15657-1995-6	中医证候代码	ZBR150	实热证	
医学诊断	GB/T 15657-1995-6	中医证候代码	ZBR160	虚热证	
医学诊断	GB/T 15657-1995-6	中医证候代码	ZBR170	热闭证	
医学诊断	GB/T 15657-1995-6	中医证候代码	ZBR171	阳热内闭证	
医学诊断	GB/T 15657-1995-6	中医证候代码	ZBR180	热盛动风证	
医学诊断	GB/T 15657-1995-6	中医证候代码	ZBR181	热极生风证	
医学诊断	GB/T 15657-1995-6	中医证候代码	ZBR190	热邪内郁证	
医学诊断	GB/T 15657-1995-6	中医证候代码	ZBR200	热结血室证	
医学诊断	GB/T 15657-1995-6	中医证候代码	ZBR210	邪热炽盛证	
医学诊断	GB/T 15657-1995-6	中医证候代码	ZBR220	邪热留恋证	
医学诊断	GB/T 15657-1995-6	中医证候代码	ZBR230	邪热郁蒸证	
医学诊断	GB/T 15657-1995-6	中医证候代码	ZBR240	邪热壅结证	
医学诊断	GB/T 15657-1995-6	中医证候代码	ZBR250	邪热内扰证	
医学诊断	GB/T 15657-1995-6	中医证候代码	ZBR251	邪热内陷证	
医学诊断	GB/T 15657-1995-6	中医证候代码	ZBR252	邪热内闭证	
医学诊断	GB/T 15657-1995-6	中医证候代码	ZBR260	邪热传里证	
医学诊断	GB/T 15657-1995-6	中医证候代码	ZBR261	邪热传里，肺胃热盛证	
医学诊断	GB/T 15657-1995-6	中医证候代码	ZBR270	邪热未清证	
医学诊断	GB/T 15657-1995-6	中医证候代码	ZBR271	邪热未清，阴液亏损证	
医学诊断	GB/T 15657-1995-6	中医证候代码	ZBR280	邪郁化热证	
医学诊断	GB/T 15657-1995-6	中医证候代码	ZBRD	热、毒证类	
医学诊断	GB/T 15657-1995-6	中医证候代码	ZBRD94	热毒传肺证	
医学诊断	GB/T 15657-1995-6	中医证候代码	ZBRD95	热毒传肾证	
医学诊断	GB/T 15657-1995-6	中医证候代码	ZBRDA0	热毒入络证	
医学诊断	GB/T 15657-1995-6	中医证候代码	ZBRDB0	热毒入营证	
医学诊断	GB/T 15657-1995-6	中医证候代码	ZBRDC0	热毒上攻证	
医学诊断	GB/T 15657-1995-6	中医证候代码	ZBRDC1	热毒攻喉证	
医学诊断	GB/T 15657-1995-6	中医证候代码	ZBRDD0	热毒闭肺证	
医学诊断	GB/T 15657-1995-6	中医证候代码	ZBRDE0	热毒冲心证	
医学诊断	GB/T 15657-1995-6	中医证候代码	ZBRDF0	热毒酿脓证	
医学诊断	GB/T 15657-1995-6	中医证候代码	ZBRDG0	热毒伤阴证	
医学诊断	GB/T 15657-1995-6	中医证候代码	ZBRDG1	热毒伤津证	
医学诊断	GB/T 15657-1995-6	中医证候代码	ZBRDH0	热毒火盛证	
医学诊断	GB/T 15657-1995-6	中医证候代码	ZBRDM0	胎毒蕴热证	
医学诊断	GB/T 15657-1995-6	中医证候代码	ZBRF	热、肺证类	
医学诊断	GB/T 15657-1995-6	中医证候代码	ZBRF10	热伤肺津证	
医学诊断	GB/T 15657-1995-6	中医证候代码	ZBRF20	热伤肺络证	
医学诊断	GB/T 15657-1995-6	中医证候代码	ZBRF30	热客肺经证	
医学诊断	GB/T 15657-1995-6	中医证候代码	ZBRF40	热犯肺胃证	
医学诊断	GB/T 15657-1995-6	中医证候代码	ZBRF50	热壅肺窍证	
医学诊断	GB/T 15657-1995-6	中医证候代码	ZBRF60	热入肺卫证	
医学诊断	GB/T 15657-1995-6	中医证候代码	ZBRF61	热在肺卫证	
医学诊断	GB/T 15657-1995-6	中医证候代码	ZBRF70	热蕴大肠证	
医学诊断	GB/T 15657-1995-6	中医证候代码	ZBRF80	热结肠燥证	
医学诊断	GB/T 15657-1995-6	中医证候代码	ZBRF90	热邪犯肺证	
医学诊断	GB/T 15657-1995-6	中医证候代码	ZBRFA0	热邪壅肺证	
医学诊断	GB/T 15657-1995-6	中医证候代码	ZBRG	热、肝证类	
医学诊断	GB/T 15657-1995-6	中医证候代码	ZBRG10	热郁胆腑证	
医学诊断	GB/T 15657-1995-6	中医证候代码	ZBRJ	热、厥阴证类	
医学诊断	GB/T 15657-1995-6	中医证候代码	ZBRJ	热、津液证类	
医学诊断	GB/T 15657-1995-6	中医证候代码	ZBRJ	热、经络证类	
医学诊断	GB/T 15657-1995-6	中医证候代码	ZBRJ10	热盛伤络证	
医学诊断	GB/T 15657-1995-6	中医证候代码	ZBRJ20	热蕴络瘀证	
医学诊断	GB/T 15657-1995-6	中医证候代码	ZBRJ30	疫热伤络证	
医学诊断	GB/T 15657-1995-6	中医证候代码	ZBRJA0	热盛津枯证	
医学诊断	GB/T 15657-1995-6	中医证候代码	ZBRJB0	热盛伤津证	
医学诊断	GB/T 15657-1995-6	中医证候代码	ZBRJL0	热陷厥阴证	
医学诊断	GB/T 15657-1995-6	中医证候代码	ZBRS	热、少阳证类	
医学诊断	GB/T 15657-1995-6	中医证候代码	ZBRS	热、肾证类	
医学诊断	GB/T 15657-1995-6	中医证候代码	ZBRS10	热伤肾阴证	
医学诊断	GB/T 15657-1995-6	中医证候代码	ZBRS20	热迫膀胱证	
医学诊断	GB/T 15657-1995-6	中医证候代码	ZBRSA0	热伏少阳证	
医学诊断	GB/T 15657-1995-6	中医证候代码	ZBRSB0	热郁少阳证	
医学诊断	GB/T 15657-1995-6	中医证候代码	ZBRV	热、气分证类	
医学诊断	GB/T 15657-1995-6	中医证候代码	ZBRV10	热入气分证	
医学诊断	GB/T 15657-1995-6	中医证候代码	ZBRV11	热在气分证	
医学诊断	GB/T 15657-1995-6	中医证候代码	ZBRX	热、心证类	
医学诊断	GB/T 15657-1995-6	中医证候代码	ZBRX	热、血分证类	
医学诊断	GB/T 15657-1995-6	中医证候代码	ZBRX	热、血证类	
医学诊断	GB/T 15657-1995-6	中医证候代码	ZBRX10	热陷心包证	
医学诊断	GB/T 15657-1995-6	中医证候代码	ZBRX20	热闭心包证	
医学诊断	GB/T 15657-1995-6	中医证候代码	ZBRX21	热闭心包，血络瘀滞证	
医学诊断	GB/T 15657-1995-6	中医证候代码	ZBRX30	热入心包证	
医学诊断	GB/T 15657-1995-6	中医证候代码	ZBRX31	热入心包，阳明腑实证	
医学诊断	GB/T 15657-1995-6	中医证候代码	ZBRX40	热在心营证	
医学诊断	GB/T 15657-1995-6	中医证候代码	ZBRX41	热在心营，下移小肠证	
医学诊断	GB/T 15657-1995-6	中医证候代码	ZBRXA0	热盛血瘀证	
医学诊断	GB/T 15657-1995-6	中医证候代码	ZBRXB0	热盛动血证	
医学诊断	GB/T 15657-1995-6	中医证候代码	ZBRXC0	热迫血证	
医学诊断	GB/T 15657-1995-6	中医证候代码	ZBRXD0	热结血瘀证	
医学诊断	GB/T 15657-1995-6	中医证候代码	ZBRXE0	热与血结证	
医学诊断	GB/T 15657-1995-6	中医证候代码	ZBRXF0	热入血结证	
医学诊断	GB/T 15657-1995-6	中医证候代码	ZBRXL0	热入血分证	
医学诊断	GB/T 15657-1995-6	中医证候代码	ZBRXL1	热在血分证	
医学诊断	GB/T 15657-1995-6	中医证候代码	ZBRY	热、营分证类	
医学诊断	GB/T 15657-1995-6	中医证候代码	ZBRY	热、阳明证类	
医学诊断	GB/T 15657-1995-6	中医证候代码	ZBRY	热、阴证类	
医学诊断	GB/T 15657-1995-6	中医证候代码	ZBRY10	热盛伤阴证	
医学诊断	GB/T 15657-1995-6	中医证候代码	ZBRY11	高热伤阴证	
医学诊断	GB/T 15657-1995-6	中医证候代码	ZBRY20	热退阴伤证	
医学诊断	GB/T 15657-1995-6	中医证候代码	ZBRY30	热留阴分证	
医学诊断	GB/T 15657-1995-6	中医证候代码	ZBRY40	热灼真阴证	
医学诊断	GB/T 15657-1995-6	中医证候代码	ZBRYA0	热入营血证	
医学诊断	GB/T 15657-1995-6	中医证候代码	ZBRYA1	热在营务	
医学诊断	GB/T 15657-1995-6	中医证候代码	ZBRYL0	热入阳明证	
医学诊断	GB/T 15657-1995-6	中医证候代码	ZBRYN0	热滞阳明证	
医学诊断	GB/T 15657-1995-6	中医证候代码	ZBS	暑证类	
医学诊断	GB/T 15657-1995-6	中医证候代码	ZBS000	暑证	
医学诊断	GB/T 15657-1995-6	中医证候代码	ZBS010	暑厥证	
医学诊断	GB/T 15657-1995-6	中医证候代码	ZBSF	暑、肺证类	
医学诊断	GB/T 15657-1995-6	中医证候代码	ZBSF10	暑伤肺胃证	
医学诊断	GB/T 15657-1995-6	中医证候代码	ZBSF20	暑伤肺络证	
医学诊断	GB/T 15657-1995-6	中医证候代码	ZBSF30	暑犯肺卫证	
医学诊断	GB/T 15657-1995-6	中医证候代码	ZBSJ	暑、津液证类	
医学诊断	GB/T 15657-1995-6	中医证候代码	ZBSJ10	暑伤津气证	
医学诊断	GB/T 15657-1995-6	中医证候代码	ZBSR	暑、热证类	
医学诊断	GB/T 15657-1995-6	中医证候代码	ZBSR00	暑热证	
医学诊断	GB/T 15657-1995-6	中医证候代码	ZBSR10	暑热炽盛证	
医学诊断	GB/T 15657-1995-6	中医证候代码	ZBSR20	暑热动风证	
医学诊断	GB/T 15657-1995-6	中医证候代码	ZBSR21	暑动肝风证	
医学诊断	GB/T 15657-1995-6	中医证候代码	ZBSR22	暑风证	
医学诊断	GB/T 15657-1995-6	中医证候代码	ZBSR30	暑热内郁证	
医学诊断	GB/T 15657-1995-6	中医证候代码	ZBSR40	暑热蒙心证	
医学诊断	GB/T 15657-1995-6	中医证候代码	ZBSR50	暑热扰心证	
医学诊断	GB/T 15657-1995-6	中医证候代码	ZBSR60	暑热浸淫证	
医学诊断	GB/T 15657-1995-6	中医证候代码	ZBSX	暑、心证类	
医学诊断	GB/T 15657-1995-6	中医证候代码	ZBSX	暑、血证类	
医学诊断	GB/T 15657-1995-6	中医证候代码	ZBSX10	暑入心营证	
医学诊断	GB/T 15657-1995-6	中医证候代码	ZBSX20	暑入心肾证	
医学诊断	GB/T 15657-1995-6	中医证候代码	ZBSX21	暑伤心肾证	
医学诊断	GB/T 15657-1995-6	中医证候代码	ZBSXA0	暑伤血络证	
医学诊断	GB/T 15657-1995-6	中医证候代码	ZBSXB0	暑入血分证	
医学诊断	GB/T 15657-1995-6	中医证候代码	ZBSY	暑、营分证类	
医学诊断	GB/T 15657-1995-6	中医证候代码	ZBSY	暑、阳明证类	
医学诊断	GB/T 15657-1995-6	中医证候代码	ZBSY10	暑入营血证	
医学诊断	GB/T 15657-1995-6	中医证候代码	ZBSYA0	暑入阳明证	
医学诊断	GB/T 15657-1995-6	中医证候代码	ZBU	火证类	
医学诊断	GB/T 15657-1995-6	中医证候代码	ZBU010	火邪郁结证	
医学诊断	GB/T 15657-1995-6	中医证候代码	ZBUD	火、毒证类	
医学诊断	GB/T 15657-1995-6	中医证候代码	ZBUD00	火毒证	
医学诊断	GB/T 15657-1995-6	中医证候代码	ZBUD10	火毒炽盛证	
医学诊断	GB/T 15657-1995-6	中医证候代码	ZBUD11	火毒炽盛，热入营血证	
医学诊断	GB/T 15657-1995-6	中医证候代码	ZBUD12	火毒炽盛，气血凝结证	
医学诊断	GB/T 15657-1995-6	中医证候代码	ZBUD20	火毒壅盛证	
医学诊断	GB/T 15657-1995-6	中医证候代码	ZBUD30	火毒蕴结证	
医学诊断	GB/T 15657-1995-6	中医证候代码	ZBUD31	火毒困结证	
医学诊断	GB/T 15657-1995-6	中医证候代码	ZBUD32	火毒郁结证	
医学诊断	GB/T 15657-1995-6	中医证候代码	ZBUD33	火毒凝结证	
医学诊断	GB/T 15657-1995-6	中医证候代码	ZBUD40	火毒内陷证	
医学诊断	GB/T 15657-1995-6	中医证候代码	ZBUD50	火毒内攻证	
医学诊断	GB/T 15657-1995-6	中医证候代码	ZBUD51	火毒传心证	
医学诊断	GB/T 15657-1995-6	中医证候代码	ZBUD52	火毒传肝证	
医学诊断	GB/T 15657-1995-6	中医证候代码	ZBUD53	火毒传脾证	
医学诊断	GB/T 15657-1995-6	中医证候代码	ZBUD54	火毒传肺证	
医学诊断	GB/T 15657-1995-6	中医证候代码	ZBUD55	火毒传肾证	
医学诊断	GB/T 15657-1995-6	中医证候代码	ZBUD60	火毒入络证	
医学诊断	GB/T 15657-1995-6	中医证候代码	ZBUD61	火毒窜络证	
医学诊断	GB/T 15657-1995-6	中医证候代码	ZBUD70	火毒入营证	
医学诊断	GB/T 15657-1995-6	中医证候代码	ZBUD80	火毒迫血证	
医学诊断	GB/T 15657-1995-6	中医证候代码	ZBUD90	火毒上攻证	
医学诊断	GB/T 15657-1995-6	中医证候代码	ZBUD91	火毒攻目证	
医学诊断	GB/T 15657-1995-6	中医证候代码	ZBUDA0	火毒伤阴证	
医学诊断	GB/T 15657-1995-6	中医证候代码	ZBUDA1	火毒伤津证	
医学诊断	GB/T 15657-1995-6	中医证候代码	ZBUDB0	火毒外泄证	
医学诊断	GB/T 15657-1995-6	中医证候代码	ZBUDC0	胎火蕴毒证	
医学诊断	GB/T 15657-1995-6	中医证候代码	ZBUJ	火、经络证类	
医学诊断	GB/T 15657-1995-6	中医证候代码	ZBUJ10	虚火灼络证	
医学诊断	GB/T 15657-1995-6	中医证候代码	ZBUR	火、热证类	
医学诊断	GB/T 15657-1995-6	中医证候代码	ZBUR10	火热炽盛证	
医学诊断	GB/T 15657-1995-6	中医证候代码	ZBUR20	火热伤阴证	
医学诊断	GB/T 15657-1995-6	中医证候代码	ZBUR21	火热伤津证	
医学诊断	GB/T 15657-1995-6	中医证候代码	ZBUR30	火热扰心证	
医学诊断	GB/T 15657-1995-6	中医证候代码	ZBUR40	火热邪毒壅盛证	
医学诊断	GB/T 15657-1995-6	中医证候代码	ZBUY	火、阴证类	
医学诊断	GB/T 15657-1995-6	中医证候代码	ZBUY10	火盛伤阴证	
医学诊断	GB/T 15657-1995-6	中医证候代码	ZBUY20	郁火伤阴证	
医学诊断	GB/T 15657-1995-6	中医证候代码	ZBV	情志证类	
医学诊断	GB/T 15657-1995-6	中医证候代码	ZBV010	情志郁结证	
医学诊断	GB/T 15657-1995-6	中医证候代码	ZBV011	情志抑郁证	
医学诊断	GB/T 15657-1995-6	中医证候代码	ZBV020	情志内伤证	
医学诊断	GB/T 15657-1995-6	中医证候代码	ZBV030	情志失调证	
医学诊断	GB/T 15657-1995-6	中医证候代码	ZBV040	忧郁伤神证	
医学诊断	GB/T 15657-1995-6	中医证候代码	ZBV050	惊恐证	
医学诊断	GB/T 15657-1995-6	中医证候代码	ZBV060	惊恐伤神证	
医学诊断	GB/T 15657-1995-6	中医证候代码	ZBV070	惊恐惊厥证	
医学诊断	GB/T 15657-1995-6	中医证候代码	ZBV080	惊恐痉厥证	
医学诊断	GB/T 15657-1995-6	中医证候代码	ZBV090	暴受惊恐证	
医学诊断	GB/T 15657-1995-6	中医证候代码	ZBV100	惊恐惊风证	
医学诊断	GB/T 15657-1995-6	中医证候代码	ZBVP	情志、脾证类	
医学诊断	GB/T 15657-1995-6	中医证候代码	ZBVP10	思虚伤脾证	
医学诊断	GB/T 15657-1995-6	中医证候代码	ZBVS	情志、肾证类	
医学诊断	GB/T 15657-1995-6	中医证候代码	ZBVS10	惊恐伤肾证	
医学诊断	GB/T 15657-1995-6	中医证候代码	ZBVS11	恐惧伤肾证	
医学诊断	GB/T 15657-1995-6	中医证候代码	ZBVV	情志、气证类	
医学诊断	GB/T 15657-1995-6	中医证候代码	ZBVV10	惊恐气逆证	
医学诊断	GB/T 15657-1995-6	中医证候代码	ZBW	外伤证类	
医学诊断	GB/T 15657-1995-6	中医证候代码	ZBW000	外伤证	
医学诊断	GB/T 15657-1995-6	中医证候代码	ZBW010	跌仆伤胎证	
医学诊断	GB/T 15657-1995-6	中医证候代码	ZBW020	皮肉破损证	
医学诊断	GB/T 15657-1995-6	中医证候代码	ZBW030	眼珠破损证	
医学诊断	GB/T 15657-1995-6	中医证候代码	ZBW031	眼珠破损，风邪乘袭证	
医学诊断	GB/T 15657-1995-6	中医证候代码	ZBWJ	外伤、经络证类	
医学诊断	GB/T 15657-1995-6	中医证候代码	ZBWJ10	外伤损络证	
医学诊断	GB/T 15657-1995-6	中医证候代码	ZBWJ20	外伤目络证	
医学诊断	GB/T 15657-1995-6	中医证候代码	ZBWX	外伤、血证类	
医学诊断	GB/T 15657-1995-6	中医证候代码	ZBWX10	外伤血瘀证	
医学诊断	GB/T 15657-1995-6	中医证候代码	ZBWX11	外伤瘀滞证	
医学诊断	GB/T 15657-1995-6	中医证候代码	ZBWX20	鼻伤衄血证	
医学诊断	GB/T 15657-1995-6	中医证候代码	ZBX	邪证类	
医学诊断	GB/T 15657-1995-6	中医证候代码	ZBX010	邪犯脏腑证	
医学诊断	GB/T 15657-1995-6	中医证候代码	ZBX020	邪陷正脱证	
医学诊断	GB/T 15657-1995-6	中医证候代码	ZBX030	邪阻膜原证	
医学诊断	GB/T 15657-1995-6	中医证候代码	ZBX031	邪伏膜原证	
医学诊断	GB/T 15657-1995-6	中医证候代码	ZBX040	外邪侵入证	
医学诊断	GB/T 15657-1995-6	中医证候代码	ZBX041	外邪侵入，热毒炽盛证	
医学诊断	GB/T 15657-1995-6	中医证候代码	ZBX050	温邪内陷证	
医学诊断	GB/T 15657-1995-6	中医证候代码	ZBX060	余邪未尽证	
医学诊断	GB/T 15657-1995-6	中医证候代码	ZBX061	余邪未尽，痰瘀滞络证	
医学诊断	GB/T 15657-1995-6	中医证候代码	ZBX070	余邪留恋证	
医学诊断	GB/T 15657-1995-6	中医证候代码	ZBX071	余邪留恋，气阴两伤证	
医学诊断	GB/T 15657-1995-6	中医证候代码	ZBX080	余邪扰目证	
医学诊断	GB/T 15657-1995-6	中医证候代码	ZBX090	正盛邪实证	
医学诊断	GB/T 15657-1995-6	中医证候代码	ZBX100	正虚邪恋证	
医学诊断	GB/T 15657-1995-6	中医证候代码	ZBX101	正虚邪恋，肺脾气虚证	
医学诊断	GB/T 15657-1995-6	中医证候代码	ZBX102	正虚邪恋，风内扰动证	
医学诊断	GB/T 15657-1995-6	中医证候代码	ZBX103	正虚邪恋，痰蒙清窍证	
医学诊断	GB/T 15657-1995-6	中医证候代码	ZBX104	正虚邪恋，阴虚肺热证	
医学诊断	GB/T 15657-1995-6	中医证候代码	ZBX105	正虚邪恋，余热未清证	
医学诊断	GB/T 15657-1995-6	中医证候代码	ZBX110	正虚邪留证	
医学诊断	GB/T 15657-1995-6	中医证候代码	ZBX120	正虚邪实证	
医学诊断	GB/T 15657-1995-6	中医证候代码	ZBX130	正虚邪衰证	
医学诊断	GB/T 15657-1995-6	中医证候代码	ZBX140	邪气阻闭证	
医学诊断	GB/T 15657-1995-6	中医证候代码	ZBXF	邪、肺证类	
医学诊断	GB/T 15657-1995-6	中医证候代码	ZBXF10	邪入肺卫证	
医学诊断	GB/T 15657-1995-6	中医证候代码	ZBXF11	邪在肺卫证	
医学诊断	GB/T 15657-1995-6	中医证候代码	ZBXF20	邪郁肺卫证	
医学诊断	GB/T 15657-1995-6	中医证候代码	ZBXF30	邪侵肺卫证	
医学诊断	GB/T 15657-1995-6	中医证候代码	ZBXF31	邪袭肺卫证	
医学诊断	GB/T 15657-1995-6	中医证候代码	ZBXF40	邪犯肺胃证	
医学诊断	GB/T 15657-1995-6	中医证候代码	ZBXF50	邪郁肺胃证	
医学诊断	GB/T 15657-1995-6	中医证候代码	ZBXF60	邪犯胸肺证	
医学诊断	GB/T 15657-1995-6	中医证候代码	ZBXF70	邪结肠腑证	
医学诊断	GB/T 15657-1995-6	中医证候代码	ZBXG	邪、肝证类	
医学诊断	GB/T 15657-1995-6	中医证候代码	ZBXG10	邪犯肝脾证	
医学诊断	GB/T 15657-1995-6	中医证候代码	ZBXG20	邪窜肝经证	
医学诊断	GB/T 15657-1995-6	中医证候代码	ZBXJ	邪、厥阴证类	
医学诊断	GB/T 15657-1995-6	中医证候代码	ZBXJ	邪、经络证类	
医学诊断	GB/T 15657-1995-6	中医证候代码	ZBXJ10	邪注经络证	
医学诊断	GB/T 15657-1995-6	中医证候代码	ZBXJ20	邪壅经络证	
医学诊断	GB/T 15657-1995-6	中医证候代码	ZBXJ30	邪窜经络证	
医学诊断	GB/T 15657-1995-6	中医证候代码	ZBXJA0	邪犯厥阴证	
医学诊断	GB/T 15657-1995-6	中医证候代码	ZBXM	暑、湿证类	
医学诊断	GB/T 15657-1995-6	中医证候代码	ZBXM00	暑湿证	
医学诊断	GB/T 15657-1995-6	中医证候代码	ZBXM10	暑湿袭表证	
医学诊断	GB/T 15657-1995-6	中医证候代码	ZBXM20	暑湿在表证	
医学诊断	GB/T 15657-1995-6	中医证候代码	ZBXM30	暑湿内蕴证	
医学诊断	GB/T 15657-1995-6	中医证候代码	ZBXM31	暑湿内蕴，寒邪束表证	
医学诊断	GB/T 15657-1995-6	中医证候代码	ZBXM40	暑湿热蕴证	
医学诊断	GB/T 15657-1995-6	中医证候代码	ZBXM50	暑湿蕴结证	
医学诊断	GB/T 15657-1995-6	中医证候代码	ZBXM60	暑湿交阻证	
医学诊断	GB/T 15657-1995-6	中医证候代码	ZBXM70	暑湿困脾证	
医学诊断	GB/T 15657-1995-6	中医证候代码	ZBXM71	暑湿伤脾证	
医学诊断	GB/T 15657-1995-6	中医证候代码	ZBXM80	暑湿困阻中焦证	
医学诊断	GB/T 15657-1995-6	中医证候代码	ZBXM90	暑湿困伤心脾证	
医学诊断	GB/T 15657-1995-6	中医证候代码	ZBXMA0	暑湿弥漫三焦证	
医学诊断	GB/T 15657-1995-6	中医证候代码	ZBXP	邪、脾证类	
医学诊断	GB/T 15657-1995-6	中医证候代码	ZBXP10	外邪犯胃证	
医学诊断	GB/T 15657-1995-6	中医证候代码	ZBXS	邪、少阳证类	
医学诊断	GB/T 15657-1995-6	中医证候代码	ZBXS10	邪入少阳证	
医学诊断	GB/T 15657-1995-6	中医证候代码	ZBXS10	邪郁少阳证	
医学诊断	GB/T 15657-1995-6	中医证候代码	ZBXS21	邪在少阳证	
医学诊断	GB/T 15657-1995-6	中医证候代码	ZBXU	邪、火证类	
医学诊断	GB/T 15657-1995-6	中医证候代码	ZBXU10	邪郁化火证	
医学诊断	GB/T 15657-1995-6	中医证候代码	ZBXV	邪、气分证类	
医学诊断	GB/T 15657-1995-6	中医证候代码	ZBXV10	邪入气营证	
医学诊断	GB/T 15657-1995-6	中医证候代码	ZBXV11	邪在气营证	
医学诊断	GB/T 15657-1995-6	中医证候代码	ZBXV12	邪入气营，热毒内陷证	
医学诊断	GB/T 15657-1995-6	中医证候代码	ZBXV13	邪入气营，热毒内蕴证	
医学诊断	GB/T 15657-1995-6	中医证候代码	ZBXV20	邪入气分证	
医学诊断	GB/T 15657-1995-6	中医证候代码	ZBXV21	邪在气分证	
医学诊断	GB/T 15657-1995-6	中医证候代码	ZBXW	邪、卫分证类	
医学诊断	GB/T 15657-1995-6	中医证候代码	ZBXW10	邪入卫气证	
医学诊断	GB/T 15657-1995-6	中医证候代码	ZBXW11	邪在卫气证	
医学诊断	GB/T 15657-1995-6	中医证候代码	ZBXW20	邪遏卫气证	
医学诊断	GB/T 15657-1995-6	中医证候代码	ZBXW30	邪郁卫气证	
医学诊断	GB/T 15657-1995-6	中医证候代码	ZBXX	邪、心证类	
医学诊断	GB/T 15657-1995-6	中医证候代码	ZBXX	邪、血分证类	
医学诊断	GB/T 15657-1995-6	中医证候代码	ZBXX10	邪犯心肝证	
医学诊断	GB/T 15657-1995-6	中医证候代码	ZBXX20	邪陷心肝证	
医学诊断	GB/T 15657-1995-6	中医证候代码	ZBXX21	邪陷心肝，血热动风证	
医学诊断	GB/T 15657-1995-6	中医证候代码	ZBXX30	邪陷心包证	
医学诊断	GB/T 15657-1995-6	中医证候代码	ZBXXA0	邪入血分证	
医学诊断	GB/T 15657-1995-6	中医证候代码	ZBXXA1	邪在血分证	
医学诊断	GB/T 15657-1995-6	中医证候代码	ZBXY	邪、营分证类	
医学诊断	GB/T 15657-1995-6	中医证候代码	ZBXY	邪、阴证类	
医学诊断	GB/T 15657-1995-6	中医证候代码	ZBXY10	邪恋阴伤证	
医学诊断	GB/T 15657-1995-6	中医证候代码	ZBXY20	邪留阴分证	
医学诊断	GB/T 15657-1995-6	中医证候代码	ZBXYA0	邪入营血证	
医学诊断	GB/T 15657-1995-6	中医证候代码	ZBXYA1	邪在营血证	
医学诊断	GB/T 15657-1995-6	中医证候代码	ZBXYB0	邪入营分证	
医学诊断	GB/T 15657-1995-6	中医证候代码	ZBXYB1	邪在营分证	
医学诊断	GB/T 15657-1995-6	中医证候代码	ZBY	饮食证类	
医学诊断	GB/T 15657-1995-6	中医证候代码	ZBY010	食滞证	
医学诊断	GB/T 15657-1995-6	中医证候代码	ZBY011	饮食积滞证	
医学诊断	GB/T 15657-1995-6	中医证候代码	ZBY020	饮食停滞证	
医学诊断	GB/T 15657-1995-6	中医证候代码	ZBY030	伤食证	
医学诊断	GB/T 15657-1995-6	中医证候代码	ZBY040	伤食痛证	
医学诊断	GB/T 15657-1995-6	中医证候代码	ZBY050	伤乳证	
医学诊断	GB/T 15657-1995-6	中医证候代码	ZBY060	乳食积滞证	
医学诊断	GB/T 15657-1995-6	中医证候代码	ZBY061	乳食内积证	
医学诊断	GB/T 15657-1995-6	中医证候代码	ZBY062	乳食壅积证	
医学诊断	GB/T 15657-1995-6	中医证候代码	ZBYP	饮食、脾证类	
医学诊断	GB/T 15657-1995-6	中医证候代码	ZBYP10	宿食伤脾证	
医学诊断	GB/T 15657-1995-6	中医证候代码	ZBYP20	食滞胃肠证	
医学诊断	GB/T 15657-1995-6	中医证候代码	ZBYP30	乳食伤胃证	
医学诊断	GB/T 15657-1995-6	中医证候代码	ZBYP40	积滞伤胃证	
医学诊断	GB/T 15657-1995-6	中医证候代码	ZBYT	饮食、痰证类	
医学诊断	GB/T 15657-1995-6	中医证候代码	ZBYT10	食滞痰阻证	
医学诊断	GB/T 15657-1995-6	中医证候代码	ZBYT20	食浊阻滞证	
医学诊断	GB/T 15657-1995-6	中医证候代码	ZBZ	燥证类	
医学诊断	GB/T 15657-1995-6	中医证候代码	ZBZ010	燥结证	
医学诊断	GB/T 15657-1995-6	中医证候代码	ZBZ020	燥干清窍证	
医学诊断	GB/T 15657-1995-6	中医证候代码	ZBZF	燥、肺证类	
医学诊断	GB/T 15657-1995-6	中医证候代码	ZBZF10	凉燥袭肺证	
医学诊断	GB/T 15657-1995-6	中医证候代码	ZBZF20	燥邪伤肺证	
医学诊断	GB/T 15657-1995-6	中医证候代码	ZBZR	燥、热证类	
医学诊断	GB/T 15657-1995-6	中医证候代码	ZBZR10	燥热外犯证	
医学诊断	GB/T 15657-1995-6	中医证候代码	ZBZR20	燥热伤津证	
医学诊断	GB/T 15657-1995-6	中医证候代码	ZBZR30	燥热伤肺证	
医学诊断	GB/T 15657-1995-6	中医证候代码	ZBZV	燥、气证类	
医学诊断	GB/T 15657-1995-6	中医证候代码	ZBZV10	燥气化火证	
医学诊断	GB/T 15657-1995-6	中医证候代码	ZBZY	燥、阴证类	
医学诊断	GB/T 15657-1995-6	中医证候代码	ZBZY10	燥伤真阴证	
医学诊断	GB/T 15657-1995-6	中医证候代码	ZBZY20	燥邪伤阴证	
医学诊断	GB/T 15657-1995-6	中医证候代码	ZL	六经证候类	
医学诊断	GB/T 15657-1995-6	中医证候代码	ZLA	太阴证类	
医学诊断	GB/T 15657-1995-6	中医证候代码	ZLA000	太阴证	
医学诊断	GB/T 15657-1995-6	中医证候代码	ZLA010	太阴兼表证	
医学诊断	GB/T 15657-1995-6	中医证候代码	ZLA020	太阴腹痛证	
医学诊断	GB/T 15657-1995-6	中医证候代码	ZLH	少阴证类	
医学诊断	GB/T 15657-1995-6	中医证候代码	ZLH000	少阴证	
医学诊断	GB/T 15657-1995-6	中医证候代码	ZLH010	少阴咽痛证	
医学诊断	GB/T 15657-1995-6	中医证候代码	ZLHH	少阴、寒证类	
医学诊断	GB/T 15657-1995-6	中医证候代码	ZLHH10	少阴寒化证	
医学诊断	GB/T 15657-1995-6	中医证候代码	ZLHJ	少阴、津液证类	
医学诊断	GB/T 15657-1995-6	中医证候代码	ZLHJ10	少阴伤津动血证	
医学诊断	GB/T 15657-1995-6	中医证候代码	ZLHR	少阴、热证类	
医学诊断	GB/T 15657-1995-6	中医证候代码	ZLHR10	少阴热证	
医学诊断	GB/T 15657-1995-6	中医证候代码	ZLHR20	少阴热移膀胱证	
医学诊断	GB/T 15657-1995-6	中医证候代码	ZLHR30	少阴热化证	
医学诊断	GB/T 15657-1995-6	中医证候代码	ZLJ	厥阴证类	
医学诊断	GB/T 15657-1995-6	中医证候代码	ZLJ000	厥阴证	
医学诊断	GB/T 15657-1995-6	中医证候代码	ZLJ010	厥阴厥证	
医学诊断	GB/T 15657-1995-6	中医证候代码	ZLJ020	内陷厥阴证	
医学诊断	GB/T 15657-1995-6	中医证候代码	ZLJ030	厥阴呕哕证	
医学诊断	GB/T 15657-1995-6	中医证候代码	ZLJ040	厥阴下利证	
医学诊断	GB/T 15657-1995-6	中医证候代码	ZLJR	厥阴、热证类	
医学诊断	GB/T 15657-1995-6	中医证候代码	ZLJR10	厥阴上热下寒证	
医学诊断	GB/T 15657-1995-6	中医证候代码	ZLS	少阳证类	
医学诊断	GB/T 15657-1995-6	中医证候代码	ZLS000	少阳证	
医学诊断	GB/T 15657-1995-6	中医证候代码	ZLT	太阳证类	
医学诊断	GB/T 15657-1995-6	中医证候代码	ZLT000	太阳证	
医学诊断	GB/T 15657-1995-6	中医证候代码	ZLT010	太阳中风表虚证	
医学诊断	GB/T 15657-1995-6	中医证候代码	ZLT020	太阳伤寒表实证	
医学诊断	GB/T 15657-1995-6	中医证候代码	ZLT030	太阳表郁轻证	
医学诊断	GB/T 15657-1995-6	中医证候代码	ZLT040	太阳结胸证	
医学诊断	GB/T 15657-1995-6	中医证候代码	ZLT050	太阳脏结证	
医学诊断	GB/T 15657-1995-6	中医证候代码	ZLT060	太阳痞证	
医学诊断	GB/T 15657-1995-6	中医证候代码	ZLT070	太阳下焦滑脱痞证	
医学诊断	GB/T 15657-1995-6	中医证候代码	ZLTH	太阳、寒证类	
医学诊断	GB/T 15657-1995-6	中医证候代码	ZLTH00	太阳寒证	
医学诊断	GB/T 15657-1995-6	中医证候代码	ZLTH10	太阳虚寒证	
医学诊断	GB/T 15657-1995-6	中医证候代码	ZLTH11	太阳虚寒――心阳虚证	
医学诊断	GB/T 15657-1995-6	中医证候代码	ZLTH12	太阳虚寒――阳虚兼水气证	
医学诊断	GB/T 15657-1995-6	中医证候代码	ZLTH13	太阳虚寒――脾虚证	
医学诊断	GB/T 15657-1995-6	中医证候代码	ZLTH14	太阳虚寒――肾阳虚证	
医学诊断	GB/T 15657-1995-6	中医证候代码	ZLTH20	太阳寒实结胸证	
医学诊断	GB/T 15657-1995-6	中医证候代码	ZLTH30	太阳寒热错杂痞证	
医学诊断	GB/T 15657-1995-6	中医证候代码	ZLTR	太阳、热证类	
医学诊断	GB/T 15657-1995-6	中医证候代码	ZLTR10	太阳热证	
医学诊断	GB/T 15657-1995-6	中医证候代码	ZLTR20	太阳热实结胸证	
医学诊断	GB/T 15657-1995-6	中医证候代码	ZLTR30	太阳热痞证	
医学诊断	GB/T 15657-1995-6	中医证候代码	ZLTR40	太阳上热下寒证	
医学诊断	GB/T 15657-1995-6	中医证候代码	ZLTT	太阳、痰证类	
医学诊断	GB/T 15657-1995-6	中医证候代码	ZLTT10	太阳痰气痞证	
医学诊断	GB/T 15657-1995-6	中医证候代码	ZLTT20	太阳蓄水证	
医学诊断	GB/T 15657-1995-6	中医证候代码	ZLTT30	太阳水痞证	
医学诊断	GB/T 15657-1995-6	中医证候代码	ZLTU	太阳、火证类	
医学诊断	GB/T 15657-1995-6	中医证候代码	ZLTU10	太阳火逆证	
医学诊断	GB/T 15657-1995-6	中医证候代码	ZLTX	太阳、血证类	
医学诊断	GB/T 15657-1995-6	中医证候代码	ZLTX10	太阳蓄血证	
医学诊断	GB/T 15657-1995-6	中医证候代码	ZLTY	太阳、阴证类	
医学诊断	GB/T 15657-1995-6	中医证候代码	ZLTY10	太阳阴阳两虚证	
医学诊断	GB/T 15657-1995-6	中医证候代码	ZLY	阳明证类	
医学诊断	GB/T 15657-1995-6	中医证候代码	ZLY000	阳明证	
医学诊断	GB/T 15657-1995-6	中医证候代码	ZLY010	阳明实证	
医学诊断	GB/T 15657-1995-6	中医证候代码	ZLY020	阳明发黄证	
医学诊断	GB/T 15657-1995-6	中医证候代码	ZLY030	阳明腑实证	
医学诊断	GB/T 15657-1995-6	中医证候代码	ZLY031	阳明腑实，小肠热盛证	
医学诊断	GB/T 15657-1995-6	中医证候代码	ZLYR	阳明、热证类	
医学诊断	GB/T 15657-1995-6	中医证候代码	ZLYR10	阳明热证	
医学诊断	GB/T 15657-1995-6	中医证候代码	ZLYR20	阳明热盛证	
医学诊断	GB/T 15657-1995-6	中医证候代码	ZLYR30	阳明热结证	
医学诊断	GB/T 15657-1995-6	中医证候代码	ZLYR31	阳明热药，气液两虚证	
医学诊断	GB/T 15657-1995-6	中医证候代码	ZLYR32	阳明热结，阴液亏损证	
医学诊断	GB/T 15657-1995-6	中医证候代码	ZLYX	阳明、血证类	
医学诊断	GB/T 15657-1995-6	中医证候代码	ZLYX10	阳明血热证	
医学诊断	GB/T 15657-1995-6	中医证候代码	ZLYZ	阳明、燥证类	
医学诊断	GB/T 15657-1995-6	中医证候代码	ZLYZ10	阳明燥结证	
医学诊断	GB/T 15657-1995-6	中医证候代码	ZV	其他证候类	
医学诊断	GB/T 15657-1995-6	中医证候代码	ZVM	期类	
医学诊断	GB/T 15657-1995-6	中医证候代码	ZVM010	一期	
医学诊断	GB/T 15657-1995-6	中医证候代码	ZVM020	二期	
医学诊断	GB/T 15657-1995-6	中医证候代码	ZVM030	三期	
医学诊断	GB/T 15657-1995-6	中医证候代码	ZVM040	初期	
医学诊断	GB/T 15657-1995-6	中医证候代码	ZVM050	中期	
医学诊断	GB/T 15657-1995-6	中医证候代码	ZVM060	后期	
医学诊断	GB/T 15657-1995-6	中医证候代码	ZVM070	晚期	
医学诊断	GB/T 15657-1995-6	中医证候代码	ZVM080	见形期	
医学诊断	GB/T 15657-1995-6	中医证候代码	ZVM090	出疹期	
医学诊断	GB/T 15657-1995-6	中医证候代码	ZVM100	收没期	
医学诊断	GB/T 15657-1995-6	中医证候代码	ZVM110	收口期	
医学诊断	GB/T 15657-1995-6	中医证候代码	ZVM120	成痈期	
医学诊断	GB/T 15657-1995-6	中医证候代码	ZVM130	酿脓期	
医学诊断	GB/T 15657-1995-6	中医证候代码	ZVM140	成脓期	
医学诊断	GB/T 15657-1995-6	中医证候代码	ZVM150	溃脓期	
医学诊断	GB/T 15657-1995-6	中医证候代码	ZVM160	溃后期	
医学诊断	GB/T 15657-1995-6	中医证候代码	ZVM170	恢复期	
医学诊断	GB/T 15657-1995-6	中医证候代码	ZVM180	初咳期	
医学诊断	GB/T 15657-1995-6	中医证候代码	ZVM190	痉咳期	
医学诊断	GB/T 15657-1995-6	中医证候代码	ZVM200	疹前期	
医学诊断	GB/T 15657-1995-6	中医证候代码	ZVM210	疹回期	
医学诊断	GB/T 15657-1995-6	中医证候代码	ZVM220	未破损期	
医学诊断	GB/T 15657-1995-6	中医证候代码	ZVM230	已破损期	
医学诊断	GB/T 15657-1995-6	中医证候代码	ZVM240	发热期	
医学诊断	GB/T 15657-1995-6	中医证候代码	ZVM250	膨胀胀	
医学诊断	GB/T 15657-1995-6	中医证候代码	ZVM260	成熟期	
医学诊断	GB/T 15657-1995-6	中医证候代码	ZVM270	过熟期	
医学诊断	GB/T 15657-1995-6	中医证候代码	ZVM280	初发期	
医学诊断	GB/T 15657-1995-6	中医证候代码	ZVM290	进行期	
医学诊断	GB/T 15657-1995-6	中医证候代码	ZVM300	退行期	
医学诊断	GB/T 15657-1995-6	中医证候代码	ZVM310	昏溃期	
医学诊断	GB/T 15657-1995-6	中医证候代码	ZVM320	清醒期	
医学诊断	GB/T 15657-1995-6	中医证候代码	ZVM330	发作期	
医学诊断	GB/T 15657-1995-6	中医证候代码	ZVM340	缓解期	
医学诊断	GB/T 15657-1995-6	中医证候代码	ZVV	其他证类	
医学诊断	GB/T 15657-1995-6	中医证候代码	ZVV000	其他证	
医学诊断	GB/T 15657-1995-6	中医证候代码	ZVV010	禀赋不足证	
医学诊断	GB/T 15657-1995-6	中医证候代码	ZVV011	先天不足证	
医学诊断	GB/T 15657-1995-6	中医证候代码	ZVV020	干陷证	
医学诊断	GB/T 15657-1995-6	中医证候代码	ZVV030	干疳证	
医学诊断	GB/T 15657-1995-6	中医证候代码	ZVV040	疳积证	
医学诊断	GB/T 15657-1995-6	中医证候代码	ZVV050	疳气证	
医学诊断	GB/T 15657-1995-6	中医证候代码	ZVV060	疳肿胀证	
医学诊断	GB/T 15657-1995-6	中医证候代码	ZVV070	筋断筋伤证	
医学诊断	GB/T 15657-1995-6	中医证候代码	ZVV080	筋骨不用证	
医学诊断	GB/T 15657-1995-6	中医证候代码	ZVV090	筋脉失养证	
医学诊断	GB/T 15657-1995-6	中医证候代码	ZVV100	腐筋损骨证	
医学诊断	GB/T 15657-1995-6	中医证候代码	ZVV110	劳伤筋脉证	
医学诊断	GB/T 15657-1995-6	中医证候代码	ZVV120	鼻梁内陷，血脉损伤证	
医学诊断	GB/T 15657-1995-6	中医证候代码	ZVV130	感伤健眼证	
医学诊断	GB/T 15657-1995-6	中医证候代码	ZVV140	脑髓失养证	
医学诊断	GB/T 15657-1995-6	中医证候代码	ZVV150	脑窍被蒙证	
医学诊断	GB/T 15657-1995-6	中医证候代码	ZVV160	神明失职证	
医学诊断	GB/T 15657-1995-6	中医证候代码	ZVV170	乳房部漏证	
医学诊断	GB/T 15657-1995-6	中医证候代码	ZVV180	乳晕部漏证	
医学诊断	GB/T 15657-1995-6	中医证候代码	ZVV190	髓海不足证	
医学诊断	GB/T 15657-1995-6	中医证候代码	ZVV200	元神外脱证	
医学诊断	GB/T 15657-1995-6	中医证候代码	ZVV210	内闭外脱证	
医学诊断	GB/T 15657-1995-6	中医证候代码	ZVV220	内陷外脱证	
医学诊断	GB/T 15657-1995-6	中医证候代码	ZVV230	上盛下虚证	
医学诊断	GB/T 15657-1995-6	中医证候代码	ZVV240	下焦虚冷证	
医学诊断	GB/T 15657-1995-6	中医证候代码	ZVV250	脏腑虚冷证	
医学诊断	GB/T 15657-1995-6	中医证候代码	ZVV260	虚实夹杂证	
医学诊断	GB/T 15657-1995-6	中医证候代码	ZVV270	三焦壅塞证	
医学诊断	GB/T 15657-1995-6	中医证候代码	ZVV280	脱证	
医学诊断	GB/T 15657-1995-6	中医证候代码	ZVV290	营卫不和证	
医学诊断	GB/T 15657-1995-6	中医证候代码	ZVX	型类	
医学诊断	GB/T 15657-1995-6	中医证候代码	ZVX010	脱屑型	
医学诊断	GB/T 15657-1995-6	中医证候代码	ZVX020	鼻赘型	
医学诊断	GB/T 15657-1995-6	中医证候代码	ZVX030	糜烂型	
医学诊断	GB/T 15657-1995-6	中医证候代码	ZVX040	包块型	
医学诊断	GB/T 15657-1995-6	中医证候代码	ZVX050	丘疹型	
医学诊断	GB/T 15657-1995-6	中医证候代码	ZVX060	红斑型	
医学诊断	GB/T 15657-1995-6	中医证候代码	ZVX070	界线型	
医学诊断	GB/T 15657-1995-6	中医证候代码	ZVX080	瘤型	
医学诊断	GB/T 15657-1995-6	中医证候代码	ZW	卫气营血证候类	
医学诊断	GB/T 15657-1995-6	中医证候代码	ZWV	气分证类	
医学诊断	GB/T 15657-1995-6	中医证候代码	ZWV000	气分证	
医学诊断	GB/T 15657-1995-6	中医证候代码	ZWVM	气分、湿证类	
医学诊断	GB/T 15657-1995-6	中医证候代码	ZWVM10	气分淡热证	
医学诊断	GB/T 15657-1995-6	中医证候代码	ZWVX	气分、血分证类	
医学诊断	GB/T 15657-1995-6	中医证候代码	ZWVX10	气血两燔证	
医学诊断	GB/T 15657-1995-6	中医证候代码	ZWVY	气分、营分证类	
医学诊断	GB/T 15657-1995-6	中医证候代码	ZWVY10	气营两燔证	
医学诊断	GB/T 15657-1995-6	中医证候代码	ZWW	卫分证类	
医学诊断	GB/T 15657-1995-6	中医证候代码	ZWW010	卫分证	
医学诊断	GB/T 15657-1995-6	中医证候代码	ZWWV	卫分、气分证类	
医学诊断	GB/T 15657-1995-6	中医证候代码	ZWWV10	卫气同病证	
医学诊断	GB/T 15657-1995-6	中医证候代码	ZWWV11	卫气同病，痰热蕴肺证	
医学诊断	GB/T 15657-1995-6	中医证候代码	ZWWY	卫分、营分证类	
医学诊断	GB/T 15657-1995-6	中医证候代码	ZWWY10	卫营同病证	
医学诊断	GB/T 15657-1995-6	中医证候代码	ZWX	血分证类	
医学诊断	GB/T 15657-1995-6	中医证候代码	ZWX000	血分证	
医学诊断	GB/T 15657-1995-6	中医证候代码	ZWY	营分证类	
医学诊断	GB/T 15657-1995-6	中医证候代码	ZWY000	营分证	
医学诊断	GB/T 15657-1995-6	中医证候代码	ZY	阴阳气血津液痰证候类	
医学诊断	GB/T 15657-1995-6	中医证候代码	ZYA	阳证类	
医学诊断	GB/T 15657-1995-6	中医证候代码	ZYA010	元阳外脱证	
医学诊断	GB/T 15657-1995-6	中医证候代码	ZYA020	阳虚失养证	
医学诊断	GB/T 15657-1995-6	中医证候代码	ZYA030	阳虚欲脱证	
医学诊断	GB/T 15657-1995-6	中医证候代码	ZYA040	清阳不升证	
医学诊断	GB/T 15657-1995-6	中医证候代码	ZYA050	虚阳上浮证	
医学诊断	GB/T 15657-1995-6	中医证候代码	ZYA060	阳闭证	
医学诊断	GB/T 15657-1995-6	中医证候代码	ZYA070	伤阳证	
医学诊断	GB/T 15657-1995-6	中医证候代码	ZYA080	亡阳证	
医学诊断	GB/T 15657-1995-6	中医证候代码	ZYA090	阳气亏虚证	
医学诊断	GB/T 15657-1995-6	中医证候代码	ZYA100	阳气虚衰证	
医学诊断	GB/T 15657-1995-6	中医证候代码	ZYA110	阳气欲脱证	
医学诊断	GB/T 15657-1995-6	中医证候代码	ZYA120	阳气暴脱证	
医学诊断	GB/T 15657-1995-6	中医证候代码	ZYAD	阳、毒证类	
医学诊断	GB/T 15657-1995-6	中医证候代码	ZYAD10	阳毒外发证	
医学诊断	GB/T 15657-1995-6	中医证候代码	ZYAH	阳、寒证类	
医学诊断	GB/T 15657-1995-6	中医证候代码	ZYAH10	阳虚内寒证	
医学诊断	GB/T 15657-1995-6	中医证候代码	ZYAH20	阳虚寒凝证	
医学诊断	GB/T 15657-1995-6	中医证候代码	ZYAH30	阳虚寒盛证	
医学诊断	GB/T 15657-1995-6	中医证候代码	ZYAH40	阳虚寒湿阻络证	
医学诊断	GB/T 15657-1995-6	中医证候代码	ZYAH50	阳虚寒痰证	
医学诊断	GB/T 15657-1995-6	中医证候代码	ZYAS	阳、暑证类	
医学诊断	GB/T 15657-1995-6	中医证候代码	ZYAS00	阳暑证	
医学诊断	GB/T 15657-1995-6	中医证候代码	ZYAT	阳、痰证类	
医学诊断	GB/T 15657-1995-6	中医证候代码	ZYAT10	阳虚痰凝证	
医学诊断	GB/T 15657-1995-6	中医证候代码	ZYAT20	阳虚水泛证	
医学诊断	GB/T 15657-1995-6	中医证候代码	ZYAX	阳、血证类	
医学诊断	GB/T 15657-1995-6	中医证候代码	ZYAX10	阳虚血瘀证	
医学诊断	GB/T 15657-1995-6	中医证候代码	ZYJ	津液证类	
医学诊断	GB/T 15657-1995-6	中医证候代码	ZYJ010	津液干枯证	
医学诊断	GB/T 15657-1995-6	中医证候代码	ZYJ020	津液亏耗证	
医学诊断	GB/T 15657-1995-6	中医证候代码	ZYJ021	津液亏损证	
医学诊断	GB/T 15657-1995-6	中医证候代码	ZYJ030	阴液不足证	
医学诊断	GB/T 15657-1995-6	中医证候代码	ZYJ031	阴液不足，火毒炽盛证	
医学诊断	GB/T 15657-1995-6	中医证候代码	ZYJ032	阴津不足证	
医学诊断	GB/T 15657-1995-6	中医证候代码	ZYJ040	阴液亏虚证	
医学诊断	GB/T 15657-1995-6	中医证候代码	ZYJ050	阴液乏竭证	
医学诊断	GB/T 15657-1995-6	中医证候代码	ZYJ060	阴虚津亏证	
医学诊断	GB/T 15657-1995-6	中医证候代码	ZYJF	津液、肺证类	
医学诊断	GB/T 15657-1995-6	中医证候代码	ZYJF10	津伤肠燥证	
医学诊断	GB/T 15657-1995-6	中医证候代码	ZYJF20	津枯肠结证	
医学诊断	GB/T 15657-1995-6	中医证候代码	ZYJR	津液、热证类	
医学诊断	GB/T 15657-1995-6	中医证候代码	ZYJR10	津亏热结证	
医学诊断	GB/T 15657-1995-6	中医证候代码	ZYJV	津液、气证类	
医学诊断	GB/T 15657-1995-6	中医证候代码	ZYJV10	津气欲脱证	
医学诊断	GB/T 15657-1995-6	中医证候代码	ZYJZ	津液、燥证类	
医学诊断	GB/T 15657-1995-6	中医证候代码	ZYJZ10	津伤化燥证	
医学诊断	GB/T 15657-1995-6	中医证候代码	ZYT	痰证类	
医学诊断	GB/T 15657-1995-6	中医证候代码	ZYT010	痰饮内停证	
医学诊断	GB/T 15657-1995-6	中医证候代码	ZYT011	痰饮内阻证	
医学诊断	GB/T 15657-1995-6	中医证候代码	ZYT020	痰饮内盛证	
医学诊断	GB/T 15657-1995-6	中医证候代码	ZYT030	痰饮上逆证	
医学诊断	GB/T 15657-1995-6	中医证候代码	ZYT040	痰饮留腹证	
医学诊断	GB/T 15657-1995-6	中医证候代码	ZYT050	痰饮留膈证	
医学诊断	GB/T 15657-1995-6	中医证候代码	ZYT060	饮停胸胁证	
医学诊断	GB/T 15657-1995-6	中医证候代码	ZYT070	饮溢 四肢证	
医学诊断	GB/T 15657-1995-6	中医证候代码	ZYT080	饮阻胸膈证	
医学诊断	GB/T 15657-1995-6	中医证候代码	ZYT090	水饮内停证	
医学诊断	GB/T 15657-1995-6	中医证候代码	ZYT091	水饮内扰证	
医学诊断	GB/T 15657-1995-6	中医证候代码	ZYT100	浊痰上逆证	
医学诊断	GB/T 15657-1995-6	中医证候代码	ZYT110	痰闭证	
医学诊断	GB/T 15657-1995-6	中医证候代码	ZYT120	浊闭证	
医学诊断	GB/T 15657-1995-6	中医证候代码	ZYT130	痰核留结证	
医学诊断	GB/T 15657-1995-6	中医证候代码	ZYT140	痰蒙清窍证	
医学诊断	GB/T 15657-1995-6	中医证候代码	ZYT141	痰浊上蒙证	
医学诊断	GB/T 15657-1995-6	中医证候代码	ZYT142	痰浊蒙窍证	
医学诊断	GB/T 15657-1995-6	中医证候代码	ZYT143	痰蒙神窍证	
医学诊断	GB/T 15657-1995-6	中医证候代码	ZYT144	痰壅神窍证	
医学诊断	GB/T 15657-1995-6	中医证候代码	ZYT150	痰浊证	
医学诊断	GB/T 15657-1995-6	中医证候代码	ZYT160	痰浊闭塞证	
医学诊断	GB/T 15657-1995-6	中医证候代码	ZYT161	痰浊壅塞证	
医学诊断	GB/T 15657-1995-6	中医证候代码	ZYT162	痰浊阻滞证	
医学诊断	GB/T 15657-1995-6	中医证候代码	ZYT163	痰浊闭阻证	
医学诊断	GB/T 15657-1995-6	中医证候代码	ZYT170	痰浊结聚证	
医学诊断	GB/T 15657-1995-6	中医证候代码	ZYT171	痰浊积聚证	
医学诊断	GB/T 15657-1995-6	中医证候代码	ZYT172	痰浊凝聚证	
医学诊断	GB/T 15657-1995-6	中医证候代码	ZYT180	痰浊内阻证	
医学诊断	GB/T 15657-1995-6	中医证候代码	ZYT181	痰浊内蕴证	
医学诊断	GB/T 15657-1995-6	中医证候代码	ZYT190	痰浊上扰证	
医学诊断	GB/T 15657-1995-6	中医证候代码	ZYT200	痰浊中阻证	
医学诊断	GB/T 15657-1995-6	中医证候代码	ZYT210	痰涎壅盛证	
医学诊断	GB/T 15657-1995-6	中医证候代码	ZYT220	浊邪上犯证	
医学诊断	GB/T 15657-1995-6	中医证候代码	ZYT230	饮邪上犯证	
医学诊断	GB/T 15657-1995-6	中医证候代码	ZYTD	痰、毒证类	
医学诊断	GB/T 15657-1995-6	中医证候代码	ZYTD10	痰结毒滞证	
医学诊断	GB/T 15657-1995-6	中医证候代码	ZYTD20	水毒内闭证	
医学诊断	GB/T 15657-1995-6	中医证候代码	ZYTD30	水毒内郁证	
医学诊断	GB/T 15657-1995-6	中医证候代码	ZYTD40	水毒上扰证	
医学诊断	GB/T 15657-1995-6	中医证候代码	ZYTD50	水毒凌心犯肺证	
医学诊断	GB/T 15657-1995-6	中医证候代码	ZYTF	痰、肺证类	
医学诊断	GB/T 15657-1995-6	中医证候代码	ZYTF10	痰浊阻肺证	
医学诊断	GB/T 15657-1995-6	中医证候代码	ZYTF20	痰浊壅肺证	
医学诊断	GB/T 15657-1995-6	中医证候代码	ZYTF30	痰浊蕴肺证	
医学诊断	GB/T 15657-1995-6	中医证候代码	ZYTF40	水饮留肠证	
医学诊断	GB/T 15657-1995-6	中医证候代码	ZYTM	痰、湿证类	
医学诊断	GB/T 15657-1995-6	中医证候代码	ZYTM00	痰湿证	
医学诊断	GB/T 15657-1995-6	中医证候代码	ZYTM10	痰湿痹阻证	
医学诊断	GB/T 15657-1995-6	中医证候代码	ZYTM20	痰湿蒙蔽证	
医学诊断	GB/T 15657-1995-6	中医证候代码	ZYTM21	痰湿蒙窍证	
医学诊断	GB/T 15657-1995-6	中医证候代码	ZYTM22	痰湿蒙蔽心神证	
医学诊断	GB/T 15657-1995-6	中医证候代码	ZYTM23	痰湿蒙塞清窍证	
医学诊断	GB/T 15657-1995-6	中医证候代码	ZYTM30	痰湿内阻证	
医学诊断	GB/T 15657-1995-6	中医证候代码	ZYTM40	痰湿上阻证	
医学诊断	GB/T 15657-1995-6	中医证候代码	ZYTM50	痰湿中阻证	
医学诊断	GB/T 15657-1995-6	中医证候代码	ZYTM60	痰湿阻滞证	
医学诊断	GB/T 15657-1995-6	中医证候代码	ZYTM61	痰湿结滞证	
医学诊断	GB/T 15657-1995-6	中医证候代码	ZYTM70	痰湿阻结证	
医学诊断	GB/T 15657-1995-6	中医证候代码	ZYTM71	痰湿结聚	
医学诊断	GB/T 15657-1995-6	中医证候代码	ZYTM72	痰湿凝结证	
医学诊断	GB/T 15657-1995-6	中医证候代码	ZYTM80	痰湿蕴结证	
医学诊断	GB/T 15657-1995-6	中医证候代码	ZYTM90	痰湿蕴肺证	
医学诊断	GB/T 15657-1995-6	中医证候代码	ZYTM91	痰湿侵肺证	
医学诊断	GB/T 15657-1995-6	中医证候代码	ZYTM92	痰湿壅肺证	
医学诊断	GB/T 15657-1995-6	中医证候代码	ZYTMA0	痰湿阻胞证	
医学诊断	GB/T 15657-1995-6	中医证候代码	ZYTMB0	痰湿阻络证	
医学诊断	GB/T 15657-1995-6	中医证候代码	ZYTMC0	痰湿瘀滞证	
医学诊断	GB/T 15657-1995-6	中医证候代码	ZYTMD0	水湿浸渍证	
医学诊断	GB/T 15657-1995-6	中医证候代码	ZYTME0	水湿内停证	
医学诊断	GB/T 15657-1995-6	中医证候代码	ZYTME1	水湿内蕴证	
医学诊断	GB/T 15657-1995-6	中医证候代码	ZYTMF0	痰湿蕴脾证	
医学诊断	GB/T 15657-1995-6	中医证候代码	ZYTP	痰、脾证类	
医学诊断	GB/T 15657-1995-6	中医证候代码	ZYTP10	痰浊阻胃证	
医学诊断	GB/T 15657-1995-6	中医证候代码	ZYTP20	痰饮停胃证	
医学诊断	GB/T 15657-1995-6	中医证候代码	ZYTP30	饮留胃肠证	
医学诊断	GB/T 15657-1995-6	中医证候代码	ZYTR	痰、热证类	
医学诊断	GB/T 15657-1995-6	中医证候代码	ZYTR00	痰热证	
医学诊断	GB/T 15657-1995-6	中医证候代码	ZYTR10	痰热动风证	
医学诊断	GB/T 15657-1995-6	中医证候代码	ZYTR20	痰热腑实证	
医学诊断	GB/T 15657-1995-6	中医证候代码	ZYTR21	痰热腑实，风痰上扰证	
医学诊断	GB/T 15657-1995-6	中医证候代码	ZYTR30	痰热结胸证	
医学诊断	GB/T 15657-1995-6	中医证候代码	ZYTR40	痰热内闭证	
医学诊断	GB/T 15657-1995-6	中医证候代码	ZYTR41	痰热内闭心窍证	
医学诊断	GB/T 15657-1995-6	中医证候代码	ZYTR42	痰热闭肺证	
医学诊断	GB/T 15657-1995-6	中医证候代码	ZYTR43	痰热闭窍证	
医学诊断	GB/T 15657-1995-6	中医证候代码	ZYTR44	痰热内闭清窍证	
医学诊断	GB/T 15657-1995-6	中医证候代码	ZYTR45	痰热蔽窍证	
医学诊断	GB/T 15657-1995-6	中医证候代码	ZYTR50	痰热内扰证	
医学诊断	GB/T 15657-1995-6	中医证候代码	ZYTR60	痰热上蒙证	
医学诊断	GB/T 15657-1995-6	中医证候代码	ZYTR61	痰热上壅证	
医学诊断	GB/T 15657-1995-6	中医证候代码	ZYTR70	痰热蕴 结证	
医学诊断	GB/T 15657-1995-6	中医证候代码	ZYTR71	痰热搏结证	
医学诊断	GB/T 15657-1995-6	中医证候代码	ZYTR72	痰热阻结证	
医学诊断	GB/T 15657-1995-6	中医证候代码	ZYTR80	痰热阻肺证	
医学诊断	GB/T 15657-1995-6	中医证候代码	ZYTR81	痰热阻肺，腑有热结证	
医学诊断	GB/T 15657-1995-6	中医证候代码	ZYTR90	痰热壅肺证	
医学诊断	GB/T 15657-1995-6	中医证候代码	ZYTRA0	痰热郁肺证	
医学诊断	GB/T 15657-1995-6	中医证候代码	ZYTRB0	痰热瘀肺证	
医学诊断	GB/T 15657-1995-6	中医证候代码	ZYTRC0	痰浊化热证	
医学诊断	GB/T 15657-1995-6	中医证候代码	ZYTU	痰、火证类	
医学诊断	GB/T 15657-1995-6	中医证候代码	ZYTU00	痰火证	
医学诊断	GB/T 15657-1995-6	中医证候代码	ZYTU10	痰火动风证	
医学诊断	GB/T 15657-1995-6	中医证候代码	ZYTU11	痰火动风，上阻清窍证	
医学诊断	GB/T 15657-1995-6	中医证候代码	ZYTU12	痰火动风，上扰清窍证	
医学诊断	GB/T 15657-1995-6	中医证候代码	ZYTU20	痰火犯肺证	
医学诊断	GB/T 15657-1995-6	中医证候代码	ZYTU30	炎火积滞证	
医学诊断	GB/T 15657-1995-6	中医证候代码	ZYTU40	痰火内闭证	
医学诊断	GB/T 15657-1995-6	中医证候代码	ZYTU41	痰火闭窍证	
医学诊断	GB/T 15657-1995-6	中医证候代码	ZYTU50	痰火内蕴证	
医学诊断	GB/T 15657-1995-6	中医证候代码	ZYTU60	痰火内盛证	
医学诊断	GB/T 15657-1995-6	中医证候代码	ZYTU70	痰火内扰证	
医学诊断	GB/T 15657-1995-6	中医证候代码	ZYTU71	痰火扰神证	
医学诊断	GB/T 15657-1995-6	中医证候代码	ZYTU72	痰火扰心证	
医学诊断	GB/T 15657-1995-6	中医证候代码	ZYTU80	痰火上扰证	
医学诊断	GB/T 15657-1995-6	中医证候代码	ZYTU81	痰火升扰证	
医学诊断	GB/T 15657-1995-6	中医证候代码	ZYTU90	痰火郁结证	
医学诊断	GB/T 15657-1995-6	中医证候代码	ZYTU91	痰火壅结证	
医学诊断	GB/T 15657-1995-6	中医证候代码	ZYTUA0	痰浊化火证	
医学诊断	GB/T 15657-1995-6	中医证候代码	ZYTV	痰、气证类	
医学诊断	GB/T 15657-1995-6	中医证候代码	ZYTV10	痰气互结证	
医学诊断	GB/T 15657-1995-6	中医证候代码	ZYTV20	痰气交阻证	
医学诊断	GB/T 15657-1995-6	中医证候代码	ZYTV30	痰气阻膈证	
医学诊断	GB/T 15657-1995-6	中医证候代码	ZYTV40	痰郁结证	
医学诊断	GB/T 15657-1995-6	中医证候代码	ZYTV41	痰气凝结证	
医学诊断	GB/T 15657-1995-6	中医证候代码	ZYTV50	痰气壅实证	
医学诊断	GB/T 15657-1995-6	中医证候代码	ZYTV60	水气上凌证	
医学诊断	GB/T 15657-1995-6	中医证候代码	ZYTV61	水气凌心证	
医学诊断	GB/T 15657-1995-6	中医证候代码	ZYTV62	水气凌心犯肺证	
医学诊断	GB/T 15657-1995-6	中医证候代码	ZYTX	痰、血证类	
医学诊断	GB/T 15657-1995-6	中医证候代码	ZYTX10	痰血瘀滞证	
医学诊断	GB/T 15657-1995-6	中医证候代码	ZYTX20	痰瘀互结证	
医学诊断	GB/T 15657-1995-6	中医证候代码	ZYTX21	痰瘀搏结证	
医学诊断	GB/T 15657-1995-6	中医证候代码	ZYTX22	痰瘀痹阻证	
医学诊断	GB/T 15657-1995-6	中医证候代码	ZYTX30	痰瘀化火证	
医学诊断	GB/T 15657-1995-6	中医证候代码	ZYTX40	痰瘀滞络证	
医学诊断	GB/T 15657-1995-6	中医证候代码	ZYTX50	痰结血瘀证	
医学诊断	GB/T 15657-1995-6	中医证候代码	ZYTX60	痰浊瘀阻证	
医学诊断	GB/T 15657-1995-6	中医证候代码	ZYTY	痰、饮食证类	
医学诊断	GB/T 15657-1995-6	中医证候代码	ZYTY10	痰食互结证	
医学诊断	GB/T 15657-1995-6	中医证候代码	ZYTY20	痰食壅结证	
医学诊断	GB/T 15657-1995-6	中医证候代码	ZYV	气证类	
医学诊断	GB/T 15657-1995-6	中医证候代码	ZYV010	气闭证	
医学诊断	GB/T 15657-1995-6	中医证候代码	ZYV020	气结证	
医学诊断	GB/T 15657-1995-6	中医证候代码	ZYV030	气机不利证	
医学诊断	GB/T 15657-1995-6	中医证候代码	ZYV040	气机阻滞证	
医学诊断	GB/T 15657-1995-6	中医证候代码	ZYV041	气机郁滞证	
医学诊断	GB/T 15657-1995-6	中医证候代码	ZYV042	气机壅闭证	
医学诊断	GB/T 15657-1995-6	中医证候代码	ZYV050	气机失调证	
医学诊断	GB/T 15657-1995-6	中医证候代码	ZYV060	气机逆乱证	
医学诊断	GB/T 15657-1995-6	中医证候代码	ZYV061	气机逆乱，阻塞清窍证	
医学诊断	GB/T 15657-1995-6	中医证候代码	ZYV070	气化不及证	
医学诊断	GB/T 15657-1995-6	中医证候代码	ZYV071	气化不及，膀胱空虚证	
医学诊断	GB/T 15657-1995-6	中医证候代码	ZYV080	气滞胸膈证	
医学诊断	GB/T 15657-1995-6	中医证候代码	ZYV090	气虚证	
医学诊断	GB/T 15657-1995-6	中医证候代码	ZYV100	气虚不摄证	
医学诊断	GB/T 15657-1995-6	中医证候代码	ZYV101	气不摄精证	
医学诊断	GB/T 15657-1995-6	中医证候代码	ZYV110	气虚不运证	
医学诊断	GB/T 15657-1995-6	中医证候代码	ZYV120	气虚下陷证	
医学诊断	GB/T 15657-1995-6	中医证候代码	ZYV130	气虚欲脱证	
医学诊断	GB/T 15657-1995-6	中医证候代码	ZYV140	气郁证	
医学诊断	GB/T 15657-1995-6	中医证候代码	ZYV150	气滞证	
医学诊断	GB/T 15657-1995-6	中医证候代码	ZYV160	气脱证	
医学诊断	GB/T 15657-1995-6	中医证候代码	ZYV170	清气不升证	
医学诊断	GB/T 15657-1995-6	中医证候代码	ZYV180	上气不足证	
医学诊断	GB/T 15657-1995-6	中医证候代码	ZYV190	元气衰败证	
医学诊断	GB/T 15657-1995-6	中医证候代码	ZYV200	元气败脱证	
医学诊断	GB/T 15657-1995-6	中医证候代码	ZYV201	元气败脱，心神散乱证	
医学诊断	GB/T 15657-1995-6	中医证候代码	ZYV210	元气不足证	
医学诊断	GB/T 15657-1995-6	中医证候代码	ZYV211	元气不足，阴血亏损证	
医学诊断	GB/T 15657-1995-6	中医证候代码	ZYV220	元气亏虚证	
医学诊断	GB/T 15657-1995-6	中医证候代码	ZYV230	中气不中证	
医学诊断	GB/T 15657-1995-6	中医证候代码	ZYV231	中气不足，膀胱失约证	
医学诊断	GB/T 15657-1995-6	中医证候代码	ZYV240	中气亏虚证	
医学诊断	GB/T 15657-1995-6	中医证候代码	ZYV250	中气下陷证	
医学诊断	GB/T 15657-1995-6	中医证候代码	ZYV251	中气下陷，清阳不升证	
医学诊断	GB/T 15657-1995-6	中医证候代码	ZYV252	中气下陷，膀胱失约证	
医学诊断	GB/T 15657-1995-6	中医证候代码	ZYV260	腑气不通证	
医学诊断	GB/T 15657-1995-6	中医证候代码	ZYV270	痹气郁结证	
医学诊断	GB/T 15657-1995-6	中医证候代码	ZYVA	气、阳证类	
医学诊断	GB/T 15657-1995-6	中医证候代码	ZYVA10	气虚阳微证	
医学诊断	GB/T 15657-1995-6	中医证候代码	ZYVD	气、毒证类	
医学诊断	GB/T 15657-1995-6	中医证候代码	ZYVD10	气虚毒滞证	
医学诊断	GB/T 15657-1995-6	中医证候代码	ZYVH	气、寒证类	
医学诊断	GB/T 15657-1995-6	中医证候代码	ZYVH10	中气虚寒证	
医学诊断	GB/T 15657-1995-6	中医证候代码	ZYVJ	气、经络证类	
医学诊断	GB/T 15657-1995-6	中医证候代码	ZYVJ10	气虚络损证	
医学诊断	GB/T 15657-1995-6	中医证候代码	ZYVM	气、湿证类	
医学诊断	GB/T 15657-1995-6	中医证候代码	ZYVM10	气滞湿阻证	
医学诊断	GB/T 15657-1995-6	中医证候代码	ZYVM20	气虚湿阻证	
医学诊断	GB/T 15657-1995-6	中医证候代码	ZYVR	气、热证类	
医学诊断	GB/T 15657-1995-6	中医证候代码	ZYVR10	气郁化热证	
医学诊断	GB/T 15657-1995-6	中医证候代码	ZYVR20	气滞热壅证	
医学诊断	GB/T 15657-1995-6	中医证候代码	ZYVT	气、痰证类	
医学诊断	GB/T 15657-1995-6	中医证候代码	ZYVT10	气滞痰凝证	
医学诊断	GB/T 15657-1995-6	中医证候代码	ZYVT11	气滞痰郁证	
医学诊断	GB/T 15657-1995-6	中医证候代码	ZYVT12	气痰阻证	
医学诊断	GB/T 15657-1995-6	中医证候代码	ZYVT20	气滞痰瘀证	
医学诊断	GB/T 15657-1995-6	中医证候代码	ZYVT30	气滞水停证	
医学诊断	GB/T 15657-1995-6	中医证候代码	ZYVT40	气虚水停证	
医学诊断	GB/T 15657-1995-6	中医证候代码	ZYVT50	气虚痰结证	
医学诊断	GB/T 15657-1995-6	中医证候代码	ZYVT51	气虚痰滞证	
医学诊断	GB/T 15657-1995-6	中医证候代码	ZYVT60	气郁痰凝证	
医学诊断	GB/T 15657-1995-6	中医证候代码	ZYVT61	气郁痰结证	
医学诊断	GB/T 15657-1995-6	中医证候代码	ZYVT70	气郁痰阻证	
医学诊断	GB/T 15657-1995-6	中医证候代码	ZYVU	气、火证类	
医学诊断	GB/T 15657-1995-6	中医证候代码	ZYVU10	气火郁结证	
医学诊断	GB/T 15657-1995-6	中医证候代码	ZYVU20	气郁化火证	
医学诊断	GB/T 15657-1995-6	中医证候代码	ZYVX	气、血证类	
医学诊断	GB/T 15657-1995-6	中医证候代码	ZYVX10	气血不足证	
医学诊断	GB/T 15657-1995-6	中医证候代码	ZYVX11	气血不足，收摄失司证	
医学诊断	GB/T 15657-1995-6	中医证候代码	ZYVX20	气血亏虚证	
医学诊断	GB/T 15657-1995-6	中医证候代码	ZYVX21	气血亏虚，毒滞难化证	
医学诊断	GB/T 15657-1995-6	中医证候代码	ZYVX22	气血亏虚，邪毒久证	
医学诊断	GB/T 15657-1995-6	中医证候代码	ZYVX30	气血两虚证	
医学诊断	GB/T 15657-1995-6	中医证候代码	ZYVX31	气血两亏证	
医学诊断	GB/T 15657-1995-6	中医证候代码	ZYVX40	气血两脱证	
医学诊断	GB/T 15657-1995-6	中医证候代码	ZYVX50	气血两伤证	
医学诊断	GB/T 15657-1995-6	中医证候代码	ZYVX60	气血凝结证	
医学诊断	GB/T 15657-1995-6	中医证候代码	ZYVX61	气血凝滞证	
医学诊断	GB/T 15657-1995-6	中医证候代码	ZYVX70	气血失调证	
医学诊断	GB/T 15657-1995-6	中医证候代码	ZYVX80	气血痹阻证	
医学诊断	GB/T 15657-1995-6	中医证候代码	ZYVX90	气血衰竭证	
医学诊断	GB/T 15657-1995-6	中医证候代码	ZYVXA0	气血瘀滞证	
医学诊断	GB/T 15657-1995-6	中医证候代码	ZYVXA1	气血瘀积证	
医学诊断	GB/T 15657-1995-6	中医证候代码	ZYVXA2	气血瘀阻证	
医学诊断	GB/T 15657-1995-6	中医证候代码	ZYVXB0	气随血脱证	
医学诊断	GB/T 15657-1995-6	中医证候代码	ZYVXC0	气不摄血证	
医学诊断	GB/T 15657-1995-6	中医证候代码	ZYVXD0	气虚血亏证	
医学诊断	GB/T 15657-1995-6	中医证候代码	ZYVXE0	气虚血凝证	
医学诊断	GB/T 15657-1995-6	中医证候代码	ZYVXF0	气虚血脱证	
医学诊断	GB/T 15657-1995-6	中医证候代码	ZYVXG0	气虚血溢证	
医学诊断	GB/T 15657-1995-6	中医证候代码	ZYVXH0	气虚血滞证	
医学诊断	GB/T 15657-1995-6	中医证候代码	ZYVXH1	气虚血滞，络脉瘀阻证	
医学诊断	GB/T 15657-1995-6	中医证候代码	ZYVXH2	气虚血滞，络脉痰阻证	
医学诊断	GB/T 15657-1995-6	中医证候代码	ZYVXJ0	气衰血脱证	
医学诊断	GB/T 15657-1995-6	中医证候代码	ZYVXK0	气滞血瘀证	
医学诊断	GB/T 15657-1995-6	中医证候代码	ZYVXK1	气滞血郁证	
医学诊断	GB/T 15657-1995-6	中医证候代码	ZYVXK2	气滞血阻证	
医学诊断	GB/T 15657-1995-6	中医证候代码	ZYVXK3	气滞瘀血证	
医学诊断	GB/T 15657-1995-6	中医证候代码	ZYVXK4	气结血瘀证	
医学诊断	GB/T 15657-1995-6	中医证候代码	ZYVXM0	气虚血瘀证	
医学诊断	GB/T 15657-1995-6	中医证候代码	ZYVXM1	气虚瘀滞证	
医学诊断	GB/T 15657-1995-6	中医证候代码	ZYVY	气、阴证类	
医学诊断	GB/T 15657-1995-6	中医证候代码	ZYVY10	气阴不足证	
医学诊断	GB/T 15657-1995-6	中医证候代码	ZYVY20	气阴亏虚证	
医学诊断	GB/T 15657-1995-6	中医证候代码	ZYVY21	气阴亏虚，湿热内蕴证	
医学诊断	GB/T 15657-1995-6	中医证候代码	ZYVY30	气阴两虚证	
医学诊断	GB/T 15657-1995-6	中医证候代码	ZYVY40	气阴两伤证	
医学诊断	GB/T 15657-1995-6	中医证候代码	ZYVY41	气阴两伤，余热不尽证	
医学诊断	GB/T 15657-1995-6	中医证候代码	ZYVY50	气阴耗伤证	
医学诊断	GB/T 15657-1995-6	中医证候代码	ZYVY51	气阴耗竭证	
医学诊断	GB/T 15657-1995-6	中医证候代码	ZYVY52	气液耗伤证	
医学诊断	GB/T 15657-1995-6	中医证候代码	ZYX	血证类	
医学诊断	GB/T 15657-1995-6	中医证候代码	ZYX0060	血败肉腐证	
医学诊断	GB/T 15657-1995-6	中医证候代码	ZYX0070	干血内结证	
医学诊断	GB/T 15657-1995-6	中医证候代码	ZYX010	血滞证	
医学诊断	GB/T 15657-1995-6	中医证候代码	ZYX020	血枯证	
医学诊断	GB/T 15657-1995-6	中医证候代码	ZYX030	血虚证	
医学诊断	GB/T 15657-1995-6	中医证候代码	ZYX031	阴血不足证	
医学诊断	GB/T 15657-1995-6	中医证候代码	ZYX032	阴血亏虚证	
医学诊断	GB/T 15657-1995-6	中医证候代码	ZYX040	血虚失养证	
医学诊断	GB/T 15657-1995-6	中医证候代码	ZYX050	败血入胞证	
医学诊断	GB/T 15657-1995-6	中医证候代码	ZYX080	血行郁滞证	
医学诊断	GB/T 15657-1995-6	中医证候代码	ZYX090	血结胸证	
医学诊断	GB/T 15657-1995-6	中医证候代码	ZYX100	精血亏虚证	
医学诊断	GB/T 15657-1995-6	中医证候代码	ZYX110	下焦蓄血证	
医学诊断	GB/T 15657-1995-6	中医证候代码	ZYX111	下焦蓄血，瘀阻膀胱证	
医学诊断	GB/T 15657-1995-6	中医证候代码	ZYX120	血瘀证	
医学诊断	GB/T 15657-1995-6	中医证候代码	ZYX130	血瘀积结证	
医学诊断	GB/T 15657-1995-6	中医证候代码	ZYX131	血瘀成积证	
医学诊断	GB/T 15657-1995-6	中医证候代码	ZYX140	血瘀成痈证	
医学诊断	GB/T 15657-1995-6	中医证候代码	ZYX150	血瘀肉腐证	
医学诊断	GB/T 15657-1995-6	中医证候代码	ZYX160	血瘀失养证	
医学诊断	GB/T 15657-1995-6	中医证候代码	ZYX170	瘀血证	
医学诊断	GB/T 15657-1995-6	中医证候代码	ZYX180	瘀血痹闭证	
医学诊断	GB/T 15657-1995-6	中医证候代码	ZYX181	瘀血痹阻证	
医学诊断	GB/T 15657-1995-6	中医证候代码	ZYX190	瘀血内滞证	
医学诊断	GB/T 15657-1995-6	中医证候代码	ZYX191	瘀血内结证	
医学诊断	GB/T 15657-1995-6	中医证候代码	ZYX192	瘀血内停证	
医学诊断	GB/T 15657-1995-6	中医证候代码	ZYX193	瘀血内停，清窍受阻证	
医学诊断	GB/T 15657-1995-6	中医证候代码	ZYX194	瘀血内阻证	
医学诊断	GB/T 15657-1995-6	中医证候代码	ZYX195	瘀结证	
医学诊断	GB/T 15657-1995-6	中医证候代码	ZYX200	瘀血阻滞证	
医学诊断	GB/T 15657-1995-6	中医证候代码	ZYX201	瘀血凝滞证	
医学诊断	GB/T 15657-1995-6	中医证候代码	ZYX202	瘀血停滞证	
医学诊断	GB/T 15657-1995-6	中医证候代码	ZYX203	瘀血停着证	
医学诊断	GB/T 15657-1995-6	中医证候代码	ZYX204	瘀血留滞证	
医学诊断	GB/T 15657-1995-6	中医证候代码	ZYX210	瘀血阻膈证	
医学诊断	GB/T 15657-1995-6	中医证候代码	ZYX220	瘀肿疼痛证	
医学诊断	GB/T 15657-1995-6	中医证候代码	ZYX230	瘀滞证	
医学诊断	GB/T 15657-1995-6	中医证候代码	ZYX240	瘀滞胞宫证	
医学诊断	GB/T 15657-1995-6	中医证候代码	ZYX250	瘀滞肌肤证	
医学诊断	GB/T 15657-1995-6	中医证候代码	ZYX260	下焦瘀滞证	
医学诊断	GB/T 15657-1995-6	中医证候代码	ZYX270	瘀积发黄证	
医学诊断	GB/T 15657-1995-6	中医证候代码	ZYX280	瘀扰神明证	
医学诊断	GB/T 15657-1995-6	中医证候代码	ZYX290	瘀阻清窍证	
医学诊断	GB/T 15657-1995-6	中医证候代码	ZYX291	瘀停清窍证	
医学诊断	GB/T 15657-1995-6	中医证候代码	ZYX300	瘀阻胸胁证	
医学诊断	GB/T 15657-1995-6	中医证候代码	ZYX301	瘀停胸胁证	
医学诊断	GB/T 15657-1995-6	中医证候代码	ZYX310	瘀阻于上证	
医学诊断	GB/T 15657-1995-6	中医证候代码	ZYX320	瘀阻中焦证	
医学诊断	GB/T 15657-1995-6	中医证候代码	ZYX330	正虚瘀结证	
医学诊断	GB/T 15657-1995-6	中医证候代码	ZYX340	亡血证	
医学诊断	GB/T 15657-1995-6	中医证候代码	ZYX350	瘀闭血脉证	
医学诊断	GB/T 15657-1995-6	中医证候代码	ZYX360	血脉瘀阻证	
医学诊断	GB/T 15657-1995-6	中医证候代码	ZYX370	血虚血瘀证	
医学诊断	GB/T 15657-1995-6	中医证候代码	ZYX380	血不濡筋证	
医学诊断	GB/T 15657-1995-6	中医证候代码	ZYXA	血、阳证类	
医学诊断	GB/T 15657-1995-6	中医证候代码	ZYXA10	血虚阳浮证	
医学诊断	GB/T 15657-1995-6	中医证候代码	ZYXF	血、肺证类	
医学诊断	GB/T 15657-1995-6	中医证候代码	ZYXF10	瘀血乘肺证	
医学诊断	GB/T 15657-1995-6	中医证候代码	ZYXF20	血虚肠燥证	
医学诊断	GB/T 15657-1995-6	中医证候代码	ZYXF30	瘀阻肠络证	
医学诊断	GB/T 15657-1995-6	中医证候代码	ZYXG	血、肝证类	
医学诊断	GB/T 15657-1995-6	中医证候代码	ZYXG10	血虚肝旺证	
医学诊断	GB/T 15657-1995-6	中医证候代码	ZYXG20	血虚生风证	
医学诊断	GB/T 15657-1995-6	中医证候代码	ZYXG21	血虚风动证	
医学诊断	GB/T 15657-1995-6	中医证候代码	ZYXG22	血虚风扰证	
医学诊断	GB/T 15657-1995-6	中医证候代码	ZYXG30	血虚风燥证	
医学诊断	GB/T 15657-1995-6	中医证候代码	ZYXG40	血瘀风燥证	
医学诊断	GB/T 15657-1995-6	中医证候代码	ZYXH	血、寒证类	
医学诊断	GB/T 15657-1995-6	中医证候代码	ZYXH00	血寒证	
医学诊断	GB/T 15657-1995-6	中医证候代码	ZYXH10	血寒凝滞证	
医学诊断	GB/T 15657-1995-6	中医证候代码	ZYXH20	血虚寒凝证	
医学诊断	GB/T 15657-1995-6	中医证候代码	ZYXJ	血、津液证类	
医学诊断	GB/T 15657-1995-6	中医证候代码	ZYXJ	血、经络证类	
医学诊断	GB/T 15657-1995-6	中医证候代码	ZYXJ10	瘀阻胃络证	
医学诊断	GB/T 15657-1995-6	中医证候代码	ZYXJ20	血虚络损证	
医学诊断	GB/T 15657-1995-6	中医证候代码	ZYXJ30	血瘀络滞证	
医学诊断	GB/T 15657-1995-6	中医证候代码	ZYXJ31	血瘀阻络证	
医学诊断	GB/T 15657-1995-6	中医证候代码	ZYXJ40	瘀血阻络证	
医学诊断	GB/T 15657-1995-6	中医证候代码	ZYXJ50	瘀血伤络证	
医学诊断	GB/T 15657-1995-6	中医证候代码	ZYXJ60	瘀阻经络证	
医学诊断	GB/T 15657-1995-6	中医证候代码	ZYXJ61	瘀阻脉络证	
医学诊断	GB/T 15657-1995-6	中医证候代码	ZYXJ62	瘀阻胞脉证	
医学诊断	GB/T 15657-1995-6	中医证候代码	ZYXJ63	瘀阻脑络证	
医学诊断	GB/T 15657-1995-6	中医证候代码	ZYXJ64	瘀阻冲任证	
医学诊断	GB/T 15657-1995-6	中医证候代码	ZYXJ65	瘀阻心脉证	
医学诊断	GB/T 15657-1995-6	中医证候代码	ZYXJ66	瘀阻宗脉证	
医学诊断	GB/T 15657-1995-6	中医证候代码	ZYXJA0	血虚津亏证	
医学诊断	GB/T 15657-1995-6	中医证候代码	ZYXR	血、热证类	
医学诊断	GB/T 15657-1995-6	中医证候代码	ZYXR00	血热证	
医学诊断	GB/T 15657-1995-6	中医证候代码	ZYXR10	血热动风证	
医学诊断	GB/T 15657-1995-6	中医证候代码	ZYXR20	血热内扰证	
医学诊断	GB/T 15657-1995-6	中医证候代码	ZYXR21	血热内盛证	
医学诊断	GB/T 15657-1995-6	中医证候代码	ZYXR22	血热内陷证	
医学诊断	GB/T 15657-1995-6	中医证候代码	ZYXR30	血热壅滞证	
医学诊断	GB/T 15657-1995-6	中医证候代码	ZYXR40	血热妄行证	
医学诊断	GB/T 15657-1995-6	中医证候代码	ZYXR50	血热肠燥证	
医学诊断	GB/T 15657-1995-6	中医证候代码	ZYXR60	血热伤络证	
医学诊断	GB/T 15657-1995-6	中医证候代码	ZYXR70	血热瘀滞证	
医学诊断	GB/T 15657-1995-6	中医证候代码	ZYXR71	血热瘀结证	
医学诊断	GB/T 15657-1995-6	中医证候代码	ZYXR80	瘀热证	
医学诊断	GB/T 15657-1995-6	中医证候代码	ZYXR90	瘀热互结证	
医学诊断	GB/T 15657-1995-6	中医证候代码	ZYXR91	瘀热交阻证	
医学诊断	GB/T 15657-1995-6	中医证候代码	ZYXRA0	瘀热内郁证	
医学诊断	GB/T 15657-1995-6	中医证候代码	ZYXRB0	瘀热入络证	
医学诊断	GB/T 15657-1995-6	中医证候代码	ZYXRC0	瘀热阻络证	
医学诊断	GB/T 15657-1995-6	中医证候代码	ZYXRD0	瘀热阻滞证	
医学诊断	GB/T 15657-1995-6	中医证候代码	ZYXRD1	瘀热壅阻证	
医学诊断	GB/T 15657-1995-6	中医证候代码	ZYXRE0	血瘀化热证	
医学诊断	GB/T 15657-1995-6	中医证候代码	ZYXRE1	瘀血化热证	
医学诊断	GB/T 15657-1995-6	中医证候代码	ZYXRE2	积瘀化热证	
医学诊断	GB/T 15657-1995-6	中医证候代码	ZYXRF0	瘀滞化热证	
医学诊断	GB/T 15657-1995-6	中医证候代码	ZYXT	血、炎证类	
医学诊断	GB/T 15657-1995-6	中医证候代码	ZYXT10	瘀浊阻塞证	
医学诊断	GB/T 15657-1995-6	中医证候代码	ZYXT20	血瘀痰凝证	
医学诊断	GB/T 15657-1995-6	中医证候代码	ZYXT21	血瘀痰滞证	
医学诊断	GB/T 15657-1995-6	中医证候代码	ZYXT30	瘀痰化火证	
医学诊断	GB/T 15657-1995-6	中医证候代码	ZYXU	血、火证类	
医学诊断	GB/T 15657-1995-6	中医证候代码	ZYXU10	血瘀化火证	
医学诊断	GB/T 15657-1995-6	中医证候代码	ZYXU20	瘀滞化火证	
医学诊断	GB/T 15657-1995-6	中医证候代码	ZYXV	血、气证类	
医学诊断	GB/T 15657-1995-6	中医证候代码	ZYXV10	瘀阻气道证	
医学诊断	GB/T 15657-1995-6	中医证候代码	ZYXV20	瘀阻气闭证	
医学诊断	GB/T 15657-1995-6	中医证候代码	ZYXV30	血虚气脱证	
医学诊断	GB/T 15657-1995-6	中医证候代码	ZYXV40	血瘀气滞证	
医学诊断	GB/T 15657-1995-6	中医证候代码	ZYXV50	血瘀气逆证	
医学诊断	GB/T 15657-1995-6	中医证候代码	ZYXV51	血瘀气逆，阻塞清窍证	
医学诊断	GB/T 15657-1995-6	中医证候代码	ZYXX	血、心证类	
医学诊断	GB/T 15657-1995-6	中医证候代码	ZYXX10	败血冲心证	
医学诊断	GB/T 15657-1995-6	中医证候代码	ZYXX20	瘀血凌心证	
医学诊断	GB/T 15657-1995-6	中医证候代码	ZYXX30	血不养心证	
医学诊断	GB/T 15657-1995-6	中医证候代码	ZYXY	血、阴证类	
医学诊断	GB/T 15657-1995-6	中医证候代码	ZYXY10	血虚阴亏证	
医学诊断	GB/T 15657-1995-6	中医证候代码	ZYXZ	血、燥证类	
医学诊断	GB/T 15657-1995-6	中医证候代码	ZYXZ10	血燥生风证	
医学诊断	GB/T 15657-1995-6	中医证候代码	ZYXZ20	血燥失养证	
医学诊断	GB/T 15657-1995-6	中医证候代码	ZYY	阴证类	
医学诊断	GB/T 15657-1995-6	中医证候代码	ZYY010	亡阴证	
医学诊断	GB/T 15657-1995-6	中医证候代码	ZYY020	阴闭证	
医学诊断	GB/T 15657-1995-6	中医证候代码	ZYY030	伤阴证	
医学诊断	GB/T 15657-1995-6	中医证候代码	ZYY040	腑实阴伤证	
医学诊断	GB/T 15657-1995-6	中医证候代码	ZYY050	久病伤阴证	
医学诊断	GB/T 15657-1995-6	中医证候代码	ZYY051	久病伤阴，虚火上炎证	
医学诊断	GB/T 15657-1995-6	中医证候代码	ZYY060	疹后阴伤证	
医学诊断	GB/T 15657-1995-6	中医证候代码	ZYY070	真阴衰竭证	
医学诊断	GB/T 15657-1995-6	中医证候代码	ZYYA	阴、阳证类	
医学诊断	GB/T 15657-1995-6	中医证候代码	ZYYA10	阴阳两虚证	
医学诊断	GB/T 15657-1995-6	中医证候代码	ZYYA20	阴阳失调证	
医学诊断	GB/T 15657-1995-6	中医证候代码	ZYYA30	阴阳离决证	
医学诊断	GB/T 15657-1995-6	中医证候代码	ZYYA40	阴盛阳衰证	
医学诊断	GB/T 15657-1995-6	中医证候代码	ZYYA41	阴盛阳虚证	
医学诊断	GB/T 15657-1995-6	中医证候代码	ZYYA50	阴损及阳证	
医学诊断	GB/T 15657-1995-6	中医证候代码	ZYYA60	阴损阳亏证	
医学诊断	GB/T 15657-1995-6	中医证候代码	ZYYA70	阴竭阳脱证	
医学诊断	GB/T 15657-1995-6	中医证候代码	ZYYA80	阴虚阳浮证	
医学诊断	GB/T 15657-1995-6	中医证候代码	ZYYA90	阴虚阳亢证	
医学诊断	GB/T 15657-1995-6	中医证候代码	ZYYA91	阴虚阳亢，风阳上扰证	
医学诊断	GB/T 15657-1995-6	中医证候代码	ZYYD	阴、毒证类	
医学诊断	GB/T 15657-1995-6	中医证候代码	ZYYD10	阴毒外发证	
医学诊断	GB/T 15657-1995-6	中医证候代码	ZYYD20	阴虚毒恋证	
医学诊断	GB/T 15657-1995-6	中医证候代码	ZYYF	阴、肺证类	
医学诊断	GB/T 15657-1995-6	中医证候代码	ZYYF10	阴虚肺热证	
医学诊断	GB/T 15657-1995-6	中医证候代码	ZYYF20	阴虚肺燥证	
医学诊断	GB/T 15657-1995-6	中医证候代码	ZYYF30	阴虚肠燥证	
医学诊断	GB/T 15657-1995-6	中医证候代码	ZYYG	阴、肝证类	
医学诊断	GB/T 15657-1995-6	中医证候代码	ZYYG10	阴虚肝旺证	
医学诊断	GB/T 15657-1995-6	中医证候代码	ZYYG20	阴虚风动证	
医学诊断	GB/T 15657-1995-6	中医证候代码	ZYYH	阴、寒证类	
医学诊断	GB/T 15657-1995-6	中医证候代码	ZYYH00	阴寒证	
医学诊断	GB/T 15657-1995-6	中医证候代码	ZYYH10	阴寒凝聚证	
医学诊断	GB/T 15657-1995-6	中医证候代码	ZYYH11	阴寒凝滞证	
医学诊断	GB/T 15657-1995-6	中医证候代码	ZYYH20	阴寒内闭证	
医学诊断	GB/T 15657-1995-6	中医证候代码	ZYYH21	阴寒内结证	
医学诊断	GB/T 15657-1995-6	中医证候代码	ZYYM	阴、湿证类	
医学诊断	GB/T 15657-1995-6	中医证候代码	ZYYM10	阴虚湿热证	
医学诊断	GB/T 15657-1995-6	中医证候代码	ZYYP	阴、脾证类	
医学诊断	GB/T 15657-1995-6	中医证候代码	ZYYP10	阴伤胃败证	
医学诊断	GB/T 15657-1995-6	中医证候代码	ZYYR	阴、热证类	
医学诊断	GB/T 15657-1995-6	中医证候代码	ZYYR10	阴虚内热证	
医学诊断	GB/T 15657-1995-6	中医证候代码	ZYYR20	阴虚热郁证	
医学诊断	GB/T 15657-1995-6	中医证候代码	ZYYR30	阴虚热毒证	
医学诊断	GB/T 15657-1995-6	中医证候代码	ZYYS	阴、暑证类	
医学诊断	GB/T 15657-1995-6	中医证候代码	ZYYS	阴、肾证类	
医学诊断	GB/T 15657-1995-6	中医证候代码	ZYYS00	阴暑证	
医学诊断	GB/T 15657-1995-6	中医证候代码	ZYYSA0	阴虚肾亏证	
医学诊断	GB/T 15657-1995-6	中医证候代码	ZYYT	阴、痰证类	
医学诊断	GB/T 15657-1995-6	中医证候代码	ZYYT10	阴闭痰湿证	
医学诊断	GB/T 15657-1995-6	中医证候代码	ZYYT20	阴虚痰热证	
医学诊断	GB/T 15657-1995-6	中医证候代码	ZYYT30	阴虚痰火证	
医学诊断	GB/T 15657-1995-6	中医证候代码	ZYYU	阴、火证类	
医学诊断	GB/T 15657-1995-6	中医证候代码	ZYYU10	阴虚火动证	
医学诊断	GB/T 15657-1995-6	中医证候代码	ZYYU20	阴虚火浮证	
医学诊断	GB/T 15657-1995-6	中医证候代码	ZYYU30	阴虚火旺证	
医学诊断	GB/T 15657-1995-6	中医证候代码	ZYYU31	阴虚火炽证	
医学诊断	GB/T 15657-1995-6	中医证候代码	ZYYU40	虚火上炎证	
医学诊断	GB/T 15657-1995-6	中医证候代码	ZYYU41	虚火上浮证	
医学诊断	GB/T 15657-1995-6	中医证候代码	ZYYU50	虚火灼络证	
医学诊断	GB/T 15657-1995-6	中医证候代码	ZYYV	阴、气证类	
医学诊断	GB/T 15657-1995-6	中医证候代码	ZYYV10	阴伤气耗证	
医学诊断	GB/T 15657-1995-6	中医证候代码	ZYYX	阴、血证类	
医学诊断	GB/T 15657-1995-6	中医证候代码	ZYYX	阴、邪证类	
医学诊断	GB/T 15657-1995-6	中医证候代码	ZYYX10	阴虚邪恋证	
医学诊断	GB/T 15657-1995-6	中医证候代码	ZYYX11	阴虚邪留证	
医学诊断	GB/T 15657-1995-6	中医证候代码	ZYYXA0	阴虚血瘀证	
医学诊断	GB/T 15657-1995-6	中医证候代码	ZYYXB0	阴虚血热证	
医学诊断	GB/T 15657-1995-6	中医证候代码	ZYYXC0	阴虚血燥证	
医学诊断	GB/T 15657-1995-6	中医证候代码	ZYYZ	阴、燥证类	
医学诊断	GB/T 15657-1995-6	中医证候代码	ZYYZ10	阴虚燥热证	
医学诊断	GB/T 15657-1995-6	中医证候代码	ZZ	脏腑经络证候类	
医学诊断	GB/T 15657-1995-6	中医证候代码	ZZF	肺证类	
医学诊断	GB/T 15657-1995-6	中医证候代码	ZZF010	肺脏亏虚证	
医学诊断	GB/T 15657-1995-6	中医证候代码	ZZF020	肺失治节，水道不利证	
医学诊断	GB/T 15657-1995-6	中医证候代码	ZZF030	肺虚不固证	
医学诊断	GB/T 15657-1995-6	中医证候代码	ZZF040	肺卫不固证	
医学诊断	GB/T 15657-1995-6	中医证候代码	ZZF041	肺卫气虚证	
医学诊断	GB/T 15657-1995-6	中医证候代码	ZZFG	肺、肝证类	
医学诊断	GB/T 15657-1995-6	中医证候代码	ZZFG10	肺肝风热证	
医学诊断	GB/T 15657-1995-6	中医证候代码	ZZFG11	肺肝风热，血热壅滞证	
医学诊断	GB/T 15657-1995-6	中医证候代码	ZZFG20	肝肺热盛证	
医学诊断	GB/T 15657-1995-6	中医证候代码	ZZFH	肺、寒证类	
医学诊断	GB/T 15657-1995-6	中医证候代码	ZZFH10	肺虚寒证	
医学诊断	GB/T 15657-1995-6	中医证候代码	ZZFH20	肺虚感寒证	
医学诊断	GB/T 15657-1995-6	中医证候代码	ZZFJ	肺、经络证类	
医学诊断	GB/T 15657-1995-6	中医证候代码	ZZFJ10	肺经风热证	
医学诊断	GB/T 15657-1995-6	中医证候代码	ZZFJ20	肺经热盛证	
医学诊断	GB/T 15657-1995-6	中医证候代码	ZZFJ30	肺经受热证	
医学诊断	GB/T 15657-1995-6	中医证候代码	ZZFJ31	肺经受热，痰湿凝滞证	
医学诊断	GB/T 15657-1995-6	中医证候代码	ZZFJ40	肺经湿热证	
医学诊断	GB/T 15657-1995-6	中医证候代码	ZZFJ41	肺经湿热，编造结鼻窍证	
医学诊断	GB/T 15657-1995-6	中医证候代码	ZZFJ50	肺经虚热证	
医学诊断	GB/T 15657-1995-6	中医证候代码	ZZFJ60	肺经郁火证	
医学诊断	GB/T 15657-1995-6	中医证候代码	ZZFJ70	肺经蕴热证	
医学诊断	GB/T 15657-1995-6	中医证候代码	ZZFJ71	肺经蕴热，邪毒外袭证	
医学诊断	GB/T 15657-1995-6	中医证候代码	ZZFJ80	肺经燥热证	
医学诊断	GB/T 15657-1995-6	中医证候代码	ZZFJ90	肺经瘀阻证	
医学诊断	GB/T 15657-1995-6	中医证候代码	ZZFJA0	肺络不畅证	
医学诊断	GB/T 15657-1995-6	中医证候代码	ZZFJB0	肠风伤络证	
医学诊断	GB/T 15657-1995-6	中医证候代码	ZZFJB1	风伤肠络证	
医学诊断	GB/T 15657-1995-6	中医证候代码	ZZFM	肺、湿证类	
医学诊断	GB/T 15657-1995-6	中医证候代码	ZZFM10	肠道湿热证	
医学诊断	GB/T 15657-1995-6	中医证候代码	ZZFM11	大肠湿热证	
医学诊断	GB/T 15657-1995-6	中医证候代码	ZZFP	肺、脾证类	
医学诊断	GB/T 15657-1995-6	中医证候代码	ZZFP10	肺脾两虚证	
医学诊断	GB/T 15657-1995-6	中医证候代码	ZZFP11	肺脾两虚，邪滞鼻窍证	
医学诊断	GB/T 15657-1995-6	中医证候代码	ZZFP20	肺脾气虚证	
医学诊断	GB/T 15657-1995-6	中医证候代码	ZZFP30	肺脾湿热证	
医学诊断	GB/T 15657-1995-6	中医证候代码	ZZFP40	肺脾积热证	
医学诊断	GB/T 15657-1995-6	中医证候代码	ZZFP50	肺胃热盛证	
医学诊断	GB/T 15657-1995-6	中医证候代码	ZZFP60	肺胃积热证	
医学诊断	GB/T 15657-1995-6	中医证候代码	ZZFP61	肺胃蕴热证	
医学诊断	GB/T 15657-1995-6	中医证候代码	ZZFP70	肺胃实热证	
医学诊断	GB/T 15657-1995-6	中医证候代码	ZZFP80	肺胃湿热证	
医学诊断	GB/T 15657-1995-6	中医证候代码	ZZFP90	肺胃燥热证	
医学诊断	GB/T 15657-1995-6	中医证候代码	ZZFPA0	肺胃阴伤证	
医学诊断	GB/T 15657-1995-6	中医证候代码	ZZFPB0	肠胃湿热证	
医学诊断	GB/T 15657-1995-6	中医证候代码	ZZFPC0	肠胃实热证	
医学诊断	GB/T 15657-1995-6	中医证候代码	ZZFR	肺、热证类	
医学诊断	GB/T 15657-1995-6	中医证候代码	ZZFR00	肺热证	
医学诊断	GB/T 15657-1995-6	中医证候代码	ZZFR10	肺热亢盛证	
医学诊断	GB/T 15657-1995-6	中医证候代码	ZZFR11	肺热壅盛证	
医学诊断	GB/T 15657-1995-6	中医证候代码	ZZFR20	肺热气壅证	
医学诊断	GB/T 15657-1995-6	中医证候代码	ZZFR30	肺热津伤证	
医学诊断	GB/T 15657-1995-6	中医证候代码	ZZFR31	肺热津伤，筋失濡润证	
医学诊断	GB/T 15657-1995-6	中医证候代码	ZZFR40	肺热失宣证	
医学诊断	GB/T 15657-1995-6	中医证候代码	ZZFR50	肺热上郁证	
医学诊断	GB/T 15657-1995-6	中医证候代码	ZZFR60	肺热下移证	
医学诊断	GB/T 15657-1995-6	中医证候代码	ZZFR70	肺热血热证	
医学诊断	GB/T 15657-1995-6	中医证候代码	ZZFR80	肺热血瘀证	
医学诊断	GB/T 15657-1995-6	中医证候代码	ZZFR90	肺热移肠证	
医学诊断	GB/T 15657-1995-6	中医证候代码	ZZFRA0	肺热发疹证	
医学诊断	GB/T 15657-1995-6	中医证候代码	ZZFRB0	肠道实热证	
医学诊断	GB/T 15657-1995-6	中医证候代码	ZZFS	肺、肾证类	
医学诊断	GB/T 15657-1995-6	中医证候代码	ZZFS10	肺肾两虚证	
医学诊断	GB/T 15657-1995-6	中医证候代码	ZZFS20	肺肾气虚证	
医学诊断	GB/T 15657-1995-6	中医证候代码	ZZFS30	肺肾阴虚证	
医学诊断	GB/T 15657-1995-6	中医证候代码	ZZFS40	肺肾阳虚证	
医学诊断	GB/T 15657-1995-6	中医证候代码	ZZFV	肺、气证类	
医学诊断	GB/T 15657-1995-6	中医证候代码	ZZFV10	肺气亏虚证	
医学诊断	GB/T 15657-1995-6	中医证候代码	ZZFV20	肺气虚寒证	
医学诊断	GB/T 15657-1995-6	中医证候代码	ZZFV30	肺气郁痹证	
医学诊断	GB/T 15657-1995-6	中医证候代码	ZZFV40	肠道气滞证	
医学诊断	GB/T 15657-1995-6	中医证候代码	ZZFX	肺、邪证类	
医学诊断	GB/T 15657-1995-6	中医证候代码	ZZFX10	肺虚邪滞证	
医学诊断	GB/T 15657-1995-6	中医证候代码	ZZFY	肺、阴证类	
医学诊断	GB/T 15657-1995-6	中医证候代码	ZZFY10	肺阴不中证	
医学诊断	GB/T 15657-1995-6	中医证候代码	ZZFY20	肺阴亏虚证	
医学诊断	GB/T 15657-1995-6	中医证候代码	ZZFY21	肺阴亏耗证	
医学诊断	GB/T 15657-1995-6	中医证候代码	ZZFY30	肺阴伤证	
医学诊断	GB/T 15657-1995-6	中医证候代码	ZZFY40	肺阴火旺证	
医学诊断	GB/T 15657-1995-6	中医证候代码	ZZFZ	肺、燥证类	
医学诊断	GB/T 15657-1995-6	中医证候代码	ZZFZ00	肺燥证	
医学诊断	GB/T 15657-1995-6	中医证候代码	ZZFZ10	肺燥郁热证	
医学诊断	GB/T 15657-1995-6	中医证候代码	ZZFZ20	肺燥伤阴证	
医学诊断	GB/T 15657-1995-6	中医证候代码	ZZFZ21	肺燥津伤证	
医学诊断	GB/T 15657-1995-6	中医证候代码	ZZFZ30	肺燥肠闭证	
医学诊断	GB/T 15657-1995-6	中医证候代码	ZZFZ40	肺燥肠热证	
医学诊断	GB/T 15657-1995-6	中医证候代码	ZZFZ41	肺燥肠热，络伤咳血证	
医学诊断	GB/T 15657-1995-6	中医证候代码	ZZFZ50	肺虚燥证	
医学诊断	GB/T 15657-1995-6	中医证候代码	ZZFZ60	肠燥津伤证	
医学诊断	GB/T 15657-1995-6	中医证候代码	ZZG	肝证类	
医学诊断	GB/T 15657-1995-6	中医证候代码	ZZG010	肝郁证	
医学诊断	GB/T 15657-1995-6	中医证候代码	ZZG011	肝郁不舒证	
医学诊断	GB/T 15657-1995-6	中医证候代码	ZZGA	肝、阳证类	
医学诊断	GB/T 15657-1995-6	中医证候代码	ZZGA10	肝阳暴亢证	
医学诊断	GB/T 15657-1995-6	中医证候代码	ZZGA11	肝阳暴亢，风火止逆证	
医学诊断	GB/T 15657-1995-6	中医证候代码	ZZGA12	肝阳暴亢，风火上扰证	
医学诊断	GB/T 15657-1995-6	中医证候代码	ZZGA20	肝阳化风证	
医学诊断	GB/T 15657-1995-6	中医证候代码	ZZGA21	肝阳化风，痰热上扰证	
医学诊断	GB/T 15657-1995-6	中医证候代码	ZZGA30	肝阳上亢证	
医学诊断	GB/T 15657-1995-6	中医证候代码	ZZGA31	肝阳上亢，脉络瘀阻证	
医学诊断	GB/T 15657-1995-6	中医证候代码	ZZGA32	肝阳上亢，痰邪阻窍证	
医学诊断	GB/T 15657-1995-6	中医证候代码	ZZGA40	肝阳上扰证	
医学诊断	GB/T 15657-1995-6	中医证候代码	ZZGA50	风阳内动证	
医学诊断	GB/T 15657-1995-6	中医证候代码	ZZGA60	风阳痰火证	
医学诊断	GB/T 15657-1995-6	中医证候代码	ZZGF	肝、风证类	
医学诊断	GB/T 15657-1995-6	中医证候代码	ZZGF01	肝风证	
医学诊断	GB/T 15657-1995-6	中医证候代码	ZZGF10	肝风内动证	
医学诊断	GB/T 15657-1995-6	中医证候代码	ZZGF11	肝风内动――风窜络脉证	
医学诊断	GB/T 15657-1995-6	中医证候代码	ZZGF12	肝风内动――阴虚风动证	
医学诊断	GB/T 15657-1995-6	中医证候代码	ZZGF13	虚风内动证	
医学诊断	GB/T 15657-1995-6	中医证候代码	ZZGF20	肝风痰浊证	
医学诊断	GB/T 15657-1995-6	中医证候代码	ZZGJ	肝、经络证类	
医学诊断	GB/T 15657-1995-6	中医证候代码	ZZGJ10	肝经风热证	
医学诊断	GB/T 15657-1995-6	中医证候代码	ZZGJ20	肝经积热证	
医学诊断	GB/T 15657-1995-6	中医证候代码	ZZGJ30	肝经热盛证	
医学诊断	GB/T 15657-1995-6	中医证候代码	ZZGJ40	肝经郁热证	
医学诊断	GB/T 15657-1995-6	中医证候代码	ZZGJ50	肝经火盛证	
医学诊断	GB/T 15657-1995-6	中医证候代码	ZZGJ60	肝经郁火证	
医学诊断	GB/T 15657-1995-6	中医证候代码	ZZGJ70	肝经湿热证	
医学诊断	GB/T 15657-1995-6	中医证候代码	ZZGJ80	胆经郁热证	
医学诊断	GB/T 15657-1995-6	中医证候代码	ZZGM	肝、湿证类	
医学诊断	GB/T 15657-1995-6	中医证候代码	ZZGM10	肝郁湿热证	
医学诊断	GB/T 15657-1995-6	中医证候代码	ZZGM20	肝胆湿热证	
医学诊断	GB/T 15657-1995-6	中医证候代码	ZZGM21	肝胆湿热上蒸证	
医学诊断	GB/T 15657-1995-6	中医证候代码	ZZGP	肝、脾证类	
医学诊断	GB/T 15657-1995-6	中医证候代码	ZZGP10	肝脾亏虚证	
医学诊断	GB/T 15657-1995-6	中医证候代码	ZZGP20	肝脾两虚证	
医学诊断	GB/T 15657-1995-6	中医证候代码	ZZGP30	肝脾气滞证	
医学诊断	GB/T 15657-1995-6	中医证候代码	ZZGP40	肝脾湿热证	
医学诊断	GB/T 15657-1995-6	中医证候代码	ZZGP41	肝脾湿火证	
医学诊断	GB/T 15657-1995-6	中医证候代码	ZZGP50	肝脾血瘀证	
医学诊断	GB/T 15657-1995-6	中医证候代码	ZZGP60	肝旺脾虚证	
医学诊断	GB/T 15657-1995-6	中医证候代码	ZZGP70	肝旺脾困证	
医学诊断	GB/T 15657-1995-6	中医证候代码	ZZGP80	肝胃不和证	
医学诊断	GB/T 15657-1995-6	中医证候代码	ZZGP90	肝胃气滞证	
医学诊断	GB/T 15657-1995-6	中医证候代码	ZZGPA0	肝胃虚寒证	
医学诊断	GB/T 15657-1995-6	中医证候代码	ZZGPA1	肝胃虚寒，饮邪上犯证	
医学诊断	GB/T 15657-1995-6	中医证候代码	ZZGPB0	肝胃阴虚证	
医学诊断	GB/T 15657-1995-6	中医证候代码	ZZGPC0	肝胃郁热证	
医学诊断	GB/T 15657-1995-6	中医证候代码	ZZGPD0	肝郁脾虚证	
医学诊断	GB/T 15657-1995-6	中医证候代码	ZZGPE0	肝木犯胃证	
医学诊断	GB/T 15657-1995-6	中医证候代码	ZZGR	肝、热证类	
医学诊断	GB/T 15657-1995-6	中医证候代码	ZZGR10	肝热上扰证	
医学诊断	GB/T 15657-1995-6	中医证候代码	ZZGR20	肝郁化热证	
医学诊断	GB/T 15657-1995-6	中医证候代码	ZZGR30	肝胆热毒证	
医学诊断	GB/T 15657-1995-6	中医证候代码	ZZGR40	肝胆郁热证	
医学诊断	GB/T 15657-1995-6	中医证候代码	ZZGR50	肝郁胆热热	
医学诊断	GB/T 15657-1995-6	中医证候代码	ZZGR60	胆腑郁热证	
医学诊断	GB/T 15657-1995-6	中医证候代码	ZZGR70	胆热证	
医学诊断	GB/T 15657-1995-6	中医证候代码	ZZGS	肝、肾证类	
医学诊断	GB/T 15657-1995-6	中医证候代码	ZZGS10	肝肾不足证	
医学诊断	GB/T 15657-1995-6	中医证候代码	ZZGS11	肝肾亏损证	
医学诊断	GB/T 15657-1995-6	中医证候代码	ZZGS20	肝肾亏虚证	
医学诊断	GB/T 15657-1995-6	中医证候代码	ZZGS21	肝肾亏虚，髓枯筋痿证	
医学诊断	GB/T 15657-1995-6	中医证候代码	ZZGS22	肝肾亏虚，阴血不足证	
医学诊断	GB/T 15657-1995-6	中医证候代码	ZZGS30	肝肾两虚证	
医学诊断	GB/T 15657-1995-6	中医证候代码	ZZGS31	肝肾两亏证	
医学诊断	GB/T 15657-1995-6	中医证候代码	ZZGS32	肝肾两虚，约束无权证	
医学诊断	GB/T 15657-1995-6	中医证候代码	ZZGS40	肝肾阴虚证	
医学诊断	GB/T 15657-1995-6	中医证候代码	ZZGS41	肝肾阴虚，风阳上扰证	
医学诊断	GB/T 15657-1995-6	中医证候代码	ZZGS42	肝肾阴虚，肝阳上亢证	
医学诊断	GB/T 15657-1995-6	中医证候代码	ZZGS50	肝郁肾虚证	
医学诊断	GB/T 15657-1995-6	中医证候代码	ZZGT	肝、痰证类	
医学诊断	GB/T 15657-1995-6	中医证候代码	ZZGT10	肝郁痰火证	
医学诊断	GB/T 15657-1995-6	中医证候代码	ZZGT20	肝郁痰凝证	
医学诊断	GB/T 15657-1995-6	中医证候代码	ZZGU	肝、火证类	
医学诊断	GB/T 15657-1995-6	中医证候代码	ZZGU10	肝火炽盛证	
医学诊断	GB/T 15657-1995-6	中医证候代码	ZZGU11	肝火亢盛证	
医学诊断	GB/T 15657-1995-6	中医证候代码	ZZGU12	肝火旺盛证	
医学诊断	GB/T 15657-1995-6	中医证候代码	ZZGU20	肝火上炎证	
医学诊断	GB/T 15657-1995-6	中医证候代码	ZZGU21	肝火上扰证	
医学诊断	GB/T 15657-1995-6	中医证候代码	ZZGU22	肝火上扰清窍证	
医学诊断	GB/T 15657-1995-6	中医证候代码	ZZGU30	肝火湿热证	
医学诊断	GB/T 15657-1995-6	中医证候代码	ZZGU31	肝火湿热上攻证	
医学诊断	GB/T 15657-1995-6	中医证候代码	ZZGU40	肝火痰热证	
医学诊断	GB/T 15657-1995-6	中医证候代码	ZZGU50	肝火犯肺证	
医学诊断	GB/T 15657-1995-6	中医证候代码	ZZGU60	肝火犯胃证	
医学诊断	GB/T 15657-1995-6	中医证候代码	ZZGU70	肝火流筋证	
医学诊断	GB/T 15657-1995-6	中医证候代码	ZZGU80	肝郁化火证	
医学诊断	GB/T 15657-1995-6	中医证候代码	ZZGU90	肝郁火旺证	
医学诊断	GB/T 15657-1995-6	中医证候代码	ZZGUA0	肝胆火炽证	
医学诊断	GB/T 15657-1995-6	中医证候代码	ZZGUA1	肝胆火炽，风火攻目证	
医学诊断	GB/T 15657-1995-6	中医证候代码	ZZGUB0	肝胆火热证	
医学诊断	GB/T 15657-1995-6	中医证候代码	ZZGUC0	肝胆火盛证	
医学诊断	GB/T 15657-1995-6	中医证候代码	ZZGUC1	肝胆火盛，邪热外侵证	
医学诊断	GB/T 15657-1995-6	中医证候代码	ZZGUD0	肝胆火旺证	
医学诊断	GB/T 15657-1995-6	中医证候代码	ZZGUE0	胆火上逆证	
医学诊断	GB/T 15657-1995-6	中医证候代码	ZZGV	肝、气证类	
医学诊断	GB/T 15657-1995-6	中医证候代码	ZZGV10	肝气郁结证	
医学诊断	GB/T 15657-1995-6	中医证候代码	ZZGV11	肝气郁结，气滞血瘀证	
医学诊断	GB/T 15657-1995-6	中医证候代码	ZZGV12	肝气郁滞证	
医学诊断	GB/T 15657-1995-6	中医证候代码	ZZGV20	肝气乘脾证	
医学诊断	GB/T 15657-1995-6	中医证候代码	ZZGV30	肝气犯胃证	
医学诊断	GB/T 15657-1995-6	中医证候代码	ZZGV40	肝郁气滞证	
医学诊断	GB/T 15657-1995-6	中医证候代码	ZZGV41	肝郁气滞，气火上逆证	
医学诊断	GB/T 15657-1995-6	中医证候代码	ZZGV42	肝郁气滞，痰浊阻络证	
医学诊断	GB/T 15657-1995-6	中医证候代码	ZZGX	肝、血证类	
医学诊断	GB/T 15657-1995-6	中医证候代码	ZZGX10	肝血不足证	
医学诊断	GB/T 15657-1995-6	中医证候代码	ZZGX11	肝血不足，风中脉络证	
医学诊断	GB/T 15657-1995-6	中医证候代码	ZZGX12	肝血不足，外感风邪证	
医学诊断	GB/T 15657-1995-6	中医证候代码	ZZGX20	肝血亏虚证	
医学诊断	GB/T 15657-1995-6	中医证候代码	ZZGX30	肝郁血热证	
医学诊断	GB/T 15657-1995-6	中医证候代码	ZZGX40	肝郁血虚证	
医学诊断	GB/T 15657-1995-6	中医证候代码	ZZGX50	肝郁血瘀证	
医学诊断	GB/T 15657-1995-6	中医证候代码	ZZGX60	肝胆瘀阻证	
医学诊断	GB/T 15657-1995-6	中医证候代码	ZZGY	肝、阴证类	
医学诊断	GB/T 15657-1995-6	中医证候代码	ZZGY10	肝阴不足证	
医学诊断	GB/T 15657-1995-6	中医证候代码	ZZGY20	肝阴亏虚证	
医学诊断	GB/T 15657-1995-6	中医证候代码	ZZJ	经络证类	
医学诊断	GB/T 15657-1995-6	中医证候代码	ZZJ010	冲任失调证	
医学诊断	GB/T 15657-1995-6	中医证候代码	ZZJ020	经脉不和证	
医学诊断	GB/T 15657-1995-6	中医证候代码	ZZJ030	经脉空虚证	
医学诊断	GB/T 15657-1995-6	中医证候代码	ZZJ031	络脉空虚，风邪入中证	
医学诊断	GB/T 15657-1995-6	中医证候代码	ZZJ040	络脉破损证	
医学诊断	GB/T 15657-1995-6	中医证候代码	ZZJ050	胸络不和证	
医学诊断	GB/T 15657-1995-6	中医证候代码	ZZJ060	窍络被蒙证	
医学诊断	GB/T 15657-1995-6	中医证候代码	ZZJ070	络气不和证	
医学诊断	GB/T 15657-1995-6	中医证候代码	ZZJX	经络、血证类	
医学诊断	GB/T 15657-1995-6	中医证候代码	ZZJX10	络伤出血证	
医学诊断	GB/T 15657-1995-6	中医证候代码	ZZJX20	伤络便血证	
医学诊断	GB/T 15657-1995-6	中医证候代码	ZZJX30	经络瘀滞证	
医学诊断	GB/T 15657-1995-6	中医证候代码	ZZJX31	经络瘀阻证	
医学诊断	GB/T 15657-1995-6	中医证候代码	ZZJX32	经脉瘀阻证	
医学诊断	GB/T 15657-1995-6	中医证候代码	ZZP	脾证类	
医学诊断	GB/T 15657-1995-6	中医证候代码	ZZP010	脾虚证	
医学诊断	GB/T 15657-1995-6	中医证候代码	ZZP020	脾虚不摄证	
医学诊断	GB/T 15657-1995-6	中医证候代码	ZZP030	脾虚不固证	
医学诊断	GB/T 15657-1995-6	中医证候代码	ZZP040	脾虚失运证	
医学诊断	GB/T 15657-1995-6	中医证候代码	ZZP041	脾虚失运，中气不足证	
医学诊断	GB/T 15657-1995-6	中医证候代码	ZZP050	脾虚中衰证	
医学诊断	GB/T 15657-1995-6	中医证候代码	ZZP051	脾虚中衰，清阳不升证	
医学诊断	GB/T 15657-1995-6	中医证候代码	ZZP060	脾失健运证	
医学诊断	GB/T 15657-1995-6	中医证候代码	ZZP061	脾失健运，湿浊流注证	
医学诊断	GB/T 15657-1995-6	中医证候代码	ZZP070	脾胃亏虚证	
医学诊断	GB/T 15657-1995-6	中医证候代码	ZZP071	脾胃亏虚，肝阴不足证	
医学诊断	GB/T 15657-1995-6	中医证候代码	ZZP072	脾胃亏虚，精微不运证	
医学诊断	GB/T 15657-1995-6	中医证候代码	ZZP073	脾胃亏虚，余湿未尽证	
医学诊断	GB/T 15657-1995-6	中医证候代码	ZZP080	脾胃虚弱证	
医学诊断	GB/T 15657-1995-6	中医证候代码	ZZP090	脾胃失调证	
医学诊断	GB/T 15657-1995-6	中医证候代码	ZZP091	脾胃失调，湿热郁蒸证	
医学诊断	GB/T 15657-1995-6	中医证候代码	ZZP092	脾胃不和证	
医学诊断	GB/T 15657-1995-6	中医证候代码	ZZP100	胃腑不和证	
医学诊断	GB/T 15657-1995-6	中医证候代码	ZZPA	脾、阳证类	
医学诊断	GB/T 15657-1995-6	中医证候代码	ZZPA10	脾阳不足证	
医学诊断	GB/T 15657-1995-6	中医证候代码	ZZPA20	脾阳亏虚证	
医学诊断	GB/T 15657-1995-6	中医证候代码	ZZPA30	脾阳虚衰证	
医学诊断	GB/T 15657-1995-6	中医证候代码	ZZPA40	脾胃阳虚证	
医学诊断	GB/T 15657-1995-6	中医证候代码	ZZPA50	脾阳不振证	
医学诊断	GB/T 15657-1995-6	中医证候代码	ZZPF	脾、肺证类	
医学诊断	GB/T 15657-1995-6	中医证候代码	ZZPF10	脾肺气虚证	
医学诊断	GB/T 15657-1995-6	中医证候代码	ZZPF11	脾肺气虚，膀胱失约证	
医学诊断	GB/T 15657-1995-6	中医证候代码	ZZPF20	胃肠积热证	
医学诊断	GB/T 15657-1995-6	中医证候代码	ZZPF30	胃肠湿热证	
医学诊断	GB/T 15657-1995-6	中医证候代码	ZZPF40	胃肠虚热证	
医学诊断	GB/T 15657-1995-6	中医证候代码	ZZPG	脾、肝证类	
医学诊断	GB/T 15657-1995-6	中医证候代码	ZZPG10	脾虚肝热证	
医学诊断	GB/T 15657-1995-6	中医证候代码	ZZPG20	脾虚肝旺证	
医学诊断	GB/T 15657-1995-6	中医证候代码	ZZPH	脾、寒证类	
医学诊断	GB/T 15657-1995-6	中医证候代码	ZZPH10	胃寒证	
医学诊断	GB/T 15657-1995-6	中医证候代码	ZZPH20	脾虚寒湿证	
医学诊断	GB/T 15657-1995-6	中医证候代码	ZZPH30	脾胃虚寒证	
医学诊断	GB/T 15657-1995-6	中医证候代码	ZZPH40	中焦虚寒证	
医学诊断	GB/T 15657-1995-6	中医证候代码	ZZPH50	中虚脏寒证	
医学诊断	GB/T 15657-1995-6	中医证候代码	ZZPH60	胃中寒冷证	
医学诊断	GB/T 15657-1995-6	中医证候代码	ZZPJ	脾、经络证类	
医学诊断	GB/T 15657-1995-6	中医证候代码	ZZPJ10	脾经风热证	
医学诊断	GB/T 15657-1995-6	中医证候代码	ZZPJ20	脾经湿热证	
医学诊断	GB/T 15657-1995-6	中医证候代码	ZZPJ30	脾经血燥	
医学诊断	GB/T 15657-1995-6	中医证候代码	ZZPM	脾、湿证类	
医学诊断	GB/T 15657-1995-6	中医证候代码	ZZPM10	脾虚湿蕴证	
医学诊断	GB/T 15657-1995-6	中医证候代码	ZZPM20	脾虚湿泛证	
医学诊断	GB/T 15657-1995-6	中医证候代码	ZZPM30	脾虚湿困证	
医学诊断	GB/T 15657-1995-6	中医证候代码	ZZPM31	脾虚湿困，上犯耳窍证	
医学诊断	GB/T 15657-1995-6	中医证候代码	ZZPM32	脾虚湿困，虚火上浮证	
医学诊断	GB/T 15657-1995-6	中医证候代码	ZZPM40	脾虚湿滞证	
医学诊断	GB/T 15657-1995-6	中医证候代码	ZZPM41	脾虚湿阻证	
医学诊断	GB/T 15657-1995-6	中医证候代码	ZZPM50	脾虚湿热证	
医学诊断	GB/T 15657-1995-6	中医证候代码	ZZPM60	脾虚湿盛证	
医学诊断	GB/T 15657-1995-6	中医证候代码	ZZPM61	脾虚湿盛，风痰阻络证	
医学诊断	GB/T 15657-1995-6	中医证候代码	ZZPM70	脾胃湿热证	
医学诊断	GB/T 15657-1995-6	中医证候代码	ZZPR	脾、热证类	
医学诊断	GB/T 15657-1995-6	中医证候代码	ZZPR10	脾胃伏热证	
医学诊断	GB/T 15657-1995-6	中医证候代码	ZZPR20	脾胃积热证	
医学诊断	GB/T 15657-1995-6	中医证候代码	ZZPR21	脾胃积热，血热伤络证	
医学诊断	GB/T 15657-1995-6	中医证候代码	ZZPR30	脾胃热盛证	
医学诊断	GB/T 15657-1995-6	中医证候代码	ZZPR40	脾胃实热证	
医学诊断	GB/T 15657-1995-6	中医证候代码	ZZPR50	胃热证	
医学诊断	GB/T 15657-1995-6	中医证候代码	ZZPR60	胃热炽盛证	
医学诊断	GB/T 15657-1995-6	中医证候代码	ZZPR61	胃热壅盛证	
医学诊断	GB/T 15657-1995-6	中医证候代码	ZZPR70	胃热薰蒸证	
医学诊断	GB/T 15657-1995-6	中医证候代码	ZZPR80	胃热津亏证	
医学诊断	GB/T 15657-1995-6	中医证候代码	ZZPR90	胃热阴虚证	
医学诊断	GB/T 15657-1995-6	中医证候代码	ZZPRA0	胃热灼阴证	
医学诊断	GB/T 15657-1995-6	中医证候代码	ZZPRB0	胃中积热证	
医学诊断	GB/T 15657-1995-6	中医证候代码	ZZPRB1	胃中蕴热证	
医学诊断	GB/T 15657-1995-6	中医证候代码	ZZPRC0	胃热滞脾证	
医学诊断	GB/T 15657-1995-6	中医证候代码	ZZPS	脾、肾证类	
医学诊断	GB/T 15657-1995-6	中医证候代码	ZZPS10	脾肾不固证	
医学诊断	GB/T 15657-1995-6	中医证候代码	ZZPS20	脾肾不足证	
医学诊断	GB/T 15657-1995-6	中医证候代码	ZZPS30	脾肾亏虚证	
医学诊断	GB/T 15657-1995-6	中医证候代码	ZZPS31	脾肾亏虚，浊阴上逆证	
医学诊断	GB/T 15657-1995-6	中医证候代码	ZZPS40	脾肾两虚证	
医学诊断	GB/T 15657-1995-6	中医证候代码	ZZPS50	脾肾气虚证	
医学诊断	GB/T 15657-1995-6	中医证候代码	ZZPS60	脾肾虚衰证	
医学诊断	GB/T 15657-1995-6	中医证候代码	ZZPS61	脾肾虚弱证	
医学诊断	GB/T 15657-1995-6	中医证候代码	ZZPS70	脾肾阳衰证	
医学诊断	GB/T 15657-1995-6	中医证候代码	ZZPS80	脾肾阳虚证	
医学诊断	GB/T 15657-1995-6	中医证候代码	ZZPS90	脾肾阴虚证	
医学诊断	GB/T 15657-1995-6	中医证候代码	ZZPT	脾、痰证类	
医学诊断	GB/T 15657-1995-6	中医证候代码	ZZPT10	脾虚痰湿证	
医学诊断	GB/T 15657-1995-6	中医证候代码	ZZPT11	脾虚痰湿，风邪犯耳证	
医学诊断	GB/T 15657-1995-6	中医证候代码	ZZPT20	脾虚痰盛证	
医学诊断	GB/T 15657-1995-6	中医证候代码	ZZPT30	脾虚痰阻证	
医学诊断	GB/T 15657-1995-6	中医证候代码	ZZPT40	脾虚痰浊证	
医学诊断	GB/T 15657-1995-6	中医证候代码	ZZPT50	脾虚水泛证	
医学诊断	GB/T 15657-1995-6	中医证候代码	ZZPT60	脾虚水困证	
医学诊断	GB/T 15657-1995-6	中医证候代码	ZZPU	脾、火证类	
医学诊断	GB/T 15657-1995-6	中医证候代码	ZZPU10	脾虚火旺证	
医学诊断	GB/T 15657-1995-6	中医证候代码	ZZPU20	脾胃火毒证	
医学诊断	GB/T 15657-1995-6	中医证候代码	ZZPU30	胃火上逆证	
医学诊断	GB/T 15657-1995-6	中医证候代码	ZZPU40	胃火炽盛证	
医学诊断	GB/T 15657-1995-6	中医证候代码	ZZPV	脾、气证类	
医学诊断	GB/T 15657-1995-6	中医证候代码	ZZPV10	脾气不足证	
医学诊断	GB/T 15657-1995-6	中医证候代码	ZZPV11	脾气不足，胃阴损伤证	
医学诊断	GB/T 15657-1995-6	中医证候代码	ZZPV20	脾气亏虚证	
医学诊断	GB/T 15657-1995-6	中医证候代码	ZZPV30	脾虚气弱证	
医学诊断	GB/T 15657-1995-6	中医证候代码	ZZPV40	脾虚气陷证	
医学诊断	GB/T 15657-1995-6	中医证候代码	ZZPV50	脾气不升证	
医学诊断	GB/T 15657-1995-6	中医证候代码	ZZPV60	脾胃气虚证	
医学诊断	GB/T 15657-1995-6	中医证候代码	ZZPV70	胃气不和证	
医学诊断	GB/T 15657-1995-6	中医证候代码	ZZPV71	胃气失和证	
医学诊断	GB/T 15657-1995-6	中医证候代码	ZZPV80	胃气虚败证	
医学诊断	GB/T 15657-1995-6	中医证候代码	ZZPX	脾、血证类	
医学诊断	GB/T 15657-1995-6	中医证候代码	ZZPX10	脾不统血证	
医学诊断	GB/T 15657-1995-6	中医证候代码	ZZPX20	脾虚血亏证	
医学诊断	GB/T 15657-1995-6	中医证候代码	ZZPX30	脾虚血燥证	
医学诊断	GB/T 15657-1995-6	中医证候代码	ZZPY	脾、阴证类	
医学诊断	GB/T 15657-1995-6	中医证候代码	ZZPY10	脾胃阴虚证	
医学诊断	GB/T 15657-1995-6	中医证候代码	ZZPY20	胃阴不足证	
医学诊断	GB/T 15657-1995-6	中医证候代码	ZZPY30	胃阴亏虚证	
医学诊断	GB/T 15657-1995-6	中医证候代码	ZZPZ	脾、燥证类	
医学诊断	GB/T 15657-1995-6	中医证候代码	ZZPZ00	脾燥证	
医学诊断	GB/T 15657-1995-6	中医证候代码	ZZPZ10	胃燥津伤证	
医学诊断	GB/T 15657-1995-6	中医证候代码	ZZPZ20	胃燥血虚证	
医学诊断	GB/T 15657-1995-6	中医证候代码	ZZS	肾证类	
医学诊断	GB/T 15657-1995-6	中医证候代码	ZZS010	肾精不足证	
医学诊断	GB/T 15657-1995-6	中医证候代码	ZZS011	肾精亏耗证	
医学诊断	GB/T 15657-1995-6	中医证候代码	ZZS012	肾精亏损证	
医学诊断	GB/T 15657-1995-6	中医证候代码	ZZS020	肾精亏虚证	
医学诊断	GB/T 15657-1995-6	中医证候代码	ZZS030	肾虚证	
医学诊断	GB/T 15657-1995-6	中医证候代码	ZZS040	肾虚精亏证	
医学诊断	GB/T 15657-1995-6	中医证候代码	ZZS050	肾虚不固证	
医学诊断	GB/T 15657-1995-6	中医证候代码	ZZS051	肾虚失约证	
医学诊断	GB/T 15657-1995-6	中医证候代码	ZZS052	肾虚不固――阳虚证	
医学诊断	GB/T 15657-1995-6	中医证候代码	ZZS053	肾虚不固――阴虚证	
医学诊断	GB/T 15657-1995-6	中医证候代码	ZZS060	肾虚骨弱证	
医学诊断	GB/T 15657-1995-6	中医证候代码	ZZS070	肾虚滑脱证	
医学诊断	GB/T 15657-1995-6	中医证候代码	ZZS071	肾虚滑脱，精关不固证	
医学诊断	GB/T 15657-1995-6	中医证候代码	ZZS080	肾虚髓亏证	
医学诊断	GB/T 15657-1995-6	中医证候代码	ZZS081	肾虚髓减证	
医学诊断	GB/T 15657-1995-6	中医证候代码	ZZS090	肾元不足证	
医学诊断	GB/T 15657-1995-6	中医证候代码	ZZS091	肾元不足，内风暗煽证	
医学诊断	GB/T 15657-1995-6	中医证候代码	ZZS100	肾元亏虚证	
医学诊断	GB/T 15657-1995-6	中医证候代码	ZZS101	肾元亏虚，邪毒停聚证	
医学诊断	GB/T 15657-1995-6	中医证候代码	ZZS110	膀胱损伤证	
医学诊断	GB/T 15657-1995-6	中医证候代码	ZZS120	膀胱虚冷证	
医学诊断	GB/T 15657-1995-6	中医证候代码	ZZSA	肾、阳证类	
医学诊断	GB/T 15657-1995-6	中医证候代码	ZZSA10	肾阳不足证	
医学诊断	GB/T 15657-1995-6	中医证候代码	ZZSA11	肾阳不足，气化无权证	
医学诊断	GB/T 15657-1995-6	中医证候代码	ZZSA20	肾阳亏虚证	
医学诊断	GB/T 15657-1995-6	中医证候代码	ZZSA30	肾阳虚损证	
医学诊断	GB/T 15657-1995-6	中医证候代码	ZZSA40	肾阳虚衰证	
医学诊断	GB/T 15657-1995-6	中医证候代码	ZZSA41	肾阳衰惫证	
医学诊断	GB/T 15657-1995-6	中医证候代码	ZZSA42	肾阳衰微证	
医学诊断	GB/T 15657-1995-6	中医证候代码	ZZSA50	命门火衰证	
医学诊断	GB/T 15657-1995-6	中医证候代码	ZZSA51	命门火衰，脾阳不足证	
医学诊断	GB/T 15657-1995-6	中医证候代码	ZZSG	肾、肝证类	
医学诊断	GB/T 15657-1995-6	中医证候代码	ZZSG10	肾虚肝亢证	
医学诊断	GB/T 15657-1995-6	中医证候代码	ZZSH	肾、寒证类	
医学诊断	GB/T 15657-1995-6	中医证候代码	ZZSH10	肾虚寒凝证	
医学诊断	GB/T 15657-1995-6	中医证候代码	ZZSH20	肾虚寒湿证	
医学诊断	GB/T 15657-1995-6	中医证候代码	ZZSH30	肾虚寒痰证	
医学诊断	GB/T 15657-1995-6	中医证候代码	ZZSH40	下元虚寒证	
医学诊断	GB/T 15657-1995-6	中医证候代码	ZZSH41	下元虚寒，肾气不足证	
医学诊断	GB/T 15657-1995-6	中医证候代码	ZZSM	肾、湿证类	
医学诊断	GB/T 15657-1995-6	中医证候代码	ZZSM10	肾虚湿热证	
医学诊断	GB/T 15657-1995-6	中医证候代码	ZZSM20	膀胱湿热证	
医学诊断	GB/T 15657-1995-6	中医证候代码	ZZSR	肾、热证类	
医学诊断	GB/T 15657-1995-6	中医证候代码	ZZSR10	肾虚内热证	
医学诊断	GB/T 15657-1995-6	中医证候代码	ZZSR20	肾虚髓热证	
医学诊断	GB/T 15657-1995-6	中医证候代码	ZZST	肾、痰证类	
医学诊断	GB/T 15657-1995-6	中医证候代码	ZZST10	肾虚水泛证	
医学诊断	GB/T 15657-1995-6	中医证候代码	ZZSU	肾、火证类	
医学诊断	GB/T 15657-1995-6	中医证候代码	ZZSU	肾虚火旺证	
医学诊断	GB/T 15657-1995-6	中医证候代码	ZZSU20	相火炽盛证	
医学诊断	GB/T 15657-1995-6	中医证候代码	ZZSU30	相火上炎证	
医学诊断	GB/T 15657-1995-6	中医证候代码	ZZSU40	君相火动证	
医学诊断	GB/T 15657-1995-6	中医证候代码	ZZSU41	君相火动，心肾不交证	
医学诊断	GB/T 15657-1995-6	中医证候代码	ZZSU42	君相火旺证	
医学诊断	GB/T 15657-1995-6	中医证候代码	ZZSV	肾、气证类	
医学诊断	GB/T 15657-1995-6	中医证候代码	ZZSV10	肾气不足证	
医学诊断	GB/T 15657-1995-6	中医证候代码	ZZSV11	肾气不充证	
医学诊断	GB/T 15657-1995-6	中医证候代码	ZZSV20	肾气亏虚证	
医学诊断	GB/T 15657-1995-6	中医证候代码	ZZSV21	肾气亏虚――阴虚证	
医学诊断	GB/T 15657-1995-6	中医证候代码	ZZSV22	肾气亏虚――阳虚证	
医学诊断	GB/T 15657-1995-6	中医证候代码	ZZSV30	肾气衰微证	
医学诊断	GB/T 15657-1995-6	中医证候代码	ZZSV40	肾气不固证	
医学诊断	GB/T 15657-1995-6	中医证候代码	ZZSV50	肾气不摄证	
医学诊断	GB/T 15657-1995-6	中医证候代码	ZZSV60	肾不纳气证	
医学诊断	GB/T 15657-1995-6	中医证候代码	ZZSY	肾、阴证类	
医学诊断	GB/T 15657-1995-6	中医证候代码	ZZSY10	肾阴不足证	
医学诊断	GB/T 15657-1995-6	中医证候代码	ZZSY11	肾阴不足，水液不利证	
医学诊断	GB/T 15657-1995-6	中医证候代码	ZZSY20	肾阴亏虚证	
医学诊断	GB/T 15657-1995-6	中医证候代码	ZZSY30	肾阴耗损证	
医学诊断	GB/T 15657-1995-6	中医证候代码	ZZSY31	肾阴虚损证	
医学诊断	GB/T 15657-1995-6	中医证候代码	ZZX	心证类	
医学诊断	GB/T 15657-1995-6	中医证候代码	ZZX010	心神不宁证	
医学诊断	GB/T 15657-1995-6	中医证候代码	ZZX020	心神惑乱证	
医学诊断	GB/T 15657-1995-6	中医证候代码	ZZX030	素体不足，劳心过度证	
医学诊断	GB/T 15657-1995-6	中医证候代码	ZZXA	心、阳证类	
医学诊断	GB/T 15657-1995-6	中医证候代码	ZZXA10	心阳不足证	
医学诊断	GB/T 15657-1995-6	中医证候代码	ZZXA20	心阳亏虚证	
医学诊断	GB/T 15657-1995-6	中医证候代码	ZZXA30	心阳虚衰证	
医学诊断	GB/T 15657-1995-6	中医证候代码	ZZXA40	心阳不振证	
医学诊断	GB/T 15657-1995-6	中医证候代码	ZZXA50	心阳欲脱证	
医学诊断	GB/T 15657-1995-6	中医证候代码	ZZXA60	心阳暴脱证	
医学诊断	GB/T 15657-1995-6	中医证候代码	ZZXF	心、肺证类	
医学诊断	GB/T 15657-1995-6	中医证候代码	ZZXF10	心肺风热证	
医学诊断	GB/T 15657-1995-6	中医证候代码	ZZXF20	心肺热毒证	
医学诊断	GB/T 15657-1995-6	中医证候代码	ZZXF30	心肺郁热证	
医学诊断	GB/T 15657-1995-6	中医证候代码	ZZXF40	心肺气虚证	
医学诊断	GB/T 15657-1995-6	中医证候代码	ZZXF50	心肺阴虚证	
医学诊断	GB/T 15657-1995-6	中医证候代码	ZZXG	心、肝证类	
医学诊断	GB/T 15657-1995-6	中医证候代码	ZZXG10	心肝风火证	
医学诊断	GB/T 15657-1995-6	中医证候代码	ZZXG20	心肝热炽证	
医学诊断	GB/T 15657-1995-6	中医证候代码	ZZXG21	心肝热炽，热壅血瘀证	
医学诊断	GB/T 15657-1995-6	中医证候代码	ZZXG30	心肝阴虚证	
医学诊断	GB/T 15657-1995-6	中医证候代码	ZZXG40	心胆气虚证	
医学诊断	GB/T 15657-1995-6	中医证候代码	ZZXG50	心虚胆怯证	
医学诊断	GB/T 15657-1995-6	中医证候代码	ZZXJ10	心经积热证	
医学诊断	GB/T 15657-1995-6	中医证候代码	ZZXJ30	心经实火证	
医学诊断	GB/T 15657-1995-6	中医证候代码	ZZXJ50	心脉痹阻证	
医学诊断	GB/T 15657-1995-6	中医证候代码	ZZXP	心、脾证类	
医学诊断	GB/T 15657-1995-6	中医证候代码	ZZXP10	心脾风热证	
医学诊断	GB/T 15657-1995-6	中医证候代码	ZZXP20	心脾火炽证	
医学诊断	GB/T 15657-1995-6	中医证候代码	ZZXP30	心脾火郁证	
医学诊断	GB/T 15657-1995-6	中医证候代码	ZZXP40	心脾积热证	
医学诊断	GB/T 15657-1995-6	中医证候代码	ZZXP41	心脾积热，循经上炎证	
医学诊断	GB/T 15657-1995-6	中医证候代码	ZZXP50	心脾亏虚证	
医学诊断	GB/T 15657-1995-6	中医证候代码	ZZXP60	心脾两虚证	
医学诊断	GB/T 15657-1995-6	中医证候代码	ZZXP61	心脾两虚，虚风动越证	
医学诊断	GB/T 15657-1995-6	中医证候代码	ZZXP70	心脾气虚证	
医学诊断	GB/T 15657-1995-6	中医证候代码	ZZXP80	心脾血虚证	
医学诊断	GB/T 15657-1995-6	中医证候代码	ZZXP90	心脾湿热证	
医学诊断	GB/T 15657-1995-6	中医证候代码	ZZXPA0	心脾受损证	
医学诊断	GB/T 15657-1995-6	中医证候代码	ZZXPB0	心脾郁热证	
医学诊断	GB/T 15657-1995-6	中医证候代码	ZZXPC0	劳伤心脾证	
医学诊断	GB/T 15657-1995-6	中医证候代码	ZZXPC1	劳伤心脾，气不摄精证	
医学诊断	GB/T 15657-1995-6	中医证候代码	ZZXS	心、肾证类	
医学诊断	GB/T 15657-1995-6	中医证候代码	ZZXS10	心肾不交证	
医学诊断	GB/T 15657-1995-6	中医证候代码	ZZXS20	心肾亏虚证	
医学诊断	GB/T 15657-1995-6	中医证候代码	ZZXS30	心肾气虚证	
医学诊断	GB/T 15657-1995-6	中医证候代码	ZZXS40	心肾阳虚证	
医学诊断	GB/T 15657-1995-6	中医证候代码	ZZXS50	心肾阴虚证	
医学诊断	GB/T 15657-1995-6	中医证候代码	ZZXU	心、火证类	
医学诊断	GB/T 15657-1995-6	中医证候代码	ZZXU10	心火炽盛证	
医学诊断	GB/T 15657-1995-6	中医证候代码	ZZXU11	心火偏亢证	
医学诊断	GB/T 15657-1995-6	中医证候代码	ZZXU20	心火上炎证	
医学诊断	GB/T 15657-1995-6	中医证候代码	ZZXV	主、气证类	
医学诊断	GB/T 15657-1995-6	中医证候代码	ZZXV10	心气不足证	
医学诊断	GB/T 15657-1995-6	中医证候代码	ZZXV20	心气亏虚证	
医学诊断	GB/T 15657-1995-6	中医证候代码	ZZXX	心、血证类	
医学诊断	GB/T 15657-1995-6	中医证候代码	ZZXX10	心血不足证	
医学诊断	GB/T 15657-1995-6	中医证候代码	ZZXX20	心血亏虚证	
医学诊断	GB/T 15657-1995-6	中医证候代码	ZZXX30	心血瘀阻证	
医学诊断	GB/T 15657-1995-6	中医证候代码	ZZXX40	心脉瘀阻证	
医学诊断	GB/T 15657-1995-6	中医证候代码	ZZXX50	心虚血少证	
医学诊断	GB/T 15657-1995-6	中医证候代码	ZZXY	心、阴证类	
医学诊断	GB/T 15657-1995-6	中医证候代码	ZZXY10	心阴不足证	
医学诊断	GB/T 15657-1995-6	中医证候代码	ZZXY20	心阴亏虚证	
医学诊断	GB/T 15657-1995-6	中医证候代码	ZZXY21	心阴亏损证	
医学诊断	GB/T 15657-1995-6	中医证候代码	ZZXY22	心营亏虚证	
医学诊断	GB/T 15657-1995-6	中医证候代码	ZZXY30	心营耗损证	
医学诊断	GB/T 15657-1995-6	中医证候代码	ZZXY31	心营耗损，肝肾不足证	
医学诊断	GB/T 15657-1995-6	中医证候代码	ZZYJ	心、经络证类	
医学诊断	GB/T 15657-1995-6	中医证候代码	ZZYJ20	心经火盛证	
医学诊断	GB/T 15657-1995-6	中医证候代码	ZZYJ40	心经虚火证	
医学诊断	GB/T 15657-1995-6	中医证候代码	None	None	
医学诊断	WHCT05.01.101	病历类型区分	1	西医	
医学诊断	WHCT05.01.101	病历类型区分	2	中医	
医学诊断	WHCT05.01.103	科室特殊服务类型	0	门诊科室	
医学诊断	WHCT05.01.103	科室特殊服务类型	1	普通病区	
医学诊断	WHCT05.01.103	科室特殊服务类型	2	手术室	
医学诊断	WHCT05.01.103	科室特殊服务类型	3	消毒供应室	
医学诊断	WHCT05.01.103	科室特殊服务类型	4	静脉输液配制中心(PIVAS)	
医学诊断	WHCT05.01.103	科室特殊服务类型	5	重症监护室	
医学诊断	WHCT05.01.103	科室特殊服务类型	6	日间手术病区	
医学诊断	WHCT05.01.103	科室特殊服务类型	7	新冠肺炎储备病区	
医学诊断	WHCT05.01.103	科室特殊服务类型	9	其他	
医学诊断	WHCT05.01.105	新冠肺炎_临床分型代码	1	轻型	临床症状轻微，影像学未见肺炎表现
医学诊断	WHCT05.01.105	新冠肺炎_临床分型代码	2	普通型	具有发热、呼吸道等症状，影像学可见肺炎表现
医学诊断	WHCT05.01.105	新冠肺炎_临床分型代码	3	重型	出现气促，RR>=3次/分：静息状态下，指氧饱和度<=93%；动脉血氧分压/吸氧溶度 <=300mmHg
医学诊断	WHCT05.01.105	新冠肺炎_临床分型代码	4	危重型	出现呼吸衰竭，且需机械通气；出现休克； 合并其他器官功能衰竭需ICU监护治疗
医学诊断	WHCT05.10.004	挂号业务类别代码	100	普通门诊	
医学诊断	WHCT05.10.004	挂号业务类别代码	101	专科门诊	
医学诊断	WHCT05.10.004	挂号业务类别代码	104	专病门诊	
医学诊断	WHCT05.10.004	挂号业务类别代码	105	感染门诊	
医学诊断	WHCT05.10.004	挂号业务类别代码	106	发热门诊	
医学诊断	WHCT05.10.004	挂号业务类别代码	200	急诊未分级	
医学诊断	WHCT05.10.004	挂号业务类别代码	201	急诊1级	
医学诊断	WHCT05.10.004	挂号业务类别代码	202	急诊2级	
医学诊断	WHCT05.10.004	挂号业务类别代码	203	急诊3级	
医学诊断	WHCT05.10.004	挂号业务类别代码	204	急诊4级	
医学诊断	WHCT05.10.004	挂号业务类别代码	205	急诊5级	
医学诊断	WHCT05.10.004	挂号业务类别代码	301	体检	
医学诊断	WHCT05.10.004	挂号业务类别代码	302	预防体检	
医学诊断	WHCT05.10.004	挂号业务类别代码	303	孕产保健	
医学诊断	WHCT05.10.004	挂号业务类别代码	999	其他	
医学诊断	WHCV05.01.012	挂号财务类别代码	100	普通门诊	
医学诊断	WHCV05.01.012	挂号财务类别代码	101	专科号	
医学诊断	WHCV05.01.012	挂号财务类别代码	102	副主任号	
医学诊断	WHCV05.01.012	挂号财务类别代码	103	特需门诊	
医学诊断	WHCV05.01.012	挂号财务类别代码	108	主任号	从103改为108
医学诊断	WHCV05.01.012	挂号财务类别代码	200	急诊	
医学诊断	WHCV05.01.012	挂号财务类别代码	999	其他	
医学诊断	WHCV05.01.020	挂号方式代码	1	自助机	
医学诊断	WHCV05.01.020	挂号方式代码	10	短信	
医学诊断	WHCV05.01.020	挂号方式代码	11	微信小程序	
医学诊断	WHCV05.01.020	挂号方式代码	2	人工窗口	
医学诊断	WHCV05.01.020	挂号方式代码	3	网上	
医学诊断	WHCV05.01.020	挂号方式代码	4	电话	
医学诊断	WHCV05.01.020	挂号方式代码	5	(复)诊间	
医学诊断	WHCV05.01.020	挂号方式代码	6	社区(转诊)	
医学诊断	WHCV05.01.020	挂号方式代码	7	VIP	
医学诊断	WHCV05.01.020	挂号方式代码	8	微信公众号	
医学诊断	WHCV05.01.020	挂号方式代码	9	移动APP	
医学诊断	WHCV05.01.020	挂号方式代码	99	其他	
医学诊断	WHCT05.01.102	挂号服务方代码	1	院方自营	
医学诊断	WHCT05.01.102	挂号服务方代码	2	官方区域平台(如健康武汉)	
医学诊断	WHCT05.01.102	挂号服务方代码	9	其他服务商	
医学诊断	WHCT05.10.006	预约途径代码	1	现场预约	
医学诊断	WHCT05.10.006	预约途径代码	2	电话预约	
医学诊断	WHCT05.10.006	预约途径代码	3	短信预约	
医学诊断	WHCT05.10.006	预约途径代码	4	网上预约	
医学诊断	WHCT05.10.006	预约途径代码	5	院方	
医学诊断	WHCT05.10.006	预约途径代码	6	健康武汉	
医学诊断	WHCT05.10.006	预约途径代码	7	其他服务商	
医学诊断	WHCT05.10.006	预约途径代码	9	其他预约方式	
医学诊断	WHCT05.10.007	处方类别代码	0	非药品	
医学诊断	WHCT05.10.007	处方类别代码	1	成人普通处方(除麻醉精神药品)	
医学诊断	WHCT05.10.007	处方类别代码	2	急诊处方(除麻醉精神药品)	
医学诊断	WHCT05.10.007	处方类别代码	3	儿科普通处方(除麻醉精神药品)	
医学诊断	WHCT05.10.007	处方类别代码	4	麻醉处方	
医学诊断	WHCT05.10.007	处方类别代码	5	精神药品处方	
医学诊断	WHCT05.10.007	处方类别代码	9	其他	
医学诊断	WHCT05.10.008	就诊首次签到方式	1	自助机	
医学诊断	WHCT05.10.008	就诊首次签到方式	2	人工服务	
医学诊断	WHCT05.10.008	就诊首次签到方式	3	移动定位	
医学诊断	WHCT05.10.008	就诊首次签到方式	9	其他	
医学诊断	WHCT05.10.101	新冠肺炎_病例类型代码	1	疑似病例	
医学诊断	WHCT05.10.101	新冠肺炎_病例类型代码	2	临床诊断病例	(已废除)
医学诊断	WHCT05.10.101	新冠肺炎_病例类型代码	3	确诊病例	
医学诊断	WHCT05.10.101	新冠肺炎_病例类型代码	4	密切接触者	单纯密切接触者
医学诊断	WHCT05.10.101	新冠肺炎_病例类型代码	5	发热病人	单纯发热病人
医学诊断	WHCT05.10.101	新冠肺炎_病例类型代码	6	阳性检测	
医学诊断	WHCT05.10.101	新冠肺炎_病例类型代码	9	其他	排除上述类型的情况
医学诊断	WHCV05.01.009	呼吸类型代码表	1	自主呼吸	
医学诊断	WHCV05.01.009	呼吸类型代码表	2	辅助呼吸	
医学诊断	WHCV05.01.009	呼吸类型代码表	3	控制呼吸	
医学诊断	WHCV05.01.013	住院就诊类型标志代码表	300	急诊观察	
医学诊断	WHCV05.01.013	住院就诊类型标志代码表	400	普通住院	
医学诊断	WHCV05.01.013	住院就诊类型标志代码表	401	特需住院	
医学诊断	WHCV05.01.013	住院就诊类型标志代码表	500	家床	
医学诊断	WHCV05.01.013	住院就诊类型标志代码表	600	院内出生婴儿住院	
医学诊断	WHCV05.01.013	住院就诊类型标志代码表	999	其他	
医学诊断	WHCV05.01.015	输液反应	1	有输	
医学诊断	WHCV05.01.015	输液反应	2	有反应	
医学诊断	WHCV05.01.015	输液反应	3	未输	
医学诊断	WHCV05.01.015	输液反应	4	无反应	
医学诊断	CT01.00.012	SAE报道情况代码	01	有	
医学诊断	CT01.00.012	SAE报道情况代码	02	无	
医学诊断	CT01.00.012	SAE报道情况代码	03	不详	
医学诊断	CT01.00.013	事件发生场所代码	01	急诊	
医学诊断	CT01.00.013	事件发生场所代码	02	门诊	
医学诊断	CT01.00.013	事件发生场所代码	03	住院部	
医学诊断	CT01.00.013	事件发生场所代码	04	医技部门	
医学诊断	CT01.00.013	事件发生场所代码	05	行政后勤部门	
医学诊断	CT01.00.013	事件发生场所代码	06	其他	
医学诊断	CT01.00.015	不良事件类别代码	01	信息传递错误事件	
医学诊断	CT01.00.015	不良事件类别代码	02	治疗错误事件	
医学诊断	CT01.00.015	不良事件类别代码	03	方法/技术错误事件	
医学诊断	CT01.00.015	不良事件类别代码	04	药物调剂分发错误事件	
医学诊断	CT01.00.015	不良事件类别代码	05	输血事件	
医学诊断	CT01.00.015	不良事件类别代码	06	设备器械使用事件	
医学诊断	CT01.00.015	不良事件类别代码	07	导管操作事件	
医学诊断	CT01.00.015	不良事件类别代码	08	医疗技术检查事件	
医学诊断	CT01.00.015	不良事件类别代码	09	基础护理事件	
医学诊断	CT01.00.015	不良事件类别代码	10	营养与饮食事件	
医学诊断	CT01.00.015	不良事件类别代码	11	物品运送事件	
医学诊断	CT01.00.015	不良事件类别代码	12	放射安全事件	
医学诊断	CT01.00.015	不良事件类别代码	13	诊疗记录事件	
医学诊断	CT01.00.015	不良事件类别代码	14	知情同意事件	
医学诊断	CT01.00.015	不良事件类别代码	15	医护安全事件	
医学诊断	CT01.00.015	不良事件类别代码	16	其他事件	
医学诊断	WHCT01.01.015	不良事件类型代码	1	新的	新的药品不良反应是指药品说明书中未载明的不良反应。 药品不良反应在说明书中已有描述，但不良反应发生的性质、程度、后果或者频率与说明书描述不一致或者更严重的，按照新的药品不良反应处理。
医学诊断	WHCT01.01.015	不良事件类型代码	2	严重	
医学诊断	WHCT01.01.015	不良事件类型代码	3	一般	
医学诊断	CT01.00.016	不良事件的等级代码	01	Ⅰ级事件	
医学诊断	CT01.00.016	不良事件的等级代码	02	Ⅱ级事件	
医学诊断	CT01.00.016	不良事件的等级代码	03	Ⅲ级事件	
医学诊断	CT01.00.016	不良事件的等级代码	04	Ⅳ级事件	
医学诊断	CT01.00.027	入院时情况代码	1	危	
医学诊断	CT01.00.027	入院时情况代码	2	急	
医学诊断	CT01.00.027	入院时情况代码	3	一般	
医学诊断	CT01.00.028	出院治疗结果代码	1	治愈	
医学诊断	CT01.00.028	出院治疗结果代码	2	好转	
医学诊断	CT01.00.028	出院治疗结果代码	3	未愈	
医学诊断	CT01.00.028	出院治疗结果代码	4	无效	
医学诊断	CT01.00.028	出院治疗结果代码	5	死亡	
医学诊断	CT01.00.028	出院治疗结果代码	9	其他	
医学诊断	CT01.00.029	诊断符合情况代码	1	符合	
医学诊断	CT01.00.029	诊断符合情况代码	2	不符合	
医学诊断	CT01.00.029	诊断符合情况代码	3	诊断符合情况扩充内容	
医学诊断	CT01.00.029	诊断符合情况代码	9	无对照	
医学诊断	CT05.01.003	临床研究分类代码	01	Ⅰ期	
医学诊断	CT05.01.003	临床研究分类代码	02	Ⅱ期	
医学诊断	CT05.01.003	临床研究分类代码	03	Ⅲ期	
医学诊断	CT05.01.003	临床研究分类代码	04	Ⅳ期	
医学诊断	CT05.01.003	临床研究分类代码	05	生物等效性实验	
医学诊断	CT05.01.003	临床研究分类代码	06	临床验证	
医学诊断	CT05.01.004	SAE情况代码	01	死亡	
医学诊断	CT05.01.004	SAE情况代码	02	导致住院	
医学诊断	CT05.01.004	SAE情况代码	03	延长住院时间	
医学诊断	CT05.01.004	SAE情况代码	04	伤残	
医学诊断	CT05.01.004	SAE情况代码	05	功能障碍	
医学诊断	CT05.01.004	SAE情况代码	06	导致先天畸形	
医学诊断	CT05.01.004	SAE情况代码	07	危及生命	
医学诊断	CT05.01.004	SAE情况代码	08	其他	
医学诊断	CT05.01.005	对试验用药采取的措施代码	01	继续用药	
医学诊断	CT05.01.005	对试验用药采取的措施代码	02	减小剂量	
医学诊断	CT05.01.005	对试验用药采取的措施代码	03	药物暂停后恢复	
医学诊断	CT05.01.005	对试验用药采取的措施代码	04	停用药物	
医学诊断	CT05.01.006	停药或减量后反应状态代码	01	消失	
医学诊断	CT05.01.006	停药或减量后反应状态代码	02	减轻	
医学诊断	CT05.01.006	停药或减量后反应状态代码	03	无变化	
医学诊断	CT05.01.006	停药或减量后反应状态代码	04	不明	
医学诊断	CT05.01.006	停药或减量后反应状态代码	05	未减量或未停药	
医学诊断	CT05.10.003	抗药结果代码	1	耐药	
医学诊断	CT05.10.003	抗药结果代码	2	敏感	
医学诊断	CT05.10.003	抗药结果代码	3	污染	
医学诊断	CT05.10.003	抗药结果代码	4	未做	
医学诊断	CT05.10.008	医院感染与原发病预后的关系代码	1	无影响	
医学诊断	CT05.10.008	医院感染与原发病预后的关系代码	2	加重病情	
医学诊断	CT05.10.008	医院感染与原发病预后的关系代码	3	促进死亡	
医学诊断	CT05.10.008	医院感染与原发病预后的关系代码	4	直接原因	
医学诊断	CT05.10.009	路径状态代码	1	入径	
医学诊断	CT05.10.009	路径状态代码	2	出径	
医学诊断	CT05.10.009	路径状态代码	3	执行	
医学诊断	CT05.10.009	路径状态代码	4	完成	
医学诊断	CT05.10.009	路径状态代码	5	变异	
医学诊断	CT05.10.015	SAE转归（不良事件）	01	症状消失（无后遗症）	
医学诊断	CT05.10.015	SAE转归（不良事件）	02	症状消失（有后遗症）	
医学诊断	CT05.10.015	SAE转归（不良事件）	03	症状持续	
医学诊断	CT05.10.016	不良事件结果代码	01	痊愈	
医学诊断	CT05.10.016	不良事件结果代码	02	好转	
医学诊断	CT05.10.016	不良事件结果代码	03	未好转	
医学诊断	CT05.10.016	不良事件结果代码	04	不详	
医学诊断	CT08.50.001	不良反应药品分类代码	01	怀疑药品	
医学诊断	CT08.50.001	不良反应药品分类代码	02	并用药品	
医学诊断	CV5501.11	治疗结果代码	1	治愈	
医学诊断	CV5501.11	治疗结果代码	2	好转	
医学诊断	CV5501.11	治疗结果代码	3	稳定	
医学诊断	CV5501.11	治疗结果代码	4	恶化	
医学诊断	CV5501.11	治疗结果代码	5	死亡	
医学诊断	CV5501.11	治疗结果代码	9	其他	
医学诊断	CV5501.15	住院病例病案质量代码	1	甲	
医学诊断	CV5501.15	住院病例病案质量代码	2	乙	
医学诊断	CV5501.15	住院病例病案质量代码	3	丙	
医学诊断	CV5502.19	住院患者疾病诊断对照代码	1	门诊诊断与出院诊断	
医学诊断	CV5502.19	住院患者疾病诊断对照代码	10	中医入院与出院	
医学诊断	CV5502.19	住院患者疾病诊断对照代码	2	入院诊断与出院诊断	
医学诊断	CV5502.19	住院患者疾病诊断对照代码	3	术前诊断与术后诊断	
医学诊断	CV5502.19	住院患者疾病诊断对照代码	4	放射诊断与术后诊断	
医学诊断	CV5502.19	住院患者疾病诊断对照代码	5	出院诊断与病理诊断	
医学诊断	CV5502.19	住院患者疾病诊断对照代码	6	放射诊断与病理诊断	
医学诊断	CV5502.19	住院患者疾病诊断对照代码	7	临床诊断与尸检诊断	
医学诊断	CV5502.19	住院患者疾病诊断对照代码	8	中医门诊与出院	
医学诊断	CV5502.19	住院患者疾病诊断对照代码	9	其他	
医学诊断	CV5502.19	住院患者疾病诊断对照代码	X	疾病诊断对照组扩充内容	
医学诊断	WHCT01.00.029	诊断符合情况代码	0	未作	
医学诊断	WHCT01.00.029	诊断符合情况代码	1	符合	
医学诊断	WHCT01.00.029	诊断符合情况代码	2	不符合	
医学诊断	WHCT01.00.029	诊断符合情况代码	3	诊断符合情况扩充内容	
医学诊断	WHCT01.00.029	诊断符合情况代码	9	无对照	
医学诊断	WHCT01.00.029	诊断符合情况代码	X	不肯做	
医学诊断	WHCV05.10.010	出院治疗结果代码	1	治愈	
医学诊断	WHCV05.10.010	出院治疗结果代码	2	好转	
医学诊断	WHCV05.10.010	出院治疗结果代码	3	未愈	
医学诊断	WHCV05.10.010	出院治疗结果代码	4	死亡	
医学诊断	WHCV05.10.010	出院治疗结果代码	6	未治疗	
医学诊断	WHCV05.10.010	出院治疗结果代码	9	其他	
医学诊断	WHCV05.10.011	自理能力代码	1	完全自理	
医学诊断	WHCV05.10.011	自理能力代码	2	部分自理	
医学诊断	WHCV05.10.011	自理能力代码	3	不能自理	
医学诊断	WHCV06.00.009	受孕形式代码	1	自然	
医学诊断	WHCV06.00.009	受孕形式代码	2	人工	
医学诊断	WHCV06.00.009	受孕形式代码	9	其他	
医学诊断	CV05.01.007	胎方位代码代码	01	左枕前（LOA）	
医学诊断	CV05.01.007	胎方位代码代码	02	右枕前（ROA）	
医学诊断	CV05.01.007	胎方位代码代码	03	左枕后（LOP）	
医学诊断	CV05.01.007	胎方位代码代码	04	右枕后（ROP）	
医学诊断	CV05.01.007	胎方位代码代码	05	左枕横（LOT）	
医学诊断	CV05.01.007	胎方位代码代码	06	右枕横（ROT）	
医学诊断	CV05.01.007	胎方位代码代码	07	左颏前（LMA）	
医学诊断	CV05.01.007	胎方位代码代码	08	右颏前（RMA）	
医学诊断	CV05.01.007	胎方位代码代码	09	左颏后（LMP）	
医学诊断	CV05.01.007	胎方位代码代码	10	右颏后（RMP）	
医学诊断	CV05.01.007	胎方位代码代码	11	左颏横（LMT）	
医学诊断	CV05.01.007	胎方位代码代码	12	右颏横（RMT）	
医学诊断	CV05.01.007	胎方位代码代码	13	左骶前（LSA）	
医学诊断	CV05.01.007	胎方位代码代码	14	右骶前（RSA）	
医学诊断	CV05.01.007	胎方位代码代码	15	左骶后（LSP）	
医学诊断	CV05.01.007	胎方位代码代码	16	右骶后（RSP）	
医学诊断	CV05.01.007	胎方位代码代码	17	左骶横（LST）	
医学诊断	CV05.01.007	胎方位代码代码	18	左骶横（RST）	
医学诊断	CV05.01.007	胎方位代码代码	19	左肩前（LScA）	
医学诊断	CV05.01.007	胎方位代码代码	20	右肩前（RScA）	
医学诊断	CV05.01.007	胎方位代码代码	21	左肩后（LScP）	
医学诊断	CV05.01.007	胎方位代码代码	22	右肩后（RScP）	
医学诊断	CV05.01.007	胎方位代码代码	99	不详	
医学诊断	WHCV05.01.008	受破膜方式代码	1	自然	
医学诊断	WHCV05.01.008	受破膜方式代码	2	人工	
医学诊断	WHCV05.01.008	受破膜方式代码	3	可疑	
医学诊断	WHCV06.00.006	Apgar评分间隔时间代码	1	1分钟	
医学诊断	WHCV06.00.006	Apgar评分间隔时间代码	2	5分钟	
医学诊断	WHCV06.00.006	Apgar评分间隔时间代码	3	10分钟	
医学诊断	WHCV05.10.015	妊娠结果代码	10	活产	
医学诊断	WHCV05.10.015	妊娠结果代码	11	阴道分娩	
医学诊断	WHCV05.10.015	妊娠结果代码	12	剖宫产	
医学诊断	WHCV05.10.015	妊娠结果代码	20	妊娠终止	
医学诊断	WHCV05.10.015	妊娠结果代码	21	自然流产	
医学诊断	WHCV05.10.015	妊娠结果代码	22	14周以内人工流产	含14周
医学诊断	WHCV05.10.015	妊娠结果代码	23	14周以上人工流产	
医学诊断	WHCV05.10.015	妊娠结果代码	30	死胎	
医学诊断	WHCV05.10.015	妊娠结果代码	40	死产	
医学诊断	WHCV05.10.015	妊娠结果代码	99	其他	包括滋养细胞疾病（葡萄胎）、宫外孕
医学诊断	CV05.10.020	新生儿异常情况代码	1	无	
医学诊断	CV05.10.020	新生儿异常情况代码	2	早期新生儿死亡	
医学诊断	CV05.10.020	新生儿异常情况代码	3	畸形	
医学诊断	CV05.10.020	新生儿异常情况代码	4	早产	
医学诊断	CV05.10.020	新生儿异常情况代码	5	窒息	
医学诊断	CV05.10.020	新生儿异常情况代码	6	低出生体重	分娩时新生儿体重低于2500g（不含2500g）
医学诊断	CV05.10.020	新生儿异常情况代码	9	其他	
医学诊断	WHCV05.10.029	医疗卫生机构行业分类	Q	卫生和社会工作	本门类包括84和85大类
医学诊断	WHCV05.10.029	医疗卫生机构行业分类	Q84	卫生	
医学诊断	WHCV05.10.029	医疗卫生机构行业分类	Q841	医院	
医学诊断	WHCV05.10.029	医疗卫生机构行业分类	Q8411	综合医院	
医学诊断	WHCV05.10.029	医疗卫生机构行业分类	Q8412	中医医院	
医学诊断	WHCV05.10.029	医疗卫生机构行业分类	Q8413	中西医结合医院	
医学诊断	WHCV05.10.029	医疗卫生机构行业分类	Q8414	民族医院	指民族医医院
医学诊断	WHCV05.10.029	医疗卫生机构行业分类	Q8415	专科医院	
医学诊断	WHCV05.10.029	医疗卫生机构行业分类	Q841501	儿童医院	
医学诊断	WHCV05.10.029	医疗卫生机构行业分类	Q841502	肿瘤医院	
医学诊断	WHCV05.10.029	医疗卫生机构行业分类	Q841503	精神病医院	
医学诊断	WHCV05.10.029	医疗卫生机构行业分类	Q841504	传染病医院	
医学诊断	WHCV05.10.029	医疗卫生机构行业分类	Q841505	结核病医院	
医学诊断	WHCV05.10.029	医疗卫生机构行业分类	Q841506	心血管医院	
医学诊断	WHCV05.10.029	医疗卫生机构行业分类	Q841507	皮肤病医院	
医学诊断	WHCV05.10.029	医疗卫生机构行业分类	Q841508	糖尿病医院	
医学诊断	WHCV05.10.029	医疗卫生机构行业分类	Q8416	疗养院	指以疗养、康复为主，治疗为辅的医疗服务活动
医学诊断	WHCV05.10.029	医疗卫生机构行业分类	Q842	基层医疗卫生服务	
医学诊断	WHCV05.10.029	医疗卫生机构行业分类	Q8421	社区卫生服务中心（站）	
医学诊断	WHCV05.10.029	医疗卫生机构行业分类	Q8422	街道卫生院	
医学诊断	WHCV05.10.029	医疗卫生机构行业分类	Q8423	乡镇卫生院	
医学诊断	WHCV05.10.029	医疗卫生机构行业分类	Q8424	村卫生室	
医学诊断	WHCV05.10.029	医疗卫生机构行业分类	Q8425	门诊部（所）	指门诊部、诊所、医务室、卫生站、护理院等卫生机构的活动
医学诊断	WHCV05.10.029	医疗卫生机构行业分类	Q843	专业公共卫生服务	
医学诊断	WHCV05.10.029	医疗卫生机构行业分类	Q8431	疾病预防控制中心	指卫生防疫站、卫生防病中心、预防保健中心等活动
医学诊断	WHCV05.10.029	医疗卫生机构行业分类	Q8432	专科疾病防治院（所、站）	指对各种专科疾病进行预防及群众预防的活动
医学诊断	WHCV05.10.029	医疗卫生机构行业分类	Q8433	妇幼保健院（所、站）	指非医院的妇女及婴幼儿保健活动
医学诊断	WHCV05.10.029	医疗卫生机构行业分类	Q8434	急救中心（站）服务	
医学诊断	WHCV05.10.029	医疗卫生机构行业分类	Q8435	采供血机构服务	
医学诊断	WHCV05.10.029	医疗卫生机构行业分类	Q8436	计划生育技术服务活动	指各地区计划生育技术服务机构的活动
医学诊断	WHCV05.10.029	医疗卫生机构行业分类	Q849	其他卫生活动	指急救中心及其他未列明的卫生机构的活动
医学诊断	WHCV05.10.029	医疗卫生机构行业分类	Q8491	健康体检服务	
医学诊断	WHCV05.10.029	医疗卫生机构行业分类	Q8492	临床检验服务	
医学诊断	WHCV05.10.029	医疗卫生机构行业分类	Q8499	其他未列明卫生服务	
医学诊断	WHCV05.10.030	新冠病症类型	1	无症状	
医学诊断	WHCV05.10.030	新冠病症类型	2	普通	
医学诊断	WHCV05.10.030	新冠病症类型	3	轻症	
医学诊断	WHCV05.10.030	新冠病症类型	4	重症	
医学诊断	WHCV05.10.030	新冠病症类型	5	危重症	
医学诊断	WHCV05.10.031	住院状态代码	1	在院	
医学诊断	WHCV05.10.031	住院状态代码	2	退院	
医学诊断	WHCV05.10.031	住院状态代码	3	出院	
医学诊断	WHCV05.10.032	新冠救治医院类型	1	定点医院	
医学诊断	WHCV05.10.032	新冠救治医院类型	2	亚定点医院	
医学诊断	WHCV05.10.032	新冠救治医院类型	3	方舱医院	
医学诊断	WHDB05.10.033	病例分类代码	1	临床诊断病例	
医学诊断	WHDB05.10.033	病例分类代码	2	确诊病例	
医学诊断	WHDB05.10.033	病例分类代码	3	疑似病例	
医学诊断	WHDB05.10.033	病例分类代码	4	病原携带者	
医学诊断	WHDB05.10.033	病例分类代码	5	阳性检测	
医学诊断	WHDB05.10.033	病例分类代码	6	埃博拉留观病例	
医学诊断	WHDB05.10.034	传染病类型代码	0	未分类	
医学诊断	WHDB05.10.034	传染病类型代码	1	急性病	
医学诊断	WHDB05.10.034	传染病类型代码	2	慢性病	
医学诊断	WHDB05.10.035	实验室检测结论代码	01	确认检测阳性	
医学诊断	WHDB05.10.035	实验室检测结论代码	02	替代策略检测阳性	
医学诊断	WHDB05.10.035	实验室检测结论代码	03	核酸检测阳性	
医学诊断	WHDB05.10.036	传染病发现方式代码	01	基层推介	
医学诊断	WHDB05.10.036	传染病发现方式代码	02	因症就诊	
医学诊断	WHDB05.10.036	传染病发现方式代码	03	转诊追踪	
医学诊断	WHDB05.10.036	传染病发现方式代码	04	术前检测	
医学诊断	WHDB05.10.036	传染病发现方式代码	05	受血(制品)前检测	
医学诊断	WHDB05.10.036	传染病发现方式代码	06	性病门诊	
医学诊断	WHDB05.10.036	传染病发现方式代码	07	其他就诊者检测	
医学诊断	WHDB05.10.036	传染病发现方式代码	08	婚前检查(含涉外婚姻)	
医学诊断	WHDB05.10.036	传染病发现方式代码	09	孕产期检查	
医学诊断	WHDB05.10.036	传染病发现方式代码	10	检测咨询	
医学诊断	WHDB05.10.036	传染病发现方式代码	11	阳性者配偶或性伴检测	
医学诊断	WHDB05.10.036	传染病发现方式代码	12	女性阳性者子女检测	
医学诊断	WHDB05.10.036	传染病发现方式代码	13	职业暴露检测	
医学诊断	WHDB05.10.036	传染病发现方式代码	14	娱乐场所人员体检	
医学诊断	WHDB05.10.036	传染病发现方式代码	15	有偿供血(浆)人员检测	
医学诊断	WHDB05.10.036	传染病发现方式代码	16	无偿献血人员检测	
医学诊断	WHDB05.10.036	传染病发现方式代码	17	出入境人员体检	
医学诊断	WHDB05.10.036	传染病发现方式代码	18	新兵体检	
医学诊断	WHDB05.10.036	传染病发现方式代码	19	强制/劳教戒毒人员检测	
医学诊断	WHDB05.10.036	传染病发现方式代码	20	妇教所/女劳收教人员检测	
医学诊断	WHDB05.10.036	传染病发现方式代码	21	其他羁押人员体检	
医学诊断	WHDB05.10.036	传染病发现方式代码	22	专题调查	
医学诊断	WHDB05.10.036	传染病发现方式代码	24	接触者筛查	
医学诊断	WHDB05.10.036	传染病发现方式代码	25	样病例监测（ILI）	
医学诊断	WHDB05.10.036	传染病发现方式代码	26	不明原因肺炎监测(PUE)	
医学诊断	WHDB05.10.036	传染病发现方式代码	27	急性重症呼吸道疾病监测（SARI）	
医学诊断	WHDB05.10.036	传染病发现方式代码	28	主动筛查	
医学诊断	WHDB05.10.036	传染病发现方式代码	29	健康体检	
医学诊断	WHDB05.10.036	传染病发现方式代码	30	主动监测	
医学诊断	WHDB05.10.036	传染病发现方式代码	31	被动监测	
医学诊断	WHDB05.10.036	传染病发现方式代码	32	患者就医	
医学诊断	WHDB05.10.036	传染病发现方式代码	33	主动病例侦查	
医学诊断	WHDB05.10.036	传染病发现方式代码	99	其他	
医学诊断	WHDB05.10.037	性病史代码	1	有	
医学诊断	WHDB05.10.037	性病史代码	2	无	
医学诊断	WHDB05.10.037	性病史代码	9	不详	
医学诊断	WHDB05.10.038	感染途径代码	01	注射毒品	
医学诊断	WHDB05.10.038	感染途径代码	02	同性传播	
医学诊断	WHDB05.10.038	感染途径代码	03	性接触+注射毒品	
医学诊断	WHDB05.10.038	感染途径代码	04	采血(浆)	
医学诊断	WHDB05.10.038	感染途径代码	05	输血/血制品	
医学诊断	WHDB05.10.038	感染途径代码	06	母婴传播	
医学诊断	WHDB05.10.038	感染途径代码	07	职业暴露	
医学诊断	WHDB05.10.038	感染途径代码	08	异性传播	
医学诊断	WHDB05.10.038	感染途径代码	99	不详	
医学诊断	WHDB05.10.039	接触方式代码	01	饲养	
医学诊断	WHDB05.10.039	接触方式代码	02	触摸、投食	
医学诊断	WHDB05.10.039	接触方式代码	03	清洁圈舍	
医学诊断	WHDB05.10.039	接触方式代码	04	捡拾	
医学诊断	WHDB05.10.039	接触方式代码	05	运输	
医学诊断	WHDB05.10.039	接触方式代码	06	销售	
医学诊断	WHDB05.10.039	接触方式代码	07	购买	
医学诊断	WHDB05.10.039	接触方式代码	08	宰杀	
医学诊断	WHDB05.10.039	接触方式代码	09	清理摊档	
医学诊断	WHDB05.10.039	接触方式代码	10	洗切生禽肉	
医学诊断	WHDB05.10.039	接触方式代码	11	未熟透食用	
医学诊断	WHDB05.10.039	接触方式代码	12	媒介叮咬	
医学诊断	WHDB05.10.039	接触方式代码	13	剥食	
医学诊断	WHDB05.10.039	接触方式代码	14	玩耍	
医学诊断	WHDB05.10.039	接触方式代码	15	护理	
医学诊断	WHDB05.10.039	接触方式代码	16	同病房	
医学诊断	WHDB05.10.039	接触方式代码	17	共同居住/生活	
医学诊断	WHDB05.10.039	接触方式代码	18	注射毒品史	
医学诊断	WHDB05.10.039	接触方式代码	19	非婚商业异性性接触史	
医学诊断	WHDB05.10.039	接触方式代码	20	非婚非商业异性性接触史	
医学诊断	WHDB05.10.039	接触方式代码	21	配偶阳性	
医学诊断	WHDB05.10.039	接触方式代码	22	固定性伴阳性	
医学诊断	WHDB05.10.039	接触方式代码	23	男男性行为史	
医学诊断	WHDB05.10.039	接触方式代码	24	献血（浆）史	
医学诊断	WHDB05.10.039	接触方式代码	25	输血/血制品	
医学诊断	WHDB05.10.039	接触方式代码	26	母亲阳性	
医学诊断	WHDB05.10.039	接触方式代码	27	职业暴露史	
医学诊断	WHDB05.10.039	接触方式代码	28	手术史	
医学诊断	WHDB05.10.039	接触方式代码	29	不详	
医学诊断	WHDB05.10.039	接触方式代码	30	抗洪救灾	
医学诊断	WHDB05.10.039	接触方式代码	31	农业生产	
医学诊断	WHDB05.10.039	接触方式代码	32	捕鱼捞虾	
医学诊断	WHDB05.10.039	接触方式代码	33	放牧与割草	
医学诊断	WHDB05.10.039	接触方式代码	34	抢种抢收	
医学诊断	WHDB05.10.039	接触方式代码	35	洗涮生活用品	
医学诊断	WHDB05.10.039	接触方式代码	36	玩水游泳	
医学诊断	WHDB05.10.039	接触方式代码	37	洗手脚	
医学诊断	WHDB05.10.039	接触方式代码	99	其他	
医学诊断	WHDB05.10.040	手足口病实验室检验指标代码	1	EV71	
医学诊断	WHDB05.10.040	手足口病实验室检验指标代码	2	Cox A16	
医学诊断	WHDB05.10.040	手足口病实验室检验指标代码	3	其他肠道病毒	
医学诊断	WHDB05.10.041	乙肝HBsAg阳性时间代码	1	大于6个月	
医学诊断	WHDB05.10.041	乙肝HBsAg阳性时间代码	2	6个月内由阴性转为阳性	
医学诊断	WHDB05.10.041	乙肝HBsAg阳性时间代码	3	既往未检测或结果不详	
医学诊断	WHDB05.10.042	抗-HBcIgM1：1000检测结果代码	1	阳性	
医学诊断	WHDB05.10.042	抗-HBcIgM1：1000检测结果代码	2	阴性	
医学诊断	WHDB05.10.042	抗-HBcIgM1：1000检测结果代码	3	未测	
医学诊断	WHDB05.10.043	肝穿结果（急慢性）代码	1	急性病变	
医学诊断	WHDB05.10.043	肝穿结果（急慢性）代码	2	慢性病变	
医学诊断	WHDB05.10.043	肝穿结果（急慢性）代码	3	未测	
医学诊断	WHDB05.10.044	恢复期血清HBsAg阴转抗HBs阳转代码	1	是	
医学诊断	WHDB05.10.044	恢复期血清HBsAg阴转抗HBs阳转代码	2	否	
医学诊断	WHDB05.10.044	恢复期血清HBsAg阴转抗HBs阳转代码	3	未测	
医学诊断	WHDB05.10.045	临床严重程度代码	1	无症状感染者	
医学诊断	WHDB05.10.045	临床严重程度代码	2	轻型	
医学诊断	WHDB05.10.045	临床严重程度代码	3	普通型	
医学诊断	WHDB05.10.045	临床严重程度代码	4	重型	
医学诊断	WHDB05.10.045	临床严重程度代码	5	危重型	
医学诊断	WHDB05.10.046	生殖道沙眼衣原体感染代码	1	确诊病例	
医学诊断	WHDB05.10.046	生殖道沙眼衣原体感染代码	2	无症状感染	
计划与干预	CT01.00.030	手术操作部位代码	01	双侧鼻孔	BN
计划与干预	CT01.00.030	手术操作部位代码	02	臀部	BU
计划与干预	CT01.00.030	手术操作部位代码	03	左臂	LA
计划与干预	CT01.00.030	手术操作部位代码	04	左前胸	LAC
计划与干预	CT01.00.030	手术操作部位代码	05	左肘前窝	LACF
计划与干预	CT01.00.030	手术操作部位代码	06	左三角肌	LD
计划与干预	CT01.00.030	手术操作部位代码	07	左耳	LE
计划与干预	CT01.00.030	手术操作部位代码	08	左外颈	LEJ
计划与干预	CT01.00.030	手术操作部位代码	09	左足	LF
计划与干预	CT01.00.030	手术操作部位代码	10	左臀中肌	LG
计划与干预	CT01.00.030	手术操作部位代码	11	左手	LH
计划与干预	CT01.00.030	手术操作部位代码	12	左内颈	LIJ
计划与干预	CT01.00.030	手术操作部位代码	13	左下腹	LLAQ
计划与干预	CT01.00.030	手术操作部位代码	14	左下臂	LLFA
计划与干预	CT01.00.030	手术操作部位代码	15	左中臂	LMFA
计划与干预	CT01.00.030	手术操作部位代码	16	左侧鼻孔	LN
计划与干预	CT01.00.030	手术操作部位代码	17	左后胸	LPC
计划与干预	CT01.00.030	手术操作部位代码	18	左锁骨下	LSC
计划与干预	CT01.00.030	手术操作部位代码	19	左大腿	LT
计划与干预	CT01.00.030	手术操作部位代码	21	左上腹	LUAQ
计划与干预	CT01.00.030	手术操作部位代码	22	左上臂	LUFA
计划与干预	CT01.00.030	手术操作部位代码	23	左腹侧臀肌	LVG
计划与干预	CT01.00.030	手术操作部位代码	24	左股外肌	LVL
计划与干预	CT01.00.030	手术操作部位代码	25	右眼	OD
计划与干预	CT01.00.030	手术操作部位代码	26	左眼	OS
计划与干预	CT01.00.030	手术操作部位代码	27	双眼	OU
计划与干预	CT01.00.030	手术操作部位代码	28	肛门	PA
计划与干预	CT01.00.030	手术操作部位代码	29	会阴	PERIN
计划与干预	CT01.00.030	手术操作部位代码	30	右臂	RA
计划与干预	CT01.00.030	手术操作部位代码	31	右前胸	RAC
计划与干预	CT01.00.030	手术操作部位代码	32	右肘前窝	RACF
计划与干预	CT01.00.030	手术操作部位代码	33	右侧三角肌	RD
计划与干预	CT01.00.030	手术操作部位代码	34	右耳	RE
计划与干预	CT01.00.030	手术操作部位代码	35	右外颈	REJ
计划与干预	CT01.00.030	手术操作部位代码	36	右足	RF
计划与干预	CT01.00.030	手术操作部位代码	37	右臀中肌	RG
计划与干预	CT01.00.030	手术操作部位代码	38	右手	RH
计划与干预	CT01.00.030	手术操作部位代码	39	右内颈	RIJ
计划与干预	CT01.00.030	手术操作部位代码	40	右下腹	RLAQ
计划与干预	CT01.00.030	手术操作部位代码	41	右下臂	RLFA
计划与干预	CT01.00.030	手术操作部位代码	42	右中臂	RMFA
计划与干预	CT01.00.030	手术操作部位代码	43	右后胸	RPC
计划与干预	CT01.00.030	手术操作部位代码	44	右锁骨下	RSC
计划与干预	CT01.00.030	手术操作部位代码	45	右大腿	RT
计划与干预	CT01.00.030	手术操作部位代码	46	右侧鼻孔	RN
计划与干预	CT01.00.030	手术操作部位代码	47	右上腹	RUAQ
计划与干预	CT01.00.030	手术操作部位代码	48	右上臂	RUFA
计划与干预	CT01.00.030	手术操作部位代码	49	右腹侧臀肌	RVG
计划与干预	CT01.00.030	手术操作部位代码	50	右股外侧肌	RVL
计划与干预	CT01.00.030	手术操作部位代码	99	其他	
计划与干预	CT01.00.031	手术患者类型代码	1	非手术患者	
计划与干预	CT01.00.031	手术患者类型代码	2	急诊手术	
计划与干预	CT01.00.031	手术患者类型代码	3	择期手术	
计划与干预	CT03.00.005	抗生素使用情况代码	1	一联	
计划与干预	CT03.00.005	抗生素使用情况代码	2	二联	
计划与干预	CT03.00.005	抗生素使用情况代码	3	三联	
计划与干预	CT03.00.005	抗生素使用情况代码	4	四联及四联以上	
计划与干预	CT03.00.006	侵袭性操作选择器代码	1	动静脉插管	
计划与干预	CT03.00.006	侵袭性操作选择器代码	2	内窥镜	
计划与干预	CT03.00.006	侵袭性操作选择器代码	3	透析疗法	
计划与干预	CT03.00.006	侵袭性操作选择器代码	4	使用呼吸机	
计划与干预	CT03.00.006	侵袭性操作选择器代码	5	泌尿道插管	
计划与干预	CT03.00.006	侵袭性操作选择器代码	6	引流	
计划与干预	CT03.00.006	侵袭性操作选择器代码	7	气管切开	
计划与干预	CT03.00.006	侵袭性操作选择器代码	8	气管插管	
计划与干预	CT03.00.006	侵袭性操作选择器代码	9	其他	
计划与干预	CT05.01.007	输血性质代码	01	常规	
计划与干预	CT05.01.007	输血性质代码	02	紧急	
计划与干预	CT05.01.007	输血性质代码	03	大量	
计划与干预	CT05.01.007	输血性质代码	04	特殊供血者	
计划与干预	CT05.01.008	分化程度代码	01	高分化	
计划与干预	CT05.01.008	分化程度代码	02	中分化	
计划与干预	CT05.01.008	分化程度代码	03	低分化	
计划与干预	CT05.01.008	分化程度代码	04	未分化	
计划与干预	CT05.01.008	分化程度代码	05	T 细胞	
计划与干预	CT05.01.008	分化程度代码	06	B 细胞	
计划与干预	CT05.01.008	分化程度代码	07	非 T-非 B	
计划与干预	CT05.01.008	分化程度代码	08	NK(自然杀伤)细胞	
计划与干预	CT05.01.008	分化程度代码	09	未确定	
计划与干预	CT05.10.007	处方类别代码	01	门诊西药	
计划与干预	CT05.10.007	处方类别代码	02	门诊中草药	
计划与干预	CT05.10.007	处方类别代码	03	急诊西药	
计划与干预	CT05.10.007	处方类别代码	04	急诊中草药	
计划与干预	CT05.10.007	处方类别代码	05	儿科西药	
计划与干预	CT05.10.007	处方类别代码	06	儿科中草药	
计划与干预	CT05.10.007	处方类别代码	07	麻、精一	
计划与干预	CT05.10.007	处方类别代码	08	精二	
计划与干预	CT05.10.007	处方类别代码	09	中药饮片	
计划与干预	CT05.10.007	处方类别代码	10	中成药	
计划与干预	CT05.10.007	处方类别代码	99	其它	
计划与干预	CT05.10.011	手术分类代码	01	普通	
计划与干预	CT05.10.011	手术分类代码	02	急诊	
计划与干预	CT05.10.011	手术分类代码	03	感染	
计划与干预	CT05.10.011	手术分类代码	09	其他	
计划与干预	CT05.10.012	麻醉分级代码	01	正常的患者	
计划与干预	CT05.10.012	麻醉分级代码	02	患者有轻微的临床症状	
计划与干预	CT05.10.012	麻醉分级代码	03	患者有明显的系统临床症状	
计划与干预	CT05.10.012	麻醉分级代码	04	患者有明显的系统临床症状，且危及生命	
计划与干预	CT05.10.012	麻醉分级代码	05	如果不手术患者将不能存活	
计划与干预	CT05.10.012	麻醉分级代码	06	脑死亡的患者	
计划与干预	CT05.10.013	医嘱类别代码	01	长期（在院）	
计划与干预	CT05.10.013	医嘱类别代码	02	临时（在院）	
计划与干预	CT05.10.013	医嘱类别代码	03	出院带药	
计划与干预	CT05.10.013	医嘱类别代码	09	其他	
计划与干预	CT06.00.001	控制方法代码	01	药物治疗	
计划与干预	CT06.00.001	控制方法代码	02	反馈临床	
计划与干预	CT06.00.001	控制方法代码	03	隔离	
计划与干预	CT06.00.001	控制方法代码	04	消除危险因素	
计划与干预	CT06.00.001	控制方法代码	05	补充菌群	
计划与干预	CT06.00.003	实施临床路径标志代码	01	中医	
计划与干预	CT06.00.003	实施临床路径标志代码	02	西医	
计划与干预	CT06.00.003	实施临床路径标志代码	03	否	
计划与干预	CV05.10.001	残疾情况代码	1	无残疾	
计划与干预	CV05.10.001	残疾情况代码	2	听力残疾	
计划与干预	CV05.10.001	残疾情况代码	3	言语残疾	
计划与干预	CV05.10.001	残疾情况代码	4	肢体残疾	
计划与干预	CV05.10.001	残疾情况代码	5	智力残疾	
计划与干预	CV05.10.001	残疾情况代码	6	视力残疾	
计划与干预	CV05.10.001	残疾情况代码	7	精神残疾	
计划与干预	CV05.10.001	残疾情况代码	8	多重残疾	
计划与干预	CV05.10.001	残疾情况代码	9	其他残疾	
计划与干预	CV05.10.019	入院疾病病情代码	1	有	
计划与干预	CV05.10.019	入院疾病病情代码	2	临床未确定	
计划与干预	CV05.10.019	入院疾病病情代码	3	情况不明	
计划与干预	CV05.10.019	入院疾病病情代码	4	无	
计划与干预	CV05.10.023	手术切口愈合等级代码	0	0 类切口	
计划与干预	CV05.10.023	手术切口愈合等级代码	1	切口等级Ⅰ/愈合类型甲	
计划与干预	CV05.10.023	手术切口愈合等级代码	10	切口等级Ⅰ/其他	
计划与干预	CV05.10.023	手术切口愈合等级代码	11	切口等级Ⅱ/其他	
计划与干预	CV05.10.023	手术切口愈合等级代码	12	切口等级Ⅲ/其他	
计划与干预	CV05.10.023	手术切口愈合等级代码	2	切口等级Ⅰ/愈合类型乙	
计划与干预	CV05.10.023	手术切口愈合等级代码	3	切口等级Ⅰ/愈合类型丙	
计划与干预	CV05.10.023	手术切口愈合等级代码	4	切口等级Ⅱ/愈合类型甲	
计划与干预	CV05.10.023	手术切口愈合等级代码	5	切口等级Ⅱ/愈合类型乙	
计划与干预	CV05.10.023	手术切口愈合等级代码	6	切口等级Ⅱ/愈合类型丙	
计划与干预	CV05.10.023	手术切口愈合等级代码	7	切口等级Ⅲ/愈合类型甲	
计划与干预	CV05.10.023	手术切口愈合等级代码	8	切口等级Ⅲ/愈合类型乙	
计划与干预	CV05.10.023	手术切口愈合等级代码	9	切口等级Ⅲ/愈合类型丙	
计划与干预	CV05.10.023	手术切口愈合等级代码	99	其他切口类型	
计划与干预	CV05.10.024	手术级别代码	1	一级手术	
计划与干预	CV05.10.024	手术级别代码	2	二级手术	
计划与干预	CV05.10.024	手术级别代码	3	三级手术	
计划与干预	CV05.10.024	手术级别代码	4	四级手术	
计划与干预	CV05.10.024	手术级别代码	5	其他等级	
计划与干预	CV06.00.101	中药使用类别代码	1	未使用	
计划与干预	CV06.00.101	中药使用类别代码	2	中成药	
计划与干预	CV06.00.101	中药使用类别代码	3	中草药	
计划与干预	CV06.00.101	中药使用类别代码	9	其他中药	
计划与干预	WHCV06.00.102	用药途径代码	1	口服	
计划与干预	WHCV06.00.102	用药途径代码	101	嚼服	
计划与干预	WHCV06.00.102	用药途径代码	102	口喷	
计划与干预	WHCV06.00.102	用药途径代码	103	口腔涂药	
计划与干预	WHCV06.00.102	用药途径代码	104	含服	
计划与干预	WHCV06.00.102	用药途径代码	105	冲服	
计划与干预	WHCV06.00.102	用药途径代码	106	代茶饮	
计划与干预	WHCV06.00.102	用药途径代码	107	含漱	
计划与干预	WHCV06.00.102	用药途径代码	108	交替漱口	
计划与干预	WHCV06.00.102	用药途径代码	2	直肠给药	
计划与干预	WHCV06.00.102	用药途径代码	201	灌肠	
计划与干预	WHCV06.00.102	用药途径代码	202	塞肛	
计划与干预	WHCV06.00.102	用药途径代码	203	膀胱冲洗	
计划与干预	WHCV06.00.102	用药途径代码	204	膀胱灌注	
计划与干预	WHCV06.00.102	用药途径代码	3	舌下给药	
计划与干预	WHCV06.00.102	用药途径代码	4	注射给药	
计划与干预	WHCV06.00.102	用药途径代码	401	皮下注射	
计划与干预	WHCV06.00.102	用药途径代码	402	皮内注射	
计划与干预	WHCV06.00.102	用药途径代码	403	肌肉注射	
计划与干预	WHCV06.00.102	用药途径代码	404	静脉注射或静脉滴注	
计划与干预	WHCV06.00.102	用药途径代码	405	半球后注射	
计划与干预	WHCV06.00.102	用药途径代码	406	球后注射	
计划与干预	WHCV06.00.102	用药途径代码	407	眼球旁注射	
计划与干预	WHCV06.00.102	用药途径代码	408	球结膜下注射	
计划与干预	WHCV06.00.102	用药途径代码	409	双颞浅注射	
计划与干预	WHCV06.00.102	用药途径代码	410	骶管硬膜外注射	
计划与干预	WHCV06.00.102	用药途径代码	411	骶管注射	
计划与干预	WHCV06.00.102	用药途径代码	412	股动脉注射	
计划与干预	WHCV06.00.102	用药途径代码	413	结膜下注射	
计划与干预	WHCV06.00.102	用药途径代码	414	瘤周注射	
计划与干预	WHCV06.00.102	用药途径代码	415	皮损内注射	
计划与干预	WHCV06.00.102	用药途径代码	416	穴位注射	
计划与干预	WHCV06.00.102	用药途径代码	417	硬膜外注射	
计划与干预	WHCV06.00.102	用药途径代码	418	自血结膜下注射	
计划与干预	WHCV06.00.102	用药途径代码	419	U管滴入	
计划与干预	WHCV06.00.102	用药途径代码	420	腹腔滴入	
计划与干预	WHCV06.00.102	用药途径代码	421	静脉泵内滴入	
计划与干预	WHCV06.00.102	用药途径代码	422	动脉泵入	
计划与干预	WHCV06.00.102	用药途径代码	423	微量泵泵入	
计划与干预	WHCV06.00.102	用药途径代码	424	泵内注入	
计划与干预	WHCV06.00.102	用药途径代码	425	鼻肠管注入	
计划与干预	WHCV06.00.102	用药途径代码	426	肛门注入	
计划与干预	WHCV06.00.102	用药途径代码	427	胃管注入	
计划与干预	WHCV06.00.102	用药途径代码	428	胸腔注入	
计划与干预	WHCV06.00.102	用药途径代码	429	入莫菲氏滴管	
计划与干预	WHCV06.00.102	用药途径代码	5	吸入给药	
计划与干预	WHCV06.00.102	用药途径代码	501	喷雾吸入	
计划与干预	WHCV06.00.102	用药途径代码	502	驱动雾化	
计划与干预	WHCV06.00.102	用药途径代码	503	雾化吸入	
计划与干预	WHCV06.00.102	用药途径代码	6	局部用药	
计划与干预	WHCV06.00.102	用药途径代码	6001	局部封闭	
计划与干预	WHCV06.00.102	用药途径代码	6002	局部麻醉	
计划与干预	WHCV06.00.102	用药途径代码	6003	局部贴敷	
计划与干预	WHCV06.00.102	用药途径代码	6004	局部注射	
计划与干预	WHCV06.00.102	用药途径代码	601	椎管内用药	
计划与干预	WHCV06.00.102	用药途径代码	6011	蛛网膜下腔注射	
计划与干预	WHCV06.00.102	用药途径代码	602	关节腔内用药	
计划与干预	WHCV06.00.102	用药途径代码	6021	关节腔内注射	
计划与干预	WHCV06.00.102	用药途径代码	6022	鞘内注射	
计划与干预	WHCV06.00.102	用药途径代码	603	胸膜腔用药	
计划与干预	WHCV06.00.102	用药途径代码	6031	心内注射	
计划与干预	WHCV06.00.102	用药途径代码	6032	胸内注射	
计划与干预	WHCV06.00.102	用药途径代码	604	腹腔用药	
计划与干预	WHCV06.00.102	用药途径代码	6041	腹部皮下注射	
计划与干预	WHCV06.00.102	用药途径代码	6042	腹动脉插管注射	
计划与干预	WHCV06.00.102	用药途径代码	6043	腹腔注射	
计划与干预	WHCV06.00.102	用药途径代码	6044	宫颈注射	
计划与干预	WHCV06.00.102	用药途径代码	6045	宫体注射	
计划与干预	WHCV06.00.102	用药途径代码	6046	膀胱注射	
计划与干预	WHCV06.00.102	用药途径代码	605	阴道用药	
计划与干预	WHCV06.00.102	用药途径代码	6051	阴道用	
计划与干预	WHCV06.00.102	用药途径代码	606	气管内用药	
计划与干预	WHCV06.00.102	用药途径代码	6061	气管滴入	
计划与干预	WHCV06.00.102	用药途径代码	6062	气管内注入	
计划与干预	WHCV06.00.102	用药途径代码	607	滴眼	
计划与干预	WHCV06.00.102	用药途径代码	6071	洗眼	
计划与干预	WHCV06.00.102	用药途径代码	6072	眼内灌洗	
计划与干预	WHCV06.00.102	用药途径代码	6073	眼内用药	
计划与干预	WHCV06.00.102	用药途径代码	6074	涂眼膏	
计划与干预	WHCV06.00.102	用药途径代码	608	滴鼻	
计划与干预	WHCV06.00.102	用药途径代码	6081	鼻喷	
计划与干预	WHCV06.00.102	用药途径代码	6082	鼻腔冲洗	
计划与干预	WHCV06.00.102	用药途径代码	6083	鼻饲	
计划与干预	WHCV06.00.102	用药途径代码	6084	管饲	
计划与干预	WHCV06.00.102	用药途径代码	6085	堵塞鼻腔	
计划与干预	WHCV06.00.102	用药途径代码	609	喷喉	
计划与干预	WHCV06.00.102	用药途径代码	6091	滴斗入	
计划与干预	WHCV06.00.102	用药途径代码	6092	滴耳	
计划与干预	WHCV06.00.102	用药途径代码	6093	滴内管	
计划与干预	WHCV06.00.102	用药途径代码	610	含化	
计划与干预	WHCV06.00.102	用药途径代码	611	敷伤口	
计划与干预	WHCV06.00.102	用药途径代码	612	擦皮肤	
计划与干预	WHCV06.00.102	用药途径代码	6121	外用	
计划与干预	WHCV06.00.102	用药途径代码	6122	冲洗	
计划与干预	WHCV06.00.102	用药途径代码	6123	持续结膜囊冲洗	
计划与干预	WHCV06.00.102	用药途径代码	699	其他局部给药途径	
计划与干预	WHCV06.00.102	用药途径代码	6XX	局部用药扩充内容	
计划与干预	WHCV06.00.102	用药途径代码	7	穿刺用	
计划与干预	WHCV06.00.102	用药途径代码	701	动脉采血	
计划与干预	WHCV06.00.102	用药途径代码	702	动脉穿刺及注射术	
计划与干预	WHCV06.00.102	用药途径代码	703	羊膜腔穿刺	
计划与干预	WHCV06.00.102	用药途径代码	704	冲管用	
计划与干预	WHCV06.00.102	用药途径代码	705	封管用	
计划与干预	WHCV06.00.102	用药途径代码	706	腹膜透析用	
计划与干预	WHCV06.00.102	用药途径代码	707	呼吸机用	
计划与干预	WHCV06.00.102	用药途径代码	708	麻醉用	
计划与干预	WHCV06.00.102	用药途径代码	709	吸痰用	
计划与干预	WHCV06.00.102	用药途径代码	710	吸氧用	
计划与干预	WHCV06.00.102	用药途径代码	711	血液净化用	
计划与干预	WHCV06.00.102	用药途径代码	712	造影用	
计划与干预	WHCV06.00.102	用药途径代码	713	皮试	
计划与干预	WHCV06.00.102	用药途径代码	714	烊化	
计划与干预	WHCV06.00.102	用药途径代码	715	超声超导	
计划与干预	WHCV06.00.102	用药途径代码	8	煎服	
计划与干预	WHCV06.00.102	用药途径代码	801	中药熬膏	
计划与干预	WHCV06.00.102	用药途径代码	802	中药冲服	
计划与干预	WHCV06.00.102	用药途径代码	803	中药打粉	
计划与干预	WHCV06.00.102	用药途径代码	804	中药外用	
计划与干预	WHCV06.00.102	用药途径代码	805	中药制丸	
计划与干预	WHCV06.00.102	用药途径代码	806	穴位贴敷	
计划与干预	WHCV06.00.102	用药途径代码	807	足浴	
计划与干预	WHCV06.00.102	用药途径代码	808	坐浴	
计划与干预	WHCV06.00.102	用药途径代码	9	其他给药途径	
计划与干预	WHCV06.00.228	药物使用频次代码表	01	bid	每日2次
计划与干预	WHCV06.00.228	药物使用频次代码表	02	biw	每周2次
计划与干预	WHCV06.00.228	药物使用频次代码表	03	hs	睡前服用
计划与干预	WHCV06.00.228	药物使用频次代码表	04	q12h	每12小时一次
计划与干预	WHCV06.00.228	药物使用频次代码表	05	qh	每1小时一次
计划与干预	WHCV06.00.228	药物使用频次代码表	06	q3h	每3小时1次
计划与干预	WHCV06.00.228	药物使用频次代码表	07	q6h	每6小时1次
计划与干预	WHCV06.00.228	药物使用频次代码表	08	q8h	每8小时1次
计划与干预	WHCV06.00.228	药物使用频次代码表	09	qd	每日1次
计划与干预	WHCV06.00.228	药物使用频次代码表	10	qid	每日4次
计划与干预	WHCV06.00.228	药物使用频次代码表	11	qod	隔日1次
计划与干预	WHCV06.00.228	药物使用频次代码表	12	qw	每周一次
计划与干预	WHCV06.00.228	药物使用频次代码表	13	st	即刻
计划与干预	WHCV06.00.228	药物使用频次代码表	15	tid	每日3次
计划与干预	WHCV06.00.228	药物使用频次代码表	16	cxx	持续性
计划与干预	WHCV06.00.228	药物使用频次代码表	17	qn	每天晚上一次
计划与干预	WHCV06.00.228	药物使用频次代码表	18	irreg	不定时
计划与干预	WHCV06.00.228	药物使用频次代码表	19	once	临时一次
计划与干预	WHCV06.00.228	药物使用频次代码表	20	prn	必要时
计划与干预	WHCV06.00.228	药物使用频次代码表	21	xwk	周频次
计划与干预	WHCV06.00.228	药物使用频次代码表	22	q2h	每2小时一次
计划与干预	WHCV06.00.228	药物使用频次代码表	23	q4H	每4小时一次
计划与干预	WHCV06.00.228	药物使用频次代码表	24	q24h	每24小时一次
计划与干预	WHCV06.00.228	药物使用频次代码表	25	q48h	每48小时一次
计划与干预	WHCV06.00.228	药物使用频次代码表	26	q72h	每72小时一次
计划与干预	WHCV06.00.228	药物使用频次代码表	27	每日1剂 每日1次	饮片
计划与干预	WHCV06.00.228	药物使用频次代码表	28	每日1剂 每日2次	饮片
计划与干预	WHCV06.00.228	药物使用频次代码表	29	每日1剂 每日3次	饮片
计划与干预	WHCV06.00.228	药物使用频次代码表	30	每日1剂 每日4次	饮片
计划与干预	WHCV06.00.228	药物使用频次代码表	31	每日1剂 遵医嘱	饮片
计划与干预	WHCV06.00.228	药物使用频次代码表	99	其他	其他
计划与干预	CV06.00.103	麻醉-方法代码	1	全身麻醉	
计划与干预	CV06.00.103	麻醉-方法代码	11	吸入麻醉	
计划与干预	CV06.00.103	麻醉-方法代码	12	静脉麻醉	
计划与干预	CV06.00.103	麻醉-方法代码	13	基础麻醉	
计划与干预	CV06.00.103	麻醉-方法代码	2	椎管内麻醉	
计划与干预	CV06.00.103	麻醉-方法代码	21	蛛网膜下腔阻滞麻醉	
计划与干预	CV06.00.103	麻醉-方法代码	22	硬脊膜外腔阻滞麻醉	
计划与干预	CV06.00.103	麻醉-方法代码	3	局部麻醉	
计划与干预	CV06.00.103	麻醉-方法代码	31	神经丛阻滞麻醉	
计划与干预	CV06.00.103	麻醉-方法代码	32	神经节阻滞麻醉	
计划与干预	CV06.00.103	麻醉-方法代码	33	神经阻滞麻醉	
计划与干预	CV06.00.103	麻醉-方法代码	34	区域阻滞麻醉	
计划与干预	CV06.00.103	麻醉-方法代码	35	局部浸润麻醉	
计划与干预	CV06.00.103	麻醉-方法代码	36	表面麻醉	
计划与干预	CV06.00.103	麻醉-方法代码	4	复合麻醉	
计划与干预	CV06.00.103	麻醉-方法代码	41	静吸复合全麻	
计划与干预	CV06.00.103	麻醉-方法代码	42	针药复合麻醉	
计划与干预	CV06.00.103	麻醉-方法代码	43	神经丛与硬膜外阻滞复合麻醉	
计划与干预	CV06.00.103	麻醉-方法代码	44	全麻复合全身降温	
计划与干预	CV06.00.103	麻醉-方法代码	45	全麻复合控制性降压	
计划与干预	CV06.00.103	麻醉-方法代码	9	其他麻醉方法	
计划与干预	WHCV06.00.104	是否麻醉开始后取消手术	1	是	
计划与干预	WHCV06.00.104	是否麻醉开始后取消手术	2	否	
计划与干预	WHCV06.00.104	是否麻醉开始后取消手术	3	非手术	
计划与干预	CV06.00.207	随访方式代码表	1	门诊	
计划与干预	CV06.00.207	随访方式代码表	2	家庭	
计划与干预	CV06.00.207	随访方式代码表	3	电话	
计划与干预	CV06.00.207	随访方式代码表	4	短信	
计划与干预	CV06.00.207	随访方式代码表	5	网络	
计划与干预	CV06.00.207	随访方式代码表	9	其他	
计划与干预	CV06.00.208	随访周期建议代码表	01	每2周	
计划与干预	CV06.00.208	随访周期建议代码表	02	每1个月	
计划与干预	CV06.00.208	随访周期建议代码表	03	每2个月	
计划与干预	CV06.00.208	随访周期建议代码表	04	每3个月	
计划与干预	CV06.00.208	随访周期建议代码表	05	每半年	
计划与干预	CV06.00.208	随访周期建议代码表	06	每年	
计划与干预	CV06.00.208	随访周期建议代码表	07	每2年	
计划与干预	CV06.00.208	随访周期建议代码表	08	无需	
计划与干预	CV06.00.208	随访周期建议代码表	99	其他	
计划与干预	CV06.00.212	住院原因代码	1	病伤	
计划与干预	CV06.00.212	住院原因代码	2	体检	
计划与干预	CV06.00.212	住院原因代码	3	分娩	
计划与干预	CV06.00.212	住院原因代码	9	其他	
计划与干预	CV06.00.222	隔离种类代码	1	消化道隔离	
计划与干预	CV06.00.222	隔离种类代码	2	呼吸道隔离	
计划与干预	CV06.00.222	隔离种类代码	3	接触隔离	
计划与干预	CV06.00.222	隔离种类代码	4	血液-体液隔离	
计划与干预	CV06.00.222	隔离种类代码	5	严密隔离	
计划与干预	CV06.00.222	隔离种类代码	6	昆虫隔离	
计划与干预	CV06.00.222	隔离种类代码	7	保护性隔离	
计划与干预	CV06.00.221	护理类型代码表	1	基础护理	
计划与干预	CV06.00.221	护理类型代码表	2	特殊护理	
计划与干预	CV06.00.221	护理类型代码表	3	辩证施护	
计划与干预	CV06.00.221	护理类型代码表	9	其他	
计划与干预	WHCT05.01.104	护理等级代码	1	特级护理	
计划与干预	WHCT05.01.104	护理等级代码	2	一级护理	
计划与干预	WHCT05.01.104	护理等级代码	3	二级护理	
计划与干预	WHCT05.01.104	护理等级代码	4	三级护理	
计划与干预	WHCT05.02.104	闭环护理类型	1	等级护理	
计划与干预	WHCT05.02.104	闭环护理类型	2	重症监护	
计划与干预	WHCT05.02.104	闭环护理类型	3	呼吸机	
计划与干预	WHCT05.02.104	闭环护理类型	4	隔离护理	
计划与干预	WHCT05.02.104	闭环护理类型	5	安全护理	
计划与干预	WHCT05.02.104	闭环护理类型	6	收发知情同意表	
计划与干预	WHCT05.02.104	闭环护理类型	7	通道护理	
计划与干预	WHCT05.02.104	闭环护理类型	8	其他护理	
计划与干预	WHCT05.03.104	护理操作项目代码	1	皮试	
计划与干预	WHCT05.03.104	护理操作项目代码	2	导管护理	
计划与干预	WHCT05.03.104	护理操作项目代码	3	气管护理代码	
计划与干预	WHCT05.03.104	护理操作项目代码	4	体位护理	
计划与干预	WHCT05.03.104	护理操作项目代码	5	皮肤护理	
计划与干预	WHCT05.03.104	护理操作项目代码	6	营养护理	
计划与干预	WHCT05.03.104	护理操作项目代码	7	饮食指导代码	
计划与干预	WHCT05.03.104	护理操作项目代码	8	心理护理代码	
计划与干预	WHCT05.03.104	护理操作项目代码	9	其他	
计划与干预	WHCV06.00.007	安全护理代码	1	勤巡视病房	
计划与干预	WHCV06.00.007	安全护理代码	2	加床档	
计划与干预	WHCV06.00.007	安全护理代码	3	约束四肢	
计划与干预	WHCV06.00.008	抗菌药物等级代码	0	非抗菌药物	
计划与干预	WHCV06.00.008	抗菌药物等级代码	11	一级	
计划与干预	WHCV06.00.008	抗菌药物等级代码	12	二级	
计划与干预	WHCV06.00.008	抗菌药物等级代码	13	三级	
计划与干预	CV06.00.224	饮食指导代码	01	普通饮食	
计划与干预	CV06.00.224	饮食指导代码	02	软食	
计划与干预	CV06.00.224	饮食指导代码	03	半流食	
计划与干预	CV06.00.224	饮食指导代码	04	流食	
计划与干预	CV06.00.224	饮食指导代码	05	禁食	
计划与干预	CV06.00.224	饮食指导代码	06	禁食水	
计划与干预	CV06.00.224	饮食指导代码	07	鼻饲饮食	
计划与干预	CV06.00.224	饮食指导代码	08	低盐低脂饮食	
计划与干预	CV06.00.224	饮食指导代码	09	糖尿病饮食	
计划与干预	CV06.00.224	饮食指导代码	99	其他	
计划与干预	CV06.00.229	医嘱项目类别代码	11	西药	
计划与干预	CV06.00.229	医嘱项目类别代码	12	中成药	
计划与干预	CV06.00.229	医嘱项目类别代码	13	中草药	
计划与干预	CV06.00.229	医嘱项目类别代码	21	治疗	
计划与干预	CV06.00.229	医嘱项目类别代码	22	检验	
计划与干预	CV06.00.229	医嘱项目类别代码	23	检查	
计划与干预	CV06.00.229	医嘱项目类别代码	24	手术	
计划与干预	CV06.00.229	医嘱项目类别代码	25	麻醉	
计划与干预	CV06.00.229	医嘱项目类别代码	26	护理	
计划与干预	CV06.00.229	医嘱项目类别代码	27	膳食	
计划与干预	CV06.00.229	医嘱项目类别代码	28	输血	
计划与干预	CV06.00.229	医嘱项目类别代码	29	输氧	
计划与干预	CV06.00.229	医嘱项目类别代码	31	其他	
计划与干预	CV06.00.229	医嘱项目类别代码	32	转科	
计划与干预	CV06.00.229	医嘱项目类别代码	33	术后	
计划与干预	CV06.00.229	医嘱项目类别代码	34	出院	
计划与干预	CV06.00.229	医嘱项目类别代码	35	转院	
计划与干预	CV06.00.229	医嘱项目类别代码	36	死亡	
计划与干预	CV06.00.229	医嘱项目类别代码	37	产后	
计划与干预	CV09.00.403	入院途径代码	1	门诊	
计划与干预	CV09.00.403	入院途径代码	2	急诊	
计划与干预	CV09.00.403	入院途径代码	3	其他医疗机构转入	
计划与干预	CV09.00.403	入院途径代码	9	其他	
计划与干预	WHCV06.00.227	绿色通道类型	1	三无人员	
计划与干预	WHCV06.00.227	绿色通道类型	2	危急重	
计划与干预	WHCV06.00.227	绿色通道类型	3	快递员绿色通道	
计划与干预	WHCV06.00.019	医嘱状态	0	正常	
计划与干预	WHCV06.00.019	医嘱状态	1	作废	
计划与干预	WHCV06.00.020	留观标志	0	住院	
计划与干预	WHCV06.00.020	留观标志	1	留院观察	
计划与干预	WHCV06.00.021	新冠肺炎_给氧模式代码	1	鼻导管	指使用鼻导管进行吸氧
计划与干预	WHCV06.00.021	新冠肺炎_给氧模式代码	2	面單	指使用面罩掩盖患者的口鼻给氧
计划与干预	WHCV06.00.021	新冠肺炎_给氧模式代码	3	高流量	指在常压下通关佩戴专用吸氧工具以保证吸 氧流量〉4L/min或吸入气体氧溶度＞40%的 氧疗方式
计划与干预	WHCV06.00.021	新冠肺炎_给氧模式代码	4	无创呼吸机	指使用无创呼吸机进行辅助通气
计划与干预	WHCV06.00.021	新冠肺炎_给氧模式代码	5	有创呼吸机	指使用有创呼吸机进行辅助通气
计划与干预	WHCV06.00.021	新冠肺炎_给氧模式代码	6	ECMO	指使用体外膜肺氧合进行辅助呼吸
计划与干预	WHCV06.00.021	新冠肺炎_给氧模式代码	9	其他	指除上述6种给氧模式之外的其他情况
计划与干预	WHCV06.00.022	医嘱执行操作分类代码	01	处方审核	
计划与干预	WHCV06.00.022	医嘱执行操作分类代码	02	处方调配	
计划与干预	WHCV06.00.022	医嘱执行操作分类代码	03	处方发药	
计划与干预	WHCV06.00.022	医嘱执行操作分类代码	04	登记预约	
计划与干预	WHCV06.00.022	医嘱执行操作分类代码	05	签到等候	
计划与干预	WHCV06.00.022	医嘱执行操作分类代码	06	标本采集	
计划与干预	WHCV06.00.022	医嘱执行操作分类代码	07	标本接收	
计划与干预	WHCV06.00.022	医嘱执行操作分类代码	08	标本上机	
计划与干预	WHCV06.00.022	医嘱执行操作分类代码	09	开始处置	备注：检查、治疗、输液等
计划与干预	WHCV06.00.022	医嘱执行操作分类代码	10	完成处置	备注：检查、治疗、输液等
计划与干预	WHCV06.00.022	医嘱执行操作分类代码	11	中止处置	
计划与干预	WHCV06.00.022	医嘱执行操作分类代码	12	报告审核发布	
计划与干预	WHCV06.00.022	医嘱执行操作分类代码	13	巡视观察	
计划与干预	WHCV06.00.022	医嘱执行操作分类代码	14	皮试	
计划与干预	WHCV06.00.022	医嘱执行操作分类代码	99	其他	
计划与干预	WHCV06.00.023	手术类型代码表	1	一般	
计划与干预	WHCV06.00.023	手术类型代码表	2	抢救	
计划与干预	WHCV06.00.023	手术类型代码表	3	术中急抢救	
计划与干预	WHCV06.00.023	手术类型代码表	8	感染	
计划与干预	WHCV06.00.023	手术类型代码表	9	其他	
计划与干预	WHCV06.00.226	患者去向代码	01	回家	
计划与干预	WHCV06.00.226	患者去向代码	02	转普通门诊	
计划与干预	WHCV06.00.226	患者去向代码	03	建议入本院	
计划与干预	WHCV06.00.226	患者去向代码	04	建议转院	
计划与干预	WHCV06.00.226	患者去向代码	05	死亡	
计划与干预	WHCV06.00.226	患者去向代码	07	隔离	
计划与干预	WHCV06.00.226	患者去向代码	08	本院留观	
计划与干预	WHCV06.00.226	患者去向代码	09	康复驿站	
计划与干预	WHCV06.00.226	患者去向代码	10	转定点医院	
计划与干预	WHCV06.00.226	患者去向代码	11	转方舱医院	
计划与干预	WHCV06.00.226	患者去向代码	99	其他	
计划与干预	WHCV06.01.01	建议换药理由类型	1	检验结果	
计划与干预	WHCV06.01.01	建议换药理由类型	2	检查结果	
计划与干预	WHCV06.01.01	建议换药理由类型	3	病理结果	
计划与干预	WHCV06.01.02	医嘱执行类型	1	整处方执行	
计划与干预	WHCV06.01.02	医嘱执行类型	2	按医嘱执行	
计划与干预	WHCV06.01.02	医嘱执行类型	3	线上配送	
卫生费用	CT07.00.001	费用项目类别代码	1	药品	
卫生费用	CT07.00.001	费用项目类别代码	11	西药费	
卫生费用	CT07.00.001	费用项目类别代码	12	中成药费	
卫生费用	CT07.00.001	费用项目类别代码	13	中草药费	
卫生费用	CT07.00.001	费用项目类别代码	2	诊疗项目	
卫生费用	CT07.00.001	费用项目类别代码	21	床位费	
卫生费用	CT07.00.001	费用项目类别代码	22	诊疗费	
卫生费用	CT07.00.001	费用项目类别代码	23	检查费	
卫生费用	CT07.00.001	费用项目类别代码	24	化验费	
卫生费用	CT07.00.001	费用项目类别代码	25	治疗费	
卫生费用	CT07.00.001	费用项目类别代码	26	手术费	
卫生费用	CT07.00.001	费用项目类别代码	27	护理费	
卫生费用	CT07.00.001	费用项目类别代码	28	药事服务费	
卫生费用	CT07.00.001	费用项目类别代码	29	一般诊疗费	注：除诊察费外
卫生费用	CT07.00.001	费用项目类别代码	291	诊查费(诊察费)	
卫生费用	CT07.00.001	费用项目类别代码	3	卫生材料	
卫生费用	CT07.00.001	费用项目类别代码	31	卫生材料费	
卫生费用	CT07.00.001	费用项目类别代码	9	其他	
卫生费用	CT07.00.001	费用项目类别代码	91	其他收费	
卫生费用	CT07.00.002	交易类别	01	正交易	
卫生费用	CT07.00.002	交易类别	02	负交易	
卫生费用	CT98.00.011	医保付费方式字典	01	总额预付	
卫生费用	CT98.00.011	医保付费方式字典	02	病组付费	
卫生费用	CT98.00.011	医保付费方式字典	03	单病种付费	
卫生费用	CT98.00.011	医保付费方式字典	04	人头付费	
卫生费用	CT98.00.011	医保付费方式字典	97	项目付费	
卫生费用	CT98.00.011	医保付费方式字典	98	按床日付费（含日间）	
卫生费用	CT98.00.011	医保付费方式字典	99	非医疗保险	
卫生费用	CV07.10.003	医疗费用支付方式	01	城镇职工基本医疗保险	
卫生费用	CV07.10.003	医疗费用支付方式	02	城镇居民基本医疗保险	
卫生费用	CV07.10.003	医疗费用支付方式	03	新型农村合作医疗	
卫生费用	CV07.10.003	医疗费用支付方式	04	贫困救助(精准扶贫)	
卫生费用	CV07.10.003	医疗费用支付方式	05	商业医疗保险	
卫生费用	CV07.10.003	医疗费用支付方式	06	全公费	
卫生费用	CV07.10.003	医疗费用支付方式	07	全自费	
卫生费用	CV07.10.003	医疗费用支付方式	08	其他社会保险	
卫生费用	CV07.10.003	医疗费用支付方式	09	省内医保	
卫生费用	CV07.10.003	医疗费用支付方式	10	省外医保	
卫生费用	CV07.10.003	医疗费用支付方式	11	统筹	
卫生费用	CV07.10.003	医疗费用支付方式	90	城乡居民医疗保险	
卫生费用	CV07.10.003	医疗费用支付方式	99	其他	
卫生费用	WHCT07.10.001	个人支付资金来源代码	1	现金	
卫生费用	WHCT07.10.001	个人支付资金来源代码	2	银行卡	
卫生费用	WHCT07.10.001	个人支付资金来源代码	3	院内储值卡	
卫生费用	WHCT07.10.001	个人支付资金来源代码	4	医保卡	
卫生费用	WHCT07.10.001	个人支付资金来源代码	5	支付宝	
卫生费用	WHCT07.10.001	个人支付资金来源代码	6	微信	
卫生费用	WHCT07.10.001	个人支付资金来源代码	7	混合	
卫生费用	WHCT07.10.002	减免原因代码	1	老年人优惠	年龄达到政策要求
卫生费用	WHCT07.10.002	减免原因代码	2	障碍人士优惠	通过数据核验
卫生费用	WHCT07.10.002	减免原因代码	3	离退荣誉证优惠	通过数据核验
卫生费用	WHCT07.10.002	减免原因代码	4	计生特殊家庭	通过数据核验
卫生费用	WHCT07.10.002	减免原因代码	5	献血者政策减免	血液三免政策
卫生费用	WHCT07.10.002	减免原因代码	99	院内政策减免	
卫生费用	WHCV07.10.002	出纳服务方式	1	床边	
卫生费用	WHCV07.10.002	出纳服务方式	2	窗口	
卫生费用	WHCV07.10.002	出纳服务方式	3	自助机	
卫生费用	WHCV07.10.002	出纳服务方式	4	微信公众号	
卫生费用	WHCV07.10.002	出纳服务方式	5	移动APP	
卫生费用	WHCV07.10.002	出纳服务方式	9	其他	
卫生费用	WHCV07.10.003	医疗费用支付方式	01	城镇职工基本医疗保险	
卫生费用	WHCV07.10.003	医疗费用支付方式	02	城镇居民基本医疗保险	
卫生费用	WHCV07.10.003	医疗费用支付方式	03	新型农村合作医疗	
卫生费用	WHCV07.10.003	医疗费用支付方式	04	贫困救助(精准扶贫)	
卫生费用	WHCV07.10.003	医疗费用支付方式	05	商业医疗保险	
卫生费用	WHCV07.10.003	医疗费用支付方式	06	全公费	
卫生费用	WHCV07.10.003	医疗费用支付方式	07	全自费	
卫生费用	WHCV07.10.003	医疗费用支付方式	08	其他社会保险	
卫生费用	WHCV07.10.003	医疗费用支付方式	09	省内医保	
卫生费用	WHCV07.10.003	医疗费用支付方式	10	省外医保	
卫生费用	WHCV07.10.003	医疗费用支付方式	11	统筹	
卫生费用	WHCV07.10.003	医疗费用支付方式	12	外埠城镇职工基本医疗保险	
卫生费用	WHCV07.10.003	医疗费用支付方式	13	外埠城镇居民基本医疗保险	
卫生费用	WHCV07.10.003	医疗费用支付方式	90	城乡居民医疗保险	
卫生费用	WHCV07.10.003	医疗费用支付方式	99	其他	
卫生费用	WHCV07.10.004	出纳服务渠道	1	院方	
卫生费用	WHCV07.10.004	出纳服务渠道	2	健康武汉	
卫生费用	WHCV07.10.004	出纳服务渠道	9	其他服务商	
卫生费用	WHCV07.10.005	湖北省物价分类标准	1	综合医疗服务类	
卫生费用	WHCV07.10.005	湖北省物价分类标准	11	一般医疗服务	
卫生费用	WHCV07.10.005	湖北省物价分类标准	1101	挂号费	
卫生费用	WHCV07.10.005	湖北省物价分类标准	1102	诊查费	
卫生费用	WHCV07.10.005	湖北省物价分类标准	1103	急诊监护费	
卫生费用	WHCV07.10.005	湖北省物价分类标准	1104	院前急救费	
卫生费用	WHCV07.10.005	湖北省物价分类标准	1105	体检费	
卫生费用	WHCV07.10.005	湖北省物价分类标准	1106	救护车费	
卫生费用	WHCV07.10.005	湖北省物价分类标准	1107	取暖费	
卫生费用	WHCV07.10.005	湖北省物价分类标准	1108	空调降温费	
卫生费用	WHCV07.10.005	湖北省物价分类标准	1109	床位费	
卫生费用	WHCV07.10.005	湖北省物价分类标准	1110	会诊费	
卫生费用	WHCV07.10.005	湖北省物价分类标准	12	一般检查治疗	
卫生费用	WHCV07.10.005	湖北省物价分类标准	1201	护理费	
卫生费用	WHCV07.10.005	湖北省物价分类标准	1202	抢救费	
卫生费用	WHCV07.10.005	湖北省物价分类标准	1203	氧气吸入	
卫生费用	WHCV07.10.005	湖北省物价分类标准	1204	注射	
卫生费用	WHCV07.10.005	湖北省物价分类标准	1205	清创缝合	
卫生费用	WHCV07.10.005	湖北省物价分类标准	1206	换药	
卫生费用	WHCV07.10.005	湖北省物价分类标准	1207	雾化吸入	
卫生费用	WHCV07.10.005	湖北省物价分类标准	1208	鼻饲管置管	
卫生费用	WHCV07.10.005	湖北省物价分类标准	1209	胃肠减压	
卫生费用	WHCV07.10.005	湖北省物价分类标准	1210	洗胃	
卫生费用	WHCV07.10.005	湖北省物价分类标准	1211	物理降温	
卫生费用	WHCV07.10.005	湖北省物价分类标准	1212	坐浴	
卫生费用	WHCV07.10.005	湖北省物价分类标准	1213	冷热湿敷	
卫生费用	WHCV07.10.005	湖北省物价分类标准	1214	引流管冲洗	
卫生费用	WHCV07.10.005	湖北省物价分类标准	1215	灌肠	
卫生费用	WHCV07.10.005	湖北省物价分类标准	1216	导尿	
卫生费用	WHCV07.10.005	湖北省物价分类标准	1217	肛管排气	
卫生费用	WHCV07.10.005	湖北省物价分类标准	1218	其他一般检查治疗	
卫生费用	WHCV07.10.005	湖北省物价分类标准	13	社区卫生服务及预防保健项目	
卫生费用	WHCV07.10.005	湖北省物价分类标准	1301	婴幼儿健康体检	
卫生费用	WHCV07.10.005	湖北省物价分类标准	1302	儿童龋齿预防保健	
卫生费用	WHCV07.10.005	湖北省物价分类标准	1303	家庭巡诊	
卫生费用	WHCV07.10.005	湖北省物价分类标准	1304	围产保健访视	
卫生费用	WHCV07.10.005	湖北省物价分类标准	1305	传染病访视	
卫生费用	WHCV07.10.005	湖北省物价分类标准	1306	家庭病床	
卫生费用	WHCV07.10.005	湖北省物价分类标准	1307	出诊费	
卫生费用	WHCV07.10.005	湖北省物价分类标准	1308	建立健康档案	
卫生费用	WHCV07.10.005	湖北省物价分类标准	1309	疾病健康教育	
卫生费用	WHCV07.10.005	湖北省物价分类标准	14	其他医疗服务项目	
卫生费用	WHCV07.10.005	湖北省物价分类标准	1401	尸体料理	
卫生费用	WHCV07.10.005	湖北省物价分类标准	2	医技诊疗类	
卫生费用	WHCV07.10.005	湖北省物价分类标准	21	医学影像	
卫生费用	WHCV07.10.005	湖北省物价分类标准	2101	X线检查	
卫生费用	WHCV07.10.005	湖北省物价分类标准	2102	磁共振扫描（MRI）	
卫生费用	WHCV07.10.005	湖北省物价分类标准	2103	X线计算机体层（）	
卫生费用	WHCV07.10.005	湖北省物价分类标准	2104	院外影像学会诊	
卫生费用	WHCV07.10.005	湖北省物价分类标准	2105	其他医学影像	
卫生费用	WHCV07.10.005	湖北省物价分类标准	22	超声检查	
卫生费用	WHCV07.10.005	湖北省物价分类标准	2201	A超	
卫生费用	WHCV07.10.005	湖北省物价分类标准	2202	B超	
卫生费用	WHCV07.10.005	湖北省物价分类标准	2203	彩色多普勒超声检查	
卫生费用	WHCV07.10.005	湖北省物价分类标准	2204	多普勒检查	
卫生费用	WHCV07.10.005	湖北省物价分类标准	2205	三维超声检查	
卫生费用	WHCV07.10.005	湖北省物价分类标准	2206	心脏超声检查	
卫生费用	WHCV07.10.005	湖北省物价分类标准	2207	其他心脏超声诊疗技术超声检查	
卫生费用	WHCV07.10.005	湖北省物价分类标准	2208	图像记录附加收费项目	
卫生费用	WHCV07.10.005	湖北省物价分类标准	23	核医学	
卫生费用	WHCV07.10.005	湖北省物价分类标准	2301	核素扫描	
卫生费用	WHCV07.10.005	湖北省物价分类标准	2302	伽马照相	
卫生费用	WHCV07.10.005	湖北省物价分类标准	2303	单光子发射计算机断层显象（SPECT）	
卫生费用	WHCV07.10.005	湖北省物价分类标准	2304	正电子发射计算机断层显象（PET）	
卫生费用	WHCV07.10.005	湖北省物价分类标准	2305	核素功能检查	
卫生费用	WHCV07.10.005	湖北省物价分类标准	2306	核素内照射治疗	
卫生费用	WHCV07.10.005	湖北省物价分类标准	24	放射治疗	
卫生费用	WHCV07.10.005	湖北省物价分类标准	2401	放射治疗计划及剂量计算	
卫生费用	WHCV07.10.005	湖北省物价分类标准	2402	模拟定位	
卫生费用	WHCV07.10.005	湖北省物价分类标准	2403	外照射治疗	
卫生费用	WHCV07.10.005	湖北省物价分类标准	2404	后装治疗	
卫生费用	WHCV07.10.005	湖北省物价分类标准	2405	模具设计及制作	
卫生费用	WHCV07.10.005	湖北省物价分类标准	2406	其他辅助操作放射治疗	
卫生费用	WHCV07.10.005	湖北省物价分类标准	2407	其他放射治疗	
卫生费用	WHCV07.10.005	湖北省物价分类标准	25	检验	
卫生费用	WHCV07.10.005	湖北省物价分类标准	2501	临床检验	
卫生费用	WHCV07.10.005	湖北省物价分类标准	2502	临床血液学检查	
卫生费用	WHCV07.10.005	湖北省物价分类标准	2503	临床化学检查	
卫生费用	WHCV07.10.005	湖北省物价分类标准	2504	临床免疫学检查	
卫生费用	WHCV07.10.005	湖北省物价分类标准	2505	临床微生物学检查	
卫生费用	WHCV07.10.005	湖北省物价分类标准	2506	临床寄生虫学检查	
卫生费用	WHCV07.10.005	湖北省物价分类标准	2507	遗传疾病的分子生物学诊断	
卫生费用	WHCV07.10.005	湖北省物价分类标准	26	血型与配血	
卫生费用	WHCV07.10.005	湖北省物价分类标准	2600	血型与配血	
卫生费用	WHCV07.10.005	湖北省物价分类标准	27	病理检查	
卫生费用	WHCV07.10.005	湖北省物价分类标准	2701	尸体解剖与防腐处理	
卫生费用	WHCV07.10.005	湖北省物价分类标准	2702	细胞病理学检查与诊断	
卫生费用	WHCV07.10.005	湖北省物价分类标准	2703	组织病理学检查与诊断	
卫生费用	WHCV07.10.005	湖北省物价分类标准	2704	冰冻切片与快速石蜡切片检查与诊断	
卫生费用	WHCV07.10.005	湖北省物价分类标准	2705	特殊染色诊断技术	
卫生费用	WHCV07.10.005	湖北省物价分类标准	2706	电镜病理诊断	
卫生费用	WHCV07.10.005	湖北省物价分类标准	2707	分子病理学诊断技术	
卫生费用	WHCV07.10.005	湖北省物价分类标准	2708	其他病理技术项目病理检查	
卫生费用	WHCV07.10.005	湖北省物价分类标准	3	临床诊疗类	
卫生费用	WHCV07.10.005	湖北省物价分类标准	31	临床各系统诊疗	
卫生费用	WHCV07.10.005	湖北省物价分类标准	3101	神经系统	
卫生费用	WHCV07.10.005	湖北省物价分类标准	3102	内分泌系统	
卫生费用	WHCV07.10.005	湖北省物价分类标准	3103	眼部	
卫生费用	WHCV07.10.005	湖北省物价分类标准	3104	耳鼻咽喉	
卫生费用	WHCV07.10.005	湖北省物价分类标准	3105	口腔额面	
卫生费用	WHCV07.10.005	湖北省物价分类标准	3106	呼吸系统	
卫生费用	WHCV07.10.005	湖北省物价分类标准	3107	心脏及血管系统	
卫生费用	WHCV07.10.005	湖北省物价分类标准	3108	血液及淋巴系统	
卫生费用	WHCV07.10.005	湖北省物价分类标准	3109	消化系统	
卫生费用	WHCV07.10.005	湖北省物价分类标准	3110	泌尿系统	
卫生费用	WHCV07.10.005	湖北省物价分类标准	3111	男性生殖系统	
卫生费用	WHCV07.10.005	湖北省物价分类标准	3112	女性生殖系统及孕产（含新生儿诊疗）	
卫生费用	WHCV07.10.005	湖北省物价分类标准	3113	肌肉骨骼系统	
卫生费用	WHCV07.10.005	湖北省物价分类标准	3114	体被系统	
卫生费用	WHCV07.10.005	湖北省物价分类标准	3115	精神心理卫生	
卫生费用	WHCV07.10.005	湖北省物价分类标准	32	经血管介入诊疗	
卫生费用	WHCV07.10.005	湖北省物价分类标准	3201	静脉介入诊疗	
卫生费用	WHCV07.10.005	湖北省物价分类标准	3202	动脉介入诊疗	
卫生费用	WHCV07.10.005	湖北省物价分类标准	3203	门脉系统介入诊疗	
卫生费用	WHCV07.10.005	湖北省物价分类标准	3204	心脏介入诊疗	
卫生费用	WHCV07.10.005	湖北省物价分类标准	3205	冠脉介入诊疗	
卫生费用	WHCV07.10.005	湖北省物价分类标准	3206	脑和脊髓血管介入诊疗	
卫生费用	WHCV07.10.005	湖北省物价分类标准	33	手术治疗	
卫生费用	WHCV07.10.005	湖北省物价分类标准	3301	麻醉	
卫生费用	WHCV07.10.005	湖北省物价分类标准	3302	神经系统手术	
卫生费用	WHCV07.10.005	湖北省物价分类标准	3303	内分泌系统手术	
卫生费用	WHCV07.10.005	湖北省物价分类标准	3304	眼部手术	
卫生费用	WHCV07.10.005	湖北省物价分类标准	3305	耳部手术	
卫生费用	WHCV07.10.005	湖北省物价分类标准	3306	鼻、口、咽部手术	
卫生费用	WHCV07.10.005	湖北省物价分类标准	3307	呼吸系统手术	
卫生费用	WHCV07.10.005	湖北省物价分类标准	3308	心脏及血管系统手术	
卫生费用	WHCV07.10.005	湖北省物价分类标准	3309	造血及淋巴系统手术	
卫生费用	WHCV07.10.005	湖北省物价分类标准	3310	消化系统手术	
卫生费用	WHCV07.10.005	湖北省物价分类标准	3311	泌尿系统手术	
卫生费用	WHCV07.10.005	湖北省物价分类标准	3312	男性生殖系统手术	
卫生费用	WHCV07.10.005	湖北省物价分类标准	3313	女性生殖系统手术	
卫生费用	WHCV07.10.005	湖北省物价分类标准	3314	产科手术与操作	
卫生费用	WHCV07.10.005	湖北省物价分类标准	3315	肌肉骨骼系统手术	
卫生费用	WHCV07.10.005	湖北省物价分类标准	3316	体被系统手术	
卫生费用	WHCV07.10.005	湖北省物价分类标准	3317	其他手术治疗	
卫生费用	WHCV07.10.005	湖北省物价分类标准	34	物理治疗与康复	
卫生费用	WHCV07.10.005	湖北省物价分类标准	3401	物理治疗	
卫生费用	WHCV07.10.005	湖北省物价分类标准	3402	康复	
卫生费用	WHCV07.10.005	湖北省物价分类标准	4	中医及名族医诊疗类	
卫生费用	WHCV07.10.005	湖北省物价分类标准	41	中医外治	
卫生费用	WHCV07.10.005	湖北省物价分类标准	4100	中医外治	
卫生费用	WHCV07.10.005	湖北省物价分类标准	42	中医骨伤	
卫生费用	WHCV07.10.005	湖北省物价分类标准	4200	中医骨伤	
卫生费用	WHCV07.10.005	湖北省物价分类标准	43	针刺	
卫生费用	WHCV07.10.005	湖北省物价分类标准	4300	针刺	
卫生费用	WHCV07.10.005	湖北省物价分类标准	44	灸法	
卫生费用	WHCV07.10.005	湖北省物价分类标准	4400	灸法	
卫生费用	WHCV07.10.005	湖北省物价分类标准	45	推拿疗法	
卫生费用	WHCV07.10.005	湖北省物价分类标准	4500	推拿疗法	
卫生费用	WHCV07.10.005	湖北省物价分类标准	46	中医肛肠	
卫生费用	WHCV07.10.005	湖北省物价分类标准	4600	中医肛肠	
卫生费用	WHCV07.10.005	湖北省物价分类标准	47	中医特殊疗法	
卫生费用	WHCV07.10.005	湖北省物价分类标准	4700	中医特殊疗法	
卫生费用	WHCV07.10.005	湖北省物价分类标准	48	中医综合	
卫生费用	WHCV07.10.005	湖北省物价分类标准	4800	中医综合	
卫生费用	WHCV07.10.005	湖北省物价分类标准	7	材料类	
卫生费用	WHCV07.10.005	湖北省物价分类标准	70	血液和血液制品	
卫生费用	WHCV07.10.005	湖北省物价分类标准	7001	血液	
卫生费用	WHCV07.10.005	湖北省物价分类标准	7002	白蛋白类制品	
卫生费用	WHCV07.10.005	湖北省物价分类标准	7003	球蛋白类制品	
卫生费用	WHCV07.10.005	湖北省物价分类标准	7004	凝血因子类制品	
卫生费用	WHCV07.10.005	湖北省物价分类标准	7005	细胞因子类制品	
卫生费用	WHCV07.10.005	湖北省物价分类标准	7012	治疗用高值医用材料	
卫生费用	WHCV07.10.005	湖北省物价分类标准	7013	手术用高值医用材料	
卫生费用	WHCV07.10.005	湖北省物价分类标准	71	高值材料	
卫生费用	WHCV07.10.005	湖北省物价分类标准	7101	检查用高值医用材料	
卫生费用	WHCV07.10.005	湖北省物价分类标准	72	低值材料	
卫生费用	WHCV07.10.005	湖北省物价分类标准	7201	检查用低值医用材料	
卫生费用	WHCV07.10.005	湖北省物价分类标准	7202	治疗用低值医用材料	
卫生费用	WHCV07.10.005	湖北省物价分类标准	7203	手术用低值医用材料	
卫生费用	WHCV07.10.005	湖北省物价分类标准	8	药品费	
卫生费用	WHCV07.10.005	湖北省物价分类标准	8001	非抗菌西药	
卫生费用	WHCV07.10.005	湖北省物价分类标准	8002	抗菌西药	
卫生费用	WHCV07.10.005	湖北省物价分类标准	81	西药	
卫生费用	WHCV07.10.005	湖北省物价分类标准	82	中成药	
卫生费用	WHCV07.10.005	湖北省物价分类标准	8201	外购中成药	
卫生费用	WHCV07.10.005	湖北省物价分类标准	8202	自制中成药	
卫生费用	WHCV07.10.005	湖北省物价分类标准	83	中草药	
卫生费用	WHCV07.10.005	湖北省物价分类标准	8301	中草药（中药饮片）	
卫生机构	WHCT08.00.002	科室代码(含诊疗医目对照编码）	A01	预防保健科	3
卫生机构	WHCT08.00.002	科室代码(含诊疗医目对照编码）	A02	全科医疗	3
卫生机构	WHCT08.00.002	科室代码(含诊疗医目对照编码）	A03.01	呼吸内科专业	3.01
卫生机构	WHCT08.00.002	科室代码(含诊疗医目对照编码）	A03.02	消化内科专业	3.02
卫生机构	WHCT08.00.002	科室代码(含诊疗医目对照编码）	A03.03	神经内科专业	3.03
卫生机构	WHCT08.00.002	科室代码(含诊疗医目对照编码）	A03.04	心血管内科专业	3.04
卫生机构	WHCT08.00.002	科室代码(含诊疗医目对照编码）	A03.05	血液内科专业	3.05
卫生机构	WHCT08.00.002	科室代码(含诊疗医目对照编码）	A03.06	肾病学专业	3.06
卫生机构	WHCT08.00.002	科室代码(含诊疗医目对照编码）	A03.07	内分泌专业	3.07
卫生机构	WHCT08.00.002	科室代码(含诊疗医目对照编码）	A03.08	免疫学专业	3.08
卫生机构	WHCT08.00.002	科室代码(含诊疗医目对照编码）	A03.09	变态反应专业	3.09
卫生机构	WHCT08.00.002	科室代码(含诊疗医目对照编码）	A03.10	老年病专业	3.1
卫生机构	WHCT08.00.002	科室代码(含诊疗医目对照编码）	A03.11	其他	3.11
卫生机构	WHCT08.00.002	科室代码(含诊疗医目对照编码）	A03	内科	3
卫生机构	WHCT08.00.002	科室代码(含诊疗医目对照编码）	A04.01.01	肝脏移植项目	04.01.01
卫生机构	WHCT08.00.002	科室代码(含诊疗医目对照编码）	A04.01.02	胰腺移植项目	04.01.02
卫生机构	WHCT08.00.002	科室代码(含诊疗医目对照编码）	A04.01.03	小肠移植项目	04.01.03
卫生机构	WHCT08.00.002	科室代码(含诊疗医目对照编码）	A04.01	普通外科专业	4.01
卫生机构	WHCT08.00.002	科室代码(含诊疗医目对照编码）	A04.02	神经外科专业	4.02
卫生机构	WHCT08.00.002	科室代码(含诊疗医目对照编码）	A04.03	骨科专业	4.03
卫生机构	WHCT08.00.002	科室代码(含诊疗医目对照编码）	A04.04.01	肾脏移植项目	04.04.01
卫生机构	WHCT08.00.002	科室代码(含诊疗医目对照编码）	A04.04	泌尿外科专业	4.04
卫生机构	WHCT08.00.002	科室代码(含诊疗医目对照编码）	A04.05.01	肺脏移植项目	04.05.01
卫生机构	WHCT08.00.002	科室代码(含诊疗医目对照编码）	A04.05	胸外科专业	4.05
卫生机构	WHCT08.00.002	科室代码(含诊疗医目对照编码）	A04.06.01	心脏移植项目	04.06.01
卫生机构	WHCT08.00.002	科室代码(含诊疗医目对照编码）	A04.06	心脏大血管外科专业	4.06
卫生机构	WHCT08.00.002	科室代码(含诊疗医目对照编码）	A04.07	烧伤科专业	4.07
卫生机构	WHCT08.00.002	科室代码(含诊疗医目对照编码）	A04.08	整形外科专业	4.08
卫生机构	WHCT08.00.002	科室代码(含诊疗医目对照编码）	A04.09	其他	4.09
卫生机构	WHCT08.00.002	科室代码(含诊疗医目对照编码）	A04	外科	4
卫生机构	WHCT08.00.002	科室代码(含诊疗医目对照编码）	A05.01	妇科专业	5.01
卫生机构	WHCT08.00.002	科室代码(含诊疗医目对照编码）	A05.02	产科专业	5.02
卫生机构	WHCT08.00.002	科室代码(含诊疗医目对照编码）	A05.03	计划生育专业	5.03
卫生机构	WHCT08.00.002	科室代码(含诊疗医目对照编码）	A05.04	优生学专业	5.04
卫生机构	WHCT08.00.002	科室代码(含诊疗医目对照编码）	A05.05	生殖健康与不孕症专业	5.05
卫生机构	WHCT08.00.002	科室代码(含诊疗医目对照编码）	A05.06	其他	5.06
卫生机构	WHCT08.00.002	科室代码(含诊疗医目对照编码）	A05	妇产科	5
卫生机构	WHCT08.00.002	科室代码(含诊疗医目对照编码）	A06.01	青春期保健专业	6.01
卫生机构	WHCT08.00.002	科室代码(含诊疗医目对照编码）	A06.02	围产期保健专业	6.02
卫生机构	WHCT08.00.002	科室代码(含诊疗医目对照编码）	A06.03	更年期保健专业	6.03
卫生机构	WHCT08.00.002	科室代码(含诊疗医目对照编码）	A06.04	妇女心理卫生专业	6.04
卫生机构	WHCT08.00.002	科室代码(含诊疗医目对照编码）	A06.05	妇女营养专业	6.05
卫生机构	WHCT08.00.002	科室代码(含诊疗医目对照编码）	A06.06	其他	6.06
卫生机构	WHCT08.00.002	科室代码(含诊疗医目对照编码）	A06	妇女保健科	6
卫生机构	WHCT08.00.002	科室代码(含诊疗医目对照编码）	A07.01	新生儿专业	7.01
卫生机构	WHCT08.00.002	科室代码(含诊疗医目对照编码）	A07.02	小儿传染病专业	7.02
卫生机构	WHCT08.00.002	科室代码(含诊疗医目对照编码）	A07.03	小儿消化专业	7.03
卫生机构	WHCT08.00.002	科室代码(含诊疗医目对照编码）	A07.04	小儿呼吸专业	7.04
卫生机构	WHCT08.00.002	科室代码(含诊疗医目对照编码）	A07.05	小儿心脏病专业	7.05
卫生机构	WHCT08.00.002	科室代码(含诊疗医目对照编码）	A07.06	小儿肾病专业	7.06
卫生机构	WHCT08.00.002	科室代码(含诊疗医目对照编码）	A07.07	小儿血液病专业	7.07
卫生机构	WHCT08.00.002	科室代码(含诊疗医目对照编码）	A07.08	小儿神经病学专业	7.08
卫生机构	WHCT08.00.002	科室代码(含诊疗医目对照编码）	A07.09	小儿内分泌专业	7.09
卫生机构	WHCT08.00.002	科室代码(含诊疗医目对照编码）	A07.10	小儿遗传病专业	7.1
卫生机构	WHCT08.00.002	科室代码(含诊疗医目对照编码）	A07.11	小儿免疫专业	7.11
卫生机构	WHCT08.00.002	科室代码(含诊疗医目对照编码）	A07.12	其他	7.12
卫生机构	WHCT08.00.002	科室代码(含诊疗医目对照编码）	A07	儿科	7
卫生机构	WHCT08.00.002	科室代码(含诊疗医目对照编码）	A08.01	小儿普通外科专业	8.01
卫生机构	WHCT08.00.002	科室代码(含诊疗医目对照编码）	A08.02	小儿骨科专业	8.02
卫生机构	WHCT08.00.002	科室代码(含诊疗医目对照编码）	A08.03	小儿泌尿外科专业	8.03
卫生机构	WHCT08.00.002	科室代码(含诊疗医目对照编码）	A08.04	小儿胸心外科专业	8.04
卫生机构	WHCT08.00.002	科室代码(含诊疗医目对照编码）	A08.05	小儿神经外科专业	8.05
卫生机构	WHCT08.00.002	科室代码(含诊疗医目对照编码）	A08.06	其他	8.06
卫生机构	WHCT08.00.002	科室代码(含诊疗医目对照编码）	A08	小儿外科	8
卫生机构	WHCT08.00.002	科室代码(含诊疗医目对照编码）	A09.01	儿童生长发育专业	9.01
卫生机构	WHCT08.00.002	科室代码(含诊疗医目对照编码）	A09.02	儿童营养专业	9.02
卫生机构	WHCT08.00.002	科室代码(含诊疗医目对照编码）	A09.03	儿童心理卫生专业	9.03
卫生机构	WHCT08.00.002	科室代码(含诊疗医目对照编码）	A09.04	儿童五官保健专业	9.04
卫生机构	WHCT08.00.002	科室代码(含诊疗医目对照编码）	A09.05	儿童康复专业	9.05
卫生机构	WHCT08.00.002	科室代码(含诊疗医目对照编码）	A09.06	其他	9.06
卫生机构	WHCT08.00.002	科室代码(含诊疗医目对照编码）	A09	儿童保健科	9
卫生机构	WHCT08.00.002	科室代码(含诊疗医目对照编码）	A10	眼科	10
卫生机构	WHCT08.00.002	科室代码(含诊疗医目对照编码）	A11.01	耳科专业	11.01
卫生机构	WHCT08.00.002	科室代码(含诊疗医目对照编码）	A11.02	鼻科专业	11.02
卫生机构	WHCT08.00.002	科室代码(含诊疗医目对照编码）	A11.03	咽喉科专业	11.03
卫生机构	WHCT08.00.002	科室代码(含诊疗医目对照编码）	A11.04	其他	11.04
卫生机构	WHCT08.00.002	科室代码(含诊疗医目对照编码）	A11	耳鼻咽喉科	11
卫生机构	WHCT08.00.002	科室代码(含诊疗医目对照编码）	A12.01	牙体牙髓病专业	12.01
卫生机构	WHCT08.00.002	科室代码(含诊疗医目对照编码）	A12.02	牙周病专业	12.02
卫生机构	WHCT08.00.002	科室代码(含诊疗医目对照编码）	A12.03	口腔黏膜病专业	12.03
卫生机构	WHCT08.00.002	科室代码(含诊疗医目对照编码）	A12.04	儿童口腔专业	12.04
卫生机构	WHCT08.00.002	科室代码(含诊疗医目对照编码）	A12.05	口腔颌骨外科专业	12.05
卫生机构	WHCT08.00.002	科室代码(含诊疗医目对照编码）	A12.06	口腔修复专业	12.06
卫生机构	WHCT08.00.002	科室代码(含诊疗医目对照编码）	A12.07	口腔正畸专业	12.07
卫生机构	WHCT08.00.002	科室代码(含诊疗医目对照编码）	A12.08	口腔种植专业	12.08
卫生机构	WHCT08.00.002	科室代码(含诊疗医目对照编码）	A12.09	口腔麻醉专业	12.09
卫生机构	WHCT08.00.002	科室代码(含诊疗医目对照编码）	A12.10	口腔颌面医学影像专业	12.1
卫生机构	WHCT08.00.002	科室代码(含诊疗医目对照编码）	A12.11	口腔病理专业	12.11
卫生机构	WHCT08.00.002	科室代码(含诊疗医目对照编码）	A12.12	预防口腔专业	12.12
卫生机构	WHCT08.00.002	科室代码(含诊疗医目对照编码）	A12.13	其它	12.13
卫生机构	WHCT08.00.002	科室代码(含诊疗医目对照编码）	A12	口腔科	12
卫生机构	WHCT08.00.002	科室代码(含诊疗医目对照编码）	A13.01	皮肤病专业	13.01
卫生机构	WHCT08.00.002	科室代码(含诊疗医目对照编码）	A13.02	性传播疾病专业	13.02
卫生机构	WHCT08.00.002	科室代码(含诊疗医目对照编码）	A13.03	其他	13.03
卫生机构	WHCT08.00.002	科室代码(含诊疗医目对照编码）	A13	皮肤科	13
卫生机构	WHCT08.00.002	科室代码(含诊疗医目对照编码）	A14.01	美容外科	14.01
卫生机构	WHCT08.00.002	科室代码(含诊疗医目对照编码）	A14.02	美容牙科	14.02
卫生机构	WHCT08.00.002	科室代码(含诊疗医目对照编码）	A14.03	美容皮肤科	14.03
卫生机构	WHCT08.00.002	科室代码(含诊疗医目对照编码）	A14.04	美容中医科	14.04
卫生机构	WHCT08.00.002	科室代码(含诊疗医目对照编码）	A14	医疗美容科	14
卫生机构	WHCT08.00.002	科室代码(含诊疗医目对照编码）	A15.01	精神病专业	15.01
卫生机构	WHCT08.00.002	科室代码(含诊疗医目对照编码）	A15.02	精神卫生专业	15.02
卫生机构	WHCT08.00.002	科室代码(含诊疗医目对照编码）	A15.03	药物依赖专业	15.03
卫生机构	WHCT08.00.002	科室代码(含诊疗医目对照编码）	A15.04	精神康复专业	15.04
卫生机构	WHCT08.00.002	科室代码(含诊疗医目对照编码）	A15.05	社区防治专业	15.05
卫生机构	WHCT08.00.002	科室代码(含诊疗医目对照编码）	A15.06	临床心理专业	15.06
卫生机构	WHCT08.00.002	科室代码(含诊疗医目对照编码）	A15.07	司法精神专业	15.07
卫生机构	WHCT08.00.002	科室代码(含诊疗医目对照编码）	A15.08	其他	15.08
卫生机构	WHCT08.00.002	科室代码(含诊疗医目对照编码）	A15	精神科	15
卫生机构	WHCT08.00.002	科室代码(含诊疗医目对照编码）	A16.01	肠道传染病专业	16.01
卫生机构	WHCT08.00.002	科室代码(含诊疗医目对照编码）	A16.02	呼吸道传染病专业	16.02
卫生机构	WHCT08.00.002	科室代码(含诊疗医目对照编码）	A16.03	肝炎专业	16.03
卫生机构	WHCT08.00.002	科室代码(含诊疗医目对照编码）	A16.04	虫媒传染病专业	16.04
卫生机构	WHCT08.00.002	科室代码(含诊疗医目对照编码）	A16.05	动物源性传染病专业	16.05
卫生机构	WHCT08.00.002	科室代码(含诊疗医目对照编码）	A16.06	蠕虫病专业	16.06
卫生机构	WHCT08.00.002	科室代码(含诊疗医目对照编码）	A16.07	其它	16.07
卫生机构	WHCT08.00.002	科室代码(含诊疗医目对照编码）	A16.97	新冠复诊	16.97
卫生机构	WHCT08.00.002	科室代码(含诊疗医目对照编码）	A16.98	发热	16.98
卫生机构	WHCT08.00.002	科室代码(含诊疗医目对照编码）	A16.99	新冠病毒感染	16.99
卫生机构	WHCT08.00.002	科室代码(含诊疗医目对照编码）	A16	传染科	16
卫生机构	WHCT08.00.002	科室代码(含诊疗医目对照编码）	A17	结核病科	17
卫生机构	WHCT08.00.002	科室代码(含诊疗医目对照编码）	A18	地方病科	18
卫生机构	WHCT08.00.002	科室代码(含诊疗医目对照编码）	A19	肿瘤科	19
卫生机构	WHCT08.00.002	科室代码(含诊疗医目对照编码）	A20	急诊医学科	20
卫生机构	WHCT08.00.002	科室代码(含诊疗医目对照编码）	A21	康复医学科	21
卫生机构	WHCT08.00.002	科室代码(含诊疗医目对照编码）	A22	运动医学科	22
卫生机构	WHCT08.00.002	科室代码(含诊疗医目对照编码）	A23.01	职业中毒专业	23.01
卫生机构	WHCT08.00.002	科室代码(含诊疗医目对照编码）	A23.02	尘肺专业	23.02
卫生机构	WHCT08.00.002	科室代码(含诊疗医目对照编码）	A23.03	放射病专业	23.03
卫生机构	WHCT08.00.002	科室代码(含诊疗医目对照编码）	A23.04	物理因素损伤专业	23.04
卫生机构	WHCT08.00.002	科室代码(含诊疗医目对照编码）	A23.05	职业健康监护专业	23.05
卫生机构	WHCT08.00.002	科室代码(含诊疗医目对照编码）	A23.06	其他	23.06
卫生机构	WHCT08.00.002	科室代码(含诊疗医目对照编码）	A23	职业病科	23
卫生机构	WHCT08.00.002	科室代码(含诊疗医目对照编码）	A24	临终关怀科	24
卫生机构	WHCT08.00.002	科室代码(含诊疗医目对照编码）	A25	特种医学与军事医学科	25
卫生机构	WHCT08.00.002	科室代码(含诊疗医目对照编码）	A26	麻醉科	26
卫生机构	WHCT08.00.002	科室代码(含诊疗医目对照编码）	A27	疼痛科	27
卫生机构	WHCT08.00.002	科室代码(含诊疗医目对照编码）	A28	重症医学科	28
卫生机构	WHCT08.00.002	科室代码(含诊疗医目对照编码）	A30.01	临床体液、血液专业	30.01
卫生机构	WHCT08.00.002	科室代码(含诊疗医目对照编码）	A30.02	临床微生物学专业	30.02
卫生机构	WHCT08.00.002	科室代码(含诊疗医目对照编码）	A30.03	临床生化检验专业	30.03
卫生机构	WHCT08.00.002	科室代码(含诊疗医目对照编码）	A30.04	临床免疫、血清学专业	30.04
卫生机构	WHCT08.00.002	科室代码(含诊疗医目对照编码）	A30.05	临床细胞分子遗传学专业	30.05
卫生机构	WHCT08.00.002	科室代码(含诊疗医目对照编码）	A30.06	其他	30.06
卫生机构	WHCT08.00.002	科室代码(含诊疗医目对照编码）	A30	医学检验科	30
卫生机构	WHCT08.00.002	科室代码(含诊疗医目对照编码）	A31	病理科	31
卫生机构	WHCT08.00.002	科室代码(含诊疗医目对照编码）	A32.01	X 线诊断专业	32.01
卫生机构	WHCT08.00.002	科室代码(含诊疗医目对照编码）	A32.02	CT 诊断专业	32.02
卫生机构	WHCT08.00.002	科室代码(含诊疗医目对照编码）	A32.03	磁共振成像诊断专业	32.03
卫生机构	WHCT08.00.002	科室代码(含诊疗医目对照编码）	A32.04	核医学专业	32.04
卫生机构	WHCT08.00.002	科室代码(含诊疗医目对照编码）	A32.05	超声诊断专业	32.05
卫生机构	WHCT08.00.002	科室代码(含诊疗医目对照编码）	A32.06	心电诊断专业	32.06
卫生机构	WHCT08.00.002	科室代码(含诊疗医目对照编码）	A32.07	脑电及脑血流图诊断专业	32.07
卫生机构	WHCT08.00.002	科室代码(含诊疗医目对照编码）	A32.08	神经肌肉电图专业	32.08
卫生机构	WHCT08.00.002	科室代码(含诊疗医目对照编码）	A32.09	介入放射学专业	32.09
卫生机构	WHCT08.00.002	科室代码(含诊疗医目对照编码）	A32.10	放射治疗专业	32.1
卫生机构	WHCT08.00.002	科室代码(含诊疗医目对照编码）	A32.11	其他	32.11
卫生机构	WHCT08.00.002	科室代码(含诊疗医目对照编码）	A32	医学影像科	32
卫生机构	WHCT08.00.002	科室代码(含诊疗医目对照编码）	A50.01	内科专业	50.01
卫生机构	WHCT08.00.002	科室代码(含诊疗医目对照编码）	A50.02	外科专业	50.02
卫生机构	WHCT08.00.002	科室代码(含诊疗医目对照编码）	A50.03	妇产科专业	50.03
卫生机构	WHCT08.00.002	科室代码(含诊疗医目对照编码）	A50.04	儿科专业	50.04
卫生机构	WHCT08.00.002	科室代码(含诊疗医目对照编码）	A50.05	皮肤科专业	50.05
卫生机构	WHCT08.00.002	科室代码(含诊疗医目对照编码）	A50.06	眼科专业	50.06
卫生机构	WHCT08.00.002	科室代码(含诊疗医目对照编码）	A50.07	耳鼻咽喉科专业	50.07
卫生机构	WHCT08.00.002	科室代码(含诊疗医目对照编码）	A50.08	口腔科专业	50.08
卫生机构	WHCT08.00.002	科室代码(含诊疗医目对照编码）	A50.09	肿瘤科专业	50.09
卫生机构	WHCT08.00.002	科室代码(含诊疗医目对照编码）	A50.10	骨伤科专业	50.1
卫生机构	WHCT08.00.002	科室代码(含诊疗医目对照编码）	A50.11	肛肠科专业	50.11
卫生机构	WHCT08.00.002	科室代码(含诊疗医目对照编码）	A50.12	老年病科专业	50.12
卫生机构	WHCT08.00.002	科室代码(含诊疗医目对照编码）	A50.13	针灸科专业	50.13
卫生机构	WHCT08.00.002	科室代码(含诊疗医目对照编码）	A50.14	推拿科专业	50.14
卫生机构	WHCT08.00.002	科室代码(含诊疗医目对照编码）	A50.15	康复医学专业	50.15
卫生机构	WHCT08.00.002	科室代码(含诊疗医目对照编码）	A50.16	急诊科专业	50.16
卫生机构	WHCT08.00.002	科室代码(含诊疗医目对照编码）	A50.17	预防保健科专业	50.17
卫生机构	WHCT08.00.002	科室代码(含诊疗医目对照编码）	A50.18	其他	50.18
卫生机构	WHCT08.00.002	科室代码(含诊疗医目对照编码）	A50	中医科	50
卫生机构	WHCT08.00.002	科室代码(含诊疗医目对照编码）	A51.01	维吾尔医学	51.01
卫生机构	WHCT08.00.002	科室代码(含诊疗医目对照编码）	A51.02	藏医学	51.02
卫生机构	WHCT08.00.002	科室代码(含诊疗医目对照编码）	A51.03	蒙医学	51.03
卫生机构	WHCT08.00.002	科室代码(含诊疗医目对照编码）	A51.04	彝医学	51.04
卫生机构	WHCT08.00.002	科室代码(含诊疗医目对照编码）	A51.05	傣医学	51.05
卫生机构	WHCT08.00.002	科室代码(含诊疗医目对照编码）	A51.06	其他	51.06
卫生机构	WHCT08.00.002	科室代码(含诊疗医目对照编码）	A51	民族医学科	51
卫生机构	WHCT08.00.002	科室代码(含诊疗医目对照编码）	A52	中西医结合科	52
卫生机构	WHCT08.00.002	科室代码(含诊疗医目对照编码）	A69	其他业务科室	69
卫生机构	WHCT08.00.002	科室代码(含诊疗医目对照编码）	B01	传染病预防控制科(中心)	
卫生机构	WHCT08.00.002	科室代码(含诊疗医目对照编码）	B02	性病艾滋病预防控制科(中心)	
卫生机构	WHCT08.00.002	科室代码(含诊疗医目对照编码）	B03	结核病预防控制科(中心)	
卫生机构	WHCT08.00.002	科室代码(含诊疗医目对照编码）	B04	血吸虫预防控制科(中心)	
卫生机构	WHCT08.00.002	科室代码(含诊疗医目对照编码）	B05	慢性非传染性疾病预防控制科( 中心)	
卫生机构	WHCT08.00.002	科室代码(含诊疗医目对照编码）	B06	寄生虫病预防控制科(中心)	
卫生机构	WHCT08.00.002	科室代码(含诊疗医目对照编码）	B07	地方病控制科(中心)	
卫生机构	WHCT08.00.002	科室代码(含诊疗医目对照编码）	B08	精神卫生科(中心)	
卫生机构	WHCT08.00.002	科室代码(含诊疗医目对照编码）	B09	妇幼保健科	
卫生机构	WHCT08.00.002	科室代码(含诊疗医目对照编码）	B10	免疫规划科(中心)	
卫生机构	WHCT08.00.002	科室代码(含诊疗医目对照编码）	B11	农村改水技术指导科(中心)	
卫生机构	WHCT08.00.002	科室代码(含诊疗医目对照编码）	B12	疾病控制与应急处理办公室	
卫生机构	WHCT08.00.002	科室代码(含诊疗医目对照编码）	B13	食品卫生科	
卫生机构	WHCT08.00.002	科室代码(含诊疗医目对照编码）	B14	环境卫生所	
卫生机构	WHCT08.00.002	科室代码(含诊疗医目对照编码）	B15	职业卫生科	
卫生机构	WHCT08.00.002	科室代码(含诊疗医目对照编码）	B16	放射卫生科	
卫生机构	WHCT08.00.002	科室代码(含诊疗医目对照编码）	B17	学校卫生科	
卫生机构	WHCT08.00.002	科室代码(含诊疗医目对照编码）	B18	健康教育科(中心)	
卫生机构	WHCT08.00.002	科室代码(含诊疗医目对照编码）	B19	预防医学门诊	
卫生机构	WHCT08.00.002	科室代码(含诊疗医目对照编码）	B69	其他业务科室	
卫生机构	WHCT08.00.002	科室代码(含诊疗医目对照编码）	C01	综合卫生监督科	
卫生机构	WHCT08.00.002	科室代码(含诊疗医目对照编码）	C02	产品卫生监督科	
卫生机构	WHCT08.00.002	科室代码(含诊疗医目对照编码）	C03	职业卫生监督科	
卫生机构	WHCT08.00.002	科室代码(含诊疗医目对照编码）	C04	环境卫生监督科	
卫生机构	WHCT08.00.002	科室代码(含诊疗医目对照编码）	C05	传染病执法监督科	
卫生机构	WHCT08.00.002	科室代码(含诊疗医目对照编码）	C06	医疗服务监督科	
卫生机构	WHCT08.00.002	科室代码(含诊疗医目对照编码）	C07	稽查科(大队)	
卫生机构	WHCT08.00.002	科室代码(含诊疗医目对照编码）	C08	许可受理科	
卫生机构	WHCT08.00.002	科室代码(含诊疗医目对照编码）	C09	放射卫生监督科	
卫生机构	WHCT08.00.002	科室代码(含诊疗医目对照编码）	C10	学校卫生监督科	
卫生机构	WHCT08.00.002	科室代码(含诊疗医目对照编码）	C11	食品安全监督科	
卫生机构	WHCT08.00.002	科室代码(含诊疗医目对照编码）	C69	其他	
卫生机构	WHCT08.00.002	科室代码(含诊疗医目对照编码）	D71	护理部	
卫生机构	WHCT08.00.002	科室代码(含诊疗医目对照编码）	D72	药剂科(药房)	
卫生机构	WHCT08.00.002	科室代码(含诊疗医目对照编码）	D72.01	中药制剂室	
卫生机构	WHCT08.00.002	科室代码(含诊疗医目对照编码）	D73	感染科	
卫生机构	WHCT08.00.002	科室代码(含诊疗医目对照编码）	D74	输血科(血库)	
卫生机构	WHCT08.00.002	科室代码(含诊疗医目对照编码）	D81	办公室	
卫生机构	WHCT08.00.002	科室代码(含诊疗医目对照编码）	D82	人事科	
卫生机构	WHCT08.00.002	科室代码(含诊疗医目对照编码）	D83	财务科	
卫生机构	WHCT08.00.002	科室代码(含诊疗医目对照编码）	D84	设备科	
卫生机构	WHCT08.00.002	科室代码(含诊疗医目对照编码）	D85	信息科(中心)	
卫生机构	WHCT08.00.002	科室代码(含诊疗医目对照编码）	D86	医政科	
卫生机构	WHCT08.00.002	科室代码(含诊疗医目对照编码）	D87	教育培训科	
卫生机构	WHCT08.00.002	科室代码(含诊疗医目对照编码）	D88	总务科	
卫生机构	WHCT08.00.002	科室代码(含诊疗医目对照编码）	D89	新农合管理办公室	
卫生机构	WHCT08.00.002	科室代码(含诊疗医目对照编码）	D99	其他科室	
卫生机构	WHCV08.10.005	医院级别代码	0	未分级	
卫生机构	WHCV08.10.005	医院级别代码	1	一级	
卫生机构	WHCV08.10.005	医院级别代码	2	二级	
卫生机构	WHCV08.10.005	医院级别代码	3	三级	
卫生机构	WHCV08.10.006	医院等次代码	A	甲等	
卫生机构	WHCV08.10.006	医院等次代码	B	乙等	
卫生机构	WHCV08.10.006	医院等次代码	C	丙等	
卫生机构	WHCV08.10.006	医院等次代码	D	未评定	
卫生机构	WHCV08.10.010	隶属关系	1	部属	
卫生机构	WHCV08.10.010	隶属关系	2	省属	
卫生机构	WHCV08.10.010	隶属关系	3	市属	
卫生机构	WHCV08.10.010	隶属关系	4	区属	
卫生机构	WHCV09.00.407	企业登记注册类型对照表	1000	内资公司	
卫生机构	WHCV09.00.407	企业登记注册类型对照表	1100	有限责任公司	
卫生机构	WHCV09.00.407	企业登记注册类型对照表	1110	有限责任公司(国有独资)	旧值,旧值含义:151,国有独资公司
卫生机构	WHCV09.00.407	企业登记注册类型对照表	1120	有限责任公司(外商投资企业投资)	
卫生机构	WHCV09.00.407	企业登记注册类型对照表	1121	有限责任公司(外商投资企业合资)	旧值,旧值含义:330,外资企业
卫生机构	WHCV09.00.407	企业登记注册类型对照表	1122	有限责任公司(外商投资企业与内资合资)	旧值,旧值含义:310,中外合资经营企业
卫生机构	WHCV09.00.407	企业登记注册类型对照表	1123	有限责任公司(外商投资企业法人独资)	旧值,旧值含义:330,外资企业
卫生机构	WHCV09.00.407	企业登记注册类型对照表	1130	有限责任公司(自然人投资或控股)	旧值,旧值含义:173,私营有限责任公司
卫生机构	WHCV09.00.407	企业登记注册类型对照表	1140	有限责任公司(国有控股)	旧值,旧值含义:159,其他有限责任公司
卫生机构	WHCV09.00.407	企业登记注册类型对照表	1150	一人有限责任公司	
卫生机构	WHCV09.00.407	企业登记注册类型对照表	1151	有限责任公司(自然人独资)	旧值,旧值含义:173,私营有限责任公司
卫生机构	WHCV09.00.407	企业登记注册类型对照表	1152	有限责任公司(自然人投资或控股的法人独资)	旧值,旧值含义:173,私营有限责任公司
卫生机构	WHCV09.00.407	企业登记注册类型对照表	1153	有限责任公司(非自然人投资或控股的法人独资）	旧值,旧值含义:151/159,国有独资公司/其他有限责任公司
卫生机构	WHCV09.00.407	企业登记注册类型对照表	1190	其他有限责任公司	旧值,旧值含义:159,其他有限责任公司
卫生机构	WHCV09.00.407	企业登记注册类型对照表	1200	股份有限公司	
卫生机构	WHCV09.00.407	企业登记注册类型对照表	1210	股份有限公司(上市)	
卫生机构	WHCV09.00.407	企业登记注册类型对照表	1211	股份有限公司(上市、外商投资企业投资)	旧值,旧值含义:340,外商投资股份有限公司
卫生机构	WHCV09.00.407	企业登记注册类型对照表	1212	股份有限公司(上市、自然人投资或控股)	旧值,旧值含义:174,私营股份有限公司
卫生机构	WHCV09.00.407	企业登记注册类型对照表	1213	股份有限公司(上市、国有控股)	旧值,旧值含义:160,股份有限公司
卫生机构	WHCV09.00.407	企业登记注册类型对照表	1219	其他股份有限公司(上市)	旧值,旧值含义:160,股份有限公司
卫生机构	WHCV09.00.407	企业登记注册类型对照表	1220	股份有限公司(非上市)	
卫生机构	WHCV09.00.407	企业登记注册类型对照表	1221	股份有限公司(非上市、外商投资企业投资)	旧值,旧值含义:340,外商投资股份有限公司
卫生机构	WHCV09.00.407	企业登记注册类型对照表	1222	股份有限公司(非上市、自然人投资或控股)	旧值,旧值含义:174,私营股份有限公司
卫生机构	WHCV09.00.407	企业登记注册类型对照表	1223	股份有限公司(非上市、国有控股)	旧值,旧值含义:160,股份有限公司
卫生机构	WHCV09.00.407	企业登记注册类型对照表	1229	其他股份有限公司(非上市)	旧值,旧值含义:160,股份有限公司
卫生机构	WHCV09.00.407	企业登记注册类型对照表	2000	内资分公司	
卫生机构	WHCV09.00.407	企业登记注册类型对照表	2100	有限责任公司分公司	
卫生机构	WHCV09.00.407	企业登记注册类型对照表	2110	有限责任公司分公司(国有独资)	旧值,旧值含义:151,国有独资公司
卫生机构	WHCV09.00.407	企业登记注册类型对照表	2120	有限责任公司分公司(外商投资企业投资)	
卫生机构	WHCV09.00.407	企业登记注册类型对照表	2121	有限责任公司分公司(外商投资企业合资)	旧值,旧值含义:330,外资企业
卫生机构	WHCV09.00.407	企业登记注册类型对照表	2122	有限责任公司分公司(外商投资企业与内资合资)	旧值,旧值含义:310,中外合资经营企业
卫生机构	WHCV09.00.407	企业登记注册类型对照表	2123	有限责任公司分公司(外商投资企业法人独资)	旧值,旧值含义:330,外资企业
卫生机构	WHCV09.00.407	企业登记注册类型对照表	2130	有限责任公司分公司(自然人投资或控股)	旧值,旧值含义:173,私营有限责任公司
卫生机构	WHCV09.00.407	企业登记注册类型对照表	2140	有限责任公司分公司(国有控股)	旧值,旧值含义:159,其他有限责任公司
卫生机构	WHCV09.00.407	企业登记注册类型对照表	2150	一人有限责任公司分公司	
卫生机构	WHCV09.00.407	企业登记注册类型对照表	2151	有限责任公司分公司(自然人独资)	旧值,旧值含义:173,私营有限责任公司
卫生机构	WHCV09.00.407	企业登记注册类型对照表	2152	有限责任公司分公司(自然人投资或控股的法人独资)	旧值,旧值含义:173,私营有限责任公司
卫生机构	WHCV09.00.407	企业登记注册类型对照表	2153	有限责任公司分公司(非自然人投资或控股的法人独资）	旧值,旧值含义:151/159,国有独资公司/其他有限责任公司
卫生机构	WHCV09.00.407	企业登记注册类型对照表	2190	其他有限责任公司分公司	旧值,旧值含义:159,其他有限责任公司
卫生机构	WHCV09.00.407	企业登记注册类型对照表	2200	股份有限公司分公司	
卫生机构	WHCV09.00.407	企业登记注册类型对照表	2210	股份有限公司分公司(上市)	
卫生机构	WHCV09.00.407	企业登记注册类型对照表	2211	股份有限公司分公司(上市、外商投资企业投资)	旧值,旧值含义:340,外商投资股份有限公司
卫生机构	WHCV09.00.407	企业登记注册类型对照表	2212	股份有限公司分公司(上市、自然人投资或控股)	旧值,旧值含义:174,私营股份有限公司
卫生机构	WHCV09.00.407	企业登记注册类型对照表	2213	股份有限公司分公司(上市、国有控股)	旧值,旧值含义:160,股份有限公司
卫生机构	WHCV09.00.407	企业登记注册类型对照表	2219	其他股份有限公司分公司(上市)	旧值,旧值含义:160,股份有限公司
卫生机构	WHCV09.00.407	企业登记注册类型对照表	2220	股份有限公司分公司(非上市)	
卫生机构	WHCV09.00.407	企业登记注册类型对照表	2221	股份有限公司分公司(非上市、外商投资企业投资)	旧值,旧值含义:340,外商投资股份有限公司
卫生机构	WHCV09.00.407	企业登记注册类型对照表	2222	股份有限公司分公司(非上市、自然人投资或控股)	旧值,旧值含义:174,私营股份有限公司
卫生机构	WHCV09.00.407	企业登记注册类型对照表	2223	股份有限公司分公司(国有控股)	旧值,旧值含义:160,股份有限公司
卫生机构	WHCV09.00.407	企业登记注册类型对照表	2229	其他股份有限公司分公司(非上市)	旧值,旧值含义:160,股份有限公司
卫生机构	WHCV09.00.407	企业登记注册类型对照表	3000	内资企业法人	
卫生机构	WHCV09.00.407	企业登记注册类型对照表	3100	全民所有制	旧值,旧值含义:110,国有企业
卫生机构	WHCV09.00.407	企业登记注册类型对照表	3200	集体所有制	旧值,旧值含义:120,集体企业
卫生机构	WHCV09.00.407	企业登记注册类型对照表	3300	股份制	旧值,旧值含义:151/159/160,国有独资公司/其他责任有限公司/股份有限公司
卫生机构	WHCV09.00.407	企业登记注册类型对照表	3400	股份合作制	旧值,旧值含义:130,股份合作企业
卫生机构	WHCV09.00.407	企业登记注册类型对照表	3500	联营	旧值,旧值含义:141/142/143/149,国有联营企业/集体联营企业/国有与集体联营企业/其他联营企业
卫生机构	WHCV09.00.407	企业登记注册类型对照表	4000	内资非法人企业、非公司私营企业及内资非公司企业分支机构	
卫生机构	WHCV09.00.407	企业登记注册类型对照表	4100	事业单位营业	
卫生机构	WHCV09.00.407	企业登记注册类型对照表	4110	国有事业单位营业	旧值,旧值含义:110,国有企业
卫生机构	WHCV09.00.407	企业登记注册类型对照表	4120	集体事业单位营业	旧值,旧值含义:120,集体企业
卫生机构	WHCV09.00.407	企业登记注册类型对照表	4200	社团法人营业	
卫生机构	WHCV09.00.407	企业登记注册类型对照表	4210	国有社团法人营业	旧值,旧值含义:110,国有企业
卫生机构	WHCV09.00.407	企业登记注册类型对照表	4220	集体社团法人营业	旧值,旧值含义:120,集体企业
卫生机构	WHCV09.00.407	企业登记注册类型对照表	4300	内资企业法人分支机构(非法人)	
卫生机构	WHCV09.00.407	企业登记注册类型对照表	4310	全民所有制分支机构(非法人)	旧值,旧值含义:110,国有企业
卫生机构	WHCV09.00.407	企业登记注册类型对照表	4320	集体分支机构(非法人)	旧值,旧值含义:120,集体企业
卫生机构	WHCV09.00.407	企业登记注册类型对照表	4330	股份制分支机构	旧值,旧值含义:151/159/160,国有独资公司/其他责任有限公司/股份有限公司
卫生机构	WHCV09.00.407	企业登记注册类型对照表	4340	股份合作制分支机构	旧值,旧值含义:130,股份合作企业
卫生机构	WHCV09.00.407	企业登记注册类型对照表	4400	经营单位(非法人)	
卫生机构	WHCV09.00.407	企业登记注册类型对照表	4410	国有经营单位(非法人)	旧值,旧值含义:110,国有企业
卫生机构	WHCV09.00.407	企业登记注册类型对照表	4420	集体经营单位(非法人)	旧值,旧值含义:120,集体企业
卫生机构	WHCV09.00.407	企业登记注册类型对照表	4500	非公司私营企业	
卫生机构	WHCV09.00.407	企业登记注册类型对照表	4530	合伙企业	
卫生机构	WHCV09.00.407	企业登记注册类型对照表	4531	普通合伙企业	旧值,旧值含义:172,私营合伙企业
卫生机构	WHCV09.00.407	企业登记注册类型对照表	4532	特殊普通合伙企业	旧值,旧值含义:172,私营合伙企业
卫生机构	WHCV09.00.407	企业登记注册类型对照表	4533	有限合伙企业	旧值,旧值含义:172,私营合伙企业
卫生机构	WHCV09.00.407	企业登记注册类型对照表	4540	个人独资企业	旧值,旧值含义:171,私营独资企业
卫生机构	WHCV09.00.407	企业登记注册类型对照表	4550	合伙企业分支机构	
卫生机构	WHCV09.00.407	企业登记注册类型对照表	4551	普通合伙企业分支机构	旧值,旧值含义:172,私营合伙企业
卫生机构	WHCV09.00.407	企业登记注册类型对照表	4552	特殊普通合伙企业分支机构	旧值,旧值含义:172,私营合伙企业
卫生机构	WHCV09.00.407	企业登记注册类型对照表	4553	有限合伙企业分支机构	旧值,旧值含义:172,私营合伙企业
卫生机构	WHCV09.00.407	企业登记注册类型对照表	4560	个人独资企业分支机构	旧值,旧值含义:171,私营独资企业
卫生机构	WHCV09.00.407	企业登记注册类型对照表	4600	联营	旧值,旧值含义:141/142/143/149,国有联营企业/集体联营企业/国有与集体联营企业/其他联营企业
卫生机构	WHCV09.00.407	企业登记注册类型对照表	4700	股份制企业(非法人)	旧值,旧值含义:151/159/160,国有独资公司/其他责任有限公司/股份有限公司
卫生机构	WHCV09.00.407	企业登记注册类型对照表	5000	外商投资企业	
卫生机构	WHCV09.00.407	企业登记注册类型对照表	5100	有限责任公司	
卫生机构	WHCV09.00.407	企业登记注册类型对照表	5110	有限责任公司(中外合资)	旧值,旧值含义:310,中外合资经营企业
卫生机构	WHCV09.00.407	企业登记注册类型对照表	5120	有限责任公司(中外合作)	旧值,旧值含义:320,中外合作经营企业
卫生机构	WHCV09.00.407	企业登记注册类型对照表	5130	有限责任公司(外商合资)	旧值,旧值含义:330,外资企业
卫生机构	WHCV09.00.407	企业登记注册类型对照表	5140	有限责任公司(外国自然人独资)	旧值,旧值含义:330,外资企业
卫生机构	WHCV09.00.407	企业登记注册类型对照表	5150	有限责任公司(外国法人独资)	旧值,旧值含义:330,外资企业
卫生机构	WHCV09.00.407	企业登记注册类型对照表	5160	有限责任公司(外国非法人经济组织独资)	旧值,旧值含义:330,外资企业
卫生机构	WHCV09.00.407	企业登记注册类型对照表	5190	其他	旧值,旧值含义:320,中外合作经营企业
卫生机构	WHCV09.00.407	企业登记注册类型对照表	5200	股份有限公司	
卫生机构	WHCV09.00.407	企业登记注册类型对照表	5210	股份有限公司(中外合资、未上市)	旧值,旧值含义:340,外商投资股份有限公司
卫生机构	WHCV09.00.407	企业登记注册类型对照表	5220	股份有限公司(中外合资、上市)	旧值,旧值含义:340,外商投资股份有限公司
卫生机构	WHCV09.00.407	企业登记注册类型对照表	5230	股份有限公司(外商合资、未上市)	旧值,旧值含义:340,外商投资股份有限公司
卫生机构	WHCV09.00.407	企业登记注册类型对照表	5240	股份有限公司(外商合资、上市)	旧值,旧值含义:340,外商投资股份有限公司
卫生机构	WHCV09.00.407	企业登记注册类型对照表	5290	其他	旧值,旧值含义:340,外商投资股份有限公司
卫生机构	WHCV09.00.407	企业登记注册类型对照表	5300	非公司	
卫生机构	WHCV09.00.407	企业登记注册类型对照表	5310	非公司外商投资企业(中外合作)	旧值,旧值含义:320,中外合作经营企业
卫生机构	WHCV09.00.407	企业登记注册类型对照表	5390	其他	旧值,旧值含义:320,中外合作经营企业
卫生机构	WHCV09.00.407	企业登记注册类型对照表	5400	外商投资合伙企业	旧值,旧值含义:390,其他外商投资企业
卫生机构	WHCV09.00.407	企业登记注册类型对照表	5410	普通合伙企业	旧值,旧值含义:390,其他外商投资企业
卫生机构	WHCV09.00.407	企业登记注册类型对照表	5420	特殊普通合伙企业	旧值,旧值含义:390,其他外商投资企业
卫生机构	WHCV09.00.407	企业登记注册类型对照表	5430	有限合伙企业	旧值,旧值含义:390,其他外商投资企业
卫生机构	WHCV09.00.407	企业登记注册类型对照表	5490	其他	旧值,旧值含义:390,其他外商投资企业
卫生机构	WHCV09.00.407	企业登记注册类型对照表	5800	外商投资企业分支机构	
卫生机构	WHCV09.00.407	企业登记注册类型对照表	5810	分公司	旧值,旧值含义:330,外资企业
卫生机构	WHCV09.00.407	企业登记注册类型对照表	5820	非公司外商投资企业分支机构	旧值,旧值含义:330,外资企业
卫生机构	WHCV09.00.407	企业登记注册类型对照表	5830	办事处	旧值,旧值含义:330,外资企业
卫生机构	WHCV09.00.407	企业登记注册类型对照表	5840	外商投资合伙企业分支机构	旧值,旧值含义:390,其他外商投资企业
卫生机构	WHCV09.00.407	企业登记注册类型对照表	5890	其他	旧值,旧值含义:330,外资企业
卫生机构	WHCV09.00.407	企业登记注册类型对照表	6000	港、澳、台投资企业	
卫生机构	WHCV09.00.407	企业登记注册类型对照表	6100	有限责任公司	
卫生机构	WHCV09.00.407	企业登记注册类型对照表	6110	有限责任公司(港澳台与境内合资)	旧值,旧值含义:210,合资经营企业(港或澳、台资)
卫生机构	WHCV09.00.407	企业登记注册类型对照表	6120	有限责任公司(港澳台与境内合作)	旧值,旧值含义:220,合作经营企业(港或澳、台资)
卫生机构	WHCV09.00.407	企业登记注册类型对照表	6130	有限责任公司(港澳台合资)	旧值,旧值含义:230,港、澳、台商独资经营企业
卫生机构	WHCV09.00.407	企业登记注册类型对照表	6140	有限责任公司(港澳台自然人独资)	旧值,旧值含义:230,港、澳、台商独资经营企业
卫生机构	WHCV09.00.407	企业登记注册类型对照表	6150	有限责任公司(港澳台法人独资)	旧值,旧值含义:230,港、澳、台商独资经营企业
卫生机构	WHCV09.00.407	企业登记注册类型对照表	6160	有限责任公司(港澳台非法人经济组织独资)	旧值,旧值含义:230,港、澳、台商独资经营企业
卫生机构	WHCV09.00.407	企业登记注册类型对照表	6170	有限责任公司(港澳台与外国投资者合资)	旧值,旧值含义:230/330,港、澳、台商独资经营企业/外资企业
卫生机构	WHCV09.00.407	企业登记注册类型对照表	6190	其他	旧值,旧值含义:220,合作经营企业(港或澳、台资)
卫生机构	WHCV09.00.407	企业登记注册类型对照表	6200	股份有限公司	
卫生机构	WHCV09.00.407	企业登记注册类型对照表	6210	股份有限公司(港澳台与境内合资、未上市)	旧值,旧值含义:240,港、澳、台商投资股份有限公司
卫生机构	WHCV09.00.407	企业登记注册类型对照表	6220	股份有限公司(港澳台与境内合资、上市)	旧值,旧值含义:240,港、澳、台商投资股份有限公司
卫生机构	WHCV09.00.407	企业登记注册类型对照表	6230	股份有限公司(港澳台合资、未上市)	旧值,旧值含义:240,港、澳、台商投资股份有限公司
卫生机构	WHCV09.00.407	企业登记注册类型对照表	6240	股份有限公司(港澳台合资、上市)	旧值,旧值含义:240,港、澳、台商投资股份有限公司
卫生机构	WHCV09.00.407	企业登记注册类型对照表	6250	股份有限公司(港澳台与外国投资者合资、未上市)	旧值,旧值含义:240/340,港、澳、台商投资股份有限公司/外商投资股份有限公司
卫生机构	WHCV09.00.407	企业登记注册类型对照表	6260	股份有限公司(港澳台与外国投资者合资、上市)	旧值,旧值含义:240/340,港、澳、台商投资股份有限公司/外商投资股份有限公司
卫生机构	WHCV09.00.407	企业登记注册类型对照表	6290	其他	旧值,旧值含义:240,港、澳、台商投资股份有限公司
卫生机构	WHCV09.00.407	企业登记注册类型对照表	6300	非公司	
卫生机构	WHCV09.00.407	企业登记注册类型对照表	6310	非公司港、澳、台企业(港澳台与境内合作)	旧值,旧值含义:220,合作经营企业(港或澳、台资)
卫生机构	WHCV09.00.407	企业登记注册类型对照表	6320	非公司港、澳、台企业(港澳台合资)	旧值,旧值含义:230,港、澳、台商独资经营企业
卫生机构	WHCV09.00.407	企业登记注册类型对照表	6390	其他	旧值,旧值含义:220,合作经营企业(港或澳、台资)
卫生机构	WHCV09.00.407	企业登记注册类型对照表	6400	港、澳、台投资合伙企业	旧值,旧值含义:290,其他港、澳、台商投资企业
卫生机构	WHCV09.00.407	企业登记注册类型对照表	6410	普通合伙企业	旧值,旧值含义:290,其他港、澳、台商投资企业
卫生机构	WHCV09.00.407	企业登记注册类型对照表	6420	特殊普通合伙企业	旧值,旧值含义:290,其他港、澳、台商投资企业
卫生机构	WHCV09.00.407	企业登记注册类型对照表	6430	有限合伙企业	旧值,旧值含义:290,其他港、澳、台商投资企业
卫生机构	WHCV09.00.407	企业登记注册类型对照表	6490	其他	旧值,旧值含义:290,其他港、澳、台商投资企业
卫生机构	WHCV09.00.407	企业登记注册类型对照表	6800	港、澳、台投资企业分支机构	
卫生机构	WHCV09.00.407	企业登记注册类型对照表	6810	分公司	旧值,旧值含义:230,港、澳、台商独资经营企业
卫生机构	WHCV09.00.407	企业登记注册类型对照表	6820	非公司港、澳、台投资企业分支机构	旧值,旧值含义:230,港、澳、台商独资经营企业
卫生机构	WHCV09.00.407	企业登记注册类型对照表	6830	办事处	旧值,旧值含义:230,港、澳、台商独资经营企业
卫生机构	WHCV09.00.407	企业登记注册类型对照表	6840	港、澳、台投资合伙企业分支机构	旧值,旧值含义:290,其他港、澳、台商投资企业
卫生机构	WHCV09.00.407	企业登记注册类型对照表	6890	其他	旧值,旧值含义:230,港、澳、台商独资经营企业
卫生机构	WHCV09.00.407	企业登记注册类型对照表	7000	外国(地区）企业	
卫生机构	WHCV09.00.407	企业登记注册类型对照表	7100	外国(地区）公司分支机构	
卫生机构	WHCV09.00.407	企业登记注册类型对照表	7110	外国(地区)无限责任公司分支机构	旧值,旧值含义:330,外资企业
卫生机构	WHCV09.00.407	企业登记注册类型对照表	7120	外国(地区)有限责任公司分支机构	旧值,旧值含义:330,外资企业
卫生机构	WHCV09.00.407	企业登记注册类型对照表	7130	外国(地区)股份有限责任公司分支机构	旧值,旧值含义:340,外商投资股份有限公司
卫生机构	WHCV09.00.407	企业登记注册类型对照表	7190	外国(地区)其他形式公司分支机构	旧值,旧值含义:330,外资企业
卫生机构	WHCV09.00.407	企业登记注册类型对照表	7200	外国(地区)企业常驻代表机构	旧值,旧值含义:330,外资企业
卫生机构	WHCV09.00.407	企业登记注册类型对照表	7300	外国(地区)企业在中国境内从事经营活动	
卫生机构	WHCV09.00.407	企业登记注册类型对照表	7310	分公司	旧值,旧值含义:330,外资企业
卫生机构	WHCV09.00.407	企业登记注册类型对照表	7390	其他	旧值,旧值含义:330,外资企业
卫生机构	WHCV09.00.407	企业登记注册类型对照表	8000	集团	
卫生机构	WHCV09.00.407	企业登记注册类型对照表	9000	其他类型	
卫生机构	WHCV09.00.407	企业登记注册类型对照表	9100	农民专业合作社	旧值,旧值含义:190,其他企业
卫生机构	WHCV09.00.407	企业登记注册类型对照表	9200	农民专业合作社分支机构	旧值,旧值含义:190,其他企业
卫生机构	WHCV09.00.407	企业登记注册类型对照表	9900	其他	旧值,旧值含义:190,其他企业
卫生机构	WHCV09.00.408	武汉市功能区划代码	420102	江岸区	
卫生机构	WHCV09.00.408	武汉市功能区划代码	420103	江汉区	
卫生机构	WHCV09.00.408	武汉市功能区划代码	420104	硚口区	
卫生机构	WHCV09.00.408	武汉市功能区划代码	420105	汉阳区	
卫生机构	WHCV09.00.408	武汉市功能区划代码	420106	武昌区	
卫生机构	WHCV09.00.408	武汉市功能区划代码	420107	青山区	
卫生机构	WHCV09.00.408	武汉市功能区划代码	420111	洪山区	
卫生机构	WHCV09.00.408	武汉市功能区划代码	420112	东西湖区	
卫生机构	WHCV09.00.408	武汉市功能区划代码	420113	武汉经开(汉南)区	
卫生机构	WHCV09.00.408	武汉市功能区划代码	420114	蔡甸区	
卫生机构	WHCV09.00.408	武汉市功能区划代码	420115	江夏区	
卫生机构	WHCV09.00.408	武汉市功能区划代码	420116	黄陂区	
卫生机构	WHCV09.00.408	武汉市功能区划代码	420117	新洲区	
卫生机构	WHCV09.00.408	武汉市功能区划代码	420132	东湖新技术开发区	
卫生机构	WHCV09.00.408	武汉市功能区划代码	420133	东湖生态旅游风景区	
卫生机构	WHCV09.00.408	武汉市功能区划代码	420134	长江新区	
卫生机构	WHCV09.00.430	物价收费标准等级	1	一级	
卫生机构	WHCV09.00.430	物价收费标准等级	2	二级	
卫生机构	WHCV09.00.430	物价收费标准等级	3	三级	
卫生机构	WHCV09.00.430	物价收费标准等级	9	其他	
卫生人员	CT02.01.001	报告人职位	01	医师	
卫生人员	CT02.01.001	报告人职位	02	技师	
卫生人员	CT02.01.001	报告人职位	03	护理人员	
卫生人员	CT02.01.001	报告人职位	04	药师	
卫生人员	CT02.01.001	报告人职位	05	其他	
卫生人员	CT02.01.002	当事人类别	01	本院	
卫生人员	CT02.01.002	当事人类别	02	进修生	
卫生人员	CT02.01.002	当事人类别	03	研究生	
卫生人员	CT02.01.002	当事人类别	04	学生	
卫生人员	CT02.01.002	当事人类别	05	不详	
卫生人员	CT02.01.003	职称	01	高级	
卫生人员	CT02.01.003	职称	02	中级	
卫生人员	CT02.01.003	职称	03	初级	
卫生人员	CT02.01.003	职称	04	士级	
卫生人员	CT02.01.004	生产企业信息来源代码	01	医疗机构	
卫生人员	CT02.01.004	生产企业信息来源代码	02	经营企业	
卫生人员	CT02.01.004	生产企业信息来源代码	03	个人	
卫生人员	CT02.01.004	生产企业信息来源代码	04	文献报道	
卫生人员	CT02.01.004	生产企业信息来源代码	05	上市后研究	
卫生人员	CT02.01.004	生产企业信息来源代码	06	其他	
卫生人员	CT98.00.022	人员类别字典	0	编制人数	
卫生人员	CT98.00.022	人员类别字典	1	在职职工	
卫生人员	CT98.00.022	人员类别字典	11	卫生技术人员	包含 1101 执业（助理）医师、1102 注册护士、1103
卫生人员	CT98.00.022	人员类别字典	1101	执业（助理）医师	药师（士）、1104 医技人员、1109 其他卫生技术人员包含 110101 执业医师和110102 助理医师
卫生人员	CT98.00.022	人员类别字典	110101	执业医师	
卫生人员	CT98.00.022	人员类别字典	110102	助理医师	
卫生人员	CT98.00.022	人员类别字典	110103	见习医师	
卫生人员	CT98.00.022	人员类别字典	1102	注册护士	
卫生人员	CT98.00.022	人员类别字典	1103	药师（士）	
卫生人员	CT98.00.022	人员类别字典	1104A	检验技师	
卫生人员	CT98.00.022	人员类别字典	1104B	影像技师	
卫生人员	CT98.00.022	人员类别字典	1109	其他卫生技术人员	
卫生人员	CT98.00.022	人员类别字典	12	其他技术人员	
卫生人员	CT98.00.022	人员类别字典	13	管理人员	
卫生人员	CT98.00.022	人员类别字典	14	工勤技能人员	
卫生人员	CT98.00.023	从事专业类别字典	11	执业医师	
卫生人员	CT98.00.023	从事专业类别字典	12	执业助理医师	
卫生人员	CT98.00.023	从事专业类别字典	13	见习医师	
卫生人员	CT98.00.023	从事专业类别字典	14	全科医生	
卫生人员	CT98.00.023	从事专业类别字典	21	注册护士	
卫生人员	CT98.00.023	从事专业类别字典	22	助产士	
卫生人员	CT98.00.023	从事专业类别字典	31	西药师（士）	
卫生人员	CT98.00.023	从事专业类别字典	32	中药师（士）	
卫生人员	CT98.00.023	从事专业类别字典	41	检验技师（士）	
卫生人员	CT98.00.023	从事专业类别字典	42	影像技师（士）	
卫生人员	CT98.00.023	从事专业类别字典	50	卫生监督员	
卫生人员	CT98.00.023	从事专业类别字典	69	其他卫生技术人员	
卫生人员	CT98.00.023	从事专业类别字典	70	其它技术人员	
卫生人员	CT98.00.023	从事专业类别字典	80	管理人员	
卫生人员	CT98.00.023	从事专业类别字典	90	工勤技能员	
卫生人员	CT98.00.024	医师执业类别字典	1	临床	
卫生人员	CT98.00.024	医师执业类别字典	2	口腔	
卫生人员	CT98.00.024	医师执业类别字典	3	公共卫生	
卫生人员	CT98.00.024	医师执业类别字典	4	中医	
卫生人员	CT98.00.025	执业单位类别字典	1	医院	
卫生人员	CT98.00.025	执业单位类别字典	2	乡镇卫生院	
卫生人员	CT98.00.025	执业单位类别字典	3	社区卫生服务中心	
卫生人员	CT98.00.025	执业单位类别字典	9	其他医疗机构	
卫生人员	CT98.00.026	行政/业务管理职务代码	1	党委（副）书记	
卫生人员	CT98.00.026	行政/业务管理职务代码	2	院（所/站）长	
卫生人员	CT98.00.026	行政/业务管理职务代码	3	副院（所/站）长	
卫生人员	CT98.00.026	行政/业务管理职务代码	4	科室主任	
卫生人员	CT98.00.026	行政/业务管理职务代码	5	科室副主任	
卫生人员	CT98.00.027	人员流动情况字典	1	流入	
卫生人员	CT98.00.027	人员流动情况字典	11	高等、中等院校毕业	
卫生人员	CT98.00.027	人员流动情况字典	12	其它卫生机构调入	
卫生人员	CT98.00.027	人员流动情况字典	13	非医院机构调入	
卫生人员	CT98.00.027	人员流动情况字典	14	军转人员	
卫生人员	CT98.00.027	人员流动情况字典	19	其它流入	
卫生人员	CT98.00.027	人员流动情况字典	2	流出	
卫生人员	CT98.00.027	人员流动情况字典	21	调往其它卫生机构	
卫生人员	CT98.00.027	人员流动情况字典	22	考取研究生	
卫生人员	CT98.00.027	人员流动情况字典	23	出国留学	
卫生人员	CT98.00.027	人员流动情况字典	24	退休	注：包括离休．
卫生人员	CT98.00.027	人员流动情况字典	25	辞职（辞退）	
卫生人员	CT98.00.027	人员流动情况字典	26	自然减员（不含退休）	
卫生人员	CT98.00.027	人员流动情况字典	29	其它流出	
卫生人员	CT98.00.027	人员流动情况字典	9	信息变更	
卫生人员	CT98.00.028	编制情况字典	1	编制内	
卫生人员	CT98.00.028	编制情况字典	2	合同制	
卫生人员	CT98.00.028	编制情况字典	3	临聘人员	
卫生人员	CT98.00.028	编制情况字典	4	返聘	
卫生人员	CT98.00.028	编制情况字典	5	其他	
卫生人员	CT98.00.029	全科医生取得培训合格证书情况字典	1	住院医师规范化培训合格证（全科医生）	
卫生人员	CT98.00.029	全科医生取得培训合格证书情况字典	2	全科医生转岗培训全格证	
卫生人员	CT98.00.029	全科医生取得培训合格证书情况字典	3	全科医生骨干培训合格证	
卫生人员	CT98.00.029	全科医生取得培训合格证书情况字典	4	全科医生岗位培训合格证	
卫生人员	CT98.00.030	职称字典	1001	正高	
卫生人员	CT98.00.030	职称字典	1002	副高	
卫生人员	CT98.00.030	职称字典	1003	中级	
卫生人员	CT98.00.030	职称字典	1004	助理	
卫生人员	CT98.00.030	职称字典	1005	士级	
卫生人员	CT98.00.030	职称字典	1009	不详	
卫生人员	CT98.00.031	公共卫生医师执业范围	A01	内科专业	
卫生人员	CT98.00.031	公共卫生医师执业范围	A02	外科专业	
卫生人员	CT98.00.031	公共卫生医师执业范围	A03	妇产科专业	
卫生人员	CT98.00.031	公共卫生医师执业范围	A04	儿科专业	
卫生人员	CT98.00.031	公共卫生医师执业范围	A05	眼耳鼻咽喉科专业	
卫生人员	CT98.00.031	公共卫生医师执业范围	A06	皮肤病与性病专业	
卫生人员	CT98.00.031	公共卫生医师执业范围	A07	精神卫生专业	
卫生人员	CT98.00.031	公共卫生医师执业范围	A08	职业病专业	
卫生人员	CT98.00.031	公共卫生医师执业范围	A09	医学影像和放射治疗专业	
卫生人员	CT98.00.031	公共卫生医师执业范围	A10	医学检验	
卫生人员	CT98.00.031	公共卫生医师执业范围	A11	病理专业	
卫生人员	CT98.00.031	公共卫生医师执业范围	A12	全科医学专业	
卫生人员	CT98.00.031	公共卫生医师执业范围	A13	急救医学专业	
卫生人员	CT98.00.031	公共卫生医师执业范围	A14	康复医学专业	
卫生人员	CT98.00.031	公共卫生医师执业范围	A15	预防保健专业	
卫生人员	CT98.00.031	公共卫生医师执业范围	A16	特种医学与军事医学专业	
卫生人员	CT98.00.031	公共卫生医师执业范围	A17	计划生育技术服务专业	
卫生人员	CT98.00.031	公共卫生医师执业范围	A18	省级以上卫生行政部门规定的其他专业	
卫生人员	CT98.00.031	公共卫生医师执业范围	B01	口腔专业	
卫生人员	CT98.00.031	公共卫生医师执业范围	B02	口腔麻醉专业	
卫生人员	CT98.00.031	公共卫生医师执业范围	B03	口腔病理专业	
卫生人员	CT98.00.031	公共卫生医师执业范围	B04	口腔影像专业	
卫生人员	CT98.00.031	公共卫生医师执业范围	B05	省级以上卫生行政部门规定的其他专业	
卫生人员	CT98.00.031	公共卫生医师执业范围	C01	公共卫生类别专业	
卫生人员	CT98.00.031	公共卫生医师执业范围	C02	省级以上卫生行政部门规定的其他专业	
卫生人员	CT98.00.031	公共卫生医师执业范围	D01	中医专业	
卫生人员	CT98.00.031	公共卫生医师执业范围	D02	中西医结合专业	
卫生人员	CT98.00.031	公共卫生医师执业范围	D03	全科医学专业	
卫生人员	CT98.00.031	公共卫生医师执业范围	D04	蒙医专业	
卫生人员	CT98.00.031	公共卫生医师执业范围	D05	藏医专业	
卫生人员	CT98.00.031	公共卫生医师执业范围	D06	维医专业	
卫生人员	CT98.00.031	公共卫生医师执业范围	D07	傣医专业	
卫生人员	CT98.00.031	公共卫生医师执业范围	D08	省级以上卫生行政部门规定的其他专业	
卫生人员	CT98.00.031	口腔类别医师执业范围	A01	内科专业	
卫生人员	CT98.00.031	口腔类别医师执业范围	A02	外科专业	
卫生人员	CT98.00.031	口腔类别医师执业范围	A03	妇产科专业	
卫生人员	CT98.00.031	口腔类别医师执业范围	A04	儿科专业	
卫生人员	CT98.00.031	口腔类别医师执业范围	A05	眼耳鼻咽喉科专业	
卫生人员	CT98.00.031	口腔类别医师执业范围	A06	皮肤病与性病专业	
卫生人员	CT98.00.031	口腔类别医师执业范围	A07	精神卫生专业	
卫生人员	CT98.00.031	口腔类别医师执业范围	A08	职业病专业	
卫生人员	CT98.00.031	口腔类别医师执业范围	A09	医学影像和放射治疗专业	
卫生人员	CT98.00.031	口腔类别医师执业范围	A10	医学检验	
卫生人员	CT98.00.031	口腔类别医师执业范围	A11	病理专业	
卫生人员	CT98.00.031	口腔类别医师执业范围	A12	全科医学专业	
卫生人员	CT98.00.031	口腔类别医师执业范围	A13	急救医学专业	
卫生人员	CT98.00.031	口腔类别医师执业范围	A14	康复医学专业	
卫生人员	CT98.00.031	口腔类别医师执业范围	A15	预防保健专业	
卫生人员	CT98.00.031	口腔类别医师执业范围	A16	特种医学与军事医学专业	
卫生人员	CT98.00.031	口腔类别医师执业范围	A17	计划生育技术服务专业	
卫生人员	CT98.00.031	口腔类别医师执业范围	A18	省级以上卫生行政部门规定的其他专业	
卫生人员	CT98.00.031	口腔类别医师执业范围	B01	口腔专业	
卫生人员	CT98.00.031	口腔类别医师执业范围	B02	口腔麻醉专业	
卫生人员	CT98.00.031	口腔类别医师执业范围	B03	口腔病理专业	
卫生人员	CT98.00.031	口腔类别医师执业范围	B04	口腔影像专业	
卫生人员	CT98.00.031	口腔类别医师执业范围	B05	省级以上卫生行政部门规定的其他专业	
卫生人员	CT98.00.031	口腔类别医师执业范围	C01	公共卫生类别专业	
卫生人员	CT98.00.031	口腔类别医师执业范围	C02	省级以上卫生行政部门规定的其他专业	
卫生人员	CT98.00.031	口腔类别医师执业范围	D01	中医专业	
卫生人员	CT98.00.031	口腔类别医师执业范围	D02	中西医结合专业	
卫生人员	CT98.00.031	口腔类别医师执业范围	D03	全科医学专业	
卫生人员	CT98.00.031	口腔类别医师执业范围	D04	蒙医专业	
卫生人员	CT98.00.031	口腔类别医师执业范围	D05	藏医专业	
卫生人员	CT98.00.031	口腔类别医师执业范围	D06	维医专业	
卫生人员	CT98.00.031	口腔类别医师执业范围	D07	傣医专业	
卫生人员	CT98.00.031	口腔类别医师执业范围	D08	省级以上卫生行政部门规定的其他专业	
卫生人员	CT98.00.031	临床类别医师执业范围	A01	内科专业	
卫生人员	CT98.00.031	临床类别医师执业范围	A02	外科专业	
卫生人员	CT98.00.031	临床类别医师执业范围	A03	妇产科专业	
卫生人员	CT98.00.031	临床类别医师执业范围	A04	儿科专业	
卫生人员	CT98.00.031	临床类别医师执业范围	A05	眼耳鼻咽喉科专业	
卫生人员	CT98.00.031	临床类别医师执业范围	A06	皮肤病与性病专业	
卫生人员	CT98.00.031	临床类别医师执业范围	A07	精神卫生专业	
卫生人员	CT98.00.031	临床类别医师执业范围	A08	职业病专业	
卫生人员	CT98.00.031	临床类别医师执业范围	A09	医学影像和放射治疗专业	
卫生人员	CT98.00.031	临床类别医师执业范围	A10	医学检验	
卫生人员	CT98.00.031	临床类别医师执业范围	A11	病理专业	
卫生人员	CT98.00.031	临床类别医师执业范围	A12	全科医学专业	
卫生人员	CT98.00.031	临床类别医师执业范围	A13	急救医学专业	
卫生人员	CT98.00.031	临床类别医师执业范围	A14	康复医学专业	
卫生人员	CT98.00.031	临床类别医师执业范围	A15	预防保健专业	
卫生人员	CT98.00.031	临床类别医师执业范围	A16	特种医学与军事医学专业	
卫生人员	CT98.00.031	临床类别医师执业范围	A17	计划生育技术服务专业	
卫生人员	CT98.00.031	临床类别医师执业范围	A18	省级以上卫生行政部门规定的其他专业	
卫生人员	CT98.00.031	临床类别医师执业范围	B01	口腔专业	
卫生人员	CT98.00.031	临床类别医师执业范围	B02	口腔麻醉专业	
卫生人员	CT98.00.031	临床类别医师执业范围	B03	口腔病理专业	
卫生人员	CT98.00.031	临床类别医师执业范围	B04	口腔影像专业	
卫生人员	CT98.00.031	临床类别医师执业范围	B05	省级以上卫生行政部门规定的其他专业	
卫生人员	CT98.00.031	临床类别医师执业范围	C01	公共卫生类别专业	
卫生人员	CT98.00.031	临床类别医师执业范围	C02	省级以上卫生行政部门规定的其他专业	
卫生人员	CT98.00.031	临床类别医师执业范围	D01	中医专业	
卫生人员	CT98.00.031	临床类别医师执业范围	D02	中西医结合专业	
卫生人员	CT98.00.031	临床类别医师执业范围	D03	全科医学专业	
卫生人员	CT98.00.031	临床类别医师执业范围	D04	蒙医专业	
卫生人员	CT98.00.031	临床类别医师执业范围	D05	藏医专业	
卫生人员	CT98.00.031	临床类别医师执业范围	D06	维医专业	
卫生人员	CT98.00.031	临床类别医师执业范围	D07	傣医专业	
卫生人员	CT98.00.031	临床类别医师执业范围	D08	省级以上卫生行政部门规定的其他专业	
卫生人员	CT98.00.031	医师执业范围	A01	内科专业	
卫生人员	CT98.00.031	医师执业范围	A02	外科专业	
卫生人员	CT98.00.031	医师执业范围	A03	妇产科专业	
卫生人员	CT98.00.031	医师执业范围	A04	儿科专业	
卫生人员	CT98.00.031	医师执业范围	A05	眼耳鼻咽喉科专业	
卫生人员	CT98.00.031	医师执业范围	A06	皮肤病与性病专业	
卫生人员	CT98.00.031	医师执业范围	A07	精神卫生专业	
卫生人员	CT98.00.031	医师执业范围	A08	职业病专业	
卫生人员	CT98.00.031	医师执业范围	A09	医学影像和放射治疗专业	
卫生人员	CT98.00.031	医师执业范围	A10	医学检验	
卫生人员	CT98.00.031	医师执业范围	A11	病理专业	
卫生人员	CT98.00.031	医师执业范围	A12	全科医学专业	
卫生人员	CT98.00.031	医师执业范围	A13	急救医学专业	
卫生人员	CT98.00.031	医师执业范围	A14	康复医学专业	
卫生人员	CT98.00.031	医师执业范围	A15	预防保健专业	
卫生人员	CT98.00.031	医师执业范围	A16	特种医学与军事医学专业	
卫生人员	CT98.00.031	医师执业范围	A17	计划生育技术服务专业	
卫生人员	CT98.00.031	医师执业范围	A18	省级以上卫生行政部门规定的其他专业	
卫生人员	CT98.00.031	医师执业范围	B01	口腔专业	
卫生人员	CT98.00.031	医师执业范围	B02	口腔麻醉专业	
卫生人员	CT98.00.031	医师执业范围	B03	口腔病理专业	
卫生人员	CT98.00.031	医师执业范围	B04	口腔影像专业	
卫生人员	CT98.00.031	医师执业范围	B05	省级以上卫生行政部门规定的其他专业	
卫生人员	CT98.00.031	医师执业范围	C01	公共卫生类别专业	
卫生人员	CT98.00.031	医师执业范围	C02	省级以上卫生行政部门规定的其他专业	
卫生人员	CT98.00.031	医师执业范围	D01	中医专业	
卫生人员	CT98.00.031	医师执业范围	D02	中西医结合专业	
卫生人员	CT98.00.031	医师执业范围	D03	全科医学专业	
卫生人员	CT98.00.031	医师执业范围	D04	蒙医专业	
卫生人员	CT98.00.031	医师执业范围	D05	藏医专业	
卫生人员	CT98.00.031	医师执业范围	D06	维医专业	
卫生人员	CT98.00.031	医师执业范围	D07	傣医专业	
卫生人员	CT98.00.031	医师执业范围	D08	省级以上卫生行政部门规定的其他专业	
卫生人员	GB/T 16835	所学专业代码	1	哲学	
卫生人员	GB/T 16835	所学专业代码	1002	预防医学类	
卫生人员	GB/T 16835	所学专业代码	1003	临床医学与医学技术类	
卫生人员	GB/T 16835	所学专业代码	100301	临床医学	
卫生人员	GB/T 16835	所学专业代码	100302	麻醉学	
卫生人员	GB/T 16835	所学专业代码	100303	医学影像学	
卫生人员	GB/T 16835	所学专业代码	100304	医学检验	
卫生人员	GB/T 16835	所学专业代码	100399	其他医学技术专业	
卫生人员	GB/T 16835	所学专业代码	1004	口腔医学	
卫生人员	GB/T 16835	所学专业代码	1005	中医学类	
卫生人员	GB/T 16835	所学专业代码	100501	中医学	
卫生人员	GB/T 16835	所学专业代码	100502	针灸推拿学	
卫生人员	GB/T 16835	所学专业代码	100599	中医学类其他专业	
卫生人员	GB/T 16835	所学专业代码	1006	法医学	
卫生人员	GB/T 16835	所学专业代码	1007	护理学	
卫生人员	GB/T 16835	所学专业代码	1008	药学类	
卫生人员	GB/T 16835	所学专业代码	100801	药学	
卫生人员	GB/T 16835	所学专业代码	100802	中药学	
卫生人员	GB/T 16835	所学专业代码	100899	其他药学专业	
卫生人员	GB/T 16835	所学专业代码	11	管理类	
卫生人员	GB/T 16835	所学专业代码	2	经济学	
卫生人员	GB/T 16835	所学专业代码	3	法学	
卫生人员	GB/T 16835	所学专业代码	4	教育学	
卫生人员	GB/T 16835	所学专业代码	5	文学	
卫生人员	GB/T 16835	所学专业代码	6	历史学	
卫生人员	GB/T 16835	所学专业代码	7	理学	
卫生人员	WHCT08.30.101	人员大分类	1	医生	
卫生人员	WHCT08.30.101	人员大分类	2	护士	
卫生人员	WHCT08.30.101	人员大分类	3	医技人员	
卫生人员	WHCT08.30.101	人员大分类	4	行政人员	
卫生人员	WHCT08.30.101	人员大分类	99	其他	
卫生人员	WHDB42.01.001	互联网备案类型	1	备案医师	
卫生人员	WHDB42.01.001	互联网备案类型	2	备案药师	
卫生人员	WHDB42.01.001	互联网备案类型	3	备案护士	
卫生人员	WHDB42.01.001	互联网备案类型	99	其他	
药品、设备与材料	CT01.00.009	药品分类代码	01	中药	
药品、设备与材料	CT01.00.009	药品分类代码	02	化学药	
药品、设备与材料	CT01.00.009	药品分类代码	03	治疗用生物制剂	
药品、设备与材料	CT01.00.009	药品分类代码	04	预防用生物制剂	
药品、设备与材料	CT01.00.009	药品分类代码	05	其他	
药品、设备与材料	CT01.00.011	SAE与实验药的关系代码	01	肯定有关	
药品、设备与材料	CT01.00.011	SAE与实验药的关系代码	02	肯定无关	
药品、设备与材料	CT01.00.011	SAE与实验药的关系代码	03	可能有关	
药品、设备与材料	CT01.00.011	SAE与实验药的关系代码	04	可能无关	
药品、设备与材料	CT01.00.011	SAE与实验药的关系代码	05	无法判定	
药品、设备与材料	CT08.50.003	剂型分类及剂型代码字典	00	原料	*
药品、设备与材料	CT08.50.003	剂型分类及剂型代码字典	0000	原料	
药品、设备与材料	CT08.50.003	剂型分类及剂型代码字典	01	口服常释普通片剂	*
药品、设备与材料	CT08.50.003	剂型分类及剂型代码字典	0101	片剂	含素片、糖衣片、薄膜衣片
药品、设备与材料	CT08.50.003	剂型分类及剂型代码字典	0102	肠溶片	
药品、设备与材料	CT08.50.003	剂型分类及剂型代码字典	0103	分散片	
药品、设备与材料	CT08.50.003	剂型分类及剂型代码字典	0104	咀嚼片	
药品、设备与材料	CT08.50.003	剂型分类及剂型代码字典	0105	口腔崩解片	
药品、设备与材料	CT08.50.003	剂型分类及剂型代码字典	0106	浸膏片	含半浸膏片
药品、设备与材料	CT08.50.003	剂型分类及剂型代码字典	0107	泡腾片	
药品、设备与材料	CT08.50.003	剂型分类及剂型代码字典	0199	其他口服常释普通片剂	含双层片、多层片、异型片、划痕片、压制片、糖胶片等
药品、设备与材料	CT08.50.003	剂型分类及剂型代码字典	02	口服普通胶囊剂	*
药品、设备与材料	CT08.50.003	剂型分类及剂型代码字典	0201	胶囊剂	
药品、设备与材料	CT08.50.003	剂型分类及剂型代码字典	0202	肠溶胶囊剂	
药品、设备与材料	CT08.50.003	剂型分类及剂型代码字典	0203	软胶囊剂	含软胶丸、胶丸
药品、设备与材料	CT08.50.003	剂型分类及剂型代码字典	0204	肠溶软胶囊剂	含肠溶胶丸
药品、设备与材料	CT08.50.003	剂型分类及剂型代码字典	0299	其他口服普通胶囊剂	含结肠溶胶囊、微丸胶囊、微囊胶囊
药品、设备与材料	CT08.50.003	剂型分类及剂型代码字典	03	口服缓控释制剂	*
药品、设备与材料	CT08.50.003	剂型分类及剂型代码字典	0301	缓释片	
药品、设备与材料	CT08.50.003	剂型分类及剂型代码字典	0302	肠溶缓释片	
药品、设备与材料	CT08.50.003	剂型分类及剂型代码字典	0303	缓释胶囊	
药品、设备与材料	CT08.50.003	剂型分类及剂型代码字典	0304	肠溶缓释胶囊	
药品、设备与材料	CT08.50.003	剂型分类及剂型代码字典	0305	控释片	
药品、设备与材料	CT08.50.003	剂型分类及剂型代码字典	0306	控释胶囊	
药品、设备与材料	CT08.50.003	剂型分类及剂型代码字典	0399	其他口服缓控释制剂	含速释片、长效片、双释放肠溶胶囊、速释胶囊、缓释混悬剂
药品、设备与材料	CT08.50.003	剂型分类及剂型代码字典	04	颗粒剂	*
药品、设备与材料	CT08.50.003	剂型分类及剂型代码字典	0401	颗粒剂	含无糖、低糖、含糖型颗粒剂
药品、设备与材料	CT08.50.003	剂型分类及剂型代码字典	0402	混悬颗粒剂	
药品、设备与材料	CT08.50.003	剂型分类及剂型代码字典	0403	泡腾颗粒剂	
药品、设备与材料	CT08.50.003	剂型分类及剂型代码字典	0404	肠溶颗粒剂	
药品、设备与材料	CT08.50.003	剂型分类及剂型代码字典	0405	缓释颗粒剂	
药品、设备与材料	CT08.50.003	剂型分类及剂型代码字典	0406	控释颗粒剂	
药品、设备与材料	CT08.50.003	剂型分类及剂型代码字典	0499	其他颗粒剂	含细粒剂、胶体颗粒、速释颗粒药等
药品、设备与材料	CT08.50.003	剂型分类及剂型代码字典	05	丸剂	*
药品、设备与材料	CT08.50.003	剂型分类及剂型代码字典	0501	丸剂	含小丸、薄膜衣丸、糖衣丸、包衣小丸
药品、设备与材料	CT08.50.003	剂型分类及剂型代码字典	0502	滴丸	含薄膜衣滴丸、糖衣滴丸
药品、设备与材料	CT08.50.003	剂型分类及剂型代码字典	0503	糖丸	
药品、设备与材料	CT08.50.003	剂型分类及剂型代码字典	0504	水丸	
药品、设备与材料	CT08.50.003	剂型分类及剂型代码字典	0505	蜜丸	含大蜜丸、小蜜丸
药品、设备与材料	CT08.50.003	剂型分类及剂型代码字典	0506	水蜜丸	
药品、设备与材料	CT08.50.003	剂型分类及剂型代码字典	0507	浓缩丸	含浓缩蜜丸、浓缩水丸、炭衣浓缩水丸、浓缩水蜜丸、浓缩微丸
药品、设备与材料	CT08.50.003	剂型分类及剂型代码字典	0508	糊丸	
药品、设备与材料	CT08.50.003	剂型分类及剂型代码字典	0509	蜡丸	
药品、设备与材料	CT08.50.003	剂型分类及剂型代码字典	0510	微丸	包含微丸、包衣微丸
药品、设备与材料	CT08.50.003	剂型分类及剂型代码字典	0599	其他丸剂	包含调释丸
药品、设备与材料	CT08.50.003	剂型分类及剂型代码字典	06	口服散剂、粉剂	*
药品、设备与材料	CT08.50.003	剂型分类及剂型代码字典	0601	散剂	
药品、设备与材料	CT08.50.003	剂型分类及剂型代码字典	0602	粉剂	含冻干粉、干粉剂、乳干粉、口服溶液用粉
药品、设备与材料	CT08.50.003	剂型分类及剂型代码字典	0699	其他口服散剂、粉剂	
药品、设备与材料	CT08.50.003	剂型分类及剂型代码字典	07	口服液体剂	*
药品、设备与材料	CT08.50.003	剂型分类及剂型代码字典	0701	口服溶液剂	含口服液、有糖型口服液、有糖型溶液剂、无糖（低糖）型口服液、无糖（低糖）型溶液剂
药品、设备与材料	CT08.50.003	剂型分类及剂型代码字典	0702	口服混悬剂	含干混悬剂
药品、设备与材料	CT08.50.003	剂型分类及剂型代码字典	0703	口服乳剂	含乳液、干悬乳剂
药品、设备与材料	CT08.50.003	剂型分类及剂型代码字典	0704	滴剂	含溶液滴剂、混悬滴剂、乳剂滴剂、胶囊型滴剂
药品、设备与材料	CT08.50.003	剂型分类及剂型代码字典	0705	糖浆剂	含蜜浆剂
药品、设备与材料	CT08.50.003	剂型分类及剂型代码字典	0706	合剂	
药品、设备与材料	CT08.50.003	剂型分类及剂型代码字典	0707	酒剂	
药品、设备与材料	CT08.50.003	剂型分类及剂型代码字典	0708	露剂	
药品、设备与材料	CT08.50.003	剂型分类及剂型代码字典	0709	口服酊剂	
药品、设备与材料	CT08.50.003	剂型分类及剂型代码字典	0710	口服醑剂	
药品、设备与材料	CT08.50.003	剂型分类及剂型代码字典	0711	酏剂	
药品、设备与材料	CT08.50.003	剂型分类及剂型代码字典	0799	其他口服液体剂	
药品、设备与材料	CT08.50.003	剂型分类及剂型代码字典	08	口服膏剂、口服凝胶剂	*
药品、设备与材料	CT08.50.003	剂型分类及剂型代码字典	0801	煎膏剂	即膏滋、膏方
药品、设备与材料	CT08.50.003	剂型分类及剂型代码字典	0802	浸膏剂	
药品、设备与材料	CT08.50.003	剂型分类及剂型代码字典	0803	流浸膏剂	
药品、设备与材料	CT08.50.003	剂型分类及剂型代码字典	0804	口服凝胶剂	含混悬凝胶剂
药品、设备与材料	CT08.50.003	剂型分类及剂型代码字典	0899	其他口服膏剂、口服凝胶剂	
药品、设备与材料	CT08.50.003	剂型分类及剂型代码字典	09	胶剂、锭剂、茶剂、曲剂	*
药品、设备与材料	CT08.50.003	剂型分类及剂型代码字典	0901	胶剂	
药品、设备与材料	CT08.50.003	剂型分类及剂型代码字典	0902	锭剂	含糖锭
药品、设备与材料	CT08.50.003	剂型分类及剂型代码字典	0903	茶剂	含袋泡剂
药品、设备与材料	CT08.50.003	剂型分类及剂型代码字典	0904	曲剂	
药品、设备与材料	CT08.50.003	剂型分类及剂型代码字典	0999	其他胶剂、锭剂、茶剂、曲剂	
药品、设备与材料	CT08.50.003	剂型分类及剂型代码字典	10	口腔片剂、舌下片剂、喉用片剂	*
药品、设备与材料	CT08.50.003	剂型分类及剂型代码字典	1001	口腔贴片	
药品、设备与材料	CT08.50.003	剂型分类及剂型代码字典	1002	含片	含口含片
药品、设备与材料	CT08.50.003	剂型分类及剂型代码字典	1003	舌下片	
药品、设备与材料	CT08.50.003	剂型分类及剂型代码字典	1004	口颊片	含控释口颊片
药品、设备与材料	CT08.50.003	剂型分类及剂型代码字典	1005	喉片	
药品、设备与材料	CT08.50.003	剂型分类及剂型代码字典	1099	其他口腔用片剂、舌下片剂及喉用片剂	含可溶片、水溶片、漱口片、口腔粘附片、口胶剂等
药品、设备与材料	CT08.50.003	剂型分类及剂型代码字典	11	熨剂、炙剂	*
药品、设备与材料	CT08.50.003	剂型分类及剂型代码字典	1101	熨剂	
药品、设备与材料	CT08.50.003	剂型分类及剂型代码字典	1102	炙剂	
药品、设备与材料	CT08.50.003	剂型分类及剂型代码字典	12	鼻用制剂	*
药品、设备与材料	CT08.50.003	剂型分类及剂型代码字典	1201	鼻用液体制剂	含吸入剂、滴鼻剂、洗鼻剂；不含吸入喷雾剂
药品、设备与材料	CT08.50.003	剂型分类及剂型代码字典	1202	鼻用半固体制剂	含鼻用软膏、鼻用乳膏、鼻用凝胶
药品、设备与材料	CT08.50.003	剂型分类及剂型代码字典	1203	鼻用固体制剂	含鼻用溶液片、鼻用散剂、鼻用粉雾剂、鼻用棒剂
药品、设备与材料	CT08.50.003	剂型分类及剂型代码字典	1204	鼻用气体制剂	不含吸入气雾剂
药品、设备与材料	CT08.50.003	剂型分类及剂型代码字典	1299	其他鼻用制剂	
药品、设备与材料	CT08.50.003	剂型分类及剂型代码字典	13	耳用制剂	*
药品、设备与材料	CT08.50.003	剂型分类及剂型代码字典	1301	耳用液体制剂	含滴耳剂、洗耳剂、耳用喷雾剂
药品、设备与材料	CT08.50.003	剂型分类及剂型代码字典	1302	耳用半固体制剂	含耳用软膏、耳用乳膏、耳用凝胶、耳塞
药品、设备与材料	CT08.50.003	剂型分类及剂型代码字典	1303	耳用固体制剂	含耳用散剂、耳用丸剂
药品、设备与材料	CT08.50.003	剂型分类及剂型代码字典	1399	其他耳用制剂	
药品、设备与材料	CT08.50.003	剂型分类及剂型代码字典	14	眼用制剂	*
药品、设备与材料	CT08.50.003	剂型分类及剂型代码字典	1401	眼用液体制剂	含滴眼剂、洗眼剂、眼内注射溶液
药品、设备与材料	CT08.50.003	剂型分类及剂型代码字典	1402	眼用半固体制剂	含眼膏、眼用乳膏、眼用凝胶
药品、设备与材料	CT08.50.003	剂型分类及剂型代码字典	1403	眼用固体制剂	含眼药水片、粉剂眼药、眼膜剂、眼丸剂、眼内插入剂
药品、设备与材料	CT08.50.003	剂型分类及剂型代码字典	1499	其他眼用制剂	
药品、设备与材料	CT08.50.003	剂型分类及剂型代码字典	15	外用片剂、凝胶剂、乳胶剂、软膏剂、乳膏剂	*
药品、设备与材料	CT08.50.003	剂型分类及剂型代码字典	1501	外用片	含外用环形片、坐药片、异型片、纸片、膜片、贴脐片
药品、设备与材料	CT08.50.003	剂型分类及剂型代码字典	1502	凝胶剂	含胶浆剂
药品、设备与材料	CT08.50.003	剂型分类及剂型代码字典	1503	乳胶剂	
药品、设备与材料	CT08.50.003	剂型分类及剂型代码字典	1504	乳膏剂	含霜剂
药品、设备与材料	CT08.50.003	剂型分类及剂型代码字典	1505	软膏剂	含水膏剂、油膏剂
药品、设备与材料	CT08.50.003	剂型分类及剂型代码字典	1506	糊剂	
药品、设备与材料	CT08.50.003	剂型分类及剂型代码字典	1599	其他外用剂型	
药品、设备与材料	CT08.50.003	剂型分类及剂型代码字典	16	贴膏剂、膏药	*
药品、设备与材料	CT08.50.003	剂型分类及剂型代码字典	1601	贴剂	含贴片、透皮贴剂、缓控释透皮贴剂
药品、设备与材料	CT08.50.003	剂型分类及剂型代码字典	1603	橡皮膏剂	含橡胶膏剂
药品、设备与材料	CT08.50.003	剂型分类及剂型代码字典	1604	凝胶膏剂	即巴布膏剂
药品、设备与材料	CT08.50.003	剂型分类及剂型代码字典	1605	膏药剂	含湿敷剂、贴敷剂
药品、设备与材料	CT08.50.003	剂型分类及剂型代码字典	1699	其他贴膏剂、膏药	
药品、设备与材料	CT08.50.003	剂型分类及剂型代码字典	17	膜剂、海绵剂	*
药品、设备与材料	CT08.50.003	剂型分类及剂型代码字典	1701	口服膜剂	
药品、设备与材料	CT08.50.003	剂型分类及剂型代码字典	1702	口腔膜剂	
药品、设备与材料	CT08.50.003	剂型分类及剂型代码字典	1703	牙用缓释膜剂	
药品、设备与材料	CT08.50.003	剂型分类及剂型代码字典	1704	阴道膜剂	
药品、设备与材料	CT08.50.003	剂型分类及剂型代码字典	1705	外用膜剂	
药品、设备与材料	CT08.50.003	剂型分类及剂型代码字典	1706	海绵剂	
药品、设备与材料	CT08.50.003	剂型分类及剂型代码字典	1799	其他膜剂	
药品、设备与材料	CT08.50.003	剂型分类及剂型代码字典	18	栓剂	*
药品、设备与材料	CT08.50.003	剂型分类及剂型代码字典	1801	阴道栓	含棉栓
药品、设备与材料	CT08.50.003	剂型分类及剂型代码字典	1802	肛门栓	含直肠栓、痔疮栓
药品、设备与材料	CT08.50.003	剂型分类及剂型代码字典	1803	尿道栓	
药品、设备与材料	CT08.50.003	剂型分类及剂型代码字典	1899	其他栓剂	
药品、设备与材料	CT08.50.003	剂型分类及剂型代码字典	19	阴道用片剂、胶囊剂、凝胶剂	*
药品、设备与材料	CT08.50.003	剂型分类及剂型代码字典	1901	阴道片	
药品、设备与材料	CT08.50.003	剂型分类及剂型代码字典	1902	阴道泡腾片	
药品、设备与材料	CT08.50.003	剂型分类及剂型代码字典	1903	阴道异型片	
药品、设备与材料	CT08.50.003	剂型分类及剂型代码字典	1904	阴道胶囊	
药品、设备与材料	CT08.50.003	剂型分类及剂型代码字典	1905	阴道软胶囊	
药品、设备与材料	CT08.50.003	剂型分类及剂型代码字典	1906	阴道泡腾胶囊	
药品、设备与材料	CT08.50.003	剂型分类及剂型代码字典	1907	阴道凝胶剂	
药品、设备与材料	CT08.50.003	剂型分类及剂型代码字典	1999	其他阴道制剂	
药品、设备与材料	CT08.50.003	剂型分类及剂型代码字典	20	棒剂	*
药品、设备与材料	CT08.50.003	剂型分类及剂型代码字典	2001	药棒	
药品、设备与材料	CT08.50.003	剂型分类及剂型代码字典	2002	蜡棒	
药品、设备与材料	CT08.50.003	剂型分类及剂型代码字典	2099	其他棒剂	
药品、设备与材料	CT08.50.003	剂型分类及剂型代码字典	21	外用散剂、粉剂	*
药品、设备与材料	CT08.50.003	剂型分类及剂型代码字典	2101	散剂	
药品、设备与材料	CT08.50.003	剂型分类及剂型代码字典	2102	粉剂	含干粉剂、冻干粉、口服溶液用粉、撒布粉
药品、设备与材料	CT08.50.003	剂型分类及剂型代码字典	2199	其他外用散剂、粉剂	
药品、设备与材料	CT08.50.003	剂型分类及剂型代码字典	22	外用液体剂	*
药品、设备与材料	CT08.50.003	剂型分类及剂型代码字典	2201	外用溶液剂	
药品、设备与材料	CT08.50.003	剂型分类及剂型代码字典	2202	外用混悬液	
药品、设备与材料	CT08.50.003	剂型分类及剂型代码字典	2203	含漱液	
药品、设备与材料	CT08.50.003	剂型分类及剂型代码字典	2204	冲洗液	
药品、设备与材料	CT08.50.003	剂型分类及剂型代码字典	2205	酊剂	
药品、设备与材料	CT08.50.003	剂型分类及剂型代码字典	2206	醑剂	
药品、设备与材料	CT08.50.003	剂型分类及剂型代码字典	2207	甘油剂	
药品、设备与材料	CT08.50.003	剂型分类及剂型代码字典	2208	灌肠剂	
药品、设备与材料	CT08.50.003	剂型分类及剂型代码字典	2209	灌注液	
药品、设备与材料	CT08.50.003	剂型分类及剂型代码字典	2210	洗剂	
药品、设备与材料	CT08.50.003	剂型分类及剂型代码字典	2211	油剂	
药品、设备与材料	CT08.50.003	剂型分类及剂型代码字典	2212	涂膜剂	
药品、设备与材料	CT08.50.003	剂型分类及剂型代码字典	2213	涂剂	含涂布剂
药品、设备与材料	CT08.50.003	剂型分类及剂型代码字典	2214	搽剂	
药品、设备与材料	CT08.50.003	剂型分类及剂型代码字典	2215	擦剂	
药品、设备与材料	CT08.50.003	剂型分类及剂型代码字典	2299	其他外用液体剂	
药品、设备与材料	CT08.50.003	剂型分类及剂型代码字典	23	气雾剂（含抛射剂）	*
药品、设备与材料	CT08.50.003	剂型分类及剂型代码字典	2301	吸入气雾剂	含溶液、乳状液、混悬液
药品、设备与材料	CT08.50.003	剂型分类及剂型代码字典	2302	非吸入气雾剂	含溶液、乳状液、混悬液
药品、设备与材料	CT08.50.003	剂型分类及剂型代码字典	2303	外用气雾剂	含溶液、乳状液、混悬液
药品、设备与材料	CT08.50.003	剂型分类及剂型代码字典	2399	其他气雾剂	
药品、设备与材料	CT08.50.003	剂型分类及剂型代码字典	24	粉雾剂	*
药品、设备与材料	CT08.50.003	剂型分类及剂型代码字典	2401	吸入粉雾剂	含胶囊型、泡囊型、多剂量贮库
药品、设备与材料	CT08.50.003	剂型分类及剂型代码字典	2402	非吸入粉雾剂	指舌下、咽喉、口内等部位粉雾剂。含胶囊型、泡囊型、多剂量贮库
药品、设备与材料	CT08.50.003	剂型分类及剂型代码字典	2403	外用粉雾剂	含胶囊型、泡囊型、多剂量贮库
药品、设备与材料	CT08.50.003	剂型分类及剂型代码字典	2499	其他粉雾剂	
药品、设备与材料	CT08.50.003	剂型分类及剂型代码字典	25	喷雾剂	*
药品、设备与材料	CT08.50.003	剂型分类及剂型代码字典	2501	吸入喷雾剂	含溶液、乳状液、混悬液
药品、设备与材料	CT08.50.003	剂型分类及剂型代码字典	2502	非吸入喷雾剂	指舌下、咽喉、口内等部位喷雾剂。含溶液、乳状液、混悬液
药品、设备与材料	CT08.50.003	剂型分类及剂型代码字典	2503	外用喷雾剂	含溶液、乳状液、混悬液
药品、设备与材料	CT08.50.003	剂型分类及剂型代码字典	2599	其他喷雾剂	
药品、设备与材料	CT08.50.003	剂型分类及剂型代码字典	26	注射剂	*
药品、设备与材料	CT08.50.003	剂型分类及剂型代码字典	2601	注射液	含水针、油针、注射用混悬剂、注射用乳剂、脂质体注射液
药品、设备与材料	CT08.50.003	剂型分类及剂型代码字典	2602	注射用无菌粉末	含注射用干乳剂、粉针剂、冻干粉针、溶媒结晶粉针、注射用脂质体
药品、设备与材料	CT08.50.003	剂型分类及剂型代码字典	2603	注射用无菌粉末（带溶媒或装置）	含注射用干乳剂、粉针剂、冻干粉针、溶媒结晶粉针、注射用脂质体
药品、设备与材料	CT08.50.003	剂型分类及剂型代码字典	2604	注射溶媒	
药品、设备与材料	CT08.50.003	剂型分类及剂型代码字典	2699	其他注射剂	
药品、设备与材料	CT08.50.003	剂型分类及剂型代码字典	27	宫内节育系统、植入剂、缓释植入剂	*
药品、设备与材料	CT08.50.003	剂型分类及剂型代码字典	2701	宫内节育系统	
药品、设备与材料	CT08.50.003	剂型分类及剂型代码字典	2702	缓释植入剂	
药品、设备与材料	CT08.50.003	剂型分类及剂型代码字典	2703	植入剂	
药品、设备与材料	CT08.50.003	剂型分类及剂型代码字典	2799	其他植入剂	
药品、设备与材料	CT08.50.003	剂型分类及剂型代码字典	90	试剂盒（诊断用试剂）、药盒	*
药品、设备与材料	CT08.50.003	剂型分类及剂型代码字典	9001	试剂盒	
药品、设备与材料	CT08.50.003	剂型分类及剂型代码字典	9002	药盒	
药品、设备与材料	CT08.50.003	剂型分类及剂型代码字典	9099	其他试剂盒、药盒	
药品、设备与材料	CT08.50.003	剂型分类及剂型代码字典	99	其他剂型	*
药品、设备与材料	CT08.50.003	剂型分类及剂型代码字典	9999	其他剂型	含泡沫剂、湿巾等剂型
药品、设备与材料	CT98.00.016	设备代码	A01	800mA 及以上数字减影血管造影 X 线机	DSA
药品、设备与材料	CT98.00.016	设备代码	A02	800mA 及以上医用 X 线诊断机(不含 DSA)	
药品、设备与材料	CT98.00.016	设备代码	A03	500-800mA 医用 X 线诊断机	不含 800mA
药品、设备与材料	CT98.00.016	设备代码	A04	移动式 X 线诊断机	
药品、设备与材料	CT98.00.016	设备代码	A05	X 线电子计算机断层扫描装置	CT
药品、设备与材料	CT98.00.016	设备代码	A06	X 线-正电子发射计算机断层扫描仪	PET-CT,包括 PET
药品、设备与材料	CT98.00.016	设备代码	A07	单光子发射型电子计算机断层描断仪	SPECT
药品、设备与材料	CT98.00.016	设备代码	A08	医用电子直线加速器	LA
药品、设备与材料	CT98.00.016	设备代码	A09	医用电子回旋加速治疗系统	MM50
药品、设备与材料	CT98.00.016	设备代码	A10	质子治疗系统	
药品、设备与材料	CT98.00.016	设备代码	A11	伽玛射线立体定位治疗系统	γ-刀
药品、设备与材料	CT98.00.016	设备代码	A12	钴 60 治疗机	
药品、设备与材料	CT98.00.016	设备代码	A13	医用磁共振成像设备(核磁)	MRI
药品、设备与材料	CT98.00.016	设备代码	A14	彩色脉冲多普勒超声诊断仪	
药品、设备与材料	CT98.00.016	设备代码	A15	B 型超声诊断仪	
药品、设备与材料	CT98.00.016	设备代码	A16	医学图像存档传输系统	PACS
药品、设备与材料	CT98.00.016	设备代码	A17	危重病人监护系统	ICU(成套填报)
药品、设备与材料	CT98.00.016	设备代码	A18	有创呼吸机	
药品、设备与材料	CT98.00.016	设备代码	A19	无创呼吸机	
药品、设备与材料	CT98.00.016	设备代码	A20	高压氧仓	
药品、设备与材料	CT98.00.016	设备代码	A21	人工肾透析装置	
药品、设备与材料	CT98.00.016	设备代码	A22	牙科综合治疗台	
药品、设备与材料	CT98.00.016	设备代码	A23	全自动生化分析仪	
药品、设备与材料	CT98.00.016	设备代码	A24	血液酸碱气体分析仪	血气分析仪
药品、设备与材料	CT98.00.016	设备代码	A25	急救车	
药品、设备与材料	CT98.00.016	设备代码	A99	其他单价在 500 万元以上的医用设备	
药品、设备与材料	WHCT98.00.016	设备代码	A01	800mA 及以上数字减影血管造影 X 线机	DSA
药品、设备与材料	WHCT98.00.016	设备代码	A02	800mA 及以上医用 X 线诊断机(不含 DSA)	
药品、设备与材料	WHCT98.00.016	设备代码	A03	500-800mA 医用 X 线诊断机	不含 800mA
药品、设备与材料	WHCT98.00.016	设备代码	A04	移动式 X 线诊断机	
药品、设备与材料	WHCT98.00.016	设备代码	A05	X 线电子计算机断层扫描装置	CT
药品、设备与材料	WHCT98.00.016	设备代码	A06	X 线-正电子发射计算机断层扫描仪	PET-CT,包括 PET
药品、设备与材料	WHCT98.00.016	设备代码	A07	单光子发射型电子计算机断层描断仪	SPECT
药品、设备与材料	WHCT98.00.016	设备代码	A08	医用电子直线加速器	LA
药品、设备与材料	WHCT98.00.016	设备代码	A09	医用电子回旋加速治疗系统	MM50
药品、设备与材料	WHCT98.00.016	设备代码	A10	质子治疗系统	
药品、设备与材料	WHCT98.00.016	设备代码	A11	伽玛射线立体定位治疗系统	γ-刀
药品、设备与材料	WHCT98.00.016	设备代码	A12	钴 60 治疗机	
药品、设备与材料	WHCT98.00.016	设备代码	A13	医用磁共振成像设备(核磁)	MRI
药品、设备与材料	WHCT98.00.016	设备代码	A14	彩色脉冲多普勒超声诊断仪	
药品、设备与材料	WHCT98.00.016	设备代码	A15	B 型超声诊断仪	
药品、设备与材料	WHCT98.00.016	设备代码	A16	医学图像存档传输系统	PACS
药品、设备与材料	WHCT98.00.016	设备代码	A17	危重病人监护系统	ICU(成套填报)
药品、设备与材料	WHCT98.00.016	设备代码	A18	有创呼吸机	
药品、设备与材料	WHCT98.00.016	设备代码	A19	无创呼吸机	
药品、设备与材料	WHCT98.00.016	设备代码	A20	高压氧仓	
药品、设备与材料	WHCT98.00.016	设备代码	A21	人工肾透析装置	
药品、设备与材料	WHCT98.00.016	设备代码	A22	牙科综合治疗台	
药品、设备与材料	WHCT98.00.016	设备代码	A23	全自动生化分析仪	
药品、设备与材料	WHCT98.00.016	设备代码	A24	血液酸碱气体分析仪	血气分析仪
药品、设备与材料	WHCT98.00.016	设备代码	A25	急救车	
药品、设备与材料	WHCT98.00.016	设备代码	A26	手持式扫码人证测温一体机	
药品、设备与材料	WHCT98.00.016	设备代码	A27	立柱式扫码人证测温一体机	
药品、设备与材料	WHCT98.00.016	设备代码	A98	其他单价在500万元以下的医用设备	
药品、设备与材料	WHCT98.00.016	设备代码	A99	其他单价在 500 万元以上的医用设备	
药品、设备与材料	WHCT98.00.016	大型设备分类代码	A01	重离子放射治疗系统	甲类
药品、设备与材料	WHCT98.00.016	大型设备分类代码	A02	质子放射治疗系统	甲类
药品、设备与材料	WHCT98.00.016	大型设备分类代码	A03	正电子发射型磁共振成像系统（英文简称PET/MR）	甲类
药品、设备与材料	WHCT98.00.016	大型设备分类代码	A04	高端放射治疗设备。指集合了多模态影像、	甲类,指集合了多模态影像、人工智能、复杂动态调强、高精度大剂量率等精确放疗技术的放射治疗设备， 目前包括X线立体定向放射治疗系统（英文简称Cyberknife）、 螺旋断层放射治疗系统（英文简称Tomo）HD和HDA两个型号、 Edge 和Versa HD等型号直线加速器。
药品、设备与材料	WHCT98.00.016	大型设备分类代码	A05	首次配置的单台(套)价格在3000万元人民币(或400万美元)及以上的大型医疗器械	甲类,指集合了多模态影像、人工智能、复杂动态调强、高精度大剂量率等精确放疗技术的放射治疗设备， 目前包括X线立体定向放射治疗系统（英文简称Cyberknife）、 螺旋断层放射治疗系统（英文简称Tomo）HD和HDA两个型号、 Edge 和Versa HD等型号直线加速器。
药品、设备与材料	WHCT98.00.016	大型设备分类代码	B01	X线正电子发射断层扫描仪（英文简称PET/CT，含PET)	乙类
药品、设备与材料	WHCT98.00.016	大型设备分类代码	B02	内窥镜手术器械控制系统（手术机器人）	乙类
药品、设备与材料	WHCT98.00.016	大型设备分类代码	B03	64排及以上X线计算机断层扫描仪（64排及以上CT）	乙类
药品、设备与材料	WHCT98.00.016	大型设备分类代码	B04	1.5T及以上磁共振成像系统（1.5T及以上MR）	乙类
药品、设备与材料	WHCT98.00.016	大型设备分类代码	B05	直线加速器（含X刀，不包括列入甲类管理目录的放射治疗设备）	乙类
药品、设备与材料	WHCT98.00.016	大型设备分类代码	B06	伽玛射线立体定向放射治疗系统（包括用于头部、体部和全身）	乙类
药品、设备与材料	WHCT98.00.016	大型设备分类代码	B07	首次配置的单台（套）价格在1000-3000万元人民币的大型医疗器械	乙类
药品、设备与材料	CT98.00.017	材料分类字典	A	介入	
药品、设备与材料	CT98.00.017	材料分类字典	B	扩张	
药品、设备与材料	CT98.00.017	材料分类字典	C	栓塞	
药品、设备与材料	CT98.00.017	材料分类字典	D	充填	
药品、设备与材料	CT98.00.017	材料分类字典	E	修补	
药品、设备与材料	CT98.00.017	材料分类字典	F	置换	
药品、设备与材料	CT98.00.017	材料分类字典	G	内固定	
药品、设备与材料	CT98.00.017	材料分类字典	H	外固定	
药品、设备与材料	CT98.00.017	材料分类字典	J	传导	
药品、设备与材料	CT98.00.017	材料分类字典	K	管路	
药品、设备与材料	CT98.00.017	材料分类字典	M	容器	
药品、设备与材料	CT98.00.017	材料分类字典	N	过滤吸附分离	
药品、设备与材料	CT98.00.017	材料分类字典	P	注射与穿刺	
药品、设备与材料	CT98.00.017	材料分类字典	Q	缝合	
药品、设备与材料	CT98.00.017	材料分类字典	R	粘合与止血	
药品、设备与材料	CT98.00.017	材料分类字典	S	敷料与护创	
药品、设备与材料	CT98.00.017	材料分类字典	T	口腔	
药品、设备与材料	CT98.00.017	材料分类字典	U	中医及民族医	
药品、设备与材料	CT98.00.017	材料分类字典	V	手术器械和工具	
药品、设备与材料	CT98.00.017	材料分类字典	W	诊断试剂	
药品、设备与材料	CT98.00.017	材料分类字典	X	低值耗材	
药品、设备与材料	CT98.00.017	材料分类字典	Z	其他	
药品、设备与材料	CT98.00.019	医疗设备项目分类	101	X 线正电子发射型电子计算机断层扫描仪（PET-CT，包括正电子发射型断层仪即PET）	01 甲类
药品、设备与材料	CT98.00.019	医疗设备项目分类	102	伽玛射线立体定位治疗系统（γ刀）	01 甲类
药品、设备与材料	CT98.00.019	医疗设备项目分类	103	医用电子回旋加速治疗系统（MM50）	01 甲类
药品、设备与材料	CT98.00.019	医疗设备项目分类	104	质子治疗系统。	01 甲类
药品、设备与材料	CT98.00.019	医疗设备项目分类	105	其它单价在 500 万元及以上的大型医用设备	01 甲类
药品、设备与材料	CT98.00.019	医疗设备项目分类	201	X 线电子计算机断层扫描装置（CT）	02 乙类
药品、设备与材料	CT98.00.019	医疗设备项目分类	202	医用核磁共振成像设备（MRI）	02 乙类
药品、设备与材料	CT98.00.019	医疗设备项目分类	203	数字减影血管造影 X 线机（DSA）	02 乙类
药品、设备与材料	CT98.00.019	医疗设备项目分类	204	医用电子直线加速器（LA）	02 乙类
药品、设备与材料	CT98.00.019	医疗设备项目分类	205	单光子发射型电子计算机断层扫描装置（SPECT）	02 乙类
药品、设备与材料	CT98.00.020	医疗设备产地	01	进口	
药品、设备与材料	CT98.00.020	医疗设备产地	02	国产	
药品、设备与材料	CT98.00.020	医疗设备产地	03	合资	
药品、设备与材料	CT98.00.021	医疗设备使用情况	01	启用	
药品、设备与材料	CT98.00.021	医疗设备使用情况	02	未启用	
药品、设备与材料	CT98.00.021	医疗设备使用情况	03	报废	
药品、设备与材料	CV08.50.002	药物剂型代码	00	原料	
药品、设备与材料	CV08.50.002	药物剂型代码	01	片剂(素片,压制片),浸膏片,非包衣片	
药品、设备与材料	CV08.50.002	药物剂型代码	02	糖衣片,包衣片,薄膜衣片	
药品、设备与材料	CV08.50.002	药物剂型代码	03	咀嚼片,糖片,异型片,糖胶片	
药品、设备与材料	CV08.50.002	药物剂型代码	04	肠溶片(肠衣片)	
药品、设备与材料	CV08.50.002	药物剂型代码	05	调释片,缓释片,控释片,长效片	
药品、设备与材料	CV08.50.002	药物剂型代码	06	泡腾片	
药品、设备与材料	CV08.50.002	药物剂型代码	07	舌下片	
药品、设备与材料	CV08.50.002	药物剂型代码	08	含片,嗽口片(含嗽片),喉症片(喉片),口腔粘附片	
药品、设备与材料	CV08.50.002	药物剂型代码	09	外用片,外用膜,坐药片,环型片	
药品、设备与材料	CV08.50.002	药物剂型代码	10	阴道片,外用阴道膜,阴道用药,阴道栓片	
药品、设备与材料	CV08.50.002	药物剂型代码	11	水溶片,眼药水片	
药品、设备与材料	CV08.50.002	药物剂型代码	12	分散片(适应片)	
药品、设备与材料	CV08.50.002	药物剂型代码	13	纸片(纸型片),膜片(薄膜片)	
药品、设备与材料	CV08.50.002	药物剂型代码	14	丸剂,药丸,眼丸,耳丸,糖丸,糖衣丸,浓缩丸,调释丸,水丸	
药品、设备与材料	CV08.50.002	药物剂型代码	15	粉针剂(冻干粉针剂),冻干粉	
药品、设备与材料	CV08.50.002	药物剂型代码	16	注射液(水针剂),油针剂,混悬针剂	
药品、设备与材料	CV08.50.002	药物剂型代码	17	注射溶媒(在 16 有冲突时,可代油针剂,混悬针剂)	
药品、设备与材料	CV08.50.002	药物剂型代码	18	输液剂,血浆代用品	
药品、设备与材料	CV08.50.002	药物剂型代码	19	胶囊剂,硬胶囊	
药品、设备与材料	CV08.50.002	药物剂型代码	20	软胶囊,滴丸,胶丸	
药品、设备与材料	CV08.50.002	药物剂型代码	21	肠溶胶囊,肠溶胶丸	
药品、设备与材料	CV08.50.002	药物剂型代码	22	调释胶囊,控释胶囊,缓释胶囊	
药品、设备与材料	CV08.50.002	药物剂型代码	23	溶液剂,含漱液,内服混悬液	
药品、设备与材料	CV08.50.002	药物剂型代码	24	合剂	
药品、设备与材料	CV08.50.002	药物剂型代码	25	乳剂,乳胶	
药品、设备与材料	CV08.50.002	药物剂型代码	26	凝胶剂,胶剂(胶体),胶冻,胶体微粒	
药品、设备与材料	CV08.50.002	药物剂型代码	27	胶浆剂	
药品、设备与材料	CV08.50.002	药物剂型代码	28	芳香水剂(露剂)	
药品、设备与材料	CV08.50.002	药物剂型代码	29	滴剂	
药品、设备与材料	CV08.50.002	药物剂型代码	30	糖浆剂(蜜浆剂)	
药品、设备与材料	CV08.50.002	药物剂型代码	31	口服液	
药品、设备与材料	CV08.50.002	药物剂型代码	32	浸膏剂	
药品、设备与材料	CV08.50.002	药物剂型代码	33	流浸膏剂	
药品、设备与材料	CV08.50.002	药物剂型代码	34	酊剂	
药品、设备与材料	CV08.50.002	药物剂型代码	35	醑剂	
药品、设备与材料	CV08.50.002	药物剂型代码	36	酏剂	
药品、设备与材料	CV08.50.002	药物剂型代码	37	洗剂,阴道冲洗剂	
药品、设备与材料	CV08.50.002	药物剂型代码	38	搽剂(涂剂,擦剂),外用混悬液剂	
药品、设备与材料	CV08.50.002	药物剂型代码	39	油剂,甘油剂	
药品、设备与材料	CV08.50.002	药物剂型代码	40	棉胶剂(火棉胶剂)	
药品、设备与材料	CV08.50.002	药物剂型代码	41	涂膜剂	
药品、设备与材料	CV08.50.002	药物剂型代码	42	涂布剂	
药品、设备与材料	CV08.50.002	药物剂型代码	43	滴眼剂,洗眼剂,粉剂眼花缭乱药	
药品、设备与材料	CV08.50.002	药物剂型代码	44	滴鼻剂,洗鼻剂	
药品、设备与材料	CV08.50.002	药物剂型代码	45	滴耳剂,洗耳剂	
药品、设备与材料	CV08.50.002	药物剂型代码	46	口腔药剂,口腔用药,牙科用药	
药品、设备与材料	CV08.50.002	药物剂型代码	47	灌肠剂	
药品、设备与材料	CV08.50.002	药物剂型代码	48	软膏剂(油膏剂,水膏剂)	
药品、设备与材料	CV08.50.002	药物剂型代码	49	霜剂(乳膏剂)	
药品、设备与材料	CV08.50.002	药物剂型代码	50	糊剂	
药品、设备与材料	CV08.50.002	药物剂型代码	51	硬膏剂,橡皮膏	
药品、设备与材料	CV08.50.002	药物剂型代码	52	眼膏剂	
药品、设备与材料	CV08.50.002	药物剂型代码	53	散剂(内服散剂,外用散剂,粉剂,撒布粉	
药品、设备与材料	CV08.50.002	药物剂型代码	54	颗粒剂(冲剂),晶剂(结晶,晶体),干糖浆	
药品、设备与材料	CV08.50.002	药物剂型代码	55	泡腾颗粒剂	
药品、设备与材料	CV08.50.002	药物剂型代码	56	调释颗粒剂,缓释颗粒剂	
药品、设备与材料	CV08.50.002	药物剂型代码	57	气雾剂,水雾剂,(加抛射剂)	
药品、设备与材料	CV08.50.002	药物剂型代码	58	喷雾剂,(不加抛射剂)	
药品、设备与材料	CV08.50.002	药物剂型代码	59	混悬雾剂,(水,气,粉三相)	
药品、设备与材料	CV08.50.002	药物剂型代码	60	吸入药剂(鼻吸式),粉雾剂	
药品、设备与材料	CV08.50.002	药物剂型代码	61	膜剂(口腔膜)	
药品、设备与材料	CV08.50.002	药物剂型代码	62	海绵剂	
药品、设备与材料	CV08.50.002	药物剂型代码	63	栓剂,痔疮栓,耳栓	
药品、设备与材料	CV08.50.002	药物剂型代码	64	植入栓	
药品、设备与材料	CV08.50.002	药物剂型代码	65	透皮剂,贴剂(贴膏,贴膜),贴片	
药品、设备与材料	CV08.50.002	药物剂型代码	66	控释透皮剂,控释贴片,控释口颊片	
药品、设备与材料	CV08.50.002	药物剂型代码	67	划痕剂	
药品、设备与材料	CV08.50.002	药物剂型代码	68	珠链(泥珠链)	
药品、设备与材料	CV08.50.002	药物剂型代码	69	锭剂,糖锭	
药品、设备与材料	CV08.50.002	药物剂型代码	70	微囊胶囊(微丸胶囊)	
药品、设备与材料	CV08.50.002	药物剂型代码	71	干混悬剂(干悬乳剂\口服乳干粉)	
药品、设备与材料	CV08.50.002	药物剂型代码	72	吸放剂(气体)	
药品、设备与材料	CV08.50.002	药物剂型代码	90	试剂盒(诊断用试剂),药盒	
药品、设备与材料	CV08.50.002	药物剂型代码	99	其它剂型(空心胶囊,绷带,纱布,胶布	
药品、设备与材料	WHCV5301.06	药物类型代码	0100	抗生素类抗感染药物	
药品、设备与材料	WHCV5301.06	药物类型代码	0101	青霉素类抗生素	
药品、设备与材料	WHCV5301.06	药物类型代码	0102	头孢菌素类抗生素	
药品、设备与材料	WHCV5301.06	药物类型代码	0103	氨基糖苷类抗生素	
药品、设备与材料	WHCV5301.06	药物类型代码	0104	酰胺醇类抗生素	
药品、设备与材料	WHCV5301.06	药物类型代码	0105	四环素类抗生素	
药品、设备与材料	WHCV5301.06	药物类型代码	0106	大环内酯类抗生素	
药品、设备与材料	WHCV5301.06	药物类型代码	0107	多肽类抗生素	
药品、设备与材料	WHCV5301.06	药物类型代码	0108	β-内酰胺酶抑制剂	
药品、设备与材料	WHCV5301.06	药物类型代码	0109	林可胺类抗生素	
药品、设备与材料	WHCV5301.06	药物类型代码	0110	利福霉素类抗生素	
药品、设备与材料	WHCV5301.06	药物类型代码	0111	多烯类抗生素	
药品、设备与材料	WHCV5301.06	药物类型代码	0199	其它抗生素类抗感染药	
药品、设备与材料	WHCV5301.06	药物类型代码	0200	非抗生素类抗感染药物	
药品、设备与材料	WHCV5301.06	药物类型代码	0201	磺胺类药及增效剂	
药品、设备与材料	WHCV5301.06	药物类型代码	0202	喹诺酮类抗感染药	
药品、设备与材料	WHCV5301.06	药物类型代码	0203	抗结核麻风分枝杆菌类药	
药品、设备与材料	WHCV5301.06	药物类型代码	0204	抗真菌类药	
药品、设备与材料	WHCV5301.06	药物类型代码	0205	抗病毒类药	
药品、设备与材料	WHCV5301.06	药物类型代码	0206	抗螺旋体类药	
药品、设备与材料	WHCV5301.06	药物类型代码	0207	天然来源抗感染药	
药品、设备与材料	WHCV5301.06	药物类型代码	0208	硝基呋喃类抗感染药	
药品、设备与材料	WHCV5301.06	药物类型代码	0209	消毒防腐药	
药品、设备与材料	WHCV5301.06	药物类型代码	0299	其它非抗生素类抗感染药	
药品、设备与材料	WHCV5301.06	药物类型代码	0300	抗寄生虫病药物	
药品、设备与材料	WHCV5301.06	药物类型代码	0301	抗吸虫病药	
药品、设备与材料	WHCV5301.06	药物类型代码	0302	抗疟药	
药品、设备与材料	WHCV5301.06	药物类型代码	0303	驱肠虫药	
药品、设备与材料	WHCV5301.06	药物类型代码	0304	抗丝虫病及抗黑热病药	
药品、设备与材料	WHCV5301.06	药物类型代码	0305	抗阿米巴及抗滴虫病药	
药品、设备与材料	WHCV5301.06	药物类型代码	0399	其它抗寄生虫病药	
药品、设备与材料	WHCV5301.06	药物类型代码	0400	解热镇痛药物	
药品、设备与材料	WHCV5301.06	药物类型代码	0401	解热镇痛药	
药品、设备与材料	WHCV5301.06	药物类型代码	0402	非成瘾性镇痛药	
药品、设备与材料	WHCV5301.06	药物类型代码	0403	抗炎镇痛药	
药品、设备与材料	WHCV5301.06	药物类型代码	0404	抗痛风药	
药品、设备与材料	WHCV5301.06	药物类型代码	0405	抗偏头痛药	
药品、设备与材料	WHCV5301.06	药物类型代码	0499	其它解热镇痛药	
药品、设备与材料	WHCV5301.06	药物类型代码	0500	麻醉用药物	
药品、设备与材料	WHCV5301.06	药物类型代码	0501	全身麻醉药	
药品、设备与材料	WHCV5301.06	药物类型代码	0502	局部麻醉药	
药品、设备与材料	WHCV5301.06	药物类型代码	0503	麻醉辅助药	
药品、设备与材料	WHCV5301.06	药物类型代码	0599	其它麻醉用药	
药品、设备与材料	WHCV5301.06	药物类型代码	0600	维生素类与矿物质类药物	
药品、设备与材料	WHCV5301.06	药物类型代码	0601	维生素 AD 属	
药品、设备与材料	WHCV5301.06	药物类型代码	0602	维生素 B 属	
药品、设备与材料	WHCV5301.06	药物类型代码	0603	维生素 C 属及其它属	
药品、设备与材料	WHCV5301.06	药物类型代码	0604	复合维生素类	
药品、设备与材料	WHCV5301.06	药物类型代码	0605	微量元素与矿物质	
药品、设备与材料	WHCV5301.06	药物类型代码	0606	滋补营养药	
药品、设备与材料	WHCV5301.06	药物类型代码	0699	其它营养类药	
药品、设备与材料	WHCV5301.06	药物类型代码	0700	酶类及其它生化药物	
药品、设备与材料	WHCV5301.06	药物类型代码	0701	酶及辅酶类药	
药品、设备与材料	WHCV5301.06	药物类型代码	0702	氨基酸及蛋白质类药	
药品、设备与材料	WHCV5301.06	药物类型代码	0703	复方氨基酸类药	
药品、设备与材料	WHCV5301.06	药物类型代码	0704	多糖及脂类药	
药品、设备与材料	WHCV5301.06	药物类型代码	0705	核酸类药	
药品、设备与材料	WHCV5301.06	药物类型代码	0799	其他生化药	
药品、设备与材料	WHCV5301.06	药物类型代码	0800	激素及调节内分泌功能类药物	
药品、设备与材料	WHCV5301.06	药物类型代码	0801	肾上腺皮质激素类药	
药品、设备与材料	WHCV5301.06	药物类型代码	080101	糖皮质激素	ATC药理学分类
药品、设备与材料	WHCV5301.06	药物类型代码	0802	促肾上腺皮质激素类药	
药品、设备与材料	WHCV5301.06	药物类型代码	0803	雄激素及同化激素类药	
药品、设备与材料	WHCV5301.06	药物类型代码	0804	雌激素及孕激素类药	
药品、设备与材料	WHCV5301.06	药物类型代码	0805	促性激素类药	
药品、设备与材料	WHCV5301.06	药物类型代码	0806	避孕药	
药品、设备与材料	WHCV5301.06	药物类型代码	0807	子宫收缩药及抗生育药	
药品、设备与材料	WHCV5301.06	药物类型代码	0808	胰腺激素及其它调节血糖药	
药品、设备与材料	WHCV5301.06	药物类型代码	0809	甲状腺激素及抗甲状腺药	
药品、设备与材料	WHCV5301.06	药物类型代码	0810	前列腺素类药	
药品、设备与材料	WHCV5301.06	药物类型代码	0899	其它激素及调节内分泌功能类药	
药品、设备与材料	WHCV5301.06	药物类型代码	0900	调节免疫功能药物	
药品、设备与材料	WHCV5301.06	药物类型代码	0901	免疫抑制剂	
药品、设备与材料	WHCV5301.06	药物类型代码	0902	生物反应调节剂	
药品、设备与材料	WHCV5301.06	药物类型代码	0999	其它调节免疫功能药	
药品、设备与材料	WHCV5301.06	药物类型代码	1000	抗肿瘤药物	
药品、设备与材料	WHCV5301.06	药物类型代码	1001	烷化剂类抗肿瘤药	
药品、设备与材料	WHCV5301.06	药物类型代码	1002	抗代谢类抗肿瘤药物	
药品、设备与材料	WHCV5301.06	药物类型代码	1003	抗生素类抗肿瘤药	
药品、设备与材料	WHCV5301.06	药物类型代码	1004	天然来源类抗肿瘤药	
药品、设备与材料	WHCV5301.06	药物类型代码	1005	激素类抗肿瘤药	
药品、设备与材料	WHCV5301.06	药物类型代码	1099	其它抗肿瘤药	
药品、设备与材料	WHCV5301.06	药物类型代码	1100	抗变态反应药物	
药品、设备与材料	WHCV5301.06	药物类型代码	1101	抗组织胺药	
药品、设备与材料	WHCV5301.06	药物类型代码	1102	过敏反应介质阻滞剂	
药品、设备与材料	WHCV5301.06	药物类型代码	1199	其它抗变态反应药	
药品、设备与材料	WHCV5301.06	药物类型代码	1200	神经系统用药物	
药品、设备与材料	WHCV5301.06	药物类型代码	1201	中枢兴奋药	
药品、设备与材料	WHCV5301.06	药物类型代码	1202	镇静催眠药	
药品、设备与材料	WHCV5301.06	药物类型代码	1203	抗精神病药	
药品、设备与材料	WHCV5301.06	药物类型代码	1204	抗抑郁躁狂药	
药品、设备与材料	WHCV5301.06	药物类型代码	1205	抗焦虑药	
药品、设备与材料	WHCV5301.06	药物类型代码	1206	抗癫痫及抗惊厥药	
药品、设备与材料	WHCV5301.06	药物类型代码	1207	抗震颤麻痹药	
药品、设备与材料	WHCV5301.06	药物类型代码	1209	作用于植物神经系统药	
药品、设备与材料	WHCV5301.06	药物类型代码	1299	其它神经系统用药	
药品、设备与材料	WHCV5301.06	药物类型代码	1300	呼吸系统用药物	
药品、设备与材料	WHCV5301.06	药物类型代码	1301	祛痰药	
药品、设备与材料	WHCV5301.06	药物类型代码	1302	镇咳药	
药品、设备与材料	WHCV5301.06	药物类型代码	1303	平喘药	
药品、设备与材料	WHCV5301.06	药物类型代码	1399	其它呼吸系统用药	
药品、设备与材料	WHCV5301.06	药物类型代码	1400	消化系统用药物	
药品、设备与材料	WHCV5301.06	药物类型代码	1401	抗酸及治溃疡病药	
药品、设备与材料	WHCV5301.06	药物类型代码	140101	质子泵抑制剂	ATC药理学分类
药品、设备与材料	WHCV5301.06	药物类型代码	1402	健胃助消化药	
药品、设备与材料	WHCV5301.06	药物类型代码	1403	胃肠解痉药	
药品、设备与材料	WHCV5301.06	药物类型代码	1404	止吐催吐药	
药品、设备与材料	WHCV5301.06	药物类型代码	1405	泻药止泻药	
药品、设备与材料	WHCV5301.06	药物类型代码	1406	食欲抑制药及其它减肥药	
药品、设备与材料	WHCV5301.06	药物类型代码	1407	肝病辅助药	
药品、设备与材料	WHCV5301.06	药物类型代码	1408	利胆药	
药品、设备与材料	WHCV5301.06	药物类型代码	1409	治痔药	
药品、设备与材料	WHCV5301.06	药物类型代码	1499	其它消化系统用药	
药品、设备与材料	WHCV5301.06	药物类型代码	1500	循环系统用药物	
药品、设备与材料	WHCV5301.06	药物类型代码	1501	强心药	
药品、设备与材料	WHCV5301.06	药物类型代码	1502	抗心律失常药	
药品、设备与材料	WHCV5301.06	药物类型代码	1503	防治心绞痛药	
药品、设备与材料	WHCV5301.06	药物类型代码	1504	抗高血压病药	
药品、设备与材料	WHCV5301.06	药物类型代码	1505	抗休克血管活性药	
药品、设备与材料	WHCV5301.06	药物类型代码	1506	周围血管扩张药	
药品、设备与材料	WHCV5301.06	药物类型代码	1507	调节血脂药	
药品、设备与材料	WHCV5301.06	药物类型代码	1599	其它循环系统用药	
药品、设备与材料	WHCV5301.06	药物类型代码	1600	泌尿系统用药物	
药品、设备与材料	WHCV5301.06	药物类型代码	1601	利尿药	
药品、设备与材料	WHCV5301.06	药物类型代码	1602	脱水药	
药品、设备与材料	WHCV5301.06	药物类型代码	1603	尿崩症用药	
药品、设备与材料	WHCV5301.06	药物类型代码	1699	其它泌尿系统用药	
药品、设备与材料	WHCV5301.06	药物类型代码	1700	血液系统用药物	
药品、设备与材料	WHCV5301.06	药物类型代码	1701	止血药	
药品、设备与材料	WHCV5301.06	药物类型代码	1702	血浆及血容量扩充制	
药品、设备与材料	WHCV5301.06	药物类型代码	1703	抗贫血药	
药品、设备与材料	WHCV5301.06	药物类型代码	1704	促白细胞增生药	
药品、设备与材料	WHCV5301.06	药物类型代码	1705	促血小板增生药	
药品、设备与材料	WHCV5301.06	药物类型代码	1799	其它血液系统用药	
药品、设备与材料	WHCV5301.06	药物类型代码	1800	水\电解质及酸碱平衡调节药物	
药品、设备与材料	WHCV5301.06	药物类型代码	1801	葡萄糖类药	
药品、设备与材料	WHCV5301.06	药物类型代码	1802	电解质平衡调节药	
药品、设备与材料	WHCV5301.06	药物类型代码	1803	酸硷平衡调节药	
药品、设备与材料	WHCV5301.06	药物类型代码	1899	其它水\电解质及酸碱平衡调节药	
药品、设备与材料	WHCV5301.06	药物类型代码	1900	专科用药物	
药品、设备与材料	WHCV5301.06	药物类型代码	1901	外科用药	
药品、设备与材料	WHCV5301.06	药物类型代码	1902	皮肤科用药	
药品、设备与材料	WHCV5301.06	药物类型代码	1903	眼科用药	
药品、设备与材料	WHCV5301.06	药物类型代码	1904	耳鼻喉科用药	
药品、设备与材料	WHCV5301.06	药物类型代码	1905	口腔科用药	
药品、设备与材料	WHCV5301.06	药物类型代码	1906	妇产科用药	
药品、设备与材料	WHCV5301.06	药物类型代码	1907	解毒药	
药品、设备与材料	WHCV5301.06	药物类型代码	1908	放射性同位素药	
药品、设备与材料	WHCV5301.06	药物类型代码	1999	其它专科用药	
药品、设备与材料	WHCV5301.06	药物类型代码	2000	诊断用药物	
药品、设备与材料	WHCV5301.06	药物类型代码	2001	X 线造影剂	
药品、设备与材料	WHCV5301.06	药物类型代码	2002	器官功能检查剂	
药品、设备与材料	WHCV5301.06	药物类型代码	2099	其它诊断用药	
药品、设备与材料	WHCV5301.06	药物类型代码	2100	生物制品	
药品、设备与材料	WHCV5301.06	药物类型代码	2101	菌苗	
药品、设备与材料	WHCV5301.06	药物类型代码	2102	疫苗	
药品、设备与材料	WHCV5301.06	药物类型代码	2103	毒素	
药品、设备与材料	WHCV5301.06	药物类型代码	2104	类毒素	
药品、设备与材料	WHCV5301.06	药物类型代码	2105	抗毒素	
药品、设备与材料	WHCV5301.06	药物类型代码	2106	抗血清	
药品、设备与材料	WHCV5301.06	药物类型代码	2107	血液制品	
药品、设备与材料	WHCV5301.06	药物类型代码	2108	细胞因子	
药品、设备与材料	WHCV5301.06	药物类型代码	2109	体内诊断用生物制品	
药品、设备与材料	WHCV5301.06	药物类型代码	2110	细菌类体外诊断用生物制品	
药品、设备与材料	WHCV5301.06	药物类型代码	2111	病毒类体外诊断用生物制品	
药品、设备与材料	WHCV5301.06	药物类型代码	2112	立克次代本类体外诊断用生物制品	
药品、设备与材料	WHCV5301.06	药物类型代码	2113	血液\免疫类体外诊断用生物制品	
药品、设备与材料	WHCV5301.06	药物类型代码	2114	其它类体外诊断用生物制品	
药品、设备与材料	WHCV5301.06	药物类型代码	2199	其它生物制品	
药品、设备与材料	WHCV5301.06	药物类型代码	2200	制剂辅料	
药品、设备与材料	WHCV5301.06	药物类型代码	2201	制剂稳定性辅料	
药品、设备与材料	WHCV5301.06	药物类型代码	2202	固体制剂辅料	
药品、设备与材料	WHCV5301.06	药物类型代码	2203	半固体制剂辅料	
药品、设备与材料	WHCV5301.06	药物类型代码	2204	液体制剂辅料	
药品、设备与材料	WHCV5301.06	药物类型代码	2299	其它制剂辅料	
药品、设备与材料	WHCV5301.06	药物类型代码	2300	特殊管理药物	
药品、设备与材料	WHCV5301.06	药物类型代码	2301	麻醉药品	
药品、设备与材料	WHCV5301.06	药物类型代码	2302	精神药品第一类	
药品、设备与材料	WHCV5301.06	药物类型代码	2303	精神药品第二类	
药品、设备与材料	WHCV5301.06	药物类型代码	2304	放射性药品	药事云需求新增
药品、设备与材料	WHCV5301.06	药物类型代码	2305	医疗用毒性药品	
药品、设备与材料	WHCV5301.06	药物类型代码	2306	药品类易制毒化学品	
药品、设备与材料	WHCV5301.06	药物类型代码	2399	其它特殊管理药品	
药品、设备与材料	WHCV5301.06	药物类型代码	9900	其它化学药物	
药品、设备与材料	WHCV5301.06	药物类型代码	9901	三防特殊用药	
药品、设备与材料	WHCV5301.06	药物类型代码	9902	卫生防疫用药	
药品、设备与材料	WHCV5301.06	药物类型代码	9999	其它化学药	
药品、设备与材料	WHCT08.50.101	药品大类	1	西药	
药品、设备与材料	WHCT08.50.101	药品大类	2	中成药	
药品、设备与材料	WHCT08.50.101	药品大类	3	中草药	
药品、设备与材料	WHCT08.50.102	项目分类	10	药品	
药品、设备与材料	WHCT08.50.102	项目分类	20	诊疗	
药品、设备与材料	WHCT08.50.102	项目分类	30	材料	
药品、设备与材料	WHCT08.50.102	项目分类	99	其他	
药品、设备与材料	WHCV08.50.012	药品使用类别代码	00	非药品	
药品、设备与材料	WHCV08.50.012	药品使用类别代码	1	中草药(即饮片）	
药品、设备与材料	WHCV08.50.012	药品使用类别代码	11	毒麻处方	
药品、设备与材料	WHCV08.50.012	药品使用类别代码	12	精神1类处方	
药品、设备与材料	WHCV08.50.012	药品使用类别代码	13	精神2类处方	
药品、设备与材料	WHCV08.50.012	药品使用类别代码	14	放射药品处方	
药品、设备与材料	WHCV08.50.012	药品使用类别代码	15	静脉输液处方	
药品、设备与材料	WHCV08.50.012	药品使用类别代码	2	中成药	
药品、设备与材料	WHCV08.50.012	药品使用类别代码	3	其他中药	
药品、设备与材料	WHCV08.50.012	药品使用类别代码	4	门诊西药	
药品、设备与材料	WHCV08.50.012	药品使用类别代码	99	其他药品处方	
药品、设备与材料	WHCV08.50.013	用药目的代码表	1	预防	
药品、设备与材料	WHCV08.50.013	用药目的代码表	11	术前预防	
药品、设备与材料	WHCV08.50.013	用药目的代码表	12	术后预防	
药品、设备与材料	WHCV08.50.013	用药目的代码表	2	应急	
药品、设备与材料	WHCV08.50.013	用药目的代码表	3	治疗	
药品、设备与材料	WHCV08.50.013	用药目的代码表	9	其他	
药品、设备与材料	WHCV08.50.015	床位占用状态	1	病人占用	
药品、设备与材料	WHCV08.50.015	床位占用状态	2	空置可用	
药品、设备与材料	WHCV08.50.015	床位占用状态	3	转床预留	
药品、设备与材料	WHCV08.50.015	床位占用状态	4	入院预留	
药品、设备与材料	WHCV08.50.015	床位占用状态	9	陪护占床	
药品、设备与材料	WHCV08.50.016	重症监护床位类型	1	重监护床	
药品、设备与材料	WHCV08.50.016	重症监护床位类型	2	不可转换重症监护的普通床	
药品、设备与材料	WHCV08.50.016	重症监护床位类型	3	可转换重症监护的普通床	
卫生管理	CT98.00.002	基本数字项目	10051001	本期总诊疗人次数	
卫生管理	CT98.00.002	基本数字项目	10081101	实有床位数	
卫生管理	CT98.00.002	基本数字项目	10081108	平均开放床位	
卫生管理	CT98.00.002	基本数字项目	10081109	编制床位	
卫生管理	CT98.00.002	基本数字项目	10081110	在职职工人数	
卫生管理	CT98.00.002	基本数字项目	10081111	实际占用总床日	
卫生管理	CT98.00.002	基本数字项目	10081201	实际开放特需服务床位数	
卫生管理	CT98.00.002	基本数字项目	10081202	实际使用特需服务床位数	
卫生管理	CT98.00.002	基本数字项目	10081203	实际开放负压床位数	
卫生管理	CT98.00.002	基本数字项目	10081204	实际使用负压床位数	
卫生管理	CT98.00.002	基本数字项目	10081205	重症医学科实际开放床位数	
卫生管理	CT98.00.002	基本数字项目	10081206	重症医学科实际使用床位数	
卫生管理	CT98.00.002	基本数字项目	10081207	急诊留观实际开放床位数	
卫生管理	CT98.00.002	基本数字项目	10081208	急诊留观实际使用床位数	
卫生管理	CT98.00.002	基本数字项目	10081209	实际开放康复床位数	
卫生管理	CT98.00.002	基本数字项目	10081210	实际使用康复床位数	
卫生管理	CT98.00.002	基本数字项目	10081211	总空床数	
卫生管理	CT98.00.002	基本数字项目	10081212	麻醉科固定在岗人数	
卫生管理	CT98.00.002	基本数字项目	18902001	期末专业设备净值	
卫生管理	CT98.00.002	基本数字项目	20000113	实际开放总床日数	
卫生管理	CT98.00.002	基本数字项目	20000114	本部院区实际开放床位	
卫生管理	CT98.00.002	基本数字项目	20199001	本期单位工资总额	按人事司意见新增
卫生管理	CT98.00.002	基本数字项目	20199002	本期绩效工资总额	按人事司意见新增
卫生管理	CT98.00.002	基本数字项目	40010110	编制人数	
卫生管理	CT98.00.002	基本数字项目	40010111	助理医师数	
卫生管理	CT98.00.002	基本数字项目	40010112	执业医师数	
卫生管理	CT98.00.002	基本数字项目	40010190	期末总会计师	
卫生管理	CT98.00.002	基本数字项目	40010191	期末财会人员数	
卫生管理	CT98.00.002	基本数字项目	40010192	期末纳入社会养老保险离退休人数	
卫生管理	CT98.00.002	基本数字项目	40010193	期末在院学生人数	
卫生管理	CT98.00.002	基本数字项目	40010281	期末在编在职人数	
卫生管理	CT98.00.002	基本数字项目	40010282	期末合同制人数	
卫生管理	CT98.00.002	基本数字项目	40010283	期末离退休人数	
卫生管理	CT98.00.002	基本数字项目	90030040	大病医保收入	
卫生管理	CT98.00.002	基本数字项目	90030041	大病医保个人负担总额	
卫生管理	CT98.00.002	基本数字项目	90051006	期末甲乙类大型医用设备台数	
卫生管理	CT98.00.002	基本数字项目	90051096	SCI 论文数；	
卫生管理	CT98.00.002	基本数字项目	90051097	期末新立课题数	
卫生管理	CT98.00.002	基本数字项目	90051098	期末新增业务用房面积	
卫生管理	CT98.00.002	基本数字项目	90051099	期末业务用房面积；	
卫生管理	CT98.00.002	基本数字项目	90052090	本期中药饮片总采购额	
卫生管理	CT98.00.002	基本数字项目	90052091	本期中药饮片总销售额	
卫生管理	CT98.00.002	基本数字项目	90052092	本期中药颗粒剂总采购额	
卫生管理	CT98.00.002	基本数字项目	90052093	本期中药颗粒剂总销售额	
卫生管理	CT98.00.002	基本数字项目	90052094	本期医用耗材总采购额	
卫生管理	CT98.00.002	基本数字项目	90052095	本期医用耗材总销售额	
卫生管理	WHCT09.00.003	密级_病种的权限控制	0	无须病种控制	
卫生管理	WHCT09.00.003	密级_病种的权限控制	1	恶性肿瘤	
卫生管理	WHCT09.00.003	密级_病种的权限控制	2	性病艾滋病	
卫生管理	WHCT09.00.003	密级_病种的权限控制	3	其他不治之症	
卫生管理	WHCT09.00.003	密级_病种的权限控制	4	精神类病	
卫生管理	WHCT09.00.003	密级_病种的权限控制	9	其他	
卫生管理	WHCT09.00.004	密级_患者特控申明	0	无特控	
卫生管理	WHCT09.00.004	密级_患者特控申明	1	患者申明特控	
卫生管理	WHCT09.00.005	机构性质	A	医疗机构	
卫生管理	WHCT09.00.005	机构性质	B	社区	
卫生管理	WHCT09.00.005	机构性质	P	区级平台	
卫生管理	WHCT09.00.006	重点专科级别	0	非	
卫生管理	WHCT09.00.006	重点专科级别	1	院	
卫生管理	WHCT09.00.006	重点专科级别	2	市	
卫生管理	WHCT09.00.006	重点专科级别	3	省	
卫生管理	WHCT09.00.006	重点专科级别	4	国	
卫生管理	WHCT09.00.007	重症监护室代码	61	重症监护室（科）	综合ICU
卫生管理	WHCT09.00.007	重症监护室代码	6101	心脏监护室（CCU）	
卫生管理	WHCT09.00.007	重症监护室代码	6102	呼吸监护室（RICU）	
卫生管理	WHCT09.00.007	重症监护室代码	6103	外科监护室（SICU）	
卫生管理	WHCT09.00.007	重症监护室代码	6104	新生儿监护室（NICU）	
卫生管理	WHCT09.00.007	重症监护室代码	6105	儿科监护室（PICU）	
卫生管理	WHCT09.00.007	重症监护室代码	6106	未列入上述名称的监护室	
卫生管理	WHCT09.00.007	重症监护室代码	6107	急诊重症监护室（EICU）	
卫生管理	WHCT09.00.007	重症监护室代码	6108	内科重症监护室（MICU）	
卫生管理	WHCT09.00.008	企业类型标志	1	生产厂商	
卫生管理	WHCT09.00.008	企业类型标志	2	供应商	
卫生管理	WHCT09.00.008	企业类型标志	3	两者都是	
卫生管理	WHCT09.00.008	企业类型标志	4	自制药，自产自用	
卫生管理	WHCT09.00.009	开放床位类型	1	开放床	
卫生管理	WHCT09.00.009	开放床位类型	2	加床	
卫生管理	WHCT09.00.009	开放床位类型	3	家庭床	
卫生管理	WHCT09.00.009	开放床位类型	4	其他非开放床	
卫生管理	WHCT09.00.009	开放床位类型	5	研究型病床	
卫生管理	WHCT09.00.111	原子指标集字典	00001	编制人数	编制人数
卫生管理	WHCT09.00.111	原子指标集字典	00002	在编人数	在编人数
卫生管理	WHCT09.00.111	原子指标集字典	00006	执业医师人数	执业医师
卫生管理	WHCT09.00.111	原子指标集字典	00007	执业助理医师	执业助理医师
卫生管理	WHCT09.00.111	原子指标集字典	00008	全科医学专业人数	执业(助理)医师中：注册为全科医学专业的人数
卫生管理	WHCT09.00.111	原子指标集字典	00009	全科医生培训合格证的人数	取得全科医生培训合格证的人数
卫生管理	WHCT09.00.111	原子指标集字典	00010	麻醉科固定在岗人数	麻醉科固定在岗人数
卫生管理	WHCT09.00.111	原子指标集字典	00011	注册护士人数	注册护士
卫生管理	WHCT09.00.111	原子指标集字典	00012	注册药师(士)人数	药师(士)
卫生管理	WHCT09.00.111	原子指标集字典	00014	检验技师人数	检验技师
卫生管理	WHCT09.00.111	原子指标集字典	00015	影像技师人数	影像技师
卫生管理	WHCT09.00.111	原子指标集字典	00016	其他卫生技术人员人数	其他卫生技术人员
卫生管理	WHCT09.00.111	原子指标集字典	00017	其他技术人员人数	其他技术人员
卫生管理	WHCT09.00.111	原子指标集字典	00018	管理人员人数	管理人员
卫生管理	WHCT09.00.111	原子指标集字典	00019	工勤技能人员人数	工勤技能人员
卫生管理	WHCT09.00.111	原子指标集字典	00020	离退休人员人数	离退休人员
卫生管理	WHCT09.00.111	原子指标集字典	00021	编制床位数	编制床位（张）
卫生管理	WHCT09.00.111	原子指标集字典	00022	实有床位数	实有床位（张）
卫生管理	WHCT09.00.111	原子指标集字典	00023	特需服务床位数	其中：特需服务床位数
卫生管理	WHCT09.00.111	原子指标集字典	00024	负压病房床位数	负压病房床位数
卫生管理	WHCT09.00.111	原子指标集字典	00025	重症医学床位数	重症医学床位数
卫生管理	WHCT09.00.111	原子指标集字典	00026	康复床位数	康复床位数
卫生管理	WHCT09.00.111	原子指标集字典	00027	家庭床位数	家庭床位数
卫生管理	WHCT09.00.111	原子指标集字典	00028	观察床数	观察床数
卫生管理	WHCT09.00.111	原子指标集字典	00029	实际开放总床日数	实际开放总床日数
卫生管理	WHCT09.00.111	原子指标集字典	00031	实际占用总床日数	实际占用总床日数
卫生管理	WHCT09.00.111	原子指标集字典	00032	出院者占用总床日数	出院者占用总床日数
卫生管理	WHCT09.00.111	原子指标集字典	00033	出院者医保占用总床日数	其中：医保占用总床日数
卫生管理	WHCT09.00.111	原子指标集字典	00034	机构总收入	总收入
卫生管理	WHCT09.00.111	原子指标集字典	00035	机构医疗收入	其中：医疗收入
卫生管理	WHCT09.00.111	原子指标集字典	00037	门诊检查收入	检查收入
卫生管理	WHCT09.00.111	原子指标集字典	00038	门诊化验收入	化验收入
卫生管理	WHCT09.00.111	原子指标集字典	00039	门诊卫生材料收入	卫生材料收入
卫生管理	WHCT09.00.111	原子指标集字典	00040	门诊高值耗材收入	其中：高值耗材收入
卫生管理	WHCT09.00.111	原子指标集字典	00042	门诊中药饮片收入	门诊中药饮片收入
卫生管理	WHCT09.00.111	原子指标集字典	00043	门诊西药收入	门诊西药收入
卫生管理	WHCT09.00.111	原子指标集字典	00044	门诊中成药收入	门诊中成药收入
卫生管理	WHCT09.00.111	原子指标集字典	00045	门诊基本药物收入	其中：基本药物收入
卫生管理	WHCT09.00.111	原子指标集字典	00046	门诊挂号收入	挂号收入
卫生管理	WHCT09.00.111	原子指标集字典	00047	门诊诊察收入	诊察收入
卫生管理	WHCT09.00.111	原子指标集字典	00048	门诊治疗收入	治疗收入
卫生管理	WHCT09.00.111	原子指标集字典	00049	门诊手术收入	手术收入
卫生管理	WHCT09.00.111	原子指标集字典	00050	门诊药事服务费收入	药事服务费收入
卫生管理	WHCT09.00.111	原子指标集字典	00051	其他门诊收入	其他门诊收入
卫生管理	WHCT09.00.111	原子指标集字典	00052	门诊参保患者就医医疗费用	其中：参保患者就医医疗费用
卫生管理	WHCT09.00.111	原子指标集字典	00053	门诊参保患者个人支付医疗费用	其中：参保患者个人支付医疗费用
卫生管理	WHCT09.00.111	原子指标集字典	00054	门诊参保患者就医医保报销目录外医疗费用	参保患者就医医保报销目录外医疗费用
卫生管理	WHCT09.00.111	原子指标集字典	00056	住院检查收入	检查收入
卫生管理	WHCT09.00.111	原子指标集字典	00057	住院化验收入	化验收入
卫生管理	WHCT09.00.111	原子指标集字典	00058	住院卫生材料收入	卫生材料收入
卫生管理	WHCT09.00.111	原子指标集字典	00059	住院高值耗材收入	其中：高值耗材收入
卫生管理	WHCT09.00.111	原子指标集字典	00061	住院中药饮片收入	住院中药饮片收入
卫生管理	WHCT09.00.111	原子指标集字典	00062	住院西药收入	住院西药收入
卫生管理	WHCT09.00.111	原子指标集字典	00063	住院中成药收入	住院中成药收入
卫生管理	WHCT09.00.111	原子指标集字典	00064	住院基本药物收入	其中：基本药物收入
卫生管理	WHCT09.00.111	原子指标集字典	00065	住院诊察收入	诊察收入
卫生管理	WHCT09.00.111	原子指标集字典	00066	住院治疗收入	治疗收入
卫生管理	WHCT09.00.111	原子指标集字典	00067	住院手术收入	手术收入
卫生管理	WHCT09.00.111	原子指标集字典	00068	住院药事服务费收入	药事服务费收入
卫生管理	WHCT09.00.111	原子指标集字典	00069	其他住院收入	其他住院收入
卫生管理	WHCT09.00.111	原子指标集字典	00070	住院床位收入	床位收入
卫生管理	WHCT09.00.111	原子指标集字典	00071	住院护理收入	护理收入
卫生管理	WHCT09.00.111	原子指标集字典	00072	住院参保患者就医医疗费用	其中：参保患者就医医疗费用
卫生管理	WHCT09.00.111	原子指标集字典	00073	住院参保患者就医医保报销目录外医疗费用(纯自费)	参保患者就医医保报销目录外医疗费用(纯自费)
卫生管理	WHCT09.00.111	原子指标集字典	00074	住院参保患者个人支付医疗费用(个人支付)	参保患者个人支付医疗费用(个人支付)
卫生管理	WHCT09.00.111	原子指标集字典	00075	住院参保患者基金支付医疗费用(基金支付)	参保患者基金支付医疗费用(基金支付)
卫生管理	WHCT09.00.111	原子指标集字典	00077	住院结算差额	结算差额
卫生管理	WHCT09.00.111	原子指标集字典	00078	财政补助收入	财政补助收入
卫生管理	WHCT09.00.111	原子指标集字典	00079	科教项目收入	科教项目收入
卫生管理	WHCT09.00.111	原子指标集字典	00080	医保基金收到的款项（不计入总收入）	医保基金收到的款项（不计入总收入）
卫生管理	WHCT09.00.111	原子指标集字典	00081	药品入库金额	药品入库金额
卫生管理	WHCT09.00.111	原子指标集字典	00082	人员经费支出	人员经费支出
卫生管理	WHCT09.00.111	原子指标集字典	00083	业务活动费用（医疗卫生支出）	业务活动费用（医疗卫生支出）
卫生管理	WHCT09.00.111	原子指标集字典	00084	药品费(支出)	其中：药品费
卫生管理	WHCT09.00.111	原子指标集字典	00085	中药费用(支出)	其中：中药费用
卫生管理	WHCT09.00.111	原子指标集字典	00086	基本药物支出	其中：基本药物支出
卫生管理	WHCT09.00.111	原子指标集字典	00087	卫生材料费用(支出)	卫生材料费用
卫生管理	WHCT09.00.111	原子指标集字典	00088	管理费用(支出)	管理费用
卫生管理	WHCT09.00.111	原子指标集字典	00089	离退休费(支出)	其中：离退休费
卫生管理	WHCT09.00.111	原子指标集字典	00090	能耗支出	其中：能耗支出
卫生管理	WHCT09.00.111	原子指标集字典	00091	财政补助支出	财政补助支出
卫生管理	WHCT09.00.111	原子指标集字典	00092	科教项目支出	科教项目支出
卫生管理	WHCT09.00.111	原子指标集字典	00093	公共卫生支出	公共卫生支出（限基层医疗卫生机构填报）
卫生管理	WHCT09.00.111	原子指标集字典	00094	资产总额	资产总额
卫生管理	WHCT09.00.111	原子指标集字典	00095	负债总额	负债总额
卫生管理	WHCT09.00.111	原子指标集字典	00096	业务用房面积	业务用房面积
卫生管理	WHCT09.00.111	原子指标集字典	00097	万元以上设备总价值	万元以上设备总价值
卫生管理	WHCT09.00.111	原子指标集字典	00098	万元以上设备台数	万元以上设备台数
卫生管理	WHCT09.00.111	原子指标集字典	00099	总诊疗人次数	总诊疗人次数
卫生管理	WHCT09.00.111	原子指标集字典	00101	门诊人次数（补录）	其中：补录人次（无明细数据）
卫生管理	WHCT09.00.111	原子指标集字典	00103	门诊医保人次数	其中：医保人次数
卫生管理	WHCT09.00.111	原子指标集字典	00104	门诊普通门诊人次数	其中：普通门诊人次数
卫生管理	WHCT09.00.111	原子指标集字典	00105	急诊人次	急诊人次
卫生管理	WHCT09.00.111	原子指标集字典	00106	门急诊死亡人数	其中：死亡人数
卫生管理	WHCT09.00.111	原子指标集字典	00107	门诊急观察室留观病例数	观察室留观病例数
卫生管理	WHCT09.00.111	原子指标集字典	00108	家庭卫生服务人次数	家庭卫生服务人次数
卫生管理	WHCT09.00.111	原子指标集字典	00109	健康检查人次数	健康检查人次数
卫生管理	WHCT09.00.111	原子指标集字典	00110	门诊预约诊疗人次数	其中：预约诊疗人次数
卫生管理	WHCT09.00.111	原子指标集字典	00111	网上预约门诊人次数	其中：网上预约门诊人次数
卫生管理	WHCT09.00.111	原子指标集字典	00112	电话预约门诊人次数	电话预约门诊人次数
卫生管理	WHCT09.00.111	原子指标集字典	00113	通过家庭医生预约门诊人次数	通过家庭医生预约门诊人次数
卫生管理	WHCT09.00.111	原子指标集字典	00114	互联网诊疗服务人次数	其中：互联网诊疗服务人次数
卫生管理	WHCT09.00.111	原子指标集字典	00116	门诊西药处方数	门诊西药处方数
卫生管理	WHCT09.00.111	原子指标集字典	00118	门诊总中成药处方数	门诊总中成药处方数
卫生管理	WHCT09.00.111	原子指标集字典	00119	门诊总中草药处方数	门诊总中草药处方数
卫生管理	WHCT09.00.111	原子指标集字典	00120	门诊患者使用抗菌药物处方数	其中：门诊患者使用抗菌药物处方数
卫生管理	WHCT09.00.111	原子指标集字典	00121	入院人数	入院人数
卫生管理	WHCT09.00.111	原子指标集字典	00122	转诊入院人数	其中：转诊入院人数
卫生管理	WHCT09.00.111	原子指标集字典	00123	在院人数	在院人数
卫生管理	WHCT09.00.111	原子指标集字典	00124	在院医保人数	其中：医保人数
卫生管理	WHCT09.00.111	原子指标集字典	00125	在院病重人数	其中：病重人数
卫生管理	WHCT09.00.111	原子指标集字典	00126	在院病危人数	病危人数
卫生管理	WHCT09.00.111	原子指标集字典	00127	在院输血人次数	输血人次数
卫生管理	WHCT09.00.111	原子指标集字典	00128	在院手术麻醉人次数	在院手术麻醉人次数
卫生管理	WHCT09.00.111	原子指标集字典	00129	日间手术人次数	其中：日间手术人次数
卫生管理	WHCT09.00.111	原子指标集字典	00130	四级手术人数	其中：四级手术人数
卫生管理	WHCT09.00.111	原子指标集字典	00131	出院人数	出院人数
卫生管理	WHCT09.00.111	原子指标集字典	00132	出院者手术麻醉人次数	其中：出院者手术麻醉人次数
卫生管理	WHCT09.00.111	原子指标集字典	00133	出院者死亡人数	其中：死亡人数
卫生管理	WHCT09.00.111	原子指标集字典	00134	出院者转诊出院人数	其中：转诊出院人数
卫生管理	WHCT09.00.111	原子指标集字典	00135	出院者转往基层医疗卫生机构人数	其中：转往基层医疗卫生机构人数
卫生管理	WHCT09.00.111	原子指标集字典	00136	出院者转往基层医保人次数	其中：医保人次数
卫生管理	WHCT09.00.111	原子指标集字典	00137	出院者转往基层大病医保人次数	其中：大病医保人次数
卫生管理	WHCT09.00.111	原子指标集字典	00138	出院患者使用抗菌药物总例数	出院患者使用抗菌药物总例数
卫生管理	WHCT09.00.111	原子指标集字典	00139	出院者Ⅰ类切口（手术≤2h）手术预防使用抗菌药物例数	Ⅰ类切口（手术≤2h）手术预防使用抗菌药物例数
卫生管理	WHCT09.00.111	原子指标集字典	00140	编目出院病案数	编目出院病案数
卫生管理	WHCT09.00.111	原子指标集字典	00142	中医治未病服务人次数	中医治未病服务人次数
卫生管理	WHCT09.00.111	原子指标集字典	00143	开展中医医疗技术总数	开展中医医疗技术总数
卫生管理	WHCT09.00.111	原子指标集字典	00144	中药制剂室面积	中药制剂室面积
卫生管理	WHCT09.00.111	原子指标集字典	00145	中药制剂品种数	中药制剂品种数
卫生管理	WHCT09.00.111	原子指标集字典	00146	5000元以上中医诊疗设备台数	5000元以上中医诊疗设备台数
卫生管理	WHCT09.00.111	原子指标集字典	00147	代报诊所（医务室）诊疗人次数	代报诊所（医务室）诊疗人次数
卫生管理	WHCT09.00.111	原子指标集字典	00148	代报村卫生室诊疗人次	代报村卫生室诊疗人次
卫生管理	WHCT09.00.111	原子指标集字典	00149	代报2类机构个数	代报2类机构个数
卫生管理	WHCT09.00.111	原子指标集字典	00150	月末居民健康档案累积建档人数	月末居民健康档案累积建档人数
卫生管理	WHCT09.00.111	原子指标集字典	00151	月末居民健康档案规范化电子建档人数	其中：规范化电子建档人数
卫生管理	WHCT09.00.111	原子指标集字典	00152	月末高血压规范管理人数	月末高血压规范管理人数
卫生管理	WHCT09.00.111	原子指标集字典	00153	月末糖尿病规范管理人数	月末糖尿病规范管理人数
卫生管理	WHCT09.00.111	原子指标集字典	00154	期末肺结核患者健康管理人数	期末肺结核患者健康管理人数
卫生管理	WHCT09.00.111	原子指标集字典	00155	月末65岁以上老人健康管理人数	月末65岁以上老人健康管理人数
卫生管理	WHCT09.00.111	原子指标集字典	00156	中医药健康管理人数	中医药健康管理人数
卫生管理	WHCT09.00.111	原子指标集字典	00157	是否与区域平台对接	是否与区域平台对接
卫生管理	WHCT09.00.111	原子指标集字典	00158	是否开展远程医疗服务	是否开展远程医疗服务
卫生管理	WHCT09.00.111	原子指标集字典	00159	是否与基层医疗卫生机构建立远程医疗服务	其中：是否与基层医疗卫生机构建立远程医疗服务
卫生管理	WHCT09.00.111	原子指标集字典	00160	开展远程医疗服务人次数	开展远程医疗服务人次数
卫生管理	WHCT09.00.111	原子指标集字典	00161	下转门急诊人次数	下转门急诊人次数
卫生管理	WHCT09.00.111	原子指标集字典	00162	下转住院人次数	下转住院人次数
卫生管理	WHCT09.00.111	原子指标集字典	00163	开展临床路径管理的病种个数	开展临床路径管理的病种个数
卫生管理	WHCT09.00.111	原子指标集字典	00164	本月按临床路径管理的出院人数	本月按临床路径管理的出院人数
卫生管理	WHCT09.00.111	原子指标集字典	00165	开展按病种付费的病种个数	开展按病种付费的病种个数
卫生管理	WHCT09.00.111	原子指标集字典	00166	病房数	病房数
卫生管理	WHCT09.00.111	原子指标集字典	00167	提供优质护理服务的病房数	其中：提供优质护理服务的病房数
卫生管理	WHCT09.00.111	原子指标集字典	00168	药品加成情况	药品加成情况
卫生管理	WHCT09.00.111	原子指标集字典	00169	是否建立理事会等法人治理结构	是否建立理事会等法人治理结构
卫生管理	WHCT09.00.111	原子指标集字典	00170	是否实行同级医疗机构检查互认	是否实行同级医疗机构检查互认
卫生管理	WHCT09.00.111	原子指标集字典	00171	是否实行总会计师制度	是否实行总会计师制度
卫生管理	WHCT09.00.111	原子指标集字典	00172	是否实行成本核算与控制	是否实行成本核算与控制
卫生管理	WHCT09.00.111	原子指标集字典	00173	是否投保医疗责任险*	是否投保医疗责任险*
卫生管理	WHCT09.00.111	原子指标集字典	00174	是否建立规范化电子病历	是否建立规范化电子病历
卫生管理	WHCT09.00.111	原子指标集字典	00175	是否实行院长聘任制	是否实行院长聘任制
卫生管理	WHCT09.00.111	原子指标集字典	00176	是否开展日间手术	是否开展日间手术
卫生管理	WHCT09.00.111	原子指标集字典	00177	是否实行门诊药房社会化	是否实行门诊药房社会化
卫生管理	WHCT09.00.111	原子指标集字典	00178	是否与养老机构建立转诊与合作关系	是否与养老机构建立转诊与合作关系
卫生管理	WHCT09.00.111	原子指标集字典	00179	与养老机构合作服务床位数	服务床位数
卫生管理	WHCT09.00.111	原子指标集字典	00180	与养老机构合作服务人次数	服务人次数
卫生管理	WHCT09.00.111	原子指标集字典	00181	是否制定章程(医院填报)	是否制定章程(医院填报)
卫生管理	WHCT09.00.111	原子指标集字典	00182	是否实行院长年薪制	是否实行院长年薪制
卫生管理	WHCT09.00.111	原子指标集字典	00183	是否建立审计机制	是否建立审计机制
卫生管理	WHCT09.00.111	原子指标集字典	00184	审计方式	审计方式
卫生管理	WHCT09.00.111	原子指标集字典	00185	是否实行党委领导下的院长负责制	是否实行党委领导下的院长负责制
卫生管理	WHCT09.00.111	原子指标集字典	00186	是否接入跨省异地就医及时结算系统(医院填报)	是否接入跨省异地就医及时结算系统(医院填报)
卫生管理	WHCT09.00.111	原子指标集字典	00187	是否实现院内医疗服务信息互通共享	是否实现院内医疗服务信息互通共享
卫生管理	WHCT09.00.111	原子指标集字典	00188	是否提供线上服务	是否提供线上服务
卫生管理	WHCT09.00.111	原子指标集字典	00189	挂号人次	挂号人次
卫生管理	WHCT09.00.111	原子指标集字典	00190	入观人次数	入观人次数
卫生管理	WHCT09.00.111	原子指标集字典	00191	出观人次数	出观人次数
卫生管理	WHCT09.00.111	原子指标集字典	00192	开入院证人次	开入院证人次
卫生管理	WHCT09.00.111	原子指标集字典	00193	办理入院预约人次	办理入院预约人次
卫生管理	WHCT09.00.111	原子指标集字典	00194	院内转科转床人次	院内转科转床人次
卫生管理	WHCT09.00.111	原子指标集字典	00195	编目病案数量	编目病案数量
卫生管理	WHCT09.00.111	原子指标集字典	00196	开诊断证明人次	开诊断证明人次
卫生管理	WHCT09.00.111	原子指标集字典	00197	新增药物过敏史记录数	新增药物过敏史记录数
卫生管理	WHCT09.00.111	原子指标集字典	00198	处方点评数量	处方点评数量
卫生管理	WHCT09.00.111	原子指标集字典	00199	检验工作量(报告数)	检验工作量(报告数)
卫生管理	WHCT09.00.111	原子指标集字典	00200	心电工作量(报告数)	超声，放射工作量(报告数)
卫生管理	WHCT09.00.111	原子指标集字典	00201	超声工作量(报告数)	超声工作量(报告数)
卫生管理	WHCT09.00.111	原子指标集字典	00202	放射工作量(报告数)	超声，放射工作量(报告数)
卫生管理	WHCT09.00.111	原子指标集字典	00203	病理工作量(报告数)	病理工作量(报告数)
卫生管理	WHCT09.00.111	原子指标集字典	00204	输血人次	输血人次
卫生管理	WHCT09.00.111	原子指标集字典	00205	医疗安全不良事件次数（其他类）	医疗安全不良事件次数（其他类）
卫生管理	WHCT09.00.111	原子指标集字典	00206	医疗安全不良事件次数（药品类）	医疗安全不良事件次数（药品类）
卫生管理	WHCT09.00.111	原子指标集字典	00207	医疗安全不良事件次数（输血类）	医疗安全不良事件次数（输血类）
卫生管理	WHCT09.00.111	原子指标集字典	00208	院内感染报告例数	院内感染报告例数
卫生管理	WHCT09.00.111	原子指标集字典	00209	传染病报告例数	传染病报告例数
卫生管理	WHCT09.00.111	原子指标集字典	00210	失信记录次数	失信记录次数
卫生管理	WHCT09.00.111	原子指标集字典	00211	新增或修改就诊人信息次数	新增或修改就诊人信息次数
卫生管理	WHCT09.00.111	原子指标集字典	00212	药品调价损益金额	药品调价损益金额
卫生管理	WHCT09.00.111	原子指标集字典	00213	材料入退库金额	材料入退库金额
卫生管理	WHCT09.00.111	原子指标集字典	00214	高值材料入库金额	高值材料入库金额
卫生管理	WHCT09.00.111	原子指标集字典	00215	血液产品报废血袋血量合计	血液产品报废血袋血量合计
卫生管理	WHCT09.00.111	原子指标集字典	00216	甲乙类医疗设备资产总值	甲乙类医疗设备资产总值
卫生管理	WHCT09.00.111	原子指标集字典	00217	院内出生婴儿数量(含死婴)	院内出生婴儿数量(含死婴)
卫生管理	WHCT09.00.111	原子指标集字典	00218	留院人数	留院人数
卫生管理	WHCT09.00.111	原子指标集字典	00219	留院中危重人数	留院中危重人数
卫生管理	WHCT09.00.111	原子指标集字典	00220	门诊人次中感染门诊人次	门诊人次中感染门诊人次
卫生管理	WHCT09.00.111	原子指标集字典	00221	互联网诊疗服务人次	互联网诊疗服务人次
卫生管理	WHCT09.00.111	原子指标集字典	00222	预约门诊人次	预约门诊人次
卫生管理	WHCT09.00.111	原子指标集字典	00223	普通挂号人次	普通挂号人次
卫生管理	WHCT09.00.111	原子指标集字典	00224	专科挂号人次	专科挂号人次
卫生管理	WHCT09.00.111	原子指标集字典	00225	专家挂号人次	专家挂号人次
卫生管理	WHCT09.00.111	原子指标集字典	00226	体检挂号人次	体检挂号人次
卫生管理	WHCT09.00.111	原子指标集字典	00227	特需挂号人次	特需挂号人次
卫生管理	WHCT09.00.111	原子指标集字典	00228	加床数	加床数
卫生管理	WHCT09.00.111	原子指标集字典	00229	药库药品出库金额	
卫生管理	WHCT09.00.111	原子指标集字典	00230	药品报损金额/药品盘增盘减金额	
卫生管理	WHCT09.00.111	原子指标集字典	00231	麻醉药品、第一类精神药品的发药金额	
卫生管理	WHCT09.00.111	原子指标集字典	00232	合理用药的风险比率	
卫生管理	WHCT09.00.111	原子指标集字典	01233	机构数	建档机构(tb_chss_jgdm)
卫生管理	WHCT09.00.111	原子指标集字典	01234	电子健康档案建档人数	个人健康档案信息表(tb_chss_info)
卫生管理	WHCT09.00.111	原子指标集字典	01235	既往过敏史数	既往过敏史(ehr_jwgms)
卫生管理	WHCT09.00.111	原子指标集字典	01236	既往疾病史数	既往疾病史(ehr_jwjbs)
卫生管理	WHCT09.00.111	原子指标集字典	01237	既往手术史数	既往手术史(ehr_jwsss)
卫生管理	WHCT09.00.111	原子指标集字典	01238	既往外伤史数	既往外伤史(ehr_jwwss)
卫生管理	WHCT09.00.111	原子指标集字典	01239	既往输血史数	既往输血史(ehr_jwsxs)
卫生管理	WHCT09.00.111	原子指标集字典	01240	家族疾病史数	家族疾病史(ehr_jzjbs)
卫生管理	WHCT09.00.111	原子指标集字典	01241	残疾情况数	残疾情况(ehr_cjqk)
卫生管理	WHCT09.00.111	原子指标集字典	01242	环境暴露史数	环境暴露史(ehr_hjblys)
卫生管理	WHCT09.00.111	原子指标集字典	01243	个人健康体检表数	个人健康体检表(ehr_jktjb)
卫生管理	WHCT09.00.111	原子指标集字典	01244	建立电子健康档案的高血压患者数	高血压患者管理卡(tb_gxy_hzglk)
卫生管理	WHCT09.00.111	原子指标集字典	01245	高血压患者随访卡数	高血压患者随访卡(tb_gxy_hzsfk)
卫生管理	WHCT09.00.111	原子指标集字典	01246	高血压随访服药信息数	高血压随访服药信息(tb_gxy_sffyxx)
卫生管理	WHCT09.00.111	原子指标集字典	01247	高血压中医随访数	高血压中医随访(tb_gxy_zyygl)
卫生管理	WHCT09.00.111	原子指标集字典	01248	建立电子健康档案的2型糖尿病患者数	糖尿病患者管理卡(tb_tnb_hzglk)
卫生管理	WHCT09.00.111	原子指标集字典	01249	糖尿病患者随访卡数	糖尿病患者随访卡(tb_tnb_hzsfk)
卫生管理	WHCT09.00.111	原子指标集字典	01250	糖尿病随访服药信息数	糖尿病随访服药信息(tb_tnb_sffyxx)
卫生管理	WHCT09.00.111	原子指标集字典	01251	糖尿病中医随访数	糖尿病中医随访(tb_tnb_zyygl)
卫生管理	WHCT09.00.111	原子指标集字典	01252	健康体检表数	健康体检表(ehr_jktjb)
卫生管理	WHCT09.00.111	原子指标集字典	01253	健康体检主要用药情况数	健康体检主要用药情况(ehr_jktjyyqk)
卫生管理	WHCT09.00.111	原子指标集字典	01254	老年人管理卡数	老年人管理卡(tb_lnr_hzglk)
卫生管理	WHCT09.00.111	原子指标集字典	01255	老年人生活自理能力评估表数	老年人生活自理能力评估表(tb_lnr_shzlnlpgb)
卫生管理	WHCT09.00.111	原子指标集字典	01256	老年人中医药健康管理服务记录数	老年人中医药健康管理服务记录(tb_lnr_zyyglfwjl)
卫生管理	WHCT09.00.111	原子指标集字典	01257	签约服务包数	签约服务包(T_Base_Item)
卫生管理	WHCT09.00.111	原子指标集字典	01258	签约服务项目数	签约服务项目(T_Base_Item_Detail)
卫生管理	WHCT09.00.111	原子指标集字典	01259	签约团队数	医生团队信息(T_Base_Doc_Team)
卫生管理	WHCT09.00.111	原子指标集字典	01260	家庭医生数	医生信息(T_Base_Doctor)
卫生管理	WHCT09.00.111	原子指标集字典	01261	医生团队明细数	医生团队明细(T_Base_Doc_Team_Detatil)
卫生管理	WHCT09.00.111	原子指标集字典	01262	全人群签约数	签约记录(T_Service_Sign)
卫生管理	WHCT09.00.111	原子指标集字典	01263	签约记录明细数	签约记录明细(T_Service_Sign_detail)
卫生管理	WHCT09.00.111	原子指标集字典	01264	签约变更记录数	签约变更记录(T_Service_Sign_Change)
卫生管理	WHCT09.00.111	原子指标集字典	01265	医生工作服务记录数	医生工作服务记录(T_Service_Work_Record)
卫生管理	WHCT09.00.111	原子指标集字典	01266	家庭医生主题库机构字典表数	家庭医生主题库机构字典表(T_BASE_JGDM)
卫生管理	WHCT09.00.111	原子指标集字典	00267	实施手卫生的次数	手卫生依从性调查主表(TB_YG_HANDCARD_MAIN)
卫生管理	WHCT09.00.111	原子指标集字典	00268	院内流转登记次数	药品院内流转登记表(TB_DG_CIRCULATION_REGIS)
卫生管理	WHCT09.00.111	原子指标集字典	00269	异常变动登记次数	药品异常变动登记表(TB_DG_NUMCHANGE_REGIS)
卫生管理	WHCT09.00.111	原子指标集字典	00270	药品销毁登记次数	特殊药品销毁登记表(TB_SPDG_DESTRUCTION_REGIS)
卫生管理	WHCT09.00.111	原子指标集字典	00271	审查处方张数	合理用药审查结果表(TB_CKB_MONMASTER)
卫生管理	WHCT09.00.111	原子指标集字典	00272	待产孕妇数量	待产记录（TB_IPT_LABOUR_RECORD）
卫生管理	WHCT09.00.111	原子指标集字典	00273	换药次数	合理用药推荐换药记录表(TB_CHANGE_DURG_RECORD)
卫生管理	WHCT09.00.111	原子指标集字典	00274	政策减免享受人次	政策减免享受信息记录表（TB_POLICY_ENJOYMENT_RECORD）
卫生管理	WHCT09.00.111	原子指标集字典	00275	手术床位数	手术床位日报表(TB_YL_SSCW_RB)
卫生管理	WHCT09.00.111	原子指标集字典	00276	质控仪器台数	室内质控结果(TB_LIS_QC_RESULT)
卫生管理	WHCT09.00.111	原子指标集字典	00277	住院疑难病例数	疑难病例讨论记录(TB_IPT_DIFFICULT_DISCUSS)
卫生管理	WHCT09.00.111	原子指标集字典	10001	重症监护人数	重症监护病房的留院总人数（按重症监护床位占用统计）
卫生管理	WHCT09.00.111	原子指标集字典	10002	出院患者手术人次数	出院病人在住院期间施行各类手术的人次数
卫生管理	WHCT09.00.111	原子指标集字典	10003	医疗服务收入	医疗服务收入合计值，包括挂号收入、床位收入、诊察收入、治疗收入、手术收入、护理收入等；不包括药品、耗材（即卫生材料）、检查检验收入。
卫生管理	WHCT09.00.101	指标类型	01	基本情况	
卫生管理	WHCT09.00.101	指标类型	02	人员情况	
卫生管理	WHCT09.00.101	指标类型	03	床位情况	
卫生管理	WHCT09.00.101	指标类型	04	房屋及基本建设	
卫生管理	WHCT09.00.101	指标类型	05	设备情况	
卫生管理	WHCT09.00.101	指标类型	06	收入与费用/支出	
卫生管理	WHCT09.00.101	指标类型	07	资产与负债	
卫生管理	WHCT09.00.101	指标类型	08	医疗服务数量	
卫生管理	WHCT09.00.101	指标类型	09	基本公共卫生服务量	
卫生管理	WHCT09.00.101	指标类型	10	中医特色指标	
卫生管理	WHCT09.00.101	指标类型	11	代报	
卫生管理	WHCT09.00.102	指标来源	0	从统计系统取数	
卫生管理	WHCT09.00.102	指标来源	1	从业务明细数据统计取数	
卫生管理	WHCT09.00.102	指标来源	2	人工补录	
卫生管理	WHCT09.00.103	指标统计周期类型	D	日报	
卫生管理	WHCT09.00.103	指标统计周期类型	H	小时报	
卫生管理	WHCT09.00.103	指标统计周期类型	I	即时快报	
卫生管理	WHCT09.00.103	指标统计周期类型	M	月报	
卫生管理	WHCT09.00.104	审核状态	0	审核未通过	
卫生管理	WHCT09.00.104	审核状态	1	新增审核	
卫生管理	WHCT09.00.104	审核状态	2	修改审核	
卫生管理	WHCT09.00.104	审核状态	3	删除审核	
卫生管理	WHCT09.00.104	审核状态	9	审核通过	
卫生管理	WHCT09.00.105	合理用药审查问题类别	01	用法用量	审核药品给药途径、用药频率、用量是否符合规范
卫生管理	WHCT09.00.105	合理用药审查问题类别	02	适应症	基于药品说明书的适应症用药指导，获取患者诊断病情，使用智能引擎进行用药遴选适宜性验证
卫生管理	WHCT09.00.105	合理用药审查问题类别	03	相互作用	结合新编药物学分类和各种常用分类，从药品通用名、成分、分类等多个维度进行药物之间相互作用的判断
卫生管理	WHCT09.00.105	合理用药审查问题类别	04	禁忌	审核药物是否适用于于某些疾病、情况或特定的人群（儿童、老年人、孕妇及哺乳期妇女、肝肾功能不全者）
卫生管理	WHCT09.00.105	合理用药审查问题类别	05	配伍禁忌	审查药物之间是否存在体外配伍后,直接发生物理性的或化学性的相互作用从而影响药物疗效或发生毒性反应。
卫生管理	WHCT09.00.105	合理用药审查问题类别	06	超说明书适应症	根据文献、指南，审查超出药品说明书所标明的适应证范围用药是否合理
卫生管理	WHCT09.00.105	合理用药审查问题类别	07	溶媒溶液	指注射用的溶状媒介，审查注射用药品溶媒选择，溶液配置是否合适
卫生管理	WHCT09.00.105	合理用药审查问题类别	08	药物过敏	该项重在审查患者是否对当前药物存在过敏史或交叉过敏史，从而判断药物选择是否会造成严重过敏反应等用药风险
卫生管理	WHCT09.00.105	合理用药审查问题类别	09	重复用药	从①同一药物成分但不同通用名的药物一起处方②含有相同主要成分的复方制剂联用；③同类药物，相同作用机制的药物合用，三个方面进行重复用药的判断，含西药、中西药交叉等多种情况，对处方药品进行风险评估，避免重复用药导致不良反应叠加、过度治疗等
卫生管理	WHCT09.00.106	合理用药审查风险级别	01	正常	合理用药审查通过，医嘱没有问题
卫生管理	WHCT09.00.106	合理用药审查风险级别	02	提醒	合理用药审查低风险级别，提示橙灯，属于一般问题，如说明书中描述为慎用，且联用药品、禁忌症较为明确的情况，医生可强制通过
卫生管理	WHCT09.00.106	合理用药审查风险级别	03	警示	合理用药审查中险级别，提示红灯；属于相对禁忌，如疾病严重程度、肝肾功能情况或用药是否利大于弊需人工判断的情况，需经药师人工审方、医生双签方能通过
卫生管理	WHCT09.00.106	合理用药审查风险级别	04	禁止	合理用药审查高风险级别，提示黑灯。属于绝对禁忌，如说明书中明确禁忌使用的内容，禁忌、注意事项、孕妇及哺乳期妇女、儿童、老年人用药等章节描述中有禁用或忌用的，需强制拦截，禁止通过
卫生管理	WHCV09.00.002	卡类型的编码	00	社保卡	
卫生管理	WHCV09.00.002	卡类型的编码	01	医保卡	
卫生管理	WHCV09.00.002	卡类型的编码	02	居民健康卡	
卫生管理	WHCV09.00.002	卡类型的编码	03	院内卡	
卫生管理	WHCV09.00.002	卡类型的编码	05	新农合卡	
卫生管理	WHCV09.00.002	卡类型的编码	08	电子健康卡	
卫生管理	WHCV09.00.002	卡类型的编码	10	身份证	
卫生管理	WHCV09.00.002	卡类型的编码	99	其他卡	
卫生管理	WHCV09.00.002	卡类型的编码	TS	市管干部、在编军人	
卫生管理	WHCV09.00.403	入院途径代码	1	门诊入院	
卫生管理	WHCV09.00.403	入院途径代码	2	急诊入院	
卫生管理	WHCV09.00.403	入院途径代码	3	其他医疗机构转入	
卫生管理	WHCV09.00.403	入院途径代码	4	基层转入	
卫生管理	WHCV09.00.403	入院途径代码	5	本院出生	
卫生管理	WHCV09.00.403	入院途径代码	7	隔离	
卫生管理	WHCV09.00.403	入院途径代码	9	其他	
卫生管理	WHCV09.00.404	业务活动类别代码	1	门诊	实体门诊
卫生管理	WHCV09.00.404	业务活动类别代码	2	急诊	
卫生管理	WHCV09.00.404	业务活动类别代码	3	住院	
卫生管理	WHCV09.00.404	业务活动类别代码	4	体检	
卫生管理	WHCV09.00.404	业务活动类别代码	5	运营	
卫生管理	WHCV09.00.404	业务活动类别代码	8	互联网门诊	
卫生管理	WHCV09.00.404	业务活动类别代码	9	其他	
卫生管理	WHCV09.00.405	疫情物资管理品种目录	9999	未纳入管控	
卫生管理	WHCV09.00.405	疫情物资管理品种目录	F001	医用防护服	启用|耗材|套
卫生管理	WHCV09.00.405	疫情物资管理品种目录	F002	医用N95口罩	启用|耗材|只
卫生管理	WHCV09.00.405	疫情物资管理品种目录	F003	隔离衣	启用|耗材|件
卫生管理	WHCV09.00.405	疫情物资管理品种目录	F004	护目镜/面罩	禁用|耗材|个
卫生管理	WHCV09.00.405	疫情物资管理品种目录	F005	经鼻高流量呼吸治疗仪	禁用|医疗设备|台
卫生管理	WHCV09.00.405	疫情物资管理品种目录	F006	一次性医用防护手套（含乳胶手套）	禁用|耗材|双
卫生管理	WHCV09.00.405	疫情物资管理品种目录	F007	一次性医用鞋（靴）套	禁用|耗材|双
卫生管理	WHCV09.00.405	疫情物资管理品种目录	F008	一次性医用工作防护帽	禁用|耗材|个
卫生管理	WHCV09.00.405	疫情物资管理品种目录	F009	负压救护车	启用|医疗设备及耗材|辆
卫生管理	WHCV09.00.405	疫情物资管理品种目录	F010	ECMO	启用|医疗设备及耗材|台
卫生管理	WHCV09.00.405	疫情物资管理品种目录	F011	空气消毒机	禁用|医疗设备|台
卫生管理	WHCV09.00.405	疫情物资管理品种目录	F012	3%过氧化氢	禁用|消毒用品|升
卫生管理	WHCV09.00.405	疫情物资管理品种目录	F013	75%酒精	启用|消杀产品|升
卫生管理	WHCV09.00.405	疫情物资管理品种目录	F014	84消毒液	启用|消杀产品|升
卫生管理	WHCV09.00.405	疫情物资管理品种目录	F015	84泡腾片	禁用|消毒用品|公斤
卫生管理	WHCV09.00.405	疫情物资管理品种目录	F016	手消毒液	禁用|消毒用品|升
卫生管理	WHCV09.00.405	疫情物资管理品种目录	F017	洗手液	禁用|消毒用品|升
卫生管理	WHCV09.00.405	疫情物资管理品种目录	F018	邻苯二甲醛	禁用|消毒用品|升
卫生管理	WHCV09.00.405	疫情物资管理品种目录	F019	活力碘	禁用|消毒用品|升
卫生管理	WHCV09.00.405	疫情物资管理品种目录	F020	呼吸机（无创机械通气）	禁用|医疗设备|台
卫生管理	WHCV09.00.405	疫情物资管理品种目录	F021	呼吸机（有创机械通气）	禁用|医疗设备|台
卫生管理	WHCV09.00.405	疫情物资管理品种目录	F022	呼吸机（高流量氧疗）	禁用|医疗设备|台
卫生管理	WHCV09.00.405	疫情物资管理品种目录	F023	（120）转运呼吸机	禁用|医疗设备|台
卫生管理	WHCV09.00.405	疫情物资管理品种目录	F024	除颤仪	启用|医疗设备及耗材|台
卫生管理	WHCV09.00.405	疫情物资管理品种目录	F025	氧枕	禁用|医疗设备|台
卫生管理	WHCV09.00.405	疫情物资管理品种目录	F026	正压头套	禁用|医疗设备|台
卫生管理	WHCV09.00.405	疫情物资管理品种目录	F027	正压头套管道配件	禁用|耗材|箱
卫生管理	WHCV09.00.405	疫情物资管理品种目录	F028	心电图机	禁用|医疗设备|台
卫生管理	WHCV09.00.405	疫情物资管理品种目录	F029	氧气瓶	禁用|医疗设备|台
卫生管理	WHCV09.00.405	疫情物资管理品种目录	F030	手提式充电超低容量喷雾机	禁用|消毒用品|台
卫生管理	WHCV09.00.405	疫情物资管理品种目录	F031	背负式充电超低容量喷雾机	禁用|消毒用品|台
卫生管理	WHCV09.00.405	疫情物资管理品种目录	F032	静注人血球蛋白	禁用|血制品|mg
卫生管理	WHCV09.00.405	疫情物资管理品种目录	F033	医用外科口罩	启用|防护用品|只
卫生管理	WHCV09.00.405	疫情物资管理品种目录	F034	非医用口罩	禁用|耗材|只
卫生管理	WHCV09.00.405	疫情物资管理品种目录	F035	床旁血滤机CRRT	禁用|医疗设备|台
卫生管理	WHCV09.00.405	疫情物资管理品种目录	F036	呼吸回路	禁用|耗材|个
卫生管理	WHCV09.00.405	疫情物资管理品种目录	F037	呼吸过滤器	禁用|耗材|个
卫生管理	WHCV09.00.405	疫情物资管理品种目录	F038	延长管	禁用|耗材|个
卫生管理	WHCV09.00.405	疫情物资管理品种目录	F039	全自动红外测温仪	禁用|耗材|台
卫生管理	WHCV09.00.405	疫情物资管理品种目录	F040	次氯酸消毒剂	禁用|消毒用品|升
卫生管理	WHCV09.00.405	疫情物资管理品种目录	F041	过碳酸钠消毒剂	禁用|消毒用品|升
卫生管理	WHCV09.00.405	疫情物资管理品种目录	F042	酚类消毒剂	禁用|消毒用品|升
卫生管理	WHCV09.00.405	疫情物资管理品种目录	F043	含漠消毒剂	禁用|消毒用品|升
卫生管理	WHCV09.00.405	疫情物资管理品种目录	F044	季铁盐类消毒剂	禁用|消毒用品|升
卫生管理	WHCV09.00.405	疫情物资管理品种目录	F045	二氧化氯消毒剂	禁用|消毒用品|升
卫生管理	WHCV09.00.405	疫情物资管理品种目录	F046	血气分析仪	禁用|医疗设备|台
卫生管理	WHCV09.00.405	疫情物资管理品种目录	F047	彩超	禁用|医疗设备|台
卫生管理	WHCV09.00.405	疫情物资管理品种目录	F048	CT	禁用|医疗设备|台
卫生管理	WHCV09.00.405	疫情物资管理品种目录	F049	手持式红外测温仪	禁用|其他|台
卫生管理	WHCV09.00.405	疫情物资管理品种目录	F050	96孔基因扩增仪	启用|医疗设备及耗材|台
卫生管理	WHCV09.00.405	疫情物资管理品种目录	F051	96孔核酸提取仪	启用|医疗设备及耗材|台
卫生管理	WHCV09.00.405	疫情物资管理品种目录	F052	核酸检测试剂	启用|核酸检测用品|人份
卫生管理	WHCV09.00.405	疫情物资管理品种目录	F053	一次性手术衣	启用|防护用品|件
卫生管理	WHCV09.00.405	疫情物资管理品种目录	F054	护目镜	启用|防护用品|副
卫生管理	WHCV09.00.405	疫情物资管理品种目录	F055	面罩	启用|防护用品|个
卫生管理	WHCV09.00.405	疫情物资管理品种目录	F056	一次性乳胶手套	启用|防护用品|双
卫生管理	WHCV09.00.405	疫情物资管理品种目录	F057	一次性丁腈手套	启用|防护用品|双
卫生管理	WHCV09.00.405	疫情物资管理品种目录	F058	一次性薄膜手套	启用|防护用品|双
卫生管理	WHCV09.00.405	疫情物资管理品种目录	F059	一次性隔离鞋套	启用|防护用品|双
卫生管理	WHCV09.00.405	疫情物资管理品种目录	F060	一次性防护帽	启用|防护用品|个
卫生管理	WHCV09.00.405	疫情物资管理品种目录	F061	水银体温计	启用|防护用品|支
卫生管理	WHCV09.00.405	疫情物资管理品种目录	F062	额温枪	启用|防护用品|把
卫生管理	WHCV09.00.405	疫情物资管理品种目录	F063	红外体温计	启用|防护用品|台
卫生管理	WHCV09.00.405	疫情物资管理品种目录	F064	核酸提取液	启用|核酸检测用品|人份
卫生管理	WHCV09.00.405	疫情物资管理品种目录	F065	咽拭子采样套装	启用|核酸检测用品|份
卫生管理	WHCV09.00.405	疫情物资管理品种目录	F066	咽拭子	启用|核酸检测用品|支
卫生管理	WHCV09.00.405	疫情物资管理品种目录	F067	新冠病毒抗体检测试剂	启用|核酸检测用品|人份
卫生管理	WHCV09.00.405	疫情物资管理品种目录	F068	免洗手消毒液	启用|消杀产品|升
卫生管理	WHCV09.00.405	疫情物资管理品种目录	F069	呼吸机	启用|医疗设备及耗材|台
卫生管理	WHCV09.00.405	疫情物资管理品种目录	F070	心肺复苏机	启用|医疗设备及耗材|台
卫生管理	WHCV09.00.405	疫情物资管理品种目录	F071	床旁彩超	启用|医疗设备及耗材|台
卫生管理	WHCV09.00.405	疫情物资管理品种目录	F072	床旁血气分析仪	启用|医疗设备及耗材|台
卫生管理	WHCV09.00.405	疫情物资管理品种目录	F073	床旁血滤机	启用|医疗设备及耗材|台
卫生管理	WHCV09.00.405	疫情物资管理品种目录	F074	监护仪	启用|医疗设备及耗材|台
卫生管理	WHCV09.00.405	疫情物资管理品种目录	F075	车载CT	启用|医疗设备及耗材|台
卫生管理	WHCV09.00.405	疫情物资管理品种目录	F076	方舱CT	启用|医疗设备及耗材|台
卫生管理	WHCV09.00.405	疫情物资管理品种目录	F077	移动DR	启用|医疗设备及耗材|台
卫生管理	WHCV09.00.405	疫情物资管理品种目录	F078	POCT（床旁快速检测设备）	启用|医疗设备及耗材|台
卫生管理	WHCV09.00.405	疫情物资管理品种目录	F079	消杀车和采样车	启用|医疗设备及耗材|辆
卫生管理	WHCV09.00.405	疫情物资管理品种目录	F080	生物安全运输箱	启用|医疗设备及耗材|个
卫生管理	WHCV09.00.405	疫情物资管理品种目录	F081	普通口罩	启用|防护用品|只
卫生管理	WHCV09.00.405	疫情物资管理品种目录	F082	一次性医用口罩	启用|防护用品|只
卫生管理	WHCV09.00.405	疫情物资管理品种目录	F088	移动核酸检测实验室	启用|医疗设备及耗材|个
卫生管理	WHCV09.00.405	疫情物资管理品种目录	F089	高速全自动核酸提取仪	启用|医疗设备及耗材|台
卫生管理	WHCV09.00.405	疫情物资管理品种目录	F090	实时荧光定量PCR仪	启用|医疗设备及耗材|台
卫生管理	WHCV09.00.405	疫情物资管理品种目录	F091	生物安全柜	启用|医疗设备及耗材|台
卫生管理	WHCV09.00.405	疫情物资管理品种目录	F092	立式压力蒸汽灭菌器	启用|医疗设备及耗材|个
卫生管理	WHCV09.00.405	疫情物资管理品种目录	F093	基因测序仪	启用|医疗设备及耗材|台
卫生管理	WHCV09.00.405	疫情物资管理品种目录	F094	α-干扰素	启用|治疗药品|支
卫生管理	WHCV09.00.405	疫情物资管理品种目录	F095	利巴韦林	启用|治疗药品|盒
卫生管理	WHCV09.00.405	疫情物资管理品种目录	F096	阿比多尔	启用|治疗药品|盒
卫生管理	WHCV09.00.405	疫情物资管理品种目录	F097	托珠单抗	启用|治疗药品|支
卫生管理	WHCV09.00.405	疫情物资管理品种目录	F098	磷酸氯喹片	启用|治疗药品|盒
卫生管理	WHCV09.00.405	疫情物资管理品种目录	F099	甲泼尼龙	启用|治疗药品|支
卫生管理	WHCV09.00.405	疫情物资管理品种目录	F100	洛匹那韦/利托那韦	启用|治疗药品|盒
卫生管理	WHCV09.00.406	医师来源	0	院内医师	
卫生管理	WHCV09.00.406	医师来源	1	医联体单位	
卫生管理	WHCV09.00.406	医师来源	9	其他	
卫生管理	WHCV09.00.409	手术部位感染名称代码	1	无	
卫生管理	WHCV09.00.409	手术部位感染名称代码	2	切口浅部感染	
卫生管理	WHCV09.00.409	手术部位感染名称代码	3	切口深部感染	
卫生管理	WHCV09.00.409	手术部位感染名称代码	4	器官和腔隙感染	
卫生管理	WHCV09.00.410	医院感染重点多重耐药细菌代码	M1	耐甲氧西林的金黄色葡萄球菌	
卫生管理	WHCV09.00.410	医院感染重点多重耐药细菌代码	M2	耐万古霉素的粪肠球菌	
卫生管理	WHCV09.00.410	医院感染重点多重耐药细菌代码	M3	耐万古霉素的屎肠球菌	
卫生管理	WHCV09.00.410	医院感染重点多重耐药细菌代码	M4	耐三、四代头孢菌素的大肠埃希菌	
卫生管理	WHCV09.00.410	医院感染重点多重耐药细菌代码	M5	耐三、四代头孢菌素的肺炎克雷伯 菌	
卫生管理	WHCV09.00.410	医院感染重点多重耐药细菌代码	M6	耐碳青霉烯类的大肠埃希菌	
卫生管理	WHCV09.00.410	医院感染重点多重耐药细菌代码	M7	耐碳青霉烯类的肺炎克雷伯菌	
卫生管理	WHCV09.00.410	医院感染重点多重耐药细菌代码	M8	耐碳青霉烯类的鲍曼不动杆菌	
卫生管理	WHCV09.00.410	医院感染重点多重耐药细菌代码	M9	耐碳青霉烯类的铜绿假单胞菌	
卫生管理	WHCV09.00.410	医院感染重点多重耐药细菌代码	N0	检出病原体，但未进行抗菌药物敏 感性试验	
卫生管理	WHCV09.00.410	医院感染重点多重耐药细菌代码	N1	病原体进行了抗菌药物敏感性试验， 但未符合以上九种定义中的任意一种	
卫生管理	WHCV09.00.411	病原学检验培养细菌耐药等级	1	敏感	
卫生管理	WHCV09.00.411	病原学检验培养细菌耐药等级	2	多耐药	
卫生管理	WHCV09.00.411	病原学检验培养细菌耐药等级	3	泛耐药	
卫生管理	WHCV09.00.411	病原学检验培养细菌耐药等级	4	全耐药	
卫生管理	WHCV09.00.412	病原学检验培养判定结果	1	检出	
卫生管理	WHCV09.00.412	病原学检验培养判定结果	2	未检出	
卫生管理	WHCV09.00.413	病原学培养类型	1	血培养	
卫生管理	WHCV09.00.413	病原学培养类型	2	痰培养	
卫生管理	WHCV09.00.413	病原学培养类型	3	尿培养	
卫生管理	WHCV09.00.413	病原学培养类型	4	便培养	
卫生管理	WHCV09.00.413	病原学培养类型	5	静脉导管培养	
卫生管理	WHCV09.00.413	病原学培养类型	6	胸水培养	
卫生管理	WHCV09.00.413	病原学培养类型	7	腹水培养	
卫生管理	WHCV09.00.413	病原学培养类型	8	脑脊液培养	
卫生管理	WHCV09.00.413	病原学培养类型	9	关节液培养	
卫生管理	WHCV09.00.413	病原学培养类型	10	其他菌培养	
卫生管理	WHCV09.00.414	病原学检验的结果代码	1	无菌生长	
卫生管理	WHCV09.00.414	病原学检验的结果代码	2	培养出病原体的标准名称	
卫生管理	WHCV09.00.414	病原学检验的结果代码	3	阴性	
卫生管理	WHCV09.00.414	病原学检验的结果代码	9	病原体标准名称	
卫生管理	WHCV09.00.415	感染相关标记物和白细胞检验项目类型名称代码	1	C 反应蛋白	
卫生管理	WHCV09.00.415	感染相关标记物和白细胞检验项目类型名称代码	2	降钙素原	
卫生管理	WHCV09.00.415	感染相关标记物和白细胞检验项目类型名称代码	3	白介素-6	
卫生管理	WHCV09.00.415	感染相关标记物和白细胞检验项目类型名称代码	4	血沉	
卫生管理	WHCV09.00.415	感染相关标记物和白细胞检验项目类型名称代码	5	脑脊液白细胞	
卫生管理	WHCV09.00.415	感染相关标记物和白细胞检验项目类型名称代码	6	胸水常规白细胞	
卫生管理	WHCV09.00.415	感染相关标记物和白细胞检验项目类型名称代码	7	腹水常规白细胞	
卫生管理	WHCV09.00.415	感染相关标记物和白细胞检验项目类型名称代码	8	血常规白细胞	
卫生管理	WHCV09.00.415	感染相关标记物和白细胞检验项目类型名称代码	9	血常规中性粒细胞百分比	
卫生管理	WHCV09.00.415	感染相关标记物和白细胞检验项目类型名称代码	10	粪便常规白细胞	
卫生管理	WHCV09.00.415	感染相关标记物和白细胞检验项目类型名称代码	11	尿 白细胞	
卫生管理	WHCV09.00.415	感染相关标记物和白细胞检验项目类型名称代码	12	关节液白细胞	
卫生管理	WHCV09.00.415	感染相关标记物和白细胞检验项目类型名称代码	13	心包液白细胞	
卫生管理	WHCV09.00.415	感染相关标记物和白细胞检验项目类型名称代码	14	其他体液白细胞	
卫生管理	WHCV09.00.415	感染相关标记物和白细胞检验项目类型名称代码	15	G 试验	
卫生管理	WHCV09.00.415	感染相关标记物和白细胞检验项目类型名称代码	16	GM 试验	
卫生管理	WHCV09.00.415	感染相关标记物和白细胞检验项目类型名称代码	17	隐球菌荚膜抗原	
卫生管理	WHCV09.00.416	感染相关标记物检检验标本名称代码	100	血液	
卫生管理	WHCV09.00.416	感染相关标记物检检验标本名称代码	200	尿液	
卫生管理	WHCV09.00.416	感染相关标记物检检验标本名称代码	300	脑脊液	
卫生管理	WHCV09.00.416	感染相关标记物检检验标本名称代码	501	肺泡灌洗液	
卫生管理	WHCV09.00.416	感染相关标记物检检验标本名称代码	701	粪便	
卫生管理	WHCV09.00.416	感染相关标记物检检验标本名称代码	1701	胸水	
卫生管理	WHCV09.00.416	感染相关标记物检检验标本名称代码	1801	腹 水	
卫生管理	WHCV09.00.416	感染相关标记物检检验标本名称代码	1901	心包液	
卫生管理	WHCV09.00.416	感染相关标记物检检验标本名称代码	2001	关节液	
卫生管理	WHCV09.00.416	感染相关标记物检检验标本名称代码	9900	其他体液	
卫生管理	WHCV09.00.417	手卫生洗手时机代码表	1	接触患者前	
卫生管理	WHCV09.00.417	手卫生洗手时机代码表	2	清洁/无菌操作前	
卫生管理	WHCV09.00.417	手卫生洗手时机代码表	3	暴露患者体液风险后	
卫生管理	WHCV09.00.417	手卫生洗手时机代码表	4	接触患者后	
卫生管理	WHCV09.00.417	手卫生洗手时机代码表	5	接触患者周围环境后	
卫生管理	WHCV09.00.423	手卫生洗手方式代码表	1	卫生手消毒	
卫生管理	WHCV09.00.423	手卫生洗手方式代码表	2	外科手消毒	
卫生管理	WHCV09.00.423	手卫生洗手方式代码表	3	洗手	
卫生管理	WHCV09.00.423	手卫生洗手方式代码表	4	使用或更换手套	
卫生管理	WHCV09.00.423	手卫生洗手方式代码表	9	其他	
卫生管理	WHCV09.00.419	药品异常变动类型	01	盘增	药品库存盘点盘增的
卫生管理	WHCV09.00.419	药品异常变动类型	02	盘减	药品库存盘点盘减的
卫生管理	WHCV09.00.419	药品异常变动类型	03	报损	药房在各库房/药房转移过程中意外损毁的
卫生管理	WHCV09.00.420	特殊药品销毁来源	01	回收	来源于特殊药品使用登记回收业务
卫生管理	WHCV09.00.420	特殊药品销毁来源	02	报损	来源于特殊药品在各库房/药房转移过程中意外损毁的
卫生管理	WHCV09.00.418	区域类型代码	01	业务用地	
卫生管理	WHCV09.00.418	区域类型代码	02	办公用地	
卫生管理	WHCV09.00.418	区域类型代码	03	室外公共区域	
卫生管理	WHCV09.00.418	区域类型代码	04	商业区域	
卫生管理	WHCV09.00.418	区域类型代码	05	科研区域	
卫生管理	WHCV09.00.418	区域类型代码	06	教学区域	
卫生管理	WHCV09.00.418	区域类型代码	07	后勤保障区域	
卫生管理	WHCV09.00.418	区域类型代码	99	其他	
卫生管理	WHDB09.00.424	享受政策类型	1	门诊挂号费减免	
卫生管理	WHDB09.00.424	享受政策类型	2	住院费减免	
卫生管理	WHDB09.00.424	享受政策类型	3	体检减免	
卫生管理	WHDB09.00.425	库房类型	1	药库	
卫生管理	WHDB09.00.425	库房类型	2	药剂科药房	
卫生管理	WHDB09.00.425	库房类型	3	手术麻醉科药房	
卫生管理	WHDB09.00.425	库房类型	4	其他科室药房	
卫生管理	WHDB09.00.425	库房类型	5	血液制品库房	
卫生管理	WHDB09.00.426	库房服务类型	0	不直接服务于患者	
卫生管理	WHDB09.00.426	库房服务类型	1	直接服务门诊患者	
卫生管理	WHDB09.00.426	库房服务类型	2	直接服务住院患者	
卫生管理	WHDB09.00.426	库房服务类型	3	直接服务门诊和住院患者	
卫生管理	MD05.02.001	不良事件患者既往史代码表	01	吸烟史	
卫生管理	MD05.02.001	不良事件患者既往史代码表	02	饮酒史	
卫生管理	MD05.02.001	不良事件患者既往史代码表	03	妊娠期	
卫生管理	MD05.02.001	不良事件患者既往史代码表	04	肝病史	
卫生管理	MD05.02.001	不良事件患者既往史代码表	05	肾病史	
卫生管理	MD05.02.001	不良事件患者既往史代码表	06	过敏史	
卫生管理	MD05.02.001	不良事件患者既往史代码表	09	其他	
卫生管理	WHDB09.00.501	测量项目代码	1	体温	
卫生管理	WHDB09.00.501	测量项目代码	2	收缩压	
卫生管理	WHDB09.00.501	测量项目代码	3	舒张压	
卫生管理	WHDB09.00.501	测量项目代码	4	空腹血糖值	
卫生管理	WHDB09.00.501	测量项目代码	5	餐后血糖	
卫生管理	WHDB09.00.501	测量项目代码	6	身高	
卫生管理	WHDB09.00.501	测量项目代码	7	体重	
卫生管理	WHDB09.00.501	测量项目代码	8	呼吸频率	
卫生管理	WHDB09.00.501	测量项目代码	9	呼吸强度	
卫生管理	WHDB09.00.501	测量项目代码	10	心率	
卫生管理	WHDB09.00.501	测量项目代码	12	起搏器心率	
卫生管理	WHDB09.00.501	测量项目代码	13	腹围	
卫生管理	WHDB09.00.501	测量项目代码	14	腹泻次数	
卫生管理	WHDB09.00.501	测量项目代码	15	足背动脉搏动	
卫生管理	WHDB09.00.501	测量项目代码	99	其他	
